Tour,Year,ATP,Location,Tournament,Date,Series,Court,Surface,Round,Best of,Winner,Loser,WRank,LRank,WPts,LPts,W1,L1,W2,L2,W3,L3,W4,L4,W5,L5,Wsets,Lsets,Comment,B365W,B365L,EXW,EXL,LBW,LBL,PSW,PSL,MaxW,MaxL,AvgW,AvgL
ATP,2018,6,Melbourne,Australian Open,2018-01-15,Grand Slam,Outdoor,Hard,1st Round,5,Dolgopolov O.,Haider-Maurer A.,37,448.0,1296,81.0,7.0,6.0,6.0,3.0,6.0,4.0,,,,,3.0,0.0,Completed,1.04,13.0,1.02,10.0,1.05,10.0,1.03,18.28,1.06,21.25,1.03,13.72
ATP,2018,6,Melbourne,Australian Open,2018-01-15,Grand Slam,Outdoor,Hard,1st Round,5,Harrison R.,Sela D.,45,95.0,1115,585.0,6.0,3.0,5.0,7.0,3.0,6.0,7.0,5.0,6.0,2.0,3.0,2.0,Completed,1.3,3.5,1.3,3.2,1.33,3.4,1.37,3.39,1.38,3.5,1.33,3.31
ATP,2018,6,Melbourne,Australian Open,2018-01-15,Grand Slam,Outdoor,Hard,1st Round,5,Edmund K.,Anderson K.,49,12.0,992,2610.0,6.0,7.0,6.0,3.0,3.0,6.0,6.0,3.0,6.0,4.0,3.0,2.0,Completed,3.0,1.4,2.85,1.37,3.0,1.4,2.97,1.45,3.1,1.46,2.92,1.41
ATP,2018,6,Melbourne,Australian Open,2018-01-15,Grand Slam,Outdoor,Hard,1st Round,5,Carreno Busta P.,Kubler J.,11,243.0,2615,217.0,7.0,5.0,4.0,6.0,7.0,5.0,6.0,1.0,,,3.0,1.0,Completed,1.28,3.75,1.25,3.6,1.36,3.25,1.27,4.22,1.33,4.3,1.28,3.73
ATP,2018,6,Melbourne,Australian Open,2018-01-15,Grand Slam,Outdoor,Hard,1st Round,5,Cuevas P.,Youzhny M.,34,90.0,1345,604.0,7.0,6.0,6.0,3.0,7.0,5.0,,,,,3.0,0.0,Completed,1.72,2.1,1.6,2.2,1.61,2.25,1.77,2.18,1.77,2.45,1.64,2.27
ATP,2018,6,Melbourne,Australian Open,2018-01-15,Grand Slam,Outdoor,Hard,1st Round,5,Istomin D.,Herbert P.H.,60,74.0,848,690.0,6.0,2.0,6.0,1.0,5.0,7.0,7.0,6.0,,,3.0,1.0,Completed,1.66,2.2,1.65,2.1,1.73,2.1,1.71,2.27,1.76,2.28,1.68,2.18
ATP,2018,6,Melbourne,Australian Open,2018-01-15,Grand Slam,Outdoor,Hard,1st Round,5,Muller G.,Delbonis F.,28,67.0,1490,755.0,7.0,5.0,6.0,4.0,6.0,3.0,,,,,3.0,0.0,Completed,1.25,4.0,1.23,3.75,1.25,4.0,1.27,4.22,1.28,4.3,1.25,3.99
ATP,2018,6,Melbourne,Australian Open,2018-01-15,Grand Slam,Outdoor,Hard,1st Round,5,Seppi A.,Moutet C.,76,155.0,686,361.0,3.0,6.0,6.0,4.0,6.0,2.0,6.0,2.0,,,3.0,1.0,Completed,1.33,3.4,1.3,3.2,1.4,3.0,1.34,3.59,1.36,3.59,1.33,3.36
ATP,2018,6,Melbourne,Australian Open,2018-01-15,Grand Slam,Outdoor,Hard,1st Round,5,Rublev A.,Ferrer D.,32,33.0,1373,1360.0,7.0,5.0,6.0,7.0,6.0,2.0,6.0,7.0,6.0,2.0,3.0,2.0,Completed,1.9,1.9,1.8,1.9,2.0,1.8,1.9,2.01,2.15,2.01,1.88,1.92
ATP,2018,6,Melbourne,Australian Open,2018-01-15,Grand Slam,Outdoor,Hard,1st Round,5,Ebden M.,Isner J.,78,16.0,684,2265.0,6.0,4.0,3.0,6.0,6.0,3.0,6.0,3.0,,,3.0,1.0,Completed,3.5,1.3,3.1,1.32,4.0,1.25,3.6,1.34,3.6,1.39,3.24,1.34
ATP,2018,6,Melbourne,Australian Open,2018-01-15,Grand Slam,Outdoor,Hard,1st Round,5,Nishioka Y.,Kohlschreiber P.,168,29.0,318,1415.0,6.0,3.0,2.0,6.0,6.0,0.0,1.0,6.0,6.0,2.0,3.0,2.0,Completed,3.5,1.3,3.45,1.27,3.75,1.28,3.89,1.3,3.89,1.33,3.55,1.3
ATP,2018,6,Melbourne,Australian Open,2018-01-15,Grand Slam,Outdoor,Hard,1st Round,5,Troicki V.,Bolt A.,65,188.0,800,274.0,6.0,7.0,4.0,6.0,6.0,2.0,6.0,3.0,6.0,4.0,3.0,2.0,Completed,1.25,4.0,1.25,3.6,1.28,3.75,1.31,3.8,1.31,4.2,1.27,3.77
ATP,2018,6,Melbourne,Australian Open,2018-01-15,Grand Slam,Outdoor,Hard,1st Round,5,Shapovalov D.,Tsitsipas S.,50,82.0,986,655.0,6.0,1.0,6.0,3.0,7.0,6.0,,,,,3.0,0.0,Completed,1.72,2.1,1.65,2.1,1.8,2.0,1.77,2.18,1.77,2.25,1.71,2.14
ATP,2018,6,Melbourne,Australian Open,2018-01-15,Grand Slam,Outdoor,Hard,1st Round,5,Dimitrov G.,Novak D.,3,226.0,4990,232.0,6.0,3.0,6.0,2.0,6.0,1.0,,,,,3.0,0.0,Completed,1.01,21.0,1.01,11.5,,,1.02,22.73,1.03,26.86,1.01,17.22
ATP,2018,6,Melbourne,Australian Open,2018-01-15,Grand Slam,Outdoor,Hard,1st Round,5,Schwartzman D.,Lajovic D.,26,75.0,1675,687.0,2.0,6.0,6.0,3.0,5.0,7.0,6.0,4.0,11.0,9.0,3.0,2.0,Completed,1.25,4.0,1.22,3.85,1.3,3.5,1.27,4.21,1.3,4.33,1.26,3.9
ATP,2018,6,Melbourne,Australian Open,2018-01-15,Grand Slam,Outdoor,Hard,1st Round,5,Cilic M.,Pospisil V.,6,105.0,3805,541.0,6.0,2.0,6.0,2.0,4.0,6.0,7.0,6.0,,,3.0,1.0,Completed,1.12,6.0,1.11,5.6,,,1.14,6.71,1.16,6.79,1.13,5.95
ATP,2018,6,Melbourne,Australian Open,2018-01-15,Grand Slam,Outdoor,Hard,1st Round,5,Dzumhur D.,Lorenzi P.,30,44.0,1391,1120.0,3.0,6.0,2.0,6.0,7.0,6.0,6.0,2.0,6.0,4.0,3.0,2.0,Completed,1.66,2.2,1.65,2.1,1.73,2.1,1.68,2.32,1.85,2.38,1.74,2.11
ATP,2018,6,Melbourne,Australian Open,2018-01-15,Grand Slam,Outdoor,Hard,1st Round,5,Karlovic I.,Djere L.,89,85.0,615,624.0,7.0,6.0,6.0,3.0,7.0,6.0,,,,,3.0,0.0,Completed,1.9,1.9,1.8,1.9,1.67,2.2,1.99,1.92,1.99,2.05,1.88,1.92
ATP,2018,6,Melbourne,Australian Open,2018-01-15,Grand Slam,Outdoor,Hard,1st Round,5,Mcdonald M.,Ymer E.,186,140.0,277,398.0,6.0,4.0,6.0,3.0,4.0,6.0,6.0,1.0,,,3.0,1.0,Completed,1.9,1.9,1.85,1.85,,,1.95,1.95,2.0,1.95,1.91,1.89
ATP,2018,6,Melbourne,Australian Open,2018-01-15,Grand Slam,Outdoor,Hard,1st Round,5,Simon G.,Copil M.,57,92.0,860,592.0,7.0,5.0,6.0,4.0,6.0,3.0,,,,,3.0,0.0,Completed,1.4,3.0,1.35,2.95,1.2,4.5,1.41,3.18,1.43,3.3,1.38,3.07
ATP,2018,6,Melbourne,Australian Open,2018-01-15,Grand Slam,Outdoor,Hard,1st Round,5,Sugita Y.,Sock J.,41,9.0,1200,2960.0,6.0,1.0,7.0,6.0,5.0,7.0,6.0,3.0,,,3.0,1.0,Completed,3.0,1.4,2.8,1.38,3.0,1.4,2.95,1.46,3.05,1.46,2.88,1.41
ATP,2018,6,Melbourne,Australian Open,2018-01-15,Grand Slam,Outdoor,Hard,1st Round,5,Basilashvili N.,Melzer G.,61,102.0,836,545.0,6.0,3.0,6.0,4.0,2.0,6.0,6.0,3.0,,,3.0,1.0,Completed,1.5,2.62,1.45,2.55,1.57,2.37,1.54,2.66,1.55,2.76,1.5,2.59
ATP,2018,6,Melbourne,Australian Open,2018-01-15,Grand Slam,Outdoor,Hard,1st Round,5,Baghdatis M.,Bhambri Y.,123,119.0,474,487.0,7.0,6.0,6.0,4.0,6.0,3.0,,,,,3.0,0.0,Completed,1.72,2.1,1.72,2.0,,,1.86,2.05,2.15,2.15,1.79,2.02
ATP,2018,6,Melbourne,Australian Open,2018-01-15,Grand Slam,Outdoor,Hard,1st Round,5,Millman J.,Coric B.,122,46.0,476,1036.0,7.0,5.0,6.0,4.0,6.0,1.0,,,,,3.0,0.0,Completed,2.1,1.72,2.0,1.72,2.1,1.73,2.18,1.77,2.2,2.03,2.09,1.73
ATP,2018,6,Melbourne,Australian Open,2018-01-15,Grand Slam,Outdoor,Hard,1st Round,5,Mayer L.,Jarry N.,52,101.0,929,550.0,6.0,2.0,7.0,6.0,6.0,3.0,,,,,3.0,0.0,Completed,1.44,2.75,1.42,2.65,1.44,2.75,1.46,2.96,1.49,3.01,1.43,2.81
ATP,2018,6,Melbourne,Australian Open,2018-01-15,Grand Slam,Outdoor,Hard,1st Round,5,Ruud C.,Halys Q.,138,134.0,422,436.0,6.0,3.0,3.0,6.0,6.0,7.0,7.0,5.0,11.0,9.0,3.0,2.0,Completed,1.8,2.0,1.85,1.85,,,1.9,2.01,1.96,2.1,1.83,1.96
ATP,2018,6,Melbourne,Australian Open,2018-01-15,Grand Slam,Outdoor,Hard,1st Round,5,Bemelmans R.,Pouille L.,117,18.0,488,2235.0,6.0,4.0,6.0,4.0,6.0,7.0,7.0,6.0,,,3.0,1.0,Completed,5.0,1.16,4.4,1.17,,,5.39,1.19,5.39,1.22,4.68,1.19
ATP,2018,6,Melbourne,Australian Open,2018-01-15,Grand Slam,Outdoor,Hard,1st Round,5,Kyrgios N.,Dutra Silva R.,17,98.0,2260,566.0,6.0,1.0,6.0,2.0,6.0,4.0,,,,,3.0,0.0,Completed,1.02,19.0,1.01,11.5,,,1.03,19.17,1.03,26.1,1.02,16.22
ATP,2018,6,Melbourne,Australian Open,2018-01-15,Grand Slam,Outdoor,Hard,1st Round,5,Nadal R.,Estrella Burgos V.,1,79.0,10600,677.0,6.0,1.0,6.0,1.0,6.0,1.0,,,,,3.0,0.0,Completed,1.005,29.0,1.01,11.5,1.01,21.0,1.01,29.16,1.02,30.84,1.01,22.16
ATP,2018,6,Melbourne,Australian Open,2018-01-15,Grand Slam,Outdoor,Hard,1st Round,5,Jaziri M.,Caruso S.,100,210.0,560,254.0,6.0,7.0,3.0,6.0,6.0,3.0,7.0,5.0,6.0,3.0,3.0,2.0,Completed,1.66,2.2,1.62,2.15,,,1.72,2.25,2.0,2.25,1.77,2.05
ATP,2018,6,Melbourne,Australian Open,2018-01-15,Grand Slam,Outdoor,Hard,1st Round,5,Sousa J.,Brown D.,70,129.0,720,442.0,6.0,4.0,6.0,3.0,4.0,6.0,6.0,7.0,6.0,1.0,3.0,2.0,Completed,1.36,3.25,1.35,2.95,,,1.4,3.22,1.4,3.31,1.37,3.08
ATP,2018,6,Melbourne,Australian Open,2018-01-15,Grand Slam,Outdoor,Hard,1st Round,5,Tsonga J.W.,King K.,15,214.0,2320,248.0,6.0,4.0,6.0,4.0,6.0,1.0,,,,,3.0,0.0,Completed,1.08,8.0,1.08,6.5,,,1.1,8.67,1.12,8.67,1.09,7.22
ATP,2018,6,Melbourne,Australian Open,2018-01-16,Grand Slam,Outdoor,Hard,1st Round,5,Lacko L.,Raonic M.,86,23.0,621,1750.0,6.0,7.0,7.0,5.0,6.0,4.0,7.0,6.0,,,3.0,1.0,Completed,5.5,1.14,5.0,1.14,4.5,1.2,5.68,1.18,5.75,1.19,5.17,1.16
ATP,2018,6,Melbourne,Australian Open,2018-01-16,Grand Slam,Outdoor,Hard,1st Round,5,Vesely J.,Safranek V.,64,225.0,815,236.0,6.0,4.0,6.0,3.0,6.0,3.0,,,,,3.0,0.0,Completed,1.25,4.0,1.24,3.65,,,1.25,4.46,1.29,4.46,1.26,3.88
ATP,2018,6,Melbourne,Australian Open,2018-01-16,Grand Slam,Outdoor,Hard,1st Round,5,Fucsovics M.,Albot R.,80,87.0,674,618.0,6.0,2.0,6.0,3.0,4.0,6.0,7.0,5.0,,,3.0,1.0,Completed,1.44,2.75,1.4,2.75,1.44,2.75,1.46,2.93,1.48,3.02,1.44,2.8
ATP,2018,6,Melbourne,Australian Open,2018-01-16,Grand Slam,Outdoor,Hard,1st Round,5,Verdasco F.,Bautista Agut R.,40,21.0,1225,2015.0,6.0,1.0,7.0,5.0,7.0,5.0,,,,,3.0,0.0,Completed,2.75,1.44,2.8,1.38,3.0,1.4,3.02,1.44,3.26,1.48,2.85,1.42
ATP,2018,6,Melbourne,Australian Open,2018-01-16,Grand Slam,Outdoor,Hard,1st Round,5,Benneteau J.,Daniel T.,59,96.0,855,585.0,6.0,7.0,7.0,6.0,6.0,4.0,6.0,1.0,,,3.0,1.0,Completed,1.53,2.5,1.5,2.4,1.57,2.37,1.51,2.75,1.61,2.75,1.54,2.48
ATP,2018,6,Melbourne,Australian Open,2018-01-16,Grand Slam,Outdoor,Hard,1st Round,5,Mannarino A.,Berrettini M.,27,130.0,1625,442.0,6.0,4.0,6.0,4.0,6.0,4.0,,,,,3.0,0.0,Completed,1.3,3.5,1.27,3.45,,,1.31,3.81,1.32,4.1,1.29,3.6
ATP,2018,6,Melbourne,Australian Open,2018-01-16,Grand Slam,Outdoor,Hard,1st Round,5,Kicker N.,Thompson J.,93,99.0,590,564.0,6.0,3.0,6.0,1.0,4.0,6.0,3.0,6.0,6.0,3.0,3.0,2.0,Completed,5.5,1.14,5.0,1.14,4.5,1.2,6.2,1.16,6.2,1.18,5.44,1.15
ATP,2018,6,Melbourne,Australian Open,2018-01-16,Grand Slam,Outdoor,Hard,1st Round,5,Marterer M.,Stebe C.M.,94,83.0,587,645.0,6.0,0.0,6.0,3.0,6.0,4.0,,,,,3.0,0.0,Completed,1.53,2.5,1.5,2.4,1.57,2.37,1.59,2.52,1.59,2.63,1.53,2.5
ATP,2018,6,Melbourne,Australian Open,2018-01-16,Grand Slam,Outdoor,Hard,1st Round,5,Sonego L.,Haase R.,219,43.0,243,1175.0,6.0,3.0,7.0,5.0,6.0,7.0,7.0,5.0,,,3.0,1.0,Completed,3.75,1.28,3.35,1.28,,,3.53,1.35,4.0,1.35,3.51,1.3
ATP,2018,6,Melbourne,Australian Open,2018-01-16,Grand Slam,Outdoor,Hard,1st Round,5,Querrey S.,Lopez F.,13,38.0,2535,1295.0,6.0,3.0,6.0,4.0,6.0,2.0,,,,,3.0,0.0,Completed,1.72,2.1,1.72,2.0,1.73,2.1,1.81,2.11,1.81,2.27,1.74,2.09
ATP,2018,6,Melbourne,Australian Open,2018-01-16,Grand Slam,Outdoor,Hard,1st Round,5,Zverev A.,Fabbiano T.,4,73.0,4610,701.0,6.0,1.0,7.0,6.0,7.0,5.0,,,,,3.0,0.0,Completed,1.01,23.0,1.01,11.5,1.03,15.0,1.02,22.73,1.03,29.0,1.01,17.87
ATP,2018,6,Melbourne,Australian Open,2018-01-16,Grand Slam,Outdoor,Hard,1st Round,5,Goffin D.,Bachinger M.,7,182.0,3775,280.0,6.0,7.0,6.0,3.0,6.0,2.0,6.0,4.0,,,3.0,1.0,Completed,1.03,15.0,1.02,10.0,,,1.05,14.68,1.05,19.0,1.03,13.08
ATP,2018,6,Melbourne,Australian Open,2018-01-16,Grand Slam,Outdoor,Hard,1st Round,5,Gojowczyk P.,Kukushkin M.,62,69.0,827,730.0,6.0,3.0,6.0,3.0,6.0,1.0,,,,,3.0,0.0,Completed,1.53,2.5,1.5,2.4,1.57,2.37,1.55,2.63,1.61,2.69,1.54,2.48
ATP,2018,6,Melbourne,Australian Open,2018-01-16,Grand Slam,Outdoor,Hard,1st Round,5,Wawrinka S.,Berankis R.,8,136.0,3060,433.0,6.0,3.0,6.0,4.0,2.0,6.0,7.0,6.0,,,3.0,1.0,Completed,1.5,2.62,1.53,2.35,1.44,2.75,1.49,2.84,1.57,2.84,1.52,2.54
ATP,2018,6,Melbourne,Australian Open,2018-01-16,Grand Slam,Outdoor,Hard,1st Round,5,Ramos-Vinolas A.,Donaldson J.,22,54.0,1845,878.0,6.0,2.0,6.0,3.0,6.0,4.0,,,,,3.0,0.0,Completed,2.1,1.72,2.0,1.72,2.0,1.8,2.18,1.77,2.25,1.81,2.08,1.74
ATP,2018,6,Melbourne,Australian Open,2018-01-16,Grand Slam,Outdoor,Hard,1st Round,5,Donskoy E.,Mayer F.,72,68.0,710,733.0,6.0,4.0,6.0,4.0,6.0,4.0,,,,,3.0,0.0,Completed,1.57,2.37,1.57,2.25,1.73,2.1,1.67,2.36,1.67,2.39,1.63,2.28
ATP,2018,6,Melbourne,Australian Open,2018-01-16,Grand Slam,Outdoor,Hard,1st Round,5,Kudla D.,Johnson S.,190,48.0,272,1010.0,6.0,7.0,6.0,3.0,7.0,6.0,6.0,2.0,,,3.0,1.0,Completed,3.75,1.28,3.45,1.27,,,3.75,1.32,3.98,1.32,3.64,1.29
ATP,2018,6,Melbourne,Australian Open,2018-01-16,Grand Slam,Outdoor,Hard,1st Round,5,Djokovic N.,Young D.,14,63.0,2335,816.0,6.0,1.0,6.0,2.0,6.0,4.0,,,,,3.0,0.0,Completed,1.07,8.0,1.07,7.0,1.1,7.0,1.08,9.87,1.11,10.5,1.08,7.97
ATP,2018,6,Melbourne,Australian Open,2018-01-16,Grand Slam,Outdoor,Hard,1st Round,5,Sandgren T.,Chardy J.,97,84.0,583,640.0,6.0,4.0,7.0,6.0,6.0,2.0,,,,,3.0,0.0,Completed,2.1,1.72,2.0,1.72,2.75,1.44,2.11,1.81,2.17,1.85,2.06,1.76
ATP,2018,6,Melbourne,Australian Open,2018-01-16,Grand Slam,Outdoor,Hard,1st Round,5,Smyczek T.,Popyrin A.,131,550.0,441,55.0,6.0,3.0,6.0,7.0,6.0,3.0,6.0,3.0,,,3.0,1.0,Completed,1.28,3.75,1.23,3.75,1.3,3.5,1.26,4.31,1.3,4.4,1.25,3.98
ATP,2018,6,Melbourne,Australian Open,2018-01-16,Grand Slam,Outdoor,Hard,1st Round,5,Fognini F.,Zeballos H.,25,66.0,1715,768.0,6.0,4.0,6.0,4.0,7.0,5.0,,,,,3.0,0.0,Completed,1.22,4.33,1.2,4.1,1.25,4.0,1.24,4.65,1.25,4.75,1.22,4.34
ATP,2018,6,Melbourne,Australian Open,2018-01-16,Grand Slam,Outdoor,Hard,1st Round,5,Struff J.L.,Kwon S.W.,55,174.0,870,301.0,6.0,1.0,6.0,2.0,6.0,4.0,,,,,3.0,0.0,Completed,1.2,4.5,1.21,3.95,1.22,4.33,1.25,4.47,1.25,4.7,1.22,4.31
ATP,2018,6,Melbourne,Australian Open,2018-01-16,Grand Slam,Outdoor,Hard,1st Round,5,Medvedev D.,Kokkinakis T.,53,216.0,884,245.0,6.0,2.0,6.0,7.0,7.0,6.0,6.0,4.0,,,3.0,1.0,Completed,2.2,1.66,2.1,1.65,2.1,1.73,2.18,1.77,2.24,1.77,2.14,1.7
ATP,2018,6,Melbourne,Australian Open,2018-01-16,Grand Slam,Outdoor,Hard,1st Round,5,Monfils G.,Munar J.,39,187.0,1265,275.0,6.0,3.0,7.0,6.0,6.0,4.0,,,,,3.0,0.0,Completed,1.08,8.0,1.08,6.5,,,1.12,7.82,1.12,9.0,1.09,7.48
ATP,2018,6,Melbourne,Australian Open,2018-01-16,Grand Slam,Outdoor,Hard,1st Round,5,Gasquet R.,Kavcic B.,31,106.0,1375,540.0,6.0,1.0,6.0,4.0,7.0,5.0,,,,,3.0,0.0,Completed,1.03,15.0,1.03,9.0,1.06,9.0,1.07,10.98,1.07,17.0,1.03,12.51
ATP,2018,6,Melbourne,Australian Open,2018-01-16,Grand Slam,Outdoor,Hard,1st Round,5,Khachanov K.,Polansky P.,47,139.0,1030,401.0,7.0,6.0,7.0,6.0,6.0,4.0,,,,,3.0,0.0,Completed,1.2,4.5,1.18,4.3,,,1.21,4.97,1.26,4.97,1.21,4.42
ATP,2018,6,Melbourne,Australian Open,2018-01-16,Grand Slam,Outdoor,Hard,1st Round,5,Garcia-Lopez G.,Paire B.,71,42.0,720,1190.0,6.0,0.0,6.0,7.0,6.0,1.0,6.0,4.0,,,3.0,1.0,Completed,2.75,1.44,2.8,1.38,3.0,1.4,3.14,1.42,3.15,1.48,2.9,1.41
ATP,2018,6,Melbourne,Australian Open,2018-01-16,Grand Slam,Outdoor,Hard,1st Round,5,Chung H.,Zverev M.,58,35.0,857,1302.0,6.0,2.0,4.0,1.0,,,,,,,1.0,0.0,Retired,1.3,3.5,1.23,3.75,1.3,3.5,1.27,4.17,1.33,4.2,1.27,3.79
ATP,2018,6,Melbourne,Australian Open,2018-01-16,Grand Slam,Outdoor,Hard,1st Round,5,Berdych T.,De Minaur A.,20,127.0,2050,453.0,6.0,3.0,3.0,6.0,6.0,0.0,6.0,1.0,,,3.0,1.0,Completed,1.44,2.75,1.42,2.65,1.4,3.0,1.48,2.88,1.48,3.0,1.44,2.8
ATP,2018,6,Melbourne,Australian Open,2018-01-16,Grand Slam,Outdoor,Hard,1st Round,5,Federer R.,Bedene A.,2,51.0,9605,968.0,6.0,3.0,6.0,4.0,6.0,3.0,,,,,3.0,0.0,Completed,1.01,21.0,1.01,11.5,1.03,3.4,1.02,22.73,1.03,29.0,1.02,18.49
ATP,2018,6,Melbourne,Australian Open,2018-01-16,Grand Slam,Outdoor,Hard,1st Round,5,Thiem D.,Pella G.,5,56.0,4060,864.0,6.0,4.0,6.0,4.0,6.0,4.0,,,,,3.0,0.0,Completed,1.25,4.0,1.22,3.85,1.22,4.33,1.28,4.14,1.31,4.7,1.25,3.9
ATP,2018,6,Melbourne,Australian Open,2018-01-16,Grand Slam,Outdoor,Hard,1st Round,5,Del Potro J.M.,Tiafoe F.,10,81.0,2725,656.0,6.0,3.0,6.0,4.0,6.0,3.0,,,,,3.0,0.0,Completed,1.1,7.0,1.1,5.9,1.17,5.0,1.13,7.05,1.16,7.4,1.12,6.19
ATP,2018,6,Melbourne,Australian Open,2018-01-17,Grand Slam,Outdoor,Hard,2nd Round,5,Basilashvili N.,Bemelmans R.,61,117.0,836,488.0,7.0,5.0,6.0,1.0,6.0,3.0,,,,,3.0,0.0,Completed,1.72,2.1,1.72,2.0,,,1.79,2.14,1.9,2.15,1.78,2.03
ATP,2018,6,Melbourne,Australian Open,2018-01-17,Grand Slam,Outdoor,Hard,2nd Round,5,Muller G.,Jaziri M.,28,100.0,1490,560.0,7.0,5.0,6.0,4.0,6.0,7.0,3.0,6.0,6.0,2.0,3.0,2.0,Completed,1.12,6.0,1.1,5.9,,,1.12,7.71,1.15,7.71,1.11,6.44
ATP,2018,6,Melbourne,Australian Open,2018-01-17,Grand Slam,Outdoor,Hard,2nd Round,5,Seppi A.,Nishioka Y.,76,168.0,686,318.0,6.0,1.0,6.0,3.0,6.0,4.0,,,,,3.0,0.0,Completed,1.57,2.37,1.55,2.3,,,1.58,2.54,1.65,2.54,1.57,2.4
ATP,2018,6,Melbourne,Australian Open,2018-01-17,Grand Slam,Outdoor,Hard,2nd Round,5,Carreno Busta P.,Simon G.,11,57.0,2615,860.0,6.0,2.0,3.0,0.0,,,,,,,1.0,0.0,Retired,2.2,1.66,2.15,1.62,,,2.34,1.68,2.34,1.75,2.21,1.66
ATP,2018,6,Melbourne,Australian Open,2018-01-17,Grand Slam,Outdoor,Hard,2nd Round,5,Tsonga J.W.,Shapovalov D.,15,50.0,2320,986.0,3.0,6.0,6.0,3.0,1.0,6.0,7.0,6.0,7.0,5.0,3.0,2.0,Completed,1.61,2.3,1.57,2.25,,,1.56,2.6,1.67,2.6,1.59,2.36
ATP,2018,6,Melbourne,Australian Open,2018-01-17,Grand Slam,Outdoor,Hard,2nd Round,5,Edmund K.,Istomin D.,49,60.0,992,848.0,6.0,2.0,6.0,2.0,6.0,4.0,,,,,3.0,0.0,Completed,1.4,3.0,1.37,2.85,,,1.44,3.04,1.45,3.06,1.41,2.92
ATP,2018,6,Melbourne,Australian Open,2018-01-17,Grand Slam,Outdoor,Hard,2nd Round,5,Karlovic I.,Sugita Y.,89,41.0,615,1200.0,7.0,6.0,6.0,7.0,7.0,5.0,4.0,6.0,12.0,10.0,3.0,2.0,Completed,2.5,1.53,2.35,1.53,,,2.45,1.62,2.58,1.62,2.43,1.56
ATP,2018,6,Melbourne,Australian Open,2018-01-17,Grand Slam,Outdoor,Hard,2nd Round,5,Cilic M.,Sousa J.,6,70.0,3805,720.0,6.0,1.0,7.0,5.0,6.0,2.0,,,,,3.0,0.0,Completed,1.08,8.0,1.06,7.25,,,1.07,10.93,1.1,11.17,1.07,8.7
ATP,2018,6,Melbourne,Australian Open,2018-01-17,Grand Slam,Outdoor,Hard,2nd Round,5,Dzumhur D.,Millman J.,30,122.0,1391,476.0,7.0,5.0,3.0,6.0,6.0,4.0,6.0,1.0,,,3.0,1.0,Completed,2.37,1.57,2.3,1.55,,,2.4,1.65,2.5,1.65,2.36,1.59
ATP,2018,6,Melbourne,Australian Open,2018-01-17,Grand Slam,Outdoor,Hard,2nd Round,5,Harrison R.,Cuevas P.,45,34.0,1115,1345.0,6.0,4.0,7.0,6.0,6.0,4.0,,,,,3.0,0.0,Completed,1.61,2.25,1.55,2.3,,,1.59,2.52,1.67,2.52,1.6,2.33
ATP,2018,6,Melbourne,Australian Open,2018-01-17,Grand Slam,Outdoor,Hard,2nd Round,5,Nadal R.,Mayer L.,1,52.0,10600,929.0,6.0,3.0,6.0,4.0,7.0,6.0,,,,,3.0,0.0,Completed,1.02,17.0,1.01,11.5,,,1.03,17.65,1.05,19.56,1.03,14.6
ATP,2018,6,Melbourne,Australian Open,2018-01-17,Grand Slam,Outdoor,Hard,2nd Round,5,Schwartzman D.,Ruud C.,26,138.0,1675,422.0,6.0,4.0,6.0,2.0,6.0,3.0,,,,,3.0,0.0,Completed,1.25,4.0,1.23,3.75,,,1.29,4.04,1.29,4.5,1.23,4.1
ATP,2018,6,Melbourne,Australian Open,2018-01-17,Grand Slam,Outdoor,Hard,2nd Round,5,Rublev A.,Baghdatis M.,32,123.0,1373,474.0,6.0,4.0,6.0,7.0,6.0,4.0,6.0,2.0,,,3.0,1.0,Completed,1.44,2.75,1.37,2.85,,,1.42,3.11,1.46,3.5,1.39,2.97
ATP,2018,6,Melbourne,Australian Open,2018-01-17,Grand Slam,Outdoor,Hard,2nd Round,5,Kyrgios N.,Troicki V.,17,65.0,2260,800.0,7.0,5.0,6.0,4.0,7.0,6.0,,,,,3.0,0.0,Completed,1.06,10.0,1.04,8.5,,,1.07,11.52,1.08,11.7,1.06,9.63
ATP,2018,6,Melbourne,Australian Open,2018-01-17,Grand Slam,Outdoor,Hard,2nd Round,5,Dimitrov G.,Mcdonald M.,3,186.0,4990,277.0,4.0,6.0,6.0,2.0,6.0,4.0,0.0,6.0,8.0,6.0,3.0,2.0,Completed,1.02,19.0,1.01,11.5,,,1.02,22.73,1.04,22.73,1.02,15.98
ATP,2018,6,Melbourne,Australian Open,2018-01-17,Grand Slam,Outdoor,Hard,2nd Round,5,Dolgopolov O.,Ebden M.,37,78.0,1296,684.0,7.0,6.0,6.0,3.0,6.0,4.0,,,,,3.0,0.0,Completed,1.53,2.5,1.47,2.5,,,1.52,2.73,1.56,2.76,1.51,2.57
ATP,2018,6,Melbourne,Australian Open,2018-01-18,Grand Slam,Outdoor,Hard,2nd Round,5,Fucsovics M.,Querrey S.,80,13.0,674,2535.0,6.0,4.0,7.0,6.0,4.0,6.0,6.0,2.0,,,3.0,1.0,Completed,3.4,1.33,3.1,1.32,,,3.38,1.37,3.65,1.37,3.32,1.33
ATP,2018,6,Melbourne,Australian Open,2018-01-18,Grand Slam,Outdoor,Hard,2nd Round,5,Ramos-Vinolas A.,Smyczek T.,22,131.0,1845,441.0,6.0,4.0,6.0,2.0,7.0,6.0,,,,,3.0,0.0,Completed,1.44,2.75,1.4,2.75,,,1.47,2.89,1.5,3.13,1.42,2.86
ATP,2018,6,Melbourne,Australian Open,2018-01-18,Grand Slam,Outdoor,Hard,2nd Round,5,Thiem D.,Kudla D.,5,190.0,4060,272.0,6.0,7.0,3.0,6.0,6.0,3.0,6.0,2.0,6.0,3.0,3.0,2.0,Completed,1.06,10.0,1.05,7.75,,,1.08,10.58,1.1,11.0,1.07,8.69
ATP,2018,6,Melbourne,Australian Open,2018-01-18,Grand Slam,Outdoor,Hard,2nd Round,5,Kicker N.,Lacko L.,93,86.0,590,621.0,6.0,2.0,7.0,5.0,1.0,6.0,7.0,5.0,,,3.0,1.0,Completed,5.5,1.14,4.75,1.15,,,5.5,1.19,5.68,1.19,5.12,1.16
ATP,2018,6,Melbourne,Australian Open,2018-01-18,Grand Slam,Outdoor,Hard,2nd Round,5,Berdych T.,Garcia-Lopez G.,20,71.0,2050,720.0,6.0,3.0,2.0,6.0,6.0,2.0,6.0,3.0,,,3.0,1.0,Completed,1.14,5.5,1.14,5.0,,,1.17,5.77,1.2,5.94,1.15,5.38
ATP,2018,6,Melbourne,Australian Open,2018-01-18,Grand Slam,Outdoor,Hard,2nd Round,5,Mannarino A.,Vesely J.,27,64.0,1625,815.0,6.0,3.0,7.0,6.0,5.0,7.0,6.0,3.0,,,3.0,1.0,Completed,1.4,3.0,1.35,2.95,,,1.39,3.29,1.43,3.29,1.37,3.09
ATP,2018,6,Melbourne,Australian Open,2018-01-18,Grand Slam,Outdoor,Hard,2nd Round,5,Fognini F.,Donskoy E.,25,72.0,1715,710.0,2.0,6.0,6.0,3.0,6.0,4.0,6.0,1.0,,,3.0,1.0,Completed,1.3,3.5,1.3,3.2,,,1.37,3.41,1.37,3.65,1.33,3.34
ATP,2018,6,Melbourne,Australian Open,2018-01-18,Grand Slam,Outdoor,Hard,2nd Round,5,Del Potro J.M.,Khachanov K.,10,47.0,2725,1030.0,6.0,4.0,7.0,6.0,6.0,7.0,6.0,4.0,,,3.0,1.0,Completed,1.16,5.0,1.16,4.6,,,1.2,5.15,1.22,5.25,1.18,4.89
ATP,2018,6,Melbourne,Australian Open,2018-01-18,Grand Slam,Outdoor,Hard,2nd Round,5,Djokovic N.,Monfils G.,14,39.0,2335,1265.0,4.0,6.0,6.0,3.0,6.0,1.0,6.0,3.0,,,3.0,1.0,Completed,1.25,4.0,1.2,4.1,,,1.23,4.66,1.25,4.7,1.22,4.34
ATP,2018,6,Melbourne,Australian Open,2018-01-18,Grand Slam,Outdoor,Hard,2nd Round,5,Benneteau J.,Goffin D.,59,7.0,855,3775.0,1.0,6.0,7.0,6.0,6.0,1.0,7.0,6.0,,,3.0,1.0,Completed,8.0,1.08,6.25,1.09,,,7.04,1.13,8.0,1.13,7.05,1.1
ATP,2018,6,Melbourne,Australian Open,2018-01-18,Grand Slam,Outdoor,Hard,2nd Round,5,Chung H.,Medvedev D.,58,53.0,857,884.0,7.0,6.0,6.0,1.0,6.0,1.0,,,,,3.0,0.0,Completed,1.44,2.75,1.4,2.75,,,1.46,2.95,1.5,3.0,1.43,2.82
ATP,2018,6,Melbourne,Australian Open,2018-01-18,Grand Slam,Outdoor,Hard,2nd Round,5,Gasquet R.,Sonego L.,31,219.0,1375,243.0,6.0,2.0,6.0,2.0,6.0,3.0,,,,,3.0,0.0,Completed,1.1,7.0,1.11,5.6,,,1.14,6.9,1.15,7.81,1.11,6.46
ATP,2018,6,Melbourne,Australian Open,2018-01-18,Grand Slam,Outdoor,Hard,2nd Round,5,Marterer M.,Verdasco F.,94,40.0,587,1225.0,6.0,4.0,4.0,6.0,7.0,6.0,3.0,6.0,6.0,3.0,3.0,2.0,Completed,3.5,1.28,3.35,1.28,,,3.58,1.34,3.8,1.35,3.47,1.31
ATP,2018,6,Melbourne,Australian Open,2018-01-18,Grand Slam,Outdoor,Hard,2nd Round,5,Zverev A.,Gojowczyk P.,4,62.0,4610,827.0,6.0,1.0,6.0,3.0,4.0,6.0,6.0,3.0,,,3.0,1.0,Completed,1.16,5.0,1.17,4.4,,,1.2,5.24,1.22,5.24,1.18,4.77
ATP,2018,6,Melbourne,Australian Open,2018-01-18,Grand Slam,Outdoor,Hard,2nd Round,5,Sandgren T.,Wawrinka S.,97,8.0,583,3060.0,6.0,2.0,6.0,1.0,6.0,4.0,,,,,3.0,0.0,Completed,3.25,1.36,3.2,1.3,,,3.56,1.34,3.64,1.41,3.24,1.34
ATP,2018,6,Melbourne,Australian Open,2018-01-18,Grand Slam,Outdoor,Hard,2nd Round,5,Federer R.,Struff J.L.,2,55.0,9605,870.0,6.0,4.0,6.0,4.0,7.0,6.0,,,,,3.0,0.0,Completed,1.02,19.0,1.01,11.5,,,1.02,22.73,1.05,22.73,1.02,16.84
ATP,2018,6,Melbourne,Australian Open,2018-01-19,Grand Slam,Outdoor,Hard,3rd Round,5,Edmund K.,Basilashvili N.,49,61.0,992,836.0,7.0,6.0,3.0,6.0,4.0,6.0,6.0,0.0,7.0,5.0,3.0,2.0,Completed,1.22,4.33,1.2,4.1,,,1.25,4.59,1.28,4.6,1.23,4.19
ATP,2018,6,Melbourne,Australian Open,2018-01-19,Grand Slam,Outdoor,Hard,3rd Round,5,Carreno Busta P.,Muller G.,11,28.0,2615,1490.0,7.0,6.0,4.0,6.0,7.0,5.0,7.0,5.0,,,3.0,1.0,Completed,1.61,2.3,1.57,2.25,,,1.76,2.22,1.76,2.49,1.62,2.31
ATP,2018,6,Melbourne,Australian Open,2018-01-19,Grand Slam,Outdoor,Hard,3rd Round,5,Dimitrov G.,Rublev A.,3,32.0,4990,1373.0,6.0,3.0,4.0,6.0,6.0,4.0,6.0,4.0,,,3.0,1.0,Completed,1.44,2.75,1.42,2.65,,,1.46,2.99,1.54,2.99,1.45,2.74
ATP,2018,6,Melbourne,Australian Open,2018-01-19,Grand Slam,Outdoor,Hard,3rd Round,5,Seppi A.,Karlovic I.,76,89.0,686,615.0,6.0,3.0,7.0,6.0,6.0,7.0,6.0,7.0,9.0,7.0,3.0,2.0,Completed,1.53,2.5,1.53,2.35,,,1.68,2.36,1.68,2.56,1.56,2.42
ATP,2018,6,Melbourne,Australian Open,2018-01-19,Grand Slam,Outdoor,Hard,3rd Round,5,Schwartzman D.,Dolgopolov O.,26,37.0,1675,1296.0,6.0,7.0,6.0,2.0,6.0,3.0,6.0,3.0,,,3.0,1.0,Completed,2.1,1.72,2.0,1.72,,,2.19,1.78,2.27,1.79,2.1,1.74
ATP,2018,6,Melbourne,Australian Open,2018-01-19,Grand Slam,Outdoor,Hard,3rd Round,5,Kyrgios N.,Tsonga J.W.,17,15.0,2260,2320.0,7.0,6.0,4.0,6.0,7.0,6.0,7.0,6.0,,,3.0,1.0,Completed,1.4,3.0,1.35,2.95,,,1.38,3.36,1.45,3.5,1.36,3.15
ATP,2018,6,Melbourne,Australian Open,2018-01-19,Grand Slam,Outdoor,Hard,3rd Round,5,Nadal R.,Dzumhur D.,1,30.0,10600,1391.0,6.0,1.0,6.0,3.0,6.0,1.0,,,,,3.0,0.0,Completed,1.02,17.0,1.02,10.0,,,1.04,17.22,1.05,18.36,1.03,14.15
ATP,2018,6,Melbourne,Australian Open,2018-01-19,Grand Slam,Outdoor,Hard,3rd Round,5,Cilic M.,Harrison R.,6,45.0,3805,1115.0,7.0,6.0,6.0,3.0,7.0,6.0,,,,,3.0,0.0,Completed,1.14,5.5,1.13,5.2,,,1.15,6.55,1.18,6.55,1.14,5.82
ATP,2018,6,Melbourne,Australian Open,2018-01-20,Grand Slam,Outdoor,Hard,3rd Round,5,Sandgren T.,Marterer M.,97,94.0,583,587.0,5.0,7.0,6.0,3.0,7.0,5.0,7.0,6.0,,,3.0,1.0,Completed,2.2,1.66,2.25,1.57,2.2,1.67,2.36,1.68,2.44,1.78,2.25,1.65
ATP,2018,6,Melbourne,Australian Open,2018-01-20,Grand Slam,Outdoor,Hard,3rd Round,5,Thiem D.,Mannarino A.,5,27.0,4060,1625.0,6.0,4.0,6.0,2.0,7.0,5.0,,,,,3.0,0.0,Completed,1.3,3.5,1.3,3.2,1.33,3.4,1.36,3.54,1.36,3.72,1.33,3.37
ATP,2018,6,Melbourne,Australian Open,2018-01-20,Grand Slam,Outdoor,Hard,3rd Round,5,Fognini F.,Benneteau J.,25,59.0,1715,855.0,3.0,6.0,6.0,2.0,6.0,1.0,4.0,6.0,6.0,3.0,3.0,2.0,Completed,1.44,2.75,1.45,2.55,1.44,2.75,1.5,2.84,1.53,2.95,1.45,2.78
ATP,2018,6,Melbourne,Australian Open,2018-01-20,Grand Slam,Outdoor,Hard,3rd Round,5,Chung H.,Zverev A.,58,4.0,857,4610.0,5.0,7.0,7.0,6.0,2.0,6.0,6.0,3.0,6.0,0.0,3.0,2.0,Completed,2.25,1.61,2.35,1.53,2.25,1.61,2.59,1.58,2.59,1.7,2.32,1.62
ATP,2018,6,Melbourne,Australian Open,2018-01-20,Grand Slam,Outdoor,Hard,3rd Round,5,Fucsovics M.,Kicker N.,80,93.0,674,590.0,6.0,3.0,6.0,3.0,6.0,2.0,,,,,3.0,0.0,Completed,1.16,5.0,1.16,4.6,1.17,5.0,1.21,5.23,1.22,5.94,1.18,4.99
ATP,2018,6,Melbourne,Australian Open,2018-01-20,Grand Slam,Outdoor,Hard,3rd Round,5,Berdych T.,Del Potro J.M.,20,10.0,2050,2725.0,6.0,3.0,6.0,3.0,6.0,2.0,,,,,3.0,0.0,Completed,2.37,1.57,2.4,1.5,2.5,1.53,2.61,1.57,2.7,1.7,2.45,1.56
ATP,2018,6,Melbourne,Australian Open,2018-01-20,Grand Slam,Outdoor,Hard,3rd Round,5,Djokovic N.,Ramos-Vinolas A.,14,22.0,2335,1845.0,6.0,2.0,6.0,3.0,6.0,3.0,,,,,3.0,0.0,Completed,1.08,8.0,1.07,7.0,1.1,7.0,1.09,9.61,1.13,9.61,1.09,7.64
ATP,2018,6,Melbourne,Australian Open,2018-01-20,Grand Slam,Outdoor,Hard,3rd Round,5,Federer R.,Gasquet R.,2,31.0,9605,1375.0,6.0,2.0,7.0,5.0,6.0,4.0,,,,,3.0,0.0,Completed,1.07,9.0,1.05,7.75,1.08,7.5,1.08,10.98,1.1,11.5,1.07,8.94
ATP,2018,6,Melbourne,Australian Open,2018-01-21,Grand Slam,Outdoor,Hard,4th Round,5,Cilic M.,Carreno Busta P.,6,11.0,3805,2615.0,6.0,7.0,6.0,3.0,7.0,6.0,7.0,6.0,,,3.0,1.0,Completed,1.25,4.0,1.21,3.95,1.22,4.33,1.23,4.85,1.27,4.85,1.23,4.31
ATP,2018,6,Melbourne,Australian Open,2018-01-21,Grand Slam,Outdoor,Hard,4th Round,5,Nadal R.,Schwartzman D.,1,26.0,10600,1675.0,6.0,3.0,6.0,7.0,6.0,3.0,6.0,3.0,,,3.0,1.0,Completed,1.06,10.0,1.03,9.0,1.05,10.0,1.06,13.84,1.08,14.25,1.05,10.69
ATP,2018,6,Melbourne,Australian Open,2018-01-21,Grand Slam,Outdoor,Hard,4th Round,5,Edmund K.,Seppi A.,49,76.0,992,686.0,6.0,7.0,7.0,5.0,6.0,2.0,6.0,3.0,,,3.0,1.0,Completed,1.36,3.25,1.35,2.95,1.4,3.0,1.4,3.28,1.43,3.35,1.38,3.08
ATP,2018,6,Melbourne,Australian Open,2018-01-21,Grand Slam,Outdoor,Hard,4th Round,5,Dimitrov G.,Kyrgios N.,3,17.0,4990,2260.0,7.0,6.0,7.0,6.0,4.0,6.0,7.0,6.0,,,3.0,1.0,Completed,2.3,1.61,2.25,1.57,2.25,1.61,2.4,1.66,2.49,1.67,2.31,1.62
ATP,2018,6,Melbourne,Australian Open,2018-01-22,Grand Slam,Outdoor,Hard,4th Round,5,Berdych T.,Fognini F.,20,25.0,2050,1715.0,6.0,1.0,6.0,4.0,6.0,4.0,,,,,3.0,0.0,Completed,1.3,3.5,1.28,3.35,1.33,3.4,1.3,4.03,1.36,4.03,1.31,3.51
ATP,2018,6,Melbourne,Australian Open,2018-01-22,Grand Slam,Outdoor,Hard,4th Round,5,Federer R.,Fucsovics M.,2,80.0,9605,674.0,6.0,4.0,7.0,6.0,6.0,2.0,,,,,3.0,0.0,Completed,1.02,17.0,1.01,11.5,1.02,21.0,1.03,20.83,1.05,24.0,1.02,16.41
ATP,2018,6,Melbourne,Australian Open,2018-01-22,Grand Slam,Outdoor,Hard,4th Round,5,Sandgren T.,Thiem D.,97,5.0,583,4060.0,6.0,2.0,4.0,6.0,7.0,6.0,6.0,7.0,6.0,3.0,3.0,2.0,Completed,7.0,1.1,6.25,1.09,6.5,1.11,7.4,1.13,7.8,1.13,6.81,1.11
ATP,2018,6,Melbourne,Australian Open,2018-01-22,Grand Slam,Outdoor,Hard,4th Round,5,Chung H.,Djokovic N.,58,14.0,857,2335.0,7.0,6.0,7.0,5.0,7.0,6.0,,,,,3.0,0.0,Completed,4.0,1.25,3.75,1.23,4.0,1.25,4.4,1.26,4.5,1.29,4.06,1.25
ATP,2018,6,Melbourne,Australian Open,2018-01-23,Grand Slam,Outdoor,Hard,Quarterfinals,5,Edmund K.,Dimitrov G.,49,3.0,992,4990.0,6.0,4.0,3.0,6.0,6.0,3.0,6.0,4.0,,,3.0,1.0,Completed,3.75,1.28,3.45,1.27,3.5,1.28,3.83,1.32,4.0,1.35,3.68,1.29
ATP,2018,6,Melbourne,Australian Open,2018-01-23,Grand Slam,Outdoor,Hard,Quarterfinals,5,Cilic M.,Nadal R.,6,1.0,3805,10600.0,3.0,6.0,6.0,3.0,6.0,7.0,6.0,2.0,2.0,0.0,2.0,2.0,Retired,4.0,1.25,3.75,1.23,4.0,1.25,4.18,1.28,4.5,1.3,4.03,1.25
ATP,2018,6,Melbourne,Australian Open,2018-01-24,Grand Slam,Outdoor,Hard,Quarterfinals,5,Chung H.,Sandgren T.,58,97.0,857,583.0,6.0,4.0,7.0,6.0,6.0,3.0,,,,,3.0,0.0,Completed,1.25,4.0,1.24,3.65,1.25,4.0,1.29,4.13,1.32,4.2,1.27,3.87
ATP,2018,6,Melbourne,Australian Open,2018-01-24,Grand Slam,Outdoor,Hard,Quarterfinals,5,Federer R.,Berdych T.,2,20.0,9605,2050.0,7.0,6.0,6.0,3.0,6.0,4.0,,,,,3.0,0.0,Completed,1.14,5.5,1.15,4.75,1.17,5.0,1.18,5.8,1.2,6.0,1.17,5.22
ATP,2018,6,Melbourne,Australian Open,2018-01-25,Grand Slam,Outdoor,Hard,Semifinals,5,Cilic M.,Edmund K.,6,49.0,3805,992.0,6.0,2.0,7.0,6.0,6.0,2.0,,,,,3.0,0.0,Completed,1.33,3.4,1.28,3.35,1.3,3.5,1.33,3.83,1.36,3.9,1.31,3.52
ATP,2018,6,Melbourne,Australian Open,2018-01-26,Grand Slam,Outdoor,Hard,Semifinals,5,Federer R.,Chung H.,2,58.0,9605,857.0,6.0,1.0,5.0,2.0,,,,,,,1.0,0.0,Retired,1.12,6.0,1.14,5.0,1.17,5.0,1.17,6.22,1.21,6.5,1.16,5.55
ATP,2018,6,Melbourne,Australian Open,2018-01-28,Grand Slam,Outdoor,Hard,The Final,5,Federer R.,Cilic M.,2,6.0,9605,3805.0,6.0,2.0,6.0,7.0,6.0,3.0,3.0,6.0,6.0,1.0,3.0,2.0,Completed,1.22,4.5,1.21,3.95,1.25,4.33,1.25,4.66,1.3,4.75,1.23,4.37
ATP,2018,33,Paris,French Open,2018-05-27,Grand Slam,Outdoor,Clay,1st Round,5,Albot R.,Barrere G.,97,197.0,634,303.0,4.0,6.0,0.0,6.0,7.0,5.0,6.0,1.0,6.0,2.0,3.0,2.0,Completed,2.0,1.8,2.05,1.69,2.0,1.8,2.12,1.81,2.18,1.91,2.06,1.77
ATP,2018,33,Paris,French Open,2018-05-27,Grand Slam,Outdoor,Clay,1st Round,5,Dzumhur D.,Kudla D.,29,113.0,1415,471.0,6.0,4.0,6.0,2.0,6.0,2.0,,,,,3.0,0.0,Completed,1.44,2.75,1.47,2.49,1.5,2.62,1.48,2.86,1.54,3.02,1.46,2.72
ATP,2018,33,Paris,French Open,2018-05-27,Grand Slam,Outdoor,Clay,1st Round,5,Dimitrov G.,Safwat M.,5,182.0,4870,320.0,6.0,1.0,6.0,4.0,7.0,6.0,,,,,3.0,0.0,Completed,,,,,,,,,1.03,25.0,1.02,19.0
ATP,2018,33,Paris,French Open,2018-05-27,Grand Slam,Outdoor,Clay,1st Round,5,Donaldson J.,Jarry N.,57,61.0,910,888.0,6.0,3.0,4.0,6.0,3.0,6.0,6.0,3.0,6.0,4.0,3.0,2.0,Completed,2.75,1.44,2.55,1.45,2.62,1.5,2.8,1.5,2.86,1.55,2.67,1.48
ATP,2018,33,Paris,French Open,2018-05-27,Grand Slam,Outdoor,Clay,1st Round,5,Monfils G.,Benchetrit E.,37,306.0,1220,166.0,3.0,6.0,6.0,1.0,6.0,2.0,6.0,1.0,,,3.0,1.0,Completed,1.16,5.0,1.13,5.0,1.14,5.5,1.2,5.24,1.2,6.13,1.17,5.18
ATP,2018,33,Paris,French Open,2018-05-27,Grand Slam,Outdoor,Clay,1st Round,5,Klizan M.,Djere L.,117,101.0,463,596.0,7.0,6.0,4.0,6.0,7.0,6.0,6.0,1.0,,,3.0,1.0,Completed,1.5,2.62,1.48,2.46,1.53,2.5,1.46,2.95,1.57,2.95,1.51,2.58
ATP,2018,33,Paris,French Open,2018-05-27,Grand Slam,Outdoor,Clay,1st Round,5,Carreno Busta P.,Kovalik J.,11,146.0,2415,383.0,4.0,6.0,6.0,1.0,7.0,5.0,7.0,6.0,,,3.0,1.0,Completed,1.16,5.0,1.16,4.7,1.17,5.0,1.19,5.42,1.22,5.8,1.17,5.13
ATP,2018,33,Paris,French Open,2018-05-27,Grand Slam,Outdoor,Clay,1st Round,5,Nishikori K.,Janvier M.,21,307.0,1710,165.0,7.0,6.0,6.0,4.0,6.0,3.0,,,,,3.0,0.0,Completed,1.04,13.0,1.03,9.4,1.05,10.0,1.04,15.08,1.06,15.72,1.03,12.49
ATP,2018,33,Paris,French Open,2018-05-27,Grand Slam,Outdoor,Clay,1st Round,5,Moutet C.,Karlovic I.,141,92.0,398,665.0,7.0,6.0,6.0,2.0,7.0,6.0,,,,,3.0,0.0,Completed,2.1,1.72,2.14,1.63,2.1,1.73,2.27,1.71,2.3,1.77,2.18,1.69
ATP,2018,33,Paris,French Open,2018-05-27,Grand Slam,Outdoor,Clay,1st Round,5,Verdasco F.,Nishioka Y.,35,266.0,1280,207.0,6.0,7.0,6.0,4.0,6.0,3.0,6.0,7.0,7.0,5.0,3.0,2.0,Completed,1.25,4.0,1.25,3.6,1.25,4.0,1.25,4.46,1.29,4.55,1.25,4.05
ATP,2018,33,Paris,French Open,2018-05-27,Grand Slam,Outdoor,Clay,1st Round,5,Berrettini M.,Otte O.,96,156.0,639,351.0,3.0,6.0,7.0,5.0,6.0,2.0,6.0,1.0,,,3.0,1.0,Completed,1.61,2.3,1.59,2.22,1.61,2.25,1.65,2.4,1.69,2.4,1.63,2.3
ATP,2018,33,Paris,French Open,2018-05-27,Grand Slam,Outdoor,Clay,1st Round,5,Pouille L.,Medvedev D.,16,53.0,2030,974.0,6.0,2.0,6.0,3.0,6.0,4.0,,,,,3.0,0.0,Completed,1.2,4.5,1.2,4.1,1.22,4.33,1.22,4.85,1.3,4.85,1.22,4.37
ATP,2018,33,Paris,French Open,2018-05-27,Grand Slam,Outdoor,Clay,1st Round,5,Andreozzi G.,Fritz T.,108,68.0,506,849.0,6.0,7.0,6.0,3.0,3.0,6.0,6.0,2.0,6.0,3.0,3.0,2.0,Completed,1.5,2.62,1.49,2.46,1.53,2.5,1.54,2.66,1.57,2.66,1.51,2.57
ATP,2018,33,Paris,French Open,2018-05-27,Grand Slam,Outdoor,Clay,1st Round,5,Zverev A.,Berankis R.,3,102.0,5615,594.0,6.0,1.0,6.0,1.0,6.0,2.0,,,,,3.0,0.0,Completed,1.01,21.0,1.01,11.0,1.01,21.0,1.01,25.99,1.03,28.5,1.01,20.11
ATP,2018,33,Paris,French Open,2018-05-27,Grand Slam,Outdoor,Clay,1st Round,5,Goffin D.,Haase R.,9,44.0,3020,1155.0,4.0,6.0,4.0,6.0,6.0,4.0,6.0,1.0,6.0,0.0,3.0,2.0,Completed,1.14,5.5,1.13,5.0,1.14,5.5,1.16,6.28,1.17,6.28,1.15,5.52
ATP,2018,33,Paris,French Open,2018-05-27,Grand Slam,Outdoor,Clay,1st Round,5,Delbonis F.,Bellucci T.,69,278.0,835,201.0,6.0,1.0,6.0,3.0,3.0,6.0,6.0,1.0,,,3.0,1.0,Completed,1.53,2.5,1.47,2.5,1.53,2.5,1.53,2.71,1.58,2.71,1.51,2.56
ATP,2018,33,Paris,French Open,2018-05-28,Grand Slam,Outdoor,Clay,1st Round,5,Cecchinato M.,Copil M.,72,94.0,806,662.0,2.0,6.0,6.0,7.0,7.0,5.0,6.0,2.0,10.0,8.0,3.0,2.0,Completed,1.4,2.75,1.4,2.75,1.44,2.75,1.48,2.86,1.48,3.0,1.44,2.8
ATP,2018,33,Paris,French Open,2018-05-28,Grand Slam,Outdoor,Clay,1st Round,5,Garcia-Lopez G.,Wawrinka S.,67,30.0,850,1400.0,6.0,2.0,3.0,6.0,4.0,6.0,7.0,6.0,6.0,3.0,3.0,2.0,Completed,2.2,1.66,2.15,1.63,2.1,1.73,2.3,1.69,2.33,1.76,2.22,1.67
ATP,2018,33,Paris,French Open,2018-05-28,Grand Slam,Outdoor,Clay,1st Round,5,Paire B.,Carballes Baena R.,51,76.0,1020,753.0,6.0,3.0,6.0,7.0,7.0,6.0,6.0,1.0,,,3.0,1.0,Completed,1.4,3.0,1.36,2.9,1.4,3.0,1.4,3.22,1.44,3.22,1.38,3.04
ATP,2018,33,Paris,French Open,2018-05-28,Grand Slam,Outdoor,Clay,1st Round,5,Tsitsipas S.,Taberner C.,39,213.0,1212,278.0,7.0,5.0,6.0,7.0,6.0,4.0,6.0,3.0,,,3.0,1.0,Completed,1.14,5.5,1.09,6.2,1.11,6.5,1.11,8.05,1.14,8.5,1.1,7.07
ATP,2018,33,Paris,French Open,2018-05-28,Grand Slam,Outdoor,Clay,1st Round,5,Gulbis E.,Muller G.,160,34.0,342,1300.0,2.0,6.0,6.0,4.0,6.0,4.0,6.0,3.0,,,3.0,1.0,Completed,1.4,3.0,1.4,2.75,1.44,2.75,1.5,2.8,1.5,3.0,1.43,2.83
ATP,2018,33,Paris,French Open,2018-05-28,Grand Slam,Outdoor,Clay,1st Round,5,Khachanov K.,Haider-Maurer A.,38,412.0,1220,96.0,7.0,6.0,6.0,3.0,6.0,3.0,,,,,3.0,0.0,Completed,1.06,11.0,1.05,8.2,1.05,10.0,1.04,15.92,1.07,15.92,1.04,11.48
ATP,2018,33,Paris,French Open,2018-05-28,Grand Slam,Outdoor,Clay,1st Round,5,Trungelliti M.,Tomic B.,190,206.0,313,291.0,6.0,4.0,5.0,7.0,6.0,4.0,6.0,4.0,,,3.0,1.0,Completed,2.1,1.72,2.08,1.67,2.1,1.73,2.34,1.68,2.34,1.75,2.13,1.71
ATP,2018,33,Paris,French Open,2018-05-28,Grand Slam,Outdoor,Clay,1st Round,5,Norrie C.,Gojowczyk P.,85,43.0,682,1175.0,6.0,1.0,2.0,0.0,,,,,,,1.0,0.0,Retired,2.5,1.53,2.4,1.51,2.37,1.57,2.6,1.56,2.6,1.58,2.49,1.54
ATP,2018,33,Paris,French Open,2018-05-28,Grand Slam,Outdoor,Clay,1st Round,5,Lajovic D.,Vesely J.,60,80.0,894,720.0,6.0,3.0,6.0,1.0,6.0,3.0,,,,,3.0,0.0,Completed,1.44,2.75,1.42,2.65,1.44,2.75,1.48,2.86,1.48,2.94,1.45,2.77
ATP,2018,33,Paris,French Open,2018-05-28,Grand Slam,Outdoor,Clay,1st Round,5,Bautista Agut R.,Istomin D.,13,100.0,2120,602.0,6.0,2.0,6.0,7.0,1.0,6.0,6.0,4.0,6.0,4.0,3.0,2.0,Completed,1.08,9.0,1.07,6.8,1.08,7.5,1.09,9.01,1.1,9.6,1.08,8.35
ATP,2018,33,Paris,French Open,2018-05-28,Grand Slam,Outdoor,Clay,1st Round,5,Munar J.,Ferrer D.,155,41.0,356,1190.0,3.0,6.0,3.0,6.0,7.0,6.0,7.0,6.0,7.0,5.0,3.0,2.0,Completed,2.75,1.44,2.65,1.42,2.75,1.44,2.8,1.5,2.9,1.5,2.77,1.44
ATP,2018,33,Paris,French Open,2018-05-28,Grand Slam,Outdoor,Clay,1st Round,5,Djokovic N.,Dutra Silva R.,22,134.0,1665,421.0,6.0,3.0,6.0,4.0,6.0,4.0,,,,,3.0,0.0,Completed,1.06,11.0,1.05,8.0,1.05,10.0,1.06,12.02,1.07,12.5,1.05,10.45
ATP,2018,33,Paris,French Open,2018-05-28,Grand Slam,Outdoor,Clay,1st Round,5,Coric B.,Kohlschreiber P.,40,24.0,1200,1620.0,6.0,3.0,3.0,6.0,6.0,3.0,6.0,4.0,,,3.0,1.0,Completed,1.72,2.1,1.65,2.1,1.67,2.2,1.69,2.3,1.74,2.3,1.68,2.19
ATP,2018,33,Paris,French Open,2018-05-28,Grand Slam,Outdoor,Clay,1st Round,5,Thiem D.,Ivashka I.,8,119.0,3355,462.0,6.0,2.0,6.0,4.0,6.0,1.0,,,,,3.0,0.0,Completed,1.07,10.0,1.06,7.4,1.06,9.0,1.05,13.9,1.08,14.5,1.05,11.12
ATP,2018,33,Paris,French Open,2018-05-28,Grand Slam,Outdoor,Clay,1st Round,5,Giraldo S.,Baghdatis M.,315,84.0,159,689.0,3.0,6.0,3.0,4.0,,,,,,,0.0,1.0,Retired,1.44,2.75,1.44,2.6,1.44,2.75,1.43,3.05,1.51,3.05,1.45,2.77
ATP,2018,33,Paris,French Open,2018-05-28,Grand Slam,Outdoor,Clay,1st Round,5,Pavlasek A.,Basic M.,185,81.0,317,717.0,6.0,7.0,7.0,5.0,6.0,2.0,6.0,2.0,,,3.0,1.0,Completed,1.5,2.62,1.45,2.55,,,1.47,2.9,1.54,2.9,1.49,2.65
ATP,2018,33,Paris,French Open,2018-05-28,Grand Slam,Outdoor,Clay,1st Round,5,Ruud C.,Thompson J.,157,91.0,350,669.0,6.0,1.0,6.0,4.0,2.0,6.0,4.0,6.0,6.0,3.0,3.0,2.0,Completed,1.33,3.4,1.25,3.6,1.3,3.5,1.28,4.14,1.33,4.15,1.27,3.76
ATP,2018,33,Paris,French Open,2018-05-28,Grand Slam,Outdoor,Clay,1st Round,5,Simon G.,Basilashvili N.,65,77.0,870,747.0,6.0,4.0,6.0,0.0,6.0,7.0,6.0,4.0,,,3.0,1.0,Completed,1.57,2.37,1.53,2.34,1.57,2.37,1.56,2.6,1.62,2.63,1.56,2.44
ATP,2018,33,Paris,French Open,2018-05-28,Grand Slam,Outdoor,Clay,1st Round,5,Ramos-Vinolas A.,Kukushkin M.,36,83.0,1260,694.0,7.0,6.0,6.0,4.0,6.0,1.0,,,,,3.0,0.0,Completed,1.61,2.3,1.59,2.22,1.61,2.25,1.66,2.37,1.67,2.39,1.62,2.3
ATP,2018,33,Paris,French Open,2018-05-28,Grand Slam,Outdoor,Clay,1st Round,5,Jaziri M.,Youzhny M.,63,98.0,872,616.0,2.0,6.0,6.0,2.0,6.0,2.0,3.0,6.0,6.0,2.0,3.0,2.0,Completed,1.3,3.5,1.28,3.35,1.33,3.4,1.32,3.74,1.33,3.8,1.3,3.55
ATP,2018,33,Paris,French Open,2018-05-28,Grand Slam,Outdoor,Clay,1st Round,5,Querrey S.,Tiafoe F.,15,58.0,2095,903.0,6.0,1.0,6.0,2.0,7.0,6.0,,,,,3.0,0.0,Completed,2.1,1.72,2.07,1.68,2.1,1.73,2.2,1.75,2.21,1.77,2.13,1.72
ATP,2018,33,Paris,French Open,2018-05-28,Grand Slam,Outdoor,Clay,1st Round,5,Schwartzman D.,Hemery C.,12,130.0,2165,430.0,6.0,1.0,6.0,3.0,6.0,1.0,,,,,3.0,0.0,Completed,1.11,7.0,1.11,5.6,1.11,6.5,1.11,8.05,1.14,8.5,1.1,7.04
ATP,2018,33,Paris,French Open,2018-05-28,Grand Slam,Outdoor,Clay,1st Round,5,Gasquet R.,Seppi A.,32,50.0,1395,1045.0,6.0,0.0,6.0,2.0,6.0,2.0,,,,,3.0,0.0,Completed,1.36,3.2,1.32,3.1,1.36,3.25,1.33,3.64,1.39,3.64,1.35,3.26
ATP,2018,33,Paris,French Open,2018-05-29,Grand Slam,Outdoor,Clay,1st Round,5,Cuevas P.,Bedene A.,75,66.0,755,850.0,6.0,4.0,6.0,3.0,6.0,2.0,,,,,3.0,0.0,Completed,1.66,2.2,1.65,2.11,1.73,2.1,1.72,2.25,1.73,2.31,1.69,2.19
ATP,2018,33,Paris,French Open,2018-05-29,Grand Slam,Outdoor,Clay,1st Round,5,Cilic M.,Duckworth J.,4,1072.0,4950,8.0,6.0,3.0,7.0,5.0,7.0,6.0,,,,,3.0,0.0,Completed,1.01,21.0,1.01,12.0,1.01,21.0,1.01,25.99,1.03,28.4,1.01,19.49
ATP,2018,33,Paris,French Open,2018-05-29,Grand Slam,Outdoor,Clay,1st Round,5,Struff J.L.,Donskoy E.,71,79.0,830,726.0,6.0,1.0,6.0,3.0,6.0,0.0,,,,,3.0,0.0,Completed,1.4,3.0,1.34,3.0,1.4,3.0,1.38,3.33,1.44,3.33,1.38,3.1
ATP,2018,33,Paris,French Open,2018-05-29,Grand Slam,Outdoor,Clay,1st Round,5,Marterer M.,Harrison R.,70,56.0,831,920.0,6.0,1.0,6.0,3.0,7.0,5.0,,,,,3.0,0.0,Completed,1.66,2.2,1.63,2.14,1.61,2.25,1.71,2.27,1.71,2.33,1.67,2.21
ATP,2018,33,Paris,French Open,2018-05-29,Grand Slam,Outdoor,Clay,1st Round,5,Hurkacz H.,Sandgren T.,188,54.0,315,953.0,6.0,2.0,6.0,2.0,3.0,6.0,6.0,3.0,,,3.0,1.0,Completed,2.37,1.57,2.3,1.55,2.25,1.61,2.52,1.59,2.55,1.64,2.4,1.58
ATP,2018,33,Paris,French Open,2018-05-29,Grand Slam,Outdoor,Clay,1st Round,5,Shapovalov D.,Millman J.,25,59.0,1573,901.0,7.0,5.0,6.0,4.0,6.0,2.0,,,,,3.0,0.0,Completed,1.4,3.0,1.39,2.8,1.4,3.0,1.47,2.9,1.49,3.2,1.41,2.92
ATP,2018,33,Paris,French Open,2018-05-29,Grand Slam,Outdoor,Clay,1st Round,5,Anderson K.,Lorenzi P.,7,74.0,3635,780.0,6.0,1.0,6.0,2.0,6.0,4.0,,,,,3.0,0.0,Completed,1.11,7.0,1.11,5.6,1.11,6.5,1.12,7.73,1.15,7.73,1.11,6.55
ATP,2018,33,Paris,French Open,2018-05-29,Grand Slam,Outdoor,Clay,1st Round,5,Fabbiano T.,Ebden M.,115,73.0,466,794.0,6.0,4.0,5.0,7.0,6.0,2.0,3.0,6.0,6.0,2.0,3.0,2.0,Completed,1.3,3.5,1.28,3.35,1.33,3.4,1.31,3.85,1.35,3.85,1.3,3.49
ATP,2018,33,Paris,French Open,2018-05-29,Grand Slam,Outdoor,Clay,1st Round,5,Isner J.,Rubin N.,10,173.0,2980,327.0,6.0,3.0,7.0,6.0,7.0,6.0,,,,,3.0,0.0,Completed,1.16,5.0,1.19,4.2,1.01,23.0,1.14,6.69,1.04,23.0,1.03,16.14
ATP,2018,33,Paris,French Open,2018-05-29,Grand Slam,Outdoor,Clay,1st Round,5,Fucsovics M.,Pospisil V.,45,88.0,1122,673.0,6.0,3.0,6.0,3.0,7.0,6.0,,,,,3.0,0.0,Completed,1.16,5.0,1.17,4.4,1.17,5.0,1.19,5.42,1.21,5.5,1.18,5.07
ATP,2018,33,Paris,French Open,2018-05-29,Grand Slam,Outdoor,Clay,1st Round,5,Fognini F.,Andujar P.,18,128.0,1940,431.0,6.0,4.0,6.0,2.0,6.0,1.0,,,,,3.0,0.0,Completed,1.3,3.5,1.31,3.15,1.3,3.5,1.36,3.48,1.37,3.6,1.33,3.35
ATP,2018,33,Paris,French Open,2018-05-29,Grand Slam,Outdoor,Clay,1st Round,5,Edmund K.,De Minaur A.,17,105.0,1950,541.0,6.0,2.0,6.0,4.0,6.0,3.0,,,,,3.0,0.0,Completed,1.12,6.0,1.12,5.2,1.12,6.0,1.12,7.42,1.16,7.42,1.12,6.45
ATP,2018,33,Paris,French Open,2018-05-29,Grand Slam,Outdoor,Clay,1st Round,5,Zeballos H.,Sugita Y.,103,48.0,590,1070.0,6.0,4.0,6.0,7.0,6.0,4.0,6.0,2.0,,,3.0,1.0,Completed,1.44,2.75,1.41,2.7,1.4,2.75,1.47,2.93,1.47,3.49,1.43,2.84
ATP,2018,33,Paris,French Open,2018-05-29,Grand Slam,Outdoor,Clay,1st Round,5,Pella G.,Sousa J.,78,49.0,728,1051.0,6.0,2.0,6.0,3.0,6.0,4.0,,,,,3.0,0.0,Completed,2.0,1.8,1.88,1.83,1.91,1.91,1.92,1.99,2.0,1.99,1.93,1.87
ATP,2018,33,Paris,French Open,2018-05-29,Grand Slam,Outdoor,Clay,1st Round,5,Bemelmans R.,Bhambri Y.,110,93.0,490,665.0,6.0,4.0,6.0,4.0,6.0,1.0,,,,,3.0,0.0,Completed,1.9,1.9,1.81,1.89,1.91,1.91,1.87,2.04,1.97,2.04,1.86,1.95
ATP,2018,33,Paris,French Open,2018-05-29,Grand Slam,Outdoor,Clay,1st Round,5,Johnson S.,Mannarino A.,46,26.0,1110,1535.0,7.0,6.0,6.0,2.0,6.0,2.0,,,,,3.0,0.0,Completed,1.5,2.62,1.45,2.6,1.44,2.75,1.5,2.8,1.52,2.8,1.48,2.68
ATP,2018,33,Paris,French Open,2018-05-29,Grand Slam,Outdoor,Clay,1st Round,5,Nadal R.,Bolelli S.,1,129.0,8770,430.0,6.0,4.0,6.0,3.0,7.0,6.0,,,,,3.0,0.0,Completed,1.005,29.0,1.01,12.0,1.0,41.0,1.01,32.24,1.02,29.0,1.02,25.0
ATP,2018,33,Paris,French Open,2018-05-29,Grand Slam,Outdoor,Clay,1st Round,5,Zopp J.,Sock J.,136,14.0,418,2110.0,6.0,7.0,6.0,2.0,4.0,6.0,7.0,6.0,6.0,3.0,3.0,2.0,Completed,4.0,1.25,4.2,1.19,4.33,1.22,4.85,1.22,4.85,1.25,4.52,1.21
ATP,2018,33,Paris,French Open,2018-05-29,Grand Slam,Outdoor,Clay,1st Round,5,Ymer E.,Sela D.,122,104.0,453,572.0,7.0,6.0,6.0,3.0,6.0,1.0,,,,,3.0,0.0,Completed,1.14,5.5,1.13,5.0,1.17,5.0,1.17,6.02,1.18,6.15,1.15,5.47
ATP,2018,33,Paris,French Open,2018-05-29,Grand Slam,Outdoor,Clay,1st Round,5,Zverev M.,Mayer F.,64,90.0,870,671.0,6.0,2.0,6.0,1.0,7.0,6.0,,,,,3.0,0.0,Completed,1.44,2.75,1.37,2.85,1.4,3.0,1.4,3.22,1.45,3.22,1.4,3.01
ATP,2018,33,Paris,French Open,2018-05-29,Grand Slam,Outdoor,Clay,1st Round,5,Del Potro J.M.,Mahut N.,6,116.0,4450,465.0,1.0,6.0,6.0,1.0,6.0,2.0,6.0,4.0,,,3.0,1.0,Completed,1.12,6.0,1.1,6.0,1.11,6.5,1.13,7.31,1.14,7.51,1.11,6.53
ATP,2018,33,Paris,French Open,2018-05-29,Grand Slam,Outdoor,Clay,1st Round,5,Stakhovsky S.,Lopez F.,127,33.0,433,1375.0,6.0,2.0,6.0,4.0,6.0,2.0,,,,,3.0,0.0,Completed,3.75,1.28,3.8,1.23,3.75,1.28,4.32,1.26,4.32,1.3,3.97,1.25
ATP,2018,33,Paris,French Open,2018-05-30,Grand Slam,Outdoor,Clay,1st Round,5,Benneteau J.,Mayer L.,62,42.0,882,1186.0,2.0,6.0,7.0,6.0,6.0,2.0,6.0,3.0,,,3.0,1.0,Completed,3.75,1.28,3.7,1.24,3.5,1.3,4.22,1.27,4.22,1.3,3.9,1.25
ATP,2018,33,Paris,French Open,2018-05-30,Grand Slam,Outdoor,Clay,1st Round,5,Herbert P.H.,Polansky P.,87,124.0,680,449.0,6.0,3.0,4.0,6.0,6.0,2.0,6.0,2.0,,,3.0,1.0,Completed,1.3,3.5,1.25,3.6,1.28,3.5,1.29,4.05,1.3,4.08,1.27,3.79
ATP,2018,33,Paris,French Open,2018-05-30,Grand Slam,Outdoor,Clay,1st Round,5,Chardy J.,Berdych T.,86,20.0,680,1750.0,7.0,6.0,7.0,6.0,1.0,6.0,5.0,7.0,6.0,2.0,3.0,2.0,Completed,2.62,1.5,2.49,1.47,2.5,1.53,2.75,1.51,2.75,1.56,2.58,1.51
ATP,2018,33,Paris,French Open,2018-05-30,Grand Slam,Outdoor,Clay,2nd Round,5,Carreno Busta P.,Delbonis F.,11,69.0,2415,835.0,7.0,6.0,7.0,6.0,3.0,6.0,6.0,4.0,,,3.0,1.0,Completed,1.4,3.0,1.39,2.75,1.44,2.75,1.5,2.8,1.5,3.07,1.42,2.86
ATP,2018,33,Paris,French Open,2018-05-30,Grand Slam,Outdoor,Clay,2nd Round,5,Cecchinato M.,Trungelliti M.,72,190.0,806,313.0,6.0,1.0,7.0,6.0,6.0,1.0,,,,,3.0,0.0,Completed,1.53,2.5,1.48,2.47,1.53,2.5,1.56,2.6,1.57,2.66,1.52,2.54
ATP,2018,33,Paris,French Open,2018-05-30,Grand Slam,Outdoor,Clay,2nd Round,5,Dzumhur D.,Albot R.,29,97.0,1415,634.0,6.0,3.0,6.0,3.0,5.0,7.0,1.0,6.0,7.0,5.0,3.0,2.0,Completed,1.28,3.75,1.26,3.45,1.3,3.4,1.29,4.05,1.33,4.05,1.29,3.68
ATP,2018,33,Paris,French Open,2018-05-30,Grand Slam,Outdoor,Clay,2nd Round,5,Bautista Agut R.,Giraldo S.,13,315.0,2120,159.0,6.0,4.0,7.0,5.0,6.0,3.0,,,,,3.0,0.0,Completed,1.16,5.0,1.16,4.7,1.17,5.0,1.21,5.0,1.21,5.6,1.18,4.83
ATP,2018,33,Paris,French Open,2018-05-30,Grand Slam,Outdoor,Clay,2nd Round,5,Djokovic N.,Munar J.,22,155.0,1665,356.0,7.0,6.0,6.0,4.0,6.0,4.0,,,,,3.0,0.0,Completed,1.07,9.0,1.04,8.6,1.05,10.0,1.05,13.44,1.07,13.5,1.05,10.88
ATP,2018,33,Paris,French Open,2018-05-30,Grand Slam,Outdoor,Clay,2nd Round,5,Verdasco F.,Andreozzi G.,35,108.0,1280,506.0,6.0,3.0,6.0,2.0,6.0,2.0,,,,,3.0,0.0,Completed,1.8,2.0,1.75,1.96,1.8,2.0,1.85,2.07,1.91,2.11,1.8,2.02
ATP,2018,33,Paris,French Open,2018-05-30,Grand Slam,Outdoor,Clay,2nd Round,5,Dimitrov G.,Donaldson J.,5,57.0,4870,910.0,6.0,7.0,6.0,4.0,4.0,6.0,6.0,4.0,10.0,8.0,3.0,2.0,Completed,1.14,5.5,1.12,5.2,1.12,6.0,1.15,6.35,1.17,6.38,1.14,5.71
ATP,2018,33,Paris,French Open,2018-05-30,Grand Slam,Outdoor,Clay,2nd Round,5,Zverev A.,Lajovic D.,3,60.0,5615,894.0,2.0,6.0,7.0,5.0,4.0,6.0,6.0,1.0,6.0,2.0,3.0,2.0,Completed,1.08,9.0,1.07,7.0,1.08,7.5,1.09,9.35,1.11,9.5,1.08,8.19
ATP,2018,33,Paris,French Open,2018-05-30,Grand Slam,Outdoor,Clay,2nd Round,5,Nishikori K.,Paire B.,21,51.0,1710,1020.0,6.0,3.0,2.0,6.0,4.0,6.0,6.0,2.0,6.0,3.0,3.0,2.0,Completed,1.22,4.33,1.2,4.1,1.25,4.0,1.24,4.55,1.28,4.73,1.23,4.28
ATP,2018,33,Paris,French Open,2018-05-30,Grand Slam,Outdoor,Clay,2nd Round,5,Berrettini M.,Gulbis E.,96,160.0,639,342.0,6.0,2.0,3.0,6.0,6.0,4.0,6.0,3.0,,,3.0,1.0,Completed,2.1,1.72,2.04,1.69,2.1,1.73,2.07,1.85,2.2,1.85,2.1,1.74
ATP,2018,33,Paris,French Open,2018-05-30,Grand Slam,Outdoor,Clay,2nd Round,5,Goffin D.,Moutet C.,9,141.0,3020,398.0,7.0,5.0,6.0,0.0,6.0,1.0,,,,,3.0,0.0,Completed,1.1,8.0,1.06,7.2,1.07,8.0,1.08,9.87,1.1,9.9,1.07,8.68
ATP,2018,33,Paris,French Open,2018-05-30,Grand Slam,Outdoor,Clay,2nd Round,5,Simon G.,Querrey S.,65,15.0,870,2095.0,1.0,6.0,7.0,6.0,6.0,4.0,6.0,1.0,,,3.0,1.0,Completed,1.8,2.0,1.75,1.96,1.8,2.0,1.85,2.07,1.85,2.1,1.8,2.02
ATP,2018,33,Paris,French Open,2018-05-30,Grand Slam,Outdoor,Clay,2nd Round,5,Khachanov K.,Garcia-Lopez G.,38,67.0,1220,850.0,6.0,2.0,7.0,6.0,6.0,7.0,6.0,3.0,,,3.0,1.0,Completed,1.53,2.5,1.45,2.55,1.44,2.75,1.46,2.94,1.53,2.94,1.47,2.69
ATP,2018,33,Paris,French Open,2018-05-30,Grand Slam,Outdoor,Clay,2nd Round,5,Monfils G.,Klizan M.,37,117.0,1220,463.0,6.0,2.0,6.0,4.0,6.0,4.0,,,,,3.0,0.0,Completed,1.66,2.2,1.64,2.13,1.67,2.2,1.72,2.25,1.76,2.28,1.68,2.2
ATP,2018,33,Paris,French Open,2018-05-31,Grand Slam,Outdoor,Clay,2nd Round,5,Zopp J.,Bemelmans R.,136,110.0,418,490.0,4.0,6.0,4.0,6.0,6.0,3.0,6.0,4.0,6.0,4.0,3.0,2.0,Completed,1.72,2.1,1.64,2.13,1.67,2.2,1.74,2.22,1.76,2.38,1.69,2.18
ATP,2018,33,Paris,French Open,2018-05-31,Grand Slam,Outdoor,Clay,2nd Round,5,Cilic M.,Hurkacz H.,4,188.0,4950,315.0,6.0,2.0,6.0,2.0,6.0,7.0,7.0,5.0,,,3.0,1.0,Completed,1.07,10.0,1.06,7.2,1.06,9.0,1.06,12.52,1.09,13.0,1.06,9.81
ATP,2018,33,Paris,French Open,2018-05-31,Grand Slam,Outdoor,Clay,2nd Round,5,Marterer M.,Shapovalov D.,70,25.0,831,1573.0,5.0,7.0,7.0,6.0,7.0,5.0,6.0,4.0,,,3.0,1.0,Completed,3.4,1.33,3.1,1.32,3.5,1.3,3.44,1.36,3.58,1.37,3.31,1.34
ATP,2018,33,Paris,French Open,2018-05-31,Grand Slam,Outdoor,Clay,2nd Round,5,Johnson S.,Struff J.L.,46,71.0,1110,830.0,4.0,6.0,7.0,6.0,6.0,2.0,6.0,2.0,,,3.0,1.0,Completed,1.66,2.2,1.62,2.16,1.67,2.2,1.71,2.27,1.71,2.31,1.66,2.22
ATP,2018,33,Paris,French Open,2018-05-31,Grand Slam,Outdoor,Clay,2nd Round,5,Fognini F.,Ymer E.,18,122.0,1940,453.0,6.0,4.0,6.0,1.0,6.0,2.0,,,,,3.0,0.0,Completed,1.16,5.0,1.17,4.4,1.17,5.0,1.2,5.24,1.22,5.24,1.19,4.77
ATP,2018,33,Paris,French Open,2018-05-31,Grand Slam,Outdoor,Clay,2nd Round,5,Gasquet R.,Jaziri M.,32,63.0,1395,872.0,6.0,2.0,3.0,6.0,6.0,3.0,6.0,0.0,,,3.0,1.0,Completed,1.2,4.5,1.13,5.2,1.14,5.5,1.15,6.35,1.2,6.35,1.15,5.55
ATP,2018,33,Paris,French Open,2018-05-31,Grand Slam,Outdoor,Clay,2nd Round,5,Edmund K.,Fucsovics M.,17,45.0,1950,1122.0,6.0,0.0,1.0,6.0,6.0,2.0,6.0,3.0,,,3.0,1.0,Completed,1.33,3.4,1.31,3.15,1.3,3.5,1.32,3.74,1.36,3.74,1.32,3.4
ATP,2018,33,Paris,French Open,2018-05-31,Grand Slam,Outdoor,Clay,2nd Round,5,Zverev M.,Stakhovsky S.,64,127.0,870,433.0,6.0,3.0,6.0,7.0,7.0,6.0,6.0,1.0,,,3.0,1.0,Completed,1.5,2.62,1.47,2.5,1.5,2.62,1.52,2.73,1.57,2.79,1.5,2.6
ATP,2018,33,Paris,French Open,2018-05-31,Grand Slam,Outdoor,Clay,2nd Round,5,Thiem D.,Tsitsipas S.,8,39.0,3355,1212.0,6.0,2.0,2.0,6.0,6.0,4.0,6.0,4.0,,,3.0,1.0,Completed,1.25,4.0,1.2,4.0,1.2,4.5,1.24,4.65,1.25,4.7,1.22,4.34
ATP,2018,33,Paris,French Open,2018-05-31,Grand Slam,Outdoor,Clay,2nd Round,5,Anderson K.,Cuevas P.,7,75.0,3635,755.0,6.0,3.0,3.0,6.0,7.0,6.0,6.0,4.0,,,3.0,1.0,Completed,1.66,2.2,1.65,2.12,1.73,2.1,1.72,2.25,1.74,2.28,1.69,2.18
ATP,2018,33,Paris,French Open,2018-05-31,Grand Slam,Outdoor,Clay,2nd Round,5,Pouille L.,Norrie C.,16,85.0,2030,682.0,6.0,2.0,6.0,4.0,5.0,7.0,7.0,6.0,,,3.0,1.0,Completed,1.22,4.33,1.21,3.95,1.17,5.0,1.21,5.12,1.25,5.12,1.2,4.57
ATP,2018,33,Paris,French Open,2018-05-31,Grand Slam,Outdoor,Clay,2nd Round,5,Coric B.,Fabbiano T.,40,115.0,1200,466.0,4.0,6.0,6.0,2.0,6.0,1.0,6.0,1.0,,,3.0,1.0,Completed,1.07,10.0,1.06,7.2,1.08,7.5,1.07,11.52,1.1,11.52,1.07,9.09
ATP,2018,33,Paris,French Open,2018-05-31,Grand Slam,Outdoor,Clay,2nd Round,5,Ramos-Vinolas A.,Ruud C.,36,157.0,1260,350.0,6.0,4.0,6.0,2.0,6.0,4.0,,,,,3.0,0.0,Completed,1.44,2.75,1.44,2.6,1.5,2.62,1.51,2.75,1.51,2.94,1.46,2.73
ATP,2018,33,Paris,French Open,2018-05-31,Grand Slam,Outdoor,Clay,2nd Round,5,Nadal R.,Pella G.,1,78.0,8770,728.0,6.0,2.0,6.0,1.0,6.0,1.0,,,,,3.0,0.0,Completed,1.01,21.0,1.01,11.0,1.01,21.0,1.02,24.52,1.02,27.25,1.01,18.75
ATP,2018,33,Paris,French Open,2018-05-31,Grand Slam,Outdoor,Clay,2nd Round,5,Isner J.,Zeballos H.,10,103.0,2980,590.0,6.0,7.0,7.0,6.0,7.0,6.0,6.0,2.0,,,3.0,1.0,Completed,1.2,4.5,1.19,4.2,1.2,4.5,1.24,4.55,1.25,4.87,1.21,4.43
ATP,2018,33,Paris,French Open,2018-05-31,Grand Slam,Outdoor,Clay,2nd Round,5,Herbert P.H.,Chardy J.,87,86.0,680,680.0,2.0,6.0,6.0,3.0,6.0,2.0,3.0,6.0,9.0,7.0,3.0,2.0,Completed,2.62,1.5,2.6,1.43,2.75,1.44,2.86,1.48,2.9,1.5,2.75,1.45
ATP,2018,33,Paris,French Open,2018-05-31,Grand Slam,Outdoor,Clay,2nd Round,5,Del Potro J.M.,Benneteau J.,6,62.0,4450,882.0,6.0,4.0,6.0,3.0,6.0,2.0,,,,,3.0,0.0,Completed,1.11,7.0,1.09,6.0,1.12,6.0,1.13,7.06,1.14,7.77,1.11,6.74
ATP,2018,33,Paris,French Open,2018-05-31,Grand Slam,Outdoor,Clay,2nd Round,5,Schwartzman D.,Pavlasek A.,12,185.0,2165,317.0,6.0,1.0,6.0,3.0,6.0,1.0,,,,,3.0,0.0,Completed,1.16,5.0,1.15,4.8,1.14,5.5,1.16,6.16,1.18,6.7,1.15,5.54
ATP,2018,33,Paris,French Open,2018-06-01,Grand Slam,Outdoor,Clay,3rd Round,5,Zverev A.,Dzumhur D.,3,29.0,5615,1415.0,6.0,2.0,3.0,6.0,4.0,6.0,7.0,6.0,7.0,5.0,3.0,2.0,Completed,1.06,11.0,1.05,7.8,1.06,9.0,1.06,12.75,1.08,12.75,1.05,10.36
ATP,2018,33,Paris,French Open,2018-06-01,Grand Slam,Outdoor,Clay,3rd Round,5,Verdasco F.,Dimitrov G.,35,5.0,1280,4870.0,7.0,6.0,6.0,2.0,6.0,4.0,,,,,3.0,0.0,Completed,2.2,1.66,2.22,1.59,2.25,1.61,2.42,1.65,2.42,1.73,2.28,1.64
ATP,2018,33,Paris,French Open,2018-06-01,Grand Slam,Outdoor,Clay,3rd Round,5,Djokovic N.,Bautista Agut R.,22,13.0,1665,2120.0,6.0,4.0,6.0,7.0,7.0,6.0,6.0,2.0,,,3.0,1.0,Completed,1.16,5.0,1.2,4.1,1.17,5.0,1.2,5.37,1.24,5.37,1.19,4.81
ATP,2018,33,Paris,French Open,2018-06-01,Grand Slam,Outdoor,Clay,3rd Round,5,Nishikori K.,Simon G.,21,65.0,1710,870.0,6.0,3.0,6.0,1.0,6.0,3.0,,,,,3.0,0.0,Completed,1.22,4.33,1.22,3.85,1.25,4.0,1.24,4.72,1.28,4.72,1.23,4.17
ATP,2018,33,Paris,French Open,2018-06-01,Grand Slam,Outdoor,Clay,3rd Round,5,Cecchinato M.,Carreno Busta P.,72,11.0,806,2415.0,2.0,6.0,7.0,6.0,6.0,3.0,6.0,1.0,,,3.0,1.0,Completed,3.75,1.28,3.55,1.25,3.5,1.28,4.0,1.3,4.05,1.31,3.73,1.28
ATP,2018,33,Paris,French Open,2018-06-01,Grand Slam,Outdoor,Clay,3rd Round,5,Thiem D.,Berrettini M.,8,96.0,3355,639.0,6.0,3.0,6.0,7.0,6.0,3.0,6.0,2.0,,,3.0,1.0,Completed,1.05,12.0,1.04,8.4,1.05,10.0,1.06,12.75,1.07,14.0,1.05,10.75
ATP,2018,33,Paris,French Open,2018-06-02,Grand Slam,Outdoor,Clay,3rd Round,5,Fognini F.,Edmund K.,18,17.0,1940,1950.0,6.0,3.0,4.0,6.0,3.0,6.0,6.0,4.0,6.0,4.0,3.0,2.0,Completed,2.0,1.8,1.98,1.74,2.0,1.8,2.12,1.83,2.12,1.91,2.01,1.81
ATP,2018,33,Paris,French Open,2018-06-02,Grand Slam,Outdoor,Clay,3rd Round,5,Marterer M.,Zopp J.,70,136.0,831,418.0,6.0,2.0,6.0,1.0,6.0,4.0,,,,,3.0,0.0,Completed,1.25,4.0,1.21,3.9,1.25,4.0,1.25,4.55,1.27,4.65,1.23,4.21
ATP,2018,33,Paris,French Open,2018-06-02,Grand Slam,Outdoor,Clay,3rd Round,5,Khachanov K.,Pouille L.,38,16.0,1220,2030.0,6.0,3.0,7.0,5.0,6.0,3.0,,,,,3.0,0.0,Completed,2.2,1.66,2.1,1.66,2.1,1.67,2.31,1.7,2.31,1.77,2.16,1.69
ATP,2018,33,Paris,French Open,2018-06-02,Grand Slam,Outdoor,Clay,3rd Round,5,Anderson K.,Zverev M.,7,64.0,3635,870.0,6.0,1.0,6.0,7.0,6.0,3.0,7.0,6.0,,,3.0,1.0,Completed,1.12,6.0,1.11,5.6,1.14,5.5,1.14,7.1,1.15,7.2,1.12,6.33
ATP,2018,33,Paris,French Open,2018-06-02,Grand Slam,Outdoor,Clay,3rd Round,5,Schwartzman D.,Coric B.,12,40.0,2165,1200.0,7.0,5.0,6.0,3.0,6.0,3.0,,,,,3.0,0.0,Completed,2.3,1.61,2.22,1.59,2.2,1.67,2.39,1.66,2.4,1.71,2.28,1.64
ATP,2018,33,Paris,French Open,2018-06-02,Grand Slam,Outdoor,Clay,3rd Round,5,Nadal R.,Gasquet R.,1,32.0,8770,1395.0,6.0,3.0,6.0,2.0,6.0,2.0,,,,,3.0,0.0,Completed,1.02,19.0,1.02,11.0,1.03,21.0,1.03,19.78,1.04,20.5,1.02,16.14
ATP,2018,33,Paris,French Open,2018-06-02,Grand Slam,Outdoor,Clay,3rd Round,5,Goffin D.,Monfils G.,9,37.0,3020,1220.0,6.0,7.0,6.0,3.0,4.0,6.0,7.0,5.0,6.0,3.0,3.0,2.0,Completed,1.36,3.2,1.32,3.15,1.36,3.25,1.36,3.55,1.38,3.55,1.34,3.3
ATP,2018,33,Paris,French Open,2018-06-02,Grand Slam,Outdoor,Clay,3rd Round,5,Cilic M.,Johnson S.,4,46.0,4950,1110.0,6.0,3.0,6.0,2.0,6.0,4.0,,,,,3.0,0.0,Completed,1.2,4.5,1.18,4.4,1.17,5.0,1.21,5.14,1.24,5.14,1.19,4.72
ATP,2018,33,Paris,French Open,2018-06-02,Grand Slam,Outdoor,Clay,3rd Round,5,Del Potro J.M.,Ramos-Vinolas A.,6,36.0,4450,1260.0,7.0,5.0,6.0,4.0,6.0,1.0,,,,,3.0,0.0,Completed,1.22,4.33,1.23,3.75,1.22,4.33,1.23,4.88,1.27,4.88,1.23,4.28
ATP,2018,33,Paris,French Open,2018-06-02,Grand Slam,Outdoor,Clay,3rd Round,5,Isner J.,Herbert P.H.,10,87.0,2980,680.0,7.0,6.0,6.0,4.0,7.0,6.0,,,,,3.0,0.0,Completed,1.3,3.5,1.32,3.1,1.33,3.25,1.34,3.62,1.37,3.64,1.33,3.39
ATP,2018,33,Paris,French Open,2018-06-03,Grand Slam,Outdoor,Clay,4th Round,5,Zverev A.,Khachanov K.,3,38.0,5615,1220.0,4.0,6.0,7.0,6.0,2.0,6.0,6.0,3.0,6.0,3.0,3.0,2.0,Completed,1.33,3.4,1.3,3.25,1.3,3.5,1.32,3.8,1.38,3.8,1.32,3.44
ATP,2018,33,Paris,French Open,2018-06-03,Grand Slam,Outdoor,Clay,4th Round,5,Thiem D.,Nishikori K.,8,21.0,3355,1710.0,6.0,2.0,6.0,0.0,5.0,7.0,6.0,4.0,,,3.0,1.0,Completed,1.61,2.3,1.62,2.17,1.61,2.25,1.69,2.34,1.72,2.35,1.66,2.26
ATP,2018,33,Paris,French Open,2018-06-03,Grand Slam,Outdoor,Clay,4th Round,5,Djokovic N.,Verdasco F.,22,35.0,1665,1280.0,6.0,3.0,6.0,4.0,6.0,2.0,,,,,3.0,0.0,Completed,1.22,4.33,1.21,3.9,1.22,4.33,1.25,4.6,1.26,4.8,1.23,4.26
ATP,2018,33,Paris,French Open,2018-06-03,Grand Slam,Outdoor,Clay,4th Round,5,Cecchinato M.,Goffin D.,72,9.0,806,3020.0,7.0,5.0,4.0,6.0,6.0,0.0,6.0,3.0,,,3.0,1.0,Completed,5.0,1.16,4.7,1.15,5.0,1.17,5.7,1.18,5.9,1.2,5.18,1.17
ATP,2018,33,Paris,French Open,2018-06-04,Grand Slam,Outdoor,Clay,4th Round,5,Schwartzman D.,Anderson K.,12,7.0,2165,3635.0,1.0,6.0,2.0,6.0,7.0,5.0,7.0,6.0,6.0,2.0,3.0,2.0,Completed,1.66,2.2,1.65,2.11,1.73,2.1,1.79,2.17,1.83,2.33,1.7,2.17
ATP,2018,33,Paris,French Open,2018-06-04,Grand Slam,Outdoor,Clay,4th Round,5,Nadal R.,Marterer M.,1,70.0,8770,831.0,6.0,3.0,6.0,2.0,7.0,6.0,,,,,3.0,0.0,Completed,1.005,34.0,1.01,12.0,1.01,21.0,1.01,33.9,1.02,52.25,1.01,25.41
ATP,2018,33,Paris,French Open,2018-06-04,Grand Slam,Outdoor,Clay,4th Round,5,Cilic M.,Fognini F.,4,18.0,4950,1940.0,6.0,4.0,6.0,1.0,3.0,6.0,6.0,7.0,6.0,3.0,3.0,2.0,Completed,1.44,2.75,1.4,2.75,1.44,2.75,1.43,3.14,1.47,3.2,1.42,2.92
ATP,2018,33,Paris,French Open,2018-06-04,Grand Slam,Outdoor,Clay,4th Round,5,Del Potro J.M.,Isner J.,6,10.0,4450,2980.0,6.0,4.0,6.0,4.0,6.0,4.0,,,,,3.0,0.0,Completed,1.4,3.0,1.4,2.7,1.4,3.0,1.41,3.22,1.46,3.22,1.42,2.92
ATP,2018,33,Paris,French Open,2018-06-05,Grand Slam,Outdoor,Clay,Quarterfinals,5,Thiem D.,Zverev A.,8,3.0,3355,5615.0,6.0,4.0,6.0,2.0,6.0,1.0,,,,,3.0,0.0,Completed,1.57,2.37,1.53,2.35,1.57,2.37,1.63,2.46,1.65,2.64,1.58,2.42
ATP,2018,33,Paris,French Open,2018-06-05,Grand Slam,Outdoor,Clay,Quarterfinals,5,Cecchinato M.,Djokovic N.,72,22.0,806,1665.0,6.0,3.0,7.0,6.0,1.0,6.0,7.0,6.0,,,3.0,1.0,Completed,9.0,1.08,7.25,1.06,7.5,1.08,10.36,1.08,10.5,1.11,8.6,1.08
ATP,2018,33,Paris,French Open,2018-06-07,Grand Slam,Outdoor,Clay,Quarterfinals,5,Del Potro J.M.,Cilic M.,6,4.0,4450,4950.0,7.0,6.0,5.0,7.0,6.0,3.0,7.0,5.0,,,3.0,1.0,Completed,1.5,2.62,1.42,2.65,1.44,2.75,1.54,2.7,1.55,2.75,1.5,1.65
ATP,2018,33,Paris,French Open,2018-06-07,Grand Slam,Outdoor,Clay,Quarterfinals,5,Nadal R.,Schwartzman D.,1,12.0,8770,2165.0,4.0,6.0,6.0,3.0,6.0,2.0,6.0,2.0,,,3.0,1.0,Completed,1.02,19.0,1.08,6.5,1.1,7.0,1.05,15.85,1.05,19.5,1.03,15.03
ATP,2018,33,Paris,French Open,2018-06-08,Grand Slam,Outdoor,Clay,Semifinals,5,Thiem D.,Cecchinato M.,8,72.0,3355,806.0,7.0,5.0,7.0,6.0,6.0,1.0,,,,,3.0,0.0,Completed,1.12,6.0,1.11,5.6,1.12,6.0,1.14,7.35,1.15,7.5,1.13,6.38
ATP,2018,33,Paris,French Open,2018-06-08,Grand Slam,Outdoor,Clay,Semifinals,5,Nadal R.,Del Potro J.M.,1,6.0,8770,4450.0,6.0,4.0,6.0,1.0,6.0,2.0,,,,,3.0,0.0,Completed,1.12,6.0,1.12,5.4,1.12,6.0,1.14,7.07,1.17,7.07,1.13,6.18
ATP,2018,33,Paris,French Open,2018-06-10,Grand Slam,Outdoor,Clay,The Final,5,Nadal R.,Thiem D.,1,8.0,8770,3355.0,6.0,4.0,6.0,3.0,6.0,2.0,,,,,3.0,0.0,Completed,1.22,4.33,1.2,4.1,1.22,4.33,1.24,4.75,1.33,4.95,1.23,4.42
ATP,2018,40,London,Wimbledon,2018-07-02,Grand Slam,Outdoor,Grass,1st Round,5,Struff J.L.,Mayer L.,64,36.0,865,1235.0,3.0,6.0,6.0,7.0,7.0,6.0,7.0,6.0,6.0,1.0,3.0,2.0,Completed,2.62,1.5,2.5,1.47,2.62,1.5,2.66,1.54,2.69,1.54,2.58,1.51
ATP,2018,40,London,Wimbledon,2018-07-02,Grand Slam,Outdoor,Grass,1st Round,5,Cilic M.,Nishioka Y.,5,256.0,5060,217.0,6.0,1.0,6.0,4.0,6.0,4.0,,,,,3.0,0.0,Completed,1.03,15.0,1.02,10.0,1.03,13.0,1.03,20.5,1.04,21.0,1.02,14.87
ATP,2018,40,London,Wimbledon,2018-07-02,Grand Slam,Outdoor,Grass,1st Round,5,Jarry N.,Krajinovic F.,66,30.0,859,1489.0,6.0,3.0,3.0,6.0,7.0,6.0,6.0,4.0,,,3.0,1.0,Completed,1.44,2.75,1.45,2.55,1.44,2.75,1.56,2.6,1.56,2.8,1.5,2.61
ATP,2018,40,London,Wimbledon,2018-07-02,Grand Slam,Outdoor,Grass,1st Round,5,Kohlschreiber P.,Donskoy E.,27,83.0,1575,706.0,6.0,2.0,6.0,4.0,7.0,5.0,,,,,3.0,0.0,Completed,1.16,5.0,1.16,4.6,1.17,5.0,1.21,5.12,1.22,5.47,1.18,4.91
ATP,2018,40,London,Wimbledon,2018-07-02,Grand Slam,Outdoor,Grass,1st Round,5,Pouille L.,Kudla D.,19,84.0,1835,699.0,6.0,3.0,6.0,3.0,2.0,6.0,6.0,3.0,,,3.0,1.0,Completed,1.61,2.25,1.6,2.2,1.61,2.25,1.68,2.34,1.69,2.4,1.63,2.28
ATP,2018,40,London,Wimbledon,2018-07-02,Grand Slam,Outdoor,Grass,1st Round,5,Querrey S.,Thompson J.,13,101.0,2130,575.0,6.0,2.0,6.0,4.0,6.0,3.0,,,,,3.0,0.0,Completed,1.12,6.0,1.12,5.4,1.14,5.5,1.14,6.87,1.17,6.87,1.14,5.86
ATP,2018,40,London,Wimbledon,2018-07-02,Grand Slam,Outdoor,Grass,1st Round,5,Muller G.,Mmoh M.,60,119.0,915,459.0,7.0,5.0,4.0,6.0,7.0,6.0,3.0,6.0,6.0,1.0,3.0,2.0,Completed,1.28,3.75,1.25,3.6,1.3,3.5,1.29,4.02,1.32,4.02,1.28,3.7
ATP,2018,40,London,Wimbledon,2018-07-02,Grand Slam,Outdoor,Grass,1st Round,5,Novak D.,Polansky P.,171,110.0,338,495.0,6.0,2.0,6.0,3.0,7.0,6.0,,,,,3.0,0.0,Completed,1.57,2.37,1.5,2.4,1.53,2.5,1.56,2.6,1.63,2.6,1.54,2.48
ATP,2018,40,London,Wimbledon,2018-07-02,Grand Slam,Outdoor,Grass,1st Round,5,Stakhovsky S.,Sousa J.,109,45.0,513,1045.0,6.0,3.0,6.0,3.0,5.0,7.0,1.0,6.0,6.0,4.0,3.0,2.0,Completed,1.61,2.25,1.62,2.15,1.67,2.2,1.74,2.22,1.75,2.25,1.69,2.17
ATP,2018,40,London,Wimbledon,2018-07-02,Grand Slam,Outdoor,Grass,1st Round,5,Federer R.,Lajovic D.,2,58.0,8720,920.0,6.0,1.0,6.0,3.0,6.0,4.0,,,,,3.0,0.0,Completed,1.01,23.0,1.01,11.5,1.02,15.0,1.03,17.65,1.03,29.92,1.02,17.56
ATP,2018,40,London,Wimbledon,2018-07-02,Grand Slam,Outdoor,Grass,1st Round,5,Pella G.,Kubler J.,82,147.0,710,385.0,6.0,4.0,7.0,5.0,4.0,6.0,7.0,6.0,,,3.0,1.0,Completed,1.57,2.37,1.57,2.25,1.61,2.25,1.69,2.3,1.73,2.45,1.62,2.31
ATP,2018,40,London,Wimbledon,2018-07-02,Grand Slam,Outdoor,Grass,1st Round,5,Mcdonald M.,Berankis R.,103,96.0,554,599.0,4.0,6.0,7.0,6.0,6.0,3.0,7.0,6.0,,,3.0,1.0,Completed,1.53,2.5,1.5,2.4,1.53,2.5,1.61,2.49,1.65,2.75,1.55,2.47
ATP,2018,40,London,Wimbledon,2018-07-02,Grand Slam,Outdoor,Grass,1st Round,5,Karlovic I.,Youzhny M.,112,102.0,480,571.0,4.0,6.0,7.0,5.0,7.0,6.0,6.0,3.0,,,3.0,1.0,Completed,1.9,1.9,1.75,1.95,1.73,2.1,1.83,2.09,1.93,2.1,1.81,2.01
ATP,2018,40,London,Wimbledon,2018-07-02,Grand Slam,Outdoor,Grass,1st Round,5,Garcia-Lopez G.,Elias G.,65,118.0,863,460.0,6.0,2.0,6.0,4.0,6.0,2.0,,,,,3.0,0.0,Completed,1.11,7.0,1.08,6.5,1.1,7.0,1.1,8.55,1.13,9.4,1.09,7.65
ATP,2018,40,London,Wimbledon,2018-07-02,Grand Slam,Outdoor,Grass,1st Round,5,Medvedev D.,Coric B.,67,20.0,847,1745.0,7.0,6.0,6.0,2.0,6.0,2.0,,,,,3.0,0.0,Completed,4.5,1.22,4.1,1.2,4.0,1.22,4.34,1.26,4.55,1.27,4.22,1.23
ATP,2018,40,London,Wimbledon,2018-07-02,Grand Slam,Outdoor,Grass,1st Round,5,Raonic M.,Broady L.,32,173.0,1430,328.0,7.0,5.0,6.0,0.0,6.0,1.0,,,,,3.0,0.0,Completed,1.1,7.0,1.07,7.0,1.08,7.5,1.09,9.01,1.1,10.43,1.07,8.39
ATP,2018,40,London,Wimbledon,2018-07-02,Grand Slam,Outdoor,Grass,1st Round,5,Isner J.,Maden Y.,10,134.0,3045,424.0,6.0,2.0,7.0,6.0,7.0,5.0,,,,,3.0,0.0,Completed,1.11,6.0,1.11,5.6,1.14,5.5,1.17,6.02,1.17,7.19,1.12,6.46
ATP,2018,40,London,Wimbledon,2018-07-02,Grand Slam,Outdoor,Grass,1st Round,5,Fabbiano T.,Bhambri Y.,133,85.0,424,687.0,2.0,6.0,6.0,3.0,6.0,3.0,6.0,2.0,,,3.0,1.0,Completed,1.5,2.62,1.45,2.55,1.44,2.75,1.55,2.64,1.56,2.8,1.49,2.63
ATP,2018,40,London,Wimbledon,2018-07-02,Grand Slam,Outdoor,Grass,1st Round,5,Seppi A.,Smith J.P.,50,211.0,996,277.0,6.0,2.0,6.0,4.0,6.0,1.0,,,,,3.0,0.0,Completed,1.44,2.75,1.45,2.55,1.5,2.62,1.53,2.7,1.53,3.15,1.47,2.68
ATP,2018,40,London,Wimbledon,2018-07-02,Grand Slam,Outdoor,Grass,1st Round,5,Millman J.,Travaglia S.,56,137.0,931,409.0,6.0,7.0,6.0,3.0,7.0,5.0,6.0,2.0,,,3.0,1.0,Completed,1.44,2.75,1.45,2.55,1.5,2.62,1.43,3.06,1.53,3.06,1.47,2.7
ATP,2018,40,London,Wimbledon,2018-07-02,Grand Slam,Outdoor,Grass,1st Round,5,Wawrinka S.,Dimitrov G.,224,6.0,255,4780.0,1.0,6.0,7.0,6.0,7.0,6.0,6.0,4.0,,,3.0,1.0,Completed,4.0,1.25,3.95,1.21,4.0,1.25,4.66,1.23,4.71,1.25,4.29,1.22
ATP,2018,40,London,Wimbledon,2018-07-02,Grand Slam,Outdoor,Grass,1st Round,5,Tsitsipas S.,Barrere G.,35,188.0,1254,302.0,6.0,3.0,6.0,4.0,6.0,7.0,7.0,5.0,,,3.0,1.0,Completed,1.2,4.33,1.2,4.1,1.25,4.0,1.22,4.9,1.25,4.9,1.21,4.38
ATP,2018,40,London,Wimbledon,2018-07-02,Grand Slam,Outdoor,Grass,1st Round,5,Monfils G.,Gasquet R.,44,31.0,1070,1465.0,7.0,6.0,7.0,5.0,6.0,4.0,,,,,3.0,0.0,Completed,2.5,1.53,2.5,1.47,2.5,1.53,2.71,1.53,2.71,1.56,2.57,1.51
ATP,2018,40,London,Wimbledon,2018-07-02,Grand Slam,Outdoor,Grass,1st Round,5,Anderson K.,Gombos N.,8,190.0,3635,299.0,6.0,3.0,6.0,4.0,6.0,4.0,,,,,3.0,0.0,Completed,1.08,9.0,1.07,7.0,1.08,7.5,1.07,11.51,1.1,11.51,1.07,9.03
ATP,2018,40,London,Wimbledon,2018-07-02,Grand Slam,Outdoor,Grass,1st Round,5,Donaldson J.,Jaziri M.,54,61.0,945,912.0,7.0,6.0,6.0,3.0,6.0,1.0,,,,,3.0,0.0,Completed,1.5,2.62,1.5,2.4,1.53,2.5,1.53,2.7,1.53,2.72,1.5,2.58
ATP,2018,40,London,Wimbledon,2018-07-02,Grand Slam,Outdoor,Grass,1st Round,5,Bemelmans R.,Johnson S.,104,42.0,545,1085.0,7.0,5.0,6.0,3.0,4.0,6.0,6.0,7.0,8.0,6.0,3.0,2.0,Completed,2.75,1.44,2.75,1.4,2.75,1.44,3.01,1.44,3.01,1.48,2.85,1.43
ATP,2018,40,London,Wimbledon,2018-07-02,Grand Slam,Outdoor,Grass,1st Round,5,Lorenzi P.,Djere L.,86,90.0,668,648.0,7.0,6.0,6.0,7.0,6.0,2.0,6.0,4.0,,,3.0,1.0,Completed,1.72,2.1,1.85,1.85,1.91,1.91,1.77,2.17,1.89,2.55,1.78,2.06
ATP,2018,40,London,Wimbledon,2018-07-02,Grand Slam,Outdoor,Grass,1st Round,5,Mannarino A.,Garin C.,26,167.0,1580,344.0,6.0,3.0,1.0,6.0,7.0,6.0,6.0,2.0,,,3.0,1.0,Completed,1.25,4.0,1.22,3.85,1.22,4.33,1.28,4.06,1.29,4.5,1.25,4.06
ATP,2018,40,London,Wimbledon,2018-07-02,Grand Slam,Outdoor,Grass,1st Round,5,Harrison R.,Carballes Baena R.,59,79.0,920,729.0,6.0,1.0,6.0,4.0,6.0,2.0,,,,,3.0,0.0,Completed,1.12,6.0,1.12,5.4,1.14,5.5,1.13,7.38,1.16,7.38,1.13,6.15
ATP,2018,40,London,Wimbledon,2018-07-02,Grand Slam,Outdoor,Grass,1st Round,5,Bedene A.,Norrie C.,71,75.0,770,743.0,4.0,6.0,7.0,6.0,7.0,6.0,6.0,4.0,,,3.0,1.0,Completed,1.5,2.62,1.45,2.55,1.5,2.62,1.53,2.7,1.55,2.9,1.49,2.63
ATP,2018,40,London,Wimbledon,2018-07-02,Grand Slam,Outdoor,Grass,1st Round,5,Lacko L.,Bonzi B.,73,284.0,752,189.0,4.0,6.0,6.0,3.0,7.0,6.0,6.0,4.0,,,3.0,1.0,Completed,1.2,4.5,1.21,3.95,1.22,4.33,1.24,4.58,1.28,4.8,1.23,4.19
ATP,2018,40,London,Wimbledon,2018-07-03,Grand Slam,Outdoor,Grass,1st Round,5,Gulbis E.,Clarke J.,138,218.0,402,265.0,4.0,6.0,6.0,3.0,7.0,6.0,3.0,6.0,6.0,4.0,3.0,2.0,Completed,1.16,5.0,1.18,4.3,1.2,4.5,1.22,4.85,1.24,5.3,1.19,4.76
ATP,2018,40,London,Wimbledon,2018-07-03,Grand Slam,Outdoor,Grass,1st Round,5,Tomic B.,Hurkacz H.,184,122.0,308,454.0,6.0,4.0,6.0,2.0,7.0,6.0,,,,,3.0,0.0,Completed,1.36,3.2,1.32,3.1,1.36,3.25,1.34,3.56,1.37,3.56,1.33,3.31
ATP,2018,40,London,Wimbledon,2018-07-03,Grand Slam,Outdoor,Grass,1st Round,5,Del Potro J.M.,Gojowczyk P.,4,39.0,5080,1153.0,6.0,3.0,6.0,4.0,6.0,3.0,,,,,3.0,0.0,Completed,1.12,6.0,1.1,5.9,1.11,6.5,1.11,8.05,1.15,8.05,1.11,6.58
ATP,2018,40,London,Wimbledon,2018-07-03,Grand Slam,Outdoor,Grass,1st Round,5,Dzumhur D.,Marterer M.,23,48.0,1665,999.0,6.0,3.0,6.0,2.0,6.0,4.0,,,,,3.0,0.0,Completed,1.72,2.1,1.65,2.1,1.67,2.2,1.71,2.27,1.75,2.31,1.68,2.19
ATP,2018,40,London,Wimbledon,2018-07-03,Grand Slam,Outdoor,Grass,1st Round,5,Nishikori K.,Harrison C.,28,198.0,1530,292.0,6.0,2.0,4.0,6.0,7.0,6.0,6.0,2.0,,,3.0,1.0,Completed,1.1,8.0,1.07,7.0,1.08,7.5,1.08,9.87,1.12,10.5,1.08,8.21
ATP,2018,40,London,Wimbledon,2018-07-03,Grand Slam,Outdoor,Grass,1st Round,5,Lopez F.,Delbonis F.,70,88.0,780,667.0,6.0,3.0,6.0,4.0,6.0,2.0,,,,,3.0,0.0,Completed,1.11,7.0,1.09,6.25,1.11,6.5,1.12,7.64,1.13,8.0,1.1,6.84
ATP,2018,40,London,Wimbledon,2018-07-03,Grand Slam,Outdoor,Grass,1st Round,5,Vesely J.,Mayer F.,93,91.0,640,646.0,7.0,6.0,6.0,4.0,4.0,6.0,6.0,1.0,,,3.0,1.0,Completed,1.5,2.62,1.42,2.65,1.44,2.75,1.46,2.93,1.5,3.0,1.45,2.77
ATP,2018,40,London,Wimbledon,2018-07-03,Grand Slam,Outdoor,Grass,1st Round,5,Albot R.,Carreno Busta P.,98,12.0,586,2145.0,3.0,6.0,6.0,0.0,6.0,7.0,6.0,2.0,6.0,1.0,3.0,2.0,Completed,3.0,1.4,2.85,1.37,3.0,1.4,3.14,1.42,3.14,1.44,3.0,1.39
ATP,2018,40,London,Wimbledon,2018-07-03,Grand Slam,Outdoor,Grass,1st Round,5,Edmund K.,Bolt A.,17,204.0,1950,286.0,6.0,2.0,6.0,3.0,7.0,5.0,,,,,3.0,0.0,Completed,1.16,5.0,1.16,4.6,,,1.18,5.65,1.21,5.65,1.17,5.01
ATP,2018,40,London,Wimbledon,2018-07-03,Grand Slam,Outdoor,Grass,1st Round,5,Kyrgios N.,Istomin D.,18,92.0,1855,642.0,7.0,6.0,7.0,6.0,6.0,7.0,6.0,3.0,,,3.0,1.0,Completed,1.12,6.0,1.11,5.6,1.14,5.5,1.13,7.05,1.15,7.3,1.13,6.19
ATP,2018,40,London,Wimbledon,2018-07-03,Grand Slam,Outdoor,Grass,1st Round,5,Klahn B.,Sugita Y.,168,69.0,342,820.0,2.0,6.0,7.0,6.0,6.0,2.0,6.0,2.0,,,3.0,1.0,Completed,3.5,1.3,3.2,1.3,3.25,1.36,3.32,1.38,3.5,1.43,3.28,1.34
ATP,2018,40,London,Wimbledon,2018-07-03,Grand Slam,Outdoor,Grass,1st Round,5,Schwartzman D.,Basic M.,11,78.0,2435,733.0,6.0,3.0,6.0,2.0,6.0,1.0,,,,,3.0,0.0,Completed,1.5,2.62,1.42,2.65,1.44,2.75,1.45,3.0,1.5,3.0,1.43,2.82
ATP,2018,40,London,Wimbledon,2018-07-03,Grand Slam,Outdoor,Grass,1st Round,5,Fritz T.,Sonego L.,68,121.0,839,455.0,3.0,6.0,6.0,3.0,6.0,2.0,6.0,2.0,,,3.0,1.0,Completed,1.25,4.0,1.23,3.75,1.25,4.0,1.31,3.85,1.31,4.16,1.26,3.92
ATP,2018,40,London,Wimbledon,2018-07-03,Grand Slam,Outdoor,Grass,1st Round,5,Haase R.,Copil M.,43,94.0,1075,617.0,7.0,6.0,7.0,5.0,4.0,6.0,7.0,6.0,,,3.0,1.0,Completed,1.5,2.62,1.5,2.4,1.53,2.5,1.59,2.52,1.7,2.65,1.54,2.49
ATP,2018,40,London,Wimbledon,2018-07-03,Grand Slam,Outdoor,Grass,1st Round,5,Zverev A.,Duckworth J.,3,748.0,5755,28.0,7.0,5.0,6.0,2.0,6.0,0.0,,,,,3.0,0.0,Completed,1.03,15.0,1.02,10.0,1.04,11.0,1.06,13.0,1.06,16.75,1.03,12.43
ATP,2018,40,London,Wimbledon,2018-07-03,Grand Slam,Outdoor,Grass,1st Round,5,Tiafoe F.,Verdasco F.,52,34.0,985,1280.0,7.0,6.0,7.0,6.0,3.0,6.0,6.0,3.0,,,3.0,1.0,Completed,2.1,1.72,2.1,1.65,2.1,1.73,2.22,1.74,2.23,1.77,2.16,1.7
ATP,2018,40,London,Wimbledon,2018-07-03,Grand Slam,Outdoor,Grass,1st Round,5,Bolelli S.,Cuevas P.,154,76.0,370,735.0,7.0,6.0,7.0,6.0,6.0,1.0,,,,,3.0,0.0,Completed,1.66,2.2,1.6,2.2,1.61,2.25,1.63,2.44,1.67,2.44,1.62,2.31
ATP,2018,40,London,Wimbledon,2018-07-03,Grand Slam,Outdoor,Grass,1st Round,5,Robert S.,Ramos-Vinolas A.,158,38.0,359,1170.0,7.0,6.0,6.0,2.0,6.0,1.0,,,,,3.0,0.0,Completed,2.37,1.57,2.35,1.53,2.37,1.57,2.46,1.62,2.57,1.62,2.42,1.57
ATP,2018,40,London,Wimbledon,2018-07-03,Grand Slam,Outdoor,Grass,1st Round,5,De Minaur A.,Cecchinato M.,80,29.0,723,1514.0,6.0,4.0,6.0,7.0,7.0,6.0,6.0,4.0,,,3.0,1.0,Completed,1.44,2.75,1.42,2.65,1.44,2.75,1.47,2.92,1.5,3.0,1.44,2.78
ATP,2018,40,London,Wimbledon,2018-07-03,Grand Slam,Outdoor,Grass,1st Round,5,Nadal R.,Sela D.,1,127.0,8770,437.0,6.0,3.0,6.0,3.0,6.0,2.0,,,,,3.0,0.0,Completed,1.02,19.0,1.01,11.5,1.02,15.0,1.04,15.92,1.04,21.77,1.02,15.11
ATP,2018,40,London,Wimbledon,2018-07-03,Grand Slam,Outdoor,Grass,1st Round,5,Fognini F.,Daniel T.,16,87.0,2030,668.0,3.0,6.0,6.0,3.0,6.0,3.0,6.0,3.0,,,3.0,1.0,Completed,1.28,3.75,1.28,3.35,1.3,3.5,1.3,3.88,1.33,4.0,1.29,3.59
ATP,2018,40,London,Wimbledon,2018-07-03,Grand Slam,Outdoor,Grass,1st Round,5,Khachanov K.,Ferrer D.,40,37.0,1130,1175.0,6.0,1.0,7.0,6.0,3.0,6.0,7.0,5.0,,,3.0,1.0,Completed,1.22,4.33,1.21,3.95,1.25,4.0,1.25,4.46,1.28,4.5,1.24,4.14
ATP,2018,40,London,Wimbledon,2018-07-03,Grand Slam,Outdoor,Grass,1st Round,5,Ebden M.,Goffin D.,51,9.0,989,3110.0,6.0,4.0,6.0,3.0,6.0,4.0,,,,,3.0,0.0,Completed,2.75,1.44,2.65,1.42,2.75,1.44,2.95,1.46,2.95,1.51,2.76,1.45
ATP,2018,40,London,Wimbledon,2018-07-03,Grand Slam,Outdoor,Grass,1st Round,5,Kukushkin M.,Pospisil V.,77,97.0,734,594.0,6.0,4.0,3.0,6.0,6.0,2.0,6.0,3.0,,,3.0,1.0,Completed,1.61,2.3,1.6,2.2,1.61,2.25,1.67,2.35,1.67,2.4,1.62,2.3
ATP,2018,40,London,Wimbledon,2018-07-03,Grand Slam,Outdoor,Grass,1st Round,5,Baghdatis M.,Thiem D.,95,7.0,599,3835.0,6.0,4.0,7.0,5.0,2.0,0.0,,,,,2.0,0.0,Retired,6.0,1.12,5.4,1.12,5.5,1.14,6.7,1.14,6.75,1.16,6.04,1.13
ATP,2018,40,London,Wimbledon,2018-07-03,Grand Slam,Outdoor,Grass,1st Round,5,Berrettini M.,Sock J.,81,15.0,721,2110.0,6.0,7.0,6.0,7.0,6.0,4.0,7.0,5.0,6.0,2.0,3.0,2.0,Completed,2.2,1.66,2.15,1.62,2.2,1.67,2.3,1.69,2.3,1.75,2.18,1.69
ATP,2018,40,London,Wimbledon,2018-07-03,Grand Slam,Outdoor,Grass,1st Round,5,Herbert P.H.,Zverev M.,72,41.0,754,1085.0,6.0,4.0,6.0,3.0,6.0,4.0,,,,,3.0,0.0,Completed,2.62,1.5,2.55,1.45,2.62,1.5,2.75,1.51,2.8,1.53,2.64,1.49
ATP,2018,40,London,Wimbledon,2018-07-03,Grand Slam,Outdoor,Grass,1st Round,5,Zeballos H.,Andreozzi G.,126,105.0,438,535.0,4.0,6.0,7.0,6.0,6.0,4.0,6.0,4.0,,,3.0,1.0,Completed,1.72,2.1,1.72,2.0,1.73,2.1,1.75,2.2,1.79,2.2,1.73,2.13
ATP,2018,40,London,Wimbledon,2018-07-03,Grand Slam,Outdoor,Grass,1st Round,5,Simon G.,Basilashvili N.,53,74.0,950,750.0,6.0,1.0,7.0,6.0,6.0,1.0,,,,,3.0,0.0,Completed,1.33,3.4,1.32,3.1,1.36,3.25,1.36,3.47,1.37,3.5,1.34,3.3
ATP,2018,40,London,Wimbledon,2018-07-03,Grand Slam,Outdoor,Grass,1st Round,5,Benneteau J.,Fucsovics M.,63,49.0,876,997.0,7.0,5.0,7.0,5.0,6.0,3.0,,,,,3.0,0.0,Completed,1.61,2.3,1.57,2.25,1.61,2.25,1.64,2.42,1.67,2.45,1.61,2.34
ATP,2018,40,London,Wimbledon,2018-07-03,Grand Slam,Outdoor,Grass,1st Round,5,Paire B.,Jung J.,47,155.0,1010,366.0,7.0,5.0,7.0,6.0,6.0,4.0,,,,,3.0,0.0,Completed,1.4,3.0,1.38,2.8,1.4,3.0,1.51,2.72,1.56,4.5,1.43,2.86
ATP,2018,40,London,Wimbledon,2018-07-03,Grand Slam,Outdoor,Grass,1st Round,5,Djokovic N.,Sandgren T.,21,57.0,1715,923.0,6.0,3.0,6.0,1.0,6.0,2.0,,,,,3.0,0.0,Completed,1.03,15.0,1.02,10.0,1.05,10.0,1.03,18.09,1.04,20.0,1.03,14.2
ATP,2018,40,London,Wimbledon,2018-07-03,Grand Slam,Outdoor,Grass,1st Round,5,Shapovalov D.,Chardy J.,25,46.0,1588,1025.0,6.0,3.0,3.0,6.0,7.0,5.0,6.0,4.0,,,3.0,1.0,Completed,2.1,1.72,2.1,1.65,2.2,1.67,2.15,1.79,2.2,1.79,2.13,1.72
ATP,2018,40,London,Wimbledon,2018-07-04,Grand Slam,Outdoor,Grass,2nd Round,5,Raonic M.,Millman J.,32,56.0,1430,931.0,7.0,6.0,7.0,6.0,7.0,6.0,,,,,3.0,0.0,Completed,1.12,6.0,1.1,5.9,1.12,6.0,1.11,8.05,1.15,8.4,1.11,6.72
ATP,2018,40,London,Wimbledon,2018-07-04,Grand Slam,Outdoor,Grass,2nd Round,5,Novak D.,Pouille L.,171,19.0,338,1835.0,6.0,4.0,6.0,2.0,6.0,7.0,3.0,6.0,6.0,2.0,3.0,2.0,Completed,4.0,1.25,3.6,1.25,3.75,1.28,3.8,1.31,4.08,1.31,3.78,1.27
ATP,2018,40,London,Wimbledon,2018-07-04,Grand Slam,Outdoor,Grass,2nd Round,5,Monfils G.,Lorenzi P.,44,86.0,1070,668.0,3.0,6.0,6.0,3.0,7.0,6.0,7.0,6.0,,,3.0,1.0,Completed,1.07,9.0,1.05,7.75,1.07,8.0,1.08,10.44,1.08,11.5,1.06,9.42
ATP,2018,40,London,Wimbledon,2018-07-04,Grand Slam,Outdoor,Grass,2nd Round,5,Medvedev D.,Garcia-Lopez G.,67,65.0,847,863.0,6.0,3.0,6.0,4.0,6.0,2.0,,,,,3.0,0.0,Completed,1.33,3.5,1.33,3.05,1.36,3.25,1.38,3.31,1.4,3.5,1.36,3.14
ATP,2018,40,London,Wimbledon,2018-07-04,Grand Slam,Outdoor,Grass,2nd Round,5,Querrey S.,Stakhovsky S.,13,109.0,2130,513.0,7.0,6.0,6.0,3.0,6.0,3.0,,,,,3.0,0.0,Completed,1.16,5.0,1.17,4.4,1.2,4.5,1.2,5.24,1.22,5.24,1.18,4.94
ATP,2018,40,London,Wimbledon,2018-07-04,Grand Slam,Outdoor,Grass,2nd Round,5,Albot R.,Bedene A.,98,71.0,586,770.0,6.0,2.0,4.0,6.0,7.0,6.0,5.0,7.0,6.0,3.0,3.0,2.0,Completed,3.4,1.33,3.05,1.33,3.0,1.4,3.19,1.41,3.4,1.42,3.1,1.38
ATP,2018,40,London,Wimbledon,2018-07-04,Grand Slam,Outdoor,Grass,2nd Round,5,Mcdonald M.,Jarry N.,103,66.0,554,859.0,7.0,6.0,5.0,7.0,3.0,6.0,6.0,2.0,11.0,9.0,3.0,2.0,Completed,1.66,2.2,1.6,2.2,1.61,2.2,1.68,2.34,1.8,2.34,1.66,2.24
ATP,2018,40,London,Wimbledon,2018-07-04,Grand Slam,Outdoor,Grass,2nd Round,5,Mannarino A.,Harrison R.,26,59.0,1580,920.0,7.0,5.0,7.0,5.0,7.0,6.0,,,,,3.0,0.0,Completed,1.44,2.75,1.42,2.65,1.44,2.75,1.5,2.8,1.52,2.99,1.45,2.77
ATP,2018,40,London,Wimbledon,2018-07-04,Grand Slam,Outdoor,Grass,2nd Round,5,Struff J.L.,Karlovic I.,64,112.0,865,480.0,6.0,7.0,3.0,6.0,7.0,6.0,7.0,6.0,13.0,11.0,3.0,2.0,Completed,2.37,1.57,2.25,1.57,2.25,1.61,2.37,1.66,2.41,1.67,2.3,1.62
ATP,2018,40,London,Wimbledon,2018-07-04,Grand Slam,Outdoor,Grass,2nd Round,5,Federer R.,Lacko L.,2,73.0,8720,752.0,6.0,4.0,6.0,4.0,6.0,1.0,,,,,3.0,0.0,Completed,1.02,19.0,1.01,11.5,1.02,15.0,1.02,22.73,1.03,27.25,1.02,17.49
ATP,2018,40,London,Wimbledon,2018-07-05,Grand Slam,Outdoor,Grass,2nd Round,5,Tiafoe F.,Benneteau J.,52,63.0,985,876.0,4.0,6.0,6.0,3.0,6.0,4.0,6.0,2.0,,,3.0,1.0,Completed,2.0,1.8,1.95,1.75,2.0,1.8,2.02,1.88,2.05,1.95,1.97,1.85
ATP,2018,40,London,Wimbledon,2018-07-05,Grand Slam,Outdoor,Grass,2nd Round,5,Simon G.,Berrettini M.,53,81.0,950,721.0,6.0,3.0,7.0,6.0,6.0,2.0,,,,,3.0,0.0,Completed,1.44,2.75,1.38,2.8,1.4,3.0,1.43,3.08,1.45,3.14,1.4,2.97
ATP,2018,40,London,Wimbledon,2018-07-05,Grand Slam,Outdoor,Grass,2nd Round,5,De Minaur A.,Herbert P.H.,80,72.0,723,754.0,6.0,2.0,6.0,7.0,7.0,5.0,6.0,3.0,,,3.0,1.0,Completed,1.8,2.0,1.75,1.95,1.8,2.0,1.88,2.02,1.89,2.1,1.82,2.01
ATP,2018,40,London,Wimbledon,2018-07-05,Grand Slam,Outdoor,Grass,2nd Round,5,Kohlschreiber P.,Muller G.,27,60.0,1575,915.0,7.0,6.0,7.0,6.0,7.0,6.0,,,,,3.0,0.0,Completed,1.44,2.75,1.4,2.75,1.44,2.75,1.47,2.93,1.5,3.0,1.43,2.83
ATP,2018,40,London,Wimbledon,2018-07-05,Grand Slam,Outdoor,Grass,2nd Round,5,Pella G.,Cilic M.,82,5.0,710,5060.0,3.0,6.0,1.0,6.0,6.0,4.0,7.0,6.0,7.0,5.0,3.0,2.0,Completed,13.0,1.04,10.0,1.02,10.0,1.04,18.03,1.03,20.0,1.05,14.07,1.03
ATP,2018,40,London,Wimbledon,2018-07-05,Grand Slam,Outdoor,Grass,2nd Round,5,Nadal R.,Kukushkin M.,1,77.0,8770,734.0,6.0,4.0,6.0,3.0,6.0,4.0,,,,,3.0,0.0,Completed,1.04,13.0,1.04,8.5,1.07,8.0,1.07,10.68,1.09,13.0,1.06,9.55
ATP,2018,40,London,Wimbledon,2018-07-05,Grand Slam,Outdoor,Grass,2nd Round,5,Anderson K.,Seppi A.,8,50.0,3635,996.0,6.0,3.0,6.0,7.0,6.0,3.0,6.0,4.0,,,3.0,1.0,Completed,1.25,4.0,1.24,3.65,1.28,3.75,1.29,4.05,1.29,4.2,1.26,3.91
ATP,2018,40,London,Wimbledon,2018-07-05,Grand Slam,Outdoor,Grass,2nd Round,5,Tsitsipas S.,Donaldson J.,35,54.0,1254,945.0,6.0,3.0,6.0,2.0,3.0,6.0,4.0,6.0,6.0,3.0,3.0,2.0,Completed,1.61,2.25,1.6,2.2,1.61,2.25,1.65,2.4,1.7,2.4,1.63,2.29
ATP,2018,40,London,Wimbledon,2018-07-05,Grand Slam,Outdoor,Grass,2nd Round,5,Fabbiano T.,Wawrinka S.,133,224.0,424,255.0,7.0,6.0,6.0,3.0,7.0,6.0,,,,,3.0,0.0,Completed,3.5,1.3,3.35,1.28,3.25,1.33,3.59,1.34,3.7,1.35,3.49,1.31
ATP,2018,40,London,Wimbledon,2018-07-05,Grand Slam,Outdoor,Grass,2nd Round,5,Isner J.,Bemelmans R.,10,104.0,3045,545.0,6.0,1.0,6.0,4.0,6.0,7.0,6.0,7.0,7.0,5.0,3.0,2.0,Completed,1.25,4.0,1.22,3.85,1.25,4.0,1.24,4.55,1.28,4.55,1.24,4.09
ATP,2018,40,London,Wimbledon,2018-07-05,Grand Slam,Outdoor,Grass,2nd Round,5,Kyrgios N.,Haase R.,18,43.0,1855,1075.0,6.0,3.0,6.0,4.0,7.0,5.0,,,,,3.0,0.0,Completed,1.16,5.0,1.14,5.0,1.17,5.5,1.17,6.02,1.2,6.02,1.16,5.32
ATP,2018,40,London,Wimbledon,2018-07-05,Grand Slam,Outdoor,Grass,2nd Round,5,Djokovic N.,Zeballos H.,21,126.0,1715,438.0,6.0,1.0,6.0,2.0,6.0,3.0,,,,,3.0,0.0,Completed,1.01,23.0,1.01,11.5,1.01,21.0,1.02,24.52,1.03,29.75,1.01,18.53
ATP,2018,40,London,Wimbledon,2018-07-05,Grand Slam,Outdoor,Grass,2nd Round,5,Khachanov K.,Baghdatis M.,40,95.0,1130,599.0,6.0,3.0,6.0,4.0,3.0,6.0,6.0,7.0,7.0,5.0,3.0,2.0,Completed,1.3,3.5,1.25,3.6,1.28,3.75,1.27,4.23,1.3,4.23,1.26,3.89
ATP,2018,40,London,Wimbledon,2018-07-05,Grand Slam,Outdoor,Grass,2nd Round,5,Ebden M.,Robert S.,51,158.0,989,359.0,6.0,3.0,7.0,6.0,4.0,6.0,6.0,1.0,,,3.0,1.0,Completed,1.2,4.5,1.14,5.0,1.17,5.0,1.16,6.16,1.2,6.16,1.15,5.48
ATP,2018,40,London,Wimbledon,2018-07-05,Grand Slam,Outdoor,Grass,2nd Round,5,Vesely J.,Schwartzman D.,93,11.0,640,2435.0,6.0,3.0,6.0,4.0,7.0,6.0,,,,,3.0,0.0,Completed,1.8,2.0,1.8,1.9,1.91,1.91,1.88,2.02,1.95,2.02,1.86,1.95
ATP,2018,40,London,Wimbledon,2018-07-05,Grand Slam,Outdoor,Grass,2nd Round,5,Gulbis E.,Dzumhur D.,138,23.0,402,1665.0,2.0,6.0,6.0,4.0,6.0,3.0,1.0,6.0,6.0,3.0,3.0,2.0,Completed,2.75,1.44,2.95,1.35,3.0,1.4,3.05,1.43,3.3,1.45,3.02,1.39
ATP,2018,40,London,Wimbledon,2018-07-05,Grand Slam,Outdoor,Grass,2nd Round,5,Paire B.,Shapovalov D.,47,25.0,1010,1588.0,0.0,6.0,6.0,2.0,6.0,4.0,7.0,6.0,,,3.0,1.0,Completed,3.25,1.36,2.95,1.35,3.0,1.4,3.19,1.41,3.25,1.45,3.08,1.38
ATP,2018,40,London,Wimbledon,2018-07-05,Grand Slam,Outdoor,Grass,2nd Round,5,Nishikori K.,Tomic B.,28,184.0,1530,308.0,2.0,6.0,6.0,3.0,7.0,6.0,7.0,5.0,,,3.0,1.0,Completed,1.5,2.62,1.45,2.55,1.53,2.5,1.46,2.93,1.54,2.93,1.47,2.72
ATP,2018,40,London,Wimbledon,2018-07-05,Grand Slam,Outdoor,Grass,2nd Round,5,Del Potro J.M.,Lopez F.,4,70.0,5080,780.0,6.0,4.0,6.0,1.0,6.0,2.0,,,,,3.0,0.0,Completed,1.3,3.5,1.28,3.35,1.33,3.4,1.34,3.63,1.39,3.63,1.33,3.36
ATP,2018,40,London,Wimbledon,2018-07-05,Grand Slam,Outdoor,Grass,2nd Round,5,Edmund K.,Klahn B.,17,168.0,1950,342.0,6.0,4.0,7.0,6.0,6.0,2.0,,,,,3.0,0.0,Completed,1.14,5.5,1.13,5.2,1.14,5.5,1.14,6.62,1.17,6.62,1.14,5.81
ATP,2018,40,London,Wimbledon,2018-07-05,Grand Slam,Outdoor,Grass,2nd Round,5,Fognini F.,Bolelli S.,16,154.0,2030,370.0,6.0,3.0,6.0,4.0,6.0,1.0,,,,,3.0,0.0,Completed,1.53,2.5,1.5,2.4,1.57,2.37,1.53,2.69,1.6,2.69,1.54,2.49
ATP,2018,40,London,Wimbledon,2018-07-06,Grand Slam,Outdoor,Grass,2nd Round,5,Zverev A.,Fritz T.,3,68.0,5755,839.0,6.0,4.0,5.0,7.0,6.0,7.0,6.0,1.0,6.0,2.0,3.0,2.0,Completed,1.12,6.0,1.1,5.9,1.12,6.0,1.13,7.38,1.16,7.6,1.12,6.26
ATP,2018,40,London,Wimbledon,2018-07-06,Grand Slam,Outdoor,Grass,3rd Round,5,Anderson K.,Kohlschreiber P.,8,27.0,3635,1575.0,6.0,3.0,7.0,5.0,7.0,5.0,,,,,3.0,0.0,Completed,1.36,3.2,1.32,3.1,1.33,3.4,1.38,3.36,1.41,3.4,1.36,3.18
ATP,2018,40,London,Wimbledon,2018-07-06,Grand Slam,Outdoor,Grass,3rd Round,5,Monfils G.,Querrey S.,44,13.0,1070,2130.0,5.0,7.0,6.0,4.0,6.0,4.0,6.0,2.0,,,3.0,1.0,Completed,2.75,1.44,2.65,1.42,2.62,1.44,3.0,1.46,3.0,1.49,2.81,1.44
ATP,2018,40,London,Wimbledon,2018-07-06,Grand Slam,Outdoor,Grass,3rd Round,5,Mannarino A.,Medvedev D.,26,67.0,1580,847.0,6.0,4.0,6.0,3.0,4.0,6.0,5.0,7.0,6.0,3.0,3.0,2.0,Completed,2.0,1.8,1.95,1.75,2.0,1.8,2.04,1.88,2.13,1.88,2.02,1.8
ATP,2018,40,London,Wimbledon,2018-07-06,Grand Slam,Outdoor,Grass,3rd Round,5,Tsitsipas S.,Fabbiano T.,35,133.0,1254,424.0,6.0,2.0,6.0,1.0,6.0,4.0,,,,,3.0,0.0,Completed,1.4,3.0,1.35,2.95,1.4,3.0,1.42,3.17,1.43,3.2,1.39,3.02
ATP,2018,40,London,Wimbledon,2018-07-06,Grand Slam,Outdoor,Grass,3rd Round,5,Isner J.,Albot R.,10,98.0,3045,586.0,6.0,3.0,6.0,3.0,6.0,4.0,,,,,3.0,0.0,Completed,1.16,5.0,1.14,5.0,1.14,5.5,1.15,6.61,1.18,6.61,1.15,5.54
ATP,2018,40,London,Wimbledon,2018-07-06,Grand Slam,Outdoor,Grass,3rd Round,5,Federer R.,Struff J.L.,2,64.0,8720,865.0,6.0,3.0,7.0,5.0,6.0,2.0,,,,,3.0,0.0,Completed,1.02,17.0,1.01,11.5,1.02,15.0,1.03,21.1,1.03,24.75,1.02,16.2
ATP,2018,40,London,Wimbledon,2018-07-06,Grand Slam,Outdoor,Grass,3rd Round,5,Mcdonald M.,Pella G.,103,82.0,554,710.0,6.0,4.0,6.0,4.0,7.0,6.0,,,,,3.0,0.0,Completed,2.2,1.66,2.15,1.62,2.2,1.67,2.33,1.69,2.33,1.71,2.23,1.67
ATP,2018,40,London,Wimbledon,2018-07-07,Grand Slam,Outdoor,Grass,3rd Round,5,Del Potro J.M.,Paire B.,4,47.0,5080,1010.0,6.0,4.0,7.0,6.0,6.0,3.0,,,,,3.0,0.0,Completed,1.11,7.0,1.1,5.9,1.11,6.5,1.12,8.03,1.13,8.4,1.11,6.83
ATP,2018,40,London,Wimbledon,2018-07-07,Grand Slam,Outdoor,Grass,3rd Round,5,Simon G.,Ebden M.,53,51.0,950,989.0,6.0,1.0,6.0,7.0,6.0,3.0,7.0,6.0,,,3.0,1.0,Completed,2.2,1.66,2.15,1.62,2.2,1.67,2.36,1.68,2.36,1.73,2.26,1.65
ATP,2018,40,London,Wimbledon,2018-07-07,Grand Slam,Outdoor,Grass,3rd Round,5,Raonic M.,Novak D.,32,171.0,1430,338.0,7.0,6.0,4.0,6.0,7.0,5.0,6.0,2.0,,,3.0,1.0,Completed,1.08,9.0,1.14,5.0,1.07,8.0,1.09,9.59,1.09,9.85,1.07,8.54
ATP,2018,40,London,Wimbledon,2018-07-07,Grand Slam,Outdoor,Grass,3rd Round,5,Nadal R.,De Minaur A.,1,80.0,8770,723.0,6.0,1.0,6.0,2.0,6.0,4.0,,,,,3.0,0.0,Completed,1.1,8.0,1.07,7.0,1.08,7.5,1.1,9.05,1.1,9.6,1.08,7.88
ATP,2018,40,London,Wimbledon,2018-07-07,Grand Slam,Outdoor,Grass,3rd Round,5,Vesely J.,Fognini F.,93,16.0,640,2030.0,7.0,6.0,3.0,6.0,6.0,3.0,6.0,2.0,,,3.0,1.0,Completed,2.5,1.53,2.4,1.5,2.5,1.53,2.65,1.56,2.65,1.6,2.5,1.54
ATP,2018,40,London,Wimbledon,2018-07-07,Grand Slam,Outdoor,Grass,3rd Round,5,Gulbis E.,Zverev A.,138,3.0,402,5755.0,7.0,6.0,4.0,6.0,5.0,7.0,6.0,3.0,6.0,0.0,3.0,2.0,Completed,5.5,1.14,4.6,1.16,5.0,1.17,5.77,1.18,5.77,1.19,5.24,1.16
ATP,2018,40,London,Wimbledon,2018-07-07,Grand Slam,Outdoor,Grass,3rd Round,5,Khachanov K.,Tiafoe F.,40,52.0,1130,985.0,4.0,6.0,4.0,6.0,7.0,6.0,6.0,2.0,6.0,1.0,3.0,2.0,Completed,1.61,2.3,1.57,2.25,1.61,2.25,1.63,2.47,1.65,2.5,1.6,2.35
ATP,2018,40,London,Wimbledon,2018-07-07,Grand Slam,Outdoor,Grass,3rd Round,5,Djokovic N.,Edmund K.,21,17.0,1715,1950.0,4.0,6.0,6.0,3.0,6.0,2.0,6.0,4.0,,,3.0,1.0,Completed,1.25,4.0,1.24,3.65,1.28,3.75,1.27,4.26,1.3,4.28,1.25,3.98
ATP,2018,40,London,Wimbledon,2018-07-07,Grand Slam,Outdoor,Grass,3rd Round,3,Nishikori K.,Kyrgios N.,28,18.0,1530,1855.0,6.0,1.0,7.0,6.0,6.0,4.0,,,,,3.0,0.0,Completed,3.0,1.4,2.8,1.38,3.0,1.4,2.95,1.47,3.25,1.49,2.96,1.41
ATP,2018,40,London,Wimbledon,2018-07-09,Grand Slam,Outdoor,Grass,4th Round,5,Federer R.,Mannarino A.,2,26.0,8720,1580.0,6.0,0.0,7.0,5.0,6.0,4.0,,,,,3.0,0.0,Completed,1.02,19.0,1.01,11.5,1.03,15.0,1.03,21.1,1.04,24.55,1.02,16.15
ATP,2018,40,London,Wimbledon,2018-07-09,Grand Slam,Outdoor,Grass,4th Round,5,Raonic M.,Mcdonald M.,32,103.0,1430,554.0,6.0,3.0,6.0,4.0,6.0,7.0,6.0,2.0,,,3.0,1.0,Completed,1.11,7.0,1.09,6.25,1.1,7.0,1.1,9.31,1.12,9.31,1.1,7.48
ATP,2018,40,London,Wimbledon,2018-07-09,Grand Slam,Outdoor,Grass,4th Round,5,Nishikori K.,Gulbis E.,28,138.0,1530,402.0,4.0,6.0,7.0,6.0,7.0,6.0,6.0,1.0,,,3.0,1.0,Completed,1.25,3.75,1.24,3.65,1.28,3.75,1.3,4.02,1.32,4.1,1.27,3.83
ATP,2018,40,London,Wimbledon,2018-07-09,Grand Slam,Outdoor,Grass,4th Round,5,Isner J.,Tsitsipas S.,10,35.0,3045,1254.0,6.0,4.0,7.0,6.0,7.0,6.0,,,,,3.0,0.0,Completed,1.5,2.62,1.47,2.5,1.5,2.62,1.5,2.85,1.53,2.85,1.5,2.65
ATP,2018,40,London,Wimbledon,2018-07-09,Grand Slam,Outdoor,Grass,4th Round,5,Anderson K.,Monfils G.,8,44.0,3635,1070.0,7.0,6.0,7.0,6.0,5.0,7.0,7.0,6.0,,,3.0,1.0,Completed,1.61,2.2,1.57,2.25,1.57,2.37,1.57,2.6,1.74,2.6,1.62,2.33
ATP,2018,40,London,Wimbledon,2018-07-09,Grand Slam,Outdoor,Grass,4th Round,5,Nadal R.,Vesely J.,1,93.0,8770,640.0,6.0,3.0,6.0,3.0,6.0,4.0,,,,,3.0,0.0,Completed,1.08,9.0,1.06,7.25,1.08,7.5,1.07,12.18,1.1,12.18,1.07,9.05
ATP,2018,40,London,Wimbledon,2018-07-09,Grand Slam,Outdoor,Grass,4th Round,5,Djokovic N.,Khachanov K.,21,40.0,1715,1130.0,6.0,4.0,6.0,2.0,6.0,2.0,,,,,3.0,0.0,Completed,1.11,7.0,1.11,5.6,1.12,6.0,1.12,7.83,1.15,7.83,1.12,6.43
ATP,2018,40,London,Wimbledon,2018-07-10,Grand Slam,Outdoor,Grass,4th Round,5,Del Potro J.M.,Simon G.,4,53.0,5080,950.0,7.0,6.0,7.0,6.0,5.0,7.0,7.0,6.0,,,3.0,1.0,Completed,1.12,6.0,1.12,5.4,1.12,6.0,1.12,8.03,1.15,8.5,1.12,6.58
ATP,2018,40,London,Wimbledon,2018-07-11,Grand Slam,Outdoor,Grass,Quarterfinals,5,Djokovic N.,Nishikori K.,21,28.0,1715,1530.0,6.0,3.0,3.0,6.0,6.0,2.0,6.0,2.0,,,3.0,1.0,Completed,1.12,6.0,1.12,5.4,1.14,5.5,1.15,6.7,1.17,6.95,1.14,6.11
ATP,2018,40,London,Wimbledon,2018-07-11,Grand Slam,Outdoor,Grass,Quarterfinals,5,Anderson K.,Federer R.,8,2.0,3635,8720.0,2.0,6.0,6.0,7.0,7.0,5.0,6.0,4.0,13.0,11.0,3.0,2.0,Completed,10.0,1.07,7.75,1.05,8.0,1.07,9.52,1.09,12.6,1.1,9.1,1.07
ATP,2018,40,London,Wimbledon,2018-07-11,Grand Slam,Outdoor,Grass,Quarterfinals,5,Nadal R.,Del Potro J.M.,1,4.0,8770,5080.0,7.0,5.0,6.0,7.0,4.0,6.0,6.0,4.0,6.0,4.0,3.0,2.0,Completed,1.36,3.2,1.35,2.95,1.4,3.0,1.41,3.24,1.43,3.35,1.37,3.18
ATP,2018,40,London,Wimbledon,2018-07-11,Grand Slam,Outdoor,Grass,Quarterfinals,5,Isner J.,Raonic M.,10,32.0,3045,1430.0,6.0,7.0,7.0,6.0,6.0,4.0,6.0,3.0,,,3.0,1.0,Completed,2.2,1.66,2.15,1.62,2.2,1.67,2.38,1.67,2.38,1.72,2.27,1.66
ATP,2018,40,London,Wimbledon,2018-07-13,Grand Slam,Outdoor,Grass,Semifinals,5,Anderson K.,Isner J.,8,10.0,3635,3045.0,7.0,6.0,6.0,7.0,6.0,7.0,6.0,4.0,26.0,24.0,3.0,2.0,Completed,2.0,1.8,1.95,1.75,2.0,1.8,2.15,1.82,2.15,1.93,2.01,1.84
ATP,2018,40,London,Wimbledon,2018-07-14,Grand Slam,Outdoor,Grass,Semifinals,5,Djokovic N.,Nadal R.,21,1.0,1715,8770.0,6.0,4.0,3.0,6.0,7.0,6.0,3.0,6.0,10.0,8.0,3.0,2.0,Completed,1.9,1.9,1.95,1.75,2.0,1.8,2.05,1.9,2.05,1.95,1.97,1.87
ATP,2018,40,London,Wimbledon,2018-07-15,Grand Slam,Outdoor,Grass,The Final,5,Djokovic N.,Anderson K.,21,8.0,1715,3635.0,6.0,2.0,6.0,2.0,7.0,6.0,,,,,3.0,0.0,Completed,1.16,5.0,1.17,4.4,1.2,4.5,1.21,5.3,1.25,5.6,1.19,4.95
ATP,2018,53,New York,US Open,2018-08-27,Grand Slam,Outdoor,Hard,1st Round,5,Simon G.,Harris L.,40,145.0,1080,401.0,6.0,2.0,6.0,2.0,6.0,3.0,,,,,3.0,0.0,Completed,2.0,1.8,2.05,1.85,,,2.07,1.84,2.2,1.85,2.05,1.78
ATP,2018,53,New York,US Open,2018-08-27,Grand Slam,Outdoor,Hard,1st Round,5,Lorenzi P.,Edmund K.,94,16.0,603,1935.0,4.0,6.0,6.0,4.0,7.0,5.0,6.0,1.0,,,3.0,1.0,Completed,8.0,1.1,8.25,1.1,,,8.76,1.1,9.1,1.11,7.9,1.08
ATP,2018,53,New York,US Open,2018-08-27,Grand Slam,Outdoor,Hard,1st Round,5,Sonego L.,Muller G.,121,127.0,460,448.0,7.0,6.0,6.0,7.0,5.0,7.0,7.0,6.0,6.0,2.0,3.0,2.0,Completed,2.37,1.57,2.35,1.65,2.2,1.67,2.3,1.69,2.45,1.72,2.28,1.64
ATP,2018,53,New York,US Open,2018-08-27,Grand Slam,Outdoor,Hard,1st Round,5,Khachanov K.,Ramos-Vinolas A.,26,52.0,1525,985.0,6.0,3.0,6.0,2.0,6.0,3.0,,,,,3.0,0.0,Completed,1.1,8.0,1.11,7.75,,,1.11,8.37,1.11,9.4,1.09,7.71
ATP,2018,53,New York,US Open,2018-08-27,Grand Slam,Outdoor,Hard,1st Round,5,Pella G.,Ruud C.,66,143.0,825,401.0,6.0,4.0,6.0,4.0,6.0,1.0,,,,,3.0,0.0,Completed,1.72,2.1,1.77,2.15,,,1.7,2.28,1.77,2.28,1.71,2.15
ATP,2018,53,New York,US Open,2018-08-27,Grand Slam,Outdoor,Hard,1st Round,5,Sock J.,Andreozzi G.,18,113.0,1815,498.0,6.0,0.0,7.0,6.0,6.0,2.0,,,,,3.0,0.0,Completed,1.4,3.0,1.4,3.2,,,1.38,3.35,1.4,3.4,1.36,3.22
ATP,2018,53,New York,US Open,2018-08-27,Grand Slam,Outdoor,Hard,1st Round,5,Raonic M.,Berlocq C.,24,172.0,1575,330.0,7.0,6.0,6.0,4.0,1.0,6.0,6.0,3.0,,,3.0,1.0,Completed,1.03,15.0,1.04,15.0,,,1.02,21.68,1.04,21.68,1.02,15.82
ATP,2018,53,New York,US Open,2018-08-27,Grand Slam,Outdoor,Hard,1st Round,5,Wawrinka S.,Dimitrov G.,101,8.0,560,3790.0,6.0,3.0,6.0,2.0,7.0,5.0,,,,,3.0,0.0,Completed,1.72,2.1,1.77,2.15,1.73,2.1,1.91,2.0,1.91,2.19,1.77,2.06
ATP,2018,53,New York,US Open,2018-08-27,Grand Slam,Outdoor,Hard,1st Round,5,Jarry N.,Gojowczyk P.,42,47.0,1063,1038.0,7.0,6.0,4.0,6.0,6.0,1.0,7.0,5.0,,,3.0,1.0,Completed,1.8,2.0,1.85,2.05,1.8,2.0,2.06,1.85,2.06,2.05,1.91,1.91
ATP,2018,53,New York,US Open,2018-08-27,Grand Slam,Outdoor,Hard,1st Round,5,Humbert U.,Altamirano C.,139,345.0,411,128.0,6.0,3.0,7.0,6.0,6.0,3.0,,,,,3.0,0.0,Completed,1.57,2.37,1.57,2.55,1.53,2.5,1.53,2.69,1.61,2.69,1.54,2.51
ATP,2018,53,New York,US Open,2018-08-27,Grand Slam,Outdoor,Hard,1st Round,5,Murray A.,Duckworth J.,382,448.0,110,83.0,6.0,7.0,6.0,3.0,7.0,5.0,6.0,3.0,,,3.0,1.0,Completed,1.1,8.0,1.12,7.25,1.11,6.5,1.11,8.2,1.15,8.3,1.1,7.33
ATP,2018,53,New York,US Open,2018-08-27,Grand Slam,Outdoor,Hard,1st Round,5,Kubler J.,Bautista Agut R.,98,22.0,578,1650.0,6.0,3.0,6.0,3.0,6.0,4.0,,,,,3.0,0.0,Completed,3.5,1.3,3.7,1.32,3.75,1.28,3.78,1.32,4.0,1.35,3.6,1.3
ATP,2018,53,New York,US Open,2018-08-27,Grand Slam,Outdoor,Hard,1st Round,5,Isner J.,Klahn B.,11,92.0,3200,618.0,7.0,6.0,6.0,3.0,6.0,4.0,,,,,3.0,0.0,Completed,1.16,5.0,1.19,5.25,1.17,5.0,1.19,5.43,1.22,5.43,1.18,4.92
ATP,2018,53,New York,US Open,2018-08-27,Grand Slam,Outdoor,Hard,1st Round,5,Basilashvili N.,Bedene A.,37,78.0,1152,725.0,6.0,2.0,4.0,6.0,6.0,2.0,2.0,6.0,6.0,4.0,3.0,2.0,Completed,1.66,2.2,1.7,2.25,1.61,2.25,1.68,2.34,1.74,2.34,1.67,2.23
ATP,2018,53,New York,US Open,2018-08-27,Grand Slam,Outdoor,Hard,1st Round,5,Verdasco F.,Lopez F.,32,63.0,1330,850.0,6.0,2.0,7.0,5.0,6.0,4.0,,,,,3.0,0.0,Completed,1.53,2.5,1.57,2.55,1.53,2.5,1.62,2.46,1.62,2.64,1.56,2.47
ATP,2018,53,New York,US Open,2018-08-27,Grand Slam,Outdoor,Hard,1st Round,5,Fritz T.,Zverev M.,74,48.0,780,1030.0,4.0,6.0,2.0,6.0,6.0,4.0,7.0,6.0,6.0,2.0,3.0,2.0,Completed,1.8,2.0,1.8,2.1,1.91,1.91,1.83,2.09,1.91,2.2,1.77,2.07
ATP,2018,53,New York,US Open,2018-08-27,Grand Slam,Outdoor,Hard,1st Round,5,Lajovic D.,Dzumhur D.,62,27.0,865,1475.0,3.0,6.0,6.0,1.0,6.0,3.0,6.0,4.0,,,3.0,1.0,Completed,1.72,2.1,1.73,2.2,1.67,2.2,1.73,2.24,1.81,2.25,1.73,2.13
ATP,2018,53,New York,US Open,2018-08-27,Grand Slam,Outdoor,Hard,1st Round,5,Carballes Baena R.,Krueger M.,97,267.0,580,200.0,3.0,6.0,6.0,2.0,6.0,4.0,7.0,6.0,,,3.0,1.0,Completed,2.0,1.8,2.0,1.9,1.91,1.91,2.01,1.9,2.08,1.91,1.96,1.85
ATP,2018,53,New York,US Open,2018-08-27,Grand Slam,Outdoor,Hard,1st Round,5,Chardy J.,Rublev A.,46,38.0,1040,1145.0,6.0,2.0,4.0,6.0,6.0,4.0,6.0,1.0,,,3.0,1.0,Completed,2.37,1.57,2.55,1.57,2.25,1.61,2.57,1.57,2.68,1.62,2.5,1.54
ATP,2018,53,New York,US Open,2018-08-27,Grand Slam,Outdoor,Hard,1st Round,5,Coric B.,Mayer F.,20,193.0,1735,288.0,6.0,2.0,6.0,2.0,5.0,7.0,6.0,4.0,,,3.0,1.0,Completed,1.03,15.0,1.04,15.0,1.05,10.0,1.05,14.32,1.05,18.56,1.03,13.48
ATP,2018,53,New York,US Open,2018-08-27,Grand Slam,Outdoor,Hard,1st Round,5,Seppi A.,Querrey S.,51,35.0,986,1225.0,6.0,7.0,6.0,4.0,6.0,2.0,2.0,1.0,,,2.0,1.0,Retired,3.5,1.3,3.7,1.32,3.5,1.3,3.56,1.34,3.9,1.34,3.61,1.3
ATP,2018,53,New York,US Open,2018-08-27,Grand Slam,Outdoor,Hard,1st Round,5,Norrie C.,Thompson J.,67,108.0,824,520.0,7.0,5.0,4.0,6.0,6.0,4.0,6.0,3.0,,,3.0,1.0,Completed,1.4,3.0,1.38,3.0,1.4,3.0,1.41,3.14,1.42,3.19,1.39,3.03
ATP,2018,53,New York,US Open,2018-08-27,Grand Slam,Outdoor,Hard,1st Round,5,Shapovalov D.,Auger-Aliassime F.,28,117.0,1385,480.0,7.0,5.0,5.0,7.0,4.0,1.0,,,,,1.0,1.0,Retired,1.36,3.2,1.35,3.5,1.33,3.4,1.35,3.52,1.37,3.54,1.34,3.3
ATP,2018,53,New York,US Open,2018-08-27,Grand Slam,Outdoor,Hard,1st Round,5,Anderson K.,Harrison R.,5,53.0,4615,980.0,7.0,6.0,5.0,7.0,4.0,6.0,6.0,3.0,6.0,4.0,3.0,2.0,Completed,1.22,4.33,1.27,4.1,1.28,3.75,1.24,4.64,1.3,4.64,1.23,4.26
ATP,2018,53,New York,US Open,2018-08-27,Grand Slam,Outdoor,Hard,1st Round,5,Pospisil V.,Lacko L.,88,77.0,642,736.0,7.0,5.0,6.0,3.0,6.0,2.0,,,,,3.0,0.0,Completed,1.61,2.3,1.7,2.25,1.73,2.1,1.69,2.3,1.75,2.38,1.66,2.25
ATP,2018,53,New York,US Open,2018-08-27,Grand Slam,Outdoor,Hard,1st Round,5,Medvedev D.,Donskoy E.,36,80.0,1182,718.0,7.0,5.0,6.0,4.0,6.0,2.0,,,,,3.0,0.0,Completed,1.36,3.2,1.35,3.5,1.4,3.0,1.37,3.4,1.4,3.5,1.35,3.24
ATP,2018,53,New York,US Open,2018-08-27,Grand Slam,Outdoor,Hard,1st Round,5,Tsitsipas S.,Robredo T.,15,214.0,2042,260.0,6.0,3.0,7.0,6.0,6.0,4.0,,,,,3.0,0.0,Completed,1.14,5.5,1.15,6.25,1.14,5.5,1.12,7.48,1.17,7.48,1.13,6.22
ATP,2018,53,New York,US Open,2018-08-27,Grand Slam,Outdoor,Hard,1st Round,5,Kudla D.,Berrettini M.,72,57.0,785,909.0,6.0,4.0,7.0,5.0,6.0,2.0,,,,,3.0,0.0,Completed,2.0,1.8,2.05,1.85,2.0,1.8,2.06,1.85,2.06,1.87,2.01,1.81
ATP,2018,53,New York,US Open,2018-08-27,Grand Slam,Outdoor,Hard,1st Round,5,Johnson S.,Istomin D.,31,76.0,1340,759.0,6.0,3.0,7.0,6.0,6.0,3.0,,,,,3.0,0.0,Completed,1.28,3.75,1.3,3.85,1.28,3.75,1.33,3.64,1.34,4.0,1.3,3.63
ATP,2018,53,New York,US Open,2018-08-28,Grand Slam,Outdoor,Hard,1st Round,5,Thiem D.,Basic M.,9,81.0,3485,713.0,6.0,3.0,6.0,1.0,6.0,4.0,,,,,3.0,0.0,Completed,1.14,5.5,1.15,6.25,1.14,5.5,1.12,7.45,1.15,7.45,1.12,6.36
ATP,2018,53,New York,US Open,2018-08-28,Grand Slam,Outdoor,Hard,1st Round,5,Del Potro J.M.,Young D.,3,246.0,5500,222.0,6.0,0.0,6.0,3.0,6.0,4.0,,,,,3.0,0.0,Completed,1.05,12.0,1.05,7.75,1.08,7.5,1.06,12.38,1.09,12.38,1.06,9.89
ATP,2018,53,New York,US Open,2018-08-28,Grand Slam,Outdoor,Hard,1st Round,5,Nadal R.,Ferrer D.,1,148.0,10040,390.0,6.0,3.0,3.0,4.0,,,,,,,1.0,0.0,Retired,1.01,23.0,1.01,11.5,1.01,21.0,1.01,29.16,1.03,29.16,1.01,18.45
ATP,2018,53,New York,US Open,2018-08-28,Grand Slam,Outdoor,Hard,1st Round,5,Chung H.,Berankis R.,23,104.0,1630,540.0,4.0,6.0,7.0,6.0,6.0,0.0,2.0,0.0,,,2.0,1.0,Retired,1.11,7.0,1.12,8.0,1.11,6.5,1.11,8.24,1.12,8.4,1.1,7.36
ATP,2018,53,New York,US Open,2018-08-28,Grand Slam,Outdoor,Hard,1st Round,5,Djere L.,Mayer L.,89,43.0,636,1061.0,6.0,4.0,6.0,4.0,4.0,6.0,2.0,1.0,,,2.0,1.0,Retired,5.0,1.16,5.5,1.19,,,5.12,1.21,5.52,1.21,5.0,1.18
ATP,2018,53,New York,US Open,2018-08-28,Grand Slam,Outdoor,Hard,1st Round,5,Kukushkin M.,Rubin N.,84,135.0,681,418.0,6.0,3.0,6.0,1.0,4.0,6.0,7.0,6.0,,,3.0,1.0,Completed,2.0,1.8,1.95,1.95,1.91,1.91,2.04,1.87,2.05,1.95,1.99,1.84
ATP,2018,53,New York,US Open,2018-08-28,Grand Slam,Outdoor,Hard,1st Round,5,Struff J.L.,Smyczek T.,58,103.0,905,545.0,7.0,6.0,6.0,4.0,6.0,3.0,,,,,3.0,0.0,Completed,1.44,2.75,1.5,2.85,1.5,2.62,1.56,2.6,1.56,2.85,1.5,2.62
ATP,2018,53,New York,US Open,2018-08-28,Grand Slam,Outdoor,Hard,1st Round,5,Gasquet R.,Sugita Y.,25,91.0,1535,625.0,6.0,3.0,6.0,1.0,6.0,3.0,,,,,3.0,0.0,Completed,1.16,5.0,1.21,5.2,1.2,4.5,1.18,5.76,1.22,5.8,1.18,5.02
ATP,2018,53,New York,US Open,2018-08-28,Grand Slam,Outdoor,Hard,1st Round,5,Sousa J.,Granollers M.,68,107.0,816,521.0,6.0,2.0,6.0,2.0,6.0,3.0,,,,,3.0,0.0,Completed,1.9,1.9,1.88,2.05,1.8,2.0,1.86,2.05,1.91,2.05,1.85,1.98
ATP,2018,53,New York,US Open,2018-08-28,Grand Slam,Outdoor,Hard,1st Round,5,Hurkacz H.,Travaglia S.,109,141.0,515,409.0,6.0,2.0,2.0,6.0,7.0,6.0,3.0,0.0,,,2.0,1.0,Retired,1.57,2.37,1.7,2.3,1.61,2.25,1.63,2.44,1.7,2.5,1.61,2.36
ATP,2018,53,New York,US Open,2018-08-28,Grand Slam,Outdoor,Hard,1st Round,5,Cilic M.,Copil M.,7,82.0,4445,700.0,7.0,5.0,6.0,1.0,1.0,1.0,,,,,2.0,0.0,Retired,1.1,8.0,1.1,9.0,1.07,7.5,1.07,11.51,1.1,11.51,1.07,8.79
ATP,2018,53,New York,US Open,2018-08-28,Grand Slam,Outdoor,Hard,1st Round,5,Sandgren T.,Troicki V.,61,102.0,876,552.0,6.0,3.0,6.0,4.0,6.0,2.0,,,,,3.0,0.0,Completed,1.22,4.33,1.25,4.5,1.22,4.33,1.17,5.8,1.3,5.84,1.2,4.64
ATP,2018,53,New York,US Open,2018-08-28,Grand Slam,Outdoor,Hard,1st Round,5,Carreno Busta P.,Jaziri M.,12,59.0,2425,904.0,7.0,5.0,6.0,2.0,6.0,2.0,,,,,3.0,0.0,Completed,1.12,6.0,1.15,6.5,1.14,5.5,1.13,6.98,1.16,7.29,1.13,6.33
ATP,2018,53,New York,US Open,2018-08-28,Grand Slam,Outdoor,Hard,1st Round,5,Benneteau J.,Cecchinato M.,60,21.0,891,1734.0,2.0,6.0,7.0,6.0,6.0,3.0,6.0,4.0,,,3.0,1.0,Completed,2.3,1.61,2.4,1.65,2.37,1.57,2.29,1.7,2.41,1.7,2.28,1.64
ATP,2018,53,New York,US Open,2018-08-28,Grand Slam,Outdoor,Hard,1st Round,5,Millman J.,Brooksby J.,55,1229.0,963,5.0,6.0,4.0,6.0,2.0,6.0,0.0,,,,,3.0,0.0,Completed,1.02,17.0,1.04,17.0,1.04,11.0,1.05,14.02,1.06,17.0,1.03,12.99
ATP,2018,53,New York,US Open,2018-08-28,Grand Slam,Outdoor,Hard,1st Round,5,Djokovic N.,Fucsovics M.,6,41.0,4445,1072.0,6.0,3.0,3.0,6.0,6.0,4.0,6.0,0.0,,,3.0,1.0,Completed,1.02,19.0,1.03,20.0,1.03,13.0,1.04,16.99,1.05,20.0,1.03,14.74
ATP,2018,53,New York,US Open,2018-08-28,Grand Slam,Outdoor,Hard,1st Round,5,Schwartzman D.,Delbonis F.,13,111.0,2380,510.0,6.0,2.0,7.0,6.0,6.0,2.0,,,,,3.0,0.0,Completed,1.16,5.0,1.18,5.8,1.17,5.0,1.16,6.09,1.2,6.15,1.15,5.55
ATP,2018,53,New York,US Open,2018-08-28,Grand Slam,Outdoor,Hard,1st Round,5,Munar J.,Bemelmans R.,85,128.0,670,445.0,5.0,7.0,6.0,3.0,7.0,6.0,2.0,6.0,6.0,1.0,3.0,2.0,Completed,1.66,2.2,1.73,2.25,1.67,2.2,1.77,2.18,1.77,2.27,1.7,2.19
ATP,2018,53,New York,US Open,2018-08-28,Grand Slam,Outdoor,Hard,1st Round,5,Mahut N.,Moutet C.,131,112.0,433,502.0,6.0,2.0,7.0,5.0,5.0,7.0,6.0,4.0,,,3.0,1.0,Completed,1.66,2.2,1.73,2.25,1.73,2.1,1.78,2.17,1.8,2.25,1.73,2.15
ATP,2018,53,New York,US Open,2018-08-28,Grand Slam,Outdoor,Hard,1st Round,5,Fognini F.,Mmoh M.,14,120.0,2190,464.0,4.0,6.0,6.0,2.0,6.0,4.0,7.0,6.0,,,3.0,1.0,Completed,1.22,4.33,1.25,4.5,1.25,4.0,1.24,4.57,1.25,4.7,1.22,4.37
ATP,2018,53,New York,US Open,2018-08-28,Grand Slam,Outdoor,Hard,1st Round,5,Kohlschreiber P.,Hanfmann Y.,34,129.0,1235,442.0,7.0,6.0,5.0,7.0,6.0,4.0,6.0,4.0,,,3.0,1.0,Completed,1.36,3.2,1.37,3.45,1.33,3.25,1.33,3.7,1.37,3.75,1.32,3.46
ATP,2018,53,New York,US Open,2018-08-28,Grand Slam,Outdoor,Hard,1st Round,5,Haase R.,Mcdonald M.,49,79.0,1010,719.0,4.0,6.0,4.0,6.0,6.0,3.0,6.0,1.0,6.0,3.0,3.0,2.0,Completed,1.53,2.5,1.57,2.6,1.53,2.5,1.55,2.64,1.57,2.65,1.53,2.54
ATP,2018,53,New York,US Open,2018-08-28,Grand Slam,Outdoor,Hard,1st Round,5,Pouille L.,Maden Y.,17,125.0,1915,452.0,7.0,6.0,6.0,2.0,7.0,5.0,,,,,3.0,0.0,Completed,1.5,2.62,1.5,2.85,1.53,2.5,1.52,2.72,1.54,2.85,1.5,2.63
ATP,2018,53,New York,US Open,2018-08-28,Grand Slam,Outdoor,Hard,1st Round,5,Zverev A.,Polansky P.,4,119.0,4845,468.0,6.0,2.0,6.0,1.0,6.0,2.0,,,,,3.0,0.0,Completed,1.06,11.0,1.09,9.75,1.07,8.0,1.06,12.26,1.09,12.6,1.06,9.89
ATP,2018,53,New York,US Open,2018-08-28,Grand Slam,Outdoor,Hard,1st Round,5,Ebden M.,Krajinovic F.,54,33.0,969,1314.0,7.0,6.0,6.0,7.0,4.0,6.0,6.0,1.0,4.0,1.0,2.0,2.0,Retired,2.2,1.66,2.35,1.67,2.2,1.67,2.29,1.7,2.38,1.7,2.27,1.65
ATP,2018,53,New York,US Open,2018-08-28,Grand Slam,Outdoor,Hard,1st Round,5,Baghdatis M.,Youzhny M.,93,106.0,615,521.0,6.0,4.0,6.0,4.0,2.0,6.0,3.0,1.0,,,2.0,1.0,Retired,1.4,3.0,1.42,3.2,1.4,3.0,1.42,3.11,1.42,3.2,1.39,3.04
ATP,2018,53,New York,US Open,2018-08-28,Grand Slam,Outdoor,Hard,1st Round,5,Goffin D.,Gaio F.,10,242.0,3435,232.0,6.0,2.0,6.0,4.0,7.0,6.0,,,,,3.0,0.0,Completed,1.06,11.0,1.08,11.0,1.06,9.0,1.12,7.79,1.12,11.49,1.06,9.5
ATP,2018,53,New York,US Open,2018-08-28,Grand Slam,Outdoor,Hard,1st Round,5,Monfils G.,Bagnis F.,39,149.0,1115,386.0,7.0,6.0,3.0,6.0,6.0,0.0,6.0,0.0,,,3.0,1.0,Completed,1.33,3.4,1.35,3.6,1.33,3.4,1.37,3.42,1.37,3.6,1.34,3.34
ATP,2018,53,New York,US Open,2018-08-28,Grand Slam,Outdoor,Hard,1st Round,5,Paire B.,Novak D.,56,140.0,955,409.0,7.0,6.0,3.0,6.0,7.0,5.0,7.0,6.0,,,3.0,1.0,Completed,1.61,2.3,1.7,2.3,1.67,2.2,1.66,2.36,1.7,2.38,1.66,2.27
ATP,2018,53,New York,US Open,2018-08-28,Grand Slam,Outdoor,Hard,1st Round,5,Tiafoe F.,Mannarino A.,44,29.0,1055,1365.0,6.0,1.0,6.0,4.0,4.0,6.0,6.0,4.0,,,3.0,1.0,Completed,1.53,2.5,1.57,2.6,1.53,2.5,1.57,2.57,1.57,2.63,1.54,2.52
ATP,2018,53,New York,US Open,2018-08-28,Grand Slam,Outdoor,Hard,1st Round,5,Herbert P.H.,Bhambri Y.,75,96.0,764,582.0,6.0,3.0,7.0,6.0,7.0,5.0,,,,,3.0,0.0,Completed,1.44,2.75,1.47,2.95,1.44,2.75,1.45,2.98,1.49,3.04,1.44,2.84
ATP,2018,53,New York,US Open,2018-08-28,Grand Slam,Outdoor,Hard,1st Round,5,De Minaur A.,Daniel T.,45,64.0,1043,834.0,6.0,0.0,6.0,1.0,6.0,2.0,,,,,3.0,0.0,Completed,1.5,2.62,1.47,2.95,,,1.45,2.99,1.52,2.99,1.47,2.73
ATP,2018,53,New York,US Open,2018-08-28,Grand Slam,Outdoor,Hard,1st Round,5,Nishikori K.,Marterer M.,19,50.0,1755,997.0,6.0,2.0,6.0,2.0,6.0,3.0,,,,,3.0,0.0,Completed,1.12,6.0,1.16,6.25,1.14,5.5,1.17,5.85,1.18,6.25,1.14,5.74
ATP,2018,53,New York,US Open,2018-08-29,Grand Slam,Outdoor,Hard,1st Round,5,Federer R.,Nishioka Y.,2,177.0,7080,323.0,6.0,2.0,6.0,2.0,6.0,4.0,,,,,3.0,0.0,Completed,1.02,17.0,1.03,20.0,1.02,15.0,1.02,22.77,1.05,28.0,1.02,17.46
ATP,2018,53,New York,US Open,2018-08-29,Grand Slam,Outdoor,Hard,1st Round,5,Kyrgios N.,Albot R.,30,95.0,1345,598.0,7.0,5.0,2.0,6.0,6.0,4.0,6.0,2.0,,,3.0,1.0,Completed,1.11,7.0,1.14,7.0,,,1.12,7.52,1.14,8.1,1.11,6.88
ATP,2018,53,New York,US Open,2018-08-29,Grand Slam,Outdoor,Hard,2nd Round,5,Coric B.,Carballes Baena R.,20,97.0,1735,580.0,7.0,6.0,6.0,2.0,6.0,3.0,,,,,3.0,0.0,Completed,1.08,9.0,1.1,9.0,1.08,7.5,1.08,9.87,1.11,10.0,1.08,8.26
ATP,2018,53,New York,US Open,2018-08-29,Grand Slam,Outdoor,Hard,2nd Round,5,Medvedev D.,Tsitsipas S.,36,15.0,1182,2042.0,6.0,4.0,6.0,3.0,4.0,6.0,6.0,3.0,,,3.0,1.0,Completed,2.37,1.57,2.55,1.6,2.5,1.5,2.52,1.59,2.55,1.65,2.37,1.6
ATP,2018,53,New York,US Open,2018-08-29,Grand Slam,Outdoor,Hard,2nd Round,5,Wawrinka S.,Humbert U.,101,139.0,560,411.0,7.0,6.0,4.0,6.0,6.0,3.0,7.0,5.0,,,3.0,1.0,Completed,1.08,9.0,1.11,8.5,1.11,6.5,1.11,8.04,1.13,9.1,1.1,7.38
ATP,2018,53,New York,US Open,2018-08-29,Grand Slam,Outdoor,Hard,2nd Round,5,Raonic M.,Simon G.,24,40.0,1575,1080.0,6.0,3.0,6.0,4.0,6.0,4.0,,,,,3.0,0.0,Completed,1.25,4.0,1.27,4.3,1.25,4.0,1.27,4.26,1.28,4.51,1.24,4.12
ATP,2018,53,New York,US Open,2018-08-29,Grand Slam,Outdoor,Hard,2nd Round,5,Thiem D.,Johnson S.,9,31.0,3485,1340.0,6.0,7.0,6.0,3.0,5.0,7.0,6.0,4.0,6.0,1.0,3.0,2.0,Completed,1.57,2.37,1.57,2.6,1.53,2.5,1.56,2.6,1.6,2.6,1.54,2.5
ATP,2018,53,New York,US Open,2018-08-29,Grand Slam,Outdoor,Hard,2nd Round,5,Fritz T.,Kubler J.,74,98.0,780,578.0,6.0,3.0,3.0,6.0,6.0,3.0,,,,,2.0,1.0,Retired,1.57,2.37,1.6,2.55,1.53,2.5,1.56,2.59,1.6,2.59,1.55,2.48
ATP,2018,53,New York,US Open,2018-08-29,Grand Slam,Outdoor,Hard,2nd Round,5,Verdasco F.,Murray A.,32,382.0,1330,110.0,7.0,5.0,2.0,6.0,6.0,4.0,6.0,4.0,,,3.0,1.0,Completed,2.3,1.61,2.35,1.67,2.25,1.61,2.32,1.68,2.44,1.68,2.32,1.63
ATP,2018,53,New York,US Open,2018-08-29,Grand Slam,Outdoor,Hard,2nd Round,5,Del Potro J.M.,Kudla D.,3,72.0,5500,785.0,6.0,3.0,6.0,1.0,7.0,6.0,,,,,3.0,0.0,Completed,1.08,9.0,1.09,9.75,1.07,8.0,1.08,10.07,1.09,10.28,1.07,8.92
ATP,2018,53,New York,US Open,2018-08-29,Grand Slam,Outdoor,Hard,2nd Round,5,Lajovic D.,Norrie C.,62,67.0,865,824.0,6.0,2.0,2.0,6.0,6.0,4.0,6.0,4.0,,,3.0,1.0,Completed,2.1,1.72,2.15,1.8,2.1,1.73,2.05,1.86,2.24,1.86,2.12,1.74
ATP,2018,53,New York,US Open,2018-08-29,Grand Slam,Outdoor,Hard,2nd Round,5,Isner J.,Jarry N.,11,42.0,3200,1063.0,6.0,7.0,6.0,4.0,3.0,6.0,7.0,6.0,6.0,4.0,3.0,2.0,Completed,1.2,4.5,1.22,5.0,1.2,4.5,1.21,5.13,1.22,5.3,1.19,4.83
ATP,2018,53,New York,US Open,2018-08-29,Grand Slam,Outdoor,Hard,2nd Round,5,Pella G.,Lorenzi P.,66,94.0,825,603.0,7.0,5.0,6.0,0.0,6.0,2.0,,,,,3.0,0.0,Completed,1.44,2.75,1.5,2.85,1.5,2.62,1.5,2.8,1.54,2.85,1.48,2.69
ATP,2018,53,New York,US Open,2018-08-29,Grand Slam,Outdoor,Hard,2nd Round,5,Anderson K.,Chardy J.,5,46.0,4615,1040.0,6.0,2.0,6.0,4.0,6.0,4.0,,,,,3.0,0.0,Completed,1.28,3.75,1.3,4.0,1.25,4.0,1.29,3.97,1.3,4.02,1.28,3.79
ATP,2018,53,New York,US Open,2018-08-29,Grand Slam,Outdoor,Hard,2nd Round,5,Shapovalov D.,Seppi A.,28,51.0,1385,986.0,6.0,4.0,4.0,6.0,5.0,7.0,7.0,6.0,6.0,4.0,3.0,2.0,Completed,1.36,3.2,1.38,3.4,1.36,3.25,1.42,3.14,1.42,3.5,1.35,3.24
ATP,2018,53,New York,US Open,2018-08-29,Grand Slam,Outdoor,Hard,2nd Round,5,Khachanov K.,Sonego L.,26,121.0,1525,460.0,7.0,5.0,6.0,3.0,6.0,3.0,,,,,3.0,0.0,Completed,1.06,11.0,1.09,9.75,1.07,8.0,1.07,11.64,1.09,13.5,1.06,10.05
ATP,2018,53,New York,US Open,2018-08-30,Grand Slam,Outdoor,Hard,2nd Round,5,Basilashvili N.,Sock J.,37,18.0,1152,1815.0,4.0,6.0,6.0,3.0,6.0,2.0,7.0,6.0,,,3.0,1.0,Completed,3.2,1.36,3.4,1.38,3.25,1.36,3.31,1.38,3.4,1.53,3.09,1.38
ATP,2018,53,New York,US Open,2018-08-30,Grand Slam,Outdoor,Hard,2nd Round,5,Nadal R.,Pospisil V.,1,88.0,10040,642.0,6.0,3.0,6.0,4.0,6.0,2.0,,,,,3.0,0.0,Completed,1.02,19.0,1.03,20.0,1.03,15.0,1.02,23.34,1.03,25.0,1.02,17.88
ATP,2018,53,New York,US Open,2018-08-30,Grand Slam,Outdoor,Hard,2nd Round,5,Kukushkin M.,Chung H.,84,23.0,681,1630.0,7.0,6.0,6.0,2.0,6.0,3.0,,,,,3.0,0.0,Completed,3.0,1.4,3.2,1.42,3.0,1.4,2.9,1.47,3.2,1.47,2.94,1.42
ATP,2018,53,New York,US Open,2018-08-30,Grand Slam,Outdoor,Hard,2nd Round,5,Millman J.,Fognini F.,55,14.0,963,2190.0,6.0,1.0,4.0,6.0,6.0,4.0,6.0,1.0,,,3.0,1.0,Completed,2.62,1.5,2.8,1.5,2.75,1.44,2.73,1.52,2.9,1.64,2.68,1.48
ATP,2018,53,New York,US Open,2018-08-30,Grand Slam,Outdoor,Hard,2nd Round,5,Kyrgios N.,Herbert P.H.,30,75.0,1345,764.0,4.0,6.0,7.0,6.0,6.0,3.0,6.0,0.0,,,3.0,1.0,Completed,1.2,4.5,1.22,5.0,1.2,4.5,1.21,4.97,1.24,5.03,1.2,4.66
ATP,2018,53,New York,US Open,2018-08-30,Grand Slam,Outdoor,Hard,2nd Round,5,Schwartzman D.,Munar J.,13,85.0,2380,670.0,6.0,2.0,6.0,0.0,5.0,7.0,6.0,2.0,,,3.0,1.0,Completed,1.16,5.0,1.19,5.5,1.17,5.0,1.22,4.93,1.22,5.6,1.18,5.1
ATP,2018,53,New York,US Open,2018-08-30,Grand Slam,Outdoor,Hard,2nd Round,5,Zverev A.,Mahut N.,4,131.0,4845,433.0,6.0,4.0,6.0,4.0,6.0,2.0,,,,,3.0,0.0,Completed,1.04,13.0,1.05,15.0,1.04,11.0,1.04,15.01,1.05,16.1,1.03,13.39
ATP,2018,53,New York,US Open,2018-08-30,Grand Slam,Outdoor,Hard,2nd Round,5,Kohlschreiber P.,Ebden M.,34,54.0,1235,969.0,6.0,7.0,6.0,3.0,6.0,2.0,6.0,0.0,,,3.0,1.0,Completed,1.5,2.62,1.52,2.75,1.44,2.75,1.53,2.71,1.53,2.88,1.49,2.67
ATP,2018,53,New York,US Open,2018-08-30,Grand Slam,Outdoor,Hard,2nd Round,5,Sousa J.,Carreno Busta P.,68,12.0,816,2425.0,4.0,6.0,6.0,3.0,5.0,7.0,6.0,2.0,2.0,0.0,2.0,2.0,Retired,3.75,1.28,4.0,1.3,3.75,1.28,3.78,1.32,4.0,1.32,3.71,1.29
ATP,2018,53,New York,US Open,2018-08-30,Grand Slam,Outdoor,Hard,2nd Round,5,Struff J.L.,Benneteau J.,58,60.0,905,891.0,6.0,2.0,4.0,6.0,6.0,1.0,3.0,6.0,6.0,3.0,3.0,2.0,Completed,1.5,2.62,1.55,2.65,1.44,2.75,1.53,2.71,1.55,2.92,1.48,2.71
ATP,2018,53,New York,US Open,2018-08-30,Grand Slam,Outdoor,Hard,2nd Round,5,Federer R.,Paire B.,2,56.0,7080,955.0,7.0,5.0,6.0,4.0,6.0,4.0,,,,,3.0,0.0,Completed,1.04,13.0,1.05,15.0,1.04,11.0,1.05,14.62,1.05,15.0,1.04,12.6
ATP,2018,53,New York,US Open,2018-08-30,Grand Slam,Outdoor,Hard,2nd Round,5,Pouille L.,Baghdatis M.,17,93.0,1915,615.0,6.0,7.0,6.0,4.0,6.0,4.0,6.0,3.0,,,3.0,1.0,Completed,1.5,2.62,1.52,2.75,1.5,2.62,1.56,2.61,1.56,2.75,1.5,2.62
ATP,2018,53,New York,US Open,2018-08-30,Grand Slam,Outdoor,Hard,2nd Round,5,Goffin D.,Haase R.,10,49.0,3435,1010.0,6.0,2.0,6.0,7.0,6.0,3.0,6.0,2.0,,,3.0,1.0,Completed,1.25,4.0,1.28,4.2,1.25,4.0,1.29,4.05,1.29,4.2,1.26,3.95
ATP,2018,53,New York,US Open,2018-08-30,Grand Slam,Outdoor,Hard,2nd Round,5,De Minaur A.,Tiafoe F.,45,44.0,1043,1055.0,6.0,4.0,6.0,0.0,5.0,7.0,6.0,2.0,,,3.0,1.0,Completed,2.0,1.8,2.05,1.85,2.0,1.73,2.33,1.68,2.33,1.95,2.04,1.81
ATP,2018,53,New York,US Open,2018-08-31,Grand Slam,Outdoor,Hard,2nd Round,5,Cilic M.,Hurkacz H.,7,109.0,4445,515.0,6.0,2.0,6.0,0.0,6.0,0.0,,,,,3.0,0.0,Completed,1.08,9.0,1.09,9.75,1.08,7.5,1.07,11.23,1.1,11.27,1.06,9.46
ATP,2018,53,New York,US Open,2018-08-31,Grand Slam,Outdoor,Hard,2nd Round,5,Djokovic N.,Sandgren T.,6,61.0,4445,876.0,6.0,1.0,6.0,3.0,6.0,7.0,6.0,2.0,,,3.0,1.0,Completed,1.02,17.0,1.03,20.0,1.02,13.0,1.02,21.08,1.04,22.5,1.02,16.84
ATP,2018,53,New York,US Open,2018-08-31,Grand Slam,Outdoor,Hard,2nd Round,5,Nishikori K.,Monfils G.,19,39.0,1755,1115.0,6.0,2.0,5.0,4.0,,,,,,,1.0,0.0,Retired,1.44,2.75,1.5,2.8,1.44,2.75,1.43,3.08,1.5,3.16,1.43,2.87
ATP,2018,53,New York,US Open,2018-08-31,Grand Slam,Outdoor,Hard,2nd Round,5,Gasquet R.,Djere L.,25,89.0,1535,636.0,6.0,3.0,7.0,6.0,6.0,3.0,,,,,3.0,0.0,Completed,1.12,6.0,1.14,7.0,1.14,5.5,1.13,7.01,1.18,7.01,1.12,6.31
ATP,2018,53,New York,US Open,2018-08-31,Grand Slam,Outdoor,Hard,3rd Round,5,Basilashvili N.,Pella G.,37,66.0,1152,825.0,6.0,3.0,6.0,4.0,1.0,6.0,7.0,6.0,,,3.0,1.0,Completed,2.1,1.72,2.25,1.73,2.2,1.67,2.22,1.74,2.25,1.81,2.16,1.72
ATP,2018,53,New York,US Open,2018-08-31,Grand Slam,Outdoor,Hard,3rd Round,5,Thiem D.,Fritz T.,9,74.0,3485,780.0,3.0,6.0,6.0,3.0,7.0,6.0,6.0,4.0,,,3.0,1.0,Completed,1.25,4.0,1.28,4.2,1.25,4.0,1.3,3.89,1.3,4.65,1.25,4.09
ATP,2018,53,New York,US Open,2018-08-31,Grand Slam,Outdoor,Hard,3rd Round,5,Nadal R.,Khachanov K.,1,26.0,10040,1525.0,5.0,7.0,7.0,5.0,7.0,6.0,7.0,6.0,,,3.0,1.0,Completed,1.08,9.0,1.09,9.75,1.07,9.0,1.09,9.58,1.11,10.4,1.08,8.56
ATP,2018,53,New York,US Open,2018-08-31,Grand Slam,Outdoor,Hard,3rd Round,5,Anderson K.,Shapovalov D.,5,28.0,4615,1385.0,4.0,6.0,6.0,3.0,6.0,4.0,4.0,6.0,6.0,4.0,3.0,2.0,Completed,1.44,2.75,1.45,3.05,1.4,3.0,1.45,2.99,1.46,3.08,1.42,2.93
ATP,2018,53,New York,US Open,2018-08-31,Grand Slam,Outdoor,Hard,3rd Round,5,Isner J.,Lajovic D.,11,62.0,3200,865.0,7.0,6.0,6.0,7.0,6.0,3.0,7.0,5.0,,,3.0,1.0,Completed,1.2,4.5,1.22,5.0,1.2,4.5,1.23,4.74,1.23,5.2,1.21,4.72
ATP,2018,53,New York,US Open,2018-09-01,Grand Slam,Outdoor,Hard,3rd Round,5,Coric B.,Medvedev D.,20,36.0,1735,1182.0,6.0,3.0,7.0,5.0,6.0,2.0,,,,,3.0,0.0,Completed,1.61,2.3,1.65,2.4,1.61,2.25,1.62,2.46,1.65,2.6,1.6,2.4
ATP,2018,53,New York,US Open,2018-09-01,Grand Slam,Outdoor,Hard,3rd Round,5,Raonic M.,Wawrinka S.,24,101.0,1575,560.0,7.0,6.0,6.0,4.0,6.0,3.0,,,,,3.0,0.0,Completed,1.66,2.2,,,1.7,2.3,1.62,2.46,1.77,2.5,1.67,2.25
ATP,2018,53,New York,US Open,2018-09-01,Grand Slam,Outdoor,Hard,3rd Round,5,Del Potro J.M.,Verdasco F.,3,32.0,5500,1330.0,7.0,5.0,7.0,6.0,6.0,3.0,,,,,3.0,0.0,Completed,1.14,5.5,1.17,6.0,1.14,5.5,1.16,6.25,1.18,6.35,1.15,5.68
ATP,2018,53,New York,US Open,2018-09-01,Grand Slam,Outdoor,Hard,3rd Round,5,Millman J.,Kukushkin M.,55,84.0,963,681.0,6.0,4.0,4.0,6.0,6.0,1.0,6.0,3.0,,,3.0,1.0,Completed,1.66,2.2,1.7,2.3,1.67,2.2,1.69,2.3,1.74,2.3,1.69,2.21
ATP,2018,53,New York,US Open,2018-09-01,Grand Slam,Outdoor,Hard,3rd Round,5,Federer R.,Kyrgios N.,2,30.0,7080,1345.0,6.0,4.0,6.0,1.0,7.0,5.0,,,,,3.0,0.0,Completed,1.28,3.75,1.28,4.2,1.25,4.0,1.28,4.13,1.3,4.29,1.27,3.89
ATP,2018,53,New York,US Open,2018-09-01,Grand Slam,Outdoor,Hard,3rd Round,5,Sousa J.,Pouille L.,68,17.0,816,1915.0,7.0,6.0,4.0,6.0,7.0,6.0,7.0,6.0,,,3.0,1.0,Completed,2.62,1.5,3.05,1.45,2.75,1.44,3.08,1.43,3.22,1.52,2.8,1.46
ATP,2018,53,New York,US Open,2018-09-01,Grand Slam,Outdoor,Hard,3rd Round,5,Kohlschreiber P.,Zverev A.,34,4.0,1235,4845.0,6.0,7.0,6.0,4.0,6.0,1.0,6.0,3.0,,,3.0,1.0,Completed,8.0,1.1,8.5,1.11,7.5,1.08,7.48,1.12,8.5,1.14,7.13,1.11
ATP,2018,53,New York,US Open,2018-09-01,Grand Slam,Outdoor,Hard,3rd Round,5,Nishikori K.,Schwartzman D.,19,13.0,1755,2380.0,6.0,4.0,6.0,4.0,5.0,7.0,6.0,1.0,,,3.0,1.0,Completed,1.5,2.62,1.5,2.85,1.44,2.75,1.49,2.82,1.53,2.92,1.47,2.76
ATP,2018,53,New York,US Open,2018-09-02,Grand Slam,Outdoor,Hard,3rd Round,5,Goffin D.,Struff J.L.,10,58.0,3435,905.0,6.0,4.0,6.0,1.0,7.0,6.0,,,,,3.0,0.0,Completed,1.14,5.5,1.17,6.0,1.14,5.5,1.16,6.23,1.18,6.5,1.15,5.82
ATP,2018,53,New York,US Open,2018-09-02,Grand Slam,Outdoor,Hard,3rd Round,5,Djokovic N.,Gasquet R.,6,25.0,4445,1535.0,6.0,2.0,6.0,3.0,6.0,3.0,,,,,3.0,0.0,Completed,1.08,9.0,1.08,11.0,1.06,9.0,1.06,11.74,1.1,12.5,1.06,9.93
ATP,2018,53,New York,US Open,2018-09-02,Grand Slam,Outdoor,Hard,3rd Round,5,Cilic M.,De Minaur A.,7,45.0,4445,1043.0,4.0,6.0,3.0,6.0,6.0,3.0,6.0,4.0,7.0,5.0,3.0,2.0,Completed,1.14,5.5,1.18,5.8,1.17,5.0,1.16,6.19,1.2,6.35,1.16,5.53
ATP,2018,53,New York,US Open,2018-09-02,Grand Slam,Outdoor,Hard,4th Round,5,Thiem D.,Anderson K.,9,5.0,3485,4615.0,7.0,5.0,6.0,2.0,7.0,6.0,,,,,3.0,0.0,Completed,2.37,1.57,2.5,1.62,2.37,1.57,2.43,1.65,2.5,1.69,2.35,1.62
ATP,2018,53,New York,US Open,2018-09-02,Grand Slam,Outdoor,Hard,4th Round,5,Nadal R.,Basilashvili N.,1,37.0,10040,1152.0,6.0,3.0,6.0,3.0,6.0,7.0,6.0,4.0,,,3.0,1.0,Completed,1.04,13.0,1.05,15.0,1.04,11.0,1.04,18.49,1.06,22.0,1.04,12.98
ATP,2018,53,New York,US Open,2018-09-02,Grand Slam,Outdoor,Hard,4th Round,5,Isner J.,Raonic M.,11,24.0,3200,1575.0,3.0,6.0,6.0,3.0,6.0,4.0,3.0,6.0,6.0,2.0,3.0,2.0,Completed,2.37,1.57,2.35,1.67,2.25,1.61,2.36,1.68,2.4,1.73,2.29,1.64
ATP,2018,53,New York,US Open,2018-09-03,Grand Slam,Outdoor,Hard,4th Round,5,Del Potro J.M.,Coric B.,3,20.0,5500,1735.0,6.0,4.0,6.0,3.0,6.0,1.0,,,,,3.0,0.0,Completed,1.25,4.0,1.27,4.3,1.25,4.0,1.31,3.9,1.31,4.3,1.27,3.91
ATP,2018,53,New York,US Open,2018-09-03,Grand Slam,Outdoor,Hard,4th Round,5,Nishikori K.,Kohlschreiber P.,19,34.0,1755,1235.0,6.0,3.0,6.0,2.0,7.0,5.0,,,,,3.0,0.0,Completed,1.25,4.0,1.27,4.3,1.25,4.0,1.27,4.3,1.29,4.53,1.24,4.19
ATP,2018,53,New York,US Open,2018-09-03,Grand Slam,Outdoor,Hard,4th Round,5,Djokovic N.,Sousa J.,6,68.0,4445,816.0,6.0,3.0,6.0,4.0,6.0,3.0,,,,,3.0,0.0,Completed,1.02,19.0,1.03,20.0,1.03,15.0,1.03,21.78,1.04,23.0,1.02,16.75
ATP,2018,53,New York,US Open,2018-09-03,Grand Slam,Outdoor,Hard,4th Round,5,Cilic M.,Goffin D.,7,10.0,4445,3435.0,7.0,6.0,6.0,2.0,6.0,4.0,,,,,3.0,0.0,Completed,1.5,2.62,1.57,2.6,1.53,2.5,1.57,2.61,1.6,2.75,1.51,2.6
ATP,2018,53,New York,US Open,2018-09-04,Grand Slam,Outdoor,Hard,4th Round,5,Millman J.,Federer R.,55,2.0,963,7080.0,3.0,6.0,7.0,5.0,7.0,6.0,7.0,6.0,,,3.0,1.0,Completed,15.0,1.03,17.0,1.04,11.0,1.04,16.59,1.04,19.5,1.05,13.93,1.03
ATP,2018,53,New York,US Open,2018-09-04,Grand Slam,Outdoor,Hard,Quarterfinals,5,Del Potro J.M.,Isner J.,3,11.0,5500,3200.0,6.0,7.0,6.0,3.0,7.0,6.0,6.0,2.0,,,3.0,1.0,Completed,1.28,3.75,1.3,4.0,1.3,3.5,1.34,3.68,1.34,4.0,1.3,3.7
ATP,2018,53,New York,US Open,2018-09-05,Grand Slam,Outdoor,Hard,Quarterfinals,5,Nadal R.,Thiem D.,1,9.0,10040,3485.0,0.0,6.0,6.0,4.0,7.0,5.0,6.0,7.0,7.0,6.0,3.0,2.0,Completed,1.25,4.0,1.27,4.3,1.25,4.0,1.29,4.1,1.29,4.33,1.26,4.04
ATP,2018,53,New York,US Open,2018-09-05,Grand Slam,Outdoor,Hard,Quarterfinals,5,Nishikori K.,Cilic M.,19,7.0,1755,4445.0,2.0,6.0,6.0,4.0,7.0,6.0,4.0,6.0,6.0,4.0,3.0,2.0,Completed,2.37,1.57,2.5,1.62,2.37,1.57,2.47,1.63,2.63,1.67,2.45,1.59
ATP,2018,53,New York,US Open,2018-09-06,Grand Slam,Outdoor,Hard,Quarterfinals,5,Djokovic N.,Millman J.,6,55.0,4445,963.0,6.0,3.0,6.0,4.0,6.0,4.0,,,,,3.0,0.0,Completed,1.06,11.0,1.08,11.0,1.07,8.0,1.08,10.7,1.1,11.5,1.07,9.84
ATP,2018,53,New York,US Open,2018-09-07,Grand Slam,Outdoor,Hard,Semifinals,5,Del Potro J.M.,Nadal R.,3,1.0,5500,10040.0,7.0,6.0,6.0,2.0,,,,,,,2.0,0.0,Retired,2.3,1.61,2.35,1.67,2.25,1.61,2.36,1.68,2.5,1.71,2.33,1.64
ATP,2018,53,New York,US Open,2018-09-08,Grand Slam,Outdoor,Hard,Semifinals,5,Djokovic N.,Nishikori K.,6,19.0,4445,1755.0,6.0,3.0,6.0,4.0,6.0,2.0,,,,,3.0,0.0,Completed,1.16,5.0,1.19,5.5,1.17,5.0,1.19,5.61,1.22,5.8,1.18,5.24
ATP,2018,53,New York,US Open,2018-09-09,Grand Slam,Outdoor,Hard,The Final,5,Djokovic N.,Del Potro J.M.,6,3.0,4445,5500.0,6.0,3.0,7.0,6.0,6.0,3.0,,,,,3.0,0.0,Completed,1.44,2.75,1.47,2.95,1.44,2.75,1.48,2.92,1.49,3.08,1.45,2.86
