Tour,Year,ATP,Location,Tournament,Date,Series,Court,Surface,Round,Best of,Winner,Loser,WRank,LRank,WPts,LPts,W1,L1,W2,L2,W3,L3,W4,L4,W5,L5,Wsets,Lsets,Comment,B365W,B365L,PSW,PSL,MaxW,MaxL,AvgW,AvgL,BFEW,BFEL
ATP,2025,5,Melbourne,Australian Open,2025-01-12,Grand Slam,Outdoor,Hard,1st Round,5,Gaston H.,Jasika O.,81,179.0,703,323.0,6.0,2.0,3.0,6.0,6.0,2.0,6.0,2.0,,,3.0,1.0,Completed,1.36,3.2,1.38,3.31,1.38,3.31,1.36,3.11,,
ATP,2025,5,Melbourne,Australian Open,2025-01-12,Grand Slam,Outdoor,Hard,1st Round,5,Fils A.,Virtanen O.,21,93.0,2280,627.0,3.0,6.0,7.0,6.0,6.0,4.0,6.0,4.0,,,3.0,1.0,Completed,1.13,6.0,1.13,7.31,1.14,7.31,1.12,6.15,,
ATP,2025,5,Melbourne,Australian Open,2025-01-12,Grand Slam,Outdoor,Hard,1st Round,5,Nishikori K.,Monteiro T.,76,105.0,743,566.0,4.0,6.0,6.0,7.0,7.0,5.0,6.0,2.0,6.0,3.0,3.0,2.0,Completed,1.2,4.5,1.22,4.82,1.25,4.82,1.21,4.41,,
ATP,2025,5,Melbourne,Australian Open,2025-01-12,Grand Slam,Outdoor,Hard,1st Round,5,Ruud C.,Munar J.,6,62.0,4210,922.0,6.0,3.0,1.0,6.0,7.0,5.0,2.0,6.0,6.0,1.0,3.0,2.0,Completed,1.17,5.0,1.18,5.66,1.18,5.66,1.17,5.12,,
ATP,2025,5,Melbourne,Australian Open,2025-01-12,Grand Slam,Outdoor,Hard,1st Round,5,Habib H.,Bu Y.,219,67.0,264,784.0,7.0,6.0,6.0,4.0,7.0,6.0,,,,,3.0,0.0,Completed,3.2,1.36,3.39,1.37,3.39,1.38,3.16,1.36,,
ATP,2025,5,Melbourne,Australian Open,2025-01-12,Grand Slam,Outdoor,Hard,1st Round,5,Lehecka J.,Tu L.,29,168.0,1660,342.0,6.0,1.0,3.0,6.0,6.0,3.0,7.0,6.0,,,3.0,1.0,Completed,1.07,9.0,1.11,8.2,1.12,9.0,1.09,7.54,,
ATP,2025,5,Melbourne,Australian Open,2025-01-12,Grand Slam,Outdoor,Hard,1st Round,5,Machac T.,Nagal S.,25,91.0,1805,635.0,6.0,3.0,6.0,1.0,7.0,5.0,,,,,3.0,0.0,Completed,1.04,13.0,1.06,12.67,1.07,13.0,1.05,10.52,,
ATP,2025,5,Melbourne,Australian Open,2025-01-12,Grand Slam,Outdoor,Hard,1st Round,5,Martinez P.,Darderi L.,44,45.0,1220,1198.0,6.0,3.0,4.0,1.0,,,,,,,1.0,0.0,Retired,1.62,2.3,1.63,2.45,1.63,2.45,1.61,2.32,,
ATP,2025,5,Melbourne,Australian Open,2025-01-12,Grand Slam,Outdoor,Hard,1st Round,5,Humbert U.,Gigante M.,14,145.0,2765,403.0,7.0,6.0,7.0,5.0,6.0,4.0,,,,,3.0,0.0,Completed,1.08,8.0,1.11,8.5,1.11,8.5,1.09,7.38,,
ATP,2025,5,Melbourne,Australian Open,2025-01-12,Grand Slam,Outdoor,Hard,1st Round,5,Opelka R.,Onclin G.,170,239.0,341,242.0,3.0,6.0,7.0,6.0,6.0,3.0,6.0,2.0,,,3.0,1.0,Completed,1.29,3.75,1.33,3.68,1.33,3.75,1.29,3.59,,
ATP,2025,5,Melbourne,Australian Open,2025-01-12,Grand Slam,Outdoor,Hard,1st Round,5,Halys Q.,Walton A.,74,90.0,756,636.0,4.0,6.0,4.0,6.0,6.0,4.0,7.0,6.0,7.0,5.0,3.0,2.0,Completed,2.0,1.8,2.01,1.9,2.01,1.91,1.94,1.87,,
ATP,2025,5,Melbourne,Australian Open,2025-01-12,Grand Slam,Outdoor,Hard,1st Round,5,Zverev A.,Pouille L.,2,103.0,7635,575.0,6.0,4.0,6.0,4.0,6.0,4.0,,,,,3.0,0.0,Completed,1.02,19.0,1.03,20.73,1.04,20.73,1.02,14.24,,
ATP,2025,5,Melbourne,Australian Open,2025-01-13,Grand Slam,Outdoor,Hard,1st Round,5,Tiafoe F.,Rinderknech A.,16,61.0,2560,927.0,7.0,6.0,6.0,3.0,4.0,6.0,6.0,7.0,6.0,3.0,3.0,2.0,Completed,1.25,4.0,1.27,4.18,1.3,4.18,1.27,3.8,,
ATP,2025,5,Melbourne,Australian Open,2025-01-13,Grand Slam,Outdoor,Hard,1st Round,5,Carballes Baena R.,Tabilo A.,57,26.0,981,1705.0,1.0,6.0,6.0,2.0,6.0,3.0,7.0,6.0,,,3.0,1.0,Completed,2.63,1.5,2.79,1.5,2.79,1.53,2.61,1.5,,
ATP,2025,5,Melbourne,Australian Open,2025-01-13,Grand Slam,Outdoor,Hard,1st Round,5,Mensik J.,Basilashvili N.,48,206.0,1162,273.0,6.0,1.0,6.0,7.0,6.0,3.0,6.0,3.0,,,3.0,1.0,Completed,1.17,5.0,1.16,6.32,1.18,6.32,1.16,5.16,,
ATP,2025,5,Melbourne,Australian Open,2025-01-13,Grand Slam,Outdoor,Hard,1st Round,5,Michelsen A.,Tsitsipas S.,42,12.0,1270,3195.0,7.0,5.0,6.0,3.0,2.0,6.0,6.0,4.0,,,3.0,1.0,Completed,2.5,1.53,2.44,1.63,2.53,1.63,2.41,1.57,,
ATP,2025,5,Melbourne,Australian Open,2025-01-13,Grand Slam,Outdoor,Hard,1st Round,5,Borges N.,Muller A.,33,58.0,1445,965.0,6.0,7.0,6.0,3.0,6.0,2.0,7.0,5.0,,,3.0,1.0,Completed,1.67,2.2,1.7,2.3,1.7,2.3,1.67,2.21,,
ATP,2025,5,Melbourne,Australian Open,2025-01-13,Grand Slam,Outdoor,Hard,1st Round,5,Marozsan F.,Seyboth Wild T.,59,79.0,960,732.0,6.0,3.0,6.0,7.0,7.0,5.0,5.0,7.0,7.0,5.0,3.0,2.0,Completed,1.4,3.0,1.43,3.1,1.44,3.1,1.41,2.91,,
ATP,2025,5,Melbourne,Australian Open,2025-01-13,Grand Slam,Outdoor,Hard,1st Round,5,Duckworth J.,Stricker D.,89,304.0,637,173.0,6.0,2.0,6.0,4.0,6.0,2.0,,,,,3.0,0.0,Completed,1.73,2.1,1.83,2.08,1.83,2.12,1.73,2.09,,
ATP,2025,5,Melbourne,Australian Open,2025-01-13,Grand Slam,Outdoor,Hard,1st Round,5,Mccabe J.,Landaluce M.,258,142.0,216,414.0,6.0,4.0,6.0,3.0,6.0,4.0,,,,,3.0,0.0,Completed,3.5,1.3,3.92,1.3,3.92,1.32,3.56,1.3,,
ATP,2025,5,Melbourne,Australian Open,2025-01-13,Grand Slam,Outdoor,Hard,1st Round,5,Sinner J.,Jarry N.,1,36.0,11830,1340.0,7.0,6.0,7.0,6.0,6.0,1.0,,,,,3.0,0.0,Completed,1.01,26.0,1.02,29.95,1.02,29.95,1.02,17.25,,
ATP,2025,5,Melbourne,Australian Open,2025-01-13,Grand Slam,Outdoor,Hard,1st Round,5,Thompson J.,Koepfer D.,27,124.0,1695,485.0,7.0,6.0,6.0,4.0,4.0,6.0,6.0,3.0,,,3.0,1.0,Completed,1.36,3.2,1.39,3.26,1.42,3.26,1.37,3.09,,
ATP,2025,5,Melbourne,Australian Open,2025-01-13,Grand Slam,Outdoor,Hard,1st Round,5,Schoolkate T.,Daniel T.,173,113.0,336,519.0,6.0,7.0,7.0,6.0,6.0,1.0,6.0,4.0,,,3.0,1.0,Completed,2.0,1.8,1.97,1.93,2.02,1.93,1.96,1.84,,
ATP,2025,5,Melbourne,Australian Open,2025-01-13,Grand Slam,Outdoor,Hard,1st Round,5,Vukic A.,Dzumhur D.,68,82.0,778,679.0,6.0,7.0,6.0,0.0,3.0,6.0,6.0,3.0,6.0,4.0,3.0,2.0,Completed,1.29,3.75,1.34,3.56,1.34,3.75,1.3,3.51,,
ATP,2025,5,Melbourne,Australian Open,2025-01-13,Grand Slam,Outdoor,Hard,1st Round,5,Draper J.,Navone M.,18,47.0,2530,1173.0,4.0,6.0,6.0,3.0,3.0,6.0,6.0,3.0,6.0,2.0,3.0,2.0,Completed,1.05,11.0,1.08,11.12,1.11,11.12,1.06,9.71,,
ATP,2025,5,Melbourne,Australian Open,2025-01-13,Grand Slam,Outdoor,Hard,1st Round,5,Kokkinakis T.,Safiullin R.,71,63.0,766,823.0,3.0,6.0,6.0,3.0,6.0,3.0,7.0,6.0,,,3.0,1.0,Completed,1.57,2.38,1.65,2.4,1.67,2.4,1.6,2.33,,
ATP,2025,5,Melbourne,Australian Open,2025-01-13,Grand Slam,Outdoor,Hard,1st Round,5,Cazaux A.,Baez S.,78,28.0,732,1690.0,6.0,3.0,5.0,7.0,3.0,6.0,6.0,0.0,6.0,3.0,3.0,2.0,Completed,1.4,3.0,1.42,3.13,1.42,3.13,1.4,2.96,,
ATP,2025,5,Melbourne,Australian Open,2025-01-13,Grand Slam,Outdoor,Hard,1st Round,5,Nishioka Y.,Dougaz A.,65,231.0,807,254.0,3.0,6.0,6.0,4.0,7.0,6.0,6.0,3.0,,,3.0,1.0,Completed,1.14,5.5,1.18,5.67,1.18,5.67,1.16,5.18,,
ATP,2025,5,Melbourne,Australian Open,2025-01-13,Grand Slam,Outdoor,Hard,1st Round,5,Korda S.,Klein L.,22,144.0,2065,405.0,6.0,3.0,0.0,6.0,6.0,3.0,7.0,6.0,,,3.0,1.0,Completed,1.33,3.4,1.36,3.47,1.36,3.47,1.34,3.24,,
ATP,2025,5,Melbourne,Australian Open,2025-01-13,Grand Slam,Outdoor,Hard,1st Round,5,Faria J.,Kotov P.,125,97.0,481,612.0,6.0,1.0,6.0,1.0,7.0,5.0,,,,,3.0,0.0,Completed,2.38,1.57,2.4,1.65,2.4,1.65,2.33,1.6,,
ATP,2025,5,Melbourne,Australian Open,2025-01-13,Grand Slam,Outdoor,Hard,1st Round,5,Auger-Aliassime F.,Struff J.L.,23,43.0,1905,1240.0,6.0,3.0,6.0,0.0,4.0,6.0,6.0,1.0,,,3.0,1.0,Completed,1.44,2.75,1.49,2.85,1.5,2.94,1.45,2.75,,
ATP,2025,5,Melbourne,Australian Open,2025-01-13,Grand Slam,Outdoor,Hard,1st Round,5,Davidovich Fokina A.,Shang J.,66,50.0,790,1115.0,7.0,6.0,5.0,2.0,,,,,,,1.0,0.0,Retired,2.0,1.8,2.09,1.83,2.1,1.83,2.03,1.79,,
ATP,2025,5,Melbourne,Australian Open,2025-01-13,Grand Slam,Outdoor,Hard,1st Round,5,Alcaraz C.,Shevchenko A.,3,77.0,7010,743.0,6.0,1.0,7.0,5.0,6.0,1.0,,,,,3.0,0.0,Completed,1.01,29.0,1.02,35.12,1.02,35.12,1.01,20.74,,
ATP,2025,5,Melbourne,Australian Open,2025-01-13,Grand Slam,Outdoor,Hard,1st Round,5,Djokovic N.,Basavareddy N.,7,107.0,3900,566.0,4.0,6.0,6.0,3.0,6.0,4.0,6.0,2.0,,,3.0,1.0,Completed,1.04,13.0,1.05,14.3,1.07,14.3,1.04,11.02,,
ATP,2025,5,Melbourne,Australian Open,2025-01-13,Grand Slam,Outdoor,Hard,1st Round,5,Fearnley J.,Kyrgios N.,92,,632,,7.0,6.0,6.0,3.0,7.0,6.0,,,,,3.0,0.0,Completed,2.0,1.8,2.09,1.83,2.14,1.86,2.01,1.79,,
ATP,2025,5,Melbourne,Australian Open,2025-01-13,Grand Slam,Outdoor,Hard,1st Round,5,Bonzi B.,Goffin D.,64,54.0,819,1029.0,6.0,1.0,6.0,2.0,7.0,6.0,,,,,3.0,0.0,Completed,1.5,2.63,1.65,2.4,1.65,2.63,1.53,2.49,,
ATP,2025,5,Melbourne,Australian Open,2025-01-13,Grand Slam,Outdoor,Hard,1st Round,5,Passaro F.,Dimitrov G.,104,10.0,571,3200.0,7.0,5.0,2.0,1.0,,,,,,,1.0,0.0,Retired,11.0,1.05,11.77,1.07,11.86,1.07,10.21,1.05,,
ATP,2025,5,Melbourne,Australian Open,2025-01-13,Grand Slam,Outdoor,Hard,1st Round,5,Paul T.,O Connell C.,11,70.0,3195,770.0,6.0,2.0,3.0,6.0,6.0,1.0,6.0,7.0,7.0,5.0,3.0,2.0,Completed,1.17,5.0,1.18,5.64,1.18,5.64,1.17,5.04,,
ATP,2025,5,Melbourne,Australian Open,2025-01-14,Grand Slam,Outdoor,Hard,1st Round,5,Berrettini M.,Norrie C.,34,52.0,1380,1082.0,6.0,7.0,6.0,4.0,6.0,1.0,6.0,3.0,,,3.0,1.0,Completed,1.36,3.2,1.42,3.11,1.45,3.2,1.39,2.97,,
ATP,2025,5,Melbourne,Australian Open,2025-01-14,Grand Slam,Outdoor,Hard,1st Round,5,Kecmanovic M.,Lajovic D.,51,80.0,1096,717.0,7.0,5.0,3.0,6.0,6.0,3.0,3.0,6.0,6.0,3.0,3.0,2.0,Completed,1.17,5.0,1.25,4.48,1.25,5.05,1.21,4.45,,
ATP,2025,5,Melbourne,Australian Open,2025-01-14,Grand Slam,Outdoor,Hard,1st Round,5,Khachanov K.,Mannarino A.,19,75.0,2410,751.0,7.0,6.0,6.0,3.0,6.0,3.0,,,,,3.0,0.0,Completed,1.1,7.0,1.14,6.81,1.14,7.03,1.11,6.44,,
ATP,2025,5,Melbourne,Australian Open,2025-01-14,Grand Slam,Outdoor,Hard,1st Round,5,Diallo G.,Nardi L.,86,83.0,646,675.0,6.0,7.0,7.0,6.0,5.0,7.0,6.0,1.0,6.0,2.0,3.0,2.0,Completed,1.44,2.75,1.47,2.92,1.5,2.92,1.45,2.75,,
ATP,2025,5,Melbourne,Australian Open,2025-01-14,Grand Slam,Outdoor,Hard,1st Round,5,Rune H.,Zhang Zh.,13,49.0,2910,1140.0,4.0,6.0,6.0,3.0,6.0,4.0,3.0,6.0,6.0,4.0,3.0,2.0,Completed,1.3,3.5,1.33,3.68,1.36,3.68,1.31,3.46,,
ATP,2025,5,Melbourne,Australian Open,2025-01-14,Grand Slam,Outdoor,Hard,1st Round,5,Fritz T.,Brooksby J.,4,,5350,,6.0,2.0,6.0,0.0,6.0,3.0,,,,,3.0,0.0,Completed,1.03,17.0,1.05,14.34,1.05,17.0,1.03,12.99,,
ATP,2025,5,Melbourne,Australian Open,2025-01-14,Grand Slam,Outdoor,Hard,1st Round,5,Garin C.,Coric B.,150,87.0,382,639.0,7.0,5.0,6.0,1.0,6.0,2.0,,,,,3.0,0.0,Completed,2.1,1.73,2.01,1.89,2.1,1.9,2.0,1.81,,
ATP,2025,5,Melbourne,Australian Open,2025-01-14,Grand Slam,Outdoor,Hard,1st Round,5,Tien L.,Ugo Carabelli C.,121,94.0,493,624.0,4.0,6.0,7.0,6.0,6.0,3.0,5.0,7.0,6.0,4.0,3.0,2.0,Completed,1.14,5.5,1.19,5.49,1.19,6.12,1.15,5.36,,
ATP,2025,5,Melbourne,Australian Open,2025-01-14,Grand Slam,Outdoor,Hard,1st Round,5,Cerundolo F.,Bublik A.,31,37.0,1620,1330.0,7.0,6.0,6.0,3.0,6.0,2.0,,,,,3.0,0.0,Completed,1.57,2.38,1.63,2.44,1.63,2.45,1.59,2.37,,
ATP,2025,5,Melbourne,Australian Open,2025-01-14,Grand Slam,Outdoor,Hard,1st Round,5,Monfils G.,Mpetshi G.,41,30.0,1280,1651.0,7.0,6.0,6.0,3.0,6.0,7.0,6.0,7.0,6.0,4.0,3.0,2.0,Completed,2.3,1.62,2.13,1.81,2.3,1.81,2.1,1.74,,
ATP,2025,5,Melbourne,Australian Open,2025-01-14,Grand Slam,Outdoor,Hard,1st Round,5,Hurkacz H.,Griekspoor T.,17,40.0,2555,1280.0,7.0,5.0,6.0,4.0,6.0,4.0,,,,,3.0,0.0,Completed,1.36,3.2,1.4,3.2,1.42,3.25,1.37,3.13,,
ATP,2025,5,Melbourne,Australian Open,2025-01-14,Grand Slam,Outdoor,Hard,1st Round,5,Diaz Acosta F.,Bergs Z.,73,60.0,758,948.0,6.0,7.0,6.0,4.0,1.0,6.0,6.0,3.0,6.0,4.0,3.0,2.0,Completed,2.75,1.44,2.86,1.48,2.86,1.5,2.73,1.46,,
ATP,2025,5,Melbourne,Australian Open,2025-01-14,Grand Slam,Outdoor,Hard,1st Round,5,Medvedev D.,Samrej K.,5,418.0,5030,109.0,6.0,2.0,4.0,6.0,3.0,6.0,6.0,1.0,6.0,2.0,3.0,2.0,Completed,1.0,51.0,1.01,42.16,1.01,51.0,1.01,23.91,,
ATP,2025,5,Melbourne,Australian Open,2025-01-14,Grand Slam,Outdoor,Hard,1st Round,5,Altmaier D.,Comesana F.,101,85.0,582,662.0,6.0,2.0,3.0,6.0,7.0,6.0,4.0,6.0,6.0,4.0,3.0,2.0,Completed,1.8,2.0,1.93,2.0,1.93,2.01,1.83,1.98,,
ATP,2025,5,Melbourne,Australian Open,2025-01-14,Grand Slam,Outdoor,Hard,1st Round,5,Musetti L.,Arnaldi M.,15,39.0,2600,1305.0,7.0,6.0,4.0,6.0,7.0,6.0,6.0,3.0,,,3.0,1.0,Completed,1.57,2.38,1.6,2.5,1.6,2.5,1.57,2.39,,
ATP,2025,5,Melbourne,Australian Open,2025-01-14,Grand Slam,Outdoor,Hard,1st Round,5,Shelton B.,Nakashima B.,20,35.0,2280,1355.0,7.0,6.0,7.0,5.0,7.0,5.0,,,,,3.0,0.0,Completed,1.44,2.75,1.51,2.75,1.53,2.75,1.48,2.67,,
ATP,2025,5,Melbourne,Australian Open,2025-01-14,Grand Slam,Outdoor,Hard,1st Round,5,Sonego L.,Wawrinka S.,55,156.0,1026,371.0,6.0,4.0,5.0,7.0,7.0,5.0,7.0,5.0,,,3.0,1.0,Completed,1.4,3.0,1.48,2.88,1.49,3.0,1.42,2.87,,
ATP,2025,5,Melbourne,Australian Open,2025-01-14,Grand Slam,Outdoor,Hard,1st Round,5,Boyer T.,Coria F.,136,96.0,448,617.0,6.0,3.0,6.0,7.0,4.0,6.0,7.0,5.0,6.0,1.0,3.0,2.0,Completed,1.14,5.5,1.17,5.93,1.17,6.22,1.15,5.56,,
ATP,2025,5,Melbourne,Australian Open,2025-01-14,Grand Slam,Outdoor,Hard,1st Round,5,Krueger M.,Hijikata R.,146,72.0,396,759.0,6.0,4.0,6.0,4.0,6.0,3.0,,,,,3.0,0.0,Completed,3.0,1.4,2.99,1.45,3.1,1.54,2.94,1.41,,
ATP,2025,5,Melbourne,Australian Open,2025-01-14,Grand Slam,Outdoor,Hard,1st Round,5,Etcheverry T.,Cobolli F.,38,32.0,1315,1512.0,6.0,7.0,6.0,3.0,7.0,5.0,6.0,1.0,,,3.0,1.0,Completed,1.57,2.38,1.62,2.46,1.63,2.52,1.57,2.41,,
ATP,2025,5,Melbourne,Australian Open,2025-01-14,Grand Slam,Outdoor,Hard,1st Round,5,Giron M.,Hanfmann Y.,46,95.0,1175,618.0,2.0,6.0,7.0,5.0,6.0,1.0,7.0,5.0,,,3.0,1.0,Completed,1.25,4.0,1.28,4.13,1.28,4.13,1.25,3.98,,
ATP,2025,5,Melbourne,Australian Open,2025-01-14,Grand Slam,Outdoor,Hard,1st Round,5,Shapovalov D.,Bautista Agut R.,56,53.0,1006,1067.0,3.0,6.0,6.0,4.0,6.0,4.0,7.0,6.0,,,3.0,1.0,Completed,1.36,3.2,1.37,3.41,1.38,3.41,1.35,3.17,,
ATP,2025,5,Melbourne,Australian Open,2025-01-14,Grand Slam,Outdoor,Hard,1st Round,5,Moutet C.,Popyrin A.,69,24.0,772,1840.0,4.0,6.0,6.0,3.0,6.0,4.0,6.0,4.0,,,3.0,1.0,Completed,4.33,1.22,4.67,1.24,4.67,1.28,4.21,1.23,,
ATP,2025,5,Melbourne,Australian Open,2025-01-14,Grand Slam,Outdoor,Hard,1st Round,5,De Minaur A.,Van De Zandschulp B.,8,84.0,3535,672.0,6.0,1.0,7.0,5.0,6.0,4.0,,,,,3.0,0.0,Completed,1.06,10.0,1.08,10.59,1.08,10.59,1.07,8.89,,
ATP,2025,5,Melbourne,Australian Open,2025-01-14,Grand Slam,Outdoor,Hard,1st Round,5,Carreno Busta P.,Majchrzak K.,182,122.0,317,491.0,6.0,4.0,6.0,4.0,6.0,3.0,,,,,3.0,0.0,Completed,1.62,2.3,1.77,2.18,1.77,2.34,1.68,2.19,,
ATP,2025,5,Melbourne,Australian Open,2025-01-14,Grand Slam,Outdoor,Hard,1st Round,5,Fonseca J.,Rublev A.,112,9.0,520,3520.0,7.0,6.0,6.0,3.0,7.0,6.0,,,,,3.0,0.0,Completed,2.3,1.62,2.48,1.61,2.48,1.66,2.3,1.62,,
ATP,2025,5,Melbourne,Australian Open,2025-01-15,Grand Slam,Outdoor,Hard,2nd Round,5,Machac T.,Opelka R.,25,170.0,1805,341.0,3.0,6.0,7.0,6.0,6.0,7.0,7.0,6.0,6.0,4.0,3.0,2.0,Completed,1.33,3.4,1.35,3.5,1.38,3.5,1.35,3.23,,
ATP,2025,5,Melbourne,Australian Open,2025-01-15,Grand Slam,Outdoor,Hard,2nd Round,5,Lehecka J.,Gaston H.,29,81.0,1660,703.0,6.0,3.0,3.0,1.0,,,,,,,1.0,0.0,Retired,1.05,11.0,1.09,9.71,1.09,11.4,1.06,9.38,,
ATP,2025,5,Melbourne,Australian Open,2025-01-15,Grand Slam,Outdoor,Hard,2nd Round,5,Alcaraz C.,Nishioka Y.,3,65.0,7010,807.0,6.0,0.0,6.0,1.0,6.0,4.0,,,,,3.0,0.0,Completed,1.02,19.0,1.02,29.55,1.02,29.55,1.02,15.68,,
ATP,2025,5,Melbourne,Australian Open,2025-01-15,Grand Slam,Outdoor,Hard,2nd Round,5,Bonzi B.,Passaro F.,64,104.0,819,571.0,6.0,2.0,6.0,4.0,3.0,6.0,6.0,4.0,,,3.0,1.0,Completed,1.25,4.0,1.28,4.1,1.32,4.1,1.29,3.69,,
ATP,2025,5,Melbourne,Australian Open,2025-01-15,Grand Slam,Outdoor,Hard,2nd Round,5,Borges N.,Thompson J.,33,27.0,1445,1695.0,6.0,3.0,6.0,2.0,6.0,4.0,,,,,3.0,0.0,Completed,1.91,1.91,1.95,1.95,1.95,2.04,1.88,1.93,,
ATP,2025,5,Melbourne,Australian Open,2025-01-15,Grand Slam,Outdoor,Hard,2nd Round,5,Carballes Baena R.,Duckworth J.,57,89.0,981,637.0,6.0,4.0,6.0,2.0,7.0,5.0,,,,,3.0,0.0,Completed,1.57,2.38,1.63,2.45,1.63,2.45,1.61,2.32,,
ATP,2025,5,Melbourne,Australian Open,2025-01-15,Grand Slam,Outdoor,Hard,2nd Round,5,Djokovic N.,Faria J.,7,125.0,3900,481.0,6.0,1.0,6.0,7.0,6.0,3.0,6.0,2.0,,,3.0,1.0,Completed,1.01,23.0,1.02,29.32,1.03,29.32,1.02,16.15,,
ATP,2025,5,Melbourne,Australian Open,2025-01-15,Grand Slam,Outdoor,Hard,2nd Round,5,Fils A.,Halys Q.,21,74.0,2280,756.0,6.0,2.0,4.0,6.0,7.0,6.0,7.0,5.0,,,3.0,1.0,Completed,1.22,4.33,1.25,4.51,1.25,4.51,1.23,4.15,,
ATP,2025,5,Melbourne,Australian Open,2025-01-15,Grand Slam,Outdoor,Hard,2nd Round,5,Vukic A.,Korda S.,68,22.0,778,2065.0,6.0,4.0,3.0,6.0,2.0,6.0,6.0,3.0,7.0,5.0,3.0,2.0,Completed,4.33,1.22,4.15,1.28,4.33,1.28,4.03,1.24,,
ATP,2025,5,Melbourne,Australian Open,2025-01-15,Grand Slam,Outdoor,Hard,2nd Round,5,Fearnley J.,Cazaux A.,92,78.0,632,732.0,3.0,6.0,7.0,5.0,6.0,2.0,6.0,3.0,,,3.0,1.0,Completed,1.62,2.3,1.65,2.4,1.68,2.4,1.64,2.26,,
ATP,2025,5,Melbourne,Australian Open,2025-01-15,Grand Slam,Outdoor,Hard,2nd Round,5,Mensik J.,Ruud C.,48,6.0,1162,4210.0,6.0,2.0,3.0,6.0,6.0,1.0,6.0,4.0,,,3.0,1.0,Completed,2.1,1.73,2.17,1.78,2.23,1.78,2.1,1.74,,
ATP,2025,5,Melbourne,Australian Open,2025-01-15,Grand Slam,Outdoor,Hard,2nd Round,5,Draper J.,Kokkinakis T.,18,71.0,2530,766.0,6.0,7.0,6.0,3.0,3.0,6.0,7.0,5.0,6.0,3.0,3.0,2.0,Completed,1.44,2.75,1.47,2.92,1.56,2.92,1.44,2.77,,
ATP,2025,5,Melbourne,Australian Open,2025-01-15,Grand Slam,Outdoor,Hard,2nd Round,5,Davidovich Fokina A.,Auger-Aliassime F.,66,23.0,790,1905.0,6.0,7.0,6.0,7.0,6.0,4.0,6.0,1.0,6.0,3.0,3.0,2.0,Completed,3.75,1.29,3.84,1.31,3.84,1.33,3.57,1.3,,
ATP,2025,5,Melbourne,Australian Open,2025-01-15,Grand Slam,Outdoor,Hard,2nd Round,5,Humbert U.,Habib H.,14,219.0,2765,264.0,6.0,3.0,6.0,4.0,6.0,4.0,,,,,3.0,0.0,Completed,1.08,8.0,1.13,7.35,1.13,8.0,1.1,6.99,,
ATP,2025,5,Melbourne,Australian Open,2025-01-15,Grand Slam,Outdoor,Hard,2nd Round,5,Zverev A.,Martinez P.,2,44.0,7635,1220.0,6.0,1.0,6.0,4.0,6.0,1.0,,,,,3.0,0.0,Completed,1.02,21.0,1.02,28.08,1.02,28.08,1.01,16.29,,
ATP,2025,5,Melbourne,Australian Open,2025-01-15,Grand Slam,Outdoor,Hard,2nd Round,5,Paul T.,Nishikori K.,11,76.0,3195,743.0,6.0,7.0,6.0,0.0,6.0,3.0,6.0,1.0,,,3.0,1.0,Completed,1.4,3.0,1.45,2.97,1.47,3.0,1.41,2.88,,
ATP,2025,5,Melbourne,Australian Open,2025-01-16,Grand Slam,Outdoor,Hard,2nd Round,5,Kecmanovic M.,Hurkacz H.,51,17.0,1096,2555.0,6.0,4.0,6.0,4.0,6.0,2.0,,,,,3.0,0.0,Completed,3.75,1.29,3.52,1.35,3.75,1.35,3.47,1.31,,
ATP,2025,5,Melbourne,Australian Open,2025-01-16,Grand Slam,Outdoor,Hard,2nd Round,5,Khachanov K.,Diallo G.,19,86.0,2410,646.0,7.0,6.0,4.0,6.0,6.0,3.0,6.0,3.0,,,3.0,1.0,Completed,1.33,3.4,1.31,3.85,1.33,3.85,1.32,3.41,,
ATP,2025,5,Melbourne,Australian Open,2025-01-16,Grand Slam,Outdoor,Hard,2nd Round,5,Monfils G.,Altmaier D.,41,101.0,1280,582.0,7.0,5.0,6.0,3.0,7.0,6.0,,,,,3.0,0.0,Completed,1.2,4.5,1.24,4.46,1.26,4.54,1.22,4.38,,
ATP,2025,5,Melbourne,Australian Open,2025-01-16,Grand Slam,Outdoor,Hard,2nd Round,5,Musetti L.,Shapovalov D.,15,56.0,2600,1006.0,7.0,6.0,7.0,6.0,6.0,2.0,,,,,3.0,0.0,Completed,2.1,1.73,2.08,1.84,2.1,1.87,2.01,1.81,,
ATP,2025,5,Melbourne,Australian Open,2025-01-16,Grand Slam,Outdoor,Hard,2nd Round,5,Cerundolo F.,Diaz Acosta F.,31,73.0,1620,758.0,6.0,2.0,1.0,0.0,,,,,,,1.0,0.0,Retired,1.4,3.0,1.36,3.48,1.42,3.48,1.39,3.0,,
ATP,2025,5,Melbourne,Australian Open,2025-01-16,Grand Slam,Outdoor,Hard,2nd Round,5,Shelton B.,Carreno Busta P.,20,182.0,2280,317.0,6.0,3.0,6.0,3.0,6.0,7.0,6.0,4.0,,,3.0,1.0,Completed,1.3,3.5,1.32,3.77,1.35,3.77,1.31,3.45,,
ATP,2025,5,Melbourne,Australian Open,2025-01-16,Grand Slam,Outdoor,Hard,2nd Round,5,De Minaur A.,Boyer T.,8,136.0,3535,448.0,6.0,2.0,6.0,4.0,6.0,3.0,,,,,3.0,0.0,Completed,1.03,15.0,1.04,17.5,1.05,17.5,1.03,12.57,,
ATP,2025,5,Melbourne,Australian Open,2025-01-16,Grand Slam,Outdoor,Hard,2nd Round,5,Moutet C.,Krueger M.,69,146.0,772,396.0,4.0,6.0,6.0,4.0,7.0,6.0,6.0,4.0,,,3.0,1.0,Completed,1.5,2.63,1.56,2.61,1.56,2.75,1.5,2.6,,
ATP,2025,5,Melbourne,Australian Open,2025-01-16,Grand Slam,Outdoor,Hard,2nd Round,5,Fritz T.,Garin C.,4,150.0,5350,382.0,6.0,2.0,6.0,1.0,6.0,0.0,,,,,3.0,0.0,Completed,1.04,13.0,1.04,18.2,1.04,18.2,1.03,13.02,,
ATP,2025,5,Melbourne,Australian Open,2025-01-16,Grand Slam,Outdoor,Hard,2nd Round,5,Giron M.,Etcheverry T.,46,38.0,1175,1315.0,7.0,5.0,3.0,6.0,7.0,5.0,3.0,6.0,6.0,4.0,3.0,2.0,Completed,1.91,1.91,2.0,1.91,2.0,1.94,1.92,1.89,,
ATP,2025,5,Melbourne,Australian Open,2025-01-16,Grand Slam,Outdoor,Hard,2nd Round,5,Michelsen A.,Mccabe J.,42,258.0,1270,216.0,7.0,5.0,6.0,3.0,7.0,6.0,,,,,3.0,0.0,Completed,1.11,6.5,1.14,7.05,1.15,7.05,1.12,6.27,,
ATP,2025,5,Melbourne,Australian Open,2025-01-16,Grand Slam,Outdoor,Hard,2nd Round,5,Marozsan F.,Tiafoe F.,59,16.0,960,2560.0,6.0,7.0,6.0,4.0,3.0,6.0,6.0,4.0,6.0,1.0,3.0,2.0,Completed,2.75,1.44,2.56,1.58,2.75,1.58,2.6,1.5,,
ATP,2025,5,Melbourne,Australian Open,2025-01-16,Grand Slam,Outdoor,Hard,2nd Round,5,Sonego L.,Fonseca J.,55,112.0,1026,520.0,6.0,7.0,6.0,3.0,6.0,1.0,3.0,6.0,6.0,3.0,3.0,2.0,Completed,5.0,1.17,4.82,1.22,5.2,1.23,4.72,1.2,,
ATP,2025,5,Melbourne,Australian Open,2025-01-16,Grand Slam,Outdoor,Hard,2nd Round,5,Rune H.,Berrettini M.,13,34.0,2910,1380.0,7.0,6.0,2.0,6.0,6.0,3.0,7.0,6.0,,,3.0,1.0,Completed,2.2,1.67,2.25,1.72,2.25,1.77,2.13,1.71,,
ATP,2025,5,Melbourne,Australian Open,2025-01-16,Grand Slam,Outdoor,Hard,2nd Round,5,Sinner J.,Schoolkate T.,1,173.0,11830,336.0,4.0,6.0,6.0,4.0,6.0,1.0,6.0,3.0,,,3.0,1.0,Completed,1.01,34.0,1.01,51.48,1.02,51.48,1.01,20.26,,
ATP,2025,5,Melbourne,Australian Open,2025-01-16,Grand Slam,Outdoor,Hard,2nd Round,5,Tien L.,Medvedev D.,121,5.0,493,5030.0,6.0,3.0,7.0,6.0,6.0,7.0,1.0,6.0,7.0,6.0,3.0,2.0,Completed,5.0,1.17,6.77,1.14,6.77,1.19,5.36,1.16,,
ATP,2025,5,Melbourne,Australian Open,2025-01-17,Grand Slam,Outdoor,Hard,3rd Round,5,Paul T.,Carballes Baena R.,11,57.0,3195,981.0,7.0,6.0,6.0,2.0,6.0,0.0,,,,,3.0,0.0,Completed,1.13,6.0,1.16,6.23,1.17,6.23,1.14,5.67,,
ATP,2025,5,Melbourne,Australian Open,2025-01-17,Grand Slam,Outdoor,Hard,3rd Round,5,Alcaraz C.,Borges N.,3,33.0,7010,1445.0,6.0,2.0,6.0,4.0,6.0,7.0,6.0,2.0,,,3.0,1.0,Completed,1.03,17.0,1.03,23.4,1.04,23.4,1.03,13.97,,
ATP,2025,5,Melbourne,Australian Open,2025-01-17,Grand Slam,Outdoor,Hard,3rd Round,5,Zverev A.,Fearnley J.,2,92.0,7635,632.0,6.0,3.0,6.0,4.0,6.0,4.0,,,,,3.0,0.0,Completed,1.07,9.0,1.08,10.86,1.08,10.86,1.07,8.72,,
ATP,2025,5,Melbourne,Australian Open,2025-01-17,Grand Slam,Outdoor,Hard,3rd Round,5,Davidovich Fokina A.,Mensik J.,66,48.0,790,1162.0,3.0,6.0,4.0,6.0,7.0,6.0,6.0,4.0,6.0,2.0,3.0,2.0,Completed,2.63,1.5,2.65,1.55,2.72,1.55,2.6,1.5,,
ATP,2025,5,Melbourne,Australian Open,2025-01-17,Grand Slam,Outdoor,Hard,3rd Round,5,Humbert U.,Fils A.,14,21.0,2765,2280.0,4.0,6.0,7.0,5.0,6.0,4.0,1.0,0.0,,,2.0,1.0,Retired,1.57,2.38,1.65,2.39,1.66,2.48,1.58,2.38,,
ATP,2025,5,Melbourne,Australian Open,2025-01-17,Grand Slam,Outdoor,Hard,3rd Round,5,Djokovic N.,Machac T.,7,25.0,3900,1805.0,6.0,1.0,6.0,4.0,6.0,4.0,,,,,3.0,0.0,Completed,1.22,4.33,1.22,4.85,1.28,4.85,1.24,4.03,,
ATP,2025,5,Melbourne,Australian Open,2025-01-17,Grand Slam,Outdoor,Hard,3rd Round,5,Lehecka J.,Bonzi B.,29,64.0,1660,819.0,6.0,2.0,6.0,3.0,6.0,3.0,,,,,3.0,0.0,Completed,1.29,3.75,1.29,4.01,1.3,4.01,1.29,3.65,,
ATP,2025,5,Melbourne,Australian Open,2025-01-17,Grand Slam,Outdoor,Hard,3rd Round,5,Draper J.,Vukic A.,18,68.0,2530,778.0,6.0,4.0,2.0,6.0,5.0,7.0,7.0,6.0,7.0,6.0,3.0,2.0,Completed,1.22,4.33,1.2,5.29,1.24,5.29,1.22,4.36,,
ATP,2025,5,Melbourne,Australian Open,2025-01-18,Grand Slam,Outdoor,Hard,3rd Round,5,Michelsen A.,Khachanov K.,42,19.0,1270,2410.0,6.0,3.0,7.0,6.0,6.0,2.0,,,,,3.0,0.0,Completed,2.5,1.53,2.5,1.6,2.5,1.66,2.37,1.58,,
ATP,2025,5,Melbourne,Australian Open,2025-01-18,Grand Slam,Outdoor,Hard,3rd Round,5,Monfils G.,Fritz T.,41,4.0,1280,5350.0,3.0,6.0,7.0,5.0,7.0,6.0,6.0,4.0,,,3.0,1.0,Completed,7.0,1.1,7.4,1.13,7.4,1.15,6.44,1.12,,
ATP,2025,5,Melbourne,Australian Open,2025-01-18,Grand Slam,Outdoor,Hard,3rd Round,5,De Minaur A.,Cerundolo F.,8,31.0,3535,1620.0,5.0,7.0,7.0,6.0,6.0,3.0,6.0,3.0,,,3.0,1.0,Completed,1.08,8.0,1.11,8.45,1.13,8.45,1.1,7.3,,
ATP,2025,5,Melbourne,Australian Open,2025-01-18,Grand Slam,Outdoor,Hard,3rd Round,5,Sonego L.,Marozsan F.,55,59.0,1026,960.0,6.0,7.0,7.0,6.0,6.0,1.0,6.0,2.0,,,3.0,1.0,Completed,1.8,2.0,1.85,2.07,1.85,2.1,1.79,2.02,,
ATP,2025,5,Melbourne,Australian Open,2025-01-18,Grand Slam,Outdoor,Hard,3rd Round,5,Tien L.,Moutet C.,121,69.0,493,772.0,7.0,6.0,6.0,3.0,6.0,3.0,,,,,3.0,0.0,Completed,1.91,1.91,1.93,1.98,1.93,2.01,1.87,1.93,,
ATP,2025,5,Melbourne,Australian Open,2025-01-18,Grand Slam,Outdoor,Hard,3rd Round,5,Shelton B.,Musetti L.,20,15.0,2280,2600.0,6.0,3.0,3.0,6.0,6.0,4.0,7.0,6.0,,,3.0,1.0,Completed,1.62,2.3,1.63,2.43,1.69,2.43,1.63,2.27,,
ATP,2025,5,Melbourne,Australian Open,2025-01-18,Grand Slam,Outdoor,Hard,3rd Round,5,Sinner J.,Giron M.,1,46.0,11830,1175.0,6.0,3.0,6.0,4.0,6.0,2.0,,,,,3.0,0.0,Completed,1.01,23.0,1.02,32.69,1.03,32.69,1.02,16.82,,
ATP,2025,5,Melbourne,Australian Open,2025-01-18,Grand Slam,Outdoor,Hard,3rd Round,5,Rune H.,Kecmanovic M.,13,51.0,2910,1096.0,6.0,7.0,6.0,3.0,4.0,6.0,6.0,4.0,6.0,4.0,3.0,2.0,Completed,1.44,2.75,1.5,2.78,1.5,2.85,1.46,2.73,,
ATP,2025,5,Melbourne,Australian Open,2025-01-19,Grand Slam,Outdoor,Hard,4th Round,5,Paul T.,Davidovich Fokina A.,11,66.0,3195,790.0,6.0,1.0,6.0,1.0,6.0,1.0,,,,,3.0,0.0,Completed,1.25,4.0,1.25,4.5,1.28,4.5,1.24,3.99,,
ATP,2025,5,Melbourne,Australian Open,2025-01-19,Grand Slam,Outdoor,Hard,4th Round,5,Alcaraz C.,Draper J.,3,18.0,7010,2530.0,7.0,5.0,6.0,1.0,,,,,,,2.0,0.0,Retired,1.08,8.0,1.09,10.06,1.12,10.06,1.08,8.12,,
ATP,2025,5,Melbourne,Australian Open,2025-01-19,Grand Slam,Outdoor,Hard,4th Round,5,Zverev A.,Humbert U.,2,14.0,7635,2765.0,6.0,1.0,2.0,6.0,6.0,3.0,6.0,2.0,,,3.0,1.0,Completed,1.17,5.0,1.17,5.89,1.21,5.89,1.17,4.97,,
ATP,2025,5,Melbourne,Australian Open,2025-01-19,Grand Slam,Outdoor,Hard,4th Round,5,Djokovic N.,Lehecka J.,7,29.0,3900,1660.0,6.0,3.0,6.0,4.0,7.0,6.0,,,,,3.0,0.0,Completed,1.25,4.0,1.23,4.68,1.28,4.68,1.25,3.96,,
ATP,2025,5,Melbourne,Australian Open,2025-01-20,Grand Slam,Outdoor,Hard,4th Round,5,Sinner J.,Rune H.,1,13.0,11830,2910.0,6.0,3.0,3.0,6.0,6.0,3.0,6.0,2.0,,,3.0,1.0,Completed,1.08,8.0,1.07,11.23,1.09,11.23,1.08,8.31,,
ATP,2025,5,Melbourne,Australian Open,2025-01-20,Grand Slam,Outdoor,Hard,4th Round,5,Sonego L.,Tien L.,55,121.0,1026,493.0,6.0,3.0,6.0,2.0,3.0,6.0,6.0,1.0,,,3.0,1.0,Completed,1.67,2.2,1.74,2.22,1.86,2.22,1.74,2.1,,
ATP,2025,5,Melbourne,Australian Open,2025-01-20,Grand Slam,Outdoor,Hard,4th Round,5,Shelton B.,Monfils G.,20,41.0,2280,1280.0,7.0,6.0,6.0,7.0,7.0,6.0,1.0,0.0,,,2.0,1.0,Retired,1.62,2.3,1.6,2.5,1.63,2.5,1.61,2.33,,
ATP,2025,5,Melbourne,Australian Open,2025-01-20,Grand Slam,Outdoor,Hard,4th Round,5,De Minaur A.,Michelsen A.,8,42.0,3535,1270.0,6.0,0.0,7.0,6.0,6.0,3.0,,,,,3.0,0.0,Completed,1.25,4.0,1.28,4.12,1.29,4.12,1.26,3.83,,
ATP,2025,5,Melbourne,Australian Open,2025-01-21,Grand Slam,Outdoor,Hard,Quarterfinals,5,Zverev A.,Paul T.,2,11.0,7635,3195.0,7.0,6.0,7.0,6.0,2.0,6.0,6.0,1.0,,,3.0,1.0,Completed,1.33,3.4,1.36,3.4,1.37,3.48,1.35,3.26,,
ATP,2025,5,Melbourne,Australian Open,2025-01-21,Grand Slam,Outdoor,Hard,Quarterfinals,5,Djokovic N.,Alcaraz C.,7,3.0,3900,7010.0,4.0,6.0,6.0,4.0,6.0,3.0,6.0,4.0,,,3.0,1.0,Completed,2.5,1.53,2.62,1.56,2.7,1.56,2.57,1.52,,
ATP,2025,5,Melbourne,Australian Open,2025-01-22,Grand Slam,Outdoor,Hard,Quarterfinals,5,Shelton B.,Sonego L.,20,55.0,2280,1026.0,6.0,4.0,7.0,5.0,4.0,6.0,7.0,6.0,,,3.0,1.0,Completed,1.36,3.2,1.4,3.22,1.4,3.3,1.37,3.15,,
ATP,2025,5,Melbourne,Australian Open,2025-01-22,Grand Slam,Outdoor,Hard,Quarterfinals,5,Sinner J.,De Minaur A.,1,8.0,11830,3535.0,6.0,3.0,6.0,2.0,6.0,1.0,,,,,3.0,0.0,Completed,1.17,5.0,1.19,5.34,1.19,5.5,1.17,5.1,,
ATP,2025,5,Melbourne,Australian Open,2025-01-24,Grand Slam,Outdoor,Hard,Semifinals,5,Zverev A.,Djokovic N.,2,7.0,7635,3900.0,7.0,6.0,,,,,,,,,1.0,0.0,Retired,2.3,1.62,2.45,1.63,2.45,1.7,2.31,1.63,,
ATP,2025,5,Melbourne,Australian Open,2025-01-24,Grand Slam,Outdoor,Hard,Semifinals,5,Sinner J.,Shelton B.,1,20.0,11830,2280.0,7.0,6.0,6.0,2.0,6.0,2.0,,,,,3.0,0.0,Completed,1.05,11.0,1.09,10.06,1.09,11.0,1.06,9.51,,
ATP,2025,5,Melbourne,Australian Open,2025-01-26,Grand Slam,Outdoor,Hard,The Final,5,Sinner J.,Zverev A.,1,2.0,11830,7635.0,6.0,3.0,7.0,6.0,6.0,3.0,,,,,3.0,0.0,Completed,1.33,3.4,1.34,3.6,1.39,3.4,1.35,3.31,,
ATP,2025,29,Paris,French Open,2025-05-25,Grand Slam,Outdoor,Clay,1st Round,5,Fucsovics M.,Schoolkate T.,124,128.0,468,464.0,6.0,4.0,6.0,2.0,6.0,2.0,,,,,3.0,0.0,Completed,1.08,8.0,1.1,8.86,1.11,9.6,1.08,8.03,,
ATP,2025,29,Paris,French Open,2025-05-25,Grand Slam,Outdoor,Clay,1st Round,5,Medjedovic H.,Majchrzak K.,74,96.0,811,645.0,6.0,3.0,6.0,3.0,7.0,6.0,,,,,3.0,0.0,Completed,1.57,2.38,1.62,2.45,1.63,2.56,1.59,2.38,,
ATP,2025,29,Paris,French Open,2025-05-25,Grand Slam,Outdoor,Clay,1st Round,5,Paul T.,Moller E.,12,112.0,3210,511.0,6.0,7.0,6.0,2.0,6.0,3.0,6.0,1.0,,,3.0,1.0,Completed,1.1,7.0,1.15,6.45,1.15,7.2,1.12,6.52,,
ATP,2025,29,Paris,French Open,2025-05-25,Grand Slam,Outdoor,Clay,1st Round,5,Navone M.,Nakashima B.,97,32.0,620,1690.0,7.0,6.0,4.0,6.0,6.0,1.0,6.0,2.0,,,3.0,1.0,Completed,1.5,2.63,1.49,2.84,1.5,2.98,1.48,2.69,,
ATP,2025,29,Paris,French Open,2025-05-25,Grand Slam,Outdoor,Clay,1st Round,5,Mpetshi G.,Bergs Z.,37,50.0,1414,1051.0,4.0,6.0,6.0,3.0,7.0,6.0,6.0,4.0,,,3.0,1.0,Completed,1.73,2.1,1.88,2.03,1.9,2.12,1.78,2.06,,
ATP,2025,29,Paris,French Open,2025-05-25,Grand Slam,Outdoor,Clay,1st Round,5,Opelka R.,Hijikata R.,93,78.0,651,792.0,1.0,6.0,6.0,3.0,7.0,5.0,7.0,6.0,,,3.0,1.0,Completed,1.44,2.75,1.47,2.92,1.5,2.96,1.45,2.81,,
ATP,2025,29,Paris,French Open,2025-05-25,Grand Slam,Outdoor,Clay,1st Round,5,Carreno Busta P.,Comesana F.,99,64.0,615,911.0,6.0,2.0,7.0,6.0,7.0,5.0,,,,,3.0,0.0,Completed,2.63,1.5,2.67,1.54,2.84,1.54,2.64,1.5,,
ATP,2025,29,Paris,French Open,2025-05-25,Grand Slam,Outdoor,Clay,1st Round,5,Dzumhur D.,Tirante T.A.,69,132.0,875,453.0,3.0,6.0,6.0,4.0,6.0,3.0,7.0,5.0,,,3.0,1.0,Completed,1.73,2.1,1.74,2.22,1.75,2.3,1.7,2.15,,
ATP,2025,29,Paris,French Open,2025-05-25,Grand Slam,Outdoor,Clay,1st Round,5,Kopriva V.,Monteiro T.,86,131.0,715,454.0,6.0,4.0,6.0,3.0,4.0,6.0,6.0,7.0,6.0,1.0,3.0,2.0,Completed,1.4,3.0,1.42,3.14,1.45,3.14,1.4,3.0,,
ATP,2025,29,Paris,French Open,2025-05-25,Grand Slam,Outdoor,Clay,1st Round,5,Musetti L.,Hanfmann Y.,7,142.0,3860,410.0,7.0,5.0,6.0,2.0,6.0,0.0,,,,,3.0,0.0,Completed,1.05,11.0,1.06,13.11,1.06,16.0,1.04,11.52,,
ATP,2025,29,Paris,French Open,2025-05-25,Grand Slam,Outdoor,Clay,1st Round,5,Cerundolo J.M.,Michelsen A.,109,33.0,530,1550.0,6.0,3.0,6.0,2.0,6.0,4.0,,,,,3.0,0.0,Completed,1.8,2.0,1.88,2.03,1.96,2.03,1.83,2.0,,
ATP,2025,29,Paris,French Open,2025-05-25,Grand Slam,Outdoor,Clay,1st Round,5,Galan D.E.,Royer V.,122,120.0,477,478.0,7.0,6.0,6.0,3.0,3.0,6.0,6.0,7.0,7.0,5.0,3.0,2.0,Completed,2.2,1.67,2.07,1.85,2.22,1.89,2.05,1.78,,
ATP,2025,29,Paris,French Open,2025-05-25,Grand Slam,Outdoor,Clay,1st Round,5,Tiafoe F.,Safiullin R.,16,72.0,2665,816.0,6.0,4.0,7.0,5.0,6.0,4.0,,,,,3.0,0.0,Completed,1.4,3.0,1.48,2.88,1.48,3.15,1.43,2.88,,
ATP,2025,29,Paris,French Open,2025-05-25,Grand Slam,Outdoor,Clay,1st Round,5,Marozsan F.,Nardi L.,56,95.0,990,645.0,6.0,2.0,6.0,3.0,7.0,6.0,,,,,3.0,0.0,Completed,1.22,4.33,1.25,4.52,1.25,5.0,1.22,4.41,,
ATP,2025,29,Paris,French Open,2025-05-25,Grand Slam,Outdoor,Clay,1st Round,5,Gigante M.,Hassan B.,167,220.0,338,253.0,6.0,4.0,6.0,2.0,6.0,0.0,,,,,3.0,0.0,Completed,1.5,2.63,1.53,2.69,1.56,2.69,1.51,2.61,,
ATP,2025,29,Paris,French Open,2025-05-25,Grand Slam,Outdoor,Clay,1st Round,5,Nava E.,Van De Zandschulp B.,137,89.0,433,670.0,6.0,2.0,7.0,5.0,7.0,5.0,,,,,3.0,0.0,Completed,2.1,1.73,2.18,1.77,2.18,1.82,2.12,1.74,,
ATP,2025,29,Paris,French Open,2025-05-25,Grand Slam,Outdoor,Clay,1st Round,5,Brooksby J.,Faria J.,161,115.0,347,493.0,6.0,1.0,3.0,6.0,6.0,3.0,6.0,2.0,,,3.0,1.0,Completed,1.57,2.38,1.65,2.4,1.67,2.45,1.6,2.38,,
ATP,2025,29,Paris,French Open,2025-05-25,Grand Slam,Outdoor,Clay,1st Round,5,Shelton B.,Sonego L.,13,44.0,2980,1205.0,6.0,4.0,4.0,6.0,3.0,6.0,6.0,2.0,6.0,3.0,3.0,2.0,Completed,1.62,2.3,1.58,2.56,1.62,2.62,1.57,2.44,,
ATP,2025,29,Paris,French Open,2025-05-25,Grand Slam,Outdoor,Clay,1st Round,5,Halys Q.,Machac T.,52,22.0,1039,2110.0,7.0,6.0,4.0,1.0,,,,,,,1.0,0.0,Retired,3.0,1.4,3.24,1.4,3.25,1.43,3.05,1.39,,
ATP,2025,29,Paris,French Open,2025-05-25,Grand Slam,Outdoor,Clay,1st Round,5,Borges N.,Jacquet K.,41,150.0,1285,388.0,3.0,6.0,6.0,7.0,6.0,4.0,6.0,3.0,6.0,3.0,3.0,2.0,Completed,1.57,2.38,1.55,2.65,1.6,2.68,1.56,2.46,,
ATP,2025,29,Paris,French Open,2025-05-26,Grand Slam,Outdoor,Clay,1st Round,5,Korda S.,Darderi L.,23,45.0,2020,1159.0,6.0,2.0,4.0,6.0,6.0,3.0,6.0,2.0,,,3.0,1.0,Completed,1.91,1.91,1.96,1.94,2.0,1.98,1.92,1.91,,
ATP,2025,29,Paris,French Open,2025-05-26,Grand Slam,Outdoor,Clay,1st Round,5,Gaston H.,Blanchet U.,83,193.0,753,289.0,2.0,6.0,6.0,0.0,2.0,6.0,6.0,3.0,6.0,4.0,3.0,2.0,Completed,1.44,2.75,1.5,2.8,1.51,2.92,1.46,2.76,,
ATP,2025,29,Paris,French Open,2025-05-26,Grand Slam,Outdoor,Clay,1st Round,5,Kecmanovic M.,Baez S.,46,38.0,1146,1410.0,6.0,7.0,6.0,7.0,6.0,4.0,6.0,2.0,6.0,2.0,3.0,2.0,Completed,2.2,1.67,2.21,1.75,2.24,1.79,2.17,1.7,,
ATP,2025,29,Paris,French Open,2025-05-26,Grand Slam,Outdoor,Clay,1st Round,5,Popyrin A.,Nishioka Y.,25,77.0,1950,794.0,7.0,5.0,6.0,4.0,1.0,2.0,,,,,2.0,0.0,Retired,1.14,5.5,1.19,5.44,1.2,7.13,1.17,5.33,,
ATP,2025,29,Paris,French Open,2025-05-26,Grand Slam,Outdoor,Clay,1st Round,5,Ruud C.,Ramos A.,8,251.0,3655,224.0,6.0,3.0,6.0,4.0,6.0,2.0,,,,,3.0,0.0,Completed,1.04,13.0,1.04,18.01,1.05,24.0,1.03,14.0,,
ATP,2025,29,Paris,French Open,2025-05-26,Grand Slam,Outdoor,Clay,1st Round,5,Tabilo A.,Cazaux A.,61,113.0,940,508.0,5.0,7.0,6.0,3.0,6.0,2.0,1.0,6.0,6.0,3.0,3.0,2.0,Completed,1.57,2.38,1.6,2.52,1.64,2.52,1.57,2.44,,
ATP,2025,29,Paris,French Open,2025-05-26,Grand Slam,Outdoor,Clay,1st Round,5,Alcaraz C.,Zeppieri G.,2,310.0,8850,172.0,6.0,3.0,6.0,4.0,6.0,2.0,,,,,3.0,0.0,Completed,1.01,26.0,1.01,54.44,1.01,90.0,1.01,30.06,,
ATP,2025,29,Paris,French Open,2025-05-26,Grand Slam,Outdoor,Clay,1st Round,5,Tsitsipas S.,Etcheverry T.,20,53.0,2270,1025.0,7.0,5.0,6.0,3.0,6.0,4.0,,,,,3.0,0.0,Completed,1.2,4.5,1.25,4.74,1.27,4.74,1.23,4.35,,
ATP,2025,29,Paris,French Open,2025-05-26,Grand Slam,Outdoor,Clay,1st Round,5,Davidovich Fokina A.,Llamas Ruiz P.,29,872.0,1770,22.0,6.0,3.0,6.0,2.0,6.0,7.0,6.0,3.0,,,3.0,1.0,Completed,1.1,7.0,1.13,7.13,1.14,7.6,1.11,6.93,,
ATP,2025,29,Paris,French Open,2025-05-26,Grand Slam,Outdoor,Clay,1st Round,5,Altmaier D.,Fritz T.,66,4.0,906,4675.0,7.0,5.0,3.0,6.0,6.0,3.0,6.0,1.0,,,3.0,1.0,Completed,3.75,1.29,3.74,1.32,4.0,1.33,3.71,1.28,,
ATP,2025,29,Paris,French Open,2025-05-26,Grand Slam,Outdoor,Clay,1st Round,5,Rune H.,Bautista Agut R.,10,49.0,3440,1064.0,6.0,7.0,6.0,4.0,6.0,3.0,6.0,2.0,,,3.0,1.0,Completed,1.14,5.5,1.18,5.67,1.19,6.2,1.16,5.36,,
ATP,2025,29,Paris,French Open,2025-05-26,Grand Slam,Outdoor,Clay,1st Round,5,Fearnley J.,Wawrinka S.,55,138.0,991,432.0,7.0,6.0,6.0,3.0,6.0,2.0,,,,,3.0,0.0,Completed,1.5,2.63,1.48,2.88,1.5,2.96,1.47,2.71,,
ATP,2025,29,Paris,French Open,2025-05-26,Grand Slam,Outdoor,Clay,1st Round,5,Khachanov K.,Vukic A.,24,80.0,1960,783.0,6.0,4.0,6.0,4.0,6.0,4.0,,,,,3.0,0.0,Completed,1.1,7.0,1.1,9.13,1.11,9.6,1.09,7.89,,
ATP,2025,29,Paris,French Open,2025-05-26,Grand Slam,Outdoor,Clay,1st Round,5,Diallo G.,Cerundolo F.,54,18.0,997,2475.0,7.0,5.0,6.0,3.0,6.0,4.0,,,,,3.0,0.0,Completed,6.5,1.11,8.05,1.11,8.2,1.14,7.01,1.11,,
ATP,2025,29,Paris,French Open,2025-05-26,Grand Slam,Outdoor,Clay,1st Round,5,Lehecka J.,Thompson J.,34,40.0,1505,1375.0,6.0,4.0,6.0,2.0,6.0,1.0,,,,,3.0,0.0,Completed,1.14,5.5,1.17,5.94,1.17,6.8,1.15,5.68,,
ATP,2025,29,Paris,French Open,2025-05-26,Grand Slam,Outdoor,Clay,1st Round,5,Ofner S.,Struff J.L.,108,87.0,533,690.0,7.0,6.0,6.0,3.0,6.0,7.0,6.0,2.0,,,3.0,1.0,Completed,1.36,3.2,1.41,3.18,1.45,3.2,1.38,3.1,,
ATP,2025,29,Paris,French Open,2025-05-26,Grand Slam,Outdoor,Clay,1st Round,5,Gasquet R.,Atmane T.,166,121.0,339,477.0,6.0,2.0,2.0,6.0,6.0,3.0,6.0,0.0,,,3.0,1.0,Completed,2.38,1.57,2.55,1.58,2.56,1.62,2.46,1.56,,
ATP,2025,29,Paris,French Open,2025-05-26,Grand Slam,Outdoor,Clay,1st Round,5,Shapovalov D.,Martinez P.,31,48.0,1701,1070.0,6.0,2.0,6.0,0.0,6.0,3.0,,,,,3.0,0.0,Completed,1.5,2.63,1.58,2.54,1.61,2.63,1.55,2.49,,
ATP,2025,29,Paris,French Open,2025-05-26,Grand Slam,Outdoor,Clay,1st Round,5,Misolic F.,Bu Y.,153,70.0,374,874.0,5.0,7.0,7.0,6.0,7.0,6.0,6.0,1.0,,,3.0,1.0,Completed,1.57,2.38,1.62,2.45,1.68,2.45,1.58,2.4,,
ATP,2025,29,Paris,French Open,2025-05-26,Grand Slam,Outdoor,Clay,1st Round,5,Fils A.,Jarry N.,14,149.0,2845,390.0,6.0,3.0,6.0,4.0,6.0,7.0,6.0,3.0,,,3.0,1.0,Completed,1.14,5.5,1.17,5.92,1.21,6.8,1.15,5.54,,
ATP,2025,29,Paris,French Open,2025-05-26,Grand Slam,Outdoor,Clay,1st Round,5,Humbert U.,O Connell C.,21,82.0,2155,762.0,7.0,5.0,6.0,3.0,7.0,6.0,,,,,3.0,0.0,Completed,1.44,2.75,1.56,2.61,1.56,2.78,1.52,2.59,,
ATP,2025,29,Paris,French Open,2025-05-26,Grand Slam,Outdoor,Clay,1st Round,5,Munar J.,Ugo Carabelli C.,57,51.0,962,1040.0,6.0,4.0,6.0,1.0,7.0,5.0,,,,,3.0,0.0,Completed,1.57,2.38,1.69,2.31,1.69,2.46,1.62,2.34,,
ATP,2025,29,Paris,French Open,2025-05-26,Grand Slam,Outdoor,Clay,1st Round,5,Griekspoor T.,Giron M.,35,43.0,1485,1265.0,4.0,6.0,6.0,3.0,6.0,4.0,7.0,5.0,,,3.0,1.0,Completed,1.3,3.5,1.3,3.89,1.3,4.2,1.28,3.71,,
ATP,2025,29,Paris,French Open,2025-05-26,Grand Slam,Outdoor,Clay,1st Round,5,Sinner J.,Rinderknech A.,1,75.0,10380,801.0,6.0,4.0,6.0,3.0,7.0,5.0,,,,,3.0,0.0,Completed,1.01,29.0,1.01,39.89,1.02,60.0,1.01,24.75,,
ATP,2025,29,Paris,French Open,2025-05-27,Grand Slam,Outdoor,Clay,1st Round,5,De Minaur A.,Djere L.,9,59.0,3635,952.0,6.0,3.0,6.0,4.0,7.0,6.0,,,,,3.0,0.0,Completed,1.2,4.5,1.24,4.54,1.25,4.8,1.22,4.38,,
ATP,2025,29,Paris,French Open,2025-05-27,Grand Slam,Outdoor,Clay,1st Round,5,Gomez F.A.,Kovacevic A.,144,76.0,405,799.0,4.0,6.0,6.0,4.0,6.0,4.0,6.0,1.0,,,3.0,1.0,Completed,2.3,1.62,2.4,1.65,2.44,1.68,2.32,1.62,,
ATP,2025,29,Paris,French Open,2025-05-27,Grand Slam,Outdoor,Clay,1st Round,5,Norrie C.,Medvedev D.,81,11.0,762,3290.0,7.0,5.0,6.0,3.0,4.0,6.0,1.0,6.0,7.0,5.0,3.0,2.0,Completed,4.5,1.2,4.43,1.25,4.5,1.27,4.33,1.23,,
ATP,2025,29,Paris,French Open,2025-05-27,Grand Slam,Outdoor,Clay,1st Round,5,Shevchenko A.,Lajovic D.,103,125.0,580,466.0,6.0,2.0,6.0,4.0,7.0,6.0,,,,,3.0,0.0,Completed,2.75,1.44,2.89,1.48,3.1,1.5,2.85,1.44,,
ATP,2025,29,Paris,French Open,2025-05-27,Grand Slam,Outdoor,Clay,1st Round,5,Quinn E.,Dimitrov G.,106,17.0,538,2595.0,2.0,6.0,3.0,6.0,6.0,2.0,,,,,1.0,2.0,Retired,3.4,1.33,3.4,1.37,3.6,1.37,3.35,1.34,,
ATP,2025,29,Paris,French Open,2025-05-27,Grand Slam,Outdoor,Clay,1st Round,5,Bublik A.,Duckworth J.,62,92.0,915,651.0,6.0,2.0,6.0,4.0,6.0,4.0,,,,,3.0,0.0,Completed,1.14,5.5,1.17,5.86,1.2,6.2,1.16,5.42,,
ATP,2025,29,Paris,French Open,2025-05-27,Grand Slam,Outdoor,Clay,1st Round,5,Zverev A.,Tien L.,3,67.0,7285,893.0,6.0,3.0,6.0,3.0,6.0,4.0,,,,,3.0,0.0,Completed,1.03,15.0,1.05,13.31,1.05,21.0,1.03,14.03,,
ATP,2025,29,Paris,French Open,2025-05-27,Grand Slam,Outdoor,Clay,1st Round,5,De Jong J.,Passaro F.,88,139.0,690,423.0,3.0,6.0,6.0,7.0,6.0,4.0,7.0,6.0,6.0,1.0,3.0,2.0,Completed,1.53,2.5,1.53,2.71,1.56,2.78,1.51,2.61,,
ATP,2025,29,Paris,French Open,2025-05-27,Grand Slam,Outdoor,Clay,1st Round,5,Mensik J.,Muller A.,19,39.0,2272,1388.0,7.0,5.0,6.0,7.0,7.0,5.0,6.0,3.0,,,3.0,1.0,Completed,1.4,3.0,1.4,3.2,1.44,3.32,1.39,3.07,,
ATP,2025,29,Paris,French Open,2025-05-27,Grand Slam,Outdoor,Clay,1st Round,5,Walton A.,Marterer M.,91,239.0,653,233.0,7.0,6.0,4.0,6.0,6.0,3.0,2.0,6.0,6.0,2.0,3.0,2.0,Completed,4.0,1.25,3.9,1.3,4.1,1.31,3.82,1.27,,
ATP,2025,29,Paris,French Open,2025-05-27,Grand Slam,Outdoor,Clay,1st Round,5,Herbert P.,Bonzi B.,147,60.0,399,943.0,7.0,5.0,3.0,6.0,4.0,6.0,7.0,5.0,6.0,2.0,3.0,2.0,Completed,2.38,1.57,2.51,1.6,2.56,1.63,2.44,1.57,,
ATP,2025,29,Paris,French Open,2025-05-27,Grand Slam,Outdoor,Clay,1st Round,5,Djokovic N.,McDonald M.,6,98.0,4230,617.0,6.0,3.0,6.0,3.0,6.0,3.0,,,,,3.0,0.0,Completed,1.02,21.0,1.02,22.07,1.02,38.0,1.01,18.03,,
ATP,2025,29,Paris,French Open,2025-05-27,Grand Slam,Outdoor,Clay,1st Round,5,Rocha H.,Basilashvili N.,200,133.0,278,449.0,7.0,6.0,2.0,6.0,7.0,6.0,2.0,6.0,6.0,2.0,3.0,2.0,Completed,2.75,1.44,2.89,1.47,2.96,1.5,2.78,1.45,,
ATP,2025,29,Paris,French Open,2025-05-27,Grand Slam,Outdoor,Clay,1st Round,5,Rublev A.,Harris L.,15,227.0,2820,244.0,6.0,4.0,4.0,6.0,6.0,3.0,6.0,1.0,,,3.0,1.0,Completed,1.07,9.0,1.09,10.34,1.11,12.5,1.07,9.17,,
ATP,2025,29,Paris,French Open,2025-05-27,Grand Slam,Outdoor,Clay,1st Round,5,Draper J.,Bellucci M.,5,68.0,4610,891.0,3.0,6.0,6.0,1.0,6.0,4.0,6.0,2.0,,,3.0,1.0,Completed,1.02,19.0,1.02,24.69,1.03,27.0,1.02,16.9,,
ATP,2025,29,Paris,French Open,2025-05-27,Grand Slam,Outdoor,Clay,1st Round,5,Arnaldi M.,Auger-Aliassime F.,36,27.0,1415,1875.0,5.0,7.0,2.0,6.0,6.0,3.0,6.0,4.0,6.0,2.0,3.0,2.0,Completed,2.0,1.8,2.05,1.87,2.08,1.91,2.02,1.82,,
ATP,2025,29,Paris,French Open,2025-05-27,Grand Slam,Outdoor,Clay,1st Round,5,Cobolli F.,Cilic M.,26,104.0,1920,563.0,6.0,2.0,6.0,1.0,6.0,3.0,,,,,3.0,0.0,Completed,1.4,3.0,1.42,3.13,1.44,3.2,1.41,2.99,,
ATP,2025,29,Paris,French Open,2025-05-27,Grand Slam,Outdoor,Clay,1st Round,5,Moutet C.,Tabur C.,73,280.0,812,196.0,6.0,3.0,7.0,6.0,6.0,3.0,,,,,3.0,0.0,Completed,1.22,4.33,1.25,4.45,1.27,4.7,1.23,4.27,,
ATP,2025,29,Paris,French Open,2025-05-27,Grand Slam,Outdoor,Clay,1st Round,5,Fonseca J.,Hurkacz H.,65,28.0,907,1830.0,6.0,2.0,6.0,4.0,6.0,2.0,,,,,3.0,0.0,Completed,1.8,2.0,1.85,2.07,1.89,2.1,1.8,2.03,,
ATP,2025,29,Paris,French Open,2025-05-27,Grand Slam,Outdoor,Clay,1st Round,5,Monfils G.,Dellien H.,42,90.0,1265,656.0,4.0,6.0,3.0,6.0,6.0,1.0,7.0,6.0,6.0,1.0,3.0,2.0,Completed,1.33,3.4,1.34,3.58,1.37,3.75,1.33,3.41,,
ATP,2025,29,Paris,French Open,2025-05-28,Grand Slam,Outdoor,Clay,2nd Round,5,Musetti L.,Galan D.E.,7,122.0,3860,477.0,6.0,4.0,6.0,0.0,6.0,4.0,,,,,3.0,0.0,Completed,1.03,17.0,1.04,19.79,1.05,26.0,1.02,15.65,,
ATP,2025,29,Paris,French Open,2025-05-28,Grand Slam,Outdoor,Clay,2nd Round,5,Medjedovic H.,Cerundolo J.M.,74,109.0,811,530.0,6.0,3.0,6.0,4.0,7.0,5.0,,,,,3.0,0.0,Completed,1.44,2.75,1.46,2.94,1.49,3.0,1.45,2.79,,
ATP,2025,29,Paris,French Open,2025-05-28,Grand Slam,Outdoor,Clay,2nd Round,5,Altmaier D.,Kopriva V.,66,86.0,906,715.0,6.0,2.0,4.0,6.0,6.0,3.0,7.0,5.0,,,3.0,1.0,Completed,1.5,2.63,1.57,2.57,1.65,2.63,1.54,2.51,,
ATP,2025,29,Paris,French Open,2025-05-28,Grand Slam,Outdoor,Clay,2nd Round,5,Popyrin A.,Tabilo A.,25,61.0,1950,940.0,7.0,5.0,6.0,3.0,6.0,4.0,,,,,3.0,0.0,Completed,1.5,2.63,1.56,2.59,1.59,2.66,1.52,2.56,,
ATP,2025,29,Paris,French Open,2025-05-28,Grand Slam,Outdoor,Clay,2nd Round,5,Halys Q.,Kecmanovic M.,52,46.0,1039,1146.0,4.0,6.0,6.0,3.0,7.0,6.0,7.0,5.0,,,3.0,1.0,Completed,2.38,1.57,2.37,1.66,2.5,1.66,2.41,1.58,,
ATP,2025,29,Paris,French Open,2025-05-28,Grand Slam,Outdoor,Clay,2nd Round,5,Navone M.,Opelka R.,97,93.0,620,651.0,6.0,1.0,7.0,6.0,6.0,3.0,,,,,3.0,0.0,Completed,1.25,4.0,1.25,4.49,1.28,4.7,1.24,4.1,,
ATP,2025,29,Paris,French Open,2025-05-28,Grand Slam,Outdoor,Clay,2nd Round,5,Borges N.,Ruud C.,41,8.0,1285,3655.0,2.0,6.0,6.0,4.0,6.0,1.0,6.0,0.0,,,3.0,1.0,Completed,8.0,1.08,9.72,1.09,10.0,1.11,8.33,1.08,,
ATP,2025,29,Paris,French Open,2025-05-28,Grand Slam,Outdoor,Clay,2nd Round,5,Khachanov K.,Ofner S.,24,108.0,1960,533.0,7.0,5.0,3.0,6.0,7.0,5.0,4.0,6.0,6.0,2.0,3.0,2.0,Completed,1.44,2.75,1.42,3.11,1.5,3.2,1.45,2.79,,
ATP,2025,29,Paris,French Open,2025-05-28,Grand Slam,Outdoor,Clay,2nd Round,5,Alcaraz C.,Marozsan F.,2,56.0,8850,990.0,6.0,1.0,4.0,6.0,6.0,1.0,6.0,2.0,,,3.0,1.0,Completed,1.03,15.0,1.03,19.15,1.03,26.0,1.02,15.56,,
ATP,2025,29,Paris,French Open,2025-05-28,Grand Slam,Outdoor,Clay,2nd Round,5,Dzumhur D.,Mpetshi G.,69,37.0,875,1414.0,7.0,6.0,6.0,3.0,4.0,6.0,6.0,4.0,,,3.0,1.0,Completed,2.63,1.5,2.54,1.58,2.63,1.65,2.55,1.52,,
ATP,2025,29,Paris,French Open,2025-05-28,Grand Slam,Outdoor,Clay,2nd Round,5,Paul T.,Fucsovics M.,12,124.0,3210,468.0,4.0,6.0,2.0,6.0,6.0,3.0,7.0,5.0,6.0,4.0,3.0,2.0,Completed,1.17,5.0,1.22,4.97,1.24,5.0,1.19,4.87,,
ATP,2025,29,Paris,French Open,2025-05-28,Grand Slam,Outdoor,Clay,2nd Round,5,Gigante M.,Tsitsipas S.,167,20.0,338,2270.0,6.0,4.0,5.0,7.0,6.0,2.0,6.0,4.0,,,3.0,1.0,Completed,8.0,1.08,9.69,1.09,10.5,1.1,8.43,1.08,,
ATP,2025,29,Paris,French Open,2025-05-28,Grand Slam,Outdoor,Clay,2nd Round,5,Korda S.,Brooksby J.,23,161.0,2020,347.0,6.0,1.0,6.0,2.0,7.0,6.0,,,,,3.0,0.0,Completed,1.33,3.4,1.35,3.54,1.36,3.7,1.32,3.44,,
ATP,2025,29,Paris,French Open,2025-05-28,Grand Slam,Outdoor,Clay,2nd Round,5,Shelton B.,Gaston H.,13,83.0,2980,753.0,,,,,,,,,,,,,Walkover,1.36,3.2,1.42,3.13,1.42,3.25,1.37,3.04,,
ATP,2025,29,Paris,French Open,2025-05-28,Grand Slam,Outdoor,Clay,2nd Round,5,Tiafoe F.,Carreno Busta P.,16,99.0,2665,615.0,6.0,4.0,6.0,3.0,6.0,1.0,,,,,3.0,0.0,Completed,1.53,2.5,1.62,2.46,1.64,2.65,1.55,2.49,,
ATP,2025,29,Paris,French Open,2025-05-28,Grand Slam,Outdoor,Clay,2nd Round,5,Rune H.,Nava E.,10,137.0,3440,433.0,6.0,3.0,7.0,6.0,6.0,3.0,,,,,3.0,0.0,Completed,1.13,6.0,1.12,7.54,1.14,8.6,1.12,6.43,,
ATP,2025,29,Paris,French Open,2025-05-29,Grand Slam,Outdoor,Clay,2nd Round,5,Bublik A.,De Minaur A.,62,9.0,915,3635.0,2.0,6.0,2.0,6.0,6.0,4.0,6.0,3.0,6.0,2.0,3.0,2.0,Completed,8.0,1.08,8.88,1.1,8.88,1.12,7.77,1.09,,
ATP,2025,29,Paris,French Open,2025-05-29,Grand Slam,Outdoor,Clay,2nd Round,5,Lehecka J.,Davidovich Fokina A.,34,29.0,1505,1770.0,6.0,3.0,3.0,6.0,6.0,1.0,6.0,2.0,,,3.0,1.0,Completed,2.1,1.73,2.1,1.83,2.16,1.85,2.07,1.78,,
ATP,2025,29,Paris,French Open,2025-05-29,Grand Slam,Outdoor,Clay,2nd Round,5,Fils A.,Munar J.,14,57.0,2845,962.0,7.0,6.0,7.0,6.0,2.0,6.0,0.0,6.0,6.0,4.0,3.0,2.0,Completed,1.17,5.0,1.19,5.51,1.2,5.7,1.17,5.17,,
ATP,2025,29,Paris,French Open,2025-05-29,Grand Slam,Outdoor,Clay,2nd Round,5,Rocha H.,Mensik J.,200,19.0,278,2272.0,2.0,6.0,1.0,6.0,6.0,4.0,6.0,3.0,6.0,3.0,3.0,2.0,Completed,11.0,1.05,13.9,1.06,16.5,1.06,11.78,1.05,,
ATP,2025,29,Paris,French Open,2025-05-29,Grand Slam,Outdoor,Clay,2nd Round,5,Zverev A.,De Jong J.,3,88.0,7285,690.0,3.0,6.0,6.0,1.0,6.0,2.0,6.0,3.0,,,3.0,1.0,Completed,1.04,13.0,1.04,17.04,1.04,20.0,1.03,13.32,,
ATP,2025,29,Paris,French Open,2025-05-29,Grand Slam,Outdoor,Clay,2nd Round,5,Griekspoor T.,Diallo G.,35,54.0,1485,997.0,7.0,5.0,7.0,6.0,1.0,6.0,6.0,3.0,,,3.0,1.0,Completed,1.53,2.5,1.61,2.49,1.62,2.6,1.57,2.43,,
ATP,2025,29,Paris,French Open,2025-05-29,Grand Slam,Outdoor,Clay,2nd Round,5,Sinner J.,Gasquet R.,1,166.0,10380,339.0,6.0,3.0,6.0,0.0,6.0,4.0,,,,,3.0,0.0,Completed,1.01,34.0,1.01,39.43,1.01,60.0,1.01,23.89,,
ATP,2025,29,Paris,French Open,2025-05-29,Grand Slam,Outdoor,Clay,2nd Round,5,Rublev A.,Walton A.,15,91.0,2820,653.0,7.0,6.0,6.0,1.0,7.0,6.0,,,,,3.0,0.0,Completed,1.03,15.0,1.04,20.18,1.05,22.0,1.03,14.58,,
ATP,2025,29,Paris,French Open,2025-05-29,Grand Slam,Outdoor,Clay,2nd Round,5,Cobolli F.,Arnaldi M.,26,36.0,1920,1415.0,6.0,3.0,6.0,3.0,6.0,7.0,6.0,1.0,,,3.0,1.0,Completed,1.73,2.1,1.87,2.04,1.93,2.12,1.8,2.04,,
ATP,2025,29,Paris,French Open,2025-05-29,Grand Slam,Outdoor,Clay,2nd Round,5,Fonseca J.,Herbert P.,65,147.0,907,399.0,7.0,6.0,7.0,6.0,6.0,4.0,,,,,3.0,0.0,Completed,1.03,15.0,1.05,14.24,1.07,15.0,1.03,13.06,,
ATP,2025,29,Paris,French Open,2025-05-29,Grand Slam,Outdoor,Clay,2nd Round,5,Norrie C.,Gomez F.A.,81,144.0,762,405.0,7.0,6.0,6.0,2.0,6.0,1.0,,,,,3.0,0.0,Completed,1.13,6.0,1.15,6.66,1.17,6.66,1.14,6.0,,
ATP,2025,29,Paris,French Open,2025-05-29,Grand Slam,Outdoor,Clay,2nd Round,5,Quinn E.,Shevchenko A.,106,103.0,538,580.0,6.0,4.0,4.0,6.0,6.0,7.0,7.0,6.0,7.0,5.0,3.0,2.0,Completed,2.1,1.73,2.23,1.74,2.34,1.79,2.15,1.72,,
ATP,2025,29,Paris,French Open,2025-05-29,Grand Slam,Outdoor,Clay,2nd Round,5,Djokovic N.,Moutet C.,6,73.0,4230,812.0,6.0,3.0,6.0,2.0,7.0,6.0,,,,,3.0,0.0,Completed,1.07,9.0,1.09,9.4,1.11,9.6,1.08,8.41,,
ATP,2025,29,Paris,French Open,2025-05-29,Grand Slam,Outdoor,Clay,2nd Round,5,Misolic F.,Shapovalov D.,153,31.0,374,1701.0,7.0,6.0,7.0,6.0,4.0,6.0,4.0,6.0,6.0,3.0,3.0,2.0,Completed,2.38,1.57,2.42,1.64,2.54,1.64,2.4,1.59,,
ATP,2025,29,Paris,French Open,2025-05-29,Grand Slam,Outdoor,Clay,2nd Round,5,Fearnley J.,Humbert U.,55,21.0,991,2155.0,6.0,3.0,4.0,4.0,,,,,,,1.0,0.0,Retired,2.1,1.73,2.22,1.74,2.29,1.76,2.15,1.71,,
ATP,2025,29,Paris,French Open,2025-05-29,Grand Slam,Outdoor,Clay,2nd Round,5,Draper J.,Monfils G.,5,42.0,4610,1265.0,6.0,3.0,4.0,6.0,6.0,3.0,7.0,5.0,,,3.0,1.0,Completed,1.13,6.0,1.14,6.88,1.15,7.6,1.13,6.2,,
ATP,2025,29,Paris,French Open,2025-05-30,Grand Slam,Outdoor,Clay,3rd Round,5,Musetti L.,Navone M.,7,97.0,3860,620.0,4.0,6.0,6.0,4.0,6.0,3.0,6.0,2.0,,,3.0,1.0,Completed,1.1,7.0,1.12,7.59,1.15,7.6,1.11,6.82,,
ATP,2025,29,Paris,French Open,2025-05-30,Grand Slam,Outdoor,Clay,3rd Round,5,Paul T.,Khachanov K.,12,24.0,3210,1960.0,6.0,3.0,3.0,6.0,7.0,6.0,3.0,6.0,6.0,3.0,3.0,2.0,Completed,2.1,1.73,2.13,1.8,2.22,1.8,2.08,1.75,,
ATP,2025,29,Paris,French Open,2025-05-30,Grand Slam,Outdoor,Clay,3rd Round,5,Popyrin A.,Borges N.,25,41.0,1950,1285.0,6.0,4.0,7.0,6.0,7.0,6.0,,,,,3.0,0.0,Completed,1.73,2.1,1.83,2.1,1.84,2.16,1.77,2.08,,
ATP,2025,29,Paris,French Open,2025-05-30,Grand Slam,Outdoor,Clay,3rd Round,5,Rune H.,Halys Q.,10,52.0,3440,1039.0,4.0,6.0,6.0,2.0,5.0,7.0,7.0,5.0,6.0,2.0,3.0,2.0,Completed,1.17,5.0,1.18,5.68,1.2,6.2,1.17,5.17,,
ATP,2025,29,Paris,French Open,2025-05-30,Grand Slam,Outdoor,Clay,3rd Round,5,Altmaier D.,Medjedovic H.,66,74.0,906,811.0,4.0,6.0,6.0,3.0,6.0,3.0,6.0,2.0,,,3.0,1.0,Completed,2.5,1.53,2.49,1.61,2.56,1.62,2.44,1.56,,
ATP,2025,29,Paris,French Open,2025-05-30,Grand Slam,Outdoor,Clay,3rd Round,5,Shelton B.,Gigante M.,13,167.0,2980,338.0,6.0,3.0,6.0,3.0,6.0,4.0,,,,,3.0,0.0,Completed,1.53,2.5,1.52,2.72,1.55,2.78,1.52,2.58,,
ATP,2025,29,Paris,French Open,2025-05-30,Grand Slam,Outdoor,Clay,3rd Round,5,Tiafoe F.,Korda S.,16,23.0,2665,2020.0,7.0,6.0,6.0,3.0,6.0,4.0,,,,,3.0,0.0,Completed,2.0,1.8,2.05,1.87,2.08,1.94,1.98,1.84,,
ATP,2025,29,Paris,French Open,2025-05-30,Grand Slam,Outdoor,Clay,3rd Round,5,Alcaraz C.,Dzumhur D.,2,69.0,8850,875.0,6.0,1.0,6.0,3.0,4.0,6.0,6.0,4.0,,,3.0,1.0,Completed,1.01,34.0,1.0,90.33,1.01,90.33,1.01,33.42,,
ATP,2025,29,Paris,French Open,2025-05-31,Grand Slam,Outdoor,Clay,3rd Round,5,Griekspoor T.,Quinn E.,35,106.0,1485,538.0,4.0,6.0,6.0,1.0,6.0,7.0,6.0,1.0,6.0,4.0,3.0,2.0,Completed,1.17,5.0,1.19,5.46,1.22,5.46,1.18,5.07,,
ATP,2025,29,Paris,French Open,2025-05-31,Grand Slam,Outdoor,Clay,3rd Round,5,Sinner J.,Lehecka J.,1,34.0,10380,1505.0,6.0,0.0,6.0,1.0,6.0,2.0,,,,,3.0,0.0,Completed,1.07,9.0,1.06,13.66,1.08,13.67,1.06,9.83,,
ATP,2025,29,Paris,French Open,2025-05-31,Grand Slam,Outdoor,Clay,3rd Round,5,Rublev A.,Fils A.,15,14.0,2820,2845.0,,,,,,,,,,,,,Walkover,1.57,2.38,1.68,2.32,1.68,2.5,1.61,2.34,,
ATP,2025,29,Paris,French Open,2025-05-31,Grand Slam,Outdoor,Clay,3rd Round,5,Zverev A.,Cobolli F.,3,26.0,7285,1920.0,6.0,2.0,7.0,6.0,6.0,1.0,,,,,3.0,0.0,Completed,1.17,5.0,1.21,5.14,1.21,5.6,1.19,4.89,,
ATP,2025,29,Paris,French Open,2025-05-31,Grand Slam,Outdoor,Clay,3rd Round,5,Draper J.,Fonseca J.,5,65.0,4610,907.0,6.0,2.0,6.0,4.0,6.0,2.0,,,,,3.0,0.0,Completed,1.5,2.63,1.43,3.06,1.52,3.06,1.46,2.76,,
ATP,2025,29,Paris,French Open,2025-05-31,Grand Slam,Outdoor,Clay,3rd Round,5,Bublik A.,Rocha H.,62,200.0,915,278.0,7.0,5.0,6.0,1.0,6.0,2.0,,,,,3.0,0.0,Completed,1.3,3.5,1.33,3.65,1.37,3.7,1.31,3.48,,
ATP,2025,29,Paris,French Open,2025-05-31,Grand Slam,Outdoor,Clay,3rd Round,5,Norrie C.,Fearnley J.,81,55.0,762,991.0,6.0,3.0,7.0,6.0,6.0,2.0,,,,,3.0,0.0,Completed,1.73,2.1,1.81,2.12,1.84,2.16,1.74,2.1,,
ATP,2025,29,Paris,French Open,2025-05-31,Grand Slam,Outdoor,Clay,3rd Round,5,Djokovic N.,Misolic F.,6,153.0,4230,374.0,6.0,3.0,6.0,4.0,6.0,2.0,,,,,3.0,0.0,Completed,1.05,11.0,1.07,10.82,1.07,15.0,1.06,10.1,,
ATP,2025,29,Paris,French Open,2025-06-01,Grand Slam,Outdoor,Clay,4th Round,5,Paul T.,Popyrin A.,12,25.0,3210,1950.0,6.0,3.0,6.0,3.0,6.0,3.0,,,,,3.0,0.0,Completed,1.57,2.38,1.67,2.36,1.67,2.58,1.59,2.39,,
ATP,2025,29,Paris,French Open,2025-06-01,Grand Slam,Outdoor,Clay,4th Round,5,Alcaraz C.,Shelton B.,2,13.0,8850,2980.0,7.0,6.0,6.0,3.0,4.0,6.0,6.0,4.0,,,3.0,1.0,Completed,1.05,11.0,1.05,13.88,1.07,14.0,1.04,11.11,,
ATP,2025,29,Paris,French Open,2025-06-01,Grand Slam,Outdoor,Clay,4th Round,5,Tiafoe F.,Altmaier D.,16,66.0,2665,906.0,6.0,3.0,6.0,4.0,7.0,6.0,,,,,3.0,0.0,Completed,1.5,2.63,1.54,2.66,1.56,2.83,1.49,2.63,,
ATP,2025,29,Paris,French Open,2025-06-01,Grand Slam,Outdoor,Clay,4th Round,5,Musetti L.,Rune H.,7,10.0,3860,3440.0,7.0,5.0,3.0,6.0,6.0,3.0,6.0,2.0,,,3.0,1.0,Completed,1.44,2.75,1.49,2.85,1.52,2.98,1.46,2.75,,
ATP,2025,29,Paris,French Open,2025-06-02,Grand Slam,Outdoor,Clay,4th Round,5,Zverev A.,Griekspoor T.,3,35.0,7285,1485.0,6.0,4.0,3.0,0.0,,,,,,,1.0,0.0,Retired,1.13,6.0,1.15,6.47,1.16,7.2,1.13,6.16,,
ATP,2025,29,Paris,French Open,2025-06-02,Grand Slam,Outdoor,Clay,4th Round,5,Djokovic N.,Norrie C.,6,81.0,4230,762.0,6.0,2.0,6.0,3.0,6.0,2.0,,,,,3.0,0.0,Completed,1.08,8.0,1.07,12.26,1.1,12.26,1.08,8.71,,
ATP,2025,29,Paris,French Open,2025-06-02,Grand Slam,Outdoor,Clay,4th Round,5,Bublik A.,Draper J.,62,5.0,915,4610.0,5.0,7.0,6.0,3.0,6.0,2.0,6.0,4.0,,,3.0,1.0,Completed,9.0,1.07,10.11,1.08,11.5,1.1,8.56,1.08,,
ATP,2025,29,Paris,French Open,2025-06-02,Grand Slam,Outdoor,Clay,4th Round,5,Sinner J.,Rublev A.,1,15.0,10380,2820.0,6.0,1.0,6.0,3.0,6.0,4.0,,,,,3.0,0.0,Completed,1.05,11.0,1.06,12.79,1.07,14.5,1.05,10.7,,
ATP,2025,29,Paris,French Open,2025-06-03,Grand Slam,Outdoor,Clay,Quarterfinals,5,Musetti L.,Tiafoe F.,7,16.0,3860,2665.0,6.0,2.0,4.0,6.0,7.0,5.0,6.0,2.0,,,3.0,1.0,Completed,1.22,4.33,1.22,4.89,1.25,5.1,1.22,4.41,,
ATP,2025,29,Paris,French Open,2025-06-03,Grand Slam,Outdoor,Clay,Quarterfinals,5,Alcaraz C.,Paul T.,2,12.0,8850,3210.0,6.0,0.0,6.0,1.0,6.0,4.0,,,,,3.0,0.0,Completed,1.08,8.0,1.12,7.82,1.12,10.0,1.09,7.99,,
ATP,2025,29,Paris,French Open,2025-06-04,Grand Slam,Outdoor,Clay,Quarterfinals,5,Sinner J.,Bublik A.,1,62.0,10380,915.0,6.0,1.0,7.0,5.0,6.0,0.0,,,,,3.0,0.0,Completed,1.03,17.0,1.03,17.08,1.04,21.0,1.02,14.36,,
ATP,2025,29,Paris,French Open,2025-06-04,Grand Slam,Outdoor,Clay,Quarterfinals,5,Djokovic N.,Zverev A.,6,3.0,4230,7285.0,4.0,6.0,6.0,3.0,6.0,2.0,6.0,4.0,,,3.0,1.0,Completed,1.91,1.91,1.96,1.94,2.02,1.97,1.92,1.92,,
ATP,2025,29,Paris,French Open,2025-06-06,Grand Slam,Outdoor,Clay,Semifinals,5,Alcaraz C.,Musetti L.,2,7.0,8850,3860.0,4.0,6.0,7.0,6.0,6.0,0.0,2.0,0.0,,,2.0,1.0,Retired,1.13,6.0,1.15,6.6,1.16,6.8,1.14,6.08,,
ATP,2025,29,Paris,French Open,2025-06-06,Grand Slam,Outdoor,Clay,Semifinals,5,Sinner J.,Djokovic N.,1,6.0,10380,4230.0,6.0,4.0,7.0,5.0,7.0,6.0,,,,,3.0,0.0,Completed,1.22,4.33,1.27,4.18,1.29,4.33,1.25,4.03,,
ATP,2025,29,Paris,French Open,2025-06-08,Grand Slam,Outdoor,Clay,The Final,5,Alcaraz C.,Sinner J.,2,1.0,8850,10380.0,4.0,6.0,6.0,7.0,6.0,4.0,7.0,6.0,7.0,6.0,3.0,2.0,Completed,2.0,1.83,2.03,1.88,2.03,1.94,1.85,1.95,,
ATP,2025,36,London,Wimbledon,2025-06-30,Grand Slam,Outdoor,Grass,1st Round,5,Tarvet O.,Riedi L.,733,503.0,36,77.0,6.0,4.0,6.0,4.0,6.0,4.0,,,,,3.0,0.0,Completed,2.1,1.75,2.12,1.79,2.18,1.84,2.06,1.75,,
ATP,2025,36,London,Wimbledon,2025-06-30,Grand Slam,Outdoor,Grass,1st Round,5,Lehecka J.,Dellien H.,25,79.0,1965,751.0,4.0,6.0,6.0,2.0,6.0,2.0,7.0,6.0,,,3.0,1.0,Completed,1.02,15.0,,,1.02,55.0,1.01,22.38,,
ATP,2025,36,London,Wimbledon,2025-06-30,Grand Slam,Outdoor,Grass,1st Round,5,Thompson J.,Kopriva V.,44,78.0,1200,757.0,3.0,6.0,4.0,6.0,6.0,3.0,7.0,6.0,6.0,1.0,3.0,2.0,Completed,1.4,3.0,1.43,3.03,1.43,3.35,1.38,3.02,,
ATP,2025,36,London,Wimbledon,2025-06-30,Grand Slam,Outdoor,Grass,1st Round,5,Mannarino A.,O Connell C.,123,77.0,477,775.0,6.0,2.0,6.0,4.0,6.0,3.0,,,,,3.0,0.0,Completed,1.36,2.9,1.43,3.03,1.45,3.15,1.4,2.93,,
ATP,2025,36,London,Wimbledon,2025-06-30,Grand Slam,Outdoor,Grass,1st Round,5,Bellucci M.,Crawford O.,73,248.0,864,229.0,6.0,7.0,6.0,3.0,6.0,4.0,6.0,4.0,,,3.0,1.0,Completed,1.3,3.6,1.3,3.81,1.34,3.85,1.3,3.54,,
ATP,2025,36,London,Wimbledon,2025-06-30,Grand Slam,Outdoor,Grass,1st Round,5,Bonzi B.,Medvedev D.,64,9.0,930,3420.0,7.0,6.0,3.0,6.0,7.0,6.0,6.0,2.0,,,3.0,1.0,Completed,8.5,1.07,9.03,1.09,12.5,1.09,8.56,1.07,,
ATP,2025,36,London,Wimbledon,2025-06-30,Grand Slam,Outdoor,Grass,1st Round,5,Tien L.,Basavareddy N.,62,100.0,940,595.0,7.0,6.0,6.0,3.0,6.0,2.0,,,,,3.0,0.0,Completed,1.5,2.6,1.54,2.63,1.54,2.8,1.46,2.68,,
ATP,2025,36,London,Wimbledon,2025-06-30,Grand Slam,Outdoor,Grass,1st Round,5,Tiafoe F.,Moller E.,12,117.0,2990,499.0,6.0,3.0,6.0,4.0,6.0,2.0,,,,,3.0,0.0,Completed,1.04,9.0,1.06,12.44,1.07,13.5,1.05,10.57,,
ATP,2025,36,London,Wimbledon,2025-06-30,Grand Slam,Outdoor,Grass,1st Round,5,Norrie C.,Bautista Agut R.,61,42.0,952,1236.0,6.0,3.0,3.0,6.0,6.0,4.0,7.0,6.0,,,3.0,1.0,Completed,1.83,1.91,1.91,1.98,1.99,2.0,1.87,1.92,,
ATP,2025,36,London,Wimbledon,2025-06-30,Grand Slam,Outdoor,Grass,1st Round,5,Fery A.,Popyrin A.,461,22.0,91,2140.0,6.0,4.0,6.0,1.0,4.0,6.0,6.0,4.0,,,3.0,1.0,Completed,4.33,1.22,4.45,1.24,4.5,1.28,4.02,1.24,,
ATP,2025,36,London,Wimbledon,2025-06-30,Grand Slam,Outdoor,Grass,1st Round,5,Harris L.,Bergs Z.,320,50.0,159,1079.0,7.0,6.0,7.0,6.0,6.0,7.0,6.0,2.0,,,3.0,1.0,Completed,2.5,1.5,2.56,1.56,2.82,1.56,2.65,1.47,,
ATP,2025,36,London,Wimbledon,2025-06-30,Grand Slam,Outdoor,Grass,1st Round,5,Jarry N.,Rune H.,143,8.0,418,3530.0,4.0,6.0,4.0,6.0,7.0,5.0,6.0,3.0,6.0,4.0,3.0,2.0,Completed,3.75,1.29,3.76,1.3,4.0,1.32,3.65,1.28,,
ATP,2025,36,London,Wimbledon,2025-06-30,Grand Slam,Outdoor,Grass,1st Round,5,Royer V.,Tsitsipas S.,113,26.0,513,1920.0,6.0,3.0,6.0,2.0,,,,,,,2.0,0.0,Retired,4.0,1.25,4.13,1.27,4.3,1.29,3.88,1.25,,
ATP,2025,36,London,Wimbledon,2025-06-30,Grand Slam,Outdoor,Grass,1st Round,5,Alcaraz C.,Fognini F.,2,138.0,9300,437.0,7.0,5.0,6.0,7.0,7.0,5.0,2.0,6.0,6.0,1.0,3.0,2.0,Completed,1.01,17.0,,,1.01,90.0,1.01,29.42,,
ATP,2025,36,London,Wimbledon,2025-06-30,Grand Slam,Outdoor,Grass,1st Round,5,Darderi L.,Safiullin R.,59,75.0,989,831.0,7.0,6.0,1.0,6.0,6.0,7.0,6.0,3.0,6.0,1.0,3.0,2.0,Completed,3.0,1.4,3.07,1.42,3.2,1.43,2.94,1.39,,
ATP,2025,36,London,Wimbledon,2025-06-30,Grand Slam,Outdoor,Grass,1st Round,5,Borges N.,Cerundolo F.,37,19.0,1400,2285.0,4.0,6.0,6.0,3.0,7.0,6.0,6.0,0.0,,,3.0,1.0,Completed,2.4,1.53,2.49,1.59,2.56,1.64,2.42,1.56,,
ATP,2025,36,London,Wimbledon,2025-06-30,Grand Slam,Outdoor,Grass,1st Round,5,Auger-Aliassime F.,Duckworth J.,28,103.0,1825,566.0,6.0,2.0,3.0,6.0,6.0,7.0,6.0,4.0,6.0,4.0,3.0,2.0,Completed,1.18,4.5,1.2,5.06,1.21,5.5,1.19,4.65,,
ATP,2025,36,London,Wimbledon,2025-06-30,Grand Slam,Outdoor,Grass,1st Round,5,Fonseca J.,Fearnley J.,54,51.0,1016,1060.0,6.0,4.0,6.0,1.0,7.0,6.0,,,,,3.0,0.0,Completed,1.5,2.63,1.49,2.79,1.53,2.86,1.47,2.67,,
ATP,2025,36,London,Wimbledon,2025-06-30,Grand Slam,Outdoor,Grass,1st Round,5,Quinn E.,Searle H.,89,421.0,682,106.0,4.0,6.0,6.0,2.0,7.0,6.0,6.0,2.0,,,3.0,1.0,Completed,1.44,2.8,1.47,2.85,1.48,2.94,1.44,2.75,,
ATP,2025,36,London,Wimbledon,2025-06-30,Grand Slam,Outdoor,Grass,1st Round,5,Harris B.,Lajovic D.,151,118.0,383,498.0,6.0,3.0,6.0,2.0,6.0,4.0,,,,,3.0,0.0,Completed,1.4,2.8,1.47,2.85,1.5,3.0,1.41,2.88,,
ATP,2025,36,London,Wimbledon,2025-06-30,Grand Slam,Outdoor,Grass,1st Round,5,Khachanov K.,McDonald M.,20,88.0,2240,689.0,7.0,5.0,6.0,4.0,6.0,4.0,,,,,3.0,0.0,Completed,1.22,4.33,1.21,4.91,1.25,4.91,1.22,4.22,,
ATP,2025,36,London,Wimbledon,2025-06-30,Grand Slam,Outdoor,Grass,1st Round,5,Garin C.,Rodesch C.,110,163.0,525,346.0,7.0,6.0,6.0,4.0,6.0,4.0,,,,,3.0,0.0,Completed,1.67,2.2,1.67,2.31,1.71,2.38,1.64,2.26,,
ATP,2025,36,London,Wimbledon,2025-06-30,Grand Slam,Outdoor,Grass,1st Round,5,Rublev A.,Djere L.,14,60.0,2920,961.0,6.0,0.0,7.0,6.0,6.0,7.0,7.0,6.0,,,3.0,1.0,Completed,1.22,4.0,1.26,4.28,1.29,4.3,1.24,4.03,,
ATP,2025,36,London,Wimbledon,2025-06-30,Grand Slam,Outdoor,Grass,1st Round,5,Struff J.L.,Misolic F.,125,111.0,475,518.0,6.0,2.0,5.0,7.0,6.0,3.0,6.0,3.0,,,3.0,1.0,Completed,1.67,2.25,1.65,2.36,1.68,2.4,1.62,2.28,,
ATP,2025,36,London,Wimbledon,2025-06-30,Grand Slam,Outdoor,Grass,1st Round,5,Majchrzak K.,Berrettini M.,109,35.0,527,1515.0,4.0,6.0,6.0,2.0,6.0,4.0,5.0,7.0,6.0,3.0,3.0,2.0,Completed,6.0,1.13,7.18,1.13,7.2,1.16,6.14,1.12,,
ATP,2025,36,London,Wimbledon,2025-06-30,Grand Slam,Outdoor,Grass,1st Round,5,Davidovich Fokina A.,Holt B.,27,99.0,1845,600.0,6.0,2.0,6.0,4.0,7.0,5.0,,,,,3.0,0.0,Completed,1.22,4.33,1.23,4.58,1.26,4.7,1.22,4.28,,
ATP,2025,36,London,Wimbledon,2025-06-30,Grand Slam,Outdoor,Grass,1st Round,5,Brooksby J.,Griekspoor T.,101,29.0,577,1755.0,6.0,2.0,7.0,5.0,6.0,3.0,,,,,3.0,0.0,Completed,2.75,1.4,2.7,1.52,2.85,1.53,2.75,1.44,,
ATP,2025,36,London,Wimbledon,2025-06-30,Grand Slam,Outdoor,Grass,1st Round,5,Diallo G.,Altmaier D.,40,57.0,1322,998.0,6.0,1.0,6.0,2.0,6.0,4.0,,,,,3.0,0.0,Completed,1.2,4.5,1.2,5.2,1.23,5.3,1.19,4.61,,
ATP,2025,36,London,Wimbledon,2025-07-01,Grand Slam,Outdoor,Grass,1st Round,5,Vukic A.,Tseng C.H.,93,96.0,664,643.0,6.0,3.0,6.0,4.0,4.0,6.0,7.0,6.0,,,3.0,1.0,Completed,1.25,4.0,1.26,4.23,1.3,4.33,1.24,4.01,,
ATP,2025,36,London,Wimbledon,2025-07-01,Grand Slam,Outdoor,Grass,1st Round,5,Marozsan F.,McCabe J.,58,181.0,990,308.0,6.0,1.0,6.0,4.0,6.0,3.0,,,,,3.0,0.0,Completed,1.44,2.8,1.46,2.91,1.49,2.96,1.44,2.76,,
ATP,2025,36,London,Wimbledon,2025-07-01,Grand Slam,Outdoor,Grass,1st Round,5,Kecmanovic M.,Michelsen A.,49,32.0,1106,1670.0,6.0,2.0,3.0,6.0,6.0,3.0,3.0,6.0,7.0,6.0,3.0,2.0,Completed,2.8,1.44,2.84,1.48,3.0,1.48,2.75,1.44,,
ATP,2025,36,London,Wimbledon,2025-07-01,Grand Slam,Outdoor,Grass,1st Round,5,Sonego L.,Faria J.,47,116.0,1171,503.0,6.0,3.0,6.0,4.0,6.0,2.0,,,,,3.0,0.0,Completed,1.3,3.6,1.29,3.9,1.32,4.0,1.3,3.56,,
ATP,2025,36,London,Wimbledon,2025-07-01,Grand Slam,Outdoor,Grass,1st Round,5,Paul T.,Monday J.,13,224.0,2970,249.0,6.0,4.0,6.0,4.0,6.0,2.0,,,,,3.0,0.0,Completed,1.05,8.5,1.08,10.39,1.08,12.0,1.06,9.39,,
ATP,2025,36,London,Wimbledon,2025-07-01,Grand Slam,Outdoor,Grass,1st Round,5,De Minaur A.,Carballes Baena R.,11,74.0,3085,849.0,6.0,2.0,6.0,2.0,7.0,6.0,,,,,3.0,0.0,Completed,1.01,13.0,,,1.02,38.0,1.01,19.92,,
ATP,2025,36,London,Wimbledon,2025-07-01,Grand Slam,Outdoor,Grass,1st Round,5,Cazaux A.,Walton A.,115,90.0,505,678.0,6.0,3.0,7.0,6.0,4.0,6.0,6.0,7.0,6.0,1.0,3.0,2.0,Completed,1.53,2.5,1.56,2.59,1.6,2.63,1.51,2.54,,
ATP,2025,36,London,Wimbledon,2025-07-01,Grand Slam,Outdoor,Grass,1st Round,5,Basilashvili N.,Musetti L.,126,7.0,474,4140.0,6.0,2.0,4.0,6.0,7.0,5.0,6.0,1.0,,,3.0,1.0,Completed,3.4,1.3,3.9,1.29,3.9,1.36,3.32,1.32,,
ATP,2025,36,London,Wimbledon,2025-07-01,Grand Slam,Outdoor,Grass,1st Round,5,De Jong J.,Eubanks C.,106,130.0,548,454.0,6.0,3.0,6.0,7.0,6.0,7.0,6.0,3.0,7.0,6.0,3.0,2.0,Completed,1.75,2.1,1.67,2.33,1.8,2.34,1.71,2.13,,
ATP,2025,36,London,Wimbledon,2025-07-01,Grand Slam,Outdoor,Grass,1st Round,5,Navone M.,Shapovalov D.,91,30.0,670,1676.0,3.0,6.0,6.0,4.0,6.0,1.0,6.0,4.0,,,3.0,1.0,Completed,6.0,1.13,6.24,1.15,6.6,1.17,5.96,1.13,,
ATP,2025,36,London,Wimbledon,2025-07-01,Grand Slam,Outdoor,Grass,1st Round,5,Munar J.,Bublik A.,55,31.0,1012,1675.0,6.0,4.0,3.0,6.0,4.0,6.0,7.0,6.0,6.0,2.0,3.0,2.0,Completed,4.33,1.22,4.76,1.22,5.1,1.23,4.37,1.21,,
ATP,2025,36,London,Wimbledon,2025-07-01,Grand Slam,Outdoor,Grass,1st Round,5,Sinner J.,Nardi L.,1,95.0,10430,655.0,6.0,4.0,6.0,3.0,6.0,0.0,,,,,3.0,0.0,Completed,1.01,13.0,,,1.02,65.0,1.01,22.92,,
ATP,2025,36,London,Wimbledon,2025-07-01,Grand Slam,Outdoor,Grass,1st Round,5,Ofner S.,Medjedovic H.,165,68.0,343,896.0,7.0,6.0,3.0,1.0,,,,,,,1.0,0.0,Retired,2.5,1.53,2.65,1.53,2.74,1.56,2.51,1.53,,
ATP,2025,36,London,Wimbledon,2025-07-01,Grand Slam,Outdoor,Grass,1st Round,5,Martinez P.,Loffhagen G.,52,293.0,1030,185.0,2.0,6.0,6.0,2.0,6.0,4.0,6.0,2.0,,,3.0,1.0,Completed,3.6,1.3,3.74,1.31,3.74,1.36,3.5,1.3,,
ATP,2025,36,London,Wimbledon,2025-07-01,Grand Slam,Outdoor,Grass,1st Round,5,Van De Zandschulp B.,Arnaldi M.,92,43.0,670,1215.0,7.0,6.0,7.0,6.0,6.0,4.0,,,,,3.0,0.0,Completed,2.25,1.67,2.32,1.67,2.34,1.72,2.22,1.66,,
ATP,2025,36,London,Wimbledon,2025-07-01,Grand Slam,Outdoor,Grass,1st Round,5,Mochizuki S.,Zeppieri G.,144,351.0,413,140.0,2.0,6.0,3.0,6.0,6.0,3.0,7.0,6.0,7.0,5.0,3.0,2.0,Completed,1.5,2.6,1.51,2.73,1.53,2.82,1.48,2.66,,
ATP,2025,36,London,Wimbledon,2025-07-01,Grand Slam,Outdoor,Grass,1st Round,5,Evans D.,Clarke J.,154,196.0,375,283.0,6.0,1.0,7.0,5.0,6.0,2.0,,,,,3.0,0.0,Completed,1.18,5.0,1.19,5.22,1.22,5.3,1.19,4.76,,
ATP,2025,36,London,Wimbledon,2025-07-01,Grand Slam,Outdoor,Grass,1st Round,5,Moutet C.,Comesana F.,69,65.0,894,914.0,6.0,4.0,6.0,4.0,6.0,2.0,,,,,3.0,0.0,Completed,1.45,2.8,1.51,2.75,1.56,2.8,1.47,2.66,,
ATP,2025,36,London,Wimbledon,2025-07-01,Grand Slam,Outdoor,Grass,1st Round,5,Fritz T.,Mpetshi G.,5,36.0,4635,1411.0,6.0,7.0,6.0,7.0,6.0,4.0,7.0,6.0,6.0,4.0,3.0,2.0,Completed,1.15,5.5,1.18,5.56,1.18,6.2,1.15,5.32,,
ATP,2025,36,London,Wimbledon,2025-07-01,Grand Slam,Outdoor,Grass,1st Round,5,Holmgren A.,Halys Q.,192,46.0,285,1174.0,7.0,6.0,6.0,3.0,6.0,4.0,,,,,3.0,0.0,Completed,5.0,1.17,5.64,1.17,5.7,1.2,5.24,1.16,,
ATP,2025,36,London,Wimbledon,2025-07-01,Grand Slam,Outdoor,Grass,1st Round,5,Machac T.,Dzumhur D.,23,67.0,2110,900.0,6.0,3.0,6.0,2.0,6.0,4.0,,,,,3.0,0.0,Completed,1.2,4.5,1.22,4.82,1.24,5.0,1.19,4.73,,
ATP,2025,36,London,Wimbledon,2025-07-01,Grand Slam,Outdoor,Grass,1st Round,5,Rinderknech A.,Zverev A.,72,3.0,873,6500.0,7.0,6.0,6.0,7.0,6.0,3.0,6.0,7.0,6.0,4.0,3.0,2.0,Completed,7.5,1.08,8.34,1.1,9.2,1.11,7.2,1.1,,
ATP,2025,36,London,Wimbledon,2025-07-01,Grand Slam,Outdoor,Grass,1st Round,5,Cobolli F.,Zhukayev B.,24,247.0,2035,229.0,6.0,3.0,7.0,6.0,6.0,1.0,,,,,3.0,0.0,Completed,1.33,3.4,1.3,3.81,1.35,3.81,1.31,3.44,,
ATP,2025,36,London,Wimbledon,2025-07-01,Grand Slam,Outdoor,Grass,1st Round,5,Mensik J.,Gaston H.,17,86.0,2356,693.0,6.0,1.0,4.0,6.0,6.0,2.0,6.0,2.0,,,3.0,1.0,Completed,1.07,8.5,1.08,10.35,1.1,10.5,1.07,8.63,,
ATP,2025,36,London,Wimbledon,2025-07-01,Grand Slam,Outdoor,Grass,1st Round,5,Cilic M.,Collignon R.,83,85.0,722,705.0,6.0,3.0,6.0,4.0,6.0,3.0,,,,,3.0,0.0,Completed,1.08,7.0,1.09,9.03,1.12,9.03,1.08,7.66,,
ATP,2025,36,London,Wimbledon,2025-07-01,Grand Slam,Outdoor,Grass,1st Round,5,Shelton B.,Bolt A.,10,179.0,3130,309.0,6.0,4.0,7.0,6.0,7.0,6.0,,,,,3.0,0.0,Completed,1.25,4.0,1.28,3.94,1.3,4.2,1.26,3.84,,
ATP,2025,36,London,Wimbledon,2025-07-01,Grand Slam,Outdoor,Grass,1st Round,5,Opelka R.,Shevchenko A.,70,98.0,877,610.0,6.0,3.0,7.0,5.0,7.0,6.0,,,,,3.0,0.0,Completed,1.33,3.25,1.35,3.49,1.39,3.49,1.34,3.27,,
ATP,2025,36,London,Wimbledon,2025-07-01,Grand Slam,Outdoor,Grass,1st Round,5,Monfils G.,Humbert U.,48,18.0,1165,2285.0,6.0,4.0,3.0,6.0,6.0,7.0,7.0,5.0,6.0,2.0,3.0,2.0,Completed,3.4,1.33,3.52,1.34,3.65,1.37,3.35,1.33,,
ATP,2025,36,London,Wimbledon,2025-07-01,Grand Slam,Outdoor,Grass,1st Round,5,Fucsovics M.,Kovacevic A.,105,76.0,564,799.0,6.0,3.0,6.0,7.0,6.0,1.0,5.0,7.0,6.0,4.0,3.0,2.0,Completed,1.25,3.75,1.29,3.9,1.29,4.3,1.26,3.83,,
ATP,2025,36,London,Wimbledon,2025-07-01,Grand Slam,Outdoor,Grass,1st Round,5,Dimitrov G.,Nishioka Y.,21,82.0,2155,724.0,6.0,2.0,6.0,3.0,6.0,4.0,,,,,3.0,0.0,Completed,1.18,5.0,1.21,4.94,1.21,5.7,1.18,4.94,,
ATP,2025,36,London,Wimbledon,2025-07-01,Grand Slam,Outdoor,Grass,1st Round,5,Hijikata R.,Goffin D.,87,63.0,693,930.0,6.0,3.0,6.0,1.0,6.0,1.0,,,,,3.0,0.0,Completed,1.6,2.38,1.62,2.42,1.66,2.46,1.59,2.33,,
ATP,2025,36,London,Wimbledon,2025-07-01,Grand Slam,Outdoor,Grass,1st Round,5,Pinnington Jones J.,Etcheverry T.,281,53.0,196,1025.0,7.0,6.0,6.0,3.0,7.0,5.0,,,,,3.0,0.0,Completed,2.75,1.45,2.77,1.5,2.84,1.53,2.66,1.47,,
ATP,2025,36,London,Wimbledon,2025-07-01,Grand Slam,Outdoor,Grass,1st Round,5,Draper J.,Baez S.,4,38.0,4650,1370.0,6.0,2.0,6.0,2.0,2.0,1.0,,,,,2.0,0.0,Retired,1.02,15.0,,,1.02,36.0,1.01,20.67,,
ATP,2025,36,London,Wimbledon,2025-07-01,Grand Slam,Outdoor,Grass,1st Round,5,Giron M.,Ugo Carabelli C.,45,56.0,1200,1006.0,7.0,6.0,7.0,6.0,6.0,3.0,,,,,3.0,0.0,Completed,1.06,9.0,1.08,10.42,1.09,13.0,1.06,9.73,,
ATP,2025,36,London,Wimbledon,2025-07-01,Grand Slam,Outdoor,Grass,1st Round,5,Djokovic N.,Muller A.,6,41.0,4630,1311.0,6.0,1.0,6.0,7.0,6.0,2.0,6.0,2.0,,,3.0,1.0,Completed,1.02,15.0,1.03,24.43,1.03,34.0,1.02,18.3,,
ATP,2025,36,London,Wimbledon,2025-07-02,Grand Slam,Outdoor,Grass,1st Round,5,Nakashima B.,Bu Y.,34,71.0,1650,874.0,6.0,4.0,4.0,6.0,7.0,6.0,6.0,4.0,,,3.0,1.0,Completed,1.13,6.0,1.15,6.44,1.18,6.5,1.13,5.96,,
ATP,2025,36,London,Wimbledon,2025-07-02,Grand Slam,Outdoor,Grass,2nd Round,5,Norrie C.,Tiafoe F.,61,12.0,952,2990.0,4.0,6.0,6.0,4.0,6.0,3.0,7.0,5.0,,,3.0,1.0,Completed,2.5,1.53,2.59,1.57,2.66,1.59,2.48,1.54,,
ATP,2025,36,London,Wimbledon,2025-07-02,Grand Slam,Outdoor,Grass,2nd Round,5,Fonseca J.,Brooksby J.,54,101.0,1016,577.0,6.0,4.0,5.0,7.0,6.0,2.0,6.0,4.0,,,3.0,1.0,Completed,1.44,2.8,1.45,3.0,1.49,3.0,1.45,2.76,,
ATP,2025,36,London,Wimbledon,2025-07-02,Grand Slam,Outdoor,Grass,2nd Round,5,Mannarino A.,Royer V.,123,113.0,477,513.0,6.0,4.0,6.0,4.0,5.0,7.0,7.0,6.0,,,3.0,1.0,Completed,1.44,2.8,1.44,3.03,1.5,3.05,1.44,2.79,,
ATP,2025,36,London,Wimbledon,2025-07-02,Grand Slam,Outdoor,Grass,2nd Round,5,Jarry N.,Tien L.,143,62.0,418,940.0,6.0,2.0,6.0,2.0,6.0,3.0,,,,,3.0,0.0,Completed,1.67,2.2,1.76,2.2,1.77,2.24,1.68,2.18,,
ATP,2025,36,London,Wimbledon,2025-07-02,Grand Slam,Outdoor,Grass,2nd Round,5,Khachanov K.,Mochizuki S.,20,144.0,2240,413.0,1.0,6.0,7.0,6.0,4.0,6.0,6.0,3.0,6.0,4.0,3.0,2.0,Completed,1.14,5.5,1.14,6.76,1.16,7.0,1.13,5.81,,
ATP,2025,36,London,Wimbledon,2025-07-02,Grand Slam,Outdoor,Grass,2nd Round,5,Rublev A.,Harris L.,14,320.0,2920,159.0,6.0,7.0,6.0,4.0,7.0,6.0,6.0,3.0,,,3.0,1.0,Completed,1.29,3.75,1.31,3.81,1.33,3.9,1.29,3.6,,
ATP,2025,36,London,Wimbledon,2025-07-02,Grand Slam,Outdoor,Grass,2nd Round,5,Borges N.,Harris B.,37,151.0,1400,383.0,6.0,3.0,6.0,4.0,7.0,6.0,,,,,3.0,0.0,Completed,1.53,2.5,1.58,2.56,1.6,2.62,1.56,2.4,,
ATP,2025,36,London,Wimbledon,2025-07-02,Grand Slam,Outdoor,Grass,2nd Round,5,Alcaraz C.,Tarvet O.,2,733.0,9300,36.0,6.0,1.0,6.0,4.0,6.0,4.0,,,,,3.0,0.0,Completed,1.01,12.0,,,1.03,34.0,1.01,19.33,,
ATP,2025,36,London,Wimbledon,2025-07-02,Grand Slam,Outdoor,Grass,2nd Round,5,Thompson J.,Bonzi B.,44,64.0,1200,930.0,7.0,5.0,6.0,7.0,4.0,6.0,6.0,2.0,6.0,4.0,3.0,2.0,Completed,2.5,1.53,2.46,1.62,2.66,1.62,2.52,1.52,,
ATP,2025,36,London,Wimbledon,2025-07-02,Grand Slam,Outdoor,Grass,2nd Round,5,Bellucci M.,Lehecka J.,73,25.0,864,1965.0,7.0,6.0,6.0,1.0,7.0,5.0,,,,,3.0,0.0,Completed,4.5,1.2,5.04,1.21,5.3,1.22,4.57,1.2,,
ATP,2025,36,London,Wimbledon,2025-07-02,Grand Slam,Outdoor,Grass,2nd Round,5,Majchrzak K.,Quinn E.,109,89.0,527,682.0,6.0,1.0,6.0,4.0,6.0,3.0,,,,,3.0,0.0,Completed,2.2,1.62,2.26,1.72,2.3,1.75,2.16,1.69,,
ATP,2025,36,London,Wimbledon,2025-07-02,Grand Slam,Outdoor,Grass,2nd Round,5,Fritz T.,Diallo G.,5,40.0,4635,1322.0,3.0,6.0,6.0,3.0,7.0,6.0,4.0,6.0,6.0,3.0,3.0,2.0,Completed,1.3,3.6,1.32,3.76,1.36,3.9,1.3,3.5,,
ATP,2025,36,London,Wimbledon,2025-07-03,Grand Slam,Outdoor,Grass,2nd Round,5,Kecmanovic M.,De Jong J.,49,106.0,1106,548.0,1.0,6.0,6.0,3.0,6.0,2.0,6.0,4.0,,,3.0,1.0,Completed,1.4,3.0,1.41,3.17,1.45,3.2,1.39,2.99,,
ATP,2025,36,London,Wimbledon,2025-07-03,Grand Slam,Outdoor,Grass,2nd Round,5,Mensik J.,Giron M.,17,45.0,2356,1200.0,6.0,4.0,3.0,6.0,6.0,4.0,7.0,6.0,,,3.0,1.0,Completed,1.53,2.5,1.59,2.53,1.59,2.7,1.52,2.51,,
ATP,2025,36,London,Wimbledon,2025-07-03,Grand Slam,Outdoor,Grass,2nd Round,5,De Minaur A.,Cazaux A.,11,115.0,3085,505.0,4.0,6.0,6.0,2.0,6.0,4.0,6.0,0.0,,,3.0,1.0,Completed,1.08,8.0,1.1,8.61,1.1,10.0,1.08,7.7,,
ATP,2025,36,London,Wimbledon,2025-07-03,Grand Slam,Outdoor,Grass,2nd Round,5,Cobolli F.,Pinnington Jones J.,24,281.0,2035,196.0,6.0,1.0,7.0,6.0,6.0,2.0,,,,,3.0,0.0,Completed,1.36,3.2,1.4,3.25,1.41,3.35,1.38,3.06,,
ATP,2025,36,London,Wimbledon,2025-07-03,Grand Slam,Outdoor,Grass,2nd Round,5,Dimitrov G.,Moutet C.,21,69.0,2155,894.0,7.0,5.0,4.0,6.0,7.0,5.0,7.0,5.0,,,3.0,1.0,Completed,1.6,2.38,1.66,2.38,1.69,2.42,1.58,2.36,,
ATP,2025,36,London,Wimbledon,2025-07-03,Grand Slam,Outdoor,Grass,2nd Round,5,Davidovich Fokina A.,Van De Zandschulp B.,27,92.0,1845,670.0,6.0,1.0,4.0,6.0,6.0,3.0,7.0,6.0,,,3.0,1.0,Completed,1.3,3.6,1.33,3.66,1.34,3.8,1.3,3.53,,
ATP,2025,36,London,Wimbledon,2025-07-03,Grand Slam,Outdoor,Grass,2nd Round,5,Munar J.,Marozsan F.,55,58.0,1012,990.0,6.0,2.0,6.0,3.0,7.0,6.0,,,,,3.0,0.0,Completed,1.8,2.0,1.76,2.2,1.8,2.22,1.72,2.11,,
ATP,2025,36,London,Wimbledon,2025-07-03,Grand Slam,Outdoor,Grass,2nd Round,5,Struff J.L.,Auger-Aliassime F.,125,28.0,475,1825.0,3.0,6.0,7.0,6.0,6.0,3.0,6.0,4.0,,,3.0,1.0,Completed,3.25,1.33,3.38,1.37,3.5,1.38,3.14,1.36,,
ATP,2025,36,London,Wimbledon,2025-07-03,Grand Slam,Outdoor,Grass,2nd Round,5,Rinderknech A.,Garin C.,72,110.0,873,525.0,3.0,6.0,6.0,3.0,7.0,6.0,4.0,6.0,6.0,3.0,3.0,2.0,Completed,1.67,2.25,1.75,2.21,1.75,2.34,1.65,2.24,,
ATP,2025,36,London,Wimbledon,2025-07-03,Grand Slam,Outdoor,Grass,2nd Round,5,Djokovic N.,Evans D.,6,154.0,4630,375.0,6.0,3.0,6.0,2.0,6.0,0.0,,,,,3.0,0.0,Completed,1.06,9.0,1.06,13.92,1.06,16.0,1.05,10.96,,
ATP,2025,36,London,Wimbledon,2025-07-03,Grand Slam,Outdoor,Grass,2nd Round,5,Darderi L.,Fery A.,59,461.0,989,91.0,6.0,4.0,6.0,3.0,6.0,3.0,,,,,3.0,0.0,Completed,2.1,1.7,2.13,1.81,2.22,1.81,2.09,1.73,,
ATP,2025,36,London,Wimbledon,2025-07-03,Grand Slam,Outdoor,Grass,2nd Round,5,Holmgren A.,Machac T.,192,23.0,285,2110.0,7.0,6.0,6.0,7.0,6.0,7.0,7.0,5.0,7.0,6.0,3.0,2.0,Completed,5.5,1.15,6.76,1.14,6.8,1.17,5.63,1.14,,
ATP,2025,36,London,Wimbledon,2025-07-03,Grand Slam,Outdoor,Grass,2nd Round,5,Martinez P.,Navone M.,52,91.0,1030,670.0,7.0,5.0,7.0,5.0,7.0,6.0,,,,,3.0,0.0,Completed,2.63,1.5,2.71,1.53,2.78,1.56,2.61,1.5,,
ATP,2025,36,London,Wimbledon,2025-07-03,Grand Slam,Outdoor,Grass,2nd Round,5,Nakashima B.,Opelka R.,34,70.0,1650,877.0,7.0,5.0,6.0,2.0,6.0,7.0,6.0,3.0,,,3.0,1.0,Completed,1.4,3.0,1.42,3.14,1.45,3.15,1.42,2.89,,
ATP,2025,36,London,Wimbledon,2025-07-03,Grand Slam,Outdoor,Grass,2nd Round,5,Ofner S.,Paul T.,165,13.0,343,2970.0,1.0,6.0,7.0,5.0,6.0,4.0,7.0,5.0,,,3.0,1.0,Completed,5.5,1.15,6.3,1.16,6.4,1.17,5.42,1.15,,
ATP,2025,36,London,Wimbledon,2025-07-03,Grand Slam,Outdoor,Grass,2nd Round,5,Cilic M.,Draper J.,83,4.0,722,4650.0,6.0,4.0,6.0,3.0,1.0,6.0,6.0,4.0,,,3.0,1.0,Completed,6.5,1.12,7.4,1.13,8.4,1.13,6.55,1.11,,
ATP,2025,36,London,Wimbledon,2025-07-03,Grand Slam,Outdoor,Grass,2nd Round,5,Sonego L.,Basilashvili N.,47,126.0,1171,474.0,6.0,1.0,6.0,3.0,6.0,7.0,7.0,6.0,,,3.0,1.0,Completed,1.44,2.8,1.45,3.0,1.48,3.0,1.44,2.76,,
ATP,2025,36,London,Wimbledon,2025-07-03,Grand Slam,Outdoor,Grass,2nd Round,5,Sinner J.,Vukic A.,1,93.0,10430,664.0,6.0,1.0,6.0,1.0,6.0,3.0,,,,,3.0,0.0,Completed,1.01,17.0,,,1.02,46.0,1.01,21.54,,
ATP,2025,36,London,Wimbledon,2025-07-04,Grand Slam,Outdoor,Grass,2nd Round,5,Fucsovics M.,Monfils G.,105,48.0,564,1165.0,6.0,4.0,1.0,6.0,4.0,6.0,7.0,6.0,6.0,4.0,3.0,2.0,Completed,1.9,1.91,1.94,1.96,1.95,2.04,1.89,1.89,,
ATP,2025,36,London,Wimbledon,2025-07-04,Grand Slam,Outdoor,Grass,2nd Round,5,Shelton B.,Hijikata R.,10,87.0,3130,693.0,6.0,2.0,7.0,5.0,6.0,4.0,,,,,3.0,0.0,Completed,1.22,4.33,1.26,4.37,1.26,4.8,1.22,4.29,,
ATP,2025,36,London,Wimbledon,2025-07-04,Grand Slam,Outdoor,Grass,3rd Round,5,Fritz T.,Davidovich Fokina A.,5,27.0,4635,1845.0,6.0,4.0,6.0,3.0,6.0,7.0,6.0,1.0,,,3.0,1.0,Completed,1.25,3.75,1.3,3.92,1.34,3.92,1.28,3.66,,
ATP,2025,36,London,Wimbledon,2025-07-04,Grand Slam,Outdoor,Grass,3rd Round,5,Rublev A.,Mannarino A.,14,123.0,2920,477.0,7.0,5.0,6.0,2.0,6.0,3.0,,,,,3.0,0.0,Completed,1.25,3.75,1.3,3.96,1.31,4.1,1.27,3.77,,
ATP,2025,36,London,Wimbledon,2025-07-04,Grand Slam,Outdoor,Grass,3rd Round,5,Norrie C.,Bellucci M.,61,73.0,952,864.0,7.0,6.0,6.0,4.0,6.0,3.0,,,,,3.0,0.0,Completed,1.57,2.3,1.6,2.5,1.63,2.56,1.56,2.41,,
ATP,2025,36,London,Wimbledon,2025-07-04,Grand Slam,Outdoor,Grass,3rd Round,5,Thompson J.,Darderi L.,44,59.0,1200,989.0,6.0,4.0,6.0,4.0,3.0,6.0,6.0,3.0,,,3.0,1.0,Completed,1.67,2.1,1.79,2.15,1.82,2.2,1.71,2.11,,
ATP,2025,36,London,Wimbledon,2025-07-04,Grand Slam,Outdoor,Grass,3rd Round,5,Majchrzak K.,Rinderknech A.,109,72.0,527,873.0,6.0,3.0,7.0,6.0,7.0,6.0,,,,,3.0,0.0,Completed,1.91,1.9,2.07,1.85,2.1,1.9,2.0,1.8,,
ATP,2025,36,London,Wimbledon,2025-07-04,Grand Slam,Outdoor,Grass,3rd Round,5,Jarry N.,Fonseca J.,143,54.0,418,1016.0,6.0,3.0,6.0,4.0,3.0,6.0,7.0,6.0,,,3.0,1.0,Completed,2.9,1.4,3.05,1.43,3.05,1.48,2.81,1.42,,
ATP,2025,36,London,Wimbledon,2025-07-04,Grand Slam,Outdoor,Grass,3rd Round,5,Khachanov K.,Borges N.,20,37.0,2240,1400.0,7.0,6.0,4.0,6.0,4.0,6.0,6.0,3.0,7.0,6.0,3.0,2.0,Completed,1.4,3.0,1.44,3.03,1.48,3.05,1.41,2.89,,
ATP,2025,36,London,Wimbledon,2025-07-04,Grand Slam,Outdoor,Grass,3rd Round,5,Alcaraz C.,Struff J.L.,2,125.0,9300,475.0,6.0,1.0,3.0,6.0,6.0,3.0,6.0,4.0,,,3.0,1.0,Completed,1.04,11.0,1.05,15.53,1.05,18.0,1.03,12.61,,
ATP,2025,36,London,Wimbledon,2025-07-05,Grand Slam,Outdoor,Grass,3rd Round,5,Cobolli F.,Mensik J.,24,17.0,2035,2356.0,6.0,2.0,6.0,4.0,6.0,2.0,,,,,3.0,0.0,Completed,2.5,1.53,2.67,1.54,2.7,1.58,2.53,1.51,,
ATP,2025,36,London,Wimbledon,2025-07-05,Grand Slam,Outdoor,Grass,3rd Round,5,Sinner J.,Martinez P.,1,52.0,10430,1030.0,6.0,1.0,6.0,3.0,6.0,1.0,,,,,3.0,0.0,Completed,1.01,19.0,1.01,41.19,1.01,75.0,1.01,28.17,,
ATP,2025,36,London,Wimbledon,2025-07-05,Grand Slam,Outdoor,Grass,3rd Round,5,Dimitrov G.,Ofner S.,21,165.0,2155,343.0,6.0,3.0,6.0,4.0,7.0,6.0,,,,,3.0,0.0,Completed,1.29,3.75,1.31,3.83,1.33,3.9,1.29,3.63,,
ATP,2025,36,London,Wimbledon,2025-07-05,Grand Slam,Outdoor,Grass,3rd Round,5,Sonego L.,Nakashima B.,47,34.0,1171,1650.0,6.0,7.0,7.0,6.0,7.0,6.0,3.0,6.0,7.0,6.0,3.0,2.0,Completed,2.6,1.5,2.74,1.52,2.78,1.55,2.57,1.5,,
ATP,2025,36,London,Wimbledon,2025-07-05,Grand Slam,Outdoor,Grass,3rd Round,5,De Minaur A.,Holmgren A.,11,192.0,3085,285.0,6.0,4.0,7.0,6.0,6.0,3.0,,,,,3.0,0.0,Completed,1.06,8.0,1.08,10.76,1.08,12.0,1.06,9.13,,
ATP,2025,36,London,Wimbledon,2025-07-05,Grand Slam,Outdoor,Grass,3rd Round,5,Cilic M.,Munar J.,83,55.0,722,1012.0,6.0,3.0,3.0,6.0,6.0,2.0,6.0,4.0,,,3.0,1.0,Completed,1.53,2.5,1.58,2.55,1.61,2.62,1.54,2.46,,
ATP,2025,36,London,Wimbledon,2025-07-05,Grand Slam,Outdoor,Grass,3rd Round,5,Shelton B.,Fucsovics M.,10,105.0,3130,564.0,6.0,3.0,7.0,6.0,6.0,2.0,,,,,3.0,0.0,Completed,1.3,3.6,1.32,3.77,1.33,4.0,1.29,3.6,,
ATP,2025,36,London,Wimbledon,2025-07-05,Grand Slam,Outdoor,Grass,3rd Round,3,Djokovic N.,Kecmanovic M.,6,49.0,4630,1106.0,6.0,3.0,6.0,0.0,6.0,4.0,,,,,3.0,0.0,Completed,1.04,9.5,1.05,15.38,1.05,19.5,1.03,13.67,,
ATP,2025,36,London,Wimbledon,2025-07-06,Grand Slam,Outdoor,Grass,4th Round,5,Khachanov K.,Majchrzak K.,20,109.0,2240,527.0,6.0,4.0,6.0,2.0,6.0,3.0,,,,,3.0,0.0,Completed,1.36,3.2,1.38,3.36,1.4,3.4,1.35,3.19,,
ATP,2025,36,London,Wimbledon,2025-07-06,Grand Slam,Outdoor,Grass,4th Round,5,Fritz T.,Thompson J.,5,44.0,4635,1200.0,6.0,1.0,3.0,0.0,,,,,,,1.0,0.0,Retired,1.14,5.5,1.15,6.36,1.16,6.8,1.14,5.64,,
ATP,2025,36,London,Wimbledon,2025-07-06,Grand Slam,Outdoor,Grass,4th Round,5,Norrie C.,Jarry N.,61,143.0,952,418.0,6.0,3.0,7.0,6.0,6.0,7.0,6.0,7.0,6.0,3.0,3.0,2.0,Completed,1.83,1.91,1.87,2.04,2.1,2.08,1.84,1.96,,
ATP,2025,36,London,Wimbledon,2025-07-06,Grand Slam,Outdoor,Grass,4th Round,5,Alcaraz C.,Rublev A.,2,14.0,9300,2920.0,6.0,7.0,6.0,3.0,6.0,4.0,6.0,4.0,,,3.0,1.0,Completed,1.08,7.0,1.1,8.57,1.11,9.4,1.09,7.5,,
ATP,2025,36,London,Wimbledon,2025-07-07,Grand Slam,Outdoor,Grass,4th Round,5,Cobolli F.,Cilic M.,24,83.0,2035,722.0,6.0,4.0,6.0,4.0,6.0,7.0,7.0,6.0,,,3.0,1.0,Completed,1.83,2.0,1.88,2.03,1.89,2.1,1.79,2.01,,
ATP,2025,36,London,Wimbledon,2025-07-07,Grand Slam,Outdoor,Grass,4th Round,5,Djokovic N.,De Minaur A.,6,11.0,4630,3085.0,1.0,6.0,6.0,4.0,6.0,4.0,6.0,4.0,,,3.0,1.0,Completed,1.17,5.0,1.2,5.22,1.2,5.9,1.17,5.04,,
ATP,2025,36,London,Wimbledon,2025-07-07,Grand Slam,Outdoor,Grass,4th Round,5,Shelton B.,Sonego L.,10,47.0,3130,1171.0,3.0,6.0,6.0,1.0,7.0,6.0,7.0,5.0,,,3.0,1.0,Completed,1.29,3.75,1.32,3.76,1.32,4.3,1.27,3.76,,
ATP,2025,36,London,Wimbledon,2025-07-07,Grand Slam,Outdoor,Grass,4th Round,5,Sinner J.,Dimitrov G.,1,21.0,10430,2155.0,3.0,6.0,5.0,7.0,2.0,2.0,,,,,0.0,2.0,Retired,1.03,13.0,1.03,18.06,1.05,18.06,1.03,13.83,,
ATP,2025,36,London,Wimbledon,2025-07-08,Grand Slam,Outdoor,Grass,Quarterfinals,5,Fritz T.,Khachanov K.,5,20.0,4635,2240.0,6.0,3.0,6.0,4.0,1.0,6.0,7.0,6.0,,,3.0,1.0,Completed,1.29,3.75,1.29,4.06,1.31,4.2,1.27,3.76,,
ATP,2025,36,London,Wimbledon,2025-07-08,Grand Slam,Outdoor,Grass,Quarterfinals,5,Alcaraz C.,Norrie C.,2,61.0,9300,952.0,6.0,2.0,6.0,3.0,6.0,3.0,,,,,3.0,0.0,Completed,1.06,9.0,1.07,10.89,1.07,13.5,1.05,9.96,,
ATP,2025,36,London,Wimbledon,2025-07-09,Grand Slam,Outdoor,Grass,Quarterfinals,5,Sinner J.,Shelton B.,1,10.0,10430,3130.0,7.0,6.0,6.0,4.0,6.0,4.0,,,,,3.0,0.0,Completed,1.25,3.6,1.32,3.6,1.34,3.9,1.29,3.58,,
ATP,2025,36,London,Wimbledon,2025-07-09,Grand Slam,Outdoor,Grass,Quarterfinals,5,Djokovic N.,Cobolli F.,6,24.0,4630,2035.0,6.0,7.0,6.0,2.0,7.0,5.0,6.0,4.0,,,3.0,1.0,Completed,1.1,7.0,1.11,8.33,1.12,8.6,1.09,7.53,,
ATP,2025,36,London,Wimbledon,2025-07-11,Grand Slam,Outdoor,Grass,Semifinals,5,Alcaraz C.,Fritz T.,2,5.0,9300,4635.0,6.0,4.0,5.0,7.0,6.0,3.0,7.0,6.0,,,3.0,1.0,Completed,1.17,4.75,1.2,5.13,1.24,5.25,1.17,4.98,,
ATP,2025,36,London,Wimbledon,2025-07-11,Grand Slam,Outdoor,Grass,Semifinals,5,Sinner J.,Djokovic N.,1,6.0,10430,4630.0,6.0,3.0,6.0,3.0,6.0,4.0,,,,,3.0,0.0,Completed,1.4,2.8,1.47,2.93,1.47,3.05,1.42,2.85,,
ATP,2025,36,London,Wimbledon,2025-07-13,Grand Slam,Outdoor,Grass,The Final,5,Sinner J.,Alcaraz C.,1,2.0,10430,9300.0,4.0,6.0,6.0,4.0,6.0,4.0,6.0,4.0,,,3.0,1.0,Completed,1.83,2.0,1.85,2.07,1.87,2.07,1.82,1.98,,
ATP,2025,46,New York,US Open,2025-08-24,Grand Slam,Outdoor,Hard,1st Round,5,Davidovich Fokina A.,Shevchenko A.,18,91.0,2185,692.0,6.0,1.0,6.0,1.0,6.0,2.0,,,,,3.0,0.0,Completed,1.14,5.5,1.19,5.41,1.2,5.5,1.16,5.23,1.19,6.0
ATP,2025,46,New York,US Open,2025-08-24,Grand Slam,Outdoor,Hard,1st Round,5,Rinderknech A.,Carballes Baena R.,82,87.0,782,740.0,7.0,6.0,7.0,5.0,4.0,6.0,6.0,2.0,,,3.0,1.0,Completed,1.5,2.63,1.5,2.77,1.52,2.75,1.48,2.63,1.52,2.88
ATP,2025,46,New York,US Open,2025-08-24,Grand Slam,Outdoor,Hard,1st Round,5,Mensik J.,Jarry N.,16,102.0,2430,628.0,7.0,6.0,6.0,3.0,6.0,4.0,,,,,3.0,0.0,Completed,1.36,3.2,1.41,3.11,1.4,3.2,1.38,2.99,1.44,3.2
ATP,2025,46,New York,US Open,2025-08-24,Grand Slam,Outdoor,Hard,1st Round,5,Shelton B.,Buse I.,6,135.0,4280,473.0,6.0,3.0,6.0,2.0,6.0,4.0,,,,,3.0,0.0,Completed,1.03,17.0,,,1.04,17.0,1.02,14.3,1.04,21.0
ATP,2025,46,New York,US Open,2025-08-24,Grand Slam,Outdoor,Hard,1st Round,5,Fritz T.,Nava E.,4,968.0,5575,21.0,7.0,5.0,6.0,2.0,6.0,3.0,,,,,3.0,0.0,Completed,1.08,8.0,1.11,7.89,1.1,8.5,1.08,7.5,1.11,9.6
ATP,2025,46,New York,US Open,2025-08-24,Grand Slam,Outdoor,Hard,1st Round,5,Blanchet U.,Marozsan F.,184,53.0,295,975.0,6.0,4.0,3.0,6.0,7.0,6.0,6.0,2.0,,,3.0,1.0,Completed,4.0,1.25,3.96,1.29,4.0,1.32,3.74,1.26,3.95,1.33
ATP,2025,46,New York,US Open,2025-08-24,Grand Slam,Outdoor,Hard,1st Round,5,Spizzirri E.,Dostanic S.,127,389.0,493,127.0,7.0,5.0,6.0,4.0,7.0,6.0,,,,,3.0,0.0,Completed,1.44,2.75,1.5,2.75,1.5,2.75,1.46,2.68,1.53,2.82
ATP,2025,46,New York,US Open,2025-08-24,Grand Slam,Outdoor,Hard,1st Round,5,Darderi L.,Hijikata R.,34,103.0,1379,623.0,6.0,2.0,6.0,1.0,6.0,2.0,,,,,3.0,0.0,Completed,1.57,2.38,1.65,2.38,1.63,2.4,1.58,2.34,1.63,2.54
ATP,2025,46,New York,US Open,2025-08-24,Grand Slam,Outdoor,Hard,1st Round,5,Lehecka J.,Coric B.,21,105.0,2115,595.0,3.0,6.0,6.0,4.0,7.0,6.0,6.0,1.0,,,3.0,1.0,Completed,1.13,6.0,1.16,5.97,1.15,6.5,1.13,5.76,1.17,6.4
ATP,2025,46,New York,US Open,2025-08-24,Grand Slam,Outdoor,Hard,1st Round,5,Mannarino A.,Griekspoor T.,77,30.0,811,1655.0,7.0,5.0,6.0,4.0,6.0,0.0,,,,,3.0,0.0,Completed,2.3,1.62,2.37,1.65,2.3,1.67,2.25,1.63,2.36,1.72
ATP,2025,46,New York,US Open,2025-08-24,Grand Slam,Outdoor,Hard,1st Round,5,Machac T.,Nardi L.,22,86.0,2110,755.0,6.0,3.0,6.0,1.0,6.0,1.0,,,,,3.0,0.0,Completed,1.4,3.0,1.44,2.98,1.5,3.1,1.41,2.89,1.42,3.3
ATP,2025,46,New York,US Open,2025-08-24,Grand Slam,Outdoor,Hard,1st Round,5,Svajda Z.,Piros Z.,145,156.0,421,362.0,6.0,4.0,6.0,2.0,7.0,5.0,,,,,3.0,0.0,Completed,1.4,3.0,1.42,3.06,1.45,3.1,1.4,2.94,1.47,3.05
ATP,2025,46,New York,US Open,2025-08-24,Grand Slam,Outdoor,Hard,1st Round,5,Kym J.,Quinn E.,175,84.0,309,771.0,6.0,3.0,6.0,2.0,3.0,6.0,7.0,6.0,,,3.0,1.0,Completed,2.2,1.67,2.27,1.7,2.4,3.2,2.02,1.85,2.18,1.82
ATP,2025,46,New York,US Open,2025-08-24,Grand Slam,Outdoor,Hard,1st Round,5,Carreno Busta P.,Llamas Ruiz P.,137,361.0,468,136.0,7.0,6.0,6.0,4.0,6.0,2.0,,,,,3.0,0.0,Completed,1.53,2.5,1.54,2.62,1.57,2.5,1.53,2.45,1.59,2.66
ATP,2025,46,New York,US Open,2025-08-24,Grand Slam,Outdoor,Hard,1st Round,5,Etcheverry T.,Ugo Carabelli C.,59,43.0,940,1123.0,6.0,3.0,6.0,2.0,6.0,0.0,,,,,3.0,0.0,Completed,1.3,3.5,1.38,3.25,1.35,3.5,1.32,3.28,1.38,3.55
ATP,2025,46,New York,US Open,2025-08-24,Grand Slam,Outdoor,Hard,1st Round,5,Thompson J.,Moutet C.,58,40.0,945,1146.0,6.0,2.0,6.0,4.0,1.0,6.0,6.0,3.0,,,3.0,1.0,Completed,3.4,1.33,3.43,1.35,3.5,1.4,3.26,1.33,3.45,1.4
ATP,2025,46,New York,US Open,2025-08-24,Grand Slam,Outdoor,Hard,1st Round,5,Giron M.,Navone M.,55,78.0,960,810.0,6.0,0.0,7.0,5.0,4.0,6.0,5.0,7.0,6.0,4.0,3.0,2.0,Completed,2.0,1.8,2.05,1.85,2.1,1.95,2.01,1.78,2.08,1.89
ATP,2025,46,New York,US Open,2025-08-25,Grand Slam,Outdoor,Hard,1st Round,5,Nakashima B.,De Jong J.,31,83.0,1570,774.0,6.0,2.0,6.0,7.0,2.0,6.0,6.0,2.0,7.0,6.0,3.0,2.0,Completed,1.25,4.0,1.3,3.85,1.32,4.0,1.29,3.6,1.32,3.95
ATP,2025,46,New York,US Open,2025-08-25,Grand Slam,Outdoor,Hard,1st Round,5,Djokovic N.,Tien L.,7,50.0,4130,1000.0,6.0,1.0,7.0,6.0,6.0,2.0,,,,,3.0,0.0,Completed,1.14,5.5,1.15,6.2,1.18,7.0,1.14,5.67,1.18,6.2
ATP,2025,46,New York,US Open,2025-08-25,Grand Slam,Outdoor,Hard,1st Round,5,Bonzi B.,Medvedev D.,51,13.0,999,2760.0,6.0,3.0,7.0,5.0,6.0,7.0,0.0,6.0,6.0,4.0,3.0,2.0,Completed,4.5,1.2,4.57,1.23,4.6,1.22,4.41,1.2,4.7,1.26
ATP,2025,46,New York,US Open,2025-08-25,Grand Slam,Outdoor,Hard,1st Round,5,Harris L.,Baez S.,353,39.0,139,1175.0,6.0,3.0,7.0,5.0,6.0,4.0,,,,,3.0,0.0,Completed,1.53,2.5,1.55,2.62,1.56,2.6,1.51,2.5,1.55,2.78
ATP,2025,46,New York,US Open,2025-08-25,Grand Slam,Outdoor,Hard,1st Round,5,Damm M.,Blanch Dar.,431,364.0,106,136.0,6.0,3.0,6.0,4.0,6.0,4.0,,,,,3.0,0.0,Completed,2.0,1.8,2.08,1.83,2.04,1.85,2.0,1.78,2.1,1.88
ATP,2025,46,New York,US Open,2025-08-25,Grand Slam,Outdoor,Hard,1st Round,5,Wong C.,Kovacevic A.,173,71.0,315,862.0,6.0,4.0,7.0,5.0,7.0,6.0,,,,,3.0,0.0,Completed,2.1,1.73,2.28,1.69,2.25,1.77,2.08,1.72,2.2,1.82
ATP,2025,46,New York,US Open,2025-08-25,Grand Slam,Outdoor,Hard,1st Round,5,Walton A.,Humbert U.,85,23.0,763,2085.0,6.0,4.0,7.0,6.0,5.0,7.0,6.0,1.0,,,3.0,1.0,Completed,2.75,1.44,3.04,1.43,3.0,1.47,2.74,1.43,2.88,1.53
ATP,2025,46,New York,US Open,2025-08-25,Grand Slam,Outdoor,Hard,1st Round,5,Bergs Z.,Tseng C.H.,48,118.0,1039,529.0,6.0,3.0,6.0,4.0,6.0,3.0,,,,,3.0,0.0,Completed,1.36,3.2,1.42,3.06,1.4,3.2,1.38,3.02,1.38,3.55
ATP,2025,46,New York,US Open,2025-08-25,Grand Slam,Outdoor,Hard,1st Round,5,Norrie C.,Korda S.,35,75.0,1297,835.0,7.0,5.0,6.0,4.0,,,,,,,2.0,0.0,Completed,2.38,1.57,2.68,1.52,2.6,1.6,2.43,1.53,2.62,1.61
ATP,2025,46,New York,US Open,2025-08-25,Grand Slam,Outdoor,Hard,1st Round,5,Fonseca J.,Kecmanovic M.,45,42.0,1095,1126.0,7.0,6.0,7.0,6.0,6.0,3.0,,,,,3.0,0.0,Completed,1.57,2.38,1.69,2.28,1.57,2.6,1.53,2.47,1.57,2.7
ATP,2025,46,New York,US Open,2025-08-25,Grand Slam,Outdoor,Hard,1st Round,5,Draper J.,Gomez F.A.,5,203.0,4440,268.0,6.0,4.0,7.0,5.0,6.0,7.0,6.0,2.0,,,3.0,1.0,Completed,1.02,19.0,,,1.03,20.0,1.02,15.13,1.04,21.0
ATP,2025,46,New York,US Open,2025-08-25,Grand Slam,Outdoor,Hard,1st Round,5,Collignon R.,Galan D.E.,107,131.0,583,480.0,6.0,4.0,6.0,4.0,6.0,4.0,,,,,3.0,0.0,Completed,1.91,1.91,1.76,2.18,2.0,2.0,1.86,1.92,2.04,1.94
ATP,2025,46,New York,US Open,2025-08-25,Grand Slam,Outdoor,Hard,1st Round,5,Comesana F.,Michelsen A.,54,32.0,962,1525.0,1.0,6.0,6.0,3.0,6.0,4.0,6.0,4.0,,,3.0,1.0,Completed,3.5,1.3,3.59,1.33,3.75,1.33,3.46,1.3,3.5,1.39
ATP,2025,46,New York,US Open,2025-08-25,Grand Slam,Outdoor,Hard,1st Round,5,Cobolli F.,Passaro F.,26,120.0,2040,524.0,7.0,5.0,4.0,6.0,6.0,4.0,3.0,6.0,6.0,3.0,3.0,2.0,Completed,1.22,4.33,1.22,4.74,1.25,4.5,1.22,4.16,1.24,4.9
ATP,2025,46,New York,US Open,2025-08-25,Grand Slam,Outdoor,Hard,1st Round,5,Bellucci M.,Shang J.,65,111.0,914,550.0,7.0,6.0,1.0,6.0,6.0,3.0,,,,,2.0,1.0,Completed,1.67,2.2,1.67,2.33,1.7,2.28,1.66,2.18,1.73,2.34
ATP,2025,46,New York,US Open,2025-08-25,Grand Slam,Outdoor,Hard,1st Round,5,Brooksby J.,Vukic A.,92,95.0,687,668.0,6.0,3.0,6.0,7.0,6.0,4.0,3.0,6.0,6.0,4.0,3.0,2.0,Completed,1.4,3.0,1.43,3.03,1.42,3.1,1.38,2.99,1.44,3.2
ATP,2025,46,New York,US Open,2025-08-25,Grand Slam,Outdoor,Hard,1st Round,5,Rune H.,Van De Zandschulp B.,11,73.0,3050,849.0,6.0,3.0,7.0,6.0,7.0,6.0,,,,,3.0,0.0,Completed,1.3,3.5,1.35,3.47,1.35,3.5,1.31,3.36,1.35,3.75
ATP,2025,46,New York,US Open,2025-08-25,Grand Slam,Outdoor,Hard,1st Round,5,Tiafoe F.,Nishioka Y.,17,149.0,2340,399.0,6.0,3.0,7.0,6.0,6.0,3.0,,,,,3.0,0.0,Completed,1.1,7.0,1.11,7.88,1.12,8.0,1.09,7.04,1.12,8.8
ATP,2025,46,New York,US Open,2025-08-25,Grand Slam,Outdoor,Hard,1st Round,5,Munar J.,Faria J.,44,117.0,1117,530.0,6.0,0.0,6.0,3.0,5.0,7.0,6.0,2.0,,,3.0,1.0,Completed,1.25,4.0,1.26,4.28,1.27,4.25,1.24,3.9,1.28,4.4
ATP,2025,46,New York,US Open,2025-08-25,Grand Slam,Outdoor,Hard,1st Round,5,Majchrzak K.,Dellien H.,76,121.0,819,524.0,6.0,1.0,6.0,4.0,6.0,7.0,6.0,4.0,,,3.0,1.0,Completed,1.05,11.0,1.07,10.76,1.07,11.0,1.06,9.46,1.09,11.5
ATP,2025,46,New York,US Open,2025-08-25,Grand Slam,Outdoor,Hard,1st Round,5,Struff J.L.,McDonald M.,144,100.0,428,642.0,3.0,6.0,7.0,6.0,6.0,3.0,6.0,3.0,,,3.0,1.0,Completed,1.91,1.91,1.92,1.97,1.95,1.95,1.9,1.88,1.96,2.02
ATP,2025,46,New York,US Open,2025-08-25,Grand Slam,Outdoor,Hard,1st Round,5,Boyer T.,Duckworth J.,113,106.0,546,584.0,6.0,3.0,7.0,5.0,6.0,4.0,,,,,3.0,0.0,Completed,2.1,1.73,2.07,1.83,2.1,1.8,2.04,1.76,2.2,1.82
ATP,2025,46,New York,US Open,2025-08-25,Grand Slam,Outdoor,Hard,1st Round,5,Khachanov K.,Basavareddy N.,9,104.0,3240,604.0,6.0,7.0,6.0,3.0,7.0,5.0,6.0,1.0,,,3.0,1.0,Completed,1.25,4.0,1.27,4.18,1.27,4.25,1.24,3.98,1.27,4.6
ATP,2025,46,New York,US Open,2025-08-25,Grand Slam,Outdoor,Hard,1st Round,5,Rublev A.,Prizmic D.,15,124.0,2610,514.0,6.0,4.0,6.0,4.0,6.0,4.0,,,,,3.0,0.0,Completed,1.29,3.75,1.3,3.89,1.3,3.75,1.28,3.63,1.31,4.1
ATP,2025,46,New York,US Open,2025-08-26,Grand Slam,Outdoor,Hard,1st Round,5,Ruud C.,Ofner S.,12,140.0,2905,453.0,6.0,1.0,6.0,2.0,7.0,6.0,,,,,3.0,0.0,Completed,1.22,4.33,1.25,4.37,1.28,4.33,1.23,4.09,1.27,4.6
ATP,2025,46,New York,US Open,2025-08-26,Grand Slam,Outdoor,Hard,1st Round,5,Diallo G.,Dzumhur D.,33,61.0,1388,933.0,7.0,6.0,4.0,6.0,7.0,5.0,7.0,5.0,,,3.0,1.0,Completed,1.29,3.75,1.28,4.02,1.35,3.8,1.28,3.62,1.31,4.1
ATP,2025,46,New York,US Open,2025-08-26,Grand Slam,Outdoor,Hard,1st Round,5,Alcaraz C.,Opelka R.,2,67.0,9590,895.0,6.0,4.0,7.0,5.0,6.0,4.0,,,,,3.0,0.0,Completed,1.04,13.0,1.05,14.58,1.06,17.0,1.05,10.44,1.05,17.5
ATP,2025,46,New York,US Open,2025-08-26,Grand Slam,Outdoor,Hard,1st Round,5,Shapovalov D.,Fucsovics M.,29,63.0,1748,916.0,6.0,4.0,6.0,4.0,6.0,0.0,,,,,3.0,0.0,Completed,1.8,2.0,1.93,1.96,1.9,2.0,1.84,1.94,1.97,2.02
ATP,2025,46,New York,US Open,2025-08-26,Grand Slam,Outdoor,Hard,1st Round,5,Cerundolo F.,Arnaldi M.,19,64.0,2135,915.0,3.0,6.0,2.0,6.0,7.0,5.0,6.0,4.0,6.0,3.0,3.0,2.0,Completed,1.73,2.1,1.75,2.19,1.82,2.2,1.72,2.11,1.79,2.22
ATP,2025,46,New York,US Open,2025-08-26,Grand Slam,Outdoor,Hard,1st Round,5,Musetti L.,Mpetshi G.,10,37.0,3205,1275.0,6.0,7.0,6.0,3.0,6.0,4.0,6.0,4.0,,,3.0,1.0,Completed,1.4,3.0,1.41,3.15,1.44,3.0,1.39,2.92,1.42,3.3
ATP,2025,46,New York,US Open,2025-08-26,Grand Slam,Outdoor,Hard,1st Round,5,Goffin D.,Halys Q.,80,70.0,784,873.0,6.0,7.0,6.0,4.0,6.0,3.0,7.0,5.0,,,3.0,1.0,Completed,2.5,1.53,2.69,1.52,2.6,1.57,2.48,1.53,2.56,1.63
ATP,2025,46,New York,US Open,2025-08-26,Grand Slam,Outdoor,Hard,1st Round,5,Bublik A.,Cilic M.,24,62.0,2055,922.0,6.0,4.0,6.0,1.0,6.0,4.0,,,,,3.0,0.0,Completed,1.44,2.75,1.45,2.95,1.5,2.8,1.44,2.71,1.5,2.94
ATP,2025,46,New York,US Open,2025-08-26,Grand Slam,Outdoor,Hard,1st Round,5,Riedi L.,Martinez P.,435,66.0,104,913.0,6.0,4.0,6.0,2.0,6.0,3.0,,,,,3.0,0.0,Completed,1.57,2.38,1.63,2.42,1.62,2.41,1.57,2.37,1.63,2.58
ATP,2025,46,New York,US Open,2025-08-26,Grand Slam,Outdoor,Hard,1st Round,5,Sinner J.,Kopriva V.,1,89.0,11480,732.0,6.0,1.0,6.0,1.0,6.0,2.0,,,,,3.0,0.0,Completed,1.0,51.0,,,1.02,51.0,1.01,27.37,1.01,80.0
ATP,2025,46,New York,US Open,2025-08-26,Grand Slam,Outdoor,Hard,1st Round,5,Royer V.,Bu Y.,98,74.0,643,841.0,6.0,1.0,6.0,4.0,7.0,6.0,,,,,3.0,0.0,Completed,2.38,1.57,2.47,1.6,2.5,1.62,2.35,1.57,2.46,1.67
ATP,2025,46,New York,US Open,2025-08-26,Grand Slam,Outdoor,Hard,1st Round,5,Popyrin A.,Ruusuvuori E.,36,752.0,1290,36.0,6.0,3.0,6.0,4.0,7.0,6.0,,,,,3.0,0.0,Completed,1.05,11.0,1.06,11.4,1.06,15.0,1.05,10.45,1.08,12.5
ATP,2025,46,New York,US Open,2025-08-26,Grand Slam,Outdoor,Hard,1st Round,5,Auger-Aliassime F.,Harris B.,27,151.0,1965,382.0,6.0,4.0,7.0,6.0,6.0,4.0,,,,,3.0,0.0,Completed,1.08,8.0,1.11,8.25,1.1,8.5,1.08,7.55,1.1,9.8
ATP,2025,46,New York,US Open,2025-08-26,Grand Slam,Outdoor,Hard,1st Round,5,Mochizuki S.,Gaston H.,112,125.0,550,513.0,6.0,4.0,6.0,3.0,6.0,4.0,,,,,3.0,0.0,Completed,1.57,2.38,1.59,2.5,1.63,2.75,1.54,2.44,1.65,2.52
ATP,2025,46,New York,US Open,2025-08-26,Grand Slam,Outdoor,Hard,1st Round,5,Altmaier D.,Medjedovic H.,56,57.0,952,950.0,7.0,5.0,6.0,7.0,7.0,6.0,6.0,7.0,6.0,4.0,3.0,2.0,Completed,3.5,1.3,3.53,1.34,4.0,1.33,3.51,1.29,3.85,1.34
ATP,2025,46,New York,US Open,2025-08-26,Grand Slam,Outdoor,Hard,1st Round,5,Schoolkate T.,Sonego L.,96,46.0,654,1090.0,6.0,3.0,7.0,6.0,1.0,6.0,1.0,6.0,7.0,6.0,3.0,2.0,Completed,3.4,1.36,3.22,1.39,3.4,1.45,3.07,1.36,3.35,1.41
ATP,2025,46,New York,US Open,2025-08-26,Grand Slam,Outdoor,Hard,1st Round,5,Tsitsipas S.,Muller A.,28,38.0,1790,1208.0,4.0,6.0,6.0,0.0,6.0,1.0,7.0,6.0,,,3.0,1.0,Completed,1.44,2.75,1.56,2.59,1.55,2.75,1.5,2.54,1.54,2.78
ATP,2025,46,New York,US Open,2025-08-26,Grand Slam,Outdoor,Hard,1st Round,5,De Minaur A.,O Connell C.,8,81.0,3545,784.0,6.0,3.0,6.0,4.0,6.0,4.0,,,,,3.0,0.0,Completed,1.04,13.0,1.05,14.54,1.06,15.0,1.04,11.02,1.05,20.0
ATP,2025,46,New York,US Open,2025-08-26,Grand Slam,Outdoor,Hard,1st Round,5,Borges N.,Holt B.,41,110.0,1145,554.0,6.0,4.0,6.0,2.0,6.0,3.0,,,,,3.0,0.0,Completed,1.36,3.2,1.36,3.37,1.42,3.2,1.37,3.02,1.42,3.3
ATP,2025,46,New York,US Open,2025-08-26,Grand Slam,Outdoor,Hard,1st Round,5,Safiullin R.,Monfils G.,94,49.0,676,1015.0,6.0,4.0,2.0,6.0,6.0,1.0,3.0,6.0,6.0,4.0,3.0,2.0,Completed,1.91,1.91,1.98,1.9,2.0,1.92,1.92,1.86,2.04,1.94
ATP,2025,46,New York,US Open,2025-08-27,Grand Slam,Outdoor,Hard,1st Round,5,Fearnley J.,Bautista Agut R.,60,47.0,939,1075.0,7.0,5.0,6.0,2.0,5.0,7.0,6.0,4.0,,,3.0,1.0,Completed,2.2,1.67,2.3,1.68,2.3,1.7,2.22,1.65,2.34,1.74
ATP,2025,46,New York,US Open,2025-08-27,Grand Slam,Outdoor,Hard,1st Round,5,Paul T.,Moller E.,14,109.0,2610,560.0,6.0,3.0,6.0,3.0,6.0,1.0,,,,,3.0,0.0,Completed,1.03,15.0,1.07,11.34,1.06,15.0,1.04,10.89,1.06,15.0
ATP,2025,46,New York,US Open,2025-08-27,Grand Slam,Outdoor,Hard,1st Round,5,Zverev A.,Tabilo A.,3,122.0,6230,517.0,6.0,2.0,7.0,6.0,6.0,4.0,,,,,3.0,0.0,Completed,1.03,17.0,,,1.04,17.0,1.03,14.1,1.04,22.0
ATP,2025,46,New York,US Open,2025-08-27,Grand Slam,Outdoor,Hard,2nd Round,5,Lehecka J.,Etcheverry T.,21,59.0,2115,940.0,3.0,6.0,6.0,0.0,6.0,2.0,6.0,4.0,,,3.0,1.0,Completed,1.25,4.0,1.28,4.08,1.27,4.33,1.25,3.86,1.28,4.4
ATP,2025,46,New York,US Open,2025-08-27,Grand Slam,Outdoor,Hard,2nd Round,5,Kym J.,Nakashima B.,175,31.0,309,1570.0,4.0,6.0,7.0,6.0,7.0,5.0,3.0,6.0,7.0,6.0,3.0,2.0,Completed,3.5,1.3,3.66,1.33,3.75,1.36,3.46,1.31,3.65,1.37
ATP,2025,46,New York,US Open,2025-08-27,Grand Slam,Outdoor,Hard,2nd Round,5,Djokovic N.,Svajda Z.,7,145.0,4130,421.0,6.0,7.0,6.0,3.0,6.0,3.0,6.0,1.0,,,3.0,1.0,Completed,1.05,11.0,1.09,9.74,1.08,13.0,1.05,9.92,1.06,15.0
ATP,2025,46,New York,US Open,2025-08-27,Grand Slam,Outdoor,Hard,2nd Round,5,Machac T.,Fonseca J.,22,45.0,2110,1095.0,7.0,6.0,6.0,2.0,6.0,3.0,,,,,3.0,0.0,Completed,2.0,1.8,1.83,2.09,2.05,1.88,1.99,1.8,2.1,1.89
ATP,2025,46,New York,US Open,2025-08-27,Grand Slam,Outdoor,Hard,2nd Round,5,Collignon R.,Ruud C.,107,12.0,583,2905.0,6.0,4.0,3.0,6.0,3.0,6.0,6.0,4.0,7.0,5.0,3.0,2.0,Completed,5.0,1.17,6.11,1.16,5.25,1.2,4.94,1.17,5.8,1.2
ATP,2025,46,New York,US Open,2025-08-27,Grand Slam,Outdoor,Hard,2nd Round,5,Bonzi B.,Giron M.,51,55.0,999,960.0,2.0,6.0,4.0,6.0,7.0,5.0,6.0,3.0,6.0,4.0,3.0,2.0,Completed,1.91,1.91,1.98,1.93,1.96,1.95,1.89,1.89,2.04,1.94
ATP,2025,46,New York,US Open,2025-08-27,Grand Slam,Outdoor,Hard,2nd Round,5,Fritz T.,Harris L.,4,353.0,5575,139.0,4.0,6.0,7.0,6.0,6.0,2.0,6.0,4.0,,,3.0,1.0,Completed,1.06,10.0,1.09,9.59,1.1,10.0,1.07,8.36,1.09,11.0
ATP,2025,46,New York,US Open,2025-08-27,Grand Slam,Outdoor,Hard,2nd Round,5,Norrie C.,Comesana F.,35,54.0,1297,962.0,7.0,6.0,6.0,3.0,6.0,7.0,7.0,6.0,,,3.0,1.0,Completed,1.5,2.63,1.54,2.67,1.55,2.63,1.5,2.57,1.54,2.82
ATP,2025,46,New York,US Open,2025-08-27,Grand Slam,Outdoor,Hard,2nd Round,5,Rinderknech A.,Davidovich Fokina A.,82,18.0,782,2185.0,6.0,4.0,3.0,6.0,2.0,6.0,6.0,2.0,6.0,3.0,3.0,2.0,Completed,5.0,1.17,5.24,1.19,5.25,1.21,4.65,1.19,5.5,1.21
ATP,2025,46,New York,US Open,2025-08-27,Grand Slam,Outdoor,Hard,2nd Round,5,Blanchet U.,Mensik J.,184,16.0,295,2430.0,6.0,7.0,7.0,6.0,3.0,6.0,6.0,4.0,7.0,6.0,3.0,2.0,Completed,4.5,1.2,4.9,1.21,5.0,1.22,4.62,1.19,5.5,1.21
ATP,2025,46,New York,US Open,2025-08-27,Grand Slam,Outdoor,Hard,2nd Round,5,Tiafoe F.,Damm M.,17,431.0,2340,106.0,6.0,4.0,7.0,5.0,6.0,7.0,7.0,5.0,,,3.0,1.0,Completed,1.13,6.0,1.15,6.24,1.17,7.0,1.12,6.13,1.15,7.0
ATP,2025,46,New York,US Open,2025-08-27,Grand Slam,Outdoor,Hard,2nd Round,5,Darderi L.,Spizzirri E.,34,127.0,1379,493.0,6.0,0.0,7.0,6.0,2.0,6.0,6.0,4.0,,,3.0,1.0,Completed,1.57,2.38,1.69,2.3,1.65,2.4,1.59,2.31,1.69,2.4
ATP,2025,46,New York,US Open,2025-08-27,Grand Slam,Outdoor,Hard,2nd Round,5,Mannarino A.,Thompson J.,77,58.0,811,945.0,6.0,4.0,6.0,7.0,6.0,3.0,6.0,3.0,,,3.0,1.0,Completed,1.53,2.5,1.57,2.58,1.63,2.6,1.53,2.48,1.58,2.68
ATP,2025,46,New York,US Open,2025-08-28,Grand Slam,Outdoor,Hard,2nd Round,5,Struff J.L.,Rune H.,144,11.0,428,3050.0,7.0,6.0,2.0,6.0,6.0,3.0,4.0,6.0,7.0,5.0,3.0,2.0,Completed,3.4,1.33,3.58,1.34,4.0,1.35,3.33,1.32,3.7,1.36
ATP,2025,46,New York,US Open,2025-08-28,Grand Slam,Outdoor,Hard,2nd Round,5,Alcaraz C.,Bellucci M.,2,65.0,9590,914.0,6.0,1.0,6.0,0.0,6.0,3.0,,,,,3.0,0.0,Completed,1.02,21.0,1.04,18.27,1.03,21.0,1.02,14.88,1.02,40.0
ATP,2025,46,New York,US Open,2025-08-28,Grand Slam,Outdoor,Hard,2nd Round,5,Shelton B.,Carreno Busta P.,6,137.0,4280,468.0,6.0,4.0,6.0,2.0,6.0,4.0,,,,,3.0,0.0,Completed,1.07,9.0,1.08,8.72,1.08,9.0,1.07,8.38,1.09,11.0
ATP,2025,46,New York,US Open,2025-08-28,Grand Slam,Outdoor,Hard,2nd Round,5,Bergs Z.,Draper J.,48,5.0,1039,4440.0,,,,,,,,,,,,,Walkover,4.5,1.2,5.77,1.18,5.5,1.2,4.85,1.17,4.9,1.24
ATP,2025,46,New York,US Open,2025-08-28,Grand Slam,Outdoor,Hard,2nd Round,5,Rublev A.,Boyer T.,15,113.0,2610,546.0,6.0,3.0,6.0,3.0,5.0,7.0,7.0,6.0,,,3.0,1.0,Completed,1.05,11.0,1.06,12.34,1.06,11.0,1.05,10.22,1.07,14.5
ATP,2025,46,New York,US Open,2025-08-28,Grand Slam,Outdoor,Hard,2nd Round,5,Musetti L.,Goffin D.,10,80.0,3205,784.0,6.0,4.0,6.0,0.0,6.0,2.0,,,,,3.0,0.0,Completed,1.14,5.5,1.16,6.28,1.17,6.0,1.14,5.49,1.17,6.6
ATP,2025,46,New York,US Open,2025-08-28,Grand Slam,Outdoor,Hard,2nd Round,5,Wong C.,Walton A.,173,85.0,315,763.0,7.0,6.0,6.0,2.0,4.0,6.0,6.0,4.0,,,3.0,1.0,Completed,2.38,1.57,2.41,1.64,3.2,1.62,2.42,1.56,2.52,1.64
ATP,2025,46,New York,US Open,2025-08-28,Grand Slam,Outdoor,Hard,2nd Round,5,Majchrzak K.,Khachanov K.,76,9.0,819,3240.0,2.0,6.0,6.0,7.0,6.0,4.0,7.0,5.0,7.0,6.0,3.0,2.0,Completed,4.5,1.2,4.84,1.22,4.75,1.21,4.45,1.2,5.4,1.22
ATP,2025,46,New York,US Open,2025-08-28,Grand Slam,Outdoor,Hard,2nd Round,5,Shapovalov D.,Royer V.,29,98.0,1748,643.0,7.0,6.0,3.0,6.0,7.0,6.0,6.0,3.0,,,3.0,1.0,Completed,1.36,3.2,1.36,3.43,1.36,3.4,1.34,3.19,1.4,3.45
ATP,2025,46,New York,US Open,2025-08-28,Grand Slam,Outdoor,Hard,2nd Round,5,Riedi L.,Cerundolo F.,435,19.0,104,2135.0,3.0,6.0,4.0,6.0,6.0,4.0,6.0,4.0,6.0,2.0,3.0,2.0,Completed,2.75,1.44,2.77,1.51,2.75,1.5,2.69,1.46,2.92,1.51
ATP,2025,46,New York,US Open,2025-08-28,Grand Slam,Outdoor,Hard,2nd Round,5,Cobolli F.,Brooksby J.,26,92.0,2040,687.0,5.0,7.0,6.0,3.0,6.0,4.0,2.0,6.0,7.0,6.0,3.0,2.0,Completed,1.62,2.3,1.61,2.48,1.62,2.4,1.58,2.33,1.69,2.44
ATP,2025,46,New York,US Open,2025-08-28,Grand Slam,Outdoor,Hard,2nd Round,5,Sinner J.,Popyrin A.,1,36.0,11480,1290.0,6.0,3.0,6.0,2.0,6.0,2.0,,,,,3.0,0.0,Completed,1.02,21.0,,,1.04,21.0,1.02,14.88,1.03,28.0
ATP,2025,46,New York,US Open,2025-08-28,Grand Slam,Outdoor,Hard,2nd Round,5,Munar J.,Diallo G.,44,33.0,1117,1388.0,7.0,5.0,6.0,3.0,7.0,5.0,,,,,3.0,0.0,Completed,1.91,1.91,1.81,2.13,1.91,1.98,1.86,1.91,1.96,2.04
ATP,2025,46,New York,US Open,2025-08-28,Grand Slam,Outdoor,Hard,2nd Round,5,Bublik A.,Schoolkate T.,24,96.0,2055,654.0,6.0,3.0,6.0,3.0,6.0,3.0,,,,,3.0,0.0,Completed,1.2,4.5,1.22,4.87,1.21,4.75,1.2,4.43,1.23,5.3
ATP,2025,46,New York,US Open,2025-08-29,Grand Slam,Outdoor,Hard,2nd Round,5,Zverev A.,Fearnley J.,3,60.0,6230,939.0,6.0,4.0,6.0,4.0,6.0,4.0,,,,,3.0,0.0,Completed,1.07,9.0,1.07,9.54,1.09,9.5,1.07,8.37,1.08,12.5
ATP,2025,46,New York,US Open,2025-08-29,Grand Slam,Outdoor,Hard,2nd Round,5,Altmaier D.,Tsitsipas S.,56,28.0,952,1790.0,7.0,6.0,1.0,6.0,4.0,6.0,6.0,3.0,7.0,5.0,3.0,2.0,Completed,3.5,1.3,3.79,1.32,3.75,1.36,3.47,1.3,3.8,1.35
ATP,2025,46,New York,US Open,2025-08-29,Grand Slam,Outdoor,Hard,2nd Round,5,Auger-Aliassime F.,Safiullin R.,27,94.0,1965,676.0,6.0,1.0,7.0,6.0,7.0,6.0,,,,,3.0,0.0,Completed,1.33,3.4,1.37,3.37,1.36,3.5,1.33,3.24,1.36,3.7
ATP,2025,46,New York,US Open,2025-08-29,Grand Slam,Outdoor,Hard,2nd Round,5,De Minaur A.,Mochizuki S.,8,112.0,3545,550.0,6.0,2.0,6.0,4.0,6.0,2.0,,,,,3.0,0.0,Completed,1.03,15.0,1.04,15.57,1.05,15.0,1.03,12.67,1.04,21.0
ATP,2025,46,New York,US Open,2025-08-29,Grand Slam,Outdoor,Hard,2nd Round,5,Paul T.,Borges N.,14,41.0,2610,1145.0,7.0,6.0,6.0,3.0,5.0,7.0,5.0,7.0,7.0,5.0,3.0,2.0,Completed,1.25,4.0,1.28,3.99,1.32,4.0,1.26,3.77,1.29,4.3
ATP,2025,46,New York,US Open,2025-08-29,Grand Slam,Outdoor,Hard,3rd Round,5,Lehecka J.,Collignon R.,21,107.0,2115,583.0,6.0,4.0,6.0,4.0,6.0,4.0,,,,,3.0,0.0,Completed,1.13,6.0,1.13,7.29,1.15,7.0,1.12,6.23,1.15,7.6
ATP,2025,46,New York,US Open,2025-08-29,Grand Slam,Outdoor,Hard,3rd Round,5,Rinderknech A.,Bonzi B.,82,51.0,782,999.0,4.0,6.0,6.0,3.0,6.0,3.0,6.0,2.0,,,3.0,1.0,Completed,2.0,1.8,2.01,1.9,2.02,1.95,1.96,1.82,2.08,1.92
ATP,2025,46,New York,US Open,2025-08-29,Grand Slam,Outdoor,Hard,3rd Round,5,Alcaraz C.,Darderi L.,2,34.0,9590,1379.0,6.0,2.0,6.0,4.0,6.0,0.0,,,,,3.0,0.0,Completed,1.01,26.0,,,1.03,26.0,1.02,16.9,1.01,50.0
ATP,2025,46,New York,US Open,2025-08-29,Grand Slam,Outdoor,Hard,3rd Round,5,Mannarino A.,Shelton B.,77,6.0,811,4280.0,3.0,6.0,6.0,3.0,4.0,6.0,6.0,4.0,,,2.0,2.0,Retired,5.5,1.14,6.34,1.16,7.0,1.18,5.61,1.14,7.2,1.15
ATP,2025,46,New York,US Open,2025-08-29,Grand Slam,Outdoor,Hard,3rd Round,5,Struff J.L.,Tiafoe F.,144,17.0,428,2340.0,6.0,4.0,6.0,3.0,7.0,6.0,,,,,3.0,0.0,Completed,3.2,1.36,3.33,1.38,3.35,1.4,3.21,1.34,3.25,1.43
ATP,2025,46,New York,US Open,2025-08-30,Grand Slam,Outdoor,Hard,3rd Round,5,Djokovic N.,Norrie C.,7,35.0,4130,1297.0,6.0,4.0,6.0,7.0,6.0,2.0,6.0,3.0,,,3.0,1.0,Completed,1.08,8.0,1.1,8.89,1.12,8.0,1.09,7.25,1.13,8.6
ATP,2025,46,New York,US Open,2025-08-30,Grand Slam,Outdoor,Hard,3rd Round,5,Machac T.,Blanchet U.,22,184.0,2110,295.0,7.0,5.0,6.0,3.0,6.0,1.0,,,,,3.0,0.0,Completed,1.14,5.5,1.17,5.96,1.22,6.0,1.15,5.24,1.18,6.2
ATP,2025,46,New York,US Open,2025-08-30,Grand Slam,Outdoor,Hard,3rd Round,5,Fritz T.,Kym J.,4,175.0,5575,309.0,7.0,6.0,6.0,7.0,6.0,4.0,6.0,4.0,,,3.0,1.0,Completed,1.06,10.0,1.08,10.63,1.08,10.0,1.06,9.26,1.08,12.5
ATP,2025,46,New York,US Open,2025-08-30,Grand Slam,Outdoor,Hard,3rd Round,5,Musetti L.,Cobolli F.,10,26.0,3205,2040.0,6.0,3.0,6.0,2.0,2.0,0.0,,,,,2.0,0.0,Retired,1.36,3.2,1.37,3.38,1.4,3.25,1.35,3.17,1.38,3.55
ATP,2025,46,New York,US Open,2025-08-30,Grand Slam,Outdoor,Hard,3rd Round,5,Munar J.,Bergs Z.,44,48.0,1117,1039.0,6.0,1.0,6.0,4.0,6.0,4.0,,,,,3.0,0.0,Completed,1.44,2.75,1.44,3.01,1.45,2.9,1.42,2.8,1.5,2.98
ATP,2025,46,New York,US Open,2025-08-30,Grand Slam,Outdoor,Hard,3rd Round,5,Sinner J.,Shapovalov D.,1,29.0,11480,1748.0,5.0,7.0,6.0,4.0,6.0,3.0,6.0,3.0,,,3.0,1.0,Completed,1.02,21.0,,,1.04,21.0,1.02,15.75,1.03,32.0
ATP,2025,46,New York,US Open,2025-08-30,Grand Slam,Outdoor,Hard,3rd Round,5,Rublev A.,Wong C.,15,173.0,2610,315.0,2.0,6.0,6.0,4.0,6.0,3.0,4.0,6.0,6.0,3.0,3.0,2.0,Completed,1.08,8.0,1.09,9.51,1.12,8.0,1.09,7.42,1.11,9.2
ATP,2025,46,New York,US Open,2025-08-30,Grand Slam,Outdoor,Hard,3rd Round,5,Riedi L.,Majchrzak K.,435,76.0,104,819.0,5.0,3.0,,,,,,,,,0.0,0.0,Retired,2.3,1.62,2.3,1.69,3.5,1.66,2.35,1.6,2.44,1.68
ATP,2025,46,New York,US Open,2025-08-30,Grand Slam,Outdoor,Hard,3rd Round,5,De Minaur A.,Altmaier D.,8,56.0,3545,952.0,6.0,7.0,6.0,3.0,6.0,4.0,2.0,0.0,,,2.0,1.0,Retired,1.05,11.0,1.05,14.48,1.06,12.0,1.05,10.3,1.07,15.0
ATP,2025,46,New York,US Open,2025-08-31,Grand Slam,Outdoor,Hard,3rd Round,5,Auger-Aliassime F.,Zverev A.,27,3.0,1965,6230.0,4.0,6.0,7.0,6.0,6.0,4.0,6.0,4.0,,,3.0,1.0,Completed,3.75,1.29,4.06,1.28,4.0,1.29,3.76,1.26,4.3,1.29
ATP,2025,46,New York,US Open,2025-08-31,Grand Slam,Outdoor,Hard,3rd Round,5,Bublik A.,Paul T.,24,14.0,2055,2610.0,7.0,6.0,6.0,7.0,6.0,3.0,6.0,7.0,6.0,1.0,3.0,2.0,Completed,1.91,1.91,1.92,1.99,1.95,2.1,1.88,1.9,1.98,2.0
ATP,2025,46,New York,US Open,2025-08-31,Grand Slam,Outdoor,Hard,4th Round,5,Lehecka J.,Mannarino A.,21,77.0,2115,811.0,7.0,6.0,6.0,4.0,2.0,6.0,6.0,2.0,,,3.0,1.0,Completed,1.33,3.4,1.37,3.42,1.36,3.4,1.33,3.25,1.38,3.55
ATP,2025,46,New York,US Open,2025-08-31,Grand Slam,Outdoor,Hard,4th Round,5,Alcaraz C.,Rinderknech A.,2,82.0,9590,782.0,7.0,6.0,6.0,3.0,6.0,4.0,,,,,3.0,0.0,Completed,1.01,23.0,,,1.03,23.0,1.02,16.67,1.02,46.0
ATP,2025,46,New York,US Open,2025-08-31,Grand Slam,Outdoor,Hard,4th Round,5,Fritz T.,Machac T.,4,22.0,5575,2110.0,6.0,4.0,6.0,3.0,6.0,3.0,,,,,3.0,0.0,Completed,1.36,3.2,1.39,3.29,1.4,3.2,1.36,3.07,1.39,3.5
ATP,2025,46,New York,US Open,2025-09-01,Grand Slam,Outdoor,Hard,4th Round,5,Djokovic N.,Struff J.L.,7,144.0,4130,428.0,6.0,3.0,6.0,3.0,6.0,2.0,,,,,3.0,0.0,Completed,1.14,5.5,1.17,5.55,1.17,5.75,1.15,5.43,1.18,6.4
ATP,2025,46,New York,US Open,2025-09-01,Grand Slam,Outdoor,Hard,4th Round,5,De Minaur A.,Riedi L.,8,435.0,3545,104.0,6.0,3.0,6.0,2.0,6.0,1.0,,,,,3.0,0.0,Completed,1.05,11.0,1.07,11.05,1.09,11.0,1.06,9.47,1.08,12.0
ATP,2025,46,New York,US Open,2025-09-01,Grand Slam,Outdoor,Hard,4th Round,5,Auger-Aliassime F.,Rublev A.,27,15.0,1965,2610.0,7.0,5.0,6.0,3.0,6.0,4.0,,,,,3.0,0.0,Completed,2.1,1.73,2.1,1.82,2.1,1.8,2.05,1.75,2.2,1.82
ATP,2025,46,New York,US Open,2025-09-01,Grand Slam,Outdoor,Hard,4th Round,5,Musetti L.,Munar J.,10,44.0,3205,1117.0,6.0,3.0,6.0,0.0,6.0,1.0,,,,,3.0,0.0,Completed,1.44,2.75,1.47,2.89,1.48,2.9,1.44,2.78,1.5,2.98
ATP,2025,46,New York,US Open,2025-09-02,Grand Slam,Outdoor,Hard,4th Round,5,Sinner J.,Bublik A.,1,24.0,11480,2055.0,6.0,1.0,6.0,1.0,6.0,1.0,,,,,3.0,0.0,Completed,1.08,8.0,1.09,8.96,1.12,8.5,1.09,7.59,1.12,9.2
ATP,2025,46,New York,US Open,2025-09-02,Grand Slam,Outdoor,Hard,Quarterfinals,5,Alcaraz C.,Lehecka J.,2,21.0,9590,2115.0,6.0,4.0,6.0,2.0,6.0,4.0,,,,,3.0,0.0,Completed,1.05,11.0,1.06,12.75,1.08,11.0,1.05,10.11,1.07,15.0
ATP,2025,46,New York,US Open,2025-09-03,Grand Slam,Outdoor,Hard,Quarterfinals,5,Djokovic N.,Fritz T.,7,4.0,4130,5575.0,6.0,3.0,7.0,5.0,3.0,6.0,6.0,4.0,,,3.0,1.0,Completed,1.44,2.75,1.53,2.69,1.48,2.88,1.45,2.76,1.51,2.94
ATP,2025,46,New York,US Open,2025-09-03,Grand Slam,Outdoor,Hard,Quarterfinals,5,Auger-Aliassime F.,De Minaur A.,27,8.0,1965,3545.0,4.0,6.0,7.0,6.0,7.0,5.0,7.0,6.0,,,3.0,1.0,Completed,2.2,1.67,2.36,1.67,2.3,1.82,2.23,1.66,2.36,1.73
ATP,2025,46,New York,US Open,2025-09-04,Grand Slam,Outdoor,Hard,Quarterfinals,5,Sinner J.,Musetti L.,1,10.0,11480,3205.0,6.0,1.0,6.0,4.0,6.0,2.0,,,,,3.0,0.0,Completed,1.03,15.0,1.05,16.01,1.05,17.0,1.04,12.69,1.05,17.5
ATP,2025,46,New York,US Open,2025-09-05,Grand Slam,Outdoor,Hard,Semifinals,5,Alcaraz C.,Djokovic N.,2,7.0,9590,4130.0,6.0,4.0,7.0,6.0,6.0,2.0,,,,,3.0,0.0,Completed,1.25,4.0,1.29,4.03,1.3,4.0,1.27,3.73,1.3,4.3
ATP,2025,46,New York,US Open,2025-09-06,Grand Slam,Outdoor,Hard,Semifinals,5,Sinner J.,Auger-Aliassime F.,1,27.0,11480,1965.0,6.0,1.0,3.0,6.0,6.0,3.0,6.0,4.0,,,3.0,1.0,Completed,1.03,17.0,1.05,15.13,1.05,17.0,1.03,13.38,1.04,22.0
ATP,2025,46,New York,US Open,2025-09-07,Grand Slam,Outdoor,Hard,The Final,5,Alcaraz C.,Sinner J.,2,1.0,9590,11480.0,6.0,2.0,3.0,6.0,6.0,1.0,6.0,4.0,,,3.0,1.0,Completed,2.15,1.75,2.12,1.81,2.15,1.83,2.09,1.75,2.24,1.79
