Tour,Year,ATP,Location,Tournament,Date,Series,Court,Surface,Round,Best of,Winner,Loser,WRank,LRank,WPts,LPts,W1,L1,W2,L2,W3,L3,W4,L4,W5,L5,Wsets,Lsets,Comment,B365W,B365L,EXW,EXL,LBW,LBL,PSW,PSL,SJW,SJL,MaxW,MaxL,AvgW,AvgL
ATP,2011,6,Melbourne,Australian Open,2011-01-17,Grand Slam,Outdoor,Hard,1st Round,5,Haase R.,Berlocq C.,62,67.0,823,725.0,6.0,4.0,6.0,3.0,7.0,6.0,,,,,3.0,0.0,Completed,1.1,6.5,1.15,5.0,1.14,5.0,1.13,7.12,1.17,4.5,1.17,7.12,1.13,5.65
ATP,2011,6,Melbourne,Australian Open,2011-01-17,Grand Slam,Outdoor,Hard,1st Round,5,Monfils G.,De Bakker T.,12,47.0,2560,950.0,6.0,7.0,2.0,6.0,7.0,5.0,6.0,2.0,6.0,1.0,3.0,2.0,Completed,1.14,5.0,1.2,4.25,1.22,4.0,1.19,5.39,1.2,4.0,1.22,8.0,1.18,4.69
ATP,2011,6,Melbourne,Australian Open,2011-01-17,Grand Slam,Outdoor,Hard,1st Round,5,Nishikori K.,Fognini F.,82,58.0,599,855.0,6.0,1.0,6.0,4.0,6.0,7.0,6.0,4.0,,,3.0,1.0,Completed,1.44,2.62,1.45,2.65,1.44,2.63,1.49,2.83,1.44,2.63,1.55,2.83,1.46,2.63
ATP,2011,6,Melbourne,Australian Open,2011-01-17,Grand Slam,Outdoor,Hard,1st Round,5,Kunitsyn I.,Przysiezny M.,99,84.0,551,596.0,6.0,7.0,6.0,4.0,6.0,4.0,7.0,6.0,,,3.0,1.0,Completed,2.1,1.66,2.0,1.75,2.1,1.67,2.16,1.78,2.2,1.62,2.23,1.8,2.06,1.72
ATP,2011,6,Melbourne,Australian Open,2011-01-17,Grand Slam,Outdoor,Hard,1st Round,5,Gil F.,Cuevas P.,91,64.0,571,790.0,6.0,4.0,6.0,7.0,4.0,6.0,6.0,3.0,9.0,7.0,3.0,2.0,Completed,3.0,1.36,2.8,1.4,2.75,1.4,3.39,1.37,2.88,1.36,3.5,1.44,3.04,1.36
ATP,2011,6,Melbourne,Australian Open,2011-01-17,Grand Slam,Outdoor,Hard,1st Round,5,Monaco J.,Greul S.,28,131.0,1480,424.0,7.0,6.0,7.0,6.0,6.0,2.0,,,,,3.0,0.0,Completed,,,,,,,,,1.5,2.63,1.5,3.5,1.38,3.07
ATP,2011,6,Melbourne,Australian Open,2011-01-17,Grand Slam,Outdoor,Hard,1st Round,5,Kubot L.,Querrey S.,72,18.0,670,1860.0,5.0,7.0,6.0,2.0,3.0,6.0,6.0,1.0,8.0,6.0,3.0,2.0,Completed,3.5,1.28,3.35,1.28,3.75,1.25,3.69,1.33,3.5,1.25,3.81,1.33,3.6,1.27
ATP,2011,6,Melbourne,Australian Open,2011-01-17,Grand Slam,Outdoor,Hard,1st Round,5,Stakhovsky S.,Brands D.,43,102.0,970,541.0,6.0,2.0,6.0,3.0,6.0,4.0,,,,,3.0,0.0,Completed,1.2,4.33,1.25,3.75,1.25,3.75,1.23,4.73,1.22,3.75,1.25,4.94,1.22,4.12
ATP,2011,6,Melbourne,Australian Open,2011-01-17,Grand Slam,Outdoor,Hard,1st Round,5,Fish M.,Hanescu V.,17,50.0,1921,925.0,2.0,6.0,4.0,6.0,6.0,3.0,7.0,5.0,6.0,3.0,3.0,2.0,Completed,1.3,3.4,1.3,3.3,1.33,3.25,1.35,3.52,1.5,2.63,1.5,3.63,1.33,3.22
ATP,2011,6,Melbourne,Australian Open,2011-01-17,Grand Slam,Outdoor,Hard,1st Round,5,Mayer F.,Davydenko N.,36,25.0,1143,1555.0,6.0,3.0,4.0,6.0,7.0,6.0,6.0,4.0,,,3.0,1.0,Completed,4.5,1.16,4.0,1.22,3.75,1.25,4.5,1.25,3.5,1.25,4.61,1.25,4.08,1.22
ATP,2011,6,Melbourne,Australian Open,2011-01-17,Grand Slam,Outdoor,Hard,1st Round,5,Mannarino A.,Harrison R.,74,172.0,669,313.0,6.0,4.0,6.0,3.0,6.0,4.0,,,,,3.0,0.0,Completed,1.53,2.37,1.6,2.25,1.57,2.25,1.56,2.62,1.53,2.38,1.62,2.62,1.57,2.34
ATP,2011,6,Melbourne,Australian Open,2011-01-17,Grand Slam,Outdoor,Hard,1st Round,5,Malisse X.,Andujar P.,45,70.0,956,683.0,6.0,1.0,6.0,2.0,7.0,6.0,,,,,3.0,0.0,Completed,1.06,8.0,1.11,6.0,1.1,6.5,1.08,9.65,1.1,6.0,1.11,9.65,1.08,7.21
ATP,2011,6,Melbourne,Australian Open,2011-01-17,Grand Slam,Outdoor,Hard,1st Round,5,Kohlschreiber P.,Kamke T.,35,65.0,1195,736.0,1.0,6.0,4.0,6.0,7.0,6.0,6.0,4.0,6.0,4.0,3.0,2.0,Completed,1.28,3.5,1.25,3.75,1.33,3.25,1.35,3.49,1.25,3.5,1.35,3.75,1.29,3.44
ATP,2011,6,Melbourne,Australian Open,2011-01-17,Grand Slam,Outdoor,Hard,1st Round,5,Federer R.,Lacko L.,2,97.0,9245,553.0,6.0,1.0,6.0,1.0,6.0,3.0,,,,,3.0,0.0,Completed,,21.0,1.01,15.0,1.01,17.0,1.01,41.0,1.01,15.0,1.02,43.0,1.01,19.75
ATP,2011,6,Melbourne,Australian Open,2011-01-17,Grand Slam,Outdoor,Hard,1st Round,5,Montanes A.,Brown D.,26,89.0,1495,573.0,6.0,4.0,6.0,2.0,3.0,6.0,2.0,6.0,7.0,5.0,3.0,2.0,Completed,1.28,3.5,1.3,3.35,1.33,3.25,1.29,4.01,1.29,3.25,1.33,4.01,1.3,3.41
ATP,2011,6,Melbourne,Australian Open,2011-01-17,Grand Slam,Outdoor,Hard,1st Round,5,Roddick A.,Hajek J.,8,96.0,3565,560.0,6.0,1.0,6.0,2.0,6.0,2.0,,,,,3.0,0.0,Completed,1.005,21.0,1.01,15.0,1.02,13.0,1.02,31.0,1.02,13.0,1.03,39.75,1.01,18.7
ATP,2011,6,Melbourne,Australian Open,2011-01-17,Grand Slam,Outdoor,Hard,1st Round,5,Andreev I.,Volandri F.,75,88.0,644,574.0,6.0,3.0,7.0,6.0,6.0,3.0,,,,,3.0,0.0,Completed,1.06,8.0,1.1,6.5,1.08,7.0,1.09,9.4,1.1,6.0,1.12,9.6,1.08,7.26
ATP,2011,6,Melbourne,Australian Open,2011-01-17,Grand Slam,Outdoor,Hard,1st Round,5,Mahut N.,Dabul B.,132,109.0,424,510.0,6.0,3.0,6.0,4.0,6.0,4.0,,,,,3.0,0.0,Completed,1.5,2.5,,,1.5,2.5,1.55,2.64,1.53,2.38,1.6,2.64,1.54,2.43
ATP,2011,6,Melbourne,Australian Open,2011-01-17,Grand Slam,Outdoor,Hard,1st Round,5,Dimitrov G.,Golubev A.,105,38.0,518,1135.0,6.0,1.0,6.0,4.0,6.0,2.0,,,,,3.0,0.0,Completed,1.83,1.83,1.85,1.85,1.91,1.8,1.93,1.97,1.83,1.83,2.0,2.0,1.88,1.86
ATP,2011,6,Melbourne,Australian Open,2011-01-17,Grand Slam,Outdoor,Hard,1st Round,5,Troicki V.,Tursunov D.,27,197.0,1490,263.0,6.0,2.0,3.0,6.0,6.0,2.0,6.0,0.0,,,3.0,1.0,Completed,1.12,5.5,1.15,5.0,1.14,5.0,1.17,5.98,1.13,5.5,1.19,5.98,1.14,5.35
ATP,2011,6,Melbourne,Australian Open,2011-01-17,Grand Slam,Outdoor,Hard,1st Round,5,Wawrinka S.,Gabashvili T.,19,78.0,1855,626.0,7.0,6.0,6.0,4.0,6.0,4.0,,,,,3.0,0.0,Completed,1.06,8.0,1.1,6.5,1.1,6.5,1.08,10.15,1.07,7.0,1.12,10.15,1.08,7.42
ATP,2011,6,Melbourne,Australian Open,2011-01-17,Grand Slam,Outdoor,Hard,1st Round,5,Robredo T.,Devvarman S.,52,108.0,890,514.0,7.0,6.0,6.0,3.0,6.0,4.0,,,,,3.0,0.0,Completed,1.16,4.5,1.2,4.25,1.22,4.0,1.25,4.42,1.17,4.5,1.25,5.0,1.2,4.4
ATP,2011,6,Melbourne,Australian Open,2011-01-17,Grand Slam,Outdoor,Hard,1st Round,5,Berdych T.,Crugnola M.,6,237.0,3955,200.0,6.0,4.0,6.0,0.0,6.0,2.0,,,,,3.0,0.0,Completed,1.02,12.0,1.02,12.0,1.04,9.0,1.03,20.0,1.03,11.0,1.04,21.0,1.03,13.13
ATP,2011,6,Melbourne,Australian Open,2011-01-17,Grand Slam,Outdoor,Hard,1st Round,5,Almagro N.,Robert S.,14,124.0,2160,460.0,6.0,4.0,6.0,3.0,6.0,7.0,7.0,5.0,,,3.0,1.0,Completed,1.1,6.5,1.1,6.5,1.13,5.5,1.16,6.2,1.1,6.0,1.16,6.75,1.12,5.98
ATP,2011,6,Melbourne,Australian Open,2011-01-17,Grand Slam,Outdoor,Hard,1st Round,5,Gasquet R.,Dancevic F.,33,267.0,1280,172.0,6.0,3.0,6.0,4.0,6.0,4.0,,,,,3.0,0.0,Completed,1.16,4.5,1.2,4.25,1.17,4.5,1.17,5.98,1.14,5.0,1.22,5.98,1.18,4.73
ATP,2011,6,Melbourne,Australian Open,2011-01-17,Grand Slam,Outdoor,Hard,1st Round,5,Simon G.,Lu Y.H.,34,37.0,1210,1141.0,6.0,7.0,6.0,2.0,6.0,4.0,6.0,2.0,,,3.0,1.0,Completed,1.1,6.5,1.15,5.0,1.14,5.0,1.11,8.26,1.13,5.5,1.15,8.26,1.11,6.15
ATP,2011,6,Melbourne,Australian Open,2011-01-17,Grand Slam,Outdoor,Hard,1st Round,5,Paire B.,Cipolla F.,145,248.0,366,190.0,6.0,1.0,7.0,5.0,6.0,1.0,,,,,3.0,0.0,Completed,2.5,1.5,2.35,1.55,2.25,1.57,2.58,1.57,2.38,1.53,2.75,1.61,2.41,1.54
ATP,2011,6,Melbourne,Australian Open,2011-01-17,Grand Slam,Outdoor,Hard,1st Round,5,Tipsarevic J.,Zverev M.,49,80.0,935,611.0,6.0,3.0,6.0,1.0,6.0,4.0,,,,,3.0,0.0,Completed,1.14,5.0,1.2,4.25,1.22,4.0,1.18,5.61,1.22,3.75,1.25,5.61,1.18,4.61
ATP,2011,6,Melbourne,Australian Open,2011-01-17,Grand Slam,Outdoor,Hard,1st Round,5,Ljubicic I.,Luczak P.,16,148.0,1965,361.0,6.0,3.0,6.0,3.0,7.0,6.0,,,,,3.0,0.0,Completed,1.33,3.25,1.33,3.1,1.29,3.5,1.41,3.19,1.29,3.25,1.41,3.6,1.32,3.25
ATP,2011,6,Melbourne,Australian Open,2011-01-17,Grand Slam,Outdoor,Hard,1st Round,5,Verdasco F.,Schuettler R.,9,83.0,3240,597.0,6.0,1.0,6.0,3.0,6.0,2.0,,,,,3.0,0.0,Completed,1.11,6.0,1.15,5.0,1.17,4.5,1.16,6.1,1.2,4.0,1.2,6.5,1.15,5.15
ATP,2011,6,Melbourne,Australian Open,2011-01-17,Grand Slam,Outdoor,Hard,1st Round,5,Dodig I.,Karlovic I.,81,73.0,606,670.0,6.0,4.0,3.0,6.0,6.0,7.0,6.0,4.0,6.0,4.0,3.0,2.0,Completed,2.75,1.4,2.8,1.4,2.63,1.44,2.87,1.48,2.63,1.44,2.98,1.5,2.69,1.45
ATP,2011,6,Melbourne,Australian Open,2011-01-17,Grand Slam,Outdoor,Hard,1st Round,5,Djokovic N.,Granollers M.,3,42.0,6240,993.0,6.0,1.0,6.0,3.0,6.0,1.0,,,,,3.0,0.0,Completed,1.01,15.0,1.02,12.0,1.02,11.0,1.02,22.73,1.03,10.0,1.03,37.45,1.02,15.22
ATP,2011,6,Melbourne,Australian Open,2011-01-18,Grand Slam,Outdoor,Hard,1st Round,5,Russell M.,Ebden M.,100,185.0,547,288.0,6.0,3.0,6.0,2.0,5.0,7.0,7.0,6.0,,,3.0,1.0,Completed,1.8,1.9,1.85,1.85,1.91,1.8,1.88,2.03,1.83,1.83,2.05,2.03,1.89,1.85
ATP,2011,6,Melbourne,Australian Open,2011-01-18,Grand Slam,Outdoor,Hard,1st Round,5,Schwank E.,Mayer L.,86,36.0,580,1143.0,6.0,2.0,6.0,0.0,6.0,4.0,,,,,3.0,0.0,Completed,1.66,2.1,1.68,2.1,1.67,2.1,1.88,2.03,1.83,1.83,1.88,2.2,1.72,2.06
ATP,2011,6,Melbourne,Australian Open,2011-01-18,Grand Slam,Outdoor,Hard,1st Round,5,Tomic B.,Chardy J.,199,44.0,251,960.0,6.0,3.0,6.0,2.0,7.0,6.0,,,,,3.0,0.0,Completed,1.8,1.9,1.85,1.9,1.83,1.83,1.91,2.01,1.73,2.0,1.91,2.1,1.8,1.94
ATP,2011,6,Melbourne,Australian Open,2011-01-18,Grand Slam,Outdoor,Hard,1st Round,5,Youzhny M.,Ilhan M.,10,87.0,2920,574.0,6.0,2.0,6.0,3.0,7.0,6.0,,,,,3.0,0.0,Completed,1.05,9.0,1.1,6.25,1.08,7.0,1.1,8.7,1.1,6.0,1.11,10.4,1.07,7.79
ATP,2011,6,Melbourne,Australian Open,2011-01-18,Grand Slam,Outdoor,Hard,1st Round,5,Garcia-Lopez G.,Berrer M.,32,61.0,1300,835.0,6.0,4.0,6.0,4.0,3.0,6.0,6.0,3.0,,,3.0,1.0,Completed,1.33,3.25,1.36,3.0,1.36,3.0,1.38,3.35,1.36,2.88,1.38,3.55,1.34,3.17
ATP,2011,6,Melbourne,Australian Open,2011-01-18,Grand Slam,Outdoor,Hard,1st Round,5,Lopez F.,Falla A.,31,103.0,1310,540.0,6.0,3.0,7.0,6.0,6.0,3.0,,,,,3.0,0.0,Completed,1.44,2.62,1.5,2.45,1.5,2.5,1.53,2.68,1.5,2.5,1.57,2.74,1.5,2.53
ATP,2011,6,Melbourne,Australian Open,2011-01-18,Grand Slam,Outdoor,Hard,1st Round,5,Kavcic B.,Anderson K.,98,56.0,552,868.0,2.0,6.0,6.0,4.0,7.0,6.0,7.0,6.0,,,3.0,1.0,Completed,3.0,1.36,2.8,1.4,2.75,1.4,3.39,1.38,2.88,1.36,3.39,1.45,3.02,1.36
ATP,2011,6,Melbourne,Australian Open,2011-01-18,Grand Slam,Outdoor,Hard,1st Round,5,Bellucci T.,Mello R.,30,77.0,1355,627.0,7.0,5.0,7.0,5.0,4.0,6.0,3.0,6.0,6.0,3.0,3.0,2.0,Completed,1.3,3.4,1.3,3.3,1.33,3.25,1.33,3.64,1.33,3.0,1.35,3.81,1.3,3.41
ATP,2011,6,Melbourne,Australian Open,2011-01-18,Grand Slam,Outdoor,Hard,1st Round,5,Nadal R.,Daniel M.,1,93.0,12390,564.0,6.0,0.0,5.0,0.0,,,,,,,1.0,0.0,Retired,1.002,34.0,1.01,15.0,1.0,34.0,1.01,71.0,1.01,17.0,1.01,91.5,1.01,30.3
ATP,2011,6,Melbourne,Australian Open,2011-01-18,Grand Slam,Outdoor,Hard,1st Round,5,Hernych J.,Istomin D.,241,41.0,196,1031.0,6.0,3.0,6.0,4.0,3.0,6.0,6.0,2.0,,,3.0,1.0,Completed,2.62,1.44,2.35,1.55,2.5,1.5,2.73,1.52,2.5,1.5,2.73,1.6,2.45,1.52
ATP,2011,6,Melbourne,Australian Open,2011-01-18,Grand Slam,Outdoor,Hard,1st Round,5,Cilic M.,Young D.,15,129.0,2140,435.0,6.0,3.0,6.0,2.0,6.0,1.0,,,,,3.0,0.0,Completed,1.22,4.0,1.3,3.3,1.25,3.75,1.28,4.16,1.29,3.25,1.33,4.2,1.26,3.75
ATP,2011,6,Melbourne,Australian Open,2011-01-18,Grand Slam,Outdoor,Hard,1st Round,5,Melzer J.,Millot V.,11,160.0,2785,334.0,6.0,2.0,6.0,4.0,6.0,2.0,,,,,3.0,0.0,Completed,1.05,9.0,1.05,8.0,1.08,7.0,1.07,11.25,1.07,7.0,1.1,12.46,1.06,8.61
ATP,2011,6,Melbourne,Australian Open,2011-01-18,Grand Slam,Outdoor,Hard,1st Round,5,Dolgopolov O.,Kukushkin M.,46,63.0,953,815.0,6.0,3.0,6.0,2.0,6.0,4.0,,,,,3.0,0.0,Completed,1.38,2.87,1.4,2.8,1.4,2.75,1.49,2.82,1.36,2.88,1.49,3.05,1.4,2.83
ATP,2011,6,Melbourne,Australian Open,2011-01-18,Grand Slam,Outdoor,Hard,1st Round,5,Riba P.,Ball C.,71,158.0,672,344.0,1.0,6.0,7.0,6.0,6.0,2.0,2.0,6.0,6.0,4.0,3.0,2.0,Completed,2.25,1.57,2.35,1.55,2.25,1.57,2.45,1.63,2.38,1.53,2.45,1.67,2.3,1.59
ATP,2011,6,Melbourne,Australian Open,2011-01-18,Grand Slam,Outdoor,Hard,1st Round,5,Ferrer D.,Nieminen J.,7,40.0,3895,1062.0,6.0,4.0,6.0,3.0,1.0,6.0,6.0,2.0,,,3.0,1.0,Completed,1.12,5.5,1.18,4.43,1.17,4.5,1.16,6.09,1.18,4.5,1.19,6.09,1.16,5.0
ATP,2011,6,Melbourne,Australian Open,2011-01-18,Grand Slam,Outdoor,Hard,1st Round,5,Giraldo S.,Machado R.,59,90.0,850,573.0,6.0,4.0,6.0,3.0,5.0,7.0,6.0,1.0,,,3.0,1.0,Completed,1.1,6.5,1.13,5.5,1.14,5.0,1.11,8.1,1.13,5.5,1.16,8.1,1.12,5.99
ATP,2011,6,Melbourne,Australian Open,2011-01-18,Grand Slam,Outdoor,Hard,1st Round,5,Del Potro J.M.,Sela D.,236,92.0,200,568.0,7.0,6.0,6.0,4.0,6.0,4.0,,,,,3.0,0.0,Completed,1.36,3.0,1.4,2.8,1.36,3.0,1.43,3.1,1.33,3.25,1.43,3.3,1.37,2.99
ATP,2011,6,Melbourne,Australian Open,2011-01-18,Grand Slam,Outdoor,Hard,1st Round,5,Sweeting R.,Gimeno-Traver D.,116,60.0,486,844.0,6.0,4.0,6.0,4.0,6.0,1.0,,,,,3.0,0.0,Completed,1.66,2.1,1.65,2.15,1.67,2.1,1.83,2.11,1.73,2.0,1.83,2.25,1.69,2.1
ATP,2011,6,Melbourne,Australian Open,2011-01-18,Grand Slam,Outdoor,Hard,1st Round,5,Murray A.,Beck K.,5,101.0,5760,543.0,6.0,3.0,6.0,1.0,4.0,2.0,,,,,2.0,0.0,Retired,,21.0,1.01,15.0,1.01,17.0,1.01,51.0,1.02,13.0,1.02,72.0,1.01,22.05
ATP,2011,6,Melbourne,Australian Open,2011-01-18,Grand Slam,Outdoor,Hard,1st Round,5,Marchenko I.,Ramirez-Hidalgo R.,79,76.0,624,638.0,6.0,3.0,6.0,4.0,6.0,1.0,,,,,3.0,0.0,Completed,1.14,5.0,1.22,4.0,1.22,4.0,1.19,5.42,1.17,5.0,1.22,5.58,1.18,4.67
ATP,2011,6,Melbourne,Australian Open,2011-01-18,Grand Slam,Outdoor,Hard,1st Round,5,Muller G.,Stadler S.,122,288.0,466,155.0,6.0,3.0,7.0,6.0,6.0,4.0,,,,,3.0,0.0,Completed,1.4,2.75,1.35,3.0,1.4,2.75,1.42,3.1,1.33,3.0,1.45,3.1,1.39,2.88
ATP,2011,6,Melbourne,Australian Open,2011-01-18,Grand Slam,Outdoor,Hard,1st Round,5,Isner J.,Serra F.,20,69.0,1645,711.0,6.0,3.0,7.0,6.0,6.0,3.0,,,,,3.0,0.0,Completed,1.22,4.0,1.2,4.25,1.22,4.0,1.25,4.46,1.2,4.0,1.26,4.63,1.21,4.11
ATP,2011,6,Melbourne,Australian Open,2011-01-18,Grand Slam,Outdoor,Hard,1st Round,5,Baghdatis M.,Zemlja G.,22,141.0,1580,376.0,3.0,6.0,7.0,5.0,6.0,1.0,4.0,6.0,6.0,2.0,3.0,2.0,Completed,1.11,6.0,1.15,5.0,1.17,4.5,1.13,7.55,1.17,5.0,1.18,7.55,1.13,5.66
ATP,2011,6,Melbourne,Australian Open,2011-01-18,Grand Slam,Outdoor,Hard,1st Round,5,Becker B.,Gulbis E.,55,23.0,870,1575.0,7.0,6.0,6.0,2.0,6.0,4.0,,,,,3.0,0.0,Completed,2.75,1.4,3.0,1.35,2.75,1.4,2.99,1.45,2.88,1.36,3.0,1.5,2.81,1.41
ATP,2011,6,Melbourne,Australian Open,2011-01-18,Grand Slam,Outdoor,Hard,1st Round,5,Stepanek R.,Gremelmayr D.,66,120.0,735,469.0,6.0,3.0,6.0,2.0,6.0,3.0,,,,,3.0,0.0,Completed,1.11,6.0,1.17,4.65,1.17,4.5,1.16,6.16,1.13,5.5,1.17,6.41,1.14,5.46
ATP,2011,6,Melbourne,Australian Open,2011-01-18,Grand Slam,Outdoor,Hard,1st Round,5,Soderling R.,Starace P.,4,48.0,5785,945.0,6.0,4.0,6.0,2.0,6.0,2.0,,,,,3.0,0.0,Completed,1.01,15.0,1.03,10.0,1.03,10.0,1.02,26.0,1.02,11.0,1.03,32.85,1.02,15.08
ATP,2011,6,Melbourne,Australian Open,2011-01-18,Grand Slam,Outdoor,Hard,1st Round,5,Raonic M.,Phau B.,152,85.0,351,581.0,7.0,6.0,6.0,3.0,7.0,6.0,,,,,3.0,0.0,Completed,1.53,2.37,1.6,2.25,1.67,2.1,1.56,2.6,1.53,2.38,1.72,2.6,1.61,2.27
ATP,2011,6,Melbourne,Australian Open,2011-01-18,Grand Slam,Outdoor,Hard,1st Round,5,Berankis R.,Matosevic M.,95,138.0,560,380.0,6.0,4.0,6.0,2.0,7.0,5.0,,,,,3.0,0.0,Completed,1.28,3.5,1.35,3.0,1.36,3.0,1.34,3.56,1.36,2.88,1.36,3.61,1.32,3.27
ATP,2011,6,Melbourne,Australian Open,2011-01-18,Grand Slam,Outdoor,Hard,1st Round,5,Seppi A.,Clement A.,51,113.0,900,497.0,3.0,6.0,2.0,6.0,7.0,5.0,6.0,3.0,6.0,2.0,3.0,2.0,Completed,1.5,2.5,1.45,2.6,1.53,2.38,1.44,3.03,1.53,2.38,1.53,3.03,1.47,2.63
ATP,2011,6,Melbourne,Australian Open,2011-01-18,Grand Slam,Outdoor,Hard,1st Round,5,Llodra M.,Chela J.I.,24,39.0,1575,1070.0,6.0,3.0,3.0,6.0,6.0,2.0,6.0,4.0,,,3.0,1.0,Completed,2.0,1.72,2.1,1.68,2.0,1.73,2.1,1.81,2.0,1.73,2.2,1.9,1.99,1.77
ATP,2011,6,Melbourne,Australian Open,2011-01-18,Grand Slam,Outdoor,Hard,1st Round,5,Tsonga J.W.,Petzschner P.,13,57.0,2345,859.0,4.0,6.0,2.0,6.0,6.0,2.0,6.0,3.0,6.0,4.0,3.0,2.0,Completed,1.08,7.0,1.11,6.0,1.13,5.5,1.14,6.73,1.13,5.5,1.14,7.0,1.11,6.13
ATP,2011,6,Melbourne,Australian Open,2011-01-18,Grand Slam,Outdoor,Hard,1st Round,5,Nalbandian D.,Hewitt L.,21,54.0,1610,870.0,3.0,6.0,6.0,4.0,3.0,6.0,7.0,6.0,9.0,7.0,3.0,2.0,Completed,1.66,2.1,1.7,2.08,1.67,2.1,1.74,2.22,2.0,1.8,2.05,2.32,1.71,2.07
ATP,2011,6,Melbourne,Australian Open,2011-01-19,Grand Slam,Outdoor,Hard,2nd Round,5,Nishikori K.,Mayer F.,82,36.0,599,1143.0,6.0,4.0,6.0,3.0,0.0,6.0,6.0,3.0,,,3.0,1.0,Completed,2.75,1.4,2.6,1.45,2.63,1.44,2.86,1.48,2.5,1.5,2.93,1.5,2.68,1.44
ATP,2011,6,Melbourne,Australian Open,2011-01-19,Grand Slam,Outdoor,Hard,2nd Round,5,Berdych T.,Kohlschreiber P.,6,35.0,3955,1195.0,4.0,6.0,6.0,2.0,6.0,3.0,6.0,4.0,,,3.0,1.0,Completed,1.22,4.0,1.3,3.3,1.29,3.5,1.29,4.05,1.25,3.5,1.3,4.4,1.26,3.66
ATP,2011,6,Melbourne,Australian Open,2011-01-19,Grand Slam,Outdoor,Hard,2nd Round,5,Robredo T.,Fish M.,52,17.0,890,1921.0,1.0,6.0,6.0,3.0,6.0,3.0,6.0,3.0,,,3.0,1.0,Completed,1.8,1.9,1.8,1.95,1.83,1.83,1.87,2.05,1.8,1.91,1.92,2.06,1.83,1.91
ATP,2011,6,Melbourne,Australian Open,2011-01-19,Grand Slam,Outdoor,Hard,2nd Round,5,Stakhovsky S.,Kubot L.,43,72.0,970,670.0,6.0,3.0,6.0,4.0,6.0,4.0,,,,,3.0,0.0,Completed,1.53,2.37,1.55,2.35,1.57,2.25,1.65,2.39,1.53,2.38,1.68,2.55,1.59,2.3
ATP,2011,6,Melbourne,Australian Open,2011-01-19,Grand Slam,Outdoor,Hard,2nd Round,5,Roddick A.,Kunitsyn I.,8,99.0,3565,551.0,7.0,6.0,6.0,2.0,6.0,3.0,,,,,3.0,0.0,Completed,1.01,15.0,1.01,11.5,1.03,10.0,1.02,26.0,1.02,13.0,1.05,34.0,1.02,15.77
ATP,2011,6,Melbourne,Australian Open,2011-01-19,Grand Slam,Outdoor,Hard,2nd Round,5,Verdasco F.,Tipsarevic J.,9,49.0,3240,935.0,2.0,6.0,4.0,6.0,6.0,4.0,7.0,6.0,6.0,0.0,3.0,2.0,Completed,1.44,2.62,1.55,2.35,1.5,2.5,1.53,2.7,1.5,2.5,1.6,2.72,1.51,2.47
ATP,2011,6,Melbourne,Australian Open,2011-01-19,Grand Slam,Outdoor,Hard,2nd Round,5,Ljubicic I.,Paire B.,16,145.0,1965,366.0,6.0,3.0,6.0,7.0,6.0,4.0,7.0,6.0,,,3.0,1.0,Completed,1.12,5.5,1.18,4.5,1.17,4.5,1.16,6.27,1.14,5.0,1.19,6.27,1.15,5.19
ATP,2011,6,Melbourne,Australian Open,2011-01-19,Grand Slam,Outdoor,Hard,2nd Round,5,Gasquet R.,Mannarino A.,33,74.0,1280,669.0,6.0,3.0,7.0,6.0,6.0,4.0,,,,,3.0,0.0,Completed,1.2,4.33,1.22,4.0,1.25,3.75,1.23,4.77,1.2,4.0,1.26,4.9,1.22,4.12
ATP,2011,6,Melbourne,Australian Open,2011-01-19,Grand Slam,Outdoor,Hard,2nd Round,5,Haase R.,Monaco J.,62,28.0,823,1480.0,6.0,4.0,6.0,4.0,3.0,6.0,6.0,2.0,,,3.0,1.0,Completed,1.8,1.9,1.8,1.95,1.83,1.83,1.88,2.02,1.8,1.91,1.95,2.08,1.81,1.94
ATP,2011,6,Melbourne,Australian Open,2011-01-19,Grand Slam,Outdoor,Hard,2nd Round,5,Almagro N.,Andreev I.,14,75.0,2160,644.0,7.0,5.0,2.0,6.0,4.0,6.0,7.0,6.0,7.0,5.0,3.0,2.0,Completed,1.44,2.62,1.5,2.5,1.5,2.5,1.48,2.85,1.44,2.63,1.53,2.9,1.47,2.62
ATP,2011,6,Melbourne,Australian Open,2011-01-19,Grand Slam,Outdoor,Hard,2nd Round,5,Malisse X.,Montanes A.,45,26.0,956,1495.0,6.0,4.0,6.0,0.0,6.0,1.0,,,,,3.0,0.0,Completed,1.36,3.0,1.4,2.8,1.36,3.0,1.52,2.73,1.36,2.88,1.52,3.0,1.4,2.84
ATP,2011,6,Melbourne,Australian Open,2011-01-19,Grand Slam,Outdoor,Hard,2nd Round,5,Troicki V.,Mahut N.,27,132.0,1490,424.0,6.0,4.0,6.0,2.0,1.0,6.0,6.0,3.0,,,3.0,1.0,Completed,1.12,5.5,1.16,4.75,1.17,4.5,1.16,6.23,1.14,5.0,1.22,6.23,1.16,5.15
ATP,2011,6,Melbourne,Australian Open,2011-01-19,Grand Slam,Outdoor,Hard,2nd Round,5,Wawrinka S.,Dimitrov G.,19,105.0,1855,518.0,7.0,5.0,6.0,3.0,6.0,3.0,,,,,3.0,0.0,Completed,1.28,3.5,1.3,3.35,1.29,3.5,1.3,3.93,1.25,3.5,1.38,3.93,1.29,3.45
ATP,2011,6,Melbourne,Australian Open,2011-01-19,Grand Slam,Outdoor,Hard,2nd Round,5,Djokovic N.,Dodig I.,3,81.0,6240,606.0,7.0,5.0,6.0,7.0,6.0,0.0,6.0,2.0,,,3.0,1.0,Completed,1.01,15.0,1.01,15.0,1.02,11.0,1.01,41.0,1.03,10.0,1.03,41.0,1.02,17.44
ATP,2011,6,Melbourne,Australian Open,2011-01-19,Grand Slam,Outdoor,Hard,2nd Round,5,Monfils G.,Gil F.,12,91.0,2560,571.0,6.0,4.0,6.0,3.0,1.0,6.0,6.0,2.0,,,3.0,1.0,Completed,1.05,9.0,1.07,7.75,1.08,7.0,1.08,9.65,1.08,6.5,1.08,12.0,1.06,8.31
ATP,2011,6,Melbourne,Australian Open,2011-01-19,Grand Slam,Outdoor,Hard,2nd Round,5,Federer R.,Simon G.,2,34.0,9245,1210.0,6.0,2.0,6.0,3.0,4.0,6.0,4.0,6.0,6.0,3.0,3.0,2.0,Completed,1.04,10.0,1.05,8.0,1.04,9.0,1.05,14.0,1.05,8.0,1.06,15.03,1.04,10.21
ATP,2011,6,Melbourne,Australian Open,2011-01-20,Grand Slam,Outdoor,Hard,2nd Round,5,Dolgopolov O.,Becker B.,46,55.0,953,870.0,6.0,3.0,6.0,0.0,3.0,6.0,7.0,6.0,,,3.0,1.0,Completed,1.5,2.5,1.55,2.35,1.5,2.5,1.62,2.44,1.53,2.38,1.65,2.53,1.55,2.39
ATP,2011,6,Melbourne,Australian Open,2011-01-20,Grand Slam,Outdoor,Hard,2nd Round,5,Raonic M.,Llodra M.,152,24.0,351,1575.0,7.0,6.0,6.0,3.0,7.0,6.0,,,,,3.0,0.0,Completed,2.5,1.5,2.6,1.45,2.5,1.5,2.49,1.61,2.5,1.5,2.65,1.61,2.48,1.52
ATP,2011,6,Melbourne,Australian Open,2011-01-20,Grand Slam,Outdoor,Hard,2nd Round,5,Nadal R.,Sweeting R.,1,116.0,12390,486.0,6.0,2.0,6.0,1.0,6.0,1.0,,,,,3.0,0.0,Completed,1.005,21.0,1.01,40.0,1.01,21.0,1.01,41.0,1.01,15.0,1.02,50.0,1.01,23.75
ATP,2011,6,Melbourne,Australian Open,2011-01-20,Grand Slam,Outdoor,Hard,2nd Round,5,Youzhny M.,Kavcic B.,10,98.0,2920,552.0,6.0,3.0,6.0,1.0,5.0,7.0,4.0,6.0,6.0,1.0,3.0,2.0,Completed,1.11,6.0,1.16,4.75,1.14,5.0,1.14,6.62,1.14,5.0,1.17,6.62,1.14,5.33
ATP,2011,6,Melbourne,Australian Open,2011-01-20,Grand Slam,Outdoor,Hard,2nd Round,5,Tomic B.,Lopez F.,199,31.0,251,1310.0,7.0,6.0,7.0,6.0,6.0,3.0,,,,,3.0,0.0,Completed,2.25,1.57,2.15,1.65,2.1,1.67,2.39,1.65,2.1,1.67,2.39,1.73,2.15,1.66
ATP,2011,6,Melbourne,Australian Open,2011-01-20,Grand Slam,Outdoor,Hard,2nd Round,5,Garcia-Lopez G.,Schwank E.,32,86.0,1300,580.0,6.0,4.0,7.0,6.0,6.0,1.0,,,,,3.0,0.0,Completed,1.14,5.0,1.18,4.5,1.2,4.33,1.22,4.83,1.17,4.5,1.23,5.2,1.18,4.63
ATP,2011,6,Melbourne,Australian Open,2011-01-20,Grand Slam,Outdoor,Hard,2nd Round,5,Hernych J.,Bellucci T.,241,30.0,196,1355.0,6.0,2.0,6.0,7.0,6.0,4.0,6.0,7.0,8.0,6.0,3.0,2.0,Completed,3.25,1.33,3.0,1.35,3.25,1.33,3.05,1.43,3.25,1.29,3.25,1.43,3.05,1.35
ATP,2011,6,Melbourne,Australian Open,2011-01-20,Grand Slam,Outdoor,Hard,2nd Round,5,Cilic M.,Giraldo S.,15,59.0,2140,850.0,6.0,3.0,7.0,6.0,6.0,1.0,,,,,3.0,0.0,Completed,1.33,3.25,1.35,3.0,1.33,3.25,1.33,3.64,1.4,2.75,1.42,3.64,1.34,3.11
ATP,2011,6,Melbourne,Australian Open,2011-01-20,Grand Slam,Outdoor,Hard,2nd Round,5,Tsonga J.W.,Seppi A.,13,51.0,2345,900.0,6.0,3.0,7.0,6.0,7.0,6.0,,,,,3.0,0.0,Completed,1.16,4.5,1.22,4.0,1.22,4.0,1.27,4.26,1.22,3.75,1.27,4.6,1.22,4.11
ATP,2011,6,Melbourne,Australian Open,2011-01-20,Grand Slam,Outdoor,Hard,2nd Round,5,Ferrer D.,Russell M.,7,100.0,3895,547.0,6.0,0.0,6.0,1.0,7.0,5.0,,,,,3.0,0.0,Completed,1.01,13.0,1.03,10.0,1.03,10.0,1.03,17.5,1.05,8.0,1.05,19.5,1.03,12.24
ATP,2011,6,Melbourne,Australian Open,2011-01-20,Grand Slam,Outdoor,Hard,2nd Round,5,Isner J.,Stepanek R.,20,66.0,1645,735.0,4.0,6.0,6.0,4.0,6.0,2.0,6.0,1.0,,,3.0,1.0,Completed,2.2,1.61,2.11,1.68,2.0,1.73,2.43,1.63,2.1,1.67,2.43,1.75,2.14,1.67
ATP,2011,6,Melbourne,Australian Open,2011-01-20,Grand Slam,Outdoor,Hard,2nd Round,5,Melzer J.,Riba P.,11,71.0,2785,672.0,6.0,2.0,6.0,4.0,6.0,2.0,,,,,3.0,0.0,Completed,1.03,11.0,1.06,8.0,1.05,8.5,1.06,12.0,1.04,9.0,1.06,14.0,1.04,10.3
ATP,2011,6,Melbourne,Australian Open,2011-01-20,Grand Slam,Outdoor,Hard,2nd Round,5,Soderling R.,Muller G.,4,122.0,5785,466.0,6.0,3.0,7.0,6.0,6.0,1.0,,,,,3.0,0.0,Completed,1.01,15.0,1.03,11.22,1.03,10.0,1.03,20.0,1.01,19.0,1.03,30.25,1.02,14.84
ATP,2011,6,Melbourne,Australian Open,2011-01-20,Grand Slam,Outdoor,Hard,2nd Round,5,Berankis R.,Nalbandian D.,95,21.0,560,1610.0,6.0,1.0,6.0,0.0,2.0,0.0,,,,,2.0,0.0,Retired,4.0,1.22,3.75,1.25,4.0,1.22,4.81,1.22,3.75,1.22,5.0,1.27,4.0,1.23
ATP,2011,6,Melbourne,Australian Open,2011-01-20,Grand Slam,Outdoor,Hard,2nd Round,5,Murray A.,Marchenko I.,5,79.0,5760,624.0,6.0,1.0,6.0,3.0,6.0,3.0,,,,,3.0,0.0,Completed,,21.0,1.01,15.0,1.02,11.0,1.02,31.0,1.03,11.0,1.03,33.0,1.02,16.02
ATP,2011,6,Melbourne,Australian Open,2011-01-20,Grand Slam,Outdoor,Hard,2nd Round,5,Baghdatis M.,Del Potro J.M.,22,236.0,1580,200.0,6.0,1.0,6.0,3.0,4.0,6.0,6.0,3.0,,,3.0,1.0,Completed,2.25,1.66,2.1,1.67,2.2,1.62,2.38,1.65,2.2,1.67,2.5,1.75,2.23,1.63
ATP,2011,6,Melbourne,Australian Open,2011-01-21,Grand Slam,Outdoor,Hard,3rd Round,5,Almagro N.,Ljubicic I.,14,16.0,2160,1965.0,6.0,4.0,7.0,6.0,6.0,3.0,,,,,3.0,0.0,Completed,1.83,1.83,1.95,1.8,1.91,1.8,1.96,1.96,1.91,1.8,1.97,1.98,1.85,1.88
ATP,2011,6,Melbourne,Australian Open,2011-01-21,Grand Slam,Outdoor,Hard,3rd Round,5,Djokovic N.,Troicki V.,3,27.0,6240,1490.0,6.0,2.0,,,,,,,,,1.0,0.0,Retired,1.08,7.0,1.13,5.3,1.13,5.5,1.14,6.99,1.17,5.0,1.17,7.05,1.12,5.88
ATP,2011,6,Melbourne,Australian Open,2011-01-21,Grand Slam,Outdoor,Hard,3rd Round,5,Roddick A.,Haase R.,8,62.0,3565,823.0,2.0,6.0,7.0,6.0,6.0,2.0,6.0,2.0,,,3.0,1.0,Completed,1.1,6.5,1.11,5.92,1.13,5.5,1.15,6.77,1.14,5.5,1.18,7.0,1.13,5.66
ATP,2011,6,Melbourne,Australian Open,2011-01-21,Grand Slam,Outdoor,Hard,3rd Round,5,Robredo T.,Stakhovsky S.,52,43.0,890,970.0,5.0,7.0,6.0,2.0,6.0,4.0,6.0,2.0,,,3.0,1.0,Completed,2.2,1.61,2.15,1.65,2.1,1.67,2.24,1.75,2.0,1.73,2.3,1.76,2.14,1.67
ATP,2011,6,Melbourne,Australian Open,2011-01-21,Grand Slam,Outdoor,Hard,3rd Round,5,Berdych T.,Gasquet R.,6,33.0,3955,1280.0,6.0,2.0,7.0,6.0,6.0,2.0,,,,,3.0,0.0,Completed,1.38,2.87,1.4,2.8,1.4,2.75,1.52,2.78,1.4,2.88,1.53,2.95,1.42,2.76
ATP,2011,6,Melbourne,Australian Open,2011-01-21,Grand Slam,Outdoor,Hard,3rd Round,5,Federer R.,Malisse X.,2,45.0,9245,956.0,6.0,3.0,6.0,3.0,6.0,1.0,,,,,3.0,0.0,Completed,1.01,15.0,1.01,20.0,1.02,11.0,1.03,21.0,1.03,11.0,1.05,24.8,1.02,14.03
ATP,2011,6,Melbourne,Australian Open,2011-01-21,Grand Slam,Outdoor,Hard,3rd Round,5,Wawrinka S.,Monfils G.,19,12.0,1855,2560.0,7.0,6.0,6.0,2.0,6.0,3.0,,,,,3.0,0.0,Completed,1.57,2.25,1.68,2.1,1.73,2.0,1.68,2.36,1.73,2.0,1.75,2.39,1.66,2.16
ATP,2011,6,Melbourne,Australian Open,2011-01-21,Grand Slam,Outdoor,Hard,3rd Round,5,Verdasco F.,Nishikori K.,9,82.0,3240,599.0,6.0,2.0,6.0,4.0,6.0,3.0,,,,,3.0,0.0,Completed,1.4,2.75,1.45,2.6,1.4,2.75,1.5,2.85,1.44,2.75,1.55,3.05,1.43,2.73
ATP,2011,6,Melbourne,Australian Open,2011-01-22,Grand Slam,Outdoor,Hard,3rd Round,5,Soderling R.,Hernych J.,4,241.0,5785,196.0,6.0,3.0,6.0,1.0,6.0,4.0,,,,,3.0,0.0,Completed,1.01,15.0,1.01,15.0,1.02,11.0,1.02,31.0,1.02,15.0,1.02,36.59,1.01,17.97
ATP,2011,6,Melbourne,Australian Open,2011-01-22,Grand Slam,Outdoor,Hard,3rd Round,5,Raonic M.,Youzhny M.,152,10.0,351,2920.0,6.0,4.0,7.0,5.0,4.0,6.0,6.0,4.0,,,3.0,1.0,Completed,3.5,1.28,3.0,1.35,3.25,1.33,3.49,1.36,3.25,1.33,3.7,1.36,3.24,1.32
ATP,2011,6,Melbourne,Australian Open,2011-01-22,Grand Slam,Outdoor,Hard,3rd Round,5,Dolgopolov O.,Tsonga J.W.,46,13.0,953,2345.0,3.0,6.0,6.0,3.0,3.0,6.0,6.0,1.0,6.0,1.0,3.0,2.0,Completed,2.62,1.44,2.5,1.5,2.75,1.4,2.98,1.46,2.5,1.53,2.98,1.56,2.58,1.48
ATP,2011,6,Melbourne,Australian Open,2011-01-22,Grand Slam,Outdoor,Hard,3rd Round,5,Ferrer D.,Berankis R.,7,95.0,3895,560.0,6.0,2.0,6.0,2.0,6.0,1.0,,,,,3.0,0.0,Completed,1.12,5.5,1.18,4.5,1.2,4.33,1.17,6.0,1.17,5.0,1.22,6.5,1.16,4.96
ATP,2011,6,Melbourne,Australian Open,2011-01-22,Grand Slam,Outdoor,Hard,3rd Round,5,Murray A.,Garcia-Lopez G.,5,32.0,5760,1300.0,6.0,1.0,6.0,1.0,6.0,2.0,,,,,3.0,0.0,Completed,1.03,11.0,1.05,8.0,1.05,8.5,1.07,12.25,1.06,8.5,1.07,14.62,1.04,10.0
ATP,2011,6,Melbourne,Australian Open,2011-01-22,Grand Slam,Outdoor,Hard,3rd Round,5,Cilic M.,Isner J.,15,20.0,2140,1645.0,4.0,6.0,6.0,2.0,6.0,7.0,7.0,6.0,9.0,7.0,3.0,2.0,Completed,1.53,2.37,1.67,2.12,1.67,2.1,1.63,2.47,1.57,2.38,1.7,2.47,1.62,2.25
ATP,2011,6,Melbourne,Australian Open,2011-01-22,Grand Slam,Outdoor,Hard,3rd Round,5,Melzer J.,Baghdatis M.,11,22.0,2785,1580.0,6.0,7.0,6.0,2.0,6.0,1.0,4.0,3.0,,,2.0,1.0,Retired,1.72,2.0,1.75,2.0,1.8,1.91,1.97,1.95,1.83,1.91,1.97,2.17,1.79,1.96
ATP,2011,6,Melbourne,Australian Open,2011-01-22,Grand Slam,Outdoor,Hard,3rd Round,5,Nadal R.,Tomic B.,1,199.0,12390,251.0,6.0,2.0,7.0,5.0,6.0,3.0,,,,,3.0,0.0,Completed,1.005,21.0,1.01,15.0,1.02,13.0,1.01,41.0,1.01,19.0,1.03,51.82,1.01,22.0
ATP,2011,6,Melbourne,Australian Open,2011-01-23,Grand Slam,Outdoor,Hard,4th Round,5,Djokovic N.,Almagro N.,3,14.0,6240,2160.0,6.0,3.0,6.0,4.0,6.0,0.0,,,,,3.0,0.0,Completed,1.06,8.0,1.1,6.25,1.08,7.0,1.11,8.43,1.1,7.0,1.13,9.5,1.08,7.5
ATP,2011,6,Melbourne,Australian Open,2011-01-23,Grand Slam,Outdoor,Hard,4th Round,5,Federer R.,Robredo T.,2,52.0,9245,890.0,6.0,3.0,3.0,6.0,6.0,3.0,6.0,2.0,,,3.0,1.0,Completed,1.01,15.0,1.01,15.0,1.02,13.0,1.02,26.0,1.02,13.0,1.03,48.25,1.02,16.82
ATP,2011,6,Melbourne,Australian Open,2011-01-23,Grand Slam,Outdoor,Hard,4th Round,5,Berdych T.,Verdasco F.,6,9.0,3955,3240.0,6.0,4.0,6.0,2.0,6.0,3.0,,,,,3.0,0.0,Completed,1.5,2.5,1.55,2.35,1.53,2.38,1.54,2.7,1.57,2.38,1.63,2.72,1.55,2.41
ATP,2011,6,Melbourne,Australian Open,2011-01-23,Grand Slam,Outdoor,Hard,4th Round,5,Wawrinka S.,Roddick A.,19,8.0,1855,3565.0,6.0,3.0,6.0,4.0,6.0,4.0,,,,,3.0,0.0,Completed,1.72,2.0,1.8,1.95,1.83,1.83,1.78,2.18,1.8,2.0,1.91,2.25,1.81,1.95
ATP,2011,6,Melbourne,Australian Open,2011-01-24,Grand Slam,Outdoor,Hard,4th Round,5,Dolgopolov O.,Soderling R.,46,4.0,953,5785.0,1.0,6.0,6.0,3.0,6.0,1.0,4.0,6.0,6.0,2.0,3.0,2.0,Completed,6.5,1.1,5.5,1.13,6.0,1.11,7.72,1.13,5.5,1.14,8.2,1.17,6.23,1.11
ATP,2011,6,Melbourne,Australian Open,2011-01-24,Grand Slam,Outdoor,Hard,4th Round,5,Murray A.,Melzer J.,5,11.0,5760,2785.0,6.0,3.0,6.0,1.0,6.0,1.0,,,,,3.0,0.0,Completed,1.08,7.0,1.15,5.0,1.13,5.5,1.14,7.06,1.13,6.0,1.18,7.2,1.13,5.94
ATP,2011,6,Melbourne,Australian Open,2011-01-24,Grand Slam,Outdoor,Hard,4th Round,5,Ferrer D.,Raonic M.,7,152.0,3895,351.0,4.0,6.0,6.0,2.0,6.0,3.0,6.0,4.0,,,3.0,1.0,Completed,1.2,4.33,1.16,4.75,1.17,4.5,1.27,4.3,1.17,5.0,1.27,5.2,1.2,4.46
ATP,2011,6,Melbourne,Australian Open,2011-01-24,Grand Slam,Outdoor,Hard,4th Round,5,Nadal R.,Cilic M.,1,15.0,12390,2140.0,6.0,2.0,6.0,4.0,6.0,3.0,,,,,3.0,0.0,Completed,1.07,7.5,1.1,6.5,1.08,7.0,1.12,7.94,1.13,6.0,1.13,8.4,1.09,7.03
ATP,2011,6,Melbourne,Australian Open,2011-01-25,Grand Slam,Outdoor,Hard,Quarterfinals,5,Federer R.,Wawrinka S.,2,19.0,9245,1855.0,6.0,1.0,6.0,3.0,6.0,3.0,,,,,3.0,0.0,Completed,1.25,4.0,1.22,4.0,1.22,4.0,1.33,3.75,1.22,4.0,1.33,4.33,1.24,3.91
ATP,2011,6,Melbourne,Australian Open,2011-01-25,Grand Slam,Outdoor,Hard,Quarterfinals,5,Djokovic N.,Berdych T.,3,6.0,6240,3955.0,6.0,1.0,7.0,6.0,6.0,1.0,,,,,3.0,0.0,Completed,1.28,3.75,1.32,3.31,1.33,3.25,1.32,3.79,1.29,3.5,1.36,4.0,1.3,3.48
ATP,2011,6,Melbourne,Australian Open,2011-01-26,Grand Slam,Outdoor,Hard,Quarterfinals,5,Murray A.,Dolgopolov O.,5,46.0,5760,953.0,7.0,5.0,6.0,3.0,6.0,7.0,6.0,3.0,,,3.0,1.0,Completed,1.07,8.0,1.08,6.75,1.08,7.0,1.09,9.95,1.08,7.5,1.12,9.95,1.09,7.16
ATP,2011,6,Melbourne,Australian Open,2011-01-26,Grand Slam,Outdoor,Hard,Quarterfinals,5,Ferrer D.,Nadal R.,7,1.0,3895,12390.0,6.0,4.0,6.0,2.0,6.0,3.0,,,,,3.0,0.0,Completed,7.5,1.08,6.25,1.1,5.5,1.13,7.65,1.13,7.0,1.1,9.0,1.16,6.83,1.1
ATP,2011,6,Melbourne,Australian Open,2011-01-27,Grand Slam,Outdoor,Hard,Semifinals,5,Djokovic N.,Federer R.,3,2.0,6240,9245.0,7.0,6.0,7.0,5.0,6.0,4.0,,,,,3.0,0.0,Completed,2.87,1.4,2.6,1.45,2.63,1.44,2.82,1.52,2.88,1.4,3.0,1.53,2.76,1.44
ATP,2011,6,Melbourne,Australian Open,2011-01-28,Grand Slam,Outdoor,Hard,Semifinals,5,Murray A.,Ferrer D.,5,7.0,5760,3895.0,4.0,6.0,7.0,6.0,6.0,1.0,7.0,6.0,,,3.0,1.0,Completed,1.25,4.33,1.25,3.75,1.25,3.75,1.29,4.14,1.22,4.0,1.35,4.5,1.25,3.89
ATP,2011,6,Melbourne,Australian Open,2011-01-30,Grand Slam,Outdoor,Hard,The Final,5,Djokovic N.,Murray A.,3,5.0,6240,5760.0,6.0,4.0,6.0,2.0,6.0,3.0,,,,,3.0,0.0,Completed,1.61,2.4,1.61,2.28,1.67,2.1,1.66,2.43,1.57,2.38,1.68,1.6,2.52,2.34
ATP,2011,31,Paris,French Open,2011-05-22,Grand Slam,Outdoor,Clay,1st Round,5,Ramirez-Hidalgo R.,Cilic M.,117,21.0,470,1515.0,7.0,6.0,6.0,4.0,6.0,4.0,,,,,3.0,0.0,Completed,10.0,1.04,7.0,1.08,7.0,1.08,11.0,1.07,6.5,1.08,11.6,1.08,8.34,1.07
ATP,2011,31,Paris,French Open,2011-05-22,Grand Slam,Outdoor,Clay,1st Round,5,Nishikori K.,Lu Y.H.,59,56.0,857,900.0,6.0,1.0,6.0,3.0,6.0,4.0,,,,,3.0,0.0,Completed,1.16,4.5,1.18,4.5,1.2,4.33,1.26,4.38,1.17,4.5,1.26,5.0,1.2,4.41
ATP,2011,31,Paris,French Open,2011-05-22,Grand Slam,Outdoor,Clay,1st Round,5,Stakhovsky S.,Guez D.,36,156.0,1145,367.0,6.0,7.0,6.0,3.0,6.0,3.0,6.0,3.0,,,3.0,1.0,Completed,1.22,4.0,1.25,3.75,1.3,3.4,1.31,3.87,1.29,3.25,1.32,4.0,1.27,3.62
ATP,2011,31,Paris,French Open,2011-05-22,Grand Slam,Outdoor,Clay,1st Round,5,Ferrer D.,Nieminen J.,7,50.0,4060,936.0,6.0,3.0,6.0,3.0,6.0,1.0,,,,,3.0,0.0,Completed,1.06,8.0,1.08,7.0,1.07,7.5,1.07,11.0,1.08,7.5,1.08,12.25,1.07,8.38
ATP,2011,31,Paris,French Open,2011-05-22,Grand Slam,Outdoor,Clay,1st Round,5,Teixeira M.,Millot V.,181,152.0,300,378.0,6.0,2.0,5.0,7.0,6.0,7.0,6.0,4.0,6.0,1.0,3.0,2.0,Completed,1.57,2.25,1.6,2.25,1.67,2.1,1.67,2.36,1.73,2.0,1.75,2.4,1.66,2.17
ATP,2011,31,Paris,French Open,2011-05-22,Grand Slam,Outdoor,Clay,1st Round,5,Garcia-Lopez G.,Kendrick R.,33,87.0,1205,594.0,6.0,1.0,7.0,5.0,4.0,6.0,6.0,3.0,,,3.0,1.0,Completed,1.1,6.5,1.11,6.0,1.1,6.5,1.14,6.87,1.08,6.5,1.15,7.0,1.11,6.24
ATP,2011,31,Paris,French Open,2011-05-22,Grand Slam,Outdoor,Clay,1st Round,5,Montanes A.,Gicquel M.,38,127.0,1110,449.0,6.0,4.0,6.0,4.0,6.0,2.0,,,,,3.0,0.0,Completed,1.28,3.5,1.33,3.1,,,1.27,4.18,1.13,6.0,1.33,6.0,1.27,3.67
ATP,2011,31,Paris,French Open,2011-05-22,Grand Slam,Outdoor,Clay,1st Round,5,Riba P.,Dodig I.,65,45.0,761,1016.0,6.0,3.0,3.0,6.0,7.0,6.0,6.0,4.0,,,3.0,1.0,Completed,1.61,2.2,1.7,2.08,1.67,2.1,1.77,2.18,1.73,2.0,1.83,2.35,1.68,2.12
ATP,2011,31,Paris,French Open,2011-05-22,Grand Slam,Outdoor,Clay,1st Round,5,Kavcic B.,Gulbis E.,82,83.0,636,635.0,6.0,1.0,6.0,4.0,6.0,2.0,,,,,3.0,0.0,Completed,2.5,1.5,2.35,1.55,2.5,1.5,2.84,1.49,2.5,1.53,2.91,1.59,2.53,1.5
ATP,2011,31,Paris,French Open,2011-05-22,Grand Slam,Outdoor,Clay,1st Round,5,Tsonga J.W.,Hajek J.,17,136.0,1570,425.0,6.0,3.0,6.0,2.0,6.0,2.0,,,,,3.0,0.0,Completed,1.03,11.0,1.08,7.0,1.06,8.0,1.05,14.0,1.05,9.0,1.08,14.5,1.05,9.84
ATP,2011,31,Paris,French Open,2011-05-22,Grand Slam,Outdoor,Clay,1st Round,5,Wawrinka S.,Gensse A.,14,179.0,1920,302.0,4.0,6.0,6.0,3.0,6.0,4.0,6.0,2.0,,,3.0,1.0,Completed,1.05,9.0,1.07,7.5,1.08,7.0,1.07,11.25,1.07,7.0,1.08,13.04,1.06,8.93
ATP,2011,31,Paris,French Open,2011-05-22,Grand Slam,Outdoor,Clay,1st Round,5,Benneteau J.,Machado R.,81,110.0,643,479.0,4.0,6.0,6.0,1.0,6.0,2.0,6.0,0.0,,,3.0,1.0,Completed,1.28,3.5,1.35,3.0,1.36,3.0,1.32,3.73,1.33,3.0,1.38,3.75,1.32,3.31
ATP,2011,31,Paris,French Open,2011-05-22,Grand Slam,Outdoor,Clay,1st Round,5,Fognini F.,Istomin D.,49,58.0,960,875.0,6.0,4.0,6.0,2.0,6.0,2.0,,,,,3.0,0.0,Completed,1.61,2.2,1.65,2.15,1.67,2.1,1.68,2.32,1.67,2.1,1.8,2.34,1.69,2.12
ATP,2011,31,Paris,French Open,2011-05-22,Grand Slam,Outdoor,Clay,1st Round,5,Seppi A.,Gabashvili T.,51,85.0,930,631.0,6.0,3.0,7.0,5.0,7.0,5.0,,,,,3.0,0.0,Completed,1.36,3.0,1.45,2.55,1.5,2.5,1.42,3.11,1.4,2.75,1.5,3.11,1.41,2.81
ATP,2011,31,Paris,French Open,2011-05-22,Grand Slam,Outdoor,Clay,1st Round,5,Rufin G.,Mannarino A.,253,53.0,196,917.0,6.0,2.0,6.0,3.0,6.0,2.0,,,,,3.0,0.0,Completed,2.75,1.4,2.65,1.45,2.63,1.44,2.84,1.49,2.75,1.44,2.84,1.53,2.65,1.46
ATP,2011,31,Paris,French Open,2011-05-23,Grand Slam,Outdoor,Clay,1st Round,5,Troicki V.,Reister J.,15,94.0,1840,555.0,6.0,4.0,6.0,3.0,6.0,3.0,,,,,3.0,0.0,Completed,1.16,4.5,1.22,4.0,1.25,3.75,1.24,4.54,1.22,3.75,1.26,4.61,1.21,4.21
ATP,2011,31,Paris,French Open,2011-05-23,Grand Slam,Outdoor,Clay,1st Round,5,Youzhny M.,Soeda G.,13,116.0,2010,472.0,7.0,5.0,6.0,2.0,6.0,4.0,,,,,3.0,0.0,Completed,1.03,11.0,1.06,8.0,1.06,8.0,1.07,11.25,1.05,8.0,1.07,13.6,1.05,9.7
ATP,2011,31,Paris,French Open,2011-05-23,Grand Slam,Outdoor,Clay,1st Round,5,Del Potro J.M.,Karlovic I.,26,148.0,1355,387.0,6.0,7.0,6.0,3.0,7.0,5.0,6.0,4.0,,,3.0,1.0,Completed,1.1,6.5,1.1,6.5,1.1,6.5,1.13,7.71,1.1,6.0,1.13,7.84,1.11,6.43
ATP,2011,31,Paris,French Open,2011-05-23,Grand Slam,Outdoor,Clay,1st Round,5,Bellucci T.,Golubev A.,25,44.0,1395,1025.0,6.0,4.0,6.0,4.0,6.0,7.0,7.0,6.0,,,3.0,1.0,Completed,1.16,4.5,1.2,4.25,1.25,3.75,1.23,4.73,1.25,3.5,1.25,4.73,1.21,4.18
ATP,2011,31,Paris,French Open,2011-05-23,Grand Slam,Outdoor,Clay,1st Round,5,Kukushkin M.,Brands D.,62,130.0,842,436.0,6.0,2.0,6.0,4.0,6.0,4.0,,,,,3.0,0.0,Completed,1.33,3.25,1.35,3.0,1.4,2.75,1.38,3.39,1.36,2.88,1.4,3.39,1.36,3.04
ATP,2011,31,Paris,French Open,2011-05-23,Grand Slam,Outdoor,Clay,1st Round,5,Ilhan M.,Haas T.,123,,458,,6.0,4.0,4.0,6.0,7.0,6.0,6.0,4.0,,,3.0,1.0,Completed,1.61,2.2,1.6,2.25,1.67,2.1,1.75,2.21,1.53,2.38,1.76,2.38,1.65,2.18
ATP,2011,31,Paris,French Open,2011-05-23,Grand Slam,Outdoor,Clay,1st Round,5,Djokovic N.,De Bakker T.,2,71.0,11665,710.0,6.0,2.0,6.0,1.0,6.0,3.0,,,,,3.0,0.0,Completed,,21.0,1.01,11.5,1.01,17.0,1.01,61.0,1.01,15.0,1.01,63.32,1.01,24.56
ATP,2011,31,Paris,French Open,2011-05-23,Grand Slam,Outdoor,Clay,1st Round,5,Ramos A.,Marti J.,117,268.0,470,184.0,6.0,3.0,6.0,7.0,4.0,6.0,6.0,1.0,6.0,3.0,3.0,2.0,Completed,1.36,3.0,1.4,2.8,1.44,2.63,1.41,3.18,1.36,2.88,1.48,3.18,1.42,2.78
ATP,2011,31,Paris,French Open,2011-05-23,Grand Slam,Outdoor,Clay,1st Round,5,Robert S.,Berdych T.,140,6.0,419,4200.0,3.0,6.0,3.0,6.0,6.0,2.0,6.0,2.0,9.0,7.0,3.0,2.0,Completed,11.0,1.03,7.75,1.06,8.5,1.05,14.0,1.05,7.0,1.07,14.0,1.08,9.85,1.05
ATP,2011,31,Paris,French Open,2011-05-23,Grand Slam,Outdoor,Clay,1st Round,5,Falla A.,Starace P.,120,46.0,462,1015.0,7.0,6.0,6.0,1.0,6.0,1.0,,,,,3.0,0.0,Completed,4.0,1.22,3.75,1.25,3.75,1.25,4.01,1.29,3.5,1.25,4.19,1.3,3.76,1.25
ATP,2011,31,Paris,French Open,2011-05-23,Grand Slam,Outdoor,Clay,1st Round,5,Fish M.,Mello R.,10,89.0,2395,580.0,6.0,2.0,6.0,7.0,6.0,2.0,6.0,4.0,,,3.0,1.0,Completed,1.25,3.75,1.3,3.3,1.29,3.5,1.24,4.54,1.25,3.75,1.3,4.54,1.26,3.7
ATP,2011,31,Paris,French Open,2011-05-23,Grand Slam,Outdoor,Clay,1st Round,5,Andreev I.,Serra F.,92,118.0,575,469.0,6.0,4.0,6.0,1.0,6.0,3.0,,,,,3.0,0.0,Completed,1.5,2.5,1.5,2.5,1.5,2.5,1.48,2.87,1.5,2.5,1.55,2.89,1.48,2.59
ATP,2011,31,Paris,French Open,2011-05-23,Grand Slam,Outdoor,Clay,1st Round,5,Federer R.,Lopez F.,3,41.0,8390,1065.0,6.0,3.0,6.0,4.0,7.0,6.0,,,,,3.0,0.0,Completed,1.08,7.0,1.12,5.75,1.1,6.5,1.09,9.16,1.07,7.0,1.12,9.16,1.09,7.27
ATP,2011,31,Paris,French Open,2011-05-23,Grand Slam,Outdoor,Clay,1st Round,5,Monfils G.,Phau B.,9,145.0,2465,410.0,4.0,6.0,6.0,3.0,7.0,5.0,6.0,0.0,,,3.0,1.0,Completed,1.04,10.0,1.06,8.0,1.08,7.0,1.07,11.25,1.07,8.0,1.08,12.75,1.06,9.26
ATP,2011,31,Paris,French Open,2011-05-23,Grand Slam,Outdoor,Clay,1st Round,5,Tipsarevic J.,Dabul B.,32,147.0,1225,403.0,7.0,6.0,6.0,1.0,6.0,0.0,,,,,3.0,0.0,Completed,1.11,6.0,1.12,5.75,1.13,5.5,1.16,6.05,1.13,5.5,1.17,6.64,1.12,5.86
ATP,2011,31,Paris,French Open,2011-05-23,Grand Slam,Outdoor,Clay,1st Round,5,Davydenko N.,Gremelmayr D.,30,131.0,1285,433.0,7.0,6.0,6.0,1.0,6.0,3.0,,,,,3.0,0.0,Completed,1.1,6.5,1.1,6.25,1.1,6.5,1.11,8.14,1.13,5.5,1.13,8.45,1.1,6.74
ATP,2011,31,Paris,French Open,2011-05-23,Grand Slam,Outdoor,Clay,1st Round,5,Darcis S.,Llodra M.,135,24.0,426,1400.0,6.0,7.0,6.0,3.0,6.0,3.0,6.0,3.0,,,3.0,1.0,Completed,3.0,1.36,3.0,1.35,3.0,1.36,3.14,1.42,2.5,1.53,3.16,1.53,2.92,1.38
ATP,2011,31,Paris,French Open,2011-05-23,Grand Slam,Outdoor,Clay,1st Round,5,Berlocq C.,Tomic B.,69,180.0,720,300.0,7.0,5.0,6.0,4.0,6.0,2.0,,,,,3.0,0.0,Completed,1.2,4.33,1.28,3.5,1.29,3.5,1.23,4.77,1.25,3.5,1.3,4.77,1.24,3.91
ATP,2011,31,Paris,French Open,2011-05-23,Grand Slam,Outdoor,Clay,1st Round,5,Bolelli S.,Dancevic F.,126,174.0,451,313.0,6.0,1.0,6.0,3.0,6.0,7.0,6.0,2.0,,,3.0,1.0,Completed,1.66,2.1,1.8,1.95,1.67,2.1,1.8,2.12,1.73,2.0,1.83,2.18,1.72,2.06
ATP,2011,31,Paris,French Open,2011-05-23,Grand Slam,Outdoor,Clay,1st Round,5,Petzschner P.,Zverev M.,80,97.0,650,549.0,7.0,6.0,6.0,0.0,6.0,4.0,,,,,3.0,0.0,Completed,1.14,5.0,1.18,4.5,1.2,4.33,1.2,5.16,1.22,3.75,1.22,5.5,1.17,4.76
ATP,2011,31,Paris,French Open,2011-05-23,Grand Slam,Outdoor,Clay,1st Round,5,Kamke T.,Rochus O.,76,77.0,663,658.0,6.0,7.0,6.0,3.0,6.0,3.0,6.0,2.0,,,3.0,1.0,Completed,2.62,1.44,2.65,1.45,2.38,1.53,2.65,1.55,2.38,1.53,2.7,1.57,2.54,1.49
ATP,2011,31,Paris,French Open,2011-05-23,Grand Slam,Outdoor,Clay,1st Round,5,Schoorel T.,Gonzalez M.,108,84.0,485,633.0,7.0,6.0,6.0,3.0,6.0,3.0,,,,,3.0,0.0,Completed,1.57,2.25,1.7,2.08,1.73,2.0,1.66,2.37,1.67,2.1,1.73,2.38,1.65,2.18
ATP,2011,31,Paris,French Open,2011-05-23,Grand Slam,Outdoor,Clay,1st Round,5,Gasquet R.,Stepanek R.,16,57.0,1755,893.0,7.0,5.0,6.0,3.0,6.0,0.0,,,,,3.0,0.0,Completed,1.14,5.0,1.15,5.1,1.17,4.5,1.15,6.6,1.17,5.0,1.22,6.6,1.16,5.1
ATP,2011,31,Paris,French Open,2011-05-23,Grand Slam,Outdoor,Clay,1st Round,5,Hanescu V.,Paire B.,60,101.0,850,510.0,7.0,5.0,4.0,6.0,6.0,1.0,7.0,6.0,,,3.0,1.0,Completed,1.16,4.5,1.2,4.25,1.22,4.0,1.23,4.73,1.25,3.5,1.25,5.0,1.2,4.37
ATP,2011,31,Paris,French Open,2011-05-23,Grand Slam,Outdoor,Clay,1st Round,5,Mayer L.,Brown D.,19,106.0,1555,490.0,3.0,6.0,7.0,6.0,6.0,2.0,6.0,2.0,,,3.0,1.0,Completed,1.36,3.0,1.4,2.85,1.4,2.75,1.36,3.44,1.4,2.75,1.44,3.44,1.38,2.96
ATP,2011,31,Paris,French Open,2011-05-23,Grand Slam,Outdoor,Clay,1st Round,5,Baghdatis M.,Gil F.,29,78.0,1295,656.0,7.0,6.0,6.0,2.0,6.0,2.0,,,,,3.0,0.0,Completed,1.9,1.8,1.85,1.9,1.83,1.83,2.2,1.75,1.9,1.9,2.2,1.92,1.93,1.82
ATP,2011,31,Paris,French Open,2011-05-23,Grand Slam,Outdoor,Clay,1st Round,5,Granollers M.,Bogomolov A.,47,86.0,988,615.0,6.0,3.0,3.0,6.0,7.0,6.0,6.0,2.0,,,3.0,1.0,Completed,1.2,4.33,1.12,5.65,1.25,3.75,1.22,4.93,1.2,4.0,1.3,5.65,1.19,4.34
ATP,2011,31,Paris,French Open,2011-05-23,Grand Slam,Outdoor,Clay,1st Round,5,Veic A.,Cuevas P.,227,52.0,217,920.0,4.0,6.0,6.0,3.0,6.0,2.0,3.0,1.0,,,2.0,1.0,Retired,4.5,1.16,4.0,1.22,4.0,1.22,4.85,1.22,4.0,1.2,4.85,1.23,4.33,1.2
ATP,2011,31,Paris,French Open,2011-05-23,Grand Slam,Outdoor,Clay,1st Round,5,Berrer M.,Raonic M.,95,27.0,555,1342.0,6.0,4.0,4.0,6.0,6.0,3.0,6.0,4.0,,,3.0,1.0,Completed,4.5,1.16,4.0,1.22,4.0,1.22,5.68,1.18,4.0,1.2,5.81,1.25,4.73,1.18
ATP,2011,31,Paris,French Open,2011-05-24,Grand Slam,Outdoor,Clay,1st Round,5,Dolgopolov O.,Schuettler R.,22,98.0,1450,549.0,6.0,3.0,6.0,3.0,6.0,1.0,,,,,3.0,0.0,Completed,1.07,7.5,1.08,7.0,1.1,6.5,1.1,8.95,1.08,6.5,1.12,8.95,1.08,7.32
ATP,2011,31,Paris,French Open,2011-05-24,Grand Slam,Outdoor,Clay,1st Round,5,Ljubicic I.,Devvarman S.,37,66.0,1120,749.0,6.0,4.0,6.0,3.0,6.0,4.0,,,,,3.0,0.0,Completed,1.22,4.0,1.25,3.75,1.22,4.0,1.27,4.18,1.2,4.0,1.27,4.4,1.22,4.07
ATP,2011,31,Paris,French Open,2011-05-24,Grand Slam,Outdoor,Clay,1st Round,5,Murray A.,Prodon E.,4,124.0,6085,458.0,6.0,4.0,6.0,1.0,6.0,3.0,,,,,3.0,0.0,Completed,1.01,15.0,1.02,12.0,1.02,11.0,1.02,26.0,1.02,11.0,1.03,34.57,1.02,16.57
ATP,2011,31,Paris,French Open,2011-05-24,Grand Slam,Outdoor,Clay,1st Round,5,Haider-Maurer A.,Sweeting R.,88,70.0,582,715.0,6.0,1.0,6.0,7.0,6.0,2.0,6.0,0.0,,,3.0,1.0,Completed,1.72,2.0,1.8,1.95,1.73,2.0,1.8,2.13,1.8,1.91,1.91,2.15,1.78,1.98
ATP,2011,31,Paris,French Open,2011-05-24,Grand Slam,Outdoor,Clay,1st Round,5,Mayer F.,Kunitsyn I.,19,75.0,1555,666.0,6.0,3.0,4.0,6.0,6.0,4.0,6.0,3.0,,,3.0,1.0,Completed,1.05,9.0,1.08,7.0,1.08,7.0,1.11,8.05,1.07,7.0,1.11,9.25,1.08,7.66
ATP,2011,31,Paris,French Open,2011-05-24,Grand Slam,Outdoor,Clay,1st Round,5,Clement A.,Volandri F.,158,73.0,359,685.0,6.0,3.0,1.0,6.0,7.0,6.0,6.0,4.0,,,3.0,1.0,Completed,3.75,1.25,3.75,1.25,3.5,1.29,3.94,1.3,3.25,1.29,4.05,1.3,3.62,1.27
ATP,2011,31,Paris,French Open,2011-05-24,Grand Slam,Outdoor,Clay,1st Round,5,Kubot L.,Almagro N.,122,12.0,458,2225.0,3.0,6.0,2.0,6.0,7.0,6.0,7.0,6.0,6.0,4.0,3.0,2.0,Completed,10.0,1.04,7.5,1.07,7.0,1.08,11.25,1.07,7.0,1.07,11.25,1.1,8.59,1.06
ATP,2011,31,Paris,French Open,2011-05-24,Grand Slam,Outdoor,Clay,1st Round,5,Chela J.I.,Smyczek T.,34,169.0,1160,327.0,7.0,6.0,6.0,1.0,6.0,1.0,,,,,3.0,0.0,Completed,1.02,12.0,1.05,8.5,1.06,8.0,1.05,14.0,1.05,8.0,1.06,14.9,1.04,10.45
ATP,2011,31,Paris,French Open,2011-05-24,Grand Slam,Outdoor,Clay,1st Round,5,Haase R.,Gimeno-Traver D.,54,55.0,914,909.0,6.0,2.0,7.0,6.0,6.0,3.0,,,,,3.0,0.0,Completed,2.5,1.5,2.35,1.55,2.25,1.57,2.65,1.55,2.25,1.57,2.8,1.63,2.41,1.54
ATP,2011,31,Paris,French Open,2011-05-24,Grand Slam,Outdoor,Clay,1st Round,5,Querrey S.,Kohlschreiber P.,28,42.0,1325,1035.0,3.0,6.0,6.0,1.0,6.0,2.0,6.0,4.0,,,3.0,1.0,Completed,3.25,1.33,2.8,1.4,2.75,1.4,3.17,1.41,2.75,1.4,3.41,1.42,3.06,1.36
ATP,2011,31,Paris,French Open,2011-05-24,Grand Slam,Outdoor,Clay,1st Round,5,Melzer J.,Beck A.,8,139.0,2850,419.0,6.0,3.0,6.0,4.0,6.0,2.0,,,,,3.0,0.0,Completed,1.16,4.5,1.16,4.75,1.2,4.33,1.23,4.73,1.2,4.0,1.25,5.0,1.2,4.4
ATP,2011,31,Paris,French Open,2011-05-24,Grand Slam,Outdoor,Clay,1st Round,5,Andujar P.,Giraldo S.,48,63.0,985,790.0,7.0,6.0,6.0,3.0,6.0,3.0,,,,,3.0,0.0,Completed,1.83,1.83,1.75,2.0,1.83,1.83,1.94,1.96,1.73,2.0,1.94,2.03,1.81,1.93
ATP,2011,31,Paris,French Open,2011-05-24,Grand Slam,Outdoor,Clay,1st Round,5,Nadal R.,Isner J.,1,39.0,12070,1070.0,6.0,4.0,6.0,7.0,6.0,7.0,6.0,2.0,6.0,4.0,3.0,2.0,Completed,1.005,21.0,1.01,15.0,1.01,17.0,1.01,51.0,1.01,19.0,1.02,69.07,1.01,25.15
ATP,2011,31,Paris,French Open,2011-05-24,Grand Slam,Outdoor,Clay,1st Round,5,Soderling R.,Harrison R.,5,119.0,5435,463.0,6.0,1.0,6.0,7.0,6.0,3.0,7.0,5.0,,,3.0,1.0,Completed,1.04,10.0,,,1.04,9.0,1.02,21.0,1.04,9.0,1.04,22.3,1.02,12.55
ATP,2011,31,Paris,French Open,2011-05-24,Grand Slam,Outdoor,Clay,1st Round,5,Malisse X.,Tursunov D.,40,74.0,1070,678.0,7.0,5.0,3.0,6.0,6.0,3.0,3.0,6.0,6.0,1.0,3.0,2.0,Completed,1.16,4.5,1.22,4.0,1.22,4.0,1.22,4.89,1.22,3.75,1.25,4.89,1.21,4.3
ATP,2011,31,Paris,French Open,2011-05-24,Grand Slam,Outdoor,Clay,1st Round,5,Anderson K.,Mahut N.,35,90.0,1150,579.0,6.0,4.0,6.0,4.0,6.0,7.0,6.0,3.0,,,3.0,1.0,Completed,1.53,2.37,1.55,2.35,1.53,2.38,1.63,2.45,1.53,2.38,1.69,2.48,1.57,2.33
ATP,2011,31,Paris,French Open,2011-05-24,Grand Slam,Outdoor,Clay,1st Round,5,Verdasco F.,Monaco J.,20,43.0,1515,1025.0,6.0,2.0,7.0,5.0,4.0,6.0,6.0,4.0,,,3.0,1.0,Completed,1.44,2.62,1.55,2.35,1.53,2.38,1.54,2.66,1.5,2.5,1.57,2.8,1.52,2.46
ATP,2011,31,Paris,French Open,2011-05-24,Grand Slam,Outdoor,Clay,1st Round,5,Rosol L.,Roger-Vasselin E.,111,133.0,476,428.0,3.0,6.0,6.0,2.0,6.0,4.0,3.0,6.0,7.0,5.0,3.0,2.0,Completed,2.0,1.72,1.95,1.8,2.0,1.73,2.12,1.81,1.91,1.8,2.12,1.85,1.99,1.77
ATP,2011,31,Paris,French Open,2011-05-24,Grand Slam,Outdoor,Clay,1st Round,5,Chardy J.,Dimitrov G.,61,64.0,845,781.0,6.0,2.0,6.0,4.0,6.0,4.0,,,,,3.0,0.0,Completed,1.57,2.25,1.58,2.3,1.62,2.2,1.61,2.48,1.53,2.38,1.71,2.5,1.58,2.32
ATP,2011,31,Paris,French Open,2011-05-24,Grand Slam,Outdoor,Clay,1st Round,5,Simon G.,Russell M.,18,93.0,1565,573.0,6.0,3.0,4.0,6.0,6.0,1.0,6.0,0.0,,,3.0,1.0,Completed,1.02,12.0,1.04,9.0,1.06,8.0,1.05,14.0,1.01,15.0,1.06,18.1,1.04,11.28
ATP,2011,31,Paris,French Open,2011-05-25,Grand Slam,Outdoor,Clay,2nd Round,5,Federer R.,Teixeira M.,3,181.0,8390,300.0,6.0,3.0,6.0,0.0,6.0,2.0,,,,,3.0,0.0,Completed,,21.0,1.01,15.0,,34.0,1.01,66.0,1.01,17.0,1.01,69.94,1.01,23.71
ATP,2011,31,Paris,French Open,2011-05-25,Grand Slam,Outdoor,Clay,2nd Round,5,Tipsarevic J.,Riba P.,32,65.0,1225,761.0,6.0,1.0,6.0,3.0,6.0,0.0,,,,,3.0,0.0,Completed,1.4,2.75,1.45,2.65,1.4,2.75,1.44,3.01,1.44,2.63,1.48,3.1,1.41,2.82
ATP,2011,31,Paris,French Open,2011-05-25,Grand Slam,Outdoor,Clay,2nd Round,5,Stakhovsky S.,Nishikori K.,36,59.0,1145,857.0,6.0,1.0,3.0,6.0,6.0,3.0,7.0,6.0,,,3.0,1.0,Completed,2.25,1.57,2.15,1.65,2.25,1.57,2.2,1.75,2.2,1.62,2.3,1.75,2.18,1.65
ATP,2011,31,Paris,French Open,2011-05-25,Grand Slam,Outdoor,Clay,2nd Round,5,Ferrer D.,Benneteau J.,7,81.0,4060,643.0,6.0,3.0,6.0,4.0,6.0,2.0,,,,,3.0,0.0,Completed,1.02,12.0,1.04,9.0,1.05,8.5,1.05,13.0,1.04,9.0,1.07,16.3,1.04,10.51
ATP,2011,31,Paris,French Open,2011-05-25,Grand Slam,Outdoor,Clay,2nd Round,5,Monfils G.,Rufin G.,9,253.0,2465,196.0,6.0,3.0,1.0,6.0,6.0,1.0,6.0,3.0,,,3.0,1.0,Completed,1.08,7.0,1.12,5.65,1.13,5.5,1.13,7.45,1.07,7.0,1.14,8.0,1.11,6.39
ATP,2011,31,Paris,French Open,2011-05-25,Grand Slam,Outdoor,Clay,2nd Round,5,Darcis S.,Petzschner P.,135,80.0,426,650.0,7.0,5.0,6.0,4.0,6.0,4.0,,,,,3.0,0.0,Completed,2.37,1.53,2.35,1.55,2.38,1.53,2.35,1.67,2.38,1.53,2.4,1.7,2.29,1.59
ATP,2011,31,Paris,French Open,2011-05-25,Grand Slam,Outdoor,Clay,2nd Round,5,Del Potro J.M.,Kavcic B.,26,82.0,1355,636.0,6.0,3.0,6.0,2.0,6.0,4.0,,,,,3.0,0.0,Completed,1.04,10.0,1.05,8.5,1.05,8.5,1.05,13.0,1.07,7.0,1.07,14.9,1.05,9.7
ATP,2011,31,Paris,French Open,2011-05-25,Grand Slam,Outdoor,Clay,2nd Round,5,Montanes A.,Ramirez-Hidalgo R.,38,117.0,1110,470.0,6.0,7.0,6.0,4.0,6.0,1.0,6.0,2.0,,,3.0,1.0,Completed,1.12,5.5,1.17,4.65,1.17,4.5,1.16,6.23,1.17,4.5,1.2,6.23,1.15,5.1
ATP,2011,31,Paris,French Open,2011-05-25,Grand Slam,Outdoor,Clay,2nd Round,5,Gasquet R.,Granollers M.,16,47.0,1755,988.0,4.0,6.0,6.0,3.0,6.0,2.0,6.0,4.0,,,3.0,1.0,Completed,1.08,7.0,1.08,7.0,1.11,6.0,1.09,8.81,1.08,7.5,1.12,9.24,1.09,7.17
ATP,2011,31,Paris,French Open,2011-05-25,Grand Slam,Outdoor,Clay,2nd Round,5,Youzhny M.,Kukushkin M.,13,62.0,2010,842.0,6.0,3.0,7.0,5.0,6.0,4.0,,,,,3.0,0.0,Completed,1.3,3.4,1.3,3.35,1.29,3.5,1.37,3.39,1.29,3.25,1.37,3.6,1.32,3.3
ATP,2011,31,Paris,French Open,2011-05-25,Grand Slam,Outdoor,Clay,2nd Round,5,Bellucci T.,Seppi A.,25,51.0,1395,930.0,6.0,1.0,6.0,2.0,6.0,4.0,,,,,3.0,0.0,Completed,1.33,3.25,1.35,3.0,1.36,3.0,1.34,3.6,1.33,3.0,1.4,3.63,1.34,3.14
ATP,2011,31,Paris,French Open,2011-05-25,Grand Slam,Outdoor,Clay,2nd Round,5,Djokovic N.,Hanescu V.,2,60.0,11665,850.0,6.0,4.0,6.0,1.0,2.0,3.0,,,,,2.0,0.0,Retired,1.005,21.0,1.01,15.0,1.01,17.0,1.01,56.0,1.01,21.0,1.02,62.75,1.01,24.11
ATP,2011,31,Paris,French Open,2011-05-25,Grand Slam,Outdoor,Clay,2nd Round,5,Garcia-Lopez G.,Ilhan M.,33,123.0,1205,458.0,6.0,4.0,1.0,6.0,6.0,2.0,4.0,6.0,11.0,1.0,3.0,2.0,Completed,1.22,4.0,1.22,4.0,1.2,4.33,1.28,4.15,1.22,3.75,1.28,4.5,1.22,4.11
ATP,2011,31,Paris,French Open,2011-05-25,Grand Slam,Outdoor,Clay,2nd Round,5,Fognini F.,Robert S.,49,140.0,960,419.0,6.0,2.0,6.0,1.0,6.0,0.0,,,,,3.0,0.0,Completed,1.57,2.25,1.6,2.25,1.57,2.25,1.6,2.5,1.67,2.1,1.67,2.5,1.61,2.26
ATP,2011,31,Paris,French Open,2011-05-25,Grand Slam,Outdoor,Clay,2nd Round,5,Tsonga J.W.,Andreev I.,17,92.0,1570,575.0,6.0,3.0,7.0,6.0,6.0,3.0,,,,,3.0,0.0,Completed,1.16,4.5,1.22,4.0,1.17,4.5,1.24,4.65,1.25,3.75,1.25,5.0,1.19,4.53
ATP,2011,31,Paris,French Open,2011-05-25,Grand Slam,Outdoor,Clay,2nd Round,5,Wawrinka S.,Schoorel T.,14,108.0,1920,485.0,6.0,3.0,6.0,2.0,6.0,4.0,,,,,3.0,0.0,Completed,1.28,3.5,1.3,3.3,1.3,3.4,1.34,3.6,1.22,4.0,1.34,4.0,1.3,3.44
ATP,2011,31,Paris,French Open,2011-05-26,Grand Slam,Outdoor,Clay,2nd Round,5,Falla A.,Mayer F.,120,19.0,462,1555.0,4.0,6.0,7.0,6.0,6.0,1.0,6.0,2.0,,,3.0,1.0,Completed,5.0,1.14,4.75,1.16,4.5,1.17,5.39,1.19,5.0,1.14,5.7,1.2,4.87,1.17
ATP,2011,31,Paris,French Open,2011-05-26,Grand Slam,Outdoor,Clay,2nd Round,5,Ljubicic I.,Querrey S.,37,28.0,1120,1325.0,7.0,6.0,6.0,4.0,6.0,4.0,,,,,3.0,0.0,Completed,1.57,2.25,1.55,2.35,1.62,2.2,1.58,2.56,1.62,2.2,1.74,2.58,1.58,2.32
ATP,2011,31,Paris,French Open,2011-05-26,Grand Slam,Outdoor,Clay,2nd Round,5,Soderling R.,Ramos A.,5,117.0,5435,470.0,6.0,3.0,6.0,4.0,6.0,4.0,,,,,3.0,0.0,Completed,1.02,12.0,1.03,10.0,1.04,9.0,1.03,20.0,1.03,11.0,1.07,25.37,1.03,12.25
ATP,2011,31,Paris,French Open,2011-05-26,Grand Slam,Outdoor,Clay,2nd Round,5,Kubot L.,Berlocq C.,122,69.0,458,720.0,6.0,3.0,7.0,6.0,6.0,3.0,,,,,3.0,0.0,Completed,1.66,2.1,1.7,2.08,1.67,2.1,1.81,2.12,1.73,2.0,1.81,2.21,1.7,2.09
ATP,2011,31,Paris,French Open,2011-05-26,Grand Slam,Outdoor,Clay,2nd Round,5,Fish M.,Haase R.,10,54.0,2395,914.0,7.0,6.0,6.0,2.0,6.0,1.0,,,,,3.0,0.0,Completed,1.61,2.2,1.55,2.35,1.62,2.2,1.72,2.26,1.53,2.5,1.77,2.5,1.62,2.24
ATP,2011,31,Paris,French Open,2011-05-26,Grand Slam,Outdoor,Clay,2nd Round,5,Verdasco F.,Malisse X.,20,40.0,1515,1070.0,4.0,6.0,6.0,3.0,7.0,6.0,6.0,1.0,,,3.0,1.0,Completed,1.14,5.0,1.16,4.75,1.17,4.5,1.19,5.35,1.17,4.5,1.2,5.5,1.17,4.84
ATP,2011,31,Paris,French Open,2011-05-26,Grand Slam,Outdoor,Clay,2nd Round,5,Murray A.,Bolelli S.,4,126.0,6085,451.0,7.0,6.0,6.0,4.0,7.0,5.0,,,,,3.0,0.0,Completed,1.01,13.0,1.03,10.0,1.04,9.0,1.03,17.5,1.04,9.0,1.05,19.21,1.03,12.76
ATP,2011,31,Paris,French Open,2011-05-26,Grand Slam,Outdoor,Clay,2nd Round,5,Mayer L.,Baghdatis M.,19,29.0,1555,1295.0,7.0,5.0,6.0,4.0,7.0,6.0,,,,,3.0,0.0,Completed,2.25,1.57,2.15,1.65,2.2,1.62,2.29,1.7,2.2,1.62,2.47,1.7,2.22,1.62
ATP,2011,31,Paris,French Open,2011-05-26,Grand Slam,Outdoor,Clay,2nd Round,5,Veic A.,Davydenko N.,227,30.0,217,1285.0,3.0,6.0,6.0,2.0,7.0,5.0,3.0,6.0,6.0,1.0,3.0,2.0,Completed,6.5,1.1,5.75,1.12,5.5,1.13,7.55,1.13,6.0,1.1,7.55,1.15,6.25,1.11
ATP,2011,31,Paris,French Open,2011-05-26,Grand Slam,Outdoor,Clay,2nd Round,5,Nadal R.,Andujar P.,1,48.0,12070,985.0,7.0,5.0,6.0,3.0,7.0,6.0,,,,,3.0,0.0,Completed,1.005,21.0,1.01,15.0,1.01,17.0,1.01,41.0,1.01,23.0,1.02,57.0,1.01,21.11
ATP,2011,31,Paris,French Open,2011-05-26,Grand Slam,Outdoor,Clay,2nd Round,5,Chela J.I.,Anderson K.,34,35.0,1160,1150.0,3.0,6.0,6.0,3.0,6.0,4.0,4.0,6.0,6.0,2.0,3.0,2.0,Completed,1.4,2.75,1.45,2.65,1.4,2.75,1.52,2.74,1.36,2.88,1.52,2.95,1.42,2.76
ATP,2011,31,Paris,French Open,2011-05-26,Grand Slam,Outdoor,Clay,2nd Round,5,Rosol L.,Melzer J.,111,8.0,476,2850.0,6.0,7.0,6.0,4.0,4.0,6.0,7.0,6.0,6.0,4.0,3.0,2.0,Completed,5.5,1.12,5.0,1.15,4.5,1.17,5.91,1.17,5.0,1.14,6.0,1.18,5.27,1.14
ATP,2011,31,Paris,French Open,2011-05-26,Grand Slam,Outdoor,Clay,2nd Round,5,Troicki V.,Kamke T.,15,76.0,1840,663.0,6.0,2.0,6.0,2.0,7.0,6.0,,,,,3.0,0.0,Completed,1.12,5.5,1.15,5.0,1.14,5.0,1.18,5.6,1.14,5.0,1.18,6.0,1.14,5.3
ATP,2011,31,Paris,French Open,2011-05-26,Grand Slam,Outdoor,Clay,2nd Round,5,Berrer M.,Clement A.,95,158.0,555,359.0,7.0,6.0,3.0,6.0,7.0,5.0,6.0,4.0,,,3.0,1.0,Completed,1.57,2.25,1.6,2.25,1.57,2.25,1.74,2.23,1.57,2.25,1.74,2.42,1.62,2.23
ATP,2011,31,Paris,French Open,2011-05-26,Grand Slam,Outdoor,Clay,2nd Round,5,Simon G.,Chardy J.,18,61.0,1565,845.0,4.0,6.0,6.0,4.0,6.0,1.0,6.0,4.0,,,3.0,1.0,Completed,1.28,3.5,1.3,3.3,1.3,3.4,1.34,3.56,1.29,3.25,1.34,3.75,1.3,3.4
ATP,2011,31,Paris,French Open,2011-05-26,Grand Slam,Outdoor,Clay,2nd Round,5,Dolgopolov O.,Haider-Maurer A.,22,88.0,1450,582.0,6.0,2.0,6.0,4.0,6.0,2.0,,,,,3.0,0.0,Completed,1.14,5.0,1.15,5.0,1.14,5.0,1.25,4.5,1.14,5.0,1.25,5.5,1.18,4.72
ATP,2011,31,Paris,French Open,2011-05-27,Grand Slam,Outdoor,Clay,3rd Round,5,Ferrer D.,Stakhovsky S.,7,36.0,4060,1145.0,6.0,1.0,6.0,1.0,6.0,3.0,,,,,3.0,0.0,Completed,1.01,13.0,1.05,8.5,1.05,8.5,1.04,17.0,1.05,9.0,1.05,17.5,1.03,11.83
ATP,2011,31,Paris,French Open,2011-05-27,Grand Slam,Outdoor,Clay,3rd Round,5,Federer R.,Tipsarevic J.,3,32.0,8390,1225.0,6.0,1.0,6.0,4.0,6.0,3.0,,,,,3.0,0.0,Completed,1.05,9.0,1.07,7.5,1.06,8.0,1.09,10.15,1.07,8.0,1.09,11.5,1.06,8.43
ATP,2011,31,Paris,French Open,2011-05-27,Grand Slam,Outdoor,Clay,3rd Round,5,Fognini F.,Garcia-Lopez G.,49,33.0,960,1205.0,4.0,6.0,6.0,3.0,6.0,3.0,6.0,1.0,,,3.0,1.0,Completed,1.53,2.37,1.53,2.4,1.57,2.25,1.6,2.53,1.57,2.38,1.62,2.55,1.55,2.4
ATP,2011,31,Paris,French Open,2011-05-27,Grand Slam,Outdoor,Clay,3rd Round,5,Montanes A.,Youzhny M.,38,13.0,1110,2010.0,6.0,1.0,7.0,6.0,6.0,1.0,,,,,3.0,0.0,Completed,2.0,1.72,2.0,1.75,2.2,1.62,2.11,1.83,2.1,1.73,2.2,1.83,2.07,1.72
ATP,2011,31,Paris,French Open,2011-05-27,Grand Slam,Outdoor,Clay,3rd Round,5,Monfils G.,Darcis S.,9,135.0,2465,426.0,6.0,3.0,6.0,4.0,7.0,5.0,,,,,3.0,0.0,Completed,1.16,4.5,1.22,4.0,1.25,3.75,1.24,4.64,1.25,3.75,1.25,4.9,1.21,4.24
ATP,2011,31,Paris,French Open,2011-05-27,Grand Slam,Outdoor,Clay,3rd Round,5,Wawrinka S.,Tsonga J.W.,14,17.0,1920,1570.0,4.0,6.0,6.0,7.0,7.0,6.0,6.0,2.0,6.0,3.0,3.0,2.0,Completed,2.1,1.66,2.08,1.7,2.2,1.62,2.29,1.71,2.1,1.73,2.3,1.75,2.15,1.67
ATP,2011,31,Paris,French Open,2011-05-27,Grand Slam,Outdoor,Clay,3rd Round,5,Gasquet R.,Bellucci T.,16,25.0,1755,1395.0,6.0,2.0,6.0,3.0,3.0,6.0,6.0,3.0,,,3.0,1.0,Completed,1.57,2.25,1.6,2.25,1.53,2.38,1.64,2.45,1.67,2.2,1.67,5.0,1.54,2.6
ATP,2011,31,Paris,French Open,2011-05-28,Grand Slam,Outdoor,Clay,3rd Round,5,Troicki V.,Dolgopolov O.,15,22.0,1840,1450.0,6.0,4.0,3.0,6.0,6.0,3.0,6.0,4.0,,,3.0,1.0,Completed,2.2,1.61,2.15,1.65,2.2,1.62,2.18,1.78,2.2,1.67,2.3,1.78,2.17,1.66
ATP,2011,31,Paris,French Open,2011-05-28,Grand Slam,Outdoor,Clay,3rd Round,5,Murray A.,Berrer M.,4,95.0,6085,555.0,6.0,2.0,6.0,3.0,6.0,2.0,,,,,3.0,0.0,Completed,1.01,13.0,1.03,10.0,1.03,10.0,1.03,19.0,1.01,15.0,1.05,27.1,1.03,13.98
ATP,2011,31,Paris,French Open,2011-05-28,Grand Slam,Outdoor,Clay,3rd Round,5,Nadal R.,Veic A.,1,227.0,12070,217.0,6.0,1.0,6.0,3.0,6.0,0.0,,,,,3.0,0.0,Completed,1.005,21.0,1.01,15.0,1.01,17.0,1.01,41.0,1.0,81.0,1.01,81.0,1.01,24.18
ATP,2011,31,Paris,French Open,2011-05-28,Grand Slam,Outdoor,Clay,3rd Round,5,Chela J.I.,Rosol L.,34,111.0,1160,476.0,6.0,2.0,6.0,4.0,3.0,6.0,7.0,6.0,,,3.0,1.0,Completed,1.22,4.0,1.25,3.7,1.25,3.75,1.27,4.25,1.25,3.75,1.27,5.3,1.23,4.01
ATP,2011,31,Paris,French Open,2011-05-28,Grand Slam,Outdoor,Clay,3rd Round,5,Simon G.,Fish M.,18,10.0,1565,2395.0,6.0,3.0,6.0,4.0,6.0,2.0,,,,,3.0,0.0,Completed,1.5,2.5,1.5,2.5,1.5,2.5,1.52,2.78,1.44,2.75,1.59,2.78,1.51,2.52
ATP,2011,31,Paris,French Open,2011-05-28,Grand Slam,Outdoor,Clay,3rd Round,5,Falla A.,Kubot L.,120,122.0,462,458.0,6.0,7.0,6.0,4.0,7.0,5.0,6.0,4.0,,,3.0,1.0,Completed,2.0,1.72,2.0,1.75,2.1,1.67,2.13,1.82,2.2,1.67,2.2,1.83,2.07,1.72
ATP,2011,31,Paris,French Open,2011-05-28,Grand Slam,Outdoor,Clay,3rd Round,5,Djokovic N.,Del Potro J.M.,2,26.0,11665,1355.0,6.0,3.0,3.0,6.0,6.0,3.0,6.0,2.0,,,3.0,1.0,Completed,1.12,5.5,1.15,5.0,1.14,5.0,1.16,6.5,1.14,5.5,1.18,7.0,1.13,5.6
ATP,2011,31,Paris,French Open,2011-05-28,Grand Slam,Outdoor,Clay,3rd Round,5,Ljubicic I.,Verdasco F.,37,20.0,1120,1515.0,6.0,3.0,7.0,6.0,6.0,4.0,,,,,3.0,0.0,Completed,2.75,1.4,2.5,1.5,2.5,1.5,2.67,1.55,2.5,1.53,2.75,1.55,2.54,1.5
ATP,2011,31,Paris,French Open,2011-05-28,Grand Slam,Outdoor,Clay,3rd Round,5,Soderling R.,Mayer L.,5,19.0,5435,1555.0,6.0,1.0,6.0,4.0,6.0,3.0,,,,,3.0,0.0,Completed,1.07,7.5,1.1,6.25,1.1,6.5,1.11,8.44,1.08,7.5,1.11,9.24,1.08,7.93
ATP,2011,31,Paris,French Open,2011-05-29,Grand Slam,Outdoor,Clay,4th Round,5,Fognini F.,Montanes A.,49,38.0,960,1110.0,4.0,6.0,6.0,4.0,3.0,6.0,6.0,3.0,11.0,9.0,3.0,2.0,Completed,2.62,1.44,2.5,1.5,2.63,1.44,2.68,1.55,2.63,1.5,2.8,1.55,2.58,1.49
ATP,2011,31,Paris,French Open,2011-05-29,Grand Slam,Outdoor,Clay,4th Round,5,Federer R.,Wawrinka S.,3,14.0,8390,1920.0,6.0,3.0,6.0,2.0,7.0,5.0,,,,,3.0,0.0,Completed,1.06,8.0,1.09,6.5,1.11,6.0,1.12,8.11,1.13,6.0,1.13,8.11,1.09,7.03
ATP,2011,31,Paris,French Open,2011-05-29,Grand Slam,Outdoor,Clay,4th Round,5,Djokovic N.,Gasquet R.,2,16.0,11665,1755.0,6.0,4.0,6.0,4.0,6.0,2.0,,,,,3.0,0.0,Completed,1.04,10.0,1.06,8.0,1.06,8.0,1.07,11.5,1.07,8.0,1.1,12.42,1.05,9.45
ATP,2011,31,Paris,French Open,2011-05-30,Grand Slam,Outdoor,Clay,4th Round,5,Chela J.I.,Falla A.,34,120.0,1160,462.0,4.0,6.0,6.0,2.0,1.0,6.0,7.0,6.0,6.0,2.0,3.0,2.0,Completed,1.33,3.25,1.35,3.0,1.4,2.75,1.37,3.41,1.36,3.0,1.44,3.48,1.35,3.11
ATP,2011,31,Paris,French Open,2011-05-30,Grand Slam,Outdoor,Clay,4th Round,5,Nadal R.,Ljubicic I.,1,37.0,12070,1120.0,7.0,5.0,6.0,3.0,6.0,3.0,,,,,3.0,0.0,Completed,1.01,15.0,1.03,10.0,1.03,10.0,1.03,19.0,1.01,19.0,1.04,25.37,1.02,14.91
ATP,2011,31,Paris,French Open,2011-05-30,Grand Slam,Outdoor,Clay,4th Round,5,Monfils G.,Ferrer D.,9,7.0,2465,4060.0,6.0,4.0,2.0,6.0,7.0,5.0,1.0,6.0,8.0,6.0,3.0,2.0,Completed,4.0,1.22,3.75,1.25,4.0,1.22,4.22,1.28,4.0,1.22,4.22,1.33,3.82,1.25
ATP,2011,31,Paris,French Open,2011-05-30,Grand Slam,Outdoor,Clay,4th Round,5,Soderling R.,Simon G.,5,18.0,5435,1565.0,6.0,2.0,6.0,3.0,7.0,6.0,,,,,3.0,0.0,Completed,1.33,3.25,1.35,3.0,1.33,3.25,1.44,3.09,1.33,3.25,1.44,3.4,1.35,3.12
ATP,2011,31,Paris,French Open,2011-05-31,Grand Slam,Outdoor,Clay,4th Round,5,Murray A.,Troicki V.,4,15.0,6085,1840.0,4.0,6.0,4.0,6.0,6.0,3.0,6.0,2.0,7.0,5.0,3.0,2.0,Completed,1.22,4.0,1.35,3.0,1.36,3.0,1.32,3.84,1.33,3.25,1.4,4.0,1.31,3.35
ATP,2011,31,Paris,French Open,2011-05-30,Grand Slam,Outdoor,Clay,Quarterfinals,5,Djokovic N.,Fognini F.,2,49.0,11665,960.0,,,,,,,,,,,,,Walkover,,21.0,1.01,15.0,1.01,21.0,1.01,61.0,1.01,21.0,1.01,63.32,1.01,23.84
ATP,2011,31,Paris,French Open,2011-05-31,Grand Slam,Outdoor,Clay,Quarterfinals,5,Federer R.,Monfils G.,3,9.0,8390,2465.0,6.0,4.0,6.0,3.0,7.0,6.0,,,,,3.0,0.0,Completed,1.11,6.5,1.1,6.21,1.13,5.5,1.16,6.35,1.14,5.5,1.16,6.8,1.13,5.88
ATP,2011,31,Paris,French Open,2011-06-01,Grand Slam,Outdoor,Clay,Quarterfinals,5,Murray A.,Chela J.I.,4,34.0,6085,1160.0,7.0,6.0,7.0,5.0,6.0,2.0,,,,,3.0,0.0,Completed,1.12,6.0,1.18,4.5,1.14,5.0,1.18,5.88,1.13,6.0,1.18,6.0,1.15,5.39
ATP,2011,31,Paris,French Open,2011-06-01,Grand Slam,Outdoor,Clay,Quarterfinals,5,Nadal R.,Soderling R.,1,5.0,12070,5435.0,6.0,4.0,6.0,1.0,7.0,6.0,,,,,3.0,0.0,Completed,1.28,3.6,1.3,3.3,1.3,3.4,1.33,3.77,1.33,3.25,1.36,3.77,1.31,3.38
ATP,2011,31,Paris,French Open,2011-06-03,Grand Slam,Outdoor,Clay,Semifinals,5,Nadal R.,Murray A.,1,4.0,12070,6085.0,6.0,4.0,7.0,5.0,6.0,4.0,,,,,3.0,0.0,Completed,1.14,5.5,1.13,5.5,1.17,4.5,1.16,6.67,1.14,5.5,1.2,6.67,1.14,5.48
ATP,2011,31,Paris,French Open,2011-06-03,Grand Slam,Outdoor,Clay,Semifinals,5,Federer R.,Djokovic N.,3,2.0,8390,11665.0,7.0,6.0,6.0,3.0,3.0,6.0,7.0,6.0,,,3.0,1.0,Completed,3.4,1.33,3.32,1.3,3.25,1.33,3.42,1.38,3.0,1.36,3.48,1.45,3.15,1.36
ATP,2011,31,Paris,French Open,2011-06-05,Grand Slam,Outdoor,Clay,The Final,5,Nadal R.,Federer R.,1,3.0,12070,8390.0,7.0,5.0,7.0,6.0,5.0,7.0,6.0,1.0,,,3.0,1.0,Completed,1.36,3.2,1.4,2.8,1.4,3.0,1.39,3.37,1.4,3.0,3.37,1.47,2.99,1.4
ATP,2011,36,London,Wimbledon,2011-06-20,Grand Slam,Outdoor,Grass,1st Round,5,Sweeting R.,Andujar P.,69,50.0,726,960.0,3.0,6.0,4.0,6.0,6.0,1.0,7.0,6.0,6.0,1.0,3.0,2.0,Completed,1.28,3.5,1.3,3.3,1.33,3.25,1.35,3.49,1.29,3.25,1.35,3.75,1.3,3.36
ATP,2011,36,London,Wimbledon,2011-06-20,Grand Slam,Outdoor,Grass,1st Round,5,Schuettler R.,Bellucci T.,113,28.0,481,1305.0,7.0,6.0,6.0,4.0,6.0,2.0,,,,,3.0,0.0,Completed,2.1,1.66,2.0,1.75,2.25,1.57,2.21,1.75,2.2,1.62,2.3,1.75,2.13,1.67
ATP,2011,36,London,Wimbledon,2011-06-20,Grand Slam,Outdoor,Grass,1st Round,5,Fish M.,Granollers M.,9,279.0,2335,170.0,7.0,6.0,7.0,6.0,6.0,4.0,,,,,3.0,0.0,Completed,1.1,6.5,1.12,5.75,1.13,5.5,1.13,7.11,1.14,5.0,1.15,7.25,1.12,5.97
ATP,2011,36,London,Wimbledon,2011-06-20,Grand Slam,Outdoor,Grass,1st Round,5,Istomin D.,Kohlschreiber P.,65,39.0,770,1160.0,4.0,6.0,6.0,3.0,6.0,3.0,6.0,3.0,,,3.0,1.0,Completed,4.0,1.22,4.0,1.22,3.75,1.25,4.22,1.27,4.0,1.2,4.4,1.29,3.95,1.23
ATP,2011,36,London,Wimbledon,2011-06-20,Grand Slam,Outdoor,Grass,1st Round,5,Muller G.,Haas T.,92,895.0,566,10.0,7.0,6.0,7.0,6.0,3.0,6.0,6.0,3.0,,,3.0,1.0,Completed,1.66,2.1,1.65,2.15,1.67,2.1,1.74,2.22,1.73,2.0,1.74,2.3,1.68,2.11
ATP,2011,36,London,Wimbledon,2011-06-20,Grand Slam,Outdoor,Grass,1st Round,5,Bogomolov A.,Young D.,72,111.0,661,485.0,7.0,5.0,4.0,6.0,6.0,3.0,6.0,1.0,,,3.0,1.0,Completed,1.72,2.0,1.8,1.95,1.73,2.0,1.98,1.93,1.73,2.0,1.98,2.02,1.82,1.91
ATP,2011,36,London,Wimbledon,2011-06-20,Grand Slam,Outdoor,Grass,1st Round,5,Raonic M.,Gicquel M.,25,119.0,1354,463.0,6.0,3.0,7.0,6.0,6.0,3.0,,,,,3.0,0.0,Completed,,,,,,,,,1.06,8.5,1.06,12.0,1.04,10.83
ATP,2011,36,London,Wimbledon,2011-06-20,Grand Slam,Outdoor,Grass,1st Round,5,Lopez F.,Berrer M.,44,76.0,1020,635.0,6.0,4.0,7.0,5.0,6.0,3.0,,,,,3.0,0.0,Completed,1.14,5.0,1.18,4.5,1.17,4.5,1.18,5.68,1.2,4.0,1.22,5.8,1.16,4.89
ATP,2011,36,London,Wimbledon,2011-06-20,Grand Slam,Outdoor,Grass,1st Round,5,Zemlja G.,Lacko L.,157,148.0,361,382.0,6.0,4.0,3.0,6.0,7.0,6.0,6.0,4.0,,,3.0,1.0,Completed,2.5,1.5,2.65,1.45,2.25,1.57,2.68,1.53,2.38,1.53,2.69,1.62,2.45,1.53
ATP,2011,36,London,Wimbledon,2011-06-20,Grand Slam,Outdoor,Grass,1st Round,5,Nadal R.,Russell M.,1,90.0,12070,573.0,6.0,4.0,6.0,2.0,6.0,2.0,,,,,3.0,0.0,Completed,1.005,21.0,1.01,15.0,1.01,21.0,1.01,66.0,1.0,34.0,1.01,71.37,1.01,24.71
ATP,2011,36,London,Wimbledon,2011-06-20,Grand Slam,Outdoor,Grass,1st Round,5,Wawrinka S.,Starace P.,14,49.0,1900,960.0,6.0,3.0,6.0,4.0,6.0,4.0,,,,,3.0,0.0,Completed,1.07,7.5,1.11,5.9,1.11,6.0,1.1,8.95,1.14,5.0,1.14,9.24,1.09,7.01
ATP,2011,36,London,Wimbledon,2011-06-20,Grand Slam,Outdoor,Grass,1st Round,5,Bolelli S.,Fischer M.,116,151.0,470,372.0,7.0,5.0,6.0,4.0,6.0,4.0,,,,,3.0,0.0,Completed,1.72,2.0,1.85,1.9,1.67,2.1,1.85,2.06,1.73,2.0,1.88,2.6,1.79,1.97
ATP,2011,36,London,Wimbledon,2011-06-20,Grand Slam,Outdoor,Grass,1st Round,5,Monfils G.,Bachinger M.,8,98.0,2780,551.0,6.0,4.0,7.0,6.0,6.0,3.0,,,,,3.0,0.0,Completed,1.07,7.5,1.1,6.5,1.08,7.0,1.1,8.95,1.08,7.5,1.1,9.24,1.08,7.43
ATP,2011,36,London,Wimbledon,2011-06-20,Grand Slam,Outdoor,Grass,1st Round,5,Benneteau J.,Bemelmans R.,77,163.0,633,346.0,6.0,4.0,6.0,2.0,3.0,6.0,4.0,6.0,6.0,1.0,3.0,2.0,Completed,1.5,2.5,1.6,2.25,1.44,2.63,1.62,2.44,1.5,2.5,1.64,2.63,1.53,2.43
ATP,2011,36,London,Wimbledon,2011-06-20,Grand Slam,Outdoor,Grass,1st Round,5,Gasquet R.,Giraldo S.,13,64.0,1925,790.0,7.0,5.0,6.0,3.0,7.0,6.0,,,,,3.0,0.0,Completed,1.11,6.0,1.15,5.0,1.17,4.5,1.14,6.87,1.17,4.5,1.17,6.87,1.13,5.54
ATP,2011,36,London,Wimbledon,2011-06-20,Grand Slam,Outdoor,Grass,1st Round,5,Kunitsyn I.,Sijsling I.,66,188.0,746,288.0,6.0,3.0,6.0,4.0,6.0,2.0,,,,,3.0,0.0,Completed,1.44,2.62,1.45,2.65,1.44,2.63,1.52,2.73,1.44,2.63,1.57,2.8,1.46,2.59
ATP,2011,36,London,Wimbledon,2011-06-20,Grand Slam,Outdoor,Grass,1st Round,5,Sela D.,Gil F.,84,91.0,603,571.0,6.0,4.0,6.0,1.0,6.0,4.0,,,,,3.0,0.0,Completed,1.12,5.5,1.15,5.0,1.17,4.5,1.17,5.83,1.14,5.0,1.2,5.92,1.15,5.07
ATP,2011,36,London,Wimbledon,2011-06-20,Grand Slam,Outdoor,Grass,1st Round,5,Berdych T.,Volandri F.,7,81.0,3490,618.0,6.0,2.0,6.0,2.0,6.0,1.0,,,,,3.0,0.0,Completed,1.01,15.0,1.03,10.0,1.02,11.0,1.02,31.0,1.01,15.0,1.03,34.0,1.02,16.15
ATP,2011,36,London,Wimbledon,2011-06-20,Grand Slam,Outdoor,Grass,1st Round,5,Murray A.,Gimeno-Traver D.,4,59.0,6855,874.0,4.0,6.0,6.0,3.0,6.0,0.0,6.0,0.0,,,3.0,1.0,Completed,1.005,21.0,1.01,15.0,1.01,17.0,1.01,66.0,1.0,34.0,1.02,66.0,1.01,23.49
ATP,2011,36,London,Wimbledon,2011-06-21,Grand Slam,Outdoor,Grass,1st Round,5,Verdasco F.,Stepanek R.,22,60.0,1425,873.0,2.0,6.0,4.0,6.0,6.0,3.0,7.0,6.0,9.0,7.0,3.0,2.0,Completed,1.53,2.37,1.6,2.25,1.57,2.25,1.63,2.46,1.62,2.2,1.65,2.5,1.57,2.34
ATP,2011,36,London,Wimbledon,2011-06-21,Grand Slam,Outdoor,Grass,1st Round,5,Roddick A.,Beck A.,10,156.0,2200,363.0,6.0,4.0,7.0,6.0,6.0,3.0,,,,,3.0,0.0,Completed,1.02,12.0,1.03,10.0,1.04,9.0,1.03,17.5,1.05,8.0,1.05,17.5,1.03,11.43
ATP,2011,36,London,Wimbledon,2011-06-21,Grand Slam,Outdoor,Grass,1st Round,5,Haase R.,Riba P.,58,71.0,879,701.0,6.0,4.0,6.0,4.0,6.0,4.0,,,,,3.0,0.0,Completed,1.08,7.0,1.09,6.75,1.11,6.0,1.08,9.65,1.08,6.5,1.13,9.65,1.09,7.04
ATP,2011,36,London,Wimbledon,2011-06-21,Grand Slam,Outdoor,Grass,1st Round,5,Stakhovsky S.,Cox D.,46,273.0,995,176.0,6.0,2.0,6.0,4.0,6.0,4.0,,,,,3.0,0.0,Completed,1.05,9.0,1.08,7.0,1.07,7.5,1.07,11.5,1.05,8.0,1.08,12.0,1.06,8.8
ATP,2011,36,London,Wimbledon,2011-06-21,Grand Slam,Outdoor,Grass,1st Round,5,Beck K.,Berlocq C.,156,70.0,363,717.0,4.0,6.0,7.0,6.0,4.0,6.0,6.0,2.0,6.0,4.0,3.0,2.0,Completed,1.36,3.0,1.4,2.8,1.4,2.75,1.42,3.15,1.36,2.88,1.44,3.21,1.38,2.91
ATP,2011,36,London,Wimbledon,2011-06-21,Grand Slam,Outdoor,Grass,1st Round,5,Garcia-Lopez G.,Golubev A.,41,45.0,1120,1000.0,6.0,3.0,6.0,3.0,,,,,,,2.0,0.0,Retired,1.36,3.0,1.4,2.8,1.4,2.75,1.43,3.04,1.44,2.63,1.46,3.1,1.4,2.84
ATP,2011,36,London,Wimbledon,2011-06-21,Grand Slam,Outdoor,Grass,1st Round,5,Karlovic I.,Tipsarevic J.,144,29.0,397,1305.0,7.0,5.0,3.0,1.0,,,,,,,1.0,0.0,Retired,1.53,2.37,1.5,2.45,1.5,2.5,1.64,2.42,1.53,2.5,1.64,2.7,1.52,2.45
ATP,2011,36,London,Wimbledon,2011-06-21,Grand Slam,Outdoor,Grass,1st Round,5,Kubot L.,Clement A.,93,143.0,563,401.0,6.0,4.0,6.0,2.0,3.0,6.0,5.0,7.0,6.0,4.0,3.0,2.0,Completed,1.8,1.9,1.8,1.95,1.83,1.83,1.83,2.1,1.83,1.83,1.9,2.1,1.82,1.92
ATP,2011,36,London,Wimbledon,2011-06-21,Grand Slam,Outdoor,Grass,1st Round,5,Kamke T.,Kavcic B.,83,74.0,603,642.0,6.0,3.0,7.0,6.0,5.0,7.0,6.0,1.0,,,3.0,1.0,Completed,1.53,2.37,1.59,2.26,1.62,2.2,1.57,2.58,1.53,2.38,1.65,2.58,1.57,2.32
ATP,2011,36,London,Wimbledon,2011-06-21,Grand Slam,Outdoor,Grass,1st Round,5,Del Potro J.M.,Cipolla F.,21,112.0,1445,483.0,6.0,1.0,6.0,4.0,6.0,3.0,,,,,3.0,0.0,Completed,1.01,13.0,1.02,12.0,1.02,11.0,1.02,26.0,1.03,11.0,1.04,35.0,1.02,15.16
ATP,2011,36,London,Wimbledon,2011-06-21,Grand Slam,Outdoor,Grass,1st Round,5,Mannarino A.,Niland C.,55,181.0,923,298.0,4.0,6.0,6.0,4.0,7.0,6.0,4.0,6.0,6.0,4.0,3.0,2.0,Completed,1.28,3.5,1.35,3.0,1.33,3.25,1.3,3.88,1.29,3.25,1.36,3.88,1.3,3.36
ATP,2011,36,London,Wimbledon,2011-06-21,Grand Slam,Outdoor,Grass,1st Round,5,Simon G.,Roger-Vasselin E.,16,145.0,1745,393.0,4.0,6.0,6.0,4.0,6.0,3.0,7.0,6.0,,,3.0,1.0,Completed,1.33,3.25,1.35,3.0,1.33,3.25,1.36,3.46,1.36,2.88,1.39,3.48,1.34,3.15
ATP,2011,36,London,Wimbledon,2011-06-21,Grand Slam,Outdoor,Grass,1st Round,5,Chela J.I.,Matosevic M.,20,150.0,1475,375.0,6.0,4.0,6.0,4.0,6.0,7.0,6.0,2.0,,,3.0,1.0,Completed,2.2,1.61,2.08,1.7,2.0,1.73,2.19,1.76,2.0,1.73,2.25,1.8,2.09,1.7
ATP,2011,36,London,Wimbledon,2011-06-21,Grand Slam,Outdoor,Grass,1st Round,5,Lu Y.H.,Robredo T.,57,31.0,900,1235.0,6.0,4.0,6.0,4.0,6.0,1.0,,,,,3.0,0.0,Completed,1.61,2.2,1.6,2.25,1.67,2.1,1.71,2.27,1.62,2.2,1.73,2.38,1.63,2.21
ATP,2011,36,London,Wimbledon,2011-06-21,Grand Slam,Outdoor,Grass,1st Round,5,Youzhny M.,Monaco J.,17,43.0,1740,1025.0,4.0,6.0,6.0,2.0,6.0,2.0,4.0,6.0,6.0,4.0,3.0,2.0,Completed,1.25,3.75,1.29,3.4,1.33,3.25,1.3,3.91,1.29,3.25,1.33,4.0,1.28,3.52
ATP,2011,36,London,Wimbledon,2011-06-21,Grand Slam,Outdoor,Grass,1st Round,5,Hanescu V.,Pospisil J.,63,133.0,805,425.0,6.0,4.0,6.0,3.0,6.0,2.0,,,,,3.0,0.0,Completed,1.11,6.0,1.16,4.75,1.17,4.5,1.16,6.3,1.17,4.5,1.2,6.3,1.14,5.26
ATP,2011,36,London,Wimbledon,2011-06-21,Grand Slam,Outdoor,Grass,1st Round,5,Tomic B.,Davydenko N.,158,27.0,357,1330.0,7.0,5.0,6.0,3.0,7.0,5.0,,,,,3.0,0.0,Completed,1.66,2.1,1.6,2.25,1.62,2.2,1.69,2.31,1.62,2.2,1.7,2.38,1.61,2.24
ATP,2011,36,London,Wimbledon,2011-06-21,Grand Slam,Outdoor,Grass,1st Round,5,Ljubicic I.,Cilic M.,33,26.0,1210,1345.0,7.0,6.0,3.0,6.0,6.0,3.0,6.0,4.0,,,3.0,1.0,Completed,2.25,1.57,2.15,1.65,2.0,1.73,2.23,1.74,2.38,1.57,2.38,1.75,2.15,1.67
ATP,2011,36,London,Wimbledon,2011-06-21,Grand Slam,Outdoor,Grass,1st Round,5,Mayer F.,Evans D.,18,301.0,1600,149.0,7.0,6.0,7.0,6.0,3.0,6.0,6.0,4.0,,,3.0,1.0,Completed,1.03,11.0,1.05,8.5,1.05,8.5,1.06,12.25,1.05,8.0,1.08,12.25,1.05,9.54
ATP,2011,36,London,Wimbledon,2011-06-21,Grand Slam,Outdoor,Grass,1st Round,5,Troicki V.,Gonzalez M.,12,86.0,1930,586.0,3.0,6.0,6.0,0.0,7.0,6.0,6.0,3.0,,,3.0,1.0,Completed,1.02,12.0,1.04,9.5,1.05,8.5,1.04,16.0,1.05,8.0,1.05,18.1,1.04,11.22
ATP,2011,36,London,Wimbledon,2011-06-21,Grand Slam,Outdoor,Grass,1st Round,5,Federer R.,Kukushkin M.,3,61.0,9230,852.0,7.0,6.0,6.0,4.0,6.0,2.0,,,,,3.0,0.0,Completed,,34.0,1.01,12.5,1.01,21.0,1.01,61.0,1.01,21.0,1.01,71.37,1.01,26.37
ATP,2011,36,London,Wimbledon,2011-06-21,Grand Slam,Outdoor,Grass,1st Round,5,Baghdatis M.,Blake J.,30,102.0,1295,509.0,6.0,4.0,6.0,2.0,6.0,7.0,4.0,6.0,6.0,4.0,3.0,2.0,Completed,1.16,4.5,1.25,3.75,1.25,3.75,1.2,5.23,1.25,3.5,1.26,5.23,1.22,4.14
ATP,2011,36,London,Wimbledon,2011-06-21,Grand Slam,Outdoor,Grass,1st Round,5,Malisse X.,Zverev M.,42,103.0,1035,508.0,6.0,2.0,6.0,3.0,6.0,2.0,,,,,3.0,0.0,Completed,1.1,6.5,1.12,5.75,1.14,5.0,1.13,7.45,1.13,5.5,1.15,7.74,1.11,6.16
ATP,2011,36,London,Wimbledon,2011-06-21,Grand Slam,Outdoor,Grass,1st Round,5,Seppi A.,Montanes A.,38,34.0,1165,1200.0,6.0,4.0,6.0,4.0,7.0,5.0,,,,,3.0,0.0,Completed,1.33,3.25,1.4,2.8,1.4,2.75,1.36,3.43,1.4,2.75,1.45,3.43,1.37,3.01
ATP,2011,36,London,Wimbledon,2011-06-21,Grand Slam,Outdoor,Grass,1st Round,5,De Voest R.,Ramirez-Hidalgo R.,147,121.0,385,459.0,6.0,2.0,6.0,3.0,6.0,2.0,,,,,3.0,0.0,Completed,1.11,6.0,1.15,5.0,1.17,4.5,1.14,6.87,1.14,5.0,1.17,6.94,1.13,5.76
ATP,2011,36,London,Wimbledon,2011-06-21,Grand Slam,Outdoor,Grass,1st Round,5,Rochus O.,De Schepper K.,73,234.0,643,212.0,6.0,7.0,3.0,6.0,6.0,3.0,6.0,1.0,6.0,4.0,3.0,2.0,Completed,1.33,3.25,1.35,3.0,1.36,3.0,1.38,3.33,1.29,3.25,1.4,3.6,1.36,3.06
ATP,2011,36,London,Wimbledon,2011-06-21,Grand Slam,Outdoor,Grass,1st Round,5,Mello R.,Dancevic F.,89,164.0,574,343.0,3.0,6.0,3.0,6.0,6.0,4.0,7.0,6.0,6.0,2.0,3.0,2.0,Completed,5.0,1.14,4.5,1.18,4.5,1.17,5.61,1.18,4.0,1.2,5.81,1.2,4.81,1.17
ATP,2011,36,London,Wimbledon,2011-06-21,Grand Slam,Outdoor,Grass,1st Round,5,Ferrer D.,Paire B.,6,115.0,4150,475.0,6.0,4.0,6.0,4.0,6.0,4.0,,,,,3.0,0.0,Completed,1.02,12.0,1.05,8.5,1.06,8.0,1.03,17.5,1.05,8.0,1.07,17.5,1.04,11.29
ATP,2011,36,London,Wimbledon,2011-06-21,Grand Slam,Outdoor,Grass,1st Round,5,Nalbandian D.,Reister J.,23,135.0,1425,417.0,7.0,5.0,6.0,2.0,6.0,3.0,,,,,3.0,0.0,Completed,1.07,7.5,1.11,6.0,1.11,6.0,1.1,8.7,1.1,6.0,1.11,10.16,1.09,7.22
ATP,2011,36,London,Wimbledon,2011-06-21,Grand Slam,Outdoor,Grass,1st Round,5,Andreev I.,Gabashvili T.,79,129.0,630,441.0,6.0,4.0,7.0,6.0,6.0,7.0,4.0,6.0,6.0,3.0,3.0,2.0,Completed,1.44,2.62,1.5,2.5,1.53,2.38,1.5,2.8,1.53,2.38,1.53,2.8,1.47,2.6
ATP,2011,36,London,Wimbledon,2011-06-21,Grand Slam,Outdoor,Grass,1st Round,5,Gonzalez F.,Dolgopolov O.,478,24.0,65,1405.0,6.0,3.0,6.0,7.0,7.0,6.0,6.0,4.0,,,3.0,1.0,Completed,3.75,1.25,3.3,1.3,3.75,1.25,3.73,1.32,3.5,1.25,4.0,1.33,3.59,1.27
ATP,2011,36,London,Wimbledon,2011-06-21,Grand Slam,Outdoor,Grass,1st Round,5,Hewitt L.,Nishikori K.,130,52.0,440,935.0,6.0,1.0,7.0,6.0,6.0,7.0,6.0,3.0,,,3.0,1.0,Completed,1.53,2.37,1.7,2.09,1.67,2.1,1.68,2.33,1.67,2.1,1.75,2.38,1.66,2.16
ATP,2011,36,London,Wimbledon,2011-06-21,Grand Slam,Outdoor,Grass,1st Round,5,Soderling R.,Petzschner P.,5,67.0,4595,745.0,6.0,4.0,6.0,4.0,2.0,6.0,7.0,6.0,,,3.0,1.0,Completed,1.22,4.0,1.28,3.5,1.22,4.0,1.2,5.27,1.22,4.0,1.28,5.5,1.22,4.17
ATP,2011,36,London,Wimbledon,2011-06-21,Grand Slam,Outdoor,Grass,1st Round,5,Djokovic N.,Chardy J.,2,54.0,12005,930.0,6.0,4.0,6.0,1.0,6.0,1.0,,,,,3.0,0.0,Completed,1.01,15.0,1.02,12.0,1.02,11.0,1.01,38.5,1.01,13.0,1.02,38.5,1.01,17.73
ATP,2011,36,London,Wimbledon,2011-06-21,Grand Slam,Outdoor,Grass,1st Round,5,Llodra M.,Ward J.,35,192.0,1195,279.0,6.0,3.0,7.0,6.0,6.0,3.0,,,,,3.0,0.0,Completed,1.33,3.25,1.4,2.8,1.36,3.0,1.45,3.0,1.36,2.88,1.45,3.36,1.37,3.0
ATP,2011,36,London,Wimbledon,2011-06-21,Grand Slam,Outdoor,Grass,1st Round,5,Almagro N.,Nieminen J.,15,51.0,1875,936.0,6.0,7.0,6.0,3.0,6.0,4.0,6.0,4.0,,,3.0,1.0,Completed,1.57,2.25,1.55,2.35,1.62,2.2,1.7,2.29,1.57,2.25,1.7,2.4,1.6,2.27
ATP,2011,36,London,Wimbledon,2011-06-21,Grand Slam,Outdoor,Grass,1st Round,5,Melzer J.,Falla A.,11,88.0,2175,577.0,3.0,6.0,7.0,6.0,6.0,2.0,6.0,2.0,,,3.0,1.0,Completed,1.36,3.0,1.3,3.3,1.3,3.4,1.43,3.1,1.29,3.25,1.44,3.5,1.34,3.14
ATP,2011,36,London,Wimbledon,2011-06-21,Grand Slam,Outdoor,Grass,1st Round,5,Harrison R.,Dodig I.,122,37.0,458,1169.0,7.0,6.0,6.0,0.0,7.0,5.0,,,,,3.0,0.0,Completed,2.87,1.38,2.8,1.4,2.75,1.4,2.92,1.47,2.88,1.36,3.0,1.47,2.82,1.4
ATP,2011,36,London,Wimbledon,2011-06-21,Grand Slam,Outdoor,Grass,1st Round,5,Isner J.,Mahut N.,47,94.0,990,559.0,7.0,6.0,6.0,2.0,7.0,6.0,,,,,3.0,0.0,Completed,1.44,2.62,1.45,2.65,1.5,2.5,1.54,2.66,1.5,2.63,1.54,2.75,1.47,2.58
ATP,2011,36,London,Wimbledon,2011-06-21,Grand Slam,Outdoor,Grass,1st Round,5,Tsonga J.W.,Soeda G.,19,131.0,1585,434.0,6.0,3.0,7.0,6.0,6.0,2.0,,,,,3.0,0.0,Completed,1.01,15.0,1.03,10.0,1.02,11.0,1.03,20.0,1.03,10.0,1.03,27.1,1.02,14.82
ATP,2011,36,London,Wimbledon,2011-06-21,Grand Slam,Outdoor,Grass,1st Round,5,Haider-Maurer A.,Serra F.,78,126.0,631,446.0,7.0,6.0,6.0,3.0,6.0,3.0,,,,,3.0,0.0,Completed,1.66,2.1,1.75,2.0,1.73,2.0,1.85,2.06,1.73,2.0,1.87,2.1,1.76,2.0
ATP,2011,36,London,Wimbledon,2011-06-21,Grand Slam,Outdoor,Grass,1st Round,5,Devvarman S.,Gremelmayr D.,68,101.0,734,524.0,6.0,4.0,4.0,2.0,,,,,,,1.0,0.0,Retired,1.4,2.75,1.4,2.8,1.44,2.63,1.43,3.08,1.44,2.63,1.5,3.08,1.42,2.76
ATP,2011,36,London,Wimbledon,2011-06-22,Grand Slam,Outdoor,Grass,1st Round,5,Anderson K.,Marchenko I.,36,114.0,1185,478.0,6.0,7.0,7.0,6.0,6.0,4.0,4.0,6.0,6.0,1.0,3.0,2.0,Completed,1.12,5.5,1.2,4.25,1.2,4.33,1.19,5.54,1.18,4.33,1.22,5.54,1.17,4.73
ATP,2011,36,London,Wimbledon,2011-06-22,Grand Slam,Outdoor,Grass,1st Round,5,Dimitrov G.,Stebe C.M.,62,208.0,818,255.0,7.0,5.0,7.0,5.0,7.0,6.0,,,,,3.0,0.0,Completed,1.36,3.0,1.4,2.8,1.4,2.75,1.36,3.44,1.4,2.75,1.45,3.44,1.38,2.94
ATP,2011,36,London,Wimbledon,2011-06-22,Grand Slam,Outdoor,Grass,1st Round,5,Tursunov D.,Gulbis E.,53,75.0,934,635.0,6.0,3.0,3.0,6.0,7.0,6.0,7.0,6.0,,,3.0,1.0,Completed,1.33,3.25,1.33,3.15,1.36,3.0,1.36,3.44,1.36,3.0,1.38,3.44,1.34,3.15
ATP,2011,36,London,Wimbledon,2011-06-22,Grand Slam,Outdoor,Grass,2nd Round,5,Berdych T.,Benneteau J.,7,77.0,3490,633.0,6.0,1.0,6.0,4.0,6.0,2.0,,,,,3.0,0.0,Completed,1.1,6.5,1.1,6.5,1.13,5.5,1.14,6.69,1.13,6.0,1.15,7.0,1.11,5.91
ATP,2011,36,London,Wimbledon,2011-06-22,Grand Slam,Outdoor,Grass,2nd Round,5,Fish M.,Istomin D.,9,65.0,2335,770.0,7.0,6.0,6.0,4.0,6.0,4.0,,,,,3.0,0.0,Completed,1.25,3.75,1.25,3.65,1.29,3.5,1.31,3.87,1.25,3.75,1.31,4.1,1.26,3.7
ATP,2011,36,London,Wimbledon,2011-06-22,Grand Slam,Outdoor,Grass,2nd Round,5,Gasquet R.,Kunitsyn I.,13,66.0,1925,746.0,6.0,1.0,6.0,4.0,6.0,4.0,,,,,3.0,0.0,Completed,1.08,7.0,1.1,6.5,1.13,5.5,1.12,7.38,1.13,6.0,1.15,7.55,1.11,6.27
ATP,2011,36,London,Wimbledon,2011-06-22,Grand Slam,Outdoor,Grass,2nd Round,5,Bolelli S.,Wawrinka S.,116,14.0,470,1900.0,7.0,6.0,6.0,3.0,7.0,6.0,,,,,3.0,0.0,Completed,6.0,1.11,5.0,1.15,4.5,1.17,5.68,1.18,5.0,1.14,6.4,1.2,5.12,1.16
ATP,2011,36,London,Wimbledon,2011-06-22,Grand Slam,Outdoor,Grass,2nd Round,5,Nadal R.,Sweeting R.,1,69.0,12070,726.0,6.0,3.0,6.0,2.0,6.0,4.0,,,,,3.0,0.0,Completed,1.002,34.0,1.01,15.0,1.01,21.0,1.01,71.0,1.01,23.0,1.01,71.0,1.01,24.63
ATP,2011,36,London,Wimbledon,2011-06-22,Grand Slam,Outdoor,Grass,2nd Round,5,Bogomolov A.,Chela J.I.,72,20.0,661,1475.0,6.0,0.0,6.0,3.0,6.0,4.0,,,,,3.0,0.0,Completed,2.0,1.72,1.87,1.87,2.0,1.73,1.85,2.06,2.1,1.67,2.15,2.06,1.95,1.8
ATP,2011,36,London,Wimbledon,2011-06-22,Grand Slam,Outdoor,Grass,2nd Round,5,Kubot L.,Karlovic I.,93,144.0,563,397.0,7.0,6.0,6.0,3.0,6.0,3.0,,,,,3.0,0.0,Completed,3.25,1.33,3.0,1.35,3.0,1.36,3.39,1.38,2.75,1.4,3.41,1.4,3.08,1.35
ATP,2011,36,London,Wimbledon,2011-06-22,Grand Slam,Outdoor,Grass,2nd Round,5,Lopez F.,Schuettler R.,44,113.0,1020,481.0,7.0,6.0,6.0,7.0,6.0,2.0,6.0,2.0,,,3.0,1.0,Completed,1.28,3.5,1.25,3.75,1.29,3.5,1.33,3.64,1.29,3.5,1.35,3.9,1.28,3.54
ATP,2011,36,London,Wimbledon,2011-06-22,Grand Slam,Outdoor,Grass,2nd Round,5,Murray A.,Kamke T.,4,83.0,6855,603.0,6.0,3.0,6.0,3.0,7.0,5.0,,,,,3.0,0.0,Completed,1.01,15.0,1.01,13.0,1.02,11.0,1.02,31.0,1.02,11.0,1.03,37.0,1.01,16.67
ATP,2011,36,London,Wimbledon,2011-06-22,Grand Slam,Outdoor,Grass,2nd Round,5,Haase R.,Verdasco F.,58,22.0,879,1425.0,6.0,3.0,6.0,4.0,4.0,6.0,6.0,2.0,,,3.0,1.0,Completed,2.62,1.44,2.35,1.55,2.5,1.5,2.66,1.54,2.6,1.44,2.66,1.58,2.5,1.51
ATP,2011,36,London,Wimbledon,2011-06-22,Grand Slam,Outdoor,Grass,2nd Round,5,Monfils G.,Zemlja G.,8,157.0,2780,361.0,4.0,6.0,6.0,3.0,6.0,3.0,7.0,6.0,,,3.0,1.0,Completed,1.04,10.0,1.07,7.5,1.07,7.5,1.06,12.5,1.08,6.5,1.1,13.15,1.06,8.88
ATP,2011,36,London,Wimbledon,2011-06-22,Grand Slam,Outdoor,Grass,2nd Round,5,Muller G.,Raonic M.,92,25.0,566,1354.0,2.0,3.0,,,,,,,,,0.0,0.0,Retired,3.5,1.28,3.15,1.33,3.25,1.33,3.11,1.42,3.0,1.36,3.6,1.42,3.18,1.33
ATP,2011,36,London,Wimbledon,2011-06-22,Grand Slam,Outdoor,Grass,2nd Round,5,Simon G.,Sela D.,16,84.0,1745,603.0,7.0,6.0,6.0,4.0,7.0,5.0,,,,,3.0,0.0,Completed,1.5,2.5,1.55,2.35,1.5,2.5,1.59,2.52,1.53,2.38,1.6,2.6,1.53,2.43
ATP,2011,36,London,Wimbledon,2011-06-22,Grand Slam,Outdoor,Grass,2nd Round,5,Ljubicic I.,Stakhovsky S.,33,46.0,1210,995.0,6.0,4.0,6.0,4.0,6.0,2.0,,,,,3.0,0.0,Completed,1.5,2.5,1.5,2.5,1.44,2.63,1.58,2.55,1.5,2.5,1.6,2.7,1.51,2.49
ATP,2011,36,London,Wimbledon,2011-06-22,Grand Slam,Outdoor,Grass,2nd Round,5,Roddick A.,Hanescu V.,10,63.0,2200,805.0,6.0,4.0,6.0,3.0,6.0,4.0,,,,,3.0,0.0,Completed,1.05,9.0,1.06,8.0,1.08,7.0,1.06,11.75,1.05,8.0,1.1,11.75,1.06,8.67
ATP,2011,36,London,Wimbledon,2011-06-23,Grand Slam,Outdoor,Grass,2nd Round,5,Beck K.,Garcia-Lopez G.,156,41.0,363,1120.0,7.0,6.0,6.0,4.0,3.0,6.0,6.0,4.0,,,3.0,1.0,Completed,2.62,1.44,2.5,1.5,2.63,1.44,2.68,1.53,2.5,1.5,2.78,1.57,2.52,1.5
ATP,2011,36,London,Wimbledon,2011-06-23,Grand Slam,Outdoor,Grass,2nd Round,5,Soderling R.,Hewitt L.,5,130.0,4595,440.0,6.0,7.0,3.0,6.0,7.0,5.0,6.0,4.0,6.0,4.0,3.0,2.0,Completed,1.28,3.5,1.3,3.3,1.3,3.4,1.39,3.3,1.29,3.25,1.4,3.7,1.31,3.3
ATP,2011,36,London,Wimbledon,2011-06-23,Grand Slam,Outdoor,Grass,2nd Round,5,Djokovic N.,Anderson K.,2,36.0,12005,1185.0,6.0,3.0,6.0,4.0,6.0,2.0,,,,,3.0,0.0,Completed,1.01,15.0,1.01,15.0,1.02,11.0,1.01,36.0,1.02,10.0,1.02,41.0,1.01,17.73
ATP,2011,36,London,Wimbledon,2011-06-23,Grand Slam,Outdoor,Grass,2nd Round,5,Nalbandian D.,Haider-Maurer A.,23,78.0,1425,631.0,6.0,3.0,3.0,6.0,6.0,4.0,6.0,4.0,,,3.0,1.0,Completed,1.1,6.5,1.14,5.5,1.11,6.0,1.19,5.5,1.1,6.0,1.2,6.5,1.13,5.58
ATP,2011,36,London,Wimbledon,2011-06-23,Grand Slam,Outdoor,Grass,2nd Round,5,Lu Y.H.,Troicki V.,57,12.0,900,1930.0,7.0,6.0,6.0,4.0,6.0,4.0,,,,,3.0,0.0,Completed,4.0,1.22,3.75,1.25,3.75,1.25,3.79,1.31,3.5,1.29,4.03,1.31,3.67,1.26
ATP,2011,36,London,Wimbledon,2011-06-23,Grand Slam,Outdoor,Grass,2nd Round,5,Llodra M.,Mello R.,35,89.0,1195,574.0,6.0,2.0,4.0,6.0,6.0,2.0,6.0,3.0,,,3.0,1.0,Completed,1.07,7.5,1.1,6.5,1.1,6.5,1.1,8.7,1.1,6.0,1.12,9.1,1.09,6.93
ATP,2011,36,London,Wimbledon,2011-06-23,Grand Slam,Outdoor,Grass,2nd Round,5,Malisse X.,Mayer F.,42,18.0,1035,1600.0,1.0,6.0,6.0,3.0,6.0,2.0,6.0,2.0,,,3.0,1.0,Completed,1.57,2.25,1.6,2.25,1.62,2.2,1.61,2.47,1.57,2.38,1.67,2.47,1.6,2.26
ATP,2011,36,London,Wimbledon,2011-06-23,Grand Slam,Outdoor,Grass,2nd Round,5,Baghdatis M.,Seppi A.,30,38.0,1295,1165.0,6.0,4.0,7.0,6.0,7.0,5.0,,,,,3.0,0.0,Completed,1.8,1.9,1.85,1.9,1.91,1.8,1.93,1.97,1.9,1.9,1.93,2.01,1.84,1.89
ATP,2011,36,London,Wimbledon,2011-06-23,Grand Slam,Outdoor,Grass,2nd Round,5,Gonzalez F.,De Voest R.,478,147.0,65,385.0,6.0,4.0,6.0,4.0,6.0,4.0,,,,,3.0,0.0,Completed,1.36,3.0,1.35,3.0,1.36,3.0,1.43,3.08,1.36,3.0,1.43,3.31,1.36,3.01
ATP,2011,36,London,Wimbledon,2011-06-23,Grand Slam,Outdoor,Grass,2nd Round,5,Del Potro J.M.,Rochus O.,21,73.0,1445,643.0,6.0,7.0,6.0,1.0,6.0,0.0,6.0,4.0,,,3.0,1.0,Completed,1.06,8.0,1.08,7.0,1.06,8.0,1.07,10.25,1.07,8.0,1.1,10.9,1.07,8.01
ATP,2011,36,London,Wimbledon,2011-06-23,Grand Slam,Outdoor,Grass,2nd Round,5,Tsonga J.W.,Dimitrov G.,19,62.0,1585,818.0,6.0,7.0,6.0,4.0,6.0,4.0,7.0,6.0,,,3.0,1.0,Completed,1.11,6.0,1.12,5.75,1.14,5.0,1.16,6.3,1.13,5.5,1.16,6.8,1.12,5.74
ATP,2011,36,London,Wimbledon,2011-06-23,Grand Slam,Outdoor,Grass,2nd Round,5,Almagro N.,Isner J.,15,47.0,1875,990.0,7.0,6.0,7.0,6.0,6.0,7.0,6.0,3.0,,,3.0,1.0,Completed,2.75,1.4,2.65,1.45,2.63,1.44,2.78,1.51,2.63,1.44,2.85,1.51,2.68,1.44
ATP,2011,36,London,Wimbledon,2011-06-23,Grand Slam,Outdoor,Grass,2nd Round,5,Youzhny M.,Devvarman S.,17,68.0,1740,734.0,6.0,2.0,6.0,4.0,6.0,4.0,,,,,3.0,0.0,Completed,1.28,3.5,1.35,3.05,1.36,3.0,1.29,3.97,1.29,3.5,1.36,3.97,1.3,3.35
ATP,2011,36,London,Wimbledon,2011-06-23,Grand Slam,Outdoor,Grass,2nd Round,5,Federer R.,Mannarino A.,3,55.0,9230,923.0,6.0,2.0,6.0,3.0,6.0,2.0,,,,,3.0,0.0,Completed,,21.0,1.01,15.0,1.01,17.0,1.01,46.0,,34.0,1.01,68.5,1.01,25.46
ATP,2011,36,London,Wimbledon,2011-06-24,Grand Slam,Outdoor,Grass,2nd Round,5,Ferrer D.,Harrison R.,6,122.0,4150,458.0,6.0,7.0,6.0,1.0,4.0,6.0,6.0,3.0,6.0,2.0,3.0,2.0,Completed,1.1,6.5,1.12,5.75,1.13,5.5,1.14,6.8,1.1,7.0,1.15,7.0,1.12,5.85
ATP,2011,36,London,Wimbledon,2011-06-24,Grand Slam,Outdoor,Grass,2nd Round,5,Melzer J.,Tursunov D.,11,53.0,2175,934.0,6.0,3.0,2.0,6.0,7.0,6.0,7.0,6.0,,,3.0,1.0,Completed,2.0,1.72,1.9,1.85,1.83,1.83,2.02,1.88,2.0,1.8,2.02,1.92,1.91,1.82
ATP,2011,36,London,Wimbledon,2011-06-24,Grand Slam,Outdoor,Grass,2nd Round,5,Tomic B.,Andreev I.,158,79.0,357,630.0,4.0,6.0,5.0,7.0,6.0,3.0,6.0,4.0,6.0,1.0,3.0,2.0,Completed,1.4,2.75,1.35,3.05,1.44,2.63,1.37,3.39,1.5,2.63,1.5,3.39,1.39,2.86
ATP,2011,36,London,Wimbledon,2011-06-24,Grand Slam,Outdoor,Grass,3rd Round,5,Lopez F.,Roddick A.,44,10.0,1020,2200.0,7.0,6.0,7.0,6.0,6.0,4.0,,,,,3.0,0.0,Completed,4.0,1.22,3.75,1.25,3.75,1.3,3.92,1.31,3.5,1.25,4.15,1.31,3.7,1.26
ATP,2011,36,London,Wimbledon,2011-06-24,Grand Slam,Outdoor,Grass,3rd Round,5,Gasquet R.,Bolelli S.,13,116.0,1925,470.0,6.0,3.0,6.0,2.0,6.0,4.0,,,,,3.0,0.0,Completed,1.1,6.5,1.1,6.5,1.11,6.0,1.14,7.21,1.13,6.0,1.15,7.21,1.11,6.07
ATP,2011,36,London,Wimbledon,2011-06-24,Grand Slam,Outdoor,Grass,3rd Round,5,Murray A.,Ljubicic I.,4,33.0,6855,1210.0,6.0,4.0,4.0,6.0,6.0,1.0,7.0,6.0,,,3.0,1.0,Completed,1.06,8.0,1.08,6.75,1.08,7.0,1.1,8.78,1.07,8.0,1.1,10.0,1.07,7.8
ATP,2011,36,London,Wimbledon,2011-06-25,Grand Slam,Outdoor,Grass,3rd Round,5,Fish M.,Haase R.,9,58.0,2335,879.0,6.0,3.0,6.0,7.0,6.0,2.0,1.0,1.0,,,2.0,1.0,Retired,1.28,3.5,1.3,3.3,1.3,3.4,1.33,3.76,1.29,3.5,1.35,3.8,1.29,3.43
ATP,2011,36,London,Wimbledon,2011-06-25,Grand Slam,Outdoor,Grass,3rd Round,5,Nadal R.,Muller G.,1,92.0,12070,566.0,7.0,6.0,7.0,6.0,6.0,0.0,,,,,3.0,0.0,Completed,1.01,15.0,1.01,15.0,1.02,13.0,1.02,22.0,1.03,10.0,1.05,22.0,1.02,13.57
ATP,2011,36,London,Wimbledon,2011-06-25,Grand Slam,Outdoor,Grass,3rd Round,5,Del Potro J.M.,Simon G.,21,16.0,1445,1745.0,7.0,6.0,7.0,6.0,7.0,5.0,,,,,3.0,0.0,Completed,1.16,4.5,1.22,4.0,1.22,4.0,1.24,4.76,1.22,4.0,1.25,4.85,1.22,3.6
ATP,2011,36,London,Wimbledon,2011-06-25,Grand Slam,Outdoor,Grass,3rd Round,5,Berdych T.,Bogomolov A.,7,72.0,3490,661.0,6.0,2.0,6.0,4.0,6.0,3.0,,,,,3.0,0.0,Completed,1.03,11.0,1.08,7.0,1.06,8.0,1.06,12.0,1.07,7.0,1.1,12.0,1.06,9.08
ATP,2011,36,London,Wimbledon,2011-06-25,Grand Slam,Outdoor,Grass,3rd Round,5,Kubot L.,Monfils G.,93,8.0,563,2780.0,6.0,3.0,3.0,6.0,6.0,3.0,6.0,3.0,,,3.0,1.0,Completed,4.0,1.22,3.75,1.25,4.0,1.22,3.67,1.34,4.0,1.22,4.0,1.34,3.62,1.27
ATP,2011,36,London,Wimbledon,2011-06-25,Grand Slam,Outdoor,Grass,3rd Round,5,Federer R.,Nalbandian D.,3,23.0,9230,1425.0,6.0,4.0,6.0,2.0,6.0,4.0,,,,,3.0,0.0,Completed,1.02,12.0,1.06,8.0,1.04,9.0,1.03,21.0,1.03,11.0,1.06,21.0,1.04,11.0
ATP,2011,36,London,Wimbledon,2011-06-25,Grand Slam,Outdoor,Grass,3rd Round,5,Ferrer D.,Beck K.,6,156.0,4150,363.0,6.0,4.0,6.0,3.0,6.0,3.0,,,,,3.0,0.0,Completed,1.08,7.0,1.1,6.5,1.11,6.0,1.1,8.88,1.1,7.0,1.13,8.88,1.1,6.57
ATP,2011,36,London,Wimbledon,2011-06-25,Grand Slam,Outdoor,Grass,3rd Round,5,Tsonga J.W.,Gonzalez F.,19,478.0,1585,65.0,6.0,3.0,6.0,4.0,6.0,3.0,,,,,3.0,0.0,Completed,1.22,4.0,1.25,3.75,1.25,3.75,1.28,4.18,1.25,3.75,1.35,4.18,1.26,3.67
ATP,2011,36,London,Wimbledon,2011-06-25,Grand Slam,Outdoor,Grass,3rd Round,5,Youzhny M.,Almagro N.,17,15.0,1740,1875.0,4.0,6.0,6.0,3.0,7.0,6.0,6.0,3.0,,,3.0,1.0,Completed,1.72,2.0,1.8,1.95,1.67,2.1,2.04,1.88,1.73,2.1,2.04,2.1,1.82,1.92
ATP,2011,36,London,Wimbledon,2011-06-25,Grand Slam,Outdoor,Grass,3rd Round,5,Llodra M.,Lu Y.H.,35,57.0,1195,900.0,6.0,3.0,6.0,3.0,6.0,1.0,,,,,3.0,0.0,Completed,1.36,3.0,1.4,2.8,1.44,2.63,1.47,2.97,1.4,2.88,1.47,3.2,1.4,2.85
ATP,2011,36,London,Wimbledon,2011-06-25,Grand Slam,Outdoor,Grass,3rd Round,5,Tomic B.,Soderling R.,158,5.0,357,4595.0,6.0,1.0,6.0,4.0,7.0,5.0,,,,,3.0,0.0,Completed,6.5,1.1,5.0,1.15,5.0,1.14,6.23,1.16,6.0,1.13,6.5,1.18,5.36,1.14
ATP,2011,36,London,Wimbledon,2011-06-25,Grand Slam,Outdoor,Grass,3rd Round,5,Djokovic N.,Baghdatis M.,2,30.0,12005,1295.0,6.0,4.0,4.0,6.0,6.0,3.0,6.0,4.0,,,3.0,1.0,Completed,1.02,12.0,1.01,15.0,1.03,10.0,1.04,17.0,1.02,13.0,1.04,24.25,1.02,13.69
ATP,2011,36,London,Wimbledon,2011-06-25,Grand Slam,Outdoor,Grass,3rd Round,3,Malisse X.,Melzer J.,42,11.0,1035,2175.0,7.0,6.0,6.0,3.0,6.0,0.0,,,,,3.0,0.0,Completed,1.66,2.1,1.72,2.05,1.73,2.0,1.81,2.14,1.8,2.0,1.85,2.2,1.75,2.02
ATP,2011,36,London,Wimbledon,2011-06-27,Grand Slam,Outdoor,Grass,4th Round,5,Tomic B.,Malisse X.,158,42.0,357,1035.0,6.0,1.0,7.0,5.0,6.0,4.0,,,,,3.0,0.0,Completed,2.5,1.5,2.35,1.55,2.5,1.53,2.6,1.57,2.38,1.57,2.7,1.6,2.43,1.54
ATP,2011,36,London,Wimbledon,2011-06-27,Grand Slam,Outdoor,Grass,4th Round,5,Murray A.,Gasquet R.,4,13.0,6855,1925.0,7.0,6.0,6.0,3.0,6.0,2.0,,,,,3.0,0.0,Completed,1.25,3.75,1.25,3.75,1.25,4.0,1.31,3.93,1.25,3.75,1.32,4.0,1.27,3.68
ATP,2011,36,London,Wimbledon,2011-06-27,Grand Slam,Outdoor,Grass,4th Round,5,Lopez F.,Kubot L.,44,93.0,1020,563.0,3.0,6.0,6.0,7.0,7.0,6.0,7.0,5.0,7.0,5.0,3.0,2.0,Completed,1.25,4.0,1.31,3.25,1.29,3.75,1.31,3.93,1.33,3.25,1.35,4.0,1.29,3.53
ATP,2011,36,London,Wimbledon,2011-06-27,Grand Slam,Outdoor,Grass,4th Round,5,Djokovic N.,Llodra M.,2,35.0,12005,1195.0,6.0,3.0,6.0,3.0,6.0,3.0,,,,,3.0,0.0,Completed,1.06,9.0,1.07,7.5,1.05,9.0,1.1,9.05,1.07,8.0,1.11,9.8,1.07,8.18
ATP,2011,36,London,Wimbledon,2011-06-27,Grand Slam,Outdoor,Grass,4th Round,5,Fish M.,Berdych T.,9,7.0,2335,3490.0,7.0,6.0,6.0,4.0,6.0,4.0,,,,,3.0,0.0,Completed,2.87,1.4,2.8,1.4,2.88,1.4,2.97,1.47,2.75,1.44,3.0,1.48,2.78,1.42
ATP,2011,36,London,Wimbledon,2011-06-27,Grand Slam,Outdoor,Grass,4th Round,5,Nadal R.,Del Potro J.M.,1,21.0,12070,1445.0,7.0,6.0,3.0,6.0,7.0,6.0,6.0,4.0,,,3.0,1.0,Completed,1.2,4.5,1.18,4.5,1.2,4.5,1.25,4.6,1.2,4.5,1.3,5.0,1.2,4.37
ATP,2011,36,London,Wimbledon,2011-06-27,Grand Slam,Outdoor,Grass,4th Round,5,Federer R.,Youzhny M.,3,17.0,9230,1740.0,6.0,7.0,6.0,3.0,6.0,3.0,6.0,3.0,,,3.0,1.0,Completed,1.01,15.0,1.02,12.0,1.03,13.0,1.03,21.0,1.01,13.0,1.04,26.2,1.02,15.07
ATP,2011,36,London,Wimbledon,2011-06-27,Grand Slam,Outdoor,Grass,4th Round,5,Tsonga J.W.,Ferrer D.,19,6.0,1585,4150.0,6.0,3.0,6.0,4.0,7.0,6.0,,,,,3.0,0.0,Completed,1.44,2.75,1.45,2.65,1.44,2.75,1.47,2.94,1.5,2.63,1.5,2.95,1.43,2.74
ATP,2011,36,London,Wimbledon,2011-06-29,Grand Slam,Outdoor,Grass,Quarterfinals,5,Djokovic N.,Tomic B.,2,158.0,12005,357.0,6.0,2.0,3.0,6.0,6.0,3.0,7.0,5.0,,,3.0,1.0,Completed,1.07,8.0,1.11,6.0,1.1,7.0,1.11,8.71,1.1,7.0,1.13,9.52,1.09,6.98
ATP,2011,36,London,Wimbledon,2011-06-29,Grand Slam,Outdoor,Grass,Quarterfinals,5,Tsonga J.W.,Federer R.,19,3.0,1585,9230.0,3.0,6.0,6.0,7.0,6.0,4.0,6.0,4.0,6.0,4.0,3.0,2.0,Completed,5.5,1.14,4.5,1.18,5.0,1.17,6.16,1.17,5.5,1.14,6.4,1.19,5.22,1.15
ATP,2011,36,London,Wimbledon,2011-06-29,Grand Slam,Outdoor,Grass,Quarterfinals,5,Nadal R.,Fish M.,1,9.0,12070,2335.0,6.0,3.0,6.0,3.0,5.0,7.0,6.0,4.0,,,3.0,1.0,Completed,1.14,5.5,1.15,4.99,1.14,5.5,1.2,5.45,1.1,7.0,1.2,7.0,1.16,5.06
ATP,2011,36,London,Wimbledon,2011-06-29,Grand Slam,Outdoor,Grass,Quarterfinals,5,Murray A.,Lopez F.,4,44.0,6855,1020.0,6.0,3.0,6.0,4.0,6.0,4.0,,,,,3.0,0.0,Completed,1.06,8.5,1.08,7.0,1.1,7.0,1.12,7.87,1.07,8.0,1.13,9.0,1.09,7.11
ATP,2011,36,London,Wimbledon,2011-07-01,Grand Slam,Outdoor,Grass,Semifinals,5,Djokovic N.,Tsonga J.W.,2,19.0,12005,1585.0,7.0,6.0,6.0,2.0,6.0,7.0,6.0,3.0,,,3.0,1.0,Completed,1.44,2.75,1.45,2.65,1.44,2.75,1.51,2.83,1.4,2.88,1.51,3.2,1.44,2.75
ATP,2011,36,London,Wimbledon,2011-07-01,Grand Slam,Outdoor,Grass,Semifinals,5,Nadal R.,Murray A.,1,4.0,12070,6855.0,5.0,7.0,6.0,2.0,6.0,2.0,6.0,4.0,,,3.0,1.0,Completed,1.5,2.62,1.5,2.5,1.53,2.5,1.56,2.66,1.5,2.63,1.6,2.75,1.52,2.54
ATP,2011,36,London,Wimbledon,2011-07-02,Grand Slam,Outdoor,Grass,The Final,5,Djokovic N.,Nadal R.,2,1.0,12005,12070.0,6.0,4.0,6.0,1.0,1.0,6.0,6.0,3.0,,,3.0,1.0,Completed,2.3,1.66,2.25,1.65,2.25,1.67,2.28,1.74,2.25,1.62,2.38,1.75,2.23,1.65
ATP,2011,50,New York,US Open,2011-08-29,Grand Slam,Outdoor,Hard,1st Round,5,Dolgopolov O.,Gil F.,23,106.0,1530,534.0,6.0,4.0,6.0,2.0,7.0,5.0,,,,,3.0,0.0,Completed,1.1,7.0,1.13,5.5,1.14,5.0,1.13,7.65,1.17,4.5,1.17,8.0,1.11,6.19
ATP,2011,50,New York,US Open,2011-08-29,Grand Slam,Outdoor,Hard,1st Round,5,Fognini F.,Zeballos H.,38,112.0,1150,502.0,5.0,7.0,6.0,4.0,7.0,6.0,6.0,4.0,,,3.0,1.0,Completed,1.3,3.4,1.3,3.4,1.36,3.0,1.38,3.38,1.29,3.25,1.38,3.46,1.33,3.2
ATP,2011,50,New York,US Open,2011-08-29,Grand Slam,Outdoor,Hard,1st Round,5,Tipsarevic J.,Gensse A.,20,155.0,1740,341.0,6.0,2.0,7.0,5.0,6.0,0.0,,,,,3.0,0.0,Completed,1.05,11.0,1.05,9.0,1.07,7.5,1.04,16.0,1.07,7.0,1.07,16.0,1.05,9.79
ATP,2011,50,New York,US Open,2011-08-29,Grand Slam,Outdoor,Hard,1st Round,5,Cilic M.,Harrison R.,28,66.0,1375,715.0,6.0,2.0,7.0,5.0,7.0,6.0,,,,,3.0,0.0,Completed,1.38,2.87,1.35,3.1,1.36,3.0,1.36,3.49,1.4,2.88,1.44,3.49,1.36,3.06
ATP,2011,50,New York,US Open,2011-08-29,Grand Slam,Outdoor,Hard,1st Round,5,Cipolla F.,Nishikori K.,108,46.0,527,915.0,6.0,4.0,6.0,2.0,,,,,,,2.0,0.0,Retired,5.0,1.16,4.25,1.2,4.0,1.22,5.27,1.2,3.5,1.25,5.31,1.25,4.54,1.19
ATP,2011,50,New York,US Open,2011-08-29,Grand Slam,Outdoor,Hard,1st Round,5,Petzschner P.,Ramos A.,67,71.0,715,687.0,7.0,5.0,6.0,7.0,6.0,3.0,6.0,7.0,6.0,3.0,3.0,2.0,Completed,1.12,6.0,1.16,5.0,1.14,5.0,1.16,6.3,1.17,4.5,1.2,6.33,1.15,5.22
ATP,2011,50,New York,US Open,2011-08-29,Grand Slam,Outdoor,Hard,1st Round,5,Granollers M.,Malisse X.,32,50.0,1243,875.0,6.0,4.0,6.0,4.0,6.0,4.0,,,,,3.0,0.0,Completed,2.2,1.61,2.1,1.7,2.1,1.67,2.09,1.83,2.25,1.57,2.32,2.1,2.1,1.69
ATP,2011,50,New York,US Open,2011-08-29,Grand Slam,Outdoor,Hard,1st Round,5,Berdych T.,Jouan R.,9,230.0,2690,215.0,6.0,2.0,7.0,6.0,6.0,1.0,,,,,3.0,0.0,Completed,1.01,21.0,1.02,15.0,1.02,11.0,1.02,24.52,1.03,11.0,1.03,29.11,1.02,15.52
ATP,2011,50,New York,US Open,2011-08-29,Grand Slam,Outdoor,Hard,1st Round,5,Kukushkin M.,Montanes A.,61,42.0,751,995.0,7.0,5.0,6.0,2.0,3.0,6.0,7.0,6.0,,,3.0,1.0,Completed,2.1,1.66,2.2,1.65,2.2,1.62,2.24,1.73,2.1,1.67,2.25,1.75,2.13,1.67
ATP,2011,50,New York,US Open,2011-08-29,Grand Slam,Outdoor,Hard,1st Round,5,Fish M.,Kamke T.,8,92.0,2820,580.0,6.0,2.0,6.0,2.0,6.0,1.0,,,,,3.0,0.0,Completed,1.03,15.0,1.04,10.0,1.05,8.5,1.04,15.0,1.04,9.0,1.05,16.34,1.03,11.26
ATP,2011,50,New York,US Open,2011-08-29,Grand Slam,Outdoor,Hard,1st Round,5,Gasquet R.,Stakhovsky S.,13,55.0,2080,825.0,6.0,4.0,6.0,4.0,6.0,0.0,,,,,3.0,0.0,Completed,1.18,4.5,1.22,4.0,1.2,4.33,1.22,4.89,1.25,3.5,1.25,5.26,1.2,4.38
ATP,2011,50,New York,US Open,2011-08-29,Grand Slam,Outdoor,Hard,1st Round,5,Llodra M.,Hanescu V.,30,72.0,1280,685.0,6.0,2.0,4.0,6.0,4.0,6.0,6.0,3.0,6.0,2.0,3.0,2.0,Completed,1.33,3.25,1.4,2.85,1.33,3.25,1.38,3.31,1.4,2.75,1.4,3.31,1.36,3.02
ATP,2011,50,New York,US Open,2011-08-29,Grand Slam,Outdoor,Hard,1st Round,5,Monaco J.,Seppi A.,36,51.0,1170,860.0,7.0,6.0,6.0,2.0,6.0,2.0,,,,,3.0,0.0,Completed,1.25,3.75,1.35,3.1,1.29,3.5,1.33,3.7,1.33,3.0,1.4,3.75,1.33,3.22
ATP,2011,50,New York,US Open,2011-08-29,Grand Slam,Outdoor,Hard,1st Round,5,Tomic B.,Yani M.,60,206.0,752,249.0,6.0,3.0,6.0,4.0,6.0,4.0,,,,,3.0,0.0,Completed,1.25,3.75,1.33,3.2,1.3,3.4,1.32,3.73,1.2,4.0,1.33,4.0,1.28,3.55
ATP,2011,50,New York,US Open,2011-08-29,Grand Slam,Outdoor,Hard,1st Round,5,Karlovic I.,Gonzalez F.,94,296.0,577,155.0,6.0,4.0,6.0,4.0,7.0,6.0,,,,,3.0,0.0,Completed,1.38,2.87,1.4,2.85,1.36,3.0,1.47,2.93,1.4,2.75,1.5,3.1,1.41,2.8
ATP,2011,50,New York,US Open,2011-08-29,Grand Slam,Outdoor,Hard,1st Round,5,Anderson K.,Soeda G.,34,123.0,1200,453.0,6.0,1.0,6.0,3.0,6.0,0.0,,,,,3.0,0.0,Completed,1.12,6.0,1.16,5.0,1.13,5.5,1.14,6.73,1.2,4.0,1.2,6.73,1.14,5.51
ATP,2011,50,New York,US Open,2011-08-29,Grand Slam,Outdoor,Hard,1st Round,5,Haas T.,Dasnieres de Veigy J.,475,247.0,70,194.0,6.0,3.0,6.0,4.0,6.0,7.0,6.0,1.0,,,3.0,1.0,Completed,1.33,3.25,1.35,3.1,1.36,3.0,1.42,3.14,1.29,3.25,1.42,3.31,1.36,3.05
ATP,2011,50,New York,US Open,2011-08-29,Grand Slam,Outdoor,Hard,1st Round,5,Jaziri M.,De Bakker T.,181,159.0,297,338.0,4.0,6.0,6.0,1.0,6.0,4.0,6.0,2.0,,,3.0,1.0,Completed,2.0,1.72,1.88,1.88,1.83,1.83,2.16,1.78,1.91,1.8,2.2,1.88,1.99,1.77
ATP,2011,50,New York,US Open,2011-08-29,Grand Slam,Outdoor,Hard,1st Round,5,Stepanek R.,Kohlschreiber P.,25,47.0,1440,910.0,6.0,4.0,6.0,1.0,6.0,3.0,,,,,3.0,0.0,Completed,1.44,2.62,1.45,2.7,1.5,2.5,1.49,2.84,1.53,2.38,1.53,2.84,1.48,2.58
ATP,2011,50,New York,US Open,2011-08-29,Grand Slam,Outdoor,Hard,1st Round,5,Falla A.,Troicki V.,119,16.0,462,1935.0,3.0,6.0,6.0,3.0,4.0,6.0,7.0,5.0,7.0,5.0,3.0,2.0,Completed,6.5,1.11,6.5,1.1,6.5,1.1,8.1,1.11,6.0,1.13,8.1,1.15,6.23,1.11
ATP,2011,50,New York,US Open,2011-08-29,Grand Slam,Outdoor,Hard,1st Round,5,Sela D.,Bellucci T.,93,35.0,580,1180.0,4.0,6.0,2.0,6.0,6.0,4.0,6.0,3.0,6.0,0.0,3.0,2.0,Completed,2.5,1.5,2.5,1.5,2.5,1.5,2.52,1.59,2.75,1.4,2.75,1.62,2.45,1.52
ATP,2011,50,New York,US Open,2011-08-30,Grand Slam,Outdoor,Hard,1st Round,5,Ferrero J.C.,Andujar P.,105,45.0,540,952.0,1.0,6.0,7.0,5.0,5.0,7.0,6.0,1.0,6.0,3.0,3.0,2.0,Completed,1.16,5.0,1.16,5.0,1.2,4.33,1.17,5.98,1.22,3.75,1.22,5.98,1.17,4.8
ATP,2011,50,New York,US Open,2011-08-30,Grand Slam,Outdoor,Hard,1st Round,5,Monfils G.,Dimitrov G.,7,57.0,3165,801.0,7.0,6.0,6.0,3.0,6.0,4.0,,,,,3.0,0.0,Completed,1.16,5.0,1.16,5.0,1.2,4.33,1.17,5.8,1.2,4.0,1.2,5.86,1.16,4.89
ATP,2011,50,New York,US Open,2011-08-30,Grand Slam,Outdoor,Hard,1st Round,5,Federer R.,Giraldo S.,3,54.0,8380,835.0,6.0,4.0,6.0,3.0,6.0,2.0,,,,,3.0,0.0,Completed,1.01,26.0,1.03,12.0,1.02,13.0,1.01,25.99,1.01,17.0,1.03,34.29,1.01,16.56
ATP,2011,50,New York,US Open,2011-08-30,Grand Slam,Outdoor,Hard,1st Round,5,Kunitsyn I.,Bachinger M.,62,86.0,729,613.0,2.0,6.0,1.0,6.0,6.0,1.0,6.0,4.0,6.0,4.0,3.0,2.0,Completed,1.57,2.25,1.65,2.2,1.67,2.1,1.63,2.45,1.62,2.2,1.7,2.45,1.62,2.23
ATP,2011,50,New York,US Open,2011-08-30,Grand Slam,Outdoor,Hard,1st Round,5,Ferrer D.,Andreev I.,5,78.0,4200,666.0,2.0,6.0,6.0,3.0,6.0,0.0,6.0,4.0,,,3.0,1.0,Completed,1.11,6.5,1.11,6.0,1.13,5.5,1.13,7.07,1.14,5.0,1.17,7.5,1.12,5.99
ATP,2011,50,New York,US Open,2011-08-30,Grand Slam,Outdoor,Hard,1st Round,5,Starace P.,Berrer M.,52,83.0,855,620.0,6.0,4.0,4.0,6.0,6.0,3.0,6.0,2.0,,,3.0,1.0,Completed,2.25,1.57,2.3,1.6,2.25,1.57,2.28,1.71,2.25,1.57,2.35,1.71,2.23,1.62
ATP,2011,50,New York,US Open,2011-08-30,Grand Slam,Outdoor,Hard,1st Round,5,Tsonga J.W.,Lu Y.H.,11,82.0,2350,629.0,6.0,4.0,6.0,4.0,6.0,4.0,,,,,3.0,0.0,Completed,1.05,11.0,1.05,9.0,1.04,9.0,1.04,15.0,1.05,8.0,1.07,15.0,1.05,10.16
ATP,2011,50,New York,US Open,2011-08-30,Grand Slam,Outdoor,Hard,1st Round,5,Bubka S.,Haider-Maurer A.,207,73.0,247,684.0,6.0,3.0,6.0,2.0,3.0,6.0,6.0,4.0,,,3.0,1.0,Completed,1.5,2.5,1.55,2.4,1.62,2.2,1.56,2.6,1.53,2.38,1.63,2.7,1.54,2.42
ATP,2011,50,New York,US Open,2011-08-30,Grand Slam,Outdoor,Hard,1st Round,5,Gulbis E.,Youzhny M.,53,15.0,840,1955.0,6.0,2.0,6.0,4.0,6.0,4.0,,,,,3.0,0.0,Completed,2.0,1.72,2.0,1.75,2.0,1.73,2.05,1.87,2.1,1.73,2.18,1.9,2.01,1.76
ATP,2011,50,New York,US Open,2011-08-30,Grand Slam,Outdoor,Hard,1st Round,5,Young D.,Lacko L.,84,162.0,620,324.0,6.0,4.0,6.0,2.0,6.0,4.0,,,,,3.0,0.0,Completed,1.36,3.0,1.35,3.1,1.4,2.75,1.42,3.12,1.33,3.0,1.42,3.22,1.38,2.94
ATP,2011,50,New York,US Open,2011-08-30,Grand Slam,Outdoor,Hard,1st Round,5,Davydenko N.,Dodig I.,39,33.0,1115,1207.0,6.0,7.0,6.0,3.0,6.0,0.0,2.0,6.0,6.0,2.0,3.0,2.0,Completed,1.66,2.1,1.75,2.0,1.73,2.0,1.69,2.31,1.67,2.1,1.88,2.31,1.74,2.03
ATP,2011,50,New York,US Open,2011-08-30,Grand Slam,Outdoor,Hard,1st Round,5,Melzer J.,Prodon E.,17,88.0,1830,602.0,6.0,2.0,7.0,6.0,6.0,2.0,,,,,3.0,0.0,Completed,1.1,7.0,1.13,5.5,1.13,5.5,1.11,8.2,1.17,4.5,1.17,8.38,1.1,6.42
ATP,2011,50,New York,US Open,2011-08-30,Grand Slam,Outdoor,Hard,1st Round,5,Wawrinka S.,Gonzalez M.,14,109.0,2035,522.0,3.0,6.0,6.0,4.0,6.0,1.0,6.0,3.0,,,3.0,1.0,Completed,1.04,13.0,1.05,9.0,1.05,8.5,1.04,16.0,1.04,9.0,1.06,16.0,1.04,10.76
ATP,2011,50,New York,US Open,2011-08-30,Grand Slam,Outdoor,Hard,1st Round,5,Ilhan M.,Dancevic F.,101,179.0,545,300.0,6.0,3.0,6.0,2.0,1.0,0.0,,,,,2.0,0.0,Retired,1.61,2.2,1.65,2.2,1.67,2.1,1.71,2.28,1.73,2.0,1.9,2.31,1.67,2.14
ATP,2011,50,New York,US Open,2011-08-30,Grand Slam,Outdoor,Hard,1st Round,5,Muller G.,Roger-Vasselin E.,68,110.0,710,522.0,7.0,6.0,6.0,4.0,6.0,4.0,,,,,3.0,0.0,Completed,1.5,2.5,1.55,2.4,1.53,2.38,1.62,2.46,1.53,2.38,1.62,2.61,1.56,2.37
ATP,2011,50,New York,US Open,2011-08-30,Grand Slam,Outdoor,Hard,1st Round,5,Darcis S.,Tursunov D.,102,43.0,542,994.0,6.0,7.0,4.0,6.0,7.0,5.0,6.0,1.0,7.0,6.0,3.0,2.0,Completed,2.37,1.53,2.4,1.55,2.2,1.62,2.49,1.61,2.38,1.53,2.55,1.62,2.34,1.57
ATP,2011,50,New York,US Open,2011-08-30,Grand Slam,Outdoor,Hard,1st Round,5,Lisnard J.R.,Rochus O.,542,77.0,50,669.0,7.0,6.0,6.0,2.0,6.0,4.0,,,,,3.0,0.0,Completed,4.0,1.22,3.75,1.25,3.4,1.3,4.18,1.27,3.5,1.25,4.33,1.3,3.72,1.26
ATP,2011,50,New York,US Open,2011-08-30,Grand Slam,Outdoor,Hard,1st Round,5,Djokovic N.,Niland C.,1,197.0,13920,260.0,6.0,0.0,5.0,1.0,,,,,,,1.0,0.0,Retired,1.002,34.0,1.01,20.0,1.0,34.0,1.01,76.0,1.0,34.0,1.01,80.0,1.01,27.05
ATP,2011,50,New York,US Open,2011-08-30,Grand Slam,Outdoor,Hard,1st Round,5,Mayer F.,Mannarino A.,27,58.0,1405,775.0,6.0,2.0,6.0,0.0,6.0,1.0,,,,,3.0,0.0,Completed,1.36,3.0,1.38,3.0,1.4,2.75,1.35,3.52,1.36,2.88,1.4,3.52,1.36,3.04
ATP,2011,50,New York,US Open,2011-08-30,Grand Slam,Outdoor,Hard,1st Round,5,Verdasco F.,Nieminen J.,19,49.0,1785,876.0,3.0,6.0,6.0,4.0,6.0,1.0,6.0,4.0,,,3.0,1.0,Completed,1.2,4.33,1.25,3.75,1.29,3.5,1.24,4.58,1.25,3.75,1.3,5.0,1.22,4.05
ATP,2011,50,New York,US Open,2011-08-30,Grand Slam,Outdoor,Hard,1st Round,5,Chela J.I.,Matosevic M.,24,148.0,1440,365.0,3.0,1.0,,,,,,,,,0.0,0.0,Retired,1.5,2.5,1.5,2.5,1.62,2.2,1.58,2.55,1.62,2.2,1.62,2.55,1.56,2.36
ATP,2011,50,New York,US Open,2011-08-30,Grand Slam,Outdoor,Hard,1st Round,5,Mahut N.,Farah R.,99,277.0,557,168.0,3.0,6.0,6.0,7.0,6.0,2.0,6.0,4.0,6.0,0.0,3.0,2.0,Completed,1.53,2.37,1.55,2.4,1.5,2.5,1.63,2.44,1.5,2.5,1.63,2.77,1.53,2.45
ATP,2011,50,New York,US Open,2011-08-30,Grand Slam,Outdoor,Hard,1st Round,5,Ljubicic I.,Kavcic B.,31,80.0,1280,640.0,7.0,6.0,3.0,6.0,6.0,1.0,7.0,5.0,,,3.0,1.0,Completed,1.4,2.75,1.5,2.5,1.5,2.5,1.53,2.69,1.5,2.5,1.57,2.75,1.48,2.56
ATP,2011,50,New York,US Open,2011-08-30,Grand Slam,Outdoor,Hard,1st Round,5,Nalbandian D.,Reynolds B.,76,118.0,670,467.0,4.0,6.0,6.0,3.0,6.0,4.0,6.0,3.0,,,3.0,1.0,Completed,1.14,5.5,1.2,4.25,1.2,4.33,1.14,6.83,1.17,5.0,1.2,6.83,1.16,5.07
ATP,2011,50,New York,US Open,2011-08-30,Grand Slam,Outdoor,Hard,1st Round,5,Berlocq C.,Riba P.,74,70.0,672,703.0,7.0,5.0,6.0,0.0,6.0,1.0,,,,,3.0,0.0,Completed,1.4,2.75,1.45,2.7,1.44,2.63,1.45,2.98,1.44,2.63,1.5,3.0,1.43,2.71
ATP,2011,50,New York,US Open,2011-08-30,Grand Slam,Outdoor,Hard,1st Round,5,Blake J.,Huta Galung J.,63,160.0,719,337.0,6.0,4.0,6.0,2.0,4.0,6.0,6.0,4.0,,,3.0,1.0,Completed,1.11,6.5,1.16,5.0,1.14,5.0,1.13,7.65,1.14,5.5,1.17,11.0,1.12,5.89
ATP,2011,50,New York,US Open,2011-08-31,Grand Slam,Outdoor,Hard,1st Round,5,Nadal R.,Golubev A.,2,98.0,11420,560.0,6.0,3.0,7.0,6.0,7.0,5.0,,,,,3.0,0.0,Completed,1.01,21.0,1.02,15.0,1.02,13.0,1.02,19.52,1.01,17.0,1.03,33.88,1.02,16.15
ATP,2011,50,New York,US Open,2011-08-31,Grand Slam,Outdoor,Hard,1st Round,5,Benneteau J.,Almagro N.,81,10.0,633,2380.0,6.0,2.0,6.0,4.0,6.0,3.0,,,,,3.0,0.0,Completed,2.75,1.4,2.85,1.4,2.75,1.4,2.88,1.48,2.63,1.44,3.0,1.48,2.78,1.41
ATP,2011,50,New York,US Open,2011-08-31,Grand Slam,Outdoor,Hard,1st Round,5,Dutra Da Silva R.,Sorensen L.,114,618.0,482,34.0,6.0,0.0,3.0,6.0,6.0,4.0,1.0,0.0,,,2.0,1.0,Retired,,,,,,,,,,,1.57,2.25,1.57,2.25
ATP,2011,50,New York,US Open,2011-08-31,Grand Slam,Outdoor,Hard,1st Round,5,Garcia-Lopez G.,Gimeno-Traver D.,37,89.0,1165,594.0,6.0,3.0,1.0,6.0,7.0,6.0,4.0,6.0,7.0,6.0,3.0,2.0,Completed,1.61,2.2,1.65,2.2,1.57,2.25,1.59,2.53,1.67,2.1,1.67,2.53,1.58,2.31
ATP,2011,50,New York,US Open,2011-08-31,Grand Slam,Outdoor,Hard,1st Round,5,Lopez F.,Ito T.,26,127.0,1415,440.0,6.0,2.0,6.0,4.0,6.0,4.0,,,,,3.0,0.0,Completed,1.07,9.0,1.07,8.0,1.08,7.0,1.07,11.25,1.1,6.0,1.1,11.25,1.07,7.86
ATP,2011,50,New York,US Open,2011-08-31,Grand Slam,Outdoor,Hard,1st Round,5,Pospisil V.,Rosol L.,143,65.0,382,718.0,6.0,1.0,6.0,2.0,6.0,1.0,,,,,3.0,0.0,Completed,1.57,2.25,1.7,2.1,1.67,2.1,1.78,2.17,1.67,2.1,1.8,2.25,1.68,2.12
ATP,2011,50,New York,US Open,2011-08-31,Grand Slam,Outdoor,Hard,1st Round,5,Haase R.,Machado R.,41,79.0,1016,653.0,6.0,0.0,6.0,4.0,6.0,4.0,,,,,3.0,0.0,Completed,1.08,8.0,1.07,8.0,1.1,6.5,1.07,10.25,1.1,6.0,1.12,10.45,1.07,7.88
ATP,2011,50,New York,US Open,2011-08-31,Grand Slam,Outdoor,Hard,1st Round,5,Istomin D.,Sweeting R.,95,69.0,570,708.0,3.0,6.0,7.0,5.0,6.0,4.0,7.0,6.0,,,3.0,1.0,Completed,1.57,2.25,1.55,2.4,1.62,2.2,1.62,2.46,1.67,2.1,1.67,2.53,1.57,2.33
ATP,2011,50,New York,US Open,2011-08-31,Grand Slam,Outdoor,Hard,1st Round,5,Junqueira D.,Beck K.,104,138.0,542,400.0,6.0,2.0,,,,,,,,,1.0,0.0,Retired,5.0,1.16,4.25,1.2,4.0,1.22,3.88,1.3,3.75,1.22,5.44,1.3,4.47,1.19
ATP,2011,50,New York,US Open,2011-08-31,Grand Slam,Outdoor,Hard,1st Round,5,Bogomolov A.,Johnson S.,44,525.0,985,55.0,4.0,6.0,4.0,6.0,6.0,3.0,7.0,6.0,6.0,3.0,3.0,2.0,Completed,1.07,9.0,1.1,6.5,1.08,7.0,1.07,10.75,1.08,6.5,1.1,10.75,1.07,7.82
ATP,2011,50,New York,US Open,2011-08-31,Grand Slam,Outdoor,Hard,1st Round,5,Del Potro J.M.,Volandri F.,18,85.0,1800,617.0,6.0,3.0,6.0,1.0,6.0,1.0,,,,,3.0,0.0,Completed,1.01,26.0,1.01,20.0,1.01,17.0,1.01,61.0,1.01,19.0,1.02,61.0,1.01,22.99
ATP,2011,50,New York,US Open,2011-08-31,Grand Slam,Outdoor,Hard,1st Round,5,Murray A.,Devvarman S.,4,64.0,6535,718.0,7.0,6.0,6.0,2.0,6.0,3.0,,,,,3.0,0.0,Completed,1.01,26.0,1.02,15.0,1.02,13.0,1.01,36.0,1.01,17.0,1.02,54.12,1.01,18.41
ATP,2011,50,New York,US Open,2011-08-31,Grand Slam,Outdoor,Hard,1st Round,5,Simon G.,Mello R.,12,113.0,2325,483.0,3.0,6.0,6.0,3.0,6.0,4.0,3.0,6.0,6.0,4.0,3.0,2.0,Completed,1.03,15.0,1.04,10.0,1.07,7.5,1.04,16.0,1.05,8.0,1.07,16.34,1.04,10.49
ATP,2011,50,New York,US Open,2011-08-31,Grand Slam,Outdoor,Hard,1st Round,5,Ginepri R.,Souza J.,363,90.0,115,587.0,6.0,3.0,6.0,4.0,6.0,7.0,6.0,1.0,,,3.0,1.0,Completed,1.57,2.25,1.55,2.4,1.57,2.25,1.62,2.45,1.62,2.25,1.64,2.5,1.57,2.33
ATP,2011,50,New York,US Open,2011-08-31,Grand Slam,Outdoor,Hard,1st Round,5,Sock J.,Gicquel M.,555,97.0,47,562.0,6.0,4.0,6.0,3.0,1.0,6.0,6.0,4.0,,,3.0,1.0,Completed,3.0,1.36,2.85,1.4,2.75,1.4,2.8,1.5,2.88,1.36,3.05,1.5,2.83,1.41
ATP,2011,50,New York,US Open,2011-08-31,Grand Slam,Outdoor,Hard,1st Round,5,Isner J.,Baghdatis M.,22,59.0,1545,770.0,7.0,6.0,7.0,6.0,2.0,6.0,6.0,4.0,,,3.0,1.0,Completed,1.3,3.4,1.35,3.1,1.36,3.0,1.35,3.53,1.33,3.25,1.38,3.53,1.33,3.18
ATP,2011,50,New York,US Open,2011-09-01,Grand Slam,Outdoor,Hard,1st Round,5,Roddick A.,Russell M.,21,96.0,1680,568.0,6.0,2.0,6.0,4.0,4.0,6.0,7.0,5.0,,,3.0,1.0,Completed,1.07,9.0,1.08,7.5,1.07,7.5,1.11,8.36,1.07,7.0,1.13,13.0,1.07,7.91
ATP,2011,50,New York,US Open,2011-09-01,Grand Slam,Outdoor,Hard,2nd Round,5,Berdych T.,Fognini F.,9,38.0,2690,1150.0,7.0,5.0,6.0,0.0,6.0,0.0,,,,,3.0,0.0,Completed,1.05,11.0,1.07,8.0,1.06,8.0,1.07,11.0,1.07,7.0,1.08,12.61,1.06,8.9
ATP,2011,50,New York,US Open,2011-09-01,Grand Slam,Outdoor,Hard,2nd Round,5,Tipsarevic J.,Petzschner P.,20,67.0,1740,715.0,6.0,0.0,6.0,3.0,3.0,6.0,6.0,3.0,,,3.0,1.0,Completed,1.2,4.33,1.22,4.0,1.25,3.75,1.27,4.18,1.18,4.33,1.29,4.5,1.23,3.95
ATP,2011,50,New York,US Open,2011-09-01,Grand Slam,Outdoor,Hard,2nd Round,5,Monaco J.,Stepanek R.,36,25.0,1170,1440.0,6.0,4.0,6.0,1.0,2.0,0.0,,,,,2.0,0.0,Retired,4.0,1.22,3.75,1.25,3.75,1.25,4.05,1.29,3.75,1.22,4.2,1.3,3.83,1.24
ATP,2011,50,New York,US Open,2011-09-01,Grand Slam,Outdoor,Hard,2nd Round,5,Anderson K.,Llodra M.,34,30.0,1200,1280.0,6.0,1.0,6.0,2.0,6.0,2.0,,,,,3.0,0.0,Completed,1.36,3.0,1.4,2.85,1.44,2.63,1.38,3.31,1.44,2.63,1.44,3.31,1.37,2.97
ATP,2011,50,New York,US Open,2011-09-01,Grand Slam,Outdoor,Hard,2nd Round,5,Haas T.,Falla A.,475,119.0,70,462.0,7.0,6.0,6.0,1.0,7.0,5.0,,,,,3.0,0.0,Completed,2.0,1.72,2.0,1.75,2.0,1.73,2.13,1.8,2.1,1.67,2.2,1.85,2.02,1.74
ATP,2011,50,New York,US Open,2011-09-01,Grand Slam,Outdoor,Hard,2nd Round,5,Ferrero J.C.,Monfils G.,105,7.0,540,3165.0,7.0,6.0,5.0,7.0,6.0,7.0,6.0,4.0,6.0,4.0,3.0,2.0,Completed,5.0,1.16,5.0,1.16,5.0,1.14,5.25,1.19,5.5,1.14,5.8,1.22,4.81,1.17
ATP,2011,50,New York,US Open,2011-09-01,Grand Slam,Outdoor,Hard,2nd Round,5,Federer R.,Sela D.,3,93.0,8380,580.0,6.0,3.0,6.0,2.0,6.0,2.0,,,,,3.0,0.0,Completed,1.01,21.0,1.02,15.0,1.02,11.0,1.01,51.0,1.01,23.0,1.02,54.12,1.01,19.33
ATP,2011,50,New York,US Open,2011-09-01,Grand Slam,Outdoor,Hard,2nd Round,5,Granollers M.,Kukushkin M.,32,61.0,1243,751.0,7.0,5.0,6.0,3.0,6.0,4.0,,,,,3.0,0.0,Completed,1.38,2.87,1.45,2.7,1.4,2.75,1.49,2.82,1.5,2.5,1.5,3.0,1.43,2.71
ATP,2011,50,New York,US Open,2011-09-01,Grand Slam,Outdoor,Hard,2nd Round,5,Tsonga J.W.,Bubka S.,11,207.0,2350,247.0,6.0,3.0,7.0,5.0,6.0,2.0,,,,,3.0,0.0,Completed,1.02,19.0,1.03,12.0,1.03,10.0,1.02,21.0,1.03,11.0,1.04,22.0,1.02,13.58
ATP,2011,50,New York,US Open,2011-09-01,Grand Slam,Outdoor,Hard,2nd Round,5,Cilic M.,Tomic B.,28,60.0,1375,752.0,6.0,1.0,6.0,0.0,6.0,2.0,,,,,3.0,0.0,Completed,1.53,2.37,1.6,2.3,1.5,2.5,1.53,2.7,1.57,2.25,1.62,2.75,1.52,2.46
ATP,2011,50,New York,US Open,2011-09-01,Grand Slam,Outdoor,Hard,2nd Round,5,Davydenko N.,Starace P.,39,52.0,1115,855.0,6.0,2.0,6.0,4.0,7.0,5.0,,,,,3.0,0.0,Completed,1.18,4.5,1.2,4.25,1.17,4.5,1.21,5.04,1.2,4.0,1.25,5.32,1.19,4.53
ATP,2011,50,New York,US Open,2011-09-01,Grand Slam,Outdoor,Hard,2nd Round,5,Dolgopolov O.,Cipolla F.,23,108.0,1530,527.0,6.0,0.0,7.0,5.0,2.0,6.0,5.0,7.0,6.0,4.0,3.0,2.0,Completed,1.11,6.5,1.11,6.0,1.13,5.5,1.17,5.87,1.13,5.5,1.17,6.5,1.13,5.58
ATP,2011,50,New York,US Open,2011-09-01,Grand Slam,Outdoor,Hard,2nd Round,5,Verdasco F.,Ilhan M.,19,101.0,1785,545.0,6.0,4.0,6.0,3.0,6.0,1.0,,,,,3.0,0.0,Completed,1.14,5.5,1.16,5.0,1.17,4.5,1.19,5.39,1.17,4.5,1.2,6.0,1.16,5.01
ATP,2011,50,New York,US Open,2011-09-01,Grand Slam,Outdoor,Hard,2nd Round,5,Karlovic I.,Gasquet R.,94,13.0,577,2080.0,6.0,4.0,6.0,2.0,2.0,6.0,7.0,6.0,,,3.0,1.0,Completed,4.0,1.22,4.0,1.22,3.75,1.25,4.05,1.29,3.5,1.25,4.3,1.3,3.86,1.24
ATP,2011,50,New York,US Open,2011-09-01,Grand Slam,Outdoor,Hard,2nd Round,5,Fish M.,Jaziri M.,8,181.0,2820,297.0,6.0,2.0,6.0,2.0,6.0,4.0,,,,,3.0,0.0,Completed,1.01,23.0,1.02,15.0,1.01,17.0,1.01,41.0,1.01,23.0,1.02,55.56,1.01,19.94
ATP,2011,50,New York,US Open,2011-09-02,Grand Slam,Outdoor,Hard,2nd Round,5,Djokovic N.,Berlocq C.,1,74.0,13920,672.0,6.0,0.0,6.0,0.0,6.0,2.0,,,,,3.0,0.0,Completed,1.002,34.0,1.01,20.0,1.0,34.0,1.01,86.0,1.0,34.0,1.01,89.25,1.01,31.15
ATP,2011,50,New York,US Open,2011-09-02,Grand Slam,Outdoor,Hard,2nd Round,5,Del Potro J.M.,Junqueira D.,18,104.0,1800,542.0,6.0,2.0,6.0,1.0,7.0,5.0,,,,,3.0,0.0,Completed,1.002,34.0,1.01,20.0,1.0,34.0,1.01,61.0,1.01,23.0,1.02,61.0,1.01,23.99
ATP,2011,50,New York,US Open,2011-09-02,Grand Slam,Outdoor,Hard,2nd Round,5,Benneteau J.,Istomin D.,81,95.0,633,570.0,6.0,4.0,6.0,4.0,6.0,4.0,,,,,3.0,0.0,Completed,1.25,3.75,1.35,3.1,1.33,3.25,1.4,3.25,1.36,2.88,1.4,3.75,1.33,3.24
ATP,2011,50,New York,US Open,2011-09-02,Grand Slam,Outdoor,Hard,2nd Round,5,Muller G.,Gulbis E.,68,53.0,710,840.0,3.0,6.0,7.0,6.0,6.0,4.0,7.0,6.0,,,3.0,1.0,Completed,3.5,1.28,3.4,1.3,3.4,1.3,3.54,1.35,3.25,1.29,4.0,1.36,3.54,1.28
ATP,2011,50,New York,US Open,2011-09-02,Grand Slam,Outdoor,Hard,2nd Round,5,Young D.,Wawrinka S.,84,14.0,620,2035.0,7.0,6.0,3.0,6.0,2.0,6.0,6.0,3.0,7.0,6.0,3.0,2.0,Completed,3.75,1.25,3.4,1.3,3.4,1.3,4.34,1.26,3.75,1.25,4.34,1.3,3.73,1.26
ATP,2011,50,New York,US Open,2011-09-02,Grand Slam,Outdoor,Hard,2nd Round,5,Chela J.I.,Darcis S.,24,102.0,1440,542.0,6.0,2.0,6.0,4.0,6.0,4.0,,,,,3.0,0.0,Completed,2.1,1.66,2.0,1.75,2.25,1.57,2.26,1.72,2.25,1.57,2.53,1.8,2.2,1.65
ATP,2011,50,New York,US Open,2011-09-02,Grand Slam,Outdoor,Hard,2nd Round,5,Isner J.,Ginepri R.,22,363.0,1545,115.0,6.0,4.0,6.0,3.0,6.0,4.0,,,,,3.0,0.0,Completed,1.1,7.0,1.1,6.02,1.13,5.5,1.13,7.04,1.13,6.0,1.14,8.0,1.11,6.37
ATP,2011,50,New York,US Open,2011-09-02,Grand Slam,Outdoor,Hard,2nd Round,5,Simon G.,Garcia-Lopez G.,12,37.0,2325,1165.0,6.0,4.0,6.0,7.0,7.0,5.0,6.0,3.0,,,3.0,1.0,Completed,1.14,5.5,1.16,5.0,1.17,4.5,1.18,5.65,1.22,3.75,1.22,5.85,1.16,4.93
ATP,2011,50,New York,US Open,2011-09-02,Grand Slam,Outdoor,Hard,2nd Round,5,Kunitsyn I.,Melzer J.,62,17.0,729,1830.0,3.0,6.0,6.0,3.0,1.0,6.0,6.0,2.0,7.0,6.0,3.0,2.0,Completed,3.5,1.28,3.4,1.3,3.5,1.29,3.44,1.36,3.25,1.29,3.7,1.4,3.35,1.31
ATP,2011,50,New York,US Open,2011-09-02,Grand Slam,Outdoor,Hard,2nd Round,5,Lopez F.,Pospisil V.,26,143.0,1415,382.0,5.0,7.0,6.0,4.0,7.0,6.0,7.0,6.0,,,3.0,1.0,Completed,1.25,3.75,1.3,3.4,1.29,3.5,1.26,4.38,1.29,3.25,1.32,4.4,1.26,3.69
ATP,2011,50,New York,US Open,2011-09-02,Grand Slam,Outdoor,Hard,2nd Round,5,Murray A.,Haase R.,4,41.0,6535,1016.0,6.0,7.0,2.0,6.0,6.0,2.0,6.0,0.0,6.0,4.0,3.0,2.0,Completed,1.07,9.0,1.08,7.0,1.08,7.0,1.08,9.65,1.07,8.0,1.08,11.35,1.07,8.21
ATP,2011,50,New York,US Open,2011-09-02,Grand Slam,Outdoor,Hard,2nd Round,5,Nalbandian D.,Ljubicic I.,76,31.0,670,1280.0,6.0,4.0,1.0,6.0,6.0,3.0,6.0,2.0,,,3.0,1.0,Completed,1.66,2.1,1.75,2.0,1.8,1.91,1.95,1.95,1.83,1.83,1.95,2.1,1.78,1.98
ATP,2011,50,New York,US Open,2011-09-02,Grand Slam,Outdoor,Hard,2nd Round,5,Nadal R.,Mahut N.,2,99.0,11420,557.0,6.0,2.0,6.0,2.0,,,,,,,2.0,0.0,Retired,1.02,17.0,1.04,10.0,1.02,11.0,1.03,20.0,1.04,10.0,1.04,22.6,1.02,13.55
ATP,2011,50,New York,US Open,2011-09-02,Grand Slam,Outdoor,Hard,2nd Round,5,Ferrer D.,Blake J.,5,63.0,4200,719.0,6.0,4.0,6.0,3.0,6.0,4.0,,,,,3.0,0.0,Completed,1.28,3.5,1.3,3.4,1.3,3.4,1.35,3.52,1.29,3.5,1.35,3.7,1.3,3.4
ATP,2011,50,New York,US Open,2011-09-02,Grand Slam,Outdoor,Hard,2nd Round,5,Bogomolov A.,Dutra Da Silva R.,44,114.0,985,482.0,6.0,4.0,6.0,3.0,7.0,5.0,,,,,3.0,0.0,Completed,1.14,5.5,1.16,5.0,1.14,5.0,1.19,5.42,1.13,6.0,1.19,6.0,1.15,5.25
ATP,2011,50,New York,US Open,2011-09-03,Grand Slam,Outdoor,Hard,2nd Round,5,Mayer F.,Lisnard J.R.,27,542.0,1405,50.0,6.0,2.0,7.0,5.0,6.0,2.0,,,,,3.0,0.0,Completed,1.1,7.0,1.11,6.0,1.14,5.0,1.13,7.51,1.13,5.5,1.14,8.0,1.11,6.29
ATP,2011,50,New York,US Open,2011-09-03,Grand Slam,Outdoor,Hard,2nd Round,5,Roddick A.,Sock J.,21,555.0,1680,47.0,6.0,3.0,6.0,3.0,6.0,4.0,,,,,3.0,0.0,Completed,1.05,11.0,1.05,9.0,1.05,8.5,1.08,10.25,1.04,9.0,1.08,14.0,1.04,10.15
ATP,2011,50,New York,US Open,2011-09-03,Grand Slam,Outdoor,Hard,3rd Round,5,Tipsarevic J.,Berdych T.,20,9.0,1740,2690.0,6.0,4.0,5.0,0.0,,,,,,,1.0,0.0,Retired,2.75,1.4,2.85,1.4,2.5,1.5,2.86,1.49,2.5,1.53,3.13,1.53,2.7,1.45
ATP,2011,50,New York,US Open,2011-09-03,Grand Slam,Outdoor,Hard,3rd Round,5,Ferrero J.C.,Granollers M.,105,32.0,540,1243.0,6.0,1.0,4.0,3.0,,,,,,,1.0,0.0,Retired,1.83,1.83,1.85,1.9,1.83,1.83,1.92,2.01,1.9,1.9,1.92,2.05,1.82,1.92
ATP,2011,50,New York,US Open,2011-09-03,Grand Slam,Outdoor,Hard,3rd Round,5,Federer R.,Cilic M.,3,28.0,8380,1375.0,6.0,3.0,4.0,6.0,6.0,4.0,6.0,2.0,,,3.0,1.0,Completed,1.14,5.5,1.16,5.0,1.13,5.5,1.17,6.09,1.14,5.5,1.18,6.38,1.14,5.32
ATP,2011,50,New York,US Open,2011-09-03,Grand Slam,Outdoor,Hard,3rd Round,5,Dolgopolov O.,Karlovic I.,23,94.0,1530,577.0,6.0,7.0,6.0,2.0,6.0,4.0,6.0,4.0,,,3.0,1.0,Completed,2.25,1.57,2.2,1.65,2.2,1.62,2.5,1.61,2.2,1.67,2.5,1.73,2.23,1.63
ATP,2011,50,New York,US Open,2011-09-03,Grand Slam,Outdoor,Hard,3rd Round,5,Fish M.,Anderson K.,8,34.0,2820,1200.0,6.0,4.0,7.0,6.0,7.0,6.0,,,,,3.0,0.0,Completed,1.2,4.33,1.22,4.0,1.17,4.5,1.24,4.68,1.22,4.0,1.26,4.8,1.21,4.26
ATP,2011,50,New York,US Open,2011-09-03,Grand Slam,Outdoor,Hard,3rd Round,5,Monaco J.,Haas T.,36,475.0,1170,70.0,6.0,7.0,6.0,3.0,6.0,2.0,6.0,3.0,,,3.0,1.0,Completed,1.36,3.0,1.4,2.85,1.5,2.5,1.44,3.09,1.44,2.75,1.51,3.09,1.43,2.77
ATP,2011,50,New York,US Open,2011-09-04,Grand Slam,Outdoor,Hard,3rd Round,5,Tsonga J.W.,Verdasco F.,11,19.0,2350,1785.0,6.0,3.0,7.0,5.0,6.0,4.0,,,,,3.0,0.0,Completed,1.45,2.55,1.45,2.65,1.4,2.75,1.52,2.77,1.36,2.88,1.52,3.0,1.44,2.74
ATP,2011,50,New York,US Open,2011-09-04,Grand Slam,Outdoor,Hard,3rd Round,5,Djokovic N.,Davydenko N.,1,39.0,13920,1115.0,6.0,3.0,6.0,4.0,6.0,2.0,,,,,3.0,0.0,Completed,1.02,17.0,1.02,15.0,1.02,11.0,1.02,25.5,1.02,13.0,1.04,25.5,1.02,14.67
ATP,2011,50,New York,US Open,2011-09-04,Grand Slam,Outdoor,Hard,3rd Round,5,Nadal R.,Nalbandian D.,2,76.0,11420,670.0,7.0,6.0,6.0,1.0,7.0,5.0,,,,,3.0,0.0,Completed,1.06,10.0,1.08,7.5,1.06,8.0,1.09,9.6,1.07,8.0,1.1,10.16,1.07,7.9
ATP,2011,50,New York,US Open,2011-09-04,Grand Slam,Outdoor,Hard,3rd Round,5,Muller G.,Kunitsyn I.,68,62.0,710,729.0,6.0,1.0,6.0,4.0,6.0,4.0,,,,,3.0,0.0,Completed,1.5,2.5,1.5,2.5,1.5,2.5,1.61,2.52,1.5,2.63,1.61,2.65,1.51,2.5
ATP,2011,50,New York,US Open,2011-09-04,Grand Slam,Outdoor,Hard,3rd Round,5,Ferrer D.,Mayer F.,5,27.0,4200,1405.0,6.0,1.0,6.0,2.0,7.0,6.0,,,,,3.0,0.0,Completed,1.12,6.0,1.16,5.0,1.13,5.5,1.16,6.27,1.13,6.0,1.17,6.7,1.13,5.72
ATP,2011,50,New York,US Open,2011-09-04,Grand Slam,Outdoor,Hard,3rd Round,5,Simon G.,Del Potro J.M.,12,18.0,2325,1800.0,4.0,6.0,7.0,6.0,6.0,2.0,7.0,6.0,,,3.0,1.0,Completed,3.5,1.28,3.4,1.3,3.75,1.25,3.58,1.35,3.5,1.25,3.8,1.35,3.44,1.3
ATP,2011,50,New York,US Open,2011-09-04,Grand Slam,Outdoor,Hard,3rd Round,5,Roddick A.,Benneteau J.,21,81.0,1680,633.0,6.0,1.0,6.0,4.0,7.0,6.0,,,,,3.0,0.0,Completed,1.36,3.0,1.4,2.85,1.36,3.0,1.42,3.16,1.36,3.0,1.44,3.4,1.36,3.04
ATP,2011,50,New York,US Open,2011-09-04,Grand Slam,Outdoor,Hard,3rd Round,5,Young D.,Chela J.I.,84,24.0,620,1440.0,7.0,5.0,6.0,4.0,6.0,3.0,,,,,3.0,0.0,Completed,1.8,1.9,1.85,1.89,1.83,1.83,1.93,2.0,1.9,1.9,1.95,2.02,1.85,1.9
ATP,2011,50,New York,US Open,2011-09-04,Grand Slam,Outdoor,Hard,3rd Round,5,Isner J.,Bogomolov A.,22,44.0,1545,985.0,7.0,6.0,6.0,4.0,6.0,4.0,,,,,3.0,0.0,Completed,1.12,6.0,1.14,5.4,1.13,5.5,1.16,6.31,1.14,5.5,1.16,6.5,1.13,5.57
ATP,2011,50,New York,US Open,2011-09-05,Grand Slam,Outdoor,Hard,3rd Round,5,Murray A.,Lopez F.,4,26.0,6535,1415.0,6.0,1.0,6.0,4.0,6.0,2.0,,,,,3.0,0.0,Completed,1.08,8.0,1.11,6.0,1.1,6.5,1.09,9.95,1.1,7.0,1.13,9.95,1.09,7.21
ATP,2011,50,New York,US Open,2011-09-05,Grand Slam,Outdoor,Hard,4th Round,5,Tipsarevic J.,Ferrero J.C.,20,105.0,1740,540.0,7.0,5.0,6.0,7.0,7.0,5.0,6.0,2.0,,,3.0,1.0,Completed,1.38,2.87,1.45,2.7,1.44,2.75,1.47,2.97,1.4,2.88,1.5,3.0,1.43,2.75
ATP,2011,50,New York,US Open,2011-09-05,Grand Slam,Outdoor,Hard,4th Round,5,Djokovic N.,Dolgopolov O.,1,23.0,13920,1530.0,7.0,6.0,6.0,4.0,6.0,2.0,,,,,3.0,0.0,Completed,1.02,19.0,1.03,11.0,1.03,11.0,1.03,21.0,1.01,19.0,1.05,25.38,1.02,15.07
ATP,2011,50,New York,US Open,2011-09-05,Grand Slam,Outdoor,Hard,4th Round,5,Tsonga J.W.,Fish M.,11,8.0,2350,2820.0,6.0,4.0,6.0,7.0,3.0,6.0,6.0,4.0,6.0,2.0,3.0,2.0,Completed,1.8,1.9,1.75,2.0,1.8,2.0,1.95,1.97,1.9,1.9,1.95,2.03,1.81,1.95
ATP,2011,50,New York,US Open,2011-09-06,Grand Slam,Outdoor,Hard,4th Round,5,Federer R.,Monaco J.,3,36.0,8380,1170.0,6.0,1.0,6.0,2.0,6.0,0.0,,,,,3.0,0.0,Completed,1.02,17.0,1.03,12.0,1.04,10.0,1.03,19.0,1.02,13.0,1.05,21.0,1.03,14.43
ATP,2011,50,New York,US Open,2011-09-08,Grand Slam,Outdoor,Hard,4th Round,5,Roddick A.,Ferrer D.,21,5.0,1680,4200.0,6.0,3.0,6.0,4.0,3.0,6.0,6.0,3.0,,,3.0,1.0,Completed,2.5,1.53,2.5,1.5,2.5,1.53,2.44,1.64,1.67,2.2,2.6,2.2,2.41,1.56
ATP,2011,50,New York,US Open,2011-09-08,Grand Slam,Outdoor,Hard,4th Round,5,Murray A.,Young D.,4,84.0,6535,620.0,6.0,2.0,6.0,3.0,6.0,3.0,,,,,3.0,0.0,Completed,1.06,10.0,1.05,9.0,1.04,10.0,1.06,13.4,1.06,8.5,1.1,14.25,1.05,9.91
ATP,2011,50,New York,US Open,2011-09-08,Grand Slam,Outdoor,Hard,4th Round,5,Nadal R.,Muller G.,2,68.0,11420,710.0,7.0,6.0,6.0,1.0,6.0,2.0,,,,,3.0,0.0,Completed,1.05,11.0,1.05,9.0,1.05,9.0,1.06,13.0,1.07,8.0,1.08,14.25,1.05,9.89
ATP,2011,50,New York,US Open,2011-09-08,Grand Slam,Outdoor,Hard,4th Round,5,Isner J.,Simon G.,22,12.0,1545,2325.0,7.0,6.0,3.0,6.0,7.0,6.0,7.0,6.0,,,3.0,1.0,Completed,2.0,1.8,1.95,1.8,2.0,1.8,2.08,1.85,2.0,1.8,2.1,1.85,1.99,1.79
ATP,2011,50,New York,US Open,2011-09-08,Grand Slam,Outdoor,Hard,Quarterfinals,5,Djokovic N.,Tipsarevic J.,1,20.0,13920,1740.0,7.0,6.0,6.0,7.0,6.0,0.0,3.0,0.0,,,2.0,1.0,Retired,1.04,13.0,1.04,10.0,1.03,11.0,1.03,21.0,1.02,13.0,1.05,24.5,1.03,13.38
ATP,2011,50,New York,US Open,2011-09-09,Grand Slam,Outdoor,Hard,Quarterfinals,5,Federer R.,Tsonga J.W.,3,11.0,8380,2350.0,6.0,4.0,6.0,3.0,6.0,3.0,,,,,3.0,0.0,Completed,1.36,3.25,1.35,3.1,1.36,3.25,1.38,3.39,1.36,3.0,1.4,3.45,1.35,3.15
ATP,2011,50,New York,US Open,2011-09-09,Grand Slam,Outdoor,Hard,Quarterfinals,5,Murray A.,Isner J.,4,22.0,6535,1545.0,7.0,5.0,6.0,4.0,3.0,6.0,7.0,6.0,,,3.0,1.0,Completed,1.14,5.5,1.1,6.25,1.14,5.5,1.14,7.03,1.17,5.0,1.17,7.03,1.13,5.69
ATP,2011,50,New York,US Open,2011-09-09,Grand Slam,Outdoor,Hard,Quarterfinals,5,Nadal R.,Roddick A.,2,21.0,11420,1680.0,6.0,2.0,6.0,1.0,6.0,3.0,,,,,3.0,0.0,Completed,1.22,4.33,1.22,4.0,1.2,4.5,1.23,4.84,1.22,4.0,1.25,4.84,1.21,4.32
ATP,2011,50,New York,US Open,2011-09-10,Grand Slam,Outdoor,Hard,Semifinals,5,Djokovic N.,Federer R.,1,3.0,13920,8380.0,6.0,7.0,4.0,6.0,6.0,3.0,6.0,2.0,7.0,5.0,3.0,2.0,Completed,1.53,2.5,1.57,2.36,1.53,2.5,1.55,2.71,1.62,2.25,1.7,2.71,1.56,2.42
ATP,2011,50,New York,US Open,2011-09-10,Grand Slam,Outdoor,Hard,Semifinals,5,Nadal R.,Murray A.,2,4.0,11420,6535.0,6.0,4.0,6.0,2.0,3.0,6.0,6.0,2.0,,,3.0,1.0,Completed,1.4,2.87,1.4,2.85,1.4,3.0,1.45,3.09,1.44,2.75,1.45,3.17,1.4,2.93
ATP,2011,50,New York,US Open,2011-09-12,Grand Slam,Outdoor,Hard,The Final,5,Djokovic N.,Nadal R.,1,2.0,13920,11420.0,6.0,2.0,6.0,4.0,6.0,7.0,6.0,1.0,,,3.0,1.0,Completed,1.57,2.37,1.55,2.4,1.57,2.5,1.56,2.66,1.57,2.38,1.65,2.66,1.57,2.4
