Tour,Year,ATP,Location,Tournament,Date,Series,Court,Surface,Round,Best of,Winner,Loser,WRank,LRank,WPts,LPts,W1,L1,W2,L2,W3,L3,W4,L4,W5,L5,Wsets,Lsets,Comment,B365W,B365L,PSW,PSL,MaxW,MaxL,AvgW,AvgL
ATP,2021,5,Melbourne,Australian Open,2021-02-08,Grand Slam,Outdoor,Hard,1st Round,5,Raonic M.,Coria F.,14,92.0,2630,785.0,6.0,3.0,6.0,3.0,6.0,2.0,,,,,3.0,0.0,Completed,1.01,26.0,1.01,26.84,1.02,34.0,1.01,21.38
ATP,2021,5,Melbourne,Australian Open,2021-02-08,Grand Slam,Outdoor,Hard,1st Round,5,Mannarino A.,Novak D.,36,98.0,1561,752.0,6.0,2.0,6.0,4.0,7.0,6.0,,,,,3.0,0.0,Completed,1.66,2.2,1.66,2.37,1.83,2.37,1.68,2.19
ATP,2021,5,Melbourne,Australian Open,2021-02-08,Grand Slam,Outdoor,Hard,1st Round,5,Ruusuvuori E.,Monfils G.,86,11.0,816,2860.0,3.0,6.0,6.0,4.0,7.0,5.0,3.0,6.0,6.0,3.0,3.0,2.0,Completed,1.61,2.3,1.56,2.59,1.78,2.6,1.56,2.42
ATP,2021,5,Melbourne,Australian Open,2021-02-08,Grand Slam,Outdoor,Hard,1st Round,5,Moutet C.,Millman J.,71,39.0,928,1421.0,6.0,4.0,6.0,7.0,3.0,6.0,6.0,2.0,6.0,3.0,3.0,2.0,Completed,3.0,1.4,2.88,1.48,3.05,1.5,2.78,1.44
ATP,2021,5,Melbourne,Australian Open,2021-02-08,Grand Slam,Outdoor,Hard,1st Round,5,Opelka R.,Lu Y.,38,1009.0,1422,10.0,6.0,3.0,7.0,6.0,6.0,3.0,,,,,3.0,0.0,Completed,1.06,10.0,1.05,14.72,1.07,15.0,1.04,11.4
ATP,2021,5,Melbourne,Australian Open,2021-02-08,Grand Slam,Outdoor,Hard,1st Round,5,Wawrinka S.,Sousa P.,18,107.0,2365,701.0,6.0,3.0,6.0,2.0,6.0,4.0,,,,,3.0,0.0,Completed,1.08,8.0,1.09,9.33,1.1,11.25,1.08,8.13
ATP,2021,5,Melbourne,Australian Open,2021-02-08,Grand Slam,Outdoor,Hard,1st Round,5,Bolt A.,Gombos N.,166,89.0,400,797.0,6.0,2.0,6.0,2.0,4.0,6.0,6.0,3.0,,,3.0,1.0,Completed,1.66,2.2,1.88,2.02,1.94,2.4,1.74,2.09
ATP,2021,5,Melbourne,Australian Open,2021-02-08,Grand Slam,Outdoor,Hard,1st Round,5,Martinez P.,Nishioka Y.,87,58.0,810,1062.0,6.0,7.0,6.0,1.0,6.0,1.0,6.0,1.0,,,3.0,1.0,Completed,3.2,1.36,3.1,1.43,3.25,1.47,3.0,1.38
ATP,2021,5,Melbourne,Australian Open,2021-02-08,Grand Slam,Outdoor,Hard,1st Round,5,Fritz T.,Ramos-Vinolas A.,31,46.0,1695,1210.0,7.0,6.0,3.0,6.0,6.0,2.0,7.0,6.0,,,3.0,1.0,Completed,1.14,5.5,1.18,5.63,1.2,6.05,1.15,5.47
ATP,2021,5,Melbourne,Australian Open,2021-02-08,Grand Slam,Outdoor,Hard,1st Round,5,Fucsovics M.,Polmans M.,55,126.0,1072,546.0,4.0,6.0,6.0,3.0,6.0,1.0,6.0,7.0,6.0,3.0,3.0,2.0,Completed,1.16,5.0,1.23,4.67,1.24,5.3,1.19,4.58
ATP,2021,5,Melbourne,Australian Open,2021-02-08,Grand Slam,Outdoor,Hard,1st Round,5,Thiem D.,Kukushkin M.,3,90.0,9125,796.0,7.0,6.0,6.0,2.0,6.0,3.0,,,,,3.0,0.0,Completed,1.02,17.0,1.04,16.39,1.05,21.0,1.02,15.11
ATP,2021,5,Melbourne,Australian Open,2021-02-08,Grand Slam,Outdoor,Hard,1st Round,5,Karatsev A.,Mager G.,114,96.0,642,770.0,6.0,3.0,6.0,3.0,6.0,4.0,,,,,3.0,0.0,Completed,1.25,4.0,1.26,4.33,1.32,4.55,1.24,4.0
ATP,2021,5,Melbourne,Australian Open,2021-02-08,Grand Slam,Outdoor,Hard,1st Round,5,Kecmanovic M.,Majchrzak K.,41,109.0,1353,690.0,6.0,2.0,6.0,4.0,6.0,3.0,,,,,3.0,0.0,Completed,1.44,2.75,1.49,2.85,1.49,3.1,1.42,2.87
ATP,2021,5,Melbourne,Australian Open,2021-02-08,Grand Slam,Outdoor,Hard,1st Round,5,Zverev A.,Giron M.,7,75.0,5615,889.0,6.0,7.0,7.0,6.0,6.0,3.0,6.0,2.0,,,3.0,1.0,Completed,1.05,11.0,1.06,11.72,1.09,12.0,1.06,9.63
ATP,2021,5,Melbourne,Australian Open,2021-02-08,Grand Slam,Outdoor,Hard,1st Round,5,Bublik A.,Bedene A.,45,57.0,1220,1065.0,6.0,4.0,7.0,5.0,5.0,7.0,6.0,4.0,,,3.0,1.0,Completed,2.0,1.8,1.99,1.92,2.05,2.05,1.95,1.86
ATP,2021,5,Melbourne,Australian Open,2021-02-08,Grand Slam,Outdoor,Hard,1st Round,5,Gerasimov E.,Paire B.,79,29.0,854,1738.0,6.0,2.0,2.0,6.0,7.0,6.0,7.0,5.0,,,3.0,1.0,Completed,1.16,5.0,1.19,5.44,1.19,8.0,1.15,5.36
ATP,2021,5,Melbourne,Australian Open,2021-02-08,Grand Slam,Outdoor,Hard,1st Round,5,Duckworth J.,Dzumhur D.,105,120.0,721,572.0,6.0,3.0,6.0,2.0,6.0,4.0,,,,,3.0,0.0,Completed,1.36,3.2,1.45,2.98,1.45,3.25,1.38,3.02
ATP,2021,5,Melbourne,Australian Open,2021-02-08,Grand Slam,Outdoor,Hard,1st Round,5,Vesely J.,Coppejans K.,68,178.0,958,368.0,6.0,4.0,3.0,6.0,6.0,7.0,6.0,3.0,6.0,3.0,3.0,2.0,Completed,1.25,4.0,1.29,3.97,1.32,4.35,1.25,3.91
ATP,2021,5,Melbourne,Australian Open,2021-02-08,Grand Slam,Outdoor,Hard,1st Round,5,Humbert U.,Uchiyama Y.,34,106.0,1671,701.0,6.0,3.0,6.0,4.0,6.0,7.0,6.0,3.0,,,3.0,1.0,Completed,1.14,5.5,1.16,6.25,1.17,6.5,1.14,5.8
ATP,2021,5,Melbourne,Australian Open,2021-02-08,Grand Slam,Outdoor,Hard,1st Round,5,Muller A.,Londero J.I.,210,83.0,305,832.0,4.0,6.0,6.0,3.0,6.0,0.0,6.0,3.0,,,3.0,1.0,Completed,1.8,2.0,1.89,2.0,1.91,2.05,1.83,1.99
ATP,2021,5,Melbourne,Australian Open,2021-02-08,Grand Slam,Outdoor,Hard,1st Round,5,Carreno Busta P.,Nishikori K.,16,42.0,2585,1345.0,7.0,5.0,7.0,6.0,6.0,2.0,,,,,3.0,0.0,Completed,1.33,3.4,1.3,3.92,1.35,3.95,1.3,3.51
ATP,2021,5,Melbourne,Australian Open,2021-02-08,Grand Slam,Outdoor,Hard,1st Round,5,Tiafoe F.,Travaglia S.,64,60.0,1005,1024.0,7.0,6.0,6.0,2.0,6.0,2.0,,,,,3.0,0.0,Completed,1.28,3.75,1.33,3.66,1.33,3.8,1.29,3.55
ATP,2021,5,Melbourne,Australian Open,2021-02-08,Grand Slam,Outdoor,Hard,1st Round,5,Dimitrov G.,Cilic M.,21,43.0,2260,1325.0,6.0,4.0,6.0,2.0,7.0,6.0,,,,,3.0,0.0,Completed,1.5,2.62,1.6,2.51,1.6,2.67,1.52,2.54
ATP,2021,5,Melbourne,Australian Open,2021-02-08,Grand Slam,Outdoor,Hard,1st Round,5,Koepfer D.,Dellien H.,70,112.0,931,646.0,7.0,5.0,6.0,2.0,6.0,4.0,,,,,3.0,0.0,Completed,1.22,4.33,1.26,4.3,1.26,5.3,1.21,4.42
ATP,2021,5,Melbourne,Australian Open,2021-02-08,Grand Slam,Outdoor,Hard,1st Round,5,Lajovic D.,Stakhovsky S.,27,200.0,1785,332.0,5.0,7.0,6.0,4.0,6.0,3.0,5.0,7.0,6.0,4.0,3.0,2.0,Completed,1.36,3.2,1.4,3.24,1.4,3.46,1.35,3.18
ATP,2021,5,Melbourne,Australian Open,2021-02-08,Grand Slam,Outdoor,Hard,1st Round,5,Auger-Aliassime F.,Stebe C.M.,19,129.0,2346,539.0,6.0,2.0,6.0,4.0,6.0,2.0,,,,,3.0,0.0,Completed,1.12,6.0,1.18,5.74,1.23,6.59,1.14,5.64
ATP,2021,5,Melbourne,Australian Open,2021-02-08,Grand Slam,Outdoor,Hard,1st Round,5,Schwartzman D.,Ymer E.,9,205.0,3480,314.0,7.0,6.0,6.0,4.0,2.0,6.0,6.0,2.0,,,3.0,1.0,Completed,1.04,13.0,1.05,14.13,1.06,18.0,1.04,11.74
ATP,2021,5,Melbourne,Australian Open,2021-02-08,Grand Slam,Outdoor,Hard,1st Round,5,Tomic B.,Sugita Y.,233,104.0,253,723.0,3.0,6.0,6.0,1.0,4.0,1.0,,,,,1.0,1.0,Retired,2.2,1.66,2.1,1.83,2.25,1.83,2.11,1.73
ATP,2021,5,Melbourne,Australian Open,2021-02-08,Grand Slam,Outdoor,Hard,1st Round,5,Kyrgios N.,Ferreira Silva F.,47,185.0,1190,356.0,6.0,4.0,6.0,4.0,6.0,4.0,,,,,3.0,0.0,Completed,1.14,5.5,1.15,6.35,1.17,6.35,1.14,5.61
ATP,2021,5,Melbourne,Australian Open,2021-02-08,Grand Slam,Outdoor,Hard,1st Round,5,Cressy M.,Daniel T.,172,118.0,389,591.0,7.0,6.0,7.0,6.0,6.0,4.0,,,,,3.0,0.0,Completed,2.1,1.72,2.27,1.71,2.3,1.8,2.14,1.71
ATP,2021,5,Melbourne,Australian Open,2021-02-08,Grand Slam,Outdoor,Hard,1st Round,5,Djokovic N.,Chardy J.,1,61.0,12030,1020.0,6.0,3.0,6.0,1.0,6.0,2.0,,,,,3.0,0.0,Completed,1.01,26.0,1.01,31.6,1.02,67.0,1.01,23.28
ATP,2021,5,Melbourne,Australian Open,2021-02-08,Grand Slam,Outdoor,Hard,1st Round,5,Shapovalov D.,Sinner J.,12,32.0,2830,1694.0,3.0,6.0,6.0,3.0,6.0,2.0,4.0,6.0,6.0,4.0,3.0,2.0,Completed,1.5,2.62,1.48,2.86,1.53,2.9,1.46,2.7
ATP,2021,5,Melbourne,Australian Open,2021-02-09,Grand Slam,Outdoor,Hard,1st Round,5,Harris L.,Torpegaard M.,91,188.0,793,350.0,4.0,6.0,6.0,3.0,6.0,2.0,6.0,2.0,,,3.0,1.0,Completed,1.36,3.2,1.41,3.15,1.45,3.26,1.37,3.07
ATP,2021,5,Melbourne,Australian Open,2021-02-09,Grand Slam,Outdoor,Hard,1st Round,5,Mcdonald M.,Cecchinato M.,192,82.0,345,838.0,3.0,6.0,6.0,3.0,6.0,2.0,6.0,2.0,,,3.0,1.0,Completed,1.36,3.2,1.38,3.35,1.4,3.4,1.35,3.16
ATP,2021,5,Melbourne,Australian Open,2021-02-09,Grand Slam,Outdoor,Hard,1st Round,5,Monteiro T.,Martin A.,74,103.0,894,734.0,7.0,6.0,6.0,1.0,6.0,2.0,,,,,3.0,0.0,Completed,1.22,4.33,1.25,4.42,1.25,4.9,1.22,4.24
ATP,2021,5,Melbourne,Australian Open,2021-02-09,Grand Slam,Outdoor,Hard,1st Round,5,O Connell C.,Struff J.L.,121,37.0,568,1495.0,7.0,6.0,7.0,6.0,6.0,1.0,,,,,3.0,0.0,Completed,4.5,1.2,4.3,1.26,4.73,1.26,4.29,1.22
ATP,2021,5,Melbourne,Australian Open,2021-02-09,Grand Slam,Outdoor,Hard,1st Round,5,Coric B.,Pella G.,25,44.0,1855,1310.0,6.0,3.0,7.0,6.0,7.0,5.0,,,,,3.0,0.0,Completed,1.12,6.0,1.2,5.29,1.2,6.59,1.16,5.34
ATP,2021,5,Melbourne,Australian Open,2021-02-09,Grand Slam,Outdoor,Hard,1st Round,5,Alcaraz C.,Van De Zandschulp B.,141,151.0,484,461.0,6.0,1.0,6.0,4.0,6.0,4.0,,,,,3.0,0.0,Completed,1.66,2.2,1.75,2.21,1.8,2.25,1.7,2.15
ATP,2021,5,Melbourne,Australian Open,2021-02-09,Grand Slam,Outdoor,Hard,1st Round,5,Ymer M.,Hurkacz H.,95,30.0,775,1735.0,3.0,6.0,6.0,3.0,3.0,6.0,7.0,5.0,6.0,3.0,3.0,2.0,Completed,4.33,1.22,5.61,1.18,6.4,1.24,4.85,1.18
ATP,2021,5,Melbourne,Australian Open,2021-02-09,Grand Slam,Outdoor,Hard,1st Round,5,Rublev A.,Hanfmann Y.,8,102.0,4429,736.0,6.0,3.0,6.0,3.0,6.0,4.0,,,,,3.0,0.0,Completed,1.01,23.0,1.01,28.1,1.02,28.1,1.01,19.82
ATP,2021,5,Melbourne,Australian Open,2021-02-09,Grand Slam,Outdoor,Hard,1st Round,5,Popyrin A.,Goffin D.,113,15.0,643,2600.0,3.0,6.0,6.0,4.0,6.0,7.0,7.0,6.0,6.0,3.0,3.0,2.0,Completed,3.0,1.4,2.99,1.45,3.27,1.45,2.93,1.4
ATP,2021,5,Melbourne,Australian Open,2021-02-09,Grand Slam,Outdoor,Hard,1st Round,5,Khachanov K.,Vukic A.,20,196.0,2290,341.0,6.0,3.0,6.0,7.0,7.0,6.0,6.0,4.0,,,3.0,1.0,Completed,1.1,7.0,1.13,7.15,1.13,8.67,1.1,6.93
ATP,2021,5,Melbourne,Australian Open,2021-02-09,Grand Slam,Outdoor,Hard,1st Round,5,Albot R.,Bautista Agut R.,85,13.0,817,2710.0,6.0,7.0,6.0,0.0,6.0,4.0,7.0,6.0,,,3.0,1.0,Completed,11.0,1.05,11.37,1.07,21.0,1.07,11.43,1.04
ATP,2021,5,Melbourne,Australian Open,2021-02-09,Grand Slam,Outdoor,Hard,1st Round,5,Cuevas P.,Seppi A.,72,108.0,927,699.0,6.0,4.0,4.0,6.0,6.0,2.0,6.0,2.0,,,3.0,1.0,Completed,1.66,2.2,1.77,2.18,1.77,2.4,1.67,2.2
ATP,2021,5,Melbourne,Australian Open,2021-02-09,Grand Slam,Outdoor,Hard,1st Round,5,Krajinovic F.,Haase R.,33,197.0,1673,340.0,7.0,6.0,6.0,3.0,4.0,6.0,6.0,2.0,,,3.0,1.0,Completed,1.22,4.33,1.23,4.71,1.24,4.85,1.2,4.47
ATP,2021,5,Melbourne,Australian Open,2021-02-09,Grand Slam,Outdoor,Hard,1st Round,5,Andujar P.,Halys Q.,59,207.0,1044,310.0,6.0,4.0,7.0,5.0,7.0,5.0,,,,,3.0,0.0,Completed,3.0,1.4,2.71,1.52,3.16,1.52,2.75,1.45
ATP,2021,5,Melbourne,Australian Open,2021-02-09,Grand Slam,Outdoor,Hard,1st Round,5,Berankis R.,Nagal S.,73,144.0,909,480.0,6.0,2.0,7.0,5.0,6.0,3.0,,,,,3.0,0.0,Completed,1.12,6.0,1.13,7.14,1.16,7.7,1.12,6.45
ATP,2021,5,Melbourne,Australian Open,2021-02-09,Grand Slam,Outdoor,Hard,1st Round,5,Medvedev D.,Pospisil V.,4,63.0,8715,1013.0,6.0,2.0,6.0,2.0,6.0,4.0,,,,,3.0,0.0,Completed,1.04,13.0,1.06,12.78,1.06,14.75,1.04,11.62
ATP,2021,5,Melbourne,Australian Open,2021-02-09,Grand Slam,Outdoor,Hard,1st Round,5,Lopez F.,Tu L.,65,,998,,6.0,7.0,6.0,4.0,7.0,6.0,6.0,4.0,,,3.0,1.0,Completed,1.33,3.4,1.34,3.63,1.37,3.71,1.33,3.35
ATP,2021,5,Melbourne,Australian Open,2021-02-09,Grand Slam,Outdoor,Hard,1st Round,5,Sonego L.,Querrey S.,35,52.0,1588,1085.0,7.0,5.0,6.0,4.0,6.0,4.0,,,,,3.0,0.0,Completed,1.8,2.0,1.9,2.0,1.92,2.15,1.8,2.01
ATP,2021,5,Melbourne,Australian Open,2021-02-09,Grand Slam,Outdoor,Hard,1st Round,5,Paul T.,Basilashvili N.,53,40.0,1080,1405.0,6.0,4.0,7.0,6.0,6.0,4.0,,,,,3.0,0.0,Completed,1.2,4.5,1.25,4.48,1.27,4.75,1.22,4.27
ATP,2021,5,Melbourne,Australian Open,2021-02-09,Grand Slam,Outdoor,Hard,1st Round,5,Nadal R.,Djere L.,2,56.0,9850,1068.0,6.0,3.0,6.0,4.0,6.0,1.0,,,,,3.0,0.0,Completed,1.01,26.0,1.02,22.45,1.04,34.0,1.01,19.14
ATP,2021,5,Melbourne,Australian Open,2021-02-09,Grand Slam,Outdoor,Hard,1st Round,5,Caruso S.,Laaksonen H.,78,139.0,863,492.0,6.0,2.0,6.0,4.0,6.0,3.0,,,,,3.0,0.0,Completed,1.57,2.37,1.59,2.53,1.62,2.7,1.54,2.47
ATP,2021,5,Melbourne,Australian Open,2021-02-09,Grand Slam,Outdoor,Hard,1st Round,5,Mmoh M.,Troicki V.,177,202.0,368,326.0,7.0,6.0,6.0,7.0,3.0,6.0,7.0,6.0,7.0,5.0,3.0,2.0,Completed,1.66,2.2,1.61,2.47,1.7,2.48,1.63,2.28
ATP,2021,5,Melbourne,Australian Open,2021-02-09,Grand Slam,Outdoor,Hard,1st Round,5,De Minaur A.,Sandgren T.,23,51.0,2065,1091.0,7.0,5.0,6.0,1.0,6.0,1.0,,,,,3.0,0.0,Completed,1.12,6.0,1.13,7.16,1.15,8.3,1.12,6.3
ATP,2021,5,Melbourne,Australian Open,2021-02-09,Grand Slam,Outdoor,Hard,1st Round,5,Carballes Baena R.,Balazs A.,99,94.0,751,779.0,7.0,5.0,3.0,6.0,6.0,2.0,6.0,3.0,,,3.0,1.0,Completed,1.08,8.0,1.1,8.48,1.13,12.25,1.09,7.43
ATP,2021,5,Melbourne,Australian Open,2021-02-09,Grand Slam,Outdoor,Hard,1st Round,5,Norrie C.,Evans D.,69,26.0,935,1794.0,6.0,4.0,4.0,6.0,6.0,4.0,7.0,5.0,,,3.0,1.0,Completed,3.0,1.4,3.05,1.43,3.44,1.43,3.0,1.39
ATP,2021,5,Melbourne,Australian Open,2021-02-09,Grand Slam,Outdoor,Hard,1st Round,5,Machac T.,Vilella Martinez M.,199,181.0,333,359.0,6.0,7.0,7.0,5.0,6.0,0.0,3.0,0.0,,,2.0,1.0,Retired,1.44,2.75,1.46,2.94,1.53,2.94,1.45,2.74
ATP,2021,5,Melbourne,Australian Open,2021-02-09,Grand Slam,Outdoor,Hard,1st Round,5,Fognini F.,Herbert P.H.,17,84.0,2535,822.0,6.0,4.0,6.0,2.0,6.0,3.0,,,,,3.0,0.0,Completed,1.72,2.1,1.78,2.16,1.78,2.38,1.69,2.16
ATP,2021,5,Melbourne,Australian Open,2021-02-09,Grand Slam,Outdoor,Hard,1st Round,5,Ruud C.,Thompson J.,28,49.0,1739,1113.0,6.0,3.0,6.0,3.0,2.0,1.0,,,,,2.0,0.0,Retired,1.8,2.0,1.81,2.12,1.91,2.12,1.8,2.01
ATP,2021,5,Melbourne,Australian Open,2021-02-09,Grand Slam,Outdoor,Hard,1st Round,5,Kokkinakis T.,Kwon S.W.,267,97.0,209,768.0,6.0,4.0,6.0,1.0,6.0,1.0,,,,,3.0,0.0,Completed,1.72,2.1,1.68,2.33,1.77,2.35,1.67,2.21
ATP,2021,5,Melbourne,Australian Open,2021-02-09,Grand Slam,Outdoor,Hard,1st Round,5,Berrettini M.,Anderson K.,10,81.0,3345,845.0,7.0,6.0,7.0,5.0,6.0,3.0,,,,,3.0,0.0,Completed,1.33,3.4,1.42,3.13,1.42,3.56,1.35,3.22
ATP,2021,5,Melbourne,Australian Open,2021-02-09,Grand Slam,Outdoor,Hard,1st Round,5,Safiullin R.,Ivashka I.,183,110.0,357,681.0,6.0,4.0,6.0,3.0,6.0,4.0,,,,,3.0,0.0,Completed,1.57,2.37,1.67,2.36,1.7,2.47,1.61,2.33
ATP,2021,5,Melbourne,Australian Open,2021-02-09,Grand Slam,Outdoor,Hard,1st Round,5,Tsitsipas S.,Simon G.,6,66.0,5965,990.0,6.0,1.0,6.0,2.0,6.0,1.0,,,,,3.0,0.0,Completed,1.06,10.0,1.05,13.34,1.08,15.0,1.04,11.11
ATP,2021,5,Melbourne,Australian Open,2021-02-10,Grand Slam,Outdoor,Hard,2nd Round,5,Karatsev A.,Gerasimov E.,114,79.0,642,854.0,6.0,0.0,6.0,1.0,6.0,0.0,,,,,3.0,0.0,Completed,1.53,2.5,1.69,2.3,1.69,2.55,1.58,2.39
ATP,2021,5,Melbourne,Australian Open,2021-02-10,Grand Slam,Outdoor,Hard,2nd Round,5,Fucsovics M.,Wawrinka S.,55,18.0,1072,2365.0,7.0,5.0,6.0,1.0,4.0,6.0,2.0,6.0,7.0,6.0,3.0,2.0,Completed,3.0,1.4,2.95,1.46,3.2,1.48,2.9,1.41
ATP,2021,5,Melbourne,Australian Open,2021-02-10,Grand Slam,Outdoor,Hard,2nd Round,5,Martinez P.,Ruusuvuori E.,87,86.0,810,816.0,1.0,6.0,6.0,3.0,6.0,2.0,7.0,6.0,,,3.0,1.0,Completed,3.0,1.4,3.26,1.39,3.26,1.47,2.96,1.4
ATP,2021,5,Melbourne,Australian Open,2021-02-10,Grand Slam,Outdoor,Hard,2nd Round,5,Auger-Aliassime F.,Duckworth J.,19,105.0,2346,721.0,6.0,4.0,6.0,1.0,6.0,2.0,,,,,3.0,0.0,Completed,1.2,4.5,1.24,4.57,1.25,5.0,1.21,4.43
ATP,2021,5,Melbourne,Australian Open,2021-02-10,Grand Slam,Outdoor,Hard,2nd Round,5,Schwartzman D.,Muller A.,9,210.0,3480,305.0,6.0,2.0,6.0,0.0,6.0,3.0,,,,,3.0,0.0,Completed,1.08,8.0,1.09,9.69,1.14,11.75,1.08,8.26
ATP,2021,5,Melbourne,Australian Open,2021-02-10,Grand Slam,Outdoor,Hard,2nd Round,5,Raonic M.,Moutet C.,14,71.0,2630,928.0,6.0,7.0,6.0,1.0,6.0,1.0,6.0,4.0,,,3.0,1.0,Completed,1.12,6.0,1.14,6.76,1.17,7.0,1.13,6.14
ATP,2021,5,Melbourne,Australian Open,2021-02-10,Grand Slam,Outdoor,Hard,2nd Round,5,Djokovic N.,Tiafoe F.,1,64.0,12030,1005.0,6.0,3.0,6.0,7.0,7.0,6.0,6.0,3.0,,,3.0,1.0,Completed,29.0,0.967,1.02,24.5,1.02,29.0,1.01,19.55
ATP,2021,5,Melbourne,Australian Open,2021-02-10,Grand Slam,Outdoor,Hard,2nd Round,5,Thiem D.,Koepfer D.,3,70.0,9125,931.0,6.0,4.0,6.0,0.0,6.0,2.0,,,,,3.0,0.0,Completed,1.06,10.0,1.04,14.88,1.08,15.0,1.04,11.65
ATP,2021,5,Melbourne,Australian Open,2021-02-10,Grand Slam,Outdoor,Hard,2nd Round,5,Lajovic D.,Bublik A.,27,45.0,1785,1220.0,6.0,4.0,7.0,6.0,4.0,6.0,6.0,3.0,,,3.0,1.0,Completed,2.75,1.44,3.18,1.41,3.26,1.48,2.94,1.41
ATP,2021,5,Melbourne,Australian Open,2021-02-10,Grand Slam,Outdoor,Hard,2nd Round,5,Fritz T.,Opelka R.,31,38.0,1695,1422.0,4.0,6.0,7.0,6.0,6.0,7.0,7.0,6.0,6.0,2.0,3.0,2.0,Completed,1.66,2.2,1.77,2.18,1.77,2.25,1.7,2.15
ATP,2021,5,Melbourne,Australian Open,2021-02-10,Grand Slam,Outdoor,Hard,2nd Round,5,Shapovalov D.,Tomic B.,12,233.0,2830,253.0,6.0,1.0,6.0,3.0,6.0,2.0,,,,,3.0,0.0,Completed,1.07,9.0,1.08,10.06,1.1,10.06,1.07,8.37
ATP,2021,5,Melbourne,Australian Open,2021-02-10,Grand Slam,Outdoor,Hard,2nd Round,5,Mannarino A.,Kecmanovic M.,36,41.0,1561,1353.0,6.0,1.0,6.0,2.0,6.0,4.0,,,,,3.0,0.0,Completed,2.1,1.72,2.39,1.65,2.39,1.77,2.17,1.7
ATP,2021,5,Melbourne,Australian Open,2021-02-10,Grand Slam,Outdoor,Hard,2nd Round,5,Carreno Busta P.,Vesely J.,16,68.0,2585,958.0,6.0,3.0,7.0,6.0,2.0,6.0,6.0,4.0,,,3.0,1.0,Completed,1.22,4.33,1.22,4.92,1.24,5.5,1.2,4.57
ATP,2021,5,Melbourne,Australian Open,2021-02-10,Grand Slam,Outdoor,Hard,2nd Round,5,Kyrgios N.,Humbert U.,47,34.0,1190,1671.0,5.0,7.0,6.0,4.0,3.0,6.0,7.0,6.0,6.0,4.0,3.0,2.0,Completed,1.8,2.0,1.78,2.16,1.92,2.19,1.79,2.02
ATP,2021,5,Melbourne,Australian Open,2021-02-10,Grand Slam,Outdoor,Hard,2nd Round,5,Zverev A.,Cressy M.,7,172.0,5615,389.0,7.0,5.0,6.0,4.0,6.0,3.0,,,,,3.0,0.0,Completed,1.08,8.0,1.06,12.02,1.08,12.02,1.06,9.84
ATP,2021,5,Melbourne,Australian Open,2021-02-10,Grand Slam,Outdoor,Hard,2nd Round,5,Dimitrov G.,Bolt A.,21,166.0,2260,400.0,7.0,6.0,6.0,1.0,6.0,2.0,,,,,3.0,0.0,Completed,1.22,4.33,1.2,5.3,1.27,5.5,1.2,4.5
ATP,2021,5,Melbourne,Australian Open,2021-02-11,Grand Slam,Outdoor,Hard,2nd Round,5,Lopez F.,Sonego L.,65,35.0,998,1588.0,5.0,7.0,3.0,6.0,6.0,3.0,7.0,5.0,6.0,4.0,3.0,2.0,Completed,4.0,1.25,4.1,1.28,4.33,1.32,3.92,1.25
ATP,2021,5,Melbourne,Australian Open,2021-02-11,Grand Slam,Outdoor,Hard,2nd Round,5,Rublev A.,Monteiro T.,8,74.0,4429,894.0,6.0,4.0,6.0,4.0,7.0,6.0,,,,,3.0,0.0,Completed,1.04,13.0,1.06,13.05,1.07,16.0,1.03,12.39
ATP,2021,5,Melbourne,Australian Open,2021-02-11,Grand Slam,Outdoor,Hard,2nd Round,5,Harris L.,Popyrin A.,91,113.0,793,643.0,6.0,2.0,1.0,6.0,6.0,3.0,6.0,7.0,6.0,3.0,3.0,2.0,Completed,1.61,2.3,1.71,2.27,1.71,2.38,1.64,2.25
ATP,2021,5,Melbourne,Australian Open,2021-02-11,Grand Slam,Outdoor,Hard,2nd Round,5,Ymer M.,Alcaraz C.,95,141.0,775,484.0,2.0,6.0,6.0,4.0,6.0,4.0,7.0,6.0,,,3.0,1.0,Completed,2.62,1.5,2.58,1.57,2.67,1.57,2.53,1.52
ATP,2021,5,Melbourne,Australian Open,2021-02-11,Grand Slam,Outdoor,Hard,2nd Round,5,Ruud C.,Paul T.,28,53.0,1739,1080.0,3.0,6.0,6.0,2.0,6.0,4.0,7.0,5.0,,,3.0,1.0,Completed,1.72,2.1,1.78,2.16,1.8,2.25,1.72,2.11
ATP,2021,5,Melbourne,Australian Open,2021-02-11,Grand Slam,Outdoor,Hard,2nd Round,5,Khachanov K.,Berankis R.,20,73.0,2290,909.0,6.0,2.0,6.0,4.0,6.0,4.0,,,,,3.0,0.0,Completed,1.25,4.0,1.31,3.79,1.31,4.15,1.26,3.79
ATP,2021,5,Melbourne,Australian Open,2021-02-11,Grand Slam,Outdoor,Hard,2nd Round,5,Krajinovic F.,Andujar P.,33,59.0,1673,1044.0,6.0,2.0,5.0,7.0,6.0,1.0,6.0,4.0,,,3.0,1.0,Completed,1.12,6.0,1.14,6.69,1.15,7.3,1.12,6.12
ATP,2021,5,Melbourne,Australian Open,2021-02-11,Grand Slam,Outdoor,Hard,2nd Round,5,Tsitsipas S.,Kokkinakis T.,6,267.0,5965,209.0,6.0,7.0,6.0,4.0,6.0,1.0,6.0,7.0,6.0,4.0,3.0,2.0,Completed,1.08,8.0,1.11,8.27,1.13,8.73,1.09,7.48
ATP,2021,5,Melbourne,Australian Open,2021-02-11,Grand Slam,Outdoor,Hard,2nd Round,5,Berrettini M.,Machac T.,10,199.0,3345,333.0,6.0,3.0,6.0,2.0,4.0,6.0,6.0,3.0,,,3.0,1.0,Completed,1.05,11.0,1.07,10.94,1.09,12.0,1.06,9.51
ATP,2021,5,Melbourne,Australian Open,2021-02-11,Grand Slam,Outdoor,Hard,2nd Round,5,Mcdonald M.,Coric B.,192,25.0,345,1855.0,6.0,4.0,6.0,2.0,4.0,6.0,6.0,4.0,,,3.0,1.0,Completed,4.5,1.2,4.93,1.22,5.35,1.22,4.73,1.18
ATP,2021,5,Melbourne,Australian Open,2021-02-11,Grand Slam,Outdoor,Hard,2nd Round,5,Albot R.,O Connell C.,85,121.0,817,568.0,6.0,2.0,7.0,5.0,7.0,6.0,,,,,3.0,0.0,Completed,2.5,1.53,2.48,1.61,2.55,1.63,2.45,1.55
ATP,2021,5,Melbourne,Australian Open,2021-02-11,Grand Slam,Outdoor,Hard,2nd Round,5,Fognini F.,Caruso S.,17,78.0,2535,863.0,4.0,6.0,6.0,2.0,2.0,6.0,6.0,3.0,7.0,6.0,3.0,2.0,Completed,1.4,3.0,1.49,2.82,1.49,3.21,1.43,2.8
ATP,2021,5,Melbourne,Australian Open,2021-02-11,Grand Slam,Outdoor,Hard,2nd Round,5,Norrie C.,Safiullin R.,69,183.0,935,357.0,3.0,6.0,7.0,5.0,6.0,3.0,7.0,6.0,,,3.0,1.0,Completed,1.36,3.2,1.38,3.33,1.46,3.38,1.37,3.11
ATP,2021,5,Melbourne,Australian Open,2021-02-11,Grand Slam,Outdoor,Hard,2nd Round,5,De Minaur A.,Cuevas P.,23,72.0,2065,927.0,6.0,3.0,6.0,3.0,7.0,5.0,,,,,3.0,0.0,Completed,1.08,8.0,1.07,10.7,1.09,10.7,1.07,8.23
ATP,2021,5,Melbourne,Australian Open,2021-02-11,Grand Slam,Outdoor,Hard,2nd Round,5,Medvedev D.,Carballes Baena R.,4,99.0,8715,751.0,6.0,2.0,7.0,5.0,6.0,1.0,,,,,3.0,0.0,Completed,1.005,29.0,1.01,29.43,1.03,41.0,1.01,21.79
ATP,2021,5,Melbourne,Australian Open,2021-02-11,Grand Slam,Outdoor,Hard,2nd Round,5,Nadal R.,Mmoh M.,2,177.0,9850,368.0,6.0,1.0,6.0,4.0,6.0,2.0,,,,,3.0,0.0,Completed,1.01,23.0,1.02,22.58,1.02,29.0,1.01,18.7
ATP,2021,5,Melbourne,Australian Open,2021-02-12,Grand Slam,Outdoor,Hard,3rd Round,5,Dimitrov G.,Carreno Busta P.,21,16.0,2260,2585.0,6.0,0.0,1.0,0.0,,,,,,,1.0,0.0,Retired,1.72,2.1,1.85,2.06,1.87,2.28,1.75,2.08
ATP,2021,5,Melbourne,Australian Open,2021-02-12,Grand Slam,Outdoor,Hard,3rd Round,5,Zverev A.,Mannarino A.,7,36.0,5615,1561.0,6.0,3.0,6.0,3.0,6.0,1.0,,,,,3.0,0.0,Completed,1.14,5.5,1.16,6.05,1.17,7.0,1.14,5.68
ATP,2021,5,Melbourne,Australian Open,2021-02-12,Grand Slam,Outdoor,Hard,3rd Round,5,Lajovic D.,Martinez P.,27,87.0,1785,810.0,6.0,7.0,7.0,5.0,6.0,1.0,6.0,4.0,,,3.0,1.0,Completed,1.72,2.1,1.81,2.12,1.83,2.28,1.73,2.11
ATP,2021,5,Melbourne,Australian Open,2021-02-12,Grand Slam,Outdoor,Hard,3rd Round,5,Karatsev A.,Schwartzman D.,114,9.0,642,3480.0,6.0,3.0,6.0,3.0,6.0,3.0,,,,,3.0,0.0,Completed,3.4,1.33,3.61,1.34,3.65,1.41,3.33,1.33
ATP,2021,5,Melbourne,Australian Open,2021-02-12,Grand Slam,Outdoor,Hard,3rd Round,5,Raonic M.,Fucsovics M.,14,55.0,2630,1072.0,7.0,6.0,5.0,7.0,6.0,2.0,6.0,2.0,,,3.0,1.0,Completed,1.14,5.5,1.13,7.08,1.17,7.08,1.13,6.02
ATP,2021,5,Melbourne,Australian Open,2021-02-12,Grand Slam,Outdoor,Hard,3rd Round,5,Auger-Aliassime F.,Shapovalov D.,19,12.0,2346,2830.0,7.0,5.0,7.0,5.0,6.0,3.0,,,,,3.0,0.0,Completed,2.75,1.44,2.57,1.57,3.06,1.57,2.72,1.46
ATP,2021,5,Melbourne,Australian Open,2021-02-12,Grand Slam,Outdoor,Hard,3rd Round,5,Thiem D.,Kyrgios N.,3,47.0,9125,1190.0,4.0,6.0,4.0,6.0,6.0,3.0,6.0,4.0,6.0,4.0,3.0,2.0,Completed,1.28,3.75,1.27,4.22,1.3,4.33,1.25,3.95
ATP,2021,5,Melbourne,Australian Open,2021-02-12,Grand Slam,Outdoor,Hard,3rd Round,5,Djokovic N.,Fritz T.,1,31.0,12030,1695.0,7.0,6.0,6.0,4.0,3.0,6.0,4.0,6.0,6.0,2.0,3.0,2.0,Completed,1.01,21.0,1.01,27.5,1.03,34.0,1.01,19.34
ATP,2021,5,Melbourne,Australian Open,2021-02-13,Grand Slam,Outdoor,Hard,3rd Round,5,Ruud C.,Albot R.,28,85.0,1739,817.0,6.0,1.0,5.0,7.0,6.0,4.0,6.0,4.0,,,3.0,1.0,Completed,1.33,3.4,1.32,3.72,1.35,3.72,1.32,3.4
ATP,2021,5,Melbourne,Australian Open,2021-02-13,Grand Slam,Outdoor,Hard,3rd Round,5,Mcdonald M.,Harris L.,192,91.0,345,793.0,7.0,6.0,6.0,1.0,6.0,4.0,,,,,3.0,0.0,Completed,2.2,1.66,2.1,1.83,2.21,1.87,2.09,1.75
ATP,2021,5,Melbourne,Australian Open,2021-02-13,Grand Slam,Outdoor,Hard,3rd Round,5,Medvedev D.,Krajinovic F.,4,33.0,8715,1673.0,6.0,3.0,6.0,3.0,4.0,6.0,3.0,6.0,6.0,0.0,3.0,2.0,Completed,1.05,11.0,1.06,12.78,1.07,13.5,1.05,10.07
ATP,2021,5,Melbourne,Australian Open,2021-02-13,Grand Slam,Outdoor,Hard,3rd Round,5,Tsitsipas S.,Ymer M.,6,95.0,5965,775.0,6.0,4.0,6.0,1.0,6.0,1.0,,,,,3.0,0.0,Completed,1.03,15.0,1.04,15.32,1.06,16.25,1.04,12.17
ATP,2021,5,Melbourne,Australian Open,2021-02-13,Grand Slam,Outdoor,Hard,3rd Round,5,Rublev A.,Lopez F.,8,65.0,4429,998.0,7.0,5.0,6.0,2.0,6.0,3.0,,,,,3.0,0.0,Completed,1.02,19.0,1.03,17.33,1.04,19.1,1.03,13.97
ATP,2021,5,Melbourne,Australian Open,2021-02-13,Grand Slam,Outdoor,Hard,3rd Round,5,Berrettini M.,Khachanov K.,10,20.0,3345,2290.0,7.0,6.0,7.0,6.0,7.0,6.0,,,,,3.0,0.0,Completed,1.4,3.0,1.43,3.05,1.48,3.3,1.4,2.95
ATP,2021,5,Melbourne,Australian Open,2021-02-13,Grand Slam,Outdoor,Hard,3rd Round,5,Fognini F.,De Minaur A.,17,23.0,2535,2065.0,6.0,4.0,6.0,3.0,6.0,4.0,,,,,3.0,0.0,Completed,5.5,1.14,5.99,1.17,7.13,1.19,5.59,1.14
ATP,2021,5,Melbourne,Australian Open,2021-02-13,Grand Slam,Outdoor,Hard,3rd Round,5,Nadal R.,Norrie C.,2,69.0,9850,935.0,7.0,5.0,6.0,2.0,7.0,5.0,,,,,3.0,0.0,Completed,1.02,19.0,1.03,17.95,1.04,26.0,1.02,15.15
ATP,2021,5,Melbourne,Australian Open,2021-02-14,Grand Slam,Outdoor,Hard,4th Round,5,Karatsev A.,Auger-Aliassime F.,114,19.0,642,2346.0,3.0,6.0,1.0,6.0,6.0,3.0,6.0,3.0,6.0,4.0,3.0,2.0,Completed,2.5,1.53,2.77,1.52,2.85,1.6,2.53,1.52
ATP,2021,5,Melbourne,Australian Open,2021-02-14,Grand Slam,Outdoor,Hard,4th Round,5,Dimitrov G.,Thiem D.,21,3.0,2260,9125.0,6.0,4.0,6.0,4.0,6.0,0.0,,,,,3.0,0.0,Completed,3.4,1.33,3.59,1.35,3.98,1.36,3.45,1.31
ATP,2021,5,Melbourne,Australian Open,2021-02-14,Grand Slam,Outdoor,Hard,4th Round,5,Zverev A.,Lajovic D.,7,27.0,5615,1785.0,6.0,4.0,7.0,6.0,6.0,3.0,,,,,3.0,0.0,Completed,1.06,10.0,1.07,11.65,1.08,13.7,1.06,9.75
ATP,2021,5,Melbourne,Australian Open,2021-02-14,Grand Slam,Outdoor,Hard,4th Round,5,Djokovic N.,Raonic M.,1,14.0,12030,2630.0,7.0,6.0,4.0,6.0,6.0,1.0,6.0,4.0,,,3.0,1.0,Completed,1.44,2.75,1.51,2.81,1.52,2.97,1.46,2.73
ATP,2021,5,Melbourne,Australian Open,2021-02-15,Grand Slam,Outdoor,Hard,4th Round,5,Medvedev D.,Mcdonald M.,4,192.0,8715,345.0,6.0,4.0,6.0,2.0,6.0,3.0,,,,,3.0,0.0,Completed,1.03,15.0,1.05,14.03,1.06,16.0,1.04,12.13
ATP,2021,5,Melbourne,Australian Open,2021-02-15,Grand Slam,Outdoor,Hard,4th Round,5,Rublev A.,Ruud C.,8,28.0,4429,1739.0,6.0,2.0,7.0,6.0,,,,,,,2.0,0.0,Retired,1.08,8.0,1.12,8.05,1.12,8.9,1.09,7.46
ATP,2021,5,Melbourne,Australian Open,2021-02-15,Grand Slam,Outdoor,Hard,4th Round,5,Nadal R.,Fognini F.,2,17.0,9850,2535.0,6.0,3.0,6.0,4.0,6.0,2.0,,,,,3.0,0.0,Completed,1.16,5.0,1.16,6.47,1.21,6.47,1.15,5.43
ATP,2021,5,Melbourne,Australian Open,2021-02-15,Grand Slam,Outdoor,Hard,4th Round,5,Tsitsipas S.,Berrettini M.,6,10.0,5965,3345.0,,,,,,,,,,,,,Walkover,1.25,4.0,1.29,4.08,1.3,4.2,1.26,3.9
ATP,2021,5,Melbourne,Australian Open,2021-02-16,Grand Slam,Outdoor,Hard,Quarterfinals,5,Karatsev A.,Dimitrov G.,114,21.0,642,2260.0,2.0,6.0,6.0,4.0,6.0,1.0,6.0,2.0,,,3.0,1.0,Completed,3.5,1.3,3.6,1.35,3.75,1.38,3.42,1.32
ATP,2021,5,Melbourne,Australian Open,2021-02-16,Grand Slam,Outdoor,Hard,Quarterfinals,5,Djokovic N.,Zverev A.,1,7.0,12030,5615.0,6.0,7.0,6.0,2.0,6.0,4.0,7.0,6.0,,,3.0,1.0,Completed,1.57,2.37,1.68,2.33,1.69,2.61,1.58,2.4
ATP,2021,5,Melbourne,Australian Open,2021-02-17,Grand Slam,Outdoor,Hard,Quarterfinals,5,Medvedev D.,Rublev A.,4,8.0,8715,4429.0,7.0,5.0,6.0,3.0,6.0,2.0,,,,,3.0,0.0,Completed,1.44,2.75,1.46,2.93,1.48,3.32,1.42,2.89
ATP,2021,5,Melbourne,Australian Open,2021-02-17,Grand Slam,Outdoor,Hard,Quarterfinals,5,Tsitsipas S.,Nadal R.,6,2.0,5965,9850.0,3.0,6.0,2.0,6.0,7.0,6.0,6.0,4.0,7.0,5.0,3.0,2.0,Completed,2.75,1.44,2.97,1.45,3.2,1.48,2.9,1.42
ATP,2021,5,Melbourne,Australian Open,2021-02-18,Grand Slam,Outdoor,Hard,Semifinals,5,Djokovic N.,Karatsev A.,1,114.0,12030,642.0,6.0,3.0,6.0,4.0,6.0,2.0,,,,,3.0,0.0,Completed,1.07,9.0,1.08,10.24,1.11,10.5,1.07,8.72
ATP,2021,5,Melbourne,Australian Open,2021-02-19,Grand Slam,Outdoor,Hard,Semifinals,5,Medvedev D.,Tsitsipas S.,4,6.0,8715,5965.0,6.0,4.0,6.0,2.0,7.0,5.0,,,,,3.0,0.0,Completed,1.4,3.0,1.46,2.93,1.46,3.3,1.41,2.97
ATP,2021,5,Melbourne,Australian Open,2021-02-21,Grand Slam,Outdoor,Hard,The Final,5,Djokovic N.,Medvedev D.,1,4.0,12030,8715.0,7.0,5.0,6.0,2.0,6.0,2.0,,,,,3.0,0.0,Completed,1.83,2.0,1.83,2.09,1.97,2.1,1.84,2.0
ATP,2021,30,Paris,French Open,2021-05-30,Grand Slam,Outdoor,Clay,1st Round,5,Fognini F.,Barrere G.,29,122.0,1933,644.0,6.0,4.0,6.0,1.0,6.0,4.0,,,,,3.0,0.0,Completed,1.25,4.0,1.27,4.26,1.32,4.26,1.27,3.8
ATP,2021,30,Paris,French Open,2021-05-30,Grand Slam,Outdoor,Clay,1st Round,5,Carreno Busta P.,Gombos N.,12,81.0,3085,912.0,6.0,3.0,6.0,4.0,6.0,3.0,,,,,3.0,0.0,Completed,1.12,6.0,1.13,7.01,1.19,7.01,1.13,6.09
ATP,2021,30,Paris,French Open,2021-05-30,Grand Slam,Outdoor,Clay,1st Round,5,Couacaud E.,Gerasimov E.,177,79.0,400,937.0,7.0,6.0,6.0,4.0,6.0,3.0,,,,,3.0,0.0,Completed,1.66,2.2,1.71,2.27,1.71,2.52,1.61,2.33
ATP,2021,30,Paris,French Open,2021-05-30,Grand Slam,Outdoor,Clay,1st Round,5,Laaksonen H.,Hanfmann Y.,150,96.0,498,822.0,6.0,1.0,6.0,3.0,4.0,6.0,6.0,2.0,,,3.0,1.0,Completed,2.1,1.72,2.41,1.64,2.45,1.94,2.21,1.68
ATP,2021,30,Paris,French Open,2021-05-30,Grand Slam,Outdoor,Clay,1st Round,5,Bautista Agut R.,Vilella Martinez M.,11,183.0,3215,393.0,6.0,4.0,6.0,4.0,6.0,2.0,,,,,3.0,0.0,Completed,1.12,6.0,1.11,8.04,1.14,10.75,1.09,7.67
ATP,2021,30,Paris,French Open,2021-05-30,Grand Slam,Outdoor,Clay,1st Round,5,Pella G.,Galan D.E.,61,107.0,1114,764.0,6.0,3.0,7.0,6.0,7.0,5.0,,,,,3.0,0.0,Completed,3.2,1.36,3.4,1.37,3.4,1.44,3.15,1.36
ATP,2021,30,Paris,French Open,2021-05-30,Grand Slam,Outdoor,Clay,1st Round,5,Kecmanovic M.,Evans D.,48,27.0,1384,2195.0,1.0,6.0,6.0,3.0,6.0,3.0,6.0,4.0,,,3.0,1.0,Completed,2.5,1.53,2.37,1.66,2.88,1.66,2.46,1.55
ATP,2021,30,Paris,French Open,2021-05-30,Grand Slam,Outdoor,Clay,1st Round,5,Andujar P.,Thiem D.,68,4.0,1020,8445.0,4.0,6.0,5.0,7.0,6.0,3.0,6.0,4.0,6.0,4.0,3.0,2.0,Completed,7.0,1.1,9.48,1.09,10.0,1.11,7.73,1.09
ATP,2021,30,Paris,French Open,2021-05-30,Grand Slam,Outdoor,Clay,1st Round,5,Khachanov K.,Vesely J.,25,71.0,2280,976.0,6.0,1.0,6.0,2.0,6.0,3.0,,,,,3.0,0.0,Completed,1.3,3.5,1.24,4.6,1.32,4.6,1.23,4.17
ATP,2021,30,Paris,French Open,2021-05-30,Grand Slam,Outdoor,Clay,1st Round,5,Fucsovics M.,Simon G.,44,69.0,1456,995.0,6.0,4.0,6.0,1.0,7.0,6.0,,,,,3.0,0.0,Completed,1.1,7.0,1.13,7.35,1.13,7.5,1.11,6.79
ATP,2021,30,Paris,French Open,2021-05-30,Grand Slam,Outdoor,Clay,1st Round,5,Nishikori K.,Giannessi A.,49,159.0,1318,458.0,6.0,4.0,6.0,7.0,6.0,3.0,4.0,6.0,6.0,4.0,3.0,2.0,Completed,1.12,6.0,1.15,6.34,1.16,8.0,1.12,6.29
ATP,2021,30,Paris,French Open,2021-05-30,Grand Slam,Outdoor,Clay,1st Round,5,Garin C.,Londero J.I.,23,102.0,2350,793.0,3.0,6.0,6.0,4.0,7.0,6.0,6.0,2.0,,,3.0,1.0,Completed,1.06,10.0,1.08,10.16,1.09,13.0,1.06,9.57
ATP,2021,30,Paris,French Open,2021-05-30,Grand Slam,Outdoor,Clay,1st Round,5,Mcdonald M.,Ruusuvuori E.,119,75.0,675,951.0,4.0,6.0,6.0,3.0,7.0,6.0,6.0,3.0,,,3.0,1.0,Completed,1.3,3.5,1.31,3.83,1.41,4.0,1.3,3.59
ATP,2021,30,Paris,French Open,2021-05-30,Grand Slam,Outdoor,Clay,1st Round,5,Giron M.,Dimitrov G.,84,17.0,900,2521.0,2.0,6.0,4.0,6.0,7.0,5.0,3.0,0.0,,,1.0,2.0,Retired,4.0,1.25,5.07,1.21,5.07,1.26,4.52,1.21
ATP,2021,30,Paris,French Open,2021-05-30,Grand Slam,Outdoor,Clay,1st Round,5,Djere L.,Moutet C.,55,73.0,1168,968.0,6.0,3.0,6.0,7.0,7.0,6.0,7.0,5.0,,,3.0,1.0,Completed,1.8,2.0,1.81,2.11,1.87,2.25,1.77,2.05
ATP,2021,30,Paris,French Open,2021-05-30,Grand Slam,Outdoor,Clay,1st Round,5,Zverev A.,Otte O.,6,152.0,6990,485.0,3.0,6.0,3.0,6.0,6.0,2.0,6.0,2.0,6.0,0.0,3.0,2.0,Completed,1.04,13.0,1.05,14.47,1.05,18.0,1.03,12.73
ATP,2021,30,Paris,French Open,2021-05-30,Grand Slam,Outdoor,Clay,1st Round,5,Davidovich Fokina A.,Kukushkin M.,46,106.0,1408,772.0,6.0,4.0,6.0,4.0,6.0,3.0,,,,,3.0,0.0,Completed,1.03,15.0,1.04,14.9,1.05,17.75,1.03,12.7
ATP,2021,30,Paris,French Open,2021-05-30,Grand Slam,Outdoor,Clay,1st Round,5,Safiullin R.,Taberner C.,182,137.0,393,555.0,7.0,6.0,1.0,6.0,6.0,0.0,6.0,2.0,,,3.0,1.0,Completed,3.75,1.28,3.88,1.3,4.9,1.32,3.79,1.27
ATP,2021,30,Paris,French Open,2021-05-30,Grand Slam,Outdoor,Clay,1st Round,5,Van De Zandschulp B.,Hurkacz H.,154,20.0,478,2498.0,6.0,7.0,6.0,7.0,6.0,2.0,6.0,2.0,6.0,4.0,3.0,2.0,Completed,2.37,1.57,2.65,1.55,2.66,1.61,2.48,1.55
ATP,2021,30,Paris,French Open,2021-05-30,Grand Slam,Outdoor,Clay,1st Round,5,Tsitsipas S.,Chardy J.,5,60.0,7500,1123.0,7.0,6.0,6.0,3.0,6.0,1.0,,,,,3.0,0.0,Completed,1.02,17.0,1.02,21.59,1.04,25.0,1.01,16.8
ATP,2021,30,Paris,French Open,2021-05-31,Grand Slam,Outdoor,Clay,1st Round,5,Sinner J.,Herbert P.H.,19,85.0,2500,897.0,6.0,1.0,4.0,6.0,6.0,7.0,7.0,5.0,6.0,4.0,3.0,2.0,Completed,1.11,6.5,1.14,6.77,1.18,7.0,1.12,6.3
ATP,2021,30,Paris,French Open,2021-05-31,Grand Slam,Outdoor,Clay,1st Round,5,Johnson S.,Tiafoe F.,88,74.0,878,963.0,6.0,7.0,3.0,6.0,6.0,4.0,6.0,2.0,6.0,1.0,3.0,2.0,Completed,5.0,1.16,5.34,1.19,5.75,1.2,5.04,1.17
ATP,2021,30,Paris,French Open,2021-05-31,Grand Slam,Outdoor,Clay,1st Round,5,Krajinovic F.,Marterer M.,41,215.0,1524,322.0,6.0,4.0,6.0,1.0,7.0,6.0,,,,,3.0,0.0,Completed,1.5,2.62,1.48,2.86,1.52,2.86,1.48,2.66
ATP,2021,30,Paris,French Open,2021-05-31,Grand Slam,Outdoor,Clay,1st Round,5,Monteiro T.,Cerundolo F.,80,117.0,936,688.0,6.0,3.0,6.0,4.0,6.0,3.0,,,,,3.0,0.0,Completed,1.66,2.2,1.63,2.44,1.73,2.47,1.62,2.31
ATP,2021,30,Paris,French Open,2021-05-31,Grand Slam,Outdoor,Clay,1st Round,5,Mager G.,Gojowczyk P.,87,134.0,879,566.0,6.0,2.0,3.0,6.0,6.0,4.0,7.0,5.0,,,3.0,1.0,Completed,2.62,1.5,,,1.48,8.0,1.28,5.34
ATP,2021,30,Paris,French Open,2021-05-31,Grand Slam,Outdoor,Clay,1st Round,5,Isner J.,Querrey S.,34,67.0,1730,1023.0,7.0,6.0,6.0,3.0,6.0,4.0,,,,,3.0,0.0,Completed,1.28,3.75,1.26,4.39,1.29,4.39,1.25,3.95
ATP,2021,30,Paris,French Open,2021-05-31,Grand Slam,Outdoor,Clay,1st Round,5,Delbonis F.,Albot R.,51,89.0,1225,870.0,6.0,1.0,2.0,6.0,6.0,0.0,6.0,1.0,,,3.0,1.0,Completed,1.14,5.5,1.2,5.32,1.2,5.8,1.17,5.13
ATP,2021,30,Paris,French Open,2021-05-31,Grand Slam,Outdoor,Clay,1st Round,5,Ruud C.,Paire B.,16,40.0,2690,1544.0,5.0,7.0,6.0,2.0,6.0,1.0,7.0,6.0,,,3.0,1.0,Completed,1.05,11.0,1.06,12.51,1.06,15.0,1.05,11.37
ATP,2021,30,Paris,French Open,2021-05-31,Grand Slam,Outdoor,Clay,1st Round,5,Norrie C.,Fratangelo B.,45,198.0,1430,354.0,7.0,5.0,7.0,6.0,6.0,2.0,,,,,3.0,0.0,Completed,1.2,4.5,1.24,4.56,1.25,5.1,1.21,4.43
ATP,2021,30,Paris,French Open,2021-05-31,Grand Slam,Outdoor,Clay,1st Round,5,Paul T.,O Connell C.,52,129.0,1225,611.0,6.0,2.0,6.0,4.0,4.0,6.0,4.0,6.0,10.0,8.0,3.0,2.0,Completed,1.3,3.5,1.24,4.55,1.33,4.55,1.25,3.96
ATP,2021,30,Paris,French Open,2021-05-31,Grand Slam,Outdoor,Clay,1st Round,5,Medvedev D.,Bublik A.,2,37.0,9793,1613.0,6.0,3.0,6.0,3.0,7.0,5.0,,,,,3.0,0.0,Completed,1.4,3.0,1.43,3.05,1.46,3.06,1.41,2.92
ATP,2021,30,Paris,French Open,2021-05-31,Grand Slam,Outdoor,Clay,1st Round,5,Munar J.,Thompson J.,72,64.0,974,1042.0,6.0,7.0,6.0,1.0,7.0,6.0,6.0,4.0,,,3.0,1.0,Completed,1.08,8.0,1.14,6.73,1.14,8.5,1.1,7.24
ATP,2021,30,Paris,French Open,2021-05-31,Grand Slam,Outdoor,Clay,1st Round,5,Opelka R.,Martin A.,35,108.0,1726,760.0,6.0,3.0,6.0,2.0,6.0,4.0,,,,,3.0,0.0,Completed,1.4,3.0,1.45,3.0,1.51,3.0,1.42,2.87
ATP,2021,30,Paris,French Open,2021-05-31,Grand Slam,Outdoor,Clay,1st Round,5,Basilashvili N.,Lajovic D.,31,39.0,1785,1585.0,6.0,4.0,6.0,3.0,0.0,6.0,6.0,2.0,,,3.0,1.0,Completed,1.66,2.2,1.7,2.28,1.74,2.29,1.68,2.2
ATP,2021,30,Paris,French Open,2021-05-31,Grand Slam,Outdoor,Clay,1st Round,5,Martinez P.,Korda S.,103,50.0,793,1289.0,6.0,4.0,6.0,2.0,6.0,2.0,,,,,3.0,0.0,Completed,3.4,1.33,3.42,1.37,3.84,1.38,3.33,1.33
ATP,2021,30,Paris,French Open,2021-05-31,Grand Slam,Outdoor,Clay,1st Round,5,Alcaraz C.,Zapata Miralles B.,97,128.0,815,631.0,6.0,3.0,2.0,6.0,6.0,1.0,7.0,6.0,,,3.0,1.0,Completed,1.28,3.75,1.32,3.74,1.32,3.95,1.29,3.63
ATP,2021,30,Paris,French Open,2021-05-31,Grand Slam,Outdoor,Clay,1st Round,5,Majchrzak K.,Cazaux A.,126,452.0,636,87.0,6.0,4.0,2.0,6.0,6.0,4.0,6.0,4.0,,,3.0,1.0,Completed,1.53,2.5,1.64,2.42,1.64,2.61,1.57,2.41
ATP,2021,30,Paris,French Open,2021-05-31,Grand Slam,Outdoor,Clay,1st Round,5,Federer R.,Istomin D.,8,204.0,5605,343.0,6.0,2.0,6.0,4.0,6.0,3.0,,,,,3.0,0.0,Completed,1.12,6.0,1.12,7.76,1.13,7.76,1.11,6.64
ATP,2021,30,Paris,French Open,2021-05-31,Grand Slam,Outdoor,Clay,1st Round,5,Harris L.,Sonego L.,54,28.0,1198,2132.0,7.0,5.0,6.0,4.0,6.0,4.0,,,,,3.0,0.0,Completed,5.5,1.14,6.75,1.14,6.75,1.17,5.8,1.14
ATP,2021,30,Paris,French Open,2021-05-31,Grand Slam,Outdoor,Clay,1st Round,5,Cilic M.,Rinderknech A.,47,118.0,1388,677.0,7.0,6.0,6.0,1.0,6.0,2.0,,,,,3.0,0.0,Completed,1.72,2.1,1.77,2.18,1.8,2.2,1.73,2.12
ATP,2021,30,Paris,French Open,2021-05-31,Grand Slam,Outdoor,Clay,1st Round,5,Fritz T.,Sousa J.,33,114.0,1760,714.0,6.0,4.0,6.0,2.0,6.0,4.0,,,,,3.0,0.0,Completed,1.12,6.0,1.18,5.59,1.18,6.75,1.14,5.89
ATP,2021,30,Paris,French Open,2021-05-31,Grand Slam,Outdoor,Clay,1st Round,5,Koepfer D.,Bourgue M.,59,197.0,1134,359.0,6.0,3.0,6.0,3.0,6.0,4.0,,,,,3.0,0.0,Completed,1.25,4.0,1.26,4.29,1.28,4.4,1.24,4.08
ATP,2021,30,Paris,French Open,2021-05-31,Grand Slam,Outdoor,Clay,1st Round,5,Musetti L.,Goffin D.,76,13.0,950,2875.0,6.0,0.0,7.0,5.0,7.0,6.0,,,,,3.0,0.0,Completed,1.66,2.2,1.75,2.2,1.76,2.3,1.71,2.16
ATP,2021,30,Paris,French Open,2021-05-31,Grand Slam,Outdoor,Clay,1st Round,5,Nishioka Y.,Tsonga J.W.,57,77.0,1142,947.0,6.0,4.0,6.0,2.0,3.0,6.0,7.0,6.0,,,3.0,1.0,Completed,1.22,4.33,1.26,4.36,1.26,4.8,1.22,4.3
ATP,2021,30,Paris,French Open,2021-06-01,Grand Slam,Outdoor,Clay,1st Round,5,Cecchinato M.,Uchiyama Y.,83,115.0,903,704.0,3.0,6.0,6.0,1.0,6.0,2.0,6.0,4.0,,,3.0,1.0,Completed,1.04,13.0,1.06,12.44,1.06,21.0,1.05,11.27
ATP,2021,30,Paris,French Open,2021-06-01,Grand Slam,Outdoor,Clay,1st Round,5,Ymer M.,Carballes Baena R.,105,95.0,776,831.0,6.0,4.0,0.0,6.0,4.0,6.0,6.0,2.0,6.0,2.0,3.0,2.0,Completed,2.2,1.66,2.24,1.73,2.29,1.76,2.15,1.71
ATP,2021,30,Paris,French Open,2021-06-01,Grand Slam,Outdoor,Clay,1st Round,5,De Minaur A.,Travaglia S.,22,78.0,2350,939.0,6.0,2.0,6.0,4.0,7.0,6.0,,,,,3.0,0.0,Completed,1.61,2.3,1.65,2.4,1.65,2.52,1.6,2.34
ATP,2021,30,Paris,French Open,2021-06-01,Grand Slam,Outdoor,Clay,1st Round,5,Berankis R.,Humbert U.,93,32.0,839,1780.0,6.0,4.0,6.0,4.0,2.0,6.0,6.0,4.0,,,3.0,1.0,Completed,3.75,1.28,3.28,1.39,3.76,1.39,3.36,1.33
ATP,2021,30,Paris,French Open,2021-06-01,Grand Slam,Outdoor,Clay,1st Round,5,Karatsev A.,Brooksby J.,26,163.0,2245,437.0,6.0,3.0,6.0,4.0,6.0,4.0,,,,,3.0,0.0,Completed,1.14,5.5,1.14,6.63,1.17,7.0,1.12,6.26
ATP,2021,30,Paris,French Open,2021-06-01,Grand Slam,Outdoor,Clay,1st Round,5,Bedene A.,Mannarino A.,56,36.0,1166,1651.0,7.0,5.0,3.0,6.0,7.0,5.0,6.0,2.0,,,3.0,1.0,Completed,1.25,4.0,1.28,4.08,1.31,4.08,1.27,3.79
ATP,2021,30,Paris,French Open,2021-06-01,Grand Slam,Outdoor,Clay,1st Round,5,Duckworth J.,Caruso S.,101,82.0,794,906.0,6.0,4.0,3.0,6.0,7.0,6.0,6.0,2.0,,,3.0,1.0,Completed,4.0,1.25,4.66,1.24,4.75,1.27,4.24,1.23
ATP,2021,30,Paris,French Open,2021-06-01,Grand Slam,Outdoor,Clay,1st Round,5,Struff J.L.,Rublev A.,42,7.0,1500,6090.0,6.0,3.0,7.0,6.0,4.0,6.0,3.0,6.0,6.0,4.0,3.0,2.0,Completed,6.5,1.11,7.38,1.13,8.5,1.13,7.14,1.1
ATP,2021,30,Paris,French Open,2021-06-01,Grand Slam,Outdoor,Clay,1st Round,5,Monfils G.,Ramos-Vinolas A.,15,38.0,2713,1595.0,1.0,6.0,7.0,6.0,6.0,4.0,6.0,4.0,,,3.0,1.0,Completed,2.3,1.61,2.22,1.74,2.59,1.77,2.21,1.67
ATP,2021,30,Paris,French Open,2021-06-01,Grand Slam,Outdoor,Clay,1st Round,5,Seppi A.,Auger-Aliassime F.,98,21.0,811,2423.0,6.0,3.0,7.0,6.0,4.0,6.0,6.0,4.0,,,3.0,1.0,Completed,10.0,1.06,11.2,1.07,12.75,1.07,10.21,1.05
ATP,2021,30,Paris,French Open,2021-06-01,Grand Slam,Outdoor,Clay,1st Round,5,Bagnis F.,Bonzi B.,104,116.0,778,693.0,7.0,5.0,6.0,3.0,6.0,4.0,,,,,3.0,0.0,Completed,1.72,2.1,1.83,2.09,1.87,2.19,1.78,2.04
ATP,2021,30,Paris,French Open,2021-06-01,Grand Slam,Outdoor,Clay,1st Round,5,Kohlschreiber P.,Verdasco F.,132,99.0,572,795.0,7.0,6.0,6.0,2.0,2.0,6.0,6.0,4.0,,,3.0,1.0,Completed,1.72,2.1,1.74,2.22,1.78,2.28,1.7,2.16
ATP,2021,30,Paris,French Open,2021-06-01,Grand Slam,Outdoor,Clay,1st Round,5,Nadal R.,Popyrin A.,3,63.0,9630,1052.0,6.0,3.0,6.0,2.0,7.0,6.0,,,,,3.0,0.0,Completed,1.01,23.0,1.01,29.38,1.02,34.0,1.01,21.96
ATP,2021,30,Paris,French Open,2021-06-01,Grand Slam,Outdoor,Clay,1st Round,5,Coria F.,Lopez F.,94,62.0,838,1072.0,6.0,3.0,7.0,6.0,6.0,2.0,,,,,3.0,0.0,Completed,1.57,2.37,1.65,2.38,1.67,2.53,1.6,2.35
ATP,2021,30,Paris,French Open,2021-06-01,Grand Slam,Outdoor,Clay,1st Round,5,Schwartzman D.,Lu Y.,10,680.0,3465,35.0,6.0,2.0,6.0,2.0,6.0,3.0,,,,,3.0,0.0,Completed,1.01,23.0,1.01,29.16,1.02,34.0,1.01,21.2
ATP,2021,30,Paris,French Open,2021-06-01,Grand Slam,Outdoor,Clay,1st Round,5,Gasquet R.,Gaston H.,53,141.0,1213,531.0,6.0,1.0,6.0,4.0,6.0,2.0,,,,,3.0,0.0,Completed,1.72,2.1,1.75,2.2,1.82,2.29,1.72,2.14
ATP,2021,30,Paris,French Open,2021-06-01,Grand Slam,Outdoor,Clay,1st Round,5,Berrettini M.,Daniel T.,9,113.0,3958,716.0,6.0,0.0,6.0,4.0,4.0,6.0,6.0,4.0,,,3.0,1.0,Completed,1.07,9.0,1.08,9.87,1.08,21.0,1.06,10.64
ATP,2021,30,Paris,French Open,2021-06-01,Grand Slam,Outdoor,Clay,1st Round,5,Kwon S.W.,Anderson K.,91,100.0,854,795.0,7.0,5.0,6.0,4.0,2.0,6.0,7.0,6.0,,,3.0,1.0,Completed,2.75,1.44,2.95,1.46,3.2,1.46,2.91,1.41
ATP,2021,30,Paris,French Open,2021-06-01,Grand Slam,Outdoor,Clay,1st Round,5,Cuevas P.,Pouille L.,92,86.0,846,892.0,6.0,3.0,6.0,1.0,6.0,3.0,,,,,3.0,0.0,Completed,1.4,3.0,1.47,2.93,1.53,3.06,1.43,2.85
ATP,2021,30,Paris,French Open,2021-06-01,Grand Slam,Outdoor,Clay,1st Round,5,Djokovic N.,Sandgren T.,1,66.0,11313,1033.0,6.0,2.0,6.0,4.0,6.0,2.0,,,,,3.0,0.0,Completed,29.0,0.967,1.01,31.38,1.02,35.0,1.01,23.01
ATP,2021,30,Paris,French Open,2021-06-02,Grand Slam,Outdoor,Clay,2nd Round,5,Delbonis F.,Andujar P.,51,68.0,1225,1020.0,4.0,6.0,6.0,1.0,3.0,6.0,6.0,3.0,6.0,2.0,3.0,2.0,Completed,1.66,2.2,1.77,2.18,1.82,2.3,1.73,2.13
ATP,2021,30,Paris,French Open,2021-06-02,Grand Slam,Outdoor,Clay,2nd Round,5,Djere L.,Kecmanovic M.,55,48.0,1168,1384.0,4.0,6.0,4.0,6.0,6.0,3.0,6.0,2.0,6.0,3.0,3.0,2.0,Completed,1.66,2.2,1.72,2.25,1.81,2.32,1.69,2.18
ATP,2021,30,Paris,French Open,2021-06-02,Grand Slam,Outdoor,Clay,2nd Round,5,Zverev A.,Safiullin R.,6,182.0,6990,393.0,7.0,6.0,6.0,3.0,7.0,6.0,,,,,3.0,0.0,Completed,1.03,15.0,1.03,18.81,1.07,21.0,1.03,13.58
ATP,2021,30,Paris,French Open,2021-06-02,Grand Slam,Outdoor,Clay,2nd Round,5,Ruud C.,Majchrzak K.,16,126.0,2690,636.0,6.0,3.0,6.0,2.0,6.0,4.0,,,,,3.0,0.0,Completed,1.06,10.0,1.04,14.89,1.07,15.0,1.04,11.8
ATP,2021,30,Paris,French Open,2021-06-02,Grand Slam,Outdoor,Clay,2nd Round,5,Laaksonen H.,Bautista Agut R.,150,11.0,498,3215.0,6.0,3.0,2.0,6.0,6.0,3.0,6.0,2.0,,,3.0,1.0,Completed,8.0,1.08,10.28,1.08,11.0,1.11,8.93,1.07
ATP,2021,30,Paris,French Open,2021-06-02,Grand Slam,Outdoor,Clay,2nd Round,5,Davidovich Fokina A.,Van De Zandschulp B.,46,154.0,1408,478.0,6.0,4.0,6.0,4.0,5.0,7.0,2.0,6.0,6.0,4.0,3.0,2.0,Completed,1.2,4.5,1.19,5.43,1.23,5.5,1.18,4.93
ATP,2021,30,Paris,French Open,2021-06-02,Grand Slam,Outdoor,Clay,2nd Round,5,Nishikori K.,Khachanov K.,49,25.0,1318,2280.0,4.0,6.0,6.0,2.0,2.0,6.0,6.0,4.0,6.0,4.0,3.0,2.0,Completed,1.9,1.9,1.99,1.91,2.22,2.0,1.95,1.87
ATP,2021,30,Paris,French Open,2021-06-02,Grand Slam,Outdoor,Clay,2nd Round,5,Fognini F.,Fucsovics M.,29,44.0,1933,1456.0,7.0,6.0,6.0,1.0,6.0,2.0,,,,,3.0,0.0,Completed,1.72,2.1,1.83,2.09,1.87,2.37,1.78,2.06
ATP,2021,30,Paris,French Open,2021-06-02,Grand Slam,Outdoor,Clay,2nd Round,5,Isner J.,Krajinovic F.,34,41.0,1730,1524.0,7.0,6.0,6.0,1.0,7.0,6.0,,,,,3.0,0.0,Completed,2.0,1.8,2.15,1.79,2.25,1.83,2.12,1.73
ATP,2021,30,Paris,French Open,2021-06-02,Grand Slam,Outdoor,Clay,2nd Round,5,Opelka R.,Munar J.,35,72.0,1726,974.0,6.0,3.0,6.0,2.0,3.0,6.0,7.0,5.0,,,3.0,1.0,Completed,1.8,2.0,1.81,2.12,1.87,2.41,1.77,2.08
ATP,2021,30,Paris,French Open,2021-06-02,Grand Slam,Outdoor,Clay,2nd Round,5,Giron M.,Pella G.,84,61.0,900,1114.0,7.0,6.0,6.0,1.0,6.0,7.0,6.0,4.0,,,3.0,1.0,Completed,2.75,1.44,2.76,1.51,2.98,1.52,2.66,1.48
ATP,2021,30,Paris,French Open,2021-06-02,Grand Slam,Outdoor,Clay,2nd Round,5,Tsitsipas S.,Martinez P.,5,103.0,7500,793.0,6.0,3.0,6.0,4.0,6.0,3.0,,,,,3.0,0.0,Completed,1.05,11.0,1.03,19.82,1.05,22.04,1.02,14.76
ATP,2021,30,Paris,French Open,2021-06-02,Grand Slam,Outdoor,Clay,2nd Round,5,Garin C.,Mcdonald M.,23,119.0,2350,675.0,4.0,6.0,4.0,6.0,7.0,6.0,6.0,3.0,8.0,6.0,3.0,2.0,Completed,1.28,3.75,1.28,4.08,1.3,4.45,1.25,3.94
ATP,2021,30,Paris,French Open,2021-06-02,Grand Slam,Outdoor,Clay,2nd Round,5,Carreno Busta P.,Couacaud E.,12,177.0,3085,400.0,2.0,6.0,6.0,3.0,6.0,4.0,6.0,4.0,,,3.0,1.0,Completed,1.04,13.0,1.04,15.91,1.06,16.0,1.04,12.11
ATP,2021,30,Paris,French Open,2021-06-02,Grand Slam,Outdoor,Clay,2nd Round,5,Johnson S.,Monteiro T.,88,80.0,878,936.0,6.0,3.0,6.0,7.0,7.0,6.0,3.0,6.0,6.0,3.0,3.0,2.0,Completed,5.0,1.16,4.73,1.23,6.0,1.23,4.85,1.18
ATP,2021,30,Paris,French Open,2021-06-02,Grand Slam,Outdoor,Clay,2nd Round,5,Medvedev D.,Paul T.,2,52.0,9793,1225.0,3.0,6.0,6.0,1.0,6.0,4.0,6.0,3.0,,,3.0,1.0,Completed,1.28,3.75,1.35,3.53,1.38,3.84,1.31,3.46
ATP,2021,30,Paris,French Open,2021-06-03,Grand Slam,Outdoor,Clay,2nd Round,5,Kwon S.W.,Seppi A.,91,98.0,854,811.0,6.0,4.0,7.0,5.0,7.0,5.0,,,,,3.0,0.0,Completed,1.8,2.0,1.83,2.09,1.91,2.32,1.78,2.06
ATP,2021,30,Paris,French Open,2021-06-03,Grand Slam,Outdoor,Clay,2nd Round,5,Berrettini M.,Coria F.,9,94.0,3958,838.0,6.0,3.0,6.0,3.0,6.0,2.0,,,,,3.0,0.0,Completed,1.06,10.0,1.07,11.66,1.07,13.26,1.06,10.2
ATP,2021,30,Paris,French Open,2021-06-03,Grand Slam,Outdoor,Clay,2nd Round,5,Kohlschreiber P.,Karatsev A.,132,26.0,572,2245.0,6.0,3.0,7.0,6.0,4.0,6.0,6.0,1.0,,,3.0,1.0,Completed,8.0,1.08,6.52,1.15,9.0,1.15,7.05,1.1
ATP,2021,30,Paris,French Open,2021-06-03,Grand Slam,Outdoor,Clay,2nd Round,5,Schwartzman D.,Bedene A.,10,56.0,3465,1166.0,6.0,4.0,6.0,2.0,6.0,4.0,,,,,3.0,0.0,Completed,1.33,3.4,1.32,3.74,1.36,3.74,1.32,3.4
ATP,2021,30,Paris,French Open,2021-06-03,Grand Slam,Outdoor,Clay,2nd Round,5,Ymer M.,Monfils G.,105,15.0,776,2713.0,6.0,0.0,2.0,6.0,6.0,4.0,6.0,3.0,,,3.0,1.0,Completed,2.75,1.44,2.99,1.45,3.52,1.48,2.97,1.4
ATP,2021,30,Paris,French Open,2021-06-03,Grand Slam,Outdoor,Clay,2nd Round,5,Koepfer D.,Fritz T.,59,33.0,1134,1760.0,6.0,3.0,6.0,2.0,3.0,6.0,6.0,4.0,,,3.0,1.0,Completed,2.75,1.44,3.0,1.45,3.05,1.48,2.86,1.43
ATP,2021,30,Paris,French Open,2021-06-03,Grand Slam,Outdoor,Clay,2nd Round,5,Musetti L.,Nishioka Y.,76,57.0,950,1142.0,7.0,5.0,6.0,3.0,6.0,2.0,,,,,3.0,0.0,Completed,1.44,2.75,1.51,2.76,1.61,2.93,1.47,2.68
ATP,2021,30,Paris,French Open,2021-06-03,Grand Slam,Outdoor,Clay,2nd Round,5,Sinner J.,Mager G.,19,87.0,2500,879.0,6.0,1.0,7.0,5.0,3.0,6.0,6.0,3.0,,,3.0,1.0,Completed,1.12,6.0,1.16,6.17,1.16,8.0,1.14,5.8
ATP,2021,30,Paris,French Open,2021-06-03,Grand Slam,Outdoor,Clay,2nd Round,5,Norrie C.,Harris L.,45,54.0,1430,1198.0,4.0,6.0,6.0,3.0,6.0,3.0,6.0,2.0,,,3.0,1.0,Completed,1.4,3.0,1.43,3.06,1.5,3.17,1.43,2.84
ATP,2021,30,Paris,French Open,2021-06-03,Grand Slam,Outdoor,Clay,2nd Round,5,Berankis R.,Duckworth J.,93,101.0,839,794.0,7.0,5.0,2.0,6.0,7.0,6.0,6.0,0.0,,,3.0,1.0,Completed,1.44,2.75,1.47,2.9,1.5,3.18,1.45,2.76
ATP,2021,30,Paris,French Open,2021-06-03,Grand Slam,Outdoor,Clay,2nd Round,5,Djokovic N.,Cuevas P.,1,92.0,11313,846.0,6.0,3.0,6.0,2.0,6.0,4.0,,,,,3.0,0.0,Completed,1.02,19.0,1.01,26.31,1.03,34.0,1.01,18.38
ATP,2021,30,Paris,French Open,2021-06-03,Grand Slam,Outdoor,Clay,2nd Round,5,Cecchinato M.,De Minaur A.,83,22.0,903,2350.0,6.0,4.0,6.0,1.0,3.0,6.0,6.0,1.0,,,3.0,1.0,Completed,1.9,1.9,2.0,1.91,2.19,1.95,1.96,1.86
ATP,2021,30,Paris,French Open,2021-06-03,Grand Slam,Outdoor,Clay,2nd Round,5,Federer R.,Cilic M.,8,47.0,5605,1388.0,6.0,2.0,2.0,6.0,7.0,6.0,6.0,2.0,,,3.0,1.0,Completed,1.53,2.5,1.48,2.86,1.53,3.3,1.43,2.84
ATP,2021,30,Paris,French Open,2021-06-03,Grand Slam,Outdoor,Clay,2nd Round,5,Struff J.L.,Bagnis F.,42,104.0,1500,778.0,7.0,5.0,7.0,6.0,6.0,4.0,,,,,3.0,0.0,Completed,1.5,2.62,1.53,2.7,1.55,2.92,1.47,2.72
ATP,2021,30,Paris,French Open,2021-06-03,Grand Slam,Outdoor,Clay,2nd Round,5,Alcaraz C.,Basilashvili N.,97,31.0,815,1785.0,6.0,4.0,6.0,2.0,6.0,4.0,,,,,3.0,0.0,Completed,1.72,2.1,1.65,2.4,1.75,2.4,1.68,2.21
ATP,2021,30,Paris,French Open,2021-06-03,Grand Slam,Outdoor,Clay,2nd Round,5,Nadal R.,Gasquet R.,3,53.0,9630,1213.0,6.0,0.0,7.0,5.0,6.0,2.0,,,,,3.0,0.0,Completed,1.01,26.0,1.01,31.79,1.02,34.0,1.01,21.15
ATP,2021,30,Paris,French Open,2021-06-04,Grand Slam,Outdoor,Clay,3rd Round,5,Davidovich Fokina A.,Ruud C.,46,16.0,1408,2690.0,7.0,6.0,2.0,6.0,7.0,6.0,0.0,6.0,7.0,5.0,3.0,2.0,Completed,4.0,1.25,4.01,1.29,4.2,1.32,3.79,1.27
ATP,2021,30,Paris,French Open,2021-06-04,Grand Slam,Outdoor,Clay,3rd Round,5,Delbonis F.,Fognini F.,51,29.0,1225,1933.0,6.0,4.0,6.0,1.0,6.0,3.0,,,,,3.0,0.0,Completed,2.5,1.53,2.4,1.65,2.56,1.65,2.43,1.57
ATP,2021,30,Paris,French Open,2021-06-04,Grand Slam,Outdoor,Clay,3rd Round,5,Nishikori K.,Laaksonen H.,49,150.0,1318,498.0,7.0,5.0,,,,,,,,,1.0,0.0,Retired,1.36,3.2,1.34,3.58,1.39,3.7,1.32,3.39
ATP,2021,30,Paris,French Open,2021-06-04,Grand Slam,Outdoor,Clay,3rd Round,5,Zverev A.,Djere L.,6,55.0,6990,1168.0,6.0,2.0,7.0,5.0,6.0,2.0,,,,,3.0,0.0,Completed,1.16,5.0,1.17,5.85,1.21,6.44,1.16,5.4
ATP,2021,30,Paris,French Open,2021-06-04,Grand Slam,Outdoor,Clay,3rd Round,5,Garin C.,Giron M.,23,84.0,2350,900.0,6.0,1.0,5.0,7.0,6.0,2.0,6.0,2.0,,,3.0,1.0,Completed,1.3,3.5,1.29,4.02,1.32,4.2,1.28,3.74
ATP,2021,30,Paris,French Open,2021-06-04,Grand Slam,Outdoor,Clay,3rd Round,5,Carreno Busta P.,Johnson S.,12,88.0,3085,878.0,6.0,4.0,6.0,4.0,6.0,2.0,,,,,3.0,0.0,Completed,1.11,6.5,1.12,7.5,1.12,8.0,1.11,6.94
ATP,2021,30,Paris,French Open,2021-06-04,Grand Slam,Outdoor,Clay,3rd Round,5,Medvedev D.,Opelka R.,2,35.0,9793,1726.0,6.0,4.0,6.0,2.0,6.0,4.0,,,,,3.0,0.0,Completed,1.3,3.5,1.29,4.06,1.33,4.2,1.27,3.86
ATP,2021,30,Paris,French Open,2021-06-04,Grand Slam,Outdoor,Clay,3rd Round,5,Tsitsipas S.,Isner J.,5,34.0,7500,1730.0,5.0,7.0,6.0,3.0,7.0,6.0,6.0,1.0,,,3.0,1.0,Completed,1.14,5.5,1.13,7.18,1.16,7.18,1.13,6.13
ATP,2021,30,Paris,French Open,2021-06-05,Grand Slam,Outdoor,Clay,3rd Round,5,Musetti L.,Cecchinato M.,76,83.0,950,903.0,3.0,6.0,6.0,4.0,6.0,3.0,3.0,6.0,6.0,3.0,3.0,2.0,Completed,1.61,2.3,1.71,2.27,1.71,2.47,1.65,2.25
ATP,2021,30,Paris,French Open,2021-06-05,Grand Slam,Outdoor,Clay,3rd Round,5,Schwartzman D.,Kohlschreiber P.,10,132.0,3465,572.0,6.0,4.0,6.0,2.0,6.0,1.0,,,,,3.0,0.0,Completed,1.16,5.0,1.17,6.01,1.23,6.01,1.17,5.11
ATP,2021,30,Paris,French Open,2021-06-05,Grand Slam,Outdoor,Clay,3rd Round,5,Struff J.L.,Alcaraz C.,42,97.0,1500,815.0,6.0,4.0,7.0,6.0,6.0,2.0,,,,,3.0,0.0,Completed,2.5,1.53,2.48,1.61,2.6,1.64,2.42,1.57
ATP,2021,30,Paris,French Open,2021-06-05,Grand Slam,Outdoor,Clay,3rd Round,5,Sinner J.,Ymer M.,19,105.0,2500,776.0,6.0,1.0,7.0,5.0,6.0,3.0,,,,,3.0,0.0,Completed,1.12,6.0,1.14,6.67,1.17,6.85,1.13,6.16
ATP,2021,30,Paris,French Open,2021-06-05,Grand Slam,Outdoor,Clay,3rd Round,5,Djokovic N.,Berankis R.,1,93.0,11313,839.0,6.0,1.0,6.0,4.0,6.0,1.0,,,,,3.0,0.0,Completed,29.0,0.967,1.01,32.24,1.01,34.0,1.01,21.85
ATP,2021,30,Paris,French Open,2021-06-05,Grand Slam,Outdoor,Clay,3rd Round,5,Nadal R.,Norrie C.,3,45.0,9630,1430.0,6.0,3.0,6.0,3.0,6.0,3.0,,,,,3.0,0.0,Completed,1.02,19.0,1.02,22.35,1.03,22.35,1.02,15.87
ATP,2021,30,Paris,French Open,2021-06-05,Grand Slam,Outdoor,Clay,3rd Round,5,Berrettini M.,Kwon S.W.,9,91.0,3958,854.0,7.0,6.0,6.0,3.0,6.0,4.0,,,,,3.0,0.0,Completed,1.07,9.0,1.07,10.78,1.09,11.0,1.07,9.06
ATP,2021,30,Paris,French Open,2021-06-05,Grand Slam,Outdoor,Clay,3rd Round,5,Federer R.,Koepfer D.,8,59.0,5605,1134.0,7.0,6.0,6.0,7.0,7.0,6.0,7.0,5.0,,,3.0,1.0,Completed,1.3,3.5,1.32,3.71,1.36,4.0,1.31,3.52
ATP,2021,30,Paris,French Open,2021-06-06,Grand Slam,Outdoor,Clay,4th Round,5,Tsitsipas S.,Carreno Busta P.,5,12.0,7500,3085.0,6.0,3.0,6.0,2.0,7.0,5.0,,,,,3.0,0.0,Completed,1.14,5.5,1.16,6.22,1.17,6.5,1.14,5.79
ATP,2021,30,Paris,French Open,2021-06-06,Grand Slam,Outdoor,Clay,4th Round,5,Medvedev D.,Garin C.,2,23.0,9793,2350.0,6.0,2.0,6.0,1.0,7.0,5.0,,,,,3.0,0.0,Completed,1.36,3.2,1.36,3.44,1.4,3.44,1.36,3.18
ATP,2021,30,Paris,French Open,2021-06-06,Grand Slam,Outdoor,Clay,4th Round,5,Davidovich Fokina A.,Delbonis F.,46,51.0,1408,1225.0,6.0,4.0,6.0,4.0,4.0,6.0,6.0,4.0,,,3.0,1.0,Completed,1.8,2.0,1.75,2.2,1.86,2.21,1.74,2.11
ATP,2021,30,Paris,French Open,2021-06-06,Grand Slam,Outdoor,Clay,4th Round,5,Zverev A.,Nishikori K.,6,49.0,6990,1318.0,6.0,4.0,6.0,1.0,6.0,1.0,,,,,3.0,0.0,Completed,1.2,4.5,1.23,4.77,1.24,5.1,1.19,4.76
ATP,2021,30,Paris,French Open,2021-06-07,Grand Slam,Outdoor,Clay,4th Round,5,Berrettini M.,Federer R.,9,8.0,3958,5605.0,,,,,,,,,,,,,Walkover,,,,,,,,
ATP,2021,30,Paris,French Open,2021-06-07,Grand Slam,Outdoor,Clay,4th Round,5,Schwartzman D.,Struff J.L.,10,42.0,3465,1500.0,7.0,6.0,6.0,4.0,7.0,5.0,,,,,3.0,0.0,Completed,1.44,2.75,1.46,2.93,1.52,2.97,1.45,2.77
ATP,2021,30,Paris,French Open,2021-06-07,Grand Slam,Outdoor,Clay,4th Round,5,Djokovic N.,Musetti L.,1,76.0,11313,950.0,6.0,7.0,6.0,7.0,6.0,1.0,6.0,0.0,4.0,0.0,2.0,2.0,Retired,1.05,11.0,1.04,17.0,1.05,19.0,1.03,13.59
ATP,2021,30,Paris,French Open,2021-06-07,Grand Slam,Outdoor,Clay,4th Round,5,Nadal R.,Sinner J.,3,19.0,9630,2500.0,7.0,5.0,6.0,3.0,6.0,0.0,,,,,3.0,0.0,Completed,1.1,7.0,1.09,9.52,1.11,10.25,1.08,8.19
ATP,2021,30,Paris,French Open,2021-06-08,Grand Slam,Outdoor,Clay,Quarterfinals,5,Zverev A.,Davidovich Fokina A.,6,46.0,6990,1408.0,6.0,4.0,6.0,1.0,6.0,1.0,,,,,3.0,0.0,Completed,1.12,6.0,1.14,6.9,1.16,7.25,1.12,6.37
ATP,2021,30,Paris,French Open,2021-06-08,Grand Slam,Outdoor,Clay,Quarterfinals,5,Tsitsipas S.,Medvedev D.,5,2.0,7500,9793.0,6.0,3.0,7.0,6.0,7.0,5.0,,,,,3.0,0.0,Completed,1.44,2.75,1.4,3.22,1.54,3.22,1.41,2.94
ATP,2021,30,Paris,French Open,2021-06-09,Grand Slam,Outdoor,Clay,Quarterfinals,5,Nadal R.,Schwartzman D.,3,10.0,9630,3465.0,6.0,3.0,4.0,6.0,6.0,4.0,6.0,0.0,,,3.0,1.0,Completed,1.06,10.0,1.06,12.13,1.08,16.5,1.05,10.82
ATP,2021,30,Paris,French Open,2021-06-09,Grand Slam,Outdoor,Clay,Quarterfinals,5,Djokovic N.,Berrettini M.,1,9.0,11313,3958.0,6.0,3.0,6.0,2.0,6.0,7.0,7.0,5.0,,,3.0,1.0,Completed,1.16,5.0,1.17,5.87,1.2,6.0,1.17,5.2
ATP,2021,30,Paris,French Open,2021-06-11,Grand Slam,Outdoor,Clay,Semifinals,5,Tsitsipas S.,Zverev A.,5,6.0,7500,6990.0,6.0,3.0,6.0,3.0,4.0,6.0,4.0,6.0,6.0,3.0,3.0,2.0,Completed,1.44,2.75,1.45,3.0,1.49,3.06,1.43,2.88
ATP,2021,30,Paris,French Open,2021-06-11,Grand Slam,Outdoor,Clay,Semifinals,5,Djokovic N.,Nadal R.,1,3.0,11313,9630.0,3.0,6.0,6.0,3.0,7.0,6.0,6.0,2.0,,,3.0,1.0,Completed,3.0,1.4,2.8,1.5,3.16,1.5,2.95,1.41
ATP,2021,30,Paris,French Open,2021-06-13,Grand Slam,Outdoor,Clay,The Final,5,Djokovic N.,Tsitsipas S.,1,5.0,11313,7500.0,6.0,7.0,2.0,6.0,6.0,3.0,6.0,2.0,6.0,4.0,3.0,2.0,Completed,1.4,3.0,1.45,2.97,1.45,3.5,1.38,3.11
ATP,2021,36,London,Wimbledon,2021-06-28,Grand Slam,Outdoor,Grass,1st Round,5,Djokovic N.,Draper J.,1,253.0,12113,255.0,4.0,6.0,6.0,1.0,6.0,2.0,6.0,2.0,,,3.0,1.0,Completed,1.01,26.0,1.01,33.67,1.01,51.0,1.01,24.52
ATP,2021,36,London,Wimbledon,2021-06-28,Grand Slam,Outdoor,Grass,1st Round,5,Tiafoe F.,Tsitsipas S.,57,4.0,1148,7980.0,6.0,4.0,6.0,4.0,6.0,3.0,,,,,3.0,0.0,Completed,5.5,1.14,5.65,1.18,6.5,1.2,5.5,1.15
ATP,2021,36,London,Wimbledon,2021-06-28,Grand Slam,Outdoor,Grass,1st Round,5,Kecmanovic M.,Bagnis F.,49,92.0,1309,828.0,6.0,4.0,3.0,6.0,6.0,3.0,7.0,6.0,,,3.0,1.0,Completed,1.1,7.0,1.1,8.81,1.11,9.0,1.09,7.56
ATP,2021,36,London,Wimbledon,2021-06-28,Grand Slam,Outdoor,Grass,1st Round,5,Anderson K.,Barrios M.,102,209.0,753,334.0,6.0,7.0,6.0,4.0,6.0,4.0,7.0,6.0,,,3.0,1.0,Completed,1.25,4.0,1.29,4.01,1.29,4.15,1.26,3.86
ATP,2021,36,London,Wimbledon,2021-06-28,Grand Slam,Outdoor,Grass,1st Round,5,Kudla D.,Davidovich Fokina A.,114,35.0,698,1723.0,5.0,7.0,4.0,6.0,7.0,6.0,6.0,3.0,6.0,3.0,3.0,2.0,Completed,1.9,1.9,2.02,1.88,2.05,1.91,1.96,1.84
ATP,2021,36,London,Wimbledon,2021-06-28,Grand Slam,Outdoor,Grass,1st Round,5,Seppi A.,Sousa J.,90,120.0,863,682.0,4.0,6.0,6.0,4.0,7.0,5.0,6.0,2.0,,,3.0,1.0,Completed,1.44,2.75,1.47,2.9,1.48,2.97,1.45,2.75
ATP,2021,36,London,Wimbledon,2021-06-28,Grand Slam,Outdoor,Grass,1st Round,5,Fucsovics M.,Sinner J.,48,23.0,1344,2320.0,5.0,7.0,6.0,3.0,7.0,5.0,6.0,3.0,,,3.0,1.0,Completed,2.62,1.5,2.95,1.46,2.95,1.5,2.77,1.45
ATP,2021,36,London,Wimbledon,2021-06-28,Grand Slam,Outdoor,Grass,1st Round,5,Bautista Agut R.,Millman J.,10,43.0,3125,1521.0,6.0,2.0,3.0,6.0,6.0,3.0,7.0,6.0,,,3.0,1.0,Completed,1.22,4.33,1.2,5.18,1.22,5.5,1.19,4.79
ATP,2021,36,London,Wimbledon,2021-06-28,Grand Slam,Outdoor,Grass,1st Round,5,Vesely J.,Hanfmann Y.,72,99.0,954,793.0,6.0,1.0,7.0,5.0,7.0,6.0,,,,,3.0,0.0,Completed,1.53,2.5,1.55,2.65,1.57,2.75,1.53,2.52
ATP,2021,36,London,Wimbledon,2021-06-28,Grand Slam,Outdoor,Grass,1st Round,5,Rublev A.,Delbonis F.,7,47.0,6120,1360.0,4.0,6.0,6.0,4.0,6.0,1.0,6.0,2.0,,,3.0,1.0,Completed,1.03,15.0,1.03,18.18,1.05,18.18,1.03,13.45
ATP,2021,36,London,Wimbledon,2021-06-28,Grand Slam,Outdoor,Grass,1st Round,5,Khachanov K.,Mcdonald M.,29,108.0,1965,735.0,3.0,6.0,6.0,3.0,6.0,4.0,7.0,6.0,,,3.0,1.0,Completed,1.61,2.3,1.67,2.36,1.67,2.55,1.59,2.38
ATP,2021,36,London,Wimbledon,2021-06-28,Grand Slam,Outdoor,Grass,1st Round,5,Koepfer D.,Opelka R.,62,32.0,1108,1806.0,6.0,4.0,7.0,6.0,6.0,2.0,,,,,3.0,0.0,Completed,2.3,1.61,2.5,1.6,2.5,1.67,2.33,1.61
ATP,2021,36,London,Wimbledon,2021-06-28,Grand Slam,Outdoor,Grass,1st Round,5,Martinez P.,Travaglia S.,107,88.0,736,870.0,6.0,3.0,2.0,6.0,6.0,4.0,6.0,4.0,,,3.0,1.0,Completed,3.75,1.28,4.06,1.28,4.1,1.36,3.85,1.26
ATP,2021,36,London,Wimbledon,2021-06-28,Grand Slam,Outdoor,Grass,1st Round,5,Murray A.,Basilashvili N.,118,28.0,685,1985.0,6.0,4.0,6.0,3.0,5.0,7.0,6.0,3.0,,,3.0,1.0,Completed,1.9,1.9,2.06,1.85,2.06,2.06,1.96,1.85
ATP,2021,36,London,Wimbledon,2021-06-28,Grand Slam,Outdoor,Grass,1st Round,5,Pospisil V.,Carballes Baena R.,65,100.0,1071,786.0,6.0,3.0,6.0,3.0,6.0,3.0,,,,,3.0,0.0,Completed,1.25,4.0,1.27,4.18,1.27,4.33,1.25,3.98
ATP,2021,36,London,Wimbledon,2021-06-28,Grand Slam,Outdoor,Grass,1st Round,5,Broady L.,Cecchinato M.,143,86.0,509,878.0,6.0,3.0,6.0,4.0,6.0,0.0,,,,,3.0,0.0,Completed,1.4,3.0,1.42,3.12,1.44,3.35,1.37,3.1
ATP,2021,36,London,Wimbledon,2021-06-29,Grand Slam,Outdoor,Grass,1st Round,5,Korda S.,De Minaur A.,50,15.0,1272,2690.0,6.0,3.0,6.0,4.0,6.0,7.0,7.0,6.0,,,3.0,1.0,Completed,2.37,1.57,2.52,1.59,2.66,1.62,2.4,1.57
ATP,2021,36,London,Wimbledon,2021-06-29,Grand Slam,Outdoor,Grass,1st Round,5,Evans D.,Lopez F.,26,89.0,2151,865.0,7.0,6.0,6.0,2.0,7.0,5.0,,,,,3.0,0.0,Completed,1.44,2.75,1.44,3.03,1.45,3.15,1.42,2.86
ATP,2021,36,London,Wimbledon,2021-06-29,Grand Slam,Outdoor,Grass,1st Round,5,Fognini F.,Ramos-Vinolas A.,31,39.0,1868,1595.0,7.0,6.0,6.0,2.0,6.0,4.0,,,,,3.0,0.0,Completed,1.36,3.2,1.37,3.4,1.43,3.45,1.35,3.2
ATP,2021,36,London,Wimbledon,2021-06-29,Grand Slam,Outdoor,Grass,1st Round,5,Zverev A.,Griekspoor T.,6,124.0,7305,673.0,6.0,3.0,6.0,4.0,6.0,1.0,,,,,3.0,0.0,Completed,1.05,11.0,1.07,11.22,1.08,15.0,1.05,10.6
ATP,2021,36,London,Wimbledon,2021-06-29,Grand Slam,Outdoor,Grass,1st Round,5,Schwartzman D.,Paire B.,11,46.0,3060,1387.0,6.0,3.0,6.0,4.0,6.0,0.0,,,,,3.0,0.0,Completed,1.14,5.5,1.18,5.56,1.2,5.75,1.16,5.28
ATP,2021,36,London,Wimbledon,2021-06-29,Grand Slam,Outdoor,Grass,1st Round,5,Federer R.,Mannarino A.,8,41.0,4815,1571.0,6.0,4.0,6.0,7.0,3.0,6.0,6.0,2.0,,,2.0,2.0,Retired,1.14,5.5,1.16,6.05,1.2,6.05,1.16,5.31
ATP,2021,36,London,Wimbledon,2021-06-29,Grand Slam,Outdoor,Grass,1st Round,5,Medvedev D.,Struff J.L.,2,45.0,10280,1455.0,6.0,4.0,6.0,1.0,4.0,6.0,7.0,6.0,,,3.0,1.0,Completed,1.14,5.5,1.14,6.49,1.17,6.75,1.14,5.85
ATP,2021,36,London,Wimbledon,2021-06-29,Grand Slam,Outdoor,Grass,1st Round,5,Hoang A.,Zhang Zh.,156,175.0,456,412.0,4.0,6.0,7.0,6.0,6.0,7.0,6.0,3.0,6.0,2.0,3.0,2.0,Completed,1.8,2.0,1.9,2.01,1.91,2.08,1.85,1.96
ATP,2021,36,London,Wimbledon,2021-06-29,Grand Slam,Outdoor,Grass,1st Round,5,Gasquet R.,Sugita Y.,56,110.0,1148,730.0,7.0,6.0,4.0,6.0,6.0,2.0,6.0,1.0,,,3.0,1.0,Completed,1.22,4.33,1.24,4.58,1.24,5.08,1.22,4.29
ATP,2021,36,London,Wimbledon,2021-06-29,Grand Slam,Outdoor,Grass,1st Round,5,Hurkacz H.,Musetti L.,18,63.0,2533,1106.0,6.0,4.0,7.0,6.0,6.0,1.0,,,,,3.0,0.0,Completed,1.44,2.75,1.48,2.88,1.5,3.0,1.45,2.76
ATP,2021,36,London,Wimbledon,2021-06-29,Grand Slam,Outdoor,Grass,1st Round,5,Gerasimov E.,Clarke J.,73,230.0,941,301.0,6.0,3.0,3.0,6.0,7.0,6.0,6.0,2.0,,,3.0,1.0,Completed,1.4,3.0,1.4,3.2,1.44,3.2,1.39,3.02
ATP,2021,36,London,Wimbledon,2021-06-29,Grand Slam,Outdoor,Grass,1st Round,5,Lajovic D.,Simon G.,42,97.0,1540,801.0,6.0,4.0,7.0,5.0,3.0,6.0,4.0,6.0,6.0,3.0,3.0,2.0,Completed,2.37,1.57,2.5,1.6,2.51,1.65,2.38,1.58
ATP,2021,36,London,Wimbledon,2021-06-29,Grand Slam,Outdoor,Grass,1st Round,5,Shapovalov D.,Kohlschreiber P.,12,115.0,2915,697.0,6.0,4.0,4.0,6.0,6.0,3.0,5.0,7.0,6.0,4.0,3.0,2.0,Completed,1.22,4.33,1.24,4.61,1.3,4.75,1.22,4.26
ATP,2021,36,London,Wimbledon,2021-06-29,Grand Slam,Outdoor,Grass,1st Round,5,Harris L.,Berankis R.,51,80.0,1268,895.0,6.0,3.0,6.0,4.0,7.0,6.0,,,,,3.0,0.0,Completed,1.53,2.5,1.55,2.64,1.59,2.99,1.53,2.51
ATP,2021,36,London,Wimbledon,2021-06-29,Grand Slam,Outdoor,Grass,1st Round,5,Djere L.,Cuevas P.,55,84.0,1168,881.0,5.0,7.0,6.0,4.0,6.0,4.0,6.0,4.0,,,3.0,1.0,Completed,2.5,1.53,2.42,1.64,2.6,1.7,2.4,1.58
ATP,2021,36,London,Wimbledon,2021-06-29,Grand Slam,Outdoor,Grass,1st Round,5,Kwon S.W.,Masur D.,71,222.0,986,316.0,6.0,7.0,6.0,3.0,6.0,4.0,6.0,4.0,,,3.0,1.0,Completed,1.28,3.75,1.33,3.69,1.33,4.62,1.28,3.72
ATP,2021,36,London,Wimbledon,2021-06-29,Grand Slam,Outdoor,Grass,1st Round,5,Sandgren T.,Gombos N.,68,94.0,1019,822.0,6.0,4.0,6.0,7.0,6.0,1.0,6.0,3.0,,,3.0,1.0,Completed,1.57,2.37,1.59,2.53,1.63,2.53,1.58,2.39
ATP,2021,36,London,Wimbledon,2021-06-29,Grand Slam,Outdoor,Grass,1st Round,5,Andujar P.,Herbert P.H.,70,101.0,1005,785.0,7.0,6.0,4.0,6.0,7.0,6.0,5.0,7.0,8.0,6.0,3.0,2.0,Completed,4.5,1.2,5.57,1.18,5.92,1.21,5.24,1.16
ATP,2021,36,London,Wimbledon,2021-06-29,Grand Slam,Outdoor,Grass,1st Round,5,Polmans M.,Lu Y.,154,625.0,467,45.0,6.0,2.0,7.0,5.0,4.0,6.0,6.0,1.0,,,3.0,1.0,Completed,1.36,3.2,1.32,3.77,1.36,4.0,1.3,3.5
ATP,2021,36,London,Wimbledon,2021-06-29,Grand Slam,Outdoor,Grass,1st Round,5,Bolt A.,Krajinovic F.,149,44.0,482,1479.0,7.0,6.0,6.0,4.0,7.0,5.0,,,,,3.0,0.0,Completed,1.57,2.37,1.8,2.14,1.8,2.42,1.72,2.14
ATP,2021,36,London,Wimbledon,2021-06-29,Grand Slam,Outdoor,Grass,1st Round,5,Otte O.,Rinderknech A.,151,109.0,479,734.0,4.0,6.0,6.0,3.0,6.0,2.0,6.0,7.0,13.0,12.0,3.0,2.0,Completed,2.3,1.61,2.22,1.74,2.53,1.74,2.34,1.6
ATP,2021,36,London,Wimbledon,2021-06-30,Grand Slam,Outdoor,Grass,1st Round,5,Thompson J.,Ruud C.,78,14.0,902,2690.0,7.0,6.0,7.0,6.0,2.0,6.0,2.0,6.0,6.0,2.0,3.0,2.0,Completed,2.62,1.5,2.8,1.5,2.8,1.58,2.58,1.5
ATP,2021,36,London,Wimbledon,2021-06-30,Grand Slam,Outdoor,Grass,1st Round,5,Nishikori K.,Popyrin A.,53,67.0,1183,1027.0,6.0,4.0,6.0,4.0,6.0,4.0,,,,,3.0,0.0,Completed,1.4,3.0,1.45,2.99,1.47,3.11,1.42,2.85
ATP,2021,36,London,Wimbledon,2021-06-30,Grand Slam,Outdoor,Grass,1st Round,5,Ivashka I.,Munar J.,79,69.0,900,1009.0,6.0,1.0,7.0,5.0,7.0,6.0,,,,,3.0,0.0,Completed,1.36,3.2,1.39,3.27,1.39,3.44,1.36,3.15
ATP,2021,36,London,Wimbledon,2021-06-30,Grand Slam,Outdoor,Grass,1st Round,5,Bedene A.,Moutet C.,64,83.0,1089,883.0,6.0,4.0,6.0,4.0,6.0,0.0,,,,,3.0,0.0,Completed,1.8,2.0,1.81,2.11,1.84,2.11,1.8,2.02
ATP,2021,36,London,Wimbledon,2021-06-30,Grand Slam,Outdoor,Grass,1st Round,5,Van De Zandschulp B.,Barrere G.,139,131.0,540,607.0,6.0,2.0,6.0,7.0,6.0,1.0,7.0,6.0,,,3.0,1.0,Completed,2.37,1.57,2.57,1.57,2.7,1.68,2.45,1.55
ATP,2021,36,London,Wimbledon,2021-06-30,Grand Slam,Outdoor,Grass,1st Round,5,Berrettini M.,Pella G.,9,59.0,4468,1114.0,6.0,4.0,3.0,6.0,6.0,4.0,6.0,0.0,,,3.0,1.0,Completed,1.02,17.0,1.03,19.2,1.04,26.0,1.02,14.9
ATP,2021,36,London,Wimbledon,2021-06-30,Grand Slam,Outdoor,Grass,1st Round,5,Chardy J.,Karatsev A.,61,24.0,1111,2304.0,7.0,6.0,7.0,6.0,6.0,3.0,,,,,3.0,0.0,Completed,2.2,1.66,2.11,1.81,2.31,1.81,2.19,1.68
ATP,2021,36,London,Wimbledon,2021-06-30,Grand Slam,Outdoor,Grass,1st Round,5,Nishioka Y.,Isner J.,58,33.0,1142,1775.0,7.0,6.0,2.0,6.0,6.0,3.0,6.0,7.0,6.0,4.0,3.0,2.0,Completed,5.5,1.14,6.51,1.15,7.24,1.16,5.95,1.13
ATP,2021,36,London,Wimbledon,2021-06-30,Grand Slam,Outdoor,Grass,1st Round,5,Alcaraz C.,Uchiyama Y.,75,116.0,924,697.0,6.0,3.0,6.0,7.0,6.0,2.0,3.0,6.0,6.0,3.0,3.0,2.0,Completed,1.44,2.75,1.35,3.52,1.46,3.52,1.37,3.07
ATP,2021,36,London,Wimbledon,2021-06-30,Grand Slam,Outdoor,Grass,1st Round,5,Ymer M.,Tsonga J.W.,98,85.0,796,880.0,7.0,5.0,6.0,7.0,5.0,7.0,6.0,4.0,6.0,3.0,3.0,2.0,Completed,1.9,1.9,1.94,1.96,2.03,2.0,1.89,1.92
ATP,2021,36,London,Wimbledon,2021-06-30,Grand Slam,Outdoor,Grass,1st Round,5,Giron M.,Ruusuvuori E.,66,76.0,1037,919.0,6.0,4.0,2.0,6.0,6.0,2.0,0.0,6.0,6.0,4.0,3.0,2.0,Completed,1.66,2.2,1.68,2.33,1.69,2.47,1.61,2.31
ATP,2021,36,London,Wimbledon,2021-06-30,Grand Slam,Outdoor,Grass,1st Round,5,Querrey S.,Carreno Busta P.,54,13.0,1183,2905.0,7.0,6.0,6.0,4.0,7.0,5.0,,,,,3.0,0.0,Completed,1.72,2.1,1.74,2.23,1.77,2.48,1.71,2.14
ATP,2021,36,London,Wimbledon,2021-06-30,Grand Slam,Outdoor,Grass,1st Round,5,Norrie C.,Pouille L.,34,95.0,1770,820.0,6.0,7.0,7.0,5.0,6.0,2.0,7.0,5.0,,,3.0,1.0,Completed,1.22,4.33,1.24,4.53,1.33,4.6,1.24,4.11
ATP,2021,36,London,Wimbledon,2021-06-30,Grand Slam,Outdoor,Grass,1st Round,5,Galan D.E.,Coria F.,112,87.0,706,873.0,6.0,4.0,4.0,6.0,7.0,5.0,7.0,5.0,,,3.0,1.0,Completed,1.22,4.33,1.24,4.61,1.26,4.8,1.22,4.34
ATP,2021,36,London,Wimbledon,2021-06-30,Grand Slam,Outdoor,Grass,1st Round,5,Duckworth J.,Albot R.,91,93.0,853,826.0,6.0,4.0,6.0,4.0,6.0,1.0,,,,,3.0,0.0,Completed,1.57,2.37,1.54,2.66,1.6,2.68,1.54,2.47
ATP,2021,36,London,Wimbledon,2021-06-30,Grand Slam,Outdoor,Grass,1st Round,5,Garin C.,Zapata Miralles B.,20,125.0,2440,650.0,6.0,7.0,6.0,3.0,3.0,6.0,6.0,3.0,6.0,2.0,3.0,2.0,Completed,1.53,2.5,1.5,2.81,1.56,2.81,1.49,2.62
ATP,2021,36,London,Wimbledon,2021-06-30,Grand Slam,Outdoor,Grass,1st Round,5,Mager G.,Londero J.I.,77,129.0,918,623.0,7.0,6.0,6.0,0.0,4.0,6.0,6.0,3.0,,,3.0,1.0,Completed,1.5,2.62,1.54,2.67,1.57,2.8,1.51,2.58
ATP,2021,36,London,Wimbledon,2021-06-30,Grand Slam,Outdoor,Grass,1st Round,5,Dimitrov G.,Verdasco F.,21,106.0,2431,738.0,3.0,6.0,6.0,3.0,6.0,4.0,6.0,4.0,,,3.0,1.0,Completed,1.25,4.0,1.29,4.06,1.35,4.2,1.26,3.87
ATP,2021,36,London,Wimbledon,2021-06-30,Grand Slam,Outdoor,Grass,1st Round,5,Sonego L.,Sousa P.,27,121.0,2038,678.0,6.0,2.0,7.0,5.0,6.0,0.0,,,,,3.0,0.0,Completed,1.03,15.0,1.03,19.73,1.06,24.0,1.03,14.59
ATP,2021,36,London,Wimbledon,2021-06-30,Grand Slam,Outdoor,Grass,1st Round,5,Cilic M.,Caruso S.,37,96.0,1660,809.0,7.0,6.0,7.0,6.0,6.0,1.0,,,,,3.0,0.0,Completed,1.06,10.0,1.05,13.95,1.06,14.0,1.04,11.1
ATP,2021,36,London,Wimbledon,2021-06-30,Grand Slam,Outdoor,Grass,1st Round,5,Fritz T.,Nakashima B.,40,138.0,1590,549.0,7.0,5.0,3.0,6.0,6.0,4.0,7.0,5.0,,,3.0,1.0,Completed,2.75,1.44,3.05,1.43,3.1,1.53,2.91,1.41
ATP,2021,36,London,Wimbledon,2021-06-30,Grand Slam,Outdoor,Grass,1st Round,5,Auger-Aliassime F.,Monteiro T.,19,81.0,2468,891.0,6.0,3.0,6.0,3.0,6.0,3.0,,,,,3.0,0.0,Completed,1.08,8.0,1.09,9.62,1.11,10.8,1.08,8.31
ATP,2021,36,London,Wimbledon,2021-06-30,Grand Slam,Outdoor,Grass,1st Round,5,Kyrgios N.,Humbert U.,60,25.0,1113,2270.0,6.0,4.0,4.0,6.0,3.0,6.0,6.0,1.0,9.0,7.0,3.0,2.0,Completed,2.5,1.53,2.48,1.61,2.63,1.63,2.47,1.55
ATP,2021,36,London,Wimbledon,2021-06-30,Grand Slam,Outdoor,Grass,1st Round,5,Bonzi B.,Trungelliti M.,119,205.0,683,341.0,6.0,1.0,1.0,6.0,4.0,6.0,6.0,3.0,6.0,4.0,3.0,2.0,Completed,1.25,4.0,1.22,4.91,1.32,4.91,1.24,4.12
ATP,2021,36,London,Wimbledon,2021-06-30,Grand Slam,Outdoor,Grass,1st Round,5,Monfils G.,O Connell C.,17,130.0,2568,609.0,4.0,6.0,6.0,2.0,7.0,6.0,4.0,6.0,6.0,4.0,3.0,2.0,Completed,1.9,1.9,1.8,2.13,2.01,2.13,1.81,2.02
ATP,2021,36,London,Wimbledon,2021-06-30,Grand Slam,Outdoor,Grass,1st Round,5,Bublik A.,Kukushkin M.,38,105.0,1641,742.0,6.0,4.0,6.0,2.0,6.0,1.0,,,,,3.0,0.0,Completed,1.22,4.33,1.22,4.83,1.28,4.83,1.21,4.42
ATP,2021,36,London,Wimbledon,2021-06-30,Grand Slam,Outdoor,Grass,1st Round,5,Johnson S.,Novak D.,74,122.0,929,677.0,7.0,6.0,6.0,2.0,7.0,5.0,,,,,3.0,0.0,Completed,1.8,2.0,1.71,2.28,1.8,2.28,1.7,2.17
ATP,2021,36,London,Wimbledon,2021-06-30,Grand Slam,Outdoor,Grass,2nd Round,5,Djokovic N.,Anderson K.,1,102.0,12113,753.0,6.0,3.0,6.0,3.0,6.0,3.0,,,,,3.0,0.0,Completed,1.02,19.0,1.03,18.8,1.04,26.0,1.02,15.29
ATP,2021,36,London,Wimbledon,2021-06-30,Grand Slam,Outdoor,Grass,2nd Round,5,Kudla D.,Seppi A.,114,90.0,698,863.0,6.0,2.0,6.0,4.0,6.0,2.0,,,,,3.0,0.0,Completed,1.66,2.2,1.69,2.3,1.69,2.3,1.65,2.24
ATP,2021,36,London,Wimbledon,2021-06-30,Grand Slam,Outdoor,Grass,2nd Round,5,Evans D.,Lajovic D.,26,42.0,2151,1540.0,6.0,3.0,6.0,3.0,6.0,4.0,,,,,3.0,0.0,Completed,1.1,7.0,1.1,8.46,1.13,9.0,1.09,7.28
ATP,2021,36,London,Wimbledon,2021-06-30,Grand Slam,Outdoor,Grass,2nd Round,5,Fucsovics M.,Vesely J.,48,72.0,1344,954.0,6.0,3.0,5.0,4.0,,,,,,,1.0,0.0,Retired,1.53,2.5,1.6,2.5,1.65,2.62,1.57,2.41
ATP,2021,36,London,Wimbledon,2021-06-30,Grand Slam,Outdoor,Grass,2nd Round,5,Khachanov K.,Gerasimov E.,29,73.0,1965,941.0,6.0,1.0,7.0,6.0,6.0,3.0,,,,,3.0,0.0,Completed,1.2,4.5,1.21,5.08,1.22,5.5,1.19,4.81
ATP,2021,36,London,Wimbledon,2021-06-30,Grand Slam,Outdoor,Grass,2nd Round,5,Shapovalov D.,Andujar P.,12,70.0,2915,1005.0,,,,,,,,,,,,,Walkover,1.07,9.0,1.07,11.29,1.07,13.0,1.06,9.87
ATP,2021,36,London,Wimbledon,2021-06-30,Grand Slam,Outdoor,Grass,2nd Round,5,Fognini F.,Djere L.,31,55.0,1868,1168.0,6.0,3.0,6.0,4.0,0.0,6.0,6.0,4.0,,,3.0,1.0,Completed,1.33,3.4,1.4,3.25,1.4,3.52,1.35,3.2
ATP,2021,36,London,Wimbledon,2021-06-30,Grand Slam,Outdoor,Grass,2nd Round,5,Koepfer D.,Kwon S.W.,62,71.0,1108,986.0,6.0,3.0,6.0,7.0,7.0,6.0,5.0,7.0,6.0,3.0,3.0,2.0,Completed,1.57,2.37,1.6,2.51,1.65,2.51,1.58,2.39
ATP,2021,36,London,Wimbledon,2021-06-30,Grand Slam,Outdoor,Grass,2nd Round,5,Tiafoe F.,Pospisil V.,57,65.0,1148,1071.0,6.0,4.0,6.0,4.0,6.0,4.0,,,,,3.0,0.0,Completed,1.8,2.0,1.85,2.07,1.91,2.37,1.75,2.1
ATP,2021,36,London,Wimbledon,2021-06-30,Grand Slam,Outdoor,Grass,2nd Round,5,Schwartzman D.,Broady L.,11,143.0,3060,509.0,4.0,6.0,6.0,2.0,6.0,1.0,6.0,4.0,,,3.0,1.0,Completed,1.22,4.33,1.24,4.58,1.25,5.5,1.22,4.36
ATP,2021,36,London,Wimbledon,2021-06-30,Grand Slam,Outdoor,Grass,2nd Round,5,Korda S.,Hoang A.,50,156.0,1272,456.0,7.0,5.0,6.0,4.0,6.0,4.0,,,,,3.0,0.0,Completed,1.08,8.0,1.11,7.87,1.13,8.0,1.1,7.09
ATP,2021,36,London,Wimbledon,2021-06-30,Grand Slam,Outdoor,Grass,2nd Round,5,Murray A.,Otte O.,118,151.0,685,479.0,6.0,3.0,4.0,6.0,4.0,6.0,6.0,4.0,6.0,2.0,3.0,2.0,Completed,1.33,3.4,1.34,3.6,1.44,3.6,1.34,3.24
ATP,2021,36,London,Wimbledon,2021-06-30,Grand Slam,Outdoor,Grass,2nd Round,5,Rublev A.,Harris L.,7,51.0,6120,1268.0,6.0,1.0,6.0,2.0,7.0,5.0,,,,,3.0,0.0,Completed,1.16,5.0,1.17,5.84,1.2,6.0,1.16,5.31
ATP,2021,36,London,Wimbledon,2021-07-01,Grand Slam,Outdoor,Grass,2nd Round,5,Zverev A.,Sandgren T.,6,68.0,7305,1019.0,7.0,5.0,6.0,2.0,6.0,3.0,,,,,3.0,0.0,Completed,1.08,8.0,1.06,12.08,1.09,12.08,1.06,9.38
ATP,2021,36,London,Wimbledon,2021-07-01,Grand Slam,Outdoor,Grass,2nd Round,5,Bedene A.,Nishioka Y.,64,58.0,1089,1142.0,6.0,1.0,6.0,0.0,6.0,2.0,,,,,3.0,0.0,Completed,1.44,2.75,1.45,3.0,1.5,3.04,1.45,2.77
ATP,2021,36,London,Wimbledon,2021-07-01,Grand Slam,Outdoor,Grass,2nd Round,5,Garin C.,Polmans M.,20,154.0,2440,467.0,7.0,6.0,6.0,2.0,2.0,6.0,7.0,6.0,,,3.0,1.0,Completed,1.33,3.4,1.38,3.36,1.42,3.44,1.35,3.19
ATP,2021,36,London,Wimbledon,2021-07-01,Grand Slam,Outdoor,Grass,2nd Round,5,Duckworth J.,Querrey S.,91,54.0,853,1183.0,7.0,5.0,6.0,7.0,6.0,3.0,6.0,2.0,,,3.0,1.0,Completed,3.75,1.28,4.01,1.29,4.33,1.32,3.83,1.26
ATP,2021,36,London,Wimbledon,2021-07-01,Grand Slam,Outdoor,Grass,2nd Round,5,Bautista Agut R.,Kecmanovic M.,10,49.0,3125,1309.0,6.0,3.0,6.0,3.0,6.0,7.0,3.0,6.0,6.0,3.0,3.0,2.0,Completed,1.28,3.75,1.3,3.89,1.34,4.0,1.29,3.59
ATP,2021,36,London,Wimbledon,2021-07-01,Grand Slam,Outdoor,Grass,2nd Round,5,Berrettini M.,Van De Zandschulp B.,9,139.0,4468,540.0,6.0,3.0,6.0,4.0,7.0,6.0,,,,,3.0,0.0,Completed,1.05,11.0,1.05,13.53,1.07,17.75,1.05,11.01
ATP,2021,36,London,Wimbledon,2021-07-01,Grand Slam,Outdoor,Grass,2nd Round,5,Martinez P.,Monfils G.,107,17.0,736,2568.0,6.0,3.0,6.0,4.0,4.0,6.0,7.0,6.0,,,3.0,1.0,Completed,2.75,1.44,2.71,1.53,2.9,1.53,2.71,1.46
ATP,2021,36,London,Wimbledon,2021-07-01,Grand Slam,Outdoor,Grass,2nd Round,5,Norrie C.,Bolt A.,34,149.0,1770,482.0,6.0,3.0,6.0,1.0,6.0,2.0,,,,,3.0,0.0,Completed,1.3,3.5,1.31,3.87,1.36,3.87,1.3,3.54
ATP,2021,36,London,Wimbledon,2021-07-01,Grand Slam,Outdoor,Grass,2nd Round,5,Thompson J.,Nishikori K.,78,53.0,902,1183.0,7.0,5.0,6.0,4.0,5.0,7.0,6.0,3.0,,,3.0,1.0,Completed,4.33,1.22,4.46,1.25,4.8,1.28,4.21,1.23
ATP,2021,36,London,Wimbledon,2021-07-01,Grand Slam,Outdoor,Grass,2nd Round,5,Ivashka I.,Chardy J.,79,61.0,900,1111.0,4.0,6.0,6.0,3.0,6.0,2.0,6.0,4.0,,,3.0,1.0,Completed,1.66,2.2,1.74,2.23,1.74,2.36,1.65,2.24
ATP,2021,36,London,Wimbledon,2021-07-01,Grand Slam,Outdoor,Grass,2nd Round,5,Sonego L.,Galan D.E.,27,112.0,2038,706.0,4.0,6.0,6.0,3.0,7.0,6.0,6.0,1.0,,,3.0,1.0,Completed,1.1,7.0,1.1,8.61,1.11,11.89,1.09,7.56
ATP,2021,36,London,Wimbledon,2021-07-01,Grand Slam,Outdoor,Grass,2nd Round,5,Fritz T.,Johnson S.,40,74.0,1590,929.0,6.0,4.0,7.0,6.0,4.0,6.0,6.0,7.0,6.0,4.0,3.0,2.0,Completed,1.61,2.3,1.69,2.3,1.77,2.31,1.69,2.19
ATP,2021,36,London,Wimbledon,2021-07-01,Grand Slam,Outdoor,Grass,2nd Round,5,Bublik A.,Dimitrov G.,38,21.0,1641,2431.0,6.0,4.0,7.0,6.0,7.0,6.0,,,,,3.0,0.0,Completed,1.8,2.0,1.95,1.95,1.95,2.04,1.85,1.95
ATP,2021,36,London,Wimbledon,2021-07-01,Grand Slam,Outdoor,Grass,2nd Round,5,Medvedev D.,Alcaraz C.,2,75.0,10280,924.0,6.0,4.0,6.0,1.0,6.0,2.0,,,,,3.0,0.0,Completed,1.05,11.0,1.05,14.2,1.09,14.5,1.04,11.69
ATP,2021,36,London,Wimbledon,2021-07-01,Grand Slam,Outdoor,Grass,2nd Round,5,Hurkacz H.,Giron M.,18,66.0,2533,1037.0,6.0,3.0,6.0,2.0,6.0,4.0,,,,,3.0,0.0,Completed,1.4,3.0,1.41,3.18,1.45,3.18,1.4,2.95
ATP,2021,36,London,Wimbledon,2021-07-01,Grand Slam,Outdoor,Grass,2nd Round,5,Cilic M.,Bonzi B.,37,119.0,1660,683.0,6.0,4.0,3.0,6.0,6.0,3.0,7.0,6.0,,,3.0,1.0,Completed,1.2,4.5,1.27,4.17,1.27,4.5,1.23,4.19
ATP,2021,36,London,Wimbledon,2021-07-01,Grand Slam,Outdoor,Grass,2nd Round,5,Federer R.,Gasquet R.,8,56.0,4815,1148.0,7.0,6.0,6.0,1.0,6.0,4.0,,,,,3.0,0.0,Completed,1.2,4.5,1.22,4.84,1.25,5.5,1.19,4.63
ATP,2021,36,London,Wimbledon,2021-07-01,Grand Slam,Outdoor,Grass,2nd Round,5,Kyrgios N.,Mager G.,60,77.0,1113,918.0,7.0,6.0,6.0,4.0,6.0,4.0,,,,,3.0,0.0,Completed,1.12,6.0,1.16,6.2,1.17,6.75,1.14,5.81
ATP,2021,36,London,Wimbledon,2021-07-01,Grand Slam,Outdoor,Grass,2nd Round,5,Auger-Aliassime F.,Ymer M.,19,98.0,2468,796.0,6.0,4.0,4.0,6.0,7.0,6.0,6.0,1.0,,,3.0,1.0,Completed,1.08,8.0,1.12,7.77,1.13,9.91,1.09,7.31
ATP,2021,36,London,Wimbledon,2021-07-02,Grand Slam,Outdoor,Grass,3rd Round,5,Rublev A.,Fognini F.,7,31.0,6120,1868.0,6.0,3.0,5.0,7.0,6.0,4.0,6.0,2.0,,,3.0,1.0,Completed,1.12,6.0,1.13,7.38,1.19,8.0,1.13,5.88
ATP,2021,36,London,Wimbledon,2021-07-02,Grand Slam,Outdoor,Grass,3rd Round,5,Khachanov K.,Tiafoe F.,29,57.0,1965,1148.0,6.0,3.0,6.0,4.0,6.0,4.0,,,,,3.0,0.0,Completed,2.2,1.66,2.16,1.78,2.3,1.78,2.21,1.67
ATP,2021,36,London,Wimbledon,2021-07-02,Grand Slam,Outdoor,Grass,3rd Round,5,Garin C.,Martinez P.,20,107.0,2440,736.0,6.0,4.0,6.0,3.0,4.0,6.0,6.0,4.0,,,3.0,1.0,Completed,1.4,3.0,1.43,3.08,1.43,3.38,1.39,3.0
ATP,2021,36,London,Wimbledon,2021-07-02,Grand Slam,Outdoor,Grass,3rd Round,5,Fucsovics M.,Schwartzman D.,48,11.0,1344,3060.0,6.0,3.0,6.0,3.0,6.0,7.0,6.0,4.0,,,3.0,1.0,Completed,1.9,1.9,2.0,1.9,2.12,1.97,1.97,1.85
ATP,2021,36,London,Wimbledon,2021-07-02,Grand Slam,Outdoor,Grass,3rd Round,5,Bautista Agut R.,Koepfer D.,10,62.0,3125,1108.0,7.0,5.0,6.0,1.0,7.0,6.0,,,,,3.0,0.0,Completed,1.36,3.2,1.38,3.35,1.4,3.4,1.36,3.15
ATP,2021,36,London,Wimbledon,2021-07-02,Grand Slam,Outdoor,Grass,3rd Round,5,Djokovic N.,Kudla D.,1,114.0,12113,698.0,6.0,4.0,6.0,3.0,7.0,6.0,,,,,3.0,0.0,Completed,1.02,19.0,1.02,25.13,1.03,26.0,1.02,16.74
ATP,2021,36,London,Wimbledon,2021-07-02,Grand Slam,Outdoor,Grass,3rd Round,5,Korda S.,Evans D.,50,26.0,1272,2151.0,6.0,3.0,3.0,6.0,6.0,3.0,6.0,4.0,,,3.0,1.0,Completed,2.1,1.72,2.3,1.69,2.42,1.83,2.2,1.68
ATP,2021,36,London,Wimbledon,2021-07-02,Grand Slam,Outdoor,Grass,3rd Round,5,Shapovalov D.,Murray A.,12,118.0,2915,685.0,6.0,4.0,6.0,2.0,6.0,2.0,,,,,3.0,0.0,Completed,1.28,3.75,1.26,4.35,1.3,4.4,1.25,3.94
ATP,2021,36,London,Wimbledon,2021-07-03,Grand Slam,Outdoor,Grass,3rd Round,5,Berrettini M.,Bedene A.,9,64.0,4468,1089.0,6.0,4.0,6.0,4.0,6.0,4.0,,,,,3.0,0.0,Completed,1.16,5.0,1.13,7.16,1.19,7.5,1.12,6.37
ATP,2021,36,London,Wimbledon,2021-07-03,Grand Slam,Outdoor,Grass,3rd Round,5,Ivashka I.,Thompson J.,79,78.0,900,902.0,6.0,4.0,6.0,4.0,6.0,4.0,,,,,3.0,0.0,Completed,1.61,2.3,1.68,2.34,1.72,2.35,1.64,2.26
ATP,2021,36,London,Wimbledon,2021-07-03,Grand Slam,Outdoor,Grass,3rd Round,5,Sonego L.,Duckworth J.,27,91.0,2038,853.0,6.0,3.0,6.0,4.0,6.0,4.0,,,,,3.0,0.0,Completed,1.4,3.0,1.42,3.11,1.48,3.11,1.41,2.91
ATP,2021,36,London,Wimbledon,2021-07-03,Grand Slam,Outdoor,Grass,3rd Round,5,Hurkacz H.,Bublik A.,18,38.0,2533,1641.0,6.0,3.0,6.0,4.0,6.0,2.0,,,,,3.0,0.0,Completed,1.66,2.2,1.67,2.35,1.71,2.4,1.65,2.26
ATP,2021,36,London,Wimbledon,2021-07-03,Grand Slam,Outdoor,Grass,3rd Round,5,Zverev A.,Fritz T.,6,40.0,7305,1590.0,6.0,7.0,6.0,4.0,6.0,3.0,7.0,6.0,,,3.0,1.0,Completed,1.08,8.0,1.11,8.15,1.13,8.25,1.1,7.24
ATP,2021,36,London,Wimbledon,2021-07-03,Grand Slam,Outdoor,Grass,3rd Round,5,Auger-Aliassime F.,Kyrgios N.,19,60.0,2468,1113.0,2.0,6.0,6.0,1.0,,,,,,,1.0,1.0,Retired,1.72,2.1,1.8,2.13,1.83,2.16,1.77,2.05
ATP,2021,36,London,Wimbledon,2021-07-03,Grand Slam,Outdoor,Grass,3rd Round,5,Federer R.,Norrie C.,8,34.0,4815,1770.0,6.0,4.0,6.0,4.0,5.0,7.0,6.0,4.0,,,3.0,1.0,Completed,1.44,2.75,1.5,2.81,1.52,2.95,1.47,2.71
ATP,2021,36,London,Wimbledon,2021-07-03,Grand Slam,Outdoor,Grass,3rd Round,3,Medvedev D.,Cilic M.,2,37.0,10280,1660.0,6.0,7.0,3.0,6.0,6.0,3.0,6.0,3.0,6.0,2.0,3.0,2.0,Completed,1.16,5.0,1.18,5.72,1.25,5.75,1.17,5.18
ATP,2021,36,London,Wimbledon,2021-07-05,Grand Slam,Outdoor,Grass,4th Round,5,Berrettini M.,Ivashka I.,9,79.0,4468,900.0,6.0,4.0,6.0,3.0,6.0,1.0,,,,,3.0,0.0,Completed,1.12,6.0,1.14,6.77,1.15,6.77,1.13,6.14
ATP,2021,36,London,Wimbledon,2021-07-05,Grand Slam,Outdoor,Grass,4th Round,5,Khachanov K.,Korda S.,29,50.0,1965,1272.0,3.0,6.0,6.0,4.0,6.0,3.0,5.0,7.0,10.0,8.0,3.0,2.0,Completed,1.9,1.9,1.88,2.02,1.92,2.06,1.85,1.95
ATP,2021,36,London,Wimbledon,2021-07-05,Grand Slam,Outdoor,Grass,4th Round,5,Shapovalov D.,Bautista Agut R.,12,10.0,2915,3125.0,6.0,1.0,6.0,3.0,7.0,5.0,,,,,3.0,0.0,Completed,1.66,2.2,1.68,2.34,1.73,2.36,1.66,2.23
ATP,2021,36,London,Wimbledon,2021-07-05,Grand Slam,Outdoor,Grass,4th Round,5,Fucsovics M.,Rublev A.,48,7.0,1344,6120.0,6.0,3.0,4.0,6.0,4.0,6.0,6.0,0.0,6.0,3.0,3.0,2.0,Completed,5.5,1.14,5.94,1.17,6.0,1.22,5.27,1.16
ATP,2021,36,London,Wimbledon,2021-07-05,Grand Slam,Outdoor,Grass,4th Round,5,Djokovic N.,Garin C.,1,20.0,12113,2440.0,6.0,2.0,6.0,4.0,6.0,2.0,,,,,3.0,0.0,Completed,1.01,21.0,1.01,30.18,1.02,34.0,1.01,19.68
ATP,2021,36,London,Wimbledon,2021-07-05,Grand Slam,Outdoor,Grass,4th Round,5,Auger-Aliassime F.,Zverev A.,19,6.0,2468,7305.0,6.0,4.0,7.0,6.0,3.0,6.0,3.0,6.0,6.0,4.0,3.0,2.0,Completed,3.5,1.3,4.05,1.29,4.05,1.32,3.67,1.29
ATP,2021,36,London,Wimbledon,2021-07-05,Grand Slam,Outdoor,Grass,4th Round,5,Federer R.,Sonego L.,8,27.0,4815,2038.0,7.0,5.0,6.0,4.0,6.0,2.0,,,,,3.0,0.0,Completed,1.3,3.5,1.32,3.74,1.36,3.84,1.3,3.51
ATP,2021,36,London,Wimbledon,2021-07-06,Grand Slam,Outdoor,Grass,4th Round,5,Hurkacz H.,Medvedev D.,18,2.0,2533,10280.0,2.0,6.0,7.0,6.0,3.0,6.0,6.0,3.0,6.0,3.0,3.0,2.0,Completed,5.0,1.16,5.42,1.19,6.13,1.19,5.16,1.16
ATP,2021,36,London,Wimbledon,2021-07-07,Grand Slam,Outdoor,Grass,Quarterfinals,5,Shapovalov D.,Khachanov K.,12,29.0,2915,1965.0,6.0,4.0,3.0,6.0,5.0,7.0,6.0,1.0,6.0,4.0,3.0,2.0,Completed,1.3,3.5,1.34,3.6,1.4,3.82,1.31,3.5
ATP,2021,36,London,Wimbledon,2021-07-07,Grand Slam,Outdoor,Grass,Quarterfinals,5,Djokovic N.,Fucsovics M.,1,48.0,12113,1344.0,6.0,3.0,6.0,4.0,6.0,4.0,,,,,3.0,0.0,Completed,1.03,15.0,1.04,16.96,1.05,17.0,1.03,13.22
ATP,2021,36,London,Wimbledon,2021-07-07,Grand Slam,Outdoor,Grass,Quarterfinals,5,Hurkacz H.,Federer R.,18,8.0,2533,4815.0,6.0,3.0,7.0,6.0,6.0,0.0,,,,,3.0,0.0,Completed,3.0,1.4,2.96,1.46,3.1,1.47,2.9,1.42
ATP,2021,36,London,Wimbledon,2021-07-07,Grand Slam,Outdoor,Grass,Quarterfinals,5,Berrettini M.,Auger-Aliassime F.,9,19.0,4468,2468.0,6.0,3.0,5.0,7.0,7.0,5.0,6.0,3.0,,,3.0,1.0,Completed,1.25,4.0,1.31,3.81,1.34,4.03,1.28,3.7
ATP,2021,36,London,Wimbledon,2021-07-09,Grand Slam,Outdoor,Grass,Semifinals,5,Berrettini M.,Hurkacz H.,9,18.0,4468,2533.0,6.0,3.0,6.0,0.0,6.0,7.0,6.0,4.0,,,3.0,1.0,Completed,1.44,2.75,1.42,3.11,1.47,3.11,1.43,2.88
ATP,2021,36,London,Wimbledon,2021-07-09,Grand Slam,Outdoor,Grass,Semifinals,5,Djokovic N.,Shapovalov D.,1,12.0,12113,2915.0,7.0,6.0,7.0,5.0,7.0,5.0,,,,,3.0,0.0,Completed,1.08,8.0,1.11,8.1,1.13,8.5,1.1,7.4
ATP,2021,36,London,Wimbledon,2021-07-11,Grand Slam,Outdoor,Grass,The Final,5,Djokovic N.,Berrettini M.,1,9.0,12113,4468.0,6.0,7.0,6.0,4.0,6.0,4.0,6.0,3.0,,,3.0,1.0,Completed,1.22,4.5,1.23,4.69,1.27,5.06,1.21,4.59
ATP,2021,49,New York,US Open,2021-08-30,Grand Slam,Outdoor,Hard,1st Round,5,Lajovic D.,Paire B.,40,49.0,1565,1384.0,6.0,3.0,7.0,5.0,2.0,6.0,6.0,4.0,,,3.0,1.0,Completed,2.5,1.53,2.44,1.63,2.55,1.63,2.38,1.59
ATP,2021,49,New York,US Open,2021-08-30,Grand Slam,Outdoor,Hard,1st Round,5,Bagnis F.,Daniel T.,80,109.0,913,744.0,6.0,3.0,6.0,3.0,6.0,3.0,,,,,3.0,0.0,Completed,2.37,1.57,2.51,1.6,2.51,1.63,2.36,1.59
ATP,2021,49,New York,US Open,2021-08-30,Grand Slam,Outdoor,Hard,1st Round,5,Schwartzman D.,Berankis R.,14,96.0,2980,818.0,7.0,5.0,6.0,3.0,6.0,3.0,,,,,3.0,0.0,Completed,1.14,5.5,1.14,6.93,1.18,6.93,1.14,5.77
ATP,2021,49,New York,US Open,2021-08-30,Grand Slam,Outdoor,Hard,1st Round,5,Anderson K.,Vesely J.,77,90.0,948,865.0,7.0,6.0,4.0,6.0,3.0,6.0,7.0,6.0,7.0,6.0,3.0,2.0,Completed,1.3,3.5,1.27,4.2,1.32,4.23,1.26,3.91
ATP,2021,49,New York,US Open,2021-08-30,Grand Slam,Outdoor,Hard,1st Round,5,Evans D.,Monteiro T.,27,93.0,2074,831.0,6.0,3.0,6.0,7.0,6.0,4.0,6.0,1.0,,,3.0,1.0,Completed,1.28,3.75,1.29,3.98,1.34,3.98,1.29,3.62
ATP,2021,49,New York,US Open,2021-08-30,Grand Slam,Outdoor,Hard,1st Round,5,Zapata Miralles B.,Lopez F.,116,97.0,702,813.0,5.0,7.0,7.0,6.0,4.0,6.0,6.0,3.0,6.0,3.0,3.0,2.0,Completed,1.66,2.2,1.65,2.4,1.71,2.5,1.62,2.31
ATP,2021,49,New York,US Open,2021-08-30,Grand Slam,Outdoor,Hard,1st Round,5,Laaksonen H.,Millman J.,130,43.0,613,1480.0,7.0,6.0,7.0,6.0,6.0,1.0,,,,,3.0,0.0,Completed,2.5,1.53,2.54,1.59,2.7,1.59,2.48,1.54
ATP,2021,49,New York,US Open,2021-08-30,Grand Slam,Outdoor,Hard,1st Round,5,Gojowczyk P.,Humbert U.,141,26.0,563,2090.0,1.0,6.0,6.0,1.0,6.0,2.0,5.0,7.0,6.0,4.0,3.0,2.0,Completed,4.5,1.2,4.9,1.22,4.9,1.24,4.46,1.21
ATP,2021,49,New York,US Open,2021-08-30,Grand Slam,Outdoor,Hard,1st Round,5,Auger-Aliassime F.,Donskoy E.,15,152.0,2828,498.0,7.0,6.0,3.0,6.0,7.0,6.0,7.0,6.0,,,3.0,1.0,Completed,1.07,9.0,1.06,12.24,1.09,12.24,1.06,9.85
ATP,2021,49,New York,US Open,2021-08-30,Grand Slam,Outdoor,Hard,1st Round,5,Kohlschreiber P.,Cilic M.,115,36.0,716,1650.0,6.0,7.0,6.0,7.0,6.0,2.0,6.0,1.0,2.0,0.0,2.0,2.0,Retired,3.0,1.4,3.01,1.44,3.38,1.44,2.98,1.4
ATP,2021,49,New York,US Open,2021-08-30,Grand Slam,Outdoor,Hard,1st Round,5,Rublev A.,Karlovic I.,7,221.0,6400,309.0,6.0,3.0,7.0,6.0,6.0,3.0,,,,,3.0,0.0,Completed,1.05,11.0,1.04,15.55,1.05,18.0,1.03,13.2
ATP,2021,49,New York,US Open,2021-08-30,Grand Slam,Outdoor,Hard,1st Round,5,Martinez P.,Duckworth J.,75,68.0,950,1004.0,4.0,6.0,4.0,6.0,7.0,6.0,6.0,2.0,6.0,2.0,3.0,2.0,Completed,2.75,1.44,2.81,1.5,3.2,1.54,2.73,1.46
ATP,2021,49,New York,US Open,2021-08-30,Grand Slam,Outdoor,Hard,1st Round,5,Garin C.,Gombos N.,19,111.0,2510,740.0,6.0,3.0,4.0,6.0,6.0,4.0,7.0,6.0,,,3.0,1.0,Completed,1.3,3.5,1.38,3.35,1.4,3.66,1.33,3.3
ATP,2021,49,New York,US Open,2021-08-30,Grand Slam,Outdoor,Hard,1st Round,5,Andujar P.,Kukushkin M.,74,129.0,970,614.0,3.0,6.0,4.0,6.0,6.0,4.0,6.0,4.0,6.0,2.0,3.0,2.0,Completed,2.62,1.5,2.81,1.5,2.85,1.52,2.68,1.47
ATP,2021,49,New York,US Open,2021-08-30,Grand Slam,Outdoor,Hard,1st Round,5,Nakashima B.,Isner J.,84,22.0,893,2238.0,7.0,6.0,7.0,6.0,6.0,3.0,,,,,3.0,0.0,Completed,2.5,1.53,2.73,1.52,2.74,1.59,2.55,1.51
ATP,2021,49,New York,US Open,2021-08-30,Grand Slam,Outdoor,Hard,1st Round,5,Giron M.,Hoang A.,64,150.0,1037,505.0,6.0,3.0,6.0,4.0,7.0,5.0,,,,,3.0,0.0,Completed,1.22,4.33,1.23,4.79,1.25,4.9,1.21,4.37
ATP,2021,49,New York,US Open,2021-08-30,Grand Slam,Outdoor,Hard,1st Round,5,Mannarino A.,Herbert P.H.,44,104.0,1469,773.0,3.0,6.0,4.0,6.0,6.0,4.0,6.0,3.0,6.0,3.0,3.0,2.0,Completed,2.75,1.44,3.18,1.41,3.4,1.46,3.06,1.38
ATP,2021,49,New York,US Open,2021-08-30,Grand Slam,Outdoor,Hard,1st Round,5,Tsitsipas S.,Murray A.,3,112.0,8350,740.0,2.0,6.0,7.0,6.0,3.0,6.0,6.0,3.0,6.0,4.0,3.0,2.0,Completed,1.07,9.0,1.05,13.49,1.1,13.49,1.06,9.79
ATP,2021,49,New York,US Open,2021-08-30,Grand Slam,Outdoor,Hard,1st Round,5,Ruud C.,Sugita Y.,11,131.0,3455,612.0,6.0,3.0,6.0,2.0,6.0,2.0,,,,,3.0,0.0,Completed,1.06,10.0,1.05,13.83,1.06,14.99,1.05,11.41
ATP,2021,49,New York,US Open,2021-08-30,Grand Slam,Outdoor,Hard,1st Round,5,Dimitrov G.,Riffice S.,18,542.0,2511,63.0,6.0,1.0,7.0,6.0,6.0,3.0,,,,,3.0,0.0,Completed,1.05,11.0,1.05,14.35,1.07,20.0,1.04,12.33
ATP,2021,49,New York,US Open,2021-08-30,Grand Slam,Outdoor,Hard,1st Round,5,Trungelliti M.,Davidovich Fokina A.,198,32.0,361,1723.0,5.0,7.0,6.0,3.0,7.0,5.0,6.0,7.0,6.0,4.0,3.0,2.0,Completed,5.5,1.14,7.04,1.13,7.04,1.17,6.16,1.13
ATP,2021,49,New York,US Open,2021-08-30,Grand Slam,Outdoor,Hard,1st Round,5,Molcan A.,Ilkel C.,138,188.0,579,381.0,4.0,6.0,6.0,3.0,6.0,1.0,6.0,1.0,,,3.0,1.0,Completed,1.3,3.5,1.38,3.35,1.42,3.5,1.35,3.22
ATP,2021,49,New York,US Open,2021-08-30,Grand Slam,Outdoor,Hard,1st Round,5,Van De Zandschulp B.,Taberner C.,117,105.0,698,758.0,2.0,6.0,3.0,6.0,6.0,4.0,7.0,5.0,6.0,3.0,3.0,2.0,Completed,1.36,3.2,1.32,3.77,1.37,3.77,1.33,3.31
ATP,2021,49,New York,US Open,2021-08-30,Grand Slam,Outdoor,Hard,1st Round,5,Ruusuvuori E.,Majchrzak K.,66,114.0,1018,719.0,6.0,4.0,6.0,2.0,3.0,6.0,6.0,1.0,,,3.0,1.0,Completed,1.44,2.75,1.49,2.84,1.49,3.16,1.41,2.91
ATP,2021,49,New York,US Open,2021-08-30,Grand Slam,Outdoor,Hard,1st Round,5,Rinderknech A.,Kecmanovic M.,83,63.0,907,1050.0,6.0,7.0,3.0,6.0,7.0,5.0,6.0,3.0,6.0,4.0,3.0,2.0,Completed,2.0,1.8,2.11,1.82,2.21,1.82,2.07,1.76
ATP,2021,49,New York,US Open,2021-08-30,Grand Slam,Outdoor,Hard,1st Round,5,Popyrin A.,Albot R.,73,108.0,970,744.0,6.0,3.0,6.0,7.0,6.0,3.0,6.0,3.0,,,3.0,1.0,Completed,1.22,4.33,1.25,4.51,1.28,4.73,1.23,4.25
ATP,2021,49,New York,US Open,2021-08-30,Grand Slam,Outdoor,Hard,1st Round,5,Koepfer D.,Halys Q.,57,183.0,1175,394.0,6.0,4.0,3.0,6.0,4.0,6.0,6.0,3.0,6.0,4.0,3.0,2.0,Completed,1.4,3.0,1.44,3.03,1.47,3.05,1.41,2.92
ATP,2021,49,New York,US Open,2021-08-30,Grand Slam,Outdoor,Hard,1st Round,5,Alcaraz C.,Norrie C.,55,29.0,1209,1975.0,6.0,4.0,6.0,4.0,6.0,3.0,,,,,3.0,0.0,Completed,2.75,1.44,2.88,1.48,2.9,1.54,2.74,1.46
ATP,2021,49,New York,US Open,2021-08-31,Grand Slam,Outdoor,Hard,1st Round,5,Tiafoe F.,Eubanks C.,50,214.0,1312,325.0,7.0,6.0,5.0,7.0,6.0,3.0,6.0,4.0,,,3.0,1.0,Completed,1.2,4.5,1.2,5.2,1.22,5.25,1.19,4.71
ATP,2021,49,New York,US Open,2021-08-31,Grand Slam,Outdoor,Hard,1st Round,5,Pella G.,Krajinovic F.,85,38.0,879,1589.0,6.0,7.0,6.0,3.0,6.0,2.0,6.0,2.0,,,3.0,1.0,Completed,3.5,1.3,3.64,1.33,3.65,1.38,3.46,1.31
ATP,2021,49,New York,US Open,2021-08-31,Grand Slam,Outdoor,Hard,1st Round,5,Bautista Agut R.,Kyrgios N.,21,86.0,2405,878.0,6.0,3.0,6.0,4.0,6.0,0.0,,,,,3.0,0.0,Completed,1.57,2.37,1.56,2.6,1.72,2.6,1.56,2.43
ATP,2021,49,New York,US Open,2021-08-31,Grand Slam,Outdoor,Hard,1st Round,5,Medvedev D.,Gasquet R.,2,79.0,9980,918.0,6.0,4.0,6.0,3.0,6.0,1.0,,,,,3.0,0.0,Completed,1.04,13.0,1.02,21.39,1.04,22.0,1.02,15.82
ATP,2021,49,New York,US Open,2021-08-31,Grand Slam,Outdoor,Hard,1st Round,5,Opelka R.,Kwon S.W.,24,76.0,2206,949.0,7.0,6.0,6.0,4.0,6.0,4.0,,,,,3.0,0.0,Completed,1.3,3.5,1.32,3.75,1.33,3.77,1.3,3.53
ATP,2021,49,New York,US Open,2021-08-31,Grand Slam,Outdoor,Hard,1st Round,5,Musetti L.,Nava E.,60,385.0,1081,115.0,6.0,7.0,6.0,4.0,6.0,1.0,6.0,3.0,,,3.0,1.0,Completed,1.4,3.0,1.46,2.94,1.46,3.02,1.42,2.88
ATP,2021,49,New York,US Open,2021-08-31,Grand Slam,Outdoor,Hard,1st Round,5,Mcdonald M.,Goffin D.,61,30.0,1070,1933.0,6.0,2.0,7.0,5.0,6.0,3.0,,,,,3.0,0.0,Completed,1.4,3.0,1.39,3.29,1.44,3.29,1.37,3.08
ATP,2021,49,New York,US Open,2021-08-31,Grand Slam,Outdoor,Hard,1st Round,5,Karatsev A.,Munar J.,25,65.0,2109,1022.0,7.0,5.0,1.0,6.0,6.0,3.0,6.0,2.0,,,3.0,1.0,Completed,1.25,4.0,1.33,3.64,1.33,4.59,1.27,3.77
ATP,2021,49,New York,US Open,2021-08-31,Grand Slam,Outdoor,Hard,1st Round,5,Kudla D.,Djere L.,92,51.0,833,1307.0,4.0,6.0,6.0,3.0,7.0,5.0,7.0,6.0,,,3.0,1.0,Completed,1.53,2.5,1.57,2.58,1.57,2.68,1.52,2.52
ATP,2021,49,New York,US Open,2021-08-31,Grand Slam,Outdoor,Hard,1st Round,5,Ramos-Vinolas A.,Pouille L.,48,133.0,1400,605.0,6.0,1.0,5.0,7.0,5.0,7.0,7.0,5.0,6.0,4.0,3.0,2.0,Completed,1.61,2.3,1.83,2.1,1.83,2.33,1.67,2.22
ATP,2021,49,New York,US Open,2021-08-31,Grand Slam,Outdoor,Hard,1st Round,5,Harris L.,Khachanov K.,46,28.0,1443,2010.0,6.0,4.0,1.0,6.0,4.0,6.0,6.0,3.0,6.0,2.0,3.0,2.0,Completed,2.75,1.44,2.6,1.56,3.0,1.56,2.68,1.48
ATP,2021,49,New York,US Open,2021-08-31,Grand Slam,Outdoor,Hard,1st Round,5,Nishikori K.,Caruso S.,56,113.0,1208,735.0,6.0,1.0,6.0,1.0,5.0,7.0,6.0,3.0,,,3.0,1.0,Completed,1.11,6.5,1.11,7.99,1.14,7.99,1.1,6.91
ATP,2021,49,New York,US Open,2021-08-31,Grand Slam,Outdoor,Hard,1st Round,5,Escobedo E.,Cuevas P.,178,101.0,410,807.0,6.0,1.0,6.0,3.0,6.0,1.0,,,,,3.0,0.0,Completed,1.57,2.37,1.58,2.55,1.6,2.66,1.53,2.51
ATP,2021,49,New York,US Open,2021-08-31,Grand Slam,Outdoor,Hard,1st Round,5,Zverev A.,Querrey S.,4,78.0,8240,943.0,6.0,4.0,7.0,5.0,6.0,2.0,,,,,3.0,0.0,Completed,1.04,13.0,1.04,15.29,1.06,15.29,1.04,11.71
ATP,2021,49,New York,US Open,2021-08-31,Grand Slam,Outdoor,Hard,1st Round,5,Hurkacz H.,Gerasimov E.,13,82.0,3128,910.0,6.0,3.0,6.0,4.0,6.0,3.0,,,,,3.0,0.0,Completed,1.12,6.0,1.14,6.84,1.16,7.0,1.13,6.15
ATP,2021,49,New York,US Open,2021-08-31,Grand Slam,Outdoor,Hard,1st Round,5,Bublik A.,Hanfmann Y.,37,134.0,1633,594.0,6.0,0.0,4.0,6.0,6.0,2.0,6.0,1.0,,,3.0,1.0,Completed,1.16,5.0,1.16,6.16,1.21,6.2,1.17,5.17
ATP,2021,49,New York,US Open,2021-08-31,Grand Slam,Outdoor,Hard,1st Round,5,Seppi A.,Fucsovics M.,89,41.0,873,1549.0,2.0,6.0,7.0,5.0,6.0,4.0,2.0,6.0,7.0,6.0,3.0,2.0,Completed,5.0,1.16,5.84,1.17,6.0,1.2,5.28,1.16
ATP,2021,49,New York,US Open,2021-08-31,Grand Slam,Outdoor,Hard,1st Round,5,Otte O.,Sonego L.,144,23.0,543,2227.0,6.0,7.0,7.0,5.0,7.0,6.0,7.0,6.0,,,3.0,1.0,Completed,3.4,1.33,3.64,1.33,3.65,1.35,3.43,1.31
ATP,2021,49,New York,US Open,2021-08-31,Grand Slam,Outdoor,Hard,1st Round,5,Berrettini M.,Chardy J.,8,70.0,5533,994.0,7.0,6.0,7.0,6.0,6.0,3.0,,,,,3.0,0.0,Completed,1.1,7.0,1.12,7.69,1.13,7.69,1.1,6.99
ATP,2021,49,New York,US Open,2021-08-31,Grand Slam,Outdoor,Hard,1st Round,5,Cressy M.,Carreno Busta P.,151,12.0,504,3325.0,5.0,7.0,4.0,6.0,6.0,1.0,6.0,4.0,7.0,6.0,3.0,2.0,Completed,7.0,1.1,8.19,1.11,8.25,1.14,7.24,1.09
ATP,2021,49,New York,US Open,2021-08-31,Grand Slam,Outdoor,Hard,1st Round,5,Sinner J.,Purcell M.,16,191.0,2750,375.0,6.0,4.0,6.0,2.0,4.0,6.0,6.0,2.0,,,3.0,1.0,Completed,1.08,8.0,1.08,9.99,1.11,10.0,1.07,8.62
ATP,2021,49,New York,US Open,2021-08-31,Grand Slam,Outdoor,Hard,1st Round,5,Shapovalov D.,Delbonis F.,10,47.0,3580,1407.0,6.0,2.0,6.0,2.0,6.0,3.0,,,,,3.0,0.0,Completed,1.1,7.0,1.07,10.7,1.11,10.7,1.08,7.94
ATP,2021,49,New York,US Open,2021-08-31,Grand Slam,Outdoor,Hard,1st Round,5,Basilashvili N.,Korda S.,39,45.0,1578,1459.0,6.0,2.0,2.0,1.0,,,,,,,1.0,0.0,Retired,3.0,1.4,2.91,1.47,3.21,1.47,2.9,1.41
ATP,2021,49,New York,US Open,2021-08-31,Grand Slam,Outdoor,Hard,1st Round,5,Thompson J.,Mager G.,59,71.0,1090,990.0,4.0,6.0,6.0,3.0,7.0,5.0,2.0,6.0,7.0,6.0,3.0,2.0,Completed,1.33,3.4,1.33,3.64,1.38,3.64,1.34,3.28
ATP,2021,49,New York,US Open,2021-08-31,Grand Slam,Outdoor,Hard,1st Round,5,Carballes Baena R.,Paul T.,95,54.0,819,1243.0,7.0,6.0,6.0,2.0,1.0,6.0,6.0,3.0,,,3.0,1.0,Completed,5.0,1.16,6.9,1.14,6.9,1.18,5.77,1.14
ATP,2021,49,New York,US Open,2021-08-31,Grand Slam,Outdoor,Hard,1st Round,5,Moutet C.,Travaglia S.,88,100.0,873,811.0,6.0,4.0,7.0,5.0,7.0,6.0,,,,,3.0,0.0,Completed,1.61,2.3,1.68,2.33,1.68,2.45,1.6,2.34
ATP,2021,49,New York,US Open,2021-08-31,Grand Slam,Outdoor,Hard,1st Round,5,Monfils G.,Coria F.,20,62.0,2503,1054.0,6.0,3.0,6.0,2.0,6.0,2.0,,,,,3.0,0.0,Completed,1.12,6.0,1.11,7.87,1.14,7.87,1.11,6.62
ATP,2021,49,New York,US Open,2021-08-31,Grand Slam,Outdoor,Hard,1st Round,5,Griekspoor T.,Struff J.L.,121,52.0,675,1275.0,2.0,6.0,7.0,6.0,4.0,6.0,6.0,4.0,7.0,5.0,3.0,2.0,Completed,3.5,1.3,3.49,1.35,3.84,1.35,3.52,1.3
ATP,2021,49,New York,US Open,2021-08-31,Grand Slam,Outdoor,Hard,1st Round,5,Sock J.,Nishioka Y.,184,69.0,393,1000.0,6.0,7.0,6.0,2.0,6.0,4.0,6.0,2.0,,,3.0,1.0,Completed,2.0,1.8,2.17,1.78,2.24,1.82,2.09,1.75
ATP,2021,49,New York,US Open,2021-08-31,Grand Slam,Outdoor,Hard,1st Round,5,Johnson S.,Marterer M.,87,212.0,876,329.0,5.0,7.0,7.0,6.0,7.0,6.0,6.0,3.0,,,3.0,1.0,Completed,1.5,2.62,1.56,2.6,1.62,2.8,1.5,2.59
ATP,2021,49,New York,US Open,2021-08-31,Grand Slam,Outdoor,Hard,1st Round,5,Ivashka I.,Sandgren T.,53,91.0,1250,833.0,7.0,6.0,6.0,3.0,6.0,4.0,,,,,3.0,0.0,Completed,1.25,4.0,1.21,5.0,1.25,5.08,1.2,4.53
ATP,2021,49,New York,US Open,2021-08-31,Grand Slam,Outdoor,Hard,1st Round,5,Pospisil V.,Fognini F.,58,31.0,1125,1734.0,2.0,6.0,3.0,6.0,6.0,1.0,6.0,3.0,7.0,6.0,3.0,2.0,Completed,2.37,1.57,2.68,1.53,2.75,1.57,2.59,1.5
ATP,2021,49,New York,US Open,2021-08-31,Grand Slam,Outdoor,Hard,1st Round,5,Svajda Z.,Cecchinato M.,716,81.0,32,911.0,7.0,6.0,5.0,7.0,6.0,4.0,6.0,4.0,,,3.0,1.0,Completed,2.75,1.44,2.93,1.46,3.11,1.47,2.85,1.43
ATP,2021,49,New York,US Open,2021-08-31,Grand Slam,Outdoor,Hard,1st Round,5,Brooksby J.,Ymer M.,99,72.0,812,981.0,7.0,5.0,6.0,2.0,5.0,7.0,6.0,3.0,,,3.0,1.0,Completed,1.4,3.0,1.4,3.24,1.42,3.3,1.37,3.11
ATP,2021,49,New York,US Open,2021-09-01,Grand Slam,Outdoor,Hard,1st Round,5,Djokovic N.,Rune H.,1,145.0,11113,541.0,6.0,1.0,6.0,7.0,6.0,2.0,6.0,1.0,,,3.0,1.0,Completed,1.01,23.0,1.01,25.75,1.03,34.0,1.01,19.24
ATP,2021,49,New York,US Open,2021-09-01,Grand Slam,Outdoor,Hard,1st Round,5,Fritz T.,De Minaur A.,42,17.0,1540,2555.0,7.0,6.0,6.0,2.0,1.0,6.0,6.0,4.0,,,3.0,1.0,Completed,2.37,1.57,2.19,1.76,2.44,1.76,2.27,1.64
ATP,2021,49,New York,US Open,2021-09-01,Grand Slam,Outdoor,Hard,2nd Round,5,Rublev A.,Martinez P.,7,75.0,6400,950.0,7.0,6.0,6.0,7.0,6.0,1.0,6.0,1.0,,,3.0,1.0,Completed,1.04,13.0,1.03,17.21,1.05,18.0,1.03,13.53
ATP,2021,49,New York,US Open,2021-09-01,Grand Slam,Outdoor,Hard,2nd Round,5,Popyrin A.,Dimitrov G.,73,18.0,970,2511.0,7.0,6.0,7.0,6.0,4.0,0.0,,,,,2.0,0.0,Retired,2.62,1.5,2.75,1.51,2.8,1.54,2.67,1.48
ATP,2021,49,New York,US Open,2021-09-01,Grand Slam,Outdoor,Hard,2nd Round,5,Alcaraz C.,Rinderknech A.,55,83.0,1209,907.0,7.0,6.0,4.0,6.0,6.0,1.0,6.0,4.0,,,3.0,1.0,Completed,1.33,3.4,1.35,3.5,1.38,3.66,1.33,3.33
ATP,2021,49,New York,US Open,2021-09-01,Grand Slam,Outdoor,Hard,2nd Round,5,Molcan A.,Nakashima B.,138,84.0,579,893.0,6.0,3.0,3.0,6.0,1.0,6.0,6.0,2.0,6.0,4.0,3.0,2.0,Completed,3.5,1.3,3.55,1.35,4.03,1.36,3.58,1.29
ATP,2021,49,New York,US Open,2021-09-01,Grand Slam,Outdoor,Hard,2nd Round,5,Evans D.,Giron M.,27,64.0,2074,1037.0,6.0,4.0,7.0,6.0,2.0,6.0,6.0,3.0,,,3.0,1.0,Completed,1.8,2.0,1.76,2.19,1.85,2.19,1.76,2.08
ATP,2021,49,New York,US Open,2021-09-01,Grand Slam,Outdoor,Hard,2nd Round,5,Van De Zandschulp B.,Ruud C.,117,11.0,698,3455.0,3.0,6.0,6.0,4.0,6.0,3.0,6.0,4.0,,,3.0,1.0,Completed,8.0,1.08,7.85,1.11,8.9,1.11,7.5,1.09
ATP,2021,49,New York,US Open,2021-09-01,Grand Slam,Outdoor,Hard,2nd Round,5,Gojowczyk P.,Lajovic D.,141,40.0,563,1565.0,2.0,6.0,6.0,4.0,2.0,6.0,7.0,5.0,6.0,4.0,3.0,2.0,Completed,2.2,1.66,2.13,1.8,2.25,1.81,2.12,1.73
ATP,2021,49,New York,US Open,2021-09-01,Grand Slam,Outdoor,Hard,2nd Round,5,Laaksonen H.,Garin C.,130,19.0,613,2510.0,3.0,6.0,7.0,6.0,6.0,2.0,6.0,4.0,,,3.0,1.0,Completed,2.37,1.57,2.4,1.65,2.66,1.65,2.38,1.58
ATP,2021,49,New York,US Open,2021-09-01,Grand Slam,Outdoor,Hard,2nd Round,5,Andujar P.,Kohlschreiber P.,74,115.0,970,716.0,6.0,4.0,6.0,3.0,6.0,1.0,,,,,3.0,0.0,Completed,3.5,1.3,3.34,1.38,3.65,1.39,3.33,1.33
ATP,2021,49,New York,US Open,2021-09-01,Grand Slam,Outdoor,Hard,2nd Round,5,Bagnis F.,Trungelliti M.,80,198.0,913,361.0,7.0,6.0,4.0,6.0,6.0,3.0,6.0,3.0,,,3.0,1.0,Completed,1.72,2.1,1.79,2.15,1.82,2.15,1.76,2.08
ATP,2021,49,New York,US Open,2021-09-01,Grand Slam,Outdoor,Hard,2nd Round,5,Medvedev D.,Koepfer D.,2,57.0,9980,1175.0,6.0,4.0,6.0,1.0,6.0,2.0,,,,,3.0,0.0,Completed,1.02,17.0,1.02,23.25,1.03,25.0,1.02,17.96
ATP,2021,49,New York,US Open,2021-09-01,Grand Slam,Outdoor,Hard,2nd Round,5,Auger-Aliassime F.,Zapata Miralles B.,15,116.0,2828,702.0,7.0,6.0,6.0,3.0,6.0,2.0,,,,,3.0,0.0,Completed,1.11,6.5,1.12,7.48,1.14,7.5,1.11,6.69
ATP,2021,49,New York,US Open,2021-09-01,Grand Slam,Outdoor,Hard,2nd Round,5,Bautista Agut R.,Ruusuvuori E.,21,66.0,2405,1018.0,6.0,1.0,6.0,3.0,6.0,2.0,,,,,3.0,0.0,Completed,1.5,2.62,1.52,2.71,1.52,2.85,1.47,2.7
ATP,2021,49,New York,US Open,2021-09-01,Grand Slam,Outdoor,Hard,2nd Round,5,Tiafoe F.,Pella G.,50,85.0,1312,879.0,6.0,1.0,6.0,2.0,7.0,5.0,,,,,3.0,0.0,Completed,1.36,3.2,1.36,3.47,1.42,3.6,1.35,3.22
ATP,2021,49,New York,US Open,2021-09-02,Grand Slam,Outdoor,Hard,2nd Round,5,Schwartzman D.,Anderson K.,14,77.0,2980,948.0,7.0,6.0,6.0,3.0,6.0,4.0,,,,,3.0,0.0,Completed,1.44,2.75,1.5,2.79,1.53,2.85,1.47,2.69
ATP,2021,49,New York,US Open,2021-09-02,Grand Slam,Outdoor,Hard,2nd Round,5,Tsitsipas S.,Mannarino A.,3,44.0,8350,1469.0,6.0,3.0,6.0,4.0,6.0,7.0,6.0,0.0,,,3.0,1.0,Completed,1.05,11.0,1.03,17.57,1.05,18.07,1.03,13.15
ATP,2021,49,New York,US Open,2021-09-02,Grand Slam,Outdoor,Hard,2nd Round,5,Opelka R.,Musetti L.,24,60.0,2206,1081.0,7.0,6.0,7.0,5.0,6.0,4.0,,,,,3.0,0.0,Completed,1.22,4.33,1.24,4.61,1.29,4.61,1.25,4.01
ATP,2021,49,New York,US Open,2021-09-02,Grand Slam,Outdoor,Hard,2nd Round,5,Karatsev A.,Thompson J.,25,59.0,2109,1090.0,3.0,6.0,3.0,6.0,7.0,5.0,7.0,6.0,6.0,1.0,3.0,2.0,Completed,1.4,3.0,1.5,2.8,1.5,3.25,1.41,2.9
ATP,2021,49,New York,US Open,2021-09-02,Grand Slam,Outdoor,Hard,2nd Round,5,Basilashvili N.,Cressy M.,39,151.0,1578,504.0,7.0,6.0,6.0,3.0,7.0,5.0,,,,,3.0,0.0,Completed,1.44,2.75,1.51,2.75,1.51,2.89,1.47,2.71
ATP,2021,49,New York,US Open,2021-09-02,Grand Slam,Outdoor,Hard,2nd Round,5,Berrettini M.,Moutet C.,8,88.0,5533,873.0,7.0,6.0,4.0,6.0,6.0,4.0,6.0,3.0,,,3.0,1.0,Completed,1.12,6.0,1.16,6.26,1.16,7.0,1.13,6.0
ATP,2021,49,New York,US Open,2021-09-02,Grand Slam,Outdoor,Hard,2nd Round,5,Ivashka I.,Pospisil V.,53,58.0,1250,1125.0,6.0,3.0,6.0,4.0,7.0,6.0,,,,,3.0,0.0,Completed,1.22,4.33,1.24,4.54,1.31,4.65,1.26,3.94
ATP,2021,49,New York,US Open,2021-09-02,Grand Slam,Outdoor,Hard,2nd Round,5,Zverev A.,Ramos-Vinolas A.,4,48.0,8240,1400.0,6.0,1.0,6.0,0.0,6.0,3.0,,,,,3.0,0.0,Completed,1.02,17.0,1.01,25.53,1.03,25.53,1.01,17.32
ATP,2021,49,New York,US Open,2021-09-02,Grand Slam,Outdoor,Hard,2nd Round,5,Seppi A.,Hurkacz H.,89,13.0,873,3128.0,2.0,6.0,6.0,4.0,6.0,4.0,7.0,6.0,,,3.0,1.0,Completed,6.5,1.11,8.89,1.1,9.9,1.12,7.57,1.09
ATP,2021,49,New York,US Open,2021-09-02,Grand Slam,Outdoor,Hard,2nd Round,5,Otte O.,Kudla D.,144,92.0,543,833.0,6.0,4.0,6.0,4.0,6.0,2.0,,,,,3.0,0.0,Completed,2.37,1.57,2.53,1.59,2.54,1.65,2.4,1.57
ATP,2021,49,New York,US Open,2021-09-02,Grand Slam,Outdoor,Hard,2nd Round,5,Monfils G.,Johnson S.,20,87.0,2503,876.0,7.0,5.0,4.0,6.0,6.0,4.0,6.0,4.0,,,3.0,1.0,Completed,1.36,3.2,1.46,2.96,1.46,3.41,1.37,3.1
ATP,2021,49,New York,US Open,2021-09-02,Grand Slam,Outdoor,Hard,2nd Round,5,Harris L.,Escobedo E.,46,178.0,1443,410.0,6.0,4.0,6.0,4.0,6.0,2.0,,,,,3.0,0.0,Completed,1.25,4.0,1.28,4.14,1.3,4.25,1.25,3.91
ATP,2021,49,New York,US Open,2021-09-02,Grand Slam,Outdoor,Hard,2nd Round,5,Nishikori K.,Mcdonald M.,56,61.0,1208,1070.0,7.0,6.0,6.0,3.0,6.0,7.0,2.0,6.0,6.0,3.0,3.0,2.0,Completed,1.57,2.37,1.59,2.53,1.63,2.55,1.57,2.4
ATP,2021,49,New York,US Open,2021-09-02,Grand Slam,Outdoor,Hard,2nd Round,5,Sinner J.,Svajda Z.,16,716.0,2750,32.0,6.0,3.0,7.0,6.0,6.0,7.0,6.0,4.0,,,3.0,1.0,Completed,1.05,11.0,1.06,12.92,1.06,16.0,1.05,11.29
ATP,2021,49,New York,US Open,2021-09-02,Grand Slam,Outdoor,Hard,2nd Round,5,Sock J.,Bublik A.,184,37.0,393,1633.0,7.0,6.0,6.0,7.0,6.0,4.0,4.0,6.0,6.0,3.0,3.0,2.0,Completed,2.1,1.72,2.23,1.74,2.65,1.79,2.15,1.71
ATP,2021,49,New York,US Open,2021-09-02,Grand Slam,Outdoor,Hard,2nd Round,5,Brooksby J.,Fritz T.,99,42.0,812,1540.0,6.0,7.0,7.0,6.0,7.0,5.0,6.0,2.0,,,3.0,1.0,Completed,1.9,1.9,1.86,2.05,2.0,2.05,1.88,1.93
ATP,2021,49,New York,US Open,2021-09-03,Grand Slam,Outdoor,Hard,2nd Round,5,Djokovic N.,Griekspoor T.,1,121.0,11113,675.0,6.0,2.0,6.0,3.0,6.0,2.0,,,,,3.0,0.0,Completed,1.01,26.0,1.01,32.35,1.02,34.0,1.01,21.07
ATP,2021,49,New York,US Open,2021-09-03,Grand Slam,Outdoor,Hard,2nd Round,5,Shapovalov D.,Carballes Baena R.,10,95.0,3580,819.0,7.0,6.0,6.0,3.0,6.0,0.0,,,,,3.0,0.0,Completed,1.08,8.0,1.07,10.79,1.09,11.9,1.06,9.16
ATP,2021,49,New York,US Open,2021-09-03,Grand Slam,Outdoor,Hard,3rd Round,5,Gojowczyk P.,Laaksonen H.,141,130.0,563,613.0,3.0,6.0,6.0,3.0,6.0,1.0,6.0,4.0,,,3.0,1.0,Completed,2.3,1.61,2.26,1.72,2.33,1.79,2.21,1.68
ATP,2021,49,New York,US Open,2021-09-03,Grand Slam,Outdoor,Hard,3rd Round,5,Evans D.,Popyrin A.,27,73.0,2074,970.0,4.0,6.0,3.0,6.0,6.0,3.0,6.0,4.0,7.0,6.0,3.0,2.0,Completed,1.72,2.1,1.79,2.14,1.82,2.2,1.74,2.1
ATP,2021,49,New York,US Open,2021-09-03,Grand Slam,Outdoor,Hard,3rd Round,5,Medvedev D.,Andujar P.,2,74.0,9980,970.0,6.0,0.0,6.0,4.0,6.0,3.0,,,,,3.0,0.0,Completed,1.01,23.0,1.01,26.17,1.02,34.0,1.01,20.07
ATP,2021,49,New York,US Open,2021-09-03,Grand Slam,Outdoor,Hard,3rd Round,5,Alcaraz C.,Tsitsipas S.,55,3.0,1209,8350.0,6.0,3.0,4.0,6.0,7.0,6.0,0.0,6.0,7.0,6.0,3.0,2.0,Completed,4.5,1.2,5.23,1.2,5.25,1.23,4.63,1.2
ATP,2021,49,New York,US Open,2021-09-03,Grand Slam,Outdoor,Hard,3rd Round,5,Schwartzman D.,Molcan A.,14,138.0,2980,579.0,6.0,4.0,6.0,3.0,6.0,3.0,,,,,3.0,0.0,Completed,1.2,4.5,1.2,5.22,1.22,5.3,1.19,4.84
ATP,2021,49,New York,US Open,2021-09-03,Grand Slam,Outdoor,Hard,3rd Round,5,Van De Zandschulp B.,Bagnis F.,117,80.0,698,913.0,3.0,6.0,6.0,0.0,6.0,2.0,6.0,2.0,,,3.0,1.0,Completed,1.36,3.2,1.43,3.08,1.44,3.32,1.38,3.06
ATP,2021,49,New York,US Open,2021-09-04,Grand Slam,Outdoor,Hard,3rd Round,5,Auger-Aliassime F.,Bautista Agut R.,15,21.0,2828,2405.0,6.0,3.0,6.0,4.0,4.0,6.0,3.0,6.0,6.0,3.0,3.0,2.0,Completed,2.0,1.8,2.04,1.87,2.08,1.91,1.99,1.83
ATP,2021,49,New York,US Open,2021-09-04,Grand Slam,Outdoor,Hard,3rd Round,5,Tiafoe F.,Rublev A.,50,7.0,1312,6400.0,4.0,6.0,6.0,3.0,7.0,6.0,4.0,6.0,6.0,1.0,3.0,2.0,Completed,4.0,1.25,3.51,1.35,4.11,1.35,3.72,1.28
ATP,2021,49,New York,US Open,2021-09-04,Grand Slam,Outdoor,Hard,3rd Round,5,Berrettini M.,Ivashka I.,8,53.0,5533,1250.0,6.0,7.0,6.0,2.0,6.0,4.0,2.0,6.0,6.0,3.0,3.0,2.0,Completed,1.44,2.75,1.5,2.8,1.53,2.85,1.48,2.68
ATP,2021,49,New York,US Open,2021-09-04,Grand Slam,Outdoor,Hard,3rd Round,5,Otte O.,Seppi A.,144,89.0,543,873.0,6.0,3.0,6.0,4.0,2.0,6.0,7.0,5.0,,,3.0,1.0,Completed,1.72,2.1,1.74,2.23,1.87,2.23,1.72,2.15
ATP,2021,49,New York,US Open,2021-09-04,Grand Slam,Outdoor,Hard,3rd Round,5,Djokovic N.,Nishikori K.,1,56.0,11113,1208.0,6.0,7.0,6.0,3.0,6.0,3.0,6.0,2.0,,,3.0,1.0,Completed,1.03,15.0,1.02,20.99,1.06,21.0,1.03,14.08
ATP,2021,49,New York,US Open,2021-09-04,Grand Slam,Outdoor,Hard,3rd Round,5,Sinner J.,Monfils G.,16,20.0,2750,2503.0,7.0,6.0,6.0,2.0,4.0,6.0,4.0,6.0,6.0,4.0,3.0,2.0,Completed,1.57,2.37,1.65,2.4,1.65,2.46,1.6,2.36
ATP,2021,49,New York,US Open,2021-09-04,Grand Slam,Outdoor,Hard,3rd Round,5,Brooksby J.,Karatsev A.,99,25.0,812,2109.0,6.0,2.0,3.0,6.0,2.0,6.0,6.0,3.0,6.0,3.0,3.0,2.0,Completed,1.72,2.1,1.78,2.17,1.78,2.25,1.73,2.13
ATP,2021,49,New York,US Open,2021-09-05,Grand Slam,Outdoor,Hard,3rd Round,5,Harris L.,Shapovalov D.,46,10.0,1443,3580.0,6.0,4.0,6.0,4.0,6.0,4.0,,,,,3.0,0.0,Completed,2.5,1.53,2.63,1.55,2.63,1.59,2.48,1.55
ATP,2021,49,New York,US Open,2021-09-05,Grand Slam,Outdoor,Hard,3rd Round,5,Opelka R.,Basilashvili N.,24,39.0,2206,1578.0,7.0,6.0,6.0,3.0,6.0,4.0,,,,,3.0,0.0,Completed,1.53,2.5,1.54,2.66,1.6,2.78,1.53,2.52
ATP,2021,49,New York,US Open,2021-09-05,Grand Slam,Outdoor,Hard,3rd Round,5,Zverev A.,Sock J.,4,184.0,8240,393.0,3.0,6.0,6.0,2.0,6.0,3.0,2.0,1.0,,,2.0,1.0,Retired,1.03,15.0,1.04,15.57,1.05,17.0,1.03,13.02
ATP,2021,49,New York,US Open,2021-09-05,Grand Slam,Outdoor,Hard,4th Round,5,Van De Zandschulp B.,Schwartzman D.,117,14.0,698,2980.0,6.0,3.0,6.0,4.0,5.0,7.0,5.0,7.0,6.0,1.0,3.0,2.0,Completed,4.0,1.25,4.69,1.23,4.69,1.31,4.25,1.23
ATP,2021,49,New York,US Open,2021-09-05,Grand Slam,Outdoor,Hard,4th Round,5,Medvedev D.,Evans D.,2,27.0,9980,2074.0,6.0,3.0,6.0,4.0,6.0,3.0,,,,,3.0,0.0,Completed,1.03,15.0,1.03,17.6,1.05,19.0,1.03,13.21
ATP,2021,49,New York,US Open,2021-09-05,Grand Slam,Outdoor,Hard,4th Round,5,Alcaraz C.,Gojowczyk P.,55,141.0,1209,563.0,5.0,7.0,6.0,1.0,5.0,7.0,6.0,2.0,6.0,0.0,3.0,2.0,Completed,1.22,4.33,1.28,4.16,1.28,4.5,1.23,4.19
ATP,2021,49,New York,US Open,2021-09-06,Grand Slam,Outdoor,Hard,4th Round,5,Auger-Aliassime F.,Tiafoe F.,15,50.0,2828,1312.0,4.0,6.0,6.0,2.0,7.0,6.0,6.0,4.0,,,3.0,1.0,Completed,1.57,2.37,1.61,2.49,1.64,2.62,1.55,2.47
ATP,2021,49,New York,US Open,2021-09-06,Grand Slam,Outdoor,Hard,4th Round,5,Zverev A.,Sinner J.,4,16.0,8240,2750.0,6.0,4.0,6.0,4.0,7.0,6.0,,,,,3.0,0.0,Completed,1.16,5.0,1.19,5.37,1.21,5.7,1.18,4.95
ATP,2021,49,New York,US Open,2021-09-06,Grand Slam,Outdoor,Hard,4th Round,5,Harris L.,Opelka R.,46,24.0,1443,2206.0,6.0,7.0,6.0,4.0,6.0,1.0,6.0,3.0,,,3.0,1.0,Completed,1.8,2.0,1.77,2.18,1.93,2.18,1.8,2.04
ATP,2021,49,New York,US Open,2021-09-06,Grand Slam,Outdoor,Hard,4th Round,5,Berrettini M.,Otte O.,8,144.0,5533,543.0,6.0,4.0,3.0,6.0,6.0,3.0,6.0,2.0,,,3.0,1.0,Completed,1.11,6.5,1.13,7.17,1.13,7.8,1.11,6.64
ATP,2021,49,New York,US Open,2021-09-07,Grand Slam,Outdoor,Hard,4th Round,5,Djokovic N.,Brooksby J.,1,99.0,11113,812.0,1.0,6.0,6.0,3.0,6.0,2.0,6.0,2.0,,,3.0,1.0,Completed,1.03,15.0,1.03,19.85,1.03,26.0,1.02,16.37
ATP,2021,49,New York,US Open,2021-09-07,Grand Slam,Outdoor,Hard,Quarterfinals,5,Medvedev D.,Van De Zandschulp B.,2,117.0,9980,698.0,6.0,3.0,6.0,0.0,4.0,6.0,7.0,5.0,,,3.0,1.0,Completed,1.02,19.0,1.02,20.91,1.03,21.0,1.02,16.68
ATP,2021,49,New York,US Open,2021-09-08,Grand Slam,Outdoor,Hard,Quarterfinals,5,Auger-Aliassime F.,Alcaraz C.,15,55.0,2828,1209.0,6.0,3.0,3.0,1.0,,,,,,,1.0,0.0,Retired,1.44,2.75,1.5,2.81,1.52,2.97,1.46,2.75
ATP,2021,49,New York,US Open,2021-09-08,Grand Slam,Outdoor,Hard,Quarterfinals,5,Zverev A.,Harris L.,4,46.0,8240,1443.0,7.0,6.0,6.0,3.0,6.0,4.0,,,,,3.0,0.0,Completed,1.12,6.0,1.14,6.9,1.17,7.0,1.14,5.95
ATP,2021,49,New York,US Open,2021-09-09,Grand Slam,Outdoor,Hard,Quarterfinals,5,Djokovic N.,Berrettini M.,1,8.0,11113,5533.0,5.0,7.0,6.0,2.0,6.0,2.0,6.0,3.0,,,3.0,1.0,Completed,1.1,7.0,1.12,7.81,1.14,8.2,1.11,6.99
ATP,2021,49,New York,US Open,2021-09-10,Grand Slam,Outdoor,Hard,Semifinals,5,Medvedev D.,Auger-Aliassime F.,2,15.0,9980,2828.0,6.0,4.0,7.0,5.0,6.0,2.0,,,,,3.0,0.0,Completed,1.16,5.0,1.17,5.95,1.21,6.0,1.17,5.31
ATP,2021,49,New York,US Open,2021-09-11,Grand Slam,Outdoor,Hard,Semifinals,5,Djokovic N.,Zverev A.,1,4.0,11113,8240.0,4.0,6.0,6.0,2.0,6.0,4.0,4.0,6.0,6.0,2.0,3.0,2.0,Completed,1.4,3.0,1.42,3.14,1.45,3.25,1.39,3.05
ATP,2021,49,New York,US Open,2021-09-12,Grand Slam,Outdoor,Hard,The Final,5,Medvedev D.,Djokovic N.,2,1.0,9980,11113.0,6.0,4.0,6.0,4.0,6.0,4.0,,,,,3.0,0.0,Completed,3.0,1.4,3.14,1.42,3.36,1.45,3.04,1.39
