Tour,Year,ATP,Location,Tournament,Date,Series,Court,Surface,Round,Best of,Winner,Loser,WRank,LRank,W1,L1,W2,L2,W3,L3,W4,L4,W5,L5,Wsets,Lsets,Comment,B365W,B365L,CBW,CBL,EXW,EXL,IWW,IWL,PSW,PSL
ATP,2004,6,Melbourne,Australian Open,2004-01-19,Grand Slam,Outdoor,Hard,1st Round,5,Davydenko N.,Clement A.,52.0,31.0,6.0,7.0,4.0,6.0,6,4.0,6.0,1.0,6.0,2.0,3.0,2.0,Completed,3.75,1.25,3.75,1.25,3.98,1.22,,,4.15,1.274
ATP,2004,6,Melbourne,Australian Open,2004-01-19,Grand Slam,Outdoor,Hard,1st Round,5,Guccione C.,Jones A.,395.0,276.0,6.0,3.0,7.0,6.0,6,2.0,,,,,3.0,0.0,Completed,1.44,2.62,1.4,2.85,1.42,2.75,,,1.444,2.95
ATP,2004,6,Melbourne,Australian Open,2004-01-19,Grand Slam,Outdoor,Hard,1st Round,5,Ginepri R.,Horna L.,33.0,61.0,7.0,5.0,6.0,3.0,6,3.0,,,,,3.0,0.0,Completed,1.2,4.333,1.18,4.65,1.14,5.19,,,1.213,4.95
ATP,2004,6,Melbourne,Australian Open,2004-01-19,Grand Slam,Outdoor,Hard,1st Round,5,Chela J.I.,Labadze I.,40.0,70.0,6.0,4.0,6.0,3.0,3,6.0,6.0,3.0,,,3.0,1.0,Completed,1.333,3.25,,,1.28,3.46,,,1.308,3.75
ATP,2004,6,Melbourne,Australian Open,2004-01-19,Grand Slam,Outdoor,Hard,1st Round,5,Beck K.,Koubek S.,63.0,92.0,6.0,4.0,6.0,0.0,2,6.0,6.0,4.0,,,3.0,1.0,Completed,2.0,1.727,1.9,1.85,1.8,1.95,,,1.877,1.98
ATP,2004,6,Melbourne,Australian Open,2004-01-19,Grand Slam,Outdoor,Hard,1st Round,5,Patience O.,Andreev I.,171.0,79.0,4.0,6.0,4.0,6.0,7,6.0,6.0,1.0,6.0,2.0,3.0,2.0,Completed,2.75,1.4,3.0,1.36,3.35,1.3,,,3.3,1.37
ATP,2004,6,Melbourne,Australian Open,2004-01-19,Grand Slam,Outdoor,Hard,1st Round,5,Ljubicic I.,Tursunov D.,36.0,98.0,7.0,6.0,6.0,4.0,5,7.0,6.0,2.0,,,3.0,1.0,Completed,1.286,3.5,1.28,3.5,1.25,3.3,,,1.323,3.65
ATP,2004,6,Melbourne,Australian Open,2004-01-19,Grand Slam,Outdoor,Hard,1st Round,5,Lapentti N.,Hernandez O.,55.0,89.0,6.0,1.0,6.0,3.0,6,1.0,,,,,3.0,0.0,Completed,1.222,4.0,1.22,4.1,1.17,4.67,,,1.25,4.35
ATP,2004,6,Melbourne,Australian Open,2004-01-19,Grand Slam,Outdoor,Hard,1st Round,5,Golmard J.,Portas A.,310.0,83.0,7.0,6.0,6.0,4.0,6,1.0,,,,,3.0,0.0,Completed,1.286,3.5,1.23,4.0,1.25,3.75,,,1.253,4.35
ATP,2004,6,Melbourne,Australian Open,2004-01-19,Grand Slam,Outdoor,Hard,1st Round,5,Soderling R.,Schuettler R.,57.0,6.0,4.0,6.0,4.0,6.0,7,5.0,6.0,3.0,6.0,4.0,3.0,2.0,Completed,3.25,1.333,3.5,1.28,3.81,1.24,,,3.5,1.345
ATP,2004,6,Melbourne,Australian Open,2004-01-19,Grand Slam,Outdoor,Hard,1st Round,5,Kuerten G.,van Lottum J.,19.0,94.0,5.0,7.0,6.0,0.0,6,1.0,2.0,6.0,8.0,6.0,3.0,2.0,Completed,1.2,4.333,1.2,4.25,1.25,3.75,,,1.241,4.55
ATP,2004,6,Melbourne,Australian Open,2004-01-19,Grand Slam,Outdoor,Hard,1st Round,5,Dent T.,Verdasco F.,28.0,111.0,6.0,2.0,6.0,1.0,2,1.0,,,,,2.0,0.0,Retired,1.167,4.5,1.18,4.65,1.17,4.67,,,1.215,4.95
ATP,2004,6,Melbourne,Australian Open,2004-01-19,Grand Slam,Outdoor,Hard,1st Round,5,Srichaphan P.,Acasuso J.,15.0,101.0,7.0,5.0,6.0,4.0,6,0.0,,,,,3.0,0.0,Completed,1.071,7.5,1.08,7.0,1.05,7.25,,,1.08,9.75
ATP,2004,6,Melbourne,Australian Open,2004-01-19,Grand Slam,Outdoor,Hard,1st Round,5,Schalken S.,Carlsen K.,17.0,110.0,7.0,5.0,6.0,3.0,6,1.0,,,,,3.0,0.0,Completed,1.25,3.75,1.28,3.5,1.35,3.1,,,1.333,3.55
ATP,2004,6,Melbourne,Australian Open,2004-01-19,Grand Slam,Outdoor,Hard,1st Round,5,Enqvist T.,Spadea V.,96.0,30.0,4.0,6.0,6.0,4.0,6,4.0,7.0,6.0,,,3.0,1.0,Completed,2.5,1.5,2.5,1.5,2.45,1.5,,,2.72,1.513
ATP,2004,6,Melbourne,Australian Open,2004-01-19,Grand Slam,Outdoor,Hard,1st Round,5,Gaudio G.,Robredo T.,34.0,20.0,6.0,3.0,6.0,2.0,7,6.0,,,,,3.0,0.0,Completed,2.75,1.4,2.85,1.4,2.75,1.42,,,3.05,1.435
ATP,2004,6,Melbourne,Australian Open,2004-01-19,Grand Slam,Outdoor,Hard,1st Round,5,Grosjean S.,Youzhny M.,10.0,47.0,6.0,1.0,6.0,4.0,7,5.0,,,,,3.0,0.0,Completed,1.333,3.25,1.3,3.4,1.25,3.6,,,1.313,3.75
ATP,2004,6,Melbourne,Australian Open,2004-01-19,Grand Slam,Outdoor,Hard,1st Round,5,Escude N.,Lee H.T.,59.0,69.0,6.0,3.0,7.0,6.0,6,2.0,,,,,3.0,0.0,Completed,1.167,4.5,1.18,4.6,1.18,4.56,,,1.235,4.6
ATP,2004,6,Melbourne,Australian Open,2004-01-19,Grand Slam,Outdoor,Hard,1st Round,5,Melzer J.,Behrend T.,78.0,103.0,6.0,1.0,6.0,1.0,6,2.0,,,,,3.0,0.0,Completed,1.533,2.375,1.55,2.4,1.48,2.53,,,1.575,2.58
ATP,2004,6,Melbourne,Australian Open,2004-01-19,Grand Slam,Outdoor,Hard,1st Round,5,Karlovic I.,Fish M.,72.0,21.0,7.0,6.0,7.0,6.0,7,6.0,,,,,3.0,0.0,Completed,3.25,1.333,3.5,1.28,3.46,1.28,,,3.55,1.339
ATP,2004,6,Melbourne,Australian Open,2004-01-19,Grand Slam,Outdoor,Hard,1st Round,5,Gambill J.M.,Carraz G.,62.0,60.0,6.0,2.0,6.0,3.0,,,,,,,2.0,0.0,Retired,,,,,1.85,1.85,,,2.04,1.833
ATP,2004,6,Melbourne,Australian Open,2004-01-19,Grand Slam,Outdoor,Hard,1st Round,5,Martin T.,Dupuis A.,66.0,85.0,4.0,6.0,4.0,6.0,7,6.0,7.0,6.0,6.0,3.0,3.0,2.0,Completed,,,1.4,2.85,1.35,3.1,,,1.408,3.1
ATP,2004,6,Melbourne,Australian Open,2004-01-19,Grand Slam,Outdoor,Hard,1st Round,5,Blanco G.,El Aynaoui Y.,99.0,18.0,4.0,1.0,,,,,,,,,,,Retired,,,,,3.75,1.25,,,4.35,1.25
ATP,2004,6,Melbourne,Australian Open,2004-01-19,Grand Slam,Outdoor,Hard,1st Round,5,Berdych T.,Mahut N.,116.0,95.0,6.0,4.0,6.0,2.0,5,7.0,6.0,3.0,,,3.0,1.0,Completed,2.0,1.72,1.85,1.9,1.75,2.0,,,1.893,1.962
ATP,2004,6,Melbourne,Australian Open,2004-01-19,Grand Slam,Outdoor,Hard,1st Round,5,Ferrer D.,Muller G.,74.0,175.0,7.0,6.0,6.0,1.0,6,3.0,,,,,3.0,0.0,Completed,2.2,1.615,2.15,1.67,2.35,1.55,,,2.28,1.694
ATP,2004,6,Melbourne,Australian Open,2004-01-19,Grand Slam,Outdoor,Hard,1st Round,5,Roddick A.,Gonzalez F.,1.0,35.0,6.0,2.0,7.0,5.0,7,6.0,,,,,3.0,0.0,Completed,1.167,4.5,1.18,4.65,1.25,3.75,,,1.211,5.0
ATP,2004,6,Melbourne,Australian Open,2004-01-19,Grand Slam,Outdoor,Hard,1st Round,5,Hrbaty D.,Saretta F.,44.0,48.0,6.0,3.0,6.0,3.0,6,3.0,,,,,3.0,0.0,Completed,1.25,3.75,1.3,3.35,1.3,3.35,,,1.323,3.65
ATP,2004,6,Melbourne,Australian Open,2004-01-19,Grand Slam,Outdoor,Hard,1st Round,5,Ulihrach B.,Burgsmuller L.,205.0,75.0,6.0,4.0,3.0,6.0,6,2.0,6.0,1.0,,,3.0,1.0,Completed,1.571,2.25,1.67,2.15,1.6,2.25,,,1.709,2.25
ATP,2004,6,Melbourne,Australian Open,2004-01-19,Grand Slam,Outdoor,Hard,1st Round,5,Blake J.,Miranda I.,39.0,126.0,6.0,1.0,6.0,4.0,6,4.0,,,,,3.0,0.0,Completed,,,,,,,,,,
ATP,2004,6,Melbourne,Australian Open,2004-01-19,Grand Slam,Outdoor,Hard,1st Round,5,Nieminen J.,Massu N.,37.0,13.0,6.0,1.0,6.0,7.0,6,2.0,6.0,3.0,,,3.0,1.0,Completed,1.833,1.833,1.85,1.9,1.78,1.97,,,1.847,2.02
ATP,2004,6,Melbourne,Australian Open,2004-01-19,Grand Slam,Outdoor,Hard,1st Round,5,Safin M.,Vahaly B.,86.0,84.0,6.0,2.0,3.0,6.0,6,3.0,6.0,4.0,,,3.0,1.0,Completed,1.143,5.0,1.12,5.75,1.11,5.84,,,1.129,7.0
ATP,2004,6,Melbourne,Australian Open,2004-01-19,Grand Slam,Outdoor,Hard,1st Round,5,Agassi A.,Larkham T.,4.0,168.0,6.0,1.0,6.0,3.0,6,4.0,,,,,3.0,0.0,Completed,1.02,11.0,1.01,13.0,1.02,11.5,,,1.029,23.5
ATP,2004,6,Melbourne,Australian Open,2004-01-20,Grand Slam,Outdoor,Hard,1st Round,5,Arazi H.,Mutis O.,51.0,106.0,7.0,5.0,2.0,6.0,6,0.0,6.0,3.0,,,3.0,1.0,Completed,1.333,3.25,1.3,3.4,1.28,3.46,1.25,3.0,1.29,4.0
ATP,2004,6,Melbourne,Australian Open,2004-01-20,Grand Slam,Outdoor,Hard,1st Round,5,Costa A.,Rusedski G.,27.0,104.0,6.0,4.0,6.0,3.0,6,4.0,,,,,3.0,0.0,Completed,2.25,1.571,2.65,1.45,2.53,1.48,2.3,1.4,2.6,1.568
ATP,2004,6,Melbourne,Australian Open,2004-01-20,Grand Slam,Outdoor,Hard,1st Round,5,Reid T.,Kutsenko V.,148.0,237.0,6.0,3.0,6.0,2.0,6,3.0,,,,,3.0,0.0,Completed,1.25,3.75,1.25,3.75,1.22,3.98,1.2,3.3,1.278,4.15
ATP,2004,6,Melbourne,Australian Open,2004-01-20,Grand Slam,Outdoor,Hard,1st Round,5,Morrison J.,van Scheppingen D.,156.0,91.0,6.0,4.0,6.0,2.0,6,4.0,,,,,3.0,0.0,Completed,1.533,2.375,1.55,2.4,1.55,2.35,1.6,1.9,1.595,2.5
ATP,2004,6,Melbourne,Australian Open,2004-01-20,Grand Slam,Outdoor,Hard,1st Round,5,Ascione T.,Mantilla F.,87.0,23.0,7.0,5.0,6.0,1.0,7,6.0,,,,,3.0,0.0,Completed,2.25,1.571,2.25,1.6,2.56,1.47,2.1,1.5,2.55,1.585
ATP,2004,6,Melbourne,Australian Open,2004-01-20,Grand Slam,Outdoor,Hard,1st Round,5,Novak J.,Rochus O.,14.0,49.0,6.0,3.0,6.0,3.0,7,5.0,,,,,3.0,0.0,Completed,1.25,3.75,1.2,4.25,1.22,3.98,1.2,3.3,1.227,4.75
ATP,2004,6,Melbourne,Australian Open,2004-01-20,Grand Slam,Outdoor,Hard,1st Round,5,Vacek J.,Ramirez-Hidalgo R.,125.0,77.0,6.0,2.0,3.0,6.0,6,3.0,6.0,4.0,,,3.0,1.0,Completed,1.727,2.0,1.95,1.8,1.95,1.8,1.75,1.75,2.07,1.813
ATP,2004,6,Melbourne,Australian Open,2004-01-20,Grand Slam,Outdoor,Hard,1st Round,5,Martin A.,Lopez F.,53.0,29.0,3.0,6.0,4.0,6.0,7,6.0,6.0,4.0,6.0,2.0,3.0,2.0,Completed,2.5,1.5,2.55,1.48,2.34,1.56,2.7,1.3,2.58,1.575
ATP,2004,6,Melbourne,Australian Open,2004-01-20,Grand Slam,Outdoor,Hard,1st Round,5,Johansson J.,Popp A.,90.0,88.0,6.0,4.0,7.0,6.0,6,4.0,,,,,3.0,0.0,Completed,1.571,2.25,1.45,2.65,1.44,2.67,1.45,2.2,1.556,2.64
ATP,2004,6,Melbourne,Australian Open,2004-01-20,Grand Slam,Outdoor,Hard,1st Round,5,Federer R.,Bogomolov A.,2.0,117.0,6.0,3.0,6.0,4.0,6,0.0,,,,,3.0,0.0,Completed,1.083,7.0,1.05,8.5,1.07,7.19,1.1,4.5,1.108,8.0
ATP,2004,6,Melbourne,Australian Open,2004-01-20,Grand Slam,Outdoor,Hard,1st Round,5,Volandri F.,Kiefer N.,46.0,58.0,6.0,3.0,4.0,6.0,6,3.0,6.0,4.0,,,3.0,1.0,Completed,2.5,1.5,2.25,1.6,2.3,1.6,2.2,1.45,2.38,1.649
ATP,2004,6,Melbourne,Australian Open,2004-01-20,Grand Slam,Outdoor,Hard,1st Round,5,Ancic M.,Sluiter R.,73.0,56.0,6.0,7.0,6.0,4.0,3,6.0,6.0,4.0,6.0,3.0,3.0,2.0,Completed,1.833,1.833,1.85,1.9,1.8,1.95,1.6,1.9,1.82,2.06
ATP,2004,6,Melbourne,Australian Open,2004-01-20,Grand Slam,Outdoor,Hard,1st Round,5,Sargsian S.,Bjorkman J.,38.0,26.0,6.0,2.0,6.0,3.0,6,1.0,,,,,3.0,0.0,Completed,2.25,1.571,2.25,1.6,2.15,1.65,2.0,1.55,2.36,1.658
ATP,2004,6,Melbourne,Australian Open,2004-01-20,Grand Slam,Outdoor,Hard,1st Round,5,Saulnier C.,Coria G.,76.0,5.0,7.0,6.0,6.0,2.0,6,4.0,,,,,3.0,0.0,Completed,,,4.25,1.2,3.75,1.25,3.0,1.25,4.4,1.25
ATP,2004,6,Melbourne,Australian Open,2004-01-20,Grand Slam,Outdoor,Hard,1st Round,5,Arthurs W.,Karanusic R.,114.0,163.0,7.0,6.0,6.0,4.0,6,7.0,6.0,7.0,6.0,2.0,3.0,2.0,Completed,1.57,2.25,1.65,2.2,1.65,2.2,,,1.676,2.32
ATP,2004,6,Melbourne,Australian Open,2004-01-20,Grand Slam,Outdoor,Hard,1st Round,5,Nadal R.,Tabara M.,41.0,215.0,6.0,1.0,6.0,2.0,6,2.0,,,,,3.0,0.0,Completed,1.2,4.333,1.14,5.25,1.2,4.25,1.15,3.8,1.16,5.75
ATP,2004,6,Melbourne,Australian Open,2004-01-20,Grand Slam,Outdoor,Hard,1st Round,5,Nalbandian D.,Mello R.,8.0,128.0,6.0,2.0,6.0,1.0,6,4.0,,,,,3.0,0.0,Completed,1.04,9.0,1.03,11.0,1.05,7.75,1.05,5.0,1.041,18.5
ATP,2004,6,Melbourne,Australian Open,2004-01-20,Grand Slam,Outdoor,Hard,1st Round,5,Mayer F.,Gasquet R.,219.0,97.0,7.0,5.0,6.0,4.0,6,3.0,,,,,3.0,0.0,Completed,,,2.25,1.6,2.0,1.75,,,2.37,1.654
ATP,2004,6,Melbourne,Australian Open,2004-01-20,Grand Slam,Outdoor,Hard,1st Round,5,Kucera K.,Malisse X.,43.0,54.0,6.0,2.0,6.0,3.0,6,4.0,,,,,3.0,0.0,Completed,2.2,1.615,1.95,1.8,2.1,1.7,1.85,1.65,2.2,1.735
ATP,2004,6,Melbourne,Australian Open,2004-01-20,Grand Slam,Outdoor,Hard,1st Round,5,Sanchez D.,Moodie W.,50.0,80.0,6.0,7.0,7.0,6.0,4,6.0,6.0,4.0,6.0,3.0,3.0,2.0,Completed,2.25,1.571,2.65,1.45,2.3,1.6,2.0,1.55,2.59,1.571
ATP,2004,6,Melbourne,Australian Open,2004-01-20,Grand Slam,Outdoor,Hard,1st Round,5,Santoro F.,Luczak P.,65.0,146.0,7.0,5.0,4.0,6.0,7,5.0,6.0,1.0,,,3.0,1.0,Completed,1.364,3.0,1.3,3.4,1.32,3.22,1.3,2.7,1.333,3.6
ATP,2004,6,Melbourne,Australian Open,2004-01-20,Grand Slam,Outdoor,Hard,1st Round,5,Weiner G.,Salzenstein J.,264.0,129.0,7.0,6.0,4.0,6.0,6,3.0,3.0,6.0,6.0,4.0,3.0,2.0,Completed,2.2,1.615,2.45,1.53,2.35,1.55,2.0,1.55,2.56,1.575
ATP,2004,6,Melbourne,Australian Open,2004-01-20,Grand Slam,Outdoor,Hard,1st Round,5,Pavel A.,Mirnyi M.,67.0,24.0,6.0,7.0,6.0,3.0,6,2.0,7.0,6.0,,,3.0,1.0,Completed,2.625,1.444,2.65,1.45,2.6,1.45,2.2,1.45,2.6,1.556
ATP,2004,6,Melbourne,Australian Open,2004-01-20,Grand Slam,Outdoor,Hard,1st Round,5,Ferreira W.,Hanescu V.,25.0,68.0,6.0,4.0,3.0,6.0,7,6.0,6.0,1.0,,,3.0,1.0,Completed,1.286,3.5,1.25,3.75,1.25,3.75,1.3,2.7,1.308,3.8
ATP,2004,6,Melbourne,Australian Open,2004-01-20,Grand Slam,Outdoor,Hard,1st Round,5,Hewitt L.,Mamiit C.,11.0,195.0,6.0,2.0,6.0,4.0,,,,,,,2.0,0.0,Retired,1.03,10.0,1.02,12.0,1.02,11.5,1.02,6.0,1.032,22.0
ATP,2004,6,Melbourne,Australian Open,2004-01-20,Grand Slam,Outdoor,Hard,1st Round,5,Corretja A.,Verkerk M.,100.0,16.0,6.0,4.0,1.0,6.0,6,3.0,6.0,4.0,,,3.0,1.0,Completed,2.5,1.5,2.3,1.58,2.35,1.55,2.2,1.45,2.52,1.595
ATP,2004,6,Melbourne,Australian Open,2004-01-20,Grand Slam,Outdoor,Hard,1st Round,5,Canas G.,de Chaunac S.,248.0,185.0,6.0,2.0,6.0,2.0,6,4.0,,,,,3.0,0.0,Completed,1.25,3.75,1.22,4.1,1.2,4.25,1.15,3.8,1.244,4.5
ATP,2004,6,Melbourne,Australian Open,2004-01-20,Grand Slam,Outdoor,Hard,1st Round,5,Calleri A.,Rochus C.,22.0,93.0,6.0,1.0,3.0,6.0,6,3.0,7.0,5.0,,,3.0,1.0,Completed,1.25,3.75,1.17,4.85,1.22,3.98,1.15,3.8,1.233,4.65
ATP,2004,6,Melbourne,Australian Open,2004-01-20,Grand Slam,Outdoor,Hard,1st Round,5,Stepanek R.,Sanguinetti D.,45.0,64.0,6.0,7.0,3.0,6.0,6,2.0,6.0,3.0,6.0,3.0,3.0,2.0,Completed,1.727,2.0,1.67,2.15,1.7,2.1,1.75,1.75,1.69,2.27
ATP,2004,6,Melbourne,Australian Open,2004-01-20,Grand Slam,Outdoor,Hard,1st Round,5,Ferrero J.C.,Montanes A.,3.0,82.0,6.0,0.0,6.0,1.0,6,1.0,,,,,3.0,0.0,Completed,1.04,9.0,1.03,11.0,1.05,7.75,1.03,5.5,1.057,14.5
ATP,2004,6,Melbourne,Australian Open,2004-01-20,Grand Slam,Outdoor,Hard,1st Round,5,Henman T.,Lisnard J.R.,12.0,112.0,6.0,2.0,6.0,4.0,6,2.0,,,,,3.0,0.0,Completed,1.05,8.5,1.1,6.25,1.05,7.25,1.05,5.0,1.083,10.0
ATP,2004,6,Melbourne,Australian Open,2004-01-20,Grand Slam,Outdoor,Hard,1st Round,5,Philippoussis M.,Johansson T.,9.0,519.0,7.0,6.0,6.0,2.0,7,6.0,,,,,3.0,0.0,Completed,1.444,2.625,1.36,3.0,1.42,2.75,1.4,2.3,1.417,3.2
ATP,2004,6,Melbourne,Australian Open,2004-01-21,Grand Slam,Outdoor,Hard,2nd Round,5,Melzer J.,Blanco G.,78.0,99.0,6.0,3.0,6.0,4.0,6,3.0,,,,,3.0,0.0,Completed,1.364,3.0,1.35,3.1,1.35,3.1,1.3,2.7,1.377,3.3
ATP,2004,6,Melbourne,Australian Open,2004-01-21,Grand Slam,Outdoor,Hard,2nd Round,5,Schalken S.,Ferrer D.,17.0,74.0,6.0,3.0,6.0,2.0,5,7.0,6.0,1.0,,,3.0,1.0,Completed,1.167,4.5,1.18,4.65,1.17,4.67,1.15,3.8,1.204,5.0
ATP,2004,6,Melbourne,Australian Open,2004-01-21,Grand Slam,Outdoor,Hard,2nd Round,5,Martin T.,Karlovic I.,66.0,72.0,7.0,6.0,7.0,6.0,7,6.0,,,,,3.0,0.0,Completed,1.8,1.909,1.85,1.9,1.85,1.85,1.6,1.9,1.847,2.02
ATP,2004,6,Melbourne,Australian Open,2004-01-21,Grand Slam,Outdoor,Hard,2nd Round,5,Escude N.,Soderling R.,59.0,57.0,6.0,3.0,7.0,6.0,6,4.0,,,,,3.0,0.0,Completed,1.333,3.25,1.25,3.75,1.21,4.06,1.25,3.0,1.313,3.75
ATP,2004,6,Melbourne,Australian Open,2004-01-21,Grand Slam,Outdoor,Hard,2nd Round,5,Kuerten G.,Ljubicic I.,19.0,36.0,7.0,5.0,6.0,7.0,6,4.0,6.0,3.0,,,3.0,1.0,Completed,2.0,1.727,2.15,1.67,2.25,1.6,1.8,1.7,2.31,1.68
ATP,2004,6,Melbourne,Australian Open,2004-01-21,Grand Slam,Outdoor,Hard,2nd Round,5,Blake J.,Lapentti N.,39.0,55.0,6.0,3.0,7.0,6.0,2,6.0,6.0,1.0,,,3.0,1.0,Completed,1.333,3.25,1.38,2.95,1.44,2.67,1.35,2.5,1.408,3.15
ATP,2004,6,Melbourne,Australian Open,2004-01-21,Grand Slam,Outdoor,Hard,2nd Round,5,Agassi A.,Berdych T.,4.0,116.0,6.0,0.0,6.0,2.0,6,4.0,,,,,3.0,0.0,Completed,1.02,11.0,1.02,12.0,1.04,9.25,1.03,5.5,1.047,17.0
ATP,2004,6,Melbourne,Australian Open,2004-01-21,Grand Slam,Outdoor,Hard,2nd Round,5,Enqvist T.,Beck K.,96.0,63.0,7.0,5.0,4.0,6.0,6,3.0,6.0,4.0,,,3.0,1.0,Completed,1.8,1.909,1.9,1.85,1.95,1.8,1.7,1.8,1.862,2.0
ATP,2004,6,Melbourne,Australian Open,2004-01-21,Grand Slam,Outdoor,Hard,2nd Round,5,Patience O.,Davydenko N.,171.0,52.0,7.0,6.0,6.0,7.0,6,3.0,6.0,2.0,,,3.0,1.0,Completed,2.75,1.4,2.85,1.4,2.75,1.42,2.7,1.3,3.1,1.408
ATP,2004,6,Melbourne,Australian Open,2004-01-21,Grand Slam,Outdoor,Hard,2nd Round,5,Dent T.,Chela J.I.,28.0,40.0,3.0,6.0,6.0,4.0,4,6.0,7.0,6.0,7.0,5.0,3.0,2.0,Completed,1.4,2.75,1.45,2.65,1.42,2.75,1.4,2.3,1.526,2.7
ATP,2004,6,Melbourne,Australian Open,2004-01-21,Grand Slam,Outdoor,Hard,2nd Round,5,Grosjean S.,Gambill J.M.,10.0,62.0,6.0,4.0,6.0,3.0,6,2.0,,,,,3.0,0.0,Completed,1.2,4.333,1.16,5.0,1.1,5.85,1.2,3.3,1.16,5.6
ATP,2004,6,Melbourne,Australian Open,2004-01-21,Grand Slam,Outdoor,Hard,2nd Round,5,Hrbaty D.,Gaudio G.,44.0,34.0,6.0,1.0,7.0,5.0,6,0.0,,,,,3.0,0.0,Completed,1.533,2.375,1.53,2.45,1.55,2.35,1.4,2.3,1.592,2.53
ATP,2004,6,Melbourne,Australian Open,2004-01-21,Grand Slam,Outdoor,Hard,2nd Round,5,Roddick A.,Ulihrach B.,1.0,205.0,6.0,2.0,6.0,2.0,6,3.0,,,,,3.0,0.0,Completed,1.05,9.0,1.05,8.0,1.05,7.75,1.03,5.5,1.048,16.0
ATP,2004,6,Melbourne,Australian Open,2004-01-21,Grand Slam,Outdoor,Hard,2nd Round,5,Safin M.,Nieminen J.,86.0,37.0,7.0,6.0,6.0,4.0,4,6.0,6.0,4.0,,,3.0,1.0,Completed,1.5,2.5,1.48,2.55,1.5,2.45,1.4,2.3,1.529,2.71
ATP,2004,6,Melbourne,Australian Open,2004-01-21,Grand Slam,Outdoor,Hard,2nd Round,5,Srichaphan P.,Golmard J.,15.0,310.0,6.0,3.0,,,,,,,,,1.0,0.0,Retired,1.222,4.0,1.25,3.75,1.25,3.75,1.2,3.3,1.228,4.79
ATP,2004,6,Melbourne,Australian Open,2004-01-21,Grand Slam,Outdoor,Hard,2nd Round,5,Ginepri R.,Guccione C.,33.0,395.0,6.0,4.0,6.0,3.0,6,3.0,,,,,3.0,0.0,Completed,1.364,3.0,1.36,3.0,1.3,3.35,1.3,2.7,1.304,3.79
ATP,2004,6,Melbourne,Australian Open,2004-01-22,Grand Slam,Outdoor,Hard,2nd Round,5,Johansson J.,Martin A.,90.0,53.0,7.0,6.0,6.0,3.0,7,5.0,,,,,3.0,0.0,Completed,1.667,2.1,1.7,2.1,1.6,2.2,1.55,2.0,1.685,2.3
ATP,2004,6,Melbourne,Australian Open,2004-01-22,Grand Slam,Outdoor,Hard,2nd Round,5,Nadal R.,Ascione T.,41.0,87.0,6.0,4.0,3.0,6.0,7,5.0,6.0,1.0,,,3.0,1.0,Completed,1.444,2.625,1.4,2.85,1.45,2.6,1.35,2.5,1.395,3.23
ATP,2004,6,Melbourne,Australian Open,2004-01-22,Grand Slam,Outdoor,Hard,2nd Round,5,Reid T.,Sargsian S.,148.0,38.0,6.0,3.0,6.0,4.0,4,6.0,6.0,7.0,6.0,4.0,3.0,2.0,Completed,2.1,1.667,2.15,1.67,2.1,1.7,1.9,1.6,2.2,1.735
ATP,2004,6,Melbourne,Australian Open,2004-01-22,Grand Slam,Outdoor,Hard,2nd Round,5,Ferrero J.C.,Volandri F.,3.0,46.0,6.0,4.0,7.0,6.0,7,5.0,,,,,3.0,0.0,Completed,1.05,8.5,1.06,8.0,1.06,7.79,1.03,5.5,1.067,12.5
ATP,2004,6,Melbourne,Australian Open,2004-01-22,Grand Slam,Outdoor,Hard,2nd Round,5,Nalbandian D.,Mayer F.,8.0,219.0,6.0,1.0,6.0,0.0,6,3.0,,,,,3.0,0.0,Completed,1.05,8.5,1.05,8.5,1.07,7.19,1.05,5.0,1.063,13.0
ATP,2004,6,Melbourne,Australian Open,2004-01-22,Grand Slam,Outdoor,Hard,2nd Round,5,Novak J.,Vacek J.,14.0,125.0,6.0,2.0,7.0,6.0,6,4.0,,,,,3.0,0.0,Completed,1.167,4.5,1.16,5.0,1.18,4.45,1.1,4.5,1.182,5.25
ATP,2004,6,Melbourne,Australian Open,2004-01-22,Grand Slam,Outdoor,Hard,2nd Round,5,Pavel A.,Weiner G.,67.0,264.0,6.0,4.0,6.0,4.0,6,2.0,,,,,3.0,0.0,Completed,1.25,3.75,1.2,4.25,1.2,4.05,1.2,3.3,1.211,4.95
ATP,2004,6,Melbourne,Australian Open,2004-01-22,Grand Slam,Outdoor,Hard,2nd Round,5,Canas G.,Calleri A.,248.0,22.0,6.0,1.0,4.0,6.0,2,6.0,7.0,6.0,6.0,4.0,3.0,2.0,Completed,2.0,1.727,1.85,1.9,1.85,1.85,1.6,1.9,1.943,1.909
ATP,2004,6,Melbourne,Australian Open,2004-01-22,Grand Slam,Outdoor,Hard,2nd Round,5,Henman T.,Stepanek R.,12.0,45.0,6.0,2.0,4.0,6.0,6,3.0,6.0,0.0,,,3.0,1.0,Completed,1.125,5.5,1.16,5.0,1.17,4.67,1.1,4.5,1.182,5.25
ATP,2004,6,Melbourne,Australian Open,2004-01-22,Grand Slam,Outdoor,Hard,2nd Round,5,Costa A.,Arthurs W.,27.0,114.0,6.0,7.0,7.0,5.0,4,6.0,6.0,4.0,8.0,6.0,3.0,2.0,Completed,1.533,2.375,1.4,2.85,1.5,2.45,1.45,2.2,1.417,3.15
ATP,2004,6,Melbourne,Australian Open,2004-01-22,Grand Slam,Outdoor,Hard,2nd Round,5,Ancic M.,Corretja A.,73.0,100.0,6.0,4.0,1.0,6.0,6,3.0,6.0,7.0,7.0,5.0,3.0,2.0,Completed,2.1,1.667,2.1,1.7,2.1,1.7,2.0,1.55,2.09,1.8
ATP,2004,6,Melbourne,Australian Open,2004-01-22,Grand Slam,Outdoor,Hard,2nd Round,5,Hewitt L.,Kucera K.,11.0,43.0,1.0,6.0,6.0,1.0,6,4.0,6.0,1.0,,,3.0,1.0,Completed,1.1,6.5,1.1,6.25,1.13,5.5,1.1,4.5,1.121,7.25
ATP,2004,6,Melbourne,Australian Open,2004-01-22,Grand Slam,Outdoor,Hard,2nd Round,5,Federer R.,Morrison J.,2.0,156.0,6.0,2.0,6.0,3.0,6,4.0,,,,,3.0,0.0,Completed,1.03,10.0,1.05,8.5,1.06,7.79,1.05,5.0,1.036,21.0
ATP,2004,6,Melbourne,Australian Open,2004-01-22,Grand Slam,Outdoor,Hard,2nd Round,5,Arazi H.,Saulnier C.,51.0,76.0,3.0,6.0,6.0,1.0,6,2.0,,,,,2.0,1.0,Retired,2.0,1.727,2.0,1.78,2.17,1.64,1.75,1.75,2.2,1.741
ATP,2004,6,Melbourne,Australian Open,2004-01-22,Grand Slam,Outdoor,Hard,2nd Round,5,Ferreira W.,Sanchez D.,25.0,50.0,2.0,6.0,6.0,3.0,6,4.0,6.0,4.0,,,3.0,1.0,Completed,1.222,4.0,1.18,4.65,1.17,4.67,1.2,3.3,1.178,5.46
ATP,2004,6,Melbourne,Australian Open,2004-01-22,Grand Slam,Outdoor,Hard,2nd Round,5,Philippoussis M.,Santoro F.,9.0,65.0,4.0,6.0,6.0,3.0,6,4.0,6.0,2.0,,,3.0,1.0,Completed,1.2,4.333,1.18,4.65,1.13,5.5,1.15,3.8,1.171,5.65
ATP,2004,6,Melbourne,Australian Open,2004-01-23,Grand Slam,Outdoor,Hard,3rd Round,5,Safin M.,Martin T.,86.0,66.0,7.0,5.0,1.0,6.0,4,6.0,6.0,0.0,7.0,5.0,3.0,2.0,Completed,1.333,3.25,1.28,3.65,1.26,3.59,1.3,2.7,1.323,3.6
ATP,2004,6,Melbourne,Australian Open,2004-01-23,Grand Slam,Outdoor,Hard,3rd Round,5,Blake J.,Patience O.,39.0,171.0,6.0,1.0,6.0,3.0,6,2.0,,,,,3.0,0.0,Completed,1.167,4.5,1.18,4.8,1.15,5.5,1.15,3.8,1.183,5.35
ATP,2004,6,Melbourne,Australian Open,2004-01-23,Grand Slam,Outdoor,Hard,3rd Round,5,Srichaphan P.,Kuerten G.,15.0,19.0,6.0,3.0,7.0,5.0,6,4.0,,,,,3.0,0.0,Completed,1.615,2.2,1.58,2.35,1.53,2.4,1.6,1.9,1.602,2.5
ATP,2004,6,Melbourne,Australian Open,2004-01-23,Grand Slam,Outdoor,Hard,3rd Round,5,Ginepri R.,Escude N.,33.0,59.0,6.0,2.0,6.0,3.0,6,4.0,,,,,3.0,0.0,Completed,2.625,1.444,2.75,1.45,2.85,1.4,2.3,1.4,2.93,1.459
ATP,2004,6,Melbourne,Australian Open,2004-01-23,Grand Slam,Outdoor,Hard,3rd Round,5,Schalken S.,Melzer J.,17.0,78.0,7.0,6.0,6.0,4.0,6,1.0,,,,,3.0,0.0,Completed,1.222,4.0,1.25,3.9,1.28,3.46,1.15,3.8,1.303,3.8
ATP,2004,6,Melbourne,Australian Open,2004-01-23,Grand Slam,Outdoor,Hard,3rd Round,5,Agassi A.,Enqvist T.,4.0,96.0,6.0,0.0,6.0,3.0,6,3.0,,,,,3.0,0.0,Completed,1.125,5.5,1.13,5.75,1.15,5.5,1.05,5.0,1.143,6.51
ATP,2004,6,Melbourne,Australian Open,2004-01-23,Grand Slam,Outdoor,Hard,3rd Round,5,Grosjean S.,Hrbaty D.,10.0,44.0,2.0,6.0,6.0,4.0,6,1.0,6.0,3.0,,,3.0,1.0,Completed,1.615,2.2,1.6,2.35,1.67,2.21,1.65,1.85,1.69,2.3
ATP,2004,6,Melbourne,Australian Open,2004-01-23,Grand Slam,Outdoor,Hard,3rd Round,5,Roddick A.,Dent T.,1.0,28.0,6.0,2.0,6.0,0.0,6,2.0,,,,,3.0,0.0,Completed,1.167,4.5,1.16,5.25,1.18,4.45,1.15,3.8,1.194,5.2
ATP,2004,6,Melbourne,Australian Open,2004-01-24,Grand Slam,Outdoor,Hard,3rd Round,5,Federer R.,Reid T.,2.0,148.0,6.0,3.0,6.0,0.0,6,1.0,,,,,3.0,0.0,Completed,1.05,9.0,1.03,11.0,1.05,8.5,1.05,5.0,1.057,15.0
ATP,2004,6,Melbourne,Australian Open,2004-01-24,Grand Slam,Outdoor,Hard,3rd Round,5,Pavel A.,Novak J.,67.0,14.0,4.0,6.0,3.0,6.0,7,5.0,7.0,6.0,6.0,4.0,3.0,2.0,Completed,2.25,1.571,2.25,1.65,2.17,1.64,2.1,1.5,2.35,1.662
ATP,2004,6,Melbourne,Australian Open,2004-01-24,Grand Slam,Outdoor,Hard,3rd Round,5,Nalbandian D.,Ferreira W.,8.0,25.0,6.0,2.0,6.0,4.0,7,5.0,,,,,3.0,0.0,Completed,1.222,4.0,1.2,4.5,1.18,4.45,1.15,3.8,1.191,5.48
ATP,2004,6,Melbourne,Australian Open,2004-01-24,Grand Slam,Outdoor,Hard,3rd Round,5,Philippoussis M.,Ancic M.,9.0,73.0,6.0,4.0,7.0,6.0,6,2.0,,,,,3.0,0.0,Completed,1.222,4.0,1.18,4.85,1.18,4.56,1.2,3.3,1.163,5.9
ATP,2004,6,Melbourne,Australian Open,2004-01-24,Grand Slam,Outdoor,Hard,3rd Round,5,Canas G.,Henman T.,248.0,12.0,6.0,7.0,5.0,7.0,7,6.0,7.0,5.0,9.0,7.0,3.0,2.0,Completed,3.0,1.364,3.0,1.38,2.83,1.39,2.7,1.3,3.2,1.408
ATP,2004,6,Melbourne,Australian Open,2004-01-24,Grand Slam,Outdoor,Hard,3rd Round,5,Ferrero J.C.,Johansson J.,3.0,90.0,6.0,1.0,7.0,6.0,6,7.0,6.0,4.0,,,3.0,1.0,Completed,1.2,4.333,1.25,3.9,1.28,3.46,1.2,3.3,1.286,4.0
ATP,2004,6,Melbourne,Australian Open,2004-01-24,Grand Slam,Outdoor,Hard,3rd Round,5,Hewitt L.,Nadal R.,11.0,41.0,7.0,6.0,7.0,6.0,6,2.0,,,,,3.0,0.0,Completed,1.222,4.0,1.18,4.65,1.19,4.35,1.15,3.8,1.213,4.95
ATP,2004,6,Melbourne,Australian Open,2004-01-24,Grand Slam,Outdoor,Hard,3rd Round,5,Arazi H.,Costa A.,51.0,27.0,2.0,6.0,7.0,6.0,6,2.0,6.0,1.0,,,3.0,1.0,Completed,2.375,1.533,2.5,1.5,2.45,1.5,2.1,1.5,2.88,1.469
ATP,2004,6,Melbourne,Australian Open,2004-01-25,Grand Slam,Outdoor,Hard,4th Round,5,Agassi A.,Srichaphan P.,4.0,15.0,7.0,6.0,6.0,3.0,6,4.0,,,,,3.0,0.0,Completed,1.2,4.333,1.22,4.25,1.2,4.25,1.15,3.8,1.274,4.2
ATP,2004,6,Melbourne,Australian Open,2004-01-25,Grand Slam,Outdoor,Hard,4th Round,5,Grosjean S.,Ginepri R.,10.0,33.0,6.0,4.0,3.0,6.0,6,4.0,6.0,1.0,,,3.0,1.0,Completed,1.444,2.625,1.53,2.5,1.55,2.35,1.5,2.1,1.581,2.56
ATP,2004,6,Melbourne,Australian Open,2004-01-25,Grand Slam,Outdoor,Hard,4th Round,5,Safin M.,Blake J.,86.0,39.0,7.0,6.0,6.0,3.0,6,7.0,6.0,3.0,,,3.0,1.0,Completed,1.615,2.2,1.72,2.1,1.7,2.1,1.75,1.75,1.725,2.24
ATP,2004,6,Melbourne,Australian Open,2004-01-25,Grand Slam,Outdoor,Hard,4th Round,5,Roddick A.,Schalken S.,1.0,17.0,6.0,1.0,6.0,2.0,6,3.0,,,,,3.0,0.0,Completed,1.083,7.0,1.1,6.75,1.1,6.75,1.1,4.5,1.103,8.75
ATP,2004,6,Melbourne,Australian Open,2004-01-26,Grand Slam,Outdoor,Hard,4th Round,5,Nalbandian D.,Canas G.,8.0,248.0,6.0,4.0,6.0,2.0,6,1.0,,,,,3.0,0.0,Completed,1.2,4.333,1.22,4.25,1.2,4.25,1.2,3.6,1.215,5.0
ATP,2004,6,Melbourne,Australian Open,2004-01-26,Grand Slam,Outdoor,Hard,4th Round,5,Ferrero J.C.,Pavel A.,3.0,67.0,6.0,4.0,3.0,6.0,6,3.0,6.0,2.0,,,3.0,1.0,Completed,1.286,3.5,1.3,3.5,1.26,3.59,1.2,3.6,1.308,3.85
ATP,2004,6,Melbourne,Australian Open,2004-01-26,Grand Slam,Outdoor,Hard,4th Round,5,Arazi H.,Philippoussis M.,51.0,9.0,6.0,2.0,6.0,2.0,6,4.0,,,,,3.0,0.0,Completed,4.333,1.2,4.85,1.18,4.67,1.17,3.6,1.2,5.15,1.206
ATP,2004,6,Melbourne,Australian Open,2004-01-26,Grand Slam,Outdoor,Hard,4th Round,5,Federer R.,Hewitt L.,2.0,11.0,4.0,6.0,6.0,3.0,6,0.0,6.0,4.0,,,3.0,1.0,Completed,1.533,2.375,1.65,2.25,1.5,2.67,1.5,2.2,1.61,2.49
ATP,2004,6,Melbourne,Australian Open,2004-01-27,Grand Slam,Outdoor,Hard,Quarterfinals,5,Agassi A.,Grosjean S.,4.0,10.0,6.0,2.0,,,,,,,,,1.0,0.0,Retired,1.167,4.5,1.18,4.85,1.21,4.69,1.15,4.0,1.233,4.8
ATP,2004,6,Melbourne,Australian Open,2004-01-27,Grand Slam,Outdoor,Hard,Quarterfinals,5,Safin M.,Roddick A.,86.0,1.0,2.0,6.0,6.0,3.0,7,5.0,6.0,7.0,6.0,4.0,3.0,2.0,Completed,3.5,1.286,3.85,1.25,3.75,1.25,3.2,1.25,4.13,1.279
ATP,2004,6,Melbourne,Australian Open,2004-01-28,Grand Slam,Outdoor,Hard,Quarterfinals,5,Ferrero J.C.,Arazi H.,3.0,51.0,6.0,1.0,7.0,6.0,7,6.0,,,,,3.0,0.0,Completed,1.286,3.5,1.35,3.2,1.3,3.34,1.25,3.2,1.352,3.49
ATP,2004,6,Melbourne,Australian Open,2004-01-28,Grand Slam,Outdoor,Hard,Quarterfinals,5,Federer R.,Nalbandian D.,2.0,8.0,7.0,5.0,6.0,4.0,5,7.0,6.0,3.0,,,3.0,1.0,Completed,1.533,2.375,1.55,2.45,1.6,2.4,1.4,2.5,1.613,2.45
ATP,2004,6,Melbourne,Australian Open,2004-01-29,Grand Slam,Outdoor,Hard,Semifinals,5,Safin M.,Agassi A.,86.0,4.0,7.0,6.0,7.0,6.0,5,7.0,1.0,6.0,6.0,3.0,3.0,2.0,Completed,3.25,1.364,3.4,1.3,3.35,1.3,2.9,1.3,3.35,1.392
ATP,2004,6,Melbourne,Australian Open,2004-01-30,Grand Slam,Outdoor,Hard,Semifinals,5,Federer R.,Ferrero J.C.,2.0,3.0,6.0,4.0,6.0,1.0,6,4.0,,,,,3.0,0.0,Completed,1.286,3.75,1.25,3.75,1.27,3.81,1.25,3.2,1.299,4.05
ATP,2004,6,Melbourne,Australian Open,2004-01-31,Grand Slam,Outdoor,Hard,The Final,5,Federer R.,Safin M.,2.0,86.0,7.0,6.0,6.0,4.0,6,2.0,,,,,3.0,0.0,Completed,1.4,3.0,1.4,2.85,1.47,2.86,1.35,2.7,1.444,3.0
ATP,2004,30,Paris,French Open,2004-05-24,Grand Slam,Outdoor,Clay,1st Round,5,Moya C.,van Lottum J.,5.0,98.0,6.0,3.0,6.0,4.0,3,6.0,6.0,2.0,,,3.0,1.0,Completed,1.04,9.0,1.04,9.25,1.04,9.25,1.02,7.0,1.043,17.0
ATP,2004,30,Paris,French Open,2004-05-24,Grand Slam,Outdoor,Clay,1st Round,5,Henman T.,Saulnier C.,9.0,79.0,4.0,6.0,4.0,6.0,7,6.0,6.0,4.0,6.0,3.0,3.0,2.0,Completed,1.143,5.0,1.18,4.5,1.13,5.5,1.15,3.8,1.16,5.75
ATP,2004,30,Paris,French Open,2004-05-24,Grand Slam,Outdoor,Clay,1st Round,5,Spadea V.,Serra F.,28.0,224.0,7.0,5.0,1.0,6.0,4,6.0,7.0,6.0,9.0,7.0,3.0,2.0,Completed,1.28,3.5,1.3,3.35,1.25,3.75,1.3,2.7,,
ATP,2004,30,Paris,French Open,2004-05-24,Grand Slam,Outdoor,Clay,1st Round,5,Chela J.I.,Levy H.,23.0,124.0,6.0,3.0,6.0,1.0,6,4.0,,,,,3.0,0.0,Completed,1.063,8.0,1.05,8.5,1.05,7.25,1.05,5.0,1.065,12.5
ATP,2004,30,Paris,French Open,2004-05-24,Grand Slam,Outdoor,Clay,1st Round,5,Labadze I.,Johansson J.,50.0,48.0,7.0,5.0,7.0,6.0,7,5.0,,,,,3.0,0.0,Completed,,,,,1.42,2.75,1.4,2.3,1.392,3.2
ATP,2004,30,Paris,French Open,2004-05-24,Grand Slam,Outdoor,Clay,1st Round,5,Monaco J.,Bogomolov A.,143.0,119.0,6.0,1.0,6.0,1.0,5,7.0,6.0,4.0,,,3.0,1.0,Completed,,,1.25,3.7,1.25,3.75,1.25,3.0,1.274,4.1
ATP,2004,30,Paris,French Open,2004-05-24,Grand Slam,Outdoor,Clay,1st Round,5,Srichaphan P.,Berdych T.,13.0,78.0,6.0,3.0,6.0,4.0,3,6.0,6.0,1.0,,,3.0,1.0,Completed,2.0,1.727,2.1,1.7,2.0,1.75,1.75,1.75,2.25,1.69
ATP,2004,30,Paris,French Open,2004-05-24,Grand Slam,Outdoor,Clay,1st Round,5,Coria G.,Davydenko N.,3.0,57.0,6.0,4.0,6.0,2.0,6,0.0,,,,,3.0,0.0,Completed,1.125,5.5,1.11,6.25,1.1,6.25,1.15,3.8,1.125,7.25
ATP,2004,30,Paris,French Open,2004-05-24,Grand Slam,Outdoor,Clay,1st Round,5,Haehnel J.,Agassi A.,271.0,6.0,6.0,4.0,7.0,6.0,6,3.0,,,,,3.0,0.0,Completed,9.0,1.04,6.25,1.1,7.79,1.06,4.5,1.1,,
ATP,2004,30,Paris,French Open,2004-05-24,Grand Slam,Outdoor,Clay,1st Round,5,Corretja A.,Gambill J.M.,97.0,86.0,6.0,1.0,4.0,6.0,6,3.0,6.0,2.0,,,3.0,1.0,Completed,1.25,3.75,1.22,4.15,1.17,4.67,1.2,3.3,1.267,4.2
ATP,2004,30,Paris,French Open,2004-05-24,Grand Slam,Outdoor,Clay,1st Round,5,Verdasco F.,Rusedski G.,53.0,103.0,7.0,6.0,6.0,0.0,6,0.0,,,,,3.0,0.0,Completed,1.071,7.5,1.05,8.5,1.04,9.25,1.05,5.0,1.063,13.25
ATP,2004,30,Paris,French Open,2004-05-24,Grand Slam,Outdoor,Clay,1st Round,5,Burgsmuller L.,Mahut N.,91.0,107.0,7.0,5.0,6.0,3.0,3,6.0,6.0,1.0,,,3.0,1.0,Completed,1.667,2.1,1.62,2.25,1.65,2.15,1.7,1.8,1.617,2.42
ATP,2004,30,Paris,French Open,2004-05-24,Grand Slam,Outdoor,Clay,1st Round,5,Youzhny M.,van Scheppingen D.,38.0,88.0,6.0,0.0,6.0,4.0,6,2.0,,,,,3.0,0.0,Completed,1.143,5.0,1.1,6.5,1.1,6.25,1.1,4.5,1.125,7.25
ATP,2004,30,Paris,French Open,2004-05-24,Grand Slam,Outdoor,Clay,1st Round,5,Jeanpierre J.,Beck K.,181.0,87.0,6.0,2.0,6.0,4.0,7,5.0,,,,,3.0,0.0,Completed,2.25,1.57,2.4,1.53,1.45,2.6,1.45,2.2,,
ATP,2004,30,Paris,French Open,2004-05-24,Grand Slam,Outdoor,Clay,1st Round,5,Blanco G.,Portas A.,95.0,113.0,7.0,5.0,7.0,5.0,3,6.0,6.0,4.0,,,3.0,1.0,Completed,2.2,1.615,2.3,1.6,2.3,1.6,2.0,1.55,2.59,1.559
ATP,2004,30,Paris,French Open,2004-05-24,Grand Slam,Outdoor,Clay,1st Round,5,Vicente F.,Gicquel M.,148.0,270.0,3.0,6.0,7.0,6.0,6,4.0,6.0,2.0,,,3.0,1.0,Completed,,,1.9,1.85,1.87,1.87,1.85,1.65,,
ATP,2004,30,Paris,French Open,2004-05-24,Grand Slam,Outdoor,Clay,1st Round,5,Mutis O.,Ginepri R.,125.0,39.0,6.0,4.0,6.0,4.0,6,0.0,,,,,3.0,0.0,Completed,2.2,1.615,2.1,1.68,2.15,1.65,2.1,1.5,2.1,1.769
ATP,2004,30,Paris,French Open,2004-05-24,Grand Slam,Outdoor,Clay,1st Round,5,Mayer F.,Gonzalez F.,75.0,16.0,6.0,7.0,6.0,1.0,6,0.0,7.0,6.0,,,3.0,1.0,Completed,4.333,1.2,4.4,1.2,4.67,1.17,3.0,1.25,5.15,1.194
ATP,2004,30,Paris,French Open,2004-05-24,Grand Slam,Outdoor,Clay,1st Round,5,Pavel A.,Hernandez O.,22.0,81.0,6.0,2.0,,,,,,,,,1.0,0.0,Retired,1.143,5.0,1.12,6.0,1.11,5.84,1.1,4.5,1.157,5.85
ATP,2004,30,Paris,French Open,2004-05-24,Grand Slam,Outdoor,Clay,1st Round,5,Ancic M.,Sargsian S.,73.0,45.0,7.0,6.0,4.0,6.0,6,4.0,6.0,4.0,,,3.0,1.0,Completed,1.833,1.833,,,1.8,1.95,1.75,1.75,1.806,2.04
ATP,2004,30,Paris,French Open,2004-05-24,Grand Slam,Outdoor,Clay,1st Round,5,Llodra M.,Popp A.,94.0,84.0,4.0,6.0,6.0,3.0,6,4.0,6.0,2.0,,,3.0,1.0,Completed,1.4,2.75,1.35,3.0,1.32,3.22,1.3,2.7,1.417,3.05
ATP,2004,30,Paris,French Open,2004-05-24,Grand Slam,Outdoor,Clay,1st Round,5,Roddick A.,Martin T.,2.0,63.0,7.0,6.0,6.0,4.0,7,5.0,,,,,3.0,0.0,Completed,1.167,4.5,1.16,5.0,1.17,4.67,1.2,3.3,1.22,4.75
ATP,2004,30,Paris,French Open,2004-05-24,Grand Slam,Outdoor,Clay,1st Round,5,Escude N.,Arthurs W.,76.0,89.0,7.0,6.0,6.0,2.0,6,2.0,,,,,3.0,0.0,Completed,1.727,2.0,1.74,2.04,1.7,2.05,1.6,1.9,1.662,2.31
ATP,2004,30,Paris,French Open,2004-05-24,Grand Slam,Outdoor,Clay,1st Round,5,Voltchkov V.,Stepanek R.,171.0,61.0,6.0,3.0,2.0,6.0,3,6.0,6.0,3.0,11.0,9.0,3.0,2.0,Completed,3.0,1.364,2.85,1.4,2.85,1.4,2.2,1.45,3.25,1.377
ATP,2004,30,Paris,French Open,2004-05-24,Grand Slam,Outdoor,Clay,1st Round,5,Garcia-Lopez G.,Reid T.,183.0,127.0,4.0,6.0,6.0,1.0,6,2.0,6.0,2.0,,,3.0,1.0,Completed,1.364,3.0,1.38,2.9,1.3,3.35,1.3,2.7,1.294,3.9
ATP,2004,30,Paris,French Open,2004-05-24,Grand Slam,Outdoor,Clay,1st Round,5,Robredo T.,Martin A.,17.0,60.0,6.0,3.0,6.0,3.0,6,2.0,,,,,3.0,0.0,Completed,1.333,3.25,1.4,2.85,1.4,2.85,1.3,2.7,1.351,3.4
ATP,2004,30,Paris,French Open,2004-05-24,Grand Slam,Outdoor,Clay,1st Round,5,Horna L.,Philippoussis M.,41.0,18.0,6.0,1.0,7.0,6.0,6,3.0,,,,,3.0,0.0,Completed,1.533,2.375,1.48,2.6,1.45,2.6,1.5,2.1,1.465,2.87
ATP,2004,30,Paris,French Open,2004-05-24,Grand Slam,Outdoor,Clay,1st Round,5,Sluiter R.,Mello R.,82.0,149.0,7.0,5.0,6.0,1.0,3,6.0,6.0,1.0,,,3.0,1.0,Completed,2.0,1.727,2.1,1.7,2.1,1.7,1.75,1.75,2.18,1.725
ATP,2004,30,Paris,French Open,2004-05-24,Grand Slam,Outdoor,Clay,1st Round,5,Zabaleta M.,Robert S.,32.0,170.0,7.0,6.0,6.0,3.0,6,2.0,,,,,3.0,0.0,Completed,1.111,6.0,1.16,5.0,1.15,5.2,1.15,3.8,1.182,5.25
ATP,2004,30,Paris,French Open,2004-05-24,Grand Slam,Outdoor,Clay,1st Round,5,Hrbaty D.,Ulihrach B.,24.0,117.0,6.0,1.0,3.0,1.0,,,,,,,1.0,0.0,Retired,1.222,4.0,1.2,4.4,1.15,5.2,1.2,3.3,1.174,5.25
ATP,2004,30,Paris,French Open,2004-05-24,Grand Slam,Outdoor,Clay,1st Round,5,Massu N.,Tipsarevic J.,11.0,147.0,3.0,6.0,6.0,1.0,6,4.0,7.0,6.0,,,3.0,1.0,Completed,,,1.18,4.5,1.23,3.89,1.15,3.8,,
ATP,2004,30,Paris,French Open,2004-05-25,Grand Slam,Outdoor,Clay,1st Round,5,Enqvist T.,Carlsen K.,65.0,105.0,6.0,2.0,6.0,3.0,6,4.0,,,,,3.0,0.0,Completed,1.364,3.0,1.28,3.5,1.26,3.59,1.35,2.5,1.299,3.8
ATP,2004,30,Paris,French Open,2004-05-25,Grand Slam,Outdoor,Clay,1st Round,5,Kiefer N.,Ascione T.,34.0,85.0,6.0,3.0,6.0,2.0,6,2.0,,,,,3.0,0.0,Completed,1.727,2.0,1.8,1.95,1.8,1.95,1.7,1.8,1.855,1.971
ATP,2004,30,Paris,French Open,2004-05-25,Grand Slam,Outdoor,Clay,1st Round,5,Starace P.,Tursunov D.,202.0,69.0,6.0,2.0,6.0,3.0,6,4.0,,,,,3.0,0.0,Completed,1.57,2.25,1.55,2.35,1.55,2.35,1.5,2.1,1.621,2.41
ATP,2004,30,Paris,French Open,2004-05-25,Grand Slam,Outdoor,Clay,1st Round,5,Hanescu V.,Lisnard J.R.,66.0,132.0,7.0,5.0,6.0,2.0,6,4.0,,,,,3.0,0.0,Completed,1.25,3.75,1.25,3.8,1.25,3.75,1.25,3.0,1.308,3.75
ATP,2004,30,Paris,French Open,2004-05-25,Grand Slam,Outdoor,Clay,1st Round,5,Federer R.,Vliegen K.,1.0,110.0,6.0,1.0,6.0,2.0,6,1.0,,,,,3.0,0.0,Completed,1.02,11.0,1.03,10.0,1.03,10.5,1.03,6.0,1.033,21.0
ATP,2004,30,Paris,French Open,2004-05-25,Grand Slam,Outdoor,Clay,1st Round,5,Verkerk M.,Boutter J.,19.0,492.0,7.0,5.0,6.0,3.0,6,1.0,,,,,3.0,0.0,Completed,1.143,5.0,1.17,4.65,1.17,4.67,1.15,3.8,1.215,4.85
ATP,2004,30,Paris,French Open,2004-05-25,Grand Slam,Outdoor,Clay,1st Round,5,Elsner D.,Peya A.,161.0,128.0,6.0,1.0,7.0,6.0,6,2.0,,,,,3.0,0.0,Completed,2.1,1.667,1.9,1.83,1.87,1.87,1.75,1.75,1.909,1.909
ATP,2004,30,Paris,French Open,2004-05-25,Grand Slam,Outdoor,Clay,1st Round,5,Grosjean S.,Kim K.,10.0,208.0,6.0,1.0,6.0,1.0,6,4.0,,,,,3.0,0.0,Completed,1.083,7.0,1.12,5.75,1.1,6.75,1.15,3.8,1.105,8.0
ATP,2004,30,Paris,French Open,2004-05-25,Grand Slam,Outdoor,Clay,1st Round,5,Malisse X.,Schuettler R.,54.0,7.0,6.0,4.0,7.0,5.0,6,4.0,,,,,3.0,0.0,Completed,2.75,1.4,3.0,1.37,3.1,1.35,3.0,1.25,2.95,1.444
ATP,2004,30,Paris,French Open,2004-05-25,Grand Slam,Outdoor,Clay,1st Round,5,Bjorkman J.,Dent T.,26.0,35.0,6.0,3.0,2.0,6.0,6,3.0,3.0,6.0,6.0,2.0,3.0,2.0,Completed,1.615,2.2,1.5,2.5,1.5,2.45,1.5,2.1,1.552,2.61
ATP,2004,30,Paris,French Open,2004-05-25,Grand Slam,Outdoor,Clay,1st Round,5,Ljubicic I.,Arazi H.,27.0,37.0,6.0,7.0,6.0,4.0,6,7.0,6.0,3.0,6.0,3.0,3.0,2.0,Completed,1.444,2.625,1.53,2.45,1.45,2.6,1.5,2.1,1.538,2.66
ATP,2004,30,Paris,French Open,2004-05-25,Grand Slam,Outdoor,Clay,1st Round,5,Koubek S.,Sanchez D.,96.0,55.0,6.0,3.0,7.0,5.0,3,6.0,6.0,7.0,6.0,0.0,3.0,2.0,Completed,3.75,1.25,4.65,1.18,3.89,1.23,3.8,1.15,4.55,1.235
ATP,2004,30,Paris,French Open,2004-05-25,Grand Slam,Outdoor,Clay,1st Round,5,Ferrer D.,Rochus O.,52.0,70.0,6.0,1.0,6.0,1.0,6,3.0,,,,,3.0,0.0,Completed,1.5,2.5,1.53,2.45,1.4,2.85,1.45,2.2,1.526,2.7
ATP,2004,30,Paris,French Open,2004-05-25,Grand Slam,Outdoor,Clay,1st Round,5,Benneteau J.,Mirnyi M.,92.0,31.0,7.0,5.0,7.0,5.0,1,6.0,6.0,3.0,,,3.0,1.0,Completed,2.375,1.533,2.2,1.65,2.12,1.67,2.3,1.4,2.25,1.69
ATP,2004,30,Paris,French Open,2004-05-25,Grand Slam,Outdoor,Clay,1st Round,5,Santoro F.,Clement A.,58.0,33.0,6.0,4.0,6.0,3.0,6,7.0,3.0,6.0,16.0,14.0,3.0,2.0,Completed,2.2,1.615,2.1,1.68,2.15,1.65,1.9,1.6,2.13,1.752
ATP,2004,30,Paris,French Open,2004-05-25,Grand Slam,Outdoor,Clay,1st Round,5,Mantilla F.,Salzenstein J.,93.0,102.0,6.0,4.0,6.0,1.0,6,7.0,6.0,2.0,,,3.0,1.0,Completed,1.111,6.0,1.12,5.5,1.1,5.85,1.1,4.5,1.143,6.35
ATP,2004,30,Paris,French Open,2004-05-25,Grand Slam,Outdoor,Clay,1st Round,5,Novak J.,Dupuis A.,14.0,83.0,6.0,4.0,6.0,4.0,6,7.0,6.0,3.0,,,3.0,1.0,Completed,1.143,5.0,1.13,5.65,1.17,4.67,1.1,4.5,1.143,6.35
ATP,2004,30,Paris,French Open,2004-05-25,Grand Slam,Outdoor,Clay,1st Round,5,Falla A.,Pless K.,146.0,846.0,6.0,2.0,4.0,6.0,6,1.0,6.0,2.0,,,3.0,1.0,Completed,1.14,5.0,1.13,5.5,1.13,5.5,1.1,4.5,1.174,5.25
ATP,2004,30,Paris,French Open,2004-05-25,Grand Slam,Outdoor,Clay,1st Round,5,Safin M.,Calleri A.,20.0,42.0,5.0,7.0,6.0,1.0,4,1.0,,,,,1.0,1.0,Retired,1.4,2.75,1.5,2.55,1.45,2.6,1.45,2.2,1.465,2.85
ATP,2004,30,Paris,French Open,2004-05-25,Grand Slam,Outdoor,Clay,1st Round,5,Lee H.T.,Soderling R.,123.0,46.0,0.0,6.0,3.0,6.0,6,3.0,6.0,4.0,7.0,5.0,3.0,2.0,Completed,,,2.3,1.57,2.6,1.45,2.1,1.5,,
ATP,2004,30,Paris,French Open,2004-05-25,Grand Slam,Outdoor,Clay,1st Round,5,Costa A.,Saretta F.,29.0,56.0,6.0,2.0,6.0,2.0,6,7.0,6.0,4.0,,,3.0,1.0,Completed,1.4,2.75,1.35,3.1,1.45,2.6,1.35,2.5,1.408,3.1
ATP,2004,30,Paris,French Open,2004-05-25,Grand Slam,Outdoor,Clay,1st Round,5,Kucera K.,Karlovic I.,71.0,59.0,7.0,6.0,6.0,4.0,6,4.0,,,,,3.0,0.0,Completed,2.25,1.571,2.35,1.57,2.35,1.55,1.9,1.6,2.46,1.602
ATP,2004,30,Paris,French Open,2004-05-25,Grand Slam,Outdoor,Clay,1st Round,5,Lopez F.,Lapentti N.,25.0,62.0,5.0,7.0,6.0,4.0,6,4.0,6.0,4.0,,,3.0,1.0,Completed,1.727,2.0,1.8,1.95,1.87,1.87,1.65,1.85,1.855,1.971
ATP,2004,30,Paris,French Open,2004-05-25,Grand Slam,Outdoor,Clay,1st Round,5,Nalbandian D.,Gasquet R.,8.0,106.0,6.0,4.0,7.0,5.0,7,6.0,,,,,3.0,0.0,Completed,1.1,6.0,1.16,5.0,1.11,5.84,1.15,3.8,1.167,5.5
ATP,2004,30,Paris,French Open,2004-05-25,Grand Slam,Outdoor,Clay,1st Round,5,Rochus C.,Lopez M.,112.0,111.0,6.0,4.0,6.0,1.0,6,1.0,,,,,3.0,0.0,Completed,1.833,1.833,1.95,1.8,1.95,1.8,2.0,1.55,2.05,1.8
ATP,2004,30,Paris,French Open,2004-05-25,Grand Slam,Outdoor,Clay,1st Round,5,Ferrero J.C.,Haas T.,4.0,115.0,3.0,6.0,6.0,4.0,6,4.0,6.0,2.0,,,3.0,1.0,Completed,1.364,3.0,,,,,1.4,2.3,1.649,2.34
ATP,2004,30,Paris,French Open,2004-05-25,Grand Slam,Outdoor,Clay,1st Round,5,Hewitt L.,di Pasquale A.,12.0,397.0,6.0,0.0,7.0,6.0,4,6.0,6.0,1.0,,,3.0,1.0,Completed,1.125,5.5,1.14,5.4,1.2,4.25,1.1,4.5,1.167,5.5
ATP,2004,30,Paris,French Open,2004-05-25,Grand Slam,Outdoor,Clay,1st Round,5,Kuerten G.,Almagro N.,30.0,130.0,7.0,5.0,7.0,6.0,1,6.0,3.0,6.0,7.0,5.0,3.0,2.0,Completed,1.4,2.75,1.42,2.75,1.4,2.85,1.4,2.3,1.5,2.77
ATP,2004,30,Paris,French Open,2004-05-25,Grand Slam,Outdoor,Clay,1st Round,5,Melzer J.,Ferreira W.,51.0,68.0,6.0,7.0,6.0,2.0,6,4.0,6.0,3.0,,,3.0,1.0,Completed,1.286,3.5,1.22,4.1,1.25,3.75,1.3,2.7,1.282,4.0
ATP,2004,30,Paris,French Open,2004-05-25,Grand Slam,Outdoor,Clay,1st Round,5,Patience O.,Volandri F.,99.0,47.0,6.0,3.0,7.0,6.0,6,0.0,,,,,3.0,0.0,Completed,3.75,1.25,3.85,1.25,4.25,1.2,3.3,1.2,4.25,1.26
ATP,2004,30,Paris,French Open,2004-05-25,Grand Slam,Outdoor,Clay,1st Round,5,Elseneer G.,Ramirez-Hidalgo R.,100.0,80.0,3.0,6.0,7.0,5.0,4,6.0,6.0,4.0,6.0,3.0,3.0,2.0,Completed,4.333,1.2,4.6,1.18,3.98,1.22,3.3,1.2,5.0,1.2
ATP,2004,30,Paris,French Open,2004-05-25,Grand Slam,Outdoor,Clay,1st Round,5,Andreev I.,Vacek J.,77.0,108.0,6.0,3.0,6.0,1.0,6,4.0,,,,,3.0,0.0,Completed,1.333,3.25,1.3,3.4,1.3,3.35,1.25,3.0,1.299,3.85
ATP,2004,30,Paris,French Open,2004-05-26,Grand Slam,Outdoor,Clay,1st Round,5,Gaudio G.,Canas G.,44.0,72.0,6.0,2.0,2.0,6.0,4,6.0,6.0,3.0,6.0,2.0,3.0,2.0,Completed,1.571,2.25,1.6,2.3,1.55,2.35,1.5,2.1,1.588,2.5
ATP,2004,30,Paris,French Open,2004-05-26,Grand Slam,Outdoor,Clay,2nd Round,5,Coria G.,Monaco J.,3.0,143.0,7.0,5.0,6.0,1.0,6,3.0,,,,,3.0,0.0,Completed,1.04,9.0,1.06,8.0,1.05,7.75,1.05,5.0,1.05,15.25
ATP,2004,30,Paris,French Open,2004-05-26,Grand Slam,Outdoor,Clay,2nd Round,5,Chela J.I.,Verdasco F.,23.0,53.0,7.0,5.0,6.0,2.0,6,2.0,,,,,3.0,0.0,Completed,2.1,1.667,2.05,1.75,2.0,1.75,1.75,1.75,2.1,1.769
ATP,2004,30,Paris,French Open,2004-05-26,Grand Slam,Outdoor,Clay,2nd Round,5,Blanco G.,Horna L.,95.0,41.0,2.0,6.0,6.0,4.0,1,6.0,6.0,2.0,6.0,3.0,3.0,2.0,Completed,4.5,1.167,5.0,1.16,4.25,1.2,4.5,1.1,4.85,1.211
ATP,2004,30,Paris,French Open,2004-05-26,Grand Slam,Outdoor,Clay,2nd Round,5,Corretja A.,Srichaphan P.,97.0,13.0,6.0,4.0,7.0,5.0,6,3.0,,,,,3.0,0.0,Completed,1.286,3.5,1.35,3.1,1.28,3.46,1.3,2.7,1.4,3.15
ATP,2004,30,Paris,French Open,2004-05-26,Grand Slam,Outdoor,Clay,2nd Round,5,Ancic M.,Zabaleta M.,73.0,32.0,6.0,3.0,6.0,4.0,3,6.0,6.0,4.0,,,3.0,1.0,Completed,3.25,1.333,3.2,1.33,3.35,1.3,2.7,1.3,3.25,1.385
ATP,2004,30,Paris,French Open,2004-05-26,Grand Slam,Outdoor,Clay,2nd Round,5,Moya C.,Vicente F.,5.0,148.0,6.0,1.0,6.0,2.0,6,1.0,,,,,3.0,0.0,Completed,1.04,9.0,1.06,8.5,1.05,7.75,1.03,6.0,1.05,15.25
ATP,2004,30,Paris,French Open,2004-05-26,Grand Slam,Outdoor,Clay,2nd Round,5,Escude N.,Mayer F.,76.0,75.0,6.0,4.0,6.0,3.0,6,4.0,,,,,3.0,0.0,Completed,2.5,1.5,2.7,1.45,2.75,1.42,2.3,1.4,2.75,1.5
ATP,2004,30,Paris,French Open,2004-05-26,Grand Slam,Outdoor,Clay,2nd Round,5,Sluiter R.,Hrbaty D.,82.0,24.0,6.0,4.0,6.0,4.0,3,6.0,7.0,6.0,,,3.0,1.0,Completed,3.75,1.25,3.15,1.33,3.75,1.25,2.3,1.4,3.5,1.345
ATP,2004,30,Paris,French Open,2004-05-26,Grand Slam,Outdoor,Clay,2nd Round,5,Henman T.,Burgsmuller L.,9.0,91.0,6.0,0.0,6.0,3.0,6,3.0,,,,,3.0,0.0,Completed,1.25,3.75,1.32,3.2,1.28,3.46,1.25,3.0,1.345,3.45
ATP,2004,30,Paris,French Open,2004-05-26,Grand Slam,Outdoor,Clay,2nd Round,5,Jeanpierre J.,Spadea V.,181.0,28.0,6.0,4.0,6.0,2.0,7,5.0,,,,,3.0,0.0,Completed,2.75,1.4,2.6,1.48,2.45,1.5,2.2,1.45,2.82,1.476
ATP,2004,30,Paris,French Open,2004-05-26,Grand Slam,Outdoor,Clay,2nd Round,5,Robredo T.,Garcia-Lopez G.,17.0,183.0,6.0,4.0,3.0,6.0,7,5.0,6.0,4.0,,,3.0,1.0,Completed,1.125,5.5,1.12,6.0,1.1,6.25,1.15,3.8,1.143,6.25
ATP,2004,30,Paris,French Open,2004-05-26,Grand Slam,Outdoor,Clay,2nd Round,5,Massu N.,Voltchkov V.,11.0,171.0,6.0,3.0,6.0,1.0,6,0.0,,,,,3.0,0.0,Completed,1.167,4.5,1.13,5.65,1.13,5.5,1.1,4.5,1.154,6.0
ATP,2004,30,Paris,French Open,2004-05-26,Grand Slam,Outdoor,Clay,2nd Round,5,Santoro F.,Labadze I.,58.0,50.0,6.0,4.0,3.0,6.0,2,6.0,6.0,1.0,6.0,2.0,3.0,2.0,Completed,2.2,1.615,,,2.15,1.65,1.85,1.65,2.23,1.699
ATP,2004,30,Paris,French Open,2004-05-26,Grand Slam,Outdoor,Clay,2nd Round,5,Youzhny M.,Pavel A.,38.0,22.0,6.0,7.0,7.0,6.0,1,6.0,7.0,6.0,6.0,2.0,3.0,2.0,Completed,2.375,1.533,2.2,1.65,2.3,1.6,1.9,1.6,2.42,1.617
ATP,2004,30,Paris,French Open,2004-05-26,Grand Slam,Outdoor,Clay,2nd Round,5,Mutis O.,Roddick A.,125.0,2.0,3.0,6.0,6.0,3.0,6,7.0,6.0,3.0,6.0,2.0,3.0,2.0,Completed,6.5,1.1,5.65,1.13,5.84,1.11,3.8,1.15,5.5,1.167
ATP,2004,30,Paris,French Open,2004-05-26,Grand Slam,Outdoor,Clay,2nd Round,5,Llodra M.,Haehnel J.,94.0,271.0,6.0,3.0,6.0,2.0,3,6.0,6.0,1.0,,,3.0,1.0,Completed,1.61,2.2,1.65,2.2,1.7,2.1,1.75,1.75,,
ATP,2004,30,Paris,French Open,2004-05-27,Grand Slam,Outdoor,Clay,2nd Round,5,Costa A.,Rochus C.,29.0,112.0,6.0,1.0,6.0,2.0,7,5.0,,,,,3.0,0.0,Completed,1.222,4.0,1.28,3.55,1.3,3.35,1.3,2.7,1.323,3.6
ATP,2004,30,Paris,French Open,2004-05-27,Grand Slam,Outdoor,Clay,2nd Round,5,Lopez F.,Kucera K.,25.0,71.0,6.0,7.0,6.0,3.0,6,4.0,6.0,4.0,,,3.0,1.0,Completed,1.571,2.25,1.65,2.2,1.55,2.35,1.5,2.1,1.676,2.31
ATP,2004,30,Paris,French Open,2004-05-27,Grand Slam,Outdoor,Clay,2nd Round,5,Hewitt L.,Melzer J.,12.0,51.0,6.0,4.0,6.0,4.0,4,6.0,6.0,2.0,,,3.0,1.0,Completed,1.333,3.25,1.3,3.35,1.28,3.46,1.2,3.3,1.357,3.4
ATP,2004,30,Paris,French Open,2004-05-27,Grand Slam,Outdoor,Clay,2nd Round,5,Lee H.T.,Patience O.,123.0,99.0,6.0,4.0,6.0,4.0,6,3.0,,,,,3.0,0.0,Completed,3.5,1.286,3.75,1.25,3.35,1.3,3.0,1.25,3.75,1.308
ATP,2004,30,Paris,French Open,2004-05-27,Grand Slam,Outdoor,Clay,2nd Round,5,Federer R.,Kiefer N.,1.0,34.0,6.0,3.0,6.0,4.0,7,6.0,,,,,3.0,0.0,Completed,1.05,9.0,1.06,8.5,1.05,7.75,1.03,6.0,1.05,15.5
ATP,2004,30,Paris,French Open,2004-05-27,Grand Slam,Outdoor,Clay,2nd Round,5,Malisse X.,Elsner D.,54.0,161.0,6.0,3.0,4.0,0.0,,,,,,,1.0,0.0,Retired,1.286,3.5,1.36,3.1,1.37,2.92,1.35,2.5,1.4,3.2
ATP,2004,30,Paris,French Open,2004-05-27,Grand Slam,Outdoor,Clay,2nd Round,5,Benneteau J.,Ferrer D.,92.0,52.0,6.0,3.0,1.0,6.0,6,2.0,7.0,5.0,,,3.0,1.0,Completed,3.25,1.333,3.2,1.33,3.1,1.35,3.0,1.25,3.12,1.413
ATP,2004,30,Paris,French Open,2004-05-27,Grand Slam,Outdoor,Clay,2nd Round,5,Verkerk M.,Hanescu V.,19.0,66.0,4.0,6.0,6.0,3.0,3,6.0,6.0,0.0,3.0,0.0,2.0,2.0,Retired,1.571,2.25,1.57,2.35,1.6,2.3,1.5,2.1,1.617,2.44
ATP,2004,30,Paris,French Open,2004-05-27,Grand Slam,Outdoor,Clay,2nd Round,5,Kuerten G.,Elseneer G.,30.0,100.0,6.0,2.0,6.0,0.0,6,3.0,,,,,3.0,0.0,Completed,1.143,5.0,1.13,5.65,1.15,5.2,1.05,5.0,1.154,6.0
ATP,2004,30,Paris,French Open,2004-05-27,Grand Slam,Outdoor,Clay,2nd Round,5,Koubek S.,Ljubicic I.,96.0,27.0,6.0,0.0,1.0,6.0,6,4.0,6.0,2.0,,,3.0,1.0,Completed,3.25,1.333,3.35,1.31,3.1,1.35,2.7,1.3,3.45,1.345
ATP,2004,30,Paris,French Open,2004-05-27,Grand Slam,Outdoor,Clay,2nd Round,5,Starace P.,Grosjean S.,202.0,10.0,7.0,6.0,6.0,3.0,6,4.0,,,,,3.0,0.0,Completed,4.5,1.16,4.4,1.2,4.67,1.17,3.8,1.15,4.85,1.211
ATP,2004,30,Paris,French Open,2004-05-27,Grand Slam,Outdoor,Clay,2nd Round,5,Gaudio G.,Novak J.,44.0,14.0,2.0,6.0,6.0,4.0,6,4.0,5.0,7.0,6.0,3.0,3.0,2.0,Completed,1.5,2.5,1.53,2.45,1.5,2.45,1.35,2.5,1.513,2.72
ATP,2004,30,Paris,French Open,2004-05-27,Grand Slam,Outdoor,Clay,2nd Round,5,Andreev I.,Ferrero J.C.,77.0,4.0,6.0,4.0,6.0,2.0,6,3.0,,,,,3.0,0.0,Completed,5.0,1.143,5.0,1.14,5.2,1.15,3.8,1.15,5.5,1.174
ATP,2004,30,Paris,French Open,2004-05-27,Grand Slam,Outdoor,Clay,2nd Round,5,Nalbandian D.,Falla A.,8.0,146.0,5.0,7.0,6.0,0.0,6,2.0,6.0,0.0,,,3.0,1.0,Completed,1.07,7.5,1.08,7.25,1.1,6.75,1.1,4.5,1.077,10.5
ATP,2004,30,Paris,French Open,2004-05-27,Grand Slam,Outdoor,Clay,2nd Round,5,Enqvist T.,Bjorkman J.,65.0,26.0,6.0,3.0,3.0,6.0,7,6.0,6.0,3.0,,,3.0,1.0,Completed,1.8,1.909,1.77,2.0,1.67,2.12,1.6,1.9,1.758,2.16
ATP,2004,30,Paris,French Open,2004-05-28,Grand Slam,Outdoor,Clay,2nd Round,5,Safin M.,Mantilla F.,20.0,93.0,6.0,4.0,2.0,6.0,6,2.0,6.0,7.0,11.0,9.0,3.0,2.0,Completed,1.286,3.5,1.36,3.0,1.37,2.92,1.35,2.5,1.328,3.6
ATP,2004,30,Paris,French Open,2004-05-28,Grand Slam,Outdoor,Clay,3rd Round,5,Chela J.I.,Corretja A.,23.0,97.0,6.0,4.0,6.0,4.0,4,6.0,6.0,3.0,,,3.0,1.0,Completed,1.333,3.25,1.3,3.4,1.3,3.35,1.25,3.0,1.323,3.6
ATP,2004,30,Paris,French Open,2004-05-28,Grand Slam,Outdoor,Clay,3rd Round,5,Escude N.,Youzhny M.,76.0,38.0,6.0,2.0,7.0,5.0,6,7.0,6.0,2.0,,,3.0,1.0,Completed,2.2,1.615,2.5,1.5,2.35,1.55,1.85,1.65,2.35,1.654
ATP,2004,30,Paris,French Open,2004-05-28,Grand Slam,Outdoor,Clay,3rd Round,5,Llodra M.,Jeanpierre J.,94.0,181.0,6.0,2.0,6.0,2.0,6,3.0,,,,,3.0,0.0,Completed,1.66,2.1,1.75,2.05,1.75,2.0,1.7,1.8,1.813,2.07
ATP,2004,30,Paris,French Open,2004-05-28,Grand Slam,Outdoor,Clay,3rd Round,5,Henman T.,Blanco G.,9.0,95.0,7.0,6.0,6.0,1.0,6,2.0,,,,,3.0,0.0,Completed,1.25,3.75,1.3,3.4,1.25,3.9,1.15,3.8,1.317,3.65
ATP,2004,30,Paris,French Open,2004-05-28,Grand Slam,Outdoor,Clay,3rd Round,5,Robredo T.,Massu N.,17.0,11.0,6.0,2.0,6.0,0.0,6,3.0,,,,,3.0,0.0,Completed,1.667,2.1,1.6,2.3,1.65,2.2,1.55,2.0,1.658,2.34
ATP,2004,30,Paris,French Open,2004-05-28,Grand Slam,Outdoor,Clay,3rd Round,5,Coria G.,Ancic M.,3.0,73.0,6.0,3.0,6.0,1.0,6,2.0,,,,,3.0,0.0,Completed,1.063,8.0,1.07,8.0,1.07,7.19,1.03,6.0,1.093,9.5
ATP,2004,30,Paris,French Open,2004-05-28,Grand Slam,Outdoor,Clay,3rd Round,5,Moya C.,Sluiter R.,5.0,82.0,6.0,0.0,6.0,3.0,6,4.0,,,,,3.0,0.0,Completed,1.05,9.0,1.06,8.5,1.07,7.19,1.05,5.0,1.056,14.75
ATP,2004,30,Paris,French Open,2004-05-28,Grand Slam,Outdoor,Clay,3rd Round,5,Mutis O.,Santoro F.,125.0,58.0,6.0,0.0,6.0,2.0,6,3.0,,,,,3.0,0.0,Completed,2.0,1.727,1.95,1.83,1.95,1.8,1.75,1.75,2.0,1.862
ATP,2004,30,Paris,French Open,2004-05-29,Grand Slam,Outdoor,Clay,3rd Round,5,Gaudio G.,Enqvist T.,44.0,65.0,6.0,0.0,6.0,4.0,6,7.0,6.0,4.0,,,3.0,1.0,Completed,1.2,4.333,1.16,5.0,1.17,4.67,1.2,3.3,1.167,5.65
ATP,2004,30,Paris,French Open,2004-05-29,Grand Slam,Outdoor,Clay,3rd Round,5,Kuerten G.,Federer R.,30.0,1.0,6.0,4.0,6.0,4.0,6,4.0,,,,,3.0,0.0,Completed,4.5,1.167,4.65,1.18,3.89,1.23,3.8,1.15,4.7,1.222
ATP,2004,30,Paris,French Open,2004-05-29,Grand Slam,Outdoor,Clay,3rd Round,5,Andreev I.,Benneteau J.,77.0,92.0,7.0,6.0,7.0,6.0,6,3.0,,,,,3.0,0.0,Completed,1.909,1.8,2.0,1.76,1.87,1.87,1.8,1.7,1.926,1.926
ATP,2004,30,Paris,French Open,2004-05-29,Grand Slam,Outdoor,Clay,3rd Round,5,Lopez F.,Lee H.T.,25.0,123.0,7.0,6.0,4.0,6.0,6,0.0,6.0,3.0,,,3.0,1.0,Completed,1.286,3.5,1.28,3.5,1.35,3.1,1.3,2.7,1.357,3.4
ATP,2004,30,Paris,French Open,2004-05-29,Grand Slam,Outdoor,Clay,3rd Round,5,Nalbandian D.,Koubek S.,8.0,96.0,6.0,7.0,6.0,3.0,7,6.0,7.0,5.0,,,3.0,1.0,Completed,1.125,5.5,1.1,6.5,1.15,5.2,1.1,4.5,1.138,6.65
ATP,2004,30,Paris,French Open,2004-05-29,Grand Slam,Outdoor,Clay,3rd Round,5,Hewitt L.,Verkerk M.,12.0,19.0,6.0,2.0,3.0,6.0,4,6.0,6.0,2.0,6.0,0.0,3.0,2.0,Completed,1.4,2.75,1.42,2.8,1.4,2.85,1.45,2.2,1.488,2.82
ATP,2004,30,Paris,French Open,2004-05-29,Grand Slam,Outdoor,Clay,3rd Round,5,Safin M.,Starace P.,20.0,202.0,6.0,7.0,6.0,4.0,3,6.0,7.0,5.0,7.0,5.0,3.0,2.0,Completed,1.14,5.0,1.18,4.65,1.17,4.67,1.15,3.8,1.208,4.9
ATP,2004,30,Paris,French Open,2004-05-30,Grand Slam,Outdoor,Clay,3rd Round,5,Malisse X.,Costa A.,54.0,29.0,6.0,4.0,2.0,6.0,4,6.0,7.0,6.0,8.0,6.0,3.0,2.0,Completed,3.0,1.364,3.2,1.32,2.85,1.4,2.3,1.4,3.6,1.328
ATP,2004,30,Paris,French Open,2004-05-30,Grand Slam,Outdoor,Clay,4th Round,5,Chela J.I.,Mutis O.,23.0,125.0,4.0,6.0,6.0,2.0,7,6.0,6.0,2.0,,,3.0,1.0,Completed,1.25,3.75,1.3,3.5,1.4,2.85,1.35,2.5,1.37,3.3
ATP,2004,30,Paris,French Open,2004-05-30,Grand Slam,Outdoor,Clay,4th Round,5,Henman T.,Llodra M.,9.0,94.0,6.0,7.0,4.0,6.0,6,4.0,6.0,3.0,9.0,7.0,3.0,2.0,Completed,1.222,4.0,1.28,3.65,1.28,3.46,1.4,2.3,1.313,3.7
ATP,2004,30,Paris,French Open,2004-05-30,Grand Slam,Outdoor,Clay,4th Round,5,Coria G.,Escude N.,3.0,76.0,6.0,0.0,,,,,,,,,1.0,0.0,Retired,1.071,7.5,1.08,7.75,1.1,6.75,1.1,4.5,1.085,9.75
ATP,2004,30,Paris,French Open,2004-05-30,Grand Slam,Outdoor,Clay,4th Round,5,Moya C.,Robredo T.,5.0,17.0,7.0,6.0,6.0,4.0,6,2.0,,,,,3.0,0.0,Completed,1.25,3.75,1.28,3.65,1.28,3.46,1.3,2.7,1.308,3.75
ATP,2004,30,Paris,French Open,2004-05-31,Grand Slam,Outdoor,Clay,4th Round,5,Kuerten G.,Lopez F.,30.0,25.0,6.0,3.0,7.0,5.0,6,4.0,,,,,3.0,0.0,Completed,1.286,3.5,1.25,3.8,1.28,3.46,1.3,2.7,1.317,3.65
ATP,2004,30,Paris,French Open,2004-05-31,Grand Slam,Outdoor,Clay,4th Round,5,Gaudio G.,Andreev I.,44.0,77.0,6.0,4.0,7.0,5.0,6,3.0,,,,,3.0,0.0,Completed,1.3,3.4,1.3,3.4,1.37,2.92,1.3,2.7,1.37,3.35
ATP,2004,30,Paris,French Open,2004-05-31,Grand Slam,Outdoor,Clay,4th Round,5,Hewitt L.,Malisse X.,12.0,54.0,7.0,5.0,6.0,2.0,7,6.0,,,,,3.0,0.0,Completed,1.364,3.0,1.4,2.85,1.42,2.75,1.45,2.2,1.444,3.0
ATP,2004,30,Paris,French Open,2004-05-31,Grand Slam,Outdoor,Clay,4th Round,5,Nalbandian D.,Safin M.,8.0,20.0,7.0,5.0,6.0,4.0,6,7.0,6.0,3.0,,,3.0,1.0,Completed,1.667,2.1,1.6,2.3,1.6,2.4,1.55,2.0,1.617,2.42
ATP,2004,30,Paris,French Open,2004-06-01,Grand Slam,Outdoor,Clay,Quarterfinals,5,Coria G.,Moya C.,3.0,5.0,7.0,5.0,7.0,6.0,6,3.0,,,,,3.0,0.0,Completed,1.444,2.75,1.48,2.65,1.51,2.57,1.55,2.0,1.529,2.69
ATP,2004,30,Paris,French Open,2004-06-01,Grand Slam,Outdoor,Clay,Quarterfinals,5,Henman T.,Chela J.I.,9.0,23.0,6.0,2.0,6.0,4.0,6,4.0,,,,,3.0,0.0,Completed,2.75,1.444,2.65,1.48,2.72,1.47,1.9,1.6,3.16,1.408
ATP,2004,30,Paris,French Open,2004-06-02,Grand Slam,Outdoor,Clay,Quarterfinals,5,Gaudio G.,Hewitt L.,44.0,12.0,6.0,3.0,6.0,2.0,6,2.0,,,,,3.0,0.0,Completed,2.1,1.727,2.1,1.73,2.07,1.76,1.75,1.85,2.1,1.794
ATP,2004,30,Paris,French Open,2004-06-02,Grand Slam,Outdoor,Clay,Quarterfinals,5,Nalbandian D.,Kuerten G.,8.0,30.0,6.0,2.0,3.0,6.0,6,4.0,7.0,6.0,,,3.0,1.0,Completed,1.8,2.0,1.88,1.92,1.8,2.03,1.85,1.75,1.877,1.98
ATP,2004,30,Paris,French Open,2004-06-04,Grand Slam,Outdoor,Clay,Semifinals,5,Gaudio G.,Nalbandian D.,44.0,8.0,6.0,3.0,7.0,6.0,6,0.0,,,,,3.0,0.0,Completed,2.375,1.533,2.45,1.55,2.4,1.6,2.1,1.55,2.54,1.575
ATP,2004,30,Paris,French Open,2004-06-04,Grand Slam,Outdoor,Clay,Semifinals,5,Coria G.,Henman T.,3.0,9.0,3.0,6.0,6.0,4.0,6,0.0,7.0,5.0,,,3.0,1.0,Completed,1.143,5.0,1.15,5.5,1.16,5.66,1.15,4.0,1.16,5.85
ATP,2004,30,Paris,French Open,2004-06-06,Grand Slam,Outdoor,Clay,The Final,5,Gaudio G.,Coria G.,44.0,3.0,0.0,6.0,3.0,6.0,6,4.0,6.0,1.0,8.0,6.0,3.0,2.0,Completed,4.0,1.25,3.75,1.25,3.63,1.34,,,3.65,1.323
ATP,2004,35,London,Wimbledon,2004-06-21,Grand Slam,Outdoor,Grass,1st Round,5,Santoro F.,Martin A.,53.0,61.0,7.0,5.0,6.0,2.0,3,6.0,6.0,2.0,,,3.0,1.0,Completed,1.4,2.75,1.5,2.5,1.45,2.6,1.4,2.3,1.535,2.67
ATP,2004,35,London,Wimbledon,2004-06-21,Grand Slam,Outdoor,Grass,1st Round,5,Ginepri R.,Tipsarevic J.,34.0,136.0,4.0,6.0,7.0,5.0,6,3.0,6.0,3.0,,,3.0,1.0,Completed,1.4,2.75,1.45,2.65,1.53,2.4,1.5,2.1,1.552,2.61
ATP,2004,35,London,Wimbledon,2004-06-21,Grand Slam,Outdoor,Grass,1st Round,5,Verdasco F.,Weiner G.,40.0,141.0,6.0,4.0,6.0,4.0,6,4.0,,,,,3.0,0.0,Completed,1.333,3.25,1.3,3.4,1.35,3.1,1.3,2.7,1.392,3.2
ATP,2004,35,London,Wimbledon,2004-06-21,Grand Slam,Outdoor,Grass,1st Round,5,Falla A.,Knowle J.,138.0,209.0,2.0,6.0,6.0,3.0,6,1.0,6.0,3.0,,,3.0,1.0,Completed,2.1,1.66,2.2,1.65,2.12,1.67,2.2,1.45,2.35,1.645
ATP,2004,35,London,Wimbledon,2004-06-21,Grand Slam,Outdoor,Grass,1st Round,5,Koubek S.,Acasuso J.,95.0,97.0,4.0,6.0,6.0,4.0,6,1.0,6.0,1.0,,,3.0,1.0,Completed,1.333,3.25,1.35,3.1,1.3,3.35,1.3,2.7,1.345,3.5
ATP,2004,35,London,Wimbledon,2004-06-21,Grand Slam,Outdoor,Grass,1st Round,5,Bjorkman J.,Sluiter R.,27.0,79.0,5.0,7.0,6.0,1.0,7,5.0,6.0,1.0,,,3.0,1.0,Completed,1.571,2.25,1.67,2.15,1.7,2.1,1.5,2.1,1.735,2.16
ATP,2004,35,London,Wimbledon,2004-06-21,Grand Slam,Outdoor,Grass,1st Round,5,Johansson T.,Kiefer N.,123.0,33.0,4.0,6.0,4.0,6.0,6,4.0,6.0,3.0,6.0,0.0,3.0,2.0,Completed,1.667,2.1,1.67,2.15,1.7,2.1,1.6,1.9,1.741,2.15
ATP,2004,35,London,Wimbledon,2004-06-21,Grand Slam,Outdoor,Grass,1st Round,5,Elseneer G.,Parmar A.,99.0,162.0,7.0,6.0,7.0,6.0,7,6.0,,,,,3.0,0.0,Completed,1.571,2.25,1.6,2.3,1.67,2.12,1.55,2.0,1.625,2.4
ATP,2004,35,London,Wimbledon,2004-06-21,Grand Slam,Outdoor,Grass,1st Round,5,Karlovic I.,Srichaphan P.,62.0,14.0,3.0,6.0,6.0,4.0,6,4.0,6.0,4.0,,,3.0,1.0,Completed,2.5,1.5,2.35,1.57,2.35,1.55,2.2,1.45,2.56,1.568
ATP,2004,35,London,Wimbledon,2004-06-21,Grand Slam,Outdoor,Grass,1st Round,5,Federer R.,Bogdanovic A.,1.0,295.0,6.0,3.0,6.0,3.0,6,0.0,,,,,3.0,0.0,Completed,1.015,12.0,1.03,11.0,1.03,10.5,1.02,7.0,1.024,28.5
ATP,2004,35,London,Wimbledon,2004-06-21,Grand Slam,Outdoor,Grass,1st Round,5,Hewitt L.,Melzer J.,10.0,42.0,6.0,2.0,6.0,4.0,6,2.0,,,,,3.0,0.0,Completed,1.083,7.0,1.11,6.0,1.1,5.85,1.15,3.8,1.148,6.25
ATP,2004,35,London,Wimbledon,2004-06-21,Grand Slam,Outdoor,Grass,1st Round,5,Ferrero J.C.,Boutter J.,5.0,488.0,6.0,4.0,7.0,6.0,6,3.0,,,,,3.0,0.0,Completed,1.167,4.5,1.2,4.25,1.15,4.92,1.25,3.0,1.23,4.65
ATP,2004,35,London,Wimbledon,2004-06-21,Grand Slam,Outdoor,Grass,1st Round,5,Grosjean S.,Ascione T.,13.0,86.0,6.0,4.0,6.0,2.0,6,4.0,,,,,3.0,0.0,Completed,1.063,7.5,1.06,8.0,1.05,7.75,1.05,5.0,1.074,11.0
ATP,2004,35,London,Wimbledon,2004-06-21,Grand Slam,Outdoor,Grass,1st Round,5,Bracciali D.,Hernych J.,218.0,118.0,3.0,6.0,4.0,6.0,6,2.0,6.0,3.0,6.0,3.0,3.0,2.0,Completed,2.75,1.4,2.65,1.45,2.6,1.45,2.3,1.4,2.9,1.465
ATP,2004,35,London,Wimbledon,2004-06-21,Grand Slam,Outdoor,Grass,1st Round,5,Carraz G.,Rochus O.,69.0,74.0,7.0,6.0,6.0,4.0,6,4.0,,,,,3.0,0.0,Completed,2.25,1.571,2.5,1.5,2.45,1.5,2.2,1.45,2.88,1.469
ATP,2004,35,London,Wimbledon,2004-06-21,Grand Slam,Outdoor,Grass,1st Round,5,Stepanek R.,Corretja A.,67.0,85.0,4.0,6.0,6.0,3.0,6,2.0,5.0,7.0,6.0,4.0,3.0,2.0,Completed,1.25,3.75,1.22,4.0,1.28,3.46,1.15,3.8,1.227,4.7
ATP,2004,35,London,Wimbledon,2004-06-21,Grand Slam,Outdoor,Grass,1st Round,5,Ivanisevic G.,Youzhny M.,415.0,35.0,6.0,3.0,7.0,6.0,6,2.0,,,,,3.0,0.0,Completed,2.625,1.444,2.65,1.45,2.34,1.56,2.1,1.5,2.75,1.5
ATP,2004,35,London,Wimbledon,2004-06-21,Grand Slam,Outdoor,Grass,1st Round,5,Volandri F.,Delgado J.,52.0,301.0,6.0,1.0,6.0,3.0,6,3.0,,,,,3.0,0.0,Completed,2.75,1.4,3.0,1.36,2.6,1.45,2.7,1.3,2.95,1.444
ATP,2004,35,London,Wimbledon,2004-06-22,Grand Slam,Outdoor,Grass,1st Round,5,Ferreira W.,Ljubicic I.,82.0,29.0,5.0,7.0,7.0,6.0,7,5.0,6.0,2.0,,,3.0,1.0,Completed,1.909,1.8,2.0,1.76,2.1,1.7,1.9,1.6,2.06,1.794
ATP,2004,35,London,Wimbledon,2004-06-22,Grand Slam,Outdoor,Grass,1st Round,5,Sargsian S.,Lopez M.,48.0,120.0,6.0,4.0,6.0,3.0,4,6.0,6.0,2.0,,,3.0,1.0,Completed,1.167,4.5,1.18,4.6,,,1.2,3.3,1.244,4.45
ATP,2004,35,London,Wimbledon,2004-06-22,Grand Slam,Outdoor,Grass,1st Round,5,Lu Y.H.,Vacek J.,101.0,133.0,6.0,3.0,4.0,6.0,6,3.0,6.0,2.0,,,3.0,1.0,Completed,2.1,1.667,2.1,1.7,1.97,1.78,1.9,1.6,2.07,1.787
ATP,2004,35,London,Wimbledon,2004-06-22,Grand Slam,Outdoor,Grass,1st Round,5,Johansson J.,Clement A.,43.0,47.0,6.0,2.0,7.0,6.0,7,6.0,,,,,3.0,0.0,Completed,2.75,1.4,2.65,1.45,2.6,1.45,2.5,1.35,2.69,1.529
ATP,2004,35,London,Wimbledon,2004-06-22,Grand Slam,Outdoor,Grass,1st Round,5,Lopez F.,Bloomfield R.,22.0,529.0,6.0,4.0,6.0,2.0,7,5.0,,,,,3.0,0.0,Completed,1.063,8.0,1.1,6.5,1.1,6.75,1.05,5.0,1.118,7.75
ATP,2004,35,London,Wimbledon,2004-06-22,Grand Slam,Outdoor,Grass,1st Round,5,Saulnier C.,Llodra M.,83.0,50.0,7.0,5.0,4.0,6.0,7,6.0,7.0,6.0,,,3.0,1.0,Completed,3.0,1.364,3.0,1.36,2.92,1.37,2.5,1.35,3.1,1.408
ATP,2004,35,London,Wimbledon,2004-06-22,Grand Slam,Outdoor,Grass,1st Round,5,Kucera K.,Hernandez O.,76.0,88.0,6.0,1.0,6.0,2.0,6,2.0,,,,,3.0,0.0,Completed,1.083,7.0,1.08,7.0,1.07,7.19,1.03,6.0,1.083,10.0
ATP,2004,35,London,Wimbledon,2004-06-22,Grand Slam,Outdoor,Grass,1st Round,5,Tursunov D.,Safin M.,70.0,15.0,4.0,6.0,7.0,5.0,6,3.0,7.0,6.0,,,3.0,1.0,Completed,6.0,1.111,5.5,1.13,6.25,1.1,4.5,1.1,7.65,1.114
ATP,2004,35,London,Wimbledon,2004-06-22,Grand Slam,Outdoor,Grass,1st Round,5,Fish M.,Navarro-Pastor I.,20.0,228.0,6.0,3.0,6.0,2.0,6,3.0,,,,,3.0,0.0,Completed,1.08,7.0,1.08,7.0,1.05,7.75,1.1,4.5,1.082,10.25
ATP,2004,35,London,Wimbledon,2004-06-22,Grand Slam,Outdoor,Grass,1st Round,5,Mayer F.,Arthurs W.,66.0,96.0,7.0,6.0,7.0,6.0,7,6.0,,,,,3.0,0.0,Completed,2.375,1.533,2.65,1.45,2.6,1.46,2.5,1.35,2.63,1.546
ATP,2004,35,London,Wimbledon,2004-06-22,Grand Slam,Outdoor,Grass,1st Round,5,Henman T.,Ramirez-Hidalgo R.,6.0,89.0,4.0,6.0,7.0,6.0,6,4.0,6.0,2.0,,,3.0,1.0,Completed,1.01,13.0,1.02,12.0,1.04,9.25,1.02,6.0,1.025,28.5
ATP,2004,35,London,Wimbledon,2004-06-22,Grand Slam,Outdoor,Grass,1st Round,5,Labadze I.,Vliegen K.,45.0,107.0,6.0,2.0,6.0,4.0,3,6.0,6.0,2.0,,,3.0,1.0,Completed,1.5,2.5,,,,,1.6,1.9,1.606,2.45
ATP,2004,35,London,Wimbledon,2004-06-22,Grand Slam,Outdoor,Grass,1st Round,5,Gambill J.M.,Mirnyi M.,84.0,28.0,6.0,3.0,7.0,5.0,6,4.0,,,,,3.0,0.0,Completed,2.1,1.667,2.15,1.67,2.1,1.7,1.9,1.6,2.1,1.769
ATP,2004,35,London,Wimbledon,2004-06-22,Grand Slam,Outdoor,Grass,1st Round,5,Philippoussis M.,Rochus C.,17.0,122.0,6.0,3.0,6.0,4.0,6,2.0,,,,,3.0,0.0,Completed,1.167,4.5,1.25,3.75,1.2,4.25,1.15,3.8,1.23,4.7
ATP,2004,35,London,Wimbledon,2004-06-22,Grand Slam,Outdoor,Grass,1st Round,5,Peya A.,Salzenstein J.,128.0,109.0,6.0,2.0,6.0,4.0,6,2.0,,,,,3.0,0.0,Completed,1.667,2.1,1.65,2.2,1.65,2.15,1.55,2.0,1.699,2.23
ATP,2004,35,London,Wimbledon,2004-06-22,Grand Slam,Outdoor,Grass,1st Round,5,Heuberger I.,Saretta F.,137.0,68.0,5.0,7.0,6.0,0.0,6,1.0,7.0,6.0,,,3.0,1.0,Completed,2.25,1.571,2.1,1.7,2.2,1.65,1.75,1.75,2.41,1.621
ATP,2004,35,London,Wimbledon,2004-06-22,Grand Slam,Outdoor,Grass,1st Round,5,Malisse X.,Novak J.,51.0,16.0,6.0,3.0,6.0,4.0,6,4.0,,,,,3.0,0.0,Completed,2.5,1.5,2.55,1.48,2.6,1.45,2.7,1.3,2.95,1.455
ATP,2004,35,London,Wimbledon,2004-06-22,Grand Slam,Outdoor,Grass,1st Round,5,Verkerk M.,Davydenko N.,56.0,59.0,4.0,6.0,6.0,3.0,6,4.0,7.0,5.0,,,3.0,1.0,Completed,1.364,3.0,1.36,3.0,1.4,2.85,1.35,2.5,1.435,3.0
ATP,2004,35,London,Wimbledon,2004-06-22,Grand Slam,Outdoor,Grass,1st Round,5,Moya C.,Patience O.,7.0,93.0,6.0,4.0,3.0,6.0,7,5.0,6.0,7.0,6.0,1.0,3.0,2.0,Completed,1.333,3.25,1.33,3.2,1.3,3.35,1.3,2.7,1.351,3.45
ATP,2004,35,London,Wimbledon,2004-06-22,Grand Slam,Outdoor,Grass,1st Round,5,Arazi H.,Sa A.,39.0,255.0,6.0,1.0,6.0,4.0,6,2.0,,,,,3.0,0.0,Completed,1.533,2.375,1.57,2.35,1.65,2.15,1.6,1.9,1.68,2.27
ATP,2004,35,London,Wimbledon,2004-06-22,Grand Slam,Outdoor,Grass,1st Round,5,Montanes A.,Ulihrach B.,78.0,116.0,6.0,4.0,6.0,2.0,6,3.0,,,,,3.0,0.0,Completed,2.2,1.615,2.25,1.6,2.15,1.65,2.3,1.4,2.24,1.694
ATP,2004,35,London,Wimbledon,2004-06-24,Grand Slam,Outdoor,Grass,1st Round,5,Enqvist T.,Blanco G.,57.0,102.0,4.0,6.0,7.0,6.0,6,4.0,7.0,6.0,,,3.0,1.0,Completed,1.111,6.0,1.08,7.0,1.09,6.68,1.05,5.0,1.105,8.25
ATP,2004,35,London,Wimbledon,2004-06-24,Grand Slam,Outdoor,Grass,1st Round,5,Dent T.,Delgado R.,31.0,200.0,6.0,2.0,6.0,3.0,6,4.0,,,,,3.0,0.0,Completed,1.286,3.5,1.28,3.5,1.35,3.1,1.4,2.3,1.328,3.6
ATP,2004,35,London,Wimbledon,2004-06-24,Grand Slam,Outdoor,Grass,1st Round,5,Spadea V.,Reid T.,30.0,134.0,6.0,2.0,6.0,4.0,6,2.0,,,,,3.0,0.0,Completed,1.615,2.2,1.67,2.15,1.61,2.23,1.45,2.2,1.763,2.11
ATP,2004,35,London,Wimbledon,2004-06-24,Grand Slam,Outdoor,Grass,1st Round,5,Ferrer D.,Hanescu V.,49.0,75.0,7.0,6.0,6.0,4.0,6,7.0,7.0,5.0,,,3.0,1.0,Completed,3.5,1.286,3.75,1.25,3.35,1.3,2.5,1.35,3.45,1.351
ATP,2004,35,London,Wimbledon,2004-06-24,Grand Slam,Outdoor,Grass,1st Round,5,Popp A.,Massu N.,90.0,12.0,6.0,2.0,6.0,4.0,6,4.0,,,,,3.0,0.0,Completed,1.571,2.25,1.5,2.5,1.51,2.46,1.4,2.3,1.513,2.72
ATP,2004,35,London,Wimbledon,2004-06-24,Grand Slam,Outdoor,Grass,1st Round,5,Schuettler R.,Soderling R.,8.0,37.0,4.0,6.0,6.0,3.0,7,6.0,1.0,6.0,6.0,2.0,3.0,2.0,Completed,1.571,2.25,1.57,2.35,1.5,2.45,1.45,2.2,1.641,2.36
ATP,2004,35,London,Wimbledon,2004-06-24,Grand Slam,Outdoor,Grass,1st Round,5,Haas T.,Dupuis A.,100.0,92.0,2.0,6.0,2.0,6.0,7,6.0,6.0,4.0,8.0,6.0,3.0,2.0,Completed,1.286,3.5,1.3,3.35,1.34,3.12,1.25,3.0,1.345,3.5
ATP,2004,35,London,Wimbledon,2004-06-24,Grand Slam,Outdoor,Grass,1st Round,5,Robredo T.,Starace P.,19.0,131.0,6.0,4.0,6.0,4.0,6,4.0,,,,,3.0,0.0,Completed,1.16,4.5,1.15,5.0,1.15,5.2,1.2,3.3,1.217,4.85
ATP,2004,35,London,Wimbledon,2004-06-24,Grand Slam,Outdoor,Grass,1st Round,5,Pescosolido S.,van Scheppingen D.,143.0,87.0,4.0,6.0,4.0,6.0,6,4.0,7.0,6.0,10.0,8.0,3.0,2.0,Completed,1.727,2.0,1.5,1.5,,,1.45,2.2,1.781,2.08
ATP,2004,35,London,Wimbledon,2004-06-24,Grand Slam,Outdoor,Grass,1st Round,5,Schalken S.,Childs L.,23.0,251.0,6.0,2.0,6.0,1.0,6,3.0,,,,,3.0,0.0,Completed,1.125,5.5,1.12,5.6,1.13,5.5,1.1,4.5,1.157,5.85
ATP,2004,35,London,Wimbledon,2004-06-24,Grand Slam,Outdoor,Grass,1st Round,5,Martin T.,Canas G.,72.0,73.0,4.0,6.0,6.0,3.0,7,6.0,4.0,6.0,9.0,7.0,3.0,2.0,Completed,1.571,2.25,1.6,2.3,1.65,2.15,1.6,1.9,1.599,2.47
ATP,2004,35,London,Wimbledon,2004-06-24,Grand Slam,Outdoor,Grass,1st Round,5,Hilton M.,Costa A.,479.0,55.0,6.0,1.0,6.0,4.0,6,3.0,,,,,3.0,0.0,Completed,2.5,1.5,2.65,1.45,2.45,1.5,2.2,1.45,2.74,1.508
ATP,2004,35,London,Wimbledon,2004-06-24,Grand Slam,Outdoor,Grass,1st Round,5,Hrbaty D.,Sanchez D.,25.0,54.0,6.0,2.0,6.0,4.0,6,2.0,,,,,3.0,0.0,Completed,1.5,2.5,1.45,2.6,1.46,2.6,1.45,2.2,1.559,2.59
ATP,2004,35,London,Wimbledon,2004-06-24,Grand Slam,Outdoor,Grass,1st Round,5,Pavel A.,Ram A.,21.0,364.0,6.0,3.0,7.0,5.0,7,6.0,,,,,3.0,0.0,Completed,1.364,3.0,1.36,3.0,1.32,3.22,1.35,2.5,1.392,3.2
ATP,2004,35,London,Wimbledon,2004-06-24,Grand Slam,Outdoor,Grass,1st Round,5,Carlsen K.,Gasquet R.,103.0,105.0,3.0,6.0,7.0,6.0,7,6.0,6.0,7.0,6.0,4.0,3.0,2.0,Completed,2.0,1.727,2.0,1.76,1.99,1.76,1.75,1.75,2.07,1.787
ATP,2004,35,London,Wimbledon,2004-06-24,Grand Slam,Outdoor,Grass,1st Round,5,Beck K.,Marray J.,71.0,238.0,6.0,4.0,6.0,7.0,4,6.0,6.0,3.0,10.0,8.0,3.0,2.0,Completed,1.444,2.625,1.45,2.65,1.45,2.6,1.3,2.7,1.488,2.8
ATP,2004,35,London,Wimbledon,2004-06-24,Grand Slam,Outdoor,Grass,1st Round,5,Benneteau J.,Berdych T.,80.0,65.0,6.0,3.0,7.0,5.0,6,4.0,,,,,3.0,0.0,Completed,1.533,2.375,1.45,2.6,1.53,2.4,1.5,2.1,1.613,2.43
ATP,2004,35,London,Wimbledon,2004-06-24,Grand Slam,Outdoor,Grass,1st Round,5,Ancic M.,Horna L.,63.0,36.0,6.0,7.0,6.0,4.0,6,3.0,6.0,4.0,,,3.0,1.0,Completed,1.083,7.0,1.08,7.0,1.06,7.79,1.03,5.5,1.121,7.3
ATP,2004,35,London,Wimbledon,2004-06-24,Grand Slam,Outdoor,Grass,1st Round,5,Gonzalez F.,Vassallo-Arguello M.,26.0,108.0,6.0,4.0,6.0,2.0,6,4.0,,,,,3.0,0.0,Completed,1.12,5.5,1.13,5.5,1.15,5.2,1.15,3.8,1.138,6.5
ATP,2004,35,London,Wimbledon,2004-06-24,Grand Slam,Outdoor,Grass,1st Round,5,Mantilla F.,Pless K.,127.0,634.0,7.0,6.0,4.0,6.0,7,5.0,6.0,1.0,,,3.0,1.0,Completed,1.533,2.375,1.6,2.3,1.65,2.15,1.6,1.9,1.667,2.3
ATP,2004,35,London,Wimbledon,2004-06-24,Grand Slam,Outdoor,Grass,1st Round,5,Roddick A.,Wang Y.T.,2.0,181.0,6.0,3.0,7.0,5.0,6,4.0,,,,,3.0,0.0,Completed,1.01,13.0,1.02,12.0,1.04,9.25,1.03,5.5,1.022,33.5
ATP,2004,35,London,Wimbledon,2004-06-24,Grand Slam,Outdoor,Grass,1st Round,5,Chela J.I.,Burgsmuller L.,18.0,94.0,6.0,4.0,4.0,6.0,6,0.0,6.0,2.0,,,3.0,1.0,Completed,1.727,2.0,1.8,1.95,1.85,1.9,1.75,1.75,1.794,2.06
ATP,2004,35,London,Wimbledon,2004-06-24,Grand Slam,Outdoor,Grass,1st Round,5,Coria G.,Moodie W.,3.0,106.0,6.0,4.0,6.0,7.0,6,3.0,6.0,7.0,6.0,3.0,3.0,2.0,Completed,1.5,2.5,1.6,2.3,1.48,2.53,1.45,2.2,1.571,2.55
ATP,2004,35,London,Wimbledon,2004-06-24,Grand Slam,Outdoor,Grass,1st Round,5,Rusedski G.,Sanguinetti D.,165.0,112.0,7.0,5.0,4.0,6.0,6,2.0,6.0,2.0,,,3.0,1.0,Completed,1.2,4.333,1.18,4.5,1.2,4.25,1.15,3.8,1.235,4.6
ATP,2004,35,London,Wimbledon,2004-06-24,Grand Slam,Outdoor,Grass,1st Round,5,Andreev I.,van Lottum J.,64.0,115.0,2.0,6.0,6.0,2.0,6,0.0,6.0,3.0,,,3.0,1.0,Completed,1.25,3.75,1.28,3.5,1.25,3.74,1.25,3.0,1.282,4.0
ATP,2004,35,London,Wimbledon,2004-06-24,Grand Slam,Outdoor,Grass,2nd Round,5,Johansson J.,Fish M.,43.0,20.0,6.0,7.0,6.0,3.0,6,4.0,6.0,4.0,,,3.0,1.0,Completed,2.5,1.5,2.45,1.53,2.25,1.6,2.2,1.45,2.54,1.575
ATP,2004,35,London,Wimbledon,2004-06-24,Grand Slam,Outdoor,Grass,2nd Round,5,Ferrero J.C.,Koubek S.,5.0,95.0,4.0,6.0,7.0,5.0,5,7.0,7.0,6.0,8.0,6.0,3.0,2.0,Completed,1.167,4.5,1.2,4.3,1.25,3.75,1.2,3.3,1.238,4.6
ATP,2004,35,London,Wimbledon,2004-06-24,Grand Slam,Outdoor,Grass,2nd Round,5,Lopez F.,Saulnier C.,22.0,83.0,3.0,6.0,6.0,3.0,6,4.0,6.0,7.0,8.0,6.0,3.0,2.0,Completed,1.5,2.5,1.57,2.35,1.56,2.34,1.4,2.3,1.559,2.59
ATP,2004,35,London,Wimbledon,2004-06-24,Grand Slam,Outdoor,Grass,2nd Round,5,Moya C.,Stepanek R.,7.0,67.0,6.0,4.0,6.0,4.0,6,7.0,7.0,5.0,,,3.0,1.0,Completed,1.533,2.375,1.53,2.4,1.65,2.15,1.5,2.1,1.649,2.34
ATP,2004,35,London,Wimbledon,2004-06-24,Grand Slam,Outdoor,Grass,2nd Round,5,Ginepri R.,Verdasco F.,34.0,40.0,6.0,7.0,6.0,4.0,6,4.0,6.0,3.0,,,3.0,1.0,Completed,1.833,1.833,1.88,1.88,1.8,1.95,1.6,1.9,1.901,1.917
ATP,2004,35,London,Wimbledon,2004-06-24,Grand Slam,Outdoor,Grass,2nd Round,5,Ivanisevic G.,Volandri F.,415.0,52.0,4.0,6.0,7.0,6.0,1,6.0,6.0,3.0,6.0,4.0,3.0,2.0,Completed,1.364,3.0,1.33,3.2,1.32,3.22,1.4,2.3,1.357,3.4
ATP,2004,35,London,Wimbledon,2004-06-24,Grand Slam,Outdoor,Grass,2nd Round,5,Hewitt L.,Labadze I.,10.0,45.0,6.0,4.0,6.0,4.0,6,1.0,,,,,3.0,0.0,Completed,1.071,7.5,1.06,8.0,1.1,6.75,1.05,5.0,1.108,8.0
ATP,2004,35,London,Wimbledon,2004-06-24,Grand Slam,Outdoor,Grass,2nd Round,5,Johansson T.,Santoro F.,123.0,53.0,7.0,5.0,6.0,2.0,6,1.0,,,,,3.0,0.0,Completed,1.3,3.4,1.3,3.4,1.28,3.46,1.2,3.3,1.357,3.4
ATP,2004,35,London,Wimbledon,2004-06-24,Grand Slam,Outdoor,Grass,2nd Round,5,Grosjean S.,Carraz G.,13.0,69.0,6.0,1.0,6.0,2.0,6,2.0,,,,,3.0,0.0,Completed,1.125,5.5,1.16,5.0,1.13,5.5,1.1,4.5,1.154,6.0
ATP,2004,35,London,Wimbledon,2004-06-24,Grand Slam,Outdoor,Grass,2nd Round,5,Federer R.,Falla A.,1.0,138.0,6.0,1.0,6.0,2.0,6,0.0,,,,,3.0,0.0,Completed,1.01,12.0,1.01,13.0,1.04,9.25,1.02,7.0,1.022,33.5
ATP,2004,35,London,Wimbledon,2004-06-24,Grand Slam,Outdoor,Grass,2nd Round,5,Tursunov D.,Sargsian S.,70.0,48.0,6.0,3.0,7.0,6.0,3,6.0,4.0,6.0,15.0,13.0,3.0,2.0,Completed,2.25,1.571,2.35,1.57,2.15,1.65,2.1,1.5,2.29,1.671
ATP,2004,35,London,Wimbledon,2004-06-24,Grand Slam,Outdoor,Grass,2nd Round,5,Gambill J.M.,Bracciali D.,84.0,218.0,6.0,7.0,7.0,6.0,6,3.0,6.0,2.0,,,3.0,1.0,Completed,1.28,3.5,1.25,3.75,1.28,3.46,1.25,3.0,1.299,3.8
ATP,2004,35,London,Wimbledon,2004-06-24,Grand Slam,Outdoor,Grass,2nd Round,5,Bjorkman J.,Lu Y.H.,27.0,101.0,6.0,4.0,6.0,3.0,6,4.0,,,,,3.0,0.0,Completed,1.286,3.5,1.25,3.75,1.25,3.75,1.25,3.0,1.25,4.35
ATP,2004,35,London,Wimbledon,2004-06-25,Grand Slam,Outdoor,Grass,2nd Round,5,Roddick A.,Peya A.,2.0,128.0,6.0,3.0,7.0,6.0,6,4.0,,,,,3.0,0.0,Completed,1.01,13.0,1.02,12.0,1.03,9.75,1.02,7.0,1.025,26.0
ATP,2004,35,London,Wimbledon,2004-06-25,Grand Slam,Outdoor,Grass,2nd Round,5,Ferreira W.,Kucera K.,82.0,76.0,7.0,6.0,6.0,3.0,6,1.0,,,,,3.0,0.0,Completed,2.0,1.727,2.1,1.7,1.9,1.85,2.2,1.45,2.13,1.775
ATP,2004,35,London,Wimbledon,2004-06-25,Grand Slam,Outdoor,Grass,2nd Round,5,Hrbaty D.,Hilton M.,25.0,479.0,7.0,5.0,6.0,4.0,6,2.0,,,,,3.0,0.0,Completed,1.364,3.0,1.45,2.65,1.45,2.6,1.4,2.3,1.543,2.64
ATP,2004,35,London,Wimbledon,2004-06-25,Grand Slam,Outdoor,Grass,2nd Round,5,Ancic M.,Benneteau J.,63.0,80.0,4.0,6.0,7.0,6.0,6,2.0,5.0,7.0,6.0,4.0,3.0,2.0,Completed,1.222,4.0,1.28,3.5,1.3,3.35,1.25,3.0,1.238,4.55
ATP,2004,35,London,Wimbledon,2004-06-25,Grand Slam,Outdoor,Grass,2nd Round,5,Dent T.,Pescosolido S.,31.0,143.0,6.0,3.0,6.0,3.0,7,6.0,,,,,3.0,0.0,Completed,1.111,6.0,1.12,5.75,1.11,5.84,1.15,3.8,1.118,7.75
ATP,2004,35,London,Wimbledon,2004-06-25,Grand Slam,Outdoor,Grass,2nd Round,5,Popp A.,Montanes A.,90.0,78.0,6.0,1.0,6.0,0.0,6,1.0,,,,,3.0,0.0,Completed,1.167,4.5,1.15,5.15,1.13,5.5,1.1,4.5,1.187,5.25
ATP,2004,35,London,Wimbledon,2004-06-25,Grand Slam,Outdoor,Grass,2nd Round,5,Carlsen K.,Pavel A.,103.0,21.0,7.0,6.0,6.0,4.0,6,3.0,,,,,3.0,0.0,Completed,3.0,1.364,3.5,1.28,3.6,1.25,3.3,1.2,3.4,1.357
ATP,2004,35,London,Wimbledon,2004-06-25,Grand Slam,Outdoor,Grass,2nd Round,5,Mayer F.,Coria G.,66.0,3.0,4.0,6.0,6.0,3.0,6,3.0,6.0,4.0,,,3.0,1.0,Completed,2.625,1.444,2.35,1.57,2.53,1.48,2.5,1.35,2.65,1.541
ATP,2004,35,London,Wimbledon,2004-06-25,Grand Slam,Outdoor,Grass,2nd Round,5,Henman T.,Heuberger I.,6.0,137.0,7.0,5.0,6.0,3.0,6,2.0,,,,,3.0,0.0,Completed,1.05,8.5,1.07,7.5,1.07,7.19,1.05,5.0,1.077,11.0
ATP,2004,35,London,Wimbledon,2004-06-25,Grand Slam,Outdoor,Grass,2nd Round,5,Malisse X.,Haas T.,51.0,100.0,3.0,6.0,6.0,3.0,6,2.0,6.0,4.0,,,3.0,1.0,Completed,1.909,1.8,1.83,1.93,1.87,1.87,1.9,1.6,1.84,2.03
ATP,2004,35,London,Wimbledon,2004-06-25,Grand Slam,Outdoor,Grass,2nd Round,5,Gonzalez F.,Andreev I.,26.0,64.0,7.0,5.0,6.0,3.0,5,7.0,6.0,7.0,6.0,3.0,3.0,2.0,Completed,2.5,1.5,2.4,1.55,2.3,1.6,2.0,1.55,2.4,1.633
ATP,2004,35,London,Wimbledon,2004-06-25,Grand Slam,Outdoor,Grass,2nd Round,5,Arazi H.,Ferrer D.,39.0,49.0,6.0,7.0,6.0,4.0,6,3.0,7.0,6.0,,,3.0,1.0,Completed,1.4,2.75,1.45,2.65,1.48,2.53,1.4,2.3,1.592,2.5
ATP,2004,35,London,Wimbledon,2004-06-25,Grand Slam,Outdoor,Grass,2nd Round,5,Philippoussis M.,Verkerk M.,17.0,56.0,4.0,6.0,6.0,3.0,7,6.0,7.0,5.0,,,3.0,1.0,Completed,1.364,3.0,1.35,3.1,1.35,3.1,1.3,2.7,1.417,3.1
ATP,2004,35,London,Wimbledon,2004-06-25,Grand Slam,Outdoor,Grass,2nd Round,5,Beck K.,Robredo T.,71.0,19.0,6.0,3.0,6.0,2.0,7,6.0,,,,,3.0,0.0,Completed,2.1,1.667,2.05,1.72,2.25,1.6,1.9,1.6,2.33,1.662
ATP,2004,35,London,Wimbledon,2004-06-25,Grand Slam,Outdoor,Grass,2nd Round,5,Enqvist T.,Chela J.I.,57.0,18.0,6.0,3.0,6.0,7.0,6,1.0,3.0,6.0,6.0,3.0,3.0,2.0,Completed,1.571,2.25,1.6,2.25,1.6,2.25,1.65,1.85,1.699,2.26
ATP,2004,35,London,Wimbledon,2004-06-25,Grand Slam,Outdoor,Grass,2nd Round,5,Spadea V.,Mantilla F.,30.0,127.0,6.0,1.0,6.0,2.0,6,2.0,,,,,3.0,0.0,Completed,1.4,2.75,1.4,2.85,1.38,2.88,1.25,3.0,1.476,2.87
ATP,2004,35,London,Wimbledon,2004-06-25,Grand Slam,Outdoor,Grass,2nd Round,5,Schalken S.,Martin T.,23.0,72.0,6.0,3.0,6.0,2.0,4,6.0,6.0,3.0,,,3.0,1.0,Completed,1.667,2.1,1.7,2.1,1.58,2.28,1.5,2.1,1.73,2.2
ATP,2004,35,London,Wimbledon,2004-06-25,Grand Slam,Outdoor,Grass,2nd Round,5,Karlovic I.,Elseneer G.,62.0,99.0,6.0,4.0,6.0,4.0,3,6.0,7.0,6.0,,,3.0,1.0,Completed,1.4,2.75,1.36,3.0,1.35,3.1,1.3,2.7,1.313,3.7
ATP,2004,35,London,Wimbledon,2004-06-25,Grand Slam,Outdoor,Grass,2nd Round,5,Schuettler R.,Rusedski G.,8.0,165.0,6.0,7.0,7.0,6.0,6,7.0,6.0,2.0,6.0,2.0,3.0,2.0,Completed,1.833,1.833,1.9,1.85,1.85,1.9,1.75,1.75,1.862,2.0
ATP,2004,35,London,Wimbledon,2004-06-25,Grand Slam,Outdoor,Grass,3rd Round,5,Moya C.,Tursunov D.,7.0,70.0,6.0,1.0,6.0,4.0,7,5.0,,,,,3.0,0.0,Completed,1.364,3.0,1.35,3.1,1.42,2.75,1.4,2.3,1.412,3.13
ATP,2004,35,London,Wimbledon,2004-06-25,Grand Slam,Outdoor,Grass,3rd Round,5,Grosjean S.,Gambill J.M.,13.0,84.0,7.0,6.0,6.0,3.0,6,2.0,,,,,3.0,0.0,Completed,1.25,3.75,1.25,3.75,1.2,4.25,1.25,3.0,1.235,4.65
ATP,2004,35,London,Wimbledon,2004-06-25,Grand Slam,Outdoor,Grass,3rd Round,5,Hewitt L.,Ivanisevic G.,10.0,415.0,6.0,2.0,6.0,3.0,6,4.0,,,,,3.0,0.0,Completed,1.167,4.5,1.17,4.85,1.11,5.84,1.1,4.5,1.182,5.25
ATP,2004,35,London,Wimbledon,2004-06-25,Grand Slam,Outdoor,Grass,3rd Round,5,Ginepri R.,Ferrero J.C.,34.0,5.0,6.0,3.0,6.0,4.0,6,1.0,,,,,3.0,0.0,Completed,1.8,1.909,1.76,2.0,1.8,1.95,1.6,1.9,1.813,2.07
ATP,2004,35,London,Wimbledon,2004-06-27,Grand Slam,Outdoor,Grass,3rd Round,5,Mayer F.,Ferreira W.,66.0,82.0,4.0,6.0,6.0,4.0,6,1.0,6.0,4.0,,,3.0,1.0,Completed,2.2,1.615,2.15,1.67,2.1,1.7,2.0,1.55,2.35,1.654
ATP,2004,35,London,Wimbledon,2004-06-27,Grand Slam,Outdoor,Grass,3rd Round,5,Johansson J.,Bjorkman J.,43.0,27.0,6.0,7.0,7.0,6.0,7,6.0,6.0,3.0,,,3.0,1.0,Completed,1.833,1.833,1.88,1.88,1.83,1.91,1.8,1.7,1.781,2.12
ATP,2004,35,London,Wimbledon,2004-06-27,Grand Slam,Outdoor,Grass,3rd Round,5,Karlovic I.,Lopez F.,62.0,22.0,7.0,6.0,7.0,6.0,6,7.0,7.0,5.0,,,3.0,1.0,Completed,1.8,1.909,1.67,2.15,1.75,2.05,1.75,1.75,1.73,2.2
ATP,2004,35,London,Wimbledon,2004-06-27,Grand Slam,Outdoor,Grass,3rd Round,5,Federer R.,Johansson T.,1.0,123.0,6.0,3.0,6.0,4.0,6,3.0,,,,,3.0,0.0,Completed,1.05,9.0,1.08,7.0,1.06,7.79,1.05,5.0,1.067,13.0
ATP,2004,35,London,Wimbledon,2004-06-27,Grand Slam,Outdoor,Grass,3rd Round,5,Ancic M.,Hrbaty D.,63.0,25.0,7.0,5.0,6.0,3.0,7,5.0,,,,,3.0,0.0,Completed,1.333,3.25,1.33,3.2,1.3,3.35,1.35,2.5,1.351,3.45
ATP,2004,35,London,Wimbledon,2004-06-27,Grand Slam,Outdoor,Grass,3rd Round,5,Schalken S.,Enqvist T.,23.0,57.0,5.0,7.0,6.0,2.0,3,6.0,7.0,6.0,6.0,2.0,3.0,2.0,Completed,1.4,2.75,1.42,2.75,1.45,2.6,1.3,2.7,1.435,3.05
ATP,2004,35,London,Wimbledon,2004-06-27,Grand Slam,Outdoor,Grass,3rd Round,5,Spadea V.,Schuettler R.,30.0,8.0,6.0,4.0,6.0,2.0,6,3.0,,,,,3.0,0.0,Completed,2.625,1.444,2.4,1.55,2.35,1.55,2.0,1.55,2.57,1.568
ATP,2004,35,London,Wimbledon,2004-06-27,Grand Slam,Outdoor,Grass,3rd Round,5,Malisse X.,Beck K.,51.0,71.0,6.0,3.0,6.0,3.0,6,4.0,,,,,3.0,0.0,Completed,1.5,2.5,1.55,2.4,1.55,2.35,1.35,2.5,1.541,2.65
ATP,2004,35,London,Wimbledon,2004-06-27,Grand Slam,Outdoor,Grass,3rd Round,5,Roddick A.,Dent T.,2.0,31.0,6.0,3.0,7.0,6.0,7,6.0,,,,,3.0,0.0,Completed,1.143,5.0,1.2,4.3,1.21,4.06,1.2,3.3,1.235,4.6
ATP,2004,35,London,Wimbledon,2004-06-27,Grand Slam,Outdoor,Grass,3rd Round,5,Philippoussis M.,Gonzalez F.,17.0,26.0,6.0,4.0,6.0,1.0,6,7.0,7.0,5.0,,,3.0,1.0,Completed,1.25,3.75,1.3,3.4,1.28,3.46,1.25,3.0,1.345,3.5
ATP,2004,35,London,Wimbledon,2004-06-27,Grand Slam,Outdoor,Grass,3rd Round,5,Popp A.,Carlsen K.,90.0,103.0,7.0,5.0,6.0,4.0,6,4.0,,,,,3.0,0.0,Completed,1.4,2.75,1.42,2.75,1.4,2.85,1.4,2.3,1.455,2.95
ATP,2004,35,London,Wimbledon,2004-06-27,Grand Slam,Outdoor,Grass,3rd Round,5,Henman T.,Arazi H.,6.0,39.0,7.0,6.0,6.0,4.0,3,6.0,6.0,2.0,,,3.0,1.0,Completed,1.125,5.5,1.18,4.65,1.15,5.2,1.15,3.8,1.19,5.25
ATP,2004,35,London,Wimbledon,2004-06-28,Grand Slam,Outdoor,Grass,4th Round,5,Grosjean S.,Ginepri R.,13.0,34.0,6.0,2.0,6.0,2.0,7,6.0,,,,,3.0,0.0,Completed,1.364,3.0,1.33,3.2,1.37,2.92,1.3,2.7,1.377,3.3
ATP,2004,35,London,Wimbledon,2004-06-28,Grand Slam,Outdoor,Grass,4th Round,5,Mayer F.,Johansson J.,66.0,43.0,6.0,3.0,6.0,7.0,7,6.0,6.0,4.0,,,3.0,1.0,Completed,2.375,1.533,2.5,1.53,2.6,1.45,2.3,1.45,2.9,1.465
ATP,2004,35,London,Wimbledon,2004-06-28,Grand Slam,Outdoor,Grass,4th Round,3,Schalken S.,Spadea V.,23.0,30.0,6.0,2.0,7.0,5.0,3,6.0,6.0,2.0,,,3.0,1.0,Completed,1.571,2.25,1.6,2.3,1.7,2.1,1.7,1.9,1.714,2.23
ATP,2004,35,London,Wimbledon,2004-06-28,Grand Slam,Outdoor,Grass,4th Round,5,Hewitt L.,Moya C.,10.0,7.0,6.0,4.0,6.0,2.0,4,6.0,7.0,6.0,,,3.0,1.0,Completed,1.3,3.4,1.33,3.3,1.28,3.46,1.4,2.3,1.351,3.45
ATP,2004,35,London,Wimbledon,2004-06-28,Grand Slam,Outdoor,Grass,4th Round,5,Federer R.,Karlovic I.,1.0,62.0,6.0,3.0,7.0,6.0,7,6.0,,,,,3.0,0.0,Completed,1.05,9.0,1.07,8.0,1.07,7.19,1.05,6.0,1.093,9.25
ATP,2004,35,London,Wimbledon,2004-06-28,Grand Slam,Outdoor,Grass,4th Round,5,Ancic M.,Malisse X.,63.0,51.0,7.0,5.0,3.0,1.0,,,,,,,1.0,0.0,Retired,1.8,1.909,1.92,1.88,1.87,1.87,1.95,1.65,1.926,1.926
ATP,2004,35,London,Wimbledon,2004-06-28,Grand Slam,Outdoor,Grass,4th Round,5,Roddick A.,Popp A.,2.0,90.0,7.0,5.0,6.0,4.0,6,4.0,,,,,3.0,0.0,Completed,1.1,6.5,1.11,6.5,1.13,5.5,1.15,4.0,1.144,6.45
ATP,2004,35,London,Wimbledon,2004-06-28,Grand Slam,Outdoor,Grass,4th Round,5,Henman T.,Philippoussis M.,6.0,17.0,6.0,2.0,7.0,5.0,6,7.0,7.0,6.0,,,3.0,1.0,Completed,1.667,2.1,1.78,2.0,1.7,2.1,1.55,2.1,1.855,2.01
ATP,2004,35,London,Wimbledon,2004-06-30,Grand Slam,Outdoor,Grass,Quarterfinals,5,Ancic M.,Henman T.,63.0,6.0,7.0,6.0,6.0,4.0,6,2.0,,,,,3.0,0.0,Completed,3.5,1.333,3.3,1.33,3.4,1.32,2.9,1.3,3.3,1.377
ATP,2004,35,London,Wimbledon,2004-06-30,Grand Slam,Outdoor,Grass,Quarterfinals,5,Roddick A.,Schalken S.,2.0,23.0,7.0,6.0,7.0,6.0,6,3.0,,,,,3.0,0.0,Completed,1.111,6.5,1.12,6.25,1.12,6.35,1.05,6.0,1.114,7.85
ATP,2004,35,London,Wimbledon,2004-06-30,Grand Slam,Outdoor,Grass,Quarterfinals,5,Federer R.,Hewitt L.,1.0,10.0,6.0,1.0,6.0,7.0,6,0.0,6.0,4.0,,,3.0,1.0,Completed,1.182,5.0,1.05,8.0,1.2,4.65,1.15,4.0,1.215,4.9
ATP,2004,35,London,Wimbledon,2004-06-30,Grand Slam,Outdoor,Grass,Quarterfinals,5,Grosjean S.,Mayer F.,13.0,66.0,7.0,5.0,6.0,4.0,6,2.0,,,,,3.0,0.0,Completed,1.25,4.0,1.25,4.0,1.27,3.81,1.25,3.2,1.303,3.8
ATP,2004,35,London,Wimbledon,2004-07-02,Grand Slam,Outdoor,Grass,Semifinals,5,Federer R.,Grosjean S.,1.0,13.0,6.0,2.0,6.0,3.0,7,6.0,,,,,3.0,0.0,Completed,1.1,7.0,1.13,6.0,1.14,6.01,1.1,5.0,1.113,8.05
ATP,2004,35,London,Wimbledon,2004-07-02,Grand Slam,Outdoor,Grass,Semifinals,5,Roddick A.,Ancic M.,2.0,63.0,6.0,4.0,4.0,6.0,7,5.0,7.0,5.0,,,3.0,1.0,Completed,1.25,4.0,1.25,3.9,1.28,3.73,1.25,3.2,1.308,3.85
ATP,2004,35,London,Wimbledon,2004-07-04,Grand Slam,Outdoor,Grass,The Final,5,Federer R.,Roddick A.,1.0,2.0,4.0,6.0,7.0,5.0,7,6.0,6.0,4.0,,,3.0,1.0,Completed,1.25,3.75,1.25,4.0,1.27,4.13,1.25,3.2,1.289,4.06
ATP,2004,50,New York,US Open,2004-08-30,Grand Slam,Outdoor,Hard,1st Round,5,Moya C.,Baker B.,4.0,179.0,6.0,7.0,6.0,4.0,6,4.0,6.0,2.0,,,3.0,1.0,Completed,1.04,9.0,1.05,9.0,1.04,9.25,1.05,5.0,1.059,14.0
ATP,2004,50,New York,US Open,2004-08-30,Grand Slam,Outdoor,Hard,1st Round,5,Saulnier C.,Rusedski G.,62.0,91.0,6.0,4.0,3.0,6.0,6,1.0,3.0,6.0,7.0,6.0,3.0,2.0,Completed,1.909,1.8,1.95,1.81,1.87,1.87,1.75,1.75,1.87,1.952
ATP,2004,50,New York,US Open,2004-08-30,Grand Slam,Outdoor,Hard,1st Round,5,Novak J.,Stepanek R.,26.0,69.0,7.0,5.0,6.0,1.0,6,3.0,,,,,3.0,0.0,Completed,1.533,2.375,1.45,2.65,1.45,2.6,1.35,2.5,1.435,3.0
ATP,2004,50,New York,US Open,2004-08-30,Grand Slam,Outdoor,Hard,1st Round,5,Baghdatis M.,Mutis O.,240.0,116.0,2.0,6.0,6.0,2.0,6,1.0,7.0,5.0,,,3.0,1.0,Completed,1.8,1.9,1.7,2.1,1.63,2.2,1.65,1.85,,
ATP,2004,50,New York,US Open,2004-08-30,Grand Slam,Outdoor,Hard,1st Round,5,Delic A.,Tipsarevic J.,245.0,115.0,6.0,1.0,6.0,3.0,6,4.0,,,,,3.0,0.0,Completed,2.75,1.4,2.3,1.6,2.75,1.42,2.2,1.45,,
ATP,2004,50,New York,US Open,2004-08-30,Grand Slam,Outdoor,Hard,1st Round,5,Federer R.,Costa A.,1.0,44.0,7.0,5.0,6.0,2.0,6,4.0,,,,,3.0,0.0,Completed,1.03,10.0,1.05,9.0,1.04,9.25,1.05,5.0,1.042,18.0
ATP,2004,50,New York,US Open,2004-08-30,Grand Slam,Outdoor,Hard,1st Round,5,Kiefer N.,Mahut N.,20.0,124.0,6.0,3.0,7.0,5.0,6,2.0,,,,,3.0,0.0,Completed,1.167,4.5,1.14,5.4,1.14,5.19,1.2,3.3,1.157,5.85
ATP,2004,50,New York,US Open,2004-08-30,Grand Slam,Outdoor,Hard,1st Round,5,Calatrava A.,Bogdanovic A.,106.0,206.0,6.0,3.0,3.0,6.0,4,6.0,6.0,1.0,6.0,4.0,3.0,2.0,Completed,2.25,1.571,2.55,1.5,2.45,1.5,2.0,1.55,2.56,1.568
ATP,2004,50,New York,US Open,2004-08-30,Grand Slam,Outdoor,Hard,1st Round,5,Rochus O.,Ancic M.,100.0,29.0,7.0,5.0,6.0,2.0,7,6.0,,,,,3.0,0.0,Completed,2.625,1.444,2.7,1.45,2.6,1.45,2.3,1.4,2.7,1.526
ATP,2004,50,New York,US Open,2004-08-30,Grand Slam,Outdoor,Hard,1st Round,5,Verdasco F.,Andreev I.,36.0,50.0,6.0,3.0,6.0,4.0,4,6.0,2.0,6.0,7.0,5.0,3.0,2.0,Completed,2.1,1.667,1.97,1.8,2.05,1.75,1.75,1.75,2.08,1.781
ATP,2004,50,New York,US Open,2004-08-30,Grand Slam,Outdoor,Hard,1st Round,5,Fish M.,Ferrer D.,28.0,55.0,7.0,5.0,6.0,3.0,6,2.0,,,,,3.0,0.0,Completed,1.143,5.0,1.12,5.85,1.15,5.2,1.1,4.5,1.138,6.5
ATP,2004,50,New York,US Open,2004-08-30,Grand Slam,Outdoor,Hard,1st Round,5,Tabara M.,Mirnyi M.,149.0,65.0,6.0,4.0,3.0,6.0,6,4.0,6.0,4.0,,,3.0,1.0,Completed,5.0,1.143,5.4,1.14,3.89,1.23,3.8,1.15,4.75,1.222
ATP,2004,50,New York,US Open,2004-08-30,Grand Slam,Outdoor,Hard,1st Round,5,Pavel A.,Nieminen J.,18.0,71.0,6.0,3.0,7.0,5.0,6,7.0,6.0,3.0,,,3.0,1.0,Completed,1.727,2.0,1.86,1.9,1.99,1.76,1.5,2.1,1.917,1.901
ATP,2004,50,New York,US Open,2004-08-30,Grand Slam,Outdoor,Hard,1st Round,5,Kucera K.,Malisse X.,118.0,43.0,6.0,1.0,1.0,6.0,1,6.0,6.0,4.0,6.0,1.0,3.0,2.0,Completed,3.0,1.364,2.85,1.4,2.92,1.37,2.5,1.35,3.06,1.424
ATP,2004,50,New York,US Open,2004-08-30,Grand Slam,Outdoor,Hard,1st Round,5,Johansson T.,Elsner D.,61.0,123.0,7.0,6.0,6.0,4.0,6,3.0,,,,,3.0,0.0,Completed,1.333,3.25,1.36,3.05,1.32,3.22,1.25,3.0,1.356,3.41
ATP,2004,50,New York,US Open,2004-08-30,Grand Slam,Outdoor,Hard,1st Round,5,Starace P.,Popp A.,93.0,81.0,1.0,6.0,6.0,3.0,6,4.0,6.0,3.0,,,3.0,1.0,Completed,1.83,1.83,1.7,2.1,1.75,2.05,1.6,1.9,,
ATP,2004,50,New York,US Open,2004-08-30,Grand Slam,Outdoor,Hard,1st Round,5,Dent T.,El Aynaoui Y.,22.0,80.0,6.0,1.0,2.0,1.0,,,,,,,1.0,0.0,Retired,1.111,6.0,1.11,6.25,1.1,5.85,1.1,4.5,1.16,5.75
ATP,2004,50,New York,US Open,2004-08-30,Grand Slam,Outdoor,Hard,1st Round,5,Mathieu P.H.,Sluiter R.,88.0,94.0,6.0,2.0,7.0,6.0,7,6.0,,,,,3.0,0.0,Completed,1.909,1.8,1.9,1.86,1.87,1.87,1.85,1.65,1.952,1.87
ATP,2004,50,New York,US Open,2004-08-31,Grand Slam,Outdoor,Hard,1st Round,5,Sargsian S.,Corretja A.,54.0,92.0,2.0,6.0,6.0,4.0,6,0.0,6.0,1.0,,,3.0,1.0,Completed,1.615,2.2,1.53,2.45,1.5,2.45,1.5,2.1,1.581,2.52
ATP,2004,50,New York,US Open,2004-08-31,Grand Slam,Outdoor,Hard,1st Round,5,Gaudio G.,Monaco J.,10.0,82.0,7.0,6.0,4.0,6.0,6,3.0,6.0,2.0,,,3.0,1.0,Completed,1.533,2.375,1.53,2.45,1.55,2.35,1.5,2.1,1.559,2.59
ATP,2004,50,New York,US Open,2004-08-31,Grand Slam,Outdoor,Hard,1st Round,5,Golmard J.,Labadze I.,339.0,46.0,7.0,6.0,,,,,,,,,1.0,0.0,Retired,,,,,,,,,,
ATP,2004,50,New York,US Open,2004-08-31,Grand Slam,Outdoor,Hard,1st Round,5,Santoro F.,Martin T.,34.0,96.0,4.0,6.0,6.0,4.0,6,4.0,7.0,5.0,,,3.0,1.0,Completed,1.667,2.1,1.86,1.9,1.75,2.0,1.7,1.8,1.833,2.0
ATP,2004,50,New York,US Open,2004-08-31,Grand Slam,Outdoor,Hard,1st Round,5,Agassi A.,Ginepri R.,7.0,47.0,7.0,6.0,6.0,4.0,6,2.0,,,,,3.0,0.0,Completed,1.2,4.333,1.16,5.0,1.15,5.2,1.15,3.8,1.2,5.0
ATP,2004,50,New York,US Open,2004-08-31,Grand Slam,Outdoor,Hard,1st Round,5,Henman T.,Karlovic I.,6.0,52.0,7.0,6.0,6.0,7.0,4,6.0,6.0,4.0,6.0,4.0,3.0,2.0,Completed,1.444,2.625,1.6,2.3,1.6,2.25,1.35,2.5,1.588,2.5
ATP,2004,50,New York,US Open,2004-08-31,Grand Slam,Outdoor,Hard,1st Round,5,Srichaphan P.,Hanescu V.,15.0,86.0,4.0,6.0,6.0,4.0,6,1.0,6.0,1.0,,,3.0,1.0,Completed,1.143,5.0,1.2,4.4,1.17,4.67,1.2,3.3,1.215,4.9
ATP,2004,50,New York,US Open,2004-08-31,Grand Slam,Outdoor,Hard,1st Round,5,Lee H.T.,Ljubicic I.,74.0,25.0,3.0,6.0,6.0,3.0,1,1.0,,,,,1.0,1.0,Retired,3.5,1.286,3.05,1.36,3.46,1.28,2.7,1.3,3.65,1.323
ATP,2004,50,New York,US Open,2004-08-31,Grand Slam,Outdoor,Hard,1st Round,5,Martin A.,Dupuis A.,58.0,85.0,3.0,6.0,6.0,2.0,6,4.0,6.0,4.0,,,3.0,1.0,Completed,1.615,2.2,1.6,2.3,1.6,2.3,1.6,1.9,1.629,2.39
ATP,2004,50,New York,US Open,2004-08-31,Grand Slam,Outdoor,Hard,1st Round,5,Goldstein P.,Suzuki T.,157.0,201.0,7.0,6.0,2.0,6.0,6,2.0,6.0,1.0,,,3.0,1.0,Completed,1.727,2.0,1.83,1.9,1.95,1.8,1.6,1.9,1.862,1.962
ATP,2004,50,New York,US Open,2004-08-31,Grand Slam,Outdoor,Hard,1st Round,5,Massu N.,Acasuso J.,11.0,79.0,6.0,4.0,6.0,0.0,6,2.0,,,,,3.0,0.0,Completed,1.1,6.5,1.18,4.7,1.17,4.67,1.15,3.8,1.167,5.5
ATP,2004,50,New York,US Open,2004-08-31,Grand Slam,Outdoor,Hard,1st Round,5,Tursunov D.,Zabaleta M.,63.0,53.0,4.0,6.0,6.0,3.0,6,7.0,6.0,3.0,6.0,2.0,3.0,2.0,Completed,1.727,2.0,1.88,1.88,1.97,1.78,1.8,1.7,2.01,1.826
ATP,2004,50,New York,US Open,2004-08-31,Grand Slam,Outdoor,Hard,1st Round,5,Hrbaty D.,Hernandez O.,23.0,87.0,6.0,1.0,6.0,2.0,6,1.0,,,,,3.0,0.0,Completed,1.071,7.5,1.1,6.5,1.1,6.75,1.1,4.5,1.082,10.25
ATP,2004,50,New York,US Open,2004-08-31,Grand Slam,Outdoor,Hard,1st Round,5,Enqvist T.,Safin M.,59.0,14.0,7.0,6.0,6.0,4.0,3,6.0,6.0,3.0,,,3.0,1.0,Completed,3.75,1.222,4.1,1.22,3.75,1.25,3.3,1.2,4.2,1.27
ATP,2004,50,New York,US Open,2004-08-31,Grand Slam,Outdoor,Hard,1st Round,5,Peya A.,Reynolds B.,130.0,320.0,2.0,6.0,6.0,3.0,6,3.0,6.0,7.0,6.0,4.0,3.0,2.0,Completed,1.4,2.75,,,1.37,2.92,1.3,2.7,1.408,3.1
ATP,2004,50,New York,US Open,2004-08-31,Grand Slam,Outdoor,Hard,1st Round,5,Robredo T.,Udomchoke D.,19.0,182.0,6.0,4.0,7.0,5.0,6,4.0,,,,,3.0,0.0,Completed,1.143,5.0,1.18,4.65,1.17,4.67,1.15,3.8,1.148,6.15
ATP,2004,50,New York,US Open,2004-08-31,Grand Slam,Outdoor,Hard,1st Round,5,Llodra M.,Elseneer G.,56.0,108.0,2.0,6.0,7.0,6.0,7,6.0,6.0,2.0,,,3.0,1.0,Completed,1.4,2.75,1.36,3.05,1.32,3.22,1.45,2.2,1.433,3.01
ATP,2004,50,New York,US Open,2004-08-31,Grand Slam,Outdoor,Hard,1st Round,5,Koubek S.,Bogomolov A.,97.0,109.0,6.0,3.0,6.0,4.0,1,6.0,2.0,6.0,6.0,3.0,3.0,2.0,Completed,1.727,2.0,1.83,1.95,1.75,2.0,1.6,1.9,1.847,1.98
ATP,2004,50,New York,US Open,2004-08-31,Grand Slam,Outdoor,Hard,1st Round,5,Seppi A.,Schuettler R.,171.0,12.0,3.0,6.0,4.0,6.0,7,6.0,7.0,6.0,6.0,1.0,3.0,2.0,Completed,5.0,1.143,4.1,1.22,4.67,1.17,3.8,1.15,4.8,1.222
ATP,2004,50,New York,US Open,2004-08-31,Grand Slam,Outdoor,Hard,1st Round,5,Mayer F.,Saretta F.,37.0,104.0,6.0,4.0,6.0,2.0,6,1.0,,,,,3.0,0.0,Completed,1.533,2.375,1.65,2.2,1.58,2.28,1.4,2.3,1.549,2.62
ATP,2004,50,New York,US Open,2004-08-31,Grand Slam,Outdoor,Hard,1st Round,5,Ferrero J.C.,Zib T.,8.0,141.0,4.0,6.0,7.0,5.0,7,6.0,6.0,7.0,6.0,3.0,3.0,2.0,Completed,1.071,7.5,1.1,6.5,1.11,5.84,1.05,5.0,1.148,6.25
ATP,2004,50,New York,US Open,2004-08-31,Grand Slam,Outdoor,Hard,1st Round,5,Gambill J.M.,Ram R.,77.0,307.0,6.0,3.0,6.0,2.0,3,6.0,6.0,4.0,,,3.0,1.0,Completed,1.222,4.0,1.28,3.55,1.3,3.35,1.1,4.5,1.299,3.85
ATP,2004,50,New York,US Open,2004-08-31,Grand Slam,Outdoor,Hard,1st Round,5,Clement A.,Arthurs W.,66.0,84.0,6.0,4.0,6.0,7.0,6,3.0,6.0,3.0,,,3.0,1.0,Completed,1.571,2.25,1.67,2.15,1.6,2.3,1.45,2.2,1.671,2.29
ATP,2004,50,New York,US Open,2004-08-31,Grand Slam,Outdoor,Hard,1st Round,5,Volandri F.,Hippensteel K.,60.0,207.0,6.0,3.0,6.0,4.0,6,2.0,,,,,3.0,0.0,Completed,1.44,2.62,1.55,2.4,1.45,2.6,1.35,2.5,1.556,2.6
ATP,2004,50,New York,US Open,2004-09-01,Grand Slam,Outdoor,Hard,1st Round,5,Nadal R.,Heuberger I.,49.0,139.0,6.0,0.0,6.0,3.0,4,6.0,2.0,6.0,6.0,3.0,3.0,2.0,Completed,1.143,5.0,1.14,5.4,1.15,5.2,1.1,4.5,1.167,5.6
ATP,2004,50,New York,US Open,2004-09-01,Grand Slam,Outdoor,Hard,1st Round,5,Canas G.,Vliegen K.,31.0,103.0,6.0,3.0,4.0,6.0,7,5.0,6.0,1.0,,,3.0,1.0,Completed,1.167,4.5,1.22,4.1,1.23,3.89,1.15,3.8,1.19,5.15
ATP,2004,50,New York,US Open,2004-09-01,Grand Slam,Outdoor,Hard,1st Round,5,Johansson J.,Lu Y.H.,30.0,95.0,6.0,3.0,6.0,1.0,6,3.0,,,,,3.0,0.0,Completed,1.143,5.0,1.17,4.85,1.15,4.92,1.1,4.5,1.196,5.09
ATP,2004,50,New York,US Open,2004-09-01,Grand Slam,Outdoor,Hard,1st Round,5,Roddick A.,Jenkins S.,2.0,1441.0,6.0,0.0,6.0,2.0,6,2.0,,,,,3.0,0.0,Completed,1.01,13.0,1.01,14.0,1.02,11.5,1.01,7.0,1.019,38.5
ATP,2004,50,New York,US Open,2004-09-01,Grand Slam,Outdoor,Hard,1st Round,5,Davydenko N.,Philippoussis M.,51.0,57.0,1.0,6.0,6.0,3.0,3,6.0,7.0,6.0,4.0,1.0,2.0,2.0,Retired,1.727,2.0,1.65,2.2,1.6,2.3,1.75,1.75,1.637,2.37
ATP,2004,50,New York,US Open,2004-09-01,Grand Slam,Outdoor,Hard,1st Round,5,Spadea V.,Horna L.,24.0,33.0,6.0,7.0,6.0,2.0,6,4.0,6.0,4.0,,,3.0,1.0,Completed,1.615,2.2,1.65,2.2,1.6,2.3,1.5,2.1,1.621,2.41
ATP,2004,50,New York,US Open,2004-09-01,Grand Slam,Outdoor,Hard,1st Round,5,Berdych T.,Bjorkman J.,68.0,35.0,6.0,3.0,2.0,6.0,6,2.0,1.0,6.0,6.0,3.0,3.0,2.0,Completed,1.667,2.1,1.65,2.2,1.65,2.15,1.75,1.75,1.685,2.26
ATP,2004,50,New York,US Open,2004-09-01,Grand Slam,Outdoor,Hard,1st Round,5,Grosjean S.,Patience O.,13.0,111.0,7.0,5.0,6.0,7.0,6,2.0,6.0,1.0,,,3.0,1.0,Completed,1.125,5.5,1.2,4.4,1.15,4.92,1.1,4.5,1.182,5.25
ATP,2004,50,New York,US Open,2004-09-01,Grand Slam,Outdoor,Hard,1st Round,5,Melzer J.,Carraz G.,40.0,70.0,7.0,5.0,6.0,0.0,4,6.0,6.0,3.0,,,3.0,1.0,Completed,1.533,2.375,1.65,2.2,1.6,2.3,1.5,2.1,1.617,2.42
ATP,2004,50,New York,US Open,2004-09-01,Grand Slam,Outdoor,Hard,1st Round,5,Hewitt L.,Ferreira W.,5.0,107.0,6.0,1.0,7.0,5.0,6,4.0,,,,,3.0,0.0,Completed,1.1,6.5,1.1,6.5,1.1,6.25,1.1,4.5,1.118,7.5
ATP,2004,50,New York,US Open,2004-09-01,Grand Slam,Outdoor,Hard,1st Round,5,Soderling R.,Gonzalez F.,39.0,16.0,6.0,4.0,7.0,6.0,6,7.0,6.0,1.0,,,3.0,1.0,Completed,2.375,1.533,2.25,1.6,2.35,1.55,2.2,1.45,2.5,1.588
ATP,2004,50,New York,US Open,2004-09-01,Grand Slam,Outdoor,Hard,1st Round,5,Ketola T.,Morrison J.,277.0,101.0,6.0,1.0,3.0,6.0,6,3.0,7.0,6.0,,,3.0,1.0,Completed,3.25,1.333,3.25,1.33,3.35,1.3,2.2,1.45,3.5,1.339
ATP,2004,50,New York,US Open,2004-09-01,Grand Slam,Outdoor,Hard,1st Round,5,Beck K.,Ascione T.,72.0,112.0,6.0,3.0,7.0,6.0,6,4.0,,,,,3.0,0.0,Completed,1.444,2.625,1.5,2.55,1.45,2.6,1.5,2.1,1.476,2.82
ATP,2004,50,New York,US Open,2004-09-01,Grand Slam,Outdoor,Hard,1st Round,5,Youzhny M.,Montanes A.,38.0,83.0,6.0,1.0,6.0,3.0,6,2.0,,,,,3.0,0.0,Completed,1.063,8.0,1.05,9.0,1.1,6.75,1.05,5.0,1.085,9.75
ATP,2004,50,New York,US Open,2004-09-01,Grand Slam,Outdoor,Hard,1st Round,5,Arazi H.,Carlsen K.,41.0,98.0,6.0,4.0,7.0,6.0,6,7.0,3.0,6.0,6.0,3.0,3.0,2.0,Completed,1.4,2.75,1.4,2.85,1.45,2.6,1.35,2.5,1.377,3.25
ATP,2004,50,New York,US Open,2004-09-01,Grand Slam,Outdoor,Hard,1st Round,5,Pless K.,Kuerten G.,353.0,21.0,6.0,4.0,3.0,6.0,6,1.0,7.0,6.0,,,3.0,1.0,Completed,6.5,1.1,6.0,1.12,5.2,1.15,4.5,1.1,6.45,1.14
ATP,2004,50,New York,US Open,2004-09-01,Grand Slam,Outdoor,Hard,1st Round,5,Kohlschreiber P.,Benneteau A.,99.0,75.0,6.0,1.0,6.0,1.0,6,4.0,,,,,3.0,0.0,Completed,1.909,1.8,1.83,1.93,1.85,1.9,1.75,1.75,1.806,2.04
ATP,2004,50,New York,US Open,2004-09-01,Grand Slam,Outdoor,Hard,1st Round,5,Mello R.,Chela J.I.,113.0,17.0,6.0,2.0,7.0,6.0,2,6.0,2.0,6.0,6.0,2.0,3.0,2.0,Completed,4.5,1.167,4.1,1.22,4.06,1.21,3.8,1.15,5.0,1.2
ATP,2004,50,New York,US Open,2004-09-01,Grand Slam,Outdoor,Hard,1st Round,5,Nalbandian D.,van Scheppingen D.,9.0,73.0,6.0,4.0,7.0,6.0,6,3.0,,,,,3.0,0.0,Completed,1.111,6.0,1.13,5.65,1.18,4.45,1.15,3.8,1.167,5.6
ATP,2004,50,New York,US Open,2004-09-01,Grand Slam,Outdoor,Hard,1st Round,5,Lopez F.,di Pasquale A.,32.0,252.0,7.0,6.0,6.0,3.0,6,2.0,,,,,3.0,0.0,Completed,1.167,4.5,1.16,5.0,1.17,4.67,1.2,3.3,1.154,6.0
ATP,2004,50,New York,US Open,2004-09-01,Grand Slam,Outdoor,Hard,1st Round,5,Sanchez D.,Odesnik W.,64.0,480.0,4.0,6.0,7.0,6.0,6,2.0,6.0,3.0,,,3.0,1.0,Completed,1.5,2.5,1.67,2.15,1.61,2.23,1.35,2.5,1.606,2.45
ATP,2004,50,New York,US Open,2004-09-01,Grand Slam,Outdoor,Hard,1st Round,5,Haas T.,Sanguinetti D.,45.0,102.0,6.0,1.0,5.0,7.0,6,2.0,3.0,6.0,6.0,2.0,3.0,2.0,Completed,1.063,8.0,1.08,7.25,1.06,7.79,1.05,5.0,1.08,10.5
ATP,2004,50,New York,US Open,2004-09-02,Grand Slam,Outdoor,Hard,2nd Round,5,Federer R.,Baghdatis M.,1.0,240.0,6.0,2.0,6.0,7.0,6,3.0,6.0,1.0,,,3.0,1.0,Completed,1.01,15.0,1.03,11.0,1.04,9.25,1.03,5.5,1.027,26.0
ATP,2004,50,New York,US Open,2004-09-02,Grand Slam,Outdoor,Hard,2nd Round,5,Johansson T.,Gaudio G.,61.0,10.0,6.0,3.0,2.0,6.0,6,4.0,6.0,4.0,,,3.0,1.0,Completed,1.667,2.1,1.57,2.35,1.7,2.1,1.75,1.75,1.667,2.3
ATP,2004,50,New York,US Open,2004-09-02,Grand Slam,Outdoor,Hard,2nd Round,5,Srichaphan P.,Goldstein P.,15.0,157.0,6.0,4.0,7.0,6.0,6,0.0,,,,,3.0,0.0,Completed,1.125,5.5,1.14,5.4,1.1,6.5,1.15,3.8,1.154,6.0
ATP,2004,50,New York,US Open,2004-09-02,Grand Slam,Outdoor,Hard,2nd Round,5,Pavel A.,Verdasco F.,18.0,36.0,7.0,5.0,6.0,3.0,7,6.0,,,,,3.0,0.0,Completed,1.727,2.0,1.86,1.9,1.8,1.95,1.55,2.0,1.84,1.99
ATP,2004,50,New York,US Open,2004-09-02,Grand Slam,Outdoor,Hard,2nd Round,5,Santoro F.,Tursunov D.,34.0,63.0,6.0,1.0,6.0,3.0,6,4.0,,,,,3.0,0.0,Completed,1.533,2.375,1.6,2.3,1.55,2.35,1.5,2.1,1.613,2.43
ATP,2004,50,New York,US Open,2004-09-02,Grand Slam,Outdoor,Hard,2nd Round,5,Lee H.T.,Martin A.,74.0,58.0,6.0,4.0,7.0,6.0,6,1.0,,,,,3.0,0.0,Completed,1.833,1.833,2.0,1.78,2.17,1.64,1.8,1.7,2.1,1.769
ATP,2004,50,New York,US Open,2004-09-02,Grand Slam,Outdoor,Hard,2nd Round,5,Kiefer N.,Saulnier C.,20.0,62.0,7.0,6.0,6.0,3.0,7,6.0,,,,,3.0,0.0,Completed,1.364,3.0,1.4,2.85,1.37,2.92,1.35,2.5,1.455,2.95
ATP,2004,50,New York,US Open,2004-09-02,Grand Slam,Outdoor,Hard,2nd Round,5,Hrbaty D.,Kucera K.,23.0,118.0,6.0,4.0,6.0,3.0,1,6.0,5.0,7.0,6.0,4.0,3.0,2.0,Completed,1.444,2.625,1.4,2.85,1.37,2.92,1.4,2.3,1.465,2.88
ATP,2004,50,New York,US Open,2004-09-02,Grand Slam,Outdoor,Hard,2nd Round,5,Rochus O.,Starace P.,100.0,93.0,6.0,1.0,4.0,6.0,4,6.0,6.0,0.0,6.0,3.0,3.0,2.0,Completed,1.83,1.83,1.93,1.83,2.0,1.75,1.7,1.8,1.893,1.926
ATP,2004,50,New York,US Open,2004-09-02,Grand Slam,Outdoor,Hard,2nd Round,5,Agassi A.,Mayer F.,7.0,37.0,7.0,5.0,2.0,6.0,6,2.0,1.0,0.0,,,2.0,1.0,Retired,1.143,5.0,1.14,5.4,1.13,5.5,1.15,3.8,1.174,5.4
ATP,2004,50,New York,US Open,2004-09-02,Grand Slam,Outdoor,Hard,2nd Round,5,Henman T.,Golmard J.,6.0,339.0,6.0,2.0,6.0,4.0,4,6.0,7.0,6.0,,,3.0,1.0,Completed,1.167,4.5,1.17,4.65,1.2,4.25,1.15,3.8,1.19,5.15
ATP,2004,50,New York,US Open,2004-09-02,Grand Slam,Outdoor,Hard,2nd Round,5,Tabara M.,Fish M.,149.0,28.0,6.0,3.0,3.0,6.0,1,6.0,6.0,3.0,6.0,3.0,3.0,2.0,Completed,6.5,1.1,5.7,1.13,5.5,1.13,4.5,1.1,6.5,1.138
ATP,2004,50,New York,US Open,2004-09-02,Grand Slam,Outdoor,Hard,2nd Round,5,Sargsian S.,Massu N.,54.0,11.0,6.0,7.0,6.0,4.0,3,6.0,7.0,6.0,6.0,4.0,3.0,2.0,Completed,3.75,1.25,3.55,1.28,4.06,1.21,3.8,1.15,4.1,1.274
ATP,2004,50,New York,US Open,2004-09-02,Grand Slam,Outdoor,Hard,2nd Round,5,Novak J.,Calatrava A.,26.0,106.0,7.0,5.0,6.0,1.0,6,3.0,,,,,3.0,0.0,Completed,1.111,6.0,1.12,6.0,1.1,6.75,1.1,4.5,1.108,8.15
ATP,2004,50,New York,US Open,2004-09-03,Grand Slam,Outdoor,Hard,2nd Round,5,Mathieu P.H.,Dent T.,88.0,22.0,6.0,7.0,6.0,4.0,6,3.0,7.0,6.0,,,3.0,1.0,Completed,2.75,1.4,2.85,1.4,2.85,1.4,3.0,1.25,3.0,1.435
ATP,2004,50,New York,US Open,2004-09-03,Grand Slam,Outdoor,Hard,2nd Round,5,Moya C.,Delic A.,4.0,245.0,6.0,2.0,3.0,6.0,6,3.0,6.0,2.0,,,3.0,1.0,Completed,1.063,8.0,1.1,6.5,1.11,5.84,1.1,4.5,1.11,8.1
ATP,2004,50,New York,US Open,2004-09-03,Grand Slam,Outdoor,Hard,2nd Round,5,Haas T.,Grosjean S.,45.0,13.0,6.0,4.0,6.0,4.0,1,6.0,6.0,1.0,,,3.0,1.0,Completed,1.8,1.909,1.83,1.93,1.9,1.85,1.85,1.65,1.877,1.943
ATP,2004,50,New York,US Open,2004-09-03,Grand Slam,Outdoor,Hard,2nd Round,5,Robredo T.,Clement A.,19.0,66.0,6.0,3.0,6.0,3.0,3,6.0,6.0,4.0,,,3.0,1.0,Completed,1.615,2.2,1.65,2.2,1.65,2.2,1.6,1.9,1.68,2.27
ATP,2004,50,New York,US Open,2004-09-03,Grand Slam,Outdoor,Hard,2nd Round,5,Koubek S.,Ferrero J.C.,97.0,8.0,7.0,6.0,4.0,6.0,6,7.0,6.0,2.0,6.0,2.0,3.0,2.0,Completed,3.0,1.364,2.85,1.4,2.75,1.42,3.0,1.25,3.11,1.407
ATP,2004,50,New York,US Open,2004-09-03,Grand Slam,Outdoor,Hard,2nd Round,5,Hewitt L.,Arazi H.,5.0,41.0,7.0,6.0,6.0,1.0,6,2.0,,,,,3.0,0.0,Completed,1.083,7.0,1.1,6.5,1.05,8.5,1.05,5.0,1.111,8.0
ATP,2004,50,New York,US Open,2004-09-03,Grand Slam,Outdoor,Hard,2nd Round,5,Mello R.,Sanchez D.,113.0,64.0,6.0,1.0,6.0,1.0,6,3.0,,,,,3.0,0.0,Completed,1.533,2.375,1.67,2.15,1.5,2.45,1.55,2.0,1.662,2.31
ATP,2004,50,New York,US Open,2004-09-03,Grand Slam,Outdoor,Hard,2nd Round,5,Beck K.,Pless K.,72.0,353.0,6.0,1.0,7.0,6.0,7,5.0,,,,,3.0,0.0,Completed,1.5,2.5,1.5,2.55,1.58,2.28,1.45,2.2,1.526,2.7
ATP,2004,50,New York,US Open,2004-09-03,Grand Slam,Outdoor,Hard,2nd Round,5,Berdych T.,Ketola T.,68.0,277.0,6.0,3.0,7.0,6.0,6,3.0,,,,,3.0,0.0,Completed,1.25,3.75,1.28,3.55,1.23,3.89,1.3,2.7,1.293,3.91
ATP,2004,50,New York,US Open,2004-09-03,Grand Slam,Outdoor,Hard,2nd Round,5,Lopez F.,Kohlschreiber P.,32.0,99.0,7.0,5.0,7.0,5.0,6,7.0,1.0,6.0,6.0,2.0,3.0,2.0,Completed,1.3,3.4,1.33,3.2,1.37,2.92,1.35,2.5,1.357,3.35
ATP,2004,50,New York,US Open,2004-09-03,Grand Slam,Outdoor,Hard,2nd Round,5,Peya A.,Enqvist T.,130.0,59.0,1.0,6.0,6.0,3.0,6,3.0,6.0,2.0,,,3.0,1.0,Completed,3.75,1.25,3.55,1.28,3.46,1.28,3.3,1.2,3.77,1.306
ATP,2004,50,New York,US Open,2004-09-03,Grand Slam,Outdoor,Hard,2nd Round,5,Davydenko N.,Soderling R.,51.0,39.0,6.0,1.0,2.0,6.0,7,5.0,6.0,4.0,,,3.0,1.0,Completed,2.5,1.5,2.55,1.5,1.85,1.85,1.9,1.6,2.35,1.645
ATP,2004,50,New York,US Open,2004-09-03,Grand Slam,Outdoor,Hard,2nd Round,5,Melzer J.,Spadea V.,40.0,24.0,6.0,3.0,4.0,6.0,3,6.0,6.0,3.0,6.0,4.0,3.0,2.0,Completed,2.25,1.571,2.4,1.55,2.35,1.55,2.1,1.5,2.31,1.662
ATP,2004,50,New York,US Open,2004-09-03,Grand Slam,Outdoor,Hard,2nd Round,5,Johansson J.,Gambill J.M.,30.0,77.0,6.0,4.0,7.0,5.0,7,5.0,,,,,3.0,0.0,Completed,1.25,3.75,1.28,3.55,1.25,3.65,1.35,2.5,1.317,3.65
ATP,2004,50,New York,US Open,2004-09-03,Grand Slam,Outdoor,Hard,2nd Round,5,Llodra M.,Seppi A.,56.0,171.0,6.0,0.0,6.0,3.0,3,6.0,6.0,3.0,,,3.0,1.0,Completed,1.5,2.5,1.5,2.55,1.5,2.45,1.5,2.1,1.476,2.82
ATP,2004,50,New York,US Open,2004-09-03,Grand Slam,Outdoor,Hard,2nd Round,5,Youzhny M.,Nalbandian D.,38.0,9.0,6.0,7.0,6.0,4.0,7,5.0,2.0,6.0,6.0,4.0,3.0,2.0,Completed,2.375,1.533,2.2,1.65,2.15,1.65,2.2,1.45,2.45,1.606
ATP,2004,50,New York,US Open,2004-09-04,Grand Slam,Outdoor,Hard,2nd Round,5,Canas G.,Volandri F.,31.0,60.0,6.0,4.0,7.0,5.0,6,1.0,,,,,3.0,0.0,Completed,1.364,3.0,1.35,3.1,1.4,2.85,1.4,2.3,1.392,3.2
ATP,2004,50,New York,US Open,2004-09-04,Grand Slam,Outdoor,Hard,2nd Round,5,Roddick A.,Nadal R.,2.0,49.0,6.0,0.0,6.0,3.0,6,4.0,,,,,3.0,0.0,Completed,1.083,7.0,1.1,6.5,1.1,6.75,1.15,3.8,1.129,6.9
ATP,2004,50,New York,US Open,2004-09-04,Grand Slam,Outdoor,Hard,3rd Round,5,Federer R.,Santoro F.,1.0,34.0,6.0,0.0,6.0,4.0,7,6.0,,,,,3.0,0.0,Completed,1.04,10.0,1.06,9.0,1.07,7.19,1.05,5.0,1.061,13.75
ATP,2004,50,New York,US Open,2004-09-04,Grand Slam,Outdoor,Hard,3rd Round,5,Rochus O.,Moya C.,100.0,4.0,4.0,6.0,6.0,4.0,6,3.0,6.0,7.0,7.0,5.0,3.0,2.0,Completed,6.0,1.111,5.75,1.14,5.2,1.15,3.8,1.15,7.15,1.127
ATP,2004,50,New York,US Open,2004-09-04,Grand Slam,Outdoor,Hard,3rd Round,5,Hrbaty D.,Srichaphan P.,23.0,15.0,7.0,6.0,6.0,3.0,6,3.0,,,,,3.0,0.0,Completed,2.5,1.5,2.6,1.5,2.65,1.45,2.5,1.35,2.75,1.513
ATP,2004,50,New York,US Open,2004-09-04,Grand Slam,Outdoor,Hard,3rd Round,5,Pavel A.,Lee H.T.,18.0,74.0,6.0,4.0,6.0,2.0,1,6.0,1.0,6.0,6.0,4.0,3.0,2.0,Completed,1.444,2.625,1.45,2.75,1.35,3.1,1.35,2.5,1.463,2.91
ATP,2004,50,New York,US Open,2004-09-04,Grand Slam,Outdoor,Hard,3rd Round,5,Kiefer N.,Johansson T.,20.0,61.0,6.0,4.0,6.0,0.0,6,1.0,,,,,3.0,0.0,Completed,1.727,2.0,1.7,2.15,1.65,2.15,1.5,2.1,1.662,2.33
ATP,2004,50,New York,US Open,2004-09-04,Grand Slam,Outdoor,Hard,3rd Round,5,Agassi A.,Novak J.,7.0,26.0,6.0,4.0,6.0,2.0,6,3.0,,,,,3.0,0.0,Completed,1.167,4.5,1.17,5.0,1.17,4.67,1.15,3.8,1.19,5.25
ATP,2004,50,New York,US Open,2004-09-04,Grand Slam,Outdoor,Hard,3rd Round,5,Sargsian S.,Mathieu P.H.,54.0,88.0,4.0,6.0,4.0,6.0,6,4.0,6.0,2.0,7.0,6.0,3.0,2.0,Completed,2.2,1.615,2.25,1.65,2.1,1.7,1.75,1.75,2.26,1.699
ATP,2004,50,New York,US Open,2004-09-05,Grand Slam,Outdoor,Hard,3rd Round,5,Henman T.,Tabara M.,6.0,149.0,4.0,6.0,6.0,3.0,5,7.0,6.0,4.0,6.0,3.0,3.0,2.0,Completed,1.125,5.5,1.17,5.0,1.17,4.67,1.15,3.8,1.157,5.95
ATP,2004,50,New York,US Open,2004-09-05,Grand Slam,Outdoor,Hard,3rd Round,5,Haas T.,Mello R.,45.0,113.0,6.0,4.0,6.0,3.0,7,5.0,,,,,3.0,0.0,Completed,1.125,5.5,1.13,6.0,1.15,5.2,1.15,3.8,1.2,5.0
ATP,2004,50,New York,US Open,2004-09-05,Grand Slam,Outdoor,Hard,3rd Round,5,Johansson J.,Koubek S.,30.0,97.0,6.0,7.0,7.0,6.0,6,1.0,6.0,3.0,,,3.0,1.0,Completed,1.3,3.4,,,1.32,3.22,,,1.417,3.05
ATP,2004,50,New York,US Open,2004-09-05,Grand Slam,Outdoor,Hard,3rd Round,5,Robredo T.,Peya A.,19.0,130.0,6.0,3.0,6.0,3.0,6,2.0,,,,,3.0,0.0,Completed,1.143,5.0,1.17,5.0,1.17,4.67,1.15,3.8,1.238,4.6
ATP,2004,50,New York,US Open,2004-09-05,Grand Slam,Outdoor,Hard,3rd Round,5,Berdych T.,Youzhny M.,68.0,38.0,2.0,6.0,6.0,1.0,6,3.0,4.0,6.0,6.0,1.0,3.0,2.0,Completed,2.375,1.533,2.23,1.65,2.12,1.67,2.1,1.5,2.64,1.543
ATP,2004,50,New York,US Open,2004-09-05,Grand Slam,Outdoor,Hard,3rd Round,5,Llodra M.,Melzer J.,56.0,40.0,6.0,3.0,6.0,2.0,7,5.0,,,,,3.0,0.0,Completed,2.1,1.667,2.4,1.57,2.3,1.6,1.9,1.6,2.16,1.758
ATP,2004,50,New York,US Open,2004-09-05,Grand Slam,Outdoor,Hard,3rd Round,5,Roddick A.,Canas G.,2.0,31.0,6.0,1.0,6.0,3.0,6,3.0,,,,,3.0,0.0,Completed,1.063,8.0,1.1,7.0,1.1,6.75,1.1,4.5,1.1,8.5
ATP,2004,50,New York,US Open,2004-09-05,Grand Slam,Outdoor,Hard,3rd Round,5,Beck K.,Davydenko N.,72.0,51.0,6.0,3.0,4.0,6.0,3,6.0,6.0,1.0,6.0,4.0,3.0,2.0,Completed,2.2,1.615,2.2,1.67,2.1,1.65,2.3,1.4,2.6,1.556
ATP,2004,50,New York,US Open,2004-09-06,Grand Slam,Outdoor,Hard,3rd Round,5,Hewitt L.,Lopez F.,5.0,32.0,6.0,1.0,6.0,4.0,6,2.0,,,,,3.0,0.0,Completed,1.071,7.5,1.13,6.0,1.1,6.75,1.15,3.8,1.125,7.15
ATP,2004,50,New York,US Open,2004-09-06,Grand Slam,Outdoor,Hard,4th Round,5,Henman T.,Kiefer N.,6.0,20.0,6.0,7.0,6.0,3.0,6,1.0,6.0,7.0,3.0,0.0,2.0,2.0,Retired,2.2,1.615,2.33,1.6,2.38,1.59,1.85,1.65,2.43,1.621
ATP,2004,50,New York,US Open,2004-09-06,Grand Slam,Outdoor,Hard,4th Round,5,Hrbaty D.,Rochus O.,23.0,100.0,2.0,6.0,3.0,6.0,6,3.0,6.0,4.0,6.0,0.0,3.0,2.0,Completed,1.444,2.625,1.48,2.65,1.5,2.45,1.55,2.0,1.532,2.68
ATP,2004,50,New York,US Open,2004-09-06,Grand Slam,Outdoor,Hard,4th Round,5,Agassi A.,Sargsian S.,7.0,54.0,6.0,3.0,6.0,2.0,6,2.0,,,,,3.0,0.0,Completed,1.05,9.0,1.06,9.0,1.05,8.5,1.1,4.5,1.091,9.5
ATP,2004,50,New York,US Open,2004-09-07,Grand Slam,Outdoor,Hard,4th Round,5,Federer R.,Pavel A.,1.0,18.0,,,,,,,,,,,,,Walkover,1.04,9.0,1.06,9.0,1.05,8.5,1.1,4.5,1.05,16.0
ATP,2004,50,New York,US Open,2004-09-07,Grand Slam,Outdoor,Hard,4th Round,5,Hewitt L.,Beck K.,5.0,72.0,6.0,4.0,6.0,2.0,6,2.0,,,,,3.0,0.0,Completed,1.063,8.0,1.06,9.0,1.07,7.19,1.05,6.0,1.08,10.5
ATP,2004,50,New York,US Open,2004-09-07,Grand Slam,Outdoor,Hard,4th Round,5,Haas T.,Berdych T.,45.0,68.0,7.0,6.0,6.0,1.0,7,5.0,,,,,3.0,0.0,Completed,1.286,3.5,1.28,3.65,1.25,3.9,1.25,3.2,1.311,3.72
ATP,2004,50,New York,US Open,2004-09-08,Grand Slam,Outdoor,Hard,4th Round,5,Johansson J.,Llodra M.,30.0,56.0,6.0,2.0,6.0,3.0,6,2.0,,,,,3.0,0.0,Completed,1.4,2.75,1.4,2.95,1.48,2.53,1.4,2.5,1.452,2.91
ATP,2004,50,New York,US Open,2004-09-08,Grand Slam,Outdoor,Hard,4th Round,5,Roddick A.,Robredo T.,2.0,19.0,6.0,3.0,6.0,2.0,6,4.0,,,,,3.0,0.0,Completed,1.063,8.0,1.06,9.0,1.07,7.19,1.05,6.0,,
ATP,2004,50,New York,US Open,2004-09-09,Grand Slam,Outdoor,Hard,Quarterfinals,5,Federer R.,Agassi A.,1.0,7.0,6.0,3.0,2.0,6.0,7,5.0,3.0,6.0,6.0,3.0,3.0,2.0,Completed,1.36,3.0,1.38,3.05,1.4,2.85,1.45,2.35,1.238,4.6
ATP,2004,50,New York,US Open,2004-09-09,Grand Slam,Outdoor,Hard,Quarterfinals,5,Henman T.,Hrbaty D.,6.0,23.0,6.0,1.0,7.0,5.0,5,7.0,6.0,2.0,,,3.0,1.0,Completed,1.44,2.62,1.48,2.65,1.45,2.6,1.5,2.2,1.103,8.5
ATP,2004,50,New York,US Open,2004-09-09,Grand Slam,Outdoor,Hard,Quarterfinals,5,Hewitt L.,Haas T.,5.0,45.0,6.0,2.0,6.0,2.0,6,2.0,,,,,3.0,0.0,Completed,1.36,3.0,1.3,3.5,1.34,3.31,1.3,2.9,1.382,3.26
ATP,2004,50,New York,US Open,2004-09-10,Grand Slam,Outdoor,Hard,Quarterfinals,5,Johansson J.,Roddick A.,30.0,2.0,6.0,4.0,6.0,4.0,3,6.0,2.0,6.0,6.0,4.0,3.0,2.0,Completed,7.0,1.08,5.75,1.14,6.75,1.1,4.0,1.15,8.1,1.114
ATP,2004,50,New York,US Open,2004-09-11,Grand Slam,Outdoor,Hard,Semifinals,5,Hewitt L.,Johansson J.,5.0,30.0,6.0,4.0,7.0,5.0,6,3.0,,,,,3.0,0.0,Completed,1.2,4.5,1.22,4.25,1.25,3.65,1.2,3.6,1.299,3.9
ATP,2004,50,New York,US Open,2004-09-11,Grand Slam,Outdoor,Hard,Semifinals,5,Federer R.,Henman T.,1.0,6.0,6.0,3.0,6.0,4.0,6,4.0,,,,,3.0,0.0,Completed,1.22,4.33,1.18,4.7,1.25,4.2,1.2,3.6,1.208,5.2
ATP,2004,50,New York,US Open,2004-09-12,Grand Slam,Outdoor,Hard,The Final,5,Federer R.,Hewitt L.,1.0,5.0,6.0,0.0,7.0,6.0,6,0.0,,,,,3.0,0.0,Completed,1.36,3.2,1.36,3.0,1.4,3.18,1.4,2.5,1.394,3.24
