Tour,Year,ATP,Location,Tournament,Date,Series,Court,Surface,Round,Best of,Winner,Loser,WRank,LRank,WPts,LPts,W1,L1,W2,L2,W3,L3,W4,L4,W5,L5,Wsets,Lsets,Comment,B365W,B365L,EXW,EXL,LBW,LBL,PSW,PSL,UBW,UBL
ATP,2008,6,Melbourne,Australian Open,2008-01-14,Grand Slam,Outdoor,Hard,1st Round,5,Karlovic I.,Baker J.,24.0,217.0,1360.0,192.0,6.0,4.0,6.0,4.0,6.0,7.0,6.0,4.0,,,3.0,1.0,Completed,1.11,6.0,1.13,5.5,1.125,5.5,1.183,5.95,1.13,5.6
ATP,2008,6,Melbourne,Australian Open,2008-01-14,Grand Slam,Outdoor,Hard,1st Round,5,Capdeville P.,Klein B.,100.0,618.0,428.0,32.0,6.0,4.0,7.0,5.0,6.0,4.0,,,,,3.0,0.0,Completed,1.33,3.25,1.25,3.15,1.364,3.0,1.366,3.53,1.35,3.1
ATP,2008,6,Melbourne,Australian Open,2008-01-14,Grand Slam,Outdoor,Hard,1st Round,5,Schuettler R.,Clement A.,92.0,59.0,453.0,610.0,6.0,4.0,6.0,2.0,6.0,7.0,6.0,4.0,,,3.0,1.0,Completed,2.0,1.72,1.9,1.85,2.0,1.727,1.98,1.926,2.0,1.78
ATP,2008,6,Melbourne,Australian Open,2008-01-14,Grand Slam,Outdoor,Hard,1st Round,5,Fish M.,Pashanski B.,43.0,95.0,685.0,441.0,6.0,2.0,6.0,3.0,3.0,6.0,6.0,3.0,,,3.0,1.0,Completed,1.1,6.5,1.1,6.25,1.167,4.5,1.163,6.55,1.12,5.85
ATP,2008,6,Melbourne,Australian Open,2008-01-14,Grand Slam,Outdoor,Hard,1st Round,5,Mathieu P.H.,Hanescu V.,25.0,79.0,1320.0,517.0,6.0,1.0,7.0,6.0,6.0,2.0,,,,,3.0,0.0,Completed,1.16,4.5,1.17,4.67,1.2,4.333,1.22,5.15,1.2,4.3
ATP,2008,6,Melbourne,Australian Open,2008-01-14,Grand Slam,Outdoor,Hard,1st Round,5,Levine J.,Vassallo-Arguello M.,170.0,77.0,242.0,520.0,6.0,1.0,7.0,5.0,6.0,1.0,,,,,3.0,0.0,Completed,1.38,2.87,1.45,2.65,1.364,3.0,1.427,3.14,1.45,2.67
ATP,2008,6,Melbourne,Australian Open,2008-01-14,Grand Slam,Outdoor,Hard,1st Round,5,Gicquel M.,Lu Y.H.,73.0,112.0,535.0,393.0,6.0,3.0,4.0,6.0,6.0,7.0,6.0,4.0,6.0,2.0,3.0,2.0,Completed,1.5,2.5,1.5,2.45,1.571,2.25,1.585,2.61,1.57,2.34
ATP,2008,6,Melbourne,Australian Open,2008-01-14,Grand Slam,Outdoor,Hard,1st Round,5,Nieminen J.,Dancevic F.,26.0,74.0,1075.0,531.0,6.0,3.0,6.0,1.0,5.0,7.0,2.0,6.0,6.0,1.0,3.0,2.0,Completed,1.2,4.33,1.17,4.67,1.222,4.0,1.217,5.21,1.22,4.1
ATP,2008,6,Melbourne,Australian Open,2008-01-14,Grand Slam,Outdoor,Hard,1st Round,5,Simon G.,Reynolds B.,33.0,113.0,955.0,392.0,4.0,6.0,6.0,4.0,6.0,2.0,6.0,7.0,6.0,4.0,3.0,2.0,Completed,1.16,4.5,1.18,4.45,1.222,4.0,1.212,5.31,1.18,4.6
ATP,2008,6,Melbourne,Australian Open,2008-01-14,Grand Slam,Outdoor,Hard,1st Round,5,Robredo T.,Zverev M.,12.0,85.0,1705.0,478.0,4.0,6.0,2.0,6.0,7.0,6.0,6.0,4.0,7.0,5.0,3.0,2.0,Completed,1.16,4.5,1.17,4.67,1.222,4.0,1.227,5.0,1.14,5.35
ATP,2008,6,Melbourne,Australian Open,2008-01-14,Grand Slam,Outdoor,Hard,1st Round,5,Sela D.,Slanar M.,66.0,277.0,573.0,138.0,6.0,2.0,6.0,4.0,6.0,2.0,,,,,3.0,0.0,Completed,1.25,3.75,1.25,3.75,1.25,3.75,1.25,4.6,1.23,4.0
ATP,2008,6,Melbourne,Australian Open,2008-01-14,Grand Slam,Outdoor,Hard,1st Round,5,Andreev I.,Pavel A.,35.0,78.0,890.0,518.0,5.0,7.0,6.0,2.0,7.0,6.0,6.0,3.0,,,3.0,1.0,Completed,1.33,3.25,1.38,2.88,1.364,3.0,1.379,3.44,1.35,3.1
ATP,2008,6,Melbourne,Australian Open,2008-01-14,Grand Slam,Outdoor,Hard,1st Round,5,Roddick A.,Dlouhy L.,6.0,154.0,2530.0,275.0,6.0,3.0,6.0,4.0,7.0,5.0,,,,,3.0,0.0,Completed,1.01,13.0,1.02,11.5,1.04,9.0,1.018,36.0,1.01,25.0
ATP,2008,6,Melbourne,Australian Open,2008-01-14,Grand Slam,Outdoor,Hard,1st Round,5,Vliegen K.,Patience O.,105.0,110.0,412.0,405.0,6.0,0.0,6.0,1.0,7.0,6.0,,,,,3.0,0.0,Completed,1.22,4.0,1.25,3.75,1.25,3.75,1.27,4.4,1.26,3.7
ATP,2008,6,Melbourne,Australian Open,2008-01-14,Grand Slam,Outdoor,Hard,1st Round,5,Tsonga J.W.,Murray A.,38.0,9.0,789.0,1830.0,7.0,5.0,6.0,4.0,0.0,6.0,7.0,6.0,,,3.0,1.0,Completed,5.0,1.14,5.2,1.15,4.5,1.167,6.2,1.175,4.6,1.18
ATP,2008,6,Melbourne,Australian Open,2008-01-14,Grand Slam,Outdoor,Hard,1st Round,5,Berrer M.,Young D.,54.0,98.0,621.0,432.0,6.0,7.0,7.0,6.0,6.0,3.0,7.0,6.0,,,3.0,1.0,Completed,1.61,2.2,1.64,2.17,1.727,2.0,1.667,2.4,1.7,2.1
ATP,2008,6,Melbourne,Australian Open,2008-01-14,Grand Slam,Outdoor,Hard,1st Round,5,Garcia-Lopez G.,Chela J.I.,86.0,20.0,477.0,1425.0,6.0,4.0,6.0,2.0,1.0,6.0,6.0,2.0,,,3.0,1.0,Completed,3.75,1.25,3.9,1.25,4.0,1.222,3.77,1.326,4.0,1.23
ATP,2008,6,Melbourne,Australian Open,2008-01-14,Grand Slam,Outdoor,Hard,1st Round,5,Falla A.,Anderson K.,84.0,208.0,481.0,201.0,5.0,7.0,7.0,5.0,6.0,7.0,6.0,2.0,7.0,5.0,3.0,2.0,Completed,1.36,3.0,1.37,2.92,1.4,2.75,1.429,3.13,1.4,2.85
ATP,2008,6,Melbourne,Australian Open,2008-01-14,Grand Slam,Outdoor,Hard,1st Round,5,Seppi A.,Levy H.,48.0,160.0,659.0,262.0,6.0,4.0,6.0,2.0,6.0,1.0,,,,,3.0,0.0,Completed,1.25,3.75,1.26,3.59,1.286,3.5,1.302,4.01,1.24,3.9
ATP,2008,6,Melbourne,Australian Open,2008-01-14,Grand Slam,Outdoor,Hard,1st Round,5,Davydenko N.,Llodra M.,4.0,50.0,2825.0,654.0,7.0,5.0,7.0,5.0,6.0,3.0,,,,,3.0,0.0,Completed,1.14,5.0,1.17,4.67,1.167,4.5,1.208,5.4,1.2,4.4
ATP,2008,6,Melbourne,Australian Open,2008-01-14,Grand Slam,Outdoor,Hard,1st Round,5,Mahut N.,Acasuso J.,44.0,63.0,683.0,581.0,7.0,6.0,5.0,7.0,6.0,2.0,3.0,6.0,7.0,5.0,3.0,2.0,Completed,1.8,1.9,1.75,2.05,1.667,2.1,1.855,2.07,1.73,2.06
ATP,2008,6,Melbourne,Australian Open,2008-01-14,Grand Slam,Outdoor,Hard,1st Round,5,Warburg S.,Brzezicki J.P.,172.0,97.0,241.0,437.0,2.0,6.0,6.0,2.0,6.0,3.0,2.0,6.0,6.0,4.0,3.0,2.0,Completed,1.66,2.1,1.7,2.1,1.571,2.25,1.794,2.16,1.63,2.22
ATP,2008,6,Melbourne,Australian Open,2008-01-14,Grand Slam,Outdoor,Hard,1st Round,5,Youzhny M.,Montcourt M.,14.0,122.0,1670.0,361.0,6.0,0.0,6.0,2.0,7.0,6.0,,,,,3.0,0.0,Completed,1.01,13.0,1.04,9.25,1.05,8.5,1.038,21.0,1.03,12.0
ATP,2008,6,Melbourne,Australian Open,2008-01-14,Grand Slam,Outdoor,Hard,1st Round,5,Gasquet R.,Lindahl N.,8.0,254.0,1895.0,161.0,6.0,0.0,6.0,1.0,3.0,6.0,6.0,2.0,,,3.0,1.0,Completed,1.01,13.0,1.04,9.25,1.04,9.0,1.025,28.5,1.03,12.0
ATP,2008,6,Melbourne,Australian Open,2008-01-14,Grand Slam,Outdoor,Hard,1st Round,5,Calleri A.,Horna L.,41.0,76.0,700.0,520.0,6.0,4.0,6.0,7.0,6.0,3.0,6.0,4.0,,,3.0,1.0,Completed,1.22,4.0,1.26,3.59,1.286,3.5,1.278,4.3,1.25,3.8
ATP,2008,6,Melbourne,Australian Open,2008-01-14,Grand Slam,Outdoor,Hard,1st Round,5,Kohlschreiber P.,Karanusic R.,27.0,133.0,1075.0,323.0,6.0,4.0,7.0,6.0,6.0,1.0,,,,,3.0,0.0,Completed,1.14,5.0,1.15,5.2,1.125,5.5,1.189,5.8,1.15,5.15
ATP,2008,6,Melbourne,Australian Open,2008-01-14,Grand Slam,Outdoor,Hard,1st Round,5,Lopez F.,Odesnik W.,37.0,124.0,840.0,359.0,7.0,6.0,6.0,1.0,6.0,4.0,,,,,3.0,0.0,Completed,1.4,2.75,1.35,3.1,1.33,3.25,1.439,3.08,1.4,2.85
ATP,2008,6,Melbourne,Australian Open,2008-01-14,Grand Slam,Outdoor,Hard,1st Round,5,Serra F.,Mayer F.,88.0,52.0,466.0,626.0,6.0,3.0,7.0,6.0,7.0,6.0,,,,,3.0,0.0,Completed,2.0,1.72,2.1,1.7,2.0,1.727,2.1,1.833,2.08,1.72
ATP,2008,6,Melbourne,Australian Open,2008-01-14,Grand Slam,Outdoor,Hard,1st Round,5,Wawrinka S.,Benneteau J.,29.0,65.0,995.0,575.0,6.0,3.0,6.0,3.0,6.0,3.0,,,,,3.0,0.0,Completed,1.28,3.5,1.27,3.53,1.364,3.0,1.323,3.8,1.33,3.2
ATP,2008,6,Melbourne,Australian Open,2008-01-14,Grand Slam,Outdoor,Hard,1st Round,5,Korolev E.,Granollers M.,82.0,131.0,492.0,334.0,7.0,5.0,6.0,2.0,6.0,0.0,,,,,3.0,0.0,Completed,1.33,3.25,1.32,3.22,1.33,3.25,1.373,3.48,1.3,3.4
ATP,2008,6,Melbourne,Australian Open,2008-01-14,Grand Slam,Outdoor,Hard,1st Round,5,Koubek S.,Moya C.,68.0,18.0,556.0,1505.0,7.0,6.0,6.0,7.0,7.0,5.0,6.0,4.0,,,3.0,1.0,Completed,3.0,1.36,2.92,1.37,2.75,1.4,3.15,1.426,3.0,1.37
ATP,2008,6,Melbourne,Australian Open,2008-01-14,Grand Slam,Outdoor,Hard,1st Round,5,Nadal R.,Troicki V.,2.0,126.0,5780.0,357.0,7.0,6.0,7.0,5.0,6.0,1.0,,,,,3.0,0.0,Completed,1.01,15.0,1.02,11.5,1.04,9.0,1.018,36.0,1.02,15.0
ATP,2008,6,Melbourne,Australian Open,2008-01-15,Grand Slam,Outdoor,Hard,1st Round,5,Verdasco F.,Ascione T.,28.0,96.0,1050.0,438.0,6.0,4.0,6.0,0.0,6.0,3.0,,,,,3.0,0.0,Completed,1.11,6.0,1.15,5.2,1.167,4.5,1.141,7.4,1.15,5.15
ATP,2008,6,Melbourne,Australian Open,2008-01-15,Grand Slam,Outdoor,Hard,1st Round,5,Djokovic N.,Becker B.,3.0,81.0,4315.0,496.0,6.0,0.0,6.0,2.0,7.0,6.0,,,,,3.0,0.0,Completed,1.03,11.0,1.06,7.79,1.04,9.0,1.056,15.0,1.06,8.5
ATP,2008,6,Melbourne,Australian Open,2008-01-15,Grand Slam,Outdoor,Hard,1st Round,5,Haase R.,Ljubicic I.,103.0,19.0,424.0,1440.0,6.0,7.0,6.0,3.0,6.0,0.0,7.0,6.0,,,3.0,1.0,Completed,3.75,1.25,3.46,1.28,3.5,1.286,3.63,1.353,3.55,1.28
ATP,2008,6,Melbourne,Australian Open,2008-01-15,Grand Slam,Outdoor,Hard,1st Round,5,Jones A.,Montanes A.,137.0,45.0,313.0,681.0,6.0,4.0,6.0,3.0,3.0,6.0,6.0,2.0,,,3.0,1.0,Completed,1.5,2.5,1.6,2.3,1.5,2.5,1.571,2.65,1.5,2.5
ATP,2008,6,Melbourne,Australian Open,2008-01-15,Grand Slam,Outdoor,Hard,1st Round,5,Delic A.,Kendrick R.,136.0,108.0,314.0,408.0,6.0,4.0,7.0,5.0,6.0,2.0,,,,,3.0,0.0,Completed,1.53,2.37,1.67,2.12,1.615,2.2,1.606,2.55,1.6,2.28
ATP,2008,6,Melbourne,Australian Open,2008-01-15,Grand Slam,Outdoor,Hard,1st Round,5,Monaco J.,Berlocq C.,23.0,75.0,1380.0,525.0,7.0,6.0,7.0,5.0,6.0,1.0,,,,,3.0,0.0,Completed,1.11,6.0,1.15,5.2,1.125,5.5,1.131,7.95,1.12,6.0
ATP,2008,6,Melbourne,Australian Open,2008-01-15,Grand Slam,Outdoor,Hard,1st Round,5,Bolelli S.,Ram A.,70.0,233.0,541.0,176.0,7.0,6.0,3.0,6.0,6.0,4.0,2.0,6.0,6.0,3.0,3.0,2.0,Completed,1.61,2.2,1.65,2.15,1.667,2.1,1.781,2.18,1.67,2.15
ATP,2008,6,Melbourne,Australian Open,2008-01-15,Grand Slam,Outdoor,Hard,1st Round,5,Tipsarevic J.,Sirianni J.,49.0,146.0,657.0,293.0,7.0,5.0,6.0,2.0,6.0,7.0,0.0,6.0,6.0,0.0,3.0,2.0,Completed,1.4,2.75,1.4,2.85,1.444,2.625,1.493,2.83,1.47,2.6
ATP,2008,6,Melbourne,Australian Open,2008-01-15,Grand Slam,Outdoor,Hard,1st Round,5,Baghdatis M.,Johansson T.,16.0,51.0,1600.0,635.0,7.0,6.0,6.0,2.0,3.0,6.0,6.0,3.0,,,3.0,1.0,Completed,1.22,4.0,1.28,3.46,1.25,3.75,1.274,4.35,1.3,3.45
ATP,2008,6,Melbourne,Australian Open,2008-01-15,Grand Slam,Outdoor,Hard,1st Round,5,Grosjean S.,Volandri F.,46.0,39.0,661.0,731.0,7.0,6.0,6.0,3.0,7.0,6.0,,,,,3.0,0.0,Completed,1.14,5.0,1.17,4.67,1.2,4.333,1.184,5.94,1.13,5.6
ATP,2008,6,Melbourne,Australian Open,2008-01-15,Grand Slam,Outdoor,Hard,1st Round,5,Lee H.T.,Guccione C.,47.0,91.0,659.0,462.0,7.0,6.0,6.0,3.0,6.0,4.0,,,,,3.0,0.0,Completed,2.62,1.44,2.65,1.45,2.75,1.4,2.84,1.49,2.7,1.44
ATP,2008,6,Melbourne,Australian Open,2008-01-15,Grand Slam,Outdoor,Hard,1st Round,5,Nalbandian D.,Smeets R.,10.0,149.0,1775.0,286.0,6.0,1.0,6.0,1.0,7.0,6.0,,,,,3.0,0.0,Completed,1.04,10.0,1.05,8.5,1.063,8.0,1.065,13.5,1.06,8.5
ATP,2008,6,Melbourne,Australian Open,2008-01-15,Grand Slam,Outdoor,Hard,1st Round,5,Istomin D.,Lacko L.,216.0,150.0,193.0,285.0,6.0,3.0,6.0,7.0,7.0,6.0,6.0,1.0,,,3.0,1.0,Completed,2.37,1.53,2.35,1.55,2.375,1.533,2.46,1.641,2.28,1.6
ATP,2008,6,Melbourne,Australian Open,2008-01-15,Grand Slam,Outdoor,Hard,1st Round,5,Cilic M.,Almagro N.,57.0,31.0,615.0,965.0,7.0,6.0,7.0,5.0,6.0,2.0,,,,,3.0,0.0,Completed,1.83,1.83,1.87,1.87,1.833,1.833,1.826,2.11,1.94,1.82
ATP,2008,6,Melbourne,Australian Open,2008-01-15,Grand Slam,Outdoor,Hard,1st Round,5,Gremelmayr D.,Roitman S.,119.0,72.0,366.0,537.0,6.0,1.0,0.0,6.0,6.0,4.0,7.0,5.0,,,3.0,1.0,Completed,1.53,2.37,1.55,2.35,1.571,2.25,1.69,2.35,1.58,2.32
ATP,2008,6,Melbourne,Australian Open,2008-01-15,Grand Slam,Outdoor,Hard,1st Round,5,Querrey S.,Rochus O.,62.0,56.0,588.0,616.0,6.0,3.0,6.0,2.0,7.0,5.0,,,,,3.0,0.0,Completed,1.9,1.8,1.91,1.83,1.833,1.833,2.25,1.741,1.94,1.82
ATP,2008,6,Melbourne,Australian Open,2008-01-15,Grand Slam,Outdoor,Hard,1st Round,5,Safin M.,Gulbis E.,58.0,61.0,610.0,595.0,6.0,0.0,6.0,4.0,7.0,6.0,,,,,3.0,0.0,Completed,1.38,2.87,1.35,3.0,1.4,2.75,1.476,2.9,1.42,2.78
ATP,2008,6,Melbourne,Australian Open,2008-01-15,Grand Slam,Outdoor,Hard,1st Round,5,Hewitt L.,Darcis S.,22.0,83.0,1385.0,492.0,6.0,0.0,6.0,3.0,6.0,0.0,,,,,3.0,0.0,Completed,1.08,7.0,1.15,5.2,1.143,5.0,1.123,8.3,1.14,5.4
ATP,2008,6,Melbourne,Australian Open,2008-01-15,Grand Slam,Outdoor,Hard,1st Round,5,Ferrero J.C.,Kiefer N.,21.0,42.0,1400.0,685.0,6.0,4.0,6.0,3.0,6.0,1.0,,,,,3.0,0.0,Completed,1.8,1.9,1.87,1.87,1.727,2.0,1.893,2.02,1.84,1.92
ATP,2008,6,Melbourne,Australian Open,2008-01-15,Grand Slam,Outdoor,Hard,1st Round,5,Ferrer D.,Roger-Vasselin E.,5.0,93.0,2615.0,450.0,6.0,2.0,6.0,2.0,6.0,1.0,,,,,3.0,0.0,Completed,1.04,10.0,1.07,7.19,1.07,7.5,1.069,12.5,1.04,11.0
ATP,2008,6,Melbourne,Australian Open,2008-01-15,Grand Slam,Outdoor,Hard,1st Round,5,Melzer J.,Vanek J.,71.0,99.0,540.0,431.0,6.0,3.0,6.0,4.0,6.0,4.0,,,,,3.0,0.0,Completed,1.19,4.33,1.28,3.46,1.25,3.75,1.227,5.0,1.21,4.2
ATP,2008,6,Melbourne,Australian Open,2008-01-15,Grand Slam,Outdoor,Hard,1st Round,5,Luczak P.,Zabaleta M.,90.0,104.0,464.0,416.0,6.0,1.0,6.0,7.0,6.0,3.0,6.0,4.0,,,3.0,1.0,Completed,1.28,3.5,1.28,3.46,1.333,3.25,1.368,3.52,1.32,3.28
ATP,2008,6,Melbourne,Australian Open,2008-01-15,Grand Slam,Outdoor,Hard,1st Round,5,Blake J.,Massu N.,15.0,69.0,1610.0,544.0,6.0,3.0,6.0,2.0,6.0,2.0,,,,,3.0,0.0,Completed,1.25,3.75,1.33,3.17,1.25,3.75,1.278,4.3,1.29,3.5
ATP,2008,6,Melbourne,Australian Open,2008-01-15,Grand Slam,Outdoor,Hard,1st Round,5,Berdych T.,Eschauer W.,13.0,64.0,1685.0,580.0,6.0,4.0,6.0,4.0,6.0,4.0,,,,,3.0,0.0,Completed,1.03,11.0,1.07,7.19,1.03,10.0,1.025,28.5,1.04,11.0
ATP,2008,6,Melbourne,Australian Open,2008-01-15,Grand Slam,Outdoor,Hard,1st Round,5,Hernandez O.,Minar I.,60.0,102.0,602.0,425.0,1.0,6.0,7.0,6.0,6.0,2.0,6.0,1.0,,,3.0,1.0,Completed,6.0,1.11,5.84,1.11,4.5,1.167,5.9,1.185,6.0,1.12
ATP,2008,6,Melbourne,Australian Open,2008-01-15,Grand Slam,Outdoor,Hard,1st Round,5,Tursunov D.,Malisse X.,32.0,156.0,965.0,270.0,6.0,7.0,5.0,7.0,6.0,2.0,6.0,1.0,6.0,3.0,3.0,2.0,Completed,1.5,2.5,1.6,2.3,1.571,2.25,1.568,2.66,1.54,2.42
ATP,2008,6,Melbourne,Australian Open,2008-01-15,Grand Slam,Outdoor,Hard,1st Round,5,Russell M.,Fognini F.,101.0,94.0,426.0,444.0,6.0,1.0,4.0,6.0,6.0,2.0,3.0,6.0,6.0,3.0,3.0,2.0,Completed,1.28,3.5,1.32,3.22,1.3,3.4,1.323,3.8,1.29,3.5
ATP,2008,6,Melbourne,Australian Open,2008-01-15,Grand Slam,Outdoor,Hard,1st Round,5,Santoro F.,Isner J.,36.0,109.0,852.0,407.0,6.0,2.0,6.0,2.0,6.0,4.0,,,,,3.0,0.0,Completed,1.4,2.75,1.45,2.65,1.4,2.75,1.426,3.15,1.38,2.95
ATP,2008,6,Melbourne,Australian Open,2008-01-15,Grand Slam,Outdoor,Hard,1st Round,5,Spadea V.,Stepanek R.,80.0,30.0,515.0,985.0,2.0,6.0,2.0,6.0,7.0,5.0,6.0,2.0,6.0,3.0,3.0,2.0,Completed,4.0,1.22,3.35,1.3,3.75,1.25,4.24,1.282,3.8,1.25
ATP,2008,6,Melbourne,Australian Open,2008-01-15,Grand Slam,Outdoor,Hard,1st Round,5,Del Potro J.M.,Ventura S.,53.0,87.0,625.0,473.0,6.0,3.0,6.0,1.0,6.0,3.0,,,,,3.0,0.0,Completed,1.22,4.0,1.25,3.9,1.222,4.0,1.303,4.0,1.23,4.0
ATP,2008,6,Melbourne,Australian Open,2008-01-15,Grand Slam,Outdoor,Hard,1st Round,5,Gonzalez F.,Economidis K.,7.0,142.0,2005.0,299.0,6.0,4.0,7.0,6.0,6.0,1.0,,,,,3.0,0.0,Completed,1.05,9.0,1.07,7.19,1.063,8.0,1.067,13.0,1.07,7.8
ATP,2008,6,Melbourne,Australian Open,2008-01-15,Grand Slam,Outdoor,Hard,1st Round,5,Federer R.,Hartfield D.,1.0,107.0,7180.0,410.0,6.0,0.0,6.0,3.0,6.0,0.0,,,,,3.0,0.0,Completed,1.005,26.0,1.01,13.5,1.002,34.0,1.01,71.0,1.01,25.0
ATP,2008,6,Melbourne,Australian Open,2008-01-16,Grand Slam,Outdoor,Hard,2nd Round,5,Mathieu P.H.,Capdeville P.,25.0,100.0,1320.0,428.0,6.0,7.0,6.0,0.0,6.0,4.0,6.0,4.0,,,3.0,1.0,Completed,1.12,5.5,1.15,4.65,1.167,4.5,1.155,6.85,1.16,5.0
ATP,2008,6,Melbourne,Australian Open,2008-01-16,Grand Slam,Outdoor,Hard,2nd Round,5,Garcia-Lopez G.,Falla A.,86.0,84.0,477.0,481.0,6.0,4.0,5.0,7.0,6.0,4.0,7.0,6.0,,,3.0,1.0,Completed,1.66,2.1,1.6,2.25,1.727,2.0,1.69,2.35,1.72,2.08
ATP,2008,6,Melbourne,Australian Open,2008-01-16,Grand Slam,Outdoor,Hard,2nd Round,5,Koubek S.,Calleri A.,68.0,41.0,556.0,700.0,6.0,3.0,7.0,6.0,7.0,6.0,,,,,3.0,0.0,Completed,2.1,1.66,2.05,1.75,2.0,1.727,2.06,1.862,2.03,1.75
ATP,2008,6,Melbourne,Australian Open,2008-01-16,Grand Slam,Outdoor,Hard,2nd Round,5,Nieminen J.,Levine J.,26.0,170.0,1075.0,242.0,6.0,2.0,7.0,5.0,7.0,6.0,,,,,3.0,0.0,Completed,1.11,6.0,1.15,5.2,1.143,5.0,1.143,7.3,1.12,6.0
ATP,2008,6,Melbourne,Australian Open,2008-01-16,Grand Slam,Outdoor,Hard,2nd Round,5,Karlovic I.,Sela D.,24.0,66.0,1360.0,573.0,6.0,7.0,6.0,4.0,6.0,3.0,6.0,1.0,,,3.0,1.0,Completed,1.3,3.39,1.3,3.45,1.286,3.5,1.385,3.4,1.35,3.1
ATP,2008,6,Melbourne,Australian Open,2008-01-16,Grand Slam,Outdoor,Hard,2nd Round,5,Tsonga J.W.,Warburg S.,38.0,172.0,789.0,241.0,6.0,4.0,7.0,6.0,6.0,2.0,,,,,3.0,0.0,Completed,1.07,7.5,1.07,7.45,1.083,7.0,1.095,9.5,1.1,6.75
ATP,2008,6,Melbourne,Australian Open,2008-01-16,Grand Slam,Outdoor,Hard,2nd Round,5,Gicquel M.,Wawrinka S.,73.0,29.0,535.0,995.0,6.0,2.0,3.0,6.0,7.0,6.0,2.0,1.0,,,2.0,1.0,Retired,5.0,1.14,4.67,1.17,4.5,1.167,6.4,1.167,4.6,1.18
ATP,2008,6,Melbourne,Australian Open,2008-01-16,Grand Slam,Outdoor,Hard,2nd Round,5,Nadal R.,Serra F.,2.0,88.0,5780.0,466.0,6.0,0.0,6.0,2.0,6.0,2.0,,,,,3.0,0.0,Completed,1.02,12.0,1.04,9.25,1.05,8.5,1.043,19.0,1.05,9.5
ATP,2008,6,Melbourne,Australian Open,2008-01-16,Grand Slam,Outdoor,Hard,2nd Round,5,Youzhny M.,Seppi A.,14.0,48.0,1670.0,659.0,4.0,6.0,7.0,5.0,6.0,3.0,7.0,6.0,,,3.0,1.0,Completed,1.14,5.0,1.17,4.67,1.125,5.5,1.164,6.5,1.17,4.8
ATP,2008,6,Melbourne,Australian Open,2008-01-16,Grand Slam,Outdoor,Hard,2nd Round,5,Fish M.,Robredo T.,43.0,12.0,685.0,1705.0,6.0,1.0,6.0,2.0,6.0,3.0,,,,,3.0,0.0,Completed,1.9,1.8,1.95,1.8,2.0,1.727,2.01,1.901,1.97,1.8
ATP,2008,6,Melbourne,Australian Open,2008-01-16,Grand Slam,Outdoor,Hard,2nd Round,5,Simon G.,Schuettler R.,33.0,92.0,955.0,453.0,6.0,2.0,6.0,2.0,6.0,1.0,,,,,3.0,0.0,Completed,1.57,2.25,1.7,2.1,1.615,2.2,1.69,2.35,1.74,2.04
ATP,2008,6,Melbourne,Australian Open,2008-01-16,Grand Slam,Outdoor,Hard,2nd Round,5,Andreev I.,Vliegen K.,35.0,105.0,890.0,412.0,7.0,5.0,7.0,5.0,6.0,2.0,,,,,3.0,0.0,Completed,1.57,2.25,1.55,2.35,1.571,2.25,1.735,2.26,1.67,2.15
ATP,2008,6,Melbourne,Australian Open,2008-01-16,Grand Slam,Outdoor,Hard,2nd Round,5,Davydenko N.,Mahut N.,4.0,44.0,2825.0,683.0,6.0,4.0,6.0,0.0,6.0,3.0,,,,,3.0,0.0,Completed,1.08,7.0,1.13,5.5,1.125,5.5,1.118,8.65,1.08,7.4
ATP,2008,6,Melbourne,Australian Open,2008-01-16,Grand Slam,Outdoor,Hard,2nd Round,5,Kohlschreiber P.,Korolev E.,27.0,82.0,1075.0,492.0,6.0,4.0,6.0,2.0,0.0,1.0,,,,,2.0,0.0,Retired,1.22,4.0,1.25,3.9,1.25,3.75,1.238,4.8,1.23,4.0
ATP,2008,6,Melbourne,Australian Open,2008-01-16,Grand Slam,Outdoor,Hard,2nd Round,5,Gasquet R.,Lopez F.,8.0,37.0,1895.0,840.0,6.0,2.0,6.0,1.0,6.0,3.0,,,,,3.0,0.0,Completed,1.28,3.5,1.32,3.22,1.28,3.5,1.313,3.9,1.28,3.55
ATP,2008,6,Melbourne,Australian Open,2008-01-16,Grand Slam,Outdoor,Hard,2nd Round,5,Roddick A.,Berrer M.,6.0,54.0,2530.0,621.0,6.0,2.0,6.0,2.0,6.0,4.0,,,,,3.0,0.0,Completed,1.03,11.0,1.04,9.25,1.04,9.0,1.038,21.0,1.04,11.0
ATP,2008,6,Melbourne,Australian Open,2008-01-17,Grand Slam,Outdoor,Hard,2nd Round,5,Berdych T.,Hernandez O.,13.0,60.0,1685.0,602.0,6.0,2.0,6.0,1.0,6.0,3.0,,,,,3.0,0.0,Completed,1.01,15.0,1.02,11.5,1.02,11.0,1.024,31.0,1.01,25.0
ATP,2008,6,Melbourne,Australian Open,2008-01-17,Grand Slam,Outdoor,Hard,2nd Round,5,Ferrero J.C.,Jones A.,21.0,137.0,1400.0,313.0,6.0,4.0,6.0,4.0,6.0,2.0,,,,,3.0,0.0,Completed,1.03,11.0,1.05,8.5,1.063,8.0,1.057,14.5,1.04,11.0
ATP,2008,6,Melbourne,Australian Open,2008-01-17,Grand Slam,Outdoor,Hard,2nd Round,5,Monaco J.,Delic A.,23.0,136.0,1380.0,314.0,6.0,3.0,7.0,6.0,5.0,7.0,6.0,7.0,8.0,6.0,3.0,2.0,Completed,1.22,4.0,1.28,3.46,1.25,3.75,1.299,4.05,1.3,3.4
ATP,2008,6,Melbourne,Australian Open,2008-01-17,Grand Slam,Outdoor,Hard,2nd Round,5,Tipsarevic J.,Verdasco F.,49.0,28.0,657.0,1050.0,7.0,5.0,7.0,6.0,7.0,6.0,,,,,3.0,0.0,Completed,3.39,1.3,3.35,1.3,3.0,1.364,3.25,1.408,3.0,1.37
ATP,2008,6,Melbourne,Australian Open,2008-01-17,Grand Slam,Outdoor,Hard,2nd Round,5,Federer R.,Santoro F.,1.0,36.0,7180.0,852.0,6.0,1.0,6.0,2.0,6.0,0.0,,,,,3.0,0.0,Completed,1.005,17.0,1.01,13.5,1.01,15.0,1.017,41.0,1.02,15.0
ATP,2008,6,Melbourne,Australian Open,2008-01-17,Grand Slam,Outdoor,Hard,2nd Round,5,Djokovic N.,Bolelli S.,3.0,70.0,4315.0,541.0,6.0,1.0,6.0,2.0,6.0,2.0,,,,,3.0,0.0,Completed,1.005,17.0,1.03,12.0,1.02,11.0,1.017,41.0,1.02,15.0
ATP,2008,6,Melbourne,Australian Open,2008-01-17,Grand Slam,Outdoor,Hard,2nd Round,5,Hewitt L.,Istomin D.,22.0,216.0,1385.0,193.0,7.0,6.0,6.0,3.0,5.0,7.0,6.0,1.0,,,3.0,1.0,Completed,1.01,15.0,1.03,10.5,1.03,10.0,1.025,28.5,1.02,15.0
ATP,2008,6,Melbourne,Australian Open,2008-01-17,Grand Slam,Outdoor,Hard,2nd Round,5,Ferrer D.,Del Potro J.M.,5.0,53.0,2615.0,625.0,6.0,3.0,6.0,4.0,,,,,,,2.0,0.0,Retired,1.12,5.5,1.18,4.45,1.167,4.5,1.185,5.91,1.14,5.4
ATP,2008,6,Melbourne,Australian Open,2008-01-17,Grand Slam,Outdoor,Hard,2nd Round,5,Querrey S.,Tursunov D.,62.0,32.0,588.0,965.0,7.0,6.0,3.0,6.0,6.0,4.0,6.0,2.0,,,3.0,1.0,Completed,4.33,1.19,3.75,1.25,3.75,1.25,4.35,1.274,3.8,1.25
ATP,2008,6,Melbourne,Australian Open,2008-01-17,Grand Slam,Outdoor,Hard,2nd Round,5,Cilic M.,Melzer J.,57.0,71.0,615.0,540.0,6.0,4.0,6.0,3.0,6.0,4.0,,,,,3.0,0.0,Completed,1.53,2.37,1.55,2.4,1.533,2.375,1.592,2.59,1.6,2.28
ATP,2008,6,Melbourne,Australian Open,2008-01-17,Grand Slam,Outdoor,Hard,2nd Round,5,Grosjean S.,Haase R.,46.0,103.0,661.0,424.0,4.0,6.0,6.0,4.0,6.0,0.0,6.0,7.0,6.0,4.0,3.0,2.0,Completed,1.53,2.37,1.6,2.3,1.667,2.1,1.704,2.32,1.6,2.28
ATP,2008,6,Melbourne,Australian Open,2008-01-17,Grand Slam,Outdoor,Hard,2nd Round,5,Spadea V.,Gremelmayr D.,80.0,119.0,515.0,366.0,4.0,6.0,6.0,2.0,6.0,3.0,2.0,6.0,9.0,7.0,3.0,2.0,Completed,1.33,3.25,1.35,3.1,1.364,3.0,1.4,3.3,1.3,3.4
ATP,2008,6,Melbourne,Australian Open,2008-01-17,Grand Slam,Outdoor,Hard,2nd Round,5,Nalbandian D.,Luczak P.,10.0,90.0,1775.0,464.0,4.0,6.0,7.0,5.0,6.0,4.0,6.0,1.0,,,3.0,1.0,Completed,1.03,11.0,1.04,9.25,1.05,8.5,1.05,16.0,1.06,8.6
ATP,2008,6,Melbourne,Australian Open,2008-01-17,Grand Slam,Outdoor,Hard,2nd Round,5,Gonzalez F.,Lee H.T.,7.0,47.0,2005.0,659.0,4.0,6.0,6.0,3.0,6.0,2.0,6.0,4.0,,,3.0,1.0,Completed,1.28,3.5,1.3,3.3,1.286,3.5,1.328,3.75,1.3,3.4
ATP,2008,6,Melbourne,Australian Open,2008-01-17,Grand Slam,Outdoor,Hard,2nd Round,5,Blake J.,Russell M.,15.0,101.0,1610.0,426.0,6.0,3.0,6.0,2.0,6.0,2.0,,,,,3.0,0.0,Completed,1.08,7.0,1.1,6.75,1.111,6.0,1.098,9.2,1.12,5.85
ATP,2008,6,Melbourne,Australian Open,2008-01-17,Grand Slam,Outdoor,Hard,2nd Round,5,Baghdatis M.,Safin M.,16.0,58.0,1600.0,610.0,6.0,4.0,6.0,4.0,2.0,6.0,3.0,6.0,6.0,2.0,3.0,2.0,Completed,1.5,2.5,1.67,2.12,1.615,2.2,1.588,2.6,1.64,2.2
ATP,2008,6,Melbourne,Australian Open,2008-01-18,Grand Slam,Outdoor,Hard,3rd Round,5,Davydenko N.,Gicquel M.,4.0,73.0,2825.0,535.0,6.0,3.0,6.0,2.0,6.0,3.0,,,,,3.0,0.0,Completed,1.05,9.0,1.07,7.19,1.063,8.0,1.065,13.5,1.07,8.5
ATP,2008,6,Melbourne,Australian Open,2008-01-18,Grand Slam,Outdoor,Hard,3rd Round,5,Tsonga J.W.,Garcia-Lopez G.,38.0,86.0,789.0,477.0,6.0,3.0,6.0,4.0,6.0,2.0,,,,,3.0,0.0,Completed,1.16,4.5,1.25,3.9,1.222,4.333,1.246,4.66,1.24,3.9
ATP,2008,6,Melbourne,Australian Open,2008-01-18,Grand Slam,Outdoor,Hard,3rd Round,5,Youzhny M.,Karlovic I.,14.0,24.0,1670.0,1360.0,6.0,2.0,6.0,4.0,6.0,2.0,,,,,3.0,0.0,Completed,1.38,2.87,1.45,2.6,1.4,2.75,1.405,3.27,1.44,2.7
ATP,2008,6,Melbourne,Australian Open,2008-01-18,Grand Slam,Outdoor,Hard,3rd Round,5,Mathieu P.H.,Koubek S.,25.0,68.0,1320.0,556.0,4.0,6.0,7.0,6.0,2.0,6.0,7.0,5.0,8.0,6.0,3.0,2.0,Completed,1.5,2.5,1.55,2.35,1.533,2.375,1.578,2.63,1.57,2.34
ATP,2008,6,Melbourne,Australian Open,2008-01-18,Grand Slam,Outdoor,Hard,3rd Round,5,Nadal R.,Simon G.,2.0,33.0,5780.0,955.0,7.0,5.0,6.0,2.0,6.0,3.0,,,,,3.0,0.0,Completed,1.03,11.0,1.05,8.5,1.04,9.0,1.067,13.0,1.05,9.5
ATP,2008,6,Melbourne,Australian Open,2008-01-18,Grand Slam,Outdoor,Hard,3rd Round,5,Gasquet R.,Andreev I.,8.0,35.0,1895.0,890.0,6.0,3.0,6.0,2.0,4.0,6.0,6.0,4.0,,,3.0,1.0,Completed,1.22,4.0,1.28,3.46,1.222,4.0,1.273,4.36,1.26,3.7
ATP,2008,6,Melbourne,Australian Open,2008-01-18,Grand Slam,Outdoor,Hard,3rd Round,5,Nieminen J.,Fish M.,26.0,43.0,1075.0,685.0,3.0,6.0,7.0,6.0,6.0,3.0,6.0,1.0,,,3.0,1.0,Completed,1.9,1.8,1.87,1.87,1.833,1.833,2.04,1.877,1.86,1.91
ATP,2008,6,Melbourne,Australian Open,2008-01-18,Grand Slam,Outdoor,Hard,3rd Round,5,Kohlschreiber P.,Roddick A.,27.0,6.0,1075.0,2530.0,6.0,4.0,3.0,6.0,7.0,6.0,6.0,7.0,8.0,6.0,3.0,2.0,Completed,5.0,1.14,4.67,1.17,5.5,1.125,5.8,1.189,4.35,1.2
ATP,2008,6,Melbourne,Australian Open,2008-01-19,Grand Slam,Outdoor,Hard,3rd Round,5,Berdych T.,Monaco J.,13.0,23.0,1685.0,1380.0,3.0,6.0,6.0,3.0,7.0,6.0,6.0,2.0,,,3.0,1.0,Completed,1.28,3.5,1.28,3.46,1.3,3.4,1.328,3.75,1.26,3.75
ATP,2008,6,Melbourne,Australian Open,2008-01-19,Grand Slam,Outdoor,Hard,3rd Round,5,Blake J.,Grosjean S.,15.0,46.0,1610.0,661.0,4.0,6.0,2.0,6.0,6.0,0.0,7.0,6.0,6.0,2.0,3.0,2.0,Completed,1.25,3.75,1.32,3.22,1.286,3.5,1.267,4.45,1.28,3.55
ATP,2008,6,Melbourne,Australian Open,2008-01-19,Grand Slam,Outdoor,Hard,3rd Round,5,Cilic M.,Gonzalez F.,57.0,7.0,615.0,2005.0,6.0,2.0,6.0,7.0,6.0,3.0,6.0,1.0,,,3.0,1.0,Completed,2.62,1.44,2.6,1.45,2.75,1.4,2.97,1.461,2.85,1.4
ATP,2008,6,Melbourne,Australian Open,2008-01-19,Grand Slam,Outdoor,Hard,3rd Round,5,Federer R.,Tipsarevic J.,1.0,49.0,7180.0,657.0,6.0,7.0,7.0,6.0,5.0,7.0,6.0,1.0,10.0,8.0,3.0,2.0,Completed,1.01,15.0,1.01,13.5,1.01,17.0,1.014,51.0,1.01,25.0
ATP,2008,6,Melbourne,Australian Open,2008-01-19,Grand Slam,Outdoor,Hard,3rd Round,5,Djokovic N.,Querrey S.,3.0,62.0,4315.0,588.0,6.0,3.0,6.0,1.0,6.0,3.0,,,,,3.0,0.0,Completed,1.03,11.0,1.07,7.19,1.063,8.0,1.08,11.0,1.04,11.0
ATP,2008,6,Melbourne,Australian Open,2008-01-19,Grand Slam,Outdoor,Hard,3rd Round,5,Hewitt L.,Baghdatis M.,22.0,16.0,1385.0,1600.0,4.0,6.0,7.0,5.0,7.0,5.0,6.0,7.0,6.0,3.0,3.0,2.0,Completed,2.37,1.53,2.3,1.6,2.2,1.615,2.5,1.625,2.2,1.64
ATP,2008,6,Melbourne,Australian Open,2008-01-20,Grand Slam,Outdoor,Hard,3rd Round,5,Ferrero J.C.,Nalbandian D.,21.0,10.0,1400.0,1775.0,6.0,1.0,6.0,2.0,6.0,3.0,,,,,3.0,0.0,Completed,3.25,1.33,2.92,1.37,2.75,1.4,3.32,1.397,2.8,1.42
ATP,2008,6,Melbourne,Australian Open,2008-01-20,Grand Slam,Outdoor,Hard,3rd Round,5,Ferrer D.,Spadea V.,5.0,80.0,2615.0,515.0,6.0,3.0,6.0,3.0,6.0,2.0,,,,,3.0,0.0,Completed,1.02,12.0,1.05,8.5,1.05,8.5,1.045,18.25,1.04,11.0
ATP,2008,6,Melbourne,Australian Open,2008-01-20,Grand Slam,Outdoor,Hard,4th Round,5,Nieminen J.,Kohlschreiber P.,26.0,27.0,1075.0,1075.0,3.0,6.0,7.0,6.0,7.0,6.0,6.0,3.0,,,3.0,1.0,Completed,2.62,1.44,2.45,1.5,2.5,1.5,2.85,1.488,2.46,1.52
ATP,2008,6,Melbourne,Australian Open,2008-01-20,Grand Slam,Outdoor,Hard,4th Round,5,Tsonga J.W.,Gasquet R.,38.0,8.0,789.0,1895.0,6.0,2.0,6.0,7.0,7.0,6.0,6.0,3.0,,,3.0,1.0,Completed,2.87,1.38,2.75,1.42,2.75,1.4,3.01,1.452,2.67,1.45
ATP,2008,6,Melbourne,Australian Open,2008-01-20,Grand Slam,Outdoor,Hard,4th Round,5,Youzhny M.,Davydenko N.,14.0,4.0,1670.0,2825.0,7.0,6.0,6.0,3.0,6.0,1.0,,,,,3.0,0.0,Completed,2.25,1.57,2.15,1.65,2.2,1.615,2.35,1.69,2.28,1.6
ATP,2008,6,Melbourne,Australian Open,2008-01-20,Grand Slam,Outdoor,Hard,4th Round,5,Nadal R.,Mathieu P.H.,2.0,25.0,5780.0,1320.0,6.0,4.0,3.0,0.0,,,,,,,1.0,0.0,Retired,1.14,5.0,1.13,5.5,1.125,5.5,1.1,9.0,1.2,4.35
ATP,2008,6,Melbourne,Australian Open,2008-01-21,Grand Slam,Outdoor,Hard,4th Round,5,Blake J.,Cilic M.,15.0,57.0,1610.0,615.0,6.0,3.0,6.0,4.0,6.0,4.0,,,,,3.0,0.0,Completed,1.53,2.37,1.65,2.2,1.571,2.25,1.637,2.47,1.57,2.34
ATP,2008,6,Melbourne,Australian Open,2008-01-21,Grand Slam,Outdoor,Hard,4th Round,5,Federer R.,Berdych T.,1.0,13.0,7180.0,1685.0,6.0,4.0,7.0,6.0,6.0,3.0,,,,,3.0,0.0,Completed,1.07,7.5,1.08,7.5,1.083,7.0,1.067,13.0,1.08,7.5
ATP,2008,6,Melbourne,Australian Open,2008-01-21,Grand Slam,Outdoor,Hard,4th Round,5,Ferrer D.,Ferrero J.C.,5.0,21.0,2615.0,1400.0,7.0,5.0,3.0,6.0,6.0,4.0,6.0,1.0,,,3.0,1.0,Completed,1.44,2.62,1.58,2.28,1.533,2.375,1.562,2.68,1.44,2.7
ATP,2008,6,Melbourne,Australian Open,2008-01-21,Grand Slam,Outdoor,Hard,4th Round,5,Djokovic N.,Hewitt L.,3.0,22.0,4315.0,1385.0,7.0,5.0,6.0,3.0,6.0,3.0,,,,,3.0,0.0,Completed,1.16,4.5,1.17,4.67,1.2,4.333,1.2,5.5,1.18,4.6
ATP,2008,6,Melbourne,Australian Open,2008-01-22,Grand Slam,Outdoor,Hard,Quarterfinals,5,Nadal R.,Nieminen J.,2.0,26.0,5780.0,1075.0,7.0,5.0,6.0,3.0,6.0,1.0,,,,,3.0,0.0,Completed,1.06,9.0,1.07,8.66,1.071,7.5,1.086,10.65,1.08,7.6
ATP,2008,6,Melbourne,Australian Open,2008-01-22,Grand Slam,Outdoor,Hard,Quarterfinals,5,Tsonga J.W.,Youzhny M.,38.0,14.0,789.0,1670.0,7.0,5.0,6.0,0.0,7.0,6.0,,,,,3.0,0.0,Completed,2.87,1.4,3.07,1.38,2.625,1.444,2.89,1.478,2.8,1.42
ATP,2008,6,Melbourne,Australian Open,2008-01-23,Grand Slam,Outdoor,Hard,Quarterfinals,5,Djokovic N.,Ferrer D.,3.0,5.0,4315.0,2615.0,6.0,0.0,6.0,3.0,7.0,5.0,,,,,3.0,0.0,Completed,1.36,3.2,1.34,3.28,1.364,3.0,1.427,3.14,1.35,3.1
ATP,2008,6,Melbourne,Australian Open,2008-01-23,Grand Slam,Outdoor,Hard,Quarterfinals,5,Federer R.,Blake J.,1.0,15.0,7180.0,1610.0,7.0,5.0,7.0,6.0,6.0,4.0,,,,,3.0,0.0,Completed,1.04,11.0,1.05,10.5,1.04,9.0,1.069,12.5,1.05,9.5
ATP,2008,6,Melbourne,Australian Open,2008-01-24,Grand Slam,Outdoor,Hard,Semifinals,5,Tsonga J.W.,Nadal R.,38.0,2.0,789.0,5780.0,6.0,2.0,6.0,3.0,6.0,2.0,,,,,3.0,0.0,Completed,3.75,1.28,3.81,1.27,3.5,1.286,3.85,1.317,3.6,1.29
ATP,2008,6,Melbourne,Australian Open,2008-01-25,Grand Slam,Outdoor,Hard,Semifinals,5,Djokovic N.,Federer R.,3.0,1.0,4315.0,7180.0,7.0,5.0,6.0,3.0,7.0,6.0,,,,,3.0,0.0,Completed,3.4,1.33,3.4,1.32,3.0,1.364,3.55,1.364,3.1,1.37
ATP,2008,6,Melbourne,Australian Open,2008-01-27,Grand Slam,Outdoor,Hard,The Final,5,Djokovic N.,Tsonga J.W.,3.0,38.0,4315.0,789.0,4.0,6.0,6.0,4.0,6.0,3.0,7.0,6.0,,,3.0,1.0,Completed,1.33,3.4,1.37,3.21,1.33,3.44,1.391,3.36,1.38,3.0
ATP,2008,31,Paris,French Open,2008-05-25,Grand Slam,Outdoor,Clay,1st Round,5,Lopez-Jaen M.A.,Dancevic F.,264.0,111.0,140.0,415.0,7.0,6.0,3.0,6.0,7.0,5.0,7.0,6.0,,,3.0,1.0,Completed,1.57,2.25,1.6,2.4,1.571,2.25,1.585,2.61,1.6,2.28
ATP,2008,31,Paris,French Open,2008-05-25,Grand Slam,Outdoor,Clay,1st Round,5,Chardy J.,Gil F.,145.0,134.0,326.0,345.0,6.0,3.0,6.0,2.0,7.0,6.0,,,,,3.0,0.0,Completed,2.1,1.66,2.2,1.65,2.1,1.667,2.12,1.82,2.15,1.67
ATP,2008,31,Paris,French Open,2008-05-25,Grand Slam,Outdoor,Clay,1st Round,5,Del Potro J.M.,Ouanna J.,68.0,225.0,558.0,174.0,6.0,3.0,6.0,2.0,6.0,3.0,,,,,3.0,0.0,Completed,1.28,3.5,1.27,3.81,1.286,3.5,1.269,4.42,,
ATP,2008,31,Paris,French Open,2008-05-25,Grand Slam,Outdoor,Clay,1st Round,5,Nalbandian D.,Berlocq C.,7.0,84.0,2115.0,503.0,6.0,2.0,6.0,4.0,6.0,1.0,,,,,3.0,0.0,Completed,1.08,7.0,1.1,6.75,1.083,7.0,1.08,11.0,1.08,7.25
ATP,2008,31,Paris,French Open,2008-05-25,Grand Slam,Outdoor,Clay,1st Round,5,Decoud S.,Rochus O.,247.0,66.0,152.0,569.0,3.0,6.0,6.0,4.0,6.0,3.0,6.0,7.0,6.0,1.0,3.0,2.0,Completed,4.33,1.2,3.95,1.25,3.75,1.25,4.6,1.25,4.35,1.2
ATP,2008,31,Paris,French Open,2008-05-25,Grand Slam,Outdoor,Clay,1st Round,5,Blake J.,Schuettler R.,8.0,90.0,1985.0,494.0,6.0,4.0,6.0,1.0,7.0,6.0,,,,,3.0,0.0,Completed,1.08,7.0,1.13,5.95,1.14,5.0,1.125,8.2,1.12,6.0
ATP,2008,31,Paris,French Open,2008-05-25,Grand Slam,Outdoor,Clay,1st Round,5,Djokovic N.,Gremelmayr D.,3.0,64.0,5225.0,578.0,4.0,6.0,6.0,3.0,7.0,5.0,6.0,2.0,,,3.0,1.0,Completed,1.01,13.0,1.02,13.5,1.02,11.0,1.018,36.0,1.02,15.0
ATP,2008,31,Paris,French Open,2008-05-25,Grand Slam,Outdoor,Clay,1st Round,5,Gonzalez M.,Karanusic R.,137.0,110.0,340.0,420.0,6.0,3.0,7.0,5.0,4.0,6.0,3.0,6.0,6.0,2.0,3.0,2.0,Completed,1.72,2.0,1.85,2.0,1.833,1.833,1.794,2.16,1.78,1.98
ATP,2008,31,Paris,French Open,2008-05-25,Grand Slam,Outdoor,Clay,1st Round,5,Schwank E.,Moya C.,75.0,17.0,531.0,1340.0,7.0,6.0,6.0,2.0,6.0,7.0,4.0,6.0,6.0,3.0,3.0,2.0,Completed,3.5,1.28,2.98,1.4,3.25,1.33,3.53,1.366,3.0,1.35
ATP,2008,31,Paris,French Open,2008-05-25,Grand Slam,Outdoor,Clay,1st Round,5,Almagro N.,Pashanski B.,20.0,105.0,1270.0,435.0,6.0,4.0,7.0,5.0,6.0,1.0,,,,,3.0,0.0,Completed,1.06,8.0,1.05,9.5,1.063,8.0,1.08,11.0,1.06,8.5
ATP,2008,31,Paris,French Open,2008-05-25,Grand Slam,Outdoor,Clay,1st Round,5,Mathieu P.H.,Kuerten G.,19.0,1141.0,1270.0,5.0,6.0,3.0,6.0,4.0,6.0,2.0,,,,,3.0,0.0,Completed,1.02,12.0,1.04,12.0,1.03,10.0,1.038,21.0,1.04,10.0
ATP,2008,31,Paris,French Open,2008-05-25,Grand Slam,Outdoor,Clay,1st Round,5,Murray A.,Eysseric J.,12.0,390.0,1480.0,82.0,6.0,2.0,1.0,6.0,4.0,6.0,6.0,0.0,6.0,2.0,3.0,2.0,Completed,1.03,11.0,1.05,9.5,1.04,9.0,1.047,17.25,1.05,9.0
ATP,2008,31,Paris,French Open,2008-05-25,Grand Slam,Outdoor,Clay,1st Round,5,Gulbis E.,Greul S.,80.0,193.0,512.0,206.0,6.0,4.0,6.0,0.0,6.0,4.0,,,,,3.0,0.0,Completed,1.44,2.62,1.54,2.51,1.571,2.25,1.588,2.6,,
ATP,2008,31,Paris,French Open,2008-05-25,Grand Slam,Outdoor,Clay,1st Round,5,Lapentti N.,Tipsarevic J.,69.0,34.0,554.0,958.0,6.0,4.0,4.0,6.0,6.0,1.0,7.0,6.0,,,3.0,1.0,Completed,2.5,1.5,2.45,1.55,2.5,1.5,2.44,1.649,2.45,1.52
ATP,2008,31,Paris,French Open,2008-05-25,Grand Slam,Outdoor,Clay,1st Round,5,Acasuso J.,Hrbaty D.,49.0,281.0,711.0,133.0,6.0,4.0,6.0,2.0,6.0,4.0,,,,,3.0,0.0,Completed,1.11,6.0,1.16,5.29,1.167,4.5,1.167,6.4,1.16,5.0
ATP,2008,31,Paris,French Open,2008-05-26,Grand Slam,Outdoor,Clay,1st Round,5,Robredo T.,Coria G.,14.0,604.0,1430.0,36.0,5.0,7.0,6.0,4.0,6.0,1.0,6.0,4.0,,,3.0,1.0,Completed,1.05,9.0,1.09,7.33,1.063,8.0,1.089,10.25,1.07,8.0
ATP,2008,31,Paris,French Open,2008-05-26,Grand Slam,Outdoor,Clay,1st Round,5,Hernandez O.,Minar I.,86.0,65.0,497.0,571.0,4.0,6.0,7.0,6.0,6.0,3.0,7.0,5.0,,,3.0,1.0,Completed,1.66,2.1,1.65,2.25,1.727,2.0,1.704,2.32,1.75,2.05
ATP,2008,31,Paris,French Open,2008-05-26,Grand Slam,Outdoor,Clay,1st Round,5,Bolelli S.,Baghdatis M.,47.0,18.0,721.0,1335.0,6.0,2.0,6.0,4.0,6.0,2.0,,,,,3.0,0.0,Completed,1.44,2.62,1.42,2.89,1.444,2.625,1.459,2.98,1.41,2.8
ATP,2008,31,Paris,French Open,2008-05-26,Grand Slam,Outdoor,Clay,1st Round,5,Verdasco F.,Ventura S.,23.0,91.0,1240.0,494.0,4.0,6.0,6.0,3.0,6.0,4.0,6.0,7.0,6.0,1.0,3.0,2.0,Completed,1.14,5.0,1.2,4.55,1.167,4.5,1.159,6.7,1.15,5.2
ATP,2008,31,Paris,French Open,2008-05-26,Grand Slam,Outdoor,Clay,1st Round,5,Granollers M.,Berrer M.,51.0,71.0,677.0,537.0,6.0,3.0,3.0,6.0,6.0,2.0,6.0,3.0,,,3.0,1.0,Completed,1.22,4.0,1.25,3.97,1.286,3.5,1.225,5.05,1.2,4.3
ATP,2008,31,Paris,French Open,2008-05-26,Grand Slam,Outdoor,Clay,1st Round,5,Garcia-Lopez G.,Roitman S.,96.0,87.0,477.0,496.0,6.0,2.0,6.0,4.0,7.0,6.0,,,,,3.0,0.0,Completed,1.53,2.37,1.55,2.5,1.615,2.2,1.565,2.67,1.57,2.34
ATP,2008,31,Paris,French Open,2008-05-26,Grand Slam,Outdoor,Clay,1st Round,5,Odesnik W.,Canas G.,106.0,31.0,433.0,1000.0,7.0,6.0,7.0,6.0,7.0,6.0,,,,,3.0,0.0,Completed,3.5,1.28,3.73,1.28,3.75,1.25,3.75,1.328,3.4,1.3
ATP,2008,31,Paris,French Open,2008-05-26,Grand Slam,Outdoor,Clay,1st Round,5,Andujar P.,Volandri F.,151.0,74.0,303.0,535.0,6.0,7.0,6.0,2.0,6.0,3.0,6.0,3.0,,,3.0,1.0,Completed,2.62,1.44,2.44,1.56,2.375,1.533,2.8,1.513,2.38,1.55
ATP,2008,31,Paris,French Open,2008-05-26,Grand Slam,Outdoor,Clay,1st Round,5,Lee H.T.,Bjorkman J.,52.0,62.0,670.0,588.0,6.0,4.0,6.0,4.0,6.0,3.0,,,,,3.0,0.0,Completed,1.3,3.4,1.3,3.53,1.36,3.0,1.31,3.93,1.3,3.4
ATP,2008,31,Paris,French Open,2008-05-26,Grand Slam,Outdoor,Clay,1st Round,5,Federer R.,Querrey S.,1.0,40.0,6675.0,835.0,6.0,4.0,6.0,4.0,6.0,3.0,,,,,3.0,0.0,Completed,1.005,21.0,1.02,13.5,1.01,15.0,1.016,43.5,1.01,20.0
ATP,2008,31,Paris,French Open,2008-05-26,Grand Slam,Outdoor,Clay,1st Round,5,Gonzalez F.,Cuevas P.,25.0,113.0,1160.0,411.0,6.0,3.0,6.0,3.0,6.0,1.0,,,,,3.0,0.0,Completed,1.14,5.0,1.2,4.55,1.125,5.5,1.189,5.79,1.17,4.8
ATP,2008,31,Paris,French Open,2008-05-26,Grand Slam,Outdoor,Clay,1st Round,5,Berdych T.,Smeets R.,13.0,166.0,1460.0,262.0,6.0,1.0,6.0,0.0,6.0,0.0,,,,,3.0,0.0,Completed,1.02,12.0,1.02,13.5,1.04,9.0,1.038,21.0,1.04,10.0
ATP,2008,31,Paris,French Open,2008-05-26,Grand Slam,Outdoor,Clay,1st Round,5,Llodra M.,Patience O.,41.0,128.0,831.0,361.0,3.0,6.0,7.0,6.0,6.0,3.0,7.0,5.0,,,3.0,1.0,Completed,1.61,2.2,1.65,2.25,1.571,2.25,1.758,2.22,1.62,2.25
ATP,2008,31,Paris,French Open,2008-05-26,Grand Slam,Outdoor,Clay,1st Round,5,Devilder N.,Guccione C.,148.0,70.0,311.0,544.0,6.0,4.0,6.0,1.0,6.0,4.0,,,,,3.0,0.0,Completed,1.44,2.62,1.49,2.65,1.5,2.5,1.485,2.86,1.5,2.52
ATP,2008,31,Paris,French Open,2008-05-26,Grand Slam,Outdoor,Clay,1st Round,5,Serra F.,Giraldo S.,94.0,181.0,487.0,229.0,6.0,4.0,6.0,3.0,6.0,2.0,,,,,3.0,0.0,Completed,,,,,,,,,,
ATP,2008,31,Paris,French Open,2008-05-27,Grand Slam,Outdoor,Clay,1st Round,5,Capdeville P.,Zverev M.,141.0,81.0,333.0,510.0,6.0,1.0,6.0,4.0,6.0,2.0,,,,,3.0,0.0,Completed,1.44,2.62,1.49,2.65,1.533,2.375,1.488,2.85,1.53,2.44
ATP,2008,31,Paris,French Open,2008-05-27,Grand Slam,Outdoor,Clay,1st Round,5,Ancic M.,Seppi A.,46.0,32.0,735.0,998.0,6.0,2.0,7.0,6.0,6.0,2.0,,,,,3.0,0.0,Completed,1.9,1.8,1.8,2.03,1.833,1.833,2.02,1.893,1.84,1.92
ATP,2008,31,Paris,French Open,2008-05-27,Grand Slam,Outdoor,Clay,1st Round,5,Soderling R.,Monaco J.,44.0,16.0,750.0,1375.0,6.0,2.0,6.0,3.0,6.0,1.0,,,,,3.0,0.0,Completed,1.72,2.0,1.75,2.1,1.727,2.0,1.741,2.25,1.78,1.99
ATP,2008,31,Paris,French Open,2008-05-27,Grand Slam,Outdoor,Clay,1st Round,5,Wawrinka S.,Kohlschreiber P.,10.0,36.0,1575.0,905.0,6.0,3.0,6.0,4.0,6.0,3.0,,,,,3.0,0.0,Completed,1.36,3.0,1.45,2.7,1.444,2.625,1.426,3.15,1.44,2.7
ATP,2008,31,Paris,French Open,2008-05-27,Grand Slam,Outdoor,Clay,1st Round,5,Davydenko N.,Johansson T.,4.0,67.0,3425.0,568.0,6.0,3.0,6.0,3.0,6.0,3.0,,,,,3.0,0.0,Completed,1.02,12.0,1.05,8.75,1.04,9.0,1.044,18.5,1.03,12.0
ATP,2008,31,Paris,French Open,2008-05-28,Grand Slam,Outdoor,Clay,1st Round,5,Santoro F.,Korolev E.,50.0,92.0,691.0,489.0,7.0,6.0,6.0,1.0,6.0,4.0,,,,,3.0,0.0,Completed,2.5,1.5,2.45,1.55,2.375,1.533,2.6,1.588,2.15,1.67
ATP,2008,31,Paris,French Open,2008-05-28,Grand Slam,Outdoor,Clay,1st Round,5,Melzer J.,Luczak P.,97.0,114.0,474.0,406.0,6.0,3.0,6.0,2.0,6.0,4.0,,,,,3.0,0.0,Completed,1.25,3.75,1.25,3.8,1.333,3.25,1.333,3.7,1.3,3.4
ATP,2008,31,Paris,French Open,2008-05-28,Grand Slam,Outdoor,Clay,1st Round,5,Vanek J.,Huta Galung J.,93.0,187.0,489.0,215.0,6.0,3.0,7.0,5.0,6.0,2.0,,,,,3.0,0.0,Completed,1.53,2.37,1.6,2.4,1.571,2.25,1.654,2.43,1.55,2.38
ATP,2008,31,Paris,French Open,2008-05-28,Grand Slam,Outdoor,Clay,1st Round,5,Daniel M.,Ferrero J.C.,79.0,24.0,517.0,1205.0,6.0,7.0,2.0,2.0,,,,,,,0.0,1.0,Retired,7.5,1.07,6.35,1.12,7.0,1.083,8.0,1.13,8.0,1.07
ATP,2008,31,Paris,French Open,2008-05-28,Grand Slam,Outdoor,Clay,1st Round,5,Ferrer D.,Darcis S.,5.0,45.0,2730.0,740.0,6.0,3.0,6.0,4.0,6.0,3.0,,,,,3.0,0.0,Completed,1.06,8.0,1.08,7.94,1.1,6.5,1.095,9.5,1.09,7.0
ATP,2008,31,Paris,French Open,2008-05-28,Grand Slam,Outdoor,Clay,1st Round,5,Hewitt L.,Mahut N.,28.0,43.0,1085.0,761.0,6.0,4.0,6.0,2.0,6.0,4.0,,,,,3.0,0.0,Completed,1.36,3.0,1.36,3.17,1.4,2.75,1.415,3.21,1.42,2.78
ATP,2008,31,Paris,French Open,2008-05-28,Grand Slam,Outdoor,Clay,1st Round,5,Fish M.,Calleri A.,39.0,54.0,865.0,670.0,6.0,7.0,6.0,4.0,6.0,2.0,6.0,4.0,,,3.0,1.0,Completed,5.5,1.12,4.76,1.19,4.5,1.167,6.4,1.167,4.8,1.17
ATP,2008,31,Paris,French Open,2008-05-28,Grand Slam,Outdoor,Clay,1st Round,5,Youzhny M.,Becker B.,15.0,103.0,1410.0,438.0,6.0,1.0,6.0,3.0,7.0,6.0,,,,,3.0,0.0,Completed,1.08,7.0,1.15,5.3,1.125,5.5,1.119,8.6,1.12,6.0
ATP,2008,31,Paris,French Open,2008-05-28,Grand Slam,Outdoor,Clay,1st Round,5,Hanescu V.,Sela D.,78.0,61.0,517.0,595.0,4.0,6.0,6.0,2.0,4.0,6.0,6.0,4.0,6.0,3.0,3.0,2.0,Completed,1.83,1.83,2.0,1.85,1.909,1.8,1.962,1.943,2.03,1.75
ATP,2008,31,Paris,French Open,2008-05-28,Grand Slam,Outdoor,Clay,1st Round,5,Chela J.I.,Isner J.,42.0,82.0,805.0,509.0,2.0,6.0,3.0,6.0,7.0,5.0,6.0,3.0,6.0,4.0,3.0,2.0,Completed,1.2,4.33,1.22,4.33,1.222,4.0,1.275,4.34,1.18,4.6
ATP,2008,31,Paris,French Open,2008-05-28,Grand Slam,Outdoor,Clay,1st Round,5,Tursunov D.,Brands D.,33.0,210.0,980.0,186.0,6.0,2.0,6.0,4.0,7.0,5.0,,,,,3.0,0.0,Completed,1.44,2.62,1.51,2.57,1.5,2.5,1.485,2.86,1.45,2.7
ATP,2008,31,Paris,French Open,2008-05-28,Grand Slam,Outdoor,Clay,1st Round,5,Benneteau J.,Spadea V.,55.0,112.0,670.0,412.0,6.0,4.0,6.0,4.0,3.0,6.0,3.0,6.0,6.0,3.0,3.0,2.0,Completed,1.14,5.0,1.13,5.95,1.167,4.5,1.185,5.9,1.2,4.3
ATP,2008,31,Paris,French Open,2008-05-28,Grand Slam,Outdoor,Clay,1st Round,5,Nieminen J.,Lopez M.,26.0,177.0,1130.0,242.0,2.0,6.0,6.0,3.0,6.0,4.0,6.0,3.0,,,3.0,1.0,Completed,1.3,3.39,1.42,2.75,1.4,2.75,1.391,3.36,1.38,2.95
ATP,2008,31,Paris,French Open,2008-05-28,Grand Slam,Outdoor,Clay,1st Round,5,Marrero D.,Crivoi V.,267.0,283.0,138.0,133.0,6.0,3.0,6.0,3.0,5.0,7.0,6.0,4.0,,,3.0,1.0,Completed,1.83,1.83,2.0,1.85,1.833,1.833,2.08,1.847,1.88,1.88
ATP,2008,31,Paris,French Open,2008-05-28,Grand Slam,Outdoor,Clay,1st Round,5,Vassallo-Arguello M.,Lopez F.,107.0,35.0,433.0,950.0,7.0,6.0,6.0,4.0,3.0,6.0,4.0,6.0,6.0,3.0,3.0,2.0,Completed,3.25,1.33,3.55,1.3,3.25,1.33,3.71,1.332,3.15,1.34
ATP,2008,31,Paris,French Open,2008-05-28,Grand Slam,Outdoor,Clay,1st Round,5,Safin M.,Lisnard J.R.,73.0,228.0,535.0,171.0,6.0,7.0,6.0,1.0,6.0,3.0,6.0,2.0,,,3.0,1.0,Completed,1.12,5.5,1.2,4.55,1.167,4.5,1.206,5.45,1.17,4.8
ATP,2008,31,Paris,French Open,2008-05-28,Grand Slam,Outdoor,Clay,1st Round,5,Gicquel M.,Troicki V.,56.0,99.0,629.0,450.0,6.0,4.0,6.0,3.0,4.0,6.0,7.0,5.0,,,3.0,1.0,Completed,1.72,2.0,1.85,2.0,1.667,2.1,1.87,2.05,1.82,1.94
ATP,2008,31,Paris,French Open,2008-05-28,Grand Slam,Outdoor,Clay,1st Round,5,Reynolds B.,Ascione T.,104.0,109.0,436.0,421.0,7.0,6.0,4.0,6.0,6.0,3.0,6.0,2.0,,,3.0,1.0,Completed,3.0,1.36,3.28,1.34,3.0,1.364,3.39,1.386,2.85,1.4
ATP,2008,31,Paris,French Open,2008-05-28,Grand Slam,Outdoor,Clay,1st Round,5,Horna L.,Jenkins S.,102.0,226.0,438.0,172.0,6.0,4.0,5.0,7.0,6.0,3.0,6.0,0.0,,,3.0,1.0,Completed,1.28,3.5,1.36,3.17,1.364,3.0,1.368,3.52,1.32,3.25
ATP,2008,31,Paris,French Open,2008-05-28,Grand Slam,Outdoor,Clay,1st Round,5,Nadal R.,Bellucci T.,2.0,76.0,5585.0,520.0,7.0,5.0,6.0,3.0,6.0,1.0,,,,,3.0,0.0,Completed,1.005,34.0,1.01,16.0,1.005,21.0,1.011,66.0,1.01,30.0
ATP,2008,31,Paris,French Open,2008-05-28,Grand Slam,Outdoor,Clay,1st Round,5,Falla A.,Karlovic I.,108.0,21.0,429.0,1250.0,3.0,6.0,7.0,6.0,7.0,6.0,5.0,7.0,6.0,4.0,3.0,2.0,Completed,3.75,1.25,3.66,1.29,3.5,1.286,3.97,1.306,3.4,1.3
ATP,2008,31,Paris,French Open,2008-05-28,Grand Slam,Outdoor,Clay,1st Round,5,Montanes A.,Vliegen K.,60.0,85.0,596.0,502.0,7.0,6.0,7.0,6.0,7.0,6.0,,,,,3.0,0.0,Completed,1.28,3.5,1.3,3.4,1.333,3.25,1.331,3.72,1.32,3.3
ATP,2008,31,Paris,French Open,2008-05-28,Grand Slam,Outdoor,Clay,1st Round,5,Junqueira D.,Mannarino A.,162.0,186.0,265.0,216.0,6.0,1.0,6.0,2.0,6.0,2.0,,,,,3.0,0.0,Completed,1.22,4.0,1.25,3.97,1.286,3.5,1.27,4.4,1.3,3.35
ATP,2008,31,Paris,French Open,2008-05-28,Grand Slam,Outdoor,Clay,1st Round,5,Ljubicic I.,Prodon E.,30.0,117.0,1005.0,402.0,7.0,5.0,7.0,6.0,7.0,6.0,,,,,3.0,0.0,Completed,1.22,4.0,1.25,3.95,1.25,3.75,1.308,3.95,1.24,3.9
ATP,2008,31,Paris,French Open,2008-05-28,Grand Slam,Outdoor,Clay,1st Round,5,Ginepri R.,Young D.,88.0,83.0,495.0,508.0,6.0,2.0,3.0,6.0,7.0,6.0,6.0,2.0,,,3.0,1.0,Completed,1.36,3.0,1.35,3.15,1.364,3.0,1.439,3.08,1.42,2.76
ATP,2008,31,Paris,French Open,2008-05-28,Grand Slam,Outdoor,Clay,1st Round,5,Cilic M.,Haase R.,53.0,58.0,670.0,617.0,7.0,6.0,6.0,2.0,7.0,6.0,,,,,3.0,0.0,Completed,1.66,2.1,1.87,1.94,1.833,1.833,1.8,2.15,1.9,1.86
ATP,2008,31,Paris,French Open,2008-05-28,Grand Slam,Outdoor,Clay,1st Round,5,Andreev I.,Starace P.,27.0,48.0,1125.0,715.0,6.0,1.0,6.0,7.0,6.0,1.0,6.0,4.0,,,3.0,1.0,Completed,1.3,3.4,1.37,3.12,1.4,2.75,1.357,3.6,1.35,3.1
ATP,2008,31,Paris,French Open,2008-05-28,Grand Slam,Outdoor,Clay,1st Round,5,Monfils G.,Clement A.,59.0,95.0,613.0,484.0,7.0,5.0,6.0,3.0,6.0,1.0,,,,,3.0,0.0,Completed,1.25,3.75,1.3,3.4,1.3,3.4,1.328,3.75,1.32,3.3
ATP,2008,31,Paris,French Open,2008-05-28,Grand Slam,Outdoor,Clay,1st Round,5,Stepanek R.,Simon G.,22.0,29.0,1245.0,1060.0,6.0,2.0,6.0,4.0,6.0,1.0,,,,,3.0,0.0,Completed,1.57,2.25,1.65,2.25,1.571,2.25,1.69,2.35,1.62,2.25
ATP,2008,31,Paris,French Open,2008-05-28,Grand Slam,Outdoor,Clay,2nd Round,5,Mathieu P.H.,Hernandez O.,19.0,86.0,1270.0,497.0,2.0,6.0,1.0,6.0,6.0,4.0,6.0,3.0,6.0,2.0,3.0,2.0,Completed,1.2,4.33,1.25,3.95,1.25,3.75,1.23,4.95,1.28,3.55
ATP,2008,31,Paris,French Open,2008-05-28,Grand Slam,Outdoor,Clay,2nd Round,5,Djokovic N.,Lopez-Jaen M.A.,3.0,264.0,5225.0,140.0,6.0,1.0,6.0,1.0,6.0,3.0,,,,,3.0,0.0,Completed,1.01,15.0,,,1.01,15.0,1.017,41.0,1.01,30.0
ATP,2008,31,Paris,French Open,2008-05-28,Grand Slam,Outdoor,Clay,2nd Round,5,Bolelli S.,Del Potro J.M.,47.0,68.0,721.0,558.0,3.0,6.0,7.0,6.0,7.0,5.0,6.0,2.0,,,3.0,1.0,Completed,1.36,3.0,1.4,2.98,1.444,2.625,1.476,2.9,1.45,2.68
ATP,2008,31,Paris,French Open,2008-05-28,Grand Slam,Outdoor,Clay,2nd Round,5,Almagro N.,Decoud S.,20.0,247.0,1270.0,152.0,7.0,6.0,6.0,2.0,6.0,1.0,,,,,3.0,0.0,Completed,1.04,10.0,,,1.05,8.5,1.05,16.0,1.07,8.0
ATP,2008,31,Paris,French Open,2008-05-28,Grand Slam,Outdoor,Clay,2nd Round,5,Llodra M.,Berdych T.,41.0,13.0,831.0,1460.0,6.0,3.0,4.0,6.0,5.0,7.0,6.0,3.0,6.0,4.0,3.0,2.0,Completed,5.0,1.14,4.75,1.2,4.5,1.167,4.81,1.238,4.2,1.21
ATP,2008,31,Paris,French Open,2008-05-28,Grand Slam,Outdoor,Clay,2nd Round,5,Schwank E.,Granollers M.,75.0,51.0,531.0,677.0,6.0,7.0,6.0,2.0,6.0,4.0,6.0,4.0,,,3.0,1.0,Completed,1.55,2.5,1.571,2.45,1.538,2.25,1.5,2.76,,
ATP,2008,31,Paris,French Open,2008-05-28,Grand Slam,Outdoor,Clay,2nd Round,5,Odesnik W.,Lee H.T.,106.0,52.0,433.0,670.0,6.0,2.0,4.0,6.0,6.0,3.0,6.0,2.0,,,3.0,1.0,Completed,1.61,2.2,1.65,2.25,1.615,2.2,1.806,2.14,1.57,2.34
ATP,2008,31,Paris,French Open,2008-05-28,Grand Slam,Outdoor,Clay,2nd Round,5,Murray A.,Acasuso J.,12.0,49.0,1480.0,711.0,6.0,4.0,6.0,0.0,6.0,4.0,,,,,3.0,0.0,Completed,1.61,2.2,1.7,2.2,1.667,2.1,1.667,2.4,1.77,2.0
ATP,2008,31,Paris,French Open,2008-05-29,Grand Slam,Outdoor,Clay,2nd Round,5,Gulbis E.,Blake J.,80.0,8.0,512.0,1985.0,7.0,6.0,3.0,6.0,7.0,5.0,6.0,3.0,,,3.0,1.0,Completed,2.75,1.4,2.72,1.47,2.75,1.4,2.81,1.51,2.85,1.4
ATP,2008,31,Paris,French Open,2008-05-29,Grand Slam,Outdoor,Clay,2nd Round,5,Lapentti N.,Reynolds B.,69.0,104.0,554.0,436.0,7.0,5.0,6.0,4.0,5.0,7.0,7.0,5.0,,,3.0,1.0,Completed,1.2,4.33,1.2,4.35,1.222,4.0,1.195,5.64,1.2,4.3
ATP,2008,31,Paris,French Open,2008-05-29,Grand Slam,Outdoor,Clay,2nd Round,5,Chardy J.,Nalbandian D.,145.0,7.0,326.0,2115.0,3.0,6.0,4.0,6.0,6.0,2.0,6.0,1.0,6.0,2.0,3.0,2.0,Completed,11.0,1.03,8.75,1.05,8.0,1.063,11.25,1.078,9.5,1.05
ATP,2008,31,Paris,French Open,2008-05-29,Grand Slam,Outdoor,Clay,2nd Round,5,Tursunov D.,Garcia-Lopez G.,33.0,96.0,980.0,477.0,7.0,6.0,6.0,0.0,6.0,0.0,,,,,3.0,0.0,Completed,1.9,1.8,1.8,2.03,1.833,1.833,1.862,2.06,1.82,1.94
ATP,2008,31,Paris,French Open,2008-05-29,Grand Slam,Outdoor,Clay,2nd Round,5,Nieminen J.,Vassallo-Arguello M.,26.0,107.0,1130.0,433.0,7.0,5.0,6.0,1.0,3.0,6.0,7.0,6.0,,,3.0,1.0,Completed,1.44,2.62,1.5,2.65,1.444,2.625,1.578,2.63,1.56,2.36
ATP,2008,31,Paris,French Open,2008-05-29,Grand Slam,Outdoor,Clay,2nd Round,5,Gonzalez F.,Andujar P.,25.0,151.0,1160.0,303.0,7.0,5.0,6.0,0.0,6.0,7.0,7.0,6.0,,,3.0,1.0,Completed,1.12,5.5,1.13,5.95,1.143,5.0,1.167,6.4,1.14,5.4
ATP,2008,31,Paris,French Open,2008-05-29,Grand Slam,Outdoor,Clay,2nd Round,5,Verdasco F.,Chela J.I.,23.0,42.0,1240.0,805.0,7.0,5.0,4.0,6.0,6.0,3.0,7.0,5.0,,,3.0,1.0,Completed,1.5,2.5,1.5,2.55,1.444,2.625,1.493,2.83,1.58,2.33
ATP,2008,31,Paris,French Open,2008-05-29,Grand Slam,Outdoor,Clay,2nd Round,5,Wawrinka S.,Cilic M.,10.0,53.0,1575.0,670.0,7.0,6.0,7.0,6.0,6.0,1.0,,,,,3.0,0.0,Completed,1.14,5.0,1.19,4.76,1.167,4.5,1.164,6.5,1.17,4.8
ATP,2008,31,Paris,French Open,2008-05-29,Grand Slam,Outdoor,Clay,2nd Round,5,Youzhny M.,Gonzalez M.,15.0,137.0,1410.0,340.0,6.0,3.0,6.0,2.0,6.0,2.0,,,,,3.0,0.0,Completed,1.16,4.5,1.24,4.14,1.167,4.5,1.261,4.53,1.17,4.8
ATP,2008,31,Paris,French Open,2008-05-29,Grand Slam,Outdoor,Clay,2nd Round,5,Nadal R.,Devilder N.,2.0,148.0,5585.0,311.0,6.0,4.0,6.0,0.0,6.0,1.0,,,,,3.0,0.0,Completed,1.005,21.0,1.01,16.0,1.005,21.0,1.014,51.0,1.01,30.0
ATP,2008,31,Paris,French Open,2008-05-29,Grand Slam,Outdoor,Clay,2nd Round,5,Ancic M.,Marrero D.,46.0,267.0,735.0,138.0,4.0,6.0,6.0,0.0,6.0,3.0,6.0,2.0,,,3.0,1.0,Completed,1.07,7.5,1.11,6.8,1.1,6.5,1.091,10.0,1.13,5.6
ATP,2008,31,Paris,French Open,2008-05-29,Grand Slam,Outdoor,Clay,2nd Round,5,Ljubicic I.,Junqueira D.,30.0,162.0,1005.0,265.0,6.0,3.0,6.0,4.0,6.0,2.0,,,,,3.0,0.0,Completed,1.5,2.5,1.55,2.45,1.5,2.5,1.595,2.58,1.55,2.4
ATP,2008,31,Paris,French Open,2008-05-29,Grand Slam,Outdoor,Clay,2nd Round,5,Federer R.,Montanes A.,1.0,60.0,6675.0,596.0,6.0,7.0,6.0,1.0,6.0,0.0,6.0,4.0,,,3.0,1.0,Completed,1.01,15.0,1.01,16.0,1.015,13.0,1.025,28.5,1.02,15.0
ATP,2008,31,Paris,French Open,2008-05-29,Grand Slam,Outdoor,Clay,2nd Round,5,Melzer J.,Daniel M.,97.0,79.0,474.0,517.0,4.0,6.0,6.0,3.0,2.0,6.0,6.0,3.0,6.0,4.0,3.0,2.0,Completed,1.57,2.25,1.6,2.4,1.615,2.2,1.61,2.54,1.51,2.5
ATP,2008,31,Paris,French Open,2008-05-29,Grand Slam,Outdoor,Clay,2nd Round,5,Davydenko N.,Safin M.,4.0,73.0,3425.0,535.0,7.0,6.0,6.0,2.0,6.0,2.0,,,,,3.0,0.0,Completed,1.19,4.33,1.2,4.35,1.25,3.75,1.25,4.6,1.18,4.6
ATP,2008,31,Paris,French Open,2008-05-29,Grand Slam,Outdoor,Clay,2nd Round,5,Robredo T.,Gicquel M.,14.0,56.0,1430.0,629.0,6.0,7.0,6.0,4.0,6.0,4.0,6.0,4.0,,,3.0,1.0,Completed,1.14,5.0,1.2,4.35,1.2,4.333,1.22,5.15,1.23,4.0
ATP,2008,31,Paris,French Open,2008-05-29,Grand Slam,Outdoor,Clay,2nd Round,5,Stepanek R.,Vanek J.,22.0,93.0,1245.0,489.0,6.0,1.0,6.0,0.0,6.0,7.0,6.0,3.0,,,3.0,1.0,Completed,1.1,6.5,1.13,5.95,1.111,6.0,1.136,7.65,1.12,6.0
ATP,2008,31,Paris,French Open,2008-05-29,Grand Slam,Outdoor,Clay,2nd Round,5,Monfils G.,Horna L.,59.0,102.0,613.0,438.0,7.0,6.0,6.0,4.0,7.0,5.0,,,,,3.0,0.0,Completed,1.44,2.62,1.5,2.65,1.5,2.5,1.588,2.6,1.43,2.75
ATP,2008,31,Paris,French Open,2008-05-29,Grand Slam,Outdoor,Clay,2nd Round,5,Ginepri R.,Andreev I.,88.0,27.0,495.0,1125.0,4.0,6.0,6.0,2.0,7.0,6.0,6.0,2.0,,,3.0,1.0,Completed,6.0,1.11,5.6,1.15,5.5,1.125,7.3,1.143,5.15,1.15
ATP,2008,31,Paris,French Open,2008-05-29,Grand Slam,Outdoor,Clay,2nd Round,5,Hewitt L.,Fish M.,28.0,39.0,1085.0,865.0,6.0,4.0,6.0,3.0,6.0,2.0,,,,,3.0,0.0,Completed,1.28,3.5,1.3,3.53,1.333,3.25,1.299,4.05,1.37,3.0
ATP,2008,31,Paris,French Open,2008-05-29,Grand Slam,Outdoor,Clay,2nd Round,5,Ferrer D.,Santoro F.,5.0,50.0,2730.0,691.0,6.0,0.0,6.0,1.0,6.0,0.0,,,,,3.0,0.0,Completed,1.05,9.0,1.09,7.33,1.063,8.0,1.056,14.75,1.07,8.0
ATP,2008,31,Paris,French Open,2008-05-29,Grand Slam,Outdoor,Clay,2nd Round,5,Soderling R.,Capdeville P.,44.0,141.0,750.0,333.0,6.0,3.0,6.0,2.0,6.0,4.0,,,,,3.0,0.0,Completed,1.07,7.5,1.11,6.8,1.143,5.0,1.13,8.0,1.13,5.6
ATP,2008,31,Paris,French Open,2008-05-30,Grand Slam,Outdoor,Clay,2nd Round,5,Benneteau J.,Falla A.,55.0,108.0,670.0,429.0,1.0,6.0,7.0,6.0,6.0,3.0,6.0,7.0,6.0,0.0,3.0,2.0,Completed,1.28,3.5,1.35,3.3,1.333,3.25,1.366,3.53,1.38,2.95
ATP,2008,31,Paris,French Open,2008-05-30,Grand Slam,Outdoor,Clay,2nd Round,5,Serra F.,Hanescu V.,94.0,78.0,487.0,517.0,6.0,4.0,6.0,3.0,6.0,7.0,7.0,6.0,,,3.0,1.0,Completed,1.5,2.5,1.5,2.65,1.5,2.5,1.588,2.6,1.47,2.6
ATP,2008,31,Paris,French Open,2008-05-30,Grand Slam,Outdoor,Clay,3rd Round,5,Gulbis E.,Lapentti N.,80.0,69.0,512.0,554.0,6.0,3.0,7.0,5.0,6.0,2.0,,,,,3.0,0.0,Completed,1.57,2.25,1.65,2.2,1.615,2.2,1.671,2.39,1.7,2.1
ATP,2008,31,Paris,French Open,2008-05-30,Grand Slam,Outdoor,Clay,3rd Round,5,Nadal R.,Nieminen J.,2.0,26.0,5585.0,1130.0,6.0,1.0,6.0,3.0,6.0,1.0,,,,,3.0,0.0,Completed,1.005,21.0,1.02,13.5,1.01,17.0,1.024,31.0,1.01,30.0
ATP,2008,31,Paris,French Open,2008-05-30,Grand Slam,Outdoor,Clay,3rd Round,5,Llodra M.,Bolelli S.,41.0,47.0,831.0,721.0,7.0,6.0,6.0,4.0,7.0,6.0,,,,,3.0,0.0,Completed,3.0,1.36,2.8,1.44,3.0,1.364,3.01,1.452,2.7,1.44
ATP,2008,31,Paris,French Open,2008-05-30,Grand Slam,Outdoor,Clay,3rd Round,5,Verdasco F.,Youzhny M.,23.0,15.0,1240.0,1410.0,7.0,6.0,5.0,7.0,7.0,5.0,6.0,1.0,,,3.0,1.0,Completed,1.66,2.1,1.65,2.25,1.667,2.1,1.699,2.33,1.7,2.1
ATP,2008,31,Paris,French Open,2008-05-30,Grand Slam,Outdoor,Clay,3rd Round,5,Almagro N.,Murray A.,20.0,12.0,1270.0,1480.0,6.0,3.0,6.0,7.0,6.0,3.0,7.0,5.0,,,3.0,1.0,Completed,1.44,2.62,1.5,2.55,1.571,2.25,1.565,2.67,1.6,2.28
ATP,2008,31,Paris,French Open,2008-05-30,Grand Slam,Outdoor,Clay,3rd Round,5,Mathieu P.H.,Schwank E.,19.0,75.0,1270.0,531.0,6.0,2.0,6.0,3.0,3.0,6.0,7.0,6.0,,,3.0,1.0,Completed,1.7,2.25,1.667,2.15,1.641,2.1,1.806,2.14,1.65,2.2
ATP,2008,31,Paris,French Open,2008-05-30,Grand Slam,Outdoor,Clay,3rd Round,5,Djokovic N.,Odesnik W.,3.0,106.0,5225.0,433.0,7.0,5.0,6.0,4.0,6.0,2.0,,,,,3.0,0.0,Completed,1.01,15.0,1.02,13.5,1.015,13.0,1.029,26.0,1.02,15.0
ATP,2008,31,Paris,French Open,2008-05-30,Grand Slam,Outdoor,Clay,3rd Round,5,Chardy J.,Tursunov D.,145.0,33.0,326.0,980.0,7.0,6.0,6.0,3.0,6.0,4.0,,,,,3.0,0.0,Completed,2.37,1.53,2.4,1.6,2.25,1.571,2.36,1.685,2.24,1.62
ATP,2008,31,Paris,French Open,2008-05-31,Grand Slam,Outdoor,Clay,3rd Round,5,Stepanek R.,Robredo T.,22.0,14.0,1245.0,1430.0,6.0,3.0,6.0,2.0,6.0,1.0,,,,,3.0,0.0,Completed,1.72,2.0,1.9,1.9,1.833,1.833,1.901,2.01,1.82,1.94
ATP,2008,31,Paris,French Open,2008-05-31,Grand Slam,Outdoor,Clay,3rd Round,5,Ferrer D.,Hewitt L.,5.0,28.0,2730.0,1085.0,6.0,2.0,3.0,6.0,3.0,6.0,6.0,3.0,6.0,4.0,3.0,2.0,Completed,1.16,4.5,1.2,4.55,1.2,4.333,1.228,4.98,1.17,4.8
ATP,2008,31,Paris,French Open,2008-05-31,Grand Slam,Outdoor,Clay,3rd Round,5,Gonzalez F.,Wawrinka S.,25.0,10.0,1160.0,1575.0,5.0,7.0,2.0,6.0,6.0,4.0,6.0,4.0,6.0,4.0,3.0,2.0,Completed,2.37,1.53,2.45,1.55,2.25,1.571,2.61,1.585,2.34,1.57
ATP,2008,31,Paris,French Open,2008-05-31,Grand Slam,Outdoor,Clay,3rd Round,5,Ginepri R.,Serra F.,88.0,94.0,495.0,487.0,6.0,4.0,6.0,4.0,6.0,4.0,,,,,3.0,0.0,Completed,1.8,1.9,1.8,2.05,1.727,2.0,1.752,2.23,1.8,1.96
ATP,2008,31,Paris,French Open,2008-05-31,Grand Slam,Outdoor,Clay,3rd Round,5,Monfils G.,Melzer J.,59.0,97.0,613.0,474.0,4.0,6.0,7.0,5.0,4.0,6.0,6.0,0.0,6.0,2.0,3.0,2.0,Completed,1.3,3.39,1.38,3.07,1.364,3.0,1.328,3.75,1.45,2.67
ATP,2008,31,Paris,French Open,2008-05-31,Grand Slam,Outdoor,Clay,3rd Round,5,Ljubicic I.,Davydenko N.,30.0,4.0,1005.0,3425.0,4.0,6.0,2.0,6.0,6.0,3.0,6.0,2.0,6.0,4.0,3.0,2.0,Completed,8.0,1.06,5.95,1.13,6.5,1.1,8.45,1.121,6.75,1.09
ATP,2008,31,Paris,French Open,2008-05-31,Grand Slam,Outdoor,Clay,3rd Round,5,Benneteau J.,Soderling R.,55.0,44.0,670.0,750.0,1.0,6.0,7.0,6.0,6.0,0.0,6.0,1.0,,,3.0,1.0,Completed,5.5,1.12,5.3,1.15,5.5,1.125,5.6,1.196,4.6,1.19
ATP,2008,31,Paris,French Open,2008-05-31,Grand Slam,Outdoor,Clay,3rd Round,5,Federer R.,Ancic M.,1.0,46.0,6675.0,735.0,6.0,3.0,6.0,4.0,6.0,2.0,,,,,3.0,0.0,Completed,1.03,11.0,1.05,8.75,1.04,9.0,1.056,15.0,1.04,11.0
ATP,2008,31,Paris,French Open,2008-06-01,Grand Slam,Outdoor,Clay,4th Round,5,Gulbis E.,Llodra M.,80.0,41.0,512.0,831.0,6.0,4.0,7.0,6.0,6.0,3.0,,,,,3.0,0.0,Completed,1.57,2.25,1.7,2.16,1.667,2.1,1.746,2.24,1.7,2.1
ATP,2008,31,Paris,French Open,2008-06-01,Grand Slam,Outdoor,Clay,4th Round,5,Djokovic N.,Mathieu P.H.,3.0,19.0,5225.0,1270.0,6.0,4.0,6.0,3.0,6.0,4.0,,,,,3.0,0.0,Completed,1.07,7.5,1.09,7.33,1.083,7.0,1.125,8.2,1.1,6.75
ATP,2008,31,Paris,French Open,2008-06-01,Grand Slam,Outdoor,Clay,4th Round,5,Almagro N.,Chardy J.,20.0,145.0,1270.0,326.0,7.0,6.0,7.0,6.0,7.0,5.0,,,,,3.0,0.0,Completed,1.14,5.0,1.25,3.97,1.222,4.0,1.233,4.9,1.2,4.35
ATP,2008,31,Paris,French Open,2008-06-01,Grand Slam,Outdoor,Clay,4th Round,5,Nadal R.,Verdasco F.,2.0,23.0,5585.0,1240.0,6.0,1.0,6.0,0.0,6.0,2.0,,,,,3.0,0.0,Completed,1.01,13.0,1.04,12.0,1.015,13.0,1.05,16.0,1.03,12.0
ATP,2008,31,Paris,French Open,2008-06-02,Grand Slam,Outdoor,Clay,4th Round,5,Gonzalez F.,Ginepri R.,25.0,88.0,1160.0,495.0,7.0,6.0,6.0,3.0,6.0,1.0,,,,,3.0,0.0,Completed,1.25,3.75,1.2,4.45,1.222,4.0,1.241,4.75,1.3,3.4
ATP,2008,31,Paris,French Open,2008-06-02,Grand Slam,Outdoor,Clay,4th Round,5,Federer R.,Benneteau J.,1.0,55.0,6675.0,670.0,6.0,4.0,7.0,5.0,7.0,5.0,,,,,3.0,0.0,Completed,1.01,15.0,1.02,13.5,1.015,13.0,1.03,24.0,1.02,15.0
ATP,2008,31,Paris,French Open,2008-06-02,Grand Slam,Outdoor,Clay,4th Round,5,Monfils G.,Ljubicic I.,59.0,30.0,613.0,1005.0,7.0,6.0,4.0,6.0,6.0,3.0,6.0,2.0,,,3.0,1.0,Completed,2.25,1.57,2.2,1.7,2.1,1.667,2.27,1.73,2.03,1.75
ATP,2008,31,Paris,French Open,2008-06-02,Grand Slam,Outdoor,Clay,4th Round,5,Ferrer D.,Stepanek R.,5.0,22.0,2730.0,1245.0,4.0,6.0,6.0,2.0,1.0,6.0,6.0,3.0,6.0,3.0,3.0,2.0,Completed,1.53,2.37,1.6,2.3,1.533,2.375,1.621,2.51,1.52,2.48
ATP,2008,31,Paris,French Open,2008-06-03,Grand Slam,Outdoor,Clay,Quarterfinals,5,Djokovic N.,Gulbis E.,3.0,80.0,5225.0,512.0,7.0,5.0,7.0,6.0,7.0,5.0,,,,,3.0,0.0,Completed,1.07,8.0,1.1,6.75,1.083,7.0,1.128,8.12,1.1,6.5
ATP,2008,31,Paris,French Open,2008-06-03,Grand Slam,Outdoor,Clay,Quarterfinals,5,Nadal R.,Almagro N.,2.0,20.0,5585.0,1270.0,6.0,1.0,6.0,1.0,6.0,1.0,,,,,3.0,0.0,Completed,1.04,11.0,1.05,8.75,1.04,9.0,1.068,12.75,1.05,10.0
ATP,2008,31,Paris,French Open,2008-06-04,Grand Slam,Outdoor,Clay,Quarterfinals,5,Federer R.,Gonzalez F.,1.0,25.0,6675.0,1160.0,2.0,6.0,6.0,2.0,6.0,3.0,6.0,4.0,,,3.0,1.0,Completed,1.08,7.5,1.1,6.75,1.083,7.0,1.133,7.8,1.1,6.5
ATP,2008,31,Paris,French Open,2008-06-04,Grand Slam,Outdoor,Clay,Quarterfinals,5,Monfils G.,Ferrer D.,59.0,5.0,613.0,2730.0,6.0,3.0,3.0,6.0,6.0,3.0,6.0,1.0,,,3.0,1.0,Completed,4.5,1.19,3.95,1.25,4.0,1.222,4.54,1.26,3.9,1.24
ATP,2008,31,Paris,French Open,2008-06-06,Grand Slam,Outdoor,Clay,Semifinals,5,Nadal R.,Djokovic N.,2.0,3.0,5585.0,5225.0,6.0,4.0,6.0,2.0,7.0,6.0,,,,,3.0,0.0,Completed,1.2,4.5,1.21,4.54,1.167,4.5,1.23,4.95,1.2,4.5
ATP,2008,31,Paris,French Open,2008-06-06,Grand Slam,Outdoor,Clay,Semifinals,5,Federer R.,Monfils G.,1.0,59.0,6675.0,613.0,6.0,2.0,5.0,7.0,6.0,3.0,7.0,5.0,,,3.0,1.0,Completed,1.07,8.0,1.1,7.25,1.063,8.0,1.08,10.7,1.08,8.0
ATP,2008,31,Paris,French Open,2008-06-08,Grand Slam,Outdoor,Clay,The Final,5,Nadal R.,Federer R.,2.0,1.0,5585.0,6675.0,6.0,1.0,6.0,3.0,6.0,0.0,,,,,3.0,0.0,Completed,1.25,3.75,1.3,3.7,1.286,3.5,1.317,3.85,1.25,4.0
ATP,2008,37,London,Wimbledon,2008-06-23,Grand Slam,Outdoor,Grass,1st Round,5,Soderling R.,Kim K,41.0,181.0,855.0,217.0,7.0,5.0,0.0,6.0,6.0,3.0,6.0,4.0,,,3.0,1.0,Completed,1.05,9.0,1.07,8.66,1.06,8.0,1.066,13.25,1.08,7.5
ATP,2008,37,London,Wimbledon,2008-06-23,Grand Slam,Outdoor,Grass,1st Round,5,Ferrero J.C.,Querrey S.,23.0,42.0,1135.0,850.0,2.0,6.0,6.0,4.0,6.0,4.0,6.0,4.0,,,3.0,1.0,Completed,1.61,2.2,1.6,2.3,1.667,2.1,1.709,2.31,1.86,1.9
ATP,2008,37,London,Wimbledon,2008-06-23,Grand Slam,Outdoor,Grass,1st Round,5,Lopez F.,Dabul B.,35.0,113.0,950.0,415.0,7.0,6.0,3.0,6.0,6.0,3.0,6.0,4.0,,,3.0,1.0,Completed,1.04,10.0,1.05,10.5,1.06,8.0,1.054,15.36,1.05,10.0
ATP,2008,37,London,Wimbledon,2008-06-23,Grand Slam,Outdoor,Grass,1st Round,5,Johansson T.,Spadea V.,63.0,99.0,608.0,457.0,6.0,7.0,6.0,7.0,6.0,3.0,6.0,4.0,6.0,3.0,3.0,2.0,Completed,1.57,2.25,1.6,2.4,1.615,2.2,1.606,2.55,1.66,2.16
ATP,2008,37,London,Wimbledon,2008-06-23,Grand Slam,Outdoor,Grass,1st Round,5,Baghdatis M.,Darcis S.,25.0,51.0,1090.0,738.0,6.0,3.0,6.0,2.0,6.0,7.0,6.0,3.0,,,3.0,1.0,Completed,1.14,5.0,1.18,5.01,1.167,4.5,1.171,6.35,1.2,4.3
ATP,2008,37,London,Wimbledon,2008-06-23,Grand Slam,Outdoor,Grass,1st Round,5,Seppi A.,Kamke T.,30.0,195.0,1015.0,201.0,5.0,7.0,6.0,3.0,6.0,2.0,6.0,4.0,,,3.0,1.0,Completed,1.08,7.0,1.13,5.95,1.125,5.5,1.125,8.2,1.13,5.6
ATP,2008,37,London,Wimbledon,2008-06-23,Grand Slam,Outdoor,Grass,1st Round,5,Karanusic R.,Horna L.,111.0,93.0,419.0,474.0,7.0,6.0,6.0,3.0,6.0,1.0,,,,,3.0,0.0,Completed,1.38,2.87,1.4,2.9,1.444,2.625,1.435,3.1,1.42,2.76
ATP,2008,37,London,Wimbledon,2008-06-23,Grand Slam,Outdoor,Grass,1st Round,5,Federer R.,Hrbaty D.,1.0,273.0,6900.0,136.0,6.0,3.0,6.0,2.0,6.0,2.0,,,,,3.0,0.0,Completed,1.005,34.0,1.01,16.0,1.002,34.0,1.009,81.0,1.01,30.0
ATP,2008,37,London,Wimbledon,2008-06-23,Grand Slam,Outdoor,Grass,1st Round,5,Zverev M.,Peya A.,92.0,191.0,477.0,204.0,6.0,3.0,6.0,4.0,6.0,4.0,,,,,3.0,0.0,Completed,1.57,2.25,1.75,2.1,1.571,2.25,1.775,2.19,1.6,2.28
ATP,2008,37,London,Wimbledon,2008-06-23,Grand Slam,Outdoor,Grass,1st Round,5,Gonzalez F.,Ginepri R.,14.0,59.0,1405.0,630.0,7.0,6.0,7.0,5.0,7.0,5.0,,,,,3.0,0.0,Completed,1.3,3.4,1.3,3.4,1.333,3.25,1.333,3.7,1.35,3.1
ATP,2008,37,London,Wimbledon,2008-06-23,Grand Slam,Outdoor,Grass,1st Round,5,Montanes A.,Berlocq C.,69.0,90.0,556.0,479.0,6.0,3.0,7.0,6.0,6.0,4.0,,,,,3.0,0.0,Completed,1.5,2.5,1.5,2.65,1.533,2.375,1.541,2.75,1.44,2.7
ATP,2008,37,London,Wimbledon,2008-06-23,Grand Slam,Outdoor,Grass,1st Round,5,Bolelli S.,Bogdanovic A.,46.0,242.0,763.0,157.0,7.0,6.0,4.0,6.0,6.0,3.0,7.0,6.0,,,3.0,1.0,Completed,1.53,2.37,1.6,2.4,1.571,2.25,1.546,2.73,1.62,2.25
ATP,2008,37,London,Wimbledon,2008-06-23,Grand Slam,Outdoor,Grass,1st Round,5,Hewitt L.,Haase R.,27.0,64.0,1050.0,607.0,6.0,7.0,6.0,3.0,6.0,3.0,6.0,7.0,6.0,2.0,3.0,2.0,Completed,1.11,6.0,1.1,6.25,1.143,5.0,1.136,7.66,1.15,5.15
ATP,2008,37,London,Wimbledon,2008-06-23,Grand Slam,Outdoor,Grass,1st Round,5,Berdych T.,Korolev E.,20.0,78.0,1290.0,522.0,4.0,6.0,6.0,1.0,6.0,4.0,3.0,6.0,7.0,5.0,3.0,2.0,Completed,1.11,6.0,1.15,5.6,1.125,5.5,1.127,8.15,1.12,5.85
ATP,2008,37,London,Wimbledon,2008-06-23,Grand Slam,Outdoor,Grass,1st Round,5,Stadler S.,Karlovic I.,172.0,22.0,233.0,1220.0,4.0,6.0,7.0,6.0,6.0,3.0,7.0,5.0,,,3.0,1.0,Completed,7.5,1.07,7.33,1.09,7.0,1.083,10.0,1.091,6.75,1.1
ATP,2008,37,London,Wimbledon,2008-06-23,Grand Slam,Outdoor,Grass,1st Round,5,Bellucci T.,Kunitsyn I.,68.0,79.0,569.0,522.0,7.0,6.0,7.0,6.0,3.0,6.0,6.0,2.0,,,3.0,1.0,Completed,3.0,1.36,2.89,1.42,2.75,1.4,3.03,1.448,2.82,1.41
ATP,2008,37,London,Wimbledon,2008-06-23,Grand Slam,Outdoor,Grass,1st Round,5,Serra F.,Lu Y.H.,74.0,71.0,532.0,547.0,6.0,4.0,6.0,4.0,6.0,7.0,6.0,3.0,,,3.0,1.0,Completed,1.66,2.1,1.7,2.2,1.727,2.0,1.769,2.2,1.65,2.18
ATP,2008,37,London,Wimbledon,2008-06-23,Grand Slam,Outdoor,Grass,1st Round,5,Hanescu V.,Falla A.,81.0,106.0,506.0,436.0,6.0,3.0,6.0,7.0,6.0,0.0,6.0,4.0,,,3.0,1.0,Completed,2.5,1.5,2.57,1.51,2.625,1.444,2.95,1.465,2.6,1.47
ATP,2008,37,London,Wimbledon,2008-06-23,Grand Slam,Outdoor,Grass,1st Round,5,Rochus O.,Sela D.,67.0,66.0,569.0,586.0,6.0,4.0,7.0,5.0,6.0,4.0,,,,,3.0,0.0,Completed,1.61,2.2,1.65,2.25,1.615,2.2,1.637,2.47,1.54,2.4
ATP,2008,37,London,Wimbledon,2008-06-23,Grand Slam,Outdoor,Grass,1st Round,5,Reynolds B.,Volandri F.,102.0,120.0,439.0,390.0,6.0,2.0,6.0,2.0,,,,,,,2.0,0.0,Retired,1.14,5.0,1.15,5.6,1.143,5.0,1.2,5.5,1.17,4.8
ATP,2008,37,London,Wimbledon,2008-06-23,Grand Slam,Outdoor,Grass,1st Round,5,Djokovic N.,Berrer M.,3.0,91.0,5360.0,478.0,7.0,5.0,2.0,6.0,6.0,3.0,6.0,0.0,,,3.0,1.0,Completed,1.01,15.0,1.01,16.0,1.01,17.0,1.012,63.0,1.01,30.0
ATP,2008,37,London,Wimbledon,2008-06-23,Grand Slam,Outdoor,Grass,1st Round,5,Bozoljac I.,Guccione C.,197.0,77.0,199.0,523.0,3.0,6.0,6.0,4.0,6.0,4.0,6.0,3.0,,,3.0,1.0,Completed,,,,,,,,,,
ATP,2008,37,London,Wimbledon,2008-06-23,Grand Slam,Outdoor,Grass,1st Round,5,Verdasco F.,Kohlschreiber P.,18.0,36.0,1300.0,930.0,6.0,4.0,6.0,3.0,6.0,2.0,,,,,3.0,0.0,Completed,2.1,1.66,2.15,1.7,2.0,1.727,2.4,1.667,2.0,1.77
ATP,2008,37,London,Wimbledon,2008-06-23,Grand Slam,Outdoor,Grass,1st Round,5,Del Potro J.M.,Snobel P.,62.0,220.0,613.0,178.0,6.0,4.0,6.0,2.0,6.0,3.0,,,,,3.0,0.0,Completed,1.1,6.5,1.12,6.35,1.143,5.0,1.143,7.3,1.11,6.2
ATP,2008,37,London,Wimbledon,2008-06-23,Grand Slam,Outdoor,Grass,1st Round,5,Gicquel M.,Nishikori K.,53.0,103.0,724.0,438.0,4.0,6.0,7.0,5.0,,,,,,,1.0,1.0,Retired,1.44,2.62,1.5,2.55,1.444,2.625,1.559,2.69,1.5,2.52
ATP,2008,37,London,Wimbledon,2008-06-23,Grand Slam,Outdoor,Grass,1st Round,5,Petzschner P.,Lee H.T.,118.0,56.0,393.0,694.0,6.0,7.0,6.0,1.0,6.0,4.0,,,,,2.0,1.0,Retired,2.25,1.57,2.2,1.65,2.2,1.615,2.36,1.685,2.1,1.7
ATP,2008,37,London,Wimbledon,2008-06-23,Grand Slam,Outdoor,Grass,1st Round,5,Ferrer D.,Stakhovsky S.,5.0,135.0,3005.0,345.0,7.0,6.0,6.0,3.0,1.0,3.0,,,,,2.0,0.0,Retired,1.06,8.0,1.09,7.33,1.083,7.0,1.1,9.0,1.1,6.75
ATP,2008,37,London,Wimbledon,2008-06-23,Grand Slam,Outdoor,Grass,1st Round,5,Safin M.,Fognini F.,75.0,86.0,530.0,487.0,6.0,1.0,6.0,2.0,7.0,6.0,,,,,3.0,0.0,Completed,1.12,5.5,1.15,5.6,1.143,5.0,1.174,6.26,1.15,5.15
ATP,2008,37,London,Wimbledon,2008-06-23,Grand Slam,Outdoor,Grass,1st Round,5,Andreev I.,Vanek J.,37.0,82.0,910.0,505.0,6.0,7.0,7.0,6.0,6.0,2.0,6.0,2.0,,,3.0,1.0,Completed,1.12,5.5,1.15,5.6,1.167,4.5,1.136,7.65,1.12,5.85
ATP,2008,37,London,Wimbledon,2008-06-23,Grand Slam,Outdoor,Grass,1st Round,5,Ancic M.,Llodra M.,43.0,34.0,845.0,951.0,6.0,4.0,7.0,6.0,2.0,0.0,,,,,2.0,0.0,Retired,1.12,5.5,1.14,5.6,1.25,3.75,1.198,5.55,1.25,3.8
ATP,2008,37,London,Wimbledon,2008-06-23,Grand Slam,Outdoor,Grass,1st Round,5,Wawrinka S.,Daniel M.,9.0,76.0,1615.0,526.0,6.0,3.0,6.0,2.0,7.0,5.0,,,,,3.0,0.0,Completed,1.1,6.5,1.09,7.33,1.1,6.5,1.131,7.95,1.08,7.25
ATP,2008,37,London,Wimbledon,2008-06-23,Grand Slam,Outdoor,Grass,1st Round,5,Dancevic F.,Nalbandian D.,95.0,7.0,467.0,2100.0,6.0,4.0,6.0,2.0,6.0,4.0,,,,,3.0,0.0,Completed,6.0,1.11,5.6,1.15,5.0,1.143,6.45,1.165,5.75,1.13
ATP,2008,37,London,Wimbledon,2008-06-24,Grand Slam,Outdoor,Grass,1st Round,5,Robredo T.,Vliegen K.,19.0,109.0,1300.0,425.0,6.0,1.0,6.0,3.0,6.0,7.0,6.0,4.0,,,3.0,1.0,Completed,1.16,4.5,1.2,4.55,1.167,4.5,1.22,5.15,1.16,5.0
ATP,2008,37,London,Wimbledon,2008-06-24,Grand Slam,Outdoor,Grass,1st Round,5,Vassallo-Arguello M.,Minar I.,84.0,70.0,497.0,556.0,6.0,4.0,2.0,6.0,2.0,6.0,6.0,2.0,6.0,2.0,3.0,2.0,Completed,5.0,1.14,4.33,1.22,3.75,1.25,5.2,1.217,4.0,1.23
ATP,2008,37,London,Wimbledon,2008-06-24,Grand Slam,Outdoor,Grass,1st Round,5,Cilic M.,Roger-Vasselin E.,55.0,147.0,705.0,302.0,6.0,4.0,6.0,3.0,7.0,6.0,,,,,3.0,0.0,Completed,1.16,4.5,1.25,3.95,1.222,4.0,1.247,4.65,1.2,4.35
ATP,2008,37,London,Wimbledon,2008-06-24,Grand Slam,Outdoor,Grass,1st Round,5,Grosjean S.,Starace P.,61.0,57.0,614.0,645.0,6.0,2.0,7.0,5.0,6.0,1.0,,,,,3.0,0.0,Completed,1.22,4.0,1.28,3.71,1.286,3.5,1.286,4.2,1.3,3.4
ATP,2008,37,London,Wimbledon,2008-06-24,Grand Slam,Outdoor,Grass,1st Round,5,Kiefer N.,Benneteau J.,32.0,47.0,970.0,760.0,6.0,1.0,7.0,5.0,6.0,3.0,,,,,3.0,0.0,Completed,1.36,3.0,1.45,2.8,1.4,2.75,1.417,3.2,1.45,2.67
ATP,2008,37,London,Wimbledon,2008-06-24,Grand Slam,Outdoor,Grass,1st Round,5,Haas T.,Canas G.,38.0,44.0,900.0,805.0,3.0,6.0,6.0,4.0,6.0,4.0,6.0,4.0,,,3.0,1.0,Completed,1.53,2.37,1.6,2.4,1.571,2.25,1.562,2.68,1.62,2.24
ATP,2008,37,London,Wimbledon,2008-06-24,Grand Slam,Outdoor,Grass,1st Round,5,Troicki V.,Lapentti N.,89.0,65.0,480.0,594.0,6.0,3.0,4.0,0.0,,,,,,,1.0,0.0,Retired,1.44,2.62,1.45,2.8,1.4,2.75,1.51,2.81,1.48,2.57
ATP,2008,37,London,Wimbledon,2008-06-24,Grand Slam,Outdoor,Grass,1st Round,5,Nieminen J.,Odesnik W.,28.0,87.0,1050.0,481.0,6.0,3.0,,,,,,,,,1.0,0.0,Retired,1.22,4.0,1.24,4.14,1.286,3.5,1.257,4.49,1.45,2.68
ATP,2008,37,London,Wimbledon,2008-06-24,Grand Slam,Outdoor,Grass,1st Round,5,Gasquet R.,Fish M.,10.0,39.0,1610.0,900.0,6.0,3.0,6.0,4.0,6.0,2.0,,,,,3.0,0.0,Completed,1.28,3.5,1.4,3.0,1.364,3.0,1.357,3.6,1.44,2.7
ATP,2008,37,London,Wimbledon,2008-06-24,Grand Slam,Outdoor,Grass,1st Round,5,Gulbis E.,Isner J.,48.0,83.0,747.0,504.0,7.0,5.0,7.0,5.0,6.0,7.0,7.0,6.0,,,3.0,1.0,Completed,1.28,3.5,1.35,3.15,1.3,3.4,1.314,3.88,1.37,3.0
ATP,2008,37,London,Wimbledon,2008-06-24,Grand Slam,Outdoor,Grass,1st Round,5,Mathieu P.H.,Hernandez O.,16.0,107.0,1345.0,428.0,3.0,6.0,6.0,2.0,6.0,0.0,6.0,2.0,,,3.0,1.0,Completed,1.01,13.0,1.05,10.5,1.04,9.0,1.038,21.0,1.02,15.0
ATP,2008,37,London,Wimbledon,2008-06-24,Grand Slam,Outdoor,Grass,1st Round,5,Stepanek R.,Hernych J.,15.0,134.0,1360.0,346.0,6.0,3.0,7.0,5.0,6.0,0.0,,,,,3.0,0.0,Completed,1.16,4.5,1.27,3.81,1.222,4.0,1.248,4.63,1.2,4.3
ATP,2008,37,London,Wimbledon,2008-06-24,Grand Slam,Outdoor,Grass,1st Round,5,Chardy J.,Gil F.,108.0,110.0,426.0,424.0,7.0,5.0,6.0,7.0,4.0,6.0,6.0,4.0,6.0,3.0,3.0,2.0,Completed,1.28,3.5,1.37,3.12,1.333,3.25,1.344,3.61,1.42,2.78
ATP,2008,37,London,Wimbledon,2008-06-24,Grand Slam,Outdoor,Grass,1st Round,5,Becker B.,Davydenko N.,116.0,4.0,403.0,3115.0,6.0,4.0,6.0,4.0,6.0,4.0,,,,,3.0,0.0,Completed,4.5,1.16,3.95,1.25,4.333,1.2,5.1,1.222,3.8,1.25
ATP,2008,37,London,Wimbledon,2008-06-24,Grand Slam,Outdoor,Grass,1st Round,5,Clement A.,Bjorkman J.,145.0,128.0,317.0,368.0,4.0,6.0,7.0,6.0,6.0,4.0,7.0,6.0,,,3.0,1.0,Completed,1.53,2.37,1.55,2.45,1.57,2.25,1.645,2.45,1.6,2.28
ATP,2008,37,London,Wimbledon,2008-06-24,Grand Slam,Outdoor,Grass,1st Round,5,Nadal R.,Beck A.,2.0,122.0,5755.0,386.0,6.0,4.0,6.0,4.0,7.0,6.0,,,,,3.0,0.0,Completed,1.005,21.0,1.01,16.0,1.01,17.0,1.016,43.5,1.02,15.0
ATP,2008,37,London,Wimbledon,2008-06-24,Grand Slam,Outdoor,Grass,1st Round,5,Melzer J.,Ljubicic I.,72.0,31.0,539.0,980.0,6.0,4.0,7.0,6.0,4.0,6.0,2.0,6.0,6.0,3.0,3.0,2.0,Completed,2.25,1.57,2.4,1.6,2.375,1.533,2.5,1.625,2.38,1.55
ATP,2008,37,London,Wimbledon,2008-06-24,Grand Slam,Outdoor,Grass,1st Round,5,Malisse X.,Gremelmayr D.,226.0,80.0,170.0,513.0,6.0,3.0,6.0,4.0,6.0,2.0,,,,,3.0,0.0,Completed,1.25,3.75,1.32,3.4,1.286,3.5,1.303,4.0,1.29,3.45
ATP,2008,37,London,Wimbledon,2008-06-24,Grand Slam,Outdoor,Grass,1st Round,5,Calleri A.,Anderson K.,49.0,98.0,745.0,462.0,4.0,6.0,7.0,5.0,7.0,5.0,6.0,1.0,,,3.0,1.0,Completed,2.25,1.57,2.3,1.6,2.25,1.571,2.41,1.662,2.34,1.57
ATP,2008,37,London,Wimbledon,2008-06-24,Grand Slam,Outdoor,Grass,1st Round,5,Almagro N.,Granollers M.,12.0,52.0,1485.0,735.0,4.0,6.0,6.0,3.0,7.0,5.0,6.0,2.0,,,3.0,1.0,Completed,1.3,3.4,1.35,3.15,1.364,3.0,1.352,3.64,1.31,3.3
ATP,2008,37,London,Wimbledon,2008-06-24,Grand Slam,Outdoor,Grass,1st Round,5,Simon G.,Olejniczak D.,29.0,202.0,1030.0,190.0,6.0,3.0,6.0,4.0,6.0,2.0,,,,,3.0,0.0,Completed,1.2,4.33,1.25,4.15,1.2,4.333,1.27,4.4,1.2,4.3
ATP,2008,37,London,Wimbledon,2008-06-24,Grand Slam,Outdoor,Grass,1st Round,5,Tipsarevic J.,Ascione T.,40.0,119.0,858.0,391.0,7.0,6.0,6.0,4.0,6.0,2.0,,,,,3.0,0.0,Completed,1.11,6.0,1.15,5.6,1.167,4.5,1.163,6.55,1.17,4.8
ATP,2008,37,London,Wimbledon,2008-06-24,Grand Slam,Outdoor,Grass,1st Round,5,Levine J.,Young D.,137.0,85.0,341.0,489.0,4.0,6.0,6.0,2.0,6.0,3.0,6.0,4.0,,,3.0,1.0,Completed,2.0,1.72,2.0,1.85,2.0,1.727,2.03,1.885,1.86,1.9
ATP,2008,37,London,Wimbledon,2008-06-24,Grand Slam,Outdoor,Grass,1st Round,5,Tursunov D.,Mahut N.,33.0,58.0,968.0,636.0,6.0,4.0,6.0,7.0,7.0,6.0,3.0,6.0,7.0,5.0,3.0,2.0,Completed,1.72,2.0,1.65,2.2,1.833,1.833,1.787,2.17,1.75,2.03
ATP,2008,37,London,Wimbledon,2008-06-24,Grand Slam,Outdoor,Grass,1st Round,5,Garcia-Lopez G.,Van der Merwe I.,104.0,285.0,437.0,128.0,7.0,5.0,6.0,2.0,6.0,2.0,,,,,3.0,0.0,Completed,1.66,2.1,1.7,2.15,1.615,2.2,1.893,2.02,1.67,2.15
ATP,2008,37,London,Wimbledon,2008-06-24,Grand Slam,Outdoor,Grass,1st Round,5,Roddick A.,Schwank E.,6.0,60.0,2280.0,619.0,7.0,5.0,6.0,4.0,7.0,6.0,,,,,3.0,0.0,Completed,1.01,15.0,1.01,11.5,1.02,11.0,1.05,16.0,1.02,15.0
ATP,2008,37,London,Wimbledon,2008-06-24,Grand Slam,Outdoor,Grass,1st Round,5,Murray A.,Santoro F.,11.0,54.0,1555.0,721.0,6.0,3.0,6.0,4.0,7.0,6.0,,,,,3.0,0.0,Completed,1.05,9.0,1.1,6.75,1.063,8.0,1.08,11.0,1.1,6.75
ATP,2008,37,London,Wimbledon,2008-06-24,Grand Slam,Outdoor,Grass,1st Round,5,Youzhny M.,Roitman S.,17.0,97.0,1305.0,467.0,6.0,1.0,6.0,4.0,6.0,0.0,,,,,3.0,0.0,Completed,1.03,11.0,1.04,12.0,1.03,10.0,1.038,21.0,1.04,11.0
ATP,2008,37,London,Wimbledon,2008-06-24,Grand Slam,Outdoor,Grass,1st Round,5,Blake J.,Rochus C.,8.0,112.0,2015.0,415.0,3.0,6.0,6.0,3.0,6.0,1.0,6.0,4.0,,,3.0,1.0,Completed,1.04,10.0,1.09,7.33,1.063,8.0,1.08,11.0,1.05,10.0
ATP,2008,37,London,Wimbledon,2008-06-24,Grand Slam,Outdoor,Grass,1st Round,5,Schuettler R.,Ventura S.,94.0,88.0,472.0,481.0,6.0,3.0,6.0,2.0,6.0,4.0,,,,,3.0,0.0,Completed,1.28,3.5,1.3,3.55,1.333,3.25,1.317,3.85,1.25,3.8
ATP,2008,37,London,Wimbledon,2008-06-24,Grand Slam,Outdoor,Grass,1st Round,5,Galvani S.,Baker J.,201.0,268.0,193.0,137.0,6.0,4.0,6.0,2.0,6.0,3.0,,,,,3.0,0.0,Completed,1.57,2.25,1.6,2.4,1.61,2.2,1.625,2.5,1.63,2.25
ATP,2008,37,London,Wimbledon,2008-06-24,Grand Slam,Outdoor,Grass,1st Round,5,Eaton C.,Pashanski B.,661.0,114.0,29.0,409.0,6.0,3.0,7.0,6.0,6.0,4.0,,,,,3.0,0.0,Completed,1.44,2.62,1.5,2.55,1.5,2.5,1.588,2.6,1.52,2.46
ATP,2008,37,London,Wimbledon,2008-06-25,Grand Slam,Outdoor,Grass,2nd Round,5,Seppi A.,Serra F.,30.0,74.0,1015.0,532.0,6.0,3.0,6.0,7.0,6.0,2.0,6.0,7.0,6.0,4.0,3.0,2.0,Completed,1.28,3.5,1.36,3.17,1.364,3.0,1.364,3.55,1.4,2.85
ATP,2008,37,London,Wimbledon,2008-06-25,Grand Slam,Outdoor,Grass,2nd Round,5,Wawrinka S.,Del Potro J.M.,9.0,62.0,1615.0,613.0,7.0,6.0,6.0,3.0,7.0,5.0,,,,,3.0,0.0,Completed,1.57,2.25,1.6,2.3,1.571,2.25,1.699,2.33,1.57,2.34
ATP,2008,37,London,Wimbledon,2008-06-25,Grand Slam,Outdoor,Grass,2nd Round,5,Reynolds B.,Dancevic F.,102.0,95.0,439.0,467.0,4.0,6.0,7.0,6.0,6.0,4.0,6.0,4.0,,,3.0,1.0,Completed,3.5,1.28,3.15,1.35,3.4,1.3,3.77,1.326,3.0,1.37
ATP,2008,37,London,Wimbledon,2008-06-25,Grand Slam,Outdoor,Grass,2nd Round,5,Safin M.,Djokovic N.,75.0,3.0,530.0,5360.0,6.0,4.0,7.0,6.0,6.0,2.0,,,,,3.0,0.0,Completed,9.0,1.05,7.94,1.08,6.5,1.1,10.4,1.088,6.75,1.1
ATP,2008,37,London,Wimbledon,2008-06-25,Grand Slam,Outdoor,Grass,2nd Round,5,Hewitt L.,Montanes A.,27.0,69.0,1050.0,556.0,7.0,6.0,6.0,0.0,6.0,2.0,,,,,3.0,0.0,Completed,1.03,12.0,1.02,13.61,1.04,9.0,1.057,14.5,1.04,10.0
ATP,2008,37,London,Wimbledon,2008-06-25,Grand Slam,Outdoor,Grass,2nd Round,5,Zverev M.,Ferrero J.C.,92.0,23.0,477.0,1135.0,6.0,4.0,6.0,4.0,2.0,1.0,,,,,2.0,0.0,Retired,3.25,1.33,3.15,1.35,3.0,1.364,3.7,1.333,2.95,1.38
ATP,2008,37,London,Wimbledon,2008-06-25,Grand Slam,Outdoor,Grass,2nd Round,5,Bolelli S.,Gonzalez F.,46.0,14.0,763.0,1405.0,7.0,6.0,7.0,6.0,3.0,6.0,7.0,6.0,,,3.0,1.0,Completed,5.0,1.14,4.55,1.2,4.333,1.2,5.6,1.196,5.2,1.15
ATP,2008,37,London,Wimbledon,2008-06-25,Grand Slam,Outdoor,Grass,2nd Round,5,Lopez F.,Karanusic R.,35.0,111.0,950.0,419.0,6.0,3.0,6.0,3.0,6.0,4.0,,,,,3.0,0.0,Completed,1.28,3.5,1.35,3.3,1.28,3.5,1.392,3.35,1.3,3.4
ATP,2008,37,London,Wimbledon,2008-06-25,Grand Slam,Outdoor,Grass,2nd Round,5,Federer R.,Soderling R.,1.0,41.0,6900.0,855.0,6.0,3.0,6.0,4.0,7.0,6.0,,,,,3.0,0.0,Completed,1.02,12.0,1.01,16.0,1.02,11.0,1.03,24.75,1.02,15.0
ATP,2008,37,London,Wimbledon,2008-06-25,Grand Slam,Outdoor,Grass,2nd Round,5,Baghdatis M.,Johansson T.,25.0,63.0,1090.0,608.0,6.0,4.0,6.0,4.0,6.0,4.0,,,,,3.0,0.0,Completed,1.12,5.5,1.16,5.3,1.167,4.5,1.167,6.4,1.17,4.8
ATP,2008,37,London,Wimbledon,2008-06-25,Grand Slam,Outdoor,Grass,2nd Round,5,Stadler S.,Bellucci T.,172.0,68.0,233.0,569.0,3.0,6.0,6.0,3.0,6.0,1.0,6.0,7.0,7.0,6.0,3.0,2.0,Completed,1.8,1.9,1.9,1.9,1.667,2.1,1.909,2.0,1.75,2.03
ATP,2008,37,London,Wimbledon,2008-06-25,Grand Slam,Outdoor,Grass,2nd Round,5,Gicquel M.,Bozoljac I.,53.0,197.0,724.0,199.0,4.0,6.0,5.0,7.0,7.0,6.0,7.0,6.0,6.0,3.0,3.0,2.0,Completed,1.28,3.5,1.35,3.3,1.333,3.25,1.385,3.4,1.33,3.2
ATP,2008,37,London,Wimbledon,2008-06-25,Grand Slam,Outdoor,Grass,2nd Round,5,Ancic M.,Petzschner P.,43.0,118.0,845.0,393.0,6.0,1.0,6.0,4.0,6.0,7.0,4.0,6.0,6.0,3.0,3.0,2.0,Completed,1.05,9.0,1.09,7.33,1.083,7.0,1.074,11.5,1.08,7.5
ATP,2008,37,London,Wimbledon,2008-06-25,Grand Slam,Outdoor,Grass,2nd Round,5,Verdasco F.,Rochus O.,18.0,67.0,1300.0,569.0,7.0,6.0,6.0,7.0,6.0,1.0,6.0,1.0,,,3.0,1.0,Completed,1.12,5.5,1.18,5.01,1.167,4.5,1.167,6.4,1.18,4.6
ATP,2008,37,London,Wimbledon,2008-06-25,Grand Slam,Outdoor,Grass,2nd Round,5,Ferrer D.,Andreev I.,5.0,37.0,3005.0,910.0,3.0,6.0,6.0,3.0,6.0,4.0,6.0,2.0,,,3.0,1.0,Completed,1.3,3.4,1.35,3.3,1.333,3.25,1.408,3.25,1.3,3.4
ATP,2008,37,London,Wimbledon,2008-06-25,Grand Slam,Outdoor,Grass,2nd Round,5,Berdych T.,Hanescu V.,20.0,81.0,1290.0,506.0,6.0,7.0,7.0,6.0,6.0,1.0,6.0,2.0,,,3.0,1.0,Completed,1.12,5.5,1.22,4.19,1.125,5.5,1.198,5.55,1.15,5.2
ATP,2008,37,London,Wimbledon,2008-06-26,Grand Slam,Outdoor,Grass,2nd Round,5,Youzhny M.,Galvani S.,17.0,201.0,1305.0,193.0,4.0,6.0,6.0,4.0,6.0,3.0,3.0,6.0,6.0,3.0,3.0,2.0,Completed,1.06,8.0,1.08,7.94,1.071,7.5,1.08,11.0,1.07,7.8
ATP,2008,37,London,Wimbledon,2008-06-26,Grand Slam,Outdoor,Grass,2nd Round,5,Melzer J.,Levine J.,72.0,137.0,539.0,341.0,4.0,6.0,6.0,2.0,3.0,6.0,6.0,4.0,6.0,1.0,3.0,2.0,Completed,1.28,3.5,1.35,3.3,1.364,3.0,1.372,3.49,1.3,3.4
ATP,2008,37,London,Wimbledon,2008-06-26,Grand Slam,Outdoor,Grass,2nd Round,5,Kiefer N.,Vassallo-Arguello M.,32.0,84.0,970.0,497.0,6.0,0.0,6.0,3.0,6.0,1.0,,,,,3.0,0.0,Completed,1.04,10.0,1.05,8.75,1.071,7.5,1.068,12.75,1.05,10.0
ATP,2008,37,London,Wimbledon,2008-06-26,Grand Slam,Outdoor,Grass,2nd Round,5,Clement A.,Becker B.,145.0,116.0,317.0,403.0,7.0,6.0,7.0,6.0,6.0,3.0,,,,,3.0,0.0,Completed,2.1,1.66,2.15,1.7,2.0,1.727,2.25,1.741,2.0,1.77
ATP,2008,37,London,Wimbledon,2008-06-26,Grand Slam,Outdoor,Grass,2nd Round,5,Nadal R.,Gulbis E.,2.0,48.0,5755.0,747.0,5.0,7.0,6.0,2.0,7.0,6.0,6.0,3.0,,,3.0,1.0,Completed,1.06,8.0,1.05,8.75,1.063,8.0,1.1,9.0,1.1,6.75
ATP,2008,37,London,Wimbledon,2008-06-26,Grand Slam,Outdoor,Grass,2nd Round,5,Schuettler R.,Blake J.,94.0,8.0,472.0,2015.0,6.0,3.0,6.0,7.0,4.0,6.0,6.0,4.0,6.0,4.0,3.0,2.0,Completed,5.5,1.12,5.6,1.15,5.5,1.125,5.91,1.185,5.2,1.15
ATP,2008,37,London,Wimbledon,2008-06-26,Grand Slam,Outdoor,Grass,2nd Round,5,Haas T.,Robredo T.,38.0,19.0,900.0,1300.0,6.0,4.0,6.0,4.0,6.0,3.0,,,,,3.0,0.0,Completed,1.38,2.87,1.45,2.7,1.364,3.0,1.407,3.26,1.4,2.85
ATP,2008,37,London,Wimbledon,2008-06-26,Grand Slam,Outdoor,Grass,2nd Round,5,Stepanek R.,Troicki V.,15.0,89.0,1360.0,480.0,6.0,7.0,6.0,7.0,6.0,3.0,6.0,1.0,6.0,2.0,3.0,2.0,Completed,1.2,4.33,1.27,3.81,1.25,3.75,1.241,4.75,1.27,3.6
ATP,2008,37,London,Wimbledon,2008-06-26,Grand Slam,Outdoor,Grass,2nd Round,5,Murray A.,Malisse X.,11.0,226.0,1555.0,170.0,6.0,4.0,6.0,2.0,6.0,2.0,,,,,3.0,0.0,Completed,1.12,5.5,1.18,5.01,1.143,5.0,1.194,5.66,1.15,5.2
ATP,2008,37,London,Wimbledon,2008-06-26,Grand Slam,Outdoor,Grass,2nd Round,5,Cilic M.,Nieminen J.,55.0,28.0,705.0,1050.0,6.0,4.0,3.0,6.0,6.0,3.0,6.0,7.0,7.0,5.0,3.0,2.0,Completed,1.44,2.62,1.49,2.65,1.5,2.5,1.472,2.92,1.52,2.45
ATP,2008,37,London,Wimbledon,2008-06-26,Grand Slam,Outdoor,Grass,2nd Round,5,Tipsarevic J.,Roddick A.,40.0,6.0,858.0,2280.0,6.0,7.0,7.0,5.0,6.0,4.0,7.0,6.0,,,3.0,1.0,Completed,5.0,1.14,4.76,1.19,5.5,1.125,4.9,1.233,4.35,1.2
ATP,2008,37,London,Wimbledon,2008-06-26,Grand Slam,Outdoor,Grass,2nd Round,5,Tursunov D.,Eaton C.,33.0,661.0,968.0,29.0,7.0,6.0,6.0,2.0,6.0,4.0,,,,,3.0,0.0,Completed,1.11,6.0,1.16,5.29,1.143,5.0,1.16,6.65,1.17,4.8
ATP,2008,37,London,Wimbledon,2008-06-26,Grand Slam,Outdoor,Grass,2nd Round,5,Garcia-Lopez G.,Almagro N.,104.0,12.0,437.0,1485.0,6.0,3.0,3.0,6.0,5.0,7.0,6.0,1.0,6.0,2.0,3.0,2.0,Completed,2.62,1.44,2.55,1.5,2.625,1.444,2.65,1.571,2.6,1.47
ATP,2008,37,London,Wimbledon,2008-06-26,Grand Slam,Outdoor,Grass,2nd Round,5,Gasquet R.,Grosjean S.,10.0,61.0,1610.0,614.0,6.0,2.0,6.0,2.0,,,,,,,2.0,0.0,Retired,1.16,4.5,1.2,4.55,1.167,4.5,1.247,4.65,1.2,4.35
ATP,2008,37,London,Wimbledon,2008-06-26,Grand Slam,Outdoor,Grass,2nd Round,5,Mathieu P.H.,Chardy J.,16.0,108.0,1345.0,426.0,6.0,3.0,7.0,5.0,7.0,6.0,,,,,3.0,0.0,Completed,1.36,3.0,1.36,3.17,1.333,3.25,1.402,3.29,1.33,3.2
ATP,2008,37,London,Wimbledon,2008-06-26,Grand Slam,Outdoor,Grass,2nd Round,5,Simon G.,Calleri A.,29.0,49.0,1030.0,745.0,5.0,7.0,6.0,2.0,6.0,3.0,6.0,4.0,,,3.0,1.0,Completed,1.53,2.37,1.65,2.25,1.667,2.1,1.641,2.46,1.65,2.18
ATP,2008,37,London,Wimbledon,2008-06-27,Grand Slam,Outdoor,Grass,3rd Round,5,Hewitt L.,Bolelli S.,27.0,46.0,1050.0,763.0,6.0,1.0,6.0,3.0,7.0,6.0,,,,,3.0,0.0,Completed,1.22,4.0,1.3,3.55,1.25,3.75,1.351,3.65,1.25,3.8
ATP,2008,37,London,Wimbledon,2008-06-27,Grand Slam,Outdoor,Grass,3rd Round,5,Federer R.,Gicquel M.,1.0,53.0,6900.0,724.0,6.0,3.0,6.0,3.0,6.0,1.0,,,,,3.0,0.0,Completed,1.005,34.0,1.01,16.0,1.005,21.0,1.011,66.0,1.01,30.0
ATP,2008,37,London,Wimbledon,2008-06-27,Grand Slam,Outdoor,Grass,3rd Round,5,Verdasco F.,Berdych T.,18.0,20.0,1300.0,1290.0,6.0,4.0,6.0,4.0,6.0,0.0,,,,,3.0,0.0,Completed,2.0,1.72,1.9,1.9,2.0,1.727,2.01,1.901,1.9,1.86
ATP,2008,37,London,Wimbledon,2008-06-27,Grand Slam,Outdoor,Grass,3rd Round,5,Lopez F.,Reynolds B.,35.0,102.0,950.0,439.0,6.0,4.0,7.0,5.0,4.0,6.0,6.0,4.0,,,3.0,1.0,Completed,1.28,3.5,1.3,3.55,1.28,3.5,1.35,3.66,1.26,3.7
ATP,2008,37,London,Wimbledon,2008-06-27,Grand Slam,Outdoor,Grass,3rd Round,5,Wawrinka S.,Zverev M.,9.0,92.0,1615.0,477.0,7.0,5.0,6.0,1.0,,,,,,,2.0,0.0,Retired,1.2,4.33,1.25,3.97,1.3,3.4,1.249,4.62,1.27,3.6
ATP,2008,37,London,Wimbledon,2008-06-27,Grand Slam,Outdoor,Grass,3rd Round,5,Baghdatis M.,Stadler S.,25.0,172.0,1090.0,233.0,7.0,6.0,6.0,4.0,6.0,2.0,,,,,3.0,0.0,Completed,1.11,6.0,1.15,5.6,1.167,4.5,1.141,7.4,1.15,5.2
ATP,2008,37,London,Wimbledon,2008-06-27,Grand Slam,Outdoor,Grass,3rd Round,5,Ancic M.,Ferrer D.,43.0,5.0,845.0,3005.0,6.0,4.0,6.0,4.0,6.0,7.0,7.0,6.0,,,3.0,1.0,Completed,2.25,1.57,2.3,1.65,2.25,1.571,2.36,1.685,2.15,1.67
ATP,2008,37,London,Wimbledon,2008-06-27,Grand Slam,Outdoor,Grass,3rd Round,5,Safin M.,Seppi A.,75.0,30.0,530.0,1015.0,7.0,6.0,3.0,6.0,7.0,6.0,6.0,4.0,,,3.0,1.0,Completed,1.33,3.25,1.36,3.17,1.364,3.0,1.365,3.54,1.37,3.0
ATP,2008,37,London,Wimbledon,2008-06-28,Grand Slam,Outdoor,Grass,3rd Round,5,Schuettler R.,Garcia-Lopez G.,94.0,104.0,472.0,437.0,6.0,2.0,6.0,3.0,6.0,4.0,,,,,3.0,0.0,Completed,1.8,1.9,1.75,2.05,1.833,1.833,1.73,2.27,1.77,2.0
ATP,2008,37,London,Wimbledon,2008-06-28,Grand Slam,Outdoor,Grass,3rd Round,5,Clement A.,Melzer J.,145.0,72.0,317.0,539.0,4.0,6.0,6.0,3.0,6.0,4.0,6.0,4.0,,,3.0,1.0,Completed,1.72,2.0,1.83,1.98,1.833,1.833,1.833,2.1,1.77,2.0
ATP,2008,37,London,Wimbledon,2008-06-28,Grand Slam,Outdoor,Grass,3rd Round,5,Tipsarevic J.,Tursunov D.,40.0,33.0,858.0,968.0,7.0,6.0,7.0,6.0,6.0,3.0,,,,,3.0,0.0,Completed,1.53,2.37,1.61,2.32,1.667,2.1,1.625,2.5,1.6,2.3
ATP,2008,37,London,Wimbledon,2008-06-28,Grand Slam,Outdoor,Grass,3rd Round,5,Gasquet R.,Simon G.,10.0,29.0,1610.0,1030.0,6.0,3.0,6.0,3.0,6.0,7.0,6.0,3.0,,,3.0,1.0,Completed,1.14,5.0,1.2,4.55,1.167,4.5,1.171,6.35,1.16,5.0
ATP,2008,37,London,Wimbledon,2008-06-28,Grand Slam,Outdoor,Grass,3rd Round,5,Murray A.,Haas T.,11.0,38.0,1555.0,900.0,6.0,4.0,6.0,7.0,6.0,3.0,6.0,2.0,,,3.0,1.0,Completed,1.36,3.0,1.38,3.07,1.364,3.0,1.426,3.15,1.4,2.85
ATP,2008,37,London,Wimbledon,2008-06-28,Grand Slam,Outdoor,Grass,3rd Round,5,Youzhny M.,Stepanek R.,17.0,15.0,1305.0,1360.0,7.0,5.0,6.0,7.0,6.0,4.0,6.0,7.0,6.0,3.0,3.0,2.0,Completed,2.37,1.53,2.38,1.59,2.1,1.667,2.53,1.613,2.26,1.61
ATP,2008,37,London,Wimbledon,2008-06-28,Grand Slam,Outdoor,Grass,3rd Round,5,Cilic M.,Mathieu P.H.,55.0,16.0,705.0,1345.0,6.0,7.0,6.0,3.0,6.0,4.0,7.0,6.0,,,3.0,1.0,Completed,2.1,1.66,2.1,1.75,2.0,1.727,2.31,1.709,2.07,1.72
ATP,2008,37,London,Wimbledon,2008-06-28,Grand Slam,Outdoor,Grass,3rd Round,3,Nadal R.,Kiefer N.,2.0,32.0,5755.0,970.0,7.0,6.0,6.0,2.0,6.0,3.0,,,,,3.0,0.0,Completed,1.06,8.0,1.09,7.33,1.083,7.0,1.098,9.25,1.08,7.5
ATP,2008,37,London,Wimbledon,2008-06-30,Grand Slam,Outdoor,Grass,4th Round,5,Ancic M.,Verdasco F.,43.0,18.0,845.0,1300.0,3.0,6.0,4.0,6.0,6.0,3.0,6.0,4.0,7.0,6.0,3.0,2.0,Completed,1.44,2.62,1.5,2.55,1.444,2.625,1.481,2.88,1.56,2.36
ATP,2008,37,London,Wimbledon,2008-06-30,Grand Slam,Outdoor,Grass,4th Round,5,Federer R.,Hewitt L.,1.0,27.0,6900.0,1050.0,7.0,6.0,6.0,2.0,6.0,4.0,,,,,3.0,0.0,Completed,1.01,13.0,1.05,10.5,1.03,10.0,1.061,14.0,1.03,12.0
ATP,2008,37,London,Wimbledon,2008-06-30,Grand Slam,Outdoor,Grass,4th Round,5,Lopez F.,Baghdatis M.,35.0,25.0,950.0,1090.0,5.0,7.0,6.0,2.0,3.0,6.0,7.0,6.0,7.0,6.0,3.0,2.0,Completed,3.0,1.36,3.0,1.4,2.75,1.4,3.14,1.427,3.0,1.37
ATP,2008,37,London,Wimbledon,2008-06-30,Grand Slam,Outdoor,Grass,4th Round,5,Schuettler R.,Tipsarevic J.,94.0,40.0,472.0,858.0,6.0,4.0,3.0,6.0,6.0,4.0,7.0,6.0,,,3.0,1.0,Completed,4.5,1.16,4.35,1.2,4.0,1.222,5.15,1.22,4.35,1.2
ATP,2008,37,London,Wimbledon,2008-06-30,Grand Slam,Outdoor,Grass,4th Round,5,Nadal R.,Youzhny M.,2.0,17.0,5755.0,1305.0,6.0,3.0,6.0,3.0,6.0,1.0,,,,,3.0,0.0,Completed,1.07,7.5,1.1,6.75,1.071,7.5,1.119,8.6,1.14,5.5
ATP,2008,37,London,Wimbledon,2008-06-30,Grand Slam,Outdoor,Grass,4th Round,5,Murray A.,Gasquet R.,11.0,10.0,1555.0,1610.0,5.0,7.0,3.0,6.0,7.0,6.0,6.0,2.0,6.0,4.0,3.0,2.0,Completed,1.61,2.2,1.65,2.25,1.667,2.1,1.69,2.35,1.72,2.07
ATP,2008,37,London,Wimbledon,2008-06-30,Grand Slam,Outdoor,Grass,4th Round,5,Clement A.,Cilic M.,145.0,55.0,317.0,705.0,6.0,3.0,7.0,5.0,6.0,2.0,,,,,3.0,0.0,Completed,3.0,1.36,2.65,1.49,2.75,1.4,2.9,1.476,2.75,1.43
ATP,2008,37,London,Wimbledon,2008-06-30,Grand Slam,Outdoor,Grass,4th Round,5,Safin M.,Wawrinka S.,75.0,9.0,530.0,1615.0,6.0,4.0,6.0,3.0,5.0,7.0,6.0,1.0,,,3.0,1.0,Completed,2.0,1.72,1.9,1.9,2.0,1.727,2.07,1.855,1.96,1.8
ATP,2008,37,London,Wimbledon,2008-07-02,Grand Slam,Outdoor,Grass,Quarterfinals,5,Federer R.,Ancic M.,1.0,43.0,6900.0,845.0,6.0,1.0,7.0,5.0,6.0,4.0,,,,,3.0,0.0,Completed,1.05,11.0,1.04,12.0,1.04,9.0,1.064,13.65,1.04,12.0
ATP,2008,37,London,Wimbledon,2008-07-02,Grand Slam,Outdoor,Grass,Quarterfinals,5,Safin M.,Lopez F.,75.0,35.0,530.0,950.0,3.0,6.0,7.0,5.0,7.0,6.0,6.0,3.0,,,3.0,1.0,Completed,1.57,2.37,1.62,2.3,1.615,2.2,1.633,2.48,1.64,2.2
ATP,2008,37,London,Wimbledon,2008-07-02,Grand Slam,Outdoor,Grass,Quarterfinals,5,Nadal R.,Murray A.,2.0,11.0,5755.0,1555.0,6.0,3.0,6.0,2.0,6.0,4.0,,,,,3.0,0.0,Completed,1.16,5.0,1.19,4.76,1.143,5.0,1.195,5.62,1.17,4.8
ATP,2008,37,London,Wimbledon,2008-07-03,Grand Slam,Outdoor,Grass,Quarterfinals,5,Schuettler R.,Clement A.,94.0,145.0,472.0,317.0,6.0,3.0,5.0,7.0,7.0,6.0,6.0,7.0,7.0,6.0,3.0,2.0,Completed,2.0,1.8,1.94,1.87,2.0,1.727,1.962,1.943,1.88,1.88
ATP,2008,37,London,Wimbledon,2008-07-04,Grand Slam,Outdoor,Grass,Semifinals,5,Federer R.,Safin M.,1.0,75.0,6900.0,530.0,6.0,3.0,7.0,6.0,6.0,4.0,,,,,3.0,0.0,Completed,1.05,10.0,1.07,8.66,1.04,9.0,1.05,15.2,1.06,9.5
ATP,2008,37,London,Wimbledon,2008-07-04,Grand Slam,Outdoor,Grass,Semifinals,5,Nadal R.,Schuettler R.,2.0,94.0,5755.0,472.0,6.0,1.0,7.0,6.0,6.0,4.0,,,,,3.0,0.0,Completed,1.005,29.0,1.01,13.5,1.01,15.0,1.04,16.2,1.01,25.0
ATP,2008,37,London,Wimbledon,2008-07-06,Grand Slam,Outdoor,Grass,The Final,5,Nadal R.,Federer R.,2.0,1.0,5755.0,6900.0,6.0,4.0,6.0,4.0,6.0,7.0,6.0,7.0,9.0,7.0,3.0,2.0,Completed,2.2,1.66,2.26,1.7,2.1,1.667,2.17,1.787,2.26,1.64
ATP,2008,51,New York,US Open,2008-08-25,Grand Slam,Outdoor,Hard,1st Round,5,Ferrer D.,Vassallo-Arguello M.,4.0,111.0,2865.0,444.0,7.0,6.0,6.0,2.0,6.0,2.0,,,,,3.0,0.0,Completed,1.01,13.0,1.04,12.0,1.04,9.0,1.048,17.0,1.02,15.0
ATP,2008,51,New York,US Open,2008-08-25,Grand Slam,Outdoor,Hard,1st Round,5,Monfils G.,Cuevas P.,33.0,135.0,963.0,346.0,6.0,4.0,6.0,4.0,6.0,1.0,,,,,3.0,0.0,Completed,1.11,6.0,1.15,5.95,1.111,6.0,1.171,6.36,1.12,6.0
ATP,2008,51,New York,US Open,2008-08-25,Grand Slam,Outdoor,Hard,1st Round,5,Korolev E.,Soderling R.,98.0,34.0,475.0,960.0,7.0,6.0,6.0,3.0,7.0,6.0,,,,,3.0,0.0,Completed,5.0,1.14,4.55,1.2,4.5,1.167,5.1,1.222,4.6,1.18
ATP,2008,51,New York,US Open,2008-08-25,Grand Slam,Outdoor,Hard,1st Round,5,Nishikori K.,Monaco J.,126.0,32.0,386.0,970.0,6.0,2.0,6.0,2.0,5.0,7.0,6.0,2.0,,,3.0,1.0,Completed,2.25,1.57,2.27,1.64,2.25,1.571,2.36,1.685,2.18,1.65
ATP,2008,51,New York,US Open,2008-08-25,Grand Slam,Outdoor,Hard,1st Round,5,Simon G.,Granollers M.,16.0,51.0,1350.0,751.0,6.0,4.0,6.0,3.0,5.0,7.0,6.0,2.0,,,3.0,1.0,Completed,1.11,6.0,1.15,5.6,1.143,5.0,1.143,7.3,1.1,6.75
ATP,2008,51,New York,US Open,2008-08-25,Grand Slam,Outdoor,Hard,1st Round,5,Karanusic R.,Sweeting R.,100.0,277.0,471.0,129.0,7.0,5.0,7.0,5.0,3.0,6.0,6.0,2.0,,,3.0,1.0,Completed,2.2,1.61,2.1,1.75,2.1,1.667,2.09,1.84,2.13,1.68
ATP,2008,51,New York,US Open,2008-08-25,Grand Slam,Outdoor,Hard,1st Round,5,Acasuso J.,Berrer M.,52.0,99.0,736.0,475.0,6.0,4.0,6.0,2.0,6.0,2.0,,,,,3.0,0.0,Completed,1.61,2.2,1.7,2.16,1.615,2.2,1.813,2.13,1.75,2.03
ATP,2008,51,New York,US Open,2008-08-25,Grand Slam,Outdoor,Hard,1st Round,5,Odesnik W.,Fognini F.,114.0,83.0,424.0,536.0,2.0,6.0,6.0,0.0,4.0,6.0,6.0,3.0,6.0,4.0,3.0,2.0,Completed,1.5,2.5,1.6,2.4,1.615,2.2,1.571,2.65,1.58,2.32
ATP,2008,51,New York,US Open,2008-08-25,Grand Slam,Outdoor,Hard,1st Round,5,Wawrinka S.,Bolelli S.,10.0,47.0,1670.0,840.0,7.0,6.0,6.0,3.0,6.0,3.0,,,,,3.0,0.0,Completed,1.16,4.5,1.2,4.55,1.2,4.333,1.244,4.7,1.17,4.8
ATP,2008,51,New York,US Open,2008-08-25,Grand Slam,Outdoor,Hard,1st Round,5,Nalbandian D.,Daniel M.,7.0,82.0,1975.0,537.0,6.0,1.0,6.0,2.0,6.0,4.0,,,,,3.0,0.0,Completed,1.06,8.0,1.08,7.0,1.083,7.0,1.1,9.0,1.08,7.5
ATP,2008,51,New York,US Open,2008-08-25,Grand Slam,Outdoor,Hard,1st Round,5,Vanek J.,Bohli S.,123.0,133.0,392.0,353.0,3.0,6.0,6.0,3.0,6.0,2.0,7.0,5.0,,,3.0,1.0,Completed,3.4,1.3,3.3,1.35,3.0,1.364,3.3,1.4,3.0,1.37
ATP,2008,51,New York,US Open,2008-08-25,Grand Slam,Outdoor,Hard,1st Round,5,Nadal R.,Phau B.,1.0,136.0,6700.0,343.0,7.0,6.0,6.0,3.0,7.0,6.0,,,,,3.0,0.0,Completed,1.005,21.0,1.01,16.0,1.005,21.0,1.011,66.0,1.01,30.0
ATP,2008,51,New York,US Open,2008-08-25,Grand Slam,Outdoor,Hard,1st Round,5,Llodra M.,Gabashvili T.,38.0,85.0,911.0,517.0,6.0,3.0,5.0,7.0,7.0,6.0,7.0,6.0,,,3.0,1.0,Completed,1.44,2.62,1.55,2.45,1.444,2.625,1.546,2.73,1.58,2.32
ATP,2008,51,New York,US Open,2008-08-25,Grand Slam,Outdoor,Hard,1st Round,5,Beck A.,Isner J.,122.0,125.0,403.0,386.0,7.0,6.0,6.0,4.0,7.0,6.0,,,,,3.0,0.0,Completed,2.62,1.44,2.7,1.45,2.5,1.5,2.68,1.562,2.4,1.55
ATP,2008,51,New York,US Open,2008-08-25,Grand Slam,Outdoor,Hard,1st Round,5,Murray A.,Roitman S.,6.0,107.0,2415.0,455.0,6.0,3.0,6.0,4.0,6.0,0.0,,,,,3.0,0.0,Completed,1.0,21.0,1.02,13.5,1.02,11.0,1.025,28.5,1.02,15.0
ATP,2008,51,New York,US Open,2008-08-25,Grand Slam,Outdoor,Hard,1st Round,5,Golubev A.,Evans B.,161.0,190.0,270.0,210.0,6.0,4.0,6.0,3.0,6.0,2.0,,,,,3.0,0.0,Completed,1.61,2.2,,,,,,,,
ATP,2008,51,New York,US Open,2008-08-25,Grand Slam,Outdoor,Hard,1st Round,5,De Heart R.,Rochus O.,261.0,68.0,142.0,604.0,7.0,6.0,5.0,7.0,6.0,4.0,3.0,6.0,6.0,4.0,3.0,2.0,Completed,4.0,1.22,3.81,1.27,3.5,1.286,3.76,1.327,4.0,1.23
ATP,2008,51,New York,US Open,2008-08-25,Grand Slam,Outdoor,Hard,1st Round,5,Kohlschreiber P.,Horna L.,26.0,95.0,1055.0,484.0,6.0,2.0,6.0,3.0,6.0,2.0,,,,,3.0,0.0,Completed,1.12,5.5,1.2,4.75,1.125,5.5,1.2,5.5,1.14,5.5
ATP,2008,51,New York,US Open,2008-08-25,Grand Slam,Outdoor,Hard,1st Round,5,Troicki V.,Ball C.,71.0,188.0,583.0,222.0,7.0,6.0,6.0,0.0,6.0,1.0,,,,,3.0,0.0,Completed,1.12,5.5,1.2,4.55,1.167,4.5,1.183,5.95,1.16,5.0
ATP,2008,51,New York,US Open,2008-08-25,Grand Slam,Outdoor,Hard,1st Round,5,Melzer J.,Lopez F.,48.0,29.0,814.0,1020.0,4.0,6.0,7.0,6.0,6.0,2.0,2.0,6.0,6.0,4.0,3.0,2.0,Completed,1.72,2.0,1.8,2.05,1.727,2.0,1.84,2.09,1.77,2.0
ATP,2008,51,New York,US Open,2008-08-25,Grand Slam,Outdoor,Hard,1st Round,5,Bellucci T.,Hernandez O.,86.0,79.0,510.0,551.0,6.0,3.0,6.0,7.0,6.0,4.0,7.0,5.0,,,3.0,1.0,Completed,1.28,3.5,1.32,3.4,1.286,3.5,1.373,3.48,1.28,3.55
ATP,2008,51,New York,US Open,2008-08-25,Grand Slam,Outdoor,Hard,1st Round,5,Del Potro J.M.,Canas G.,17.0,53.0,1343.0,735.0,4.0,6.0,7.0,6.0,6.0,4.0,6.0,1.0,,,3.0,1.0,Completed,1.14,5.0,1.19,4.76,1.167,4.5,1.19,5.75,1.18,4.6
ATP,2008,51,New York,US Open,2008-08-25,Grand Slam,Outdoor,Hard,1st Round,5,Darcis S.,Gremelmayr D.,62.0,74.0,675.0,562.0,6.0,1.0,6.0,7.0,7.0,6.0,6.0,4.0,,,3.0,1.0,Completed,2.25,1.57,2.3,1.6,2.1,1.667,2.18,1.781,2.22,1.63
ATP,2008,51,New York,US Open,2008-08-26,Grand Slam,Outdoor,Hard,1st Round,5,Blake J.,Young D.,9.0,102.0,1725.0,462.0,6.0,1.0,3.0,6.0,6.0,1.0,4.0,6.0,6.0,4.0,3.0,2.0,Completed,1.05,9.0,1.08,7.94,1.071,7.5,1.074,11.5,1.05,10.0
ATP,2008,51,New York,US Open,2008-08-26,Grand Slam,Outdoor,Hard,1st Round,5,Cipolla F.,Hernych J.,142.0,120.0,334.0,413.0,6.0,7.0,6.0,4.0,2.0,6.0,7.0,6.0,7.0,6.0,3.0,2.0,Completed,,,,,,,,,,
ATP,2008,51,New York,US Open,2008-08-26,Grand Slam,Outdoor,Hard,1st Round,5,Querrey S.,Berdych T.,55.0,22.0,716.0,1210.0,6.0,3.0,6.0,1.0,6.0,2.0,,,,,3.0,0.0,Completed,4.0,1.22,3.46,1.31,3.5,1.286,4.0,1.303,3.7,1.26
ATP,2008,51,New York,US Open,2008-08-26,Grand Slam,Outdoor,Hard,1st Round,5,Serra F.,Schuettler R.,69.0,36.0,597.0,954.0,7.0,6.0,6.0,0.0,2.0,0.0,,,,,2.0,0.0,Retired,2.25,1.57,2.2,1.65,2.1,1.667,2.33,1.699,2.15,1.67
ATP,2008,51,New York,US Open,2008-08-26,Grand Slam,Outdoor,Hard,1st Round,5,Karlovic I.,Minar J.,14.0,303.0,1405.0,118.0,7.0,5.0,6.0,1.0,6.0,4.0,,,,,3.0,0.0,Completed,1.11,6.0,1.15,5.6,1.125,5.5,1.155,6.85,1.14,5.5
ATP,2008,51,New York,US Open,2008-08-26,Grand Slam,Outdoor,Hard,1st Round,5,Lu Y.H.,Lapentti N.,73.0,65.0,571.0,624.0,6.0,4.0,1.0,6.0,4.0,6.0,6.0,4.0,6.0,3.0,3.0,2.0,Completed,2.1,1.66,2.05,1.75,2.0,1.727,2.06,1.862,1.91,1.85
ATP,2008,51,New York,US Open,2008-08-26,Grand Slam,Outdoor,Hard,1st Round,5,Haas T.,Gasquet R.,39.0,12.0,905.0,1595.0,6.0,7.0,6.0,4.0,5.0,7.0,7.0,5.0,6.0,2.0,3.0,2.0,Completed,2.37,1.53,2.4,1.6,2.375,1.533,2.46,1.641,2.36,1.56
ATP,2008,51,New York,US Open,2008-08-26,Grand Slam,Outdoor,Hard,1st Round,5,Garcia-Lopez G.,Hrbaty D.,67.0,391.0,606.0,81.0,4.0,6.0,6.0,3.0,6.0,4.0,6.0,4.0,,,3.0,1.0,Completed,1.61,2.2,1.65,2.25,1.667,2.1,1.685,2.36,1.64,2.2
ATP,2008,51,New York,US Open,2008-08-26,Grand Slam,Outdoor,Hard,1st Round,5,Nieminen J.,Jenkins S.,37.0,196.0,930.0,204.0,6.0,3.0,6.0,3.0,7.0,5.0,,,,,3.0,0.0,Completed,1.28,3.5,1.3,3.53,1.286,3.5,1.333,3.7,1.26,3.7
ATP,2008,51,New York,US Open,2008-08-26,Grand Slam,Outdoor,Hard,1st Round,5,Devilder N.,Andujar P.,63.0,88.0,642.0,501.0,6.0,4.0,6.0,2.0,6.0,2.0,,,,,3.0,0.0,Completed,1.3,3.4,1.3,3.55,1.333,3.25,1.373,3.48,1.32,3.25
ATP,2008,51,New York,US Open,2008-08-26,Grand Slam,Outdoor,Hard,1st Round,5,Chardy J.,Gil F.,80.0,90.0,542.0,495.0,3.0,6.0,6.0,3.0,6.0,2.0,6.0,3.0,,,3.0,1.0,Completed,1.72,2.0,1.65,2.2,1.667,2.1,1.806,2.14,1.74,2.04
ATP,2008,51,New York,US Open,2008-08-26,Grand Slam,Outdoor,Hard,1st Round,5,Seppi A.,Lee H.T.,31.0,101.0,990.0,467.0,6.0,3.0,7.0,5.0,3.0,6.0,3.0,6.0,6.0,3.0,3.0,2.0,Completed,1.25,3.75,1.27,3.81,1.222,4.0,1.319,3.83,1.27,3.6
ATP,2008,51,New York,US Open,2008-08-26,Grand Slam,Outdoor,Hard,1st Round,5,Safin M.,Spadea V.,44.0,110.0,865.0,447.0,3.0,6.0,6.0,2.0,6.0,3.0,4.0,6.0,6.0,4.0,3.0,2.0,Completed,1.25,3.75,1.3,3.55,1.25,3.75,1.316,3.86,1.28,3.55
ATP,2008,51,New York,US Open,2008-08-26,Grand Slam,Outdoor,Hard,1st Round,5,Muller G.,Recouderc L.,130.0,195.0,371.0,205.0,6.0,4.0,6.0,0.0,4.0,6.0,6.0,4.0,,,3.0,1.0,Completed,1.25,3.75,1.3,3.55,1.333,3.25,1.319,3.83,1.25,3.8
ATP,2008,51,New York,US Open,2008-08-26,Grand Slam,Outdoor,Hard,1st Round,5,Gonzalez F.,Navarro-Pastor I.,11.0,75.0,1615.0,560.0,7.0,6.0,6.0,3.0,4.0,6.0,7.0,6.0,,,3.0,1.0,Completed,1.1,6.5,1.1,6.75,1.1,6.5,1.148,7.15,1.1,6.5
ATP,2008,51,New York,US Open,2008-08-26,Grand Slam,Outdoor,Hard,1st Round,5,Verdasco F.,Kunitsyn I.,13.0,72.0,1440.0,581.0,6.0,3.0,6.0,4.0,6.0,1.0,,,,,3.0,0.0,Completed,1.12,5.5,1.15,5.6,1.143,5.0,1.167,6.4,1.13,5.75
ATP,2008,51,New York,US Open,2008-08-26,Grand Slam,Outdoor,Hard,1st Round,5,Robredo T.,Zverev M.,15.0,94.0,1360.0,485.0,7.0,6.0,6.0,2.0,6.0,1.0,,,,,3.0,0.0,Completed,1.38,2.87,1.44,2.8,1.4,2.75,1.488,2.85,1.42,2.78
ATP,2008,51,New York,US Open,2008-08-26,Grand Slam,Outdoor,Hard,1st Round,5,Andreev I.,Gicquel M.,23.0,41.0,1145.0,884.0,7.0,6.0,6.0,4.0,6.0,4.0,,,,,3.0,0.0,Completed,1.36,3.0,1.4,3.0,1.364,3.0,1.4,3.3,1.35,3.1
ATP,2008,51,New York,US Open,2008-08-26,Grand Slam,Outdoor,Hard,1st Round,5,Machado R.,De Voest R.,200.0,148.0,199.0,300.0,6.0,4.0,7.0,6.0,6.0,1.0,,,,,3.0,0.0,Completed,2.75,1.4,2.8,1.44,2.5,1.5,2.72,1.549,2.7,1.44
ATP,2008,51,New York,US Open,2008-08-26,Grand Slam,Outdoor,Hard,1st Round,5,Fish M.,Smeets R.,35.0,154.0,955.0,290.0,7.0,6.0,6.0,7.0,6.0,3.0,6.0,4.0,,,3.0,1.0,Completed,1.08,7.0,1.12,6.35,1.125,5.5,1.132,7.9,1.1,6.75
ATP,2008,51,New York,US Open,2008-08-26,Grand Slam,Outdoor,Hard,1st Round,5,Minar I.,Kiefer N.,81.0,20.0,540.0,1225.0,4.0,6.0,6.0,1.0,6.0,4.0,4.0,1.0,,,2.0,1.0,Retired,5.0,1.14,4.55,1.2,4.5,1.167,5.45,1.206,4.8,1.17
ATP,2008,51,New York,US Open,2008-08-26,Grand Slam,Outdoor,Hard,1st Round,5,Reynolds B.,Zib T.,89.0,292.0,497.0,124.0,6.0,4.0,6.0,7.0,2.0,6.0,6.0,4.0,7.0,6.0,3.0,2.0,Completed,1.28,3.5,1.3,3.55,1.333,3.25,1.392,3.35,1.33,3.2
ATP,2008,51,New York,US Open,2008-08-26,Grand Slam,Outdoor,Hard,1st Round,5,Alves T.,Capdeville P.,137.0,127.0,343.0,383.0,4.0,6.0,1.0,6.0,6.0,1.0,7.0,6.0,6.0,4.0,3.0,2.0,Completed,2.25,1.57,2.4,1.6,2.1,1.667,2.35,1.69,2.18,1.65
ATP,2008,51,New York,US Open,2008-08-26,Grand Slam,Outdoor,Hard,1st Round,5,Mathieu P.H.,Grosjean S.,25.0,70.0,1095.0,586.0,6.0,7.0,7.0,6.0,6.0,3.0,6.0,2.0,,,3.0,1.0,Completed,1.22,4.0,1.27,3.81,1.25,3.75,1.27,4.4,1.23,4.0
ATP,2008,51,New York,US Open,2008-08-27,Grand Slam,Outdoor,Hard,1st Round,5,Federer R.,Gonzalez M.,2.0,118.0,5930.0,416.0,6.0,3.0,6.0,0.0,6.0,3.0,,,,,3.0,0.0,Completed,1.0,21.0,1.01,16.0,1.007,17.0,1.021,33.5,1.01,25.0
ATP,2008,51,New York,US Open,2008-08-27,Grand Slam,Outdoor,Hard,1st Round,5,Calleri A.,Krajicek A.,49.0,892.0,785.0,13.0,6.0,2.0,6.0,2.0,6.0,1.0,,,,,3.0,0.0,Completed,1.07,7.5,1.1,6.75,1.1,6.5,1.111,8.75,1.07,8.0
ATP,2008,51,New York,US Open,2008-08-27,Grand Slam,Outdoor,Hard,1st Round,5,Davydenko N.,Sela D.,5.0,76.0,2700.0,559.0,6.0,3.0,6.0,3.0,6.0,3.0,,,,,3.0,0.0,Completed,1.1,6.5,1.15,5.6,1.125,5.5,1.159,6.7,1.12,6.0
ATP,2008,51,New York,US Open,2008-08-27,Grand Slam,Outdoor,Hard,1st Round,5,Warburg S.,Tipsarevic J.,169.0,45.0,255.0,855.0,6.0,2.0,1.0,0.0,,,,,,,1.0,0.0,Retired,4.5,1.16,4.14,1.24,4.0,1.222,4.65,1.247,3.8,1.25
ATP,2008,51,New York,US Open,2008-08-27,Grand Slam,Outdoor,Hard,1st Round,5,Almagro N.,Dancevic F.,18.0,146.0,1305.0,314.0,6.0,3.0,6.0,4.0,7.0,5.0,,,,,3.0,0.0,Completed,1.7,2.05,1.75,2.05,1.727,2.0,1.901,2.01,1.82,1.94
ATP,2008,51,New York,US Open,2008-08-27,Grand Slam,Outdoor,Hard,1st Round,5,Tsonga J.W.,Ventura S.,19.0,108.0,1265.0,452.0,6.0,7.0,6.0,4.0,6.0,2.0,6.0,3.0,,,3.0,1.0,Completed,1.16,4.5,1.25,3.95,1.222,4.0,1.26,4.55,1.19,4.5
ATP,2008,51,New York,US Open,2008-08-27,Grand Slam,Outdoor,Hard,1st Round,5,Tursunov D.,Schwank E.,27.0,58.0,1053.0,709.0,7.0,5.0,4.0,6.0,7.0,5.0,7.0,6.0,,,3.0,1.0,Completed,1.28,3.5,1.35,3.3,1.286,3.5,1.365,3.54,1.3,3.4
ATP,2008,51,New York,US Open,2008-08-27,Grand Slam,Outdoor,Hard,1st Round,5,Moya C.,Qureshi A.U.H.,42.0,210.0,880.0,188.0,6.0,4.0,6.0,7.0,7.0,6.0,6.0,2.0,,,3.0,1.0,Completed,1.14,5.0,1.2,4.55,1.2,4.333,1.225,5.05,1.18,4.6
ATP,2008,51,New York,US Open,2008-08-27,Grand Slam,Outdoor,Hard,1st Round,5,Cilic M.,Benneteau J.,24.0,57.0,1145.0,710.0,4.0,6.0,7.0,5.0,6.0,3.0,6.0,7.0,6.0,2.0,3.0,2.0,Completed,1.16,4.5,1.2,4.55,1.222,4.0,1.26,4.55,1.22,4.1
ATP,2008,51,New York,US Open,2008-08-27,Grand Slam,Outdoor,Hard,1st Round,5,Hanescu V.,Montanes A.,54.0,59.0,723.0,694.0,7.0,6.0,6.0,3.0,2.0,6.0,6.0,3.0,,,3.0,1.0,Completed,1.36,3.0,1.44,2.8,1.4,2.75,1.418,3.19,1.37,3.0
ATP,2008,51,New York,US Open,2008-08-27,Grand Slam,Outdoor,Hard,1st Round,5,Ginepri R.,Delic A.,61.0,131.0,675.0,358.0,6.0,1.0,6.0,2.0,7.0,6.0,,,,,3.0,0.0,Completed,1.28,3.5,1.32,3.4,1.364,3.0,1.392,3.35,1.35,3.1
ATP,2008,51,New York,US Open,2008-08-27,Grand Slam,Outdoor,Hard,1st Round,5,Stepanek R.,Starace P.,30.0,77.0,1006.0,556.0,7.0,5.0,6.0,3.0,6.0,1.0,,,,,3.0,0.0,Completed,1.22,4.0,1.25,3.97,1.222,4.0,1.301,4.02,1.22,4.1
ATP,2008,51,New York,US Open,2008-08-27,Grand Slam,Outdoor,Hard,1st Round,5,Kendrick R.,Mahut N.,113.0,84.0,433.0,526.0,7.0,6.0,6.0,4.0,5.0,7.0,7.0,5.0,,,3.0,1.0,Completed,2.1,1.66,2.05,1.8,2.0,1.727,2.13,1.813,2.03,1.75
ATP,2008,51,New York,US Open,2008-08-27,Grand Slam,Outdoor,Hard,1st Round,5,Djokovic N.,Clement A.,3.0,78.0,5105.0,555.0,6.0,3.0,6.0,3.0,6.0,4.0,,,,,3.0,0.0,Completed,1.01,13.0,1.04,12.0,1.03,10.0,1.045,18.0,1.03,12.0
ATP,2008,51,New York,US Open,2008-08-27,Grand Slam,Outdoor,Hard,1st Round,5,Guccione C.,Levine J.,87.0,96.0,505.0,484.0,6.0,3.0,3.0,6.0,7.0,6.0,7.0,6.0,,,3.0,1.0,Completed,1.9,1.8,1.95,1.85,1.833,1.833,1.917,1.99,1.94,1.82
ATP,2008,51,New York,US Open,2008-08-27,Grand Slam,Outdoor,Hard,1st Round,5,Gulbis E.,Johansson T.,40.0,66.0,884.0,616.0,7.0,5.0,6.0,1.0,7.0,6.0,,,,,3.0,0.0,Completed,1.2,4.33,1.25,3.95,1.25,3.75,1.282,4.25,1.23,4.0
ATP,2008,51,New York,US Open,2008-08-28,Grand Slam,Outdoor,Hard,1st Round,5,Roddick A.,Santoro F.,8.0,60.0,1845.0,691.0,6.0,2.0,6.0,2.0,6.0,2.0,,,,,3.0,0.0,Completed,1.08,7.0,1.12,6.35,1.083,7.0,1.13,8.02,1.14,5.4
ATP,2008,51,New York,US Open,2008-08-28,Grand Slam,Outdoor,Hard,2nd Round,5,Melzer J.,Vanek J.,48.0,123.0,814.0,392.0,6.0,0.0,6.0,2.0,6.0,2.0,,,,,3.0,0.0,Completed,1.12,5.5,1.18,5.01,1.167,4.5,1.23,4.94,1.17,4.8
ATP,2008,51,New York,US Open,2008-08-28,Grand Slam,Outdoor,Hard,2nd Round,5,Wawrinka S.,Odesnik W.,10.0,114.0,1670.0,424.0,6.0,4.0,7.0,6.0,6.0,2.0,,,,,3.0,0.0,Completed,1.1,6.5,1.15,5.6,1.111,6.0,1.152,7.0,1.12,6.0
ATP,2008,51,New York,US Open,2008-08-28,Grand Slam,Outdoor,Hard,2nd Round,5,Nishikori K.,Karanusic R.,126.0,100.0,386.0,471.0,6.0,1.0,7.0,5.0,,,,,,,2.0,0.0,Retired,1.33,3.25,1.42,2.89,1.4,2.75,1.448,3.03,1.37,3.0
ATP,2008,51,New York,US Open,2008-08-28,Grand Slam,Outdoor,Hard,2nd Round,5,Ferrer D.,Beck A.,4.0,122.0,2865.0,403.0,4.0,6.0,7.0,5.0,6.0,3.0,7.0,6.0,,,3.0,1.0,Completed,1.11,6.0,1.13,5.95,1.111,6.0,1.178,6.13,1.13,5.75
ATP,2008,51,New York,US Open,2008-08-28,Grand Slam,Outdoor,Hard,2nd Round,5,Cipolla F.,Lu Y.H.,142.0,73.0,334.0,571.0,6.0,1.0,4.0,6.0,7.0,6.0,6.0,4.0,,,3.0,1.0,Completed,3.25,1.33,3.17,1.36,2.75,1.4,3.58,1.36,3.1,1.35
ATP,2008,51,New York,US Open,2008-08-28,Grand Slam,Outdoor,Hard,2nd Round,5,Murray A.,Llodra M.,6.0,38.0,2415.0,911.0,6.0,4.0,1.0,6.0,7.0,5.0,7.0,6.0,,,3.0,1.0,Completed,1.05,9.0,1.08,7.94,1.1,6.5,1.09,10.05,1.08,7.5
ATP,2008,51,New York,US Open,2008-08-28,Grand Slam,Outdoor,Hard,2nd Round,5,Fish M.,Mathieu P.H.,35.0,25.0,955.0,1095.0,6.0,2.0,3.0,6.0,6.0,3.0,6.0,4.0,,,3.0,1.0,Completed,2.2,1.61,2.2,1.65,2.2,1.615,2.39,1.671,2.38,1.55
ATP,2008,51,New York,US Open,2008-08-28,Grand Slam,Outdoor,Hard,2nd Round,5,Blake J.,Darcis S.,9.0,62.0,1725.0,675.0,4.0,6.0,6.0,3.0,1.0,0.0,,,,,1.0,1.0,Retired,1.11,6.0,1.13,5.95,1.143,5.0,1.165,6.45,1.15,5.2
ATP,2008,51,New York,US Open,2008-08-28,Grand Slam,Outdoor,Hard,2nd Round,5,Simon G.,Acasuso J.,16.0,52.0,1350.0,736.0,6.0,4.0,6.0,1.0,6.0,4.0,,,,,3.0,0.0,Completed,1.2,4.33,1.28,3.73,1.25,3.75,1.275,4.33,1.25,3.8
ATP,2008,51,New York,US Open,2008-08-28,Grand Slam,Outdoor,Hard,2nd Round,5,Nalbandian D.,Golubev A.,7.0,161.0,1975.0,270.0,6.0,2.0,6.0,4.0,6.0,2.0,,,,,3.0,0.0,Completed,1.06,8.0,1.1,6.75,1.071,7.5,1.12,8.55,1.1,6.75
ATP,2008,51,New York,US Open,2008-08-28,Grand Slam,Outdoor,Hard,2nd Round,5,Karlovic I.,Serra F.,14.0,69.0,1405.0,597.0,7.0,6.0,6.0,4.0,6.0,2.0,,,,,3.0,0.0,Completed,1.33,3.25,1.35,3.3,1.364,3.0,1.379,3.44,1.37,3.0
ATP,2008,51,New York,US Open,2008-08-28,Grand Slam,Outdoor,Hard,2nd Round,5,Monfils G.,Korolev E.,33.0,98.0,963.0,475.0,6.0,2.0,6.0,3.0,3.0,6.0,6.0,4.0,,,3.0,1.0,Completed,1.28,3.5,1.32,3.4,1.333,3.25,1.379,3.44,1.28,3.5
ATP,2008,51,New York,US Open,2008-08-28,Grand Slam,Outdoor,Hard,2nd Round,5,Troicki V.,Kohlschreiber P.,71.0,26.0,583.0,1055.0,2.0,6.0,6.0,3.0,6.0,4.0,3.0,0.0,,,2.0,1.0,Retired,2.75,1.4,2.8,1.45,2.75,1.4,2.78,1.524,2.46,1.52
ATP,2008,51,New York,US Open,2008-08-28,Grand Slam,Outdoor,Hard,2nd Round,5,Del Potro J.M.,Bellucci T.,17.0,86.0,1343.0,510.0,4.0,6.0,6.0,1.0,7.0,5.0,6.0,3.0,,,3.0,1.0,Completed,1.05,9.0,1.1,6.75,1.1,6.5,1.09,10.1,1.08,7.5
ATP,2008,51,New York,US Open,2008-08-28,Grand Slam,Outdoor,Hard,2nd Round,5,Querrey S.,Devilder N.,55.0,63.0,716.0,642.0,7.0,6.0,6.0,4.0,4.0,6.0,6.0,3.0,,,3.0,1.0,Completed,1.12,5.5,1.16,5.29,1.167,4.5,1.187,5.85,1.14,5.5
ATP,2008,51,New York,US Open,2008-08-29,Grand Slam,Outdoor,Hard,2nd Round,5,Nadal R.,De Heart R.,1.0,261.0,6700.0,142.0,6.0,1.0,6.0,2.0,6.0,4.0,,,,,3.0,0.0,Completed,1.005,34.0,1.01,16.0,1.005,21.0,1.017,41.0,1.01,30.0
ATP,2008,51,New York,US Open,2008-08-29,Grand Slam,Outdoor,Hard,2nd Round,5,Nieminen J.,Minar I.,37.0,81.0,930.0,540.0,6.0,7.0,3.0,6.0,6.0,4.0,6.0,3.0,6.0,2.0,3.0,2.0,Completed,1.5,2.5,1.6,2.3,1.5,2.5,1.625,2.5,1.56,2.36
ATP,2008,51,New York,US Open,2008-08-29,Grand Slam,Outdoor,Hard,2nd Round,5,Muller G.,Haas T.,130.0,39.0,371.0,905.0,2.0,6.0,2.0,6.0,7.0,6.0,6.0,3.0,6.0,3.0,3.0,2.0,Completed,6.0,1.11,5.29,1.16,5.0,1.143,6.4,1.167,5.4,1.14
ATP,2008,51,New York,US Open,2008-08-29,Grand Slam,Outdoor,Hard,2nd Round,5,Davydenko N.,Calleri A.,5.0,49.0,2700.0,785.0,6.0,4.0,6.0,4.0,7.0,6.0,,,,,3.0,0.0,Completed,1.14,5.0,1.15,5.6,1.143,5.0,1.179,6.1,1.14,5.5
ATP,2008,51,New York,US Open,2008-08-29,Grand Slam,Outdoor,Hard,2nd Round,5,Gonzalez F.,Reynolds B.,11.0,89.0,1615.0,497.0,7.0,6.0,6.0,4.0,6.0,4.0,,,,,3.0,0.0,Completed,1.16,4.5,1.16,5.29,1.167,4.5,1.198,5.55,1.16,5.0
ATP,2008,51,New York,US Open,2008-08-29,Grand Slam,Outdoor,Hard,2nd Round,5,Tursunov D.,Hanescu V.,27.0,54.0,1053.0,723.0,6.0,7.0,6.0,3.0,6.0,4.0,6.0,2.0,,,3.0,1.0,Completed,1.25,3.75,1.3,3.55,1.286,3.5,1.323,3.8,1.25,3.8
ATP,2008,51,New York,US Open,2008-08-29,Grand Slam,Outdoor,Hard,2nd Round,5,Federer R.,Alves T.,2.0,137.0,5930.0,343.0,6.0,3.0,7.0,5.0,6.0,4.0,,,,,3.0,0.0,Completed,1.0,21.0,1.01,16.0,1.01,17.0,1.015,46.0,1.01,25.0
ATP,2008,51,New York,US Open,2008-08-29,Grand Slam,Outdoor,Hard,2nd Round,5,Cilic M.,Ginepri R.,24.0,61.0,1145.0,675.0,6.0,4.0,2.0,6.0,6.0,2.0,7.0,5.0,,,3.0,1.0,Completed,1.61,2.2,1.75,2.05,1.667,2.1,1.775,2.19,1.8,1.97
ATP,2008,51,New York,US Open,2008-08-29,Grand Slam,Outdoor,Hard,2nd Round,5,Verdasco F.,Machado R.,13.0,200.0,1440.0,199.0,6.0,7.0,7.0,6.0,6.0,4.0,6.0,7.0,6.0,0.0,3.0,2.0,Completed,1.05,9.0,1.1,6.75,1.1,6.5,1.085,10.75,1.08,7.4
ATP,2008,51,New York,US Open,2008-08-29,Grand Slam,Outdoor,Hard,2nd Round,5,Almagro N.,Warburg S.,18.0,169.0,1305.0,255.0,6.0,3.0,6.0,4.0,6.0,4.0,,,,,3.0,0.0,Completed,1.16,4.5,1.2,4.55,1.2,4.333,1.233,4.89,1.22,4.1
ATP,2008,51,New York,US Open,2008-08-29,Grand Slam,Outdoor,Hard,2nd Round,5,Andreev I.,Chardy J.,23.0,80.0,1145.0,542.0,7.0,6.0,6.0,4.0,6.0,3.0,,,,,3.0,0.0,Completed,1.2,4.33,1.24,4.14,1.25,3.75,1.265,4.47,1.23,4.0
ATP,2008,51,New York,US Open,2008-08-29,Grand Slam,Outdoor,Hard,2nd Round,5,Djokovic N.,Kendrick R.,3.0,113.0,5105.0,433.0,7.0,6.0,6.0,4.0,6.0,4.0,,,,,3.0,0.0,Completed,1.01,13.0,1.04,12.0,1.03,10.0,1.044,18.75,1.04,11.0
ATP,2008,51,New York,US Open,2008-08-29,Grand Slam,Outdoor,Hard,2nd Round,5,Stepanek R.,Guccione C.,30.0,87.0,1006.0,505.0,6.0,4.0,6.0,4.0,6.0,7.0,6.0,2.0,,,3.0,1.0,Completed,1.22,4.0,1.25,3.95,1.25,3.75,1.262,4.52,1.23,4.0
ATP,2008,51,New York,US Open,2008-08-29,Grand Slam,Outdoor,Hard,2nd Round,5,Robredo T.,Safin M.,15.0,44.0,1360.0,865.0,4.0,6.0,7.0,6.0,6.0,4.0,6.0,0.0,,,3.0,1.0,Completed,1.66,2.1,1.59,2.38,1.727,2.0,1.806,2.14,1.72,2.08
ATP,2008,51,New York,US Open,2008-08-29,Grand Slam,Outdoor,Hard,2nd Round,5,Seppi A.,Garcia-Lopez G.,31.0,67.0,990.0,606.0,6.0,2.0,4.0,6.0,6.0,2.0,6.0,2.0,,,3.0,1.0,Completed,1.3,3.4,1.35,3.3,1.333,3.25,1.328,3.75,1.3,3.4
ATP,2008,51,New York,US Open,2008-08-29,Grand Slam,Outdoor,Hard,2nd Round,5,Tsonga J.W.,Moya C.,19.0,42.0,1265.0,880.0,4.0,6.0,6.0,3.0,6.0,4.0,6.0,4.0,,,3.0,1.0,Completed,1.61,2.2,1.7,2.15,1.727,2.0,1.741,2.25,1.72,2.08
ATP,2008,51,New York,US Open,2008-08-30,Grand Slam,Outdoor,Hard,2nd Round,5,Roddick A.,Gulbis E.,8.0,40.0,1845.0,884.0,3.0,6.0,7.0,5.0,6.0,2.0,7.0,5.0,,,3.0,1.0,Completed,1.33,3.25,1.4,3.0,1.364,3.0,1.417,3.2,1.38,2.95
ATP,2008,51,New York,US Open,2008-08-30,Grand Slam,Outdoor,Hard,3rd Round,5,Querrey S.,Karlovic I.,55.0,14.0,716.0,1405.0,7.0,6.0,7.0,6.0,6.0,2.0,,,,,3.0,0.0,Completed,2.1,1.66,2.15,1.7,2.25,1.571,2.21,1.763,2.13,1.68
ATP,2008,51,New York,US Open,2008-08-30,Grand Slam,Outdoor,Hard,3rd Round,5,Wawrinka S.,Cipolla F.,10.0,142.0,1670.0,334.0,5.0,7.0,6.0,7.0,6.0,4.0,6.0,0.0,6.0,4.0,3.0,2.0,Completed,1.05,9.0,1.08,7.94,1.071,7.5,1.085,10.75,1.08,7.5
ATP,2008,51,New York,US Open,2008-08-30,Grand Slam,Outdoor,Hard,3rd Round,5,Murray A.,Melzer J.,6.0,48.0,2415.0,814.0,6.0,7.0,4.0,6.0,7.0,6.0,6.0,1.0,6.0,3.0,3.0,2.0,Completed,1.11,6.0,1.16,5.29,1.143,5.0,1.165,6.45,1.15,5.25
ATP,2008,51,New York,US Open,2008-08-30,Grand Slam,Outdoor,Hard,3rd Round,5,Nadal R.,Troicki V.,1.0,71.0,6700.0,583.0,6.0,4.0,6.0,3.0,6.0,0.0,,,,,3.0,0.0,Completed,1.01,13.0,1.02,13.5,1.02,11.0,1.035,22.0,1.04,11.0
ATP,2008,51,New York,US Open,2008-08-30,Grand Slam,Outdoor,Hard,3rd Round,5,Monfils G.,Nalbandian D.,33.0,7.0,963.0,1975.0,6.0,3.0,6.0,4.0,6.0,2.0,,,,,3.0,0.0,Completed,2.25,1.57,2.21,1.67,2.375,1.533,2.42,1.658,2.25,1.62
ATP,2008,51,New York,US Open,2008-08-30,Grand Slam,Outdoor,Hard,3rd Round,5,Del Potro J.M.,Simon G.,17.0,16.0,1343.0,1350.0,6.0,4.0,6.0,7.0,6.0,1.0,3.0,6.0,6.0,3.0,3.0,2.0,Completed,1.44,2.62,1.5,2.55,1.5,2.5,1.571,2.65,1.47,2.6
ATP,2008,51,New York,US Open,2008-08-30,Grand Slam,Outdoor,Hard,3rd Round,5,Nishikori K.,Ferrer D.,126.0,4.0,386.0,2865.0,6.0,4.0,6.0,4.0,3.0,6.0,2.0,6.0,7.0,5.0,3.0,2.0,Completed,3.5,1.28,3.55,1.3,3.5,1.286,4.25,1.282,3.55,1.28
ATP,2008,51,New York,US Open,2008-08-31,Grand Slam,Outdoor,Hard,3rd Round,5,Fish M.,Blake J.,35.0,9.0,955.0,1725.0,6.0,3.0,6.0,3.0,7.0,6.0,,,,,3.0,0.0,Completed,2.87,1.38,2.51,1.54,2.75,1.4,2.83,1.493,2.78,1.42
ATP,2008,51,New York,US Open,2008-08-31,Grand Slam,Outdoor,Hard,3rd Round,5,Muller G.,Almagro N.,130.0,18.0,371.0,1305.0,6.0,7.0,3.0,6.0,7.0,6.0,7.0,6.0,7.0,5.0,3.0,2.0,Completed,3.0,1.36,3.17,1.36,3.0,1.364,3.22,1.413,3.0,1.37
ATP,2008,51,New York,US Open,2008-08-31,Grand Slam,Outdoor,Hard,3rd Round,5,Davydenko N.,Tursunov D.,5.0,27.0,2700.0,1053.0,6.0,2.0,7.0,6.0,6.0,3.0,,,,,3.0,0.0,Completed,1.28,3.5,1.29,3.66,1.286,3.5,1.323,3.8,1.27,3.6
ATP,2008,51,New York,US Open,2008-08-31,Grand Slam,Outdoor,Hard,3rd Round,5,Federer R.,Stepanek R.,2.0,30.0,5930.0,1006.0,6.0,3.0,6.0,3.0,6.0,2.0,,,,,3.0,0.0,Completed,1.12,5.5,1.2,5.0,1.143,5.0,1.14,7.43,1.2,4.4
ATP,2008,51,New York,US Open,2008-08-31,Grand Slam,Outdoor,Hard,3rd Round,5,Roddick A.,Seppi A.,8.0,31.0,1845.0,990.0,6.0,2.0,7.0,5.0,7.0,6.0,,,,,3.0,0.0,Completed,1.12,5.5,1.15,5.6,1.125,5.5,1.194,5.65,1.15,5.2
ATP,2008,51,New York,US Open,2008-08-31,Grand Slam,Outdoor,Hard,3rd Round,5,Andreev I.,Verdasco F.,23.0,13.0,1145.0,1440.0,6.0,2.0,6.0,4.0,6.0,4.0,,,,,3.0,0.0,Completed,1.83,1.83,1.85,1.95,1.909,1.8,2.1,1.833,1.78,2.0
ATP,2008,51,New York,US Open,2008-08-31,Grand Slam,Outdoor,Hard,3rd Round,5,Robredo T.,Tsonga J.W.,15.0,19.0,1360.0,1265.0,7.0,6.0,6.0,2.0,6.0,3.0,,,,,3.0,0.0,Completed,2.25,1.57,2.35,1.6,2.2,1.615,2.31,1.709,2.3,1.6
ATP,2008,51,New York,US Open,2008-09-01,Grand Slam,Outdoor,Hard,3rd Round,5,Gonzalez F.,Nieminen J.,11.0,37.0,1615.0,930.0,7.0,5.0,6.0,4.0,6.0,7.0,6.0,1.0,,,3.0,1.0,Completed,1.33,3.25,1.35,3.3,1.3,3.4,1.272,4.38,1.32,3.3
ATP,2008,51,New York,US Open,2008-09-01,Grand Slam,Outdoor,Hard,3rd Round,5,Djokovic N.,Cilic M.,3.0,24.0,5105.0,1145.0,6.0,7.0,7.0,5.0,6.0,4.0,7.0,6.0,,,3.0,1.0,Completed,1.12,5.5,1.15,5.6,1.125,5.5,1.16,6.65,1.14,5.5
ATP,2008,51,New York,US Open,2008-09-01,Grand Slam,Outdoor,Hard,4th Round,5,Fish M.,Monfils G.,35.0,33.0,955.0,963.0,7.0,5.0,6.0,2.0,6.0,2.0,,,,,3.0,0.0,Completed,2.37,1.53,2.2,1.65,2.2,1.615,2.42,1.658,2.15,1.67
ATP,2008,51,New York,US Open,2008-09-01,Grand Slam,Outdoor,Hard,4th Round,5,Nadal R.,Querrey S.,1.0,55.0,6700.0,716.0,6.0,2.0,5.0,7.0,7.0,6.0,6.0,3.0,,,3.0,1.0,Completed,1.03,11.0,1.05,9.5,1.03,10.0,1.057,14.5,1.04,11.0
ATP,2008,51,New York,US Open,2008-09-01,Grand Slam,Outdoor,Hard,4th Round,5,Del Potro J.M.,Nishikori K.,17.0,126.0,1343.0,386.0,6.0,3.0,6.0,4.0,6.0,3.0,,,,,3.0,0.0,Completed,1.22,4.0,1.24,4.05,1.25,3.75,1.277,4.31,1.24,3.9
ATP,2008,51,New York,US Open,2008-09-02,Grand Slam,Outdoor,Hard,4th Round,5,Murray A.,Wawrinka S.,6.0,10.0,2415.0,1670.0,6.0,1.0,6.0,3.0,6.0,3.0,,,,,3.0,0.0,Completed,1.33,3.25,1.38,3.07,1.4,2.75,1.403,3.28,1.35,3.1
ATP,2008,51,New York,US Open,2008-09-02,Grand Slam,Outdoor,Hard,4th Round,5,Djokovic N.,Robredo T.,3.0,15.0,5105.0,1360.0,4.0,6.0,6.0,2.0,6.0,3.0,5.0,7.0,6.0,3.0,3.0,2.0,Completed,1.07,7.5,1.13,5.95,1.125,5.5,1.139,7.5,1.5,2.52
ATP,2008,51,New York,US Open,2008-09-02,Grand Slam,Outdoor,Hard,4th Round,5,Muller G.,Davydenko N.,130.0,5.0,371.0,2700.0,6.0,4.0,4.0,6.0,6.0,3.0,7.0,6.0,,,3.0,1.0,Completed,7.5,1.07,5.95,1.13,6.0,1.111,7.4,1.141,6.75,1.1
ATP,2008,51,New York,US Open,2008-09-02,Grand Slam,Outdoor,Hard,4th Round,5,Federer R.,Andreev I.,2.0,23.0,5930.0,1145.0,6.0,7.0,7.0,6.0,6.0,3.0,3.0,6.0,6.0,3.0,3.0,2.0,Completed,1.05,9.0,1.1,6.75,1.063,8.0,1.1,9.0,1.08,7.4
ATP,2008,51,New York,US Open,2008-09-03,Grand Slam,Outdoor,Hard,4th Round,5,Roddick A.,Gonzalez F.,8.0,11.0,1845.0,1615.0,6.0,2.0,6.0,4.0,6.0,1.0,,,,,3.0,0.0,Completed,1.38,2.87,1.45,2.85,1.571,2.25,1.541,2.75,1.48,2.55
ATP,2008,51,New York,US Open,2008-09-03,Grand Slam,Outdoor,Hard,Quarterfinals,5,Murray A.,Del Potro J.M.,6.0,17.0,2415.0,1343.0,7.0,6.0,7.0,6.0,4.0,6.0,7.0,5.0,,,3.0,1.0,Completed,1.53,2.5,1.51,2.57,1.44,2.62,1.667,2.32,1.5,2.52
ATP,2008,51,New York,US Open,2008-09-04,Grand Slam,Outdoor,Hard,Quarterfinals,5,Nadal R.,Fish M.,1.0,35.0,6700.0,955.0,3.0,6.0,6.0,1.0,6.0,4.0,6.0,2.0,,,3.0,1.0,Completed,1.08,7.0,1.1,6.75,1.08,7.0,1.211,4.75,1.1,6.75
ATP,2008,51,New York,US Open,2008-09-04,Grand Slam,Outdoor,Hard,Quarterfinals,5,Federer R.,Muller G.,2.0,130.0,5930.0,371.0,7.0,6.0,6.0,4.0,7.0,6.0,,,,,3.0,0.0,Completed,1.03,12.0,1.05,10.5,1.04,9.0,1.063,13.75,1.05,10.0
ATP,2008,51,New York,US Open,2008-09-05,Grand Slam,Outdoor,Hard,Quarterfinals,5,Djokovic N.,Roddick A.,3.0,8.0,5105.0,1845.0,6.0,2.0,6.0,3.0,3.0,6.0,7.0,6.0,,,3.0,1.0,Completed,1.61,2.25,1.7,2.15,1.61,2.2,1.769,2.2,1.72,2.08
ATP,2008,51,New York,US Open,2008-09-06,Grand Slam,Outdoor,Hard,Semifinals,5,Federer R.,Djokovic N.,2.0,3.0,5930.0,5105.0,6.0,3.0,5.0,7.0,7.0,5.0,6.0,2.0,,,3.0,1.0,Completed,1.72,2.1,1.75,2.1,1.72,2.0,1.806,2.14,1.78,2.0
ATP,2008,51,New York,US Open,2008-09-06,Grand Slam,Outdoor,Hard,Semifinals,5,Murray A.,Nadal R.,6.0,1.0,2415.0,6700.0,6.0,2.0,7.0,6.0,4.0,6.0,6.0,4.0,,,3.0,1.0,Completed,3.75,1.28,4.15,1.25,4.0,1.22,4.37,1.272,4.0,1.23
ATP,2008,51,New York,US Open,2008-09-08,Grand Slam,Outdoor,Hard,The Final,5,Federer R.,Murray A.,2.0,6.0,5930.0,2415.0,6.0,2.0,7.0,6.0,6.0,2.0,,,,,3.0,0.0,Completed,1.5,2.75,1.52,2.7,1.444,2.625,1.51,2.81,1.48,2.64
