Tour,Year,ATP,Location,Tournament,Date,Series,Court,Surface,Round,Best of,Winner,Loser,WRank,LRank,WPts,LPts,W1,L1,W2,L2,W3,L3,W4,L4,W5,L5,Wsets,Lsets,Comment,B365W,B365L,EXW,EXL,LBW,LBL,PSW,PSL,SJW,SJL,MaxW,MaxL,AvgW,AvgL
ATP,2014,6,Melbourne,Australian Open,2014-01-13,Grand Slam,Outdoor,Hard,1st Round,5,Dodig I.,Karlovic I.,34,75.0,1190,667.0,7.0,6.0,6.0,3.0,7.0,6.0,,,,,3.0,0.0,Completed,1.53,2.37,1.55,2.4,1.53,2.38,1.51,2.76,1.57,2.38,1.6,2.8,1.5,2.55
ATP,2014,6,Melbourne,Australian Open,2014-01-13,Grand Slam,Outdoor,Hard,1st Round,5,Nieminen J.,Sela D.,39,68.0,1090,706.0,3.0,6.0,7.0,6.0,6.0,7.0,6.0,3.0,6.0,3.0,3.0,2.0,Completed,1.44,2.62,1.5,2.5,1.5,2.5,1.54,2.66,1.5,2.63,1.55,2.74,1.49,2.57
ATP,2014,6,Melbourne,Australian Open,2014-01-13,Grand Slam,Outdoor,Hard,1st Round,5,Youzhny M.,Struff J.L.,15,105.0,2145,527.0,6.0,1.0,6.0,4.0,6.0,2.0,,,,,3.0,0.0,Completed,1.22,4.0,1.28,3.5,1.22,4.0,1.29,4.06,1.22,4.0,1.29,4.5,1.25,3.84
ATP,2014,6,Melbourne,Australian Open,2014-01-13,Grand Slam,Outdoor,Hard,1st Round,5,Falla A.,Kukushkin M.,87,66.0,612,721.0,6.0,7.0,6.0,2.0,6.0,2.0,6.0,3.0,,,3.0,1.0,Completed,1.66,2.1,1.75,2.05,1.67,2.1,1.96,1.94,1.73,2.1,1.98,2.15,1.81,1.96
ATP,2014,6,Melbourne,Australian Open,2014-01-13,Grand Slam,Outdoor,Hard,1st Round,5,Querrey S.,Giraldo S.,51,69.0,915,703.0,6.0,3.0,6.0,2.0,3.0,6.0,7.0,6.0,,,3.0,1.0,Completed,1.36,3.0,1.38,3.0,1.4,2.75,1.45,2.99,1.4,2.88,1.45,3.65,1.39,2.93
ATP,2014,6,Melbourne,Australian Open,2014-01-13,Grand Slam,Outdoor,Hard,1st Round,5,Mannarino A.,Johnson S.,71,147.0,692,378.0,3.0,6.0,6.0,3.0,6.0,0.0,5.0,7.0,6.0,4.0,3.0,2.0,Completed,2.2,1.61,2.15,1.68,2.1,1.67,2.17,1.78,2.1,1.73,2.25,1.81,2.1,1.71
ATP,2014,6,Melbourne,Australian Open,2014-01-13,Grand Slam,Outdoor,Hard,1st Round,5,Wawrinka S.,Golubev A.,8,85.0,3890,620.0,6.0,4.0,4.0,1.0,,,,,,,1.0,0.0,Retired,1.04,13.0,1.05,9.0,1.04,11.0,1.05,14.12,1.04,10.0,1.05,17.0,1.04,11.17
ATP,2014,6,Melbourne,Australian Open,2014-01-13,Grand Slam,Outdoor,Hard,1st Round,5,Dzumhur D.,Hajek J.,188,103.0,272,540.0,6.0,4.0,6.0,2.0,6.0,1.0,,,,,3.0,0.0,Completed,1.5,2.5,1.52,2.45,1.53,2.38,1.49,2.81,1.57,2.38,1.58,2.81,1.5,2.53
ATP,2014,6,Melbourne,Australian Open,2014-01-13,Grand Slam,Outdoor,Hard,1st Round,5,Thiem D.,Sousa J.,136,50.0,422,925.0,5.0,7.0,6.0,4.0,6.0,3.0,7.0,6.0,,,3.0,1.0,Completed,2.0,1.72,2.05,1.75,2.0,1.73,,,2.0,1.8,2.18,1.83,2.03,1.76
ATP,2014,6,Melbourne,Australian Open,2014-01-13,Grand Slam,Outdoor,Hard,1st Round,5,Mayer F.,Kudla D.,37,113.0,1110,497.0,6.0,4.0,6.0,2.0,6.0,4.0,,,,,3.0,0.0,Completed,1.28,3.5,1.28,3.5,1.3,3.4,1.36,3.45,1.33,3.25,1.36,3.65,1.31,3.38
ATP,2014,6,Melbourne,Australian Open,2014-01-13,Grand Slam,Outdoor,Hard,1st Round,5,Ferrer D.,Gonzalez A.,3,74.0,5640,672.0,6.0,3.0,6.0,4.0,6.0,4.0,,,,,3.0,0.0,Completed,1.02,17.0,1.03,11.0,1.03,12.0,1.03,17.5,1.02,13.0,1.04,21.0,1.02,12.96
ATP,2014,6,Melbourne,Australian Open,2014-01-13,Grand Slam,Outdoor,Hard,1st Round,5,Anderson K.,Vesely J.,21,83.0,1580,636.0,2.0,6.0,6.0,7.0,6.0,4.0,6.0,4.0,6.0,4.0,3.0,2.0,Completed,1.33,3.25,1.33,3.2,1.33,3.25,1.33,3.64,1.36,3.0,1.43,3.64,1.34,3.21
ATP,2014,6,Melbourne,Australian Open,2014-01-13,Grand Slam,Outdoor,Hard,1st Round,5,Gulbis E.,Monaco J.,24,42.0,1418,1015.0,1.0,6.0,6.0,4.0,7.0,6.0,6.0,2.0,,,3.0,1.0,Completed,1.16,5.0,1.17,4.75,1.22,4.0,1.19,5.42,1.22,4.0,1.22,5.7,1.18,4.75
ATP,2014,6,Melbourne,Australian Open,2014-01-13,Grand Slam,Outdoor,Hard,1st Round,5,De Schepper K.,Wu D.,86,203.0,617,246.0,7.0,5.0,7.0,5.0,7.0,6.0,,,,,3.0,0.0,Completed,1.83,1.83,1.88,1.88,1.8,1.91,2.02,1.88,1.91,1.91,2.02,1.94,1.88,1.87
ATP,2014,6,Melbourne,Australian Open,2014-01-13,Grand Slam,Outdoor,Hard,1st Round,5,Gasquet R.,Guez D.,9,176.0,3140,286.0,7.0,5.0,6.0,4.0,6.0,1.0,,,,,3.0,0.0,Completed,1.06,10.0,1.04,10.0,1.03,10.0,1.05,13.0,1.04,10.0,1.07,15.0,1.05,10.39
ATP,2014,6,Melbourne,Australian Open,2014-01-13,Grand Slam,Outdoor,Hard,1st Round,5,Berdych T.,Nedovyesov A.,7,94.0,4180,586.0,6.0,3.0,6.0,4.0,6.0,3.0,,,,,3.0,0.0,Completed,1.01,23.0,1.02,12.0,1.03,12.0,1.02,22.73,1.02,15.0,1.03,27.25,1.02,16.27
ATP,2014,6,Melbourne,Australian Open,2014-01-13,Grand Slam,Outdoor,Hard,1st Round,5,Ebden M.,Mahut N.,67,46.0,711,958.0,6.0,3.0,7.0,5.0,4.0,6.0,0.0,6.0,6.0,3.0,3.0,2.0,Completed,2.37,1.53,2.4,1.55,2.38,1.53,2.49,1.61,2.38,1.57,2.7,1.61,2.4,1.55
ATP,2014,6,Melbourne,Australian Open,2014-01-13,Grand Slam,Outdoor,Hard,1st Round,5,Chardy J.,Huta Galung J.,31,100.0,1255,557.0,6.0,2.0,6.0,4.0,6.0,4.0,,,,,3.0,0.0,Completed,1.1,7.0,1.1,6.5,1.1,6.5,1.16,6.17,1.11,6.5,1.16,7.5,1.12,6.12
ATP,2014,6,Melbourne,Australian Open,2014-01-13,Grand Slam,Outdoor,Hard,1st Round,5,Fognini F.,Bogomolov A.,16,89.0,1930,611.0,6.0,3.0,6.0,2.0,,,,,,,2.0,0.0,Retired,1.66,2.1,1.75,2.05,1.73,2.0,1.75,2.21,1.73,2.1,1.83,2.42,1.73,2.08
ATP,2014,6,Melbourne,Australian Open,2014-01-13,Grand Slam,Outdoor,Hard,1st Round,5,Mayer L.,Montanes A.,98,60.0,579,766.0,6.0,1.0,6.0,3.0,6.0,1.0,,,,,3.0,0.0,Completed,1.36,3.0,1.4,2.9,1.4,2.75,1.34,3.6,1.33,3.25,1.4,3.6,1.35,3.13
ATP,2014,6,Melbourne,Australian Open,2014-01-13,Grand Slam,Outdoor,Hard,1st Round,5,Benneteau J.,Carreno-Busta P.,38,63.0,1090,739.0,6.0,3.0,3.0,6.0,4.0,6.0,6.0,1.0,6.0,2.0,3.0,2.0,Completed,1.3,3.4,1.33,3.2,1.29,3.5,1.33,3.64,1.33,3.25,1.34,3.75,1.31,3.39
ATP,2014,6,Melbourne,Australian Open,2014-01-13,Grand Slam,Outdoor,Hard,1st Round,5,Robredo T.,Rosol L.,18,47.0,1810,956.0,6.0,1.0,6.0,7.0,3.0,6.0,7.0,6.0,8.0,6.0,3.0,2.0,Completed,1.8,1.9,1.88,1.88,1.73,2.0,1.91,2.0,1.8,2.0,1.97,2.02,1.84,1.92
ATP,2014,6,Melbourne,Australian Open,2014-01-13,Grand Slam,Outdoor,Hard,1st Round,5,Roger-Vasselin E.,Berlocq C.,40,41.0,1038,1020.0,6.0,4.0,7.0,6.0,6.0,7.0,6.0,2.0,,,3.0,1.0,Completed,1.36,3.0,1.4,2.9,1.36,3.0,1.38,3.31,1.4,2.88,1.46,3.31,1.39,2.93
ATP,2014,6,Melbourne,Australian Open,2014-01-13,Grand Slam,Outdoor,Hard,1st Round,5,Garcia-Lopez G.,Haas T.,58,12.0,801,2435.0,7.0,5.0,5.0,2.0,,,,,,,1.0,0.0,Retired,2.5,1.5,2.5,1.5,2.62,1.44,2.81,1.5,2.75,1.44,2.81,1.58,2.54,1.5
ATP,2014,6,Melbourne,Australian Open,2014-01-13,Grand Slam,Outdoor,Hard,1st Round,5,Janowicz J.,Thompson J.,20,319.0,1615,139.0,1.0,6.0,4.0,6.0,6.0,4.0,6.0,2.0,6.0,1.0,3.0,2.0,Completed,1.25,3.75,1.28,3.5,1.29,3.75,1.29,3.97,1.25,3.75,1.32,4.05,1.27,3.63
ATP,2014,6,Melbourne,Australian Open,2014-01-13,Grand Slam,Outdoor,Hard,1st Round,5,Pospisil V.,Groth S.,30,157.0,1289,334.0,6.0,4.0,6.0,3.0,6.0,4.0,,,,,3.0,0.0,Completed,1.4,2.75,1.45,2.7,1.4,2.75,1.43,3.07,1.44,2.75,1.47,3.07,1.43,2.77
ATP,2014,6,Melbourne,Australian Open,2014-01-13,Grand Slam,Outdoor,Hard,1st Round,5,Andujar P.,Ramos A.,48,84.0,946,626.0,6.0,4.0,6.0,2.0,6.0,4.0,,,,,3.0,0.0,Completed,2.37,1.53,2.6,1.48,2.5,1.5,2.53,1.6,2.38,1.57,2.6,1.7,2.43,1.54
ATP,2014,6,Melbourne,Australian Open,2014-01-13,Grand Slam,Outdoor,Hard,1st Round,5,Davydenko N.,Kubot L.,61,72.0,760,686.0,3.0,6.0,6.0,3.0,3.0,6.0,6.0,3.0,6.0,4.0,3.0,2.0,Completed,1.57,2.25,1.6,2.3,1.57,2.25,1.63,2.44,1.62,2.25,1.65,2.45,1.59,2.31
ATP,2014,6,Melbourne,Australian Open,2014-01-13,Grand Slam,Outdoor,Hard,1st Round,5,Dolgopolov O.,Berankis R.,56,128.0,825,433.0,7.0,5.0,7.0,5.0,6.0,2.0,,,,,3.0,0.0,Completed,1.33,3.25,1.35,3.1,1.36,3.0,1.46,2.94,1.4,2.88,1.46,3.25,1.37,3.04
ATP,2014,6,Melbourne,Australian Open,2014-01-13,Grand Slam,Outdoor,Hard,1st Round,5,Tursunov D.,Russell M.,26,92.0,1314,594.0,6.0,2.0,6.0,2.0,6.0,3.0,,,,,3.0,0.0,Completed,1.11,6.5,1.13,5.5,1.14,5.0,1.13,7.07,1.17,5.0,1.17,7.07,1.13,5.95
ATP,2014,6,Melbourne,Australian Open,2014-01-13,Grand Slam,Outdoor,Hard,1st Round,5,Djokovic N.,Lacko L.,2,96.0,12260,582.0,6.0,3.0,7.0,6.0,6.0,1.0,,,,,3.0,0.0,Completed,1.0,41.0,1.01,13.0,1.0,34.0,,,1.01,21.0,1.01,86.0,1.01,26.85
ATP,2014,6,Melbourne,Australian Open,2014-01-13,Grand Slam,Outdoor,Hard,1st Round,5,Istomin D.,Baghdatis M.,49,108.0,945,515.0,6.0,4.0,7.0,5.0,6.0,4.0,,,,,3.0,0.0,Completed,1.57,2.25,1.62,2.25,1.62,2.2,1.66,2.37,1.62,2.25,1.69,2.48,1.61,2.28
ATP,2014,6,Melbourne,Australian Open,2014-01-14,Grand Slam,Outdoor,Hard,1st Round,5,Lajovic D.,Pouille L.,117,193.0,483,262.0,6.0,4.0,7.0,6.0,4.0,6.0,6.0,3.0,,,3.0,1.0,Completed,1.4,2.75,1.45,2.7,1.44,2.62,1.52,2.73,1.44,2.75,1.53,2.95,1.46,2.66
ATP,2014,6,Melbourne,Australian Open,2014-01-14,Grand Slam,Outdoor,Hard,1st Round,5,Dimitrov G.,Klahn B.,22,93.0,1460,592.0,6.0,7.0,6.0,4.0,6.0,4.0,6.0,3.0,,,3.0,1.0,Completed,1.18,4.5,1.2,4.3,1.2,4.33,1.19,5.33,1.22,4.0,1.22,5.5,1.19,4.6
ATP,2014,6,Melbourne,Australian Open,2014-01-14,Grand Slam,Outdoor,Hard,1st Round,5,Nishikori K.,Matosevic M.,17,54.0,1915,856.0,6.0,3.0,5.0,7.0,6.0,2.0,4.0,6.0,6.0,2.0,3.0,2.0,Completed,1.22,4.0,1.25,3.75,1.29,3.5,1.27,4.18,1.29,3.5,1.29,4.3,1.25,3.85
ATP,2014,6,Melbourne,Australian Open,2014-01-14,Grand Slam,Outdoor,Hard,1st Round,5,Przysiezny M.,Zeballos H.,64,65.0,730,730.0,6.0,3.0,7.0,6.0,7.0,5.0,,,,,3.0,0.0,Completed,1.5,2.5,1.5,2.5,1.44,2.62,1.58,2.55,1.5,2.63,1.58,2.64,1.52,2.49
ATP,2014,6,Melbourne,Australian Open,2014-01-14,Grand Slam,Outdoor,Hard,1st Round,5,Raonic M.,Gimeno-Traver D.,11,77.0,2860,662.0,7.0,6.0,6.0,1.0,4.0,6.0,6.0,2.0,,,3.0,1.0,Completed,1.04,13.0,1.02,12.0,1.02,11.0,1.04,15.0,1.03,11.0,1.05,15.0,1.03,12.02
ATP,2014,6,Melbourne,Australian Open,2014-01-14,Grand Slam,Outdoor,Hard,1st Round,5,Lu Y.H.,Wang J.,53,173.0,860,302.0,6.0,3.0,6.0,2.0,6.0,1.0,,,,,3.0,0.0,Completed,1.22,4.0,1.25,3.75,1.22,4.0,1.26,4.38,1.22,4.0,1.28,4.4,1.23,3.98
ATP,2014,6,Melbourne,Australian Open,2014-01-14,Grand Slam,Outdoor,Hard,1st Round,5,Hanescu V.,Gojowczyk P.,76,135.0,665,423.0,7.0,6.0,7.0,6.0,6.0,3.0,,,,,3.0,0.0,Completed,2.75,1.4,2.8,1.42,2.62,1.44,3.19,1.41,2.75,1.44,3.2,1.52,2.79,1.42
ATP,2014,6,Melbourne,Australian Open,2014-01-14,Grand Slam,Outdoor,Hard,1st Round,5,Robert S.,Bedene A.,119,104.0,479,528.0,7.0,6.0,6.0,3.0,6.0,0.0,,,,,3.0,0.0,Completed,,,,,,,,,,,,,,
ATP,2014,6,Melbourne,Australian Open,2014-01-14,Grand Slam,Outdoor,Hard,1st Round,5,Klizan M.,Isner J.,106,13.0,518,2310.0,6.0,2.0,7.0,6.0,,,,,,,2.0,0.0,Retired,7.0,1.1,5.5,1.13,5.5,1.12,6.94,1.14,6.0,1.13,7.9,1.15,5.91,1.12
ATP,2014,6,Melbourne,Australian Open,2014-01-14,Grand Slam,Outdoor,Hard,1st Round,5,Tsonga J.W.,Volandri F.,10,70.0,3065,694.0,7.0,5.0,6.0,3.0,6.0,3.0,,,,,3.0,0.0,Completed,,,1.01,13.0,1.01,26.0,,,1.01,17.0,1.02,33.5,1.01,18.5
ATP,2014,6,Melbourne,Australian Open,2014-01-14,Grand Slam,Outdoor,Hard,1st Round,5,Rola B.,Delbonis F.,185,55.0,276,826.0,6.0,4.0,6.0,2.0,7.0,5.0,,,,,3.0,0.0,Completed,1.66,2.1,1.68,2.15,1.67,2.1,1.74,2.22,1.67,2.2,1.77,2.26,1.68,2.14
ATP,2014,6,Melbourne,Australian Open,2014-01-14,Grand Slam,Outdoor,Hard,1st Round,5,Federer R.,Duckworth J.,6,133.0,4355,425.0,6.0,4.0,6.0,4.0,6.0,2.0,,,,,3.0,0.0,Completed,1.01,21.0,1.01,13.0,1.02,17.0,,,1.01,17.0,1.03,27.25,1.02,15.89
ATP,2014,6,Melbourne,Australian Open,2014-01-14,Grand Slam,Outdoor,Hard,1st Round,5,Gabashvili T.,Stakhovsky S.,79,82.0,651,636.0,6.0,7.0,6.0,4.0,6.0,2.0,6.0,0.0,,,3.0,1.0,Completed,4.5,1.18,4.0,1.22,4.0,1.22,4.84,1.22,4.0,1.22,5.3,1.25,4.32,1.21
ATP,2014,6,Melbourne,Australian Open,2014-01-14,Grand Slam,Outdoor,Hard,1st Round,5,Kavcic B.,Stepanek R.,99,44.0,559,995.0,6.0,7.0,4.0,6.0,6.0,1.0,2.0,0.0,,,1.0,2.0,Retired,3.5,1.28,3.4,1.3,3.75,1.25,3.66,1.33,3.75,1.25,3.75,1.36,3.46,1.3
ATP,2014,6,Melbourne,Australian Open,2014-01-14,Grand Slam,Outdoor,Hard,1st Round,5,Bellucci T.,Reister J.,129,88.0,430,612.0,4.0,6.0,6.0,3.0,7.0,6.0,,,,,2.0,1.0,Retired,1.28,3.5,1.3,3.4,1.36,3.0,1.32,3.74,1.33,3.25,1.36,4.05,1.3,3.43
ATP,2014,6,Melbourne,Australian Open,2014-01-14,Grand Slam,Outdoor,Hard,1st Round,5,Paire B.,Dancevic F.,28,122.0,1300,460.0,7.0,6.0,6.0,3.0,6.0,4.0,,,,,3.0,0.0,Completed,1.33,3.25,1.35,3.1,1.4,2.75,1.39,3.3,1.4,2.88,1.4,3.45,1.37,3.01
ATP,2014,6,Melbourne,Australian Open,2014-01-14,Grand Slam,Outdoor,Hard,1st Round,5,Kyrgios N.,Becker B.,183,81.0,277,640.0,6.0,3.0,6.0,7.0,6.0,2.0,7.0,6.0,,,3.0,1.0,Completed,2.0,1.72,1.85,1.9,1.83,1.83,2.14,1.79,1.91,1.91,2.15,1.96,1.96,1.81
ATP,2014,6,Melbourne,Australian Open,2014-01-14,Grand Slam,Outdoor,Hard,1st Round,5,Verdasco F.,Zhang Z.,33,253.0,1235,182.0,5.0,7.0,6.0,3.0,6.0,2.0,6.0,3.0,,,3.0,1.0,Completed,1.1,7.0,1.13,5.5,1.11,6.0,1.11,8.23,1.1,7.0,1.15,8.7,1.11,6.44
ATP,2014,6,Melbourne,Australian Open,2014-01-14,Grand Slam,Outdoor,Hard,1st Round,5,Seppi A.,Hewitt L.,25,43.0,1360,1010.0,7.0,6.0,6.0,3.0,5.0,7.0,5.0,7.0,7.0,5.0,3.0,2.0,Completed,4.0,1.22,4.0,1.22,4.33,1.22,4.14,1.28,4.0,1.22,4.33,1.29,3.98,1.24
ATP,2014,6,Melbourne,Australian Open,2014-01-14,Grand Slam,Outdoor,Hard,1st Round,5,Berrer M.,Llodra M.,144,102.0,391,541.0,6.0,4.0,7.0,5.0,6.0,1.0,,,,,3.0,0.0,Completed,1.61,2.2,1.6,2.3,1.67,2.1,1.7,2.29,1.73,2.1,1.74,2.38,1.65,2.2
ATP,2014,6,Melbourne,Australian Open,2014-01-14,Grand Slam,Outdoor,Hard,1st Round,5,Bautista R.,Smyczek T.,62,90.0,750,600.0,6.0,2.0,6.0,1.0,6.0,1.0,,,,,3.0,0.0,Completed,1.22,4.0,1.3,3.4,1.33,3.25,1.28,4.1,1.29,3.5,1.34,4.2,1.28,3.6
ATP,2014,6,Melbourne,Australian Open,2014-01-14,Grand Slam,Outdoor,Hard,1st Round,5,Del Potro J.M.,Williams R.,5,130.0,5415,428.0,6.0,7.0,6.0,3.0,6.0,4.0,6.0,4.0,,,3.0,1.0,Completed,1.01,26.0,1.02,12.0,1.03,12.0,,,1.02,13.0,1.03,30.25,1.02,15.04
ATP,2014,6,Melbourne,Australian Open,2014-01-14,Grand Slam,Outdoor,Hard,1st Round,5,Millot V.,Odesnik W.,267,139.0,170,410.0,7.0,5.0,4.0,6.0,6.0,7.0,6.0,1.0,6.0,3.0,3.0,2.0,Completed,3.0,1.36,2.6,1.48,2.5,1.5,3.07,1.43,2.75,1.44,3.2,1.5,2.76,1.44
ATP,2014,6,Melbourne,Australian Open,2014-01-14,Grand Slam,Outdoor,Hard,1st Round,5,Lopez F.,Devvarman S.,27,97.0,1310,579.0,6.0,4.0,6.0,4.0,7.0,6.0,,,,,3.0,0.0,Completed,1.2,4.33,1.22,4.0,1.2,4.33,1.24,4.54,1.22,4.0,1.27,4.65,1.23,4.09
ATP,2014,6,Melbourne,Australian Open,2014-01-14,Grand Slam,Outdoor,Hard,1st Round,5,Young D.,Haase R.,91,45.0,595,977.0,6.0,7.0,7.0,6.0,6.0,2.0,1.0,0.0,,,2.0,1.0,Retired,2.2,1.61,2.15,1.68,2.1,1.67,2.21,1.75,2.2,1.67,2.35,1.75,2.2,1.66
ATP,2014,6,Melbourne,Australian Open,2014-01-14,Grand Slam,Outdoor,Hard,1st Round,5,Simon G.,Brands D.,19,59.0,1790,779.0,6.0,7.0,6.0,4.0,3.0,6.0,6.0,3.0,16.0,14.0,3.0,2.0,Completed,3.0,1.36,1.8,2.0,3.0,1.36,2.91,1.47,2.88,1.4,3.05,1.5,2.83,1.42
ATP,2014,6,Melbourne,Australian Open,2014-01-14,Grand Slam,Outdoor,Hard,1st Round,5,Sock J.,Kamke T.,95,78.0,582,651.0,7.0,6.0,5.0,7.0,6.0,2.0,6.0,4.0,,,3.0,1.0,Completed,2.5,1.5,2.3,1.6,2.2,1.62,2.47,1.61,2.25,1.62,2.55,1.64,2.34,1.58
ATP,2014,6,Melbourne,Australian Open,2014-01-14,Grand Slam,Outdoor,Hard,1st Round,5,Murray A.,Soeda G.,4,112.0,5560,498.0,6.0,1.0,6.0,1.0,6.0,3.0,,,,,3.0,0.0,Completed,1.02,17.0,1.01,13.0,1.02,15.0,1.03,20.0,1.02,13.0,1.04,22.0,1.02,14.2
ATP,2014,6,Melbourne,Australian Open,2014-01-14,Grand Slam,Outdoor,Hard,1st Round,5,Kokkinakis T.,Sijsling I.,570,73.0,53,681.0,7.0,6.0,0.0,6.0,7.0,6.0,6.0,2.0,,,3.0,1.0,Completed,2.37,1.53,2.45,1.52,2.38,1.53,2.55,1.58,2.5,1.53,2.62,1.62,2.41,1.55
ATP,2014,6,Melbourne,Australian Open,2014-01-14,Grand Slam,Outdoor,Hard,1st Round,5,Cilic M.,Granollers M.,36,222.0,1130,215.0,4.0,6.0,4.0,6.0,6.0,3.0,6.0,3.0,6.0,2.0,3.0,2.0,Completed,1.16,5.0,1.18,4.5,1.22,4.0,1.2,5.17,1.22,4.0,1.23,5.3,1.19,4.51
ATP,2014,6,Melbourne,Australian Open,2014-01-14,Grand Slam,Outdoor,Hard,1st Round,5,Monfils G.,Harrison R.,32,110.0,1245,504.0,6.0,4.0,6.0,4.0,6.0,4.0,,,,,3.0,0.0,Completed,1.11,6.5,1.13,5.5,1.14,5.5,1.15,6.34,1.13,6.0,1.15,7.9,1.12,5.95
ATP,2014,6,Melbourne,Australian Open,2014-01-14,Grand Slam,Outdoor,Hard,1st Round,5,Nadal R.,Tomic B.,1,57.0,13130,810.0,6.0,4.0,,,,,,,,,1.0,0.0,Retired,1.04,13.0,1.05,9.0,1.06,9.0,1.06,12.25,1.05,9.0,1.07,13.25,1.05,10.2
ATP,2014,6,Melbourne,Australian Open,2014-01-15,Grand Slam,Outdoor,Hard,2nd Round,5,Berdych T.,De Schepper K.,7,86.0,4180,617.0,6.0,4.0,6.0,1.0,6.0,3.0,,,,,3.0,0.0,Completed,1.02,19.0,1.03,11.0,1.03,12.0,,,1.03,11.0,1.04,23.0,1.03,13.19
ATP,2014,6,Melbourne,Australian Open,2014-01-15,Grand Slam,Outdoor,Hard,2nd Round,5,Dzumhur D.,Dodig I.,188,34.0,272,1190.0,4.0,6.0,4.0,6.0,6.0,3.0,4.0,1.0,,,1.0,2.0,Retired,5.5,1.14,5.25,1.15,5.0,1.14,5.99,1.17,5.0,1.17,6.0,1.2,5.12,1.16
ATP,2014,6,Melbourne,Australian Open,2014-01-15,Grand Slam,Outdoor,Hard,2nd Round,5,Mayer F.,Youzhny M.,37,15.0,1110,2145.0,6.0,4.0,3.0,6.0,6.0,3.0,3.0,6.0,6.0,3.0,3.0,2.0,Completed,2.5,1.5,2.25,1.62,2.25,1.57,2.5,1.6,2.2,1.67,2.6,1.67,2.36,1.57
ATP,2014,6,Melbourne,Australian Open,2014-01-15,Grand Slam,Outdoor,Hard,2nd Round,5,Gasquet R.,Davydenko N.,9,61.0,3140,760.0,7.0,6.0,6.0,4.0,6.0,4.0,,,,,3.0,0.0,Completed,1.18,4.5,1.22,4.0,1.25,3.75,1.23,4.73,1.22,4.0,1.27,5.5,1.21,4.26
ATP,2014,6,Melbourne,Australian Open,2014-01-15,Grand Slam,Outdoor,Hard,2nd Round,5,Janowicz J.,Andujar P.,20,48.0,1615,946.0,4.0,6.0,7.0,6.0,7.0,6.0,6.0,3.0,,,3.0,1.0,Completed,1.25,3.75,1.3,3.4,1.29,3.5,1.3,3.94,1.29,3.5,1.34,4.23,1.29,3.56
ATP,2014,6,Melbourne,Australian Open,2014-01-15,Grand Slam,Outdoor,Hard,2nd Round,5,Ferrer D.,Mannarino A.,3,71.0,5640,692.0,7.0,6.0,5.0,7.0,6.0,0.0,6.0,3.0,,,3.0,1.0,Completed,1.04,13.0,1.05,9.0,1.05,10.0,1.04,15.0,1.05,9.0,1.07,15.0,1.04,10.7
ATP,2014,6,Melbourne,Australian Open,2014-01-15,Grand Slam,Outdoor,Hard,2nd Round,5,Chardy J.,Dolgopolov O.,31,56.0,1255,825.0,7.0,5.0,7.0,6.0,6.0,7.0,7.0,6.0,,,3.0,1.0,Completed,2.1,1.66,2.15,1.68,2.2,1.62,2.24,1.73,2.1,1.73,2.25,1.79,2.15,1.68
ATP,2014,6,Melbourne,Australian Open,2014-01-15,Grand Slam,Outdoor,Hard,2nd Round,5,Robredo T.,Benneteau J.,18,38.0,1810,1090.0,6.0,3.0,6.0,7.0,6.0,1.0,7.0,6.0,,,3.0,1.0,Completed,1.72,2.0,1.8,2.0,1.83,1.83,1.91,2.0,1.8,2.0,1.91,2.12,1.8,1.97
ATP,2014,6,Melbourne,Australian Open,2014-01-15,Grand Slam,Outdoor,Hard,2nd Round,5,Djokovic N.,Mayer L.,2,98.0,12260,579.0,6.0,0.0,6.0,4.0,6.0,4.0,,,,,3.0,0.0,Completed,1.002,34.0,1.01,13.0,1.0,34.0,1.01,51.0,1.01,21.0,1.01,51.0,1.01,23.19
ATP,2014,6,Melbourne,Australian Open,2014-01-15,Grand Slam,Outdoor,Hard,2nd Round,5,Istomin D.,Tursunov D.,49,26.0,945,1314.0,7.0,6.0,4.0,6.0,6.0,1.0,6.0,4.0,,,3.0,1.0,Completed,2.0,1.72,2.05,1.75,2.0,1.73,2.12,1.81,2.0,1.8,2.18,1.81,2.05,1.74
ATP,2014,6,Melbourne,Australian Open,2014-01-15,Grand Slam,Outdoor,Hard,2nd Round,5,Roger-Vasselin E.,Garcia-Lopez G.,40,58.0,1038,801.0,7.0,6.0,6.0,4.0,4.0,6.0,6.0,1.0,,,3.0,1.0,Completed,2.1,1.66,2.2,1.65,2.0,1.73,2.2,1.75,2.1,1.73,2.3,1.75,2.12,1.7
ATP,2014,6,Melbourne,Australian Open,2014-01-15,Grand Slam,Outdoor,Hard,2nd Round,5,Querrey S.,Gulbis E.,51,24.0,915,1418.0,6.0,2.0,6.0,3.0,6.0,4.0,,,,,3.0,0.0,Completed,2.75,1.4,2.6,1.48,2.62,1.5,2.8,1.5,2.63,1.5,2.88,1.53,2.63,1.47
ATP,2014,6,Melbourne,Australian Open,2014-01-15,Grand Slam,Outdoor,Hard,2nd Round,5,Anderson K.,Thiem D.,21,136.0,1580,422.0,6.0,4.0,6.0,3.0,6.0,4.0,,,,,3.0,0.0,Completed,1.44,2.62,1.5,2.5,1.44,2.62,1.45,2.99,1.5,2.63,1.55,2.99,1.47,2.65
ATP,2014,6,Melbourne,Australian Open,2014-01-15,Grand Slam,Outdoor,Hard,2nd Round,5,Fognini F.,Nieminen J.,16,39.0,1930,1090.0,7.0,5.0,6.0,4.0,3.0,6.0,6.0,2.0,,,3.0,1.0,Completed,1.72,2.0,1.7,2.1,1.73,2.0,1.92,1.99,1.8,2.0,1.92,2.15,1.77,2.01
ATP,2014,6,Melbourne,Australian Open,2014-01-15,Grand Slam,Outdoor,Hard,2nd Round,5,Wawrinka S.,Falla A.,8,87.0,3890,612.0,6.0,3.0,6.0,3.0,6.0,7.0,6.0,4.0,,,3.0,1.0,Completed,1.07,9.0,1.07,8.0,1.08,8.0,1.09,9.16,1.06,8.5,1.12,9.5,1.07,8.02
ATP,2014,6,Melbourne,Australian Open,2014-01-15,Grand Slam,Outdoor,Hard,2nd Round,5,Pospisil V.,Ebden M.,30,67.0,1289,711.0,3.0,6.0,7.0,6.0,7.0,6.0,6.0,1.0,,,3.0,1.0,Completed,1.4,2.75,1.42,2.8,1.4,3.0,1.46,2.95,1.4,2.88,1.48,3.2,1.41,2.82
ATP,2014,6,Melbourne,Australian Open,2014-01-16,Grand Slam,Outdoor,Hard,2nd Round,5,Nishikori K.,Lajovic D.,17,117.0,1915,483.0,6.0,1.0,6.0,1.0,7.0,6.0,,,,,3.0,0.0,Completed,1.07,9.0,1.07,8.0,1.08,7.0,1.09,8.95,1.07,8.0,1.1,12.0,1.07,8.31
ATP,2014,6,Melbourne,Australian Open,2014-01-16,Grand Slam,Outdoor,Hard,2nd Round,5,Young D.,Seppi A.,91,25.0,595,1360.0,6.0,4.0,2.0,6.0,6.0,3.0,4.0,6.0,7.0,5.0,3.0,2.0,Completed,2.62,1.44,2.6,1.48,2.75,1.4,3.14,1.42,2.75,1.44,2.95,1.53,2.67,1.46
ATP,2014,6,Melbourne,Australian Open,2014-01-16,Grand Slam,Outdoor,Hard,2nd Round,5,Klizan M.,Rola B.,106,185.0,518,276.0,6.0,4.0,6.0,3.0,5.0,7.0,7.0,6.0,,,3.0,1.0,Completed,1.57,2.25,1.62,2.25,1.57,2.25,1.69,2.31,1.62,2.25,1.69,2.45,1.6,2.3
ATP,2014,6,Melbourne,Australian Open,2014-01-16,Grand Slam,Outdoor,Hard,2nd Round,5,Tsonga J.W.,Bellucci T.,10,129.0,3065,430.0,7.0,6.0,6.0,4.0,6.0,4.0,,,,,3.0,0.0,Completed,1.06,10.0,1.08,7.5,1.07,8.5,1.08,9.65,1.07,8.0,1.1,11.5,1.07,8.61
ATP,2014,6,Melbourne,Australian Open,2014-01-16,Grand Slam,Outdoor,Hard,2nd Round,5,Robert S.,Przysiezny M.,119,64.0,479,730.0,7.0,6.0,6.0,1.0,6.0,7.0,6.0,1.0,,,3.0,1.0,Completed,2.5,1.5,2.6,1.48,2.38,1.53,2.64,1.55,2.63,1.5,2.88,1.55,2.56,1.49
ATP,2014,6,Melbourne,Australian Open,2014-01-16,Grand Slam,Outdoor,Hard,2nd Round,5,Federer R.,Kavcic B.,6,99.0,4355,559.0,6.0,2.0,6.0,1.0,7.0,6.0,,,,,3.0,0.0,Completed,1.02,19.0,1.02,12.0,1.02,15.0,1.03,20.0,1.01,15.0,1.04,26.0,1.02,15.98
ATP,2014,6,Melbourne,Australian Open,2014-01-16,Grand Slam,Outdoor,Hard,2nd Round,5,Nadal R.,Kokkinakis T.,1,570.0,13130,53.0,6.0,2.0,6.0,4.0,6.0,2.0,,,,,3.0,0.0,Completed,1.002,34.0,1.01,13.0,1.01,26.0,1.01,25.99,1.01,17.0,1.02,50.25,1.01,23.2
ATP,2014,6,Melbourne,Australian Open,2014-01-16,Grand Slam,Outdoor,Hard,2nd Round,5,Dimitrov G.,Lu Y.H.,22,53.0,1460,860.0,6.0,3.0,6.0,3.0,7.0,6.0,,,,,3.0,0.0,Completed,1.4,2.75,1.5,2.5,1.44,2.62,1.59,2.53,1.5,2.63,1.53,2.8,1.47,2.64
ATP,2014,6,Melbourne,Australian Open,2014-01-16,Grand Slam,Outdoor,Hard,2nd Round,5,Simon G.,Cilic M.,19,36.0,1790,1130.0,4.0,6.0,7.0,6.0,6.0,7.0,6.0,1.0,6.0,2.0,3.0,2.0,Completed,3.5,1.28,3.5,1.28,3.75,1.25,4.22,1.27,3.75,1.25,4.3,1.33,3.77,1.26
ATP,2014,6,Melbourne,Australian Open,2014-01-16,Grand Slam,Outdoor,Hard,2nd Round,5,Raonic M.,Hanescu V.,11,76.0,2860,665.0,7.0,6.0,6.0,4.0,6.0,4.0,,,,,3.0,0.0,Completed,1.12,6.0,1.12,5.75,1.12,5.5,1.17,5.8,1.14,5.5,1.15,7.9,1.13,5.96
ATP,2014,6,Melbourne,Australian Open,2014-01-16,Grand Slam,Outdoor,Hard,2nd Round,5,Lopez F.,Berrer M.,27,144.0,1310,391.0,6.0,4.0,7.0,6.0,6.0,4.0,,,,,3.0,0.0,Completed,1.25,3.75,1.25,3.75,1.3,3.4,1.29,4.05,1.29,3.5,1.37,3.75,1.29,3.49
ATP,2014,6,Melbourne,Australian Open,2014-01-16,Grand Slam,Outdoor,Hard,2nd Round,5,Gabashvili T.,Verdasco F.,79,33.0,651,1235.0,7.0,6.0,3.0,6.0,2.0,6.0,6.0,4.0,6.0,4.0,3.0,2.0,Completed,6.5,1.11,5.25,1.15,5.0,1.14,6.55,1.15,6.0,1.13,7.0,1.18,5.74,1.13
ATP,2014,6,Melbourne,Australian Open,2014-01-16,Grand Slam,Outdoor,Hard,2nd Round,5,Monfils G.,Sock J.,32,95.0,1245,582.0,7.0,6.0,7.0,5.0,6.0,2.0,,,,,3.0,0.0,Completed,1.1,7.0,1.08,7.5,1.1,7.0,1.12,7.55,1.07,8.0,1.11,8.7,1.09,7.17
ATP,2014,6,Melbourne,Australian Open,2014-01-16,Grand Slam,Outdoor,Hard,2nd Round,5,Bautista R.,Del Potro J.M.,62,5.0,750,5415.0,4.0,6.0,6.0,3.0,5.0,7.0,6.0,4.0,7.0,5.0,3.0,2.0,Completed,11.0,1.05,8.0,1.07,8.5,1.07,12.25,1.06,8.0,1.07,12.0,1.08,9.61,1.05
ATP,2014,6,Melbourne,Australian Open,2014-01-16,Grand Slam,Outdoor,Hard,2nd Round,5,Murray A.,Millot V.,4,267.0,5560,170.0,6.0,2.0,6.0,2.0,7.0,5.0,,,,,3.0,0.0,Completed,1.002,34.0,1.01,13.0,1.01,26.0,1.01,25.99,1.01,19.0,1.02,41.0,1.01,21.3
ATP,2014,6,Melbourne,Australian Open,2014-01-16,Grand Slam,Outdoor,Hard,2nd Round,5,Paire B.,Kyrgios N.,28,183.0,1300,277.0,6.0,7.0,6.0,7.0,6.0,4.0,6.0,2.0,6.0,2.0,3.0,2.0,Completed,1.38,2.87,1.4,2.9,1.4,3.0,1.45,2.99,1.4,2.88,1.48,3.05,1.4,2.87
ATP,2014,6,Melbourne,Australian Open,2014-01-16,Grand Slam,Outdoor,Hard,3rd Round,5,Wawrinka S.,Pospisil V.,8,30.0,3890,1289.0,,,,,,,,,,,,,Walkover,1.12,6.0,1.12,5.75,1.14,5.5,1.14,6.92,1.13,6.0,1.16,6.35,1.14,5.68
ATP,2014,6,Melbourne,Australian Open,2014-01-17,Grand Slam,Outdoor,Hard,3rd Round,5,Mayer F.,Janowicz J.,37,20.0,1110,1615.0,7.0,5.0,6.0,2.0,6.0,2.0,,,,,3.0,0.0,Completed,1.5,2.5,1.6,2.3,1.57,2.38,1.59,2.56,1.53,2.5,1.71,2.62,1.56,2.4
ATP,2014,6,Melbourne,Australian Open,2014-01-17,Grand Slam,Outdoor,Hard,3rd Round,5,Ferrer D.,Chardy J.,3,31.0,5640,1255.0,6.0,2.0,7.0,6.0,6.0,2.0,,,,,3.0,0.0,Completed,1.28,3.5,1.33,3.2,1.33,3.4,1.39,3.32,1.29,3.5,1.4,3.7,1.33,3.27
ATP,2014,6,Melbourne,Australian Open,2014-01-17,Grand Slam,Outdoor,Hard,3rd Round,5,Anderson K.,Roger-Vasselin E.,21,40.0,1580,1038.0,3.0,6.0,4.0,6.0,6.0,3.0,7.0,6.0,7.0,5.0,3.0,2.0,Completed,1.44,2.62,1.55,2.4,1.57,2.38,1.56,2.64,1.53,2.5,1.61,2.68,1.54,2.45
ATP,2014,6,Melbourne,Australian Open,2014-01-17,Grand Slam,Outdoor,Hard,3rd Round,5,Berdych T.,Dzumhur D.,7,188.0,4180,272.0,6.0,4.0,6.0,2.0,6.0,2.0,,,,,3.0,0.0,Completed,1.02,19.0,1.02,12.0,1.02,17.0,1.03,19.0,1.02,13.0,1.03,29.0,1.02,15.18
ATP,2014,6,Melbourne,Australian Open,2014-01-17,Grand Slam,Outdoor,Hard,3rd Round,5,Robredo T.,Gasquet R.,18,9.0,1810,3140.0,2.0,6.0,7.0,5.0,6.0,4.0,7.0,6.0,,,3.0,1.0,Completed,2.62,1.44,2.7,1.45,2.62,1.5,2.85,1.5,2.63,1.5,2.95,1.55,2.6,1.48
ATP,2014,6,Melbourne,Australian Open,2014-01-17,Grand Slam,Outdoor,Hard,3rd Round,5,Fognini F.,Querrey S.,16,51.0,1930,915.0,7.0,5.0,6.0,4.0,6.0,4.0,,,,,3.0,0.0,Completed,2.5,1.5,2.4,1.55,2.62,1.5,2.56,1.59,2.38,1.57,2.75,1.6,2.44,1.53
ATP,2014,6,Melbourne,Australian Open,2014-01-17,Grand Slam,Outdoor,Hard,3rd Round,5,Djokovic N.,Istomin D.,2,49.0,12260,945.0,6.0,3.0,6.0,3.0,7.0,5.0,,,,,3.0,0.0,Completed,1.01,26.0,1.02,12.0,1.02,17.0,1.01,41.0,1.02,15.0,1.02,45.0,1.01,18.59
ATP,2014,6,Melbourne,Australian Open,2014-01-18,Grand Slam,Outdoor,Hard,3rd Round,5,Robert S.,Klizan M.,119,106.0,479,518.0,6.0,0.0,7.0,6.0,6.0,4.0,,,,,3.0,0.0,Completed,2.2,1.66,2.25,1.62,2.38,1.57,2.32,1.7,2.25,1.62,2.4,1.74,2.24,1.64
ATP,2014,6,Melbourne,Australian Open,2014-01-18,Grand Slam,Outdoor,Hard,3rd Round,5,Federer R.,Gabashvili T.,6,79.0,4355,651.0,6.0,2.0,6.0,2.0,6.0,3.0,,,,,3.0,0.0,Completed,,,1.02,12.0,1.03,12.0,1.03,21.0,1.03,11.0,1.04,21.0,1.03,13.11
ATP,2014,6,Melbourne,Australian Open,2014-01-18,Grand Slam,Outdoor,Hard,3rd Round,5,Dimitrov G.,Raonic M.,22,11.0,1460,2860.0,6.0,3.0,3.0,6.0,6.0,4.0,7.0,6.0,,,3.0,1.0,Completed,2.1,1.72,2.1,1.7,2.1,1.73,2.13,1.82,2.2,1.67,2.2,1.82,2.08,1.73
ATP,2014,6,Melbourne,Australian Open,2014-01-18,Grand Slam,Outdoor,Hard,3rd Round,5,Bautista R.,Paire B.,62,28.0,750,1300.0,6.0,2.0,6.0,1.0,6.0,4.0,,,,,3.0,0.0,Completed,1.44,2.75,1.45,2.7,1.5,2.62,1.48,2.89,1.44,2.75,1.52,2.9,1.46,2.67
ATP,2014,6,Melbourne,Australian Open,2014-01-18,Grand Slam,Outdoor,Hard,3rd Round,5,Murray A.,Lopez F.,4,27.0,5560,1310.0,7.0,6.0,6.0,4.0,6.0,2.0,,,,,3.0,0.0,Completed,1.11,6.5,1.1,6.5,1.12,6.0,1.09,9.5,1.1,7.0,1.15,9.5,1.1,6.75
ATP,2014,6,Melbourne,Australian Open,2014-01-18,Grand Slam,Outdoor,Hard,3rd Round,5,Tsonga J.W.,Simon G.,10,19.0,3065,1790.0,7.0,6.0,6.0,4.0,6.0,2.0,,,,,3.0,0.0,Completed,1.14,5.5,1.16,5.0,1.14,5.5,1.15,6.54,1.14,5.5,1.18,6.54,1.16,5.21
ATP,2014,6,Melbourne,Australian Open,2014-01-18,Grand Slam,Outdoor,Hard,3rd Round,5,Nishikori K.,Young D.,17,91.0,1915,595.0,7.0,5.0,6.0,1.0,6.0,0.0,,,,,3.0,0.0,Completed,1.12,6.0,1.12,5.5,1.12,6.0,1.17,6.11,1.13,6.0,1.17,6.7,1.14,5.59
ATP,2014,6,Melbourne,Australian Open,2014-01-18,Grand Slam,Outdoor,Hard,3rd Round,5,Nadal R.,Monfils G.,1,32.0,13130,1245.0,6.0,1.0,6.0,2.0,6.0,3.0,,,,,3.0,0.0,Completed,1.08,8.0,1.2,4.3,1.12,6.0,1.12,8.04,1.13,6.0,1.2,8.04,1.11,6.73
ATP,2014,6,Melbourne,Australian Open,2014-01-19,Grand Slam,Outdoor,Hard,4th Round,5,Ferrer D.,Mayer F.,3,37.0,5640,1110.0,6.0,7.0,7.0,5.0,6.0,2.0,6.0,1.0,,,3.0,1.0,Completed,1.25,4.0,1.22,4.0,1.25,4.0,1.28,4.18,1.25,4.0,1.29,4.5,1.24,3.99
ATP,2014,6,Melbourne,Australian Open,2014-01-19,Grand Slam,Outdoor,Hard,4th Round,5,Djokovic N.,Fognini F.,2,16.0,12260,1930.0,6.0,3.0,6.0,0.0,6.0,2.0,,,,,3.0,0.0,Completed,1.01,26.0,1.01,13.0,1.02,17.0,1.01,34.0,1.02,15.0,1.02,38.25,1.02,18.31
ATP,2014,6,Melbourne,Australian Open,2014-01-19,Grand Slam,Outdoor,Hard,4th Round,5,Berdych T.,Anderson K.,7,21.0,4180,1580.0,6.0,2.0,6.0,2.0,6.0,3.0,,,,,3.0,0.0,Completed,1.1,7.0,1.1,6.5,1.1,7.0,1.11,8.47,1.13,6.5,1.13,8.47,1.11,6.68
ATP,2014,6,Melbourne,Australian Open,2014-01-19,Grand Slam,Outdoor,Hard,4th Round,5,Wawrinka S.,Robredo T.,8,18.0,3890,1810.0,6.0,3.0,7.0,6.0,7.0,6.0,,,,,3.0,0.0,Completed,1.33,3.4,1.35,3.1,1.36,3.25,1.37,3.45,1.33,3.4,1.42,3.55,1.35,3.14
ATP,2014,6,Melbourne,Australian Open,2014-01-20,Grand Slam,Outdoor,Hard,4th Round,5,Dimitrov G.,Bautista R.,22,62.0,1460,750.0,6.0,3.0,3.0,6.0,6.0,2.0,6.0,4.0,,,3.0,1.0,Completed,1.53,2.5,1.52,2.45,1.57,2.38,1.65,2.43,1.57,2.38,1.65,2.6,1.56,2.4
ATP,2014,6,Melbourne,Australian Open,2014-01-20,Grand Slam,Outdoor,Hard,4th Round,5,Nadal R.,Nishikori K.,1,17.0,13130,1915.0,7.0,6.0,7.0,5.0,7.0,6.0,,,,,3.0,0.0,Completed,1.02,17.0,1.02,12.0,1.03,12.0,1.05,14.8,1.03,13.0,1.05,19.85,1.03,12.42
ATP,2014,6,Melbourne,Australian Open,2014-01-20,Grand Slam,Outdoor,Hard,4th Round,5,Murray A.,Robert S.,4,119.0,5560,479.0,6.0,1.0,6.0,2.0,6.0,7.0,6.0,2.0,,,3.0,1.0,Completed,1.01,26.0,1.01,13.0,1.02,17.0,1.02,27.78,1.02,15.0,1.02,33.25,1.01,18.27
ATP,2014,6,Melbourne,Australian Open,2014-01-20,Grand Slam,Outdoor,Hard,4th Round,5,Federer R.,Tsonga J.W.,6,10.0,4355,3065.0,6.0,3.0,7.0,5.0,6.0,4.0,,,,,3.0,0.0,Completed,1.57,2.37,1.58,2.35,1.57,2.38,1.64,2.45,1.67,2.25,1.67,2.5,1.59,2.34
ATP,2014,6,Melbourne,Australian Open,2014-01-21,Grand Slam,Outdoor,Hard,Quarterfinals,5,Berdych T.,Ferrer D.,7,3.0,4180,5640.0,6.0,1.0,6.0,4.0,2.0,6.0,6.0,4.0,,,3.0,1.0,Completed,1.57,2.37,1.6,2.3,1.62,2.25,1.59,2.56,1.62,2.38,1.69,2.56,1.61,2.32
ATP,2014,6,Melbourne,Australian Open,2014-01-21,Grand Slam,Outdoor,Hard,Quarterfinals,5,Wawrinka S.,Djokovic N.,8,2.0,3890,12260.0,2.0,6.0,6.0,4.0,6.0,2.0,3.0,6.0,9.0,7.0,3.0,2.0,Completed,9.0,1.07,7.5,1.08,7.0,1.1,9.95,1.09,7.5,1.1,9.95,1.12,7.54,1.09
ATP,2014,6,Melbourne,Australian Open,2014-01-22,Grand Slam,Outdoor,Hard,Quarterfinals,5,Nadal R.,Dimitrov G.,1,22.0,13130,1460.0,3.0,6.0,7.0,6.0,7.0,6.0,6.0,2.0,,,3.0,1.0,Completed,1.1,7.0,1.09,7.0,1.08,8.0,1.12,7.54,1.07,9.0,1.14,9.0,1.1,7.05
ATP,2014,6,Melbourne,Australian Open,2014-01-22,Grand Slam,Outdoor,Hard,Quarterfinals,5,Federer R.,Murray A.,6,4.0,4355,5560.0,6.0,3.0,6.0,4.0,6.0,7.0,6.0,3.0,,,3.0,1.0,Completed,1.66,2.2,1.7,2.1,1.8,2.0,1.72,2.28,1.8,2.05,1.83,2.3,1.71,2.15
ATP,2014,6,Melbourne,Australian Open,2014-01-23,Grand Slam,Outdoor,Hard,Semifinals,5,Wawrinka S.,Berdych T.,8,7.0,3890,4180.0,6.0,3.0,6.0,7.0,7.0,6.0,7.0,6.0,,,3.0,1.0,Completed,1.66,2.2,1.7,2.1,1.67,2.2,1.81,2.16,1.73,2.2,1.81,2.3,1.7,2.16
ATP,2014,6,Melbourne,Australian Open,2014-01-24,Grand Slam,Outdoor,Hard,Semifinals,5,Nadal R.,Federer R.,1,6.0,13130,4355.0,7.0,6.0,6.0,3.0,6.0,3.0,,,,,3.0,0.0,Completed,1.57,2.37,1.6,2.3,1.62,2.25,1.65,2.43,1.62,2.38,1.7,2.45,1.62,2.32
ATP,2014,6,Melbourne,Australian Open,2014-01-26,Grand Slam,Outdoor,Hard,The Final,5,Wawrinka S.,Nadal R.,8,1.0,3890,13130.0,6.0,3.0,6.0,2.0,3.0,6.0,6.0,3.0,,,3.0,1.0,Completed,5.5,1.14,5.25,1.15,5.5,1.14,5.96,1.18,5.5,1.17,5.96,1.25,5.19,1.17
ATP,2014,32,Paris,French Open,2014-05-25,Grand Slam,Outdoor,Clay,1st Round,5,Raonic M.,Kyrgios N.,9,160.0,2975,350.0,6.0,3.0,7.0,6.0,6.0,3.0,,,,,3.0,0.0,Completed,1.07,9.0,1.1,6.5,1.07,7.5,1.09,9.06,1.08,7.5,1.1,9.06,1.08,7.7
ATP,2014,32,Paris,French Open,2014-05-25,Grand Slam,Outdoor,Clay,1st Round,5,Youzhny M.,Carreno-Busta P.,16,68.0,2065,729.0,3.0,6.0,1.0,6.0,6.0,3.0,6.0,4.0,6.0,0.0,3.0,2.0,Completed,1.36,3.0,1.42,2.8,1.36,3.0,1.47,2.9,1.4,2.88,1.47,3.1,1.41,2.88
ATP,2014,32,Paris,French Open,2014-05-25,Grand Slam,Outdoor,Clay,1st Round,5,Nedovyesov A.,Devvarman S.,101,96.0,591,595.0,5.0,7.0,6.0,3.0,7.0,6.0,6.0,3.0,,,3.0,1.0,Completed,1.9,1.8,1.8,2.0,1.73,2.0,1.99,1.92,1.8,2.0,1.99,2.05,1.85,1.92
ATP,2014,32,Paris,French Open,2014-05-25,Grand Slam,Outdoor,Clay,1st Round,5,Nieminen J.,Przysiezny M.,60,102.0,790,572.0,6.0,7.0,6.0,4.0,6.0,7.0,6.0,3.0,6.0,4.0,3.0,2.0,Completed,1.14,5.5,1.2,4.3,1.17,4.5,1.14,6.87,1.17,5.0,1.2,6.87,1.17,5.03
ATP,2014,32,Paris,French Open,2014-05-25,Grand Slam,Outdoor,Clay,1st Round,5,Stepanek R.,Arguello F.,43,114.0,1040,512.0,6.0,7.0,3.0,6.0,6.0,4.0,6.0,3.0,6.0,2.0,3.0,2.0,Completed,1.28,3.5,1.28,3.5,1.29,3.5,1.31,3.85,1.29,3.5,1.33,4.0,1.28,3.6
ATP,2014,32,Paris,French Open,2014-05-25,Grand Slam,Outdoor,Clay,1st Round,5,Federer R.,Lacko L.,4,87.0,5125,617.0,6.0,2.0,6.0,4.0,6.0,2.0,,,,,3.0,0.0,Completed,1.01,26.0,1.02,12.0,1.02,17.0,1.01,27.22,1.02,13.0,1.03,27.22,1.02,16.47
ATP,2014,32,Paris,French Open,2014-05-25,Grand Slam,Outdoor,Clay,1st Round,5,Berdych T.,Polansky P.,6,135.0,4330,421.0,6.0,3.0,6.0,4.0,6.0,4.0,,,,,3.0,0.0,Completed,1.01,21.0,1.02,12.0,1.03,12.0,1.02,22.73,1.03,13.0,1.03,23.5,1.02,15.43
ATP,2014,32,Paris,French Open,2014-05-25,Grand Slam,Outdoor,Clay,1st Round,5,Schwartzman D.,Elias G.,109,178.0,533,294.0,6.0,4.0,6.0,2.0,7.0,5.0,,,,,3.0,0.0,Completed,1.53,2.37,1.55,2.4,1.57,2.25,1.57,2.57,1.57,2.38,1.61,2.57,1.57,2.37
ATP,2014,32,Paris,French Open,2014-05-25,Grand Slam,Outdoor,Clay,1st Round,5,Janowicz J.,Estrella Burgos V.,23,100.0,1510,592.0,6.0,1.0,6.0,4.0,6.0,7.0,6.0,4.0,,,3.0,1.0,Completed,1.18,4.5,1.22,4.0,1.22,4.0,1.22,4.85,1.29,3.5,1.29,4.85,1.22,4.17
ATP,2014,32,Paris,French Open,2014-05-25,Grand Slam,Outdoor,Clay,1st Round,5,Isner J.,Herbert P.H.,11,130.0,2600,431.0,7.0,6.0,7.0,6.0,7.0,5.0,,,,,3.0,0.0,Completed,1.08,8.0,1.11,6.0,1.11,6.0,1.1,8.6,1.1,7.0,1.15,8.6,1.1,6.96
ATP,2014,32,Paris,French Open,2014-05-25,Grand Slam,Outdoor,Clay,1st Round,5,Tsonga J.W.,Roger-Vasselin E.,14,51.0,2315,895.0,7.0,6.0,7.0,5.0,6.0,2.0,,,,,3.0,0.0,Completed,1.14,5.5,1.15,5.25,1.14,5.0,1.17,5.87,1.17,5.0,1.17,5.87,1.15,5.28
ATP,2014,32,Paris,French Open,2014-05-25,Grand Slam,Outdoor,Clay,1st Round,5,Tursunov D.,Starace P.,32,176.0,1155,304.0,6.0,1.0,7.0,5.0,6.0,2.0,,,,,3.0,0.0,Completed,1.44,2.62,1.5,2.5,1.44,2.62,1.56,2.62,1.53,2.5,1.59,2.75,1.5,2.56
ATP,2014,32,Paris,French Open,2014-05-25,Grand Slam,Outdoor,Clay,1st Round,5,Querrey S.,Volandri F.,67,99.0,730,592.0,7.0,6.0,6.0,4.0,6.0,3.0,,,,,3.0,0.0,Completed,1.28,3.5,1.35,3.1,1.36,3.0,1.33,3.64,1.36,3.0,1.38,3.64,1.34,3.2
ATP,2014,32,Paris,French Open,2014-05-25,Grand Slam,Outdoor,Clay,1st Round,5,Dolgopolov O.,Ramos A.,21,115.0,1645,511.0,7.0,6.0,6.0,4.0,6.0,1.0,,,,,3.0,0.0,Completed,1.36,3.0,1.4,2.9,1.33,3.25,1.39,3.27,1.4,2.88,1.42,3.35,1.37,3.05
ATP,2014,32,Paris,French Open,2014-05-25,Grand Slam,Outdoor,Clay,1st Round,5,Chardy J.,Gimeno-Traver D.,42,94.0,1060,599.0,7.0,5.0,6.0,2.0,6.0,2.0,,,,,3.0,0.0,Completed,1.36,3.0,1.42,2.8,1.4,2.75,1.4,3.22,1.44,2.75,1.45,3.22,1.41,2.86
ATP,2014,32,Paris,French Open,2014-05-26,Grand Slam,Outdoor,Clay,1st Round,5,Paire B.,Falla A.,61,70.0,760,713.0,6.0,3.0,6.0,4.0,7.0,6.0,,,,,3.0,0.0,Completed,1.66,2.1,1.68,2.15,1.73,2.0,1.87,2.04,1.8,2.0,1.87,2.35,1.72,2.09
ATP,2014,32,Paris,French Open,2014-05-26,Grand Slam,Outdoor,Clay,1st Round,5,Haase R.,Davydenko N.,50,92.0,910,610.0,7.0,5.0,6.0,4.0,6.0,2.0,,,,,3.0,0.0,Completed,1.5,2.5,1.52,2.45,1.53,2.38,1.54,2.66,1.5,2.63,1.57,2.75,1.52,2.5
ATP,2014,32,Paris,French Open,2014-05-26,Grand Slam,Outdoor,Clay,1st Round,5,Kukushkin M.,Mahut N.,54,40.0,859,1067.0,6.0,3.0,6.0,7.0,6.0,3.0,6.0,4.0,,,3.0,1.0,Completed,1.66,2.1,1.68,2.15,1.57,2.25,1.68,2.34,1.67,2.2,1.77,2.34,1.67,2.17
ATP,2014,32,Paris,French Open,2014-05-26,Grand Slam,Outdoor,Clay,1st Round,5,Kamke T.,Mecir M.,106,211.0,547,233.0,7.0,5.0,7.0,6.0,7.0,6.0,,,,,3.0,0.0,Completed,1.83,1.83,1.68,2.15,1.83,1.83,1.99,1.92,1.91,1.91,1.99,2.19,1.78,2.01
ATP,2014,32,Paris,French Open,2014-05-26,Grand Slam,Outdoor,Clay,1st Round,5,Vesely J.,Rosol L.,81,52.0,641,885.0,6.0,2.0,7.0,6.0,7.0,5.0,,,,,3.0,0.0,Completed,1.72,2.0,1.75,2.05,1.73,2.0,1.69,2.3,1.73,2.1,1.8,2.3,1.7,2.12
ATP,2014,32,Paris,French Open,2014-05-26,Grand Slam,Outdoor,Clay,1st Round,5,Cilic M.,Andujar P.,26,78.0,1410,661.0,6.0,0.0,6.0,3.0,7.0,6.0,,,,,3.0,0.0,Completed,1.25,3.75,1.25,3.75,1.29,3.5,1.3,3.92,1.29,3.5,1.33,4.0,1.27,3.67
ATP,2014,32,Paris,French Open,2014-05-26,Grand Slam,Outdoor,Clay,1st Round,5,Klizan M.,Nishikori K.,59,10.0,795,2815.0,7.0,6.0,6.0,1.0,6.0,2.0,,,,,3.0,0.0,Completed,6.0,1.12,5.5,1.13,5.0,1.17,6.34,1.15,5.0,1.17,6.75,1.19,5.6,1.14
ATP,2014,32,Paris,French Open,2014-05-26,Grand Slam,Outdoor,Clay,1st Round,5,De Schepper K.,Montanes A.,72,86.0,704,625.0,3.0,1.0,,,,,,,,,0.0,0.0,Retired,4.5,1.16,4.0,1.22,4.33,1.2,4.34,1.26,4.5,1.2,4.9,1.26,4.36,1.2
ATP,2014,32,Paris,French Open,2014-05-26,Grand Slam,Outdoor,Clay,1st Round,5,Robredo T.,Ward J.,19,168.0,1900,326.0,4.0,6.0,6.0,4.0,6.0,2.0,6.0,4.0,,,3.0,1.0,Completed,1.08,8.0,1.08,7.5,1.07,7.5,1.07,10.75,1.08,7.5,1.1,10.75,1.07,8.34
ATP,2014,32,Paris,French Open,2014-05-26,Grand Slam,Outdoor,Clay,1st Round,5,Djokovic N.,Sousa J.,2,44.0,11850,1039.0,6.0,1.0,6.0,2.0,6.0,4.0,,,,,3.0,0.0,Completed,1.0,51.0,1.01,13.0,1.01,34.0,1.01,46.0,1.01,23.0,1.01,58.5,1.01,24.98
ATP,2014,32,Paris,French Open,2014-05-26,Grand Slam,Outdoor,Clay,1st Round,5,Granollers M.,Dodig I.,229,36.0,210,1100.0,2.0,2.0,,,,,,,,,0.0,0.0,Retired,1.36,3.0,1.35,3.1,1.4,2.75,1.36,3.48,1.53,2.5,1.54,3.5,1.39,2.99
ATP,2014,32,Paris,French Open,2014-05-26,Grand Slam,Outdoor,Clay,1st Round,5,Melzer J.,Goffin D.,56,105.0,835,548.0,6.0,4.0,5.0,7.0,7.0,5.0,6.0,4.0,,,3.0,1.0,Completed,1.66,2.1,1.68,2.15,1.57,2.25,1.78,2.16,1.67,2.2,1.79,2.35,1.69,2.14
ATP,2014,32,Paris,French Open,2014-05-26,Grand Slam,Outdoor,Clay,1st Round,5,Gonzalez A.,Russell M.,77,98.0,675,593.0,6.0,2.0,6.0,4.0,6.0,7.0,6.0,1.0,,,3.0,1.0,Completed,1.18,4.5,1.22,4.0,1.22,4.0,1.22,4.85,1.2,4.5,1.26,4.85,1.22,4.21
ATP,2014,32,Paris,French Open,2014-05-26,Grand Slam,Outdoor,Clay,1st Round,5,Simon G.,Pavic A.,30,177.0,1225,303.0,6.0,1.0,6.0,1.0,6.0,3.0,,,,,3.0,0.0,Completed,1.08,8.0,1.09,7.0,1.08,7.0,1.09,9.16,1.08,7.5,1.11,9.16,1.08,7.47
ATP,2014,32,Paris,French Open,2014-05-26,Grand Slam,Outdoor,Clay,1st Round,5,Bagnis F.,Benneteau J.,143,45.0,398,1035.0,6.0,1.0,6.0,2.0,1.0,6.0,3.0,6.0,18.0,16.0,3.0,2.0,Completed,2.62,1.44,3.0,1.38,3.0,1.36,2.94,1.46,3.0,1.36,3.65,1.46,2.95,1.39
ATP,2014,32,Paris,French Open,2014-05-26,Grand Slam,Outdoor,Clay,1st Round,5,Gabashvili T.,Pospisil V.,58,31.0,798,1170.0,6.0,4.0,6.0,2.0,6.0,3.0,,,,,3.0,0.0,Completed,1.36,3.0,1.33,3.2,1.29,3.5,1.39,3.28,1.33,3.25,1.4,3.5,1.34,3.18
ATP,2014,32,Paris,French Open,2014-05-26,Grand Slam,Outdoor,Clay,1st Round,5,Lopez F.,Dzumhur D.,27,129.0,1395,431.0,6.0,3.0,7.0,6.0,6.0,3.0,,,,,3.0,0.0,Completed,1.4,2.75,1.45,2.7,1.36,3.0,1.52,2.73,1.36,3.0,1.52,3.5,1.43,2.79
ATP,2014,32,Paris,French Open,2014-05-26,Grand Slam,Outdoor,Clay,1st Round,5,Bautista R.,Lorenzi P.,29,88.0,1330,615.0,6.0,3.0,7.0,5.0,6.0,2.0,,,,,3.0,0.0,Completed,1.33,3.25,1.25,3.75,1.29,3.5,1.4,3.22,1.33,3.25,1.4,4.0,1.33,3.31
ATP,2014,32,Paris,French Open,2014-05-26,Grand Slam,Outdoor,Clay,1st Round,5,Bellucci T.,Becker B.,108,69.0,540,713.0,6.0,2.0,6.0,4.0,3.0,6.0,4.0,6.0,6.0,2.0,3.0,2.0,Completed,1.12,6.0,1.16,5.0,1.12,5.5,1.14,6.7,1.17,5.0,1.17,6.7,1.14,5.52
ATP,2014,32,Paris,French Open,2014-05-26,Grand Slam,Outdoor,Clay,1st Round,5,Nadal R.,Ginepri R.,1,279.0,12500,169.0,6.0,0.0,6.0,3.0,6.0,0.0,,,,,3.0,0.0,Completed,1.0,41.0,1.01,13.0,1.0,34.0,1.01,41.0,1.01,23.0,1.01,60.0,1.01,25.98
ATP,2014,32,Paris,French Open,2014-05-26,Grand Slam,Outdoor,Clay,1st Round,5,Gulbis E.,Kubot L.,17,63.0,2050,748.0,4.0,6.0,6.0,4.0,7.0,5.0,6.0,1.0,,,3.0,1.0,Completed,1.06,10.0,1.07,8.0,1.07,7.5,1.08,10.25,1.07,8.0,1.11,11.0,1.06,8.61
ATP,2014,32,Paris,French Open,2014-05-26,Grand Slam,Outdoor,Clay,1st Round,5,Fognini F.,Beck A.,15,51.0,2155,1120.0,6.0,4.0,6.0,4.0,6.0,1.0,,,,,3.0,0.0,Completed,1.12,6.0,1.13,5.5,1.14,5.0,1.13,7.04,1.14,5.5,1.15,7.04,1.13,5.79
ATP,2014,32,Paris,French Open,2014-05-26,Grand Slam,Outdoor,Clay,1st Round,5,Mayer L.,Duckworth J.,65,165.0,733,331.0,5.0,7.0,6.0,2.0,6.0,4.0,7.0,6.0,,,3.0,1.0,Completed,1.3,3.4,1.33,3.2,1.3,3.4,1.4,3.22,1.29,3.5,1.42,4.0,1.33,3.27
ATP,2014,32,Paris,French Open,2014-05-26,Grand Slam,Outdoor,Clay,1st Round,5,Mannarino A.,Lu Y.H.,89,48.0,612,968.0,6.0,2.0,6.0,1.0,6.0,1.0,,,,,3.0,0.0,Completed,2.1,1.66,2.2,1.65,2.1,1.67,2.37,1.66,2.2,1.67,2.37,1.73,2.2,1.65
ATP,2014,32,Paris,French Open,2014-05-26,Grand Slam,Outdoor,Clay,1st Round,5,Thiem D.,Mathieu P.H.,57,90.0,812,611.0,6.0,4.0,7.0,6.0,6.0,2.0,,,,,3.0,0.0,Completed,1.72,2.0,1.8,2.0,1.73,2.0,1.79,2.14,1.67,2.2,1.87,2.25,1.77,2.02
ATP,2014,32,Paris,French Open,2014-05-26,Grand Slam,Outdoor,Clay,1st Round,5,Young D.,Sela D.,79,110.0,647,531.0,6.0,1.0,2.0,6.0,6.0,1.0,6.0,0.0,,,3.0,1.0,Completed,1.2,4.33,1.4,2.9,1.25,3.75,1.24,4.58,1.36,3.0,1.36,4.58,1.24,3.98
ATP,2014,32,Paris,French Open,2014-05-26,Grand Slam,Outdoor,Clay,1st Round,5,Garcia-Lopez G.,Wawrinka S.,41,3.0,1063,5830.0,6.0,4.0,5.0,7.0,6.0,2.0,6.0,0.0,,,3.0,1.0,Completed,7.0,1.1,6.5,1.1,,,8.04,1.11,5.5,1.14,8.04,1.14,6.51,1.11
ATP,2014,32,Paris,French Open,2014-05-27,Grand Slam,Outdoor,Clay,1st Round,5,Karlovic I.,Dimitrov G.,37,12.0,1097,2515.0,6.0,4.0,7.0,5.0,7.0,6.0,,,,,3.0,0.0,Completed,8.0,1.08,7.0,1.09,8.0,1.08,10.25,1.07,7.5,1.08,10.5,1.1,7.81,1.08
ATP,2014,32,Paris,French Open,2014-05-27,Grand Slam,Outdoor,Clay,1st Round,5,Berlocq C.,Hewitt L.,47,46.0,975,1030.0,3.0,6.0,6.0,2.0,6.0,1.0,6.0,4.0,,,3.0,1.0,Completed,1.28,3.5,1.28,3.5,1.29,3.5,1.26,4.3,1.22,4.0,1.3,4.33,1.26,3.77
ATP,2014,32,Paris,French Open,2014-05-27,Grand Slam,Outdoor,Clay,1st Round,5,Michon A.,Klahn B.,206,71.0,238,705.0,6.0,1.0,6.0,7.0,5.0,7.0,6.0,1.0,6.0,4.0,3.0,2.0,Completed,1.2,4.33,1.25,3.75,1.25,3.75,1.26,4.34,1.25,3.75,1.3,4.35,1.24,3.96
ATP,2014,32,Paris,French Open,2014-05-27,Grand Slam,Outdoor,Clay,1st Round,5,Seppi A.,Giraldo S.,33,35.0,1150,1118.0,6.0,3.0,7.0,5.0,6.0,3.0,,,,,3.0,0.0,Completed,2.37,1.53,2.5,1.5,2.5,1.5,2.78,1.51,2.5,1.53,2.78,1.59,2.54,1.51
ATP,2014,32,Paris,French Open,2014-05-27,Grand Slam,Outdoor,Clay,1st Round,5,Ferrer D.,Sijsling I.,5,55.0,5030,840.0,6.0,4.0,6.0,3.0,6.0,1.0,,,,,3.0,0.0,Completed,1.02,17.0,1.02,12.0,1.02,15.0,1.03,20.0,1.02,13.0,1.03,22.0,1.02,14.95
ATP,2014,32,Paris,French Open,2014-05-27,Grand Slam,Outdoor,Clay,1st Round,5,Kohlschreiber P.,Riba P.,24,84.0,1485,629.0,7.0,5.0,6.0,4.0,6.0,1.0,,,,,3.0,0.0,Completed,1.08,8.0,1.11,6.0,1.1,6.5,1.12,7.38,1.1,7.0,1.12,9.0,1.09,7.06
ATP,2014,32,Paris,French Open,2014-05-27,Grand Slam,Outdoor,Clay,1st Round,5,Istomin D.,Stakhovsky S.,49,93.0,915,600.0,6.0,3.0,6.0,4.0,2.0,6.0,6.0,3.0,,,3.0,1.0,Completed,1.36,3.0,1.4,2.9,1.36,3.0,1.41,3.17,1.36,3.0,1.43,3.25,1.38,2.98
ATP,2014,32,Paris,French Open,2014-05-27,Grand Slam,Outdoor,Clay,1st Round,5,Monaco J.,Pouille L.,76,190.0,675,268.0,6.0,3.0,6.0,1.0,6.0,4.0,,,,,3.0,0.0,Completed,1.12,5.5,1.12,5.75,1.12,5.5,1.14,6.7,1.13,6.0,1.15,7.0,1.13,5.95
ATP,2014,32,Paris,French Open,2014-05-27,Grand Slam,Outdoor,Clay,1st Round,5,Anderson K.,Robert S.,20,74.0,1710,695.0,7.0,5.0,6.0,3.0,6.0,4.0,,,,,3.0,0.0,Completed,1.33,3.25,1.33,3.2,1.33,3.25,1.37,3.33,1.33,3.25,1.4,3.4,1.34,3.18
ATP,2014,32,Paris,French Open,2014-05-27,Grand Slam,Outdoor,Clay,1st Round,5,Haider-Maurer A.,Brands D.,104,131.0,553,430.0,4.0,6.0,4.0,6.0,6.0,2.0,6.0,3.0,6.0,4.0,3.0,2.0,Completed,1.12,6.0,1.16,5.0,1.12,5.5,1.13,7.05,1.13,6.0,1.17,7.0,1.13,5.86
ATP,2014,32,Paris,French Open,2014-05-27,Grand Slam,Outdoor,Clay,1st Round,5,Gasquet R.,Tomic B.,13,80.0,2445,646.0,6.0,2.0,6.0,1.0,7.0,5.0,,,,,3.0,0.0,Completed,1.2,4.33,1.25,3.75,1.22,4.0,1.2,5.17,1.29,3.5,1.3,5.17,1.23,4.16
ATP,2014,32,Paris,French Open,2014-05-27,Grand Slam,Outdoor,Clay,1st Round,5,Bolelli S.,Arnaboldi A.,150,173.0,385,307.0,6.0,4.0,6.0,4.0,6.0,2.0,,,,,3.0,0.0,Completed,1.2,4.33,1.28,3.5,1.25,3.75,1.26,4.38,1.22,4.0,1.28,4.6,1.23,4.04
ATP,2014,32,Paris,French Open,2014-05-27,Grand Slam,Outdoor,Clay,1st Round,5,Lajovic D.,Delbonis F.,83,34.0,632,1138.0,6.0,3.0,6.0,2.0,6.0,3.0,,,,,3.0,0.0,Completed,4.33,1.2,4.5,1.18,4.5,1.17,4.65,1.24,5.0,1.17,5.0,1.3,4.39,1.2
ATP,2014,32,Paris,French Open,2014-05-27,Grand Slam,Outdoor,Clay,1st Round,5,Cuevas P.,Ebden M.,136,73.0,416,700.0,6.0,1.0,6.0,2.0,6.0,3.0,,,,,3.0,0.0,Completed,1.06,10.0,1.08,7.5,1.08,7.0,1.09,9.16,1.08,7.0,1.1,10.5,1.07,8.2
ATP,2014,32,Paris,French Open,2014-05-27,Grand Slam,Outdoor,Clay,1st Round,5,Zopp J.,Haas T.,335,18.0,133,2005.0,2.0,5.0,,,,,,,,,0.0,0.0,Retired,8.5,1.06,9.0,1.05,8.5,1.05,9.16,1.09,8.5,1.06,11.0,1.1,9.3,1.06
ATP,2014,32,Paris,French Open,2014-05-27,Grand Slam,Outdoor,Clay,1st Round,5,Sock J.,Almagro N.,75,22.0,678,1620.0,5.0,0.0,,,,,,,,,0.0,0.0,Retired,7.0,1.1,6.5,1.1,6.0,1.11,6.87,1.14,7.0,1.1,7.55,1.14,6.5,1.11
ATP,2014,32,Paris,French Open,2014-05-27,Grand Slam,Outdoor,Clay,1st Round,5,Murray A.,Golubev A.,8,53.0,4120,862.0,6.0,1.0,6.0,4.0,3.0,6.0,6.0,3.0,,,3.0,1.0,Completed,1.07,9.0,1.09,7.0,1.08,8.0,1.08,9.65,1.08,7.5,1.1,9.65,1.08,7.87
ATP,2014,32,Paris,French Open,2014-05-27,Grand Slam,Outdoor,Clay,1st Round,5,Verdasco F.,Llodra M.,25,153.0,1420,370.0,6.0,2.0,7.0,6.0,7.0,6.0,,,,,3.0,0.0,Completed,1.25,3.75,1.28,3.5,1.22,4.0,1.33,3.64,1.22,4.0,1.33,4.0,1.27,3.71
ATP,2014,32,Paris,French Open,2014-05-27,Grand Slam,Outdoor,Clay,1st Round,5,Monfils G.,Hanescu V.,28,85.0,1390,626.0,6.0,2.0,4.0,6.0,6.0,4.0,6.0,2.0,,,3.0,1.0,Completed,1.2,4.33,1.22,4.0,1.25,3.75,1.19,5.33,1.29,3.5,1.3,5.5,1.22,4.23
ATP,2014,32,Paris,French Open,2014-05-27,Grand Slam,Outdoor,Clay,1st Round,5,Matosevic M.,Brown D.,66,82.0,732,633.0,7.0,6.0,6.0,4.0,6.0,7.0,7.0,5.0,,,3.0,1.0,Completed,1.5,2.5,1.52,2.45,1.57,2.25,1.52,2.73,1.57,2.38,1.59,2.73,1.52,2.51
ATP,2014,32,Paris,French Open,2014-05-27,Grand Slam,Outdoor,Clay,1st Round,5,Struff J.L.,Olivetti A.,62,161.0,753,340.0,6.0,1.0,6.0,4.0,6.0,4.0,,,,,3.0,0.0,Completed,1.12,6.0,1.12,5.75,1.12,5.5,1.14,6.87,1.14,5.5,1.15,7.0,1.12,6.06
ATP,2014,32,Paris,French Open,2014-05-28,Grand Slam,Outdoor,Clay,1st Round,5,Johnson S.,Lokoli L.,64,406.0,748,104.0,4.0,6.0,6.0,7.0,7.0,6.0,6.0,3.0,6.0,3.0,3.0,2.0,Completed,1.25,3.75,1.25,3.75,1.29,3.5,1.29,4.05,1.29,3.5,1.3,4.05,1.27,3.68
ATP,2014,32,Paris,French Open,2014-05-28,Grand Slam,Outdoor,Clay,2nd Round,5,Gulbis E.,Bagnis F.,17,143.0,2050,398.0,6.0,2.0,7.0,5.0,6.0,0.0,,,,,3.0,0.0,Completed,1.06,9.0,1.08,7.5,1.08,8.0,1.07,11.25,1.07,8.0,1.1,11.25,1.07,8.19
ATP,2014,32,Paris,French Open,2014-05-28,Grand Slam,Outdoor,Clay,2nd Round,5,Granollers M.,Dolgopolov O.,229,21.0,210,1645.0,1.0,6.0,3.0,6.0,6.0,3.0,6.0,0.0,6.0,2.0,3.0,2.0,Completed,3.75,1.25,3.5,1.28,3.5,1.29,3.97,1.29,3.5,1.29,4.3,1.3,3.71,1.27
ATP,2014,32,Paris,French Open,2014-05-28,Grand Slam,Outdoor,Clay,2nd Round,5,Bautista R.,Paire B.,29,61.0,1330,760.0,6.0,4.0,7.0,6.0,6.0,2.0,,,,,3.0,0.0,Completed,1.16,5.0,1.16,5.0,1.17,5.0,1.23,4.69,1.17,5.0,1.23,5.75,1.17,4.97
ATP,2014,32,Paris,French Open,2014-05-28,Grand Slam,Outdoor,Clay,2nd Round,5,Stepanek R.,Youzhny M.,43,16.0,1040,2065.0,6.0,0.0,6.0,3.0,3.0,6.0,6.0,4.0,,,3.0,1.0,Completed,2.1,1.66,2.15,1.68,2.2,1.62,2.27,1.71,2.2,1.67,2.5,1.74,2.2,1.66
ATP,2014,32,Paris,French Open,2014-05-28,Grand Slam,Outdoor,Clay,2nd Round,5,Simon G.,Gonzalez A.,30,77.0,1225,675.0,6.0,4.0,6.0,0.0,6.0,2.0,,,,,3.0,0.0,Completed,1.12,6.0,1.15,5.25,1.14,5.5,1.16,6.28,1.14,5.5,1.17,6.3,1.14,5.63
ATP,2014,32,Paris,French Open,2014-05-28,Grand Slam,Outdoor,Clay,2nd Round,5,Tursunov D.,Querrey S.,32,67.0,1155,730.0,6.0,4.0,7.0,5.0,6.0,1.0,,,,,3.0,0.0,Completed,1.5,2.5,1.52,2.45,1.5,2.5,1.58,2.54,1.57,2.38,1.58,2.6,1.53,2.48
ATP,2014,32,Paris,French Open,2014-05-28,Grand Slam,Outdoor,Clay,2nd Round,5,Berdych T.,Nedovyesov A.,6,101.0,4330,591.0,6.0,7.0,6.0,4.0,7.0,5.0,6.0,3.0,,,3.0,1.0,Completed,1.03,15.0,1.02,12.0,1.02,15.0,1.04,15.0,1.02,13.0,1.04,23.25,1.02,14.1
ATP,2014,32,Paris,French Open,2014-05-28,Grand Slam,Outdoor,Clay,2nd Round,5,Klizan M.,Haase R.,59,50.0,795,910.0,6.0,1.0,3.0,6.0,6.0,1.0,1.0,6.0,7.0,5.0,3.0,2.0,Completed,1.36,3.0,1.4,2.9,1.36,3.0,1.45,3.0,1.36,3.0,1.45,3.25,1.38,2.98
ATP,2014,32,Paris,French Open,2014-05-28,Grand Slam,Outdoor,Clay,2nd Round,5,Djokovic N.,Chardy J.,2,42.0,11850,1060.0,6.0,1.0,6.0,4.0,6.0,2.0,,,,,3.0,0.0,Completed,1.01,21.0,1.01,13.0,1.01,21.0,1.01,22.22,1.02,15.0,1.01,33.5,1.01,17.58
ATP,2014,32,Paris,French Open,2014-05-28,Grand Slam,Outdoor,Clay,2nd Round,5,Cilic M.,Kamke T.,26,106.0,1410,547.0,6.0,3.0,3.0,6.0,6.0,3.0,6.0,0.0,,,3.0,1.0,Completed,1.08,8.0,1.1,6.5,1.1,6.5,1.09,9.48,1.1,7.0,1.1,9.48,1.09,7.48
ATP,2014,32,Paris,French Open,2014-05-28,Grand Slam,Outdoor,Clay,2nd Round,5,Raonic M.,Vesely J.,9,81.0,2975,641.0,7.0,6.0,6.0,4.0,6.0,1.0,,,,,3.0,0.0,Completed,1.22,4.0,1.25,3.75,1.22,4.0,1.31,3.85,1.29,3.5,1.31,4.05,1.25,3.84
ATP,2014,32,Paris,French Open,2014-05-28,Grand Slam,Outdoor,Clay,2nd Round,5,Federer R.,Schwartzman D.,4,109.0,5125,533.0,6.0,3.0,6.0,4.0,6.0,4.0,,,,,3.0,0.0,Completed,1.01,26.0,1.01,13.0,1.01,26.0,1.01,22.22,1.02,13.0,1.02,26.0,1.01,17.01
ATP,2014,32,Paris,French Open,2014-05-28,Grand Slam,Outdoor,Clay,2nd Round,5,Robredo T.,De Schepper K.,19,72.0,1900,704.0,6.0,2.0,6.0,3.0,6.0,3.0,,,,,3.0,0.0,Completed,1.07,8.0,1.07,8.0,1.06,9.0,1.1,8.6,1.06,8.5,1.1,9.0,1.08,7.81
ATP,2014,32,Paris,French Open,2014-05-28,Grand Slam,Outdoor,Clay,2nd Round,5,Tsonga J.W.,Melzer J.,14,56.0,2315,835.0,6.0,2.0,6.0,3.0,6.0,4.0,,,,,3.0,0.0,Completed,1.14,5.5,1.17,4.75,1.17,5.0,1.16,6.27,1.2,4.5,1.2,6.27,1.15,5.23
ATP,2014,32,Paris,French Open,2014-05-28,Grand Slam,Outdoor,Clay,2nd Round,5,Janowicz J.,Nieminen J.,23,60.0,1510,790.0,7.0,6.0,7.0,6.0,6.0,4.0,,,,,3.0,0.0,Completed,1.66,2.1,1.7,2.1,1.67,2.1,1.81,2.11,1.67,2.2,1.81,2.2,1.71,2.11
ATP,2014,32,Paris,French Open,2014-05-28,Grand Slam,Outdoor,Clay,2nd Round,5,Isner J.,Kukushkin M.,11,54.0,2600,859.0,6.0,7.0,7.0,6.0,6.0,3.0,7.0,6.0,,,3.0,1.0,Completed,1.22,4.0,1.25,3.75,1.25,3.75,1.27,4.22,1.22,4.0,1.27,4.5,1.24,4.0
ATP,2014,32,Paris,French Open,2014-05-29,Grand Slam,Outdoor,Clay,2nd Round,5,Ferrer D.,Bolelli S.,5,150.0,5030,385.0,6.0,2.0,6.0,3.0,6.0,2.0,,,,,3.0,0.0,Completed,1.02,19.0,1.03,11.0,1.02,15.0,1.03,20.0,1.03,12.0,1.04,23.0,1.02,14.44
ATP,2014,32,Paris,French Open,2014-05-29,Grand Slam,Outdoor,Clay,2nd Round,5,Karlovic I.,Haider-Maurer A.,37,104.0,1097,553.0,7.0,5.0,6.0,3.0,6.0,4.0,,,,,3.0,0.0,Completed,1.36,3.0,1.42,2.8,1.4,2.75,1.43,3.04,1.36,3.0,1.47,3.05,1.41,2.86
ATP,2014,32,Paris,French Open,2014-05-29,Grand Slam,Outdoor,Clay,2nd Round,5,Anderson K.,Michon A.,20,206.0,1710,238.0,6.0,2.0,6.0,3.0,6.0,2.0,,,,,3.0,0.0,Completed,1.08,8.0,1.1,6.5,1.08,7.0,1.08,9.65,1.1,7.0,1.12,9.65,1.09,7.48
ATP,2014,32,Paris,French Open,2014-05-29,Grand Slam,Outdoor,Clay,2nd Round,5,Young D.,Lopez F.,79,27.0,647,1395.0,6.0,3.0,7.0,6.0,6.0,3.0,,,,,3.0,0.0,Completed,3.0,1.36,3.1,1.35,3.0,1.36,3.17,1.41,3.0,1.36,3.25,1.41,3.05,1.37
ATP,2014,32,Paris,French Open,2014-05-29,Grand Slam,Outdoor,Clay,2nd Round,5,Garcia-Lopez G.,Mannarino A.,41,89.0,1063,612.0,6.0,4.0,6.0,3.0,4.0,6.0,6.0,0.0,,,3.0,1.0,Completed,1.12,6.0,1.15,5.25,1.12,5.5,1.17,5.87,1.17,5.0,1.17,6.5,1.14,5.58
ATP,2014,32,Paris,French Open,2014-05-29,Grand Slam,Outdoor,Clay,2nd Round,5,Mayer L.,Gabashvili T.,65,58.0,733,798.0,6.0,2.0,4.0,6.0,6.0,4.0,6.0,4.0,,,3.0,1.0,Completed,1.61,2.2,1.65,2.2,1.67,2.1,1.75,2.2,1.62,2.25,1.75,2.3,1.66,2.2
ATP,2014,32,Paris,French Open,2014-05-29,Grand Slam,Outdoor,Clay,2nd Round,5,Nadal R.,Thiem D.,1,57.0,12500,812.0,6.0,2.0,6.0,2.0,6.0,3.0,,,,,3.0,0.0,Completed,1.02,17.0,1.03,11.0,1.03,12.0,1.03,17.5,1.03,12.0,1.05,18.0,1.03,13.02
ATP,2014,32,Paris,French Open,2014-05-29,Grand Slam,Outdoor,Clay,2nd Round,5,Seppi A.,Monaco J.,33,76.0,1150,675.0,6.0,2.0,6.0,4.0,6.0,4.0,,,,,3.0,0.0,Completed,2.0,1.72,2.15,1.68,2.1,1.67,2.14,1.79,2.1,1.73,2.15,1.8,2.08,1.73
ATP,2014,32,Paris,French Open,2014-05-29,Grand Slam,Outdoor,Clay,2nd Round,5,Lajovic D.,Zopp J.,83,335.0,632,133.0,6.0,2.0,6.0,4.0,6.0,4.0,,,,,3.0,0.0,Completed,1.12,6.0,1.17,4.75,1.14,5.0,1.15,6.34,1.17,5.0,1.17,6.34,1.15,5.4
ATP,2014,32,Paris,French Open,2014-05-29,Grand Slam,Outdoor,Clay,2nd Round,5,Gasquet R.,Berlocq C.,13,47.0,2445,975.0,7.0,6.0,6.0,4.0,6.0,4.0,,,,,3.0,0.0,Completed,1.66,2.1,1.62,2.25,1.57,2.38,1.68,2.32,1.67,2.2,1.71,2.4,1.63,2.25
ATP,2014,32,Paris,French Open,2014-05-29,Grand Slam,Outdoor,Clay,2nd Round,5,Kohlschreiber P.,Istomin D.,24,49.0,1485,915.0,6.0,3.0,7.0,6.0,6.0,2.0,,,,,3.0,0.0,Completed,1.28,3.5,1.3,3.4,1.33,3.25,1.33,3.64,1.36,3.0,1.36,3.7,1.32,3.33
ATP,2014,32,Paris,French Open,2014-05-29,Grand Slam,Outdoor,Clay,2nd Round,5,Murray A.,Matosevic M.,8,66.0,4120,732.0,6.0,3.0,6.0,1.0,6.0,3.0,,,,,3.0,0.0,Completed,1.04,13.0,1.04,10.0,1.04,11.0,1.05,13.0,1.04,11.0,1.07,13.0,1.05,10.54
ATP,2014,32,Paris,French Open,2014-05-29,Grand Slam,Outdoor,Clay,2nd Round,5,Sock J.,Johnson S.,75,64.0,678,748.0,7.0,5.0,6.0,4.0,6.0,2.0,,,,,3.0,0.0,Completed,1.72,2.0,1.75,2.05,1.73,2.0,1.81,2.12,1.73,2.1,1.81,2.14,1.75,2.05
ATP,2014,32,Paris,French Open,2014-05-29,Grand Slam,Outdoor,Clay,2nd Round,5,Verdasco F.,Cuevas P.,25,136.0,1420,416.0,4.0,6.0,6.0,7.0,7.0,5.0,6.0,4.0,6.0,3.0,3.0,2.0,Completed,1.33,3.25,1.35,3.1,1.36,3.25,1.42,3.11,1.36,3.0,1.42,3.3,1.35,3.13
ATP,2014,32,Paris,French Open,2014-05-29,Grand Slam,Outdoor,Clay,2nd Round,5,Fognini F.,Bellucci T.,15,108.0,2155,540.0,6.0,3.0,6.0,4.0,7.0,6.0,,,,,3.0,0.0,Completed,1.18,4.5,1.2,4.3,1.2,4.5,1.22,4.85,1.22,4.0,1.24,5.2,1.19,4.53
ATP,2014,32,Paris,French Open,2014-05-29,Grand Slam,Outdoor,Clay,2nd Round,5,Monfils G.,Struff J.L.,28,62.0,1390,753.0,7.0,6.0,6.0,4.0,6.0,1.0,,,,,3.0,0.0,Completed,1.18,4.5,1.18,4.5,1.22,4.33,1.21,5.0,1.2,4.5,1.24,5.0,1.2,4.44
ATP,2014,32,Paris,French Open,2014-05-30,Grand Slam,Outdoor,Clay,3rd Round,5,Gulbis E.,Stepanek R.,17,43.0,2050,1040.0,6.0,3.0,6.0,2.0,7.0,5.0,,,,,3.0,0.0,Completed,1.14,5.5,1.17,4.75,1.17,5.0,1.18,5.92,1.17,5.0,1.18,6.25,1.16,5.25
ATP,2014,32,Paris,French Open,2014-05-30,Grand Slam,Outdoor,Clay,3rd Round,5,Federer R.,Tursunov D.,4,32.0,5125,1155.0,7.0,5.0,6.0,7.0,6.0,2.0,6.0,4.0,,,3.0,1.0,Completed,1.05,11.0,1.04,10.0,1.05,10.0,1.07,12.0,1.05,10.0,1.07,12.25,1.05,10.05
ATP,2014,32,Paris,French Open,2014-05-30,Grand Slam,Outdoor,Clay,3rd Round,5,Djokovic N.,Cilic M.,2,26.0,11850,1410.0,6.0,3.0,6.0,2.0,6.0,7.0,6.0,4.0,,,3.0,1.0,Completed,1.02,19.0,1.03,11.0,1.03,12.0,1.03,19.0,1.02,15.0,1.04,24.55,1.03,14.05
ATP,2014,32,Paris,French Open,2014-05-30,Grand Slam,Outdoor,Clay,3rd Round,5,Isner J.,Robredo T.,11,19.0,2600,1900.0,7.0,6.0,7.0,6.0,6.0,7.0,7.0,5.0,,,3.0,1.0,Completed,2.62,1.44,2.5,1.5,2.5,1.53,2.65,1.56,2.5,1.53,2.75,1.62,2.52,1.52
ATP,2014,32,Paris,French Open,2014-05-30,Grand Slam,Outdoor,Clay,3rd Round,5,Berdych T.,Bautista R.,6,29.0,4330,1330.0,6.0,1.0,6.0,2.0,6.0,7.0,6.0,4.0,,,3.0,1.0,Completed,1.36,3.0,1.42,2.8,1.44,2.75,1.43,3.14,1.44,2.75,1.45,3.14,1.41,2.87
ATP,2014,32,Paris,French Open,2014-05-30,Grand Slam,Outdoor,Clay,3rd Round,5,Tsonga J.W.,Janowicz J.,14,23.0,2315,1510.0,6.0,4.0,6.0,4.0,6.0,3.0,,,,,3.0,0.0,Completed,1.18,4.5,1.2,4.3,1.2,4.5,1.22,4.92,1.2,4.5,1.22,5.1,1.19,4.54
ATP,2014,32,Paris,French Open,2014-05-30,Grand Slam,Outdoor,Clay,3rd Round,5,Raonic M.,Simon G.,9,30.0,2975,1225.0,4.0,6.0,6.0,3.0,2.0,6.0,6.0,2.0,7.0,5.0,3.0,2.0,Completed,1.38,2.87,1.42,2.8,1.44,2.75,1.45,3.01,1.44,2.75,1.46,3.05,1.43,2.79
ATP,2014,32,Paris,French Open,2014-05-31,Grand Slam,Outdoor,Clay,3rd Round,5,Lajovic D.,Sock J.,83,75.0,632,678.0,6.0,4.0,7.0,5.0,6.0,3.0,,,,,3.0,0.0,Completed,2.5,1.5,2.35,1.58,2.25,1.62,2.56,1.59,2.2,1.67,2.56,1.67,2.41,1.56
ATP,2014,32,Paris,French Open,2014-05-31,Grand Slam,Outdoor,Clay,3rd Round,5,Ferrer D.,Seppi A.,5,33.0,5030,1150.0,6.0,2.0,7.0,6.0,6.0,3.0,,,,,3.0,0.0,Completed,1.03,15.0,1.05,9.0,1.06,9.0,1.04,17.0,1.05,10.0,1.07,17.0,1.05,10.92
ATP,2014,32,Paris,French Open,2014-05-31,Grand Slam,Outdoor,Clay,3rd Round,5,Anderson K.,Karlovic I.,20,37.0,1710,1097.0,6.0,3.0,,,,,,,,,1.0,0.0,Retired,1.44,2.62,1.52,2.45,1.5,2.62,1.47,2.94,1.62,2.25,1.62,3.0,1.46,2.69
ATP,2014,32,Paris,French Open,2014-05-31,Grand Slam,Outdoor,Clay,3rd Round,5,Granollers M.,Klizan M.,229,59.0,210,795.0,6.0,7.0,6.0,2.0,7.0,6.0,7.0,5.0,,,3.0,1.0,Completed,3.0,1.36,3.0,1.38,3.0,1.4,3.28,1.4,2.88,1.4,3.28,1.44,2.94,1.39
ATP,2014,32,Paris,French Open,2014-05-31,Grand Slam,Outdoor,Clay,3rd Round,5,Monfils G.,Fognini F.,28,15.0,1390,2155.0,5.0,7.0,6.0,2.0,6.0,4.0,0.0,6.0,6.0,2.0,3.0,2.0,Completed,1.9,1.8,1.9,1.85,2.0,1.8,1.99,1.93,2.0,1.8,2.1,1.96,1.95,1.84
ATP,2014,32,Paris,French Open,2014-05-31,Grand Slam,Outdoor,Clay,3rd Round,5,Nadal R.,Mayer L.,1,65.0,12500,733.0,6.0,2.0,7.0,5.0,6.0,2.0,,,,,3.0,0.0,Completed,1.0,41.0,1.01,13.0,1.01,21.0,1.01,41.0,1.01,19.0,1.02,48.25,1.01,21.47
ATP,2014,32,Paris,French Open,2014-05-31,Grand Slam,Outdoor,Clay,3rd Round,5,Garcia-Lopez G.,Young D.,41,79.0,1063,647.0,6.0,2.0,6.0,4.0,2.0,6.0,6.0,7.0,6.0,4.0,3.0,2.0,Completed,1.16,5.0,1.2,4.3,1.2,4.5,1.2,5.37,1.22,4.0,1.22,5.65,1.18,4.82
ATP,2014,32,Paris,French Open,2014-06-01,Grand Slam,Outdoor,Clay,3rd Round,5,Verdasco F.,Gasquet R.,25,13.0,1420,2445.0,6.0,3.0,6.0,2.0,6.0,3.0,,,,,3.0,0.0,Completed,2.1,1.66,2.05,1.75,2.1,1.73,2.18,1.78,2.0,1.8,2.2,1.82,2.07,1.74
ATP,2014,32,Paris,French Open,2014-06-01,Grand Slam,Outdoor,Clay,3rd Round,5,Murray A.,Kohlschreiber P.,8,24.0,4120,1485.0,3.0,6.0,6.0,3.0,6.0,3.0,4.0,6.0,12.0,10.0,3.0,2.0,Completed,1.38,2.87,1.45,2.7,1.44,2.75,1.44,3.06,1.44,2.88,1.49,3.06,1.43,2.8
ATP,2014,32,Paris,French Open,2014-06-01,Grand Slam,Outdoor,Clay,4th Round,5,Berdych T.,Isner J.,6,11.0,4330,2600.0,6.0,4.0,6.0,4.0,6.0,4.0,,,,,3.0,0.0,Completed,1.22,4.33,1.22,4.0,1.25,4.0,1.24,4.72,1.22,4.33,1.26,4.72,1.23,4.08
ATP,2014,32,Paris,French Open,2014-06-01,Grand Slam,Outdoor,Clay,4th Round,5,Gulbis E.,Federer R.,17,4.0,2050,5125.0,6.0,7.0,7.0,6.0,6.0,2.0,4.0,6.0,6.0,3.0,3.0,2.0,Completed,2.75,1.44,2.7,1.45,2.75,1.44,2.77,1.52,2.88,1.44,2.88,1.54,2.68,1.46
ATP,2014,32,Paris,French Open,2014-06-01,Grand Slam,Outdoor,Clay,4th Round,5,Raonic M.,Granollers M.,9,229.0,2975,210.0,6.0,3.0,6.0,3.0,6.0,3.0,,,,,3.0,0.0,Completed,1.2,4.5,1.17,4.75,1.2,4.5,1.19,5.69,1.18,5.0,1.21,5.69,1.18,4.77
ATP,2014,32,Paris,French Open,2014-06-01,Grand Slam,Outdoor,Clay,4th Round,5,Djokovic N.,Tsonga J.W.,2,14.0,11850,2315.0,6.0,1.0,6.0,4.0,6.0,1.0,,,,,3.0,0.0,Completed,1.1,7.0,1.11,6.0,1.12,6.0,1.13,7.85,1.11,7.0,1.15,7.85,1.11,6.48
ATP,2014,32,Paris,French Open,2014-06-02,Grand Slam,Outdoor,Clay,4th Round,5,Ferrer D.,Anderson K.,5,20.0,5030,1710.0,6.0,3.0,6.0,3.0,6.0,7.0,6.0,1.0,,,3.0,1.0,Completed,1.08,8.0,1.08,7.5,1.08,8.0,1.08,10.5,1.08,8.0,1.1,10.5,1.07,8.22
ATP,2014,32,Paris,French Open,2014-06-02,Grand Slam,Outdoor,Clay,4th Round,5,Nadal R.,Lajovic D.,1,83.0,12500,632.0,6.0,1.0,6.0,2.0,6.0,1.0,,,,,3.0,0.0,Completed,1.002,29.0,1.01,13.0,1.01,26.0,1.02,25.5,1.01,23.0,1.02,43.5,1.01,21.39
ATP,2014,32,Paris,French Open,2014-06-02,Grand Slam,Outdoor,Clay,4th Round,5,Murray A.,Verdasco F.,8,25.0,4120,1420.0,6.0,4.0,7.0,5.0,7.0,6.0,,,,,3.0,0.0,Completed,1.61,2.25,1.62,2.25,1.57,2.38,1.73,2.26,1.67,2.25,1.73,2.38,1.63,2.25
ATP,2014,32,Paris,French Open,2014-06-02,Grand Slam,Outdoor,Clay,4th Round,5,Monfils G.,Garcia-Lopez G.,28,41.0,1390,1063.0,6.0,0.0,6.0,2.0,7.0,5.0,,,,,3.0,0.0,Completed,1.53,2.5,1.58,2.35,1.57,2.38,1.57,2.62,1.62,2.38,1.63,2.62,1.58,2.38
ATP,2014,32,Paris,French Open,2014-06-03,Grand Slam,Outdoor,Clay,Quarterfinals,5,Djokovic N.,Raonic M.,2,9.0,11850,2975.0,7.0,5.0,7.0,6.0,6.0,4.0,,,,,3.0,0.0,Completed,1.07,9.0,1.08,7.5,1.08,8.0,1.08,10.5,1.07,8.5,1.12,11.13,1.08,8.32
ATP,2014,32,Paris,French Open,2014-06-03,Grand Slam,Outdoor,Clay,Quarterfinals,5,Gulbis E.,Berdych T.,17,6.0,2050,4330.0,6.0,3.0,6.0,2.0,6.0,4.0,,,,,3.0,0.0,Completed,2.3,1.61,2.3,1.6,2.25,1.62,2.44,1.64,2.25,1.67,2.44,1.71,2.27,1.64
ATP,2014,32,Paris,French Open,2014-06-04,Grand Slam,Outdoor,Clay,Quarterfinals,5,Murray A.,Monfils G.,8,28.0,4120,1390.0,6.0,4.0,6.0,1.0,4.0,6.0,1.0,6.0,6.0,0.0,3.0,2.0,Completed,1.5,2.62,1.52,2.45,1.5,2.62,1.58,2.58,1.53,2.63,1.58,2.75,1.51,2.56
ATP,2014,32,Paris,French Open,2014-06-04,Grand Slam,Outdoor,Clay,Quarterfinals,5,Nadal R.,Ferrer D.,1,5.0,12500,5030.0,4.0,6.0,6.0,4.0,6.0,0.0,6.0,1.0,,,3.0,1.0,Completed,1.14,5.5,1.15,5.25,1.17,5.0,1.2,5.37,1.17,5.5,1.2,5.54,1.17,5.11
ATP,2014,32,Paris,French Open,2014-06-06,Grand Slam,Outdoor,Clay,Semifinals,5,Djokovic N.,Gulbis E.,2,17.0,11850,2050.0,6.0,3.0,6.0,3.0,3.0,6.0,6.0,3.0,,,3.0,1.0,Completed,1.1,7.0,1.13,5.75,1.12,6.0,1.13,7.66,1.13,6.5,1.15,7.85,1.12,6.52
ATP,2014,32,Paris,French Open,2014-06-06,Grand Slam,Outdoor,Clay,Semifinals,5,Nadal R.,Murray A.,1,8.0,12500,4120.0,6.0,3.0,6.0,2.0,6.0,1.0,,,,,3.0,0.0,Completed,1.12,6.0,1.13,5.5,1.14,5.5,1.13,7.72,1.17,5.5,1.2,7.75,1.13,6.13
ATP,2014,32,Paris,French Open,2014-06-08,Grand Slam,Outdoor,Clay,The Final,5,Nadal R.,Djokovic N.,1,2.0,12500,11850.0,3.0,6.0,7.0,5.0,6.0,2.0,6.0,4.0,,,3.0,1.0,Completed,1.66,2.2,1.7,2.1,1.67,2.2,1.74,2.28,1.67,2.3,1.75,2.5,1.68,2.23
ATP,2014,37,London,Wimbledon,2014-06-23,Grand Slam,Outdoor,Grass,1st Round,5,Gulbis E.,Zopp J.,10,272.0,2725,174.0,7.0,6.0,7.0,5.0,7.0,6.0,,,,,3.0,0.0,Completed,1.03,15.0,1.03,11.0,1.03,10.0,1.04,16.0,1.03,12.0,1.05,17.0,1.03,12.3
ATP,2014,37,London,Wimbledon,2014-06-23,Grand Slam,Outdoor,Grass,1st Round,5,Berdych T.,Hanescu V.,6,104.0,4680,552.0,6.0,7.0,6.0,1.0,6.0,4.0,6.0,3.0,,,3.0,1.0,Completed,1.03,15.0,1.03,11.0,1.03,12.0,1.03,17.5,1.04,11.0,1.05,21.0,1.03,12.72
ATP,2014,37,London,Wimbledon,2014-06-23,Grand Slam,Outdoor,Grass,1st Round,5,Simon G.,Kravchuk K.,44,221.0,1005,221.0,6.0,2.0,7.0,6.0,7.0,5.0,,,,,3.0,0.0,Completed,1.12,6.0,1.11,6.0,1.14,5.0,1.15,6.59,1.13,6.0,1.15,7.5,1.12,6.08
ATP,2014,37,London,Wimbledon,2014-06-23,Grand Slam,Outdoor,Grass,1st Round,5,Rola B.,Andujar P.,92,80.0,596,666.0,6.0,3.0,6.0,1.0,6.0,4.0,,,,,3.0,0.0,Completed,1.57,2.25,1.58,2.35,1.53,2.38,1.65,2.4,1.62,2.25,1.7,2.6,1.6,2.32
ATP,2014,37,London,Wimbledon,2014-06-23,Grand Slam,Outdoor,Grass,1st Round,5,Matosevic M.,Verdasco F.,58,24.0,827,1555.0,6.0,4.0,4.0,6.0,6.0,4.0,6.0,2.0,,,3.0,1.0,Completed,2.62,1.44,2.8,1.42,2.62,1.44,2.76,1.51,2.75,1.44,3.2,1.51,2.75,1.44
ATP,2014,37,London,Wimbledon,2014-06-23,Grand Slam,Outdoor,Grass,1st Round,5,Stakhovsky S.,Berlocq C.,90,43.0,610,1010.0,6.0,3.0,6.0,3.0,6.0,3.0,,,,,3.0,0.0,Completed,1.28,3.5,1.33,3.2,1.33,3.25,1.38,3.37,1.29,3.5,1.4,3.5,1.32,3.29
ATP,2014,37,London,Wimbledon,2014-06-23,Grand Slam,Outdoor,Grass,1st Round,5,Mayer L.,Seppi A.,64,36.0,784,1105.0,6.0,3.0,2.0,6.0,4.0,6.0,7.0,6.0,6.0,4.0,3.0,2.0,Completed,3.5,1.28,3.4,1.3,3.5,1.29,3.4,1.37,3.5,1.29,3.6,1.4,3.36,1.31
ATP,2014,37,London,Wimbledon,2014-06-23,Grand Slam,Outdoor,Grass,1st Round,5,Youzhny M.,Ward J.,16,154.0,1790,371.0,6.0,2.0,6.0,2.0,6.0,1.0,,,,,3.0,0.0,Completed,1.2,4.33,1.22,4.0,1.2,4.33,1.21,5.12,1.22,4.0,1.26,5.5,1.21,4.36
ATP,2014,37,London,Wimbledon,2014-06-23,Grand Slam,Outdoor,Grass,1st Round,5,Murray A.,Goffin D.,5,105.0,4680,548.0,6.0,1.0,6.0,4.0,7.0,5.0,,,,,3.0,0.0,Completed,1.04,13.0,1.03,11.0,1.03,12.0,1.04,16.0,1.04,11.0,1.05,16.0,1.03,12.43
ATP,2014,37,London,Wimbledon,2014-06-23,Grand Slam,Outdoor,Grass,1st Round,5,Wang J.,Gonzalez A.,147,76.0,397,705.0,6.0,3.0,6.0,3.0,6.0,2.0,,,,,3.0,0.0,Completed,1.2,4.33,1.22,4.0,1.2,4.33,1.26,4.38,1.22,4.0,1.27,4.5,1.22,4.13
ATP,2014,37,London,Wimbledon,2014-06-23,Grand Slam,Outdoor,Grass,1st Round,5,Chardy J.,Cox D.,42,214.0,1015,226.0,6.0,2.0,7.0,6.0,6.0,7.0,6.0,3.0,,,3.0,1.0,Completed,1.05,11.0,1.06,8.5,1.04,9.0,1.07,10.75,1.07,8.0,1.08,13.0,1.06,9.4
ATP,2014,37,London,Wimbledon,2014-06-23,Grand Slam,Outdoor,Grass,1st Round,5,Roger-Vasselin E.,Volandri F.,50,117.0,885,523.0,7.0,6.0,6.0,2.0,6.0,4.0,,,,,3.0,0.0,Completed,1.01,21.0,1.01,13.0,1.01,17.0,1.02,14.54,1.01,17.0,1.03,34.0,1.02,16.55
ATP,2014,37,London,Wimbledon,2014-06-23,Grand Slam,Outdoor,Grass,1st Round,5,Anderson K.,Bedene A.,18,140.0,1745,416.0,6.0,3.0,7.0,5.0,6.0,2.0,,,,,3.0,0.0,Completed,1.11,6.5,1.12,5.75,1.12,5.5,1.13,7.38,1.13,6.0,1.13,7.5,1.11,6.37
ATP,2014,37,London,Wimbledon,2014-06-23,Grand Slam,Outdoor,Grass,1st Round,5,Baghdatis M.,Brown D.,119,79.0,515,668.0,6.0,4.0,7.0,5.0,2.0,6.0,7.0,6.0,,,3.0,1.0,Completed,1.66,2.1,1.65,2.2,1.67,2.1,1.69,2.3,1.73,2.1,1.77,2.3,1.69,2.14
ATP,2014,37,London,Wimbledon,2014-06-23,Grand Slam,Outdoor,Grass,1st Round,5,Tomic B.,Donskoy E.,86,114.0,631,526.0,6.0,4.0,6.0,3.0,6.0,2.0,,,,,3.0,0.0,Completed,1.12,6.0,1.13,5.5,1.12,5.5,1.14,6.87,1.14,5.5,1.17,6.87,1.14,5.61
ATP,2014,37,London,Wimbledon,2014-06-23,Grand Slam,Outdoor,Grass,1st Round,5,Haase R.,Pospisil V.,53,33.0,865,1170.0,7.0,6.0,4.0,6.0,7.0,5.0,6.0,3.0,,,3.0,1.0,Completed,1.83,1.83,1.85,1.9,1.8,1.91,1.94,1.96,1.8,2.0,1.95,2.1,1.85,1.93
ATP,2014,37,London,Wimbledon,2014-06-23,Grand Slam,Outdoor,Grass,1st Round,5,Saville L.,Thiem D.,236,57.0,204,851.0,7.0,5.0,6.0,4.0,3.0,6.0,6.0,4.0,,,3.0,1.0,Completed,3.0,1.36,2.8,1.42,2.62,1.44,3.05,1.43,2.75,1.44,3.05,1.5,2.83,1.42
ATP,2014,37,London,Wimbledon,2014-06-23,Grand Slam,Outdoor,Grass,1st Round,5,Puetz T.,Gabashvili T.,251,61.0,191,798.0,2.0,6.0,6.0,4.0,6.0,2.0,6.0,2.0,,,3.0,1.0,Completed,1.33,3.25,1.35,3.1,1.3,3.4,1.35,3.49,1.57,2.25,1.57,3.5,1.35,3.16
ATP,2014,37,London,Wimbledon,2014-06-23,Grand Slam,Outdoor,Grass,1st Round,5,Dimitrov G.,Harrison R.,13,150.0,2595,386.0,7.0,6.0,6.0,3.0,6.0,2.0,,,,,3.0,0.0,Completed,1.07,9.0,1.08,7.5,1.08,8.0,1.09,9.16,1.08,7.5,1.1,10.0,1.08,8.01
ATP,2014,37,London,Wimbledon,2014-06-23,Grand Slam,Outdoor,Grass,1st Round,5,Ferrer D.,Carreno-Busta P.,7,60.0,4190,809.0,6.0,0.0,6.0,7.0,6.0,1.0,6.0,1.0,,,3.0,1.0,Completed,1.05,9.0,1.09,7.0,1.08,8.0,1.08,10.25,1.08,7.5,1.11,11.0,1.07,8.37
ATP,2014,37,London,Wimbledon,2014-06-23,Grand Slam,Outdoor,Grass,1st Round,5,Bautista R.,Johnson S.,23,70.0,1580,727.0,6.0,3.0,6.0,7.0,6.0,4.0,7.0,5.0,,,3.0,1.0,Completed,1.36,3.0,1.42,2.8,1.4,2.75,1.43,3.05,1.44,2.75,1.47,3.2,1.4,2.88
ATP,2014,37,London,Wimbledon,2014-06-23,Grand Slam,Outdoor,Grass,1st Round,5,Stepanek R.,Cuevas P.,38,112.0,1085,531.0,6.0,2.0,6.0,4.0,6.0,4.0,,,,,3.0,0.0,Completed,1.08,8.0,1.08,7.5,1.08,7.0,1.11,8.04,1.07,8.0,1.11,9.0,1.09,7.29
ATP,2014,37,London,Wimbledon,2014-06-23,Grand Slam,Outdoor,Grass,1st Round,5,Hernych J.,Kamke T.,285,87.0,165,629.0,6.0,3.0,6.0,7.0,6.0,3.0,5.0,7.0,6.0,4.0,3.0,2.0,Completed,2.62,1.44,2.45,1.52,2.5,1.44,2.44,1.63,2.5,1.53,2.7,1.63,2.51,1.52
ATP,2014,37,London,Wimbledon,2014-06-23,Grand Slam,Outdoor,Grass,1st Round,5,Cilic M.,Mathieu P.H.,29,89.0,1350,611.0,6.0,4.0,6.0,7.0,6.0,2.0,6.0,1.0,,,3.0,1.0,Completed,1.16,5.0,1.18,4.5,1.17,4.5,1.21,5.0,1.17,5.0,1.21,5.25,1.18,4.8
ATP,2014,37,London,Wimbledon,2014-06-23,Grand Slam,Outdoor,Grass,1st Round,5,Fognini F.,Kuznetsov Al.,15,148.0,2155,394.0,2.0,6.0,1.0,6.0,6.0,4.0,6.0,1.0,9.0,7.0,3.0,2.0,Completed,1.22,4.0,1.25,3.75,1.29,3.5,1.28,4.14,1.33,3.25,1.33,4.14,1.26,3.79
ATP,2014,37,London,Wimbledon,2014-06-23,Grand Slam,Outdoor,Grass,1st Round,5,Haider-Maurer A.,Edmund K.,95,320.0,589,145.0,6.0,3.0,7.0,6.0,6.0,2.0,,,,,3.0,0.0,Completed,2.62,1.44,2.45,1.52,2.5,1.5,2.66,1.54,2.5,1.53,2.66,1.6,2.53,1.51
ATP,2014,37,London,Wimbledon,2014-06-23,Grand Slam,Outdoor,Grass,1st Round,5,Djokovic N.,Golubev A.,2,56.0,12330,852.0,6.0,0.0,6.0,1.0,6.0,4.0,,,,,3.0,0.0,Completed,1.01,26.0,1.01,13.0,1.01,26.0,1.01,27.22,1.02,15.0,1.02,35.0,1.01,19.63
ATP,2014,37,London,Wimbledon,2014-06-23,Grand Slam,Outdoor,Grass,1st Round,5,Kuznetsov An.,Evans D.,118,143.0,519,404.0,6.0,1.0,7.0,5.0,3.0,6.0,7.0,6.0,,,3.0,1.0,Completed,1.61,2.2,1.62,2.25,1.57,2.38,1.69,2.3,1.62,2.25,1.69,2.38,1.63,2.24
ATP,2014,37,London,Wimbledon,2014-06-23,Grand Slam,Outdoor,Grass,1st Round,5,Dolgopolov O.,Groth S.,19,124.0,1680,471.0,7.0,5.0,7.0,6.0,7.0,6.0,,,,,3.0,0.0,Completed,1.4,2.75,1.48,2.6,1.4,2.75,1.54,2.66,1.4,2.88,1.54,2.88,1.46,2.67
ATP,2014,37,London,Wimbledon,2014-06-23,Grand Slam,Outdoor,Grass,1st Round,5,Becker B.,Young D.,65,69.0,783,732.0,6.0,4.0,6.0,3.0,6.0,4.0,,,,,3.0,0.0,Completed,1.44,2.62,1.55,2.4,1.5,2.5,1.63,2.43,1.53,2.5,1.63,2.65,1.55,2.44
ATP,2014,37,London,Wimbledon,2014-06-24,Grand Slam,Outdoor,Grass,1st Round,5,Granollers M.,Mahut N.,224,54.0,216,860.0,6.0,4.0,7.0,6.0,6.0,7.0,6.0,4.0,,,3.0,1.0,Completed,3.0,1.36,3.1,1.35,3.0,1.36,2.74,1.51,2.63,1.5,3.1,1.51,2.8,1.42
ATP,2014,37,London,Wimbledon,2014-06-24,Grand Slam,Outdoor,Grass,1st Round,5,Hewitt L.,Przysiezny M.,48,120.0,950,512.0,6.0,2.0,6.0,7.0,6.0,1.0,6.0,4.0,,,3.0,1.0,Completed,1.12,6.0,1.13,5.5,1.12,6.0,1.1,8.6,1.13,6.0,1.15,8.6,1.12,6.28
ATP,2014,37,London,Wimbledon,2014-06-24,Grand Slam,Outdoor,Grass,1st Round,5,Kudla D.,Ilhan M.,136,151.0,428,384.0,7.0,6.0,6.0,4.0,4.0,6.0,7.0,5.0,,,3.0,1.0,Completed,1.5,2.5,1.52,2.45,1.53,2.38,1.5,2.79,1.53,2.5,1.59,2.8,1.5,2.56
ATP,2014,37,London,Wimbledon,2014-06-24,Grand Slam,Outdoor,Grass,1st Round,5,Janowicz J.,Devvarman S.,25,125.0,1510,462.0,4.0,6.0,6.0,3.0,6.0,3.0,3.0,6.0,6.0,3.0,3.0,2.0,Completed,1.12,6.0,1.13,5.5,1.12,5.5,1.13,7.04,1.17,5.0,1.17,7.04,1.13,6.01
ATP,2014,37,London,Wimbledon,2014-06-24,Grand Slam,Outdoor,Grass,1st Round,5,Kyrgios N.,Robert S.,144,78.0,400,687.0,7.0,6.0,7.0,6.0,6.0,7.0,6.0,2.0,,,3.0,1.0,Completed,1.28,3.5,1.33,3.2,1.29,3.5,1.31,3.83,1.25,3.75,1.38,3.83,1.32,3.34
ATP,2014,37,London,Wimbledon,2014-06-24,Grand Slam,Outdoor,Grass,1st Round,5,Lajovic D.,Garcia-Lopez G.,84,34.0,650,1163.0,7.0,6.0,6.0,2.0,3.0,6.0,3.0,6.0,6.0,3.0,3.0,2.0,Completed,3.75,1.25,3.5,1.28,3.5,1.29,3.85,1.31,3.5,1.29,4.0,1.33,3.62,1.28
ATP,2014,37,London,Wimbledon,2014-06-24,Grand Slam,Outdoor,Grass,1st Round,5,Lu Y.H.,Nedovyesov A.,47,102.0,958,560.0,6.0,4.0,4.0,6.0,6.0,4.0,1.0,6.0,6.0,1.0,3.0,2.0,Completed,1.18,4.5,1.18,4.5,1.2,4.33,1.18,5.65,1.2,4.5,1.24,5.65,1.19,4.57
ATP,2014,37,London,Wimbledon,2014-06-24,Grand Slam,Outdoor,Grass,1st Round,5,Nishikori K.,De Schepper K.,12,73.0,2690,711.0,6.0,4.0,7.0,6.0,7.0,5.0,,,,,3.0,0.0,Completed,1.11,6.5,1.13,5.5,1.11,6.0,1.13,7.18,1.14,5.5,1.15,7.18,1.12,6.13
ATP,2014,37,London,Wimbledon,2014-06-24,Grand Slam,Outdoor,Grass,1st Round,5,Giraldo S.,Gimeno-Traver D.,35,96.0,1118,587.0,6.0,1.0,7.0,5.0,6.0,0.0,,,,,3.0,0.0,Completed,1.18,4.5,1.22,4.0,1.2,4.33,1.24,4.63,1.2,4.5,1.25,4.8,1.21,4.24
ATP,2014,37,London,Wimbledon,2014-06-24,Grand Slam,Outdoor,Grass,1st Round,5,Kubot L.,Struff J.L.,72,66.0,713,766.0,7.0,6.0,6.0,4.0,6.0,4.0,,,,,3.0,0.0,Completed,2.2,1.61,2.1,1.7,2.2,1.62,2.44,1.63,2.2,1.67,2.44,1.75,2.23,1.64
ATP,2014,37,London,Wimbledon,2014-06-24,Grand Slam,Outdoor,Grass,1st Round,5,Wawrinka S.,Sousa J.,3,41.0,5420,1030.0,6.0,3.0,6.0,4.0,6.0,3.0,,,,,3.0,0.0,Completed,1.18,4.5,1.22,4.0,1.2,4.5,1.24,4.54,1.22,4.0,1.27,5.0,1.21,4.27
ATP,2014,37,London,Wimbledon,2014-06-24,Grand Slam,Outdoor,Grass,1st Round,5,Tsonga J.W.,Melzer J.,17,49.0,1775,940.0,6.0,1.0,3.0,6.0,3.0,6.0,6.0,2.0,6.0,4.0,3.0,2.0,Completed,1.2,4.33,1.25,3.75,1.22,4.33,1.26,4.34,1.22,4.0,1.3,4.34,1.25,3.92
ATP,2014,37,London,Wimbledon,2014-06-24,Grand Slam,Outdoor,Grass,1st Round,5,Gasquet R.,Duckworth J.,14,161.0,2415,346.0,6.0,7.0,6.0,3.0,3.0,6.0,6.0,0.0,6.0,1.0,3.0,2.0,Completed,1.11,6.5,1.12,5.75,1.11,6.0,1.17,6.02,1.13,6.0,1.17,7.0,1.13,5.92
ATP,2014,37,London,Wimbledon,2014-06-24,Grand Slam,Outdoor,Grass,1st Round,5,Federer R.,Lorenzi P.,4,83.0,4945,653.0,6.0,1.0,6.0,1.0,6.0,3.0,,,,,3.0,0.0,Completed,1.002,34.0,1.01,13.0,1.01,26.0,1.01,41.0,1.01,17.0,1.01,51.5,1.01,22.88
ATP,2014,37,London,Wimbledon,2014-06-24,Grand Slam,Outdoor,Grass,1st Round,5,Dancevic F.,Karlovic I.,107,32.0,544,1181.0,6.0,4.0,7.0,6.0,7.0,6.0,,,,,3.0,0.0,Completed,3.4,1.3,3.1,1.35,3.25,1.33,3.44,1.36,3.25,1.33,3.44,1.4,3.19,1.35
ATP,2014,37,London,Wimbledon,2014-06-24,Grand Slam,Outdoor,Grass,1st Round,5,Rosol L.,Paire B.,52,71.0,865,715.0,6.0,3.0,3.0,6.0,7.0,6.0,6.0,4.0,,,3.0,1.0,Completed,1.53,2.37,1.62,2.25,1.67,2.1,1.65,2.4,1.67,2.2,1.67,2.45,1.61,2.3
ATP,2014,37,London,Wimbledon,2014-06-24,Grand Slam,Outdoor,Grass,1st Round,5,Lopez F.,Sugita Y.,26,145.0,1455,399.0,7.0,6.0,7.0,6.0,7.0,6.0,,,,,3.0,0.0,Completed,1.07,9.0,1.07,8.0,1.08,7.0,1.07,11.25,1.1,7.0,1.1,11.25,1.06,8.81
ATP,2014,37,London,Wimbledon,2014-06-24,Grand Slam,Outdoor,Grass,1st Round,5,Querrey S.,Klahn B.,67,75.0,755,707.0,6.0,7.0,6.0,4.0,6.0,1.0,7.0,5.0,,,3.0,1.0,Completed,1.12,6.0,1.2,4.3,1.12,5.5,1.24,4.56,1.14,5.5,1.24,6.03,1.17,5.02
ATP,2014,37,London,Wimbledon,2014-06-24,Grand Slam,Outdoor,Grass,1st Round,5,Nadal R.,Klizan M.,1,51.0,12500,865.0,4.0,6.0,6.0,3.0,6.0,3.0,6.0,3.0,,,3.0,1.0,Completed,1.1,7.0,1.11,6.0,1.11,6.5,1.09,9.16,1.11,6.5,1.12,9.16,1.1,6.93
ATP,2014,37,London,Wimbledon,2014-06-24,Grand Slam,Outdoor,Grass,1st Round,5,Raonic M.,Ebden M.,9,85.0,3245,632.0,6.0,2.0,6.0,4.0,6.0,4.0,,,,,3.0,0.0,Completed,1.11,6.5,1.11,6.0,1.11,6.5,1.15,6.52,1.1,7.0,1.15,7.0,1.12,6.12
ATP,2014,37,London,Wimbledon,2014-06-24,Grand Slam,Outdoor,Grass,1st Round,5,Kukushkin M.,Sela D.,63,101.0,787,561.0,6.0,4.0,6.0,4.0,6.0,4.0,,,,,3.0,0.0,Completed,2.1,1.66,2.1,1.7,2.1,1.67,2.3,1.69,2.2,1.67,2.3,1.83,2.12,1.7
ATP,2014,37,London,Wimbledon,2014-06-24,Grand Slam,Outdoor,Grass,1st Round,5,Pavic A.,Falla A.,163,55.0,345,853.0,6.0,4.0,6.0,3.0,7.0,5.0,,,,,3.0,0.0,Completed,3.5,1.28,3.4,1.3,3.0,1.36,3.56,1.34,3.5,1.29,3.6,1.36,3.39,1.31
ATP,2014,37,London,Wimbledon,2014-06-24,Grand Slam,Outdoor,Grass,1st Round,5,Sock J.,Herbert P.H.,77,130.0,698,447.0,6.0,7.0,6.0,2.0,7.0,6.0,6.0,4.0,,,3.0,1.0,Completed,1.57,2.25,1.7,2.1,1.67,2.1,1.74,2.22,1.67,2.2,1.74,2.25,1.68,2.15
ATP,2014,37,London,Wimbledon,2014-06-24,Grand Slam,Outdoor,Grass,1st Round,5,Muller G.,Benneteau J.,103,46.0,555,970.0,6.0,4.0,7.0,6.0,7.0,6.0,,,,,3.0,0.0,Completed,2.0,1.72,2.0,1.8,2.0,1.73,2.06,1.85,1.91,1.91,2.1,1.91,2.03,1.77
ATP,2014,37,London,Wimbledon,2014-06-24,Grand Slam,Outdoor,Grass,1st Round,5,Bolelli S.,Ito T.,132,129.0,445,448.0,7.0,5.0,7.0,6.0,3.0,6.0,7.0,6.0,,,3.0,1.0,Completed,1.44,2.62,1.5,2.5,1.53,2.38,1.58,2.54,1.53,2.5,1.59,2.65,1.51,2.53
ATP,2014,37,London,Wimbledon,2014-06-24,Grand Slam,Outdoor,Grass,1st Round,5,Isner J.,Smethurst D.,11,234.0,2690,205.0,7.0,5.0,6.0,3.0,6.0,4.0,,,,,3.0,0.0,Completed,1.04,13.0,1.04,10.0,1.04,11.0,1.05,13.0,1.03,12.0,1.06,13.25,1.04,10.91
ATP,2014,37,London,Wimbledon,2014-06-24,Grand Slam,Outdoor,Grass,1st Round,5,Monfils G.,Jaziri M.,21,121.0,1635,510.0,7.0,6.0,7.0,5.0,6.0,4.0,,,,,3.0,0.0,Completed,1.08,8.0,1.1,6.5,1.08,7.0,1.09,9.16,1.11,6.5,1.12,9.85,1.09,7.44
ATP,2014,37,London,Wimbledon,2014-06-24,Grand Slam,Outdoor,Grass,1st Round,5,Istomin D.,Tursunov D.,45,31.0,985,1200.0,7.0,5.0,6.0,4.0,3.0,6.0,6.0,2.0,,,3.0,1.0,Completed,1.44,2.62,1.45,2.7,1.4,2.75,1.54,2.66,1.36,3.0,1.54,3.0,1.44,2.74
ATP,2014,37,London,Wimbledon,2014-06-24,Grand Slam,Outdoor,Grass,1st Round,5,Nieminen J.,Delbonis F.,62,37.0,790,1099.0,6.0,3.0,7.0,6.0,7.0,5.0,,,,,3.0,0.0,Completed,1.18,4.5,1.18,4.5,1.22,4.0,1.24,4.65,1.2,4.5,1.24,5.25,1.2,4.42
ATP,2014,37,London,Wimbledon,2014-06-24,Grand Slam,Outdoor,Grass,1st Round,5,Vesely J.,Estrella Burgos V.,68,91.0,741,600.0,5.0,1.0,,,,,,,,,0.0,0.0,Retired,1.2,4.33,1.2,4.3,1.22,4.0,1.2,5.24,1.22,4.0,1.23,5.24,1.2,4.44
ATP,2014,37,London,Wimbledon,2014-06-24,Grand Slam,Outdoor,Grass,1st Round,5,Reister J.,Russell M.,110,94.0,535,593.0,6.0,4.0,6.0,4.0,6.0,7.0,4.0,6.0,7.0,5.0,3.0,2.0,Completed,1.4,2.75,1.45,2.7,1.44,2.62,1.52,2.74,1.44,2.75,1.52,2.95,1.45,2.7
ATP,2014,37,London,Wimbledon,2014-06-24,Grand Slam,Outdoor,Grass,1st Round,5,Mannarino A.,Riba P.,81,82.0,664,662.0,6.0,2.0,6.0,3.0,6.0,4.0,,,,,3.0,0.0,Completed,1.08,8.0,1.1,6.5,1.08,7.0,1.09,9.16,1.08,7.5,1.1,9.76,1.08,7.7
ATP,2014,37,London,Wimbledon,2014-06-24,Grand Slam,Outdoor,Grass,1st Round,5,Kohlschreiber P.,Sijsling I.,28,59.0,1440,818.0,6.0,4.0,6.0,4.0,6.0,2.0,,,,,3.0,0.0,Completed,1.25,3.75,1.28,3.5,1.25,3.75,1.31,3.83,1.25,3.75,1.31,4.0,1.27,3.71
ATP,2014,37,London,Wimbledon,2014-06-24,Grand Slam,Outdoor,Grass,1st Round,5,Robredo T.,Lacko L.,22,88.0,1630,629.0,7.0,6.0,1.0,6.0,6.0,2.0,6.0,4.0,,,3.0,1.0,Completed,1.53,2.37,1.55,2.4,1.57,2.25,1.55,2.63,1.57,2.38,1.61,2.63,1.55,2.42
ATP,2014,37,London,Wimbledon,2014-06-25,Grand Slam,Outdoor,Grass,2nd Round,5,Anderson K.,Roger-Vasselin E.,18,50.0,1745,885.0,7.0,6.0,1.0,6.0,6.0,3.0,6.0,4.0,,,3.0,1.0,Completed,1.36,3.0,1.42,2.8,1.4,2.75,1.4,3.22,1.4,2.75,1.44,3.22,1.4,2.9
ATP,2014,37,London,Wimbledon,2014-06-25,Grand Slam,Outdoor,Grass,2nd Round,5,Chardy J.,Matosevic M.,42,58.0,1015,827.0,6.0,7.0,7.0,6.0,7.0,6.0,4.0,6.0,7.0,5.0,3.0,2.0,Completed,2.1,1.66,2.15,1.68,2.1,1.67,2.11,1.81,2.0,1.8,2.15,1.83,2.07,1.74
ATP,2014,37,London,Wimbledon,2014-06-25,Grand Slam,Outdoor,Grass,2nd Round,5,Stakhovsky S.,Gulbis E.,90,10.0,610,2725.0,6.0,4.0,6.0,3.0,7.0,6.0,,,,,3.0,0.0,Completed,3.5,1.28,3.4,1.3,3.5,1.29,3.49,1.36,3.5,1.29,3.56,1.38,3.35,1.32
ATP,2014,37,London,Wimbledon,2014-06-25,Grand Slam,Outdoor,Grass,2nd Round,5,Murray A.,Rola B.,5,92.0,4680,596.0,6.0,1.0,6.0,1.0,6.0,0.0,,,,,3.0,0.0,Completed,1.01,26.0,1.01,13.0,1.01,26.0,1.01,41.0,1.01,17.0,1.02,49.0,1.01,22.05
ATP,2014,37,London,Wimbledon,2014-06-25,Grand Slam,Outdoor,Grass,2nd Round,5,Dolgopolov O.,Becker B.,19,65.0,1680,783.0,6.0,7.0,7.0,6.0,6.0,3.0,6.0,4.0,,,3.0,1.0,Completed,1.4,2.75,1.42,2.8,1.44,2.62,1.47,2.92,1.53,2.5,1.53,3.05,1.44,2.77
ATP,2014,37,London,Wimbledon,2014-06-25,Grand Slam,Outdoor,Grass,2nd Round,5,Mayer L.,Baghdatis M.,64,119.0,784,515.0,7.0,6.0,4.0,6.0,6.0,1.0,6.0,4.0,,,3.0,1.0,Completed,2.75,1.4,2.7,1.45,2.75,1.44,2.8,1.5,3.25,1.33,3.25,1.52,2.68,1.46
ATP,2014,37,London,Wimbledon,2014-06-25,Grand Slam,Outdoor,Grass,2nd Round,5,Fognini F.,Puetz T.,15,251.0,2155,191.0,2.0,6.0,6.0,4.0,7.0,6.0,6.0,3.0,,,3.0,1.0,Completed,1.28,3.5,1.28,3.5,1.29,3.5,1.37,3.35,1.29,3.5,1.37,3.6,1.3,3.43
ATP,2014,37,London,Wimbledon,2014-06-25,Grand Slam,Outdoor,Grass,2nd Round,5,Dimitrov G.,Saville L.,13,236.0,2595,204.0,6.0,3.0,6.0,2.0,6.0,4.0,,,,,3.0,0.0,Completed,1.02,17.0,1.03,11.0,1.02,15.0,1.03,19.0,1.03,12.0,1.04,22.9,1.03,13.21
ATP,2014,37,London,Wimbledon,2014-06-25,Grand Slam,Outdoor,Grass,2nd Round,5,Bautista R.,Hernych J.,23,285.0,1580,165.0,7.0,5.0,4.0,6.0,6.0,2.0,6.0,2.0,,,3.0,1.0,Completed,1.18,4.5,1.22,4.0,1.17,4.5,1.23,4.77,1.17,5.0,1.26,5.0,1.21,4.32
ATP,2014,37,London,Wimbledon,2014-06-25,Grand Slam,Outdoor,Grass,2nd Round,5,Kuznetsov An.,Ferrer D.,118,7.0,519,4190.0,6.0,7.0,6.0,0.0,3.0,6.0,6.0,3.0,6.0,2.0,3.0,2.0,Completed,8.0,1.08,7.5,1.08,8.5,1.07,8.6,1.1,8.0,1.07,10.0,1.11,7.74,1.08
ATP,2014,37,London,Wimbledon,2014-06-25,Grand Slam,Outdoor,Grass,2nd Round,5,Cilic M.,Haider-Maurer A.,29,95.0,1350,589.0,3.0,6.0,6.0,1.0,6.0,4.0,6.0,4.0,,,3.0,1.0,Completed,1.06,10.0,1.06,8.5,1.06,8.0,1.06,11.75,1.08,7.5,1.08,11.75,1.06,9.02
ATP,2014,37,London,Wimbledon,2014-06-25,Grand Slam,Outdoor,Grass,2nd Round,5,Berdych T.,Tomic B.,6,86.0,4680,631.0,4.0,6.0,7.0,6.0,7.0,6.0,6.0,1.0,,,3.0,1.0,Completed,1.22,4.0,1.25,3.75,1.22,4.33,1.29,3.97,1.22,4.0,1.29,4.33,1.25,3.85
ATP,2014,37,London,Wimbledon,2014-06-25,Grand Slam,Outdoor,Grass,2nd Round,5,Djokovic N.,Stepanek R.,2,38.0,12330,1085.0,6.0,4.0,6.0,3.0,6.0,7.0,7.0,6.0,,,3.0,1.0,Completed,1.03,15.0,1.03,11.0,1.02,15.0,1.03,17.5,1.03,12.0,1.04,19.0,1.03,13.13
ATP,2014,37,London,Wimbledon,2014-06-25,Grand Slam,Outdoor,Grass,2nd Round,5,Wang J.,Youzhny M.,147,16.0,397,1790.0,7.0,6.0,6.0,2.0,6.0,7.0,6.0,3.0,,,3.0,1.0,Completed,4.33,1.2,4.3,1.2,4.33,1.2,4.22,1.27,4.5,1.2,4.5,1.27,4.27,1.21
ATP,2014,37,London,Wimbledon,2014-06-25,Grand Slam,Outdoor,Grass,2nd Round,5,Simon G.,Haase R.,44,53.0,1005,865.0,7.0,6.0,6.0,4.0,6.0,4.0,,,,,3.0,0.0,Completed,1.53,2.37,1.62,2.25,1.57,2.25,1.69,2.3,1.67,2.2,1.69,2.55,1.61,2.29
ATP,2014,37,London,Wimbledon,2014-06-26,Grand Slam,Outdoor,Grass,2nd Round,5,Bolelli S.,Kohlschreiber P.,132,28.0,445,1440.0,4.0,6.0,6.0,4.0,6.0,3.0,2.0,6.0,7.0,5.0,3.0,2.0,Completed,6.0,1.12,5.5,1.13,5.0,1.14,5.63,1.18,6.0,1.13,7.5,1.18,5.68,1.13
ATP,2014,37,London,Wimbledon,2014-06-26,Grand Slam,Outdoor,Grass,2nd Round,5,Nishikori K.,Kudla D.,12,136.0,2690,428.0,6.0,3.0,6.0,2.0,6.0,1.0,,,,,3.0,0.0,Completed,1.07,9.0,1.08,7.5,1.08,7.0,1.08,10.25,1.07,8.0,1.1,10.25,1.07,8.14
ATP,2014,37,London,Wimbledon,2014-06-26,Grand Slam,Outdoor,Grass,2nd Round,5,Vesely J.,Monfils G.,68,21.0,741,1635.0,7.0,6.0,6.0,3.0,6.0,7.0,6.0,7.0,6.0,4.0,3.0,2.0,Completed,3.75,1.25,3.75,1.25,3.4,1.3,3.64,1.33,3.25,1.33,3.8,1.33,3.52,1.29
ATP,2014,37,London,Wimbledon,2014-06-26,Grand Slam,Outdoor,Grass,2nd Round,5,Kukushkin M.,Dancevic F.,63,107.0,787,544.0,6.0,3.0,6.0,3.0,6.0,2.0,,,,,3.0,0.0,Completed,2.25,1.57,2.25,1.62,2.2,1.62,2.18,1.77,2.38,1.57,2.4,1.77,2.21,1.65
ATP,2014,37,London,Wimbledon,2014-06-26,Grand Slam,Outdoor,Grass,2nd Round,5,Kyrgios N.,Gasquet R.,144,14.0,400,2415.0,3.0,6.0,6.0,7.0,6.0,4.0,7.0,5.0,10.0,8.0,3.0,2.0,Completed,3.75,1.25,4.3,1.2,4.0,1.25,4.38,1.26,3.75,1.25,4.5,1.3,3.95,1.24
ATP,2014,37,London,Wimbledon,2014-06-26,Grand Slam,Outdoor,Grass,2nd Round,5,Kubot L.,Lajovic D.,72,84.0,713,650.0,6.0,7.0,7.0,6.0,6.0,3.0,7.0,6.0,,,3.0,1.0,Completed,1.36,3.0,1.48,2.6,1.44,2.62,1.47,2.89,1.44,2.75,1.5,3.0,1.46,2.7
ATP,2014,37,London,Wimbledon,2014-06-26,Grand Slam,Outdoor,Grass,2nd Round,5,Raonic M.,Sock J.,9,77.0,3245,698.0,6.0,3.0,6.0,4.0,6.0,4.0,,,,,3.0,0.0,Completed,1.16,5.0,1.17,4.75,1.22,4.33,1.18,5.62,1.2,4.5,1.23,5.62,1.18,4.71
ATP,2014,37,London,Wimbledon,2014-06-26,Grand Slam,Outdoor,Grass,2nd Round,5,Nadal R.,Rosol L.,1,52.0,12500,865.0,4.0,6.0,7.0,6.0,6.0,4.0,6.0,4.0,,,3.0,1.0,Completed,1.07,9.0,1.08,7.5,1.08,8.0,1.09,9.16,1.1,7.0,1.1,9.4,1.08,7.77
ATP,2014,37,London,Wimbledon,2014-06-26,Grand Slam,Outdoor,Grass,2nd Round,5,Robredo T.,Mannarino A.,22,81.0,1630,664.0,6.0,4.0,6.0,1.0,7.0,6.0,,,,,3.0,0.0,Completed,1.66,2.1,1.75,2.05,1.67,2.1,1.79,2.14,1.73,2.1,1.83,2.2,1.73,2.08
ATP,2014,37,London,Wimbledon,2014-06-26,Grand Slam,Outdoor,Grass,2nd Round,5,Wawrinka S.,Lu Y.H.,3,47.0,5420,958.0,7.0,6.0,6.0,3.0,3.0,6.0,7.0,5.0,,,3.0,1.0,Completed,1.11,6.5,1.13,5.5,1.14,5.5,1.15,6.34,1.14,5.5,1.15,6.75,1.12,5.98
ATP,2014,37,London,Wimbledon,2014-06-26,Grand Slam,Outdoor,Grass,2nd Round,5,Istomin D.,Reister J.,45,110.0,985,535.0,7.0,6.0,6.0,4.0,6.0,4.0,,,,,3.0,0.0,Completed,1.14,5.0,1.16,5.0,1.2,4.33,1.19,5.4,1.17,5.0,1.2,5.4,1.17,4.84
ATP,2014,37,London,Wimbledon,2014-06-26,Grand Slam,Outdoor,Grass,2nd Round,5,Tsonga J.W.,Querrey S.,17,67.0,1775,755.0,4.0,6.0,7.0,6.0,6.0,7.0,6.0,3.0,14.0,12.0,3.0,2.0,Completed,1.28,3.5,1.33,3.2,1.3,3.5,1.38,3.35,1.33,3.25,1.4,3.5,1.34,3.18
ATP,2014,37,London,Wimbledon,2014-06-26,Grand Slam,Outdoor,Grass,2nd Round,5,Isner J.,Nieminen J.,11,62.0,2690,790.0,7.0,6.0,7.0,6.0,7.0,5.0,,,,,3.0,0.0,Completed,1.28,3.5,1.33,3.2,1.3,3.5,1.35,3.51,1.29,3.5,1.37,3.51,1.32,3.33
ATP,2014,37,London,Wimbledon,2014-06-26,Grand Slam,Outdoor,Grass,2nd Round,5,Federer R.,Muller G.,4,103.0,4945,555.0,6.0,3.0,7.0,5.0,6.0,3.0,,,,,3.0,0.0,Completed,1.06,10.0,1.04,10.0,1.05,10.0,1.07,10.75,1.06,9.0,1.08,12.0,1.06,9.58
ATP,2014,37,London,Wimbledon,2014-06-27,Grand Slam,Outdoor,Grass,2nd Round,5,Lopez F.,Pavic A.,26,163.0,1455,345.0,6.0,4.0,7.0,6.0,7.0,5.0,,,,,3.0,0.0,Completed,1.12,6.0,1.15,5.25,1.17,4.5,1.14,6.7,1.17,5.0,1.17,6.7,1.14,5.53
ATP,2014,37,London,Wimbledon,2014-06-27,Grand Slam,Outdoor,Grass,2nd Round,5,Giraldo S.,Granollers M.,35,224.0,1118,216.0,4.0,6.0,7.0,6.0,1.0,6.0,6.0,1.0,7.0,5.0,3.0,2.0,Completed,1.83,1.83,1.85,1.9,1.83,1.83,1.99,1.92,1.91,1.91,2.0,1.98,1.89,1.89
ATP,2014,37,London,Wimbledon,2014-06-27,Grand Slam,Outdoor,Grass,2nd Round,5,Janowicz J.,Hewitt L.,25,48.0,1510,950.0,7.0,5.0,6.0,4.0,6.0,7.0,4.0,6.0,6.0,3.0,3.0,2.0,Completed,2.2,1.61,2.25,1.62,2.2,1.67,2.2,1.75,2.2,1.67,2.37,1.77,2.21,1.66
ATP,2014,37,London,Wimbledon,2014-06-27,Grand Slam,Outdoor,Grass,3rd Round,5,Anderson K.,Fognini F.,18,15.0,1745,2155.0,4.0,6.0,6.0,4.0,2.0,6.0,6.0,2.0,6.0,1.0,3.0,2.0,Completed,1.28,3.5,1.3,3.4,1.3,3.5,1.33,3.73,1.29,3.5,1.34,3.8,1.3,3.44
ATP,2014,37,London,Wimbledon,2014-06-27,Grand Slam,Outdoor,Grass,3rd Round,5,Djokovic N.,Simon G.,2,44.0,12330,1005.0,6.0,4.0,6.0,2.0,6.0,4.0,,,,,3.0,0.0,Completed,1.01,21.0,1.03,11.0,1.03,12.0,1.03,21.0,1.03,12.0,1.05,21.0,1.03,14.46
ATP,2014,37,London,Wimbledon,2014-06-27,Grand Slam,Outdoor,Grass,3rd Round,5,Tsonga J.W.,Wang J.,17,147.0,1775,397.0,6.0,2.0,6.0,2.0,7.0,5.0,,,,,3.0,0.0,Completed,1.14,5.5,1.15,5.25,1.12,6.0,1.2,5.3,1.17,5.0,1.2,6.0,1.16,5.16
ATP,2014,37,London,Wimbledon,2014-06-27,Grand Slam,Outdoor,Grass,3rd Round,5,Mayer L.,Kuznetsov An.,64,118.0,784,519.0,6.0,4.0,7.0,6.0,6.0,3.0,,,,,3.0,0.0,Completed,1.83,1.83,2.0,1.8,2.0,1.8,1.99,1.93,2.0,1.8,2.1,1.93,1.96,1.82
ATP,2014,37,London,Wimbledon,2014-06-27,Grand Slam,Outdoor,Grass,3rd Round,5,Chardy J.,Stakhovsky S.,42,90.0,1015,610.0,6.0,3.0,6.0,7.0,6.0,3.0,6.0,0.0,,,3.0,1.0,Completed,2.1,1.66,2.0,1.8,2.1,1.73,2.1,1.84,2.1,1.73,2.2,1.84,2.1,1.73
ATP,2014,37,London,Wimbledon,2014-06-27,Grand Slam,Outdoor,Grass,3rd Round,5,Dimitrov G.,Dolgopolov O.,13,19.0,2595,1680.0,6.0,7.0,6.0,4.0,2.0,6.0,6.0,4.0,6.0,1.0,3.0,2.0,Completed,1.3,3.4,1.33,3.2,1.3,3.5,1.37,3.36,1.29,3.5,1.38,3.6,1.32,3.36
ATP,2014,37,London,Wimbledon,2014-06-27,Grand Slam,Outdoor,Grass,3rd Round,5,Murray A.,Bautista R.,5,23.0,4680,1580.0,6.0,2.0,6.0,3.0,6.0,2.0,,,,,3.0,0.0,Completed,1.05,11.0,1.06,8.5,1.04,11.0,1.06,12.5,1.06,8.5,1.07,14.15,1.05,9.67
ATP,2014,37,London,Wimbledon,2014-06-27,Grand Slam,Outdoor,Grass,3rd Round,5,Cilic M.,Berdych T.,29,6.0,1350,4680.0,7.0,6.0,6.0,4.0,7.0,6.0,,,,,3.0,0.0,Completed,2.25,1.57,2.4,1.55,2.25,1.62,2.46,1.63,2.2,1.67,2.55,1.71,2.26,1.63
ATP,2014,37,London,Wimbledon,2014-06-28,Grand Slam,Outdoor,Grass,3rd Round,5,Kyrgios N.,Vesely J.,144,68.0,400,741.0,3.0,6.0,6.0,3.0,7.0,5.0,6.0,2.0,,,3.0,1.0,Completed,1.8,2.0,1.8,2.0,1.8,2.0,1.8,2.14,1.8,2.0,1.87,2.15,1.79,2.0
ATP,2014,37,London,Wimbledon,2014-06-28,Grand Slam,Outdoor,Grass,3rd Round,5,Raonic M.,Kubot L.,9,72.0,3245,713.0,7.0,6.0,7.0,6.0,6.0,2.0,,,,,3.0,0.0,Completed,1.1,7.0,1.11,6.0,1.12,6.0,1.12,7.94,1.11,6.5,1.13,8.0,1.11,6.84
ATP,2014,37,London,Wimbledon,2014-06-28,Grand Slam,Outdoor,Grass,3rd Round,5,Nadal R.,Kukushkin M.,1,63.0,12500,787.0,6.0,7.0,6.0,1.0,6.0,1.0,6.0,1.0,,,3.0,1.0,Completed,,,1.04,10.0,1.05,10.0,1.04,15.75,1.03,12.0,1.05,17.05,1.04,11.89
ATP,2014,37,London,Wimbledon,2014-06-28,Grand Slam,Outdoor,Grass,3rd Round,5,Federer R.,Giraldo S.,4,35.0,4945,1118.0,6.0,3.0,6.0,1.0,6.0,3.0,,,,,3.0,0.0,Completed,1.02,17.0,1.02,12.0,1.02,15.0,1.03,19.0,1.03,12.0,1.03,23.5,1.02,14.3
ATP,2014,37,London,Wimbledon,2014-06-28,Grand Slam,Outdoor,Grass,3rd Round,5,Robredo T.,Janowicz J.,22,25.0,1630,1510.0,6.0,2.0,6.0,4.0,6.0,7.0,4.0,6.0,6.0,3.0,3.0,2.0,Completed,1.9,1.9,2.0,1.8,2.0,1.8,1.95,1.97,2.0,1.8,2.05,1.97,1.95,1.83
ATP,2014,37,London,Wimbledon,2014-06-30,Grand Slam,Outdoor,Grass,3rd Round,5,Nishikori K.,Bolelli S.,12,132.0,2690,445.0,3.0,6.0,6.0,3.0,4.0,6.0,7.0,6.0,6.0,4.0,3.0,2.0,Completed,1.07,9.0,1.09,7.0,1.08,8.0,1.09,9.6,1.08,7.5,1.1,9.6,1.08,7.85
ATP,2014,37,London,Wimbledon,2014-06-30,Grand Slam,Outdoor,Grass,3rd Round,5,Lopez F.,Isner J.,26,11.0,1455,2690.0,6.0,7.0,7.0,6.0,7.0,6.0,7.0,5.0,,,3.0,1.0,Completed,1.72,2.1,1.7,2.1,1.73,2.1,1.79,2.17,1.73,2.2,1.79,2.25,1.72,2.11
ATP,2014,37,London,Wimbledon,2014-06-30,Grand Slam,Outdoor,Grass,3rd Round,3,Wawrinka S.,Istomin D.,3,45.0,5420,985.0,6.0,3.0,6.0,3.0,6.0,4.0,,,,,3.0,0.0,Completed,1.4,3.0,1.4,2.9,1.4,3.0,1.45,3.02,1.44,2.88,1.45,3.32,1.39,2.93
ATP,2014,37,London,Wimbledon,2014-06-30,Grand Slam,Outdoor,Grass,4th Round,5,Cilic M.,Chardy J.,29,42.0,1350,1015.0,7.0,6.0,6.0,4.0,6.0,4.0,,,,,3.0,0.0,Completed,1.3,3.5,1.33,3.2,1.3,3.5,1.34,3.67,1.3,3.6,1.34,3.7,1.31,3.46
ATP,2014,37,London,Wimbledon,2014-06-30,Grand Slam,Outdoor,Grass,4th Round,5,Dimitrov G.,Mayer L.,13,64.0,2595,784.0,6.0,4.0,7.0,6.0,6.0,2.0,,,,,3.0,0.0,Completed,1.1,6.5,1.1,6.5,1.08,8.0,1.15,6.8,1.14,6.0,1.15,10.65,1.11,6.75
ATP,2014,37,London,Wimbledon,2014-06-30,Grand Slam,Outdoor,Grass,4th Round,5,Murray A.,Anderson K.,5,18.0,4680,1745.0,6.0,4.0,6.0,3.0,7.0,6.0,,,,,3.0,0.0,Completed,1.05,11.0,1.05,9.0,1.07,8.5,1.06,13.0,1.05,11.0,1.07,14.85,1.05,10.38
ATP,2014,37,London,Wimbledon,2014-06-30,Grand Slam,Outdoor,Grass,4th Round,5,Djokovic N.,Tsonga J.W.,2,17.0,12330,1775.0,6.0,3.0,6.0,4.0,7.0,6.0,,,,,3.0,0.0,Completed,1.08,8.0,1.1,6.5,1.11,6.5,1.14,6.92,1.13,6.5,1.14,8.5,1.09,7.03
ATP,2014,37,London,Wimbledon,2014-07-01,Grand Slam,Outdoor,Grass,4th Round,5,Wawrinka S.,Lopez F.,3,26.0,5420,1455.0,7.0,6.0,7.0,6.0,6.0,3.0,,,,,3.0,0.0,Completed,1.66,2.2,1.62,2.25,1.62,2.25,1.65,2.43,1.67,2.25,1.67,2.43,1.63,2.28
ATP,2014,37,London,Wimbledon,2014-07-01,Grand Slam,Outdoor,Grass,4th Round,5,Federer R.,Robredo T.,4,22.0,4945,1630.0,6.0,1.0,6.0,4.0,6.0,4.0,,,,,3.0,0.0,Completed,1.04,13.0,1.04,10.0,1.06,9.0,1.05,14.8,1.05,11.0,1.06,16.0,1.04,11.09
ATP,2014,37,London,Wimbledon,2014-07-01,Grand Slam,Outdoor,Grass,4th Round,5,Raonic M.,Nishikori K.,9,12.0,3245,2690.0,4.0,6.0,6.0,1.0,7.0,6.0,6.0,3.0,,,3.0,1.0,Completed,1.8,2.0,1.85,1.9,1.8,2.0,1.99,1.93,1.8,2.0,1.99,2.1,1.83,1.96
ATP,2014,37,London,Wimbledon,2014-07-01,Grand Slam,Outdoor,Grass,4th Round,5,Kyrgios N.,Nadal R.,144,1.0,400,12500.0,7.0,6.0,5.0,7.0,7.0,6.0,6.0,3.0,,,3.0,1.0,Completed,10.0,1.06,8.5,1.06,10.0,1.05,10.1,1.09,10.0,1.06,10.4,1.09,8.83,1.06
ATP,2014,37,London,Wimbledon,2014-07-02,Grand Slam,Outdoor,Grass,Quarterfinals,5,Dimitrov G.,Murray A.,13,5.0,2595,4680.0,6.0,1.0,7.0,6.0,6.0,2.0,,,,,3.0,0.0,Completed,4.0,1.25,3.75,1.25,3.75,1.29,4.5,1.25,4.0,1.25,4.5,1.3,3.94,1.25
ATP,2014,37,London,Wimbledon,2014-07-02,Grand Slam,Outdoor,Grass,Quarterfinals,5,Djokovic N.,Cilic M.,2,29.0,12330,1350.0,6.0,1.0,3.0,6.0,6.0,7.0,6.0,2.0,6.0,2.0,3.0,2.0,Completed,1.08,8.0,1.1,6.5,1.08,8.0,1.1,9.05,1.11,7.0,1.12,9.65,1.09,7.7
ATP,2014,37,London,Wimbledon,2014-07-02,Grand Slam,Outdoor,Grass,Quarterfinals,5,Federer R.,Wawrinka S.,4,3.0,4945,5420.0,3.0,6.0,7.0,6.0,6.0,4.0,6.0,4.0,,,3.0,1.0,Completed,1.28,3.75,1.3,3.4,1.33,3.4,1.3,4.0,1.33,3.4,1.35,4.0,1.3,3.58
ATP,2014,37,London,Wimbledon,2014-07-02,Grand Slam,Outdoor,Grass,Quarterfinals,5,Raonic M.,Kyrgios N.,9,144.0,3245,400.0,6.0,7.0,6.0,2.0,6.0,4.0,7.0,6.0,,,3.0,1.0,Completed,1.36,3.2,1.35,3.1,1.4,3.0,1.36,3.5,1.36,3.25,1.4,3.5,1.37,3.11
ATP,2014,37,London,Wimbledon,2014-07-04,Grand Slam,Outdoor,Grass,Semifinals,5,Djokovic N.,Dimitrov G.,2,13.0,12330,2595.0,6.0,4.0,3.0,6.0,7.0,6.0,7.0,6.0,,,3.0,1.0,Completed,1.25,4.0,1.22,4.0,1.25,4.0,1.29,4.22,1.25,4.33,1.32,4.45,1.25,3.98
ATP,2014,37,London,Wimbledon,2014-07-04,Grand Slam,Outdoor,Grass,Semifinals,5,Federer R.,Raonic M.,4,9.0,4945,3245.0,6.0,4.0,6.0,4.0,6.0,4.0,,,,,3.0,0.0,Completed,1.4,3.0,1.35,3.1,1.36,3.25,1.43,3.16,1.4,3.0,1.47,3.4,1.38,3.06
ATP,2014,37,London,Wimbledon,2014-07-06,Grand Slam,Outdoor,Grass,The Final,5,Djokovic N.,Federer R.,2,4.0,12330,4945.0,6.0,7.0,6.0,4.0,7.0,6.0,5.0,7.0,6.0,4.0,3.0,2.0,Completed,1.61,2.4,1.6,2.3,1.57,2.38,1.61,2.53,1.62,2.4,1.75,2.53,1.63,2.31
ATP,2014,51,New York,US Open,2014-08-25,Grand Slam,Outdoor,Hard,1st Round,5,Ebden M.,Kamke T.,94,73.0,608,708.0,6.0,4.0,6.0,3.0,7.0,6.0,,,,,3.0,0.0,Completed,3.0,1.36,2.9,1.4,2.75,1.4,3.11,1.42,3.0,1.4,3.3,1.42,3.04,1.37
ATP,2014,51,New York,US Open,2014-08-25,Grand Slam,Outdoor,Hard,1st Round,5,Mayer L.,Montanes A.,26,114.0,1354,528.0,6.0,2.0,3.0,0.0,,,,,,,1.0,0.0,Retired,1.16,5.0,1.17,4.75,1.2,4.33,1.18,5.76,1.18,4.8,1.2,5.76,1.17,4.84
ATP,2014,51,New York,US Open,2014-08-25,Grand Slam,Outdoor,Hard,1st Round,5,Paire B.,Benneteau J.,98,28.0,590,1285.0,7.0,6.0,5.0,7.0,6.0,4.0,4.0,6.0,6.0,4.0,3.0,2.0,Completed,2.5,1.5,2.5,1.5,2.5,1.5,2.5,1.6,2.5,1.53,2.65,1.6,2.51,1.51
ATP,2014,51,New York,US Open,2014-08-25,Grand Slam,Outdoor,Hard,1st Round,5,Seppi A.,Stakhovsky S.,49,93.0,925,612.0,6.0,3.0,6.0,1.0,6.0,4.0,,,,,3.0,0.0,Completed,1.61,2.2,1.52,2.45,1.53,2.38,1.75,2.2,,,1.77,2.5,1.61,2.3
ATP,2014,51,New York,US Open,2014-08-25,Grand Slam,Outdoor,Hard,1st Round,5,Kyrgios N.,Youzhny M.,60,23.0,805,1540.0,7.0,5.0,7.0,6.0,2.0,6.0,7.0,6.0,,,3.0,1.0,Completed,2.1,1.66,2.1,1.7,2.2,1.62,2.37,1.66,2.25,1.62,2.37,1.76,2.17,1.67
ATP,2014,51,New York,US Open,2014-08-25,Grand Slam,Outdoor,Hard,1st Round,5,Murray A.,Haase R.,9,70.0,3150,725.0,6.0,3.0,7.0,6.0,1.0,6.0,7.0,5.0,,,3.0,1.0,Completed,1.03,15.0,1.03,11.0,1.03,12.0,1.04,16.0,1.03,11.0,1.05,17.75,1.03,13.18
ATP,2014,51,New York,US Open,2014-08-25,Grand Slam,Outdoor,Hard,1st Round,5,Bachinger M.,Stepanek R.,235,39.0,208,1060.0,6.0,3.0,6.0,2.0,6.0,2.0,,,,,3.0,0.0,Completed,4.0,1.22,4.0,1.22,4.0,1.22,4.1,1.28,4.0,1.25,4.2,1.32,3.85,1.25
ATP,2014,51,New York,US Open,2014-08-25,Grand Slam,Outdoor,Hard,1st Round,5,Verdasco F.,Rola B.,37,87.0,1100,638.0,6.0,3.0,3.0,6.0,7.0,5.0,1.0,6.0,6.0,4.0,3.0,2.0,Completed,1.18,4.5,1.18,4.5,1.17,4.5,1.24,4.65,1.2,4.5,1.24,4.75,1.2,4.43
ATP,2014,51,New York,US Open,2014-08-25,Grand Slam,Outdoor,Hard,1st Round,5,Bolelli S.,Pospisil V.,85,46.0,642,965.0,2.0,6.0,6.0,4.0,6.0,2.0,3.0,6.0,6.0,3.0,3.0,2.0,Completed,4.0,1.22,3.75,1.25,3.75,1.25,4.14,1.28,4.0,1.22,4.25,1.28,3.9,1.24
ATP,2014,51,New York,US Open,2014-08-25,Grand Slam,Outdoor,Hard,1st Round,5,Tsonga J.W.,Monaco J.,10,99.0,2920,580.0,6.0,3.0,4.0,6.0,7.0,6.0,6.0,1.0,,,3.0,1.0,Completed,1.07,9.0,1.06,8.5,1.08,8.0,1.07,10.25,1.1,7.0,1.1,11.0,1.07,8.73
ATP,2014,51,New York,US Open,2014-08-25,Grand Slam,Outdoor,Hard,1st Round,5,Carreno-Busta P.,Beck A.,74,115.0,691,528.0,6.0,3.0,4.0,6.0,6.0,2.0,7.0,6.0,,,3.0,1.0,Completed,1.83,1.83,1.88,1.88,1.83,1.83,1.9,2.0,1.83,1.91,1.95,2.02,1.86,1.9
ATP,2014,51,New York,US Open,2014-08-25,Grand Slam,Outdoor,Hard,1st Round,5,Nedovyesov A.,Mcgee J.,107,194.0,554,255.0,4.0,6.0,6.0,2.0,6.0,1.0,7.0,6.0,,,3.0,1.0,Completed,1.72,2.0,1.85,1.9,1.73,2.0,1.98,1.93,1.83,2.0,1.98,2.2,1.84,1.93
ATP,2014,51,New York,US Open,2014-08-25,Grand Slam,Outdoor,Hard,1st Round,5,Bellucci T.,Mahut N.,91,103.0,618,575.0,7.0,6.0,6.0,4.0,6.0,1.0,,,,,3.0,0.0,Completed,2.25,1.57,2.35,1.58,2.38,1.53,2.35,1.67,2.3,1.57,2.45,1.67,2.31,1.6
ATP,2014,51,New York,US Open,2014-08-25,Grand Slam,Outdoor,Hard,1st Round,5,Kohlschreiber P.,Bagnis F.,25,109.0,1505,536.0,6.0,2.0,7.0,6.0,6.0,3.0,,,,,3.0,0.0,Completed,1.06,10.0,1.06,8.5,1.07,7.5,1.07,10.25,1.07,8.0,1.09,11.0,1.06,9.17
ATP,2014,51,New York,US Open,2014-08-25,Grand Slam,Outdoor,Hard,1st Round,5,Gojowczyk P.,Becker B.,124,59.0,483,813.0,6.0,2.0,6.0,4.0,6.0,2.0,,,,,3.0,0.0,Completed,2.1,1.66,2.15,1.68,2.1,1.67,2.09,1.83,2.25,1.62,2.3,1.83,2.12,1.7
ATP,2014,51,New York,US Open,2014-08-25,Grand Slam,Outdoor,Hard,1st Round,5,Wawrinka S.,Vesely J.,4,75.0,5985,686.0,6.0,2.0,7.0,6.0,7.0,6.0,,,,,3.0,0.0,Completed,1.1,7.0,1.1,6.5,1.08,8.0,1.11,8.04,1.11,6.5,1.13,8.04,1.1,6.98
ATP,2014,51,New York,US Open,2014-08-25,Grand Slam,Outdoor,Hard,1st Round,5,Robredo T.,Roger-Vasselin E.,18,52.0,1825,885.0,6.0,4.0,6.0,3.0,6.0,4.0,,,,,3.0,0.0,Completed,1.22,4.0,1.25,3.75,1.25,3.75,1.26,4.3,1.22,4.0,1.27,4.33,1.24,3.98
ATP,2014,51,New York,US Open,2014-08-25,Grand Slam,Outdoor,Hard,1st Round,5,Kavcic B.,Young D.,92,47.0,618,937.0,7.0,5.0,6.0,4.0,6.0,4.0,,,,,3.0,0.0,Completed,2.75,1.4,2.7,1.45,2.75,1.44,2.66,1.54,2.8,1.44,2.95,1.57,2.65,1.47
ATP,2014,51,New York,US Open,2014-08-25,Grand Slam,Outdoor,Hard,1st Round,5,Raonic M.,Daniel T.,6,186.0,4225,274.0,6.0,3.0,6.0,2.0,7.0,6.0,,,,,3.0,0.0,Completed,1.02,17.0,1.02,12.0,1.03,12.0,1.03,18.21,1.02,13.0,1.04,23.5,1.02,14.1
ATP,2014,51,New York,US Open,2014-08-25,Grand Slam,Outdoor,Hard,1st Round,5,Kuznetsov An.,Klahn B.,96,117.0,592,525.0,6.0,4.0,4.0,6.0,6.0,3.0,7.0,5.0,,,3.0,1.0,Completed,2.1,1.66,2.05,1.75,2.0,1.73,1.95,1.95,2.1,1.67,2.1,1.95,1.96,1.82
ATP,2014,51,New York,US Open,2014-08-25,Grand Slam,Outdoor,Hard,1st Round,5,Chardy J.,Falla A.,36,71.0,1105,716.0,6.0,7.0,6.0,2.0,7.0,5.0,6.0,4.0,,,3.0,1.0,Completed,1.25,3.75,1.28,3.5,1.3,3.4,1.31,3.79,1.3,3.6,1.33,3.85,1.29,3.57
ATP,2014,51,New York,US Open,2014-08-25,Grand Slam,Outdoor,Hard,1st Round,5,Mathieu P.H.,Muller G.,81,68.0,649,753.0,6.0,7.0,7.0,5.0,7.0,6.0,6.0,7.0,6.0,1.0,3.0,2.0,Completed,2.75,1.4,2.7,1.45,2.62,1.44,2.61,1.56,2.75,1.44,2.85,1.56,2.61,1.48
ATP,2014,51,New York,US Open,2014-08-25,Grand Slam,Outdoor,Hard,1st Round,5,Llodra M.,Gimeno-Traver D.,192,101.0,256,577.0,6.0,4.0,6.0,3.0,7.0,5.0,,,,,3.0,0.0,Completed,2.0,1.72,2.25,1.62,2.2,1.62,2.11,1.81,2.3,1.57,2.35,1.81,2.16,1.68
ATP,2014,51,New York,US Open,2014-08-26,Grand Slam,Outdoor,Hard,1st Round,5,Djokovic N.,Schwartzman D.,1,79.0,12770,656.0,6.0,1.0,6.0,2.0,6.0,4.0,,,,,3.0,0.0,Completed,1.002,34.0,1.01,13.0,1.0,34.0,1.01,41.0,1.01,17.0,1.01,56.0,1.01,25.5
ATP,2014,51,New York,US Open,2014-08-26,Grand Slam,Outdoor,Hard,1st Round,5,Querrey S.,Gonzalez M.,57,82.0,820,649.0,6.0,2.0,4.0,6.0,6.0,4.0,4.0,6.0,6.0,3.0,3.0,2.0,Completed,1.11,6.5,1.1,6.5,1.12,6.0,1.13,7.55,1.13,6.5,1.13,7.55,1.11,6.44
ATP,2014,51,New York,US Open,2014-08-26,Grand Slam,Outdoor,Hard,1st Round,5,Granollers M.,Melzer J.,42,111.0,1010,530.0,7.0,6.0,6.0,3.0,6.0,2.0,,,,,3.0,0.0,Completed,1.83,1.83,1.85,1.9,1.8,1.91,1.94,1.96,1.83,1.91,1.94,2.0,1.86,1.91
ATP,2014,51,New York,US Open,2014-08-26,Grand Slam,Outdoor,Hard,1st Round,5,Karlovic I.,Nieminen J.,30,54.0,1220,838.0,6.0,4.0,6.0,4.0,3.0,6.0,6.0,4.0,,,3.0,1.0,Completed,1.53,2.37,1.62,2.25,1.57,2.25,1.66,2.37,1.57,2.4,1.69,2.4,1.6,2.3
ATP,2014,51,New York,US Open,2014-08-26,Grand Slam,Outdoor,Hard,1st Round,5,Garcia-Lopez G.,Lu Y.H.,33,34.0,1168,1118.0,6.0,4.0,6.0,2.0,6.0,2.0,,,,,3.0,0.0,Completed,2.62,1.44,2.5,1.5,2.5,1.5,2.8,1.5,2.5,1.5,2.8,1.53,2.59,1.49
ATP,2014,51,New York,US Open,2014-08-26,Grand Slam,Outdoor,Hard,1st Round,5,Nishikori K.,Odesnik W.,11,176.0,2680,293.0,6.0,2.0,6.0,4.0,6.0,2.0,,,,,3.0,0.0,Completed,1.25,3.75,1.25,3.75,1.25,3.75,1.26,4.3,,,1.29,4.33,1.25,3.87
ATP,2014,51,New York,US Open,2014-08-26,Grand Slam,Outdoor,Hard,1st Round,5,Delbonis F.,Rubin N.,66,585.0,775,52.0,6.0,4.0,6.0,3.0,6.0,0.0,,,,,3.0,0.0,Completed,1.28,3.5,1.3,3.4,1.3,3.4,1.36,3.44,1.3,3.5,1.36,3.58,1.31,3.4
ATP,2014,51,New York,US Open,2014-08-26,Grand Slam,Outdoor,Hard,1st Round,5,Fognini F.,Golubev A.,17,64.0,1835,782.0,6.0,4.0,6.0,4.0,6.0,2.0,,,,,3.0,0.0,Completed,1.3,3.4,1.28,3.5,1.25,3.75,1.35,3.49,1.3,3.6,1.36,4.0,1.29,3.51
ATP,2014,51,New York,US Open,2014-08-26,Grand Slam,Outdoor,Hard,1st Round,5,Andujar P.,Sock J.,48,55.0,926,836.0,6.0,4.0,3.0,6.0,6.0,1.0,,,,,2.0,1.0,Retired,4.5,1.18,4.0,1.22,4.5,1.2,4.85,1.22,4.5,1.2,5.0,1.23,4.41,1.2
ATP,2014,51,New York,US Open,2014-08-26,Grand Slam,Outdoor,Hard,1st Round,5,Struff J.L.,Kukushkin M.,77,50.0,680,917.0,2.0,6.0,3.0,6.0,6.0,3.0,6.0,3.0,7.0,5.0,3.0,2.0,Completed,2.75,1.4,2.8,1.42,2.75,1.4,2.66,1.54,2.8,1.44,2.9,1.54,2.75,1.43
ATP,2014,51,New York,US Open,2014-08-26,Grand Slam,Outdoor,Hard,1st Round,5,Isner J.,Giron M.,15,419.0,1925,97.0,7.0,6.0,6.0,2.0,7.0,6.0,,,,,3.0,0.0,Completed,1.05,11.0,1.04,10.0,1.05,10.0,1.05,13.0,1.05,10.0,1.06,14.0,1.04,10.63
ATP,2014,51,New York,US Open,2014-08-26,Grand Slam,Outdoor,Hard,1st Round,5,Estrella Burgos V.,Sijsling I.,80,72.0,653,713.0,2.0,6.0,6.0,4.0,6.0,3.0,6.0,2.0,,,3.0,1.0,Completed,2.2,1.61,1.9,1.85,1.83,1.83,2.53,1.59,,,2.53,1.89,2.14,1.7
ATP,2014,51,New York,US Open,2014-08-26,Grand Slam,Outdoor,Hard,1st Round,5,Mannarino A.,Riba P.,89,116.0,622,527.0,3.0,6.0,7.0,5.0,6.0,3.0,6.0,2.0,,,3.0,1.0,Completed,1.14,5.5,1.16,5.0,1.17,4.5,1.18,5.76,1.15,5.25,1.18,5.76,1.16,5.18
ATP,2014,51,New York,US Open,2014-08-26,Grand Slam,Outdoor,Hard,1st Round,5,Gasquet R.,Istomin D.,14,44.0,2360,985.0,7.0,5.0,7.0,6.0,6.0,4.0,,,,,3.0,0.0,Completed,1.33,3.25,1.35,3.1,1.33,3.25,1.41,3.17,1.33,3.3,1.41,3.5,1.34,3.21
ATP,2014,51,New York,US Open,2014-08-26,Grand Slam,Outdoor,Hard,1st Round,5,Coric B.,Rosol L.,204,27.0,240,1290.0,6.0,4.0,6.0,1.0,6.0,2.0,,,,,3.0,0.0,Completed,3.0,1.36,3.4,1.3,3.5,1.29,3.05,1.43,3.4,1.3,3.5,1.43,3.15,1.35
ATP,2014,51,New York,US Open,2014-08-26,Grand Slam,Outdoor,Hard,1st Round,5,Lorenzi P.,Nishioka Y.,78,245.0,674,200.0,6.0,1.0,6.0,2.0,2.0,1.0,,,,,2.0,0.0,Retired,2.0,1.72,1.9,1.85,1.91,1.8,2.04,1.87,2.0,1.83,2.05,1.91,1.96,1.81
ATP,2014,51,New York,US Open,2014-08-26,Grand Slam,Outdoor,Hard,1st Round,5,Bautista R.,Haider-Maurer A.,19,110.0,1800,534.0,5.0,7.0,7.0,6.0,1.0,6.0,7.0,5.0,6.0,1.0,3.0,2.0,Completed,1.1,7.0,1.11,6.0,1.11,6.0,1.12,7.65,1.1,6.5,1.13,7.65,1.11,6.53
ATP,2014,51,New York,US Open,2014-08-26,Grand Slam,Outdoor,Hard,1st Round,5,Simon G.,Albot R.,31,201.0,1180,241.0,6.0,3.0,6.0,4.0,6.0,2.0,,,,,3.0,0.0,Completed,1.07,9.0,1.07,8.0,1.08,7.0,1.08,9.65,1.06,8.5,1.09,10.5,1.07,8.16
ATP,2014,51,New York,US Open,2014-08-26,Grand Slam,Outdoor,Hard,1st Round,5,Ferrer D.,Dzumhur D.,5,119.0,4765,512.0,6.0,1.0,6.0,2.0,2.0,6.0,6.0,2.0,,,3.0,1.0,Completed,1.02,19.0,1.02,12.0,1.02,15.0,1.04,16.13,1.02,11.0,1.04,23.75,1.02,15.23
ATP,2014,51,New York,US Open,2014-08-26,Grand Slam,Outdoor,Hard,1st Round,5,Smyczek T.,Krajinovic F.,90,108.0,621,541.0,4.0,6.0,6.0,3.0,6.0,2.0,7.0,6.0,,,3.0,1.0,Completed,1.66,2.1,1.68,2.15,1.67,2.1,1.74,2.23,1.67,2.1,1.74,2.25,1.68,2.15
ATP,2014,51,New York,US Open,2014-08-26,Grand Slam,Outdoor,Hard,1st Round,5,Groth S.,Ramos-Vinolas A.,104,95.0,571,603.0,6.0,3.0,7.0,6.0,6.0,3.0,,,,,3.0,0.0,Completed,2.0,1.72,2.0,1.8,2.0,1.73,2.16,1.78,,,2.22,1.82,2.06,1.74
ATP,2014,51,New York,US Open,2014-08-26,Grand Slam,Outdoor,Hard,1st Round,5,Gonzalez A.,Tursunov D.,100,58.0,577,815.0,6.0,4.0,6.0,4.0,7.0,5.0,,,,,3.0,0.0,Completed,1.44,2.62,1.3,3.4,1.3,3.4,1.33,3.64,1.3,3.4,1.45,3.64,1.33,3.25
ATP,2014,51,New York,US Open,2014-08-26,Grand Slam,Outdoor,Hard,1st Round,5,Monfils G.,Donaldson J.,24,303.0,1530,147.0,6.0,4.0,6.0,2.0,6.0,4.0,,,,,3.0,0.0,Completed,1.04,13.0,1.04,10.0,1.05,10.0,1.05,14.0,1.04,10.0,1.06,14.0,1.04,10.91
ATP,2014,51,New York,US Open,2014-08-26,Grand Slam,Outdoor,Hard,1st Round,5,Tomic B.,Brown D.,67,97.0,771,591.0,7.0,6.0,6.0,4.0,7.0,6.0,,,,,3.0,0.0,Completed,1.3,3.4,1.33,3.2,1.3,3.4,1.28,4.1,1.3,3.4,1.35,4.1,1.29,3.57
ATP,2014,51,New York,US Open,2014-08-27,Grand Slam,Outdoor,Hard,1st Round,5,Federer R.,Matosevic M.,3,76.0,7490,682.0,6.0,3.0,6.0,4.0,7.0,6.0,,,,,3.0,0.0,Completed,1.01,21.0,1.02,12.0,1.02,15.0,1.02,24.52,1.02,13.0,1.03,30.25,1.02,16.6
ATP,2014,51,New York,US Open,2014-08-27,Grand Slam,Outdoor,Hard,1st Round,5,Lopez F.,Dodig I.,21,53.0,1770,850.0,1.0,6.0,7.0,5.0,2.0,6.0,6.0,4.0,1.0,1.0,2.0,2.0,Retired,1.66,2.1,1.68,2.15,1.73,2.1,1.78,2.17,1.57,2.3,1.78,2.3,1.68,2.16
ATP,2014,51,New York,US Open,2014-08-27,Grand Slam,Outdoor,Hard,1st Round,5,Anderson K.,Cuevas P.,20,40.0,1795,1059.0,6.0,3.0,6.0,7.0,4.0,6.0,6.0,2.0,7.0,6.0,3.0,2.0,Completed,1.22,4.33,1.2,4.3,1.17,4.5,1.24,4.64,1.2,4.0,1.24,4.75,1.2,4.39
ATP,2014,51,New York,US Open,2014-08-27,Grand Slam,Outdoor,Hard,1st Round,5,Gabashvili T.,Giraldo S.,62,32.0,795,1180.0,6.0,3.0,1.0,6.0,7.0,6.0,6.0,3.0,,,3.0,1.0,Completed,3.0,1.36,2.9,1.4,3.0,1.36,2.9,1.47,3.25,1.33,3.25,1.48,3.01,1.38
ATP,2014,51,New York,US Open,2014-08-27,Grand Slam,Outdoor,Hard,1st Round,5,Marchenko I.,Chiudinelli M.,163,167.0,315,303.0,7.0,6.0,4.0,6.0,7.0,6.0,7.0,6.0,,,3.0,1.0,Completed,1.57,2.25,1.58,2.35,1.62,2.2,1.58,2.55,1.62,2.25,1.65,2.55,1.59,2.33
ATP,2014,51,New York,US Open,2014-08-27,Grand Slam,Outdoor,Hard,1st Round,5,Klizan M.,Darcis S.,65,364.0,775,119.0,3.0,6.0,2.0,6.0,7.0,6.0,7.0,5.0,6.0,4.0,3.0,2.0,Completed,1.72,2.0,1.8,2.0,1.8,1.91,1.87,2.04,1.8,2.0,1.91,2.13,1.83,1.95
ATP,2014,51,New York,US Open,2014-08-27,Grand Slam,Outdoor,Hard,1st Round,5,Janowicz J.,Lajovic D.,43,61.0,995,800.0,6.0,3.0,7.0,5.0,5.0,7.0,7.0,5.0,,,3.0,1.0,Completed,1.33,3.25,1.33,3.2,1.3,3.4,1.37,3.39,1.3,3.5,1.4,3.5,1.33,3.26
ATP,2014,51,New York,US Open,2014-08-27,Grand Slam,Outdoor,Hard,1st Round,5,Cilic M.,Baghdatis M.,16,86.0,1845,640.0,6.0,3.0,3.0,1.0,,,,,,,1.0,0.0,Retired,1.2,4.33,1.22,4.0,1.2,4.5,1.24,4.65,1.2,4.5,1.25,4.75,1.21,4.29
ATP,2014,51,New York,US Open,2014-08-27,Grand Slam,Outdoor,Hard,1st Round,5,Berdych T.,Hewitt L.,7,41.0,4060,1050.0,6.0,3.0,6.0,4.0,6.0,3.0,,,,,3.0,0.0,Completed,1.16,5.0,1.2,4.3,1.2,4.5,1.19,5.42,1.2,4.5,1.22,5.42,1.19,4.59
ATP,2014,51,New York,US Open,2014-08-27,Grand Slam,Outdoor,Hard,1st Round,5,Kudryavtsev A.,Donskoy E.,146,118.0,393,513.0,2.0,6.0,7.0,6.0,3.0,6.0,6.0,3.0,6.0,4.0,3.0,2.0,Completed,1.66,2.1,1.7,2.1,1.67,2.1,1.79,2.15,1.73,2.1,1.79,2.25,1.7,2.11
ATP,2014,51,New York,US Open,2014-08-27,Grand Slam,Outdoor,Hard,1st Round,5,Ito T.,Johnson S.,126,51.0,478,904.0,6.0,2.0,3.0,6.0,5.0,7.0,4.0,1.0,,,1.0,2.0,Retired,4.0,1.22,4.0,1.22,4.33,1.2,4.85,1.22,4.0,1.22,4.85,1.26,4.16,1.22
ATP,2014,51,New York,US Open,2014-08-27,Grand Slam,Outdoor,Hard,1st Round,5,Sousa J.,Dancevic F.,38,135.0,1077,439.0,7.0,6.0,3.0,6.0,6.0,2.0,4.0,6.0,7.0,6.0,3.0,2.0,Completed,1.4,2.75,1.48,2.6,1.44,2.62,1.46,2.93,1.44,2.63,1.53,3.0,1.45,2.69
ATP,2014,51,New York,US Open,2014-08-27,Grand Slam,Outdoor,Hard,1st Round,5,Goffin D.,Desein N.,56,238.0,828,206.0,6.0,1.0,6.0,3.0,6.0,3.0,,,,,3.0,0.0,Completed,1.05,10.0,1.06,8.5,1.08,7.0,1.05,13.0,1.1,7.5,1.1,13.0,1.06,9.34
ATP,2014,51,New York,US Open,2014-08-27,Grand Slam,Outdoor,Hard,1st Round,5,Thiem D.,Lacko L.,45,84.0,985,644.0,6.0,3.0,6.0,3.0,6.0,2.0,,,,,3.0,0.0,Completed,1.57,2.25,1.62,2.25,1.62,2.2,1.66,2.37,1.62,2.25,1.67,2.4,1.62,2.27
ATP,2014,51,New York,US Open,2014-08-27,Grand Slam,Outdoor,Hard,1st Round,5,Dimitrov G.,Harrison R.,8,184.0,3540,282.0,6.0,2.0,7.0,6.0,6.0,2.0,,,,,3.0,0.0,Completed,1.08,8.0,1.07,8.0,1.07,7.5,1.09,9.5,1.07,8.0,1.11,9.5,1.08,7.95
ATP,2014,51,New York,US Open,2014-08-27,Grand Slam,Outdoor,Hard,1st Round,5,Gulbis E.,De Schepper K.,12,105.0,2580,561.0,6.0,1.0,6.0,4.0,6.0,2.0,,,,,3.0,0.0,Completed,1.12,6.0,1.12,5.75,1.11,6.5,1.15,6.55,1.13,5.8,1.15,6.7,1.13,5.87
ATP,2014,51,New York,US Open,2014-08-28,Grand Slam,Outdoor,Hard,1st Round,5,Sela D.,Berlocq C.,83,63.0,648,785.0,1.0,6.0,6.0,3.0,6.0,2.0,7.0,5.0,,,3.0,1.0,Completed,1.36,3.0,1.38,3.0,1.4,2.75,1.5,2.8,1.4,2.88,1.5,3.05,1.41,2.88
ATP,2014,51,New York,US Open,2014-08-27,Grand Slam,Outdoor,Hard,2nd Round,5,Kavcic B.,Chardy J.,92,36.0,618,1105.0,6.0,2.0,7.0,6.0,6.0,3.0,,,,,3.0,0.0,Completed,2.37,1.53,2.45,1.52,2.38,1.53,2.66,1.54,2.5,1.5,2.7,1.63,2.43,1.54
ATP,2014,51,New York,US Open,2014-08-28,Grand Slam,Outdoor,Hard,2nd Round,5,Wawrinka S.,Bellucci T.,4,91.0,5985,618.0,6.0,3.0,6.0,4.0,3.0,6.0,7.0,6.0,,,3.0,1.0,Completed,1.08,8.0,1.07,8.0,1.08,8.0,1.08,9.65,1.11,6.5,1.11,10.0,1.08,7.72
ATP,2014,51,New York,US Open,2014-08-28,Grand Slam,Outdoor,Hard,2nd Round,5,Nishikori K.,Andujar P.,11,48.0,2680,926.0,6.0,4.0,6.0,1.0,,,,,,,2.0,0.0,Retired,1.14,5.5,1.17,4.75,1.14,5.0,1.17,6.02,1.17,5.0,1.18,6.02,1.15,5.19
ATP,2014,51,New York,US Open,2014-08-28,Grand Slam,Outdoor,Hard,2nd Round,5,Kohlschreiber P.,Llodra M.,25,192.0,1505,256.0,6.0,2.0,,,,,,,,,1.0,0.0,Retired,1.14,5.5,1.13,5.5,1.14,5.0,1.17,5.8,1.13,5.8,1.17,6.25,1.14,5.42
ATP,2014,51,New York,US Open,2014-08-28,Grand Slam,Outdoor,Hard,2nd Round,5,Querrey S.,Garcia-Lopez G.,57,33.0,820,1168.0,6.0,3.0,6.0,4.0,6.0,4.0,,,,,3.0,0.0,Completed,1.44,2.62,1.5,2.5,1.44,2.62,1.54,2.66,1.5,2.6,1.58,2.67,1.5,2.55
ATP,2014,51,New York,US Open,2014-08-28,Grand Slam,Outdoor,Hard,2nd Round,5,Carreno-Busta P.,Paire B.,74,98.0,691,590.0,6.0,1.0,6.0,4.0,3.0,6.0,6.0,3.0,,,3.0,1.0,Completed,3.5,1.28,3.4,1.3,3.25,1.33,3.6,1.34,3.5,1.3,3.8,1.34,3.43,1.3
ATP,2014,51,New York,US Open,2014-08-28,Grand Slam,Outdoor,Hard,2nd Round,5,Isner J.,Struff J.L.,15,77.0,1925,680.0,7.0,6.0,6.0,4.0,6.0,2.0,,,,,3.0,0.0,Completed,1.11,6.5,1.11,6.0,1.11,6.5,1.14,6.97,1.11,6.5,1.14,8.0,1.11,6.39
ATP,2014,51,New York,US Open,2014-08-28,Grand Slam,Outdoor,Hard,2nd Round,5,Tsonga J.W.,Nedovyesov A.,10,107.0,2920,554.0,6.0,3.0,6.0,4.0,6.0,4.0,,,,,3.0,0.0,Completed,1.03,15.0,1.03,11.0,1.04,11.0,1.05,14.0,1.02,13.0,1.05,17.88,1.03,12.22
ATP,2014,51,New York,US Open,2014-08-28,Grand Slam,Outdoor,Hard,2nd Round,5,Mayer L.,Ebden M.,26,94.0,1354,608.0,6.0,1.0,6.0,3.0,6.0,4.0,,,,,3.0,0.0,Completed,1.22,4.0,1.25,3.75,1.25,3.75,1.27,4.22,1.25,3.8,1.3,4.25,1.25,3.83
ATP,2014,51,New York,US Open,2014-08-28,Grand Slam,Outdoor,Hard,2nd Round,5,Djokovic N.,Mathieu P.H.,1,81.0,12770,649.0,6.0,1.0,6.0,3.0,6.0,0.0,,,,,3.0,0.0,Completed,1.01,26.0,1.01,13.0,1.01,26.0,1.01,25.99,1.01,15.0,1.02,34.0,1.01,19.74
ATP,2014,51,New York,US Open,2014-08-28,Grand Slam,Outdoor,Hard,2nd Round,5,Robredo T.,Bolelli S.,18,85.0,1825,642.0,5.0,7.0,6.0,7.0,6.0,4.0,6.0,3.0,6.0,2.0,3.0,2.0,Completed,1.16,5.0,1.17,4.75,1.14,5.0,1.21,5.05,1.18,4.8,1.22,5.05,1.18,4.71
ATP,2014,51,New York,US Open,2014-08-28,Grand Slam,Outdoor,Hard,2nd Round,5,Estrella Burgos V.,Coric B.,80,204.0,653,240.0,7.0,6.0,4.0,6.0,6.0,4.0,6.0,2.0,,,3.0,1.0,Completed,2.5,1.5,2.5,1.5,2.5,1.5,2.55,1.58,2.5,1.53,2.63,1.58,2.5,1.52
ATP,2014,51,New York,US Open,2014-08-28,Grand Slam,Outdoor,Hard,2nd Round,5,Kuznetsov An.,Verdasco F.,96,37.0,592,1100.0,6.0,3.0,4.0,6.0,4.0,6.0,7.0,5.0,6.0,3.0,3.0,2.0,Completed,3.4,1.3,3.2,1.33,3.5,1.29,3.49,1.35,3.4,1.3,3.6,1.37,3.35,1.32
ATP,2014,51,New York,US Open,2014-08-28,Grand Slam,Outdoor,Hard,2nd Round,5,Kyrgios N.,Seppi A.,60,49.0,805,925.0,6.0,4.0,7.0,6.0,6.0,4.0,,,,,3.0,0.0,Completed,1.53,2.37,1.55,2.4,1.57,2.25,1.59,2.53,1.53,2.4,1.61,2.55,1.55,2.41
ATP,2014,51,New York,US Open,2014-08-28,Grand Slam,Outdoor,Hard,2nd Round,5,Raonic M.,Gojowczyk P.,6,124.0,4225,483.0,7.0,6.0,5.0,7.0,6.0,4.0,7.0,6.0,,,3.0,1.0,Completed,1.08,8.0,1.08,7.5,1.07,8.5,1.1,8.6,1.07,7.5,1.11,9.0,1.08,7.56
ATP,2014,51,New York,US Open,2014-08-29,Grand Slam,Outdoor,Hard,2nd Round,5,Murray A.,Bachinger M.,9,235.0,3150,208.0,6.0,3.0,6.0,3.0,6.0,4.0,,,,,3.0,0.0,Completed,1.07,9.0,1.06,8.5,1.06,9.0,1.09,9.16,1.06,8.5,1.09,9.78,1.07,8.51
ATP,2014,51,New York,US Open,2014-08-29,Grand Slam,Outdoor,Hard,2nd Round,5,Cilic M.,Marchenko I.,16,163.0,1845,315.0,7.0,6.0,6.0,2.0,6.0,4.0,,,,,3.0,0.0,Completed,1.05,11.0,1.06,8.5,1.07,7.5,1.05,13.0,1.05,9.5,1.08,13.0,1.06,9.45
ATP,2014,51,New York,US Open,2014-08-29,Grand Slam,Outdoor,Hard,2nd Round,5,Anderson K.,Janowicz J.,20,43.0,1795,995.0,6.0,7.0,6.0,2.0,6.0,1.0,6.0,3.0,,,3.0,1.0,Completed,1.61,2.2,1.68,2.15,1.62,2.2,1.68,2.32,1.62,2.25,1.71,2.34,1.66,2.18
ATP,2014,51,New York,US Open,2014-08-29,Grand Slam,Outdoor,Hard,2nd Round,5,Lopez F.,Ito T.,21,126.0,1770,478.0,6.0,4.0,3.0,6.0,6.0,4.0,7.0,6.0,,,3.0,1.0,Completed,1.16,5.0,1.17,4.75,1.14,5.0,1.21,5.12,1.2,4.5,1.21,5.25,1.18,4.68
ATP,2014,51,New York,US Open,2014-08-29,Grand Slam,Outdoor,Hard,2nd Round,5,Monfils G.,Gonzalez A.,24,100.0,1530,577.0,7.0,5.0,6.0,3.0,6.0,2.0,,,,,3.0,0.0,Completed,1.08,8.0,1.08,7.5,1.1,7.0,1.09,9.16,1.1,7.5,1.1,9.4,1.08,7.78
ATP,2014,51,New York,US Open,2014-08-29,Grand Slam,Outdoor,Hard,2nd Round,5,Dimitrov G.,Sela D.,8,83.0,3540,648.0,6.0,1.0,6.0,2.0,6.0,2.0,,,,,3.0,0.0,Completed,1.1,7.0,1.11,6.0,1.11,6.5,1.11,8.04,1.11,6.5,1.13,8.04,1.11,6.6
ATP,2014,51,New York,US Open,2014-08-29,Grand Slam,Outdoor,Hard,2nd Round,5,Goffin D.,Sousa J.,56,38.0,828,1077.0,6.0,4.0,6.0,2.0,6.0,0.0,,,,,3.0,0.0,Completed,1.2,4.33,1.25,3.75,1.22,4.0,1.25,4.46,1.22,4.0,1.28,4.46,1.24,4.01
ATP,2014,51,New York,US Open,2014-08-29,Grand Slam,Outdoor,Hard,2nd Round,5,Simon G.,Delbonis F.,31,66.0,1180,775.0,6.0,4.0,3.0,6.0,7.0,5.0,6.0,1.0,,,3.0,1.0,Completed,1.22,4.0,1.2,4.3,1.17,4.5,1.25,4.5,1.2,4.5,1.25,4.5,1.21,4.25
ATP,2014,51,New York,US Open,2014-08-29,Grand Slam,Outdoor,Hard,2nd Round,5,Thiem D.,Gulbis E.,45,12.0,985,2580.0,4.0,6.0,3.0,6.0,6.0,4.0,6.0,3.0,6.0,3.0,3.0,2.0,Completed,3.75,1.25,3.75,1.25,3.75,1.25,4.38,1.26,3.8,1.25,4.38,1.3,3.78,1.26
ATP,2014,51,New York,US Open,2014-08-29,Grand Slam,Outdoor,Hard,2nd Round,5,Gasquet R.,Lorenzi P.,14,78.0,2360,674.0,7.0,6.0,6.0,3.0,6.0,3.0,,,,,3.0,0.0,Completed,1.05,11.0,1.05,9.0,1.05,8.5,1.07,11.25,1.06,9.5,1.08,12.0,1.05,9.86
ATP,2014,51,New York,US Open,2014-08-29,Grand Slam,Outdoor,Hard,2nd Round,5,Ferrer D.,Tomic B.,5,67.0,4765,771.0,,,,,,,,,,,,,Walkover,1.2,4.33,1.22,4.0,1.22,4.33,1.24,4.65,1.22,4.0,1.27,4.65,1.22,4.2
ATP,2014,51,New York,US Open,2014-08-29,Grand Slam,Outdoor,Hard,2nd Round,5,Berdych T.,Klizan M.,7,65.0,4060,775.0,6.0,3.0,4.0,6.0,6.0,2.0,3.0,6.0,6.0,3.0,3.0,2.0,Completed,1.08,8.0,1.11,6.0,1.11,6.5,1.08,9.65,1.1,7.0,1.12,9.65,1.09,7.33
ATP,2014,51,New York,US Open,2014-08-29,Grand Slam,Outdoor,Hard,2nd Round,5,Bautista R.,Smyczek T.,19,90.0,1800,621.0,6.0,3.0,6.0,2.0,6.0,1.0,,,,,3.0,0.0,Completed,1.36,3.0,1.33,3.2,1.3,3.4,1.42,3.14,,,1.42,3.5,1.35,3.13
ATP,2014,51,New York,US Open,2014-08-29,Grand Slam,Outdoor,Hard,2nd Round,5,Gabashvili T.,Kudryavtsev A.,62,146.0,795,393.0,6.0,1.0,6.0,4.0,7.0,6.0,,,,,3.0,0.0,Completed,1.5,2.5,1.52,2.45,1.5,2.5,1.46,2.93,,,1.52,2.93,1.47,2.64
ATP,2014,51,New York,US Open,2014-08-29,Grand Slam,Outdoor,Hard,2nd Round,5,Granollers M.,Karlovic I.,42,30.0,1010,1220.0,7.0,6.0,6.0,7.0,7.0,6.0,3.0,6.0,6.0,4.0,3.0,2.0,Completed,2.62,1.44,2.5,1.5,2.5,1.5,2.66,1.54,2.6,1.5,2.7,1.54,2.59,1.49
ATP,2014,51,New York,US Open,2014-08-29,Grand Slam,Outdoor,Hard,2nd Round,5,Mannarino A.,Fognini F.,89,17.0,622,1835.0,6.0,3.0,6.0,4.0,6.0,1.0,,,,,3.0,0.0,Completed,2.75,1.4,2.9,1.4,2.75,1.4,2.73,1.52,,,3.0,1.52,2.76,1.43
ATP,2014,51,New York,US Open,2014-08-30,Grand Slam,Outdoor,Hard,2nd Round,5,Federer R.,Groth S.,3,104.0,7490,571.0,6.0,4.0,6.0,4.0,6.0,4.0,,,,,3.0,0.0,Completed,1.01,26.0,1.01,13.0,1.02,17.0,1.02,20.99,1.01,15.0,1.02,49.75,1.01,19.72
ATP,2014,51,New York,US Open,2014-08-30,Grand Slam,Outdoor,Hard,3rd Round,5,Nishikori K.,Mayer L.,11,26.0,2680,1354.0,6.0,4.0,6.0,2.0,6.0,3.0,,,,,3.0,0.0,Completed,1.22,4.0,1.28,3.5,1.25,3.75,1.27,4.3,1.3,3.75,1.3,4.3,1.26,3.8
ATP,2014,51,New York,US Open,2014-08-30,Grand Slam,Outdoor,Hard,3rd Round,5,Raonic M.,Estrella Burgos V.,6,80.0,4225,653.0,7.0,6.0,7.0,6.0,7.0,6.0,,,,,3.0,0.0,Completed,1.05,11.0,1.07,8.0,1.08,8.0,1.06,12.5,1.06,9.5,1.08,14.15,1.05,9.88
ATP,2014,51,New York,US Open,2014-08-30,Grand Slam,Outdoor,Hard,3rd Round,5,Murray A.,Kuznetsov An.,9,96.0,3150,592.0,6.0,1.0,7.0,5.0,4.0,6.0,6.0,2.0,,,3.0,1.0,Completed,1.05,11.0,1.04,10.0,1.06,9.0,1.06,12.5,1.06,9.5,1.08,12.8,1.05,9.9
ATP,2014,51,New York,US Open,2014-08-30,Grand Slam,Outdoor,Hard,3rd Round,5,Djokovic N.,Querrey S.,1,57.0,12770,820.0,6.0,3.0,6.0,2.0,6.0,2.0,,,,,3.0,0.0,Completed,1.01,21.0,1.02,12.0,1.02,15.0,1.02,25.5,1.01,15.0,1.03,25.73,1.02,15.83
ATP,2014,51,New York,US Open,2014-08-30,Grand Slam,Outdoor,Hard,3rd Round,5,Tsonga J.W.,Carreno-Busta P.,10,74.0,2920,691.0,6.0,4.0,6.0,4.0,6.0,4.0,,,,,3.0,0.0,Completed,1.05,11.0,1.06,8.5,1.06,9.0,1.07,11.5,1.06,9.5,1.08,11.53,1.06,9.38
ATP,2014,51,New York,US Open,2014-08-30,Grand Slam,Outdoor,Hard,3rd Round,5,Kohlschreiber P.,Isner J.,25,15.0,1505,1925.0,7.0,6.0,4.0,6.0,7.0,6.0,7.0,6.0,,,3.0,1.0,Completed,2.25,1.57,2.25,1.62,2.25,1.62,2.58,1.58,2.4,1.53,2.6,1.66,2.38,1.57
ATP,2014,51,New York,US Open,2014-08-31,Grand Slam,Outdoor,Hard,3rd Round,5,Wawrinka S.,Kavcic B.,4,92.0,5985,618.0,,,,,,,,,,,,,Walkover,1.11,6.5,1.13,5.5,1.12,6.0,1.13,8.01,1.13,6.25,1.14,8.01,1.11,6.41
ATP,2014,51,New York,US Open,2014-08-31,Grand Slam,Outdoor,Hard,3rd Round,5,Robredo T.,Kyrgios N.,18,60.0,1825,805.0,3.0,6.0,6.0,3.0,7.0,6.0,6.0,3.0,,,3.0,1.0,Completed,1.66,2.1,1.7,2.1,1.67,2.2,1.65,2.41,1.8,2.05,1.8,2.5,1.64,2.24
ATP,2014,51,New York,US Open,2014-08-31,Grand Slam,Outdoor,Hard,3rd Round,5,Simon G.,Ferrer D.,31,5.0,1180,4765.0,6.0,3.0,3.0,6.0,6.0,1.0,6.0,3.0,,,3.0,1.0,Completed,4.5,1.18,4.0,1.22,4.0,1.25,4.55,1.25,4.33,1.2,4.6,1.27,4.24,1.22
ATP,2014,51,New York,US Open,2014-08-31,Grand Slam,Outdoor,Hard,3rd Round,5,Cilic M.,Anderson K.,16,20.0,1845,1795.0,6.0,3.0,3.0,6.0,6.0,3.0,6.0,4.0,,,3.0,1.0,Completed,1.4,3.0,1.45,2.7,1.44,2.75,1.43,3.14,1.5,2.63,1.5,3.14,1.42,2.86
ATP,2014,51,New York,US Open,2014-08-31,Grand Slam,Outdoor,Hard,3rd Round,5,Berdych T.,Gabashvili T.,7,62.0,4060,795.0,6.0,3.0,6.0,2.0,6.0,4.0,,,,,3.0,0.0,Completed,1.08,8.0,1.07,8.0,1.07,8.5,1.12,7.83,1.07,8.0,1.14,9.55,1.08,7.75
ATP,2014,51,New York,US Open,2014-08-31,Grand Slam,Outdoor,Hard,3rd Round,5,Federer R.,Granollers M.,3,42.0,7490,1010.0,4.0,6.0,6.0,1.0,6.0,1.0,6.0,1.0,,,3.0,1.0,Completed,1.01,21.0,1.01,13.0,1.02,17.0,1.02,25.5,1.02,13.0,1.03,32.0,1.02,17.33
ATP,2014,51,New York,US Open,2014-08-31,Grand Slam,Outdoor,Hard,3rd Round,5,Thiem D.,Lopez F.,45,21.0,985,1770.0,6.0,4.0,6.0,2.0,6.0,3.0,,,,,3.0,0.0,Completed,2.2,1.61,2.15,1.68,2.25,1.62,2.29,1.71,2.3,1.57,2.3,1.77,2.18,1.67
ATP,2014,51,New York,US Open,2014-08-31,Grand Slam,Outdoor,Hard,3rd Round,5,Bautista R.,Mannarino A.,19,89.0,1800,622.0,7.0,5.0,6.0,2.0,6.0,3.0,,,,,3.0,0.0,Completed,1.36,3.0,1.38,3.0,1.33,3.4,1.41,3.21,,,1.44,3.4,1.37,3.08
ATP,2014,51,New York,US Open,2014-09-01,Grand Slam,Outdoor,Hard,3rd Round,5,Monfils G.,Gasquet R.,24,14.0,1530,2360.0,6.0,4.0,6.0,2.0,6.0,2.0,,,,,3.0,0.0,Completed,1.61,2.2,1.68,2.15,1.62,2.25,1.7,2.32,1.57,2.3,1.75,2.35,1.65,2.22
ATP,2014,51,New York,US Open,2014-09-01,Grand Slam,Outdoor,Hard,3rd Round,5,Dimitrov G.,Goffin D.,8,56.0,3540,828.0,0.0,6.0,6.0,3.0,6.0,4.0,6.0,1.0,,,3.0,1.0,Completed,1.22,4.0,1.25,3.75,1.25,4.0,1.28,4.22,1.3,3.75,1.3,4.25,1.25,3.9
ATP,2014,51,New York,US Open,2014-09-01,Grand Slam,Outdoor,Hard,4th Round,5,Djokovic N.,Kohlschreiber P.,1,25.0,12770,1505.0,6.0,1.0,7.0,5.0,6.0,4.0,,,,,3.0,0.0,Completed,1.04,13.0,1.05,9.0,1.05,10.0,1.06,13.0,1.04,11.0,1.07,14.62,1.05,10.98
ATP,2014,51,New York,US Open,2014-09-01,Grand Slam,Outdoor,Hard,4th Round,5,Murray A.,Tsonga J.W.,9,10.0,3150,2920.0,7.0,5.0,7.0,5.0,6.0,4.0,,,,,3.0,0.0,Completed,1.66,2.2,1.68,2.15,1.73,2.1,1.7,2.31,1.62,2.25,1.8,2.35,1.69,2.17
ATP,2014,51,New York,US Open,2014-09-01,Grand Slam,Outdoor,Hard,4th Round,5,Wawrinka S.,Robredo T.,4,18.0,5985,1825.0,7.0,5.0,4.0,6.0,7.0,6.0,6.0,2.0,,,3.0,1.0,Completed,1.44,2.75,1.45,2.7,1.44,2.75,1.46,2.98,1.44,2.63,1.49,3.2,1.45,2.76
ATP,2014,51,New York,US Open,2014-09-02,Grand Slam,Outdoor,Hard,4th Round,5,Nishikori K.,Raonic M.,11,6.0,2680,4225.0,4.0,6.0,7.0,6.0,6.0,7.0,7.0,5.0,6.0,4.0,3.0,2.0,Completed,2.0,1.8,2.05,1.75,2.1,1.73,2.06,1.87,2.1,1.67,2.15,1.89,2.02,1.78
ATP,2014,51,New York,US Open,2014-09-02,Grand Slam,Outdoor,Hard,4th Round,5,Monfils G.,Dimitrov G.,24,8.0,1530,3540.0,7.0,5.0,7.0,6.0,7.0,5.0,,,,,3.0,0.0,Completed,2.1,1.72,2.15,1.68,2.2,1.67,2.26,1.73,2.2,1.67,2.26,1.8,2.15,1.7
ATP,2014,51,New York,US Open,2014-09-02,Grand Slam,Outdoor,Hard,4th Round,5,Cilic M.,Simon G.,16,31.0,1845,1180.0,5.0,7.0,7.0,6.0,6.0,4.0,3.0,6.0,6.0,3.0,3.0,2.0,Completed,1.53,2.5,1.55,2.4,1.53,2.5,1.57,2.6,1.53,2.5,1.62,2.6,1.55,2.45
ATP,2014,51,New York,US Open,2014-09-03,Grand Slam,Outdoor,Hard,4th Round,5,Berdych T.,Thiem D.,7,45.0,4060,985.0,6.0,1.0,6.0,2.0,6.0,4.0,,,,,3.0,0.0,Completed,1.2,4.5,1.22,4.0,1.25,4.0,1.24,4.64,1.25,3.8,1.3,4.8,1.23,4.2
ATP,2014,51,New York,US Open,2014-09-03,Grand Slam,Outdoor,Hard,4th Round,5,Federer R.,Bautista R.,3,19.0,7490,1800.0,6.0,4.0,6.0,3.0,6.0,2.0,,,,,3.0,0.0,Completed,1.05,11.0,1.05,9.0,1.06,9.0,1.07,11.5,1.06,8.5,1.08,11.54,1.06,9.15
ATP,2014,51,New York,US Open,2014-09-03,Grand Slam,Outdoor,Hard,Quarterfinals,5,Nishikori K.,Wawrinka S.,11,4.0,2680,5985.0,3.0,6.0,7.0,5.0,7.0,6.0,6.0,7.0,6.0,4.0,3.0,2.0,Completed,2.5,1.53,2.4,1.55,2.5,1.53,2.52,1.6,2.5,1.5,2.63,1.63,2.47,1.55
ATP,2014,51,New York,US Open,2014-09-04,Grand Slam,Outdoor,Hard,Quarterfinals,5,Djokovic N.,Murray A.,1,9.0,12770,3150.0,7.0,6.0,6.0,7.0,6.0,2.0,6.0,4.0,,,3.0,1.0,Completed,1.25,4.0,1.25,3.75,1.29,3.75,1.26,4.45,1.3,3.6,1.3,4.46,1.25,3.96
ATP,2014,51,New York,US Open,2014-09-04,Grand Slam,Outdoor,Hard,Quarterfinals,5,Cilic M.,Berdych T.,16,7.0,1845,4060.0,6.0,2.0,6.0,4.0,7.0,6.0,,,,,3.0,0.0,Completed,2.37,1.57,2.3,1.6,2.38,1.57,2.36,1.68,,,2.44,1.68,2.33,1.61
ATP,2014,51,New York,US Open,2014-09-05,Grand Slam,Outdoor,Hard,Quarterfinals,5,Federer R.,Monfils G.,3,24.0,7490,1530.0,4.0,6.0,3.0,6.0,6.0,4.0,7.0,5.0,6.0,2.0,3.0,2.0,Completed,1.25,4.0,1.25,3.75,1.25,4.0,1.28,4.23,1.22,4.0,1.3,4.33,1.25,3.93
ATP,2014,51,New York,US Open,2014-09-06,Grand Slam,Outdoor,Hard,Semifinals,5,Nishikori K.,Djokovic N.,11,1.0,2680,12770.0,6.0,4.0,1.0,6.0,7.0,6.0,6.0,3.0,,,3.0,1.0,Completed,7.0,1.1,6.5,1.1,7.0,1.1,7.39,1.14,6.5,1.11,7.54,1.14,6.63,1.11
ATP,2014,51,New York,US Open,2014-09-06,Grand Slam,Outdoor,Hard,Semifinals,5,Cilic M.,Federer R.,16,3.0,1845,7490.0,6.0,3.0,6.0,4.0,6.0,4.0,,,,,3.0,0.0,Completed,4.0,1.25,3.75,1.25,3.75,1.29,4.18,1.29,3.8,1.25,4.33,1.32,3.82,1.27
ATP,2014,51,New York,US Open,2014-09-08,Grand Slam,Outdoor,Hard,The Final,5,Cilic M.,Nishikori K.,16,11.0,1845,2680.0,6.0,3.0,6.0,3.0,6.0,3.0,,,,,3.0,0.0,Completed,2.0,1.8,2.0,1.8,2.0,1.8,2.01,1.94,2.05,1.8,2.05,1.94,1.96,1.85
