Tour,Year,ATP,Location,Tournament,Date,Series,Court,Surface,Round,Best of,Winner,Loser,WRank,LRank,WPts,LPts,W1,L1,W2,L2,W3,L3,W4,L4,W5,L5,Wsets,Lsets,Comment,B365W,B365L,EXW,EXL,LBW,LBL,PSW,PSL,SJW,SJL,MaxW,MaxL,AvgW,AvgL
ATP,2013,6,Melbourne,Australian Open,2013-01-14,Grand Slam,Outdoor,Hard,1st Round,5,Almagro N.,Johnson S.,11.0,175.0,2515.0,302.0,7.0,5.0,6.0,7.0,6.0,2.0,6.0,7.0,6.0,2.0,3.0,2.0,Completed,1.14,5.5,1.13,5.75,1.11,6.0,1.19,5.54,1.13,6.0,1.19,7.9,1.14,5.49
ATP,2013,6,Melbourne,Australian Open,2013-01-14,Grand Slam,Outdoor,Hard,1st Round,5,Nishikori K.,Hanescu V.,18.0,63.0,1870.0,753.0,6.0,7.0,6.0,3.0,6.0,1.0,6.0,3.0,,,3.0,1.0,Completed,1.07,9.0,1.07,8.0,1.08,7.0,1.09,9.5,1.1,7.0,1.1,10.5,1.08,7.79
ATP,2013,6,Melbourne,Australian Open,2013-01-14,Grand Slam,Outdoor,Hard,1st Round,5,Rufin G.,Reister J.,92.0,296.0,574.0,153.0,4.0,6.0,7.0,6.0,6.0,1.0,6.0,2.0,,,3.0,1.0,Completed,2.25,1.57,2.4,1.55,2.25,1.57,2.3,1.69,2.5,1.53,2.5,1.69,2.28,1.6
ATP,2013,6,Melbourne,Australian Open,2013-01-14,Grand Slam,Outdoor,Hard,1st Round,5,Berlocq C.,Authom M.,68.0,156.0,720.0,351.0,1.0,6.0,7.0,6.0,7.0,6.0,6.0,2.0,,,3.0,1.0,Completed,2.2,1.61,2.12,1.7,2.2,1.62,2.3,1.69,2.2,1.67,2.3,1.75,2.15,1.67
ATP,2013,6,Melbourne,Australian Open,2013-01-14,Grand Slam,Outdoor,Hard,1st Round,5,Benneteau J.,Dimitrov G.,38.0,41.0,1015.0,1008.0,6.0,4.0,6.0,2.0,6.0,4.0,,,,,3.0,0.0,Completed,2.5,1.5,2.4,1.55,2.38,1.53,2.51,1.6,2.5,1.5,2.88,1.63,2.41,1.55
ATP,2013,6,Melbourne,Australian Open,2013-01-14,Grand Slam,Outdoor,Hard,1st Round,5,Gimeno-Traver D.,Kubot L.,71.0,76.0,704.0,675.0,6.0,7.0,6.0,4.0,6.0,0.0,4.0,6.0,6.0,4.0,3.0,2.0,Completed,3.25,1.33,3.15,1.35,3.4,1.3,3.97,1.29,2.75,1.44,3.97,1.44,3.25,1.33
ATP,2013,6,Melbourne,Australian Open,2013-01-14,Grand Slam,Outdoor,Hard,1st Round,5,Roger-Vasselin E.,Bemelmans R.,101.0,114.0,539.0,486.0,6.0,3.0,6.0,7.0,2.0,6.0,7.0,5.0,11.0,9.0,3.0,2.0,Completed,2.2,1.61,2.05,1.75,2.0,1.73,2.11,1.81,2.0,1.8,2.38,1.81,2.07,1.72
ATP,2013,6,Melbourne,Australian Open,2013-01-14,Grand Slam,Outdoor,Hard,1st Round,5,Malisse X.,Andujar P.,55.0,45.0,791.0,915.0,6.0,3.0,6.0,1.0,6.0,2.0,,,,,3.0,0.0,Completed,1.16,5.0,1.18,4.75,1.2,4.33,1.21,5.08,1.2,4.33,1.23,5.08,1.18,4.59
ATP,2013,6,Melbourne,Australian Open,2013-01-14,Grand Slam,Outdoor,Hard,1st Round,5,Verdasco F.,Goffin D.,24.0,49.0,1445.0,843.0,6.0,3.0,3.0,6.0,4.0,6.0,6.0,3.0,6.0,4.0,3.0,2.0,Completed,1.61,2.2,1.65,2.2,1.62,2.25,1.72,2.25,1.57,2.38,1.8,2.38,1.66,2.19
ATP,2013,6,Melbourne,Australian Open,2013-01-14,Grand Slam,Outdoor,Hard,1st Round,5,Wawrinka S.,Stebe C.M.,17.0,164.0,1900.0,327.0,6.0,2.0,6.0,4.0,6.0,3.0,,,,,3.0,0.0,Completed,1.12,6.0,1.16,5.0,1.12,5.5,1.17,5.98,1.13,6.0,1.17,7.1,1.13,5.67
ATP,2013,6,Melbourne,Australian Open,2013-01-14,Grand Slam,Outdoor,Hard,1st Round,5,Harrison R.,Giraldo S.,62.0,64.0,754.0,743.0,2.0,6.0,6.0,4.0,7.0,5.0,6.0,4.0,,,3.0,1.0,Completed,1.72,2.0,1.78,2.01,1.67,2.1,1.81,2.1,1.8,2.0,1.91,2.12,1.77,2.0
ATP,2013,6,Melbourne,Australian Open,2013-01-14,Grand Slam,Outdoor,Hard,1st Round,5,Donskoy E.,Ungur A.,82.0,99.0,637.0,557.0,6.0,4.0,6.0,4.0,6.0,2.0,,,,,3.0,0.0,Completed,1.3,3.4,1.35,3.15,1.36,3.0,1.27,4.22,1.36,3.0,1.4,4.4,1.32,3.31
ATP,2013,6,Melbourne,Australian Open,2013-01-14,Grand Slam,Outdoor,Hard,1st Round,5,Berdych T.,Russell M.,6.0,94.0,4680.0,569.0,6.0,3.0,7.0,5.0,6.0,3.0,,,,,3.0,0.0,Completed,1.03,15.0,1.03,12.0,1.04,10.0,1.04,16.0,1.05,9.0,1.05,19.0,1.03,12.31
ATP,2013,6,Melbourne,Australian Open,2013-01-14,Grand Slam,Outdoor,Hard,1st Round,5,Djokovic N.,Mathieu P.H.,1.0,60.0,12920.0,763.0,6.0,2.0,6.0,4.0,7.0,5.0,,,,,3.0,0.0,Completed,1.002,29.0,1.02,15.0,1.02,13.0,1.01,41.0,1.01,19.0,1.02,46.0,1.01,21.7
ATP,2013,6,Melbourne,Australian Open,2013-01-14,Grand Slam,Outdoor,Hard,1st Round,5,Youzhny M.,Ebden M.,25.0,108.0,1335.0,509.0,4.0,6.0,6.0,7.0,6.0,2.0,7.0,6.0,6.0,3.0,3.0,2.0,Completed,1.16,5.0,1.2,4.4,1.17,5.0,1.19,5.39,1.17,5.0,1.2,6.7,1.17,4.93
ATP,2013,6,Melbourne,Australian Open,2013-01-14,Grand Slam,Outdoor,Hard,1st Round,5,Melzer J.,Kukushkin M.,29.0,105.0,1177.0,526.0,6.0,1.0,6.0,1.0,6.0,2.0,,,,,3.0,0.0,Completed,1.14,5.5,1.17,4.85,1.17,4.5,1.15,6.34,1.2,4.5,1.22,6.34,1.16,5.17
ATP,2013,6,Melbourne,Australian Open,2013-01-14,Grand Slam,Outdoor,Hard,1st Round,5,Kamke T.,Cipolla F.,90.0,95.0,577.0,568.0,6.0,1.0,6.0,4.0,6.0,1.0,,,,,3.0,0.0,Completed,1.25,3.75,1.3,3.45,1.3,3.4,1.31,3.85,1.33,3.25,1.36,4.4,1.3,3.52
ATP,2013,6,Melbourne,Australian Open,2013-01-14,Grand Slam,Outdoor,Hard,1st Round,5,Baker B.,Bogomolov A.,57.0,133.0,776.0,422.0,7.0,6.0,6.0,3.0,6.0,7.0,3.0,6.0,6.0,2.0,3.0,2.0,Completed,1.72,2.0,1.65,2.2,1.67,2.1,1.85,2.07,1.62,2.25,1.85,2.25,1.71,2.08
ATP,2013,6,Melbourne,Australian Open,2013-01-14,Grand Slam,Outdoor,Hard,1st Round,5,Smyczek T.,Karlovic I.,125.0,103.0,448.0,536.0,6.0,4.0,7.0,6.0,7.0,5.0,,,,,3.0,0.0,Completed,2.0,1.72,2,1.78,2.1,1.67,2.25,1.72,2.0,1.8,2.34,1.8,2.07,1.73
ATP,2013,6,Melbourne,Australian Open,2013-01-14,Grand Slam,Outdoor,Hard,1st Round,5,Devvarman S.,Phau B.,551.0,78.0,52.0,672.0,6.0,3.0,6.0,2.0,6.0,3.0,,,,,3.0,0.0,Completed,3.0,1.36,2.9,1.4,2.75,1.4,3.19,1.41,2.88,1.4,3.45,1.42,2.95,1.39
ATP,2013,6,Melbourne,Australian Open,2013-01-14,Grand Slam,Outdoor,Hard,1st Round,5,Kuznetsov An.,Monaco J.,79.0,12.0,660.0,2430.0,7.0,6.0,6.0,1.0,6.0,1.0,,,,,3.0,0.0,Completed,3.75,1.25,3.85,1.25,3.75,1.25,3.98,1.29,4.0,1.22,4.0,1.31,3.8,1.26
ATP,2013,6,Melbourne,Australian Open,2013-01-14,Grand Slam,Outdoor,Hard,1st Round,5,Lopez F.,Brugues-Davi A.,42.0,198.0,1005.0,241.0,6.0,3.0,6.0,2.0,6.0,4.0,,,,,3.0,0.0,Completed,1.16,5.0,1.2,4.4,1.17,4.5,1.21,5.08,1.2,4.33,1.22,5.5,1.19,4.64
ATP,2013,6,Melbourne,Australian Open,2013-01-14,Grand Slam,Outdoor,Hard,1st Round,5,Ito T.,Millman J.,84.0,184.0,633.0,279.0,6.0,4.0,6.0,4.0,3.0,6.0,0.0,6.0,7.0,5.0,3.0,2.0,Completed,3.75,1.25,3.4,1.3,3.0,1.36,3.89,1.3,3.0,1.36,4.05,1.36,3.48,1.3
ATP,2013,6,Melbourne,Australian Open,2013-01-14,Grand Slam,Outdoor,Hard,1st Round,5,Janowicz J.,Bolelli S.,26.0,80.0,1299.0,658.0,7.0,5.0,6.0,4.0,6.0,3.0,,,,,3.0,0.0,Completed,1.3,3.4,1.35,3.15,1.36,3.0,1.36,3.44,1.4,2.88,1.42,3.75,1.34,3.18
ATP,2013,6,Melbourne,Australian Open,2013-01-14,Grand Slam,Outdoor,Hard,1st Round,5,Ferrer D.,Rochus O.,5.0,126.0,6505.0,447.0,6.0,3.0,6.0,4.0,6.0,2.0,,,,,3.0,0.0,Completed,1.02,19.0,1.04,10.0,1.02,15.0,1.03,20.0,1.01,15.0,1.04,31.0,1.02,15.09
ATP,2013,6,Melbourne,Australian Open,2013-01-14,Grand Slam,Outdoor,Hard,1st Round,5,Lacko L.,Muller G.,44.0,69.0,917.0,714.0,6.0,2.0,6.0,4.0,7.0,6.0,,,,,3.0,0.0,Completed,1.5,2.5,1.55,2.4,1.53,2.38,1.53,2.68,1.57,2.38,1.57,2.88,1.53,2.47
ATP,2013,6,Melbourne,Australian Open,2013-01-14,Grand Slam,Outdoor,Hard,1st Round,5,Stepanek R.,Troicki V.,34.0,37.0,1090.0,1030.0,5.0,7.0,4.0,6.0,6.0,3.0,6.0,3.0,7.0,5.0,3.0,2.0,Completed,2.5,1.5,2.55,1.5,2.62,1.44,2.62,1.56,2.2,1.67,2.88,1.56,2.59,1.49
ATP,2013,6,Melbourne,Australian Open,2013-01-14,Grand Slam,Outdoor,Hard,1st Round,5,Bautista R.,Fognini F.,56.0,47.0,786.0,880.0,6.0,0.0,2.0,6.0,6.0,4.0,3.0,6.0,6.0,1.0,3.0,2.0,Completed,2.0,1.72,1.98,1.8,2.0,1.73,2.03,1.87,2.0,1.8,2.18,1.89,2.0,1.77
ATP,2013,6,Melbourne,Australian Open,2013-01-14,Grand Slam,Outdoor,Hard,1st Round,5,Querrey S.,Munoz-De La Nava D.,22.0,174.0,1650.0,305.0,6.0,7.0,6.0,4.0,6.0,2.0,6.0,4.0,,,3.0,1.0,Completed,1.07,9.0,1.07,8.0,1.08,7.0,1.08,9.65,1.06,8.5,1.09,13.0,1.07,8.43
ATP,2013,6,Melbourne,Australian Open,2013-01-14,Grand Slam,Outdoor,Hard,1st Round,5,Tipsarevic J.,Hewitt L.,9.0,81.0,3090.0,645.0,7.0,6.0,7.0,5.0,6.0,3.0,,,,,3.0,0.0,Completed,1.61,2.2,1.65,2.2,1.62,2.25,1.72,2.26,1.62,2.25,1.74,2.7,1.64,2.22
ATP,2013,6,Melbourne,Australian Open,2013-01-14,Grand Slam,Outdoor,Hard,1st Round,5,Anderson K.,Lorenzi P.,31.0,59.0,1170.0,769.0,3.0,6.0,7.0,6.0,6.0,3.0,6.0,4.0,,,3.0,1.0,Completed,1.07,9.0,1.07,8.0,1.07,7.5,1.09,8.91,1.07,8.0,1.1,12.0,1.07,8.1
ATP,2013,6,Melbourne,Australian Open,2013-01-14,Grand Slam,Outdoor,Hard,1st Round,5,Baghdatis M.,Ramos A.,35.0,51.0,1070.0,830.0,6.0,7.0,7.0,6.0,6.0,4.0,3.0,6.0,6.0,3.0,3.0,2.0,Completed,1.08,8.0,1.07,8.0,1.07,8.0,1.09,8.91,1.08,7.5,1.1,9.4,1.08,7.5
ATP,2013,6,Melbourne,Australian Open,2013-01-15,Grand Slam,Outdoor,Hard,1st Round,5,Murray A.,Haase R.,3.0,53.0,8000.0,800.0,6.0,3.0,6.0,1.0,6.0,3.0,,,,,3.0,0.0,Completed,1.01,23.0,1.02,10.5,1.02,13.0,1.02,22.73,1.01,15.0,1.03,30.0,1.02,16.54
ATP,2013,6,Melbourne,Australian Open,2013-01-15,Grand Slam,Outdoor,Hard,1st Round,5,Kavcic B.,Bellucci T.,93.0,33.0,569.0,1112.0,6.0,3.0,6.0,1.0,6.0,3.0,,,,,3.0,0.0,Completed,3.25,1.33,3.15,1.35,3.25,1.33,3.56,1.34,3.25,1.33,3.8,1.37,3.26,1.33
ATP,2013,6,Melbourne,Australian Open,2013-01-15,Grand Slam,Outdoor,Hard,1st Round,5,Mayer F.,Williams R.,28.0,194.0,1215.0,253.0,2.0,6.0,3.0,6.0,6.0,2.0,7.0,6.0,6.0,1.0,3.0,2.0,Completed,1.14,5.5,1.16,5.0,1.17,4.5,1.17,5.83,1.2,4.33,1.2,7.5,1.16,5.01
ATP,2013,6,Melbourne,Australian Open,2013-01-15,Grand Slam,Outdoor,Hard,1st Round,5,Sousa J.,Smith J.P.,100.0,237.0,552.0,201.0,6.0,4.0,6.0,1.0,6.0,4.0,,,,,3.0,0.0,Completed,1.61,2.2,1.7,2.12,1.62,2.2,1.79,2.15,1.62,2.25,1.8,2.26,1.67,2.16
ATP,2013,6,Melbourne,Australian Open,2013-01-15,Grand Slam,Outdoor,Hard,1st Round,5,Berankis R.,Stakhovsky S.,110.0,102.0,501.0,538.0,6.0,2.0,7.0,6.0,7.0,5.0,,,,,3.0,0.0,Completed,1.5,2.5,1.55,2.4,1.57,2.25,1.54,2.66,1.57,2.38,1.58,2.68,1.55,2.42
ATP,2013,6,Melbourne,Australian Open,2013-01-15,Grand Slam,Outdoor,Hard,1st Round,5,Seppi A.,Zeballos H.,23.0,67.0,1595.0,725.0,6.0,2.0,6.0,4.0,6.0,2.0,,,,,3.0,0.0,Completed,1.2,4.33,1.23,4.0,1.22,4.0,1.24,4.61,1.22,4.0,1.26,4.95,1.22,4.19
ATP,2013,6,Melbourne,Australian Open,2013-01-15,Grand Slam,Outdoor,Hard,1st Round,5,Istomin D.,Sijsling I.,50.0,65.0,840.0,738.0,4.0,6.0,6.0,3.0,6.0,4.0,6.0,2.0,,,3.0,1.0,Completed,1.38,2.87,1.4,2.9,1.44,2.62,1.5,2.8,1.4,2.88,1.5,3.1,1.43,2.75
ATP,2013,6,Melbourne,Australian Open,2013-01-15,Grand Slam,Outdoor,Hard,1st Round,5,Raonic M.,Hajek J.,15.0,104.0,2175.0,527.0,3.0,6.0,6.0,1.0,6.0,2.0,7.0,6.0,,,3.0,1.0,Completed,1.03,15.0,1.03,12.0,1.03,10.0,1.04,16.0,1.03,11.0,1.05,23.0,1.03,12.38
ATP,2013,6,Melbourne,Australian Open,2013-01-15,Grand Slam,Outdoor,Hard,1st Round,5,Soeda G.,Saville L.,73.0,349.0,701.0,124.0,6.0,7.0,6.0,3.0,6.0,2.0,6.0,3.0,,,3.0,1.0,Completed,1.14,5.5,1.18,4.75,1.2,4.33,1.15,6.45,1.2,4.5,1.2,6.45,1.17,5.01
ATP,2013,6,Melbourne,Australian Open,2013-01-15,Grand Slam,Outdoor,Hard,1st Round,5,Duckworth J.,Mitchell B.,223.0,334.0,210.0,131.0,6.0,4.0,7.0,6.0,4.0,6.0,5.0,7.0,8.0,6.0,3.0,2.0,Completed,1.53,2.37,1.6,2.3,1.5,2.5,1.52,2.73,1.53,2.5,1.62,2.75,1.54,2.45
ATP,2013,6,Melbourne,Australian Open,2013-01-15,Grand Slam,Outdoor,Hard,1st Round,5,Falla A.,Ouanna J.,54.0,118.0,796.0,474.0,6.0,4.0,7.0,5.0,6.0,4.0,,,,,3.0,0.0,Completed,1.28,3.5,1.35,3.15,1.3,3.4,1.35,3.51,1.33,3.25,1.37,3.6,1.31,3.36
ATP,2013,6,Melbourne,Australian Open,2013-01-15,Grand Slam,Outdoor,Hard,1st Round,5,Chardy J.,Menendez-Maceiras A.,36.0,233.0,1063.0,205.0,7.0,6.0,6.0,7.0,6.0,2.0,6.0,1.0,,,3.0,1.0,Completed,1.2,4.33,1.25,3.85,1.2,4.33,1.3,3.92,1.22,4.0,1.3,4.5,1.24,3.99
ATP,2013,6,Melbourne,Australian Open,2013-01-15,Grand Slam,Outdoor,Hard,1st Round,5,Weintraub A.,Pella G.,196.0,97.0,244.0,564.0,7.0,6.0,7.0,5.0,6.0,2.0,,,,,3.0,0.0,Completed,2.0,1.72,2.05,1.75,2.1,1.67,2.17,1.78,2.0,1.8,2.22,1.82,2.08,1.72
ATP,2013,6,Melbourne,Australian Open,2013-01-15,Grand Slam,Outdoor,Hard,1st Round,5,Kohlschreiber P.,Darcis S.,19.0,98.0,1830.0,561.0,6.0,2.0,6.0,3.0,6.0,4.0,,,,,3.0,0.0,Completed,1.11,6.5,1.13,5.75,1.12,5.5,1.13,7.38,1.13,6.0,1.14,9.4,1.12,6.12
ATP,2013,6,Melbourne,Australian Open,2013-01-15,Grand Slam,Outdoor,Hard,1st Round,5,Tsonga J.W.,Llodra M.,8.0,52.0,3375.0,823.0,6.0,4.0,7.0,5.0,6.0,2.0,,,,,3.0,0.0,Completed,1.08,8.0,1.07,8.0,1.06,8.5,1.1,8.7,1.07,8.0,1.11,9.8,1.08,7.74
ATP,2013,6,Melbourne,Australian Open,2013-01-15,Grand Slam,Outdoor,Hard,1st Round,5,Federer R.,Paire B.,2.0,46.0,10265.0,900.0,6.0,2.0,6.0,4.0,6.0,1.0,,,,,3.0,0.0,Completed,1.01,21.0,1.01,14.5,1.02,13.0,1.01,25.99,1.01,19.0,1.03,29.0,1.02,16.98
ATP,2013,6,Melbourne,Australian Open,2013-01-15,Grand Slam,Outdoor,Hard,1st Round,5,Levine J.,Robredo T.,88.0,107.0,580.0,515.0,7.0,6.0,6.0,7.0,6.0,4.0,6.0,4.0,,,3.0,1.0,Completed,1.61,2.2,1.65,2.2,1.73,2.0,1.74,2.23,1.73,2.1,1.77,2.36,1.69,2.14
ATP,2013,6,Melbourne,Australian Open,2013-01-15,Grand Slam,Outdoor,Hard,1st Round,5,Dodig I.,Wu D.,74.0,186.0,692.0,273.0,7.0,5.0,4.0,6.0,6.0,3.0,6.0,3.0,,,3.0,1.0,Completed,1.12,6.0,1.16,5.0,1.17,4.5,1.19,5.54,1.14,5.5,1.2,6.0,1.16,5.12
ATP,2013,6,Melbourne,Australian Open,2013-01-15,Grand Slam,Outdoor,Hard,1st Round,5,Granollers M.,Zemlja G.,32.0,58.0,1125.0,770.0,7.0,6.0,7.0,6.0,1.0,0.0,,,,,2.0,0.0,Retired,1.61,2.2,1.6,2.3,1.67,2.1,1.61,2.47,1.53,2.5,1.71,2.5,1.62,2.27
ATP,2013,6,Melbourne,Australian Open,2013-01-15,Grand Slam,Outdoor,Hard,1st Round,5,Cilic M.,Matosevic M.,14.0,48.0,2210.0,845.0,6.0,4.0,7.0,5.0,6.0,2.0,,,,,3.0,0.0,Completed,1.14,5.5,1.16,5.0,1.2,4.5,1.19,5.46,1.2,4.33,1.22,5.7,1.18,4.79
ATP,2013,6,Melbourne,Australian Open,2013-01-15,Grand Slam,Outdoor,Hard,1st Round,5,Rosol L.,Baker J.,75.0,246.0,679.0,194.0,7.0,6.0,7.0,5.0,6.0,2.0,,,,,3.0,0.0,Completed,1.28,3.5,1.35,3.15,1.3,3.4,1.35,3.5,1.33,3.25,1.39,3.5,1.34,3.25
ATP,2013,6,Melbourne,Australian Open,2013-01-15,Grand Slam,Outdoor,Hard,1st Round,5,Del Potro J.M.,Mannarino A.,7.0,170.0,4480.0,315.0,6.0,1.0,6.0,2.0,6.0,2.0,,,,,3.0,0.0,Completed,1.06,10.0,1.05,9.0,1.05,9.0,1.07,11.25,1.02,13.0,1.08,14.0,1.06,9.58
ATP,2013,6,Melbourne,Australian Open,2013-01-15,Grand Slam,Outdoor,Hard,1st Round,5,Nieminen J.,Haas T.,70.0,21.0,710.0,1720.0,7.0,6.0,4.0,6.0,6.0,3.0,4.0,6.0,8.0,6.0,3.0,2.0,Completed,3.0,1.36,2.9,1.4,3.0,1.36,3.33,1.38,3.0,1.36,3.5,1.45,2.96,1.39
ATP,2013,6,Melbourne,Australian Open,2013-01-15,Grand Slam,Outdoor,Hard,1st Round,5,Becker B.,Bedene A.,66.0,77.0,733.0,673.0,4.0,6.0,6.0,3.0,7.0,5.0,7.0,6.0,,,3.0,1.0,Completed,2.2,1.61,2.12,1.7,2.1,1.67,2.26,1.72,2.1,1.73,2.38,1.83,2.12,1.71
ATP,2013,6,Melbourne,Australian Open,2013-01-15,Grand Slam,Outdoor,Hard,1st Round,5,Simon G.,Volandri F.,16.0,87.0,2145.0,582.0,2.0,6.0,6.0,3.0,6.0,2.0,6.0,2.0,,,3.0,1.0,Completed,1.04,13.0,1.04,10.0,1.02,11.0,1.05,13.5,1.02,13.0,1.05,17.0,1.03,11.93
ATP,2013,6,Melbourne,Australian Open,2013-01-15,Grand Slam,Outdoor,Hard,1st Round,5,Lu Y.H.,Ramirez-Hidalgo R.,61.0,91.0,759.0,577.0,6.0,2.0,6.0,1.0,4.0,6.0,6.0,1.0,,,3.0,1.0,Completed,1.06,10.0,1.05,9.0,1.07,7.5,1.06,11.75,1.07,8.0,1.08,12.0,1.06,9.01
ATP,2013,6,Melbourne,Australian Open,2013-01-15,Grand Slam,Outdoor,Hard,1st Round,5,Gasquet R.,Montanes A.,10.0,96.0,2720.0,565.0,7.0,5.0,6.0,2.0,6.0,1.0,,,,,3.0,0.0,Completed,1.02,19.0,1.02,12.5,1.02,11.0,1.03,20.0,1.03,11.0,1.04,23.0,1.02,14.62
ATP,2013,6,Melbourne,Australian Open,2013-01-15,Grand Slam,Outdoor,Hard,1st Round,5,Davydenko N.,Sela D.,40.0,113.0,1015.0,487.0,3.0,6.0,6.0,1.0,7.0,5.0,6.0,3.0,,,3.0,1.0,Completed,1.14,5.5,1.2,4.35,1.17,4.5,1.26,4.3,1.14,5.5,1.26,5.58,1.18,4.63
ATP,2013,6,Melbourne,Australian Open,2013-01-15,Grand Slam,Outdoor,Hard,1st Round,5,Ram R.,Garcia-Lopez G.,130.0,85.0,433.0,624.0,6.0,4.0,6.0,4.0,3.0,6.0,6.0,2.0,,,3.0,1.0,Completed,2.75,1.4,2.7,1.45,2.62,1.44,2.87,1.48,2.63,1.5,3.1,1.5,2.75,1.43
ATP,2013,6,Melbourne,Australian Open,2013-01-15,Grand Slam,Outdoor,Hard,1st Round,5,Brands D.,Klizan M.,120.0,30.0,469.0,1175.0,6.0,3.0,3.0,6.0,6.0,3.0,6.0,4.0,,,3.0,1.0,Completed,1.66,2.1,1.7,2.12,1.8,1.91,1.83,2.1,1.73,2.1,1.89,2.13,1.77,2.01
ATP,2013,6,Melbourne,Australian Open,2013-01-15,Grand Slam,Outdoor,Hard,1st Round,5,Monfils G.,Dolgopolov O.,86.0,20.0,600.0,1750.0,6.0,7.0,7.0,6.0,6.0,3.0,6.0,3.0,,,3.0,1.0,Completed,2.25,1.57,2.2,1.65,2.25,1.62,2.45,1.63,2.25,1.62,2.58,1.72,2.28,1.61
ATP,2013,6,Melbourne,Australian Open,2013-01-15,Grand Slam,Outdoor,Hard,1st Round,5,Tomic B.,Mayer L.,43.0,72.0,985.0,702.0,6.0,3.0,6.0,2.0,6.0,3.0,,,,,3.0,0.0,Completed,1.05,11.0,1.07,8.0,1.07,8.0,1.07,10.5,1.08,7.5,1.1,13.0,1.06,8.87
ATP,2013,6,Melbourne,Australian Open,2013-01-16,Grand Slam,Outdoor,Hard,2nd Round,5,Almagro N.,Gimeno-Traver D.,11.0,71.0,2515.0,704.0,6.0,4.0,6.0,1.0,6.0,2.0,,,,,3.0,0.0,Completed,1.08,8.0,1.1,6.5,1.1,7.0,1.08,9.65,1.1,7.0,1.12,9.65,1.09,7.12
ATP,2013,6,Melbourne,Australian Open,2013-01-16,Grand Slam,Outdoor,Hard,2nd Round,5,Nishikori K.,Berlocq C.,18.0,68.0,1870.0,720.0,7.0,6.0,6.0,4.0,6.0,1.0,,,,,3.0,0.0,Completed,1.05,11.0,1.07,8.0,1.06,8.0,1.05,13.0,1.07,8.0,1.08,14.0,1.06,9.34
ATP,2013,6,Melbourne,Australian Open,2013-01-16,Grand Slam,Outdoor,Hard,2nd Round,5,Janowicz J.,Devvarman S.,26.0,551.0,1299.0,52.0,6.0,7.0,3.0,6.0,6.0,1.0,6.0,0.0,7.0,5.0,3.0,2.0,Completed,1.18,4.5,1.2,4.4,1.17,4.5,1.21,5.0,1.2,4.5,1.25,6.0,1.18,4.72
ATP,2013,6,Melbourne,Australian Open,2013-01-16,Grand Slam,Outdoor,Hard,2nd Round,5,Querrey S.,Baker B.,22.0,57.0,1650.0,776.0,6.0,7.0,1.0,1.0,,,,,,,0.0,1.0,Retired,1.14,5.5,1.2,4.4,1.2,4.33,1.18,5.7,1.2,4.5,1.2,5.7,1.18,4.83
ATP,2013,6,Melbourne,Australian Open,2013-01-16,Grand Slam,Outdoor,Hard,2nd Round,5,Melzer J.,Bautista R.,29.0,56.0,1177.0,786.0,6.0,7.0,6.0,3.0,6.0,7.0,6.0,3.0,6.0,2.0,3.0,2.0,Completed,1.8,1.9,1.8,1.98,1.83,1.83,1.72,2.26,1.67,2.2,1.85,2.26,1.76,2.02
ATP,2013,6,Melbourne,Australian Open,2013-01-16,Grand Slam,Outdoor,Hard,2nd Round,5,Berdych T.,Rufin G.,6.0,92.0,4680.0,574.0,6.0,2.0,6.0,2.0,6.0,4.0,,,,,3.0,0.0,Completed,1.02,17.0,1.04,10.0,1.03,11.0,1.02,22.73,1.04,10.0,1.05,23.0,1.03,13.33
ATP,2013,6,Melbourne,Australian Open,2013-01-16,Grand Slam,Outdoor,Hard,2nd Round,5,Donskoy E.,Youzhny M.,82.0,25.0,637.0,1335.0,3.0,6.0,7.0,6.0,6.0,2.0,3.0,6.0,6.0,3.0,3.0,2.0,Completed,4.0,1.22,3.85,1.25,3.75,1.25,3.65,1.33,3.75,1.25,4.05,1.33,3.69,1.27
ATP,2013,6,Melbourne,Australian Open,2013-01-16,Grand Slam,Outdoor,Hard,2nd Round,5,Wawrinka S.,Kamke T.,17.0,90.0,1900.0,577.0,6.0,3.0,7.0,6.0,,,,,,,2.0,0.0,Retired,1.14,5.5,1.16,5.0,1.17,4.5,1.16,6.3,1.17,5.0,1.18,6.7,1.15,5.2
ATP,2013,6,Melbourne,Australian Open,2013-01-16,Grand Slam,Outdoor,Hard,2nd Round,5,Ferrer D.,Smyczek T.,5.0,125.0,6505.0,448.0,6.0,0.0,7.0,5.0,4.0,6.0,6.0,3.0,,,3.0,1.0,Completed,1.01,26.0,1.02,15.0,1.02,15.0,1.01,41.0,1.01,15.0,1.03,48.25,1.01,19.92
ATP,2013,6,Melbourne,Australian Open,2013-01-16,Grand Slam,Outdoor,Hard,2nd Round,5,Baghdatis M.,Ito T.,35.0,84.0,1070.0,633.0,3.0,6.0,6.0,3.0,6.0,2.0,6.0,2.0,,,3.0,1.0,Completed,1.08,8.0,1.07,8.0,1.1,6.5,1.08,10.15,1.08,7.0,1.11,11.0,1.08,7.91
ATP,2013,6,Melbourne,Australian Open,2013-01-16,Grand Slam,Outdoor,Hard,2nd Round,5,Benneteau J.,Roger-Vasselin E.,38.0,101.0,1015.0,539.0,4.0,6.0,7.0,5.0,7.0,6.0,7.0,6.0,,,3.0,1.0,Completed,1.18,4.5,1.2,4.4,1.22,4.0,1.21,5.0,1.22,4.0,1.25,5.5,1.21,4.33
ATP,2013,6,Melbourne,Australian Open,2013-01-16,Grand Slam,Outdoor,Hard,2nd Round,5,Stepanek R.,Lopez F.,34.0,42.0,1090.0,1005.0,6.0,2.0,6.0,2.0,6.0,4.0,,,,,3.0,0.0,Completed,2.0,1.72,2.12,1.7,2.0,1.73,2.07,1.85,2.0,1.8,2.12,1.97,2.01,1.77
ATP,2013,6,Melbourne,Australian Open,2013-01-16,Grand Slam,Outdoor,Hard,2nd Round,5,Tipsarevic J.,Lacko L.,9.0,44.0,3090.0,917.0,6.0,3.0,6.0,4.0,3.0,6.0,4.0,6.0,7.0,5.0,3.0,2.0,Completed,1.12,6.0,1.16,5.0,1.14,5.5,1.17,5.85,1.08,7.0,1.17,7.1,1.14,5.54
ATP,2013,6,Melbourne,Australian Open,2013-01-16,Grand Slam,Outdoor,Hard,2nd Round,5,Anderson K.,Kuznetsov An.,31.0,79.0,1170.0,660.0,6.0,1.0,7.0,5.0,6.0,4.0,,,,,3.0,0.0,Completed,1.16,5.0,1.2,4.4,1.14,5.0,1.17,5.8,1.17,5.0,1.2,6.7,1.17,4.9
ATP,2013,6,Melbourne,Australian Open,2013-01-16,Grand Slam,Outdoor,Hard,2nd Round,5,Verdasco F.,Malisse X.,24.0,55.0,1445.0,791.0,6.0,1.0,6.0,3.0,6.0,2.0,,,,,3.0,0.0,Completed,1.57,2.25,1.6,2.3,1.62,2.25,1.59,2.52,1.62,2.2,1.85,2.56,1.62,2.26
ATP,2013,6,Melbourne,Australian Open,2013-01-16,Grand Slam,Outdoor,Hard,2nd Round,5,Djokovic N.,Harrison R.,1.0,62.0,12920.0,754.0,6.0,1.0,6.0,2.0,6.0,3.0,,,,,3.0,0.0,Completed,1.002,34.0,1.01,20.0,1.01,21.0,1.01,31.0,1.01,19.0,1.02,51.0,1.01,23.38
ATP,2013,6,Melbourne,Australian Open,2013-01-17,Grand Slam,Outdoor,Hard,2nd Round,5,Berankis R.,Mayer F.,110.0,28.0,501.0,1215.0,6.0,2.0,6.0,3.0,6.0,1.0,,,,,3.0,0.0,Completed,1.72,2.0,1.85,1.92,1.83,1.83,1.83,2.09,1.8,2.0,1.91,2.18,1.8,1.95
ATP,2013,6,Melbourne,Australian Open,2013-01-17,Grand Slam,Outdoor,Hard,2nd Round,5,Seppi A.,Istomin D.,23.0,50.0,1595.0,840.0,7.0,6.0,5.0,7.0,6.0,7.0,7.0,6.0,6.0,2.0,3.0,2.0,Completed,1.5,2.5,1.55,2.4,1.57,2.25,1.95,1.95,1.57,2.38,1.95,2.55,1.61,2.29
ATP,2013,6,Melbourne,Australian Open,2013-01-17,Grand Slam,Outdoor,Hard,2nd Round,5,Tsonga J.W.,Soeda G.,8.0,73.0,3375.0,701.0,6.0,3.0,7.0,6.0,6.0,3.0,,,,,3.0,0.0,Completed,1.02,19.0,1.02,15.0,1.03,11.0,1.05,14.0,1.02,12.0,1.05,23.0,1.02,14.02
ATP,2013,6,Melbourne,Australian Open,2013-01-17,Grand Slam,Outdoor,Hard,2nd Round,5,Kohlschreiber P.,Weintraub A.,19.0,196.0,1830.0,244.0,6.0,2.0,7.0,6.0,6.0,4.0,,,,,3.0,0.0,Completed,1.05,11.0,1.05,9.0,1.06,8.0,1.06,12.25,1.06,8.0,1.07,17.0,1.05,9.81
ATP,2013,6,Melbourne,Australian Open,2013-01-17,Grand Slam,Outdoor,Hard,2nd Round,5,Kavcic B.,Duckworth J.,93.0,223.0,569.0,210.0,3.0,6.0,6.0,3.0,6.0,4.0,6.0,7.0,10.0,8.0,3.0,2.0,Completed,1.38,2.87,1.45,2.7,1.44,2.62,1.4,3.22,1.44,2.63,1.47,3.25,1.42,2.82
ATP,2013,6,Melbourne,Australian Open,2013-01-17,Grand Slam,Outdoor,Hard,2nd Round,5,Raonic M.,Rosol L.,15.0,75.0,2175.0,679.0,7.0,6.0,6.0,2.0,6.0,3.0,,,,,3.0,0.0,Completed,1.18,4.5,1.2,4.4,1.22,4.0,1.21,5.1,1.2,4.33,1.24,5.3,1.2,4.42
ATP,2013,6,Melbourne,Australian Open,2013-01-17,Grand Slam,Outdoor,Hard,2nd Round,5,Murray A.,Sousa J.,3.0,100.0,8000.0,552.0,6.0,2.0,6.0,2.0,6.0,4.0,,,,,3.0,0.0,Completed,1.0,41.0,1.01,11.5,1.0,21.0,1.01,61.0,1.01,26.0,1.01,88.5,1.01,29.99
ATP,2013,6,Melbourne,Australian Open,2013-01-17,Grand Slam,Outdoor,Hard,2nd Round,5,Tomic B.,Brands D.,43.0,120.0,985.0,469.0,6.0,7.0,7.0,5.0,7.0,6.0,7.0,6.0,,,3.0,1.0,Completed,1.11,6.5,1.12,6.0,1.14,5.0,1.14,6.97,1.13,6.0,1.14,7.9,1.12,6.08
ATP,2013,6,Melbourne,Australian Open,2013-01-17,Grand Slam,Outdoor,Hard,2nd Round,5,Chardy J.,Granollers M.,36.0,32.0,1063.0,1125.0,6.0,3.0,3.0,6.0,6.0,1.0,6.0,2.0,,,3.0,1.0,Completed,2.1,1.66,2.05,1.75,2.0,1.73,2.17,1.78,2.1,1.67,2.21,1.83,2.09,1.72
ATP,2013,6,Melbourne,Australian Open,2013-01-17,Grand Slam,Outdoor,Hard,2nd Round,5,Cilic M.,Ram R.,14.0,130.0,2210.0,433.0,7.0,5.0,6.0,2.0,6.0,4.0,,,,,3.0,0.0,Completed,1.06,10.0,1.07,8.0,1.08,7.0,1.07,11.0,1.08,7.0,1.08,14.0,1.07,8.96
ATP,2013,6,Melbourne,Australian Open,2013-01-17,Grand Slam,Outdoor,Hard,2nd Round,5,Simon G.,Levine J.,16.0,88.0,2145.0,580.0,2.0,6.0,6.0,3.0,7.0,6.0,6.0,2.0,,,3.0,1.0,Completed,1.4,2.75,1.45,2.7,1.44,2.62,1.43,3.07,1.4,2.88,1.48,3.35,1.41,2.83
ATP,2013,6,Melbourne,Australian Open,2013-01-17,Grand Slam,Outdoor,Hard,2nd Round,5,Monfils G.,Lu Y.H.,86.0,61.0,600.0,759.0,7.0,6.0,4.0,6.0,0.0,6.0,6.0,1.0,8.0,6.0,3.0,2.0,Completed,1.3,3.4,1.3,3.44,1.3,3.5,1.33,3.66,1.29,3.5,1.38,3.7,1.31,3.39
ATP,2013,6,Melbourne,Australian Open,2013-01-17,Grand Slam,Outdoor,Hard,2nd Round,5,Dodig I.,Nieminen J.,74.0,70.0,692.0,710.0,6.0,3.0,6.0,7.0,6.0,3.0,6.0,7.0,6.0,1.0,3.0,2.0,Completed,2.87,1.38,2.9,1.4,2.75,1.4,2.86,1.48,2.75,1.44,3.25,1.49,2.8,1.42
ATP,2013,6,Melbourne,Australian Open,2013-01-17,Grand Slam,Outdoor,Hard,2nd Round,5,Federer R.,Davydenko N.,2.0,40.0,10265.0,1015.0,6.0,3.0,6.0,4.0,6.0,4.0,,,,,3.0,0.0,Completed,1.04,13.0,1.06,8.5,1.05,9.0,1.05,13.0,1.05,9.0,1.07,17.0,1.05,10.16
ATP,2013,6,Melbourne,Australian Open,2013-01-17,Grand Slam,Outdoor,Hard,2nd Round,5,Del Potro J.M.,Becker B.,7.0,66.0,4480.0,733.0,6.0,2.0,6.0,4.0,6.0,2.0,,,,,3.0,0.0,Completed,1.02,19.0,1.03,12.0,1.03,11.0,1.02,19.52,1.02,13.0,1.04,29.0,1.02,15.14
ATP,2013,6,Melbourne,Australian Open,2013-01-17,Grand Slam,Outdoor,Hard,2nd Round,5,Gasquet R.,Falla A.,10.0,54.0,2720.0,796.0,6.0,3.0,6.0,2.0,6.0,2.0,,,,,3.0,0.0,Completed,1.08,8.0,1.07,8.0,1.11,6.5,1.11,8.04,1.08,7.5,1.12,12.0,1.08,7.53
ATP,2013,6,Melbourne,Australian Open,2013-01-18,Grand Slam,Outdoor,Hard,3rd Round,5,Tipsarevic J.,Benneteau J.,9.0,38.0,3090.0,1015.0,3.0,6.0,6.0,4.0,2.0,6.0,6.0,4.0,6.0,3.0,3.0,2.0,Completed,1.28,3.5,1.35,3.15,1.33,3.4,1.39,3.32,1.36,3.0,1.39,3.7,1.34,3.22
ATP,2013,6,Melbourne,Australian Open,2013-01-18,Grand Slam,Outdoor,Hard,3rd Round,5,Djokovic N.,Stepanek R.,1.0,34.0,12920.0,1090.0,6.0,4.0,6.0,3.0,7.0,5.0,,,,,3.0,0.0,Completed,1.0,41.0,1.01,20.0,1.02,17.0,1.01,41.0,1.01,13.0,1.02,63.25,1.01,24.94
ATP,2013,6,Melbourne,Australian Open,2013-01-18,Grand Slam,Outdoor,Hard,3rd Round,5,Anderson K.,Verdasco F.,31.0,24.0,1170.0,1445.0,4.0,6.0,6.0,3.0,4.0,6.0,7.0,6.0,6.0,2.0,3.0,2.0,Completed,1.66,2.2,1.65,2.2,1.67,2.2,1.8,2.15,1.62,2.25,1.8,2.3,1.68,2.17
ATP,2013,6,Melbourne,Australian Open,2013-01-18,Grand Slam,Outdoor,Hard,3rd Round,5,Almagro N.,Janowicz J.,11.0,26.0,2515.0,1299.0,7.0,6.0,7.0,6.0,6.0,1.0,,,,,3.0,0.0,Completed,1.4,3.0,1.4,2.9,1.4,3.0,1.39,3.31,1.36,3.0,1.47,3.5,1.4,2.95
ATP,2013,6,Melbourne,Australian Open,2013-01-18,Grand Slam,Outdoor,Hard,3rd Round,5,Nishikori K.,Donskoy E.,18.0,82.0,1870.0,637.0,7.0,6.0,6.0,2.0,6.0,3.0,,,,,3.0,0.0,Completed,1.1,7.0,1.1,6.5,1.11,6.5,1.15,6.73,1.1,7.0,1.15,7.9,1.12,6.24
ATP,2013,6,Melbourne,Australian Open,2013-01-18,Grand Slam,Outdoor,Hard,3rd Round,5,Wawrinka S.,Querrey S.,17.0,22.0,1900.0,1650.0,7.0,6.0,7.0,5.0,6.0,4.0,,,,,3.0,0.0,Completed,1.61,2.25,1.65,2.2,1.67,2.1,1.61,2.5,1.67,2.2,1.69,2.5,1.64,2.24
ATP,2013,6,Melbourne,Australian Open,2013-01-18,Grand Slam,Outdoor,Hard,3rd Round,5,Berdych T.,Melzer J.,6.0,29.0,4680.0,1177.0,6.0,3.0,6.0,2.0,6.0,2.0,,,,,3.0,0.0,Completed,1.07,9.0,1.1,6.5,1.1,7.0,1.06,12.0,1.1,7.0,1.11,12.0,1.09,7.58
ATP,2013,6,Melbourne,Australian Open,2013-01-18,Grand Slam,Outdoor,Hard,3rd Round,5,Ferrer D.,Baghdatis M.,5.0,35.0,6505.0,1070.0,6.0,4.0,6.0,2.0,6.0,3.0,,,,,3.0,0.0,Completed,1.12,6.0,1.13,5.75,1.17,5.0,1.14,6.84,1.13,6.0,1.17,6.9,1.13,5.78
ATP,2013,6,Melbourne,Australian Open,2013-01-19,Grand Slam,Outdoor,Hard,3rd Round,5,Gasquet R.,Dodig I.,10.0,74.0,2720.0,692.0,4.0,6.0,6.0,3.0,7.0,6.0,6.0,0.0,,,3.0,1.0,Completed,1.07,9.0,1.07,8.0,1.08,7.5,1.1,8.88,1.07,8.0,1.1,10.5,1.07,8.09
ATP,2013,6,Melbourne,Australian Open,2013-01-19,Grand Slam,Outdoor,Hard,3rd Round,5,Chardy J.,Del Potro J.M.,36.0,7.0,1063.0,4480.0,6.0,3.0,6.0,3.0,6.0,7.0,3.0,6.0,6.0,3.0,3.0,2.0,Completed,13.0,1.04,10,1.04,10.0,1.04,16.0,1.04,10.0,1.04,16.0,1.06,11.69,1.04
ATP,2013,6,Melbourne,Australian Open,2013-01-19,Grand Slam,Outdoor,Hard,3rd Round,5,Seppi A.,Cilic M.,23.0,14.0,1595.0,2210.0,6.0,7.0,6.0,3.0,2.0,6.0,6.0,4.0,6.0,2.0,3.0,2.0,Completed,2.87,1.4,2.9,1.4,2.75,1.44,3.1,1.43,3.0,1.36,3.1,1.47,2.88,1.4
ATP,2013,6,Melbourne,Australian Open,2013-01-19,Grand Slam,Outdoor,Hard,3rd Round,5,Murray A.,Berankis R.,3.0,110.0,8000.0,501.0,6.0,3.0,6.0,4.0,7.0,5.0,,,,,3.0,0.0,Completed,1.01,26.0,1.01,20.0,1.02,13.0,1.02,24.68,1.01,19.0,1.03,38.5,1.02,18.1
ATP,2013,6,Melbourne,Australian Open,2013-01-19,Grand Slam,Outdoor,Hard,3rd Round,5,Tsonga J.W.,Kavcic B.,8.0,93.0,3375.0,569.0,6.0,2.0,6.0,1.0,6.0,4.0,,,,,3.0,0.0,Completed,1.02,19.0,1.02,15.0,1.02,13.0,1.02,25.5,1.03,11.0,1.03,26.0,1.02,15.99
ATP,2013,6,Melbourne,Australian Open,2013-01-19,Grand Slam,Outdoor,Hard,3rd Round,5,Raonic M.,Kohlschreiber P.,15.0,19.0,2175.0,1830.0,7.0,6.0,6.0,3.0,6.0,4.0,,,,,3.0,0.0,Completed,1.61,2.25,1.65,2.2,1.73,2.1,1.66,2.39,1.67,2.2,1.75,2.4,1.65,2.21
ATP,2013,6,Melbourne,Australian Open,2013-01-19,Grand Slam,Outdoor,Hard,3rd Round,5,Federer R.,Tomic B.,2.0,43.0,10265.0,985.0,6.0,4.0,7.0,6.0,6.0,1.0,,,,,3.0,0.0,Completed,1.08,8.0,1.1,6.5,1.11,6.5,1.12,7.65,1.1,7.0,1.13,8.7,1.1,6.91
ATP,2013,6,Melbourne,Australian Open,2013-01-19,Grand Slam,Outdoor,Hard,3rd Round,5,Simon G.,Monfils G.,16.0,86.0,2145.0,600.0,6.0,4.0,6.0,4.0,4.0,6.0,1.0,6.0,8.0,6.0,3.0,2.0,Completed,1.53,2.5,1.55,2.4,1.62,2.25,1.57,2.6,1.5,2.63,1.62,2.7,1.53,2.47
ATP,2013,6,Melbourne,Australian Open,2013-01-20,Grand Slam,Outdoor,Hard,4th Round,5,Ferrer D.,Nishikori K.,5.0,18.0,6505.0,1870.0,6.0,2.0,6.0,1.0,6.0,4.0,,,,,3.0,0.0,Completed,1.2,4.5,1.25,3.7,1.2,4.5,1.23,4.84,1.2,4.5,1.25,5.5,1.2,4.44
ATP,2013,6,Melbourne,Australian Open,2013-01-20,Grand Slam,Outdoor,Hard,4th Round,5,Almagro N.,Tipsarevic J.,11.0,9.0,2515.0,3090.0,6.0,2.0,5.0,1.0,,,,,,,1.0,0.0,Retired,1.72,2.1,1.75,2.05,1.73,2.1,1.76,2.2,1.67,2.2,1.8,2.34,1.71,2.11
ATP,2013,6,Melbourne,Australian Open,2013-01-20,Grand Slam,Outdoor,Hard,4th Round,5,Berdych T.,Anderson K.,6.0,31.0,4680.0,1170.0,6.0,3.0,6.0,2.0,7.0,6.0,,,,,3.0,0.0,Completed,1.2,4.5,1.2,4.4,1.22,4.33,1.22,4.92,1.2,4.5,1.26,7.1,1.2,4.42
ATP,2013,6,Melbourne,Australian Open,2013-01-20,Grand Slam,Outdoor,Hard,4th Round,5,Djokovic N.,Wawrinka S.,1.0,17.0,12920.0,1900.0,1.0,6.0,7.0,5.0,6.0,4.0,6.0,7.0,12.0,10.0,3.0,2.0,Completed,1.02,19.0,1.03,12.0,1.02,13.0,1.02,21.5,1.02,13.0,1.03,29.0,1.02,15.94
ATP,2013,6,Melbourne,Australian Open,2013-01-21,Grand Slam,Outdoor,Hard,4th Round,5,Chardy J.,Seppi A.,36.0,23.0,1063.0,1595.0,5.0,7.0,6.0,3.0,6.0,2.0,6.0,2.0,,,3.0,1.0,Completed,2.5,1.53,2.4,1.55,2.38,1.57,2.58,1.58,2.38,1.57,2.6,1.8,2.4,1.56
ATP,2013,6,Melbourne,Australian Open,2013-01-21,Grand Slam,Outdoor,Hard,4th Round,5,Tsonga J.W.,Gasquet R.,8.0,10.0,3375.0,2720.0,6.0,4.0,3.0,6.0,6.0,3.0,6.0,2.0,,,3.0,1.0,Completed,1.53,2.5,1.5,2.55,1.57,2.38,1.5,2.83,1.53,2.5,1.57,3.1,1.51,2.57
ATP,2013,6,Melbourne,Australian Open,2013-01-21,Grand Slam,Outdoor,Hard,4th Round,5,Murray A.,Simon G.,3.0,16.0,8000.0,2145.0,6.0,3.0,6.0,1.0,6.0,3.0,,,,,3.0,0.0,Completed,1.02,19.0,1.02,15.0,1.03,11.0,1.02,25.5,1.03,11.0,1.04,25.5,1.02,14.96
ATP,2013,6,Melbourne,Australian Open,2013-01-21,Grand Slam,Outdoor,Hard,4th Round,5,Federer R.,Raonic M.,2.0,15.0,10265.0,2175.0,6.0,4.0,7.0,6.0,6.0,2.0,,,,,3.0,0.0,Completed,1.11,7.0,1.1,6.5,1.1,7.0,1.14,7.1,1.08,8.0,1.17,8.7,1.11,6.77
ATP,2013,6,Melbourne,Australian Open,2013-01-22,Grand Slam,Outdoor,Hard,Quarterfinals,5,Ferrer D.,Almagro N.,5.0,11.0,6505.0,2515.0,4.0,6.0,4.0,6.0,7.0,5.0,7.0,6.0,6.0,2.0,3.0,2.0,Completed,1.14,5.5,1.16,5.0,1.17,5.0,1.19,5.54,1.17,4.5,1.2,5.9,1.16,5.09
ATP,2013,6,Melbourne,Australian Open,2013-01-22,Grand Slam,Outdoor,Hard,Quarterfinals,5,Djokovic N.,Berdych T.,1.0,6.0,12920.0,4680.0,6.0,1.0,4.0,6.0,6.0,1.0,6.0,4.0,,,3.0,1.0,Completed,1.16,5.0,1.18,4.75,1.17,5.0,1.22,4.92,1.18,5.25,1.23,5.3,1.18,4.73
ATP,2013,6,Melbourne,Australian Open,2013-01-23,Grand Slam,Outdoor,Hard,Quarterfinals,5,Murray A.,Chardy J.,3.0,36.0,8000.0,1063.0,6.0,4.0,6.0,1.0,6.0,2.0,,,,,3.0,0.0,Completed,1.04,13.0,1.04,10.0,1.04,10.0,1.07,12.25,1.04,13.0,1.09,14.38,1.05,10.55
ATP,2013,6,Melbourne,Australian Open,2013-01-23,Grand Slam,Outdoor,Hard,Quarterfinals,5,Federer R.,Tsonga J.W.,2.0,8.0,10265.0,3375.0,7.0,6.0,4.0,6.0,7.0,6.0,3.0,6.0,6.0,3.0,3.0,2.0,Completed,1.16,5.0,1.16,5.0,1.17,5.0,1.2,5.38,1.17,5.5,1.2,5.7,1.17,5.03
ATP,2013,6,Melbourne,Australian Open,2013-01-24,Grand Slam,Outdoor,Hard,Semifinals,5,Djokovic N.,Ferrer D.,1.0,5.0,12920.0,6505.0,6.0,2.0,6.0,2.0,6.0,1.0,,,,,3.0,0.0,Completed,1.08,8.0,1.1,6.5,1.11,6.5,1.12,7.94,1.1,8.0,1.14,9.4,1.1,6.91
ATP,2013,6,Melbourne,Australian Open,2013-01-25,Grand Slam,Outdoor,Hard,Semifinals,5,Murray A.,Federer R.,3.0,2.0,8000.0,10265.0,6.0,4.0,6.0,7.0,6.0,3.0,6.0,7.0,6.0,2.0,3.0,2.0,Completed,1.61,2.3,1.65,2.2,1.67,2.2,1.71,2.31,1.67,2.3,1.94,2.38,1.66,2.22
ATP,2013,6,Melbourne,Australian Open,2013-01-27,Grand Slam,Outdoor,Hard,The Final,5,Djokovic N.,Murray A.,1.0,3.0,12920.0,8000.0,6.0,7.0,7.0,6.0,6.0,3.0,6.0,2.0,,,3.0,1.0,Completed,1.53,2.62,1.5,2.55,1.53,2.5,1.54,2.74,1.53,2.63,1.57,2.9,1.5,2.61
ATP,2013,32,Paris,French Open,2013-05-26,Grand Slam,Outdoor,Clay,1st Round,5,Kavcic B.,Duckworth J.,104.0,185.0,529.0,273.0,6.0,2.0,6.0,2.0,6.0,2.0,,,,,3.0,0.0,Completed,1.57,2.25,1.65,2.2,1.57,2.25,1.65,2.39,1.62,2.25,1.7,2.4,1.62,2.26
ATP,2013,32,Paris,French Open,2013-05-26,Grand Slam,Outdoor,Clay,1st Round,5,Anderson K.,Marchenko I.,25.0,120.0,1420.0,447.0,6.0,3.0,7.0,5.0,6.0,4.0,,,,,3.0,0.0,Completed,1.05,11.0,1.05,9.0,1.06,8.0,1.06,12.5,1.08,7.5,1.08,12.5,1.05,9.71
ATP,2013,32,Paris,French Open,2013-05-26,Grand Slam,Outdoor,Clay,1st Round,5,Sousa J.,Soeda G.,119.0,124.0,447.0,435.0,6.0,1.0,6.0,3.0,6.0,2.0,,,,,3.0,0.0,Completed,1.18,4.5,1.25,3.85,1.25,3.75,1.22,4.85,1.22,4.0,1.27,4.95,1.23,4.09
ATP,2013,32,Paris,French Open,2013-05-26,Grand Slam,Outdoor,Clay,1st Round,5,Raonic M.,Malisse X.,16.0,56.0,2225.0,805.0,6.0,2.0,6.0,1.0,4.0,6.0,6.0,4.0,,,3.0,1.0,Completed,1.07,9.0,1.08,7.5,1.08,7.5,1.06,12.5,1.08,7.5,1.1,12.5,1.08,8.14
ATP,2013,32,Paris,French Open,2013-05-26,Grand Slam,Outdoor,Clay,1st Round,5,Simon G.,Hewitt L.,18.0,86.0,1895.0,610.0,3.0,6.0,1.0,6.0,6.0,4.0,6.0,1.0,7.0,5.0,3.0,2.0,Completed,1.12,6.0,1.12,6.0,1.07,7.5,1.15,6.45,1.17,5.0,1.18,7.5,1.14,5.46
ATP,2013,32,Paris,French Open,2013-05-26,Grand Slam,Outdoor,Clay,1st Round,5,Bautista R.,Muller G.,68.0,84.0,714.0,623.0,6.0,3.0,6.0,4.0,6.0,2.0,,,,,3.0,0.0,Completed,1.22,4.0,1.22,4.15,1.25,3.75,1.27,4.18,1.2,4.5,1.27,4.5,1.23,4.12
ATP,2013,32,Paris,French Open,2013-05-26,Grand Slam,Outdoor,Clay,1st Round,5,Seppi A.,Mayer L.,22.0,73.0,1530.0,682.0,6.0,7.0,6.0,4.0,6.0,3.0,6.0,7.0,6.0,4.0,3.0,2.0,Completed,1.2,4.33,1.2,4.4,1.2,4.33,1.26,4.3,1.2,4.5,1.26,5.0,1.21,4.4
ATP,2013,32,Paris,French Open,2013-05-26,Grand Slam,Outdoor,Clay,1st Round,5,Federer R.,Carreno-Busta P.,3.0,164.0,8000.0,316.0,6.0,2.0,6.0,2.0,6.0,3.0,,,,,3.0,0.0,Completed,1.03,15.0,1.05,9.0,1.03,11.0,1.04,15.5,1.04,10.0,1.05,19.0,1.03,11.94
ATP,2013,32,Paris,French Open,2013-05-26,Grand Slam,Outdoor,Clay,1st Round,5,Querrey S.,Lacko L.,20.0,77.0,1730.0,667.0,6.0,3.0,6.0,4.0,6.0,4.0,,,,,3.0,0.0,Completed,1.2,4.33,1.22,4.15,1.2,4.33,1.22,4.85,1.22,4.0,1.25,4.85,1.22,4.18
ATP,2013,32,Paris,French Open,2013-05-26,Grand Slam,Outdoor,Clay,1st Round,5,Hajek J.,Kudla D.,87.0,116.0,605.0,466.0,6.0,2.0,5.0,7.0,6.0,0.0,6.0,4.0,,,3.0,1.0,Completed,1.4,2.75,1.45,2.7,1.5,2.5,1.43,3.05,1.44,2.75,1.53,3.05,1.45,2.7
ATP,2013,32,Paris,French Open,2013-05-26,Grand Slam,Outdoor,Clay,1st Round,5,Devvarman S.,Munoz-De La Nava D.,188.0,145.0,269.0,367.0,6.0,3.0,6.0,3.0,7.0,5.0,,,,,3.0,0.0,Completed,2.1,1.66,2.2,1.65,2.0,1.73,2.14,1.79,2.2,1.67,2.26,1.79,2.13,1.69
ATP,2013,32,Paris,French Open,2013-05-26,Grand Slam,Outdoor,Clay,1st Round,5,Chardy J.,Becker B.,27.0,97.0,1371.0,568.0,6.0,4.0,6.0,2.0,7.0,5.0,,,,,3.0,0.0,Completed,1.04,13.0,1.06,8.5,1.06,8.5,1.04,15.0,1.04,10.0,1.09,16.0,1.05,10.44
ATP,2013,32,Paris,French Open,2013-05-26,Grand Slam,Outdoor,Clay,1st Round,5,Ferrer D.,Matosevic M.,5.0,63.0,6740.0,761.0,6.0,4.0,6.0,3.0,6.0,4.0,,,,,3.0,0.0,Completed,1.01,26.0,1.02,15.0,1.02,15.0,1.01,27.22,1.02,12.0,1.03,27.22,1.02,16.52
ATP,2013,32,Paris,French Open,2013-05-26,Grand Slam,Outdoor,Clay,1st Round,5,Llodra M.,Darcis S.,55.0,112.0,814.0,492.0,6.0,4.0,4.0,6.0,6.0,1.0,6.0,4.0,,,3.0,1.0,Completed,1.8,1.9,1.75,2.05,1.8,2.0,1.74,2.23,1.8,2.0,1.91,2.23,1.76,2.03
ATP,2013,32,Paris,French Open,2013-05-26,Grand Slam,Outdoor,Clay,1st Round,5,Troicki V.,Blake J.,57.0,96.0,800.0,571.0,6.0,4.0,6.0,2.0,6.0,2.0,,,,,3.0,0.0,Completed,1.2,4.33,1.25,3.85,1.25,3.75,1.23,4.77,1.22,4.0,1.35,4.77,1.23,4.06
ATP,2013,32,Paris,French Open,2013-05-27,Grand Slam,Outdoor,Clay,1st Round,5,Kamke T.,Lorenzi P.,72.0,70.0,686.0,701.0,6.0,3.0,6.0,3.0,3.0,6.0,0.0,6.0,6.0,3.0,3.0,2.0,Completed,1.44,2.62,1.5,2.55,1.53,2.38,1.52,2.74,1.67,2.2,1.67,3.1,1.51,2.53
ATP,2013,32,Paris,French Open,2013-05-27,Grand Slam,Outdoor,Clay,1st Round,5,Nishikori K.,Levine J.,15.0,90.0,2315.0,588.0,6.0,3.0,6.0,2.0,6.0,0.0,,,,,3.0,0.0,Completed,1.07,9.0,1.07,8.0,1.08,7.0,1.07,10.75,1.1,6.5,1.1,10.75,1.07,8.21
ATP,2013,32,Paris,French Open,2013-05-27,Grand Slam,Outdoor,Clay,1st Round,5,Cuevas P.,Mannarino A.,762.0,110.0,21.0,502.0,6.0,3.0,2.0,6.0,6.0,3.0,5.0,7.0,7.0,5.0,3.0,2.0,Completed,2.0,1.72,2.12,1.7,2.0,1.73,2.03,1.87,2.2,1.67,2.2,1.9,2.05,1.74
ATP,2013,32,Paris,French Open,2013-05-27,Grand Slam,Outdoor,Clay,1st Round,5,Kyrgios N.,Stepanek R.,262.0,52.0,175.0,840.0,7.0,6.0,7.0,6.0,7.0,6.0,,,,,3.0,0.0,Completed,6.5,1.11,5,1.16,4.5,1.17,7.07,1.13,7.0,1.1,7.1,1.17,5.91,1.13
ATP,2013,32,Paris,French Open,2013-05-27,Grand Slam,Outdoor,Clay,1st Round,5,Donskoy E.,Struff J.L.,82.0,117.0,639.0,461.0,7.0,6.0,2.0,6.0,7.0,6.0,6.0,2.0,,,3.0,1.0,Completed,2.62,1.44,2.55,1.5,2.38,1.53,2.59,1.56,2.38,1.57,2.9,1.57,2.54,1.51
ATP,2013,32,Paris,French Open,2013-05-27,Grand Slam,Outdoor,Clay,1st Round,5,Roger-Vasselin E.,Alund M.,65.0,100.0,736.0,556.0,6.0,2.0,4.0,6.0,6.0,1.0,6.0,0.0,,,3.0,1.0,Completed,1.28,3.5,1.3,3.45,1.3,3.4,1.29,4.0,1.33,3.25,1.37,4.0,1.29,3.52
ATP,2013,32,Paris,French Open,2013-05-27,Grand Slam,Outdoor,Clay,1st Round,5,Sijsling I.,Melzer J.,62.0,37.0,762.0,1085.0,6.0,4.0,6.0,3.0,6.0,2.0,,,,,3.0,0.0,Completed,1.66,2.1,1.72,2.1,1.67,2.1,1.75,2.21,1.73,2.1,1.8,2.22,1.72,2.08
ATP,2013,32,Paris,French Open,2013-05-27,Grand Slam,Outdoor,Clay,1st Round,5,Robredo T.,Zopp J.,34.0,166.0,1095.0,315.0,6.0,3.0,6.0,2.0,6.0,1.0,,,,,3.0,0.0,Completed,1.04,13.0,1.05,9.0,1.05,8.5,1.04,14.5,1.06,9.0,1.06,16.0,1.04,10.99
ATP,2013,32,Paris,French Open,2013-05-27,Grand Slam,Outdoor,Clay,1st Round,5,Tsonga J.W.,Bedene A.,8.0,80.0,3795.0,643.0,6.0,2.0,6.0,2.0,6.0,3.0,,,,,3.0,0.0,Completed,1.05,11.0,1.07,8.0,1.06,9.0,1.08,9.65,1.08,7.5,1.08,14.0,1.06,8.95
ATP,2013,32,Paris,French Open,2013-05-27,Grand Slam,Outdoor,Clay,1st Round,5,Benneteau J.,Berankis R.,32.0,67.0,1200.0,718.0,7.0,6.0,6.0,3.0,5.0,7.0,7.0,6.0,,,3.0,1.0,Completed,1.28,3.5,1.3,3.25,1.33,3.4,1.36,3.44,1.29,3.5,1.36,4.33,1.29,3.51
ATP,2013,32,Paris,French Open,2013-05-27,Grand Slam,Outdoor,Clay,1st Round,5,Zemlja G.,Giraldo S.,50.0,78.0,857.0,650.0,6.0,1.0,6.0,4.0,6.0,1.0,,,,,3.0,0.0,Completed,3.0,1.36,2.7,1.45,2.62,1.44,3.05,1.43,2.5,1.53,3.1,1.53,2.8,1.42
ATP,2013,32,Paris,French Open,2013-05-27,Grand Slam,Outdoor,Clay,1st Round,5,Lopez F.,Granollers M.,43.0,33.0,930.0,1145.0,7.0,5.0,2.0,6.0,6.0,4.0,4.0,6.0,6.0,4.0,3.0,2.0,Completed,3.0,1.36,3.15,1.35,3.0,1.36,3.22,1.4,2.88,1.4,3.25,1.45,2.94,1.39
ATP,2013,32,Paris,French Open,2013-05-27,Grand Slam,Outdoor,Clay,1st Round,5,Nadal R.,Brands D.,4.0,59.0,6895.0,795.0,4.0,6.0,7.0,6.0,6.0,4.0,6.0,3.0,,,3.0,1.0,Completed,1.002,29.0,1.01,20.0,1.0,34.0,1.01,81.0,1.01,15.0,1.01,81.0,1.01,32.16
ATP,2013,32,Paris,French Open,2013-05-27,Grand Slam,Outdoor,Clay,1st Round,5,Almagro N.,Haider-Maurer A.,13.0,105.0,2375.0,518.0,4.0,6.0,6.0,4.0,6.0,3.0,6.0,3.0,,,3.0,1.0,Completed,1.05,11.0,1.04,10.0,1.04,9.0,1.06,12.25,1.05,9.0,1.08,17.0,1.04,10.8
ATP,2013,32,Paris,French Open,2013-05-27,Grand Slam,Outdoor,Clay,1st Round,5,Cilic M.,Petzschner P.,11.0,102.0,2570.0,550.0,6.0,1.0,6.0,2.0,6.0,3.0,,,,,3.0,0.0,Completed,1.05,11.0,1.05,9.0,1.08,7.0,1.07,11.25,1.1,7.0,1.1,13.0,1.06,8.95
ATP,2013,32,Paris,French Open,2013-05-27,Grand Slam,Outdoor,Clay,1st Round,5,Harrison R.,Kuznetsov An.,92.0,75.0,579.0,676.0,6.0,3.0,6.0,4.0,7.0,6.0,,,,,3.0,0.0,Completed,2.75,1.4,2.9,1.4,2.62,1.44,2.84,1.49,2.88,1.4,2.95,1.53,2.75,1.44
ATP,2013,32,Paris,French Open,2013-05-27,Grand Slam,Outdoor,Clay,1st Round,5,Klizan M.,Russell M.,35.0,99.0,1090.0,563.0,3.0,6.0,6.0,3.0,6.0,1.0,,,,,2.0,1.0,Retired,1.12,6.0,1.2,4.4,1.22,4.0,1.16,6.16,1.22,4.0,1.22,6.16,1.17,5.0
ATP,2013,32,Paris,French Open,2013-05-27,Grand Slam,Outdoor,Clay,1st Round,5,Rosol L.,Riba P.,36.0,479.0,1086.0,70.0,6.0,3.0,6.0,4.0,6.0,4.0,,,,,3.0,0.0,Completed,1.36,3.0,1.35,3.15,1.33,3.25,1.39,3.27,1.4,2.88,1.4,3.35,1.36,3.09
ATP,2013,32,Paris,French Open,2013-05-27,Grand Slam,Outdoor,Clay,1st Round,5,Fognini F.,Beck A.,29.0,62.0,1345.0,980.0,6.0,3.0,7.0,5.0,6.0,3.0,,,,,3.0,0.0,Completed,1.14,5.5,1.16,5.0,1.14,5.0,1.17,5.8,1.13,6.0,1.19,6.3,1.15,5.4
ATP,2013,32,Paris,French Open,2013-05-27,Grand Slam,Outdoor,Clay,1st Round,5,Gimeno-Traver D.,Monaco J.,49.0,17.0,857.0,1910.0,4.0,6.0,4.0,6.0,7.0,6.0,6.0,4.0,6.0,4.0,3.0,2.0,Completed,7.0,1.1,5.3,1.15,5.0,1.14,7.04,1.13,5.0,1.17,7.3,1.19,5.72,1.14
ATP,2013,32,Paris,French Open,2013-05-27,Grand Slam,Outdoor,Clay,1st Round,5,Nieminen J.,Mathieu P.H.,38.0,69.0,1075.0,708.0,6.0,4.0,4.0,6.0,7.0,6.0,4.0,6.0,6.0,2.0,3.0,2.0,Completed,1.5,2.5,1.45,2.7,1.44,2.75,1.59,2.52,1.44,2.75,1.6,2.8,1.5,2.56
ATP,2013,32,Paris,French Open,2013-05-27,Grand Slam,Outdoor,Clay,1st Round,5,Gulbis E.,Dutra Silva R.,40.0,94.0,991.0,575.0,6.0,1.0,7.0,6.0,6.0,3.0,,,,,3.0,0.0,Completed,1.06,10.0,1.07,8.0,1.08,7.0,1.07,10.25,1.07,8.0,1.09,11.0,1.07,8.66
ATP,2013,32,Paris,French Open,2013-05-27,Grand Slam,Outdoor,Clay,1st Round,5,Gasquet R.,Stakhovsky S.,9.0,101.0,3090.0,555.0,6.0,1.0,6.0,4.0,6.0,3.0,,,,,3.0,0.0,Completed,1.05,11.0,1.05,9.0,1.06,9.0,1.11,8.36,1.08,7.5,1.11,14.0,1.05,9.97
ATP,2013,32,Paris,French Open,2013-05-27,Grand Slam,Outdoor,Clay,1st Round,5,Haase R.,De Schepper K.,66.0,91.0,727.0,584.0,6.0,4.0,7.0,6.0,2.0,6.0,6.0,3.0,,,3.0,1.0,Completed,1.28,3.5,1.3,3.45,1.3,3.4,1.32,3.74,1.33,3.25,1.35,3.74,1.31,3.43
ATP,2013,32,Paris,French Open,2013-05-27,Grand Slam,Outdoor,Clay,1st Round,5,Monfils G.,Berdych T.,81.0,6.0,640.0,4685.0,7.0,6.0,6.0,4.0,6.0,7.0,6.0,7.0,7.0,5.0,3.0,2.0,Completed,4.5,1.18,3.85,1.25,4.0,1.25,4.26,1.27,3.75,1.25,5.5,1.27,4.18,1.23
ATP,2013,32,Paris,French Open,2013-05-27,Grand Slam,Outdoor,Clay,1st Round,5,Isner J.,Berlocq C.,21.0,71.0,1690.0,690.0,6.0,3.0,6.0,4.0,6.0,4.0,,,,,3.0,0.0,Completed,2.1,1.66,2.05,1.75,1.91,1.8,2.4,1.65,2.1,1.73,2.4,1.83,2.1,1.71
ATP,2013,32,Paris,French Open,2013-05-27,Grand Slam,Outdoor,Clay,1st Round,5,Montanes A.,Johnson S.,47.0,130.0,880.0,423.0,6.0,4.0,3.0,6.0,6.0,3.0,3.0,6.0,6.0,1.0,3.0,2.0,Completed,1.16,5.0,1.2,4.4,1.17,4.5,1.18,5.65,1.25,3.75,1.25,5.9,1.18,4.69
ATP,2013,32,Paris,French Open,2013-05-27,Grand Slam,Outdoor,Clay,1st Round,5,Przysiezny M.,Williams R.,133.0,121.0,410.0,443.0,6.0,3.0,6.0,7.0,7.0,5.0,7.0,5.0,,,3.0,1.0,Completed,1.72,2.0,1.78,2.0,1.73,2.0,1.92,1.99,1.73,2.1,1.95,2.1,1.79,1.98
ATP,2013,32,Paris,French Open,2013-05-27,Grand Slam,Outdoor,Clay,1st Round,5,Janowicz J.,Ramos A.,23.0,64.0,1524.0,750.0,7.0,6.0,7.0,5.0,6.0,3.0,,,,,3.0,0.0,Completed,1.66,2.1,1.75,2.05,1.67,2.1,1.69,2.29,1.73,2.1,1.8,2.34,1.7,2.11
ATP,2013,32,Paris,French Open,2013-05-28,Grand Slam,Outdoor,Clay,1st Round,5,Dimitrov G.,Falla A.,28.0,74.0,1355.0,676.0,6.0,4.0,1.0,0.0,,,,,,,1.0,0.0,Retired,1.07,9.0,1.1,6.5,1.06,8.0,1.09,9.16,1.1,7.0,1.13,9.4,1.09,7.39
ATP,2013,32,Paris,French Open,2013-05-28,Grand Slam,Outdoor,Clay,1st Round,5,Hanescu V.,Tomic B.,54.0,61.0,815.0,775.0,7.0,5.0,7.0,6.0,2.0,1.0,,,,,2.0,0.0,Retired,1.4,2.75,1.4,2.9,1.4,2.75,1.51,2.75,1.4,2.88,1.51,3.15,1.42,2.79
ATP,2013,32,Paris,French Open,2013-05-28,Grand Slam,Outdoor,Clay,1st Round,5,Youzhny M.,Andujar P.,31.0,45.0,1265.0,905.0,4.0,6.0,6.0,4.0,6.0,2.0,6.0,3.0,,,3.0,1.0,Completed,1.8,1.9,1.88,1.88,1.83,1.83,1.88,2.02,1.9,1.9,2.0,2.02,1.86,1.9
ATP,2013,32,Paris,French Open,2013-05-28,Grand Slam,Outdoor,Clay,1st Round,5,Delbonis F.,Reister J.,125.0,150.0,435.0,346.0,6.0,7.0,6.0,1.0,6.0,0.0,6.0,4.0,,,3.0,1.0,Completed,2.5,1.5,2.4,1.55,2.38,1.53,2.48,1.61,2.38,1.57,2.6,1.62,2.44,1.54
ATP,2013,32,Paris,French Open,2013-05-28,Grand Slam,Outdoor,Clay,1st Round,5,Tursunov D.,Dolgopolov O.,60.0,24.0,794.0,1500.0,7.0,6.0,6.0,4.0,7.0,6.0,,,,,3.0,0.0,Completed,4.5,1.18,4.15,1.22,4.0,1.22,4.99,1.21,4.0,1.22,4.99,1.24,4.36,1.21
ATP,2013,32,Paris,French Open,2013-05-28,Grand Slam,Outdoor,Clay,1st Round,5,Pouille L.,Kuznetsov Al.,324.0,171.0,131.0,300.0,6.0,1.0,7.0,6.0,6.0,2.0,,,,,3.0,0.0,Completed,2.5,1.5,2.4,1.55,2.38,1.53,2.59,1.56,2.38,1.57,2.62,1.59,2.44,1.54
ATP,2013,32,Paris,French Open,2013-05-28,Grand Slam,Outdoor,Clay,1st Round,5,Sock J.,Garcia-Lopez G.,118.0,79.0,460.0,646.0,6.0,2.0,6.0,2.0,7.0,5.0,,,,,3.0,0.0,Completed,3.5,1.28,3.45,1.3,3.5,1.29,3.35,1.38,3.75,1.25,3.95,1.38,3.43,1.31
ATP,2013,32,Paris,French Open,2013-05-28,Grand Slam,Outdoor,Clay,1st Round,5,Haas T.,Rufin G.,14.0,98.0,2340.0,567.0,7.0,6.0,6.0,1.0,6.0,3.0,,,,,3.0,0.0,Completed,1.18,4.5,1.18,4.7,1.25,3.75,1.26,4.38,1.17,5.0,1.26,5.0,1.2,4.46
ATP,2013,32,Paris,French Open,2013-05-28,Grand Slam,Outdoor,Clay,1st Round,5,Davydenko N.,Serra F.,48.0,131.0,870.0,419.0,6.0,3.0,6.0,4.0,7.0,5.0,,,,,3.0,0.0,Completed,1.18,4.5,1.22,4.15,1.25,4.0,1.25,4.46,1.2,4.5,1.25,4.95,1.22,4.26
ATP,2013,32,Paris,French Open,2013-05-28,Grand Slam,Outdoor,Clay,1st Round,5,Lu Y.H.,Bolelli S.,76.0,88.0,675.0,603.0,6.0,4.0,6.0,4.0,2.0,1.0,,,,,2.0,0.0,Retired,1.33,3.25,1.4,2.9,1.4,2.75,1.38,3.32,1.8,2.0,1.5,3.65,1.38,3.01
ATP,2013,32,Paris,French Open,2013-05-28,Grand Slam,Outdoor,Clay,1st Round,5,Istomin D.,Mayer F.,42.0,30.0,935.0,1290.0,4.0,6.0,6.0,3.0,7.0,5.0,,,,,2.0,1.0,Retired,2.37,1.53,2.3,1.6,2.25,1.57,2.47,1.61,2.5,1.53,2.75,1.65,2.38,1.57
ATP,2013,32,Paris,French Open,2013-05-28,Grand Slam,Outdoor,Clay,1st Round,5,Pella G.,Dodig I.,83.0,51.0,635.0,843.0,4.0,6.0,6.0,4.0,6.0,3.0,2.0,6.0,12.0,10.0,3.0,2.0,Completed,2.75,1.4,2.7,1.45,2.62,1.44,3.0,1.45,2.75,1.44,3.05,1.53,2.71,1.45
ATP,2013,32,Paris,French Open,2013-05-28,Grand Slam,Outdoor,Clay,1st Round,5,Kohlschreiber P.,Vesely J.,19.0,127.0,1750.0,429.0,7.0,6.0,1.0,6.0,7.0,5.0,6.0,2.0,,,3.0,1.0,Completed,1.18,4.5,1.22,4.15,1.2,4.33,1.3,3.92,1.17,5.0,1.3,5.0,1.23,4.16
ATP,2013,32,Paris,French Open,2013-05-28,Grand Slam,Outdoor,Clay,1st Round,5,Wawrinka S.,De Bakker T.,10.0,95.0,2630.0,572.0,7.0,5.0,6.0,3.0,6.0,7.0,7.0,5.0,,,3.0,1.0,Completed,1.06,10.0,1.06,8.75,1.07,8.5,1.09,9.16,1.06,9.0,1.1,11.0,1.07,8.51
ATP,2013,32,Paris,French Open,2013-05-28,Grand Slam,Outdoor,Clay,1st Round,5,Djokovic N.,Goffin D.,1.0,58.0,12310.0,797.0,7.0,6.0,6.0,4.0,7.0,5.0,,,,,3.0,0.0,Completed,1.002,29.0,1.01,20.0,1.01,26.0,1.01,29.16,1.01,17.0,1.02,39.0,1.01,20.42
ATP,2013,32,Paris,French Open,2013-05-28,Grand Slam,Outdoor,Clay,1st Round,5,Verdasco F.,Gicquel M.,53.0,126.0,830.0,431.0,6.0,2.0,6.0,3.0,6.0,1.0,,,,,3.0,0.0,Completed,1.12,6.0,1.16,5.0,1.14,5.0,1.22,4.97,1.14,5.5,1.22,7.1,1.15,5.35
ATP,2013,32,Paris,French Open,2013-05-29,Grand Slam,Outdoor,Clay,1st Round,5,Tipsarevic J.,Mahut N.,12.0,173.0,2480.0,298.0,6.0,2.0,7.0,6.0,6.0,1.0,,,,,3.0,0.0,Completed,1.18,4.5,1.2,4.4,1.2,4.5,1.19,5.35,1.2,4.33,1.22,5.5,1.18,4.7
ATP,2013,32,Paris,French Open,2013-05-29,Grand Slam,Outdoor,Clay,1st Round,5,Kubot L.,Teixeira M.,107.0,284.0,514.0,160.0,6.0,4.0,5.0,7.0,7.0,6.0,6.0,2.0,,,3.0,1.0,Completed,1.33,3.25,1.35,3.15,1.36,3.0,1.4,3.22,1.4,2.88,1.43,3.55,1.36,3.09
ATP,2013,32,Paris,French Open,2013-05-29,Grand Slam,Outdoor,Clay,1st Round,5,Paire B.,Baghdatis M.,26.0,39.0,1405.0,1030.0,3.0,6.0,7.0,6.0,6.0,4.0,6.0,4.0,,,3.0,1.0,Completed,1.18,4.5,1.19,4.55,1.2,4.5,1.21,5.08,1.2,4.5,1.22,5.5,1.19,4.6
ATP,2013,32,Paris,French Open,2013-05-29,Grand Slam,Outdoor,Clay,1st Round,5,Zeballos H.,Pospisil V.,46.0,103.0,884.0,533.0,7.0,6.0,6.0,4.0,6.0,7.0,2.0,6.0,8.0,6.0,3.0,2.0,Completed,1.44,2.62,1.55,2.4,1.57,2.25,1.53,2.68,1.57,2.38,1.6,2.74,1.53,2.48
ATP,2013,32,Paris,French Open,2013-05-29,Grand Slam,Outdoor,Clay,2nd Round,5,Cilic M.,Kyrgios N.,11.0,262.0,2570.0,175.0,6.0,4.0,6.0,2.0,6.0,2.0,,,,,3.0,0.0,Completed,1.07,9.0,1.08,7.5,1.08,7.0,1.07,11.25,1.08,7.5,1.1,11.5,1.07,8.79
ATP,2013,32,Paris,French Open,2013-05-29,Grand Slam,Outdoor,Clay,2nd Round,5,Ferrer D.,Montanes A.,5.0,47.0,6740.0,880.0,6.0,2.0,6.0,1.0,6.0,3.0,,,,,3.0,0.0,Completed,1.04,13.0,1.04,8.75,1.04,9.0,1.04,15.0,1.05,9.0,1.05,17.0,1.04,11.98
ATP,2013,32,Paris,French Open,2013-05-29,Grand Slam,Outdoor,Clay,2nd Round,5,Troicki V.,Gimeno-Traver D.,57.0,49.0,800.0,857.0,4.0,6.0,7.0,6.0,6.0,0.0,6.0,7.0,6.0,4.0,3.0,2.0,Completed,1.66,2.1,1.7,2.12,1.62,2.2,1.65,2.37,1.8,2.0,1.8,2.45,1.67,2.18
ATP,2013,32,Paris,French Open,2013-05-29,Grand Slam,Outdoor,Clay,2nd Round,5,Lopez F.,Sousa J.,43.0,119.0,930.0,447.0,3.0,6.0,6.0,3.0,6.0,4.0,6.0,4.0,,,3.0,1.0,Completed,1.36,3.0,1.3,3.45,1.3,3.4,1.43,3.05,1.29,3.5,1.43,3.8,1.35,3.17
ATP,2013,32,Paris,French Open,2013-05-29,Grand Slam,Outdoor,Clay,2nd Round,5,Anderson K.,Donskoy E.,25.0,82.0,1420.0,639.0,6.0,7.0,6.0,1.0,7.0,5.0,6.0,2.0,,,3.0,1.0,Completed,1.08,8.0,1.08,7.5,1.08,7.0,1.1,8.52,1.1,7.0,1.11,9.8,1.09,7.36
ATP,2013,32,Paris,French Open,2013-05-29,Grand Slam,Outdoor,Clay,2nd Round,5,Tsonga J.W.,Nieminen J.,8.0,38.0,3795.0,1075.0,7.0,6.0,6.0,4.0,6.0,3.0,,,,,3.0,0.0,Completed,1.12,6.0,1.13,5.5,1.14,5.5,1.13,7.45,1.14,5.5,1.15,7.5,1.13,5.86
ATP,2013,32,Paris,French Open,2013-05-29,Grand Slam,Outdoor,Clay,2nd Round,5,Seppi A.,Kavcic B.,22.0,104.0,1530.0,529.0,6.0,0.0,7.0,6.0,6.0,7.0,4.0,6.0,6.0,3.0,3.0,2.0,Completed,1.36,3.0,1.37,3.05,1.4,2.75,1.36,3.44,1.44,2.75,1.45,3.44,1.4,2.91
ATP,2013,32,Paris,French Open,2013-05-29,Grand Slam,Outdoor,Clay,2nd Round,5,Robredo T.,Sijsling I.,34.0,62.0,1095.0,762.0,6.0,7.0,4.0,6.0,6.0,3.0,6.0,1.0,6.0,1.0,3.0,2.0,Completed,1.25,3.75,1.3,3.45,1.22,4.0,1.32,3.74,1.25,3.75,1.32,4.4,1.27,3.72
ATP,2013,32,Paris,French Open,2013-05-29,Grand Slam,Outdoor,Clay,2nd Round,5,Simon G.,Cuevas P.,18.0,762.0,1895.0,21.0,6.0,7.0,6.0,1.0,6.0,1.0,6.0,1.0,,,3.0,1.0,Completed,1.08,8.0,1.07,8.0,1.08,7.0,1.12,7.67,1.1,7.0,1.15,9.5,1.09,7.35
ATP,2013,32,Paris,French Open,2013-05-29,Grand Slam,Outdoor,Clay,2nd Round,5,Raonic M.,Llodra M.,16.0,55.0,2225.0,814.0,7.0,5.0,3.0,6.0,7.0,6.0,6.0,2.0,,,3.0,1.0,Completed,1.28,3.5,1.3,3.45,1.25,4.0,1.36,3.44,1.2,4.5,1.36,4.5,1.29,3.6
ATP,2013,32,Paris,French Open,2013-05-29,Grand Slam,Outdoor,Clay,2nd Round,5,Chardy J.,Bautista R.,27.0,68.0,1371.0,714.0,6.0,1.0,7.0,5.0,6.0,4.0,,,,,3.0,0.0,Completed,1.3,3.4,1.35,3.15,1.25,3.75,1.39,3.27,1.4,2.88,1.4,3.75,1.36,3.12
ATP,2013,32,Paris,French Open,2013-05-29,Grand Slam,Outdoor,Clay,2nd Round,5,Benneteau J.,Kamke T.,32.0,72.0,1200.0,686.0,7.0,6.0,7.0,5.0,5.0,7.0,0.0,6.0,6.0,4.0,3.0,2.0,Completed,1.33,3.25,1.3,3.45,1.33,3.4,1.3,3.92,1.33,3.25,1.4,4.05,1.3,3.47
ATP,2013,32,Paris,French Open,2013-05-29,Grand Slam,Outdoor,Clay,2nd Round,5,Monfils G.,Gulbis E.,81.0,40.0,640.0,991.0,6.0,7.0,6.0,4.0,7.0,6.0,6.0,2.0,,,3.0,1.0,Completed,2.1,1.66,2.12,1.7,2.2,1.67,2.25,1.72,2.25,1.62,2.34,1.82,2.13,1.7
ATP,2013,32,Paris,French Open,2013-05-29,Grand Slam,Outdoor,Clay,2nd Round,5,Almagro N.,Roger-Vasselin E.,13.0,65.0,2375.0,736.0,6.0,2.0,6.0,4.0,6.0,3.0,,,,,3.0,0.0,Completed,1.16,5.0,1.2,4.4,1.17,4.5,1.19,5.42,1.14,5.5,1.2,6.3,1.17,4.93
ATP,2013,32,Paris,French Open,2013-05-29,Grand Slam,Outdoor,Clay,2nd Round,5,Querrey S.,Hajek J.,20.0,87.0,1730.0,605.0,6.0,4.0,7.0,5.0,6.0,4.0,,,,,3.0,0.0,Completed,1.44,2.62,1.5,2.55,1.44,2.62,1.58,2.55,1.53,2.5,1.6,2.7,1.52,2.51
ATP,2013,32,Paris,French Open,2013-05-29,Grand Slam,Outdoor,Clay,2nd Round,5,Federer R.,Devvarman S.,3.0,188.0,8000.0,269.0,6.0,2.0,6.0,1.0,6.0,1.0,,,,,3.0,0.0,Completed,1.02,29.0,1.01,20.0,1.01,26.0,1.01,29.16,1.01,23.0,1.02,43.5,1.01,21.32
ATP,2013,32,Paris,French Open,2013-05-30,Grand Slam,Outdoor,Clay,2nd Round,5,Kohlschreiber P.,Lu Y.H.,19.0,76.0,1750.0,675.0,,,,,,,,,,,,,Walkover,1.05,11.0,1.05,9.0,1.05,8.5,1.07,11.25,1.04,11.0,1.08,13.0,1.05,9.91
ATP,2013,32,Paris,French Open,2013-05-30,Grand Slam,Outdoor,Clay,2nd Round,5,Dimitrov G.,Pouille L.,28.0,324.0,1355.0,131.0,6.0,1.0,7.0,6.0,6.0,1.0,,,,,3.0,0.0,Completed,1.04,13.0,1.04,10.0,1.06,9.0,1.05,13.0,1.05,9.0,1.06,15.0,1.04,10.82
ATP,2013,32,Paris,French Open,2013-05-30,Grand Slam,Outdoor,Clay,2nd Round,5,Nishikori K.,Zemlja G.,15.0,50.0,2315.0,857.0,6.0,1.0,5.0,7.0,6.0,1.0,6.0,4.0,,,3.0,1.0,Completed,1.12,6.0,1.13,5.75,1.12,5.5,1.17,5.91,1.14,5.5,1.17,6.7,1.14,5.68
ATP,2013,32,Paris,French Open,2013-05-30,Grand Slam,Outdoor,Clay,2nd Round,5,Hanescu V.,Tursunov D.,54.0,60.0,815.0,794.0,6.0,4.0,6.0,6.0,,,,,,,1.0,0.0,Retired,1.57,2.25,1.6,2.3,1.62,2.2,1.66,2.37,1.62,2.25,1.71,2.42,1.62,2.27
ATP,2013,32,Paris,French Open,2013-05-30,Grand Slam,Outdoor,Clay,2nd Round,5,Fognini F.,Rosol L.,29.0,36.0,1345.0,1086.0,6.0,2.0,7.0,6.0,2.0,6.0,6.0,1.0,,,3.0,1.0,Completed,1.44,2.62,1.5,2.45,1.5,2.5,1.54,2.67,1.44,2.75,1.55,2.75,1.5,2.57
ATP,2013,32,Paris,French Open,2013-05-30,Grand Slam,Outdoor,Clay,2nd Round,5,Djokovic N.,Pella G.,1.0,83.0,12310.0,635.0,6.0,2.0,6.0,0.0,6.0,2.0,,,,,3.0,0.0,Completed,1.0,41.0,1.01,20.0,1.01,26.0,1.01,41.0,1.01,26.0,1.02,46.0,1.01,22.77
ATP,2013,32,Paris,French Open,2013-05-30,Grand Slam,Outdoor,Clay,2nd Round,5,Paire B.,Kubot L.,26.0,107.0,1405.0,514.0,7.0,6.0,6.0,2.0,6.0,4.0,,,,,3.0,0.0,Completed,1.16,5.0,1.17,4.85,1.17,5.0,1.19,5.42,1.17,5.0,1.2,5.9,1.17,4.93
ATP,2013,32,Paris,French Open,2013-05-31,Grand Slam,Outdoor,Clay,2nd Round,5,Youzhny M.,Delbonis F.,31.0,125.0,1265.0,435.0,6.0,3.0,6.0,7.0,7.0,5.0,6.0,4.0,,,3.0,1.0,Completed,1.33,3.25,1.3,3.45,1.29,3.5,1.41,3.17,1.29,3.5,1.41,3.75,1.32,3.32
ATP,2013,32,Paris,French Open,2013-05-31,Grand Slam,Outdoor,Clay,2nd Round,5,Haas T.,Sock J.,14.0,118.0,2340.0,460.0,7.0,6.0,6.0,2.0,7.0,5.0,,,,,3.0,0.0,Completed,1.14,5.5,1.12,6.0,1.14,5.5,1.16,6.09,1.13,6.0,1.17,6.7,1.14,5.7
ATP,2013,32,Paris,French Open,2013-05-31,Grand Slam,Outdoor,Clay,2nd Round,5,Janowicz J.,Haase R.,23.0,66.0,1524.0,727.0,6.0,4.0,4.0,6.0,6.0,4.0,6.0,3.0,,,3.0,1.0,Completed,1.28,3.5,1.3,3.45,1.33,3.4,1.35,3.55,1.25,3.75,1.35,3.75,1.29,3.55
ATP,2013,32,Paris,French Open,2013-05-31,Grand Slam,Outdoor,Clay,2nd Round,5,Isner J.,Harrison R.,21.0,92.0,1690.0,579.0,5.0,7.0,6.0,7.0,6.0,3.0,6.0,1.0,8.0,6.0,3.0,2.0,Completed,1.28,3.5,1.3,3.45,1.3,3.5,1.34,3.56,1.25,3.75,1.35,3.9,1.3,3.5
ATP,2013,32,Paris,French Open,2013-05-31,Grand Slam,Outdoor,Clay,2nd Round,5,Davydenko N.,Istomin D.,48.0,42.0,870.0,935.0,6.0,4.0,7.0,5.0,6.0,2.0,,,,,3.0,0.0,Completed,1.36,3.0,1.35,3.15,1.4,2.75,1.42,3.14,1.4,2.88,1.44,3.25,1.38,2.98
ATP,2013,32,Paris,French Open,2013-05-31,Grand Slam,Outdoor,Clay,2nd Round,5,Gasquet R.,Przysiezny M.,9.0,133.0,3090.0,410.0,6.0,3.0,6.0,3.0,6.0,0.0,,,,,3.0,0.0,Completed,1.02,19.0,1.02,15.0,1.04,11.0,1.03,20.0,1.03,11.0,1.04,23.9,1.02,14.71
ATP,2013,32,Paris,French Open,2013-05-31,Grand Slam,Outdoor,Clay,2nd Round,5,Tipsarevic J.,Verdasco F.,12.0,53.0,2480.0,830.0,7.0,6.0,6.0,1.0,3.0,6.0,5.0,7.0,8.0,6.0,3.0,2.0,Completed,2.1,1.66,2.2,1.65,2.1,1.73,2.2,1.75,2.1,1.73,2.33,1.8,2.12,1.7
ATP,2013,32,Paris,French Open,2013-05-31,Grand Slam,Outdoor,Clay,2nd Round,5,Nadal R.,Klizan M.,4.0,35.0,6895.0,1090.0,4.0,6.0,6.0,3.0,6.0,3.0,6.0,3.0,,,3.0,1.0,Completed,1.0,41.0,1.01,20.0,1.0,34.0,1.01,61.0,1.01,23.0,1.01,71.0,1.01,28.76
ATP,2013,32,Paris,French Open,2013-05-31,Grand Slam,Outdoor,Clay,2nd Round,5,Wawrinka S.,Zeballos H.,10.0,46.0,2630.0,884.0,6.0,2.0,7.0,6.0,6.0,4.0,,,,,3.0,0.0,Completed,1.06,10.0,1.07,8.0,1.07,7.5,1.08,10.25,1.08,7.5,1.1,10.5,1.07,8.41
ATP,2013,32,Paris,French Open,2013-05-31,Grand Slam,Outdoor,Clay,3rd Round,5,Ferrer D.,Lopez F.,5.0,43.0,6740.0,930.0,6.0,1.0,7.0,5.0,6.0,4.0,,,,,3.0,0.0,Completed,1.05,11.0,1.04,10.0,1.06,9.0,1.05,15.5,1.05,9.0,1.07,15.5,1.05,10.19
ATP,2013,32,Paris,French Open,2013-05-31,Grand Slam,Outdoor,Clay,3rd Round,5,Troicki V.,Cilic M.,57.0,11.0,800.0,2570.0,7.0,6.0,6.0,4.0,7.0,5.0,,,,,3.0,0.0,Completed,4.0,1.22,3.85,1.25,4.0,1.25,4.22,1.28,3.75,1.25,4.65,1.29,3.95,1.25
ATP,2013,32,Paris,French Open,2013-05-31,Grand Slam,Outdoor,Clay,3rd Round,5,Federer R.,Benneteau J.,3.0,32.0,8000.0,1200.0,6.0,3.0,6.0,4.0,7.0,5.0,,,,,3.0,0.0,Completed,1.03,15.0,1.03,11.0,1.04,11.0,1.04,17.0,1.03,11.0,1.06,17.0,1.04,12.05
ATP,2013,32,Paris,French Open,2013-05-31,Grand Slam,Outdoor,Clay,3rd Round,5,Robredo T.,Monfils G.,34.0,81.0,1095.0,640.0,2.0,6.0,6.0,7.0,6.0,2.0,7.0,6.0,6.0,2.0,3.0,2.0,Completed,2.87,1.38,2.9,1.4,2.75,1.44,2.8,1.51,2.88,1.4,3.35,1.51,2.83,1.42
ATP,2013,32,Paris,French Open,2013-05-31,Grand Slam,Outdoor,Clay,3rd Round,5,Anderson K.,Raonic M.,25.0,16.0,1420.0,2225.0,7.0,5.0,7.0,6.0,6.0,3.0,,,,,3.0,0.0,Completed,2.25,1.57,2.2,1.65,2.25,1.62,2.36,1.68,2.25,1.62,2.44,1.7,2.25,1.63
ATP,2013,32,Paris,French Open,2013-05-31,Grand Slam,Outdoor,Clay,3rd Round,5,Tsonga J.W.,Chardy J.,8.0,27.0,3795.0,1371.0,6.0,1.0,6.0,2.0,7.0,5.0,,,,,3.0,0.0,Completed,1.22,4.0,1.24,3.95,1.22,4.33,1.28,4.24,1.22,4.0,1.3,6.3,1.24,4.06
ATP,2013,32,Paris,French Open,2013-05-31,Grand Slam,Outdoor,Clay,3rd Round,5,Simon G.,Querrey S.,18.0,20.0,1895.0,1730.0,2.0,6.0,6.0,3.0,2.0,6.0,7.0,6.0,6.0,2.0,3.0,2.0,Completed,1.36,3.0,1.4,2.9,1.44,2.75,1.43,3.1,1.44,2.75,1.45,3.2,1.41,2.87
ATP,2013,32,Paris,French Open,2013-05-31,Grand Slam,Outdoor,Clay,3rd Round,5,Almagro N.,Seppi A.,13.0,22.0,2375.0,1530.0,7.0,6.0,6.0,0.0,6.0,4.0,,,,,3.0,0.0,Completed,1.16,5.0,1.2,4.4,1.2,4.5,1.22,5.05,1.22,4.0,1.25,6.3,1.2,4.47
ATP,2013,32,Paris,French Open,2013-06-01,Grand Slam,Outdoor,Clay,3rd Round,5,Nishikori K.,Paire B.,15.0,26.0,2315.0,1405.0,6.0,3.0,6.0,7.0,6.0,4.0,6.0,1.0,,,3.0,1.0,Completed,2.0,1.72,2.05,1.75,2.0,1.8,1.93,2.0,2.0,1.8,2.1,2.0,1.99,1.79
ATP,2013,32,Paris,French Open,2013-06-01,Grand Slam,Outdoor,Clay,3rd Round,5,Youzhny M.,Tipsarevic J.,31.0,12.0,1265.0,2480.0,6.0,4.0,6.0,4.0,6.0,3.0,,,,,3.0,0.0,Completed,1.57,2.25,1.65,2.2,1.62,2.2,1.67,2.38,1.67,2.2,1.85,2.4,1.66,2.19
ATP,2013,32,Paris,French Open,2013-06-01,Grand Slam,Outdoor,Clay,3rd Round,5,Haas T.,Isner J.,14.0,21.0,2340.0,1690.0,7.0,5.0,7.0,6.0,4.0,6.0,6.0,7.0,10.0,8.0,3.0,2.0,Completed,1.28,3.5,1.3,3.45,1.33,3.4,1.37,3.45,1.33,3.25,1.37,3.65,1.32,3.36
ATP,2013,32,Paris,French Open,2013-06-01,Grand Slam,Outdoor,Clay,3rd Round,5,Gasquet R.,Davydenko N.,9.0,48.0,3090.0,870.0,6.0,4.0,6.0,4.0,6.0,3.0,,,,,3.0,0.0,Completed,1.14,5.5,1.16,5.0,1.22,4.33,1.18,5.8,1.17,5.0,1.22,5.8,1.18,4.92
ATP,2013,32,Paris,French Open,2013-06-01,Grand Slam,Outdoor,Clay,3rd Round,5,Nadal R.,Fognini F.,4.0,29.0,6895.0,1345.0,7.0,6.0,6.0,4.0,6.0,4.0,,,,,3.0,0.0,Completed,1.002,29.0,1.02,15.0,1.02,17.0,1.01,29.68,1.02,13.0,1.04,33.0,1.01,18.85
ATP,2013,32,Paris,French Open,2013-06-01,Grand Slam,Outdoor,Clay,3rd Round,5,Wawrinka S.,Janowicz J.,10.0,23.0,2630.0,1524.0,6.0,3.0,6.0,7.0,6.0,3.0,6.0,3.0,,,3.0,1.0,Completed,1.33,3.25,1.37,3.05,1.33,3.4,1.37,3.45,1.33,3.25,1.39,3.58,1.34,3.25
ATP,2013,32,Paris,French Open,2013-06-01,Grand Slam,Outdoor,Clay,3rd Round,5,Djokovic N.,Dimitrov G.,1.0,28.0,12310.0,1355.0,6.0,2.0,6.0,2.0,6.0,3.0,,,,,3.0,0.0,Completed,1.07,9.0,1.08,7.5,1.1,7.0,1.09,9.6,1.08,7.5,1.14,9.6,1.09,7.47
ATP,2013,32,Paris,French Open,2013-06-01,Grand Slam,Outdoor,Clay,3rd Round,5,Kohlschreiber P.,Hanescu V.,19.0,54.0,1750.0,815.0,6.0,0.0,7.0,6.0,6.0,1.0,,,,,3.0,0.0,Completed,1.4,2.75,1.46,2.7,1.44,2.75,1.51,2.79,1.36,3.0,1.52,3.1,1.42,2.82
ATP,2013,32,Paris,French Open,2013-06-02,Grand Slam,Outdoor,Clay,4th Round,5,Ferrer D.,Anderson K.,5.0,25.0,6740.0,1420.0,6.0,3.0,6.0,1.0,6.0,1.0,,,,,3.0,0.0,Completed,1.11,6.5,1.13,5.75,1.12,6.0,1.16,6.48,1.14,5.5,1.17,7.1,1.13,5.87
ATP,2013,32,Paris,French Open,2013-06-02,Grand Slam,Outdoor,Clay,4th Round,5,Robredo T.,Almagro N.,34.0,13.0,1095.0,2375.0,6.0,7.0,3.0,6.0,6.0,4.0,6.0,4.0,6.0,4.0,3.0,2.0,Completed,5.0,1.16,4.15,1.22,4.33,1.22,5.01,1.22,4.0,1.22,5.3,1.23,4.61,1.2
ATP,2013,32,Paris,French Open,2013-06-02,Grand Slam,Outdoor,Clay,4th Round,5,Tsonga J.W.,Troicki V.,8.0,57.0,3795.0,800.0,6.0,3.0,6.0,3.0,6.0,3.0,,,,,3.0,0.0,Completed,1.08,8.0,1.1,6.75,1.11,6.5,1.08,10.75,1.08,7.5,1.13,11.0,1.09,7.69
ATP,2013,32,Paris,French Open,2013-06-02,Grand Slam,Outdoor,Clay,4th Round,5,Federer R.,Simon G.,3.0,18.0,8000.0,1895.0,6.0,1.0,4.0,6.0,2.0,6.0,6.0,2.0,6.0,3.0,3.0,2.0,Completed,1.04,13.0,1.05,8.25,1.05,10.0,1.05,13.8,1.06,9.0,1.07,16.0,1.05,10.68
ATP,2013,32,Paris,French Open,2013-06-03,Grand Slam,Outdoor,Clay,4th Round,5,Haas T.,Youzhny M.,14.0,31.0,2340.0,1265.0,6.0,1.0,6.0,1.0,6.0,3.0,,,,,3.0,0.0,Completed,1.8,2.0,1.88,1.88,1.91,1.91,1.82,2.12,1.9,1.9,1.95,2.12,1.84,1.94
ATP,2013,32,Paris,French Open,2013-06-03,Grand Slam,Outdoor,Clay,4th Round,5,Djokovic N.,Kohlschreiber P.,1.0,19.0,12310.0,1750.0,4.0,6.0,6.0,3.0,6.0,4.0,6.0,4.0,,,3.0,1.0,Completed,1.03,15.0,1.06,8.5,1.03,12.0,1.05,14.8,1.03,14.0,1.06,19.0,1.03,12.89
ATP,2013,32,Paris,French Open,2013-06-03,Grand Slam,Outdoor,Clay,4th Round,5,Wawrinka S.,Gasquet R.,10.0,9.0,2630.0,3090.0,6.0,7.0,4.0,6.0,6.0,4.0,7.0,5.0,8.0,6.0,3.0,2.0,Completed,1.72,2.1,1.7,2.12,1.67,2.2,1.83,2.11,1.73,2.1,1.83,2.38,1.71,2.11
ATP,2013,32,Paris,French Open,2013-06-03,Grand Slam,Outdoor,Clay,4th Round,5,Nadal R.,Nishikori K.,4.0,15.0,6895.0,2315.0,6.0,4.0,6.0,1.0,6.0,3.0,,,,,3.0,0.0,Completed,1.04,13.0,1.04,10.0,1.03,12.0,1.04,17.0,1.05,12.0,1.06,17.0,1.04,12.49
ATP,2013,32,Paris,French Open,2013-06-04,Grand Slam,Outdoor,Clay,Quarterfinals,5,Tsonga J.W.,Federer R.,8.0,3.0,3795.0,8000.0,7.0,5.0,6.0,3.0,6.0,3.0,,,,,3.0,0.0,Completed,2.5,1.53,2.4,1.55,2.38,1.57,2.47,1.63,2.5,1.57,2.6,1.7,2.44,1.56
ATP,2013,32,Paris,French Open,2013-06-04,Grand Slam,Outdoor,Clay,Quarterfinals,5,Ferrer D.,Robredo T.,5.0,34.0,6740.0,1095.0,6.0,2.0,6.0,1.0,6.0,1.0,,,,,3.0,0.0,Completed,1.05,11.0,1.05,9.0,1.05,10.0,1.08,10.25,1.05,11.0,1.08,12.0,1.06,9.67
ATP,2013,32,Paris,French Open,2013-06-05,Grand Slam,Outdoor,Clay,Quarterfinals,5,Djokovic N.,Haas T.,1.0,14.0,12310.0,2340.0,6.0,3.0,7.0,6.0,7.0,5.0,,,,,3.0,0.0,Completed,1.08,8.0,1.1,6.5,1.11,6.5,1.11,8.53,1.11,7.0,1.13,8.53,1.1,6.99
ATP,2013,32,Paris,French Open,2013-06-05,Grand Slam,Outdoor,Clay,Quarterfinals,5,Nadal R.,Wawrinka S.,4.0,10.0,6895.0,2630.0,6.0,2.0,6.0,3.0,6.0,1.0,,,,,3.0,0.0,Completed,1.06,10.0,1.05,9.0,1.05,10.0,1.06,12.5,1.06,10.0,1.08,12.6,1.06,9.99
ATP,2013,32,Paris,French Open,2013-06-07,Grand Slam,Outdoor,Clay,Semifinals,5,Nadal R.,Djokovic N.,4.0,1.0,6895.0,12310.0,6.0,4.0,3.0,6.0,6.0,1.0,6.0,7.0,9.0,7.0,3.0,2.0,Completed,1.61,2.3,1.65,2.2,1.57,2.38,1.58,2.6,1.62,2.38,1.8,2.65,1.61,2.33
ATP,2013,32,Paris,French Open,2013-06-07,Grand Slam,Outdoor,Clay,Semifinals,5,Ferrer D.,Tsonga J.W.,5.0,8.0,6740.0,3795.0,6.0,1.0,7.0,6.0,6.0,2.0,,,,,3.0,0.0,Completed,1.61,2.3,1.65,2.15,1.67,2.2,1.68,2.37,1.67,2.25,1.72,2.43,1.66,2.22
ATP,2013,32,Paris,French Open,2013-06-09,Grand Slam,Outdoor,Clay,The Final,5,Nadal R.,Ferrer D.,4.0,5.0,6895.0,6740.0,6.0,3.0,6.0,2.0,6.0,3.0,,,,,3.0,0.0,Completed,1.1,7.0,1.12,6.0,1.1,7.0,1.13,8.25,1.11,7.5,1.14,8.42,1.11,7.03
ATP,2013,37,London,Wimbledon,2013-06-24,Grand Slam,Outdoor,Grass,1st Round,5,Melzer J.,Fognini F.,37.0,30.0,1085.0,1345.0,6.0,7.0,7.0,5.0,6.0,3.0,6.0,2.0,,,3.0,1.0,Completed,2.75,1.4,2.9,1.4,2.62,1.44,2.99,1.45,2.88,1.4,3.25,1.45,2.83,1.42
ATP,2013,37,London,Wimbledon,2013-06-24,Grand Slam,Outdoor,Grass,1st Round,5,Reister J.,Rosol L.,121.0,35.0,461.0,1091.0,6.0,3.0,4.0,6.0,7.0,6.0,6.0,7.0,6.0,4.0,3.0,2.0,Completed,2.75,1.4,2.7,1.45,2.75,1.4,2.52,1.59,2.75,1.44,3.15,1.59,2.65,1.47
ATP,2013,37,London,Wimbledon,2013-06-24,Grand Slam,Outdoor,Grass,1st Round,5,Robert S.,Falla A.,165.0,77.0,316.0,666.0,6.0,3.0,7.0,6.0,7.0,5.0,,,,,3.0,0.0,Completed,2.0,1.72,1.92,1.85,1.83,1.83,2.22,1.74,1.9,1.9,2.25,1.93,1.97,1.8
ATP,2013,37,London,Wimbledon,2013-06-24,Grand Slam,Outdoor,Grass,1st Round,5,Paire B.,Ungur A.,27.0,94.0,1380.0,568.0,6.0,4.0,4.0,6.0,6.0,3.0,6.0,1.0,,,3.0,1.0,Completed,1.06,10.0,1.07,8.0,1.07,7.5,1.08,9.5,1.08,7.5,1.1,11.0,1.08,8.3
ATP,2013,37,London,Wimbledon,2013-06-24,Grand Slam,Outdoor,Grass,1st Round,5,Stakhovsky S.,Dutra Silva R.,116.0,100.0,488.0,550.0,6.0,4.0,6.0,0.0,6.0,4.0,,,,,3.0,0.0,Completed,1.08,8.0,1.12,6.0,1.12,5.5,1.11,8.36,1.1,7.0,1.14,8.36,1.1,6.84
ATP,2013,37,London,Wimbledon,2013-06-24,Grand Slam,Outdoor,Grass,1st Round,5,Kubot L.,Andreev I.,130.0,416.0,440.0,87.0,6.0,1.0,7.0,5.0,6.0,2.0,,,,,3.0,0.0,Completed,1.14,5.5,1.16,5.0,1.12,5.5,1.2,5.33,1.1,7.0,1.2,7.0,1.15,5.47
ATP,2013,37,London,Wimbledon,2013-06-24,Grand Slam,Outdoor,Grass,1st Round,5,Rufin G.,Matosevic M.,85.0,72.0,589.0,701.0,6.0,1.0,4.0,6.0,6.0,4.0,6.0,3.0,,,3.0,1.0,Completed,2.1,1.66,1.98,1.8,2.0,1.73,2.29,1.69,2.0,1.8,2.3,1.8,2.08,1.73
ATP,2013,37,London,Wimbledon,2013-06-24,Grand Slam,Outdoor,Grass,1st Round,5,Cilic M.,Baghdatis M.,12.0,40.0,2470.0,995.0,6.0,3.0,6.0,4.0,6.0,4.0,,,,,3.0,0.0,Completed,1.18,4.5,1.2,4.4,1.17,5.0,1.22,4.9,1.17,5.0,1.23,5.7,1.18,4.72
ATP,2013,37,London,Wimbledon,2013-06-24,Grand Slam,Outdoor,Grass,1st Round,5,Janowicz J.,Edmund K.,22.0,385.0,1549.0,99.0,6.0,2.0,6.0,2.0,6.0,4.0,,,,,3.0,0.0,Completed,1.18,4.5,1.18,4.4,1.2,4.5,1.2,5.24,1.17,5.0,1.25,5.24,1.19,4.57
ATP,2013,37,London,Wimbledon,2013-06-24,Grand Slam,Outdoor,Grass,1st Round,5,Federer R.,Hanescu V.,3.0,48.0,7740.0,895.0,6.0,3.0,6.0,2.0,6.0,0.0,,,,,3.0,0.0,Completed,1.002,29.0,1.01,20.0,1.01,26.0,1.01,41.0,1.01,17.0,1.02,66.0,1.01,23.26
ATP,2013,37,London,Wimbledon,2013-06-24,Grand Slam,Outdoor,Grass,1st Round,5,Youzhny M.,Haase R.,26.0,58.0,1415.0,797.0,6.0,4.0,7.0,5.0,7.0,5.0,,,,,3.0,0.0,Completed,1.11,6.5,1.12,6.0,1.12,5.5,1.16,6.22,1.13,6.0,1.16,7.1,1.13,5.96
ATP,2013,37,London,Wimbledon,2013-06-24,Grand Slam,Outdoor,Grass,1st Round,5,Isner J.,Donskoy E.,21.0,66.0,1735.0,729.0,6.0,1.0,7.0,6.0,7.0,6.0,,,,,3.0,0.0,Completed,1.28,3.5,1.28,3.6,1.29,3.5,1.29,3.97,1.29,3.5,1.37,3.97,1.3,3.49
ATP,2013,37,London,Wimbledon,2013-06-24,Grand Slam,Outdoor,Grass,1st Round,5,Pospisil V.,Gicquel M.,103.0,131.0,546.0,438.0,6.0,3.0,6.0,2.0,7.0,6.0,,,,,3.0,0.0,Completed,1.61,2.2,1.65,2.2,1.73,2.0,1.7,2.29,1.73,2.1,1.74,2.3,1.68,2.16
ATP,2013,37,London,Wimbledon,2013-06-24,Grand Slam,Outdoor,Grass,1st Round,5,Kuznetsov An.,Montanes A.,78.0,51.0,663.0,862.0,6.0,3.0,6.0,4.0,3.0,6.0,6.0,3.0,,,3.0,1.0,Completed,1.4,2.75,1.4,2.9,1.44,2.62,1.45,3.0,1.44,2.75,1.45,3.1,1.42,2.81
ATP,2013,37,London,Wimbledon,2013-06-24,Grand Slam,Outdoor,Grass,1st Round,5,Troicki V.,Tipsarevic J.,44.0,14.0,935.0,2390.0,6.0,3.0,6.0,4.0,7.0,6.0,,,,,3.0,0.0,Completed,3.0,1.36,2.9,1.4,3.0,1.4,3.22,1.4,2.88,1.4,3.25,1.43,2.95,1.39
ATP,2013,37,London,Wimbledon,2013-06-24,Grand Slam,Outdoor,Grass,1st Round,5,Gulbis E.,Roger-Vasselin E.,39.0,71.0,1026.0,708.0,7.0,6.0,6.0,4.0,7.0,5.0,,,,,3.0,0.0,Completed,1.22,4.0,1.23,4.0,1.25,3.75,1.28,4.14,1.22,4.0,1.29,4.8,1.24,3.97
ATP,2013,37,London,Wimbledon,2013-06-24,Grand Slam,Outdoor,Grass,1st Round,5,Tsonga J.W.,Goffin D.,7.0,83.0,4155.0,611.0,7.0,6.0,6.0,4.0,6.0,3.0,,,,,3.0,0.0,Completed,1.03,15.0,1.03,12.0,1.02,15.0,1.04,15.0,1.03,12.0,1.05,17.0,1.03,13.02
ATP,2013,37,London,Wimbledon,2013-06-24,Grand Slam,Outdoor,Grass,1st Round,5,Darcis S.,Nadal R.,135.0,5.0,418.0,6895.0,7.0,6.0,7.0,6.0,6.0,4.0,,,,,3.0,0.0,Completed,29.0,1.002,20,1.01,26.0,1.01,34.0,1.01,13.0,1.02,46.0,1.02,20.68,1.01
ATP,2013,37,London,Wimbledon,2013-06-24,Grand Slam,Outdoor,Grass,1st Round,5,Mannarino A.,Andujar P.,111.0,50.0,511.0,870.0,6.0,1.0,6.0,2.0,6.0,3.0,,,,,3.0,0.0,Completed,1.18,4.5,1.23,4.05,1.25,3.75,1.25,4.46,1.29,3.5,1.3,5.1,1.23,4.15
ATP,2013,37,London,Wimbledon,2013-06-24,Grand Slam,Outdoor,Grass,1st Round,5,Monaco J.,Knittel B.,20.0,210.0,1740.0,225.0,6.0,4.0,6.0,2.0,6.0,3.0,,,,,3.0,0.0,Completed,1.22,4.0,1.23,4.0,1.25,3.75,1.25,4.46,1.22,4.0,1.3,4.65,1.25,3.92
ATP,2013,37,London,Wimbledon,2013-06-24,Grand Slam,Outdoor,Grass,1st Round,5,De Schepper K.,Lorenzi P.,80.0,73.0,627.0,701.0,7.0,6.0,6.0,4.0,6.0,2.0,,,,,3.0,0.0,Completed,1.4,2.75,1.45,2.7,1.5,2.5,1.5,2.8,1.53,2.5,1.55,3.0,1.46,2.68
ATP,2013,37,London,Wimbledon,2013-06-24,Grand Slam,Outdoor,Grass,1st Round,5,Ram R.,Lacko L.,86.0,79.0,586.0,635.0,7.0,5.0,6.0,4.0,6.0,7.0,6.0,2.0,,,3.0,1.0,Completed,1.66,2.1,1.7,2.12,1.73,2.0,1.79,2.14,1.67,2.2,1.85,2.2,1.73,2.07
ATP,2013,37,London,Wimbledon,2013-06-24,Grand Slam,Outdoor,Grass,1st Round,5,Verdasco F.,Malisse X.,54.0,61.0,825.0,770.0,6.0,7.0,6.0,1.0,6.0,4.0,6.0,3.0,,,3.0,1.0,Completed,1.9,1.8,2,1.78,1.91,1.8,2.0,1.91,2.0,1.8,2.0,2.0,1.94,1.83
ATP,2013,37,London,Wimbledon,2013-06-24,Grand Slam,Outdoor,Grass,1st Round,5,Almagro N.,Zopp J.,16.0,183.0,2195.0,273.0,6.0,4.0,7.0,6.0,7.0,5.0,,,,,3.0,0.0,Completed,1.06,10.0,1.04,10.0,1.05,8.5,1.07,11.5,1.07,8.0,1.07,14.0,1.05,9.94
ATP,2013,37,London,Wimbledon,2013-06-24,Grand Slam,Outdoor,Grass,1st Round,5,Stepanek R.,Reid M.,45.0,216.0,920.0,220.0,6.0,2.0,6.0,2.0,6.0,4.0,,,,,3.0,0.0,Completed,1.1,7.0,1.1,6.5,1.12,5.5,1.11,8.36,1.1,7.0,1.15,8.5,1.11,6.63
ATP,2013,37,London,Wimbledon,2013-06-24,Grand Slam,Outdoor,Grass,1st Round,5,Lu Y.H.,Ward J.,75.0,219.0,683.0,218.0,6.0,7.0,6.0,4.0,7.0,6.0,7.0,6.0,,,3.0,1.0,Completed,1.36,3.0,1.35,3.15,1.36,3.0,1.45,3.01,1.36,3.0,1.47,3.15,1.39,2.94
ATP,2013,37,London,Wimbledon,2013-06-24,Grand Slam,Outdoor,Grass,1st Round,5,Benneteau J.,Kamke T.,33.0,68.0,1200.0,721.0,6.0,4.0,6.0,7.0,6.0,4.0,6.0,2.0,,,3.0,1.0,Completed,1.25,3.75,1.28,3.6,1.29,3.5,1.37,3.35,1.25,3.75,1.37,3.75,1.3,3.47
ATP,2013,37,London,Wimbledon,2013-06-24,Grand Slam,Outdoor,Grass,1st Round,5,Brown D.,Garcia-Lopez G.,189.0,67.0,261.0,726.0,6.0,3.0,6.0,3.0,6.0,3.0,,,,,3.0,0.0,Completed,2.75,1.4,2.55,1.5,2.62,1.44,2.94,1.46,2.75,1.44,2.95,1.55,2.64,1.46
ATP,2013,37,London,Wimbledon,2013-06-24,Grand Slam,Outdoor,Grass,1st Round,5,Murray A.,Becker B.,2.0,92.0,8560.0,570.0,6.0,4.0,6.0,3.0,6.0,2.0,,,,,3.0,0.0,Completed,1.01,26.0,1.01,20.0,1.02,17.0,1.01,34.0,1.02,13.0,1.02,39.0,1.01,19.54
ATP,2013,37,London,Wimbledon,2013-06-24,Grand Slam,Outdoor,Grass,1st Round,5,Mahut N.,Hajek J.,124.0,96.0,460.0,564.0,6.0,2.0,6.0,4.0,6.0,3.0,,,,,3.0,0.0,Completed,1.06,9.0,1.05,9.0,1.08,7.0,1.11,8.04,1.07,8.0,1.12,9.8,1.08,8.16
ATP,2013,37,London,Wimbledon,2013-06-24,Grand Slam,Outdoor,Grass,1st Round,5,Robredo T.,Bogomolov A.,29.0,81.0,1355.0,622.0,6.0,2.0,6.0,2.0,6.0,4.0,,,,,3.0,0.0,Completed,1.33,3.25,1.3,3.45,1.33,3.25,1.38,3.37,1.29,3.5,1.38,3.75,1.34,3.27
ATP,2013,37,London,Wimbledon,2013-06-24,Grand Slam,Outdoor,Grass,1st Round,5,Hewitt L.,Wawrinka S.,70.0,10.0,710.0,2915.0,6.0,4.0,7.0,5.0,6.0,3.0,,,,,3.0,0.0,Completed,2.2,1.61,2.2,1.65,2.25,1.62,2.37,1.65,2.25,1.62,2.37,1.71,2.21,1.65
ATP,2013,37,London,Wimbledon,2013-06-25,Grand Slam,Outdoor,Grass,1st Round,5,Struff J.L.,Kavcic B.,115.0,132.0,489.0,427.0,6.0,4.0,6.0,1.0,6.0,3.0,,,,,3.0,0.0,Completed,1.36,3.0,1.4,2.9,1.36,3.0,1.5,2.79,1.4,2.88,1.5,3.25,1.4,2.88
ATP,2013,37,London,Wimbledon,2013-06-25,Grand Slam,Outdoor,Grass,1st Round,5,Przysiezny M.,Petzschner P.,127.0,141.0,445.0,388.0,6.0,3.0,7.0,6.0,6.0,0.0,,,,,3.0,0.0,Completed,1.61,2.2,1.65,2.2,1.62,2.2,1.77,2.18,1.67,2.2,1.8,2.4,1.68,2.15
ATP,2013,37,London,Wimbledon,2013-06-25,Grand Slam,Outdoor,Grass,1st Round,5,Blake J.,De Bakker T.,87.0,93.0,583.0,569.0,6.0,1.0,6.0,3.0,6.0,2.0,,,,,3.0,0.0,Completed,1.61,2.2,1.78,2.0,1.67,2.1,1.85,2.06,1.67,2.2,1.85,2.24,1.7,2.12
ATP,2013,37,London,Wimbledon,2013-06-25,Grand Slam,Outdoor,Grass,1st Round,5,Dodig I.,Kohlschreiber P.,49.0,18.0,888.0,1885.0,4.0,6.0,6.0,7.0,7.0,6.0,6.0,3.0,2.0,1.0,2.0,2.0,Retired,2.75,1.4,2.9,1.4,2.75,1.4,3.0,1.45,2.75,1.44,3.35,1.49,2.83,1.42
ATP,2013,37,London,Wimbledon,2013-06-25,Grand Slam,Outdoor,Grass,1st Round,5,Kudla D.,Duckworth J.,105.0,174.0,538.0,291.0,6.0,4.0,6.0,2.0,3.0,6.0,4.0,6.0,6.0,1.0,3.0,2.0,Completed,1.36,3.0,1.4,2.9,1.36,3.0,1.39,3.27,1.4,2.88,1.45,3.35,1.39,2.95
ATP,2013,37,London,Wimbledon,2013-06-25,Grand Slam,Outdoor,Grass,1st Round,5,Mayer L.,Bedene A.,84.0,90.0,611.0,575.0,6.0,2.0,6.0,3.0,6.0,4.0,,,,,3.0,0.0,Completed,2.5,1.5,2.3,1.6,2.5,1.5,2.42,1.64,2.38,1.57,2.56,1.65,2.39,1.56
ATP,2013,37,London,Wimbledon,2013-06-25,Grand Slam,Outdoor,Grass,1st Round,5,Levine J.,Pella G.,112.0,76.0,503.0,674.0,6.0,4.0,6.0,2.0,4.0,6.0,3.0,6.0,4.0,3.0,2.0,2.0,Retired,1.16,5.0,1.16,5.0,1.14,5.0,1.14,6.72,1.17,5.0,1.2,6.72,1.16,5.16
ATP,2013,37,London,Wimbledon,2013-06-25,Grand Slam,Outdoor,Grass,1st Round,5,Anderson K.,Rochus O.,23.0,143.0,1510.0,380.0,6.0,4.0,6.0,2.0,6.0,1.0,,,,,3.0,0.0,Completed,1.12,6.0,1.12,6.0,1.14,5.0,1.14,6.83,1.17,5.0,1.18,6.83,1.14,5.53
ATP,2013,37,London,Wimbledon,2013-06-25,Grand Slam,Outdoor,Grass,1st Round,5,Nishikori K.,Ebden M.,11.0,110.0,2495.0,518.0,6.0,2.0,6.0,4.0,6.0,3.0,,,,,3.0,0.0,Completed,1.14,5.5,1.16,5.0,1.17,4.5,1.18,5.76,1.2,4.5,1.2,5.9,1.17,4.99
ATP,2013,37,London,Wimbledon,2013-06-25,Grand Slam,Outdoor,Grass,1st Round,5,Chardy J.,Harrison R.,25.0,97.0,1441.0,556.0,7.0,6.0,4.0,6.0,7.0,5.0,6.0,2.0,,,3.0,1.0,Completed,1.57,2.25,1.65,2.2,1.67,2.1,1.67,2.35,1.73,2.1,1.85,2.35,1.66,2.18
ATP,2013,37,London,Wimbledon,2013-06-25,Grand Slam,Outdoor,Grass,1st Round,5,Tomic B.,Querrey S.,59.0,19.0,780.0,1810.0,7.0,6.0,7.0,6.0,3.0,6.0,2.0,6.0,6.0,3.0,3.0,2.0,Completed,2.0,1.72,2,1.78,2.1,1.73,2.04,1.87,2.0,1.8,2.16,1.87,2.05,1.75
ATP,2013,37,London,Wimbledon,2013-06-25,Grand Slam,Outdoor,Grass,1st Round,5,Del Potro J.M.,Ramos A.,8.0,62.0,3960.0,755.0,6.0,2.0,7.0,5.0,6.0,1.0,,,,,3.0,0.0,Completed,1.04,13.0,1.04,10.0,1.04,11.0,1.04,15.0,1.06,9.0,1.06,16.0,1.04,11.56
ATP,2013,37,London,Wimbledon,2013-06-25,Grand Slam,Outdoor,Grass,1st Round,5,Haas T.,Tursunov D.,13.0,65.0,2425.0,739.0,6.0,3.0,7.0,5.0,7.0,5.0,,,,,3.0,0.0,Completed,1.08,8.0,1.1,6.5,1.08,7.0,1.1,8.6,1.1,7.0,1.13,9.4,1.09,7.1
ATP,2013,37,London,Wimbledon,2013-06-25,Grand Slam,Outdoor,Grass,1st Round,5,Llodra M.,Nieminen J.,53.0,38.0,844.0,1075.0,7.0,6.0,6.0,4.0,6.0,3.0,,,,,3.0,0.0,Completed,1.44,2.62,1.5,2.55,1.57,2.25,1.48,2.86,1.57,2.38,1.57,2.86,1.5,2.54
ATP,2013,37,London,Wimbledon,2013-06-25,Grand Slam,Outdoor,Grass,1st Round,5,Wang J.,Odesnik W.,151.0,107.0,358.0,534.0,7.0,6.0,4.0,6.0,6.0,2.0,3.0,6.0,7.0,5.0,3.0,2.0,Completed,1.4,2.75,1.5,2.55,1.53,2.38,1.5,2.8,1.53,2.5,1.55,3.05,1.49,2.6
ATP,2013,37,London,Wimbledon,2013-06-25,Grand Slam,Outdoor,Grass,1st Round,5,Seppi A.,Istomin D.,28.0,47.0,1380.0,915.0,7.0,6.0,7.0,6.0,5.0,7.0,3.0,6.0,6.0,3.0,3.0,2.0,Completed,1.44,2.62,1.45,2.7,1.44,2.62,1.66,2.37,1.4,2.88,1.66,2.88,1.51,2.55
ATP,2013,37,London,Wimbledon,2013-06-25,Grand Slam,Outdoor,Grass,1st Round,5,Djokovic N.,Mayer F.,1.0,34.0,11830.0,1175.0,6.0,3.0,7.0,5.0,6.0,4.0,,,,,3.0,0.0,Completed,1.01,26.0,1.01,20.0,1.02,17.0,1.01,31.0,1.03,11.0,1.03,36.0,1.01,19.77
ATP,2013,37,London,Wimbledon,2013-06-25,Grand Slam,Outdoor,Grass,1st Round,5,Soeda G.,Haider-Maurer A.,129.0,108.0,442.0,531.0,7.0,6.0,7.0,5.0,6.0,1.0,,,,,3.0,0.0,Completed,1.36,3.0,1.4,2.9,1.4,2.75,1.41,3.17,1.4,2.88,1.45,3.45,1.4,2.9
ATP,2013,37,London,Wimbledon,2013-06-25,Grand Slam,Outdoor,Grass,1st Round,5,Dolgopolov O.,Elias G.,24.0,122.0,1500.0,461.0,6.0,1.0,7.0,6.0,6.0,2.0,,,,,3.0,0.0,Completed,1.06,10.0,1.07,8.0,1.06,8.0,1.08,10.57,1.08,7.5,1.1,12.0,1.07,8.87
ATP,2013,37,London,Wimbledon,2013-06-25,Grand Slam,Outdoor,Grass,1st Round,5,Giraldo S.,Zeballos H.,91.0,52.0,570.0,859.0,3.0,6.0,7.0,6.0,6.0,7.0,6.0,1.0,6.0,3.0,3.0,2.0,Completed,1.36,3.0,1.35,3.15,1.36,3.0,1.33,3.64,1.36,3.0,1.42,3.64,1.36,3.11
ATP,2013,37,London,Wimbledon,2013-06-25,Grand Slam,Outdoor,Grass,1st Round,5,Bautista R.,Gabashvili T.,60.0,137.0,778.0,404.0,6.0,3.0,6.0,4.0,7.0,6.0,,,,,3.0,0.0,Completed,1.5,2.5,1.5,2.55,1.62,2.2,1.56,2.59,1.67,2.2,1.67,2.95,1.54,2.44
ATP,2013,37,London,Wimbledon,2013-06-25,Grand Slam,Outdoor,Grass,1st Round,5,Gasquet R.,Granollers M.,9.0,41.0,3135.0,975.0,6.0,7.0,6.0,4.0,7.0,5.0,6.0,4.0,,,3.0,1.0,Completed,1.06,10.0,1.07,8.0,1.05,10.0,1.05,13.0,1.07,8.0,1.09,13.5,1.06,9.69
ATP,2013,37,London,Wimbledon,2013-06-25,Grand Slam,Outdoor,Grass,1st Round,5,Sijsling I.,Kuznetsov Al.,64.0,173.0,747.0,292.0,6.0,3.0,6.0,4.0,6.0,4.0,,,,,3.0,0.0,Completed,1.18,4.5,1.2,4.4,1.22,4.0,1.22,4.85,1.25,3.75,1.25,4.95,1.22,4.29
ATP,2013,37,London,Wimbledon,2013-06-25,Grand Slam,Outdoor,Grass,1st Round,5,Raonic M.,Berlocq C.,15.0,74.0,2225.0,690.0,6.0,4.0,6.0,3.0,6.0,3.0,,,,,3.0,0.0,Completed,1.12,6.0,1.12,6.0,1.14,5.0,1.12,7.75,1.14,5.5,1.15,9.0,1.12,6.21
ATP,2013,37,London,Wimbledon,2013-06-25,Grand Slam,Outdoor,Grass,1st Round,5,Dimitrov G.,Bolelli S.,31.0,89.0,1330.0,577.0,6.0,1.0,6.0,4.0,6.0,3.0,,,,,3.0,0.0,Completed,1.04,13.0,1.04,10.0,1.04,9.0,1.05,14.0,1.05,10.0,1.06,18.0,1.04,11.63
ATP,2013,37,London,Wimbledon,2013-06-25,Grand Slam,Outdoor,Grass,1st Round,5,Ferrer D.,Alund M.,4.0,101.0,7220.0,550.0,6.0,1.0,4.0,6.0,7.0,5.0,6.0,2.0,,,3.0,1.0,Completed,1.002,34.0,1.01,20.0,1.04,15.0,1.01,41.0,1.02,13.0,1.04,41.0,1.01,21.85
ATP,2013,37,London,Wimbledon,2013-06-25,Grand Slam,Outdoor,Grass,1st Round,5,Berdych T.,Klizan M.,6.0,36.0,4515.0,1090.0,6.0,3.0,6.0,4.0,6.0,4.0,,,,,3.0,0.0,Completed,1.04,13.0,1.04,8.75,1.04,11.0,1.05,13.0,1.05,10.0,1.06,17.5,1.04,11.17
ATP,2013,37,London,Wimbledon,2013-06-25,Grand Slam,Outdoor,Grass,1st Round,5,Brands D.,Gimeno-Traver D.,57.0,56.0,803.0,807.0,7.0,6.0,6.0,7.0,6.0,7.0,6.0,1.0,6.0,4.0,3.0,2.0,Completed,1.18,4.5,1.23,4.0,1.22,4.0,1.24,4.54,1.22,4.0,1.25,4.95,1.22,4.24
ATP,2013,37,London,Wimbledon,2013-06-25,Grand Slam,Outdoor,Grass,1st Round,5,Mathieu P.H.,Berankis R.,82.0,69.0,616.0,711.0,7.0,6.0,7.0,5.0,6.0,7.0,6.0,4.0,,,3.0,1.0,Completed,2.1,1.66,2.2,1.65,2.0,1.73,2.2,1.75,2.2,1.67,2.3,1.77,2.12,1.7
ATP,2013,37,London,Wimbledon,2013-06-25,Grand Slam,Outdoor,Grass,1st Round,5,Reynolds B.,Johnson S.,156.0,98.0,346.0,556.0,1.0,6.0,7.0,6.0,6.0,3.0,6.0,7.0,6.0,4.0,3.0,2.0,Completed,2.37,1.53,2.4,1.55,2.25,1.57,2.55,1.58,2.38,1.57,2.7,1.6,2.39,1.56
ATP,2013,37,London,Wimbledon,2013-06-25,Grand Slam,Outdoor,Grass,1st Round,5,Lopez F.,Simon G.,32.0,17.0,1245.0,2090.0,6.0,2.0,6.0,4.0,7.0,6.0,,,,,3.0,0.0,Completed,1.57,2.25,1.65,2.2,1.67,2.2,1.68,2.34,1.67,2.2,1.68,2.46,1.62,2.28
ATP,2013,37,London,Wimbledon,2013-06-25,Grand Slam,Outdoor,Grass,1st Round,5,Zemlja G.,Russell M.,55.0,95.0,816.0,565.0,6.0,7.0,6.0,4.0,6.0,4.0,6.0,1.0,,,3.0,1.0,Completed,1.3,3.4,1.35,3.15,1.36,3.0,1.34,3.6,1.36,3.0,1.36,3.65,1.34,3.25
ATP,2013,37,London,Wimbledon,2013-06-26,Grand Slam,Outdoor,Grass,2nd Round,5,Kubot L.,Darcis S.,130.0,135.0,440.0,418.0,,,,,,,,,,,,,Walkover,2.0,1.72,2.05,1.75,2.0,1.73,2.07,1.85,2.1,1.73,2.1,1.85,2.02,1.77
ATP,2013,37,London,Wimbledon,2013-06-26,Grand Slam,Outdoor,Grass,2nd Round,5,Brown D.,Hewitt L.,189.0,70.0,261.0,710.0,6.0,4.0,6.0,4.0,6.0,7.0,6.0,2.0,,,3.0,1.0,Completed,7.0,1.1,6.5,1.1,6.5,1.11,7.75,1.12,6.0,1.13,10.5,1.15,6.6,1.11
ATP,2013,37,London,Wimbledon,2013-06-26,Grand Slam,Outdoor,Grass,2nd Round,5,Mannarino A.,Isner J.,111.0,21.0,511.0,1735.0,1.0,1.0,,,,,,,,,0.0,0.0,Retired,4.5,1.18,5,1.16,4.5,1.2,4.58,1.24,5.0,1.17,5.9,1.25,4.58,1.19
ATP,2013,37,London,Wimbledon,2013-06-26,Grand Slam,Outdoor,Grass,2nd Round,5,Troicki V.,Kuznetsov An.,44.0,78.0,935.0,663.0,6.0,4.0,6.0,3.0,6.0,4.0,,,,,3.0,0.0,Completed,1.36,3.0,1.4,2.9,1.4,2.75,1.43,3.05,1.4,2.88,1.45,3.75,1.39,2.96
ATP,2013,37,London,Wimbledon,2013-06-26,Grand Slam,Outdoor,Grass,2nd Round,5,Janowicz J.,Stepanek R.,22.0,45.0,1549.0,920.0,6.0,2.0,5.0,3.0,,,,,,,1.0,0.0,Retired,1.57,2.25,1.65,2.2,1.67,2.2,1.83,2.1,1.73,2.1,1.83,2.38,1.7,2.13
ATP,2013,37,London,Wimbledon,2013-06-26,Grand Slam,Outdoor,Grass,2nd Round,5,Almagro N.,Rufin G.,16.0,85.0,2195.0,589.0,7.0,5.0,6.0,7.0,6.0,3.0,6.0,4.0,,,3.0,1.0,Completed,1.12,6.0,1.16,5.0,1.17,5.0,1.18,5.65,1.17,5.0,1.18,6.7,1.15,5.37
ATP,2013,37,London,Wimbledon,2013-06-26,Grand Slam,Outdoor,Grass,2nd Round,5,Youzhny M.,Pospisil V.,26.0,103.0,1415.0,546.0,6.0,2.0,6.0,7.0,7.0,6.0,3.0,6.0,6.0,4.0,3.0,2.0,Completed,1.11,6.5,1.1,6.5,1.12,6.0,1.14,6.87,1.14,5.5,1.15,7.5,1.12,6.06
ATP,2013,37,London,Wimbledon,2013-06-26,Grand Slam,Outdoor,Grass,2nd Round,5,Verdasco F.,Benneteau J.,54.0,33.0,825.0,1200.0,7.0,6.0,7.0,6.0,6.0,4.0,,,,,3.0,0.0,Completed,1.72,2.0,1.74,2.05,1.8,2.0,1.77,2.18,1.73,2.1,1.83,2.3,1.75,2.05
ATP,2013,37,London,Wimbledon,2013-06-26,Grand Slam,Outdoor,Grass,2nd Round,5,Paire B.,Robert S.,27.0,165.0,1380.0,316.0,6.0,4.0,7.0,5.0,6.0,4.0,,,,,3.0,0.0,Completed,1.2,4.33,1.25,3.85,1.25,4.0,1.26,4.37,1.25,3.75,1.27,4.95,1.24,4.04
ATP,2013,37,London,Wimbledon,2013-06-26,Grand Slam,Outdoor,Grass,2nd Round,5,Gulbis E.,Tsonga J.W.,39.0,7.0,1026.0,4155.0,3.0,6.0,6.0,3.0,6.0,3.0,,,,,2.0,1.0,Retired,4.33,1.2,4,1.23,4.33,1.22,4.46,1.25,4.0,1.22,4.95,1.25,4.24,1.22
ATP,2013,37,London,Wimbledon,2013-06-26,Grand Slam,Outdoor,Grass,2nd Round,5,Melzer J.,Reister J.,37.0,121.0,1085.0,461.0,3.0,6.0,7.0,6.0,7.0,6.0,6.0,2.0,,,3.0,1.0,Completed,1.5,2.5,1.55,2.4,1.57,2.25,1.56,2.59,1.57,2.38,1.58,2.68,1.55,2.44
ATP,2013,37,London,Wimbledon,2013-06-26,Grand Slam,Outdoor,Grass,2nd Round,5,Robredo T.,Mahut N.,29.0,124.0,1355.0,460.0,7.0,6.0,6.0,1.0,7.0,6.0,,,,,3.0,0.0,Completed,3.0,1.36,3.15,1.35,3.0,1.4,3.0,1.45,2.75,1.44,3.35,1.45,2.92,1.4
ATP,2013,37,London,Wimbledon,2013-06-26,Grand Slam,Outdoor,Grass,2nd Round,5,Murray A.,Lu Y.H.,2.0,75.0,8560.0,683.0,6.0,3.0,6.0,3.0,7.0,5.0,,,,,3.0,0.0,Completed,1.01,26.0,1.01,20.0,1.01,26.0,1.01,34.0,1.01,14.0,1.02,66.0,1.01,21.16
ATP,2013,37,London,Wimbledon,2013-06-26,Grand Slam,Outdoor,Grass,2nd Round,5,Monaco J.,Ram R.,20.0,86.0,1740.0,586.0,5.0,7.0,6.0,2.0,6.0,4.0,6.0,2.0,,,3.0,1.0,Completed,1.22,4.0,1.28,3.6,1.29,3.75,1.27,4.18,1.29,3.5,1.3,4.8,1.26,3.8
ATP,2013,37,London,Wimbledon,2013-06-26,Grand Slam,Outdoor,Grass,2nd Round,5,Stakhovsky S.,Federer R.,116.0,3.0,488.0,7740.0,6.0,7.0,7.0,6.0,7.0,5.0,7.0,6.0,,,3.0,1.0,Completed,29.0,1.002,20,1.01,26.0,1.01,46.0,1.01,17.0,1.01,61.0,1.01,22.96,1.01
ATP,2013,37,London,Wimbledon,2013-06-26,Grand Slam,Outdoor,Grass,2nd Round,5,De Schepper K.,Cilic M.,80.0,12.0,627.0,2470.0,,,,,,,,,,,,,Walkover,10.0,1.06,8,1.07,8.0,1.08,9.16,1.09,8.5,1.06,10.0,1.1,8.26,1.08
ATP,2013,37,London,Wimbledon,2013-06-27,Grand Slam,Outdoor,Grass,2nd Round,5,Seppi A.,Llodra M.,28.0,53.0,1380.0,844.0,7.0,5.0,,,,,,,,,1.0,0.0,Retired,2.25,1.57,2.4,1.55,2.25,1.62,2.48,1.61,2.38,1.57,2.55,1.62,2.38,1.57
ATP,2013,37,London,Wimbledon,2013-06-27,Grand Slam,Outdoor,Grass,2nd Round,5,Anderson K.,Przysiezny M.,23.0,127.0,1510.0,445.0,6.0,4.0,7.0,6.0,6.0,4.0,,,,,3.0,0.0,Completed,1.11,6.5,1.1,6.5,1.1,7.0,1.14,6.62,1.08,7.5,1.15,8.0,1.11,6.51
ATP,2013,37,London,Wimbledon,2013-06-27,Grand Slam,Outdoor,Grass,2nd Round,5,Tomic B.,Blake J.,59.0,87.0,780.0,583.0,6.0,3.0,6.0,4.0,7.0,5.0,,,,,3.0,0.0,Completed,1.53,2.37,1.55,2.4,1.5,2.5,1.45,3.0,1.5,2.63,1.59,3.0,1.49,2.58
ATP,2013,37,London,Wimbledon,2013-06-27,Grand Slam,Outdoor,Grass,2nd Round,5,Berdych T.,Brands D.,6.0,57.0,4515.0,803.0,7.0,6.0,6.0,4.0,6.0,2.0,,,,,3.0,0.0,Completed,1.06,10.0,1.07,8.0,1.06,9.0,1.07,10.75,1.04,11.0,1.09,11.0,1.06,9.42
ATP,2013,37,London,Wimbledon,2013-06-27,Grand Slam,Outdoor,Grass,2nd Round,5,Del Potro J.M.,Levine J.,8.0,112.0,3960.0,503.0,6.0,2.0,7.0,6.0,6.0,3.0,,,,,3.0,0.0,Completed,1.03,15.0,1.04,8.75,1.04,11.0,1.06,12.25,1.04,11.0,1.06,18.0,1.03,12.56
ATP,2013,37,London,Wimbledon,2013-06-27,Grand Slam,Outdoor,Grass,2nd Round,5,Nishikori K.,Mayer L.,11.0,84.0,2495.0,611.0,7.0,6.0,6.0,4.0,6.0,2.0,,,,,3.0,0.0,Completed,1.1,7.0,1.07,8.0,1.1,7.0,1.09,9.16,1.1,7.0,1.12,9.16,1.09,7.25
ATP,2013,37,London,Wimbledon,2013-06-27,Grand Slam,Outdoor,Grass,2nd Round,5,Gasquet R.,Soeda G.,9.0,129.0,3135.0,442.0,6.0,0.0,6.0,3.0,6.0,7.0,6.0,3.0,,,3.0,1.0,Completed,1.03,15.0,1.03,12.0,1.05,10.0,1.03,17.5,1.04,11.0,1.06,17.5,1.03,12.47
ATP,2013,37,London,Wimbledon,2013-06-27,Grand Slam,Outdoor,Grass,2nd Round,5,Sijsling I.,Raonic M.,64.0,15.0,747.0,2225.0,7.0,5.0,6.0,4.0,7.0,6.0,,,,,3.0,0.0,Completed,3.0,1.36,2.9,1.4,3.0,1.4,3.48,1.36,2.88,1.4,3.48,1.5,3.0,1.38
ATP,2013,37,London,Wimbledon,2013-06-27,Grand Slam,Outdoor,Grass,2nd Round,5,Dodig I.,Kudla D.,49.0,105.0,888.0,538.0,6.0,1.0,7.0,6.0,7.0,5.0,,,,,3.0,0.0,Completed,1.36,3.0,1.45,2.7,1.4,2.75,1.42,3.14,1.44,2.75,1.45,3.5,1.4,2.92
ATP,2013,37,London,Wimbledon,2013-06-27,Grand Slam,Outdoor,Grass,2nd Round,5,Lopez F.,Mathieu P.H.,32.0,82.0,1245.0,616.0,6.0,3.0,5.0,1.0,,,,,,,1.0,0.0,Retired,1.18,4.5,1.2,4.4,1.22,4.0,1.24,4.65,1.17,5.0,1.27,5.0,1.21,4.41
ATP,2013,37,London,Wimbledon,2013-06-27,Grand Slam,Outdoor,Grass,2nd Round,5,Djokovic N.,Reynolds B.,1.0,156.0,11830.0,346.0,7.0,6.0,6.0,3.0,6.0,1.0,,,,,3.0,0.0,Completed,1.002,29.0,1.01,11.5,1.01,21.0,1.01,34.0,1.01,17.0,1.02,46.0,1.01,21.52
ATP,2013,37,London,Wimbledon,2013-06-28,Grand Slam,Outdoor,Grass,2nd Round,5,Zemlja G.,Dimitrov G.,55.0,31.0,816.0,1330.0,3.0,6.0,7.0,6.0,3.0,6.0,6.0,4.0,11.0,9.0,3.0,2.0,Completed,5.5,1.14,5,1.16,5.0,1.17,5.0,1.21,5.0,1.17,5.7,1.21,5.04,1.17
ATP,2013,37,London,Wimbledon,2013-06-28,Grand Slam,Outdoor,Grass,2nd Round,5,Chardy J.,Struff J.L.,25.0,115.0,1441.0,489.0,6.0,2.0,5.0,7.0,7.0,6.0,7.0,6.0,,,3.0,1.0,Completed,1.25,3.75,1.25,3.85,1.29,3.75,1.29,4.01,1.29,3.5,1.31,4.01,1.27,3.7
ATP,2013,37,London,Wimbledon,2013-06-28,Grand Slam,Outdoor,Grass,2nd Round,5,Ferrer D.,Bautista R.,4.0,60.0,7220.0,778.0,6.0,3.0,3.0,6.0,7.0,6.0,7.0,5.0,,,3.0,1.0,Completed,1.1,7.0,1.1,6.0,1.1,7.0,1.13,7.33,1.1,7.0,1.15,7.5,1.11,6.47
ATP,2013,37,London,Wimbledon,2013-06-28,Grand Slam,Outdoor,Grass,2nd Round,5,Dolgopolov O.,Giraldo S.,24.0,91.0,1500.0,570.0,6.0,4.0,7.0,5.0,6.0,3.0,,,,,3.0,0.0,Completed,1.33,3.25,1.35,3.15,1.4,3.0,1.45,2.97,1.4,2.88,1.45,3.4,1.37,3.08
ATP,2013,37,London,Wimbledon,2013-06-28,Grand Slam,Outdoor,Grass,2nd Round,5,Haas T.,Wang J.,13.0,151.0,2425.0,358.0,6.0,3.0,6.0,2.0,7.0,5.0,,,,,3.0,0.0,Completed,1.04,13.0,1.03,12.0,1.05,10.0,1.05,13.0,1.04,11.0,1.07,13.0,1.04,11.02
ATP,2013,37,London,Wimbledon,2013-06-28,Grand Slam,Outdoor,Grass,3rd Round,5,Melzer J.,Stakhovsky S.,37.0,116.0,1085.0,488.0,6.0,2.0,2.0,6.0,7.0,5.0,6.0,3.0,,,3.0,1.0,Completed,2.1,1.72,1.98,1.8,2.0,1.73,2.04,1.88,1.9,1.9,2.25,1.91,2.0,1.78
ATP,2013,37,London,Wimbledon,2013-06-28,Grand Slam,Outdoor,Grass,3rd Round,5,Janowicz J.,Almagro N.,22.0,16.0,1549.0,2195.0,7.0,6.0,6.0,3.0,6.0,4.0,,,,,3.0,0.0,Completed,1.72,2.1,1.7,2.12,1.73,2.1,1.79,2.16,1.73,2.1,1.83,2.34,1.74,2.07
ATP,2013,37,London,Wimbledon,2013-06-28,Grand Slam,Outdoor,Grass,3rd Round,5,Mannarino A.,Brown D.,111.0,189.0,511.0,261.0,6.0,4.0,6.0,2.0,7.0,5.0,,,,,3.0,0.0,Completed,2.25,1.61,2.2,1.65,2.25,1.62,2.23,1.76,2.2,1.67,2.46,1.76,2.18,1.67
ATP,2013,37,London,Wimbledon,2013-06-28,Grand Slam,Outdoor,Grass,3rd Round,5,Murray A.,Robredo T.,2.0,29.0,8560.0,1355.0,6.0,2.0,6.0,4.0,7.0,5.0,,,,,3.0,0.0,Completed,1.03,15.0,1.04,10.0,1.03,12.0,1.05,15.5,1.03,13.0,1.05,17.5,1.03,12.61
ATP,2013,37,London,Wimbledon,2013-06-29,Grand Slam,Outdoor,Grass,3rd Round,5,Kubot L.,Paire B.,130.0,27.0,440.0,1380.0,6.0,1.0,6.0,3.0,6.0,4.0,,,,,3.0,0.0,Completed,3.4,1.33,3.15,1.35,3.4,1.3,3.46,1.37,3.5,1.3,4.05,1.37,3.37,1.32
ATP,2013,37,London,Wimbledon,2013-06-29,Grand Slam,Outdoor,Grass,3rd Round,5,De Schepper K.,Monaco J.,80.0,20.0,627.0,1740.0,6.0,4.0,7.0,6.0,6.0,4.0,,,,,3.0,0.0,Completed,2.75,1.44,2.7,1.45,2.75,1.44,3.1,1.43,2.88,1.44,3.35,1.48,2.85,1.42
ATP,2013,37,London,Wimbledon,2013-06-29,Grand Slam,Outdoor,Grass,3rd Round,5,Seppi A.,Nishikori K.,28.0,11.0,1380.0,2495.0,3.0,6.0,6.0,2.0,6.0,7.0,6.0,1.0,6.0,4.0,3.0,2.0,Completed,3.25,1.36,3.15,1.35,3.25,1.36,3.45,1.38,3.25,1.36,3.45,1.4,3.19,1.35
ATP,2013,37,London,Wimbledon,2013-06-29,Grand Slam,Outdoor,Grass,3rd Round,5,Youzhny M.,Troicki V.,26.0,44.0,1415.0,935.0,6.0,3.0,6.0,4.0,7.0,5.0,,,,,3.0,0.0,Completed,1.61,2.25,1.6,2.3,1.62,2.25,1.65,2.41,1.62,2.25,1.74,2.41,1.63,2.26
ATP,2013,37,London,Wimbledon,2013-06-29,Grand Slam,Outdoor,Grass,3rd Round,5,Verdasco F.,Gulbis E.,54.0,39.0,825.0,1026.0,6.0,2.0,6.0,4.0,6.0,4.0,,,,,3.0,0.0,Completed,2.25,1.61,2.2,1.65,2.25,1.62,2.43,1.64,2.1,1.73,2.48,1.73,2.26,1.63
ATP,2013,37,London,Wimbledon,2013-06-29,Grand Slam,Outdoor,Grass,3rd Round,5,Tomic B.,Gasquet R.,59.0,9.0,780.0,3135.0,7.0,6.0,5.0,7.0,7.0,5.0,7.0,6.0,,,3.0,1.0,Completed,2.87,1.4,2.75,1.4,3.0,1.4,3.22,1.41,2.88,1.44,3.35,1.45,2.97,1.39
ATP,2013,37,London,Wimbledon,2013-06-29,Grand Slam,Outdoor,Grass,3rd Round,5,Berdych T.,Anderson K.,6.0,23.0,4515.0,1510.0,3.0,6.0,6.0,3.0,6.0,4.0,7.0,5.0,,,3.0,1.0,Completed,1.16,5.0,1.2,4.4,1.2,4.5,1.21,5.25,1.18,5.0,1.22,5.6,1.19,4.73
ATP,2013,37,London,Wimbledon,2013-06-29,Grand Slam,Outdoor,Grass,3rd Round,5,Dodig I.,Sijsling I.,49.0,64.0,888.0,747.0,6.0,0.0,6.0,1.0,1.0,0.0,,,,,2.0,0.0,Retired,1.8,2.0,1.85,1.92,1.91,1.91,1.91,2.02,1.9,1.9,1.97,2.05,1.83,1.94
ATP,2013,37,London,Wimbledon,2013-06-29,Grand Slam,Outdoor,Grass,3rd Round,5,Del Potro J.M.,Zemlja G.,8.0,55.0,3960.0,816.0,7.0,5.0,7.0,6.0,6.0,0.0,,,,,3.0,0.0,Completed,1.07,9.0,1.07,8.0,1.07,8.5,1.09,9.6,1.08,8.0,1.13,9.6,1.08,7.86
ATP,2013,37,London,Wimbledon,2013-06-29,Grand Slam,Outdoor,Grass,3rd Round,5,Haas T.,Lopez F.,13.0,32.0,2425.0,1245.0,4.0,6.0,6.0,2.0,7.0,5.0,6.0,4.0,,,3.0,1.0,Completed,1.5,2.62,1.45,2.7,1.5,2.62,1.5,2.82,1.44,2.88,1.53,2.88,1.48,2.65
ATP,2013,37,London,Wimbledon,2013-06-29,Grand Slam,Outdoor,Grass,3rd Round,5,Ferrer D.,Dolgopolov O.,4.0,24.0,7220.0,1500.0,6.0,7.0,7.0,6.0,2.0,6.0,6.0,1.0,6.0,2.0,3.0,2.0,Completed,1.4,2.87,1.42,2.8,1.44,2.75,1.47,2.97,1.36,3.2,1.49,3.4,1.42,2.86
ATP,2013,37,London,Wimbledon,2013-06-29,Grand Slam,Outdoor,Grass,3rd Round,3,Djokovic N.,Chardy J.,1.0,25.0,11830.0,1441.0,6.0,3.0,6.0,2.0,6.0,2.0,,,,,3.0,0.0,Completed,1.02,19.0,1.03,9.5,1.02,15.0,1.03,19.0,1.03,13.0,1.05,24.5,1.02,15.1
ATP,2013,37,London,Wimbledon,2013-07-01,Grand Slam,Outdoor,Grass,4th Round,5,Janowicz J.,Melzer J.,22.0,37.0,1549.0,1085.0,3.0,6.0,7.0,6.0,6.0,4.0,4.0,6.0,6.0,4.0,3.0,2.0,Completed,1.25,4.0,1.23,4.0,1.25,4.0,1.28,4.15,1.25,4.0,1.32,4.65,1.25,3.97
ATP,2013,37,London,Wimbledon,2013-07-01,Grand Slam,Outdoor,Grass,4th Round,5,Kubot L.,Mannarino A.,130.0,111.0,440.0,511.0,4.0,6.0,6.0,3.0,3.0,6.0,6.0,3.0,6.0,4.0,3.0,2.0,Completed,1.61,2.3,1.6,2.3,1.67,2.2,1.72,2.27,1.62,2.38,1.73,2.46,1.63,2.26
ATP,2013,37,London,Wimbledon,2013-07-01,Grand Slam,Outdoor,Grass,4th Round,5,Ferrer D.,Dodig I.,4.0,49.0,7220.0,888.0,6.0,7.0,7.0,6.0,6.0,1.0,6.0,1.0,,,3.0,1.0,Completed,1.33,3.4,1.35,3.15,1.33,3.4,1.37,3.43,1.33,3.5,1.4,3.95,1.33,3.31
ATP,2013,37,London,Wimbledon,2013-07-01,Grand Slam,Outdoor,Grass,4th Round,5,Verdasco F.,De Schepper K.,54.0,80.0,825.0,627.0,6.0,4.0,6.0,4.0,6.0,4.0,,,,,3.0,0.0,Completed,1.18,4.5,1.16,5.0,1.2,4.5,1.25,4.5,1.2,4.8,1.25,5.1,1.2,4.46
ATP,2013,37,London,Wimbledon,2013-07-01,Grand Slam,Outdoor,Grass,4th Round,5,Del Potro J.M.,Seppi A.,8.0,28.0,3960.0,1380.0,6.0,4.0,7.0,6.0,6.0,3.0,,,,,3.0,0.0,Completed,1.28,3.75,1.27,3.65,1.29,3.5,1.28,4.14,1.29,3.75,1.32,4.4,1.27,3.75
ATP,2013,37,London,Wimbledon,2013-07-01,Grand Slam,Outdoor,Grass,4th Round,5,Murray A.,Youzhny M.,2.0,26.0,8560.0,1415.0,6.0,4.0,7.0,6.0,6.0,1.0,,,,,3.0,0.0,Completed,1.05,11.0,1.06,7.5,1.04,11.0,1.08,11.0,1.05,11.0,1.09,12.55,1.06,9.67
ATP,2013,37,London,Wimbledon,2013-07-01,Grand Slam,Outdoor,Grass,4th Round,5,Berdych T.,Tomic B.,6.0,59.0,4515.0,780.0,7.0,6.0,6.0,7.0,6.0,4.0,6.0,4.0,,,3.0,1.0,Completed,1.4,3.0,1.4,2.9,1.44,2.75,1.4,3.25,1.44,2.88,1.45,3.5,1.39,2.99
ATP,2013,37,London,Wimbledon,2013-07-01,Grand Slam,Outdoor,Grass,4th Round,5,Djokovic N.,Haas T.,1.0,13.0,11830.0,2425.0,6.0,1.0,6.0,4.0,7.0,6.0,,,,,3.0,0.0,Completed,1.1,7.0,1.1,6.5,1.1,7.0,1.14,7.05,1.1,7.5,1.15,7.5,1.11,6.49
ATP,2013,37,London,Wimbledon,2013-07-03,Grand Slam,Outdoor,Grass,Quarterfinals,5,Djokovic N.,Berdych T.,1.0,6.0,11830.0,4515.0,7.0,6.0,6.0,4.0,6.0,3.0,,,,,3.0,0.0,Completed,1.1,7.0,1.12,6.0,1.12,6.0,1.13,7.94,,,1.15,7.94,1.12,6.41
ATP,2013,37,London,Wimbledon,2013-07-03,Grand Slam,Outdoor,Grass,Quarterfinals,5,Del Potro J.M.,Ferrer D.,8.0,4.0,3960.0,7220.0,6.0,2.0,6.0,4.0,7.0,6.0,,,,,3.0,0.0,Completed,2.1,1.72,2.12,1.7,2.25,1.62,2.15,1.8,2.25,1.67,2.36,1.8,2.13,1.71
ATP,2013,37,London,Wimbledon,2013-07-03,Grand Slam,Outdoor,Grass,Quarterfinals,5,Murray A.,Verdasco F.,2.0,54.0,8560.0,825.0,4.0,6.0,3.0,6.0,6.0,1.0,6.0,4.0,7.0,5.0,3.0,2.0,Completed,1.07,9.0,1.08,7.5,1.08,8.0,1.09,9.6,1.08,8.0,1.1,10.5,1.08,8.39
ATP,2013,37,London,Wimbledon,2013-07-03,Grand Slam,Outdoor,Grass,Quarterfinals,5,Janowicz J.,Kubot L.,22.0,130.0,1549.0,440.0,7.0,5.0,6.0,4.0,6.0,4.0,,,,,3.0,0.0,Completed,1.18,4.5,1.2,4.4,1.22,4.33,1.24,4.64,1.2,4.8,1.26,5.0,1.22,4.33
ATP,2013,37,London,Wimbledon,2013-07-05,Grand Slam,Outdoor,Grass,Semifinals,5,Djokovic N.,Del Potro J.M.,1.0,8.0,11830.0,3960.0,7.0,5.0,4.0,6.0,7.0,6.0,6.0,7.0,6.0,3.0,3.0,2.0,Completed,1.16,5.0,1.12,6.0,1.14,5.5,1.16,6.6,1.14,6.0,1.2,6.6,1.14,5.62
ATP,2013,37,London,Wimbledon,2013-07-05,Grand Slam,Outdoor,Grass,Semifinals,5,Murray A.,Janowicz J.,2.0,22.0,8560.0,1549.0,6.0,7.0,6.0,4.0,6.0,4.0,6.0,3.0,,,3.0,1.0,Completed,1.16,5.0,1.18,4.75,1.25,4.0,1.22,5.21,1.22,4.5,1.26,5.7,1.2,4.67
ATP,2013,37,London,Wimbledon,2013-07-07,Grand Slam,Outdoor,Grass,The Final,5,Murray A.,Djokovic N.,2.0,1.0,8560.0,11830.0,6.0,4.0,7.0,5.0,6.0,4.0,,,,,3.0,0.0,Completed,2.5,1.57,2.3,1.6,2.38,1.57,2.49,1.63,2.38,1.62,2.64,1.67,2.4,1.58
ATP,2013,51,New York,US Open,2013-08-26,Grand Slam,Outdoor,Hard,1st Round,5,Evans D.,Nishikori K.,179.0,12.0,269.0,2405.0,6.0,4.0,6.0,4.0,6.0,2.0,,,,,3.0,0.0,Completed,8.0,1.08,6,1.1,6.0,1.11,9.16,1.09,6.5,1.1,9.4,1.13,7.09,1.09
ATP,2013,51,New York,US Open,2013-08-26,Grand Slam,Outdoor,Hard,1st Round,5,Tursunov D.,Bedene A.,34.0,106.0,1190.0,513.0,7.0,5.0,4.0,6.0,6.0,3.0,6.0,0.0,,,3.0,1.0,Completed,1.18,4.5,1.14,4.75,1.17,4.5,1.31,3.85,1.2,4.5,1.31,5.5,1.2,4.4
ATP,2013,51,New York,US Open,2013-08-26,Grand Slam,Outdoor,Hard,1st Round,5,Tomic B.,Ramos A.,52.0,75.0,870.0,695.0,6.0,3.0,3.0,6.0,4.0,6.0,7.0,6.0,6.0,3.0,3.0,2.0,Completed,1.25,3.75,1.28,3.3,1.3,3.4,1.31,3.85,1.33,3.25,1.36,4.05,1.29,3.52
ATP,2013,51,New York,US Open,2013-08-26,Grand Slam,Outdoor,Hard,1st Round,5,Rufin G.,Struff J.L.,91.0,96.0,589.0,563.0,7.0,6.0,6.0,3.0,2.0,6.0,2.0,6.0,6.0,1.0,3.0,2.0,Completed,1.28,3.5,1.33,3.0,1.4,2.75,1.35,3.49,1.4,2.88,1.45,3.5,1.34,3.17
ATP,2013,51,New York,US Open,2013-08-26,Grand Slam,Outdoor,Hard,1st Round,5,Lopez F.,Serra F.,26.0,206.0,1435.0,223.0,6.0,7.0,6.0,2.0,6.0,3.0,6.0,3.0,,,3.0,1.0,Completed,1.12,6.0,1.12,5.25,1.13,5.0,1.2,5.16,1.1,7.0,1.2,7.5,1.13,5.52
ATP,2013,51,New York,US Open,2013-08-26,Grand Slam,Outdoor,Hard,1st Round,5,Klahn B.,De Schepper K.,124.0,69.0,460.0,716.0,6.0,7.0,6.0,2.0,7.0,6.0,7.0,6.0,,,3.0,1.0,Completed,1.4,2.75,1.45,2.54,1.44,2.62,1.38,3.39,1.53,2.5,1.54,3.39,1.41,2.84
ATP,2013,51,New York,US Open,2013-08-26,Grand Slam,Outdoor,Hard,1st Round,5,Gasquet R.,Russell M.,9.0,92.0,2625.0,589.0,6.0,3.0,6.0,4.0,6.0,2.0,,,,,3.0,0.0,Completed,1.06,10.0,1.07,7.0,1.07,8.5,1.09,8.91,1.08,7.5,1.1,11.0,1.07,8.34
ATP,2013,51,New York,US Open,2013-08-26,Grand Slam,Outdoor,Hard,1st Round,5,Davydenko N.,Williams R.,42.0,115.0,1030.0,488.0,6.0,3.0,4.0,6.0,1.0,6.0,7.0,5.0,6.0,0.0,3.0,2.0,Completed,1.13,5.5,1.18,4.25,1.2,4.33,1.19,5.39,1.17,5.0,1.23,5.7,1.17,4.87
ATP,2013,51,New York,US Open,2013-08-26,Grand Slam,Outdoor,Hard,1st Round,5,Robert S.,Olivetti A.,150.0,302.0,366.0,138.0,6.0,3.0,6.0,3.0,6.0,4.0,,,,,3.0,0.0,Completed,1.5,2.5,1.52,2.35,1.53,2.38,1.52,2.73,1.57,2.38,1.6,2.73,1.54,2.44
ATP,2013,51,New York,US Open,2013-08-26,Grand Slam,Outdoor,Hard,1st Round,5,Kukushkin M.,Martin A.,172.0,137.0,279.0,414.0,6.0,4.0,7.0,6.0,7.0,5.0,,,,,3.0,0.0,Completed,1.18,4.5,1.22,3.8,1.25,3.75,1.23,4.76,1.25,3.75,1.27,5.3,1.22,4.14
ATP,2013,51,New York,US Open,2013-08-26,Grand Slam,Outdoor,Hard,1st Round,5,Haider-Maurer A.,Gulbis E.,88.0,33.0,600.0,1191.0,3.0,6.0,6.0,3.0,1.0,6.0,7.0,6.0,6.0,4.0,3.0,2.0,Completed,13.0,1.04,8,1.05,9.0,1.04,15.0,1.04,9.0,1.06,15.0,1.08,10.58,1.05
ATP,2013,51,New York,US Open,2013-08-26,Grand Slam,Outdoor,Hard,1st Round,5,Tipsarevic J.,Cuevas P.,21.0,492.0,1685.0,66.0,6.0,3.0,6.0,7.0,6.0,3.0,,,,,2.0,1.0,Retired,1.05,11.0,1.05,8.0,1.04,9.0,1.08,10.15,1.06,9.0,1.08,14.0,1.05,10.26
ATP,2013,51,New York,US Open,2013-08-26,Grand Slam,Outdoor,Hard,1st Round,5,Nadal R.,Harrison R.,2.0,97.0,8860.0,561.0,6.0,4.0,6.0,2.0,6.0,2.0,,,,,3.0,0.0,Completed,1.01,21.0,1.02,10.0,1.02,17.0,1.01,27.22,1.01,15.0,1.03,41.0,1.02,16.96
ATP,2013,51,New York,US Open,2013-08-26,Grand Slam,Outdoor,Hard,1st Round,5,Dodig I.,Verdasco F.,38.0,30.0,1125.0,1325.0,6.0,3.0,7.0,5.0,1.0,6.0,4.0,6.0,6.0,3.0,3.0,2.0,Completed,2.37,1.53,2.4,1.5,2.5,1.5,2.25,1.73,2.38,1.57,2.5,1.73,2.28,1.61
ATP,2013,51,New York,US Open,2013-08-26,Grand Slam,Outdoor,Hard,1st Round,5,Dancevic F.,Haase R.,152.0,59.0,354.0,797.0,7.0,6.0,3.0,6.0,7.0,5.0,7.0,6.0,,,3.0,1.0,Completed,2.75,1.4,2.4,1.5,2.62,1.44,2.5,1.6,2.75,1.44,2.75,1.6,2.5,1.51
ATP,2013,51,New York,US Open,2013-08-26,Grand Slam,Outdoor,Hard,1st Round,5,Sela D.,Kuznetsov An.,77.0,83.0,656.0,616.0,7.0,6.0,6.0,3.0,6.0,7.0,5.0,7.0,6.0,4.0,3.0,2.0,Completed,1.22,4.0,1.28,3.3,1.3,3.4,1.29,3.97,1.33,3.25,1.33,4.05,1.27,3.73
ATP,2013,51,New York,US Open,2013-08-26,Grand Slam,Outdoor,Hard,1st Round,5,Robredo T.,Matosevic M.,22.0,56.0,1620.0,834.0,6.0,3.0,6.0,7.0,6.0,3.0,6.0,2.0,,,3.0,1.0,Completed,1.57,2.25,1.6,2.2,1.53,2.38,1.67,2.35,1.57,2.38,1.7,2.4,1.61,2.26
ATP,2013,51,New York,US Open,2013-08-26,Grand Slam,Outdoor,Hard,1st Round,5,Bautista R.,Bellucci T.,64.0,118.0,755.0,485.0,6.0,3.0,6.0,2.0,6.0,2.0,,,,,3.0,0.0,Completed,1.4,2.75,1.38,2.8,1.4,2.75,1.5,2.79,1.44,2.75,1.5,2.88,1.44,2.73
ATP,2013,51,New York,US Open,2013-08-26,Grand Slam,Outdoor,Hard,1st Round,5,Ferrer D.,Kyrgios N.,4.0,212.0,7210.0,219.0,7.0,5.0,6.0,3.0,6.0,2.0,,,,,3.0,0.0,Completed,1.06,10.0,1.04,8.5,1.06,9.0,1.08,10.25,1.05,10.0,1.09,12.0,1.06,9.16
ATP,2013,51,New York,US Open,2013-08-27,Grand Slam,Outdoor,Hard,1st Round,5,Kohlschreiber P.,Altamirano C.,25.0,,1445.0,,6.0,1.0,6.0,3.0,6.0,1.0,,,,,3.0,0.0,Completed,1.002,34.0,1.01,11.0,1.0,21.0,1.01,27.22,1.01,17.0,1.03,41.0,1.01,19.51
ATP,2013,51,New York,US Open,2013-08-27,Grand Slam,Outdoor,Hard,1st Round,5,Andujar P.,De Bakker T.,55.0,99.0,835.0,556.0,6.0,4.0,6.0,4.0,6.0,4.0,,,,,3.0,0.0,Completed,2.5,1.5,2.25,1.58,2.25,1.57,2.66,1.54,2.25,1.62,2.66,1.7,2.36,1.57
ATP,2013,51,New York,US Open,2013-08-27,Grand Slam,Outdoor,Hard,1st Round,5,Raonic M.,Fabbiano T.,11.0,176.0,2555.0,273.0,6.0,3.0,7.0,6.0,6.0,3.0,,,,,3.0,0.0,Completed,1.04,13.0,1.03,9.0,1.04,11.0,1.06,12.25,1.03,12.0,1.06,16.0,1.04,11.02
ATP,2013,51,New York,US Open,2013-08-27,Grand Slam,Outdoor,Hard,1st Round,5,Benneteau J.,Przysiezny M.,35.0,108.0,1185.0,508.0,6.0,4.0,5.0,7.0,6.0,4.0,6.0,4.0,,,3.0,1.0,Completed,1.11,6.5,1.1,6.0,1.11,6.0,1.13,7.07,1.1,6.5,1.16,7.07,1.11,6.29
ATP,2013,51,New York,US Open,2013-08-27,Grand Slam,Outdoor,Hard,1st Round,5,Sousa J.,Dimitrov G.,95.0,29.0,583.0,1375.0,3.0,6.0,6.0,3.0,6.0,4.0,5.0,7.0,6.0,2.0,3.0,2.0,Completed,13.0,1.04,8,1.05,8.5,1.05,11.25,1.07,10.0,1.05,13.0,1.08,9.55,1.05
ATP,2013,51,New York,US Open,2013-08-27,Grand Slam,Outdoor,Hard,1st Round,5,Chardy J.,Stakhovsky S.,36.0,94.0,1130.0,585.0,6.0,4.0,4.0,6.0,6.0,2.0,4.0,6.0,6.0,4.0,3.0,2.0,Completed,1.66,2.1,1.72,2.0,1.67,2.1,1.77,2.18,1.62,2.25,1.77,2.25,1.7,2.12
ATP,2013,51,New York,US Open,2013-08-27,Grand Slam,Outdoor,Hard,1st Round,5,Nieminen J.,Kubot L.,41.0,71.0,1050.0,701.0,7.0,5.0,7.0,5.0,6.0,2.0,,,,,3.0,0.0,Completed,1.2,4.33,1.22,3.8,1.29,3.5,1.28,4.16,1.25,3.75,1.33,4.6,1.24,3.98
ATP,2013,51,New York,US Open,2013-08-27,Grand Slam,Outdoor,Hard,1st Round,5,Mannarino A.,Zeballos H.,63.0,50.0,756.0,874.0,4.0,6.0,6.0,4.0,6.0,2.0,6.0,1.0,,,3.0,1.0,Completed,1.25,3.75,1.25,3.5,1.3,3.4,1.29,4.05,1.33,3.25,1.38,4.05,1.28,3.6
ATP,2013,51,New York,US Open,2013-08-27,Grand Slam,Outdoor,Hard,1st Round,5,Roger-Vasselin E.,Montanes A.,67.0,44.0,726.0,950.0,6.0,3.0,6.0,2.0,6.0,4.0,,,,,3.0,0.0,Completed,1.4,2.75,1.4,2.75,1.44,2.62,1.42,3.14,1.4,2.88,1.5,3.14,1.42,2.8
ATP,2013,51,New York,US Open,2013-08-27,Grand Slam,Outdoor,Hard,1st Round,5,Gonzalez M.,Janowicz J.,247.0,14.0,187.0,2110.0,6.0,4.0,6.0,4.0,6.0,2.0,,,,,3.0,0.0,Completed,11.0,1.05,8.5,1.04,8.0,1.06,9.85,1.08,11.0,1.04,13.0,1.08,9.77,1.05
ATP,2013,51,New York,US Open,2013-08-27,Grand Slam,Outdoor,Hard,1st Round,5,Querrey S.,Pella G.,31.0,90.0,1310.0,589.0,7.0,6.0,4.0,6.0,6.0,1.0,6.0,2.0,,,3.0,1.0,Completed,1.1,7.0,1.1,6.0,1.11,6.5,1.12,7.38,1.1,7.0,1.16,7.9,1.11,6.44
ATP,2013,51,New York,US Open,2013-08-27,Grand Slam,Outdoor,Hard,1st Round,5,Isner J.,Volandri F.,17.0,101.0,2025.0,539.0,6.0,0.0,6.0,2.0,6.0,3.0,,,,,3.0,0.0,Completed,1.01,21.0,1.02,10.0,1.02,17.0,1.02,19.0,1.02,13.0,1.03,26.0,1.02,15.36
ATP,2013,51,New York,US Open,2013-08-27,Grand Slam,Outdoor,Hard,1st Round,5,Monfils G.,Ungur A.,39.0,105.0,1080.0,520.0,6.0,1.0,6.0,2.0,6.0,0.0,,,,,3.0,0.0,Completed,1.1,7.0,1.08,6.5,1.08,7.0,1.17,5.98,1.08,7.0,1.17,7.0,1.12,6.18
ATP,2013,51,New York,US Open,2013-08-27,Grand Slam,Outdoor,Hard,1st Round,5,Berlocq C.,Giraldo S.,48.0,85.0,905.0,611.0,6.0,3.0,3.0,6.0,6.0,7.0,6.0,4.0,6.0,2.0,3.0,2.0,Completed,2.0,1.72,2,1.72,1.91,1.8,1.96,1.94,2.0,1.8,2.09,1.94,1.98,1.8
ATP,2013,51,New York,US Open,2013-08-27,Grand Slam,Outdoor,Hard,1st Round,5,Lu Y.H.,Gimeno-Traver D.,60.0,61.0,790.0,775.0,6.0,4.0,7.0,6.0,6.0,3.0,,,,,3.0,0.0,Completed,1.36,3.0,1.4,2.75,1.44,2.62,1.37,3.39,1.4,2.88,1.45,3.39,1.39,2.94
ATP,2013,51,New York,US Open,2013-08-27,Grand Slam,Outdoor,Hard,1st Round,5,Dutra Silva R.,Pospisil V.,134.0,40.0,422.0,1051.0,4.0,6.0,3.0,6.0,7.0,6.0,6.0,2.0,7.0,6.0,3.0,2.0,Completed,6.5,1.11,5.25,1.12,6.0,1.11,5.98,1.17,2.75,1.4,2.8,1.61,2.62,1.46
ATP,2013,51,New York,US Open,2013-08-27,Grand Slam,Outdoor,Hard,1st Round,5,Istomin D.,Almagro N.,65.0,15.0,750.0,2110.0,6.0,3.0,6.0,1.0,4.0,6.0,6.0,3.0,,,3.0,1.0,Completed,2.75,1.4,2.55,1.45,2.75,1.4,2.69,1.53,2.88,1.4,2.88,1.57,2.68,1.46
ATP,2013,51,New York,US Open,2013-08-27,Grand Slam,Outdoor,Hard,1st Round,5,Federer R.,Zemlja G.,7.0,62.0,4695.0,771.0,6.0,3.0,6.0,2.0,7.0,5.0,,,,,3.0,0.0,Completed,1.02,19.0,1.02,10.0,1.02,17.0,1.02,21.5,1.02,13.0,1.04,22.0,1.02,15.18
ATP,2013,51,New York,US Open,2013-08-27,Grand Slam,Outdoor,Hard,1st Round,5,Sock J.,Petzschner P.,86.0,163.0,608.0,318.0,7.0,6.0,3.0,6.0,5.0,2.0,,,,,1.0,1.0,Retired,1.4,2.75,1.42,2.65,1.4,2.75,1.36,3.44,1.44,2.75,1.5,3.44,1.41,2.87
ATP,2013,51,New York,US Open,2013-08-27,Grand Slam,Outdoor,Hard,1st Round,5,Berdych T.,Lorenzi P.,5.0,80.0,5075.0,633.0,6.0,1.0,6.0,4.0,6.0,1.0,,,,,3.0,0.0,Completed,1.01,21.0,1.02,10.0,1.02,15.0,1.02,22.73,1.02,13.0,1.05,23.5,1.02,15.46
ATP,2013,51,New York,US Open,2013-08-27,Grand Slam,Outdoor,Hard,1st Round,5,Haas T.,Mathieu P.H.,13.0,107.0,2185.0,510.0,6.0,4.0,6.0,4.0,6.0,1.0,,,,,3.0,0.0,Completed,1.06,10.0,1.07,7.0,1.07,7.5,1.07,10.52,1.07,8.0,1.11,11.0,1.07,8.27
ATP,2013,51,New York,US Open,2013-08-27,Grand Slam,Outdoor,Hard,1st Round,5,Kudla D.,Vesely J.,104.0,82.0,523.0,619.0,6.0,2.0,6.0,2.0,6.0,7.0,7.0,5.0,,,3.0,1.0,Completed,2.0,1.72,1.95,1.75,2.0,1.73,1.93,1.97,2.1,1.73,2.11,2.05,1.98,1.79
ATP,2013,51,New York,US Open,2013-08-27,Grand Slam,Outdoor,Hard,1st Round,5,Young D.,Klizan M.,157.0,46.0,337.0,935.0,6.0,1.0,6.0,0.0,6.0,1.0,,,,,3.0,0.0,Completed,1.8,1.9,1.8,1.9,1.83,1.83,1.88,2.02,1.9,1.83,1.92,2.04,1.85,1.9
ATP,2013,51,New York,US Open,2013-08-27,Grand Slam,Outdoor,Hard,1st Round,5,Mayer F.,Monaco J.,47.0,32.0,905.0,1275.0,6.0,4.0,6.0,2.0,3.0,0.0,,,,,2.0,0.0,Retired,2.1,1.66,2.1,1.65,2.1,1.67,2.3,1.69,2.2,1.67,2.35,1.83,2.15,1.68
ATP,2013,51,New York,US Open,2013-08-27,Grand Slam,Outdoor,Hard,1st Round,5,Kamke T.,Johnson S.,89.0,116.0,592.0,486.0,6.0,7.0,6.0,4.0,7.0,6.0,6.0,2.0,,,3.0,1.0,Completed,2.37,1.53,2.3,1.55,2.2,1.62,2.37,1.66,2.38,1.57,2.42,1.7,2.28,1.61
ATP,2013,51,New York,US Open,2013-08-27,Grand Slam,Outdoor,Hard,1st Round,5,Becker B.,Rosol L.,87.0,45.0,603.0,941.0,6.0,3.0,3.0,6.0,6.0,3.0,6.0,4.0,,,3.0,1.0,Completed,1.5,2.5,1.55,2.3,1.5,2.5,1.67,2.35,1.53,2.5,1.67,2.59,1.56,2.39
ATP,2013,51,New York,US Open,2013-08-28,Grand Slam,Outdoor,Hard,1st Round,5,Djokovic N.,Berankis R.,1.0,112.0,10980.0,499.0,6.0,1.0,6.0,2.0,6.0,2.0,,,,,3.0,0.0,Completed,1.002,34.0,1.01,11.0,1.01,26.0,1.01,61.0,1.01,19.0,1.02,61.5,1.01,24.51
ATP,2013,51,New York,US Open,2013-08-28,Grand Slam,Outdoor,Hard,1st Round,5,Baghdatis M.,Soeda G.,53.0,131.0,865.0,433.0,6.0,4.0,6.0,3.0,6.0,1.0,,,,,3.0,0.0,Completed,1.36,3.0,1.38,2.8,1.36,3.0,1.47,2.93,1.36,3.0,1.48,3.1,1.4,2.9
ATP,2013,51,New York,US Open,2013-08-28,Grand Slam,Outdoor,Hard,1st Round,5,Anderson K.,Brands D.,20.0,51.0,1740.0,873.0,7.0,5.0,4.0,6.0,6.0,2.0,6.0,3.0,,,3.0,1.0,Completed,1.22,4.0,1.25,3.5,1.25,4.0,1.26,4.38,1.22,4.0,1.32,4.65,1.24,3.98
ATP,2013,51,New York,US Open,2013-08-28,Grand Slam,Outdoor,Hard,1st Round,5,Dolgopolov O.,Goffin D.,37.0,72.0,1125.0,700.0,6.0,2.0,6.0,4.0,6.0,4.0,,,,,3.0,0.0,Completed,1.53,2.37,1.52,2.35,1.5,2.5,1.56,2.6,1.57,2.38,1.6,2.7,1.54,2.44
ATP,2013,51,New York,US Open,2013-08-28,Grand Slam,Outdoor,Hard,1st Round,5,Youzhny M.,Mahut N.,24.0,78.0,1475.0,643.0,6.0,4.0,6.0,4.0,7.0,6.0,,,,,3.0,0.0,Completed,1.14,5.5,1.15,4.75,1.17,4.5,1.21,5.08,1.14,5.5,1.21,5.9,1.16,5.09
ATP,2013,51,New York,US Open,2013-08-28,Grand Slam,Outdoor,Hard,1st Round,5,Devvarman S.,Lacko L.,114.0,84.0,491.0,615.0,4.0,6.0,6.0,1.0,6.0,2.0,4.0,6.0,6.0,4.0,3.0,2.0,Completed,1.44,2.62,1.4,2.75,1.44,2.62,1.43,3.05,1.5,2.63,1.53,3.15,1.44,2.74
ATP,2013,51,New York,US Open,2013-08-28,Grand Slam,Outdoor,Hard,1st Round,5,Seppi A.,Malisse X.,23.0,113.0,1550.0,495.0,6.0,3.0,3.0,6.0,7.0,5.0,7.0,5.0,,,3.0,1.0,Completed,1.36,3.0,1.4,2.75,1.44,2.62,1.46,2.94,1.4,2.88,1.5,3.15,1.41,2.85
ATP,2013,51,New York,US Open,2013-08-28,Grand Slam,Outdoor,Hard,1st Round,5,Smyczek T.,Duckworth J.,109.0,149.0,507.0,366.0,3.0,6.0,6.0,2.0,6.0,4.0,6.0,1.0,,,3.0,1.0,Completed,1.38,2.87,1.4,2.75,1.44,2.62,1.43,3.05,1.44,2.75,1.57,3.1,1.42,2.77
ATP,2013,51,New York,US Open,2013-08-28,Grand Slam,Outdoor,Hard,1st Round,5,Del Potro J.M.,Garcia-Lopez G.,6.0,74.0,4740.0,696.0,6.0,3.0,6.0,7.0,6.0,4.0,7.0,6.0,,,3.0,1.0,Completed,1.04,13.0,1.05,8.0,1.05,10.0,,,1.05,10.0,1.07,17.5,1.04,10.96
ATP,2013,51,New York,US Open,2013-08-28,Grand Slam,Outdoor,Hard,1st Round,5,Mayer L.,Hanescu V.,81.0,54.0,625.0,861.0,7.0,6.0,6.0,4.0,3.0,6.0,7.0,6.0,,,3.0,1.0,Completed,1.53,2.25,1.65,2.1,1.67,2.1,1.65,2.38,1.73,2.1,1.74,2.48,1.64,2.22
ATP,2013,51,New York,US Open,2013-08-28,Grand Slam,Outdoor,Hard,1st Round,5,Hewitt L.,Baker B.,66.0,185.0,730.0,263.0,6.0,3.0,4.0,6.0,6.0,3.0,6.0,4.0,,,3.0,1.0,Completed,1.33,3.25,1.35,2.9,1.36,3.25,1.36,3.44,1.36,3.0,1.4,3.5,1.35,3.12
ATP,2013,51,New York,US Open,2013-08-29,Grand Slam,Outdoor,Hard,1st Round,5,Gojowczyk P.,Sijsling I.,146.0,68.0,371.0,723.0,7.0,6.0,2.0,6.0,6.0,4.0,6.0,1.0,,,3.0,1.0,Completed,2.37,1.53,2.35,1.52,2.38,1.53,2.53,1.59,2.5,1.53,2.64,1.65,2.41,1.55
ATP,2013,51,New York,US Open,2013-08-29,Grand Slam,Outdoor,Hard,1st Round,5,Granollers M.,Zopp J.,43.0,256.0,975.0,178.0,6.0,1.0,3.0,6.0,1.0,6.0,6.0,3.0,6.0,4.0,3.0,2.0,Completed,1.12,6.0,1.1,6.0,1.12,5.5,1.15,6.52,1.13,6.0,1.18,6.7,1.13,5.86
ATP,2013,51,New York,US Open,2013-08-29,Grand Slam,Outdoor,Hard,1st Round,5,Donskoy E.,Melzer J.,102.0,27.0,532.0,1425.0,7.0,5.0,6.0,3.0,7.0,6.0,,,,,3.0,0.0,Completed,3.4,1.3,3.2,1.3,3.4,1.3,3.21,1.4,3.25,1.33,3.75,1.43,3.23,1.34
ATP,2013,51,New York,US Open,2013-08-29,Grand Slam,Outdoor,Hard,1st Round,5,Bogomolov A.,Paire B.,73.0,28.0,696.0,1415.0,7.0,5.0,2.0,6.0,6.0,4.0,5.0,7.0,7.0,6.0,3.0,2.0,Completed,2.62,1.4,2.55,1.45,2.62,1.44,2.73,1.52,2.63,1.5,2.8,1.6,2.6,1.48
ATP,2013,51,New York,US Open,2013-08-29,Grand Slam,Outdoor,Hard,1st Round,5,Wawrinka S.,Stepanek R.,10.0,58.0,2610.0,810.0,7.0,6.0,6.0,3.0,6.0,2.0,,,,,3.0,0.0,Completed,1.44,2.75,1.48,2.45,1.44,2.75,1.49,2.83,1.44,2.75,1.53,3.05,1.46,2.68
ATP,2013,51,New York,US Open,2013-08-29,Grand Slam,Outdoor,Hard,1st Round,5,Ram R.,Fognini F.,128.0,18.0,439.0,2025.0,6.0,1.0,6.0,2.0,6.0,2.0,,,,,3.0,0.0,Completed,5.5,1.14,4.75,1.15,5.0,1.14,5.97,1.17,5.0,1.17,5.97,1.22,5.05,1.17
ATP,2013,51,New York,US Open,2013-08-29,Grand Slam,Outdoor,Hard,1st Round,5,Karlovic I.,Blake J.,79.0,100.0,637.0,553.0,6.0,7.0,3.0,6.0,6.0,4.0,7.0,6.0,7.0,6.0,3.0,2.0,Completed,2.2,1.61,2.05,1.7,2.1,1.73,2.3,1.69,2.1,1.73,2.3,1.77,2.14,1.69
ATP,2013,51,New York,US Open,2013-08-29,Grand Slam,Outdoor,Hard,1st Round,5,Murray A.,Llodra M.,3.0,49.0,8700.0,889.0,6.0,2.0,6.0,4.0,6.0,3.0,,,,,3.0,0.0,Completed,1.01,23.0,1.02,10.0,1.02,15.0,1.02,22.73,1.01,15.0,1.05,26.0,1.02,14.98
ATP,2013,51,New York,US Open,2013-08-29,Grand Slam,Outdoor,Hard,2nd Round,5,Tipsarevic J.,Sela D.,21.0,77.0,1685.0,656.0,6.0,4.0,6.0,4.0,6.0,1.0,,,,,3.0,0.0,Completed,1.36,3.0,1.4,2.75,1.44,2.62,1.39,3.27,1.44,2.75,1.5,3.4,1.38,2.97
ATP,2013,51,New York,US Open,2013-08-29,Grand Slam,Outdoor,Hard,2nd Round,5,Tursunov D.,Rufin G.,34.0,91.0,1190.0,589.0,7.0,6.0,1.0,1.0,,,,,,,1.0,0.0,Retired,1.28,3.5,1.3,3.2,1.29,3.5,1.36,3.48,1.29,3.5,1.37,4.4,1.3,3.46
ATP,2013,51,New York,US Open,2013-08-29,Grand Slam,Outdoor,Hard,2nd Round,5,Gasquet R.,Robert S.,9.0,150.0,2625.0,366.0,6.0,3.0,7.0,5.0,7.0,5.0,,,,,3.0,0.0,Completed,1.04,13.0,1.04,8.5,1.04,11.0,1.05,13.0,1.05,10.0,1.08,14.0,1.05,10.38
ATP,2013,51,New York,US Open,2013-08-29,Grand Slam,Outdoor,Hard,2nd Round,5,Ferrer D.,Bautista R.,4.0,64.0,7210.0,755.0,6.0,3.0,6.0,7.0,6.0,1.0,6.0,2.0,,,3.0,1.0,Completed,1.14,5.5,1.12,5.25,1.14,5.5,1.17,5.83,1.13,6.0,1.2,6.3,1.15,5.41
ATP,2013,51,New York,US Open,2013-08-29,Grand Slam,Outdoor,Hard,2nd Round,5,Sock J.,Gonzalez M.,86.0,247.0,608.0,187.0,7.0,6.0,1.0,6.0,7.0,5.0,6.0,2.0,,,3.0,1.0,Completed,1.33,3.25,1.33,3.0,1.29,3.5,1.31,3.81,1.29,3.5,1.37,3.81,1.31,3.38
ATP,2013,51,New York,US Open,2013-08-29,Grand Slam,Outdoor,Hard,2nd Round,5,Kukushkin M.,Haider-Maurer A.,172.0,88.0,279.0,600.0,6.0,4.0,6.0,4.0,7.0,5.0,,,,,3.0,0.0,Completed,1.36,3.0,1.38,2.8,1.44,2.62,1.4,3.23,1.44,2.75,1.52,3.23,1.4,2.9
ATP,2013,51,New York,US Open,2013-08-29,Grand Slam,Outdoor,Hard,2nd Round,5,Evans D.,Tomic B.,179.0,52.0,269.0,870.0,1.0,6.0,6.0,3.0,7.0,6.0,6.0,3.0,,,3.0,1.0,Completed,3.25,1.33,2.9,1.35,3.0,1.36,3.48,1.36,3.0,1.36,3.48,1.44,3.08,1.36
ATP,2013,51,New York,US Open,2013-08-29,Grand Slam,Outdoor,Hard,2nd Round,5,Federer R.,Berlocq C.,7.0,48.0,4695.0,905.0,6.0,3.0,6.0,2.0,6.0,1.0,,,,,3.0,0.0,Completed,1.02,19.0,1.02,10.0,1.02,15.0,1.03,20.0,1.02,13.0,1.04,23.5,1.02,14.66
ATP,2013,51,New York,US Open,2013-08-29,Grand Slam,Outdoor,Hard,2nd Round,5,Mannarino A.,Querrey S.,63.0,31.0,756.0,1310.0,7.0,6.0,7.0,6.0,6.0,7.0,6.0,4.0,,,3.0,1.0,Completed,4.33,1.2,3.5,1.25,4.0,1.25,4.46,1.25,4.0,1.22,5.1,1.27,3.99,1.24
ATP,2013,51,New York,US Open,2013-08-29,Grand Slam,Outdoor,Hard,2nd Round,5,Dodig I.,Davydenko N.,38.0,42.0,1125.0,1030.0,6.0,1.0,6.0,4.0,6.0,4.0,,,,,3.0,0.0,Completed,1.5,2.5,1.55,2.3,1.62,2.2,1.65,2.39,1.62,2.25,1.65,2.62,1.59,2.33
ATP,2013,51,New York,US Open,2013-08-29,Grand Slam,Outdoor,Hard,2nd Round,5,Kohlschreiber P.,Roger-Vasselin E.,25.0,67.0,1445.0,726.0,6.0,3.0,6.0,2.0,5.0,7.0,6.0,2.0,,,3.0,1.0,Completed,1.3,3.4,1.28,3.3,1.29,3.5,1.31,3.81,1.29,3.5,1.35,4.05,1.3,3.45
ATP,2013,51,New York,US Open,2013-08-29,Grand Slam,Outdoor,Hard,2nd Round,5,Robredo T.,Dancevic F.,22.0,152.0,1620.0,354.0,6.0,4.0,6.0,4.0,6.0,1.0,,,,,3.0,0.0,Completed,1.25,3.75,1.3,3.2,1.3,3.4,1.3,3.88,1.29,3.5,1.35,4.4,1.29,3.53
ATP,2013,51,New York,US Open,2013-08-29,Grand Slam,Outdoor,Hard,2nd Round,5,Lopez F.,Klahn B.,26.0,124.0,1435.0,460.0,6.0,4.0,7.0,6.0,4.0,6.0,7.0,5.0,,,3.0,1.0,Completed,1.25,3.75,1.28,3.3,1.33,3.25,1.31,3.87,1.29,3.5,1.35,4.2,1.29,3.52
ATP,2013,51,New York,US Open,2013-08-30,Grand Slam,Outdoor,Hard,2nd Round,5,Raonic M.,Andujar P.,11.0,55.0,2555.0,835.0,6.0,1.0,6.0,2.0,6.0,4.0,,,,,3.0,0.0,Completed,1.07,9.0,1.07,7.0,1.07,8.5,1.07,10.25,1.07,8.0,1.1,10.5,1.07,8.31
ATP,2013,51,New York,US Open,2013-08-30,Grand Slam,Outdoor,Hard,2nd Round,5,Nadal R.,Dutra Silva R.,2.0,134.0,8860.0,422.0,6.0,2.0,6.0,1.0,6.0,0.0,,,,,3.0,0.0,Completed,1.0,41.0,1.01,11.0,1.01,26.0,1.01,51.0,1.01,21.0,1.02,51.0,1.01,24.09
ATP,2013,51,New York,US Open,2013-08-30,Grand Slam,Outdoor,Hard,2nd Round,5,Isner J.,Monfils G.,17.0,39.0,2025.0,1080.0,7.0,5.0,6.0,2.0,4.0,6.0,7.0,6.0,,,3.0,1.0,Completed,1.36,3.0,1.38,2.8,1.4,3.0,1.42,3.14,1.36,3.0,1.44,3.15,1.4,2.9
ATP,2013,51,New York,US Open,2013-08-30,Grand Slam,Outdoor,Hard,2nd Round,5,Youzhny M.,Dolgopolov O.,24.0,37.0,1475.0,1125.0,7.0,5.0,6.0,1.0,6.0,3.0,,,,,3.0,0.0,Completed,1.53,2.37,1.5,2.4,1.62,2.2,1.64,2.42,1.57,2.38,1.65,2.62,1.57,2.35
ATP,2013,51,New York,US Open,2013-08-30,Grand Slam,Outdoor,Hard,2nd Round,5,Haas T.,Lu Y.H.,13.0,60.0,2185.0,790.0,6.0,3.0,6.0,4.0,7.0,6.0,,,,,3.0,0.0,Completed,1.11,6.5,1.12,5.25,1.14,5.5,1.14,6.87,1.13,6.0,1.17,7.0,1.12,5.92
ATP,2013,51,New York,US Open,2013-08-30,Grand Slam,Outdoor,Hard,2nd Round,5,Granollers M.,Ram R.,43.0,128.0,975.0,439.0,3.0,6.0,4.0,6.0,6.0,2.0,6.0,3.0,7.0,5.0,3.0,2.0,Completed,1.28,3.5,1.3,3.2,1.36,3.0,1.28,4.09,1.36,3.0,1.42,4.1,1.3,3.46
ATP,2013,51,New York,US Open,2013-08-30,Grand Slam,Outdoor,Hard,2nd Round,5,Benneteau J.,Chardy J.,35.0,36.0,1185.0,1130.0,6.0,4.0,6.0,3.0,6.0,4.0,,,,,3.0,0.0,Completed,1.5,2.5,1.5,2.4,1.53,2.38,1.55,2.64,1.57,2.38,1.61,2.75,1.53,2.46
ATP,2013,51,New York,US Open,2013-08-30,Grand Slam,Outdoor,Hard,2nd Round,5,Smyczek T.,Bogomolov A.,109.0,73.0,507.0,696.0,3.0,6.0,7.0,6.0,2.0,6.0,6.0,4.0,6.0,4.0,3.0,2.0,Completed,2.1,1.66,2.1,1.65,2.1,1.67,2.13,1.8,2.2,1.67,2.25,1.8,2.13,1.69
ATP,2013,51,New York,US Open,2013-08-30,Grand Slam,Outdoor,Hard,2nd Round,5,Djokovic N.,Becker B.,1.0,87.0,10980.0,603.0,7.0,6.0,6.0,2.0,6.0,2.0,,,,,3.0,0.0,Completed,1.002,34.0,1.01,11.0,1.01,26.0,1.01,51.0,1.01,17.0,1.02,71.0,1.01,23.12
ATP,2013,51,New York,US Open,2013-08-30,Grand Slam,Outdoor,Hard,2nd Round,5,Berdych T.,Kudla D.,5.0,104.0,5075.0,523.0,7.0,6.0,7.0,6.0,6.0,3.0,,,,,3.0,0.0,Completed,1.02,17.0,1.02,10.0,1.02,15.0,1.03,20.0,1.02,13.0,1.06,23.5,1.03,13.64
ATP,2013,51,New York,US Open,2013-08-30,Grand Slam,Outdoor,Hard,2nd Round,5,Sousa J.,Nieminen J.,95.0,41.0,583.0,1050.0,1.0,6.0,6.0,3.0,3.0,6.0,6.0,3.0,6.0,4.0,3.0,2.0,Completed,3.5,1.28,3.5,1.25,3.5,1.29,3.69,1.33,3.5,1.29,3.95,1.35,3.53,1.29
ATP,2013,51,New York,US Open,2013-08-30,Grand Slam,Outdoor,Hard,2nd Round,5,Istomin D.,Kamke T.,65.0,89.0,750.0,592.0,6.0,4.0,6.0,2.0,6.0,2.0,,,,,3.0,0.0,Completed,1.33,3.25,1.38,2.8,1.36,3.0,1.4,3.22,1.36,3.0,1.42,3.35,1.37,3.02
ATP,2013,51,New York,US Open,2013-08-30,Grand Slam,Outdoor,Hard,2nd Round,5,Seppi A.,Devvarman S.,23.0,114.0,1550.0,491.0,7.0,6.0,6.0,4.0,7.0,5.0,,,,,3.0,0.0,Completed,1.44,2.62,1.45,2.55,1.44,2.62,1.52,2.73,1.5,2.63,1.57,2.88,1.49,2.57
ATP,2013,51,New York,US Open,2013-08-30,Grand Slam,Outdoor,Hard,2nd Round,5,Mayer F.,Young D.,47.0,157.0,905.0,337.0,7.0,5.0,6.0,3.0,6.0,4.0,,,,,3.0,0.0,Completed,1.53,2.37,1.52,2.35,1.57,2.38,1.58,2.55,1.57,2.38,1.62,2.64,1.56,2.39
ATP,2013,51,New York,US Open,2013-08-30,Grand Slam,Outdoor,Hard,2nd Round,5,Donskoy E.,Gojowczyk P.,102.0,146.0,532.0,371.0,6.0,3.0,6.0,4.0,3.0,6.0,4.0,6.0,6.0,3.0,3.0,2.0,Completed,1.57,2.25,1.6,2.2,1.57,2.25,1.61,2.49,1.62,2.25,1.67,2.49,1.61,2.28
ATP,2013,51,New York,US Open,2013-08-30,Grand Slam,Outdoor,Hard,2nd Round,5,Murray A.,Mayer L.,3.0,81.0,8700.0,625.0,7.0,5.0,6.0,1.0,3.0,6.0,6.0,1.0,,,3.0,1.0,Completed,1.01,23.0,1.01,11.0,1.02,17.0,1.01,28.27,1.01,17.0,1.03,36.0,1.01,18.09
ATP,2013,51,New York,US Open,2013-08-30,Grand Slam,Outdoor,Hard,2nd Round,5,Wawrinka S.,Karlovic I.,10.0,79.0,2610.0,637.0,7.0,5.0,7.0,6.0,6.0,4.0,,,,,3.0,0.0,Completed,1.18,4.5,1.2,4.0,1.22,4.0,1.19,5.46,1.25,3.75,1.3,5.46,1.22,4.27
ATP,2013,51,New York,US Open,2013-08-31,Grand Slam,Outdoor,Hard,2nd Round,5,Baghdatis M.,Anderson K.,53.0,20.0,865.0,1740.0,6.0,2.0,6.0,2.0,6.0,2.0,,,,,3.0,0.0,Completed,3.25,1.33,3,1.33,2.75,1.4,3.24,1.4,3.0,1.36,3.35,1.42,3.06,1.36
ATP,2013,51,New York,US Open,2013-08-31,Grand Slam,Outdoor,Hard,2nd Round,5,Hewitt L.,Del Potro J.M.,66.0,6.0,730.0,4740.0,6.0,4.0,5.0,7.0,3.0,6.0,7.0,6.0,6.0,1.0,3.0,2.0,Completed,7.0,1.1,5.25,1.12,6.5,1.11,8.04,1.11,7.0,1.1,8.04,1.17,6.4,1.11
ATP,2013,51,New York,US Open,2013-08-31,Grand Slam,Outdoor,Hard,3rd Round,5,Ferrer D.,Kukushkin M.,4.0,172.0,7210.0,279.0,6.0,4.0,6.0,3.0,4.0,6.0,6.0,4.0,,,3.0,1.0,Completed,1.07,9.0,1.07,7.0,1.08,8.0,1.09,9.95,1.06,8.5,1.1,11.0,1.07,8.24
ATP,2013,51,New York,US Open,2013-08-31,Grand Slam,Outdoor,Hard,3rd Round,5,Raonic M.,Lopez F.,11.0,26.0,2555.0,1435.0,6.0,7.0,6.0,4.0,6.0,3.0,6.0,4.0,,,3.0,1.0,Completed,1.36,3.0,1.4,2.75,1.4,3.0,1.43,3.1,1.36,3.0,1.43,3.5,1.38,2.98
ATP,2013,51,New York,US Open,2013-08-31,Grand Slam,Outdoor,Hard,3rd Round,5,Nadal R.,Dodig I.,2.0,38.0,8860.0,1125.0,6.0,4.0,6.0,3.0,6.0,3.0,,,,,3.0,0.0,Completed,1.02,19.0,1.02,10.0,1.03,12.0,1.03,19.0,1.02,13.0,1.05,20.68,1.03,14.11
ATP,2013,51,New York,US Open,2013-08-31,Grand Slam,Outdoor,Hard,3rd Round,5,Tipsarevic J.,Sock J.,21.0,86.0,1685.0,608.0,3.0,6.0,7.0,6.0,6.0,1.0,6.0,2.0,,,3.0,1.0,Completed,1.36,3.0,1.4,2.75,1.4,3.0,1.42,3.19,1.4,2.88,1.48,3.2,1.4,2.89
ATP,2013,51,New York,US Open,2013-08-31,Grand Slam,Outdoor,Hard,3rd Round,5,Kohlschreiber P.,Isner J.,25.0,17.0,1445.0,2025.0,6.0,4.0,3.0,6.0,7.0,5.0,7.0,6.0,,,3.0,1.0,Completed,3.5,1.28,3,1.33,3.4,1.33,3.54,1.36,3.25,1.33,4.2,1.38,3.27,1.33
ATP,2013,51,New York,US Open,2013-08-31,Grand Slam,Outdoor,Hard,3rd Round,5,Gasquet R.,Tursunov D.,9.0,34.0,2625.0,1190.0,6.0,3.0,2.0,6.0,6.0,4.0,4.0,2.0,,,2.0,1.0,Retired,1.36,3.0,1.35,2.9,1.4,3.0,1.35,3.55,1.4,2.88,1.44,3.75,1.36,3.06
ATP,2013,51,New York,US Open,2013-08-31,Grand Slam,Outdoor,Hard,3rd Round,5,Robredo T.,Evans D.,22.0,179.0,1620.0,269.0,7.0,6.0,6.0,1.0,4.0,6.0,7.0,5.0,,,3.0,1.0,Completed,1.25,3.75,1.3,3.2,1.25,4.0,1.28,4.23,1.29,3.5,1.35,4.23,1.29,3.57
ATP,2013,51,New York,US Open,2013-09-01,Grand Slam,Outdoor,Hard,3rd Round,5,Federer R.,Mannarino A.,7.0,63.0,4695.0,756.0,6.0,3.0,6.0,0.0,6.0,2.0,,,,,3.0,0.0,Completed,1.02,19.0,1.02,10.0,1.03,12.0,1.02,25.5,1.02,13.0,1.04,25.5,1.02,14.12
ATP,2013,51,New York,US Open,2013-09-01,Grand Slam,Outdoor,Hard,3rd Round,5,Wawrinka S.,Baghdatis M.,10.0,53.0,2610.0,865.0,6.0,3.0,6.0,2.0,6.0,7.0,7.0,6.0,,,3.0,1.0,Completed,1.33,3.25,1.33,3.0,1.36,3.25,1.4,3.25,1.33,3.25,1.4,3.4,1.35,3.17
ATP,2013,51,New York,US Open,2013-09-01,Grand Slam,Outdoor,Hard,3rd Round,5,Berdych T.,Benneteau J.,5.0,35.0,5075.0,1185.0,6.0,0.0,6.0,3.0,6.0,2.0,,,,,3.0,0.0,Completed,1.11,6.5,1.12,5.25,1.14,5.5,1.13,7.51,1.13,6.0,1.17,7.51,1.13,5.94
ATP,2013,51,New York,US Open,2013-09-01,Grand Slam,Outdoor,Hard,3rd Round,5,Murray A.,Mayer F.,3.0,47.0,8700.0,905.0,7.0,6.0,6.0,2.0,6.0,2.0,,,,,3.0,0.0,Completed,1.02,19.0,1.02,10.0,1.02,15.0,1.03,19.0,1.02,13.0,1.05,20.5,1.03,13.72
ATP,2013,51,New York,US Open,2013-09-01,Grand Slam,Outdoor,Hard,3rd Round,5,Istomin D.,Seppi A.,65.0,23.0,750.0,1550.0,6.0,3.0,6.0,4.0,2.0,6.0,3.0,6.0,6.0,1.0,3.0,2.0,Completed,1.57,2.25,1.65,2.1,1.67,2.2,1.6,2.55,1.67,2.2,1.77,2.55,1.65,2.2
ATP,2013,51,New York,US Open,2013-09-01,Grand Slam,Outdoor,Hard,3rd Round,5,Hewitt L.,Donskoy E.,66.0,102.0,730.0,532.0,6.0,3.0,7.0,6.0,3.0,6.0,6.0,1.0,,,3.0,1.0,Completed,1.25,3.75,1.25,3.5,1.3,3.5,1.3,3.96,1.25,3.75,1.35,4.2,1.28,3.65
ATP,2013,51,New York,US Open,2013-09-01,Grand Slam,Outdoor,Hard,3rd Round,5,Youzhny M.,Haas T.,24.0,13.0,1475.0,2185.0,6.0,3.0,6.0,2.0,2.0,6.0,6.0,3.0,,,3.0,1.0,Completed,2.62,1.44,2.45,1.48,2.62,1.5,2.75,1.52,2.75,1.44,2.88,1.55,2.64,1.47
ATP,2013,51,New York,US Open,2013-09-01,Grand Slam,Outdoor,Hard,3rd Round,5,Granollers M.,Smyczek T.,43.0,109.0,975.0,507.0,6.0,4.0,4.0,6.0,0.0,6.0,6.0,3.0,7.0,5.0,3.0,2.0,Completed,1.5,2.5,1.52,2.35,1.57,2.38,1.58,2.59,1.53,2.5,1.62,2.62,1.54,2.43
ATP,2013,51,New York,US Open,2013-09-02,Grand Slam,Outdoor,Hard,3rd Round,5,Djokovic N.,Sousa J.,1.0,95.0,10980.0,583.0,6.0,0.0,6.0,2.0,6.0,2.0,,,,,3.0,0.0,Completed,1.0,51.0,1.01,11.0,1.01,26.0,1.01,51.0,1.01,26.0,1.02,63.5,1.01,25.99
ATP,2013,51,New York,US Open,2013-09-02,Grand Slam,Outdoor,Hard,4th Round,5,Ferrer D.,Tipsarevic J.,4.0,21.0,7210.0,1685.0,7.0,6.0,3.0,6.0,7.0,5.0,7.0,6.0,,,3.0,1.0,Completed,1.25,4.0,1.25,3.5,1.25,4.0,1.29,4.14,1.25,3.75,1.29,4.8,1.25,3.91
ATP,2013,51,New York,US Open,2013-09-02,Grand Slam,Outdoor,Hard,4th Round,5,Robredo T.,Federer R.,22.0,7.0,1620.0,4695.0,7.0,6.0,6.0,3.0,6.0,4.0,,,,,3.0,0.0,Completed,13.0,1.04,9,1.03,10.0,1.05,14.8,1.05,11.0,1.04,14.8,1.08,10.98,1.04
ATP,2013,51,New York,US Open,2013-09-02,Grand Slam,Outdoor,Hard,4th Round,5,Gasquet R.,Raonic M.,9.0,11.0,2625.0,2555.0,6.0,7.0,7.0,6.0,2.0,6.0,7.0,6.0,7.0,5.0,3.0,2.0,Completed,2.2,1.66,2.1,1.65,2.25,1.62,2.15,1.8,2.2,1.67,2.42,1.8,2.17,1.67
ATP,2013,51,New York,US Open,2013-09-03,Grand Slam,Outdoor,Hard,4th Round,5,Nadal R.,Kohlschreiber P.,2.0,25.0,8860.0,1445.0,6.0,7.0,6.0,4.0,6.0,3.0,6.0,1.0,,,3.0,1.0,Completed,1.03,15.0,1.03,9.0,1.04,11.0,1.05,13.8,1.04,11.0,1.06,16.3,1.04,11.81
ATP,2013,51,New York,US Open,2013-09-03,Grand Slam,Outdoor,Hard,4th Round,5,Youzhny M.,Hewitt L.,24.0,66.0,1475.0,730.0,6.0,3.0,3.0,6.0,6.0,7.0,6.0,4.0,7.0,5.0,3.0,2.0,Completed,1.57,2.37,1.55,2.3,1.62,2.25,1.59,2.56,1.62,2.25,1.7,2.56,1.59,2.32
ATP,2013,51,New York,US Open,2013-09-03,Grand Slam,Outdoor,Hard,4th Round,5,Djokovic N.,Granollers M.,1.0,43.0,10980.0,975.0,6.0,3.0,6.0,0.0,6.0,0.0,,,,,3.0,0.0,Completed,1.01,26.0,1.01,11.0,1.01,26.0,1.01,31.3,1.01,17.0,1.03,33.25,1.01,19.21
ATP,2013,51,New York,US Open,2013-09-04,Grand Slam,Outdoor,Hard,4th Round,5,Wawrinka S.,Berdych T.,10.0,5.0,2610.0,5075.0,3.0,6.0,6.0,1.0,7.0,6.0,6.0,2.0,,,3.0,1.0,Completed,3.4,1.33,3.2,1.3,3.0,1.4,3.45,1.38,3.0,1.36,3.45,1.4,3.16,1.35
ATP,2013,51,New York,US Open,2013-09-04,Grand Slam,Outdoor,Hard,4th Round,5,Murray A.,Istomin D.,3.0,65.0,8700.0,750.0,6.0,7.0,6.0,1.0,6.0,4.0,6.0,4.0,,,3.0,1.0,Completed,1.04,13.0,1.04,8.5,1.05,10.0,1.08,10.85,1.04,12.0,1.09,13.0,1.05,9.99
ATP,2013,51,New York,US Open,2013-09-04,Grand Slam,Outdoor,Hard,Quarterfinals,5,Gasquet R.,Ferrer D.,9.0,4.0,2625.0,7210.0,6.0,3.0,6.0,1.0,4.0,6.0,2.0,6.0,6.0,3.0,3.0,2.0,Completed,3.2,1.36,2.9,1.35,3.0,1.4,3.2,1.41,3.0,1.4,3.4,1.44,3.05,1.37
ATP,2013,51,New York,US Open,2013-09-05,Grand Slam,Outdoor,Hard,Quarterfinals,5,Nadal R.,Robredo T.,2.0,22.0,8860.0,1620.0,6.0,0.0,6.0,2.0,6.0,2.0,,,,,3.0,0.0,Completed,1.03,15.0,1.03,9.0,1.04,11.0,1.05,15.2,1.04,12.0,1.06,18.5,1.04,11.81
ATP,2013,51,New York,US Open,2013-09-05,Grand Slam,Outdoor,Hard,Quarterfinals,5,Wawrinka S.,Murray A.,10.0,3.0,2610.0,8700.0,6.0,4.0,6.0,3.0,6.0,2.0,,,,,3.0,0.0,Completed,3.75,1.28,3.5,1.25,4.0,1.25,3.88,1.31,3.75,1.29,4.05,1.35,3.72,1.27
ATP,2013,51,New York,US Open,2013-09-06,Grand Slam,Outdoor,Hard,Quarterfinals,5,Djokovic N.,Youzhny M.,1.0,24.0,10980.0,1475.0,6.0,3.0,6.0,2.0,3.0,6.0,6.0,0.0,,,3.0,1.0,Completed,1.02,17.0,1.03,9.0,1.03,12.0,1.04,15.75,1.04,12.0,1.07,17.05,1.04,12.24
ATP,2013,51,New York,US Open,2013-09-07,Grand Slam,Outdoor,Hard,Semifinals,5,Djokovic N.,Wawrinka S.,1.0,10.0,10980.0,2610.0,2.0,6.0,7.0,6.0,3.0,6.0,6.0,3.0,6.0,4.0,3.0,2.0,Completed,1.14,5.5,1.2,4.0,1.2,4.5,1.18,5.93,1.2,4.5,1.25,5.93,1.19,4.78
ATP,2013,51,New York,US Open,2013-09-07,Grand Slam,Outdoor,Hard,Semifinals,5,Nadal R.,Gasquet R.,2.0,9.0,8860.0,2625.0,6.0,4.0,7.0,6.0,6.0,2.0,,,,,3.0,0.0,Completed,1.06,10.0,1.06,7.5,1.05,10.0,1.06,12.0,1.05,11.0,1.08,15.0,1.05,10.31
ATP,2013,51,New York,US Open,2013-09-09,Grand Slam,Outdoor,Hard,The Final,5,Nadal R.,Djokovic N.,2.0,1.0,8860.0,10980.0,6.0,2.0,3.0,6.0,6.0,4.0,6.0,1.0,,,3.0,1.0,Completed,1.66,2.2,1.65,2.1,1.67,2.2,1.76,2.25,1.67,2.25,1.78,2.38,1.67,2.21
