Tour,Year,ATP,Location,Tournament,Date,Series,Court,Surface,Round,Best of,Winner,Loser,WRank,LRank,WPts,LPts,W1,L1,W2,L2,W3,L3,W4,L4,W5,L5,Wsets,Lsets,Comment,B365W,B365L,CBW,CBL,EXW,EXL,PSW,PSL,UBW,UBL
ATP,2006,6,Melbourne,Australian Open,2006-01-16,Grand Slam,Outdoor,Hard,1st Round,5,Ginepri R.,Melzer J.,18.0,55.0,1495.0,675.0,6.0,1.0,6,4,6,2,,,,,3.0,0.0,Completed,1.36,3.0,1.4,2.95,1.44,2.67,1.392,3.35,1.38,2.92
ATP,2006,6,Melbourne,Australian Open,2006-01-16,Grand Slam,Outdoor,Hard,1st Round,5,Gaudio G.,Sabau R.,10.0,107.0,2050.0,397.0,6.0,2.0,5,0,,,,,,,1.0,0.0,Retired,1.16,4.5,1.16,5.25,1.1,6.23,1.18,6.05,1.15,5.0
ATP,2006,6,Melbourne,Australian Open,2006-01-16,Grand Slam,Outdoor,Hard,1st Round,5,Ferrer D.,Serra F.,14.0,37.0,1635.0,863.0,4.0,6.0,6,3,6,1,6.0,4.0,,,3.0,1.0,Completed,1.8,1.9,1.85,1.95,1.8,1.95,1.893,2.02,1.8,1.95
ATP,2006,6,Melbourne,Australian Open,2006-01-16,Grand Slam,Outdoor,Hard,1st Round,5,Burgsmuller L.,Schuettler R.,143.0,87.0,295.0,463.0,3.0,6.0,6,3,7,6,6.0,3.0,,,3.0,1.0,Completed,2.25,1.57,2.25,1.65,2.28,1.58,2.31,1.709,2.32,1.58
ATP,2006,6,Melbourne,Australian Open,2006-01-16,Grand Slam,Outdoor,Hard,1st Round,5,Bracciali D.,Lu Y.H.,80.0,161.0,498.0,256.0,6.0,1.0,7,6,6,2,,,,,3.0,0.0,Completed,1.72,2.0,1.75,2.05,1.76,1.99,1.847,2.08,1.75,2.0
ATP,2006,6,Melbourne,Australian Open,2006-01-16,Grand Slam,Outdoor,Hard,1st Round,5,Hernych J.,Vicente F.,90.0,106.0,455.0,400.0,2.0,6.0,6,3,7,6,6.0,2.0,,,3.0,1.0,Completed,1.22,4.0,1.25,4.0,1.2,4.45,1.25,4.6,1.2,4.2
ATP,2006,6,Melbourne,Australian Open,2006-01-16,Grand Slam,Outdoor,Hard,1st Round,5,Stepanek R.,Rehnquist B.,20.0,368.0,1440.0,83.0,6.0,1.0,6,2,6,2,,,,,3.0,0.0,Completed,1.07,7.0,1.14,5.75,1.11,5.84,1.163,6.52,1.1,6.3
ATP,2006,6,Melbourne,Australian Open,2006-01-16,Grand Slam,Outdoor,Hard,1st Round,5,Gremelmayr D.,Bjorkman J.,177.0,66.0,218.0,578.0,3.0,6.0,6,2,6,0,6.0,1.0,,,3.0,1.0,Completed,3.75,1.25,3.65,1.28,4.06,1.21,4.09,1.295,4.1,1.21
ATP,2006,6,Melbourne,Australian Open,2006-01-16,Grand Slam,Outdoor,Hard,1st Round,5,Nalbandian D.,Udomchoke D.,4.0,121.0,2370.0,370.0,6.0,2.0,6,2,1,6,6.0,7.0,6.0,1.0,3.0,2.0,Completed,1.04,9.0,1.06,9.0,1.04,9.35,1.056,15.0,1.06,8.0
ATP,2006,6,Melbourne,Australian Open,2006-01-16,Grand Slam,Outdoor,Hard,1st Round,5,Wawrinka S.,Montanes A.,46.0,72.0,735.0,536.0,4.0,6.0,6,2,6,3,6.0,0.0,,,3.0,1.0,Completed,1.11,6.0,1.1,7.0,1.1,6.75,1.128,8.0,1.07,7.6
ATP,2006,6,Melbourne,Australian Open,2006-01-16,Grand Slam,Outdoor,Hard,1st Round,5,Baghdatis M.,Gimelstob J.,54.0,115.0,684.0,383.0,7.0,6.0,7,5,6,0,,,,,3.0,0.0,Completed,1.36,3.0,1.35,3.2,1.32,3.22,1.332,3.71,1.35,3.05
ATP,2006,6,Melbourne,Australian Open,2006-01-16,Grand Slam,Outdoor,Hard,1st Round,5,Nieminen J.,Kimmich M.,24.0,313.0,1230.0,103.0,6.0,2.0,6,3,6,1,,,,,3.0,0.0,Completed,1.05,8.5,1.05,10.0,1.06,7.79,1.057,14.98,1.05,9.0
ATP,2006,6,Melbourne,Australian Open,2006-01-16,Grand Slam,Outdoor,Hard,1st Round,5,Ancic M.,Calleri A.,21.0,52.0,1390.0,692.0,6.0,4.0,4,6,6,3,6.0,4.0,,,3.0,1.0,Completed,1.28,3.5,1.35,3.2,1.32,3.22,1.328,3.75,1.34,3.1
ATP,2006,6,Melbourne,Australian Open,2006-01-16,Grand Slam,Outdoor,Hard,1st Round,5,Pavel A.,Moya C.,82.0,35.0,485.0,885.0,6.0,4.0,7,6,4,6,3.0,6.0,6.0,4.0,3.0,2.0,Completed,3.75,1.25,4.55,1.2,4.45,1.2,5.21,1.217,4.15,1.21
ATP,2006,6,Melbourne,Australian Open,2006-01-16,Grand Slam,Outdoor,Hard,1st Round,5,Wang Y.T.,Zabaleta M.,98.0,83.0,423.0,481.0,6.0,2.0,7,5,4,1,,,,,2.0,0.0,Retired,1.57,2.25,1.62,2.3,1.75,2.0,1.763,2.21,,
ATP,2006,6,Melbourne,Australian Open,2006-01-16,Grand Slam,Outdoor,Hard,1st Round,5,Moodie W.,Hernandez O.,60.0,113.0,603.0,385.0,3.0,6.0,7,6,6,4,6.0,2.0,,,3.0,1.0,Completed,1.07,7.5,1.08,8.0,1.06,7.79,1.119,8.6,1.06,8.0
ATP,2006,6,Melbourne,Australian Open,2006-01-16,Grand Slam,Outdoor,Hard,1st Round,5,Faurel J.C.,Waske A.,203.0,122.0,183.0,368.0,7.0,6.0,6,3,7,6,,,,,3.0,0.0,Completed,2.62,1.44,2.45,1.55,2.45,1.5,2.56,1.602,2.44,1.52
ATP,2006,6,Melbourne,Australian Open,2006-01-16,Grand Slam,Outdoor,Hard,1st Round,5,Garcia-Lopez G.,Dent T.,110.0,31.0,393.0,920.0,7.0,6.0,6,3,7,6,,,,,3.0,0.0,Completed,5.0,1.14,5.5,1.15,4.45,1.18,5.51,1.2,4.7,1.17
ATP,2006,6,Melbourne,Australian Open,2006-01-16,Grand Slam,Outdoor,Hard,1st Round,5,Kohlschreiber P.,Dlouhy L.,79.0,96.0,500.0,428.0,7.0,5.0,6,2,6,4,,,,,3.0,0.0,Completed,1.44,2.62,1.45,2.75,1.42,2.75,1.437,3.09,1.44,2.66
ATP,2006,6,Melbourne,Australian Open,2006-01-16,Grand Slam,Outdoor,Hard,1st Round,5,Ljubicic I.,Guccione C.,8.0,148.0,2180.0,283.0,7.0,6.0,6,4,7,6,,,,,3.0,0.0,Completed,1.08,7.0,1.08,8.0,1.1,6.75,1.071,12.0,1.07,7.5
ATP,2006,6,Melbourne,Australian Open,2006-01-16,Grand Slam,Outdoor,Hard,1st Round,5,Berdych T.,Reynolds B.,23.0,92.0,1250.0,442.0,7.0,5.0,6,3,6,7,6.0,1.0,,,3.0,1.0,Completed,1.11,6.0,1.08,8.0,1.1,6.75,1.111,8.75,1.1,6.4
ATP,2006,6,Melbourne,Australian Open,2006-01-16,Grand Slam,Outdoor,Hard,1st Round,5,Lopez F.,Behrend T.,33.0,88.0,900.0,461.0,6.0,2.0,7,5,6,3,,,,,3.0,0.0,Completed,1.1,6.5,1.1,7.0,1.1,6.75,1.138,7.6,1.1,6.2
ATP,2006,6,Melbourne,Australian Open,2006-01-16,Grand Slam,Outdoor,Hard,1st Round,5,Santoro F.,Spadea V.,65.0,73.0,580.0,515.0,3.0,6.0,6,0,6,2,6.0,3.0,,,3.0,1.0,Completed,1.61,2.2,1.65,2.25,1.6,2.3,1.621,2.51,1.58,2.28
ATP,2006,6,Melbourne,Australian Open,2006-01-16,Grand Slam,Outdoor,Hard,1st Round,5,Benneteau J.,Daniel M.,162.0,95.0,255.0,429.0,6.0,2.0,6,1,3,0,,,,,2.0,0.0,Retired,1.39,2.75,1.36,3.15,1.3,3.35,1.437,3.09,1.36,3.0
ATP,2006,6,Melbourne,Australian Open,2006-01-16,Grand Slam,Outdoor,Hard,1st Round,5,Robredo T.,Vanek J.,19.0,97.0,1490.0,425.0,6.0,4.0,7,6,6,3,,,,,3.0,0.0,Completed,1.12,5.5,1.13,6.0,1.1,6.75,1.133,7.8,1.14,5.25
ATP,2006,6,Melbourne,Australian Open,2006-01-16,Grand Slam,Outdoor,Hard,1st Round,5,Simon G.,Massu N.,123.0,61.0,365.0,600.0,7.0,6.0,6,2,3,6,4.0,6.0,6.0,3.0,3.0,2.0,Completed,2.87,1.39,2.75,1.45,2.85,1.4,2.7,1.556,2.7,1.44
ATP,2006,6,Melbourne,Australian Open,2006-01-16,Grand Slam,Outdoor,Hard,1st Round,5,Blake J.,Acasuso J.,22.0,45.0,1390.0,768.0,6.0,2.0,6,3,4,6,7.0,6.0,,,3.0,1.0,Completed,1.08,7.0,1.08,8.0,1.07,7.19,1.111,8.75,1.12,5.75
ATP,2006,6,Melbourne,Australian Open,2006-01-16,Grand Slam,Outdoor,Hard,1st Round,5,Malisse X.,Youzhny M.,39.0,42.0,836.0,795.0,7.0,5.0,5,7,6,4,6.0,2.0,,,3.0,1.0,Completed,1.8,1.9,1.77,2.05,1.8,1.95,1.787,2.17,1.75,2.0
ATP,2006,6,Melbourne,Australian Open,2006-01-16,Grand Slam,Outdoor,Hard,1st Round,5,Johansson T.,Saulnier C.,13.0,89.0,1645.0,460.0,6.0,1.0,7,6,6,4,,,,,3.0,0.0,Completed,1.16,4.5,1.18,4.85,1.15,4.92,1.172,6.31,1.21,4.1
ATP,2006,6,Melbourne,Australian Open,2006-01-16,Grand Slam,Outdoor,Hard,1st Round,5,Tursunov D.,Henman T.,53.0,36.0,690.0,870.0,5.0,7.0,6,3,6,4,7.0,5.0,,,3.0,1.0,Completed,1.83,1.83,1.85,1.95,1.8,1.95,1.769,2.2,1.75,2.02
ATP,2006,6,Melbourne,Australian Open,2006-01-16,Grand Slam,Outdoor,Hard,1st Round,5,Muller G.,Mello R.,71.0,131.0,538.0,323.0,5.0,7.0,6,2,6,7,7.0,6.0,6.0,0.0,3.0,2.0,Completed,1.28,3.5,1.28,3.65,1.23,3.89,1.321,3.82,1.28,3.5
ATP,2006,6,Melbourne,Australian Open,2006-01-16,Grand Slam,Outdoor,Hard,1st Round,5,Roddick A.,Lammer M.,3.0,220.0,3085.0,163.0,6.0,4.0,6,2,6,2,,,,,3.0,0.0,Completed,1.01,15.0,1.02,14.0,1.02,25.0,1.016,43.5,1.01,30.0
ATP,2006,6,Melbourne,Australian Open,2006-01-17,Grand Slam,Outdoor,Hard,1st Round,5,Federer R.,Istomin D.,1.0,195.0,6725.0,198.0,6.0,2.0,6,3,6,2,,,,,3.0,0.0,Completed,1.0,2.1,1.01,16.0,1.01,33.0,1.01,81.0,1.01,30.0
ATP,2006,6,Melbourne,Australian Open,2006-01-17,Grand Slam,Outdoor,Hard,1st Round,5,Coria G.,Hanescu V.,9.0,38.0,2175.0,856.0,6.0,4.0,1,6,4,6,6.0,2.0,6.0,1.0,3.0,2.0,Completed,1.22,4.0,1.22,4.25,1.2,4.45,1.224,5.06,1.22,4.0
ATP,2006,6,Melbourne,Australian Open,2006-01-17,Grand Slam,Outdoor,Hard,1st Round,5,Horna L.,Monfils G.,81.0,27.0,492.0,1129.0,6.0,4.0,7,5,6,1,,,,,3.0,0.0,Completed,4.5,1.16,4.25,1.22,4.25,1.2,4.55,1.26,4.25,1.2
ATP,2006,6,Melbourne,Australian Open,2006-01-17,Grand Slam,Outdoor,Hard,1st Round,5,Hrbaty D.,Marach O.,15.0,125.0,1540.0,360.0,3.0,6.0,4,6,6,2,6.0,1.0,6.0,3.0,3.0,2.0,Completed,1.07,7.5,1.1,7.0,1.07,7.19,1.14,7.45,1.08,7.0
ATP,2006,6,Melbourne,Australian Open,2006-01-17,Grand Slam,Outdoor,Hard,1st Round,5,Luzzi F.,Marin J.A.,186.0,108.0,209.0,395.0,6.0,1.0,6,4,7,5,,,,,3.0,0.0,Completed,,,,,,,,,,
ATP,2006,6,Melbourne,Australian Open,2006-01-17,Grand Slam,Outdoor,Hard,1st Round,5,Goldstein P.,Djokovic N.,68.0,76.0,567.0,502.0,6.0,2.0,1,6,6,3,6.0,2.0,,,3.0,1.0,Completed,2.75,1.39,3.1,1.36,2.83,1.39,3.35,1.392,3.1,1.34
ATP,2006,6,Melbourne,Australian Open,2006-01-17,Grand Slam,Outdoor,Hard,1st Round,5,Luczak P.,Minar I.,139.0,102.0,304.0,413.0,7.0,6.0,7,6,6,4,,,,,3.0,0.0,Completed,1.57,2.25,1.6,2.35,1.5,2.45,1.617,2.52,1.53,2.42
ATP,2006,6,Melbourne,Australian Open,2006-01-17,Grand Slam,Outdoor,Hard,1st Round,5,Norman D.,Fleishman Z.,104.0,236.0,404.0,150.0,6.0,4.0,7,6,5,7,0.0,6.0,6.0,3.0,3.0,2.0,Completed,1.72,2.0,1.95,1.85,1.87,1.87,1.917,1.99,,
ATP,2006,6,Melbourne,Australian Open,2006-01-17,Grand Slam,Outdoor,Hard,1st Round,5,Rochus O.,Llodra M.,29.0,141.0,1045.0,298.0,6.0,4.0,6,2,6,2,,,,,3.0,0.0,Completed,1.16,4.5,1.17,5.0,1.17,4.67,1.184,5.94,1.15,5.0
ATP,2006,6,Melbourne,Australian Open,2006-01-17,Grand Slam,Outdoor,Hard,1st Round,5,Phau B.,Berlocq C.,91.0,75.0,454.0,504.0,6.0,4.0,7,6,2,6,7.0,6.0,,,3.0,1.0,Completed,1.3,3.39,1.33,3.3,1.35,3.1,1.351,3.65,1.34,3.1
ATP,2006,6,Melbourne,Australian Open,2006-01-17,Grand Slam,Outdoor,Hard,1st Round,5,Kim K.,Levy H.,99.0,218.0,416.0,165.0,6.0,4.0,6,4,6,0,,,,,3.0,0.0,Completed,1.9,1.8,2.05,1.77,2.05,1.75,2.01,1.901,1.98,1.78
ATP,2006,6,Melbourne,Australian Open,2006-01-17,Grand Slam,Outdoor,Hard,1st Round,5,Healey N.,Volandri F.,240.0,32.0,148.0,910.0,6.0,2.0,6,3,,,,,,,2.0,0.0,Retired,3.5,1.28,3.5,1.3,3.34,1.3,4.22,1.284,3.6,1.26
ATP,2006,6,Melbourne,Australian Open,2006-01-17,Grand Slam,Outdoor,Hard,1st Round,5,Haas T.,Gasquet R.,41.0,16.0,825.0,1511.0,6.0,2.0,7,5,6,2,,,,,3.0,0.0,Completed,1.44,2.62,1.45,2.75,1.48,2.53,1.485,2.86,1.41,2.8
ATP,2006,6,Melbourne,Australian Open,2006-01-17,Grand Slam,Outdoor,Hard,1st Round,5,Davydenko N.,Karlovic I.,5.0,67.0,2355.0,575.0,7.0,5.0,4,6,3,6,7.0,5.0,6.0,3.0,3.0,2.0,Completed,1.33,3.0,1.33,3.3,1.28,3.46,1.331,3.72,1.33,3.2
ATP,2006,6,Melbourne,Australian Open,2006-01-17,Grand Slam,Outdoor,Hard,1st Round,5,Andreev I.,Almagro N.,26.0,111.0,1215.0,392.0,7.0,5.0,6,4,6,3,,,,,3.0,0.0,Completed,1.19,4.33,1.17,5.0,1.2,4.25,1.22,5.14,1.16,4.85
ATP,2006,6,Melbourne,Australian Open,2006-01-17,Grand Slam,Outdoor,Hard,1st Round,5,Pashanski B.,Arthurs W.,77.0,100.0,502.0,416.0,6.0,3.0,6,4,4,6,7.0,6.0,,,3.0,1.0,Completed,2.62,1.44,,,2.25,1.6,2.59,1.592,2.3,1.58
ATP,2006,6,Melbourne,Australian Open,2006-01-17,Grand Slam,Outdoor,Hard,1st Round,5,Monaco J.,Lisnard J.R.,85.0,109.0,477.0,393.0,4.0,6.0,6,2,6,4,6.0,3.0,,,3.0,1.0,Completed,1.5,2.5,1.45,2.75,1.5,2.45,1.478,2.89,1.46,2.6
ATP,2006,6,Melbourne,Australian Open,2006-01-17,Grand Slam,Outdoor,Hard,1st Round,5,Chela J.I.,Murray A.,51.0,62.0,695.0,593.0,6.0,1.0,6,3,6,3,,,,,3.0,0.0,Completed,2.37,1.53,2.5,1.53,2.3,1.6,2.7,1.556,2.35,1.55
ATP,2006,6,Melbourne,Australian Open,2006-01-17,Grand Slam,Outdoor,Hard,1st Round,5,Hewitt L.,Vik R.,6.0,58.0,2330.0,612.0,6.0,4.0,2,6,5,7,7.0,6.0,6.0,3.0,3.0,2.0,Completed,1.07,7.5,1.05,10.0,1.06,7.79,1.083,11.0,1.06,7.8
ATP,2006,6,Melbourne,Australian Open,2006-01-17,Grand Slam,Outdoor,Hard,1st Round,5,Delic A.,Starace P.,173.0,105.0,224.0,403.0,7.0,5.0,6,7,6,3,3.0,6.0,6.0,3.0,3.0,2.0,Completed,2.2,1.61,2.5,1.53,2.25,1.6,2.65,1.571,2.32,1.57
ATP,2006,6,Melbourne,Australian Open,2006-01-17,Grand Slam,Outdoor,Hard,1st Round,5,Mayer F.,Lee H.T.,69.0,112.0,544.0,386.0,6.0,4.0,6,1,4,6,6.0,4.0,,,3.0,1.0,Completed,1.44,2.62,1.45,2.75,1.4,2.85,1.474,2.91,1.4,2.85
ATP,2006,6,Melbourne,Australian Open,2006-01-17,Grand Slam,Outdoor,Hard,1st Round,5,Vliegen K.,Rochus C.,84.0,43.0,481.0,795.0,6.0,3.0,6,1,6,4,,,,,3.0,0.0,Completed,1.5,2.5,1.53,2.5,1.45,2.6,1.581,2.62,1.5,2.5
ATP,2006,6,Melbourne,Australian Open,2006-01-17,Grand Slam,Outdoor,Hard,1st Round,5,Kiefer N.,Srichaphan P.,25.0,50.0,1215.0,705.0,6.0,7.0,4,6,7,6,6.0,1.0,6.0,2.0,3.0,2.0,Completed,1.53,2.37,1.48,2.65,1.46,2.6,1.541,2.75,1.58,2.3
ATP,2006,6,Melbourne,Australian Open,2006-01-17,Grand Slam,Outdoor,Hard,1st Round,5,Tipsarevic J.,Seppi A.,137.0,56.0,309.0,672.0,1.0,6.0,6,4,4,6,6.0,2.0,6.0,4.0,3.0,2.0,Completed,3.0,1.36,3.1,1.37,2.92,1.37,3.41,1.383,3.1,1.34
ATP,2006,6,Melbourne,Australian Open,2006-01-17,Grand Slam,Outdoor,Hard,1st Round,5,Mirnyi M.,Ascione T.,34.0,93.0,890.0,440.0,6.0,3.0,3,6,6,1,6.0,7.0,6.0,0.0,3.0,2.0,Completed,1.28,3.5,1.33,3.3,1.34,3.12,1.365,3.54,1.25,3.7
ATP,2006,6,Melbourne,Australian Open,2006-01-17,Grand Slam,Outdoor,Hard,1st Round,5,Sanguinetti D.,Adaktusson J.,44.0,265.0,779.0,133.0,7.0,6.0,6,3,6,2,,,,,3.0,0.0,Completed,1.16,4.5,1.22,4.25,1.13,5.5,1.236,4.84,1.18,4.55
ATP,2006,6,Melbourne,Australian Open,2006-01-17,Grand Slam,Outdoor,Hard,1st Round,5,Mathieu P.H.,Clement A.,48.0,64.0,713.0,583.0,6.0,3.0,7,6,6,3,,,,,3.0,0.0,Completed,2.0,1.72,2.2,1.67,2.15,1.65,2.22,1.758,2.05,1.7
ATP,2006,6,Melbourne,Australian Open,2006-01-17,Grand Slam,Outdoor,Hard,1st Round,5,Bogomolov A.,Gonzalez F.,202.0,12.0,184.0,1655.0,4.0,6.0,7,6,6,3,6.0,7.0,7.0,5.0,3.0,2.0,Completed,7.0,1.08,6.65,1.11,5.2,1.15,6.59,1.162,7.2,1.08
ATP,2006,6,Melbourne,Australian Open,2006-01-17,Grand Slam,Outdoor,Hard,1st Round,5,Sluiter R.,Snobel P.,103.0,217.0,407.0,167.0,6.0,4.0,2,6,6,2,6.0,4.0,,,3.0,1.0,Completed,1.44,2.75,1.45,2.75,1.4,2.85,1.446,3.04,1.42,2.75
ATP,2006,6,Melbourne,Australian Open,2006-01-17,Grand Slam,Outdoor,Hard,1st Round,5,Verdasco F.,Carlsen K.,30.0,63.0,925.0,590.0,7.0,6.0,6,4,6,4,,,,,3.0,0.0,Completed,1.28,3.5,1.35,3.2,1.34,3.12,1.294,4.1,1.32,3.2
ATP,2006,6,Melbourne,Australian Open,2006-01-17,Grand Slam,Outdoor,Hard,1st Round,5,Ferrero J.C.,Zib T.,17.0,70.0,1500.0,544.0,7.0,5.0,6,0,6,2,,,,,3.0,0.0,Completed,1.19,4.33,1.22,4.25,1.17,4.67,1.271,4.39,1.18,4.5
ATP,2006,6,Melbourne,Australian Open,2006-01-17,Grand Slam,Outdoor,Hard,1st Round,5,Grosjean S.,Philippoussis M.,28.0,165.0,1080.0,243.0,6.0,4.0,6,2,6,3,,,,,3.0,0.0,Completed,1.36,3.0,1.37,3.1,1.4,2.85,1.429,3.13,1.32,3.22
ATP,2006,6,Melbourne,Australian Open,2006-01-18,Grand Slam,Outdoor,Hard,2nd Round,5,Ljubicic I.,Kohlschreiber P.,8.0,79.0,2180.0,500.0,7.0,5.0,6,2,6,1,,,,,3.0,0.0,Completed,1.11,6.0,1.12,6.25,1.17,4.67,1.148,7.15,1.15,5.0
ATP,2006,6,Melbourne,Australian Open,2006-01-18,Grand Slam,Outdoor,Hard,2nd Round,5,Gremelmayr D.,Ginepri R.,177.0,18.0,218.0,1495.0,2.0,6.0,5,7,6,4,6.0,3.0,6.0,3.0,3.0,2.0,Completed,7.5,1.07,8.0,1.08,6.75,1.1,8.55,1.12,8.0,1.07
ATP,2006,6,Melbourne,Australian Open,2006-01-18,Grand Slam,Outdoor,Hard,2nd Round,5,Baghdatis M.,Stepanek R.,54.0,20.0,684.0,1440.0,6.0,4.0,6,3,3,6,0.0,6.0,7.0,5.0,3.0,2.0,Completed,2.37,1.53,2.3,1.62,2.4,1.53,2.42,1.658,2.18,1.64
ATP,2006,6,Melbourne,Australian Open,2006-01-18,Grand Slam,Outdoor,Hard,2nd Round,5,Gaudio G.,Burgsmuller L.,10.0,143.0,2050.0,295.0,6.0,3.0,6,2,6,3,,,,,3.0,0.0,Completed,1.22,4.0,1.22,4.25,1.21,4.06,1.273,4.36,1.2,4.25
ATP,2006,6,Melbourne,Australian Open,2006-01-18,Grand Slam,Outdoor,Hard,2nd Round,5,Ferrer D.,Bracciali D.,14.0,80.0,1635.0,498.0,6.0,4.0,6,4,6,7,6.0,2.0,,,3.0,1.0,Completed,1.28,3.5,1.28,3.65,1.25,3.9,1.313,3.9,1.26,3.65
ATP,2006,6,Melbourne,Australian Open,2006-01-18,Grand Slam,Outdoor,Hard,2nd Round,5,Santoro F.,Pavel A.,65.0,82.0,580.0,485.0,6.0,4.0,6,1,6,4,,,,,3.0,0.0,Completed,1.57,2.25,1.55,2.45,1.55,2.35,1.565,2.67,1.53,2.45
ATP,2006,6,Melbourne,Australian Open,2006-01-18,Grand Slam,Outdoor,Hard,2nd Round,5,Benneteau J.,Garcia-Lopez G.,162.0,110.0,255.0,393.0,6.0,4.0,7,6,6,1,,,,,3.0,0.0,Completed,2.5,1.5,2.3,1.62,2.15,1.65,2.51,1.621,2.3,1.57
ATP,2006,6,Melbourne,Australian Open,2006-01-18,Grand Slam,Outdoor,Hard,2nd Round,5,Ancic M.,Hernych J.,21.0,90.0,1390.0,455.0,6.0,1.0,6,4,6,4,,,,,3.0,0.0,Completed,1.19,4.33,1.22,4.25,1.17,4.67,1.247,4.65,1.18,4.5
ATP,2006,6,Melbourne,Australian Open,2006-01-18,Grand Slam,Outdoor,Hard,2nd Round,5,Nieminen J.,Wang Y.T.,24.0,98.0,1230.0,423.0,6.0,2.0,7,6,6,2,,,,,3.0,0.0,Completed,1.12,5.5,1.13,6.0,1.11,5.84,1.163,6.53,1.14,5.3
ATP,2006,6,Melbourne,Australian Open,2006-01-18,Grand Slam,Outdoor,Hard,2nd Round,5,Lopez F.,Muller G.,33.0,71.0,900.0,538.0,6.0,2.0,6,4,6,7,6.0,4.0,,,3.0,1.0,Completed,1.53,2.37,1.53,2.5,1.5,2.45,1.549,2.72,1.5,2.5
ATP,2006,6,Melbourne,Australian Open,2006-01-18,Grand Slam,Outdoor,Hard,2nd Round,5,Blake J.,Faurel J.C.,22.0,203.0,1390.0,183.0,2.0,6.0,6,1,6,4,6.0,3.0,,,3.0,1.0,Completed,1.06,8.0,1.08,8.0,1.04,9.25,1.08,11.0,1.04,10.0
ATP,2006,6,Melbourne,Australian Open,2006-01-18,Grand Slam,Outdoor,Hard,2nd Round,5,Roddick A.,Moodie W.,3.0,60.0,3085.0,603.0,7.0,5.0,6,3,6,2,,,,,3.0,0.0,Completed,1.06,8.0,1.05,10.0,1.04,9.25,1.08,11.25,1.04,10.0
ATP,2006,6,Melbourne,Australian Open,2006-01-18,Grand Slam,Outdoor,Hard,2nd Round,5,Simon G.,Berdych T.,123.0,23.0,365.0,1250.0,6.0,3.0,6,2,4,6,6.0,2.0,,,3.0,1.0,Completed,5.0,1.14,5.25,1.16,5.2,1.15,6.4,1.167,5.25,1.14
ATP,2006,6,Melbourne,Australian Open,2006-01-18,Grand Slam,Outdoor,Hard,2nd Round,5,Robredo T.,Tursunov D.,19.0,53.0,1490.0,690.0,7.0,6.0,3,6,7,6,6.0,3.0,,,3.0,1.0,Completed,2.0,1.72,2.05,1.77,1.95,1.8,2.01,1.901,1.95,1.8
ATP,2006,6,Melbourne,Australian Open,2006-01-18,Grand Slam,Outdoor,Hard,2nd Round,5,Johansson T.,Malisse X.,13.0,39.0,1645.0,836.0,6.0,3.0,3,6,7,5,4.0,6.0,6.0,3.0,3.0,2.0,Completed,1.66,2.1,1.67,2.2,1.7,2.1,1.694,2.34,1.7,2.1
ATP,2006,6,Melbourne,Australian Open,2006-01-18,Grand Slam,Outdoor,Hard,2nd Round,5,Nalbandian D.,Wawrinka S.,4.0,46.0,2370.0,735.0,6.0,4.0,3,6,6,4,6.0,2.0,,,3.0,1.0,Completed,1.19,4.33,1.22,4.25,1.25,3.74,1.279,4.28,1.25,3.75
ATP,2006,6,Melbourne,Australian Open,2006-01-19,Grand Slam,Outdoor,Hard,2nd Round,5,Luczak P.,Rochus O.,139.0,29.0,304.0,1045.0,6.0,7.0,6,4,6,1,6.0,7.0,6.0,1.0,3.0,2.0,Completed,4.0,1.22,4.25,1.22,3.6,1.25,4.97,1.229,4.0,1.22
ATP,2006,6,Melbourne,Australian Open,2006-01-19,Grand Slam,Outdoor,Hard,2nd Round,5,Davydenko N.,Kim K.,5.0,99.0,2355.0,416.0,4.0,6.0,6,0,6,3,6.0,2.0,,,3.0,1.0,Completed,1.08,7.0,1.1,7.0,1.11,5.84,1.123,8.36,1.12,5.7
ATP,2006,6,Melbourne,Australian Open,2006-01-19,Grand Slam,Outdoor,Hard,2nd Round,5,Vliegen K.,Verdasco F.,84.0,30.0,481.0,925.0,3.0,6.0,6,2,7,6,7.0,5.0,,,3.0,1.0,Completed,2.1,1.66,2.0,1.81,2.12,1.67,2.16,1.794,2.05,1.74
ATP,2006,6,Melbourne,Australian Open,2006-01-19,Grand Slam,Outdoor,Hard,2nd Round,5,Mirnyi M.,Sanguinetti D.,34.0,44.0,890.0,779.0,7.0,5.0,6,3,4,6,7.0,6.0,,,3.0,1.0,Completed,1.61,2.2,1.7,2.15,1.73,2.03,1.82,2.12,1.76,2.02
ATP,2006,6,Melbourne,Australian Open,2006-01-19,Grand Slam,Outdoor,Hard,2nd Round,5,Andreev I.,Sluiter R.,26.0,103.0,1215.0,407.0,3.0,6.0,6,3,7,6,2.0,6.0,6.0,2.0,3.0,2.0,Completed,1.22,4.0,1.25,4.0,1.3,3.35,1.25,4.6,1.24,3.8
ATP,2006,6,Melbourne,Australian Open,2006-01-19,Grand Slam,Outdoor,Hard,2nd Round,5,Coria G.,Luzzi F.,9.0,186.0,2175.0,209.0,7.0,6.0,6,4,6,3,,,,,3.0,0.0,Completed,1.12,5.5,1.15,5.25,1.1,6.5,1.193,5.69,1.15,5.0
ATP,2006,6,Melbourne,Australian Open,2006-01-19,Grand Slam,Outdoor,Hard,2nd Round,5,Hrbaty D.,Norman D.,15.0,104.0,1540.0,404.0,6.0,2.0,7,5,5,7,4.0,6.0,10.0,8.0,3.0,2.0,Completed,1.1,6.5,1.1,7.0,1.1,6.23,1.13,8.0,1.12,5.7
ATP,2006,6,Melbourne,Australian Open,2006-01-19,Grand Slam,Outdoor,Hard,2nd Round,5,Federer R.,Mayer F.,1.0,69.0,6725.0,544.0,6.0,1.0,6,4,6,0,,,,,3.0,0.0,Completed,1.01,12.0,1.02,14.0,1.02,25.0,1.019,33.5,1.02,20.0
ATP,2006,6,Melbourne,Australian Open,2006-01-19,Grand Slam,Outdoor,Hard,2nd Round,5,Grosjean S.,Monaco J.,28.0,85.0,1080.0,477.0,6.0,4.0,6,3,6,3,,,,,3.0,0.0,Completed,1.14,5.0,1.14,5.65,1.1,6.75,1.144,7.25,1.12,5.8
ATP,2006,6,Melbourne,Australian Open,2006-01-19,Grand Slam,Outdoor,Hard,2nd Round,5,Kiefer N.,Pashanski B.,25.0,77.0,1215.0,502.0,4.0,6.0,6,1,6,4,6.0,1.0,,,3.0,1.0,Completed,1.14,5.0,1.11,6.5,1.1,6.25,1.154,6.88,1.07,7.5
ATP,2006,6,Melbourne,Australian Open,2006-01-19,Grand Slam,Outdoor,Hard,2nd Round,5,Horna L.,Phau B.,81.0,91.0,492.0,454.0,6.0,3.0,6,2,6,1,,,,,3.0,0.0,Completed,1.53,2.37,1.6,2.35,1.53,2.4,1.602,2.56,1.55,2.35
ATP,2006,6,Melbourne,Australian Open,2006-01-19,Grand Slam,Outdoor,Hard,2nd Round,5,Healey N.,Delic A.,240.0,173.0,148.0,224.0,6.0,4.0,6,7,6,3,6.0,4.0,,,3.0,1.0,Completed,2.2,1.61,2.25,1.63,2.3,1.6,2.36,1.685,2.32,1.57
ATP,2006,6,Melbourne,Australian Open,2006-01-19,Grand Slam,Outdoor,Hard,2nd Round,5,Ferrero J.C.,Tipsarevic J.,17.0,137.0,1500.0,309.0,6.0,3.0,3,6,5,7,6.0,3.0,6.0,2.0,3.0,2.0,Completed,1.22,4.0,1.2,4.55,1.21,4.06,1.208,5.41,1.19,4.2
ATP,2006,6,Melbourne,Australian Open,2006-01-19,Grand Slam,Outdoor,Hard,2nd Round,5,Mathieu P.H.,Bogomolov A.,48.0,202.0,713.0,184.0,6.0,0.0,7,6,6,2,,,,,3.0,0.0,Completed,1.39,2.75,1.4,2.95,1.42,2.75,1.418,3.19,1.38,2.9
ATP,2006,6,Melbourne,Australian Open,2006-01-19,Grand Slam,Outdoor,Hard,2nd Round,5,Haas T.,Goldstein P.,41.0,68.0,825.0,567.0,6.0,0.0,6,1,6,2,,,,,3.0,0.0,Completed,1.1,6.5,1.1,7.0,1.1,6.75,1.109,8.94,1.1,6.5
ATP,2006,6,Melbourne,Australian Open,2006-01-19,Grand Slam,Outdoor,Hard,2nd Round,5,Chela J.I.,Hewitt L.,51.0,6.0,695.0,2330.0,6.0,4.0,6,4,6,7,6.0,2.0,,,3.0,1.0,Completed,3.25,1.33,2.95,1.4,2.71,1.43,3.16,1.424,2.75,1.45
ATP,2006,6,Melbourne,Australian Open,2006-01-20,Grand Slam,Outdoor,Hard,3rd Round,5,Santoro F.,Gaudio G.,65.0,10.0,580.0,2050.0,6.0,3.0,6,2,5,7,1.0,6.0,6.0,4.0,3.0,2.0,Completed,2.37,1.53,2.5,1.53,2.4,1.53,2.64,1.575,2.38,1.55
ATP,2006,6,Melbourne,Australian Open,2006-01-20,Grand Slam,Outdoor,Hard,3rd Round,5,Ferrer D.,Ancic M.,14.0,21.0,1635.0,1390.0,6.0,3.0,6,3,6,3,,,,,3.0,0.0,Completed,2.75,1.39,2.6,1.5,2.6,1.45,2.76,1.538,2.75,1.42
ATP,2006,6,Melbourne,Australian Open,2006-01-20,Grand Slam,Outdoor,Hard,3rd Round,5,Baghdatis M.,Gremelmayr D.,54.0,177.0,684.0,218.0,6.0,2.0,6,1,6,2,,,,,3.0,0.0,Completed,1.25,3.75,1.35,3.2,1.28,3.46,1.37,3.5,1.27,3.6
ATP,2006,6,Melbourne,Australian Open,2006-01-20,Grand Slam,Outdoor,Hard,3rd Round,5,Roddick A.,Benneteau J.,3.0,162.0,3085.0,255.0,6.0,1.0,6,2,6,2,,,,,3.0,0.0,Completed,1.03,11.0,1.03,12.0,1.07,7.19,1.059,15.0,1.07,7.8
ATP,2006,6,Melbourne,Australian Open,2006-01-20,Grand Slam,Outdoor,Hard,3rd Round,5,Nalbandian D.,Nieminen J.,4.0,24.0,2370.0,1230.0,2.0,6.0,6,3,6,2,7.0,5.0,,,3.0,1.0,Completed,1.44,2.62,1.5,2.6,1.41,2.76,1.524,2.78,1.48,2.58
ATP,2006,6,Melbourne,Australian Open,2006-01-20,Grand Slam,Outdoor,Hard,3rd Round,5,Johansson T.,Simon G.,13.0,123.0,1645.0,365.0,6.0,3.0,6,2,6,1,,,,,3.0,0.0,Completed,1.33,3.25,1.35,3.2,1.28,3.45,1.388,3.38,1.32,3.25
ATP,2006,6,Melbourne,Australian Open,2006-01-20,Grand Slam,Outdoor,Hard,3rd Round,5,Ljubicic I.,Lopez F.,8.0,33.0,2180.0,900.0,7.0,5.0,7,6,6,0,,,,,3.0,0.0,Completed,1.25,3.75,1.33,3.3,1.28,3.46,1.35,3.66,1.3,3.35
ATP,2006,6,Melbourne,Australian Open,2006-01-20,Grand Slam,Outdoor,Hard,3rd Round,5,Robredo T.,Blake J.,19.0,22.0,1490.0,1390.0,6.0,3.0,6,4,6,4,,,,,3.0,0.0,Completed,3.25,1.33,3.2,1.35,3.1,1.35,3.15,1.426,3.1,1.37
ATP,2006,6,Melbourne,Australian Open,2006-01-21,Grand Slam,Outdoor,Hard,3rd Round,5,Mathieu P.H.,Horna L.,48.0,81.0,713.0,492.0,7.0,6.0,7,6,6,1,,,,,3.0,0.0,Completed,1.61,2.2,1.73,2.1,1.75,2.0,1.833,2.1,1.73,2.05
ATP,2006,6,Melbourne,Australian Open,2006-01-21,Grand Slam,Outdoor,Hard,3rd Round,5,Grosjean S.,Coria G.,28.0,9.0,1080.0,2175.0,6.0,2.0,6,2,3,6,6.0,4.0,,,3.0,1.0,Completed,1.61,2.2,1.6,2.35,1.55,2.35,1.694,2.34,1.52,2.45
ATP,2006,6,Melbourne,Australian Open,2006-01-21,Grand Slam,Outdoor,Hard,3rd Round,5,Hrbaty D.,Andreev I.,15.0,26.0,1540.0,1215.0,1.0,6.0,6,4,6,3,2.0,6.0,6.0,4.0,3.0,2.0,Completed,1.83,1.83,1.95,1.85,2.05,1.75,2.12,1.82,2.0,1.77
ATP,2006,6,Melbourne,Australian Open,2006-01-21,Grand Slam,Outdoor,Hard,3rd Round,5,Chela J.I.,Vliegen K.,51.0,84.0,695.0,481.0,6.0,1.0,6,4,6,4,,,,,3.0,0.0,Completed,1.44,2.62,1.45,2.75,1.5,2.45,1.457,2.99,1.5,2.5
ATP,2006,6,Melbourne,Australian Open,2006-01-21,Grand Slam,Outdoor,Hard,3rd Round,5,Haas T.,Luczak P.,41.0,139.0,825.0,304.0,4.0,6.0,6,3,6,4,6.0,4.0,,,3.0,1.0,Completed,1.11,6.0,1.13,6.0,1.09,6.99,1.134,7.79,1.12,6.0
ATP,2006,6,Melbourne,Australian Open,2006-01-21,Grand Slam,Outdoor,Hard,3rd Round,5,Kiefer N.,Ferrero J.C.,25.0,17.0,1215.0,1500.0,6.0,3.0,6,2,5,7,6.0,2.0,,,3.0,1.0,Completed,1.9,1.8,1.95,1.85,2.05,1.75,2.07,1.855,2.1,1.7
ATP,2006,6,Melbourne,Australian Open,2006-01-21,Grand Slam,Outdoor,Hard,3rd Round,5,Davydenko N.,Healey N.,5.0,240.0,2355.0,148.0,6.0,2.0,5,7,6,4,7.0,5.0,,,3.0,1.0,Completed,1.06,8.0,1.06,9.0,1.07,7.19,1.078,11.25,1.07,8.0
ATP,2006,6,Melbourne,Australian Open,2006-01-21,Grand Slam,Outdoor,Hard,3rd Round,5,Federer R.,Mirnyi M.,1.0,34.0,6725.0,890.0,6.0,3.0,6,4,6,3,,,,,3.0,0.0,Completed,1.01,13.0,1.03,12.0,1.03,18.67,1.039,19.8,1.02,20.0
ATP,2006,6,Melbourne,Australian Open,2006-01-22,Grand Slam,Outdoor,Hard,4th Round,5,Baghdatis M.,Roddick A.,54.0,3.0,684.0,3085.0,6.0,4.0,1,6,6,3,6.0,4.0,,,3.0,1.0,Completed,5.0,1.14,6.0,1.13,5.5,1.13,6.1,1.179,4.8,1.17
ATP,2006,6,Melbourne,Australian Open,2006-01-22,Grand Slam,Outdoor,Hard,4th Round,5,Nalbandian D.,Robredo T.,4.0,19.0,2370.0,1490.0,6.0,3.0,6,0,2,6,6.0,2.0,,,3.0,1.0,Completed,1.36,3.0,1.37,3.1,1.42,2.75,1.45,3.02,1.45,2.7
ATP,2006,6,Melbourne,Australian Open,2006-01-22,Grand Slam,Outdoor,Hard,4th Round,5,Santoro F.,Ferrer D.,65.0,14.0,580.0,1635.0,6.0,4.0,7,5,7,5,,,,,3.0,0.0,Completed,3.0,1.36,2.95,1.4,3.22,1.32,3.15,1.426,3.03,1.36
ATP,2006,6,Melbourne,Australian Open,2006-01-22,Grand Slam,Outdoor,Hard,4th Round,5,Ljubicic I.,Johansson T.,8.0,13.0,2180.0,1645.0,6.0,2.0,6,4,6,4,,,,,3.0,0.0,Completed,1.44,2.62,1.48,2.65,1.55,2.35,1.524,2.77,1.55,2.45
ATP,2006,6,Melbourne,Australian Open,2006-01-23,Grand Slam,Outdoor,Hard,4th Round,5,Kiefer N.,Chela J.I.,25.0,51.0,1215.0,695.0,7.0,6.0,6,3,6,3,,,,,3.0,0.0,Completed,1.61,2.2,1.62,2.3,1.55,2.35,1.676,2.38,1.6,2.25
ATP,2006,6,Melbourne,Australian Open,2006-01-23,Grand Slam,Outdoor,Hard,4th Round,5,Davydenko N.,Hrbaty D.,5.0,15.0,2355.0,1540.0,4.0,6.0,4,6,6,4,6.0,2.0,6.0,3.0,3.0,2.0,Completed,1.44,2.62,1.45,2.75,1.5,2.45,1.481,2.88,1.44,2.7
ATP,2006,6,Melbourne,Australian Open,2006-01-23,Grand Slam,Outdoor,Hard,4th Round,5,Grosjean S.,Mathieu P.H.,28.0,48.0,1080.0,713.0,7.0,5.0,6,2,6,2,,,,,3.0,0.0,Completed,1.44,2.62,1.5,2.6,1.5,2.45,1.556,2.7,1.5,2.5
ATP,2006,6,Melbourne,Australian Open,2006-01-23,Grand Slam,Outdoor,Hard,4th Round,5,Federer R.,Haas T.,1.0,41.0,6725.0,825.0,6.0,4.0,6,0,3,6,4.0,6.0,6.0,2.0,3.0,2.0,Completed,1.04,9.0,1.06,9.0,1.09,9.8,1.093,9.75,1.1,7.5
ATP,2006,6,Melbourne,Australian Open,2006-01-24,Grand Slam,Outdoor,Hard,Quarterfinals,5,Nalbandian D.,Santoro F.,4.0,65.0,2370.0,580.0,7.0,5.0,6,0,6,0,,,,,3.0,0.0,Completed,1.16,5.0,1.17,5.0,1.17,4.67,1.216,5.23,1.18,4.6
ATP,2006,6,Melbourne,Australian Open,2006-01-24,Grand Slam,Outdoor,Hard,Quarterfinals,5,Baghdatis M.,Ljubicic I.,54.0,8.0,684.0,2180.0,6.0,4.0,6,2,4,6,3.0,6.0,6.0,3.0,3.0,2.0,Completed,3.0,1.39,2.95,1.4,3.07,1.38,3.18,1.42,3.0,1.36
ATP,2006,6,Melbourne,Australian Open,2006-01-25,Grand Slam,Outdoor,Hard,Quarterfinals,5,Kiefer N.,Grosjean S.,25.0,28.0,1215.0,1080.0,6.0,3.0,0,6,6,4,6.0,7.0,8.0,6.0,3.0,2.0,Completed,1.8,2.0,1.81,2.0,1.75,2.0,1.826,2.11,1.9,1.9
ATP,2006,6,Melbourne,Australian Open,2006-01-25,Grand Slam,Outdoor,Hard,Quarterfinals,5,Federer R.,Davydenko N.,1.0,5.0,6725.0,2355.0,6.0,4.0,3,6,7,6,7.0,6.0,,,3.0,1.0,Completed,1.03,12.0,1.03,12.0,1.05,14.01,1.045,18.0,1.03,14.0
ATP,2006,6,Melbourne,Australian Open,2006-01-26,Grand Slam,Outdoor,Hard,Semifinals,5,Baghdatis M.,Nalbandian D.,54.0,4.0,684.0,2370.0,3.0,6.0,5,7,6,3,6.0,4.0,6.0,4.0,3.0,2.0,Completed,3.0,1.39,2.85,1.42,3.1,1.35,3.05,1.444,2.95,1.38
ATP,2006,6,Melbourne,Australian Open,2006-01-27,Grand Slam,Outdoor,Hard,Semifinals,5,Federer R.,Kiefer N.,1.0,25.0,6725.0,1215.0,6.0,3.0,5,7,6,0,6.0,2.0,,,3.0,1.0,Completed,1.05,10.0,1.08,8.0,1.08,9.71,1.073,12.25,1.07,8.5
ATP,2006,6,Melbourne,Australian Open,2006-01-29,Grand Slam,Outdoor,Hard,The Final,5,Federer R.,Baghdatis M.,1.0,54.0,6725.0,684.0,5.0,7.0,7,5,6,0,6.0,2.0,,,3.0,1.0,Completed,1.11,6.5,1.13,6.0,1.13,6.93,1.154,6.9,1.14,6.5
ATP,2006,31,Paris,French Open,2006-05-28,Grand Slam,Outdoor,Clay,1st Round,5,Federer R.,Hartfield D.,1.0,157.0,7010.0,265.0,7.0,5.0,7,6,6,2,,,,,3.0,0.0,Completed,,,1.01,14.0,,,1.012,66.0,,
ATP,2006,31,Paris,French Open,2006-05-28,Grand Slam,Outdoor,Clay,1st Round,5,Henman T.,Carlsen K.,71.0,112.0,570.0,392.0,6.0,3.0,6,4,4,6,6.0,4.0,,,3.0,1.0,Completed,1.14,5.0,1.13,5.65,1.15,5.2,1.147,7.2,1.12,5.7
ATP,2006,31,Paris,French Open,2006-05-28,Grand Slam,Outdoor,Clay,1st Round,5,Moya C.,Marin J.A.,33.0,120.0,905.0,365.0,7.0,5.0,6,3,6,3,,,,,3.0,0.0,Completed,1.08,7.0,1.04,10.0,1.07,7.19,1.09,10.1,1.08,7.5
ATP,2006,31,Paris,French Open,2006-05-28,Grand Slam,Outdoor,Clay,1st Round,5,Nalbandian D.,Wawrinka S.,3.0,57.0,3065.0,683.0,6.0,2.0,7,6,6,4,,,,,3.0,0.0,Completed,1.14,5.0,1.2,4.4,1.15,4.92,1.229,4.96,1.17,4.7
ATP,2006,31,Paris,French Open,2006-05-28,Grand Slam,Outdoor,Clay,1st Round,5,Robredo T.,Zib T.,7.0,109.0,2020.0,399.0,6.0,4.0,6,2,6,2,,,,,3.0,0.0,Completed,1.04,9.0,1.04,10.0,1.04,9.35,1.033,24.0,1.04,10.0
ATP,2006,31,Paris,French Open,2006-05-29,Grand Slam,Outdoor,Clay,1st Round,5,Acasuso J.,Santoro F.,29.0,51.0,1090.0,777.0,6.0,3.0,6,1,3,6,1.0,6.0,11.0,9.0,3.0,2.0,Completed,1.16,4.5,1.22,4.1,1.2,4.25,1.259,4.56,1.18,4.5
ATP,2006,31,Paris,French Open,2006-05-29,Grand Slam,Outdoor,Clay,1st Round,5,Almagro N.,Arthurs W.,41.0,209.0,834.0,197.0,7.0,5.0,6,2,6,2,,,,,3.0,0.0,Completed,1.07,7.5,1.06,8.5,1.06,7.79,1.05,16.0,1.06,8.0
ATP,2006,31,Paris,French Open,2006-05-29,Grand Slam,Outdoor,Clay,1st Round,5,Ancic M.,Healey N.,12.0,195.0,1710.0,205.0,6.0,3.0,4,6,7,6,6.0,1.0,,,3.0,1.0,Completed,1.03,10.0,1.05,9.0,1.07,7.19,1.05,16.0,1.04,10.0
ATP,2006,31,Paris,French Open,2006-05-29,Grand Slam,Outdoor,Clay,1st Round,5,Berdych T.,Lopez F.,20.0,48.0,1390.0,790.0,6.0,2.0,6,4,6,3,,,,,3.0,0.0,Completed,1.28,3.5,1.28,3.55,1.26,3.59,1.277,4.31,1.28,3.5
ATP,2006,31,Paris,French Open,2006-05-29,Grand Slam,Outdoor,Clay,1st Round,5,Blake J.,Srichaphan P.,8.0,39.0,1925.0,845.0,6.0,0.0,6,4,7,6,,,,,3.0,0.0,Completed,1.1,6.5,1.1,6.5,1.09,6.68,1.094,9.65,1.08,7.0
ATP,2006,31,Paris,French Open,2006-05-29,Grand Slam,Outdoor,Clay,1st Round,5,Bozoljac I.,Pashanski B.,160.0,64.0,262.0,612.0,6.0,4.0,6,3,6,4,,,,,3.0,0.0,Completed,2.1,1.66,1.93,1.83,1.85,1.9,2.04,1.877,,
ATP,2006,31,Paris,French Open,2006-05-29,Grand Slam,Outdoor,Clay,1st Round,5,Capdeville P.,Rusedski G.,125.0,42.0,355.0,830.0,6.0,3.0,6,1,4,6,7.0,6.0,,,3.0,1.0,Completed,1.57,2.25,1.53,2.45,1.5,2.45,1.515,2.79,1.55,2.4
ATP,2006,31,Paris,French Open,2006-05-29,Grand Slam,Outdoor,Clay,1st Round,5,Davydenko N.,Spadea V.,6.0,72.0,2395.0,570.0,7.0,5.0,6,4,6,4,,,,,3.0,0.0,Completed,1.06,8.0,1.06,8.5,1.07,7.19,1.063,13.75,1.06,8.0
ATP,2006,31,Paris,French Open,2006-05-29,Grand Slam,Outdoor,Clay,1st Round,5,Dlouhy L.,Vliegen K.,86.0,36.0,465.0,867.0,4.0,6.0,6,4,3,6,7.0,6.0,6.0,2.0,3.0,2.0,Completed,4.5,1.16,4.4,1.2,4.67,1.17,5.52,1.199,4.3,1.2
ATP,2006,31,Paris,French Open,2006-05-29,Grand Slam,Outdoor,Clay,1st Round,5,Falla A.,Gimelstob J.,139.0,92.0,309.0,445.0,6.0,4.0,6,4,6,2,,,,,3.0,0.0,Completed,1.5,2.5,1.45,2.7,1.5,2.45,1.51,2.81,1.48,2.56
ATP,2006,31,Paris,French Open,2006-05-29,Grand Slam,Outdoor,Clay,1st Round,5,Ferrero J.C.,Del Potro J.M.,27.0,140.0,1145.0,307.0,6.0,3.0,2,6,6,2,6.0,4.0,,,3.0,1.0,Completed,1.19,4.33,1.28,3.55,1.2,4.45,1.271,4.39,1.2,4.3
ATP,2006,31,Paris,French Open,2006-05-29,Grand Slam,Outdoor,Clay,1st Round,5,Galvani S.,Mayer F.,158.0,78.0,264.0,538.0,4.0,6.0,6,0,7,6,3.0,6.0,7.0,5.0,3.0,2.0,Completed,1.72,2.0,1.65,2.2,1.75,2.0,1.735,2.26,1.72,2.08
ATP,2006,31,Paris,French Open,2006-05-29,Grand Slam,Outdoor,Clay,1st Round,5,Gasquet R.,Wang Y.T.,40.0,91.0,835.0,450.0,6.0,4.0,6,1,7,5,,,,,3.0,0.0,Completed,1.11,6.0,1.12,6.0,1.11,5.84,1.152,7.0,1.11,6.0
ATP,2006,31,Paris,French Open,2006-05-29,Grand Slam,Outdoor,Clay,1st Round,5,Gaudio G.,Karanusic R.,10.0,180.0,1745.0,225.0,6.0,2.0,6,2,6,2,,,,,3.0,0.0,Completed,1.11,6.0,1.14,5.4,1.11,5.84,1.191,5.73,1.12,6.0
ATP,2006,31,Paris,French Open,2006-05-29,Grand Slam,Outdoor,Clay,1st Round,5,Gicquel M.,di Mauro A.,115.0,81.0,378.0,509.0,7.0,5.0,7,6,6,3,,,,,3.0,0.0,Completed,2.37,1.53,2.15,1.67,2.08,1.7,2.44,1.649,2.24,1.62
ATP,2006,31,Paris,French Open,2006-05-29,Grand Slam,Outdoor,Clay,1st Round,5,Grosjean S.,Pavel A.,21.0,84.0,1340.0,494.0,6.0,3.0,6,2,6,3,,,,,3.0,0.0,Completed,1.28,3.5,1.3,3.4,1.3,3.35,1.299,4.05,1.3,3.35
ATP,2006,31,Paris,French Open,2006-05-29,Grand Slam,Outdoor,Clay,1st Round,5,Kiefer N.,Melzer J.,13.0,70.0,1590.0,580.0,7.0,6.0,6,3,6,1,,,,,3.0,0.0,Completed,1.5,2.5,1.57,2.35,1.5,2.45,1.585,2.61,1.57,2.32
ATP,2006,31,Paris,French Open,2006-05-29,Grand Slam,Outdoor,Clay,1st Round,5,Kim K.,Silva J.,116.0,212.0,370.0,192.0,7.0,5.0,6,2,6,7,7.0,6.0,,,3.0,1.0,Completed,1.83,1.83,2.05,1.75,2.0,1.75,2.01,1.901,1.92,1.84
ATP,2006,31,Paris,French Open,2006-05-29,Grand Slam,Outdoor,Clay,1st Round,5,Kohlschreiber P.,Marach O.,83.0,90.0,499.0,454.0,6.0,3.0,7,5,6,7,6.0,2.0,,,3.0,1.0,Completed,1.57,2.25,1.55,2.4,1.51,2.46,1.602,2.56,1.52,2.44
ATP,2006,31,Paris,French Open,2006-05-29,Grand Slam,Outdoor,Clay,1st Round,5,Korolev E.,Seppi A.,151.0,69.0,283.0,586.0,6.0,4.0,2,6,3,6,7.0,5.0,6.0,1.0,3.0,2.0,Completed,2.0,1.72,2.15,1.67,2.0,1.75,2.04,1.877,,
ATP,2006,31,Paris,French Open,2006-05-29,Grand Slam,Outdoor,Clay,1st Round,5,Lapentti N.,Moodie W.,129.0,74.0,342.0,560.0,4.0,6.0,7,6,7,6,6.0,7.0,6.0,2.0,3.0,2.0,Completed,1.36,3.0,1.37,3.0,1.42,2.75,1.435,3.1,1.37,2.95
ATP,2006,31,Paris,French Open,2006-05-29,Grand Slam,Outdoor,Clay,1st Round,5,Massu N.,Malisse X.,35.0,37.0,885.0,856.0,6.0,1.0,7,5,1,6,4.0,6.0,9.0,7.0,3.0,2.0,Completed,1.44,2.62,1.53,2.45,1.5,2.45,1.641,2.46,1.48,2.55
ATP,2006,31,Paris,French Open,2006-05-29,Grand Slam,Outdoor,Clay,1st Round,5,Mirnyi M.,Muller G.,49.0,66.0,785.0,605.0,6.0,3.0,6,1,7,6,,,,,3.0,0.0,Completed,1.57,2.25,1.62,2.25,1.67,2.12,1.637,2.47,1.6,2.27
ATP,2006,31,Paris,French Open,2006-05-29,Grand Slam,Outdoor,Clay,1st Round,5,Nadal R.,Soderling R.,2.0,50.0,4545.0,778.0,6.0,2.0,7,5,6,1,,,,,3.0,0.0,Completed,1.02,11.0,1.02,12.0,1.02,16.0,1.022,31.0,1.02,20.0
ATP,2006,31,Paris,French Open,2006-05-29,Grand Slam,Outdoor,Clay,1st Round,5,Saretta F.,Starace P.,89.0,77.0,457.0,542.0,6.0,7.0,2,6,6,4,7.0,6.0,6.0,3.0,3.0,2.0,Completed,2.25,1.57,2.2,1.65,2.35,1.55,2.52,1.617,2.18,1.65
ATP,2006,31,Paris,French Open,2006-05-29,Grand Slam,Outdoor,Clay,1st Round,5,Sluiter R.,Nieminen J.,118.0,16.0,367.0,1480.0,6.0,2.0,7,6,2,1,,,,,2.0,0.0,Retired,6.0,1.11,6.25,1.11,6.23,1.1,9.0,1.1,5.75,1.12
ATP,2006,31,Paris,French Open,2006-05-29,Grand Slam,Outdoor,Clay,1st Round,5,Stepanek R.,Llodra M.,11.0,122.0,1735.0,361.0,6.0,4.0,6,4,6,2,,,,,3.0,0.0,Completed,1.12,5.5,1.16,5.0,1.15,5.2,1.158,6.71,1.18,4.65
ATP,2006,31,Paris,French Open,2006-05-29,Grand Slam,Outdoor,Clay,1st Round,5,Tursunov D.,Novak J.,34.0,101.0,900.0,415.0,6.0,2.0,6,3,6,2,,,,,3.0,0.0,Completed,2.75,1.39,2.6,1.48,2.45,1.5,2.76,1.524,2.8,1.41
ATP,2006,31,Paris,French Open,2006-05-29,Grand Slam,Outdoor,Clay,1st Round,5,Vassallo-Arguello M.,Goldstein P.,181.0,58.0,225.0,668.0,6.0,2.0,6,0,6,3,,,,,3.0,0.0,Completed,1.44,2.62,1.45,2.7,1.4,2.85,1.481,2.88,,
ATP,2006,31,Paris,French Open,2006-05-29,Grand Slam,Outdoor,Clay,1st Round,5,Volandri F.,Pless K.,55.0,143.0,716.0,299.0,6.0,4.0,7,6,6,4,,,,,3.0,0.0,Completed,1.11,6.0,1.16,4.85,1.17,4.67,1.186,5.87,1.15,5.1
ATP,2006,31,Paris,French Open,2006-05-29,Grand Slam,Outdoor,Clay,1st Round,5,Youzhny M.,Tuksar S.,43.0,166.0,830.0,253.0,6.0,3.0,6,3,3,6,6.0,0.0,,,3.0,1.0,Completed,1.5,2.5,1.62,2.25,1.6,2.3,1.645,2.45,,
ATP,2006,31,Paris,French Open,2006-05-30,Grand Slam,Outdoor,Clay,1st Round,5,Baghdatis M.,Portas A.,19.0,85.0,1399.0,481.0,6.0,4.0,6,4,6,7,6.0,1.0,,,3.0,1.0,Completed,1.44,2.62,1.6,2.3,1.55,2.35,1.637,2.47,1.55,2.4
ATP,2006,31,Paris,French Open,2006-05-30,Grand Slam,Outdoor,Clay,1st Round,5,Benneteau J.,Tipsarevic J.,95.0,104.0,437.0,412.0,6.0,2.0,6,4,5,7,6.0,3.0,,,3.0,1.0,Completed,1.83,1.83,1.93,1.83,1.87,1.87,2.03,1.885,2.0,1.76
ATP,2006,31,Paris,French Open,2006-05-30,Grand Slam,Outdoor,Clay,1st Round,5,Chardy J.,Bjorkman J.,455.0,75.0,60.0,558.0,6.0,2.0,7,5,6,2,,,,,3.0,0.0,Completed,1.72,2.0,1.57,2.35,1.65,2.15,1.667,2.4,1.64,2.2
ATP,2006,31,Paris,French Open,2006-05-30,Grand Slam,Outdoor,Clay,1st Round,5,Djokovic N.,Horna L.,63.0,46.0,627.0,802.0,6.0,3.0,5,0,,,,,,,1.0,0.0,Retired,1.8,1.9,1.88,1.88,1.76,1.99,1.943,1.962,1.8,1.95
ATP,2006,31,Paris,French Open,2006-05-30,Grand Slam,Outdoor,Clay,1st Round,5,Ferrer D.,Garcia-Lopez G.,15.0,102.0,1505.0,414.0,7.0,5.0,6,1,6,0,,,,,3.0,0.0,Completed,1.14,5.0,1.14,5.4,1.17,4.67,1.193,5.67,1.16,4.9
ATP,2006,31,Paris,French Open,2006-05-30,Grand Slam,Outdoor,Clay,1st Round,5,Gonzalez F.,Safin M.,9.0,53.0,1780.0,745.0,6.0,3.0,1,6,6,3,6.0,1.0,,,3.0,1.0,Completed,1.61,2.2,1.62,2.25,1.6,2.25,1.667,2.4,1.64,2.2
ATP,2006,31,Paris,French Open,2006-05-30,Grand Slam,Outdoor,Clay,1st Round,5,Haas T.,Schuettler R.,25.0,73.0,1250.0,563.0,6.0,4.0,6,3,6,3,,,,,3.0,0.0,Completed,1.33,3.2,1.37,3.0,1.4,2.85,1.382,3.42,1.44,2.68
ATP,2006,31,Paris,French Open,2006-05-30,Grand Slam,Outdoor,Clay,1st Round,5,Hernandez O.,Simon G.,131.0,47.0,337.0,791.0,6.0,4.0,6,2,6,3,,,,,3.0,0.0,Completed,3.25,1.33,4.15,1.22,3.9,1.25,3.85,1.317,3.12,1.34
ATP,2006,31,Paris,French Open,2006-05-30,Grand Slam,Outdoor,Clay,1st Round,5,Hewitt L.,Hernych J.,14.0,96.0,1580.0,435.0,7.0,6.0,3,6,6,2,6.0,0.0,,,3.0,1.0,Completed,1.5,2.5,1.55,2.4,,,1.585,2.61,1.48,2.56
ATP,2006,31,Paris,French Open,2006-05-30,Grand Slam,Outdoor,Clay,1st Round,5,Hrbaty D.,Roitman S.,24.0,117.0,1250.0,368.0,6.0,4.0,6,2,3,6,2.0,6.0,6.0,3.0,3.0,2.0,Completed,1.33,3.25,1.3,3.4,1.34,3.12,1.383,3.41,1.31,3.3
ATP,2006,31,Paris,French Open,2006-05-30,Grand Slam,Outdoor,Clay,1st Round,5,Karlovic I.,Patience O.,52.0,132.0,771.0,333.0,7.0,6.0,7,6,7,6,,,,,3.0,0.0,Completed,1.57,2.25,1.65,2.2,1.6,2.25,1.714,2.3,1.6,2.25
ATP,2006,31,Paris,French Open,2006-05-30,Grand Slam,Outdoor,Clay,1st Round,5,Kindlmann D.,Sabau R.,438.0,121.0,64.0,362.0,6.0,3.0,6,2,6,2,,,,,3.0,0.0,Completed,1.66,2.1,1.6,2.3,1.65,2.15,1.68,2.37,1.65,2.16
ATP,2006,31,Paris,French Open,2006-05-30,Grand Slam,Outdoor,Clay,1st Round,5,Ljubicic I.,Berlocq C.,4.0,82.0,2610.0,503.0,6.0,2.0,6,0,6,3,,,,,3.0,0.0,Completed,1.11,6.0,1.11,6.25,1.11,5.84,1.13,8.0,1.12,5.8
ATP,2006,31,Paris,French Open,2006-05-30,Grand Slam,Outdoor,Clay,1st Round,5,Martin A.,Roddick A.,68.0,5.0,589.0,2585.0,6.0,4.0,7,5,1,0,,,,,2.0,0.0,Retired,1.9,1.8,1.88,1.88,1.8,1.95,1.806,2.14,1.92,1.84
ATP,2006,31,Paris,French Open,2006-05-30,Grand Slam,Outdoor,Clay,1st Round,5,Mathieu P.H.,Phau B.,32.0,62.0,920.0,629.0,6.0,4.0,6,2,6,1,,,,,3.0,0.0,Completed,1.16,4.5,1.2,4.4,1.2,4.25,1.2,5.51,1.2,4.3
ATP,2006,31,Paris,French Open,2006-05-30,Grand Slam,Outdoor,Clay,1st Round,5,Monaco J.,van Gemerden M.,103.0,111.0,413.0,395.0,6.0,3.0,6,2,6,4,,,,,3.0,0.0,Completed,1.36,3.0,1.3,3.4,1.32,3.22,1.369,3.51,1.36,3.02
ATP,2006,31,Paris,French Open,2006-05-30,Grand Slam,Outdoor,Clay,1st Round,5,Monfils G.,Murray A.,28.0,45.0,1100.0,817.0,6.0,4.0,6,7,1,6,6.0,2.0,6.0,1.0,3.0,2.0,Completed,1.57,2.25,1.57,2.4,1.55,2.35,1.606,2.55,1.62,2.22
ATP,2006,31,Paris,French Open,2006-05-30,Grand Slam,Outdoor,Clay,1st Round,5,Montanes A.,Ginepri R.,105.0,17.0,411.0,1475.0,6.0,3.0,6,7,6,1,6.0,4.0,,,3.0,1.0,Completed,1.53,2.37,1.5,2.55,1.5,2.45,1.524,2.78,1.55,2.4
ATP,2006,31,Paris,French Open,2006-05-30,Grand Slam,Outdoor,Clay,1st Round,5,Montcourt M.,Daniel M.,213.0,88.0,191.0,459.0,6.0,2.0,6,4,1,6,6.0,2.0,,,3.0,1.0,Completed,2.5,1.5,2.4,1.55,2.34,1.56,2.53,1.613,2.42,1.53
ATP,2006,31,Paris,French Open,2006-05-30,Grand Slam,Outdoor,Clay,1st Round,5,Norman D.,Massa E.,110.0,561.0,396.0,39.0,6.0,1.0,6,3,6,3,,,,,3.0,0.0,Completed,2.2,1.61,2.1,1.7,1.87,1.87,1.99,1.917,2.08,1.71
ATP,2006,31,Paris,French Open,2006-05-30,Grand Slam,Outdoor,Clay,1st Round,5,Ramirez-Hidalgo R.,Ascione T.,79.0,135.0,525.0,319.0,7.0,6.0,6,4,6,7,6.0,3.0,,,3.0,1.0,Completed,1.33,3.25,1.35,3.1,1.35,3.1,1.312,3.91,1.33,3.15
ATP,2006,31,Paris,French Open,2006-05-30,Grand Slam,Outdoor,Clay,1st Round,5,Rochus C.,Johansson T.,76.0,18.0,555.0,1455.0,3.0,6.0,5,7,6,4,6.0,4.0,6.0,2.0,3.0,2.0,Completed,1.83,1.83,1.88,1.88,1.87,1.87,2.09,1.84,1.78,1.98
ATP,2006,31,Paris,French Open,2006-05-30,Grand Slam,Outdoor,Clay,1st Round,5,Rochus O.,Faurel J.C.,30.0,147.0,1080.0,289.0,6.0,1.0,6,4,6,2,,,,,3.0,0.0,Completed,1.11,6.0,1.16,5.0,1.13,5.5,1.179,6.1,1.11,6.05
ATP,2006,31,Paris,French Open,2006-05-30,Grand Slam,Outdoor,Clay,1st Round,5,Sanguinetti D.,Bracciali D.,65.0,54.0,610.0,742.0,3.0,6.0,7,6,6,3,6.0,3.0,,,3.0,1.0,Completed,2.0,1.72,2.05,1.75,2.05,1.75,2.24,1.746,2.0,1.76
ATP,2006,31,Paris,French Open,2006-05-30,Grand Slam,Outdoor,Clay,1st Round,5,Serra F.,Vik R.,44.0,67.0,822.0,598.0,6.0,1.0,1,6,7,5,6.0,4.0,,,3.0,1.0,Completed,1.5,2.5,1.53,2.45,1.53,2.4,1.524,2.78,1.48,2.55
ATP,2006,31,Paris,French Open,2006-05-30,Grand Slam,Outdoor,Clay,1st Round,5,Vanek J.,Mahut N.,100.0,80.0,416.0,516.0,6.0,3.0,7,6,6,7,7.0,6.0,,,3.0,1.0,Completed,1.83,1.83,2.1,1.7,1.9,1.85,2.13,1.813,1.87,1.87
ATP,2006,31,Paris,French Open,2006-05-30,Grand Slam,Outdoor,Clay,1st Round,5,Verdasco F.,Chela J.I.,31.0,38.0,1005.0,845.0,6.0,1.0,6,3,6,7,6.0,4.0,,,3.0,1.0,Completed,1.66,2.1,1.6,2.3,1.55,2.35,1.667,2.4,1.63,2.22
ATP,2006,31,Paris,French Open,2006-05-30,Grand Slam,Outdoor,Clay,1st Round,5,Waske A.,Vicente F.,94.0,87.0,440.0,460.0,6.0,4.0,4,6,7,6,7.0,6.0,,,3.0,1.0,Completed,2.37,1.53,2.55,1.5,2.6,1.45,2.71,1.552,2.32,1.57
ATP,2006,31,Paris,French Open,2006-05-31,Grand Slam,Outdoor,Clay,2nd Round,5,Ancic M.,Capdeville P.,12.0,125.0,1710.0,355.0,7.0,5.0,6,3,7,6,,,,,3.0,0.0,Completed,1.25,3.75,1.3,3.4,1.26,3.59,1.278,4.3,1.29,3.5
ATP,2006,31,Paris,French Open,2006-05-31,Grand Slam,Outdoor,Clay,2nd Round,5,Berdych T.,Volandri F.,20.0,55.0,1390.0,716.0,6.0,3.0,6,1,6,1,,,,,3.0,0.0,Completed,1.39,2.75,1.37,3.0,1.32,3.22,1.386,3.39,1.4,2.85
ATP,2006,31,Paris,French Open,2006-05-31,Grand Slam,Outdoor,Clay,2nd Round,5,Davydenko N.,Saretta F.,6.0,89.0,2395.0,457.0,6.0,2.0,4,1,,,,,,,1.0,0.0,Retired,1.1,6.5,1.08,7.25,1.12,5.66,1.085,10.7,,
ATP,2006,31,Paris,French Open,2006-05-31,Grand Slam,Outdoor,Clay,2nd Round,5,Dlouhy L.,Acasuso J.,86.0,29.0,465.0,1090.0,4.0,6.0,7,6,6,3,6.0,1.0,,,3.0,1.0,Completed,6.5,1.1,7.25,1.08,6.75,1.1,9.6,1.094,6.25,1.1
ATP,2006,31,Paris,French Open,2006-05-31,Grand Slam,Outdoor,Clay,2nd Round,5,Federer R.,Falla A.,1.0,139.0,7010.0,309.0,6.0,1.0,6,4,6,3,,,,,3.0,0.0,Completed,1.0,17.0,1.01,14.0,1.02,25.0,1.013,56.0,1.01,50.0
ATP,2006,31,Paris,French Open,2006-05-31,Grand Slam,Outdoor,Clay,2nd Round,5,Ferrero J.C.,Kohlschreiber P.,27.0,83.0,1145.0,499.0,6.0,2.0,6,4,6,2,,,,,3.0,0.0,Completed,1.3,3.39,1.3,3.4,1.28,3.46,1.333,3.7,1.29,3.45
ATP,2006,31,Paris,French Open,2006-05-31,Grand Slam,Outdoor,Clay,2nd Round,5,Gaudio G.,Korolev E.,10.0,151.0,1745.0,283.0,6.0,3.0,6,7,6,4,3.0,6.0,6.0,4.0,3.0,2.0,Completed,1.22,4.0,1.28,3.55,1.25,3.75,1.27,4.4,1.24,3.88
ATP,2006,31,Paris,French Open,2006-05-31,Grand Slam,Outdoor,Clay,2nd Round,5,Kiefer N.,Gicquel M.,13.0,115.0,1590.0,378.0,6.0,0.0,6,1,5,7,3.0,6.0,11.0,9.0,3.0,2.0,Completed,1.25,3.75,1.2,4.4,1.17,4.67,1.218,5.18,1.2,4.3
ATP,2006,31,Paris,French Open,2006-05-31,Grand Slam,Outdoor,Clay,2nd Round,5,Massu N.,Mirnyi M.,35.0,49.0,885.0,785.0,6.0,4.0,7,5,6,4,,,,,3.0,0.0,Completed,1.57,2.25,1.65,2.2,1.6,2.25,1.746,2.24,1.7,2.1
ATP,2006,31,Paris,French Open,2006-05-31,Grand Slam,Outdoor,Clay,2nd Round,5,Montanes A.,Galvani S.,105.0,158.0,411.0,264.0,7.0,5.0,6,1,3,6,2.0,6.0,6.0,4.0,3.0,2.0,Completed,1.57,2.25,1.53,2.45,1.6,2.3,1.637,2.47,1.55,2.38
ATP,2006,31,Paris,French Open,2006-05-31,Grand Slam,Outdoor,Clay,2nd Round,5,Moya C.,Youzhny M.,33.0,43.0,905.0,830.0,6.0,3.0,6,4,6,2,,,,,3.0,0.0,Completed,1.36,2.87,1.3,3.4,1.35,3.1,1.365,3.54,1.3,3.35
ATP,2006,31,Paris,French Open,2006-05-31,Grand Slam,Outdoor,Clay,2nd Round,5,Nalbandian D.,Gasquet R.,3.0,40.0,3065.0,835.0,6.0,2.0,3,6,7,5,6.0,0.0,,,3.0,1.0,Completed,1.22,4.0,1.2,4.4,1.2,4.25,1.25,4.6,1.2,4.3
ATP,2006,31,Paris,French Open,2006-05-31,Grand Slam,Outdoor,Clay,2nd Round,5,Sluiter R.,Lapentti N.,118.0,129.0,367.0,342.0,6.0,1.0,6,4,6,1,,,,,3.0,0.0,Completed,2.1,1.66,2.05,1.75,1.87,1.87,2.0,1.909,1.92,1.82
ATP,2006,31,Paris,French Open,2006-06-01,Grand Slam,Outdoor,Clay,2nd Round,5,Benneteau J.,Baghdatis M.,95.0,19.0,437.0,1399.0,3.0,6.0,6,4,6,3,6.0,7.0,6.0,4.0,3.0,2.0,Completed,3.25,1.33,2.8,1.42,3.1,1.35,3.37,1.389,3.18,1.33
ATP,2006,31,Paris,French Open,2006-06-01,Grand Slam,Outdoor,Clay,2nd Round,5,Djokovic N.,Gonzalez F.,63.0,9.0,627.0,1780.0,6.0,4.0,6,1,3,6,4.0,6.0,6.0,1.0,3.0,2.0,Completed,4.0,1.22,4.1,1.22,4.25,1.2,4.5,1.263,4.3,1.2
ATP,2006,31,Paris,French Open,2006-06-01,Grand Slam,Outdoor,Clay,2nd Round,5,Haas T.,Waske A.,25.0,94.0,1250.0,440.0,6.0,4.0,7,5,6,7,6.0,4.0,,,3.0,1.0,Completed,1.16,4.5,1.16,5.0,1.15,5.2,1.194,5.65,1.2,4.3
ATP,2006,31,Paris,French Open,2006-06-01,Grand Slam,Outdoor,Clay,2nd Round,5,Hewitt L.,Montcourt M.,14.0,213.0,1580.0,191.0,7.0,5.0,6,3,6,3,,,,,3.0,0.0,Completed,1.25,3.75,1.22,4.1,1.3,3.35,1.292,4.13,1.25,3.75
ATP,2006,31,Paris,French Open,2006-06-01,Grand Slam,Outdoor,Clay,2nd Round,5,Hrbaty D.,Karlovic I.,24.0,52.0,1250.0,771.0,4.0,6.0,6,4,6,7,7.0,5.0,6.0,2.0,3.0,2.0,Completed,1.66,2.1,1.7,2.1,1.73,2.03,1.746,2.24,1.78,1.98
ATP,2006,31,Paris,French Open,2006-06-01,Grand Slam,Outdoor,Clay,2nd Round,5,Ljubicic I.,Hernandez O.,4.0,131.0,2610.0,337.0,6.0,3.0,6,7,6,1,6.0,2.0,,,3.0,1.0,Completed,1.12,5.5,1.11,6.25,1.13,5.5,1.131,7.91,1.14,5.2
ATP,2006,31,Paris,French Open,2006-06-01,Grand Slam,Outdoor,Clay,2nd Round,5,Martin A.,Kindlmann D.,68.0,438.0,589.0,64.0,6.0,3.0,6,3,6,3,,,,,3.0,0.0,Completed,1.16,5.0,1.17,5.0,1.17,4.67,1.171,6.35,1.13,5.5
ATP,2006,31,Paris,French Open,2006-06-01,Grand Slam,Outdoor,Clay,2nd Round,5,Mathieu P.H.,Serra F.,32.0,44.0,920.0,822.0,6.0,0.0,7,6,7,6,,,,,3.0,0.0,Completed,1.53,2.37,1.67,2.2,1.55,2.35,1.694,2.34,1.68,2.12
ATP,2006,31,Paris,French Open,2006-06-01,Grand Slam,Outdoor,Clay,2nd Round,5,Monfils G.,Norman D.,28.0,110.0,1100.0,396.0,4.0,6.0,6,3,6,7,6.0,0.0,7.0,5.0,3.0,2.0,Completed,1.16,4.5,1.2,4.4,1.21,4.06,1.25,4.6,1.1,6.0
ATP,2006,31,Paris,French Open,2006-06-01,Grand Slam,Outdoor,Clay,2nd Round,5,Ramirez-Hidalgo R.,Rochus C.,79.0,76.0,525.0,555.0,5.0,2.0,,,,,,,,,0.0,0.0,Retired,1.5,2.5,1.5,2.55,1.45,2.6,1.49,2.84,1.48,2.55
ATP,2006,31,Paris,French Open,2006-06-01,Grand Slam,Outdoor,Clay,2nd Round,5,Robredo T.,Bozoljac I.,7.0,160.0,2020.0,262.0,7.0,5.0,6,2,3,6,6.0,1.0,,,3.0,1.0,Completed,1.05,8.5,1.04,10.0,1.05,8.5,1.044,18.5,1.04,11.0
ATP,2006,31,Paris,French Open,2006-06-01,Grand Slam,Outdoor,Clay,2nd Round,5,Rochus O.,Vanek J.,30.0,100.0,1080.0,416.0,6.0,2.0,6,0,6,2,,,,,3.0,0.0,Completed,1.16,4.5,1.17,4.85,1.17,4.67,1.181,6.01,1.15,5.0
ATP,2006,31,Paris,French Open,2006-06-01,Grand Slam,Outdoor,Clay,2nd Round,5,Stepanek R.,Sanguinetti D.,11.0,65.0,1735.0,610.0,6.0,3.0,6,3,6,1,,,,,3.0,0.0,Completed,1.12,5.5,1.13,5.65,1.17,4.67,1.166,6.41,1.17,4.7
ATP,2006,31,Paris,French Open,2006-06-01,Grand Slam,Outdoor,Clay,2nd Round,5,Tursunov D.,Henman T.,34.0,71.0,900.0,570.0,6.0,3.0,6,2,4,6,6.0,4.0,,,3.0,1.0,Completed,2.2,1.61,2.2,1.65,2.15,1.65,2.14,1.806,2.16,1.66
ATP,2006,31,Paris,French Open,2006-06-01,Grand Slam,Outdoor,Clay,2nd Round,5,Vassallo-Arguello M.,Grosjean S.,181.0,21.0,225.0,1340.0,1.0,6.0,6,4,4,6,7.0,5.0,6.0,2.0,3.0,2.0,Completed,5.5,1.12,5.65,1.13,5.19,1.14,6.45,1.168,5.3,1.14
ATP,2006,31,Paris,French Open,2006-06-02,Grand Slam,Outdoor,Clay,2nd Round,5,Ferrer D.,Chardy J.,15.0,455.0,1505.0,60.0,6.0,1.0,6,4,3,6,6.0,1.0,,,3.0,1.0,Completed,1.05,8.5,1.05,9.0,1.05,8.5,1.053,15.9,1.05,10.0
ATP,2006,31,Paris,French Open,2006-06-02,Grand Slam,Outdoor,Clay,2nd Round,5,Monaco J.,Verdasco F.,103.0,31.0,413.0,1005.0,4.0,6.0,6,4,6,4,6.0,1.0,,,3.0,1.0,Completed,2.62,1.44,2.6,1.48,2.6,1.46,2.89,1.478,3.05,1.36
ATP,2006,31,Paris,French Open,2006-06-02,Grand Slam,Outdoor,Clay,2nd Round,5,Nadal R.,Kim K.,2.0,116.0,4545.0,370.0,6.0,2.0,6,1,6,4,,,,,3.0,0.0,Completed,1.0,17.0,1.01,14.0,1.01,33.0,1.011,60.5,1.01,50.0
ATP,2006,31,Paris,French Open,2006-06-02,Grand Slam,Outdoor,Clay,2nd Round,5,Blake J.,Almagro N.,8.0,41.0,1925.0,834.0,6.0,7.0,6,2,6,4,6.0,4.0,,,3.0,1.0,Completed,3.39,1.3,3.1,1.35,2.92,1.37,3.16,1.424,2.98,1.37
ATP,2006,31,Paris,French Open,2006-06-02,Grand Slam,Outdoor,Clay,3rd Round,5,Ancic M.,Montanes A.,12.0,105.0,1710.0,411.0,6.0,1.0,6,2,6,4,,,,,3.0,0.0,Completed,1.25,3.75,1.3,3.5,1.32,3.22,1.324,3.79,1.28,3.5
ATP,2006,31,Paris,French Open,2006-06-02,Grand Slam,Outdoor,Clay,3rd Round,5,Berdych T.,Kiefer N.,20.0,13.0,1390.0,1590.0,6.0,1.0,,,,,,,,,1.0,0.0,Retired,1.3,3.39,1.3,3.5,1.32,3.22,1.332,3.71,1.28,3.55
ATP,2006,31,Paris,French Open,2006-06-02,Grand Slam,Outdoor,Clay,3rd Round,5,Davydenko N.,Moya C.,6.0,33.0,2395.0,905.0,6.0,1.0,7,5,6,3,,,,,3.0,0.0,Completed,1.36,3.0,1.45,2.75,1.45,2.6,1.442,3.06,1.38,2.95
ATP,2006,31,Paris,French Open,2006-06-02,Grand Slam,Outdoor,Clay,3rd Round,5,Federer R.,Massu N.,1.0,35.0,7010.0,885.0,6.0,1.0,6,2,6,7,7.0,5.0,,,3.0,1.0,Completed,1.01,12.0,1.03,12.0,1.04,14.0,1.043,19.5,1.03,14.0
ATP,2006,31,Paris,French Open,2006-06-02,Grand Slam,Outdoor,Clay,3rd Round,5,Gaudio G.,Ferrero J.C.,10.0,27.0,1745.0,1145.0,7.0,5.0,7,5,7,6,,,,,3.0,0.0,Completed,1.8,1.9,1.9,1.9,1.85,1.9,1.962,1.943,1.8,1.96
ATP,2006,31,Paris,French Open,2006-06-02,Grand Slam,Outdoor,Clay,3rd Round,5,Nalbandian D.,Tursunov D.,3.0,34.0,3065.0,900.0,2.0,6.0,5,7,6,4,6.0,2.0,6.0,4.0,3.0,2.0,Completed,1.08,7.0,1.1,7.0,1.1,6.75,1.111,8.75,1.09,6.7
ATP,2006,31,Paris,French Open,2006-06-02,Grand Slam,Outdoor,Clay,3rd Round,5,Robredo T.,Dlouhy L.,7.0,86.0,2020.0,465.0,6.0,1.0,6,4,6,2,,,,,3.0,0.0,Completed,1.08,7.0,1.08,8.0,1.08,6.9,1.089,10.25,1.09,6.7
ATP,2006,31,Paris,French Open,2006-06-02,Grand Slam,Outdoor,Clay,3rd Round,5,Vassallo-Arguello M.,Sluiter R.,181.0,118.0,225.0,367.0,2.0,6.0,6,4,6,3,3.0,6.0,6.0,1.0,3.0,2.0,Completed,1.57,2.25,1.7,2.15,1.65,2.15,1.741,2.25,1.7,2.1
ATP,2006,31,Paris,French Open,2006-06-03,Grand Slam,Outdoor,Clay,3rd Round,5,Benneteau J.,Stepanek R.,95.0,11.0,437.0,1735.0,5.0,7.0,7,5,7,6,6.0,3.0,,,3.0,1.0,Completed,4.0,1.22,4.25,1.22,3.89,1.23,5.2,1.217,4.3,1.2
ATP,2006,31,Paris,French Open,2006-06-03,Grand Slam,Outdoor,Clay,3rd Round,5,Djokovic N.,Haas T.,63.0,25.0,627.0,1250.0,7.0,5.0,6,1,7,6,,,,,3.0,0.0,Completed,1.61,2.2,1.65,2.25,1.55,2.35,1.671,2.39,1.61,2.25
ATP,2006,31,Paris,French Open,2006-06-03,Grand Slam,Outdoor,Clay,3rd Round,5,Hewitt L.,Hrbaty D.,14.0,24.0,1580.0,1250.0,7.0,6.0,6,2,6,2,,,,,3.0,0.0,Completed,1.61,2.2,1.6,2.35,1.6,2.25,1.61,2.54,1.55,2.38
ATP,2006,31,Paris,French Open,2006-06-03,Grand Slam,Outdoor,Clay,3rd Round,5,Martin A.,Rochus O.,68.0,30.0,589.0,1080.0,7.0,5.0,4,6,6,7,6.0,1.0,6.0,4.0,3.0,2.0,Completed,2.2,1.61,2.1,1.73,2.12,1.67,2.18,1.781,2.15,1.66
ATP,2006,31,Paris,French Open,2006-06-03,Grand Slam,Outdoor,Clay,3rd Round,5,Nadal R.,Mathieu P.H.,2.0,32.0,4545.0,920.0,5.0,7.0,6,4,6,4,6.0,4.0,,,3.0,1.0,Completed,1.02,11.0,1.03,11.0,1.03,13.5,1.033,23.5,1.04,11.0
ATP,2006,31,Paris,French Open,2006-06-03,Grand Slam,Outdoor,Clay,3rd Round,5,Ramirez-Hidalgo R.,Ferrer D.,79.0,15.0,525.0,1505.0,7.0,6.0,7,6,6,4,,,,,3.0,0.0,Completed,5.0,1.14,5.25,1.16,5.2,1.15,6.51,1.164,5.2,1.15
ATP,2006,31,Paris,French Open,2006-06-04,Grand Slam,Outdoor,Clay,3rd Round,5,Ljubicic I.,Monaco J.,4.0,103.0,2610.0,413.0,4.0,6.0,5,7,6,3,6.0,4.0,6.0,2.0,3.0,2.0,Completed,1.33,3.25,1.35,3.2,1.3,3.35,1.435,3.1,1.35,3.05
ATP,2006,31,Paris,French Open,2006-06-04,Grand Slam,Outdoor,Clay,3rd Round,5,Monfils G.,Blake J.,28.0,8.0,1100.0,1925.0,6.0,2.0,6,7,7,6,5.0,7.0,6.0,4.0,3.0,2.0,Completed,3.25,1.33,3.5,1.3,3.1,1.35,3.5,1.37,3.3,1.32
ATP,2006,31,Paris,French Open,2006-06-04,Grand Slam,Outdoor,Clay,4th Round,5,Davydenko N.,Gaudio G.,6.0,10.0,2395.0,1745.0,6.0,3.0,6,4,3,6,6.0,3.0,,,3.0,1.0,Completed,1.53,2.37,1.62,2.3,1.6,2.3,1.641,2.46,1.58,2.33
ATP,2006,31,Paris,French Open,2006-06-04,Grand Slam,Outdoor,Clay,4th Round,5,Ancic M.,Robredo T.,12.0,7.0,1710.0,2020.0,6.0,4.0,4,6,2,6,6.0,4.0,7.0,5.0,3.0,2.0,Completed,3.0,1.36,3.1,1.37,3.1,1.35,3.57,1.361,2.97,1.37
ATP,2006,31,Paris,French Open,2006-06-04,Grand Slam,Outdoor,Clay,4th Round,5,Federer R.,Berdych T.,1.0,20.0,7010.0,1390.0,6.0,3.0,6,2,6,3,,,,,3.0,0.0,Completed,1.06,8.0,1.1,7.0,1.11,5.84,1.133,7.84,1.1,7.2
ATP,2006,31,Paris,French Open,2006-06-04,Grand Slam,Outdoor,Clay,4th Round,5,Nalbandian D.,Vassallo-Arguello M.,3.0,181.0,3065.0,225.0,6.0,4.0,6,4,6,4,,,,,3.0,0.0,Completed,1.06,8.0,1.07,8.5,1.1,6.75,1.098,9.25,1.08,7.8
ATP,2006,31,Paris,French Open,2006-06-05,Grand Slam,Outdoor,Clay,4th Round,5,Benneteau J.,Martin A.,95.0,68.0,437.0,589.0,5.0,1.0,,,,,,,,,0.0,0.0,Retired,2.37,1.53,2.65,1.48,2.75,1.42,2.74,1.529,2.5,1.5
ATP,2006,31,Paris,French Open,2006-06-05,Grand Slam,Outdoor,Clay,4th Round,5,Djokovic N.,Monfils G.,63.0,28.0,627.0,1100.0,7.0,6.0,7,6,6,3,,,,,3.0,0.0,Completed,1.57,2.25,1.53,2.5,1.58,2.28,1.581,2.62,1.57,2.35
ATP,2006,31,Paris,French Open,2006-06-05,Grand Slam,Outdoor,Clay,4th Round,5,Ljubicic I.,Ramirez-Hidalgo R.,4.0,79.0,2610.0,525.0,6.0,3.0,3,6,6,3,6.0,2.0,,,3.0,1.0,Completed,1.39,2.75,1.48,2.65,1.5,2.45,1.543,2.72,1.53,2.42
ATP,2006,31,Paris,French Open,2006-06-05,Grand Slam,Outdoor,Clay,4th Round,5,Nadal R.,Hewitt L.,2.0,14.0,4545.0,1580.0,6.0,2.0,5,7,6,4,6.0,2.0,,,3.0,1.0,Completed,1.05,8.5,1.06,9.0,1.05,8.5,1.076,11.65,1.07,8.0
ATP,2006,31,Paris,French Open,2006-06-06,Grand Slam,Outdoor,Clay,Quarterfinals,5,Federer R.,Ancic M.,1.0,12.0,7010.0,1710.0,6.0,4.0,6,3,6,4,,,,,3.0,0.0,Completed,1.04,9.0,1.03,12.0,1.05,8.5,1.05,16.0,1.05,10.0
ATP,2006,31,Paris,French Open,2006-06-06,Grand Slam,Outdoor,Clay,Quarterfinals,5,Nalbandian D.,Davydenko N.,3.0,6.0,3065.0,2395.0,6.0,3.0,6,3,2,6,6.0,4.0,,,3.0,1.0,Completed,1.53,2.37,1.7,2.15,1.65,2.15,1.662,2.41,1.67,2.15
ATP,2006,31,Paris,French Open,2006-06-07,Grand Slam,Outdoor,Clay,Quarterfinals,5,Ljubicic I.,Benneteau J.,4.0,95.0,2610.0,437.0,6.0,2.0,6,2,6,3,,,,,3.0,0.0,Completed,1.28,3.75,1.33,3.3,1.24,3.81,1.346,3.69,1.29,3.5
ATP,2006,31,Paris,French Open,2006-06-07,Grand Slam,Outdoor,Clay,Quarterfinals,5,Nadal R.,Djokovic N.,2.0,63.0,4545.0,627.0,6.0,4.0,6,4,0,0,,,,,2.0,0.0,Retired,1.04,11.0,1.05,10.0,1.05,8.5,1.069,12.46,1.04,12.0
ATP,2006,31,Paris,French Open,2006-06-09,Grand Slam,Outdoor,Clay,Semifinals,5,Federer R.,Nalbandian D.,1.0,3.0,7010.0,3065.0,3.0,6.0,6,4,5,2,,,,,1.0,1.0,Retired,1.19,4.5,1.22,4.25,1.24,3.81,1.261,4.53,1.26,3.95
ATP,2006,31,Paris,French Open,2006-06-09,Grand Slam,Outdoor,Clay,Semifinals,5,Nadal R.,Ljubicic I.,2.0,4.0,4545.0,2610.0,6.0,4.0,6,2,7,6,,,,,3.0,0.0,Completed,1.06,8.5,1.06,9.0,1.06,7.79,1.1,9.0,1.07,8.5
ATP,2006,31,Paris,French Open,2006-06-11,Grand Slam,Outdoor,Clay,The Final,5,Nadal R.,Federer R.,2.0,1.0,4545.0,7010.0,1.0,6.0,6,1,6,4,7.0,6.0,,,3.0,1.0,Completed,1.61,2.25,1.7,2.15,1.65,2.15,1.719,2.29,1.67,2.22
ATP,2006,36,London,Wimbledon,2006-06-27,Grand Slam,Outdoor,Grass,1st Round,5,Bjorkman J.,Johansson T.,59.0,21.0,638.0,1330.0,3.0,6.0,7,6,6,1,6.0,1.0,,,3.0,1.0,Completed,2.37,1.53,2.35,1.6,2.45,1.5,2.58,1.595,2.35,1.57
ATP,2006,36,London,Wimbledon,2006-06-27,Grand Slam,Outdoor,Grass,1st Round,5,Dlouhy L.,Serra F.,84.0,36.0,475.0,860.0,4.0,6.0,6,3,6,4,7.0,5.0,,,3.0,1.0,Completed,4.33,1.19,3.65,1.28,3.46,1.28,4.2,1.286,3.9,1.24
ATP,2006,36,London,Wimbledon,2006-06-27,Grand Slam,Outdoor,Grass,1st Round,5,Nalbandian D.,Moodie W.,3.0,73.0,3360.0,561.0,6.0,3.0,6,4,6,1,,,,,3.0,0.0,Completed,1.08,7.0,1.12,6.25,1.1,6.75,1.151,7.01,1.1,6.6
ATP,2006,36,London,Wimbledon,2006-06-27,Grand Slam,Outdoor,Grass,1st Round,5,Ancic M.,Almagro N.,10.0,47.0,1885.0,818.0,7.0,6.0,7,5,7,6,,,,,3.0,0.0,Completed,1.05,9.0,1.07,8.5,1.1,6.75,1.077,12.0,1.06,8.8
ATP,2006,36,London,Wimbledon,2006-06-27,Grand Slam,Outdoor,Grass,1st Round,5,Clement A.,Portas A.,57.0,115.0,662.0,386.0,6.0,3.0,6,2,6,4,,,,,3.0,0.0,Completed,1.06,8.0,1.08,8.0,1.07,7.19,1.091,10.0,1.06,8.5
ATP,2006,36,London,Wimbledon,2006-06-27,Grand Slam,Outdoor,Grass,1st Round,5,Wang Y.T.,Marach O.,99.0,96.0,431.0,433.0,6.0,1.0,7,6,6,0,,,,,3.0,0.0,Completed,1.22,4.0,1.25,4.0,1.26,3.59,1.285,4.21,1.25,3.75
ATP,2006,36,London,Wimbledon,2006-06-27,Grand Slam,Outdoor,Grass,1st Round,5,Sanguinetti D.,Kim K.,69.0,108.0,585.0,403.0,6.0,3.0,7,6,6,1,,,,,3.0,0.0,Completed,2.1,1.66,2.15,1.7,2.25,1.6,2.47,1.637,2.15,1.67
ATP,2006,36,London,Wimbledon,2006-06-27,Grand Slam,Outdoor,Grass,1st Round,5,Blake J.,Pless K.,7.0,139.0,2085.0,311.0,6.0,3.0,7,5,5,7,6.0,4.0,,,3.0,1.0,Completed,1.04,9.0,1.08,8.0,1.06,7.79,1.105,8.5,1.06,8.5
ATP,2006,36,London,Wimbledon,2006-06-27,Grand Slam,Outdoor,Grass,1st Round,5,Ferrero J.C.,Vicente F.,28.0,100.0,1130.0,430.0,6.0,1.0,6,3,6,2,,,,,3.0,0.0,Completed,1.14,5.0,1.14,5.65,1.13,5.5,1.152,7.0,1.15,5.1
ATP,2006,36,London,Wimbledon,2006-06-27,Grand Slam,Outdoor,Grass,1st Round,5,Karanusic R.,Schuettler R.,163.0,82.0,253.0,483.0,7.0,6.0,4,6,6,2,6.0,1.0,,,3.0,1.0,Completed,1.83,1.83,1.81,2.0,1.8,1.95,1.813,2.13,1.77,2.0
ATP,2006,36,London,Wimbledon,2006-06-27,Grand Slam,Outdoor,Grass,1st Round,5,Santoro F.,Arthurs W.,45.0,187.0,822.0,216.0,7.0,6.0,6,3,3,6,6.0,1.0,,,3.0,1.0,Completed,1.57,2.25,1.65,2.25,1.6,2.3,1.68,2.37,1.57,2.33
ATP,2006,36,London,Wimbledon,2006-06-27,Grand Slam,Outdoor,Grass,1st Round,5,Berdych T.,Hernych J.,14.0,93.0,1635.0,448.0,6.0,3.0,6,4,7,5,,,,,3.0,0.0,Completed,1.28,3.5,1.33,3.3,1.3,3.35,1.337,3.77,1.35,3.1
ATP,2006,36,London,Wimbledon,2006-06-27,Grand Slam,Outdoor,Grass,1st Round,5,Youzhny M.,Starace P.,41.0,76.0,830.0,539.0,6.0,0.0,6,4,6,1,,,,,3.0,0.0,Completed,1.12,5.5,1.16,5.25,1.15,5.2,1.187,5.85,1.16,4.9
ATP,2006,36,London,Wimbledon,2006-06-27,Grand Slam,Outdoor,Grass,1st Round,5,Kunitsyn I.,Monfils G.,105.0,23.0,406.0,1285.0,5.0,7.0,7,6,6,3,6.0,4.0,,,3.0,1.0,Completed,4.5,1.16,5.0,1.17,4.25,1.2,5.76,1.19,4.6,1.18
ATP,2006,36,London,Wimbledon,2006-06-27,Grand Slam,Outdoor,Grass,1st Round,5,Henman T.,Soderling R.,64.0,37.0,615.0,858.0,6.0,7.0,6,3,6,2,1.0,6.0,6.0,3.0,3.0,2.0,Completed,1.5,2.5,1.6,2.35,1.58,2.28,1.565,2.67,1.57,2.4
ATP,2006,36,London,Wimbledon,2006-06-27,Grand Slam,Outdoor,Grass,1st Round,5,Vliegen K.,Novak J.,34.0,110.0,927.0,400.0,6.0,4.0,7,5,6,2,,,,,3.0,0.0,Completed,1.39,2.75,1.35,3.2,1.35,3.1,1.402,3.29,1.36,3.05
ATP,2006,36,London,Wimbledon,2006-06-27,Grand Slam,Outdoor,Grass,1st Round,5,Calleri A.,Srichaphan P.,58.0,38.0,652.0,845.0,6.0,7.0,7,5,6,3,3.0,6.0,6.0,2.0,3.0,2.0,Completed,4.33,1.19,4.55,1.2,5.19,1.14,5.44,1.207,4.05,1.22
ATP,2006,36,London,Wimbledon,2006-06-27,Grand Slam,Outdoor,Grass,1st Round,5,Federer R.,Gasquet R.,1.0,50.0,7260.0,760.0,6.0,3.0,6,2,6,2,,,,,3.0,0.0,Completed,1.05,9.0,1.05,10.0,1.08,6.92,1.068,12.7,1.07,8.3
ATP,2006,36,London,Wimbledon,2006-06-27,Grand Slam,Outdoor,Grass,1st Round,5,Philippoussis M.,Mathieu P.H.,210.0,35.0,184.0,920.0,5.0,7.0,7,6,6,3,7.0,6.0,,,3.0,1.0,Completed,1.57,2.25,1.6,2.35,1.45,2.6,1.617,2.52,1.5,2.5
ATP,2006,36,London,Wimbledon,2006-06-27,Grand Slam,Outdoor,Grass,1st Round,5,Wawrinka S.,Karlovic I.,67.0,60.0,598.0,631.0,7.0,6.0,3,6,6,2,6.0,7.0,11.0,9.0,3.0,2.0,Completed,4.0,1.22,3.65,1.28,3.22,1.32,3.94,1.309,3.75,1.25
ATP,2006,36,London,Wimbledon,2006-06-27,Grand Slam,Outdoor,Grass,1st Round,5,Malisse X.,Dorsch B.,43.0,181.0,826.0,222.0,6.0,2.0,7,5,6,2,,,,,3.0,0.0,Completed,1.14,5.0,1.13,6.0,1.15,5.2,1.192,5.71,1.14,5.4
ATP,2006,36,London,Wimbledon,2006-06-27,Grand Slam,Outdoor,Grass,1st Round,5,Djokovic N.,Goldstein P.,39.0,65.0,841.0,611.0,6.0,3.0,6,2,7,6,,,,,3.0,0.0,Completed,1.39,2.75,1.45,2.75,1.5,2.45,1.441,3.07,1.46,2.62
ATP,2006,36,London,Wimbledon,2006-06-27,Grand Slam,Outdoor,Grass,1st Round,5,Stepanek R.,Dancevic F.,13.0,125.0,1710.0,361.0,7.0,6.0,6,3,6,4,,,,,3.0,0.0,Completed,1.25,3.75,1.25,4.0,1.26,3.59,1.273,4.36,1.26,3.7
ATP,2006,36,London,Wimbledon,2006-06-27,Grand Slam,Outdoor,Grass,1st Round,5,Mahut N.,Melzer J.,77.0,78.0,530.0,505.0,6.0,7.0,7,5,6,1,6.0,4.0,,,3.0,1.0,Completed,2.25,1.57,2.25,1.65,2.34,1.56,2.48,1.633,2.18,1.65
ATP,2006,36,London,Wimbledon,2006-06-27,Grand Slam,Outdoor,Grass,1st Round,5,Mirnyi M.,Ramirez-Hidalgo R.,53.0,62.0,710.0,625.0,6.0,7.0,6,4,6,3,6.0,3.0,,,3.0,1.0,Completed,1.08,7.0,1.08,8.0,1.1,6.75,1.1,9.0,1.1,6.5
ATP,2006,36,London,Wimbledon,2006-06-27,Grand Slam,Outdoor,Grass,1st Round,5,Becker B.,Chela J.I.,161.0,48.0,256.0,815.0,6.0,3.0,3,6,6,3,6.0,4.0,,,3.0,1.0,Completed,1.66,2.1,1.6,2.35,1.6,2.3,1.68,2.37,1.65,2.18
ATP,2006,36,London,Wimbledon,2006-06-27,Grand Slam,Outdoor,Grass,1st Round,5,Bloomfield R.,Berlocq C.,259.0,89.0,140.0,456.0,6.0,1.0,6,2,6,2,,,,,3.0,0.0,Completed,1.14,5.0,1.25,3.95,1.17,4.67,1.2,5.5,1.16,4.8
ATP,2006,36,London,Wimbledon,2006-06-27,Grand Slam,Outdoor,Grass,1st Round,5,Haas T.,Vanek J.,24.0,92.0,1250.0,449.0,7.0,6.0,7,5,6,4,,,,,3.0,0.0,Completed,1.06,8.0,1.06,9.0,1.06,7.79,1.071,12.0,1.08,7.4
ATP,2006,36,London,Wimbledon,2006-06-27,Grand Slam,Outdoor,Grass,1st Round,5,Robredo T.,Greul S.,8.0,85.0,1920.0,475.0,6.0,2.0,6,2,5,7,7.0,6.0,,,3.0,1.0,Completed,1.14,5.0,1.15,5.4,1.15,5.2,1.167,6.4,1.14,5.4
ATP,2006,36,London,Wimbledon,2006-06-27,Grand Slam,Outdoor,Grass,1st Round,5,Galvani S.,Waske A.,141.0,90.0,308.0,455.0,4.0,6.0,7,6,6,4,3.0,6.0,16.0,14.0,3.0,2.0,Completed,2.5,1.5,2.65,1.48,2.35,1.55,2.7,1.556,2.5,1.5
ATP,2006,36,London,Wimbledon,2006-06-27,Grand Slam,Outdoor,Grass,1st Round,5,Verdasco F.,Spadea V.,30.0,75.0,1045.0,540.0,3.0,6.0,6,4,7,6,6.0,3.0,,,3.0,1.0,Completed,1.44,2.62,1.4,2.95,1.46,2.6,1.413,3.22,1.45,2.65
ATP,2006,36,London,Wimbledon,2006-06-27,Grand Slam,Outdoor,Grass,1st Round,5,Agassi A.,Pashanski B.,20.0,71.0,1330.0,582.0,2.0,6.0,6,2,6,4,6.0,3.0,,,3.0,1.0,Completed,1.1,6.5,1.12,6.25,1.15,5.2,1.154,6.91,1.1,6.5
ATP,2006,36,London,Wimbledon,2006-06-27,Grand Slam,Outdoor,Grass,1st Round,5,Nadal R.,Bogdanovic A.,2.0,135.0,4545.0,318.0,6.0,4.0,7,6,6,4,,,,,3.0,0.0,Completed,1.04,10.0,1.08,8.0,1.1,6.75,1.1,9.0,1.07,8.0
ATP,2006,36,London,Wimbledon,2006-06-27,Grand Slam,Outdoor,Grass,1st Round,5,Safin M.,Rusedski G.,87.0,40.0,465.0,830.0,6.0,4.0,6,4,6,4,,,,,3.0,0.0,Completed,1.5,2.5,1.57,2.4,1.42,2.75,1.543,2.74,1.44,2.7
ATP,2006,36,London,Wimbledon,2006-06-27,Grand Slam,Outdoor,Grass,1st Round,5,Gonzalez F.,Horna L.,11.0,52.0,1755.0,732.0,7.0,6.0,7,5,6,2,,,,,3.0,0.0,Completed,1.1,6.5,1.12,6.25,1.1,6.75,1.095,9.5,1.1,6.5
ATP,2006,36,London,Wimbledon,2006-06-27,Grand Slam,Outdoor,Grass,1st Round,5,Delgado J.,Berrer M.,447.0,116.0,61.0,384.0,6.0,4.0,6,2,3,6,3.0,6.0,6.0,3.0,3.0,2.0,Completed,2.2,1.61,2.45,1.53,2.55,1.5,2.5,1.625,2.4,1.54
ATP,2006,36,London,Wimbledon,2006-06-27,Grand Slam,Outdoor,Grass,1st Round,5,Kendrick R.,Lu Y.H.,237.0,119.0,163.0,378.0,7.0,6.0,6,3,6,0,,,,,3.0,0.0,Completed,2.1,1.66,2.05,1.77,2.05,1.75,2.1,1.833,2.0,1.77
ATP,2006,36,London,Wimbledon,2006-06-27,Grand Slam,Outdoor,Grass,1st Round,5,Rochus O.,Muller G.,29.0,66.0,1120.0,603.0,6.0,4.0,7,5,6,3,,,,,3.0,0.0,Completed,1.28,3.5,1.25,4.0,1.25,3.9,1.269,4.42,1.24,3.85
ATP,2006,36,London,Wimbledon,2006-06-27,Grand Slam,Outdoor,Grass,1st Round,5,Bracciali D.,Hrbaty D.,54.0,22.0,699.0,1320.0,6.0,2.0,6,4,6,4,,,,,3.0,0.0,Completed,1.72,2.0,1.73,2.1,1.6,2.25,1.763,2.21,1.72,2.05
ATP,2006,36,London,Wimbledon,2006-06-27,Grand Slam,Outdoor,Grass,1st Round,5,Seppi A.,Baker J.,68.0,295.0,590.0,118.0,6.0,3.0,6,7,6,4,6.0,3.0,,,3.0,1.0,Completed,1.22,4.0,1.17,5.0,1.15,5.2,1.202,5.56,1.17,4.8
ATP,2006,36,London,Wimbledon,2006-06-27,Grand Slam,Outdoor,Grass,1st Round,5,Murray A.,Massu N.,44.0,33.0,826.0,955.0,6.0,1.0,6,4,6,4,,,,,3.0,0.0,Completed,1.33,3.25,1.35,3.2,1.37,2.92,1.324,3.79,1.33,3.2
ATP,2006,36,London,Wimbledon,2006-06-27,Grand Slam,Outdoor,Grass,1st Round,5,Kohlschreiber P.,Sabau R.,88.0,131.0,459.0,332.0,6.0,2.0,6,2,6,4,,,,,3.0,0.0,Completed,1.33,3.25,1.33,3.3,1.35,3.1,1.324,3.79,1.36,3.0
ATP,2006,36,London,Wimbledon,2006-06-28,Grand Slam,Outdoor,Grass,1st Round,5,Nieminen J.,Daniel M.,18.0,80.0,1390.0,497.0,6.0,2.0,6,4,7,5,,,,,3.0,0.0,Completed,1.1,6.5,1.1,7.0,1.13,5.5,1.13,8.0,1.1,6.5
ATP,2006,36,London,Wimbledon,2006-06-28,Grand Slam,Outdoor,Grass,1st Round,5,Martin A.,di Mauro A.,51.0,83.0,734.0,479.0,6.0,3.0,6,4,6,1,,,,,3.0,0.0,Completed,1.44,2.62,1.45,2.75,1.42,2.75,1.452,3.01,1.48,2.55
ATP,2006,36,London,Wimbledon,2006-06-28,Grand Slam,Outdoor,Grass,1st Round,5,Gaudio G.,Faurel J.C.,12.0,145.0,1745.0,293.0,7.0,5.0,3,6,6,2,6.0,4.0,,,3.0,1.0,Completed,1.44,2.62,1.57,2.4,1.53,2.4,1.578,2.63,1.55,2.38
ATP,2006,36,London,Wimbledon,2006-06-28,Grand Slam,Outdoor,Grass,1st Round,5,Labadze I.,Peya A.,166.0,207.0,249.0,190.0,6.0,4.0,4,6,5,7,6.0,3.0,6.0,1.0,3.0,2.0,Completed,1.83,1.83,,,1.8,1.95,2.09,1.84,,
ATP,2006,36,London,Wimbledon,2006-06-28,Grand Slam,Outdoor,Grass,1st Round,5,van Gemerden M.,Goodall J.,106.0,398.0,404.0,76.0,6.0,4.0,7,5,7,5,,,,,3.0,0.0,Completed,2.5,1.5,2.45,1.53,2.35,1.55,2.4,1.667,2.33,1.57
ATP,2006,36,London,Wimbledon,2006-06-28,Grand Slam,Outdoor,Grass,1st Round,5,Fish M.,Ginepri R.,86.0,17.0,471.0,1480.0,6.0,3.0,6,2,6,4,,,,,3.0,0.0,Completed,1.66,2.1,1.62,2.3,1.65,2.2,1.758,2.22,1.55,2.38
ATP,2006,36,London,Wimbledon,2006-06-28,Grand Slam,Outdoor,Grass,1st Round,5,Lee M.,Norman D.,252.0,118.0,149.0,378.0,6.0,2.0,7,6,7,6,,,,,3.0,0.0,Completed,3.25,1.33,3.5,1.3,3.63,1.27,3.85,1.317,3.5,1.28
ATP,2006,36,London,Wimbledon,2006-06-28,Grand Slam,Outdoor,Grass,1st Round,5,Gimelstob J.,Rochus C.,95.0,70.0,436.0,585.0,6.0,3.0,6,4,6,4,,,,,3.0,0.0,Completed,1.28,3.5,1.3,3.5,1.25,3.9,1.287,4.19,1.22,4.0
ATP,2006,36,London,Wimbledon,2006-06-28,Grand Slam,Outdoor,Grass,1st Round,5,Ljubicic I.,Lopez F.,4.0,49.0,3055.0,810.0,6.0,3.0,6,4,5,7,3.0,6.0,11.0,9.0,3.0,2.0,Completed,1.36,3.0,1.48,2.65,1.5,2.45,1.45,3.02,1.44,2.72
ATP,2006,36,London,Wimbledon,2006-06-28,Grand Slam,Outdoor,Grass,1st Round,5,Tursunov D.,Udomchoke D.,31.0,97.0,980.0,432.0,6.0,1.0,6,4,6,2,,,,,3.0,0.0,Completed,1.14,5.0,1.2,4.55,1.14,5.19,1.192,5.7,1.18,4.6
ATP,2006,36,London,Wimbledon,2006-06-28,Grand Slam,Outdoor,Grass,1st Round,5,Ferrer D.,Stadler S.,19.0,265.0,1330.0,135.0,6.0,1.0,6,4,6,4,,,,,3.0,0.0,Completed,1.39,2.75,1.45,2.75,1.48,2.53,1.437,3.09,1.43,2.73
ATP,2006,36,London,Wimbledon,2006-06-28,Grand Slam,Outdoor,Grass,1st Round,5,Benneteau J.,Phau B.,55.0,61.0,682.0,629.0,5.0,7.0,6,4,6,2,7.0,6.0,,,3.0,1.0,Completed,1.57,2.25,1.53,2.5,1.55,2.35,1.549,2.72,1.57,2.33
ATP,2006,36,London,Wimbledon,2006-06-28,Grand Slam,Outdoor,Grass,1st Round,5,Baghdatis M.,Mackin A.,16.0,367.0,1494.0,86.0,6.0,4.0,6,7,6,7,7.0,5.0,6.0,2.0,3.0,2.0,Completed,1.07,7.5,1.1,7.0,1.07,7.19,1.089,10.25,1.1,6.6
ATP,2006,36,London,Wimbledon,2006-06-28,Grand Slam,Outdoor,Grass,1st Round,5,Falla A.,Davydenko N.,127.0,6.0,343.0,2195.0,2.0,6.0,7,6,7,6,6.0,3.0,,,3.0,1.0,Completed,2.75,1.39,2.4,1.57,2.6,1.45,2.75,1.541,2.55,1.48
ATP,2006,36,London,Wimbledon,2006-06-28,Grand Slam,Outdoor,Grass,1st Round,5,Mayer F.,Vik R.,63.0,74.0,618.0,553.0,6.0,3.0,6,3,6,3,,,,,3.0,0.0,Completed,1.33,3.25,1.33,3.3,1.37,2.92,1.328,3.75,1.35,3.1
ATP,2006,36,London,Wimbledon,2006-06-28,Grand Slam,Outdoor,Grass,1st Round,5,Zib T.,Montanes A.,126.0,114.0,352.0,389.0,6.0,3.0,6,4,7,6,,,,,3.0,0.0,Completed,1.44,2.62,1.48,2.65,1.45,2.65,1.524,2.78,1.45,2.65
ATP,2006,36,London,Wimbledon,2006-06-28,Grand Slam,Outdoor,Grass,1st Round,5,Pavel A.,Granollers M.,79.0,218.0,499.0,177.0,7.0,6.0,6,4,6,4,,,,,3.0,0.0,Completed,1.36,3.0,1.4,2.95,1.35,3.1,1.403,3.28,1.33,3.2
ATP,2006,36,London,Wimbledon,2006-06-28,Grand Slam,Outdoor,Grass,1st Round,5,Grosjean S.,Simon G.,26.0,46.0,1180.0,822.0,6.0,4.0,6,2,6,4,,,,,3.0,0.0,Completed,1.16,4.5,1.18,4.55,1.2,4.35,1.182,6.0,1.2,4.3
ATP,2006,36,London,Wimbledon,2006-06-28,Grand Slam,Outdoor,Grass,1st Round,5,Garcia-Lopez G.,Minar I.,91.0,109.0,453.0,401.0,7.0,6.0,4,6,7,6,6.0,2.0,,,3.0,1.0,Completed,1.9,1.8,2.05,1.77,1.95,1.8,2.29,1.719,2.0,1.77
ATP,2006,36,London,Wimbledon,2006-06-28,Grand Slam,Outdoor,Grass,1st Round,5,Roddick A.,Tipsarevic J.,5.0,101.0,2430.0,427.0,6.0,7.0,6,4,7,6,6.0,2.0,,,3.0,1.0,Completed,1.06,8.0,1.1,7.0,1.1,6.75,1.085,10.75,1.1,6.5
ATP,2006,36,London,Wimbledon,2006-06-28,Grand Slam,Outdoor,Grass,1st Round,5,Hewitt L.,Volandri F.,9.0,56.0,1900.0,676.0,6.0,1.0,6,1,6,3,,,,,3.0,0.0,Completed,1.01,15.0,1.02,14.0,1.04,9.25,1.023,32.42,1.03,12.0
ATP,2006,36,London,Wimbledon,2006-06-28,Grand Slam,Outdoor,Grass,1st Round,5,Lee H.T.,Saretta F.,102.0,112.0,422.0,393.0,7.0,6.0,6,3,7,5,,,,,3.0,0.0,Completed,1.28,3.5,1.33,3.3,1.35,3.1,1.297,4.07,1.29,3.45
ATP,2006,36,London,Wimbledon,2006-06-28,Grand Slam,Outdoor,Grass,2nd Round,5,Nalbandian D.,Clement A.,3.0,57.0,3360.0,662.0,6.0,4.0,6,4,6,3,,,,,3.0,0.0,Completed,1.08,7.0,1.11,6.5,1.1,6.75,1.083,11.0,1.11,6.4
ATP,2006,36,London,Wimbledon,2006-06-28,Grand Slam,Outdoor,Grass,2nd Round,5,Stepanek R.,Malisse X.,13.0,43.0,1710.0,826.0,6.0,3.0,6,7,7,5,6.0,1.0,,,3.0,1.0,Completed,1.72,2.0,1.9,1.9,1.85,1.9,1.943,1.962,1.77,2.0
ATP,2006,36,London,Wimbledon,2006-06-28,Grand Slam,Outdoor,Grass,2nd Round,5,Ferrero J.C.,Karanusic R.,28.0,163.0,1130.0,253.0,6.0,3.0,7,6,6,3,,,,,3.0,0.0,Completed,1.3,3.39,1.25,4.0,1.24,3.81,1.304,3.99,1.28,3.5
ATP,2006,36,London,Wimbledon,2006-06-28,Grand Slam,Outdoor,Grass,2nd Round,5,Ancic M.,Sanguinetti D.,10.0,69.0,1885.0,585.0,6.0,4.0,6,2,6,1,,,,,3.0,0.0,Completed,1.06,8.0,1.08,8.0,1.1,6.75,1.07,12.83,1.1,6.5
ATP,2006,36,London,Wimbledon,2006-06-28,Grand Slam,Outdoor,Grass,2nd Round,5,Blake J.,Wang Y.T.,7.0,99.0,2085.0,431.0,6.0,4.0,6,2,4,6,6.0,2.0,,,3.0,1.0,Completed,1.1,6.5,1.1,7.0,1.11,5.84,1.156,6.8,1.12,5.8
ATP,2006,36,London,Wimbledon,2006-06-28,Grand Slam,Outdoor,Grass,2nd Round,5,Mahut N.,Vliegen K.,77.0,34.0,530.0,927.0,6.0,4.0,6,4,6,3,,,,,3.0,0.0,Completed,2.5,1.5,2.35,1.6,2.6,1.45,2.61,1.585,2.5,1.5
ATP,2006,36,London,Wimbledon,2006-06-28,Grand Slam,Outdoor,Grass,2nd Round,5,Wawrinka S.,Calleri A.,67.0,58.0,598.0,652.0,7.0,6.0,7,5,6,3,,,,,3.0,0.0,Completed,1.83,1.83,2.05,1.77,1.8,1.95,2.07,1.855,2.0,1.8
ATP,2006,36,London,Wimbledon,2006-06-28,Grand Slam,Outdoor,Grass,2nd Round,5,Haas T.,Bloomfield R.,24.0,259.0,1250.0,140.0,6.0,3.0,6,4,7,6,,,,,3.0,0.0,Completed,1.06,8.0,1.06,9.0,1.07,7.19,1.071,12.0,1.06,8.5
ATP,2006,36,London,Wimbledon,2006-06-28,Grand Slam,Outdoor,Grass,2nd Round,5,Youzhny M.,Kunitsyn I.,41.0,105.0,830.0,406.0,6.0,3.0,6,1,3,0,,,,,2.0,0.0,Retired,1.36,3.0,1.3,3.5,1.3,3.35,1.369,3.51,1.32,3.25
ATP,2006,36,London,Wimbledon,2006-06-28,Grand Slam,Outdoor,Grass,2nd Round,5,Mirnyi M.,Philippoussis M.,53.0,210.0,710.0,184.0,7.0,6.0,6,4,6,7,6.0,3.0,,,3.0,1.0,Completed,1.72,2.0,1.85,1.95,1.9,1.85,1.952,1.952,2.05,1.75
ATP,2006,36,London,Wimbledon,2006-06-28,Grand Slam,Outdoor,Grass,2nd Round,5,Verdasco F.,Becker B.,30.0,161.0,1045.0,256.0,6.0,4.0,6,7,4,6,6.0,3.0,9.0,7.0,3.0,2.0,Completed,1.28,3.5,1.25,4.0,1.25,3.9,1.298,4.06,1.28,3.5
ATP,2006,36,London,Wimbledon,2006-06-28,Grand Slam,Outdoor,Grass,2nd Round,5,Federer R.,Henman T.,1.0,64.0,7260.0,615.0,6.0,4.0,6,0,6,2,,,,,3.0,0.0,Completed,1.03,11.0,1.04,11.0,1.02,11.5,1.042,20.0,1.02,15.0
ATP,2006,36,London,Wimbledon,2006-06-29,Grand Slam,Outdoor,Grass,2nd Round,5,Kohlschreiber P.,Falla A.,88.0,127.0,459.0,343.0,6.0,4.0,6,4,3,6,7.0,6.0,,,3.0,1.0,Completed,1.36,3.0,1.37,3.1,1.335,3.115,1.372,3.49,1.35,3.1
ATP,2006,36,London,Wimbledon,2006-06-29,Grand Slam,Outdoor,Grass,2nd Round,5,Nieminen J.,Lee M.,18.0,252.0,1390.0,149.0,6.0,4.0,6,0,6,3,,,,,3.0,0.0,Completed,1.12,5.5,1.11,6.5,1.15,5.2,1.139,7.5,1.1,6.6
ATP,2006,36,London,Wimbledon,2006-06-29,Grand Slam,Outdoor,Grass,2nd Round,5,Nadal R.,Kendrick R.,2.0,237.0,4545.0,163.0,6.0,7.0,3,6,7,6,7.0,5.0,6.0,4.0,3.0,2.0,Completed,1.04,10.0,1.05,10.0,1.07,7.19,1.07,12.75,1.05,10.0
ATP,2006,36,London,Wimbledon,2006-06-29,Grand Slam,Outdoor,Grass,2nd Round,5,Agassi A.,Seppi A.,20.0,68.0,1330.0,590.0,6.0,4.0,7,6,6,4,,,,,3.0,0.0,Completed,1.44,2.62,1.48,2.65,1.48,2.53,1.476,2.9,1.48,2.6
ATP,2006,36,London,Wimbledon,2006-06-29,Grand Slam,Outdoor,Grass,2nd Round,5,Bracciali D.,Galvani S.,54.0,141.0,699.0,308.0,6.0,3.0,6,7,6,3,6.0,4.0,,,3.0,1.0,Completed,1.22,4.0,1.22,4.25,,,1.229,4.96,1.2,4.3
ATP,2006,36,London,Wimbledon,2006-06-29,Grand Slam,Outdoor,Grass,2nd Round,5,Labadze I.,Gaudio G.,166.0,12.0,249.0,1745.0,6.0,4.0,6,2,6,3,,,,,3.0,0.0,Completed,3.39,1.28,,,2.35,1.55,2.4,1.667,2.33,1.57
ATP,2006,36,London,Wimbledon,2006-06-29,Grand Slam,Outdoor,Grass,2nd Round,5,Bjorkman J.,Dlouhy L.,59.0,84.0,638.0,475.0,6.0,3.0,6,4,4,6,1.0,6.0,6.0,4.0,3.0,2.0,Completed,1.3,3.39,1.33,3.3,1.32,3.22,1.308,3.95,1.33,3.25
ATP,2006,36,London,Wimbledon,2006-06-29,Grand Slam,Outdoor,Grass,2nd Round,5,Berdych T.,Santoro F.,14.0,45.0,1635.0,822.0,6.0,4.0,6,7,2,6,7.0,6.0,6.0,4.0,3.0,2.0,Completed,1.28,3.5,1.25,4.0,1.21,4.06,1.244,4.7,1.27,3.6
ATP,2006,36,London,Wimbledon,2006-06-29,Grand Slam,Outdoor,Grass,2nd Round,5,Djokovic N.,Robredo T.,39.0,8.0,841.0,1920.0,7.0,6.0,6,2,6,4,,,,,3.0,0.0,Completed,1.72,2.0,1.73,2.1,1.8,1.95,1.746,2.24,1.86,1.9
ATP,2006,36,London,Wimbledon,2006-06-29,Grand Slam,Outdoor,Grass,2nd Round,5,Fish M.,van Gemerden M.,86.0,106.0,471.0,404.0,6.0,2.0,6,0,6,1,,,,,3.0,0.0,Completed,1.06,8.0,1.05,10.0,1.1,6.75,1.077,11.5,1.08,7.6
ATP,2006,36,London,Wimbledon,2006-06-29,Grand Slam,Outdoor,Grass,2nd Round,5,Baghdatis M.,Pavel A.,16.0,79.0,1494.0,499.0,3.0,0.0,,,,,,,,,0.0,0.0,Retired,2.2,1.61,2.4,1.55,2.35,1.55,2.52,1.617,2.33,1.57
ATP,2006,36,London,Wimbledon,2006-06-29,Grand Slam,Outdoor,Grass,2nd Round,5,Grosjean S.,Delgado J.,26.0,447.0,1180.0,61.0,6.0,3.0,3,6,6,2,6.0,3.0,,,3.0,1.0,Completed,1.05,9.0,1.05,10.0,1.05,8.5,1.063,14.0,1.04,12.0
ATP,2006,36,London,Wimbledon,2006-06-29,Grand Slam,Outdoor,Grass,2nd Round,5,Gonzalez F.,Safin M.,11.0,87.0,1755.0,465.0,4.0,6.0,6,7,6,4,6.0,4.0,6.0,4.0,3.0,2.0,Completed,2.25,1.57,2.3,1.62,2.45,1.5,2.53,1.613,2.22,1.63
ATP,2006,36,London,Wimbledon,2006-06-29,Grand Slam,Outdoor,Grass,2nd Round,5,Ljubicic I.,Gimelstob J.,4.0,95.0,3055.0,436.0,6.0,3.0,7,6,7,5,,,,,3.0,0.0,Completed,1.19,4.33,1.22,4.25,1.25,3.9,1.29,4.15,1.24,3.85
ATP,2006,36,London,Wimbledon,2006-06-29,Grand Slam,Outdoor,Grass,2nd Round,5,Tursunov D.,Martin A.,31.0,51.0,980.0,734.0,6.0,1.0,7,5,6,4,,,,,3.0,0.0,Completed,1.1,6.5,1.1,7.0,1.1,6.75,1.098,9.25,1.1,6.6
ATP,2006,36,London,Wimbledon,2006-06-29,Grand Slam,Outdoor,Grass,2nd Round,5,Rochus O.,Zib T.,29.0,126.0,1120.0,352.0,6.0,1.0,6,1,6,0,,,,,3.0,0.0,Completed,1.12,5.5,1.11,6.5,1.13,5.5,1.13,8.0,1.1,6.6
ATP,2006,36,London,Wimbledon,2006-06-29,Grand Slam,Outdoor,Grass,2nd Round,5,Ferrer D.,Garcia-Lopez G.,19.0,91.0,1330.0,453.0,7.0,6.0,7,5,6,3,,,,,3.0,0.0,Completed,1.9,1.8,1.9,1.9,1.87,1.87,2.05,1.87,2.0,1.77
ATP,2006,36,London,Wimbledon,2006-06-29,Grand Slam,Outdoor,Grass,2nd Round,5,Roddick A.,Mayer F.,5.0,63.0,2430.0,618.0,6.0,4.0,6,1,6,2,,,,,3.0,0.0,Completed,1.1,6.5,1.1,7.0,1.1,6.75,1.152,7.0,1.14,5.4
ATP,2006,36,London,Wimbledon,2006-06-30,Grand Slam,Outdoor,Grass,2nd Round,5,Hewitt L.,Lee H.T.,9.0,102.0,1900.0,422.0,6.0,7.0,6,2,7,6,6.0,7.0,6.0,4.0,3.0,2.0,Completed,1.03,11.0,1.04,11.0,1.04,9.25,1.033,23.5,1.31,3.3
ATP,2006,36,London,Wimbledon,2006-06-30,Grand Slam,Outdoor,Grass,2nd Round,5,Murray A.,Benneteau J.,44.0,55.0,826.0,682.0,7.0,6.0,6,4,4,6,6.0,1.0,,,3.0,1.0,Completed,1.22,4.0,1.22,4.25,1.25,3.9,1.23,4.95,1.16,4.9
ATP,2006,36,London,Wimbledon,2006-06-30,Grand Slam,Outdoor,Grass,3rd Round,5,Verdasco F.,Nalbandian D.,30.0,3.0,1045.0,3360.0,7.0,6.0,7,6,6,2,,,,,3.0,0.0,Completed,7.0,1.08,6.25,1.12,5.5,1.13,7.38,1.141,5.85,1.12
ATP,2006,36,London,Wimbledon,2006-06-30,Grand Slam,Outdoor,Grass,3rd Round,5,Bjorkman J.,Bracciali D.,59.0,54.0,638.0,699.0,7.0,5.0,6,2,6,1,,,,,3.0,0.0,Completed,2.2,1.61,2.4,1.57,2.53,1.48,2.3,1.714,2.27,1.6
ATP,2006,36,London,Wimbledon,2006-06-30,Grand Slam,Outdoor,Grass,3rd Round,5,Djokovic N.,Youzhny M.,39.0,41.0,841.0,830.0,4.0,6.0,6,2,6,3,6.0,3.0,,,3.0,1.0,Completed,1.44,2.62,1.6,2.35,1.55,2.35,1.565,2.67,1.56,2.34
ATP,2006,36,London,Wimbledon,2006-06-30,Grand Slam,Outdoor,Grass,3rd Round,5,Mirnyi M.,Blake J.,53.0,7.0,710.0,2085.0,6.0,4.0,3,6,4,6,6.0,1.0,6.0,0.0,3.0,2.0,Completed,3.25,1.33,3.1,1.37,3.1,1.35,3.35,1.392,3.0,1.37
ATP,2006,36,London,Wimbledon,2006-06-30,Grand Slam,Outdoor,Grass,3rd Round,5,Federer R.,Mahut N.,1.0,77.0,7260.0,530.0,6.0,3.0,7,6,6,4,,,,,3.0,0.0,Completed,1.0,15.0,1.01,16.0,1.01,24.0,1.011,61.0,1.01,50.0
ATP,2006,36,London,Wimbledon,2006-06-30,Grand Slam,Outdoor,Grass,3rd Round,5,Stepanek R.,Ferrero J.C.,13.0,28.0,1710.0,1130.0,5.0,7.0,6,7,6,4,6.0,2.0,11.0,9.0,3.0,2.0,Completed,1.5,2.5,1.5,2.6,1.5,2.55,1.549,2.72,1.45,2.65
ATP,2006,36,London,Wimbledon,2006-06-30,Grand Slam,Outdoor,Grass,3rd Round,5,Berdych T.,Haas T.,14.0,24.0,1635.0,1250.0,2.0,6.0,7,5,7,6,4.0,6.0,8.0,6.0,3.0,2.0,Completed,2.0,1.72,2.05,1.77,2.2,1.65,2.09,1.84,1.98,1.78
ATP,2006,36,London,Wimbledon,2006-07-01,Grand Slam,Outdoor,Grass,3rd Round,5,Nadal R.,Agassi A.,2.0,20.0,4545.0,1330.0,7.0,6.0,6,2,6,4,,,,,3.0,0.0,Completed,1.39,2.75,1.45,2.75,1.48,2.53,1.461,2.97,1.48,2.57
ATP,2006,36,London,Wimbledon,2006-07-01,Grand Slam,Outdoor,Grass,3rd Round,5,Tursunov D.,Ljubicic I.,31.0,4.0,980.0,3055.0,5.0,7.0,4,6,6,1,7.0,6.0,6.0,2.0,3.0,2.0,Completed,2.2,1.61,2.15,1.7,2.1,1.7,2.44,1.649,2.2,1.64
ATP,2006,36,London,Wimbledon,2006-07-01,Grand Slam,Outdoor,Grass,3rd Round,5,Ferrer D.,Gonzalez F.,19.0,11.0,1330.0,1755.0,4.0,6.0,2,6,6,2,6.0,3.0,6.0,4.0,3.0,2.0,Completed,4.0,1.22,4.25,1.22,3.65,1.26,4.55,1.26,3.5,1.29
ATP,2006,36,London,Wimbledon,2006-07-01,Grand Slam,Outdoor,Grass,3rd Round,5,Hewitt L.,Rochus O.,9.0,29.0,1900.0,1120.0,6.0,1.0,6,4,6,4,,,,,3.0,0.0,Completed,1.33,3.25,1.33,3.3,1.32,3.22,1.385,3.4,1.39,3.0
ATP,2006,36,London,Wimbledon,2006-07-01,Grand Slam,Outdoor,Grass,3rd Round,5,Labadze I.,Fish M.,166.0,86.0,249.0,471.0,6.0,2.0,,0,,,,,,,1.0,0.0,Retired,4.5,1.16,4.85,1.18,3.9,1.25,5.01,1.227,4.3,1.2
ATP,2006,36,London,Wimbledon,2006-07-01,Grand Slam,Outdoor,Grass,3rd Round,5,Nieminen J.,Kohlschreiber P.,18.0,88.0,1390.0,459.0,1.0,6.0,6,2,6,3,7.0,6.0,,,3.0,1.0,Completed,1.36,3.0,1.37,3.1,1.42,2.75,1.383,3.41,1.4,2.84
ATP,2006,36,London,Wimbledon,2006-07-01,Grand Slam,Outdoor,Grass,3rd Round,5,Ancic M.,Wawrinka S.,10.0,67.0,1885.0,598.0,7.0,6.0,6,7,6,1,6.0,3.0,,,3.0,1.0,Completed,1.07,7.5,1.1,7.0,1.1,6.75,1.091,10.0,1.1,6.6
ATP,2006,36,London,Wimbledon,2006-07-01,Grand Slam,Outdoor,Grass,3rd Round,5,Baghdatis M.,Grosjean S.,16.0,26.0,1494.0,1180.0,4.0,6.0,6,4,6,4,6.0,1.0,,,3.0,1.0,Completed,3.0,1.36,3.1,1.37,2.75,1.42,3.26,1.407,3.12,1.35
ATP,2006,36,London,Wimbledon,2006-07-01,Grand Slam,Outdoor,Grass,3rd Round,5,Murray A.,Roddick A.,44.0,5.0,826.0,2430.0,7.0,6.0,6,4,6,4,,,,,3.0,0.0,Completed,3.5,1.28,3.3,1.33,3.22,1.32,3.58,1.36,3.4,1.31
ATP,2006,36,London,Wimbledon,2006-07-03,Grand Slam,Outdoor,Grass,4th Round,5,Stepanek R.,Verdasco F.,13.0,30.0,1710.0,1045.0,6.0,7.0,6,3,4,6,6.0,4.0,6.0,2.0,3.0,2.0,Completed,1.66,2.1,1.55,2.45,1.65,2.15,1.645,2.45,1.62,2.25
ATP,2006,36,London,Wimbledon,2006-07-03,Grand Slam,Outdoor,Grass,4th Round,5,Bjorkman J.,Mirnyi M.,59.0,53.0,638.0,710.0,6.0,3.0,7,6,4,6,2.0,6.0,6.0,3.0,3.0,2.0,Completed,2.1,1.66,2.05,1.77,2.1,1.7,2.1,1.833,1.98,1.8
ATP,2006,36,London,Wimbledon,2006-07-03,Grand Slam,Outdoor,Grass,4th Round,3,Hewitt L.,Ferrer D.,9.0,19.0,1900.0,1330.0,6.0,4.0,6,4,4,6,7.0,5.0,,,3.0,1.0,Completed,1.11,6.0,1.1,7.0,1.15,5.2,1.159,6.7,1.15,5.25
ATP,2006,36,London,Wimbledon,2006-07-03,Grand Slam,Outdoor,Grass,4th Round,5,Baghdatis M.,Murray A.,16.0,44.0,1494.0,826.0,6.0,3.0,6,4,7,6,,,,,3.0,0.0,Completed,2.37,1.53,2.6,1.5,2.45,1.5,2.54,1.61,2.5,1.5
ATP,2006,36,London,Wimbledon,2006-07-03,Grand Slam,Outdoor,Grass,4th Round,5,Ancic M.,Djokovic N.,10.0,39.0,1885.0,841.0,6.0,4.0,4,6,4,6,7.0,5.0,6.0,3.0,3.0,2.0,Completed,1.36,3.0,1.37,3.1,1.34,3.12,1.407,3.26,1.37,3.0
ATP,2006,36,London,Wimbledon,2006-07-03,Grand Slam,Outdoor,Grass,4th Round,5,Nieminen J.,Tursunov D.,18.0,31.0,1390.0,980.0,7.0,5.0,6,4,6,7,6.0,7.0,9.0,7.0,3.0,2.0,Completed,2.62,1.44,2.65,1.48,2.53,1.48,2.73,1.546,2.65,1.46
ATP,2006,36,London,Wimbledon,2006-07-03,Grand Slam,Outdoor,Grass,4th Round,5,Federer R.,Berdych T.,1.0,14.0,7260.0,1635.0,6.0,3.0,6,3,6,4,,,,,3.0,0.0,Completed,1.01,13.0,1.04,11.0,1.04,12.0,1.048,17.0,1.03,14.0
ATP,2006,36,London,Wimbledon,2006-07-03,Grand Slam,Outdoor,Grass,4th Round,5,Nadal R.,Labadze I.,2.0,166.0,4545.0,249.0,6.0,3.0,7,6,6,3,,,,,3.0,0.0,Completed,1.05,9.0,1.06,9.0,1.1,6.75,1.098,9.25,1.07,8.0
ATP,2006,36,London,Wimbledon,2006-07-05,Grand Slam,Outdoor,Grass,Quarterfinals,5,Federer R.,Ancic M.,1.0,10.0,7260.0,1885.0,6.0,4.0,6,4,6,4,,,,,3.0,0.0,Completed,1.05,9.0,1.05,10.0,1.04,12.0,1.063,13.75,1.05,10.0
ATP,2006,36,London,Wimbledon,2006-07-05,Grand Slam,Outdoor,Grass,Quarterfinals,5,Bjorkman J.,Stepanek R.,59.0,13.0,638.0,1710.0,7.0,6.0,4,6,6,7,7.0,6.0,6.0,4.0,3.0,2.0,Completed,2.62,1.5,2.45,1.55,2.6,1.45,2.52,1.617,2.6,1.5
ATP,2006,36,London,Wimbledon,2006-07-05,Grand Slam,Outdoor,Grass,Quarterfinals,5,Baghdatis M.,Hewitt L.,16.0,9.0,1494.0,1900.0,6.0,1.0,5,7,7,6,6.0,2.0,,,3.0,1.0,Completed,3.0,1.38,3.2,1.35,3.1,1.35,3.09,1.437,3.2,1.34
ATP,2006,36,London,Wimbledon,2006-07-06,Grand Slam,Outdoor,Grass,Quarterfinals,5,Nadal R.,Nieminen J.,2.0,18.0,4545.0,1390.0,6.0,3.0,6,4,6,4,,,,,3.0,0.0,Completed,1.25,4.0,1.25,4.0,1.21,4.06,1.307,3.96,1.25,3.8
ATP,2006,36,London,Wimbledon,2006-07-07,Grand Slam,Outdoor,Grass,Semifinals,5,Federer R.,Bjorkman J.,1.0,59.0,7260.0,638.0,6.0,2.0,6,0,6,2,,,,,3.0,0.0,Completed,1.0,26.0,1.01,16.0,1.01,19.0,1.013,60.0,1.01,50.0
ATP,2006,36,London,Wimbledon,2006-07-07,Grand Slam,Outdoor,Grass,Semifinals,5,Nadal R.,Baghdatis M.,2.0,16.0,4545.0,1494.0,6.0,1.0,7,5,6,3,,,,,3.0,0.0,Completed,1.39,2.87,1.42,2.85,1.38,3.07,1.49,2.84,1.4,2.86
ATP,2006,36,London,Wimbledon,2006-07-09,Grand Slam,Outdoor,Grass,The Final,5,Federer R.,Nadal R.,1.0,2.0,7260.0,4545.0,6.0,0.0,7,6,6,7,6.0,3.0,,,3.0,1.0,Completed,1.16,5.0,1.17,5.0,1.19,5.06,1.183,5.95,1.18,5.0
ATP,2006,51,New York,US Open,2006-08-28,Grand Slam,Outdoor,Hard,1st Round,5,Fish M.,Greul S.,60.0,76.0,651.0,509.0,6.0,4.0,6,4,1,6,6.0,3.0,,,3.0,1.0,Completed,1.25,3.75,1.25,4.0,1.28,3.46,1.286,4.2,1.28,3.5
ATP,2006,51,New York,US Open,2006-08-28,Grand Slam,Outdoor,Hard,1st Round,5,Djokovic N.,Young D.,23.0,577.0,1183.0,40.0,4.0,6.0,6,3,6,0,6.0,1.0,,,3.0,1.0,Completed,1.03,11.0,1.03,12.0,1.04,9.25,1.043,19.0,1.02,20.0
ATP,2006,51,New York,US Open,2006-08-28,Grand Slam,Outdoor,Hard,1st Round,5,Youzhny M.,Hrbaty D.,54.0,22.0,745.0,1200.0,7.0,5.0,6,1,6,3,,,,,3.0,0.0,Completed,1.9,1.8,1.9,1.9,1.83,1.91,1.901,2.01,1.88,1.88
ATP,2006,51,New York,US Open,2006-08-28,Grand Slam,Outdoor,Hard,1st Round,5,Massu N.,Sanguinetti D.,41.0,57.0,910.0,690.0,6.0,7.0,6,4,6,4,6.0,4.0,,,3.0,1.0,Completed,1.44,2.62,1.45,2.75,1.48,2.53,1.485,2.86,1.45,2.65
ATP,2006,51,New York,US Open,2006-08-28,Grand Slam,Outdoor,Hard,1st Round,5,Srichaphan P.,Acasuso J.,43.0,27.0,820.0,1110.0,6.0,3.0,3,6,7,6,6.0,7.0,6.0,3.0,3.0,2.0,Completed,1.8,1.9,1.81,2.0,1.75,2.05,1.862,2.06,1.88,1.88
ATP,2006,51,New York,US Open,2006-08-28,Grand Slam,Outdoor,Hard,1st Round,5,Novak J.,Clement A.,179.0,47.0,226.0,802.0,7.0,5.0,6,2,7,5,,,,,3.0,0.0,Completed,4.0,1.22,4.25,1.22,4.06,1.21,4.68,1.245,4.1,1.22
ATP,2006,51,New York,US Open,2006-08-28,Grand Slam,Outdoor,Hard,1st Round,5,Roddick A.,Serra F.,10.0,44.0,1890.0,815.0,6.0,2.0,6,1,6,3,,,,,3.0,0.0,Completed,1.06,8.0,1.05,10.0,1.06,7.79,1.071,12.0,1.07,8.0
ATP,2006,51,New York,US Open,2006-08-28,Grand Slam,Outdoor,Hard,1st Round,5,Robredo T.,Saretta F.,5.0,121.0,2190.0,360.0,6.0,2.0,6,1,6,2,,,,,3.0,0.0,Completed,1.06,8.0,1.06,9.0,1.07,7.19,1.069,12.5,1.06,8.5
ATP,2006,51,New York,US Open,2006-08-28,Grand Slam,Outdoor,Hard,1st Round,5,Lee H.T.,Ramirez-Hidalgo R.,70.0,56.0,576.0,695.0,7.0,5.0,6,4,6,0,,,,,3.0,0.0,Completed,1.44,2.62,1.37,3.1,1.39,2.83,1.36,3.58,1.37,2.98
ATP,2006,51,New York,US Open,2006-08-28,Grand Slam,Outdoor,Hard,1st Round,5,Gimelstob J.,Marach O.,73.0,95.0,528.0,432.0,6.0,2.0,6,3,7,5,,,,,3.0,0.0,Completed,1.36,3.0,1.37,3.1,1.37,2.92,1.41,3.24,1.36,3.0
ATP,2006,51,New York,US Open,2006-08-28,Grand Slam,Outdoor,Hard,1st Round,5,Gasquet R.,Simmonds P.,29.0,240.0,1060.0,166.0,6.0,1.0,6,3,6,1,,,,,3.0,0.0,Completed,1.02,12.0,1.03,12.0,1.04,9.25,1.04,21.0,1.03,14.0
ATP,2006,51,New York,US Open,2006-08-28,Grand Slam,Outdoor,Hard,1st Round,5,Simon G.,Bracciali D.,52.0,64.0,756.0,617.0,7.0,5.0,6,4,6,1,,,,,3.0,0.0,Completed,1.83,1.83,1.9,1.9,1.75,2.0,2.0,1.909,1.88,1.88
ATP,2006,51,New York,US Open,2006-08-28,Grand Slam,Outdoor,Hard,1st Round,5,Baghdatis M.,Waske A.,8.0,102.0,1922.0,410.0,7.0,6.0,7,6,6,3,,,,,3.0,0.0,Completed,1.1,6.5,1.1,7.0,1.1,6.75,1.093,9.8,1.1,6.6
ATP,2006,51,New York,US Open,2006-08-28,Grand Slam,Outdoor,Hard,1st Round,5,Chiudinelli M.,Vicente F.,306.0,99.0,120.0,420.0,6.0,4.0,6,1,6,4,,,,,3.0,0.0,Completed,1.44,2.62,1.48,2.65,1.45,2.6,1.549,2.72,1.45,2.65
ATP,2006,51,New York,US Open,2006-08-28,Grand Slam,Outdoor,Hard,1st Round,5,Lopez F.,Ljubicic I.,77.0,3.0,505.0,3315.0,6.0,3.0,6,3,6,3,,,,,3.0,0.0,Completed,3.75,1.25,4.0,1.25,4.06,1.21,4.74,1.242,3.95,1.23
ATP,2006,51,New York,US Open,2006-08-28,Grand Slam,Outdoor,Hard,1st Round,5,Pless K.,Martin A.,116.0,50.0,372.0,779.0,3.0,6.0,3,6,7,6,6.0,1.0,6.0,2.0,3.0,2.0,Completed,1.66,2.1,1.67,2.2,1.6,2.3,1.649,2.44,1.68,2.12
ATP,2006,51,New York,US Open,2006-08-28,Grand Slam,Outdoor,Hard,1st Round,5,Wawrinka S.,Chela J.I.,46.0,37.0,803.0,940.0,6.0,7.0,6,4,6,4,6.0,4.0,,,3.0,1.0,Completed,2.0,1.72,2.05,1.77,2.1,1.7,2.2,1.769,2.02,1.76
ATP,2006,51,New York,US Open,2006-08-28,Grand Slam,Outdoor,Hard,1st Round,5,Ferrer D.,Almagro N.,13.0,45.0,1675.0,815.0,7.0,6.0,7,6,6,1,,,,,3.0,0.0,Completed,1.3,3.39,1.35,3.2,1.35,3.1,1.376,3.46,1.4,2.85
ATP,2006,51,New York,US Open,2006-08-29,Grand Slam,Outdoor,Hard,1st Round,5,Alves T.,Zabaleta M.,122.0,359.0,359.0,91.0,6.0,2.0,7,5,6,7,6.0,3.0,,,3.0,1.0,Completed,1.5,2.5,,,1.45,2.6,1.474,2.91,1.53,2.42
ATP,2006,51,New York,US Open,2006-08-29,Grand Slam,Outdoor,Hard,1st Round,5,Soderling R.,Karlovic I.,34.0,69.0,968.0,586.0,6.0,4.0,7,6,7,5,,,,,3.0,0.0,Completed,1.28,3.5,1.33,3.3,1.25,3.75,1.361,3.57,1.3,3.4
ATP,2006,51,New York,US Open,2006-08-29,Grand Slam,Outdoor,Hard,1st Round,5,Phau B.,Morrison J.,67.0,157.0,605.0,260.0,6.0,3.0,7,6,6,4,,,,,3.0,0.0,Completed,2.62,1.44,2.75,1.45,2.6,1.45,3.05,1.444,2.65,1.45
ATP,2006,51,New York,US Open,2006-08-29,Grand Slam,Outdoor,Hard,1st Round,5,Becker B.,Volandri F.,112.0,53.0,383.0,750.0,4.0,6.0,7,6,6,4,7.0,6.0,,,3.0,1.0,Completed,1.39,2.75,1.35,3.2,1.35,3.1,1.38,3.43,1.35,3.1
ATP,2006,51,New York,US Open,2006-08-29,Grand Slam,Outdoor,Hard,1st Round,5,Malisse X.,Nieminen J.,33.0,15.0,983.0,1610.0,6.0,4.0,7,5,6,2,,,,,3.0,0.0,Completed,1.9,1.8,2.08,1.75,1.95,1.8,2.13,1.813,1.98,1.78
ATP,2006,51,New York,US Open,2006-08-29,Grand Slam,Outdoor,Hard,1st Round,5,Agassi A.,Pavel A.,39.0,75.0,925.0,514.0,6.0,7.0,7,6,7,6,6.0,2.0,,,3.0,1.0,Completed,1.25,3.75,1.27,3.8,1.3,3.34,1.33,3.73,1.26,3.7
ATP,2006,51,New York,US Open,2006-08-30,Grand Slam,Outdoor,Hard,1st Round,5,Berdych T.,Pashanski B.,14.0,87.0,1660.0,456.0,6.0,4.0,6,2,6,1,,,,,3.0,0.0,Completed,1.04,9.0,1.03,12.0,1.06,7.79,1.05,16.0,1.05,10.0
ATP,2006,51,New York,US Open,2006-08-30,Grand Slam,Outdoor,Hard,1st Round,5,Mayer F.,Koubek S.,58.0,123.0,675.0,358.0,6.0,4.0,6,1,6,1,,,,,3.0,0.0,Completed,1.36,3.0,1.35,3.2,1.35,3.0,1.373,3.48,1.38,2.92
ATP,2006,51,New York,US Open,2006-08-30,Grand Slam,Outdoor,Hard,1st Round,5,Nalbandian D.,Berrer M.,4.0,128.0,3155.0,339.0,4.0,6.0,6,7,6,3,7.0,5.0,6.0,2.0,3.0,2.0,Completed,1.08,7.0,1.1,7.0,1.06,7.79,1.137,7.6,1.08,7.5
ATP,2006,51,New York,US Open,2006-08-30,Grand Slam,Outdoor,Hard,1st Round,5,Safin M.,Vik R.,104.0,85.0,400.0,487.0,6.0,1.0,6,1,3,6,6.0,3.0,,,3.0,1.0,Completed,1.16,4.5,1.22,4.25,1.2,4.25,1.25,4.6,1.22,4.1
ATP,2006,51,New York,US Open,2006-08-30,Grand Slam,Outdoor,Hard,1st Round,5,Sweeting R.,Coria G.,495.0,42.0,53.0,835.0,3.0,2.0,,,,,,,,,1.0,0.0,Retired,2.37,1.53,,,2.4,1.53,2.4,1.667,2.15,1.67
ATP,2006,51,New York,US Open,2006-08-30,Grand Slam,Outdoor,Hard,1st Round,5,Rochus O.,Patience O.,30.0,103.0,1010.0,407.0,6.0,0.0,6,2,6,2,,,,,3.0,0.0,Completed,1.11,6.0,1.12,6.25,1.13,5.5,1.133,7.8,1.11,6.0
ATP,2006,51,New York,US Open,2006-08-30,Grand Slam,Outdoor,Hard,1st Round,5,Horna L.,Garcia-Lopez G.,61.0,80.0,642.0,500.0,7.0,5.0,6,4,6,3,,,,,3.0,0.0,Completed,1.9,1.8,1.95,1.85,2.03,1.73,2.08,1.847,2.0,1.77
ATP,2006,51,New York,US Open,2006-08-30,Grand Slam,Outdoor,Hard,1st Round,5,Nadal R.,Philippoussis M.,2.0,113.0,4625.0,381.0,6.0,4.0,6,4,6,4,,,,,3.0,0.0,Completed,1.06,8.0,1.08,8.0,1.07,7.19,1.071,12.0,1.08,7.5
ATP,2006,51,New York,US Open,2006-08-30,Grand Slam,Outdoor,Hard,1st Round,5,Grosjean S.,Johansson T.,36.0,40.0,950.0,925.0,6.0,3.0,6,4,5,7,6.0,7.0,6.0,2.0,3.0,2.0,Completed,1.57,2.25,1.55,2.45,1.46,2.6,1.575,2.64,1.54,2.4
ATP,2006,51,New York,US Open,2006-08-30,Grand Slam,Outdoor,Hard,1st Round,5,Gonzalez F.,Vanek J.,11.0,101.0,1850.0,414.0,6.0,2.0,6,3,6,2,,,,,3.0,0.0,Completed,1.04,9.0,1.06,9.0,1.06,7.79,1.07,12.25,1.07,8.0
ATP,2006,51,New York,US Open,2006-08-30,Grand Slam,Outdoor,Hard,1st Round,5,Hajek J.,Dlouhy L.,83.0,96.0,495.0,430.0,6.0,3.0,6,4,6,4,,,,,3.0,0.0,Completed,1.83,1.83,1.81,2.0,1.8,1.95,1.885,2.03,1.82,1.94
ATP,2006,51,New York,US Open,2006-08-30,Grand Slam,Outdoor,Hard,1st Round,5,Hernych J.,Kim K.,97.0,86.0,426.0,459.0,6.0,1.0,6,4,3,6,7.0,5.0,,,3.0,1.0,Completed,1.83,1.83,1.81,2.0,1.83,1.91,1.806,2.14,1.84,1.92
ATP,2006,51,New York,US Open,2006-08-30,Grand Slam,Outdoor,Hard,1st Round,5,Moodie W.,Mirnyi M.,82.0,55.0,495.0,740.0,6.0,4.0,4,6,6,4,6.0,7.0,6.0,4.0,3.0,2.0,Completed,2.75,1.39,2.95,1.4,2.85,1.4,2.9,1.476,2.7,1.44
ATP,2006,51,New York,US Open,2006-08-30,Grand Slam,Outdoor,Hard,1st Round,5,Monfils G.,Russell M.,31.0,160.0,1005.0,259.0,6.0,2.0,3,6,7,5,7.0,6.0,,,3.0,1.0,Completed,1.19,4.0,1.25,4.0,1.28,3.46,1.315,3.87,1.25,3.75
ATP,2006,51,New York,US Open,2006-08-30,Grand Slam,Outdoor,Hard,1st Round,5,Verdasco F.,Santoro F.,26.0,49.0,1115.0,781.0,6.0,4.0,6,1,3,6,6.0,1.0,,,3.0,1.0,Completed,1.5,2.5,1.48,2.65,1.5,2.45,1.488,2.85,1.5,2.5
ATP,2006,51,New York,US Open,2006-08-30,Grand Slam,Outdoor,Hard,1st Round,5,Hewitt L.,Montanes A.,17.0,74.0,1515.0,519.0,7.0,5.0,6,4,6,3,,,,,3.0,0.0,Completed,1.03,11.0,1.05,10.0,1.06,7.79,1.083,11.0,1.05,10.0
ATP,2006,51,New York,US Open,2006-08-30,Grand Slam,Outdoor,Hard,1st Round,5,Kubot L.,Vliegen K.,138.0,38.0,297.0,940.0,2.0,6.0,6,1,6,4,1.0,6.0,6.0,3.0,3.0,2.0,Completed,3.5,1.28,3.5,1.3,3.35,1.3,3.91,1.312,3.6,1.27
ATP,2006,51,New York,US Open,2006-08-30,Grand Slam,Outdoor,Hard,1st Round,5,Federer R.,Wang Y.T.,1.0,109.0,7295.0,394.0,6.0,4.0,6,1,6,0,,,,,3.0,0.0,Completed,1.0,26.0,1.01,16.0,1.01,16.0,1.01,73.5,1.01,40.0
ATP,2006,51,New York,US Open,2006-08-30,Grand Slam,Outdoor,Hard,1st Round,5,Sluiter R.,Odesnik W.,89.0,181.0,447.0,225.0,6.0,4.0,6,4,7,5,,,,,3.0,0.0,Completed,1.5,2.5,1.5,2.6,1.55,2.35,1.538,2.76,1.52,2.45
ATP,2006,51,New York,US Open,2006-08-30,Grand Slam,Outdoor,Hard,1st Round,5,Moya C.,Calleri A.,48.0,28.0,785.0,1085.0,7.0,5.0,7,6,6,7,6.0,3.0,,,3.0,1.0,Completed,2.37,1.53,2.65,1.48,2.45,1.5,3.02,1.45,2.5,1.5
ATP,2006,51,New York,US Open,2006-08-30,Grand Slam,Outdoor,Hard,1st Round,5,Okun N.,Starace P.,255.0,100.0,148.0,418.0,6.0,2.0,6,0,4,6,6.0,2.0,,,3.0,1.0,Completed,1.36,3.0,,,1.35,3.1,1.383,3.41,,
ATP,2006,51,New York,US Open,2006-08-30,Grand Slam,Outdoor,Hard,1st Round,5,Tursunov D.,Kunitsyn I.,25.0,115.0,1125.0,375.0,6.0,2.0,6,3,6,4,,,,,3.0,0.0,Completed,1.08,7.0,1.1,7.0,1.09,6.68,1.097,9.28,1.1,6.6
ATP,2006,51,New York,US Open,2006-08-30,Grand Slam,Outdoor,Hard,1st Round,5,di Mauro A.,Melzer J.,94.0,68.0,437.0,595.0,5.0,7.0,6,1,7,5,7.0,5.0,,,3.0,1.0,Completed,5.0,1.14,6.25,1.12,5.19,1.14,6.9,1.154,5.5,1.13
ATP,2006,51,New York,US Open,2006-08-30,Grand Slam,Outdoor,Hard,1st Round,5,Mahut N.,Schuettler R.,66.0,78.0,605.0,504.0,6.0,4.0,6,7,6,3,6.0,3.0,,,3.0,1.0,Completed,1.66,2.1,1.67,2.2,1.75,2.05,1.676,2.38,1.74,2.04
ATP,2006,51,New York,US Open,2006-08-30,Grand Slam,Outdoor,Hard,1st Round,5,Henman T.,Rusedski G.,62.0,136.0,640.0,310.0,7.0,6.0,6,2,6,3,,,,,3.0,0.0,Completed,1.22,4.0,1.25,4.0,1.25,3.75,1.233,4.9,1.25,3.75
ATP,2006,51,New York,US Open,2006-08-30,Grand Slam,Outdoor,Hard,1st Round,5,Davydenko N.,Delgado R.,6.0,108.0,2175.0,397.0,4.0,6.0,6,4,7,5,6.0,0.0,,,3.0,1.0,Completed,1.06,8.0,1.06,9.0,1.07,7.19,1.07,12.3,1.06,8.5
ATP,2006,51,New York,US Open,2006-08-30,Grand Slam,Outdoor,Hard,1st Round,5,Falla A.,Del Potro J.M.,129.0,114.0,334.0,380.0,7.0,6.0,6,2,4,6,7.0,5.0,,,3.0,1.0,Completed,2.25,1.57,2.35,1.6,2.45,1.5,2.48,1.633,2.21,1.63
ATP,2006,51,New York,US Open,2006-08-30,Grand Slam,Outdoor,Hard,1st Round,5,Mathieu P.H.,Goodall J.,59.0,260.0,660.0,146.0,6.0,3.0,6,2,3,6,6.0,3.0,,,3.0,1.0,Completed,1.14,5.0,1.18,4.85,1.17,4.67,1.183,5.95,1.16,4.9
ATP,2006,51,New York,US Open,2006-08-30,Grand Slam,Outdoor,Hard,1st Round,5,Spadea V.,Muller G.,84.0,91.0,490.0,443.0,6.0,2.0,6,4,6,3,,,,,3.0,0.0,Completed,1.61,2.2,1.62,2.3,1.65,2.15,1.741,2.25,1.64,2.2
ATP,2006,51,New York,US Open,2006-08-30,Grand Slam,Outdoor,Hard,1st Round,5,Gaudio G.,Seppi A.,24.0,71.0,1175.0,565.0,6.0,4.0,6,4,6,2,,,,,3.0,0.0,Completed,1.72,2.0,1.85,1.95,1.83,1.91,1.893,2.02,1.88,1.88
ATP,2006,51,New York,US Open,2006-08-30,Grand Slam,Outdoor,Hard,1st Round,5,Blake J.,Monaco J.,7.0,72.0,2085.0,564.0,6.0,3.0,7,5,7,6,,,,,3.0,0.0,Completed,1.04,9.0,1.06,9.0,1.09,6.68,1.071,12.0,1.1,6.7
ATP,2006,51,New York,US Open,2006-08-30,Grand Slam,Outdoor,Hard,1st Round,5,Haas T.,Kuznetsov A.,16.0,269.0,1525.0,141.0,6.0,2.0,6,4,6,0,,,,,3.0,0.0,Completed,1.05,8.5,1.05,10.0,1.06,7.79,1.057,14.5,1.04,11.0
ATP,2006,51,New York,US Open,2006-08-31,Grand Slam,Outdoor,Hard,1st Round,5,Murray A.,Kendrick R.,19.0,143.0,1300.0,285.0,6.0,2.0,1,6,6,3,6.0,3.0,,,3.0,1.0,Completed,1.08,7.0,1.08,8.0,1.09,6.68,1.091,10.0,1.1,6.5
ATP,2006,51,New York,US Open,2006-08-31,Grand Slam,Outdoor,Hard,1st Round,5,Bjorkman J.,Jenkins S.,35.0,277.0,953.0,137.0,7.0,5.0,6,4,6,4,,,,,3.0,0.0,Completed,1.44,2.62,1.45,2.75,1.5,2.45,1.543,2.74,1.47,2.6
ATP,2006,51,New York,US Open,2006-08-31,Grand Slam,Outdoor,Hard,1st Round,5,Ferrero J.C.,Bastl G.,18.0,142.0,1330.0,291.0,7.0,5.0,6,4,3,6,6.0,3.0,,,3.0,1.0,Completed,1.14,5.0,1.14,5.65,1.08,7.0,1.143,7.31,1.12,5.8
ATP,2006,51,New York,US Open,2006-08-31,Grand Slam,Outdoor,Hard,1st Round,5,Ginepri R.,Benneteau J.,21.0,51.0,1205.0,778.0,3.0,6.0,6,4,6,4,6.0,4.0,,,3.0,1.0,Completed,1.33,3.25,1.33,3.3,1.35,3.1,1.352,3.64,1.35,3.1
ATP,2006,51,New York,US Open,2006-08-31,Grand Slam,Outdoor,Hard,1st Round,5,Gicquel M.,Rochus C.,79.0,65.0,504.0,605.0,6.0,3.0,6,3,6,4,,,,,3.0,0.0,Completed,1.44,2.62,1.45,2.75,1.46,2.6,1.51,2.81,1.42,2.78
ATP,2006,51,New York,US Open,2006-08-31,Grand Slam,Outdoor,Hard,1st Round,5,Querrey S.,Kohlschreiber P.,174.0,63.0,238.0,619.0,6.0,3.0,6,4,6,4,,,,,3.0,0.0,Completed,1.44,2.62,1.53,2.5,1.48,2.53,1.37,3.5,1.33,3.2
ATP,2006,51,New York,US Open,2006-08-31,Grand Slam,Outdoor,Hard,1st Round,5,Goldstein P.,Witten J.,81.0,189.0,497.0,212.0,6.0,3.0,6,4,2,6,3.0,6.0,6.0,1.0,3.0,2.0,Completed,1.4,2.75,1.4,2.95,1.45,2.6,1.446,3.04,1.43,2.72
ATP,2006,51,New York,US Open,2006-08-31,Grand Slam,Outdoor,Hard,1st Round,5,Gabashvili T.,Daniel M.,125.0,93.0,351.0,439.0,6.0,3.0,6,2,3,6,3.0,6.0,6.0,3.0,3.0,2.0,Completed,1.39,2.75,1.4,2.95,1.35,3.01,1.389,3.37,1.4,2.84
ATP,2006,51,New York,US Open,2006-08-31,Grand Slam,Outdoor,Hard,2nd Round,5,Roddick A.,Pless K.,10.0,116.0,1890.0,372.0,6.0,3.0,7,6,6,3,,,,,3.0,0.0,Completed,1.01,15.0,1.03,12.0,1.03,10.5,1.018,36.0,1.03,14.0
ATP,2006,51,New York,US Open,2006-08-31,Grand Slam,Outdoor,Hard,2nd Round,5,Robredo T.,Lee H.T.,5.0,70.0,2190.0,576.0,3.0,6.0,6,3,6,4,6.0,1.0,,,3.0,1.0,Completed,1.19,4.33,1.25,4.0,1.18,4.45,1.239,4.78,1.25,3.75
ATP,2006,51,New York,US Open,2006-08-31,Grand Slam,Outdoor,Hard,2nd Round,5,Wawrinka S.,Soderling R.,46.0,34.0,803.0,968.0,6.0,7.0,2,6,7,6,6.0,0.0,6.0,1.0,3.0,2.0,Completed,2.25,1.57,2.2,1.67,2.15,1.65,2.47,1.637,2.15,1.66
ATP,2006,51,New York,US Open,2006-08-31,Grand Slam,Outdoor,Hard,2nd Round,5,Nadal R.,Horna L.,2.0,61.0,4625.0,642.0,6.0,4.0,4,6,6,4,6.0,2.0,,,3.0,1.0,Completed,1.01,15.0,1.02,14.0,,,1.025,28.5,1.02,15.0
ATP,2006,51,New York,US Open,2006-08-31,Grand Slam,Outdoor,Hard,2nd Round,5,Verdasco F.,Alves T.,26.0,122.0,1115.0,359.0,7.0,6.0,6,4,6,1,,,,,3.0,0.0,Completed,1.12,5.5,1.15,5.5,1.17,4.67,1.208,5.41,1.17,4.8
ATP,2006,51,New York,US Open,2006-08-31,Grand Slam,Outdoor,Hard,2nd Round,5,Ferrer D.,Gimelstob J.,13.0,73.0,1675.0,528.0,6.0,2.0,6,4,6,1,,,,,3.0,0.0,Completed,1.22,4.0,1.22,4.25,1.25,3.75,1.26,4.54,1.2,4.3
ATP,2006,51,New York,US Open,2006-08-31,Grand Slam,Outdoor,Hard,2nd Round,5,Chiudinelli M.,Lopez F.,306.0,77.0,120.0,505.0,3.0,6.0,6,3,4,6,6.0,4.0,6.0,3.0,3.0,2.0,Completed,3.75,1.25,4.25,1.22,4.25,1.2,4.45,1.267,4.0,1.23
ATP,2006,51,New York,US Open,2006-08-31,Grand Slam,Outdoor,Hard,2nd Round,5,Gasquet R.,Simon G.,29.0,52.0,1060.0,756.0,6.0,0.0,6,2,6,3,,,,,3.0,0.0,Completed,1.12,5.5,1.11,6.5,1.13,5.5,1.139,7.51,1.12,5.9
ATP,2006,51,New York,US Open,2006-08-31,Grand Slam,Outdoor,Hard,2nd Round,5,Hewitt L.,Hernych J.,17.0,97.0,1515.0,426.0,6.0,4.0,6,2,6,2,,,,,3.0,0.0,Completed,1.14,5.0,1.15,5.5,1.17,4.67,1.224,5.06,1.18,4.6
ATP,2006,51,New York,US Open,2006-08-31,Grand Slam,Outdoor,Hard,2nd Round,5,Malisse X.,Phau B.,33.0,67.0,983.0,605.0,6.0,3.0,6,0,6,2,,,,,3.0,0.0,Completed,1.12,5.5,1.13,6.0,1.15,5.2,1.147,7.18,1.16,5.0
ATP,2006,51,New York,US Open,2006-08-31,Grand Slam,Outdoor,Hard,2nd Round,5,Youzhny M.,Massu N.,54.0,41.0,745.0,910.0,5.0,7.0,6,7,6,4,6.0,3.0,6.0,0.0,3.0,2.0,Completed,1.57,2.25,1.65,2.25,1.68,2.1,1.658,2.42,1.7,2.1
ATP,2006,51,New York,US Open,2006-08-31,Grand Slam,Outdoor,Hard,2nd Round,5,Moodie W.,Monfils G.,82.0,31.0,495.0,1005.0,6.0,4.0,2,6,6,2,7.0,6.0,,,3.0,1.0,Completed,2.62,1.44,2.7,1.45,2.35,1.55,2.78,1.524,2.55,1.48
ATP,2006,51,New York,US Open,2006-08-31,Grand Slam,Outdoor,Hard,2nd Round,5,Djokovic N.,Fish M.,23.0,60.0,1183.0,651.0,7.0,6.0,6,4,3,6,7.0,6.0,,,3.0,1.0,Completed,1.53,2.37,1.55,2.45,1.53,2.4,1.541,2.75,1.58,2.3
ATP,2006,51,New York,US Open,2006-08-31,Grand Slam,Outdoor,Hard,2nd Round,5,Novak J.,Srichaphan P.,179.0,43.0,226.0,820.0,7.0,6.0,3,6,6,4,6.0,4.0,,,3.0,1.0,Completed,2.5,1.5,2.35,1.6,2.45,1.5,2.27,1.73,2.5,1.5
ATP,2006,51,New York,US Open,2006-08-31,Grand Slam,Outdoor,Hard,2nd Round,5,Becker B.,Grosjean S.,112.0,36.0,383.0,950.0,7.0,6.0,6,1,6,2,,,,,3.0,0.0,Completed,3.75,1.25,3.65,1.28,3.9,1.25,4.26,1.281,3.4,1.3
ATP,2006,51,New York,US Open,2006-09-01,Grand Slam,Outdoor,Hard,2nd Round,5,Agassi A.,Baghdatis M.,39.0,8.0,925.0,1922.0,6.0,4.0,6,4,3,6,5.0,7.0,7.0,5.0,3.0,2.0,Completed,2.75,1.39,2.75,1.45,2.75,1.4,2.86,1.485,2.85,1.4
ATP,2006,51,New York,US Open,2006-09-01,Grand Slam,Outdoor,Hard,2nd Round,5,Federer R.,Henman T.,1.0,62.0,7295.0,640.0,6.0,3.0,6,4,7,5,,,,,3.0,0.0,Completed,1.01,15.0,1.01,16.0,1.02,16.0,1.016,42.5,1.02,20.0
ATP,2006,51,New York,US Open,2006-09-01,Grand Slam,Outdoor,Hard,2nd Round,5,Ginepri R.,Goldstein P.,21.0,81.0,1205.0,497.0,6.0,2.0,6,2,6,4,,,,,3.0,0.0,Completed,1.22,4.0,1.28,3.65,1.28,3.46,1.289,4.16,1.28,3.5
ATP,2006,51,New York,US Open,2006-09-01,Grand Slam,Outdoor,Hard,2nd Round,5,Moya C.,Mathieu P.H.,48.0,59.0,785.0,660.0,7.0,6.0,7,6,6,4,,,,,3.0,0.0,Completed,1.61,2.2,1.73,2.1,1.65,2.15,1.709,2.31,1.72,2.08
ATP,2006,51,New York,US Open,2006-09-01,Grand Slam,Outdoor,Hard,2nd Round,5,Tursunov D.,Falla A.,25.0,129.0,1125.0,334.0,6.0,3.0,7,6,7,5,,,,,3.0,0.0,Completed,1.1,6.5,1.13,6.0,1.1,6.25,1.156,6.81,1.11,6.2
ATP,2006,51,New York,US Open,2006-09-01,Grand Slam,Outdoor,Hard,2nd Round,5,Gonzalez F.,Hajek J.,11.0,83.0,1850.0,495.0,6.0,4.0,6,4,6,2,,,,,3.0,0.0,Completed,1.04,10.0,1.07,8.5,1.07,7.19,1.067,13.0,1.06,8.4
ATP,2006,51,New York,US Open,2006-09-01,Grand Slam,Outdoor,Hard,2nd Round,5,Kubot L.,Okun N.,138.0,255.0,297.0,148.0,7.0,6.0,6,4,2,6,2.0,6.0,6.0,4.0,3.0,2.0,Completed,2.0,1.72,2.2,1.67,2.05,1.75,2.23,1.752,1.96,1.8
ATP,2006,51,New York,US Open,2006-09-01,Grand Slam,Outdoor,Hard,2nd Round,5,Berdych T.,Mayer F.,14.0,58.0,1660.0,675.0,6.0,1.0,3,6,6,3,6.0,3.0,,,3.0,1.0,Completed,1.22,4.0,1.28,3.65,1.28,3.49,1.284,4.22,1.26,3.7
ATP,2006,51,New York,US Open,2006-09-01,Grand Slam,Outdoor,Hard,2nd Round,5,Haas T.,Sluiter R.,16.0,89.0,1525.0,447.0,6.0,4.0,6,2,6,3,,,,,3.0,0.0,Completed,1.05,9.0,1.05,10.0,1.06,7.79,1.071,12.0,1.1,6.6
ATP,2006,51,New York,US Open,2006-09-01,Grand Slam,Outdoor,Hard,2nd Round,5,Davydenko N.,Mahut N.,6.0,66.0,2175.0,605.0,6.0,0.0,,,,,,,,,1.0,0.0,Retired,1.11,6.0,1.16,5.25,1.17,4.67,1.156,6.8,1.14,5.3
ATP,2006,51,New York,US Open,2006-09-01,Grand Slam,Outdoor,Hard,2nd Round,5,Murray A.,di Mauro A.,19.0,94.0,1300.0,437.0,6.0,0.0,6,1,6,1,,,,,3.0,0.0,Completed,1.04,10.0,1.04,11.0,1.07,7.19,1.054,15.5,1.04,11.0
ATP,2006,51,New York,US Open,2006-09-01,Grand Slam,Outdoor,Hard,2nd Round,5,Gaudio G.,Querrey S.,24.0,174.0,1175.0,238.0,3.0,6.0,6,2,6,1,6.0,4.0,,,3.0,1.0,Completed,2.0,1.72,2.25,1.65,2.0,1.75,2.37,1.68,2.0,1.77
ATP,2006,51,New York,US Open,2006-09-01,Grand Slam,Outdoor,Hard,2nd Round,5,Spadea V.,Bjorkman J.,84.0,35.0,490.0,953.0,6.0,4.0,7,6,6,2,,,,,3.0,0.0,Completed,1.53,2.37,1.55,2.45,1.5,2.45,1.595,2.58,1.5,2.5
ATP,2006,51,New York,US Open,2006-09-01,Grand Slam,Outdoor,Hard,2nd Round,5,Blake J.,Gabashvili T.,7.0,125.0,2085.0,351.0,6.0,3.0,6,4,7,6,,,,,3.0,0.0,Completed,1.05,9.0,1.08,8.0,1.1,6.75,1.093,9.75,1.1,6.6
ATP,2006,51,New York,US Open,2006-09-01,Grand Slam,Outdoor,Hard,2nd Round,5,Gicquel M.,Ferrero J.C.,79.0,18.0,504.0,1330.0,7.0,5.0,6,3,6,4,,,,,3.0,0.0,Completed,5.0,1.14,4.85,1.18,5.0,1.15,5.45,1.206,4.8,1.17
ATP,2006,51,New York,US Open,2006-09-03,Grand Slam,Outdoor,Hard,2nd Round,5,Rochus O.,Sweeting R.,30.0,495.0,1010.0,53.0,6.0,2.0,3,6,4,6,6.0,4.0,6.0,0.0,3.0,2.0,Completed,1.1,6.5,1.1,7.0,1.1,6.75,1.12,8.5,1.08,7.4
ATP,2006,51,New York,US Open,2006-09-03,Grand Slam,Outdoor,Hard,2nd Round,5,Safin M.,Nalbandian D.,104.0,4.0,400.0,3155.0,6.0,3.0,7,5,2,6,3.0,6.0,7.0,6.0,3.0,2.0,Completed,1.9,1.8,1.85,1.95,1.8,1.95,1.943,1.962,1.82,1.94
ATP,2006,51,New York,US Open,2006-09-03,Grand Slam,Outdoor,Hard,3rd Round,5,Robredo T.,Wawrinka S.,5.0,46.0,2190.0,803.0,6.0,3.0,6,4,6,2,,,,,3.0,0.0,Completed,1.39,2.75,1.42,2.85,1.42,2.75,1.485,2.86,1.37,3.0
ATP,2006,51,New York,US Open,2006-09-03,Grand Slam,Outdoor,Hard,3rd Round,5,Youzhny M.,Ferrer D.,54.0,13.0,745.0,1675.0,4.0,6.0,6,4,7,5,6.0,4.0,,,3.0,1.0,Completed,2.62,1.44,2.75,1.45,2.4,1.53,2.72,1.549,2.5,1.5
ATP,2006,51,New York,US Open,2006-09-03,Grand Slam,Outdoor,Hard,3rd Round,5,Becker B.,Agassi A.,112.0,39.0,383.0,925.0,7.0,5.0,6,7,6,4,7.0,5.0,,,3.0,1.0,Completed,3.5,1.28,3.5,1.3,3.35,1.3,3.64,1.352,3.4,1.3
ATP,2006,51,New York,US Open,2006-09-03,Grand Slam,Outdoor,Hard,3rd Round,5,Novak J.,Malisse X.,179.0,33.0,226.0,983.0,6.0,7.0,6,3,6,4,6.0,4.0,,,3.0,1.0,Completed,3.25,1.33,3.2,1.35,3.1,1.35,3.66,1.35,3.1,1.35
ATP,2006,51,New York,US Open,2006-09-03,Grand Slam,Outdoor,Hard,3rd Round,5,Hewitt L.,Djokovic N.,17.0,23.0,1515.0,1183.0,6.0,3.0,6,1,6,2,,,,,3.0,0.0,Completed,1.66,2.1,1.73,2.1,1.71,2.05,1.746,2.24,1.7,2.1
ATP,2006,51,New York,US Open,2006-09-03,Grand Slam,Outdoor,Hard,3rd Round,5,Gasquet R.,Chiudinelli M.,29.0,306.0,1060.0,120.0,7.0,6.0,6,3,2,6,7.0,6.0,,,3.0,1.0,Completed,1.06,8.0,1.04,11.0,1.05,8.5,1.062,14.2,1.05,10.0
ATP,2006,51,New York,US Open,2006-09-03,Grand Slam,Outdoor,Hard,3rd Round,5,Roddick A.,Verdasco F.,10.0,26.0,1890.0,1115.0,6.0,7.0,6,3,6,4,6.0,7.0,6.0,2.0,3.0,2.0,Completed,1.12,5.5,1.12,6.25,1.13,5.5,1.137,7.6,1.14,5.35
ATP,2006,51,New York,US Open,2006-09-03,Grand Slam,Outdoor,Hard,3rd Round,5,Murray A.,Gonzalez F.,19.0,11.0,1300.0,1850.0,6.0,3.0,3,6,2,6,6.0,3.0,6.0,2.0,3.0,2.0,Completed,1.8,1.9,1.9,1.9,1.9,1.85,2.0,1.909,1.88,1.88
ATP,2006,51,New York,US Open,2006-09-03,Grand Slam,Outdoor,Hard,3rd Round,5,Berdych T.,Tursunov D.,14.0,25.0,1660.0,1125.0,6.0,7.0,6,3,3,6,6.0,3.0,6.0,4.0,3.0,2.0,Completed,1.66,2.1,1.73,2.1,1.65,2.15,1.746,2.24,1.78,2.0
ATP,2006,51,New York,US Open,2006-09-03,Grand Slam,Outdoor,Hard,3rd Round,5,Nadal R.,Moodie W.,2.0,82.0,4625.0,495.0,6.0,4.0,7,6,7,6,,,,,3.0,0.0,Completed,1.03,11.0,1.04,11.0,1.04,9.25,1.054,15.5,1.04,12.5
ATP,2006,51,New York,US Open,2006-09-03,Grand Slam,Outdoor,Hard,3rd Round,5,Davydenko N.,Kubot L.,6.0,138.0,2175.0,297.0,6.0,4.0,6,1,6,1,,,,,3.0,0.0,Completed,1.06,8.0,1.05,10.0,1.07,7.19,1.07,12.25,1.06,8.5
ATP,2006,51,New York,US Open,2006-09-04,Grand Slam,Outdoor,Hard,3rd Round,5,Gicquel M.,Gaudio G.,79.0,24.0,504.0,1175.0,6.0,0.0,4,6,4,6,6.0,1.0,7.0,6.0,3.0,2.0,Completed,2.25,1.57,2.15,1.7,2.15,1.65,2.34,1.694,2.3,1.58
ATP,2006,51,New York,US Open,2006-09-04,Grand Slam,Outdoor,Hard,3rd Round,5,Federer R.,Spadea V.,1.0,84.0,7295.0,490.0,6.0,3.0,6,3,6,0,,,,,3.0,0.0,Completed,1.01,15.0,1.01,16.0,1.01,13.5,1.01,71.0,1.01,40.0
ATP,2006,51,New York,US Open,2006-09-04,Grand Slam,Outdoor,Hard,3rd Round,5,Blake J.,Moya C.,7.0,48.0,2085.0,785.0,6.0,4.0,7,6,2,6,6.0,3.0,,,3.0,1.0,Completed,1.36,3.0,1.4,2.95,1.35,3.05,1.376,3.46,1.42,2.75
ATP,2006,51,New York,US Open,2006-09-04,Grand Slam,Outdoor,Hard,3rd Round,5,Haas T.,Ginepri R.,16.0,21.0,1525.0,1205.0,7.0,6.0,6,4,3,6,3.0,6.0,7.0,6.0,3.0,2.0,Completed,1.53,2.37,1.55,2.45,1.6,2.25,1.613,2.53,1.6,2.3
ATP,2006,51,New York,US Open,2006-09-04,Grand Slam,Outdoor,Hard,3rd Round,5,Safin M.,Rochus O.,104.0,30.0,400.0,1010.0,6.0,3.0,6,2,6,3,,,,,3.0,0.0,Completed,1.5,2.5,1.5,2.6,1.5,2.45,1.524,2.78,1.58,2.33
ATP,2006,51,New York,US Open,2006-09-04,Grand Slam,Outdoor,Hard,4th Round,5,Nadal R.,Novak J.,2.0,179.0,4625.0,226.0,6.0,1.0,7,6,6,4,,,,,3.0,0.0,Completed,1.04,9.0,1.05,10.0,1.04,9.25,1.05,16.0,1.04,12.5
ATP,2006,51,New York,US Open,2006-09-04,Grand Slam,Outdoor,Hard,4th Round,5,Youzhny M.,Robredo T.,54.0,5.0,745.0,2190.0,6.0,2.0,6,0,6,1,,,,,3.0,0.0,Completed,2.75,1.39,3.1,1.37,2.83,1.39,3.25,1.408,2.88,1.4
ATP,2006,51,New York,US Open,2006-09-04,Grand Slam,Outdoor,Hard,4th Round,5,Roddick A.,Becker B.,10.0,112.0,1890.0,383.0,6.0,3.0,6,4,6,3,,,,,3.0,0.0,Completed,1.1,6.5,1.1,7.0,1.13,5.5,1.134,7.75,1.12,6.0
ATP,2006,51,New York,US Open,2006-09-05,Grand Slam,Outdoor,Hard,4th Round,5,Hewitt L.,Gasquet R.,17.0,29.0,1515.0,1060.0,6.0,4.0,6,4,4,6,3.0,6.0,6.0,3.0,3.0,2.0,Completed,1.72,2.0,1.65,2.25,1.75,2.05,1.714,2.3,1.7,2.1
ATP,2006,51,New York,US Open,2006-09-06,Grand Slam,Outdoor,Hard,4th Round,5,Haas T.,Safin M.,16.0,104.0,1525.0,400.0,4.0,6.0,6,3,2,6,6.0,2.0,7.0,6.0,3.0,2.0,Completed,2.5,1.5,2.75,1.45,2.6,1.45,2.78,1.524,2.5,1.5
ATP,2006,51,New York,US Open,2006-09-06,Grand Slam,Outdoor,Hard,4th Round,5,Davydenko N.,Murray A.,6.0,19.0,2175.0,1300.0,6.0,1.0,5,7,6,3,6.0,0.0,,,3.0,1.0,Completed,2.0,1.72,1.95,1.85,1.91,1.83,2.02,1.893,1.94,1.83
ATP,2006,51,New York,US Open,2006-09-06,Grand Slam,Outdoor,Hard,4th Round,5,Federer R.,Gicquel M.,1.0,79.0,7295.0,504.0,6.0,3.0,7,6,6,3,,,,,3.0,0.0,Completed,1.01,15.0,1.01,16.0,1.01,13.5,1.015,46.0,1.01,40.0
ATP,2006,51,New York,US Open,2006-09-06,Grand Slam,Outdoor,Hard,4th Round,5,Blake J.,Berdych T.,7.0,14.0,2085.0,1660.0,6.0,4.0,6,3,6,1,,,,,3.0,0.0,Completed,1.5,2.5,1.57,2.4,1.55,2.4,1.559,2.69,1.5,2.52
ATP,2006,51,New York,US Open,2006-09-06,Grand Slam,Outdoor,Hard,Quarterfinals,5,Youzhny M.,Nadal R.,54.0,2.0,745.0,4625.0,6.0,3.0,5,7,7,6,6.0,1.0,,,3.0,1.0,Completed,5.5,1.12,5.5,1.15,4.65,1.17,5.46,1.206,4.85,1.17
ATP,2006,51,New York,US Open,2006-09-07,Grand Slam,Outdoor,Hard,Quarterfinals,5,Roddick A.,Hewitt L.,10.0,17.0,1890.0,1515.0,6.0,3.0,7,5,6,4,,,,,3.0,0.0,Completed,1.5,2.5,1.57,2.4,1.58,2.28,1.578,2.63,1.58,2.32
ATP,2006,51,New York,US Open,2006-09-07,Grand Slam,Outdoor,Hard,Quarterfinals,5,Davydenko N.,Haas T.,6.0,16.0,2175.0,1525.0,4.0,6.0,6,7,6,3,6.0,4.0,6.0,4.0,3.0,2.0,Completed,1.53,2.37,1.55,2.45,1.5,2.5,1.556,2.7,1.5,2.55
ATP,2006,51,New York,US Open,2006-09-08,Grand Slam,Outdoor,Hard,Quarterfinals,5,Federer R.,Blake J.,1.0,7.0,7295.0,2085.0,7.0,6.0,6,0,6,7,6.0,4.0,,,3.0,1.0,Completed,1.08,7.0,1.08,8.0,1.07,7.19,1.131,7.94,1.1,6.6
ATP,2006,51,New York,US Open,2006-09-09,Grand Slam,Outdoor,Hard,Semifinals,5,Federer R.,Davydenko N.,1.0,6.0,7295.0,2175.0,6.0,1.0,7,5,6,4,,,,,3.0,0.0,Completed,1.05,10.0,1.07,8.5,1.05,8.5,1.067,13.0,1.07,8.0
ATP,2006,51,New York,US Open,2006-09-09,Grand Slam,Outdoor,Hard,Semifinals,5,Roddick A.,Youzhny M.,10.0,54.0,1890.0,745.0,6.0,7.0,6,0,7,6,6.0,3.0,,,3.0,1.0,Completed,1.28,3.75,1.28,3.65,1.3,3.35,1.333,3.7,1.3,3.4
ATP,2006,51,New York,US Open,2006-09-10,Grand Slam,Outdoor,Hard,The Final,5,Federer R.,Roddick A.,1.0,10.0,7295.0,1890.0,6.0,2.0,4,6,7,5,6.0,1.0,,,3.0,1.0,Completed,1.12,6.0,1.16,5.2,1.15,5.65,1.161,6.61,1.14,5.85
