Tour,Year,ATP,Location,Tournament,Date,Series,Court,Surface,Round,Best of,Winner,Loser,WRank,LRank,WPts,LPts,W1,L1,W2,L2,W3,L3,W4,L4,W5,L5,Wsets,Lsets,Comment,B365W,B365L,EXW,EXL,LBW,LBL,PSW,PSL,SJW,SJL,MaxW,MaxL,AvgW,AvgL
ATP,2010,6,Melbourne,Australian Open,2010-01-18,Grand Slam,Outdoor,Hard,1st Round,5,Gonzalez F.,Rochus O.,11.0,59.0,2870.0,769.0,6.0,3.0,6.0,4.0,3.0,6.0,6.0,1.0,,,3.0,1.0,Completed,1.05,9.0,1.05,8.5,1.07,7.5,1.067,12.0,1.063,7.5,,,,
ATP,2010,6,Melbourne,Australian Open,2010-01-18,Grand Slam,Outdoor,Hard,1st Round,5,Ljubicic I.,Kubler J.,24.0,86.0,1405.0,573.0,6.0,1.0,6.0,2.0,6.0,2.0,,,,,3.0,0.0,Completed,1.04,10.0,1.04,9.25,1.02,11.0,1.053,13.8,1.05,8.0,,,,
ATP,2010,6,Melbourne,Australian Open,2010-01-18,Grand Slam,Outdoor,Hard,1st Round,5,Karlovic I.,Stepanek R.,39.0,13.0,1015.0,2525.0,2.0,6.0,7.0,6.0,6.0,4.0,3.0,6.0,6.0,4.0,3.0,2.0,Completed,3.0,1.36,3.0,1.37,2.75,1.4,3.21,1.413,2.625,1.444,,,,
ATP,2010,6,Melbourne,Australian Open,2010-01-18,Grand Slam,Outdoor,Hard,1st Round,5,Mayer F.,Petzschner P.,60.0,81.0,746.0,582.0,0.0,6.0,2.0,6.0,6.0,4.0,6.0,2.0,6.0,2.0,3.0,2.0,Completed,1.4,2.75,1.5,2.45,1.5,2.5,1.5,2.83,1.444,2.625,,,,
ATP,2010,6,Melbourne,Australian Open,2010-01-18,Grand Slam,Outdoor,Hard,1st Round,5,Odesnik W.,Kavcic B.,89.0,124.0,559.0,445.0,4.0,6.0,6.0,1.0,6.0,4.0,6.0,2.0,,,3.0,1.0,Completed,1.4,2.75,1.5,2.45,1.5,2.5,1.455,3.01,1.533,2.375,,,,
ATP,2010,6,Melbourne,Australian Open,2010-01-18,Grand Slam,Outdoor,Hard,1st Round,5,Roddick A.,De Bakker T.,7.0,80.0,4510.0,586.0,6.0,1.0,6.0,4.0,6.0,4.0,,,,,3.0,0.0,Completed,1.02,12.0,1.04,9.25,1.02,11.0,1.025,21.0,1.01,15.0,,,,
ATP,2010,6,Melbourne,Australian Open,2010-01-18,Grand Slam,Outdoor,Hard,1st Round,5,Golubev A.,Fish M.,131.0,54.0,407.0,835.0,6.0,2.0,1.0,6.0,6.0,3.0,6.0,3.0,,,3.0,1.0,Completed,3.25,1.33,3.4,1.3,3.5,1.286,4.04,1.295,3.0,1.333,,,,
ATP,2010,6,Melbourne,Australian Open,2010-01-18,Grand Slam,Outdoor,Hard,1st Round,5,Murray A.,Anderson K.,4.0,148.0,6780.0,347.0,6.0,1.0,6.0,1.0,6.0,2.0,,,,,3.0,0.0,Completed,1.01,15.0,1.02,11.5,1.015,13.0,1.017,41.0,1.02,11.0,,,,
ATP,2010,6,Melbourne,Australian Open,2010-01-18,Grand Slam,Outdoor,Hard,1st Round,5,Del Potro J.M.,Russell M.,5.0,90.0,6580.0,554.0,6.0,4.0,6.0,4.0,3.0,6.0,6.0,2.0,,,3.0,1.0,Completed,1.02,12.0,1.05,9.0,1.03,10.0,1.04,17.0,1.01,15.0,,,,
ATP,2010,6,Melbourne,Australian Open,2010-01-18,Grand Slam,Outdoor,Hard,1st Round,5,Tomic B.,Rufin G.,289.0,173.0,150.0,287.0,6.0,3.0,6.0,4.0,6.0,4.0,,,,,3.0,0.0,Completed,1.53,2.37,1.63,2.23,1.533,2.375,1.633,2.46,1.571,2.25,,,,
ATP,2010,6,Melbourne,Australian Open,2010-01-18,Grand Slam,Outdoor,Hard,1st Round,5,Nadal R.,Luczak P.,2.0,70.0,9310.0,635.0,7.0,6.0,6.0,1.0,6.0,4.0,,,,,3.0,0.0,Completed,1.0,21.0,1.01,13.5,1.01,17.0,1.016,43.5,1.01,17.0,,,,
ATP,2010,6,Melbourne,Australian Open,2010-01-19,Grand Slam,Outdoor,Hard,1st Round,5,Verdasco F.,Ball C.,9.0,129.0,3300.0,420.0,6.0,7.0,7.0,6.0,7.0,5.0,6.0,2.0,,,3.0,1.0,Completed,1.03,11.0,1.04,9.25,1.063,8.0,1.045,15.5,1.05,8.0,,,,
ATP,2010,6,Melbourne,Australian Open,2010-01-19,Grand Slam,Outdoor,Hard,1st Round,5,Korolev E.,Brands D.,53.0,91.0,860.0,550.0,6.0,2.0,7.0,5.0,7.0,5.0,,,,,3.0,0.0,Completed,1.25,3.75,1.32,3.2,1.3,3.4,1.3,3.99,1.333,3.0,,,,
ATP,2010,6,Melbourne,Australian Open,2010-01-19,Grand Slam,Outdoor,Hard,1st Round,5,Berdych T.,Haase R.,21.0,390.0,1680.0,95.0,6.0,0.0,6.0,3.0,6.0,3.0,,,,,3.0,0.0,Completed,1.11,6.0,1.08,6.84,1.111,6.0,1.16,6.35,1.083,6.5,,,,
ATP,2010,6,Melbourne,Australian Open,2010-01-19,Grand Slam,Outdoor,Hard,1st Round,5,Sorensen L.,Lu Y.H.,284.0,101.0,156.0,525.0,6.0,4.0,3.0,6.0,6.0,2.0,6.0,1.0,,,3.0,1.0,Completed,2.75,1.4,2.8,1.4,2.625,1.444,3.11,1.433,2.625,1.444,,,,
ATP,2010,6,Melbourne,Australian Open,2010-01-19,Grand Slam,Outdoor,Hard,1st Round,5,Isner J.,Seppi A.,28.0,49.0,1260.0,900.0,6.0,3.0,6.0,3.0,3.0,6.0,5.0,7.0,6.0,4.0,3.0,2.0,Completed,1.4,2.75,1.42,2.75,1.364,3.0,1.488,2.88,1.5,2.5,,,,
ATP,2010,6,Melbourne,Australian Open,2010-01-19,Grand Slam,Outdoor,Hard,1st Round,5,Sergeyev I.,Sela D.,209.0,41.0,225.0,1006.0,6.0,3.0,7.0,6.0,4.0,6.0,7.0,6.0,,,3.0,1.0,Completed,4.0,1.22,3.75,1.25,3.5,1.286,4.3,1.271,3.25,1.286,,,,
ATP,2010,6,Melbourne,Australian Open,2010-01-19,Grand Slam,Outdoor,Hard,1st Round,5,Monfils G.,Ebden M.,12.0,251.0,2610.0,183.0,6.0,4.0,6.0,4.0,6.0,4.0,,,,,3.0,0.0,Completed,1.07,7.5,1.09,6.75,1.083,7.0,1.123,7.72,1.063,7.5,,,,
ATP,2010,6,Melbourne,Australian Open,2010-01-19,Grand Slam,Outdoor,Hard,1st Round,5,Lopez F.,Cuevas P.,46.0,48.0,905.0,905.0,6.0,1.0,6.0,4.0,7.0,5.0,,,,,3.0,0.0,Completed,1.33,3.25,1.28,3.61,1.364,3.0,1.362,3.5,1.364,3.0,,,,
ATP,2010,6,Melbourne,Australian Open,2010-01-19,Grand Slam,Outdoor,Hard,1st Round,5,Nieminen J.,Lindahl N.,132.0,235.0,398.0,191.0,6.0,2.0,7.0,5.0,6.0,4.0,,,,,3.0,0.0,Completed,1.28,3.5,1.28,3.49,1.3,3.4,1.314,3.86,1.333,3.0,,,,
ATP,2010,6,Melbourne,Australian Open,2010-01-19,Grand Slam,Outdoor,Hard,1st Round,5,Cilic M.,Santoro F.,14.0,67.0,2430.0,645.0,7.0,5.0,7.0,5.0,6.0,3.0,,,,,3.0,0.0,Completed,1.03,11.0,1.04,9.25,1.03,10.0,1.047,15.0,1.013,15.0,,,,
ATP,2010,6,Melbourne,Australian Open,2010-01-19,Grand Slam,Outdoor,Hard,1st Round,5,Schuettler R.,Querrey S.,107.0,29.0,505.0,1240.0,6.0,3.0,2.0,6.0,6.0,4.0,6.0,3.0,,,3.0,1.0,Completed,4.0,1.22,4.25,1.2,4.0,1.222,4.04,1.295,3.75,1.222,,,,
ATP,2010,6,Melbourne,Australian Open,2010-01-19,Grand Slam,Outdoor,Hard,1st Round,5,Wawrinka S.,Garcia-Lopez G.,19.0,44.0,1765.0,954.0,6.0,3.0,6.0,3.0,6.0,2.0,,,,,3.0,0.0,Completed,1.25,3.75,1.25,3.7,1.2,4.33,1.325,3.78,1.2,4.0,,,,
ATP,2010,6,Melbourne,Australian Open,2010-01-19,Grand Slam,Outdoor,Hard,1st Round,5,Kunitsyn I.,Acasuso J.,100.0,51.0,525.0,870.0,6.0,1.0,2.0,6.0,6.0,4.0,6.0,2.0,,,3.0,1.0,Completed,2.1,1.66,2.1,1.7,2.1,1.667,2.14,1.813,1.909,1.8,,,,
ATP,2010,6,Melbourne,Australian Open,2010-01-19,Grand Slam,Outdoor,Hard,1st Round,5,Davydenko N.,Kindlmann D.,6.0,175.0,4930.0,278.0,6.0,1.0,6.0,0.0,6.0,3.0,,,,,3.0,0.0,Completed,1.0,21.0,1.02,11.5,1.01,17.0,1.02,31.0,1.02,11.0,,,,
ATP,2010,6,Melbourne,Australian Open,2010-01-19,Grand Slam,Outdoor,Hard,1st Round,5,Ilhan M.,Grosjean S.,154.0,564.0,322.0,46.0,6.0,4.0,6.0,3.0,7.0,5.0,,,,,3.0,0.0,Completed,2.37,1.53,2.35,1.58,2.2,1.61,2.55,1.595,2.2,1.62,,,,
ATP,2010,6,Melbourne,Australian Open,2010-01-19,Grand Slam,Outdoor,Hard,1st Round,5,Benneteau J.,Guez D.,43.0,133.0,969.0,381.0,0.0,6.0,6.0,4.0,7.0,6.0,7.0,6.0,,,3.0,1.0,Completed,1.22,4.0,1.23,3.89,1.25,3.75,1.27,4.3,1.222,3.75,,,,
ATP,2010,6,Melbourne,Australian Open,2010-01-19,Grand Slam,Outdoor,Hard,1st Round,5,Lacko L.,Mayer L.,75.0,69.0,612.0,637.0,6.0,4.0,6.0,4.0,6.0,0.0,,,,,3.0,0.0,Completed,2.5,1.5,2.5,1.5,2.5,1.5,2.43,1.645,2.5,1.5,,,,
ATP,2010,6,Melbourne,Australian Open,2010-01-19,Grand Slam,Outdoor,Hard,1st Round,5,Serra F.,Melzer J.,64.0,27.0,665.0,1260.0,6.0,1.0,6.0,7.0,6.0,4.0,4.0,6.0,6.0,3.0,3.0,2.0,Completed,2.37,1.53,2.15,1.65,2.25,1.571,2.39,1.662,2.25,1.571,,,,
ATP,2010,6,Melbourne,Australian Open,2010-01-19,Grand Slam,Outdoor,Hard,1st Round,5,Bellucci T.,Gabashvili T.,35.0,102.0,1086.0,518.0,6.0,3.0,7.0,5.0,4.0,6.0,6.0,4.0,,,3.0,1.0,Completed,1.2,4.33,1.18,4.55,1.22,4.0,1.238,4.72,1.2,3.75,,,,
ATP,2010,6,Melbourne,Australian Open,2010-01-19,Grand Slam,Outdoor,Hard,1st Round,5,Blake J.,Clement A.,45.0,55.0,935.0,797.0,7.0,5.0,7.0,5.0,6.0,2.0,,,,,3.0,0.0,Completed,1.33,3.25,1.38,2.95,1.364,3.0,1.345,3.62,1.4,2.75,,,,
ATP,2010,6,Melbourne,Australian Open,2010-01-19,Grand Slam,Outdoor,Hard,1st Round,5,Granollers M.,Soderling R.,113.0,8.0,483.0,3410.0,5.0,7.0,2.0,6.0,6.0,4.0,6.0,4.0,6.0,2.0,3.0,2.0,Completed,6.0,1.11,5.2,1.14,5.5,1.12,6.46,1.156,5.0,1.143,,,,
ATP,2010,6,Melbourne,Australian Open,2010-01-19,Grand Slam,Outdoor,Hard,1st Round,5,Kohlschreiber P.,Zeballos H.,26.0,50.0,1260.0,899.0,6.0,1.0,7.0,5.0,6.0,1.0,,,,,3.0,0.0,Completed,1.2,4.33,1.23,3.89,1.222,4.0,1.239,4.7,1.182,4.333,,,,
ATP,2010,6,Melbourne,Australian Open,2010-01-19,Grand Slam,Outdoor,Hard,1st Round,5,Gicquel M.,Bolelli S.,57.0,98.0,775.0,529.0,7.0,6.0,7.0,6.0,6.0,3.0,,,,,3.0,0.0,Completed,1.44,2.62,1.49,2.5,1.444,2.625,1.426,3.14,1.444,2.625,,,,
ATP,2010,6,Melbourne,Australian Open,2010-01-19,Grand Slam,Outdoor,Hard,1st Round,5,Federer R.,Andreev I.,1.0,37.0,10550.0,1030.0,4.0,6.0,6.0,2.0,7.0,6.0,6.0,0.0,,,3.0,1.0,Completed,1.01,15.0,1.02,11.5,1.015,13.0,1.022,26.0,1.013,13.0,,,,
ATP,2010,6,Melbourne,Australian Open,2010-01-19,Grand Slam,Outdoor,Hard,1st Round,5,Kubot L.,Zverev M.,86.0,78.0,573.0,590.0,6.0,3.0,6.0,3.0,6.0,3.0,,,,,3.0,0.0,Completed,1.4,2.75,1.37,2.92,1.444,2.625,1.552,2.66,1.444,2.625,,,,
ATP,2010,6,Melbourne,Australian Open,2010-01-19,Grand Slam,Outdoor,Hard,1st Round,5,Troicki V.,Lapentti N.,30.0,94.0,1220.0,540.0,4.0,6.0,6.0,3.0,6.0,1.0,6.0,3.0,,,3.0,1.0,Completed,1.22,4.0,1.23,3.89,1.25,3.75,1.305,3.95,1.25,3.5,,,,
ATP,2010,6,Melbourne,Australian Open,2010-01-19,Grand Slam,Outdoor,Hard,1st Round,5,Giraldo S.,Robredo T.,114.0,16.0,483.0,2175.0,6.0,4.0,6.0,2.0,6.0,2.0,,,,,3.0,0.0,Completed,6.5,1.1,5.9,1.11,6.0,1.111,8.53,1.108,5.5,1.125,,,,
ATP,2010,6,Melbourne,Australian Open,2010-01-19,Grand Slam,Outdoor,Hard,1st Round,5,Koubek S.,Ram R.,134.0,84.0,377.0,578.0,4.0,6.0,6.0,3.0,5.0,7.0,6.0,1.0,6.0,3.0,3.0,2.0,Completed,1.44,2.62,1.45,2.6,1.533,2.375,1.435,3.1,1.444,2.625,,,,
ATP,2010,6,Melbourne,Australian Open,2010-01-19,Grand Slam,Outdoor,Hard,1st Round,5,Veic A.,Koellerer D.,224.0,73.0,208.0,617.0,6.0,4.0,3.0,6.0,6.0,7.0,6.0,1.0,6.0,4.0,3.0,2.0,Completed,2.25,1.57,,,2.2,1.615,2.38,1.667,2.25,1.571,,,,
ATP,2010,6,Melbourne,Australian Open,2010-01-19,Grand Slam,Outdoor,Hard,1st Round,5,Monaco J.,Gulbis E.,33.0,82.0,1170.0,580.0,6.0,3.0,7.0,6.0,6.0,1.0,,,,,3.0,0.0,Completed,2.25,1.57,2.2,1.65,2.2,1.615,2.36,1.676,2.1,1.667,,,,
ATP,2010,6,Melbourne,Australian Open,2010-01-19,Grand Slam,Outdoor,Hard,1st Round,5,Marchenko I.,Moya C.,119.0,509.0,455.0,55.0,7.0,6.0,7.0,5.0,6.0,3.0,,,,,3.0,0.0,Completed,1.8,1.9,1.7,2.1,1.727,2.0,1.82,2.13,1.833,1.833,,,,
ATP,2010,6,Melbourne,Australian Open,2010-01-19,Grand Slam,Outdoor,Hard,1st Round,5,Haas T.,Greul S.,17.0,61.0,1855.0,739.0,6.0,7.0,6.0,4.0,6.0,2.0,6.0,1.0,,,3.0,1.0,Completed,1.16,4.5,1.17,4.67,1.2,4.333,1.235,4.76,1.167,4.5,,,,
ATP,2010,6,Melbourne,Australian Open,2010-01-19,Grand Slam,Outdoor,Hard,1st Round,5,Tsonga J.W.,Stakhovsky S.,10.0,62.0,2875.0,708.0,6.0,3.0,6.0,4.0,6.0,4.0,,,,,3.0,0.0,Completed,1.08,7.0,1.08,7.0,1.071,7.5,1.129,7.47,1.125,5.5,,,,
ATP,2010,6,Melbourne,Australian Open,2010-01-19,Grand Slam,Outdoor,Hard,1st Round,5,Baghdatis M.,Lorenzi P.,31.0,83.0,1215.0,580.0,6.0,2.0,6.0,4.0,6.0,4.0,,,,,3.0,0.0,Completed,1.03,11.0,1.05,8.5,1.05,8.5,1.043,16.25,1.03,10.0,,,,
ATP,2010,6,Melbourne,Australian Open,2010-01-19,Grand Slam,Outdoor,Hard,1st Round,5,Ferrer D.,Gil F.,18.0,68.0,1825.0,645.0,6.0,0.0,6.0,0.0,2.0,0.0,,,,,2.0,0.0,Retired,1.08,7.0,1.09,6.75,1.111,6.0,1.121,7.83,1.125,5.5,,,,
ATP,2010,6,Melbourne,Australian Open,2010-01-19,Grand Slam,Outdoor,Hard,1st Round,5,Tipsarevic J.,Harrison R.,36.0,341.0,1060.0,119.0,6.0,2.0,6.0,4.0,7.0,6.0,,,,,3.0,0.0,Completed,1.062,8.0,1.05,8.5,1.07,7.5,1.182,5.1,1.08,6.5,,,,
ATP,2010,6,Melbourne,Australian Open,2010-01-19,Grand Slam,Outdoor,Hard,1st Round,5,Dodig I.,Ferrero J.C.,185.0,23.0,260.0,1555.0,2.0,6.0,1.0,6.0,6.0,4.0,6.0,1.0,6.0,1.0,3.0,2.0,Completed,3.5,1.28,3.14,1.33,3.5,1.286,3.72,1.332,3.25,1.286,,,,
ATP,2010,6,Melbourne,Australian Open,2010-01-19,Grand Slam,Outdoor,Hard,1st Round,5,Llodra M.,Vassallo-Arguello M.,72.0,96.0,627.0,535.0,6.0,3.0,7.0,5.0,6.0,4.0,,,,,3.0,0.0,Completed,1.4,2.75,1.45,2.6,1.444,2.625,1.455,3.01,1.364,2.875,,,,
ATP,2010,6,Melbourne,Australian Open,2010-01-19,Grand Slam,Outdoor,Hard,1st Round,5,Falla A.,Daniel M.,77.0,88.0,594.0,565.0,7.0,5.0,6.0,3.0,6.0,1.0,,,,,3.0,0.0,Completed,1.25,3.75,1.28,3.49,1.25,3.75,1.275,4.25,1.286,3.25,,,,
ATP,2010,6,Melbourne,Australian Open,2010-01-19,Grand Slam,Outdoor,Hard,1st Round,5,Dent T.,Fognini F.,79.0,56.0,588.0,790.0,6.0,1.0,6.0,3.0,6.0,3.0,,,,,3.0,0.0,Completed,1.4,2.75,1.39,2.84,1.4,2.75,1.407,3.24,1.4,2.75,,,,
ATP,2010,6,Melbourne,Australian Open,2010-01-19,Grand Slam,Outdoor,Hard,1st Round,5,Hajek J.,Ginepri R.,92.0,99.0,546.0,529.0,7.0,6.0,7.0,5.0,6.0,1.0,,,,,3.0,0.0,Completed,3.5,1.28,3.1,1.35,2.875,1.364,3.63,1.344,3.0,1.333,,,,
ATP,2010,6,Melbourne,Australian Open,2010-01-19,Grand Slam,Outdoor,Hard,1st Round,5,Hanescu V.,Chela J.I.,47.0,76.0,905.0,611.0,6.0,4.0,6.0,3.0,7.0,6.0,,,,,3.0,0.0,Completed,1.5,2.5,1.35,3.2,1.53,2.38,1.498,2.84,1.533,2.375,,,,
ATP,2010,6,Melbourne,Australian Open,2010-01-19,Grand Slam,Outdoor,Hard,1st Round,5,Montanes A.,Hernandez O.,32.0,71.0,1185.0,633.0,7.0,6.0,2.0,2.0,,,,,,,1.0,0.0,Retired,1.22,4.0,1.28,3.45,1.25,3.75,1.247,4.6,1.25,3.5,,,,
ATP,2010,6,Melbourne,Australian Open,2010-01-19,Grand Slam,Outdoor,Hard,1st Round,5,Becker B.,Zemlja G.,38.0,169.0,1016.0,291.0,7.0,6.0,7.0,5.0,7.0,5.0,,,,,3.0,0.0,Completed,1.4,2.75,1.38,2.92,1.4,2.75,1.476,2.92,1.4,2.75,,,,
ATP,2010,6,Melbourne,Australian Open,2010-01-19,Grand Slam,Outdoor,Hard,1st Round,5,Youzhny M.,Gasquet R.,20.0,52.0,1690.0,865.0,6.0,7.0,4.0,6.0,7.0,6.0,7.0,6.0,6.0,4.0,3.0,2.0,Completed,2.1,1.66,2.16,1.64,2.2,1.615,2.2,1.769,2.1,1.727,,,,
ATP,2010,6,Melbourne,Australian Open,2010-01-19,Grand Slam,Outdoor,Hard,1st Round,5,Hewitt L.,Hocevar R.,22.0,194.0,1600.0,245.0,6.0,1.0,6.0,2.0,6.0,3.0,,,,,3.0,0.0,Completed,1.01,13.0,1.03,10.5,1.015,13.0,1.025,21.0,1.03,10.0,,,,
ATP,2010,6,Melbourne,Australian Open,2010-01-19,Grand Slam,Outdoor,Hard,1st Round,5,Chiudinelli M.,Matosevic M.,58.0,180.0,775.0,270.0,7.0,6.0,7.0,6.0,4.0,6.0,6.0,3.0,,,3.0,1.0,Completed,1.22,4.0,1.25,3.75,1.286,3.5,1.275,4.24,1.25,3.5,,,,
ATP,2010,6,Melbourne,Australian Open,2010-01-19,Grand Slam,Outdoor,Hard,1st Round,5,Robert S.,Starace P.,104.0,63.0,515.0,707.0,6.0,3.0,7.0,6.0,7.0,6.0,,,,,3.0,0.0,Completed,2.25,1.57,2.15,1.65,2.1,1.667,2.36,1.676,2.2,1.615,,,,
ATP,2010,6,Melbourne,Australian Open,2010-01-19,Grand Slam,Outdoor,Hard,1st Round,5,Young D.,Rochus C.,195.0,85.0,244.0,575.0,1.0,6.0,7.0,5.0,6.0,2.0,6.0,4.0,,,3.0,1.0,Completed,1.66,2.1,1.7,2.1,1.667,2.1,1.833,2.11,1.667,2.1,,,,
ATP,2010,6,Melbourne,Australian Open,2010-01-19,Grand Slam,Outdoor,Hard,1st Round,5,Djokovic N.,Gimeno-Traver D.,3.0,74.0,8310.0,613.0,7.0,5.0,6.0,3.0,6.0,2.0,,,,,3.0,0.0,Completed,1.01,15.0,1.01,14.32,1.01,17.0,1.015,41.0,1.01,17.0,,,,
ATP,2010,6,Melbourne,Australian Open,2010-01-19,Grand Slam,Outdoor,Hard,1st Round,5,Berrer M.,Vliegen K.,66.0,112.0,653.0,485.0,6.0,1.0,6.0,2.0,6.0,1.0,,,,,3.0,0.0,Completed,1.22,4.0,1.21,4.15,1.286,3.5,1.29,4.09,1.286,3.25,,,,
ATP,2010,6,Melbourne,Australian Open,2010-01-19,Grand Slam,Outdoor,Hard,1st Round,5,Istomin D.,Chardy J.,103.0,34.0,515.0,1090.0,6.0,2.0,6.0,2.0,6.0,0.0,,,,,3.0,0.0,Completed,3.0,1.36,3.15,1.33,3.4,1.3,3.14,1.426,3.25,1.286,,,,
ATP,2010,6,Melbourne,Australian Open,2010-01-19,Grand Slam,Outdoor,Hard,1st Round,5,Almagro N.,Malisse X.,25.0,93.0,1305.0,541.0,7.0,6.0,6.0,4.0,2.0,6.0,4.0,6.0,7.0,6.0,3.0,2.0,Completed,1.9,1.8,1.87,1.87,1.833,1.833,2.04,1.885,1.8,1.909,,,,
ATP,2010,6,Melbourne,Australian Open,2010-01-20,Grand Slam,Outdoor,Hard,2nd Round,5,Gonzalez F.,Ilhan M.,11.0,154.0,2870.0,322.0,6.0,3.0,6.0,4.0,7.0,5.0,,,,,3.0,0.0,Completed,1.02,12.0,1.04,9.25,1.05,8.5,1.055,13.65,1.05,8.0,,,,
ATP,2010,6,Melbourne,Australian Open,2010-01-20,Grand Slam,Outdoor,Hard,2nd Round,5,Roddick A.,Bellucci T.,7.0,35.0,4510.0,1086.0,6.0,3.0,6.0,4.0,6.0,4.0,,,,,3.0,0.0,Completed,1.05,9.0,1.07,7.25,1.063,8.0,1.083,10.25,1.063,7.5,,,,
ATP,2010,6,Melbourne,Australian Open,2010-01-20,Grand Slam,Outdoor,Hard,2nd Round,5,Korolev E.,Berdych T.,53.0,21.0,860.0,1680.0,6.0,4.0,6.0,4.0,7.0,5.0,,,,,3.0,0.0,Completed,4.0,1.22,3.7,1.25,4.333,1.2,4.18,1.282,4.0,1.2,,,,
ATP,2010,6,Melbourne,Australian Open,2010-01-20,Grand Slam,Outdoor,Hard,2nd Round,5,Lopez F.,Schuettler R.,46.0,107.0,905.0,505.0,6.0,3.0,2.0,6.0,6.0,3.0,6.0,2.0,,,3.0,1.0,Completed,1.4,2.75,1.43,2.69,1.4,2.75,1.417,3.19,1.364,2.875,,,,
ATP,2010,6,Melbourne,Australian Open,2010-01-20,Grand Slam,Outdoor,Hard,2nd Round,5,Kohlschreiber P.,Odesnik W.,26.0,89.0,1260.0,559.0,6.0,4.0,3.0,6.0,6.0,3.0,6.0,2.0,,,3.0,1.0,Completed,1.25,3.75,1.26,3.65,1.286,3.5,1.313,3.88,1.364,2.875,,,,
ATP,2010,6,Melbourne,Australian Open,2010-01-20,Grand Slam,Outdoor,Hard,2nd Round,5,Nadal R.,Lacko L.,2.0,75.0,9310.0,612.0,6.0,2.0,6.0,2.0,6.0,2.0,,,,,3.0,0.0,Completed,1.0,21.0,1.01,13.5,1.01,17.0,1.018,36.0,1.005,21.0,,,,
ATP,2010,6,Melbourne,Australian Open,2010-01-20,Grand Slam,Outdoor,Hard,2nd Round,5,Isner J.,Sorensen L.,28.0,284.0,1260.0,156.0,6.0,3.0,7.0,6.0,7.0,5.0,,,,,3.0,0.0,Completed,1.11,6.0,1.14,5.2,1.111,6.0,1.174,5.96,1.125,5.5,,,,
ATP,2010,6,Melbourne,Australian Open,2010-01-20,Grand Slam,Outdoor,Hard,2nd Round,5,Ljubicic I.,Golubev A.,24.0,131.0,1405.0,407.0,6.0,3.0,3.0,6.0,6.0,2.0,6.0,3.0,,,3.0,1.0,Completed,1.5,2.5,1.48,2.53,1.444,2.625,1.61,2.51,1.444,2.625,,,,
ATP,2010,6,Melbourne,Australian Open,2010-01-20,Grand Slam,Outdoor,Hard,2nd Round,5,Wawrinka S.,Kunitsyn I.,19.0,100.0,1765.0,525.0,6.0,3.0,6.0,2.0,6.0,2.0,,,,,3.0,0.0,Completed,1.12,5.5,1.13,5.5,1.125,5.5,1.156,6.46,1.167,4.5,,,,
ATP,2010,6,Melbourne,Australian Open,2010-01-20,Grand Slam,Outdoor,Hard,2nd Round,5,Monfils G.,Veic A.,12.0,224.0,2610.0,208.0,6.0,4.0,6.0,4.0,6.0,4.0,,,,,3.0,0.0,Completed,1.04,10.0,1.05,7.75,1.04,9.0,1.044,16.0,1.05,8.0,,,,
ATP,2010,6,Melbourne,Australian Open,2010-01-20,Grand Slam,Outdoor,Hard,2nd Round,5,Mayer F.,Troicki V.,60.0,30.0,746.0,1220.0,4.0,6.0,6.0,4.0,7.0,6.0,6.0,1.0,,,3.0,1.0,Completed,2.75,1.4,2.85,1.4,2.75,1.4,3.28,1.4,2.75,1.4,,,,
ATP,2010,6,Melbourne,Australian Open,2010-01-20,Grand Slam,Outdoor,Hard,2nd Round,5,Serra F.,Nieminen J.,64.0,132.0,665.0,398.0,3.0,6.0,6.0,4.0,5.0,7.0,7.0,6.0,7.0,5.0,3.0,2.0,Completed,1.72,2.0,1.8,1.95,1.727,2.0,1.769,2.2,1.8,1.909,,,,
ATP,2010,6,Melbourne,Australian Open,2010-01-20,Grand Slam,Outdoor,Hard,2nd Round,5,Del Potro J.M.,Blake J.,5.0,45.0,6580.0,935.0,6.0,4.0,6.0,7.0,5.0,7.0,6.0,3.0,7.0,6.0,3.0,2.0,Completed,1.2,4.33,1.33,3.2,1.25,3.75,1.299,4.01,1.2,4.0,,,,
ATP,2010,6,Melbourne,Australian Open,2010-01-20,Grand Slam,Outdoor,Hard,2nd Round,5,Karlovic I.,Benneteau J.,39.0,43.0,1015.0,969.0,2.0,6.0,6.0,1.0,6.0,3.0,6.0,3.0,,,3.0,1.0,Completed,1.57,2.25,1.6,2.3,1.571,2.25,1.676,2.36,1.571,2.25,,,,
ATP,2010,6,Melbourne,Australian Open,2010-01-20,Grand Slam,Outdoor,Hard,2nd Round,5,Murray A.,Gicquel M.,4.0,57.0,6780.0,775.0,6.0,1.0,6.0,4.0,6.0,3.0,,,,,3.0,0.0,Completed,1.01,15.0,1.03,10.5,1.02,11.0,1.025,21.0,1.02,13.0,,,,
ATP,2010,6,Melbourne,Australian Open,2010-01-20,Grand Slam,Outdoor,Hard,2nd Round,5,Cilic M.,Tomic B.,14.0,289.0,2430.0,150.0,6.0,7.0,6.0,3.0,4.0,6.0,6.0,2.0,6.0,4.0,3.0,2.0,Completed,1.1,6.5,1.07,7.5,1.1,6.5,1.109,8.5,1.125,6.0,,,,
ATP,2010,6,Melbourne,Australian Open,2010-01-21,Grand Slam,Outdoor,Hard,2nd Round,5,Davydenko N.,Marchenko I.,6.0,119.0,4930.0,455.0,6.0,3.0,6.0,3.0,6.0,0.0,,,,,3.0,0.0,Completed,1.01,15.0,1.02,11.5,1.02,11.0,1.017,41.0,1.02,11.0,,,,
ATP,2010,6,Melbourne,Australian Open,2010-01-21,Grand Slam,Outdoor,Hard,2nd Round,5,Almagro N.,Becker B.,25.0,38.0,1305.0,1016.0,6.0,4.0,6.0,2.0,3.0,6.0,4.0,6.0,6.0,3.0,3.0,2.0,Completed,1.66,2.1,1.7,2.1,1.667,2.1,1.709,2.3,1.727,2.0,,,,
ATP,2010,6,Melbourne,Australian Open,2010-01-21,Grand Slam,Outdoor,Hard,2nd Round,5,Istomin D.,Berrer M.,103.0,66.0,515.0,653.0,7.0,5.0,6.0,3.0,6.0,4.0,,,,,3.0,0.0,Completed,2.2,1.61,2.2,1.65,2.2,1.615,2.4,1.658,2.2,1.615,,,,
ATP,2010,6,Melbourne,Australian Open,2010-01-21,Grand Slam,Outdoor,Hard,2nd Round,5,Baghdatis M.,Ferrer D.,31.0,18.0,1215.0,1825.0,4.0,6.0,3.0,6.0,7.0,6.0,6.0,3.0,6.0,1.0,3.0,2.0,Completed,1.72,2.0,1.7,2.1,1.727,2.0,1.719,2.28,1.667,2.1,,,,
ATP,2010,6,Melbourne,Australian Open,2010-01-21,Grand Slam,Outdoor,Hard,2nd Round,5,Djokovic N.,Chiudinelli M.,3.0,58.0,8310.0,775.0,3.0,6.0,6.0,1.0,6.0,1.0,6.0,3.0,,,3.0,1.0,Completed,1.02,12.0,1.03,11.0,1.03,10.0,1.04,17.0,1.04,9.0,,,,
ATP,2010,6,Melbourne,Australian Open,2010-01-21,Grand Slam,Outdoor,Hard,2nd Round,5,Monaco J.,Llodra M.,33.0,72.0,1170.0,627.0,3.0,6.0,3.0,6.0,7.0,6.0,6.0,1.0,6.0,3.0,3.0,2.0,Completed,1.33,3.25,1.35,3.05,1.333,3.25,1.339,3.67,1.333,3.2,,,,
ATP,2010,6,Melbourne,Australian Open,2010-01-21,Grand Slam,Outdoor,Hard,2nd Round,5,Falla A.,Granollers M.,77.0,113.0,594.0,483.0,6.0,4.0,6.0,1.0,6.0,3.0,,,,,3.0,0.0,Completed,1.83,1.83,1.87,1.87,1.909,1.8,1.962,1.962,1.833,1.833,,,,
ATP,2010,6,Melbourne,Australian Open,2010-01-21,Grand Slam,Outdoor,Hard,2nd Round,5,Youzhny M.,Hajek J.,20.0,92.0,1690.0,546.0,6.0,2.0,6.0,1.0,6.0,1.0,,,,,3.0,0.0,Completed,1.14,5.0,1.14,5.21,1.143,5.0,1.148,6.73,1.182,4.333,,,,
ATP,2010,6,Melbourne,Australian Open,2010-01-21,Grand Slam,Outdoor,Hard,2nd Round,5,Kubot L.,Giraldo S.,86.0,114.0,573.0,483.0,6.0,4.0,3.0,6.0,6.0,3.0,6.0,1.0,,,3.0,1.0,Completed,1.61,2.2,1.7,2.1,1.727,2.0,1.685,2.35,1.571,2.25,,,,
ATP,2010,6,Melbourne,Australian Open,2010-01-21,Grand Slam,Outdoor,Hard,2nd Round,5,Haas T.,Tipsarevic J.,17.0,36.0,1855.0,1060.0,4.0,6.0,6.0,4.0,6.0,3.0,1.0,6.0,6.0,3.0,3.0,2.0,Completed,1.61,2.2,1.7,2.1,1.727,2.0,1.725,2.27,1.615,2.2,,,,
ATP,2010,6,Melbourne,Australian Open,2010-01-21,Grand Slam,Outdoor,Hard,2nd Round,5,Koubek S.,Dodig I.,134.0,185.0,377.0,260.0,7.0,6.0,6.0,1.0,6.0,2.0,,,,,3.0,0.0,Completed,1.72,2.0,1.75,2.0,1.727,2.0,1.794,2.16,1.667,2.1,,,,
ATP,2010,6,Melbourne,Australian Open,2010-01-21,Grand Slam,Outdoor,Hard,2nd Round,5,Hewitt L.,Young D.,22.0,195.0,1600.0,244.0,7.0,6.0,6.0,4.0,6.0,1.0,,,,,3.0,0.0,Completed,1.06,8.0,1.09,6.75,1.071,7.5,1.108,8.53,1.1,7.0,,,,
ATP,2010,6,Melbourne,Australian Open,2010-01-21,Grand Slam,Outdoor,Hard,2nd Round,5,Montanes A.,Robert S.,32.0,104.0,1185.0,515.0,4.0,6.0,6.0,7.0,6.0,2.0,6.0,3.0,6.0,2.0,3.0,2.0,Completed,1.66,2.1,1.65,2.15,1.66,2.1,1.725,2.27,1.615,2.2,,,,
ATP,2010,6,Melbourne,Australian Open,2010-01-21,Grand Slam,Outdoor,Hard,2nd Round,5,Tsonga J.W.,Dent T.,10.0,79.0,2875.0,588.0,6.0,4.0,6.0,3.0,6.0,3.0,,,,,3.0,0.0,Completed,1.12,5.5,1.12,5.64,1.083,7.0,1.156,6.46,1.1,6.0,,,,
ATP,2010,6,Melbourne,Australian Open,2010-01-21,Grand Slam,Outdoor,Hard,2nd Round,5,Federer R.,Hanescu V.,1.0,47.0,10550.0,905.0,6.0,2.0,6.0,3.0,6.0,2.0,,,,,3.0,0.0,Completed,1.01,15.0,1.01,13.0,1.01,13.0,1.014,46.0,1.02,11.0,,,,
ATP,2010,6,Melbourne,Australian Open,2010-01-21,Grand Slam,Outdoor,Hard,2nd Round,5,Verdasco F.,Sergeyev I.,9.0,209.0,3300.0,225.0,6.0,1.0,6.0,2.0,6.0,2.0,,,,,3.0,0.0,Completed,1.02,12.0,1.05,8.5,1.02,11.0,1.025,21.0,1.05,8.0,,,,
ATP,2010,6,Melbourne,Australian Open,2010-01-22,Grand Slam,Outdoor,Hard,3rd Round,5,Roddick A.,Lopez F.,7.0,46.0,4510.0,905.0,6.0,7.0,6.0,4.0,6.0,4.0,7.0,6.0,,,3.0,1.0,Completed,1.08,7.0,1.1,6.25,1.1,6.5,1.096,9.3,1.1,7.0,,,,
ATP,2010,6,Melbourne,Australian Open,2010-01-22,Grand Slam,Outdoor,Hard,3rd Round,5,Gonzalez F.,Korolev E.,11.0,53.0,2870.0,860.0,6.0,7.0,6.0,3.0,1.0,6.0,6.0,3.0,6.0,4.0,3.0,2.0,Completed,1.22,4.0,1.2,4.0,1.22,4.0,1.325,3.78,1.222,4.0,,,,
ATP,2010,6,Melbourne,Australian Open,2010-01-22,Grand Slam,Outdoor,Hard,3rd Round,5,Murray A.,Serra F.,4.0,64.0,6780.0,665.0,7.0,5.0,6.0,1.0,6.0,4.0,,,,,3.0,0.0,Completed,1.0,21.0,1.02,11.5,1.015,13.0,1.019,33.5,1.02,13.0,,,,
ATP,2010,6,Melbourne,Australian Open,2010-01-22,Grand Slam,Outdoor,Hard,3rd Round,5,Isner J.,Monfils G.,28.0,12.0,1260.0,2610.0,6.0,1.0,4.0,6.0,7.0,6.0,7.0,6.0,,,3.0,1.0,Completed,2.62,1.44,2.6,1.45,2.625,1.444,2.67,1.549,2.75,1.444,,,,
ATP,2010,6,Melbourne,Australian Open,2010-01-22,Grand Slam,Outdoor,Hard,3rd Round,5,Del Potro J.M.,Mayer F.,5.0,60.0,6580.0,746.0,6.0,3.0,0.0,6.0,6.0,4.0,7.0,5.0,,,3.0,1.0,Completed,1.05,9.0,1.07,7.5,1.071,7.5,1.093,9.5,1.083,7.5,,,,
ATP,2010,6,Melbourne,Australian Open,2010-01-22,Grand Slam,Outdoor,Hard,3rd Round,5,Cilic M.,Wawrinka S.,14.0,19.0,2430.0,1765.0,4.0,6.0,6.0,4.0,6.0,3.0,6.0,3.0,,,3.0,1.0,Completed,1.66,2.1,1.75,2.05,1.66,2.1,1.763,2.21,1.727,2.1,,,,
ATP,2010,6,Melbourne,Australian Open,2010-01-22,Grand Slam,Outdoor,Hard,3rd Round,5,Nadal R.,Kohlschreiber P.,2.0,26.0,9310.0,1260.0,6.0,4.0,6.0,2.0,2.0,6.0,7.0,5.0,,,3.0,1.0,Completed,1.04,10.0,1.03,10.5,1.04,9.0,1.068,11.75,1.04,10.0,,,,
ATP,2010,6,Melbourne,Australian Open,2010-01-22,Grand Slam,Outdoor,Hard,3rd Round,5,Karlovic I.,Ljubicic I.,39.0,24.0,1015.0,1405.0,6.0,3.0,3.0,6.0,6.0,3.0,7.0,6.0,,,3.0,1.0,Completed,1.8,1.9,1.9,1.85,1.833,1.833,1.935,1.99,1.9,1.9,,,,
ATP,2010,6,Melbourne,Australian Open,2010-01-23,Grand Slam,Outdoor,Hard,3rd Round,5,Kubot L.,Youzhny M.,86.0,20.0,573.0,1690.0,,,,,,,,,,,,,Walkover,4.0,1.22,3.89,1.23,3.4,1.3,3.8,1.322,3.5,1.286,,,,
ATP,2010,6,Melbourne,Australian Open,2010-01-23,Grand Slam,Outdoor,Hard,3rd Round,5,Federer R.,Montanes A.,1.0,32.0,10550.0,1185.0,6.0,3.0,6.0,4.0,6.0,4.0,,,,,3.0,0.0,Completed,1.005,21.0,1.01,13.5,1.0,21.0,1.013,51.0,1.01,15.0,,,,
ATP,2010,6,Melbourne,Australian Open,2010-01-23,Grand Slam,Outdoor,Hard,3rd Round,5,Davydenko N.,Monaco J.,6.0,33.0,4930.0,1170.0,6.0,0.0,6.0,3.0,6.0,4.0,,,,,3.0,0.0,Completed,1.05,9.0,1.05,8.5,1.04,9.0,1.098,9.2,1.071,8.0,,,,
ATP,2010,6,Melbourne,Australian Open,2010-01-23,Grand Slam,Outdoor,Hard,3rd Round,5,Djokovic N.,Istomin D.,3.0,103.0,8310.0,515.0,6.0,1.0,6.0,1.0,6.0,2.0,,,,,3.0,0.0,Completed,1.01,15.0,1.04,9.56,1.02,11.0,1.059,13.0,1.03,11.0,,,,
ATP,2010,6,Melbourne,Australian Open,2010-01-23,Grand Slam,Outdoor,Hard,3rd Round,5,Verdasco F.,Koubek S.,9.0,134.0,3300.0,377.0,6.0,1.0,,,,,,,,,1.0,0.0,Retired,1.03,11.0,1.04,9.25,1.02,11.0,1.056,13.4,1.04,10.0,,,,
ATP,2010,6,Melbourne,Australian Open,2010-01-23,Grand Slam,Outdoor,Hard,3rd Round,5,Almagro N.,Falla A.,25.0,77.0,1305.0,594.0,6.0,4.0,6.0,3.0,6.0,4.0,,,,,3.0,0.0,Completed,1.66,2.1,1.65,2.15,1.615,2.2,1.833,2.11,1.615,2.25,,,,
ATP,2010,6,Melbourne,Australian Open,2010-01-23,Grand Slam,Outdoor,Hard,3rd Round,5,Tsonga J.W.,Haas T.,10.0,17.0,2875.0,1855.0,6.0,4.0,3.0,6.0,6.0,1.0,7.0,5.0,,,3.0,1.0,Completed,1.3,3.4,1.32,3.22,1.286,3.5,1.308,3.92,1.333,3.25,,,,
ATP,2010,6,Melbourne,Australian Open,2010-01-23,Grand Slam,Outdoor,Hard,3rd Round,5,Hewitt L.,Baghdatis M.,22.0,31.0,1600.0,1215.0,6.0,0.0,4.0,2.0,,,,,,,1.0,0.0,Retired,2.0,1.72,1.87,1.87,1.833,1.833,2.06,1.87,1.9,1.9,,,,
ATP,2010,6,Melbourne,Australian Open,2010-01-24,Grand Slam,Outdoor,Hard,4th Round,5,Murray A.,Isner J.,4.0,28.0,6780.0,1260.0,7.0,6.0,6.0,3.0,6.0,2.0,,,,,3.0,0.0,Completed,1.07,7.5,1.13,5.5,1.125,5.5,1.118,8.01,1.125,6.0,,,,
ATP,2010,6,Melbourne,Australian Open,2010-01-24,Grand Slam,Outdoor,Hard,4th Round,5,Nadal R.,Karlovic I.,2.0,39.0,9310.0,1015.0,6.0,4.0,4.0,6.0,6.0,4.0,6.0,4.0,,,3.0,1.0,Completed,1.1,6.5,1.13,5.5,1.1,6.5,1.149,6.69,1.125,6.0,,,,
ATP,2010,6,Melbourne,Australian Open,2010-01-24,Grand Slam,Outdoor,Hard,4th Round,5,Cilic M.,Del Potro J.M.,14.0,5.0,2430.0,6580.0,5.0,7.0,6.0,4.0,7.0,5.0,5.0,7.0,6.0,3.0,3.0,2.0,Completed,2.5,1.5,2.5,1.5,2.5,1.5,2.42,1.649,2.375,1.571,,,,
ATP,2010,6,Melbourne,Australian Open,2010-01-24,Grand Slam,Outdoor,Hard,4th Round,5,Roddick A.,Gonzalez F.,7.0,11.0,4510.0,2870.0,6.0,3.0,3.0,6.0,4.0,6.0,7.0,5.0,6.0,2.0,3.0,2.0,Completed,1.25,3.75,1.27,3.55,1.33,3.25,1.305,3.95,1.286,3.5,,,,
ATP,2010,6,Melbourne,Australian Open,2010-01-25,Grand Slam,Outdoor,Hard,4th Round,5,Davydenko N.,Verdasco F.,6.0,9.0,4930.0,3300.0,6.0,2.0,7.0,5.0,4.0,6.0,6.0,7.0,6.0,3.0,3.0,2.0,Completed,1.3,3.4,1.3,3.35,1.364,3.0,1.351,3.58,1.571,2.375,,,,
ATP,2010,6,Melbourne,Australian Open,2010-01-25,Grand Slam,Outdoor,Hard,4th Round,5,Djokovic N.,Kubot L.,3.0,86.0,8310.0,573.0,6.0,1.0,6.0,2.0,7.0,5.0,,,,,3.0,0.0,Completed,1.01,13.0,1.03,9.25,1.02,11.0,1.033,19.0,1.03,11.0,,,,
ATP,2010,6,Melbourne,Australian Open,2010-01-25,Grand Slam,Outdoor,Hard,4th Round,5,Tsonga J.W.,Almagro N.,10.0,25.0,2875.0,1305.0,6.0,3.0,6.0,4.0,4.0,6.0,6.0,7.0,7.0,6.0,3.0,2.0,Completed,1.11,6.0,1.12,5.85,1.1,6.5,1.159,6.39,1.125,6.0,,,,
ATP,2010,6,Melbourne,Australian Open,2010-01-25,Grand Slam,Outdoor,Hard,4th Round,5,Federer R.,Hewitt L.,1.0,22.0,10550.0,1600.0,6.0,2.0,6.0,3.0,6.0,4.0,,,,,3.0,0.0,Completed,1.07,7.5,1.07,7.19,1.083,7.0,1.124,7.69,1.05,9.0,,,,
ATP,2010,6,Melbourne,Australian Open,2010-01-26,Grand Slam,Outdoor,Hard,Quarterfinals,5,Cilic M.,Roddick A.,14.0,7.0,2430.0,4510.0,7.0,6.0,6.0,3.0,3.0,6.0,2.0,6.0,6.0,3.0,3.0,2.0,Completed,2.37,1.57,2.45,1.52,2.25,1.57,2.37,1.671,2.4,1.533,,,,
ATP,2010,6,Melbourne,Australian Open,2010-01-26,Grand Slam,Outdoor,Hard,Quarterfinals,5,Murray A.,Nadal R.,4.0,2.0,6780.0,9310.0,6.0,3.0,7.0,6.0,3.0,0.0,,,,,2.0,0.0,Retired,1.8,2.0,1.9,1.85,1.8,1.909,1.885,2.04,1.8,2.0,,,,
ATP,2010,6,Melbourne,Australian Open,2010-01-27,Grand Slam,Outdoor,Hard,Quarterfinals,5,Federer R.,Davydenko N.,1.0,6.0,10550.0,4930.0,2.0,6.0,6.0,3.0,6.0,0.0,7.0,5.0,,,3.0,1.0,Completed,1.33,3.4,1.27,3.65,1.333,3.25,1.333,3.71,1.364,3.0,,,,
ATP,2010,6,Melbourne,Australian Open,2010-01-27,Grand Slam,Outdoor,Hard,Quarterfinals,5,Tsonga J.W.,Djokovic N.,10.0,3.0,2875.0,8310.0,7.0,6.0,6.0,7.0,1.0,6.0,6.0,3.0,6.0,1.0,3.0,2.0,Completed,3.0,1.4,2.85,1.42,2.75,1.4,3.08,1.439,2.75,1.444,,,,
ATP,2010,6,Melbourne,Australian Open,2010-01-28,Grand Slam,Outdoor,Hard,Semifinals,5,Murray A.,Cilic M.,4.0,14.0,6780.0,2430.0,3.0,6.0,6.0,4.0,6.0,4.0,6.0,2.0,,,3.0,1.0,Completed,1.2,4.5,1.2,4.5,1.2,4.33,1.238,4.73,1.2,4.5,,,,
ATP,2010,6,Melbourne,Australian Open,2010-01-29,Grand Slam,Outdoor,Hard,Semifinals,5,Federer R.,Tsonga J.W.,1.0,10.0,10550.0,2875.0,6.0,2.0,6.0,3.0,6.0,2.0,,,,,3.0,0.0,Completed,1.12,6.0,1.18,4.95,1.167,4.5,1.186,5.66,1.167,5.0,,,,
ATP,2010,6,Melbourne,Australian Open,2010-01-31,Grand Slam,Outdoor,Hard,The Final,5,Federer R.,Murray A.,1.0,4.0,10550.0,6780.0,6.0,3.0,6.0,4.0,7.0,6.0,,,,,3.0,0.0,Completed,1.53,2.5,1.53,2.55,1.533,2.375,1.565,2.63,1.57,2.38,,,,
ATP,2010,31,Paris,French Open,2010-05-23,Grand Slam,Outdoor,Clay,1st Round,5,De Bakker T.,Patience O.,50.0,294.0,858.0,145.0,6.0,4.0,5.0,7.0,6.0,4.0,6.0,3.0,,,3.0,1.0,Completed,1.22,4.0,1.25,3.55,1.25,3.75,1.24,4.76,1.22,3.75,1.29,4.8,1.24,3.88
ATP,2010,31,Paris,French Open,2010-05-23,Grand Slam,Outdoor,Clay,1st Round,5,Cilic M.,Mello R.,12.0,90.0,2945.0,575.0,6.0,1.0,3.0,6.0,6.0,3.0,6.0,1.0,,,3.0,1.0,Completed,1.04,10.0,1.06,8.0,1.06,8.0,1.07,11.25,1.05,8.0,1.1,11.8,1.06,8.62
ATP,2010,31,Paris,French Open,2010-05-23,Grand Slam,Outdoor,Clay,1st Round,5,Fognini F.,Massu N.,92.0,91.0,570.0,571.0,6.0,1.0,3.0,6.0,2.0,6.0,6.0,3.0,6.0,3.0,3.0,2.0,Completed,1.72,2.0,1.75,2.0,1.8,1.91,1.72,2.27,1.8,1.9,1.95,2.27,1.73,2.05
ATP,2010,31,Paris,French Open,2010-05-23,Grand Slam,Outdoor,Clay,1st Round,5,Youzhny M.,Przysiezny M.,14.0,94.0,2375.0,565.0,6.0,1.0,6.0,0.0,6.0,4.0,,,,,3.0,0.0,Completed,1.03,11.0,1.07,7.5,1.06,8.0,1.05,14.3,1.03,10.0,1.07,14.63,1.04,9.83
ATP,2010,31,Paris,French Open,2010-05-23,Grand Slam,Outdoor,Clay,1st Round,5,Falla A.,Tipsarevic J.,70.0,43.0,705.0,940.0,6.0,1.0,6.0,2.0,6.0,3.0,,,,,3.0,0.0,Completed,1.57,2.25,1.6,2.25,1.57,2.25,1.76,2.21,1.62,2.2,2.3,2.35,1.79,1.98
ATP,2010,31,Paris,French Open,2010-05-23,Grand Slam,Outdoor,Clay,1st Round,5,Soderling R.,Recouderc L.,7.0,171.0,4755.0,275.0,6.0,0.0,6.0,2.0,6.0,3.0,,,,,3.0,0.0,Completed,1.02,12.0,1.03,10.0,1.03,10.0,1.04,15.5,1.02,11.0,1.05,16.0,1.03,11.28
ATP,2010,31,Paris,French Open,2010-05-23,Grand Slam,Outdoor,Clay,1st Round,5,Garcia-Lopez G.,Schuettler R.,40.0,79.0,965.0,622.0,7.0,5.0,6.0,4.0,6.0,2.0,,,,,3.0,0.0,Completed,1.11,6.0,1.17,4.65,1.17,4.5,1.17,6.19,1.17,4.5,1.18,6.7,1.15,5.21
ATP,2010,31,Paris,French Open,2010-05-23,Grand Slam,Outdoor,Clay,1st Round,5,Montanes A.,Galvani S.,34.0,281.0,1325.0,160.0,6.0,3.0,6.0,3.0,6.0,3.0,,,,,3.0,0.0,Completed,1.08,7.0,1.12,5.75,1.13,5.5,1.11,8.36,1.1,6.0,1.13,8.36,1.1,6.44
ATP,2010,31,Paris,French Open,2010-05-23,Grand Slam,Outdoor,Clay,1st Round,5,Benneteau J.,Gulbis E.,38.0,28.0,1024.0,1494.0,6.0,4.0,6.0,2.0,1.0,0.0,,,,,2.0,0.0,Retired,6.5,1.1,5.3,1.13,5.5,1.13,7.23,1.13,5.0,1.14,7.23,1.17,5.68,1.13
ATP,2010,31,Paris,French Open,2010-05-23,Grand Slam,Outdoor,Clay,1st Round,5,Tsonga J.W.,Brands D.,10.0,88.0,3185.0,577.0,4.0,6.0,6.0,3.0,6.0,2.0,6.0,7.0,7.0,5.0,3.0,2.0,Completed,1.05,9.0,1.04,9.0,1.06,8.0,1.06,13.0,1.05,8.0,1.08,13.11,1.05,9.19
ATP,2010,31,Paris,French Open,2010-05-23,Grand Slam,Outdoor,Clay,1st Round,5,Ouanna J.,Kubot L.,128.0,52.0,397.0,850.0,7.0,6.0,6.0,7.0,6.0,2.0,6.0,4.0,,,3.0,1.0,Completed,2.1,1.66,2.15,1.65,2.1,1.67,2.49,1.63,2.1,1.67,2.49,1.72,2.18,1.65
ATP,2010,31,Paris,French Open,2010-05-23,Grand Slam,Outdoor,Clay,1st Round,5,Chiudinelli M.,Devvarman S.,68.0,108.0,715.0,473.0,6.0,3.0,3.0,6.0,6.0,3.0,3.0,6.0,6.0,3.0,3.0,2.0,Completed,1.9,1.8,2.0,1.75,1.83,1.83,1.96,1.96,1.91,1.8,2.0,1.96,1.91,1.83
ATP,2010,31,Paris,French Open,2010-05-23,Grand Slam,Outdoor,Clay,1st Round,5,Kamke T.,Robert S.,157.0,65.0,307.0,724.0,6.0,0.0,6.0,4.0,6.0,3.0,,,,,3.0,0.0,Completed,2.5,1.5,2.35,1.55,2.38,1.53,2.65,1.56,2.25,1.57,2.65,1.63,2.38,1.56
ATP,2010,31,Paris,French Open,2010-05-23,Grand Slam,Outdoor,Clay,1st Round,5,Roger-Vasselin E.,Anderson K.,124.0,93.0,406.0,567.0,1.0,6.0,4.0,6.0,6.0,3.0,7.0,6.0,6.0,1.0,3.0,2.0,Completed,2.25,1.57,2.15,1.65,2.1,1.67,2.4,1.66,2.25,1.57,2.5,1.67,2.26,1.61
ATP,2010,31,Paris,French Open,2010-05-23,Grand Slam,Outdoor,Clay,1st Round,5,Chela J.I.,Sweeting R.,54.0,116.0,837.0,438.0,6.0,0.0,6.0,4.0,7.0,6.0,,,,,3.0,0.0,Completed,1.22,4.0,1.2,4.25,1.25,3.75,1.22,5.05,1.2,4.0,1.25,5.05,1.22,4.07
ATP,2010,31,Paris,French Open,2010-05-24,Grand Slam,Outdoor,Clay,1st Round,5,Wawrinka S.,Hajek J.,24.0,75.0,1600.0,637.0,6.0,1.0,6.0,3.0,6.0,3.0,,,,,3.0,0.0,Completed,1.07,7.5,1.07,7.2,1.08,7.0,1.1,9.35,1.1,6.0,1.13,9.6,1.08,7.22
ATP,2010,31,Paris,French Open,2010-05-24,Grand Slam,Outdoor,Clay,1st Round,5,Rochus O.,Paire B.,62.0,216.0,776.0,217.0,3.0,6.0,7.0,6.0,6.0,4.0,7.0,5.0,,,3.0,1.0,Completed,1.44,2.62,1.5,2.55,1.5,2.5,1.61,2.52,1.4,2.75,1.61,2.65,1.51,2.5
ATP,2010,31,Paris,French Open,2010-05-24,Grand Slam,Outdoor,Clay,1st Round,5,Beck A.,Lorenzi P.,74.0,95.0,645.0,564.0,4.0,6.0,6.0,3.0,6.0,2.0,6.0,2.0,,,3.0,1.0,Completed,1.53,2.37,1.6,2.25,1.53,2.38,1.62,2.49,1.5,2.5,1.65,2.54,1.57,2.35
ATP,2010,31,Paris,French Open,2010-05-24,Grand Slam,Outdoor,Clay,1st Round,5,Gimeno-Traver D.,Tursunov D.,98.0,143.0,538.0,355.0,6.0,1.0,6.0,1.0,6.0,1.0,,,,,3.0,0.0,Completed,1.14,5.0,1.2,4.25,1.2,4.33,1.17,6.04,1.17,4.5,1.22,6.04,1.17,4.8
ATP,2010,31,Paris,French Open,2010-05-24,Grand Slam,Outdoor,Clay,1st Round,5,Isner J.,Golubev A.,19.0,77.0,1880.0,633.0,6.0,4.0,6.0,3.0,6.0,2.0,,,,,3.0,0.0,Completed,1.22,4.0,1.25,3.7,1.29,3.5,1.31,3.92,1.22,3.75,1.31,4.3,1.26,3.73
ATP,2010,31,Paris,French Open,2010-05-24,Grand Slam,Outdoor,Clay,1st Round,5,Dent T.,Lapentti N.,102.0,129.0,499.0,395.0,6.0,3.0,6.0,4.0,7.0,6.0,,,,,3.0,0.0,Completed,4.5,1.16,3.7,1.25,4.0,1.22,4.64,1.24,3.75,1.22,4.64,1.29,3.9,1.24
ATP,2010,31,Paris,French Open,2010-05-24,Grand Slam,Outdoor,Clay,1st Round,5,Reister J.,Lopez F.,165.0,31.0,296.0,1420.0,6.0,1.0,7.0,6.0,6.0,2.0,,,,,3.0,0.0,Completed,3.75,1.25,3.3,1.3,3.5,1.29,3.8,1.32,4.0,1.2,4.11,1.35,3.58,1.27
ATP,2010,31,Paris,French Open,2010-05-24,Grand Slam,Outdoor,Clay,1st Round,5,Berdych T.,Aguilar J.,17.0,226.0,2115.0,205.0,7.0,6.0,6.0,3.0,6.0,1.0,,,,,3.0,0.0,Completed,1.01,13.0,1.05,8.5,1.04,9.0,1.06,12.75,1.05,8.0,1.06,15.0,1.04,10.47
ATP,2010,31,Paris,French Open,2010-05-24,Grand Slam,Outdoor,Clay,1st Round,5,Ball C.,Petzschner P.,132.0,39.0,391.0,1020.0,6.0,3.0,7.0,6.0,2.0,6.0,5.0,7.0,7.0,9.0,3.0,2.0,Completed,3.75,1.25,3.1,1.33,3.75,1.25,3.67,1.34,3.5,1.25,4.0,1.35,3.56,1.28
ATP,2010,31,Paris,French Open,2010-05-24,Grand Slam,Outdoor,Clay,1st Round,5,Federer R.,Luczak P.,1.0,71.0,10030.0,691.0,6.0,4.0,6.0,1.0,6.0,2.0,,,,,3.0,0.0,Completed,1.01,15.0,1.01,15.0,1.01,21.0,1.01,51.0,1.01,17.0,1.01,21.0,1.01,15.09
ATP,2010,31,Paris,French Open,2010-05-24,Grand Slam,Outdoor,Clay,1st Round,5,Djokovic N.,Korolev E.,3.0,73.0,6405.0,655.0,6.0,1.0,3.0,6.0,6.0,1.0,6.0,3.0,,,3.0,1.0,Completed,1.02,12.0,1.03,10.0,1.03,10.0,1.05,13.8,1.02,11.0,1.06,14.5,1.04,10.86
ATP,2010,31,Paris,French Open,2010-05-24,Grand Slam,Outdoor,Clay,1st Round,5,Andujar P.,Bolelli S.,146.0,126.0,350.0,403.0,7.0,6.0,6.0,4.0,6.0,2.0,,,,,3.0,0.0,Completed,2.62,1.44,2.65,1.45,2.5,1.5,2.56,1.59,2.5,1.5,2.7,1.59,2.55,1.49
ATP,2010,31,Paris,French Open,2010-05-24,Grand Slam,Outdoor,Clay,1st Round,5,Nishikori K.,Giraldo S.,246.0,58.0,190.0,821.0,2.0,6.0,4.0,6.0,7.0,6.0,6.0,2.0,6.0,4.0,3.0,2.0,Completed,2.75,1.4,2.8,1.4,2.63,1.44,2.9,1.48,2.75,1.4,3.0,1.55,2.73,1.42
ATP,2010,31,Paris,French Open,2010-05-24,Grand Slam,Outdoor,Clay,1st Round,5,Baghdatis M.,Witten J.,30.0,183.0,1465.0,257.0,6.0,3.0,6.0,4.0,6.0,3.0,,,,,3.0,0.0,Completed,1.04,10.0,1.07,7.25,1.06,8.0,1.07,11.25,1.05,8.0,1.08,11.35,1.05,9.02
ATP,2010,31,Paris,French Open,2010-05-24,Grand Slam,Outdoor,Clay,1st Round,5,Lacko L.,Yani M.,81.0,151.0,614.0,315.0,4.0,6.0,7.0,6.0,7.0,6.0,6.0,7.0,12.0,10.0,3.0,2.0,Completed,1.66,2.1,1.85,1.9,1.73,2.0,1.65,2.42,1.73,2.0,1.78,2.42,1.69,2.11
ATP,2010,31,Paris,French Open,2010-05-24,Grand Slam,Outdoor,Clay,1st Round,5,Mayer L.,Stakhovsky S.,57.0,63.0,822.0,755.0,7.0,6.0,6.0,3.0,6.0,2.0,,,,,3.0,0.0,Completed,1.28,3.5,1.33,3.1,1.33,3.25,1.28,4.2,1.33,3.0,1.36,4.2,1.31,3.33
ATP,2010,31,Paris,French Open,2010-05-24,Grand Slam,Outdoor,Clay,1st Round,5,Granollers M.,Mathieu P.H.,87.0,59.0,578.0,820.0,3.0,6.0,6.0,3.0,3.0,0.0,,,,,1.0,1.0,Retired,1.72,2.0,1.85,1.9,1.73,2.0,1.79,2.17,1.67,2.1,1.87,2.17,1.79,1.96
ATP,2010,31,Paris,French Open,2010-05-24,Grand Slam,Outdoor,Clay,1st Round,5,Troicki V.,Robredo T.,41.0,26.0,955.0,1505.0,6.0,4.0,6.0,4.0,6.0,3.0,,,,,3.0,0.0,Completed,2.37,1.53,2.5,1.5,2.38,1.53,2.41,1.65,2.38,1.53,2.62,1.67,2.33,1.58
ATP,2010,31,Paris,French Open,2010-05-24,Grand Slam,Outdoor,Clay,1st Round,5,Darcis S.,Vliegen K.,106.0,163.0,481.0,296.0,6.0,1.0,6.0,4.0,6.0,4.0,,,,,3.0,0.0,Completed,1.5,2.5,1.55,2.35,1.53,2.38,1.56,2.65,1.57,2.25,1.7,2.65,1.54,2.42
ATP,2010,31,Paris,French Open,2010-05-24,Grand Slam,Outdoor,Clay,1st Round,5,Murray A.,Gasquet R.,4.0,45.0,5565.0,920.0,4.0,6.0,6.0,7.0,6.0,4.0,6.0,2.0,6.0,1.0,3.0,2.0,Completed,1.44,2.62,1.5,2.5,1.44,2.63,1.55,2.66,1.5,2.63,1.59,2.89,1.5,2.54
ATP,2010,31,Paris,French Open,2010-05-24,Grand Slam,Outdoor,Clay,1st Round,5,Dolgopolov O.,Clement A.,56.0,76.0,824.0,635.0,3.0,6.0,7.0,6.0,3.0,6.0,6.0,3.0,6.0,3.0,3.0,2.0,Completed,1.33,3.25,1.4,2.8,1.36,3.0,1.36,3.49,1.36,2.88,1.4,3.49,1.36,3.04
ATP,2010,31,Paris,French Open,2010-05-24,Grand Slam,Outdoor,Clay,1st Round,5,Monfils G.,Kindlmann D.,15.0,162.0,2220.0,297.0,6.0,3.0,7.0,5.0,6.0,7.0,6.0,2.0,,,3.0,1.0,Completed,1.07,7.5,1.07,7.25,,,1.09,9.65,1.07,7.0,1.17,10.0,1.08,7.35
ATP,2010,31,Paris,French Open,2010-05-24,Grand Slam,Outdoor,Clay,1st Round,5,Schukin Y.,Ram R.,175.0,89.0,270.0,576.0,3.0,6.0,6.0,4.0,6.0,2.0,6.0,4.0,,,3.0,1.0,Completed,1.12,5.5,1.18,4.5,1.17,4.5,1.16,6.23,,,1.17,6.23,1.15,5.21
ATP,2010,31,Paris,French Open,2010-05-24,Grand Slam,Outdoor,Clay,1st Round,5,Gonzalez F.,Alves T.,13.0,107.0,2385.0,473.0,6.0,2.0,4.0,6.0,6.0,4.0,6.0,4.0,,,3.0,1.0,Completed,1.08,7.0,1.13,5.5,1.1,6.5,1.14,6.84,1.13,5.5,1.14,7.0,1.11,6.12
ATP,2010,31,Paris,French Open,2010-05-24,Grand Slam,Outdoor,Clay,1st Round,5,Almagro N.,Haase R.,21.0,205.0,1690.0,230.0,6.0,4.0,3.0,6.0,4.0,6.0,7.0,6.0,6.0,4.0,3.0,2.0,Completed,1.02,12.0,1.04,9.0,1.04,9.0,1.06,13.0,1.03,10.0,1.05,14.0,1.03,10.23
ATP,2010,31,Paris,French Open,2010-05-24,Grand Slam,Outdoor,Clay,1st Round,5,Ljubicic I.,Lu Y.H.,16.0,78.0,2140.0,626.0,7.0,6.0,7.0,5.0,6.0,3.0,,,,,3.0,0.0,Completed,1.06,8.0,1.1,6.25,1.1,6.5,1.11,8.71,1.1,6.0,1.15,8.71,1.1,6.65
ATP,2010,31,Paris,French Open,2010-05-24,Grand Slam,Outdoor,Clay,1st Round,5,Bellucci T.,Llodra M.,29.0,48.0,1482.0,879.0,6.0,4.0,6.0,2.0,6.0,2.0,,,,,3.0,0.0,Completed,1.44,2.62,1.45,2.6,1.44,2.63,1.51,2.79,1.5,2.5,1.56,2.79,1.48,2.58
ATP,2010,31,Paris,French Open,2010-05-24,Grand Slam,Outdoor,Clay,1st Round,5,Hanescu V.,Hernandez O.,37.0,121.0,1160.0,423.0,6.0,1.0,1.0,6.0,6.0,4.0,6.0,3.0,,,3.0,1.0,Completed,1.16,4.5,1.2,4.25,1.22,4.0,1.2,5.33,1.22,3.75,1.22,5.33,1.19,4.45
ATP,2010,31,Paris,French Open,2010-05-24,Grand Slam,Outdoor,Clay,1st Round,5,Fish M.,Berrer M.,97.0,42.0,556.0,944.0,5.0,7.0,6.0,4.0,3.0,6.0,6.0,1.0,6.0,3.0,3.0,2.0,Completed,1.57,2.25,1.68,2.1,1.67,2.1,1.68,2.35,1.62,2.2,1.73,2.4,1.66,2.18
ATP,2010,31,Paris,French Open,2010-05-25,Grand Slam,Outdoor,Clay,1st Round,5,Zemlja G.,Monaco J.,141.0,25.0,366.0,1510.0,7.0,6.0,3.0,6.0,7.0,5.0,6.0,3.0,,,3.0,1.0,Completed,8.0,1.06,6.25,1.1,7.0,1.08,9.95,1.09,6.5,1.08,9.95,1.11,7.45,1.08
ATP,2010,31,Paris,French Open,2010-05-25,Grand Slam,Outdoor,Clay,1st Round,5,Verdasco F.,Kunitsyn I.,9.0,103.0,3645.0,491.0,6.0,4.0,6.0,2.0,6.0,2.0,,,,,3.0,0.0,Completed,1.02,12.0,1.05,8.5,1.02,11.0,1.04,17.0,1.03,10.0,1.05,17.65,1.03,12.1
ATP,2010,31,Paris,French Open,2010-05-25,Grand Slam,Outdoor,Clay,1st Round,5,Gabashvili T.,Koellerer D.,114.0,111.0,453.0,465.0,6.0,2.0,6.0,2.0,6.0,1.0,,,,,3.0,0.0,Completed,1.53,2.37,1.55,2.35,1.5,2.5,1.65,2.43,,,1.65,2.55,1.56,2.37
ATP,2010,31,Paris,French Open,2010-05-25,Grand Slam,Outdoor,Clay,1st Round,5,Ginepri R.,Querrey S.,98.0,22.0,538.0,1675.0,4.0,6.0,7.0,6.0,6.0,4.0,6.0,2.0,,,3.0,1.0,Completed,4.5,1.16,4.8,1.16,4.5,1.17,4.85,1.23,5.0,1.14,5.0,1.23,4.46,1.19
ATP,2010,31,Paris,French Open,2010-05-25,Grand Slam,Outdoor,Clay,1st Round,5,Melzer J.,Sela D.,27.0,61.0,1495.0,780.0,7.0,5.0,6.0,2.0,6.0,4.0,,,,,3.0,0.0,Completed,1.11,6.0,1.15,5.0,1.1,6.5,1.14,7.14,1.1,6.0,1.15,7.14,1.12,5.88
ATP,2010,31,Paris,French Open,2010-05-25,Grand Slam,Outdoor,Clay,1st Round,5,Mahut N.,Zverev M.,154.0,142.0,312.0,361.0,6.0,1.0,6.0,2.0,6.0,4.0,,,,,3.0,0.0,Completed,1.66,2.1,1.65,2.15,1.67,2.1,1.61,2.49,1.73,2.0,1.73,2.5,1.65,2.18
ATP,2010,31,Paris,French Open,2010-05-25,Grand Slam,Outdoor,Clay,1st Round,5,Starace P.,Marchenko I.,60.0,80.0,802.0,617.0,6.0,7.0,6.0,1.0,6.0,3.0,6.0,3.0,,,3.0,1.0,Completed,1.14,5.0,1.2,4.0,1.22,4.0,1.2,5.41,1.22,3.75,1.22,5.7,1.18,4.55
ATP,2010,31,Paris,French Open,2010-05-25,Grand Slam,Outdoor,Clay,1st Round,5,Roddick A.,Nieminen J.,8.0,69.0,4600.0,707.0,6.0,2.0,4.0,6.0,4.0,6.0,7.0,6.0,6.0,3.0,3.0,2.0,Completed,1.16,4.5,1.22,4.0,1.22,4.0,1.25,4.55,1.22,3.75,1.26,5.0,1.21,4.22
ATP,2010,31,Paris,French Open,2010-05-25,Grand Slam,Outdoor,Clay,1st Round,5,Kavcic B.,Schwank E.,112.0,49.0,461.0,875.0,3.0,6.0,6.0,3.0,7.0,5.0,4.0,0.0,,,2.0,1.0,Retired,5.0,1.14,5.2,1.14,4.33,1.2,5.96,1.17,4.0,1.2,6.0,1.2,4.94,1.16
ATP,2010,31,Paris,French Open,2010-05-25,Grand Slam,Outdoor,Clay,1st Round,5,Kohlschreiber P.,Beck K.,35.0,85.0,1320.0,601.0,7.0,6.0,6.0,1.0,6.0,1.0,,,,,3.0,0.0,Completed,1.02,12.0,1.05,8.5,1.04,9.0,1.05,15.0,1.04,9.0,1.06,15.25,1.04,10.49
ATP,2010,31,Paris,French Open,2010-05-25,Grand Slam,Outdoor,Clay,1st Round,5,Serra F.,Russell M.,67.0,82.0,715.0,611.0,6.0,4.0,6.0,0.0,6.0,1.0,,,,,3.0,0.0,Completed,1.14,5.0,1.15,5.0,1.17,4.5,1.19,5.57,1.14,5.0,1.2,5.57,1.17,4.84
ATP,2010,31,Paris,French Open,2010-05-25,Grand Slam,Outdoor,Clay,1st Round,5,Zeballos H.,Fischer M.,44.0,190.0,935.0,240.0,7.0,6.0,6.0,7.0,1.0,6.0,6.0,4.0,8.0,6.0,3.0,2.0,Completed,1.22,4.0,1.25,3.7,1.25,3.75,1.27,4.35,1.2,4.0,1.28,4.7,1.24,3.88
ATP,2010,31,Paris,French Open,2010-05-25,Grand Slam,Outdoor,Clay,1st Round,5,Seppi A.,Ventura S.,66.0,119.0,720.0,430.0,7.0,5.0,6.0,4.0,7.0,5.0,,,,,3.0,0.0,Completed,1.36,3.0,1.45,2.6,1.4,2.75,1.43,3.14,1.44,2.63,1.46,3.33,1.42,2.76
ATP,2010,31,Paris,French Open,2010-05-25,Grand Slam,Outdoor,Clay,1st Round,5,Riba P.,Gicquel M.,96.0,101.0,559.0,499.0,6.0,3.0,6.0,2.0,7.0,6.0,,,,,3.0,0.0,Completed,1.4,2.75,1.45,2.6,1.4,2.75,1.48,2.9,,,1.5,3.05,1.42,2.77
ATP,2010,31,Paris,French Open,2010-05-25,Grand Slam,Outdoor,Clay,1st Round,5,Ferrero J.C.,Cuevas P.,18.0,55.0,2050.0,837.0,6.0,4.0,6.0,3.0,6.0,1.0,,,,,3.0,0.0,Completed,1.14,5.0,1.2,4.25,1.2,4.33,1.19,5.53,1.2,4.0,1.2,6.0,1.17,4.81
ATP,2010,31,Paris,French Open,2010-05-25,Grand Slam,Outdoor,Clay,1st Round,5,Ferrer D.,Guez D.,11.0,136.0,3010.0,379.0,6.0,1.0,6.0,3.0,6.0,1.0,,,,,3.0,0.0,Completed,1.01,15.0,1.01,15.0,1.02,11.0,1.03,19.0,1.01,17.0,1.02,20.0,1.01,13.43
ATP,2010,31,Paris,French Open,2010-05-25,Grand Slam,Outdoor,Clay,1st Round,5,Nadal R.,Mina G.,2.0,655.0,6880.0,29.0,6.0,2.0,6.0,2.0,6.0,2.0,,,,,3.0,0.0,Completed,1.002,34.0,1.01,30.0,1.0,34.0,,,1.0,26.0,1.01,34.0,1.01,18.96
ATP,2010,31,Paris,French Open,2010-05-25,Grand Slam,Outdoor,Clay,1st Round,5,Istomin D.,Becker B.,72.0,53.0,660.0,849.0,7.0,5.0,7.0,5.0,6.0,3.0,,,,,3.0,0.0,Completed,1.57,2.25,1.6,2.25,1.73,2.0,1.64,2.43,1.67,2.1,1.85,2.43,1.65,2.17
ATP,2010,31,Paris,French Open,2010-05-25,Grand Slam,Outdoor,Clay,1st Round,5,Hewitt L.,Chardy J.,33.0,46.0,1350.0,900.0,7.0,5.0,6.0,0.0,6.0,4.0,,,,,3.0,0.0,Completed,1.8,1.9,1.85,1.85,1.73,2.0,1.92,2.0,1.73,2.0,2.0,2.05,1.81,1.94
ATP,2010,31,Paris,French Open,2010-05-26,Grand Slam,Outdoor,Clay,1st Round,5,Malisse X.,Greul S.,84.0,64.0,610.0,740.0,6.0,4.0,7.0,6.0,6.0,4.0,,,,,3.0,0.0,Completed,2.37,1.53,2.25,1.6,2.1,1.67,2.3,1.71,2.1,1.67,2.4,1.71,2.26,1.61
ATP,2010,31,Paris,French Open,2010-05-26,Grand Slam,Outdoor,Clay,2nd Round,5,Montanes A.,Kamke T.,34.0,157.0,1325.0,307.0,6.0,3.0,6.0,2.0,6.0,1.0,,,,,3.0,0.0,Completed,1.11,6.0,1.16,4.75,1.17,4.5,1.21,5.21,1.14,5.0,1.21,6.0,1.14,5.21
ATP,2010,31,Paris,French Open,2010-05-26,Grand Slam,Outdoor,Clay,2nd Round,5,Soderling R.,Dent T.,7.0,102.0,4755.0,499.0,6.0,0.0,6.0,1.0,6.0,1.0,,,,,3.0,0.0,Completed,1.02,12.0,1.05,8.5,1.03,10.0,1.06,13.4,1.03,10.0,1.07,15.85,1.03,10.9
ATP,2010,31,Paris,French Open,2010-05-26,Grand Slam,Outdoor,Clay,2nd Round,5,Youzhny M.,Lacko L.,14.0,81.0,2375.0,614.0,6.0,7.0,6.0,3.0,6.0,3.0,6.0,2.0,,,3.0,1.0,Completed,1.03,11.0,1.07,7.25,1.07,7.5,1.07,11.25,1.05,8.0,1.07,12.7,1.05,9.12
ATP,2010,31,Paris,French Open,2010-05-26,Grand Slam,Outdoor,Clay,2nd Round,5,Cilic M.,Gimeno-Traver D.,12.0,98.0,2945.0,538.0,6.0,3.0,7.0,6.0,6.0,2.0,,,,,3.0,0.0,Completed,1.14,5.0,1.2,4.0,1.14,5.0,1.21,5.25,1.17,4.5,1.22,5.8,1.18,4.68
ATP,2010,31,Paris,French Open,2010-05-26,Grand Slam,Outdoor,Clay,2nd Round,5,Troicki V.,Ball C.,41.0,132.0,955.0,391.0,6.0,4.0,6.0,3.0,6.0,3.0,,,,,3.0,0.0,Completed,1.12,5.5,1.16,4.75,1.17,4.5,1.17,6.05,1.17,4.5,1.2,6.05,1.16,4.92
ATP,2010,31,Paris,French Open,2010-05-26,Grand Slam,Outdoor,Clay,2nd Round,5,Mayer L.,Benneteau J.,57.0,38.0,822.0,1024.0,6.0,7.0,6.0,3.0,6.0,4.0,6.0,4.0,,,3.0,1.0,Completed,1.66,2.1,1.65,2.15,1.62,2.2,1.76,2.22,1.62,2.2,1.76,2.24,1.68,2.13
ATP,2010,31,Paris,French Open,2010-05-26,Grand Slam,Outdoor,Clay,2nd Round,5,Tsonga J.W.,Ouanna J.,10.0,128.0,3185.0,397.0,6.0,0.0,6.0,1.0,6.0,4.0,,,,,3.0,0.0,Completed,1.12,5.5,1.15,5.0,1.14,5.0,1.18,5.73,1.13,5.5,1.2,6.04,1.15,5.16
ATP,2010,31,Paris,French Open,2010-05-26,Grand Slam,Outdoor,Clay,2nd Round,5,De Bakker T.,Garcia-Lopez G.,50.0,40.0,858.0,965.0,6.0,3.0,3.0,6.0,7.0,6.0,7.0,5.0,,,3.0,1.0,Completed,1.66,2.1,1.72,2.05,1.67,2.1,1.67,2.38,1.67,2.1,1.85,2.38,1.68,2.11
ATP,2010,31,Paris,French Open,2010-05-26,Grand Slam,Outdoor,Clay,2nd Round,5,Federer R.,Falla A.,1.0,70.0,10030.0,705.0,7.0,6.0,6.0,2.0,6.0,4.0,,,,,3.0,0.0,Completed,1.005,21.0,1.01,14.0,1.01,21.0,1.02,41.0,1.01,15.0,1.01,32.0,1.01,16.68
ATP,2010,31,Paris,French Open,2010-05-26,Grand Slam,Outdoor,Clay,2nd Round,5,Reister J.,Rochus O.,165.0,62.0,296.0,776.0,6.0,2.0,6.0,2.0,7.0,6.0,,,,,3.0,0.0,Completed,2.2,1.61,2.05,1.7,2.1,1.67,2.27,1.72,2.0,1.73,2.33,1.8,2.11,1.69
ATP,2010,31,Paris,French Open,2010-05-26,Grand Slam,Outdoor,Clay,2nd Round,5,Berdych T.,Roger-Vasselin E.,17.0,124.0,2115.0,406.0,7.0,5.0,6.0,1.0,6.0,4.0,,,,,3.0,0.0,Completed,1.05,9.0,1.08,6.75,1.07,7.5,1.09,9.55,1.05,8.0,1.09,11.0,1.07,7.94
ATP,2010,31,Paris,French Open,2010-05-26,Grand Slam,Outdoor,Clay,2nd Round,5,Wawrinka S.,Beck A.,24.0,74.0,1600.0,645.0,6.0,1.0,6.0,4.0,6.0,4.0,,,,,3.0,0.0,Completed,1.06,8.0,1.06,7.75,1.08,7.0,1.07,11.5,1.05,8.0,1.1,11.8,1.07,8.19
ATP,2010,31,Paris,French Open,2010-05-27,Grand Slam,Outdoor,Clay,2nd Round,5,Roddick A.,Kavcic B.,8.0,112.0,4600.0,461.0,6.0,3.0,5.0,7.0,6.0,4.0,6.0,2.0,,,3.0,1.0,Completed,1.08,7.0,1.1,6.25,1.08,7.0,1.13,7.9,1.13,5.5,1.14,8.02,1.1,6.42
ATP,2010,31,Paris,French Open,2010-05-27,Grand Slam,Outdoor,Clay,2nd Round,5,Gabashvili T.,Zemlja G.,114.0,141.0,453.0,366.0,6.0,3.0,6.0,1.0,6.0,1.0,,,,,3.0,0.0,Completed,1.72,2.0,1.72,2.05,1.73,2.0,1.78,2.18,1.83,1.83,1.85,2.21,1.75,2.01
ATP,2010,31,Paris,French Open,2010-05-27,Grand Slam,Outdoor,Clay,2nd Round,5,Murray A.,Chela J.I.,4.0,54.0,5565.0,837.0,6.0,2.0,6.0,7.0,6.0,3.0,6.0,2.0,,,3.0,1.0,Completed,1.11,6.0,1.12,5.5,1.1,6.5,1.1,8.88,1.13,6.0,1.15,8.88,1.11,6.25
ATP,2010,31,Paris,French Open,2010-05-27,Grand Slam,Outdoor,Clay,2nd Round,5,Baghdatis M.,Granollers M.,30.0,87.0,1465.0,578.0,4.0,6.0,6.0,1.0,7.0,5.0,6.0,2.0,,,3.0,1.0,Completed,1.36,3.0,1.4,2.8,1.36,3.0,1.49,2.85,1.4,2.75,1.49,3.1,1.37,2.85
ATP,2010,31,Paris,French Open,2010-05-27,Grand Slam,Outdoor,Clay,2nd Round,5,Isner J.,Chiudinelli M.,19.0,68.0,1880.0,715.0,6.0,7.0,7.0,6.0,7.0,6.0,6.0,4.0,,,3.0,1.0,Completed,1.16,4.5,1.2,4.25,1.22,4.0,1.19,5.69,1.25,3.5,1.33,5.69,1.22,4.1
ATP,2010,31,Paris,French Open,2010-05-27,Grand Slam,Outdoor,Clay,2nd Round,5,Fognini F.,Monfils G.,92.0,15.0,570.0,2220.0,2.0,6.0,4.0,6.0,7.0,5.0,6.0,4.0,9.0,7.0,3.0,2.0,Completed,6.0,1.11,5.5,1.12,6.0,1.11,6.54,1.15,5.0,1.14,6.8,1.15,5.55,1.11
ATP,2010,31,Paris,French Open,2010-05-28,Grand Slam,Outdoor,Clay,2nd Round,5,Hanescu V.,Schukin Y.,37.0,175.0,1160.0,270.0,6.0,3.0,6.0,4.0,6.0,2.0,,,,,3.0,0.0,Completed,1.14,5.0,1.2,4.0,1.2,4.33,1.19,5.57,1.2,4.0,1.22,5.95,1.18,4.65
ATP,2010,31,Paris,French Open,2010-05-28,Grand Slam,Outdoor,Clay,2nd Round,5,Hewitt L.,Istomin D.,33.0,72.0,1350.0,660.0,1.0,6.0,6.0,3.0,6.0,4.0,2.0,6.0,6.0,2.0,3.0,2.0,Completed,1.16,4.5,1.25,3.65,1.22,4.0,1.24,4.64,1.22,3.75,1.33,4.9,1.22,4.04
ATP,2010,31,Paris,French Open,2010-05-28,Grand Slam,Outdoor,Clay,2nd Round,5,Nadal R.,Zeballos H.,2.0,44.0,6880.0,935.0,6.0,2.0,6.0,2.0,6.0,3.0,,,,,3.0,0.0,Completed,1.005,21.0,1.01,30.0,1.0,26.0,1.01,61.0,1.0,21.0,1.01,61.0,1.01,24.56
ATP,2010,31,Paris,French Open,2010-05-28,Grand Slam,Outdoor,Clay,2nd Round,5,Melzer J.,Mahut N.,27.0,154.0,1495.0,312.0,6.0,1.0,3.0,6.0,7.0,6.0,6.0,4.0,,,3.0,1.0,Completed,1.12,5.5,1.15,5.0,1.13,5.5,1.17,6.12,1.13,5.5,1.17,6.12,1.14,5.31
ATP,2010,31,Paris,French Open,2010-05-28,Grand Slam,Outdoor,Clay,2nd Round,5,Dolgopolov O.,Gonzalez F.,56.0,13.0,824.0,2385.0,6.0,3.0,6.0,4.0,6.0,3.0,,,,,3.0,0.0,Completed,3.25,1.33,3.3,1.3,3.5,1.29,3.72,1.33,3.5,1.25,3.8,1.33,3.37,1.3
ATP,2010,31,Paris,French Open,2010-05-28,Grand Slam,Outdoor,Clay,2nd Round,5,Almagro N.,Darcis S.,21.0,106.0,1690.0,481.0,6.0,3.0,6.0,0.0,7.0,5.0,,,,,3.0,0.0,Completed,1.08,7.0,1.1,6.25,1.11,6.0,1.13,7.72,1.14,5.0,1.15,8.2,1.11,6.09
ATP,2010,31,Paris,French Open,2010-05-28,Grand Slam,Outdoor,Clay,2nd Round,5,Ferrer D.,Malisse X.,11.0,84.0,3010.0,610.0,6.0,2.0,6.0,2.0,2.0,0.0,,,,,2.0,0.0,Retired,1.02,12.0,1.05,8.5,1.05,8.5,1.05,15.0,1.04,8.0,1.05,17.0,1.04,10.67
ATP,2010,31,Paris,French Open,2010-05-28,Grand Slam,Outdoor,Clay,2nd Round,5,Djokovic N.,Nishikori K.,3.0,246.0,6405.0,190.0,6.0,1.0,6.0,4.0,6.0,4.0,,,,,3.0,0.0,Completed,1.04,10.0,1.06,7.75,1.06,8.0,1.09,9.75,1.05,9.0,1.09,11.0,1.06,8.53
ATP,2010,31,Paris,French Open,2010-05-28,Grand Slam,Outdoor,Clay,2nd Round,5,Kohlschreiber P.,Seppi A.,35.0,66.0,1320.0,720.0,7.0,6.0,6.0,3.0,7.0,5.0,,,,,3.0,0.0,Completed,1.28,3.5,1.35,3.0,1.33,3.25,1.32,3.79,1.33,3.0,1.35,3.81,1.3,3.35
ATP,2010,31,Paris,French Open,2010-05-28,Grand Slam,Outdoor,Clay,2nd Round,5,Ferrero J.C.,Riba P.,18.0,96.0,2050.0,559.0,7.0,6.0,6.0,7.0,6.0,2.0,6.0,2.0,,,3.0,1.0,Completed,1.1,6.5,1.12,5.5,1.11,6.0,1.16,6.35,1.1,6.0,1.17,6.65,1.12,5.73
ATP,2010,31,Paris,French Open,2010-05-28,Grand Slam,Outdoor,Clay,2nd Round,5,Bellucci T.,Andujar P.,29.0,146.0,1482.0,350.0,1.0,6.0,6.0,3.0,2.0,6.0,6.0,4.0,6.0,2.0,3.0,2.0,Completed,1.12,5.5,1.16,4.75,1.17,4.5,1.22,5.07,1.13,5.5,1.29,5.6,1.16,4.84
ATP,2010,31,Paris,French Open,2010-05-28,Grand Slam,Outdoor,Clay,2nd Round,5,Ginepri R.,Starace P.,98.0,60.0,538.0,802.0,3.0,6.0,6.0,4.0,6.0,3.0,6.0,3.0,,,3.0,1.0,Completed,3.25,1.33,3.1,1.35,3.0,1.36,3.17,1.42,2.88,1.36,3.25,1.42,3.05,1.35
ATP,2010,31,Paris,French Open,2010-05-28,Grand Slam,Outdoor,Clay,2nd Round,5,Verdasco F.,Serra F.,9.0,67.0,3645.0,715.0,6.0,2.0,6.0,2.0,0.0,6.0,6.0,4.0,,,3.0,1.0,Completed,1.06,8.0,1.1,6.5,1.07,7.5,1.09,10.2,1.1,6.0,1.1,10.2,1.08,7.41
ATP,2010,31,Paris,French Open,2010-05-28,Grand Slam,Outdoor,Clay,2nd Round,5,Ljubicic I.,Fish M.,16.0,97.0,2140.0,556.0,6.0,2.0,6.0,7.0,4.0,6.0,6.0,2.0,10.0,8.0,3.0,2.0,Completed,1.36,3.0,1.45,2.6,1.4,2.75,1.49,2.87,1.4,2.75,1.53,3.25,1.4,2.84
ATP,2010,31,Paris,French Open,2010-05-28,Grand Slam,Outdoor,Clay,3rd Round,5,Federer R.,Reister J.,1.0,165.0,10030.0,296.0,6.0,4.0,6.0,0.0,6.0,4.0,,,,,3.0,0.0,Completed,1.005,21.0,1.01,30.0,1.01,21.0,1.02,36.0,1.01,21.0,1.02,46.0,1.01,19.14
ATP,2010,31,Paris,French Open,2010-05-28,Grand Slam,Outdoor,Clay,3rd Round,5,Murray A.,Baghdatis M.,4.0,30.0,5565.0,1465.0,6.0,2.0,6.0,3.0,0.0,6.0,6.0,2.0,,,3.0,1.0,Completed,1.28,3.5,1.33,3.1,1.33,3.25,1.38,3.41,1.33,3.0,1.5,3.5,1.34,3.13
ATP,2010,31,Paris,French Open,2010-05-28,Grand Slam,Outdoor,Clay,3rd Round,5,Cilic M.,Mayer L.,12.0,57.0,2945.0,822.0,6.0,4.0,3.0,6.0,7.0,5.0,6.0,7.0,6.0,4.0,3.0,2.0,Completed,1.36,3.0,1.35,3.1,1.36,3.0,1.42,3.19,1.33,3.0,1.45,3.3,1.38,2.92
ATP,2010,31,Paris,French Open,2010-05-28,Grand Slam,Outdoor,Clay,3rd Round,5,Tsonga J.W.,De Bakker T.,10.0,50.0,3185.0,858.0,6.0,7.0,7.0,6.0,6.0,3.0,6.0,4.0,,,3.0,1.0,Completed,1.36,3.0,1.45,2.65,1.44,2.63,1.44,3.06,1.4,2.75,1.5,3.06,1.43,2.7
ATP,2010,31,Paris,French Open,2010-05-28,Grand Slam,Outdoor,Clay,3rd Round,5,Wawrinka S.,Fognini F.,24.0,92.0,1600.0,570.0,6.0,3.0,6.0,4.0,6.0,1.0,,,,,3.0,0.0,Completed,1.06,8.0,1.07,7.25,1.1,6.5,1.11,8.71,1.07,7.0,1.13,9.85,1.09,6.99
ATP,2010,31,Paris,French Open,2010-05-28,Grand Slam,Outdoor,Clay,3rd Round,5,Soderling R.,Montanes A.,7.0,34.0,4755.0,1325.0,6.0,4.0,7.0,5.0,2.0,6.0,6.0,3.0,,,3.0,1.0,Completed,1.14,5.0,1.18,4.5,1.17,4.5,1.18,5.77,1.17,4.5,1.25,5.77,1.17,4.71
ATP,2010,31,Paris,French Open,2010-05-28,Grand Slam,Outdoor,Clay,3rd Round,5,Berdych T.,Isner J.,17.0,19.0,2115.0,1880.0,6.0,2.0,6.0,2.0,6.0,1.0,,,,,3.0,0.0,Completed,1.33,3.25,1.4,2.8,1.4,2.75,1.36,3.48,1.36,2.88,1.45,3.48,1.39,2.89
ATP,2010,31,Paris,French Open,2010-05-29,Grand Slam,Outdoor,Clay,3rd Round,5,Gabashvili T.,Roddick A.,114.0,8.0,453.0,4600.0,6.0,4.0,6.0,4.0,6.0,2.0,,,,,3.0,0.0,Completed,5.0,1.14,4.25,1.2,4.5,1.17,5.05,1.22,4.5,1.17,5.1,1.23,4.44,1.19
ATP,2010,31,Paris,French Open,2010-05-29,Grand Slam,Outdoor,Clay,3rd Round,5,Youzhny M.,Troicki V.,14.0,41.0,2375.0,955.0,2.0,6.0,7.0,6.0,6.0,2.0,6.0,3.0,,,3.0,1.0,Completed,1.38,2.87,1.4,2.8,1.36,3.0,1.5,2.85,1.4,2.75,1.5,3.0,1.42,2.76
ATP,2010,31,Paris,French Open,2010-05-29,Grand Slam,Outdoor,Clay,3rd Round,5,Melzer J.,Ferrer D.,27.0,11.0,1495.0,3010.0,6.0,4.0,6.0,0.0,7.0,6.0,,,,,3.0,0.0,Completed,7.5,1.07,5.75,1.12,6.0,1.11,9.05,1.1,6.0,1.1,9.05,1.15,6.56,1.1
ATP,2010,31,Paris,French Open,2010-05-29,Grand Slam,Outdoor,Clay,3rd Round,5,Djokovic N.,Hanescu V.,3.0,37.0,6405.0,1160.0,6.0,3.0,3.0,6.0,6.0,3.0,6.0,2.0,,,3.0,1.0,Completed,1.1,6.5,1.14,5.25,1.13,5.5,1.13,7.65,1.13,5.5,1.15,8.2,1.11,6.08
ATP,2010,31,Paris,French Open,2010-05-29,Grand Slam,Outdoor,Clay,3rd Round,5,Bellucci T.,Ljubicic I.,29.0,16.0,1482.0,2140.0,7.0,6.0,6.0,2.0,6.0,4.0,,,,,3.0,0.0,Completed,1.57,2.25,1.65,2.15,1.62,2.2,1.68,2.36,1.67,2.1,1.8,2.36,1.65,2.18
ATP,2010,31,Paris,French Open,2010-05-29,Grand Slam,Outdoor,Clay,3rd Round,5,Almagro N.,Dolgopolov O.,21.0,56.0,1690.0,824.0,6.0,3.0,6.0,3.0,6.0,4.0,,,,,3.0,0.0,Completed,1.22,4.0,1.3,3.3,1.29,3.5,1.29,4.05,1.29,3.25,1.38,4.05,1.28,3.6
ATP,2010,31,Paris,French Open,2010-05-29,Grand Slam,Outdoor,Clay,3rd Round,5,Verdasco F.,Kohlschreiber P.,9.0,35.0,3645.0,1320.0,2.0,6.0,6.0,3.0,6.0,3.0,6.0,7.0,6.0,4.0,3.0,2.0,Completed,1.22,4.0,1.21,4.05,1.22,4.0,1.32,3.85,1.2,4.0,1.35,4.5,1.23,3.89
ATP,2010,31,Paris,French Open,2010-05-29,Grand Slam,Outdoor,Clay,3rd Round,5,Ginepri R.,Ferrero J.C.,98.0,18.0,538.0,2050.0,7.0,5.0,6.0,3.0,3.0,6.0,2.0,6.0,6.0,4.0,3.0,2.0,Completed,5.0,1.14,4.65,1.17,5.0,1.14,5.05,1.22,4.5,1.17,5.5,1.25,4.63,1.17
ATP,2010,31,Paris,French Open,2010-05-29,Grand Slam,Outdoor,Clay,3rd Round,5,Nadal R.,Hewitt L.,2.0,33.0,6880.0,1350.0,6.0,3.0,6.0,4.0,6.0,3.0,,,,,3.0,0.0,Completed,1.01,15.0,1.01,15.0,1.01,17.0,1.02,26.0,1.01,21.0,1.02,36.0,1.01,17.0
ATP,2010,31,Paris,French Open,2010-05-30,Grand Slam,Outdoor,Clay,4th Round,5,Federer R.,Wawrinka S.,1.0,24.0,10030.0,1600.0,6.0,3.0,7.0,6.0,6.0,2.0,,,,,3.0,0.0,Completed,1.06,8.0,1.1,6.25,1.07,7.5,1.11,8.26,1.08,7.5,1.11,9.0,1.09,7.19
ATP,2010,31,Paris,French Open,2010-05-30,Grand Slam,Outdoor,Clay,4th Round,5,Soderling R.,Cilic M.,7.0,12.0,4755.0,2945.0,6.0,4.0,6.0,4.0,6.0,2.0,,,,,3.0,0.0,Completed,1.3,3.4,1.3,3.3,1.33,3.25,1.38,3.37,1.33,3.25,1.45,3.4,1.35,3.11
ATP,2010,31,Paris,French Open,2010-05-30,Grand Slam,Outdoor,Clay,4th Round,5,Youzhny M.,Tsonga J.W.,14.0,10.0,2375.0,3185.0,6.0,2.0,,,,,,,,,1.0,0.0,Retired,1.72,2.0,1.75,2.0,1.73,2.0,1.97,1.95,1.73,2.1,1.97,2.1,1.82,1.93
ATP,2010,31,Paris,French Open,2010-05-30,Grand Slam,Outdoor,Clay,4th Round,5,Berdych T.,Murray A.,17.0,4.0,2115.0,5565.0,6.0,4.0,7.0,5.0,6.0,3.0,,,,,3.0,0.0,Completed,2.5,1.5,2.25,1.6,2.25,1.57,2.48,1.62,2.38,1.57,2.5,1.85,2.26,1.62
ATP,2010,31,Paris,French Open,2010-05-31,Grand Slam,Outdoor,Clay,4th Round,5,Djokovic N.,Ginepri R.,3.0,98.0,6405.0,538.0,6.0,4.0,2.0,6.0,6.0,1.0,6.0,2.0,,,3.0,1.0,Completed,1.05,9.0,1.08,7.0,1.06,8.0,1.09,10.2,1.07,8.0,1.12,10.5,1.07,7.86
ATP,2010,31,Paris,French Open,2010-05-31,Grand Slam,Outdoor,Clay,4th Round,5,Melzer J.,Gabashvili T.,27.0,114.0,1495.0,453.0,7.0,6.0,4.0,6.0,6.0,1.0,6.0,4.0,,,3.0,1.0,Completed,1.3,3.4,1.33,3.1,1.36,3.0,1.37,3.45,1.36,3.0,1.44,3.45,1.34,3.15
ATP,2010,31,Paris,French Open,2010-05-31,Grand Slam,Outdoor,Clay,4th Round,5,Nadal R.,Bellucci T.,2.0,29.0,6880.0,1482.0,6.0,2.0,7.0,5.0,6.0,4.0,,,,,3.0,0.0,Completed,,21.0,1.01,15.0,1.01,17.0,1.02,26.0,1.01,17.0,1.03,34.0,1.01,17.53
ATP,2010,31,Paris,French Open,2010-05-31,Grand Slam,Outdoor,Clay,4th Round,5,Almagro N.,Verdasco F.,21.0,9.0,1690.0,3645.0,6.0,1.0,4.0,6.0,6.0,1.0,6.0,4.0,,,3.0,1.0,Completed,2.2,1.61,2.05,1.72,2.0,1.73,2.2,1.76,2.1,1.73,2.2,1.8,2.08,1.71
ATP,2010,31,Paris,French Open,2010-06-01,Grand Slam,Outdoor,Clay,Quarterfinals,5,Soderling R.,Federer R.,7.0,1.0,4755.0,10030.0,3.0,6.0,6.0,3.0,7.0,5.0,6.0,4.0,,,3.0,1.0,Completed,4.5,1.2,4.0,1.22,4.0,1.22,4.64,1.24,4.0,1.22,5.5,1.3,4.37,1.21
ATP,2010,31,Paris,French Open,2010-06-01,Grand Slam,Outdoor,Clay,Quarterfinals,5,Berdych T.,Youzhny M.,17.0,14.0,2115.0,2375.0,6.0,3.0,6.0,1.0,6.0,2.0,,,,,3.0,0.0,Completed,1.44,2.75,1.45,2.6,1.5,2.5,1.46,2.99,1.44,2.75,1.53,2.99,1.44,2.72
ATP,2010,31,Paris,French Open,2010-06-02,Grand Slam,Outdoor,Clay,Quarterfinals,5,Melzer J.,Djokovic N.,27.0,3.0,1495.0,6405.0,3.0,6.0,2.0,6.0,6.0,2.0,7.0,6.0,6.0,4.0,3.0,2.0,Completed,4.5,1.2,3.75,1.25,4.0,1.22,4.43,1.26,3.75,1.25,4.5,1.35,3.91,1.25
ATP,2010,31,Paris,French Open,2010-06-02,Grand Slam,Outdoor,Clay,Quarterfinals,5,Nadal R.,Almagro N.,2.0,21.0,6880.0,1690.0,7.0,6.0,7.0,6.0,6.0,4.0,,,,,3.0,0.0,Completed,1.05,10.0,1.05,8.5,1.04,9.0,1.07,11.5,1.03,11.0,1.11,13.0,1.05,10.06
ATP,2010,31,Paris,French Open,2010-06-04,Grand Slam,Outdoor,Clay,Semifinals,5,Soderling R.,Berdych T.,7.0,17.0,4755.0,2115.0,6.0,3.0,3.0,6.0,5.0,7.0,6.0,3.0,6.0,3.0,3.0,2.0,Completed,1.44,2.75,1.45,2.6,1.4,2.75,1.5,2.83,1.44,2.75,1.5,3.1,1.45,2.73
ATP,2010,31,Paris,French Open,2010-06-04,Grand Slam,Outdoor,Clay,Semifinals,5,Nadal R.,Melzer J.,2.0,27.0,6880.0,1495.0,6.0,2.0,6.0,3.0,7.0,6.0,,,,,3.0,0.0,Completed,1.01,15.0,1.03,10.0,1.02,11.0,1.04,15.75,1.02,13.0,1.05,21.0,1.03,13.11
ATP,2010,31,Paris,French Open,2010-06-06,Grand Slam,Outdoor,Clay,The Final,5,Nadal R.,Soderling R.,2.0,7.0,6880.0,4755.0,6.0,4.0,6.0,2.0,6.0,4.0,,,,,3.0,0.0,Completed,1.25,4.0,1.22,4.0,1.29,3.5,1.29,4.05,1.25,4.0,1.35,4.11,1.26,3.82
ATP,2010,36,London,Wimbledon,2010-06-21,Grand Slam,Outdoor,Grass,1st Round,5,Przysiezny M.,Ljubicic I.,94.0,15.0,570.0,2190.0,7.0,5.0,7.0,6.0,6.0,3.0,,,,,3.0,0.0,Completed,5.5,1.12,4.25,1.2,4.5,1.17,4.88,1.23,4.0,1.2,5.7,1.26,4.67,1.18
ATP,2010,36,London,Wimbledon,2010-06-21,Grand Slam,Outdoor,Grass,1st Round,5,Lopez F.,Levine J.,30.0,115.0,1455.0,439.0,7.0,6.0,3.0,6.0,6.0,2.0,6.0,3.0,,,3.0,1.0,Completed,1.16,4.5,1.24,3.8,1.22,4.0,1.27,4.3,1.2,4.0,1.31,4.7,1.23,4.01
ATP,2010,36,London,Wimbledon,2010-06-21,Grand Slam,Outdoor,Grass,1st Round,5,Lu Y.H.,Zeballos H.,82.0,44.0,626.0,982.0,7.0,5.0,6.0,4.0,6.0,3.0,,,,,3.0,0.0,Completed,1.72,2.0,1.72,2.05,1.83,1.83,1.91,2.02,1.67,2.1,2.03,2.1,1.81,1.94
ATP,2010,36,London,Wimbledon,2010-06-21,Grand Slam,Outdoor,Grass,1st Round,5,Brands D.,Andreev I.,98.0,57.0,543.0,805.0,7.0,6.0,7.0,6.0,7.0,5.0,,,,,3.0,0.0,Completed,1.36,3.0,1.7,2.07,1.4,2.75,1.76,2.21,1.57,2.25,1.76,3.1,1.52,2.5
ATP,2010,36,London,Wimbledon,2010-06-21,Grand Slam,Outdoor,Grass,1st Round,5,Berankis R.,Ball C.,156.0,134.0,322.0,391.0,6.0,2.0,6.0,0.0,3.0,6.0,7.0,6.0,,,3.0,1.0,Completed,1.57,2.25,1.6,2.25,1.62,2.2,1.72,2.28,1.67,2.1,1.75,2.33,1.65,2.17
ATP,2010,36,London,Wimbledon,2010-06-21,Grand Slam,Outdoor,Grass,1st Round,5,Bozoljac I.,Massu N.,152.0,99.0,328.0,536.0,7.0,6.0,3.0,6.0,6.0,3.0,7.0,6.0,,,3.0,1.0,Completed,1.3,3.4,1.3,3.45,1.33,3.25,1.31,3.92,1.29,3.25,1.38,3.92,1.31,3.34
ATP,2010,36,London,Wimbledon,2010-06-21,Grand Slam,Outdoor,Grass,1st Round,5,Federer R.,Falla A.,2.0,60.0,8525.0,767.0,5.0,7.0,4.0,6.0,6.0,4.0,7.0,6.0,6.0,0.0,3.0,2.0,Completed,1.005,21.0,1.01,15.0,1.01,21.0,1.01,46.0,1.01,21.0,1.06,48.25,1.01,19.73
ATP,2010,36,London,Wimbledon,2010-06-21,Grand Slam,Outdoor,Grass,1st Round,5,Davydenko N.,Anderson K.,5.0,95.0,4785.0,560.0,3.0,6.0,6.0,7.0,7.0,6.0,7.0,5.0,9.0,7.0,3.0,2.0,Completed,1.36,3.0,1.4,2.8,1.4,2.75,1.41,3.22,1.44,2.63,1.47,3.22,1.38,2.95
ATP,2010,36,London,Wimbledon,2010-06-21,Grand Slam,Outdoor,Grass,1st Round,5,Hanescu V.,Kuznetsov A.,38.0,167.0,1070.0,278.0,6.0,7.0,7.0,6.0,6.0,3.0,1.0,6.0,7.0,5.0,3.0,2.0,Completed,1.44,2.62,1.55,2.35,1.44,2.63,1.5,2.82,1.4,2.75,1.57,2.82,1.48,2.57
ATP,2010,36,London,Wimbledon,2010-06-21,Grand Slam,Outdoor,Grass,1st Round,5,Fish M.,Tomic B.,73.0,246.0,696.0,186.0,6.0,3.0,7.0,6.0,6.0,2.0,,,,,3.0,0.0,Completed,1.14,5.0,1.18,4.5,1.17,4.5,1.2,5.37,1.2,4.0,1.26,5.8,1.18,4.66
ATP,2010,36,London,Wimbledon,2010-06-21,Grand Slam,Outdoor,Grass,1st Round,5,Monfils G.,Mayer L.,20.0,52.0,1905.0,837.0,6.0,1.0,7.0,6.0,6.0,2.0,,,,,3.0,0.0,Completed,1.44,2.62,1.5,2.5,1.44,2.63,1.48,2.92,1.44,2.63,1.58,2.92,1.49,2.55
ATP,2010,36,London,Wimbledon,2010-06-21,Grand Slam,Outdoor,Grass,1st Round,5,Melzer J.,Brown D.,16.0,102.0,2125.0,496.0,6.0,3.0,4.0,6.0,6.0,2.0,6.0,3.0,,,3.0,1.0,Completed,1.12,5.5,1.2,4.25,1.2,4.33,1.21,5.21,1.17,4.5,1.26,6.0,1.17,4.7
ATP,2010,36,London,Wimbledon,2010-06-21,Grand Slam,Outdoor,Grass,1st Round,5,Evans B.,Huta Galung J.,318.0,285.0,125.0,155.0,6.0,3.0,7.0,6.0,6.0,3.0,,,,,3.0,0.0,Completed,1.8,1.9,1.85,1.9,1.8,1.91,1.86,2.07,1.83,1.83,1.95,2.07,1.83,1.9
ATP,2010,36,London,Wimbledon,2010-06-21,Grand Slam,Outdoor,Grass,1st Round,5,Schuettler R.,Tursunov D.,85.0,371.0,622.0,97.0,6.0,2.0,6.0,2.0,6.0,3.0,,,,,3.0,0.0,Completed,1.36,3.0,1.4,2.8,1.44,2.63,1.45,3.05,1.44,2.63,1.51,3.1,1.41,2.81
ATP,2010,36,London,Wimbledon,2010-06-21,Grand Slam,Outdoor,Grass,1st Round,5,Ilhan M.,Daniel M.,118.0,108.0,432.0,456.0,6.0,7.0,4.0,6.0,6.0,2.0,6.0,3.0,6.0,1.0,3.0,2.0,Completed,1.16,4.5,1.2,4.25,1.22,4.0,1.21,5.12,1.2,4.0,1.28,5.4,1.19,4.45
ATP,2010,36,London,Wimbledon,2010-06-21,Grand Slam,Outdoor,Grass,1st Round,5,Mayer F.,Cilic M.,59.0,12.0,777.0,2945.0,6.0,2.0,6.0,4.0,7.0,6.0,,,,,3.0,0.0,Completed,7.0,1.08,6.25,1.1,6.0,1.11,6.35,1.16,6.0,1.1,7.0,1.2,5.84,1.12
ATP,2010,36,London,Wimbledon,2010-06-21,Grand Slam,Outdoor,Grass,1st Round,5,Montanes A.,Lorenzi P.,31.0,96.0,1405.0,560.0,6.0,3.0,7.0,6.0,6.0,2.0,,,,,3.0,0.0,Completed,1.4,2.75,1.4,2.8,1.4,2.75,1.47,2.95,1.4,2.75,1.51,3.0,1.41,2.8
ATP,2010,36,London,Wimbledon,2010-06-21,Grand Slam,Outdoor,Grass,1st Round,5,Troicki V.,Kunitsyn I.,42.0,104.0,1000.0,487.0,6.0,3.0,6.0,4.0,6.0,1.0,,,,,3.0,0.0,Completed,1.2,4.33,1.25,3.6,1.25,3.75,1.26,4.38,1.22,3.75,1.31,4.55,1.24,3.95
ATP,2010,36,London,Wimbledon,2010-06-21,Grand Slam,Outdoor,Grass,1st Round,5,Beck K.,Ventura S.,88.0,131.0,611.0,403.0,6.0,3.0,6.0,1.0,4.0,6.0,6.0,2.0,,,3.0,1.0,Completed,1.16,4.5,1.22,4.0,1.25,3.75,1.25,4.6,1.2,4.0,1.31,4.6,1.22,4.1
ATP,2010,36,London,Wimbledon,2010-06-21,Grand Slam,Outdoor,Grass,1st Round,5,Istomin D.,Wawrinka S.,70.0,23.0,715.0,1690.0,6.0,7.0,6.0,1.0,2.0,6.0,7.0,6.0,6.0,3.0,3.0,2.0,Completed,2.62,1.44,2.35,1.55,2.63,1.44,2.64,1.56,2.5,1.5,2.71,1.63,2.49,1.51
ATP,2010,36,London,Wimbledon,2010-06-21,Grand Slam,Outdoor,Grass,1st Round,5,Llodra M.,Witten J.,37.0,186.0,1119.0,257.0,6.0,4.0,6.0,4.0,6.0,7.0,6.0,3.0,,,3.0,1.0,Completed,1.11,6.0,1.12,5.5,1.11,6.0,1.15,6.65,1.13,5.5,1.2,6.65,1.13,5.59
ATP,2010,36,London,Wimbledon,2010-06-21,Grand Slam,Outdoor,Grass,1st Round,5,Korolev E.,Schwank E.,77.0,50.0,655.0,875.0,6.0,1.0,7.0,6.0,4.0,6.0,6.0,2.0,,,3.0,1.0,Completed,1.36,3.0,1.33,3.1,1.36,3.0,1.38,3.36,1.29,3.25,1.42,3.36,1.35,3.04
ATP,2010,36,London,Wimbledon,2010-06-21,Grand Slam,Outdoor,Grass,1st Round,5,Becker B.,Sweeting R.,71.0,119.0,712.0,430.0,5.0,7.0,6.0,2.0,6.0,2.0,6.0,4.0,,,3.0,1.0,Completed,1.16,4.5,1.25,3.6,1.25,3.75,1.24,4.68,1.25,3.5,1.28,4.84,1.21,4.13
ATP,2010,36,London,Wimbledon,2010-06-21,Grand Slam,Outdoor,Grass,1st Round,5,Dent T.,Chela J.I.,97.0,51.0,551.0,872.0,6.0,3.0,6.0,7.0,7.0,6.0,7.0,5.0,,,3.0,1.0,Completed,1.3,3.4,1.3,3.25,1.33,3.25,1.36,3.55,1.33,3.0,1.37,3.6,1.32,3.23
ATP,2010,36,London,Wimbledon,2010-06-21,Grand Slam,Outdoor,Grass,1st Round,5,Berdych T.,Golubev A.,13.0,81.0,2825.0,633.0,7.0,6.0,6.0,2.0,6.0,2.0,,,,,3.0,0.0,Completed,1.05,9.0,1.08,7.0,1.07,7.5,1.11,8.71,1.07,7.0,1.16,11.01,1.07,7.69
ATP,2010,36,London,Wimbledon,2010-06-21,Grand Slam,Outdoor,Grass,1st Round,5,Luczak P.,Robredo T.,83.0,36.0,626.0,1155.0,2.0,6.0,7.0,6.0,6.0,2.0,7.0,5.0,,,3.0,1.0,Completed,2.1,1.66,2.05,1.72,1.91,1.8,1.97,1.95,2.0,1.73,2.2,1.95,2.02,1.74
ATP,2010,36,London,Wimbledon,2010-06-21,Grand Slam,Outdoor,Grass,1st Round,5,Clement A.,Tipsarevic J.,86.0,45.0,620.0,965.0,6.0,3.0,3.0,6.0,6.0,4.0,7.0,5.0,,,3.0,1.0,Completed,3.25,1.33,3.0,1.35,3.0,1.36,3.41,1.38,2.75,1.4,3.5,1.4,3.02,1.36
ATP,2010,36,London,Wimbledon,2010-06-21,Grand Slam,Outdoor,Grass,1st Round,5,Gabashvili T.,Delgado R.,84.0,143.0,624.0,362.0,2.0,6.0,6.0,4.0,6.0,4.0,6.0,2.0,,,3.0,1.0,Completed,1.53,2.37,1.6,2.25,1.62,2.2,1.65,2.41,1.67,2.1,1.69,2.45,1.63,2.22
ATP,2010,36,London,Wimbledon,2010-06-21,Grand Slam,Outdoor,Grass,1st Round,5,Roddick A.,Ram R.,7.0,93.0,4510.0,582.0,6.0,3.0,6.0,2.0,6.0,2.0,,,,,3.0,0.0,Completed,1.01,15.0,1.02,12.0,1.02,13.0,1.03,19.0,1.02,13.0,1.07,23.0,1.02,14.36
ATP,2010,36,London,Wimbledon,2010-06-21,Grand Slam,Outdoor,Grass,1st Round,5,Djokovic N.,Rochus O.,3.0,68.0,6545.0,730.0,4.0,6.0,6.0,2.0,3.0,6.0,6.0,4.0,6.0,2.0,3.0,2.0,Completed,1.11,6.0,1.16,4.75,1.11,6.0,1.16,6.39,1.17,4.5,1.17,7.0,1.13,5.61
ATP,2010,36,London,Wimbledon,2010-06-21,Grand Slam,Outdoor,Grass,1st Round,5,Hewitt L.,Gonzalez M.,26.0,159.0,1565.0,304.0,5.0,7.0,6.0,0.0,6.0,2.0,6.0,2.0,,,3.0,1.0,Completed,1.01,15.0,1.03,10.0,1.01,17.0,1.03,21.0,1.03,11.0,1.03,25.0,1.02,14.34
ATP,2010,36,London,Wimbledon,2010-06-21,Grand Slam,Outdoor,Grass,1st Round,5,Kohlschreiber P.,Starace P.,35.0,58.0,1230.0,782.0,6.0,3.0,3.0,6.0,6.0,3.0,6.0,0.0,,,3.0,1.0,Completed,1.06,8.0,1.1,6.25,1.08,7.0,1.1,9.35,1.07,7.0,1.13,9.55,1.09,7.14
ATP,2010,36,London,Wimbledon,2010-06-22,Grand Slam,Outdoor,Grass,1st Round,5,Querrey S.,Stakhovsky S.,21.0,47.0,1775.0,935.0,7.0,6.0,6.0,3.0,2.0,1.0,,,,,2.0,0.0,Retired,1.36,3.0,1.4,2.8,1.36,3.0,1.45,3.05,1.33,3.0,1.45,3.2,1.38,2.92
ATP,2010,36,London,Wimbledon,2010-06-22,Grand Slam,Outdoor,Grass,1st Round,5,Kamke T.,Garcia-Lopez G.,126.0,39.0,419.0,1060.0,5.0,7.0,2.0,6.0,7.0,5.0,6.0,4.0,6.0,4.0,3.0,2.0,Completed,3.0,1.36,3.0,1.35,3.25,1.33,3.1,1.43,3.0,1.36,3.75,1.43,3.05,1.36
ATP,2010,36,London,Wimbledon,2010-06-22,Grand Slam,Outdoor,Grass,1st Round,5,Mathieu P.H.,Gicquel M.,66.0,128.0,740.0,409.0,6.0,1.0,7.0,5.0,3.0,6.0,6.0,1.0,,,3.0,1.0,Completed,2.37,1.53,2.5,1.5,2.25,1.57,2.65,1.56,2.38,1.53,2.65,1.62,2.4,1.54
ATP,2010,36,London,Wimbledon,2010-06-22,Grand Slam,Outdoor,Grass,1st Round,5,Marchenko I.,Berrer M.,74.0,46.0,672.0,942.0,6.0,3.0,7.0,5.0,,,,,,,2.0,0.0,Retired,1.57,2.25,1.65,2.2,1.67,2.1,1.64,2.45,1.67,2.1,1.8,2.45,1.66,2.16
ATP,2010,36,London,Wimbledon,2010-06-22,Grand Slam,Outdoor,Grass,1st Round,5,Dodig I.,Hernandez O.,193.0,125.0,240.0,419.0,6.0,1.0,6.0,3.0,6.0,3.0,,,,,3.0,0.0,Completed,1.12,5.5,1.12,5.5,1.13,5.5,1.14,6.84,1.14,5.0,1.19,6.84,1.14,5.43
ATP,2010,36,London,Wimbledon,2010-06-22,Grand Slam,Outdoor,Grass,1st Round,5,Youzhny M.,Sela D.,14.0,65.0,2665.0,745.0,6.0,3.0,6.0,4.0,4.0,6.0,7.0,6.0,,,3.0,1.0,Completed,1.36,3.0,1.4,2.8,1.4,2.75,1.39,3.32,1.33,3.0,1.44,3.32,1.38,2.94
ATP,2010,36,London,Wimbledon,2010-06-22,Grand Slam,Outdoor,Grass,1st Round,5,Simon G.,Alcaide G.,32.0,238.0,1305.0,197.0,6.0,3.0,6.0,4.0,7.0,6.0,,,,,3.0,0.0,Completed,1.16,4.5,1.22,4.0,1.22,4.0,1.21,5.13,1.17,4.5,1.26,5.3,1.2,4.37
ATP,2010,36,London,Wimbledon,2010-06-22,Grand Slam,Outdoor,Grass,1st Round,5,Fischer M.,Soeda G.,164.0,124.0,294.0,422.0,6.0,4.0,6.0,3.0,6.0,1.0,,,,,3.0,0.0,Completed,1.5,2.5,1.55,2.35,1.57,2.25,1.54,2.7,1.53,2.38,1.8,2.75,1.54,2.42
ATP,2010,36,London,Wimbledon,2010-06-22,Grand Slam,Outdoor,Grass,1st Round,5,Tsonga J.W.,Kendrick R.,10.0,161.0,3185.0,297.0,7.0,6.0,7.0,6.0,3.0,6.0,6.0,4.0,,,3.0,1.0,Completed,1.1,6.5,1.12,5.5,1.11,6.0,1.13,7.65,1.1,6.0,1.17,7.84,1.12,5.97
ATP,2010,36,London,Wimbledon,2010-06-22,Grand Slam,Outdoor,Grass,1st Round,5,Seppi A.,Almagro N.,69.0,18.0,720.0,1960.0,7.0,6.0,7.0,6.0,6.0,2.0,,,,,3.0,0.0,Completed,2.37,1.53,1.9,1.8,2.2,1.62,2.53,1.61,2.38,1.53,2.7,1.9,2.31,1.58
ATP,2010,36,London,Wimbledon,2010-06-22,Grand Slam,Outdoor,Grass,1st Round,5,Haase R.,Blake J.,151.0,109.0,330.0,450.0,6.0,2.0,6.0,4.0,6.0,4.0,,,,,3.0,0.0,Completed,2.37,1.53,2.5,1.5,2.5,1.5,2.44,1.65,2.5,1.5,2.75,1.65,2.4,1.54
ATP,2010,36,London,Wimbledon,2010-06-22,Grand Slam,Outdoor,Grass,1st Round,5,Serra F.,Greul S.,64.0,62.0,750.0,753.0,7.0,6.0,6.0,3.0,6.0,2.0,,,,,3.0,0.0,Completed,1.83,1.83,1.85,1.9,1.83,1.83,1.85,2.08,2.0,1.73,2.06,2.1,1.86,1.87
ATP,2010,36,London,Wimbledon,2010-06-22,Grand Slam,Outdoor,Grass,1st Round,5,Benneteau J.,Vliegen K.,40.0,174.0,1059.0,266.0,2.0,6.0,6.0,7.0,6.0,1.0,6.0,2.0,7.0,5.0,3.0,2.0,Completed,1.16,4.5,1.2,4.25,1.2,4.33,1.22,4.96,1.2,4.0,1.24,5.1,1.19,4.46
ATP,2010,36,London,Wimbledon,2010-06-22,Grand Slam,Outdoor,Grass,1st Round,5,Dolgopolov O.,Chiudinelli M.,43.0,61.0,996.0,762.0,6.0,4.0,6.0,3.0,6.0,3.0,,,,,3.0,0.0,Completed,1.57,2.25,1.6,2.25,1.57,2.25,1.67,2.37,1.53,2.38,1.71,2.38,1.61,2.23
ATP,2010,36,London,Wimbledon,2010-06-22,Grand Slam,Outdoor,Grass,1st Round,5,Bellucci T.,Mello R.,24.0,92.0,1652.0,586.0,6.0,4.0,6.0,4.0,6.0,4.0,,,,,3.0,0.0,Completed,1.36,3.0,1.4,2.8,1.36,3.0,1.4,3.25,1.4,2.75,1.42,3.27,1.37,2.96
ATP,2010,36,London,Wimbledon,2010-06-22,Grand Slam,Outdoor,Grass,1st Round,5,Ferrer D.,Kiefer N.,11.0,178.0,3010.0,262.0,6.0,4.0,6.0,2.0,6.0,3.0,,,,,3.0,0.0,Completed,1.44,2.62,1.5,2.5,1.53,2.38,1.57,2.63,1.5,2.5,1.57,2.65,1.51,2.5
ATP,2010,36,London,Wimbledon,2010-06-22,Grand Slam,Outdoor,Grass,1st Round,5,Nadal R.,Nishikori K.,1.0,189.0,8745.0,247.0,6.0,2.0,6.0,4.0,6.0,4.0,,,,,3.0,0.0,Completed,1.01,15.0,1.01,15.0,1.03,10.0,1.03,19.0,1.02,13.0,1.05,26.0,1.02,13.52
ATP,2010,36,London,Wimbledon,2010-06-22,Grand Slam,Outdoor,Grass,1st Round,5,Beck A.,Baker J.,79.0,253.0,645.0,182.0,7.0,6.0,6.0,3.0,6.0,4.0,,,,,3.0,0.0,Completed,1.14,5.0,1.2,4.25,1.2,4.33,1.17,6.04,1.17,4.5,1.22,6.04,1.17,4.81
ATP,2010,36,London,Wimbledon,2010-06-22,Grand Slam,Outdoor,Grass,1st Round,5,Lacko L.,Baghdatis M.,75.0,27.0,671.0,1545.0,6.0,3.0,2.0,6.0,6.0,3.0,6.0,1.0,,,3.0,1.0,Completed,3.75,1.25,3.25,1.3,3.4,1.3,3.85,1.32,3.25,1.29,3.85,1.37,3.38,1.3
ATP,2010,36,London,Wimbledon,2010-06-22,Grand Slam,Outdoor,Grass,1st Round,5,Nieminen J.,Koubek S.,67.0,121.0,736.0,424.0,6.0,4.0,7.0,6.0,5.0,7.0,6.0,2.0,,,3.0,1.0,Completed,1.36,3.0,1.4,2.8,1.4,2.75,1.39,3.35,1.36,2.88,1.47,3.35,1.4,2.83
ATP,2010,36,London,Wimbledon,2010-06-22,Grand Slam,Outdoor,Grass,1st Round,5,Chardy J.,Gimeno-Traver D.,55.0,72.0,820.0,698.0,6.0,3.0,6.0,3.0,6.0,1.0,,,,,3.0,0.0,Completed,1.25,3.75,1.3,3.3,1.25,3.75,1.33,3.71,1.22,3.75,1.34,3.75,1.28,3.47
ATP,2010,36,London,Wimbledon,2010-06-22,Grand Slam,Outdoor,Grass,1st Round,5,Petzschner P.,Robert S.,41.0,76.0,1055.0,666.0,6.0,4.0,7.0,6.0,4.0,6.0,2.0,6.0,6.0,4.0,3.0,2.0,Completed,1.2,4.33,1.25,3.75,1.29,3.5,1.24,4.64,1.2,4.0,1.29,4.64,1.23,3.91
ATP,2010,36,London,Wimbledon,2010-06-22,Grand Slam,Outdoor,Grass,1st Round,5,Murray A.,Hajek J.,4.0,90.0,5155.0,594.0,7.0,5.0,6.0,1.0,6.0,2.0,,,,,3.0,0.0,Completed,1.01,15.0,1.01,15.0,1.02,13.0,1.03,21.0,1.02,13.0,1.05,25.0,1.02,14.4
ATP,2010,36,London,Wimbledon,2010-06-22,Grand Slam,Outdoor,Grass,1st Round,5,Kubot L.,Kavcic B.,53.0,120.0,825.0,427.0,4.0,6.0,6.0,2.0,6.0,2.0,6.0,3.0,,,3.0,1.0,Completed,1.4,2.75,1.45,2.6,1.4,2.75,1.47,2.97,1.36,2.88,1.48,3.0,1.41,2.78
ATP,2010,36,London,Wimbledon,2010-06-22,Grand Slam,Outdoor,Grass,1st Round,5,Soderling R.,Ginepri R.,6.0,72.0,4755.0,698.0,6.0,2.0,6.0,2.0,6.0,3.0,,,,,3.0,0.0,Completed,1.11,6.0,1.16,4.75,1.11,6.0,1.16,6.42,1.14,5.0,1.19,6.5,1.14,5.5
ATP,2010,36,London,Wimbledon,2010-06-22,Grand Slam,Outdoor,Grass,1st Round,5,Fognini F.,Verdasco F.,80.0,9.0,635.0,3645.0,7.0,6.0,6.0,2.0,6.0,7.0,6.0,4.0,,,3.0,1.0,Completed,10.0,1.04,8.5,1.05,8.5,1.05,12.0,1.07,8.0,1.05,12.7,1.11,9.53,1.05
ATP,2010,36,London,Wimbledon,2010-06-22,Grand Slam,Outdoor,Grass,1st Round,5,Russell M.,Riba-Madrid P.,101.0,78.0,519.0,654.0,6.0,3.0,7.0,6.0,2.0,6.0,7.0,6.0,,,3.0,1.0,Completed,1.4,2.75,1.4,2.8,1.44,2.63,1.48,2.89,1.4,2.75,1.53,2.9,1.44,2.69
ATP,2010,36,London,Wimbledon,2010-06-22,Grand Slam,Outdoor,Grass,1st Round,5,Malisse X.,Ferrero J.C.,63.0,17.0,751.0,2095.0,6.0,2.0,6.0,7.0,7.0,6.0,4.0,6.0,6.0,1.0,3.0,2.0,Completed,2.0,1.72,1.85,1.9,1.83,1.83,2.03,1.9,1.83,1.83,2.1,2.05,1.91,1.83
ATP,2010,36,London,Wimbledon,2010-06-22,Grand Slam,Outdoor,Grass,1st Round,5,Reister J.,De Voest R.,129.0,257.0,409.0,179.0,6.0,4.0,7.0,5.0,3.0,6.0,6.0,2.0,,,3.0,1.0,Completed,2.0,1.72,2.0,1.75,2.0,1.73,1.97,1.95,2.1,1.67,2.13,1.95,1.98,1.77
ATP,2010,36,London,Wimbledon,2010-06-22,Grand Slam,Outdoor,Grass,1st Round,5,Granollers M.,Gil F.,87.0,89.0,613.0,608.0,6.0,3.0,6.0,0.0,6.0,4.0,,,,,3.0,0.0,Completed,1.33,3.25,1.35,3.0,1.36,3.0,1.34,3.62,1.33,3.0,1.41,3.62,1.34,3.12
ATP,2010,36,London,Wimbledon,2010-06-23,Grand Slam,Outdoor,Grass,1st Round,5,De Bakker T.,Giraldo S.,49.0,54.0,928.0,823.0,6.0,7.0,6.0,4.0,6.0,3.0,5.0,7.0,16.0,14.0,3.0,2.0,Completed,2.0,1.72,1.85,1.9,1.83,1.83,2.12,1.83,1.83,1.83,2.12,1.92,1.9,1.84
ATP,2010,36,London,Wimbledon,2010-06-24,Grand Slam,Outdoor,Grass,1st Round,5,Isner J.,Mahut N.,19.0,148.0,1925.0,339.0,6.0,4.0,3.0,6.0,6.0,7.0,7.0,6.0,70.0,68.0,3.0,2.0,Completed,1.66,2.1,1.75,2.0,1.67,2.1,1.9,2.03,1.67,2.1,1.9,2.25,1.7,2.09
ATP,2010,36,London,Wimbledon,2010-06-23,Grand Slam,Outdoor,Grass,2nd Round,5,Melzer J.,Troicki V.,16.0,42.0,2125.0,1000.0,6.0,7.0,4.0,6.0,6.0,3.0,7.0,6.0,6.0,3.0,3.0,2.0,Completed,1.4,2.75,1.45,2.65,1.44,2.63,1.43,3.1,1.4,2.75,1.52,3.25,1.42,2.77
ATP,2010,36,London,Wimbledon,2010-06-23,Grand Slam,Outdoor,Grass,2nd Round,5,Lu Y.H.,Przysiezny M.,82.0,94.0,626.0,570.0,6.0,4.0,7.0,6.0,6.0,3.0,,,,,3.0,0.0,Completed,1.53,2.37,1.6,2.25,1.57,2.25,1.65,2.42,1.67,2.1,1.75,2.5,1.62,2.24
ATP,2010,36,London,Wimbledon,2010-06-23,Grand Slam,Outdoor,Grass,2nd Round,5,Mayer F.,Fish M.,59.0,73.0,777.0,696.0,6.0,7.0,6.0,3.0,6.0,4.0,6.0,4.0,,,3.0,1.0,Completed,3.4,1.3,3.0,1.35,3.25,1.33,3.55,1.36,3.25,1.29,3.64,1.4,3.28,1.32
ATP,2010,36,London,Wimbledon,2010-06-23,Grand Slam,Outdoor,Grass,2nd Round,5,Roddick A.,Llodra M.,7.0,37.0,4510.0,1119.0,4.0,6.0,6.0,4.0,6.0,1.0,7.0,6.0,,,3.0,1.0,Completed,1.2,4.33,1.25,3.75,1.17,4.5,1.26,4.45,1.2,4.0,1.31,5.5,1.21,4.24
ATP,2010,36,London,Wimbledon,2010-06-23,Grand Slam,Outdoor,Grass,2nd Round,5,Monfils G.,Beck K.,20.0,88.0,1905.0,611.0,6.0,4.0,6.0,4.0,6.0,7.0,6.0,4.0,,,3.0,1.0,Completed,1.22,4.0,1.25,3.75,1.22,4.0,1.24,4.76,1.29,3.25,1.31,5.0,1.24,3.92
ATP,2010,36,London,Wimbledon,2010-06-23,Grand Slam,Outdoor,Grass,2nd Round,5,Lopez F.,Berankis R.,30.0,156.0,1455.0,322.0,7.0,5.0,4.0,6.0,6.0,3.0,6.0,4.0,,,3.0,1.0,Completed,1.53,2.37,1.6,2.25,1.53,2.38,1.6,2.53,1.53,2.38,1.68,2.65,1.54,2.4
ATP,2010,36,London,Wimbledon,2010-06-23,Grand Slam,Outdoor,Grass,2nd Round,5,Kohlschreiber P.,Gabashvili T.,35.0,84.0,1230.0,624.0,7.0,6.0,5.0,7.0,2.0,6.0,7.0,6.0,9.0,7.0,3.0,2.0,Completed,1.16,4.5,1.2,4.25,1.22,4.0,1.22,4.96,1.2,4.0,1.31,4.96,1.21,4.2
ATP,2010,36,London,Wimbledon,2010-06-23,Grand Slam,Outdoor,Grass,2nd Round,5,Hewitt L.,Korolev E.,26.0,77.0,1565.0,655.0,6.0,4.0,6.0,4.0,3.0,0.0,,,,,2.0,0.0,Retired,1.06,8.0,1.1,6.5,1.08,7.0,1.11,8.71,1.08,7.0,1.17,8.71,1.09,6.93
ATP,2010,36,London,Wimbledon,2010-06-23,Grand Slam,Outdoor,Grass,2nd Round,5,Federer R.,Bozoljac I.,2.0,152.0,8525.0,328.0,6.0,3.0,6.0,7.0,6.0,4.0,7.0,6.0,,,3.0,1.0,Completed,1.05,21.0,1.01,11.0,1.01,17.0,1.02,31.0,1.01,17.0,1.07,31.0,1.01,16.73
ATP,2010,36,London,Wimbledon,2010-06-23,Grand Slam,Outdoor,Grass,2nd Round,5,Clement A.,Luczak P.,86.0,83.0,620.0,626.0,6.0,7.0,6.0,3.0,6.0,3.0,6.0,4.0,,,3.0,1.0,Completed,1.5,2.5,1.55,2.35,1.57,2.25,1.55,2.66,1.62,2.2,1.63,2.69,1.54,2.4
ATP,2010,36,London,Wimbledon,2010-06-23,Grand Slam,Outdoor,Grass,2nd Round,5,Hanescu V.,Ilhan M.,38.0,118.0,1070.0,432.0,6.0,4.0,6.0,4.0,3.0,6.0,6.0,3.0,,,3.0,1.0,Completed,1.53,2.37,1.65,2.15,1.53,2.38,1.71,2.29,1.62,2.2,1.78,2.55,1.59,2.29
ATP,2010,36,London,Wimbledon,2010-06-23,Grand Slam,Outdoor,Grass,2nd Round,5,Berdych T.,Becker B.,13.0,71.0,2825.0,712.0,7.0,5.0,6.0,3.0,6.0,4.0,,,,,3.0,0.0,Completed,1.22,4.0,1.22,4.0,1.2,4.33,1.24,4.72,1.25,3.5,1.31,4.72,1.23,3.98
ATP,2010,36,London,Wimbledon,2010-06-23,Grand Slam,Outdoor,Grass,2nd Round,5,Montanes A.,Evans B.,31.0,318.0,1405.0,125.0,3.0,6.0,6.0,3.0,6.0,7.0,6.0,1.0,6.0,4.0,3.0,2.0,Completed,1.61,2.2,1.7,2.05,1.67,2.1,1.69,2.33,1.67,2.1,1.89,2.33,1.69,2.1
ATP,2010,36,London,Wimbledon,2010-06-23,Grand Slam,Outdoor,Grass,2nd Round,5,Djokovic N.,Dent T.,3.0,97.0,6545.0,551.0,7.0,6.0,6.0,1.0,6.0,4.0,,,,,3.0,0.0,Completed,1.14,5.0,1.18,4.5,1.2,4.33,1.19,5.49,1.14,5.0,1.26,5.8,1.17,4.72
ATP,2010,36,London,Wimbledon,2010-06-23,Grand Slam,Outdoor,Grass,2nd Round,5,Istomin D.,Schuettler R.,70.0,85.0,715.0,622.0,6.0,3.0,7.0,6.0,4.0,6.0,4.0,6.0,6.0,1.0,3.0,2.0,Completed,1.53,2.37,1.55,2.35,1.57,2.25,1.65,2.41,1.62,2.2,1.65,2.5,1.58,2.31
ATP,2010,36,London,Wimbledon,2010-06-23,Grand Slam,Outdoor,Grass,2nd Round,5,Brands D.,Davydenko N.,98.0,5.0,543.0,4785.0,1.0,6.0,7.0,6.0,7.0,6.0,6.0,1.0,,,3.0,1.0,Completed,2.62,1.44,2.25,1.6,2.5,1.5,2.77,1.52,2.5,1.5,2.77,1.63,2.51,1.51
ATP,2010,36,London,Wimbledon,2010-06-24,Grand Slam,Outdoor,Grass,2nd Round,5,Simon G.,Marchenko I.,32.0,74.0,1305.0,672.0,,,,,,,,,,,,,Walkover,1.44,2.62,1.5,2.45,1.44,2.63,1.58,2.57,1.44,2.63,1.58,2.7,1.49,2.55
ATP,2010,36,London,Wimbledon,2010-06-24,Grand Slam,Outdoor,Grass,2nd Round,5,Tsonga J.W.,Dolgopolov O.,10.0,43.0,3185.0,996.0,6.0,4.0,6.0,4.0,6.0,7.0,5.0,7.0,10.0,8.0,3.0,2.0,Completed,1.25,3.75,1.28,3.45,1.25,3.75,1.27,4.26,1.22,3.75,1.3,4.26,1.25,3.78
ATP,2010,36,London,Wimbledon,2010-06-24,Grand Slam,Outdoor,Grass,2nd Round,5,Kamke T.,Seppi A.,126.0,69.0,419.0,720.0,3.0,6.0,6.0,2.0,6.0,3.0,6.0,4.0,,,3.0,1.0,Completed,2.37,1.53,2.25,1.6,2.25,1.57,2.41,1.65,2.2,1.62,2.47,1.65,2.3,1.59
ATP,2010,36,London,Wimbledon,2010-06-24,Grand Slam,Outdoor,Grass,2nd Round,5,Bellucci T.,Fischer M.,24.0,164.0,1652.0,294.0,6.0,7.0,7.0,6.0,7.0,6.0,6.0,2.0,,,3.0,1.0,Completed,1.57,2.25,1.62,2.2,1.67,2.1,1.7,2.32,1.67,2.1,1.7,2.52,1.64,2.2
ATP,2010,36,London,Wimbledon,2010-06-24,Grand Slam,Outdoor,Grass,2nd Round,5,Benneteau J.,Beck A.,40.0,79.0,1059.0,645.0,3.0,6.0,6.0,2.0,4.0,6.0,7.0,6.0,6.0,3.0,3.0,2.0,Completed,1.66,2.1,1.75,2.0,1.73,2.0,1.77,2.2,1.67,2.1,1.8,2.22,1.71,2.06
ATP,2010,36,London,Wimbledon,2010-06-24,Grand Slam,Outdoor,Grass,2nd Round,5,Chardy J.,Lacko L.,55.0,75.0,820.0,671.0,6.0,3.0,7.0,6.0,4.0,6.0,6.0,7.0,8.0,6.0,3.0,2.0,Completed,1.83,1.83,1.9,1.85,1.83,1.83,2.04,1.88,1.83,1.83,2.05,1.95,1.91,1.83
ATP,2010,36,London,Wimbledon,2010-06-24,Grand Slam,Outdoor,Grass,2nd Round,5,Murray A.,Nieminen J.,4.0,67.0,5155.0,736.0,6.0,3.0,6.0,4.0,6.0,2.0,,,,,3.0,0.0,Completed,1.04,10.0,1.08,6.75,1.08,7.0,1.08,11.0,1.07,7.0,1.09,11.5,1.06,8.42
ATP,2010,36,London,Wimbledon,2010-06-24,Grand Slam,Outdoor,Grass,2nd Round,5,Fognini F.,Russell M.,80.0,101.0,635.0,519.0,3.0,6.0,5.0,7.0,7.0,5.0,7.0,6.0,6.0,3.0,3.0,2.0,Completed,1.8,1.9,1.8,1.95,1.73,2.0,1.95,1.97,1.83,1.83,1.95,2.1,1.81,1.94
ATP,2010,36,London,Wimbledon,2010-06-24,Grand Slam,Outdoor,Grass,2nd Round,5,Malisse X.,Reister J.,63.0,129.0,751.0,409.0,6.0,7.0,6.0,4.0,6.0,1.0,6.0,4.0,,,3.0,1.0,Completed,1.25,3.75,1.25,3.65,1.3,3.4,1.26,4.47,1.2,4.0,1.33,4.47,1.26,3.68
ATP,2010,36,London,Wimbledon,2010-06-24,Grand Slam,Outdoor,Grass,2nd Round,5,Soderling R.,Granollers M.,6.0,87.0,4755.0,613.0,7.0,5.0,6.0,1.0,6.0,4.0,,,,,3.0,0.0,Completed,1.07,7.5,1.08,6.75,1.06,8.0,1.09,9.95,1.04,9.0,1.1,11.5,1.07,8.15
ATP,2010,36,London,Wimbledon,2010-06-24,Grand Slam,Outdoor,Grass,2nd Round,5,Ferrer D.,Serra F.,11.0,64.0,3010.0,750.0,6.0,4.0,7.0,5.0,6.0,7.0,6.0,3.0,,,3.0,1.0,Completed,1.22,4.0,1.3,3.3,1.29,3.5,1.25,4.51,1.25,3.5,1.3,4.51,1.26,3.74
ATP,2010,36,London,Wimbledon,2010-06-24,Grand Slam,Outdoor,Grass,2nd Round,5,Querrey S.,Dodig I.,21.0,193.0,1775.0,240.0,6.0,2.0,5.0,7.0,6.0,3.0,7.0,6.0,,,3.0,1.0,Completed,1.1,6.5,1.12,5.75,1.08,7.0,1.1,9.05,1.07,7.0,1.13,9.05,1.09,6.85
ATP,2010,36,London,Wimbledon,2010-06-24,Grand Slam,Outdoor,Grass,2nd Round,5,Nadal R.,Haase R.,1.0,151.0,8745.0,330.0,5.0,7.0,6.0,2.0,3.0,6.0,6.0,0.0,6.0,3.0,3.0,2.0,Completed,1.01,13.0,1.02,10.0,1.02,13.0,1.03,21.0,1.01,15.0,1.04,21.0,1.02,13.84
ATP,2010,36,London,Wimbledon,2010-06-24,Grand Slam,Outdoor,Grass,2nd Round,5,Petzschner P.,Kubot L.,41.0,53.0,1055.0,825.0,6.0,4.0,3.0,6.0,4.0,6.0,6.0,3.0,6.0,2.0,3.0,2.0,Completed,1.25,3.75,1.3,3.3,1.33,3.25,1.29,4.05,1.29,3.25,1.33,4.1,1.28,3.54
ATP,2010,36,London,Wimbledon,2010-06-25,Grand Slam,Outdoor,Grass,2nd Round,5,Mathieu P.H.,Youzhny M.,66.0,14.0,740.0,2665.0,6.0,4.0,2.0,6.0,2.0,6.0,6.0,3.0,6.0,4.0,3.0,2.0,Completed,4.33,1.2,4.25,1.2,3.75,1.25,4.71,1.24,3.5,1.25,4.71,1.26,4.01,1.23
ATP,2010,36,London,Wimbledon,2010-06-25,Grand Slam,Outdoor,Grass,2nd Round,5,De Bakker T.,Isner J.,49.0,19.0,928.0,1925.0,6.0,0.0,6.0,3.0,6.0,2.0,,,,,3.0,0.0,Completed,1.8,1.9,1.7,2.05,1.67,2.1,1.81,2.15,1.62,2.2,1.81,2.3,1.7,2.1
ATP,2010,36,London,Wimbledon,2010-06-25,Grand Slam,Outdoor,Grass,3rd Round,5,Djokovic N.,Montanes A.,3.0,31.0,6545.0,1405.0,6.0,1.0,6.0,4.0,6.0,4.0,,,,,3.0,0.0,Completed,1.03,11.0,1.07,7.5,1.06,8.0,1.06,12.0,1.05,9.0,1.09,12.0,1.06,8.7
ATP,2010,36,London,Wimbledon,2010-06-25,Grand Slam,Outdoor,Grass,3rd Round,5,Hewitt L.,Monfils G.,26.0,20.0,1565.0,1905.0,6.0,3.0,7.0,6.0,6.0,4.0,,,,,3.0,0.0,Completed,1.36,3.0,1.4,2.8,1.36,3.0,1.41,3.23,1.33,3.0,1.43,3.6,1.36,3.05
ATP,2010,36,London,Wimbledon,2010-06-25,Grand Slam,Outdoor,Grass,3rd Round,5,Melzer J.,Lopez F.,16.0,30.0,2125.0,1455.0,4.0,6.0,6.0,3.0,6.0,2.0,6.0,4.0,,,3.0,1.0,Completed,1.66,2.1,1.65,2.15,1.67,2.1,1.8,2.15,1.62,2.2,1.8,2.25,1.68,2.13
ATP,2010,36,London,Wimbledon,2010-06-25,Grand Slam,Outdoor,Grass,3rd Round,5,Berdych T.,Istomin D.,13.0,70.0,2825.0,715.0,6.0,7.0,7.0,6.0,6.0,7.0,6.0,3.0,6.0,4.0,3.0,2.0,Completed,1.14,5.0,1.22,4.0,1.2,4.33,1.2,5.29,1.2,4.0,1.22,5.35,1.19,4.47
ATP,2010,36,London,Wimbledon,2010-06-25,Grand Slam,Outdoor,Grass,3rd Round,5,Lu Y.H.,Mayer F.,82.0,59.0,626.0,777.0,6.0,4.0,6.0,4.0,2.0,1.0,,,,,2.0,0.0,Retired,3.75,1.25,3.1,1.33,3.0,1.36,3.8,1.32,3.0,1.33,4.0,1.45,3.34,1.31
ATP,2010,36,London,Wimbledon,2010-06-25,Grand Slam,Outdoor,Grass,3rd Round,5,Federer R.,Clement A.,2.0,86.0,8525.0,620.0,6.0,2.0,6.0,4.0,6.0,2.0,,,,,3.0,0.0,Completed,1.02,12.0,1.02,12.0,1.02,11.0,1.04,17.0,1.03,10.0,1.05,21.0,1.03,11.98
ATP,2010,36,London,Wimbledon,2010-06-25,Grand Slam,Outdoor,Grass,3rd Round,5,Roddick A.,Kohlschreiber P.,7.0,35.0,4510.0,1230.0,7.0,5.0,6.0,7.0,6.0,3.0,6.0,3.0,,,3.0,1.0,Completed,1.14,5.0,1.18,4.5,1.13,5.5,1.23,4.8,1.17,5.0,1.23,5.5,1.17,4.72
ATP,2010,36,London,Wimbledon,2010-06-25,Grand Slam,Outdoor,Grass,3rd Round,5,Brands D.,Hanescu V.,98.0,38.0,543.0,1070.0,6.0,7.0,6.0,7.0,7.0,6.0,6.0,3.0,3.0,0.0,2.0,2.0,Retired,1.83,1.83,1.87,1.87,1.83,1.83,1.82,2.13,1.83,1.83,2.1,2.2,1.83,1.92
ATP,2010,36,London,Wimbledon,2010-06-26,Grand Slam,Outdoor,Grass,3rd Round,5,Ferrer D.,Chardy J.,11.0,55.0,3010.0,820.0,7.0,5.0,6.0,3.0,4.0,6.0,3.0,6.0,7.0,5.0,3.0,2.0,Completed,1.25,3.75,1.25,3.75,1.29,3.5,1.29,4.09,1.29,3.5,1.33,4.09,1.28,3.61
ATP,2010,36,London,Wimbledon,2010-06-26,Grand Slam,Outdoor,Grass,3rd Round,5,Soderling R.,Bellucci T.,6.0,24.0,4755.0,1652.0,6.0,4.0,6.0,2.0,7.0,5.0,,,,,3.0,0.0,Completed,1.05,9.0,1.07,7.5,1.07,7.5,1.06,12.0,1.07,8.0,1.12,12.0,1.07,8.42
ATP,2010,36,London,Wimbledon,2010-06-26,Grand Slam,Outdoor,Grass,3rd Round,5,Mathieu P.H.,De Bakker T.,66.0,49.0,740.0,928.0,7.0,6.0,7.0,6.0,6.0,7.0,6.0,4.0,,,3.0,1.0,Completed,2.1,1.66,2.35,1.55,2.25,1.57,2.54,1.6,2.38,1.57,2.54,1.7,2.33,1.57
ATP,2010,36,London,Wimbledon,2010-06-26,Grand Slam,Outdoor,Grass,3rd Round,5,Nadal R.,Petzschner P.,1.0,41.0,8745.0,1055.0,6.0,4.0,4.0,6.0,6.0,7.0,6.0,2.0,6.0,3.0,3.0,2.0,Completed,1.03,11.0,1.03,10.0,1.04,9.0,1.06,12.0,1.04,10.0,1.1,15.0,1.05,9.96
ATP,2010,36,London,Wimbledon,2010-06-26,Grand Slam,Outdoor,Grass,3rd Round,5,Benneteau J.,Fognini F.,40.0,80.0,1059.0,635.0,6.0,4.0,6.0,1.0,4.0,6.0,6.0,3.0,,,3.0,1.0,Completed,1.3,3.4,1.35,3.0,1.36,3.0,1.33,3.71,1.36,3.0,1.45,3.71,1.33,3.19
ATP,2010,36,London,Wimbledon,2010-06-26,Grand Slam,Outdoor,Grass,3rd Round,5,Tsonga J.W.,Kamke T.,10.0,126.0,3185.0,419.0,6.0,1.0,6.0,4.0,7.0,6.0,,,,,3.0,0.0,Completed,1.16,4.5,1.22,4.0,1.2,4.33,1.22,5.09,1.22,4.0,1.27,5.1,1.21,4.27
ATP,2010,36,London,Wimbledon,2010-06-26,Grand Slam,Outdoor,Grass,3rd Round,5,Querrey S.,Malisse X.,21.0,63.0,1775.0,751.0,6.0,7.0,6.0,4.0,6.0,2.0,5.0,7.0,9.0,7.0,3.0,2.0,Completed,1.33,3.25,1.35,3.0,1.33,3.25,1.39,3.32,1.33,3.25,1.41,3.4,1.35,3.1
ATP,2010,36,London,Wimbledon,2010-06-26,Grand Slam,Outdoor,Grass,3rd Round,3,Murray A.,Simon G.,4.0,32.0,5155.0,1305.0,6.0,1.0,6.0,4.0,6.0,4.0,,,,,3.0,0.0,Completed,1.05,9.0,1.08,6.75,1.08,7.0,1.07,11.5,1.07,8.0,1.12,11.77,1.07,8.11
ATP,2010,36,London,Wimbledon,2010-06-28,Grand Slam,Outdoor,Grass,4th Round,5,Federer R.,Melzer J.,2.0,16.0,8525.0,2125.0,6.0,3.0,6.0,2.0,6.0,3.0,,,,,3.0,0.0,Completed,1.06,8.0,1.11,6.0,1.07,7.5,1.12,7.83,1.11,6.5,1.13,9.0,1.09,7.26
ATP,2010,36,London,Wimbledon,2010-06-28,Grand Slam,Outdoor,Grass,4th Round,5,Tsonga J.W.,Benneteau J.,10.0,40.0,3185.0,1059.0,6.0,1.0,6.0,4.0,3.0,6.0,6.0,1.0,,,3.0,1.0,Completed,1.25,3.75,1.25,3.75,1.25,3.75,1.3,3.97,1.25,3.75,1.35,4.0,1.26,3.69
ATP,2010,36,London,Wimbledon,2010-06-28,Grand Slam,Outdoor,Grass,4th Round,5,Berdych T.,Brands D.,13.0,98.0,2825.0,543.0,4.0,6.0,7.0,6.0,7.0,5.0,6.0,3.0,,,3.0,1.0,Completed,1.08,7.0,1.12,5.75,1.13,5.5,1.13,7.43,1.13,6.0,1.13,7.5,1.11,6.09
ATP,2010,36,London,Wimbledon,2010-06-28,Grand Slam,Outdoor,Grass,4th Round,5,Djokovic N.,Hewitt L.,3.0,26.0,6545.0,1565.0,7.0,5.0,6.0,4.0,3.0,6.0,6.0,4.0,,,3.0,1.0,Completed,1.8,1.9,1.8,1.95,1.8,1.91,1.84,2.1,1.8,2.0,2.0,2.1,1.8,1.95
ATP,2010,36,London,Wimbledon,2010-06-28,Grand Slam,Outdoor,Grass,4th Round,5,Lu Y.H.,Roddick A.,82.0,7.0,626.0,4510.0,4.0,6.0,7.0,6.0,7.0,6.0,6.0,7.0,9.0,7.0,3.0,2.0,Completed,12.0,1.02,8.5,1.05,8.5,1.05,15.5,1.05,10.0,1.04,16.0,1.07,10.65,1.04
ATP,2010,36,London,Wimbledon,2010-06-28,Grand Slam,Outdoor,Grass,4th Round,5,Soderling R.,Ferrer D.,6.0,11.0,4755.0,3010.0,6.0,2.0,5.0,7.0,6.0,2.0,3.0,6.0,7.0,5.0,3.0,2.0,Completed,1.08,7.0,1.12,5.75,1.11,6.0,1.14,6.92,1.13,6.0,1.14,7.0,1.11,6.18
ATP,2010,36,London,Wimbledon,2010-06-28,Grand Slam,Outdoor,Grass,4th Round,5,Murray A.,Querrey S.,4.0,21.0,5155.0,1775.0,7.0,5.0,6.0,3.0,6.0,4.0,,,,,3.0,0.0,Completed,1.14,5.0,1.18,4.5,1.17,4.5,1.2,5.37,1.22,4.0,1.3,5.5,1.19,4.49
ATP,2010,36,London,Wimbledon,2010-06-28,Grand Slam,Outdoor,Grass,4th Round,5,Nadal R.,Mathieu P.H.,1.0,66.0,8745.0,740.0,6.0,4.0,6.0,2.0,6.0,2.0,,,,,3.0,0.0,Completed,1.08,7.0,1.12,5.75,1.1,6.5,1.17,6.16,1.13,6.0,1.2,7.5,1.12,5.97
ATP,2010,36,London,Wimbledon,2010-06-30,Grand Slam,Outdoor,Grass,Quarterfinals,5,Berdych T.,Federer R.,13.0,2.0,2825.0,8525.0,6.0,4.0,3.0,6.0,6.0,1.0,6.0,4.0,,,3.0,1.0,Completed,5.0,1.16,4.0,1.22,5.0,1.14,4.68,1.24,4.5,1.2,5.1,1.25,4.47,1.19
ATP,2010,36,London,Wimbledon,2010-06-30,Grand Slam,Outdoor,Grass,Quarterfinals,5,Djokovic N.,Lu Y.H.,3.0,82.0,6545.0,626.0,6.0,3.0,6.0,2.0,6.0,2.0,,,,,3.0,0.0,Completed,1.12,6.0,1.15,5.0,1.14,5.0,1.19,5.69,1.17,5.0,1.2,6.05,1.16,5.12
ATP,2010,36,London,Wimbledon,2010-06-30,Grand Slam,Outdoor,Grass,Quarterfinals,5,Nadal R.,Soderling R.,1.0,6.0,8745.0,4755.0,3.0,6.0,6.0,3.0,7.0,6.0,6.0,1.0,,,3.0,1.0,Completed,1.66,2.2,1.65,2.15,1.53,2.38,1.72,2.27,1.57,2.38,1.72,2.55,1.62,2.26
ATP,2010,36,London,Wimbledon,2010-06-30,Grand Slam,Outdoor,Grass,Quarterfinals,5,Murray A.,Tsonga J.W.,4.0,10.0,5155.0,3185.0,6.0,7.0,7.0,6.0,6.0,2.0,6.0,2.0,,,3.0,1.0,Completed,1.22,4.33,1.28,3.5,1.25,3.75,1.27,4.25,1.25,3.75,1.38,4.33,1.26,3.78
ATP,2010,36,London,Wimbledon,2010-07-02,Grand Slam,Outdoor,Grass,Semifinals,5,Berdych T.,Djokovic N.,13.0,3.0,2825.0,6545.0,6.0,3.0,7.0,6.0,6.0,3.0,,,,,3.0,0.0,Completed,2.0,1.8,1.9,1.85,2.0,1.73,2.01,1.92,2.0,1.8,2.1,1.91,1.96,1.82
ATP,2010,36,London,Wimbledon,2010-07-02,Grand Slam,Outdoor,Grass,Semifinals,5,Nadal R.,Murray A.,1.0,4.0,8745.0,5155.0,6.0,4.0,7.0,6.0,6.0,4.0,,,,,3.0,0.0,Completed,1.57,2.37,1.52,2.31,1.53,2.38,1.63,2.47,1.57,2.38,1.67,2.5,1.57,2.38
ATP,2010,36,London,Wimbledon,2010-07-04,Grand Slam,Outdoor,Grass,The Final,5,Nadal R.,Berdych T.,1.0,13.0,8745.0,2825.0,6.0,3.0,7.0,5.0,6.0,4.0,,,,,3.0,0.0,Completed,1.3,3.5,1.35,3.0,1.33,3.25,1.37,3.45,1.3,3.5,1.36,4.25,1.31,3.43
ATP,2010,49,New York,US Open,2010-08-30,Grand Slam,Outdoor,Hard,1st Round,5,Cilic M.,Marchenko I.,13.0,73.0,2855.0,690.0,7.0,5.0,6.0,3.0,6.0,1.0,,,,,3.0,0.0,Completed,1.12,5.5,1.17,4.65,1.14,5.0,1.18,5.71,1.2,4.0,1.2,6.1,1.16,4.93
ATP,2010,49,New York,US Open,2010-08-30,Grand Slam,Outdoor,Hard,1st Round,5,Davydenko N.,Russell M.,6.0,80.0,4285.0,654.0,6.0,4.0,6.0,1.0,6.0,3.0,,,,,3.0,0.0,Completed,1.06,8.0,1.09,6.75,1.11,6.0,1.11,8.36,1.07,7.0,1.13,9.1,1.09,7.0
ATP,2010,49,New York,US Open,2010-08-30,Grand Slam,Outdoor,Hard,1st Round,5,Ferrero J.C.,Klizan M.,24.0,293.0,1560.0,151.0,6.0,1.0,6.0,3.0,6.0,0.0,,,,,3.0,0.0,Completed,1.14,5.0,1.18,4.5,1.14,5.0,1.19,5.49,1.13,5.5,1.2,6.0,1.16,5.01
ATP,2010,49,New York,US Open,2010-08-30,Grand Slam,Outdoor,Hard,1st Round,5,Nishikori K.,Korolev E.,147.0,69.0,337.0,715.0,7.0,6.0,5.0,2.0,,,,,,,1.0,0.0,Retired,1.5,2.5,1.55,2.35,1.57,2.25,1.64,2.43,1.53,2.38,1.64,2.6,1.56,2.36
ATP,2010,49,New York,US Open,2010-08-30,Grand Slam,Outdoor,Hard,1st Round,5,Gasquet R.,Greul S.,38.0,84.0,1135.0,633.0,6.0,3.0,6.0,4.0,6.0,2.0,,,,,3.0,0.0,Completed,1.12,5.5,1.15,5.0,1.17,4.5,1.2,5.38,1.2,4.0,1.2,6.1,1.17,4.84
ATP,2010,49,New York,US Open,2010-08-30,Grand Slam,Outdoor,Hard,1st Round,5,De Bakker T.,Gicquel M.,48.0,170.0,972.0,284.0,6.0,4.0,7.0,5.0,6.0,2.0,,,,,3.0,0.0,Completed,1.2,4.33,1.25,3.75,1.29,3.5,1.26,4.41,1.25,3.5,1.29,4.55,1.24,3.86
ATP,2010,49,New York,US Open,2010-08-30,Grand Slam,Outdoor,Hard,1st Round,5,Mello R.,Phau B.,81.0,97.0,652.0,541.0,6.0,4.0,7.0,5.0,4.0,6.0,7.0,6.0,,,3.0,1.0,Completed,1.53,2.37,1.6,2.25,1.62,2.2,1.71,2.3,1.57,2.25,1.71,2.5,1.59,2.29
ATP,2010,49,New York,US Open,2010-08-30,Grand Slam,Outdoor,Hard,1st Round,5,Soderling R.,Haider-Maurer A.,5.0,214.0,4910.0,223.0,7.0,5.0,6.0,3.0,6.0,7.0,5.0,7.0,6.0,4.0,3.0,2.0,Completed,1.01,15.0,1.03,10.0,1.02,11.0,1.02,28.5,1.02,13.0,1.07,31.25,1.02,14.98
ATP,2010,49,New York,US Open,2010-08-30,Grand Slam,Outdoor,Hard,1st Round,5,Monfils G.,Kendrick R.,19.0,148.0,2070.0,334.0,3.0,6.0,6.0,3.0,6.0,4.0,6.0,7.0,6.0,4.0,3.0,2.0,Completed,1.25,3.75,1.3,3.3,1.29,3.5,1.34,3.69,1.33,3.0,1.36,4.1,1.3,3.4
ATP,2010,49,New York,US Open,2010-08-30,Grand Slam,Outdoor,Hard,1st Round,5,Andreev I.,Zeballos H.,121.0,61.0,440.0,795.0,6.0,3.0,4.0,6.0,7.0,6.0,6.0,3.0,,,3.0,1.0,Completed,1.44,2.62,1.55,2.35,1.53,2.38,1.51,2.81,1.57,2.25,1.57,2.82,1.5,2.51
ATP,2010,49,New York,US Open,2010-08-30,Grand Slam,Outdoor,Hard,1st Round,5,Dodig I.,Gonzalez F.,146.0,29.0,337.0,1340.0,6.0,7.0,6.0,1.0,1.0,0.0,,,,,1.0,1.0,Retired,2.62,1.44,2.35,1.55,2.38,1.53,2.76,1.52,2.38,1.53,2.76,1.59,2.46,1.52
ATP,2010,49,New York,US Open,2010-08-30,Grand Slam,Outdoor,Hard,1st Round,5,Melzer J.,Tursunov D.,15.0,481.0,2470.0,62.0,6.0,4.0,6.0,2.0,3.0,6.0,4.0,6.0,6.0,2.0,3.0,2.0,Completed,1.16,4.5,1.2,4.3,1.22,4.0,1.22,5.05,1.22,3.75,1.25,5.05,1.22,4.12
ATP,2010,49,New York,US Open,2010-08-30,Grand Slam,Outdoor,Hard,1st Round,5,Rufin G.,Mayer L.,206.0,79.0,239.0,672.0,2.0,6.0,7.0,6.0,7.0,6.0,6.0,1.0,,,3.0,1.0,Completed,3.0,1.36,2.8,1.4,2.75,1.4,3.14,1.43,3.0,1.33,3.37,1.44,2.9,1.39
ATP,2010,49,New York,US Open,2010-08-30,Grand Slam,Outdoor,Hard,1st Round,5,Ball C.,Raonic M.,145.0,247.0,346.0,185.0,6.0,7.0,6.0,3.0,6.0,3.0,6.0,2.0,,,3.0,1.0,Completed,2.0,1.72,1.95,1.8,1.91,1.8,2.15,1.8,1.83,1.83,2.15,1.85,1.97,1.78
ATP,2010,49,New York,US Open,2010-08-30,Grand Slam,Outdoor,Hard,1st Round,5,Roddick A.,Robert S.,9.0,78.0,3225.0,675.0,6.0,3.0,6.0,2.0,6.0,2.0,,,,,3.0,0.0,Completed,1.01,13.0,1.02,12.0,1.01,15.0,1.02,31.0,1.02,13.0,1.03,35.25,1.02,16.88
ATP,2010,49,New York,US Open,2010-08-30,Grand Slam,Outdoor,Hard,1st Round,5,Berankis R.,Sweeting R.,124.0,113.0,428.0,478.0,6.0,4.0,6.0,7.0,6.0,3.0,6.0,2.0,,,3.0,1.0,Completed,1.61,2.2,1.72,2.05,1.62,2.2,1.83,2.11,1.62,2.2,1.83,2.25,1.67,2.13
ATP,2010,49,New York,US Open,2010-08-30,Grand Slam,Outdoor,Hard,1st Round,5,Montanes A.,Przysiezny M.,23.0,90.0,1600.0,602.0,5.0,7.0,1.0,6.0,7.0,5.0,7.0,6.0,6.0,0.0,3.0,2.0,Completed,1.36,3.0,1.35,3.05,1.36,3.0,1.44,3.06,1.33,3.0,1.44,3.25,1.37,2.96
ATP,2010,49,New York,US Open,2010-08-30,Grand Slam,Outdoor,Hard,1st Round,5,Tipsarevic J.,Rochus O.,44.0,74.0,1020.0,685.0,4.0,6.0,7.0,5.0,7.0,6.0,6.0,2.0,,,3.0,1.0,Completed,1.5,2.5,1.5,2.45,1.5,2.5,1.57,2.6,1.5,2.5,1.61,2.73,1.52,2.47
ATP,2010,49,New York,US Open,2010-08-30,Grand Slam,Outdoor,Hard,1st Round,5,Dent T.,Falla A.,72.0,65.0,699.0,780.0,6.0,4.0,7.0,5.0,6.0,1.0,,,,,3.0,0.0,Completed,1.83,1.83,1.84,1.9,1.8,1.91,1.93,2.0,1.8,1.91,1.93,2.02,1.83,1.91
ATP,2010,49,New York,US Open,2010-08-30,Grand Slam,Outdoor,Hard,1st Round,5,Anderson K.,Devvarman S.,77.0,98.0,677.0,538.0,6.0,3.0,6.0,4.0,6.0,3.0,,,,,3.0,0.0,Completed,1.36,3.0,1.35,3.0,1.36,3.0,1.38,3.39,1.33,3.0,1.42,3.4,1.36,3.01
ATP,2010,49,New York,US Open,2010-08-30,Grand Slam,Outdoor,Hard,1st Round,5,Beck A.,Berrer M.,104.0,49.0,506.0,942.0,7.0,6.0,6.0,3.0,6.0,1.0,,,,,3.0,0.0,Completed,2.5,1.5,2.35,1.55,2.5,1.5,2.72,1.53,2.5,1.5,2.72,1.62,2.42,1.54
ATP,2010,49,New York,US Open,2010-08-30,Grand Slam,Outdoor,Hard,1st Round,5,Mathieu P.H.,Hewitt L.,109.0,34.0,494.0,1215.0,6.0,3.0,6.0,4.0,5.0,7.0,4.0,6.0,6.0,1.0,3.0,2.0,Completed,4.0,1.22,3.75,1.25,4.0,1.22,5.09,1.22,3.75,1.22,5.09,1.28,3.97,1.23
ATP,2010,49,New York,US Open,2010-08-30,Grand Slam,Outdoor,Hard,1st Round,5,Bellucci T.,Smyczek T.,28.0,186.0,1480.0,269.0,6.0,3.0,7.0,5.0,7.0,6.0,,,,,3.0,0.0,Completed,1.33,3.25,1.35,3.0,1.36,3.0,1.3,3.97,1.33,3.0,1.38,3.97,1.32,3.3
ATP,2010,49,New York,US Open,2010-08-31,Grand Slam,Outdoor,Hard,1st Round,5,Federer R.,Dabul B.,2.0,96.0,7215.0,577.0,6.0,1.0,6.0,4.0,6.0,2.0,,,,,3.0,0.0,Completed,1.005,21.0,1.01,15.0,1.01,21.0,1.01,41.0,1.01,15.0,1.01,51.5,1.01,24.15
ATP,2010,49,New York,US Open,2010-08-31,Grand Slam,Outdoor,Hard,1st Round,5,Clement A.,Baghdatis M.,68.0,18.0,716.0,2095.0,6.0,3.0,2.0,6.0,1.0,6.0,6.0,4.0,7.0,5.0,3.0,2.0,Completed,7.5,1.07,7.0,1.08,7.0,1.08,10.75,1.08,7.0,1.07,11.35,1.1,8.17,1.07
ATP,2010,49,New York,US Open,2010-08-31,Grand Slam,Outdoor,Hard,1st Round,5,Gimeno-Traver D.,Nieminen J.,59.0,58.0,828.0,830.0,7.0,6.0,6.0,4.0,6.0,3.0,,,,,3.0,0.0,Completed,3.0,1.36,2.8,1.4,2.75,1.4,2.99,1.46,2.75,1.4,3.1,1.46,2.84,1.4
ATP,2010,49,New York,US Open,2010-08-31,Grand Slam,Outdoor,Hard,1st Round,5,Paire B.,Schuettler R.,163.0,91.0,294.0,588.0,6.0,3.0,6.0,3.0,4.0,6.0,3.0,6.0,7.0,6.0,3.0,2.0,Completed,2.5,1.5,2.5,1.5,2.5,1.5,2.52,1.61,2.5,1.5,2.75,1.61,2.47,1.52
ATP,2010,49,New York,US Open,2010-08-31,Grand Slam,Outdoor,Hard,1st Round,5,Chardy J.,Gulbis E.,64.0,26.0,785.0,1515.0,6.0,2.0,7.0,6.0,6.0,4.0,,,,,3.0,0.0,Completed,3.0,1.36,2.8,1.4,2.75,1.4,3.38,1.38,2.75,1.4,3.4,1.43,2.97,1.37
ATP,2010,49,New York,US Open,2010-08-31,Grand Slam,Outdoor,Hard,1st Round,5,Cuevas P.,Silva J.,88.0,228.0,615.0,210.0,7.0,6.0,6.0,1.0,6.0,2.0,,,,,3.0,0.0,Completed,1.72,2.0,1.8,1.95,1.73,2.0,1.85,2.09,1.83,1.83,1.9,2.2,1.8,1.95
ATP,2010,49,New York,US Open,2010-08-31,Grand Slam,Outdoor,Hard,1st Round,5,Lopez F.,Giraldo S.,25.0,60.0,1515.0,818.0,6.0,4.0,6.0,4.0,6.0,4.0,,,,,3.0,0.0,Completed,1.44,2.62,1.45,2.65,1.44,2.63,1.57,2.61,1.4,2.75,1.6,2.85,1.48,2.58
ATP,2010,49,New York,US Open,2010-08-31,Grand Slam,Outdoor,Hard,1st Round,5,Petzschner P.,Lojda D.,52.0,169.0,910.0,285.0,6.0,3.0,6.0,1.0,6.0,1.0,,,,,3.0,0.0,Completed,1.3,3.4,1.33,3.1,1.33,3.25,1.36,3.49,1.29,3.25,1.36,3.65,1.31,3.29
ATP,2010,49,New York,US Open,2010-08-31,Grand Slam,Outdoor,Hard,1st Round,5,Fish M.,Hajek J.,21.0,82.0,1751.0,644.0,6.0,0.0,3.0,6.0,4.0,6.0,6.0,0.0,6.0,1.0,3.0,2.0,Completed,1.01,13.0,1.03,10.0,1.02,11.0,1.03,19.0,1.03,10.0,1.04,21.0,1.03,12.84
ATP,2010,49,New York,US Open,2010-08-31,Grand Slam,Outdoor,Hard,1st Round,5,Schwank E.,Ginepri R.,57.0,102.0,833.0,513.0,6.0,4.0,7.0,6.0,4.0,6.0,6.0,3.0,,,3.0,1.0,Completed,4.0,1.22,3.75,1.25,3.5,1.29,4.2,1.28,3.5,1.25,4.5,1.3,3.69,1.26
ATP,2010,49,New York,US Open,2010-08-31,Grand Slam,Outdoor,Hard,1st Round,5,Djokovic N.,Troicki V.,3.0,47.0,6665.0,980.0,6.0,3.0,3.0,6.0,2.0,6.0,7.0,5.0,6.0,3.0,3.0,2.0,Completed,1.08,7.0,1.08,7.0,1.11,6.0,1.14,7.09,1.13,5.5,1.14,8.5,1.1,6.64
ATP,2010,49,New York,US Open,2010-08-31,Grand Slam,Outdoor,Hard,1st Round,5,Robredo T.,Rosol L.,41.0,172.0,1075.0,282.0,6.0,4.0,6.0,3.0,6.0,1.0,,,,,3.0,0.0,Completed,1.2,4.33,1.22,4.0,1.17,4.5,1.27,4.36,1.22,3.75,1.27,4.6,1.21,4.13
ATP,2010,49,New York,US Open,2010-08-31,Grand Slam,Outdoor,Hard,1st Round,5,Mannarino A.,Riba P.,152.0,76.0,326.0,678.0,3.0,6.0,6.0,1.0,6.0,4.0,4.0,6.0,7.0,6.0,3.0,2.0,Completed,1.14,5.0,1.2,4.25,1.22,4.0,1.2,5.29,1.2,4.0,1.25,5.3,1.19,4.46
ATP,2010,49,New York,US Open,2010-08-31,Grand Slam,Outdoor,Hard,1st Round,5,Benneteau J.,Stepanek R.,37.0,30.0,1135.0,1320.0,6.0,4.0,6.0,2.0,4.0,6.0,6.0,4.0,,,3.0,1.0,Completed,1.53,2.37,1.6,2.25,1.62,2.2,1.61,2.5,1.53,2.38,1.72,2.5,1.59,2.28
ATP,2010,49,New York,US Open,2010-08-31,Grand Slam,Outdoor,Hard,1st Round,5,Polansky P.,Monaco J.,205.0,32.0,240.0,1235.0,6.0,2.0,7.0,6.0,6.0,3.0,,,,,3.0,0.0,Completed,2.37,1.53,2.15,1.65,2.1,1.67,2.46,1.63,2.38,1.53,2.46,1.75,2.24,1.61
ATP,2010,49,New York,US Open,2010-08-31,Grand Slam,Outdoor,Hard,1st Round,5,Verdasco F.,Fognini F.,8.0,86.0,3330.0,626.0,1.0,6.0,7.0,5.0,6.0,1.0,4.0,6.0,6.0,3.0,3.0,2.0,Completed,1.1,6.5,1.12,5.5,1.14,5.0,1.11,8.29,1.13,5.5,1.14,8.29,1.12,6.11
ATP,2010,49,New York,US Open,2010-08-31,Grand Slam,Outdoor,Hard,1st Round,5,Becker B.,Brands D.,70.0,75.0,702.0,678.0,7.0,6.0,7.0,6.0,6.0,4.0,,,,,3.0,0.0,Completed,1.44,2.62,1.45,2.6,1.5,2.5,1.58,2.57,1.44,2.63,1.58,2.8,1.48,2.57
ATP,2010,49,New York,US Open,2010-08-31,Grand Slam,Outdoor,Hard,1st Round,5,Ferrer D.,Dolgopolov O.,12.0,45.0,3065.0,997.0,6.0,2.0,6.0,2.0,6.0,3.0,,,,,3.0,0.0,Completed,1.12,5.5,1.2,4.2,1.22,4.0,1.26,4.43,1.17,5.0,1.3,5.5,1.19,4.35
ATP,2010,49,New York,US Open,2010-08-31,Grand Slam,Outdoor,Hard,1st Round,5,Blake J.,Vliegen K.,108.0,321.0,495.0,129.0,6.0,3.0,6.0,2.0,6.0,4.0,,,,,3.0,0.0,Completed,1.33,3.25,1.35,3.0,1.36,3.0,1.4,3.26,1.36,2.88,1.5,3.3,1.37,3.0
ATP,2010,49,New York,US Open,2010-08-31,Grand Slam,Outdoor,Hard,1st Round,5,Nalbandian D.,De Voest R.,33.0,231.0,1235.0,202.0,7.0,6.0,3.0,6.0,6.0,4.0,6.0,7.0,6.0,4.0,3.0,2.0,Completed,1.01,13.0,1.04,9.0,1.03,10.0,1.03,21.0,1.01,13.0,1.05,24.0,1.03,12.85
ATP,2010,49,New York,US Open,2010-08-31,Grand Slam,Outdoor,Hard,1st Round,5,Serra F.,Mayer F.,66.0,46.0,751.0,995.0,7.0,5.0,6.0,2.0,6.0,0.0,,,,,3.0,0.0,Completed,3.5,1.28,3.3,1.3,3.4,1.3,3.47,1.37,3.25,1.29,3.6,1.37,3.34,1.31
ATP,2010,49,New York,US Open,2010-08-31,Grand Slam,Outdoor,Hard,1st Round,5,Istomin D.,Gonzalez M.,39.0,191.0,1096.0,263.0,7.0,5.0,7.0,5.0,6.0,1.0,,,,,3.0,0.0,Completed,1.12,5.5,1.15,5.0,1.17,4.5,1.15,6.61,1.17,4.5,1.18,6.61,1.14,5.24
ATP,2010,49,New York,US Open,2010-09-01,Grand Slam,Outdoor,Hard,1st Round,5,Nadal R.,Gabashvili T.,1.0,93.0,10745.0,585.0,7.0,6.0,7.0,6.0,6.0,3.0,,,,,3.0,0.0,Completed,1.005,21.0,1.02,12.0,1.01,17.0,1.02,31.0,1.02,13.0,1.02,34.0,1.01,18.78
ATP,2010,49,New York,US Open,2010-09-01,Grand Slam,Outdoor,Hard,1st Round,5,Querrey S.,Klahn B.,22.0,596.0,1705.0,36.0,6.0,3.0,4.0,6.0,7.0,5.0,6.0,4.0,,,3.0,1.0,Completed,1.01,13.0,1.03,10.0,1.03,10.0,1.03,21.0,1.02,13.0,1.03,23.5,1.02,14.16
ATP,2010,49,New York,US Open,2010-09-01,Grand Slam,Outdoor,Hard,1st Round,5,Granollers M.,Seppi A.,94.0,56.0,583.0,835.0,2.0,6.0,5.0,7.0,6.0,3.0,6.0,2.0,6.0,3.0,3.0,2.0,Completed,3.25,1.33,3.1,1.33,3.0,1.36,3.32,1.39,2.88,1.36,3.4,1.44,3.08,1.35
ATP,2010,49,New York,US Open,2010-09-01,Grand Slam,Outdoor,Hard,1st Round,5,Brown D.,Ramirez-Hidalgo R.,123.0,92.0,429.0,587.0,6.0,4.0,7.0,6.0,7.0,5.0,,,,,3.0,0.0,Completed,1.5,2.5,1.55,2.35,1.53,2.38,1.65,2.42,1.57,2.25,1.65,2.6,1.55,2.38
ATP,2010,49,New York,US Open,2010-09-01,Grand Slam,Outdoor,Hard,1st Round,5,Harrison R.,Ljubicic I.,220.0,17.0,214.0,2120.0,6.0,3.0,6.0,7.0,6.0,3.0,6.0,4.0,,,3.0,1.0,Completed,3.25,1.33,2.8,1.4,3.25,1.33,3.18,1.42,3.0,1.33,3.4,1.42,3.11,1.35
ATP,2010,49,New York,US Open,2010-09-01,Grand Slam,Outdoor,Hard,1st Round,5,Garcia-Lopez G.,Kubot L.,53.0,62.0,900.0,788.0,6.0,3.0,6.0,2.0,7.0,6.0,,,,,3.0,0.0,Completed,2.0,1.72,2.05,1.72,2.1,1.67,2.19,1.78,2.0,1.73,2.2,1.91,2.04,1.73
ATP,2010,49,New York,US Open,2010-09-01,Grand Slam,Outdoor,Hard,1st Round,5,Stakhovsky S.,Luczak P.,36.0,118.0,1183.0,449.0,6.0,7.0,7.0,5.0,6.0,4.0,6.0,2.0,,,3.0,1.0,Completed,1.25,3.75,1.33,3.1,1.29,3.5,1.32,3.79,1.29,3.25,1.36,3.79,1.3,3.38
ATP,2010,49,New York,US Open,2010-09-01,Grand Slam,Outdoor,Hard,1st Round,5,Almagro N.,Starace P.,16.0,55.0,2150.0,870.0,4.0,6.0,6.0,4.0,6.0,4.0,7.0,6.0,,,3.0,1.0,Completed,1.16,4.5,1.16,4.75,1.2,4.33,1.19,5.53,1.17,4.5,1.22,5.75,1.18,4.66
ATP,2010,49,New York,US Open,2010-09-01,Grand Slam,Outdoor,Hard,1st Round,5,Hanescu V.,Berlocq C.,54.0,101.0,870.0,528.0,6.0,2.0,6.0,4.0,6.0,3.0,,,,,3.0,0.0,Completed,1.14,5.0,1.16,4.75,1.17,4.5,1.21,5.17,1.17,4.5,1.21,5.2,1.18,4.63
ATP,2010,49,New York,US Open,2010-09-01,Grand Slam,Outdoor,Hard,1st Round,5,Llodra M.,Berdych T.,35.0,7.0,1185.0,3860.0,7.0,6.0,6.0,4.0,6.0,4.0,,,,,3.0,0.0,Completed,6.0,1.11,4.75,1.16,5.0,1.14,6.08,1.17,6.0,1.1,6.5,1.18,5.35,1.14
ATP,2010,49,New York,US Open,2010-09-01,Grand Slam,Outdoor,Hard,1st Round,5,Murray A.,Lacko L.,4.0,71.0,5125.0,701.0,6.0,3.0,6.0,2.0,6.0,2.0,,,,,3.0,0.0,Completed,1.01,13.0,1.03,10.0,1.01,17.0,1.03,21.0,1.02,13.0,1.04,24.4,1.02,15.03
ATP,2010,49,New York,US Open,2010-09-01,Grand Slam,Outdoor,Hard,1st Round,5,Chela J.I.,Lu Y.H.,51.0,43.0,914.0,1043.0,6.0,4.0,4.0,6.0,6.0,3.0,6.0,3.0,,,3.0,1.0,Completed,1.66,2.1,1.65,2.15,1.73,2.0,1.69,2.33,1.73,2.0,1.8,2.33,1.7,2.08
ATP,2010,49,New York,US Open,2010-09-01,Grand Slam,Outdoor,Hard,1st Round,5,Wawrinka S.,Kukushkin M.,27.0,85.0,1510.0,632.0,6.0,3.0,6.0,2.0,6.0,2.0,,,,,3.0,0.0,Completed,1.2,4.33,1.25,3.75,1.25,3.75,1.28,4.2,1.22,3.75,1.29,4.55,1.24,3.85
ATP,2010,49,New York,US Open,2010-09-01,Grand Slam,Outdoor,Hard,1st Round,5,Simon G.,Young D.,42.0,100.0,1055.0,537.0,6.0,1.0,6.0,4.0,6.0,2.0,,,,,3.0,0.0,Completed,1.2,4.33,1.25,3.75,1.25,3.75,1.22,5.05,1.22,3.75,1.27,5.05,1.23,4.03
ATP,2010,49,New York,US Open,2010-09-01,Grand Slam,Outdoor,Hard,1st Round,5,Kohlschreiber P.,Kamke T.,31.0,89.0,1315.0,607.0,6.0,2.0,4.0,6.0,6.0,2.0,6.0,4.0,,,3.0,1.0,Completed,1.12,5.5,1.18,4.5,1.17,4.5,1.17,5.96,1.14,5.0,1.2,6.5,1.16,4.96
ATP,2010,49,New York,US Open,2010-09-01,Grand Slam,Outdoor,Hard,1st Round,5,Youzhny M.,Golubev A.,14.0,40.0,2620.0,1080.0,6.0,2.0,6.0,3.0,6.0,3.0,,,,,3.0,0.0,Completed,1.25,3.75,1.3,3.3,1.33,3.25,1.34,3.62,1.29,3.25,1.34,3.85,1.3,3.38
ATP,2010,49,New York,US Open,2010-09-01,Grand Slam,Outdoor,Hard,1st Round,5,Chiudinelli M.,Sock J.,63.0,651.0,787.0,30.0,6.0,1.0,6.0,4.0,1.0,6.0,6.0,1.0,,,3.0,1.0,Completed,1.08,7.0,1.1,6.5,1.11,6.0,1.12,7.69,1.1,6.0,1.13,8.0,1.09,6.75
ATP,2010,49,New York,US Open,2010-09-01,Grand Slam,Outdoor,Hard,1st Round,5,Sela D.,Malisse X.,95.0,50.0,583.0,933.0,7.0,6.0,7.0,5.0,6.0,2.0,,,,,3.0,0.0,Completed,2.25,1.57,2.25,1.6,2.1,1.67,2.16,1.79,2.1,1.67,2.3,1.8,2.14,1.66
ATP,2010,49,New York,US Open,2010-09-01,Grand Slam,Outdoor,Hard,1st Round,5,Isner J.,Gil F.,20.0,87.0,1805.0,624.0,6.0,4.0,6.0,3.0,6.0,4.0,,,,,3.0,0.0,Completed,1.16,4.5,1.25,3.75,1.2,4.33,1.22,4.99,1.17,4.5,1.25,5.0,1.19,4.43
ATP,2010,49,New York,US Open,2010-09-01,Grand Slam,Outdoor,Hard,2nd Round,5,Monfils G.,Andreev I.,19.0,121.0,2070.0,440.0,6.0,3.0,6.0,4.0,6.0,3.0,,,,,3.0,0.0,Completed,1.44,2.62,1.55,2.35,1.53,2.38,1.57,2.61,1.5,2.5,1.57,3.0,1.5,2.5
ATP,2010,49,New York,US Open,2010-09-02,Grand Slam,Outdoor,Hard,2nd Round,5,Tipsarevic J.,Roddick A.,44.0,9.0,1020.0,3225.0,3.0,6.0,7.0,5.0,6.0,3.0,7.0,6.0,,,3.0,1.0,Completed,5.0,1.14,4.5,1.18,4.5,1.17,5.58,1.19,4.5,1.17,5.6,1.21,4.77,1.17
ATP,2010,49,New York,US Open,2010-09-02,Grand Slam,Outdoor,Hard,2nd Round,5,Fish M.,Cuevas P.,21.0,88.0,1751.0,615.0,7.0,5.0,6.0,0.0,6.0,2.0,,,,,3.0,0.0,Completed,1.06,8.0,1.1,6.5,1.08,7.0,1.09,9.85,1.1,6.0,1.1,10.0,1.08,7.63
ATP,2010,49,New York,US Open,2010-09-02,Grand Slam,Outdoor,Hard,2nd Round,5,Montanes A.,Ball C.,23.0,145.0,1600.0,346.0,6.0,4.0,6.0,3.0,6.0,1.0,,,,,3.0,0.0,Completed,1.83,1.83,2.0,1.75,1.91,1.8,2.02,1.91,2.0,1.73,2.1,2.0,1.93,1.81
ATP,2010,49,New York,US Open,2010-09-02,Grand Slam,Outdoor,Hard,2nd Round,5,Nishikori K.,Cilic M.,147.0,13.0,337.0,2855.0,5.0,7.0,7.0,6.0,3.0,6.0,7.0,6.0,6.0,1.0,3.0,2.0,Completed,4.33,1.2,3.45,1.28,4.0,1.22,4.3,1.27,3.25,1.29,4.55,1.3,3.81,1.25
ATP,2010,49,New York,US Open,2010-09-02,Grand Slam,Outdoor,Hard,2nd Round,5,Clement A.,Schwank E.,68.0,57.0,716.0,833.0,6.0,3.0,5.0,5.0,,,,,,,1.0,0.0,Retired,1.83,1.83,1.95,1.8,1.83,1.83,2.17,1.79,1.73,2.0,2.17,2.0,1.86,1.88
ATP,2010,49,New York,US Open,2010-09-02,Grand Slam,Outdoor,Hard,2nd Round,5,Gasquet R.,Davydenko N.,38.0,6.0,1135.0,4285.0,6.0,3.0,6.0,4.0,6.0,2.0,,,,,3.0,0.0,Completed,3.0,1.36,3.0,1.35,3.0,1.36,2.99,1.46,2.88,1.36,3.2,1.46,3.0,1.37
ATP,2010,49,New York,US Open,2010-09-02,Grand Slam,Outdoor,Hard,2nd Round,5,Mathieu P.H.,Rufin G.,109.0,206.0,494.0,239.0,7.0,6.0,6.0,4.0,6.0,3.0,,,,,3.0,0.0,Completed,1.25,3.75,1.25,3.75,1.3,3.4,1.32,3.84,1.25,3.5,1.32,4.15,1.28,3.5
ATP,2010,49,New York,US Open,2010-09-02,Grand Slam,Outdoor,Hard,2nd Round,5,Federer R.,Beck A.,2.0,104.0,7215.0,506.0,6.0,3.0,6.0,4.0,6.0,3.0,,,,,3.0,0.0,Completed,1.005,21.0,1.02,12.0,1.01,17.0,1.02,41.0,1.01,19.0,1.02,46.0,1.01,19.97
ATP,2010,49,New York,US Open,2010-09-02,Grand Slam,Outdoor,Hard,2nd Round,5,De Bakker T.,Dodig I.,48.0,146.0,972.0,337.0,6.0,7.0,6.0,2.0,6.0,3.0,3.0,2.0,,,2.0,1.0,Retired,1.16,4.5,1.22,4.0,1.25,3.75,1.28,4.18,1.22,3.75,1.28,4.5,1.23,4.0
ATP,2010,49,New York,US Open,2010-09-02,Grand Slam,Outdoor,Hard,2nd Round,5,Melzer J.,Berankis R.,15.0,124.0,2470.0,428.0,6.0,4.0,6.0,7.0,6.0,3.0,1.0,6.0,7.0,5.0,3.0,2.0,Completed,1.38,2.87,1.4,2.8,1.4,2.75,1.44,3.07,1.4,2.75,1.48,3.25,1.4,2.86
ATP,2010,49,New York,US Open,2010-09-02,Grand Slam,Outdoor,Hard,2nd Round,5,Soderling R.,Dent T.,5.0,72.0,4910.0,699.0,6.0,2.0,6.0,2.0,6.0,4.0,,,,,3.0,0.0,Completed,1.12,5.5,1.16,4.75,1.14,5.0,1.16,6.36,1.17,4.5,1.2,7.0,1.15,5.19
ATP,2010,49,New York,US Open,2010-09-02,Grand Slam,Outdoor,Hard,2nd Round,5,Blake J.,Polansky P.,108.0,205.0,495.0,240.0,6.0,7.0,6.0,3.0,6.0,2.0,6.0,4.0,,,3.0,1.0,Completed,1.53,2.37,1.6,2.25,1.57,2.25,1.7,2.31,1.53,2.38,1.7,2.5,1.6,2.28
ATP,2010,49,New York,US Open,2010-09-02,Grand Slam,Outdoor,Hard,2nd Round,5,Ferrero J.C.,Mello R.,24.0,81.0,1560.0,652.0,6.0,1.0,6.0,4.0,6.0,4.0,,,,,3.0,0.0,Completed,1.14,5.0,1.2,4.25,1.17,4.5,1.24,4.72,1.17,4.5,1.24,5.55,1.18,4.51
ATP,2010,49,New York,US Open,2010-09-02,Grand Slam,Outdoor,Hard,2nd Round,5,Anderson K.,Bellucci T.,77.0,28.0,677.0,1480.0,6.0,7.0,6.0,4.0,5.0,7.0,6.0,4.0,7.0,6.0,3.0,2.0,Completed,1.53,2.37,1.6,2.25,1.62,2.2,1.57,2.6,1.53,2.38,1.75,2.7,1.57,2.34
ATP,2010,49,New York,US Open,2010-09-03,Grand Slam,Outdoor,Hard,2nd Round,5,Djokovic N.,Petzschner P.,3.0,52.0,6665.0,910.0,7.0,5.0,6.0,3.0,7.0,6.0,,,,,3.0,0.0,Completed,1.1,6.5,1.12,5.65,1.13,5.5,1.14,7.18,1.14,5.0,1.17,7.2,1.12,5.96
ATP,2010,49,New York,US Open,2010-09-03,Grand Slam,Outdoor,Hard,2nd Round,5,Robredo T.,Benneteau J.,41.0,37.0,1075.0,1135.0,6.0,4.0,6.0,6.0,,,,,,,1.0,0.0,Retired,2.2,1.61,2.15,1.65,2.1,1.67,2.27,1.72,2.1,1.67,2.35,1.74,2.16,1.66
ATP,2010,49,New York,US Open,2010-09-03,Grand Slam,Outdoor,Hard,2nd Round,5,Llodra M.,Hanescu V.,35.0,54.0,1185.0,870.0,7.0,6.0,6.0,4.0,6.0,2.0,,,,,3.0,0.0,Completed,1.4,2.75,1.4,2.8,1.4,2.75,1.5,2.84,1.4,2.75,1.5,3.05,1.42,2.76
ATP,2010,49,New York,US Open,2010-09-03,Grand Slam,Outdoor,Hard,2nd Round,5,Stakhovsky S.,Harrison R.,36.0,220.0,1183.0,214.0,6.0,3.0,5.0,7.0,3.0,6.0,6.0,3.0,7.0,6.0,3.0,2.0,Completed,1.28,3.5,1.35,3.0,1.33,3.25,1.36,3.54,1.36,2.88,1.38,3.64,1.33,3.19
ATP,2010,49,New York,US Open,2010-09-03,Grand Slam,Outdoor,Hard,2nd Round,5,Lopez F.,Paire B.,25.0,163.0,1515.0,294.0,6.0,4.0,6.0,7.0,5.0,7.0,7.0,6.0,6.0,2.0,3.0,2.0,Completed,1.25,3.75,1.3,3.3,1.25,3.75,1.33,3.74,1.25,3.5,1.33,4.03,1.27,3.58
ATP,2010,49,New York,US Open,2010-09-03,Grand Slam,Outdoor,Hard,2nd Round,5,Isner J.,Chiudinelli M.,20.0,63.0,1805.0,787.0,6.0,3.0,3.0,6.0,7.0,6.0,6.0,4.0,,,3.0,1.0,Completed,1.12,5.5,1.18,4.5,1.17,4.5,1.17,6.11,1.14,5.0,1.2,6.11,1.16,4.94
ATP,2010,49,New York,US Open,2010-09-03,Grand Slam,Outdoor,Hard,2nd Round,5,Youzhny M.,Sela D.,14.0,95.0,2620.0,583.0,6.0,1.0,6.0,3.0,4.0,6.0,6.0,3.0,,,3.0,1.0,Completed,1.28,3.5,1.3,3.3,1.33,3.25,1.33,3.74,1.36,2.88,1.36,3.85,1.31,3.37
ATP,2010,49,New York,US Open,2010-09-03,Grand Slam,Outdoor,Hard,2nd Round,5,Ferrer D.,Becker B.,12.0,70.0,3065.0,702.0,6.0,3.0,6.0,4.0,6.0,4.0,,,,,3.0,0.0,Completed,1.12,5.5,1.18,4.5,1.17,4.5,1.17,6.0,1.2,4.0,1.2,6.2,1.16,4.93
ATP,2010,49,New York,US Open,2010-09-03,Grand Slam,Outdoor,Hard,2nd Round,5,Gimeno-Traver D.,Chardy J.,59.0,64.0,828.0,785.0,4.0,6.0,6.0,2.0,6.0,0.0,7.0,6.0,,,3.0,1.0,Completed,4.0,1.22,3.75,1.25,3.75,1.25,4.05,1.29,3.25,1.29,4.33,1.31,3.7,1.26
ATP,2010,49,New York,US Open,2010-09-03,Grand Slam,Outdoor,Hard,2nd Round,5,Murray A.,Brown D.,4.0,123.0,5125.0,429.0,7.0,5.0,6.0,3.0,6.0,0.0,,,,,3.0,0.0,Completed,1.005,21.0,1.01,15.0,1.01,17.0,1.02,41.0,1.01,21.0,1.02,41.0,1.01,19.48
ATP,2010,49,New York,US Open,2010-09-03,Grand Slam,Outdoor,Hard,2nd Round,5,Verdasco F.,Mannarino A.,8.0,152.0,3330.0,326.0,6.0,1.0,6.0,2.0,6.0,2.0,,,,,3.0,0.0,Completed,1.11,6.0,1.15,5.0,1.17,4.5,1.19,5.53,1.17,4.5,1.19,6.1,1.15,4.99
ATP,2010,49,New York,US Open,2010-09-03,Grand Slam,Outdoor,Hard,2nd Round,5,Wawrinka S.,Chela J.I.,27.0,51.0,1510.0,914.0,7.0,5.0,6.0,3.0,6.0,4.0,,,,,3.0,0.0,Completed,1.22,4.0,1.25,3.75,1.29,3.5,1.26,4.39,1.29,3.25,1.3,4.39,1.26,3.7
ATP,2010,49,New York,US Open,2010-09-03,Grand Slam,Outdoor,Hard,2nd Round,5,Nalbandian D.,Serra F.,33.0,66.0,1235.0,751.0,7.0,5.0,6.0,4.0,6.0,2.0,,,,,3.0,0.0,Completed,1.12,5.5,1.18,4.5,1.17,4.5,1.16,6.46,1.17,4.5,1.29,6.46,1.17,4.94
ATP,2010,49,New York,US Open,2010-09-03,Grand Slam,Outdoor,Hard,2nd Round,5,Querrey S.,Granollers M.,22.0,94.0,1705.0,583.0,6.0,2.0,6.0,3.0,6.0,4.0,,,,,3.0,0.0,Completed,1.12,5.5,1.18,4.5,1.17,4.5,1.15,6.73,1.17,5.0,1.18,6.73,1.15,5.25
ATP,2010,49,New York,US Open,2010-09-03,Grand Slam,Outdoor,Hard,2nd Round,5,Simon G.,Kohlschreiber P.,42.0,31.0,1055.0,1315.0,4.0,6.0,6.0,3.0,1.0,6.0,6.0,1.0,6.0,3.0,3.0,2.0,Completed,1.61,2.2,1.75,2.0,1.73,2.0,1.69,2.33,1.73,2.0,1.97,2.33,1.71,2.08
ATP,2010,49,New York,US Open,2010-09-03,Grand Slam,Outdoor,Hard,2nd Round,5,Almagro N.,Garcia-Lopez G.,16.0,53.0,2150.0,900.0,6.0,3.0,7.0,6.0,4.0,6.0,7.0,6.0,,,3.0,1.0,Completed,1.5,2.5,1.55,2.35,1.53,2.38,1.56,2.62,1.53,2.38,1.67,2.62,1.56,2.39
ATP,2010,49,New York,US Open,2010-09-04,Grand Slam,Outdoor,Hard,2nd Round,5,Nadal R.,Istomin D.,1.0,39.0,10745.0,1096.0,6.0,2.0,7.0,6.0,7.0,5.0,,,,,3.0,0.0,Completed,1.05,9.0,1.08,7.0,1.05,8.5,1.07,11.25,1.05,8.0,1.08,11.25,1.06,8.91
ATP,2010,49,New York,US Open,2010-09-04,Grand Slam,Outdoor,Hard,3rd Round,5,Soderling R.,De Bakker T.,5.0,48.0,4910.0,972.0,6.0,2.0,6.0,3.0,6.0,3.0,,,,,3.0,0.0,Completed,1.12,5.5,1.18,4.5,1.17,4.5,1.2,5.35,1.17,4.5,1.2,6.0,1.16,4.91
ATP,2010,49,New York,US Open,2010-09-04,Grand Slam,Outdoor,Hard,3rd Round,5,Monfils G.,Tipsarevic J.,19.0,44.0,2070.0,1020.0,7.0,6.0,6.0,7.0,6.0,2.0,6.0,4.0,,,3.0,1.0,Completed,2.1,1.66,1.95,1.8,2.0,1.73,2.09,1.85,2.1,1.67,2.17,1.85,2.05,1.73
ATP,2010,49,New York,US Open,2010-09-04,Grand Slam,Outdoor,Hard,3rd Round,5,Montanes A.,Nishikori K.,23.0,147.0,1600.0,337.0,6.0,2.0,2.0,1.0,,,,,,,1.0,0.0,Retired,2.2,1.61,2.15,1.65,2.25,1.57,2.14,1.8,2.2,1.62,2.38,1.85,2.11,1.7
ATP,2010,49,New York,US Open,2010-09-04,Grand Slam,Outdoor,Hard,3rd Round,5,Gasquet R.,Anderson K.,38.0,77.0,1135.0,677.0,6.0,4.0,7.0,6.0,7.0,5.0,,,,,3.0,0.0,Completed,1.33,3.25,1.35,3.05,1.36,3.0,1.42,3.19,1.33,3.0,1.42,3.47,1.36,3.06
ATP,2010,49,New York,US Open,2010-09-04,Grand Slam,Outdoor,Hard,3rd Round,5,Fish M.,Clement A.,21.0,68.0,1751.0,716.0,4.0,6.0,6.0,3.0,6.0,4.0,1.0,6.0,6.0,3.0,3.0,2.0,Completed,1.11,6.0,1.12,5.75,1.14,5.0,1.17,5.96,1.14,5.0,1.18,6.5,1.14,5.4
ATP,2010,49,New York,US Open,2010-09-04,Grand Slam,Outdoor,Hard,3rd Round,5,Federer R.,Mathieu P.H.,2.0,109.0,7215.0,494.0,6.0,4.0,6.0,3.0,6.0,3.0,,,,,3.0,0.0,Completed,1.01,13.0,1.03,10.0,1.02,11.0,1.03,19.0,1.02,13.0,1.04,20.25,1.02,13.85
ATP,2010,49,New York,US Open,2010-09-04,Grand Slam,Outdoor,Hard,3rd Round,5,Melzer J.,Ferrero J.C.,15.0,24.0,2470.0,1560.0,7.0,5.0,6.0,3.0,6.0,1.0,,,,,3.0,0.0,Completed,2.5,1.5,2.25,1.6,2.1,1.67,2.44,1.65,2.38,1.57,2.55,1.7,2.32,1.58
ATP,2010,49,New York,US Open,2010-09-04,Grand Slam,Outdoor,Hard,3rd Round,5,Djokovic N.,Blake J.,3.0,108.0,6665.0,495.0,6.0,1.0,7.0,6.0,6.0,3.0,,,,,3.0,0.0,Completed,1.1,6.5,1.12,5.65,1.13,5.5,1.13,7.79,1.14,5.0,1.15,7.79,1.12,5.94
ATP,2010,49,New York,US Open,2010-09-05,Grand Slam,Outdoor,Hard,3rd Round,5,Verdasco F.,Nalbandian D.,8.0,33.0,3330.0,1235.0,6.0,2.0,3.0,6.0,6.0,3.0,6.0,2.0,,,3.0,1.0,Completed,2.62,1.44,2.35,1.55,2.25,1.57,2.61,1.57,2.5,1.53,2.7,1.72,2.41,1.55
ATP,2010,49,New York,US Open,2010-09-05,Grand Slam,Outdoor,Hard,3rd Round,5,Ferrer D.,Gimeno-Traver D.,12.0,59.0,3065.0,828.0,7.0,6.0,6.0,2.0,6.0,2.0,,,,,3.0,0.0,Completed,1.11,6.0,1.15,5.0,1.14,5.0,1.15,6.61,1.14,5.5,1.17,6.61,1.13,5.54
ATP,2010,49,New York,US Open,2010-09-05,Grand Slam,Outdoor,Hard,3rd Round,5,Querrey S.,Almagro N.,22.0,16.0,1705.0,2150.0,6.0,3.0,6.0,4.0,6.0,4.0,,,,,3.0,0.0,Completed,1.4,2.75,1.45,2.6,1.44,2.63,1.46,2.98,1.4,2.88,1.46,3.04,1.42,2.76
ATP,2010,49,New York,US Open,2010-09-05,Grand Slam,Outdoor,Hard,3rd Round,5,Lopez F.,Stakhovsky S.,25.0,36.0,1515.0,1183.0,6.0,3.0,4.0,0.0,,,,,,,1.0,0.0,Retired,2.0,1.72,1.87,1.87,1.83,1.83,2.03,1.9,1.9,1.9,2.07,1.95,1.88,1.86
ATP,2010,49,New York,US Open,2010-09-05,Grand Slam,Outdoor,Hard,3rd Round,5,Nadal R.,Simon G.,1.0,42.0,10745.0,1055.0,6.0,4.0,6.0,4.0,6.0,2.0,,,,,3.0,0.0,Completed,1.05,9.0,1.11,6.0,1.08,7.0,1.09,9.95,1.08,7.5,1.11,11.0,1.07,8.15
ATP,2010,49,New York,US Open,2010-09-05,Grand Slam,Outdoor,Hard,3rd Round,5,Wawrinka S.,Murray A.,27.0,4.0,1510.0,5125.0,6.0,7.0,7.0,6.0,6.0,3.0,6.0,3.0,,,3.0,1.0,Completed,7.0,1.08,6.0,1.11,6.5,1.1,7.79,1.13,7.0,1.1,7.9,1.13,6.67,1.1
ATP,2010,49,New York,US Open,2010-09-05,Grand Slam,Outdoor,Hard,3rd Round,5,Robredo T.,Llodra M.,41.0,35.0,1075.0,1185.0,3.0,6.0,7.0,6.0,6.0,4.0,2.0,1.0,,,2.0,1.0,Retired,2.37,1.53,2.35,1.55,2.2,1.62,2.47,1.63,2.25,1.62,2.6,1.74,2.26,1.61
ATP,2010,49,New York,US Open,2010-09-05,Grand Slam,Outdoor,Hard,3rd Round,5,Youzhny M.,Isner J.,14.0,20.0,2620.0,1805.0,6.0,4.0,6.0,7.0,7.0,6.0,6.0,4.0,,,3.0,1.0,Completed,1.61,2.2,1.65,2.15,1.67,2.1,1.71,2.3,1.67,2.2,1.74,2.3,1.67,2.15
ATP,2010,49,New York,US Open,2010-09-06,Grand Slam,Outdoor,Hard,4th Round,5,Monfils G.,Gasquet R.,19.0,38.0,2070.0,1135.0,6.0,4.0,7.0,5.0,7.0,5.0,,,,,3.0,0.0,Completed,2.1,1.66,2.0,1.75,2.0,1.73,2.23,1.75,2.1,1.73,2.23,1.85,2.07,1.72
ATP,2010,49,New York,US Open,2010-09-06,Grand Slam,Outdoor,Hard,4th Round,5,Djokovic N.,Fish M.,3.0,21.0,6665.0,1751.0,6.0,3.0,6.0,4.0,6.0,1.0,,,,,3.0,0.0,Completed,1.28,3.5,1.33,3.1,1.3,3.4,1.33,3.71,1.29,3.5,1.4,3.75,1.3,3.42
ATP,2010,49,New York,US Open,2010-09-06,Grand Slam,Outdoor,Hard,4th Round,5,Soderling R.,Montanes A.,5.0,23.0,4910.0,1600.0,4.0,6.0,6.0,3.0,6.0,2.0,6.0,3.0,,,3.0,1.0,Completed,1.05,9.0,1.08,6.75,1.06,8.0,1.06,12.25,1.07,8.0,1.08,12.25,1.06,8.88
ATP,2010,49,New York,US Open,2010-09-07,Grand Slam,Outdoor,Hard,4th Round,5,Federer R.,Melzer J.,2.0,15.0,7215.0,2470.0,6.0,3.0,7.0,6.0,6.0,3.0,,,,,3.0,0.0,Completed,1.04,10.0,1.07,7.5,1.04,9.0,1.05,14.3,1.04,10.0,1.07,14.3,1.05,9.98
ATP,2010,49,New York,US Open,2010-09-07,Grand Slam,Outdoor,Hard,4th Round,5,Youzhny M.,Robredo T.,14.0,41.0,2620.0,1075.0,7.0,5.0,6.0,2.0,4.0,6.0,6.0,4.0,,,3.0,1.0,Completed,1.28,3.5,1.3,3.35,1.33,3.25,1.33,3.72,1.36,3.0,1.4,3.72,1.32,3.29
ATP,2010,49,New York,US Open,2010-09-07,Grand Slam,Outdoor,Hard,4th Round,5,Wawrinka S.,Querrey S.,27.0,22.0,1510.0,1705.0,7.0,6.0,6.0,7.0,7.0,5.0,4.0,6.0,6.0,4.0,3.0,2.0,Completed,1.83,1.83,2.0,1.75,1.83,1.83,2.04,1.88,2.0,1.8,2.05,1.91,1.96,1.8
ATP,2010,49,New York,US Open,2010-09-07,Grand Slam,Outdoor,Hard,4th Round,5,Verdasco F.,Ferrer D.,8.0,12.0,3330.0,3065.0,5.0,7.0,6.0,7.0,6.0,3.0,6.0,3.0,7.0,6.0,3.0,2.0,Completed,1.66,2.1,1.7,2.05,1.73,2.0,1.8,2.15,1.73,2.1,1.8,2.25,1.72,2.07
ATP,2010,49,New York,US Open,2010-09-08,Grand Slam,Outdoor,Hard,4th Round,5,Nadal R.,Lopez F.,1.0,25.0,10745.0,1515.0,6.0,3.0,6.0,4.0,6.0,4.0,,,,,3.0,0.0,Completed,1.04,10.0,1.03,10.0,1.05,8.5,1.04,16.5,1.03,11.0,1.06,16.7,1.04,11.38
ATP,2010,49,New York,US Open,2010-09-08,Grand Slam,Outdoor,Hard,Quarterfinals,5,Djokovic N.,Monfils G.,3.0,19.0,6665.0,2070.0,7.0,6.0,6.0,1.0,6.0,2.0,,,,,3.0,0.0,Completed,1.22,4.33,1.25,3.7,1.22,4.0,1.27,4.36,1.25,3.75,1.29,4.54,1.24,4.0
ATP,2010,49,New York,US Open,2010-09-09,Grand Slam,Outdoor,Hard,Quarterfinals,5,Federer R.,Soderling R.,2.0,5.0,7215.0,4910.0,6.0,4.0,6.0,4.0,7.0,5.0,,,,,3.0,0.0,Completed,1.22,4.33,1.2,4.3,1.22,4.0,1.22,5.01,1.22,4.0,1.25,5.1,1.21,4.37
ATP,2010,49,New York,US Open,2010-09-09,Grand Slam,Outdoor,Hard,Quarterfinals,5,Youzhny M.,Wawrinka S.,14.0,27.0,2620.0,1510.0,3.0,6.0,7.0,6.0,3.0,6.0,6.0,3.0,6.0,3.0,3.0,2.0,Completed,1.9,1.9,1.7,2.05,1.67,2.1,1.86,2.06,1.73,2.1,1.91,2.25,1.78,2.0
ATP,2010,49,New York,US Open,2010-09-10,Grand Slam,Outdoor,Hard,Quarterfinals,5,Nadal R.,Verdasco F.,1.0,8.0,10745.0,3330.0,7.0,5.0,6.0,3.0,6.0,4.0,,,,,3.0,0.0,Completed,1.08,7.5,1.08,6.75,1.08,7.0,1.11,8.29,1.07,8.0,1.13,10.0,1.08,7.79
ATP,2010,49,New York,US Open,2010-09-11,Grand Slam,Outdoor,Hard,Semifinals,5,Nadal R.,Youzhny M.,1.0,14.0,10745.0,2620.0,6.0,2.0,6.0,3.0,6.0,4.0,,,,,3.0,0.0,Completed,1.07,7.5,1.05,8.5,1.04,9.0,1.07,11.5,1.05,9.0,1.11,11.5,1.06,8.82
ATP,2010,49,New York,US Open,2010-09-11,Grand Slam,Outdoor,Hard,Semifinals,5,Djokovic N.,Federer R.,3.0,2.0,6665.0,7215.0,5.0,7.0,6.0,1.0,5.0,7.0,6.0,2.0,7.0,5.0,3.0,2.0,Completed,3.5,1.3,3.75,1.25,3.5,1.29,3.49,1.36,3.5,1.29,1.39,4.0,1.3,3.53
ATP,2010,49,New York,US Open,2010-09-12,Grand Slam,Outdoor,Hard,The Final,5,Nadal R.,Djokovic N.,1.0,3.0,10745.0,6665.0,6.0,4.0,5.0,7.0,6.0,4.0,6.0,2.0,,,3.0,1.0,Completed,1.36,3.25,1.33,3.1,1.36,3.0,1.38,3.37,1.36,3.2,1.4,3.55,1.35,3.19
