Tour,Year,ATP,Location,Tournament,Date,Series,Court,Surface,Round,Best of,Winner,Loser,WRank,LRank,WPts,LPts,W1,L1,W2,L2,W3,L3,W4,L4,W5,L5,Wsets,Lsets,Comment,B365W,B365L,EXW,EXL,LBW,LBL,SJW,SJL,UBW,UBL
ATP,2009,6,Melbourne,Australian Open,2009-01-19,Grand Slam,Outdoor,Hard,1st Round,5,Ferrer D.,Gremelmayr D.,12,80.0,3390,1042.0,6.0,1.0,6.0,7.0,6.0,1.0,6.0,7.0,6.0,4.0,3.0,2.0,Completed,1.1,6.5,1.1,6.75,1.143,5.0,1.1,6.5,1.12,6.0
ATP,2009,6,Melbourne,Australian Open,2009-01-19,Grand Slam,Outdoor,Hard,1st Round,5,Berdych T.,Ginepri R.,21,47.0,2400,1490.0,6.0,4.0,6.0,4.0,6.0,3.0,,,,,3.0,0.0,Completed,1.36,3.0,1.45,2.8,1.364,3.0,1.364,3.0,1.37,3.0
ATP,2009,6,Melbourne,Australian Open,2009-01-19,Grand Slam,Outdoor,Hard,1st Round,5,Mayer F.,Ouahab L.,450,193.0,127,430.0,6.0,2.0,6.0,1.0,6.0,2.0,,,,,3.0,0.0,Completed,1.25,3.75,1.25,3.9,1.333,3.25,1.286,3.25,1.3,3.4
ATP,2009,6,Melbourne,Australian Open,2009-01-19,Grand Slam,Outdoor,Hard,1st Round,5,Hrbaty D.,Isner J.,251,139.0,302,645.0,7.0,6.0,2.0,6.0,6.0,2.0,7.0,5.0,,,3.0,1.0,Completed,1.57,2.25,1.6,2.4,1.571,2.25,1.533,2.375,1.6,2.28
ATP,2009,6,Melbourne,Australian Open,2009-01-19,Grand Slam,Outdoor,Hard,1st Round,5,Soderling R.,Kendrick R.,17,96.0,2650,956.0,5.0,7.0,6.0,4.0,6.0,4.0,7.0,5.0,,,3.0,1.0,Completed,1.06,8.0,1.1,6.75,1.1,6.5,1.1,6.5,1.09,7.0
ATP,2009,6,Melbourne,Australian Open,2009-01-19,Grand Slam,Outdoor,Hard,1st Round,5,Dabul B.,Petzschner P.,100,63.0,940,1232.0,6.0,1.0,6.0,2.0,6.0,4.0,,,,,3.0,0.0,Completed,3.75,1.25,3.5,1.36,3.75,1.25,3.5,1.286,3.8,1.25
ATP,2009,6,Melbourne,Australian Open,2009-01-19,Grand Slam,Outdoor,Hard,1st Round,5,Roddick A.,Rehnquist B.,9,191.0,3940,442.0,6.0,0.0,6.0,2.0,6.0,2.0,,,,,3.0,0.0,Completed,1.0,21.0,1.02,13.5,1.013,15.0,1.02,12.0,1.01,20.0
ATP,2009,6,Melbourne,Australian Open,2009-01-19,Grand Slam,Outdoor,Hard,1st Round,5,Malisse X.,Llodra M.,195,56.0,428,1350.0,7.0,6.0,6.0,1.0,6.0,1.0,,,,,3.0,0.0,Completed,1.66,2.1,1.65,2.28,1.833,1.833,1.727,2.0,1.67,2.15
ATP,2009,6,Melbourne,Australian Open,2009-01-19,Grand Slam,Outdoor,Hard,1st Round,5,Muller G.,Lopez F.,87,28.0,988,2010.0,6.0,3.0,7.0,6.0,4.0,6.0,4.0,6.0,7.0,6.0,3.0,2.0,Completed,2.62,1.44,2.55,1.5,2.375,1.533,2.5,1.533,2.6,1.47
ATP,2009,6,Melbourne,Australian Open,2009-01-19,Grand Slam,Outdoor,Hard,1st Round,5,Tomic B.,Starace P.,768,73.0,42,1128.0,7.0,6.0,1.0,6.0,7.0,6.0,7.0,6.0,,,3.0,1.0,Completed,3.4,1.3,3.5,1.3,3.75,1.25,4.0,1.2,3.7,1.26
ATP,2009,6,Melbourne,Australian Open,2009-01-19,Grand Slam,Outdoor,Hard,1st Round,5,Robredo T.,Reynolds B.,22,69.0,2390,1146.0,6.0,2.0,7.0,5.0,6.0,1.0,,,,,3.0,0.0,Completed,1.3,3.4,1.28,3.55,1.286,3.5,1.286,3.5,1.28,3.55
ATP,2009,6,Melbourne,Australian Open,2009-01-19,Grand Slam,Outdoor,Hard,1st Round,5,Baghdatis M.,Benneteau J.,97,48.0,950,1478.0,6.0,3.0,7.0,6.0,6.0,2.0,,,,,3.0,0.0,Completed,1.61,2.2,1.65,2.2,1.667,2.1,1.727,2.1,1.74,2.04
ATP,2009,6,Melbourne,Australian Open,2009-01-19,Grand Slam,Outdoor,Hard,1st Round,5,Wawrinka S.,Minar I.,16,102.0,2670,930.0,6.0,1.0,2.0,6.0,7.0,5.0,7.0,6.0,,,3.0,1.0,Completed,1.16,4.5,1.19,4.75,1.167,4.5,1.2,4.5,1.19,4.4
ATP,2009,6,Melbourne,Australian Open,2009-01-19,Grand Slam,Outdoor,Hard,1st Round,5,Del Potro J.M.,Zverev M.,6,81.0,4060,1040.0,6.0,3.0,6.0,4.0,6.0,2.0,,,,,3.0,0.0,Completed,1.01,13.0,1.04,12.0,1.05,8.5,1.03,11.0,1.03,12.0
ATP,2009,6,Melbourne,Australian Open,2009-01-19,Grand Slam,Outdoor,Hard,1st Round,5,Troicki V.,Martin A.,53,99.0,1395,940.0,6.0,3.0,3.0,6.0,6.0,2.0,6.0,4.0,,,3.0,1.0,Completed,1.12,5.5,1.15,5.6,1.167,4.5,1.125,6.0,1.13,5.6
ATP,2009,6,Melbourne,Australian Open,2009-01-19,Grand Slam,Outdoor,Hard,1st Round,5,Klein B.,Phau B.,249,110.0,304,883.0,6.0,4.0,6.0,3.0,4.0,6.0,6.0,3.0,,,3.0,1.0,Completed,4.33,1.2,3.91,1.25,3.75,1.25,3.5,1.25,4.2,1.21
ATP,2009,6,Melbourne,Australian Open,2009-01-19,Grand Slam,Outdoor,Hard,1st Round,5,Chardy J.,Daniel M.,68,101.0,1163,932.0,6.0,4.0,6.0,4.0,6.0,1.0,,,,,3.0,0.0,Completed,1.14,5.0,1.2,4.55,1.222,4.0,1.222,3.75,1.25,3.8
ATP,2009,6,Melbourne,Australian Open,2009-01-19,Grand Slam,Outdoor,Hard,1st Round,5,Djokovic N.,Stoppini A.,3,220.0,10650,354.0,6.0,2.0,6.0,3.0,7.0,5.0,,,,,3.0,0.0,Completed,1.0,21.0,1.01,16.0,1.013,15.0,1.01,15.0,1.01,20.0
ATP,2009,6,Melbourne,Australian Open,2009-01-19,Grand Slam,Outdoor,Hard,1st Round,5,Fish M.,Groth S.,24,279.0,2330,266.0,6.0,7.0,6.0,4.0,7.0,5.0,6.0,0.0,,,3.0,1.0,Completed,1.05,9.0,1.09,7.33,1.071,7.5,1.071,8.0,1.06,9.0
ATP,2009,6,Melbourne,Australian Open,2009-01-19,Grand Slam,Outdoor,Hard,1st Round,5,Delic A.,Dent T.,127,728.0,728,48.0,6.0,4.0,3.0,6.0,4.0,6.0,6.0,3.0,6.0,4.0,3.0,2.0,Completed,2.0,1.72,2.1,1.75,1.833,1.833,1.833,1.833,1.97,1.8
ATP,2009,6,Melbourne,Australian Open,2009-01-19,Grand Slam,Outdoor,Hard,1st Round,5,Garcia-Lopez G.,Calleri A.,62,66.0,1232,1170.0,3.0,6.0,7.0,6.0,6.0,2.0,6.0,0.0,,,3.0,1.0,Completed,2.1,1.66,2.2,1.65,2.1,1.667,2.0,1.727,2.1,1.7
ATP,2009,6,Melbourne,Australian Open,2009-01-19,Grand Slam,Outdoor,Hard,1st Round,5,Korolev E.,Moya C.,118,41.0,808,1580.0,6.0,3.0,6.0,1.0,7.0,6.0,,,,,3.0,0.0,Completed,2.1,1.66,2.1,1.75,2.1,1.667,2.1,1.667,2.1,1.7
ATP,2009,6,Melbourne,Australian Open,2009-01-19,Grand Slam,Outdoor,Hard,1st Round,5,Cilic M.,Anderson K.,20,108.0,2450,904.0,6.0,3.0,6.0,2.0,6.0,7.0,6.0,3.0,,,3.0,1.0,Completed,1.1,6.5,1.12,6.35,1.1,6.5,1.071,7.0,1.1,6.5
ATP,2009,6,Melbourne,Australian Open,2009-01-19,Grand Slam,Outdoor,Hard,1st Round,5,Lu Y.H.,Bellucci T.,61,90.0,1244,978.0,6.0,3.0,7.0,5.0,6.0,4.0,,,,,3.0,0.0,Completed,1.57,2.25,1.58,2.4,1.615,2.2,1.615,2.2,1.54,2.4
ATP,2009,6,Melbourne,Australian Open,2009-01-19,Grand Slam,Outdoor,Hard,1st Round,5,Bolelli S.,Vliegen K.,39,85.0,1686,1008.0,7.0,6.0,7.0,6.0,7.0,5.0,,,,,3.0,0.0,Completed,1.53,2.37,1.6,2.4,1.571,2.25,1.533,2.375,1.58,2.32
ATP,2009,6,Melbourne,Australian Open,2009-01-19,Grand Slam,Outdoor,Hard,1st Round,5,Safin M.,Navarro-Pastor I.,27,74.0,2050,1108.0,6.0,3.0,6.0,3.0,6.0,4.0,,,,,3.0,0.0,Completed,1.12,5.5,1.15,5.6,1.167,4.5,1.1,6.0,1.14,5.5
ATP,2009,6,Melbourne,Australian Open,2009-01-19,Grand Slam,Outdoor,Hard,1st Round,5,Mathieu P.H.,Nieminen J.,29,38.0,2000,1700.0,6.0,2.0,4.0,1.0,,,,,,,1.0,0.0,Retired,2.0,1.72,2.15,1.7,2.1,1.667,2.1,1.727,2.03,1.75
ATP,2009,6,Melbourne,Australian Open,2009-01-19,Grand Slam,Outdoor,Hard,1st Round,5,Tipsarevic J.,Hernandez O.,46,67.0,1500,1168.0,4.0,6.0,6.0,1.0,6.0,3.0,4.0,6.0,6.0,0.0,3.0,2.0,Completed,1.1,6.5,1.12,6.35,1.125,5.5,1.1,6.0,1.1,6.5
ATP,2009,6,Melbourne,Australian Open,2009-01-19,Grand Slam,Outdoor,Hard,1st Round,5,Kohlschreiber P.,Querrey S.,34,33.0,1855,1860.0,7.0,6.0,6.0,3.0,6.0,2.0,,,,,3.0,0.0,Completed,1.83,1.83,2.1,1.75,1.833,1.833,1.833,1.833,1.75,2.03
ATP,2009,6,Melbourne,Australian Open,2009-01-19,Grand Slam,Outdoor,Hard,1st Round,5,Santoro F.,Ferrero J.C.,60,65.0,1268,1190.0,6.0,3.0,6.0,2.0,6.0,7.0,6.0,2.0,,,3.0,1.0,Completed,3.75,1.25,3.95,1.25,3.5,1.286,3.5,1.25,4.0,1.23
ATP,2009,6,Melbourne,Australian Open,2009-01-19,Grand Slam,Outdoor,Hard,1st Round,5,Nalbandian D.,Gicquel M.,11,50.0,3500,1448.0,6.0,1.0,4.0,6.0,6.0,2.0,6.0,3.0,,,3.0,1.0,Completed,1.06,8.0,1.1,6.75,1.1,6.5,1.083,7.0,1.1,6.5
ATP,2009,6,Melbourne,Australian Open,2009-01-19,Grand Slam,Outdoor,Hard,1st Round,5,Federer R.,Seppi A.,2,35.0,10700,1820.0,6.0,1.0,7.0,6.0,7.0,5.0,,,,,3.0,0.0,Completed,1.0,21.0,1.02,13.5,1.015,13.0,1.004,26.0,1.01,20.0
ATP,2009,6,Melbourne,Australian Open,2009-01-20,Grand Slam,Outdoor,Hard,1st Round,5,Gasquet R.,Junqueira D.,25,76.0,2330,1088.0,6.0,7.0,7.0,6.0,6.0,3.0,6.0,4.0,,,3.0,1.0,Completed,1.01,15.0,1.02,13.5,1.015,13.0,1.03,11.0,1.01,25.0
ATP,2009,6,Melbourne,Australian Open,2009-01-20,Grand Slam,Outdoor,Hard,1st Round,5,Hanescu V.,Hernych J.,44,78.0,1531,1068.0,3.0,6.0,3.0,6.0,7.0,6.0,7.0,6.0,7.0,6.0,3.0,2.0,Completed,1.3,3.4,1.32,3.4,1.364,3.0,1.333,3.25,1.33,3.2
ATP,2009,6,Melbourne,Australian Open,2009-01-20,Grand Slam,Outdoor,Hard,1st Round,5,Murray A.,Pavel A.,4,1141.0,7190,10.0,6.0,2.0,3.0,1.0,,,,,,,1.0,0.0,Retired,1.0,21.0,1.01,16.0,1.002,34.0,1.004,26.0,1.01,40.0
ATP,2009,6,Melbourne,Australian Open,2009-01-20,Grand Slam,Outdoor,Hard,1st Round,5,Melzer J.,Nishikori K.,32,59.0,1868,1325.0,7.0,5.0,6.0,2.0,6.0,1.0,,,,,3.0,0.0,Completed,1.83,1.83,1.95,1.85,1.833,1.833,1.833,1.833,1.82,1.95
ATP,2009,6,Melbourne,Australian Open,2009-01-20,Grand Slam,Outdoor,Hard,1st Round,5,Almagro N.,Massu N.,18,84.0,2540,1010.0,6.0,4.0,6.0,4.0,3.0,6.0,5.0,7.0,6.0,3.0,3.0,2.0,Completed,1.28,3.5,1.25,3.9,1.286,3.5,1.333,3.2,1.3,3.4
ATP,2009,6,Melbourne,Australian Open,2009-01-20,Grand Slam,Outdoor,Hard,1st Round,5,Fognini F.,Golubev A.,88,93.0,986,966.0,3.0,6.0,7.0,6.0,6.0,4.0,6.0,2.0,,,3.0,1.0,Completed,2.37,1.53,2.7,1.48,2.375,1.533,2.625,1.5,2.4,1.54
ATP,2009,6,Melbourne,Australian Open,2009-01-20,Grand Slam,Outdoor,Hard,1st Round,5,Granollers M.,Gabashvili T.,51,64.0,1444,1226.0,6.0,4.0,7.0,6.0,4.0,6.0,6.0,0.0,,,3.0,1.0,Completed,1.57,2.25,1.72,2.1,1.571,2.25,1.571,2.25,1.6,2.28
ATP,2009,6,Melbourne,Australian Open,2009-01-20,Grand Slam,Outdoor,Hard,1st Round,5,Ancic M.,Odesnik W.,36,115.0,1805,862.0,7.0,5.0,6.0,4.0,4.0,6.0,6.0,2.0,,,3.0,1.0,Completed,1.12,5.5,1.19,4.76,1.167,4.5,1.167,4.5,,
ATP,2009,6,Melbourne,Australian Open,2009-01-20,Grand Slam,Outdoor,Hard,1st Round,5,Istomin D.,Spadea V.,105,82.0,910,1038.0,6.0,2.0,7.0,5.0,6.0,4.0,,,,,3.0,0.0,Completed,1.9,1.8,2.1,1.72,2.2,1.615,2.1,1.667,2.0,1.77
ATP,2009,6,Melbourne,Australian Open,2009-01-20,Grand Slam,Outdoor,Hard,1st Round,5,Karlovic I.,Gimeno-Traver D.,26,91.0,2295,976.0,6.0,3.0,6.0,4.0,6.0,4.0,,,,,3.0,0.0,Completed,1.08,7.0,1.1,6.75,1.125,5.5,1.1,6.5,1.1,6.5
ATP,2009,6,Melbourne,Australian Open,2009-01-20,Grand Slam,Outdoor,Hard,1st Round,5,Beck A.,Ebelthite C.,103,254.0,926,300.0,7.0,5.0,6.0,1.0,6.0,0.0,,,,,3.0,0.0,Completed,1.22,4.0,1.27,3.81,1.286,3.5,1.25,3.5,1.27,3.6
ATP,2009,6,Melbourne,Australian Open,2009-01-20,Grand Slam,Outdoor,Hard,1st Round,5,Sela D.,Schuettler R.,106,31.0,908,1924.0,1.0,6.0,6.0,2.0,6.0,4.0,6.0,4.0,,,3.0,1.0,Completed,1.9,1.8,1.9,1.9,1.833,1.833,1.833,1.833,2.0,1.77
ATP,2009,6,Melbourne,Australian Open,2009-01-20,Grand Slam,Outdoor,Hard,1st Round,5,Simon G.,Andujar P.,8,98.0,3960,942.0,6.0,4.0,6.0,1.0,6.0,1.0,,,,,3.0,0.0,Completed,1.01,15.0,1.02,13.5,1.02,11.0,1.02,13.0,1.01,25.0
ATP,2009,6,Melbourne,Australian Open,2009-01-20,Grand Slam,Outdoor,Hard,1st Round,5,Guccione C.,Devilder N.,132,72.0,706,1142.0,6.0,4.0,6.0,2.0,6.0,4.0,,,,,3.0,0.0,Completed,1.33,3.25,1.32,3.45,1.333,3.25,1.286,3.25,1.33,3.2
ATP,2009,6,Melbourne,Australian Open,2009-01-20,Grand Slam,Outdoor,Hard,1st Round,5,Gonzalez F.,Hewitt L.,14,70.0,2840,1145.0,5.0,7.0,6.0,2.0,6.0,2.0,3.0,6.0,6.0,3.0,3.0,2.0,Completed,2.0,1.72,2.1,1.75,1.833,1.833,2.1,1.667,2.0,1.77
ATP,2009,6,Melbourne,Australian Open,2009-01-20,Grand Slam,Outdoor,Hard,1st Round,5,Gulbis E.,Montanes A.,52,42.0,1438,1574.0,6.0,3.0,6.0,2.0,6.0,3.0,,,,,3.0,0.0,Completed,1.1,6.5,1.1,6.75,1.143,5.0,1.143,5.5,1.11,6.2
ATP,2009,6,Melbourne,Australian Open,2009-01-20,Grand Slam,Outdoor,Hard,1st Round,5,Andreev I.,Polansky P.,19,210.0,2490,380.0,5.0,7.0,3.0,6.0,6.0,4.0,6.0,3.0,6.0,4.0,3.0,2.0,Completed,1.07,7.5,1.12,6.35,1.1,6.5,1.1,6.5,1.09,7.0
ATP,2009,6,Melbourne,Australian Open,2009-01-20,Grand Slam,Outdoor,Hard,1st Round,5,Monfils G.,Vassallo-Arguello M.,13,71.0,3010,1144.0,6.0,1.0,6.0,3.0,7.0,5.0,,,,,3.0,0.0,Completed,1.01,13.0,1.04,12.0,1.015,13.0,1.02,11.0,1.03,12.0
ATP,2009,6,Melbourne,Australian Open,2009-01-20,Grand Slam,Outdoor,Hard,1st Round,5,Koubek S.,Youzhny M.,183,40.0,457,1670.0,6.0,3.0,6.0,2.0,6.0,2.0,,,,,3.0,0.0,Completed,3.75,1.25,4.75,1.2,3.4,1.3,3.25,1.286,4.1,1.22
ATP,2009,6,Melbourne,Australian Open,2009-01-20,Grand Slam,Outdoor,Hard,1st Round,5,De Chaunac S.,Darcis S.,253,57.0,300,1340.0,2.0,6.0,6.0,3.0,0.0,6.0,6.0,2.0,6.0,2.0,3.0,2.0,Completed,2.62,1.44,2.55,1.5,2.625,1.444,2.625,1.444,2.68,1.45
ATP,2009,6,Melbourne,Australian Open,2009-01-20,Grand Slam,Outdoor,Hard,1st Round,5,Ljubicic I.,Kunitsyn I.,55,43.0,1376,1562.0,4.0,6.0,7.0,6.0,7.0,6.0,5.0,7.0,6.0,3.0,3.0,2.0,Completed,1.53,2.37,1.5,2.55,1.5,2.5,1.5,2.5,1.5,2.52
ATP,2009,6,Melbourne,Australian Open,2009-01-20,Grand Slam,Outdoor,Hard,1st Round,5,Canas G.,Kindlmann D.,77,229.0,1086,337.0,3.0,6.0,7.0,5.0,5.0,7.0,6.0,0.0,7.0,5.0,3.0,2.0,Completed,1.4,2.75,1.49,2.65,1.4,2.75,1.4,2.75,1.48,2.58
ATP,2009,6,Melbourne,Australian Open,2009-01-20,Grand Slam,Outdoor,Hard,1st Round,5,Verdasco F.,Mannarino A.,15,129.0,2830,726.0,6.0,0.0,6.0,2.0,6.0,2.0,,,,,3.0,0.0,Completed,1.06,8.0,1.08,7.94,1.083,7.0,1.071,8.0,1.06,8.75
ATP,2009,6,Melbourne,Australian Open,2009-01-20,Grand Slam,Outdoor,Hard,1st Round,5,Clement A.,Stakhovsky S.,89,83.0,980,1011.0,6.0,3.0,2.0,6.0,4.0,6.0,6.0,2.0,6.0,1.0,3.0,2.0,Completed,1.9,1.8,2.0,1.83,1.909,1.8,1.833,1.833,1.94,1.82
ATP,2009,6,Melbourne,Australian Open,2009-01-20,Grand Slam,Outdoor,Hard,1st Round,5,Tsonga J.W.,Monaco J.,7,49.0,3995,1470.0,6.0,4.0,6.0,4.0,6.0,0.0,,,,,3.0,0.0,Completed,1.22,4.0,1.28,3.65,1.25,3.75,1.25,3.5,1.28,3.55
ATP,2009,6,Melbourne,Australian Open,2009-01-20,Grand Slam,Outdoor,Hard,1st Round,5,Berrer M.,Ball C.,134,203.0,684,414.0,6.0,2.0,6.0,4.0,6.0,3.0,,,,,3.0,0.0,Completed,1.33,3.25,1.38,3.1,1.4,2.75,1.4,2.75,1.4,2.85
ATP,2009,6,Melbourne,Australian Open,2009-01-20,Grand Slam,Outdoor,Hard,1st Round,5,Cipolla F.,Tursunov D.,138,30.0,664,1952.0,4.0,6.0,6.0,2.0,7.0,6.0,7.0,5.0,,,3.0,1.0,Completed,4.33,1.2,4.33,1.22,3.75,1.25,3.5,1.25,3.9,1.24
ATP,2009,6,Melbourne,Australian Open,2009-01-20,Grand Slam,Outdoor,Hard,1st Round,5,Haas T.,Schwank E.,79,54.0,1050,1380.0,6.0,3.0,6.0,3.0,6.0,4.0,,,,,3.0,0.0,Completed,1.38,2.87,1.36,3.2,1.571,2.25,1.4,2.75,1.37,3.0
ATP,2009,6,Melbourne,Australian Open,2009-01-20,Grand Slam,Outdoor,Hard,1st Round,5,Stepanek R.,Lapentti N.,23,86.0,2360,1004.0,3.0,6.0,6.0,3.0,6.0,4.0,6.0,4.0,,,3.0,1.0,Completed,1.1,6.5,1.12,6.35,1.143,5.0,1.143,5.5,1.1,6.75
ATP,2009,6,Melbourne,Australian Open,2009-01-20,Grand Slam,Outdoor,Hard,1st Round,5,Karanusic R.,Serra F.,92,58.0,974,1339.0,6.0,3.0,1.0,6.0,6.0,3.0,3.0,6.0,6.0,3.0,3.0,2.0,Completed,3.75,1.25,3.55,1.3,3.4,1.3,3.25,1.286,3.7,1.26
ATP,2009,6,Melbourne,Australian Open,2009-01-20,Grand Slam,Outdoor,Hard,1st Round,5,Blake J.,Dancevic F.,10,131.0,3550,710.0,6.0,4.0,6.0,3.0,7.0,5.0,,,,,3.0,0.0,Completed,1.14,5.0,1.19,4.76,1.143,5.0,1.222,4.0,1.19,4.5
ATP,2009,6,Melbourne,Australian Open,2009-01-20,Grand Slam,Outdoor,Hard,1st Round,5,Nadal R.,Rochus C.,1,75.0,13160,1096.0,6.0,0.0,6.0,2.0,6.0,2.0,,,,,3.0,0.0,Completed,1.0,34.0,1.01,16.0,1.005,21.0,1.004,26.0,1.01,25.0
ATP,2009,6,Melbourne,Australian Open,2009-01-21,Grand Slam,Outdoor,Hard,2nd Round,5,Cilic M.,Tipsarevic J.,20,46.0,2450,1500.0,6.0,2.0,6.0,3.0,4.0,6.0,6.0,3.0,,,3.0,1.0,Completed,1.4,2.75,1.45,2.8,1.4,2.75,1.364,3.0,1.38,3.0
ATP,2009,6,Melbourne,Australian Open,2009-01-21,Grand Slam,Outdoor,Hard,2nd Round,5,Ferrer D.,Hrbaty D.,12,251.0,3390,302.0,6.0,2.0,6.0,2.0,6.0,1.0,,,,,3.0,0.0,Completed,1.44,2.62,1.55,2.5,1.533,2.375,1.571,2.375,1.54,2.4
ATP,2009,6,Melbourne,Australian Open,2009-01-21,Grand Slam,Outdoor,Hard,2nd Round,5,Safin M.,Garcia-Lopez G.,27,62.0,2050,1232.0,7.0,5.0,6.0,2.0,6.0,2.0,,,,,3.0,0.0,Completed,1.28,3.5,1.34,3.28,1.286,3.5,1.286,3.5,1.27,3.6
ATP,2009,6,Melbourne,Australian Open,2009-01-21,Grand Slam,Outdoor,Hard,2nd Round,5,Delic A.,Mathieu P.H.,127,29.0,728,2000.0,1.0,6.0,3.0,6.0,6.0,3.0,7.0,6.0,7.0,6.0,3.0,2.0,Completed,4.33,1.2,4.33,1.22,4.0,1.222,4.0,1.222,4.35,1.2
ATP,2009,6,Melbourne,Australian Open,2009-01-21,Grand Slam,Outdoor,Hard,2nd Round,5,Djokovic N.,Chardy J.,3,68.0,10650,1163.0,7.0,5.0,6.0,1.0,6.0,3.0,,,,,3.0,0.0,Completed,1.03,11.0,1.07,8.66,1.05,8.5,1.071,8.0,1.05,9.5
ATP,2009,6,Melbourne,Australian Open,2009-01-21,Grand Slam,Outdoor,Hard,2nd Round,5,Robredo T.,Troicki V.,22,53.0,2390,1395.0,6.0,1.0,6.0,3.0,6.0,0.0,,,,,3.0,0.0,Completed,1.53,2.37,1.54,2.51,1.533,2.375,1.533,2.5,1.54,2.4
ATP,2009,6,Melbourne,Australian Open,2009-01-21,Grand Slam,Outdoor,Hard,2nd Round,5,Berdych T.,Dabul B.,21,100.0,2400,940.0,6.0,1.0,6.0,1.0,6.0,3.0,,,,,3.0,0.0,Completed,1.05,9.0,1.08,7.94,1.071,7.5,1.071,8.0,1.04,10.5
ATP,2009,6,Melbourne,Australian Open,2009-01-21,Grand Slam,Outdoor,Hard,2nd Round,5,Wawrinka S.,Klein B.,16,249.0,2670,304.0,6.0,3.0,6.0,4.0,6.0,4.0,,,,,3.0,0.0,Completed,1.05,9.0,1.05,8.75,1.05,8.5,1.071,8.0,1.06,9.0
ATP,2009,6,Melbourne,Australian Open,2009-01-21,Grand Slam,Outdoor,Hard,2nd Round,5,Federer R.,Korolev E.,2,118.0,10700,808.0,6.0,2.0,6.0,3.0,6.0,1.0,,,,,3.0,0.0,Completed,1.0,21.0,1.01,16.0,1.01,17.0,1.004,21.0,1.01,20.0
ATP,2009,6,Melbourne,Australian Open,2009-01-21,Grand Slam,Outdoor,Hard,2nd Round,5,Lu Y.H.,Nalbandian D.,61,11.0,1244,3500.0,6.0,4.0,5.0,7.0,4.0,6.0,6.0,4.0,6.0,2.0,3.0,2.0,Completed,11.0,1.03,9.47,1.05,8.0,1.063,9.0,1.05,9.5,1.05
ATP,2009,6,Melbourne,Australian Open,2009-01-21,Grand Slam,Outdoor,Hard,2nd Round,5,Fish M.,Bolelli S.,24,39.0,2330,1686.0,6.0,4.0,6.0,1.0,7.0,5.0,,,,,3.0,0.0,Completed,1.53,2.37,1.65,2.2,1.615,2.2,1.615,2.25,1.6,2.28
ATP,2009,6,Melbourne,Australian Open,2009-01-21,Grand Slam,Outdoor,Hard,2nd Round,5,Baghdatis M.,Soderling R.,97,17.0,950,2650.0,3.0,6.0,7.0,5.0,6.0,3.0,6.0,3.0,,,3.0,1.0,Completed,2.25,1.57,2.2,1.65,2.25,1.571,2.2,1.667,2.3,1.6
ATP,2009,6,Melbourne,Australian Open,2009-01-21,Grand Slam,Outdoor,Hard,2nd Round,5,Santoro F.,Kohlschreiber P.,60,34.0,1268,1855.0,5.0,7.0,7.0,5.0,3.0,6.0,7.0,5.0,6.0,3.0,3.0,2.0,Completed,4.0,1.22,4.05,1.25,4.0,1.222,4.333,1.2,4.0,1.23
ATP,2009,6,Melbourne,Australian Open,2009-01-21,Grand Slam,Outdoor,Hard,2nd Round,5,Del Potro J.M.,Mayer F.,6,450.0,4060,127.0,6.0,1.0,7.0,5.0,6.0,2.0,,,,,3.0,0.0,Completed,1.01,13.0,1.05,9.5,1.05,8.5,1.05,9.0,1.03,12.0
ATP,2009,6,Melbourne,Australian Open,2009-01-21,Grand Slam,Outdoor,Hard,2nd Round,5,Roddick A.,Malisse X.,9,195.0,3940,428.0,4.0,6.0,6.0,2.0,7.0,6.0,6.0,2.0,,,3.0,1.0,Completed,1.08,7.0,1.13,5.95,1.111,6.0,1.1,6.5,1.12,6.0
ATP,2009,6,Melbourne,Australian Open,2009-01-21,Grand Slam,Outdoor,Hard,2nd Round,5,Muller G.,Tomic B.,87,768.0,988,42.0,3.0,6.0,6.0,1.0,6.0,4.0,6.0,2.0,,,3.0,1.0,Completed,1.2,4.33,1.25,3.95,1.25,3.75,1.286,3.5,1.2,4.3
ATP,2009,6,Melbourne,Australian Open,2009-01-22,Grand Slam,Outdoor,Hard,2nd Round,5,Gonzalez F.,Canas G.,14,77.0,2840,1086.0,7.0,5.0,6.0,3.0,6.0,4.0,,,,,3.0,0.0,Completed,1.2,4.33,1.21,4.75,1.2,4.333,1.25,3.75,1.23,4.0
ATP,2009,6,Melbourne,Australian Open,2009-01-22,Grand Slam,Outdoor,Hard,2nd Round,5,Melzer J.,Beck A.,32,103.0,1868,926.0,5.0,7.0,7.0,6.0,6.0,4.0,6.0,3.0,,,3.0,1.0,Completed,1.38,2.87,1.42,2.9,1.444,2.625,1.4,2.875,1.4,2.9
ATP,2009,6,Melbourne,Australian Open,2009-01-22,Grand Slam,Outdoor,Hard,2nd Round,5,Simon G.,Guccione C.,8,132.0,3960,706.0,6.0,7.0,6.0,4.0,6.0,1.0,6.0,2.0,,,3.0,1.0,Completed,1.16,4.5,1.22,4.33,1.222,4.0,1.222,4.0,1.23,4.0
ATP,2009,6,Melbourne,Australian Open,2009-01-22,Grand Slam,Outdoor,Hard,2nd Round,5,Sela D.,Hanescu V.,106,44.0,908,1531.0,6.0,3.0,6.0,3.0,6.0,2.0,,,,,3.0,0.0,Completed,1.66,2.1,1.73,2.12,1.833,1.833,1.667,2.2,1.72,2.08
ATP,2009,6,Melbourne,Australian Open,2009-01-22,Grand Slam,Outdoor,Hard,2nd Round,5,Gasquet R.,Istomin D.,25,105.0,2330,910.0,6.0,3.0,6.0,4.0,6.0,4.0,,,,,3.0,0.0,Completed,1.06,8.0,1.13,5.95,1.083,7.0,1.1,6.5,1.13,5.7
ATP,2009,6,Melbourne,Australian Open,2009-01-22,Grand Slam,Outdoor,Hard,2nd Round,5,Almagro N.,Fognini F.,18,88.0,2540,986.0,6.0,2.0,7.0,5.0,6.0,0.0,,,,,3.0,0.0,Completed,1.28,3.5,1.35,3.3,1.333,3.25,1.333,3.25,1.32,3.3
ATP,2009,6,Melbourne,Australian Open,2009-01-22,Grand Slam,Outdoor,Hard,2nd Round,5,Haas T.,Cipolla F.,79,138.0,1050,664.0,6.0,1.0,6.0,2.0,6.0,1.0,,,,,3.0,0.0,Completed,1.22,4.0,1.25,3.95,1.25,3.75,1.25,3.75,1.23,4.0
ATP,2009,6,Melbourne,Australian Open,2009-01-22,Grand Slam,Outdoor,Hard,2nd Round,5,Ancic M.,Karlovic I.,36,26.0,1805,2295.0,5.0,7.0,7.0,5.0,4.0,6.0,6.0,4.0,6.0,3.0,3.0,2.0,Completed,1.57,2.25,1.65,2.2,1.667,2.1,1.571,2.375,1.64,2.2
ATP,2009,6,Melbourne,Australian Open,2009-01-22,Grand Slam,Outdoor,Hard,2nd Round,5,Stepanek R.,Berrer M.,23,134.0,2360,684.0,6.0,3.0,6.0,2.0,6.0,7.0,7.0,5.0,,,3.0,1.0,Completed,1.1,6.5,1.15,5.6,1.111,6.0,1.167,5.0,1.14,5.5
ATP,2009,6,Melbourne,Australian Open,2009-01-22,Grand Slam,Outdoor,Hard,2nd Round,5,Nadal R.,Karanusic R.,1,92.0,13160,974.0,6.0,2.0,6.0,3.0,6.0,2.0,,,,,3.0,0.0,Completed,1.0,34.0,1.01,16.0,1.005,21.0,1.004,21.0,1.01,20.0
ATP,2009,6,Melbourne,Australian Open,2009-01-22,Grand Slam,Outdoor,Hard,2nd Round,5,Verdasco F.,Clement A.,15,89.0,2830,980.0,6.0,1.0,6.0,1.0,6.0,2.0,,,,,3.0,0.0,Completed,1.12,5.5,1.15,5.6,1.125,5.5,1.125,6.0,1.13,5.6
ATP,2009,6,Melbourne,Australian Open,2009-01-22,Grand Slam,Outdoor,Hard,2nd Round,5,Monfils G.,Koubek S.,13,183.0,3010,457.0,6.0,4.0,6.0,4.0,3.0,6.0,6.0,2.0,,,3.0,1.0,Completed,1.14,5.0,1.16,5.41,1.125,5.5,1.143,5.5,1.16,5.1
ATP,2009,6,Melbourne,Australian Open,2009-01-22,Grand Slam,Outdoor,Hard,2nd Round,5,Tsonga J.W.,Ljubicic I.,7,55.0,3995,1376.0,6.0,7.0,7.0,6.0,7.0,6.0,6.0,2.0,,,3.0,1.0,Completed,1.14,5.0,1.19,4.76,1.143,5.0,1.143,5.5,1.16,5.0
ATP,2009,6,Melbourne,Australian Open,2009-01-22,Grand Slam,Outdoor,Hard,2nd Round,5,Andreev I.,Gulbis E.,19,52.0,2490,1438.0,6.0,4.0,6.0,4.0,5.0,7.0,3.0,6.0,6.0,4.0,3.0,2.0,Completed,2.37,1.53,2.44,1.56,2.25,1.571,2.375,1.571,2.4,1.55
ATP,2009,6,Melbourne,Australian Open,2009-01-22,Grand Slam,Outdoor,Hard,2nd Round,5,Blake J.,De Chaunac S.,10,253.0,3550,300.0,6.0,3.0,6.0,2.0,6.0,3.0,,,,,3.0,0.0,Completed,1.05,9.0,1.07,8.66,1.071,7.5,1.083,7.0,1.06,8.75
ATP,2009,6,Melbourne,Australian Open,2009-01-22,Grand Slam,Outdoor,Hard,2nd Round,5,Murray A.,Granollers M.,4,51.0,7190,1444.0,6.0,4.0,6.0,2.0,6.0,2.0,,,,,3.0,0.0,Completed,1.0,21.0,1.02,13.5,1.015,13.0,1.02,13.0,1.01,20.0
ATP,2009,6,Melbourne,Australian Open,2009-01-23,Grand Slam,Outdoor,Hard,3rd Round,5,Del Potro J.M.,Muller G.,6,87.0,4060,988.0,6.0,7.0,7.0,5.0,6.0,3.0,7.0,5.0,,,3.0,1.0,Completed,1.06,8.0,1.1,6.75,1.071,7.5,1.083,7.0,1.07,8.0
ATP,2009,6,Melbourne,Australian Open,2009-01-23,Grand Slam,Outdoor,Hard,3rd Round,5,Cilic M.,Ferrer D.,20,12.0,2450,3390.0,7.0,6.0,6.0,3.0,6.0,4.0,,,,,3.0,0.0,Completed,1.53,2.37,1.65,2.25,1.615,2.2,1.615,2.25,1.68,2.15
ATP,2009,6,Melbourne,Australian Open,2009-01-23,Grand Slam,Outdoor,Hard,3rd Round,5,Djokovic N.,Delic A.,3,127.0,10650,728.0,6.0,2.0,4.0,6.0,6.0,3.0,7.0,6.0,,,3.0,1.0,Completed,1.01,13.0,1.03,12.7,1.02,11.0,1.04,10.0,1.02,15.0
ATP,2009,6,Melbourne,Australian Open,2009-01-23,Grand Slam,Outdoor,Hard,3rd Round,5,Robredo T.,Lu Y.H.,22,61.0,2390,1244.0,6.0,1.0,6.0,3.0,6.0,2.0,,,,,3.0,0.0,Completed,1.25,3.75,1.32,3.4,1.3,3.4,1.286,3.5,1.3,3.45
ATP,2009,6,Melbourne,Australian Open,2009-01-23,Grand Slam,Outdoor,Hard,3rd Round,5,Roddick A.,Santoro F.,9,60.0,3940,1268.0,6.0,3.0,6.0,4.0,6.0,2.0,,,,,3.0,0.0,Completed,1.04,10.0,1.06,9.07,1.083,7.0,1.05,9.0,1.05,9.5
ATP,2009,6,Melbourne,Australian Open,2009-01-23,Grand Slam,Outdoor,Hard,3rd Round,5,Berdych T.,Wawrinka S.,21,16.0,2400,2670.0,4.0,6.0,6.0,1.0,6.0,3.0,6.0,4.0,,,3.0,1.0,Completed,1.53,2.37,1.54,2.51,1.615,2.2,1.571,2.375,1.54,2.4
ATP,2009,6,Melbourne,Australian Open,2009-01-23,Grand Slam,Outdoor,Hard,3rd Round,5,Federer R.,Safin M.,2,27.0,10700,2050.0,6.0,3.0,6.0,2.0,7.0,6.0,,,,,3.0,0.0,Completed,1.05,9.0,1.1,6.75,1.05,8.5,1.1,6.5,1.1,6.75
ATP,2009,6,Melbourne,Australian Open,2009-01-23,Grand Slam,Outdoor,Hard,3rd Round,5,Baghdatis M.,Fish M.,97,24.0,950,2330.0,6.0,2.0,6.0,4.0,6.0,4.0,,,,,3.0,0.0,Completed,1.5,2.5,1.6,2.4,1.533,2.375,1.571,2.375,1.57,2.34
ATP,2009,6,Melbourne,Australian Open,2009-01-24,Grand Slam,Outdoor,Hard,3rd Round,5,Monfils G.,Almagro N.,13,18.0,3010,2540.0,6.0,4.0,6.0,3.0,7.0,5.0,,,,,3.0,0.0,Completed,1.14,5.0,1.25,3.95,1.222,4.0,1.2,4.333,1.2,4.3
ATP,2009,6,Melbourne,Australian Open,2009-01-24,Grand Slam,Outdoor,Hard,3rd Round,5,Simon G.,Ancic M.,8,36.0,3960,1805.0,7.0,6.0,6.0,4.0,6.0,2.0,,,,,3.0,0.0,Completed,1.53,2.37,1.5,2.55,1.533,2.375,1.533,2.5,1.5,2.55
ATP,2009,6,Melbourne,Australian Open,2009-01-24,Grand Slam,Outdoor,Hard,3rd Round,5,Verdasco F.,Stepanek R.,15,23.0,2830,2360.0,6.0,4.0,6.0,0.0,6.0,0.0,,,,,3.0,0.0,Completed,1.5,2.5,1.48,2.7,1.615,2.2,1.571,2.375,1.58,2.32
ATP,2009,6,Melbourne,Australian Open,2009-01-24,Grand Slam,Outdoor,Hard,3rd Round,5,Tsonga J.W.,Sela D.,7,106.0,3995,908.0,6.0,4.0,6.0,2.0,1.0,6.0,6.0,1.0,,,3.0,1.0,Completed,1.11,6.0,1.1,6.75,1.111,6.0,1.1,6.5,1.11,6.2
ATP,2009,6,Melbourne,Australian Open,2009-01-24,Grand Slam,Outdoor,Hard,3rd Round,5,Blake J.,Andreev I.,10,19.0,3550,2490.0,6.0,3.0,6.0,2.0,3.0,6.0,6.0,1.0,,,3.0,1.0,Completed,1.36,3.0,1.32,3.4,1.5,2.5,1.364,3.0,1.35,3.1
ATP,2009,6,Melbourne,Australian Open,2009-01-24,Grand Slam,Outdoor,Hard,3rd Round,5,Gonzalez F.,Gasquet R.,14,25.0,2840,2330.0,3.0,6.0,3.0,6.0,7.0,6.0,6.0,2.0,7.0,6.0,3.0,2.0,Completed,1.66,2.1,1.7,2.15,1.833,1.833,1.667,2.2,1.64,2.2
ATP,2009,6,Melbourne,Australian Open,2009-01-24,Grand Slam,Outdoor,Hard,3rd Round,5,Murray A.,Melzer J.,4,32.0,7190,1868.0,7.0,5.0,6.0,0.0,6.0,3.0,,,,,3.0,0.0,Completed,1.02,13.0,1.05,9.5,1.063,8.0,1.063,8.0,1.06,9.0
ATP,2009,6,Melbourne,Australian Open,2009-01-24,Grand Slam,Outdoor,Hard,3rd Round,5,Nadal R.,Haas T.,1,79.0,13160,1050.0,6.0,4.0,6.0,2.0,6.0,2.0,,,,,3.0,0.0,Completed,1.03,11.0,1.05,9.5,1.063,8.0,1.05,9.0,1.07,8.5
ATP,2009,6,Melbourne,Australian Open,2009-01-25,Grand Slam,Outdoor,Hard,4th Round,5,Del Potro J.M.,Cilic M.,6,20.0,4060,2450.0,5.0,7.0,6.0,4.0,6.0,4.0,6.0,2.0,,,3.0,1.0,Completed,1.44,2.62,1.44,2.84,1.444,2.625,1.444,2.75,1.45,2.67
ATP,2009,6,Melbourne,Australian Open,2009-01-25,Grand Slam,Outdoor,Hard,4th Round,5,Federer R.,Berdych T.,2,21.0,10700,2400.0,4.0,6.0,6.0,7.0,6.0,4.0,6.0,4.0,6.0,2.0,3.0,2.0,Completed,1.03,11.0,1.06,9.0,1.063,8.0,1.071,8.0,1.06,8.7
ATP,2009,6,Melbourne,Australian Open,2009-01-25,Grand Slam,Outdoor,Hard,4th Round,5,Roddick A.,Robredo T.,9,22.0,3940,2390.0,7.0,5.0,6.0,1.0,6.0,3.0,,,,,3.0,0.0,Completed,1.16,4.5,1.22,4.33,1.167,4.5,1.222,4.0,1.16,5.0
ATP,2009,6,Melbourne,Australian Open,2009-01-25,Grand Slam,Outdoor,Hard,4th Round,5,Djokovic N.,Baghdatis M.,3,97.0,10650,950.0,6.0,1.0,7.0,6.0,6.0,7.0,6.0,2.0,,,3.0,1.0,Completed,1.25,3.75,1.33,3.34,1.286,3.5,1.286,3.5,1.26,3.7
ATP,2009,6,Melbourne,Australian Open,2009-01-26,Grand Slam,Outdoor,Hard,4th Round,5,Simon G.,Monfils G.,8,13.0,3960,3010.0,6.0,4.0,2.0,6.0,6.0,1.0,,,,,2.0,1.0,Retired,1.72,2.0,1.9,1.9,1.909,1.8,1.9,1.9,1.84,1.92
ATP,2009,6,Melbourne,Australian Open,2009-01-26,Grand Slam,Outdoor,Hard,4th Round,5,Verdasco F.,Murray A.,15,4.0,2830,7190.0,2.0,6.0,6.0,1.0,1.0,6.0,6.0,3.0,6.0,4.0,3.0,2.0,Completed,6.5,1.11,5.6,1.15,6.5,1.1,6.0,1.125,6.3,1.11
ATP,2009,6,Melbourne,Australian Open,2009-01-26,Grand Slam,Outdoor,Hard,4th Round,5,Nadal R.,Gonzalez F.,1,14.0,13160,2840.0,6.0,3.0,6.0,2.0,6.0,4.0,,,,,3.0,0.0,Completed,1.05,9.0,1.07,10.0,1.083,7.0,1.083,7.0,1.07,8.0
ATP,2009,6,Melbourne,Australian Open,2009-01-26,Grand Slam,Outdoor,Hard,4th Round,5,Tsonga J.W.,Blake J.,7,10.0,3995,3550.0,6.0,4.0,6.0,4.0,7.0,6.0,,,,,3.0,0.0,Completed,1.44,2.62,1.54,2.52,1.5,2.5,1.533,2.5,1.57,2.35
ATP,2009,6,Melbourne,Australian Open,2009-01-27,Grand Slam,Outdoor,Hard,Quarterfinals,5,Roddick A.,Djokovic N.,9,3.0,3940,10650.0,6.0,7.0,6.0,4.0,6.0,2.0,2.0,1.0,,,2.0,1.0,Retired,3.2,1.36,3.16,1.36,3.0,1.364,3.25,1.333,2.85,1.4
ATP,2009,6,Melbourne,Australian Open,2009-01-27,Grand Slam,Outdoor,Hard,Quarterfinals,5,Federer R.,Del Potro J.M.,2,6.0,10700,4060.0,6.0,3.0,6.0,0.0,6.0,0.0,,,,,3.0,0.0,Completed,1.16,5.0,1.2,4.35,1.2,4.333,1.2,4.5,1.19,4.55
ATP,2009,6,Melbourne,Australian Open,2009-01-28,Grand Slam,Outdoor,Hard,Quarterfinals,5,Verdasco F.,Tsonga J.W.,15,7.0,2830,3995.0,7.0,6.0,3.0,6.0,6.0,3.0,6.0,2.0,,,3.0,1.0,Completed,2.62,1.5,2.55,1.5,2.5,1.5,2.5,1.533,2.55,1.5
ATP,2009,6,Melbourne,Australian Open,2009-01-28,Grand Slam,Outdoor,Hard,Quarterfinals,5,Nadal R.,Simon G.,1,8.0,13160,3960.0,6.0,2.0,7.0,5.0,7.0,5.0,,,,,3.0,0.0,Completed,1.07,8.0,1.09,7.33,1.063,8.0,1.1,6.5,1.11,6.3
ATP,2009,6,Melbourne,Australian Open,2009-01-29,Grand Slam,Outdoor,Hard,Semifinals,5,Federer R.,Roddick A.,2,9.0,10700,3940.0,6.0,2.0,7.0,5.0,7.0,5.0,,,,,3.0,0.0,Completed,1.11,6.5,1.14,5.56,1.111,6.0,1.13,6.0,1.1,6.75
ATP,2009,6,Melbourne,Australian Open,2009-01-30,Grand Slam,Outdoor,Hard,Semifinals,5,Nadal R.,Verdasco F.,1,15.0,13160,2830.0,6.0,7.0,6.0,4.0,7.0,6.0,6.0,7.0,6.0,4.0,3.0,2.0,Completed,1.12,6.0,1.13,5.95,1.111,6.0,1.14,5.5,1.12,6.0
ATP,2009,6,Melbourne,Australian Open,2009-02-01,Grand Slam,Outdoor,Hard,The Final,5,Nadal R.,Federer R.,1,2.0,13160,10700.0,7.0,5.0,3.0,6.0,7.0,6.0,3.0,6.0,6.0,2.0,3.0,2.0,Completed,2.25,1.61,2.4,1.6,2.1,1.667,2.38,1.57,2.25,1.65
ATP,2009,31,Paris,French Open,2009-05-24,Grand Slam,Outdoor,Clay,1st Round,5,Golubev A.,Gremelmayr D.,88,158.0,832,477.0,6.0,3.0,6.0,3.0,6.0,2.0,,,,,3.0,0.0,Completed,1.8,1.9,1.9,1.9,1.8,1.909,1.833,1.833,1.88,1.88
ATP,2009,31,Paris,French Open,2009-05-24,Grand Slam,Outdoor,Clay,1st Round,5,Hewitt L.,Karlovic I.,48,28.0,1190,1665.0,6.0,7.0,6.0,7.0,7.0,6.0,6.0,4.0,6.0,3.0,3.0,2.0,Completed,1.44,2.62,1.46,2.73,1.44,2.62,1.4,2.88,1.48,2.6
ATP,2009,31,Paris,French Open,2009-05-24,Grand Slam,Outdoor,Clay,1st Round,5,Sela D.,Lisnard J.R.,55,220.0,1100,332.0,6.0,4.0,6.0,3.0,4.0,6.0,6.0,3.0,,,3.0,1.0,Completed,2.0,1.72,2.27,1.64,1.909,1.8,2.0,1.727,1.94,1.83
ATP,2009,31,Paris,French Open,2009-05-24,Grand Slam,Outdoor,Clay,1st Round,5,Montcourt M.,Lu Y.H.,123,75.0,636,927.0,6.0,2.0,,,,,,,,,1.0,0.0,Retired,1.16,4.5,1.22,4.14,1.3,3.4,1.29,3.25,1.28,3.55
ATP,2009,31,Paris,French Open,2009-05-24,Grand Slam,Outdoor,Clay,1st Round,5,Cilic M.,Hernych J.,13,74.0,2670,931.0,6.0,0.0,6.0,4.0,6.0,3.0,,,,,3.0,0.0,Completed,1.12,5.5,1.15,5.6,1.16,4.5,1.2,4.0,1.18,4.65
ATP,2009,31,Paris,French Open,2009-05-24,Grand Slam,Outdoor,Clay,1st Round,5,Ouanna J.,Granollers M.,134,96.0,567,805.0,7.0,5.0,2.0,6.0,3.0,6.0,7.0,6.0,6.0,1.0,3.0,2.0,Completed,2.62,1.44,2.51,1.54,2.5,1.5,2.5,1.5,2.6,1.48
ATP,2009,31,Paris,French Open,2009-05-24,Grand Slam,Outdoor,Clay,1st Round,5,Safin M.,Sidorenko A.,22,145.0,1845,527.0,6.0,4.0,6.0,4.0,6.0,4.0,,,,,3.0,0.0,Completed,1.2,4.33,1.22,4.33,1.167,4.5,1.222,4.0,1.21,4.25
ATP,2009,31,Paris,French Open,2009-05-24,Grand Slam,Outdoor,Clay,1st Round,5,Verdasco F.,Serra F.,8,47.0,3830,1196.0,6.0,2.0,6.0,1.0,6.0,4.0,,,,,3.0,0.0,Completed,1.03,11.0,1.06,9.21,1.063,8.0,1.071,7.0,1.07,8.0
ATP,2009,31,Paris,French Open,2009-05-24,Grand Slam,Outdoor,Clay,1st Round,5,Petzschner P.,Polansky P.,67,279.0,990,235.0,5.0,7.0,6.0,2.0,7.0,6.0,4.0,6.0,6.0,3.0,3.0,2.0,Completed,2.25,1.57,2.27,1.64,2.25,1.571,1.909,1.833,2.52,1.5
ATP,2009,31,Paris,French Open,2009-05-24,Grand Slam,Outdoor,Clay,1st Round,5,Almagro N.,Calleri A.,34,118.0,1525,695.0,6.0,4.0,6.0,1.0,6.0,3.0,,,,,3.0,0.0,Completed,1.14,5.0,1.2,4.55,1.222,4.0,1.2,4.0,1.17,4.8
ATP,2009,31,Paris,French Open,2009-05-24,Grand Slam,Outdoor,Clay,1st Round,5,Simon G.,Odesnik W.,7,87.0,3890,836.0,3.0,6.0,7.0,5.0,6.0,2.0,4.0,6.0,6.0,3.0,3.0,2.0,Completed,1.16,4.5,1.2,4.55,1.167,4.5,1.167,4.5,1.21,4.2
ATP,2009,31,Paris,French Open,2009-05-24,Grand Slam,Outdoor,Clay,1st Round,5,Kendrick R.,Brands D.,86,129.0,839,610.0,6.0,7.0,7.0,5.0,7.0,6.0,4.0,6.0,6.0,3.0,3.0,2.0,Completed,2.62,1.44,2.35,1.57,2.625,1.444,2.5,1.5,2.52,1.5
ATP,2009,31,Paris,French Open,2009-05-24,Grand Slam,Outdoor,Clay,1st Round,5,Ferrer D.,Gil F.,14,66.0,2540,991.0,6.0,2.0,6.0,4.0,6.0,4.0,,,,,3.0,0.0,Completed,1.1,6.5,1.12,6.0,1.1,6.5,1.1,6.0,1.12,6.0
ATP,2009,31,Paris,French Open,2009-05-24,Grand Slam,Outdoor,Clay,1st Round,5,Stepanek R.,Gaudio G.,19,357.0,2100,166.0,6.0,3.0,6.0,4.0,6.0,1.0,,,,,3.0,0.0,Completed,1.25,3.75,1.3,3.56,1.286,3.5,1.25,3.5,1.32,3.3
ATP,2009,31,Paris,French Open,2009-05-24,Grand Slam,Outdoor,Clay,1st Round,5,Murray A.,Chela J.I.,3,183.0,9020,407.0,6.0,2.0,6.0,2.0,6.0,1.0,,,,,3.0,0.0,Completed,1.07,7.5,1.07,8.25,1.083,7.0,1.1,6.0,1.09,7.0
ATP,2009,31,Paris,French Open,2009-05-24,Grand Slam,Outdoor,Clay,1st Round,5,Gulbis E.,Querrey S.,40,54.0,1360,1140.0,7.0,6.0,6.0,1.0,3.0,6.0,6.0,1.0,,,3.0,1.0,Completed,1.72,2.0,1.76,2.07,1.8,1.909,1.73,2.0,1.86,1.9
ATP,2009,31,Paris,French Open,2009-05-25,Grand Slam,Outdoor,Clay,1st Round,5,Youzhny M.,Muller G.,42,79.0,1275,894.0,7.0,6.0,6.0,1.0,6.0,4.0,,,,,3.0,0.0,Completed,1.07,7.5,1.09,7.54,1.071,7.5,1.1,6.0,1.09,7.0
ATP,2009,31,Paris,French Open,2009-05-25,Grand Slam,Outdoor,Clay,1st Round,5,Davydenko N.,Koubek S.,11,199.0,2945,363.0,6.0,2.0,6.0,1.0,6.0,4.0,,,,,3.0,0.0,Completed,1.07,7.5,1.09,7.5,1.1,6.5,1.071,7.0,1.09,7.0
ATP,2009,31,Paris,French Open,2009-05-25,Grand Slam,Outdoor,Clay,1st Round,5,Soderling R.,Kim K.,25,91.0,1775,821.0,7.0,6.0,7.0,6.0,6.0,2.0,,,,,3.0,0.0,Completed,1.02,12.0,1.05,9.5,1.03,10.0,1.04,9.0,1.03,12.0
ATP,2009,31,Paris,French Open,2009-05-25,Grand Slam,Outdoor,Clay,1st Round,5,Wawrinka S.,Devilder N.,18,60.0,2155,1042.0,6.0,3.0,5.0,7.0,2.0,6.0,6.0,4.0,6.0,4.0,3.0,2.0,Completed,1.05,9.0,1.05,10.0,1.04,9.0,1.04,9.0,1.04,11.0
ATP,2009,31,Paris,French Open,2009-05-25,Grand Slam,Outdoor,Clay,1st Round,5,Kiefer N.,Bozoljac I.,37,131.0,1450,598.0,7.0,6.0,3.0,6.0,7.0,5.0,6.0,4.0,,,3.0,1.0,Completed,1.33,3.25,1.35,3.2,1.333,3.25,1.4,2.75,1.33,3.2
ATP,2009,31,Paris,French Open,2009-05-25,Grand Slam,Outdoor,Clay,1st Round,5,Istomin D.,Giraldo S.,92,125.0,821,619.0,6.0,3.0,6.0,7.0,6.0,3.0,7.0,6.0,,,3.0,1.0,Completed,3.0,1.36,3.29,1.34,3.0,1.364,3.0,1.33,3.15,1.34
ATP,2009,31,Paris,French Open,2009-05-25,Grand Slam,Outdoor,Clay,1st Round,5,Starace P.,Zverev M.,104,51.0,768,1165.0,6.0,7.0,7.0,5.0,1.0,0.0,,,,,1.0,1.0,Retired,2.0,1.72,2.15,1.7,1.833,1.833,1.91,1.8,1.88,1.88
ATP,2009,31,Paris,French Open,2009-05-25,Grand Slam,Outdoor,Clay,1st Round,5,Hanescu V.,Darcis S.,33,90.0,1541,823.0,7.0,6.0,7.0,6.0,7.0,6.0,,,,,3.0,0.0,Completed,1.28,3.5,1.29,3.66,1.333,3.25,1.29,3.25,1.26,3.7
ATP,2009,31,Paris,French Open,2009-05-25,Grand Slam,Outdoor,Clay,1st Round,5,Massu N.,Koellerer D.,120,77.0,674,901.0,6.0,3.0,6.0,4.0,1.0,6.0,2.0,6.0,6.0,3.0,3.0,2.0,Completed,2.1,1.66,2.2,1.65,2.1,1.66,2.1,1.67,2.2,1.64
ATP,2009,31,Paris,French Open,2009-05-25,Grand Slam,Outdoor,Clay,1st Round,5,Nadal R.,Daniel M.,1,97.0,14960,798.0,7.0,5.0,6.0,4.0,6.0,3.0,,,,,3.0,0.0,Completed,1.002,34.0,1.01,33.0,1.005,21.0,1.002,26.0,1.01,30.0
ATP,2009,31,Paris,French Open,2009-05-25,Grand Slam,Outdoor,Clay,1st Round,5,Gonzalez F.,Vanek J.,12,155.0,2945,487.0,6.0,3.0,6.0,2.0,6.0,3.0,,,,,3.0,0.0,Completed,1.02,12.0,1.03,11.5,1.03,10.0,1.03,10.0,1.03,12.0
ATP,2009,31,Paris,French Open,2009-05-25,Grand Slam,Outdoor,Clay,1st Round,5,Machado R.,Vliegen K.,130,94.0,605,814.0,6.0,2.0,6.0,4.0,4.0,6.0,2.0,6.0,6.0,3.0,3.0,2.0,Completed,1.61,2.2,1.61,2.28,1.61,2.2,1.727,2.0,1.73,2.06
ATP,2009,31,Paris,French Open,2009-05-25,Grand Slam,Outdoor,Clay,1st Round,5,Tipsarevic J.,Montanes A.,64,36.0,1005,1484.0,3.0,6.0,7.0,6.0,7.0,6.0,6.0,4.0,,,3.0,1.0,Completed,1.9,1.8,1.9,1.9,1.909,1.8,1.833,1.833,1.97,1.8
ATP,2009,31,Paris,French Open,2009-05-25,Grand Slam,Outdoor,Clay,1st Round,5,Lopez F.,Ferreiro F.,30,185.0,1620,402.0,6.0,7.0,4.0,6.0,7.0,6.0,7.0,5.0,6.0,2.0,3.0,2.0,Completed,1.3,3.4,1.34,3.29,1.364,3.0,1.33,3.0,1.38,2.95
ATP,2009,31,Paris,French Open,2009-05-25,Grand Slam,Outdoor,Clay,1st Round,5,Rufin G.,Schwank E.,599,81.0,68,872.0,6.0,1.0,6.0,3.0,6.0,3.0,,,,,3.0,0.0,Completed,6.5,1.1,6.75,1.1,5.5,1.125,7.0,1.071,5.0,1.16
ATP,2009,31,Paris,French Open,2009-05-25,Grand Slam,Outdoor,Clay,1st Round,5,Mathieu P.H.,Recouderc L.,35,138.0,1490,551.0,6.0,4.0,6.0,4.0,6.0,1.0,,,,,3.0,0.0,Completed,1.14,5.0,1.15,5.6,1.143,5.0,1.1,6.0,1.15,5.2
ATP,2009,31,Paris,French Open,2009-05-25,Grand Slam,Outdoor,Clay,1st Round,5,Gabashvili T.,Kunitsyn I.,72,43.0,951,1225.0,6.0,7.0,7.0,6.0,6.0,3.0,6.0,1.0,,,3.0,1.0,Completed,2.2,1.61,2.15,1.7,2.1,1.667,2.1,1.667,2.05,1.74
ATP,2009,31,Paris,French Open,2009-05-25,Grand Slam,Outdoor,Clay,1st Round,5,Acasuso J.,Ventura S.,45,122.0,1210,646.0,3.0,6.0,7.0,6.0,6.0,0.0,6.0,3.0,,,3.0,1.0,Completed,1.57,2.25,1.65,2.25,1.571,2.25,1.571,2.25,1.67,2.15
ATP,2009,31,Paris,French Open,2009-05-25,Grand Slam,Outdoor,Clay,1st Round,5,Federer R.,Martin A.,2,98.0,10470,795.0,6.0,4.0,6.0,3.0,6.0,2.0,,,,,3.0,0.0,Completed,1.005,21.0,1.01,16.0,1.01,17.0,1.01,26.0,1.01,30.0
ATP,2009,31,Paris,French Open,2009-05-25,Grand Slam,Outdoor,Clay,1st Round,5,Junqueira D.,Capdeville P.,80,76.0,883,919.0,3.0,6.0,7.0,5.0,6.0,1.0,6.0,3.0,,,3.0,1.0,Completed,1.9,1.8,2.0,1.8,2.0,1.72,2.0,1.73,1.94,1.82
ATP,2009,31,Paris,French Open,2009-05-25,Grand Slam,Outdoor,Clay,1st Round,5,Bolelli S.,Berdych T.,58,20.0,1056,1970.0,6.0,4.0,6.0,4.0,5.0,7.0,4.0,6.0,6.0,3.0,3.0,2.0,Completed,2.62,1.44,2.5,1.57,2.5,1.5,2.625,1.444,2.55,1.5
ATP,2009,31,Paris,French Open,2009-05-25,Grand Slam,Outdoor,Clay,1st Round,5,Andujar P.,Ginepri R.,101,69.0,771,975.0,6.0,4.0,7.0,6.0,7.0,6.0,,,,,3.0,0.0,Completed,1.9,1.8,1.93,1.87,1.909,1.8,2.0,1.727,1.94,1.82
ATP,2009,31,Paris,French Open,2009-05-25,Grand Slam,Outdoor,Clay,1st Round,5,Roddick A.,Jouan R.,6,305.0,4220,204.0,6.0,2.0,6.0,4.0,6.0,2.0,,,,,3.0,0.0,Completed,1.02,12.0,1.04,12.0,1.03,10.0,1.04,9.0,1.04,11.0
ATP,2009,31,Paris,French Open,2009-05-25,Grand Slam,Outdoor,Clay,1st Round,5,Vassallo-Arguello M.,Bellucci T.,49,119.0,1181,681.0,6.0,4.0,6.0,7.0,5.0,5.0,,,,,1.0,1.0,Retired,1.72,2.0,1.73,2.12,1.72,2.0,1.73,2.0,1.77,2.0
ATP,2009,31,Paris,French Open,2009-05-25,Grand Slam,Outdoor,Clay,1st Round,5,Melzer J.,Roitman S.,26,100.0,1735,785.0,6.0,4.0,7.0,6.0,6.0,0.0,,,,,3.0,0.0,Completed,1.11,7.0,1.13,6.0,1.143,5.0,1.143,5.0,1.15,5.2
ATP,2009,31,Paris,French Open,2009-05-25,Grand Slam,Outdoor,Clay,1st Round,5,Chardy J.,Alves T.,39,117.0,1394,712.0,6.0,2.0,7.0,6.0,6.0,3.0,,,,,3.0,0.0,Completed,,,,,,,,,,
ATP,2009,31,Paris,French Open,2009-05-25,Grand Slam,Outdoor,Clay,1st Round,5,Andreev I.,Fognini F.,27,62.0,1680,1020.0,1.0,6.0,6.0,3.0,6.0,1.0,3.0,6.0,7.0,5.0,3.0,2.0,Completed,1.53,2.37,1.65,2.26,1.533,2.375,1.5,2.5,1.6,2.28
ATP,2009,31,Paris,French Open,2009-05-25,Grand Slam,Outdoor,Clay,1st Round,5,Minar I.,Hernandez O.,85,61.0,840,1024.0,6.0,3.0,7.0,6.0,6.0,3.0,,,,,3.0,0.0,Completed,3.4,1.3,3.25,1.35,3.0,1.364,2.88,1.36,3.2,1.33
ATP,2009,31,Paris,French Open,2009-05-26,Grand Slam,Outdoor,Clay,1st Round,5,Beck A.,Navarro-Pastor I.,59,89.0,1042,831.0,7.0,6.0,6.0,4.0,6.0,1.0,,,,,3.0,0.0,Completed,1.25,3.75,1.25,4.0,1.25,3.75,1.22,3.75,1.25,3.8
ATP,2009,31,Paris,French Open,2009-05-26,Grand Slam,Outdoor,Clay,1st Round,5,Gicquel M.,Schuettler R.,46,29.0,1205,1645.0,6.0,0.0,6.0,0.0,6.0,4.0,,,,,3.0,0.0,Completed,1.36,3.0,1.33,3.4,1.333,3.25,1.333,3.0,1.34,3.15
ATP,2009,31,Paris,French Open,2009-05-26,Grand Slam,Outdoor,Clay,1st Round,5,Troicki V.,Kubot L.,32,142.0,1547,537.0,3.0,6.0,6.0,3.0,6.0,4.0,6.0,7.0,6.0,3.0,3.0,2.0,Completed,1.33,3.25,1.29,3.65,1.333,3.25,1.33,3.0,1.33,3.2
ATP,2009,31,Paris,French Open,2009-05-26,Grand Slam,Outdoor,Clay,1st Round,5,Del Potro J.M.,Llodra M.,5,78.0,4830,898.0,6.0,3.0,6.0,3.0,6.0,1.0,,,,,3.0,0.0,Completed,1.04,10.0,1.04,11.0,1.04,9.0,1.05,8.0,1.05,9.5
ATP,2009,31,Paris,French Open,2009-05-26,Grand Slam,Outdoor,Clay,1st Round,5,Crivoi V.,Greul S.,99,111.0,790,731.0,6.0,1.0,7.0,6.0,6.0,2.0,,,,,3.0,0.0,Completed,1.72,2.0,1.75,2.05,1.667,2.1,1.67,2.1,1.74,2.04
ATP,2009,31,Paris,French Open,2009-05-26,Grand Slam,Outdoor,Clay,1st Round,5,Monfils G.,Reynolds B.,10,83.0,3150,860.0,6.0,2.0,6.0,3.0,6.0,1.0,,,,,3.0,0.0,Completed,1.12,5.5,1.19,4.65,1.143,5.0,1.1,6.0,1.16,5.0
ATP,2009,31,Paris,French Open,2009-05-26,Grand Slam,Outdoor,Clay,1st Round,5,Djokovic N.,Lapentti N.,4,102.0,8830,770.0,6.0,3.0,3.0,1.0,,,,,,,1.0,0.0,Retired,1.01,15.0,1.02,13.5,1.02,11.0,1.01,13.0,1.02,15.0
ATP,2009,31,Paris,French Open,2009-05-26,Grand Slam,Outdoor,Clay,1st Round,5,Gimeno-Traver D.,Korolev E.,113,95.0,719,809.0,6.0,4.0,,,,,,,,,1.0,0.0,Retired,2.37,1.53,2.3,1.6,2.375,1.533,2.25,1.571,2.32,1.58
ATP,2009,31,Paris,French Open,2009-05-26,Grand Slam,Outdoor,Clay,1st Round,5,Gonzalez M.,Fish M.,71,24.0,966,1795.0,6.0,3.0,1.0,6.0,6.0,4.0,7.0,6.0,,,3.0,1.0,Completed,2.37,1.53,2.25,1.63,2.2,1.615,2.375,1.533,2.36,1.56
ATP,2009,31,Paris,French Open,2009-05-26,Grand Slam,Outdoor,Clay,1st Round,5,Stakhovsky S.,Dabul B.,110,107.0,732,750.0,4.0,6.0,7.0,5.0,7.0,6.0,6.0,3.0,,,3.0,1.0,Completed,2.2,1.61,2.15,1.7,2.25,1.571,2.2,1.62,2.16,1.66
ATP,2009,31,Paris,French Open,2009-05-26,Grand Slam,Outdoor,Clay,1st Round,5,Robredo T.,Mannarino A.,17,126.0,2370,616.0,6.0,2.0,6.0,1.0,6.0,2.0,,,,,3.0,0.0,Completed,1.02,12.0,1.05,9.5,1.063,8.0,1.04,9.0,1.05,9.5
ATP,2009,31,Paris,French Open,2009-05-26,Grand Slam,Outdoor,Clay,1st Round,5,Kohlschreiber P.,Tomic B.,31,362.0,1590,164.0,6.0,1.0,6.0,2.0,6.0,2.0,,,,,3.0,0.0,Completed,1.03,11.0,1.03,11.5,1.05,8.5,1.05,8.0,1.06,9.0
ATP,2009,31,Paris,French Open,2009-05-26,Grand Slam,Outdoor,Clay,1st Round,5,Ferrero J.C.,Ljubicic I.,103,53.0,769,1141.0,2.0,6.0,6.0,4.0,6.0,4.0,3.0,6.0,6.0,3.0,3.0,2.0,Completed,2.1,1.66,2.21,1.67,2.1,1.667,2.1,1.67,2.13,1.68
ATP,2009,31,Paris,French Open,2009-05-26,Grand Slam,Outdoor,Clay,1st Round,5,Tsonga J.W.,Benneteau J.,9,52.0,3330,1145.0,6.0,4.0,3.0,6.0,6.0,3.0,6.0,4.0,,,3.0,1.0,Completed,1.4,2.75,1.45,2.8,1.4,2.75,1.4,2.75,1.44,2.7
ATP,2009,31,Paris,French Open,2009-05-26,Grand Slam,Outdoor,Clay,1st Round,5,Seppi A.,Garcia-Lopez G.,56,50.0,1095,1172.0,6.0,3.0,6.0,3.0,6.0,1.0,,,,,3.0,0.0,Completed,1.44,2.62,1.5,2.6,1.5,2.5,1.44,2.63,1.46,2.62
ATP,2009,31,Paris,French Open,2009-05-26,Grand Slam,Outdoor,Clay,1st Round,5,Monaco J.,Baghdatis M.,68,82.0,980,860.0,6.0,3.0,6.0,2.0,6.0,4.0,,,,,3.0,0.0,Completed,1.16,4.5,1.2,4.55,1.2,4.333,1.2,4.0,1.17,4.8
ATP,2009,31,Paris,French Open,2009-05-26,Grand Slam,Outdoor,Clay,1st Round,5,Haas T.,Pavel A.,63,1120.0,1015,10.0,6.0,1.0,6.0,4.0,6.0,4.0,,,,,3.0,0.0,Completed,1.04,10.0,1.08,7.94,1.05,8.5,1.04,9.0,1.04,11.0
ATP,2009,31,Paris,French Open,2009-05-26,Grand Slam,Outdoor,Clay,1st Round,5,Mayer L.,Blake J.,93,16.0,821,2450.0,7.0,6.0,7.0,5.0,6.0,2.0,,,,,3.0,0.0,Completed,4.33,1.2,4.55,1.2,4.333,1.2,4.5,1.17,3.9,1.24
ATP,2009,31,Paris,French Open,2009-05-27,Grand Slam,Outdoor,Clay,1st Round,5,Rochus C.,Santoro F.,65,41.0,998,1295.0,6.0,3.0,6.0,1.0,3.0,6.0,6.0,4.0,,,3.0,1.0,Completed,2.1,1.66,2.16,1.7,1.909,1.8,1.04,9.0,2.1,1.7
ATP,2009,31,Paris,French Open,2009-05-27,Grand Slam,Outdoor,Clay,1st Round,5,Clement A.,Tursunov D.,57,23.0,1092,1830.0,6.0,3.0,3.0,6.0,6.0,4.0,6.0,1.0,,,3.0,1.0,Completed,1.44,2.62,1.48,2.6,1.5,2.5,1.5,2.5,1.45,2.68
ATP,2009,31,Paris,French Open,2009-05-27,Grand Slam,Outdoor,Clay,2nd Round,5,Almagro N.,Gulbis E.,34,40.0,1525,1360.0,6.0,7.0,7.0,6.0,6.0,3.0,6.0,2.0,,,3.0,1.0,Completed,1.66,2.1,1.68,2.2,1.571,2.25,1.62,2.2,1.64,2.2
ATP,2009,31,Paris,French Open,2009-05-27,Grand Slam,Outdoor,Clay,2nd Round,5,Hanescu V.,Youzhny M.,33,42.0,1541,1275.0,7.0,5.0,7.0,5.0,7.0,5.0,,,,,3.0,0.0,Completed,3.0,1.36,3.0,1.38,3.0,1.364,3.25,1.286,3.15,1.34
ATP,2009,31,Paris,French Open,2009-05-27,Grand Slam,Outdoor,Clay,2nd Round,5,Murray A.,Starace P.,3,104.0,9020,768.0,6.0,3.0,2.0,6.0,7.0,5.0,6.0,4.0,,,3.0,1.0,Completed,1.01,13.0,1.05,9.5,1.03,10.0,1.02,13.0,1.04,11.0
ATP,2009,31,Paris,French Open,2009-05-27,Grand Slam,Outdoor,Clay,2nd Round,5,Gonzalez F.,Machado R.,12,130.0,2945,605.0,6.0,3.0,6.0,2.0,6.0,3.0,,,,,3.0,0.0,Completed,1.01,13.0,1.04,11.0,1.02,11.0,1.04,9.0,1.03,12.0
ATP,2009,31,Paris,French Open,2009-05-27,Grand Slam,Outdoor,Clay,2nd Round,5,Tipsarevic J.,Lopez F.,64,30.0,1005,1620.0,6.0,7.0,6.0,4.0,7.0,6.0,6.0,3.0,,,3.0,1.0,Completed,1.53,2.37,1.62,2.31,1.615,2.2,1.571,2.25,1.55,2.38
ATP,2009,31,Paris,French Open,2009-05-27,Grand Slam,Outdoor,Clay,2nd Round,5,Simon G.,Kendrick R.,7,86.0,3890,839.0,7.0,5.0,6.0,0.0,6.0,1.0,,,,,3.0,0.0,Completed,1.11,6.0,1.12,6.35,1.1,6.5,1.1,6.0,1.11,6.25
ATP,2009,31,Paris,French Open,2009-05-27,Grand Slam,Outdoor,Clay,2nd Round,5,Cilic M.,Sela D.,13,55.0,2670,1100.0,6.0,0.0,6.0,3.0,6.0,1.0,,,,,3.0,0.0,Completed,1.08,7.0,1.1,6.75,1.11,6.0,1.13,5.5,1.12,6.0
ATP,2009,31,Paris,French Open,2009-05-27,Grand Slam,Outdoor,Clay,2nd Round,5,Verdasco F.,Petzschner P.,8,67.0,3830,990.0,6.0,1.0,6.0,2.0,6.0,3.0,,,,,3.0,0.0,Completed,1.005,21.0,1.02,13.5,1.015,13.0,1.03,10.0,1.02,15.0
ATP,2009,31,Paris,French Open,2009-05-27,Grand Slam,Outdoor,Clay,2nd Round,5,Wawrinka S.,Massu N.,18,120.0,2155,674.0,6.0,1.0,6.0,1.0,6.0,2.0,,,,,3.0,0.0,Completed,1.07,7.5,1.1,6.75,1.08,7.0,1.1,6.0,1.09,7.0
ATP,2009,31,Paris,French Open,2009-05-27,Grand Slam,Outdoor,Clay,2nd Round,5,Stepanek R.,Montcourt M.,19,123.0,2100,636.0,6.0,4.0,4.0,6.0,6.0,4.0,6.0,4.0,,,3.0,1.0,Completed,1.14,5.0,1.16,5.29,1.14,5.0,1.2,4.0,1.18,4.6
ATP,2009,31,Paris,French Open,2009-05-27,Grand Slam,Outdoor,Clay,2nd Round,5,Ferrer D.,Kiefer N.,14,37.0,2540,1450.0,6.0,3.0,5.0,7.0,6.0,4.0,3.0,6.0,6.0,2.0,3.0,2.0,Completed,1.07,7.5,1.08,7.0,1.083,7.0,1.1,6.0,1.1,6.75
ATP,2009,31,Paris,French Open,2009-05-27,Grand Slam,Outdoor,Clay,2nd Round,5,Ouanna J.,Safin M.,134,22.0,567,1845.0,7.0,6.0,7.0,6.0,4.0,6.0,3.0,6.0,7.0,6.0,3.0,2.0,Completed,3.5,1.28,3.25,1.33,3.25,1.333,3.25,1.29,3.2,1.33
ATP,2009,31,Paris,French Open,2009-05-27,Grand Slam,Outdoor,Clay,2nd Round,5,Nadal R.,Gabashvili T.,1,72.0,14960,951.0,6.0,1.0,6.0,4.0,6.0,2.0,,,,,3.0,0.0,Completed,1.002,34.0,1.01,33.0,1.005,21.0,1.002,26.0,1.01,30.0
ATP,2009,31,Paris,French Open,2009-05-27,Grand Slam,Outdoor,Clay,2nd Round,5,Hewitt L.,Golubev A.,48,88.0,1190,832.0,6.0,4.0,6.0,3.0,6.0,1.0,,,,,3.0,0.0,Completed,1.14,5.0,1.15,5.65,1.143,5.0,1.143,5.0,1.14,5.4
ATP,2009,31,Paris,French Open,2009-05-27,Grand Slam,Outdoor,Clay,2nd Round,5,Soderling R.,Istomin D.,25,92.0,1775,821.0,6.0,4.0,7.0,6.0,6.0,4.0,,,,,3.0,0.0,Completed,1.05,9.0,1.05,8.75,1.063,8.0,1.071,7.0,1.08,7.5
ATP,2009,31,Paris,French Open,2009-05-28,Grand Slam,Outdoor,Clay,2nd Round,5,Robredo T.,Gimeno-Traver D.,17,113.0,2370,719.0,6.0,4.0,6.0,4.0,6.0,3.0,,,,,3.0,0.0,Completed,1.06,8.0,1.1,6.75,1.083,7.0,1.071,7.0,1.1,6.75
ATP,2009,31,Paris,French Open,2009-05-28,Grand Slam,Outdoor,Clay,2nd Round,5,Gonzalez M.,Seppi A.,71,56.0,966,1095.0,7.0,6.0,6.0,3.0,6.0,3.0,,,,,3.0,0.0,Completed,3.0,1.36,2.9,1.42,3.0,1.364,2.75,1.4,2.76,1.42
ATP,2009,31,Paris,French Open,2009-05-28,Grand Slam,Outdoor,Clay,2nd Round,5,Chardy J.,Bolelli S.,39,58.0,1394,1056.0,6.0,2.0,6.0,3.0,4.0,6.0,4.0,6.0,6.0,1.0,3.0,2.0,Completed,1.66,2.1,1.65,2.2,1.615,2.2,1.667,2.1,1.7,2.1
ATP,2009,31,Paris,French Open,2009-05-28,Grand Slam,Outdoor,Clay,2nd Round,5,Andreev I.,Vassallo-Arguello M.,27,49.0,1680,1181.0,1.0,6.0,7.0,5.0,5.0,7.0,6.0,3.0,6.0,4.0,3.0,2.0,Completed,1.38,2.87,1.45,2.7,1.444,2.625,1.44,2.63,1.5,2.52
ATP,2009,31,Paris,French Open,2009-05-28,Grand Slam,Outdoor,Clay,2nd Round,5,Federer R.,Acasuso J.,2,45.0,10470,1210.0,7.0,6.0,5.0,7.0,7.0,6.0,6.0,2.0,,,3.0,1.0,Completed,1.005,21.0,1.01,16.0,1.01,17.0,1.01,15.0,1.01,20.0
ATP,2009,31,Paris,French Open,2009-05-28,Grand Slam,Outdoor,Clay,2nd Round,5,Del Potro J.M.,Troicki V.,5,32.0,4830,1547.0,6.0,3.0,7.0,5.0,6.0,0.0,,,,,3.0,0.0,Completed,1.04,10.0,1.06,8.5,1.071,7.5,1.071,7.0,1.06,9.0
ATP,2009,31,Paris,French Open,2009-05-28,Grand Slam,Outdoor,Clay,2nd Round,5,Rochus C.,Clement A.,65,57.0,998,1092.0,6.0,1.0,7.0,5.0,4.0,6.0,6.0,3.0,,,3.0,1.0,Completed,2.0,1.72,1.9,1.9,2.1,1.667,2.0,1.727,1.88,1.88
ATP,2009,31,Paris,French Open,2009-05-28,Grand Slam,Outdoor,Clay,2nd Round,5,Haas T.,Mayer L.,63,93.0,1015,821.0,6.0,3.0,7.0,6.0,3.0,6.0,4.0,6.0,6.0,3.0,3.0,2.0,Completed,1.61,2.2,1.6,2.4,1.533,2.375,1.533,2.375,1.58,2.32
ATP,2009,31,Paris,French Open,2009-05-28,Grand Slam,Outdoor,Clay,2nd Round,5,Davydenko N.,Junqueira D.,11,80.0,2945,883.0,4.0,6.0,6.0,3.0,6.0,0.0,6.0,2.0,,,3.0,1.0,Completed,1.01,15.0,1.05,9.5,1.04,9.0,1.063,7.5,1.03,12.0
ATP,2009,31,Paris,French Open,2009-05-28,Grand Slam,Outdoor,Clay,2nd Round,5,Gicquel M.,Beck A.,46,59.0,1205,1042.0,6.0,4.0,6.0,7.0,7.0,6.0,7.0,5.0,,,3.0,1.0,Completed,2.0,1.72,2.0,1.8,2.1,1.667,2.0,1.727,1.93,1.84
ATP,2009,31,Paris,French Open,2009-05-28,Grand Slam,Outdoor,Clay,2nd Round,5,Melzer J.,Rufin G.,26,599.0,1735,68.0,6.0,2.0,7.0,5.0,6.0,4.0,,,,,3.0,0.0,Completed,1.14,5.0,1.2,4.6,1.125,5.5,1.13,5.5,1.17,4.7
ATP,2009,31,Paris,French Open,2009-05-28,Grand Slam,Outdoor,Clay,2nd Round,5,Tsonga J.W.,Monaco J.,9,68.0,3330,980.0,7.0,5.0,2.0,6.0,6.0,1.0,7.0,6.0,,,3.0,1.0,Completed,2.2,1.61,2.0,1.8,2.25,1.571,2.1,1.67,2.22,1.63
ATP,2009,31,Paris,French Open,2009-05-28,Grand Slam,Outdoor,Clay,2nd Round,5,Mathieu P.H.,Andujar P.,35,101.0,1490,771.0,6.0,2.0,6.0,3.0,6.0,4.0,,,,,3.0,0.0,Completed,1.12,5.5,1.15,5.6,1.125,5.5,1.125,5.5,1.13,5.7
ATP,2009,31,Paris,French Open,2009-05-28,Grand Slam,Outdoor,Clay,2nd Round,5,Roddick A.,Minar I.,6,85.0,4220,840.0,6.0,2.0,6.0,2.0,7.0,6.0,,,,,3.0,0.0,Completed,1.12,5.5,1.15,5.6,1.125,5.5,1.13,5.5,1.16,5.0
ATP,2009,31,Paris,French Open,2009-05-28,Grand Slam,Outdoor,Clay,2nd Round,5,Monfils G.,Crivoi V.,10,99.0,3150,790.0,6.0,4.0,6.0,3.0,6.0,3.0,,,,,3.0,0.0,Completed,1.14,5.0,1.22,4.3,1.167,4.5,1.167,4.5,1.2,4.3
ATP,2009,31,Paris,French Open,2009-05-29,Grand Slam,Outdoor,Clay,2nd Round,5,Djokovic N.,Stakhovsky S.,4,110.0,8830,732.0,6.0,3.0,6.0,4.0,6.0,1.0,,,,,3.0,0.0,Completed,1.005,21.0,1.01,16.0,1.01,17.0,1.01,17.0,1.01,25.0
ATP,2009,31,Paris,French Open,2009-05-29,Grand Slam,Outdoor,Clay,2nd Round,5,Kohlschreiber P.,Ferrero J.C.,31,103.0,1590,769.0,6.0,4.0,2.0,6.0,6.0,4.0,6.0,7.0,6.0,3.0,3.0,2.0,Completed,1.66,2.1,1.7,2.15,1.615,2.2,1.62,2.2,1.7,2.1
ATP,2009,31,Paris,French Open,2009-05-29,Grand Slam,Outdoor,Clay,3rd Round,5,Verdasco F.,Almagro N.,8,34.0,3830,1525.0,6.0,2.0,7.0,6.0,7.0,6.0,,,,,3.0,0.0,Completed,1.1,6.5,1.16,5.35,1.143,5.0,1.125,6.0,1.15,5.15
ATP,2009,31,Paris,French Open,2009-05-29,Grand Slam,Outdoor,Clay,3rd Round,5,Davydenko N.,Wawrinka S.,11,18.0,2945,2155.0,6.0,3.0,4.0,6.0,6.0,3.0,6.0,2.0,,,3.0,1.0,Completed,1.57,2.25,1.65,2.3,1.667,2.1,1.62,2.25,1.65,2.2
ATP,2009,31,Paris,French Open,2009-05-29,Grand Slam,Outdoor,Clay,3rd Round,5,Gonzalez F.,Ouanna J.,12,134.0,2945,567.0,7.0,5.0,6.0,3.0,7.0,5.0,,,,,3.0,0.0,Completed,1.06,8.0,1.07,7.5,1.083,7.0,1.08,7.0,1.08,7.55
ATP,2009,31,Paris,French Open,2009-05-29,Grand Slam,Outdoor,Clay,3rd Round,5,Cilic M.,Stepanek R.,13,19.0,2670,2100.0,6.0,1.0,7.0,6.0,6.0,3.0,,,,,3.0,0.0,Completed,1.72,2.0,1.8,2.01,1.66,2.1,1.727,2.1,1.7,2.1
ATP,2009,31,Paris,French Open,2009-05-29,Grand Slam,Outdoor,Clay,3rd Round,5,Hanescu V.,Simon G.,33,7.0,1541,3890.0,6.0,4.0,6.0,4.0,6.0,2.0,,,,,3.0,0.0,Completed,2.87,1.38,2.7,1.45,2.625,1.444,2.75,1.444,2.67,1.45
ATP,2009,31,Paris,French Open,2009-05-29,Grand Slam,Outdoor,Clay,3rd Round,5,Nadal R.,Hewitt L.,1,48.0,14960,1190.0,6.0,1.0,6.0,3.0,6.0,1.0,,,,,3.0,0.0,Completed,1.005,21.0,1.01,16.0,1.015,13.0,1.02,15.0,1.02,18.0
ATP,2009,31,Paris,French Open,2009-05-29,Grand Slam,Outdoor,Clay,3rd Round,5,Soderling R.,Ferrer D.,25,14.0,1775,2540.0,6.0,7.0,7.0,5.0,6.0,2.0,7.0,6.0,,,3.0,1.0,Completed,2.5,1.5,2.65,1.49,2.75,1.4,2.75,1.44,2.64,1.46
ATP,2009,31,Paris,French Open,2009-05-29,Grand Slam,Outdoor,Clay,3rd Round,5,Murray A.,Tipsarevic J.,3,64.0,9020,1005.0,7.0,6.0,6.0,3.0,,,,,,,2.0,0.0,Retired,1.12,5.5,1.15,5.6,1.1,6.5,1.125,6.0,1.14,5.5
ATP,2009,31,Paris,French Open,2009-05-30,Grand Slam,Outdoor,Clay,3rd Round,5,Haas T.,Chardy J.,63,39.0,1015,1394.0,7.0,5.0,6.0,3.0,4.0,6.0,6.0,4.0,,,3.0,1.0,Completed,2.75,1.4,2.95,1.4,2.75,1.4,3.0,1.364,2.66,1.46
ATP,2009,31,Paris,French Open,2009-05-30,Grand Slam,Outdoor,Clay,3rd Round,5,Roddick A.,Gicquel M.,6,46.0,4220,1205.0,6.0,1.0,6.0,4.0,6.0,4.0,,,,,3.0,0.0,Completed,1.16,4.5,1.2,4.55,1.2,4.333,1.2,4.5,1.21,4.25
ATP,2009,31,Paris,French Open,2009-05-30,Grand Slam,Outdoor,Clay,3rd Round,5,Monfils G.,Melzer J.,10,26.0,3150,1735.0,6.0,2.0,4.0,6.0,6.0,3.0,6.0,1.0,,,3.0,1.0,Completed,1.28,3.5,1.38,3.05,1.333,3.25,1.33,3.25,1.37,3.03
ATP,2009,31,Paris,French Open,2009-05-30,Grand Slam,Outdoor,Clay,3rd Round,5,Del Potro J.M.,Andreev I.,5,27.0,4830,1680.0,6.0,4.0,7.0,5.0,6.0,4.0,,,,,3.0,0.0,Completed,1.06,8.0,1.1,6.75,1.083,7.0,1.083,7.0,1.09,7.0
ATP,2009,31,Paris,French Open,2009-05-30,Grand Slam,Outdoor,Clay,3rd Round,5,Robredo T.,Gonzalez M.,17,71.0,2370,966.0,4.0,6.0,7.0,5.0,6.0,1.0,6.0,0.0,,,3.0,1.0,Completed,1.22,4.0,1.21,4.45,1.222,4.0,1.22,4.0,1.22,4.1
ATP,2009,31,Paris,French Open,2009-05-30,Grand Slam,Outdoor,Clay,3rd Round,5,Tsonga J.W.,Rochus C.,9,65.0,3330,998.0,6.0,2.0,6.0,2.0,6.0,2.0,,,,,3.0,0.0,Completed,1.07,7.5,1.13,6.5,1.1,6.5,1.1,6.5,1.1,6.75
ATP,2009,31,Paris,French Open,2009-05-30,Grand Slam,Outdoor,Clay,3rd Round,5,Kohlschreiber P.,Djokovic N.,31,4.0,1590,8830.0,6.0,4.0,6.0,4.0,6.0,4.0,,,,,3.0,0.0,Completed,10.0,1.04,12.0,1.04,8.5,1.05,9.0,1.05,10.0,1.04
ATP,2009,31,Paris,French Open,2009-05-30,Grand Slam,Outdoor,Clay,3rd Round,5,Federer R.,Mathieu P.H.,2,35.0,10470,1490.0,4.0,6.0,6.0,1.0,6.0,4.0,6.0,4.0,,,3.0,1.0,Completed,1.03,11.0,1.05,9.5,1.05,8.5,1.05,9.0,1.07,8.0
ATP,2009,31,Paris,French Open,2009-05-31,Grand Slam,Outdoor,Clay,4th Round,5,Gonzalez F.,Hanescu V.,12,33.0,2945,1541.0,6.0,2.0,6.0,4.0,6.0,2.0,,,,,3.0,0.0,Completed,1.12,5.5,1.16,5.29,1.167,4.5,1.17,5.0,1.15,5.2
ATP,2009,31,Paris,French Open,2009-05-31,Grand Slam,Outdoor,Clay,4th Round,5,Murray A.,Cilic M.,3,13.0,9020,2670.0,7.0,5.0,7.0,6.0,6.0,1.0,,,,,3.0,0.0,Completed,1.33,3.25,1.4,3.1,1.36,3.0,1.364,3.0,1.34,3.15
ATP,2009,31,Paris,French Open,2009-05-31,Grand Slam,Outdoor,Clay,4th Round,5,Soderling R.,Nadal R.,25,1.0,1775,14960.0,6.0,2.0,6.0,7.0,6.0,4.0,7.0,6.0,,,3.0,1.0,Completed,15.0,1.01,16.0,1.01,17.0,1.01,19.0,1.01,18.0,1.02
ATP,2009,31,Paris,French Open,2009-05-31,Grand Slam,Outdoor,Clay,4th Round,5,Davydenko N.,Verdasco F.,11,8.0,2945,3830.0,6.0,2.0,6.0,2.0,6.0,4.0,,,,,3.0,0.0,Completed,2.62,1.44,2.6,1.5,2.375,1.533,2.75,1.44,2.6,1.47
ATP,2009,31,Paris,French Open,2009-06-01,Grand Slam,Outdoor,Clay,4th Round,5,Federer R.,Haas T.,2,63.0,10470,1015.0,6.0,7.0,5.0,7.0,6.0,4.0,6.0,0.0,6.0,2.0,3.0,2.0,Completed,1.04,10.0,1.05,9.5,1.063,8.0,1.05,9.0,1.05,10.0
ATP,2009,31,Paris,French Open,2009-06-01,Grand Slam,Outdoor,Clay,4th Round,5,Robredo T.,Kohlschreiber P.,17,31.0,2370,1590.0,6.0,4.0,5.0,7.0,7.0,6.0,6.0,2.0,,,3.0,1.0,Completed,1.66,2.1,1.85,1.95,1.833,1.833,1.9,1.9,1.88,1.88
ATP,2009,31,Paris,French Open,2009-06-01,Grand Slam,Outdoor,Clay,4th Round,5,Del Potro J.M.,Tsonga J.W.,5,9.0,4830,3330.0,6.0,1.0,6.0,7.0,6.0,1.0,6.0,4.0,,,3.0,1.0,Completed,1.4,2.75,1.5,2.5,1.5,2.5,1.5,2.625,1.48,2.6
ATP,2009,31,Paris,French Open,2009-06-01,Grand Slam,Outdoor,Clay,4th Round,5,Monfils G.,Roddick A.,10,6.0,3150,4220.0,6.0,4.0,6.0,2.0,6.0,3.0,,,,,3.0,0.0,Completed,1.66,2.1,1.7,2.18,,,1.667,2.2,1.66,2.2
ATP,2009,31,Paris,French Open,2009-06-02,Grand Slam,Outdoor,Clay,Quarterfinals,5,Soderling R.,Davydenko N.,25,11.0,1775,2945.0,6.0,1.0,6.0,3.0,6.0,1.0,,,,,3.0,0.0,Completed,2.75,1.44,2.62,1.5,2.625,1.444,2.75,1.444,2.66,1.46
ATP,2009,31,Paris,French Open,2009-06-02,Grand Slam,Outdoor,Clay,Quarterfinals,5,Gonzalez F.,Murray A.,12,3.0,2945,9020.0,6.0,3.0,3.0,6.0,6.0,0.0,6.0,4.0,,,3.0,1.0,Completed,2.37,1.57,2.3,1.65,2.25,1.571,2.25,1.62,2.3,1.6
ATP,2009,31,Paris,French Open,2009-06-03,Grand Slam,Outdoor,Clay,Quarterfinals,5,Federer R.,Monfils G.,2,10.0,10470,3150.0,7.0,6.0,6.0,2.0,6.0,4.0,,,,,3.0,0.0,Completed,1.28,3.75,1.32,3.4,1.25,3.75,1.25,3.75,1.29,3.5
ATP,2009,31,Paris,French Open,2009-06-03,Grand Slam,Outdoor,Clay,Quarterfinals,5,Del Potro J.M.,Robredo T.,5,17.0,4830,2370.0,6.0,3.0,6.0,4.0,6.0,2.0,,,,,3.0,0.0,Completed,1.2,4.5,1.22,4.33,1.2,4.333,1.2,4.5,1.19,4.6
ATP,2009,31,Paris,French Open,2009-06-05,Grand Slam,Outdoor,Clay,Semifinals,5,Soderling R.,Gonzalez F.,25,12.0,1775,2945.0,6.0,3.0,7.0,5.0,5.0,7.0,4.0,6.0,6.0,4.0,3.0,2.0,Completed,2.1,1.72,2.1,1.75,2.1,1.66,2.1,1.727,2.08,1.76
ATP,2009,31,Paris,French Open,2009-06-05,Grand Slam,Outdoor,Clay,Semifinals,5,Federer R.,Del Potro J.M.,2,5.0,10470,4830.0,3.0,6.0,7.0,6.0,2.0,6.0,6.0,1.0,6.0,4.0,3.0,2.0,Completed,1.22,4.33,1.27,3.76,1.25,3.75,1.2,4.33,1.27,3.75
ATP,2009,31,Paris,French Open,2009-06-07,Grand Slam,Outdoor,Clay,The Final,5,Federer R.,Soderling R.,2,25.0,10470,1775.0,6.0,1.0,7.0,6.0,6.0,4.0,,,,,3.0,0.0,Completed,1.25,4.0,1.26,4.25,1.222,4.0,1.25,4.0,1.26,4.0
ATP,2009,36,London,Wimbledon,2009-06-22,Grand Slam,Outdoor,Grass,1st Round,5,Minar I.,Gonzalez M.,78,62.0,871,956.0,6.0,4.0,3.0,6.0,7.0,5.0,6.0,0.0,,,3.0,1.0,Completed,1.33,3.25,1.35,3.1,1.364,3.0,1.36,2.88,1.37,3.0
ATP,2009,36,London,Wimbledon,2009-06-22,Grand Slam,Outdoor,Grass,1st Round,5,Gicquel M.,Mannarino A.,59,128.0,1005,581.0,6.0,2.0,6.0,2.0,6.0,4.0,,,,,3.0,0.0,Completed,1.4,2.75,1.45,2.6,1.4,2.75,1.36,2.88,1.42,2.8
ATP,2009,36,London,Wimbledon,2009-06-22,Grand Slam,Outdoor,Grass,1st Round,5,Kohlschreiber P.,Serra F.,32,54.0,1540,1056.0,7.0,6.0,6.0,1.0,6.0,4.0,,,,,3.0,0.0,Completed,1.16,4.5,1.2,4.25,1.2,4.333,1.2,4.0,1.23,4.0
ATP,2009,36,London,Wimbledon,2009-06-22,Grand Slam,Outdoor,Grass,1st Round,5,Seppi A.,Blake J.,50,17.0,1090,2340.0,7.0,5.0,6.0,4.0,7.0,6.0,,,,,3.0,0.0,Completed,5.5,1.12,5.0,1.16,4.5,1.167,4.5,1.17,5.0,1.16
ATP,2009,36,London,Wimbledon,2009-06-22,Grand Slam,Outdoor,Grass,1st Round,5,Almagro N.,Monaco J.,48,69.0,1115,905.0,6.0,7.0,6.0,7.0,7.0,6.0,6.0,4.0,7.0,6.0,3.0,2.0,Completed,1.61,2.2,1.6,2.25,1.833,1.833,1.67,2.1,1.65,2.18
ATP,2009,36,London,Wimbledon,2009-06-22,Grand Slam,Outdoor,Grass,1st Round,5,Garcia-Lopez G.,Calleri A.,42,148.0,1186,495.0,6.0,2.0,6.0,3.0,6.0,2.0,,,,,3.0,0.0,Completed,1.08,7.0,1.12,5.9,1.143,5.0,1.05,8.0,1.1,6.75
ATP,2009,36,London,Wimbledon,2009-06-22,Grand Slam,Outdoor,Grass,1st Round,5,Beck K.,Lopez F.,143,27.0,518,1665.0,1.0,6.0,7.0,5.0,6.0,3.0,4.0,6.0,7.0,6.0,3.0,2.0,Completed,4.33,1.2,4.75,1.17,4.333,1.2,4.5,1.17,3.8,1.25
ATP,2009,36,London,Wimbledon,2009-06-22,Grand Slam,Outdoor,Grass,1st Round,5,Federer R.,Lu Y.H.,2,65.0,10620,932.0,7.0,5.0,6.0,3.0,6.0,2.0,,,,,3.0,0.0,Completed,1.002,34.0,1.01,33.0,1.005,21.0,1.005,21.0,1.01,30.0
ATP,2009,36,London,Wimbledon,2009-06-22,Grand Slam,Outdoor,Grass,1st Round,5,Sela D.,Gonzalez S.,46,228.0,1162,304.0,6.0,4.0,4.0,6.0,7.0,6.0,6.0,3.0,,,3.0,1.0,Completed,1.36,3.0,1.41,2.8,1.444,2.625,1.53,2.38,1.4,2.88
ATP,2009,36,London,Wimbledon,2009-06-22,Grand Slam,Outdoor,Grass,1st Round,5,Granollers M.,Beck A.,111,58.0,675,1012.0,6.0,2.0,6.0,4.0,6.0,7.0,6.0,2.0,,,3.0,1.0,Completed,5.5,1.12,5.5,1.13,5.0,1.143,5.5,1.13,5.2,1.15
ATP,2009,36,London,Wimbledon,2009-06-22,Grand Slam,Outdoor,Grass,1st Round,5,Bolelli S.,Koellerer D.,63,91.0,951,788.0,6.0,7.0,2.0,6.0,7.0,5.0,6.0,4.0,6.0,4.0,3.0,2.0,Completed,1.1,6.5,1.1,6.25,1.1,6.5,1.08,6.5,1.13,5.7
ATP,2009,36,London,Wimbledon,2009-06-22,Grand Slam,Outdoor,Grass,1st Round,5,Tsonga J.W.,Golubev A.,9,73.0,3510,887.0,6.0,3.0,5.0,7.0,7.0,6.0,7.0,6.0,,,3.0,1.0,Completed,1.03,11.0,1.04,9.25,1.05,8.5,1.06,7.5,1.06,8.7
ATP,2009,36,London,Wimbledon,2009-06-22,Grand Slam,Outdoor,Grass,1st Round,5,Fish M.,Roitman S.,25,124.0,1735,613.0,6.0,3.0,6.0,2.0,4.0,1.0,,,,,2.0,0.0,Retired,1.01,13.0,1.03,10.5,1.02,11.0,1.03,10.0,1.02,14.0
ATP,2009,36,London,Wimbledon,2009-06-22,Grand Slam,Outdoor,Grass,1st Round,5,Tipsarevic J.,Hernych J.,51,67.0,1075,921.0,6.0,4.0,6.0,4.0,7.0,6.0,,,,,3.0,0.0,Completed,1.2,4.33,1.21,4.28,1.22,4.0,1.22,3.75,1.22,4.1
ATP,2009,36,London,Wimbledon,2009-06-22,Grand Slam,Outdoor,Grass,1st Round,5,Soderling R.,Muller G.,12,89.0,2825,794.0,6.0,7.0,7.0,5.0,6.0,1.0,6.0,2.0,,,3.0,1.0,Completed,1.11,6.0,1.16,5.0,1.14,5.0,1.13,5.5,1.15,5.2
ATP,2009,36,London,Wimbledon,2009-06-22,Grand Slam,Outdoor,Grass,1st Round,5,Vliegen K.,Mahut N.,82,146.0,843,500.0,6.0,3.0,7.0,6.0,5.0,7.0,5.0,7.0,6.0,4.0,3.0,2.0,Completed,3.5,1.28,3.35,1.3,3.25,1.333,3.0,1.33,3.25,1.32
ATP,2009,36,London,Wimbledon,2009-06-22,Grand Slam,Outdoor,Grass,1st Round,5,Robredo T.,Gregorc L.,15,195.0,2580,355.0,7.0,6.0,6.0,4.0,5.0,7.0,7.0,6.0,,,3.0,1.0,Completed,1.11,6.0,1.13,5.8,1.125,5.5,1.1,6.0,1.16,5.0
ATP,2009,36,London,Wimbledon,2009-06-22,Grand Slam,Outdoor,Grass,1st Round,5,Koubek S.,Roger-Vasselin E.,189,172.0,373,425.0,7.0,5.0,6.0,3.0,4.0,6.0,3.0,6.0,6.0,3.0,3.0,2.0,Completed,3.25,1.33,3.1,1.35,3.25,1.333,3.0,1.33,3.1,1.35
ATP,2009,36,London,Wimbledon,2009-06-22,Grand Slam,Outdoor,Grass,1st Round,5,Schuettler R.,Malisse X.,29,170.0,1645,425.0,6.0,7.0,6.0,4.0,7.0,6.0,6.0,1.0,,,3.0,1.0,Completed,1.72,2.0,1.8,1.95,1.8,1.909,1.83,1.83,1.78,2.0
ATP,2009,36,London,Wimbledon,2009-06-22,Grand Slam,Outdoor,Grass,1st Round,5,Andreev I.,Korolev E.,26,101.0,1700,713.0,4.0,6.0,7.0,6.0,6.0,4.0,7.0,6.0,,,3.0,1.0,Completed,1.44,2.62,1.45,2.6,1.444,2.625,1.44,2.63,1.48,2.6
ATP,2009,36,London,Wimbledon,2009-06-22,Grand Slam,Outdoor,Grass,1st Round,5,Spadea V.,Capdeville P.,113,84.0,664,829.0,6.0,0.0,6.0,4.0,7.0,5.0,,,,,3.0,0.0,Completed,1.83,1.83,1.95,1.8,1.8,1.9,1.67,2.1,1.88,1.88
ATP,2009,36,London,Wimbledon,2009-06-22,Grand Slam,Outdoor,Grass,1st Round,5,Djokovic N.,Benneteau J.,4,81.0,7860,845.0,6.0,7.0,7.0,6.0,6.0,2.0,6.0,4.0,,,3.0,1.0,Completed,1.04,10.0,1.05,8.5,1.05,8.5,1.06,7.5,1.07,8.0
ATP,2009,36,London,Wimbledon,2009-06-22,Grand Slam,Outdoor,Grass,1st Round,5,Greul S.,Yani M.,106,251.0,692,266.0,6.0,4.0,6.0,2.0,7.0,5.0,,,,,3.0,0.0,Completed,1.5,2.5,1.55,2.35,1.533,2.375,1.571,2.25,1.57,2.35
ATP,2009,36,London,Wimbledon,2009-06-22,Grand Slam,Outdoor,Grass,1st Round,5,Canas G.,Junqueira D.,140,85.0,535,828.0,6.0,1.0,6.0,2.0,6.0,2.0,,,,,3.0,0.0,Completed,1.28,3.5,1.28,3.46,1.333,3.25,1.33,3.0,1.27,3.65
ATP,2009,36,London,Wimbledon,2009-06-22,Grand Slam,Outdoor,Grass,1st Round,5,Verdasco F.,Ward J.,8,207.0,3620,336.0,6.0,1.0,6.0,3.0,6.0,4.0,,,,,3.0,0.0,Completed,1.03,11.0,1.03,10.5,1.03,10.0,1.03,10.0,1.04,10.0
ATP,2009,36,London,Wimbledon,2009-06-22,Grand Slam,Outdoor,Grass,1st Round,5,Karlovic I.,Lacko L.,36,201.0,1295,347.0,6.0,3.0,7.0,6.0,6.0,3.0,,,,,3.0,0.0,Completed,1.1,6.5,1.1,6.5,1.12,5.5,1.13,5.5,1.12,6.0
ATP,2009,36,London,Wimbledon,2009-06-22,Grand Slam,Outdoor,Grass,1st Round,5,Darcis S.,Dancevic F.,77,92.0,873,783.0,6.0,4.0,7.0,6.0,6.0,3.0,,,,,3.0,0.0,Completed,2.25,1.57,2.35,1.55,2.2,1.615,2.25,1.571,2.37,1.56
ATP,2009,36,London,Wimbledon,2009-06-22,Grand Slam,Outdoor,Grass,1st Round,5,Montanes A.,Zemlja G.,33,218.0,1424,322.0,6.0,4.0,6.0,4.0,6.0,4.0,,,,,3.0,0.0,Completed,2.1,1.66,2.05,1.75,2.1,1.667,2.1,1.67,2.1,1.7
ATP,2009,36,London,Wimbledon,2009-06-22,Grand Slam,Outdoor,Grass,1st Round,5,Cilic M.,Martin A.,13,95.0,2710,762.0,6.0,3.0,6.0,4.0,6.0,4.0,,,,,3.0,0.0,Completed,1.02,12.0,1.04,9.25,1.03,10.0,1.04,9.0,1.03,12.0
ATP,2009,36,London,Wimbledon,2009-06-22,Grand Slam,Outdoor,Grass,1st Round,5,Querrey S.,Udomchoke D.,47,120.0,1140,631.0,6.0,3.0,6.0,4.0,6.0,4.0,,,,,3.0,0.0,Completed,,,,,,,,,,
ATP,2009,36,London,Wimbledon,2009-06-23,Grand Slam,Outdoor,Grass,1st Round,5,Davydenko N.,Evans D.,11,305.0,2855,195.0,6.0,2.0,6.0,3.0,6.0,3.0,,,,,3.0,0.0,Completed,1.071,7.5,1.1,6.25,1.04,9.0,1.07,7.0,1.09,7.0
ATP,2009,36,London,Wimbledon,2009-06-23,Grand Slam,Outdoor,Grass,1st Round,5,Mayer L.,Hernandez O.,64,75.0,936,882.0,6.0,0.0,6.0,0.0,6.0,3.0,,,,,3.0,0.0,Completed,1.22,4.0,1.24,3.79,1.286,3.5,1.25,3.5,1.26,3.7
ATP,2009,36,London,Wimbledon,2009-06-23,Grand Slam,Outdoor,Grass,1st Round,5,Gonzalez F.,Gabashvili T.,10,88.0,3165,805.0,7.0,5.0,7.0,5.0,6.0,3.0,,,,,3.0,0.0,Completed,1.05,9.0,1.05,8.5,1.07,7.5,1.06,7.5,1.07,8.2
ATP,2009,36,London,Wimbledon,2009-06-23,Grand Slam,Outdoor,Grass,1st Round,5,Hanescu V.,Navarro-Pastor I.,28,68.0,1651,920.0,6.0,3.0,6.0,7.0,6.0,4.0,6.0,7.0,7.0,6.0,3.0,2.0,Completed,1.57,2.25,1.6,2.3,1.533,2.375,1.62,2.2,1.67,2.15
ATP,2009,36,London,Wimbledon,2009-06-23,Grand Slam,Outdoor,Grass,1st Round,5,Crivoi V.,Phau B.,87,79.0,820,858.0,4.0,6.0,6.0,1.0,7.0,6.0,2.0,6.0,6.0,3.0,3.0,2.0,Completed,3.25,1.33,3.55,1.27,3.25,1.333,2.75,1.4,3.25,1.32
ATP,2009,36,London,Wimbledon,2009-06-23,Grand Slam,Outdoor,Grass,1st Round,5,Devilder N.,Lapentti N.,96,121.0,724,630.0,3.0,6.0,6.0,4.0,6.0,3.0,4.0,6.0,7.0,5.0,3.0,2.0,Completed,2.5,1.5,2.61,1.46,2.625,1.444,2.75,1.4,2.58,1.48
ATP,2009,36,London,Wimbledon,2009-06-23,Grand Slam,Outdoor,Grass,1st Round,5,Del Potro J.M.,Clement A.,5,53.0,5730,1059.0,6.0,3.0,6.0,1.0,6.0,2.0,,,,,3.0,0.0,Completed,1.05,9.0,1.08,7.0,1.083,7.0,1.071,7.0,1.07,8.0
ATP,2009,36,London,Wimbledon,2009-06-23,Grand Slam,Outdoor,Grass,1st Round,5,Kunitsyn I.,Dimitrov G.,39,342.0,1236,170.0,3.0,6.0,6.0,0.0,4.0,0.0,,,,,1.0,1.0,Retired,2.25,1.57,2.2,1.65,2.25,1.571,2.2,1.62,2.15,1.67
ATP,2009,36,London,Wimbledon,2009-06-23,Grand Slam,Outdoor,Grass,1st Round,5,Becker B.,Karanusic R.,49,110.0,1098,676.0,6.0,4.0,6.0,4.0,6.0,1.0,,,,,3.0,0.0,Completed,1.22,4.0,1.21,4.12,1.286,3.5,1.29,3.25,1.29,3.5
ATP,2009,36,London,Wimbledon,2009-06-23,Grand Slam,Outdoor,Grass,1st Round,5,Mathieu P.H.,Gil F.,38,83.0,1280,829.0,6.0,1.0,2.0,6.0,6.0,4.0,6.0,2.0,,,3.0,1.0,Completed,1.36,3.0,1.37,2.92,1.364,3.0,1.33,3.0,1.35,3.1
ATP,2009,36,London,Wimbledon,2009-06-23,Grand Slam,Outdoor,Grass,1st Round,5,Fognini F.,Istomin D.,66,71.0,925,892.0,1.0,6.0,6.0,7.0,6.0,4.0,3.0,1.0,,,1.0,2.0,Retired,3.75,1.25,3.3,1.32,3.5,1.286,3.25,1.29,3.55,1.28
ATP,2009,36,London,Wimbledon,2009-06-23,Grand Slam,Outdoor,Grass,1st Round,5,Haas T.,Peya A.,34,197.0,1405,352.0,6.0,7.0,7.0,6.0,6.0,3.0,6.0,4.0,,,3.0,1.0,Completed,1.03,11.0,1.05,8.5,1.04,9.0,1.1,6.5,1.05,9.5
ATP,2009,36,London,Wimbledon,2009-06-23,Grand Slam,Outdoor,Grass,1st Round,5,Llodra M.,Goodall J.,137,188.0,543,374.0,4.0,6.0,7.0,6.0,6.0,4.0,3.0,6.0,6.0,4.0,3.0,2.0,Completed,1.11,6.0,1.11,5.84,1.125,5.5,1.33,3.25,1.13,5.8
ATP,2009,36,London,Wimbledon,2009-06-23,Grand Slam,Outdoor,Grass,1st Round,5,Hewitt L.,Ginepri R.,56,98.0,1040,718.0,6.0,4.0,6.0,1.0,6.0,1.0,,,,,3.0,0.0,Completed,1.11,6.0,1.13,5.6,1.125,5.5,1.13,5.5,1.12,6.0
ATP,2009,36,London,Wimbledon,2009-06-23,Grand Slam,Outdoor,Grass,1st Round,5,Ferrer D.,Kim K.,21,86.0,1900,821.0,7.0,5.0,6.0,3.0,4.0,6.0,6.0,2.0,,,3.0,1.0,Completed,1.1,6.5,1.13,5.5,1.111,6.0,1.14,5.0,1.15,5.2
ATP,2009,36,London,Wimbledon,2009-06-23,Grand Slam,Outdoor,Grass,1st Round,5,Roddick A.,Chardy J.,6,41.0,4310,1187.0,6.0,3.0,7.0,6.0,4.0,6.0,6.0,3.0,,,3.0,1.0,Completed,1.06,8.0,1.09,6.68,1.083,7.0,1.1,6.0,1.08,7.5
ATP,2009,36,London,Wimbledon,2009-06-23,Grand Slam,Outdoor,Grass,1st Round,5,Melzer J.,Odesnik W.,30,109.0,1640,679.0,6.0,1.0,6.0,4.0,6.0,2.0,,,,,3.0,0.0,Completed,1.08,7.0,1.14,5.21,1.143,5.0,1.07,7.0,1.17,4.8
ATP,2009,36,London,Wimbledon,2009-06-23,Grand Slam,Outdoor,Grass,1st Round,5,Alves T.,Pavel A.,118,907.0,636,20.0,6.0,3.0,2.0,6.0,6.0,1.0,2.0,6.0,6.0,1.0,3.0,2.0,Completed,2.2,1.61,2.25,1.65,2.375,1.533,1.83,1.83,2.15,1.67
ATP,2009,36,London,Wimbledon,2009-06-23,Grand Slam,Outdoor,Grass,1st Round,5,Gulbis E.,Ghedin R.,74,268.0,885,235.0,6.0,2.0,6.0,4.0,6.0,4.0,,,,,3.0,0.0,Completed,1.12,5.5,1.13,5.5,1.125,5.5,1.13,5.5,1.14,5.5
ATP,2009,36,London,Wimbledon,2009-06-23,Grand Slam,Outdoor,Grass,1st Round,5,Troicki V.,Dabul B.,31,99.0,1547,718.0,6.0,4.0,6.0,4.0,6.0,3.0,,,,,3.0,0.0,Completed,1.11,6.0,1.12,5.9,1.143,5.0,1.14,5.0,1.11,6.25
ATP,2009,36,London,Wimbledon,2009-06-23,Grand Slam,Outdoor,Grass,1st Round,5,Cuevas P.,Rochus C.,125,60.0,611,978.0,3.0,6.0,4.0,6.0,6.0,4.0,6.0,1.0,7.0,6.0,3.0,2.0,Completed,2.0,1.72,2.1,1.7,2.1,1.667,1.91,1.8,2.04,1.74
ATP,2009,36,London,Wimbledon,2009-06-23,Grand Slam,Outdoor,Grass,1st Round,5,Stepanek R.,Falla A.,23,178.0,1890,408.0,6.0,4.0,6.0,4.0,6.0,1.0,,,,,3.0,0.0,Completed,1.33,3.25,1.34,3.1,1.4,2.75,1.29,3.25,1.35,3.1
ATP,2009,36,London,Wimbledon,2009-06-23,Grand Slam,Outdoor,Grass,1st Round,5,Santoro F.,Kiefer N.,37,35.0,1285,1315.0,6.0,4.0,6.0,2.0,6.0,2.0,,,,,3.0,0.0,Completed,2.62,1.44,2.7,1.43,2.625,1.444,2.75,1.4,2.95,1.38
ATP,2009,36,London,Wimbledon,2009-06-23,Grand Slam,Outdoor,Grass,1st Round,5,Berdych T.,Bogdanovic A.,20,191.0,1910,368.0,6.0,3.0,6.0,4.0,6.0,4.0,,,,,3.0,0.0,Completed,1.12,5.5,1.15,5.2,1.125,5.5,1.17,4.5,1.14,5.5
ATP,2009,36,London,Wimbledon,2009-06-23,Grand Slam,Outdoor,Grass,1st Round,5,Starace P.,Acasuso J.,80,43.0,858,1185.0,7.0,6.0,6.0,3.0,,,,,,,2.0,0.0,Retired,2.25,1.57,2.3,1.6,2.2,1.615,2.25,1.571,2.4,1.55
ATP,2009,36,London,Wimbledon,2009-06-23,Grand Slam,Outdoor,Grass,1st Round,5,Ferrero J.C.,Youzhny M.,70,44.0,894,1170.0,6.0,3.0,7.0,6.0,6.0,3.0,,,,,3.0,0.0,Completed,2.2,1.61,2.2,1.65,2.1,1.667,2.1,1.67,2.18,1.65
ATP,2009,36,London,Wimbledon,2009-06-23,Grand Slam,Outdoor,Grass,1st Round,5,Murray A.,Kendrick R.,3,76.0,9230,875.0,7.0,5.0,6.0,7.0,6.0,3.0,6.0,4.0,,,3.0,1.0,Completed,1.01,15.0,1.02,13.61,1.01,17.0,1.01,15.0,1.01,25.0
ATP,2009,36,London,Wimbledon,2009-06-23,Grand Slam,Outdoor,Grass,1st Round,5,Wawrinka S.,Schwank E.,18,108.0,2195,682.0,7.0,5.0,6.0,4.0,6.0,1.0,,,,,3.0,0.0,Completed,1.03,11.0,1.03,10.5,1.03,10.0,1.05,8.0,1.03,12.0
ATP,2009,36,London,Wimbledon,2009-06-23,Grand Slam,Outdoor,Grass,1st Round,5,Petzschner P.,Ram R.,55,160.0,1045,461.0,2.0,6.0,6.0,1.0,7.0,6.0,6.0,1.0,,,3.0,1.0,Completed,1.66,2.1,1.65,2.15,1.615,2.2,1.67,2.1,1.67,2.15
ATP,2009,36,London,Wimbledon,2009-06-23,Grand Slam,Outdoor,Grass,1st Round,5,Zverev M.,Tursunov D.,45,22.0,1170,1900.0,6.0,4.0,6.0,2.0,3.0,0.0,,,,,2.0,0.0,Retired,3.25,1.33,2.76,1.41,2.75,1.4,2.75,1.4,3.0,1.37
ATP,2009,36,London,Wimbledon,2009-06-23,Grand Slam,Outdoor,Grass,1st Round,5,Vassallo-Arguello M.,Andujar P.,57,123.0,1036,614.0,4.0,6.0,6.0,3.0,6.0,2.0,6.0,2.0,,,3.0,1.0,Completed,1.53,2.37,1.6,2.3,1.57,2.25,1.571,2.25,1.57,2.34
ATP,2009,36,London,Wimbledon,2009-06-23,Grand Slam,Outdoor,Grass,1st Round,5,Levine J.,Safin M.,133,24.0,553,1820.0,6.0,2.0,3.0,6.0,7.0,6.0,6.0,4.0,,,3.0,1.0,Completed,3.5,1.28,3.1,1.35,3.0,1.364,2.75,1.4,3.1,1.35
ATP,2009,36,London,Wimbledon,2009-06-23,Grand Slam,Outdoor,Grass,1st Round,5,Simon G.,Reynolds B.,7,94.0,3970,770.0,6.0,4.0,6.0,3.0,6.0,3.0,,,,,3.0,0.0,Completed,1.14,5.0,1.19,4.47,1.167,4.5,1.14,5.0,1.2,4.3
ATP,2009,36,London,Wimbledon,2009-06-24,Grand Slam,Outdoor,Grass,1st Round,5,Gimeno-Traver D.,Dent T.,98,266.0,718,237.0,7.0,5.0,7.0,6.0,4.0,6.0,6.0,7.0,6.0,4.0,3.0,2.0,Completed,7.0,1.08,5.5,1.13,5.5,1.125,1.8,2.0,7.75,1.08
ATP,2009,36,London,Wimbledon,2009-06-24,Grand Slam,Outdoor,Grass,2nd Round,5,Fish M.,Tipsarevic J.,25,51.0,1735,1075.0,6.0,4.0,3.0,6.0,6.0,1.0,6.0,4.0,,,3.0,1.0,Completed,1.61,2.2,1.55,2.4,1.61,2.2,1.62,2.25,1.6,2.28
ATP,2009,36,London,Wimbledon,2009-06-24,Grand Slam,Outdoor,Grass,2nd Round,5,Robredo T.,Koubek S.,15,189.0,2580,373.0,3.0,6.0,4.0,6.0,6.0,4.0,7.0,6.0,6.0,1.0,3.0,2.0,Completed,1.14,5.0,1.16,4.9,1.143,5.0,1.14,5.0,1.18,4.6
ATP,2009,36,London,Wimbledon,2009-06-24,Grand Slam,Outdoor,Grass,2nd Round,5,Sela D.,Schuettler R.,46,29.0,1162,1645.0,7.0,6.0,6.0,3.0,6.0,2.0,,,,,3.0,0.0,Completed,2.75,1.4,2.85,1.4,2.625,1.444,2.75,1.4,2.88,1.4
ATP,2009,36,London,Wimbledon,2009-06-24,Grand Slam,Outdoor,Grass,2nd Round,5,Djokovic N.,Greul S.,4,106.0,7860,692.0,7.0,5.0,6.0,1.0,6.0,4.0,,,,,3.0,0.0,Completed,1.01,15.0,1.04,9.25,1.02,11.0,1.03,10.0,1.04,11.0
ATP,2009,36,London,Wimbledon,2009-06-24,Grand Slam,Outdoor,Grass,2nd Round,5,Montanes A.,Canas G.,33,140.0,1424,535.0,6.0,4.0,6.0,3.0,4.0,6.0,6.0,3.0,,,3.0,1.0,Completed,2.37,1.53,2.3,1.6,2.375,1.533,2.38,1.53,2.18,1.65
ATP,2009,36,London,Wimbledon,2009-06-24,Grand Slam,Outdoor,Grass,2nd Round,5,Verdasco F.,Vliegen K.,8,82.0,3620,843.0,7.0,6.0,6.0,7.0,7.0,6.0,6.0,4.0,,,3.0,1.0,Completed,1.1,6.5,1.13,5.5,1.111,6.0,1.13,5.5,1.15,5.2
ATP,2009,36,London,Wimbledon,2009-06-24,Grand Slam,Outdoor,Grass,2nd Round,5,Kohlschreiber P.,Minar I.,32,78.0,1540,871.0,6.0,4.0,3.0,6.0,4.0,6.0,6.0,2.0,7.0,6.0,3.0,2.0,Completed,1.1,6.5,1.1,6.25,1.1,6.5,1.1,6.0,1.07,8.0
ATP,2009,36,London,Wimbledon,2009-06-24,Grand Slam,Outdoor,Grass,2nd Round,5,Federer R.,Garcia-Lopez G.,2,42.0,10620,1186.0,6.0,2.0,6.0,2.0,6.0,4.0,,,,,3.0,0.0,Completed,1.005,21.0,1.01,13.5,1.005,21.0,1.0,21.0,1.01,25.0
ATP,2009,36,London,Wimbledon,2009-06-24,Grand Slam,Outdoor,Grass,2nd Round,5,Tsonga J.W.,Bolelli S.,9,63.0,3510,951.0,,,,,,,,,,,,,Walkover,1.08,7.0,1.08,7.04,1.071,7.5,1.08,6.5,1.07,8.0
ATP,2009,36,London,Wimbledon,2009-06-24,Grand Slam,Outdoor,Grass,2nd Round,5,Almagro N.,Beck K.,48,143.0,1115,518.0,6.0,4.0,7.0,6.0,3.0,6.0,3.0,6.0,7.0,5.0,3.0,2.0,Completed,1.9,1.8,1.92,1.81,1.833,1.833,1.8,1.91,1.97,1.8
ATP,2009,36,London,Wimbledon,2009-06-24,Grand Slam,Outdoor,Grass,2nd Round,5,Soderling R.,Granollers M.,12,111.0,2825,675.0,4.0,6.0,7.0,6.0,6.0,4.0,7.0,5.0,,,3.0,1.0,Completed,1.05,9.0,1.08,7.0,1.06,8.0,1.06,7.5,1.05,10.0
ATP,2009,36,London,Wimbledon,2009-06-24,Grand Slam,Outdoor,Grass,2nd Round,5,Haas T.,Llodra M.,34,137.0,1405,543.0,4.0,3.0,,,,,,,,,0.0,0.0,Retired,1.22,4.0,1.2,4.2,1.25,3.75,1.25,3.5,1.23,4.0
ATP,2009,36,London,Wimbledon,2009-06-24,Grand Slam,Outdoor,Grass,2nd Round,5,Cilic M.,Querrey S.,13,47.0,2710,1140.0,4.0,6.0,7.0,6.0,6.0,3.0,6.0,7.0,6.0,4.0,3.0,2.0,Completed,1.33,3.25,1.4,2.8,1.36,3.0,1.44,2.63,1.4,2.88
ATP,2009,36,London,Wimbledon,2009-06-24,Grand Slam,Outdoor,Grass,2nd Round,5,Karlovic I.,Darcis S.,36,77.0,1295,873.0,7.0,5.0,6.0,3.0,6.0,4.0,,,,,3.0,0.0,Completed,1.22,4.0,1.25,3.7,1.22,4.0,1.22,3.75,1.24,3.9
ATP,2009,36,London,Wimbledon,2009-06-24,Grand Slam,Outdoor,Grass,2nd Round,5,Andreev I.,Spadea V.,26,113.0,1700,664.0,6.0,3.0,7.0,5.0,6.0,2.0,,,,,3.0,0.0,Completed,1.28,3.5,1.3,3.35,1.333,3.25,1.33,3.0,1.29,3.5
ATP,2009,36,London,Wimbledon,2009-06-25,Grand Slam,Outdoor,Grass,2nd Round,5,Hanescu V.,Devilder N.,28,96.0,1651,724.0,6.0,2.0,6.0,3.0,6.0,1.0,,,,,3.0,0.0,Completed,1.25,3.75,1.28,3.46,1.3,3.4,1.29,3.25,1.28,3.55
ATP,2009,36,London,Wimbledon,2009-06-25,Grand Slam,Outdoor,Grass,2nd Round,5,Melzer J.,Becker B.,30,49.0,1640,1098.0,7.0,6.0,6.0,3.0,7.0,6.0,,,,,3.0,0.0,Completed,2.1,1.66,1.87,1.87,2.2,1.615,2.0,1.73,1.94,1.82
ATP,2009,36,London,Wimbledon,2009-06-25,Grand Slam,Outdoor,Grass,2nd Round,5,Berdych T.,Mathieu P.H.,20,38.0,1910,1280.0,6.0,2.0,6.0,4.0,6.0,4.0,,,,,3.0,0.0,Completed,1.36,3.0,1.4,2.8,1.4,2.75,1.4,2.75,1.37,3.0
ATP,2009,36,London,Wimbledon,2009-06-25,Grand Slam,Outdoor,Grass,2nd Round,5,Hewitt L.,Del Potro J.M.,56,5.0,1040,5730.0,6.0,3.0,7.0,5.0,7.0,5.0,,,,,3.0,0.0,Completed,3.5,1.28,3.12,1.33,3.4,1.3,3.5,1.29,3.15,1.34
ATP,2009,36,London,Wimbledon,2009-06-25,Grand Slam,Outdoor,Grass,2nd Round,5,Simon G.,Alves T.,7,118.0,3970,636.0,5.0,7.0,6.0,3.0,6.0,4.0,6.0,4.0,,,3.0,1.0,Completed,1.08,7.0,1.1,6.25,1.083,7.0,1.13,5.5,1.1,6.75
ATP,2009,36,London,Wimbledon,2009-06-25,Grand Slam,Outdoor,Grass,2nd Round,5,Petzschner P.,Zverev M.,55,45.0,1045,1170.0,4.0,6.0,7.0,6.0,3.0,6.0,7.0,6.0,6.0,0.0,3.0,2.0,Completed,2.5,1.5,2.35,1.55,2.25,1.571,2.25,1.57,2.27,1.6
ATP,2009,36,London,Wimbledon,2009-06-25,Grand Slam,Outdoor,Grass,2nd Round,5,Roddick A.,Kunitsyn I.,6,39.0,4310,1236.0,6.0,4.0,6.0,2.0,3.0,6.0,6.0,2.0,,,3.0,1.0,Completed,1.01,15.0,1.03,10.5,1.02,11.0,1.03,10.0,1.02,15.0
ATP,2009,36,London,Wimbledon,2009-06-25,Grand Slam,Outdoor,Grass,2nd Round,5,Seppi A.,Gicquel M.,50,59.0,1090,1005.0,7.0,5.0,6.0,4.0,6.0,7.0,5.0,7.0,6.0,4.0,3.0,2.0,Completed,1.53,2.37,1.65,2.2,1.571,2.25,1.22,3.75,1.55,2.38
ATP,2009,36,London,Wimbledon,2009-06-25,Grand Slam,Outdoor,Grass,2nd Round,5,Ferrero J.C.,Santoro F.,70,37.0,894,1285.0,6.0,7.0,6.0,3.0,6.0,4.0,6.0,3.0,,,3.0,1.0,Completed,1.36,3.0,1.4,2.8,1.4,2.75,1.4,2.75,1.42,2.76
ATP,2009,36,London,Wimbledon,2009-06-25,Grand Slam,Outdoor,Grass,2nd Round,5,Ferrer D.,Fognini F.,21,66.0,1900,925.0,6.0,2.0,6.0,2.0,6.0,3.0,,,,,3.0,0.0,Completed,1.08,7.0,1.1,6.25,1.111,6.0,1.1,6.0,1.1,6.75
ATP,2009,36,London,Wimbledon,2009-06-25,Grand Slam,Outdoor,Grass,2nd Round,5,Davydenko N.,Crivoi V.,11,87.0,2855,820.0,6.0,4.0,6.0,4.0,6.0,2.0,,,,,3.0,0.0,Completed,1.04,10.0,1.05,8.5,1.05,8.5,1.05,8.0,1.05,9.5
ATP,2009,36,London,Wimbledon,2009-06-25,Grand Slam,Outdoor,Grass,2nd Round,5,Gonzalez F.,Mayer L.,10,64.0,3165,936.0,6.0,7.0,6.0,4.0,6.0,4.0,6.0,4.0,,,3.0,1.0,Completed,1.16,4.5,1.2,4.25,1.2,4.33,1.2,4.0,1.21,4.25
ATP,2009,36,London,Wimbledon,2009-06-25,Grand Slam,Outdoor,Grass,2nd Round,5,Murray A.,Gulbis E.,3,74.0,9230,885.0,6.0,2.0,7.0,5.0,6.0,3.0,,,,,3.0,0.0,Completed,1.04,10.0,1.07,7.44,1.05,8.5,1.07,8.0,1.06,9.0
ATP,2009,36,London,Wimbledon,2009-06-25,Grand Slam,Outdoor,Grass,2nd Round,5,Levine J.,Cuevas P.,133,125.0,553,611.0,6.0,2.0,6.0,1.0,4.0,6.0,4.0,6.0,6.0,3.0,3.0,2.0,Completed,1.38,2.87,1.45,2.6,1.4,2.75,1.36,2.88,1.42,2.78
ATP,2009,36,London,Wimbledon,2009-06-25,Grand Slam,Outdoor,Grass,2nd Round,5,Wawrinka S.,Vassallo-Arguello M.,18,57.0,2195,1036.0,6.0,3.0,6.0,2.0,6.0,2.0,,,,,3.0,0.0,Completed,1.06,8.0,1.09,6.68,1.071,7.5,1.08,6.5,1.08,7.5
ATP,2009,36,London,Wimbledon,2009-06-25,Grand Slam,Outdoor,Grass,2nd Round,5,Stepanek R.,Starace P.,23,80.0,1890,858.0,6.0,4.0,4.0,6.0,6.0,2.0,4.0,6.0,6.0,3.0,3.0,2.0,Completed,1.1,6.5,1.1,6.25,1.1,6.5,1.1,6.0,1.1,6.75
ATP,2009,36,London,Wimbledon,2009-06-25,Grand Slam,Outdoor,Grass,2nd Round,5,Troicki V.,Gimeno-Traver D.,31,98.0,1547,718.0,6.0,7.0,6.0,0.0,1.0,6.0,6.0,3.0,7.0,5.0,3.0,2.0,Completed,1.12,5.5,1.15,5.5,1.125,5.5,1.1,6.0,1.14,5.4
ATP,2009,36,London,Wimbledon,2009-06-26,Grand Slam,Outdoor,Grass,3rd Round,5,Soderling R.,Almagro N.,12,48.0,2825,1115.0,7.0,6.0,6.0,4.0,6.0,4.0,,,,,3.0,0.0,Completed,1.16,4.5,1.19,4.35,1.16,4.5,1.17,4.5,1.2,4.35
ATP,2009,36,London,Wimbledon,2009-06-26,Grand Slam,Outdoor,Grass,3rd Round,5,Federer R.,Kohlschreiber P.,2,32.0,10620,1540.0,6.0,3.0,6.0,2.0,6.0,7.0,6.0,1.0,,,3.0,1.0,Completed,1.01,15.0,1.02,14.0,1.02,11.0,1.01,17.0,1.02,15.0
ATP,2009,36,London,Wimbledon,2009-06-26,Grand Slam,Outdoor,Grass,3rd Round,5,Karlovic I.,Tsonga J.W.,36,9.0,1295,3510.0,7.0,6.0,6.0,7.0,7.0,5.0,7.0,6.0,,,3.0,1.0,Completed,2.5,1.5,2.35,1.57,2.5,1.5,2.5,1.5,2.4,1.55
ATP,2009,36,London,Wimbledon,2009-06-26,Grand Slam,Outdoor,Grass,3rd Round,5,Verdasco F.,Montanes A.,8,33.0,3620,1424.0,4.0,6.0,6.0,1.0,6.0,4.0,7.0,6.0,,,3.0,1.0,Completed,1.06,8.0,1.09,6.67,1.08,7.0,1.1,7.0,1.09,7.0
ATP,2009,36,London,Wimbledon,2009-06-26,Grand Slam,Outdoor,Grass,3rd Round,5,Sela D.,Robredo T.,46,15.0,1162,2580.0,7.0,6.0,7.0,5.0,2.0,6.0,7.0,5.0,,,3.0,1.0,Completed,2.0,1.72,1.95,1.8,2.1,1.667,2.2,1.615,2.04,1.74
ATP,2009,36,London,Wimbledon,2009-06-26,Grand Slam,Outdoor,Grass,3rd Round,5,Djokovic N.,Fish M.,4,25.0,7860,1735.0,6.0,4.0,6.0,4.0,6.0,4.0,,,,,3.0,0.0,Completed,1.25,3.75,1.3,3.3,1.25,3.75,1.2,4.0,1.28,3.55
ATP,2009,36,London,Wimbledon,2009-06-27,Grand Slam,Outdoor,Grass,3rd Round,5,Stepanek R.,Ferrer D.,23,21.0,1890,1900.0,7.0,5.0,7.0,5.0,3.0,6.0,4.0,6.0,6.0,4.0,3.0,2.0,Completed,2.0,1.72,1.95,1.85,2.1,1.667,2.0,1.73,1.92,1.84
ATP,2009,36,London,Wimbledon,2009-06-27,Grand Slam,Outdoor,Grass,3rd Round,5,Berdych T.,Davydenko N.,20,11.0,1910,2855.0,6.0,2.0,6.0,3.0,6.0,2.0,,,,,3.0,0.0,Completed,1.72,2.0,1.8,1.95,1.833,1.833,1.727,2.0,1.78,2.0
ATP,2009,36,London,Wimbledon,2009-06-27,Grand Slam,Outdoor,Grass,3rd Round,5,Andreev I.,Seppi A.,26,50.0,1700,1090.0,6.0,1.0,7.0,6.0,4.0,6.0,7.0,6.0,,,3.0,1.0,Completed,1.8,1.9,1.9,1.85,1.833,1.833,1.9,1.9,1.85,1.9
ATP,2009,36,London,Wimbledon,2009-06-27,Grand Slam,Outdoor,Grass,3rd Round,5,Hewitt L.,Petzschner P.,56,55.0,1040,1045.0,7.0,5.0,7.0,6.0,6.0,3.0,,,,,3.0,0.0,Completed,1.07,7.5,1.09,6.68,1.083,7.0,1.125,6.0,1.1,6.75
ATP,2009,36,London,Wimbledon,2009-06-27,Grand Slam,Outdoor,Grass,3rd Round,5,Wawrinka S.,Levine J.,18,133.0,2195,553.0,5.0,7.0,7.0,5.0,6.0,3.0,6.0,3.0,,,3.0,1.0,Completed,1.14,5.0,1.15,5.2,1.143,5.0,1.167,4.5,1.15,5.2
ATP,2009,36,London,Wimbledon,2009-06-27,Grand Slam,Outdoor,Grass,3rd Round,5,Roddick A.,Melzer J.,6,30.0,4310,1640.0,7.0,6.0,7.0,6.0,4.0,6.0,6.0,3.0,,,3.0,1.0,Completed,1.06,8.0,1.09,6.68,1.071,7.5,1.071,7.0,1.07,8.0
ATP,2009,36,London,Wimbledon,2009-06-27,Grand Slam,Outdoor,Grass,3rd Round,5,Haas T.,Cilic M.,34,13.0,1405,2710.0,7.0,5.0,7.0,5.0,1.0,6.0,6.0,7.0,7.0,6.0,3.0,2.0,Completed,1.66,2.1,1.57,2.3,1.61,2.2,1.67,2.1,1.65,2.2
ATP,2009,36,London,Wimbledon,2009-06-27,Grand Slam,Outdoor,Grass,3rd Round,5,Simon G.,Hanescu V.,7,28.0,3970,1651.0,6.0,2.0,7.0,5.0,6.0,2.0,,,,,3.0,0.0,Completed,1.66,2.1,1.8,1.95,1.667,2.1,1.667,2.1,1.78,2.0
ATP,2009,36,London,Wimbledon,2009-06-27,Grand Slam,Outdoor,Grass,3rd Round,5,Ferrero J.C.,Gonzalez F.,70,10.0,894,3165.0,4.0,6.0,7.0,5.0,6.0,4.0,4.0,6.0,6.0,4.0,3.0,2.0,Completed,2.62,1.44,2.35,1.55,2.62,1.44,2.5,1.5,2.6,1.48
ATP,2009,36,London,Wimbledon,2009-06-27,Grand Slam,Outdoor,Grass,3rd Round,3,Murray A.,Troicki V.,3,31.0,9230,1547.0,6.0,2.0,6.0,3.0,6.0,4.0,,,,,3.0,0.0,Completed,1.01,15.0,1.03,10.5,1.01,17.0,1.02,13.0,1.02,16.0
ATP,2009,36,London,Wimbledon,2009-06-29,Grand Slam,Outdoor,Grass,4th Round,5,Haas T.,Andreev I.,34,26.0,1405,1700.0,7.0,6.0,6.0,4.0,6.0,4.0,,,,,3.0,0.0,Completed,1.3,3.4,1.35,3.1,1.333,3.25,1.333,3.25,1.34,3.2
ATP,2009,36,London,Wimbledon,2009-06-29,Grand Slam,Outdoor,Grass,4th Round,5,Federer R.,Soderling R.,2,12.0,10620,2825.0,6.0,4.0,7.0,6.0,7.0,6.0,,,,,3.0,0.0,Completed,1.04,10.0,1.04,9.25,1.04,9.0,1.04,10.0,1.06,10.0
ATP,2009,36,London,Wimbledon,2009-06-29,Grand Slam,Outdoor,Grass,4th Round,5,Karlovic I.,Verdasco F.,36,8.0,1295,3620.0,7.0,6.0,6.0,7.0,6.0,3.0,7.0,6.0,,,3.0,1.0,Completed,1.57,2.25,1.65,2.15,1.61,2.2,1.667,2.2,1.62,2.26
ATP,2009,36,London,Wimbledon,2009-06-29,Grand Slam,Outdoor,Grass,4th Round,5,Djokovic N.,Sela D.,4,46.0,7860,1162.0,6.0,2.0,6.0,4.0,6.0,1.0,,,,,3.0,0.0,Completed,1.03,11.0,1.04,9.25,1.04,9.0,1.05,9.0,1.06,10.0
ATP,2009,36,London,Wimbledon,2009-06-29,Grand Slam,Outdoor,Grass,4th Round,5,Hewitt L.,Stepanek R.,56,23.0,1040,1890.0,4.0,6.0,2.0,6.0,6.0,1.0,6.0,2.0,6.0,2.0,3.0,2.0,Completed,1.22,4.0,1.25,3.75,1.25,3.75,1.22,4.0,1.27,3.7
ATP,2009,36,London,Wimbledon,2009-06-29,Grand Slam,Outdoor,Grass,4th Round,5,Ferrero J.C.,Simon G.,70,7.0,894,3970.0,7.0,6.0,6.0,3.0,6.0,2.0,,,,,3.0,0.0,Completed,1.66,2.1,1.65,2.15,1.66,2.1,1.73,2.1,1.67,2.15
ATP,2009,36,London,Wimbledon,2009-06-29,Grand Slam,Outdoor,Grass,4th Round,5,Roddick A.,Berdych T.,6,20.0,4310,1910.0,7.0,6.0,6.0,4.0,6.0,3.0,,,,,3.0,0.0,Completed,1.5,2.5,1.55,2.35,1.533,2.375,1.57,2.38,1.55,2.4
ATP,2009,36,London,Wimbledon,2009-06-29,Grand Slam,Outdoor,Grass,4th Round,5,Murray A.,Wawrinka S.,3,18.0,9230,2195.0,2.0,6.0,6.0,3.0,6.0,3.0,5.0,7.0,6.0,3.0,3.0,2.0,Completed,1.04,10.0,1.05,8.5,1.04,9.0,1.05,9.0,1.07,8.0
ATP,2009,36,London,Wimbledon,2009-07-01,Grand Slam,Outdoor,Grass,Quarterfinals,5,Federer R.,Karlovic I.,2,36.0,10620,1295.0,6.0,3.0,7.0,5.0,7.0,6.0,,,,,3.0,0.0,Completed,1.07,8.0,1.08,7.0,1.08,7.0,1.1,7.0,1.09,7.2
ATP,2009,36,London,Wimbledon,2009-07-01,Grand Slam,Outdoor,Grass,Quarterfinals,5,Haas T.,Djokovic N.,34,4.0,1405,7860.0,7.0,5.0,7.0,6.0,4.0,6.0,6.0,3.0,,,3.0,1.0,Completed,3.2,1.36,2.85,1.4,3.0,1.364,3.0,1.364,3.0,1.38
ATP,2009,36,London,Wimbledon,2009-07-01,Grand Slam,Outdoor,Grass,Quarterfinals,5,Murray A.,Ferrero J.C.,3,70.0,9230,894.0,7.0,5.0,6.0,3.0,6.0,2.0,,,,,3.0,0.0,Completed,1.08,7.5,1.11,5.84,1.071,7.5,1.1,7.0,1.12,6.2
ATP,2009,36,London,Wimbledon,2009-07-01,Grand Slam,Outdoor,Grass,Quarterfinals,5,Roddick A.,Hewitt L.,6,56.0,4310,1040.0,6.0,3.0,6.0,7.0,7.0,6.0,4.0,6.0,6.0,4.0,3.0,2.0,Completed,1.33,3.4,1.35,3.05,1.364,3.0,1.36,3.0,1.38,3.0
ATP,2009,36,London,Wimbledon,2009-07-03,Grand Slam,Outdoor,Grass,Semifinals,5,Federer R.,Haas T.,2,34.0,10620,1405.0,7.0,6.0,7.0,5.0,6.0,3.0,,,,,3.0,0.0,Completed,1.06,9.0,1.07,8.66,1.063,8.0,1.071,9.0,1.08,8.5
ATP,2009,36,London,Wimbledon,2009-07-03,Grand Slam,Outdoor,Grass,Semifinals,5,Roddick A.,Murray A.,6,3.0,4310,9230.0,6.0,4.0,4.0,6.0,7.0,6.0,7.0,6.0,,,3.0,1.0,Completed,3.5,1.3,3.44,1.3,3.5,1.286,3.25,1.33,3.5,1.3
ATP,2009,36,London,Wimbledon,2009-07-05,Grand Slam,Outdoor,Grass,The Final,5,Federer R.,Roddick A.,2,6.0,10620,4310.0,5.0,6.0,7.0,6.0,7.0,6.0,3.0,6.0,16.0,14.0,3.0,2.0,Completed,1.11,6.5,1.08,7.94,1.111,6.5,1.125,6.0,1.12,6.4
ATP,2009,49,New York,US Open,2009-08-31,Grand Slam,Outdoor,Hard,1st Round,5,Youzhny M.,Mathieu P.H.,60,27.0,870,1390.0,2.0,6.0,7.0,5.0,6.0,0.0,6.0,2.0,,,3.0,1.0,Completed,1.83,1.83,1.73,2.03,1.833,1.833,2.0,1.727,1.9,1.86
ATP,2009,49,New York,US Open,2009-08-31,Grand Slam,Outdoor,Hard,1st Round,5,Granollers M.,Zverev M.,88,53.0,680,930.0,2.0,6.0,7.0,5.0,3.0,6.0,6.0,4.0,6.0,0.0,3.0,2.0,Completed,2.5,1.5,2.35,1.55,2.2,1.615,2.1,1.67,2.24,1.62
ATP,2009,49,New York,US Open,2009-08-31,Grand Slam,Outdoor,Hard,1st Round,5,Hernych J.,Schuettler R.,70,99.0,812,635.0,1.0,6.0,7.0,6.0,6.0,4.0,2.0,6.0,6.0,3.0,3.0,2.0,Completed,2.25,1.57,2.2,1.65,2.1,1.667,2.0,1.727,2.08,1.72
ATP,2009,49,New York,US Open,2009-08-31,Grand Slam,Outdoor,Hard,1st Round,5,Garcia-Lopez G.,Polansky P.,50,202.0,984,301.0,6.0,4.0,6.0,4.0,5.0,7.0,3.0,6.0,6.0,1.0,3.0,2.0,Completed,1.44,2.62,1.4,2.85,1.4,2.75,1.4,2.75,1.5,2.52
ATP,2009,49,New York,US Open,2009-08-31,Grand Slam,Outdoor,Hard,1st Round,5,Greul S.,Lapentti G.,65,182.0,836,341.0,6.0,3.0,4.0,6.0,3.0,6.0,6.0,0.0,7.0,6.0,3.0,2.0,Completed,2.1,1.66,2.0,1.75,1.833,1.833,1.909,1.8,2.03,1.75
ATP,2009,49,New York,US Open,2009-08-31,Grand Slam,Outdoor,Hard,1st Round,5,Chiudinelli M.,Starace P.,161,92.0,386,665.0,7.0,6.0,7.0,6.0,6.0,0.0,,,,,3.0,0.0,Completed,1.57,2.25,1.65,2.15,1.61,2.2,1.62,2.2,1.64,2.2
ATP,2009,49,New York,US Open,2009-08-31,Grand Slam,Outdoor,Hard,1st Round,5,Davydenko N.,Kindlmann D.,8,222.0,3655,258.0,6.0,3.0,6.0,4.0,7.0,5.0,,,,,3.0,0.0,Completed,1.01,15.0,1.03,10.5,1.03,10.0,1.03,10.0,1.03,12.0
ATP,2009,49,New York,US Open,2009-08-31,Grand Slam,Outdoor,Hard,1st Round,5,Soderling R.,Montanes A.,12,48.0,2665,991.0,6.0,1.0,3.0,6.0,6.0,1.0,6.0,4.0,,,3.0,1.0,Completed,1.02,12.0,1.02,11.5,1.03,10.0,1.05,8.0,1.06,9.0
ATP,2009,49,New York,US Open,2009-08-31,Grand Slam,Outdoor,Hard,1st Round,5,Isner J.,Hanescu V.,55,29.0,914,1346.0,6.0,1.0,7.0,6.0,7.0,6.0,,,,,3.0,0.0,Completed,1.57,2.25,1.6,2.25,1.61,2.2,1.571,2.25,1.72,2.08
ATP,2009,49,New York,US Open,2009-08-31,Grand Slam,Outdoor,Hard,1st Round,5,Ilhan M.,Rochus C.,231,72.0,243,799.0,3.0,6.0,6.0,3.0,3.0,6.0,7.0,5.0,7.0,5.0,3.0,2.0,Completed,1.72,2.0,1.8,1.95,1.8,1.909,1.73,2.0,1.76,2.02
ATP,2009,49,New York,US Open,2009-08-31,Grand Slam,Outdoor,Hard,1st Round,5,Robredo T.,Young D.,15,185.0,2165,336.0,6.0,4.0,3.0,6.0,6.0,2.0,6.0,3.0,,,3.0,1.0,Completed,1.16,4.5,1.2,4.3,1.25,3.75,1.222,3.75,1.23,4.0
ATP,2009,49,New York,US Open,2009-08-31,Grand Slam,Outdoor,Hard,1st Round,5,Federer R.,Britton D.,1,1370.0,12040,4.0,6.0,1.0,6.0,3.0,7.0,5.0,,,,,3.0,0.0,Completed,1.001,51.0,1.01,19.0,1.001,41.0,1.0,34.0,1.01,50.0
ATP,2009,49,New York,US Open,2009-08-31,Grand Slam,Outdoor,Hard,1st Round,5,Devvarman S.,Gil F.,162,106.0,386,595.0,6.0,3.0,6.0,4.0,6.0,3.0,,,,,3.0,0.0,Completed,2.25,1.57,2.1,1.7,1.833,1.833,2.1,1.67,2.2,1.64
ATP,2009,49,New York,US Open,2009-08-31,Grand Slam,Outdoor,Hard,1st Round,5,Haas T.,Falla A.,21,160.0,1760,386.0,7.0,5.0,4.0,6.0,7.0,6.0,6.0,2.0,,,3.0,1.0,Completed,1.11,6.0,1.1,6.75,1.125,5.5,1.1,6.0,1.12,6.0
ATP,2009,49,New York,US Open,2009-08-31,Grand Slam,Outdoor,Hard,1st Round,5,Kendrick R.,Vassallo-Arguello M.,77,52.0,747,973.0,6.0,3.0,6.0,2.0,6.0,2.0,,,,,3.0,0.0,Completed,1.14,5.0,1.15,5.2,1.167,4.5,1.17,4.5,1.2,4.35
ATP,2009,49,New York,US Open,2009-08-31,Grand Slam,Outdoor,Hard,1st Round,5,Rochus O.,Kunitsyn I.,90,42.0,678,1098.0,6.0,3.0,6.0,0.0,6.0,2.0,,,,,3.0,0.0,Completed,2.25,1.57,2.1,1.7,2.2,1.615,2.25,1.571,2.2,1.64
ATP,2009,49,New York,US Open,2009-08-31,Grand Slam,Outdoor,Hard,1st Round,5,Blake J.,Ramirez-Hidalgo R.,23,115.0,1520,551.0,6.0,1.0,6.0,4.0,7.0,5.0,,,,,3.0,0.0,Completed,1.05,9.0,1.09,6.68,1.083,7.0,1.071,8.0,1.14,5.5
ATP,2009,49,New York,US Open,2009-08-31,Grand Slam,Outdoor,Hard,1st Round,5,Hewitt L.,Alves T.,32,107.0,1285,592.0,6.0,0.0,6.0,3.0,6.0,4.0,,,,,3.0,0.0,Completed,1.01,15.0,1.04,12.0,1.02,11.0,1.04,9.0,1.04,11.0
ATP,2009,49,New York,US Open,2009-08-31,Grand Slam,Outdoor,Hard,1st Round,5,Kohlschreiber P.,Seppi A.,24,49.0,1510,990.0,6.0,0.0,6.0,4.0,6.0,4.0,,,,,3.0,0.0,Completed,1.5,2.5,1.5,2.45,1.533,2.375,1.53,2.38,1.62,2.24
ATP,2009,49,New York,US Open,2009-08-31,Grand Slam,Outdoor,Hard,1st Round,5,Gicquel M.,Tursunov D.,81,36.0,729,1230.0,6.0,2.0,5.0,7.0,6.0,3.0,6.0,3.0,,,3.0,1.0,Completed,1.4,2.75,1.42,2.75,1.444,2.625,1.44,2.63,1.44,2.7
ATP,2009,49,New York,US Open,2009-08-31,Grand Slam,Outdoor,Hard,1st Round,5,Chela J.I.,Hernandez O.,137,83.0,467,720.0,6.0,4.0,6.0,4.0,6.0,2.0,,,,,3.0,0.0,Completed,1.2,4.33,1.22,3.99,1.286,3.5,1.29,3.25,1.32,3.25
ATP,2009,49,New York,US Open,2009-08-31,Grand Slam,Outdoor,Hard,1st Round,5,Mayer L.,Golubev A.,59,56.0,879,901.0,6.0,4.0,4.0,6.0,7.0,5.0,6.0,3.0,,,3.0,1.0,Completed,1.36,3.0,1.4,2.85,1.444,2.625,1.4,2.75,1.47,2.6
ATP,2009,49,New York,US Open,2009-08-31,Grand Slam,Outdoor,Hard,1st Round,5,Stepanek R.,Bolelli S.,16,67.0,2000,816.0,6.0,4.0,6.0,4.0,6.0,4.0,,,,,3.0,0.0,Completed,1.3,3.4,1.35,3.1,1.33,3.25,1.25,3.5,1.3,3.4
ATP,2009,49,New York,US Open,2009-09-01,Grand Slam,Outdoor,Hard,1st Round,5,Roddick A.,Phau B.,5,84.0,5720,719.0,6.0,1.0,6.0,4.0,6.0,2.0,,,,,3.0,0.0,Completed,1.01,15.0,1.01,15.87,1.015,13.0,1.013,15.0,1.02,15.0
ATP,2009,49,New York,US Open,2009-09-01,Grand Slam,Outdoor,Hard,1st Round,5,Tsonga J.W.,Buchanan C.,7,920.0,3920,16.0,6.0,0.0,6.0,2.0,6.0,1.0,,,,,3.0,0.0,Completed,1.005,21.0,1.01,16.0,1.013,15.0,1.013,11.0,1.02,13.0
ATP,2009,49,New York,US Open,2009-09-01,Grand Slam,Outdoor,Hard,1st Round,5,Witten J.,Andreev I.,276,30.0,197,1330.0,6.0,4.0,6.0,0.0,6.0,2.0,,,,,3.0,0.0,Completed,7.0,1.08,5.5,1.13,5.5,1.125,6.0,1.1,6.0,1.12
ATP,2009,49,New York,US Open,2009-09-01,Grand Slam,Outdoor,Hard,1st Round,5,Gonzalez M.,Beck K.,79,94.0,739,654.0,2.0,6.0,1.0,6.0,6.0,1.0,6.0,4.0,6.0,3.0,3.0,2.0,Completed,3.25,1.33,3.01,1.35,3.0,1.364,2.75,1.4,3.2,1.33
ATP,2009,49,New York,US Open,2009-09-01,Grand Slam,Outdoor,Hard,1st Round,5,Nieminen J.,Fognini F.,54,73.0,924,785.0,7.0,5.0,7.0,6.0,6.0,4.0,,,,,3.0,0.0,Completed,1.61,2.2,1.65,2.15,1.833,1.833,1.571,2.25,1.75,2.03
ATP,2009,49,New York,US Open,2009-09-01,Grand Slam,Outdoor,Hard,1st Round,5,Benneteau J.,Cipolla F.,43,117.0,1079,537.0,4.0,6.0,6.0,1.0,6.0,3.0,6.0,3.0,,,3.0,1.0,Completed,1.14,5.0,1.2,4.25,1.2,4.333,1.222,3.75,1.2,4.35
ATP,2009,49,New York,US Open,2009-09-01,Grand Slam,Outdoor,Hard,1st Round,5,Verdasco F.,Becker B.,10,45.0,3220,1054.0,7.0,5.0,6.0,4.0,7.0,5.0,,,,,3.0,0.0,Completed,1.05,9.0,1.06,7.79,1.071,7.5,1.05,8.0,1.05,6.7
ATP,2009,49,New York,US Open,2009-09-01,Grand Slam,Outdoor,Hard,1st Round,5,Zeballos H.,Berrer M.,76,120.0,750,521.0,6.0,3.0,7.0,6.0,3.0,6.0,6.0,0.0,,,3.0,1.0,Completed,1.57,2.25,1.55,2.35,1.61,2.2,1.571,2.25,1.6,2.28
ATP,2009,49,New York,US Open,2009-09-01,Grand Slam,Outdoor,Hard,1st Round,5,Troicki V.,Luczak P.,31,78.0,1320,744.0,6.0,3.0,6.0,3.0,1.0,6.0,2.0,6.0,6.0,1.0,3.0,2.0,Completed,1.66,2.1,1.77,1.98,1.833,1.833,1.83,1.83,1.82,1.94
ATP,2009,49,New York,US Open,2009-09-01,Grand Slam,Outdoor,Hard,1st Round,5,Berdych T.,Odesnik W.,18,86.0,1945,694.0,7.0,5.0,6.0,4.0,6.0,4.0,,,,,3.0,0.0,Completed,1.12,5.5,1.15,5.2,1.125,5.5,1.125,5.5,1.16,5.0
ATP,2009,49,New York,US Open,2009-09-01,Grand Slam,Outdoor,Hard,1st Round,5,Istomin D.,Evans B.,108,121.0,587,514.0,6.0,4.0,6.0,4.0,7.0,6.0,,,,,3.0,0.0,Completed,1.5,2.5,1.55,2.35,1.533,2.375,1.571,2.25,1.62,2.24
ATP,2009,49,New York,US Open,2009-09-01,Grand Slam,Outdoor,Hard,1st Round,5,Cilic M.,Sweeting R.,17,141.0,1985,458.0,7.0,6.0,6.0,4.0,7.0,6.0,,,,,3.0,0.0,Completed,1.07,7.5,1.1,6.75,1.08,7.0,1.083,6.5,1.1,6.7
ATP,2009,49,New York,US Open,2009-09-01,Grand Slam,Outdoor,Hard,1st Round,5,Ouanna J.,Ram R.,103,114.0,623,554.0,7.0,6.0,6.0,4.0,3.0,6.0,6.0,3.0,,,3.0,1.0,Completed,2.5,1.5,2.35,1.55,2.25,1.571,2.25,1.571,2.38,1.55
ATP,2009,49,New York,US Open,2009-09-01,Grand Slam,Outdoor,Hard,1st Round,5,Serra F.,Tipsarevic J.,61,64.0,866,855.0,7.0,6.0,7.0,6.0,7.0,6.0,,,,,3.0,0.0,Completed,2.25,1.57,2.1,1.7,2.2,1.61,2.2,1.62,2.13,1.68
ATP,2009,49,New York,US Open,2009-09-01,Grand Slam,Outdoor,Hard,1st Round,5,Gonzalez F.,Massu N.,11,89.0,2825,678.0,6.0,3.0,6.0,3.0,6.0,3.0,,,,,3.0,0.0,Completed,1.07,7.5,1.09,6.68,1.08,7.0,1.071,7.0,1.09,7.0
ATP,2009,49,New York,US Open,2009-09-01,Grand Slam,Outdoor,Hard,1st Round,5,Djokovic N.,Ljubicic I.,4,51.0,7660,976.0,6.0,3.0,6.0,1.0,6.0,3.0,,,,,3.0,0.0,Completed,1.04,10.0,1.05,8.5,1.04,9.0,1.05,8.0,1.06,9.0
ATP,2009,49,New York,US Open,2009-09-01,Grand Slam,Outdoor,Hard,1st Round,5,Levine J.,Gabashvili T.,135,74.0,470,769.0,7.0,5.0,6.0,1.0,6.0,2.0,,,,,3.0,0.0,Completed,1.61,2.2,1.6,2.3,1.72,2.0,1.667,2.1,1.65,2.2
ATP,2009,49,New York,US Open,2009-09-01,Grand Slam,Outdoor,Hard,1st Round,5,Capdeville P.,Crivoi V.,87,96.0,685,640.0,6.0,3.0,6.0,0.0,7.0,6.0,,,,,3.0,0.0,Completed,1.28,3.5,1.25,3.73,1.286,3.5,1.333,3.0,1.3,3.4
ATP,2009,49,New York,US Open,2009-09-01,Grand Slam,Outdoor,Hard,1st Round,5,Lapentti N.,Wawrinka S.,163,20.0,383,1845.0,4.0,6.0,3.0,6.0,7.0,6.0,7.0,6.0,6.0,3.0,3.0,2.0,Completed,6.5,1.1,6.33,1.1,5.5,1.125,5.0,1.143,6.7,1.1
ATP,2009,49,New York,US Open,2009-09-01,Grand Slam,Outdoor,Hard,1st Round,5,Kim K.,Sela D.,100,35.0,632,1244.0,6.0,3.0,0.0,6.0,6.0,2.0,6.0,2.0,,,3.0,1.0,Completed,3.5,1.28,3.66,1.26,3.25,1.333,2.88,1.36,3.4,1.3
ATP,2009,49,New York,US Open,2009-09-01,Grand Slam,Outdoor,Hard,1st Round,5,Ball C.,Brzezicki J.P.,155,188.0,402,334.0,7.0,6.0,6.0,3.0,6.0,4.0,,,,,3.0,0.0,Completed,1.36,3.0,1.4,2.85,1.4,2.75,1.4,2.75,1.42,2.8
ATP,2009,49,New York,US Open,2009-09-01,Grand Slam,Outdoor,Hard,1st Round,5,Querrey S.,Yani M.,22,253.0,1600,220.0,6.0,3.0,7.0,5.0,6.0,3.0,,,,,3.0,0.0,Completed,1.03,11.0,1.04,9.25,1.063,8.0,1.04,9.0,1.05,9.0
ATP,2009,49,New York,US Open,2009-09-01,Grand Slam,Outdoor,Hard,1st Round,5,Dent T.,Lopez F.,196,37.0,314,1205.0,4.0,6.0,7.0,6.0,6.0,3.0,7.0,5.0,,,3.0,1.0,Completed,2.75,1.4,3.02,1.35,2.75,1.4,2.75,1.4,2.86,1.4
ATP,2009,49,New York,US Open,2009-09-01,Grand Slam,Outdoor,Hard,1st Round,5,Navarro-Pastor I.,Karlovic I.,119,28.0,525,1360.0,6.0,4.0,7.0,6.0,7.0,6.0,,,,,3.0,0.0,Completed,7.0,1.08,5.5,1.13,6.0,1.11,6.0,1.1,5.5,1.14
ATP,2009,49,New York,US Open,2009-09-02,Grand Slam,Outdoor,Hard,1st Round,5,Murray A.,Gulbis E.,2,95.0,9610,640.0,7.0,5.0,6.0,3.0,7.0,5.0,,,,,3.0,0.0,Completed,1.02,12.0,1.02,11.5,1.015,13.0,1.03,11.0,1.02,15.0
ATP,2009,49,New York,US Open,2009-09-02,Grand Slam,Outdoor,Hard,1st Round,5,Monfils G.,Chardy J.,13,34.0,2475,1267.0,6.0,1.0,6.0,4.0,6.0,3.0,,,,,3.0,0.0,Completed,1.44,2.62,1.5,2.55,1.5,2.5,1.5,2.5,1.42,2.76
ATP,2009,49,New York,US Open,2009-09-02,Grand Slam,Outdoor,Hard,1st Round,5,Beck A.,Korolev E.,40,80.0,1115,732.0,6.0,3.0,6.0,4.0,2.0,6.0,2.0,6.0,6.0,4.0,3.0,2.0,Completed,1.4,2.75,1.48,2.53,1.5,2.5,1.5,2.5,1.45,2.67
ATP,2009,49,New York,US Open,2009-09-02,Grand Slam,Outdoor,Hard,1st Round,5,Melzer J.,Safin M.,38,58.0,1185,880.0,1.0,6.0,6.0,4.0,6.0,3.0,6.0,4.0,,,3.0,1.0,Completed,1.57,2.25,1.63,2.25,1.667,2.1,1.615,2.2,1.55,2.38
ATP,2009,49,New York,US Open,2009-09-02,Grand Slam,Outdoor,Hard,1st Round,5,Kiefer N.,Llodra M.,129,116.0,500,540.0,6.0,3.0,6.0,4.0,6.0,4.0,,,,,3.0,0.0,Completed,1.3,3.4,1.35,3.1,1.333,3.25,1.333,3.0,1.33,3.2
ATP,2009,49,New York,US Open,2009-09-02,Grand Slam,Outdoor,Hard,1st Round,5,Ferrero J.C.,Santoro F.,25,44.0,1490,1072.0,6.0,4.0,6.0,3.0,6.0,3.0,,,,,3.0,0.0,Completed,1.2,4.33,1.2,4.25,1.2,4.333,1.17,4.5,1.2,4.3
ATP,2009,49,New York,US Open,2009-09-02,Grand Slam,Outdoor,Hard,1st Round,5,Cuevas P.,Guccione C.,68,102.0,814,625.0,6.0,4.0,7.0,6.0,6.0,0.0,,,,,3.0,0.0,Completed,2.25,1.57,2.1,1.7,2.25,1.571,2.375,1.533,2.12,1.68
ATP,2009,49,New York,US Open,2009-09-02,Grand Slam,Outdoor,Hard,1st Round,5,Almagro N.,Darcis S.,33,97.0,1285,638.0,6.0,2.0,6.0,4.0,2.0,6.0,7.0,6.0,,,3.0,1.0,Completed,1.28,3.5,1.26,3.65,1.3,3.4,1.286,3.25,1.28,3.55
ATP,2009,49,New York,US Open,2009-09-02,Grand Slam,Outdoor,Hard,1st Round,5,Bellucci T.,Lu Y.H.,69,71.0,813,803.0,6.0,4.0,6.0,2.0,6.0,3.0,,,,,3.0,0.0,Completed,1.8,1.9,1.75,2.05,1.833,1.833,1.83,1.83,1.88,1.88
ATP,2009,49,New York,US Open,2009-09-02,Grand Slam,Outdoor,Hard,1st Round,5,Koellerer D.,Machado R.,62,109.0,862,585.0,6.0,2.0,6.0,4.0,2.0,6.0,6.0,2.0,,,3.0,1.0,Completed,1.72,2.0,1.85,1.9,1.833,1.833,1.8,1.91,1.82,1.94
ATP,2009,49,New York,US Open,2009-09-02,Grand Slam,Outdoor,Hard,1st Round,5,Nadal R.,Gasquet R.,3,46.0,9025,1045.0,6.0,2.0,6.0,2.0,6.0,3.0,,,,,3.0,0.0,Completed,1.05,9.0,1.06,7.79,1.063,8.0,1.05,9.0,1.06,9.0
ATP,2009,49,New York,US Open,2009-09-02,Grand Slam,Outdoor,Hard,1st Round,5,Acasuso J.,Daniel M.,47,57.0,1030,890.0,6.0,2.0,6.0,4.0,6.0,3.0,,,,,3.0,0.0,Completed,1.22,4.0,1.25,3.75,1.25,3.75,1.25,3.5,1.23,4.0
ATP,2009,49,New York,US Open,2009-09-02,Grand Slam,Outdoor,Hard,1st Round,5,Ginepri R.,Pavel A.,75,728.0,765,30.0,5.0,7.0,6.0,2.0,6.0,4.0,6.0,0.0,,,3.0,1.0,Completed,1.06,8.0,1.1,6.75,1.111,6.0,1.1,6.0,1.11,6.2
ATP,2009,49,New York,US Open,2009-09-02,Grand Slam,Outdoor,Hard,1st Round,5,Petzschner P.,Stakhovsky S.,39,132.0,1147,476.0,7.0,6.0,6.0,7.0,6.0,4.0,4.0,6.0,6.0,3.0,3.0,2.0,Completed,1.25,3.75,1.3,3.4,1.333,3.25,1.286,3.25,1.33,3.2
ATP,2009,49,New York,US Open,2009-09-02,Grand Slam,Outdoor,Hard,1st Round,5,Ferrer D.,Martin A.,19,93.0,1890,664.0,7.0,5.0,5.0,7.0,6.0,3.0,6.0,3.0,,,3.0,1.0,Completed,1.02,12.0,1.03,12.0,1.03,10.0,1.04,9.0,1.04,11.0
ATP,2009,49,New York,US Open,2009-09-02,Grand Slam,Outdoor,Hard,1st Round,5,Del Potro J.M.,Monaco J.,6,41.0,5325,1110.0,6.0,3.0,6.0,3.0,6.0,1.0,,,,,3.0,0.0,Completed,1.03,11.0,1.04,9.25,1.04,9.0,1.05,9.0,1.05,9.5
ATP,2009,49,New York,US Open,2009-09-02,Grand Slam,Outdoor,Hard,1st Round,5,Simon G.,Gimeno-Traver D.,9,75.0,3410,765.0,6.0,4.0,7.0,6.0,6.0,3.0,,,,,3.0,0.0,Completed,1.03,11.0,1.04,9.25,1.05,8.5,1.05,9.0,1.06,9.0
ATP,2009,49,New York,US Open,2009-09-02,Grand Slam,Outdoor,Hard,2nd Round,5,Hewitt L.,Chela J.I.,32,137.0,1285,467.0,6.0,3.0,6.0,3.0,6.0,4.0,,,,,3.0,0.0,Completed,1.11,6.0,1.12,5.65,1.111,6.0,1.14,5.0,1.12,6.0
ATP,2009,49,New York,US Open,2009-09-02,Grand Slam,Outdoor,Hard,2nd Round,5,Federer R.,Greul S.,1,65.0,12040,836.0,6.0,3.0,7.0,5.0,7.0,5.0,,,,,3.0,0.0,Completed,1.002,34.0,1.01,16.0,1.004,26.0,1.007,21.0,1.01,20.0
ATP,2009,49,New York,US Open,2009-09-03,Grand Slam,Outdoor,Hard,2nd Round,5,Haas T.,Kendrick R.,21,77.0,1760,747.0,6.0,4.0,6.0,4.0,7.0,6.0,,,,,3.0,0.0,Completed,1.16,4.5,1.19,4.45,1.25,3.75,1.2,4.0,1.25,3.8
ATP,2009,49,New York,US Open,2009-09-03,Grand Slam,Outdoor,Hard,2nd Round,5,Witten J.,Gonzalez M.,276,79.0,197,739.0,6.0,7.0,6.0,4.0,7.0,5.0,6.0,2.0,,,3.0,1.0,Completed,1.61,2.2,1.53,2.4,1.571,2.25,1.53,2.38,1.56,2.36
ATP,2009,49,New York,US Open,2009-09-03,Grand Slam,Outdoor,Hard,2nd Round,5,Verdasco F.,Serra F.,10,61.0,3220,866.0,6.0,3.0,6.0,0.0,6.0,3.0,,,,,3.0,0.0,Completed,1.05,9.0,1.05,8.5,1.071,7.5,1.07,7.0,1.07,8.0
ATP,2009,49,New York,US Open,2009-09-03,Grand Slam,Outdoor,Hard,2nd Round,5,Querrey S.,Kim K.,22,100.0,1600,632.0,7.0,5.0,6.0,7.0,6.0,4.0,6.0,4.0,,,3.0,1.0,Completed,1.06,8.0,1.07,8.25,1.083,7.0,1.08,6.5,1.08,7.5
ATP,2009,49,New York,US Open,2009-09-03,Grand Slam,Outdoor,Hard,2nd Round,5,Robredo T.,Garcia-Lopez G.,15,50.0,2165,984.0,6.0,2.0,4.0,6.0,6.0,2.0,6.0,4.0,,,3.0,1.0,Completed,1.38,2.87,1.4,2.85,1.4,2.75,1.4,2.75,1.42,2.76
ATP,2009,49,New York,US Open,2009-09-03,Grand Slam,Outdoor,Hard,2nd Round,5,Chiudinelli M.,Youzhny M.,161,60.0,386,870.0,2.0,6.0,7.0,6.0,6.0,4.0,6.0,3.0,,,3.0,1.0,Completed,4.5,1.16,4.75,1.17,4.333,1.2,3.5,1.25,4.1,1.22
ATP,2009,49,New York,US Open,2009-09-03,Grand Slam,Outdoor,Hard,2nd Round,5,Davydenko N.,Hernych J.,8,70.0,3655,812.0,6.0,4.0,6.0,1.0,6.0,2.0,,,,,3.0,0.0,Completed,1.04,10.0,1.07,7.19,1.05,8.5,1.07,7.0,1.07,8.0
ATP,2009,49,New York,US Open,2009-09-03,Grand Slam,Outdoor,Hard,2nd Round,5,Stepanek R.,Mayer L.,16,59.0,2000,879.0,7.0,6.0,6.0,3.0,6.0,4.0,,,,,3.0,0.0,Completed,1.4,2.75,1.42,2.75,1.4,2.75,1.36,2.88,1.4,2.88
ATP,2009,49,New York,US Open,2009-09-03,Grand Slam,Outdoor,Hard,2nd Round,5,Blake J.,Rochus O.,23,90.0,1520,678.0,6.0,4.0,3.0,6.0,7.0,6.0,6.0,3.0,,,3.0,1.0,Completed,1.16,4.5,1.17,4.67,1.167,4.5,1.22,3.75,1.23,4.0
ATP,2009,49,New York,US Open,2009-09-03,Grand Slam,Outdoor,Hard,2nd Round,5,Soderling R.,Granollers M.,12,88.0,2665,680.0,2.0,0.0,,,,,,,,,0.0,0.0,Retired,1.06,8.0,1.05,8.5,1.06,8.0,1.07,7.0,1.07,8.5
ATP,2009,49,New York,US Open,2009-09-03,Grand Slam,Outdoor,Hard,2nd Round,5,Isner J.,Ilhan M.,55,231.0,914,243.0,6.0,3.0,6.0,4.0,7.0,6.0,,,,,3.0,0.0,Completed,1.1,6.5,1.12,6.0,1.125,5.5,1.14,5.0,1.14,5.4
ATP,2009,49,New York,US Open,2009-09-03,Grand Slam,Outdoor,Hard,2nd Round,5,Djokovic N.,Ball C.,4,155.0,7660,402.0,6.0,3.0,6.0,4.0,6.0,4.0,,,,,3.0,0.0,Completed,1.01,15.0,1.02,11.5,1.015,13.0,1.04,9.0,1.02,16.0
ATP,2009,49,New York,US Open,2009-09-03,Grand Slam,Outdoor,Hard,2nd Round,5,Kohlschreiber P.,Devvarman S.,24,162.0,1510,386.0,6.0,3.0,6.0,4.0,0.0,6.0,6.0,2.0,,,3.0,1.0,Completed,1.14,5.0,1.17,4.9,1.2,4.333,1.2,4.0,1.18,4.65
ATP,2009,49,New York,US Open,2009-09-04,Grand Slam,Outdoor,Hard,2nd Round,5,Roddick A.,Gicquel M.,5,81.0,5720,729.0,6.0,1.0,6.0,4.0,6.0,4.0,,,,,3.0,0.0,Completed,1.01,15.0,1.01,13.5,1.02,11.0,1.02,13.0,1.02,15.0
ATP,2009,49,New York,US Open,2009-09-04,Grand Slam,Outdoor,Hard,2nd Round,5,Tsonga J.W.,Nieminen J.,7,54.0,3920,924.0,7.0,5.0,6.0,3.0,6.0,4.0,,,,,3.0,0.0,Completed,1.05,9.0,1.05,8.5,1.05,8.5,1.03,10.0,1.07,8.0
ATP,2009,49,New York,US Open,2009-09-04,Grand Slam,Outdoor,Hard,2nd Round,5,Ferrero J.C.,Petzschner P.,25,39.0,1490,1147.0,1.0,6.0,3.0,6.0,6.0,4.0,6.0,2.0,6.0,4.0,3.0,2.0,Completed,1.2,4.33,1.23,4.0,1.25,3.75,1.29,3.25,1.27,3.6
ATP,2009,49,New York,US Open,2009-09-04,Grand Slam,Outdoor,Hard,2nd Round,5,Cilic M.,Levine J.,17,135.0,1985,470.0,4.0,6.0,2.0,6.0,6.0,0.0,6.0,3.0,6.0,0.0,3.0,2.0,Completed,1.12,5.5,1.17,4.67,1.14,5.0,1.14,5.0,1.15,5.2
ATP,2009,49,New York,US Open,2009-09-04,Grand Slam,Outdoor,Hard,2nd Round,5,Benneteau J.,Troicki V.,43,31.0,1079,1320.0,6.0,1.0,3.0,6.0,6.0,1.0,6.0,0.0,,,3.0,1.0,Completed,1.5,2.5,1.55,2.35,1.444,2.625,1.57,2.25,1.5,2.52
ATP,2009,49,New York,US Open,2009-09-04,Grand Slam,Outdoor,Hard,2nd Round,5,Del Potro J.M.,Melzer J.,6,38.0,5325,1185.0,7.0,6.0,6.0,3.0,6.0,3.0,,,,,3.0,0.0,Completed,1.04,10.0,1.05,8.5,1.04,9.0,1.05,9.0,1.04,11.0
ATP,2009,49,New York,US Open,2009-09-04,Grand Slam,Outdoor,Hard,2nd Round,5,Istomin D.,Lapentti N.,108,163.0,587,383.0,2.0,6.0,6.0,4.0,4.0,6.0,7.0,5.0,7.0,6.0,3.0,2.0,Completed,2.25,1.57,2.15,1.65,2.2,1.615,2.25,1.57,2.3,1.59
ATP,2009,49,New York,US Open,2009-09-04,Grand Slam,Outdoor,Hard,2nd Round,5,Berdych T.,Zeballos H.,18,76.0,1945,750.0,6.0,3.0,6.0,7.0,7.0,6.0,6.0,2.0,,,3.0,1.0,Completed,1.071,7.5,1.1,6.25,1.11,6.0,1.13,5.5,1.13,5.7
ATP,2009,49,New York,US Open,2009-09-04,Grand Slam,Outdoor,Hard,2nd Round,5,Koellerer D.,Cuevas P.,62,68.0,862,814.0,3.0,6.0,6.0,2.0,6.0,1.0,6.0,4.0,,,3.0,1.0,Completed,2.75,1.4,2.75,1.42,2.75,1.4,2.63,1.44,2.78,1.42
ATP,2009,49,New York,US Open,2009-09-04,Grand Slam,Outdoor,Hard,2nd Round,5,Simon G.,Bellucci T.,9,69.0,3410,813.0,6.0,3.0,6.0,2.0,6.0,4.0,,,,,3.0,0.0,Completed,1.36,3.0,1.37,2.92,1.364,3.0,1.33,3.0,1.32,3.25
ATP,2009,49,New York,US Open,2009-09-04,Grand Slam,Outdoor,Hard,2nd Round,5,Murray A.,Capdeville P.,2,87.0,9610,685.0,6.0,2.0,3.0,6.0,6.0,0.0,6.0,2.0,,,3.0,1.0,Completed,1.0,21.0,1.01,13.0,1.01,17.0,1.01,13.0,1.01,25.0
ATP,2009,49,New York,US Open,2009-09-04,Grand Slam,Outdoor,Hard,2nd Round,5,Almagro N.,Ginepri R.,33,75.0,1285,765.0,6.0,7.0,6.0,2.0,6.0,3.0,4.0,6.0,6.0,4.0,3.0,2.0,Completed,2.0,1.72,2.01,1.78,1.833,1.833,1.91,1.8,1.9,1.86
ATP,2009,49,New York,US Open,2009-09-04,Grand Slam,Outdoor,Hard,2nd Round,5,Gonzalez F.,Ouanna J.,11,103.0,2825,623.0,6.0,4.0,6.0,7.0,6.0,3.0,6.0,4.0,,,3.0,1.0,Completed,1.05,9.0,1.06,7.79,1.07,7.5,1.07,7.0,1.06,9.0
ATP,2009,49,New York,US Open,2009-09-04,Grand Slam,Outdoor,Hard,2nd Round,5,Monfils G.,Beck A.,13,40.0,2475,1115.0,6.0,3.0,7.0,5.0,6.0,3.0,,,,,3.0,0.0,Completed,1.11,6.0,1.13,5.5,1.143,5.0,1.14,5.0,1.13,5.7
ATP,2009,49,New York,US Open,2009-09-04,Grand Slam,Outdoor,Hard,2nd Round,5,Dent T.,Navarro-Pastor I.,196,119.0,314,525.0,6.0,4.0,5.0,7.0,6.0,7.0,7.0,5.0,7.0,6.0,3.0,2.0,Completed,1.44,2.62,1.5,2.45,1.533,2.375,1.5,2.5,1.52,2.46
ATP,2009,49,New York,US Open,2009-09-04,Grand Slam,Outdoor,Hard,2nd Round,5,Acasuso J.,Ferrer D.,47,19.0,1030,1890.0,6.0,3.0,3.0,6.0,1.0,6.0,6.0,3.0,6.0,2.0,3.0,2.0,Completed,3.25,1.33,3.1,1.35,3.0,1.364,3.25,1.29,3.1,1.35
ATP,2009,49,New York,US Open,2009-09-05,Grand Slam,Outdoor,Hard,2nd Round,5,Nadal R.,Kiefer N.,3,129.0,9025,500.0,6.0,0.0,3.0,6.0,6.0,3.0,6.0,4.0,,,3.0,1.0,Completed,1.02,12.0,1.04,9.25,1.03,10.0,1.02,13.0,1.03,12.0
ATP,2009,49,New York,US Open,2009-09-05,Grand Slam,Outdoor,Hard,3rd Round,5,Djokovic N.,Witten J.,4,276.0,7660,197.0,6.0,7.0,6.0,3.0,7.0,6.0,6.0,4.0,,,3.0,1.0,Completed,1.01,15.0,1.02,11.5,1.015,13.0,1.02,13.0,1.02,15.0
ATP,2009,49,New York,US Open,2009-09-05,Grand Slam,Outdoor,Hard,3rd Round,5,Stepanek R.,Kohlschreiber P.,16,24.0,2000,1510.0,4.0,6.0,6.0,2.0,6.0,3.0,6.0,3.0,,,3.0,1.0,Completed,1.72,2.0,1.7,2.1,1.72,2.0,1.67,2.1,1.68,2.13
ATP,2009,49,New York,US Open,2009-09-05,Grand Slam,Outdoor,Hard,3rd Round,5,Federer R.,Hewitt L.,1,32.0,12040,1285.0,4.0,6.0,6.0,3.0,7.0,5.0,6.0,4.0,,,3.0,1.0,Completed,1.01,13.0,1.03,10.5,1.04,9.0,1.03,11.0,1.04,11.0
ATP,2009,49,New York,US Open,2009-09-05,Grand Slam,Outdoor,Hard,3rd Round,5,Davydenko N.,Chiudinelli M.,8,161.0,3655,386.0,6.0,4.0,7.0,5.0,7.0,5.0,,,,,3.0,0.0,Completed,1.06,8.0,1.07,7.19,1.063,8.0,1.08,6.5,1.07,8.25
ATP,2009,49,New York,US Open,2009-09-05,Grand Slam,Outdoor,Hard,3rd Round,5,Verdasco F.,Haas T.,10,21.0,3220,1760.0,3.0,6.0,7.0,5.0,7.0,6.0,1.0,6.0,6.0,4.0,3.0,2.0,Completed,1.44,2.62,1.5,2.45,1.533,2.375,1.57,2.25,1.52,2.46
ATP,2009,49,New York,US Open,2009-09-05,Grand Slam,Outdoor,Hard,3rd Round,5,Soderling R.,Querrey S.,12,22.0,2665,1600.0,6.0,2.0,7.0,5.0,6.0,7.0,6.0,1.0,,,3.0,1.0,Completed,1.57,2.25,1.64,2.2,1.57,2.25,1.44,2.63,1.57,2.34
ATP,2009,49,New York,US Open,2009-09-05,Grand Slam,Outdoor,Hard,3rd Round,5,Isner J.,Roddick A.,55,5.0,914,5720.0,7.0,6.0,6.0,3.0,3.0,6.0,5.0,7.0,7.0,6.0,3.0,2.0,Completed,8.0,1.06,6.75,1.1,8.0,1.063,6.0,1.1,7.5,1.08
ATP,2009,49,New York,US Open,2009-09-06,Grand Slam,Outdoor,Hard,3rd Round,5,Robredo T.,Blake J.,15,23.0,2165,1520.0,7.0,6.0,6.0,4.0,6.0,4.0,,,,,3.0,0.0,Completed,2.62,1.44,2.6,1.45,2.5,1.5,2.25,1.57,2.52,1.5
ATP,2009,49,New York,US Open,2009-09-06,Grand Slam,Outdoor,Hard,3rd Round,5,Ferrero J.C.,Simon G.,25,9.0,1490,3410.0,1.0,6.0,6.0,4.0,7.0,6.0,1.0,0.0,,,2.0,1.0,Retired,2.37,1.53,2.35,1.55,2.375,1.533,2.25,1.57,2.25,1.62
ATP,2009,49,New York,US Open,2009-09-06,Grand Slam,Outdoor,Hard,3rd Round,5,Nadal R.,Almagro N.,3,33.0,9025,1285.0,7.0,5.0,6.0,4.0,6.0,4.0,,,,,3.0,0.0,Completed,1.02,12.0,1.02,11.5,1.03,10.0,1.03,10.0,1.01,20.0
ATP,2009,49,New York,US Open,2009-09-06,Grand Slam,Outdoor,Hard,3rd Round,5,Gonzalez F.,Berdych T.,11,18.0,2825,1945.0,7.0,5.0,6.0,4.0,6.0,4.0,,,,,3.0,0.0,Completed,1.66,2.1,1.65,2.15,1.66,2.1,1.67,2.1,1.67,2.15
ATP,2009,49,New York,US Open,2009-09-06,Grand Slam,Outdoor,Hard,3rd Round,5,Del Potro J.M.,Koellerer D.,6,62.0,5325,862.0,6.0,1.0,3.0,6.0,6.0,3.0,6.0,3.0,,,3.0,1.0,Completed,1.01,15.0,1.02,11.5,1.015,13.0,1.01,11.0,1.02,15.0
ATP,2009,49,New York,US Open,2009-09-06,Grand Slam,Outdoor,Hard,3rd Round,5,Tsonga J.W.,Benneteau J.,7,43.0,3920,1079.0,7.0,6.0,6.0,2.0,6.0,4.0,,,,,3.0,0.0,Completed,1.12,5.5,1.16,4.8,1.111,6.0,1.13,5.5,1.14,5.4
ATP,2009,49,New York,US Open,2009-09-06,Grand Slam,Outdoor,Hard,3rd Round,5,Monfils G.,Acasuso J.,13,47.0,2475,1030.0,6.0,3.0,6.0,4.0,1.0,0.0,,,,,2.0,0.0,Retired,1.16,4.5,1.23,3.89,1.2,4.333,1.29,3.25,1.2,4.35
ATP,2009,49,New York,US Open,2009-09-07,Grand Slam,Outdoor,Hard,3rd Round,5,Cilic M.,Istomin D.,17,108.0,1985,587.0,6.0,1.0,6.0,4.0,6.0,3.0,,,,,3.0,0.0,Completed,1.14,5.0,1.16,4.85,1.14,5.0,1.13,5.5,1.15,5.2
ATP,2009,49,New York,US Open,2009-09-07,Grand Slam,Outdoor,Hard,3rd Round,5,Murray A.,Dent T.,2,196.0,9610,314.0,6.0,3.0,6.0,2.0,6.0,2.0,,,,,3.0,0.0,Completed,1.01,15.0,1.02,11.5,1.015,13.0,1.01,11.0,1.03,12.0
ATP,2009,49,New York,US Open,2009-09-07,Grand Slam,Outdoor,Hard,4th Round,5,Soderling R.,Davydenko N.,12,8.0,2665,3655.0,7.0,5.0,3.0,6.0,6.0,2.0,,,,,2.0,1.0,Retired,1.57,2.25,1.55,2.45,1.57,2.25,1.62,2.25,1.6,2.28
ATP,2009,49,New York,US Open,2009-09-07,Grand Slam,Outdoor,Hard,4th Round,5,Federer R.,Robredo T.,1,15.0,12040,2165.0,7.0,5.0,6.0,2.0,6.0,2.0,,,,,3.0,0.0,Completed,1.01,15.0,1.03,10.5,1.015,13.0,1.02,13.0,1.03,12.0
ATP,2009,49,New York,US Open,2009-09-07,Grand Slam,Outdoor,Hard,4th Round,5,Verdasco F.,Isner J.,10,55.0,3220,914.0,4.0,6.0,6.0,4.0,6.0,4.0,6.0,4.0,,,3.0,1.0,Completed,1.38,2.87,1.45,2.6,1.4,2.75,1.4,2.88,1.42,2.76
ATP,2009,49,New York,US Open,2009-09-08,Grand Slam,Outdoor,Hard,4th Round,5,Djokovic N.,Stepanek R.,4,16.0,7660,2000.0,6.0,1.0,6.0,3.0,6.0,3.0,,,,,3.0,0.0,Completed,1.16,4.5,1.28,3.46,1.22,4.0,1.29,3.5,1.25,3.8
ATP,2009,49,New York,US Open,2009-09-08,Grand Slam,Outdoor,Hard,4th Round,5,Del Potro J.M.,Ferrero J.C.,6,25.0,5325,1490.0,6.0,3.0,6.0,3.0,6.0,3.0,,,,,3.0,0.0,Completed,1.08,7.0,1.1,6.25,1.1,6.5,1.13,6.0,1.12,6.0
ATP,2009,49,New York,US Open,2009-09-08,Grand Slam,Outdoor,Hard,4th Round,5,Cilic M.,Murray A.,17,2.0,1985,9610.0,7.0,5.0,6.0,2.0,6.0,2.0,,,,,3.0,0.0,Completed,8.0,1.06,7.79,1.06,7.5,1.07,8.0,1.07,9.0,1.06
ATP,2009,49,New York,US Open,2009-09-08,Grand Slam,Outdoor,Hard,4th Round,5,Gonzalez F.,Tsonga J.W.,11,7.0,2825,3920.0,3.0,6.0,6.0,3.0,7.0,6.0,6.0,4.0,,,3.0,1.0,Completed,2.2,1.61,2.15,1.65,2.2,1.61,2.25,1.62,2.14,1.68
ATP,2009,49,New York,US Open,2009-09-09,Grand Slam,Outdoor,Hard,4th Round,5,Nadal R.,Monfils G.,3,13.0,9025,2475.0,6.0,7.0,6.0,3.0,6.0,1.0,6.0,3.0,,,3.0,1.0,Completed,1.44,2.62,1.5,2.45,1.5,2.5,1.53,2.5,1.5,2.56
ATP,2009,49,New York,US Open,2009-09-09,Grand Slam,Outdoor,Hard,Quarterfinals,5,Djokovic N.,Verdasco F.,4,10.0,7660,3220.0,7.0,6.0,1.0,6.0,7.0,5.0,6.0,2.0,,,3.0,1.0,Completed,1.33,3.4,1.38,2.91,1.4,2.75,1.4,2.88,1.35,3.1
ATP,2009,49,New York,US Open,2009-09-10,Grand Slam,Outdoor,Hard,Quarterfinals,5,Federer R.,Soderling R.,1,12.0,12040,2665.0,6.0,0.0,6.0,3.0,6.0,7.0,7.0,6.0,,,3.0,1.0,Completed,1.06,9.0,1.06,7.79,1.03,10.0,1.05,9.0,1.07,8.5
ATP,2009,49,New York,US Open,2009-09-10,Grand Slam,Outdoor,Hard,Quarterfinals,5,Del Potro J.M.,Cilic M.,6,17.0,5325,1985.0,4.0,6.0,6.0,3.0,6.0,2.0,6.0,1.0,,,3.0,1.0,Completed,1.25,4.0,1.21,4.06,1.22,4.0,1.25,3.75,1.25,3.8
ATP,2009,49,New York,US Open,2009-09-12,Grand Slam,Outdoor,Hard,Quarterfinals,5,Nadal R.,Gonzalez F.,3,11.0,9025,2825.0,7.0,6.0,7.0,6.0,6.0,0.0,,,,,3.0,0.0,Completed,1.28,3.75,1.3,3.35,1.3,3.5,1.33,3.25,1.33,3.2
ATP,2009,49,New York,US Open,2009-09-13,Grand Slam,Outdoor,Hard,Semifinals,5,Del Potro J.M.,Nadal R.,6,3.0,5325,9025.0,6.0,2.0,6.0,2.0,6.0,2.0,,,,,3.0,0.0,Completed,2.2,1.66,2.05,1.75,2.2,1.615,2.2,1.67,2.15,1.7
ATP,2009,49,New York,US Open,2009-09-13,Grand Slam,Outdoor,Hard,Semifinals,5,Federer R.,Djokovic N.,1,4.0,12040,7660.0,7.0,6.0,7.0,5.0,7.0,5.0,,,,,3.0,0.0,Completed,1.22,4.33,1.23,4.1,1.2,4.333,1.22,4.0,1.22,4.2
ATP,2009,49,New York,US Open,2009-09-14,Grand Slam,Outdoor,Hard,The Final,5,Del Potro J.M.,Federer R.,6,1.0,5325,12040.0,3.0,6.0,7.0,6.0,4.0,6.0,7.0,6.0,6.0,2.0,3.0,2.0,Completed,3.75,1.28,3.46,1.28,3.75,1.25,3.5,1.286,3.6,1.29
