Tour,Year,ATP,Location,Tournament,Date,Series,Court,Surface,Round,Best of,Winner,Loser,WRank,LRank,WPts,LPts,W1,L1,W2,L2,W3,L3,W4,L4,W5,L5,Wsets,Lsets,Comment,B365W,B365L,PSW,PSL,MaxW,MaxL,AvgW,AvgL
ATP,2024,5,Melbourne,Australian Open,2024-01-14,Grand Slam,Outdoor,Hard,1st Round,5,Arnaldi M.,Walton A.,41,174.0,1077,354.0,7.0,6.0,6.0,2.0,6.0,4.0,,,,,3.0,0.0,Completed,1.2,4.5,1.22,4.84,1.23,4.84,1.21,4.48
ATP,2024,5,Melbourne,Australian Open,2024-01-14,Grand Slam,Outdoor,Hard,1st Round,5,Munar J.,Shevchenko A.,82,48.0,706,975.0,6.0,3.0,6.0,3.0,6.0,1.0,,,,,3.0,0.0,Completed,3.2,1.36,3.06,1.43,3.51,1.48,3.0,1.4
ATP,2024,5,Melbourne,Australian Open,2024-01-14,Grand Slam,Outdoor,Hard,1st Round,5,Sinner J.,Van De Zandschulp B.,4,59.0,6490,890.0,6.0,4.0,7.0,5.0,6.0,3.0,,,,,3.0,0.0,Completed,1.06,10.0,1.06,13.9,1.08,15.96,1.05,10.8
ATP,2024,5,Melbourne,Australian Open,2024-01-14,Grand Slam,Outdoor,Hard,1st Round,5,Kotov P.,Rinderknech A.,65,94.0,835,629.0,7.0,5.0,6.0,1.0,6.0,7.0,6.0,7.0,6.0,3.0,3.0,2.0,Completed,1.62,2.3,1.69,2.3,1.72,2.37,1.67,2.23
ATP,2024,5,Melbourne,Australian Open,2024-01-14,Grand Slam,Outdoor,Hard,1st Round,5,Cerundolo F.,Sweeny D.,21,257.0,1760,228.0,3.0,6.0,6.0,3.0,6.0,4.0,2.0,6.0,6.0,2.0,3.0,2.0,Completed,1.36,3.2,1.4,3.21,1.4,3.46,1.35,3.22
ATP,2024,5,Melbourne,Australian Open,2024-01-14,Grand Slam,Outdoor,Hard,1st Round,5,Marozsan F.,Cilic M.,67,,823,,6.0,1.0,2.0,6.0,6.0,2.0,7.0,5.0,,,3.0,1.0,Completed,1.73,2.1,1.76,2.19,1.78,2.22,1.74,2.11
ATP,2024,5,Melbourne,Australian Open,2024-01-14,Grand Slam,Outdoor,Hard,1st Round,5,Rublev A.,Seyboth Wild T.,5,77.0,5010,718.0,7.0,5.0,6.0,4.0,3.0,6.0,4.0,6.0,7.0,6.0,3.0,2.0,Completed,1.03,17.0,1.03,25.21,1.04,25.34,1.02,16.12
ATP,2024,5,Melbourne,Australian Open,2024-01-14,Grand Slam,Outdoor,Hard,1st Round,5,Machac T.,Mochizuki S.,75,136.0,748,457.0,7.0,5.0,6.0,1.0,7.0,5.0,,,,,3.0,0.0,Completed,1.25,4.0,1.3,3.92,1.31,4.0,1.27,3.82
ATP,2024,5,Melbourne,Australian Open,2024-01-14,Grand Slam,Outdoor,Hard,1st Round,5,O Connell C.,Garin C.,68,86.0,814,680.0,3.0,6.0,7.0,5.0,4.0,6.0,6.0,1.0,7.0,5.0,3.0,2.0,Completed,1.44,2.75,1.43,3.08,1.48,3.16,1.41,2.95
ATP,2024,5,Melbourne,Australian Open,2024-01-14,Grand Slam,Outdoor,Hard,1st Round,5,De Jong J.,Cachin P.,161,74.0,393,763.0,4.0,6.0,6.0,2.0,6.0,3.0,6.0,4.0,,,3.0,1.0,Completed,1.36,3.2,1.35,3.55,1.43,3.55,1.37,3.12
ATP,2024,5,Melbourne,Australian Open,2024-01-14,Grand Slam,Outdoor,Hard,1st Round,5,Baez S.,Wolf J.J.,29,57.0,1435,900.0,3.0,6.0,6.0,2.0,6.0,3.0,3.0,0.0,,,2.0,1.0,Retired,2.38,1.57,2.45,1.62,2.46,1.62,2.38,1.58
ATP,2024,5,Melbourne,Australian Open,2024-01-14,Grand Slam,Outdoor,Hard,1st Round,5,Fritz T.,Diaz Acosta F.,12,90.0,2840,661.0,4.0,6.0,6.0,3.0,3.0,6.0,6.0,2.0,6.0,4.0,3.0,2.0,Completed,1.03,15.0,1.04,17.97,1.05,32.26,1.03,14.76
ATP,2024,5,Melbourne,Australian Open,2024-01-14,Grand Slam,Outdoor,Hard,1st Round,5,Galan D.E.,Kubler J.,87,113.0,676,561.0,2.0,6.0,6.0,3.0,7.0,6.0,4.0,6.0,7.0,6.0,3.0,2.0,Completed,2.5,1.53,2.49,1.61,2.65,1.61,2.46,1.55
ATP,2024,5,Melbourne,Australian Open,2024-01-14,Grand Slam,Outdoor,Hard,1st Round,5,Halys Q.,Harris L.,110,167.0,575,371.0,4.0,6.0,7.0,6.0,7.0,5.0,7.0,6.0,,,3.0,1.0,Completed,3.2,1.36,3.59,1.34,3.59,1.4,3.34,1.33
ATP,2024,5,Melbourne,Australian Open,2024-01-14,Grand Slam,Outdoor,Hard,1st Round,5,Djokovic N.,Prizmic D.,1,187.0,11055,321.0,6.0,2.0,6.0,7.0,6.0,3.0,6.0,4.0,,,3.0,1.0,Completed,1.01,34.0,1.02,31.46,1.03,34.0,1.01,21.89
ATP,2024,5,Melbourne,Australian Open,2024-01-14,Grand Slam,Outdoor,Hard,1st Round,5,Tiafoe F.,Coric B.,17,40.0,2100,1100.0,6.0,3.0,7.0,6.0,2.0,6.0,6.0,3.0,,,3.0,1.0,Completed,1.53,2.5,1.56,2.6,1.59,2.6,1.54,2.48
ATP,2024,5,Melbourne,Australian Open,2024-01-15,Grand Slam,Outdoor,Hard,1st Round,5,Korda S.,Kopriva V.,26,132.0,1480,498.0,6.0,1.0,6.0,4.0,2.0,6.0,4.0,6.0,6.0,2.0,3.0,2.0,Completed,1.08,8.0,1.08,10.76,1.11,10.76,1.08,8.5
ATP,2024,5,Melbourne,Australian Open,2024-01-15,Grand Slam,Outdoor,Hard,1st Round,5,Ruusuvuori E.,Kypson P.,53,183.0,921,330.0,4.0,6.0,6.0,3.0,6.0,4.0,7.0,6.0,,,3.0,1.0,Completed,1.1,7.0,1.12,7.85,1.14,8.17,1.11,6.76
ATP,2024,5,Melbourne,Australian Open,2024-01-15,Grand Slam,Outdoor,Hard,1st Round,5,Musetti L.,Bonzi B.,28,106.0,1440,588.0,7.0,6.0,7.0,6.0,4.0,6.0,6.0,2.0,,,3.0,1.0,Completed,1.36,3.2,1.32,3.73,1.4,3.73,1.35,3.25
ATP,2024,5,Melbourne,Australian Open,2024-01-15,Grand Slam,Outdoor,Hard,1st Round,5,Cobolli F.,Jarry N.,100,18.0,617,1870.0,6.0,4.0,3.0,6.0,6.0,3.0,2.0,6.0,7.0,5.0,3.0,2.0,Completed,4.5,1.2,4.46,1.25,4.73,1.26,4.24,1.23
ATP,2024,5,Melbourne,Australian Open,2024-01-15,Grand Slam,Outdoor,Hard,1st Round,5,Gaston H.,Carballes Baena R.,97,63.0,626,846.0,6.0,3.0,6.0,2.0,3.0,6.0,6.0,4.0,,,3.0,1.0,Completed,2.2,1.67,2.41,1.64,2.41,1.7,2.29,1.63
ATP,2024,5,Melbourne,Australian Open,2024-01-15,Grand Slam,Outdoor,Hard,1st Round,5,Medvedev D.,Atmane T.,3,144.0,7555,429.0,5.0,7.0,6.0,2.0,6.0,4.0,1.0,0.0,,,2.0,1.0,Retired,1.01,23.0,1.02,29.45,1.03,29.45,1.02,17.02
ATP,2024,5,Melbourne,Australian Open,2024-01-15,Grand Slam,Outdoor,Hard,1st Round,5,Shelton B.,Bautista Agut R.,16,72.0,2225,776.0,6.0,2.0,7.0,6.0,7.0,5.0,,,,,3.0,0.0,Completed,1.33,3.4,1.45,2.98,1.5,3.4,1.42,2.9
ATP,2024,5,Melbourne,Australian Open,2024-01-15,Grand Slam,Outdoor,Hard,1st Round,5,Davidovich Fokina A.,Lestienne C.,24,99.0,1530,619.0,6.0,4.0,6.0,4.0,7.0,6.0,,,,,3.0,0.0,Completed,1.17,5.0,1.25,4.46,1.25,5.5,1.19,4.82
ATP,2024,5,Melbourne,Australian Open,2024-01-15,Grand Slam,Outdoor,Hard,1st Round,5,Popyrin A.,Polmans M.,43,154.0,1052,406.0,6.0,3.0,7.0,6.0,6.0,2.0,,,,,3.0,0.0,Completed,1.17,5.0,1.2,5.18,1.21,5.5,1.17,5.03
ATP,2024,5,Melbourne,Australian Open,2024-01-15,Grand Slam,Outdoor,Hard,1st Round,5,Mannarino A.,Wawrinka S.,19,56.0,1765,907.0,6.0,4.0,3.0,6.0,5.0,7.0,6.0,3.0,6.0,0.0,3.0,2.0,Completed,1.4,3.0,1.49,2.84,1.49,3.01,1.43,2.84
ATP,2024,5,Melbourne,Australian Open,2024-01-15,Grand Slam,Outdoor,Hard,1st Round,5,Van Assche L.,Duckworth J.,79,95.0,715,628.0,6.0,7.0,6.0,3.0,3.0,6.0,6.0,3.0,6.0,3.0,3.0,2.0,Completed,1.73,2.1,1.93,1.98,1.93,2.12,1.82,2.0
ATP,2024,5,Melbourne,Australian Open,2024-01-15,Grand Slam,Outdoor,Hard,1st Round,5,Tsitsipas S.,Bergs Z.,7,129.0,4025,508.0,5.0,7.0,6.0,1.0,6.0,1.0,6.0,3.0,,,3.0,1.0,Completed,1.1,7.0,1.12,7.79,1.12,8.9,1.09,7.42
ATP,2024,5,Melbourne,Australian Open,2024-01-15,Grand Slam,Outdoor,Hard,1st Round,5,Mensik J.,Shapovalov D.,142,114.0,433,560.0,6.0,3.0,7.0,5.0,7.0,5.0,,,,,3.0,0.0,Completed,1.62,2.3,1.74,2.22,1.74,2.32,1.67,2.22
ATP,2024,5,Melbourne,Australian Open,2024-01-15,Grand Slam,Outdoor,Hard,1st Round,5,Khachanov K.,Altmaier D.,15,50.0,2430,946.0,5.0,7.0,6.0,3.0,7.0,6.0,7.0,6.0,,,3.0,1.0,Completed,1.22,4.33,1.22,4.95,1.25,4.95,1.21,4.48
ATP,2024,5,Melbourne,Australian Open,2024-01-15,Grand Slam,Outdoor,Hard,1st Round,5,Thompson J.,Vukic A.,47,64.0,982,835.0,3.0,6.0,7.0,6.0,6.0,2.0,3.0,6.0,6.0,4.0,3.0,2.0,Completed,1.4,3.0,1.35,3.54,1.4,3.56,1.35,3.24
ATP,2024,5,Melbourne,Australian Open,2024-01-15,Grand Slam,Outdoor,Hard,1st Round,5,Kovacevic A.,Tabilo A.,101,49.0,611,970.0,6.0,7.0,7.0,6.0,1.0,6.0,6.0,1.0,6.0,3.0,3.0,2.0,Completed,2.2,1.67,2.5,1.6,2.5,1.7,2.32,1.62
ATP,2024,5,Melbourne,Australian Open,2024-01-15,Grand Slam,Outdoor,Hard,1st Round,5,Zhang Zh.,Coria F.,54,84.0,911,694.0,6.0,4.0,7.0,6.0,7.0,6.0,,,,,3.0,0.0,Completed,1.05,11.0,1.08,10.71,1.08,12.72,1.06,9.65
ATP,2024,5,Melbourne,Australian Open,2024-01-15,Grand Slam,Outdoor,Hard,1st Round,5,Eubanks C.,Daniel T.,35,58.0,1215,893.0,6.0,4.0,6.0,2.0,6.0,3.0,,,,,3.0,0.0,Completed,2.2,1.67,2.53,1.59,2.6,1.68,2.37,1.59
ATP,2024,5,Melbourne,Australian Open,2024-01-15,Grand Slam,Outdoor,Hard,1st Round,5,Etcheverry T.,Murray A.,32,44.0,1375,1050.0,6.0,4.0,6.0,2.0,6.0,2.0,,,,,3.0,0.0,Completed,2.2,1.67,2.42,1.64,2.42,1.68,2.3,1.62
ATP,2024,5,Melbourne,Australian Open,2024-01-15,Grand Slam,Outdoor,Hard,1st Round,5,Monfils G.,Hanfmann Y.,76,52.0,737,929.0,6.0,4.0,6.0,3.0,7.0,5.0,,,,,3.0,0.0,Completed,1.53,2.5,1.53,2.7,1.54,2.75,1.51,2.59
ATP,2024,5,Melbourne,Australian Open,2024-01-15,Grand Slam,Outdoor,Hard,1st Round,5,Humbert U.,Goffin D.,20,112.0,1765,570.0,6.0,2.0,7.0,5.0,5.0,7.0,6.0,3.0,,,3.0,1.0,Completed,1.36,3.2,1.42,3.12,1.46,3.2,1.39,3.0
ATP,2024,5,Melbourne,Australian Open,2024-01-15,Grand Slam,Outdoor,Hard,1st Round,5,Borges N.,Marterer M.,69,96.0,814,626.0,7.0,5.0,7.0,6.0,6.0,2.0,,,,,3.0,0.0,Completed,2.0,1.8,2.24,1.73,2.24,1.82,2.12,1.74
ATP,2024,5,Melbourne,Australian Open,2024-01-15,Grand Slam,Outdoor,Hard,1st Round,5,Grenier H.,Muller A.,178,73.0,340,774.0,2.0,6.0,7.0,6.0,4.0,6.0,6.0,4.0,7.0,6.0,3.0,2.0,Completed,3.2,1.36,3.19,1.41,3.32,1.41,3.1,1.38
ATP,2024,5,Melbourne,Australian Open,2024-01-15,Grand Slam,Outdoor,Hard,1st Round,5,De Minaur A.,Raonic M.,10,319.0,2950,165.0,6.0,7.0,6.0,3.0,2.0,0.0,,,,,1.0,1.0,Retired,1.11,6.5,1.1,8.66,1.12,8.66,1.1,7.15
ATP,2024,5,Melbourne,Australian Open,2024-01-15,Grand Slam,Outdoor,Hard,1st Round,5,Hurkacz H.,Jasika O.,9,343.0,3320,148.0,7.0,6.0,6.0,4.0,6.0,2.0,,,,,3.0,0.0,Completed,1.02,19.0,1.03,20.95,1.03,21.63,1.02,15.59
ATP,2024,5,Melbourne,Australian Open,2024-01-15,Grand Slam,Outdoor,Hard,1st Round,5,Kecmanovic M.,Watanuki Y.,60,102.0,890,610.0,4.0,6.0,7.0,5.0,6.0,3.0,6.0,4.0,,,3.0,1.0,Completed,1.3,3.5,1.33,3.67,1.33,3.67,1.31,3.49
ATP,2024,5,Melbourne,Australian Open,2024-01-15,Grand Slam,Outdoor,Hard,1st Round,5,Auger-Aliassime F.,Thiem D.,30,92.0,1425,654.0,6.0,3.0,7.0,5.0,6.0,7.0,5.0,7.0,6.0,3.0,3.0,2.0,Completed,1.44,2.75,1.45,2.97,1.5,3.01,1.45,2.8
ATP,2024,5,Melbourne,Australian Open,2024-01-15,Grand Slam,Outdoor,Hard,1st Round,5,Struff J.L.,Hijikata R.,25,71.0,1511,782.0,3.0,6.0,6.0,3.0,6.0,2.0,6.0,7.0,7.0,6.0,3.0,2.0,Completed,1.62,2.3,1.68,2.34,1.7,2.44,1.61,2.33
ATP,2024,5,Melbourne,Australian Open,2024-01-16,Grand Slam,Outdoor,Hard,1st Round,5,Michelsen A.,Mccabe J.,91,269.0,656,214.0,7.0,6.0,3.0,6.0,6.0,1.0,6.0,2.0,,,3.0,1.0,Completed,1.17,5.0,1.19,5.48,1.21,5.48,1.18,4.97
ATP,2024,5,Melbourne,Australian Open,2024-01-16,Grand Slam,Outdoor,Hard,1st Round,5,Lehecka J.,Zapata Miralles B.,23,78.0,1555,715.0,6.0,3.0,6.0,2.0,6.0,3.0,,,,,3.0,0.0,Completed,1.07,9.0,1.06,13.84,1.08,13.84,1.06,9.98
ATP,2024,5,Melbourne,Australian Open,2024-01-16,Grand Slam,Outdoor,Hard,1st Round,5,Norrie C.,Varillas J. P.,22,81.0,1710,709.0,6.0,4.0,6.0,4.0,6.0,2.0,,,,,3.0,0.0,Completed,1.1,7.0,1.13,7.18,1.17,7.18,1.13,6.18
ATP,2024,5,Melbourne,Australian Open,2024-01-16,Grand Slam,Outdoor,Hard,1st Round,5,Cazaux A.,Djere L.,122,33.0,529,1250.0,6.0,2.0,6.0,7.0,6.0,2.0,3.0,6.0,6.0,2.0,3.0,2.0,Completed,2.1,1.73,2.0,1.91,2.21,1.91,2.04,1.79
ATP,2024,5,Melbourne,Australian Open,2024-01-16,Grand Slam,Outdoor,Hard,1st Round,5,Fils A.,Vesely J.,34,293.0,1233,188.0,4.0,6.0,7.0,5.0,6.0,2.0,6.0,3.0,,,3.0,1.0,Completed,1.08,8.0,1.11,8.44,1.13,9.19,1.09,7.49
ATP,2024,5,Melbourne,Australian Open,2024-01-16,Grand Slam,Outdoor,Hard,1st Round,5,Griekspoor T.,Safiullin R.,31,36.0,1410,1190.0,2.0,6.0,3.0,6.0,7.0,6.0,6.0,4.0,7.0,5.0,3.0,2.0,Completed,2.63,1.5,2.73,1.52,2.75,1.58,2.57,1.52
ATP,2024,5,Melbourne,Australian Open,2024-01-16,Grand Slam,Outdoor,Hard,1st Round,5,Zeppieri G.,Lajovic D.,133,51.0,487,939.0,6.0,3.0,3.0,6.0,6.0,3.0,7.0,6.0,,,3.0,1.0,Completed,2.0,1.8,1.98,1.93,2.1,1.93,2.0,1.82
ATP,2024,5,Melbourne,Australian Open,2024-01-16,Grand Slam,Outdoor,Hard,1st Round,5,Ruud C.,Ramos-Vinolas A.,11,85.0,2910,688.0,6.0,1.0,6.0,3.0,6.0,1.0,,,,,3.0,0.0,Completed,1.02,19.0,1.05,16.05,1.05,28.0,1.02,15.52
ATP,2024,5,Melbourne,Australian Open,2024-01-16,Grand Slam,Outdoor,Hard,1st Round,5,Dimitrov G.,Fucsovics M.,13,70.0,2775,782.0,4.0,6.0,6.0,3.0,7.0,6.0,6.0,2.0,,,3.0,1.0,Completed,1.17,5.0,1.15,6.57,1.18,6.57,1.16,5.36
ATP,2024,5,Melbourne,Australian Open,2024-01-16,Grand Slam,Outdoor,Hard,1st Round,5,Purcell M.,Valkusz M.,45,214.0,1021,291.0,3.0,6.0,7.0,6.0,6.0,4.0,7.0,5.0,,,3.0,1.0,Completed,1.29,3.75,1.35,3.51,1.36,3.77,1.31,3.48
ATP,2024,5,Melbourne,Australian Open,2024-01-16,Grand Slam,Outdoor,Hard,1st Round,5,Klein L.,Kwon S.W.,163,697.0,391,40.0,7.0,6.0,4.0,6.0,7.0,6.0,6.0,3.0,,,3.0,1.0,Completed,1.33,3.4,1.36,3.45,1.38,3.67,1.34,3.3
ATP,2024,5,Melbourne,Australian Open,2024-01-16,Grand Slam,Outdoor,Hard,1st Round,5,Draper J.,Giron M.,55,66.0,911,825.0,6.0,4.0,3.0,6.0,4.0,6.0,6.0,0.0,6.0,2.0,3.0,2.0,Completed,1.25,4.0,1.25,4.51,1.3,4.51,1.24,4.06
ATP,2024,5,Melbourne,Australian Open,2024-01-16,Grand Slam,Outdoor,Hard,1st Round,5,Rune H.,Nishioka Y.,8,61.0,3815,865.0,6.0,2.0,4.0,6.0,7.0,6.0,6.0,4.0,,,3.0,1.0,Completed,1.11,6.5,1.14,7.03,1.14,7.03,1.12,6.39
ATP,2024,5,Melbourne,Australian Open,2024-01-16,Grand Slam,Outdoor,Hard,1st Round,5,Nagal S.,Bublik A.,137,27.0,450,1459.0,6.0,4.0,6.0,2.0,7.0,6.0,,,,,3.0,0.0,Completed,5.0,1.17,5.18,1.2,5.18,1.2,4.78,1.19
ATP,2024,5,Melbourne,Australian Open,2024-01-16,Grand Slam,Outdoor,Hard,1st Round,5,Shang J.,Mcdonald M.,140,42.0,435,1055.0,6.0,3.0,1.0,6.0,3.0,6.0,6.0,4.0,6.0,2.0,3.0,2.0,Completed,1.67,2.2,1.77,2.18,1.77,2.29,1.71,2.15
ATP,2024,5,Melbourne,Australian Open,2024-01-16,Grand Slam,Outdoor,Hard,1st Round,5,Paul T.,Barrere G.,14,83.0,2670,696.0,6.0,2.0,6.0,3.0,6.0,3.0,,,,,3.0,0.0,Completed,1.11,6.5,1.16,6.31,1.16,7.0,1.12,6.15
ATP,2024,5,Melbourne,Australian Open,2024-01-16,Grand Slam,Outdoor,Hard,1st Round,5,Kokkinakis T.,Ofner S.,80,37.0,711,1141.0,7.0,6.0,2.0,6.0,6.0,7.0,6.0,1.0,7.0,6.0,3.0,2.0,Completed,2.0,1.8,2.04,1.87,2.08,1.87,1.99,1.82
ATP,2024,5,Melbourne,Australian Open,2024-01-16,Grand Slam,Outdoor,Hard,1st Round,5,Sonego L.,Evans D.,46,38.0,1005,1121.0,4.0,6.0,7.0,6.0,6.0,2.0,7.0,6.0,,,3.0,1.0,Completed,1.8,2.0,1.85,2.07,1.88,2.07,1.8,2.01
ATP,2024,5,Melbourne,Australian Open,2024-01-16,Grand Slam,Outdoor,Hard,1st Round,5,Zverev A.,Koepfer D.,6,62.0,4275,858.0,4.0,6.0,6.0,3.0,7.0,6.0,6.0,3.0,,,3.0,1.0,Completed,1.06,10.0,1.07,11.89,1.09,11.89,1.06,9.55
ATP,2024,5,Melbourne,Australian Open,2024-01-16,Grand Slam,Outdoor,Hard,1st Round,5,Alcaraz C.,Gasquet R.,2,131.0,8855,500.0,7.0,6.0,6.0,1.0,6.0,2.0,,,,,3.0,0.0,Completed,1.02,19.0,1.01,40.62,1.05,40.62,1.02,17.45
ATP,2024,5,Melbourne,Australian Open,2024-01-17,Grand Slam,Outdoor,Hard,2nd Round,5,Sinner J.,De Jong J.,4,161.0,6490,393.0,6.0,2.0,6.0,2.0,6.0,2.0,,,,,3.0,0.0,Completed,1.02,21.0,1.02,27.16,1.03,28.0,1.02,17.56
ATP,2024,5,Melbourne,Australian Open,2024-01-17,Grand Slam,Outdoor,Hard,2nd Round,5,De Minaur A.,Arnaldi M.,10,41.0,2950,1077.0,6.0,3.0,6.0,0.0,6.0,3.0,,,,,3.0,0.0,Completed,1.17,5.0,1.2,5.24,1.23,5.24,1.18,4.83
ATP,2024,5,Melbourne,Australian Open,2024-01-17,Grand Slam,Outdoor,Hard,2nd Round,5,Baez S.,Galan D.E.,29,87.0,1435,676.0,7.0,5.0,2.0,6.0,6.0,2.0,6.0,4.0,,,3.0,1.0,Completed,1.4,3.0,1.44,2.97,1.44,3.06,1.41,2.9
ATP,2024,5,Melbourne,Australian Open,2024-01-17,Grand Slam,Outdoor,Hard,2nd Round,5,Cobolli F.,Kotov P.,100,65.0,617,835.0,7.0,5.0,6.0,3.0,5.0,7.0,6.0,2.0,,,3.0,1.0,Completed,2.5,1.53,2.52,1.6,2.55,1.6,2.45,1.55
ATP,2024,5,Melbourne,Australian Open,2024-01-17,Grand Slam,Outdoor,Hard,2nd Round,5,Van Assche L.,Musetti L.,79,28.0,715,1440.0,6.0,3.0,3.0,6.0,6.0,7.0,6.0,3.0,6.0,0.0,3.0,2.0,Completed,2.75,1.44,2.75,1.51,2.9,1.51,2.76,1.45
ATP,2024,5,Melbourne,Australian Open,2024-01-17,Grand Slam,Outdoor,Hard,2nd Round,5,Khachanov K.,Kovacevic A.,15,101.0,2430,611.0,6.0,4.0,6.0,3.0,4.0,6.0,6.0,3.0,,,3.0,1.0,Completed,1.14,5.5,1.17,6.02,1.18,6.25,1.15,5.4
ATP,2024,5,Melbourne,Australian Open,2024-01-17,Grand Slam,Outdoor,Hard,2nd Round,5,Fritz T.,Gaston H.,12,97.0,2840,626.0,6.0,0.0,6.0,3.0,6.0,1.0,,,,,3.0,0.0,Completed,1.11,6.5,1.14,6.86,1.15,6.86,1.13,6.12
ATP,2024,5,Melbourne,Australian Open,2024-01-17,Grand Slam,Outdoor,Hard,2nd Round,5,Marozsan F.,Cerundolo F.,67,21.0,823,1760.0,7.0,6.0,6.0,4.0,6.0,2.0,,,,,3.0,0.0,Completed,1.57,2.38,1.54,2.66,1.6,2.66,1.55,2.46
ATP,2024,5,Melbourne,Australian Open,2024-01-17,Grand Slam,Outdoor,Hard,2nd Round,5,Shelton B.,O Connell C.,16,68.0,2225,814.0,6.0,4.0,6.0,1.0,3.0,6.0,7.0,6.0,,,3.0,1.0,Completed,1.25,4.0,1.28,4.16,1.29,4.6,1.26,3.94
ATP,2024,5,Melbourne,Australian Open,2024-01-17,Grand Slam,Outdoor,Hard,2nd Round,5,Mannarino A.,Munar J.,19,82.0,1765,706.0,6.0,3.0,6.0,3.0,1.0,6.0,2.0,6.0,6.0,3.0,3.0,2.0,Completed,1.33,3.4,1.34,3.56,1.38,3.56,1.33,3.33
ATP,2024,5,Melbourne,Australian Open,2024-01-17,Grand Slam,Outdoor,Hard,2nd Round,5,Machac T.,Tiafoe F.,75,17.0,748,2100.0,6.0,4.0,6.0,4.0,7.0,6.0,,,,,3.0,0.0,Completed,2.75,1.44,2.78,1.51,2.86,1.51,2.69,1.47
ATP,2024,5,Melbourne,Australian Open,2024-01-17,Grand Slam,Outdoor,Hard,2nd Round,5,Etcheverry T.,Monfils G.,32,76.0,1375,737.0,6.0,4.0,6.0,4.0,6.0,4.0,,,,,3.0,0.0,Completed,2.38,1.57,2.64,1.55,2.64,1.6,2.48,1.54
ATP,2024,5,Melbourne,Australian Open,2024-01-17,Grand Slam,Outdoor,Hard,2nd Round,5,Tsitsipas S.,Thompson J.,7,47.0,4025,982.0,4.0,6.0,7.0,6.0,6.0,2.0,7.0,6.0,,,3.0,1.0,Completed,1.2,4.5,1.25,4.4,1.25,4.54,1.22,4.34
ATP,2024,5,Melbourne,Australian Open,2024-01-17,Grand Slam,Outdoor,Hard,2nd Round,5,Korda S.,Halys Q.,26,110.0,1480,575.0,6.0,4.0,6.0,4.0,6.0,4.0,,,,,3.0,0.0,Completed,1.25,4.0,1.31,3.85,1.31,4.01,1.26,3.87
ATP,2024,5,Melbourne,Australian Open,2024-01-17,Grand Slam,Outdoor,Hard,2nd Round,5,Rublev A.,Eubanks C.,5,35.0,5010,1215.0,6.0,4.0,6.0,4.0,6.0,4.0,,,,,3.0,0.0,Completed,1.07,9.0,1.09,9.56,1.1,9.56,1.07,8.26
ATP,2024,5,Melbourne,Australian Open,2024-01-17,Grand Slam,Outdoor,Hard,2nd Round,5,Djokovic N.,Popyrin A.,1,43.0,11055,1052.0,6.0,3.0,4.0,6.0,7.0,6.0,6.0,3.0,,,3.0,1.0,Completed,1.02,19.0,1.04,19.56,1.05,19.56,1.02,14.37
ATP,2024,5,Melbourne,Australian Open,2024-01-18,Grand Slam,Outdoor,Hard,2nd Round,5,Norrie C.,Zeppieri G.,22,133.0,1710,487.0,3.0,6.0,6.0,7.0,6.0,2.0,6.0,4.0,6.0,4.0,3.0,2.0,Completed,1.3,3.5,1.41,3.19,1.41,3.53,1.35,3.22
ATP,2024,5,Melbourne,Australian Open,2024-01-18,Grand Slam,Outdoor,Hard,2nd Round,5,Michelsen A.,Lehecka J.,91,23.0,656,1555.0,4.0,6.0,6.0,3.0,6.0,4.0,6.0,4.0,,,3.0,1.0,Completed,4.33,1.22,4.11,1.28,4.34,1.3,4.0,1.25
ATP,2024,5,Melbourne,Australian Open,2024-01-18,Grand Slam,Outdoor,Hard,2nd Round,5,Zverev A.,Klein L.,6,163.0,4275,391.0,7.0,5.0,3.0,6.0,4.0,6.0,7.0,6.0,7.0,6.0,3.0,2.0,Completed,1.06,10.0,1.07,12.1,1.07,12.1,1.05,9.88
ATP,2024,5,Melbourne,Australian Open,2024-01-18,Grand Slam,Outdoor,Hard,2nd Round,5,Ruud C.,Purcell M.,11,45.0,2910,1021.0,6.0,3.0,6.0,7.0,6.0,3.0,3.0,6.0,7.0,6.0,3.0,2.0,Completed,1.17,5.0,1.18,5.62,1.19,5.62,1.16,5.23
ATP,2024,5,Melbourne,Australian Open,2024-01-18,Grand Slam,Outdoor,Hard,2nd Round,5,Paul T.,Draper J.,14,55.0,2670,911.0,6.0,2.0,3.0,6.0,6.0,3.0,7.0,5.0,,,3.0,1.0,Completed,1.91,1.91,2.04,1.87,2.04,2.03,1.92,1.88
ATP,2024,5,Melbourne,Australian Open,2024-01-18,Grand Slam,Outdoor,Hard,2nd Round,5,Kecmanovic M.,Struff J.L.,60,25.0,890,1511.0,6.0,4.0,1.0,6.0,7.0,6.0,1.0,6.0,7.0,6.0,3.0,2.0,Completed,1.5,2.63,1.55,2.64,1.57,2.64,1.52,2.57
ATP,2024,5,Melbourne,Australian Open,2024-01-18,Grand Slam,Outdoor,Hard,2nd Round,5,Alcaraz C.,Sonego L.,2,46.0,8855,1005.0,6.0,4.0,6.0,7.0,6.0,3.0,7.0,6.0,,,3.0,1.0,Completed,1.04,13.0,1.05,15.2,1.05,28.0,1.03,14.22
ATP,2024,5,Melbourne,Australian Open,2024-01-18,Grand Slam,Outdoor,Hard,2nd Round,5,Borges N.,Davidovich Fokina A.,69,24.0,814,1530.0,7.0,6.0,6.0,3.0,6.0,3.0,,,,,3.0,0.0,Completed,4.5,1.2,4.48,1.25,4.75,1.25,4.36,1.21
ATP,2024,5,Melbourne,Australian Open,2024-01-18,Grand Slam,Outdoor,Hard,2nd Round,5,Shang J.,Nagal S.,140,137.0,435,450.0,2.0,6.0,6.0,3.0,7.0,5.0,6.0,4.0,,,3.0,1.0,Completed,1.4,3.0,1.48,2.86,1.5,3.19,1.44,2.8
ATP,2024,5,Melbourne,Australian Open,2024-01-18,Grand Slam,Outdoor,Hard,2nd Round,5,Griekspoor T.,Fils A.,31,34.0,1410,1233.0,3.0,6.0,6.0,1.0,7.0,5.0,6.0,4.0,,,3.0,1.0,Completed,2.38,1.57,2.4,1.65,2.45,1.7,2.34,1.6
ATP,2024,5,Melbourne,Australian Open,2024-01-18,Grand Slam,Outdoor,Hard,2nd Round,5,Humbert U.,Zhang Zh.,20,54.0,1765,911.0,6.0,2.0,5.0,7.0,6.0,1.0,7.0,6.0,,,3.0,1.0,Completed,1.4,3.0,1.41,3.15,1.44,3.16,1.39,3.03
ATP,2024,5,Melbourne,Australian Open,2024-01-18,Grand Slam,Outdoor,Hard,2nd Round,5,Dimitrov G.,Kokkinakis T.,13,80.0,2775,711.0,6.0,3.0,6.0,2.0,4.0,6.0,6.0,4.0,,,3.0,1.0,Completed,1.13,6.0,1.15,6.58,1.16,6.58,1.13,5.89
ATP,2024,5,Melbourne,Australian Open,2024-01-18,Grand Slam,Outdoor,Hard,2nd Round,5,Cazaux A.,Rune H.,122,8.0,529,3815.0,7.0,6.0,6.0,4.0,4.0,6.0,6.0,3.0,,,3.0,1.0,Completed,5.5,1.14,5.66,1.18,5.92,1.18,5.44,1.15
ATP,2024,5,Melbourne,Australian Open,2024-01-18,Grand Slam,Outdoor,Hard,2nd Round,5,Auger-Aliassime F.,Grenier H.,30,178.0,1425,340.0,6.0,1.0,3.0,6.0,6.0,1.0,6.0,2.0,,,3.0,1.0,Completed,1.13,6.0,1.11,8.12,1.15,8.12,1.1,6.83
ATP,2024,5,Melbourne,Australian Open,2024-01-18,Grand Slam,Outdoor,Hard,2nd Round,5,Hurkacz H.,Mensik J.,9,142.0,3320,433.0,6.0,7.0,6.0,1.0,5.0,7.0,6.0,1.0,6.0,3.0,3.0,2.0,Completed,1.25,4.0,1.26,4.38,1.26,4.5,1.23,4.16
ATP,2024,5,Melbourne,Australian Open,2024-01-18,Grand Slam,Outdoor,Hard,2nd Round,5,Medvedev D.,Ruusuvuori E.,3,53.0,7555,921.0,3.0,6.0,6.0,7.0,6.0,4.0,7.0,6.0,6.0,0.0,3.0,2.0,Completed,1.1,7.0,1.13,7.3,1.18,8.0,1.11,6.68
ATP,2024,5,Melbourne,Australian Open,2024-01-19,Grand Slam,Outdoor,Hard,3rd Round,5,Khachanov K.,Machac T.,15,75.0,2430,748.0,6.0,4.0,7.0,6.0,4.0,6.0,7.0,6.0,,,3.0,1.0,Completed,1.62,2.3,1.68,2.34,1.68,2.43,1.61,2.32
ATP,2024,5,Melbourne,Australian Open,2024-01-19,Grand Slam,Outdoor,Hard,3rd Round,5,Sinner J.,Baez S.,4,29.0,6490,1435.0,6.0,0.0,6.0,1.0,6.0,3.0,,,,,3.0,0.0,Completed,1.03,17.0,1.02,27.15,1.03,30.0,1.02,17.61
ATP,2024,5,Melbourne,Australian Open,2024-01-19,Grand Slam,Outdoor,Hard,3rd Round,5,Fritz T.,Marozsan F.,12,67.0,2840,823.0,3.0,6.0,6.0,4.0,6.0,2.0,6.0,2.0,,,3.0,1.0,Completed,1.3,3.5,1.32,3.68,1.35,3.68,1.31,3.51
ATP,2024,5,Melbourne,Australian Open,2024-01-19,Grand Slam,Outdoor,Hard,3rd Round,5,Tsitsipas S.,Van Assche L.,7,79.0,4025,715.0,6.0,3.0,6.0,0.0,6.0,4.0,,,,,3.0,0.0,Completed,1.2,4.5,1.21,5.03,1.25,5.03,1.2,4.6
ATP,2024,5,Melbourne,Australian Open,2024-01-19,Grand Slam,Outdoor,Hard,3rd Round,5,Mannarino A.,Shelton B.,19,16.0,1765,2225.0,7.0,6.0,1.0,6.0,6.0,7.0,6.0,3.0,6.0,4.0,3.0,2.0,Completed,3.2,1.36,3.23,1.4,4.12,1.4,3.19,1.36
ATP,2024,5,Melbourne,Australian Open,2024-01-19,Grand Slam,Outdoor,Hard,3rd Round,5,Djokovic N.,Etcheverry T.,1,32.0,11055,1375.0,6.0,3.0,6.0,3.0,7.0,6.0,,,,,3.0,0.0,Completed,1.05,11.0,1.06,13.85,1.09,13.85,1.05,10.36
ATP,2024,5,Melbourne,Australian Open,2024-01-19,Grand Slam,Outdoor,Hard,3rd Round,5,De Minaur A.,Cobolli F.,10,100.0,2950,617.0,6.0,3.0,6.0,3.0,6.0,1.0,,,,,3.0,0.0,Completed,1.07,9.0,1.06,13.01,1.08,13.01,1.06,9.15
ATP,2024,5,Melbourne,Australian Open,2024-01-19,Grand Slam,Outdoor,Hard,3rd Round,5,Rublev A.,Korda S.,5,26.0,5010,1480.0,6.0,2.0,7.0,6.0,6.0,4.0,,,,,3.0,0.0,Completed,1.36,3.2,1.39,3.26,1.42,3.4,1.36,3.15
ATP,2024,5,Melbourne,Australian Open,2024-01-20,Grand Slam,Outdoor,Hard,3rd Round,5,Kecmanovic M.,Paul T.,60,14.0,890,2670.0,6.0,4.0,3.0,6.0,2.0,6.0,7.0,6.0,6.0,0.0,3.0,2.0,Completed,3.2,1.36,3.38,1.37,3.38,1.4,3.17,1.36
ATP,2024,5,Melbourne,Australian Open,2024-01-20,Grand Slam,Outdoor,Hard,3rd Round,5,Hurkacz H.,Humbert U.,9,20.0,3320,1765.0,3.0,6.0,6.0,1.0,7.0,6.0,6.0,3.0,,,3.0,1.0,Completed,1.57,2.38,1.68,2.34,1.68,2.45,1.62,2.31
ATP,2024,5,Melbourne,Australian Open,2024-01-20,Grand Slam,Outdoor,Hard,3rd Round,5,Cazaux A.,Griekspoor T.,122,31.0,529,1410.0,6.0,3.0,6.0,3.0,6.0,1.0,,,,,3.0,0.0,Completed,2.3,1.62,2.22,1.74,2.39,1.75,2.22,1.67
ATP,2024,5,Melbourne,Australian Open,2024-01-20,Grand Slam,Outdoor,Hard,3rd Round,5,Alcaraz C.,Shang J.,2,140.0,8855,435.0,6.0,1.0,6.0,1.0,1.0,0.0,,,,,2.0,0.0,Retired,1.03,15.0,1.03,20.85,1.03,20.85,1.02,15.24
ATP,2024,5,Melbourne,Australian Open,2024-01-20,Grand Slam,Outdoor,Hard,3rd Round,5,Norrie C.,Ruud C.,22,11.0,1710,2910.0,6.0,4.0,6.0,7.0,6.0,4.0,6.0,3.0,,,3.0,1.0,Completed,3.2,1.36,3.05,1.43,3.2,1.43,3.03,1.39
ATP,2024,5,Melbourne,Australian Open,2024-01-20,Grand Slam,Outdoor,Hard,3rd Round,5,Borges N.,Dimitrov G.,69,13.0,814,2775.0,6.0,7.0,6.0,4.0,6.0,2.0,7.0,6.0,,,3.0,1.0,Completed,10.0,1.06,9.79,1.09,10.0,1.09,8.69,1.07
ATP,2024,5,Melbourne,Australian Open,2024-01-20,Grand Slam,Outdoor,Hard,3rd Round,5,Medvedev D.,Auger-Aliassime F.,3,30.0,7555,1425.0,6.0,3.0,6.0,4.0,6.0,3.0,,,,,3.0,0.0,Completed,1.17,5.0,1.22,4.86,1.24,5.05,1.2,4.65
ATP,2024,5,Melbourne,Australian Open,2024-01-20,Grand Slam,Outdoor,Hard,3rd Round,5,Zverev A.,Michelsen A.,6,91.0,4275,656.0,6.0,2.0,7.0,6.0,6.0,2.0,,,,,3.0,0.0,Completed,1.17,5.0,1.18,5.96,1.21,5.96,1.17,5.07
ATP,2024,5,Melbourne,Australian Open,2024-01-21,Grand Slam,Outdoor,Hard,4th Round,5,Djokovic N.,Mannarino A.,1,19.0,11055,1765.0,6.0,0.0,6.0,0.0,6.0,3.0,,,,,3.0,0.0,Completed,1.02,19.0,1.05,15.74,1.05,19.0,1.02,14.16
ATP,2024,5,Melbourne,Australian Open,2024-01-21,Grand Slam,Outdoor,Hard,4th Round,5,Fritz T.,Tsitsipas S.,12,7.0,2840,4025.0,7.0,6.0,5.0,7.0,6.0,3.0,6.0,3.0,,,3.0,1.0,Completed,2.2,1.67,2.22,1.74,2.4,1.74,2.22,1.67
ATP,2024,5,Melbourne,Australian Open,2024-01-21,Grand Slam,Outdoor,Hard,4th Round,5,Sinner J.,Khachanov K.,4,15.0,6490,2430.0,6.0,4.0,7.0,5.0,6.0,3.0,,,,,3.0,0.0,Completed,1.08,8.0,1.13,7.23,1.13,8.2,1.1,7.22
ATP,2024,5,Melbourne,Australian Open,2024-01-21,Grand Slam,Outdoor,Hard,4th Round,5,Rublev A.,De Minaur A.,5,10.0,5010,2950.0,6.0,4.0,6.0,7.0,6.0,7.0,6.0,3.0,6.0,0.0,3.0,2.0,Completed,1.73,2.1,1.85,2.06,1.85,2.23,1.77,2.07
ATP,2024,5,Melbourne,Australian Open,2024-01-22,Grand Slam,Outdoor,Hard,4th Round,5,Medvedev D.,Borges N.,3,69.0,7555,814.0,6.0,3.0,7.0,6.0,5.0,7.0,6.0,1.0,,,3.0,1.0,Completed,1.04,13.0,1.07,10.92,1.07,13.0,1.05,10.51
ATP,2024,5,Melbourne,Australian Open,2024-01-22,Grand Slam,Outdoor,Hard,4th Round,5,Hurkacz H.,Cazaux A.,9,122.0,3320,529.0,7.0,6.0,7.0,6.0,6.0,4.0,,,,,3.0,0.0,Completed,1.33,3.4,1.41,3.17,1.44,3.4,1.38,3.07
ATP,2024,5,Melbourne,Australian Open,2024-01-22,Grand Slam,Outdoor,Hard,4th Round,5,Zverev A.,Norrie C.,6,22.0,4275,1710.0,7.0,5.0,3.0,6.0,6.0,3.0,4.0,6.0,7.0,6.0,3.0,2.0,Completed,1.25,4.0,1.25,4.46,1.31,4.46,1.24,4.03
ATP,2024,5,Melbourne,Australian Open,2024-01-22,Grand Slam,Outdoor,Hard,4th Round,5,Alcaraz C.,Kecmanovic M.,2,60.0,8855,890.0,6.0,4.0,6.0,4.0,6.0,0.0,,,,,3.0,0.0,Completed,1.05,11.0,1.06,13.28,1.08,13.28,1.05,10.79
ATP,2024,5,Melbourne,Australian Open,2024-01-23,Grand Slam,Outdoor,Hard,Quarterfinals,5,Djokovic N.,Fritz T.,1,12.0,11055,2840.0,7.0,6.0,4.0,6.0,6.0,2.0,6.0,3.0,,,3.0,1.0,Completed,1.1,7.0,1.11,8.55,1.11,8.55,1.1,7.3
ATP,2024,5,Melbourne,Australian Open,2024-01-23,Grand Slam,Outdoor,Hard,Quarterfinals,5,Sinner J.,Rublev A.,4,5.0,6490,5010.0,6.0,4.0,7.0,6.0,6.0,3.0,,,,,3.0,0.0,Completed,1.2,4.5,1.22,4.85,1.24,4.85,1.21,4.42
ATP,2024,5,Melbourne,Australian Open,2024-01-24,Grand Slam,Outdoor,Hard,Quarterfinals,5,Medvedev D.,Hurkacz H.,3,9.0,7555,3320.0,7.0,6.0,2.0,6.0,6.0,3.0,5.0,7.0,6.0,4.0,3.0,2.0,Completed,1.4,3.0,1.42,3.14,1.44,3.14,1.39,3.0
ATP,2024,5,Melbourne,Australian Open,2024-01-24,Grand Slam,Outdoor,Hard,Quarterfinals,5,Zverev A.,Alcaraz C.,6,2.0,4275,8855.0,6.0,1.0,6.0,3.0,6.0,7.0,6.0,4.0,,,3.0,1.0,Completed,4.5,1.2,4.35,1.26,4.85,1.26,4.26,1.23
ATP,2024,5,Melbourne,Australian Open,2024-01-26,Grand Slam,Outdoor,Hard,Semifinals,5,Sinner J.,Djokovic N.,4,1.0,6490,11055.0,6.0,1.0,6.0,2.0,6.0,7.0,6.0,3.0,,,3.0,1.0,Completed,2.63,1.5,2.66,1.54,2.75,1.54,2.6,1.5
ATP,2024,5,Melbourne,Australian Open,2024-01-26,Grand Slam,Outdoor,Hard,Semifinals,5,Medvedev D.,Zverev A.,3,6.0,7555,4275.0,5.0,7.0,3.0,6.0,7.0,6.0,7.0,6.0,6.0,3.0,3.0,2.0,Completed,1.73,2.1,1.75,2.21,1.79,2.25,1.71,2.16
ATP,2024,5,Melbourne,Australian Open,2024-01-28,Grand Slam,Outdoor,Hard,The Final,5,Sinner J.,Medvedev D.,4,3.0,6490,7555.0,3.0,6.0,3.0,6.0,6.0,4.0,6.0,4.0,6.0,3.0,3.0,2.0,Completed,1.36,3.25,1.33,3.67,1.4,3.75,1.35,3.29
ATP,2024,32,Paris,French Open,2024-05-26,Grand Slam,Outdoor,Clay,1st Round,5,Nakashima B.,Moreno De Alboran N.,84,130.0,700,497.0,6.0,1.0,6.0,7.0,6.0,3.0,6.0,2.0,,,3.0,1.0,Completed,1.57,2.38,1.54,2.66,1.59,2.66,1.54,2.49
ATP,2024,32,Paris,French Open,2024-05-26,Grand Slam,Outdoor,Clay,1st Round,5,Rublev A.,Daniel T.,6,80.0,4700,715.0,6.0,2.0,6.0,7.0,6.0,3.0,7.0,5.0,,,3.0,1.0,Completed,1.04,13.0,1.06,14.08,1.08,14.08,1.05,11.4
ATP,2024,32,Paris,French Open,2024-05-26,Grand Slam,Outdoor,Clay,1st Round,5,Martinez P.,Tirante T.A.,48,109.0,995,580.0,5.0,7.0,6.0,4.0,3.0,6.0,6.0,4.0,6.0,3.0,3.0,2.0,Completed,1.29,3.75,1.31,3.91,1.35,3.91,1.3,3.58
ATP,2024,32,Paris,French Open,2024-05-26,Grand Slam,Outdoor,Clay,1st Round,5,Sonego L.,Humbert U.,49,16.0,991,2285.0,6.0,4.0,2.0,6.0,6.0,4.0,6.0,3.0,,,3.0,1.0,Completed,2.5,1.53,2.75,1.52,2.75,1.57,2.59,1.51
ATP,2024,32,Paris,French Open,2024-05-26,Grand Slam,Outdoor,Clay,1st Round,5,Zhang Zh.,Vukic A.,44,89.0,1056,672.0,6.0,4.0,4.0,6.0,6.0,3.0,7.0,5.0,,,3.0,1.0,Completed,1.36,3.2,1.39,3.3,1.39,3.43,1.35,3.22
ATP,2024,32,Paris,French Open,2024-05-26,Grand Slam,Outdoor,Clay,1st Round,5,De Jong J.,Draper J.,176,39.0,344,1131.0,7.0,5.0,6.0,4.0,6.0,7.0,3.0,6.0,6.0,3.0,3.0,2.0,Completed,4.5,1.2,4.22,1.27,4.54,1.29,4.12,1.24
ATP,2024,32,Paris,French Open,2024-05-26,Grand Slam,Outdoor,Clay,1st Round,5,Hurkacz H.,Mochizuki S.,8,162.0,3885,366.0,4.0,6.0,6.0,3.0,3.0,6.0,6.0,0.0,6.0,3.0,3.0,2.0,Completed,1.03,15.0,1.05,15.11,1.09,15.11,1.04,12.27
ATP,2024,32,Paris,French Open,2024-05-26,Grand Slam,Outdoor,Clay,1st Round,5,Dimitrov G.,Kovacevic A.,10,87.0,3555,681.0,6.0,4.0,6.0,3.0,6.0,4.0,,,,,3.0,0.0,Completed,1.08,8.0,1.1,8.78,1.12,8.85,1.09,7.5
ATP,2024,32,Paris,French Open,2024-05-26,Grand Slam,Outdoor,Clay,1st Round,5,Marterer M.,Thompson J.,101,36.0,622,1156.0,6.0,3.0,6.0,2.0,6.0,0.0,,,,,3.0,0.0,Completed,2.3,1.62,2.51,1.6,2.71,1.63,2.42,1.57
ATP,2024,32,Paris,French Open,2024-05-26,Grand Slam,Outdoor,Clay,1st Round,5,Alcaraz C.,Wolf J.J.,3,107.0,7300,585.0,6.0,1.0,6.0,2.0,6.0,1.0,,,,,3.0,0.0,Completed,1.01,26.0,1.01,41.77,1.03,41.77,1.01,23.24
ATP,2024,32,Paris,French Open,2024-05-26,Grand Slam,Outdoor,Clay,1st Round,5,Gasquet R.,Coric B.,124,73.0,515,744.0,7.0,6.0,7.0,6.0,6.0,4.0,,,,,3.0,0.0,Completed,3.2,1.36,3.23,1.4,3.25,1.41,3.1,1.37
ATP,2024,32,Paris,French Open,2024-05-26,Grand Slam,Outdoor,Clay,1st Round,5,Muller A.,Nardi L.,90,72.0,670,748.0,6.0,4.0,6.0,1.0,6.0,3.0,,,,,3.0,0.0,Completed,1.53,2.5,1.6,2.52,1.62,2.54,1.56,2.44
ATP,2024,32,Paris,French Open,2024-05-26,Grand Slam,Outdoor,Clay,1st Round,5,Bergs Z.,Tabilo A.,104,24.0,611,1645.0,3.0,6.0,7.0,6.0,6.0,2.0,6.0,2.0,,,3.0,1.0,Completed,3.2,1.36,3.3,1.39,3.3,1.4,3.12,1.37
ATP,2024,32,Paris,French Open,2024-05-26,Grand Slam,Outdoor,Clay,1st Round,5,Nishikori K.,Diallo G.,350,166.0,143,360.0,7.0,5.0,7.0,6.0,3.0,6.0,1.0,6.0,7.0,5.0,3.0,2.0,Completed,2.75,1.44,2.54,1.58,2.8,1.58,2.56,1.52
ATP,2024,32,Paris,French Open,2024-05-26,Grand Slam,Outdoor,Clay,1st Round,5,Marozsan F.,Kukushkin M.,43,136.0,1083,492.0,6.0,2.0,6.0,2.0,6.0,3.0,,,,,3.0,0.0,Completed,1.25,4.0,1.27,4.26,1.33,4.26,1.26,3.93
ATP,2024,32,Paris,French Open,2024-05-26,Grand Slam,Outdoor,Clay,1st Round,5,Korda S.,Mayot H.,28,122.0,1565,522.0,6.0,2.0,7.0,6.0,6.0,4.0,,,,,3.0,0.0,Completed,1.17,5.0,1.21,4.99,1.22,5.05,1.19,4.71
ATP,2024,32,Paris,French Open,2024-05-26,Grand Slam,Outdoor,Clay,1st Round,5,Altmaier D.,Djere L.,83,52.0,702,960.0,7.0,5.0,6.0,4.0,6.0,7.0,5.0,7.0,7.0,6.0,3.0,2.0,Completed,1.53,2.5,1.61,2.49,1.61,2.55,1.56,2.44
ATP,2024,32,Paris,French Open,2024-05-26,Grand Slam,Outdoor,Clay,1st Round,5,Moutet C.,Jarry N.,79,19.0,720,2075.0,6.0,2.0,6.0,1.0,3.0,6.0,6.0,0.0,,,3.0,1.0,Completed,2.75,1.44,2.88,1.48,2.95,1.5,2.81,1.44
ATP,2024,32,Paris,French Open,2024-05-26,Grand Slam,Outdoor,Clay,1st Round,5,Ofner S.,Atmane T.,45,121.0,1038,525.0,3.0,6.0,4.0,6.0,7.0,6.0,6.0,2.0,7.0,5.0,3.0,2.0,Completed,1.57,2.38,1.56,2.62,1.59,2.62,1.54,2.5
ATP,2024,32,Paris,French Open,2024-05-26,Grand Slam,Outdoor,Clay,1st Round,5,Wawrinka S.,Murray A.,98,75.0,628,728.0,6.0,4.0,6.0,4.0,6.0,2.0,,,,,3.0,0.0,Completed,1.53,2.5,1.58,2.54,1.62,2.54,1.55,2.46
ATP,2024,32,Paris,French Open,2024-05-27,Grand Slam,Outdoor,Clay,1st Round,5,Kwon S.W.,Ruusuvuori E.,494,67.0,85,783.0,6.0,3.0,6.0,4.0,6.0,3.0,,,,,3.0,0.0,Completed,6.0,1.13,6.2,1.16,6.85,1.17,5.86,1.14
ATP,2024,32,Paris,French Open,2024-05-27,Grand Slam,Outdoor,Clay,1st Round,5,Shevchenko A.,Karatsev A.,59,82.0,855,705.0,6.0,4.0,4.0,6.0,1.0,6.0,6.0,1.0,6.0,4.0,3.0,2.0,Completed,1.57,2.38,1.62,2.47,1.63,2.5,1.58,2.41
ATP,2024,32,Paris,French Open,2024-05-27,Grand Slam,Outdoor,Clay,1st Round,5,Sinner J.,Eubanks C.,2,46.0,8770,1028.0,6.0,3.0,6.0,3.0,6.0,4.0,,,,,3.0,0.0,Completed,1.02,19.0,1.02,27.95,1.04,27.95,1.02,17.1
ATP,2024,32,Paris,French Open,2024-05-27,Grand Slam,Outdoor,Clay,1st Round,5,Squire H.,Purcell M.,221,94.0,280,647.0,6.0,2.0,6.0,2.0,3.0,6.0,4.0,6.0,7.0,6.0,3.0,2.0,Completed,1.44,2.75,1.51,2.75,1.56,2.78,1.48,2.68
ATP,2024,32,Paris,French Open,2024-05-27,Grand Slam,Outdoor,Clay,1st Round,5,Shelton B.,Gaston H.,15,88.0,2500,673.0,3.0,6.0,6.0,3.0,6.0,4.0,6.0,4.0,,,3.0,1.0,Completed,1.4,3.0,1.41,3.19,1.44,3.19,1.4,2.96
ATP,2024,32,Paris,French Open,2024-05-27,Grand Slam,Outdoor,Clay,1st Round,5,Auger-Aliassime F.,Nishioka Y.,21,70.0,1885,766.0,6.0,2.0,6.0,4.0,6.0,4.0,,,,,3.0,0.0,Completed,1.2,4.5,1.2,5.32,1.22,5.36,1.19,4.87
ATP,2024,32,Paris,French Open,2024-05-27,Grand Slam,Outdoor,Clay,1st Round,5,Baez S.,Heide G.,20,174.0,1990,346.0,4.0,6.0,6.0,3.0,6.0,1.0,4.0,6.0,6.0,3.0,3.0,2.0,Completed,1.17,5.0,1.17,5.84,1.22,5.84,1.17,5.18
ATP,2024,32,Paris,French Open,2024-05-27,Grand Slam,Outdoor,Clay,1st Round,5,Arnaldi M.,Fils A.,35,38.0,1165,1145.0,6.0,3.0,4.0,6.0,6.0,4.0,6.0,2.0,,,3.0,1.0,Completed,2.2,1.67,2.04,1.87,2.27,1.87,2.07,1.77
ATP,2024,32,Paris,French Open,2024-05-27,Grand Slam,Outdoor,Clay,1st Round,5,Tsitsipas S.,Fucsovics M.,9,54.0,3700,922.0,7.0,6.0,6.0,4.0,6.0,1.0,,,,,3.0,0.0,Completed,1.1,7.0,1.12,7.63,1.14,7.63,1.11,6.77
ATP,2024,32,Paris,French Open,2024-05-27,Grand Slam,Outdoor,Clay,1st Round,5,Kovalik J.,Giron M.,145,50.0,427,990.0,7.0,6.0,6.0,4.0,3.0,6.0,7.0,6.0,,,3.0,1.0,Completed,2.0,1.8,2.12,1.81,2.2,1.82,2.09,1.77
ATP,2024,32,Paris,French Open,2024-05-27,Grand Slam,Outdoor,Clay,1st Round,5,Khachanov K.,Nagal S.,18,95.0,2090,635.0,6.0,2.0,6.0,0.0,7.0,6.0,,,,,3.0,0.0,Completed,1.11,6.5,1.15,6.53,1.15,6.69,1.13,6.11
ATP,2024,32,Paris,French Open,2024-05-27,Grand Slam,Outdoor,Clay,1st Round,5,Zverev A.,Nadal R.,4,275.0,6305,205.0,6.0,3.0,7.0,6.0,6.0,3.0,,,,,3.0,0.0,Completed,1.3,3.5,1.31,3.81,1.34,3.81,1.31,3.49
ATP,2024,32,Paris,French Open,2024-05-27,Grand Slam,Outdoor,Clay,1st Round,5,Kotov P.,Norrie C.,56,33.0,892,1230.0,4.0,6.0,6.0,3.0,3.0,6.0,7.0,6.0,6.0,2.0,3.0,2.0,Completed,2.75,1.44,2.99,1.45,3.06,1.49,2.85,1.43
ATP,2024,32,Paris,French Open,2024-05-27,Grand Slam,Outdoor,Clay,1st Round,5,Cerundolo F.,Hanfmann Y.,27,85.0,1590,697.0,6.0,3.0,6.0,3.0,6.0,4.0,,,,,3.0,0.0,Completed,1.3,3.5,1.34,3.56,1.34,4.11,1.32,3.47
ATP,2024,32,Paris,French Open,2024-05-27,Grand Slam,Outdoor,Clay,1st Round,5,Misolic F.,Virtanen O.,243,156.0,255,387.0,4.0,6.0,4.0,6.0,6.0,3.0,6.0,4.0,6.0,2.0,3.0,2.0,Completed,1.5,2.63,1.59,2.54,1.59,2.63,1.54,2.5
ATP,2024,32,Paris,French Open,2024-05-27,Grand Slam,Outdoor,Clay,1st Round,5,Tiafoe F.,Bellucci M.,26,173.0,1630,349.0,6.0,3.0,3.0,6.0,6.0,7.0,6.0,4.0,6.0,4.0,3.0,2.0,Completed,1.29,3.75,1.31,3.8,1.35,3.8,1.31,3.55
ATP,2024,32,Paris,French Open,2024-05-27,Grand Slam,Outdoor,Clay,1st Round,5,Musetti L.,Galan D.E.,30,106.0,1370,609.0,6.0,3.0,6.0,3.0,7.0,5.0,,,,,3.0,0.0,Completed,1.13,6.0,1.16,6.07,1.22,6.25,1.15,5.65
ATP,2024,32,Paris,French Open,2024-05-27,Grand Slam,Outdoor,Clay,1st Round,5,Paul T.,Cachin P.,14,108.0,2655,584.0,6.0,2.0,6.0,3.0,6.0,1.0,,,,,3.0,0.0,Completed,1.1,7.0,1.12,7.82,1.13,8.3,1.1,7.14
ATP,2024,32,Paris,French Open,2024-05-27,Grand Slam,Outdoor,Clay,1st Round,5,Shapovalov D.,Van Assche L.,118,103.0,540,613.0,6.0,3.0,6.0,4.0,6.0,4.0,,,,,3.0,0.0,Completed,1.67,2.2,1.63,2.45,1.68,2.56,1.61,2.34
ATP,2024,32,Paris,French Open,2024-05-27,Grand Slam,Outdoor,Clay,1st Round,5,Kecmanovic M.,Monteiro T.,57,86.0,880,685.0,6.0,2.0,6.0,1.0,4.0,6.0,7.0,5.0,,,3.0,1.0,Completed,1.8,2.0,1.88,2.03,1.89,2.03,1.84,1.97
ATP,2024,32,Paris,French Open,2024-05-27,Grand Slam,Outdoor,Clay,1st Round,5,Lajovic D.,Safiullin R.,61,42.0,831,1087.0,4.0,6.0,7.0,5.0,6.0,4.0,6.0,7.0,6.0,4.0,3.0,2.0,Completed,1.62,2.3,1.67,2.35,1.68,2.35,1.64,2.29
ATP,2024,32,Paris,French Open,2024-05-27,Grand Slam,Outdoor,Clay,1st Round,5,Monfils G.,Seyboth Wild T.,37,58.0,1155,855.0,6.0,2.0,3.0,6.0,6.0,3.0,6.0,4.0,,,3.0,1.0,Completed,2.3,1.62,2.34,1.68,2.36,1.68,2.27,1.65
ATP,2024,32,Paris,French Open,2024-05-27,Grand Slam,Outdoor,Clay,1st Round,5,Fognini F.,Van De Zandschulp B.,93,102.0,648,618.0,6.0,1.0,6.0,1.0,7.0,5.0,,,,,3.0,0.0,Completed,2.75,1.44,2.72,1.52,2.75,1.54,2.65,1.49
ATP,2024,32,Paris,French Open,2024-05-27,Grand Slam,Outdoor,Clay,1st Round,5,Medvedev D.,Koepfer D.,5,65.0,6295,807.0,6.0,3.0,6.0,4.0,5.0,7.0,6.0,3.0,,,3.0,1.0,Completed,1.2,4.5,1.22,4.9,1.22,5.19,1.2,4.66
ATP,2024,32,Paris,French Open,2024-05-28,Grand Slam,Outdoor,Clay,1st Round,5,Etcheverry T.,Cazaux A.,29,77.0,1550,725.0,3.0,6.0,6.0,2.0,6.0,1.0,6.0,4.0,,,3.0,1.0,Completed,1.2,4.5,1.22,4.85,1.23,4.85,1.2,4.54
ATP,2024,32,Paris,French Open,2024-05-28,Grand Slam,Outdoor,Clay,1st Round,5,Ruud C.,Meligeni Alves F.,7,137.0,4425,490.0,6.0,3.0,6.0,4.0,6.0,3.0,,,,,3.0,0.0,Completed,1.06,10.0,1.06,13.63,1.07,13.63,1.05,10.54
ATP,2024,32,Paris,French Open,2024-05-28,Grand Slam,Outdoor,Clay,1st Round,5,Machac T.,Borges N.,34,47.0,1185,1006.0,7.0,6.0,6.0,4.0,6.0,3.0,,,,,3.0,0.0,Completed,1.62,2.3,1.63,2.43,1.63,2.46,1.6,2.38
ATP,2024,32,Paris,French Open,2024-05-28,Grand Slam,Outdoor,Clay,1st Round,5,Davidovich Fokina A.,Vacherot V.,32,116.0,1280,543.0,4.0,6.0,6.0,2.0,6.0,2.0,7.0,6.0,,,3.0,1.0,Completed,1.2,4.5,1.25,4.41,1.26,4.54,1.22,4.27
ATP,2024,32,Paris,French Open,2024-05-28,Grand Slam,Outdoor,Clay,1st Round,5,Munar J.,Bautista Agut R.,64,81.0,810,715.0,6.0,1.0,4.0,6.0,6.0,4.0,6.0,1.0,,,3.0,1.0,Completed,1.67,2.2,1.69,2.3,1.8,2.3,1.69,2.2
ATP,2024,32,Paris,French Open,2024-05-28,Grand Slam,Outdoor,Clay,1st Round,5,De Minaur A.,Michelsen A.,11,60.0,3490,835.0,6.0,1.0,6.0,0.0,6.0,2.0,,,,,3.0,0.0,Completed,1.08,8.0,1.11,8.0,1.14,8.0,1.1,7.13
ATP,2024,32,Paris,French Open,2024-05-28,Grand Slam,Outdoor,Clay,1st Round,5,Navone M.,Carreno Busta P.,31,1049.0,1339,11.0,5.0,7.0,6.0,1.0,6.0,3.0,6.0,0.0,,,3.0,1.0,Completed,1.13,6.0,1.19,5.43,1.19,6.0,1.16,5.39
ATP,2024,32,Paris,French Open,2024-05-28,Grand Slam,Outdoor,Clay,1st Round,5,Rinderknech A.,Walton A.,69,96.0,772,635.0,6.0,2.0,6.0,4.0,7.0,5.0,,,,,3.0,0.0,Completed,1.14,5.5,1.19,5.48,1.19,5.5,1.17,5.13
ATP,2024,32,Paris,French Open,2024-05-28,Grand Slam,Outdoor,Clay,1st Round,5,Fritz T.,Coria F.,12,71.0,2980,761.0,2.0,6.0,6.0,1.0,6.0,2.0,6.0,1.0,,,3.0,1.0,Completed,1.14,5.5,1.14,6.86,1.15,7.0,1.13,6.09
ATP,2024,32,Paris,French Open,2024-05-28,Grand Slam,Outdoor,Clay,1st Round,5,Goffin D.,Mpetshi G.,115,66.0,543,786.0,4.0,6.0,6.0,4.0,6.0,3.0,6.0,7.0,6.0,3.0,3.0,2.0,Completed,2.3,1.62,2.23,1.74,2.39,1.74,2.24,1.66
ATP,2024,32,Paris,French Open,2024-05-28,Grand Slam,Outdoor,Clay,1st Round,5,Cobolli F.,Medjedovic H.,53,135.0,940,492.0,6.0,2.0,6.0,3.0,6.0,7.0,6.0,3.0,,,3.0,1.0,Completed,2.5,1.53,2.64,1.55,2.64,1.56,2.53,1.53
ATP,2024,32,Paris,French Open,2024-05-28,Grand Slam,Outdoor,Clay,1st Round,5,Struff J.L.,Burruchaga R.,41,144.0,1090,431.0,6.0,3.0,6.0,2.0,6.0,1.0,,,,,3.0,0.0,Completed,1.14,5.5,1.13,7.41,1.22,7.41,1.14,5.99
ATP,2024,32,Paris,French Open,2024-05-28,Grand Slam,Outdoor,Clay,1st Round,5,Rune H.,Evans D.,13,62.0,2700,831.0,6.0,4.0,6.0,4.0,6.0,4.0,,,,,3.0,0.0,Completed,1.08,8.0,1.09,9.41,1.14,9.41,1.09,7.84
ATP,2024,32,Paris,French Open,2024-05-28,Grand Slam,Outdoor,Clay,1st Round,5,Zeppieri G.,Mannarino A.,148,22.0,420,1865.0,4.0,6.0,6.0,2.0,6.0,1.0,6.0,2.0,,,3.0,1.0,Completed,1.22,4.33,1.23,4.71,1.27,4.71,1.23,4.28
ATP,2024,32,Paris,French Open,2024-05-28,Grand Slam,Outdoor,Clay,1st Round,5,Darderi L.,Hijikata R.,40,78.0,1092,723.0,6.0,3.0,7.0,6.0,6.0,1.0,,,,,3.0,0.0,Completed,1.06,10.0,1.1,9.24,1.12,10.0,1.08,8.14
ATP,2024,32,Paris,French Open,2024-05-28,Grand Slam,Outdoor,Clay,1st Round,5,Kokkinakis T.,Popyrin A.,100,51.0,623,961.0,4.0,6.0,7.0,6.0,6.0,3.0,5.0,7.0,6.0,3.0,3.0,2.0,Completed,2.0,1.8,2.04,1.87,2.05,1.88,1.98,1.83
ATP,2024,32,Paris,French Open,2024-05-28,Grand Slam,Outdoor,Clay,1st Round,5,Carballes Baena R.,Lestienne C.,63,91.0,816,669.0,6.0,3.0,7.0,5.0,4.0,6.0,6.0,2.0,,,3.0,1.0,Completed,1.14,5.5,1.17,6.01,1.18,6.01,1.15,5.44
ATP,2024,32,Paris,French Open,2024-05-28,Grand Slam,Outdoor,Clay,1st Round,5,Griekspoor T.,Mcdonald M.,25,74.0,1635,735.0,6.0,3.0,6.0,4.0,1.0,6.0,6.0,2.0,,,3.0,1.0,Completed,1.1,7.0,1.13,7.48,1.16,7.48,1.12,6.58
ATP,2024,32,Paris,French Open,2024-05-28,Grand Slam,Outdoor,Clay,1st Round,5,Djokovic N.,Herbert P.H.,1,142.0,9960,450.0,6.0,4.0,7.0,6.0,6.0,4.0,,,,,3.0,0.0,Completed,1.02,21.0,1.02,28.68,1.03,28.68,1.02,17.79
ATP,2024,32,Paris,French Open,2024-05-28,Grand Slam,Outdoor,Clay,1st Round,5,Bublik A.,Barrere G.,17,112.0,2110,575.0,6.0,4.0,7.0,5.0,6.0,3.0,,,,,3.0,0.0,Completed,1.91,1.91,2.08,1.84,2.08,2.03,1.9,1.92
ATP,2024,32,Paris,French Open,2024-05-29,Grand Slam,Outdoor,Clay,2nd Round,5,Tsitsipas S.,Altmaier D.,9,83.0,3700,702.0,6.0,3.0,6.0,2.0,6.0,7.0,6.0,4.0,,,3.0,1.0,Completed,1.05,11.0,1.07,12.24,1.08,12.24,1.06,9.61
ATP,2024,32,Paris,French Open,2024-05-29,Grand Slam,Outdoor,Clay,2nd Round,5,Alcaraz C.,De Jong J.,3,176.0,7300,344.0,6.0,3.0,6.0,4.0,2.0,6.0,6.0,2.0,,,3.0,1.0,Completed,1.01,26.0,1.01,43.94,1.03,43.94,1.01,22.91
ATP,2024,32,Paris,French Open,2024-05-29,Grand Slam,Outdoor,Clay,2nd Round,5,Rublev A.,Martinez P.,6,48.0,4700,995.0,6.0,3.0,6.0,4.0,6.0,3.0,,,,,3.0,0.0,Completed,1.13,6.0,1.13,7.12,1.14,7.24,1.12,6.39
ATP,2024,32,Paris,French Open,2024-05-29,Grand Slam,Outdoor,Clay,2nd Round,5,Kotov P.,Wawrinka S.,56,98.0,892,628.0,7.0,6.0,6.0,4.0,1.0,6.0,7.0,6.0,,,3.0,1.0,Completed,1.62,2.3,1.56,2.61,1.63,2.61,1.57,2.43
ATP,2024,32,Paris,French Open,2024-05-29,Grand Slam,Outdoor,Clay,2nd Round,5,Sinner J.,Gasquet R.,2,124.0,8770,515.0,6.0,4.0,6.0,2.0,6.0,4.0,,,,,3.0,0.0,Completed,1.02,19.0,1.03,23.35,1.09,23.35,1.03,15.54
ATP,2024,32,Paris,French Open,2024-05-30,Grand Slam,Outdoor,Clay,2nd Round,5,Arnaldi M.,Muller A.,35,90.0,1165,670.0,6.0,4.0,6.0,1.0,6.0,3.0,,,,,3.0,0.0,Completed,1.57,2.38,1.56,2.61,1.58,2.61,1.53,2.5
ATP,2024,32,Paris,French Open,2024-05-30,Grand Slam,Outdoor,Clay,2nd Round,5,Korda S.,Kwon S.W.,28,494.0,1565,85.0,6.0,4.0,6.0,4.0,1.0,6.0,6.0,3.0,,,3.0,1.0,Completed,1.14,5.5,1.18,5.74,1.18,5.8,1.15,5.37
ATP,2024,32,Paris,French Open,2024-05-30,Grand Slam,Outdoor,Clay,2nd Round,5,Shapovalov D.,Tiafoe F.,118,26.0,540,1630.0,6.0,7.0,6.0,4.0,6.0,2.0,6.0,4.0,,,3.0,1.0,Completed,1.53,2.5,1.55,2.63,1.57,2.63,1.54,2.49
ATP,2024,32,Paris,French Open,2024-05-30,Grand Slam,Outdoor,Clay,2nd Round,5,Ofner S.,Baez S.,45,20.0,1038,1990.0,3.0,6.0,3.0,6.0,6.0,4.0,7.0,5.0,7.0,6.0,3.0,2.0,Completed,4.5,1.2,4.54,1.24,4.59,1.25,4.33,1.22
ATP,2024,32,Paris,French Open,2024-05-30,Grand Slam,Outdoor,Clay,2nd Round,5,Bergs Z.,Marterer M.,104,101.0,611,622.0,3.0,6.0,6.0,3.0,6.0,1.0,6.0,3.0,,,3.0,1.0,Completed,1.4,3.0,1.45,2.98,1.45,3.11,1.41,2.92
ATP,2024,32,Paris,French Open,2024-05-30,Grand Slam,Outdoor,Clay,2nd Round,5,Hurkacz H.,Nakashima B.,8,84.0,3885,700.0,6.0,7.0,6.0,1.0,6.0,3.0,7.0,6.0,,,3.0,1.0,Completed,1.3,3.5,1.35,3.55,1.36,3.55,1.33,3.37
ATP,2024,32,Paris,French Open,2024-05-30,Grand Slam,Outdoor,Clay,2nd Round,5,Dimitrov G.,Marozsan F.,10,43.0,3555,1083.0,6.0,0.0,6.0,3.0,6.0,4.0,,,,,3.0,0.0,Completed,1.3,3.5,1.37,3.41,1.37,3.53,1.34,3.31
ATP,2024,32,Paris,French Open,2024-05-30,Grand Slam,Outdoor,Clay,2nd Round,5,Medvedev D.,Kecmanovic M.,5,57.0,6295,880.0,6.0,1.0,5.0,0.0,,,,,,,1.0,0.0,Retired,1.25,4.0,1.29,3.99,1.3,4.18,1.27,3.8
ATP,2024,32,Paris,French Open,2024-05-30,Grand Slam,Outdoor,Clay,2nd Round,5,Auger-Aliassime F.,Squire H.,21,221.0,1885,280.0,6.0,4.0,4.0,6.0,6.0,3.0,6.0,2.0,,,3.0,1.0,Completed,1.06,10.0,1.09,9.62,1.09,10.0,1.07,8.63
ATP,2024,32,Paris,French Open,2024-05-30,Grand Slam,Outdoor,Clay,2nd Round,5,Griekspoor T.,Darderi L.,25,40.0,1635,1092.0,7.0,6.0,6.0,3.0,6.0,3.0,,,,,3.0,0.0,Completed,2.2,1.67,2.34,1.68,2.34,1.73,2.23,1.67
ATP,2024,32,Paris,French Open,2024-05-30,Grand Slam,Outdoor,Clay,2nd Round,5,Zhang Zh.,Sonego L.,44,49.0,1056,991.0,7.0,5.0,3.0,6.0,6.0,1.0,6.0,4.0,,,3.0,1.0,Completed,1.91,1.91,1.97,1.93,2.0,1.9,1.93,1.86
ATP,2024,32,Paris,French Open,2024-05-30,Grand Slam,Outdoor,Clay,2nd Round,5,Zverev A.,Goffin D.,4,115.0,6305,543.0,7.0,6.0,6.0,2.0,6.0,2.0,,,,,3.0,0.0,Completed,1.03,15.0,1.05,15.36,1.06,15.36,1.04,12.04
ATP,2024,32,Paris,French Open,2024-05-30,Grand Slam,Outdoor,Clay,2nd Round,5,Djokovic N.,Carballes Baena R.,1,63.0,9960,816.0,6.0,4.0,6.0,1.0,6.0,2.0,,,,,3.0,0.0,Completed,1.03,17.0,1.04,16.93,1.05,18.0,1.03,13.61
ATP,2024,32,Paris,French Open,2024-05-30,Grand Slam,Outdoor,Clay,2nd Round,5,Moutet C.,Shevchenko A.,79,59.0,720,855.0,6.0,4.0,6.0,2.0,0.0,6.0,6.0,3.0,,,3.0,1.0,Completed,1.44,2.75,1.5,2.81,1.5,2.85,1.45,2.76
ATP,2024,32,Paris,French Open,2024-05-30,Grand Slam,Outdoor,Clay,2nd Round,5,De Minaur A.,Munar J.,11,64.0,3490,810.0,7.0,5.0,6.0,1.0,6.0,4.0,,,,,3.0,0.0,Completed,1.3,3.5,1.32,3.76,1.32,3.82,1.3,3.59
ATP,2024,32,Paris,French Open,2024-05-30,Grand Slam,Outdoor,Clay,2nd Round,5,Shelton B.,Nishikori K.,15,350.0,2500,143.0,7.0,6.0,6.0,4.0,,,,,,,2.0,0.0,Retired,1.14,5.5,1.17,6.01,1.18,6.01,1.16,5.27
ATP,2024,32,Paris,French Open,2024-05-30,Grand Slam,Outdoor,Clay,2nd Round,5,Paul T.,Fognini F.,14,93.0,2655,648.0,6.0,1.0,6.0,0.0,6.0,2.0,,,,,3.0,0.0,Completed,1.17,5.0,1.2,5.15,1.26,5.3,1.19,4.8
ATP,2024,32,Paris,French Open,2024-05-30,Grand Slam,Outdoor,Clay,2nd Round,5,Rune H.,Cobolli F.,13,53.0,2700,940.0,6.0,4.0,6.0,3.0,3.0,6.0,3.0,6.0,7.0,6.0,3.0,2.0,Completed,1.44,2.75,1.48,2.86,1.5,2.86,1.45,2.76
ATP,2024,32,Paris,French Open,2024-05-30,Grand Slam,Outdoor,Clay,2nd Round,5,Machac T.,Navone M.,34,31.0,1185,1339.0,6.0,2.0,6.0,1.0,3.0,6.0,1.0,6.0,6.0,1.0,3.0,2.0,Completed,1.67,2.2,1.73,2.24,1.73,2.31,1.67,2.22
ATP,2024,32,Paris,French Open,2024-05-30,Grand Slam,Outdoor,Clay,2nd Round,5,Kokkinakis T.,Zeppieri G.,100,148.0,623,420.0,1.0,6.0,4.0,6.0,6.0,3.0,7.0,6.0,6.0,2.0,3.0,2.0,Completed,1.67,2.2,1.69,2.3,1.71,2.3,1.68,2.21
ATP,2024,32,Paris,French Open,2024-05-30,Grand Slam,Outdoor,Clay,2nd Round,5,Kovalik J.,Khachanov K.,145,18.0,427,2090.0,4.0,6.0,4.0,6.0,6.0,4.0,6.0,3.0,6.0,4.0,3.0,2.0,Completed,8.0,1.08,10.78,1.08,10.78,1.16,8.23,1.08
ATP,2024,32,Paris,French Open,2024-05-30,Grand Slam,Outdoor,Clay,2nd Round,5,Struff J.L.,Bublik A.,41,17.0,1090,2110.0,6.0,2.0,6.0,2.0,6.0,3.0,,,,,3.0,0.0,Completed,1.29,3.75,1.29,4.05,1.36,4.09,1.28,3.78
ATP,2024,32,Paris,French Open,2024-05-30,Grand Slam,Outdoor,Clay,2nd Round,5,Cerundolo F.,Misolic F.,27,243.0,1590,255.0,6.0,2.0,7.0,6.0,6.0,0.0,,,,,3.0,0.0,Completed,1.11,6.5,1.14,7.27,1.19,7.27,1.13,6.14
ATP,2024,32,Paris,French Open,2024-05-30,Grand Slam,Outdoor,Clay,2nd Round,5,Ruud C.,Davidovich Fokina A.,7,32.0,4425,1280.0,7.0,6.0,1.0,6.0,6.0,3.0,4.0,6.0,6.0,3.0,3.0,2.0,Completed,1.17,5.0,1.18,5.71,1.24,5.71,1.17,5.09
ATP,2024,32,Paris,French Open,2024-05-30,Grand Slam,Outdoor,Clay,2nd Round,5,Fritz T.,Lajovic D.,12,61.0,2980,831.0,6.0,3.0,3.0,6.0,6.0,3.0,6.0,4.0,,,3.0,1.0,Completed,1.17,5.0,1.21,5.06,1.22,5.24,1.19,4.75
ATP,2024,32,Paris,French Open,2024-05-30,Grand Slam,Outdoor,Clay,2nd Round,5,Musetti L.,Monfils G.,30,37.0,1370,1155.0,7.0,5.0,6.0,1.0,6.0,4.0,,,,,3.0,0.0,Completed,1.44,2.75,1.44,3.01,1.52,3.01,1.45,2.77
ATP,2024,32,Paris,French Open,2024-05-30,Grand Slam,Outdoor,Clay,2nd Round,5,Etcheverry T.,Rinderknech A.,29,69.0,1550,772.0,3.0,6.0,6.0,7.0,6.0,1.0,5.0,0.0,,,1.0,2.0,Retired,1.3,3.5,1.28,4.07,1.39,4.07,1.28,3.73
ATP,2024,32,Paris,French Open,2024-05-31,Grand Slam,Outdoor,Clay,3rd Round,5,Arnaldi M.,Rublev A.,35,6.0,1165,4700.0,7.0,6.0,6.0,2.0,6.0,4.0,,,,,3.0,0.0,Completed,5.0,1.17,4.79,1.23,5.05,1.23,4.57,1.2
ATP,2024,32,Paris,French Open,2024-05-31,Grand Slam,Outdoor,Clay,3rd Round,5,Sinner J.,Kotov P.,2,56.0,8770,892.0,6.0,4.0,6.0,4.0,6.0,4.0,,,,,3.0,0.0,Completed,1.03,17.0,1.04,18.76,1.06,18.76,1.03,13.59
ATP,2024,32,Paris,French Open,2024-05-31,Grand Slam,Outdoor,Clay,3rd Round,5,Tsitsipas S.,Zhang Zh.,9,44.0,3700,1056.0,6.0,3.0,6.0,3.0,6.0,1.0,,,,,3.0,0.0,Completed,1.1,7.0,1.1,8.79,1.14,8.79,1.09,7.42
ATP,2024,32,Paris,French Open,2024-05-31,Grand Slam,Outdoor,Clay,3rd Round,5,Moutet C.,Ofner S.,79,45.0,720,1038.0,3.0,6.0,6.0,4.0,6.0,4.0,6.0,1.0,,,3.0,1.0,Completed,1.36,3.2,1.38,3.35,1.39,3.35,1.35,3.21
ATP,2024,32,Paris,French Open,2024-05-31,Grand Slam,Outdoor,Clay,3rd Round,5,Alcaraz C.,Korda S.,3,28.0,7300,1565.0,6.0,4.0,7.0,6.0,6.0,3.0,,,,,3.0,0.0,Completed,1.1,7.0,1.11,8.29,1.13,8.29,1.1,7.11
ATP,2024,32,Paris,French Open,2024-06-01,Grand Slam,Outdoor,Clay,3rd Round,5,De Minaur A.,Struff J.L.,11,41.0,3490,1090.0,4.0,6.0,6.0,4.0,6.0,3.0,6.0,3.0,,,3.0,1.0,Completed,1.8,2.0,1.92,1.99,1.92,2.0,1.86,1.95
ATP,2024,32,Paris,French Open,2024-06-01,Grand Slam,Outdoor,Clay,3rd Round,5,Auger-Aliassime F.,Shelton B.,21,15.0,1885,2500.0,6.0,4.0,6.0,2.0,6.0,1.0,,,,,3.0,0.0,Completed,1.57,2.38,1.57,2.58,1.67,2.58,1.56,2.44
ATP,2024,32,Paris,French Open,2024-06-01,Grand Slam,Outdoor,Clay,3rd Round,5,Medvedev D.,Machac T.,5,34.0,6295,1185.0,7.0,6.0,7.0,5.0,1.0,6.0,6.0,4.0,,,3.0,1.0,Completed,1.3,3.5,1.36,3.44,1.36,3.6,1.33,3.35
ATP,2024,32,Paris,French Open,2024-06-01,Grand Slam,Outdoor,Clay,3rd Round,5,Zverev A.,Griekspoor T.,4,25.0,6305,1635.0,3.0,6.0,6.0,4.0,6.0,2.0,4.0,6.0,7.0,6.0,3.0,2.0,Completed,1.1,7.0,1.12,7.89,1.13,7.89,1.1,7.0
ATP,2024,32,Paris,French Open,2024-06-01,Grand Slam,Outdoor,Clay,3rd Round,5,Hurkacz H.,Shapovalov D.,8,118.0,3885,540.0,6.0,3.0,7.0,6.0,4.0,6.0,6.0,1.0,,,3.0,1.0,Completed,1.4,3.0,1.43,3.05,1.46,3.05,1.42,2.92
ATP,2024,32,Paris,French Open,2024-06-01,Grand Slam,Outdoor,Clay,3rd Round,5,Rune H.,Kovalik J.,13,145.0,2700,427.0,7.0,5.0,6.0,1.0,7.0,6.0,,,,,3.0,0.0,Completed,1.11,6.5,1.13,7.19,1.15,7.19,1.12,6.4
ATP,2024,32,Paris,French Open,2024-06-01,Grand Slam,Outdoor,Clay,3rd Round,5,Cerundolo F.,Paul T.,27,14.0,1590,2655.0,3.0,6.0,6.0,3.0,6.0,3.0,6.0,2.0,,,3.0,1.0,Completed,2.3,1.62,2.36,1.67,2.4,1.7,2.25,1.66
ATP,2024,32,Paris,French Open,2024-06-01,Grand Slam,Outdoor,Clay,3rd Round,5,Fritz T.,Kokkinakis T.,12,100.0,2980,623.0,6.0,3.0,6.0,2.0,6.0,7.0,5.0,7.0,6.0,3.0,3.0,2.0,Completed,1.14,5.5,1.14,6.59,1.17,7.53,1.14,5.81
ATP,2024,32,Paris,French Open,2024-06-01,Grand Slam,Outdoor,Clay,3rd Round,5,Dimitrov G.,Bergs Z.,10,104.0,3555,611.0,6.0,3.0,7.0,6.0,4.0,6.0,6.0,4.0,,,3.0,1.0,Completed,1.2,4.5,1.2,5.28,1.23,5.28,1.19,4.83
ATP,2024,32,Paris,French Open,2024-06-01,Grand Slam,Outdoor,Clay,3rd Round,5,Ruud C.,Etcheverry T.,7,29.0,4425,1550.0,6.0,4.0,1.0,6.0,6.0,2.0,6.0,2.0,,,3.0,1.0,Completed,1.22,4.33,1.23,4.65,1.26,4.65,1.22,4.27
ATP,2024,32,Paris,French Open,2024-06-01,Grand Slam,Outdoor,Clay,3rd Round,5,Djokovic N.,Musetti L.,1,30.0,9960,1370.0,7.0,5.0,6.0,7.0,2.0,6.0,6.0,3.0,6.0,0.0,3.0,2.0,Completed,1.2,4.5,1.22,4.86,1.25,4.89,1.2,4.57
ATP,2024,32,Paris,French Open,2024-06-02,Grand Slam,Outdoor,Clay,4th Round,5,Tsitsipas S.,Arnaldi M.,9,35.0,3700,1165.0,3.0,6.0,7.0,6.0,6.0,2.0,6.0,2.0,,,3.0,1.0,Completed,1.17,5.0,1.22,4.97,1.28,5.05,1.2,4.65
ATP,2024,32,Paris,French Open,2024-06-02,Grand Slam,Outdoor,Clay,4th Round,5,Alcaraz C.,Auger-Aliassime F.,3,21.0,7300,1885.0,6.0,3.0,6.0,3.0,6.0,1.0,,,,,3.0,0.0,Completed,1.11,6.5,1.12,7.55,1.16,7.55,1.12,6.56
ATP,2024,32,Paris,French Open,2024-06-02,Grand Slam,Outdoor,Clay,4th Round,5,Dimitrov G.,Hurkacz H.,10,8.0,3555,3885.0,7.0,6.0,6.0,4.0,7.0,6.0,,,,,3.0,0.0,Completed,1.62,2.3,1.59,2.53,1.65,2.53,1.59,2.38
ATP,2024,32,Paris,French Open,2024-06-02,Grand Slam,Outdoor,Clay,4th Round,5,Sinner J.,Moutet C.,2,79.0,8770,720.0,2.0,6.0,6.0,3.0,6.0,2.0,6.0,1.0,,,3.0,1.0,Completed,1.05,11.0,1.05,14.36,1.08,14.36,1.05,10.75
ATP,2024,32,Paris,French Open,2024-06-03,Grand Slam,Outdoor,Clay,4th Round,5,De Minaur A.,Medvedev D.,11,5.0,3490,6295.0,4.0,6.0,6.0,2.0,6.0,1.0,6.0,3.0,,,3.0,1.0,Completed,2.38,1.57,2.39,1.65,2.5,1.65,2.36,1.59
ATP,2024,32,Paris,French Open,2024-06-03,Grand Slam,Outdoor,Clay,4th Round,5,Djokovic N.,Cerundolo F.,1,27.0,9960,1590.0,6.0,1.0,5.0,7.0,3.0,6.0,7.0,5.0,6.0,3.0,3.0,2.0,Completed,1.14,5.5,1.19,5.55,1.19,5.75,1.16,5.27
ATP,2024,32,Paris,French Open,2024-06-03,Grand Slam,Outdoor,Clay,4th Round,5,Ruud C.,Fritz T.,7,12.0,4425,2980.0,7.0,6.0,3.0,6.0,6.0,4.0,6.0,2.0,,,3.0,1.0,Completed,1.36,3.2,1.33,3.69,1.4,3.69,1.32,3.41
ATP,2024,32,Paris,French Open,2024-06-03,Grand Slam,Outdoor,Clay,4th Round,5,Zverev A.,Rune H.,4,13.0,6305,2700.0,4.0,6.0,6.0,1.0,5.0,7.0,7.0,6.0,6.0,2.0,3.0,2.0,Completed,1.36,3.2,1.38,3.35,1.42,3.4,1.35,3.21
ATP,2024,32,Paris,French Open,2024-06-04,Grand Slam,Outdoor,Clay,Quarterfinals,5,Sinner J.,Dimitrov G.,2,10.0,8770,3555.0,6.0,2.0,6.0,4.0,7.0,6.0,,,,,3.0,0.0,Completed,1.2,4.5,1.21,5.08,1.23,5.08,1.2,4.66
ATP,2024,32,Paris,French Open,2024-06-04,Grand Slam,Outdoor,Clay,Quarterfinals,5,Alcaraz C.,Tsitsipas S.,3,9.0,7300,3700.0,6.0,3.0,7.0,6.0,6.0,4.0,,,,,3.0,0.0,Completed,1.2,4.5,1.25,4.4,1.26,4.5,1.23,4.25
ATP,2024,32,Paris,French Open,2024-06-05,Grand Slam,Outdoor,Clay,Quarterfinals,5,Ruud C.,Djokovic N.,7,1.0,4425,9960.0,,,,,,,,,,,,,Walkover,1.8,2.0,1.74,2.18,1.82,2.2,1.76,2.09
ATP,2024,32,Paris,French Open,2024-06-05,Grand Slam,Outdoor,Clay,Quarterfinals,5,Zverev A.,De Minaur A.,4,11.0,6305,3490.0,6.0,4.0,7.0,6.0,6.0,4.0,,,,,3.0,0.0,Completed,1.36,3.2,1.4,3.23,1.46,3.4,1.37,3.11
ATP,2024,32,Paris,French Open,2024-06-07,Grand Slam,Outdoor,Clay,Semifinals,5,Alcaraz C.,Sinner J.,3,2.0,7300,8770.0,2.0,6.0,6.0,3.0,3.0,6.0,6.0,4.0,6.0,3.0,3.0,2.0,Completed,1.62,2.3,1.68,2.28,1.73,2.3,1.67,2.22
ATP,2024,32,Paris,French Open,2024-06-07,Grand Slam,Outdoor,Clay,Semifinals,5,Zverev A.,Ruud C.,4,7.0,6305,4425.0,2.0,6.0,6.0,2.0,6.0,4.0,6.0,2.0,,,3.0,1.0,Completed,1.8,2.0,1.81,2.08,1.82,2.13,1.79,2.03
ATP,2024,32,Paris,French Open,2024-06-09,Grand Slam,Outdoor,Clay,The Final,5,Alcaraz C.,Zverev A.,3,4.0,7300,6305.0,6.0,3.0,2.0,6.0,5.0,7.0,6.0,1.0,6.0,2.0,3.0,2.0,Completed,1.33,3.4,1.36,3.32,1.39,3.4,1.35,3.26
ATP,2024,39,London,Wimbledon,2024-07-01,Grand Slam,Outdoor,Grass,1st Round,5,Fognini F.,Van Assche L.,94,104.0,635,585.0,6.0,1.0,6.0,3.0,7.0,5.0,,,,,3.0,0.0,Completed,2.0,1.8,2.2,1.75,2.2,1.82,2.08,1.75
ATP,2024,39,London,Wimbledon,2024-07-01,Grand Slam,Outdoor,Grass,1st Round,5,Shang J.,Garin C.,91,106.0,658,570.0,7.0,5.0,6.0,4.0,6.0,4.0,,,,,3.0,0.0,Completed,1.8,2.0,1.9,2.01,1.91,2.1,1.84,1.97
ATP,2024,39,London,Wimbledon,2024-07-01,Grand Slam,Outdoor,Grass,1st Round,5,Ruud C.,Bolt A.,8,234.0,4025,252.0,7.0,6.0,6.0,4.0,6.0,4.0,,,,,3.0,0.0,Completed,1.4,3.0,1.45,3.0,1.45,3.2,1.4,2.97
ATP,2024,39,London,Wimbledon,2024-07-01,Grand Slam,Outdoor,Grass,1st Round,5,Coric B.,Meligeni Alves F.,89,145.0,664,403.0,6.0,3.0,7.0,6.0,6.0,3.0,,,,,3.0,0.0,Completed,1.62,2.3,1.61,2.49,1.66,2.49,1.59,2.37
ATP,2024,39,London,Wimbledon,2024-07-01,Grand Slam,Outdoor,Grass,1st Round,5,Struff J.L.,Marozsan F.,41,43.0,1135,1047.0,6.0,4.0,6.0,7.0,6.0,2.0,6.0,3.0,,,3.0,1.0,Completed,1.25,4.0,1.23,4.8,1.26,4.8,1.22,4.3
ATP,2024,39,London,Wimbledon,2024-07-01,Grand Slam,Outdoor,Grass,1st Round,5,Dimitrov G.,Lajovic D.,10,56.0,3750,871.0,6.0,3.0,6.0,4.0,7.0,5.0,,,,,3.0,0.0,Completed,1.03,15.0,1.05,14.72,1.05,21.59,1.04,12.61
ATP,2024,39,London,Wimbledon,2024-07-01,Grand Slam,Outdoor,Grass,1st Round,5,Shapovalov D.,Jarry N.,121,20.0,530,1825.0,6.0,1.0,7.0,5.0,6.0,4.0,,,,,3.0,0.0,Completed,1.57,2.38,1.58,2.56,1.63,2.56,1.57,2.41
ATP,2024,39,London,Wimbledon,2024-07-01,Grand Slam,Outdoor,Grass,1st Round,5,Tiafoe F.,Arnaldi M.,29,35.0,1355,1245.0,6.0,7.0,2.0,6.0,6.0,1.0,6.0,3.0,6.0,3.0,3.0,2.0,Completed,1.62,2.3,1.76,2.19,1.79,2.32,1.7,2.16
ATP,2024,39,London,Wimbledon,2024-07-01,Grand Slam,Outdoor,Grass,1st Round,5,Thompson J.,Kotov P.,40,53.0,1206,893.0,5.0,7.0,5.0,7.0,6.0,4.0,6.0,4.0,6.0,4.0,3.0,2.0,Completed,1.22,4.33,1.24,4.62,1.29,4.62,1.23,4.18
ATP,2024,39,London,Wimbledon,2024-07-01,Grand Slam,Outdoor,Grass,1st Round,5,Zhang Zh.,Janvier M.,38,225.0,1221,269.0,7.0,6.0,6.0,3.0,6.0,2.0,,,,,3.0,0.0,Completed,1.2,4.5,1.22,4.82,1.22,5.0,1.2,4.59
ATP,2024,39,London,Wimbledon,2024-07-01,Grand Slam,Outdoor,Grass,1st Round,5,Berrettini M.,Fucsovics M.,59,70.0,845,785.0,7.0,6.0,6.0,2.0,3.0,6.0,6.0,1.0,,,3.0,1.0,Completed,1.17,5.0,1.21,5.11,1.21,5.32,1.18,4.9
ATP,2024,39,London,Wimbledon,2024-07-01,Grand Slam,Outdoor,Grass,1st Round,5,Nakashima B.,Baez S.,65,18.0,825,2020.0,6.0,2.0,6.0,3.0,6.0,4.0,,,,,3.0,0.0,Completed,1.14,5.5,1.17,5.92,1.18,6.0,1.16,5.37
ATP,2024,39,London,Wimbledon,2024-07-01,Grand Slam,Outdoor,Grass,1st Round,5,Monfils G.,Mannarino A.,33,24.0,1260,1625.0,6.0,4.0,3.0,6.0,7.0,5.0,6.0,4.0,,,3.0,1.0,Completed,1.53,2.5,1.6,2.51,1.6,2.62,1.55,2.46
ATP,2024,39,London,Wimbledon,2024-07-01,Grand Slam,Outdoor,Grass,1st Round,5,Medvedev D.,Kovacevic A.,5,88.0,6445,681.0,6.0,3.0,6.0,4.0,6.0,2.0,,,,,3.0,0.0,Completed,1.01,23.0,1.04,19.96,1.04,23.0,1.02,14.64
ATP,2024,39,London,Wimbledon,2024-07-01,Grand Slam,Outdoor,Grass,1st Round,5,Wawrinka S.,Broom C.,95,248.0,633,242.0,6.0,3.0,7.0,5.0,6.0,4.0,,,,,3.0,0.0,Completed,1.62,2.3,1.67,2.35,1.67,2.35,1.62,2.3
ATP,2024,39,London,Wimbledon,2024-07-01,Grand Slam,Outdoor,Grass,1st Round,5,Muller A.,Gaston H.,102,71.0,601,783.0,6.0,4.0,7.0,6.0,7.0,6.0,,,,,3.0,0.0,Completed,2.38,1.57,2.31,1.69,2.43,1.69,2.27,1.63
ATP,2024,39,London,Wimbledon,2024-07-01,Grand Slam,Outdoor,Grass,1st Round,5,Altmaier D.,Fery A.,80,247.0,731,243.0,4.0,6.0,7.0,6.0,1.0,6.0,6.0,3.0,6.0,1.0,3.0,2.0,Completed,1.91,1.91,2.06,1.86,2.06,1.94,1.96,1.86
ATP,2024,39,London,Wimbledon,2024-07-01,Grand Slam,Outdoor,Grass,1st Round,5,Alcaraz C.,Lajal M.,3,269.0,8130,212.0,7.0,6.0,7.0,5.0,6.0,2.0,,,,,3.0,0.0,Completed,1.01,26.0,1.01,43.46,1.02,43.46,1.01,21.99
ATP,2024,39,London,Wimbledon,2024-07-01,Grand Slam,Outdoor,Grass,1st Round,5,Harris L.,Michelsen A.,118,55.0,541,881.0,3.0,6.0,4.0,6.0,7.0,6.0,6.0,2.0,7.0,6.0,3.0,2.0,Completed,1.73,2.1,1.82,2.11,1.85,2.11,1.77,2.06
ATP,2024,39,London,Wimbledon,2024-07-01,Grand Slam,Outdoor,Grass,1st Round,5,Cazaux A.,Bergs Z.,98,82.0,616,722.0,6.0,1.0,6.0,4.0,6.0,7.0,6.0,7.0,7.0,6.0,3.0,2.0,Completed,3.2,1.36,2.98,1.45,3.2,1.45,2.93,1.41
ATP,2024,39,London,Wimbledon,2024-07-01,Grand Slam,Outdoor,Grass,1st Round,5,Humbert U.,Shevchenko A.,16,57.0,2300,860.0,6.0,1.0,4.0,6.0,7.0,6.0,6.0,7.0,6.0,1.0,3.0,2.0,Completed,1.14,5.5,1.13,7.37,1.14,7.58,1.12,6.25
ATP,2024,39,London,Wimbledon,2024-07-01,Grand Slam,Outdoor,Grass,1st Round,5,Vukic A.,Ofner S.,69,45.0,789,1038.0,6.0,7.0,6.0,4.0,6.0,4.0,3.0,6.0,7.0,6.0,3.0,2.0,Completed,1.67,2.2,1.79,2.14,1.79,2.25,1.71,2.14
ATP,2024,39,London,Wimbledon,2024-07-01,Grand Slam,Outdoor,Grass,1st Round,5,Bublik A.,Mensik J.,23,78.0,1730,738.0,4.0,6.0,6.0,7.0,6.0,4.0,6.0,4.0,6.0,2.0,3.0,2.0,Completed,1.44,2.75,1.44,3.03,1.47,3.03,1.44,2.82
ATP,2024,39,London,Wimbledon,2024-07-01,Grand Slam,Outdoor,Grass,1st Round,5,Van De Zandschulp B.,Broady L.,97,156.0,618,384.0,6.0,2.0,4.0,6.0,6.0,3.0,6.0,2.0,,,3.0,1.0,Completed,1.62,2.3,1.64,2.47,1.64,2.47,1.6,2.34
ATP,2024,39,London,Wimbledon,2024-07-01,Grand Slam,Outdoor,Grass,1st Round,5,Bautista Agut R.,Marterer M.,112,85.0,555,692.0,6.0,3.0,6.0,1.0,6.0,4.0,,,,,3.0,0.0,Completed,1.29,3.75,1.28,4.22,1.29,4.22,1.26,3.88
ATP,2024,39,London,Wimbledon,2024-07-01,Grand Slam,Outdoor,Grass,1st Round,5,Sonego L.,Navone M.,54,32.0,881,1282.0,6.0,4.0,7.0,6.0,6.0,4.0,,,,,3.0,0.0,Completed,1.07,9.0,1.09,9.33,1.09,9.95,1.08,8.29
ATP,2024,39,London,Wimbledon,2024-07-01,Grand Slam,Outdoor,Grass,1st Round,5,Griekspoor T.,Galan D.E.,27,103.0,1470,592.0,7.0,6.0,6.0,3.0,6.0,4.0,,,,,3.0,0.0,Completed,1.13,6.0,1.13,7.19,1.14,7.27,1.12,6.32
ATP,2024,39,London,Wimbledon,2024-07-01,Grand Slam,Outdoor,Grass,1st Round,5,Sinner J.,Hanfmann Y.,1,110.0,9890,556.0,6.0,3.0,6.0,4.0,3.0,6.0,6.0,3.0,,,3.0,1.0,Completed,1.01,26.0,1.01,43.93,1.02,43.93,1.01,21.84
ATP,2024,39,London,Wimbledon,2024-07-01,Grand Slam,Outdoor,Grass,1st Round,5,Virtanen O.,Purcell M.,147,68.0,401,795.0,6.0,3.0,6.0,2.0,6.0,2.0,,,,,3.0,0.0,Completed,2.38,1.57,2.33,1.68,2.4,1.69,2.29,1.62
ATP,2024,39,London,Wimbledon,2024-07-01,Grand Slam,Outdoor,Grass,1st Round,5,Paul T.,Martinez P.,13,49.0,3100,975.0,6.0,2.0,6.0,1.0,4.0,6.0,6.0,3.0,,,3.0,1.0,Completed,1.02,19.0,1.05,15.23,1.05,19.0,1.04,11.82
ATP,2024,39,London,Wimbledon,2024-07-01,Grand Slam,Outdoor,Grass,1st Round,5,Kecmanovic M.,Nagal S.,52,73.0,925,768.0,6.0,2.0,3.0,6.0,6.0,3.0,6.0,4.0,,,3.0,1.0,Completed,1.07,9.0,1.12,7.73,1.12,9.0,1.1,7.22
ATP,2024,39,London,Wimbledon,2024-07-02,Grand Slam,Outdoor,Grass,1st Round,5,Nishioka Y.,Borges N.,90,50.0,659,936.0,6.0,2.0,7.0,6.0,2.0,6.0,6.0,3.0,,,3.0,1.0,Completed,1.8,2.0,1.84,2.08,1.88,2.15,1.79,2.03
ATP,2024,39,London,Wimbledon,2024-07-02,Grand Slam,Outdoor,Grass,1st Round,5,Seyboth Wild T.,Jubb P.,74,201.0,767,301.0,1.0,6.0,3.0,6.0,7.0,6.0,6.0,4.0,7.0,5.0,3.0,2.0,Completed,2.2,1.67,2.3,1.7,2.35,1.7,2.26,1.64
ATP,2024,39,London,Wimbledon,2024-07-02,Grand Slam,Outdoor,Grass,1st Round,5,Mpetshi G.,Korda S.,58,21.0,853,1795.0,7.0,6.0,6.0,7.0,7.0,6.0,6.0,7.0,6.0,3.0,3.0,2.0,Completed,4.33,1.22,4.78,1.23,4.84,1.25,4.35,1.21
ATP,2024,39,London,Wimbledon,2024-07-02,Grand Slam,Outdoor,Grass,1st Round,5,Musetti L.,Lestienne C.,25,92.0,1620,650.0,4.0,6.0,7.0,6.0,6.0,2.0,6.0,2.0,,,3.0,1.0,Completed,1.1,7.0,1.11,8.12,1.14,8.12,1.11,6.8
ATP,2024,39,London,Wimbledon,2024-07-02,Grand Slam,Outdoor,Grass,1st Round,5,Darderi L.,Choinski J.,37,174.0,1236,344.0,7.0,5.0,4.0,6.0,2.0,6.0,7.0,5.0,6.0,2.0,3.0,2.0,Completed,1.36,3.2,1.38,3.31,1.39,3.48,1.36,3.14
ATP,2024,39,London,Wimbledon,2024-07-02,Grand Slam,Outdoor,Grass,1st Round,5,Hurkacz H.,Albot R.,7,144.0,4235,406.0,5.0,7.0,6.0,4.0,6.0,3.0,6.0,4.0,,,3.0,1.0,Completed,1.04,13.0,1.05,14.36,1.06,14.36,1.04,10.99
ATP,2024,39,London,Wimbledon,2024-07-02,Grand Slam,Outdoor,Grass,1st Round,5,De Minaur A.,Duckworth J.,9,81.0,3830,728.0,7.0,6.0,7.0,6.0,7.0,6.0,,,,,3.0,0.0,Completed,1.05,11.0,1.06,13.99,1.08,13.99,1.05,10.12
ATP,2024,39,London,Wimbledon,2024-07-02,Grand Slam,Outdoor,Grass,1st Round,5,Munar J.,Harris B.,63,116.0,835,545.0,6.0,4.0,6.0,4.0,3.0,6.0,6.0,3.0,,,3.0,1.0,Completed,2.38,1.57,2.45,1.63,2.61,1.63,2.41,1.57
ATP,2024,39,London,Wimbledon,2024-07-02,Grand Slam,Outdoor,Grass,1st Round,5,Popyrin A.,Monteiro T.,47,86.0,981,690.0,6.0,4.0,6.0,7.0,6.0,3.0,6.0,4.0,,,3.0,1.0,Completed,1.33,3.4,1.33,3.65,1.34,3.66,1.32,3.41
ATP,2024,39,London,Wimbledon,2024-07-02,Grand Slam,Outdoor,Grass,1st Round,5,Etcheverry T.,Nardi L.,31,75.0,1290,760.0,6.0,1.0,6.0,4.0,6.0,2.0,,,,,3.0,0.0,Completed,1.57,2.38,1.6,2.5,1.65,2.5,1.58,2.38
ATP,2024,39,London,Wimbledon,2024-07-02,Grand Slam,Outdoor,Grass,1st Round,5,Comesana F.,Rublev A.,122,6.0,529,4420.0,6.0,4.0,5.0,7.0,6.0,2.0,7.0,6.0,,,3.0,1.0,Completed,17.0,1.03,24.44,1.03,24.44,1.04,14.43,1.02
ATP,2024,39,London,Wimbledon,2024-07-02,Grand Slam,Outdoor,Grass,1st Round,5,Shelton B.,Bellucci M.,14,148.0,2595,401.0,4.0,6.0,6.0,3.0,3.0,6.0,6.0,3.0,6.0,4.0,3.0,2.0,Completed,1.33,3.4,1.34,3.63,1.37,3.71,1.33,3.35
ATP,2024,39,London,Wimbledon,2024-07-02,Grand Slam,Outdoor,Grass,1st Round,5,Fearnley J.,Moro Canas A.,277,188.0,206,321.0,7.0,5.0,6.0,4.0,7.0,6.0,,,,,3.0,0.0,Completed,1.5,2.63,1.49,2.84,1.55,2.84,1.48,2.67
ATP,2024,39,London,Wimbledon,2024-07-02,Grand Slam,Outdoor,Grass,1st Round,5,Walton A.,Coria F.,101,72.0,607,776.0,6.0,3.0,6.0,3.0,7.0,5.0,,,,,3.0,0.0,Completed,1.25,4.0,1.26,4.29,1.31,4.29,1.25,3.97
ATP,2024,39,London,Wimbledon,2024-07-02,Grand Slam,Outdoor,Grass,1st Round,5,Zverev A.,Carballes Baena R.,4,64.0,6905,826.0,6.0,2.0,6.0,4.0,6.0,2.0,,,,,3.0,0.0,Completed,1.01,29.0,1.03,25.24,1.04,29.0,1.02,17.1
ATP,2024,39,London,Wimbledon,2024-07-02,Grand Slam,Outdoor,Grass,1st Round,5,Djokovic N.,Kopriva V.,2,123.0,8360,523.0,6.0,1.0,6.0,2.0,6.0,2.0,,,,,3.0,0.0,Completed,1.02,21.0,1.03,22.53,1.04,22.53,1.02,14.74
ATP,2024,39,London,Wimbledon,2024-07-02,Grand Slam,Outdoor,Grass,1st Round,5,Fils A.,Stricker D.,34,149.0,1250,400.0,6.0,3.0,6.0,2.0,3.0,6.0,6.0,4.0,,,3.0,1.0,Completed,1.44,2.75,1.43,3.1,1.46,3.1,1.42,2.9
ATP,2024,39,London,Wimbledon,2024-07-02,Grand Slam,Outdoor,Grass,1st Round,5,Tsitsipas S.,Daniel T.,11,84.0,3745,692.0,7.0,6.0,6.0,4.0,7.0,5.0,,,,,3.0,0.0,Completed,1.05,11.0,1.07,12.14,1.11,12.14,1.06,9.75
ATP,2024,39,London,Wimbledon,2024-07-02,Grand Slam,Outdoor,Grass,1st Round,5,Rune H.,Kwon S.W.,15,367.0,2370,135.0,6.0,1.0,6.0,4.0,6.0,4.0,,,,,3.0,0.0,Completed,1.1,7.0,1.15,6.49,1.15,7.03,1.12,6.35
ATP,2024,39,London,Wimbledon,2024-07-02,Grand Slam,Outdoor,Grass,1st Round,5,Giron M.,Searle H.,46,539.0,1020,73.0,3.0,6.0,6.0,3.0,6.0,4.0,6.0,4.0,,,3.0,1.0,Completed,1.17,5.0,1.19,5.52,1.19,5.52,1.17,5.1
ATP,2024,39,London,Wimbledon,2024-07-02,Grand Slam,Outdoor,Grass,1st Round,5,Draper J.,Ymer E.,28,205.0,1461,293.0,3.0,6.0,6.0,3.0,6.0,3.0,4.0,6.0,6.0,3.0,3.0,2.0,Completed,1.03,15.0,1.04,17.24,1.05,17.24,1.03,12.12
ATP,2024,39,London,Wimbledon,2024-07-02,Grand Slam,Outdoor,Grass,1st Round,5,Cobolli F.,Hijikata R.,48,77.0,980,751.0,7.0,5.0,4.0,6.0,6.0,4.0,6.0,4.0,,,3.0,1.0,Completed,2.1,1.73,2.25,1.72,2.25,1.74,2.16,1.7
ATP,2024,39,London,Wimbledon,2024-07-02,Grand Slam,Outdoor,Grass,1st Round,5,Norrie C.,Diaz Acosta F.,42,67.0,1070,808.0,7.0,5.0,7.0,5.0,6.0,3.0,,,,,3.0,0.0,Completed,1.04,13.0,1.08,11.01,1.08,13.0,1.06,9.62
ATP,2024,39,London,Wimbledon,2024-07-02,Grand Slam,Outdoor,Grass,1st Round,5,Fritz T.,O Connell C.,12,79.0,3350,733.0,6.0,1.0,6.0,2.0,6.0,4.0,,,,,3.0,0.0,Completed,1.05,11.0,1.07,12.2,1.1,12.2,1.06,9.6
ATP,2024,39,London,Wimbledon,2024-07-03,Grand Slam,Outdoor,Grass,1st Round,5,Halys Q.,Eubanks C.,220,62.0,272,835.0,6.0,4.0,6.0,4.0,6.0,2.0,,,,,3.0,0.0,Completed,1.8,2.0,1.87,2.05,1.88,2.05,1.84,1.99
ATP,2024,39,London,Wimbledon,2024-07-03,Grand Slam,Outdoor,Grass,1st Round,5,Khachanov K.,Karatsev A.,22,99.0,1780,615.0,6.0,3.0,6.0,7.0,7.0,6.0,2.0,0.0,,,2.0,1.0,Retired,1.17,5.0,1.18,5.74,1.19,5.74,1.17,5.12
ATP,2024,39,London,Wimbledon,2024-07-03,Grand Slam,Outdoor,Grass,1st Round,5,Safiullin R.,Cerundolo F.,44,30.0,1045,1315.0,6.0,7.0,3.0,6.0,7.0,5.0,6.0,3.0,6.0,4.0,3.0,2.0,Completed,1.73,2.1,1.76,2.19,1.78,2.19,1.73,2.1
ATP,2024,39,London,Wimbledon,2024-07-03,Grand Slam,Outdoor,Grass,1st Round,5,Ruusuvuori E.,Mcdonald M.,87,96.0,683,626.0,7.0,6.0,4.0,6.0,5.0,7.0,7.0,6.0,6.0,3.0,3.0,2.0,Completed,1.67,2.2,1.63,2.45,1.68,2.45,1.62,2.29
ATP,2024,39,London,Wimbledon,2024-07-03,Grand Slam,Outdoor,Grass,1st Round,5,Pouille L.,Djere L.,212,51.0,284,936.0,3.0,6.0,7.0,6.0,3.0,6.0,6.0,3.0,6.0,1.0,3.0,2.0,Completed,1.5,2.63,1.55,2.59,1.57,2.65,1.52,2.53
ATP,2024,39,London,Wimbledon,2024-07-03,Grand Slam,Outdoor,Grass,1st Round,5,Rinderknech A.,Nishikori K.,76,401.0,754,118.0,5.0,7.0,6.0,4.0,6.0,7.0,6.0,3.0,6.0,2.0,3.0,2.0,Completed,1.36,3.2,1.39,3.26,1.41,3.26,1.37,3.11
ATP,2024,39,London,Wimbledon,2024-07-03,Grand Slam,Outdoor,Grass,1st Round,5,Machac T.,Goffin D.,39,83.0,1214,694.0,3.0,6.0,6.0,4.0,6.0,1.0,7.0,6.0,,,3.0,1.0,Completed,1.62,2.3,1.74,2.22,1.74,2.38,1.67,2.21
ATP,2024,39,London,Wimbledon,2024-07-03,Grand Slam,Outdoor,Grass,1st Round,5,Tabilo A.,Evans D.,19,60.0,1904,844.0,6.0,2.0,7.0,5.0,6.0,3.0,,,,,3.0,0.0,Completed,1.44,2.75,1.39,3.26,1.48,3.26,1.4,2.93
ATP,2024,39,London,Wimbledon,2024-07-03,Grand Slam,Outdoor,Grass,1st Round,5,Kokkinakis T.,Auger-Aliassime F.,93,17.0,639,2075.0,4.0,6.0,5.0,7.0,7.0,6.0,6.0,4.0,6.0,4.0,3.0,2.0,Completed,3.2,1.36,3.29,1.39,3.29,1.4,3.09,1.37
ATP,2024,39,London,Wimbledon,2024-07-03,Grand Slam,Outdoor,Grass,2nd Round,5,Fognini F.,Ruud C.,94,8.0,635,4025.0,6.0,4.0,7.0,5.0,6.0,7.0,6.0,3.0,,,3.0,1.0,Completed,4.5,1.2,5.15,1.21,5.25,1.22,4.61,1.2
ATP,2024,39,London,Wimbledon,2024-07-03,Grand Slam,Outdoor,Grass,2nd Round,5,Tiafoe F.,Coric B.,29,89.0,1355,664.0,7.0,6.0,6.0,1.0,6.0,3.0,,,,,3.0,0.0,Completed,1.44,2.75,1.49,2.84,1.52,2.84,1.46,2.76
ATP,2024,39,London,Wimbledon,2024-07-03,Grand Slam,Outdoor,Grass,2nd Round,5,Nakashima B.,Thompson J.,65,40.0,825,1206.0,6.0,3.0,6.0,2.0,6.0,2.0,,,,,3.0,0.0,Completed,1.67,2.2,1.74,2.22,1.74,2.3,1.69,2.19
ATP,2024,39,London,Wimbledon,2024-07-03,Grand Slam,Outdoor,Grass,2nd Round,5,Humbert U.,Van De Zandschulp B.,16,97.0,2300,618.0,7.0,6.0,6.0,1.0,6.0,3.0,,,,,3.0,0.0,Completed,1.25,4.0,1.27,4.24,1.29,4.35,1.26,3.89
ATP,2024,39,London,Wimbledon,2024-07-03,Grand Slam,Outdoor,Grass,2nd Round,5,Medvedev D.,Muller A.,5,102.0,6445,601.0,6.0,7.0,7.0,6.0,6.0,4.0,7.0,5.0,,,3.0,1.0,Completed,1.02,21.0,1.03,20.98,1.05,21.0,1.02,14.42
ATP,2024,39,London,Wimbledon,2024-07-03,Grand Slam,Outdoor,Grass,2nd Round,5,Alcaraz C.,Vukic A.,3,69.0,8130,789.0,7.0,6.0,6.0,2.0,6.0,2.0,,,,,3.0,0.0,Completed,1.03,17.0,1.03,25.77,1.03,25.81,1.02,15.73
ATP,2024,39,London,Wimbledon,2024-07-03,Grand Slam,Outdoor,Grass,2nd Round,5,Bautista Agut R.,Sonego L.,112,54.0,555,881.0,6.0,3.0,3.0,6.0,6.0,3.0,6.0,4.0,,,3.0,1.0,Completed,1.62,2.3,1.6,2.52,1.66,2.52,1.59,2.37
ATP,2024,39,London,Wimbledon,2024-07-03,Grand Slam,Outdoor,Grass,2nd Round,5,Bublik A.,Cazaux A.,23,98.0,1730,616.0,6.0,4.0,7.0,6.0,6.0,4.0,,,,,3.0,0.0,Completed,1.33,3.4,1.37,3.39,1.37,3.5,1.34,3.27
ATP,2024,39,London,Wimbledon,2024-07-03,Grand Slam,Outdoor,Grass,2nd Round,5,Paul T.,Virtanen O.,13,147.0,3100,401.0,4.0,6.0,6.0,3.0,5.0,7.0,7.0,5.0,6.0,4.0,3.0,2.0,Completed,1.1,7.0,1.1,9.25,1.12,9.25,1.09,7.59
ATP,2024,39,London,Wimbledon,2024-07-03,Grand Slam,Outdoor,Grass,2nd Round,5,Kecmanovic M.,Griekspoor T.,52,27.0,925,1470.0,4.0,6.0,7.0,6.0,1.0,6.0,6.0,2.0,6.0,3.0,3.0,2.0,Completed,2.5,1.53,2.42,1.64,2.6,1.64,2.37,1.59
ATP,2024,39,London,Wimbledon,2024-07-03,Grand Slam,Outdoor,Grass,2nd Round,5,Struff J.L.,Zhang Zh.,41,38.0,1135,1221.0,5.0,7.0,6.0,3.0,7.0,6.0,7.0,6.0,,,3.0,1.0,Completed,1.25,4.0,1.25,4.45,1.32,4.48,1.25,4.03
ATP,2024,39,London,Wimbledon,2024-07-03,Grand Slam,Outdoor,Grass,2nd Round,5,Sinner J.,Berrettini M.,1,59.0,9890,845.0,7.0,6.0,7.0,6.0,2.0,6.0,7.0,6.0,,,3.0,1.0,Completed,1.2,4.5,1.18,5.63,1.2,5.63,1.18,5.02
ATP,2024,39,London,Wimbledon,2024-07-04,Grand Slam,Outdoor,Grass,2nd Round,5,De Minaur A.,Munar J.,9,63.0,3830,835.0,6.0,2.0,6.0,2.0,7.0,5.0,,,,,3.0,0.0,Completed,1.02,19.0,1.05,15.58,1.05,19.0,1.03,12.81
ATP,2024,39,London,Wimbledon,2024-07-04,Grand Slam,Outdoor,Grass,2nd Round,5,Fils A.,Hurkacz H.,34,7.0,1250,4235.0,7.0,6.0,6.0,4.0,2.0,6.0,6.0,6.0,,,2.0,1.0,Retired,3.75,1.29,4.37,1.26,4.78,1.29,3.93,1.26
ATP,2024,39,London,Wimbledon,2024-07-04,Grand Slam,Outdoor,Grass,2nd Round,5,Comesana F.,Walton A.,122,101.0,529,607.0,7.0,5.0,1.0,6.0,6.0,7.0,6.0,1.0,7.0,6.0,3.0,2.0,Completed,2.75,1.44,2.93,1.47,2.93,1.5,2.7,1.46
ATP,2024,39,London,Wimbledon,2024-07-04,Grand Slam,Outdoor,Grass,2nd Round,5,Shelton B.,Harris L.,14,118.0,2595,541.0,4.0,6.0,7.0,6.0,6.0,7.0,6.0,3.0,7.0,6.0,3.0,2.0,Completed,1.67,2.2,1.74,2.22,1.75,2.23,1.7,2.16
ATP,2024,39,London,Wimbledon,2024-07-04,Grand Slam,Outdoor,Grass,2nd Round,5,Dimitrov G.,Shang J.,10,91.0,3750,658.0,5.0,7.0,6.0,7.0,6.0,4.0,6.0,2.0,6.0,4.0,3.0,2.0,Completed,1.14,5.5,1.15,6.52,1.16,6.52,1.14,5.84
ATP,2024,39,London,Wimbledon,2024-07-04,Grand Slam,Outdoor,Grass,2nd Round,5,Shapovalov D.,Altmaier D.,121,80.0,530,731.0,7.0,6.0,6.0,3.0,1.0,6.0,6.0,7.0,6.0,4.0,3.0,2.0,Completed,1.13,6.0,1.15,6.36,1.16,6.36,1.14,5.83
ATP,2024,39,London,Wimbledon,2024-07-04,Grand Slam,Outdoor,Grass,2nd Round,5,Popyrin A.,Etcheverry T.,47,31.0,981,1290.0,3.0,6.0,6.0,4.0,4.0,6.0,6.0,4.0,6.0,3.0,3.0,2.0,Completed,1.67,2.2,1.69,2.31,1.7,2.31,1.66,2.22
ATP,2024,39,London,Wimbledon,2024-07-04,Grand Slam,Outdoor,Grass,2nd Round,5,Musetti L.,Darderi L.,25,37.0,1620,1236.0,6.0,4.0,4.0,6.0,6.0,7.0,6.0,4.0,6.0,4.0,3.0,2.0,Completed,1.25,4.0,1.25,4.44,1.26,4.44,1.24,4.1
ATP,2024,39,London,Wimbledon,2024-07-04,Grand Slam,Outdoor,Grass,2nd Round,5,Safiullin R.,Machac T.,44,39.0,1045,1214.0,6.0,2.0,6.0,4.0,5.0,7.0,6.0,3.0,,,3.0,1.0,Completed,1.73,2.1,1.72,2.26,1.74,2.29,1.69,2.18
ATP,2024,39,London,Wimbledon,2024-07-04,Grand Slam,Outdoor,Grass,2nd Round,5,Djokovic N.,Fearnley J.,2,277.0,8360,206.0,6.0,3.0,6.0,4.0,5.0,7.0,7.0,5.0,,,3.0,1.0,Completed,1.02,19.0,1.02,31.64,1.03,31.64,1.02,16.83
ATP,2024,39,London,Wimbledon,2024-07-04,Grand Slam,Outdoor,Grass,2nd Round,5,Tabilo A.,Cobolli F.,19,48.0,1904,980.0,7.0,6.0,7.0,6.0,4.0,6.0,4.0,6.0,6.0,4.0,3.0,2.0,Completed,1.36,3.2,1.34,3.6,1.36,3.6,1.33,3.31
ATP,2024,39,London,Wimbledon,2024-07-04,Grand Slam,Outdoor,Grass,2nd Round,5,Monfils G.,Wawrinka S.,33,95.0,1260,633.0,7.0,6.0,6.0,4.0,7.0,6.0,,,,,3.0,0.0,Completed,1.36,3.2,1.4,3.22,1.4,3.22,1.36,3.11
ATP,2024,39,London,Wimbledon,2024-07-04,Grand Slam,Outdoor,Grass,2nd Round,5,Halys Q.,Khachanov K.,220,22.0,272,1780.0,4.0,6.0,6.0,3.0,3.0,6.0,6.0,3.0,6.0,4.0,3.0,2.0,Completed,2.63,1.5,2.8,1.5,2.8,1.56,2.6,1.5
ATP,2024,39,London,Wimbledon,2024-07-04,Grand Slam,Outdoor,Grass,2nd Round,5,Rune H.,Seyboth Wild T.,15,74.0,2370,767.0,3.0,6.0,6.0,3.0,6.0,2.0,6.0,2.0,,,3.0,1.0,Completed,1.11,6.5,1.13,7.4,1.14,7.4,1.12,6.51
ATP,2024,39,London,Wimbledon,2024-07-04,Grand Slam,Outdoor,Grass,2nd Round,5,Fritz T.,Rinderknech A.,12,76.0,3350,754.0,6.0,3.0,6.0,4.0,3.0,6.0,6.0,4.0,,,3.0,1.0,Completed,1.07,9.0,1.08,10.68,1.1,10.74,1.07,8.76
ATP,2024,39,London,Wimbledon,2024-07-04,Grand Slam,Outdoor,Grass,2nd Round,5,Pouille L.,Kokkinakis T.,212,93.0,284,639.0,2.0,6.0,7.0,5.0,5.0,2.0,,,,,1.0,1.0,Retired,2.63,1.5,2.68,1.53,2.75,1.54,2.63,1.49
ATP,2024,39,London,Wimbledon,2024-07-04,Grand Slam,Outdoor,Grass,2nd Round,5,Norrie C.,Draper J.,42,28.0,1070,1461.0,7.0,6.0,6.0,4.0,7.0,6.0,,,,,3.0,0.0,Completed,3.4,1.33,3.47,1.36,3.65,1.36,3.47,1.31
ATP,2024,39,London,Wimbledon,2024-07-04,Grand Slam,Outdoor,Grass,2nd Round,5,Ruusuvuori E.,Tsitsipas S.,87,11.0,683,3745.0,7.0,6.0,7.0,6.0,3.0,6.0,6.0,3.0,,,3.0,1.0,Completed,4.33,1.22,4.56,1.24,4.58,1.26,4.2,1.23
ATP,2024,39,London,Wimbledon,2024-07-04,Grand Slam,Outdoor,Grass,2nd Round,5,Mpetshi G.,Nishioka Y.,58,90.0,853,659.0,6.0,4.0,6.0,1.0,6.0,2.0,,,,,3.0,0.0,Completed,1.53,2.5,1.61,2.47,1.61,2.51,1.58,2.4
ATP,2024,39,London,Wimbledon,2024-07-04,Grand Slam,Outdoor,Grass,2nd Round,5,Zverev A.,Giron M.,4,46.0,6905,1020.0,6.0,2.0,6.0,1.0,6.0,4.0,,,,,3.0,0.0,Completed,1.11,6.5,1.11,8.05,1.14,8.05,1.11,6.63
ATP,2024,39,London,Wimbledon,2024-07-05,Grand Slam,Outdoor,Grass,3rd Round,5,Paul T.,Bublik A.,13,23.0,3100,1730.0,6.0,3.0,6.0,4.0,6.0,2.0,,,,,3.0,0.0,Completed,1.5,2.63,1.51,2.78,1.51,2.79,1.49,2.68
ATP,2024,39,London,Wimbledon,2024-07-05,Grand Slam,Outdoor,Grass,3rd Round,5,Alcaraz C.,Tiafoe F.,3,29.0,8130,1355.0,5.0,7.0,6.0,2.0,4.0,6.0,7.0,6.0,6.0,2.0,3.0,2.0,Completed,1.06,10.0,1.05,14.26,1.07,14.26,1.05,10.3
ATP,2024,39,London,Wimbledon,2024-07-05,Grand Slam,Outdoor,Grass,3rd Round,5,Dimitrov G.,Monfils G.,10,33.0,3750,1260.0,6.0,3.0,6.0,4.0,6.0,3.0,,,,,3.0,0.0,Completed,1.3,3.5,1.32,3.76,1.33,4.01,1.3,3.59
ATP,2024,39,London,Wimbledon,2024-07-05,Grand Slam,Outdoor,Grass,3rd Round,5,Sinner J.,Kecmanovic M.,1,52.0,9890,925.0,6.0,1.0,6.0,4.0,6.0,2.0,,,,,3.0,0.0,Completed,1.03,15.0,1.03,21.6,1.04,21.6,1.02,14.37
ATP,2024,39,London,Wimbledon,2024-07-06,Grand Slam,Outdoor,Grass,3rd Round,5,De Minaur A.,Pouille L.,9,212.0,3830,284.0,,,,,,,,,,,,,Walkover,1.05,11.0,1.05,14.27,1.06,14.27,1.05,10.95
ATP,2024,39,London,Wimbledon,2024-07-06,Grand Slam,Outdoor,Grass,3rd Round,5,Shelton B.,Shapovalov D.,14,121.0,2595,530.0,6.0,7.0,6.0,2.0,6.0,4.0,4.0,6.0,6.0,2.0,3.0,2.0,Completed,1.8,2.0,1.95,1.95,1.95,2.1,1.88,1.92
ATP,2024,39,London,Wimbledon,2024-07-06,Grand Slam,Outdoor,Grass,3rd Round,5,Humbert U.,Nakashima B.,16,65.0,2300,825.0,7.0,6.0,6.0,3.0,6.0,7.0,7.0,6.0,,,3.0,1.0,Completed,1.73,2.1,1.78,2.17,1.78,2.17,1.74,2.11
ATP,2024,39,London,Wimbledon,2024-07-06,Grand Slam,Outdoor,Grass,3rd Round,5,Zverev A.,Norrie C.,4,42.0,6905,1070.0,6.0,4.0,6.0,4.0,7.0,6.0,,,,,3.0,0.0,Completed,1.11,6.5,1.14,6.71,1.14,6.75,1.13,6.19
ATP,2024,39,London,Wimbledon,2024-07-06,Grand Slam,Outdoor,Grass,3rd Round,5,Fils A.,Safiullin R.,34,44.0,1250,1045.0,4.0,6.0,6.0,3.0,1.0,6.0,6.0,4.0,6.0,3.0,3.0,2.0,Completed,1.73,2.1,1.85,2.07,1.85,2.21,1.77,2.06
ATP,2024,39,London,Wimbledon,2024-07-06,Grand Slam,Outdoor,Grass,3rd Round,5,Mpetshi G.,Ruusuvuori E.,58,87.0,853,683.0,4.0,6.0,6.0,2.0,7.0,6.0,6.0,4.0,,,3.0,1.0,Completed,1.73,2.1,1.81,2.12,1.83,2.15,1.76,2.07
ATP,2024,39,London,Wimbledon,2024-07-06,Grand Slam,Outdoor,Grass,3rd Round,5,Bautista Agut R.,Fognini F.,112,94.0,555,635.0,7.0,6.0,3.0,6.0,5.0,7.0,7.0,6.0,6.0,4.0,3.0,2.0,Completed,1.44,2.75,1.43,3.05,1.49,3.05,1.43,2.83
ATP,2024,39,London,Wimbledon,2024-07-06,Grand Slam,Outdoor,Grass,3rd Round,5,Musetti L.,Comesana F.,25,122.0,1620,529.0,6.0,2.0,6.0,7.0,7.0,6.0,6.0,3.0,,,3.0,1.0,Completed,1.17,5.0,1.17,5.8,1.18,5.8,1.16,5.27
ATP,2024,39,London,Wimbledon,2024-07-06,Grand Slam,Outdoor,Grass,3rd Round,5,Rune H.,Halys Q.,15,220.0,2370,272.0,1.0,6.0,6.0,7.0,6.0,4.0,7.0,6.0,6.0,1.0,3.0,2.0,Completed,1.29,3.75,1.33,3.68,1.33,3.75,1.3,3.56
ATP,2024,39,London,Wimbledon,2024-07-06,Grand Slam,Outdoor,Grass,3rd Round,5,Medvedev D.,Struff J.L.,5,41.0,6445,1135.0,6.0,1.0,6.0,3.0,4.0,6.0,7.0,6.0,,,3.0,1.0,Completed,1.53,2.5,1.5,2.79,1.54,2.79,1.49,2.63
ATP,2024,39,London,Wimbledon,2024-07-06,Grand Slam,Outdoor,Grass,3rd Round,5,Djokovic N.,Popyrin A.,2,47.0,8360,981.0,4.0,6.0,6.0,3.0,6.0,4.0,7.0,6.0,,,3.0,1.0,Completed,1.13,6.0,1.13,7.14,1.17,7.14,1.13,6.19
ATP,2024,39,London,Wimbledon,2024-07-06,Grand Slam,Outdoor,Grass,3rd Round,3,Fritz T.,Tabilo A.,12,19.0,3350,1904.0,7.0,6.0,6.0,3.0,7.0,5.0,,,,,3.0,0.0,Completed,1.17,5.0,1.19,5.42,1.21,5.47,1.18,4.99
ATP,2024,39,London,Wimbledon,2024-07-07,Grand Slam,Outdoor,Grass,4th Round,5,Alcaraz C.,Humbert U.,3,16.0,8130,2300.0,6.0,3.0,6.0,4.0,1.0,6.0,7.0,5.0,,,3.0,1.0,Completed,1.1,7.0,1.13,7.12,1.13,7.64,1.11,6.64
ATP,2024,39,London,Wimbledon,2024-07-07,Grand Slam,Outdoor,Grass,4th Round,5,Sinner J.,Shelton B.,1,14.0,9890,2595.0,6.0,2.0,6.0,4.0,7.0,6.0,,,,,3.0,0.0,Completed,1.05,11.0,1.06,14.32,1.07,14.98,1.05,10.64
ATP,2024,39,London,Wimbledon,2024-07-07,Grand Slam,Outdoor,Grass,4th Round,5,Medvedev D.,Dimitrov G.,5,10.0,6445,3750.0,5.0,3.0,,,,,,,,,0.0,0.0,Retired,1.67,2.2,1.74,2.23,1.74,2.31,1.68,2.2
ATP,2024,39,London,Wimbledon,2024-07-07,Grand Slam,Outdoor,Grass,4th Round,5,Paul T.,Bautista Agut R.,13,112.0,3100,555.0,6.0,2.0,7.0,6.0,6.0,2.0,,,,,3.0,0.0,Completed,1.13,6.0,1.16,6.13,1.18,6.27,1.14,5.71
ATP,2024,39,London,Wimbledon,2024-07-08,Grand Slam,Outdoor,Grass,4th Round,5,Musetti L.,Mpetshi G.,25,58.0,1620,853.0,4.0,6.0,6.0,3.0,6.0,3.0,6.0,2.0,,,3.0,1.0,Completed,1.91,1.91,1.88,2.02,1.95,2.03,1.88,1.92
ATP,2024,39,London,Wimbledon,2024-07-08,Grand Slam,Outdoor,Grass,4th Round,5,De Minaur A.,Fils A.,9,34.0,3830,1250.0,6.0,2.0,6.0,4.0,4.0,6.0,6.0,3.0,,,3.0,1.0,Completed,1.2,4.5,1.18,5.63,1.26,5.63,1.19,4.71
ATP,2024,39,London,Wimbledon,2024-07-08,Grand Slam,Outdoor,Grass,4th Round,5,Fritz T.,Zverev A.,12,4.0,3350,6905.0,4.0,6.0,6.0,7.0,6.0,4.0,7.0,6.0,6.0,3.0,3.0,2.0,Completed,2.38,1.57,2.35,1.67,2.55,1.68,2.33,1.6
ATP,2024,39,London,Wimbledon,2024-07-08,Grand Slam,Outdoor,Grass,4th Round,5,Djokovic N.,Rune H.,2,15.0,8360,2370.0,6.0,3.0,6.0,4.0,6.0,2.0,,,,,3.0,0.0,Completed,1.3,3.5,1.33,3.66,1.36,3.66,1.32,3.43
ATP,2024,39,London,Wimbledon,2024-07-09,Grand Slam,Outdoor,Grass,Quarterfinals,5,Medvedev D.,Sinner J.,5,1.0,6445,9890.0,6.0,7.0,6.0,4.0,7.0,6.0,2.0,6.0,6.0,3.0,3.0,2.0,Completed,4.33,1.22,4.78,1.23,4.78,1.25,4.29,1.22
ATP,2024,39,London,Wimbledon,2024-07-09,Grand Slam,Outdoor,Grass,Quarterfinals,5,Alcaraz C.,Paul T.,3,13.0,8130,3100.0,5.0,7.0,6.0,4.0,6.0,2.0,6.0,2.0,,,3.0,1.0,Completed,1.25,4.0,1.3,3.97,1.31,4.01,1.27,3.79
ATP,2024,39,London,Wimbledon,2024-07-10,Grand Slam,Outdoor,Grass,Quarterfinals,5,Djokovic N.,De Minaur A.,2,9.0,8360,3830.0,,,,,,,,,,,,,Walkover,1.25,4.0,1.31,3.85,1.34,4.0,1.28,3.76
ATP,2024,39,London,Wimbledon,2024-07-10,Grand Slam,Outdoor,Grass,Quarterfinals,5,Musetti L.,Fritz T.,25,12.0,1620,3350.0,3.0,6.0,7.0,6.0,6.0,2.0,3.0,6.0,6.0,1.0,3.0,2.0,Completed,4.5,1.2,4.69,1.23,4.7,1.25,4.36,1.22
ATP,2024,39,London,Wimbledon,2024-07-12,Grand Slam,Outdoor,Grass,Semifinals,5,Alcaraz C.,Medvedev D.,3,5.0,8130,6445.0,6.0,7.0,6.0,3.0,6.0,4.0,6.0,4.0,,,3.0,1.0,Completed,1.29,3.75,1.3,3.9,1.31,3.9,1.29,3.62
ATP,2024,39,London,Wimbledon,2024-07-12,Grand Slam,Outdoor,Grass,Semifinals,5,Djokovic N.,Musetti L.,2,25.0,8360,1620.0,6.0,4.0,7.0,6.0,6.0,4.0,,,,,3.0,0.0,Completed,1.11,6.5,1.14,6.75,1.15,6.75,1.12,6.3
ATP,2024,39,London,Wimbledon,2024-07-14,Grand Slam,Outdoor,Grass,The Final,5,Alcaraz C.,Djokovic N.,3,2.0,8130,8360.0,6.0,2.0,6.0,2.0,7.0,6.0,,,,,3.0,0.0,Completed,1.8,2.1,1.81,2.12,1.82,2.2,1.76,2.09
ATP,2024,51,New York,US Open,2024-08-26,Grand Slam,Outdoor,Hard,1st Round,5,Zverev A.,Marterer M.,4,100.0,7035,561.0,6.0,2.0,6.0,7.0,6.0,3.0,6.0,2.0,,,3.0,1.0,Completed,1.03,17.0,1.02,27.72,1.04,27.72,1.02,15.86
ATP,2024,51,New York,US Open,2024-08-26,Grand Slam,Outdoor,Hard,1st Round,5,Bautista Agut R.,Nardi L.,67,90.0,791,612.0,7.0,5.0,7.0,6.0,7.0,6.0,,,,,3.0,0.0,Completed,1.22,4.33,1.28,4.1,1.28,4.34,1.24,4.11
ATP,2024,51,New York,US Open,2024-08-26,Grand Slam,Outdoor,Hard,1st Round,5,Comesana F.,Stricker D.,108,169.0,532,345.0,4.0,6.0,6.0,3.0,7.0,6.0,6.0,3.0,,,3.0,1.0,Completed,3.2,1.36,3.45,1.36,3.47,1.41,3.17,1.36
ATP,2024,51,New York,US Open,2024-08-26,Grand Slam,Outdoor,Hard,1st Round,5,Humbert U.,Monteiro T.,17,75.0,2330,739.0,6.0,3.0,6.0,4.0,6.0,4.0,,,,,3.0,0.0,Completed,1.13,6.0,1.13,7.11,1.15,7.11,1.13,6.21
ATP,2024,51,New York,US Open,2024-08-26,Grand Slam,Outdoor,Hard,1st Round,5,Krueger M.,Grenier H.,179,173.0,332,341.0,4.0,6.0,6.0,3.0,6.0,4.0,7.0,5.0,,,3.0,1.0,Completed,1.8,2.0,1.73,2.25,1.8,2.34,1.73,2.13
ATP,2024,51,New York,US Open,2024-08-26,Grand Slam,Outdoor,Hard,1st Round,5,Carballes Baena R.,Choinski J.,55,276.0,916,199.0,6.0,2.0,6.0,3.0,5.0,7.0,6.0,7.0,6.0,3.0,3.0,2.0,Completed,1.5,2.63,1.47,2.89,1.51,2.89,1.48,2.66
ATP,2024,51,New York,US Open,2024-08-26,Grand Slam,Outdoor,Hard,1st Round,5,Shang J.,Bublik A.,72,27.0,754,1650.0,6.0,4.0,3.0,6.0,5.0,7.0,6.0,3.0,6.0,4.0,3.0,2.0,Completed,1.67,2.2,1.71,2.27,1.74,2.33,1.67,2.2
ATP,2024,51,New York,US Open,2024-08-26,Grand Slam,Outdoor,Hard,1st Round,5,Shelton B.,Thiem D.,13,210.0,3110,283.0,6.0,4.0,6.0,2.0,6.0,2.0,,,,,3.0,0.0,Completed,1.07,9.0,1.07,12.22,1.08,12.22,1.06,9.47
ATP,2024,51,New York,US Open,2024-08-26,Grand Slam,Outdoor,Hard,1st Round,5,Berrettini M.,Ramos-Vinolas A.,44,122.0,1160,483.0,7.0,6.0,6.0,2.0,6.0,3.0,,,,,3.0,0.0,Completed,1.01,26.0,1.02,28.24,1.03,28.24,1.01,19.11
ATP,2024,51,New York,US Open,2024-08-26,Grand Slam,Outdoor,Hard,1st Round,5,Ruud C.,Bu Y.,8,123.0,3855,483.0,7.0,6.0,6.0,2.0,6.0,2.0,,,,,3.0,0.0,Completed,1.25,4.0,1.25,4.46,1.26,4.46,1.24,4.14
ATP,2024,51,New York,US Open,2024-08-26,Grand Slam,Outdoor,Hard,1st Round,5,Popyrin A.,Kwon S.W.,28,340.0,1635,145.0,7.0,5.0,6.0,2.0,6.0,3.0,,,,,3.0,0.0,Completed,1.1,7.0,1.12,7.54,1.14,7.65,1.11,6.62
ATP,2024,51,New York,US Open,2024-08-26,Grand Slam,Outdoor,Hard,1st Round,5,Martinez P.,Kasnikowski M.,43,194.0,1168,308.0,6.0,7.0,6.0,1.0,6.0,2.0,3.0,6.0,7.0,6.0,3.0,2.0,Completed,1.8,2.0,1.85,2.07,1.89,2.07,1.83,1.99
ATP,2024,51,New York,US Open,2024-08-26,Grand Slam,Outdoor,Hard,1st Round,5,Rublev A.,Seyboth Wild T.,6,68.0,4805,790.0,6.0,3.0,7.0,6.0,7.0,5.0,,,,,3.0,0.0,Completed,1.08,8.0,1.1,8.64,1.1,8.64,1.09,7.85
ATP,2024,51,New York,US Open,2024-08-26,Grand Slam,Outdoor,Hard,1st Round,5,Fritz T.,Ugo Carabelli C.,12,93.0,3120,608.0,7.0,5.0,6.0,1.0,6.0,2.0,,,,,3.0,0.0,Completed,1.01,29.0,1.02,36.25,1.02,36.25,1.01,20.24
ATP,2024,51,New York,US Open,2024-08-26,Grand Slam,Outdoor,Hard,1st Round,5,Lehecka J.,Fucsovics M.,38,81.0,1255,694.0,1.0,6.0,6.0,4.0,6.0,3.0,3.0,0.0,,,2.0,1.0,Retired,1.5,2.63,1.52,2.74,1.53,2.87,1.49,2.65
ATP,2024,51,New York,US Open,2024-08-26,Grand Slam,Outdoor,Hard,1st Round,5,Musetti L.,Opelka R.,18,324.0,2255,157.0,7.0,6.0,1.0,6.0,6.0,1.0,7.0,5.0,,,3.0,1.0,Completed,1.44,2.75,1.4,3.22,1.46,3.22,1.42,2.9
ATP,2024,51,New York,US Open,2024-08-26,Grand Slam,Outdoor,Hard,1st Round,5,Cerundolo F.,Ofner S.,29,58.0,1495,904.0,5.0,7.0,6.0,4.0,6.0,4.0,6.0,2.0,,,3.0,1.0,Completed,1.36,3.2,1.37,3.38,1.39,3.45,1.35,3.2
ATP,2024,51,New York,US Open,2024-08-26,Grand Slam,Outdoor,Hard,1st Round,5,Kecmanovic M.,Nishioka Y.,54,53.0,940,974.0,7.0,6.0,2.0,6.0,5.0,7.0,7.0,5.0,1.0,0.0,2.0,2.0,Retired,2.0,1.8,2.09,1.83,2.22,1.84,2.07,1.76
ATP,2024,51,New York,US Open,2024-08-26,Grand Slam,Outdoor,Hard,1st Round,5,Etcheverry T.,Mpetshi G.,33,52.0,1335,1062.0,6.0,4.0,6.0,2.0,6.0,3.0,,,,,3.0,0.0,Completed,1.62,2.3,1.65,2.38,1.71,2.38,1.63,2.29
ATP,2024,51,New York,US Open,2024-08-26,Grand Slam,Outdoor,Hard,1st Round,5,Muller A.,Walton A.,77,95.0,732,601.0,3.0,6.0,7.0,6.0,6.0,3.0,6.0,4.0,,,3.0,1.0,Completed,1.5,2.63,1.47,2.91,1.5,2.91,1.46,2.73
ATP,2024,51,New York,US Open,2024-08-26,Grand Slam,Outdoor,Hard,1st Round,5,Monfils G.,Schwartzman D.,45,244.0,1155,236.0,6.0,7.0,6.0,2.0,6.0,2.0,6.0,1.0,,,3.0,1.0,Completed,1.2,4.5,1.21,5.01,1.24,5.01,1.2,4.53
ATP,2024,51,New York,US Open,2024-08-26,Grand Slam,Outdoor,Hard,1st Round,5,Dimitrov G.,Jacquet K.,9,209.0,3655,285.0,6.0,3.0,6.0,4.0,6.0,2.0,,,,,3.0,0.0,Completed,1.05,11.0,1.07,12.22,1.07,13.05,1.05,10.38
ATP,2024,51,New York,US Open,2024-08-26,Grand Slam,Outdoor,Hard,1st Round,5,Shevchenko A.,Koepfer D.,61,83.0,855,686.0,6.0,3.0,7.0,5.0,5.0,7.0,6.0,2.0,,,3.0,1.0,Completed,2.38,1.57,2.54,1.58,2.57,1.6,2.44,1.56
ATP,2024,51,New York,US Open,2024-08-26,Grand Slam,Outdoor,Hard,1st Round,5,Rinderknech A.,Eubanks C.,56,106.0,915,545.0,6.0,4.0,4.0,6.0,3.0,6.0,6.0,3.0,7.0,6.0,3.0,2.0,Completed,1.67,2.2,1.67,2.35,1.71,2.35,1.67,2.22
ATP,2024,51,New York,US Open,2024-08-26,Grand Slam,Outdoor,Hard,1st Round,5,Hijikata R.,Davidovich Fokina A.,62,59.0,848,900.0,7.0,6.0,3.0,6.0,6.0,4.0,6.0,3.0,,,3.0,1.0,Completed,3.4,1.33,3.43,1.36,3.43,1.36,3.32,1.33
ATP,2024,51,New York,US Open,2024-08-26,Grand Slam,Outdoor,Hard,1st Round,5,Nakashima B.,Rune H.,50,15.0,1105,2780.0,6.0,2.0,6.0,1.0,6.0,4.0,,,,,3.0,0.0,Completed,2.5,1.53,2.65,1.55,2.67,1.61,2.54,1.52
ATP,2024,51,New York,US Open,2024-08-26,Grand Slam,Outdoor,Hard,1st Round,5,Baez S.,Darderi L.,23,37.0,1800,1291.0,6.0,4.0,6.0,7.0,6.0,0.0,7.0,6.0,,,3.0,1.0,Completed,1.73,2.1,1.71,2.27,1.74,2.27,1.7,2.17
ATP,2024,51,New York,US Open,2024-08-27,Grand Slam,Outdoor,Hard,1st Round,5,Tiafoe F.,Kovacevic A.,20,76.0,2120,738.0,6.0,4.0,6.0,3.0,4.0,6.0,7.0,5.0,,,3.0,1.0,Completed,1.14,5.5,1.16,6.33,1.18,6.33,1.15,5.6
ATP,2024,51,New York,US Open,2024-08-27,Grand Slam,Outdoor,Hard,1st Round,5,Djere L.,Struff J.L.,109,35.0,531,1320.0,6.0,7.0,6.0,1.0,6.0,7.0,6.0,4.0,6.0,2.0,3.0,2.0,Completed,4.33,1.22,4.49,1.25,4.49,1.29,4.11,1.24
ATP,2024,51,New York,US Open,2024-08-27,Grand Slam,Outdoor,Hard,1st Round,5,Cazaux A.,Carreno Busta P.,91,213.0,609,277.0,6.0,1.0,6.0,3.0,6.0,3.0,,,,,3.0,0.0,Completed,2.38,1.57,2.47,1.61,2.47,1.64,2.38,1.58
ATP,2024,51,New York,US Open,2024-08-27,Grand Slam,Outdoor,Hard,1st Round,5,Griekspoor T.,Nagal S.,40,73.0,1210,747.0,6.0,1.0,6.0,3.0,7.0,6.0,,,,,3.0,0.0,Completed,1.2,4.5,1.23,4.79,1.24,4.79,1.21,4.41
ATP,2024,51,New York,US Open,2024-08-27,Grand Slam,Outdoor,Hard,1st Round,5,Djokovic N.,Albot R.,2,138.0,7460,424.0,6.0,2.0,6.0,2.0,6.0,4.0,,,,,3.0,0.0,Completed,1.01,29.0,1.01,57.63,1.02,57.63,1.01,24.56
ATP,2024,51,New York,US Open,2024-08-27,Grand Slam,Outdoor,Hard,1st Round,5,Hurkacz H.,Skatov T.,7,188.0,4055,315.0,6.0,3.0,7.0,6.0,7.0,6.0,,,,,3.0,0.0,Completed,1.14,5.5,1.16,6.27,1.17,6.27,1.15,5.65
ATP,2024,51,New York,US Open,2024-08-27,Grand Slam,Outdoor,Hard,1st Round,5,Goffin D.,Tabilo A.,78,21.0,725,1978.0,7.0,6.0,6.0,1.0,7.0,5.0,,,,,3.0,0.0,Completed,2.2,1.67,2.35,1.67,2.35,1.68,2.27,1.65
ATP,2024,51,New York,US Open,2024-08-27,Grand Slam,Outdoor,Hard,1st Round,5,Thompson J.,Lestienne C.,32,111.0,1376,527.0,6.0,1.0,6.0,3.0,6.0,2.0,,,,,3.0,0.0,Completed,1.13,6.0,1.14,6.7,1.15,6.7,1.13,6.07
ATP,2024,51,New York,US Open,2024-08-27,Grand Slam,Outdoor,Hard,1st Round,5,Navone M.,Altmaier D.,36,89.0,1303,637.0,1.0,6.0,6.0,2.0,6.0,4.0,6.0,1.0,,,3.0,1.0,Completed,2.38,1.57,2.34,1.68,2.4,1.72,2.29,1.63
ATP,2024,51,New York,US Open,2024-08-27,Grand Slam,Outdoor,Hard,1st Round,5,Kokkinakis T.,Tsitsipas S.,86,11.0,672,3425.0,7.0,6.0,4.0,6.0,6.0,3.0,7.0,5.0,,,3.0,1.0,Completed,3.2,1.36,3.15,1.43,3.37,1.43,3.03,1.39
ATP,2024,51,New York,US Open,2024-08-27,Grand Slam,Outdoor,Hard,1st Round,5,Schoolkate T.,Daniel T.,193,88.0,308,639.0,4.0,6.0,4.0,6.0,6.0,4.0,7.0,6.0,6.0,4.0,3.0,2.0,Completed,2.38,1.57,2.53,1.59,2.53,1.62,2.4,1.58
ATP,2024,51,New York,US Open,2024-08-27,Grand Slam,Outdoor,Hard,1st Round,5,Mensik J.,Auger-Aliassime F.,65,19.0,812,2170.0,6.0,2.0,6.0,4.0,6.0,2.0,,,,,3.0,0.0,Completed,4.0,1.25,4.14,1.28,4.25,1.29,3.93,1.26
ATP,2024,51,New York,US Open,2024-08-27,Grand Slam,Outdoor,Hard,1st Round,5,Virtanen O.,Halys Q.,125,119.0,476,498.0,6.0,3.0,6.0,3.0,6.0,7.0,6.0,2.0,,,3.0,1.0,Completed,2.0,1.8,2.11,1.81,2.19,1.82,2.06,1.78
ATP,2024,51,New York,US Open,2024-08-27,Grand Slam,Outdoor,Hard,1st Round,5,Machac T.,Fognini F.,39,71.0,1224,759.0,7.0,5.0,6.0,1.0,6.0,3.0,,,,,3.0,0.0,Completed,1.2,4.5,1.24,4.54,1.26,4.54,1.23,4.24
ATP,2024,51,New York,US Open,2024-08-27,Grand Slam,Outdoor,Hard,1st Round,5,Evans D.,Khachanov K.,184,22.0,324,1930.0,6.0,7.0,7.0,6.0,7.0,6.0,4.0,6.0,6.0,4.0,3.0,2.0,Completed,4.33,1.22,4.56,1.24,4.56,1.26,4.32,1.22
ATP,2024,51,New York,US Open,2024-08-27,Grand Slam,Outdoor,Hard,1st Round,5,Michelsen A.,Spizzirri E.,49,341.0,1115,145.0,6.0,1.0,7.0,5.0,6.0,3.0,,,,,3.0,0.0,Completed,1.22,4.33,1.24,4.63,1.27,4.73,1.23,4.2
ATP,2024,51,New York,US Open,2024-08-27,Grand Slam,Outdoor,Hard,1st Round,5,Mannarino A.,Coric B.,42,98.0,1170,582.0,7.0,5.0,6.0,2.0,6.0,3.0,,,,,3.0,0.0,Completed,3.75,1.29,3.66,1.33,3.75,1.35,3.49,1.31
ATP,2024,51,New York,US Open,2024-08-27,Grand Slam,Outdoor,Hard,1st Round,5,Draper J.,Zhang Zh.,25,41.0,1695,1185.0,6.0,3.0,6.0,0.0,4.0,0.0,,,,,2.0,0.0,Retired,1.25,4.0,1.31,3.85,1.33,4.01,1.28,3.77
ATP,2024,51,New York,US Open,2024-08-27,Grand Slam,Outdoor,Hard,1st Round,5,Safiullin R.,Forbes M.,57,1848.0,910,1.0,6.0,4.0,7.0,6.0,6.0,2.0,,,,,3.0,0.0,Completed,1.01,34.0,1.02,37.61,1.02,37.61,1.01,22.15
ATP,2024,51,New York,US Open,2024-08-27,Grand Slam,Outdoor,Hard,1st Round,5,Sinner J.,Mcdonald M.,1,140.0,9360,422.0,2.0,6.0,6.0,2.0,6.0,1.0,6.0,2.0,,,3.0,1.0,Completed,1.01,23.0,1.02,28.96,1.02,28.96,1.01,17.89
ATP,2024,51,New York,US Open,2024-08-27,Grand Slam,Outdoor,Hard,1st Round,5,Arnaldi M.,Svajda Z.,30,102.0,1470,554.0,6.0,3.0,6.0,2.0,6.0,1.0,,,,,3.0,0.0,Completed,1.3,3.5,1.38,3.33,1.41,3.6,1.33,3.35
ATP,2024,51,New York,US Open,2024-08-27,Grand Slam,Outdoor,Hard,1st Round,5,Borges N.,Coria F.,34,79.0,1325,714.0,6.0,2.0,6.0,4.0,6.0,1.0,,,,,3.0,0.0,Completed,1.11,6.5,1.1,8.73,1.11,8.9,1.1,7.37
ATP,2024,51,New York,US Open,2024-08-27,Grand Slam,Outdoor,Hard,1st Round,5,Diaz Acosta F.,Gaston H.,64,63.0,827,830.0,6.0,1.0,6.0,4.0,6.0,2.0,,,,,3.0,0.0,Completed,2.38,1.57,2.33,1.68,2.4,1.68,2.29,1.63
ATP,2024,51,New York,US Open,2024-08-27,Grand Slam,Outdoor,Hard,1st Round,5,De Minaur A.,Giron M.,10,46.0,3435,1150.0,6.0,3.0,6.0,4.0,5.0,7.0,6.0,4.0,,,3.0,1.0,Completed,1.29,3.75,1.26,4.34,1.31,4.34,1.26,3.92
ATP,2024,51,New York,US Open,2024-08-27,Grand Slam,Outdoor,Hard,1st Round,5,Fils A.,Tien L.,24,191.0,1770,309.0,6.0,4.0,3.0,6.0,6.0,1.0,6.0,2.0,,,3.0,1.0,Completed,1.3,3.75,1.35,3.5,1.38,3.75,1.34,3.29
ATP,2024,51,New York,US Open,2024-08-27,Grand Slam,Outdoor,Hard,1st Round,5,Medvedev D.,Lajovic D.,5,66.0,6275,811.0,6.0,3.0,3.0,6.0,6.0,3.0,6.0,1.0,,,3.0,1.0,Completed,1.04,13.0,1.06,14.11,1.07,14.11,1.04,11.51
ATP,2024,51,New York,US Open,2024-08-27,Grand Slam,Outdoor,Hard,1st Round,5,Van De Zandschulp B.,Shapovalov D.,74,105.0,739,550.0,6.0,4.0,7.0,5.0,6.0,4.0,,,,,3.0,0.0,Completed,3.5,1.3,3.78,1.32,4.05,1.33,3.69,1.28
ATP,2024,51,New York,US Open,2024-08-27,Grand Slam,Outdoor,Hard,1st Round,5,Purcell M.,Vukic A.,97,92.0,585,609.0,7.0,5.0,6.0,4.0,6.0,3.0,,,,,3.0,0.0,Completed,2.2,1.67,2.19,1.76,2.23,1.8,2.15,1.71
ATP,2024,51,New York,US Open,2024-08-27,Grand Slam,Outdoor,Hard,1st Round,5,Korda S.,Moutet C.,16,69.0,2545,780.0,7.0,6.0,6.0,1.0,6.0,0.0,,,,,3.0,0.0,Completed,1.22,4.33,1.23,4.74,1.25,4.74,1.22,4.37
ATP,2024,51,New York,US Open,2024-08-27,Grand Slam,Outdoor,Hard,1st Round,5,Cobolli F.,Duckworth J.,31,70.0,1418,764.0,6.0,1.0,4.0,6.0,6.0,4.0,6.0,4.0,,,3.0,1.0,Completed,1.3,3.5,1.32,3.75,1.35,3.75,1.31,3.52
ATP,2024,51,New York,US Open,2024-08-27,Grand Slam,Outdoor,Hard,1st Round,5,Marozsan F.,Medjedovic H.,51,137.0,1090,431.0,2.0,6.0,6.0,1.0,3.0,6.0,6.0,1.0,6.0,4.0,3.0,2.0,Completed,1.73,2.1,1.79,2.14,1.79,2.2,1.74,2.11
ATP,2024,51,New York,US Open,2024-08-27,Grand Slam,Outdoor,Hard,1st Round,5,Diallo G.,Munar J.,143,84.0,413,682.0,6.0,4.0,3.0,6.0,6.0,3.0,7.0,5.0,,,3.0,1.0,Completed,1.91,1.91,1.98,1.93,1.98,1.98,1.89,1.91
ATP,2024,51,New York,US Open,2024-08-27,Grand Slam,Outdoor,Hard,1st Round,5,Bergs Z.,Kotov P.,80,60.0,697,864.0,6.0,2.0,4.0,6.0,6.0,2.0,3.0,6.0,7.0,6.0,3.0,2.0,Completed,1.8,2.0,1.75,2.21,1.8,2.21,1.75,2.09
ATP,2024,51,New York,US Open,2024-08-27,Grand Slam,Outdoor,Hard,1st Round,5,O Connell C.,Jarry N.,87,26.0,671,1675.0,6.0,4.0,6.0,3.0,4.0,6.0,6.0,3.0,,,3.0,1.0,Completed,2.75,1.44,2.84,1.49,2.84,1.5,2.72,1.46
ATP,2024,51,New York,US Open,2024-08-28,Grand Slam,Outdoor,Hard,1st Round,5,Bellucci M.,Wawrinka S.,101,176.0,555,333.0,6.0,4.0,7.0,6.0,6.0,3.0,,,,,3.0,0.0,Completed,1.4,3.0,1.4,3.2,1.47,3.2,1.39,3.0
ATP,2024,51,New York,US Open,2024-08-28,Grand Slam,Outdoor,Hard,1st Round,5,Alcaraz C.,Tu L.,3,186.0,7360,322.0,6.0,2.0,4.0,6.0,6.0,3.0,6.0,1.0,,,3.0,1.0,Completed,1.0,51.0,1.01,47.27,1.01,53.38,1.0,26.03
ATP,2024,51,New York,US Open,2024-08-28,Grand Slam,Outdoor,Hard,1st Round,5,Paul T.,Sonego L.,14,48.0,2985,1116.0,6.0,4.0,6.0,2.0,5.0,7.0,6.0,2.0,,,3.0,1.0,Completed,1.22,4.33,1.24,4.65,1.26,4.65,1.23,4.26
ATP,2024,51,New York,US Open,2024-08-28,Grand Slam,Outdoor,Hard,2nd Round,5,Lehecka J.,Krueger M.,38,179.0,1255,332.0,6.0,7.0,0.0,6.0,6.0,4.0,6.0,4.0,7.0,5.0,3.0,2.0,Completed,1.22,4.33,1.23,4.73,1.23,4.75,1.22,4.27
ATP,2024,51,New York,US Open,2024-08-28,Grand Slam,Outdoor,Hard,2nd Round,5,Etcheverry T.,Cerundolo F.,33,29.0,1335,1495.0,6.0,3.0,4.0,6.0,6.0,4.0,1.0,6.0,6.0,3.0,3.0,2.0,Completed,1.8,2.0,1.74,2.23,1.8,2.23,1.75,2.06
ATP,2024,51,New York,US Open,2024-08-28,Grand Slam,Outdoor,Hard,2nd Round,5,Dimitrov G.,Hijikata R.,9,62.0,3655,848.0,6.0,1.0,6.0,1.0,7.0,6.0,,,,,3.0,0.0,Completed,1.07,9.0,1.12,7.95,1.12,9.0,1.09,7.44
ATP,2024,51,New York,US Open,2024-08-28,Grand Slam,Outdoor,Hard,2nd Round,5,Griekspoor T.,Baez S.,40,23.0,1210,1800.0,6.0,1.0,2.0,0.0,,,,,,,1.0,0.0,Retired,1.57,2.38,1.54,2.68,1.57,2.68,1.54,2.49
ATP,2024,51,New York,US Open,2024-08-28,Grand Slam,Outdoor,Hard,2nd Round,5,Nakashima B.,Cazaux A.,50,91.0,1105,609.0,6.0,4.0,6.0,4.0,6.0,2.0,,,,,3.0,0.0,Completed,1.29,3.75,1.29,4.04,1.3,4.04,1.28,3.76
ATP,2024,51,New York,US Open,2024-08-28,Grand Slam,Outdoor,Hard,2nd Round,5,Zverev A.,Muller A.,4,77.0,7035,732.0,6.0,4.0,7.0,6.0,6.0,1.0,,,,,3.0,0.0,Completed,1.03,17.0,1.05,15.64,1.06,17.6,1.04,12.84
ATP,2024,51,New York,US Open,2024-08-28,Grand Slam,Outdoor,Hard,2nd Round,5,Tiafoe F.,Shevchenko A.,20,61.0,2120,855.0,6.0,4.0,6.0,1.0,1.0,0.0,,,,,2.0,0.0,Retired,1.14,5.5,1.17,6.01,1.17,6.01,1.15,5.49
ATP,2024,51,New York,US Open,2024-08-28,Grand Slam,Outdoor,Hard,2nd Round,5,Rublev A.,Rinderknech A.,6,56.0,4805,915.0,4.0,6.0,5.0,7.0,6.0,1.0,6.0,2.0,6.0,2.0,3.0,2.0,Completed,1.13,6.0,1.14,6.76,1.14,7.0,1.12,6.19
ATP,2024,51,New York,US Open,2024-08-28,Grand Slam,Outdoor,Hard,2nd Round,5,Comesana F.,Humbert U.,108,17.0,532,2330.0,5.0,7.0,6.0,4.0,6.0,4.0,6.0,4.0,,,3.0,1.0,Completed,8.0,1.08,7.51,1.12,8.01,1.12,7.18,1.1
ATP,2024,51,New York,US Open,2024-08-28,Grand Slam,Outdoor,Hard,2nd Round,5,Shang J.,Carballes Baena R.,72,55.0,754,916.0,6.0,2.0,6.0,3.0,7.0,6.0,,,,,3.0,0.0,Completed,1.33,3.4,1.36,3.44,1.36,3.6,1.33,3.31
ATP,2024,51,New York,US Open,2024-08-28,Grand Slam,Outdoor,Hard,2nd Round,5,Popyrin A.,Martinez P.,28,43.0,1635,1168.0,6.0,2.0,6.0,4.0,6.0,0.0,,,,,3.0,0.0,Completed,1.17,5.0,1.2,5.3,1.2,5.36,1.18,5.0
ATP,2024,51,New York,US Open,2024-08-28,Grand Slam,Outdoor,Hard,2nd Round,5,Shelton B.,Bautista Agut R.,13,67.0,3110,791.0,6.0,3.0,6.0,4.0,6.0,4.0,,,,,3.0,0.0,Completed,1.17,5.0,1.19,5.44,1.2,5.44,1.17,5.04
ATP,2024,51,New York,US Open,2024-08-28,Grand Slam,Outdoor,Hard,2nd Round,5,Musetti L.,Kecmanovic M.,18,54.0,2255,940.0,3.0,6.0,6.0,4.0,6.0,4.0,2.0,6.0,7.0,5.0,3.0,2.0,Completed,1.4,3.0,1.45,2.99,1.45,3.21,1.41,2.95
ATP,2024,51,New York,US Open,2024-08-28,Grand Slam,Outdoor,Hard,2nd Round,5,Ruud C.,Monfils G.,8,45.0,3855,1155.0,6.0,4.0,6.0,2.0,2.0,6.0,7.0,6.0,,,3.0,1.0,Completed,1.5,2.63,1.56,2.58,1.56,2.68,1.51,2.56
ATP,2024,51,New York,US Open,2024-08-29,Grand Slam,Outdoor,Hard,2nd Round,5,Fritz T.,Berrettini M.,12,44.0,3120,1160.0,6.0,3.0,7.0,6.0,6.0,1.0,,,,,3.0,0.0,Completed,1.53,2.5,1.57,2.57,1.57,2.57,1.54,2.47
ATP,2024,51,New York,US Open,2024-08-29,Grand Slam,Outdoor,Hard,2nd Round,5,Djokovic N.,Djere L.,2,109.0,7460,531.0,6.0,4.0,6.0,4.0,2.0,0.0,,,,,2.0,0.0,Retired,1.02,21.0,1.02,31.6,1.02,31.6,1.02,20.55
ATP,2024,51,New York,US Open,2024-08-29,Grand Slam,Outdoor,Hard,2nd Round,5,Arnaldi M.,Safiullin R.,30,57.0,1470,910.0,6.0,2.0,6.0,4.0,6.0,4.0,,,,,3.0,0.0,Completed,1.67,2.2,1.79,2.15,1.84,2.22,1.73,2.12
ATP,2024,51,New York,US Open,2024-08-29,Grand Slam,Outdoor,Hard,2nd Round,5,Machac T.,Korda S.,39,16.0,1224,2545.0,6.0,4.0,6.0,2.0,6.0,4.0,,,,,3.0,0.0,Completed,3.4,1.33,3.69,1.33,3.69,1.34,3.48,1.31
ATP,2024,51,New York,US Open,2024-08-29,Grand Slam,Outdoor,Hard,2nd Round,5,O Connell C.,Bellucci M.,87,101.0,671,555.0,6.0,3.0,6.0,4.0,3.0,6.0,6.0,3.0,,,3.0,1.0,Completed,3.0,1.4,3.1,1.42,3.11,1.42,2.98,1.4
ATP,2024,51,New York,US Open,2024-08-29,Grand Slam,Outdoor,Hard,2nd Round,5,Thompson J.,Hurkacz H.,32,7.0,1376,4055.0,7.0,6.0,6.0,1.0,7.0,5.0,,,,,3.0,0.0,Completed,2.63,1.5,2.53,1.59,2.77,1.59,2.62,1.5
ATP,2024,51,New York,US Open,2024-08-29,Grand Slam,Outdoor,Hard,2nd Round,5,Sinner J.,Michelsen A.,1,49.0,9360,1115.0,6.0,4.0,6.0,0.0,6.0,2.0,,,,,3.0,0.0,Completed,1.04,13.0,1.05,15.93,1.05,15.93,1.04,12.25
ATP,2024,51,New York,US Open,2024-08-29,Grand Slam,Outdoor,Hard,2nd Round,5,Borges N.,Kokkinakis T.,34,86.0,1325,672.0,6.0,4.0,7.0,5.0,7.0,5.0,,,,,3.0,0.0,Completed,2.1,1.73,2.19,1.76,2.27,1.8,2.14,1.71
ATP,2024,51,New York,US Open,2024-08-29,Grand Slam,Outdoor,Hard,2nd Round,5,Goffin D.,Mannarino A.,78,42.0,725,1170.0,6.0,7.0,6.0,3.0,6.0,2.0,7.0,6.0,,,3.0,1.0,Completed,1.36,3.2,1.38,3.35,1.39,3.43,1.35,3.23
ATP,2024,51,New York,US Open,2024-08-29,Grand Slam,Outdoor,Hard,2nd Round,5,Draper J.,Diaz Acosta F.,25,64.0,1695,827.0,6.0,4.0,6.0,2.0,6.0,2.0,,,,,3.0,0.0,Completed,1.07,9.0,1.1,8.81,1.1,9.02,1.08,8.24
ATP,2024,51,New York,US Open,2024-08-29,Grand Slam,Outdoor,Hard,2nd Round,5,De Minaur A.,Virtanen O.,10,125.0,3435,476.0,7.0,5.0,6.0,1.0,7.0,6.0,,,,,3.0,0.0,Completed,1.22,4.33,1.27,4.21,1.27,4.4,1.24,4.16
ATP,2024,51,New York,US Open,2024-08-29,Grand Slam,Outdoor,Hard,2nd Round,5,Cobolli F.,Bergs Z.,31,80.0,1418,697.0,4.0,6.0,6.0,3.0,7.0,5.0,6.0,3.0,,,3.0,1.0,Completed,1.53,2.5,1.56,2.59,1.6,2.6,1.54,2.5
ATP,2024,51,New York,US Open,2024-08-29,Grand Slam,Outdoor,Hard,2nd Round,5,Diallo G.,Fils A.,143,24.0,413,1770.0,7.0,5.0,6.0,7.0,6.0,4.0,6.0,4.0,,,3.0,1.0,Completed,3.4,1.33,3.45,1.36,3.5,1.36,3.33,1.34
ATP,2024,51,New York,US Open,2024-08-29,Grand Slam,Outdoor,Hard,2nd Round,5,Mensik J.,Schoolkate T.,65,193.0,812,308.0,6.0,7.0,2.0,6.0,6.0,2.0,7.0,6.0,7.0,6.0,3.0,2.0,Completed,1.17,5.0,1.23,4.73,1.27,5.0,1.21,4.51
ATP,2024,51,New York,US Open,2024-08-29,Grand Slam,Outdoor,Hard,2nd Round,5,Evans D.,Navone M.,184,36.0,324,1303.0,6.0,4.0,6.0,3.0,6.0,3.0,,,,,3.0,0.0,Completed,2.0,1.8,1.93,1.97,2.0,1.97,1.92,1.89
ATP,2024,51,New York,US Open,2024-08-29,Grand Slam,Outdoor,Hard,2nd Round,5,Paul T.,Purcell M.,14,97.0,2985,585.0,7.0,5.0,6.0,0.0,1.0,0.0,,,,,2.0,0.0,Retired,1.08,8.0,1.11,8.34,1.13,8.5,1.1,7.28
ATP,2024,51,New York,US Open,2024-08-30,Grand Slam,Outdoor,Hard,2nd Round,5,Medvedev D.,Marozsan F.,5,51.0,6275,1090.0,6.0,3.0,6.0,2.0,7.0,6.0,,,,,3.0,0.0,Completed,1.1,7.0,1.11,8.03,1.12,8.19,1.1,7.13
ATP,2024,51,New York,US Open,2024-08-30,Grand Slam,Outdoor,Hard,2nd Round,5,Van De Zandschulp B.,Alcaraz C.,74,3.0,739,7360.0,6.0,1.0,7.0,5.0,6.0,4.0,,,,,3.0,0.0,Completed,29.0,1.01,32.02,1.02,33.86,1.03,19.07,1.01
ATP,2024,51,New York,US Open,2024-08-30,Grand Slam,Outdoor,Hard,3rd Round,5,Tiafoe F.,Shelton B.,20,13.0,2120,3110.0,4.0,6.0,7.0,5.0,6.0,7.0,6.0,4.0,6.0,3.0,3.0,2.0,Completed,2.3,1.62,2.45,1.62,2.45,1.66,2.31,1.61
ATP,2024,51,New York,US Open,2024-08-30,Grand Slam,Outdoor,Hard,3rd Round,5,Rublev A.,Lehecka J.,6,38.0,4805,1255.0,6.0,3.0,7.0,5.0,6.0,4.0,,,,,3.0,0.0,Completed,1.33,3.4,1.35,3.5,1.37,3.5,1.34,3.28
ATP,2024,51,New York,US Open,2024-08-30,Grand Slam,Outdoor,Hard,3rd Round,5,Dimitrov G.,Griekspoor T.,9,40.0,3655,1210.0,6.0,3.0,6.0,3.0,6.0,1.0,,,,,3.0,0.0,Completed,1.2,4.5,1.21,5.05,1.24,5.05,1.21,4.52
ATP,2024,51,New York,US Open,2024-08-30,Grand Slam,Outdoor,Hard,3rd Round,5,Fritz T.,Comesana F.,12,108.0,3120,532.0,6.0,3.0,6.0,4.0,6.0,2.0,,,,,3.0,0.0,Completed,1.03,15.0,1.05,15.33,1.05,15.33,1.03,12.79
ATP,2024,51,New York,US Open,2024-08-30,Grand Slam,Outdoor,Hard,3rd Round,5,Ruud C.,Shang J.,8,72.0,3855,754.0,6.0,7.0,3.0,6.0,6.0,0.0,6.0,3.0,6.0,1.0,3.0,2.0,Completed,1.36,3.2,1.44,3.05,1.44,3.37,1.39,3.0
ATP,2024,51,New York,US Open,2024-08-30,Grand Slam,Outdoor,Hard,3rd Round,5,Nakashima B.,Musetti L.,50,18.0,1105,2255.0,6.0,2.0,3.0,6.0,6.0,3.0,7.0,6.0,,,3.0,1.0,Completed,1.62,2.3,1.69,2.3,1.69,2.38,1.63,2.29
ATP,2024,51,New York,US Open,2024-08-31,Grand Slam,Outdoor,Hard,3rd Round,5,Popyrin A.,Djokovic N.,28,2.0,1635,7460.0,6.0,4.0,6.0,4.0,2.0,6.0,6.0,4.0,,,3.0,1.0,Completed,6.0,1.13,6.25,1.16,6.46,1.16,5.97,1.14
ATP,2024,51,New York,US Open,2024-08-31,Grand Slam,Outdoor,Hard,3rd Round,5,Zverev A.,Etcheverry T.,4,33.0,7035,1335.0,5.0,7.0,7.0,5.0,6.0,1.0,6.0,3.0,,,3.0,1.0,Completed,1.04,13.0,1.07,11.58,1.07,13.0,1.06,10.13
ATP,2024,51,New York,US Open,2024-08-31,Grand Slam,Outdoor,Hard,3rd Round,5,Machac T.,Goffin D.,39,78.0,1224,725.0,6.0,3.0,6.0,1.0,6.0,2.0,,,,,3.0,0.0,Completed,1.53,2.5,1.65,2.4,1.67,2.51,1.58,2.39
ATP,2024,51,New York,US Open,2024-08-31,Grand Slam,Outdoor,Hard,3rd Round,5,Draper J.,Van De Zandschulp B.,25,74.0,1695,739.0,6.0,3.0,6.0,4.0,6.0,2.0,,,,,3.0,0.0,Completed,1.25,4.0,1.28,4.11,1.31,4.25,1.27,3.86
ATP,2024,51,New York,US Open,2024-08-31,Grand Slam,Outdoor,Hard,3rd Round,5,Sinner J.,O Connell C.,1,87.0,9360,671.0,6.0,1.0,6.0,4.0,6.0,2.0,,,,,3.0,0.0,Completed,1.01,26.0,1.03,21.16,1.03,26.0,1.02,16.87
ATP,2024,51,New York,US Open,2024-08-31,Grand Slam,Outdoor,Hard,3rd Round,5,Paul T.,Diallo G.,14,143.0,2985,413.0,6.0,7.0,6.0,3.0,6.0,1.0,7.0,6.0,,,3.0,1.0,Completed,1.1,7.0,1.12,7.84,1.13,8.0,1.11,6.92
ATP,2024,51,New York,US Open,2024-08-31,Grand Slam,Outdoor,Hard,3rd Round,5,Borges N.,Mensik J.,34,65.0,1325,812.0,6.0,7.0,6.0,1.0,3.0,6.0,7.0,6.0,6.0,0.0,3.0,2.0,Completed,1.57,2.38,1.63,2.44,1.63,2.44,1.59,2.36
ATP,2024,51,New York,US Open,2024-08-31,Grand Slam,Outdoor,Hard,3rd Round,5,Thompson J.,Arnaldi M.,32,30.0,1376,1470.0,7.0,5.0,6.0,2.0,7.0,6.0,,,,,3.0,0.0,Completed,1.91,1.91,1.85,2.06,1.91,2.06,1.85,1.95
ATP,2024,51,New York,US Open,2024-09-01,Grand Slam,Outdoor,Hard,3rd Round,5,De Minaur A.,Evans D.,10,184.0,3435,324.0,6.0,3.0,6.0,7.0,6.0,0.0,6.0,0.0,,,3.0,1.0,Completed,1.14,5.5,1.16,6.24,1.18,6.24,1.15,5.54
ATP,2024,51,New York,US Open,2024-09-01,Grand Slam,Outdoor,Hard,3rd Round,5,Medvedev D.,Cobolli F.,5,31.0,6275,1418.0,6.0,3.0,6.0,4.0,6.0,3.0,,,,,3.0,0.0,Completed,1.13,6.0,1.11,8.01,1.17,8.01,1.12,6.48
ATP,2024,51,New York,US Open,2024-09-01,Grand Slam,Outdoor,Hard,4th Round,5,Dimitrov G.,Rublev A.,9,6.0,3655,4805.0,6.0,3.0,7.0,6.0,1.0,6.0,3.0,6.0,6.0,3.0,3.0,2.0,Completed,2.0,1.8,2.03,1.88,2.14,1.91,2.01,1.81
ATP,2024,51,New York,US Open,2024-09-01,Grand Slam,Outdoor,Hard,4th Round,5,Fritz T.,Ruud C.,12,8.0,3120,3855.0,3.0,6.0,6.0,4.0,6.0,3.0,6.0,2.0,,,3.0,1.0,Completed,1.36,3.2,1.35,3.52,1.4,3.52,1.34,3.26
ATP,2024,51,New York,US Open,2024-09-01,Grand Slam,Outdoor,Hard,4th Round,5,Zverev A.,Nakashima B.,4,50.0,7035,1105.0,3.0,6.0,6.0,1.0,6.0,2.0,6.0,2.0,,,3.0,1.0,Completed,1.22,4.33,1.26,4.38,1.26,4.38,1.23,4.19
ATP,2024,51,New York,US Open,2024-09-02,Grand Slam,Outdoor,Hard,4th Round,5,Tiafoe F.,Popyrin A.,20,28.0,2120,1635.0,6.0,4.0,7.0,6.0,2.0,6.0,6.0,3.0,,,3.0,1.0,Completed,1.91,1.91,2.01,1.89,2.01,2.02,1.93,1.89
ATP,2024,51,New York,US Open,2024-09-02,Grand Slam,Outdoor,Hard,4th Round,5,Draper J.,Machac T.,25,39.0,1695,1224.0,6.0,3.0,6.0,1.0,6.0,2.0,,,,,3.0,0.0,Completed,1.44,2.75,1.45,2.98,1.52,2.98,1.45,2.77
ATP,2024,51,New York,US Open,2024-09-02,Grand Slam,Outdoor,Hard,4th Round,5,Medvedev D.,Borges N.,5,34.0,6275,1325.0,6.0,0.0,6.0,1.0,6.0,3.0,,,,,3.0,0.0,Completed,1.1,7.0,1.1,8.9,1.11,8.9,1.09,7.61
ATP,2024,51,New York,US Open,2024-09-02,Grand Slam,Outdoor,Hard,4th Round,5,De Minaur A.,Thompson J.,10,32.0,3435,1376.0,6.0,0.0,3.0,6.0,6.0,3.0,7.0,5.0,,,3.0,1.0,Completed,1.25,4.0,1.27,4.22,1.29,4.26,1.26,3.88
ATP,2024,51,New York,US Open,2024-09-03,Grand Slam,Outdoor,Hard,4th Round,5,Sinner J.,Paul T.,1,14.0,9360,2985.0,7.0,6.0,7.0,6.0,6.0,1.0,,,,,3.0,0.0,Completed,1.14,5.5,1.15,6.57,1.17,6.61,1.14,5.82
ATP,2024,51,New York,US Open,2024-09-03,Grand Slam,Outdoor,Hard,Quarterfinals,5,Fritz T.,Zverev A.,12,4.0,3120,7035.0,7.0,6.0,3.0,6.0,6.0,4.0,7.0,6.0,,,3.0,1.0,Completed,2.5,1.53,2.49,1.61,2.63,1.61,2.46,1.55
ATP,2024,51,New York,US Open,2024-09-04,Grand Slam,Outdoor,Hard,Quarterfinals,5,Tiafoe F.,Dimitrov G.,20,9.0,2120,3655.0,6.0,3.0,6.0,7.0,6.0,3.0,4.0,1.0,,,2.0,1.0,Retired,2.38,1.57,2.44,1.63,2.44,1.66,2.31,1.62
ATP,2024,51,New York,US Open,2024-09-04,Grand Slam,Outdoor,Hard,Quarterfinals,5,Draper J.,De Minaur A.,25,10.0,1695,3435.0,6.0,3.0,7.0,5.0,6.0,2.0,,,,,3.0,0.0,Completed,2.2,1.67,2.33,1.68,2.33,1.73,2.22,1.67
ATP,2024,51,New York,US Open,2024-09-05,Grand Slam,Outdoor,Hard,Quarterfinals,5,Sinner J.,Medvedev D.,1,5.0,9360,6275.0,6.0,2.0,1.0,6.0,6.0,1.0,6.0,4.0,,,3.0,1.0,Completed,1.36,3.2,1.36,3.44,1.4,3.52,1.34,3.28
ATP,2024,51,New York,US Open,2024-09-06,Grand Slam,Outdoor,Hard,Semifinals,5,Sinner J.,Draper J.,1,25.0,9360,1695.0,7.0,5.0,7.0,6.0,6.0,2.0,,,,,3.0,0.0,Completed,1.17,5.0,1.16,6.2,1.18,6.2,1.16,5.41
ATP,2024,51,New York,US Open,2024-09-07,Grand Slam,Outdoor,Hard,Semifinals,5,Fritz T.,Tiafoe F.,12,20.0,3120,2120.0,4.0,6.0,7.0,5.0,4.0,6.0,6.0,4.0,6.0,1.0,3.0,2.0,Completed,1.33,3.4,1.34,3.6,1.37,3.6,1.34,3.29
ATP,2024,51,New York,US Open,2024-09-08,Grand Slam,Outdoor,Hard,The Final,5,Sinner J.,Fritz T.,1,12.0,9360,3120.0,6.0,3.0,6.0,4.0,7.0,5.0,,,,,3.0,0.0,Completed,1.25,4.0,1.26,4.37,1.28,4.5,1.24,4.19
