Tour,Year,ATP,Location,Tournament,Date,Series,Court,Surface,Round,Best of,Winner,Loser,WRank,LRank,WPts,LPts,W1,L1,W2,L2,W3,L3,W4,L4,W5,L5,Wsets,Lsets,Comment,B365W,B365L,PSW,PSL,MaxW,MaxL,AvgW,AvgL
ATP,2022,5,Melbourne,Australian Open,2022-01-17,Grand Slam,Outdoor,Hard,1st Round,5.0,Shapovalov D.,Djere L.,14,51.0,2593,1156.0,7.0,6.0,6.0,4.0,3.0,6.0,7.0,6.0,,,3.0,1.0,Completed,1.1,7.0,1.07,10.98,1.14,10.98,1.1,7.09
ATP,2022,5,Melbourne,Australian Open,2022-01-17,Grand Slam,Outdoor,Hard,1st Round,5.0,Kwon S.W.,Rune H.,54,99.0,1085,742.0,3.0,6.0,6.0,4.0,3.0,6.0,6.0,3.0,6.0,2.0,3.0,2.0,Completed,1.66,2.2,1.64,2.42,1.78,2.42,1.68,2.18
ATP,2022,5,Melbourne,Australian Open,2022-01-17,Grand Slam,Outdoor,Hard,1st Round,5.0,Lajovic D.,Fucsovics M.,39,35.0,1346,1457.0,6.0,3.0,4.0,6.0,6.0,1.0,6.0,7.0,6.0,1.0,3.0,2.0,Completed,3.2,1.36,3.43,1.36,3.45,1.42,3.2,1.35
ATP,2022,5,Melbourne,Australian Open,2022-01-17,Grand Slam,Outdoor,Hard,1st Round,5.0,Vukic A.,Harris L.,144,33.0,477,1473.0,4.0,6.0,6.0,3.0,7.0,5.0,7.0,6.0,,,3.0,1.0,Completed,3.5,1.3,3.47,1.36,3.75,1.36,3.41,1.31
ATP,2022,5,Melbourne,Australian Open,2022-01-17,Grand Slam,Outdoor,Hard,1st Round,5.0,Garin C.,Bagnis F.,19,72.0,2375,868.0,6.0,3.0,6.0,4.0,5.0,7.0,6.0,7.0,6.0,3.0,3.0,2.0,Completed,1.5,2.62,1.52,2.75,1.57,2.88,1.49,2.6
ATP,2022,5,Melbourne,Australian Open,2022-01-17,Grand Slam,Outdoor,Hard,1st Round,5.0,Martinez P.,Delbonis F.,61,38.0,1001,1347.0,7.0,6.0,3.0,6.0,6.0,4.0,6.0,2.0,,,3.0,1.0,Completed,1.3,3.5,1.3,3.89,1.31,3.91,1.28,3.64
ATP,2022,5,Melbourne,Australian Open,2022-01-17,Grand Slam,Outdoor,Hard,1st Round,5.0,Bonzi B.,Gojowczyk P.,63,82.0,979,802.0,6.0,3.0,6.0,3.0,6.0,3.0,,,,,3.0,0.0,Completed,1.36,3.2,1.36,3.47,1.44,3.52,1.35,3.19
ATP,2022,5,Melbourne,Australian Open,2022-01-17,Grand Slam,Outdoor,Hard,1st Round,5.0,Albot R.,Nishioka Y.,124,119.0,587,610.0,6.0,3.0,6.0,4.0,4.0,6.0,6.0,2.0,,,3.0,1.0,Completed,2.0,1.8,1.93,1.97,2.2,1.97,2.0,1.81
ATP,2022,5,Melbourne,Australian Open,2022-01-17,Grand Slam,Outdoor,Hard,1st Round,5.0,Alcaraz C.,Tabilo A.,31,135.0,1609,518.0,6.0,2.0,6.0,2.0,6.0,3.0,,,,,3.0,0.0,Completed,1.16,5.0,1.16,6.3,1.24,6.3,1.17,5.2
ATP,2022,5,Melbourne,Australian Open,2022-01-17,Grand Slam,Outdoor,Hard,1st Round,5.0,Kozlov S.,Vesely J.,169,78.0,401,824.0,7.0,5.0,6.0,3.0,6.0,4.0,,,,,3.0,0.0,Completed,2.62,1.5,2.66,1.54,2.73,1.58,2.58,1.5
ATP,2022,5,Melbourne,Australian Open,2022-01-17,Grand Slam,Outdoor,Hard,1st Round,5.0,Monfils G.,Coria F.,20,64.0,2373,976.0,6.0,1.0,6.0,1.0,6.0,3.0,,,,,3.0,0.0,Completed,1.04,13.0,1.03,18.65,1.05,21.0,1.03,14.34
ATP,2022,5,Melbourne,Australian Open,2022-01-17,Grand Slam,Outdoor,Hard,1st Round,5.0,Berrettini M.,Nakashima B.,7,68.0,4568,917.0,4.0,6.0,6.0,2.0,7.0,6.0,6.0,3.0,,,3.0,1.0,Completed,1.3,3.5,1.36,3.43,1.38,3.86,1.31,3.43
ATP,2022,5,Melbourne,Australian Open,2022-01-17,Grand Slam,Outdoor,Hard,1st Round,5.0,Khachanov K.,Kudla D.,30,105.0,1748,714.0,3.0,6.0,6.0,3.0,6.0,2.0,7.0,6.0,,,3.0,1.0,Completed,1.12,6.0,1.11,7.95,1.13,8.0,1.1,6.92
ATP,2022,5,Melbourne,Australian Open,2022-01-17,Grand Slam,Outdoor,Hard,1st Round,5.0,Mannarino A.,Duckworth J.,69,49.0,879,1166.0,6.0,4.0,2.0,6.0,3.0,6.0,6.0,2.0,6.0,1.0,3.0,2.0,Completed,2.37,1.57,2.67,1.54,2.86,1.62,2.53,1.52
ATP,2022,5,Melbourne,Australian Open,2022-01-17,Grand Slam,Outdoor,Hard,1st Round,5.0,Carreno Busta P.,Etcheverry T.,21,131.0,2305,556.0,6.0,1.0,6.0,2.0,7.0,6.0,,,,,3.0,0.0,Completed,1.06,10.0,1.06,11.95,1.09,13.75,1.06,9.91
ATP,2022,5,Melbourne,Australian Open,2022-01-17,Grand Slam,Outdoor,Hard,1st Round,5.0,Bublik A.,Escobedo E.,37,141.0,1411,497.0,3.0,6.0,7.0,6.0,6.0,3.0,6.0,3.0,,,3.0,1.0,Completed,1.72,2.1,1.69,2.31,1.78,2.31,1.68,2.22
ATP,2022,5,Melbourne,Australian Open,2022-01-17,Grand Slam,Outdoor,Hard,1st Round,5.0,Nadal R.,Giron M.,5,66.0,4875,920.0,6.0,1.0,6.0,4.0,6.0,2.0,,,,,3.0,0.0,Completed,1.05,11.0,1.04,15.56,1.07,17.0,1.04,11.86
ATP,2022,5,Melbourne,Australian Open,2022-01-17,Grand Slam,Outdoor,Hard,1st Round,5.0,Korda S.,Norrie C.,43,12.0,1286,2900.0,6.0,3.0,6.0,0.0,6.0,4.0,,,,,3.0,0.0,Completed,2.37,1.57,2.48,1.61,2.56,1.61,2.44,1.55
ATP,2022,5,Melbourne,Australian Open,2022-01-17,Grand Slam,Outdoor,Hard,1st Round,5.0,Hurkacz H.,Gerasimov E.,11,106.0,3336,714.0,6.0,2.0,7.0,6.0,6.0,7.0,6.0,3.0,,,3.0,1.0,Completed,1.11,6.5,1.11,8.2,1.14,8.2,1.11,6.68
ATP,2022,5,Melbourne,Australian Open,2022-01-17,Grand Slam,Outdoor,Hard,1st Round,5.0,Koepfer D.,Taberner C.,53,108.0,1096,707.0,6.0,1.0,3.0,6.0,6.0,4.0,6.0,1.0,,,3.0,1.0,Completed,1.3,3.5,1.36,3.43,1.4,3.75,1.33,3.33
ATP,2022,5,Melbourne,Australian Open,2022-01-17,Grand Slam,Outdoor,Hard,1st Round,5.0,Moutet C.,Pouille L.,100,160.0,737,440.0,3.0,6.0,6.0,3.0,6.0,4.0,6.0,3.0,,,3.0,1.0,Completed,1.25,4.0,1.31,3.86,1.31,4.45,1.26,3.81
ATP,2022,5,Melbourne,Australian Open,2022-01-17,Grand Slam,Outdoor,Hard,1st Round,5.0,Griekspoor T.,Fognini F.,62,32.0,1001,1494.0,6.0,1.0,6.0,4.0,6.0,4.0,,,,,3.0,0.0,Completed,2.2,1.66,2.14,1.8,2.27,1.84,2.16,1.69
ATP,2022,5,Melbourne,Australian Open,2022-01-17,Grand Slam,Outdoor,Hard,1st Round,5.0,Mcdonald M.,Milojevic N.,55,139.0,1084,506.0,5.0,7.0,6.0,4.0,6.0,3.0,6.0,2.0,,,3.0,1.0,Completed,1.16,5.0,1.22,4.93,1.22,6.0,1.19,4.85
ATP,2022,5,Melbourne,Australian Open,2022-01-17,Grand Slam,Outdoor,Hard,1st Round,5.0,Kecmanovic M.,Caruso S.,77,146.0,836,458.0,6.0,4.0,6.0,2.0,6.0,1.0,,,,,3.0,0.0,Completed,1.33,3.4,1.31,3.86,1.37,3.89,1.33,3.32
ATP,2022,5,Melbourne,Australian Open,2022-01-17,Grand Slam,Outdoor,Hard,1st Round,5.0,Sonego L.,Querrey S.,26,110.0,1860,685.0,7.0,5.0,6.0,3.0,6.0,3.0,,,,,3.0,0.0,Completed,1.2,4.5,1.17,5.91,1.23,5.91,1.16,5.19
ATP,2022,5,Melbourne,Australian Open,2022-01-17,Grand Slam,Outdoor,Hard,1st Round,5.0,Hanfmann Y.,Kokkinakis T.,126,103.0,583,726.0,6.0,2.0,6.0,3.0,6.0,2.0,,,,,3.0,0.0,Completed,3.75,1.28,3.87,1.3,4.3,1.32,3.67,1.28
ATP,2022,5,Melbourne,Australian Open,2022-01-17,Grand Slam,Outdoor,Hard,1st Round,5.0,Opelka R.,Anderson K.,29,97.0,1776,744.0,6.0,3.0,6.0,4.0,7.0,6.0,,,,,3.0,0.0,Completed,1.4,3.0,1.42,3.11,1.47,3.2,1.41,2.89
ATP,2022,5,Melbourne,Australian Open,2022-01-17,Grand Slam,Outdoor,Hard,1st Round,5.0,Millman J.,Lopez F.,89,109.0,788,696.0,6.0,1.0,6.0,3.0,4.0,6.0,7.0,5.0,,,3.0,1.0,Completed,1.44,2.75,1.41,3.15,1.49,3.15,1.42,2.87
ATP,2022,5,Melbourne,Australian Open,2022-01-17,Grand Slam,Outdoor,Hard,1st Round,5.0,Otte O.,Tseng C.H.,96,190.0,748,348.0,6.0,4.0,6.0,3.0,6.0,2.0,,,,,3.0,0.0,Completed,1.28,3.75,1.32,3.77,1.4,3.82,1.29,3.59
ATP,2022,5,Melbourne,Australian Open,2022-01-17,Grand Slam,Outdoor,Hard,1st Round,5.0,Karatsev A.,Munar J.,15,71.0,2553,875.0,3.0,6.0,7.0,6.0,6.0,7.0,6.0,4.0,6.0,4.0,3.0,2.0,Completed,1.16,5.0,1.2,5.28,1.27,5.85,1.18,4.83
ATP,2022,5,Melbourne,Australian Open,2022-01-17,Grand Slam,Outdoor,Hard,1st Round,5.0,Paul T.,Kukushkin M.,41,180.0,1317,362.0,6.0,3.0,6.0,4.0,6.0,2.0,,,,,3.0,0.0,Completed,1.22,4.33,1.24,4.55,1.25,4.8,1.22,4.22
ATP,2022,5,Melbourne,Australian Open,2022-01-17,Grand Slam,Outdoor,Hard,1st Round,5.0,Zverev A.,Altmaier D.,3,87.0,7970,792.0,7.0,6.0,6.0,1.0,7.0,6.0,,,,,3.0,0.0,Completed,1.03,15.0,1.02,25.19,1.03,25.19,1.02,16.98
ATP,2022,5,Melbourne,Australian Open,2022-01-18,Grand Slam,Outdoor,Hard,1st Round,5.0,Schwartzman D.,Krajinovic F.,13,36.0,2730,1427.0,6.0,3.0,6.0,4.0,7.0,5.0,,,,,3.0,0.0,Completed,1.25,4.0,1.31,3.85,1.31,4.2,1.28,3.73
ATP,2022,5,Melbourne,Australian Open,2022-01-18,Grand Slam,Outdoor,Hard,1st Round,5.0,Van De Zandschulp B.,Struff J.L.,57,52.0,1069,1149.0,6.0,4.0,6.0,3.0,6.0,2.0,,,,,3.0,0.0,Completed,1.5,2.62,1.53,2.69,1.58,2.7,1.52,2.53
ATP,2022,5,Melbourne,Australian Open,2022-01-18,Grand Slam,Outdoor,Hard,1st Round,5.0,Gasquet R.,Humbert U.,81,40.0,807,1318.0,3.0,6.0,7.0,6.0,7.0,6.0,6.0,3.0,,,3.0,1.0,Completed,4.5,1.2,5.29,1.2,5.3,1.22,4.78,1.19
ATP,2022,5,Melbourne,Australian Open,2022-01-18,Grand Slam,Outdoor,Hard,1st Round,5.0,O Connell C.,Gaston H.,175,67.0,383,919.0,7.0,6.0,6.0,0.0,4.0,6.0,6.0,1.0,,,3.0,1.0,Completed,1.8,2.0,1.8,2.13,1.84,2.2,1.76,2.08
ATP,2022,5,Melbourne,Australian Open,2022-01-18,Grand Slam,Outdoor,Hard,1st Round,5.0,Gombos N.,Skatov T.,117,253.0,624,240.0,6.0,3.0,6.0,2.0,1.0,6.0,6.0,4.0,,,3.0,1.0,Completed,1.72,2.1,1.66,2.37,1.77,2.4,1.64,2.27
ATP,2022,5,Melbourne,Australian Open,2022-01-18,Grand Slam,Outdoor,Hard,1st Round,5.0,Cilic M.,Gomez E.,27,153.0,1840,450.0,6.0,3.0,6.0,1.0,6.0,2.0,,,,,3.0,0.0,Completed,1.08,8.0,1.08,10.42,1.1,10.42,1.08,8.39
ATP,2022,5,Melbourne,Australian Open,2022-01-18,Grand Slam,Outdoor,Hard,1st Round,5.0,Kohlschreiber P.,Cecchinato M.,134,95.0,533,759.0,6.0,4.0,7.0,5.0,7.0,6.0,,,,,3.0,0.0,Completed,1.5,2.62,1.51,2.77,1.51,2.9,1.46,2.72
ATP,2022,5,Melbourne,Australian Open,2022-01-18,Grand Slam,Outdoor,Hard,1st Round,5.0,Bautista Agut R.,Travaglia S.,18,98.0,2385,744.0,7.0,6.0,6.0,4.0,5.0,7.0,6.0,1.0,,,3.0,1.0,Completed,1.07,9.0,1.05,14.06,1.08,16.75,1.05,10.64
ATP,2022,5,Melbourne,Australian Open,2022-01-18,Grand Slam,Outdoor,Hard,1st Round,5.0,Berankis R.,Carballes Baena R.,93,75.0,761,837.0,6.0,1.0,3.0,6.0,2.0,6.0,6.0,3.0,6.0,4.0,3.0,2.0,Completed,1.44,2.75,1.41,3.14,1.48,3.16,1.41,2.88
ATP,2022,5,Melbourne,Australian Open,2022-01-18,Grand Slam,Outdoor,Hard,1st Round,5.0,Rublev A.,Mager G.,6,65.0,4785,957.0,6.0,3.0,6.0,2.0,6.0,2.0,,,,,3.0,0.0,Completed,1.04,13.0,1.05,13.8,1.05,15.5,1.04,12.31
ATP,2022,5,Melbourne,Australian Open,2022-01-18,Grand Slam,Outdoor,Hard,1st Round,5.0,Dimitrov G.,Lehecka J.,28,142.0,1821,494.0,6.0,4.0,4.0,6.0,6.0,3.0,7.0,5.0,,,3.0,1.0,Completed,1.16,5.0,1.21,5.08,1.21,5.75,1.17,5.09
ATP,2022,5,Melbourne,Australian Open,2022-01-18,Grand Slam,Outdoor,Hard,1st Round,5.0,Johnson S.,Thompson J.,104,73.0,724,860.0,7.0,6.0,6.0,7.0,4.0,6.0,6.0,3.0,6.0,3.0,3.0,2.0,Completed,2.0,1.8,2.02,1.89,2.09,1.9,1.99,1.82
ATP,2022,5,Melbourne,Australian Open,2022-01-18,Grand Slam,Outdoor,Hard,1st Round,5.0,Sinner J.,Sousa J.,10,140.0,3390,500.0,6.0,4.0,7.0,5.0,6.0,1.0,,,,,3.0,0.0,Completed,1.04,13.0,1.03,19.17,1.05,20.0,1.03,13.85
ATP,2022,5,Melbourne,Australian Open,2022-01-18,Grand Slam,Outdoor,Hard,1st Round,5.0,Paire B.,Monteiro T.,56,79.0,1075,824.0,6.0,4.0,3.0,6.0,7.0,5.0,2.0,6.0,7.0,5.0,3.0,2.0,Completed,3.2,1.36,3.64,1.33,3.64,1.38,3.25,1.34
ATP,2022,5,Melbourne,Australian Open,2022-01-18,Grand Slam,Outdoor,Hard,1st Round,5.0,Cressy M.,Isner J.,70,25.0,875,1881.0,7.0,6.0,7.0,5.0,6.0,7.0,6.0,7.0,6.0,4.0,3.0,2.0,Completed,1.8,2.0,1.93,1.97,2.0,2.04,1.88,1.92
ATP,2022,5,Melbourne,Australian Open,2022-01-18,Grand Slam,Outdoor,Hard,1st Round,5.0,Medvedev D.,Laaksonen H.,2,91.0,8935,781.0,6.0,1.0,6.0,4.0,7.0,6.0,,,,,3.0,0.0,Completed,1.01,21.0,1.01,29.95,1.02,29.95,1.01,19.82
ATP,2022,5,Melbourne,Australian Open,2022-01-18,Grand Slam,Outdoor,Hard,1st Round,5.0,Murray A.,Basilashvili N.,113,23.0,671,2051.0,6.0,1.0,3.0,6.0,6.0,4.0,6.0,7.0,6.0,4.0,3.0,2.0,Completed,1.53,2.5,1.5,2.8,1.56,2.8,1.5,2.6
ATP,2022,5,Melbourne,Australian Open,2022-01-18,Grand Slam,Outdoor,Hard,1st Round,5.0,Auger-Aliassime F.,Ruusuvuori E.,9,90.0,3608,783.0,6.0,4.0,0.0,6.0,3.0,6.0,6.0,3.0,6.0,4.0,3.0,2.0,Completed,1.33,3.4,1.33,3.63,1.33,4.05,1.29,3.57
ATP,2022,5,Melbourne,Australian Open,2022-01-18,Grand Slam,Outdoor,Hard,1st Round,5.0,Machac T.,Cerundolo J.M.,132,80.0,555,818.0,6.0,3.0,2.0,6.0,6.0,4.0,6.0,2.0,,,3.0,1.0,Completed,1.16,5.0,1.15,6.51,1.2,6.51,1.15,5.43
ATP,2022,5,Melbourne,Australian Open,2022-01-18,Grand Slam,Outdoor,Hard,1st Round,5.0,Daniel T.,Barrios M.,120,147.0,606,458.0,7.0,6.0,6.0,1.0,6.0,1.0,,,,,3.0,0.0,Completed,1.36,3.2,1.36,3.44,1.38,3.7,1.34,3.3
ATP,2022,5,Melbourne,Australian Open,2022-01-18,Grand Slam,Outdoor,Hard,1st Round,5.0,Molcan A.,Safiullin R.,74,149.0,839,455.0,6.0,3.0,7.0,6.0,5.0,7.0,7.0,6.0,,,3.0,1.0,Completed,1.61,2.3,,,1.65,2.45,1.6,2.32
ATP,2022,5,Melbourne,Australian Open,2022-01-18,Grand Slam,Outdoor,Hard,1st Round,5.0,Andujar P.,Dzumhur D.,83,161.0,800,429.0,6.0,1.0,7.0,5.0,6.0,1.0,,,,,3.0,0.0,Completed,2.2,1.66,2.4,1.65,2.4,1.74,2.21,1.67
ATP,2022,5,Melbourne,Australian Open,2022-01-18,Grand Slam,Outdoor,Hard,1st Round,5.0,Evans D.,Goffin D.,24,45.0,1957,1216.0,6.0,4.0,6.0,3.0,6.0,0.0,,,,,3.0,0.0,Completed,1.2,4.5,1.27,4.24,1.29,4.5,1.23,4.14
ATP,2022,5,Melbourne,Australian Open,2022-01-18,Grand Slam,Outdoor,Hard,1st Round,5.0,Fritz T.,Marterer M.,22,228.0,2175,279.0,7.0,6.0,6.0,3.0,6.0,2.0,,,,,3.0,0.0,Completed,1.12,6.0,1.16,6.2,1.16,7.5,1.12,6.2
ATP,2022,5,Melbourne,Australian Open,2022-01-18,Grand Slam,Outdoor,Hard,1st Round,5.0,Davidovich Fokina A.,Bolt A.,50,152.0,1160,451.0,6.0,3.0,6.0,3.0,6.0,4.0,,,,,3.0,0.0,Completed,1.28,3.75,1.28,4.14,1.29,4.33,1.25,3.92
ATP,2022,5,Melbourne,Australian Open,2022-01-18,Grand Slam,Outdoor,Hard,1st Round,5.0,Baez S.,Ramos-Vinolas A.,88,44.0,791,1259.0,6.0,4.0,4.0,6.0,6.0,3.0,1.0,6.0,6.0,2.0,3.0,2.0,Completed,1.5,2.62,1.58,2.56,1.63,2.7,1.52,2.53
ATP,2022,5,Melbourne,Australian Open,2022-01-18,Grand Slam,Outdoor,Hard,1st Round,5.0,Tiafoe F.,Trungelliti M.,34,198.0,1467,326.0,3.0,6.0,6.0,4.0,6.0,2.0,3.0,6.0,6.0,3.0,3.0,2.0,Completed,1.11,6.5,1.15,6.32,1.15,6.65,1.13,5.93
ATP,2022,5,Melbourne,Australian Open,2022-01-18,Grand Slam,Outdoor,Hard,1st Round,5.0,Rinderknech A.,Popyrin A.,48,59.0,1178,1010.0,7.0,5.0,4.0,6.0,6.0,2.0,3.0,6.0,6.0,3.0,3.0,2.0,Completed,1.72,2.1,1.78,2.16,1.78,2.38,1.7,2.16
ATP,2022,5,Melbourne,Australian Open,2022-01-18,Grand Slam,Outdoor,Hard,1st Round,5.0,Majchrzak K.,Seppi A.,107,101.0,708,736.0,6.0,1.0,6.0,1.0,7.0,5.0,,,,,3.0,0.0,Completed,1.61,2.3,1.65,2.38,1.75,2.42,1.64,2.26
ATP,2022,5,Melbourne,Australian Open,2022-01-18,Grand Slam,Outdoor,Hard,1st Round,5.0,De Minaur A.,Musetti L.,42,60.0,1316,1004.0,3.0,6.0,6.0,3.0,6.0,0.0,6.0,3.0,,,3.0,1.0,Completed,1.14,5.5,1.18,5.73,1.19,6.19,1.15,5.37
ATP,2022,5,Melbourne,Australian Open,2022-01-18,Grand Slam,Outdoor,Hard,1st Round,5.0,Kyrgios N.,Broady L.,115,128.0,648,569.0,6.0,4.0,6.0,4.0,6.0,3.0,,,,,3.0,0.0,Completed,1.5,2.62,1.52,2.68,1.54,2.8,1.49,2.61
ATP,2022,5,Melbourne,Australian Open,2022-01-18,Grand Slam,Outdoor,Hard,1st Round,5.0,Tsitsipas S.,Ymer M.,4,86.0,6540,793.0,6.0,2.0,6.0,4.0,6.0,3.0,,,,,3.0,0.0,Completed,1.2,4.5,1.2,5.16,1.22,6.0,1.17,5.06
ATP,2022,5,Melbourne,Australian Open,2022-01-19,Grand Slam,Outdoor,Hard,2nd Round,5.0,Sonego L.,Otte O.,26,96.0,1860,748.0,2.0,6.0,6.0,2.0,6.0,3.0,6.0,1.0,,,3.0,1.0,Completed,1.44,2.75,1.43,3.05,1.48,3.11,1.42,2.88
ATP,2022,5,Melbourne,Australian Open,2022-01-19,Grand Slam,Outdoor,Hard,2nd Round,5.0,Kecmanovic M.,Paul T.,77,41.0,836,1317.0,7.0,6.0,7.0,5.0,7.0,6.0,,,,,3.0,0.0,Completed,3.0,1.4,2.84,1.49,3.28,1.49,2.9,1.41
ATP,2022,5,Melbourne,Australian Open,2022-01-19,Grand Slam,Outdoor,Hard,2nd Round,5.0,Carreno Busta P.,Griekspoor T.,21,62.0,2305,1001.0,6.0,3.0,6.0,7.0,7.0,6.0,3.0,6.0,6.0,4.0,3.0,2.0,Completed,1.4,3.0,1.43,3.05,1.45,3.15,1.4,2.96
ATP,2022,5,Melbourne,Australian Open,2022-01-19,Grand Slam,Outdoor,Hard,2nd Round,5.0,Opelka R.,Koepfer D.,29,53.0,1776,1096.0,6.0,4.0,6.0,3.0,7.0,6.0,,,,,3.0,0.0,Completed,1.3,3.5,1.31,3.82,1.36,3.85,1.32,3.37
ATP,2022,5,Melbourne,Australian Open,2022-01-19,Grand Slam,Outdoor,Hard,2nd Round,5.0,Korda S.,Moutet C.,43,100.0,1286,737.0,3.0,6.0,6.0,4.0,6.0,7.0,7.0,5.0,7.0,6.0,3.0,2.0,Completed,1.33,3.4,1.34,3.56,1.37,3.58,1.33,3.35
ATP,2022,5,Melbourne,Australian Open,2022-01-19,Grand Slam,Outdoor,Hard,2nd Round,5.0,Shapovalov D.,Kwon S.W.,14,54.0,2593,1085.0,7.0,6.0,6.0,7.0,6.0,7.0,7.0,5.0,6.0,2.0,3.0,2.0,Completed,1.25,4.0,1.19,5.35,1.25,5.35,1.2,4.63
ATP,2022,5,Melbourne,Australian Open,2022-01-19,Grand Slam,Outdoor,Hard,2nd Round,5.0,Nadal R.,Hanfmann Y.,5,126.0,4875,583.0,6.0,2.0,6.0,3.0,6.0,4.0,,,,,3.0,0.0,Completed,1.03,15.0,1.01,26.57,1.03,30.0,1.01,18.96
ATP,2022,5,Melbourne,Australian Open,2022-01-19,Grand Slam,Outdoor,Hard,2nd Round,5.0,Alcaraz C.,Lajovic D.,31,39.0,1609,1346.0,6.0,2.0,6.0,1.0,7.0,5.0,,,,,3.0,0.0,Completed,1.12,6.0,1.12,7.65,1.15,7.75,1.11,6.73
ATP,2022,5,Melbourne,Australian Open,2022-01-19,Grand Slam,Outdoor,Hard,2nd Round,5.0,Berrettini M.,Kozlov S.,7,169.0,4568,401.0,6.0,1.0,4.0,6.0,6.0,4.0,6.0,1.0,,,3.0,1.0,Completed,1.06,10.0,1.12,7.78,1.12,10.0,1.08,8.21
ATP,2022,5,Melbourne,Australian Open,2022-01-19,Grand Slam,Outdoor,Hard,2nd Round,5.0,Garin C.,Martinez P.,19,61.0,2375,1001.0,6.0,7.0,7.0,6.0,2.0,6.0,6.0,2.0,6.0,2.0,3.0,2.0,Completed,1.9,1.9,1.96,1.85,2.1,2.0,1.96,1.85
ATP,2022,5,Melbourne,Australian Open,2022-01-19,Grand Slam,Outdoor,Hard,2nd Round,5.0,Albot R.,Vukic A.,124,144.0,587,477.0,6.0,4.0,7.0,6.0,6.0,4.0,,,,,3.0,0.0,Completed,2.5,1.53,2.62,1.56,2.78,1.56,2.59,1.5
ATP,2022,5,Melbourne,Australian Open,2022-01-19,Grand Slam,Outdoor,Hard,2nd Round,5.0,Mannarino A.,Hurkacz H.,69,11.0,879,3336.0,6.0,4.0,6.0,2.0,6.0,3.0,,,,,3.0,0.0,Completed,5.5,1.14,7.22,1.13,7.37,1.14,6.55,1.11
ATP,2022,5,Melbourne,Australian Open,2022-01-19,Grand Slam,Outdoor,Hard,2nd Round,5.0,Khachanov K.,Bonzi B.,30,63.0,1748,979.0,6.0,4.0,6.0,0.0,7.0,5.0,,,,,3.0,0.0,Completed,1.28,3.75,1.24,4.58,1.31,4.6,1.25,4.04
ATP,2022,5,Melbourne,Australian Open,2022-01-19,Grand Slam,Outdoor,Hard,2nd Round,5.0,Karatsev A.,Mcdonald M.,15,55.0,2553,1084.0,3.0,6.0,6.0,2.0,6.0,2.0,6.0,3.0,,,3.0,1.0,Completed,1.44,2.75,1.51,2.77,1.51,3.0,1.46,2.72
ATP,2022,5,Melbourne,Australian Open,2022-01-19,Grand Slam,Outdoor,Hard,2nd Round,5.0,Zverev A.,Millman J.,3,89.0,7970,788.0,6.0,4.0,6.0,4.0,6.0,0.0,,,,,3.0,0.0,Completed,1.05,11.0,1.04,16.99,1.05,18.5,1.03,13.45
ATP,2022,5,Melbourne,Australian Open,2022-01-19,Grand Slam,Outdoor,Hard,2nd Round,5.0,Monfils G.,Bublik A.,20,37.0,2373,1411.0,6.0,1.0,6.0,0.0,6.0,4.0,,,,,3.0,0.0,Completed,1.2,4.5,1.24,4.63,1.26,4.63,1.22,4.35
ATP,2022,5,Melbourne,Australian Open,2022-01-20,Grand Slam,Outdoor,Hard,2nd Round,5.0,Cilic M.,Gombos N.,27,117.0,1840,624.0,6.0,2.0,6.0,3.0,3.0,6.0,7.0,6.0,,,3.0,1.0,Completed,1.12,6.0,1.11,7.87,1.13,7.87,1.1,7.01
ATP,2022,5,Melbourne,Australian Open,2022-01-20,Grand Slam,Outdoor,Hard,2nd Round,5.0,O Connell C.,Schwartzman D.,175,13.0,383,2730.0,7.0,6.0,6.0,4.0,6.0,4.0,,,,,3.0,0.0,Completed,5.0,1.16,5.39,1.19,5.7,1.19,5.1,1.17
ATP,2022,5,Melbourne,Australian Open,2022-01-20,Grand Slam,Outdoor,Hard,2nd Round,5.0,Cressy M.,Machac T.,70,132.0,875,555.0,6.0,1.0,3.0,6.0,6.0,1.0,7.0,6.0,,,3.0,1.0,Completed,1.61,2.3,1.78,2.16,1.78,2.55,1.64,2.27
ATP,2022,5,Melbourne,Australian Open,2022-01-20,Grand Slam,Outdoor,Hard,2nd Round,5.0,Rublev A.,Berankis R.,6,93.0,4785,761.0,6.0,4.0,6.0,2.0,6.0,0.0,,,,,3.0,0.0,Completed,1.06,10.0,1.06,12.65,1.08,13.0,1.05,10.21
ATP,2022,5,Melbourne,Australian Open,2022-01-20,Grand Slam,Outdoor,Hard,2nd Round,5.0,Evans D.,Rinderknech A.,24,48.0,1957,1178.0,,,,,,,,,,,,,Retired,1.36,3.2,1.39,3.27,1.39,3.66,1.35,3.23
ATP,2022,5,Melbourne,Australian Open,2022-01-20,Grand Slam,Outdoor,Hard,2nd Round,5.0,Andujar P.,Molcan A.,83,74.0,800,839.0,6.0,4.0,7.0,6.0,0.0,6.0,6.0,1.0,,,3.0,1.0,Completed,2.5,1.53,2.67,1.54,2.67,1.58,2.53,1.52
ATP,2022,5,Melbourne,Australian Open,2022-01-20,Grand Slam,Outdoor,Hard,2nd Round,5.0,Fritz T.,Tiafoe F.,22,34.0,2175,1467.0,6.0,4.0,6.0,3.0,7.0,6.0,,,,,3.0,0.0,Completed,1.4,3.0,1.33,3.69,1.4,3.69,1.34,3.24
ATP,2022,5,Melbourne,Australian Open,2022-01-20,Grand Slam,Outdoor,Hard,2nd Round,5.0,Bautista Agut R.,Kohlschreiber P.,18,134.0,2385,533.0,6.0,1.0,6.0,0.0,6.0,3.0,,,,,3.0,0.0,Completed,1.14,5.5,1.12,7.49,1.16,7.75,1.11,6.5
ATP,2022,5,Melbourne,Australian Open,2022-01-20,Grand Slam,Outdoor,Hard,2nd Round,5.0,Auger-Aliassime F.,Davidovich Fokina A.,9,50.0,3608,1160.0,7.0,6.0,6.0,7.0,7.0,6.0,7.0,6.0,,,3.0,1.0,Completed,1.22,4.33,1.24,4.56,1.25,4.8,1.22,4.26
ATP,2022,5,Melbourne,Australian Open,2022-01-20,Grand Slam,Outdoor,Hard,2nd Round,5.0,De Minaur A.,Majchrzak K.,42,107.0,1316,708.0,6.0,4.0,6.0,4.0,6.0,2.0,,,,,3.0,0.0,Completed,1.22,4.33,1.27,4.25,1.28,4.41,1.24,4.08
ATP,2022,5,Melbourne,Australian Open,2022-01-20,Grand Slam,Outdoor,Hard,2nd Round,5.0,Tsitsipas S.,Baez S.,4,88.0,6540,791.0,7.0,6.0,6.0,7.0,6.0,3.0,6.0,4.0,,,3.0,1.0,Completed,1.06,10.0,1.06,11.9,1.08,13.0,1.05,10.43
ATP,2022,5,Melbourne,Australian Open,2022-01-20,Grand Slam,Outdoor,Hard,2nd Round,5.0,Paire B.,Dimitrov G.,56,28.0,1075,1821.0,6.0,4.0,6.0,4.0,6.0,7.0,7.0,6.0,,,3.0,1.0,Completed,5.0,1.16,6.79,1.14,6.79,1.18,5.85,1.13
ATP,2022,5,Melbourne,Australian Open,2022-01-20,Grand Slam,Outdoor,Hard,2nd Round,5.0,Daniel T.,Murray A.,120,113.0,606,671.0,6.0,4.0,6.0,4.0,6.0,4.0,,,,,3.0,0.0,Completed,3.75,1.28,3.7,1.33,4.33,1.33,3.75,1.27
ATP,2022,5,Melbourne,Australian Open,2022-01-20,Grand Slam,Outdoor,Hard,2nd Round,5.0,Van De Zandschulp B.,Gasquet R.,57,81.0,1069,807.0,4.0,6.0,6.0,0.0,4.0,0.0,,,,,1.0,1.0,Retired,1.25,4.0,1.27,4.17,1.29,4.55,1.24,4.07
ATP,2022,5,Melbourne,Australian Open,2022-01-20,Grand Slam,Outdoor,Hard,2nd Round,5.0,Medvedev D.,Kyrgios N.,2,115.0,8935,648.0,7.0,6.0,6.0,4.0,4.0,6.0,6.0,2.0,,,3.0,1.0,Completed,1.16,5.0,1.17,5.83,1.18,6.25,1.15,5.58
ATP,2022,5,Melbourne,Australian Open,2022-01-20,Grand Slam,Outdoor,Hard,2nd Round,5.0,Sinner J.,Johnson S.,10,104.0,3390,724.0,6.0,2.0,6.0,4.0,6.0,3.0,,,,,3.0,0.0,Completed,1.07,9.0,1.05,13.32,1.08,14.0,1.05,10.41
ATP,2022,5,Melbourne,Australian Open,2022-01-21,Grand Slam,Outdoor,Hard,3rd Round,5.0,Kecmanovic M.,Sonego L.,77,26.0,836,1860.0,6.0,4.0,6.0,7.0,6.0,2.0,7.0,5.0,,,3.0,1.0,Completed,2.62,1.5,2.61,1.56,2.71,1.58,2.53,1.53
ATP,2022,5,Melbourne,Australian Open,2022-01-21,Grand Slam,Outdoor,Hard,3rd Round,5.0,Monfils G.,Garin C.,20,19.0,2373,2375.0,7.0,6.0,6.0,1.0,6.0,3.0,,,,,3.0,0.0,Completed,1.08,8.0,1.09,9.18,1.1,11.0,1.07,8.6
ATP,2022,5,Melbourne,Australian Open,2022-01-21,Grand Slam,Outdoor,Hard,3rd Round,5.0,Berrettini M.,Alcaraz C.,7,31.0,4568,1609.0,6.0,2.0,7.0,6.0,4.0,6.0,2.0,6.0,7.0,6.0,3.0,2.0,Completed,2.2,1.66,2.23,1.74,2.4,1.8,2.22,1.67
ATP,2022,5,Melbourne,Australian Open,2022-01-21,Grand Slam,Outdoor,Hard,3rd Round,5.0,Shapovalov D.,Opelka R.,14,29.0,2593,1776.0,7.0,6.0,4.0,6.0,6.0,3.0,6.0,4.0,,,3.0,1.0,Completed,1.8,2.0,1.73,2.24,1.92,2.24,1.79,2.04
ATP,2022,5,Melbourne,Australian Open,2022-01-21,Grand Slam,Outdoor,Hard,3rd Round,5.0,Carreno Busta P.,Korda S.,21,43.0,2305,1286.0,6.0,4.0,7.0,5.0,6.0,7.0,6.0,3.0,,,3.0,1.0,Completed,1.66,2.2,1.67,2.35,1.73,2.35,1.66,2.22
ATP,2022,5,Melbourne,Australian Open,2022-01-21,Grand Slam,Outdoor,Hard,3rd Round,5.0,Zverev A.,Albot R.,3,124.0,7970,587.0,6.0,3.0,6.0,4.0,6.0,4.0,,,,,3.0,0.0,Completed,1.02,17.0,1.01,28.39,1.02,30.0,1.01,19.8
ATP,2022,5,Melbourne,Australian Open,2022-01-21,Grand Slam,Outdoor,Hard,3rd Round,5.0,Nadal R.,Khachanov K.,5,30.0,4875,1748.0,6.0,3.0,6.0,2.0,3.0,6.0,6.0,1.0,,,3.0,1.0,Completed,1.2,4.5,1.2,5.15,1.24,5.5,1.18,4.81
ATP,2022,5,Melbourne,Australian Open,2022-01-21,Grand Slam,Outdoor,Hard,3rd Round,5.0,Mannarino A.,Karatsev A.,69,15.0,879,2553.0,7.0,6.0,6.0,7.0,7.0,5.0,6.0,4.0,,,3.0,1.0,Completed,4.0,1.25,4.12,1.28,4.25,1.29,4.01,1.24
ATP,2022,5,Melbourne,Australian Open,2022-01-22,Grand Slam,Outdoor,Hard,3rd Round,5.0,Fritz T.,Bautista Agut R.,22,18.0,2175,2385.0,6.0,0.0,3.0,6.0,3.0,6.0,6.0,4.0,6.0,3.0,3.0,2.0,Completed,2.1,1.72,2.17,1.78,2.26,1.82,2.12,1.73
ATP,2022,5,Melbourne,Australian Open,2022-01-22,Grand Slam,Outdoor,Hard,3rd Round,5.0,Tsitsipas S.,Paire B.,4,56.0,6540,1075.0,6.0,3.0,7.0,5.0,6.0,7.0,6.0,4.0,,,3.0,1.0,Completed,1.11,6.5,1.11,8.3,1.13,8.5,1.1,6.97
ATP,2022,5,Melbourne,Australian Open,2022-01-22,Grand Slam,Outdoor,Hard,3rd Round,5.0,Cressy M.,O Connell C.,70,175.0,875,383.0,6.0,2.0,6.0,7.0,6.0,3.0,6.0,2.0,,,3.0,1.0,Completed,1.53,2.5,1.65,2.39,1.65,2.68,1.56,2.45
ATP,2022,5,Melbourne,Australian Open,2022-01-22,Grand Slam,Outdoor,Hard,3rd Round,5.0,Medvedev D.,Van De Zandschulp B.,2,57.0,8935,1069.0,6.0,4.0,6.0,4.0,6.0,2.0,,,,,3.0,0.0,Completed,1.03,15.0,1.03,18.33,1.05,24.0,1.03,14.02
ATP,2022,5,Melbourne,Australian Open,2022-01-22,Grand Slam,Outdoor,Hard,3rd Round,5.0,Auger-Aliassime F.,Evans D.,9,24.0,3608,1957.0,6.0,4.0,6.0,1.0,6.0,1.0,,,,,3.0,0.0,Completed,1.8,2.0,1.98,1.93,1.98,2.15,1.84,1.98
ATP,2022,5,Melbourne,Australian Open,2022-01-22,Grand Slam,Outdoor,Hard,3rd Round,5.0,Sinner J.,Daniel T.,10,120.0,3390,606.0,6.0,4.0,1.0,6.0,6.0,3.0,6.0,1.0,,,3.0,1.0,Completed,1.08,8.0,1.1,8.9,1.12,11.0,1.09,7.9
ATP,2022,5,Melbourne,Australian Open,2022-01-22,Grand Slam,Outdoor,Hard,3rd Round,5.0,De Minaur A.,Andujar P.,42,83.0,1316,800.0,6.0,4.0,6.0,4.0,6.0,2.0,,,,,3.0,0.0,Completed,1.06,10.0,1.06,12.12,1.08,13.0,1.05,10.08
ATP,2022,5,Melbourne,Australian Open,2022-01-22,Grand Slam,Outdoor,Hard,3rd Round,5.0,Cilic M.,Rublev A.,27,6.0,1840,4785.0,7.0,5.0,7.0,6.0,3.0,6.0,6.0,3.0,,,3.0,1.0,Completed,3.5,1.3,3.61,1.34,3.85,1.34,3.55,1.3
ATP,2022,5,Melbourne,Australian Open,2022-01-23,Grand Slam,Outdoor,Hard,4th Round,5.0,Nadal R.,Mannarino A.,5,69.0,4875,879.0,7.0,6.0,6.0,2.0,6.0,2.0,,,,,3.0,0.0,Completed,1.04,13.0,1.04,15.27,1.04,16.0,1.03,12.79
ATP,2022,5,Melbourne,Australian Open,2022-01-23,Grand Slam,Outdoor,Hard,4th Round,5.0,Shapovalov D.,Zverev A.,14,3.0,2593,7970.0,6.0,3.0,7.0,6.0,6.0,3.0,,,,,3.0,0.0,Completed,4.33,1.22,4.3,1.26,4.73,1.29,4.18,1.23
ATP,2022,5,Melbourne,Australian Open,2022-01-23,Grand Slam,Outdoor,Hard,4th Round,5.0,Monfils G.,Kecmanovic M.,20,77.0,2373,836.0,7.0,5.0,7.0,6.0,6.0,3.0,,,,,3.0,0.0,Completed,1.25,4.0,1.28,4.14,1.29,4.33,1.25,3.96
ATP,2022,5,Melbourne,Australian Open,2022-01-23,Grand Slam,Outdoor,Hard,4th Round,5.0,Berrettini M.,Carreno Busta P.,7,21.0,4568,2305.0,7.0,5.0,7.0,6.0,6.0,4.0,,,,,3.0,0.0,Completed,1.44,2.75,1.48,2.85,1.57,3.01,1.45,2.78
ATP,2022,5,Melbourne,Australian Open,2022-01-24,Grand Slam,Outdoor,Hard,4th Round,5.0,Auger-Aliassime F.,Cilic M.,9,27.0,3608,1840.0,2.0,6.0,7.0,6.0,6.0,2.0,7.0,6.0,,,3.0,1.0,Completed,1.61,2.3,1.76,2.19,1.76,2.44,1.65,2.25
ATP,2022,5,Melbourne,Australian Open,2022-01-24,Grand Slam,Outdoor,Hard,4th Round,5.0,Medvedev D.,Cressy M.,2,70.0,8935,875.0,6.0,2.0,7.0,6.0,6.0,7.0,7.0,5.0,,,3.0,1.0,Completed,1.03,15.0,1.04,15.39,1.05,16.0,1.03,13.2
ATP,2022,5,Melbourne,Australian Open,2022-01-24,Grand Slam,Outdoor,Hard,4th Round,5.0,Sinner J.,De Minaur A.,10,42.0,3390,1316.0,7.0,6.0,6.0,3.0,6.0,4.0,,,,,3.0,0.0,Completed,1.4,3.0,1.42,3.14,1.46,3.2,1.39,3.0
ATP,2022,5,Melbourne,Australian Open,2022-01-24,Grand Slam,Outdoor,Hard,4th Round,5.0,Tsitsipas S.,Fritz T.,4,22.0,6540,2175.0,4.0,6.0,6.0,4.0,4.0,6.0,6.0,3.0,6.0,4.0,3.0,2.0,Completed,1.57,2.37,1.61,2.49,1.66,2.7,1.55,2.47
ATP,2022,5,Melbourne,Australian Open,2022-01-25,Grand Slam,Outdoor,Hard,Quarterfinals,5.0,Nadal R.,Shapovalov D.,5,14.0,4875,2593.0,6.0,3.0,6.0,4.0,4.0,6.0,3.0,6.0,6.0,3.0,3.0,2.0,Completed,1.33,2.62,1.37,3.39,1.4,3.68,1.34,3.25
ATP,2022,5,Melbourne,Australian Open,2022-01-25,Grand Slam,Outdoor,Hard,Quarterfinals,5.0,Berrettini M.,Monfils G.,7,20.0,4568,2373.0,6.0,4.0,6.0,4.0,3.0,6.0,3.0,6.0,6.0,2.0,3.0,2.0,Completed,1.57,2.37,1.61,2.47,1.67,2.56,1.57,2.41
ATP,2022,5,Melbourne,Australian Open,2022-01-26,Grand Slam,Outdoor,Hard,Quarterfinals,5.0,Tsitsipas S.,Sinner J.,4,10.0,6540,3390.0,6.0,3.0,6.0,4.0,6.0,2.0,,,,,3.0,0.0,Completed,2.2,1.66,2.31,1.69,2.34,1.78,2.21,1.68
ATP,2022,5,Melbourne,Australian Open,2022-01-26,Grand Slam,Outdoor,Hard,Quarterfinals,5.0,Medvedev D.,Auger-Aliassime F.,2,9.0,8935,3608.0,6.0,7.0,3.0,6.0,7.0,6.0,7.0,5.0,6.0,4.0,3.0,2.0,Completed,1.12,6.0,1.13,6.44,1.14,7.25,1.12,6.47
ATP,2022,5,Melbourne,Australian Open,2022-01-28,Grand Slam,Outdoor,Hard,Semifinals,5.0,Nadal R.,Berrettini M.,5,7.0,4875,4568.0,6.0,3.0,6.0,2.0,3.0,6.0,6.0,3.0,,,3.0,1.0,Completed,1.4,3.0,1.38,3.34,1.44,3.34,1.4,2.98
ATP,2022,5,Melbourne,Australian Open,2022-01-28,Grand Slam,Outdoor,Hard,Semifinals,5.0,Medvedev D.,Tsitsipas S.,2,4.0,8935,6540.0,7.0,6.0,4.0,6.0,6.0,4.0,6.0,1.0,,,3.0,1.0,Completed,1.36,3.2,1.36,3.44,1.41,3.55,1.35,3.29
ATP,2022,5,Melbourne,Australian Open,2022-01-30,Grand Slam,Outdoor,Hard,The Final,5.0,Nadal R.,Medvedev D.,5,2.0,4875,8935.0,2.0,6.0,6.0,7.0,6.0,4.0,6.0,4.0,7.0,5.0,3.0,2.0,Completed,2.62,1.53,2.49,1.61,2.71,1.63,2.56,1.53
ATP,2022,32,Paris,French Open,2022-05-22,Grand Slam,Outdoor,Clay,1st Round,5.0,Dellien H.,Thiem D.,90,190.0,703,295.0,6.0,3.0,6.0,2.0,6.0,4.0,,,,,3.0,0.0,Completed,1.8,2.0,1.95,1.95,2.05,2.0,1.96,1.86
ATP,2022,32,Paris,French Open,2022-05-22,Grand Slam,Outdoor,Clay,1st Round,5.0,Munar J.,Altmaier D.,87,53.0,710,970.0,6.0,1.0,6.0,3.0,4.0,6.0,6.0,3.0,,,3.0,1.0,Completed,1.4,3.0,1.4,3.21,1.45,3.21,1.4,2.94
ATP,2022,32,Paris,French Open,2022-05-22,Grand Slam,Outdoor,Clay,1st Round,5.0,Coric B.,Taberner C.,279,85.0,183,720.0,3.0,6.0,6.0,2.0,6.0,3.0,6.0,1.0,,,3.0,1.0,Completed,1.9,1.9,1.83,2.1,2.03,2.1,1.85,1.97
ATP,2022,32,Paris,French Open,2022-05-22,Grand Slam,Outdoor,Clay,1st Round,5.0,Dimitrov G.,Giron M.,21,49.0,1740,1011.0,6.0,1.0,6.0,1.0,6.0,1.0,,,,,3.0,0.0,Completed,1.14,5.5,1.15,6.39,1.17,6.39,1.14,5.7
ATP,2022,32,Paris,French Open,2022-05-22,Grand Slam,Outdoor,Clay,1st Round,5.0,Bedene A.,O Connell C.,195,117.0,291,524.0,6.0,2.0,6.0,4.0,6.0,7.0,6.0,1.0,,,3.0,1.0,Completed,3.75,1.28,4.13,1.28,4.13,1.32,3.63,1.29
ATP,2022,32,Paris,French Open,2022-05-22,Grand Slam,Outdoor,Clay,1st Round,5.0,Schwartzman D.,Kuznetsov An.,16,228.0,2505,237.0,6.0,3.0,1.0,6.0,6.0,4.0,6.0,2.0,,,3.0,1.0,Completed,1.07,9.0,1.1,8.96,1.13,11.0,1.08,8.08
ATP,2022,32,Paris,French Open,2022-05-22,Grand Slam,Outdoor,Clay,1st Round,5.0,Barrere G.,Daniel T.,210,115.0,269,527.0,3.0,6.0,6.0,2.0,0.0,6.0,6.0,3.0,6.0,4.0,3.0,2.0,Completed,3.5,1.3,3.92,1.3,4.55,1.33,3.62,1.29
ATP,2022,32,Paris,French Open,2022-05-22,Grand Slam,Outdoor,Clay,1st Round,5.0,Van De Zandschulp B.,Kotov P.,29,141.0,1344,443.0,6.0,3.0,3.0,6.0,6.0,3.0,6.0,2.0,,,3.0,1.0,Completed,1.28,3.75,1.27,3.79,1.32,4.33,1.26,3.88
ATP,2022,32,Paris,French Open,2022-05-22,Grand Slam,Outdoor,Clay,1st Round,5.0,Isner J.,Halys Q.,26,84.0,1616,722.0,7.0,6.0,4.0,6.0,7.0,6.0,7.0,6.0,,,3.0,1.0,Completed,1.5,2.62,1.55,2.64,1.64,2.64,1.56,2.44
ATP,2022,32,Paris,French Open,2022-05-22,Grand Slam,Outdoor,Clay,1st Round,5.0,Auger-Aliassime F.,Varillas J. P.,9,122.0,3820,504.0,2.0,6.0,2.0,6.0,6.0,1.0,6.0,3.0,6.0,3.0,3.0,2.0,Completed,1.16,5.0,1.15,6.39,1.2,7.4,1.15,5.52
ATP,2022,32,Paris,French Open,2022-05-22,Grand Slam,Outdoor,Clay,1st Round,5.0,Cuevas P.,Brooksby J.,149,34.0,418,1207.0,6.0,2.0,6.0,1.0,6.0,2.0,,,,,3.0,0.0,Completed,3.0,1.4,3.19,1.41,3.38,1.41,3.05,1.38
ATP,2022,32,Paris,French Open,2022-05-22,Grand Slam,Outdoor,Clay,1st Round,5.0,Griekspoor T.,Davidovich Fokina A.,58,28.0,949,1400.0,2.0,6.0,6.0,0.0,6.0,4.0,6.0,3.0,,,3.0,1.0,Completed,4.0,1.25,4.03,1.29,4.35,1.29,3.85,1.27
ATP,2022,32,Paris,French Open,2022-05-22,Grand Slam,Outdoor,Clay,1st Round,5.0,Fognini F.,Popyrin A.,51,102.0,976,616.0,6.0,4.0,7.0,5.0,6.0,4.0,,,,,3.0,0.0,Completed,1.5,2.62,1.65,2.4,1.66,2.64,1.58,2.41
ATP,2022,32,Paris,French Open,2022-05-22,Grand Slam,Outdoor,Clay,1st Round,5.0,Khachanov K.,Borges N.,25,135.0,1620,467.0,6.0,3.0,2.0,6.0,6.0,4.0,6.0,4.0,,,3.0,1.0,Completed,1.28,3.75,1.25,4.49,1.31,4.51,1.26,3.94
ATP,2022,32,Paris,French Open,2022-05-22,Grand Slam,Outdoor,Clay,1st Round,5.0,Ramos-Vinolas A.,Kokkinakis T.,44,86.0,1058,718.0,6.0,4.0,4.0,6.0,6.0,4.0,7.0,6.0,,,3.0,1.0,Completed,2.0,1.8,2.07,1.85,2.14,1.95,1.98,1.83
ATP,2022,32,Paris,French Open,2022-05-22,Grand Slam,Outdoor,Clay,1st Round,5.0,Ugo Carabelli C.,Karatsev A.,155,41.0,410,1128.0,6.0,3.0,4.0,6.0,6.0,4.0,3.0,6.0,7.0,6.0,3.0,2.0,Completed,2.2,1.66,2.43,1.63,2.43,1.72,2.28,1.63
ATP,2022,32,Paris,French Open,2022-05-22,Grand Slam,Outdoor,Clay,1st Round,5.0,Zverev A.,Ofner S.,3,219.0,7075,255.0,6.0,2.0,6.0,4.0,6.0,4.0,,,,,3.0,0.0,Completed,1.05,11.0,1.04,15.9,1.05,16.0,1.04,12.73
ATP,2022,32,Paris,French Open,2022-05-22,Grand Slam,Outdoor,Clay,1st Round,5.0,Kubler J.,Kudla D.,160,81.0,367,762.0,7.0,6.0,7.0,6.0,7.0,6.0,,,,,3.0,0.0,Completed,1.5,2.62,1.54,2.66,1.56,2.75,1.52,2.54
ATP,2022,32,Paris,French Open,2022-05-22,Grand Slam,Outdoor,Clay,1st Round,5.0,Zapata Miralles B.,Mmoh M.,131,176.0,475,330.0,7.0,6.0,6.0,3.0,7.0,5.0,,,,,3.0,0.0,Completed,1.25,4.0,1.29,4.01,1.31,4.25,1.26,3.9
ATP,2022,32,Paris,French Open,2022-05-22,Grand Slam,Outdoor,Clay,1st Round,5.0,Alcaraz C.,Londero J.I.,6,142.0,4648,442.0,6.0,4.0,6.0,2.0,6.0,0.0,,,,,3.0,0.0,Completed,1.02,19.0,1.005,34.86,1.02,34.86,1.01,20.85
ATP,2022,32,Paris,French Open,2022-05-23,Grand Slam,Outdoor,Clay,1st Round,5.0,Gojo B.,Giannessi A.,223,173.0,249,334.0,6.0,4.0,6.0,7.0,6.0,7.0,7.0,6.0,6.0,4.0,3.0,2.0,Completed,1.72,2.1,1.79,2.15,1.83,2.34,1.75,2.09
ATP,2022,32,Paris,French Open,2022-05-23,Grand Slam,Outdoor,Clay,1st Round,5.0,Krajinovic F.,Opelka R.,55,17.0,965,2180.0,7.0,6.0,6.0,2.0,6.0,3.0,,,,,3.0,0.0,Completed,2.2,1.66,2.17,1.78,2.3,1.78,2.21,1.68
ATP,2022,32,Paris,French Open,2022-05-23,Grand Slam,Outdoor,Clay,1st Round,5.0,Fritz T.,Rodriguez Taverna S.,14,201.0,2920,287.0,7.0,6.0,3.0,6.0,6.0,3.0,4.0,6.0,6.0,4.0,3.0,2.0,Completed,1.12,6.0,1.17,5.82,1.17,7.0,1.15,5.57
ATP,2022,32,Paris,French Open,2022-05-23,Grand Slam,Outdoor,Clay,1st Round,5.0,Baez S.,Lajovic D.,36,64.0,1178,896.0,6.0,3.0,3.0,6.0,6.0,4.0,6.0,3.0,,,3.0,1.0,Completed,1.33,3.4,1.33,3.64,1.41,3.74,1.33,3.36
ATP,2022,32,Paris,French Open,2022-05-23,Grand Slam,Outdoor,Clay,1st Round,5.0,Nakashima B.,Majchrzak K.,75,79.0,827,775.0,6.0,4.0,2.0,6.0,4.0,6.0,7.0,6.0,6.0,2.0,3.0,2.0,Completed,2.0,1.8,2.0,1.91,2.19,1.91,1.98,1.83
ATP,2022,32,Paris,French Open,2022-05-23,Grand Slam,Outdoor,Clay,1st Round,5.0,Basilashvili N.,Cressy M.,24,62.0,1628,914.0,3.0,6.0,2.0,6.0,7.0,6.0,6.0,4.0,6.0,4.0,3.0,2.0,Completed,1.3,3.5,1.34,3.57,1.38,3.92,1.32,3.43
ATP,2022,32,Paris,French Open,2022-05-23,Grand Slam,Outdoor,Clay,1st Round,5.0,Norrie C.,Guinard M.,11,146.0,3455,429.0,7.0,5.0,6.0,2.0,6.0,0.0,,,,,3.0,0.0,Completed,1.08,8.0,1.12,7.63,1.12,11.42,1.08,8.3
ATP,2022,32,Paris,French Open,2022-05-23,Grand Slam,Outdoor,Clay,1st Round,5.0,Moutet C.,Wawrinka S.,139,264.0,451,204.0,2.0,6.0,6.0,3.0,7.0,6.0,6.0,3.0,,,3.0,1.0,Completed,2.3,1.61,2.26,1.71,2.57,1.74,2.3,1.64
ATP,2022,32,Paris,French Open,2022-05-23,Grand Slam,Outdoor,Clay,1st Round,5.0,Evans D.,Cerundolo F.,32,45.0,1232,1051.0,7.0,6.0,6.0,4.0,6.0,4.0,,,,,3.0,0.0,Completed,2.0,1.8,2.12,1.81,2.12,2.0,2.02,1.81
ATP,2022,32,Paris,French Open,2022-05-23,Grand Slam,Outdoor,Clay,1st Round,5.0,Nadal R.,Thompson J.,5,82.0,5525,748.0,6.0,2.0,6.0,2.0,6.0,2.0,,,,,3.0,0.0,Completed,1.01,23.0,1.02,21.59,1.02,34.0,1.01,19.07
ATP,2022,32,Paris,French Open,2022-05-23,Grand Slam,Outdoor,Clay,1st Round,5.0,Mcdonald M.,Agamenone F.,60,156.0,941,407.0,1.0,6.0,6.0,2.0,6.0,3.0,7.0,6.0,,,3.0,1.0,Completed,1.61,2.3,1.64,2.41,1.68,2.5,1.6,2.34
ATP,2022,32,Paris,French Open,2022-05-23,Grand Slam,Outdoor,Clay,1st Round,5.0,Kecmanovic M.,Etcheverry T.,31,88.0,1316,710.0,6.0,3.0,7.0,5.0,6.0,3.0,,,,,3.0,0.0,Completed,1.11,6.5,1.1,8.39,1.14,8.49,1.1,7.04
ATP,2022,32,Paris,French Open,2022-05-23,Grand Slam,Outdoor,Clay,1st Round,5.0,Cachin P.,Gombos N.,153,112.0,412,551.0,6.0,1.0,3.0,6.0,6.0,2.0,6.0,3.0,,,3.0,1.0,Completed,1.44,2.75,1.53,2.68,1.62,2.79,1.5,2.59
ATP,2022,32,Paris,French Open,2022-05-23,Grand Slam,Outdoor,Clay,1st Round,5.0,Fucsovics M.,Blancaneaux G.,57,191.0,955,295.0,6.0,2.0,6.0,4.0,6.0,4.0,,,,,3.0,0.0,Completed,1.33,3.4,1.37,3.39,1.38,3.52,1.34,3.32
ATP,2022,32,Paris,French Open,2022-05-23,Grand Slam,Outdoor,Clay,1st Round,5.0,Ymer M.,Duckworth J.,95,72.0,672,848.0,6.0,2.0,6.0,4.0,6.0,2.0,,,,,3.0,0.0,Completed,1.33,3.4,1.34,3.6,1.36,3.66,1.32,3.42
ATP,2022,32,Paris,French Open,2022-05-23,Grand Slam,Outdoor,Clay,1st Round,5.0,Cilic M.,Balazs A.,23,262.0,1695,207.0,6.0,0.0,6.0,1.0,6.0,2.0,,,,,3.0,0.0,Completed,1.06,10.0,1.04,15.77,1.06,15.77,1.04,11.45
ATP,2022,32,Paris,French Open,2022-05-23,Grand Slam,Outdoor,Clay,1st Round,5.0,Djokovic N.,Nishioka Y.,1,99.0,8660,654.0,6.0,3.0,6.0,1.0,6.0,0.0,,,,,3.0,0.0,Completed,1.01,26.0,1.01,33.62,1.01,34.0,1.01,21.46
ATP,2022,32,Paris,French Open,2022-05-24,Grand Slam,Outdoor,Clay,1st Round,5.0,Sousa J.,Tseng C. H.,63,109.0,906,565.0,6.0,7.0,6.0,1.0,4.0,6.0,6.0,1.0,6.0,4.0,3.0,2.0,Completed,1.8,2.0,1.9,2.01,1.95,2.21,1.81,2.02
ATP,2022,32,Paris,French Open,2022-05-24,Grand Slam,Outdoor,Clay,1st Round,5.0,Rune H.,Shapovalov D.,40,15.0,1159,2531.0,6.0,3.0,6.0,1.0,7.0,6.0,,,,,3.0,0.0,Completed,2.0,1.8,2.16,1.78,2.3,1.85,2.11,1.73
ATP,2022,32,Paris,French Open,2022-05-24,Grand Slam,Outdoor,Clay,1st Round,5.0,Ruusuvuori E.,Humbert U.,61,46.0,920,1044.0,6.0,2.0,2.0,6.0,6.0,7.0,6.0,4.0,6.0,2.0,3.0,2.0,Completed,1.66,2.2,1.75,2.2,1.76,2.26,1.69,2.18
ATP,2022,32,Paris,French Open,2022-05-24,Grand Slam,Outdoor,Clay,1st Round,5.0,Medvedev D.,Bagnis F.,2,103.0,7980,600.0,6.0,2.0,6.0,2.0,6.0,2.0,,,,,3.0,0.0,Completed,1.1,7.0,1.16,6.26,1.16,8.0,1.13,6.25
ATP,2022,32,Paris,French Open,2022-05-24,Grand Slam,Outdoor,Clay,1st Round,5.0,Djere L.,Berankis R.,56,101.0,956,645.0,6.0,4.0,6.0,4.0,6.0,4.0,,,,,3.0,0.0,Completed,1.12,6.0,1.1,8.63,1.16,8.63,1.1,7.08
ATP,2022,32,Paris,French Open,2022-05-24,Grand Slam,Outdoor,Clay,1st Round,5.0,Korda S.,Millman J.,30,91.0,1326,693.0,6.0,1.0,7.0,5.0,7.0,6.0,,,,,3.0,0.0,Completed,1.14,5.5,1.13,7.12,1.15,7.8,1.12,6.54
ATP,2022,32,Paris,French Open,2022-05-24,Grand Slam,Outdoor,Clay,1st Round,5.0,Bublik A.,Rinderknech A.,42,68.0,1083,862.0,6.0,2.0,6.0,4.0,6.0,4.0,,,,,3.0,0.0,Completed,2.5,1.53,2.78,1.51,2.8,1.57,2.58,1.52
ATP,2022,32,Paris,French Open,2022-05-24,Grand Slam,Outdoor,Clay,1st Round,5.0,Molcan A.,Coria F.,38,54.0,1163,967.0,6.0,3.0,6.0,4.0,3.0,6.0,6.0,3.0,,,3.0,1.0,Completed,1.44,2.75,1.49,2.85,1.51,2.85,1.46,2.74
ATP,2022,32,Paris,French Open,2022-05-24,Grand Slam,Outdoor,Clay,1st Round,5.0,Gasquet R.,Harris L.,70,39.0,853,1160.0,6.0,1.0,6.0,3.0,6.0,4.0,,,,,3.0,0.0,Completed,1.5,2.62,1.56,2.57,1.62,2.78,1.51,2.57
ATP,2022,32,Paris,French Open,2022-05-24,Grand Slam,Outdoor,Clay,1st Round,5.0,Garin C.,Paul T.,37,33.0,1168,1218.0,5.0,7.0,6.0,1.0,6.0,2.0,6.0,3.0,,,3.0,1.0,Completed,1.61,2.3,1.67,2.35,1.68,2.49,1.62,2.31
ATP,2022,32,Paris,French Open,2022-05-24,Grand Slam,Outdoor,Clay,1st Round,5.0,Goffin D.,Lehecka J.,48,77.0,1023,801.0,6.0,4.0,4.0,6.0,6.0,4.0,6.0,4.0,,,3.0,1.0,Completed,1.36,3.2,1.42,3.13,1.44,3.6,1.38,3.05
ATP,2022,32,Paris,French Open,2022-05-24,Grand Slam,Outdoor,Clay,1st Round,5.0,Ruud C.,Tsonga J.W.,8,297.0,3940,168.0,6.0,7.0,7.0,6.0,6.0,2.0,7.0,6.0,,,3.0,1.0,Completed,1.03,15.0,1.03,18.72,1.05,21.0,1.02,14.79
ATP,2022,32,Paris,French Open,2022-05-24,Grand Slam,Outdoor,Clay,1st Round,5.0,Ivashka I.,Paire B.,50,78.0,1010,784.0,6.0,3.0,7.0,5.0,1.0,6.0,7.0,5.0,,,3.0,1.0,Completed,1.5,2.62,1.49,2.83,1.54,2.83,1.5,2.63
ATP,2022,32,Paris,French Open,2022-05-24,Grand Slam,Outdoor,Clay,1st Round,5.0,Laaksonen H.,Martinez P.,96,43.0,668,1070.0,2.0,6.0,6.0,4.0,6.0,4.0,7.0,6.0,,,3.0,1.0,Completed,4.0,1.25,4.37,1.26,2.31,1.75,2.16,1.69
ATP,2022,32,Paris,French Open,2022-05-24,Grand Slam,Outdoor,Clay,1st Round,5.0,Rublev A.,Kwon S.W.,7,71.0,3945,852.0,6.0,7.0,6.0,3.0,6.0,2.0,6.0,4.0,,,3.0,1.0,Completed,1.08,8.0,1.07,11.06,1.09,11.06,1.06,9.19
ATP,2022,32,Paris,French Open,2022-05-24,Grand Slam,Outdoor,Clay,1st Round,5.0,Sonego L.,Gojowczyk P.,35,94.0,1190,672.0,6.0,2.0,6.0,2.0,6.0,1.0,,,,,3.0,0.0,Completed,1.08,8.0,1.07,10.74,1.1,10.74,1.07,9.0
ATP,2022,32,Paris,French Open,2022-05-24,Grand Slam,Outdoor,Clay,1st Round,5.0,Delbonis F.,Mannarino A.,65,69.0,894,858.0,6.0,1.0,7.0,6.0,6.0,2.0,,,,,3.0,0.0,Completed,1.36,3.2,1.38,3.32,1.4,3.35,1.36,3.13
ATP,2022,32,Paris,French Open,2022-05-24,Grand Slam,Outdoor,Clay,1st Round,5.0,Tiafoe F.,Bonzi B.,27,52.0,1599,971.0,7.0,5.0,7.0,5.0,7.0,6.0,,,,,3.0,0.0,Completed,1.53,2.5,1.59,2.53,1.67,2.53,1.59,2.38
ATP,2022,32,Paris,French Open,2022-05-24,Grand Slam,Outdoor,Clay,1st Round,5.0,Gaston H.,De Minaur A.,74,20.0,828,1838.0,4.0,6.0,6.0,2.0,6.0,3.0,0.0,6.0,7.0,6.0,3.0,2.0,Completed,4.5,1.2,4.94,1.22,5.1,1.22,4.63,1.2
ATP,2022,32,Paris,French Open,2022-05-24,Grand Slam,Outdoor,Clay,1st Round,5.0,Carballes Baena R.,Otte O.,89,59.0,704,947.0,7.0,6.0,6.0,1.0,3.0,6.0,2.0,6.0,6.0,3.0,3.0,2.0,Completed,2.2,1.66,2.24,1.73,2.45,1.73,2.3,1.62
ATP,2022,32,Paris,French Open,2022-05-24,Grand Slam,Outdoor,Clay,1st Round,5.0,Cecchinato M.,Andujar P.,132,98.0,475,656.0,4.0,6.0,4.0,6.0,6.0,0.0,7.0,5.0,6.0,0.0,3.0,2.0,Completed,1.9,1.9,2.07,1.85,2.1,1.91,1.98,1.83
ATP,2022,32,Paris,French Open,2022-05-24,Grand Slam,Outdoor,Clay,1st Round,5.0,Hurkacz H.,Zeppieri G.,13,216.0,3095,260.0,7.0,5.0,6.0,2.0,7.0,5.0,,,,,3.0,0.0,Completed,1.12,6.0,1.19,5.43,1.19,6.75,1.13,5.89
ATP,2022,32,Paris,French Open,2022-05-24,Grand Slam,Outdoor,Clay,1st Round,5.0,Sinner J.,Fratangelo B.,12,186.0,3185,307.0,6.0,3.0,6.0,2.0,6.0,3.0,,,,,3.0,0.0,Completed,1.06,10.0,1.06,12.84,1.08,14.0,1.05,10.75
ATP,2022,32,Paris,French Open,2022-05-24,Grand Slam,Outdoor,Clay,1st Round,5.0,Kolar Z.,Pouille L.,134,162.0,468,360.0,6.0,3.0,4.0,6.0,7.0,5.0,6.0,4.0,,,3.0,1.0,Completed,1.9,1.9,1.81,2.11,1.91,2.2,1.81,2.01
ATP,2022,32,Paris,French Open,2022-05-24,Grand Slam,Outdoor,Clay,1st Round,5.0,Johnson S.,Vesely J.,92,73.0,689,847.0,6.0,7.0,7.0,6.0,6.0,3.0,6.0,2.0,,,3.0,1.0,Completed,2.3,1.61,2.31,1.69,2.35,1.69,2.25,1.65
ATP,2022,32,Paris,French Open,2022-05-24,Grand Slam,Outdoor,Clay,1st Round,5.0,Tsitsipas S.,Musetti L.,4,66.0,5965,867.0,5.0,7.0,4.0,6.0,6.0,2.0,6.0,3.0,6.0,2.0,3.0,2.0,Completed,1.1,7.0,1.09,9.54,1.11,9.67,1.09,7.56
ATP,2022,32,Paris,French Open,2022-05-24,Grand Slam,Outdoor,Clay,1st Round,5.0,Simon G.,Carreno Busta P.,158,18.0,391,2135.0,6.0,4.0,6.0,4.0,4.0,6.0,1.0,6.0,6.0,4.0,3.0,2.0,Completed,13.0,1.04,13.88,1.05,20.16,1.05,12.92,1.03
ATP,2022,32,Paris,French Open,2022-05-25,Grand Slam,Outdoor,Clay,2nd Round,5.0,Khachanov K.,Dellien H.,25,90.0,1620,703.0,4.0,6.0,6.0,4.0,7.0,6.0,6.0,3.0,,,3.0,1.0,Completed,1.44,2.75,1.48,2.88,1.5,2.9,1.45,2.77
ATP,2022,32,Paris,French Open,2022-05-25,Grand Slam,Outdoor,Clay,2nd Round,5.0,Auger-Aliassime F.,Ugo Carabelli C.,9,155.0,3820,410.0,6.0,0.0,6.0,3.0,6.0,4.0,,,,,3.0,0.0,Completed,1.1,7.0,1.12,7.74,1.13,8.5,1.1,6.92
ATP,2022,32,Paris,French Open,2022-05-25,Grand Slam,Outdoor,Clay,2nd Round,5.0,Isner J.,Barrere G.,26,210.0,1616,269.0,6.0,4.0,6.0,4.0,3.0,6.0,7.0,6.0,,,3.0,1.0,Completed,1.25,4.0,1.27,4.23,1.3,4.23,1.26,3.85
ATP,2022,32,Paris,French Open,2022-05-25,Grand Slam,Outdoor,Clay,2nd Round,5.0,Bedene A.,Cuevas P.,195,149.0,291,418.0,4.0,6.0,6.0,4.0,7.0,6.0,6.0,4.0,,,3.0,1.0,Completed,2.5,1.53,2.64,1.55,2.86,1.62,2.58,1.51
ATP,2022,32,Paris,French Open,2022-05-25,Grand Slam,Outdoor,Clay,2nd Round,5.0,Norrie C.,Kubler J.,11,160.0,3455,367.0,6.0,3.0,6.0,4.0,6.0,3.0,,,,,3.0,0.0,Completed,1.08,8.0,1.09,9.46,1.1,14.75,1.07,8.51
ATP,2022,32,Paris,French Open,2022-05-25,Grand Slam,Outdoor,Clay,2nd Round,5.0,Zapata Miralles B.,Fritz T.,131,14.0,475,2920.0,3.0,6.0,6.0,2.0,6.0,2.0,6.0,3.0,,,3.0,1.0,Completed,2.75,1.44,2.76,1.51,3.0,1.51,2.75,1.46
ATP,2022,32,Paris,French Open,2022-05-25,Grand Slam,Outdoor,Clay,2nd Round,5.0,Krajinovic F.,Gojo B.,55,223.0,965,249.0,7.0,6.0,6.0,2.0,5.0,7.0,6.0,1.0,,,3.0,1.0,Completed,1.16,5.0,1.19,5.42,1.21,5.8,1.17,5.09
ATP,2022,32,Paris,French Open,2022-05-25,Grand Slam,Outdoor,Clay,2nd Round,5.0,Zverev A.,Baez S.,3,36.0,7075,1178.0,2.0,6.0,4.0,6.0,6.0,1.0,6.0,2.0,7.0,5.0,3.0,2.0,Completed,1.14,5.5,1.2,5.3,1.2,6.5,1.16,5.24
ATP,2022,32,Paris,French Open,2022-05-25,Grand Slam,Outdoor,Clay,2nd Round,5.0,Schwartzman D.,Munar J.,16,87.0,2505,710.0,2.0,6.0,6.0,7.0,6.0,2.0,6.0,2.0,6.0,2.0,3.0,2.0,Completed,1.33,3.4,1.4,3.23,1.41,3.41,1.36,3.15
ATP,2022,32,Paris,French Open,2022-05-25,Grand Slam,Outdoor,Clay,2nd Round,5.0,Alcaraz C.,Ramos-Vinolas A.,6,44.0,4648,1058.0,6.0,1.0,6.0,7.0,5.0,7.0,7.0,6.0,6.0,4.0,3.0,2.0,Completed,1.03,15.0,1.04,16.69,1.05,21.0,1.03,13.98
ATP,2022,32,Paris,French Open,2022-05-25,Grand Slam,Outdoor,Clay,2nd Round,5.0,Djokovic N.,Molcan A.,1,38.0,8660,1163.0,6.0,2.0,6.0,3.0,7.0,6.0,,,,,3.0,0.0,Completed,1.03,15.0,1.03,18.33,1.05,19.0,1.03,13.91
ATP,2022,32,Paris,French Open,2022-05-25,Grand Slam,Outdoor,Clay,2nd Round,5.0,Nakashima B.,Griekspoor T.,75,58.0,827,949.0,7.0,6.0,6.0,4.0,6.0,2.0,,,,,3.0,0.0,Completed,2.62,1.5,2.56,1.57,2.78,1.59,2.55,1.52
ATP,2022,32,Paris,French Open,2022-05-25,Grand Slam,Outdoor,Clay,2nd Round,5.0,Van De Zandschulp B.,Fognini F.,29,51.0,1344,976.0,6.0,4.0,7.0,6.0,3.0,2.0,,,,,2.0,0.0,Retired,1.57,2.37,1.61,2.49,1.64,2.6,1.58,2.41
ATP,2022,32,Paris,French Open,2022-05-25,Grand Slam,Outdoor,Clay,2nd Round,5.0,Dimitrov G.,Coric B.,21,279.0,1740,183.0,6.0,0.0,6.0,4.0,6.0,3.0,,,,,3.0,0.0,Completed,1.25,4.0,1.29,4.05,1.32,4.15,1.27,3.8
ATP,2022,32,Paris,French Open,2022-05-25,Grand Slam,Outdoor,Clay,2nd Round,5.0,Korda S.,Gasquet R.,30,70.0,1326,853.0,7.0,6.0,6.0,3.0,6.0,3.0,,,,,3.0,0.0,Completed,1.4,3.0,1.47,2.92,1.47,3.1,1.42,2.88
ATP,2022,32,Paris,French Open,2022-05-25,Grand Slam,Outdoor,Clay,2nd Round,5.0,Nadal R.,Moutet C.,5,139.0,5525,451.0,6.0,3.0,6.0,1.0,6.0,4.0,,,,,3.0,0.0,Completed,1.03,15.0,1.04,15.03,1.05,34.0,1.03,13.88
ATP,2022,32,Paris,French Open,2022-05-26,Grand Slam,Outdoor,Clay,2nd Round,5.0,Ruud C.,Ruusuvuori E.,8,61.0,3940,920.0,6.0,3.0,6.0,4.0,6.0,2.0,,,,,3.0,0.0,Completed,1.12,6.0,1.12,7.38,1.15,7.75,1.11,6.8
ATP,2022,32,Paris,French Open,2022-05-26,Grand Slam,Outdoor,Clay,2nd Round,5.0,Rune H.,Laaksonen H.,40,96.0,1159,668.0,6.0,2.0,6.0,3.0,6.0,3.0,,,,,3.0,0.0,Completed,1.12,6.0,1.13,7.01,1.16,7.01,1.12,6.35
ATP,2022,32,Paris,French Open,2022-05-26,Grand Slam,Outdoor,Clay,2nd Round,5.0,Medvedev D.,Djere L.,2,56.0,7980,956.0,6.0,3.0,6.0,4.0,6.0,3.0,,,,,3.0,0.0,Completed,1.36,3.2,1.41,3.17,1.43,3.21,1.38,3.07
ATP,2022,32,Paris,French Open,2022-05-26,Grand Slam,Outdoor,Clay,2nd Round,5.0,Kecmanovic M.,Bublik A.,31,42.0,1316,1083.0,4.0,6.0,7.0,5.0,6.0,2.0,6.0,1.0,,,3.0,1.0,Completed,1.2,4.5,1.2,5.28,1.22,5.5,1.18,4.85
ATP,2022,32,Paris,French Open,2022-05-26,Grand Slam,Outdoor,Clay,2nd Round,5.0,Goffin D.,Tiafoe F.,48,27.0,1023,1599.0,3.0,6.0,7.0,6.0,6.0,2.0,6.0,4.0,,,3.0,1.0,Completed,1.66,2.2,1.66,2.36,1.71,2.36,1.65,2.26
ATP,2022,32,Paris,French Open,2022-05-26,Grand Slam,Outdoor,Clay,2nd Round,5.0,Gaston H.,Cachin P.,74,153.0,828,412.0,6.0,4.0,6.0,2.0,6.0,4.0,,,,,3.0,0.0,Completed,1.9,1.9,2.14,1.79,2.14,2.03,1.93,1.88
ATP,2022,32,Paris,French Open,2022-05-26,Grand Slam,Outdoor,Clay,2nd Round,5.0,Cilic M.,Fucsovics M.,23,57.0,1695,955.0,4.0,6.0,6.0,4.0,6.0,2.0,6.0,3.0,,,3.0,1.0,Completed,1.44,2.75,1.51,2.76,1.51,2.9,1.46,2.71
ATP,2022,32,Paris,French Open,2022-05-26,Grand Slam,Outdoor,Clay,2nd Round,5.0,Sonego L.,Sousa J.,35,63.0,1190,906.0,7.0,6.0,6.0,3.0,6.0,4.0,,,,,3.0,0.0,Completed,1.4,3.0,1.4,3.21,1.47,3.21,1.39,3.01
ATP,2022,32,Paris,French Open,2022-05-26,Grand Slam,Outdoor,Clay,2nd Round,5.0,Mcdonald M.,Basilashvili N.,60,24.0,941,1628.0,6.0,3.0,6.0,1.0,6.0,4.0,,,,,3.0,0.0,Completed,2.5,1.53,2.71,1.52,2.78,1.55,2.58,1.51
ATP,2022,32,Paris,French Open,2022-05-26,Grand Slam,Outdoor,Clay,2nd Round,5.0,Hurkacz H.,Cecchinato M.,13,132.0,3095,475.0,6.0,1.0,6.0,4.0,6.0,2.0,,,,,3.0,0.0,Completed,1.14,5.5,1.15,6.57,1.17,6.9,1.13,6.05
ATP,2022,32,Paris,French Open,2022-05-26,Grand Slam,Outdoor,Clay,2nd Round,5.0,Garin C.,Ivashka I.,37,50.0,1168,1010.0,6.0,3.0,7.0,6.0,4.0,6.0,6.0,3.0,,,3.0,1.0,Completed,1.5,2.62,1.55,2.65,1.59,2.8,1.51,2.59
ATP,2022,32,Paris,French Open,2022-05-26,Grand Slam,Outdoor,Clay,2nd Round,5.0,Ymer M.,Evans D.,95,32.0,672,1232.0,6.0,3.0,3.0,6.0,6.0,2.0,6.0,3.0,,,3.0,1.0,Completed,2.75,1.44,2.68,1.53,3.0,1.56,2.61,1.5
ATP,2022,32,Paris,French Open,2022-05-26,Grand Slam,Outdoor,Clay,2nd Round,5.0,Simon G.,Johnson S.,158,92.0,391,689.0,7.0,5.0,6.0,1.0,7.0,6.0,,,,,3.0,0.0,Completed,2.62,1.5,2.86,1.48,2.86,1.55,2.67,1.48
ATP,2022,32,Paris,French Open,2022-05-26,Grand Slam,Outdoor,Clay,2nd Round,5.0,Tsitsipas S.,Kolar Z.,4,134.0,5965,468.0,6.0,3.0,7.0,6.0,6.0,7.0,7.0,6.0,,,3.0,1.0,Completed,1.02,17.0,0.972,35.02,1.04,35.02,1.01,19.24
ATP,2022,32,Paris,French Open,2022-05-26,Grand Slam,Outdoor,Clay,2nd Round,5.0,Sinner J.,Carballes Baena R.,12,89.0,3185,704.0,3.0,6.0,6.0,4.0,6.0,4.0,6.0,3.0,,,3.0,1.0,Completed,1.07,9.0,1.06,11.73,1.11,11.73,1.06,9.33
ATP,2022,32,Paris,French Open,2022-05-26,Grand Slam,Outdoor,Clay,2nd Round,5.0,Rublev A.,Delbonis F.,7,65.0,3945,894.0,6.0,3.0,3.0,6.0,6.0,2.0,6.0,3.0,,,3.0,1.0,Completed,1.12,6.0,1.14,6.88,1.14,7.6,1.12,6.52
ATP,2022,32,Paris,French Open,2022-05-27,Grand Slam,Outdoor,Clay,3rd Round,5.0,Schwartzman D.,Dimitrov G.,16,21.0,2505,1740.0,6.0,3.0,6.0,1.0,6.0,2.0,,,,,3.0,0.0,Completed,2.37,1.57,2.46,1.62,2.6,1.63,2.4,1.58
ATP,2022,32,Paris,French Open,2022-05-27,Grand Slam,Outdoor,Clay,3rd Round,5.0,Auger-Aliassime F.,Krajinovic F.,9,55.0,3820,965.0,7.0,6.0,7.0,6.0,7.0,5.0,,,,,3.0,0.0,Completed,1.3,3.5,1.29,4.01,1.35,4.03,1.28,3.7
ATP,2022,32,Paris,French Open,2022-05-27,Grand Slam,Outdoor,Clay,3rd Round,5.0,Djokovic N.,Bedene A.,1,195.0,8660,291.0,6.0,3.0,6.0,3.0,6.0,2.0,,,,,3.0,0.0,Completed,1.01,21.0,1.01,28.96,1.03,34.0,1.01,20.76
ATP,2022,32,Paris,French Open,2022-05-27,Grand Slam,Outdoor,Clay,3rd Round,5.0,Nadal R.,Van De Zandschulp B.,5,29.0,5525,1344.0,6.0,3.0,6.0,2.0,6.0,4.0,,,,,3.0,0.0,Completed,1.05,11.0,1.08,10.61,1.09,11.25,1.06,9.63
ATP,2022,32,Paris,French Open,2022-05-27,Grand Slam,Outdoor,Clay,3rd Round,5.0,Zapata Miralles B.,Isner J.,131,26.0,475,1616.0,6.0,4.0,3.0,6.0,6.0,4.0,6.0,7.0,6.0,3.0,3.0,2.0,Completed,2.37,1.57,2.37,1.66,2.51,1.71,2.38,1.59
ATP,2022,32,Paris,French Open,2022-05-27,Grand Slam,Outdoor,Clay,3rd Round,5.0,Zverev A.,Nakashima B.,3,75.0,7075,827.0,7.0,6.0,6.0,3.0,7.0,6.0,,,,,3.0,0.0,Completed,1.08,8.0,1.1,8.66,1.12,9.25,1.08,7.89
ATP,2022,32,Paris,French Open,2022-05-27,Grand Slam,Outdoor,Clay,3rd Round,5.0,Khachanov K.,Norrie C.,25,11.0,1620,3455.0,6.0,2.0,7.0,5.0,5.0,7.0,6.0,4.0,,,3.0,1.0,Completed,2.5,1.53,2.63,1.55,2.78,1.62,2.53,1.53
ATP,2022,32,Paris,French Open,2022-05-27,Grand Slam,Outdoor,Clay,3rd Round,5.0,Alcaraz C.,Korda S.,6,30.0,4648,1326.0,6.0,4.0,6.0,4.0,6.0,2.0,,,,,3.0,0.0,Completed,1.16,5.0,1.19,5.34,1.2,5.5,1.17,5.11
ATP,2022,32,Paris,French Open,2022-05-28,Grand Slam,Outdoor,Clay,3rd Round,5.0,Sinner J.,Mcdonald M.,12,60.0,3185,941.0,6.0,3.0,7.0,6.0,6.0,3.0,,,,,3.0,0.0,Completed,1.07,9.0,1.08,9.97,1.1,11.5,1.07,8.57
ATP,2022,32,Paris,French Open,2022-05-28,Grand Slam,Outdoor,Clay,3rd Round,5.0,Rublev A.,Garin C.,7,37.0,3945,1168.0,6.0,4.0,3.0,6.0,6.0,2.0,7.0,6.0,,,3.0,1.0,Completed,1.25,4.0,1.27,4.23,1.3,4.6,1.25,3.98
ATP,2022,32,Paris,French Open,2022-05-28,Grand Slam,Outdoor,Clay,3rd Round,5.0,Medvedev D.,Kecmanovic M.,2,31.0,7980,1316.0,6.0,2.0,6.0,4.0,6.0,2.0,,,,,3.0,0.0,Completed,1.66,2.2,1.66,2.37,1.7,2.4,1.65,2.26
ATP,2022,32,Paris,French Open,2022-05-28,Grand Slam,Outdoor,Clay,3rd Round,5.0,Cilic M.,Simon G.,23,158.0,1695,391.0,6.0,0.0,6.0,3.0,6.0,2.0,,,,,3.0,0.0,Completed,1.22,4.33,1.24,4.57,1.27,5.5,1.2,4.7
ATP,2022,32,Paris,French Open,2022-05-28,Grand Slam,Outdoor,Clay,3rd Round,5.0,Hurkacz H.,Goffin D.,13,48.0,3095,1023.0,7.0,5.0,6.0,2.0,6.0,1.0,,,,,3.0,0.0,Completed,1.66,2.2,1.72,2.25,1.76,2.4,1.67,2.23
ATP,2022,32,Paris,French Open,2022-05-28,Grand Slam,Outdoor,Clay,3rd Round,5.0,Tsitsipas S.,Ymer M.,4,95.0,5965,672.0,6.0,2.0,6.0,2.0,6.0,1.0,,,,,3.0,0.0,Completed,1.05,11.0,1.04,15.04,1.06,16.0,1.04,11.77
ATP,2022,32,Paris,French Open,2022-05-28,Grand Slam,Outdoor,Clay,3rd Round,5.0,Ruud C.,Sonego L.,8,35.0,3940,1190.0,6.0,2.0,6.0,7.0,1.0,6.0,6.0,4.0,6.0,3.0,3.0,2.0,Completed,1.16,5.0,1.16,6.18,1.18,6.75,1.14,5.77
ATP,2022,32,Paris,French Open,2022-05-28,Grand Slam,Outdoor,Clay,3rd Round,5.0,Rune H.,Gaston H.,40,74.0,1159,828.0,6.0,3.0,6.0,3.0,6.0,3.0,,,,,3.0,0.0,Completed,1.3,3.5,1.34,3.56,1.36,3.6,1.33,3.36
ATP,2022,32,Paris,French Open,2022-05-29,Grand Slam,Outdoor,Clay,4th Round,5.0,Djokovic N.,Schwartzman D.,1,16.0,8660,2505.0,6.0,1.0,6.0,3.0,6.0,3.0,,,,,3.0,0.0,Completed,1.07,9.0,1.09,9.64,1.1,12.75,1.07,8.8
ATP,2022,32,Paris,French Open,2022-05-29,Grand Slam,Outdoor,Clay,4th Round,5.0,Zverev A.,Zapata Miralles B.,3,131.0,7075,475.0,7.0,6.0,7.0,5.0,6.0,3.0,,,,,3.0,0.0,Completed,1.06,10.0,1.06,12.16,1.08,13.75,1.05,10.24
ATP,2022,32,Paris,French Open,2022-05-29,Grand Slam,Outdoor,Clay,4th Round,5.0,Nadal R.,Auger-Aliassime F.,5,9.0,5525,3820.0,3.0,6.0,6.0,3.0,6.0,2.0,3.0,6.0,6.0,3.0,3.0,2.0,Completed,1.14,5.5,1.15,6.54,1.19,6.88,1.14,5.82
ATP,2022,32,Paris,French Open,2022-05-29,Grand Slam,Outdoor,Clay,4th Round,5.0,Alcaraz C.,Khachanov K.,6,25.0,4648,1620.0,6.0,1.0,6.0,4.0,6.0,4.0,,,,,3.0,0.0,Completed,1.1,7.0,1.11,8.06,1.12,9.25,1.09,7.64
ATP,2022,32,Paris,French Open,2022-05-30,Grand Slam,Outdoor,Clay,4th Round,5.0,Ruud C.,Hurkacz H.,8,13.0,3940,3095.0,6.0,2.0,6.0,3.0,3.0,6.0,6.0,3.0,,,3.0,1.0,Completed,1.57,2.37,1.62,2.45,1.66,3.03,1.57,2.43
ATP,2022,32,Paris,French Open,2022-05-30,Grand Slam,Outdoor,Clay,4th Round,5.0,Rune H.,Tsitsipas S.,40,4.0,1159,5965.0,7.0,5.0,3.0,6.0,6.0,3.0,6.0,4.0,,,3.0,1.0,Completed,4.5,1.2,4.45,1.25,4.8,1.27,4.37,1.22
ATP,2022,32,Paris,French Open,2022-05-30,Grand Slam,Outdoor,Clay,4th Round,5.0,Rublev A.,Sinner J.,7,12.0,3945,3185.0,1.0,6.0,6.0,4.0,2.0,0.0,,,,,1.0,1.0,Retired,1.8,2.0,1.88,2.04,1.91,2.1,1.82,2.01
ATP,2022,32,Paris,French Open,2022-05-30,Grand Slam,Outdoor,Clay,4th Round,5.0,Cilic M.,Medvedev D.,23,2.0,1695,7980.0,6.0,2.0,6.0,3.0,6.0,2.0,,,,,3.0,0.0,Completed,3.75,1.28,3.94,1.3,4.1,1.33,3.73,1.28
ATP,2022,32,Paris,French Open,2022-05-31,Grand Slam,Outdoor,Clay,Quarterfinals,5.0,Zverev A.,Alcaraz C.,3,6.0,7075,4648.0,6.0,4.0,6.0,4.0,4.0,6.0,7.0,6.0,,,3.0,1.0,Completed,4.33,1.22,3.93,1.3,4.36,1.3,3.97,1.25
ATP,2022,32,Paris,French Open,2022-05-31,Grand Slam,Outdoor,Clay,Quarterfinals,5.0,Nadal R.,Djokovic N.,5,1.0,5525,8660.0,6.0,2.0,4.0,6.0,6.0,2.0,7.0,6.0,,,3.0,1.0,Completed,2.75,1.44,2.9,1.47,3.1,1.5,2.85,1.44
ATP,2022,32,Paris,French Open,2022-06-01,Grand Slam,Outdoor,Clay,Quarterfinals,5.0,Cilic M.,Rublev A.,23,7.0,1695,3945.0,5.0,7.0,6.0,3.0,6.0,4.0,3.0,6.0,7.0,6.0,3.0,2.0,Completed,2.1,1.72,2.14,1.79,2.31,1.8,2.15,1.72
ATP,2022,32,Paris,French Open,2022-06-01,Grand Slam,Outdoor,Clay,Quarterfinals,5.0,Ruud C.,Rune H.,8,40.0,3940,1159.0,6.0,1.0,4.0,6.0,7.0,6.0,6.0,3.0,,,3.0,1.0,Completed,1.44,2.75,1.43,3.05,1.5,3.12,1.44,2.82
ATP,2022,32,Paris,French Open,2022-06-03,Grand Slam,Outdoor,Clay,Semifinals,5.0,Nadal R.,Zverev A.,5,3.0,5525,7075.0,7.0,6.0,6.0,6.0,,,,,,,1.0,0.0,Retired,1.33,3.4,1.38,3.32,1.41,3.5,1.35,3.3
ATP,2022,32,Paris,French Open,2022-06-03,Grand Slam,Outdoor,Clay,Semifinals,5.0,Ruud C.,Cilic M.,8,23.0,3940,1695.0,3.0,6.0,6.0,4.0,6.0,2.0,6.0,2.0,,,3.0,1.0,Completed,1.44,2.75,1.45,2.97,1.5,3.08,1.44,2.83
ATP,2022,32,Paris,French Open,2022-06-05,Grand Slam,Outdoor,Clay,The Final,5.0,Nadal R.,Ruud C.,5,8.0,5525,3940.0,6.0,3.0,6.0,3.0,6.0,0.0,,,,,3.0,0.0,Completed,1.16,5.5,1.19,5.53,1.22,6.0,1.18,5.09
ATP,2022,39,London,Wimbledon,2022-06-27,Grand Slam,Outdoor,Grass,1st Round,5.0,Basilashvili N.,Rosol L.,26,280.0,1473,181.0,6.0,7.0,7.0,6.0,3.0,6.0,6.0,3.0,6.0,3.0,3.0,2.0,Completed,1.3,3.5,1.33,3.69,1.35,3.75,1.3,3.51
ATP,2022,39,London,Wimbledon,2022-06-27,Grand Slam,Outdoor,Grass,1st Round,5.0,Halys Q.,Paire B.,82,73.0,687,771.0,4.0,6.0,6.0,1.0,6.0,2.0,6.0,4.0,,,3.0,1.0,Completed,1.36,3.2,1.37,3.41,1.41,3.65,1.34,3.25
ATP,2022,39,London,Wimbledon,2022-06-27,Grand Slam,Outdoor,Grass,1st Round,5.0,Humbert U.,Etcheverry T.,112,77.0,521,750.0,6.0,3.0,3.0,6.0,4.0,6.0,6.0,3.0,6.0,4.0,3.0,2.0,Completed,1.11,6.5,1.16,6.17,1.16,6.65,1.13,5.95
ATP,2022,39,London,Wimbledon,2022-06-27,Grand Slam,Outdoor,Grass,1st Round,5.0,Ruud C.,Ramos-Vinolas A.,6,39.0,5050,1080.0,7.0,6.0,7.0,6.0,6.0,2.0,,,,,3.0,0.0,Completed,1.2,4.5,1.19,5.39,1.27,6.1,1.19,4.78
ATP,2022,39,London,Wimbledon,2022-06-27,Grand Slam,Outdoor,Grass,1st Round,5.0,Marterer M.,Bedene A.,172,200.0,319,283.0,4.0,6.0,7.0,5.0,6.0,4.0,7.0,5.0,,,3.0,1.0,Completed,2.1,1.72,2.04,1.87,2.13,1.93,2.02,1.8
ATP,2022,39,London,Wimbledon,2022-06-27,Grand Slam,Outdoor,Grass,1st Round,5.0,Norrie C.,Andujar P.,12,100.0,3200,576.0,6.0,0.0,7.0,6.0,6.0,3.0,,,,,3.0,0.0,Completed,1.02,17.0,1.02,20.54,1.05,24.0,1.02,15.57
ATP,2022,39,London,Wimbledon,2022-06-27,Grand Slam,Outdoor,Grass,1st Round,5.0,Munar J.,Monteiro T.,71,89.0,780,643.0,6.0,2.0,6.0,4.0,7.0,5.0,,,,,3.0,0.0,Completed,2.3,1.61,2.33,1.68,2.4,1.68,2.28,1.63
ATP,2022,39,London,Wimbledon,2022-06-27,Grand Slam,Outdoor,Grass,1st Round,5.0,Davidovich Fokina A.,Hurkacz H.,37,10.0,1120,3735.0,7.0,6.0,6.0,4.0,5.0,7.0,2.0,6.0,7.0,6.0,3.0,2.0,Completed,5.5,1.14,7.06,1.13,7.66,1.18,6.28,1.12
ATP,2022,39,London,Wimbledon,2022-06-27,Grand Slam,Outdoor,Grass,1st Round,5.0,Mannarino A.,Purcell M.,86,209.0,665,272.0,6.0,3.0,7.0,6.0,4.0,6.0,4.0,6.0,6.0,4.0,3.0,2.0,Completed,1.28,3.75,1.32,3.75,1.32,3.9,1.3,3.58
ATP,2022,39,London,Wimbledon,2022-06-27,Grand Slam,Outdoor,Grass,1st Round,5.0,Paul T.,Verdasco F.,32,115.0,1208,517.0,6.0,1.0,6.0,2.0,7.0,6.0,,,,,3.0,0.0,Completed,1.14,5.5,1.22,4.86,1.22,5.75,1.19,4.82
ATP,2022,39,London,Wimbledon,2022-06-27,Grand Slam,Outdoor,Grass,1st Round,5.0,Tiafoe F.,Vavassori A.,28,256.0,1439,205.0,6.0,4.0,6.0,4.0,6.0,4.0,,,,,3.0,0.0,Completed,1.11,6.5,1.12,7.64,1.14,8.2,1.1,7.0
ATP,2022,39,London,Wimbledon,2022-06-27,Grand Slam,Outdoor,Grass,1st Round,5.0,Djokovic N.,Kwon S.W.,3,81.0,6770,698.0,6.0,3.0,3.0,6.0,6.0,3.0,6.0,4.0,,,3.0,1.0,Completed,1.005,34.0,1.01,31.88,1.01,34.22,1.01,22.46
ATP,2022,39,London,Wimbledon,2022-06-27,Grand Slam,Outdoor,Grass,1st Round,5.0,Isner J.,Couacaud E.,24,206.0,1616,276.0,6.0,7.0,7.0,6.0,4.0,6.0,6.0,3.0,7.0,5.0,3.0,2.0,Completed,1.16,5.0,1.24,4.64,1.24,5.0,1.21,4.41
ATP,2022,39,London,Wimbledon,2022-06-27,Grand Slam,Outdoor,Grass,1st Round,5.0,Kokkinakis T.,Majchrzak K.,79,91.0,728,635.0,7.0,6.0,6.0,2.0,7.0,5.0,,,,,3.0,0.0,Completed,2.1,1.72,2.17,1.78,2.17,1.83,2.09,1.75
ATP,2022,39,London,Wimbledon,2022-06-27,Grand Slam,Outdoor,Grass,1st Round,5.0,Alcaraz C.,Struff J.L.,7,155.0,4890,363.0,4.0,6.0,7.0,5.0,4.0,6.0,7.0,6.0,6.0,4.0,3.0,2.0,Completed,1.25,4.0,1.26,4.32,1.28,4.45,1.25,3.99
ATP,2022,39,London,Wimbledon,2022-06-27,Grand Slam,Outdoor,Grass,1st Round,5.0,Tabilo A.,Djere L.,78,57.0,746,946.0,7.0,6.0,6.0,2.0,1.0,6.0,4.0,6.0,7.0,6.0,3.0,2.0,Completed,2.62,1.5,2.68,1.53,3.0,1.53,2.72,1.47
ATP,2022,39,London,Wimbledon,2022-06-27,Grand Slam,Outdoor,Grass,1st Round,5.0,Vesely J.,Coria F.,68,67.0,829,840.0,6.0,3.0,6.0,2.0,7.0,6.0,,,,,3.0,0.0,Completed,1.05,11.0,1.09,9.72,1.09,12.72,1.07,8.88
ATP,2022,39,London,Wimbledon,2022-06-27,Grand Slam,Outdoor,Grass,1st Round,5.0,Van Rijthoven T.,Delbonis F.,104,84.0,546,679.0,7.0,6.0,6.0,1.0,6.0,2.0,,,,,3.0,0.0,Completed,1.12,6.0,1.13,7.13,1.14,7.75,1.11,6.61
ATP,2022,39,London,Wimbledon,2022-06-27,Grand Slam,Outdoor,Grass,1st Round,5.0,Sinner J.,Wawrinka S.,13,267.0,3185,191.0,7.0,5.0,4.0,6.0,6.0,3.0,6.0,2.0,,,3.0,1.0,Completed,1.33,3.4,1.33,3.65,1.35,3.65,1.31,3.43
ATP,2022,39,London,Wimbledon,2022-06-27,Grand Slam,Outdoor,Grass,1st Round,5.0,Kecmanovic M.,Millman J.,30,85.0,1306,676.0,6.0,3.0,2.0,6.0,6.0,3.0,6.0,4.0,,,3.0,1.0,Completed,1.44,2.75,1.42,3.11,1.46,3.13,1.4,2.93
ATP,2022,39,London,Wimbledon,2022-06-27,Grand Slam,Outdoor,Grass,1st Round,5.0,Lajovic D.,Carreno Busta P.,64,20.0,883,1930.0,3.0,6.0,6.0,4.0,,,,,,,1.0,1.0,Retired,3.4,1.33,4.0,1.29,4.13,1.33,3.71,1.28
ATP,2022,39,London,Wimbledon,2022-06-27,Grand Slam,Outdoor,Grass,1st Round,5.0,Griekspoor T.,Fognini F.,53,63.0,984,896.0,5.0,7.0,7.0,5.0,6.0,3.0,6.0,4.0,,,3.0,1.0,Completed,1.36,3.2,1.36,3.47,1.38,3.5,1.34,3.26
ATP,2022,39,London,Wimbledon,2022-06-27,Grand Slam,Outdoor,Grass,1st Round,5.0,Murray A.,Duckworth J.,52,74.0,995,766.0,4.0,6.0,6.0,3.0,6.0,2.0,6.0,4.0,,,3.0,1.0,Completed,1.16,5.0,1.16,6.22,1.18,6.7,1.16,5.37
ATP,2022,39,London,Wimbledon,2022-06-27,Grand Slam,Outdoor,Grass,1st Round,5.0,Bublik A.,Fucsovics M.,38,59.0,1105,922.0,6.0,1.0,6.0,2.0,6.0,4.0,,,,,3.0,0.0,Completed,1.57,2.37,1.56,2.61,1.6,2.66,1.53,2.5
ATP,2022,39,London,Wimbledon,2022-06-27,Grand Slam,Outdoor,Grass,1st Round,5.0,Otte O.,Gojowczyk P.,36,92.0,1155,630.0,6.0,1.0,6.0,2.0,6.0,1.0,,,,,3.0,0.0,Completed,1.14,5.5,1.16,6.3,1.16,7.0,1.13,5.87
ATP,2022,39,London,Wimbledon,2022-06-28,Grand Slam,Outdoor,Grass,1st Round,5.0,Peniston R.,Laaksonen H.,135,96.0,440,606.0,6.0,4.0,6.0,3.0,6.0,2.0,,,,,3.0,0.0,Completed,1.2,4.5,1.21,5.11,1.29,5.25,1.2,4.53
ATP,2022,39,London,Wimbledon,2022-06-28,Grand Slam,Outdoor,Grass,1st Round,5.0,Grenier H.,Huesler M.A.,141,105.0,424,546.0,6.0,3.0,7.0,6.0,6.0,7.0,2.0,6.0,6.0,4.0,3.0,2.0,Completed,2.37,1.57,2.6,1.56,2.63,1.58,2.48,1.54
ATP,2022,39,London,Wimbledon,2022-06-28,Grand Slam,Outdoor,Grass,1st Round,5.0,Goffin D.,Albot R.,58,113.0,930,521.0,6.0,2.0,6.0,2.0,7.0,6.0,,,,,3.0,0.0,Completed,1.5,2.62,1.54,2.67,1.6,2.72,1.53,2.52
ATP,2022,39,London,Wimbledon,2022-06-28,Grand Slam,Outdoor,Grass,1st Round,5.0,Baez S.,Daniel T.,35,118.0,1168,504.0,6.0,4.0,6.0,4.0,7.0,5.0,,,,,3.0,0.0,Completed,1.9,1.9,1.87,2.04,1.92,2.1,1.85,1.96
ATP,2022,39,London,Wimbledon,2022-06-28,Grand Slam,Outdoor,Grass,1st Round,5.0,Johnson S.,Dimitrov G.,93,21.0,627,1785.0,4.0,6.0,5.0,2.0,,,,,,,0.0,1.0,Retired,4.5,1.2,4.97,1.22,5.06,1.24,4.64,1.19
ATP,2022,39,London,Wimbledon,2022-06-28,Grand Slam,Outdoor,Grass,1st Round,5.0,Gasquet R.,Sousa J.,69,60.0,817,918.0,7.0,6.0,6.0,2.0,4.0,6.0,4.0,6.0,6.0,3.0,3.0,2.0,Completed,1.5,2.62,1.49,2.84,1.55,2.85,1.48,2.68
ATP,2022,39,London,Wimbledon,2022-06-28,Grand Slam,Outdoor,Grass,1st Round,5.0,Opelka R.,Taberner C.,18,98.0,2100,585.0,7.0,6.0,6.0,4.0,6.0,4.0,,,,,3.0,0.0,Completed,1.16,5.0,1.15,6.41,1.16,6.41,1.14,5.84
ATP,2022,39,London,Wimbledon,2022-06-28,Grand Slam,Outdoor,Grass,1st Round,5.0,Kyrgios N.,Jubb P.,40,219.0,1070,256.0,3.0,6.0,6.0,1.0,7.0,5.0,6.0,7.0,7.0,5.0,3.0,2.0,Completed,1.07,9.0,1.11,8.16,1.11,9.7,1.08,8.01
ATP,2022,39,London,Wimbledon,2022-06-28,Grand Slam,Outdoor,Grass,1st Round,5.0,Molcan A.,Martinez P.,51,50.0,1006,1010.0,4.0,6.0,6.0,4.0,6.0,4.0,6.0,1.0,,,3.0,1.0,Completed,1.44,2.75,1.5,2.8,1.5,3.1,1.45,2.77
ATP,2022,39,London,Wimbledon,2022-06-28,Grand Slam,Outdoor,Grass,1st Round,5.0,Ymer M.,Altmaier D.,88,61.0,653,904.0,6.0,3.0,7.0,5.0,7.0,5.0,,,,,3.0,0.0,Completed,1.9,1.9,1.89,2.02,1.91,2.05,1.85,1.96
ATP,2022,39,London,Wimbledon,2022-06-28,Grand Slam,Outdoor,Grass,1st Round,5.0,De Minaur A.,Dellien H.,27,80.0,1473,704.0,6.0,1.0,6.0,3.0,7.0,5.0,,,,,3.0,0.0,Completed,1.03,15.0,1.04,15.53,1.05,18.0,1.03,12.82
ATP,2022,39,London,Wimbledon,2022-06-28,Grand Slam,Outdoor,Grass,1st Round,5.0,Brooksby J.,Kukushkin M.,34,164.0,1187,334.0,6.0,3.0,6.0,2.0,6.0,3.0,,,,,3.0,0.0,Completed,1.4,3.0,1.49,2.83,1.51,3.1,1.43,2.83
ATP,2022,39,London,Wimbledon,2022-06-28,Grand Slam,Outdoor,Grass,1st Round,5.0,Berankis R.,Querrey S.,106,157.0,545,352.0,6.0,4.0,7.0,5.0,6.0,3.0,,,,,3.0,0.0,Completed,4.0,1.25,4.88,1.22,4.88,1.26,4.33,1.22
ATP,2022,39,London,Wimbledon,2022-06-28,Grand Slam,Outdoor,Grass,1st Round,5.0,Harrison C.,Clarke J.,251,156.0,210,361.0,7.0,6.0,6.0,1.0,7.0,6.0,,,,,3.0,0.0,Completed,1.72,2.1,1.71,2.27,1.78,2.27,1.7,2.16
ATP,2022,39,London,Wimbledon,2022-06-28,Grand Slam,Outdoor,Grass,1st Round,5.0,Bonzi B.,Kolar Z.,47,119.0,1026,503.0,6.0,3.0,6.0,3.0,6.0,1.0,,,,,3.0,0.0,Completed,1.1,7.0,1.08,10.08,1.13,10.08,1.1,7.38
ATP,2022,39,London,Wimbledon,2022-06-28,Grand Slam,Outdoor,Grass,1st Round,5.0,Garin C.,Ymer E.,43,137.0,1055,439.0,6.0,3.0,7.0,5.0,6.0,4.0,,,,,3.0,0.0,Completed,1.53,2.5,1.52,2.71,1.59,2.71,1.52,2.52
ATP,2022,39,London,Wimbledon,2022-06-28,Grand Slam,Outdoor,Grass,1st Round,5.0,Gaston H.,Popyrin A.,66,83.0,863,682.0,6.0,2.0,4.0,6.0,0.0,6.0,7.0,6.0,6.0,3.0,3.0,2.0,Completed,2.5,1.53,2.86,1.48,2.88,1.59,2.52,1.53
ATP,2022,39,London,Wimbledon,2022-06-28,Grand Slam,Outdoor,Grass,1st Round,5.0,Sock J.,Zapata Miralles B.,103,90.0,557,639.0,7.0,6.0,6.0,4.0,6.0,4.0,,,,,3.0,0.0,Completed,1.33,3.4,1.37,3.39,1.37,3.6,1.33,3.3
ATP,2022,39,London,Wimbledon,2022-06-28,Grand Slam,Outdoor,Grass,1st Round,5.0,Mcdonald M.,Borges N.,55,123.0,971,493.0,6.0,4.0,6.0,4.0,7.0,6.0,,,,,3.0,0.0,Completed,1.33,3.4,1.34,3.58,1.35,3.95,1.31,3.5
ATP,2022,39,London,Wimbledon,2022-06-28,Grand Slam,Outdoor,Grass,1st Round,5.0,Giron M.,Rune H.,65,29.0,866,1420.0,6.0,3.0,7.0,5.0,6.0,4.0,,,,,3.0,0.0,Completed,1.72,2.1,1.7,2.29,1.78,2.29,1.71,2.16
ATP,2022,39,London,Wimbledon,2022-06-28,Grand Slam,Outdoor,Grass,1st Round,5.0,Sonego L.,Kudla D.,54,75.0,980,763.0,6.0,7.0,6.0,3.0,7.0,5.0,4.0,6.0,6.0,2.0,3.0,2.0,Completed,1.9,1.9,1.98,1.93,2.0,2.1,1.89,1.91
ATP,2022,39,London,Wimbledon,2022-06-28,Grand Slam,Outdoor,Grass,1st Round,5.0,Krajinovic F.,Lehecka J.,31,72.0,1300,776.0,5.0,7.0,6.0,4.0,6.0,7.0,7.0,6.0,6.0,4.0,3.0,2.0,Completed,1.36,3.2,1.38,3.34,1.39,3.75,1.34,3.25
ATP,2022,39,London,Wimbledon,2022-06-28,Grand Slam,Outdoor,Grass,1st Round,5.0,Draper J.,Bergs Z.,94,146.0,627,403.0,6.0,4.0,6.0,4.0,7.0,6.0,,,,,3.0,0.0,Completed,1.33,3.4,1.35,3.52,1.37,3.84,1.33,3.34
ATP,2022,39,London,Wimbledon,2022-06-28,Grand Slam,Outdoor,Grass,1st Round,5.0,Nadal R.,Cerundolo F.,4,41.0,6525,1070.0,6.0,4.0,6.0,3.0,3.0,6.0,6.0,4.0,,,3.0,1.0,Completed,1.04,13.0,1.03,18.32,1.04,21.0,1.03,14.7
ATP,2022,39,London,Wimbledon,2022-06-28,Grand Slam,Outdoor,Grass,1st Round,5.0,Thompson J.,Carballes Baena R.,76,87.0,750,663.0,6.0,4.0,6.0,1.0,6.0,1.0,,,,,3.0,0.0,Completed,1.08,8.0,1.07,10.85,1.08,10.85,1.07,8.68
ATP,2022,39,London,Wimbledon,2022-06-28,Grand Slam,Outdoor,Grass,1st Round,5.0,Cressy M.,Auger-Aliassime F.,45,9.0,1047,3760.0,6.0,7.0,6.0,4.0,7.0,6.0,7.0,6.0,,,3.0,1.0,Completed,3.5,1.3,3.81,1.31,3.81,1.38,3.52,1.31
ATP,2022,39,London,Wimbledon,2022-06-28,Grand Slam,Outdoor,Grass,1st Round,5.0,Van De Zandschulp B.,Lopez F.,25,240.0,1518,222.0,6.0,2.0,6.0,3.0,6.0,3.0,,,,,3.0,0.0,Completed,1.2,4.5,1.2,5.23,1.21,5.5,1.19,4.77
ATP,2022,39,London,Wimbledon,2022-06-28,Grand Slam,Outdoor,Grass,1st Round,5.0,Ruusuvuori E.,Nishioka Y.,49,101.0,1015,574.0,6.0,2.0,6.0,2.0,4.0,6.0,6.0,4.0,,,3.0,1.0,Completed,1.14,5.5,1.15,6.37,1.16,6.5,1.14,5.75
ATP,2022,39,London,Wimbledon,2022-06-28,Grand Slam,Outdoor,Grass,1st Round,5.0,Gray A.,Tseng C.H.,288,95.0,173,626.0,6.0,3.0,6.0,3.0,7.0,6.0,,,,,3.0,0.0,Completed,2.2,1.66,2.36,1.67,2.4,1.7,2.26,1.64
ATP,2022,39,London,Wimbledon,2022-06-28,Grand Slam,Outdoor,Grass,1st Round,5.0,Schwartzman D.,Kozlov S.,15,107.0,2325,543.0,6.0,3.0,6.0,2.0,6.0,2.0,,,,,3.0,0.0,Completed,1.2,4.5,1.25,4.45,1.25,5.5,1.2,4.55
ATP,2022,39,London,Wimbledon,2022-06-28,Grand Slam,Outdoor,Grass,1st Round,5.0,Nakashima B.,Kuhn N.,56,261.0,969,200.0,6.0,3.0,6.0,7.0,6.0,3.0,6.0,2.0,,,3.0,1.0,Completed,1.08,8.0,1.07,11.63,1.11,11.63,1.06,9.51
ATP,2022,39,London,Wimbledon,2022-06-28,Grand Slam,Outdoor,Grass,1st Round,5.0,Shapovalov D.,Rinderknech A.,16,62.0,2293,901.0,6.0,1.0,6.0,7.0,6.0,7.0,6.0,4.0,6.0,1.0,3.0,2.0,Completed,1.36,3.2,1.36,3.47,1.44,3.47,1.36,3.14
ATP,2022,39,London,Wimbledon,2022-06-28,Grand Slam,Outdoor,Grass,1st Round,5.0,Broady L.,Klein L.,132,243.0,444,217.0,4.0,6.0,6.0,3.0,7.0,5.0,6.0,7.0,6.0,3.0,3.0,2.0,Completed,1.66,2.2,1.75,2.21,1.76,2.28,1.7,2.16
ATP,2022,39,London,Wimbledon,2022-06-28,Grand Slam,Outdoor,Grass,1st Round,5.0,Tsitsipas S.,Ritschard A.,5,188.0,5150,295.0,7.0,6.0,6.0,3.0,5.0,7.0,6.0,4.0,,,3.0,1.0,Completed,1.05,11.0,1.03,17.64,1.05,18.0,1.03,13.16
ATP,2022,39,London,Wimbledon,2022-06-28,Grand Slam,Outdoor,Grass,1st Round,5.0,Galan D.E.,Koepfer D.,109,117.0,528,505.0,6.0,4.0,7.0,5.0,7.0,6.0,,,,,3.0,0.0,Completed,2.37,1.57,2.36,1.67,2.45,1.74,2.3,1.62
ATP,2022,39,London,Wimbledon,2022-06-28,Grand Slam,Outdoor,Grass,1st Round,5.0,Bautista Agut R.,Balazs A.,19,331.0,2008,136.0,6.0,1.0,6.0,0.0,6.0,3.0,,,,,3.0,0.0,Completed,1.02,19.0,1.04,16.46,1.04,20.0,1.02,14.85
ATP,2022,39,London,Wimbledon,2022-06-28,Grand Slam,Outdoor,Grass,1st Round,5.0,Novak D.,Bagnis F.,153,102.0,371,558.0,7.0,6.0,2.0,6.0,6.0,4.0,6.0,3.0,,,3.0,1.0,Completed,1.2,4.5,1.18,5.74,1.22,5.75,1.17,5.12
ATP,2022,39,London,Wimbledon,2022-06-28,Grand Slam,Outdoor,Grass,1st Round,5.0,Kubler J.,Evans D.,99,33.0,580,1198.0,6.0,1.0,6.0,4.0,6.0,3.0,,,,,3.0,0.0,Completed,4.0,1.25,4.75,1.23,4.8,1.25,4.4,1.21
ATP,2022,39,London,Wimbledon,2022-06-28,Grand Slam,Outdoor,Grass,1st Round,5.0,Fritz T.,Musetti L.,14,70.0,3045,790.0,6.0,4.0,6.0,4.0,6.0,3.0,,,,,3.0,0.0,Completed,1.16,5.0,1.16,6.2,1.18,7.25,1.14,5.89
ATP,2022,39,London,Wimbledon,2022-06-29,Grand Slam,Outdoor,Grass,2nd Round,5.0,Goffin D.,Baez S.,58,35.0,930,1168.0,6.0,1.0,6.0,2.0,6.0,4.0,,,,,3.0,0.0,Completed,1.57,2.37,1.52,2.73,1.62,2.75,1.52,2.55
ATP,2022,39,London,Wimbledon,2022-06-29,Grand Slam,Outdoor,Grass,2nd Round,5.0,Johnson S.,Peniston R.,93,135.0,627,440.0,6.0,3.0,6.0,2.0,6.0,4.0,,,,,3.0,0.0,Completed,2.2,1.66,2.12,1.81,2.23,1.84,2.1,1.74
ATP,2022,39,London,Wimbledon,2022-06-29,Grand Slam,Outdoor,Grass,2nd Round,5.0,Kecmanovic M.,Tabilo A.,30,78.0,1306,746.0,7.0,6.0,7.0,6.0,3.0,6.0,6.0,3.0,,,3.0,1.0,Completed,1.22,4.33,1.25,4.85,1.3,4.85,1.23,4.11
ATP,2022,39,London,Wimbledon,2022-06-29,Grand Slam,Outdoor,Grass,2nd Round,5.0,Humbert U.,Ruud C.,112,6.0,521,5050.0,3.0,6.0,6.0,2.0,7.0,5.0,6.0,4.0,,,3.0,1.0,Completed,2.37,1.57,2.41,1.64,2.5,1.64,2.35,1.59
ATP,2022,39,London,Wimbledon,2022-06-29,Grand Slam,Outdoor,Grass,2nd Round,5.0,Tiafoe F.,Marterer M.,28,172.0,1439,319.0,6.0,2.0,6.0,2.0,7.0,6.0,,,,,3.0,0.0,Completed,1.2,4.5,1.22,4.87,1.25,5.0,1.2,4.48
ATP,2022,39,London,Wimbledon,2022-06-29,Grand Slam,Outdoor,Grass,2nd Round,5.0,Djokovic N.,Kokkinakis T.,3,79.0,6770,728.0,6.0,1.0,6.0,4.0,6.0,2.0,,,,,3.0,0.0,Completed,1.02,17.0,1.03,19.67,1.06,21.0,1.02,15.05
ATP,2022,39,London,Wimbledon,2022-06-29,Grand Slam,Outdoor,Grass,2nd Round,5.0,Otte O.,Harrison C.,36,251.0,1155,210.0,3.0,1.0,,,,,,,,,0.0,0.0,Retired,1.16,5.0,1.15,6.39,1.2,6.5,1.15,5.56
ATP,2022,39,London,Wimbledon,2022-06-29,Grand Slam,Outdoor,Grass,2nd Round,5.0,Bublik A.,Lajovic D.,38,64.0,1105,883.0,7.0,6.0,6.0,2.0,7.0,5.0,,,,,3.0,0.0,Completed,1.2,4.5,1.21,5.07,1.28,5.07,1.21,4.45
ATP,2022,39,London,Wimbledon,2022-06-29,Grand Slam,Outdoor,Grass,2nd Round,5.0,Norrie C.,Munar J.,12,71.0,3200,780.0,6.0,4.0,3.0,6.0,5.0,7.0,6.0,0.0,6.0,2.0,3.0,2.0,Completed,1.11,6.5,1.16,6.22,1.18,7.0,1.13,6.15
ATP,2022,39,London,Wimbledon,2022-06-29,Grand Slam,Outdoor,Grass,2nd Round,5.0,Basilashvili N.,Halys Q.,26,82.0,1473,687.0,7.0,6.0,0.0,6.0,7.0,5.0,7.0,6.0,,,3.0,1.0,Completed,1.66,2.2,1.7,2.29,1.77,2.3,1.69,2.18
ATP,2022,39,London,Wimbledon,2022-06-29,Grand Slam,Outdoor,Grass,2nd Round,5.0,Sinner J.,Ymer M.,13,88.0,3185,653.0,6.0,4.0,6.0,3.0,5.0,7.0,6.0,2.0,,,3.0,1.0,Completed,1.2,4.5,1.21,5.02,1.23,5.27,1.2,4.63
ATP,2022,39,London,Wimbledon,2022-06-29,Grand Slam,Outdoor,Grass,2nd Round,5.0,Vesely J.,Davidovich Fokina A.,68,37.0,829,1120.0,6.0,3.0,5.0,7.0,6.0,7.0,6.0,3.0,7.0,6.0,3.0,2.0,Completed,2.3,1.61,2.48,1.61,2.51,1.67,2.37,1.59
ATP,2022,39,London,Wimbledon,2022-06-29,Grand Slam,Outdoor,Grass,2nd Round,5.0,Paul T.,Mannarino A.,32,86.0,1208,665.0,6.0,2.0,6.0,4.0,6.0,1.0,,,,,3.0,0.0,Completed,1.61,2.3,1.74,2.23,1.74,2.5,1.64,2.26
ATP,2022,39,London,Wimbledon,2022-06-29,Grand Slam,Outdoor,Grass,2nd Round,5.0,Van Rijthoven T.,Opelka R.,104,18.0,546,2100.0,6.0,4.0,6.0,7.0,7.0,6.0,7.0,6.0,,,3.0,1.0,Completed,1.8,2.0,1.68,2.33,1.83,2.33,1.73,2.12
ATP,2022,39,London,Wimbledon,2022-06-29,Grand Slam,Outdoor,Grass,2nd Round,5.0,Isner J.,Murray A.,24,52.0,1616,995.0,6.0,4.0,7.0,6.0,6.0,7.0,6.0,4.0,,,3.0,1.0,Completed,3.2,1.36,3.45,1.36,3.45,1.43,3.21,1.35
ATP,2022,39,London,Wimbledon,2022-06-29,Grand Slam,Outdoor,Grass,2nd Round,5.0,Alcaraz C.,Griekspoor T.,7,53.0,4890,984.0,6.0,4.0,7.0,6.0,6.0,3.0,,,,,3.0,0.0,Completed,1.33,3.4,1.29,4.0,1.33,4.0,1.29,3.64
ATP,2022,39,London,Wimbledon,2022-06-30,Grand Slam,Outdoor,Grass,2nd Round,5.0,Gasquet R.,Mcdonald M.,69,55.0,817,971.0,6.0,3.0,3.0,6.0,6.0,4.0,6.0,3.0,,,3.0,1.0,Completed,2.2,1.66,2.43,1.63,2.49,1.69,2.3,1.62
ATP,2022,39,London,Wimbledon,2022-06-30,Grand Slam,Outdoor,Grass,2nd Round,5.0,Molcan A.,Giron M.,51,65.0,1006,866.0,6.0,3.0,6.0,2.0,6.0,4.0,,,,,3.0,0.0,Completed,2.3,1.61,2.66,1.54,2.75,1.63,2.5,1.54
ATP,2022,39,London,Wimbledon,2022-06-30,Grand Slam,Outdoor,Grass,2nd Round,5.0,Van De Zandschulp B.,Ruusuvuori E.,25,49.0,1518,1015.0,3.0,6.0,6.0,1.0,6.0,4.0,6.0,4.0,,,3.0,1.0,Completed,1.72,2.1,1.79,2.15,1.83,2.2,1.75,2.1
ATP,2022,39,London,Wimbledon,2022-06-30,Grand Slam,Outdoor,Grass,2nd Round,5.0,Fritz T.,Gray A.,14,288.0,3045,173.0,6.0,3.0,7.0,6.0,6.0,3.0,,,,,3.0,0.0,Completed,1.05,11.0,1.05,14.65,1.06,16.0,1.04,11.42
ATP,2022,39,London,Wimbledon,2022-06-30,Grand Slam,Outdoor,Grass,2nd Round,5.0,Kyrgios N.,Krajinovic F.,40,31.0,1070,1300.0,6.0,2.0,6.0,3.0,6.0,1.0,,,,,3.0,0.0,Completed,1.28,3.75,1.29,4.02,1.33,4.02,1.28,3.75
ATP,2022,39,London,Wimbledon,2022-06-30,Grand Slam,Outdoor,Grass,2nd Round,5.0,Sonego L.,Gaston H.,54,66.0,980,863.0,7.0,6.0,6.0,4.0,6.0,4.0,,,,,3.0,0.0,Completed,1.25,4.0,1.23,4.7,1.27,4.74,1.23,4.17
ATP,2022,39,London,Wimbledon,2022-06-30,Grand Slam,Outdoor,Grass,2nd Round,5.0,Broady L.,Schwartzman D.,132,15.0,444,2325.0,6.0,2.0,4.0,6.0,0.0,6.0,7.0,6.0,6.0,1.0,3.0,2.0,Completed,3.4,1.33,3.38,1.37,3.5,1.37,3.32,1.33
ATP,2022,39,London,Wimbledon,2022-06-30,Grand Slam,Outdoor,Grass,2nd Round,5.0,Tsitsipas S.,Thompson J.,5,76.0,5150,750.0,6.0,2.0,6.0,3.0,7.0,5.0,,,,,3.0,0.0,Completed,1.2,4.5,1.24,4.63,1.24,5.25,1.2,4.61
ATP,2022,39,London,Wimbledon,2022-06-30,Grand Slam,Outdoor,Grass,2nd Round,5.0,Garin C.,Grenier H.,43,141.0,1055,424.0,6.0,3.0,6.0,1.0,6.0,1.0,,,,,3.0,0.0,Completed,1.4,3.0,1.51,2.78,1.51,3.25,1.4,2.95
ATP,2022,39,London,Wimbledon,2022-06-30,Grand Slam,Outdoor,Grass,2nd Round,5.0,Galan D.E.,Bautista Agut R.,109,19.0,528,2008.0,,,,,,,,,,,,,Walkover,7.0,1.1,9.98,1.08,10.5,1.11,8.51,1.07
ATP,2022,39,London,Wimbledon,2022-06-30,Grand Slam,Outdoor,Grass,2nd Round,5.0,Nakashima B.,Shapovalov D.,56,16.0,969,2293.0,6.0,2.0,4.0,6.0,6.0,1.0,7.0,6.0,,,3.0,1.0,Completed,2.3,1.61,2.36,1.67,2.4,1.68,2.29,1.62
ATP,2022,39,London,Wimbledon,2022-06-30,Grand Slam,Outdoor,Grass,2nd Round,5.0,Nadal R.,Berankis R.,4,106.0,6525,545.0,6.0,4.0,6.0,4.0,4.0,6.0,6.0,3.0,,,3.0,1.0,Completed,1.03,15.0,1.07,11.41,1.07,15.0,1.04,11.61
ATP,2022,39,London,Wimbledon,2022-06-30,Grand Slam,Outdoor,Grass,2nd Round,5.0,Brooksby J.,Bonzi B.,34,47.0,1187,1026.0,7.0,6.0,7.0,5.0,6.0,3.0,,,,,3.0,0.0,Completed,2.2,1.66,2.43,1.63,2.52,1.72,2.29,1.62
ATP,2022,39,London,Wimbledon,2022-06-30,Grand Slam,Outdoor,Grass,2nd Round,5.0,De Minaur A.,Draper J.,27,94.0,1473,627.0,5.0,7.0,7.0,6.0,6.0,2.0,6.0,3.0,,,3.0,1.0,Completed,1.57,2.37,1.53,2.71,1.57,2.71,1.52,2.53
ATP,2022,39,London,Wimbledon,2022-07-01,Grand Slam,Outdoor,Grass,2nd Round,5.0,Sock J.,Cressy M.,103,45.0,557,1047.0,6.0,4.0,6.0,4.0,3.0,6.0,7.0,6.0,,,3.0,1.0,Completed,2.75,1.44,2.93,1.46,2.95,1.5,2.75,1.45
ATP,2022,39,London,Wimbledon,2022-07-01,Grand Slam,Outdoor,Grass,2nd Round,5.0,Kubler J.,Novak D.,99,153.0,580,371.0,6.0,3.0,6.0,4.0,6.0,4.0,,,,,3.0,0.0,Completed,1.53,2.5,1.5,2.79,1.53,2.93,1.49,2.65
ATP,2022,39,London,Wimbledon,2022-07-01,Grand Slam,Outdoor,Grass,3rd Round,5.0,Tiafoe F.,Bublik A.,28,38.0,1439,1105.0,3.0,6.0,7.0,6.0,7.0,6.0,6.0,4.0,,,3.0,1.0,Completed,2.0,1.8,2.12,1.81,2.13,1.84,2.04,1.79
ATP,2022,39,London,Wimbledon,2022-07-01,Grand Slam,Outdoor,Grass,3rd Round,5.0,Van Rijthoven T.,Basilashvili N.,104,26.0,546,1473.0,6.0,4.0,6.0,3.0,6.0,4.0,,,,,3.0,0.0,Completed,1.4,3.0,1.44,3.03,1.47,3.1,1.42,2.87
ATP,2022,39,London,Wimbledon,2022-07-01,Grand Slam,Outdoor,Grass,3rd Round,5.0,Goffin D.,Humbert U.,58,112.0,930,521.0,4.0,6.0,7.0,5.0,6.0,2.0,7.0,5.0,,,3.0,1.0,Completed,1.66,2.2,1.69,2.31,1.76,2.42,1.65,2.24
ATP,2022,39,London,Wimbledon,2022-07-01,Grand Slam,Outdoor,Grass,3rd Round,5.0,Paul T.,Vesely J.,32,68.0,1208,829.0,6.0,3.0,6.0,2.0,6.0,2.0,,,,,3.0,0.0,Completed,1.44,2.75,1.51,2.76,1.55,3.0,1.46,2.73
ATP,2022,39,London,Wimbledon,2022-07-01,Grand Slam,Outdoor,Grass,3rd Round,5.0,Djokovic N.,Kecmanovic M.,3,30.0,6770,1306.0,6.0,0.0,6.0,3.0,6.0,4.0,,,,,3.0,0.0,Completed,1.02,17.0,1.03,20.34,1.04,21.0,1.02,15.88
ATP,2022,39,London,Wimbledon,2022-07-01,Grand Slam,Outdoor,Grass,3rd Round,5.0,Sinner J.,Isner J.,13,24.0,3185,1616.0,6.0,4.0,7.0,6.0,6.0,3.0,,,,,3.0,0.0,Completed,1.57,2.37,1.65,2.3,1.66,2.46,1.61,2.31
ATP,2022,39,London,Wimbledon,2022-07-01,Grand Slam,Outdoor,Grass,3rd Round,5.0,Alcaraz C.,Otte O.,7,36.0,4890,1155.0,6.0,3.0,6.0,1.0,6.0,2.0,,,,,3.0,0.0,Completed,1.33,3.4,1.3,3.89,1.33,4.2,1.3,3.5
ATP,2022,39,London,Wimbledon,2022-07-01,Grand Slam,Outdoor,Grass,3rd Round,5.0,Norrie C.,Johnson S.,12,93.0,3200,627.0,6.0,4.0,6.0,1.0,6.0,0.0,,,,,3.0,0.0,Completed,1.28,3.75,1.32,3.71,1.33,3.76,1.3,3.56
ATP,2022,39,London,Wimbledon,2022-07-02,Grand Slam,Outdoor,Grass,3rd Round,5.0,Garin C.,Brooksby J.,43,34.0,1055,1187.0,6.0,2.0,6.0,3.0,1.0,6.0,6.0,4.0,,,3.0,1.0,Completed,3.0,1.4,3.27,1.39,3.35,1.42,3.09,1.37
ATP,2022,39,London,Wimbledon,2022-07-02,Grand Slam,Outdoor,Grass,3rd Round,5.0,Kubler J.,Sock J.,99,103.0,580,557.0,6.0,2.0,4.0,6.0,5.0,7.0,7.0,6.0,6.0,3.0,3.0,2.0,Completed,2.37,1.57,2.5,1.6,2.55,1.61,2.42,1.57
ATP,2022,39,London,Wimbledon,2022-07-02,Grand Slam,Outdoor,Grass,3rd Round,5.0,Van De Zandschulp B.,Gasquet R.,25,69.0,1518,817.0,7.0,5.0,2.0,6.0,7.0,6.0,6.0,1.0,,,3.0,1.0,Completed,1.36,3.2,1.41,3.15,1.42,3.44,1.38,3.04
ATP,2022,39,London,Wimbledon,2022-07-02,Grand Slam,Outdoor,Grass,3rd Round,5.0,De Minaur A.,Broady L.,27,132.0,1473,444.0,6.0,3.0,6.0,4.0,7.0,5.0,,,,,3.0,0.0,Completed,1.12,6.0,1.13,7.01,1.16,7.5,1.12,6.34
ATP,2022,39,London,Wimbledon,2022-07-02,Grand Slam,Outdoor,Grass,3rd Round,5.0,Nakashima B.,Galan D.E.,56,109.0,969,528.0,6.0,4.0,6.0,4.0,6.0,1.0,,,,,3.0,0.0,Completed,1.1,7.0,1.14,6.74,1.15,7.75,1.11,6.65
ATP,2022,39,London,Wimbledon,2022-07-02,Grand Slam,Outdoor,Grass,3rd Round,5.0,Fritz T.,Molcan A.,14,51.0,3045,1006.0,6.0,4.0,6.0,1.0,7.0,6.0,,,,,3.0,0.0,Completed,1.2,4.5,1.22,4.82,1.25,5.0,1.21,4.47
ATP,2022,39,London,Wimbledon,2022-07-02,Grand Slam,Outdoor,Grass,3rd Round,5.0,Kyrgios N.,Tsitsipas S.,40,5.0,1070,5150.0,6.0,7.0,6.0,4.0,6.0,3.0,7.0,6.0,,,3.0,1.0,Completed,1.72,2.1,1.82,2.1,1.85,2.2,1.76,2.09
ATP,2022,39,London,Wimbledon,2022-07-02,Grand Slam,Outdoor,Grass,3rd Round,3.0,Nadal R.,Sonego L.,4,54.0,6525,980.0,6.0,1.0,6.0,2.0,6.0,4.0,,,,,3.0,0.0,Completed,1.16,5.0,1.18,5.76,1.21,5.76,1.17,5.15
ATP,2022,39,London,Wimbledon,2022-07-03,Grand Slam,Outdoor,Grass,4th Round,5.0,Goffin D.,Tiafoe F.,58,28.0,930,1439.0,7.0,6.0,5.0,7.0,5.0,7.0,6.0,4.0,7.0,5.0,3.0,2.0,Completed,1.8,2.0,1.79,2.14,1.88,2.2,1.79,2.03
ATP,2022,39,London,Wimbledon,2022-07-03,Grand Slam,Outdoor,Grass,4th Round,5.0,Norrie C.,Paul T.,12,32.0,3200,1208.0,6.0,4.0,7.0,5.0,6.0,4.0,,,,,3.0,0.0,Completed,1.53,2.5,1.55,2.63,1.62,2.65,1.53,2.53
ATP,2022,39,London,Wimbledon,2022-07-03,Grand Slam,Outdoor,Grass,4th Round,5.0,Sinner J.,Alcaraz C.,13,7.0,3185,4890.0,6.0,1.0,6.0,4.0,6.0,7.0,6.0,3.0,,,3.0,1.0,Completed,3.2,1.36,3.41,1.37,3.41,1.42,3.21,1.35
ATP,2022,39,London,Wimbledon,2022-07-03,Grand Slam,Outdoor,Grass,4th Round,5.0,Djokovic N.,Van Rijthoven T.,3,104.0,6770,546.0,6.0,2.0,4.0,6.0,6.0,1.0,6.0,2.0,,,3.0,1.0,Completed,1.05,11.0,1.07,11.47,1.07,17.0,1.05,10.57
ATP,2022,39,London,Wimbledon,2022-07-04,Grand Slam,Outdoor,Grass,4th Round,5.0,Garin C.,De Minaur A.,43,27.0,1055,1473.0,2.0,6.0,5.0,7.0,7.0,6.0,6.0,4.0,7.0,6.0,3.0,2.0,Completed,5.5,1.14,6.43,1.15,6.43,1.21,5.34,1.16
ATP,2022,39,London,Wimbledon,2022-07-04,Grand Slam,Outdoor,Grass,4th Round,5.0,Kyrgios N.,Nakashima B.,40,56.0,1070,969.0,4.0,6.0,6.0,4.0,7.0,6.0,3.0,6.0,6.0,2.0,3.0,2.0,Completed,1.3,3.5,1.33,3.64,1.36,4.1,1.31,3.49
ATP,2022,39,London,Wimbledon,2022-07-04,Grand Slam,Outdoor,Grass,4th Round,5.0,Fritz T.,Kubler J.,14,99.0,3045,580.0,6.0,3.0,6.0,1.0,6.0,4.0,,,,,3.0,0.0,Completed,1.22,4.33,1.18,5.63,1.23,5.63,1.2,4.63
ATP,2022,39,London,Wimbledon,2022-07-04,Grand Slam,Outdoor,Grass,4th Round,5.0,Nadal R.,Van De Zandschulp B.,4,25.0,6525,1518.0,6.0,4.0,6.0,2.0,7.0,6.0,,,,,3.0,0.0,Completed,1.16,5.0,1.17,5.88,1.18,6.0,1.15,5.38
ATP,2022,39,London,Wimbledon,2022-07-05,Grand Slam,Outdoor,Grass,Quarterfinals,5.0,Djokovic N.,Sinner J.,3,13.0,6770,3185.0,5.0,7.0,2.0,6.0,6.0,3.0,6.0,2.0,6.0,2.0,3.0,2.0,Completed,1.11,6.5,1.11,7.94,1.13,7.94,1.11,6.82
ATP,2022,39,London,Wimbledon,2022-07-05,Grand Slam,Outdoor,Grass,Quarterfinals,5.0,Norrie C.,Goffin D.,12,58.0,3200,930.0,3.0,6.0,7.0,5.0,2.0,6.0,6.0,3.0,7.0,5.0,3.0,2.0,Completed,1.44,2.75,1.44,3.04,1.48,3.06,1.43,2.88
ATP,2022,39,London,Wimbledon,2022-07-06,Grand Slam,Outdoor,Grass,Quarterfinals,5.0,Nadal R.,Fritz T.,4,14.0,6525,3045.0,3.0,6.0,7.0,5.0,3.0,6.0,7.0,5.0,7.0,6.0,3.0,2.0,Completed,1.44,2.75,1.47,2.89,1.5,3.0,1.44,2.84
ATP,2022,39,London,Wimbledon,2022-07-06,Grand Slam,Outdoor,Grass,Quarterfinals,5.0,Kyrgios N.,Garin C.,40,43.0,1070,1055.0,6.0,4.0,6.0,3.0,7.0,6.0,,,,,3.0,0.0,Completed,1.22,4.33,1.22,4.95,1.25,4.95,1.21,4.5
ATP,2022,39,London,Wimbledon,2022-07-08,Grand Slam,Outdoor,Grass,Semifinals,5.0,Djokovic N.,Norrie C.,3,12.0,6770,3200.0,2.0,6.0,6.0,3.0,6.0,2.0,6.0,4.0,,,3.0,1.0,Completed,1.06,10.0,1.05,13.1,1.11,13.1,1.06,9.75
ATP,2022,39,London,Wimbledon,2022-07-08,Grand Slam,Outdoor,Grass,Semifinals,5.0,Kyrgios N.,Nadal R.,40,4.0,1070,6525.0,,,,,,,,,,,,,Walkover,1.61,2.3,1.63,2.41,1.7,2.5,1.61,2.34
ATP,2022,39,London,Wimbledon,2022-07-10,Grand Slam,Outdoor,Grass,The Final,5.0,Djokovic N.,Kyrgios N.,3,40.0,6770,1070.0,4.0,6.0,6.0,3.0,6.0,4.0,7.0,6.0,,,3.0,1.0,Completed,1.28,3.75,1.28,4.11,1.33,4.25,1.28,3.81
ATP,2022,52,New York,US Open,2022-08-29,Grand Slam,Outdoor,Hard,1st Round,5.0,Korda S.,Bagnis F.,52,105.0,905,509.0,5.0,7.0,7.0,6.0,7.0,5.0,6.0,1.0,,,3.0,1.0,Completed,1.12,6.0,1.11,8.0,1.14,8.0,1.11,6.77
ATP,2022,52,New York,US Open,2022-08-29,Grand Slam,Outdoor,Hard,1st Round,5.0,Van Rijthoven T.,Zhang Zh.,117,137.0,465,401.0,3.0,6.0,6.0,7.0,7.0,6.0,6.0,1.0,6.0,4.0,3.0,2.0,Completed,2.3,1.61,2.91,1.47,2.91,1.63,2.46,1.55
ATP,2022,52,New York,US Open,2022-08-29,Grand Slam,Outdoor,Hard,1st Round,5.0,Wolf J.J.,Bautista Agut R.,87,18.0,610,1840.0,6.0,4.0,6.0,4.0,6.0,4.0,,,,,3.0,0.0,Completed,4.0,1.25,4.58,1.24,4.65,1.29,4.19,1.23
ATP,2022,52,New York,US Open,2022-08-29,Grand Slam,Outdoor,Hard,1st Round,5.0,Paul T.,Zapata Miralles B.,34,79.0,1305,664.0,4.0,6.0,6.0,3.0,2.0,6.0,6.0,0.0,7.0,5.0,3.0,2.0,Completed,1.12,6.0,1.12,7.41,1.14,7.41,1.12,6.39
ATP,2022,52,New York,US Open,2022-08-29,Grand Slam,Outdoor,Hard,1st Round,5.0,Nava E.,Millman J.,203,103.0,258,526.0,7.0,6.0,4.0,6.0,7.0,6.0,1.0,6.0,6.0,1.0,3.0,2.0,Completed,3.4,1.33,3.31,1.38,3.6,1.38,3.27,1.34
ATP,2022,52,New York,US Open,2022-08-29,Grand Slam,Outdoor,Hard,1st Round,5.0,Davidovich Fokina A.,Nishioka Y.,39,55.0,1210,827.0,6.0,3.0,7.0,5.0,6.0,3.0,,,,,3.0,0.0,Completed,1.66,2.2,1.72,2.26,1.77,2.35,1.68,2.19
ATP,2022,52,New York,US Open,2022-08-29,Grand Slam,Outdoor,Hard,1st Round,5.0,Rinderknech A.,Halys Q.,58,76.0,805,667.0,4.0,6.0,7.0,6.0,6.0,3.0,6.0,2.0,,,3.0,1.0,Completed,1.44,2.75,1.52,2.74,1.54,2.89,1.46,2.71
ATP,2022,52,New York,US Open,2022-08-29,Grand Slam,Outdoor,Hard,1st Round,5.0,Tabilo A.,Majchrzak K.,71,90.0,696,592.0,6.0,1.0,6.0,4.0,6.0,7.0,6.0,1.0,,,3.0,1.0,Completed,1.72,2.1,1.68,2.33,1.82,2.4,1.69,2.18
ATP,2022,52,New York,US Open,2022-08-29,Grand Slam,Outdoor,Hard,1st Round,5.0,Murray A.,Cerundolo F.,51,27.0,930,1400.0,7.0,5.0,6.0,3.0,6.0,3.0,,,,,3.0,0.0,Completed,1.66,2.2,1.73,2.24,1.8,2.24,1.71,2.15
ATP,2022,52,New York,US Open,2022-08-29,Grand Slam,Outdoor,Hard,1st Round,5.0,Medvedev D.,Kozlov S.,1,111.0,6885,493.0,6.0,2.0,6.0,4.0,6.0,0.0,,,,,3.0,0.0,Completed,1.005,29.0,1.005,35.59,1.03,35.59,1.01,21.43
ATP,2022,52,New York,US Open,2022-08-29,Grand Slam,Outdoor,Hard,1st Round,5.0,Fucsovics M.,Cressy M.,98,32.0,545,1313.0,6.0,7.0,7.0,5.0,5.0,1.0,,,,,1.0,1.0,Retired,3.2,1.36,3.89,1.31,3.89,1.4,3.42,1.32
ATP,2022,52,New York,US Open,2022-08-29,Grand Slam,Outdoor,Hard,1st Round,5.0,Berrettini M.,Jarry N.,14,123.0,2360,448.0,6.0,2.0,6.0,3.0,6.0,3.0,,,,,3.0,0.0,Completed,1.14,5.5,1.15,6.32,1.16,6.5,1.14,5.81
ATP,2022,52,New York,US Open,2022-08-29,Grand Slam,Outdoor,Hard,1st Round,5.0,Ruud C.,Edmund K.,7,601.0,4695,42.0,6.0,3.0,7.0,5.0,6.0,2.0,,,,,3.0,0.0,Completed,1.07,9.0,1.06,12.06,1.07,14.0,1.06,9.99
ATP,2022,52,New York,US Open,2022-08-29,Grand Slam,Outdoor,Hard,1st Round,5.0,Wu Y.,Basilashvili N.,174,35.0,301,1290.0,6.0,3.0,6.0,4.0,6.0,0.0,,,,,3.0,0.0,Completed,1.22,4.33,1.29,4.02,1.32,4.33,1.28,3.68
ATP,2022,52,New York,US Open,2022-08-29,Grand Slam,Outdoor,Hard,1st Round,5.0,Grenier H.,Etcheverry T.,119,86.0,459,612.0,4.0,6.0,6.0,2.0,6.0,3.0,6.0,4.0,,,3.0,1.0,Completed,1.44,2.75,,,1.44,3.0,1.42,2.88
ATP,2022,52,New York,US Open,2022-08-29,Grand Slam,Outdoor,Hard,1st Round,5.0,Moutet C.,Wawrinka S.,112,295.0,484,165.0,6.0,4.0,7.0,6.0,,,,,,,2.0,0.0,Retired,1.8,2.0,1.88,2.02,1.95,2.12,1.82,1.99
ATP,2022,52,New York,US Open,2022-08-29,Grand Slam,Outdoor,Hard,1st Round,5.0,Borges N.,Shelton B.,104,165.0,513,311.0,7.0,6.0,3.0,6.0,7.0,6.0,6.0,7.0,6.0,3.0,3.0,2.0,Completed,3.0,1.4,3.15,1.41,3.15,1.44,2.96,1.4
ATP,2022,52,New York,US Open,2022-08-29,Grand Slam,Outdoor,Hard,1st Round,5.0,Khachanov K.,Kudla D.,31,96.0,1315,550.0,3.0,6.0,6.0,1.0,6.0,2.0,6.0,2.0,,,3.0,1.0,Completed,1.16,5.0,1.16,6.2,1.19,6.35,1.15,5.34
ATP,2022,52,New York,US Open,2022-08-29,Grand Slam,Outdoor,Hard,1st Round,5.0,Carreno Busta P.,Thiem D.,15,211.0,2340,241.0,7.0,5.0,6.0,1.0,5.0,7.0,6.0,3.0,,,3.0,1.0,Completed,1.22,4.33,1.25,4.43,1.27,4.7,1.22,4.3
ATP,2022,52,New York,US Open,2022-08-29,Grand Slam,Outdoor,Hard,1st Round,5.0,De Minaur A.,Krajinovic F.,20,44.0,1665,1010.0,7.0,5.0,6.0,2.0,6.0,3.0,,,,,3.0,0.0,Completed,1.25,4.0,1.29,3.99,1.29,4.01,1.27,3.82
ATP,2022,52,New York,US Open,2022-08-29,Grand Slam,Outdoor,Hard,1st Round,5.0,Auger-Aliassime F.,Ritschard A.,8,186.0,3625,290.0,6.0,3.0,6.0,4.0,3.0,6.0,6.0,3.0,,,3.0,1.0,Completed,1.04,13.0,1.04,15.07,1.05,15.07,1.04,12.2
ATP,2022,52,New York,US Open,2022-08-29,Grand Slam,Outdoor,Hard,1st Round,5.0,Garin C.,Lehecka J.,82,61.0,640,773.0,3.0,6.0,7.0,6.0,7.0,5.0,6.0,1.0,,,3.0,1.0,Completed,2.0,1.8,2.11,1.81,2.11,1.92,2.02,1.8
ATP,2022,52,New York,US Open,2022-08-29,Grand Slam,Outdoor,Hard,1st Round,5.0,Monteiro T.,Molcan A.,67,40.0,721,1076.0,6.0,4.0,4.0,6.0,6.0,4.0,6.0,1.0,,,3.0,1.0,Completed,2.5,1.53,2.5,1.6,2.59,1.6,2.48,1.54
ATP,2022,52,New York,US Open,2022-08-29,Grand Slam,Outdoor,Hard,1st Round,5.0,Van De Zandschulp B.,Machac T.,22,126.0,1573,435.0,3.0,6.0,7.0,6.0,6.0,1.0,3.0,6.0,7.0,5.0,3.0,2.0,Completed,1.4,3.0,1.51,2.77,1.51,3.1,1.43,2.82
ATP,2022,52,New York,US Open,2022-08-29,Grand Slam,Outdoor,Hard,1st Round,5.0,Bublik A.,Gaston H.,47,72.0,985,692.0,6.0,4.0,6.0,4.0,6.0,4.0,,,,,3.0,0.0,Completed,1.36,3.2,1.38,3.32,1.38,3.35,1.36,3.16
ATP,2022,52,New York,US Open,2022-08-29,Grand Slam,Outdoor,Hard,1st Round,5.0,Thompson J.,Sonego L.,102,63.0,527,765.0,2.0,6.0,1.0,6.0,6.0,2.0,6.0,4.0,6.0,4.0,3.0,2.0,Completed,2.62,1.5,2.73,1.52,2.75,1.57,2.56,1.51
ATP,2022,52,New York,US Open,2022-08-29,Grand Slam,Outdoor,Hard,1st Round,5.0,Draper J.,Ruusuvuori E.,53,49.0,879,956.0,6.0,4.0,6.0,3.0,6.0,3.0,,,,,3.0,0.0,Completed,2.0,1.8,2.21,1.75,2.3,1.83,2.09,1.74
ATP,2022,52,New York,US Open,2022-08-29,Grand Slam,Outdoor,Hard,1st Round,5.0,Holt B.,Fritz T.,303,12.0,162,3090.0,6.0,7.0,7.0,6.0,6.0,3.0,6.0,4.0,,,3.0,1.0,Completed,13.0,1.04,15.34,1.04,16.0,1.06,12.48,1.04
ATP,2022,52,New York,US Open,2022-08-30,Grand Slam,Outdoor,Hard,1st Round,5.0,Cachin P.,Bedene A.,66,347.0,723,130.0,6.0,4.0,6.0,3.0,5.0,7.0,1.0,6.0,7.0,6.0,3.0,2.0,Completed,1.61,2.3,1.71,2.27,1.73,2.31,1.65,2.24
ATP,2022,52,New York,US Open,2022-08-30,Grand Slam,Outdoor,Hard,1st Round,5.0,Galan D.E.,Tsitsipas S.,94,5.0,568,4890.0,6.0,0.0,6.0,1.0,3.0,6.0,7.0,5.0,,,3.0,1.0,Completed,13.0,1.04,13.41,1.05,18.0,1.06,12.58,1.04
ATP,2022,52,New York,US Open,2022-08-30,Grand Slam,Outdoor,Hard,1st Round,5.0,Bonzi B.,Humbert U.,50,138.0,946,400.0,7.0,6.0,6.0,1.0,5.0,7.0,3.0,6.0,6.0,2.0,3.0,2.0,Completed,1.72,2.1,1.73,2.24,1.77,2.3,1.7,2.17
ATP,2022,52,New York,US Open,2022-08-30,Grand Slam,Outdoor,Hard,1st Round,5.0,Kyrgios N.,Kokkinakis T.,25,70.0,1430,697.0,6.0,3.0,6.0,4.0,7.0,6.0,,,,,3.0,0.0,Completed,1.16,5.0,1.22,4.87,1.22,5.5,1.19,4.66
ATP,2022,52,New York,US Open,2022-08-30,Grand Slam,Outdoor,Hard,1st Round,5.0,Gasquet R.,Daniel T.,91,95.0,583,564.0,6.0,4.0,6.0,7.0,6.0,2.0,6.0,2.0,,,3.0,1.0,Completed,1.66,2.2,1.73,2.24,1.73,2.34,1.67,2.21
ATP,2022,52,New York,US Open,2022-08-30,Grand Slam,Outdoor,Hard,1st Round,5.0,Nakashima B.,Kotov P.,69,113.0,699,484.0,7.0,6.0,6.0,2.0,6.0,2.0,,,,,3.0,0.0,Completed,1.28,3.75,1.32,3.78,1.32,4.0,1.28,3.72
ATP,2022,52,New York,US Open,2022-08-30,Grand Slam,Outdoor,Hard,1st Round,5.0,Dimitrov G.,Johnson S.,19,110.0,1730,498.0,6.0,3.0,6.0,2.0,6.0,2.0,,,,,3.0,0.0,Completed,1.5,2.62,1.49,2.83,1.54,2.83,1.5,2.6
ATP,2022,52,New York,US Open,2022-08-30,Grand Slam,Outdoor,Hard,1st Round,5.0,Norrie C.,Paire B.,9,173.0,3415,301.0,6.0,0.0,7.0,6.0,6.0,0.0,,,,,3.0,0.0,Completed,1.05,11.0,1.06,12.51,1.06,17.75,1.04,12.0
ATP,2022,52,New York,US Open,2022-08-30,Grand Slam,Outdoor,Hard,1st Round,5.0,Sousa J.,Mcdonald M.,59,77.0,786,666.0,1.0,6.0,7.0,6.0,7.0,6.0,6.0,3.0,,,3.0,1.0,Completed,3.0,1.4,3.1,1.43,3.55,1.43,3.08,1.37
ATP,2022,52,New York,US Open,2022-08-30,Grand Slam,Outdoor,Hard,1st Round,5.0,Alcaraz C.,Baez S.,4,37.0,5100,1243.0,7.0,5.0,7.0,5.0,2.0,0.0,,,,,2.0,0.0,Retired,1.03,15.0,1.02,23.16,1.03,23.16,1.02,15.7
ATP,2022,52,New York,US Open,2022-08-30,Grand Slam,Outdoor,Hard,1st Round,5.0,Isner J.,Delbonis F.,48,134.0,970,408.0,6.0,3.0,6.0,1.0,7.0,5.0,,,,,3.0,0.0,Completed,1.11,6.5,1.12,7.64,1.16,7.64,1.11,6.6
ATP,2022,52,New York,US Open,2022-08-30,Grand Slam,Outdoor,Hard,1st Round,5.0,Evans D.,Vesely J.,23,68.0,1510,709.0,6.0,4.0,6.0,1.0,6.0,1.0,,,,,3.0,0.0,Completed,1.36,3.2,1.36,3.45,1.37,3.55,1.33,3.31
ATP,2022,52,New York,US Open,2022-08-30,Grand Slam,Outdoor,Hard,1st Round,5.0,Duckworth J.,O Connell C.,83,118.0,632,460.0,4.0,6.0,7.0,6.0,6.0,2.0,6.0,3.0,,,3.0,1.0,Completed,2.37,1.57,2.54,1.58,2.55,1.6,2.44,1.56
ATP,2022,52,New York,US Open,2022-08-30,Grand Slam,Outdoor,Hard,1st Round,5.0,Kwon S.W.,Verdasco F.,81,122.0,646,454.0,6.0,2.0,6.0,7.0,6.0,3.0,6.0,3.0,,,3.0,1.0,Completed,1.36,3.2,1.38,3.32,1.47,3.32,1.38,3.05
ATP,2022,52,New York,US Open,2022-08-30,Grand Slam,Outdoor,Hard,1st Round,5.0,Rune H.,Gojowczyk P.,33,108.0,1310,500.0,6.0,2.0,6.0,4.0,7.0,6.0,,,,,3.0,0.0,Completed,1.28,3.75,1.31,3.83,1.35,4.15,1.28,3.69
ATP,2022,52,New York,US Open,2022-08-30,Grand Slam,Outdoor,Hard,1st Round,5.0,Rublev A.,Djere L.,11,64.0,3120,747.0,7.0,6.0,6.0,3.0,3.0,6.0,4.0,6.0,6.0,4.0,3.0,2.0,Completed,1.11,6.5,1.16,6.27,1.16,8.0,1.11,6.48
ATP,2022,52,New York,US Open,2022-08-30,Grand Slam,Outdoor,Hard,1st Round,5.0,Kecmanovic M.,Tien L.,36,1042.0,1245,8.0,3.0,6.0,6.0,1.0,6.0,3.0,6.0,3.0,,,3.0,1.0,Completed,1.01,23.0,1.01,30.12,1.03,30.12,1.02,17.16
ATP,2022,52,New York,US Open,2022-08-30,Grand Slam,Outdoor,Hard,1st Round,5.0,Coria F.,Griekspoor T.,78,46.0,665,990.0,7.0,5.0,6.0,4.0,6.0,3.0,,,,,3.0,0.0,Completed,7.0,1.1,8.17,1.11,9.0,1.13,7.21,1.1
ATP,2022,52,New York,US Open,2022-08-30,Grand Slam,Outdoor,Hard,1st Round,5.0,Cilic M.,Marterer M.,17,156.0,2175,343.0,6.0,3.0,6.0,2.0,7.0,5.0,,,,,3.0,0.0,Completed,1.12,6.0,1.11,7.98,1.13,8.25,1.11,6.87
ATP,2022,52,New York,US Open,2022-08-30,Grand Slam,Outdoor,Hard,1st Round,5.0,Eubanks C.,Martinez P.,145,54.0,376,850.0,7.0,5.0,6.0,3.0,7.0,6.0,,,,,3.0,0.0,Completed,1.72,2.1,1.88,2.02,1.88,2.19,1.77,2.05
ATP,2022,52,New York,US Open,2022-08-30,Grand Slam,Outdoor,Hard,1st Round,5.0,Coric B.,Couacaud E.,29,193.0,1360,280.0,6.0,2.0,7.0,6.0,3.0,6.0,4.0,6.0,7.0,5.0,3.0,2.0,Completed,1.12,6.0,1.14,6.67,1.16,6.67,1.13,5.86
ATP,2022,52,New York,US Open,2022-08-30,Grand Slam,Outdoor,Hard,1st Round,5.0,Sinner J.,Altmaier D.,13,93.0,3020,573.0,5.0,7.0,6.0,2.0,6.0,1.0,3.0,6.0,6.0,1.0,3.0,2.0,Completed,1.03,15.0,1.03,17.68,1.04,21.0,1.02,14.31
ATP,2022,52,New York,US Open,2022-08-30,Grand Slam,Outdoor,Hard,1st Round,5.0,Musetti L.,Goffin D.,30,62.0,1322,770.0,3.0,6.0,7.0,5.0,6.0,4.0,3.0,6.0,7.0,6.0,3.0,2.0,Completed,2.0,1.8,2.05,1.86,2.15,1.93,2.0,1.81
ATP,2022,52,New York,US Open,2022-08-30,Grand Slam,Outdoor,Hard,1st Round,5.0,Ramos-Vinolas A.,Gombos N.,42,114.0,1070,479.0,6.0,3.0,6.0,4.0,7.0,5.0,,,,,3.0,0.0,Completed,1.66,2.2,1.7,2.28,1.71,2.35,1.66,2.22
ATP,2022,52,New York,US Open,2022-08-30,Grand Slam,Outdoor,Hard,1st Round,5.0,Brooksby J.,Lajovic D.,43,88.0,1027,606.0,6.0,2.0,6.0,0.0,3.0,0.0,,,,,2.0,0.0,Retired,1.14,5.5,1.16,6.1,1.19,6.1,1.15,5.47
ATP,2022,52,New York,US Open,2022-08-30,Grand Slam,Outdoor,Hard,1st Round,5.0,Brouwer G.,Mannarino A.,181,45.0,295,991.0,6.0,3.0,6.0,4.0,6.0,4.0,,,,,3.0,0.0,Completed,3.75,1.28,4.06,1.28,4.06,1.33,3.67,1.28
ATP,2022,52,New York,US Open,2022-08-30,Grand Slam,Outdoor,Hard,1st Round,5.0,Ivashka I.,Querrey S.,73,287.0,685,172.0,4.0,6.0,6.0,4.0,7.0,6.0,6.0,3.0,,,3.0,1.0,Completed,1.1,7.0,1.12,7.76,1.13,8.5,1.1,7.0
ATP,2022,52,New York,US Open,2022-08-30,Grand Slam,Outdoor,Hard,1st Round,5.0,Hurkacz H.,Otte O.,10,41.0,3355,1070.0,6.0,4.0,6.0,2.0,6.0,4.0,,,,,3.0,0.0,Completed,1.14,5.5,1.18,5.63,1.18,6.1,1.15,5.46
ATP,2022,52,New York,US Open,2022-08-30,Grand Slam,Outdoor,Hard,1st Round,5.0,Fognini F.,Karatsev A.,60,38.0,782,1210.0,1.0,6.0,5.0,7.0,6.0,4.0,6.0,1.0,6.0,4.0,3.0,2.0,Completed,2.1,1.72,2.22,1.74,2.25,1.75,2.13,1.71
ATP,2022,52,New York,US Open,2022-08-30,Grand Slam,Outdoor,Hard,1st Round,5.0,Popyrin A.,Tseng C.H.,84,89.0,629,599.0,6.0,3.0,7.0,6.0,7.0,6.0,,,,,3.0,0.0,Completed,2.1,1.72,2.09,1.83,2.19,1.83,2.09,1.74
ATP,2022,52,New York,US Open,2022-08-30,Grand Slam,Outdoor,Hard,1st Round,5.0,Tiafoe F.,Giron M.,26,56.0,1400,826.0,7.0,6.0,6.0,4.0,6.0,3.0,,,,,3.0,0.0,Completed,1.36,3.2,1.38,3.33,1.42,3.39,1.36,3.16
ATP,2022,52,New York,US Open,2022-08-30,Grand Slam,Outdoor,Hard,1st Round,5.0,Shapovalov D.,Huesler M.A.,21,85.0,1640,619.0,2.0,6.0,6.0,4.0,6.0,4.0,3.0,6.0,6.0,1.0,3.0,2.0,Completed,1.25,4.0,1.29,4.05,1.29,4.51,1.26,3.91
ATP,2022,52,New York,US Open,2022-08-31,Grand Slam,Outdoor,Hard,1st Round,5.0,Nadal R.,Hijikata R.,3,198.0,5630,271.0,4.0,6.0,6.0,2.0,6.0,3.0,6.0,3.0,,,3.0,1.0,Completed,1.01,26.0,1.01,29.41,1.02,41.0,1.01,21.28
ATP,2022,52,New York,US Open,2022-08-31,Grand Slam,Outdoor,Hard,1st Round,5.0,Schwartzman D.,Sock J.,16,107.0,2200,505.0,3.0,6.0,5.0,7.0,6.0,0.0,1.0,0.0,,,1.0,2.0,Retired,1.44,2.75,1.47,2.91,1.48,2.91,1.45,2.77
ATP,2022,52,New York,US Open,2022-08-31,Grand Slam,Outdoor,Hard,1st Round,5.0,Carballes Baena R.,Munar J.,80,57.0,654,824.0,6.0,1.0,6.0,3.0,4.0,6.0,6.0,2.0,,,3.0,1.0,Completed,4.5,1.2,4.47,1.25,4.9,1.25,4.4,1.21
ATP,2022,52,New York,US Open,2022-08-31,Grand Slam,Outdoor,Hard,1st Round,5.0,Kubler J.,Ymer M.,109,99.0,500,540.0,5.0,7.0,6.0,4.0,6.0,2.0,6.0,4.0,,,3.0,1.0,Completed,2.2,1.66,2.25,1.72,2.34,1.74,2.21,1.67
ATP,2022,52,New York,US Open,2022-08-31,Grand Slam,Outdoor,Hard,2nd Round,5.0,Carreno Busta P.,Bublik A.,15,47.0,2340,985.0,4.0,6.0,6.0,4.0,6.0,3.0,7.0,6.0,,,3.0,1.0,Completed,1.28,3.75,1.29,3.94,1.32,4.15,1.28,3.74
ATP,2022,52,New York,US Open,2022-08-31,Grand Slam,Outdoor,Hard,2nd Round,5.0,Moutet C.,Van De Zandschulp B.,112,22.0,484,1573.0,6.0,4.0,1.0,6.0,6.0,2.0,6.0,4.0,,,3.0,1.0,Completed,2.75,1.44,2.66,1.54,2.9,1.54,2.69,1.47
ATP,2022,52,New York,US Open,2022-08-31,Grand Slam,Outdoor,Hard,2nd Round,5.0,Cachin P.,Holt B.,66,303.0,723,162.0,1.0,6.0,2.0,6.0,6.0,1.0,7.0,6.0,7.0,6.0,3.0,2.0,Completed,2.5,1.53,2.59,1.58,2.62,1.6,2.49,1.54
ATP,2022,52,New York,US Open,2022-08-31,Grand Slam,Outdoor,Hard,2nd Round,5.0,De Minaur A.,Garin C.,20,82.0,1665,640.0,6.0,3.0,6.0,0.0,4.0,6.0,6.0,2.0,,,3.0,1.0,Completed,1.12,6.0,1.15,6.31,1.18,6.5,1.14,5.79
ATP,2022,52,New York,US Open,2022-08-31,Grand Slam,Outdoor,Hard,2nd Round,5.0,Murray A.,Nava E.,51,203.0,930,258.0,5.0,7.0,6.0,3.0,6.0,1.0,6.0,0.0,,,3.0,1.0,Completed,1.2,4.5,1.2,5.27,1.22,5.27,1.19,4.81
ATP,2022,52,New York,US Open,2022-08-31,Grand Slam,Outdoor,Hard,2nd Round,5.0,Berrettini M.,Grenier H.,14,119.0,2360,459.0,2.0,6.0,6.0,1.0,7.0,6.0,7.0,6.0,,,3.0,1.0,Completed,1.12,6.0,1.12,7.58,1.14,8.0,1.11,6.91
ATP,2022,52,New York,US Open,2022-08-31,Grand Slam,Outdoor,Hard,2nd Round,5.0,Wolf J.J.,Tabilo A.,87,71.0,610,696.0,4.0,6.0,7.0,5.0,6.0,4.0,6.0,3.0,,,3.0,1.0,Completed,1.33,3.4,1.38,3.35,1.39,3.4,1.34,3.28
ATP,2022,52,New York,US Open,2022-08-31,Grand Slam,Outdoor,Hard,2nd Round,5.0,Galan D.E.,Thompson J.,94,102.0,568,527.0,6.0,3.0,2.0,6.0,3.0,6.0,6.0,4.0,6.0,3.0,3.0,2.0,Completed,1.72,2.1,1.76,2.18,1.77,2.3,1.73,2.12
ATP,2022,52,New York,US Open,2022-08-31,Grand Slam,Outdoor,Hard,2nd Round,5.0,Ruud C.,Van Rijthoven T.,7,117.0,4695,465.0,6.0,7.0,6.0,4.0,6.0,4.0,6.0,4.0,,,3.0,1.0,Completed,1.12,6.0,1.15,6.61,1.15,7.25,1.12,6.41
ATP,2022,52,New York,US Open,2022-08-31,Grand Slam,Outdoor,Hard,2nd Round,5.0,Davidovich Fokina A.,Fucsovics M.,39,98.0,1210,545.0,7.0,6.0,5.0,7.0,3.0,6.0,6.0,0.0,7.0,6.0,3.0,2.0,Completed,1.44,2.75,1.41,3.18,1.47,3.18,1.42,2.89
ATP,2022,52,New York,US Open,2022-08-31,Grand Slam,Outdoor,Hard,2nd Round,5.0,Paul T.,Korda S.,34,52.0,1305,905.0,6.0,0.0,3.0,6.0,4.0,6.0,6.0,3.0,6.0,4.0,3.0,2.0,Completed,2.0,1.8,2.16,1.78,2.16,1.85,2.03,1.79
ATP,2022,52,New York,US Open,2022-08-31,Grand Slam,Outdoor,Hard,2nd Round,5.0,Kyrgios N.,Bonzi B.,25,50.0,1430,946.0,7.0,6.0,6.0,4.0,4.0,6.0,6.0,4.0,,,3.0,1.0,Completed,1.12,6.0,1.15,6.38,1.15,7.24,1.12,6.4
ATP,2022,52,New York,US Open,2022-08-31,Grand Slam,Outdoor,Hard,2nd Round,5.0,Wu Y.,Borges N.,174,104.0,301,513.0,6.0,7.0,7.0,6.0,4.0,6.0,6.0,4.0,6.0,4.0,3.0,2.0,Completed,1.33,3.4,1.29,4.05,1.36,4.05,1.3,3.54
ATP,2022,52,New York,US Open,2022-09-01,Grand Slam,Outdoor,Hard,2nd Round,5.0,Khachanov K.,Monteiro T.,31,67.0,1315,721.0,6.0,3.0,6.0,3.0,5.0,7.0,6.0,4.0,,,3.0,1.0,Completed,1.25,4.0,1.24,4.65,1.27,4.8,1.23,4.19
ATP,2022,52,New York,US Open,2022-09-01,Grand Slam,Outdoor,Hard,2nd Round,5.0,Draper J.,Auger-Aliassime F.,53,8.0,879,3625.0,6.0,4.0,6.0,4.0,6.0,4.0,,,,,3.0,0.0,Completed,3.0,1.4,2.86,1.48,3.1,1.48,2.9,1.41
ATP,2022,52,New York,US Open,2022-09-01,Grand Slam,Outdoor,Hard,2nd Round,5.0,Medvedev D.,Rinderknech A.,1,58.0,6885,805.0,6.0,2.0,7.0,5.0,6.0,3.0,,,,,3.0,0.0,Completed,1.01,21.0,1.04,16.54,1.05,21.0,1.02,15.28
ATP,2022,52,New York,US Open,2022-09-01,Grand Slam,Outdoor,Hard,2nd Round,5.0,Rune H.,Isner J.,33,48.0,1310,970.0,,,,,,,,,,,,,Walkover,,,,,,,,
ATP,2022,52,New York,US Open,2022-09-01,Grand Slam,Outdoor,Hard,2nd Round,5.0,Cilic M.,Ramos-Vinolas A.,17,42.0,2175,1070.0,6.0,3.0,7.0,6.0,6.0,3.0,,,,,3.0,0.0,Completed,1.2,4.5,1.18,5.65,1.24,5.75,1.18,5.02
ATP,2022,52,New York,US Open,2022-09-01,Grand Slam,Outdoor,Hard,2nd Round,5.0,Evans D.,Duckworth J.,23,83.0,1510,632.0,6.0,3.0,6.0,2.0,4.0,6.0,6.0,4.0,,,3.0,1.0,Completed,1.25,4.0,1.24,4.54,1.28,4.6,1.23,4.14
ATP,2022,52,New York,US Open,2022-09-01,Grand Slam,Outdoor,Hard,2nd Round,5.0,Brooksby J.,Coric B.,43,29.0,1027,1360.0,6.0,4.0,7.0,6.0,6.0,1.0,,,,,3.0,0.0,Completed,1.9,1.9,1.99,1.92,2.02,1.97,1.9,1.91
ATP,2022,52,New York,US Open,2022-09-01,Grand Slam,Outdoor,Hard,2nd Round,5.0,Sinner J.,Eubanks C.,13,145.0,3020,376.0,6.0,4.0,7.0,6.0,6.0,2.0,,,,,3.0,0.0,Completed,1.08,8.0,1.13,7.16,1.15,8.5,1.11,6.87
ATP,2022,52,New York,US Open,2022-09-01,Grand Slam,Outdoor,Hard,2nd Round,5.0,Alcaraz C.,Coria F.,4,78.0,5100,665.0,6.0,2.0,6.0,1.0,7.0,5.0,,,,,3.0,0.0,Completed,1.02,19.0,1.03,19.86,1.03,26.0,1.02,16.1
ATP,2022,52,New York,US Open,2022-09-01,Grand Slam,Outdoor,Hard,2nd Round,5.0,Norrie C.,Sousa J.,9,59.0,3415,786.0,6.0,4.0,6.0,4.0,7.0,6.0,,,,,3.0,0.0,Completed,1.05,11.0,1.08,10.01,1.1,13.0,1.07,8.95
ATP,2022,52,New York,US Open,2022-09-01,Grand Slam,Outdoor,Hard,2nd Round,5.0,Musetti L.,Brouwer G.,30,181.0,1322,295.0,6.0,7.0,6.0,3.0,6.0,4.0,6.0,2.0,,,3.0,1.0,Completed,1.44,2.75,1.52,2.73,1.52,2.78,1.47,2.68
ATP,2022,52,New York,US Open,2022-09-01,Grand Slam,Outdoor,Hard,2nd Round,5.0,Rublev A.,Kwon S.W.,11,81.0,3120,646.0,6.0,3.0,6.0,0.0,6.0,4.0,,,,,3.0,0.0,Completed,1.16,5.0,1.23,4.8,1.23,5.05,1.19,4.69
ATP,2022,52,New York,US Open,2022-09-01,Grand Slam,Outdoor,Hard,2nd Round,5.0,Nakashima B.,Dimitrov G.,69,19.0,699,1730.0,7.0,6.0,7.0,5.0,6.0,3.0,,,,,3.0,0.0,Completed,2.2,1.66,2.18,1.77,2.31,1.77,2.19,1.68
ATP,2022,52,New York,US Open,2022-09-01,Grand Slam,Outdoor,Hard,2nd Round,5.0,Schwartzman D.,Popyrin A.,16,84.0,2200,629.0,7.0,6.0,7.0,5.0,7.0,6.0,,,,,3.0,0.0,Completed,1.28,3.75,1.31,3.85,1.34,3.9,1.29,3.66
ATP,2022,52,New York,US Open,2022-09-01,Grand Slam,Outdoor,Hard,2nd Round,5.0,Gasquet R.,Kecmanovic M.,91,36.0,583,1245.0,6.0,2.0,6.0,4.0,4.0,6.0,6.0,4.0,,,3.0,1.0,Completed,3.0,1.4,3.37,1.37,3.4,1.4,3.11,1.37
ATP,2022,52,New York,US Open,2022-09-01,Grand Slam,Outdoor,Hard,2nd Round,5.0,Shapovalov D.,Carballes Baena R.,21,80.0,1640,654.0,6.0,4.0,4.0,6.0,6.0,3.0,6.0,2.0,,,3.0,1.0,Completed,1.16,5.0,1.23,4.8,1.25,5.0,1.2,4.53
ATP,2022,52,New York,US Open,2022-09-02,Grand Slam,Outdoor,Hard,2nd Round,5.0,Ivashka I.,Hurkacz H.,73,10.0,685,3355.0,6.0,4.0,4.0,6.0,7.0,6.0,6.0,3.0,,,3.0,1.0,Completed,3.5,1.3,3.49,1.35,3.9,1.35,3.44,1.31
ATP,2022,52,New York,US Open,2022-09-02,Grand Slam,Outdoor,Hard,2nd Round,5.0,Tiafoe F.,Kubler J.,26,109.0,1400,500.0,7.0,6.0,7.0,5.0,7.0,6.0,,,,,3.0,0.0,Completed,1.33,3.4,1.39,3.29,1.4,3.4,1.36,3.16
ATP,2022,52,New York,US Open,2022-09-02,Grand Slam,Outdoor,Hard,2nd Round,5.0,Nadal R.,Fognini F.,3,60.0,5630,782.0,2.0,6.0,6.0,4.0,6.0,2.0,6.0,1.0,,,3.0,1.0,Completed,1.08,8.0,1.12,7.68,1.14,8.7,1.09,7.27
ATP,2022,52,New York,US Open,2022-09-02,Grand Slam,Outdoor,Hard,3rd Round,5.0,Davidovich Fokina A.,Galan D.E.,39,94.0,1210,568.0,6.0,4.0,5.0,7.0,6.0,4.0,6.0,4.0,,,3.0,1.0,Completed,1.4,3.0,1.41,3.19,1.42,3.3,1.37,3.09
ATP,2022,52,New York,US Open,2022-09-02,Grand Slam,Outdoor,Hard,3rd Round,5.0,Berrettini M.,Murray A.,14,51.0,2360,930.0,6.0,4.0,6.0,4.0,6.0,7.0,6.0,3.0,,,3.0,1.0,Completed,1.44,2.75,1.51,2.77,1.57,2.97,1.46,2.72
ATP,2022,52,New York,US Open,2022-09-02,Grand Slam,Outdoor,Hard,3rd Round,5.0,Ruud C.,Paul T.,7,34.0,4695,1305.0,7.0,6.0,6.0,7.0,7.0,6.0,5.0,7.0,6.0,0.0,3.0,2.0,Completed,1.57,2.37,1.55,2.64,1.6,2.66,1.53,2.52
ATP,2022,52,New York,US Open,2022-09-02,Grand Slam,Outdoor,Hard,3rd Round,5.0,Khachanov K.,Draper J.,31,53.0,1315,879.0,6.0,3.0,4.0,6.0,6.0,5.0,,,,,1.0,1.0,Retired,2.2,1.66,2.28,1.7,2.3,1.72,2.22,1.67
ATP,2022,52,New York,US Open,2022-09-02,Grand Slam,Outdoor,Hard,3rd Round,5.0,Moutet C.,Cachin P.,112,66.0,484,723.0,6.0,3.0,4.0,6.0,6.0,2.0,7.0,5.0,,,3.0,1.0,Completed,1.33,3.4,1.35,3.55,1.37,3.58,1.32,3.37
ATP,2022,52,New York,US Open,2022-09-02,Grand Slam,Outdoor,Hard,3rd Round,5.0,Carreno Busta P.,De Minaur A.,15,20.0,2340,1665.0,6.0,1.0,6.0,1.0,3.0,6.0,7.0,6.0,,,3.0,1.0,Completed,1.72,2.1,1.63,2.45,1.75,2.45,1.67,2.21
ATP,2022,52,New York,US Open,2022-09-03,Grand Slam,Outdoor,Hard,3rd Round,5.0,Kyrgios N.,Wolf J.J.,25,87.0,1430,610.0,6.0,4.0,6.0,2.0,6.0,3.0,,,,,3.0,0.0,Completed,1.12,6.0,1.16,6.13,1.17,7.0,1.14,5.81
ATP,2022,52,New York,US Open,2022-09-03,Grand Slam,Outdoor,Hard,3rd Round,5.0,Medvedev D.,Wu Y.,1,174.0,6885,301.0,6.0,4.0,6.0,2.0,6.0,2.0,,,,,3.0,0.0,Completed,1.04,13.0,1.04,15.5,1.05,16.5,1.03,12.63
ATP,2022,52,New York,US Open,2022-09-03,Grand Slam,Outdoor,Hard,3rd Round,5.0,Norrie C.,Rune H.,9,33.0,3415,1310.0,7.0,5.0,6.0,4.0,6.0,1.0,,,,,3.0,0.0,Completed,1.28,3.75,1.25,4.45,1.3,4.45,1.26,3.9
ATP,2022,52,New York,US Open,2022-09-03,Grand Slam,Outdoor,Hard,3rd Round,5.0,Rublev A.,Shapovalov D.,11,21.0,3120,1640.0,6.0,4.0,2.0,6.0,6.0,7.0,6.0,4.0,7.0,6.0,3.0,2.0,Completed,1.53,2.5,1.55,2.64,1.58,2.7,1.53,2.52
ATP,2022,52,New York,US Open,2022-09-03,Grand Slam,Outdoor,Hard,3rd Round,5.0,Alcaraz C.,Brooksby J.,4,43.0,5100,1027.0,6.0,3.0,6.0,3.0,6.0,3.0,,,,,3.0,0.0,Completed,1.25,4.0,1.23,4.63,1.27,4.75,1.23,4.24
ATP,2022,52,New York,US Open,2022-09-03,Grand Slam,Outdoor,Hard,3rd Round,5.0,Tiafoe F.,Schwartzman D.,26,16.0,1400,2200.0,7.0,6.0,6.0,4.0,6.0,4.0,,,,,3.0,0.0,Completed,1.44,2.75,1.48,2.87,1.48,3.0,1.44,2.79
ATP,2022,52,New York,US Open,2022-09-03,Grand Slam,Outdoor,Hard,3rd Round,5.0,Ivashka I.,Musetti L.,73,30.0,685,1322.0,6.0,4.0,3.0,6.0,6.0,2.0,6.0,3.0,,,3.0,1.0,Completed,1.5,2.62,1.51,2.77,1.52,2.9,1.48,2.68
ATP,2022,52,New York,US Open,2022-09-03,Grand Slam,Outdoor,Hard,3rd Round,5.0,Cilic M.,Evans D.,17,23.0,2175,1510.0,7.0,6.0,6.0,7.0,6.0,2.0,7.0,5.0,,,3.0,1.0,Completed,1.57,2.37,1.63,2.43,1.65,2.5,1.59,2.38
ATP,2022,52,New York,US Open,2022-09-04,Grand Slam,Outdoor,Hard,3rd Round,5.0,Nadal R.,Gasquet R.,3,91.0,5630,583.0,6.0,0.0,6.0,1.0,7.0,5.0,,,,,3.0,0.0,Completed,1.06,10.0,1.04,16.23,1.08,17.0,1.05,11.27
ATP,2022,52,New York,US Open,2022-09-04,Grand Slam,Outdoor,Hard,3rd Round,5.0,Sinner J.,Nakashima B.,13,69.0,3020,699.0,3.0,6.0,6.0,4.0,6.0,1.0,6.0,2.0,,,3.0,1.0,Completed,1.36,3.2,1.33,3.7,1.36,3.75,1.32,3.4
ATP,2022,52,New York,US Open,2022-09-04,Grand Slam,Outdoor,Hard,4th Round,5.0,Berrettini M.,Davidovich Fokina A.,14,39.0,2360,1210.0,3.0,6.0,7.0,6.0,6.0,3.0,4.0,6.0,6.0,2.0,3.0,2.0,Completed,1.33,3.4,1.31,3.82,1.36,3.95,1.31,3.52
ATP,2022,52,New York,US Open,2022-09-04,Grand Slam,Outdoor,Hard,4th Round,5.0,Ruud C.,Moutet C.,7,112.0,4695,484.0,6.0,1.0,6.0,2.0,6.0,7.0,6.0,2.0,,,3.0,1.0,Completed,1.16,5.0,1.18,5.72,1.2,6.5,1.17,5.23
ATP,2022,52,New York,US Open,2022-09-04,Grand Slam,Outdoor,Hard,4th Round,5.0,Khachanov K.,Carreno Busta P.,31,15.0,1315,2340.0,4.0,6.0,6.0,3.0,6.0,1.0,4.0,6.0,6.0,3.0,3.0,2.0,Completed,2.75,1.44,2.71,1.51,2.9,1.52,2.73,1.46
ATP,2022,52,New York,US Open,2022-09-05,Grand Slam,Outdoor,Hard,4th Round,5.0,Kyrgios N.,Medvedev D.,25,1.0,1430,6885.0,7.0,6.0,3.0,6.0,6.0,3.0,6.0,2.0,,,3.0,1.0,Completed,2.5,1.53,2.6,1.56,2.8,1.6,2.54,1.53
ATP,2022,52,New York,US Open,2022-09-05,Grand Slam,Outdoor,Hard,4th Round,5.0,Rublev A.,Norrie C.,11,9.0,3120,3415.0,6.0,4.0,6.0,4.0,6.0,4.0,,,,,3.0,0.0,Completed,2.3,1.61,2.27,1.71,2.3,1.74,2.19,1.68
ATP,2022,52,New York,US Open,2022-09-05,Grand Slam,Outdoor,Hard,4th Round,5.0,Tiafoe F.,Nadal R.,26,3.0,1400,5630.0,6.0,4.0,4.0,6.0,6.0,4.0,6.0,3.0,,,3.0,1.0,Completed,4.5,1.2,4.38,1.26,5.0,1.26,4.41,1.21
ATP,2022,52,New York,US Open,2022-09-06,Grand Slam,Outdoor,Hard,4th Round,5.0,Sinner J.,Ivashka I.,13,73.0,3020,685.0,6.0,1.0,5.0,7.0,6.0,2.0,4.0,6.0,6.0,3.0,3.0,2.0,Completed,1.22,4.33,1.21,5.01,1.28,5.05,1.22,4.37
ATP,2022,52,New York,US Open,2022-09-06,Grand Slam,Outdoor,Hard,4th Round,5.0,Alcaraz C.,Cilic M.,4,17.0,5100,2175.0,6.0,4.0,3.0,6.0,6.0,4.0,4.0,6.0,6.0,3.0,3.0,2.0,Completed,1.2,4.5,1.2,5.22,1.22,5.45,1.2,4.68
ATP,2022,52,New York,US Open,2022-09-06,Grand Slam,Outdoor,Hard,Quarterfinals,5.0,Ruud C.,Berrettini M.,7,14.0,4695,2360.0,6.0,1.0,6.0,4.0,7.0,6.0,,,,,3.0,0.0,Completed,2.0,1.8,2.02,1.88,2.1,1.91,1.99,1.83
ATP,2022,52,New York,US Open,2022-09-07,Grand Slam,Outdoor,Hard,Quarterfinals,5.0,Khachanov K.,Kyrgios N.,31,25.0,1315,1430.0,7.0,5.0,4.0,6.0,7.0,5.0,6.0,7.0,6.0,4.0,3.0,2.0,Completed,4.5,1.2,4.18,1.27,4.54,1.3,4.17,1.24
ATP,2022,52,New York,US Open,2022-09-07,Grand Slam,Outdoor,Hard,Quarterfinals,5.0,Tiafoe F.,Rublev A.,26,11.0,1400,3120.0,7.0,6.0,7.0,6.0,6.0,4.0,,,,,3.0,0.0,Completed,2.0,1.8,1.98,1.93,2.16,1.93,1.99,1.84
ATP,2022,52,New York,US Open,2022-09-08,Grand Slam,Outdoor,Hard,Quarterfinals,5.0,Alcaraz C.,Sinner J.,4,13.0,5100,3020.0,6.0,3.0,6.0,7.0,6.0,7.0,7.0,5.0,6.0,3.0,3.0,2.0,Completed,1.61,2.3,1.56,2.65,1.63,2.65,1.56,2.46
ATP,2022,52,New York,US Open,2022-09-09,Grand Slam,Outdoor,Hard,Semifinals,5.0,Ruud C.,Khachanov K.,7,31.0,4695,1315.0,7.0,6.0,6.0,2.0,5.0,7.0,6.0,2.0,,,3.0,1.0,Completed,1.44,2.75,1.48,2.86,1.5,3.05,1.44,2.8
ATP,2022,52,New York,US Open,2022-09-10,Grand Slam,Outdoor,Hard,Semifinals,5.0,Alcaraz C.,Tiafoe F.,4,26.0,5100,1400.0,6.0,7.0,6.0,3.0,6.0,1.0,6.0,7.0,6.0,3.0,3.0,2.0,Completed,1.5,2.62,1.47,2.9,1.56,3.12,1.47,2.72
ATP,2022,52,New York,US Open,2022-09-11,Grand Slam,Outdoor,Hard,The Final,5.0,Alcaraz C.,Ruud C.,4,7.0,5100,4695.0,6.0,4.0,2.0,6.0,7.0,6.0,6.0,3.0,,,3.0,1.0,Completed,1.45,2.8,1.48,2.86,1.53,3.02,1.46,2.77
