Tour,Year,ATP,Location,Tournament,Date,Series,Court,Surface,Round,Best of,Winner,Loser,WRank,LRank,WPts,LPts,W1,L1,W2,L2,W3,L3,W4,L4,W5,L5,Wsets,Lsets,Comment,B365W,B365L,EXW,EXL,LBW,LBL,PSW,PSL,SJW,SJL,MaxW,MaxL,AvgW,AvgL
ATP,2012,6,Melbourne,Australian Open,2012-01-16,Grand Slam,Outdoor,Hard,1st Round,5,Cipolla F.,Davydenko N.,76.0,52.0,671,875.0,6.0,4.0,4.0,6.0,3.0,6.0,6.0,2.0,6.0,1.0,3.0,2.0,Completed,3.5,1.28,3.4,1.3,3.75,1.25,3.61,1.34,3.75,1.22,3.75,1.35,3.48,1.29
ATP,2012,6,Melbourne,Australian Open,2012-01-16,Grand Slam,Outdoor,Hard,1st Round,5,Almagro N.,Kubot L.,10.0,58.0,2380,822.0,1.0,6.0,7.0,5.0,6.0,3.0,7.0,5.0,,,3.0,1.0,Completed,1.3,3.4,1.3,3.4,1.36,3.0,1.43,3.06,1.29,3.25,1.43,3.4,1.34,3.17
ATP,2012,6,Melbourne,Australian Open,2012-01-16,Grand Slam,Outdoor,Hard,1st Round,5,Riba P.,Montanes A.,88.0,50.0,612,895.0,7.0,6.0,2.0,6.0,6.0,4.0,7.0,6.0,,,3.0,1.0,Completed,3.5,1.28,3.4,1.3,3.0,1.36,3.52,1.35,3.0,1.33,3.52,1.37,3.27,1.32
ATP,2012,6,Melbourne,Australian Open,2012-01-16,Grand Slam,Outdoor,Hard,1st Round,5,Stakhovsky S.,Marchenko I.,65.0,246.0,755,192.0,6.0,3.0,6.0,7.0,4.0,6.0,6.0,3.0,7.0,5.0,3.0,2.0,Completed,1.38,2.87,1.35,3.1,1.36,3.0,1.45,2.97,1.36,2.88,1.46,3.25,1.38,2.94
ATP,2012,6,Melbourne,Australian Open,2012-01-16,Grand Slam,Outdoor,Hard,1st Round,5,Del Potro J.M.,Mannarino A.,11.0,91.0,2315,598.0,2.0,6.0,6.0,1.0,7.0,5.0,6.0,4.0,,,3.0,1.0,Completed,1.07,9.0,1.05,9.0,1.06,8.5,1.09,9.5,1.05,9.0,1.09,10.4,1.06,8.33
ATP,2012,6,Melbourne,Australian Open,2012-01-16,Grand Slam,Outdoor,Hard,1st Round,5,Lopez F.,Mayer L.,19.0,21.0,1755,1630.0,7.0,6.0,6.0,3.0,7.0,6.0,,,,,3.0,0.0,Completed,1.16,5.0,1.22,4.0,1.25,3.75,1.29,3.97,1.14,5.0,1.3,6.0,1.19,4.53
ATP,2012,6,Melbourne,Australian Open,2012-01-16,Grand Slam,Outdoor,Hard,1st Round,5,Anderson K.,Nielsen F.,32.0,240.0,1190,197.0,6.0,1.0,6.0,2.0,6.0,4.0,,,,,3.0,0.0,Completed,1.22,4.0,1.3,3.4,1.29,3.5,1.26,4.3,1.22,3.75,1.3,4.3,1.25,3.75
ATP,2012,6,Melbourne,Australian Open,2012-01-16,Grand Slam,Outdoor,Hard,1st Round,5,Kavcic B.,Ward J.,103.0,347.0,552,123.0,6.0,4.0,6.0,3.0,6.0,4.0,,,,,3.0,0.0,Completed,1.8,1.9,1.8,1.95,1.73,2.0,1.92,1.99,1.73,2.0,1.92,2.01,1.8,1.95
ATP,2012,6,Melbourne,Australian Open,2012-01-16,Grand Slam,Outdoor,Hard,1st Round,5,Berdych T.,Ramos A.,7.0,67.0,3700,734.0,7.0,5.0,4.0,6.0,6.0,2.0,6.0,3.0,,,3.0,1.0,Completed,1.01,21.0,1.03,12.0,1.03,11.0,1.02,21.0,1.02,11.0,1.03,26.24,1.02,13.7
ATP,2012,6,Melbourne,Australian Open,2012-01-16,Grand Slam,Outdoor,Hard,1st Round,5,Tomic B.,Verdasco F.,38.0,24.0,1048,1550.0,4.0,6.0,6.0,7.0,6.0,4.0,6.0,2.0,7.0,5.0,3.0,2.0,Completed,1.53,2.37,1.5,2.5,1.67,2.1,1.65,2.38,1.57,2.38,1.68,2.55,1.57,2.34
ATP,2012,6,Melbourne,Australian Open,2012-01-16,Grand Slam,Outdoor,Hard,1st Round,5,Kamke T.,Hanescu V.,98.0,90.0,578,600.0,6.0,2.0,6.0,1.0,6.0,2.0,,,,,3.0,0.0,Completed,1.61,2.2,1.75,2.0,1.73,2.0,1.64,2.41,1.67,2.1,1.8,2.41,1.68,2.12
ATP,2012,6,Melbourne,Australian Open,2012-01-16,Grand Slam,Outdoor,Hard,1st Round,5,Karlovic I.,Melzer J.,57.0,33.0,842,1170.0,7.0,6.0,7.0,5.0,6.0,3.0,,,,,3.0,0.0,Completed,2.62,1.44,2.55,1.5,2.38,1.53,2.49,1.61,2.38,1.53,2.7,1.61,2.5,1.51
ATP,2012,6,Melbourne,Australian Open,2012-01-16,Grand Slam,Outdoor,Hard,1st Round,5,Fish M.,Muller G.,8.0,55.0,2965,853.0,6.0,4.0,6.0,4.0,6.0,2.0,,,,,3.0,0.0,Completed,1.16,5.0,1.25,3.75,1.2,4.33,1.19,5.46,1.22,3.75,1.25,5.46,1.2,4.33
ATP,2012,6,Melbourne,Australian Open,2012-01-16,Grand Slam,Outdoor,Hard,1st Round,5,Berlocq C.,Huta Galung J.,61.0,233.0,801,205.0,2.0,6.0,6.0,3.0,7.0,6.0,6.0,3.0,,,3.0,1.0,Completed,1.66,2.1,1.85,1.9,1.73,2.0,1.81,2.12,1.73,2.0,1.9,2.18,1.77,2.0
ATP,2012,6,Melbourne,Australian Open,2012-01-16,Grand Slam,Outdoor,Hard,1st Round,5,Kohlschreiber P.,Monaco J.,41.0,27.0,1005,1335.0,7.0,5.0,4.0,6.0,6.0,3.0,6.0,7.0,6.0,0.0,3.0,2.0,Completed,1.44,2.62,1.5,2.5,1.5,2.5,1.59,2.53,1.57,2.25,1.59,2.63,1.52,2.48
ATP,2012,6,Melbourne,Australian Open,2012-01-16,Grand Slam,Outdoor,Hard,1st Round,5,Wawrinka S.,Paire B.,22.0,84.0,1615,636.0,6.0,1.0,6.0,1.0,7.0,5.0,,,,,3.0,0.0,Completed,1.22,4.0,1.25,3.75,1.25,3.75,1.22,4.89,1.25,3.5,1.29,4.89,1.25,3.83
ATP,2012,6,Melbourne,Australian Open,2012-01-16,Grand Slam,Outdoor,Hard,1st Round,5,Querrey S.,De Schepper K.,95.0,135.0,589,400.0,6.0,3.0,6.0,2.0,6.0,2.0,,,,,3.0,0.0,Completed,1.14,5.5,1.18,4.5,1.17,4.5,1.17,5.94,1.14,5.0,1.18,5.94,1.16,4.95
ATP,2012,6,Melbourne,Australian Open,2012-01-16,Grand Slam,Outdoor,Hard,1st Round,5,Falla A.,Fognini F.,71.0,47.0,696,915.0,6.0,3.0,6.0,2.0,3.0,6.0,6.0,1.0,,,3.0,1.0,Completed,1.38,2.87,1.4,2.85,1.4,2.75,1.5,2.8,1.4,2.75,1.5,3.0,1.42,2.76
ATP,2012,6,Melbourne,Australian Open,2012-01-16,Grand Slam,Outdoor,Hard,1st Round,5,Haas T.,Kudla D.,190.0,276.0,257,171.0,7.0,6.0,3.0,6.0,6.0,0.0,7.0,5.0,,,3.0,1.0,Completed,1.36,3.0,1.4,2.85,1.36,3.0,1.43,3.1,1.36,2.88,1.44,3.2,1.39,2.9
ATP,2012,6,Melbourne,Australian Open,2012-01-16,Grand Slam,Outdoor,Hard,1st Round,5,Dimitrov G.,Chardy J.,78.0,82.0,666,652.0,4.0,6.0,6.0,3.0,3.0,6.0,6.0,4.0,6.0,4.0,3.0,2.0,Completed,1.5,2.5,1.5,2.5,1.57,2.25,1.6,2.52,1.53,2.38,1.6,2.65,1.54,2.43
ATP,2012,6,Melbourne,Australian Open,2012-01-16,Grand Slam,Outdoor,Hard,1st Round,5,Serra F.,Darcis S.,156.0,85.0,324,634.0,7.0,6.0,6.0,3.0,4.0,5.0,,,,,2.0,0.0,Retired,2.5,1.5,2.4,1.55,2.25,1.57,2.58,1.57,2.2,1.67,2.65,1.71,2.42,1.54
ATP,2012,6,Melbourne,Australian Open,2012-01-16,Grand Slam,Outdoor,Hard,1st Round,5,Young D.,Gojowczyk P.,42.0,248.0,1004,192.0,6.0,1.0,6.0,2.0,4.0,6.0,1.0,6.0,6.0,2.0,3.0,2.0,Completed,1.53,2.37,1.55,2.4,1.57,2.25,1.6,2.52,1.62,2.2,1.7,2.65,1.57,2.34
ATP,2012,6,Melbourne,Australian Open,2012-01-16,Grand Slam,Outdoor,Hard,1st Round,5,Lacko L.,Ljubicic I.,119.0,30.0,491,1270.0,3.0,6.0,4.0,6.0,6.0,3.0,6.0,4.0,6.0,4.0,3.0,2.0,Completed,1.66,2.1,1.85,1.9,1.83,1.83,1.7,2.29,1.73,2.0,2.0,2.29,1.8,1.96
ATP,2012,6,Melbourne,Australian Open,2012-01-16,Grand Slam,Outdoor,Hard,1st Round,5,Dolgopolov O.,Jones G.,13.0,198.0,2030,245.0,1.0,6.0,4.0,6.0,6.0,1.0,6.0,1.0,6.0,2.0,3.0,2.0,Completed,1.04,13.0,1.05,9.0,1.05,9.0,1.05,13.0,1.05,8.0,1.07,13.0,1.05,9.78
ATP,2012,6,Melbourne,Australian Open,2012-01-16,Grand Slam,Outdoor,Hard,1st Round,5,Rochus O.,Phau B.,54.0,174.0,854,286.0,6.0,1.0,6.0,4.0,6.0,0.0,,,,,3.0,0.0,Completed,1.53,2.37,1.55,2.4,1.57,2.25,1.95,1.95,1.4,2.75,1.95,3.0,1.58,2.35
ATP,2012,6,Melbourne,Australian Open,2012-01-16,Grand Slam,Outdoor,Hard,1st Round,5,Baghdatis M.,Becker B.,44.0,304.0,985,148.0,6.0,1.0,7.0,6.0,6.0,2.0,,,,,3.0,0.0,Completed,1.12,6.0,1.16,5.0,1.17,4.5,1.14,6.62,1.17,4.5,1.18,6.62,1.15,5.13
ATP,2012,6,Melbourne,Australian Open,2012-01-16,Grand Slam,Outdoor,Hard,1st Round,5,Nadal R.,Kuznetsov A.,2.0,167.0,9595,301.0,6.0,4.0,6.0,1.0,6.0,1.0,,,,,3.0,0.0,Completed,,34.0,1.01,20.0,1.01,21.0,1.01,41.0,1.02,11.0,1.02,56.71,1.01,21.51
ATP,2012,6,Melbourne,Australian Open,2012-01-16,Grand Slam,Outdoor,Hard,1st Round,5,Isner J.,Mitchell B.,17.0,222.0,1800,220.0,6.0,4.0,6.0,4.0,7.0,6.0,,,,,3.0,0.0,Completed,1.05,11.0,1.06,8.5,1.06,8.0,1.07,10.25,1.06,7.5,1.08,11.38,1.06,8.7
ATP,2012,6,Melbourne,Australian Open,2012-01-16,Grand Slam,Outdoor,Hard,1st Round,5,Lu Y.H.,De Voest R.,79.0,126.0,661,459.0,6.0,4.0,3.0,6.0,6.0,1.0,3.0,6.0,6.0,3.0,3.0,2.0,Completed,1.33,3.25,1.35,3.1,1.33,3.25,1.43,3.04,,,1.43,3.5,1.36,3.08
ATP,2012,6,Melbourne,Australian Open,2012-01-16,Grand Slam,Outdoor,Hard,1st Round,5,Beck A.,Prodon E.,93.0,96.0,592,581.0,6.0,4.0,6.0,2.0,4.0,6.0,7.0,5.0,,,3.0,1.0,Completed,1.18,4.5,1.25,3.75,1.2,4.33,1.22,4.9,1.29,3.25,1.29,4.9,1.21,4.21
ATP,2012,6,Melbourne,Australian Open,2012-01-16,Grand Slam,Outdoor,Hard,1st Round,5,Federer R.,Kudryavtsev A.,3.0,172.0,8010,290.0,7.0,5.0,6.0,2.0,6.0,2.0,,,,,3.0,0.0,Completed,,34.0,1.01,12.5,,21.0,1.01,61.0,1.01,23.0,1.01,61.0,1.01,22.5
ATP,2012,6,Melbourne,Australian Open,2012-01-16,Grand Slam,Outdoor,Hard,1st Round,5,Nalbandian D.,Nieminen J.,87.0,49.0,630,908.0,6.0,4.0,4.0,2.0,,,,,,,1.0,0.0,Retired,1.57,2.25,1.6,2.3,1.62,2.25,1.75,2.2,1.57,2.25,1.75,2.4,1.63,2.22
ATP,2012,6,Melbourne,Australian Open,2012-01-17,Grand Slam,Outdoor,Hard,1st Round,5,Bogomolov A.,Gimeno-Traver D.,34.0,104.0,1135,547.0,6.0,3.0,6.0,2.0,6.0,4.0,,,,,3.0,0.0,Completed,1.12,6.0,1.18,4.5,1.14,5.0,1.15,6.41,1.14,5.0,1.21,6.41,1.15,5.21
ATP,2012,6,Melbourne,Australian Open,2012-01-17,Grand Slam,Outdoor,Hard,1st Round,5,Ferrer D.,Machado R.,5.0,70.0,4925,698.0,6.0,1.0,6.0,4.0,6.0,2.0,,,,,3.0,0.0,Completed,,29.0,1.01,20.0,1.02,13.0,1.01,46.0,1.02,11.0,1.02,51.82,1.01,19.39
ATP,2012,6,Melbourne,Australian Open,2012-01-17,Grand Slam,Outdoor,Hard,1st Round,5,Nishikori K.,Robert S.,26.0,106.0,1410,540.0,6.0,1.0,7.0,6.0,6.0,0.0,,,,,3.0,0.0,Completed,1.07,9.0,1.1,6.5,1.08,7.0,1.09,8.91,1.08,7.0,1.12,9.24,1.09,7.14
ATP,2012,6,Melbourne,Australian Open,2012-01-17,Grand Slam,Outdoor,Hard,1st Round,5,Petzschner P.,Rosol L.,63.0,69.0,780,701.0,6.0,0.0,6.0,0.0,6.0,2.0,,,,,3.0,0.0,Completed,1.36,3.0,1.4,2.85,1.4,2.75,1.4,3.2,1.36,3.0,1.42,3.25,1.38,2.93
ATP,2012,6,Melbourne,Australian Open,2012-01-17,Grand Slam,Outdoor,Hard,1st Round,5,Gasquet R.,Seppi A.,18.0,40.0,1765,1015.0,6.0,3.0,3.0,6.0,6.0,3.0,6.0,1.0,,,3.0,1.0,Completed,1.28,3.5,1.35,3.1,1.3,3.4,1.33,3.66,1.3,3.25,1.36,3.75,1.31,3.33
ATP,2012,6,Melbourne,Australian Open,2012-01-17,Grand Slam,Outdoor,Hard,1st Round,5,Giraldo S.,Viola Mat.,56.0,153.0,845,335.0,6.0,4.0,6.0,2.0,6.0,1.0,,,,,3.0,0.0,Completed,1.08,8.0,1.07,8.0,1.07,7.5,1.09,9.41,1.1,6.0,1.14,9.41,1.09,7.01
ATP,2012,6,Melbourne,Australian Open,2012-01-17,Grand Slam,Outdoor,Hard,1st Round,5,Golubev A.,Youzhny M.,146.0,35.0,362,1105.0,7.0,5.0,6.0,7.0,6.0,4.0,4.0,6.0,6.0,3.0,3.0,2.0,Completed,4.5,1.18,3.75,1.25,4.0,1.22,5.23,1.2,4.0,1.2,5.23,1.25,4.23,1.21
ATP,2012,6,Melbourne,Australian Open,2012-01-17,Grand Slam,Outdoor,Hard,1st Round,5,Djokovic N.,Lorenzi P.,1.0,109.0,13630,521.0,6.0,2.0,6.0,0.0,6.0,0.0,,,,,3.0,0.0,Completed,1.0,67.0,1.01,20.0,1.0,51.0,1.01,81.0,1.0,81.0,1.01,96.0,1.01,34.48
ATP,2012,6,Melbourne,Australian Open,2012-01-17,Grand Slam,Outdoor,Hard,1st Round,5,Roger-Vasselin E.,Malisse X.,101.0,64.0,562,760.0,7.0,6.0,,,,,,,,,1.0,0.0,Retired,2.75,1.4,2.5,1.5,2.62,1.44,2.82,1.49,2.75,1.4,2.82,1.51,2.64,1.46
ATP,2012,6,Melbourne,Australian Open,2012-01-17,Grand Slam,Outdoor,Hard,1st Round,5,Chela J.I.,Russell M.,29.0,97.0,1270,578.0,7.0,6.0,6.0,3.0,6.0,4.0,,,,,3.0,0.0,Completed,1.8,1.9,1.75,2.0,1.83,1.83,2.02,1.88,1.8,1.91,2.02,2.03,1.84,1.89
ATP,2012,6,Melbourne,Australian Open,2012-01-17,Grand Slam,Outdoor,Hard,1st Round,5,Raonic M.,Volandri F.,25.0,72.0,1460,696.0,6.0,4.0,6.0,0.0,6.0,2.0,,,,,3.0,0.0,Completed,1.01,26.0,1.01,20.0,1.02,11.0,1.01,41.0,1.02,11.0,1.02,51.0,1.01,17.99
ATP,2012,6,Melbourne,Australian Open,2012-01-17,Grand Slam,Outdoor,Hard,1st Round,5,Llodra M.,Gulbis E.,46.0,73.0,915,695.0,2.0,6.0,6.0,1.0,6.0,2.0,6.0,2.0,,,3.0,1.0,Completed,2.1,1.66,2.2,1.65,2.1,1.67,2.31,1.69,2.2,1.62,2.31,1.74,2.14,1.67
ATP,2012,6,Melbourne,Australian Open,2012-01-17,Grand Slam,Outdoor,Hard,1st Round,5,Tipsarevic J.,Tursunov D.,9.0,43.0,2655,988.0,5.0,7.0,7.0,6.0,6.0,3.0,6.0,4.0,,,3.0,1.0,Completed,1.1,7.0,1.11,6.0,1.14,5.0,1.13,7.45,1.13,5.5,1.15,7.45,1.11,6.11
ATP,2012,6,Melbourne,Australian Open,2012-01-17,Grand Slam,Outdoor,Hard,1st Round,5,Ito T.,Starace P.,117.0,62.0,500,800.0,6.0,3.0,4.0,6.0,6.0,3.0,6.0,4.0,,,3.0,1.0,Completed,2.2,1.61,2.1,1.7,2.0,1.73,2.17,1.78,2.1,1.67,2.25,1.81,2.09,1.7
ATP,2012,6,Melbourne,Australian Open,2012-01-17,Grand Slam,Outdoor,Hard,1st Round,5,Duckworth J.,Zopp J.,250.0,148.0,191,359.0,6.0,3.0,6.0,4.0,6.0,4.0,,,,,3.0,0.0,Completed,2.62,1.44,2.7,1.45,2.5,1.5,2.93,1.46,2.75,1.4,2.93,1.51,2.64,1.46
ATP,2012,6,Melbourne,Australian Open,2012-01-17,Grand Slam,Outdoor,Hard,1st Round,5,Sweeting R.,Bachinger M.,68.0,89.0,716,611.0,6.0,4.0,6.0,4.0,6.0,2.0,,,,,3.0,0.0,Completed,2.1,1.66,1.95,1.8,1.91,1.8,2.1,1.81,2.0,1.73,2.15,1.85,2.0,1.76
ATP,2012,6,Melbourne,Australian Open,2012-01-17,Grand Slam,Outdoor,Hard,1st Round,5,Granollers M.,Levine J.,28.0,158.0,1315,320.0,6.0,0.0,7.0,6.0,5.0,7.0,5.0,7.0,6.0,3.0,3.0,2.0,Completed,1.3,3.4,1.35,3.1,1.33,3.25,1.32,3.71,1.29,3.25,1.37,3.71,1.33,3.23
ATP,2012,6,Melbourne,Australian Open,2012-01-17,Grand Slam,Outdoor,Hard,1st Round,5,Monfils G.,Matosevic M.,15.0,203.0,1970,240.0,7.0,6.0,6.0,3.0,6.0,3.0,,,,,3.0,0.0,Completed,1.03,15.0,1.03,12.0,1.03,10.0,1.02,26.0,1.02,11.0,1.05,26.0,1.03,12.0
ATP,2012,6,Melbourne,Australian Open,2012-01-17,Grand Slam,Outdoor,Hard,1st Round,5,Murray A.,Harrison R.,4.0,77.0,7380,666.0,4.0,6.0,6.0,3.0,6.0,4.0,6.0,2.0,,,3.0,1.0,Completed,1.02,19.0,1.03,12.0,1.04,10.0,1.02,20.5,1.03,11.0,1.05,26.0,1.03,13.3
ATP,2012,6,Melbourne,Australian Open,2012-01-17,Grand Slam,Outdoor,Hard,1st Round,5,Andujar P.,Kunitsyn I.,45.0,74.0,920,692.0,6.0,1.0,7.0,6.0,6.0,0.0,,,,,3.0,0.0,Completed,2.87,1.38,2.85,1.4,2.62,1.44,3.35,1.38,2.75,1.4,3.35,1.54,2.87,1.4
ATP,2012,6,Melbourne,Australian Open,2012-01-17,Grand Slam,Outdoor,Hard,1st Round,5,Mello R.,Bautista R.,108.0,175.0,526,281.0,6.0,4.0,6.0,4.0,7.0,5.0,,,,,3.0,0.0,Completed,1.8,1.9,1.75,2.0,1.73,2.0,2.0,1.9,1.73,2.0,2.01,2.19,1.82,1.93
ATP,2012,6,Melbourne,Australian Open,2012-01-17,Grand Slam,Outdoor,Hard,1st Round,5,Bellucci T.,Sela D.,37.0,75.0,1060,685.0,7.0,6.0,6.0,4.0,6.0,3.0,,,,,3.0,0.0,Completed,1.9,1.8,2.0,1.75,2.0,1.73,1.88,2.02,2.0,1.73,2.1,2.02,1.91,1.83
ATP,2012,6,Melbourne,Australian Open,2012-01-17,Grand Slam,Outdoor,Hard,1st Round,5,Mahut N.,Stepanek R.,81.0,31.0,653,1230.0,7.0,5.0,7.0,5.0,6.0,3.0,,,,,3.0,0.0,Completed,5.0,1.16,4.25,1.2,4.0,1.22,5.83,1.17,4.0,1.2,5.83,1.23,4.57,1.19
ATP,2012,6,Melbourne,Australian Open,2012-01-17,Grand Slam,Outdoor,Hard,1st Round,5,Gil F.,Dodig I.,107.0,36.0,537,1065.0,2.0,6.0,6.0,1.0,6.0,1.0,4.0,1.0,,,2.0,1.0,Retired,3.75,1.25,3.75,1.25,3.4,1.3,3.77,1.32,4.0,1.22,4.0,1.32,3.6,1.28
ATP,2012,6,Melbourne,Australian Open,2012-01-17,Grand Slam,Outdoor,Hard,1st Round,5,Simon G.,Udomchoke D.,14.0,201.0,2005,242.0,6.0,1.0,3.0,6.0,6.0,7.0,6.0,3.0,6.0,2.0,3.0,2.0,Completed,1.04,13.0,1.05,9.0,1.04,9.0,1.03,17.5,1.04,9.0,1.06,19.75,1.04,11.05
ATP,2012,6,Melbourne,Australian Open,2012-01-17,Grand Slam,Outdoor,Hard,1st Round,5,Ebden M.,Souza J.,94.0,105.0,590,544.0,6.0,3.0,7.0,6.0,6.0,2.0,,,,,3.0,0.0,Completed,1.14,5.5,1.16,5.0,1.2,4.33,1.17,5.98,1.18,4.33,1.22,6.04,1.16,4.97
ATP,2012,6,Melbourne,Australian Open,2012-01-17,Grand Slam,Outdoor,Hard,1st Round,5,Roddick A.,Haase R.,16.0,53.0,1880,861.0,6.0,3.0,6.0,4.0,6.0,1.0,,,,,3.0,0.0,Completed,1.28,3.5,1.3,3.4,1.3,3.5,1.28,4.1,1.2,4.5,1.31,4.5,1.27,3.65
ATP,2012,6,Melbourne,Australian Open,2012-01-17,Grand Slam,Outdoor,Hard,1st Round,5,Kukushkin M.,Garcia-Lopez G.,92.0,66.0,598,755.0,6.0,4.0,6.0,3.0,6.0,0.0,,,,,3.0,0.0,Completed,2.5,1.5,2.5,1.5,2.38,1.53,2.54,1.58,2.5,1.5,2.64,1.6,2.48,1.52
ATP,2012,6,Melbourne,Australian Open,2012-01-17,Grand Slam,Outdoor,Hard,1st Round,5,Benneteau J.,Beck K.,39.0,100.0,1030,567.0,6.0,4.0,6.0,2.0,7.0,5.0,,,,,3.0,0.0,Completed,1.08,8.0,1.1,6.5,1.1,6.5,1.07,10.75,1.13,5.5,1.14,10.75,1.08,7.46
ATP,2012,6,Melbourne,Australian Open,2012-01-17,Grand Slam,Outdoor,Hard,1st Round,5,Hewitt L.,Stebe C.M.,181.0,83.0,265,652.0,7.0,5.0,6.0,4.0,3.0,6.0,7.0,5.0,,,3.0,1.0,Completed,1.36,3.0,1.33,3.2,1.36,3.25,1.39,3.28,1.33,3.25,1.39,3.5,1.33,3.22
ATP,2012,6,Melbourne,Australian Open,2012-01-17,Grand Slam,Outdoor,Hard,1st Round,5,Tsonga J.W.,Istomin D.,6.0,60.0,4335,802.0,6.0,4.0,3.0,6.0,6.0,2.0,7.0,5.0,,,3.0,1.0,Completed,1.08,8.0,1.08,7.5,1.1,7.0,1.1,8.6,1.08,7.0,1.11,8.89,1.09,7.21
ATP,2012,6,Melbourne,Australian Open,2012-01-17,Grand Slam,Outdoor,Hard,1st Round,5,Troicki V.,Ferrero J.C.,23.0,48.0,1595,910.0,4.0,6.0,6.0,7.0,6.0,2.0,7.0,6.0,6.0,2.0,3.0,2.0,Completed,1.44,2.62,1.44,2.75,1.44,2.62,1.61,2.48,1.4,2.75,1.61,2.89,1.47,2.62
ATP,2012,6,Melbourne,Australian Open,2012-01-18,Grand Slam,Outdoor,Hard,2nd Round,5,Falla A.,Fish M.,71.0,8.0,696,2965.0,7.0,6.0,6.0,3.0,7.0,6.0,,,,,3.0,0.0,Completed,8.0,1.08,6.0,1.11,6.0,1.11,8.95,1.1,7.0,1.1,8.95,1.12,6.92,1.09
ATP,2012,6,Melbourne,Australian Open,2012-01-18,Grand Slam,Outdoor,Hard,2nd Round,5,Kohlschreiber P.,Riba P.,41.0,88.0,1005,612.0,6.0,0.0,4.0,0.0,,,,,,,1.0,0.0,Retired,1.07,9.0,1.07,8.0,1.08,7.0,1.1,8.95,1.08,7.5,1.1,9.52,1.07,7.71
ATP,2012,6,Melbourne,Australian Open,2012-01-18,Grand Slam,Outdoor,Hard,2nd Round,5,Berdych T.,Rochus O.,7.0,54.0,3700,854.0,6.0,1.0,6.0,0.0,7.0,6.0,,,,,3.0,0.0,Completed,1.07,9.0,1.08,7.0,1.08,7.5,1.09,9.5,1.08,7.5,1.1,9.52,1.08,7.49
ATP,2012,6,Melbourne,Australian Open,2012-01-18,Grand Slam,Outdoor,Hard,2nd Round,5,Lu Y.H.,Serra F.,79.0,156.0,661,324.0,7.0,5.0,6.0,2.0,6.0,2.0,,,,,3.0,0.0,Completed,1.44,2.62,1.4,2.9,1.4,2.75,1.54,2.67,1.4,2.88,1.54,2.9,1.46,2.65
ATP,2012,6,Melbourne,Australian Open,2012-01-18,Grand Slam,Outdoor,Hard,2nd Round,5,Anderson K.,Stakhovsky S.,32.0,65.0,1190,755.0,3.0,6.0,6.0,1.0,7.0,6.0,6.0,3.0,,,3.0,1.0,Completed,1.25,3.75,1.25,3.75,1.29,3.5,1.28,4.1,1.29,3.5,1.32,4.28,1.27,3.6
ATP,2012,6,Melbourne,Australian Open,2012-01-18,Grand Slam,Outdoor,Hard,2nd Round,5,Del Potro J.M.,Kavcic B.,11.0,103.0,2315,552.0,6.0,4.0,7.0,5.0,6.0,3.0,,,,,3.0,0.0,Completed,1.05,11.0,1.05,9.0,1.05,9.0,1.04,15.0,1.04,10.0,1.05,16.91,1.04,10.65
ATP,2012,6,Melbourne,Australian Open,2012-01-18,Grand Slam,Outdoor,Hard,2nd Round,5,Lopez F.,Cipolla F.,19.0,76.0,1755,671.0,7.0,5.0,7.0,6.0,6.0,2.0,,,,,3.0,0.0,Completed,1.3,3.4,1.3,3.35,1.29,3.5,1.35,3.5,1.29,3.25,1.4,3.75,1.3,3.42
ATP,2012,6,Melbourne,Australian Open,2012-01-18,Grand Slam,Outdoor,Hard,2nd Round,5,Nadal R.,Haas T.,2.0,190.0,9595,257.0,6.0,4.0,6.0,3.0,6.0,4.0,,,,,3.0,0.0,Completed,1.02,19.0,1.02,10.68,1.03,11.0,1.03,20.0,1.02,13.0,1.03,24.8,1.02,13.54
ATP,2012,6,Melbourne,Australian Open,2012-01-18,Grand Slam,Outdoor,Hard,2nd Round,5,Isner J.,Nalbandian D.,17.0,87.0,1800,630.0,4.0,6.0,6.0,3.0,2.0,6.0,7.0,6.0,10.0,8.0,3.0,2.0,Completed,1.9,1.8,2.1,1.7,1.91,1.91,1.97,1.93,1.8,2.0,2.1,2.0,1.95,1.81
ATP,2012,6,Melbourne,Australian Open,2012-01-18,Grand Slam,Outdoor,Hard,2nd Round,5,Lacko L.,Young D.,119.0,42.0,491,1004.0,6.0,3.0,6.0,1.0,3.0,6.0,6.0,3.0,,,3.0,1.0,Completed,2.0,1.72,1.88,1.88,2.0,1.73,2.02,1.88,1.83,1.83,2.04,1.93,1.93,1.82
ATP,2012,6,Melbourne,Australian Open,2012-01-18,Grand Slam,Outdoor,Hard,2nd Round,5,Federer R.,Beck A.,3.0,93.0,8010,592.0,,,,,,,,,,,,,Walkover,,34.0,1.01,20.0,1.01,21.0,1.01,51.0,1.01,19.0,1.01,57.57,1.01,23.48
ATP,2012,6,Melbourne,Australian Open,2012-01-18,Grand Slam,Outdoor,Hard,2nd Round,5,Dolgopolov O.,Kamke T.,13.0,98.0,2030,578.0,4.0,6.0,6.0,1.0,6.0,1.0,3.0,6.0,8.0,6.0,3.0,2.0,Completed,1.36,3.0,1.45,2.7,1.36,3.0,1.46,2.93,1.44,2.75,1.46,3.25,1.4,2.87
ATP,2012,6,Melbourne,Australian Open,2012-01-18,Grand Slam,Outdoor,Hard,2nd Round,5,Karlovic I.,Berlocq C.,57.0,61.0,842,801.0,7.0,6.0,3.0,6.0,6.0,3.0,6.0,4.0,,,3.0,1.0,Completed,1.28,3.5,1.3,3.4,1.25,3.75,1.33,3.7,1.3,3.5,1.36,3.75,1.3,3.39
ATP,2012,6,Melbourne,Australian Open,2012-01-18,Grand Slam,Outdoor,Hard,2nd Round,5,Almagro N.,Dimitrov G.,10.0,78.0,2380,666.0,4.0,6.0,6.0,3.0,6.0,7.0,6.0,4.0,6.0,0.0,3.0,2.0,Completed,1.66,2.1,1.65,2.2,1.67,2.1,1.79,2.14,1.67,2.2,1.79,2.25,1.65,2.17
ATP,2012,6,Melbourne,Australian Open,2012-01-18,Grand Slam,Outdoor,Hard,2nd Round,5,Tomic B.,Querrey S.,38.0,95.0,1048,589.0,3.0,6.0,6.0,3.0,7.0,6.0,6.0,3.0,,,3.0,1.0,Completed,1.33,3.25,1.35,3.1,1.33,3.25,1.35,3.49,1.36,3.0,1.38,3.5,1.33,3.19
ATP,2012,6,Melbourne,Australian Open,2012-01-18,Grand Slam,Outdoor,Hard,2nd Round,5,Wawrinka S.,Baghdatis M.,22.0,44.0,1615,985.0,7.0,6.0,6.0,4.0,5.0,7.0,6.0,1.0,,,3.0,1.0,Completed,2.1,1.66,2.1,1.7,2.0,1.73,2.21,1.75,2.1,1.73,2.23,2.1,1.8,1.7
ATP,2012,6,Melbourne,Australian Open,2012-01-19,Grand Slam,Outdoor,Hard,2nd Round,5,Raonic M.,Petzschner P.,25.0,63.0,1460,780.0,6.0,4.0,5.0,7.0,6.0,2.0,7.0,5.0,,,3.0,1.0,Completed,1.28,3.5,1.25,3.75,1.25,3.75,1.34,3.63,1.25,3.75,1.34,3.95,1.28,3.57
ATP,2012,6,Melbourne,Australian Open,2012-01-19,Grand Slam,Outdoor,Hard,2nd Round,5,Chela J.I.,Andujar P.,29.0,45.0,1270,920.0,6.0,4.0,6.0,4.0,6.0,3.0,,,,,3.0,0.0,Completed,1.53,2.37,1.6,2.3,1.53,2.38,1.61,2.49,1.62,2.25,1.67,2.55,1.57,2.33
ATP,2012,6,Melbourne,Australian Open,2012-01-19,Grand Slam,Outdoor,Hard,2nd Round,5,Llodra M.,Bogomolov A.,46.0,34.0,915,1135.0,6.0,1.0,6.0,3.0,4.0,6.0,5.0,7.0,6.0,4.0,3.0,2.0,Completed,2.1,1.66,2.0,1.75,2.0,1.73,2.31,1.68,2.1,1.73,2.31,1.75,2.11,1.69
ATP,2012,6,Melbourne,Australian Open,2012-01-19,Grand Slam,Outdoor,Hard,2nd Round,5,Tsonga J.W.,Mello R.,6.0,108.0,4335,526.0,7.0,5.0,6.0,4.0,6.0,4.0,,,,,3.0,0.0,Completed,1.01,21.0,1.02,15.0,1.02,11.0,1.02,21.0,1.03,11.0,1.04,25.09,1.02,13.72
ATP,2012,6,Melbourne,Australian Open,2012-01-19,Grand Slam,Outdoor,Hard,2nd Round,5,Tipsarevic J.,Duckworth J.,9.0,250.0,2655,191.0,3.0,6.0,6.0,2.0,7.0,6.0,6.0,4.0,,,3.0,1.0,Completed,1.03,15.0,1.04,10.0,1.06,8.5,1.04,16.0,1.05,9.0,1.06,16.34,1.04,10.51
ATP,2012,6,Melbourne,Australian Open,2012-01-19,Grand Slam,Outdoor,Hard,2nd Round,5,Ferrer D.,Sweeting R.,5.0,68.0,4925,716.0,6.0,7.0,6.0,2.0,3.0,6.0,6.0,2.0,6.0,3.0,3.0,2.0,Completed,1.02,19.0,1.02,15.0,1.04,9.0,1.03,20.0,1.02,13.0,1.04,25.95,1.02,13.4
ATP,2012,6,Melbourne,Australian Open,2012-01-19,Grand Slam,Outdoor,Hard,2nd Round,5,Gil F.,Granollers M.,107.0,28.0,537,1315.0,6.0,3.0,4.0,6.0,6.0,4.0,6.0,3.0,,,3.0,1.0,Completed,3.5,1.28,3.4,1.3,3.4,1.3,4.05,1.29,3.5,1.29,4.05,1.31,3.56,1.28
ATP,2012,6,Melbourne,Australian Open,2012-01-19,Grand Slam,Outdoor,Hard,2nd Round,5,Mahut N.,Ito T.,81.0,117.0,653,500.0,1.0,6.0,7.0,6.0,6.0,2.0,6.0,2.0,,,3.0,1.0,Completed,1.53,2.37,1.5,2.5,1.5,2.5,1.66,2.37,1.53,2.38,1.66,2.5,1.56,2.36
ATP,2012,6,Melbourne,Australian Open,2012-01-19,Grand Slam,Outdoor,Hard,2nd Round,5,Djokovic N.,Giraldo S.,1.0,56.0,13630,845.0,6.0,3.0,6.0,2.0,6.0,1.0,,,,,3.0,0.0,Completed,1.002,34.0,1.01,20.0,1.01,21.0,1.01,61.0,1.01,23.0,1.01,62.46,1.01,23.28
ATP,2012,6,Melbourne,Australian Open,2012-01-19,Grand Slam,Outdoor,Hard,2nd Round,5,Nishikori K.,Ebden M.,26.0,94.0,1410,590.0,3.0,6.0,1.0,6.0,6.0,4.0,6.0,1.0,6.0,1.0,3.0,2.0,Completed,1.28,3.5,1.3,3.4,1.36,3.0,1.31,3.85,1.29,3.5,1.36,3.85,1.29,3.45
ATP,2012,6,Melbourne,Australian Open,2012-01-19,Grand Slam,Outdoor,Hard,2nd Round,5,Gasquet R.,Golubev A.,18.0,146.0,1765,362.0,6.0,4.0,6.0,2.0,3.0,0.0,,,,,2.0,0.0,Retired,1.12,6.0,1.14,5.05,1.14,5.0,1.14,6.8,1.13,6.0,1.17,6.8,1.13,5.56
ATP,2012,6,Melbourne,Australian Open,2012-01-19,Grand Slam,Outdoor,Hard,2nd Round,5,Murray A.,Roger-Vasselin E.,4.0,101.0,7380,562.0,6.0,1.0,6.0,4.0,6.0,4.0,,,,,3.0,0.0,Completed,1.002,29.0,1.01,12.5,1.01,17.0,1.01,51.0,1.01,23.0,1.02,51.0,1.01,17.45
ATP,2012,6,Melbourne,Australian Open,2012-01-19,Grand Slam,Outdoor,Hard,2nd Round,5,Kukushkin M.,Troicki V.,92.0,23.0,598,1595.0,5.0,7.0,6.0,4.0,6.0,2.0,4.0,6.0,6.0,3.0,3.0,2.0,Completed,3.4,1.3,3.2,1.33,3.4,1.3,3.41,1.37,3.25,1.33,3.6,1.5,3.32,1.31
ATP,2012,6,Melbourne,Australian Open,2012-01-19,Grand Slam,Outdoor,Hard,2nd Round,5,Benneteau J.,Simon G.,39.0,14.0,1030,2005.0,7.0,5.0,7.0,6.0,1.0,6.0,3.0,6.0,6.0,2.0,3.0,2.0,Completed,2.2,1.61,2.0,1.75,2.0,1.73,2.05,1.86,2.1,1.73,2.25,1.88,2.07,1.72
ATP,2012,6,Melbourne,Australian Open,2012-01-19,Grand Slam,Outdoor,Hard,2nd Round,5,Monfils G.,Bellucci T.,15.0,37.0,1970,1060.0,2.0,6.0,6.0,0.0,6.0,4.0,6.0,2.0,,,3.0,1.0,Completed,1.16,5.0,1.17,4.65,1.17,5.0,1.14,6.74,1.14,5.5,1.19,6.74,1.15,5.24
ATP,2012,6,Melbourne,Australian Open,2012-01-19,Grand Slam,Outdoor,Hard,2nd Round,5,Hewitt L.,Roddick A.,181.0,16.0,265,1880.0,3.0,6.0,6.0,3.0,6.0,4.0,,,,,2.0,1.0,Retired,3.75,1.25,3.75,1.25,3.75,1.29,4.3,1.26,3.75,1.25,4.36,1.3,3.77,1.25
ATP,2012,6,Melbourne,Australian Open,2012-01-20,Grand Slam,Outdoor,Hard,3rd Round,5,Nadal R.,Lacko L.,2.0,119.0,9595,491.0,6.0,2.0,6.0,4.0,6.0,2.0,,,,,3.0,0.0,Completed,1.01,21.0,1.02,15.0,1.02,13.0,1.02,21.5,1.01,23.0,1.04,23.0,1.02,14.46
ATP,2012,6,Melbourne,Australian Open,2012-01-20,Grand Slam,Outdoor,Hard,3rd Round,5,Federer R.,Karlovic I.,3.0,57.0,8010,842.0,7.0,6.0,7.0,5.0,6.0,3.0,,,,,3.0,0.0,Completed,1.02,17.0,1.03,12.0,1.03,11.0,1.02,25.01,1.03,11.0,1.05,25.69,1.03,13.0
ATP,2012,6,Melbourne,Australian Open,2012-01-20,Grand Slam,Outdoor,Hard,3rd Round,5,Berdych T.,Anderson K.,7.0,32.0,3700,1190.0,7.0,6.0,7.0,6.0,6.0,1.0,,,,,3.0,0.0,Completed,1.16,5.0,1.22,4.0,1.2,4.33,1.2,5.33,1.2,4.33,1.25,5.33,1.19,4.51
ATP,2012,6,Melbourne,Australian Open,2012-01-20,Grand Slam,Outdoor,Hard,3rd Round,5,Lopez F.,Isner J.,19.0,17.0,1755,1800.0,6.0,3.0,6.0,7.0,6.0,4.0,6.0,7.0,6.0,1.0,3.0,2.0,Completed,2.2,1.61,2.0,1.75,2.2,1.62,2.31,1.7,2.5,1.53,2.5,1.85,2.09,1.71
ATP,2012,6,Melbourne,Australian Open,2012-01-20,Grand Slam,Outdoor,Hard,3rd Round,5,Kohlschreiber P.,Falla A.,41.0,71.0,1005,696.0,6.0,3.0,6.0,2.0,7.0,6.0,,,,,3.0,0.0,Completed,1.36,3.0,1.35,3.0,1.4,2.75,1.41,3.21,1.36,3.0,1.42,4.33,1.38,2.96
ATP,2012,6,Melbourne,Australian Open,2012-01-20,Grand Slam,Outdoor,Hard,3rd Round,5,Almagro N.,Wawrinka S.,10.0,22.0,2380,1615.0,7.0,6.0,6.0,2.0,6.0,4.0,,,,,3.0,0.0,Completed,3.25,1.33,3.1,1.35,3.25,1.36,3.52,1.36,3.0,1.36,3.52,1.4,3.11,1.35
ATP,2012,6,Melbourne,Australian Open,2012-01-20,Grand Slam,Outdoor,Hard,3rd Round,5,Tomic B.,Dolgopolov O.,38.0,13.0,1048,2030.0,4.0,6.0,7.0,6.0,7.0,6.0,2.0,6.0,6.0,3.0,3.0,2.0,Completed,1.66,2.1,1.7,2.1,1.73,2.1,1.79,2.17,1.73,2.1,1.85,2.2,1.71,2.08
ATP,2012,6,Melbourne,Australian Open,2012-01-20,Grand Slam,Outdoor,Hard,3rd Round,5,Del Potro J.M.,Lu Y.H.,11.0,79.0,2315,661.0,6.0,2.0,6.0,3.0,6.0,0.0,,,,,3.0,0.0,Completed,1.06,10.0,1.07,7.22,1.06,8.5,1.07,11.5,1.06,8.5,1.09,11.75,1.06,8.59
ATP,2012,6,Melbourne,Australian Open,2012-01-21,Grand Slam,Outdoor,Hard,3rd Round,5,Tsonga J.W.,Gil F.,6.0,107.0,4335,537.0,6.0,2.0,6.0,2.0,6.0,2.0,,,,,3.0,0.0,Completed,1.01,21.0,1.03,12.0,1.02,15.0,1.02,26.0,1.01,15.0,1.03,26.0,1.02,15.07
ATP,2012,6,Melbourne,Australian Open,2012-01-21,Grand Slam,Outdoor,Hard,3rd Round,5,Ferrer D.,Chela J.I.,5.0,29.0,4925,1270.0,7.0,5.0,6.0,2.0,6.0,1.0,,,,,3.0,0.0,Completed,1.06,10.0,1.1,6.5,1.06,8.5,1.07,11.25,1.08,7.5,1.1,11.6,1.07,8.37
ATP,2012,6,Melbourne,Australian Open,2012-01-21,Grand Slam,Outdoor,Hard,3rd Round,5,Djokovic N.,Mahut N.,1.0,81.0,13630,653.0,6.0,0.0,6.0,1.0,6.0,1.0,,,,,3.0,0.0,Completed,1.002,34.0,1.01,20.0,1.0,51.0,1.01,71.0,1.0,81.0,1.01,71.0,1.01,26.87
ATP,2012,6,Melbourne,Australian Open,2012-01-21,Grand Slam,Outdoor,Hard,3rd Round,5,Gasquet R.,Tipsarevic J.,18.0,9.0,1765,2655.0,6.0,3.0,6.0,3.0,6.0,1.0,,,,,3.0,0.0,Completed,1.9,1.9,1.8,1.95,1.91,1.91,1.94,1.98,1.9,1.9,1.95,2.0,1.86,1.9
ATP,2012,6,Melbourne,Australian Open,2012-01-21,Grand Slam,Outdoor,Hard,3rd Round,5,Nishikori K.,Benneteau J.,26.0,39.0,1410,1030.0,4.0,6.0,7.0,6.0,7.0,6.0,6.0,3.0,,,3.0,1.0,Completed,1.8,2.0,1.75,2.0,1.8,2.0,1.84,2.1,1.8,2.0,1.91,2.1,1.79,1.97
ATP,2012,6,Melbourne,Australian Open,2012-01-21,Grand Slam,Outdoor,Hard,3rd Round,5,Kukushkin M.,Monfils G.,92.0,15.0,598,1970.0,6.0,2.0,7.0,5.0,5.0,7.0,1.0,6.0,6.0,4.0,3.0,2.0,Completed,7.0,1.1,6.0,1.11,6.5,1.1,7.1,1.14,6.5,1.11,8.0,1.14,6.35,1.11
ATP,2012,6,Melbourne,Australian Open,2012-01-21,Grand Slam,Outdoor,Hard,3rd Round,5,Murray A.,Llodra M.,4.0,46.0,7380,915.0,6.0,4.0,6.0,2.0,6.0,0.0,,,,,3.0,0.0,Completed,1.02,17.0,1.03,12.0,1.03,11.0,1.03,19.0,1.03,11.0,1.05,21.0,1.03,12.83
ATP,2012,6,Melbourne,Australian Open,2012-01-21,Grand Slam,Outdoor,Hard,3rd Round,5,Hewitt L.,Raonic M.,181.0,25.0,265,1460.0,4.0,6.0,6.0,3.0,7.0,6.0,6.0,3.0,,,3.0,1.0,Completed,3.25,1.33,3.4,1.3,3.4,1.33,3.31,1.39,3.5,1.29,3.75,1.4,3.29,1.32
ATP,2012,6,Melbourne,Australian Open,2012-01-22,Grand Slam,Outdoor,Hard,4th Round,5,Nadal R.,Lopez F.,2.0,19.0,9595,1755.0,6.0,4.0,6.0,4.0,6.0,2.0,,,,,3.0,0.0,Completed,1.05,11.0,1.07,8.0,1.06,8.0,1.06,12.0,1.04,10.0,1.08,12.0,1.05,9.11
ATP,2012,6,Melbourne,Australian Open,2012-01-22,Grand Slam,Outdoor,Hard,4th Round,5,Berdych T.,Almagro N.,7.0,10.0,3700,2380.0,4.0,6.0,7.0,6.0,7.0,6.0,7.0,6.0,,,3.0,1.0,Completed,1.22,4.33,1.22,4.0,1.25,4.0,1.19,5.69,1.22,4.0,1.26,5.69,1.22,4.19
ATP,2012,6,Melbourne,Australian Open,2012-01-22,Grand Slam,Outdoor,Hard,4th Round,5,Del Potro J.M.,Kohlschreiber P.,11.0,41.0,2315,1005.0,6.0,4.0,6.0,2.0,6.0,1.0,,,,,3.0,0.0,Completed,1.18,4.5,1.2,4.25,1.2,4.5,1.17,6.16,1.1,7.0,1.22,7.0,1.18,4.71
ATP,2012,6,Melbourne,Australian Open,2012-01-22,Grand Slam,Outdoor,Hard,4th Round,5,Federer R.,Tomic B.,3.0,38.0,8010,1048.0,6.0,4.0,6.0,2.0,6.0,2.0,,,,,3.0,0.0,Completed,1.07,9.0,1.08,6.75,1.1,7.0,1.09,10.2,1.07,8.0,1.1,10.2,1.08,7.55
ATP,2012,6,Melbourne,Australian Open,2012-01-23,Grand Slam,Outdoor,Hard,4th Round,5,Murray A.,Kukushkin M.,4.0,92.0,7380,598.0,6.0,1.0,6.0,1.0,1.0,0.0,,,,,2.0,0.0,Retired,1.01,23.0,1.02,15.0,1.02,13.0,1.02,25.5,1.0,34.0,1.04,34.0,1.02,15.43
ATP,2012,6,Melbourne,Australian Open,2012-01-23,Grand Slam,Outdoor,Hard,4th Round,5,Nishikori K.,Tsonga J.W.,26.0,6.0,1410,4335.0,2.0,6.0,6.0,2.0,6.0,1.0,3.0,6.0,6.0,3.0,3.0,2.0,Completed,5.0,1.16,4.5,1.18,4.5,1.2,4.92,1.22,5.0,1.17,5.26,1.25,4.52,1.19
ATP,2012,6,Melbourne,Australian Open,2012-01-23,Grand Slam,Outdoor,Hard,4th Round,5,Ferrer D.,Gasquet R.,5.0,18.0,4925,1765.0,6.0,4.0,6.0,4.0,6.0,1.0,,,,,3.0,0.0,Completed,1.44,2.75,1.45,2.7,1.44,2.75,1.57,2.61,1.5,2.63,1.57,2.88,1.47,2.64
ATP,2012,6,Melbourne,Australian Open,2012-01-23,Grand Slam,Outdoor,Hard,4th Round,5,Djokovic N.,Hewitt L.,1.0,181.0,13630,265.0,6.0,1.0,6.0,3.0,4.0,6.0,6.0,3.0,,,3.0,1.0,Completed,1.01,21.0,1.02,10.54,1.02,13.0,1.03,21.0,1.02,15.0,1.03,26.79,1.02,14.46
ATP,2012,6,Melbourne,Australian Open,2012-01-24,Grand Slam,Outdoor,Hard,Quarterfinals,5,Federer R.,Del Potro J.M.,3.0,11.0,8010,2315.0,6.0,4.0,6.0,3.0,6.0,2.0,,,,,3.0,0.0,Completed,1.28,3.9,1.3,3.4,1.3,3.4,1.33,3.76,1.29,3.5,1.33,3.9,1.28,3.59
ATP,2012,6,Melbourne,Australian Open,2012-01-24,Grand Slam,Outdoor,Hard,Quarterfinals,5,Nadal R.,Berdych T.,2.0,7.0,9595,3700.0,6.0,7.0,7.0,6.0,6.0,4.0,6.0,3.0,,,3.0,1.0,Completed,1.22,4.6,1.21,4.11,1.17,4.5,1.24,4.75,1.22,4.33,1.25,4.8,1.22,4.17
ATP,2012,6,Melbourne,Australian Open,2012-01-25,Grand Slam,Outdoor,Hard,Quarterfinals,5,Murray A.,Nishikori K.,4.0,26.0,7380,1410.0,6.0,3.0,6.0,3.0,6.0,1.0,,,,,3.0,0.0,Completed,1.07,10.0,1.07,8.0,1.07,7.5,1.07,11.5,1.06,8.5,1.1,11.5,1.07,8.53
ATP,2012,6,Melbourne,Australian Open,2012-01-25,Grand Slam,Outdoor,Hard,Quarterfinals,5,Djokovic N.,Ferrer D.,1.0,5.0,13630,4925.0,6.0,4.0,7.0,6.0,6.0,1.0,,,,,3.0,0.0,Completed,1.1,8.0,1.11,6.0,1.1,7.0,1.12,8.01,1.07,8.0,1.12,9.0,1.09,7.16
ATP,2012,6,Melbourne,Australian Open,2012-01-26,Grand Slam,Outdoor,Hard,Semifinals,5,Nadal R.,Federer R.,2.0,3.0,9595,8010.0,6.0,7.0,6.0,2.0,7.0,6.0,6.0,4.0,,,3.0,1.0,Completed,2.5,1.57,2.3,1.6,2.25,1.62,2.47,1.64,2.75,1.44,2.75,1.67,2.33,1.59
ATP,2012,6,Melbourne,Australian Open,2012-01-27,Grand Slam,Outdoor,Hard,Semifinals,5,Djokovic N.,Murray A.,1.0,4.0,13630,7380.0,6.0,3.0,3.0,6.0,6.0,7.0,6.0,1.0,7.0,5.0,3.0,2.0,Completed,1.36,3.3,1.38,2.85,1.44,2.62,1.39,3.37,1.4,3.0,1.44,3.4,1.36,3.1
ATP,2012,6,Melbourne,Australian Open,2012-01-29,Grand Slam,Outdoor,Hard,The Final,5,Djokovic N.,Nadal R.,1.0,2.0,13630,9595.0,5.0,7.0,6.0,4.0,6.0,2.0,6.0,7.0,7.0,5.0,3.0,2.0,Completed,1.66,2.3,1.7,2.1,1.57,2.25,1.68,2.37,1.67,2.2,1.78,2.37,1.67,2.21
ATP,2012,32,Paris,French Open,2012-05-27,Grand Slam,Outdoor,Clay,1st Round,5,Fognini F.,Mannarino A.,45.0,153.0,965,344.0,6.0,0.0,7.0,5.0,6.0,1.0,,,,,3.0,0.0,Completed,1.16,5.0,1.13,5.5,1.17,4.5,1.18,5.61,1.2,4.0,1.25,5.61,1.18,4.71
ATP,2012,32,Paris,French Open,2012-05-27,Grand Slam,Outdoor,Clay,1st Round,5,Cilic M.,Munoz-De La Nava D.,24.0,130.0,1380,427.0,6.0,4.0,6.0,4.0,7.0,5.0,,,,,3.0,0.0,Completed,1.07,9.0,1.07,8.0,1.08,7.0,1.08,9.9,1.08,6.5,1.1,9.9,1.07,7.81
ATP,2012,32,Paris,French Open,2012-05-27,Grand Slam,Outdoor,Clay,1st Round,5,Del Potro J.M.,Montanes A.,9.0,65.0,2910,715.0,6.0,2.0,6.0,7.0,6.0,2.0,6.0,1.0,,,3.0,1.0,Completed,1.02,19.0,1.02,15.0,1.02,13.0,1.02,26.0,1.03,10.0,1.03,26.52,1.02,14.95
ATP,2012,32,Paris,French Open,2012-05-27,Grand Slam,Outdoor,Clay,1st Round,5,Roger-Vasselin E.,Pospisil V.,82.0,101.0,625,535.0,3.0,6.0,6.0,3.0,6.0,2.0,6.0,2.0,,,3.0,1.0,Completed,1.14,5.5,1.2,4.25,1.17,4.5,1.19,5.46,1.2,4.0,1.23,5.5,1.18,4.73
ATP,2012,32,Paris,French Open,2012-05-27,Grand Slam,Outdoor,Clay,1st Round,5,Ferrero J.C.,Dasnieres de Veigy J.,41.0,158.0,990,333.0,6.0,1.0,6.0,4.0,6.0,3.0,,,,,3.0,0.0,Completed,1.14,5.5,1.13,5.5,1.2,4.5,1.19,5.46,1.14,5.0,1.2,6.68,1.15,5.29
ATP,2012,32,Paris,French Open,2012-05-27,Grand Slam,Outdoor,Clay,1st Round,5,Wawrinka S.,Cipolla F.,21.0,75.0,1505,656.0,6.0,3.0,6.0,3.0,4.0,6.0,3.0,6.0,6.0,2.0,3.0,2.0,Completed,1.04,13.0,1.05,9.0,1.06,8.0,1.05,14.0,1.07,7.0,1.08,14.4,1.05,9.89
ATP,2012,32,Paris,French Open,2012-05-27,Grand Slam,Outdoor,Clay,1st Round,5,Stebe C.M.,Souza J.,91.0,118.0,600,471.0,6.0,3.0,2.0,0.0,,,,,,,1.0,0.0,Retired,1.53,2.37,1.55,2.4,1.57,2.25,1.53,2.68,1.62,2.2,1.65,2.69,1.56,2.37
ATP,2012,32,Paris,French Open,2012-05-27,Grand Slam,Outdoor,Clay,1st Round,5,Andujar P.,Hanescu V.,36.0,146.0,1115,380.0,6.0,1.0,2.0,6.0,1.0,6.0,6.0,3.0,6.0,1.0,3.0,2.0,Completed,1.36,3.0,1.35,3.1,1.44,2.62,1.45,2.97,1.4,2.75,1.45,3.2,1.39,2.93
ATP,2012,32,Paris,French Open,2012-05-27,Grand Slam,Outdoor,Clay,1st Round,5,Verdasco F.,Darcis S.,16.0,61.0,1765,760.0,6.0,3.0,6.0,2.0,7.0,6.0,,,,,3.0,0.0,Completed,1.06,10.0,1.04,10.0,1.07,7.5,1.09,9.5,1.06,7.5,1.1,11.0,1.06,8.5
ATP,2012,32,Paris,French Open,2012-05-27,Grand Slam,Outdoor,Clay,1st Round,5,Muller G.,Sijsling I.,54.0,122.0,852,446.0,2.0,6.0,7.0,5.0,3.0,6.0,6.0,4.0,8.0,6.0,3.0,2.0,Completed,1.8,1.9,1.9,1.85,1.83,1.83,1.98,1.93,1.83,1.83,1.98,2.0,1.86,1.89
ATP,2012,32,Paris,French Open,2012-05-27,Grand Slam,Outdoor,Clay,1st Round,5,Berrer M.,Melzer J.,114.0,32.0,487,1182.0,6.0,7.0,4.0,6.0,6.0,2.0,6.0,2.0,6.0,3.0,3.0,2.0,Completed,3.75,1.25,3.4,1.3,3.4,1.3,3.81,1.31,3.5,1.25,3.85,1.33,3.51,1.29
ATP,2012,32,Paris,French Open,2012-05-27,Grand Slam,Outdoor,Clay,1st Round,5,Tsonga J.W.,Kuznetsov An.,5.0,160.0,4965,333.0,1.0,6.0,6.0,3.0,6.0,2.0,6.0,4.0,,,3.0,1.0,Completed,1.04,13.0,1.05,8.14,1.04,10.0,1.04,16.0,1.05,8.0,1.06,16.0,1.04,10.29
ATP,2012,32,Paris,French Open,2012-05-27,Grand Slam,Outdoor,Clay,1st Round,5,Devilder N.,Krajinovic F.,286.0,630.0,159,37.0,6.0,2.0,6.0,2.0,6.0,0.0,,,,,3.0,0.0,Completed,2.37,1.53,2.3,1.6,2.2,1.62,2.6,1.56,2.0,1.73,2.6,1.77,2.29,1.61
ATP,2012,32,Paris,French Open,2012-05-27,Grand Slam,Outdoor,Clay,1st Round,5,Mahut N.,Roddick A.,89.0,33.0,604,1180.0,6.0,3.0,6.0,3.0,4.0,6.0,6.0,2.0,,,3.0,1.0,Completed,2.2,1.61,2.0,1.75,2.25,1.62,2.27,1.71,2.0,1.73,2.33,1.75,2.15,1.67
ATP,2012,32,Paris,French Open,2012-05-28,Grand Slam,Outdoor,Clay,1st Round,5,Klizan M.,Dancevic F.,70.0,120.0,683,466.0,4.0,0.0,,,,,,,,,0.0,0.0,Retired,1.14,5.5,1.13,5.5,1.17,4.5,1.17,5.87,1.17,4.5,1.23,6.0,1.17,4.84
ATP,2012,32,Paris,French Open,2012-05-28,Grand Slam,Outdoor,Clay,1st Round,5,Kukushkin M.,Gulbis E.,53.0,93.0,853,596.0,6.0,4.0,7.0,6.0,5.0,7.0,2.0,6.0,6.0,4.0,3.0,2.0,Completed,1.53,2.37,1.6,2.3,1.57,2.25,1.6,2.51,1.53,2.38,1.67,2.55,1.56,2.36
ATP,2012,32,Paris,French Open,2012-05-28,Grand Slam,Outdoor,Clay,1st Round,5,Jaziri M.,Petzschner P.,94.0,98.0,595,557.0,6.0,3.0,7.0,5.0,7.0,6.0,,,,,3.0,0.0,Completed,1.8,1.9,1.88,1.88,1.83,1.83,1.81,2.1,1.91,1.8,2.1,2.1,1.87,1.88
ATP,2012,32,Paris,French Open,2012-05-28,Grand Slam,Outdoor,Clay,1st Round,5,Kavcic B.,Hewitt L.,99.0,176.0,557,290.0,7.0,6.0,6.0,3.0,6.0,7.0,6.0,3.0,,,3.0,1.0,Completed,1.66,2.1,1.7,2.1,1.67,2.1,1.68,2.33,1.73,2.0,1.83,2.33,1.69,2.12
ATP,2012,32,Paris,French Open,2012-05-28,Grand Slam,Outdoor,Clay,1st Round,5,Serra F.,Lopez F.,156.0,17.0,336,1725.0,5.0,0.0,,,,,,,,,0.0,0.0,Retired,2.2,1.61,2.3,1.6,2.38,1.53,2.69,1.53,2.38,1.53,3.69,1.65,2.38,1.56
ATP,2012,32,Paris,French Open,2012-05-28,Grand Slam,Outdoor,Clay,1st Round,5,Granollers M.,Sousa J.,23.0,137.0,1385,403.0,6.0,2.0,3.0,6.0,6.0,3.0,6.0,4.0,,,3.0,1.0,Completed,1.22,4.0,1.22,4.0,1.22,4.0,1.24,4.58,1.25,3.5,1.28,4.58,1.23,3.95
ATP,2012,32,Paris,French Open,2012-05-28,Grand Slam,Outdoor,Clay,1st Round,5,Seppi A.,Davydenko N.,25.0,47.0,1355,920.0,6.0,3.0,7.0,6.0,7.0,5.0,,,,,3.0,0.0,Completed,1.5,2.5,1.5,2.5,1.53,2.38,1.69,2.31,1.5,2.5,1.69,2.63,1.54,2.43
ATP,2012,32,Paris,French Open,2012-05-28,Grand Slam,Outdoor,Clay,1st Round,5,Federer R.,Kamke T.,3.0,78.0,9790,648.0,6.0,2.0,7.0,5.0,6.0,3.0,,,,,3.0,0.0,Completed,1.002,34.0,1.01,20.0,1.0,21.0,1.01,66.0,1.01,17.0,1.03,66.0,1.01,25.72
ATP,2012,32,Paris,French Open,2012-05-28,Grand Slam,Outdoor,Clay,1st Round,5,Ungur A.,Nalbandian D.,92.0,40.0,597,1005.0,6.0,3.0,5.0,7.0,6.0,4.0,7.0,5.0,,,3.0,1.0,Completed,15.0,1.03,10.0,1.04,8.5,1.05,16.0,1.04,7.5,1.06,16.0,1.06,10.59,1.04
ATP,2012,32,Paris,French Open,2012-05-28,Grand Slam,Outdoor,Clay,1st Round,5,Zeballos H.,Prodon E.,108.0,115.0,502,482.0,6.0,7.0,6.0,3.0,6.0,3.0,6.0,2.0,,,3.0,1.0,Completed,1.33,3.25,1.35,3.1,1.36,3.0,1.34,3.59,1.36,2.88,1.4,3.59,1.35,3.1
ATP,2012,32,Paris,French Open,2012-05-28,Grand Slam,Outdoor,Clay,1st Round,5,Levine J.,Becker B.,131.0,157.0,425,335.0,7.0,5.0,6.0,2.0,6.0,4.0,,,,,3.0,0.0,Completed,1.33,3.25,1.35,3.1,1.4,2.75,1.38,3.39,1.4,2.75,1.45,3.39,1.37,3.0
ATP,2012,32,Paris,French Open,2012-05-28,Grand Slam,Outdoor,Clay,1st Round,5,Kubot L.,Beck K.,49.0,104.0,876,521.0,7.0,5.0,6.0,2.0,7.0,5.0,,,,,3.0,0.0,Completed,1.07,9.0,1.1,6.5,1.1,6.5,1.06,12.25,1.1,6.0,1.11,12.46,1.08,8.08
ATP,2012,32,Paris,French Open,2012-05-28,Grand Slam,Outdoor,Clay,1st Round,5,Clement A.,Bogomolov A.,139.0,46.0,400,926.0,6.0,2.0,3.0,6.0,4.0,6.0,7.0,6.0,5.0,4.0,2.0,2.0,Retired,2.1,1.66,2.0,1.75,2.1,1.73,2.35,1.67,1.91,1.8,2.35,1.8,2.08,1.72
ATP,2012,32,Paris,French Open,2012-05-28,Grand Slam,Outdoor,Clay,1st Round,5,Giraldo S.,Falla A.,50.0,52.0,868,853.0,5.0,7.0,6.0,2.0,6.0,4.0,7.0,6.0,,,3.0,1.0,Completed,1.4,2.75,1.45,2.7,1.44,2.62,1.52,2.73,1.5,2.5,1.52,2.85,1.46,2.65
ATP,2012,32,Paris,French Open,2012-05-28,Grand Slam,Outdoor,Clay,1st Round,5,Isner J.,Dutra Silva R.,11.0,121.0,2620,451.0,6.0,3.0,6.0,4.0,6.0,4.0,,,,,3.0,0.0,Completed,1.08,8.0,1.07,8.0,1.1,7.0,1.12,7.71,1.1,6.0,1.12,8.45,1.09,7.1
ATP,2012,32,Paris,French Open,2012-05-28,Grand Slam,Outdoor,Clay,1st Round,5,Llodra M.,Garcia-Lopez G.,57.0,72.0,795,661.0,7.0,6.0,6.0,2.0,3.0,6.0,6.0,3.0,,,3.0,1.0,Completed,2.37,1.53,2.3,1.6,2.38,1.57,2.4,1.65,2.38,1.53,2.5,1.65,2.37,1.56
ATP,2012,32,Paris,French Open,2012-05-28,Grand Slam,Outdoor,Clay,1st Round,5,Troicki V.,Bellucci T.,28.0,66.0,1325,707.0,4.0,6.0,6.0,3.0,5.0,7.0,6.0,3.0,6.0,2.0,3.0,2.0,Completed,2.37,1.53,2.3,1.6,2.25,1.57,2.52,1.59,2.25,1.57,2.6,1.67,2.35,1.57
ATP,2012,32,Paris,French Open,2012-05-28,Grand Slam,Outdoor,Clay,1st Round,5,Djokovic N.,Starace P.,1.0,97.0,11800,558.0,7.0,6.0,6.0,3.0,6.0,1.0,,,,,3.0,0.0,Completed,1.002,34.0,1.01,11.74,1.0,26.0,1.01,71.0,1.01,17.0,1.01,71.0,1.01,27.69
ATP,2012,32,Paris,French Open,2012-05-28,Grand Slam,Outdoor,Clay,1st Round,5,Tomic B.,Haider-Maurer A.,29.0,155.0,1240,336.0,7.0,6.0,6.0,3.0,6.0,3.0,,,,,3.0,0.0,Completed,1.25,3.75,1.25,3.75,1.25,3.75,1.32,3.74,1.2,4.0,1.32,4.36,1.25,3.79
ATP,2012,32,Paris,French Open,2012-05-28,Grand Slam,Outdoor,Clay,1st Round,5,Anderson K.,Machado R.,34.0,80.0,1170,632.0,7.0,6.0,6.0,7.0,4.0,6.0,6.0,1.0,11.0,9.0,3.0,2.0,Completed,1.25,3.75,1.25,3.75,1.29,3.5,1.31,3.81,1.29,3.25,1.33,3.9,1.27,3.62
ATP,2012,32,Paris,French Open,2012-05-28,Grand Slam,Outdoor,Clay,1st Round,5,Kohlschreiber P.,Ebden M.,26.0,76.0,1345,654.0,6.0,4.0,6.0,4.0,7.0,6.0,,,,,3.0,0.0,Completed,1.04,13.0,1.07,8.0,1.08,7.0,1.06,12.5,1.08,6.5,1.1,13.0,1.06,9.1
ATP,2012,32,Paris,French Open,2012-05-28,Grand Slam,Outdoor,Clay,1st Round,5,Mathieu P.H.,Phau B.,261.0,84.0,185,620.0,2.0,6.0,4.0,6.0,6.0,4.0,6.0,3.0,6.0,0.0,3.0,2.0,Completed,1.28,3.5,1.25,3.75,1.36,3.0,1.31,3.87,1.36,2.88,1.38,4.0,1.31,3.4
ATP,2012,32,Paris,French Open,2012-05-28,Grand Slam,Outdoor,Clay,1st Round,5,Berdych T.,Sela D.,7.0,95.0,4515,592.0,6.0,3.0,6.0,4.0,6.0,1.0,,,,,3.0,0.0,Completed,1.01,26.0,1.01,20.0,1.02,13.0,1.02,28.5,1.02,13.0,1.02,34.0,1.01,18.82
ATP,2012,32,Paris,French Open,2012-05-28,Grand Slam,Outdoor,Clay,1st Round,5,Mayer L.,Rochus O.,62.0,63.0,749,725.0,6.0,3.0,6.0,4.0,2.0,6.0,6.0,4.0,,,3.0,1.0,Completed,1.4,2.75,1.4,2.85,1.5,2.5,1.46,2.93,1.5,2.5,1.53,2.93,1.47,2.63
ATP,2012,32,Paris,French Open,2012-05-28,Grand Slam,Outdoor,Clay,1st Round,5,Goffin D.,Stepanek R.,109.0,27.0,500,1340.0,6.0,2.0,4.0,6.0,2.0,6.0,6.0,4.0,6.0,2.0,3.0,2.0,Completed,2.75,1.4,2.85,1.4,3.0,1.36,3.0,1.45,3.25,1.29,3.46,1.45,2.94,1.39
ATP,2012,32,Paris,French Open,2012-05-28,Grand Slam,Outdoor,Clay,1st Round,5,Raonic M.,Ramirez-Hidalgo R.,22.0,74.0,1460,657.0,6.0,4.0,6.0,2.0,6.0,2.0,,,,,3.0,0.0,Completed,1.12,6.0,1.11,6.0,1.1,6.5,1.17,6.02,1.14,5.0,1.17,6.5,1.13,5.79
ATP,2012,32,Paris,French Open,2012-05-28,Grand Slam,Outdoor,Clay,1st Round,5,Simon G.,Harrison R.,12.0,56.0,2615,817.0,3.0,6.0,7.0,5.0,6.0,4.0,6.0,1.0,,,3.0,1.0,Completed,1.07,9.0,1.07,8.0,1.08,7.5,1.07,10.25,1.07,7.0,1.09,11.1,1.07,8.41
ATP,2012,32,Paris,French Open,2012-05-28,Grand Slam,Outdoor,Clay,1st Round,5,Baker B.,Malisse X.,141.0,77.0,393,651.0,6.0,3.0,7.0,6.0,7.0,6.0,,,,,3.0,0.0,Completed,1.5,2.5,1.6,2.3,1.57,2.25,1.54,2.66,1.53,2.38,1.66,2.66,1.55,2.4
ATP,2012,32,Paris,French Open,2012-05-29,Grand Slam,Outdoor,Clay,1st Round,5,Chardy J.,Lu Y.H.,55.0,60.0,834,770.0,6.0,4.0,6.0,1.0,6.0,7.0,3.0,6.0,11.0,9.0,3.0,2.0,Completed,1.12,6.0,1.16,5.0,1.14,5.0,1.15,6.48,1.17,4.5,1.17,6.48,1.15,5.28
ATP,2012,32,Paris,French Open,2012-05-29,Grand Slam,Outdoor,Clay,1st Round,5,Mayer F.,Gimeno-Traver D.,35.0,125.0,1150,444.0,6.0,4.0,6.0,2.0,6.0,3.0,,,,,3.0,0.0,Completed,1.22,4.0,1.25,3.75,1.3,3.4,1.29,4.05,1.25,3.5,1.3,4.1,1.27,3.66
ATP,2012,32,Paris,French Open,2012-05-29,Grand Slam,Outdoor,Clay,1st Round,5,Tipsarevic J.,Querrey S.,8.0,71.0,3110,670.0,2.0,6.0,6.0,4.0,7.0,6.0,6.0,3.0,,,3.0,1.0,Completed,1.14,5.5,1.18,4.5,1.17,5.0,1.2,5.16,1.2,4.0,1.2,5.54,1.17,4.85
ATP,2012,32,Paris,French Open,2012-05-29,Grand Slam,Outdoor,Clay,1st Round,5,Ferrer D.,Lacko L.,6.0,64.0,4640,723.0,6.0,3.0,6.0,4.0,6.0,1.0,,,,,3.0,0.0,Completed,1.01,26.0,1.01,20.0,1.01,21.0,1.01,76.0,1.01,17.0,1.01,76.0,1.01,26.16
ATP,2012,32,Paris,French Open,2012-05-29,Grand Slam,Outdoor,Clay,1st Round,5,Tursunov D.,Soeda G.,88.0,58.0,608,785.0,6.0,1.0,6.0,4.0,6.0,4.0,,,,,3.0,0.0,Completed,3.5,1.28,3.4,1.3,3.0,1.36,3.5,1.35,3.25,1.29,3.75,1.4,3.34,1.31
ATP,2012,32,Paris,French Open,2012-05-29,Grand Slam,Outdoor,Clay,1st Round,5,Schwank E.,Karlovic I.,192.0,59.0,270,776.0,6.0,4.0,6.0,0.0,6.0,3.0,,,,,3.0,0.0,Completed,1.4,2.75,1.4,2.85,1.4,2.75,1.51,2.75,1.33,3.0,1.51,3.16,1.42,2.78
ATP,2012,32,Paris,French Open,2012-05-29,Grand Slam,Outdoor,Clay,1st Round,5,Gasquet R.,Zopp J.,20.0,103.0,1600,526.0,6.0,3.0,6.0,4.0,7.0,6.0,,,,,3.0,0.0,Completed,1.04,13.0,1.03,12.0,1.05,9.0,1.05,13.0,1.05,8.0,1.07,16.0,1.04,10.81
ATP,2012,32,Paris,French Open,2012-05-29,Grand Slam,Outdoor,Clay,1st Round,5,Dimitrov G.,Young D.,87.0,51.0,611,866.0,7.0,6.0,6.0,1.0,6.0,1.0,,,,,3.0,0.0,Completed,1.22,4.0,1.22,4.0,1.2,4.33,1.24,4.58,1.2,4.0,1.27,4.75,1.22,4.08
ATP,2012,32,Paris,French Open,2012-05-29,Grand Slam,Outdoor,Clay,1st Round,5,Stakhovsky S.,Dolgopolov O.,83.0,19.0,620,1665.0,6.0,7.0,6.0,4.0,7.0,6.0,3.0,6.0,6.0,3.0,3.0,2.0,Completed,4.5,1.18,4.25,1.2,4.33,1.22,4.9,1.22,4.5,1.17,5.15,1.22,4.51,1.19
ATP,2012,32,Paris,French Open,2012-05-29,Grand Slam,Outdoor,Clay,1st Round,5,Paire B.,Ramos A.,69.0,38.0,685,1030.0,7.0,6.0,6.0,4.0,6.0,7.0,6.0,3.0,,,3.0,1.0,Completed,3.25,1.33,3.1,1.35,3.25,1.33,3.01,1.44,3.25,1.29,3.46,1.44,3.09,1.36
ATP,2012,32,Paris,French Open,2012-05-29,Grand Slam,Outdoor,Clay,1st Round,5,Benneteau J.,Zverev M.,31.0,212.0,1190,243.0,6.0,2.0,6.0,7.0,6.0,4.0,6.0,4.0,,,3.0,1.0,Completed,1.57,2.25,1.6,2.3,1.57,2.25,1.63,2.45,1.44,2.63,1.67,2.63,1.59,2.3
ATP,2012,32,Paris,French Open,2012-05-29,Grand Slam,Outdoor,Clay,1st Round,5,Nieminen J.,Andreev I.,48.0,85.0,897,612.0,3.0,6.0,6.0,2.0,2.0,1.0,,,,,1.0,1.0,Retired,1.53,2.37,1.6,2.3,1.57,2.25,1.61,2.47,1.62,2.2,1.67,2.48,1.6,2.29
ATP,2012,32,Paris,French Open,2012-05-29,Grand Slam,Outdoor,Clay,1st Round,5,Rosol L.,Berlocq C.,79.0,37.0,636,1085.0,6.0,4.0,7.0,5.0,6.0,7.0,6.0,2.0,,,3.0,1.0,Completed,4.33,1.2,4.0,1.22,3.75,1.25,4.34,1.26,4.0,1.2,4.53,1.27,4.12,1.22
ATP,2012,32,Paris,French Open,2012-05-29,Grand Slam,Outdoor,Clay,1st Round,5,Nadal R.,Bolelli S.,2.0,111.0,10060,494.0,6.0,2.0,6.0,2.0,6.0,1.0,,,,,3.0,0.0,Completed,,41.0,1.01,20.0,,41.0,1.01,76.0,,26.0,1.01,100.0,1.01,33.24
ATP,2012,32,Paris,French Open,2012-05-29,Grand Slam,Outdoor,Clay,1st Round,5,Almagro N.,Lorenzi P.,13.0,86.0,2255,612.0,6.0,3.0,7.0,5.0,6.0,4.0,,,,,3.0,0.0,Completed,1.02,19.0,1.03,12.0,1.03,11.0,1.02,22.73,1.05,8.0,1.05,21.0,1.03,12.65
ATP,2012,32,Paris,French Open,2012-05-29,Grand Slam,Outdoor,Clay,1st Round,5,Haas T.,Volandri F.,112.0,81.0,493,630.0,6.0,3.0,0.0,6.0,6.0,4.0,6.0,4.0,,,3.0,1.0,Completed,1.36,3.0,1.35,3.1,1.4,2.75,1.38,3.33,1.4,2.75,1.42,3.49,1.37,3.03
ATP,2012,32,Paris,French Open,2012-05-29,Grand Slam,Outdoor,Clay,1st Round,5,Monaco J.,Rufin G.,15.0,150.0,1945,352.0,6.0,2.0,2.0,6.0,6.0,2.0,7.0,6.0,,,3.0,1.0,Completed,1.07,9.0,1.07,8.0,1.07,8.0,1.07,10.5,1.08,6.5,1.1,10.5,1.07,8.13
ATP,2012,32,Paris,French Open,2012-05-29,Grand Slam,Outdoor,Clay,1st Round,5,Istomin D.,Kunitsyn I.,43.0,102.0,972,526.0,6.0,2.0,6.0,1.0,6.0,2.0,,,,,3.0,0.0,Completed,1.22,4.0,1.25,3.75,1.3,3.4,1.25,4.4,1.29,3.25,1.3,4.45,1.25,3.85
ATP,2012,32,Paris,French Open,2012-05-29,Grand Slam,Outdoor,Clay,1st Round,5,Haase R.,Dodig I.,39.0,73.0,1010,660.0,6.0,2.0,6.0,2.0,6.0,1.0,,,,,3.0,0.0,Completed,1.2,4.33,1.25,3.75,1.22,4.0,1.22,4.85,1.22,3.75,1.25,4.85,1.22,4.15
ATP,2012,32,Paris,French Open,2012-05-29,Grand Slam,Outdoor,Clay,1st Round,5,Murray A.,Ito T.,4.0,68.0,7500,690.0,6.0,1.0,7.0,5.0,6.0,0.0,,,,,3.0,0.0,Completed,1.01,23.0,1.01,20.0,1.02,13.0,1.03,18.0,1.02,13.0,1.03,27.1,1.02,16.13
ATP,2012,32,Paris,French Open,2012-05-29,Grand Slam,Outdoor,Clay,1st Round,5,Baghdatis M.,Chela J.I.,42.0,44.0,990,970.0,6.0,3.0,6.0,3.0,6.0,1.0,,,,,3.0,0.0,Completed,1.66,2.1,1.7,2.1,1.67,2.1,1.68,2.31,1.67,2.1,1.8,2.4,1.68,2.13
ATP,2012,32,Paris,French Open,2012-05-29,Grand Slam,Outdoor,Clay,1st Round,5,Youzhny M.,Blake J.,30.0,96.0,1210,572.0,6.0,2.0,6.0,1.0,6.0,2.0,,,,,3.0,0.0,Completed,1.07,9.0,1.07,8.0,1.08,7.0,1.11,8.25,1.08,6.5,1.11,9.52,1.08,7.59
ATP,2012,32,Paris,French Open,2012-05-30,Grand Slam,Outdoor,Clay,2nd Round,5,Djokovic N.,Kavcic B.,1.0,99.0,11800,557.0,6.0,0.0,6.0,4.0,6.0,4.0,,,,,3.0,0.0,Completed,1.0,41.0,1.01,20.0,1.0,26.0,1.01,71.0,1.0,23.0,1.01,71.0,1.01,26.41
ATP,2012,32,Paris,French Open,2012-05-30,Grand Slam,Outdoor,Clay,2nd Round,5,Del Potro J.M.,Roger-Vasselin E.,9.0,82.0,2910,625.0,6.0,7.0,7.0,6.0,6.0,4.0,6.0,4.0,,,3.0,1.0,Completed,1.04,13.0,1.05,9.0,1.06,8.5,1.05,13.0,1.04,9.0,1.07,14.65,1.04,10.52
ATP,2012,32,Paris,French Open,2012-05-30,Grand Slam,Outdoor,Clay,2nd Round,5,Cilic M.,Ferrero J.C.,24.0,41.0,1380,990.0,7.0,6.0,6.0,2.0,6.0,3.0,,,,,3.0,0.0,Completed,1.61,2.2,1.65,2.2,1.53,2.38,1.72,2.26,1.62,2.25,1.72,2.38,1.63,2.23
ATP,2012,32,Paris,French Open,2012-05-30,Grand Slam,Outdoor,Clay,2nd Round,5,Seppi A.,Kukushkin M.,25.0,53.0,1355,853.0,6.0,7.0,6.0,2.0,2.0,6.0,6.0,1.0,6.0,2.0,3.0,2.0,Completed,1.28,3.5,1.3,3.4,1.36,3.0,1.38,3.31,1.22,4.0,1.4,4.0,1.3,3.44
ATP,2012,32,Paris,French Open,2012-05-30,Grand Slam,Outdoor,Clay,2nd Round,5,Federer R.,Ungur A.,3.0,92.0,9790,597.0,6.0,3.0,6.0,2.0,6.0,7.0,6.0,3.0,,,3.0,1.0,Completed,1.002,34.0,1.01,20.0,1.0,26.0,1.01,51.0,1.01,21.0,1.03,62.75,1.01,25.54
ATP,2012,32,Paris,French Open,2012-05-30,Grand Slam,Outdoor,Clay,2nd Round,5,Devilder N.,Berrer M.,286.0,114.0,159,487.0,7.0,6.0,6.0,4.0,6.0,2.0,,,,,3.0,0.0,Completed,2.1,1.66,2.1,1.7,2.1,1.67,1.98,1.93,2.1,1.73,2.2,1.93,2.05,1.74
ATP,2012,32,Paris,French Open,2012-05-30,Grand Slam,Outdoor,Clay,2nd Round,5,Berdych T.,Llodra M.,7.0,57.0,4515,795.0,6.0,2.0,6.0,3.0,6.0,3.0,,,,,3.0,0.0,Completed,1.11,6.5,1.11,6.0,1.08,7.5,1.13,7.21,1.13,6.0,1.13,7.5,1.1,6.58
ATP,2012,32,Paris,French Open,2012-05-30,Grand Slam,Outdoor,Clay,2nd Round,5,Anderson K.,Zeballos H.,34.0,108.0,1170,502.0,6.0,3.0,3.0,6.0,6.0,3.0,6.0,0.0,,,3.0,1.0,Completed,1.57,2.25,1.6,2.3,1.57,2.25,1.74,2.23,1.57,2.38,1.76,2.38,1.64,2.22
ATP,2012,32,Paris,French Open,2012-05-30,Grand Slam,Outdoor,Clay,2nd Round,5,Simon G.,Baker B.,12.0,141.0,2615,393.0,6.0,4.0,6.0,1.0,6.0,7.0,1.0,6.0,6.0,0.0,3.0,2.0,Completed,1.22,4.0,1.25,3.75,1.29,3.75,1.28,4.14,1.29,3.5,1.3,4.25,1.27,3.72
ATP,2012,32,Paris,French Open,2012-05-30,Grand Slam,Outdoor,Clay,2nd Round,5,Verdasco F.,Muller G.,16.0,54.0,1765,852.0,6.0,7.0,6.0,3.0,6.0,2.0,6.0,2.0,,,3.0,1.0,Completed,1.05,11.0,1.05,9.0,1.05,9.0,1.09,9.16,1.08,7.5,1.09,11.0,1.06,8.78
ATP,2012,32,Paris,French Open,2012-05-30,Grand Slam,Outdoor,Clay,2nd Round,5,Wawrinka S.,Andujar P.,21.0,36.0,1505,1115.0,7.0,6.0,6.0,7.0,6.0,2.0,6.0,1.0,,,3.0,1.0,Completed,1.18,4.5,1.25,3.75,1.22,4.0,1.21,5.12,1.29,3.5,1.29,5.12,1.22,4.12
ATP,2012,32,Paris,French Open,2012-05-30,Grand Slam,Outdoor,Clay,2nd Round,5,Mahut N.,Klizan M.,89.0,70.0,604,683.0,4.0,6.0,6.0,4.0,7.0,6.0,6.0,3.0,,,3.0,1.0,Completed,2.62,1.44,2.5,1.5,2.75,1.44,2.44,1.63,2.88,1.4,2.88,1.63,2.57,1.49
ATP,2012,32,Paris,French Open,2012-05-30,Grand Slam,Outdoor,Clay,2nd Round,5,Kubot L.,Serra F.,49.0,156.0,876,336.0,7.0,6.0,6.0,2.0,7.0,6.0,,,,,3.0,0.0,Completed,1.44,2.62,1.45,2.7,1.5,2.5,1.5,2.8,1.44,2.75,1.51,2.85,1.46,2.66
ATP,2012,32,Paris,French Open,2012-05-31,Grand Slam,Outdoor,Clay,2nd Round,5,Monaco J.,Rosol L.,15.0,79.0,1945,636.0,7.0,6.0,6.0,0.0,7.0,6.0,,,,,3.0,0.0,Completed,1.12,6.0,1.13,5.5,1.14,5.5,1.15,6.57,1.13,6.0,1.15,7.0,1.13,5.8
ATP,2012,32,Paris,French Open,2012-05-31,Grand Slam,Outdoor,Clay,2nd Round,5,Murray A.,Nieminen J.,4.0,48.0,7500,897.0,1.0,6.0,6.0,4.0,6.0,1.0,6.0,2.0,,,3.0,1.0,Completed,1.04,13.0,1.06,7.9,1.05,9.0,1.05,13.0,1.07,8.0,1.07,13.0,1.05,9.56
ATP,2012,32,Paris,French Open,2012-05-31,Grand Slam,Outdoor,Clay,2nd Round,5,Ferrer D.,Paire B.,6.0,69.0,4640,685.0,6.0,3.0,6.0,3.0,6.0,2.0,,,,,3.0,0.0,Completed,1.01,21.0,1.03,11.0,1.03,11.0,1.02,23.5,1.03,11.0,1.04,25.95,1.02,14.45
ATP,2012,32,Paris,French Open,2012-05-31,Grand Slam,Outdoor,Clay,2nd Round,5,Raonic M.,Levine J.,22.0,131.0,1460,425.0,6.0,4.0,7.0,5.0,6.0,2.0,,,,,3.0,0.0,Completed,1.05,11.0,1.07,8.0,1.08,7.0,1.07,10.25,1.08,7.5,1.1,12.75,1.07,8.59
ATP,2012,32,Paris,French Open,2012-05-31,Grand Slam,Outdoor,Clay,2nd Round,5,Giraldo S.,Tomic B.,50.0,29.0,868,1240.0,6.0,4.0,6.0,1.0,6.0,3.0,,,,,3.0,0.0,Completed,1.83,1.83,1.88,1.88,2.0,1.73,1.94,1.96,2.0,1.8,2.0,1.96,1.92,1.84
ATP,2012,32,Paris,French Open,2012-05-31,Grand Slam,Outdoor,Clay,2nd Round,5,Tsonga J.W.,Stebe C.M.,5.0,91.0,4965,600.0,6.0,2.0,4.0,6.0,6.0,2.0,6.0,1.0,,,3.0,1.0,Completed,1.05,11.0,1.04,10.0,1.06,8.5,1.06,12.5,1.05,9.0,1.07,13.0,1.05,9.55
ATP,2012,32,Paris,French Open,2012-05-31,Grand Slam,Outdoor,Clay,2nd Round,5,Youzhny M.,Haase R.,30.0,39.0,1210,1010.0,6.0,3.0,7.0,6.0,6.0,4.0,,,,,3.0,0.0,Completed,1.5,2.5,1.6,2.3,1.53,2.38,1.67,2.36,1.57,2.38,1.67,2.55,1.58,2.35
ATP,2012,32,Paris,French Open,2012-05-31,Grand Slam,Outdoor,Clay,2nd Round,5,Goffin D.,Clement A.,109.0,139.0,500,400.0,3.0,6.0,7.0,6.0,0.0,6.0,6.0,2.0,6.0,1.0,3.0,2.0,Completed,1.28,3.5,1.3,3.4,1.3,3.5,1.29,3.97,1.29,3.5,1.35,3.97,1.31,3.41
ATP,2012,32,Paris,French Open,2012-05-31,Grand Slam,Outdoor,Clay,2nd Round,5,Fognini F.,Troicki V.,45.0,28.0,965,1325.0,6.0,2.0,3.0,6.0,4.0,6.0,6.0,3.0,8.0,6.0,3.0,2.0,Completed,1.9,1.8,1.9,1.85,1.83,1.83,2.08,1.84,1.8,2.0,2.05,2.0,1.88,1.87
ATP,2012,32,Paris,French Open,2012-05-31,Grand Slam,Outdoor,Clay,2nd Round,5,Nadal R.,Istomin D.,2.0,43.0,10060,972.0,6.0,2.0,6.0,2.0,6.0,0.0,,,,,3.0,0.0,Completed,,41.0,1.01,12.5,,41.0,1.01,71.0,,23.0,1.01,71.0,1.01,29.0
ATP,2012,32,Paris,French Open,2012-05-31,Grand Slam,Outdoor,Clay,2nd Round,5,Almagro N.,Baghdatis M.,13.0,42.0,2255,990.0,6.0,4.0,6.0,3.0,7.0,5.0,,,,,3.0,0.0,Completed,1.1,7.0,1.11,6.0,1.12,6.0,1.13,7.65,1.13,6.0,1.15,8.7,1.11,6.52
ATP,2012,32,Paris,French Open,2012-05-31,Grand Slam,Outdoor,Clay,2nd Round,5,Schwank E.,Mayer F.,192.0,35.0,270,1150.0,2.0,6.0,6.0,3.0,6.0,4.0,7.0,6.0,,,3.0,1.0,Completed,3.4,1.3,3.2,1.33,3.5,1.29,3.43,1.36,3.75,1.25,3.75,1.36,3.32,1.32
ATP,2012,32,Paris,French Open,2012-05-31,Grand Slam,Outdoor,Clay,2nd Round,5,Mayer L.,Kohlschreiber P.,62.0,26.0,749,1345.0,7.0,6.0,7.0,6.0,7.0,5.0,,,,,3.0,0.0,Completed,3.75,1.25,3.4,1.3,3.25,1.33,4.1,1.28,3.5,1.29,4.1,1.33,3.58,1.28
ATP,2012,32,Paris,French Open,2012-05-31,Grand Slam,Outdoor,Clay,2nd Round,5,Mathieu P.H.,Isner J.,261.0,11.0,185,2620.0,6.0,7.0,6.0,4.0,6.0,4.0,3.0,6.0,18.0,16.0,3.0,2.0,Completed,4.5,1.18,4.0,1.22,4.5,1.2,4.93,1.22,4.5,1.2,5.1,1.23,4.39,1.2
ATP,2012,32,Paris,French Open,2012-05-31,Grand Slam,Outdoor,Clay,2nd Round,5,Benneteau J.,Tursunov D.,31.0,88.0,1190,608.0,6.0,4.0,6.0,4.0,6.0,4.0,,,,,3.0,0.0,Completed,1.3,3.4,1.35,3.1,1.33,3.4,1.33,3.7,1.36,3.0,1.38,3.7,1.34,3.2
ATP,2012,32,Paris,French Open,2012-05-31,Grand Slam,Outdoor,Clay,2nd Round,5,Tipsarevic J.,Chardy J.,8.0,55.0,3110,834.0,7.0,6.0,6.0,1.0,7.0,5.0,,,,,3.0,0.0,Completed,1.12,6.0,1.16,5.0,1.17,5.0,1.17,6.02,1.17,5.0,1.2,6.02,1.16,5.1
ATP,2012,32,Paris,French Open,2012-05-31,Grand Slam,Outdoor,Clay,2nd Round,5,Gasquet R.,Dimitrov G.,20.0,87.0,1600,611.0,5.0,7.0,7.0,5.0,6.0,2.0,6.0,3.0,,,3.0,1.0,Completed,1.1,7.0,1.11,6.0,1.14,5.5,1.13,7.04,1.17,5.0,1.17,7.04,1.13,5.88
ATP,2012,32,Paris,French Open,2012-05-31,Grand Slam,Outdoor,Clay,2nd Round,5,Haas T.,Stakhovsky S.,112.0,83.0,493,620.0,6.0,2.0,6.0,3.0,6.0,2.0,,,,,3.0,0.0,Completed,1.44,2.62,1.45,2.65,1.44,2.62,1.54,2.66,1.4,2.88,1.56,2.88,1.48,2.6
ATP,2012,32,Paris,French Open,2012-06-01,Grand Slam,Outdoor,Clay,2nd Round,5,Granollers M.,Jaziri M.,23.0,94.0,1385,595.0,7.0,6.0,3.0,6.0,6.0,1.0,3.0,6.0,7.0,5.0,3.0,2.0,Completed,1.25,3.75,1.3,3.4,1.33,3.25,1.3,3.89,1.25,3.75,1.35,3.99,1.3,3.47
ATP,2012,32,Paris,French Open,2012-06-01,Grand Slam,Outdoor,Clay,3rd Round,5,Berdych T.,Anderson K.,7.0,34.0,4515,1170.0,6.0,4.0,3.0,6.0,6.0,7.0,6.0,4.0,6.0,4.0,3.0,2.0,Completed,1.04,13.0,1.05,9.0,1.05,9.0,1.05,15.5,1.06,9.0,1.08,15.5,1.05,9.98
ATP,2012,32,Paris,French Open,2012-06-01,Grand Slam,Outdoor,Clay,3rd Round,5,Tsonga J.W.,Fognini F.,5.0,45.0,4965,965.0,7.0,5.0,6.0,4.0,6.0,4.0,,,,,3.0,0.0,Completed,1.16,5.0,1.16,5.0,1.22,4.33,1.19,5.61,1.2,4.5,1.22,5.61,1.18,4.7
ATP,2012,32,Paris,French Open,2012-06-01,Grand Slam,Outdoor,Clay,3rd Round,5,Wawrinka S.,Simon G.,21.0,12.0,1505,2615.0,7.0,5.0,6.0,7.0,6.0,7.0,6.0,3.0,6.0,2.0,3.0,2.0,Completed,1.66,2.2,1.7,2.1,1.73,2.1,1.71,2.29,1.67,2.2,1.75,2.35,1.68,2.15
ATP,2012,32,Paris,French Open,2012-06-01,Grand Slam,Outdoor,Clay,3rd Round,5,Seppi A.,Verdasco F.,25.0,16.0,1355,1765.0,7.0,5.0,3.0,6.0,6.0,3.0,4.0,6.0,6.0,2.0,3.0,2.0,Completed,3.25,1.36,3.1,1.35,3.0,1.4,3.35,1.39,3.0,1.36,3.4,1.4,3.09,1.36
ATP,2012,32,Paris,French Open,2012-06-01,Grand Slam,Outdoor,Clay,3rd Round,5,Goffin D.,Kubot L.,109.0,49.0,500,876.0,7.0,6.0,7.0,5.0,6.0,1.0,,,,,3.0,0.0,Completed,2.5,1.53,2.4,1.55,2.5,1.53,2.56,1.58,2.63,1.5,2.68,1.59,2.47,1.53
ATP,2012,32,Paris,French Open,2012-06-01,Grand Slam,Outdoor,Clay,3rd Round,5,Del Potro J.M.,Cilic M.,9.0,24.0,2910,1380.0,6.0,3.0,7.0,6.0,6.0,1.0,,,,,3.0,0.0,Completed,1.3,3.5,1.3,3.4,1.33,3.4,1.33,3.75,1.33,3.25,1.36,3.9,1.31,3.39
ATP,2012,32,Paris,French Open,2012-06-01,Grand Slam,Outdoor,Clay,3rd Round,5,Federer R.,Mahut N.,3.0,89.0,9790,604.0,6.0,3.0,4.0,6.0,6.0,2.0,7.0,5.0,,,3.0,1.0,Completed,1.01,26.0,1.01,20.0,1.01,21.0,1.01,71.0,1.02,11.0,1.02,71.0,1.01,22.71
ATP,2012,32,Paris,French Open,2012-06-01,Grand Slam,Outdoor,Clay,3rd Round,5,Djokovic N.,Devilder N.,1.0,286.0,11800,159.0,6.0,1.0,6.0,2.0,6.0,2.0,,,,,3.0,0.0,Completed,1.0,41.0,1.01,20.0,1.0,41.0,1.01,51.0,1.0,23.0,1.01,60.45,1.01,29.56
ATP,2012,32,Paris,French Open,2012-06-02,Grand Slam,Outdoor,Clay,3rd Round,5,Ferrer D.,Youzhny M.,6.0,30.0,4640,1210.0,6.0,0.0,6.0,2.0,6.0,2.0,,,,,3.0,0.0,Completed,1.1,7.0,1.13,5.5,1.11,6.5,1.13,7.29,1.1,7.0,1.15,7.29,1.11,6.24
ATP,2012,32,Paris,French Open,2012-06-02,Grand Slam,Outdoor,Clay,3rd Round,5,Almagro N.,Mayer L.,13.0,62.0,2255,749.0,6.0,4.0,6.0,1.0,6.0,2.0,,,,,3.0,0.0,Completed,1.08,8.0,1.1,6.5,1.1,7.0,1.11,8.4,1.1,7.0,1.12,8.4,1.1,6.78
ATP,2012,32,Paris,French Open,2012-06-02,Grand Slam,Outdoor,Clay,3rd Round,5,Tipsarevic J.,Benneteau J.,8.0,31.0,3110,1190.0,6.0,3.0,7.0,5.0,6.0,4.0,,,,,3.0,0.0,Completed,1.28,3.75,1.25,3.75,1.25,4.0,1.29,4.14,1.29,3.5,1.33,4.14,1.28,3.6
ATP,2012,32,Paris,French Open,2012-06-02,Grand Slam,Outdoor,Clay,3rd Round,5,Murray A.,Giraldo S.,4.0,50.0,7500,868.0,6.0,3.0,6.0,4.0,6.0,4.0,,,,,3.0,0.0,Completed,1.25,4.0,1.3,3.45,1.25,4.0,1.27,4.26,1.22,4.33,1.37,4.33,1.27,3.73
ATP,2012,32,Paris,French Open,2012-06-02,Grand Slam,Outdoor,Clay,3rd Round,5,Gasquet R.,Haas T.,20.0,112.0,1600,493.0,6.0,7.0,6.0,3.0,6.0,0.0,6.0,0.0,,,3.0,1.0,Completed,1.33,3.4,1.35,3.1,1.3,3.5,1.35,3.58,1.36,3.0,1.4,3.58,1.34,3.23
ATP,2012,32,Paris,French Open,2012-06-02,Grand Slam,Outdoor,Clay,3rd Round,5,Monaco J.,Raonic M.,15.0,22.0,1945,1460.0,6.0,7.0,6.0,3.0,6.0,7.0,6.0,3.0,6.0,4.0,3.0,2.0,Completed,1.9,1.9,1.85,1.9,1.91,1.91,1.91,2.02,1.9,1.91,2.1,2.07,1.86,1.9
ATP,2012,32,Paris,French Open,2012-06-02,Grand Slam,Outdoor,Clay,3rd Round,5,Granollers M.,Mathieu P.H.,23.0,261.0,1385,185.0,6.0,4.0,6.0,4.0,1.0,6.0,4.0,6.0,6.0,1.0,3.0,2.0,Completed,1.72,2.1,1.7,2.1,1.73,2.1,1.76,2.22,1.73,2.1,1.8,2.22,1.74,2.06
ATP,2012,32,Paris,French Open,2012-06-02,Grand Slam,Outdoor,Clay,3rd Round,5,Nadal R.,Schwank E.,2.0,192.0,10060,270.0,6.0,1.0,6.0,3.0,6.0,4.0,,,,,3.0,0.0,Completed,,41.0,1.01,20.0,,41.0,1.01,81.0,,23.0,1.01,88.5,1.01,35.54
ATP,2012,32,Paris,French Open,2012-06-03,Grand Slam,Outdoor,Clay,4th Round,5,Djokovic N.,Seppi A.,1.0,25.0,11800,1355.0,4.0,6.0,6.0,7.0,6.0,3.0,7.0,5.0,6.0,3.0,3.0,2.0,Completed,1.02,19.0,1.03,12.0,1.02,13.0,1.02,26.0,1.02,13.0,1.03,27.1,1.02,16.05
ATP,2012,32,Paris,French Open,2012-06-03,Grand Slam,Outdoor,Clay,4th Round,5,Federer R.,Goffin D.,3.0,109.0,9790,500.0,5.0,7.0,7.0,5.0,6.0,2.0,6.0,4.0,,,3.0,1.0,Completed,1.01,26.0,1.02,15.0,1.01,15.0,1.01,31.0,1.01,19.0,1.02,34.0,1.01,19.54
ATP,2012,32,Paris,French Open,2012-06-04,Grand Slam,Outdoor,Clay,4th Round,5,Ferrer D.,Granollers M.,6.0,23.0,4640,1385.0,6.0,3.0,6.0,2.0,6.0,0.0,,,,,3.0,0.0,Completed,1.02,19.0,1.02,15.0,1.03,11.0,1.04,17.0,1.02,13.0,1.04,20.0,1.02,14.15
ATP,2012,32,Paris,French Open,2012-06-04,Grand Slam,Outdoor,Clay,4th Round,5,Almagro N.,Tipsarevic J.,13.0,8.0,2255,3110.0,6.0,4.0,6.0,4.0,6.0,4.0,,,,,3.0,0.0,Completed,1.44,2.75,1.4,2.85,1.44,2.75,1.45,3.02,1.44,2.75,1.46,3.02,1.43,2.79
ATP,2012,32,Paris,French Open,2012-06-04,Grand Slam,Outdoor,Clay,4th Round,5,Tsonga J.W.,Wawrinka S.,5.0,21.0,4965,1505.0,6.0,4.0,7.0,6.0,3.0,6.0,3.0,6.0,6.0,4.0,3.0,2.0,Completed,1.66,2.2,1.69,2.15,1.73,2.1,1.73,2.26,1.73,2.1,1.78,2.3,1.7,2.11
ATP,2012,32,Paris,French Open,2012-06-04,Grand Slam,Outdoor,Clay,4th Round,5,Del Potro J.M.,Berdych T.,9.0,7.0,2910,4515.0,7.0,6.0,1.0,6.0,6.0,3.0,7.0,5.0,,,3.0,1.0,Completed,1.72,2.1,1.75,2.0,1.73,2.1,1.83,2.12,1.8,2.0,1.82,2.25,1.74,2.06
ATP,2012,32,Paris,French Open,2012-06-04,Grand Slam,Outdoor,Clay,4th Round,5,Nadal R.,Monaco J.,2.0,15.0,10060,1945.0,6.0,2.0,6.0,0.0,6.0,0.0,,,,,3.0,0.0,Completed,1.01,23.0,1.02,15.0,1.02,13.0,1.02,22.78,1.02,15.0,1.03,27.21,1.02,16.51
ATP,2012,32,Paris,French Open,2012-06-04,Grand Slam,Outdoor,Clay,4th Round,5,Murray A.,Gasquet R.,4.0,20.0,7500,1600.0,1.0,6.0,6.0,4.0,6.0,1.0,6.0,2.0,,,3.0,1.0,Completed,1.55,2.4,1.6,2.3,1.62,2.2,1.64,2.45,1.57,2.38,1.67,2.59,1.59,2.33
ATP,2012,32,Paris,French Open,2012-06-05,Grand Slam,Outdoor,Clay,Quarterfinals,5,Djokovic N.,Tsonga J.W.,1.0,5.0,11800,4965.0,6.0,1.0,5.0,7.0,5.0,7.0,7.0,6.0,6.0,1.0,3.0,2.0,Completed,1.16,5.0,1.2,4.25,1.17,5.0,1.2,5.3,1.17,5.5,1.22,5.6,1.18,4.89
ATP,2012,32,Paris,French Open,2012-06-05,Grand Slam,Outdoor,Clay,Quarterfinals,5,Federer R.,Del Potro J.M.,3.0,9.0,9790,2910.0,3.0,6.0,6.0,7.0,6.0,2.0,6.0,0.0,6.0,3.0,3.0,2.0,Completed,1.33,3.4,1.35,3.1,1.33,3.25,1.36,3.48,1.33,3.5,1.38,3.6,1.33,3.27
ATP,2012,32,Paris,French Open,2012-06-06,Grand Slam,Outdoor,Clay,Quarterfinals,5,Nadal R.,Almagro N.,2.0,13.0,10060,2255.0,7.0,6.0,6.0,2.0,6.0,3.0,,,,,3.0,0.0,Completed,1.03,15.0,1.03,12.0,1.04,10.0,1.04,17.0,1.04,13.0,1.05,18.0,1.03,12.72
ATP,2012,32,Paris,French Open,2012-06-06,Grand Slam,Outdoor,Clay,Quarterfinals,5,Ferrer D.,Murray A.,6.0,4.0,4640,7500.0,6.0,4.0,6.0,7.0,6.0,3.0,6.0,2.0,,,3.0,1.0,Completed,1.53,2.5,1.5,2.55,1.53,2.5,1.48,2.9,1.53,2.63,1.57,2.9,1.5,2.59
ATP,2012,32,Paris,French Open,2012-06-08,Grand Slam,Outdoor,Clay,Semifinals,5,Nadal R.,Ferrer D.,2.0,6.0,10060,4640.0,6.0,2.0,6.0,2.0,6.0,1.0,,,,,3.0,0.0,Completed,1.06,10.0,1.07,8.0,1.07,8.0,1.1,9.0,1.07,10.0,1.1,11.0,1.07,8.43
ATP,2012,32,Paris,French Open,2012-06-08,Grand Slam,Outdoor,Clay,Semifinals,5,Djokovic N.,Federer R.,1.0,3.0,11800,9790.0,6.0,4.0,7.0,5.0,6.0,3.0,,,,,3.0,0.0,Completed,1.53,2.5,1.56,2.39,1.5,2.62,1.6,2.56,1.53,2.63,1.63,2.65,1.54,2.47
ATP,2012,32,Paris,French Open,2012-06-10,Grand Slam,Outdoor,Clay,The Final,5,Nadal R.,Djokovic N.,2.0,1.0,10060,11800.0,6.0,4.0,6.0,3.0,2.0,6.0,7.0,5.0,,,3.0,1.0,Completed,1.25,4.33,1.25,3.65,1.29,4.0,1.27,4.36,1.29,4.0,1.31,4.36,1.27,3.79
ATP,2012,37,London,Wimbledon,2012-06-25,Grand Slam,Outdoor,Grass,1st Round,5,Benneteau J.,Muller G.,32.0,53.0,1210,826.0,6.0,2.0,7.0,5.0,7.0,6.0,,,,,3.0,0.0,Completed,1.72,2.0,1.75,2.0,1.67,2.1,1.86,2.05,1.73,2.0,1.86,2.1,1.77,2.0
ATP,2012,37,London,Wimbledon,2012-06-25,Grand Slam,Outdoor,Grass,1st Round,5,Sweeting R.,Starace P.,130.0,97.0,413,558.0,6.0,2.0,2.0,0.0,,,,,,,1.0,0.0,Retired,1.18,4.5,1.2,4.3,1.2,4.33,1.2,5.23,1.2,4.0,1.25,5.26,1.2,4.44
ATP,2012,37,London,Wimbledon,2012-06-25,Grand Slam,Outdoor,Grass,1st Round,5,Youzhny M.,Young D.,33.0,51.0,1210,834.0,4.0,6.0,6.0,3.0,6.0,2.0,6.0,3.0,,,3.0,1.0,Completed,1.04,13.0,1.05,9.0,1.04,9.0,1.03,17.5,1.05,8.0,1.06,17.5,1.04,11.3
ATP,2012,37,London,Wimbledon,2012-06-25,Grand Slam,Outdoor,Grass,1st Round,5,Bemelmans R.,Berlocq C.,131.0,37.0,411,1050.0,7.0,5.0,6.0,7.0,6.0,3.0,7.0,6.0,,,3.0,1.0,Completed,1.57,2.25,1.55,2.35,1.57,2.25,1.67,2.36,1.57,2.25,1.67,2.5,1.59,2.32
ATP,2012,37,London,Wimbledon,2012-06-25,Grand Slam,Outdoor,Grass,1st Round,5,Gasquet R.,Kamke T.,19.0,84.0,1600,605.0,6.0,2.0,6.0,2.0,6.0,2.0,,,,,3.0,0.0,Completed,1.04,13.0,1.05,9.0,1.06,8.0,1.04,16.0,1.05,8.0,1.08,16.0,1.05,10.6
ATP,2012,37,London,Wimbledon,2012-06-25,Grand Slam,Outdoor,Grass,1st Round,5,Russell M.,Menendez-Maceiras A.,112.0,212.0,500,232.0,6.0,3.0,6.0,1.0,7.0,6.0,,,,,3.0,0.0,Completed,1.36,3.0,1.4,2.8,1.36,3.0,1.44,3.04,1.36,2.88,1.45,3.2,1.4,2.88
ATP,2012,37,London,Wimbledon,2012-06-25,Grand Slam,Outdoor,Grass,1st Round,5,Verdasco F.,Wang J.,16.0,207.0,1765,240.0,7.0,6.0,6.0,4.0,7.0,5.0,,,,,3.0,0.0,Completed,1.1,7.0,1.1,6.5,1.1,6.5,1.13,7.24,1.08,6.5,1.13,7.5,1.11,6.47
ATP,2012,37,London,Wimbledon,2012-06-25,Grand Slam,Outdoor,Grass,1st Round,5,Zemlja G.,Goodall J.,120.0,215.0,459,229.0,6.0,4.0,3.0,6.0,7.0,6.0,6.0,4.0,,,3.0,1.0,Completed,1.25,3.75,1.25,3.75,1.25,3.75,1.32,3.74,1.29,3.25,1.33,3.8,1.29,3.48
ATP,2012,37,London,Wimbledon,2012-06-25,Grand Slam,Outdoor,Grass,1st Round,5,Klizan M.,Chela J.I.,62.0,83.0,728,620.0,7.0,5.0,3.0,6.0,7.0,6.0,1.0,6.0,11.0,9.0,3.0,2.0,Completed,1.36,3.0,1.4,2.9,1.44,2.62,1.44,3.03,1.44,2.63,1.48,3.1,1.41,2.82
ATP,2012,37,London,Wimbledon,2012-06-25,Grand Slam,Outdoor,Grass,1st Round,5,Becker B.,Blake J.,124.0,91.0,441,582.0,6.0,7.0,7.0,5.0,6.0,0.0,6.0,4.0,,,3.0,1.0,Completed,1.2,4.33,1.25,3.75,1.29,3.5,1.25,4.44,1.25,3.5,1.29,4.53,1.24,3.93
ATP,2012,37,London,Wimbledon,2012-06-25,Grand Slam,Outdoor,Grass,1st Round,5,Cervantes I.,Cipolla F.,152.0,89.0,354,591.0,2.0,6.0,6.0,7.0,6.0,3.0,6.0,2.0,6.0,1.0,3.0,2.0,Completed,2.25,1.57,2.3,1.6,2.25,1.57,2.24,1.73,2.1,1.67,2.45,1.73,2.22,1.63
ATP,2012,37,London,Wimbledon,2012-06-25,Grand Slam,Outdoor,Grass,1st Round,5,Djokovic N.,Ferrero J.C.,1.0,38.0,12280,1035.0,6.0,3.0,6.0,3.0,6.0,1.0,,,,,3.0,0.0,Completed,1.01,23.0,1.02,15.0,1.0,26.0,1.01,36.0,1.01,17.0,1.02,36.87,1.01,19.94
ATP,2012,37,London,Wimbledon,2012-06-25,Grand Slam,Outdoor,Grass,1st Round,5,Tipsarevic J.,Nalbandian D.,8.0,40.0,3200,1015.0,6.0,4.0,7.0,6.0,6.0,2.0,,,,,3.0,0.0,Completed,1.57,2.25,1.59,2.24,1.67,2.2,1.59,2.53,1.62,2.2,1.7,2.53,1.62,2.25
ATP,2012,37,London,Wimbledon,2012-06-25,Grand Slam,Outdoor,Grass,1st Round,5,Fognini F.,Llodra M.,68.0,54.0,695,810.0,3.0,6.0,6.0,3.0,6.0,4.0,7.0,5.0,,,3.0,1.0,Completed,2.62,1.44,2.65,1.45,2.5,1.5,2.91,1.47,2.38,1.53,2.91,1.53,2.63,1.47
ATP,2012,37,London,Wimbledon,2012-06-25,Grand Slam,Outdoor,Grass,1st Round,5,Troicki V.,Granollers M.,34.0,23.0,1190,1530.0,7.0,5.0,7.0,6.0,3.0,6.0,2.0,6.0,8.0,6.0,3.0,2.0,Completed,1.61,2.2,1.7,2.1,1.67,2.1,1.76,2.19,1.62,2.2,2.1,2.25,1.7,2.13
ATP,2012,37,London,Wimbledon,2012-06-25,Grand Slam,Outdoor,Grass,1st Round,5,Simon G.,Mathieu P.H.,13.0,176.0,2525,287.0,6.0,3.0,5.0,4.0,,,,,,,1.0,0.0,Retired,1.38,2.87,1.4,2.8,1.5,2.5,1.52,2.73,1.36,2.88,1.52,2.96,1.44,2.73
ATP,2012,37,London,Wimbledon,2012-06-25,Grand Slam,Outdoor,Grass,1st Round,5,Petzschner P.,Kavcic B.,101.0,74.0,534,657.0,6.0,4.0,6.0,4.0,6.0,2.0,,,,,3.0,0.0,Completed,1.14,5.5,1.18,4.5,1.12,5.5,1.17,5.85,1.14,5.0,1.18,6.0,1.15,5.22
ATP,2012,37,London,Wimbledon,2012-06-25,Grand Slam,Outdoor,Grass,1st Round,5,Stepanek R.,Stakhovsky S.,27.0,85.0,1340,603.0,6.0,1.0,1.0,0.0,,,,,,,1.0,0.0,Retired,1.25,3.75,1.3,3.4,1.36,3.25,1.3,3.88,1.36,2.88,1.4,4.2,1.34,3.23
ATP,2012,37,London,Wimbledon,2012-06-25,Grand Slam,Outdoor,Grass,1st Round,5,Monaco J.,Mayer L.,14.0,61.0,2115,738.0,6.0,4.0,7.0,6.0,7.0,6.0,,,,,3.0,0.0,Completed,1.4,2.75,1.45,2.65,1.44,2.75,1.43,3.05,1.4,2.75,1.5,3.05,1.43,2.77
ATP,2012,37,London,Wimbledon,2012-06-25,Grand Slam,Outdoor,Grass,1st Round,5,Falla A.,Isner J.,73.0,10.0,664,2655.0,6.0,4.0,6.0,7.0,3.0,6.0,7.0,6.0,7.0,5.0,3.0,2.0,Completed,6.0,1.12,5.5,1.13,5.5,1.14,7.04,1.13,6.0,1.1,7.31,1.15,5.87,1.13
ATP,2012,37,London,Wimbledon,2012-06-25,Grand Slam,Outdoor,Grass,1st Round,5,Chardy J.,Volandri F.,57.0,79.0,794,630.0,6.0,0.0,6.0,1.0,1.0,0.0,,,,,2.0,0.0,Retired,1.06,10.0,1.07,8.0,1.06,8.0,1.04,15.0,1.07,7.0,1.08,15.0,1.06,9.57
ATP,2012,37,London,Wimbledon,2012-06-25,Grand Slam,Outdoor,Grass,1st Round,5,Mayer F.,Tursunov D.,29.0,129.0,1230,430.0,7.0,6.0,6.0,2.0,6.0,3.0,,,,,3.0,0.0,Completed,1.38,2.87,1.45,2.7,1.4,2.75,1.43,3.1,1.44,2.63,1.45,3.1,1.42,2.78
ATP,2012,37,London,Wimbledon,2012-06-25,Grand Slam,Outdoor,Grass,1st Round,5,Federer R.,Ramos A.,3.0,43.0,9435,935.0,6.0,1.0,6.0,1.0,6.0,1.0,,,,,3.0,0.0,Completed,1.002,29.0,1.01,20.0,1.0,21.0,1.01,51.0,1.01,21.0,1.01,59.87,1.01,25.27
ATP,2012,37,London,Wimbledon,2012-06-25,Grand Slam,Outdoor,Grass,1st Round,5,Harrison R.,Lu Y.H.,48.0,56.0,871,795.0,4.0,6.0,6.0,3.0,6.0,4.0,6.0,2.0,,,3.0,1.0,Completed,1.57,2.25,1.55,2.4,1.62,2.2,1.58,2.55,1.62,2.2,1.67,2.6,1.58,2.33
ATP,2012,37,London,Wimbledon,2012-06-25,Grand Slam,Outdoor,Grass,1st Round,5,Andreev I.,Golding O.,93.0,491.0,575,68.0,1.0,6.0,7.0,6.0,7.0,6.0,7.0,5.0,,,3.0,1.0,Completed,1.36,3.0,1.3,3.4,1.36,3.25,1.41,3.18,1.25,3.5,1.41,3.53,1.35,3.14
ATP,2012,37,London,Wimbledon,2012-06-25,Grand Slam,Outdoor,Grass,1st Round,5,Gulbis E.,Berdych T.,87.0,7.0,596,4685.0,7.0,6.0,7.0,6.0,7.0,6.0,,,,,3.0,0.0,Completed,13.0,1.04,9.0,1.05,9.0,1.05,20.0,1.03,9.0,1.04,21.0,1.05,11.42,1.04
ATP,2012,37,London,Wimbledon,2012-06-25,Grand Slam,Outdoor,Grass,1st Round,5,Malisse X.,Matosevic M.,75.0,72.0,651,673.0,6.0,2.0,6.0,2.0,7.0,5.0,,,,,3.0,0.0,Completed,1.28,3.5,1.33,3.2,1.36,3.0,1.31,3.85,1.36,2.88,1.36,3.85,1.33,3.26
ATP,2012,37,London,Wimbledon,2012-06-25,Grand Slam,Outdoor,Grass,1st Round,5,Istomin D.,Seppi A.,39.0,26.0,1032,1390.0,6.0,7.0,6.0,4.0,3.0,6.0,6.0,3.0,8.0,6.0,3.0,2.0,Completed,2.5,1.5,2.4,1.55,2.5,1.5,2.5,1.6,2.38,1.53,2.6,1.62,2.43,1.54
ATP,2012,37,London,Wimbledon,2012-06-25,Grand Slam,Outdoor,Grass,1st Round,5,Rufin G.,Darcis S.,168.0,63.0,307,725.0,6.0,4.0,3.0,6.0,5.0,7.0,6.0,4.0,6.0,4.0,3.0,2.0,Completed,2.62,1.44,2.5,1.5,2.5,1.5,2.59,1.56,2.63,1.44,2.65,1.57,2.52,1.5
ATP,2012,37,London,Wimbledon,2012-06-25,Grand Slam,Outdoor,Grass,1st Round,5,Janowicz J.,Bolelli S.,136.0,118.0,397,461.0,3.0,6.0,6.0,3.0,6.0,3.0,6.0,3.0,,,3.0,1.0,Completed,2.0,1.72,1.95,1.8,2.0,1.73,1.96,1.94,2.0,1.73,2.05,1.94,1.97,1.8
ATP,2012,37,London,Wimbledon,2012-06-26,Grand Slam,Outdoor,Grass,1st Round,5,Baker B.,Machado R.,126.0,96.0,438,561.0,7.0,6.0,6.0,4.0,6.0,0.0,,,,,3.0,0.0,Completed,1.07,9.0,1.07,8.0,1.07,7.5,1.1,8.95,1.07,7.0,1.1,10.23,1.08,7.86
ATP,2012,37,London,Wimbledon,2012-06-26,Grand Slam,Outdoor,Grass,1st Round,5,Dolgopolov O.,Bogomolov A.,21.0,46.0,1585,910.0,6.0,3.0,6.0,4.0,7.0,5.0,,,,,3.0,0.0,Completed,1.2,4.33,1.25,3.75,1.22,4.0,1.27,4.27,1.25,3.5,1.3,4.33,1.24,3.96
ATP,2012,37,London,Wimbledon,2012-06-26,Grand Slam,Outdoor,Grass,1st Round,5,Paire B.,Ebden M.,55.0,76.0,800,647.0,6.0,1.0,6.0,3.0,6.0,7.0,6.0,3.0,,,3.0,1.0,Completed,1.44,2.62,1.5,2.5,1.44,2.62,1.55,2.64,1.53,2.38,1.57,2.95,1.49,2.56
ATP,2012,37,London,Wimbledon,2012-06-26,Grand Slam,Outdoor,Grass,1st Round,5,Levine J.,Beck K.,106.0,94.0,521,568.0,6.0,4.0,6.0,7.0,6.0,3.0,6.0,2.0,,,3.0,1.0,Completed,1.57,2.25,1.6,2.3,1.62,2.2,1.65,2.38,1.67,2.1,1.7,2.38,1.64,2.22
ATP,2012,37,London,Wimbledon,2012-06-26,Grand Slam,Outdoor,Grass,1st Round,5,Nishikori K.,Kukushkin M.,20.0,52.0,1600,833.0,7.0,5.0,6.0,3.0,6.0,4.0,,,,,3.0,0.0,Completed,1.3,3.4,1.3,3.4,1.3,3.4,1.33,3.66,1.33,3.0,1.4,3.66,1.32,3.3
ATP,2012,37,London,Wimbledon,2012-06-26,Grand Slam,Outdoor,Grass,1st Round,5,Fish M.,Ramirez-Hidalgo R.,12.0,82.0,2535,622.0,7.0,6.0,7.0,5.0,7.0,6.0,,,,,3.0,0.0,Completed,1.14,5.5,1.16,5.0,1.17,5.0,1.18,5.61,1.13,5.5,1.18,7.0,1.14,5.4
ATP,2012,37,London,Wimbledon,2012-06-26,Grand Slam,Outdoor,Grass,1st Round,5,Jaziri M.,Zopp J.,78.0,95.0,633,565.0,4.0,6.0,4.0,6.0,6.0,3.0,6.0,4.0,9.0,7.0,3.0,2.0,Completed,4.5,1.18,4.25,1.2,4.0,1.22,4.44,1.25,4.0,1.2,4.77,1.25,4.14,1.22
ATP,2012,37,London,Wimbledon,2012-06-26,Grand Slam,Outdoor,Grass,1st Round,5,Nieminen J.,Lopez F.,44.0,17.0,932,1725.0,7.0,6.0,3.0,6.0,7.0,6.0,6.0,4.0,,,3.0,1.0,Completed,4.0,1.22,3.75,1.25,4.0,1.25,4.45,1.25,3.5,1.25,4.45,1.29,3.88,1.25
ATP,2012,37,London,Wimbledon,2012-06-26,Grand Slam,Outdoor,Grass,1st Round,5,Garcia-Lopez G.,Roger-Vasselin E.,92.0,67.0,581,697.0,6.0,7.0,6.0,3.0,7.0,6.0,5.0,7.0,10.0,8.0,3.0,2.0,Completed,3.0,1.36,2.85,1.4,3.0,1.36,3.01,1.44,2.88,1.36,3.01,1.45,2.88,1.4
ATP,2012,37,London,Wimbledon,2012-06-26,Grand Slam,Outdoor,Grass,1st Round,5,Goffin D.,Tomic B.,70.0,28.0,688,1255.0,3.0,6.0,6.0,3.0,6.0,4.0,6.0,4.0,,,3.0,1.0,Completed,4.0,1.22,3.75,1.25,4.33,1.22,4.47,1.25,3.75,1.22,4.5,1.3,3.94,1.24
ATP,2012,37,London,Wimbledon,2012-06-26,Grand Slam,Outdoor,Grass,1st Round,5,Mahut N.,Lorenzi P.,71.0,86.0,684,598.0,6.0,3.0,5.0,7.0,6.0,7.0,7.0,5.0,6.0,2.0,3.0,2.0,Completed,1.06,10.0,1.1,6.5,1.08,7.0,1.07,10.75,1.1,6.0,1.13,10.75,1.09,7.56
ATP,2012,37,London,Wimbledon,2012-06-26,Grand Slam,Outdoor,Grass,1st Round,5,Serra F.,Kuznetsov An.,137.0,151.0,392,355.0,3.0,6.0,7.0,6.0,6.0,4.0,4.0,6.0,6.0,4.0,3.0,2.0,Completed,2.62,1.44,2.7,1.45,2.5,1.5,2.7,1.53,2.38,1.53,2.75,1.54,2.56,1.49
ATP,2012,37,London,Wimbledon,2012-06-26,Grand Slam,Outdoor,Grass,1st Round,5,Soeda G.,Kunitsyn I.,58.0,116.0,787,468.0,6.0,3.0,6.0,2.0,6.0,1.0,,,,,3.0,0.0,Completed,1.44,2.62,1.5,2.55,1.53,2.38,1.58,2.56,1.53,2.38,1.58,2.7,1.51,2.51
ATP,2012,37,London,Wimbledon,2012-06-26,Grand Slam,Outdoor,Grass,1st Round,5,Almagro N.,Rochus O.,11.0,66.0,2605,700.0,6.0,7.0,3.0,6.0,7.0,6.0,6.0,2.0,6.0,4.0,3.0,2.0,Completed,1.18,4.5,1.18,4.5,1.22,4.33,1.26,4.34,1.17,4.5,1.27,4.75,1.21,4.36
ATP,2012,37,London,Wimbledon,2012-06-26,Grand Slam,Outdoor,Grass,1st Round,5,Dimitrov G.,Anderson K.,69.0,31.0,691,1215.0,7.0,5.0,7.0,6.0,6.0,7.0,6.0,3.0,,,3.0,1.0,Completed,1.61,2.2,1.7,2.1,1.67,2.1,1.75,2.2,1.67,2.1,1.75,2.3,1.67,2.17
ATP,2012,37,London,Wimbledon,2012-06-26,Grand Slam,Outdoor,Grass,1st Round,5,Tsonga J.W.,Hewitt L.,6.0,202.0,5230,245.0,6.0,3.0,6.0,4.0,6.0,4.0,,,,,3.0,0.0,Completed,1.1,7.0,1.12,6.0,1.11,6.0,1.12,7.65,1.08,6.5,1.13,7.7,1.1,6.62
ATP,2012,37,London,Wimbledon,2012-06-26,Grand Slam,Outdoor,Grass,1st Round,5,Ward J.,Andujar P.,173.0,36.0,297,1115.0,4.0,6.0,6.0,0.0,3.0,6.0,6.0,3.0,6.0,3.0,3.0,2.0,Completed,1.36,3.0,1.35,3.15,1.36,3.0,1.44,3.05,1.36,3.0,1.45,3.25,1.38,2.98
ATP,2012,37,London,Wimbledon,2012-06-26,Grand Slam,Outdoor,Grass,1st Round,5,Lacko L.,Ungur A.,60.0,81.0,763,625.0,7.0,6.0,6.0,1.0,6.0,3.0,,,,,3.0,0.0,Completed,1.16,5.0,1.12,6.0,1.17,4.5,1.17,5.8,1.14,5.0,1.19,6.0,1.15,5.32
ATP,2012,37,London,Wimbledon,2012-06-26,Grand Slam,Outdoor,Grass,1st Round,5,Nadal R.,Bellucci T.,2.0,80.0,10060,627.0,7.0,6.0,6.0,2.0,6.0,3.0,,,,,3.0,0.0,Completed,1.01,26.0,1.01,11.74,1.01,17.0,1.01,41.0,1.01,15.0,1.03,57.0,1.01,22.87
ATP,2012,37,London,Wimbledon,2012-06-26,Grand Slam,Outdoor,Grass,1st Round,5,Kohlschreiber P.,Haas T.,30.0,50.0,1220,848.0,3.0,6.0,7.0,6.0,6.0,7.0,7.0,6.0,6.0,2.0,3.0,2.0,Completed,2.62,1.44,2.55,1.5,2.38,1.53,2.6,1.56,2.5,1.5,2.7,1.57,2.48,1.53
ATP,2012,37,London,Wimbledon,2012-06-26,Grand Slam,Outdoor,Grass,1st Round,5,Rosol L.,Dodig I.,100.0,99.0,553,555.0,6.0,4.0,3.0,6.0,7.0,6.0,7.0,5.0,,,3.0,1.0,Completed,2.0,1.72,2.05,1.75,2.0,1.73,2.07,1.85,2.0,1.73,2.14,1.85,2.03,1.75
ATP,2012,37,London,Wimbledon,2012-06-26,Grand Slam,Outdoor,Grass,1st Round,5,Baghdatis M.,Montanes A.,42.0,90.0,945,585.0,6.0,2.0,6.0,4.0,6.0,4.0,,,,,3.0,0.0,Completed,1.12,6.0,1.14,5.45,1.11,6.0,1.13,7.04,1.14,5.0,1.15,7.04,1.13,5.9
ATP,2012,37,London,Wimbledon,2012-06-26,Grand Slam,Outdoor,Grass,1st Round,5,Cilic M.,Stebe C.M.,18.0,77.0,1655,645.0,6.0,4.0,3.0,6.0,6.0,3.0,6.0,2.0,,,3.0,1.0,Completed,1.05,11.0,1.05,9.0,1.06,8.5,1.08,9.65,1.07,7.0,1.08,11.6,1.06,8.75
ATP,2012,37,London,Wimbledon,2012-06-26,Grand Slam,Outdoor,Grass,1st Round,5,Del Potro J.M.,Haase R.,9.0,41.0,3180,1010.0,6.0,4.0,3.0,6.0,7.0,6.0,7.0,5.0,,,3.0,1.0,Completed,1.08,8.0,1.05,9.0,1.06,8.5,1.12,7.24,1.07,7.0,1.12,9.0,1.07,7.85
ATP,2012,37,London,Wimbledon,2012-06-26,Grand Slam,Outdoor,Grass,1st Round,5,De Schepper K.,Bachinger M.,160.0,110.0,331,507.0,6.0,4.0,6.0,2.0,6.0,2.0,,,,,3.0,0.0,Completed,1.66,2.1,1.7,2.1,1.67,2.1,1.75,2.2,1.67,2.1,1.8,2.2,1.71,2.09
ATP,2012,37,London,Wimbledon,2012-06-26,Grand Slam,Outdoor,Grass,1st Round,5,Querrey S.,Pospisil V.,64.0,104.0,705,522.0,7.0,5.0,6.0,7.0,6.0,3.0,6.0,4.0,,,3.0,1.0,Completed,1.3,3.4,1.3,3.4,1.29,3.5,1.33,3.7,1.25,3.5,1.34,3.7,1.3,3.41
ATP,2012,37,London,Wimbledon,2012-06-26,Grand Slam,Outdoor,Grass,1st Round,5,Murray A.,Davydenko N.,4.0,47.0,6980,885.0,6.0,1.0,6.0,1.0,6.0,4.0,,,,,3.0,0.0,Completed,1.05,11.0,1.06,7.59,1.05,9.0,1.05,14.0,1.06,7.5,1.07,14.0,1.05,10.25
ATP,2012,37,London,Wimbledon,2012-06-27,Grand Slam,Outdoor,Grass,1st Round,5,Phau B.,Odesnik W.,88.0,135.0,595,404.0,6.0,3.0,3.0,6.0,6.0,7.0,6.0,3.0,6.0,4.0,3.0,2.0,Completed,2.5,1.5,2.55,1.5,2.5,1.5,2.71,1.53,2.25,1.57,2.71,1.57,2.49,1.51
ATP,2012,37,London,Wimbledon,2012-06-27,Grand Slam,Outdoor,Grass,1st Round,5,Raonic M.,Giraldo S.,22.0,45.0,1540,923.0,6.0,4.0,6.0,4.0,6.0,4.0,,,,,3.0,0.0,Completed,1.08,8.0,1.07,8.0,1.07,8.0,1.12,7.65,1.08,6.5,1.12,8.75,1.08,7.53
ATP,2012,37,London,Wimbledon,2012-06-27,Grand Slam,Outdoor,Grass,1st Round,5,Kubot L.,Ito T.,49.0,65.0,855,701.0,7.0,6.0,6.0,3.0,6.0,3.0,,,,,3.0,0.0,Completed,1.36,3.0,1.39,2.95,1.4,2.75,1.35,3.52,1.36,2.88,1.4,3.52,1.36,3.04
ATP,2012,37,London,Wimbledon,2012-06-27,Grand Slam,Outdoor,Grass,1st Round,5,Melzer J.,Wawrinka S.,35.0,24.0,1147,1505.0,3.0,6.0,7.0,6.0,2.0,6.0,6.0,4.0,8.0,6.0,3.0,2.0,Completed,3.0,1.36,2.9,1.4,3.0,1.36,2.97,1.45,2.88,1.36,3.05,1.45,2.91,1.39
ATP,2012,37,London,Wimbledon,2012-06-27,Grand Slam,Outdoor,Grass,1st Round,5,Ferrer D.,Brown D.,5.0,164.0,5250,317.0,7.0,6.0,6.0,4.0,6.0,4.0,,,,,3.0,0.0,Completed,1.02,17.0,1.03,12.0,1.03,10.0,1.03,20.0,1.03,10.0,1.04,21.0,1.03,1.92
ATP,2012,37,London,Wimbledon,2012-06-27,Grand Slam,Outdoor,Grass,1st Round,5,Karlovic I.,Sela D.,59.0,108.0,786,509.0,6.0,4.0,6.0,4.0,7.0,6.0,,,,,3.0,0.0,Completed,1.18,4.5,1.2,4.4,1.22,4.0,1.22,4.93,1.17,4.5,1.25,4.93,1.2,4.32
ATP,2012,37,London,Wimbledon,2012-06-27,Grand Slam,Outdoor,Grass,1st Round,5,Roddick A.,Baker J.,25.0,186.0,1395,275.0,7.0,6.0,6.0,4.0,7.0,5.0,,,,,3.0,0.0,Completed,1.04,13.0,1.06,8.5,1.05,8.5,1.04,15.0,1.04,9.0,1.06,15.0,1.04,10.57
ATP,2012,37,London,Wimbledon,2012-06-27,Grand Slam,Outdoor,Grass,2nd Round,5,Monaco J.,Chardy J.,14.0,57.0,2115,794.0,6.0,2.0,3.0,6.0,6.0,3.0,7.0,6.0,,,3.0,1.0,Completed,1.57,2.25,1.6,2.3,1.62,2.25,1.58,2.55,1.62,2.25,1.67,2.55,1.6,2.29
ATP,2012,37,London,Wimbledon,2012-06-27,Grand Slam,Outdoor,Grass,2nd Round,5,Mayer F.,Petzschner P.,29.0,101.0,1230,534.0,3.0,6.0,3.0,6.0,6.0,4.0,6.0,2.0,6.0,4.0,3.0,2.0,Completed,1.53,2.37,1.6,2.3,1.53,2.38,1.7,2.29,1.62,2.25,1.78,2.38,1.62,2.24
ATP,2012,37,London,Wimbledon,2012-06-27,Grand Slam,Outdoor,Grass,2nd Round,5,Troicki V.,Klizan M.,34.0,62.0,1190,728.0,6.0,4.0,4.0,6.0,5.0,7.0,7.0,6.0,6.0,4.0,3.0,2.0,Completed,1.14,5.5,1.16,5.0,1.2,4.33,1.18,5.61,1.2,4.5,1.2,5.9,1.16,5.07
ATP,2012,37,London,Wimbledon,2012-06-27,Grand Slam,Outdoor,Grass,2nd Round,5,Federer R.,Fognini F.,3.0,68.0,9435,695.0,6.0,1.0,6.0,3.0,6.0,2.0,,,,,3.0,0.0,Completed,1.01,26.0,1.01,20.0,1.01,21.0,1.01,71.0,1.01,15.0,1.03,71.0,1.01,26.65
ATP,2012,37,London,Wimbledon,2012-06-27,Grand Slam,Outdoor,Grass,2nd Round,5,Tipsarevic J.,Sweeting R.,8.0,130.0,3200,413.0,5.0,7.0,7.0,5.0,6.0,4.0,6.0,2.0,,,3.0,1.0,Completed,1.04,13.0,1.04,10.0,1.06,8.5,1.05,13.0,1.05,10.0,1.07,13.0,1.04,10.58
ATP,2012,37,London,Wimbledon,2012-06-27,Grand Slam,Outdoor,Grass,2nd Round,5,Istomin D.,Andreev I.,39.0,93.0,1032,575.0,6.0,3.0,7.0,6.0,4.0,6.0,6.0,2.0,,,3.0,1.0,Completed,1.2,4.33,1.25,3.85,1.25,3.75,1.22,4.81,1.29,3.5,1.3,5.26,1.22,4.22
ATP,2012,37,London,Wimbledon,2012-06-27,Grand Slam,Outdoor,Grass,2nd Round,5,Janowicz J.,Gulbis E.,136.0,87.0,397,596.0,2.0,6.0,6.0,4.0,3.0,6.0,7.0,6.0,9.0,7.0,3.0,2.0,Completed,2.25,1.57,2.2,1.65,2.25,1.57,2.31,1.69,2.25,1.62,2.35,1.73,2.21,1.65
ATP,2012,37,London,Wimbledon,2012-06-27,Grand Slam,Outdoor,Grass,2nd Round,5,Benneteau J.,Russell M.,32.0,112.0,1210,500.0,7.0,6.0,2.0,6.0,6.0,4.0,7.0,5.0,,,3.0,1.0,Completed,1.18,4.5,1.2,4.4,1.2,4.33,1.2,5.27,1.2,4.5,1.25,5.27,1.2,4.43
ATP,2012,37,London,Wimbledon,2012-06-27,Grand Slam,Outdoor,Grass,2nd Round,5,Almagro N.,Rufin G.,11.0,168.0,2605,307.0,6.0,2.0,5.0,7.0,6.0,2.0,6.0,4.0,,,3.0,1.0,Completed,1.16,5.0,1.16,5.0,1.14,5.5,1.17,5.8,1.17,5.0,1.19,5.8,1.17,4.99
ATP,2012,37,London,Wimbledon,2012-06-27,Grand Slam,Outdoor,Grass,2nd Round,5,Youzhny M.,Cervantes I.,33.0,152.0,1210,354.0,6.0,1.0,6.0,3.0,6.0,4.0,,,,,3.0,0.0,Completed,1.03,15.0,1.03,12.0,1.04,9.0,1.05,14.0,1.05,10.0,1.06,16.0,1.04,11.54
ATP,2012,37,London,Wimbledon,2012-06-27,Grand Slam,Outdoor,Grass,2nd Round,5,Gasquet R.,Bemelmans R.,19.0,131.0,1600,411.0,6.0,3.0,6.0,4.0,6.0,4.0,,,,,3.0,0.0,Completed,1.06,10.0,1.07,8.0,1.07,8.0,1.06,11.75,1.07,8.0,1.08,12.0,1.06,8.75
ATP,2012,37,London,Wimbledon,2012-06-27,Grand Slam,Outdoor,Grass,2nd Round,5,Djokovic N.,Harrison R.,1.0,48.0,12280,871.0,6.0,4.0,6.0,4.0,6.0,4.0,,,,,3.0,0.0,Completed,1.01,21.0,1.02,15.0,1.01,21.0,1.01,36.0,1.01,15.0,1.02,36.3,1.01,19.57
ATP,2012,37,London,Wimbledon,2012-06-28,Grand Slam,Outdoor,Grass,2nd Round,5,Goffin D.,Levine J.,70.0,106.0,688,521.0,4.0,6.0,6.0,4.0,6.0,1.0,6.0,3.0,,,3.0,1.0,Completed,1.57,2.25,1.55,2.4,1.53,2.38,1.65,2.38,1.57,2.38,1.65,2.55,1.56,2.38
ATP,2012,37,London,Wimbledon,2012-06-28,Grand Slam,Outdoor,Grass,2nd Round,5,Malisse X.,Simon G.,75.0,13.0,651,2525.0,6.0,4.0,6.0,4.0,7.0,6.0,,,,,3.0,0.0,Completed,2.25,1.57,2.3,1.6,2.25,1.62,2.23,1.74,2.2,1.67,2.4,1.74,2.21,1.65
ATP,2012,37,London,Wimbledon,2012-06-28,Grand Slam,Outdoor,Grass,2nd Round,5,Baker B.,Nieminen J.,126.0,44.0,438,932.0,6.0,0.0,6.0,2.0,6.0,4.0,,,,,3.0,0.0,Completed,1.66,2.1,1.75,2.05,1.73,2.0,1.72,2.25,1.73,2.1,1.8,2.28,1.72,2.07
ATP,2012,37,London,Wimbledon,2012-06-28,Grand Slam,Outdoor,Grass,2nd Round,5,Nishikori K.,Serra F.,20.0,137.0,1600,392.0,6.0,3.0,7.0,5.0,6.0,2.0,,,,,3.0,0.0,Completed,1.12,6.0,1.12,6.0,1.12,5.5,1.15,6.45,1.14,5.5,1.15,6.96,1.13,5.65
ATP,2012,37,London,Wimbledon,2012-06-28,Grand Slam,Outdoor,Grass,2nd Round,5,Verdasco F.,Zemlja G.,16.0,120.0,1765,459.0,7.0,6.0,7.0,6.0,3.0,6.0,6.0,3.0,,,3.0,1.0,Completed,1.16,5.0,1.18,4.65,1.2,4.5,1.19,5.37,1.17,5.0,1.2,5.37,1.18,4.77
ATP,2012,37,London,Wimbledon,2012-06-28,Grand Slam,Outdoor,Grass,2nd Round,5,Ferrer D.,De Schepper K.,5.0,160.0,5250,331.0,7.0,6.0,6.0,2.0,6.0,4.0,,,,,3.0,0.0,Completed,1.03,15.0,1.03,12.0,1.03,10.0,1.04,16.0,1.05,10.0,1.06,16.0,1.04,11.58
ATP,2012,37,London,Wimbledon,2012-06-28,Grand Slam,Outdoor,Grass,2nd Round,5,Lacko L.,Melzer J.,60.0,35.0,763,1147.0,6.0,4.0,6.0,7.0,3.0,6.0,6.0,3.0,6.0,4.0,3.0,2.0,Completed,2.87,1.38,2.9,1.4,2.75,1.4,2.65,1.55,2.75,1.44,3.2,1.55,2.78,1.43
ATP,2012,37,London,Wimbledon,2012-06-28,Grand Slam,Outdoor,Grass,2nd Round,5,Stepanek R.,Becker B.,27.0,124.0,1340,441.0,6.0,2.0,7.0,6.0,6.0,3.0,,,,,3.0,0.0,Completed,1.36,3.0,1.4,2.9,1.36,3.0,1.45,3.0,1.4,2.88,1.46,3.05,1.39,2.93
ATP,2012,37,London,Wimbledon,2012-06-28,Grand Slam,Outdoor,Grass,2nd Round,5,Falla A.,Mahut N.,73.0,71.0,664,684.0,6.0,4.0,6.0,3.0,4.0,6.0,4.0,6.0,7.0,5.0,3.0,2.0,Completed,3.0,1.36,2.9,1.4,2.62,1.44,3.0,1.45,2.75,1.44,3.01,1.5,2.79,1.43
ATP,2012,37,London,Wimbledon,2012-06-28,Grand Slam,Outdoor,Grass,2nd Round,5,Murray A.,Karlovic I.,4.0,59.0,6980,786.0,7.0,5.0,6.0,7.0,6.0,2.0,7.0,6.0,,,3.0,1.0,Completed,1.05,11.0,1.05,9.25,1.06,8.5,1.06,12.5,1.07,8.0,1.08,12.5,1.06,9.27
ATP,2012,37,London,Wimbledon,2012-06-28,Grand Slam,Outdoor,Grass,2nd Round,5,Fish M.,Ward J.,12.0,173.0,2535,297.0,6.0,3.0,5.0,7.0,6.0,4.0,6.0,7.0,6.0,3.0,3.0,2.0,Completed,1.36,3.0,1.35,3.1,1.36,3.25,1.37,3.31,1.36,3.0,1.4,3.41,1.36,3.09
ATP,2012,37,London,Wimbledon,2012-06-28,Grand Slam,Outdoor,Grass,2nd Round,5,Paire B.,Dolgopolov O.,55.0,21.0,800,1585.0,7.0,6.0,6.0,4.0,6.0,4.0,,,,,3.0,0.0,Completed,2.5,1.5,2.55,1.5,2.38,1.53,2.55,1.58,2.5,1.53,2.6,1.6,2.48,1.53
ATP,2012,37,London,Wimbledon,2012-06-28,Grand Slam,Outdoor,Grass,2nd Round,5,Cilic M.,Kubot L.,18.0,49.0,1655,855.0,7.0,6.0,6.0,2.0,6.0,1.0,,,,,3.0,0.0,Completed,1.18,4.5,1.2,4.4,1.22,4.33,1.22,4.81,1.22,4.0,1.25,5.0,1.21,4.33
ATP,2012,37,London,Wimbledon,2012-06-28,Grand Slam,Outdoor,Grass,2nd Round,5,Roddick A.,Phau B.,25.0,88.0,1395,595.0,6.0,3.0,7.0,6.0,6.0,3.0,,,,,3.0,0.0,Completed,1.05,11.0,1.05,9.25,1.05,9.0,1.05,13.0,1.05,10.0,1.07,14.4,1.05,10.06
ATP,2012,37,London,Wimbledon,2012-06-28,Grand Slam,Outdoor,Grass,2nd Round,5,Kohlschreiber P.,Jaziri M.,30.0,78.0,1220,633.0,6.0,1.0,7.0,6.0,6.0,1.0,,,,,3.0,0.0,Completed,1.06,10.0,1.07,8.0,1.05,8.5,1.06,11.75,1.08,7.5,1.08,12.5,1.06,9.09
ATP,2012,37,London,Wimbledon,2012-06-28,Grand Slam,Outdoor,Grass,2nd Round,5,Tsonga J.W.,Garcia-Lopez G.,6.0,92.0,5230,581.0,6.0,7.0,6.0,4.0,6.0,1.0,6.0,3.0,,,3.0,1.0,Completed,1.03,15.0,1.04,10.0,1.03,11.0,1.03,17.5,1.04,11.0,1.05,17.5,1.03,12.18
ATP,2012,37,London,Wimbledon,2012-06-28,Grand Slam,Outdoor,Grass,2nd Round,5,Del Potro J.M.,Soeda G.,9.0,58.0,3180,787.0,6.0,2.0,6.0,3.0,1.0,6.0,6.0,4.0,,,3.0,1.0,Completed,1.03,15.0,1.03,9.6,1.05,8.5,1.04,15.5,1.04,11.0,1.06,17.0,1.04,12.0
ATP,2012,37,London,Wimbledon,2012-06-28,Grand Slam,Outdoor,Grass,2nd Round,5,Baghdatis M.,Dimitrov G.,42.0,69.0,945,691.0,7.0,5.0,4.0,1.0,,,,,,,1.0,0.0,Retired,2.37,1.53,2.3,1.6,2.25,1.57,2.33,1.68,2.5,1.53,2.5,1.68,2.29,1.61
ATP,2012,37,London,Wimbledon,2012-06-28,Grand Slam,Outdoor,Grass,2nd Round,5,Rosol L.,Nadal R.,100.0,2.0,553,10060.0,6.0,7.0,6.0,4.0,6.0,4.0,2.0,6.0,6.0,4.0,3.0,2.0,Completed,29.0,1.002,20.0,1.01,26.0,1.0,41.0,1.01,15.0,1.01,76.0,1.01,23.45,1.01
ATP,2012,37,London,Wimbledon,2012-06-29,Grand Slam,Outdoor,Grass,2nd Round,5,Querrey S.,Raonic M.,64.0,22.0,705,1540.0,6.0,7.0,7.0,6.0,7.0,6.0,6.0,4.0,,,3.0,1.0,Completed,4.5,1.18,4.4,1.2,4.0,1.25,4.7,1.23,4.0,1.22,4.7,1.26,4.13,1.22
ATP,2012,37,London,Wimbledon,2012-06-29,Grand Slam,Outdoor,Grass,3rd Round,5,Troicki V.,Monaco J.,34.0,14.0,1190,2115.0,7.0,5.0,7.0,5.0,6.0,3.0,,,,,3.0,0.0,Completed,2.87,1.4,2.7,1.45,2.62,1.44,2.92,1.48,2.75,1.44,3.0,1.5,2.77,1.43
ATP,2012,37,London,Wimbledon,2012-06-29,Grand Slam,Outdoor,Grass,3rd Round,5,Djokovic N.,Stepanek R.,1.0,27.0,12280,1340.0,4.0,6.0,6.0,2.0,6.0,2.0,6.0,2.0,,,3.0,1.0,Completed,1.01,23.0,1.02,15.0,1.02,13.0,1.02,27.0,1.02,15.0,1.04,29.0,1.02,16.46
ATP,2012,37,London,Wimbledon,2012-06-29,Grand Slam,Outdoor,Grass,3rd Round,5,Malisse X.,Verdasco F.,75.0,16.0,651,1765.0,1.0,6.0,7.0,6.0,6.0,1.0,4.0,6.0,6.0,3.0,3.0,2.0,Completed,1.61,2.25,1.7,2.12,1.73,2.1,1.77,2.2,1.73,2.1,1.77,2.3,1.69,2.15
ATP,2012,37,London,Wimbledon,2012-06-29,Grand Slam,Outdoor,Grass,3rd Round,5,Istomin D.,Falla A.,39.0,73.0,1032,664.0,6.0,3.0,6.0,4.0,3.0,6.0,7.0,6.0,,,3.0,1.0,Completed,1.4,2.87,1.45,2.7,1.44,2.62,1.45,3.02,1.44,2.75,1.5,3.02,1.44,2.74
ATP,2012,37,London,Wimbledon,2012-06-29,Grand Slam,Outdoor,Grass,3rd Round,5,Mayer F.,Janowicz J.,29.0,136.0,1230,397.0,7.0,6.0,3.0,6.0,2.0,6.0,6.0,3.0,7.0,5.0,3.0,2.0,Completed,1.44,2.75,1.45,2.7,1.44,2.62,1.46,3.0,1.44,2.75,1.46,3.01,1.43,2.78
ATP,2012,37,London,Wimbledon,2012-06-29,Grand Slam,Outdoor,Grass,3rd Round,5,Federer R.,Benneteau J.,3.0,32.0,9435,1210.0,4.0,6.0,6.0,7.0,6.0,2.0,7.0,6.0,6.0,1.0,3.0,2.0,Completed,1.01,26.0,1.01,20.0,1.02,13.0,1.02,25.5,1.02,15.0,1.03,29.98,1.01,18.56
ATP,2012,37,London,Wimbledon,2012-06-29,Grand Slam,Outdoor,Grass,3rd Round,5,Youzhny M.,Tipsarevic J.,33.0,8.0,1210,3200.0,6.0,3.0,6.0,4.0,3.0,6.0,6.0,3.0,,,3.0,1.0,Completed,2.62,1.5,2.4,1.55,2.5,1.53,2.59,1.58,2.63,1.5,2.75,1.59,2.51,1.52
ATP,2012,37,London,Wimbledon,2012-06-29,Grand Slam,Outdoor,Grass,3rd Round,5,Gasquet R.,Almagro N.,19.0,11.0,1600,2605.0,6.0,3.0,6.0,4.0,6.0,4.0,,,,,3.0,0.0,Completed,1.44,2.75,1.45,2.7,1.44,2.75,1.45,3.0,1.4,2.88,1.48,3.01,1.44,2.74
ATP,2012,37,London,Wimbledon,2012-06-30,Grand Slam,Outdoor,Grass,3rd Round,5,Baker B.,Paire B.,126.0,55.0,438,800.0,6.0,4.0,4.0,6.0,6.0,1.0,6.0,3.0,,,3.0,1.0,Completed,1.53,2.5,1.55,2.4,1.57,2.38,1.56,2.62,1.53,2.5,1.62,2.62,1.55,2.43
ATP,2012,37,London,Wimbledon,2012-06-30,Grand Slam,Outdoor,Grass,3rd Round,5,Kohlschreiber P.,Rosol L.,30.0,100.0,1220,553.0,6.0,2.0,6.0,3.0,7.0,6.0,,,,,3.0,0.0,Completed,1.4,2.87,1.4,2.9,1.4,3.0,1.43,3.12,1.44,2.75,1.53,3.12,1.41,2.87
ATP,2012,37,London,Wimbledon,2012-06-30,Grand Slam,Outdoor,Grass,3rd Round,5,Del Potro J.M.,Nishikori K.,9.0,20.0,3180,1600.0,6.0,3.0,7.0,6.0,6.0,1.0,,,,,3.0,0.0,Completed,1.28,3.75,1.3,3.45,1.3,3.5,1.29,4.08,1.29,3.5,1.33,4.2,1.29,3.59
ATP,2012,37,London,Wimbledon,2012-06-30,Grand Slam,Outdoor,Grass,3rd Round,5,Fish M.,Goffin D.,12.0,70.0,2535,688.0,6.0,3.0,7.0,6.0,7.0,6.0,,,,,3.0,0.0,Completed,2.25,1.61,2.12,1.7,2.2,1.67,2.27,1.72,2.2,1.67,2.35,1.77,2.16,1.68
ATP,2012,37,London,Wimbledon,2012-06-30,Grand Slam,Outdoor,Grass,3rd Round,5,Cilic M.,Querrey S.,18.0,64.0,1655,705.0,7.0,6.0,6.0,4.0,6.0,7.0,6.0,7.0,17.0,15.0,3.0,2.0,Completed,1.36,3.25,1.4,2.9,1.4,2.75,1.36,3.49,1.4,2.88,1.42,3.49,1.37,3.04
ATP,2012,37,London,Wimbledon,2012-06-30,Grand Slam,Outdoor,Grass,3rd Round,5,Ferrer D.,Roddick A.,5.0,25.0,5250,1395.0,2.0,6.0,7.0,6.0,6.0,4.0,6.0,3.0,,,3.0,1.0,Completed,1.4,2.87,1.44,2.63,1.4,3.0,1.46,2.98,1.4,2.88,1.5,3.1,1.42,2.83
ATP,2012,37,London,Wimbledon,2012-06-30,Grand Slam,Outdoor,Grass,3rd Round,5,Tsonga J.W.,Lacko L.,6.0,60.0,5230,763.0,6.0,4.0,6.0,3.0,6.0,3.0,,,,,3.0,0.0,Completed,1.06,10.0,1.07,8.0,1.07,8.0,1.09,9.6,1.08,7.5,1.09,10.5,1.07,8.31
ATP,2012,37,London,Wimbledon,2012-06-30,Grand Slam,Outdoor,Grass,3rd Round,3,Murray A.,Baghdatis M.,4.0,42.0,6980,945.0,7.0,5.0,3.0,6.0,7.0,5.0,6.0,1.0,,,3.0,1.0,Completed,1.08,8.0,1.1,6.5,1.1,7.0,1.11,8.53,1.1,7.0,1.12,8.53,1.1,7.04
ATP,2012,37,London,Wimbledon,2012-07-02,Grand Slam,Outdoor,Grass,4th Round,5,Youzhny M.,Istomin D.,33.0,39.0,1210,1032.0,6.0,3.0,5.0,7.0,6.0,4.0,6.0,7.0,7.0,5.0,3.0,2.0,Completed,1.38,3.0,1.4,2.9,1.36,3.0,1.41,3.2,1.36,3.0,1.43,3.3,1.38,2.99
ATP,2012,37,London,Wimbledon,2012-07-02,Grand Slam,Outdoor,Grass,4th Round,5,Federer R.,Malisse X.,3.0,75.0,9435,651.0,7.0,6.0,6.0,1.0,4.0,6.0,6.0,3.0,,,3.0,1.0,Completed,1.04,13.0,1.07,8.0,1.04,10.0,1.05,14.8,1.05,9.0,1.07,14.8,1.05,10.63
ATP,2012,37,London,Wimbledon,2012-07-02,Grand Slam,Outdoor,Grass,4th Round,5,Djokovic N.,Troicki V.,1.0,34.0,12280,1190.0,6.0,3.0,6.0,1.0,6.0,3.0,,,,,3.0,0.0,Completed,1.02,19.0,1.03,12.0,1.03,11.0,1.02,23.0,1.02,13.0,1.04,26.0,1.02,15.22
ATP,2012,37,London,Wimbledon,2012-07-03,Grand Slam,Outdoor,Grass,4th Round,5,Kohlschreiber P.,Baker B.,30.0,126.0,1220,438.0,6.0,1.0,7.0,6.0,6.0,3.0,,,,,3.0,0.0,Completed,1.5,2.62,1.53,2.45,1.5,2.62,1.57,2.61,1.53,2.5,1.57,2.65,1.51,2.54
ATP,2012,37,London,Wimbledon,2012-07-03,Grand Slam,Outdoor,Grass,4th Round,5,Mayer F.,Gasquet R.,29.0,19.0,1230,1600.0,6.0,3.0,6.0,1.0,3.0,6.0,6.0,2.0,,,3.0,1.0,Completed,4.5,1.2,4.4,1.2,4.0,1.25,5.14,1.21,4.5,1.2,5.14,1.25,4.37,1.21
ATP,2012,37,London,Wimbledon,2012-07-03,Grand Slam,Outdoor,Grass,4th Round,5,Tsonga J.W.,Fish M.,6.0,12.0,5230,2535.0,4.0,6.0,7.0,6.0,6.0,4.0,6.0,4.0,,,3.0,1.0,Completed,1.16,5.0,1.2,4.4,1.22,4.33,1.21,5.14,1.22,4.0,1.25,5.14,1.2,4.48
ATP,2012,37,London,Wimbledon,2012-07-03,Grand Slam,Outdoor,Grass,4th Round,5,Murray A.,Cilic M.,4.0,18.0,6980,1655.0,7.0,5.0,6.0,2.0,6.0,3.0,,,,,3.0,0.0,Completed,1.16,5.0,1.2,4.4,1.22,4.33,1.23,4.8,1.2,4.5,1.25,5.0,1.2,4.46
ATP,2012,37,London,Wimbledon,2012-07-03,Grand Slam,Outdoor,Grass,4th Round,5,Ferrer D.,Del Potro J.M.,5.0,9.0,5250,3180.0,6.0,3.0,6.0,2.0,6.0,3.0,,,,,3.0,0.0,Completed,2.2,1.66,2.14,1.69,2.2,1.67,2.36,1.68,2.25,1.62,2.36,1.72,2.19,1.67
ATP,2012,37,London,Wimbledon,2012-07-04,Grand Slam,Outdoor,Grass,Quarterfinals,5,Djokovic N.,Mayer F.,1.0,29.0,12280,1230.0,6.0,4.0,6.0,1.0,6.0,4.0,,,,,3.0,0.0,Completed,1.02,17.0,1.03,12.0,1.02,13.0,1.04,18.0,1.03,13.0,1.04,21.0,1.03,13.65
ATP,2012,37,London,Wimbledon,2012-07-04,Grand Slam,Outdoor,Grass,Quarterfinals,5,Federer R.,Youzhny M.,3.0,33.0,9435,1210.0,6.0,1.0,6.0,2.0,6.0,2.0,,,,,3.0,0.0,Completed,1.1,7.0,1.13,5.75,1.11,6.5,1.14,7.06,1.1,7.0,1.15,7.5,1.12,6.2
ATP,2012,37,London,Wimbledon,2012-07-04,Grand Slam,Outdoor,Grass,Quarterfinals,5,Murray A.,Ferrer D.,4.0,5.0,6980,5250.0,6.0,7.0,7.0,6.0,6.0,4.0,7.0,6.0,,,3.0,1.0,Completed,1.44,2.75,1.45,2.7,1.44,2.62,1.54,2.7,1.44,2.75,1.54,2.81,1.47,2.66
ATP,2012,37,London,Wimbledon,2012-07-04,Grand Slam,Outdoor,Grass,Quarterfinals,5,Tsonga J.W.,Kohlschreiber P.,6.0,30.0,5230,1220.0,7.0,6.0,4.0,6.0,7.0,6.0,6.0,2.0,,,3.0,1.0,Completed,1.3,3.5,1.35,3.15,1.33,3.4,1.34,3.62,1.29,3.5,1.36,3.62,1.33,3.31
ATP,2012,37,London,Wimbledon,2012-07-06,Grand Slam,Outdoor,Grass,Semifinals,5,Federer R.,Djokovic N.,3.0,1.0,9435,12280.0,6.0,3.0,3.0,6.0,6.0,4.0,6.0,3.0,,,3.0,1.0,Completed,2.87,1.44,2.9,1.4,3.0,1.4,2.94,1.48,3.0,1.36,3.06,1.48,2.87,1.42
ATP,2012,37,London,Wimbledon,2012-07-06,Grand Slam,Outdoor,Grass,Semifinals,5,Murray A.,Tsonga J.W.,4.0,6.0,6980,5230.0,6.0,3.0,6.0,4.0,3.0,6.0,7.0,5.0,,,3.0,1.0,Completed,1.4,3.0,1.4,2.9,1.44,2.75,1.43,3.16,1.4,2.88,1.47,3.2,1.41,2.89
ATP,2012,37,London,Wimbledon,2012-07-08,Grand Slam,Outdoor,Grass,The Final,5,Federer R.,Murray A.,3.0,4.0,9435,6980.0,4.0,6.0,7.0,5.0,6.0,3.0,6.0,4.0,,,3.0,1.0,Completed,1.5,2.75,1.45,2.7,1.5,2.75,1.5,2.89,1.5,2.75,1.51,3.04,1.45,2.76
ATP,2012,51,New York,US Open,2012-08-27,Grand Slam,Outdoor,Hard,1st Round,5,Nishikori K.,Andreozzi G.,18.0,222.0,1790,216.0,6.0,1.0,6.0,2.0,6.0,4.0,,,,,3.0,0.0,Completed,1.04,13.0,1.04,10.0,1.04,9.0,1.04,14.5,1.04,10.0,1.06,14.6,1.04,10.66
ATP,2012,51,New York,US Open,2012-08-27,Grand Slam,Outdoor,Hard,1st Round,5,Granollers M.,Kudla D.,24.0,161.0,1555,324.0,6.0,3.0,4.0,6.0,6.0,3.0,7.0,6.0,,,3.0,1.0,Completed,1.14,5.5,1.16,5.0,1.17,4.5,1.13,7.38,1.14,5.0,1.25,7.38,1.15,5.28
ATP,2012,51,New York,US Open,2012-08-27,Grand Slam,Outdoor,Hard,1st Round,5,Smyczek T.,Reynolds B.,179.0,151.0,284,350.0,1.0,6.0,6.0,4.0,6.0,2.0,4.0,6.0,6.0,4.0,3.0,2.0,Completed,2.0,1.72,2.12,1.7,2.1,1.67,1.98,1.93,2.0,1.73,2.13,1.93,1.99,1.78
ATP,2012,51,New York,US Open,2012-08-27,Grand Slam,Outdoor,Hard,1st Round,5,Blake J.,Lacko L.,114.0,54.0,482,818.0,7.0,5.0,6.0,2.0,3.0,6.0,6.0,3.0,,,3.0,1.0,Completed,1.36,3.0,1.4,2.9,1.36,3.0,1.46,2.95,1.44,2.75,1.46,3.08,1.41,2.84
ATP,2012,51,New York,US Open,2012-08-27,Grand Slam,Outdoor,Hard,1st Round,5,Dodig I.,Moriya H.,118.0,231.0,475,208.0,6.0,0.0,6.0,1.0,6.0,2.0,,,,,3.0,0.0,Completed,1.22,4.0,1.25,3.85,1.29,3.5,1.25,4.42,1.25,3.5,1.3,4.42,1.24,3.91
ATP,2012,51,New York,US Open,2012-08-27,Grand Slam,Outdoor,Hard,1st Round,5,Murray A.,Bogomolov A.,4.0,73.0,7290,655.0,6.0,2.0,6.0,4.0,6.0,1.0,,,,,3.0,0.0,Completed,1.01,26.0,1.01,20.0,1.01,21.0,1.01,27.22,1.01,17.0,1.02,51.0,1.01,22.04
ATP,2012,51,New York,US Open,2012-08-27,Grand Slam,Outdoor,Hard,1st Round,5,Sock J.,Mayer F.,243.0,23.0,192,1580.0,6.0,3.0,6.0,2.0,3.0,2.0,,,,,2.0,0.0,Retired,5.0,1.16,5.0,1.16,5.5,1.12,5.98,1.17,5.0,1.14,6.0,1.18,5.15,1.16
ATP,2012,51,New York,US Open,2012-08-27,Grand Slam,Outdoor,Hard,1st Round,5,Davydenko N.,Pella G.,47.0,152.0,920,345.0,7.0,5.0,3.0,6.0,6.0,4.0,6.0,2.0,,,3.0,1.0,Completed,1.36,3.0,1.42,2.8,1.36,3.0,1.36,3.44,1.33,3.0,1.43,3.44,1.38,3.01
ATP,2012,51,New York,US Open,2012-08-27,Grand Slam,Outdoor,Hard,1st Round,5,Ramos A.,Ginepri R.,50.0,234.0,855,206.0,6.0,7.0,7.0,5.0,6.0,4.0,6.0,0.0,,,3.0,1.0,Completed,1.61,2.2,1.72,2.1,1.67,2.1,1.76,2.19,1.73,2.1,1.82,2.25,1.7,2.11
ATP,2012,51,New York,US Open,2012-08-27,Grand Slam,Outdoor,Hard,1st Round,5,Mathieu P.H.,Andreev I.,128.0,100.0,438,551.0,2.0,6.0,4.0,6.0,7.0,6.0,7.0,6.0,6.0,1.0,3.0,2.0,Completed,1.36,3.0,1.4,2.9,1.4,2.75,1.44,3.05,1.44,2.63,1.55,3.15,1.41,2.85
ATP,2012,51,New York,US Open,2012-08-27,Grand Slam,Outdoor,Hard,1st Round,5,Cipolla F.,Kavcic B.,87.0,77.0,601,649.0,6.0,4.0,7.0,6.0,3.0,6.0,6.0,3.0,,,3.0,1.0,Completed,1.5,2.5,1.6,2.3,1.62,2.2,1.59,2.53,1.57,2.38,1.7,2.58,1.57,2.37
ATP,2012,51,New York,US Open,2012-08-27,Grand Slam,Outdoor,Hard,1st Round,5,Ebden M.,Ito T.,71.0,67.0,666,684.0,7.0,6.0,6.0,3.0,6.0,2.0,,,,,3.0,0.0,Completed,2.0,1.72,2.0,1.78,1.83,1.83,1.95,1.95,2.0,1.73,2.06,1.95,1.98,1.78
ATP,2012,51,New York,US Open,2012-08-27,Grand Slam,Outdoor,Hard,1st Round,5,Chardy J.,Volandri F.,32.0,72.0,1168,660.0,6.0,3.0,6.0,4.0,6.0,3.0,,,,,3.0,0.0,Completed,1.04,13.0,1.03,12.0,1.04,9.0,1.05,13.0,1.05,9.0,1.05,13.6,1.04,10.81
ATP,2012,51,New York,US Open,2012-08-27,Grand Slam,Outdoor,Hard,1st Round,5,Brands D.,Ungur A.,123.0,110.0,451,502.0,7.0,6.0,6.0,4.0,7.0,6.0,,,,,3.0,0.0,Completed,1.33,3.25,1.35,3.15,1.36,3.0,1.3,3.93,1.33,3.0,1.4,3.93,1.33,3.25
ATP,2012,51,New York,US Open,2012-08-27,Grand Slam,Outdoor,Hard,1st Round,5,Fish M.,Soeda G.,25.0,55.0,1535,816.0,7.0,6.0,7.0,6.0,6.0,3.0,,,,,3.0,0.0,Completed,1.06,10.0,1.06,8.5,1.06,8.5,1.07,10.25,1.04,9.0,1.07,11.75,1.05,9.49
ATP,2012,51,New York,US Open,2012-08-27,Grand Slam,Outdoor,Hard,1st Round,5,Phau B.,Authom M.,83.0,192.0,615,265.0,6.0,2.0,4.0,6.0,6.0,4.0,7.0,6.0,,,3.0,1.0,Completed,1.57,2.25,1.65,2.2,1.62,2.2,1.67,2.36,1.53,2.38,1.69,2.38,1.62,2.25
ATP,2012,51,New York,US Open,2012-08-27,Grand Slam,Outdoor,Hard,1st Round,5,Verdasco F.,Machado R.,26.0,131.0,1525,421.0,6.0,1.0,6.0,2.0,6.0,4.0,,,,,3.0,0.0,Completed,1.08,8.0,1.07,8.0,1.06,8.0,1.11,8.17,1.07,8.0,1.11,8.17,1.08,7.51
ATP,2012,51,New York,US Open,2012-08-28,Grand Slam,Outdoor,Hard,1st Round,5,Simon G.,Russell M.,17.0,107.0,1890,527.0,7.0,6.0,3.0,6.0,5.0,7.0,6.0,4.0,6.0,1.0,3.0,2.0,Completed,1.18,4.5,1.18,4.75,1.17,4.5,1.22,4.93,1.2,4.0,1.24,5.0,1.19,4.52
ATP,2012,51,New York,US Open,2012-08-28,Grand Slam,Outdoor,Hard,1st Round,5,Cilic M.,Matosevic M.,13.0,62.0,2185,740.0,5.0,7.0,2.0,6.0,6.0,4.0,6.0,2.0,6.0,4.0,3.0,2.0,Completed,1.06,10.0,1.06,8.75,1.08,7.0,1.08,9.65,1.08,6.5,1.1,10.3,1.07,8.23
ATP,2012,51,New York,US Open,2012-08-28,Grand Slam,Outdoor,Hard,1st Round,5,Klizan M.,Falla A.,52.0,51.0,828,845.0,6.0,4.0,6.0,1.0,6.0,2.0,,,,,3.0,0.0,Completed,1.8,1.9,1.78,2.0,1.73,2.0,1.93,1.97,1.8,2.0,1.93,2.0,1.81,1.94
ATP,2012,51,New York,US Open,2012-08-28,Grand Slam,Outdoor,Hard,1st Round,5,Zopp J.,Istomin D.,80.0,33.0,640,1122.0,3.0,6.0,6.0,3.0,6.0,3.0,7.0,5.0,,,3.0,1.0,Completed,4.33,1.2,3.85,1.25,3.75,1.25,4.61,1.24,4.0,1.2,4.61,1.28,4.07,1.23
ATP,2012,51,New York,US Open,2012-08-28,Grand Slam,Outdoor,Hard,1st Round,5,Federer R.,Young D.,1.0,81.0,12165,630.0,6.0,3.0,6.0,2.0,6.0,4.0,,,,,3.0,0.0,Completed,1.0,41.0,1.01,20.0,1.0,26.0,1.0,71.0,1.0,21.0,1.01,71.0,1.01,32.32
ATP,2012,51,New York,US Open,2012-08-28,Grand Slam,Outdoor,Hard,1st Round,5,Lopez F.,Haase R.,31.0,48.0,1220,875.0,6.0,3.0,7.0,5.0,6.0,2.0,,,,,3.0,0.0,Completed,1.66,2.1,1.65,2.2,1.62,2.2,1.8,2.13,1.73,2.1,1.8,2.21,1.69,2.12
ATP,2012,51,New York,US Open,2012-08-28,Grand Slam,Outdoor,Hard,1st Round,5,Ramirez-Hidalgo R.,Devvarman S.,50.0,473.0,855,73.0,6.0,3.0,6.0,2.0,3.0,6.0,6.0,4.0,,,3.0,1.0,Completed,1.28,3.5,1.32,3.3,1.33,3.25,1.3,3.92,1.29,3.25,1.4,3.92,1.3,3.53
ATP,2012,51,New York,US Open,2012-08-28,Grand Slam,Outdoor,Hard,1st Round,5,Berdych T.,Goffin D.,7.0,56.0,4200,791.0,7.0,5.0,6.0,3.0,6.0,3.0,,,,,3.0,0.0,Completed,1.11,6.5,1.13,5.75,1.14,5.0,1.14,6.87,1.13,6.0,1.18,7.3,1.13,5.91
ATP,2012,51,New York,US Open,2012-08-28,Grand Slam,Outdoor,Hard,1st Round,5,Andujar P.,Bellucci T.,37.0,40.0,1065,967.0,7.0,6.0,3.0,6.0,7.0,6.0,7.0,5.0,,,3.0,1.0,Completed,4.0,1.22,3.85,1.25,3.75,1.25,4.94,1.22,3.75,1.25,4.94,1.29,4.15,1.23
ATP,2012,51,New York,US Open,2012-08-28,Grand Slam,Outdoor,Hard,1st Round,5,Raonic M.,Giraldo S.,16.0,46.0,1900,933.0,6.0,3.0,4.0,6.0,3.0,6.0,6.0,4.0,6.0,4.0,3.0,2.0,Completed,1.07,9.0,1.08,7.5,1.06,8.0,1.08,9.65,1.07,8.0,1.1,10.0,1.07,8.14
ATP,2012,51,New York,US Open,2012-08-28,Grand Slam,Outdoor,Hard,1st Round,5,Wang J.,Karlovic I.,182.0,75.0,276,651.0,7.0,6.0,6.0,7.0,6.0,1.0,6.0,4.0,,,3.0,1.0,Completed,2.1,1.66,2.12,1.7,2.1,1.67,2.37,1.66,2.1,1.67,2.4,1.82,2.18,1.66
ATP,2012,51,New York,US Open,2012-08-28,Grand Slam,Outdoor,Hard,1st Round,5,Almagro N.,Stepanek R.,12.0,38.0,2305,1020.0,6.0,4.0,6.0,7.0,6.0,3.0,6.0,4.0,,,3.0,1.0,Completed,1.83,1.83,1.87,1.9,1.83,1.83,2.0,1.91,1.8,2.0,2.0,2.11,1.88,1.87
ATP,2012,51,New York,US Open,2012-08-28,Grand Slam,Outdoor,Hard,1st Round,5,Tsonga J.W.,Beck K.,6.0,143.0,4835,370.0,6.0,3.0,6.0,1.0,7.0,6.0,,,,,3.0,0.0,Completed,1.02,17.0,1.01,15.0,1.02,13.0,1.03,17.5,1.04,9.0,1.04,19.0,1.03,13.56
ATP,2012,51,New York,US Open,2012-08-28,Grand Slam,Outdoor,Hard,1st Round,5,Petzschner P.,Mahut N.,106.0,60.0,534,744.0,1.0,6.0,4.0,6.0,6.0,4.0,7.0,5.0,7.0,6.0,3.0,2.0,Completed,1.72,2.0,1.82,1.95,1.67,2.1,1.75,2.2,1.8,1.91,2.0,2.7,1.74,2.06
ATP,2012,51,New York,US Open,2012-08-28,Grand Slam,Outdoor,Hard,1st Round,5,Darcis S.,Jaziri M.,74.0,89.0,655,587.0,3.0,6.0,6.0,1.0,6.0,1.0,6.0,1.0,,,3.0,1.0,Completed,1.2,4.33,1.25,3.85,1.2,4.33,1.24,4.55,1.22,4.0,1.26,4.55,1.23,4.06
ATP,2012,51,New York,US Open,2012-08-28,Grand Slam,Outdoor,Hard,1st Round,5,Roddick A.,Williams R.,22.0,289.0,1600,160.0,6.0,3.0,6.0,4.0,6.0,4.0,,,,,3.0,0.0,Completed,1.07,9.0,1.1,6.5,1.1,7.0,1.08,10.25,1.07,7.0,1.12,10.25,1.08,8.07
ATP,2012,51,New York,US Open,2012-08-28,Grand Slam,Outdoor,Hard,1st Round,5,Querrey S.,Lu Y.H.,28.0,64.0,1350,699.0,6.0,7.0,6.0,4.0,6.0,4.0,7.0,5.0,,,3.0,1.0,Completed,1.12,6.0,1.13,5.75,1.14,5.0,1.14,6.87,1.13,5.5,1.22,6.87,1.14,5.71
ATP,2012,51,New York,US Open,2012-08-28,Grand Slam,Outdoor,Hard,1st Round,5,Novikov D.,Janowicz J.,1098.0,86.0,6,602.0,6.0,2.0,7.0,6.0,3.0,6.0,6.0,3.0,,,3.0,1.0,Completed,11.0,1.05,8.5,1.06,8.5,1.05,12.5,1.06,8.0,1.05,13.75,1.07,9.91,1.05
ATP,2012,51,New York,US Open,2012-08-28,Grand Slam,Outdoor,Hard,1st Round,5,Wawrinka S.,Stakhovsky S.,19.0,98.0,1730,553.0,6.0,7.0,7.0,6.0,6.0,4.0,6.0,2.0,,,3.0,1.0,Completed,1.18,4.5,1.18,4.75,1.17,4.5,1.24,4.58,1.17,4.5,1.24,5.71,1.18,4.69
ATP,2012,51,New York,US Open,2012-08-28,Grand Slam,Outdoor,Hard,1st Round,5,Garcia-Lopez G.,Monaco J.,68.0,11.0,681,2735.0,3.0,6.0,1.0,6.0,6.0,4.0,7.0,6.0,7.0,6.0,3.0,2.0,Completed,4.5,1.18,4.4,1.2,4.33,1.22,4.54,1.24,4.0,1.2,5.44,1.24,4.45,1.2
ATP,2012,51,New York,US Open,2012-08-28,Grand Slam,Outdoor,Hard,1st Round,5,Fognini F.,Roger-Vasselin E.,59.0,104.0,745,536.0,3.0,6.0,5.0,7.0,6.0,4.0,6.0,4.0,7.0,5.0,3.0,2.0,Completed,1.61,2.2,1.65,2.2,1.67,2.1,1.59,2.53,1.67,2.1,1.69,2.53,1.62,2.26
ATP,2012,51,New York,US Open,2012-08-28,Grand Slam,Outdoor,Hard,1st Round,5,Benneteau J.,Rochus O.,35.0,105.0,1075,536.0,7.0,6.0,6.0,2.0,6.0,3.0,,,,,3.0,0.0,Completed,1.22,4.0,1.3,3.45,1.29,3.5,1.28,4.14,1.29,3.5,1.35,4.14,1.28,3.63
ATP,2012,51,New York,US Open,2012-08-28,Grand Slam,Outdoor,Hard,1st Round,5,Baghdatis M.,Bachinger M.,39.0,115.0,995,482.0,6.0,2.0,4.0,6.0,6.0,4.0,6.0,7.0,7.0,6.0,3.0,2.0,Completed,1.18,4.5,1.25,3.85,1.2,4.33,1.22,4.81,1.2,4.0,1.25,4.81,1.21,4.29
ATP,2012,51,New York,US Open,2012-08-28,Grand Slam,Outdoor,Hard,1st Round,5,Dutra Silva R.,Gabashvili T.,112.0,174.0,499,289.0,4.0,6.0,6.0,4.0,6.0,7.0,6.0,3.0,7.0,5.0,3.0,2.0,Completed,2.75,1.4,2.55,1.5,2.5,1.5,2.97,1.45,2.38,1.53,2.97,1.53,2.68,1.46
ATP,2012,51,New York,US Open,2012-08-28,Grand Slam,Outdoor,Hard,1st Round,5,Tomic B.,Berlocq C.,43.0,44.0,950,950.0,4.0,6.0,7.0,5.0,6.0,3.0,6.0,4.0,,,3.0,1.0,Completed,1.22,4.0,1.2,4.4,1.2,4.33,1.29,4.05,1.2,4.0,1.29,4.4,1.23,4.04
ATP,2012,51,New York,US Open,2012-08-29,Grand Slam,Outdoor,Hard,1st Round,5,Dolgopolov O.,Levine J.,15.0,76.0,1905,651.0,3.0,6.0,4.0,6.0,6.0,4.0,6.0,1.0,6.0,2.0,3.0,2.0,Completed,1.22,4.0,1.2,4.35,1.17,4.5,1.23,4.77,1.29,3.25,1.3,4.77,1.22,4.19
ATP,2012,51,New York,US Open,2012-08-29,Grand Slam,Outdoor,Hard,1st Round,5,Djokovic N.,Lorenzi P.,2.0,69.0,11270,674.0,6.0,1.0,6.0,0.0,6.0,1.0,,,,,3.0,0.0,Completed,1.002,34.0,1.01,20.0,1.0,26.0,1.0,91.0,1.0,21.0,1.01,91.5,1.01,36.2
ATP,2012,51,New York,US Open,2012-08-29,Grand Slam,Outdoor,Hard,1st Round,5,Sijsling I.,Gimeno-Traver D.,78.0,96.0,645,564.0,7.0,5.0,6.0,3.0,6.0,4.0,,,,,3.0,0.0,Completed,1.22,4.0,1.23,4.0,1.25,3.75,1.32,3.77,1.22,3.75,1.32,4.45,1.24,3.9
ATP,2012,51,New York,US Open,2012-08-29,Grand Slam,Outdoor,Hard,1st Round,5,Stebe C.M.,Troicki V.,97.0,30.0,555,1255.0,6.0,4.0,6.0,4.0,3.0,6.0,6.0,2.0,,,3.0,1.0,Completed,4.33,1.2,3.85,1.25,4.0,1.22,4.3,1.26,4.0,1.2,4.6,1.27,4.01,1.23
ATP,2012,51,New York,US Open,2012-08-29,Grand Slam,Outdoor,Hard,1st Round,5,Muller G.,Youzhny M.,53.0,29.0,821,1290.0,2.0,6.0,3.0,6.0,7.0,5.0,7.0,6.0,7.0,6.0,3.0,2.0,Completed,3.5,1.28,3.45,1.3,3.4,1.3,3.7,1.33,3.0,1.33,4.1,1.4,3.42,1.3
ATP,2012,51,New York,US Open,2012-08-29,Grand Slam,Outdoor,Hard,1st Round,5,Ferrer D.,Anderson K.,5.0,34.0,5375,1110.0,6.0,4.0,6.0,2.0,7.0,6.0,,,,,3.0,0.0,Completed,1.11,6.5,1.12,6.0,1.12,6.0,1.14,6.87,1.11,6.0,1.18,7.1,1.11,6.19
ATP,2012,51,New York,US Open,2012-08-29,Grand Slam,Outdoor,Hard,1st Round,5,Tipsarevic J.,Rufin G.,9.0,129.0,3285,431.0,4.0,6.0,3.0,6.0,6.0,2.0,6.0,3.0,6.0,2.0,3.0,2.0,Completed,1.04,13.0,1.05,9.0,1.05,9.0,1.05,14.0,1.05,8.0,1.08,14.3,1.05,10.05
ATP,2012,51,New York,US Open,2012-08-29,Grand Slam,Outdoor,Hard,1st Round,5,Zemlja G.,Mello R.,99.0,167.0,553,306.0,7.0,5.0,7.0,6.0,7.0,5.0,,,,,3.0,0.0,Completed,1.38,2.87,1.45,2.7,1.44,2.62,1.45,2.97,1.4,2.75,1.5,3.1,1.43,2.76
ATP,2012,51,New York,US Open,2012-08-29,Grand Slam,Outdoor,Hard,1st Round,5,Mayer L.,Kubot L.,63.0,79.0,700,640.0,6.0,4.0,6.0,4.0,7.0,5.0,,,,,3.0,0.0,Completed,2.62,1.44,2.9,1.4,2.62,1.44,2.77,1.51,2.5,1.5,3.06,1.55,2.6,1.48
ATP,2012,51,New York,US Open,2012-08-29,Grand Slam,Outdoor,Hard,1st Round,5,Baker B.,Hajek J.,70.0,92.0,670,577.0,6.0,3.0,6.0,4.0,6.0,2.0,,,,,3.0,0.0,Completed,1.14,5.5,1.16,5.0,1.17,4.5,1.15,6.34,1.17,4.5,1.21,6.4,1.15,5.27
ATP,2012,51,New York,US Open,2012-08-29,Grand Slam,Outdoor,Hard,1st Round,5,Paire B.,Dimitrov G.,49.0,58.0,860,756.0,5.0,7.0,6.0,3.0,7.0,6.0,6.0,2.0,,,3.0,1.0,Completed,3.5,1.28,3.45,1.3,3.25,1.33,3.56,1.34,2.88,1.36,4.6,1.4,3.3,1.32
ATP,2012,51,New York,US Open,2012-08-29,Grand Slam,Outdoor,Hard,1st Round,5,Hewitt L.,Kamke T.,125.0,90.0,445,585.0,4.0,6.0,6.0,2.0,6.0,1.0,6.0,4.0,,,3.0,1.0,Completed,1.28,3.5,1.3,3.45,1.29,3.5,1.31,3.82,1.33,3.0,1.35,3.9,1.3,3.47
ATP,2012,51,New York,US Open,2012-08-29,Grand Slam,Outdoor,Hard,1st Round,5,Isner J.,Malisse X.,10.0,57.0,2880,776.0,6.0,3.0,7.0,6.0,5.0,7.0,7.0,6.0,,,3.0,1.0,Completed,1.12,6.0,1.13,5.75,1.14,5.5,1.15,6.45,1.17,4.5,1.17,8.2,1.14,5.57
ATP,2012,51,New York,US Open,2012-08-29,Grand Slam,Outdoor,Hard,1st Round,5,Nieminen J.,Kukushkin M.,42.0,65.0,957,694.0,6.0,0.0,6.0,2.0,,,,,,,2.0,0.0,Retired,1.72,2.0,1.8,1.98,1.73,2.0,1.81,2.12,1.67,2.1,2.0,2.25,1.78,1.99
ATP,2012,51,New York,US Open,2012-08-29,Grand Slam,Outdoor,Hard,1st Round,5,Gulbis E.,Haas T.,145.0,21.0,366,1633.0,3.0,6.0,4.0,6.0,6.0,4.0,7.0,5.0,6.0,3.0,3.0,2.0,Completed,4.0,1.22,4.15,1.22,3.5,1.29,4.38,1.26,3.75,1.22,4.5,1.3,4.07,1.23
ATP,2012,51,New York,US Open,2012-08-29,Grand Slam,Outdoor,Hard,1st Round,5,Gasquet R.,Montanes A.,14.0,111.0,2030,500.0,4.0,6.0,6.0,2.0,6.0,3.0,6.0,3.0,,,3.0,1.0,Completed,1.03,15.0,1.03,12.0,1.04,9.0,1.04,14.93,1.05,8.0,1.06,20.0,1.04,11.56
ATP,2012,51,New York,US Open,2012-08-29,Grand Slam,Outdoor,Hard,1st Round,5,Del Potro J.M.,Serra F.,8.0,116.0,3620,479.0,6.0,4.0,7.0,6.0,6.0,4.0,,,,,3.0,0.0,Completed,1.03,15.0,,,1.03,11.0,1.03,17.0,1.02,11.0,1.04,24.0,1.03,14.27
ATP,2012,51,New York,US Open,2012-08-29,Grand Slam,Outdoor,Hard,1st Round,5,Johnson S.,Ram R.,245.0,95.0,191,570.0,6.0,3.0,7.0,6.0,6.0,3.0,,,,,3.0,0.0,Completed,1.72,2.0,1.78,2.0,1.73,2.0,1.75,2.2,1.73,2.0,2.0,2.2,1.75,2.03
ATP,2012,51,New York,US Open,2012-08-29,Grand Slam,Outdoor,Hard,1st Round,5,Robredo T.,Seppi A.,178.0,27.0,285,1390.0,6.0,1.0,7.0,5.0,6.0,3.0,,,,,3.0,0.0,Completed,3.4,1.3,3.15,1.35,3.25,1.33,3.89,1.3,2.75,1.4,3.89,1.4,3.25,1.34
ATP,2012,51,New York,US Open,2012-08-29,Grand Slam,Outdoor,Hard,1st Round,5,Kohlschreiber P.,Llodra M.,20.0,101.0,1685,550.0,7.0,6.0,4.0,6.0,7.0,6.0,6.0,1.0,,,3.0,1.0,Completed,1.2,4.33,1.2,4.4,1.25,3.75,1.23,4.69,1.22,4.0,1.3,4.75,1.22,4.18
ATP,2012,51,New York,US Open,2012-08-29,Grand Slam,Outdoor,Hard,1st Round,5,Klahn B.,Melzer J.,489.0,36.0,68,1067.0,4.0,6.0,6.0,3.0,7.0,5.0,5.0,7.0,6.0,4.0,3.0,2.0,Completed,2.75,1.4,3.15,1.35,3.25,1.33,3.1,1.43,3.5,1.25,3.66,1.43,3.11,1.36
ATP,2012,51,New York,US Open,2012-08-29,Grand Slam,Outdoor,Hard,1st Round,5,Harrison R.,Becker B.,61.0,85.0,740,603.0,7.0,5.0,6.0,4.0,6.0,2.0,,,,,3.0,0.0,Completed,1.4,2.75,1.45,2.7,1.44,2.75,1.44,3.02,1.44,2.63,1.5,3.1,1.43,2.75
ATP,2012,51,New York,US Open,2012-08-30,Grand Slam,Outdoor,Hard,2nd Round,5,Murray A.,Dodig I.,4.0,118.0,7290,475.0,6.0,2.0,6.0,1.0,6.0,3.0,,,,,3.0,0.0,Completed,1.02,19.0,1.02,15.0,1.02,15.0,1.01,31.0,1.02,13.0,1.03,31.0,1.02,16.3
ATP,2012,51,New York,US Open,2012-08-30,Grand Slam,Outdoor,Hard,2nd Round,5,Almagro N.,Petzschner P.,12.0,106.0,2305,534.0,6.0,3.0,5.0,7.0,5.0,7.0,6.0,4.0,6.0,4.0,3.0,2.0,Completed,1.14,5.5,1.16,5.0,1.2,4.33,1.19,5.4,1.17,4.5,1.2,6.7,1.16,5.04
ATP,2012,51,New York,US Open,2012-08-30,Grand Slam,Outdoor,Hard,2nd Round,5,Nishikori K.,Smyczek T.,18.0,179.0,1790,284.0,6.0,2.0,6.0,2.0,6.0,4.0,,,,,3.0,0.0,Completed,1.14,5.5,1.16,5.0,1.17,4.5,1.18,5.72,1.17,5.0,1.2,6.3,1.16,5.13
ATP,2012,51,New York,US Open,2012-08-30,Grand Slam,Outdoor,Hard,2nd Round,5,Lopez F.,Andujar P.,31.0,37.0,1220,1065.0,6.0,4.0,6.0,1.0,6.0,7.0,3.0,6.0,7.0,5.0,3.0,2.0,Completed,1.33,3.25,1.35,3.15,1.3,3.4,1.34,3.6,1.36,3.0,1.4,3.85,1.34,3.22
ATP,2012,51,New York,US Open,2012-08-30,Grand Slam,Outdoor,Hard,2nd Round,5,Klizan M.,Tsonga J.W.,52.0,6.0,828,4835.0,6.0,4.0,1.0,6.0,6.0,1.0,6.0,3.0,,,3.0,1.0,Completed,13.0,1.04,9.0,1.05,10.0,1.04,14.5,1.04,10.0,1.04,16.0,1.05,11.43,1.04
ATP,2012,51,New York,US Open,2012-08-30,Grand Slam,Outdoor,Hard,2nd Round,5,Fish M.,Davydenko N.,25.0,47.0,1535,920.0,4.0,6.0,6.0,7.0,6.0,2.0,6.0,1.0,6.0,2.0,3.0,2.0,Completed,1.18,4.5,1.2,4.15,1.2,4.5,1.17,5.8,1.17,5.0,1.22,5.8,1.18,4.84
ATP,2012,51,New York,US Open,2012-08-30,Grand Slam,Outdoor,Hard,2nd Round,5,Sock J.,Cipolla F.,243.0,87.0,192,601.0,6.0,2.0,6.0,2.0,6.0,4.0,,,,,3.0,0.0,Completed,2.1,1.66,2.2,1.65,2.25,1.57,2.12,1.81,2.38,1.53,2.45,1.83,2.16,1.67
ATP,2012,51,New York,US Open,2012-08-30,Grand Slam,Outdoor,Hard,2nd Round,5,Cilic M.,Brands D.,13.0,123.0,2185,451.0,6.0,3.0,6.0,2.0,5.0,7.0,4.0,6.0,7.0,5.0,3.0,2.0,Completed,1.05,11.0,1.07,8.0,1.03,10.0,1.05,13.0,1.08,7.5,1.08,22.0,1.05,9.73
ATP,2012,51,New York,US Open,2012-08-30,Grand Slam,Outdoor,Hard,2nd Round,5,Verdasco F.,Ramos A.,26.0,50.0,1525,855.0,7.0,6.0,5.0,7.0,7.0,6.0,6.0,4.0,,,3.0,1.0,Completed,1.2,4.33,1.2,4.4,1.17,4.5,1.29,3.97,1.2,4.33,1.29,5.05,1.22,4.25
ATP,2012,51,New York,US Open,2012-08-30,Grand Slam,Outdoor,Hard,2nd Round,5,Chardy J.,Ebden M.,32.0,71.0,1168,666.0,6.0,4.0,6.0,2.0,6.0,2.0,,,,,3.0,0.0,Completed,1.28,3.5,1.3,3.45,1.3,3.4,1.37,3.39,1.29,3.5,1.4,4.1,1.3,3.5
ATP,2012,51,New York,US Open,2012-08-30,Grand Slam,Outdoor,Hard,2nd Round,5,Raonic M.,Mathieu P.H.,16.0,128.0,1900,438.0,7.0,5.0,6.0,4.0,7.0,6.0,,,,,3.0,0.0,Completed,1.18,4.5,1.2,4.4,1.17,4.5,1.21,5.0,1.2,4.5,1.22,5.92,1.19,4.56
ATP,2012,51,New York,US Open,2012-08-30,Grand Slam,Outdoor,Hard,2nd Round,5,Querrey S.,Ramirez-Hidalgo R.,28.0,50.0,1350,855.0,6.0,3.0,6.0,4.0,6.0,3.0,,,,,3.0,0.0,Completed,1.02,17.0,1.04,10.0,1.04,10.0,1.02,21.0,1.05,9.0,1.05,21.0,1.03,12.46
ATP,2012,51,New York,US Open,2012-08-30,Grand Slam,Outdoor,Hard,2nd Round,5,Berdych T.,Zopp J.,7.0,80.0,4200,640.0,6.0,1.0,6.0,4.0,6.0,2.0,,,,,3.0,0.0,Completed,1.04,13.0,1.05,9.25,1.04,9.0,1.04,15.0,1.07,8.0,1.07,16.55,1.05,10.59
ATP,2012,51,New York,US Open,2012-08-30,Grand Slam,Outdoor,Hard,2nd Round,5,Simon G.,Wang J.,17.0,182.0,1890,276.0,6.0,4.0,4.0,6.0,6.0,4.0,6.0,4.0,,,3.0,1.0,Completed,1.2,4.33,1.23,4.0,1.2,4.33,1.22,4.85,1.25,3.75,1.26,4.85,1.23,4.14
ATP,2012,51,New York,US Open,2012-08-30,Grand Slam,Outdoor,Hard,2nd Round,5,Blake J.,Granollers M.,114.0,24.0,482,1555.0,6.0,1.0,6.0,4.0,6.0,2.0,,,,,3.0,0.0,Completed,2.0,1.72,2.1,1.72,2.0,1.75,2.03,1.88,2.1,1.73,2.3,2.1,2.01,1.77
ATP,2012,51,New York,US Open,2012-08-31,Grand Slam,Outdoor,Hard,2nd Round,5,Federer R.,Phau B.,1.0,83.0,12165,615.0,6.0,2.0,6.0,3.0,6.0,2.0,,,,,3.0,0.0,Completed,1.002,34.0,1.01,20.0,1.0,26.0,1.0,81.0,1.01,23.0,1.01,81.0,1.01,31.82
ATP,2012,51,New York,US Open,2012-08-31,Grand Slam,Outdoor,Hard,2nd Round,5,Johnson S.,Gulbis E.,245.0,145.0,191,366.0,6.0,7.0,7.0,6.0,6.0,3.0,6.0,4.0,,,3.0,1.0,Completed,2.75,1.4,2.7,1.45,2.75,1.4,2.66,1.54,3.0,1.36,3.0,1.56,2.7,1.45
ATP,2012,51,New York,US Open,2012-08-31,Grand Slam,Outdoor,Hard,2nd Round,5,Ferrer D.,Sijsling I.,5.0,78.0,5375,645.0,6.0,2.0,6.0,3.0,7.0,6.0,,,,,3.0,0.0,Completed,1.04,13.0,1.05,9.0,1.04,10.0,1.05,14.0,1.07,8.0,1.09,17.0,1.04,10.78
ATP,2012,51,New York,US Open,2012-08-31,Grand Slam,Outdoor,Hard,2nd Round,5,Mayer L.,Robredo T.,63.0,178.0,700,285.0,6.0,1.0,6.0,4.0,4.0,6.0,7.0,5.0,,,3.0,1.0,Completed,2.37,1.53,2.4,1.55,2.38,1.53,2.58,1.57,2.38,1.57,2.6,1.67,2.37,1.57
ATP,2012,51,New York,US Open,2012-08-31,Grand Slam,Outdoor,Hard,2nd Round,5,Gasquet R.,Klahn B.,14.0,489.0,2030,68.0,6.0,3.0,6.0,3.0,6.0,1.0,,,,,3.0,0.0,Completed,1.06,10.0,1.08,7.5,1.06,8.0,1.07,11.25,1.07,8.0,1.1,14.5,1.06,8.91
ATP,2012,51,New York,US Open,2012-08-31,Grand Slam,Outdoor,Hard,2nd Round,5,Hewitt L.,Muller G.,125.0,53.0,445,821.0,3.0,6.0,7.0,6.0,6.0,7.0,7.0,5.0,6.0,4.0,3.0,2.0,Completed,1.53,2.37,1.55,2.4,1.53,2.38,1.65,2.4,1.53,2.5,1.67,2.75,1.56,2.39
ATP,2012,51,New York,US Open,2012-08-31,Grand Slam,Outdoor,Hard,2nd Round,5,Djokovic N.,Dutra Silva R.,2.0,112.0,11270,499.0,6.0,2.0,6.0,1.0,6.0,2.0,,,,,3.0,0.0,Completed,1.0,67.0,1.01,20.0,1.0,41.0,1.0,71.0,1.0,26.0,1.01,100.0,1.01,36.44
ATP,2012,51,New York,US Open,2012-08-31,Grand Slam,Outdoor,Hard,2nd Round,5,Del Potro J.M.,Harrison R.,8.0,61.0,3620,740.0,6.0,2.0,6.0,3.0,2.0,6.0,6.0,2.0,,,3.0,1.0,Completed,1.1,7.0,1.1,6.5,1.1,7.0,1.14,6.72,1.07,8.0,1.14,8.7,1.1,6.89
ATP,2012,51,New York,US Open,2012-08-31,Grand Slam,Outdoor,Hard,2nd Round,5,Wawrinka S.,Darcis S.,19.0,74.0,1730,655.0,6.0,7.0,6.0,3.0,4.0,6.0,6.0,1.0,7.0,5.0,3.0,2.0,Completed,1.18,4.5,1.2,4.4,1.2,4.33,1.23,4.77,1.22,4.0,1.25,5.1,1.21,4.32
ATP,2012,51,New York,US Open,2012-08-31,Grand Slam,Outdoor,Hard,2nd Round,5,Dolgopolov O.,Baghdatis M.,15.0,39.0,1905,995.0,6.0,4.0,3.0,6.0,6.0,0.0,7.0,6.0,,,3.0,1.0,Completed,1.53,2.37,1.55,2.4,1.53,2.38,1.57,2.58,1.57,2.38,1.65,2.58,1.57,2.36
ATP,2012,51,New York,US Open,2012-08-31,Grand Slam,Outdoor,Hard,2nd Round,5,Isner J.,Nieminen J.,10.0,42.0,2880,957.0,6.0,3.0,6.0,7.0,6.0,4.0,6.0,3.0,,,3.0,1.0,Completed,1.08,8.0,1.1,6.0,1.08,7.5,1.09,9.5,1.1,7.0,1.12,9.8,1.09,7.29
ATP,2012,51,New York,US Open,2012-08-31,Grand Slam,Outdoor,Hard,2nd Round,5,Tipsarevic J.,Baker B.,9.0,70.0,3285,670.0,6.0,4.0,6.0,3.0,6.0,4.0,,,,,3.0,0.0,Completed,1.25,3.75,1.3,3.45,1.25,4.0,1.37,3.39,1.22,4.0,1.37,4.05,1.29,3.53
ATP,2012,51,New York,US Open,2012-08-31,Grand Slam,Outdoor,Hard,2nd Round,5,Fognini F.,Garcia-Lopez G.,59.0,68.0,745,681.0,6.0,4.0,6.0,4.0,6.0,2.0,,,,,3.0,0.0,Completed,2.1,1.66,2.12,1.7,2.1,1.67,2.09,1.83,2.1,1.73,2.2,1.83,2.07,1.73
ATP,2012,51,New York,US Open,2012-08-31,Grand Slam,Outdoor,Hard,2nd Round,5,Zemlja G.,Stebe C.M.,99.0,97.0,553,555.0,6.0,4.0,2.0,6.0,6.0,4.0,6.0,4.0,,,3.0,1.0,Completed,1.8,1.9,1.82,1.95,1.73,2.0,2.08,1.84,1.8,2.0,2.08,2.0,1.86,1.9
ATP,2012,51,New York,US Open,2012-08-31,Grand Slam,Outdoor,Hard,2nd Round,5,Benneteau J.,Novikov D.,35.0,1098.0,1075,6.0,3.0,6.0,6.0,4.0,7.0,6.0,7.0,5.0,,,3.0,1.0,Completed,1.05,11.0,1.13,5.75,1.08,7.0,1.26,4.37,1.05,9.0,1.26,10.5,1.14,5.94
ATP,2012,51,New York,US Open,2012-08-31,Grand Slam,Outdoor,Hard,2nd Round,5,Kohlschreiber P.,Paire B.,20.0,49.0,1685,860.0,6.0,7.0,6.0,3.0,3.0,6.0,6.0,2.0,7.0,6.0,3.0,2.0,Completed,1.2,4.33,1.25,3.85,1.22,4.0,1.24,4.65,1.25,3.75,1.28,19.72,1.23,4.49
ATP,2012,51,New York,US Open,2012-09-01,Grand Slam,Outdoor,Hard,2nd Round,5,Roddick A.,Tomic B.,22.0,43.0,1600,950.0,6.0,3.0,6.0,4.0,6.0,0.0,,,,,3.0,0.0,Completed,1.38,2.87,1.5,2.55,1.44,2.62,1.5,2.8,1.5,2.63,1.56,2.9,1.46,2.67
ATP,2012,51,New York,US Open,2012-09-01,Grand Slam,Outdoor,Hard,3rd Round,5,Almagro N.,Sock J.,12.0,243.0,2305,192.0,7.0,6.0,6.0,7.0,7.0,6.0,6.0,1.0,,,3.0,1.0,Completed,1.22,4.0,1.25,3.85,1.22,4.33,1.27,4.3,1.17,5.0,1.29,5.0,1.23,4.07
ATP,2012,51,New York,US Open,2012-09-01,Grand Slam,Outdoor,Hard,3rd Round,5,Cilic M.,Nishikori K.,13.0,18.0,2185,1790.0,6.0,3.0,6.0,4.0,6.0,7.0,6.0,3.0,,,3.0,1.0,Completed,2.2,1.61,2.2,1.65,2.1,1.73,2.15,1.8,2.25,1.62,2.44,1.8,2.15,1.68
ATP,2012,51,New York,US Open,2012-09-01,Grand Slam,Outdoor,Hard,3rd Round,5,Klizan M.,Chardy J.,52.0,32.0,828,1168.0,6.0,4.0,6.0,4.0,6.0,4.0,,,,,3.0,0.0,Completed,2.37,1.53,2.4,1.55,2.38,1.57,2.38,1.67,2.38,1.57,2.5,1.85,2.37,1.57
ATP,2012,51,New York,US Open,2012-09-01,Grand Slam,Outdoor,Hard,3rd Round,5,Murray A.,Lopez F.,4.0,31.0,7290,1220.0,7.0,6.0,7.0,6.0,4.0,6.0,7.0,6.0,,,3.0,1.0,Completed,1.02,17.0,1.05,9.0,1.04,10.0,1.03,21.0,1.04,10.0,1.05,21.0,1.03,12.99
ATP,2012,51,New York,US Open,2012-09-01,Grand Slam,Outdoor,Hard,3rd Round,5,Federer R.,Verdasco F.,1.0,26.0,12165,1525.0,6.0,3.0,6.0,4.0,6.0,4.0,,,,,3.0,0.0,Completed,1.02,19.0,1.02,15.0,1.02,13.0,1.02,25.5,1.02,13.0,1.03,25.5,1.02,15.62
ATP,2012,51,New York,US Open,2012-09-01,Grand Slam,Outdoor,Hard,3rd Round,5,Raonic M.,Blake J.,16.0,114.0,1900,482.0,6.0,3.0,6.0,0.0,7.0,6.0,,,,,3.0,0.0,Completed,1.33,3.25,1.35,3.15,1.33,3.25,1.38,3.37,1.25,3.75,1.4,3.75,1.35,3.19
ATP,2012,51,New York,US Open,2012-09-01,Grand Slam,Outdoor,Hard,3rd Round,5,Berdych T.,Querrey S.,7.0,28.0,4200,1350.0,6.0,7.0,6.0,4.0,6.0,3.0,6.0,2.0,,,3.0,1.0,Completed,1.36,3.0,1.35,3.15,1.36,3.0,1.4,3.28,1.36,3.0,1.42,3.35,1.36,3.1
ATP,2012,51,New York,US Open,2012-09-02,Grand Slam,Outdoor,Hard,3rd Round,5,Fish M.,Simon G.,25.0,17.0,1535,1890.0,6.0,1.0,5.0,7.0,7.0,6.0,6.0,3.0,,,3.0,1.0,Completed,1.25,3.75,1.3,3.45,1.3,3.5,1.32,3.79,1.33,3.25,1.37,3.9,1.31,3.41
ATP,2012,51,New York,US Open,2012-09-02,Grand Slam,Outdoor,Hard,3rd Round,5,Ferrer D.,Hewitt L.,5.0,125.0,5375,445.0,7.0,6.0,4.0,6.0,6.0,3.0,6.0,0.0,,,3.0,1.0,Completed,1.08,8.0,1.1,6.5,1.1,7.0,1.08,10.5,1.13,6.0,1.14,10.5,1.09,7.36
ATP,2012,51,New York,US Open,2012-09-02,Grand Slam,Outdoor,Hard,3rd Round,5,Djokovic N.,Benneteau J.,2.0,35.0,11270,1075.0,6.0,3.0,6.0,2.0,6.0,2.0,,,,,3.0,0.0,Completed,1.01,21.0,1.02,15.0,1.02,15.0,1.01,36.0,1.02,13.0,1.02,36.0,1.01,19.6
ATP,2012,51,New York,US Open,2012-09-02,Grand Slam,Outdoor,Hard,3rd Round,5,Del Potro J.M.,Mayer L.,8.0,63.0,3620,700.0,6.0,3.0,7.0,5.0,7.0,6.0,,,,,3.0,0.0,Completed,1.04,13.0,1.05,9.0,1.05,9.0,1.04,15.75,1.04,9.0,1.06,18.0,1.04,11.27
ATP,2012,51,New York,US Open,2012-09-02,Grand Slam,Outdoor,Hard,3rd Round,5,Roddick A.,Fognini F.,22.0,59.0,1600,745.0,7.0,5.0,7.0,6.0,4.0,6.0,6.0,4.0,,,3.0,1.0,Completed,1.14,5.5,1.14,5.45,1.14,5.0,1.17,6.16,1.14,5.5,1.18,6.38,1.15,5.38
ATP,2012,51,New York,US Open,2012-09-02,Grand Slam,Outdoor,Hard,3rd Round,5,Wawrinka S.,Dolgopolov O.,19.0,15.0,1730,1905.0,6.0,4.0,6.0,4.0,6.0,2.0,,,,,3.0,0.0,Completed,1.66,2.1,1.7,2.12,1.73,2.0,1.69,2.34,1.73,2.1,1.75,2.75,1.68,2.18
ATP,2012,51,New York,US Open,2012-09-02,Grand Slam,Outdoor,Hard,3rd Round,5,Tipsarevic J.,Zemlja G.,9.0,99.0,3285,553.0,6.0,4.0,6.0,3.0,7.0,5.0,,,,,3.0,0.0,Completed,1.11,6.5,1.12,6.0,1.07,7.5,1.13,7.51,1.14,5.5,1.17,8.7,1.12,6.3
ATP,2012,51,New York,US Open,2012-09-02,Grand Slam,Outdoor,Hard,3rd Round,5,Gasquet R.,Johnson S.,14.0,245.0,2030,191.0,7.0,6.0,6.0,2.0,6.0,3.0,,,,,3.0,0.0,Completed,1.1,7.0,1.13,5.75,1.12,6.0,1.14,7.21,1.13,6.0,1.15,7.21,1.13,5.95
ATP,2012,51,New York,US Open,2012-09-03,Grand Slam,Outdoor,Hard,3rd Round,5,Kohlschreiber P.,Isner J.,20.0,10.0,1685,2880.0,6.0,4.0,3.0,6.0,4.0,6.0,6.0,3.0,6.0,4.0,3.0,2.0,Completed,3.5,1.28,3.85,1.25,4.0,1.25,4.55,1.25,3.5,1.29,4.55,1.29,3.91,1.25
ATP,2012,51,New York,US Open,2012-09-03,Grand Slam,Outdoor,Hard,4th Round,5,Berdych T.,Almagro N.,7.0,12.0,4200,2305.0,7.0,6.0,6.0,4.0,6.0,1.0,,,,,3.0,0.0,Completed,1.22,4.33,1.23,4.0,1.25,4.0,1.28,4.2,1.25,3.75,1.31,4.8,1.24,3.97
ATP,2012,51,New York,US Open,2012-09-03,Grand Slam,Outdoor,Hard,4th Round,5,Federer R.,Fish M.,1.0,25.0,12165,1535.0,,,,,,,,,,,,,Walkover,1.05,11.0,1.05,9.0,1.06,8.5,1.06,13.4,1.05,9.0,1.07,9.0,1.05,8.34
ATP,2012,51,New York,US Open,2012-09-03,Grand Slam,Outdoor,Hard,4th Round,5,Cilic M.,Klizan M.,13.0,52.0,2185,828.0,7.0,5.0,6.0,4.0,6.0,0.0,,,,,3.0,0.0,Completed,1.25,4.0,1.3,3.45,1.25,4.0,1.29,4.05,1.29,3.5,1.33,4.55,1.27,3.75
ATP,2012,51,New York,US Open,2012-09-04,Grand Slam,Outdoor,Hard,4th Round,5,Murray A.,Raonic M.,4.0,16.0,7290,1900.0,6.0,4.0,6.0,4.0,6.0,2.0,,,,,3.0,0.0,Completed,1.28,3.75,1.3,3.45,1.3,3.5,1.29,4.05,1.29,3.5,1.33,4.15,1.28,3.67
ATP,2012,51,New York,US Open,2012-09-04,Grand Slam,Outdoor,Hard,4th Round,5,Ferrer D.,Gasquet R.,5.0,14.0,5375,2030.0,7.0,5.0,7.0,6.0,6.0,4.0,,,,,3.0,0.0,Completed,1.28,3.75,1.3,3.25,1.3,3.5,1.32,3.84,1.3,3.5,1.35,4.2,1.29,3.6
ATP,2012,51,New York,US Open,2012-09-05,Grand Slam,Outdoor,Hard,4th Round,5,Tipsarevic J.,Kohlschreiber P.,9.0,20.0,3285,1685.0,6.0,3.0,7.0,6.0,6.0,2.0,,,,,3.0,0.0,Completed,1.44,2.75,1.5,2.55,1.44,2.62,1.52,2.76,1.5,2.63,1.52,2.85,1.46,2.67
ATP,2012,51,New York,US Open,2012-09-05,Grand Slam,Outdoor,Hard,4th Round,5,Djokovic N.,Wawrinka S.,2.0,19.0,11270,1730.0,6.0,4.0,6.0,1.0,3.0,1.0,,,,,2.0,0.0,Retired,1.02,17.0,1.05,9.0,1.04,10.0,1.03,21.0,,,1.06,21.0,1.04,11.99
ATP,2012,51,New York,US Open,2012-09-05,Grand Slam,Outdoor,Hard,4th Round,5,Del Potro J.M.,Roddick A.,8.0,22.0,3620,1600.0,6.0,7.0,7.0,6.0,6.0,2.0,6.0,4.0,,,3.0,1.0,Completed,1.25,4.0,1.3,3.45,1.29,3.75,1.29,4.05,1.29,3.5,1.35,4.05,1.3,3.25
ATP,2012,51,New York,US Open,2012-09-05,Grand Slam,Outdoor,Hard,Quarterfinals,5,Murray A.,Cilic M.,4.0,13.0,7290,2185.0,3.0,6.0,7.0,6.0,6.0,2.0,6.0,0.0,,,3.0,1.0,Completed,1.1,7.0,1.07,8.0,1.1,7.0,1.16,6.35,1.1,7.0,1.16,8.0,1.1,6.92
ATP,2012,51,New York,US Open,2012-09-06,Grand Slam,Outdoor,Hard,Quarterfinals,5,Berdych T.,Federer R.,7.0,1.0,4200,12165.0,7.0,6.0,6.0,4.0,3.0,6.0,6.0,3.0,,,3.0,1.0,Completed,5.5,1.14,5.0,1.16,5.0,1.17,6.0,1.17,5.5,1.14,6.3,1.21,5.24,1.16
ATP,2012,51,New York,US Open,2012-09-06,Grand Slam,Outdoor,Hard,Quarterfinals,5,Ferrer D.,Tipsarevic J.,5.0,9.0,5375,3285.0,6.0,3.0,6.0,7.0,2.0,6.0,6.0,3.0,7.0,6.0,3.0,2.0,Completed,1.36,3.2,1.35,3.0,1.4,3.0,1.41,3.2,1.36,3.0,1.7,3.3,1.39,3.01
ATP,2012,51,New York,US Open,2012-09-07,Grand Slam,Outdoor,Hard,Quarterfinals,5,Djokovic N.,Del Potro J.M.,2.0,8.0,11270,3620.0,6.0,2.0,7.0,6.0,6.0,4.0,,,,,3.0,0.0,Completed,1.12,6.0,1.16,5.0,1.17,5.0,1.17,6.16,1.17,5.0,1.18,6.7,1.15,5.34
ATP,2012,51,New York,US Open,2012-09-08,Grand Slam,Outdoor,Hard,Semifinals,5,Murray A.,Berdych T.,4.0,7.0,7290,4200.0,5.0,7.0,6.0,2.0,6.0,1.0,7.0,6.0,,,3.0,1.0,Completed,1.4,2.87,1.45,2.6,1.44,2.75,1.46,3.04,1.44,2.88,1.51,3.05,1.44,2.77
ATP,2012,51,New York,US Open,2012-09-09,Grand Slam,Outdoor,Hard,Semifinals,5,Djokovic N.,Ferrer D.,2.0,5.0,11270,5375.0,2.0,6.0,6.0,1.0,6.0,4.0,6.0,2.0,,,3.0,1.0,Completed,1.07,9.0,1.05,9.0,1.05,9.0,1.09,9.5,1.07,8.0,1.11,11.0,1.07,8.64
ATP,2012,51,New York,US Open,2012-09-10,Grand Slam,Outdoor,Hard,The Final,5,Murray A.,Djokovic N.,4.0,2.0,7290,11270.0,7.0,6.0,7.0,5.0,2.0,6.0,3.0,6.0,6.0,2.0,3.0,2.0,Completed,2.87,1.44,2.9,1.4,2.75,1.44,3.02,1.46,3.0,1.44,3.15,1.47,2.9,1.42
