Tour,Year,ATP,Location,Tournament,Date,Series,Court,Surface,Round,Best of,Winner,Loser,WRank,LRank,WPts,LPts,W1,L1,W2,L2,W3,L3,W4,L4,W5,L5,Wsets,Lsets,Comment,B365W,B365L,EXW,EXL,LBW,LBL,PSW,PSL,MaxW,MaxL,AvgW,AvgL
ATP,2017,6,Melbourne,Australian Open,2017-01-16,Grand Slam,Outdoor,Hard,1st Round,5,De Minaur A.,Melzer G.,301,87.0,164,648.0,5.0,7.0,6.0,3.0,2.0,6.0,7.0,6.0,6.0,1.0,3.0,2.0,Completed,2.5,1.53,2.2,1.52,2.5,1.53,2.5,1.6,2.62,1.6,2.45,1.54
ATP,2017,6,Melbourne,Australian Open,2017-01-16,Grand Slam,Outdoor,Hard,1st Round,5,Chardy J.,Almagro N.,72,42.0,705,1040.0,4.0,0.0,,,,,,,,,0.0,0.0,Retired,1.8,2.0,1.82,1.82,1.8,2.0,1.86,2.05,1.86,2.06,1.81,1.97
ATP,2017,6,Melbourne,Australian Open,2017-01-16,Grand Slam,Outdoor,Hard,1st Round,5,Troicki V.,Dzumhur D.,35,78.0,1225,694.0,6.0,4.0,6.0,4.0,2.0,6.0,2.0,6.0,6.0,3.0,3.0,2.0,Completed,1.22,4.33,1.16,4.1,1.22,4.33,1.22,4.93,1.25,4.93,1.22,4.25
ATP,2017,6,Melbourne,Australian Open,2017-01-16,Grand Slam,Outdoor,Hard,1st Round,5,Estrella Burgos V.,Bedene A.,103,109.0,586,547.0,7.0,6.0,7.0,5.0,0.0,6.0,6.0,3.0,,,3.0,1.0,Completed,5.0,1.16,4.4,1.14,5.0,1.14,5.83,1.17,5.83,1.2,5.07,1.16
ATP,2017,6,Melbourne,Australian Open,2017-01-16,Grand Slam,Outdoor,Hard,1st Round,5,Harrison R.,Mahut N.,82,41.0,664,1085.0,6.0,3.0,6.0,4.0,6.0,2.0,,,,,3.0,0.0,Completed,1.66,2.2,1.58,2.1,1.73,2.1,1.72,2.25,1.77,2.25,1.68,2.15
ATP,2017,6,Melbourne,Australian Open,2017-01-16,Grand Slam,Outdoor,Hard,1st Round,5,Nishikori K.,Kuznetsov An.,5,45.0,5010,1015.0,5.0,7.0,6.0,1.0,6.0,4.0,6.0,7.0,6.0,2.0,3.0,2.0,Completed,1.08,8.0,1.06,6.25,1.08,8.0,1.11,8.36,1.12,8.5,1.09,7.23
ATP,2017,6,Melbourne,Australian Open,2017-01-16,Grand Slam,Outdoor,Hard,1st Round,5,Zverev M.,Garcia-Lopez G.,50,74.0,894,700.0,6.0,3.0,7.0,6.0,6.0,4.0,,,,,3.0,0.0,Completed,1.28,3.75,1.25,3.1,1.3,3.5,1.31,3.81,1.31,3.81,1.29,3.51
ATP,2017,6,Melbourne,Australian Open,2017-01-16,Grand Slam,Outdoor,Hard,1st Round,5,Querrey S.,Halys Q.,32,155.0,1355,379.0,6.0,7.0,7.0,6.0,6.0,3.0,6.0,4.0,,,3.0,1.0,Completed,1.36,3.25,1.28,3.0,1.4,3.0,1.43,3.08,1.43,3.25,1.36,3.1
ATP,2017,6,Melbourne,Australian Open,2017-01-16,Grand Slam,Outdoor,Hard,1st Round,5,Berdych T.,Vanni L.,10,157.0,3060,373.0,6.0,1.0,,,,,,,,,1.0,0.0,Retired,1.04,13.0,1.02,7.5,1.03,10.0,1.05,13.96,1.08,14.65,1.04,11.34
ATP,2017,6,Melbourne,Australian Open,2017-01-16,Grand Slam,Outdoor,Hard,1st Round,5,Tomic B.,Bellucci T.,27,62.0,1420,771.0,6.0,2.0,6.0,1.0,6.0,4.0,,,,,3.0,0.0,Completed,1.4,3.0,1.33,2.85,1.44,2.75,1.4,3.23,1.44,3.23,1.39,2.97
ATP,2017,6,Melbourne,Australian Open,2017-01-16,Grand Slam,Outdoor,Hard,1st Round,5,Rublev A.,Lu Y.H.,152,60.0,383,786.0,4.0,6.0,6.0,3.0,7.0,6.0,6.0,3.0,,,3.0,1.0,Completed,3.0,1.4,2.7,1.35,2.75,1.4,3.14,1.42,3.2,1.42,3.01,1.38
ATP,2017,6,Melbourne,Australian Open,2017-01-16,Grand Slam,Outdoor,Hard,1st Round,5,Isner J.,Kravchuk K.,19,88.0,1850,642.0,6.0,3.0,6.0,4.0,6.0,7.0,6.0,1.0,,,3.0,1.0,Completed,1.11,6.5,1.09,5.5,1.1,6.5,1.1,8.67,1.12,8.67,1.1,6.71
ATP,2017,6,Melbourne,Australian Open,2017-01-16,Grand Slam,Outdoor,Hard,1st Round,5,Cilic M.,Janowicz J.,7,273.0,3605,186.0,4.0,6.0,4.0,6.0,6.0,2.0,6.0,2.0,6.0,3.0,3.0,2.0,Completed,1.1,7.0,1.08,5.5,1.09,7.0,1.12,7.65,1.12,7.65,1.1,6.78
ATP,2017,6,Melbourne,Australian Open,2017-01-16,Grand Slam,Outdoor,Hard,1st Round,5,Jaziri M.,Soeda G.,56,139.0,824,431.0,6.0,3.0,6.0,4.0,6.0,3.0,,,,,3.0,0.0,Completed,1.61,2.3,1.5,2.3,1.57,2.25,1.58,2.56,1.67,2.56,1.57,2.37
ATP,2017,6,Melbourne,Australian Open,2017-01-16,Grand Slam,Outdoor,Hard,1st Round,5,Murray A.,Marchenko I.,1,95.0,12560,624.0,7.0,5.0,7.0,6.0,6.0,2.0,,,,,3.0,0.0,Completed,1.005,29.0,1.0,10.0,1.01,26.0,1.01,29.16,1.02,60.08,1.01,22.91
ATP,2017,6,Melbourne,Australian Open,2017-01-16,Grand Slam,Outdoor,Hard,1st Round,5,Lajovic D.,Robert S.,94,55.0,627,854.0,6.0,3.0,6.0,3.0,6.0,3.0,,,,,3.0,0.0,Completed,2.0,1.8,1.95,1.65,2.0,1.8,1.92,1.99,2.16,1.99,2.01,1.79
ATP,2017,6,Melbourne,Australian Open,2017-01-16,Grand Slam,Outdoor,Hard,1st Round,5,Schwartzman D.,Cuevas P.,54,22.0,867,1780.0,6.0,3.0,6.0,3.0,6.0,0.0,,,,,3.0,0.0,Completed,1.9,1.9,1.95,1.7,2.0,1.73,1.97,1.93,2.15,1.93,2.02,1.77
ATP,2017,6,Melbourne,Australian Open,2017-01-16,Grand Slam,Outdoor,Hard,1st Round,5,Lacko L.,Ramos-Vinolas A.,121,26.0,486,1435.0,4.0,6.0,7.0,5.0,1.0,6.0,6.0,4.0,6.0,3.0,3.0,2.0,Completed,2.2,1.66,2.05,1.62,2.1,1.73,2.2,1.75,2.38,1.75,2.17,1.67
ATP,2017,6,Melbourne,Australian Open,2017-01-16,Grand Slam,Outdoor,Hard,1st Round,5,Khachanov K.,Mannarino A.,52,61.0,875,781.0,6.0,4.0,3.0,6.0,7.0,6.0,6.0,3.0,,,3.0,1.0,Completed,1.66,2.2,1.6,2.05,1.73,2.1,1.76,2.19,1.77,2.25,1.7,2.12
ATP,2017,6,Melbourne,Australian Open,2017-01-16,Grand Slam,Outdoor,Hard,1st Round,5,Lorenzi P.,Duckworth J.,43,107.0,1033,557.0,6.0,4.0,7.0,6.0,6.0,7.0,6.0,4.0,,,3.0,1.0,Completed,2.2,1.66,2.1,1.6,2.2,1.67,2.44,1.63,2.44,1.85,2.17,1.67
ATP,2017,6,Melbourne,Australian Open,2017-01-16,Grand Slam,Outdoor,Hard,1st Round,5,Seppi A.,Mathieu P.H.,89,75.0,635,700.0,6.0,4.0,7.0,6.0,6.0,7.0,7.0,5.0,,,3.0,1.0,Completed,1.36,3.25,1.33,2.85,1.36,3.0,1.38,3.35,1.39,3.35,1.36,3.13
ATP,2017,6,Melbourne,Australian Open,2017-01-16,Grand Slam,Outdoor,Hard,1st Round,5,Rubin N.,Fratangelo B.,200,113.0,274,519.0,6.0,7.0,7.0,5.0,3.0,6.0,6.0,2.0,6.0,2.0,3.0,2.0,Completed,2.37,1.57,2.1,1.58,2.2,1.62,2.35,1.67,2.55,1.67,2.31,1.6
ATP,2017,6,Melbourne,Australian Open,2017-01-16,Grand Slam,Outdoor,Hard,1st Round,5,Bublik A.,Pouille L.,207,16.0,268,2131.0,6.0,0.0,3.0,6.0,6.0,3.0,6.0,4.0,,,3.0,1.0,Completed,4.0,1.25,3.75,1.2,3.75,1.25,4.01,1.29,4.5,1.29,3.96,1.25
ATP,2017,6,Melbourne,Australian Open,2017-01-16,Grand Slam,Outdoor,Hard,1st Round,5,Sela D.,Granollers M.,67,38.0,731,1123.0,5.0,7.0,6.0,3.0,6.0,2.0,6.0,0.0,,,3.0,1.0,Completed,2.0,1.8,1.95,1.7,2.0,1.73,2.06,1.85,2.06,1.89,1.98,1.8
ATP,2017,6,Melbourne,Australian Open,2017-01-16,Grand Slam,Outdoor,Hard,1st Round,5,Evans D.,Bagnis F.,51,65.0,886,739.0,7.0,6.0,6.0,3.0,6.0,1.0,,,,,3.0,0.0,Completed,1.3,3.5,1.22,3.5,1.33,3.4,1.32,3.73,1.33,4.0,1.28,3.61
ATP,2017,6,Melbourne,Australian Open,2017-01-16,Grand Slam,Outdoor,Hard,1st Round,5,Tsonga J.W.,Monteiro T.,12,83.0,2505,664.0,6.0,1.0,6.0,3.0,6.0,7.0,6.0,2.0,,,3.0,1.0,Completed,1.02,17.0,1.01,8.75,1.02,15.0,1.04,15.91,1.05,17.0,1.02,14.21
ATP,2017,6,Melbourne,Australian Open,2017-01-16,Grand Slam,Outdoor,Hard,1st Round,5,Sock J.,Herbert P.H.,20,73.0,1810,705.0,6.0,4.0,7.0,6.0,6.0,3.0,,,,,3.0,0.0,Completed,1.18,4.5,1.15,4.3,1.2,4.5,1.23,4.69,1.24,5.0,1.2,4.43
ATP,2017,6,Melbourne,Australian Open,2017-01-16,Grand Slam,Outdoor,Hard,1st Round,5,Johnson S.,Delbonis F.,30,44.0,1390,1030.0,6.0,3.0,6.0,4.0,6.0,4.0,,,,,3.0,0.0,Completed,1.28,3.75,1.17,4.0,1.29,3.75,1.29,3.97,1.3,4.0,1.26,3.8
ATP,2017,6,Melbourne,Australian Open,2017-01-16,Grand Slam,Outdoor,Hard,1st Round,5,Kyrgios N.,Elias G.,13,77.0,2460,698.0,6.0,1.0,6.0,2.0,6.0,2.0,,,,,3.0,0.0,Completed,1.06,9.0,1.06,6.0,1.08,8.0,1.08,9.87,1.11,9.9,1.07,8.06
ATP,2017,6,Melbourne,Australian Open,2017-01-16,Grand Slam,Outdoor,Hard,1st Round,5,Wawrinka S.,Klizan M.,4,34.0,5155,1230.0,4.0,6.0,6.0,4.0,7.0,5.0,4.0,6.0,6.0,4.0,3.0,2.0,Completed,1.05,11.0,1.02,7.5,1.04,11.0,1.07,11.52,1.07,12.0,1.05,10.2
ATP,2017,6,Melbourne,Australian Open,2017-01-16,Grand Slam,Outdoor,Hard,1st Round,5,Darcis S.,Groth S.,71,162.0,707,355.0,3.0,6.0,6.0,3.0,6.0,2.0,6.0,2.0,,,3.0,1.0,Completed,1.57,2.37,1.5,2.25,1.57,2.25,1.59,2.52,1.65,2.52,1.57,2.35
ATP,2017,6,Melbourne,Australian Open,2017-01-16,Grand Slam,Outdoor,Hard,1st Round,5,Federer R.,Melzer J.,17,300.0,1980,164.0,7.0,5.0,3.0,6.0,6.0,2.0,6.0,2.0,,,3.0,1.0,Completed,1.04,13.0,1.02,7.5,1.06,11.0,1.05,13.44,1.07,14.27,1.04,11.25
ATP,2017,6,Melbourne,Australian Open,2017-01-17,Grand Slam,Outdoor,Hard,1st Round,5,Kohlschreiber P.,Basilashvili N.,33,92.0,1325,630.0,6.0,4.0,3.0,6.0,7.0,6.0,6.0,4.0,,,3.0,1.0,Completed,1.22,4.33,1.18,3.9,1.22,4.0,1.24,4.65,1.26,4.65,1.22,4.23
ATP,2017,6,Melbourne,Australian Open,2017-01-17,Grand Slam,Outdoor,Hard,1st Round,5,Dutra Silva R.,Donaldson J.,439,101.0,92,596.0,3.0,6.0,0.0,6.0,6.0,1.0,6.0,4.0,6.0,4.0,3.0,2.0,Completed,4.0,1.25,3.5,1.2,3.75,1.25,4.3,1.26,4.33,1.27,4.02,1.23
ATP,2017,6,Melbourne,Australian Open,2017-01-17,Grand Slam,Outdoor,Hard,1st Round,5,Young D.,Fabbiano T.,85,141.0,651,427.0,6.0,4.0,7.0,6.0,6.0,4.0,,,,,3.0,0.0,Completed,1.44,2.75,1.42,2.4,1.53,2.5,1.5,2.79,1.55,2.8,1.5,2.57
ATP,2017,6,Melbourne,Australian Open,2017-01-17,Grand Slam,Outdoor,Hard,1st Round,5,Simon G.,Mmoh M.,25,190.0,1585,297.0,6.0,1.0,6.0,3.0,6.0,3.0,,,,,3.0,0.0,Completed,1.16,5.0,1.15,4.3,1.17,5.0,1.19,5.42,1.2,5.41,1.17,4.87
ATP,2017,6,Melbourne,Australian Open,2017-01-17,Grand Slam,Outdoor,Hard,1st Round,5,Zverev A.,Haase R.,24,57.0,1655,808.0,6.0,2.0,3.0,6.0,5.0,7.0,6.0,3.0,6.0,2.0,3.0,2.0,Completed,1.1,7.0,1.08,5.6,1.12,6.0,1.13,7.38,1.17,7.38,1.11,6.41
ATP,2017,6,Melbourne,Australian Open,2017-01-17,Grand Slam,Outdoor,Hard,1st Round,5,Berlocq C.,Albot R.,90,96.0,632,614.0,6.0,4.0,7.0,6.0,5.0,7.0,7.0,6.0,,,3.0,1.0,Completed,2.0,1.8,1.85,1.75,1.83,1.83,1.9,2.01,2.0,2.01,1.89,1.88
ATP,2017,6,Melbourne,Australian Open,2017-01-17,Grand Slam,Outdoor,Hard,1st Round,5,Nishioka Y.,Bolt A.,99,632.0,602,46.0,6.0,4.0,1.0,6.0,6.0,2.0,6.0,4.0,,,3.0,1.0,Completed,1.53,2.5,1.48,2.35,1.57,2.38,1.61,2.47,1.61,2.6,1.53,2.48
ATP,2017,6,Melbourne,Australian Open,2017-01-17,Grand Slam,Outdoor,Hard,1st Round,5,Raonic M.,Brown D.,3,66.0,5290,738.0,6.0,3.0,6.0,4.0,6.0,2.0,,,,,3.0,0.0,Completed,1.05,11.0,1.01,8.5,1.04,11.0,1.03,17.76,1.06,17.76,1.04,10.88
ATP,2017,6,Melbourne,Australian Open,2017-01-17,Grand Slam,Outdoor,Hard,1st Round,5,Goffin D.,Opelka R.,11,208.0,2750,267.0,6.0,4.0,4.0,6.0,6.0,2.0,4.0,6.0,6.0,4.0,3.0,2.0,Completed,1.16,5.0,1.11,4.9,1.17,5.0,1.16,6.2,1.17,6.33,1.14,5.48
ATP,2017,6,Melbourne,Australian Open,2017-01-17,Grand Slam,Outdoor,Hard,1st Round,5,Tiafoe F.,Kukushkin M.,108,98.0,550,602.0,6.0,1.0,6.0,7.0,6.0,3.0,6.0,2.0,,,3.0,1.0,Completed,1.53,2.5,1.42,2.4,1.53,2.38,1.56,2.62,1.57,2.65,1.54,2.45
ATP,2017,6,Melbourne,Australian Open,2017-01-17,Grand Slam,Outdoor,Hard,1st Round,5,Carreno Busta P.,Polansky P.,31,132.0,1370,454.0,6.0,0.0,3.0,6.0,3.0,6.0,6.0,2.0,3.0,0.0,2.0,2.0,Retired,1.22,4.33,1.22,3.4,1.2,4.33,1.24,4.65,1.26,4.65,1.22,4.24
ATP,2017,6,Melbourne,Australian Open,2017-01-17,Grand Slam,Outdoor,Hard,1st Round,5,Nadal R.,Mayer F.,9,49.0,3195,903.0,6.0,3.0,6.0,4.0,6.0,4.0,,,,,3.0,0.0,Completed,1.04,11.0,1.03,7.25,1.05,10.0,1.04,15.91,1.07,15.95,1.04,11.02
ATP,2017,6,Melbourne,Australian Open,2017-01-17,Grand Slam,Outdoor,Hard,1st Round,5,Edmund K.,Giraldo S.,46,91.0,989,631.0,6.0,2.0,7.0,5.0,6.0,3.0,,,,,3.0,0.0,Completed,1.3,3.5,1.25,3.3,1.29,3.75,1.34,3.63,1.34,3.75,1.29,3.49
ATP,2017,6,Melbourne,Australian Open,2017-01-17,Grand Slam,Outdoor,Hard,1st Round,5,Baghdatis M.,Youzhny M.,36,70.0,1210,707.0,6.0,3.0,3.0,0.0,,,,,,,1.0,0.0,Retired,1.57,2.37,1.55,2.2,1.62,2.25,1.66,2.37,1.66,2.4,1.6,2.31
ATP,2017,6,Melbourne,Australian Open,2017-01-17,Grand Slam,Outdoor,Hard,1st Round,5,Thiem D.,Struff J.L.,8,58.0,3415,796.0,4.0,6.0,6.0,4.0,6.0,4.0,6.0,3.0,,,3.0,1.0,Completed,1.3,3.5,1.28,3.0,1.33,3.4,1.31,3.83,1.33,3.83,1.29,3.51
ATP,2017,6,Melbourne,Australian Open,2017-01-17,Grand Slam,Outdoor,Hard,1st Round,5,Muller G.,Fritz T.,28,93.0,1415,628.0,7.0,6.0,7.0,6.0,6.0,3.0,,,,,3.0,0.0,Completed,1.36,3.25,1.33,2.85,1.36,3.0,1.38,3.36,1.4,3.4,1.35,3.14
ATP,2017,6,Melbourne,Australian Open,2017-01-17,Grand Slam,Outdoor,Hard,1st Round,5,Whittington A.,Pavlasek A.,194,86.0,289,649.0,6.0,4.0,4.0,6.0,6.0,2.0,6.0,3.0,,,3.0,1.0,Completed,3.0,1.4,2.5,1.4,2.75,1.44,3.14,1.42,3.14,1.51,2.79,1.43
ATP,2017,6,Melbourne,Australian Open,2017-01-17,Grand Slam,Outdoor,Hard,1st Round,5,Bautista Agut R.,Pella G.,14,81.0,2350,685.0,6.0,3.0,6.0,1.0,6.0,1.0,,,,,3.0,0.0,Completed,1.08,8.0,1.04,7.0,1.05,10.0,1.11,8.36,1.11,10.0,1.08,7.88
ATP,2017,6,Melbourne,Australian Open,2017-01-17,Grand Slam,Outdoor,Hard,1st Round,5,Gasquet R.,Mott B.,18,287.0,1885,173.0,6.0,4.0,6.0,4.0,6.0,2.0,,,,,3.0,0.0,Completed,1.02,17.0,1.01,8.75,1.02,15.0,1.03,18.6,1.04,18.6,1.02,14.26
ATP,2017,6,Melbourne,Australian Open,2017-01-17,Grand Slam,Outdoor,Hard,1st Round,5,Dolgopolov O.,Coric B.,69,59.0,715,795.0,6.0,3.0,6.0,4.0,3.0,6.0,7.0,6.0,,,3.0,1.0,Completed,1.9,1.9,1.7,1.95,1.8,1.91,1.94,1.96,1.94,2.02,1.84,1.94
ATP,2017,6,Melbourne,Australian Open,2017-01-17,Grand Slam,Outdoor,Hard,1st Round,5,Thompson J.,Sousa J.,76,37.0,699,1135.0,6.0,7.0,4.0,6.0,6.0,3.0,6.0,2.0,6.0,1.0,3.0,2.0,Completed,2.5,1.53,2.35,1.45,2.38,1.57,2.66,1.54,2.67,1.6,2.48,1.52
ATP,2017,6,Melbourne,Australian Open,2017-01-17,Grand Slam,Outdoor,Hard,1st Round,5,Stepanek R.,Tursunov D.,102,405.0,595,105.0,6.0,2.0,7.0,6.0,6.0,3.0,,,,,3.0,0.0,Completed,1.12,6.0,1.12,4.75,1.11,6.0,1.13,7.15,1.2,7.15,1.13,5.78
ATP,2017,6,Melbourne,Australian Open,2017-01-17,Grand Slam,Outdoor,Hard,1st Round,5,Karlovic I.,Zeballos H.,21,68.0,1795,725.0,6.0,7.0,3.0,6.0,7.0,5.0,6.0,2.0,22.0,20.0,3.0,2.0,Completed,1.28,3.75,1.22,3.3,1.33,3.4,1.3,3.89,1.33,3.89,1.29,3.54
ATP,2017,6,Melbourne,Australian Open,2017-01-17,Grand Slam,Outdoor,Hard,1st Round,5,Escobedo E.,Medvedev D.,131,63.0,455,751.0,7.0,5.0,4.0,6.0,7.0,6.0,6.0,1.0,,,3.0,1.0,Completed,2.75,1.44,2.65,1.38,2.75,1.44,2.75,1.51,2.9,1.51,2.77,1.44
ATP,2017,6,Melbourne,Australian Open,2017-01-17,Grand Slam,Outdoor,Hard,1st Round,5,Chung H.,Olivo R.,105,79.0,583,693.0,6.0,2.0,6.0,3.0,6.0,2.0,,,,,3.0,0.0,Completed,1.2,4.5,1.18,3.8,1.2,4.33,1.23,4.77,1.24,4.77,1.2,4.36
ATP,2017,6,Melbourne,Australian Open,2017-01-17,Grand Slam,Outdoor,Hard,1st Round,5,Ferrer D.,Jasika O.,23,290.0,1740,172.0,6.0,3.0,6.0,0.0,6.0,2.0,,,,,3.0,0.0,Completed,1.16,5.0,1.1,5.25,1.14,5.5,1.19,5.35,1.19,5.5,1.15,5.14
ATP,2017,6,Melbourne,Australian Open,2017-01-17,Grand Slam,Outdoor,Hard,1st Round,5,Paire B.,Haas T.,47,,960,,7.0,6.0,6.0,4.0,,,,,,,2.0,0.0,Retired,1.22,4.33,1.15,4.3,1.22,4.0,1.27,4.22,1.27,4.5,1.22,4.16
ATP,2017,6,Melbourne,Australian Open,2017-01-17,Grand Slam,Outdoor,Hard,1st Round,5,Monfils G.,Vesely J.,6,53.0,3625,873.0,6.0,2.0,6.0,3.0,6.0,2.0,,,,,3.0,0.0,Completed,1.3,3.5,1.22,3.3,1.3,3.5,1.31,3.85,1.33,4.15,1.28,3.58
ATP,2017,6,Melbourne,Australian Open,2017-01-17,Grand Slam,Outdoor,Hard,1st Round,5,Fognini F.,Lopez F.,48,29.0,945,1410.0,7.0,5.0,6.0,3.0,7.0,5.0,,,,,3.0,0.0,Completed,2.2,1.66,1.95,1.65,2.1,1.67,2.32,1.68,2.32,1.8,2.15,1.68
ATP,2017,6,Melbourne,Australian Open,2017-01-17,Grand Slam,Outdoor,Hard,1st Round,5,Dimitrov G.,O'Connell C.,15,231.0,2135,228.0,7.0,6.0,6.0,3.0,6.0,3.0,,,,,3.0,0.0,Completed,1.02,15.0,1.01,8.75,1.03,10.0,1.02,22.73,1.05,22.73,1.02,14.01
ATP,2017,6,Melbourne,Australian Open,2017-01-17,Grand Slam,Outdoor,Hard,1st Round,5,Djokovic N.,Verdasco F.,2,40.0,11780,1105.0,6.0,1.0,7.0,6.0,6.0,2.0,,,,,3.0,0.0,Completed,1.06,10.0,1.02,7.5,1.05,10.0,1.06,12.02,1.07,12.02,1.06,9.53
ATP,2017,6,Melbourne,Australian Open,2017-01-17,Grand Slam,Outdoor,Hard,1st Round,5,Istomin D.,Dodig I.,117,170.0,498,336.0,6.0,1.0,6.0,4.0,3.0,6.0,7.0,5.0,,,3.0,1.0,Completed,2.0,1.8,1.88,1.72,1.91,1.8,2.16,1.78,2.16,1.85,2.01,1.77
ATP,2017,6,Melbourne,Australian Open,2017-01-18,Grand Slam,Outdoor,Hard,2nd Round,5,Nishikori K.,Chardy J.,5,72.0,5010,705.0,6.0,3.0,6.0,4.0,6.0,3.0,,,,,3.0,0.0,Completed,1.06,9.0,1.09,5.5,1.07,8.0,1.08,9.94,1.12,9.94,1.08,7.67
ATP,2017,6,Melbourne,Australian Open,2017-01-18,Grand Slam,Outdoor,Hard,2nd Round,5,Jaziri M.,Bublik A.,56,207.0,824,268.0,6.0,2.0,6.0,3.0,7.0,5.0,,,,,3.0,0.0,Completed,1.44,2.75,1.45,2.4,1.44,2.75,1.44,3.01,1.5,3.01,1.45,2.73
ATP,2017,6,Melbourne,Australian Open,2017-01-18,Grand Slam,Outdoor,Hard,2nd Round,5,Tsonga J.W.,Lajovic D.,12,94.0,2505,627.0,6.0,2.0,6.0,2.0,6.0,3.0,,,,,3.0,0.0,Completed,1.07,9.0,1.06,6.25,1.04,9.0,1.05,14.32,1.1,14.32,1.05,10.57
ATP,2017,6,Melbourne,Australian Open,2017-01-18,Grand Slam,Outdoor,Hard,2nd Round,5,Lacko L.,Sela D.,121,67.0,486,731.0,2.0,6.0,6.0,3.0,6.0,2.0,6.0,4.0,,,3.0,1.0,Completed,2.75,1.44,2.5,1.4,2.75,1.44,2.95,1.46,2.95,1.5,2.76,1.43
ATP,2017,6,Melbourne,Australian Open,2017-01-18,Grand Slam,Outdoor,Hard,2nd Round,5,Zverev M.,Isner J.,50,19.0,894,1850.0,6.0,7.0,6.0,7.0,6.0,4.0,7.0,6.0,9.0,7.0,3.0,2.0,Completed,2.75,1.44,2.65,1.38,2.75,1.44,3.03,1.44,3.03,1.5,2.79,1.42
ATP,2017,6,Melbourne,Australian Open,2017-01-18,Grand Slam,Outdoor,Hard,2nd Round,5,Berdych T.,Harrison R.,10,82.0,3060,664.0,6.0,3.0,7.0,6.0,6.0,2.0,,,,,3.0,0.0,Completed,1.16,5.0,1.13,4.6,1.17,4.5,1.19,5.46,1.2,5.46,1.16,4.98
ATP,2017,6,Melbourne,Australian Open,2017-01-18,Grand Slam,Outdoor,Hard,2nd Round,5,Wawrinka S.,Johnson S.,4,30.0,5155,1390.0,6.0,3.0,6.0,4.0,6.0,4.0,,,,,3.0,0.0,Completed,1.25,4.0,1.22,3.3,1.29,3.75,1.27,4.22,1.3,4.35,1.25,3.84
ATP,2017,6,Melbourne,Australian Open,2017-01-18,Grand Slam,Outdoor,Hard,2nd Round,5,Troicki V.,Lorenzi P.,35,43.0,1225,1033.0,6.0,3.0,1.0,6.0,7.0,6.0,3.0,6.0,6.0,3.0,3.0,2.0,Completed,1.22,4.33,1.2,3.7,1.25,4.0,1.23,4.77,1.29,4.77,1.23,4.17
ATP,2017,6,Melbourne,Australian Open,2017-01-18,Grand Slam,Outdoor,Hard,2nd Round,5,Federer R.,Rubin N.,17,200.0,1980,274.0,7.0,5.0,6.0,3.0,7.0,6.0,,,,,3.0,0.0,Completed,1.02,15.0,1.01,8.0,1.03,13.0,1.03,17.82,1.05,22.0,1.02,14.09
ATP,2017,6,Melbourne,Australian Open,2017-01-18,Grand Slam,Outdoor,Hard,2nd Round,5,Darcis S.,Schwartzman D.,71,54.0,707,867.0,6.0,3.0,6.0,3.0,2.0,6.0,6.0,4.0,,,3.0,1.0,Completed,2.2,1.66,2.2,1.52,2.2,1.67,2.4,1.65,2.4,1.71,2.25,1.63
ATP,2017,6,Melbourne,Australian Open,2017-01-18,Grand Slam,Outdoor,Hard,2nd Round,5,Querrey S.,De Minaur A.,32,301.0,1355,164.0,7.0,6.0,6.0,0.0,6.0,1.0,,,,,3.0,0.0,Completed,1.3,3.5,1.25,3.3,1.3,3.4,1.3,3.89,1.33,3.89,1.29,3.58
ATP,2017,6,Melbourne,Australian Open,2017-01-18,Grand Slam,Outdoor,Hard,2nd Round,5,Seppi A.,Kyrgios N.,89,13.0,635,2460.0,1.0,6.0,6.0,7.0,6.0,4.0,6.0,2.0,10.0,8.0,3.0,2.0,Completed,8.0,1.08,5.6,1.08,6.5,1.11,8.67,1.1,8.67,1.12,7.29,1.09
ATP,2017,6,Melbourne,Australian Open,2017-01-18,Grand Slam,Outdoor,Hard,2nd Round,5,Evans D.,Cilic M.,51,7.0,886,3605.0,3.0,6.0,7.0,5.0,6.0,3.0,6.0,3.0,,,3.0,1.0,Completed,5.5,1.12,4.3,1.14,4.33,1.22,5.24,1.2,5.5,1.22,4.93,1.17
ATP,2017,6,Melbourne,Australian Open,2017-01-18,Grand Slam,Outdoor,Hard,2nd Round,5,Sock J.,Khachanov K.,20,52.0,1810,875.0,6.0,3.0,6.0,4.0,6.0,4.0,,,,,3.0,0.0,Completed,1.36,3.25,1.28,3.0,1.33,3.4,1.32,3.74,1.38,3.74,1.32,3.33
ATP,2017,6,Melbourne,Australian Open,2017-01-18,Grand Slam,Outdoor,Hard,2nd Round,5,Tomic B.,Estrella Burgos V.,27,103.0,1420,586.0,7.0,5.0,7.0,6.0,4.0,6.0,7.0,6.0,,,3.0,1.0,Completed,1.06,9.0,1.05,6.5,1.05,8.5,1.08,10.44,1.1,10.5,1.06,8.69
ATP,2017,6,Melbourne,Australian Open,2017-01-18,Grand Slam,Outdoor,Hard,2nd Round,5,Murray A.,Rublev A.,1,152.0,12560,383.0,6.0,3.0,6.0,0.0,6.0,2.0,,,,,3.0,0.0,Completed,1.01,26.0,1.0,10.0,1.01,21.0,1.01,27.22,1.02,39.75,1.01,19.84
ATP,2017,6,Melbourne,Australian Open,2017-01-19,Grand Slam,Outdoor,Hard,2nd Round,5,Gasquet R.,Berlocq C.,18,90.0,1885,632.0,6.0,1.0,6.0,1.0,6.0,1.0,,,,,3.0,0.0,Completed,1.03,15.0,1.02,7.5,1.02,11.0,1.03,17.65,1.05,18.5,1.03,13.18
ATP,2017,6,Melbourne,Australian Open,2017-01-19,Grand Slam,Outdoor,Hard,2nd Round,5,Carreno Busta P.,Edmund K.,31,46.0,1370,989.0,6.0,2.0,6.0,4.0,6.0,2.0,,,,,3.0,0.0,Completed,2.1,1.72,1.95,1.7,2.1,1.73,2.17,1.78,2.2,1.8,2.1,1.72
ATP,2017,6,Melbourne,Australian Open,2017-01-19,Grand Slam,Outdoor,Hard,2nd Round,5,Kohlschreiber P.,Young D.,33,85.0,1325,651.0,7.0,5.0,6.0,3.0,6.0,0.0,,,,,3.0,0.0,Completed,1.4,3.0,1.35,2.65,1.4,3.0,1.48,2.86,1.48,3.1,1.4,2.92
ATP,2017,6,Melbourne,Australian Open,2017-01-19,Grand Slam,Outdoor,Hard,2nd Round,5,Simon G.,Dutra Silva R.,25,439.0,1585,92.0,6.0,4.0,6.0,1.0,6.0,1.0,,,,,3.0,0.0,Completed,1.05,10.0,1.05,6.25,1.04,9.0,1.07,11.25,1.1,11.25,1.06,9.02
ATP,2017,6,Melbourne,Australian Open,2017-01-19,Grand Slam,Outdoor,Hard,2nd Round,5,Bautista Agut R.,Nishioka Y.,14,99.0,2350,602.0,6.0,2.0,6.0,3.0,6.0,3.0,,,,,3.0,0.0,Completed,1.06,10.0,1.06,6.0,1.04,11.0,1.06,12.02,1.1,12.02,1.05,9.52
ATP,2017,6,Melbourne,Australian Open,2017-01-19,Grand Slam,Outdoor,Hard,2nd Round,5,Dimitrov G.,Chung H.,15,105.0,2135,583.0,1.0,6.0,6.0,4.0,6.0,4.0,6.0,4.0,,,3.0,1.0,Completed,1.11,6.5,1.11,4.9,1.11,6.5,1.14,6.9,1.15,6.9,1.12,6.03
ATP,2017,6,Melbourne,Australian Open,2017-01-19,Grand Slam,Outdoor,Hard,2nd Round,5,Ferrer D.,Escobedo E.,23,131.0,1740,455.0,2.0,6.0,6.0,4.0,6.0,4.0,6.0,2.0,,,3.0,1.0,Completed,1.25,4.0,1.18,3.9,1.29,3.75,1.25,4.5,1.29,4.5,1.24,4.01
ATP,2017,6,Melbourne,Australian Open,2017-01-19,Grand Slam,Outdoor,Hard,2nd Round,5,Istomin D.,Djokovic N.,117,2.0,498,11780.0,7.0,6.0,5.0,7.0,2.0,6.0,7.0,6.0,6.0,4.0,3.0,2.0,Completed,23.0,1.01,10.0,1.0,21.0,1.01,27.22,1.01,41.0,1.01,21.2,1.01
ATP,2017,6,Melbourne,Australian Open,2017-01-19,Grand Slam,Outdoor,Hard,2nd Round,5,Raonic M.,Muller G.,3,28.0,5290,1415.0,6.0,3.0,6.0,4.0,7.0,6.0,,,,,3.0,0.0,Completed,1.22,4.33,1.17,4.0,1.22,4.33,1.24,4.65,1.27,4.65,1.22,4.23
ATP,2017,6,Melbourne,Australian Open,2017-01-19,Grand Slam,Outdoor,Hard,2nd Round,5,Goffin D.,Stepanek R.,11,102.0,2750,595.0,6.0,4.0,6.0,0.0,6.0,3.0,,,,,3.0,0.0,Completed,1.25,4.0,1.22,3.5,1.22,4.0,1.22,4.85,1.3,4.85,1.23,4.18
ATP,2017,6,Melbourne,Australian Open,2017-01-19,Grand Slam,Outdoor,Hard,2nd Round,5,Monfils G.,Dolgopolov O.,6,69.0,3625,715.0,6.0,3.0,6.0,4.0,1.0,6.0,6.0,0.0,,,3.0,1.0,Completed,1.25,4.0,1.22,3.3,1.22,4.33,1.21,5.08,1.25,5.08,1.22,4.27
ATP,2017,6,Melbourne,Australian Open,2017-01-19,Grand Slam,Outdoor,Hard,2nd Round,5,Karlovic I.,Whittington A.,21,194.0,1795,289.0,6.0,4.0,6.0,4.0,6.0,4.0,,,,,3.0,0.0,Completed,1.36,3.25,1.35,2.75,1.36,3.25,1.36,3.48,1.39,3.48,1.35,3.17
ATP,2017,6,Melbourne,Australian Open,2017-01-19,Grand Slam,Outdoor,Hard,2nd Round,5,Zverev A.,Tiafoe F.,24,108.0,1655,550.0,6.0,2.0,6.0,3.0,6.0,4.0,,,,,3.0,0.0,Completed,1.2,4.5,1.13,4.6,1.2,4.33,1.19,5.54,1.22,5.54,1.18,4.8
ATP,2017,6,Melbourne,Australian Open,2017-01-19,Grand Slam,Outdoor,Hard,2nd Round,5,Paire B.,Fognini F.,47,48.0,960,945.0,7.0,6.0,4.0,6.0,6.0,3.0,3.0,6.0,6.0,3.0,3.0,2.0,Completed,2.1,1.72,2.0,1.65,2.1,1.67,2.17,1.78,2.2,1.78,2.09,1.72
ATP,2017,6,Melbourne,Australian Open,2017-01-19,Grand Slam,Outdoor,Hard,2nd Round,5,Thiem D.,Thompson J.,8,76.0,3415,699.0,6.0,2.0,6.0,1.0,6.0,7.0,6.0,4.0,,,3.0,1.0,Completed,1.2,4.33,1.2,3.6,1.25,4.0,1.31,3.85,1.31,4.69,1.22,4.23
ATP,2017,6,Melbourne,Australian Open,2017-01-19,Grand Slam,Outdoor,Hard,2nd Round,5,Nadal R.,Baghdatis M.,9,36.0,3195,1210.0,6.0,3.0,6.0,1.0,6.0,3.0,,,,,3.0,0.0,Completed,1.07,9.0,1.05,6.25,1.06,8.0,1.1,8.67,1.11,9.75,1.08,7.95
ATP,2017,6,Melbourne,Australian Open,2017-01-20,Grand Slam,Outdoor,Hard,3rd Round,5,Seppi A.,Darcis S.,89,71.0,635,707.0,4.0,6.0,6.0,4.0,7.0,6.0,7.0,6.0,,,3.0,1.0,Completed,1.66,2.2,1.58,2.1,1.67,2.2,1.81,2.14,1.81,2.25,1.7,2.14
ATP,2017,6,Melbourne,Australian Open,2017-01-20,Grand Slam,Outdoor,Hard,3rd Round,5,Tsonga J.W.,Sock J.,12,20.0,2505,1810.0,7.0,6.0,7.0,5.0,6.0,7.0,6.0,3.0,,,3.0,1.0,Completed,1.53,2.5,1.45,2.4,1.57,2.38,1.54,2.71,1.57,2.71,1.5,2.55
ATP,2017,6,Melbourne,Australian Open,2017-01-20,Grand Slam,Outdoor,Hard,3rd Round,5,Zverev M.,Jaziri M.,50,56.0,894,824.0,6.0,1.0,4.0,6.0,6.0,3.0,6.0,0.0,,,3.0,1.0,Completed,2.0,1.8,1.85,1.75,2.1,1.73,2.28,1.72,2.28,2.25,1.99,1.84
ATP,2017,6,Melbourne,Australian Open,2017-01-20,Grand Slam,Outdoor,Hard,3rd Round,5,Wawrinka S.,Troicki V.,4,35.0,5155,1225.0,3.0,6.0,6.0,2.0,6.0,2.0,7.0,6.0,,,3.0,1.0,Completed,1.14,5.5,1.11,4.8,1.14,5.5,1.14,6.97,1.17,6.97,1.13,5.87
ATP,2017,6,Melbourne,Australian Open,2017-01-20,Grand Slam,Outdoor,Hard,3rd Round,5,Murray A.,Querrey S.,1,32.0,12560,1355.0,6.0,4.0,6.0,2.0,6.0,4.0,,,,,3.0,0.0,Completed,1.02,17.0,1.02,7.75,1.02,15.0,1.03,20.4,1.04,21.0,1.02,13.68
ATP,2017,6,Melbourne,Australian Open,2017-01-20,Grand Slam,Outdoor,Hard,3rd Round,5,Evans D.,Tomic B.,51,27.0,886,1420.0,7.0,5.0,7.0,6.0,7.0,6.0,,,,,3.0,0.0,Completed,2.25,1.61,2.1,1.55,2.38,1.57,2.56,1.59,2.56,1.75,2.33,1.59
ATP,2017,6,Melbourne,Australian Open,2017-01-20,Grand Slam,Outdoor,Hard,3rd Round,5,Nishikori K.,Lacko L.,5,121.0,5010,486.0,6.0,4.0,6.0,4.0,6.0,4.0,,,,,3.0,0.0,Completed,1.02,15.0,1.03,7.0,1.03,13.0,1.04,17.65,1.05,20.39,1.03,13.23
ATP,2017,6,Melbourne,Australian Open,2017-01-20,Grand Slam,Outdoor,Hard,3rd Round,5,Federer R.,Berdych T.,17,10.0,1980,3060.0,6.0,2.0,6.0,4.0,6.0,4.0,,,,,3.0,0.0,Completed,1.53,2.5,1.55,2.15,1.57,2.38,1.56,2.65,1.6,2.65,1.54,2.46
ATP,2017,6,Melbourne,Australian Open,2017-01-21,Grand Slam,Outdoor,Hard,3rd Round,5,Goffin D.,Karlovic I.,11,21.0,2750,1795.0,6.0,3.0,6.0,2.0,6.0,4.0,,,,,3.0,0.0,Completed,1.25,4.0,1.28,3.1,1.29,3.75,1.28,4.2,1.31,4.2,1.26,3.79
ATP,2017,6,Melbourne,Australian Open,2017-01-21,Grand Slam,Outdoor,Hard,3rd Round,5,Thiem D.,Paire B.,8,47.0,3415,960.0,6.0,1.0,4.0,6.0,6.0,4.0,6.0,4.0,,,3.0,1.0,Completed,1.2,4.5,1.2,3.6,1.22,4.33,1.2,5.29,1.22,5.29,1.19,4.63
ATP,2017,6,Melbourne,Australian Open,2017-01-21,Grand Slam,Outdoor,Hard,3rd Round,5,Bautista Agut R.,Ferrer D.,14,23.0,2350,1740.0,7.0,5.0,6.0,7.0,7.0,6.0,6.0,4.0,,,3.0,1.0,Completed,1.44,2.75,1.45,2.4,1.5,2.62,1.54,2.69,1.54,2.88,1.46,2.67
ATP,2017,6,Melbourne,Australian Open,2017-01-21,Grand Slam,Outdoor,Hard,3rd Round,5,Istomin D.,Carreno Busta P.,117,31.0,498,1370.0,6.0,4.0,4.0,6.0,6.0,4.0,4.0,6.0,6.0,2.0,3.0,2.0,Completed,3.4,1.33,2.85,1.33,3.25,1.33,3.62,1.34,3.62,1.4,3.28,1.33
ATP,2017,6,Melbourne,Australian Open,2017-01-21,Grand Slam,Outdoor,Hard,3rd Round,5,Nadal R.,Zverev A.,9,24.0,3195,1655.0,4.0,6.0,6.0,3.0,6.0,7.0,6.0,3.0,6.0,2.0,3.0,2.0,Completed,1.3,3.5,1.3,2.85,1.33,3.4,1.34,3.67,1.37,3.67,1.32,3.35
ATP,2017,6,Melbourne,Australian Open,2017-01-21,Grand Slam,Outdoor,Hard,3rd Round,5,Raonic M.,Simon G.,3,25.0,5290,1585.0,6.0,2.0,7.0,6.0,3.0,6.0,6.0,3.0,,,3.0,1.0,Completed,1.16,5.0,1.15,4.2,1.2,4.5,1.19,5.65,1.2,5.83,1.17,5.06
ATP,2017,6,Melbourne,Australian Open,2017-01-21,Grand Slam,Outdoor,Hard,3rd Round,5,Monfils G.,Kohlschreiber P.,6,33.0,3625,1325.0,6.0,3.0,7.0,6.0,6.0,4.0,,,,,3.0,0.0,Completed,1.22,4.33,1.18,3.75,1.2,4.5,1.21,5.13,1.25,5.13,1.2,4.47
ATP,2017,6,Melbourne,Australian Open,2017-01-21,Grand Slam,Outdoor,Hard,3rd Round,5,Dimitrov G.,Gasquet R.,15,18.0,2135,1885.0,6.0,3.0,6.0,2.0,6.0,4.0,,,,,3.0,0.0,Completed,1.57,2.37,1.5,2.3,1.62,2.25,1.64,2.45,1.64,2.45,1.59,2.35
ATP,2017,6,Melbourne,Australian Open,2017-01-22,Grand Slam,Outdoor,Hard,4th Round,5,Zverev M.,Murray A.,50,1.0,894,12560.0,7.0,5.0,5.0,7.0,6.0,2.0,6.0,4.0,,,3.0,1.0,Completed,15.0,1.02,8.0,1.02,17.0,1.02,20.76,1.03,28.0,1.03,16.48,1.02
ATP,2017,6,Melbourne,Australian Open,2017-01-22,Grand Slam,Outdoor,Hard,4th Round,5,Wawrinka S.,Seppi A.,4,89.0,5155,635.0,7.0,6.0,7.0,6.0,7.0,6.0,,,,,3.0,0.0,Completed,1.1,7.0,1.08,5.5,1.11,6.5,1.11,8.71,1.12,9.04,1.09,7.45
ATP,2017,6,Melbourne,Australian Open,2017-01-22,Grand Slam,Outdoor,Hard,4th Round,5,Tsonga J.W.,Evans D.,12,51.0,2505,886.0,6.0,7.0,6.0,2.0,6.0,4.0,6.0,4.0,,,3.0,1.0,Completed,1.22,4.33,1.18,3.8,1.25,4.0,1.23,4.84,1.25,5.0,1.21,4.36
ATP,2017,6,Melbourne,Australian Open,2017-01-22,Grand Slam,Outdoor,Hard,4th Round,5,Federer R.,Nishikori K.,17,5.0,1980,5010.0,6.0,7.0,6.0,4.0,6.0,1.0,4.0,6.0,6.0,3.0,3.0,2.0,Completed,1.66,2.2,1.5,2.3,1.67,2.2,1.74,2.25,1.74,2.43,1.61,2.29
ATP,2017,6,Melbourne,Australian Open,2017-01-23,Grand Slam,Outdoor,Hard,4th Round,5,Goffin D.,Thiem D.,11,8.0,2750,3415.0,5.0,7.0,7.0,6.0,6.0,2.0,6.0,2.0,,,3.0,1.0,Completed,1.66,2.2,1.65,2.0,1.73,2.1,1.71,2.29,1.8,2.29,1.7,2.14
ATP,2017,6,Melbourne,Australian Open,2017-01-23,Grand Slam,Outdoor,Hard,4th Round,5,Dimitrov G.,Istomin D.,15,117.0,2135,498.0,2.0,6.0,7.0,6.0,6.0,2.0,6.0,1.0,,,3.0,1.0,Completed,1.11,6.5,1.1,5.1,1.11,6.0,1.14,6.99,1.15,7.35,1.11,6.37
ATP,2017,6,Melbourne,Australian Open,2017-01-23,Grand Slam,Outdoor,Hard,4th Round,5,Raonic M.,Bautista Agut R.,3,14.0,5290,2350.0,7.0,6.0,3.0,6.0,6.0,4.0,6.0,1.0,,,3.0,1.0,Completed,1.2,4.5,1.2,3.7,1.22,4.33,1.29,4.09,1.29,4.5,1.23,4.15
ATP,2017,6,Melbourne,Australian Open,2017-01-23,Grand Slam,Outdoor,Hard,4th Round,5,Nadal R.,Monfils G.,9,6.0,3195,3625.0,6.0,3.0,6.0,3.0,4.0,6.0,6.0,4.0,,,3.0,1.0,Completed,1.4,3.0,1.35,2.7,1.4,3.0,1.43,3.1,1.43,3.2,1.39,2.97
ATP,2017,6,Melbourne,Australian Open,2017-01-24,Grand Slam,Outdoor,Hard,Quarterfinals,5,Wawrinka S.,Tsonga J.W.,4,12.0,5155,2505.0,7.0,6.0,6.0,4.0,6.0,3.0,,,,,3.0,0.0,Completed,1.61,2.3,1.55,2.2,1.62,2.25,1.74,2.25,1.75,2.4,1.64,2.24
ATP,2017,6,Melbourne,Australian Open,2017-01-24,Grand Slam,Outdoor,Hard,Quarterfinals,5,Federer R.,Zverev M.,17,50.0,1980,894.0,6.0,1.0,7.0,5.0,6.0,2.0,,,,,3.0,0.0,Completed,1.08,8.0,1.07,6.0,1.1,7.0,1.11,8.22,1.12,8.49,1.09,7.18
ATP,2017,6,Melbourne,Australian Open,2017-01-25,Grand Slam,Outdoor,Hard,Quarterfinals,5,Dimitrov G.,Goffin D.,15,11.0,2135,2750.0,6.0,3.0,6.0,2.0,6.0,4.0,,,,,3.0,0.0,Completed,1.57,2.37,1.48,2.4,1.57,2.38,1.63,2.46,1.64,2.65,1.56,2.43
ATP,2017,6,Melbourne,Australian Open,2017-01-25,Grand Slam,Outdoor,Hard,Quarterfinals,5,Nadal R.,Raonic M.,9,3.0,3195,5290.0,6.0,4.0,7.0,6.0,6.0,4.0,,,,,3.0,0.0,Completed,1.66,2.2,1.65,2.15,1.67,2.2,1.71,2.3,1.76,2.4,1.67,2.2
ATP,2017,6,Melbourne,Australian Open,2017-01-26,Grand Slam,Outdoor,Hard,Semifinals,5,Federer R.,Wawrinka S.,17,4.0,1980,5155.0,7.0,5.0,6.0,3.0,1.0,6.0,4.0,6.0,6.0,3.0,3.0,2.0,Completed,1.53,2.5,1.5,2.35,1.53,2.5,1.54,2.73,1.6,2.75,1.52,2.55
ATP,2017,6,Melbourne,Australian Open,2017-01-27,Grand Slam,Outdoor,Hard,Semifinals,5,Nadal R.,Dimitrov G.,9,15.0,3195,2135.0,6.0,3.0,5.0,7.0,7.0,6.0,6.0,7.0,6.0,4.0,3.0,2.0,Completed,1.36,3.25,1.35,2.9,1.4,3.0,1.39,3.37,1.45,3.42,1.36,3.18
ATP,2017,6,Melbourne,Australian Open,2017-01-29,Grand Slam,Outdoor,Hard,The Final,5,Federer R.,Nadal R.,17,9.0,1980,3195.0,6.0,4.0,3.0,6.0,6.0,1.0,3.0,6.0,6.0,3.0,3.0,2.0,Completed,2.2,1.72,1.95,1.75,2.1,1.8,2.25,1.75,2.26,1.92,2.13,1.74
ATP,2017,33,Paris,French Open,2017-05-28,Grand Slam,Outdoor,Clay,1st Round,5,Zeballos H.,Mannarino A.,65,54.0,793,871.0,7.0,5.0,6.0,3.0,6.0,4.0,,,,,3.0,0.0,Completed,2.0,1.8,1.95,1.75,1.91,1.91,2.09,1.83,2.09,1.91,1.98,1.82
ATP,2017,33,Paris,French Open,2017-05-28,Grand Slam,Outdoor,Clay,1st Round,5,Garcia-Lopez G.,Muller G.,153,27.0,372,1530.0,7.0,6.0,6.0,7.0,6.0,2.0,6.0,2.0,,,3.0,1.0,Completed,3.0,1.4,2.95,1.35,2.75,1.44,3.22,1.4,3.22,1.46,2.97,1.45
ATP,2017,33,Paris,French Open,2017-05-28,Grand Slam,Outdoor,Clay,1st Round,5,Ramos-Vinolas A.,Copil M.,20,94.0,2065,577.0,6.0,7.0,6.0,1.0,6.0,4.0,6.0,2.0,,,3.0,1.0,Completed,1.2,4.5,1.18,4.3,1.2,4.5,1.22,4.85,1.23,4.85,1.21,4.41
ATP,2017,33,Paris,French Open,2017-05-28,Grand Slam,Outdoor,Clay,1st Round,5,Bonzi B.,Medvedev D.,266,66.0,198,782.0,5.0,7.0,6.0,4.0,6.0,1.0,3.0,1.0,,,2.0,1.0,Retired,2.75,1.44,2.65,1.42,2.75,1.44,2.95,1.46,2.95,1.48,2.76,1.44
ATP,2017,33,Paris,French Open,2017-05-28,Grand Slam,Outdoor,Clay,1st Round,5,Daniel T.,Janowicz J.,102,164.0,544,345.0,6.0,4.0,6.0,4.0,6.0,4.0,,,,,3.0,0.0,Completed,1.72,2.1,1.62,2.15,1.67,2.2,1.69,2.3,1.77,2.31,1.68,2.17
ATP,2017,33,Paris,French Open,2017-05-28,Grand Slam,Outdoor,Clay,1st Round,5,Carreno Busta P.,Mayer F.,21,44.0,2045,967.0,6.0,4.0,6.0,2.0,6.0,2.0,,,,,3.0,0.0,Completed,1.08,8.0,1.06,7.25,1.1,7.0,1.09,9.35,1.17,9.35,1.08,7.84
ATP,2017,33,Paris,French Open,2017-05-28,Grand Slam,Outdoor,Clay,1st Round,5,Dimitrov G.,Robert S.,13,114.0,2900,490.0,6.0,2.0,6.0,3.0,6.0,4.0,,,,,3.0,0.0,Completed,1.01,17.0,1.01,11.5,1.03,11.0,1.03,17.65,1.04,17.65,1.03,13.69
ATP,2017,33,Paris,French Open,2017-05-28,Grand Slam,Outdoor,Clay,1st Round,5,Karlovic I.,Tsitsipas S.,24,205.0,1820,264.0,7.0,6.0,7.0,5.0,6.0,4.0,,,,,3.0,0.0,Completed,1.66,2.2,1.65,2.1,1.73,2.1,1.75,2.2,1.75,2.33,1.69,2.16
ATP,2017,33,Paris,French Open,2017-05-28,Grand Slam,Outdoor,Clay,1st Round,5,Kukushkin M.,Sandgren T.,85,113.0,630,494.0,6.0,2.0,6.0,1.0,6.0,4.0,,,,,3.0,0.0,Completed,1.44,2.75,1.42,2.65,1.44,2.75,1.5,2.8,1.5,2.88,1.44,2.74
ATP,2017,33,Paris,French Open,2017-05-28,Grand Slam,Outdoor,Clay,1st Round,5,Trungelliti M.,Halys Q.,162,126.0,348,453.0,3.0,6.0,6.0,7.0,7.0,6.0,6.0,4.0,6.0,4.0,3.0,2.0,Completed,2.0,1.8,2.0,1.72,2.0,1.8,2.2,1.75,2.2,1.85,2.05,1.76
ATP,2017,33,Paris,French Open,2017-05-28,Grand Slam,Outdoor,Clay,1st Round,5,Thiem D.,Tomic B.,7,39.0,4145,1015.0,6.0,4.0,6.0,0.0,6.0,2.0,,,,,3.0,0.0,Completed,1.01,17.0,1.01,11.5,1.04,11.0,1.04,16.3,1.04,17.0,1.03,13.47
ATP,2017,33,Paris,French Open,2017-05-28,Grand Slam,Outdoor,Clay,1st Round,5,Robredo T.,Evans D.,274,55.0,192,854.0,5.0,7.0,6.0,4.0,6.0,3.0,6.0,1.0,,,3.0,1.0,Completed,1.61,2.3,1.57,2.25,1.57,2.38,1.65,2.4,1.69,2.4,1.63,2.27
ATP,2017,33,Paris,French Open,2017-05-28,Grand Slam,Outdoor,Clay,1st Round,5,Pouille L.,Benneteau J.,17,98.0,2320,554.0,7.0,6.0,3.0,6.0,4.0,6.0,6.0,3.0,6.0,4.0,3.0,2.0,Completed,1.08,8.0,1.06,7.25,1.08,7.5,1.08,9.87,1.08,10.1,1.07,8.53
ATP,2017,33,Paris,French Open,2017-05-28,Grand Slam,Outdoor,Clay,1st Round,5,Bellucci T.,Lajovic D.,61,81.0,827,669.0,4.0,6.0,7.0,5.0,6.0,4.0,6.0,4.0,,,3.0,1.0,Completed,1.53,2.5,1.5,2.4,1.5,2.63,1.56,2.6,1.56,2.65,1.52,2.53
ATP,2017,33,Paris,French Open,2017-05-28,Grand Slam,Outdoor,Clay,1st Round,5,Haase R.,De Minaur A.,46,240.0,948,224.0,6.0,2.0,6.0,3.0,6.0,1.0,,,,,3.0,0.0,Completed,1.14,5.5,1.13,5.2,1.17,5.0,1.16,6.05,1.18,6.95,1.15,5.46
ATP,2017,33,Paris,French Open,2017-05-29,Grand Slam,Outdoor,Clay,1st Round,5,Bedene A.,Harrison R.,52,42.0,898,998.0,6.0,4.0,6.0,0.0,3.0,6.0,6.0,1.0,,,3.0,1.0,Completed,1.25,4.0,1.21,3.95,1.25,4.0,1.25,4.46,1.25,4.46,1.23,4.08
ATP,2017,33,Paris,French Open,2017-05-29,Grand Slam,Outdoor,Clay,1st Round,5,Stakhovsky S.,Lu Y.H.,123,60.0,458,828.0,6.0,3.0,6.0,4.0,7.0,6.0,,,,,3.0,0.0,Completed,1.5,2.62,1.45,2.55,1.44,2.75,1.43,3.05,1.52,3.07,1.46,2.7
ATP,2017,33,Paris,French Open,2017-05-29,Grand Slam,Outdoor,Clay,1st Round,5,Raonic M.,Darcis S.,6,38.0,4450,1016.0,6.0,3.0,6.0,4.0,6.0,2.0,,,,,3.0,0.0,Completed,1.08,8.0,1.07,7.0,1.08,7.5,1.1,8.67,1.1,8.75,1.08,7.7
ATP,2017,33,Paris,French Open,2017-05-29,Grand Slam,Outdoor,Clay,1st Round,5,Schwartzman D.,Rublev A.,41,118.0,1005,483.0,0.0,6.0,6.0,4.0,6.0,2.0,6.0,7.0,9.0,7.0,3.0,2.0,Completed,1.12,6.0,1.1,5.9,1.14,5.5,1.13,7.05,1.14,7.1,1.12,6.2
ATP,2017,33,Paris,French Open,2017-05-29,Grand Slam,Outdoor,Clay,1st Round,5,Basilashvili N.,Simon G.,63,32.0,811,1200.0,1.0,6.0,6.0,2.0,6.0,4.0,6.0,1.0,,,3.0,1.0,Completed,2.75,1.44,2.65,1.42,3.0,1.4,2.95,1.46,3.08,1.5,2.79,1.43
ATP,2017,33,Paris,French Open,2017-05-29,Grand Slam,Outdoor,Clay,1st Round,5,Troicki V.,Donskoy E.,35,99.0,1135,554.0,7.0,6.0,6.0,4.0,6.0,0.0,,,,,3.0,0.0,Completed,1.16,5.0,1.17,4.4,1.2,4.5,1.21,5.0,1.21,5.05,1.19,4.68
ATP,2017,33,Paris,French Open,2017-05-29,Grand Slam,Outdoor,Clay,1st Round,5,Bautista Agut R.,Millman J.,18,142.0,2155,416.0,6.0,2.0,6.0,2.0,0.0,6.0,6.0,1.0,,,3.0,1.0,Completed,1.04,13.0,1.03,9.0,1.04,11.0,1.04,15.92,1.05,16.5,1.03,12.04
ATP,2017,33,Paris,French Open,2017-05-29,Grand Slam,Outdoor,Clay,1st Round,5,Vesely J.,Sock J.,57,15.0,840,2415.0,7.0,5.0,7.0,5.0,6.0,3.0,,,,,3.0,0.0,Completed,3.0,1.4,2.95,1.35,3.25,1.36,3.44,1.36,3.44,1.41,3.14,1.36
ATP,2017,33,Paris,French Open,2017-05-29,Grand Slam,Outdoor,Clay,1st Round,5,Johnson S.,Sugita Y.,26,78.0,1565,674.0,6.0,3.0,6.0,3.0,6.0,7.0,6.0,7.0,6.0,3.0,3.0,2.0,Completed,1.22,4.33,1.18,4.3,1.17,5.0,1.21,5.0,1.23,5.0,1.2,4.5
ATP,2017,33,Paris,French Open,2017-05-29,Grand Slam,Outdoor,Clay,1st Round,5,Sousa J.,Tipsarevic J.,59,58.0,830,840.0,4.0,6.0,7.0,6.0,6.0,2.0,6.0,2.0,,,3.0,1.0,Completed,1.9,1.9,1.85,1.85,1.91,1.91,1.93,1.97,1.95,1.97,1.89,1.9
ATP,2017,33,Paris,French Open,2017-05-29,Grand Slam,Outdoor,Clay,1st Round,5,Djokovic N.,Granollers M.,2,77.0,7445,675.0,6.0,3.0,6.0,4.0,6.0,2.0,,,,,3.0,0.0,Completed,1.01,21.0,1.01,11.5,1.02,15.0,1.02,22.73,1.02,26.86,1.01,17.56
ATP,2017,33,Paris,French Open,2017-05-29,Grand Slam,Outdoor,Clay,1st Round,5,Napolitano S.,Zverev M.,187,31.0,293,1311.0,4.0,6.0,7.0,5.0,6.0,2.0,6.0,2.0,,,3.0,1.0,Completed,3.5,1.3,3.2,1.3,3.0,1.4,3.35,1.38,3.55,1.4,3.29,1.33
ATP,2017,33,Paris,French Open,2017-05-29,Grand Slam,Outdoor,Clay,1st Round,5,Dutra Silva R.,Youzhny M.,380,86.0,121,624.0,4.0,6.0,7.0,6.0,2.0,6.0,7.0,6.0,6.0,2.0,3.0,2.0,Completed,1.66,2.2,1.65,2.1,1.67,2.2,1.74,2.22,1.74,2.3,1.68,2.17
ATP,2017,33,Paris,French Open,2017-05-29,Grand Slam,Outdoor,Clay,1st Round,5,Goffin D.,Mathieu P.H.,12,120.0,3055,471.0,6.0,2.0,6.0,2.0,6.0,2.0,,,,,3.0,0.0,Completed,1.07,9.0,1.05,7.75,1.08,7.5,1.08,10.44,1.08,10.5,1.06,8.97
ATP,2017,33,Paris,French Open,2017-05-29,Grand Slam,Outdoor,Clay,1st Round,5,Nadal R.,Paire B.,4,45.0,5375,950.0,6.0,1.0,6.0,4.0,6.0,1.0,,,,,3.0,0.0,Completed,1.01,21.0,1.01,11.5,1.02,15.0,1.02,22.73,1.02,26.86,1.02,17.1
ATP,2017,33,Paris,French Open,2017-05-29,Grand Slam,Outdoor,Clay,1st Round,5,Bolelli S.,Mahut N.,470,48.0,78,935.0,6.0,4.0,6.0,2.0,6.0,2.0,,,,,3.0,0.0,Completed,1.8,2.0,1.72,2.0,1.8,2.0,1.75,2.2,1.83,2.2,1.78,2.02
ATP,2017,33,Paris,French Open,2017-05-29,Grand Slam,Outdoor,Clay,1st Round,5,Coric B.,Bourgue M.,40,156.0,1011,358.0,7.0,6.0,6.0,3.0,6.0,2.0,,,,,3.0,0.0,Completed,1.1,7.0,1.09,6.25,1.13,6.0,1.13,7.05,1.13,7.45,1.11,6.7
ATP,2017,33,Paris,French Open,2017-05-29,Grand Slam,Outdoor,Clay,1st Round,5,Seppi A.,Giraldo S.,83,107.0,651,517.0,4.0,6.0,6.0,1.0,6.0,2.0,6.0,2.0,,,3.0,1.0,Completed,1.66,2.2,1.65,2.1,1.73,2.1,1.77,2.18,1.77,2.2,1.71,2.12
ATP,2017,33,Paris,French Open,2017-05-29,Grand Slam,Outdoor,Clay,1st Round,5,Kravchuk K.,Delbonis F.,129,139.0,446,420.0,6.0,3.0,6.0,4.0,7.0,6.0,,,,,3.0,0.0,Completed,6.5,1.11,5.4,1.12,6.0,1.13,6.2,1.16,6.6,1.16,5.97,1.13
ATP,2017,33,Paris,French Open,2017-05-29,Grand Slam,Outdoor,Clay,1st Round,5,Cilic M.,Gulbis E.,8,230.0,3765,230.0,6.0,3.0,6.0,3.0,6.0,3.0,,,,,3.0,0.0,Completed,1.06,10.0,1.04,8.5,1.08,7.5,1.06,12.02,1.08,12.02,1.06,9.26
ATP,2017,33,Paris,French Open,2017-05-29,Grand Slam,Outdoor,Clay,1st Round,5,Ferrer D.,Young D.,33,51.0,1185,910.0,5.0,7.0,6.0,3.0,4.0,6.0,6.0,3.0,13.0,11.0,3.0,2.0,Completed,1.14,5.5,1.13,5.2,1.14,5.5,1.16,6.16,1.16,6.62,1.13,5.82
ATP,2017,33,Paris,French Open,2017-05-29,Grand Slam,Outdoor,Clay,1st Round,5,Estrella Burgos V.,Gabashvili T.,90,146.0,595,401.0,6.0,7.0,2.0,6.0,7.0,6.0,6.0,3.0,6.0,2.0,3.0,2.0,Completed,2.62,1.5,2.5,1.47,2.75,1.44,2.73,1.52,2.75,1.57,2.57,1.5
ATP,2017,33,Paris,French Open,2017-05-29,Grand Slam,Outdoor,Clay,1st Round,5,Cuevas P.,Hamou M.,23,287.0,1865,181.0,6.0,3.0,6.0,2.0,6.0,4.0,,,,,3.0,0.0,Completed,1.06,10.0,1.04,8.5,1.07,8.0,1.07,11.0,1.09,11.0,1.06,9.17
ATP,2017,33,Paris,French Open,2017-05-29,Grand Slam,Outdoor,Clay,1st Round,5,Lopez F.,Fratangelo B.,36,138.0,1115,425.0,6.0,4.0,7.0,6.0,6.0,3.0,,,,,3.0,0.0,Completed,1.5,2.62,1.47,2.5,1.5,2.63,1.51,2.76,1.57,2.78,1.51,2.58
ATP,2017,33,Paris,French Open,2017-05-29,Grand Slam,Outdoor,Clay,1st Round,5,Kicker N.,Dzumhur D.,87,96.0,624,565.0,6.0,3.0,2.0,6.0,6.0,3.0,6.0,4.0,,,3.0,1.0,Completed,2.62,1.5,2.55,1.45,2.75,1.44,2.84,1.49,2.84,1.61,2.62,1.49
ATP,2017,33,Paris,French Open,2017-05-29,Grand Slam,Outdoor,Clay,1st Round,5,Fognini F.,Tiafoe F.,29,68.0,1350,769.0,6.0,4.0,6.0,3.0,3.0,6.0,1.0,6.0,6.0,0.0,3.0,2.0,Completed,1.3,3.5,1.32,3.1,1.36,3.25,1.4,3.25,1.42,3.5,1.35,3.2
ATP,2017,33,Paris,French Open,2017-05-29,Grand Slam,Outdoor,Clay,1st Round,5,Gasquet R.,De Greef A.,25,127.0,1605,452.0,6.0,2.0,3.0,6.0,6.0,1.0,6.0,3.0,,,3.0,1.0,Completed,1.11,6.5,1.09,6.25,1.13,6.0,1.11,8.02,1.13,8.14,1.1,6.99
ATP,2017,33,Paris,French Open,2017-05-29,Grand Slam,Outdoor,Clay,1st Round,5,Herbert P.H.,Donaldson J.,82,72.0,662,731.0,6.0,4.0,7.0,6.0,6.0,4.0,,,,,3.0,0.0,Completed,1.72,2.1,1.65,2.1,1.67,2.2,1.72,2.25,1.73,2.28,1.68,2.19
ATP,2017,33,Paris,French Open,2017-05-30,Grand Slam,Outdoor,Clay,1st Round,5,Istomin D.,Escobedo E.,80,75.0,669,685.0,7.0,6.0,6.0,3.0,6.0,4.0,,,,,3.0,0.0,Completed,2.0,1.8,1.9,1.8,1.91,1.91,1.99,1.92,2.0,1.92,1.95,1.84
ATP,2017,33,Paris,French Open,2017-05-30,Grand Slam,Outdoor,Clay,1st Round,5,Kyrgios N.,Kohlschreiber P.,19,43.0,2155,990.0,6.0,3.0,7.0,6.0,6.0,3.0,,,,,3.0,0.0,Completed,1.53,2.5,1.5,2.4,1.5,2.63,1.56,2.62,1.56,2.75,1.51,2.53
ATP,2017,33,Paris,French Open,2017-05-30,Grand Slam,Outdoor,Clay,1st Round,5,Klizan M.,Lokoli L.,50,285.0,925,183.0,7.0,6.0,6.0,3.0,4.0,6.0,0.0,6.0,6.0,4.0,3.0,2.0,Completed,1.22,4.33,1.22,3.85,1.25,4.0,1.27,4.22,1.28,4.7,1.24,4.09
ATP,2017,33,Paris,French Open,2017-05-30,Grand Slam,Outdoor,Clay,1st Round,5,Del Potro J. M.,Pella G.,30,115.0,1325,489.0,6.0,2.0,6.0,1.0,6.0,4.0,,,,,3.0,0.0,Completed,1.25,4.0,1.27,3.45,1.29,3.75,1.34,3.56,1.34,4.0,1.29,3.62
ATP,2017,33,Paris,French Open,2017-05-30,Grand Slam,Outdoor,Clay,1st Round,5,Dolgopolov O.,Berlocq C.,89,64.0,611,801.0,7.0,5.0,6.0,3.0,6.0,4.0,,,,,3.0,0.0,Completed,2.1,1.72,2.15,1.62,2.2,1.67,2.27,1.71,2.32,1.72,2.22,1.65
ATP,2017,33,Paris,French Open,2017-05-30,Grand Slam,Outdoor,Clay,1st Round,5,Chung H.,Querrey S.,67,28.0,781,1495.0,6.0,4.0,3.0,6.0,6.0,3.0,6.0,3.0,,,3.0,1.0,Completed,2.1,1.72,1.95,1.75,2.0,1.8,2.02,1.88,2.18,1.88,2.04,1.77
ATP,2017,33,Paris,French Open,2017-05-30,Grand Slam,Outdoor,Clay,1st Round,5,Wawrinka S.,Kovalik J.,3,152.0,5695,376.0,6.0,2.0,7.0,6.0,6.0,3.0,,,,,3.0,0.0,Completed,1.07,9.0,1.03,9.0,1.05,10.0,1.05,13.9,1.08,13.9,1.04,10.68
ATP,2017,33,Paris,French Open,2017-05-30,Grand Slam,Outdoor,Clay,1st Round,5,Anderson K.,Jaziri M.,56,71.0,845,741.0,7.0,6.0,6.0,3.0,7.0,6.0,,,,,3.0,0.0,Completed,1.12,6.0,1.12,5.4,1.14,5.5,1.15,6.35,1.15,6.5,1.13,5.91
ATP,2017,33,Paris,French Open,2017-05-30,Grand Slam,Outdoor,Clay,1st Round,5,Almagro N.,Baghdatis M.,69,62.0,755,825.0,6.0,7.0,6.0,4.0,6.0,3.0,7.0,6.0,,,3.0,1.0,Completed,1.44,2.75,1.38,2.8,1.44,2.75,1.45,3.0,1.48,3.1,1.43,2.83
ATP,2017,33,Paris,French Open,2017-05-30,Grand Slam,Outdoor,Clay,1st Round,5,Verdasco F.,Zverev A.,37,10.0,1085,3150.0,6.0,4.0,3.0,6.0,6.0,4.0,6.0,2.0,,,3.0,1.0,Completed,5.0,1.16,4.6,1.16,5.0,1.17,5.23,1.2,5.38,1.2,4.92,1.17
ATP,2017,33,Paris,French Open,2017-05-30,Grand Slam,Outdoor,Clay,1st Round,5,Khachanov K.,Jarry N.,53,207.0,896,262.0,6.0,4.0,3.0,6.0,7.0,6.0,6.0,1.0,,,3.0,1.0,Completed,1.28,3.75,1.19,4.2,1.25,4.0,1.29,4.05,1.29,5.0,1.22,4.27
ATP,2017,33,Paris,French Open,2017-05-30,Grand Slam,Outdoor,Clay,1st Round,5,Nishikori K.,Kokkinakis T.,9,,3650,,4.0,6.0,6.0,1.0,6.0,4.0,6.0,4.0,,,3.0,1.0,Completed,1.02,17.0,1.01,11.5,1.03,11.0,1.03,17.65,1.03,18.5,1.02,14.08
ATP,2017,33,Paris,French Open,2017-05-30,Grand Slam,Outdoor,Clay,1st Round,5,Chardy J.,Albot R.,74,88.0,705,613.0,6.0,2.0,6.0,4.0,7.0,6.0,,,,,3.0,0.0,Completed,1.14,5.5,1.13,5.2,1.17,5.0,1.17,6.02,1.17,6.02,1.14,5.5
ATP,2017,33,Paris,French Open,2017-05-30,Grand Slam,Outdoor,Clay,1st Round,5,Murray A.,Kuznetsov An.,1,73.0,10370,705.0,6.0,4.0,4.0,6.0,6.0,2.0,6.0,0.0,,,3.0,1.0,Completed,1.16,5.0,1.15,4.75,1.17,5.0,1.18,5.55,1.18,5.8,1.16,5.09
ATP,2017,33,Paris,French Open,2017-05-30,Grand Slam,Outdoor,Clay,1st Round,5,Lorenzi P.,Berankis R.,34,188.0,1153,290.0,6.0,0.0,6.0,2.0,6.0,4.0,,,,,3.0,0.0,Completed,1.3,3.5,1.28,3.35,1.3,3.5,1.32,3.74,1.32,3.74,1.3,3.5
ATP,2017,33,Paris,French Open,2017-05-30,Grand Slam,Outdoor,Clay,1st Round,5,Monfils G.,Brown D.,16,76.0,2365,685.0,6.0,4.0,7.0,5.0,6.0,0.0,,,,,3.0,0.0,Completed,1.08,8.0,1.07,7.0,1.08,7.5,1.1,8.67,1.1,8.67,1.08,7.69
ATP,2017,33,Paris,French Open,2017-05-30,Grand Slam,Outdoor,Clay,1st Round,5,Monteiro T.,Muller A.,95,330.0,570,145.0,7.0,6.0,2.0,6.0,4.0,6.0,7.0,6.0,6.0,0.0,3.0,2.0,Completed,1.08,8.0,1.09,6.25,1.1,7.0,1.13,7.05,1.13,8.0,1.11,6.69
ATP,2017,33,Paris,French Open,2017-05-30,Grand Slam,Outdoor,Clay,1st Round,5,Edmund K.,Elias G.,49,108.0,933,512.0,6.0,3.0,6.0,2.0,7.0,5.0,,,,,3.0,0.0,Completed,1.3,3.5,1.3,3.2,1.3,3.5,1.34,3.56,1.38,3.56,1.33,3.32
ATP,2017,33,Paris,French Open,2017-05-30,Grand Slam,Outdoor,Clay,1st Round,5,Isner J.,Thompson J.,22,92.0,2020,592.0,6.0,3.0,4.0,6.0,7.0,6.0,6.0,3.0,,,3.0,1.0,Completed,1.25,4.0,1.2,4.1,1.22,4.33,1.2,5.24,1.27,5.24,1.22,4.28
ATP,2017,33,Paris,French Open,2017-05-30,Grand Slam,Outdoor,Clay,1st Round,5,Berdych T.,Struff J.L.,14,47.0,2885,943.0,6.0,1.0,6.0,1.0,4.0,6.0,6.0,4.0,,,3.0,1.0,Completed,1.2,4.5,1.18,4.3,1.2,4.5,1.24,4.65,1.24,5.0,1.2,4.54
ATP,2017,33,Paris,French Open,2017-05-31,Grand Slam,Outdoor,Clay,1st Round,5,Olivo R.,Tsonga J.W.,91,11.0,593,3120.0,7.0,5.0,6.0,4.0,6.0,7.0,6.0,4.0,,,3.0,1.0,Completed,15.0,1.03,11.5,1.01,15.0,1.02,22.73,1.02,26.86,1.03,16.04,1.02
ATP,2017,33,Paris,French Open,2017-05-31,Grand Slam,Outdoor,Clay,2nd Round,5,Goffin D.,Stakhovsky S.,12,123.0,3055,458.0,6.0,2.0,6.0,4.0,3.0,6.0,6.0,3.0,,,3.0,1.0,Completed,1.04,13.0,1.02,10.0,1.05,10.0,1.04,15.92,1.05,15.92,1.04,12.12
ATP,2017,33,Paris,French Open,2017-05-31,Grand Slam,Outdoor,Clay,2nd Round,5,Johnson S.,Coric B.,26,40.0,1565,1011.0,6.0,2.0,7.0,6.0,3.0,6.0,7.0,6.0,,,3.0,1.0,Completed,2.62,1.5,2.4,1.5,2.5,1.53,2.61,1.56,2.63,1.59,2.53,1.52
ATP,2017,33,Paris,French Open,2017-05-31,Grand Slam,Outdoor,Clay,2nd Round,5,Thiem D.,Bolelli S.,7,470.0,4145,78.0,7.0,5.0,6.0,1.0,6.0,3.0,,,,,3.0,0.0,Completed,1.05,11.0,1.03,9.0,1.05,11.0,1.05,13.9,1.06,14.35,1.04,11.14
ATP,2017,33,Paris,French Open,2017-05-31,Grand Slam,Outdoor,Clay,2nd Round,5,Schwartzman D.,Napolitano S.,41,187.0,1005,293.0,6.0,3.0,7.0,5.0,6.0,2.0,,,,,3.0,0.0,Completed,1.12,6.0,1.14,5.0,1.17,5.0,1.17,6.02,1.2,6.06,1.15,5.45
ATP,2017,33,Paris,French Open,2017-05-31,Grand Slam,Outdoor,Clay,2nd Round,5,Zeballos H.,Karlovic I.,65,24.0,793,1820.0,7.0,6.0,7.0,6.0,6.0,3.0,,,,,3.0,0.0,Completed,1.66,2.2,1.65,2.1,1.73,2.1,1.77,2.18,1.77,2.25,1.71,2.13
ATP,2017,33,Paris,French Open,2017-05-31,Grand Slam,Outdoor,Clay,2nd Round,5,Dimitrov G.,Robredo T.,13,274.0,2900,192.0,6.0,3.0,6.0,4.0,7.0,5.0,,,,,3.0,0.0,Completed,1.16,5.0,1.15,4.75,1.17,5.0,1.15,6.35,1.2,6.35,1.16,5.25
ATP,2017,33,Paris,French Open,2017-05-31,Grand Slam,Outdoor,Clay,2nd Round,5,Basilashvili N.,Troicki V.,63,35.0,811,1135.0,7.0,6.0,7.0,6.0,7.0,6.0,,,,,3.0,0.0,Completed,1.72,2.1,1.75,1.95,1.8,2.0,1.88,2.02,1.94,2.13,1.78,2.03
ATP,2017,33,Paris,French Open,2017-05-31,Grand Slam,Outdoor,Clay,2nd Round,5,Garcia-Lopez G.,Trungelliti M.,153,162.0,372,348.0,7.0,5.0,6.0,4.0,7.0,5.0,,,,,3.0,0.0,Completed,1.57,2.37,1.57,2.25,1.62,2.25,1.71,2.28,1.71,2.45,1.61,2.31
ATP,2017,33,Paris,French Open,2017-05-31,Grand Slam,Outdoor,Clay,2nd Round,5,Djokovic N.,Sousa J.,2,59.0,7445,830.0,6.0,1.0,6.0,4.0,6.0,3.0,,,,,3.0,0.0,Completed,1.01,21.0,1.01,11.5,1.03,11.0,1.02,24.52,1.03,24.52,1.02,16.77
ATP,2017,33,Paris,French Open,2017-05-31,Grand Slam,Outdoor,Clay,2nd Round,5,Nadal R.,Haase R.,4,46.0,5375,948.0,6.0,1.0,6.0,4.0,6.0,3.0,,,,,3.0,0.0,Completed,1.01,21.0,1.01,11.5,1.01,21.0,1.02,24.52,1.02,28.75,1.01,18.55
ATP,2017,33,Paris,French Open,2017-05-31,Grand Slam,Outdoor,Clay,2nd Round,5,Raonic M.,Dutra Silva R.,6,380.0,4450,121.0,4.0,6.0,6.0,2.0,6.0,3.0,6.0,4.0,,,3.0,1.0,Completed,1.05,11.0,1.03,9.0,1.05,10.0,1.05,13.44,1.07,15.0,1.04,11.12
ATP,2017,33,Paris,French Open,2017-05-31,Grand Slam,Outdoor,Clay,2nd Round,5,Ramos-Vinolas A.,Bonzi B.,20,266.0,2065,198.0,6.0,2.0,6.0,1.0,6.0,1.0,,,,,3.0,0.0,Completed,1.03,15.0,1.03,9.0,1.03,12.0,1.07,11.0,1.07,15.0,1.04,11.19
ATP,2017,33,Paris,French Open,2017-05-31,Grand Slam,Outdoor,Clay,2nd Round,5,Carreno Busta P.,Daniel T.,21,102.0,2045,544.0,7.0,5.0,6.0,4.0,4.0,6.0,6.0,0.0,,,3.0,1.0,Completed,1.1,7.0,1.08,6.5,1.1,7.0,1.1,8.83,1.12,8.83,1.09,7.27
ATP,2017,33,Paris,French Open,2017-05-31,Grand Slam,Outdoor,Clay,2nd Round,5,Pouille L.,Bellucci T.,17,61.0,2320,827.0,7.0,6.0,6.0,1.0,6.0,2.0,,,,,3.0,0.0,Completed,1.3,3.5,1.27,3.45,1.33,3.4,1.33,3.64,1.35,3.64,1.31,3.44
ATP,2017,33,Paris,French Open,2017-05-31,Grand Slam,Outdoor,Clay,2nd Round,5,Bautista Agut R.,Kukushkin M.,18,85.0,2155,630.0,6.0,3.0,3.0,6.0,6.0,3.0,7.0,6.0,,,3.0,1.0,Completed,1.12,6.0,1.12,5.4,1.14,5.5,1.14,6.7,1.16,6.7,1.13,5.96
ATP,2017,33,Paris,French Open,2017-05-31,Grand Slam,Outdoor,Clay,2nd Round,5,Vesely J.,Bedene A.,57,52.0,840,898.0,6.0,3.0,6.0,3.0,4.0,6.0,6.0,3.0,,,3.0,1.0,Completed,2.2,1.66,2.1,1.65,2.2,1.67,2.37,1.66,2.37,1.8,2.21,1.66
ATP,2017,33,Paris,French Open,2017-06-01,Grand Slam,Outdoor,Clay,2nd Round,5,Cilic M.,Kravchuk K.,8,129.0,3765,446.0,6.0,3.0,6.0,2.0,6.0,2.0,,,,,3.0,0.0,Completed,1.02,19.0,1.02,10.0,1.03,11.0,1.04,16.99,1.04,21.0,1.02,14.39
ATP,2017,33,Paris,French Open,2017-06-01,Grand Slam,Outdoor,Clay,2nd Round,5,Lopez F.,Ferrer D.,36,33.0,1115,1185.0,7.0,5.0,3.0,6.0,7.0,5.0,4.0,6.0,6.0,4.0,3.0,2.0,Completed,2.5,1.53,2.35,1.53,2.63,1.5,2.52,1.6,2.63,1.62,2.43,1.56
ATP,2017,33,Paris,French Open,2017-06-01,Grand Slam,Outdoor,Clay,2nd Round,5,Isner J.,Lorenzi P.,22,34.0,2020,1153.0,6.0,3.0,7.0,6.0,7.0,6.0,,,,,3.0,0.0,Completed,1.4,3.0,1.35,2.95,1.36,3.25,1.39,3.27,1.4,3.27,1.37,3.08
ATP,2017,33,Paris,French Open,2017-06-01,Grand Slam,Outdoor,Clay,2nd Round,5,Khachanov K.,Berdych T.,53,14.0,896,2885.0,7.0,5.0,6.0,4.0,6.0,4.0,,,,,3.0,0.0,Completed,4.0,1.25,3.75,1.23,4.0,1.25,4.31,1.26,4.31,1.28,4.04,1.24
ATP,2017,33,Paris,French Open,2017-06-01,Grand Slam,Outdoor,Clay,2nd Round,5,Nishikori K.,Chardy J.,9,74.0,3650,705.0,6.0,3.0,6.0,0.0,7.0,6.0,,,,,3.0,0.0,Completed,1.28,3.75,1.24,3.65,1.29,3.75,1.28,4.12,1.29,4.33,1.26,3.87
ATP,2017,33,Paris,French Open,2017-06-01,Grand Slam,Outdoor,Clay,2nd Round,5,Del Potro J. M.,Almagro N.,30,69.0,1325,755.0,6.0,3.0,3.0,6.0,1.0,1.0,,,,,1.0,1.0,Retired,1.2,4.5,1.17,4.4,1.17,5.0,1.2,5.23,1.21,5.25,1.19,4.76
ATP,2017,33,Paris,French Open,2017-06-01,Grand Slam,Outdoor,Clay,2nd Round,5,Wawrinka S.,Dolgopolov O.,3,89.0,5695,611.0,6.0,4.0,7.0,6.0,7.0,5.0,,,,,3.0,0.0,Completed,1.14,5.5,1.14,5.0,1.2,4.5,1.18,5.66,1.2,5.66,1.15,5.3
ATP,2017,33,Paris,French Open,2017-06-01,Grand Slam,Outdoor,Clay,2nd Round,5,Chung H.,Istomin D.,67,80.0,781,669.0,6.0,1.0,7.0,5.0,6.0,1.0,,,,,3.0,0.0,Completed,1.3,3.5,1.27,3.45,1.36,3.25,1.3,3.88,1.36,4.0,1.3,3.54
ATP,2017,33,Paris,French Open,2017-06-01,Grand Slam,Outdoor,Clay,2nd Round,5,Murray A.,Klizan M.,1,50.0,10370,925.0,6.0,7.0,6.0,2.0,6.0,2.0,7.0,6.0,,,3.0,1.0,Completed,1.07,9.0,1.06,7.25,1.08,7.5,1.08,10.16,1.09,10.16,1.07,8.5
ATP,2017,33,Paris,French Open,2017-06-01,Grand Slam,Outdoor,Clay,2nd Round,5,Fognini F.,Seppi A.,29,83.0,1350,651.0,6.0,4.0,7.0,5.0,6.0,3.0,,,,,3.0,0.0,Completed,1.4,3.0,1.37,2.85,1.4,3.0,1.41,3.16,1.43,3.16,1.39,2.98
ATP,2017,33,Paris,French Open,2017-06-01,Grand Slam,Outdoor,Clay,2nd Round,5,Anderson K.,Kyrgios N.,56,19.0,845,2155.0,5.0,7.0,6.0,4.0,6.0,1.0,6.0,2.0,,,3.0,1.0,Completed,3.25,1.36,3.1,1.32,3.25,1.36,3.33,1.38,3.35,1.38,3.19,1.35
ATP,2017,33,Paris,French Open,2017-06-01,Grand Slam,Outdoor,Clay,2nd Round,5,Edmund K.,Olivo R.,49,91.0,933,593.0,7.0,5.0,6.0,3.0,6.0,1.0,,,,,3.0,0.0,Completed,1.28,3.75,1.27,3.45,1.3,3.5,1.32,3.78,1.32,4.0,1.28,3.69
ATP,2017,33,Paris,French Open,2017-06-01,Grand Slam,Outdoor,Clay,2nd Round,5,Monfils G.,Monteiro T.,16,95.0,2365,570.0,6.0,1.0,6.0,4.0,6.0,1.0,,,,,3.0,0.0,Completed,1.1,7.0,1.09,6.25,1.11,6.5,1.11,8.17,1.11,8.17,1.1,7.01
ATP,2017,33,Paris,French Open,2017-06-01,Grand Slam,Outdoor,Clay,2nd Round,5,Cuevas P.,Kicker N.,23,87.0,1865,624.0,6.0,4.0,6.0,4.0,6.0,4.0,,,,,3.0,0.0,Completed,1.07,9.0,1.07,7.0,1.08,7.5,1.1,8.67,1.11,10.25,1.07,8.53
ATP,2017,33,Paris,French Open,2017-06-01,Grand Slam,Outdoor,Clay,2nd Round,5,Verdasco F.,Herbert P.H.,37,82.0,1085,662.0,6.0,3.0,3.0,6.0,4.0,6.0,6.0,3.0,6.0,3.0,3.0,2.0,Completed,1.3,3.5,1.28,3.35,1.3,3.5,1.3,3.9,1.32,3.9,1.29,3.55
ATP,2017,33,Paris,French Open,2017-06-01,Grand Slam,Outdoor,Clay,2nd Round,5,Gasquet R.,Estrella Burgos V.,25,90.0,1605,595.0,6.0,1.0,6.0,0.0,6.0,4.0,,,,,3.0,0.0,Completed,1.1,7.0,1.08,6.5,1.11,6.5,1.11,8.04,1.11,8.5,1.09,7.27
ATP,2017,33,Paris,French Open,2017-06-02,Grand Slam,Outdoor,Clay,3rd Round,5,Zeballos H.,Goffin D.,65,12.0,793,3055.0,4.0,5.0,,,,,,,,,0.0,0.0,Retired,7.0,1.1,5.9,1.1,6.0,1.13,8.16,1.11,8.16,1.13,6.8,1.1
ATP,2017,33,Paris,French Open,2017-06-02,Grand Slam,Outdoor,Clay,3rd Round,5,Carreno Busta P.,Dimitrov G.,21,13.0,2045,2900.0,7.0,5.0,6.0,3.0,6.0,4.0,,,,,3.0,0.0,Completed,2.3,1.61,2.2,1.6,2.25,1.62,2.36,1.68,2.4,1.71,2.26,1.64
ATP,2017,33,Paris,French Open,2017-06-02,Grand Slam,Outdoor,Clay,3rd Round,5,Bautista Agut R.,Vesely J.,18,57.0,2155,840.0,6.0,3.0,6.0,4.0,6.0,3.0,,,,,3.0,0.0,Completed,1.4,3.0,1.35,2.95,1.36,3.25,1.41,3.2,1.43,3.25,1.38,3.06
ATP,2017,33,Paris,French Open,2017-06-02,Grand Slam,Outdoor,Clay,3rd Round,5,Raonic M.,Garcia-Lopez G.,6,153.0,4450,372.0,6.0,1.0,1.0,0.0,,,,,,,1.0,0.0,Retired,1.08,8.0,1.07,7.0,1.1,7.0,1.1,9.05,1.12,9.5,1.08,7.82
ATP,2017,33,Paris,French Open,2017-06-02,Grand Slam,Outdoor,Clay,3rd Round,5,Nadal R.,Basilashvili N.,4,63.0,5375,811.0,6.0,0.0,6.0,1.0,6.0,0.0,,,,,3.0,0.0,Completed,1.01,26.0,1.01,11.5,1.01,21.0,1.02,27.78,1.02,33.5,1.01,19.6
ATP,2017,33,Paris,French Open,2017-06-02,Grand Slam,Outdoor,Clay,3rd Round,5,Thiem D.,Johnson S.,7,26.0,4145,1565.0,6.0,1.0,7.0,6.0,6.0,3.0,,,,,3.0,0.0,Completed,1.1,7.0,1.09,6.25,1.11,6.5,1.1,8.73,1.12,8.73,1.09,7.21
ATP,2017,33,Paris,French Open,2017-06-02,Grand Slam,Outdoor,Clay,3rd Round,5,Djokovic N.,Schwartzman D.,2,41.0,7445,1005.0,5.0,7.0,6.0,3.0,3.0,6.0,6.0,1.0,6.0,1.0,3.0,2.0,Completed,1.05,11.0,1.04,8.5,1.06,9.0,1.07,11.6,1.07,11.88,1.05,9.72
ATP,2017,33,Paris,French Open,2017-06-02,Grand Slam,Outdoor,Clay,3rd Round,5,Ramos-Vinolas A.,Pouille L.,20,17.0,2065,2320.0,6.0,2.0,3.0,6.0,5.0,7.0,6.0,2.0,6.0,1.0,3.0,2.0,Completed,2.0,1.8,1.95,1.75,2.0,1.8,2.07,1.86,2.09,2.1,1.98,1.83
ATP,2017,33,Paris,French Open,2017-06-03,Grand Slam,Outdoor,Clay,3rd Round,5,Cilic M.,Lopez F.,8,36.0,3765,1115.0,6.0,1.0,6.0,3.0,6.0,3.0,,,,,3.0,0.0,Completed,1.16,5.0,1.17,4.4,1.22,4.33,1.2,5.45,1.21,5.45,1.18,4.76
ATP,2017,33,Paris,French Open,2017-06-03,Grand Slam,Outdoor,Clay,3rd Round,5,Anderson K.,Edmund K.,56,49.0,845,933.0,6.0,7.0,7.0,6.0,5.0,7.0,6.0,1.0,6.0,4.0,3.0,2.0,Completed,1.57,2.37,1.6,2.2,1.62,2.25,1.72,2.27,1.72,2.42,1.61,2.31
ATP,2017,33,Paris,French Open,2017-06-03,Grand Slam,Outdoor,Clay,3rd Round,5,Murray A.,Del Potro J. M.,1,30.0,10370,1325.0,7.0,6.0,7.0,5.0,6.0,0.0,,,,,3.0,0.0,Completed,1.33,3.4,1.32,3.1,1.36,3.25,1.36,3.5,1.36,3.5,1.34,3.23
ATP,2017,33,Paris,French Open,2017-06-03,Grand Slam,Outdoor,Clay,3rd Round,5,Verdasco F.,Cuevas P.,37,23.0,1085,1865.0,6.0,2.0,6.0,1.0,6.0,3.0,,,,,3.0,0.0,Completed,2.62,1.5,2.65,1.42,2.75,1.44,2.57,1.58,2.9,1.58,2.62,1.49
ATP,2017,33,Paris,French Open,2017-06-03,Grand Slam,Outdoor,Clay,3rd Round,5,Wawrinka S.,Fognini F.,3,29.0,5695,1350.0,7.0,6.0,6.0,0.0,6.0,2.0,,,,,3.0,0.0,Completed,1.25,4.0,1.25,3.6,1.29,3.75,1.28,4.15,1.3,4.33,1.26,3.83
ATP,2017,33,Paris,French Open,2017-06-04,Grand Slam,Outdoor,Clay,3rd Round,5,Nishikori K.,Chung H.,9,67.0,3650,781.0,7.0,5.0,6.0,4.0,6.0,7.0,0.0,6.0,6.0,4.0,3.0,2.0,Completed,1.3,3.5,1.28,3.35,1.36,3.25,1.33,3.71,1.36,3.71,1.31,3.42
ATP,2017,33,Paris,French Open,2017-06-04,Grand Slam,Outdoor,Clay,3rd Round,5,Khachanov K.,Isner J.,53,22.0,896,2020.0,7.0,6.0,6.0,3.0,6.0,7.0,7.0,6.0,,,3.0,1.0,Completed,2.2,1.66,2.15,1.62,2.1,1.73,2.14,1.81,2.25,1.81,2.13,1.71
ATP,2017,33,Paris,French Open,2017-06-04,Grand Slam,Outdoor,Clay,3rd Round,5,Monfils G.,Gasquet R.,16,25.0,2365,1605.0,7.0,6.0,5.0,7.0,4.0,3.0,,,,,1.0,1.0,Retired,1.61,2.3,1.62,2.15,1.67,2.2,1.71,2.3,1.75,2.3,1.66,2.21
ATP,2017,33,Paris,French Open,2017-06-04,Grand Slam,Outdoor,Clay,4th Round,5,Carreno Busta P.,Raonic M.,21,6.0,2045,4450.0,4.0,6.0,7.0,6.0,6.0,7.0,6.0,4.0,8.0,6.0,3.0,2.0,Completed,2.5,1.53,2.4,1.5,2.5,1.53,2.74,1.53,2.74,1.63,2.46,1.55
ATP,2017,33,Paris,French Open,2017-06-04,Grand Slam,Outdoor,Clay,4th Round,5,Nadal R.,Bautista Agut R.,4,18.0,5375,2155.0,6.0,1.0,6.0,2.0,6.0,2.0,,,,,3.0,0.0,Completed,1.02,19.0,1.01,11.5,1.02,15.0,1.03,21.1,1.04,21.1,1.02,15.35
ATP,2017,33,Paris,French Open,2017-06-04,Grand Slam,Outdoor,Clay,4th Round,5,Thiem D.,Zeballos H.,7,65.0,4145,793.0,6.0,1.0,6.0,3.0,6.0,1.0,,,,,3.0,0.0,Completed,1.04,13.0,1.03,9.0,1.05,10.0,1.05,14.88,1.1,15.08,1.04,11.54
ATP,2017,33,Paris,French Open,2017-06-04,Grand Slam,Outdoor,Clay,4th Round,5,Djokovic N.,Ramos-Vinolas A.,2,20.0,7445,2065.0,7.0,6.0,6.0,1.0,6.0,3.0,,,,,3.0,0.0,Completed,1.1,7.0,1.09,6.25,1.11,6.0,1.13,7.47,1.15,8.75,1.1,6.92
ATP,2017,33,Paris,French Open,2017-06-05,Grand Slam,Outdoor,Clay,4th Round,5,Murray A.,Khachanov K.,1,53.0,10370,896.0,6.0,3.0,6.0,4.0,6.0,4.0,,,,,3.0,0.0,Completed,1.12,6.0,1.11,5.6,1.14,5.5,1.14,6.92,1.2,7.01,1.13,6.06
ATP,2017,33,Paris,French Open,2017-06-05,Grand Slam,Outdoor,Clay,4th Round,5,Nishikori K.,Verdasco F.,9,37.0,3650,1085.0,0.0,6.0,6.0,4.0,6.0,4.0,6.0,0.0,,,3.0,1.0,Completed,1.61,2.25,1.6,2.2,1.62,2.25,1.69,2.33,1.71,2.41,1.64,2.28
ATP,2017,33,Paris,French Open,2017-06-05,Grand Slam,Outdoor,Clay,4th Round,5,Wawrinka S.,Monfils G.,3,16.0,5695,2365.0,7.0,5.0,7.0,6.0,6.0,2.0,,,,,3.0,0.0,Completed,1.3,3.5,1.28,3.35,1.33,3.4,1.4,3.28,1.4,3.7,1.32,3.41
ATP,2017,33,Paris,French Open,2017-06-05,Grand Slam,Outdoor,Clay,4th Round,5,Cilic M.,Anderson K.,8,56.0,3765,845.0,6.0,3.0,3.0,0.0,,,,,,,1.0,0.0,Retired,1.25,4.0,1.22,3.85,1.25,4.0,1.27,4.31,1.3,4.35,1.25,3.98
ATP,2017,33,Paris,French Open,2017-06-07,Grand Slam,Outdoor,Clay,Quarterfinals,5,Thiem D.,Djokovic N.,7,2.0,4145,7445.0,7.0,6.0,6.0,3.0,6.0,0.0,,,,,3.0,0.0,Completed,2.75,1.44,2.75,1.4,3.0,1.4,3.0,1.46,3.05,1.46,2.85,1.43
ATP,2017,33,Paris,French Open,2017-06-07,Grand Slam,Outdoor,Clay,Quarterfinals,5,Nadal R.,Carreno Busta P.,4,21.0,5375,2045.0,6.0,2.0,2.0,0.0,,,,,,,1.0,0.0,Retired,1.02,19.0,1.01,11.5,1.02,15.0,1.03,21.1,1.04,26.0,1.02,16.0
ATP,2017,33,Paris,French Open,2017-06-07,Grand Slam,Outdoor,Clay,Quarterfinals,5,Murray A.,Nishikori K.,1,9.0,10370,3650.0,2.0,6.0,6.0,1.0,7.0,6.0,6.0,1.0,,,3.0,1.0,Completed,1.25,4.0,1.23,3.75,1.25,4.0,1.25,4.55,1.3,4.55,1.24,4.1
ATP,2017,33,Paris,French Open,2017-06-07,Grand Slam,Outdoor,Clay,Quarterfinals,5,Wawrinka S.,Cilic M.,3,8.0,5695,3765.0,6.0,3.0,6.0,3.0,6.0,1.0,,,,,3.0,0.0,Completed,1.4,3.0,1.37,2.85,1.4,3.0,1.43,3.14,1.47,3.15,1.41,2.94
ATP,2017,33,Paris,French Open,2017-06-09,Grand Slam,Outdoor,Clay,Semifinals,5,Wawrinka S.,Murray A.,3,1.0,5695,10370.0,6.0,7.0,6.0,3.0,5.0,7.0,7.0,6.0,6.0,1.0,3.0,2.0,Completed,1.66,2.2,1.65,2.1,1.73,2.1,1.75,2.25,1.75,2.3,1.69,2.19
ATP,2017,33,Paris,French Open,2017-06-09,Grand Slam,Outdoor,Clay,Semifinals,5,Nadal R.,Thiem D.,4,7.0,5375,4145.0,6.0,3.0,6.0,4.0,6.0,0.0,,,,,3.0,0.0,Completed,1.2,4.5,1.2,4.1,1.2,4.5,1.25,4.61,1.3,4.87,1.22,4.41
ATP,2017,33,Paris,French Open,2017-06-11,Grand Slam,Outdoor,Clay,The Final,5,Nadal R.,Wawrinka S.,4,3.0,5375,5695.0,6.0,2.0,6.0,3.0,6.0,1.0,,,,,3.0,0.0,Completed,1.2,5.0,1.17,4.4,1.2,4.5,1.21,5.3,1.25,5.3,1.2,4.79
ATP,2017,40,London,Wimbledon,2017-07-03,Grand Slam,Outdoor,Grass,1st Round,5,Querrey S.,Fabbiano T.,28,91.0,1495,610.0,7.0,6.0,7.0,5.0,6.0,2.0,,,,,3.0,0.0,Completed,1.2,4.5,1.16,4.6,1.17,5.0,1.17,5.96,1.2,6.25,1.18,4.97
ATP,2017,40,London,Wimbledon,2017-07-03,Grand Slam,Outdoor,Grass,1st Round,5,Herbert P.H.,Kyrgios N.,70,20.0,707,2110.0,6.0,3.0,6.0,4.0,,,,,,,2.0,0.0,Retired,5.5,1.14,5.0,1.14,5.0,1.17,6.02,1.17,6.6,1.17,5.46,1.15
ATP,2017,40,London,Wimbledon,2017-07-03,Grand Slam,Outdoor,Grass,1st Round,5,Monteiro T.,Whittington A.,100,210.0,544,255.0,4.0,6.0,6.0,3.0,7.0,6.0,7.0,6.0,,,3.0,1.0,Completed,4.33,1.22,3.95,1.21,4.0,1.25,4.14,1.28,4.33,1.29,4.09,1.24
ATP,2017,40,London,Wimbledon,2017-07-03,Grand Slam,Outdoor,Grass,1st Round,5,Janowicz J.,Shapovalov D.,141,164.0,400,344.0,6.0,4.0,3.0,6.0,6.0,3.0,7.0,6.0,,,3.0,1.0,Completed,1.8,2.0,1.75,1.95,1.8,2.0,1.78,2.16,1.95,2.16,1.8,2.01
ATP,2017,40,London,Wimbledon,2017-07-03,Grand Slam,Outdoor,Grass,1st Round,5,Brown D.,Sousa J.,97,62.0,585,830.0,3.0,6.0,7.0,6.0,6.0,4.0,6.0,4.0,,,3.0,1.0,Completed,1.4,3.0,1.37,2.85,1.4,3.0,1.48,2.86,1.49,3.0,1.42,2.86
ATP,2017,40,London,Wimbledon,2017-07-03,Grand Slam,Outdoor,Grass,1st Round,5,Basilashvili N.,Berlocq C.,54,80.0,866,659.0,6.0,4.0,7.0,6.0,6.0,1.0,,,,,3.0,0.0,Completed,1.5,2.62,1.5,2.4,1.53,2.5,1.56,2.6,1.56,2.62,1.52,2.53
ATP,2017,40,London,Wimbledon,2017-07-03,Grand Slam,Outdoor,Grass,1st Round,5,Bolelli S.,Lu Y.H.,312,75.0,154,680.0,6.0,3.0,1.0,6.0,6.0,3.0,6.0,4.0,,,3.0,1.0,Completed,1.36,3.25,1.35,2.95,1.4,3.0,1.38,3.35,1.42,3.35,1.37,3.08
ATP,2017,40,London,Wimbledon,2017-07-03,Grand Slam,Outdoor,Grass,1st Round,5,Paire B.,Dutra Silva R.,46,473.0,960,79.0,6.0,4.0,3.0,6.0,7.0,6.0,6.0,4.0,,,3.0,1.0,Completed,1.16,5.0,1.14,5.0,1.17,5.0,1.15,6.35,1.17,6.95,1.15,5.47
ATP,2017,40,London,Wimbledon,2017-07-03,Grand Slam,Outdoor,Grass,1st Round,5,Khachanov K.,Kuznetsov An.,34,76.0,1176,676.0,7.0,6.0,2.0,6.0,6.0,3.0,1.0,6.0,6.0,2.0,3.0,2.0,Completed,1.44,2.75,1.45,2.55,1.5,2.62,1.5,2.8,1.53,2.85,1.47,2.68
ATP,2017,40,London,Wimbledon,2017-07-03,Grand Slam,Outdoor,Grass,1st Round,5,Tsonga J.W.,Norrie C.,10,221.0,3075,244.0,6.0,3.0,6.0,2.0,6.0,2.0,,,,,3.0,0.0,Completed,1.03,15.0,1.02,10.0,1.03,12.0,1.03,17.65,1.04,22.0,1.03,13.43
ATP,2017,40,London,Wimbledon,2017-07-03,Grand Slam,Outdoor,Grass,1st Round,5,Murray A.,Bublik A.,1,135.0,9390,421.0,6.0,1.0,6.0,4.0,6.0,2.0,,,,,3.0,0.0,Completed,1.03,15.0,1.03,9.0,1.05,10.0,1.05,13.17,1.06,15.0,1.04,11.86
ATP,2017,40,London,Wimbledon,2017-07-03,Grand Slam,Outdoor,Grass,1st Round,5,Nishikori K.,Cecchinato M.,9,102.0,3830,540.0,6.0,2.0,6.0,2.0,6.0,0.0,,,,,3.0,0.0,Completed,1.02,10.5,1.03,9.0,1.04,11.0,1.06,13.0,1.06,17.0,1.04,11.76
ATP,2017,40,London,Wimbledon,2017-07-03,Grand Slam,Outdoor,Grass,1st Round,5,Anderson K.,Verdasco F.,42,35.0,970,1175.0,2.0,6.0,7.0,6.0,7.0,6.0,6.0,3.0,,,3.0,1.0,Completed,1.57,2.37,1.53,2.35,1.53,2.5,1.56,2.6,1.62,2.6,1.56,2.44
ATP,2017,40,London,Wimbledon,2017-07-03,Grand Slam,Outdoor,Grass,1st Round,5,Young D.,Istomin D.,43,72.0,970,704.0,5.0,7.0,6.0,4.0,6.0,4.0,4.0,2.0,,,2.0,1.0,Retired,1.61,2.25,1.62,2.15,1.61,2.2,1.73,2.24,1.74,2.46,1.64,2.25
ATP,2017,40,London,Wimbledon,2017-07-03,Grand Slam,Outdoor,Grass,1st Round,5,Bautista Agut R.,Haider-Maurer A.,19,1039.0,2155,9.0,6.0,3.0,6.0,1.0,6.0,2.0,,,,,3.0,0.0,Completed,1.04,13.0,1.02,10.0,1.03,12.0,1.03,17.65,1.04,22.25,1.03,13.21
ATP,2017,40,London,Wimbledon,2017-07-03,Grand Slam,Outdoor,Grass,1st Round,5,Pouille L.,Jaziri M.,16,77.0,2570,671.0,6.0,7.0,6.0,4.0,6.0,4.0,7.0,6.0,,,3.0,1.0,Completed,1.08,8.0,1.07,7.0,1.08,7.5,1.1,8.67,1.1,9.75,1.08,7.9
ATP,2017,40,London,Wimbledon,2017-07-03,Grand Slam,Outdoor,Grass,1st Round,5,Gojowczyk P.,Copil M.,140,85.0,410,629.0,7.0,6.0,2.0,6.0,6.0,3.0,6.0,1.0,,,3.0,1.0,Completed,1.8,2.0,1.85,1.85,1.91,1.91,1.95,1.95,1.95,2.06,1.87,1.93
ATP,2017,40,London,Wimbledon,2017-07-03,Grand Slam,Outdoor,Grass,1st Round,5,Stakhovsky S.,Benneteau J.,122,81.0,461,652.0,6.0,3.0,7.0,6.0,2.0,6.0,6.0,2.0,,,3.0,1.0,Completed,1.8,2.0,1.65,2.1,1.8,2.0,1.74,2.22,1.82,2.22,1.74,2.09
ATP,2017,40,London,Wimbledon,2017-07-03,Grand Slam,Outdoor,Grass,1st Round,5,Seppi A.,Gombos N.,87,93.0,626,596.0,6.0,2.0,3.0,6.0,6.0,2.0,6.0,1.0,,,3.0,1.0,Completed,1.2,4.5,1.18,4.3,1.2,4.5,1.21,5.0,1.24,5.0,1.2,4.56
ATP,2017,40,London,Wimbledon,2017-07-03,Grand Slam,Outdoor,Grass,1st Round,5,Cilic M.,Kohlschreiber P.,6,60.0,4235,840.0,6.0,4.0,6.0,2.0,6.0,3.0,,,,,3.0,0.0,Completed,1.16,5.0,1.15,4.75,1.17,5.0,1.17,5.77,1.18,6.45,1.16,5.28
ATP,2017,40,London,Wimbledon,2017-07-03,Grand Slam,Outdoor,Grass,1st Round,5,Nadal R.,Millman J.,2,137.0,7285,414.0,6.0,1.0,6.0,3.0,6.0,2.0,,,,,3.0,0.0,Completed,1.04,13.0,1.03,9.0,1.03,12.0,1.06,12.98,1.06,15.75,1.04,11.7
ATP,2017,40,London,Wimbledon,2017-07-03,Grand Slam,Outdoor,Grass,1st Round,5,Mayer F.,Troicki V.,114,40.0,500,1000.0,6.0,1.0,,,,,,,,,1.0,0.0,Retired,1.53,2.5,1.5,2.4,1.57,2.37,1.59,2.52,1.61,2.6,1.55,2.44
ATP,2017,40,London,Wimbledon,2017-07-03,Grand Slam,Outdoor,Grass,1st Round,5,Bedene A.,Karlovic I.,58,23.0,853,1835.0,6.0,7.0,7.0,6.0,6.0,7.0,7.0,6.0,8.0,6.0,3.0,2.0,Completed,2.75,1.44,2.65,1.42,2.75,1.44,2.82,1.49,3.0,1.49,2.75,1.44
ATP,2017,40,London,Wimbledon,2017-07-03,Grand Slam,Outdoor,Grass,1st Round,5,Fognini F.,Tursunov D.,29,715.0,1430,30.0,6.0,1.0,6.0,3.0,6.0,3.0,,,,,3.0,0.0,Completed,1.1,7.0,1.08,6.5,1.1,7.0,1.13,6.42,1.14,7.05,1.11,6.4
ATP,2017,40,London,Wimbledon,2017-07-03,Grand Slam,Outdoor,Grass,1st Round,5,Rosol L.,Laaksonen H.,214,104.0,249,538.0,4.0,6.0,7.0,5.0,6.0,3.0,6.0,4.0,,,3.0,1.0,Completed,1.28,3.75,1.27,3.45,1.3,3.5,1.32,3.74,1.33,3.75,1.29,3.56
ATP,2017,40,London,Wimbledon,2017-07-03,Grand Slam,Outdoor,Grass,1st Round,5,Muller G.,Fucsovics M.,26,109.0,1675,513.0,7.0,5.0,6.0,4.0,6.0,2.0,,,,,3.0,0.0,Completed,1.14,5.5,1.12,5.4,1.14,5.5,1.15,6.48,1.15,7.25,1.13,5.96
ATP,2017,40,London,Wimbledon,2017-07-03,Grand Slam,Outdoor,Grass,1st Round,5,Bemelmans R.,Haas T.,124,258.0,457,205.0,6.0,2.0,3.0,6.0,6.0,3.0,7.0,5.0,,,3.0,1.0,Completed,3.0,1.4,2.8,1.38,2.75,1.44,2.93,1.46,3.0,1.46,2.86,1.42
ATP,2017,40,London,Wimbledon,2017-07-03,Grand Slam,Outdoor,Grass,1st Round,5,Vesely J.,Marchenko I.,48,117.0,950,472.0,6.0,1.0,4.0,6.0,4.0,6.0,7.0,5.0,6.0,1.0,3.0,2.0,Completed,1.44,2.75,1.47,2.5,1.5,2.62,1.54,2.66,1.54,2.75,1.5,2.58
ATP,2017,40,London,Wimbledon,2017-07-03,Grand Slam,Outdoor,Grass,1st Round,5,Medvedev D.,Wawrinka S.,49,3.0,922,6175.0,6.0,4.0,3.0,6.0,6.0,4.0,6.0,1.0,,,3.0,1.0,Completed,3.0,1.4,3.05,1.33,3.25,1.36,3.48,1.36,3.48,1.43,3.18,1.35
ATP,2017,40,London,Wimbledon,2017-07-03,Grand Slam,Outdoor,Grass,1st Round,5,Dzumhur D.,Olivo R.,83,89.0,635,623.0,6.0,2.0,6.0,0.0,6.0,1.0,,,,,3.0,0.0,Completed,1.33,3.4,1.32,3.1,1.36,3.25,1.36,3.45,1.38,3.55,1.33,3.28
ATP,2017,40,London,Wimbledon,2017-07-03,Grand Slam,Outdoor,Grass,1st Round,5,Johnson S.,Kicker N.,31,94.0,1395,589.0,6.0,4.0,7.0,5.0,6.0,3.0,,,,,3.0,0.0,Completed,1.04,13.0,1.02,10.0,1.03,12.0,1.05,13.44,1.05,16.0,1.03,12.55
ATP,2017,40,London,Wimbledon,2017-07-04,Grand Slam,Outdoor,Grass,1st Round,5,Pavlasek A.,Escobedo E.,136,74.0,415,690.0,6.0,7.0,6.0,1.0,6.0,3.0,6.0,1.0,,,3.0,1.0,Completed,2.75,1.44,2.75,1.4,2.75,1.44,3.11,1.42,3.15,1.45,2.88,1.42
ATP,2017,40,London,Wimbledon,2017-07-04,Grand Slam,Outdoor,Grass,1st Round,5,Darcis S.,Berankis R.,61,196.0,831,280.0,4.0,6.0,6.0,3.0,2.0,6.0,6.0,4.0,6.0,3.0,3.0,2.0,Completed,1.44,2.75,1.4,2.75,1.44,2.75,1.43,3.05,1.5,3.05,1.43,2.79
ATP,2017,40,London,Wimbledon,2017-07-04,Grand Slam,Outdoor,Grass,1st Round,5,Edmund K.,Ward A.,50,869.0,898,17.0,4.0,6.0,6.0,3.0,6.0,2.0,6.0,1.0,,,3.0,1.0,Completed,1.12,6.0,1.1,5.9,1.12,6.0,1.11,8.05,1.15,9.0,1.11,6.58
ATP,2017,40,London,Wimbledon,2017-07-04,Grand Slam,Outdoor,Grass,1st Round,5,Ferrer D.,Gasquet R.,39,27.0,1005,1560.0,6.0,3.0,6.0,4.0,5.0,7.0,6.0,2.0,,,3.0,1.0,Completed,6.5,1.11,5.9,1.1,6.0,1.12,7.55,1.12,8.5,1.15,6.65,1.11
ATP,2017,40,London,Wimbledon,2017-07-04,Grand Slam,Outdoor,Grass,1st Round,5,Gulbis E.,Estrella Burgos V.,589,96.0,50,585.0,6.0,1.0,6.0,1.0,6.0,2.0,,,,,3.0,0.0,Completed,1.66,2.2,1.65,2.1,1.73,2.1,1.77,2.18,1.77,2.25,1.71,2.13
ATP,2017,40,London,Wimbledon,2017-07-04,Grand Slam,Outdoor,Grass,1st Round,5,Kukushkin M.,Daniel T.,118,92.0,465,609.0,4.0,6.0,6.0,4.0,7.0,6.0,6.0,2.0,,,3.0,1.0,Completed,1.4,3.0,1.4,2.75,1.44,2.75,1.5,2.8,1.51,3.0,1.44,2.76
ATP,2017,40,London,Wimbledon,2017-07-04,Grand Slam,Outdoor,Grass,1st Round,5,Youzhny M.,Mahut N.,82,78.0,640,670.0,6.0,2.0,7.0,5.0,6.0,4.0,,,,,3.0,0.0,Completed,2.62,1.5,2.4,1.5,2.5,1.53,2.6,1.56,2.65,1.59,2.51,1.53
ATP,2017,40,London,Wimbledon,2017-07-04,Grand Slam,Outdoor,Grass,1st Round,5,Zverev M.,Tomic B.,30,59.0,1396,845.0,6.0,4.0,6.0,3.0,6.0,4.0,,,,,3.0,0.0,Completed,2.0,1.8,1.95,1.75,2.0,1.8,2.11,1.81,2.11,1.87,2.0,1.81
ATP,2017,40,London,Wimbledon,2017-07-04,Grand Slam,Outdoor,Grass,1st Round,5,Del Potro J.M.,Kokkinakis T.,32,486.0,1325,75.0,6.0,3.0,3.0,6.0,7.0,6.0,6.0,4.0,,,3.0,1.0,Completed,1.2,4.5,1.19,4.2,1.22,4.33,1.21,5.0,1.27,5.25,1.2,4.53
ATP,2017,40,London,Wimbledon,2017-07-04,Grand Slam,Outdoor,Grass,1st Round,5,Raonic M.,Struff J.L.,7,53.0,4150,883.0,7.0,6.0,6.0,2.0,7.0,6.0,,,,,3.0,0.0,Completed,1.12,6.0,1.1,5.9,1.11,6.5,1.12,7.73,1.13,8.25,1.11,6.67
ATP,2017,40,London,Wimbledon,2017-07-04,Grand Slam,Outdoor,Grass,1st Round,5,Ramos-Vinolas A.,Thompson J.,22,86.0,1885,628.0,6.0,4.0,6.0,4.0,7.0,6.0,,,,,3.0,0.0,Completed,2.2,1.66,2.1,1.65,2.2,1.67,2.16,1.78,2.4,1.8,2.15,1.7
ATP,2017,40,London,Wimbledon,2017-07-04,Grand Slam,Outdoor,Grass,1st Round,5,Rublev A.,Travaglia S.,95,155.0,585,355.0,6.0,7.0,6.0,3.0,7.0,5.0,1.0,6.0,7.0,5.0,3.0,2.0,Completed,1.22,4.33,1.2,4.1,1.22,4.33,1.25,4.46,1.26,4.7,1.22,4.26
ATP,2017,40,London,Wimbledon,2017-07-04,Grand Slam,Outdoor,Grass,1st Round,5,Monfils G.,Brands D.,14,215.0,2695,249.0,6.0,3.0,7.0,5.0,6.0,4.0,,,,,3.0,0.0,Completed,1.1,7.0,1.09,6.25,1.11,6.5,1.12,7.42,1.14,8.25,1.11,6.74
ATP,2017,40,London,Wimbledon,2017-07-04,Grand Slam,Outdoor,Grass,1st Round,5,Albot R.,Bagnis F.,108,107.0,513,514.0,4.0,6.0,6.0,4.0,7.0,6.0,7.0,6.0,,,3.0,1.0,Completed,1.2,4.5,1.17,4.4,1.17,5.0,1.21,5.08,1.21,5.75,1.18,4.93
ATP,2017,40,London,Wimbledon,2017-07-04,Grand Slam,Outdoor,Grass,1st Round,5,Simon G.,Jarry N.,36,182.0,1095,299.0,7.0,6.0,6.0,3.0,6.0,3.0,,,,,3.0,0.0,Completed,1.25,4.0,1.27,3.45,1.3,3.5,1.31,3.85,1.32,4.2,1.28,3.71
ATP,2017,40,London,Wimbledon,2017-07-04,Grand Slam,Outdoor,Grass,1st Round,5,Djokovic N.,Klizan M.,4,47.0,6055,954.0,6.0,3.0,2.0,0.0,,,,,,,1.0,0.0,Retired,1.03,15.0,1.02,10.0,1.04,11.0,1.03,17.65,1.04,23.25,1.03,13.88
ATP,2017,40,London,Wimbledon,2017-07-04,Grand Slam,Outdoor,Grass,1st Round,5,Sugita Y.,Klein B.,44,232.0,967,231.0,7.0,6.0,6.0,3.0,6.0,0.0,,,,,3.0,0.0,Completed,1.16,5.0,1.16,4.6,1.17,5.0,1.2,5.24,1.2,5.8,1.18,4.95
ATP,2017,40,London,Wimbledon,2017-07-04,Grand Slam,Outdoor,Grass,1st Round,5,Zverev A.,Donskoy E.,12,98.0,3070,584.0,6.0,4.0,7.0,6.0,6.0,3.0,,,,,3.0,0.0,Completed,1.08,8.0,1.06,7.25,1.08,7.5,1.07,10.84,1.09,11.75,1.07,8.55
ATP,2017,40,London,Wimbledon,2017-07-04,Grand Slam,Outdoor,Grass,1st Round,5,Baghdatis M.,Ward J.,65,1085.0,745,8.0,6.0,4.0,6.0,4.0,6.0,3.0,,,,,3.0,0.0,Completed,1.25,4.0,1.22,3.85,1.25,4.0,1.21,5.0,1.26,5.0,1.23,4.19
ATP,2017,40,London,Wimbledon,2017-07-04,Grand Slam,Outdoor,Grass,1st Round,5,Sock J.,Garin C.,18,220.0,2335,245.0,6.0,3.0,4.0,6.0,7.0,6.0,6.0,3.0,,,3.0,1.0,Completed,1.16,5.0,1.17,4.4,1.2,4.5,1.22,4.86,1.22,5.5,1.18,5.78
ATP,2017,40,London,Wimbledon,2017-07-04,Grand Slam,Outdoor,Grass,1st Round,5,Lajovic D.,Tsitsipas S.,79,192.0,661,286.0,6.0,4.0,6.0,4.0,6.0,4.0,,,,,3.0,0.0,Completed,1.9,1.9,1.9,1.8,2.0,1.8,1.95,1.95,2.05,1.95,1.96,1.83
ATP,2017,40,London,Wimbledon,2017-07-04,Grand Slam,Outdoor,Grass,1st Round,5,Federer R.,Dolgopolov O.,5,84.0,5265,631.0,6.0,3.0,3.0,0.0,,,,,,,1.0,0.0,Retired,1.02,19.0,1.01,11.5,1.02,15.0,1.01,25.99,1.03,32.75,1.01,18.65
ATP,2017,40,London,Wimbledon,2017-07-04,Grand Slam,Outdoor,Grass,1st Round,5,Harrison R.,Coric B.,41,45.0,993,966.0,7.0,6.0,6.0,4.0,7.0,6.0,,,,,3.0,0.0,Completed,2.0,1.8,1.95,1.75,2.0,1.8,2.02,1.89,2.2,1.89,2.04,1.78
ATP,2017,40,London,Wimbledon,2017-07-04,Grand Slam,Outdoor,Grass,1st Round,5,Berdych T.,Chardy J.,15,71.0,2570,705.0,6.0,3.0,3.0,6.0,7.0,6.0,6.0,4.0,,,3.0,1.0,Completed,1.2,4.5,1.19,4.2,1.22,4.33,1.22,4.85,1.22,4.85,1.2,4.52
ATP,2017,40,London,Wimbledon,2017-07-04,Grand Slam,Outdoor,Grass,1st Round,5,Ofner S.,Bellucci T.,216,55.0,248,862.0,6.0,2.0,6.0,3.0,6.0,2.0,,,,,3.0,0.0,Completed,3.0,1.4,2.65,1.42,2.75,1.44,2.8,1.5,3.15,1.51,2.78,1.44
ATP,2017,40,London,Wimbledon,2017-07-04,Grand Slam,Outdoor,Grass,1st Round,5,Tiafoe F.,Haase R.,64,38.0,756,1028.0,6.0,3.0,3.0,6.0,7.0,6.0,7.0,5.0,,,3.0,1.0,Completed,2.62,1.5,2.55,1.45,2.62,1.5,2.85,1.49,2.95,1.52,2.65,1.47
ATP,2017,40,London,Wimbledon,2017-07-04,Grand Slam,Outdoor,Grass,1st Round,5,Thiem D.,Pospisil V.,8,73.0,3895,697.0,6.0,4.0,6.0,4.0,6.0,3.0,,,,,3.0,0.0,Completed,1.44,2.75,1.4,2.75,1.4,3.0,1.44,3.05,1.48,3.2,1.42,2.85
ATP,2017,40,London,Wimbledon,2017-07-04,Grand Slam,Outdoor,Grass,1st Round,5,Dimitrov G.,Schwartzman D.,11,37.0,3070,1085.0,7.0,6.0,6.0,2.0,6.0,2.0,,,,,3.0,0.0,Completed,1.06,10.0,1.05,7.75,1.07,8.0,1.08,10.44,1.09,12.0,1.07,8.73
ATP,2017,40,London,Wimbledon,2017-07-04,Grand Slam,Outdoor,Grass,1st Round,5,Sela D.,Granollers M.,90,112.0,615,505.0,4.0,6.0,6.0,3.0,1.0,6.0,6.0,2.0,6.0,1.0,3.0,2.0,Completed,1.28,3.75,1.28,3.35,1.33,3.4,1.33,3.69,1.34,3.85,1.3,3.52
ATP,2017,40,London,Wimbledon,2017-07-04,Grand Slam,Outdoor,Grass,1st Round,5,Isner J.,Fritz T.,21,128.0,1930,432.0,6.0,4.0,7.0,6.0,6.0,3.0,,,,,3.0,0.0,Completed,1.3,3.5,1.32,3.1,1.36,3.25,1.37,3.39,1.38,3.6,1.34,3.26
ATP,2017,40,London,Wimbledon,2017-07-04,Grand Slam,Outdoor,Grass,1st Round,5,Mannarino A.,Lopez F.,51,25.0,896,1675.0,5.0,7.0,6.0,1.0,6.0,1.0,4.0,3.0,,,2.0,1.0,Retired,4.5,1.2,4.3,1.18,4.5,1.2,4.93,1.22,5.6,1.24,4.57,1.2
ATP,2017,40,London,Wimbledon,2017-07-04,Grand Slam,Outdoor,Grass,1st Round,5,Donaldson J.,Tipsarevic J.,67,63.0,730,825.0,5.0,0.0,,,,,,,,,0.0,0.0,Retired,3.5,1.3,3.35,1.28,3.5,1.3,3.6,1.34,3.8,1.37,3.45,1.31
ATP,2017,40,London,Wimbledon,2017-07-05,Grand Slam,Outdoor,Grass,1st Round,5,Lorenzi P.,Zeballos H.,33,52.0,1188,893.0,7.0,6.0,4.0,6.0,7.0,6.0,7.0,5.0,,,3.0,1.0,Completed,2.3,1.61,2.15,1.62,2.2,1.67,2.2,1.76,2.3,1.76,2.16,1.7
ATP,2017,40,London,Wimbledon,2017-07-05,Grand Slam,Outdoor,Grass,2nd Round,5,Bautista Agut R.,Gojowczyk P.,19,140.0,2155,410.0,6.0,2.0,6.0,1.0,3.0,6.0,6.0,3.0,,,3.0,1.0,Completed,1.2,4.5,1.15,4.75,1.14,5.5,1.18,5.65,1.21,6.0,1.17,5.03
ATP,2017,40,London,Wimbledon,2017-07-05,Grand Slam,Outdoor,Grass,2nd Round,5,Muller G.,Rosol L.,26,214.0,1675,249.0,7.0,5.0,6.0,7.0,4.0,6.0,6.0,3.0,9.0,7.0,3.0,2.0,Completed,1.12,6.0,1.12,5.4,1.14,5.5,1.14,6.7,1.17,6.95,1.13,5.88
ATP,2017,40,London,Wimbledon,2017-07-05,Grand Slam,Outdoor,Grass,2nd Round,5,Tsonga J.W.,Bolelli S.,10,312.0,3075,154.0,6.0,1.0,7.0,5.0,6.0,2.0,,,,,3.0,0.0,Completed,1.1,7.0,1.07,7.0,1.08,8.0,1.1,8.67,1.1,9.75,1.09,7.74
ATP,2017,40,London,Wimbledon,2017-07-05,Grand Slam,Outdoor,Grass,2nd Round,5,Nishikori K.,Stakhovsky S.,9,122.0,3830,461.0,6.0,4.0,6.0,7.0,6.0,1.0,7.0,6.0,,,3.0,1.0,Completed,1.16,5.0,1.15,4.75,1.17,5.0,1.17,6.02,1.21,6.1,1.16,5.2
ATP,2017,40,London,Wimbledon,2017-07-05,Grand Slam,Outdoor,Grass,2nd Round,5,Querrey S.,Basilashvili N.,28,54.0,1495,866.0,6.0,4.0,4.0,6.0,6.0,3.0,6.0,3.0,,,3.0,1.0,Completed,1.16,5.0,1.18,4.3,1.22,4.33,1.21,5.0,1.23,5.25,1.19,4.67
ATP,2017,40,London,Wimbledon,2017-07-05,Grand Slam,Outdoor,Grass,2nd Round,5,Bedene A.,Dzumhur D.,58,83.0,853,635.0,6.0,3.0,3.0,6.0,6.0,3.0,6.0,3.0,,,3.0,1.0,Completed,1.33,3.5,1.32,3.1,1.36,3.25,1.38,3.33,1.4,3.5,1.35,3.21
ATP,2017,40,London,Wimbledon,2017-07-05,Grand Slam,Outdoor,Grass,2nd Round,5,Bemelmans R.,Medvedev D.,124,49.0,457,922.0,6.0,4.0,6.0,2.0,3.0,6.0,2.0,6.0,6.0,3.0,3.0,2.0,Completed,5.5,1.14,5.2,1.13,5.0,1.17,6.35,1.15,6.85,1.17,5.74,1.14
ATP,2017,40,London,Wimbledon,2017-07-05,Grand Slam,Outdoor,Grass,2nd Round,5,Khachanov K.,Monteiro T.,34,100.0,1176,544.0,3.0,6.0,7.0,6.0,7.0,6.0,7.0,5.0,,,3.0,1.0,Completed,1.1,7.0,1.09,6.25,1.11,6.5,1.12,7.73,1.12,8.75,1.1,6.97
ATP,2017,40,London,Wimbledon,2017-07-05,Grand Slam,Outdoor,Grass,2nd Round,5,Cilic M.,Mayer F.,6,114.0,4235,500.0,7.0,6.0,6.0,4.0,7.0,5.0,,,,,3.0,0.0,Completed,1.1,7.0,1.08,6.5,1.1,7.0,1.09,9.35,1.11,10.75,1.09,7.66
ATP,2017,40,London,Wimbledon,2017-07-05,Grand Slam,Outdoor,Grass,2nd Round,5,Johnson S.,Albot R.,31,108.0,1395,513.0,6.0,3.0,6.0,3.0,4.0,6.0,6.0,3.0,,,3.0,1.0,Completed,1.2,4.5,1.17,4.4,1.17,5.0,1.19,5.35,1.2,5.8,1.18,4.88
ATP,2017,40,London,Wimbledon,2017-07-05,Grand Slam,Outdoor,Grass,2nd Round,5,Fognini F.,Vesely J.,29,48.0,1430,950.0,7.0,6.0,6.0,4.0,6.0,2.0,,,,,3.0,0.0,Completed,1.61,2.3,1.57,2.25,1.57,2.37,1.68,2.34,1.74,2.45,1.62,2.3
ATP,2017,40,London,Wimbledon,2017-07-05,Grand Slam,Outdoor,Grass,2nd Round,5,Janowicz J.,Pouille L.,141,16.0,400,2570.0,7.0,6.0,7.0,6.0,3.0,6.0,6.0,1.0,,,3.0,1.0,Completed,3.0,1.4,2.95,1.35,3.25,1.36,3.49,1.36,3.55,1.41,3.11,1.37
ATP,2017,40,London,Wimbledon,2017-07-05,Grand Slam,Outdoor,Grass,2nd Round,5,Anderson K.,Seppi A.,42,87.0,970,626.0,6.0,3.0,7.0,6.0,6.0,3.0,,,,,3.0,0.0,Completed,1.25,4.0,1.25,3.6,1.3,3.5,1.3,3.89,1.33,4.0,1.29,3.61
ATP,2017,40,London,Wimbledon,2017-07-05,Grand Slam,Outdoor,Grass,2nd Round,5,Murray A.,Brown D.,1,97.0,9390,585.0,6.0,3.0,6.0,2.0,6.0,2.0,,,,,3.0,0.0,Completed,1.07,9.0,1.07,7.0,1.12,6.0,1.09,9.1,1.12,10.5,1.08,7.91
ATP,2017,40,London,Wimbledon,2017-07-05,Grand Slam,Outdoor,Grass,2nd Round,5,Paire B.,Herbert P.H.,46,70.0,960,707.0,7.0,6.0,6.0,1.0,6.0,4.0,,,,,3.0,0.0,Completed,1.9,1.9,1.85,1.85,1.91,1.91,1.96,1.94,1.97,2.0,1.88,1.92
ATP,2017,40,London,Wimbledon,2017-07-05,Grand Slam,Outdoor,Grass,2nd Round,5,Nadal R.,Young D.,2,43.0,7285,970.0,6.0,4.0,6.0,2.0,7.0,5.0,,,,,3.0,0.0,Completed,1.05,11.0,1.03,9.0,1.06,9.0,1.07,11.25,1.08,13.5,1.05,10.54
ATP,2017,40,London,Wimbledon,2017-07-06,Grand Slam,Outdoor,Grass,2nd Round,5,Ferrer D.,Darcis S.,39,61.0,1005,831.0,3.0,0.0,,,,,,,,,0.0,0.0,Retired,1.4,3.0,1.37,2.85,1.4,3.0,1.45,3.0,1.45,3.15,1.4,2.97
ATP,2017,40,London,Wimbledon,2017-07-06,Grand Slam,Outdoor,Grass,2nd Round,5,Dimitrov G.,Baghdatis M.,11,65.0,3070,745.0,6.0,3.0,6.0,2.0,6.0,1.0,,,,,3.0,0.0,Completed,1.14,5.5,1.11,5.6,1.12,6.0,1.13,7.04,1.15,7.25,1.13,6.03
ATP,2017,40,London,Wimbledon,2017-07-06,Grand Slam,Outdoor,Grass,2nd Round,5,Sela D.,Isner J.,90,21.0,615,1930.0,6.0,7.0,7.0,6.0,5.0,7.0,7.0,6.0,6.0,3.0,3.0,2.0,Completed,4.5,1.2,4.6,1.16,5.0,1.17,5.42,1.19,6.0,1.21,5.01,1.18
ATP,2017,40,London,Wimbledon,2017-07-06,Grand Slam,Outdoor,Grass,2nd Round,5,Zverev M.,Kukushkin M.,30,118.0,1396,465.0,6.0,1.0,6.0,2.0,2.0,6.0,3.0,6.0,6.0,4.0,3.0,2.0,Completed,1.2,4.5,1.18,4.3,1.22,4.33,1.22,4.85,1.24,5.05,1.2,4.53
ATP,2017,40,London,Wimbledon,2017-07-06,Grand Slam,Outdoor,Grass,2nd Round,5,Gulbis E.,Del Potro J.M.,589,32.0,50,1325.0,6.0,4.0,6.0,4.0,7.0,6.0,,,,,3.0,0.0,Completed,6.0,1.12,5.4,1.12,5.5,1.14,6.87,1.14,7.5,1.14,6.16,1.12
ATP,2017,40,London,Wimbledon,2017-07-06,Grand Slam,Outdoor,Grass,2nd Round,5,Monfils G.,Edmund K.,14,50.0,2695,898.0,7.0,6.0,6.0,4.0,6.0,4.0,,,,,3.0,0.0,Completed,1.22,4.33,1.21,3.95,1.25,4.0,1.24,4.65,1.25,4.9,1.22,4.27
ATP,2017,40,London,Wimbledon,2017-07-06,Grand Slam,Outdoor,Grass,2nd Round,5,Djokovic N.,Pavlasek A.,4,136.0,6055,415.0,6.0,2.0,6.0,2.0,6.0,1.0,,,,,3.0,0.0,Completed,1.01,26.0,1.01,11.5,1.02,15.0,1.01,27.22,1.02,34.25,1.01,20.04
ATP,2017,40,London,Wimbledon,2017-07-06,Grand Slam,Outdoor,Grass,2nd Round,5,Mannarino A.,Sugita Y.,51,44.0,896,967.0,6.0,1.0,5.0,7.0,4.0,6.0,7.0,6.0,6.0,2.0,3.0,2.0,Completed,2.0,1.8,1.9,1.8,2.0,1.8,2.04,1.87,2.05,1.95,1.97,1.83
ATP,2017,40,London,Wimbledon,2017-07-06,Grand Slam,Outdoor,Grass,2nd Round,5,Thiem D.,Simon G.,8,36.0,3895,1095.0,5.0,7.0,6.0,4.0,6.0,2.0,6.0,4.0,,,3.0,1.0,Completed,1.22,4.33,1.21,3.95,1.25,4.0,1.24,4.65,1.25,5.05,1.23,4.26
ATP,2017,40,London,Wimbledon,2017-07-06,Grand Slam,Outdoor,Grass,2nd Round,5,Berdych T.,Harrison R.,15,41.0,2570,993.0,6.0,4.0,6.0,3.0,6.0,7.0,6.0,3.0,,,3.0,1.0,Completed,1.12,6.0,1.11,5.6,1.14,5.5,1.13,7.05,1.17,7.75,1.12,6.24
ATP,2017,40,London,Wimbledon,2017-07-06,Grand Slam,Outdoor,Grass,2nd Round,5,Raonic M.,Youzhny M.,7,82.0,4150,640.0,3.0,6.0,7.0,6.0,6.0,4.0,7.0,5.0,,,3.0,1.0,Completed,1.05,11.0,1.04,8.5,1.07,8.0,1.06,12.02,1.07,14.5,1.05,9.97
ATP,2017,40,London,Wimbledon,2017-07-06,Grand Slam,Outdoor,Grass,2nd Round,5,Ramos-Vinolas A.,Rublev A.,22,95.0,1885,585.0,7.0,5.0,6.0,7.0,4.0,6.0,6.0,3.0,6.0,4.0,3.0,2.0,Completed,1.61,2.3,1.6,2.2,1.61,2.25,1.66,2.37,1.69,2.4,1.63,2.28
ATP,2017,40,London,Wimbledon,2017-07-06,Grand Slam,Outdoor,Grass,2nd Round,5,Donaldson J.,Lorenzi P.,67,33.0,730,1188.0,6.0,4.0,7.0,6.0,6.0,7.0,6.0,2.0,,,3.0,1.0,Completed,1.57,2.37,1.53,2.35,1.57,2.37,1.61,2.49,1.67,2.51,1.58,2.38
ATP,2017,40,London,Wimbledon,2017-07-06,Grand Slam,Outdoor,Grass,2nd Round,5,Zverev A.,Tiafoe F.,12,64.0,3070,756.0,6.0,3.0,6.0,4.0,6.0,3.0,,,,,3.0,0.0,Completed,1.08,8.0,1.08,6.5,1.1,7.0,1.11,8.3,1.11,9.5,1.08,7.93
ATP,2017,40,London,Wimbledon,2017-07-06,Grand Slam,Outdoor,Grass,2nd Round,5,Federer R.,Lajovic D.,5,79.0,5265,661.0,7.0,6.0,6.0,3.0,6.0,2.0,,,,,3.0,0.0,Completed,1.01,26.0,1.01,11.5,1.02,15.0,1.01,34.05,1.02,46.75,1.01,21.21
ATP,2017,40,London,Wimbledon,2017-07-06,Grand Slam,Outdoor,Grass,2nd Round,5,Ofner S.,Sock J.,216,18.0,248,2335.0,6.0,3.0,6.0,4.0,3.0,6.0,2.0,6.0,6.0,2.0,3.0,2.0,Completed,6.0,1.12,5.2,1.13,5.5,1.14,5.91,1.17,6.7,1.17,5.89,1.14
ATP,2017,40,London,Wimbledon,2017-07-07,Grand Slam,Outdoor,Grass,3rd Round,5,Bautista Agut R.,Nishikori K.,19,9.0,2155,3830.0,6.0,4.0,7.0,6.0,3.0,6.0,6.0,3.0,,,3.0,1.0,Completed,3.0,1.4,2.95,1.35,3.25,1.36,3.06,1.44,3.4,1.44,3.09,1.38
ATP,2017,40,London,Wimbledon,2017-07-07,Grand Slam,Outdoor,Grass,3rd Round,5,Muller G.,Bedene A.,26,58.0,1675,853.0,7.0,6.0,7.0,5.0,6.0,4.0,,,,,3.0,0.0,Completed,1.4,3.0,1.35,2.95,1.36,3.0,1.41,3.22,1.42,3.3,1.38,3.08
ATP,2017,40,London,Wimbledon,2017-07-07,Grand Slam,Outdoor,Grass,3rd Round,5,Cilic M.,Johnson S.,6,31.0,4235,1395.0,6.0,4.0,7.0,6.0,6.0,4.0,,,,,3.0,0.0,Completed,1.14,5.5,1.13,5.2,1.14,5.5,1.17,6.16,1.17,6.76,1.14,5.69
ATP,2017,40,London,Wimbledon,2017-07-07,Grand Slam,Outdoor,Grass,3rd Round,5,Paire B.,Janowicz J.,46,141.0,960,400.0,6.0,2.0,7.0,6.0,6.0,3.0,,,,,3.0,0.0,Completed,2.1,1.72,2.0,1.72,2.1,1.73,2.13,1.82,2.15,1.83,2.07,1.76
ATP,2017,40,London,Wimbledon,2017-07-07,Grand Slam,Outdoor,Grass,3rd Round,5,Nadal R.,Khachanov K.,2,34.0,7285,1176.0,6.0,1.0,6.0,4.0,7.0,6.0,,,,,3.0,0.0,Completed,1.06,10.0,1.05,7.75,1.08,7.5,1.07,11.49,1.08,13.0,1.06,9.52
ATP,2017,40,London,Wimbledon,2017-07-07,Grand Slam,Outdoor,Grass,3rd Round,5,Murray A.,Fognini F.,1,29.0,9390,1430.0,6.0,2.0,4.0,6.0,6.0,1.0,7.0,5.0,,,3.0,1.0,Completed,1.08,8.0,1.07,7.0,1.11,6.5,1.1,9.22,1.12,9.75,1.09,7.63
ATP,2017,40,London,Wimbledon,2017-07-07,Grand Slam,Outdoor,Grass,3rd Round,5,Anderson K.,Bemelmans R.,42,124.0,970,457.0,7.0,6.0,6.0,4.0,7.0,6.0,,,,,3.0,0.0,Completed,1.11,6.5,1.11,5.6,1.12,6.0,1.16,6.31,1.16,6.75,1.13,6.08
ATP,2017,40,London,Wimbledon,2017-07-08,Grand Slam,Outdoor,Grass,3rd Round,5,Dimitrov G.,Sela D.,11,90.0,3070,615.0,6.0,1.0,6.0,1.0,,,,,,,2.0,0.0,Retired,1.05,11.0,1.04,8.5,1.06,9.0,1.06,12.75,1.07,15.0,1.05,10.36
ATP,2017,40,London,Wimbledon,2017-07-08,Grand Slam,Outdoor,Grass,3rd Round,5,Mannarino A.,Monfils G.,51,14.0,896,2695.0,7.0,6.0,4.0,6.0,5.0,7.0,6.0,3.0,6.0,2.0,3.0,2.0,Completed,4.5,1.2,3.95,1.21,4.0,1.25,4.48,1.26,5.0,1.26,4.36,1.22
ATP,2017,40,London,Wimbledon,2017-07-08,Grand Slam,Outdoor,Grass,3rd Round,5,Raonic M.,Ramos-Vinolas A.,7,22.0,4150,1885.0,7.0,6.0,6.0,4.0,7.0,5.0,,,,,3.0,0.0,Completed,1.1,7.0,1.1,5.9,1.12,6.0,1.11,8.37,1.12,8.39,1.1,8.12
ATP,2017,40,London,Wimbledon,2017-07-08,Grand Slam,Outdoor,Grass,3rd Round,5,Querrey S.,Tsonga J.W.,28,10.0,1495,3075.0,6.0,2.0,3.0,6.0,7.0,6.0,1.0,6.0,7.0,5.0,3.0,2.0,Completed,3.4,1.33,3.2,1.3,3.4,1.33,3.62,1.34,3.7,1.37,3.34,1.33
ATP,2017,40,London,Wimbledon,2017-07-08,Grand Slam,Outdoor,Grass,3rd Round,5,Berdych T.,Ferrer D.,15,39.0,2570,1005.0,6.0,3.0,6.0,4.0,6.0,3.0,,,,,3.0,0.0,Completed,1.16,5.0,1.17,4.4,1.2,4.5,1.21,5.22,1.21,5.45,1.19,4.73
ATP,2017,40,London,Wimbledon,2017-07-08,Grand Slam,Outdoor,Grass,3rd Round,5,Djokovic N.,Gulbis E.,4,589.0,6055,50.0,6.0,4.0,6.0,1.0,7.0,6.0,,,,,3.0,0.0,Completed,1.07,9.0,1.06,7.25,1.07,8.0,1.1,9.14,1.1,10.65,1.08,8.38
ATP,2017,40,London,Wimbledon,2017-07-08,Grand Slam,Outdoor,Grass,3rd Round,5,Zverev A.,Ofner S.,12,216.0,3070,248.0,6.0,4.0,6.0,4.0,6.0,2.0,,,,,3.0,0.0,Completed,1.04,13.0,1.03,9.0,1.04,11.0,1.06,13.84,1.08,16.17,1.04,11.68
ATP,2017,40,London,Wimbledon,2017-07-08,Grand Slam,Outdoor,Grass,3rd Round,5,Thiem D.,Donaldson J.,8,67.0,3895,730.0,7.0,5.0,6.0,4.0,6.0,2.0,,,,,3.0,0.0,Completed,1.11,6.5,1.09,6.25,1.1,7.0,1.11,8.19,1.16,8.25,1.12,6.44
ATP,2017,40,London,Wimbledon,2017-07-08,Grand Slam,Outdoor,Grass,3rd Round,3,Federer R.,Zverev M.,5,30.0,5265,1396.0,7.0,6.0,6.0,4.0,6.0,4.0,,,,,3.0,0.0,Completed,1.03,15.0,1.02,10.0,1.04,11.0,1.04,17.22,1.05,20.5,1.04,13.05
ATP,2017,40,London,Wimbledon,2017-07-10,Grand Slam,Outdoor,Grass,4th Round,5,Cilic M.,Bautista Agut R.,6,19.0,4235,2155.0,6.0,2.0,6.0,2.0,6.0,2.0,,,,,3.0,0.0,Completed,1.2,4.5,1.19,4.2,1.22,4.33,1.23,4.8,1.24,5.05,1.21,4.53
ATP,2017,40,London,Wimbledon,2017-07-10,Grand Slam,Outdoor,Grass,4th Round,5,Querrey S.,Anderson K.,28,42.0,1495,970.0,5.0,7.0,7.0,6.0,6.0,3.0,6.0,7.0,6.0,3.0,3.0,2.0,Completed,2.1,1.72,2.0,1.72,2.0,1.8,2.26,1.73,2.26,1.84,2.07,1.77
ATP,2017,40,London,Wimbledon,2017-07-10,Grand Slam,Outdoor,Grass,4th Round,5,Murray A.,Paire B.,1,46.0,9390,960.0,7.0,6.0,6.0,4.0,6.0,4.0,,,,,3.0,0.0,Completed,1.1,7.0,1.09,6.25,1.12,6.0,1.13,7.5,1.14,8.25,1.11,6.9
ATP,2017,40,London,Wimbledon,2017-07-10,Grand Slam,Outdoor,Grass,4th Round,5,Berdych T.,Thiem D.,15,8.0,2570,3895.0,6.0,3.0,6.0,7.0,6.0,3.0,3.0,6.0,6.0,3.0,3.0,2.0,Completed,1.8,2.0,1.75,1.95,1.8,2.0,1.84,2.1,1.91,2.1,1.83,1.98
ATP,2017,40,London,Wimbledon,2017-07-10,Grand Slam,Outdoor,Grass,4th Round,5,Muller G.,Nadal R.,26,2.0,1675,7285.0,6.0,3.0,6.0,4.0,3.0,6.0,4.0,6.0,15.0,13.0,3.0,2.0,Completed,6.5,1.11,5.9,1.1,6.0,1.12,8.03,1.12,8.75,1.12,7.05,1.11
ATP,2017,40,London,Wimbledon,2017-07-10,Grand Slam,Outdoor,Grass,4th Round,5,Raonic M.,Zverev A.,7,12.0,4150,3070.0,4.0,6.0,7.0,5.0,4.0,6.0,7.0,5.0,6.0,1.0,3.0,2.0,Completed,1.72,2.1,1.75,1.95,1.8,2.0,1.88,2.04,1.91,2.1,1.81,2.01
ATP,2017,40,London,Wimbledon,2017-07-10,Grand Slam,Outdoor,Grass,4th Round,5,Federer R.,Dimitrov G.,5,11.0,5265,3070.0,6.0,4.0,6.0,2.0,6.0,4.0,,,,,3.0,0.0,Completed,1.14,5.5,1.15,4.75,1.17,5.0,1.19,5.61,1.19,6.1,1.16,5.33
ATP,2017,40,London,Wimbledon,2017-07-11,Grand Slam,Outdoor,Grass,4th Round,5,Djokovic N.,Mannarino A.,4,51.0,6055,896.0,6.0,2.0,7.0,6.0,6.0,4.0,,,,,3.0,0.0,Completed,1.03,15.0,1.02,10.0,1.05,10.0,1.05,15.55,1.05,21.0,1.03,12.89
ATP,2017,40,London,Wimbledon,2017-07-12,Grand Slam,Outdoor,Grass,Quarterfinals,5,Cilic M.,Muller G.,6,26.0,4235,1675.0,3.0,6.0,7.0,6.0,7.0,5.0,5.0,7.0,6.0,1.0,3.0,2.0,Completed,1.2,4.5,1.18,4.3,1.22,4.33,1.22,4.92,1.25,5.35,1.2,4.63
ATP,2017,40,London,Wimbledon,2017-07-12,Grand Slam,Outdoor,Grass,Quarterfinals,5,Querrey S.,Murray A.,28,1.0,1495,9390.0,3.0,6.0,6.0,4.0,6.0,7.0,6.0,1.0,6.0,1.0,3.0,2.0,Completed,5.0,1.16,5.0,1.14,5.0,1.17,5.57,1.19,6.1,1.2,5.29,1.16
ATP,2017,40,London,Wimbledon,2017-07-12,Grand Slam,Outdoor,Grass,Quarterfinals,5,Federer R.,Raonic M.,5,7.0,5265,4150.0,6.0,4.0,6.0,2.0,7.0,6.0,,,,,3.0,0.0,Completed,1.2,4.5,1.18,4.3,1.22,4.33,1.21,5.14,1.23,5.45,1.2,4.7
ATP,2017,40,London,Wimbledon,2017-07-12,Grand Slam,Outdoor,Grass,Quarterfinals,5,Berdych T.,Djokovic N.,15,4.0,2570,6055.0,7.0,6.0,2.0,0.0,,,,,,,1.0,0.0,Retired,4.0,1.25,4.1,1.2,4.0,1.25,5.17,1.21,5.17,1.28,4.27,1.23
ATP,2017,40,London,Wimbledon,2017-07-14,Grand Slam,Outdoor,Grass,Semifinals,5,Cilic M.,Querrey S.,6,28.0,4235,1495.0,6.0,7.0,6.0,4.0,7.0,6.0,7.0,5.0,,,3.0,1.0,Completed,1.28,3.75,1.28,3.35,1.3,3.5,1.31,3.95,1.35,4.05,1.3,3.64
ATP,2017,40,London,Wimbledon,2017-07-14,Grand Slam,Outdoor,Grass,Semifinals,5,Federer R.,Berdych T.,5,15.0,5265,2570.0,7.0,6.0,7.0,6.0,6.0,4.0,,,,,3.0,0.0,Completed,1.1,7.0,1.09,6.25,1.14,5.5,1.12,8.04,1.15,8.5,1.12,6.85
ATP,2017,40,London,Wimbledon,2017-07-16,Grand Slam,Outdoor,Grass,The Final,5,Federer R.,Cilic M.,5,6.0,5265,4235.0,6.0,3.0,6.0,1.0,6.0,4.0,,,,,3.0,0.0,Completed,1.22,4.5,1.2,4.1,,,1.25,4.6,1.26,4.75,1.23,4.33
ATP,2017,53,New York,US Open,2017-08-28,Grand Slam,Outdoor,Hard,1st Round,5,Mayer F.,Dutra Silva R.,74,453.0,688,86.0,7.0,5.0,0.0,6.0,6.0,3.0,6.0,4.0,,,3.0,1.0,Completed,1.5,2.62,1.47,2.5,1.5,2.62,1.56,2.6,1.57,2.65,1.51,2.55
ATP,2017,53,New York,US Open,2017-08-28,Grand Slam,Outdoor,Hard,1st Round,5,Edmund K.,Haase R.,42,36.0,1082,1168.0,6.0,3.0,7.0,5.0,6.0,3.0,,,,,3.0,0.0,Completed,1.9,1.9,1.85,1.85,1.91,1.91,1.88,2.02,1.95,2.02,1.89,1.91
ATP,2017,53,New York,US Open,2017-08-28,Grand Slam,Outdoor,Hard,1st Round,5,Carreno Busta P.,King E.,19,308.0,2225,160.0,6.0,3.0,6.0,2.0,7.0,6.0,,,,,3.0,0.0,Completed,1.08,8.0,1.07,7.0,1.08,7.5,1.1,8.67,1.1,9.0,1.08,7.8
ATP,2017,53,New York,US Open,2017-08-28,Grand Slam,Outdoor,Hard,1st Round,5,Chung H.,Zeballos H.,47,58.0,992,823.0,3.0,6.0,7.0,6.0,6.0,4.0,6.0,3.0,,,3.0,1.0,Completed,1.25,4.0,1.23,3.75,1.28,3.75,1.28,4.14,1.29,4.33,1.25,3.94
ATP,2017,53,New York,US Open,2017-08-28,Grand Slam,Outdoor,Hard,1st Round,5,Johnson S.,Almagro N.,46,92.0,1000,590.0,6.0,4.0,7.0,6.0,7.0,6.0,,,,,3.0,0.0,Completed,1.12,6.0,1.12,5.4,,,1.16,6.21,1.16,6.8,1.12,6.05
ATP,2017,53,New York,US Open,2017-08-28,Grand Slam,Outdoor,Hard,1st Round,5,Norrie C.,Tursunov D.,225,645.0,229,40.0,7.0,6.0,6.0,1.0,,,,,,,2.0,0.0,Retired,1.4,3.0,1.4,2.75,1.44,2.75,1.52,2.72,1.6,3.28,1.44,2.76
ATP,2017,53,New York,US Open,2017-08-28,Grand Slam,Outdoor,Hard,1st Round,5,Anderson K.,Aragone J.,32,534.0,1360,60.0,6.0,3.0,6.0,3.0,6.0,1.0,,,,,3.0,0.0,Completed,1.04,13.0,1.02,10.0,1.05,10.0,1.03,18.88,1.05,19.68,1.03,12.99
ATP,2017,53,New York,US Open,2017-08-28,Grand Slam,Outdoor,Hard,1st Round,5,Kukushkin M.,Ferrer D.,103,25.0,538,1695.0,4.0,6.0,6.0,3.0,6.0,2.0,6.0,1.0,,,3.0,1.0,Completed,4.5,1.2,4.3,1.18,4.5,1.2,4.73,1.23,4.9,1.23,4.52,1.2
ATP,2017,53,New York,US Open,2017-08-28,Grand Slam,Outdoor,Hard,1st Round,5,Donskoy E.,Haider-Maurer A.,99,506.0,549,68.0,7.0,6.0,5.0,1.0,,,,,,,1.0,0.0,Retired,1.28,3.75,1.27,3.45,1.28,3.75,1.29,4.05,1.3,4.05,1.28,3.68
ATP,2017,53,New York,US Open,2017-08-28,Grand Slam,Outdoor,Hard,1st Round,5,Cilic M.,Sandgren T.,7,105.0,4155,538.0,6.0,4.0,6.0,3.0,3.0,6.0,6.0,3.0,,,3.0,1.0,Completed,1.04,13.0,1.03,9.0,1.04,11.0,1.06,12.02,1.06,13.0,1.04,10.93
ATP,2017,53,New York,US Open,2017-08-28,Grand Slam,Outdoor,Hard,1st Round,5,Gulbis E.,Giannessi A.,255,91.0,201,610.0,6.0,4.0,6.0,7.0,6.0,2.0,7.0,5.0,,,3.0,1.0,Completed,1.25,4.0,1.25,3.6,1.28,3.75,1.27,4.18,1.3,4.25,1.27,3.8
ATP,2017,53,New York,US Open,2017-08-28,Grand Slam,Outdoor,Hard,1st Round,5,Albot R.,Escobedo E.,138,77.0,405,671.0,7.0,5.0,4.0,6.0,6.0,2.0,6.0,4.0,,,3.0,1.0,Completed,1.72,2.1,1.65,2.1,1.73,2.1,1.77,2.18,1.79,2.2,1.71,2.13
ATP,2017,53,New York,US Open,2017-08-28,Grand Slam,Outdoor,Hard,1st Round,5,Paire B.,Lacko L.,41,120.0,1085,472.0,6.0,3.0,6.0,2.0,7.0,6.0,,,,,3.0,0.0,Completed,1.5,2.62,1.45,2.55,1.5,2.62,1.57,2.59,1.57,2.75,1.49,2.61
ATP,2017,53,New York,US Open,2017-08-28,Grand Slam,Outdoor,Hard,1st Round,5,Isner J.,Herbert P.H.,15,65.0,2425,742.0,6.0,1.0,6.0,3.0,4.0,6.0,6.0,3.0,,,3.0,1.0,Completed,1.14,5.5,1.14,5.0,1.17,5.0,1.17,5.8,1.19,6.5,1.16,5.2
ATP,2017,53,New York,US Open,2017-08-28,Grand Slam,Outdoor,Hard,1st Round,5,Tsonga J.W.,Copil M.,12,87.0,2690,618.0,6.0,3.0,6.0,3.0,6.0,4.0,,,,,3.0,0.0,Completed,1.1,7.0,1.08,6.5,1.11,6.5,1.09,9.28,1.11,9.5,1.09,7.63
ATP,2017,53,New York,US Open,2017-08-28,Grand Slam,Outdoor,Hard,1st Round,5,Schwartzman D.,Berlocq C.,33,95.0,1280,566.0,6.0,2.0,6.0,1.0,6.0,3.0,,,,,3.0,0.0,Completed,1.2,4.5,1.2,4.1,1.22,4.33,1.23,4.73,1.25,4.73,1.22,4.24
ATP,2017,53,New York,US Open,2017-08-28,Grand Slam,Outdoor,Hard,1st Round,5,Ramos-Vinolas A.,Istomin D.,24,86.0,1815,634.0,4.0,6.0,7.0,6.0,7.0,5.0,6.0,7.0,7.0,5.0,3.0,2.0,Completed,1.3,3.5,1.28,3.35,1.3,3.5,1.38,3.31,1.4,3.5,1.32,3.36
ATP,2017,53,New York,US Open,2017-08-28,Grand Slam,Outdoor,Hard,1st Round,5,Lorenzi P.,Sousa J.,40,50.0,1100,950.0,4.0,6.0,6.0,3.0,7.0,6.0,6.0,2.0,,,3.0,1.0,Completed,2.62,1.5,2.55,1.45,2.75,1.44,2.89,1.47,2.95,1.5,2.71,1.46
ATP,2017,53,New York,US Open,2017-08-28,Grand Slam,Outdoor,Hard,1st Round,5,Sela D.,Eubanks C.,71,324.0,703,151.0,6.0,2.0,6.0,4.0,6.0,2.0,,,,,3.0,0.0,Completed,1.25,4.0,1.28,3.35,1.33,3.4,1.32,3.78,1.33,4.0,1.29,3.63
ATP,2017,53,New York,US Open,2017-08-28,Grand Slam,Outdoor,Hard,1st Round,5,Lu Y.H.,Khachanov K.,63,29.0,761,1390.0,4.0,6.0,6.0,2.0,6.0,3.0,6.0,3.0,,,3.0,1.0,Completed,3.0,1.4,2.75,1.4,2.75,1.44,2.94,1.46,3.0,1.47,2.83,1.43
ATP,2017,53,New York,US Open,2017-08-28,Grand Slam,Outdoor,Hard,1st Round,5,Shapovalov D.,Medvedev D.,69,54.0,721,889.0,7.0,5.0,6.0,1.0,6.0,2.0,,,,,3.0,0.0,Completed,1.72,2.1,1.65,2.1,1.67,2.2,1.88,2.03,1.88,2.2,1.74,2.09
ATP,2017,53,New York,US Open,2017-08-28,Grand Slam,Outdoor,Hard,1st Round,5,Zverev M.,Kwiatkowski T.S.,27,710.0,1484,32.0,7.0,6.0,4.0,6.0,4.0,6.0,7.0,5.0,6.0,3.0,3.0,2.0,Completed,1.08,8.0,1.07,7.0,1.1,7.0,1.1,8.98,1.12,8.98,1.09,7.59
ATP,2017,53,New York,US Open,2017-08-28,Grand Slam,Outdoor,Hard,1st Round,5,Muller G.,Tomic B.,23,146.0,1885,390.0,3.0,6.0,6.0,3.0,6.0,4.0,6.0,4.0,,,3.0,1.0,Completed,1.25,4.0,1.24,3.65,1.25,4.0,1.27,4.22,1.29,4.4,1.25,3.97
ATP,2017,53,New York,US Open,2017-08-28,Grand Slam,Outdoor,Hard,1st Round,5,Tipsarevic J.,Kokkinakis T.,67,222.0,736,235.0,6.0,7.0,3.0,6.0,6.0,1.0,7.0,6.0,6.0,3.0,3.0,2.0,Completed,3.0,1.4,2.95,1.35,3.0,1.4,3.14,1.42,3.2,1.42,2.99,1.38
ATP,2017,53,New York,US Open,2017-08-28,Grand Slam,Outdoor,Hard,1st Round,5,Querrey S.,Simon G.,21,39.0,2095,1110.0,6.0,4.0,6.0,3.0,6.0,4.0,,,,,3.0,0.0,Completed,1.33,3.25,1.32,3.1,1.36,3.25,1.35,3.54,1.38,3.6,1.33,3.29
ATP,2017,53,New York,US Open,2017-08-28,Grand Slam,Outdoor,Hard,1st Round,5,Mahut N.,Fucsovics M.,115,117.0,491,483.0,6.0,3.0,2.0,6.0,6.0,4.0,2.0,6.0,7.0,6.0,3.0,2.0,Completed,1.8,2.0,1.72,2.0,1.73,2.1,1.88,2.03,1.91,2.1,1.81,2.0
ATP,2017,53,New York,US Open,2017-08-28,Grand Slam,Outdoor,Hard,1st Round,5,Pouille L.,Bemelmans R.,20,96.0,2210,562.0,6.0,3.0,6.0,4.0,6.0,4.0,,,,,3.0,0.0,Completed,1.22,4.33,1.19,4.2,1.22,4.33,1.23,4.73,1.24,4.8,1.21,4.4
ATP,2017,53,New York,US Open,2017-08-28,Grand Slam,Outdoor,Hard,1st Round,5,Fabbiano T.,Smith J.P.,82,202.0,646,269.0,7.0,6.0,6.0,4.0,3.0,6.0,7.0,6.0,,,3.0,1.0,Completed,2.0,1.8,2.0,1.72,2.1,1.73,1.95,1.95,2.12,1.95,2.01,1.8
ATP,2017,53,New York,US Open,2017-08-28,Grand Slam,Outdoor,Hard,1st Round,5,Thompson J.,Sock J.,73,16.0,691,2345.0,6.0,2.0,7.0,6.0,1.0,6.0,5.0,7.0,6.0,4.0,3.0,2.0,Completed,3.25,1.36,3.05,1.33,3.25,1.36,3.31,1.38,3.73,1.38,3.23,1.34
ATP,2017,53,New York,US Open,2017-08-28,Grand Slam,Outdoor,Hard,1st Round,5,Donaldson J.,Basilashvili N.,51,62.0,928,794.0,6.0,0.0,4.0,6.0,6.0,3.0,7.0,6.0,,,3.0,1.0,Completed,1.4,3.0,1.33,3.05,1.36,3.25,1.38,3.31,1.4,3.5,1.35,3.2
ATP,2017,53,New York,US Open,2017-08-28,Grand Slam,Outdoor,Hard,1st Round,5,Coric B.,Vesely J.,61,55.0,796,885.0,7.0,6.0,7.0,6.0,6.0,2.0,,,,,3.0,0.0,Completed,1.57,2.37,1.57,2.25,1.53,2.5,1.5,2.79,1.65,2.79,1.57,2.42
ATP,2017,53,New York,US Open,2017-08-29,Grand Slam,Outdoor,Hard,1st Round,5,Zverev A.,King D.,6,168.0,4470,338.0,7.0,6.0,7.0,5.0,6.0,4.0,,,,,3.0,0.0,Completed,1.01,21.0,1.01,11.5,1.02,15.0,1.02,24.52,1.03,25.0,1.02,17.18
ATP,2017,53,New York,US Open,2017-08-29,Grand Slam,Outdoor,Hard,1st Round,5,Nadal R.,Lajovic D.,1,85.0,7645,637.0,7.0,6.0,6.0,2.0,6.0,2.0,,,,,3.0,0.0,Completed,1.02,19.0,1.01,11.5,1.02,15.0,1.01,25.86,1.03,29.0,1.02,17.32
ATP,2017,53,New York,US Open,2017-08-30,Grand Slam,Outdoor,Hard,1st Round,5,Federer R.,Tiafoe F.,3,70.0,7145,705.0,4.0,6.0,6.0,2.0,6.0,1.0,1.0,6.0,6.0,4.0,3.0,2.0,Completed,1.03,15.0,1.03,9.0,1.04,11.0,1.04,16.64,1.04,19.0,1.03,13.18
ATP,2017,53,New York,US Open,2017-08-30,Grand Slam,Outdoor,Hard,1st Round,5,Sugita Y.,Blancaneaux G.,44,331.0,1045,147.0,6.0,2.0,6.0,2.0,6.0,0.0,,,,,3.0,0.0,Completed,1.07,9.0,1.06,7.25,1.08,7.5,1.08,10.44,1.1,12.0,1.06,8.91
ATP,2017,53,New York,US Open,2017-08-30,Grand Slam,Outdoor,Hard,1st Round,5,Monfils G.,Chardy J.,22,79.0,1915,655.0,7.0,6.0,6.0,3.0,6.0,4.0,,,,,3.0,0.0,Completed,1.12,6.0,1.11,5.6,1.12,6.0,1.13,7.05,1.14,7.75,1.11,6.54
ATP,2017,53,New York,US Open,2017-08-30,Grand Slam,Outdoor,Hard,1st Round,5,Daniel T.,Paul T.,121,159.0,465,364.0,6.0,1.0,4.0,6.0,4.0,6.0,6.0,2.0,6.0,2.0,3.0,2.0,Completed,2.37,1.57,2.35,1.53,2.37,1.57,2.5,1.6,3.0,1.61,2.51,1.53
ATP,2017,53,New York,US Open,2017-08-30,Grand Slam,Outdoor,Hard,1st Round,5,Thiem D.,De Minaur A.,8,186.0,4030,298.0,6.0,4.0,6.0,1.0,6.0,1.0,,,,,3.0,0.0,Completed,1.03,15.0,1.02,10.0,,11.0,1.04,15.92,1.04,22.75,1.03,13.62
ATP,2017,53,New York,US Open,2017-08-30,Grand Slam,Outdoor,Hard,1st Round,5,Fratangelo B.,Karlovic I.,135,38.0,418,1125.0,7.0,6.0,6.0,4.0,3.0,6.0,7.0,6.0,,,3.0,1.0,Completed,3.5,1.3,3.45,1.27,2.5,1.5,4.14,1.28,4.14,1.34,3.69,1.28
ATP,2017,53,New York,US Open,2017-08-30,Grand Slam,Outdoor,Hard,1st Round,5,Berdych T.,Harrison R.,18,45.0,2310,1041.0,6.0,4.0,6.0,2.0,7.0,6.0,,,,,3.0,0.0,Completed,1.25,4.0,1.21,3.95,1.25,4.0,1.24,4.55,1.27,4.7,1.23,4.14
ATP,2017,53,New York,US Open,2017-08-30,Grand Slam,Outdoor,Hard,1st Round,5,Youzhny M.,Kavcic B.,101,88.0,541,617.0,6.0,3.0,5.0,7.0,6.0,4.0,6.0,3.0,,,3.0,1.0,Completed,1.53,2.5,1.53,2.35,1.57,2.37,1.59,2.52,1.62,2.55,1.57,2.4
ATP,2017,53,New York,US Open,2017-08-30,Grand Slam,Outdoor,Hard,1st Round,5,Menendez-Maceiras A.,Kypson P.,148,17.0,377,2325.0,6.0,4.0,7.0,6.0,6.0,1.0,,,,,3.0,0.0,Completed,1.08,8.0,1.07,7.0,1.02,7.5,1.08,9.87,1.11,11.0,1.07,8.29
ATP,2017,53,New York,US Open,2017-08-30,Grand Slam,Outdoor,Hard,1st Round,5,Young D.,Marterer M.,57,125.0,830,452.0,6.0,3.0,1.0,6.0,6.0,1.0,6.0,4.0,,,3.0,1.0,Completed,1.5,2.62,1.47,2.5,1.44,2.75,1.54,2.67,1.59,2.75,1.51,2.56
ATP,2017,53,New York,US Open,2017-08-30,Grand Slam,Outdoor,Hard,1st Round,5,Mayer L.,Gasquet R.,59,30.0,815,1390.0,3.0,6.0,6.0,2.0,6.0,4.0,6.0,2.0,,,3.0,1.0,Completed,3.75,1.28,3.6,1.25,2.37,1.57,3.97,1.29,4.3,1.3,3.82,1.26
ATP,2017,53,New York,US Open,2017-08-30,Grand Slam,Outdoor,Hard,1st Round,5,Dolgopolov O.,Struff J.L.,64,49.0,751,953.0,3.0,6.0,6.0,3.0,6.0,2.0,1.0,6.0,6.0,3.0,3.0,2.0,Completed,1.72,2.1,1.72,2.0,1.8,2.0,1.81,2.11,1.85,2.15,1.77,2.05
ATP,2017,53,New York,US Open,2017-08-30,Grand Slam,Outdoor,Hard,1st Round,5,Dimitrov G.,Safranek V.,9,210.0,3710,249.0,6.0,1.0,6.0,4.0,6.0,2.0,,,,,3.0,0.0,Completed,1.01,21.0,1.01,11.5,1.02,15.0,1.01,25.99,1.02,33.0,1.01,18.97
ATP,2017,53,New York,US Open,2017-08-30,Grand Slam,Outdoor,Hard,1st Round,5,Pella G.,Darcis S.,72,66.0,692,741.0,6.0,1.0,6.0,2.0,6.0,0.0,,,,,3.0,0.0,Completed,1.66,2.2,1.62,2.15,1.61,2.25,1.8,2.13,1.8,2.3,1.68,2.17
ATP,2017,53,New York,US Open,2017-08-30,Grand Slam,Outdoor,Hard,1st Round,5,Travaglia S.,Fognini F.,144,26.0,396,1580.0,6.0,4.0,7.0,6.0,3.0,6.0,6.0,0.0,,,3.0,1.0,Completed,4.33,1.22,4.1,1.2,4.5,1.2,4.54,1.24,5.35,1.25,4.55,1.2
ATP,2017,53,New York,US Open,2017-08-30,Grand Slam,Outdoor,Hard,1st Round,5,Mannarino A.,Berankis R.,34,165.0,1255,345.0,6.0,2.0,6.0,4.0,6.0,2.0,,,,,3.0,0.0,Completed,1.14,5.5,1.14,5.0,1.14,5.5,1.2,5.31,1.2,6.0,1.16,5.29
ATP,2017,53,New York,US Open,2017-08-30,Grand Slam,Outdoor,Hard,1st Round,5,Troicki V.,Gombos N.,52,84.0,920,639.0,3.0,6.0,6.0,3.0,3.0,6.0,6.0,4.0,6.0,3.0,3.0,2.0,Completed,1.57,2.37,1.53,2.35,1.57,2.37,1.61,2.47,1.65,2.5,1.58,2.38
ATP,2017,53,New York,US Open,2017-08-30,Grand Slam,Outdoor,Hard,1st Round,5,Millman J.,Kyrgios N.,235,17.0,220,2325.0,6.0,3.0,1.0,6.0,6.0,4.0,6.0,1.0,,,3.0,1.0,Completed,7.0,1.1,6.5,1.08,7.0,1.1,9.28,1.09,9.28,1.11,7.49,1.09
ATP,2017,53,New York,US Open,2017-08-30,Grand Slam,Outdoor,Hard,1st Round,5,Dzumhur D.,Cuevas P.,56,31.0,855,1360.0,7.0,5.0,7.0,6.0,6.0,1.0,,,,,3.0,0.0,Completed,1.57,2.37,1.5,2.4,1.53,2.5,1.57,2.58,1.65,2.65,1.56,2.43
ATP,2017,53,New York,US Open,2017-08-30,Grand Slam,Outdoor,Hard,1st Round,5,Fritz T.,Baghdatis M.,108,83.0,519,645.0,6.0,4.0,6.0,4.0,6.0,3.0,,,,,3.0,0.0,Completed,1.8,2.0,1.75,1.95,1.8,2.0,1.88,2.03,1.91,2.05,1.82,1.97
ATP,2017,53,New York,US Open,2017-08-30,Grand Slam,Outdoor,Hard,1st Round,5,Jaziri M.,Monteiro T.,80,113.0,650,495.0,7.0,6.0,4.0,6.0,6.0,3.0,5.0,7.0,6.0,4.0,3.0,2.0,Completed,1.57,2.37,1.57,2.25,1.61,2.25,1.71,2.28,1.71,2.4,1.62,2.29
ATP,2017,53,New York,US Open,2017-08-30,Grand Slam,Outdoor,Hard,1st Round,5,Del Potro J.M.,Laaksonen H.,28,94.0,1460,574.0,6.0,4.0,7.0,6.0,7.0,6.0,,,,,3.0,0.0,Completed,1.05,11.0,1.03,9.0,1.05,10.0,1.04,16.99,1.06,16.99,1.04,11.32
ATP,2017,53,New York,US Open,2017-08-30,Grand Slam,Outdoor,Hard,1st Round,5,Goffin D.,Benneteau J.,14,100.0,2525,545.0,6.0,4.0,2.0,6.0,6.0,4.0,6.0,2.0,,,3.0,1.0,Completed,1.25,4.0,1.21,3.95,1.2,4.5,1.24,4.65,1.27,4.85,1.23,4.13
ATP,2017,53,New York,US Open,2017-08-30,Grand Slam,Outdoor,Hard,1st Round,5,Kohlschreiber P.,Smyczek T.,37,203.0,1135,267.0,6.0,1.0,6.0,4.0,6.0,4.0,,,,,3.0,0.0,Completed,1.25,4.0,1.23,3.75,1.25,4.0,1.25,4.46,1.27,4.7,1.24,4.09
ATP,2017,53,New York,US Open,2017-08-30,Grand Slam,Outdoor,Hard,1st Round,5,Bautista Agut R.,Seppi A.,13,81.0,2525,646.0,6.0,2.0,4.0,6.0,6.0,2.0,7.0,6.0,,,3.0,1.0,Completed,1.12,6.0,1.11,5.6,1.12,6.0,1.14,6.94,1.15,7.75,1.12,6.17
ATP,2017,53,New York,US Open,2017-08-30,Grand Slam,Outdoor,Hard,1st Round,5,Lopez F.,Kuznetsov An.,35,75.0,1250,686.0,6.0,4.0,7.0,6.0,6.0,7.0,6.0,2.0,,,3.0,1.0,Completed,1.57,2.37,1.57,2.25,1.61,2.25,1.68,2.34,1.69,2.39,1.63,2.28
ATP,2017,53,New York,US Open,2017-08-30,Grand Slam,Outdoor,Hard,1st Round,5,Stebe C.M.,Kicker N.,107,93.0,528,590.0,5.0,7.0,6.0,3.0,6.0,1.0,6.0,1.0,,,3.0,1.0,Completed,1.11,6.5,1.12,5.4,1.17,5.0,1.09,9.55,1.2,10.5,1.11,6.81
ATP,2017,53,New York,US Open,2017-08-30,Grand Slam,Outdoor,Hard,1st Round,5,Rublev A.,Bedene A.,53,48.0,890,958.0,6.0,1.0,6.0,4.0,6.0,4.0,,,,,3.0,0.0,Completed,2.2,1.66,2.15,1.62,2.2,1.67,2.34,1.68,2.4,1.74,2.21,1.66
ATP,2017,53,New York,US Open,2017-08-30,Grand Slam,Outdoor,Hard,1st Round,5,Brown D.,Bellucci T.,116,76.0,490,682.0,6.0,4.0,6.0,3.0,6.0,2.0,,,,,3.0,0.0,Completed,1.8,1.9,1.9,1.8,1.91,1.91,1.88,2.03,2.0,2.05,1.91,1.88
ATP,2017,53,New York,US Open,2017-08-30,Grand Slam,Outdoor,Hard,1st Round,5,Verdasco F.,Pospisil V.,43,78.0,1080,662.0,6.0,2.0,,,,,,,,,1.0,0.0,Retired,1.3,3.5,1.28,3.35,1.3,3.5,1.33,3.69,1.35,3.8,1.31,3.46
ATP,2017,53,New York,US Open,2017-08-30,Grand Slam,Outdoor,Hard,1st Round,5,Giraldo S.,Millot V.,129,164.0,441,349.0,6.0,1.0,6.0,0.0,4.0,6.0,4.0,6.0,6.0,4.0,3.0,2.0,Completed,2.5,1.53,2.4,1.5,2.5,1.53,2.67,1.54,2.7,1.59,2.51,1.52
ATP,2017,53,New York,US Open,2017-08-30,Grand Slam,Outdoor,Hard,2nd Round,5,Pouille L.,Donaldson J.,20,51.0,2210,928.0,7.0,5.0,6.0,4.0,4.0,6.0,3.0,6.0,6.0,4.0,3.0,2.0,Completed,1.61,2.3,1.6,2.2,1.67,2.2,1.81,2.12,1.81,2.35,1.66,2.21
ATP,2017,53,New York,US Open,2017-08-30,Grand Slam,Outdoor,Hard,2nd Round,5,Lorenzi P.,Muller G.,40,23.0,1100,1885.0,6.0,7.0,6.0,3.0,7.0,6.0,6.0,3.0,,,3.0,1.0,Completed,4.5,1.2,4.2,1.19,4.33,1.22,4.77,1.23,5.05,1.24,4.45,1.21
ATP,2017,53,New York,US Open,2017-08-30,Grand Slam,Outdoor,Hard,2nd Round,5,Mahut N.,Ramos-Vinolas A.,115,24.0,491,1815.0,4.0,6.0,6.0,4.0,4.0,6.0,6.0,3.0,6.0,0.0,3.0,2.0,Completed,2.37,1.57,2.35,1.53,2.37,1.57,2.46,1.62,2.65,1.62,2.47,1.55
ATP,2017,53,New York,US Open,2017-08-30,Grand Slam,Outdoor,Hard,2nd Round,5,Isner J.,Chung H.,15,47.0,2425,992.0,6.0,3.0,6.0,4.0,7.0,5.0,,,,,3.0,0.0,Completed,1.33,3.4,1.3,3.2,1.33,3.4,1.32,3.77,1.4,3.9,1.32,3.4
ATP,2017,53,New York,US Open,2017-08-30,Grand Slam,Outdoor,Hard,2nd Round,5,Querrey S.,Sela D.,21,71.0,2095,703.0,6.0,4.0,6.0,1.0,6.0,4.0,,,,,3.0,0.0,Completed,1.16,5.0,1.16,4.6,1.17,5.0,1.19,5.42,1.2,5.8,1.17,4.98
ATP,2017,53,New York,US Open,2017-08-30,Grand Slam,Outdoor,Hard,2nd Round,5,Coric B.,Zverev A.,61,6.0,796,4470.0,3.0,6.0,7.0,5.0,7.0,6.0,7.0,6.0,,,3.0,1.0,Completed,5.5,1.14,5.2,1.13,5.5,1.14,5.54,1.19,5.95,1.2,5.16,1.16
ATP,2017,53,New York,US Open,2017-08-30,Grand Slam,Outdoor,Hard,2nd Round,5,Carreno Busta P.,Norrie C.,19,225.0,2225,229.0,6.0,2.0,6.0,4.0,6.0,3.0,,,,,3.0,0.0,Completed,1.12,6.0,1.13,5.2,1.14,5.5,1.16,6.04,1.17,6.65,1.14,5.82
ATP,2017,53,New York,US Open,2017-08-30,Grand Slam,Outdoor,Hard,2nd Round,5,Zverev M.,Paire B.,27,41.0,1484,1085.0,6.0,3.0,6.0,2.0,3.0,6.0,6.0,7.0,7.0,5.0,3.0,2.0,Completed,2.2,1.66,1.95,1.75,2.1,1.73,1.96,1.94,2.2,1.94,2.06,1.76
ATP,2017,53,New York,US Open,2017-08-31,Grand Slam,Outdoor,Hard,2nd Round,5,Albot R.,Lu Y.H.,138,63.0,405,761.0,6.0,2.0,7.0,6.0,5.0,7.0,0.0,6.0,7.0,6.0,3.0,2.0,Completed,3.0,1.36,2.95,1.35,3.0,1.4,3.18,1.41,3.25,1.43,3.03,1.38
ATP,2017,53,New York,US Open,2017-08-31,Grand Slam,Outdoor,Hard,2nd Round,5,Anderson K.,Gulbis E.,32,255.0,1360,201.0,6.0,3.0,7.0,5.0,6.0,4.0,,,,,3.0,0.0,Completed,1.16,5.0,1.18,4.3,1.2,4.5,1.2,5.31,1.21,5.6,1.18,4.8
ATP,2017,53,New York,US Open,2017-08-31,Grand Slam,Outdoor,Hard,2nd Round,5,Schwartzman D.,Tipsarevic J.,33,67.0,1280,736.0,6.0,2.0,6.0,4.0,7.0,5.0,,,,,3.0,0.0,Completed,1.4,3.0,1.35,2.95,1.36,3.25,1.43,3.08,1.43,3.25,1.39,3.03
ATP,2017,53,New York,US Open,2017-08-31,Grand Slam,Outdoor,Hard,2nd Round,5,Edmund K.,Johnson S.,42,46.0,1082,1000.0,7.0,5.0,6.0,2.0,7.0,6.0,,,,,3.0,0.0,Completed,1.8,2.0,1.72,2.0,1.8,2.0,1.79,2.14,1.88,2.15,1.8,2.02
ATP,2017,53,New York,US Open,2017-08-31,Grand Slam,Outdoor,Hard,2nd Round,5,Kukushkin M.,Donskoy E.,103,99.0,538,549.0,6.0,4.0,6.0,4.0,7.0,5.0,,,,,3.0,0.0,Completed,1.44,2.75,1.42,2.65,1.44,2.75,1.47,2.93,1.48,3.0,1.44,2.79
ATP,2017,53,New York,US Open,2017-08-31,Grand Slam,Outdoor,Hard,2nd Round,5,Fabbiano T.,Thompson J.,82,73.0,646,691.0,2.0,6.0,6.0,2.0,3.0,6.0,6.0,4.0,6.0,2.0,3.0,2.0,Completed,3.25,1.36,2.95,1.35,3.25,1.36,3.13,1.42,3.25,1.43,3.06,1.37
ATP,2017,53,New York,US Open,2017-08-31,Grand Slam,Outdoor,Hard,2nd Round,5,Cilic M.,Mayer F.,7,74.0,4155,688.0,6.0,3.0,6.0,3.0,6.0,3.0,,,,,3.0,0.0,Completed,1.08,8.0,1.07,7.0,1.1,7.0,1.11,8.36,1.11,9.0,1.09,7.34
ATP,2017,53,New York,US Open,2017-08-31,Grand Slam,Outdoor,Hard,2nd Round,5,Shapovalov D.,Tsonga J.W.,69,12.0,721,2690.0,6.0,4.0,6.0,4.0,7.0,6.0,,,,,3.0,0.0,Completed,3.0,1.4,2.95,1.35,3.0,1.4,3.24,1.4,3.3,1.44,2.97,1.4
ATP,2017,53,New York,US Open,2017-08-31,Grand Slam,Outdoor,Hard,2nd Round,5,Dolgopolov O.,Berdych T.,64,18.0,751,2310.0,3.0,6.0,6.0,1.0,7.0,6.0,6.0,2.0,,,3.0,1.0,Completed,4.0,1.25,3.85,1.22,4.0,1.25,4.34,1.26,4.45,1.27,4.06,1.24
ATP,2017,53,New York,US Open,2017-08-31,Grand Slam,Outdoor,Hard,2nd Round,5,Troicki V.,Travaglia S.,52,144.0,920,396.0,7.0,6.0,7.0,5.0,6.0,0.0,,,,,3.0,0.0,Completed,1.8,2.0,1.75,1.95,1.8,2.0,1.89,2.02,1.89,2.1,1.8,2.0
ATP,2017,53,New York,US Open,2017-08-31,Grand Slam,Outdoor,Hard,2nd Round,5,Dzumhur D.,Stebe C.M.,56,107.0,855,528.0,4.0,6.0,6.0,4.0,6.0,0.0,6.0,1.0,,,3.0,1.0,Completed,1.72,2.1,1.72,2.0,1.73,2.1,1.83,2.09,1.83,2.25,1.75,2.08
ATP,2017,53,New York,US Open,2017-08-31,Grand Slam,Outdoor,Hard,2nd Round,5,Millman J.,Jaziri M.,235,80.0,220,650.0,6.0,1.0,7.0,6.0,6.0,1.0,,,,,3.0,0.0,Completed,1.4,3.0,1.4,2.75,1.44,2.75,1.4,3.22,1.49,3.22,1.41,2.93
ATP,2017,53,New York,US Open,2017-08-31,Grand Slam,Outdoor,Hard,2nd Round,5,Rublev A.,Dimitrov G.,53,9.0,890,3710.0,7.0,5.0,7.0,6.0,6.0,3.0,,,,,3.0,0.0,Completed,7.0,1.1,5.9,1.1,5.5,1.14,8.36,1.11,9.0,1.15,6.75,1.11
ATP,2017,53,New York,US Open,2017-08-31,Grand Slam,Outdoor,Hard,2nd Round,5,Del Potro J.M.,Menendez-Maceiras A.,28,148.0,1460,377.0,6.0,2.0,6.0,3.0,7.0,6.0,,,,,3.0,0.0,Completed,1.05,10.0,1.04,8.5,1.05,10.0,1.05,14.32,1.08,14.32,1.05,10.19
ATP,2017,53,New York,US Open,2017-08-31,Grand Slam,Outdoor,Hard,2nd Round,5,Mannarino A.,Fratangelo B.,34,135.0,1255,418.0,6.0,3.0,6.0,7.0,6.0,1.0,6.0,2.0,,,3.0,1.0,Completed,1.16,5.0,1.16,4.6,1.17,5.0,1.17,5.8,1.2,6.05,1.17,5.05
ATP,2017,53,New York,US Open,2017-08-31,Grand Slam,Outdoor,Hard,2nd Round,5,Bautista Agut R.,Brown D.,13,116.0,2525,490.0,6.0,1.0,6.0,3.0,7.0,6.0,,,,,3.0,0.0,Completed,1.08,8.0,1.08,6.5,1.1,7.0,1.11,7.88,1.11,9.0,1.09,7.26
ATP,2017,53,New York,US Open,2017-08-31,Grand Slam,Outdoor,Hard,2nd Round,5,Goffin D.,Pella G.,14,72.0,2525,692.0,3.0,6.0,7.0,6.0,6.0,7.0,7.0,6.0,6.0,3.0,3.0,2.0,Completed,1.33,3.4,1.3,3.2,1.33,3.4,1.35,3.52,1.36,3.7,1.33,3.36
ATP,2017,53,New York,US Open,2017-08-31,Grand Slam,Outdoor,Hard,2nd Round,5,Lopez F.,Verdasco F.,35,43.0,1250,1080.0,6.0,3.0,6.0,2.0,3.0,6.0,6.0,1.0,,,3.0,1.0,Completed,2.0,1.8,1.9,1.8,2.0,1.8,2.09,1.83,2.09,1.91,1.94,1.86
ATP,2017,53,New York,US Open,2017-08-31,Grand Slam,Outdoor,Hard,2nd Round,5,Federer R.,Youzhny M.,3,101.0,7145,541.0,6.0,1.0,6.0,7.0,4.0,6.0,6.0,4.0,6.0,2.0,3.0,2.0,Completed,1.03,15.0,1.02,10.0,1.04,11.0,1.04,16.64,1.05,21.0,1.03,13.21
ATP,2017,53,New York,US Open,2017-08-31,Grand Slam,Outdoor,Hard,2nd Round,5,Monfils G.,Young D.,22,57.0,1915,830.0,6.0,3.0,6.0,7.0,6.0,4.0,2.0,6.0,7.0,5.0,3.0,2.0,Completed,1.28,3.75,1.25,3.6,1.28,3.75,1.28,4.07,1.31,4.3,1.26,3.85
ATP,2017,53,New York,US Open,2017-08-31,Grand Slam,Outdoor,Hard,2nd Round,5,Thiem D.,Fritz T.,8,108.0,4030,519.0,6.0,4.0,6.0,4.0,4.0,6.0,7.0,5.0,,,3.0,1.0,Completed,1.2,4.5,1.19,4.2,1.2,4.5,1.22,4.85,1.24,5.25,1.2,4.51
ATP,2017,53,New York,US Open,2017-08-31,Grand Slam,Outdoor,Hard,2nd Round,5,Kohlschreiber P.,Giraldo S.,37,129.0,1135,441.0,6.0,2.0,6.0,1.0,3.0,0.0,,,,,2.0,0.0,Retired,1.1,7.0,1.08,6.5,1.11,6.5,1.07,10.98,1.11,11.03,1.09,7.6
ATP,2017,53,New York,US Open,2017-08-31,Grand Slam,Outdoor,Hard,2nd Round,5,Mayer L.,Sugita Y.,59,44.0,815,1045.0,6.0,7.0,6.0,4.0,6.0,3.0,6.0,4.0,,,3.0,1.0,Completed,1.8,2.0,1.72,2.0,1.8,2.0,1.72,2.26,1.85,2.3,1.75,2.08
ATP,2017,53,New York,US Open,2017-09-01,Grand Slam,Outdoor,Hard,2nd Round,5,Nadal R.,Daniel T.,1,121.0,7645,465.0,4.0,6.0,6.0,3.0,6.0,2.0,6.0,2.0,,,3.0,1.0,Completed,1.01,21.0,1.01,11.5,1.02,15.0,1.02,23.85,1.03,29.5,1.01,18.3
ATP,2017,53,New York,US Open,2017-09-01,Grand Slam,Outdoor,Hard,3rd Round,5,Carreno Busta P.,Mahut N.,19,115.0,2225,491.0,6.0,3.0,6.0,4.0,6.0,3.0,,,,,3.0,0.0,Completed,1.25,4.0,1.23,3.75,1.25,4.0,1.29,4.05,1.29,4.65,1.25,4.04
ATP,2017,53,New York,US Open,2017-09-01,Grand Slam,Outdoor,Hard,3rd Round,5,Lorenzi P.,Fabbiano T.,40,82.0,1100,646.0,6.0,2.0,6.0,4.0,6.0,4.0,,,,,3.0,0.0,Completed,1.44,2.75,1.42,2.65,1.4,3.0,1.48,2.9,1.49,3.1,1.43,2.85
ATP,2017,53,New York,US Open,2017-09-01,Grand Slam,Outdoor,Hard,3rd Round,5,Schwartzman D.,Cilic M.,33,7.0,1280,4155.0,4.0,6.0,7.0,5.0,7.0,5.0,6.0,4.0,,,3.0,1.0,Completed,4.33,1.22,3.95,1.21,4.0,1.25,4.87,1.23,5.1,1.26,4.3,1.22
ATP,2017,53,New York,US Open,2017-09-01,Grand Slam,Outdoor,Hard,3rd Round,5,Shapovalov D.,Edmund K.,69,42.0,721,1082.0,3.0,6.0,6.0,3.0,6.0,3.0,1.0,0.0,,,2.0,1.0,Retired,1.61,2.3,1.6,2.2,1.67,2.2,1.68,2.35,1.74,2.4,1.66,2.23
ATP,2017,53,New York,US Open,2017-09-01,Grand Slam,Outdoor,Hard,3rd Round,5,Pouille L.,Kukushkin M.,20,103.0,2210,538.0,2.0,6.0,6.0,3.0,6.0,4.0,6.0,4.0,,,3.0,1.0,Completed,1.44,2.75,1.42,2.65,1.44,2.75,1.54,2.7,1.54,2.9,1.47,2.71
ATP,2017,53,New York,US Open,2017-09-01,Grand Slam,Outdoor,Hard,3rd Round,5,Anderson K.,Coric B.,32,61.0,1360,796.0,6.0,4.0,6.0,3.0,6.0,2.0,,,,,3.0,0.0,Completed,1.4,3.0,1.4,2.75,1.44,2.75,1.42,3.17,1.47,3.3,1.4,2.99
ATP,2017,53,New York,US Open,2017-09-01,Grand Slam,Outdoor,Hard,3rd Round,5,Querrey S.,Albot R.,21,138.0,2095,405.0,4.0,6.0,6.0,2.0,6.0,4.0,6.0,4.0,,,3.0,1.0,Completed,1.08,8.0,1.06,7.25,1.08,7.5,1.08,10.55,1.11,12.25,1.07,8.57
ATP,2017,53,New York,US Open,2017-09-02,Grand Slam,Outdoor,Hard,3rd Round,5,Zverev M.,Isner J.,27,15.0,1484,2425.0,6.0,4.0,6.0,3.0,7.0,6.0,,,,,3.0,0.0,Completed,3.75,1.28,3.45,1.27,3.5,1.3,3.83,1.32,4.0,1.32,3.61,1.29
ATP,2017,53,New York,US Open,2017-09-02,Grand Slam,Outdoor,Hard,3rd Round,5,Kohlschreiber P.,Millman J.,37,235.0,1135,220.0,7.0,5.0,6.0,2.0,6.0,4.0,,,,,3.0,0.0,Completed,1.36,3.25,1.32,3.1,1.36,3.25,1.36,3.5,1.38,3.55,1.35,3.25
ATP,2017,53,New York,US Open,2017-09-02,Grand Slam,Outdoor,Hard,3rd Round,5,Thiem D.,Mannarino A.,8,34.0,4030,1255.0,7.0,5.0,6.0,3.0,6.0,4.0,,,,,3.0,0.0,Completed,1.3,3.5,1.3,3.2,1.33,3.4,1.38,3.41,1.38,3.65,1.33,3.37
ATP,2017,53,New York,US Open,2017-09-02,Grand Slam,Outdoor,Hard,3rd Round,5,Dolgopolov O.,Troicki V.,64,52.0,751,920.0,6.0,1.0,6.0,0.0,6.0,4.0,,,,,3.0,0.0,Completed,1.36,3.25,1.33,3.05,1.4,3.0,1.38,3.36,1.42,3.4,1.37,3.13
ATP,2017,53,New York,US Open,2017-09-02,Grand Slam,Outdoor,Hard,3rd Round,5,Del Potro J.M.,Bautista Agut R.,28,13.0,1460,2525.0,6.0,3.0,6.0,3.0,6.0,4.0,,,,,3.0,0.0,Completed,2.0,1.8,2.0,1.72,2.0,1.8,2.05,1.88,2.15,1.91,2.02,1.8
ATP,2017,53,New York,US Open,2017-09-02,Grand Slam,Outdoor,Hard,3rd Round,5,Rublev A.,Dzumhur D.,53,56.0,890,855.0,6.0,4.0,6.0,4.0,5.0,7.0,6.0,4.0,,,3.0,1.0,Completed,1.72,2.1,1.72,2.0,1.8,2.0,1.81,2.14,1.83,2.15,1.77,2.06
ATP,2017,53,New York,US Open,2017-09-02,Grand Slam,Outdoor,Hard,3rd Round,5,Goffin D.,Monfils G.,14,22.0,2525,1915.0,7.0,5.0,5.0,1.0,,,,,,,1.0,0.0,Retired,2.3,1.61,2.2,1.6,2.25,1.61,2.35,1.68,2.4,1.69,2.27,1.64
ATP,2017,53,New York,US Open,2017-09-02,Grand Slam,Outdoor,Hard,3rd Round,5,Nadal R.,Mayer L.,1,59.0,7645,815.0,6.0,7.0,6.0,3.0,6.0,1.0,6.0,4.0,,,3.0,1.0,Completed,1.08,8.0,1.06,7.25,1.08,7.5,1.07,11.47,1.1,13.25,1.07,9.1
ATP,2017,53,New York,US Open,2017-09-03,Grand Slam,Outdoor,Hard,3rd Round,5,Federer R.,Lopez F.,3,35.0,7145,1250.0,6.0,3.0,6.0,3.0,7.0,5.0,,,,,3.0,0.0,Completed,1.2,4.5,1.21,3.95,1.25,4.0,1.22,4.93,1.27,5.05,1.22,4.33
ATP,2017,53,New York,US Open,2017-09-03,Grand Slam,Outdoor,Hard,4th Round,5,Carreno Busta P.,Shapovalov D.,19,69.0,2225,721.0,7.0,6.0,7.0,6.0,7.0,6.0,,,,,3.0,0.0,Completed,2.0,1.8,1.9,1.8,2.0,1.8,1.95,1.97,2.05,1.97,1.93,1.88
ATP,2017,53,New York,US Open,2017-09-03,Grand Slam,Outdoor,Hard,4th Round,5,Schwartzman D.,Pouille L.,33,20.0,1280,2210.0,7.0,6.0,7.0,5.0,2.0,6.0,6.0,2.0,,,3.0,1.0,Completed,2.1,1.72,2.0,1.72,2.0,1.8,2.12,1.83,2.15,1.87,2.03,1.79
ATP,2017,53,New York,US Open,2017-09-03,Grand Slam,Outdoor,Hard,4th Round,5,Anderson K.,Lorenzi P.,32,40.0,1360,1100.0,6.0,4.0,6.0,3.0,6.0,7.0,6.0,4.0,,,3.0,1.0,Completed,1.12,6.0,1.11,5.6,1.12,6.0,1.13,7.65,1.16,8.25,1.12,6.38
ATP,2017,53,New York,US Open,2017-09-04,Grand Slam,Outdoor,Hard,4th Round,5,Querrey S.,Zverev M.,21,27.0,2095,1484.0,6.0,2.0,6.0,2.0,6.0,1.0,,,,,3.0,0.0,Completed,1.44,2.75,1.4,2.75,1.44,2.75,1.51,2.81,1.51,2.9,1.46,2.73
ATP,2017,53,New York,US Open,2017-09-04,Grand Slam,Outdoor,Hard,4th Round,5,Nadal R.,Dolgopolov O.,1,64.0,7645,751.0,6.0,2.0,6.0,4.0,6.0,1.0,,,,,3.0,0.0,Completed,1.12,6.0,1.13,5.2,1.17,5.0,1.15,6.54,1.17,7.25,1.14,5.98
ATP,2017,53,New York,US Open,2017-09-04,Grand Slam,Outdoor,Hard,4th Round,5,Rublev A.,Goffin D.,53,14.0,890,2525.0,7.0,5.0,7.0,6.0,6.0,3.0,,,,,3.0,0.0,Completed,2.75,1.44,2.75,1.4,2.75,1.44,2.87,1.49,3.0,1.51,2.74,1.45
ATP,2017,53,New York,US Open,2017-09-04,Grand Slam,Outdoor,Hard,4th Round,5,Del Potro J.M.,Thiem D.,28,8.0,1460,4030.0,1.0,6.0,2.0,6.0,6.0,1.0,7.0,6.0,6.0,4.0,3.0,2.0,Completed,1.72,2.1,1.72,2.0,1.73,2.1,1.85,2.08,1.92,2.25,1.76,2.08
ATP,2017,53,New York,US Open,2017-09-05,Grand Slam,Outdoor,Hard,4th Round,5,Federer R.,Kohlschreiber P.,3,37.0,7145,1135.0,6.0,4.0,6.0,2.0,7.0,5.0,,,,,3.0,0.0,Completed,1.08,8.0,1.07,7.0,1.1,7.0,1.08,9.88,1.15,10.25,1.09,7.79
ATP,2017,53,New York,US Open,2017-09-05,Grand Slam,Outdoor,Hard,Quarterfinals,5,Carreno Busta P.,Schwartzman D.,19,33.0,2225,1280.0,6.0,4.0,6.0,4.0,6.0,2.0,,,,,3.0,0.0,Completed,1.4,3.0,1.38,2.8,1.4,3.0,1.49,2.87,1.49,3.1,1.42,2.9
ATP,2017,53,New York,US Open,2017-09-06,Grand Slam,Outdoor,Hard,Quarterfinals,5,Anderson K.,Querrey S.,32,21.0,1360,2095.0,7.0,6.0,6.0,7.0,6.0,3.0,7.0,6.0,,,3.0,1.0,Completed,2.1,1.72,2.0,1.72,2.0,1.73,2.16,1.79,2.2,1.8,2.1,1.74
ATP,2017,53,New York,US Open,2017-09-06,Grand Slam,Outdoor,Hard,Quarterfinals,5,Nadal R.,Rublev A.,1,53.0,7645,890.0,6.0,1.0,6.0,2.0,6.0,2.0,,,,,3.0,0.0,Completed,1.08,8.0,1.07,7.0,1.08,7.5,1.1,9.25,1.11,9.75,1.09,8.11
ATP,2017,53,New York,US Open,2017-09-07,Grand Slam,Outdoor,Hard,Quarterfinals,5,Del Potro J.M.,Federer R.,28,3.0,1460,7145.0,7.0,5.0,3.0,6.0,7.0,6.0,6.0,4.0,,,3.0,1.0,Completed,5.0,1.16,4.4,1.17,4.5,1.2,5.26,1.21,5.5,1.21,4.92,1.18
ATP,2017,53,New York,US Open,2017-09-08,Grand Slam,Outdoor,Hard,Semifinals,5,Anderson K.,Carreno Busta P.,32,19.0,1360,2225.0,4.0,6.0,7.0,5.0,6.0,3.0,6.0,4.0,,,3.0,1.0,Completed,1.4,3.0,1.38,2.8,1.44,2.75,1.44,3.1,1.45,3.1,1.41,2.97
ATP,2017,53,New York,US Open,2017-09-09,Grand Slam,Outdoor,Hard,Semifinals,5,Nadal R.,Del Potro J.M.,1,28.0,7645,1460.0,4.0,6.0,6.0,0.0,6.0,3.0,6.0,2.0,,,3.0,1.0,Completed,1.36,3.25,1.32,3.1,1.36,3.25,1.36,3.55,1.4,3.55,1.35,3.34
ATP,2017,53,New York,US Open,2017-09-10,Grand Slam,Outdoor,Hard,The Final,5,Nadal R.,Anderson K.,1,32.0,7645,1360.0,6.0,3.0,6.0,3.0,6.0,4.0,,,,,3.0,0.0,Completed,1.12,6.5,1.11,5.6,1.14,5.5,1.15,7.03,1.15,7.09,1.13,6.35
