Tour,Year,ATP,Location,Tournament,Date,Series,Court,Surface,Round,Best of,Winner,Loser,WRank,LRank,WPts,LPts,W1,L1,W2,L2,W3,L3,W4,L4,W5,L5,Wsets,Lsets,Comment,B365W,B365L,CBW,CBL,EXW,EXL,IWW,IWL,PSW,PSL
ATP,2005,6,Melbourne,Australian Open,2005-01-17,Grand Slam,Outdoor,Hard,1st Round,5,Johansson T.,Luczak P.,31,152.0,,,7.0,6.0,4,6,6,3,4.0,6.0,6.0,0.0,3.0,2.0,Completed,1.1,6.5,1.1,6.5,1.07,7.19,1.1,4.5,1.121,7.25
ATP,2005,6,Melbourne,Australian Open,2005-01-17,Grand Slam,Outdoor,Hard,1st Round,5,Baghdatis M.,Luzzi F.,155,214.0,,,6.0,1.0,3,6,6,1,3.0,6.0,6.0,3.0,3.0,2.0,Completed,1.36,3.0,1.3,3.4,1.25,3.75,1.4,2.3,1.369,3.31
ATP,2005,6,Melbourne,Australian Open,2005-01-17,Grand Slam,Outdoor,Hard,1st Round,5,Zib T.,Wang Y.T.,101,185.0,,,7.0,6.0,6,2,6,4,,,,,3.0,0.0,Completed,1.36,2.87,1.3,3.4,1.32,3.22,1.35,2.5,1.392,3.2
ATP,2005,6,Melbourne,Australian Open,2005-01-17,Grand Slam,Outdoor,Hard,1st Round,5,Phau B.,Costa A.,123,46.0,,,6.0,3.0,7,6,6,3,,,,,3.0,0.0,Completed,3.39,1.3,3.0,1.37,2.92,1.37,2.7,1.3,3.14,1.402
ATP,2005,6,Melbourne,Australian Open,2005-01-17,Grand Slam,Outdoor,Hard,1st Round,5,Calleri A.,Mirnyi M.,66,44.0,,,6.0,4.0,5,7,6,4,4.0,6.0,6.0,4.0,3.0,2.0,Completed,2.37,1.53,2.35,1.57,2.35,1.55,2.3,1.4,2.53,1.578
ATP,2005,6,Melbourne,Australian Open,2005-01-17,Grand Slam,Outdoor,Hard,1st Round,5,Hrbaty D.,Soderling R.,27,35.0,,,6.0,4.0,6,2,1,0,,,,,2.0,0.0,Retired,1.57,2.25,1.5,2.55,1.56,2.34,1.55,2.0,1.585,2.51
ATP,2005,6,Melbourne,Australian Open,2005-01-17,Grand Slam,Outdoor,Hard,1st Round,5,Ancic M.,Hernandez O.,29,82.0,,,6.0,3.0,6,2,6,1,,,,,3.0,0.0,Completed,1.06,8.0,,,1.1,6.75,1.15,3.8,1.111,7.8
ATP,2005,6,Melbourne,Australian Open,2005-01-17,Grand Slam,Outdoor,Hard,1st Round,5,Ljubicic I.,Horna L.,22,39.0,,,6.0,4.0,6,3,6,3,,,,,3.0,0.0,Completed,1.28,3.5,1.25,3.85,1.2,4.25,1.2,3.3,1.286,3.95
ATP,2005,6,Melbourne,Australian Open,2005-01-17,Grand Slam,Outdoor,Hard,1st Round,5,Gaudio G.,Gimelstob J.,10,144.0,,,7.0,6.0,6,4,6,3,,,,,3.0,0.0,Completed,1.5,2.5,1.55,2.4,1.56,2.34,1.45,2.2,1.571,2.55
ATP,2005,6,Melbourne,Australian Open,2005-01-17,Grand Slam,Outdoor,Hard,1st Round,5,Wessels P.,Lu Y.H.,91,84.0,,,6.0,3.0,6,4,6,4,,,,,3.0,0.0,Completed,1.83,1.83,1.93,1.83,1.95,1.8,1.7,1.8,1.943,1.877
ATP,2005,6,Melbourne,Australian Open,2005-01-17,Grand Slam,Outdoor,Hard,1st Round,5,Tipsarevic J.,Bracciali D.,120,149.0,,,7.0,6.0,7,6,3,6,6.0,1.0,,,3.0,1.0,Completed,1.5,2.5,1.5,2.55,1.5,2.55,1.6,1.9,1.546,2.63
ATP,2005,6,Melbourne,Australian Open,2005-01-17,Grand Slam,Outdoor,Hard,1st Round,5,Suzuki T.,Gambill J.M.,203,90.0,,,6.0,4.0,6,3,6,3,,,,,3.0,0.0,Completed,2.0,1.72,1.93,1.83,1.87,1.87,2.1,1.5,2.02,1.82
ATP,2005,6,Melbourne,Australian Open,2005-01-17,Grand Slam,Outdoor,Hard,1st Round,5,Federer R.,Santoro F.,1,49.0,,,6.0,1.0,6,1,6,2,,,,,3.0,0.0,Completed,1.01,15.0,1.03,11.0,1.02,11.5,1.02,6.0,1.029,23.0
ATP,2005,6,Melbourne,Australian Open,2005-01-17,Grand Slam,Outdoor,Hard,1st Round,5,Robredo T.,Draper S.,13,,,,5.0,7.0,6,2,6,4,6.0,2.0,,,3.0,1.0,Completed,1.08,7.0,1.08,7.25,1.05,7.75,1.05,5.0,1.108,8.0
ATP,2005,6,Melbourne,Australian Open,2005-01-17,Grand Slam,Outdoor,Hard,1st Round,5,Srichaphan P.,Starace P.,28,69.0,,,1.0,6.0,6,2,7,5,6.0,4.0,,,3.0,1.0,Completed,1.19,4.0,1.25,3.75,1.28,3.46,1.15,3.8,1.245,4.43
ATP,2005,6,Melbourne,Australian Open,2005-01-17,Grand Slam,Outdoor,Hard,1st Round,5,Fish M.,Monaco J.,37,81.0,,,2.0,6.0,6,0,6,4,4.0,6.0,9.0,7.0,3.0,2.0,Completed,1.14,5.0,1.16,5.0,1.24,3.81,1.15,3.8,1.215,4.8
ATP,2005,6,Melbourne,Australian Open,2005-01-17,Grand Slam,Outdoor,Hard,1st Round,5,Ulihrach B.,Karlovic I.,95,60.0,,,6.0,3.0,6,7,7,5,6.0,2.0,,,3.0,1.0,Completed,2.62,1.44,,,2.92,1.37,2.2,1.45,2.69,1.529
ATP,2005,6,Melbourne,Australian Open,2005-01-17,Grand Slam,Outdoor,Hard,1st Round,5,Agassi A.,Kindlmann D.,8,173.0,,,6.0,4.0,6,3,6,0,,,,,3.0,0.0,Completed,1.02,11.0,1.04,9.0,1.04,9.25,1.05,5.0,15.0,1.05
ATP,2005,6,Melbourne,Australian Open,2005-01-17,Grand Slam,Outdoor,Hard,1st Round,5,Johansson J.,Schalken S.,11,61.0,,,7.0,6.0,6,2,6,3,,,,,3.0,0.0,Completed,1.14,5.0,1.12,6.0,1.15,5.2,1.15,3.8,1.15,6.0
ATP,2005,6,Melbourne,Australian Open,2005-01-17,Grand Slam,Outdoor,Hard,1st Round,5,Sargsian S.,Sanchez D.,79,74.0,,,7.0,6.0,4,6,1,6,6.0,4.0,6.0,2.0,3.0,2.0,Completed,1.3,3.39,,,1.4,2.85,1.4,2.3,1.388,3.23
ATP,2005,6,Melbourne,Australian Open,2005-01-17,Grand Slam,Outdoor,Hard,1st Round,5,Schuettler R.,Patience O.,40,117.0,,,7.0,6.0,6,3,6,2,,,,,3.0,0.0,Completed,1.61,2.2,1.67,2.15,1.7,2.08,1.5,2.1,1.741,2.15
ATP,2005,6,Melbourne,Australian Open,2005-01-17,Grand Slam,Outdoor,Hard,1st Round,5,Dent T.,Serra F.,30,204.0,,,7.0,5.0,6,2,6,4,,,,,3.0,0.0,Completed,1.1,6.5,1.1,6.5,1.15,5.2,1.15,3.8,1.131,6.85
ATP,2005,6,Melbourne,Australian Open,2005-01-17,Grand Slam,Outdoor,Hard,1st Round,5,Tabara M.,Enqvist T.,83,67.0,,,3.0,6.0,6,2,6,3,6.0,3.0,,,3.0,1.0,Completed,2.75,1.39,2.7,1.45,2.6,1.45,2.2,1.45,2.7,1.526
ATP,2005,6,Melbourne,Australian Open,2005-01-17,Grand Slam,Outdoor,Hard,1st Round,5,Monfils G.,Ginepri R.,219,57.0,,,1.0,6.0,6,3,6,4,7.0,6.0,,,3.0,1.0,Completed,2.25,1.57,2.15,1.67,2.12,1.67,2.2,1.45,2.25,1.69
ATP,2005,6,Melbourne,Australian Open,2005-01-17,Grand Slam,Outdoor,Hard,1st Round,5,Kim K.,Lee H.T.,86,58.0,,,3.0,6.0,6,4,6,3,3.0,6.0,6.0,1.0,3.0,2.0,Completed,2.75,1.39,2.7,1.45,2.85,1.4,2.5,1.35,3.1,1.408
ATP,2005,6,Melbourne,Australian Open,2005-01-17,Grand Slam,Outdoor,Hard,1st Round,5,Garcia-Lopez G.,Moya C.,106,5.0,,,7.0,5.0,6,3,3,6,6.0,3.0,,,3.0,1.0,Completed,6.5,1.1,6.0,1.12,6.75,1.1,3.8,1.15,6.7,1.133
ATP,2005,6,Melbourne,Australian Open,2005-01-17,Grand Slam,Outdoor,Hard,1st Round,5,Lopez F.,Baccanello P.,23,310.0,,,7.0,5.0,7,5,6,2,,,,,3.0,0.0,Completed,1.1,6.5,1.1,6.5,1.1,6.23,1.1,4.5,1.125,7.05
ATP,2005,6,Melbourne,Australian Open,2005-01-17,Grand Slam,Outdoor,Hard,1st Round,5,Beck K.,Reid T.,42,175.0,,,6.0,2.0,6,2,6,1,,,,,3.0,0.0,Completed,1.36,3.0,1.4,2.85,1.32,3.22,1.35,2.5,1.375,3.27
ATP,2005,6,Melbourne,Australian Open,2005-01-17,Grand Slam,Outdoor,Hard,1st Round,5,Rochus O.,Kiefer N.,53,21.0,,,7.0,5.0,2,6,3,6,6.0,2.0,6.0,3.0,3.0,2.0,Completed,2.0,1.72,2.1,1.7,2.17,1.64,1.85,1.65,2.13,1.752
ATP,2005,6,Melbourne,Australian Open,2005-01-17,Grand Slam,Outdoor,Hard,1st Round,5,Nieminen J.,Sanguinetti D.,87,114.0,,,3.0,6.0,6,4,6,3,6.0,2.0,,,3.0,1.0,Completed,1.5,2.5,1.5,2.55,1.45,2.6,1.55,2.0,1.568,2.56
ATP,2005,6,Melbourne,Australian Open,2005-01-17,Grand Slam,Outdoor,Hard,1st Round,5,Haas T.,Malisse X.,17,47.0,,,6.0,3.0,6,2,6,3,,,,,3.0,0.0,Completed,1.36,2.87,1.35,3.1,1.32,3.22,1.35,2.5,1.356,3.41
ATP,2005,6,Melbourne,Australian Open,2005-01-17,Grand Slam,Outdoor,Hard,1st Round,5,Safin M.,Djokovic N.,4,188.0,,,6.0,0.0,6,2,6,1,,,,,3.0,0.0,Completed,1.07,7.5,1.12,5.85,1.1,6.75,1.1,4.5,1.138,6.5
ATP,2005,6,Melbourne,Australian Open,2005-01-18,Grand Slam,Outdoor,Hard,1st Round,5,Canas G.,Guccione C.,12,302.0,,,6.0,4.0,6,2,7,6,,,,,3.0,0.0,Completed,1.1,6.5,1.1,6.5,1.1,6.25,1.1,4.5,1.089,9.2
ATP,2005,6,Melbourne,Australian Open,2005-01-18,Grand Slam,Outdoor,Hard,1st Round,5,Chela J.I.,Arthurs W.,24,99.0,,,6.0,4.0,7,6,7,6,,,,,3.0,0.0,Completed,1.28,3.5,1.3,3.4,1.32,3.22,1.3,2.7,1.323,3.65
ATP,2005,6,Melbourne,Australian Open,2005-01-18,Grand Slam,Outdoor,Hard,1st Round,5,Coria G.,Berdych T.,6,43.0,,,6.0,2.0,6,4,6,0,,,,,3.0,0.0,Completed,1.36,3.0,1.35,3.1,1.34,3.12,1.3,2.7,1.4,3.15
ATP,2005,6,Melbourne,Australian Open,2005-01-18,Grand Slam,Outdoor,Hard,1st Round,5,Youzhny M.,Haehnel J.,15,89.0,,,6.0,2.0,6,2,7,5,,,,,3.0,0.0,Completed,1.22,4.0,1.22,4.1,1.28,3.46,1.2,3.3,1.299,3.84
ATP,2005,6,Melbourne,Australian Open,2005-01-18,Grand Slam,Outdoor,Hard,1st Round,5,Rusedski G.,Bjorkman J.,48,73.0,,,2.0,6.0,6,4,6,0,7.0,6.0,,,3.0,1.0,Completed,1.39,2.75,1.37,3.0,1.37,2.92,1.4,2.3,1.435,3.0
ATP,2005,6,Melbourne,Australian Open,2005-01-18,Grand Slam,Outdoor,Hard,1st Round,5,Reynolds B.,Almagro N.,283,100.0,,,5.0,7.0,6,4,7,6,7.0,6.0,,,3.0,1.0,Completed,2.0,1.72,1.93,1.83,1.87,1.87,2.1,1.5,1.855,1.971
ATP,2005,6,Melbourne,Australian Open,2005-01-18,Grand Slam,Outdoor,Hard,1st Round,5,Grosjean S.,Llodra M.,14,51.0,,,6.0,3.0,6,4,6,3,,,,,3.0,0.0,Completed,1.39,2.75,1.45,2.7,1.45,2.6,1.3,2.7,1.5,2.75
ATP,2005,6,Melbourne,Australian Open,2005-01-18,Grand Slam,Outdoor,Hard,1st Round,5,Verdasco F.,Muller G.,36,70.0,,,6.0,3.0,6,0,6,4,,,,,3.0,0.0,Completed,1.5,2.5,1.6,2.3,1.64,2.17,1.45,2.2,1.581,2.52
ATP,2005,6,Melbourne,Australian Open,2005-01-18,Grand Slam,Outdoor,Hard,1st Round,5,Stepanek R.,Spadea V.,32,20.0,,,6.0,3.0,5,7,4,6,7.0,5.0,6.0,3.0,3.0,2.0,Completed,1.83,1.83,1.7,2.1,1.83,1.91,1.65,1.85,1.763,2.11
ATP,2005,6,Melbourne,Australian Open,2005-01-18,Grand Slam,Outdoor,Hard,1st Round,5,Lisnard J.R.,March O.,142,,,,5.0,7.0,5,7,6,0,6.0,4.0,7.0,5.0,3.0,2.0,Completed,1.44,2.62,1.4,2.85,1.4,2.85,1.45,2.2,1.444,2.95
ATP,2005,6,Melbourne,Australian Open,2005-01-18,Grand Slam,Outdoor,Hard,1st Round,5,Pavel A.,Mutis O.,18,108.0,,,6.0,4.0,6,4,6,0,,,,,3.0,0.0,Completed,1.12,5.5,1.12,5.5,1.15,5.2,1.1,4.5,1.148,6.1
ATP,2005,6,Melbourne,Australian Open,2005-01-18,Grand Slam,Outdoor,Hard,1st Round,5,Hernych J.,Mantilla F.,72,119.0,,,6.0,4.0,6,7,6,1,6.0,0.0,,,3.0,1.0,Completed,1.36,3.0,1.35,3.1,1.37,2.92,1.4,2.3,1.333,3.55
ATP,2005,6,Melbourne,Australian Open,2005-01-18,Grand Slam,Outdoor,Hard,1st Round,5,Andreev I.,Burgsmuller L.,52,98.0,,,7.0,6.0,6,1,6,2,,,,,3.0,0.0,Completed,1.3,3.39,1.28,3.55,1.25,3.67,1.3,2.7,1.352,3.44
ATP,2005,6,Melbourne,Australian Open,2005-01-18,Grand Slam,Outdoor,Hard,1st Round,5,Mello R.,Martin A.,59,68.0,,,6.0,3.0,6,3,7,6,,,,,3.0,0.0,Completed,1.5,2.5,1.48,2.6,1.45,2.6,1.5,2.1,1.444,2.95
ATP,2005,6,Melbourne,Australian Open,2005-01-18,Grand Slam,Outdoor,Hard,1st Round,5,Gonzalez F.,Acasuso J.,16,63.0,,,3.0,6.0,3,6,6,3,6.0,3.0,7.0,5.0,3.0,2.0,Completed,1.12,5.5,1.14,5.4,1.15,5.2,1.15,3.8,1.124,7.16
ATP,2005,6,Melbourne,Australian Open,2005-01-18,Grand Slam,Outdoor,Hard,1st Round,5,Nadal R.,Benneteau J.,56,65.0,,,6.0,0.0,6,4,6,2,,,,,3.0,0.0,Completed,1.36,3.0,1.37,3.0,1.35,3.1,1.35,2.5,1.412,3.08
ATP,2005,6,Melbourne,Australian Open,2005-01-18,Grand Slam,Outdoor,Hard,1st Round,5,Davydenko N.,Karanusic R.,26,150.0,,,6.0,2.0,7,5,6,2,,,,,3.0,0.0,Completed,1.16,4.5,1.22,4.15,1.2,4.25,1.2,3.3,1.163,5.73
ATP,2005,6,Melbourne,Australian Open,2005-01-18,Grand Slam,Outdoor,Hard,1st Round,5,Roddick A.,Labadze I.,2,75.0,,,7.0,5.0,6,2,6,1,,,,,3.0,0.0,Completed,1.01,13.0,1.03,11.0,1.02,11.5,1.02,6.0,1.029,23.5
ATP,2005,6,Melbourne,Australian Open,2005-01-18,Grand Slam,Outdoor,Hard,1st Round,5,Nalbandian D.,Ferrer D.,9,50.0,,,7.0,6.0,4,6,4,6,6.0,3.0,6.0,4.0,3.0,2.0,Completed,1.11,6.0,1.14,5.4,1.15,5.2,1.1,4.5,1.14,6.45
ATP,2005,6,Melbourne,Australian Open,2005-01-18,Grand Slam,Outdoor,Hard,1st Round,5,Ventura S.,Calatrava A.,97,78.0,,,3.0,6.0,6,3,6,4,4.0,6.0,6.0,4.0,3.0,2.0,Completed,1.44,2.62,,,1.5,2.45,1.4,2.3,1.41,3.09
ATP,2005,6,Melbourne,Australian Open,2005-01-18,Grand Slam,Outdoor,Hard,1st Round,5,Ferrero J.C.,van Gemerden M.,33,270.0,,,2.0,6.0,6,3,6,4,6.0,4.0,,,3.0,1.0,Completed,1.16,4.5,1.18,4.5,1.2,4.25,1.15,3.8,1.244,4.45
ATP,2005,6,Melbourne,Australian Open,2005-01-18,Grand Slam,Outdoor,Hard,1st Round,5,Kohlschreiber P.,Carlsen K.,102,80.0,,,7.0,6.0,6,2,6,1,,,,,3.0,0.0,Completed,2.0,1.72,1.85,1.9,2.0,1.75,1.8,1.7,1.962,1.862
ATP,2005,6,Melbourne,Australian Open,2005-01-18,Grand Slam,Outdoor,Hard,1st Round,5,Rochus C.,Montanes A.,115,96.0,,,6.0,2.0,6,3,6,3,,,,,3.0,0.0,Completed,1.25,3.75,1.25,3.75,1.26,3.59,1.25,3.0,1.287,3.99
ATP,2005,6,Melbourne,Australian Open,2005-01-18,Grand Slam,Outdoor,Hard,1st Round,5,Carraz G.,Mathieu P.H.,103,113.0,,,6.0,4.0,5,7,7,5,7.0,6.0,,,3.0,1.0,Completed,2.5,1.5,2.85,1.4,2.45,1.5,2.3,1.4,3.12,1.405
ATP,2005,6,Melbourne,Australian Open,2005-01-18,Grand Slam,Outdoor,Hard,1st Round,5,Healey N.,Saretta F.,343,110.0,,,4.0,6.0,4,6,6,1,5.0,0.0,,,1.0,2.0,Retired,3.25,1.33,2.8,1.42,3.1,1.35,3.0,1.25,3.05,1.417
ATP,2005,6,Melbourne,Australian Open,2005-01-18,Grand Slam,Outdoor,Hard,1st Round,5,Melzer J.,Sluiter R.,34,85.0,,,3.0,3.0,,,,,,,,,0.0,0.0,Retired,1.44,2.62,1.45,2.7,1.48,2.53,1.4,2.3,1.444,2.95
ATP,2005,6,Melbourne,Australian Open,2005-01-18,Grand Slam,Outdoor,Hard,1st Round,5,Hanescu V.,Volandri F.,88,41.0,,,6.0,3.0,6,4,7,6,,,,,3.0,0.0,Completed,2.25,1.57,1.43,2.45,2.53,1.48,2.2,1.45,2.86,1.474
ATP,2005,6,Melbourne,Australian Open,2005-01-18,Grand Slam,Outdoor,Hard,1st Round,5,Blake J.,Mayer F.,94,38.0,,,6.0,1.0,6,2,6,0,,,,,3.0,0.0,Completed,1.83,1.83,1.88,1.88,1.8,1.95,1.75,1.75,1.943,1.877
ATP,2005,6,Melbourne,Australian Open,2005-01-18,Grand Slam,Outdoor,Hard,1st Round,5,Zabaleta M.,Kimmich M.,54,300.0,,,6.0,4.0,6,2,6,7,6.0,3.0,,,3.0,1.0,Completed,1.16,4.5,1.28,3.55,1.26,3.59,1.1,4.5,1.277,4.06
ATP,2005,6,Melbourne,Australian Open,2005-01-18,Grand Slam,Outdoor,Hard,1st Round,5,Massu N.,Dupuis A.,19,76.0,,,6.0,7.0,7,6,6,3,6.0,2.0,,,3.0,1.0,Completed,1.28,3.5,1.25,3.75,1.3,3.35,1.2,3.3,1.333,3.55
ATP,2005,6,Melbourne,Australian Open,2005-01-18,Grand Slam,Outdoor,Hard,1st Round,5,Henman T.,Saulnier C.,7,55.0,,,6.0,1.0,6,2,4,6,6.0,3.0,,,3.0,1.0,Completed,1.19,4.33,1.2,4.4,1.25,3.75,1.2,3.3,1.258,4.28
ATP,2005,6,Melbourne,Australian Open,2005-01-18,Grand Slam,Outdoor,Hard,1st Round,5,Hewitt L.,Clement A.,3,111.0,,,6.0,3.0,6,4,6,1,,,,,3.0,0.0,Completed,1.03,10.0,1.05,9.0,1.05,8.5,1.05,5.0,1.038,18.46
ATP,2005,6,Melbourne,Australian Open,2005-01-19,Grand Slam,Outdoor,Hard,2nd Round,5,Beck K.,Haas T.,42,17.0,,,5.0,7.0,2,6,6,2,7.0,6.0,6.0,3.0,3.0,2.0,Completed,5.5,1.12,5.45,1.14,4.92,1.15,3.8,1.15,6.85,1.131
ATP,2005,6,Melbourne,Australian Open,2005-01-19,Grand Slam,Outdoor,Hard,2nd Round,5,Robredo T.,Zib T.,13,101.0,,,6.0,4.0,2,6,6,2,6.0,4.0,,,3.0,1.0,Completed,1.44,2.62,1.55,2.4,1.45,2.65,1.5,2.1,1.559,2.59
ATP,2005,6,Melbourne,Australian Open,2005-01-19,Grand Slam,Outdoor,Hard,2nd Round,5,Gaudio G.,Fish M.,10,37.0,,,2.0,6.0,6,4,7,5,7.0,6.0,,,3.0,1.0,Completed,2.25,1.57,2.15,1.67,2.15,1.65,2.0,1.55,2.12,1.758
ATP,2005,6,Melbourne,Australian Open,2005-01-19,Grand Slam,Outdoor,Hard,2nd Round,5,Kim K.,Garcia-Lopez G.,86,106.0,,,6.0,2.0,6,4,6,2,,,,,3.0,0.0,Completed,2.75,1.39,3.0,1.37,3.35,1.3,2.3,1.4,3.34,1.365
ATP,2005,6,Melbourne,Australian Open,2005-01-19,Grand Slam,Outdoor,Hard,2nd Round,5,Hrbaty D.,Tipsarevic J.,27,120.0,,,6.0,2.0,7,6,3,6,7.0,5.0,,,3.0,1.0,Completed,1.14,5.0,1.15,5.2,1.15,5.2,1.15,3.8,1.131,6.85
ATP,2005,6,Melbourne,Australian Open,2005-01-19,Grand Slam,Outdoor,Hard,2nd Round,5,Rochus O.,Monfils G.,53,219.0,,,6.0,1.0,6,3,6,3,,,,,3.0,0.0,Completed,1.66,2.1,1.8,1.97,1.6,2.25,1.45,2.2,1.741,2.15
ATP,2005,6,Melbourne,Australian Open,2005-01-19,Grand Slam,Outdoor,Hard,2nd Round,5,Baghdatis M.,Ljubicic I.,155,22.0,,,7.0,6.0,6,4,6,7,6.0,2.0,,,3.0,1.0,Completed,4.0,1.22,3.85,1.25,3.35,1.3,3.0,1.25,4.65,1.23
ATP,2005,6,Melbourne,Australian Open,2005-01-19,Grand Slam,Outdoor,Hard,2nd Round,5,Johansson T.,Calleri A.,31,66.0,,,6.0,4.0,5,7,6,3,2.0,6.0,7.0,5.0,3.0,2.0,Completed,1.66,2.1,1.77,2.0,1.65,2.15,1.6,1.9,1.826,2.01
ATP,2005,6,Melbourne,Australian Open,2005-01-19,Grand Slam,Outdoor,Hard,2nd Round,5,Nieminen J.,Srichaphan P.,87,28.0,,,6.0,3.0,6,4,6,2,,,,,3.0,0.0,Completed,2.75,1.39,2.55,1.5,2.46,1.51,2.7,1.3,2.68,1.532
ATP,2005,6,Melbourne,Australian Open,2005-01-19,Grand Slam,Outdoor,Hard,2nd Round,5,Safin M.,Ulihrach B.,4,95.0,,,6.0,4.0,6,1,6,3,,,,,3.0,0.0,Completed,1.08,7.0,1.05,8.5,1.05,8.5,1.05,5.0,1.067,12.19
ATP,2005,6,Melbourne,Australian Open,2005-01-19,Grand Slam,Outdoor,Hard,2nd Round,5,Agassi A.,Schuettler R.,8,40.0,,,6.0,3.0,6,1,6,0,,,,,3.0,0.0,Completed,1.16,4.5,1.17,4.65,1.22,3.98,1.2,3.3,1.195,5.14
ATP,2005,6,Melbourne,Australian Open,2005-01-19,Grand Slam,Outdoor,Hard,2nd Round,5,Lopez F.,Sargsian S.,23,79.0,,,4.0,6.0,6,3,6,4,7.0,6.0,,,3.0,1.0,Completed,1.25,3.75,1.18,4.5,1.2,4.25,1.2,3.3,1.244,4.45
ATP,2005,6,Melbourne,Australian Open,2005-01-19,Grand Slam,Outdoor,Hard,2nd Round,5,Dent T.,Tabara M.,30,83.0,,,6.0,4.0,6,1,6,4,,,,,3.0,0.0,Completed,1.25,3.75,1.25,3.85,1.25,3.75,1.1,4.5,1.299,3.84
ATP,2005,6,Melbourne,Australian Open,2005-01-19,Grand Slam,Outdoor,Hard,2nd Round,5,Ancic M.,Phau B.,29,123.0,,,7.0,5.0,6,2,6,1,,,,,3.0,0.0,Completed,1.28,3.5,1.37,3.0,1.37,2.92,1.25,3.0,1.382,3.27
ATP,2005,6,Melbourne,Australian Open,2005-01-19,Grand Slam,Outdoor,Hard,2nd Round,5,Johansson J.,Wessels P.,11,91.0,,,6.0,3.0,7,5,6,4,,,,,3.0,0.0,Completed,1.08,7.0,1.05,8.5,1.07,7.19,1.1,4.5,1.069,11.75
ATP,2005,6,Melbourne,Australian Open,2005-01-19,Grand Slam,Outdoor,Hard,2nd Round,5,Federer R.,Suzuki T.,1,203.0,,,6.0,3.0,6,4,6,4,,,,,3.0,0.0,Completed,1.0,21.0,1.01,15.0,1.01,12.5,1.02,6.0,1.014,53.5
ATP,2005,6,Melbourne,Australian Open,2005-01-20,Grand Slam,Outdoor,Hard,2nd Round,5,Stepanek R.,Hernych J.,32,72.0,,,7.0,6.0,6,1,1,6,6.0,7.0,6.0,0.0,3.0,2.0,Completed,1.5,2.5,1.53,2.45,1.6,2.25,1.45,2.2,1.592,2.49
ATP,2005,6,Melbourne,Australian Open,2005-01-20,Grand Slam,Outdoor,Hard,2nd Round,5,Nadal R.,Youzhny M.,56,15.0,,,6.0,1.0,4,6,4,6,7.0,5.0,6.0,3.0,3.0,2.0,Completed,1.72,2.0,1.7,2.1,1.67,2.12,1.55,2.0,1.813,2.03
ATP,2005,6,Melbourne,Australian Open,2005-01-20,Grand Slam,Outdoor,Hard,2nd Round,5,Reynolds B.,Pavel A.,283,18.0,,,7.0,6.0,6,2,6,2,,,,,3.0,0.0,Completed,7.0,1.08,7.4,1.08,6.75,1.1,4.5,1.1,7.3,1.121
ATP,2005,6,Melbourne,Australian Open,2005-01-20,Grand Slam,Outdoor,Hard,2nd Round,5,Canas G.,Verdasco F.,12,36.0,,,3.0,6.0,7,5,6,3,6.0,0.0,,,3.0,1.0,Completed,1.5,2.5,1.4,2.85,1.54,2.37,1.5,2.1,1.532,2.68
ATP,2005,6,Melbourne,Australian Open,2005-01-20,Grand Slam,Outdoor,Hard,2nd Round,5,Kohlschreiber P.,Massu N.,102,19.0,,,6.0,0.0,2,0,,,,,,,1.0,0.0,Retired,3.0,1.36,2.85,1.4,2.85,1.4,3.8,1.15,2.87,1.465
ATP,2005,6,Melbourne,Australian Open,2005-01-20,Grand Slam,Outdoor,Hard,2nd Round,5,Lisnard J.R.,Grosjean S.,142,14.0,,,1.0,6.0,4,6,6,3,6.0,4.0,6.0,3.0,3.0,2.0,Completed,5.5,1.12,7.75,1.07,5.2,1.15,4.5,1.1,8.22,1.102
ATP,2005,6,Melbourne,Australian Open,2005-01-20,Grand Slam,Outdoor,Hard,2nd Round,5,Gonzalez F.,Andreev I.,16,52.0,,,7.0,5.0,6,2,6,3,,,,,3.0,0.0,Completed,1.5,2.5,1.55,2.4,1.56,2.34,1.4,2.3,1.625,2.4
ATP,2005,6,Melbourne,Australian Open,2005-01-20,Grand Slam,Outdoor,Hard,2nd Round,5,Coria G.,Mello R.,6,59.0,,,6.0,4.0,6,7,6,3,7.0,6.0,,,3.0,1.0,Completed,1.25,3.75,1.25,3.85,1.25,3.75,1.2,3.3,1.278,4.05
ATP,2005,6,Melbourne,Australian Open,2005-01-20,Grand Slam,Outdoor,Hard,2nd Round,5,Chela J.I.,Carraz G.,24,103.0,,,7.0,6.0,6,2,7,6,,,,,3.0,0.0,Completed,1.28,3.5,1.25,3.85,1.25,3.9,1.35,2.5,1.299,3.85
ATP,2005,6,Melbourne,Australian Open,2005-01-20,Grand Slam,Outdoor,Hard,2nd Round,5,Melzer J.,Healey N.,34,343.0,,,6.0,3.0,6,2,7,6,,,,,3.0,0.0,Completed,1.12,5.5,1.11,6.25,1.1,6.25,1.1,4.5,1.138,6.5
ATP,2005,6,Melbourne,Australian Open,2005-01-20,Grand Slam,Outdoor,Hard,2nd Round,5,Davydenko N.,Rochus C.,26,115.0,,,6.0,4.0,6,4,6,2,,,,,3.0,0.0,Completed,1.16,4.5,1.2,4.4,1.22,3.98,1.2,3.3,1.225,4.7
ATP,2005,6,Melbourne,Australian Open,2005-01-20,Grand Slam,Outdoor,Hard,2nd Round,5,Hewitt L.,Blake J.,3,94.0,,,4.0,6.0,7,6,6,0,6.0,3.0,,,3.0,1.0,Completed,1.07,7.5,1.05,9.0,1.07,7.19,1.05,5.0,1.07,11.45
ATP,2005,6,Melbourne,Australian Open,2005-01-20,Grand Slam,Outdoor,Hard,2nd Round,5,Henman T.,Hanescu V.,7,88.0,,,7.0,5.0,6,1,6,4,,,,,3.0,0.0,Completed,1.08,7.0,1.05,9.0,1.1,6.75,1.1,4.5,1.077,10.7
ATP,2005,6,Melbourne,Australian Open,2005-01-20,Grand Slam,Outdoor,Hard,2nd Round,5,Nalbandian D.,Ventura S.,9,97.0,,,6.0,0.0,6,3,2,6,6.0,2.0,,,3.0,1.0,Completed,1.08,7.0,1.1,6.5,1.07,7.19,1.1,4.5,1.1,8.25
ATP,2005,6,Melbourne,Australian Open,2005-01-20,Grand Slam,Outdoor,Hard,2nd Round,5,Ferrero J.C.,Zabaleta M.,33,54.0,,,6.0,1.0,6,2,6,0,,,,,3.0,0.0,Completed,1.5,2.5,1.6,2.3,1.87,1.87,1.4,2.3,1.658,2.32
ATP,2005,6,Melbourne,Australian Open,2005-01-20,Grand Slam,Outdoor,Hard,2nd Round,5,Roddick A.,Rusedski G.,2,48.0,,,6.0,0.0,3,6,6,2,6.0,3.0,,,3.0,1.0,Completed,1.08,7.0,1.1,6.5,1.1,6.25,1.1,4.5,1.107,8.04
ATP,2005,6,Melbourne,Australian Open,2005-01-21,Grand Slam,Outdoor,Hard,3rd Round,5,Hrbaty D.,Gaudio G.,27,10.0,,,7.0,6.0,6,7,6,7,6.0,1.0,6.0,3.0,3.0,2.0,Completed,1.39,2.75,1.4,2.85,1.42,2.75,1.5,2.1,1.5,2.77
ATP,2005,6,Melbourne,Australian Open,2005-01-21,Grand Slam,Outdoor,Hard,3rd Round,5,Johansson T.,Kim K.,31,86.0,,,3.0,6.0,6,2,6,7,6.0,2.0,6.0,2.0,3.0,2.0,Completed,1.28,3.5,1.25,3.85,1.3,3.35,1.3,2.7,1.352,3.44
ATP,2005,6,Melbourne,Australian Open,2005-01-21,Grand Slam,Outdoor,Hard,3rd Round,5,Safin M.,Ancic M.,4,29.0,,,6.0,4.0,3,6,6,3,6.0,4.0,,,3.0,1.0,Completed,1.16,4.5,1.14,5.4,1.15,5.2,1.2,3.3,1.194,5.1
ATP,2005,6,Melbourne,Australian Open,2005-01-21,Grand Slam,Outdoor,Hard,3rd Round,5,Rochus O.,Beck K.,53,42.0,,,6.0,7.0,6,1,6,4,6.0,2.0,,,3.0,1.0,Completed,1.53,2.37,1.57,2.35,1.48,2.53,1.45,2.2,1.513,2.72
ATP,2005,6,Melbourne,Australian Open,2005-01-21,Grand Slam,Outdoor,Hard,3rd Round,5,Federer R.,Nieminen J.,1,87.0,,,6.0,3.0,5,2,,,,,,,1.0,0.0,Retired,1.01,12.0,1.02,12.0,1.01,12.5,1.02,6.0,1.025,26.0
ATP,2005,6,Melbourne,Australian Open,2005-01-21,Grand Slam,Outdoor,Hard,3rd Round,5,Johansson J.,Lopez F.,11,23.0,,,6.0,3.0,3,6,5,7,7.0,6.0,13.0,11.0,3.0,2.0,Completed,1.25,3.75,1.28,3.55,1.25,3.75,1.3,2.7,1.267,4.2
ATP,2005,6,Melbourne,Australian Open,2005-01-21,Grand Slam,Outdoor,Hard,3rd Round,5,Baghdatis M.,Robredo T.,155,13.0,,,7.0,6.0,6,4,6,1,,,,,3.0,0.0,Completed,2.5,1.5,2.4,1.55,2.4,1.53,2.1,1.5,2.42,1.617
ATP,2005,6,Melbourne,Australian Open,2005-01-21,Grand Slam,Outdoor,Hard,3rd Round,5,Agassi A.,Dent T.,8,30.0,,,7.0,5.0,7,6,6,1,,,,,3.0,0.0,Completed,1.19,4.33,1.18,4.65,1.25,3.9,1.3,2.7,1.244,4.44
ATP,2005,6,Melbourne,Australian Open,2005-01-22,Grand Slam,Outdoor,Hard,3rd Round,5,Coria G.,Ferrero J.C.,6,33.0,,,6.0,3.0,6,2,6,1,,,,,3.0,0.0,Completed,1.66,2.1,1.65,2.2,1.55,2.35,1.55,2.0,1.667,2.3
ATP,2005,6,Melbourne,Australian Open,2005-01-22,Grand Slam,Outdoor,Hard,3rd Round,5,Davydenko N.,Henman T.,26,7.0,,,6.0,4.0,6,2,6,2,,,,,3.0,0.0,Completed,4.0,1.22,3.85,1.25,3.34,1.3,2.7,1.3,3.81,1.302
ATP,2005,6,Melbourne,Australian Open,2005-01-22,Grand Slam,Outdoor,Hard,3rd Round,5,Canas G.,Stepanek R.,12,32.0,,,6.0,1.0,6,2,6,2,,,,,3.0,0.0,Completed,1.36,3.0,1.33,3.2,1.4,2.85,1.4,2.3,1.345,3.5
ATP,2005,6,Melbourne,Australian Open,2005-01-22,Grand Slam,Outdoor,Hard,3rd Round,5,Kohlschreiber P.,Lisnard J.R.,102,142.0,,,7.0,5.0,6,3,6,2,,,,,3.0,0.0,Completed,1.61,2.2,1.65,2.2,1.55,2.35,1.65,1.85,1.581,2.52
ATP,2005,6,Melbourne,Australian Open,2005-01-22,Grand Slam,Outdoor,Hard,3rd Round,5,Nalbandian D.,Gonzalez F.,9,16.0,,,6.0,7.0,7,5,6,2,6.0,3.0,,,3.0,1.0,Completed,1.57,2.25,1.7,2.1,1.7,2.1,1.5,2.1,1.685,2.26
ATP,2005,6,Melbourne,Australian Open,2005-01-22,Grand Slam,Outdoor,Hard,3rd Round,5,Roddick A.,Melzer J.,2,34.0,,,6.0,2.0,6,2,7,5,,,,,3.0,0.0,Completed,1.04,9.0,1.04,10.0,1.07,7.19,1.05,5.0,1.061,13.5
ATP,2005,6,Melbourne,Australian Open,2005-01-22,Grand Slam,Outdoor,Hard,3rd Round,5,Nadal R.,Reynolds B.,56,283.0,,,6.0,1.0,6,1,6,3,,,,,3.0,0.0,Completed,1.12,5.5,1.1,6.5,1.1,6.75,1.1,4.5,1.138,6.5
ATP,2005,6,Melbourne,Australian Open,2005-01-22,Grand Slam,Outdoor,Hard,3rd Round,5,Hewitt L.,Chela J.I.,3,24.0,,,6.0,2.0,4,6,6,1,6.0,4.0,,,3.0,1.0,Completed,1.12,5.5,1.13,5.65,1.2,4.25,1.1,4.5,1.154,5.9
ATP,2005,6,Melbourne,Australian Open,2005-01-23,Grand Slam,Outdoor,Hard,4th Round,5,Federer R.,Baghdatis M.,1,155.0,,,6.0,2.0,6,2,7,6,,,,,3.0,0.0,Completed,1.01,15.0,1.03,11.0,1.04,9.25,1.02,6.0,1.025,26.0
ATP,2005,6,Melbourne,Australian Open,2005-01-23,Grand Slam,Outdoor,Hard,4th Round,5,Hrbaty D.,Johansson T.,27,31.0,,,7.0,5.0,6,3,6,1,,,,,3.0,0.0,Completed,1.44,2.62,1.45,2.7,1.45,2.6,1.5,2.1,1.455,2.92
ATP,2005,6,Melbourne,Australian Open,2005-01-23,Grand Slam,Outdoor,Hard,4th Round,5,Agassi A.,Johansson J.,8,11.0,,,6.0,7.0,7,6,7,6,6.0,4.0,,,3.0,1.0,Completed,1.33,3.25,,,1.32,3.22,1.25,3.0,1.294,3.9
ATP,2005,6,Melbourne,Australian Open,2005-01-23,Grand Slam,Outdoor,Hard,4th Round,5,Safin M.,Rochus O.,4,53.0,,,4.0,6.0,7,6,7,6,7.0,6.0,,,3.0,1.0,Completed,1.22,4.0,1.2,4.4,1.25,3.75,1.2,3.3,1.216,4.77
ATP,2005,6,Melbourne,Australian Open,2005-01-24,Grand Slam,Outdoor,Hard,4th Round,5,Roddick A.,Kohlschreiber P.,2,102.0,,,6.0,3.0,7,6,6,1,,,,,3.0,0.0,Completed,1.01,12.0,1.02,12.0,1.02,11.5,1.03,7.0,1.028,24.5
ATP,2005,6,Melbourne,Australian Open,2005-01-24,Grand Slam,Outdoor,Hard,4th Round,5,Davydenko N.,Canas G.,26,12.0,,,6.0,3.0,6,4,6,3,,,,,3.0,0.0,Completed,2.75,1.39,2.85,1.4,2.45,1.5,2.2,1.45,2.77,1.5
ATP,2005,6,Melbourne,Australian Open,2005-01-24,Grand Slam,Outdoor,Hard,4th Round,5,Hewitt L.,Nadal R.,3,56.0,,,7.0,5.0,3,6,1,6,7.0,6.0,6.0,2.0,3.0,2.0,Completed,1.22,4.0,1.27,3.55,1.3,3.35,1.2,3.3,1.303,3.8
ATP,2005,6,Melbourne,Australian Open,2005-01-24,Grand Slam,Outdoor,Hard,4th Round,5,Nalbandian D.,Coria G.,9,6.0,,,5.0,7.0,7,5,6,3,6.0,0.0,,,3.0,1.0,Completed,2.1,1.66,2.3,1.6,2.4,1.53,1.85,1.65,2.42,1.617
ATP,2005,6,Melbourne,Australian Open,2005-01-25,Grand Slam,Outdoor,Hard,Quarterfinals,5,Safin M.,Hrbaty D.,4,27.0,,,6.0,2.0,6,4,6,2,,,,,3.0,0.0,Completed,1.3,3.39,1.35,3.2,1.4,2.85,1.25,3.2,1.357,3.4
ATP,2005,6,Melbourne,Australian Open,2005-01-25,Grand Slam,Outdoor,Hard,Quarterfinals,5,Federer R.,Agassi A.,1,8.0,,,6.0,3.0,6,4,6,4,,,,,3.0,0.0,Completed,1.14,5.0,1.2,4.55,1.15,5.2,1.2,3.6,1.167,5.6
ATP,2005,6,Melbourne,Australian Open,2005-01-26,Grand Slam,Outdoor,Hard,Quarterfinals,5,Roddick A.,Davydenko N.,2,26.0,,,6.0,3.0,7,5,4,1,,,,,2.0,0.0,Retired,1.1,6.5,1.13,5.7,1.17,4.67,1.15,4.0,1.144,6.53
ATP,2005,6,Melbourne,Australian Open,2005-01-26,Grand Slam,Outdoor,Hard,Quarterfinals,5,Hewitt L.,Nalbandian D.,3,9.0,,,6.0,3.0,6,2,1,6,3.0,6.0,10.0,8.0,3.0,2.0,Completed,1.44,2.62,1.48,2.65,1.5,2.45,1.4,2.3,1.543,2.64
ATP,2005,6,Melbourne,Australian Open,2005-01-27,Grand Slam,Outdoor,Hard,Semifinals,5,Safin M.,Federer R.,4,1.0,,,5.0,7.0,6,4,5,7,7.0,6.0,9.0,7.0,3.0,2.0,Completed,5.5,1.14,5.0,1.17,5.2,1.15,4.0,1.15,5.65,1.174
ATP,2005,6,Melbourne,Australian Open,2005-01-28,Grand Slam,Outdoor,Hard,Semifinals,5,Hewitt L.,Roddick A.,3,2.0,,,3.0,6.0,7,6,7,6,6.0,1.0,,,3.0,1.0,Completed,2.75,1.44,2.7,1.47,2.62,1.47,2.2,1.45,2.72,1.521
ATP,2005,6,Melbourne,Australian Open,2005-01-30,Grand Slam,Outdoor,Hard,The Final,5,Safin M.,Hewitt L.,4,3.0,,,1.0,6.0,6,3,6,4,6.0,4.0,,,3.0,1.0,Completed,1.66,2.25,1.7,2.15,1.65,2.3,1.6,2.0,1.741,2.21
ATP,2005,31,Paris,French Open,2005-05-23,Grand Slam,Outdoor,Clay,1st Round,5,Vicente F.,Armando H.,155,152.0,,,7.0,6.0,6,4,2,6,4.0,6.0,6.0,3.0,3.0,2.0,Completed,,,,,,,1.4,2.5,,
ATP,2005,31,Paris,French Open,2005-05-23,Grand Slam,Outdoor,Clay,1st Round,5,Tipsarevic J.,Hrbaty D.,107,20.0,,,6.0,7.0,6,3,3,6,6.0,3.0,8.0,6.0,3.0,2.0,Completed,5.5,1.12,4.65,1.18,5.2,1.15,4.0,1.15,5.55,1.196
ATP,2005,31,Paris,French Open,2005-05-23,Grand Slam,Outdoor,Clay,1st Round,5,Grosjean S.,Monaco J.,24,60.0,,,7.0,5.0,6,3,6,1,,,,,3.0,0.0,Completed,1.53,2.37,1.65,2.2,1.6,2.25,1.4,2.5,1.694,2.34
ATP,2005,31,Paris,French Open,2005-05-23,Grand Slam,Outdoor,Clay,1st Round,5,Moya C.,Martin A.,15,56.0,,,5.0,7.0,6,1,6,4,6.0,2.0,,,3.0,1.0,Completed,1.33,3.25,1.35,3.1,1.35,3.1,1.35,2.7,1.345,3.65
ATP,2005,31,Paris,French Open,2005-05-23,Grand Slam,Outdoor,Clay,1st Round,5,Ancic M.,Daniel M.,18,197.0,,,6.0,2.0,6,1,7,6,,,,,3.0,0.0,Completed,1.11,6.0,1.16,5.0,1.11,5.84,1.15,4.0,1.143,7.25
ATP,2005,31,Paris,French Open,2005-05-23,Grand Slam,Outdoor,Clay,1st Round,5,Stepanek R.,Srichaphan P.,17,36.0,,,3.0,6.0,6,3,6,1,6.0,1.0,,,3.0,1.0,Completed,1.07,7.5,1.1,6.5,1.1,6.75,1.1,5.0,1.087,10.75
ATP,2005,31,Paris,French Open,2005-05-23,Grand Slam,Outdoor,Clay,1st Round,5,Vik R.,Kim K.,145,68.0,,,6.0,4.0,7,6,7,5,,,,,3.0,0.0,Completed,1.5,2.5,1.42,2.8,1.4,2.85,1.4,2.5,1.735,2.19
ATP,2005,31,Paris,French Open,2005-05-23,Grand Slam,Outdoor,Clay,1st Round,5,Federer R.,Sela D.,1,264.0,,,6.0,1.0,6,4,6,0,,,,,3.0,0.0,Completed,1.0,21.0,1.01,14.0,1.03,10.38,1.01,10.0,1.011,71.0
ATP,2005,31,Paris,French Open,2005-05-23,Grand Slam,Outdoor,Clay,1st Round,5,Nadal R.,Burgsmuller L.,5,96.0,,,6.0,1.0,7,6,6,1,,,,,3.0,0.0,Completed,1.0,21.0,1.01,14.0,1.005,13.35,1.01,10.0,1.013,56.0
ATP,2005,31,Paris,French Open,2005-05-23,Grand Slam,Outdoor,Clay,1st Round,5,Sanguinetti D.,Ascione T.,66,144.0,,,3.0,6.0,5,7,6,0,6.0,3.0,6.0,4.0,3.0,2.0,Completed,1.57,2.25,1.7,2.1,1.7,2.1,1.65,1.95,1.645,2.45
ATP,2005,31,Paris,French Open,2005-05-23,Grand Slam,Outdoor,Clay,1st Round,5,Almagro N.,Kohlschreiber P.,76,73.0,,,7.0,6.0,6,4,6,3,,,,,3.0,0.0,Completed,1.12,5.5,1.12,6.0,1.13,5.5,1.15,4.0,1.129,7.95
ATP,2005,31,Paris,French Open,2005-05-23,Grand Slam,Outdoor,Clay,1st Round,5,Serra F.,Pavel A.,116,43.0,,,6.0,2.0,6,2,6,3,,,,,3.0,0.0,Completed,3.5,1.28,3.55,1.28,3.46,1.28,3.6,1.2,1.704,2.25
ATP,2005,31,Paris,French Open,2005-05-23,Grand Slam,Outdoor,Clay,1st Round,5,Berdych T.,Morrison J.,47,108.0,,,6.0,3.0,6,2,6,4,,,,,3.0,0.0,Completed,1.12,5.5,1.1,6.5,1.1,6.75,1.1,5.0,,
ATP,2005,31,Paris,French Open,2005-05-23,Grand Slam,Outdoor,Clay,1st Round,5,Wessels P.,Mello R.,82,53.0,,,6.0,4.0,6,1,6,3,,,,,3.0,0.0,Completed,2.62,1.44,2.45,1.53,2.6,1.45,2.35,1.45,2.77,1.535
ATP,2005,31,Paris,French Open,2005-05-23,Grand Slam,Outdoor,Clay,1st Round,5,Hernandez O.,Gimeno-Traver D.,101,215.0,,,6.0,7.0,6,0,6,3,6.0,4.0,,,3.0,1.0,Completed,1.72,2.0,1.83,1.93,,,1.6,2.0,1.943,1.962
ATP,2005,31,Paris,French Open,2005-05-23,Grand Slam,Outdoor,Clay,1st Round,5,Malisse X.,Fish M.,46,50.0,,,6.0,2.0,6,1,6,1,,,,,3.0,0.0,Completed,1.14,5.0,1.18,4.65,1.15,4.92,1.15,4.0,1.183,5.97
ATP,2005,31,Paris,French Open,2005-05-23,Grand Slam,Outdoor,Clay,1st Round,5,Horna L.,Haehnel J.,59,83.0,,,7.0,6.0,7,5,6,3,,,,,3.0,0.0,Completed,1.36,3.0,1.4,2.85,1.4,2.85,1.4,2.5,1.441,3.07
ATP,2005,31,Paris,French Open,2005-05-23,Grand Slam,Outdoor,Clay,1st Round,5,Behrend T.,Rochus C.,89,48.0,,,4.0,6.0,6,2,7,5,6.0,2.0,,,3.0,1.0,Completed,2.62,1.44,2.6,1.48,2.6,1.45,2.2,1.5,2.8,1.518
ATP,2005,31,Paris,French Open,2005-05-23,Grand Slam,Outdoor,Clay,1st Round,5,Ferrer D.,Vanek J.,21,81.0,,,2.0,6.0,7,6,6,4,6.0,0.0,,,3.0,1.0,Completed,1.1,6.5,1.1,6.5,1.06,8.13,1.1,5.0,1.087,10.75
ATP,2005,31,Paris,French Open,2005-05-23,Grand Slam,Outdoor,Clay,1st Round,5,Nalbandian D.,Baghdatis M.,11,91.0,,,0.0,6.0,6,4,6,4,6.0,4.0,,,3.0,1.0,Completed,1.07,7.5,1.08,7.25,1.1,6.75,1.1,5.0,1.133,7.75
ATP,2005,31,Paris,French Open,2005-05-23,Grand Slam,Outdoor,Clay,1st Round,5,Gasquet R.,Bracciali D.,31,142.0,,,3.0,6.0,6,3,6,2,6.0,4.0,,,3.0,1.0,Completed,1.02,11.0,1.02,12.0,1.03,10.5,1.05,6.0,1.024,33.5
ATP,2005,31,Paris,French Open,2005-05-23,Grand Slam,Outdoor,Clay,1st Round,5,Gonzalez F.,Llodra M.,26,52.0,,,7.0,6.0,6,3,6,2,,,,,3.0,0.0,Completed,1.06,8.0,1.08,7.25,1.07,7.19,1.05,6.0,1.071,13.0
ATP,2005,31,Paris,French Open,2005-05-23,Grand Slam,Outdoor,Clay,1st Round,5,Henman T.,Brzezicki J.P.,8,146.0,,,6.0,2.0,6,1,6,4,,,,,3.0,0.0,Completed,1.06,8.0,1.11,6.25,,,1.1,5.0,,
ATP,2005,31,Paris,French Open,2005-05-23,Grand Slam,Outdoor,Clay,1st Round,5,Patience O.,Simon G.,139,113.0,,,6.0,2.0,6,2,4,6,6.0,3.0,,,3.0,1.0,Completed,1.9,1.8,1.88,1.88,1.87,1.87,1.8,1.8,1.855,2.07
ATP,2005,31,Paris,French Open,2005-05-23,Grand Slam,Outdoor,Clay,1st Round,5,Gaudio G.,Benneteau J.,6,106.0,,,7.0,5.0,6,0,6,1,,,,,3.0,0.0,Completed,1.03,10.0,1.05,9.0,1.04,9.25,1.05,6.0,1.087,10.75
ATP,2005,31,Paris,French Open,2005-05-23,Grand Slam,Outdoor,Clay,1st Round,5,Tursunov D.,Koubek S.,162,74.0,,,4.0,6.0,6,1,6,4,6.0,1.0,,,3.0,1.0,Completed,,,1.83,1.9,1.7,2.08,1.65,1.95,1.813,2.13
ATP,2005,31,Paris,French Open,2005-05-23,Grand Slam,Outdoor,Clay,1st Round,5,Soderling R.,Verdasco F.,35,55.0,,,1.0,6.0,3,6,6,3,6.0,3.0,6.0,3.0,3.0,2.0,Completed,4.0,1.22,3.55,1.28,3.46,1.28,3.6,1.2,1.885,1.971
ATP,2005,31,Paris,French Open,2005-05-23,Grand Slam,Outdoor,Clay,1st Round,5,Mantilla F.,Zib T.,78,61.0,,,6.0,2.0,6,1,6,3,,,,,3.0,0.0,Completed,1.36,3.0,1.4,2.85,1.44,2.67,1.3,2.9,1.455,3.0
ATP,2005,31,Paris,French Open,2005-05-23,Grand Slam,Outdoor,Clay,1st Round,5,Hanescu V.,Tabara M.,90,92.0,,,6.0,2.0,4,6,6,2,6.0,1.0,,,3.0,1.0,Completed,1.36,3.0,1.35,3.1,1.35,3.1,1.45,2.35,1.431,3.12
ATP,2005,31,Paris,French Open,2005-05-23,Grand Slam,Outdoor,Clay,1st Round,5,Chela J.I.,Schuettler R.,32,65.0,,,3.0,6.0,6,1,6,4,6.0,3.0,,,3.0,1.0,Completed,1.22,4.0,1.2,4.4,1.15,5.2,1.25,3.2,1.901,1.952
ATP,2005,31,Paris,French Open,2005-05-23,Grand Slam,Outdoor,Clay,1st Round,5,Novak J.,Phau B.,27,100.0,,,4.0,6.0,6,2,6,3,6.0,1.0,,,3.0,1.0,Completed,1.1,6.5,1.12,6.0,1.15,5.2,1.15,4.0,1.901,1.952
ATP,2005,31,Paris,French Open,2005-05-24,Grand Slam,Outdoor,Clay,1st Round,5,Safin M.,Sluiter R.,4,86.0,,,6.0,1.0,4,6,6,4,6.0,2.0,,,3.0,1.0,Completed,1.04,9.0,1.08,7.25,1.06,7.79,1.1,5.0,1.093,9.79
ATP,2005,31,Paris,French Open,2005-05-24,Grand Slam,Outdoor,Clay,1st Round,5,Hernych J.,Santoro F.,80,51.0,,,7.0,6.0,3,6,6,1,4.0,6.0,6.0,4.0,3.0,2.0,Completed,2.37,1.53,2.3,1.6,2.45,1.5,2.2,1.5,2.35,1.69
ATP,2005,31,Paris,French Open,2005-05-24,Grand Slam,Outdoor,Clay,1st Round,5,Davydenko N.,Tuksar S.,12,214.0,,,6.0,2.0,6,4,6,3,,,,,3.0,0.0,Completed,1.06,8.0,1.08,7.25,1.08,6.9,1.05,6.0,1.077,12.0
ATP,2005,31,Paris,French Open,2005-05-24,Grand Slam,Outdoor,Clay,1st Round,5,Vliegen K.,Dupuis A.,134,119.0,,,6.0,4.0,6,1,6,2,,,,,3.0,0.0,Completed,1.57,2.25,1.55,2.4,1.57,2.31,1.7,1.9,1.552,2.71
ATP,2005,31,Paris,French Open,2005-05-24,Grand Slam,Outdoor,Clay,1st Round,5,Ferrero J.C.,Beck K.,33,42.0,,,6.0,4.0,6,3,6,3,,,,,3.0,0.0,Completed,1.02,11.0,1.03,11.0,1.04,9.25,1.02,8.0,1.029,26.0
ATP,2005,31,Paris,French Open,2005-05-24,Grand Slam,Outdoor,Clay,1st Round,5,Rochus O.,Garcia-Lopez G.,45,70.0,,,7.0,6.0,7,5,4,6,6.0,3.0,,,3.0,1.0,Completed,1.83,1.83,1.93,1.83,1.87,1.87,1.7,1.9,1.952,1.952
ATP,2005,31,Paris,French Open,2005-05-24,Grand Slam,Outdoor,Clay,1st Round,5,Dlouhy L.,Enqvist T.,159,104.0,,,6.0,2.0,7,6,6,1,,,,,3.0,0.0,Completed,1.72,2.0,1.7,2.1,1.75,2.0,1.8,1.8,1.719,2.29
ATP,2005,31,Paris,French Open,2005-05-24,Grand Slam,Outdoor,Clay,1st Round,5,Andreev I.,Bjorkman J.,38,97.0,,,2.0,6.0,6,2,6,2,7.0,5.0,,,3.0,1.0,Completed,1.11,6.0,1.08,7.25,1.07,7.19,1.1,5.0,1.091,10.0
ATP,2005,31,Paris,French Open,2005-05-24,Grand Slam,Outdoor,Clay,1st Round,5,Norman D.,Lisnard J.R.,130,99.0,,,6.0,1.0,6,1,6,4,,,,,3.0,0.0,Completed,1.83,1.83,2.0,1.77,2.1,1.7,1.6,2.0,2.16,1.794
ATP,2005,31,Paris,French Open,2005-05-24,Grand Slam,Outdoor,Clay,1st Round,5,Puerta M.,Ljubicic I.,37,14.0,,,7.0,5.0,7,5,6,2,,,,,3.0,0.0,Completed,1.83,1.83,1.83,1.93,1.85,1.85,1.9,1.7,1.98,1.926
ATP,2005,31,Paris,French Open,2005-05-24,Grand Slam,Outdoor,Clay,1st Round,5,Youzhny M.,Muller G.,30,69.0,,,6.0,4.0,6,1,6,0,,,,,3.0,0.0,Completed,1.39,2.75,1.35,3.1,1.35,3.1,1.4,2.5,1.379,3.44
ATP,2005,31,Paris,French Open,2005-05-24,Grand Slam,Outdoor,Clay,1st Round,5,Melzer J.,Arthurs W.,44,84.0,,,6.0,4.0,6,2,7,6,,,,,3.0,0.0,Completed,1.33,3.25,1.33,3.2,1.28,3.46,1.4,2.5,1.366,3.53
ATP,2005,31,Paris,French Open,2005-05-24,Grand Slam,Outdoor,Clay,1st Round,5,Robredo T.,Luczak P.,16,172.0,,,4.0,6.0,6,3,6,3,6.0,3.0,,,3.0,1.0,Completed,1.08,7.0,1.12,6.0,1.1,6.75,1.1,5.0,1.148,7.05
ATP,2005,31,Paris,French Open,2005-05-24,Grand Slam,Outdoor,Clay,1st Round,5,Lee H.T.,Calatrava A.,58,85.0,,,6.0,4.0,2,6,5,7,7.0,6.0,6.0,4.0,3.0,2.0,Completed,2.0,1.72,2.05,1.75,1.95,1.8,1.95,1.65,2.03,1.885
ATP,2005,31,Paris,French Open,2005-05-24,Grand Slam,Outdoor,Clay,1st Round,5,Nieminen J.,Agassi A.,95,7.0,,,7.0,5.0,4,6,6,7,6.0,1.0,6.0,0.0,3.0,2.0,Completed,4.33,1.19,4.65,1.18,4.25,1.2,3.6,1.2,5.2,1.215
ATP,2005,31,Paris,French Open,2005-05-24,Grand Slam,Outdoor,Clay,1st Round,5,Mathieu P.H.,Lopez F.,67,25.0,,,6.0,2.0,6,0,6,7,6.0,4.0,,,3.0,1.0,Completed,1.83,1.83,1.77,2.0,1.85,1.9,1.8,1.8,1.84,2.09
ATP,2005,31,Paris,French Open,2005-05-24,Grand Slam,Outdoor,Clay,1st Round,5,Kiefer N.,Karlovic I.,28,77.0,,,6.0,3.0,6,3,6,4,,,,,3.0,0.0,Completed,1.22,4.0,1.25,3.85,1.18,4.45,1.15,4.0,1.24,4.69
ATP,2005,31,Paris,French Open,2005-05-24,Grand Slam,Outdoor,Clay,1st Round,5,Wawrinka S.,Massu N.,87,23.0,,,6.0,7.0,6,2,6,2,6.0,4.0,,,3.0,1.0,Completed,3.0,1.36,3.1,1.35,3.1,1.35,2.9,1.3,3.24,1.41
ATP,2005,31,Paris,French Open,2005-05-24,Grand Slam,Outdoor,Clay,1st Round,5,Clement A.,Popp A.,105,125.0,,,6.0,2.0,6,4,6,7,6.0,2.0,,,3.0,1.0,Completed,1.08,7.0,1.08,7.25,1.1,6.75,1.1,5.0,1.108,9.38
ATP,2005,31,Paris,French Open,2005-05-24,Grand Slam,Outdoor,Clay,1st Round,5,Blake J.,Tenconi T.,127,147.0,,,6.0,2.0,6,4,7,6,,,,,3.0,0.0,Completed,1.25,3.75,1.25,3.85,1.25,3.75,1.25,3.2,1.25,4.6
ATP,2005,31,Paris,French Open,2005-05-24,Grand Slam,Outdoor,Clay,1st Round,5,Haas T.,Mayer F.,22,54.0,,,6.0,1.0,6,2,6,4,,,,,3.0,0.0,Completed,1.28,3.5,1.3,3.4,1.25,3.75,1.3,2.9,1.781,2.12
ATP,2005,31,Paris,French Open,2005-05-24,Grand Slam,Outdoor,Clay,1st Round,5,Acasuso J.,Mirnyi M.,62,40.0,,,6.0,4.0,7,6,6,2,,,,,3.0,0.0,Completed,1.57,2.25,1.65,2.2,1.7,2.1,1.6,2.0,1.694,2.34
ATP,2005,31,Paris,French Open,2005-05-24,Grand Slam,Outdoor,Clay,1st Round,5,Saretta F.,Rusedski G.,132,39.0,,,6.0,2.0,7,6,6,3,,,,,3.0,0.0,Completed,1.44,2.62,1.4,2.85,1.4,2.85,1.45,2.35,1.935,1.917
ATP,2005,31,Paris,French Open,2005-05-24,Grand Slam,Outdoor,Clay,1st Round,5,Guccione C.,Ventura S.,217,109.0,,,6.0,3.0,2,6,6,1,3.0,6.0,6.0,2.0,3.0,2.0,Completed,3.0,1.36,3.1,1.35,3.22,1.32,2.5,1.4,1.943,1.909
ATP,2005,31,Paris,French Open,2005-05-24,Grand Slam,Outdoor,Clay,1st Round,5,Johansson T.,Draper S.,19,1015.0,,,6.0,7.0,6,1,3,6,6.0,0.0,6.0,1.0,3.0,2.0,Completed,1.03,10.0,1.03,11.0,1.04,9.25,1.02,8.0,1.045,18.0
ATP,2005,31,Paris,French Open,2005-05-24,Grand Slam,Outdoor,Clay,1st Round,5,Canas G.,Monfils G.,10,79.0,,,6.0,3.0,6,1,6,0,,,,,3.0,0.0,Completed,1.25,3.75,1.28,3.55,1.28,3.46,1.3,2.9,1.348,3.67
ATP,2005,31,Paris,French Open,2005-05-24,Grand Slam,Outdoor,Clay,1st Round,5,Coria G.,Carlsen K.,9,57.0,,,6.0,4.0,6,2,6,4,,,,,3.0,0.0,Completed,1.0,21.0,1.01,14.0,1.01,12.46,1.01,10.0,1.014,50.5
ATP,2005,31,Paris,French Open,2005-05-24,Grand Slam,Outdoor,Clay,1st Round,5,Spadea V.,Costa A.,41,72.0,,,6.0,4.0,7,6,6,2,,,,,3.0,0.0,Completed,3.75,1.25,3.55,1.28,3.75,1.25,3.6,1.2,3.7,1.333
ATP,2005,31,Paris,French Open,2005-05-24,Grand Slam,Outdoor,Clay,1st Round,5,Roddick A.,Tsonga J.W.,3,133.0,,,6.0,3.0,6,2,6,4,,,,,3.0,0.0,Completed,1.03,10.0,1.03,11.0,1.06,8.13,1.05,6.0,1.081,11.08
ATP,2005,31,Paris,French Open,2005-05-24,Grand Slam,Outdoor,Clay,1st Round,5,Sanchez D.,Kuerten G.,138,94.0,,,6.0,3.0,6,0,4,6,6.0,1.0,,,3.0,1.0,Completed,2.2,1.61,2.1,1.7,2.15,1.65,2.2,1.5,2.18,1.781
ATP,2005,31,Paris,French Open,2005-05-24,Grand Slam,Outdoor,Clay,1st Round,5,Montanes A.,Sargsian S.,103,93.0,,,6.0,1.0,6,4,6,0,,,,,3.0,0.0,Completed,,,,,1.28,3.46,1.3,2.9,1.333,3.7
ATP,2005,31,Paris,French Open,2005-05-24,Grand Slam,Outdoor,Clay,1st Round,5,Volandri F.,Saulnier C.,34,49.0,,,6.0,0.0,6,2,6,1,,,,,3.0,0.0,Completed,1.08,7.0,1.08,7.25,1.13,5.5,1.1,5.0,1.114,8.85
ATP,2005,31,Paris,French Open,2005-05-24,Grand Slam,Outdoor,Clay,1st Round,5,Djokovic N.,Ginepri R.,153,71.0,,,6.0,0.0,6,0,6,3,,,,,3.0,0.0,Completed,1.57,2.25,1.45,2.6,1.55,2.35,1.6,2.0,1.752,2.17
ATP,2005,31,Paris,French Open,2005-05-25,Grand Slam,Outdoor,Clay,2nd Round,5,Hanescu V.,Chela J.I.,90,32.0,,,7.0,5.0,6,1,3,6,7.0,5.0,,,3.0,1.0,Completed,2.75,1.39,2.45,1.53,2.67,1.44,2.7,1.35,2.65,1.571
ATP,2005,31,Paris,French Open,2005-05-25,Grand Slam,Outdoor,Clay,2nd Round,5,Nalbandian D.,Berdych T.,11,47.0,,,6.0,3.0,6,2,6,1,,,,,3.0,0.0,Completed,1.25,3.75,1.25,3.85,1.2,4.25,1.15,4.0,1.251,4.68
ATP,2005,31,Paris,French Open,2005-05-25,Grand Slam,Outdoor,Clay,2nd Round,5,Gaudio G.,Tursunov D.,6,162.0,,,,,,,,,,,,,,,Walkover,1.03,10.0,1.04,10.0,1.05,8.5,1.02,8.0,1.042,20.0
ATP,2005,31,Paris,French Open,2005-05-25,Grand Slam,Outdoor,Clay,2nd Round,5,Horna L.,Henman T.,59,8.0,,,7.0,5.0,6,7,6,3,6.0,4.0,,,3.0,1.0,Completed,3.75,1.25,3.4,1.3,3.595,1.265,3.2,1.25,3.75,1.328
ATP,2005,31,Paris,French Open,2005-05-25,Grand Slam,Outdoor,Clay,2nd Round,5,Mantilla F.,Novak J.,78,27.0,,,6.0,2.0,0,6,3,6,7.0,5.0,6.0,3.0,3.0,2.0,Completed,1.83,1.83,1.77,2.0,1.95,1.8,1.85,1.75,1.862,2.06
ATP,2005,31,Paris,French Open,2005-05-25,Grand Slam,Outdoor,Clay,2nd Round,5,Grosjean S.,Sanguinetti D.,24,66.0,,,6.0,0.0,6,3,6,2,,,,,3.0,0.0,Completed,1.16,4.5,1.14,5.4,1.1,6.25,1.2,3.6,1.139,7.5
ATP,2005,31,Paris,French Open,2005-05-25,Grand Slam,Outdoor,Clay,2nd Round,5,Ancic M.,Hernandez O.,18,101.0,,,4.0,6.0,6,1,6,2,6.0,3.0,,,3.0,1.0,Completed,1.16,4.5,1.16,5.0,1.1,6.25,1.2,3.6,1.129,8.0
ATP,2005,31,Paris,French Open,2005-05-25,Grand Slam,Outdoor,Clay,2nd Round,5,Vicente F.,Tipsarevic J.,155,107.0,,,6.0,3.0,1,6,7,6,6.0,3.0,,,3.0,1.0,Completed,2.25,1.57,2.2,1.63,2.35,1.55,1.95,1.65,2.18,1.781
ATP,2005,31,Paris,French Open,2005-05-25,Grand Slam,Outdoor,Clay,2nd Round,5,Stepanek R.,Serra F.,17,116.0,,,6.0,3.0,6,4,6,1,,,,,3.0,0.0,Completed,1.22,4.0,1.25,3.85,1.2,4.25,1.2,3.6,1.346,3.69
ATP,2005,31,Paris,French Open,2005-05-25,Grand Slam,Outdoor,Clay,2nd Round,5,Gasquet R.,Wessels P.,31,82.0,,,6.0,3.0,7,6,6,1,,,,,3.0,0.0,Completed,1.06,8.0,1.08,7.25,1.07,7.19,1.1,5.0,1.077,12.0
ATP,2005,31,Paris,French Open,2005-05-25,Grand Slam,Outdoor,Clay,2nd Round,5,Moya C.,Vik R.,15,145.0,,,7.0,6.0,6,7,6,3,6.0,1.0,,,3.0,1.0,Completed,1.06,8.0,1.05,9.0,1.1,6.75,1.05,6.0,1.167,6.4
ATP,2005,31,Paris,French Open,2005-05-25,Grand Slam,Outdoor,Clay,2nd Round,5,Lee H.T.,Soderling R.,58,35.0,,,6.0,2.0,6,3,6,4,,,,,3.0,0.0,Completed,2.62,1.44,2.6,1.48,2.23,1.61,1.05,6.0,2.54,1.61
ATP,2005,31,Paris,French Open,2005-05-25,Grand Slam,Outdoor,Clay,2nd Round,5,Nadal R.,Malisse X.,5,46.0,,,6.0,2.0,6,2,6,4,,,,,3.0,0.0,Completed,1.03,10.0,1.04,10.0,1.07,7.19,1.05,6.0,1.046,18.3
ATP,2005,31,Paris,French Open,2005-05-25,Grand Slam,Outdoor,Clay,2nd Round,5,Federer R.,Almagro N.,1,76.0,,,6.0,3.0,7,6,6,2,,,,,3.0,0.0,Completed,1.01,13.0,1.02,12.0,1.05,8.5,1.03,7.0,1.05,16.5
ATP,2005,31,Paris,French Open,2005-05-25,Grand Slam,Outdoor,Clay,2nd Round,5,Ferrer D.,Patience O.,21,139.0,,,6.0,3.0,7,6,7,5,,,,,3.0,0.0,Completed,1.16,4.5,1.18,4.25,1.22,4.2,1.15,4.0,1.297,4.07
ATP,2005,31,Paris,French Open,2005-05-25,Grand Slam,Outdoor,Clay,2nd Round,5,Gonzalez F.,Behrend T.,26,89.0,,,6.0,3.0,6,4,6,4,,,,,3.0,0.0,Completed,1.12,5.5,1.15,5.0,1.15,5.2,1.15,4.0,1.217,5.2
ATP,2005,31,Paris,French Open,2005-05-26,Grand Slam,Outdoor,Clay,2nd Round,5,Coria G.,Djokovic N.,9,153.0,,,4.0,6.0,6,2,3,2,,,,,1.0,1.0,Retired,1.02,11.0,1.04,10.0,1.04,9.25,1.05,6.0,1.054,15.25
ATP,2005,31,Paris,French Open,2005-05-26,Grand Slam,Outdoor,Clay,2nd Round,5,Canas G.,Montanes A.,10,103.0,,,6.0,1.0,6,3,6,4,,,,,3.0,0.0,Completed,1.1,6.5,1.12,6.0,1.11,5.84,1.15,4.0,1.095,10.0
ATP,2005,31,Paris,French Open,2005-05-26,Grand Slam,Outdoor,Clay,2nd Round,5,Melzer J.,Youzhny M.,44,30.0,,,6.0,3.0,6,4,7,6,,,,,3.0,0.0,Completed,1.9,1.8,2.1,1.7,2.25,1.6,2.0,1.6,2.18,1.781
ATP,2005,31,Paris,French Open,2005-05-26,Grand Slam,Outdoor,Clay,2nd Round,5,Davydenko N.,Rochus O.,12,45.0,,,3.0,6.0,7,5,6,2,6.0,3.0,,,3.0,1.0,Completed,1.25,3.75,1.33,3.2,1.3,3.35,1.25,3.2,1.356,3.61
ATP,2005,31,Paris,French Open,2005-05-26,Grand Slam,Outdoor,Clay,2nd Round,5,Mathieu P.H.,Guccione C.,67,217.0,,,6.0,3.0,6,4,6,4,,,,,3.0,0.0,Completed,1.14,5.0,1.16,5.0,1.17,4.67,1.15,4.0,1.143,7.2
ATP,2005,31,Paris,French Open,2005-05-26,Grand Slam,Outdoor,Clay,2nd Round,5,Haas T.,Spadea V.,22,41.0,,,6.0,4.0,6,3,,,,,,,2.0,0.0,Retired,1.25,3.75,1.3,3.4,1.3,3.35,1.25,3.2,1.377,3.45
ATP,2005,31,Paris,French Open,2005-05-26,Grand Slam,Outdoor,Clay,2nd Round,5,Puerta M.,Vliegen K.,37,134.0,,,6.0,3.0,7,5,6,2,,,,,3.0,0.0,Completed,1.25,3.75,1.28,3.55,1.25,3.9,1.25,3.2,1.376,3.46
ATP,2005,31,Paris,French Open,2005-05-26,Grand Slam,Outdoor,Clay,2nd Round,5,Andreev I.,Nieminen J.,38,95.0,,,6.0,2.0,6,4,6,7,6.0,2.0,,,3.0,1.0,Completed,2.0,1.72,2.0,1.77,1.9,1.85,1.8,1.8,1.893,2.02
ATP,2005,31,Paris,French Open,2005-05-26,Grand Slam,Outdoor,Clay,2nd Round,5,Wawrinka S.,Blake J.,87,127.0,,,6.0,7.0,5,7,6,1,6.0,3.0,6.0,4.0,3.0,2.0,Completed,1.53,2.37,1.53,2.45,1.61,2.23,1.55,2.1,1.575,2.64
ATP,2005,31,Paris,French Open,2005-05-26,Grand Slam,Outdoor,Clay,2nd Round,5,Ferrero J.C.,Hernych J.,33,80.0,,,6.0,4.0,6,4,6,2,,,,,3.0,0.0,Completed,1.06,8.0,1.1,6.5,1.07,7.19,1.05,6.0,1.142,7.25
ATP,2005,31,Paris,French Open,2005-05-26,Grand Slam,Outdoor,Clay,2nd Round,5,Sanchez D.,Johansson T.,138,19.0,,,6.0,3.0,3,6,4,6,7.0,6.0,6.0,4.0,3.0,2.0,Completed,1.8,1.9,1.83,1.93,1.95,1.8,1.9,1.7,1.909,2.0
ATP,2005,31,Paris,French Open,2005-05-26,Grand Slam,Outdoor,Clay,2nd Round,5,Kiefer N.,Clement A.,28,105.0,,,4.0,6.0,6,2,6,2,4.0,6.0,6.0,4.0,3.0,2.0,Completed,1.8,1.9,1.93,1.83,1.83,1.91,1.65,1.95,2.07,1.855
ATP,2005,31,Paris,French Open,2005-05-26,Grand Slam,Outdoor,Clay,2nd Round,5,Safin M.,Dlouhy L.,4,159.0,,,6.0,7.0,6,3,7,5,6.0,1.0,,,3.0,1.0,Completed,1.05,8.5,1.12,6.0,1.11,5.84,1.05,6.0,1.09,10.38
ATP,2005,31,Paris,French Open,2005-05-26,Grand Slam,Outdoor,Clay,2nd Round,5,Volandri F.,Saretta F.,34,132.0,,,6.0,4.0,6,1,6,2,,,,,3.0,0.0,Completed,1.16,4.5,1.16,5.0,,,1.2,3.6,1.194,5.65
ATP,2005,31,Paris,French Open,2005-05-26,Grand Slam,Outdoor,Clay,2nd Round,5,Acasuso J.,Roddick A.,62,3.0,,,3.0,6.0,4,6,6,4,6.0,3.0,8.0,6.0,3.0,2.0,Completed,2.62,1.44,2.6,1.48,2.35,1.55,2.5,1.4,2.67,1.565
ATP,2005,31,Paris,French Open,2005-05-26,Grand Slam,Outdoor,Clay,2nd Round,5,Robredo T.,Norman D.,16,130.0,,,6.0,4.0,6,2,6,4,,,,,3.0,0.0,Completed,1.06,8.0,1.12,6.0,1.11,5.84,1.1,5.0,1.095,10.0
ATP,2005,31,Paris,French Open,2005-05-27,Grand Slam,Outdoor,Clay,3rd Round,5,Federer R.,Gonzalez F.,1,26.0,,,7.0,6.0,7,5,6,2,,,,,3.0,0.0,Completed,1.07,7.5,1.1,6.5,1.11,5.84,1.1,5.0,1.147,7.2
ATP,2005,31,Paris,French Open,2005-05-27,Grand Slam,Outdoor,Clay,3rd Round,5,Ferrer D.,Lee H.T.,21,58.0,,,6.0,3.0,6,1,7,5,,,,,3.0,0.0,Completed,1.11,6.0,1.12,6.0,1.17,4.67,1.1,5.0,1.2,5.45
ATP,2005,31,Paris,French Open,2005-05-27,Grand Slam,Outdoor,Clay,3rd Round,5,Gaudio G.,Mantilla F.,6,78.0,,,6.0,4.0,6,4,6,3,,,,,3.0,0.0,Completed,1.11,6.0,1.14,5.4,1.1,6.75,1.15,4.0,1.143,7.3
ATP,2005,31,Paris,French Open,2005-05-27,Grand Slam,Outdoor,Clay,3rd Round,5,Grosjean S.,Stepanek R.,24,17.0,,,6.0,1.0,4,6,3,6,6.0,3.0,6.0,4.0,3.0,2.0,Completed,1.61,2.2,1.6,2.3,1.55,2.35,1.55,2.1,1.575,2.64
ATP,2005,31,Paris,French Open,2005-05-27,Grand Slam,Outdoor,Clay,3rd Round,5,Hanescu V.,Horna L.,90,59.0,,,6.0,3.0,6,4,6,4,,,,,3.0,0.0,Completed,2.1,1.66,1.93,1.83,1.95,1.8,1.95,1.65,2.16,1.794
ATP,2005,31,Paris,French Open,2005-05-27,Grand Slam,Outdoor,Clay,3rd Round,5,Moya C.,Vicente F.,15,155.0,,,6.0,4.0,7,6,6,7,0.0,6.0,6.0,4.0,3.0,2.0,Completed,1.04,9.0,1.06,8.5,1.1,6.75,1.1,5.0,1.08,10.75
ATP,2005,31,Paris,French Open,2005-05-27,Grand Slam,Outdoor,Clay,3rd Round,5,Nadal R.,Gasquet R.,5,31.0,,,6.0,4.0,6,3,6,2,,,,,3.0,0.0,Completed,1.22,4.0,1.22,4.1,,,1.2,3.6,1.26,4.54
ATP,2005,31,Paris,French Open,2005-05-27,Grand Slam,Outdoor,Clay,3rd Round,5,Nalbandian D.,Ancic M.,11,18.0,,,6.0,4.0,7,6,6,3,,,,,3.0,0.0,Completed,1.25,3.75,1.2,4.4,1.25,3.9,1.25,3.2,1.271,4.39
ATP,2005,31,Paris,French Open,2005-05-28,Grand Slam,Outdoor,Clay,3rd Round,5,Acasuso J.,Volandri F.,62,34.0,,,3.0,0.0,,,,,,,,,0.0,0.0,Retired,2.1,1.66,1.93,1.83,2.1,1.7,2.2,1.5,2.02,1.893
ATP,2005,31,Paris,French Open,2005-05-28,Grand Slam,Outdoor,Clay,3rd Round,5,Coria G.,Melzer J.,9,44.0,,,6.0,1.0,6,1,7,6,,,,,3.0,0.0,Completed,1.06,8.0,1.06,8.5,1.07,7.19,1.1,5.0,1.065,14.0
ATP,2005,31,Paris,French Open,2005-05-28,Grand Slam,Outdoor,Clay,3rd Round,5,Davydenko N.,Haas T.,12,22.0,,,7.0,5.0,6,0,6,0,,,,,3.0,0.0,Completed,1.53,2.37,1.65,2.2,1.6,2.3,1.65,1.95,1.613,2.53
ATP,2005,31,Paris,French Open,2005-05-28,Grand Slam,Outdoor,Clay,3rd Round,5,Puerta M.,Wawrinka S.,37,87.0,,,1.0,6.0,6,3,6,1,6.0,4.0,,,3.0,1.0,Completed,1.39,2.75,1.4,2.85,1.37,2.92,1.4,2.5,1.478,2.89
ATP,2005,31,Paris,French Open,2005-05-28,Grand Slam,Outdoor,Clay,3rd Round,5,Robredo T.,Sanchez D.,16,138.0,,,6.0,4.0,6,3,6,1,,,,,3.0,0.0,Completed,1.28,3.5,1.28,3.55,1.25,3.75,1.2,3.6,1.333,3.7
ATP,2005,31,Paris,French Open,2005-05-28,Grand Slam,Outdoor,Clay,3rd Round,5,Safin M.,Ferrero J.C.,4,33.0,,,7.0,6.0,7,5,1,6,7.0,6.0,,,3.0,1.0,Completed,2.62,1.44,2.55,1.5,2.4,1.53,2.1,1.55,3.0,1.455
ATP,2005,31,Paris,French Open,2005-05-29,Grand Slam,Outdoor,Clay,3rd Round,5,Canas G.,Mathieu P.H.,10,67.0,,,6.0,3.0,7,6,2,6,6.0,7.0,8.0,6.0,3.0,2.0,Completed,1.25,3.75,1.33,3.2,1.25,3.9,1.3,2.9,1.282,4.25
ATP,2005,31,Paris,French Open,2005-05-29,Grand Slam,Outdoor,Clay,3rd Round,5,Kiefer N.,Andreev I.,28,38.0,,,6.0,4.0,7,6,3,6,6.0,4.0,,,3.0,1.0,Completed,2.5,1.5,2.45,1.53,2.45,1.5,2.2,1.5,2.84,1.495
ATP,2005,31,Paris,French Open,2005-05-29,Grand Slam,Outdoor,Clay,4th Round,5,Hanescu V.,Nalbandian D.,90,11.0,,,6.0,3.0,4,6,5,7,6.0,1.0,6.0,2.0,3.0,2.0,Completed,5.0,1.14,4.65,1.18,6.25,1.1,4.0,1.15,6.2,1.175
ATP,2005,31,Paris,French Open,2005-05-29,Grand Slam,Outdoor,Clay,4th Round,5,Federer R.,Moya C.,1,15.0,,,6.0,1.0,6,4,6,3,,,,,3.0,0.0,Completed,1.06,8.0,1.05,9.0,1.06,10.68,1.1,5.0,,
ATP,2005,31,Paris,French Open,2005-05-30,Grand Slam,Outdoor,Clay,4th Round,5,Ferrer D.,Gaudio G.,21,6.0,,,2.0,6.0,6,4,7,6,5.0,7.0,6.0,4.0,3.0,2.0,Completed,2.25,1.57,2.5,1.5,1.87,1.87,2.5,1.4,2.37,1.68
ATP,2005,31,Paris,French Open,2005-05-30,Grand Slam,Outdoor,Clay,4th Round,5,Davydenko N.,Coria G.,12,9.0,,,2.0,6.0,6,3,7,6,6.0,2.0,,,3.0,1.0,Completed,4.5,1.16,4.25,1.2,4.25,1.2,4.0,1.15,4.66,1.246
ATP,2005,31,Paris,French Open,2005-05-30,Grand Slam,Outdoor,Clay,4th Round,5,Canas G.,Kiefer N.,10,28.0,,,,,,,,,,,,,,,Walkover,1.33,3.25,1.28,3.55,1.35,3.1,1.3,2.9,1.294,4.1
ATP,2005,31,Paris,French Open,2005-05-30,Grand Slam,Outdoor,Clay,4th Round,5,Puerta M.,Acasuso J.,37,62.0,,,6.0,4.0,6,1,6,1,,,,,3.0,0.0,Completed,1.61,2.2,1.67,2.15,1.75,2.05,1.6,2.0,1.617,2.52
ATP,2005,31,Paris,French Open,2005-05-30,Grand Slam,Outdoor,Clay,4th Round,5,Nadal R.,Grosjean S.,5,24.0,,,6.0,4.0,3,6,6,0,6.0,3.0,,,3.0,1.0,Completed,1.04,9.0,1.05,9.0,1.07,7.19,1.05,6.0,1.087,9.75
ATP,2005,31,Paris,French Open,2005-05-30,Grand Slam,Outdoor,Clay,4th Round,5,Robredo T.,Safin M.,16,4.0,,,7.0,5.0,1,6,6,1,4.0,6.0,8.0,6.0,3.0,2.0,Completed,2.75,1.39,2.45,1.53,2.6,1.45,2.5,1.4,2.97,1.461
ATP,2005,31,Paris,French Open,2005-05-31,Grand Slam,Outdoor,Clay,Quarterfinals,5,Federer R.,Hanescu V.,1,90.0,,,6.0,2.0,7,6,6,3,,,,,3.0,0.0,Completed,1.02,13.0,1.04,10.0,1.05,8.5,1.05,6.0,1.051,16.0
ATP,2005,31,Paris,French Open,2005-05-31,Grand Slam,Outdoor,Clay,Quarterfinals,5,Nadal R.,Ferrer D.,5,21.0,,,7.0,5.0,6,2,6,0,,,,,3.0,0.0,Completed,1.1,7.0,1.1,6.5,1.1,6.75,1.1,5.0,1.161,6.63
ATP,2005,31,Paris,French Open,2005-06-01,Grand Slam,Outdoor,Clay,Quarterfinals,5,Puerta M.,Canas G.,37,10.0,,,6.0,2.0,3,6,1,6,6.0,3.0,6.0,4.0,3.0,2.0,Completed,2.37,1.53,2.2,1.65,2.29,1.66,2.1,1.55,2.43,1.654
ATP,2005,31,Paris,French Open,2005-06-01,Grand Slam,Outdoor,Clay,Quarterfinals,5,Davydenko N.,Robredo T.,12,16.0,,,3.0,6.0,6,1,6,2,4.0,6.0,6.0,4.0,3.0,2.0,Completed,1.57,2.25,1.55,2.4,1.66,2.29,1.6,2.0,1.629,2.49
ATP,2005,31,Paris,French Open,2005-06-03,Grand Slam,Outdoor,Clay,Semifinals,5,Puerta M.,Davydenko N.,37,12.0,,,6.0,3.0,5,7,2,6,6.0,4.0,6.0,4.0,3.0,2.0,Completed,2.37,1.57,1.87,1.87,2.21,1.73,1.95,1.65,2.35,1.69
ATP,2005,31,Paris,French Open,2005-06-03,Grand Slam,Outdoor,Clay,Semifinals,5,Nadal R.,Federer R.,5,1.0,,,6.0,3.0,4,6,6,4,6.0,3.0,,,3.0,1.0,Completed,2.25,1.61,1.36,3.0,2.23,1.72,1.9,1.7,2.33,1.699
ATP,2005,31,Paris,French Open,2005-06-05,Grand Slam,Outdoor,Clay,The Final,5,Nadal R.,Puerta M.,5,37.0,,,6.0,7.0,6,3,6,1,7.0,5.0,,,3.0,1.0,Completed,1.08,7.0,1.11,6.5,1.13,6.93,1.1,5.0,1.139,7.46
ATP,2005,36,London,Wimbledon,2005-06-20,Grand Slam,Outdoor,Grass,1st Round,5,di Mauro A.,Goodall J.,93,313.0,,,6.0,3.0,7,6,6,3,,,,,3.0,0.0,Completed,2.75,1.4,2.7,1.45,2.6,1.45,2.5,1.4,3.0,1.455
ATP,2005,36,London,Wimbledon,2005-06-20,Grand Slam,Outdoor,Grass,1st Round,5,Sherwood D.,Mello R.,261,54.0,,,6.0,3.0,6,4,6,4,,,,,3.0,0.0,Completed,2.0,1.72,2.15,1.67,2.25,1.6,1.95,1.65,2.28,1.725
ATP,2005,36,London,Wimbledon,2005-06-20,Grand Slam,Outdoor,Grass,1st Round,5,Lopez F.,Phau B.,33,103.0,,,5.0,7.0,7,6,6,7,6.0,2.0,6.0,4.0,3.0,2.0,Completed,1.08,7.0,1.13,5.65,1.1,6.75,1.1,5.0,1.16,6.65
ATP,2005,36,London,Wimbledon,2005-06-20,Grand Slam,Outdoor,Grass,1st Round,5,Dent T.,Norman D.,30,105.0,,,7.0,6.0,7,6,4,6,6.0,7.0,6.0,1.0,3.0,2.0,Completed,1.25,3.75,1.3,3.4,1.28,3.46,1.3,2.9,1.29,4.11
ATP,2005,36,London,Wimbledon,2005-06-20,Grand Slam,Outdoor,Grass,1st Round,5,Kiefer N.,Benneteau J.,26,126.0,,,6.0,3.0,7,6,5,7,3.0,6.0,6.0,4.0,3.0,2.0,Completed,1.19,4.33,1.22,4.1,1.21,4.06,1.2,3.6,1.22,5.07
ATP,2005,36,London,Wimbledon,2005-06-20,Grand Slam,Outdoor,Grass,1st Round,5,Federer R.,Mathieu P.,1,58.0,,,6.0,4.0,6,2,6,4,,,,,3.0,0.0,Completed,1.0,17.0,1.02,12.0,1.02,13.5,1.02,8.0,1.01,48.5
ATP,2005,36,London,Wimbledon,2005-06-20,Grand Slam,Outdoor,Grass,1st Round,5,Hewitt L.,Rochus C.,2,47.0,,,6.0,3.0,6,3,6,1,,,,,3.0,0.0,Completed,1.02,12.0,1.03,11.0,1.05,8.5,1.05,6.0,1.04,19.5
ATP,2005,36,London,Wimbledon,2005-06-20,Grand Slam,Outdoor,Grass,1st Round,5,Gonzalez F.,Mackin A.,24,218.0,,,6.0,3.0,6,4,6,4,,,,,3.0,0.0,Completed,1.12,5.5,1.17,4.85,1.15,5.2,1.15,4.0,1.18,6.0
ATP,2005,36,London,Wimbledon,2005-06-20,Grand Slam,Outdoor,Grass,1st Round,5,Minar I.,Tabara M.,99,109.0,,,6.0,4.0,6,4,6,4,,,,,3.0,0.0,Completed,1.57,2.25,1.7,2.1,1.7,2.1,1.55,2.1,1.7,2.32
ATP,2005,36,London,Wimbledon,2005-06-20,Grand Slam,Outdoor,Grass,1st Round,5,Zib T.,Acasuso J.,62,46.0,,,7.0,5.0,6,3,6,3,,,,,3.0,0.0,Completed,1.3,3.39,1.25,3.85,1.3,3.35,1.25,3.2,1.32,3.82
ATP,2005,36,London,Wimbledon,2005-06-20,Grand Slam,Outdoor,Grass,1st Round,5,Lee H.T.,Enqvist T.,67,131.0,,,6.0,3.0,6,7,7,5,6.0,4.0,,,3.0,1.0,Completed,1.66,2.1,1.67,2.15,1.8,1.95,1.55,2.1,1.75,2.23
ATP,2005,36,London,Wimbledon,2005-06-20,Grand Slam,Outdoor,Grass,1st Round,5,Youzhny M.,Baghdatis M.,34,90.0,,,6.0,2.0,3,6,6,1,6.0,4.0,,,3.0,1.0,Completed,1.5,2.5,1.5,2.55,1.5,2.45,1.35,2.7,1.54,2.7
ATP,2005,36,London,Wimbledon,2005-06-20,Grand Slam,Outdoor,Grass,1st Round,5,Kim K.,Bogdanovic A.,71,195.0,,,6.0,7.0,6,1,6,4,6.0,2.0,,,3.0,1.0,Completed,1.44,2.62,1.55,2.4,1.48,2.53,1.5,2.2,1.5,2.78
ATP,2005,36,London,Wimbledon,2005-06-20,Grand Slam,Outdoor,Grass,1st Round,5,Verdasco F.,Robredo T.,59,14.0,,,6.0,1.0,6,2,7,5,,,,,3.0,0.0,Completed,2.62,1.44,2.7,1.45,2.85,1.4,2.5,1.4,3.11,1.43
ATP,2005,36,London,Wimbledon,2005-06-20,Grand Slam,Outdoor,Grass,1st Round,5,Rusedski G.,Martin A.,40,52.0,,,6.0,3.0,4,6,6,2,6.0,1.0,,,3.0,1.0,Completed,1.12,5.5,1.12,6.0,1.13,5.5,1.1,5.0,1.17,6.48
ATP,2005,36,London,Wimbledon,2005-06-20,Grand Slam,Outdoor,Grass,1st Round,5,Berdych T.,Dupuis A.,49,116.0,,,7.0,6.0,7,5,3,6,7.0,6.0,,,3.0,1.0,Completed,1.66,2.1,1.77,2.0,1.65,2.2,1.65,1.95,1.75,2.23
ATP,2005,36,London,Wimbledon,2005-06-20,Grand Slam,Outdoor,Grass,1st Round,5,Davydenko N.,Draper S.,7,787.0,,,7.0,6.0,6,4,6,3,,,,,3.0,0.0,Completed,1.44,2.62,1.55,2.4,1.6,2.3,1.55,2.1,1.54,2.75
ATP,2005,36,London,Wimbledon,2005-06-20,Grand Slam,Outdoor,Grass,1st Round,5,Johansson J.,Montanes A.,10,82.0,,,7.0,6.0,6,4,7,5,,,,,3.0,0.0,Completed,1.04,10.0,1.05,9.0,1.05,9.5,1.07,5.5,1.07,13.5
ATP,2005,36,London,Wimbledon,2005-06-20,Grand Slam,Outdoor,Grass,1st Round,5,Burgsmuller L.,Puerta M.,91,11.0,,,6.0,1.0,6,1,6,4,,,,,3.0,0.0,Completed,1.33,3.25,1.35,3.0,1.28,3.46,1.3,2.9,1.46,2.97
ATP,2005,36,London,Wimbledon,2005-06-20,Grand Slam,Outdoor,Grass,1st Round,5,Bjorkman J.,Morrison J.,97,107.0,,,6.0,3.0,6,3,4,6,2.0,6.0,6.0,2.0,3.0,2.0,Completed,1.36,3.0,1.4,2.85,1.35,3.1,1.4,2.5,1.41,3.22
ATP,2005,36,London,Wimbledon,2005-06-20,Grand Slam,Outdoor,Grass,1st Round,5,Safin M.,Srichaphan P.,5,45.0,,,6.0,2.0,6,4,6,4,,,,,3.0,0.0,Completed,1.16,4.5,1.25,3.85,1.25,3.9,1.25,3.2,1.23,4.96
ATP,2005,36,London,Wimbledon,2005-06-20,Grand Slam,Outdoor,Grass,1st Round,5,Ferrero J.C.,Delgado J.,31,212.0,,,7.0,6.0,6,1,6,4,,,,,3.0,0.0,Completed,1.28,3.5,1.28,3.55,1.2,4.25,1.25,3.2,1.3,4.05
ATP,2005,36,London,Wimbledon,2005-06-20,Grand Slam,Outdoor,Grass,1st Round,5,Monfils G.,Okun N.,83,154.0,,,3.0,6.0,6,4,6,4,7.0,6.0,,,3.0,1.0,Completed,1.53,2.37,1.7,2.1,1.7,2.1,1.6,2.0,1.73,2.27
ATP,2005,36,London,Wimbledon,2005-06-20,Grand Slam,Outdoor,Grass,1st Round,5,Hrbaty D.,Saulnier C.,25,48.0,,,7.0,6.0,6,0,6,2,,,,,3.0,0.0,Completed,1.83,1.83,1.88,1.88,1.95,1.8,1.7,1.9,2.05,1.87
ATP,2005,36,London,Wimbledon,2005-06-20,Grand Slam,Outdoor,Grass,1st Round,5,Ancic M.,Summerer T.,17,178.0,,,6.0,3.0,7,5,6,1,,,,,3.0,0.0,Completed,1.05,9.0,1.1,6.5,1.07,7.19,1.1,5.0,1.1,9.5
ATP,2005,36,London,Wimbledon,2005-06-20,Grand Slam,Outdoor,Grass,1st Round,5,Hernych J.,Blake J.,66,102.0,,,1.0,6.0,6,4,7,6,7.0,6.0,,,3.0,1.0,Completed,2.25,1.57,2.2,1.65,2.12,1.67,2.1,1.55,2.42,1.66
ATP,2005,36,London,Wimbledon,2005-06-20,Grand Slam,Outdoor,Grass,1st Round,5,Lisnard J.R.,Hernandez O.,98,80.0,,,6.0,4.0,2,1,,,,,,,1.0,0.0,Retired,1.28,3.5,1.28,3.5,1.28,3.46,1.25,3.2,1.32,3.8
ATP,2005,36,London,Wimbledon,2005-06-20,Grand Slam,Outdoor,Grass,1st Round,5,Gimelstob J.,Garcia A.,123,169.0,,,6.0,3.0,6,4,7,6,,,,,3.0,0.0,Completed,1.5,2.5,1.62,2.25,1.64,2.17,1.45,2.35,1.676,2.38
ATP,2005,36,London,Wimbledon,2005-06-20,Grand Slam,Outdoor,Grass,1st Round,5,Massu N.,Sargsian S.,29,92.0,,,7.0,6.0,6,3,6,4,,,,,3.0,0.0,Completed,,,,,,,,,1.405,3.27
ATP,2005,36,London,Wimbledon,2005-06-20,Grand Slam,Outdoor,Grass,1st Round,5,Philippoussis M.,Beck K.,142,43.0,,,7.0,5.0,6,4,6,2,,,,,3.0,0.0,Completed,1.66,2.1,1.7,2.1,1.75,2.0,1.7,1.9,1.85,2.08
ATP,2005,36,London,Wimbledon,2005-06-20,Grand Slam,Outdoor,Grass,1st Round,5,Mayer F.,Ventura S.,57,110.0,,,6.0,4.0,7,5,6,2,,,,,3.0,0.0,Completed,1.06,8.0,1.08,7.25,1.1,6.75,1.05,6.0,1.09,9.68
ATP,2005,36,London,Wimbledon,2005-06-21,Grand Slam,Outdoor,Grass,1st Round,5,Murray A.,Bastl G.,312,146.0,,,6.0,4.0,6,2,6,2,,,,,3.0,0.0,Completed,,,,,,,1.5,2.2,,
ATP,2005,36,London,Wimbledon,2005-06-21,Grand Slam,Outdoor,Grass,1st Round,5,Coria G.,Behrend T.,18,84.0,,,6.0,1.0,6,2,6,2,,,,,3.0,0.0,Completed,1.14,5.0,1.15,5.25,1.15,5.5,1.1,5.0,1.17,6.33
ATP,2005,36,London,Wimbledon,2005-06-21,Grand Slam,Outdoor,Grass,1st Round,5,Santoro F.,Wawrinka S.,53,74.0,,,6.0,2.0,6,7,7,5,6.0,1.0,,,3.0,1.0,Completed,1.44,2.62,1.37,3.0,1.45,2.6,1.45,2.35,1.48,2.9
ATP,2005,36,London,Wimbledon,2005-06-21,Grand Slam,Outdoor,Grass,1st Round,5,Stepanek R.,Ginepri R.,13,73.0,,,6.0,7.0,6,3,6,3,6.0,2.0,,,3.0,1.0,Completed,1.33,3.25,1.3,3.4,1.25,3.9,1.3,2.9,1.32,3.83
ATP,2005,36,London,Wimbledon,2005-06-21,Grand Slam,Outdoor,Grass,1st Round,5,Calatrava A.,Ketola T.,125,225.0,,,6.0,4.0,7,6,6,4,,,,,3.0,0.0,Completed,4.0,1.22,4.65,1.18,4.06,1.21,3.6,1.2,5.15,1.22
ATP,2005,36,London,Wimbledon,2005-06-21,Grand Slam,Outdoor,Grass,1st Round,5,Novak J.,Wessels P.,28,79.0,,,7.0,6.0,6,3,6,4,,,,,3.0,0.0,Completed,1.57,2.25,1.5,2.55,1.55,2.35,1.5,2.2,1.61,2.53
ATP,2005,36,London,Wimbledon,2005-06-21,Grand Slam,Outdoor,Grass,1st Round,5,Bracciali D.,Karlovic I.,120,56.0,,,6.0,7.0,7,6,3,6,7.0,6.0,12.0,10.0,3.0,2.0,Completed,4.0,1.22,3.85,1.25,3.9,1.25,2.7,1.35,4.15,1.28
ATP,2005,36,London,Wimbledon,2005-06-21,Grand Slam,Outdoor,Grass,1st Round,5,Melzer J.,Ljubicic I.,38,16.0,,,6.0,4.0,6,4,6,4,,,,,3.0,0.0,Completed,2.62,1.44,2.45,1.53,2.53,1.48,2.2,1.5,2.61,1.59
ATP,2005,36,London,Wimbledon,2005-06-21,Grand Slam,Outdoor,Grass,1st Round,5,Udomchoke D.,Koubek S.,161,78.0,,,5.0,7.0,6,4,4,6,6.0,3.0,8.0,6.0,3.0,2.0,Completed,1.3,3.39,1.3,3.3,,,1.25,3.2,1.38,3.47
ATP,2005,36,London,Wimbledon,2005-06-21,Grand Slam,Outdoor,Grass,1st Round,5,Roddick A.,Vanek J.,4,100.0,,,6.0,1.0,7,6,6,2,,,,,3.0,0.0,Completed,1.0,17.0,1.02,12.0,1.02,25.0,1.01,10.0,1.01,51.0
ATP,2005,36,London,Wimbledon,2005-06-21,Grand Slam,Outdoor,Grass,1st Round,5,Sanguinetti D.,Seppi A.,64,88.0,,,6.0,3.0,6,2,6,1,,,,,3.0,0.0,Completed,1.5,2.5,1.55,2.4,1.6,2.3,1.5,2.2,1.61,2.54
ATP,2005,36,London,Wimbledon,2005-06-21,Grand Slam,Outdoor,Grass,1st Round,5,Andreev I.,Soderling R.,42,37.0,,,6.0,7.0,7,5,6,1,7.0,5.0,,,3.0,1.0,Completed,2.75,1.39,2.85,1.4,3.22,1.32,2.7,1.35,3.2,1.417
ATP,2005,36,London,Wimbledon,2005-06-21,Grand Slam,Outdoor,Grass,1st Round,5,Tursunov D.,Almagro N.,152,77.0,,,7.0,6.0,7,6,6,1,,,,,3.0,0.0,Completed,1.25,3.75,1.28,3.55,1.35,3.1,1.25,3.2,1.35,3.64
ATP,2005,36,London,Wimbledon,2005-06-21,Grand Slam,Outdoor,Grass,1st Round,5,Malisse X.,Marray J.,51,272.0,,,6.0,3.0,3,6,2,6,6.0,1.0,6.0,4.0,3.0,2.0,Completed,1.14,5.0,1.12,6.0,1.1,6.23,1.1,5.0,1.15,7.17
ATP,2005,36,London,Wimbledon,2005-06-21,Grand Slam,Outdoor,Grass,1st Round,5,Henman T.,Nieminen J.,9,70.0,,,3.0,6.0,6,7,6,4,7.0,5.0,6.0,2.0,3.0,2.0,Completed,1.1,6.5,1.1,6.5,1.13,5.5,1.1,5.0,1.12,8.8
ATP,2005,36,London,Wimbledon,2005-06-21,Grand Slam,Outdoor,Grass,1st Round,5,Lu Y.H.,Clement A.,153,121.0,,,7.0,6.0,0,6,6,1,3.0,6.0,6.0,3.0,3.0,2.0,Completed,3.25,1.33,2.85,1.4,3.12,1.34,2.9,1.3,3.24,1.41
ATP,2005,36,London,Wimbledon,2005-06-21,Grand Slam,Outdoor,Grass,1st Round,5,Gasquet R.,Kohlschreiber P.,20,61.0,,,6.0,3.0,3,6,6,3,6.0,2.0,,,3.0,1.0,Completed,1.11,6.0,1.12,6.0,1.13,5.5,1.1,5.0,1.13,7.95
ATP,2005,36,London,Wimbledon,2005-06-21,Grand Slam,Outdoor,Grass,1st Round,5,Tipsarevic J.,Haas T.,108,23.0,,,6.0,2.0,2,1,,,,,,,1.0,0.0,Retired,5.5,1.12,5.65,1.13,5.84,1.11,5.0,1.1,6.75,1.16
ATP,2005,36,London,Wimbledon,2005-06-21,Grand Slam,Outdoor,Grass,1st Round,5,Elseneer G.,Starace P.,191,86.0,,,6.0,3.0,7,6,6,3,,,,,3.0,0.0,Completed,1.28,3.5,1.25,3.85,1.28,3.46,1.25,3.2,1.3,4.05
ATP,2005,36,London,Wimbledon,2005-06-21,Grand Slam,Outdoor,Grass,1st Round,5,Popp A.,Haehnel J.,134,106.0,,,6.0,2.0,6,3,2,6,6.0,4.0,,,3.0,1.0,Completed,1.28,3.5,1.28,3.55,1.37,2.92,1.35,2.7,1.35,3.65
ATP,2005,36,London,Wimbledon,2005-06-21,Grand Slam,Outdoor,Grass,1st Round,5,Arthurs W.,Volandri F.,85,32.0,,,6.0,3.0,6,4,6,4,,,,,3.0,0.0,Completed,1.12,5.5,1.13,5.65,1.1,6.25,1.15,4.0,1.16,6.7
ATP,2005,36,London,Wimbledon,2005-06-21,Grand Slam,Outdoor,Grass,1st Round,5,Garcia-Lopez G.,Ferrer D.,81,15.0,,,6.0,3.0,6,2,7,6,,,,,3.0,0.0,Completed,2.0,1.72,1.93,1.83,1.85,1.9,1.8,1.8,2.06,1.86
ATP,2005,36,London,Wimbledon,2005-06-21,Grand Slam,Outdoor,Grass,1st Round,5,Hanescu V.,Carlsen K.,60,50.0,,,6.0,7.0,7,6,6,3,5.0,7.0,6.0,4.0,3.0,2.0,Completed,1.9,1.8,2.0,1.77,1.95,1.8,1.95,1.65,2.14,1.81
ATP,2005,36,London,Wimbledon,2005-06-21,Grand Slam,Outdoor,Grass,1st Round,5,Djokovic N.,Monaco J.,128,68.0,,,6.0,3.0,7,6,6,3,,,,,3.0,0.0,Completed,1.22,4.0,1.2,4.25,1.25,3.9,1.2,3.6,1.25,4.65
ATP,2005,36,London,Wimbledon,2005-06-21,Grand Slam,Outdoor,Grass,1st Round,5,Pavel A.,Karanusic R.,41,179.0,,,6.0,2.0,4,6,6,2,6.0,4.0,,,3.0,1.0,Completed,1.72,2.0,1.77,2.0,1.75,2.05,1.65,1.95,1.76,2.22
ATP,2005,36,London,Wimbledon,2005-06-21,Grand Slam,Outdoor,Grass,1st Round,5,Muller G.,Mantilla F.,69,76.0,,,5.0,4.0,,,,,,,,,0.0,0.0,Retired,1.25,3.75,1.25,3.85,1.28,3.46,1.25,3.2,1.27,4.35
ATP,2005,36,London,Wimbledon,2005-06-21,Grand Slam,Outdoor,Grass,1st Round,5,Kucera K.,Horna L.,157,55.0,,,4.0,6.0,6,3,6,3,6.0,4.0,,,3.0,1.0,Completed,1.57,2.25,1.62,2.25,1.6,2.3,1.5,2.2,1.6,2.56
ATP,2005,36,London,Wimbledon,2005-06-21,Grand Slam,Outdoor,Grass,1st Round,5,Nadal R.,Spadea V.,3,39.0,,,6.0,4.0,6,3,6,0,,,,,3.0,0.0,Completed,1.19,4.33,1.25,3.85,1.21,4.06,1.25,3.2,1.25,4.6
ATP,2005,36,London,Wimbledon,2005-06-21,Grand Slam,Outdoor,Grass,1st Round,5,Mirnyi M.,Schuettler R.,36,72.0,,,6.0,3.0,6,3,6,4,,,,,3.0,0.0,Completed,1.36,3.0,1.33,3.1,1.37,2.92,1.4,2.5,1.42,3.2
ATP,2005,36,London,Wimbledon,2005-06-21,Grand Slam,Outdoor,Grass,1st Round,5,Rochus O.,Goldstein P.,35,101.0,,,6.0,4.0,6,2,6,2,,,,,3.0,0.0,Completed,1.16,4.5,1.13,5.25,1.2,4.25,1.2,3.6,1.18,5.95
ATP,2005,36,London,Wimbledon,2005-06-21,Grand Slam,Outdoor,Grass,1st Round,5,Johansson T.,Ulihrach B.,22,119.0,,,6.0,3.0,6,2,6,2,,,,,3.0,0.0,Completed,1.06,8.0,1.06,8.5,1.1,6.75,1.05,6.0,1.09,10.57
ATP,2005,36,London,Wimbledon,2005-06-21,Grand Slam,Outdoor,Grass,1st Round,5,Nalbandian D.,Sluiter R.,19,118.0,,,6.0,2.0,6,2,7,5,,,,,3.0,0.0,Completed,1.19,4.33,1.22,4.1,1.21,4.06,1.15,4.0,1.27,4.4
ATP,2005,36,London,Wimbledon,2005-06-22,Grand Slam,Outdoor,Grass,1st Round,5,Grosjean S.,Llodra M.,27,75.0,,,3.0,6.0,7,5,4,6,7.0,6.0,6.0,4.0,3.0,2.0,Completed,1.22,4.0,1.3,3.35,1.32,3.22,1.3,2.9,1.31,3.96
ATP,2005,36,London,Wimbledon,2005-06-22,Grand Slam,Outdoor,Grass,2nd Round,5,Ferrero J.C.,Lee H.T.,31,67.0,,,6.0,4.0,3,6,4,6,6.0,3.0,6.0,3.0,3.0,2.0,Completed,1.38,2.87,1.45,2.75,1.42,2.75,1.35,2.7,1.48,2.89
ATP,2005,36,London,Wimbledon,2005-06-22,Grand Slam,Outdoor,Grass,2nd Round,5,Lopez F.,Sherwood D.,33,261.0,,,6.0,2.0,6,4,6,2,,,,,3.0,0.0,Completed,1.1,6.5,1.1,7.0,1.1,6.75,1.1,5.0,1.164,6.5
ATP,2005,36,London,Wimbledon,2005-06-22,Grand Slam,Outdoor,Grass,2nd Round,5,Gimelstob J.,Massu N.,123,29.0,,,6.0,3.0,4,6,7,6,7.0,6.0,,,3.0,1.0,Completed,1.83,1.83,1.9,1.9,1.87,1.87,1.8,1.8,1.89,2.02
ATP,2005,36,London,Wimbledon,2005-06-22,Grand Slam,Outdoor,Grass,2nd Round,5,Berdych T.,Burgsmuller L.,49,91.0,,,6.0,3.0,6,3,6,1,,,,,3.0,0.0,Completed,1.44,2.62,1.4,2.95,1.4,2.85,1.45,2.35,1.48,2.9
ATP,2005,36,London,Wimbledon,2005-06-22,Grand Slam,Outdoor,Grass,2nd Round,5,Dent T.,Kim K.,30,71.0,,,6.0,3.0,6,4,6,4,,,,,3.0,0.0,Completed,1.28,3.5,1.28,3.65,1.3,3.35,1.25,3.2,1.34,3.65
ATP,2005,36,London,Wimbledon,2005-06-22,Grand Slam,Outdoor,Grass,2nd Round,5,Safin M.,Philippoussis M.,5,142.0,,,7.0,6.0,7,6,6,4,,,,,3.0,0.0,Completed,1.39,2.75,1.37,3.1,1.42,2.73,1.45,2.35,1.43,3.12
ATP,2005,36,London,Wimbledon,2005-06-22,Grand Slam,Outdoor,Grass,2nd Round,5,Federer R.,Minar I.,1,99.0,,,6.0,4.0,6,4,6,1,,,,,3.0,0.0,Completed,1.01,15.0,1.01,16.0,1.01,13.5,1.01,10.0,1.02,44.81
ATP,2005,36,London,Wimbledon,2005-06-22,Grand Slam,Outdoor,Grass,2nd Round,5,Bjorkman J.,Davydenko N.,97,7.0,,,6.0,7.0,1,2,,,,,,,0.0,1.0,Retired,2.0,1.72,2.0,1.81,1.99,1.76,1.8,1.8,2.17,1.79
ATP,2005,36,London,Wimbledon,2005-06-22,Grand Slam,Outdoor,Grass,2nd Round,5,Gonzalez F.,Zib T.,24,62.0,,,6.0,4.0,7,6,6,3,,,,,3.0,0.0,Completed,1.39,2.75,1.4,2.95,1.28,3.46,1.3,2.9,1.42,3.2
ATP,2005,36,London,Wimbledon,2005-06-22,Grand Slam,Outdoor,Grass,2nd Round,5,Kiefer N.,di Mauro A.,26,93.0,,,6.0,3.0,7,5,6,3,,,,,3.0,0.0,Completed,1.1,6.5,1.1,7.0,1.13,5.5,1.1,5.0,1.14,7.41
ATP,2005,36,London,Wimbledon,2005-06-22,Grand Slam,Outdoor,Grass,2nd Round,5,Hewitt L.,Hernych J.,2,66.0,,,6.0,2.0,7,5,3,6,6.0,3.0,,,3.0,1.0,Completed,1.05,9.0,1.04,11.0,1.05,8.5,1.05,6.0,1.07,13.5
ATP,2005,36,London,Wimbledon,2005-06-22,Grand Slam,Outdoor,Grass,2nd Round,5,Youzhny M.,Lisnard J.R.,34,98.0,,,1.0,6.0,7,5,6,3,6.0,4.0,,,3.0,1.0,Completed,1.12,5.5,1.1,7.0,1.1,6.23,1.15,4.0,1.13,7.75
ATP,2005,36,London,Wimbledon,2005-06-22,Grand Slam,Outdoor,Grass,2nd Round,5,Ancic M.,Udomchoke D.,17,161.0,,,7.0,6.0,3,6,6,3,6.0,3.0,,,3.0,1.0,Completed,1.03,11.0,1.02,14.0,1.04,9.25,1.05,6.0,1.03,21.2
ATP,2005,36,London,Wimbledon,2005-06-22,Grand Slam,Outdoor,Grass,2nd Round,5,Mayer F.,Verdasco F.,57,59.0,,,7.0,6.0,7,5,6,3,,,,,3.0,0.0,Completed,2.0,1.72,2.0,1.77,2.12,1.67,1.85,1.75,2.15,1.8
ATP,2005,36,London,Wimbledon,2005-06-22,Grand Slam,Outdoor,Grass,2nd Round,5,Johansson J.,Rusedski G.,10,40.0,,,7.0,6.0,3,6,6,4,7.0,6.0,,,3.0,1.0,Completed,1.57,2.25,1.7,2.15,1.7,2.1,1.65,1.95,1.66,2.41
ATP,2005,36,London,Wimbledon,2005-06-22,Grand Slam,Outdoor,Grass,2nd Round,5,Monfils G.,Hrbaty D.,83,25.0,,,6.0,3.0,6,3,2,6,7.0,5.0,,,3.0,1.0,Completed,2.5,1.5,2.4,1.57,2.6,1.45,2.2,1.5,2.82,1.5
ATP,2005,36,London,Wimbledon,2005-06-23,Grand Slam,Outdoor,Grass,2nd Round,5,Novak J.,Santoro F.,28,53.0,,,5.0,1.0,4,6,7,6,6.0,3.0,,,3.0,1.0,Completed,1.57,2.25,1.6,2.35,1.64,2.17,1.6,2.0,1.6,2.58
ATP,2005,36,London,Wimbledon,2005-06-23,Grand Slam,Outdoor,Grass,2nd Round,5,Andreev I.,Sanguinetti D.,42,64.0,,,6.0,4.0,6,2,3,6,6.0,3.0,,,3.0,1.0,Completed,1.53,2.37,1.7,2.15,1.7,2.1,1.75,1.85,1.69,2.35
ATP,2005,36,London,Wimbledon,2005-06-23,Grand Slam,Outdoor,Grass,2nd Round,5,Gasquet R.,Elseneer G.,20,191.0,,,7.0,6.0,7,6,6,7,6.0,2.0,,,3.0,1.0,Completed,1.05,9.0,1.06,9.0,1.06,7.79,1.1,5.0,1.09,10.65
ATP,2005,36,London,Wimbledon,2005-06-23,Grand Slam,Outdoor,Grass,2nd Round,5,Tursunov D.,Henman T.,152,9.0,,,3.0,6.0,6,2,3,6,6.0,3.0,8.0,6.0,3.0,2.0,Completed,7.0,1.08,6.0,1.13,5.2,1.15,4.0,1.15,7.28,1.14
ATP,2005,36,London,Wimbledon,2005-06-23,Grand Slam,Outdoor,Grass,2nd Round,5,Mirnyi M.,Rochus O.,36,35.0,,,7.0,6.0,6,2,7,6,,,,,3.0,0.0,Completed,1.5,2.5,1.57,2.4,1.55,2.35,1.55,2.1,1.55,2.73
ATP,2005,36,London,Wimbledon,2005-06-23,Grand Slam,Outdoor,Grass,2nd Round,5,Popp A.,Arthurs W.,134,85.0,,,6.0,3.0,6,7,3,6,7.0,6.0,14.0,12.0,3.0,2.0,Completed,2.37,1.53,2.6,1.5,2.3,1.6,2.2,1.5,2.6,1.59
ATP,2005,36,London,Wimbledon,2005-06-23,Grand Slam,Outdoor,Grass,2nd Round,5,Muller G.,Nadal R.,69,3.0,,,6.0,4.0,4,6,6,3,6.0,4.0,,,3.0,1.0,Completed,8.0,1.06,6.5,1.11,5.84,1.11,4.0,1.15,8.0,1.13
ATP,2005,36,London,Wimbledon,2005-06-23,Grand Slam,Outdoor,Grass,2nd Round,5,Coria G.,Malisse X.,18,51.0,,,3.0,6.0,6,3,7,5,6.0,7.0,6.0,4.0,3.0,2.0,Completed,1.72,2.0,1.77,2.05,1.7,2.1,1.55,2.1,1.79,2.17
ATP,2005,36,London,Wimbledon,2005-06-23,Grand Slam,Outdoor,Grass,2nd Round,5,Johansson T.,Pavel A.,22,41.0,,,3.0,6.0,7,6,6,4,7.0,6.0,,,3.0,1.0,Completed,1.22,4.0,1.25,4.0,1.22,4.0,1.25,3.2,1.29,4.11
ATP,2005,36,London,Wimbledon,2005-06-23,Grand Slam,Outdoor,Grass,2nd Round,5,Melzer J.,Calatrava A.,38,125.0,,,6.0,4.0,6,4,6,1,,,,,3.0,0.0,Completed,1.08,7.0,1.1,7.0,1.1,6.75,1.15,4.0,1.13,8.1
ATP,2005,36,London,Wimbledon,2005-06-23,Grand Slam,Outdoor,Grass,2nd Round,5,Tipsarevic J.,Lu Y.H.,108,153.0,,,2.0,6.0,6,3,6,2,4.0,6.0,7.0,5.0,3.0,2.0,Completed,1.83,1.83,2.05,1.77,2.0,1.75,1.8,1.8,2.22,1.76
ATP,2005,36,London,Wimbledon,2005-06-23,Grand Slam,Outdoor,Grass,2nd Round,5,Grosjean S.,Hanescu V.,27,60.0,,,6.0,3.0,6,4,6,2,,,,,3.0,0.0,Completed,1.22,4.0,1.3,3.5,1.3,3.35,1.3,2.9,1.29,4.1
ATP,2005,36,London,Wimbledon,2005-06-23,Grand Slam,Outdoor,Grass,2nd Round,5,Djokovic N.,Garcia-Lopez G.,128,81.0,,,3.0,6.0,3,6,7,6,7.0,6.0,6.0,4.0,3.0,2.0,Completed,1.66,2.1,1.65,2.25,1.65,2.15,1.6,2.0,1.63,2.5
ATP,2005,36,London,Wimbledon,2005-06-23,Grand Slam,Outdoor,Grass,2nd Round,5,Murray A.,Stepanek R.,312,13.0,,,6.0,4.0,6,4,6,4,,,,,3.0,0.0,Completed,3.25,1.33,3.55,1.28,3.46,1.28,2.9,1.3,3.7,1.333
ATP,2005,36,London,Wimbledon,2005-06-23,Grand Slam,Outdoor,Grass,2nd Round,5,Nalbandian D.,Kucera K.,19,157.0,,,6.0,2.0,6,4,6,3,,,,,3.0,0.0,Completed,1.14,5.0,1.17,5.0,1.15,5.2,1.2,3.6,1.23,4.92
ATP,2005,36,London,Wimbledon,2005-06-24,Grand Slam,Outdoor,Grass,2nd Round,5,Roddick A.,Bracciali D.,4,120.0,,,7.0,5.0,6,3,6,7,4.0,6.0,6.0,3.0,3.0,2.0,Completed,1.02,12.0,1.03,12.0,1.04,9.25,1.05,6.0,1.05,17.46
ATP,2005,36,London,Wimbledon,2005-06-24,Grand Slam,Outdoor,Grass,3rd Round,5,Lopez F.,Safin M.,33,5.0,,,6.0,4.0,7,6,6,3,,,,,3.0,0.0,Completed,5.0,1.14,4.25,1.22,4.06,1.21,3.2,1.25,4.7,1.24
ATP,2005,36,London,Wimbledon,2005-06-24,Grand Slam,Outdoor,Grass,3rd Round,5,Hewitt L.,Gimelstob J.,2,123.0,,,7.0,6.0,6,4,7,5,,,,,3.0,0.0,Completed,1.02,12.0,1.02,14.0,1.04,9.25,1.03,7.0,1.05,16.0
ATP,2005,36,London,Wimbledon,2005-06-24,Grand Slam,Outdoor,Grass,3rd Round,5,Dent T.,Berdych T.,30,49.0,,,6.0,3.0,7,6,6,3,,,,,3.0,0.0,Completed,1.39,2.75,1.53,2.5,1.56,2.34,1.45,2.35,1.6,2.58
ATP,2005,36,London,Wimbledon,2005-06-24,Grand Slam,Outdoor,Grass,3rd Round,5,Gonzalez F.,Johansson J.,24,10.0,,,6.0,4.0,6,4,6,2,,,,,3.0,0.0,Completed,3.0,1.36,2.85,1.42,2.93,1.41,2.5,1.4,2.96,1.46
ATP,2005,36,London,Wimbledon,2005-06-24,Grand Slam,Outdoor,Grass,3rd Round,5,Ancic M.,Monfils G.,17,83.0,,,6.0,3.0,6,3,6,1,,,,,3.0,0.0,Completed,1.14,5.0,1.17,5.0,1.2,4.25,1.15,4.0,1.21,5.3
ATP,2005,36,London,Wimbledon,2005-06-25,Grand Slam,Outdoor,Grass,3rd Round,5,Federer R.,Kiefer N.,1,26.0,,,6.0,2.0,6,7,6,1,7.0,5.0,,,3.0,1.0,Completed,1.01,13.0,1.03,12.0,1.05,7.75,1.02,8.0,1.04,20.97
ATP,2005,36,London,Wimbledon,2005-06-25,Grand Slam,Outdoor,Grass,3rd Round,5,Ferrero J.C.,Mayer F.,31,57.0,,,3.0,6.0,6,2,6,1,6.0,1.0,,,3.0,1.0,Completed,1.66,2.1,1.81,2.0,1.75,2.0,1.65,1.95,1.82,2.12
ATP,2005,36,London,Wimbledon,2005-06-25,Grand Slam,Outdoor,Grass,3rd Round,5,Mirnyi M.,Novak J.,36,28.0,,,5.0,7.0,7,5,6,4,7.0,6.0,,,3.0,1.0,Completed,1.36,3.0,1.35,3.2,1.4,2.85,1.4,2.5,1.38,3.43
ATP,2005,36,London,Wimbledon,2005-06-25,Grand Slam,Outdoor,Grass,3rd Round,5,Tursunov D.,Popp A.,152,134.0,,,5.0,7.0,7,6,6,2,6.0,2.0,,,3.0,1.0,Completed,2.1,1.66,2.2,1.67,2.35,1.55,2.2,1.5,2.42,1.66
ATP,2005,36,London,Wimbledon,2005-06-25,Grand Slam,Outdoor,Grass,3rd Round,5,Grosjean S.,Djokovic N.,27,128.0,,,7.0,5.0,6,4,5,7,6.0,4.0,,,3.0,1.0,Completed,1.14,5.0,1.16,5.25,1.14,5.19,1.2,3.6,1.17,6.3
ATP,2005,36,London,Wimbledon,2005-06-25,Grand Slam,Outdoor,Grass,3rd Round,5,Youzhny M.,Bjorkman J.,34,97.0,,,7.0,5.0,6,3,3,6,7.0,6.0,,,3.0,1.0,Completed,1.53,2.37,1.6,2.35,1.6,2.3,1.55,2.1,1.63,2.5
ATP,2005,36,London,Wimbledon,2005-06-25,Grand Slam,Outdoor,Grass,3rd Round,5,Roddick A.,Andreev I.,4,42.0,,,6.0,2.0,6,2,7,6,,,,,3.0,0.0,Completed,1.06,8.0,1.08,8.0,1.1,6.75,1.1,5.0,1.11,8.8
ATP,2005,36,London,Wimbledon,2005-06-25,Grand Slam,Outdoor,Grass,3rd Round,5,Nalbandian D.,Murray A.,19,312.0,,,6.0,7.0,1,6,6,0,6.0,4.0,6.0,1.0,3.0,2.0,Completed,1.33,3.25,1.3,3.5,1.31,3.2,1.25,3.2,1.426,3.15
ATP,2005,36,London,Wimbledon,2005-06-25,Grand Slam,Outdoor,Grass,3rd Round,5,Johansson T.,Tipsarevic J.,22,108.0,,,6.0,2.0,6,3,6,1,,,,,3.0,0.0,Completed,1.12,5.5,1.14,5.65,1.17,4.67,1.15,4.0,1.18,6.0
ATP,2005,36,London,Wimbledon,2005-06-25,Grand Slam,Outdoor,Grass,3rd Round,5,Gasquet R.,Muller G.,20,69.0,,,7.0,6.0,6,3,6,3,,,,,3.0,0.0,Completed,1.19,4.33,1.25,4.0,1.2,4.45,1.25,3.2,1.27,4.36
ATP,2005,36,London,Wimbledon,2005-06-25,Grand Slam,Outdoor,Grass,3rd Round,5,Coria G.,Melzer J.,18,38.0,,,3.0,6.0,3,6,6,2,6.0,2.0,6.0,4.0,3.0,2.0,Completed,1.57,2.25,1.62,2.3,1.6,2.3,1.6,2.0,1.62,2.51
ATP,2005,36,London,Wimbledon,2005-06-27,Grand Slam,Outdoor,Grass,4th Round,5,Nalbandian D.,Gasquet R.,19,20.0,,,6.0,4.0,7,6,6,0,,,,,3.0,0.0,Completed,2.75,1.39,2.5,1.53,2.35,1.55,2.0,1.6,2.67,1.57
ATP,2005,36,London,Wimbledon,2005-06-27,Grand Slam,Outdoor,Grass,4th Round,5,Johansson T.,Mirnyi M.,22,36.0,,,6.0,4.0,7,5,6,4,,,,,3.0,0.0,Completed,1.57,2.25,1.6,2.35,1.55,2.35,1.55,2.1,1.67,2.39
ATP,2005,36,London,Wimbledon,2005-06-27,Grand Slam,Outdoor,Grass,4th Round,3,Lopez F.,Ancic M.,33,17.0,,,6.0,4.0,6,4,6,2,,,,,3.0,0.0,Completed,3.0,1.36,3.2,1.35,2.85,1.4,2.5,1.4,3.29,1.4
ATP,2005,36,London,Wimbledon,2005-06-27,Grand Slam,Outdoor,Grass,4th Round,5,Hewitt L.,Dent T.,2,30.0,,,6.0,4.0,6,4,6,7,6.0,3.0,,,3.0,1.0,Completed,1.25,3.75,1.3,3.5,1.3,3.35,1.25,3.2,1.32,3.79
ATP,2005,36,London,Wimbledon,2005-06-27,Grand Slam,Outdoor,Grass,4th Round,5,Gonzalez F.,Youzhny M.,24,34.0,,,7.0,6.0,7,6,6,3,,,,,3.0,0.0,Completed,1.36,3.0,1.48,2.65,1.5,2.45,1.45,2.35,1.46,2.97
ATP,2005,36,London,Wimbledon,2005-06-27,Grand Slam,Outdoor,Grass,4th Round,5,Grosjean S.,Tursunov D.,27,152.0,,,6.0,4.0,6,7,6,3,3.0,6.0,6.0,1.0,3.0,2.0,Completed,1.22,4.0,1.25,4.0,1.21,4.06,1.2,3.6,1.27,4.25
ATP,2005,36,London,Wimbledon,2005-06-27,Grand Slam,Outdoor,Grass,4th Round,5,Roddick A.,Coria G.,4,18.0,,,6.0,3.0,7,6,6,4,,,,,3.0,0.0,Completed,1.1,6.5,1.1,7.0,1.1,6.75,1.1,5.0,1.14,7.5
ATP,2005,36,London,Wimbledon,2005-06-27,Grand Slam,Outdoor,Grass,4th Round,5,Federer R.,Ferrero J.C.,1,31.0,,,6.0,3.0,6,4,7,6,,,,,3.0,0.0,Completed,1.02,12.0,1.04,11.0,1.05,8.5,1.05,6.0,1.07,11.9
ATP,2005,36,London,Wimbledon,2005-06-29,Grand Slam,Outdoor,Grass,Quarterfinals,5,Federer R.,Gonzalez F.,1,24.0,,,7.0,5.0,6,2,7,6,,,,,3.0,0.0,Completed,1.03,11.0,1.05,10.0,1.07,9.62,1.07,5.5,1.08,12.3
ATP,2005,36,London,Wimbledon,2005-06-29,Grand Slam,Outdoor,Grass,Quarterfinals,5,Hewitt L.,Lopez F.,2,33.0,,,7.0,5.0,6,4,7,6,,,,,3.0,0.0,Completed,1.36,3.0,1.4,2.95,1.41,3.0,1.35,2.7,1.43,3.13
ATP,2005,36,London,Wimbledon,2005-06-29,Grand Slam,Outdoor,Grass,Quarterfinals,5,Johansson T.,Nalbandian D.,22,19.0,,,7.0,6.0,6,2,6,2,,,,,3.0,0.0,Completed,2.25,1.57,2.25,1.65,2.35,1.63,1.95,1.65,2.3,1.71
ATP,2005,36,London,Wimbledon,2005-06-29,Grand Slam,Outdoor,Grass,Quarterfinals,5,Roddick A.,Grosjean S.,4,27.0,,,3.0,6.0,6,2,6,1,3.0,6.0,6.0,3.0,3.0,2.0,Completed,1.12,5.5,1.14,5.65,1.18,5.2,1.17,3.8,1.19,5.75
ATP,2005,36,London,Wimbledon,2005-07-01,Grand Slam,Outdoor,Grass,Semifinals,5,Federer R.,Hewitt L.,1,2.0,,,6.0,3.0,6,4,7,6,,,,,3.0,0.0,Completed,1.11,6.5,1.15,5.5,1.12,6.87,1.15,4.0,1.16,6.58
ATP,2005,36,London,Wimbledon,2005-07-02,Grand Slam,Outdoor,Grass,Semifinals,5,Roddick A.,Johansson T.,4,22.0,,,6.0,7.0,6,2,7,6,7.0,6.0,,,3.0,1.0,Completed,1.19,4.5,1.22,4.25,1.25,3.9,1.25,3.2,1.26,4.47
ATP,2005,36,London,Wimbledon,2005-07-03,Grand Slam,Outdoor,Grass,The Final,5,Federer R.,Roddick A.,1,4.0,,,6.0,2.0,7,6,6,4,,,,,3.0,0.0,Completed,1.14,5.5,1.14,5.5,1.15,5.25,1.15,4.0,1.186,5.89
ATP,2005,51,New York,US Open,2005-08-29,Grand Slam,Outdoor,Hard,1st Round,5,Massu N.,Gambill J.M.,58,151.0,665.0,283.0,7.0,6.0,6,2,6,3,,,,,3.0,0.0,Completed,1.39,2.75,1.4,2.85,1.35,3.1,1.4,2.5,1.485,2.86
ATP,2005,51,New York,US Open,2005-08-29,Grand Slam,Outdoor,Hard,1st Round,5,Baker B.,Gaudio G.,195,9.0,202.0,1755.0,7.0,6.0,6,2,6,4,,,,,3.0,0.0,Completed,6.0,1.11,6.5,1.1,6.23,1.1,4.0,1.15,8.3,1.123
ATP,2005,51,New York,US Open,2005-08-29,Grand Slam,Outdoor,Hard,1st Round,5,Ljubicic I.,Summerer T.,19,198.0,1360.0,198.0,6.0,3.0,7,6,6,3,,,,,3.0,0.0,Completed,1.11,6.0,1.12,6.0,1.15,5.2,1.15,4.0,1.167,6.4
ATP,2005,51,New York,US Open,2005-08-29,Grand Slam,Outdoor,Hard,1st Round,5,Mello R.,Monaco J.,56,80.0,675.0,496.0,6.0,7.0,6,2,6,1,6.0,4.0,,,3.0,1.0,Completed,1.8,1.9,1.93,1.83,1.85,1.9,1.85,1.75,1.87,2.05
ATP,2005,51,New York,US Open,2005-08-29,Grand Slam,Outdoor,Hard,1st Round,5,Malisse X.,Hernych J.,54,81.0,701.0,495.0,6.0,2.0,7,5,6,2,,,,,3.0,0.0,Completed,1.44,2.62,1.45,2.7,1.4,2.85,1.4,2.5,1.488,2.85
ATP,2005,51,New York,US Open,2005-08-29,Grand Slam,Outdoor,Hard,1st Round,5,Saulnier C.,Tipsarevic J.,75,125.0,510.0,352.0,6.0,7.0,7,6,6,4,6.0,3.0,,,3.0,1.0,Completed,1.5,2.5,1.45,2.7,1.44,2.67,1.35,2.7,1.552,2.71
ATP,2005,51,New York,US Open,2005-08-29,Grand Slam,Outdoor,Hard,1st Round,5,Berdych T.,Kohlschreiber P.,34,79.0,965.0,502.0,7.0,6.0,7,6,6,4,,,,,3.0,0.0,Completed,1.25,3.75,1.22,4.1,1.25,3.9,1.2,3.6,1.23,4.95
ATP,2005,51,New York,US Open,2005-08-29,Grand Slam,Outdoor,Hard,1st Round,5,Nadal R.,Reynolds B.,2,132.0,4320.0,337.0,6.0,3.0,6,3,6,4,,,,,3.0,0.0,Completed,1.01,13.0,1.02,12.0,1.03,13.5,1.02,8.0,1.018,43.5
ATP,2005,51,New York,US Open,2005-08-29,Grand Slam,Outdoor,Hard,1st Round,5,Puerta M.,Okun N.,10,185.0,1717.0,225.0,7.0,6.0,6,7,6,4,6.0,0.0,,,3.0,1.0,Completed,1.33,3.25,1.33,3.2,1.3,3.35,1.25,3.2,1.485,2.86
ATP,2005,51,New York,US Open,2005-08-29,Grand Slam,Outdoor,Hard,1st Round,5,Novak J.,Norman D.,25,112.0,1230.0,382.0,6.0,4.0,6,4,6,2,,,,,3.0,0.0,Completed,1.11,6.0,1.16,5.0,1.2,4.25,1.15,4.0,1.149,7.1
ATP,2005,51,New York,US Open,2005-08-29,Grand Slam,Outdoor,Hard,1st Round,5,Soderling R.,Chela J.I.,42,50.0,825.0,735.0,6.0,7.0,7,6,6,3,6.0,4.0,,,3.0,1.0,Completed,2.5,1.5,2.35,1.57,2.53,1.48,2.1,1.55,2.77,1.524
ATP,2005,51,New York,US Open,2005-08-29,Grand Slam,Outdoor,Hard,1st Round,5,Andreev I.,Elseneer G.,52,181.0,709.0,229.0,6.0,4.0,6,4,6,2,,,,,3.0,0.0,Completed,1.28,3.5,1.3,3.4,1.28,3.46,1.2,3.6,1.299,4.05
ATP,2005,51,New York,US Open,2005-08-29,Grand Slam,Outdoor,Hard,1st Round,5,Galimberti G.,Young D.,236,600.0,159.0,33.0,7.0,6.0,6,1,6,2,,,,,3.0,0.0,Completed,1.39,2.75,1.37,3.0,1.42,2.75,1.5,2.2,1.493,2.83
ATP,2005,51,New York,US Open,2005-08-29,Grand Slam,Outdoor,Hard,1st Round,5,Jenkins S.,Bastl G.,352,119.0,87.0,370.0,7.0,6.0,6,0,6,7,4.0,6.0,7.0,6.0,3.0,2.0,Completed,2.2,1.61,2.2,1.65,2.1,1.7,1.95,1.65,2.22,1.758
ATP,2005,51,New York,US Open,2005-08-29,Grand Slam,Outdoor,Hard,1st Round,5,Haas T.,Luczak P.,31,188.0,1055.0,219.0,3.0,6.0,6,3,6,2,6.0,3.0,,,3.0,1.0,Completed,1.1,6.5,1.12,6.0,1.14,5.19,1.15,4.0,1.143,7.3
ATP,2005,51,New York,US Open,2005-08-29,Grand Slam,Outdoor,Hard,1st Round,5,Youzhny M.,Mayer F.,26,66.0,1220.0,549.0,6.0,1.0,6,0,6,2,,,,,3.0,0.0,Completed,1.39,2.75,1.37,3.0,1.4,2.85,1.35,2.7,1.375,3.47
ATP,2005,51,New York,US Open,2005-08-29,Grand Slam,Outdoor,Hard,1st Round,5,Gasquet R.,Martin A.,13,61.0,1489.0,617.0,6.0,2.0,6,3,1,6,6.0,7.0,6.0,4.0,3.0,2.0,Completed,1.08,7.0,1.1,6.5,1.07,7.19,1.1,5.0,1.131,7.85
ATP,2005,51,New York,US Open,2005-08-29,Grand Slam,Outdoor,Hard,1st Round,5,Coria G.,Mantilla F.,8,105.0,1765.0,410.0,7.0,6.0,6,1,6,3,,,,,3.0,0.0,Completed,1.06,8.0,1.1,6.5,1.11,5.84,1.12,4.5,1.098,9.25
ATP,2005,51,New York,US Open,2005-08-29,Grand Slam,Outdoor,Hard,1st Round,5,Bjorkman J.,Behrend T.,111,89.0,393.0,455.0,6.0,3.0,6,3,6,0,,,,,3.0,0.0,Completed,1.22,4.0,1.22,4.1,1.25,3.9,1.25,3.2,1.225,5.05
ATP,2005,51,New York,US Open,2005-08-29,Grand Slam,Outdoor,Hard,1st Round,5,Johansson T.,Zabaleta M.,14,72.0,1460.0,515.0,6.0,3.0,6,4,6,3,,,,,3.0,0.0,Completed,1.25,3.75,1.2,4.4,1.25,3.75,1.25,3.2,1.22,5.14
ATP,2005,51,New York,US Open,2005-08-30,Grand Slam,Outdoor,Hard,1st Round,5,Robredo T.,Bracciali D.,20,87.0,1350.0,462.0,3.0,6.0,6,3,6,4,6.0,2.0,,,3.0,1.0,Completed,1.33,3.25,1.3,3.4,1.32,3.22,1.35,2.7,1.408,3.25
ATP,2005,51,New York,US Open,2005-08-30,Grand Slam,Outdoor,Hard,1st Round,5,Karlovic I.,Fish M.,94,139.0,440.0,300.0,7.0,6.0,6,3,5,7,7.0,6.0,,,3.0,1.0,Completed,1.5,2.5,1.55,2.4,1.45,2.65,1.5,2.2,1.481,2.88
ATP,2005,51,New York,US Open,2005-08-30,Grand Slam,Outdoor,Hard,1st Round,5,Agassi A.,Sabau R.,7,82.0,2190.0,495.0,6.0,3.0,6,3,6,1,,,,,3.0,0.0,Completed,1.01,13.0,1.02,12.0,1.02,16.0,1.02,8.0,1.025,34.5
ATP,2005,51,New York,US Open,2005-08-30,Grand Slam,Outdoor,Hard,1st Round,5,Lopez F.,Volandri F.,21,37.0,1260.0,905.0,6.0,2.0,4,6,7,6,6.0,1.0,,,3.0,1.0,Completed,1.1,6.5,1.1,6.5,1.11,5.84,1.15,4.0,1.111,8.75
ATP,2005,51,New York,US Open,2005-08-30,Grand Slam,Outdoor,Hard,1st Round,5,Verdasco F.,Henman T.,48,12.0,770.0,1545.0,6.0,4.0,6,2,6,2,,,,,3.0,0.0,Completed,1.72,2.0,1.83,1.93,1.75,2.05,1.95,1.65,1.82,2.12
ATP,2005,51,New York,US Open,2005-08-30,Grand Slam,Outdoor,Hard,1st Round,5,Federer R.,Minar I.,1,77.0,6975.0,509.0,6.0,1.0,6,1,6,1,,,,,3.0,0.0,Completed,1.01,15.0,1.01,14.0,1.02,22.0,1.02,8.0,1.013,56.0
ATP,2005,51,New York,US Open,2005-08-30,Grand Slam,Outdoor,Hard,1st Round,5,Ancic M.,Lee H.T.,24,64.0,1230.0,578.0,6.0,2.0,6,1,7,5,,,,,3.0,0.0,Completed,1.19,4.33,1.25,3.85,1.2,4.25,1.2,3.6,1.246,4.66
ATP,2005,51,New York,US Open,2005-08-30,Grand Slam,Outdoor,Hard,1st Round,5,Djokovic N.,Monfils G.,97,43.0,431.0,825.0,7.0,5.0,4,6,7,5,0.0,6.0,7.0,5.0,3.0,2.0,Completed,2.5,1.5,2.4,1.55,2.53,1.48,2.35,1.45,2.47,1.637
ATP,2005,51,New York,US Open,2005-08-30,Grand Slam,Outdoor,Hard,1st Round,5,Capdeville P.,Mathieu P.H.,157,45.0,275.0,803.0,6.0,2.0,4,6,7,5,6.0,2.0,,,3.0,1.0,Completed,7.0,1.08,7.25,1.08,9.48,1.05,5.0,1.1,11.5,1.08
ATP,2005,51,New York,US Open,2005-08-30,Grand Slam,Outdoor,Hard,1st Round,5,Schuettler R.,Starace P.,98,100.0,420.0,418.0,6.0,1.0,6,4,1,6,7.0,6.0,,,3.0,1.0,Completed,1.53,2.37,1.62,2.25,1.65,2.15,1.5,2.2,1.714,2.3
ATP,2005,51,New York,US Open,2005-08-30,Grand Slam,Outdoor,Hard,1st Round,5,Wawrinka S.,Ram R.,62,218.0,587.0,178.0,2.0,6.0,6,4,7,6,6.0,7.0,7.0,5.0,3.0,2.0,Completed,1.61,2.2,1.62,2.25,1.6,2.3,1.5,2.2,1.61,2.54
ATP,2005,51,New York,US Open,2005-08-30,Grand Slam,Outdoor,Hard,1st Round,5,Grosjean S.,Hernandez O.,35,78.0,960.0,503.0,6.0,2.0,6,3,6,2,,,,,3.0,0.0,Completed,1.03,10.0,1.02,12.0,1.07,7.19,1.03,7.0,1.05,17.5
ATP,2005,51,New York,US Open,2005-08-30,Grand Slam,Outdoor,Hard,1st Round,5,Spadea V.,Weiner G.,47,205.0,780.0,192.0,6.0,4.0,6,2,6,0,,,,,3.0,0.0,Completed,1.33,3.25,1.33,3.2,1.3,3.35,1.35,2.7,1.33,3.73
ATP,2005,51,New York,US Open,2005-08-30,Grand Slam,Outdoor,Hard,1st Round,5,Kuerten G.,Goldstein P.,357,65.0,85.0,551.0,6.0,2.0,6,7,6,3,7.0,6.0,,,3.0,1.0,Completed,3.0,1.36,3.1,1.35,3.12,1.34,2.5,1.4,3.81,1.322
ATP,2005,51,New York,US Open,2005-08-30,Grand Slam,Outdoor,Hard,1st Round,5,Blake J.,Rusedski G.,49,30.0,740.0,1063.0,7.0,5.0,7,6,6,3,,,,,3.0,0.0,Completed,1.72,2.0,1.7,2.1,1.73,2.03,1.7,1.9,1.676,2.38
ATP,2005,51,New York,US Open,2005-08-30,Grand Slam,Outdoor,Hard,1st Round,5,Santoro F.,Melzer J.,76,41.0,509.0,830.0,6.0,2.0,6,1,6,3,,,,,3.0,0.0,Completed,1.57,2.25,1.6,2.3,1.6,2.3,,,1.667,2.4
ATP,2005,51,New York,US Open,2005-08-30,Grand Slam,Outdoor,Hard,1st Round,5,Moya C.,Llodra M.,33,71.0,1030.0,515.0,6.0,4.0,6,4,2,1,,,,,2.0,0.0,Retired,1.14,5.0,1.12,6.0,1.17,4.67,1.2,3.6,1.156,6.8
ATP,2005,51,New York,US Open,2005-08-30,Grand Slam,Outdoor,Hard,1st Round,5,Nalbandian D.,Bogomolov A.,11,186.0,1700.0,225.0,6.0,2.0,7,5,6,4,,,,,3.0,0.0,Completed,1.08,7.0,1.05,9.0,1.05,8.5,1.1,5.0,1.091,10.0
ATP,2005,51,New York,US Open,2005-08-30,Grand Slam,Outdoor,Hard,1st Round,5,Wessels P.,Rochus C.,103,53.0,413.0,704.0,6.0,7.0,6,3,6,4,6.0,4.0,,,3.0,1.0,Completed,2.2,1.61,2.25,1.62,2.53,1.48,2.0,1.6,2.5,1.625
ATP,2005,51,New York,US Open,2005-08-30,Grand Slam,Outdoor,Hard,1st Round,5,Sanguinetti D.,Arthurs W.,59,99.0,639.0,420.0,6.0,3.0,6,3,7,6,,,,,3.0,0.0,Completed,1.72,2.0,1.83,1.93,1.75,2.05,1.8,1.8,1.787,2.17
ATP,2005,51,New York,US Open,2005-08-30,Grand Slam,Outdoor,Hard,1st Round,5,Nieminen J.,Beck K.,57,36.0,667.0,922.0,6.0,4.0,2,6,7,5,0.0,6.0,7.0,5.0,3.0,2.0,Completed,2.25,1.57,2.25,1.62,2.15,1.65,2.0,1.6,2.56,1.602
ATP,2005,51,New York,US Open,2005-08-30,Grand Slam,Outdoor,Hard,1st Round,5,Stepanek R.,Lapentti N.,18,83.0,1390.0,487.0,7.0,5.0,7,6,6,1,,,,,3.0,0.0,Completed,1.44,2.62,1.5,2.55,1.53,2.4,1.4,2.5,1.588,2.6
ATP,2005,51,New York,US Open,2005-08-30,Grand Slam,Outdoor,Hard,1st Round,5,Montanes A.,Hanescu V.,86,40.0,469.0,833.0,6.0,4.0,3,6,6,3,2.0,1.0,,,2.0,1.0,Retired,8.0,1.06,8.5,1.06,7.19,1.07,5.0,1.1,10.75,1.085
ATP,2005,51,New York,US Open,2005-08-30,Grand Slam,Outdoor,Hard,1st Round,5,Rochus O.,Vik R.,29,84.0,1100.0,481.0,5.0,7.0,6,2,6,2,6.0,2.0,,,3.0,1.0,Completed,1.28,3.5,1.3,3.4,1.26,3.59,1.25,3.2,1.331,3.72
ATP,2005,51,New York,US Open,2005-08-30,Grand Slam,Outdoor,Hard,1st Round,5,Clement A.,Ferrero J.C.,91,22.0,449.0,1255.0,7.0,5.0,7,5,6,1,,,,,3.0,0.0,Completed,4.0,1.22,4.4,1.2,4.67,1.17,3.2,1.25,5.06,1.224
ATP,2005,51,New York,US Open,2005-08-30,Grand Slam,Outdoor,Hard,1st Round,5,Kiefer N.,Vanek J.,38,92.0,900.0,444.0,6.0,4.0,6,2,6,2,,,,,3.0,0.0,Completed,1.08,7.0,1.06,8.5,1.07,7.19,1.05,6.0,1.074,12.5
ATP,2005,51,New York,US Open,2005-08-30,Grand Slam,Outdoor,Hard,1st Round,5,Murray A.,Pavel A.,122,39.0,358.0,855.0,6.0,3.0,3,6,3,6,6.0,1.0,6.0,4.0,3.0,2.0,Completed,1.61,2.2,1.65,2.2,1.64,2.17,1.7,1.9,1.617,2.52
ATP,2005,51,New York,US Open,2005-08-30,Grand Slam,Outdoor,Hard,1st Round,5,Phau B.,Popp A.,108,294.0,399.0,122.0,6.0,1.0,6,3,6,3,,,,,3.0,0.0,Completed,2.1,1.66,2.1,1.7,1.85,1.9,,,2.24,1.746
ATP,2005,51,New York,US Open,2005-08-30,Grand Slam,Outdoor,Hard,1st Round,5,Gonzalez F.,Moodie W.,23,110.0,1255.0,396.0,4.0,6.0,6,4,7,5,7.0,5.0,,,3.0,1.0,Completed,1.25,3.75,1.28,3.55,1.32,3.22,1.25,3.2,1.308,3.95
ATP,2005,51,New York,US Open,2005-08-30,Grand Slam,Outdoor,Hard,1st Round,5,Tursunov D.,Baghdatis M.,138,73.0,302.0,514.0,6.0,4.0,6,3,6,7,6.0,2.0,,,3.0,1.0,Completed,1.61,2.2,1.62,2.25,1.6,2.3,1.5,2.2,1.595,2.58
ATP,2005,51,New York,US Open,2005-08-30,Grand Slam,Outdoor,Hard,1st Round,5,Mirnyi M.,Gimelstob J.,32,96.0,1055.0,433.0,6.0,2.0,7,5,6,2,,,,,3.0,0.0,Completed,1.36,3.0,1.37,3.0,1.4,2.85,1.4,2.5,1.417,3.2
ATP,2005,51,New York,US Open,2005-08-31,Grand Slam,Outdoor,Hard,1st Round,5,Serra F.,Koubek S.,74,85.0,511.0,478.0,6.0,1.0,6,4,4,6,6.0,4.0,,,3.0,1.0,Completed,2.5,1.5,2.45,1.53,2.45,1.5,2.1,1.55,2.68,1.562
ATP,2005,51,New York,US Open,2005-08-31,Grand Slam,Outdoor,Hard,1st Round,5,Davydenko N.,Zib T.,6,60.0,2215.0,638.0,6.0,2.0,6,0,6,4,,,,,3.0,0.0,Completed,1.16,4.5,1.16,5.0,1.13,5.5,1.15,4.0,1.204,5.5
ATP,2005,51,New York,US Open,2005-08-31,Grand Slam,Outdoor,Hard,1st Round,5,Srichaphan P.,El Aynaoui Y.,51,331.0,715.0,99.0,6.0,4.0,6,3,6,0,,,,,3.0,0.0,Completed,1.16,4.5,1.2,4.5,1.18,4.45,1.2,3.6,1.273,4.26
ATP,2005,51,New York,US Open,2005-08-31,Grand Slam,Outdoor,Hard,1st Round,5,Ginepri R.,Garcia-Lopez G.,46,88.0,795.0,456.0,6.0,3.0,6,2,7,6,,,,,3.0,0.0,Completed,1.1,6.5,1.08,7.25,1.1,6.75,1.15,4.0,1.1,9.0
ATP,2005,51,New York,US Open,2005-08-31,Grand Slam,Outdoor,Hard,1st Round,5,Muller G.,Roddick A.,68,3.0,531.0,3370.0,7.0,6.0,7,6,7,6,,,,,3.0,0.0,Completed,9.0,1.04,9.0,1.05,9.25,1.04,6.0,1.05,15.75,1.055
ATP,2005,51,New York,US Open,2005-08-31,Grand Slam,Outdoor,Hard,1st Round,5,Hewitt L.,Costa A.,4,104.0,3335.0,410.0,6.0,1.0,6,2,6,1,,,,,3.0,0.0,Completed,1.02,11.0,1.03,11.0,1.04,14.0,1.03,7.0,1.027,30.5
ATP,2005,51,New York,US Open,2005-08-31,Grand Slam,Outdoor,Hard,1st Round,5,Almagro N.,Carlsen K.,95,55.0,436.0,685.0,7.0,6.0,7,5,6,4,,,,,3.0,0.0,Completed,2.25,1.57,2.3,1.6,2.03,1.73,1.95,1.65,2.36,1.685
ATP,2005,51,New York,US Open,2005-08-31,Grand Slam,Outdoor,Hard,1st Round,5,Lammer M.,Kim K.,282,70.0,131.0,516.0,3.0,6.0,6,3,7,5,6.0,4.0,,,3.0,1.0,Completed,3.5,1.28,3.0,1.37,3.22,1.32,2.5,1.4,3.64,1.352
ATP,2005,51,New York,US Open,2005-08-31,Grand Slam,Outdoor,Hard,1st Round,5,Acasuso J.,Horna L.,44,63.0,818.0,580.0,4.0,6.0,6,3,6,4,7.0,6.0,,,3.0,1.0,Completed,1.72,2.0,1.77,2.0,1.7,2.1,1.8,1.8,1.769,2.2
ATP,2005,51,New York,US Open,2005-08-31,Grand Slam,Outdoor,Hard,1st Round,5,Hrbaty D.,Seppi A.,17,69.0,1391.0,530.0,6.0,2.0,6,4,6,7,6.0,2.0,,,3.0,1.0,Completed,1.22,4.0,1.2,4.4,1.23,3.89,1.3,2.9,1.25,4.6
ATP,2005,51,New York,US Open,2005-08-31,Grand Slam,Outdoor,Hard,1st Round,5,Dent T.,Burgsmuller L.,27,90.0,1190.0,453.0,6.0,3.0,3,6,6,1,6.0,4.0,,,3.0,1.0,Completed,1.08,7.0,1.08,7.25,1.1,6.75,1.15,4.0,1.116,8.85
ATP,2005,51,New York,US Open,2005-08-31,Grand Slam,Outdoor,Hard,1st Round,5,Ferrer D.,Calleri A.,15,67.0,1420.0,547.0,4.0,6.0,6,4,6,7,6.0,1.0,6.0,1.0,3.0,2.0,Completed,1.22,4.0,1.18,4.65,1.2,4.25,1.25,3.2,1.265,4.47
ATP,2005,51,New York,US Open,2005-08-31,Grand Slam,Outdoor,Hard,1st Round,5,Kucera K.,Philippoussis M.,141,209.0,292.0,188.0,6.0,4.0,6,2,7,5,,,,,3.0,0.0,Completed,2.5,1.5,2.55,1.5,2.3,1.6,2.35,1.45,2.52,1.617
ATP,2005,51,New York,US Open,2005-09-01,Grand Slam,Outdoor,Hard,2nd Round,5,Massu N.,Novak J.,58,25.0,665.0,1230.0,,,,,,,,,,,,,Walkover,2.37,1.53,2.55,1.5,2.25,1.6,2.2,1.5,2.56,1.602
ATP,2005,51,New York,US Open,2005-09-01,Grand Slam,Outdoor,Hard,2nd Round,5,Nadal R.,Jenkins S.,2,352.0,4320.0,87.0,6.0,4.0,7,5,6,4,,,,,3.0,0.0,Completed,1.01,15.0,1.01,14.0,1.03,13.5,1.02,8.0,1.017,48.87
ATP,2005,51,New York,US Open,2005-09-01,Grand Slam,Outdoor,Hard,2nd Round,5,Malisse X.,Baker B.,54,195.0,701.0,202.0,6.0,7.0,6,2,6,3,6.0,4.0,,,3.0,1.0,Completed,1.19,4.33,1.2,4.4,1.2,4.25,1.25,3.2,1.244,4.7
ATP,2005,51,New York,US Open,2005-09-01,Grand Slam,Outdoor,Hard,2nd Round,5,Robredo T.,Kuerten G.,20,357.0,1350.0,85.0,5.0,7.0,7,6,6,3,6.0,2.0,,,3.0,1.0,Completed,1.22,4.0,1.25,3.85,1.2,4.25,1.25,3.2,1.324,3.79
ATP,2005,51,New York,US Open,2005-09-01,Grand Slam,Outdoor,Hard,2nd Round,5,Youzhny M.,Bjorkman J.,26,111.0,1220.0,393.0,6.0,4.0,6,4,6,3,,,,,3.0,0.0,Completed,1.25,3.75,1.22,4.1,1.15,5.05,1.25,3.2,1.216,5.22
ATP,2005,51,New York,US Open,2005-09-01,Grand Slam,Outdoor,Hard,2nd Round,5,Grosjean S.,Johansson T.,35,14.0,960.0,1460.0,6.0,3.0,6,2,4,6,6.0,2.0,,,3.0,1.0,Completed,1.8,1.9,1.77,2.0,1.85,1.9,1.75,1.85,1.909,2.0
ATP,2005,51,New York,US Open,2005-09-01,Grand Slam,Outdoor,Hard,2nd Round,5,Ginepri R.,Muller G.,46,68.0,795.0,531.0,6.0,1.0,6,1,6,4,,,,,3.0,0.0,Completed,1.57,2.25,1.55,2.4,1.42,2.75,1.45,2.35,1.575,2.64
ATP,2005,51,New York,US Open,2005-09-01,Grand Slam,Outdoor,Hard,2nd Round,5,Wawrinka S.,Puerta M.,62,10.0,587.0,1717.0,3.0,6.0,6,4,6,3,6.0,7.0,6.0,1.0,3.0,2.0,Completed,2.75,1.39,2.85,1.4,2.9,1.38,2.7,1.35,3.34,1.394
ATP,2005,51,New York,US Open,2005-09-01,Grand Slam,Outdoor,Hard,2nd Round,5,Agassi A.,Karlovic I.,7,94.0,2190.0,440.0,7.0,6.0,7,6,7,6,,,,,3.0,0.0,Completed,1.08,7.0,1.08,7.25,1.1,6.75,1.1,5.0,1.147,7.12
ATP,2005,51,New York,US Open,2005-09-01,Grand Slam,Outdoor,Hard,2nd Round,5,Coria G.,Spadea V.,8,47.0,1765.0,780.0,6.0,2.0,6,3,6,2,,,,,3.0,0.0,Completed,1.22,4.0,1.25,3.85,1.2,4.25,1.25,3.2,1.281,4.26
ATP,2005,51,New York,US Open,2005-09-01,Grand Slam,Outdoor,Hard,2nd Round,5,Soderling R.,Lopez F.,42,21.0,825.0,1260.0,6.0,2.0,6,2,7,6,,,,,3.0,0.0,Completed,2.2,1.61,2.1,1.7,2.0,1.75,1.95,1.65,2.18,1.781
ATP,2005,51,New York,US Open,2005-09-01,Grand Slam,Outdoor,Hard,2nd Round,5,Haas T.,Schuettler R.,31,98.0,1055.0,420.0,7.0,6.0,6,2,6,0,,,,,3.0,0.0,Completed,1.33,3.25,1.37,3.0,1.35,3.1,1.3,2.9,1.362,3.56
ATP,2005,51,New York,US Open,2005-09-01,Grand Slam,Outdoor,Hard,2nd Round,5,Ljubicic I.,Saulnier C.,19,75.0,1360.0,510.0,7.0,6.0,5,7,6,4,6.0,4.0,,,3.0,1.0,Completed,1.28,3.5,1.33,3.2,1.35,3.1,1.3,2.9,1.407,3.26
ATP,2005,51,New York,US Open,2005-09-01,Grand Slam,Outdoor,Hard,2nd Round,5,Berdych T.,Mello R.,34,56.0,965.0,675.0,6.0,3.0,6,2,6,0,,,,,3.0,0.0,Completed,1.16,4.5,1.18,4.65,1.15,5.2,1.2,3.6,1.19,5.75
ATP,2005,51,New York,US Open,2005-09-02,Grand Slam,Outdoor,Hard,2nd Round,5,Gasquet R.,Galimberti G.,13,236.0,1489.0,159.0,6.0,1.0,3,6,6,3,3.0,2.0,,,2.0,1.0,Retired,1.05,8.5,1.12,6.0,1.1,6.75,1.1,5.0,1.1,9.0
ATP,2005,51,New York,US Open,2005-09-02,Grand Slam,Outdoor,Hard,2nd Round,5,Blake J.,Andreev I.,49,52.0,740.0,709.0,6.0,2.0,6,2,6,4,,,,,3.0,0.0,Completed,1.22,4.0,1.28,3.55,1.25,3.9,1.35,2.7,1.31,3.93
ATP,2005,51,New York,US Open,2005-09-02,Grand Slam,Outdoor,Hard,2nd Round,5,Dent T.,Almagro N.,27,95.0,1190.0,436.0,6.0,3.0,6,2,4,6,7.0,5.0,,,3.0,1.0,Completed,1.16,4.5,1.2,4.4,1.25,3.65,1.2,3.6,1.246,4.66
ATP,2005,51,New York,US Open,2005-09-02,Grand Slam,Outdoor,Hard,2nd Round,5,Srichaphan P.,Davydenko N.,51,6.0,715.0,2215.0,6.0,4.0,7,5,6,3,,,,,3.0,0.0,Completed,3.39,1.3,2.85,1.4,3.35,1.3,2.35,1.45,3.89,1.313
ATP,2005,51,New York,US Open,2005-09-02,Grand Slam,Outdoor,Hard,2nd Round,5,Verdasco F.,Capdeville P.,48,157.0,770.0,275.0,6.0,4.0,6,2,7,5,,,,,3.0,0.0,Completed,1.08,7.0,1.08,7.25,1.07,7.19,1.1,5.0,1.144,7.25
ATP,2005,51,New York,US Open,2005-09-02,Grand Slam,Outdoor,Hard,2nd Round,5,Mirnyi M.,Serra F.,32,74.0,1055.0,511.0,7.0,6.0,6,7,6,4,7.0,6.0,,,3.0,1.0,Completed,1.22,4.0,1.28,3.55,1.3,3.35,1.2,3.6,1.295,4.09
ATP,2005,51,New York,US Open,2005-09-02,Grand Slam,Outdoor,Hard,2nd Round,5,Sanguinetti D.,Moya C.,59,33.0,639.0,1030.0,3.0,6.0,6,1,6,2,6.0,4.0,,,3.0,1.0,Completed,4.33,1.19,5.0,1.16,4.35,1.2,4.0,1.15,5.2,1.217
ATP,2005,51,New York,US Open,2005-09-02,Grand Slam,Outdoor,Hard,2nd Round,5,Nieminen J.,Phau B.,57,108.0,667.0,399.0,6.0,2.0,6,4,5,7,6.0,4.0,,,3.0,1.0,Completed,1.25,3.75,1.3,3.4,1.32,3.22,1.25,3.2,1.314,3.88
ATP,2005,51,New York,US Open,2005-09-02,Grand Slam,Outdoor,Hard,2nd Round,5,Hewitt L.,Acasuso J.,4,44.0,3335.0,818.0,7.0,6.0,7,6,6,2,,,,,3.0,0.0,Completed,1.05,8.5,1.05,9.0,1.05,8.5,1.05,6.0,1.066,13.25
ATP,2005,51,New York,US Open,2005-09-02,Grand Slam,Outdoor,Hard,2nd Round,5,Djokovic N.,Ancic M.,97,24.0,431.0,1230.0,6.0,3.0,5,7,7,6,6.0,3.0,,,3.0,1.0,Completed,3.5,1.28,3.2,1.33,3.59,1.26,2.9,1.3,3.66,1.35
ATP,2005,51,New York,US Open,2005-09-02,Grand Slam,Outdoor,Hard,2nd Round,5,Ferrer D.,Kucera K.,15,141.0,1420.0,292.0,6.0,3.0,6,0,6,2,,,,,3.0,0.0,Completed,1.33,3.25,1.33,3.2,1.3,3.35,1.25,3.2,1.356,3.61
ATP,2005,51,New York,US Open,2005-09-02,Grand Slam,Outdoor,Hard,2nd Round,5,Hrbaty D.,Lammer M.,17,282.0,1391.0,131.0,6.0,1.0,6,1,6,3,,,,,3.0,0.0,Completed,1.1,6.5,1.12,6.0,1.1,6.75,1.15,4.0,1.091,10.0
ATP,2005,51,New York,US Open,2005-09-02,Grand Slam,Outdoor,Hard,2nd Round,5,Rochus O.,Montanes A.,29,86.0,1100.0,469.0,4.0,6.0,6,2,6,1,6.0,3.0,,,3.0,1.0,Completed,1.07,7.5,1.08,7.25,1.13,5.5,1.15,4.0,1.123,8.35
ATP,2005,51,New York,US Open,2005-09-02,Grand Slam,Outdoor,Hard,2nd Round,5,Clement A.,Murray A.,91,122.0,449.0,358.0,6.0,2.0,7,6,2,6,6.0,7.0,6.0,0.0,3.0,2.0,Completed,1.83,1.83,1.88,1.88,1.8,1.95,1.95,1.65,1.909,2.0
ATP,2005,51,New York,US Open,2005-09-02,Grand Slam,Outdoor,Hard,2nd Round,5,Kiefer N.,Stepanek R.,38,18.0,900.0,1390.0,4.0,6.0,4,6,6,4,6.0,3.0,6.0,3.0,3.0,2.0,Completed,1.39,2.75,1.4,2.85,1.33,3.15,1.45,2.35,1.455,3.0
ATP,2005,51,New York,US Open,2005-09-03,Grand Slam,Outdoor,Hard,2nd Round,5,Nalbandian D.,Wessels P.,11,103.0,1700.0,413.0,7.0,6.0,1,6,6,2,7.0,6.0,,,3.0,1.0,Completed,1.08,7.0,1.08,7.25,1.1,6.75,1.1,5.0,1.129,8.05
ATP,2005,51,New York,US Open,2005-09-03,Grand Slam,Outdoor,Hard,2nd Round,5,Gonzalez F.,Tursunov D.,23,138.0,1255.0,302.0,6.0,4.0,3,6,6,4,6.0,3.0,,,3.0,1.0,Completed,1.33,3.25,1.35,3.1,1.4,2.85,1.35,2.7,1.365,3.54
ATP,2005,51,New York,US Open,2005-09-03,Grand Slam,Outdoor,Hard,2nd Round,5,Federer R.,Santoro F.,1,76.0,6975.0,509.0,7.0,5.0,7,5,7,6,,,,,3.0,0.0,Completed,1.01,15.0,1.01,14.0,1.01,33.0,1.02,8.0,1.017,46.0
ATP,2005,51,New York,US Open,2005-09-03,Grand Slam,Outdoor,Hard,3rd Round,5,Gasquet R.,Ljubicic I.,13,19.0,1489.0,1360.0,3.0,6.0,7,6,6,7,6.0,3.0,6.0,2.0,3.0,2.0,Completed,1.66,2.1,1.85,1.95,1.7,2.1,1.6,2.0,1.962,1.943
ATP,2005,51,New York,US Open,2005-09-03,Grand Slam,Outdoor,Hard,3rd Round,5,Massu N.,Wawrinka S.,58,62.0,665.0,587.0,6.0,4.0,6,3,6,0,,,,,3.0,0.0,Completed,1.72,2.0,1.81,2.0,1.9,1.85,1.55,2.1,1.917,1.99
ATP,2005,51,New York,US Open,2005-09-03,Grand Slam,Outdoor,Hard,3rd Round,5,Blake J.,Nadal R.,49,2.0,740.0,4320.0,6.0,4.0,4,6,6,3,6.0,1.0,,,3.0,1.0,Completed,3.75,1.25,3.3,1.33,3.8,1.25,3.2,1.25,3.99,1.304
ATP,2005,51,New York,US Open,2005-09-03,Grand Slam,Outdoor,Hard,3rd Round,5,Coria G.,Soderling R.,8,42.0,1765.0,825.0,6.0,2.0,6,7,6,1,6.0,4.0,,,3.0,1.0,Completed,1.44,2.62,1.55,2.45,1.45,2.7,1.4,2.5,1.575,2.64
ATP,2005,51,New York,US Open,2005-09-03,Grand Slam,Outdoor,Hard,3rd Round,5,Agassi A.,Berdych T.,7,34.0,2190.0,965.0,3.0,6.0,6,1,6,4,7.0,6.0,,,3.0,1.0,Completed,1.25,3.75,1.3,3.5,1.28,3.46,1.2,3.6,1.362,3.56
ATP,2005,51,New York,US Open,2005-09-03,Grand Slam,Outdoor,Hard,3rd Round,5,Malisse X.,Youzhny M.,54,26.0,701.0,1220.0,5.0,7.0,1,6,6,1,7.0,5.0,7.0,6.0,3.0,2.0,Completed,2.37,1.53,2.35,1.6,2.525,1.485,2.35,1.45,2.77,1.524
ATP,2005,51,New York,US Open,2005-09-04,Grand Slam,Outdoor,Hard,3rd Round,5,Robredo T.,Grosjean S.,20,35.0,1350.0,960.0,6.0,4.0,7,5,6,7,7.0,6.0,,,3.0,1.0,Completed,2.62,1.44,2.75,1.45,3.0,1.35,2.2,1.5,3.03,1.448
ATP,2005,51,New York,US Open,2005-09-04,Grand Slam,Outdoor,Hard,3rd Round,5,Ginepri R.,Haas T.,46,31.0,795.0,1055.0,7.0,5.0,6,7,6,4,2.0,6.0,6.0,3.0,3.0,2.0,Completed,1.39,2.75,1.45,2.75,1.42,2.75,1.5,2.2,1.474,2.91
ATP,2005,51,New York,US Open,2005-09-04,Grand Slam,Outdoor,Hard,3rd Round,5,Hewitt L.,Dent T.,4,27.0,3335.0,1190.0,6.0,3.0,3,6,6,7,6.0,2.0,7.0,5.0,3.0,2.0,Completed,1.16,4.5,1.15,5.5,1.13,5.5,1.2,3.6,1.183,5.95
ATP,2005,51,New York,US Open,2005-09-04,Grand Slam,Outdoor,Hard,3rd Round,5,Hrbaty D.,Ferrer D.,17,15.0,1391.0,1420.0,6.0,7.0,7,5,7,5,7.0,5.0,,,3.0,1.0,Completed,2.1,1.66,2.1,1.73,2.0,1.75,1.9,1.7,2.18,1.781
ATP,2005,51,New York,US Open,2005-09-04,Grand Slam,Outdoor,Hard,3rd Round,5,Verdasco F.,Djokovic N.,48,97.0,770.0,431.0,6.0,1.0,4,6,6,7,6.0,4.0,6.0,4.0,3.0,2.0,Completed,1.39,2.75,1.47,2.65,1.45,2.6,1.4,2.5,1.543,2.74
ATP,2005,51,New York,US Open,2005-09-04,Grand Slam,Outdoor,Hard,3rd Round,5,Nieminen J.,Mirnyi M.,57,32.0,667.0,1055.0,6.0,3.0,7,6,3,6,6.0,3.0,,,3.0,1.0,Completed,2.25,1.57,2.4,1.57,2.35,1.55,2.2,1.5,2.49,1.629
ATP,2005,51,New York,US Open,2005-09-04,Grand Slam,Outdoor,Hard,3rd Round,5,Kiefer N.,Clement A.,38,91.0,900.0,449.0,6.0,4.0,6,7,6,4,6.0,1.0,,,3.0,1.0,Completed,1.44,2.62,1.42,2.85,1.4,2.85,1.45,2.35,1.467,2.94
ATP,2005,51,New York,US Open,2005-09-04,Grand Slam,Outdoor,Hard,3rd Round,5,Sanguinetti D.,Srichaphan P.,59,51.0,639.0,715.0,6.0,3.0,4,6,6,7,7.0,6.0,7.0,6.0,3.0,2.0,Completed,3.0,1.36,2.85,1.42,2.75,1.4,2.7,1.35,3.0,1.455
ATP,2005,51,New York,US Open,2005-09-05,Grand Slam,Outdoor,Hard,3rd Round,5,Federer R.,Rochus O.,1,29.0,6975.0,1100.0,6.0,3.0,7,6,6,2,,,,,3.0,0.0,Completed,1.01,12.0,1.01,16.0,1.02,25.0,1.03,7.0,1.016,49.4
ATP,2005,51,New York,US Open,2005-09-05,Grand Slam,Outdoor,Hard,3rd Round,5,Nalbandian D.,Gonzalez F.,11,23.0,1700.0,1255.0,7.0,5.0,6,3,6,0,,,,,3.0,0.0,Completed,1.66,2.1,1.73,2.1,1.75,2.0,1.65,1.95,1.709,2.31
ATP,2005,51,New York,US Open,2005-09-05,Grand Slam,Outdoor,Hard,4th Round,5,Coria G.,Massu N.,8,58.0,1765.0,665.0,6.0,4.0,2,6,6,7,6.0,2.0,6.0,2.0,3.0,2.0,Completed,1.19,4.33,1.2,4.55,1.2,4.45,1.25,3.2,1.196,5.6
ATP,2005,51,New York,US Open,2005-09-05,Grand Slam,Outdoor,Hard,4th Round,5,Agassi A.,Malisse X.,7,54.0,2190.0,701.0,6.0,3.0,6,4,6,7,4.0,6.0,6.0,2.0,3.0,2.0,Completed,1.14,5.0,1.13,6.0,1.13,5.5,1.15,4.0,1.142,7.35
ATP,2005,51,New York,US Open,2005-09-05,Grand Slam,Outdoor,Hard,4th Round,5,Blake J.,Robredo T.,49,20.0,740.0,1350.0,4.0,6.0,7,5,6,2,6.0,3.0,,,3.0,1.0,Completed,1.25,3.75,1.22,4.25,1.25,3.74,1.25,3.2,1.302,4.01
ATP,2005,51,New York,US Open,2005-09-06,Grand Slam,Outdoor,Hard,4th Round,5,Ginepri R.,Gasquet R.,46,13.0,795.0,1489.0,6.0,3.0,3,6,6,7,6.0,4.0,6.0,0.0,3.0,2.0,Completed,1.44,2.62,1.4,2.95,1.45,2.6,1.6,2.0,1.469,2.93
ATP,2005,51,New York,US Open,2005-09-06,Grand Slam,Outdoor,Hard,4th Round,5,Nieminen J.,Verdasco F.,57,48.0,667.0,770.0,6.0,2.0,7,6,6,3,,,,,3.0,0.0,Completed,2.5,1.5,2.45,1.55,2.45,1.5,2.2,1.5,2.53,1.613
ATP,2005,51,New York,US Open,2005-09-06,Grand Slam,Outdoor,Hard,4th Round,5,Hewitt L.,Hrbaty D.,4,17.0,3335.0,1391.0,6.0,1.0,6,4,6,2,,,,,3.0,0.0,Completed,1.14,5.0,1.17,5.0,1.17,4.67,1.2,3.6,1.2,5.5
ATP,2005,51,New York,US Open,2005-09-06,Grand Slam,Outdoor,Hard,4th Round,5,Federer R.,Kiefer N.,1,38.0,6975.0,900.0,6.0,4.0,6,7,6,3,6.0,4.0,,,3.0,1.0,Completed,1.02,11.0,1.03,12.0,1.03,20.0,1.05,6.0,1.043,19.5
ATP,2005,51,New York,US Open,2005-09-07,Grand Slam,Outdoor,Hard,4th Round,5,Nalbandian D.,Sanguinetti D.,11,59.0,1700.0,639.0,4.0,6.0,7,6,6,4,6.0,2.0,,,3.0,1.0,Completed,1.12,5.5,1.1,7.0,1.11,5.84,1.15,4.0,1.129,8.04
ATP,2005,51,New York,US Open,2005-09-07,Grand Slam,Outdoor,Hard,Quarterfinals,5,Ginepri R.,Coria G.,46,8.0,795.0,1765.0,4.0,6.0,6,1,7,5,3.0,6.0,7.0,5.0,3.0,2.0,Completed,1.5,2.5,1.57,2.4,1.58,2.47,1.65,1.95,1.625,2.5
ATP,2005,51,New York,US Open,2005-09-08,Grand Slam,Outdoor,Hard,Quarterfinals,5,Agassi A.,Blake J.,7,49.0,2190.0,740.0,3.0,6.0,3,6,6,3,6.0,3.0,7.0,6.0,3.0,2.0,Completed,1.66,2.1,1.77,2.05,1.89,1.96,1.8,1.8,2.26,1.704
ATP,2005,51,New York,US Open,2005-09-08,Grand Slam,Outdoor,Hard,Quarterfinals,5,Hewitt L.,Nieminen J.,4,57.0,3335.0,667.0,2.0,6.0,6,1,3,6,6.0,3.0,6.0,1.0,3.0,2.0,Completed,1.08,7.5,1.06,9.0,1.1,7.69,1.1,5.0,1.12,8.55
ATP,2005,51,New York,US Open,2005-09-09,Grand Slam,Outdoor,Hard,Quarterfinals,5,Federer R.,Nalbandian D.,1,11.0,6975.0,1700.0,6.0,2.0,6,4,6,1,,,,,3.0,0.0,Completed,1.07,8.0,1.08,8.0,1.11,7.4,1.1,5.0,1.131,7.9
ATP,2005,51,New York,US Open,2005-09-10,Grand Slam,Outdoor,Hard,Semifinals,5,Agassi A.,Ginepri R.,7,46.0,2190.0,795.0,6.0,4.0,5,7,6,3,4.0,6.0,6.0,3.0,3.0,2.0,Completed,1.36,3.2,1.37,3.1,1.41,3.0,1.45,2.35,1.405,3.27
ATP,2005,51,New York,US Open,2005-09-10,Grand Slam,Outdoor,Hard,Semifinals,5,Federer R.,Hewitt L.,1,4.0,6975.0,3335.0,6.0,3.0,7,6,4,6,6.0,3.0,,,3.0,1.0,Completed,1.08,7.5,1.1,7.0,1.11,7.4,1.1,5.0,1.116,8.86
ATP,2005,51,New York,US Open,2005-09-11,Grand Slam,Outdoor,Hard,The Final,5,Federer R.,Agassi A.,1,7.0,6975.0,2190.0,6.0,3.0,2,6,7,6,6.0,1.0,,,3.0,1.0,Completed,1.12,6.0,1.11,6.5,1.13,6.41,1.1,5.0,1.152,6.96
