Tour,Year,ATP,Location,Tournament,Date,Series,Court,Surface,Round,Best of,Winner,Loser,WRank,LRank,WPts,LPts,W1,L1,W2,L2,W3,L3,W4,L4,W5,L5,Wsets,Lsets,Comment,B365W,B365L,EXW,EXL,LBW,LBL,PSW,PSL,MaxW,MaxL,AvgW,AvgL
ATP,2016,6,Melbourne,Australian Open,2016-01-18,Grand Slam,Outdoor,Hard,1st Round,5,Basic M.,Haase R.,138.0,65.0,432.0,762.0,7.0,6.0,6.0,4.0,6.0,4.0,,,,,3.0,0.0,Completed,3.0,1.36,2.8,1.42,3.0,1.4,2.99,1.45,3.1,1.45,2.9,1.4
ATP,2016,6,Melbourne,Australian Open,2016-01-18,Grand Slam,Outdoor,Hard,1st Round,5,Goffin D.,Stakhovsky S.,16.0,60.0,1835.0,780.0,3.0,6.0,6.0,3.0,6.0,4.0,6.0,4.0,,,3.0,1.0,Completed,1.12,6.0,1.11,5.75,1.12,6.0,1.16,6.1,1.16,7.0,1.13,5.86
ATP,2016,6,Melbourne,Australian Open,2016-01-18,Grand Slam,Outdoor,Hard,1st Round,5,Dzumhur D.,Edmund K.,81.0,88.0,661.0,625.0,1.0,6.0,7.0,6.0,4.0,6.0,6.0,3.0,6.0,1.0,3.0,2.0,Completed,3.75,1.25,3.75,1.25,3.75,1.29,3.69,1.33,3.9,1.33,3.62,1.28
ATP,2016,6,Melbourne,Australian Open,2016-01-18,Grand Slam,Outdoor,Hard,1st Round,5,Brands D.,Estrella Burgos V.,151.0,55.0,393.0,797.0,6.0,4.0,7.0,6.0,4.0,6.0,6.0,1.0,,,3.0,1.0,Completed,1.4,2.75,1.38,3.0,1.4,3.0,1.37,3.39,1.45,3.39,1.38,3.03
ATP,2016,6,Melbourne,Australian Open,2016-01-18,Grand Slam,Outdoor,Hard,1st Round,5,Nishikori K.,Kohlschreiber P.,7.0,34.0,4235.0,1185.0,6.0,4.0,6.0,3.0,6.0,3.0,,,,,3.0,0.0,Completed,1.2,4.33,1.22,4.0,1.22,4.33,1.27,4.22,1.27,4.5,1.23,4.15
ATP,2016,6,Melbourne,Australian Open,2016-01-18,Grand Slam,Outdoor,Hard,1st Round,5,Krajicek A.,Wu D.,103.0,243.0,571.0,218.0,6.0,4.0,6.0,1.0,6.0,3.0,,,,,3.0,0.0,Completed,1.66,2.1,1.7,2.1,1.73,2.1,1.8,2.13,1.8,2.2,1.74,2.07
ATP,2016,6,Melbourne,Australian Open,2016-01-18,Grand Slam,Outdoor,Hard,1st Round,5,Thiem D.,Mayer L.,20.0,36.0,1645.0,1105.0,6.0,2.0,7.0,6.0,4.0,6.0,7.0,6.0,,,3.0,1.0,Completed,1.5,2.5,1.5,2.45,1.53,2.5,1.65,2.38,1.65,2.5,1.57,2.37
ATP,2016,6,Melbourne,Australian Open,2016-01-18,Grand Slam,Outdoor,Hard,1st Round,5,Delbonis F.,Karlovic I.,53.0,24.0,815.0,1485.0,7.0,6.0,6.0,4.0,2.0,1.0,,,,,2.0,0.0,Retired,4.0,1.22,3.75,1.25,4.0,1.25,3.79,1.31,4.0,1.31,3.74,1.27
ATP,2016,6,Melbourne,Australian Open,2016-01-18,Grand Slam,Outdoor,Hard,1st Round,5,Cilic M.,De Bakker T.,13.0,98.0,2405.0,607.0,6.0,7.0,7.0,5.0,6.0,2.0,6.0,4.0,,,3.0,1.0,Completed,1.07,9.0,1.07,8.0,1.08,8.0,1.09,9.65,1.09,9.65,1.07,8.22
ATP,2016,6,Melbourne,Australian Open,2016-01-18,Grand Slam,Outdoor,Hard,1st Round,5,Donskoy E.,Cervantes I.,91.0,72.0,620.0,703.0,6.0,4.0,3.0,6.0,6.0,1.0,6.0,4.0,,,3.0,1.0,Completed,1.4,2.75,1.58,2.35,1.57,2.38,1.49,2.84,1.61,2.84,1.55,2.43
ATP,2016,6,Melbourne,Australian Open,2016-01-18,Grand Slam,Outdoor,Hard,1st Round,5,Berdych T.,Bhambri Y.,6.0,96.0,4560.0,610.0,7.0,5.0,6.0,1.0,6.0,2.0,,,,,3.0,0.0,Completed,1.005,34.0,1.01,13.0,1.01,26.0,1.01,34.0,1.02,41.0,1.01,20.75
ATP,2016,6,Melbourne,Australian Open,2016-01-18,Grand Slam,Outdoor,Hard,1st Round,5,Herbert P.H.,Andujar P.,167.0,62.0,313.0,770.0,5.0,7.0,6.0,4.0,7.0,6.0,6.0,2.0,,,3.0,1.0,Completed,1.5,2.5,1.45,2.6,1.44,2.75,1.56,2.59,1.57,2.75,1.5,2.54
ATP,2016,6,Melbourne,Australian Open,2016-01-18,Grand Slam,Outdoor,Hard,1st Round,5,Almagro N.,Benneteau J.,73.0,696.0,694.0,38.0,6.0,3.0,6.0,7.0,6.0,3.0,7.0,6.0,,,3.0,1.0,Completed,1.22,4.0,1.25,3.75,1.29,3.75,1.29,3.97,1.29,4.1,1.25,3.89
ATP,2016,6,Melbourne,Australian Open,2016-01-18,Grand Slam,Outdoor,Hard,1st Round,5,Garcia-Lopez G.,Mathieu P.H.,27.0,97.0,1430.0,609.0,6.0,4.0,6.0,4.0,6.0,4.0,,,,,3.0,0.0,Completed,1.4,2.75,1.38,3.0,1.4,3.0,1.48,2.86,1.48,3.25,1.4,2.88
ATP,2016,6,Melbourne,Australian Open,2016-01-18,Grand Slam,Outdoor,Hard,1st Round,5,Simon G.,Pospisil V.,15.0,39.0,2145.0,1075.0,6.0,7.0,6.0,3.0,6.0,2.0,6.0,4.0,,,3.0,1.0,Completed,1.4,2.75,1.42,2.75,1.53,2.5,1.51,2.77,1.53,2.77,1.47,2.64
ATP,2016,6,Melbourne,Australian Open,2016-01-18,Grand Slam,Outdoor,Hard,1st Round,5,Ramos-Vinolas A.,Coric B.,61.0,40.0,773.0,1066.0,6.0,2.0,6.0,2.0,6.0,3.0,,,,,3.0,0.0,Completed,3.75,1.25,3.75,1.25,4.0,1.25,3.52,1.35,4.33,1.35,3.69,1.27
ATP,2016,6,Melbourne,Australian Open,2016-01-18,Grand Slam,Outdoor,Hard,1st Round,5,Olivo R.,Vesely J.,174.0,50.0,296.0,840.0,7.0,6.0,2.0,6.0,1.0,6.0,6.0,4.0,6.0,4.0,3.0,2.0,Completed,5.5,1.14,4.8,1.16,5.5,1.14,5.23,1.2,5.6,1.2,5.04,1.16
ATP,2016,6,Melbourne,Australian Open,2016-01-18,Grand Slam,Outdoor,Hard,1st Round,5,Djokovic N.,Chung H.,1.0,52.0,16790.0,821.0,6.0,3.0,6.0,2.0,6.0,4.0,,,,,3.0,0.0,Completed,1.002,41.0,1.0,25.0,1.0,34.0,1.01,51.0,1.01,51.0,1.01,24.99
ATP,2016,6,Melbourne,Australian Open,2016-01-18,Grand Slam,Outdoor,Hard,1st Round,5,Kudla D.,Krajinovic F.,69.0,102.0,727.0,574.0,6.0,2.0,6.0,1.0,,,,,,,2.0,0.0,Retired,1.36,3.0,1.35,3.0,1.4,3.0,1.42,3.14,1.44,3.15,1.38,2.99
ATP,2016,6,Melbourne,Australian Open,2016-01-18,Grand Slam,Outdoor,Hard,1st Round,5,Dolgopolov O.,Berankis R.,35.0,85.0,1160.0,641.0,6.0,1.0,3.0,6.0,6.0,4.0,6.0,2.0,,,3.0,1.0,Completed,1.18,4.5,1.2,4.3,1.22,4.33,1.22,4.87,1.22,4.87,1.2,4.45
ATP,2016,6,Melbourne,Australian Open,2016-01-18,Grand Slam,Outdoor,Hard,1st Round,5,Lajovic D.,Querrey S.,77.0,58.0,678.0,785.0,6.0,7.0,4.0,6.0,6.0,4.0,6.0,2.0,,,2.0,2.0,Retired,3.5,1.28,3.2,1.33,3.4,1.33,3.39,1.37,3.8,1.37,3.32,1.32
ATP,2016,6,Melbourne,Australian Open,2016-01-18,Grand Slam,Outdoor,Hard,1st Round,5,Cuevas P.,Nishioka Y.,41.0,117.0,1065.0,501.0,7.0,6.0,6.0,1.0,6.0,4.0,,,,,3.0,0.0,Completed,1.44,2.62,1.45,2.6,1.5,2.62,1.5,2.81,1.56,2.85,1.49,2.58
ATP,2016,6,Melbourne,Australian Open,2016-01-18,Grand Slam,Outdoor,Hard,1st Round,5,Rubin N.,Paire B.,328.0,18.0,146.0,1703.0,7.0,6.0,7.0,6.0,7.0,6.0,,,,,3.0,0.0,Completed,9.0,1.06,8.0,1.07,8.0,1.08,10.44,1.08,13.0,1.1,8.92,1.06
ATP,2016,6,Melbourne,Australian Open,2016-01-18,Grand Slam,Outdoor,Hard,1st Round,5,Halys Q.,Dodig I.,187.0,78.0,274.0,678.0,6.0,4.0,6.0,7.0,6.0,4.0,7.0,5.0,,,3.0,1.0,Completed,6.0,1.12,5.25,1.14,5.5,1.14,6.18,1.16,6.18,1.17,5.53,1.14
ATP,2016,6,Melbourne,Australian Open,2016-01-18,Grand Slam,Outdoor,Hard,1st Round,5,Jasika O.,Marchenko I.,310.0,76.0,159.0,688.0,6.0,4.0,3.0,6.0,6.0,0.0,6.0,4.0,,,3.0,1.0,Completed,6.0,1.12,5.4,1.13,5.5,1.14,6.62,1.14,6.62,1.18,5.48,1.14
ATP,2016,6,Melbourne,Australian Open,2016-01-18,Grand Slam,Outdoor,Hard,1st Round,5,Dimitrov G.,Lorenzi P.,28.0,57.0,1420.0,795.0,6.0,3.0,7.0,6.0,6.0,3.0,,,,,3.0,0.0,Completed,1.06,9.0,1.04,10.0,1.07,8.5,1.08,9.95,1.08,10.0,1.06,8.97
ATP,2016,6,Melbourne,Australian Open,2016-01-18,Grand Slam,Outdoor,Hard,1st Round,5,Seppi A.,Gabashvili T.,29.0,44.0,1290.0,933.0,3.0,6.0,7.0,6.0,6.0,4.0,7.0,6.0,,,3.0,1.0,Completed,1.61,2.2,1.62,2.2,1.62,2.25,1.65,2.38,1.67,2.45,1.62,2.25
ATP,2016,6,Melbourne,Australian Open,2016-01-18,Grand Slam,Outdoor,Hard,1st Round,5,Trungelliti M.,Kovalik J.,210.0,251.0,244.0,215.0,6.0,4.0,7.0,6.0,7.0,5.0,,,,,3.0,0.0,Completed,2.1,1.66,2.05,1.75,2.1,1.73,2.15,1.79,2.17,1.83,2.09,1.73
ATP,2016,6,Melbourne,Australian Open,2016-01-18,Grand Slam,Outdoor,Hard,1st Round,5,Federer R.,Basilashvili N.,3.0,118.0,8165.0,493.0,6.0,2.0,6.0,1.0,6.0,2.0,,,,,3.0,0.0,Completed,1.01,26.0,1.01,13.0,1.01,26.0,1.01,27.22,1.02,41.0,1.01,19.81
ATP,2016,6,Melbourne,Australian Open,2016-01-18,Grand Slam,Outdoor,Hard,1st Round,5,Kyrgios N.,Carreno-Busta P.,30.0,68.0,1260.0,734.0,6.0,2.0,7.0,5.0,6.0,2.0,,,,,3.0,0.0,Completed,1.1,7.0,1.11,6.0,1.11,6.5,1.11,7.91,1.13,7.91,1.1,6.73
ATP,2016,6,Melbourne,Australian Open,2016-01-18,Grand Slam,Outdoor,Hard,1st Round,5,Bautista R.,Klizan M.,21.0,43.0,1640.0,955.0,6.0,2.0,6.0,3.0,4.0,6.0,2.0,6.0,6.0,2.0,3.0,2.0,Completed,1.1,7.0,1.1,6.0,1.12,6.0,1.1,8.67,1.11,9.0,1.08,7.55
ATP,2016,6,Melbourne,Australian Open,2016-01-18,Grand Slam,Outdoor,Hard,1st Round,5,Tsonga J.W.,Baghdatis M.,10.0,46.0,2725.0,894.0,6.0,4.0,4.0,6.0,6.0,4.0,6.0,2.0,,,3.0,1.0,Completed,1.14,5.5,1.1,6.0,1.11,6.5,1.17,6.0,1.17,7.0,1.13,5.87
ATP,2016,6,Melbourne,Australian Open,2016-01-19,Grand Slam,Outdoor,Hard,1st Round,5,Kuznetsov An.,Harrison R.,74.0,134.0,693.0,448.0,7.0,5.0,6.0,4.0,6.0,4.0,,,,,3.0,0.0,Completed,1.36,3.0,1.38,2.9,1.4,3.0,1.46,2.93,1.48,3.1,1.41,2.87
ATP,2016,6,Melbourne,Australian Open,2016-01-19,Grand Slam,Outdoor,Hard,1st Round,5,Groth S.,Mannarino A.,67.0,48.0,747.0,880.0,7.0,6.0,6.0,4.0,3.0,6.0,6.0,3.0,,,3.0,1.0,Completed,2.62,1.44,2.6,1.45,2.62,1.5,2.56,1.58,2.75,1.58,2.54,1.5
ATP,2016,6,Melbourne,Australian Open,2016-01-19,Grand Slam,Outdoor,Hard,1st Round,5,Millman J.,Schwartzman D.,95.0,89.0,611.0,621.0,3.0,6.0,5.0,7.0,7.0,6.0,5.0,0.0,,,1.0,2.0,Retired,1.3,3.4,1.25,3.5,1.3,3.5,1.37,3.39,1.37,3.75,1.31,3.38
ATP,2016,6,Melbourne,Australian Open,2016-01-19,Grand Slam,Outdoor,Hard,1st Round,5,Raonic M.,Pouille L.,14.0,90.0,2270.0,621.0,6.0,1.0,6.0,4.0,6.0,4.0,,,,,3.0,0.0,Completed,1.06,10.0,1.06,8.25,1.05,10.0,1.05,13.89,1.07,13.89,1.05,9.91
ATP,2016,6,Melbourne,Australian Open,2016-01-19,Grand Slam,Outdoor,Hard,1st Round,5,Robert S.,Fratangelo B.,225.0,132.0,233.0,458.0,6.0,2.0,6.0,2.0,6.0,2.0,,,,,3.0,0.0,Completed,1.5,2.5,1.48,2.6,1.5,2.62,1.58,2.55,1.58,2.62,1.52,2.49
ATP,2016,6,Melbourne,Australian Open,2016-01-19,Grand Slam,Outdoor,Hard,1st Round,5,Chardy J.,Gulbis E.,31.0,79.0,1255.0,661.0,7.0,5.0,2.0,6.0,6.0,7.0,6.0,3.0,13.0,11.0,3.0,2.0,Completed,1.33,3.25,1.4,2.9,1.36,3.25,1.35,3.54,1.4,3.54,1.34,3.24
ATP,2016,6,Melbourne,Australian Open,2016-01-19,Grand Slam,Outdoor,Hard,1st Round,5,Muller G.,Fognini F.,38.0,23.0,1105.0,1515.0,7.0,6.0,7.0,6.0,6.0,7.0,7.0,6.0,,,3.0,1.0,Completed,1.72,2.0,1.72,2.05,1.8,2.0,1.81,2.11,1.81,2.19,1.74,2.07
ATP,2016,6,Melbourne,Australian Open,2016-01-19,Grand Slam,Outdoor,Hard,1st Round,5,Sousa J.,Kukushkin M.,33.0,94.0,1191.0,612.0,6.0,3.0,6.0,4.0,6.0,3.0,,,,,3.0,0.0,Completed,1.66,2.1,1.65,2.15,1.73,2.1,1.78,2.17,1.78,2.23,1.7,2.13
ATP,2016,6,Melbourne,Australian Open,2016-01-19,Grand Slam,Outdoor,Hard,1st Round,5,Ram R.,Anderson K.,93.0,12.0,617.0,2475.0,7.0,6.0,6.0,7.0,6.0,3.0,3.0,0.0,,,2.0,1.0,Retired,9.0,1.07,7.5,1.07,8.5,1.07,10.44,1.08,10.44,1.08,8.66,1.06
ATP,2016,6,Melbourne,Australian Open,2016-01-19,Grand Slam,Outdoor,Hard,1st Round,5,Granollers M.,Ebden M.,80.0,106.0,661.0,557.0,6.0,2.0,4.0,6.0,6.0,1.0,6.0,4.0,,,3.0,1.0,Completed,1.4,2.75,1.45,2.7,1.44,2.75,1.52,2.74,1.52,2.88,1.44,2.72
ATP,2016,6,Melbourne,Australian Open,2016-01-19,Grand Slam,Outdoor,Hard,1st Round,5,Murray A.,Zverev A.,2.0,83.0,8945.0,647.0,6.0,1.0,6.0,2.0,6.0,3.0,,,,,3.0,0.0,Completed,1.02,17.0,1.01,12.0,1.02,15.0,1.03,20.5,1.03,26.0,1.02,14.94
ATP,2016,6,Melbourne,Australian Open,2016-01-19,Grand Slam,Outdoor,Hard,1st Round,5,Lopez F.,Evans D.,19.0,185.0,1690.0,274.0,6.0,1.0,6.0,0.0,6.0,4.0,,,,,3.0,0.0,Completed,1.2,4.33,1.22,3.75,1.22,4.0,1.24,4.55,1.3,4.55,1.23,4.03
ATP,2016,6,Melbourne,Australian Open,2016-01-19,Grand Slam,Outdoor,Hard,1st Round,5,Pella G.,Darcis S.,75.0,110.0,693.0,538.0,2.0,6.0,3.0,6.0,6.0,3.0,7.0,5.0,6.0,1.0,3.0,2.0,Completed,1.53,2.37,1.52,2.45,1.62,2.25,1.56,2.61,1.73,2.61,1.56,2.41
ATP,2016,6,Melbourne,Australian Open,2016-01-19,Grand Slam,Outdoor,Hard,1st Round,5,Robredo T.,Jaziri M.,42.0,104.0,1000.0,566.0,7.0,5.0,3.0,6.0,4.0,6.0,7.0,6.0,8.0,6.0,3.0,2.0,Completed,1.28,3.5,1.25,3.5,1.29,3.75,1.33,3.65,1.33,3.8,1.29,3.53
ATP,2016,6,Melbourne,Australian Open,2016-01-19,Grand Slam,Outdoor,Hard,1st Round,5,Giraldo S.,Young D.,70.0,47.0,723.0,882.0,6.0,4.0,1.0,6.0,6.0,3.0,6.0,2.0,,,3.0,1.0,Completed,2.5,1.5,2.5,1.5,2.62,1.5,2.56,1.58,2.62,1.58,2.51,1.51
ATP,2016,6,Melbourne,Australian Open,2016-01-19,Grand Slam,Outdoor,Hard,1st Round,5,Verdasco F.,Nadal R.,45.0,5.0,900.0,5230.0,7.0,6.0,4.0,6.0,3.0,6.0,7.0,6.0,6.0,2.0,3.0,2.0,Completed,8.0,1.08,6.5,1.1,8.0,1.08,9.28,1.09,9.28,1.11,7.88,1.08
ATP,2016,6,Melbourne,Australian Open,2016-01-19,Grand Slam,Outdoor,Hard,1st Round,5,Isner J.,Janowicz J.,11.0,56.0,2495.0,795.0,6.0,3.0,7.0,6.0,6.0,3.0,,,,,3.0,0.0,Completed,1.2,4.33,1.2,4.0,1.22,4.33,1.27,4.18,1.28,4.5,1.22,4.13
ATP,2016,6,Melbourne,Australian Open,2016-01-19,Grand Slam,Outdoor,Hard,1st Round,5,Sela D.,Becker B.,87.0,101.0,633.0,597.0,6.0,1.0,6.0,3.0,2.0,6.0,6.0,2.0,,,3.0,1.0,Completed,1.83,1.83,1.82,1.9,1.91,1.91,1.91,2.0,1.91,2.05,1.85,1.93
ATP,2016,6,Melbourne,Australian Open,2016-01-19,Grand Slam,Outdoor,Hard,1st Round,5,Johnson S.,Bedene A.,32.0,49.0,1240.0,867.0,6.0,3.0,6.0,4.0,7.0,6.0,,,,,3.0,0.0,Completed,1.57,2.25,1.65,2.15,1.67,2.2,1.65,2.38,1.77,2.38,1.65,2.21
ATP,2016,6,Melbourne,Australian Open,2016-01-19,Grand Slam,Outdoor,Hard,1st Round,5,Smyczek T.,Gimeno-Traver D.,108.0,100.0,543.0,598.0,6.0,1.0,3.0,6.0,6.0,3.0,6.0,2.0,,,3.0,1.0,Completed,1.25,3.75,1.28,3.5,1.25,4.0,1.31,3.84,1.31,4.2,1.27,3.68
ATP,2016,6,Melbourne,Australian Open,2016-01-19,Grand Slam,Outdoor,Hard,1st Round,5,Bellucci T.,Thompson J.,37.0,143.0,1105.0,414.0,6.0,2.0,6.0,3.0,6.0,2.0,,,,,3.0,0.0,Completed,1.36,3.0,1.38,3.0,1.4,3.0,1.43,3.05,1.44,3.15,1.39,2.93
ATP,2016,6,Melbourne,Australian Open,2016-01-19,Grand Slam,Outdoor,Hard,1st Round,5,Monfils G.,Sugita Y.,25.0,124.0,1485.0,481.0,6.0,1.0,6.0,3.0,6.0,2.0,,,,,3.0,0.0,Completed,1.08,8.0,1.11,6.0,1.08,8.0,1.11,8.27,1.12,8.27,1.1,6.98
ATP,2016,6,Melbourne,Australian Open,2016-01-19,Grand Slam,Outdoor,Hard,1st Round,5,Mahut N.,Cecchinato M.,63.0,92.0,767.0,618.0,4.0,6.0,6.0,2.0,6.0,2.0,6.0,2.0,,,3.0,1.0,Completed,1.06,9.0,1.1,6.0,1.11,6.5,1.09,9.58,1.14,9.58,1.09,7.3
ATP,2016,6,Melbourne,Australian Open,2016-01-19,Grand Slam,Outdoor,Hard,1st Round,5,Bolelli S.,Baker B.,64.0,,765.0,,7.0,6.0,7.0,6.0,6.0,7.0,7.0,6.0,,,3.0,1.0,Completed,1.1,7.0,1.09,6.5,1.08,8.0,1.13,7.04,1.13,8.0,1.1,6.89
ATP,2016,6,Melbourne,Australian Open,2016-01-19,Grand Slam,Outdoor,Hard,1st Round,5,Tomic B.,Istomin D.,17.0,59.0,1720.0,781.0,6.0,7.0,6.0,4.0,6.0,4.0,6.0,4.0,,,3.0,1.0,Completed,1.2,4.33,1.2,4.3,1.17,5.0,1.26,4.39,1.26,5.0,1.21,4.3
ATP,2016,6,Melbourne,Australian Open,2016-01-19,Grand Slam,Outdoor,Hard,1st Round,5,Ferrer D.,Gojowczyk P.,8.0,223.0,4145.0,234.0,6.0,4.0,6.0,4.0,6.0,2.0,,,,,3.0,0.0,Completed,1.04,13.0,1.04,10.0,1.05,10.0,1.06,12.95,1.06,14.0,1.04,11.01
ATP,2016,6,Melbourne,Australian Open,2016-01-19,Grand Slam,Outdoor,Hard,1st Round,5,Stepanek R.,Ito T.,188.0,125.0,272.0,477.0,6.0,4.0,6.0,3.0,6.0,7.0,6.0,2.0,,,3.0,1.0,Completed,1.3,3.4,1.28,3.4,1.33,3.4,1.34,3.56,1.37,3.6,1.32,3.3
ATP,2016,6,Melbourne,Australian Open,2016-01-19,Grand Slam,Outdoor,Hard,1st Round,5,Rosol L.,Daniel T.,51.0,99.0,827.0,603.0,7.0,6.0,7.0,5.0,5.0,7.0,6.0,7.0,6.0,1.0,3.0,2.0,Completed,1.33,3.25,1.33,3.1,1.36,3.25,1.38,3.32,1.38,3.5,1.35,3.16
ATP,2016,6,Melbourne,Australian Open,2016-01-19,Grand Slam,Outdoor,Hard,1st Round,5,Sock J.,Fritz T.,22.0,155.0,1525.0,372.0,6.0,4.0,3.0,6.0,0.0,6.0,6.0,3.0,6.0,4.0,3.0,2.0,Completed,1.44,2.62,1.42,2.7,1.5,2.62,1.53,2.7,1.58,2.9,1.46,2.67
ATP,2016,6,Melbourne,Australian Open,2016-01-19,Grand Slam,Outdoor,Hard,1st Round,5,Troicki V.,Munoz-De La Nava D.,26.0,71.0,1475.0,718.0,4.0,6.0,4.0,6.0,6.0,1.0,7.0,6.0,6.0,3.0,3.0,2.0,Completed,1.12,6.0,1.12,5.75,1.11,6.5,1.14,6.7,1.15,7.0,1.12,6.08
ATP,2016,6,Melbourne,Australian Open,2016-01-19,Grand Slam,Outdoor,Hard,1st Round,5,Hewitt L.,Duckworth J.,308.0,129.0,160.0,460.0,7.0,6.0,6.0,2.0,6.0,4.0,,,,,3.0,0.0,Completed,1.44,2.62,1.5,2.45,1.53,2.5,1.55,2.64,1.56,2.75,1.5,2.56
ATP,2016,6,Melbourne,Australian Open,2016-01-19,Grand Slam,Outdoor,Hard,1st Round,5,Wawrinka S.,Tursunov D.,4.0,,6865.0,,7.0,6.0,6.0,3.0,,,,,,,2.0,0.0,Retired,1.01,26.0,1.01,13.0,1.02,17.0,1.01,34.0,1.02,34.0,1.01,19.84
ATP,2016,6,Melbourne,Australian Open,2016-01-20,Grand Slam,Outdoor,Hard,2nd Round,5,Nishikori K.,Krajicek A.,7.0,103.0,4235.0,571.0,6.0,3.0,7.0,6.0,6.0,3.0,,,,,3.0,0.0,Completed,1.03,15.0,1.02,12.0,1.03,12.0,1.03,18.8,1.04,18.8,1.03,13.52
ATP,2016,6,Melbourne,Australian Open,2016-01-20,Grand Slam,Outdoor,Hard,2nd Round,5,Goffin D.,Dzumhur D.,16.0,81.0,1835.0,661.0,6.0,4.0,0.0,6.0,6.0,4.0,6.0,2.0,,,3.0,1.0,Completed,1.04,13.0,1.04,10.0,1.05,10.0,1.05,13.89,1.06,14.92,1.04,11.09
ATP,2016,6,Melbourne,Australian Open,2016-01-20,Grand Slam,Outdoor,Hard,2nd Round,5,Delbonis F.,Olivo R.,53.0,174.0,815.0,296.0,7.0,6.0,3.0,6.0,6.0,7.0,7.0,5.0,6.0,2.0,3.0,2.0,Completed,1.36,3.0,1.35,3.1,1.36,3.25,1.38,3.35,1.38,3.4,1.35,3.13
ATP,2016,6,Melbourne,Australian Open,2016-01-20,Grand Slam,Outdoor,Hard,2nd Round,5,Thiem D.,Almagro N.,20.0,73.0,1645.0,694.0,6.0,3.0,6.0,1.0,6.0,3.0,,,,,3.0,0.0,Completed,1.36,3.0,1.38,3.0,1.4,3.0,1.42,3.11,1.42,3.25,1.37,3.04
ATP,2016,6,Melbourne,Australian Open,2016-01-20,Grand Slam,Outdoor,Hard,2nd Round,5,Simon G.,Donskoy E.,15.0,91.0,2145.0,620.0,6.0,3.0,5.0,7.0,7.0,6.0,4.0,6.0,7.0,5.0,3.0,2.0,Completed,1.11,6.5,1.12,5.75,1.1,7.0,1.14,6.9,1.14,7.0,1.12,6.17
ATP,2016,6,Melbourne,Australian Open,2016-01-20,Grand Slam,Outdoor,Hard,2nd Round,5,Federer R.,Dolgopolov O.,3.0,35.0,8165.0,1160.0,6.0,3.0,7.0,5.0,6.0,1.0,,,,,3.0,0.0,Completed,1.06,10.0,1.06,8.5,1.06,9.0,1.07,10.84,1.07,11.0,1.06,9.13
ATP,2016,6,Melbourne,Australian Open,2016-01-20,Grand Slam,Outdoor,Hard,2nd Round,5,Bautista R.,Lajovic D.,21.0,77.0,1640.0,678.0,4.0,6.0,6.0,2.0,4.0,6.0,6.0,2.0,6.0,1.0,3.0,2.0,Completed,1.12,6.0,1.12,5.6,1.14,5.5,1.12,7.71,1.16,7.71,1.12,6.13
ATP,2016,6,Melbourne,Australian Open,2016-01-20,Grand Slam,Outdoor,Hard,2nd Round,5,Berdych T.,Basic M.,6.0,138.0,4560.0,432.0,6.0,4.0,6.0,0.0,6.0,3.0,,,,,3.0,0.0,Completed,1.03,15.0,1.03,11.0,1.03,12.0,1.03,17.65,1.04,21.0,1.03,13.48
ATP,2016,6,Melbourne,Australian Open,2016-01-20,Grand Slam,Outdoor,Hard,2nd Round,5,Cilic M.,Ramos-Vinolas A.,13.0,61.0,2405.0,773.0,6.0,4.0,6.0,3.0,7.0,6.0,,,,,3.0,0.0,Completed,1.11,6.5,1.12,5.75,1.11,6.5,1.15,6.34,1.15,7.0,1.12,6.0
ATP,2016,6,Melbourne,Australian Open,2016-01-20,Grand Slam,Outdoor,Hard,2nd Round,5,Dimitrov G.,Trungelliti M.,28.0,210.0,1420.0,244.0,6.0,3.0,4.0,6.0,6.0,2.0,7.0,5.0,,,3.0,1.0,Completed,1.04,13.0,1.03,11.0,1.05,10.0,1.04,15.91,1.05,17.0,1.03,12.13
ATP,2016,6,Melbourne,Australian Open,2016-01-20,Grand Slam,Outdoor,Hard,2nd Round,5,Garcia-Lopez G.,Brands D.,27.0,151.0,1430.0,393.0,4.0,6.0,6.0,1.0,7.0,6.0,6.0,3.0,,,3.0,1.0,Completed,1.36,3.0,1.38,3.0,1.36,3.25,1.42,3.11,1.42,3.25,1.37,3.02
ATP,2016,6,Melbourne,Australian Open,2016-01-20,Grand Slam,Outdoor,Hard,2nd Round,5,Kyrgios N.,Cuevas P.,30.0,41.0,1260.0,1065.0,6.0,4.0,7.0,5.0,7.0,6.0,,,,,3.0,0.0,Completed,1.12,6.0,1.11,5.75,1.12,6.0,1.15,6.48,1.15,6.75,1.12,6.02
ATP,2016,6,Melbourne,Australian Open,2016-01-20,Grand Slam,Outdoor,Hard,2nd Round,5,Tsonga J.W.,Jasika O.,10.0,310.0,2725.0,159.0,7.0,5.0,6.0,1.0,6.0,4.0,,,,,3.0,0.0,Completed,1.02,17.0,1.02,12.0,1.03,12.0,1.02,21.68,1.04,23.5,1.02,15.13
ATP,2016,6,Melbourne,Australian Open,2016-01-20,Grand Slam,Outdoor,Hard,2nd Round,5,Herbert P.H.,Rubin N.,167.0,328.0,313.0,146.0,6.0,3.0,6.0,4.0,6.0,0.0,,,,,3.0,0.0,Completed,1.36,3.0,1.3,3.4,1.36,3.25,1.32,3.74,1.39,3.74,1.32,3.33
ATP,2016,6,Melbourne,Australian Open,2016-01-20,Grand Slam,Outdoor,Hard,2nd Round,5,Seppi A.,Kudla D.,29.0,69.0,1290.0,727.0,7.0,5.0,6.0,4.0,6.0,4.0,,,,,3.0,0.0,Completed,1.33,3.25,1.38,3.0,1.4,3.0,1.38,3.32,1.4,3.35,1.36,3.11
ATP,2016,6,Melbourne,Australian Open,2016-01-20,Grand Slam,Outdoor,Hard,2nd Round,5,Djokovic N.,Halys Q.,1.0,187.0,16790.0,274.0,6.0,1.0,6.0,2.0,7.0,6.0,,,,,3.0,0.0,Completed,1.0,51.0,1.0,28.0,1.0,34.0,1.0,81.0,1.01,91.0,1.01,32.55
ATP,2016,6,Melbourne,Australian Open,2016-01-21,Grand Slam,Outdoor,Hard,2nd Round,5,Isner J.,Granollers M.,11.0,80.0,2495.0,661.0,6.0,3.0,7.0,6.0,7.0,6.0,,,,,3.0,0.0,Completed,1.12,6.0,1.14,5.25,1.12,6.0,1.13,7.38,1.15,7.38,1.11,6.2
ATP,2016,6,Melbourne,Australian Open,2016-01-21,Grand Slam,Outdoor,Hard,2nd Round,5,Monfils G.,Mahut N.,25.0,63.0,1485.0,767.0,7.0,5.0,6.0,4.0,6.0,1.0,,,,,3.0,0.0,Completed,1.2,4.33,1.2,4.0,1.22,4.33,1.2,5.23,1.26,5.23,1.21,4.3
ATP,2016,6,Melbourne,Australian Open,2016-01-21,Grand Slam,Outdoor,Hard,2nd Round,5,Sousa J.,Giraldo S.,33.0,70.0,1191.0,723.0,6.0,3.0,7.0,5.0,3.0,6.0,6.0,1.0,,,3.0,1.0,Completed,1.36,3.0,1.38,3.0,1.4,3.0,1.5,2.8,1.5,3.1,1.41,2.89
ATP,2016,6,Melbourne,Australian Open,2016-01-21,Grand Slam,Outdoor,Hard,2nd Round,5,Robert S.,Ram R.,225.0,93.0,233.0,617.0,6.0,1.0,6.0,7.0,4.0,6.0,7.0,5.0,7.0,5.0,3.0,2.0,Completed,1.57,2.25,1.6,2.3,1.57,2.38,1.65,2.39,1.65,2.5,1.58,2.36
ATP,2016,6,Melbourne,Australian Open,2016-01-21,Grand Slam,Outdoor,Hard,2nd Round,5,Raonic M.,Robredo T.,14.0,42.0,2270.0,1000.0,7.0,6.0,7.0,6.0,7.0,5.0,,,,,3.0,0.0,Completed,1.07,9.0,1.07,8.0,1.07,8.5,1.07,10.98,1.08,10.98,1.06,8.84
ATP,2016,6,Melbourne,Australian Open,2016-01-21,Grand Slam,Outdoor,Hard,2nd Round,5,Lopez F.,Pella G.,19.0,75.0,1690.0,693.0,7.0,6.0,6.0,7.0,7.0,6.0,6.0,7.0,6.0,4.0,3.0,2.0,Completed,1.11,6.5,1.11,5.75,1.11,6.5,1.17,5.91,1.17,7.08,1.12,6.18
ATP,2016,6,Melbourne,Australian Open,2016-01-21,Grand Slam,Outdoor,Hard,2nd Round,5,Murray A.,Groth S.,2.0,67.0,8945.0,747.0,6.0,0.0,6.0,4.0,6.0,1.0,,,,,3.0,0.0,Completed,1.01,21.0,1.01,13.0,1.02,15.0,1.02,22.32,1.03,26.0,1.01,16.54
ATP,2016,6,Melbourne,Australian Open,2016-01-21,Grand Slam,Outdoor,Hard,2nd Round,5,Sela D.,Verdasco F.,87.0,45.0,633.0,900.0,4.0,6.0,6.0,3.0,6.0,3.0,7.0,6.0,,,3.0,1.0,Completed,4.0,1.22,4.0,1.2,4.0,1.25,4.05,1.29,4.25,1.29,3.91,1.24
ATP,2016,6,Melbourne,Australian Open,2016-01-21,Grand Slam,Outdoor,Hard,2nd Round,5,Troicki V.,Smyczek T.,26.0,108.0,1475.0,543.0,6.0,4.0,7.0,6.0,7.0,6.0,,,,,3.0,0.0,Completed,1.18,4.5,1.18,4.5,1.2,4.5,1.24,4.54,1.25,4.9,1.2,4.42
ATP,2016,6,Melbourne,Australian Open,2016-01-21,Grand Slam,Outdoor,Hard,2nd Round,5,Johnson S.,Bellucci T.,32.0,37.0,1240.0,1105.0,6.0,3.0,6.0,2.0,6.0,2.0,,,,,3.0,0.0,Completed,1.53,2.37,1.5,2.45,1.53,2.5,1.59,2.52,1.59,2.57,1.54,2.44
ATP,2016,6,Melbourne,Australian Open,2016-01-21,Grand Slam,Outdoor,Hard,2nd Round,5,Millman J.,Muller G.,95.0,38.0,611.0,1105.0,4.0,6.0,6.0,4.0,6.0,2.0,4.0,6.0,7.0,5.0,3.0,2.0,Completed,3.75,1.25,3.7,1.25,3.75,1.29,3.87,1.31,3.9,1.31,3.69,1.27
ATP,2016,6,Melbourne,Australian Open,2016-01-21,Grand Slam,Outdoor,Hard,2nd Round,5,Kuznetsov An.,Chardy J.,74.0,31.0,693.0,1255.0,6.0,4.0,7.0,6.0,7.0,6.0,,,,,3.0,0.0,Completed,2.1,1.66,2.3,1.58,2.2,1.67,2.23,1.74,2.3,1.77,2.16,1.68
ATP,2016,6,Melbourne,Australian Open,2016-01-21,Grand Slam,Outdoor,Hard,2nd Round,5,Rosol L.,Sock J.,51.0,22.0,827.0,1525.0,7.0,6.0,7.0,6.0,6.0,3.0,,,,,3.0,0.0,Completed,2.75,1.4,2.75,1.42,2.62,1.5,2.74,1.52,2.78,1.52,2.65,1.47
ATP,2016,6,Melbourne,Australian Open,2016-01-21,Grand Slam,Outdoor,Hard,2nd Round,5,Wawrinka S.,Stepanek R.,4.0,188.0,6865.0,272.0,6.0,2.0,6.0,3.0,6.0,4.0,,,,,3.0,0.0,Completed,1.06,9.0,1.08,7.25,1.08,8.0,1.07,10.71,1.08,10.71,1.07,8.58
ATP,2016,6,Melbourne,Australian Open,2016-01-21,Grand Slam,Outdoor,Hard,2nd Round,5,Ferrer D.,Hewitt L.,8.0,308.0,4145.0,160.0,6.0,2.0,6.0,4.0,6.0,4.0,,,,,3.0,0.0,Completed,1.12,6.0,1.12,5.75,1.11,6.5,1.15,6.34,1.15,6.5,1.13,5.91
ATP,2016,6,Melbourne,Australian Open,2016-01-21,Grand Slam,Outdoor,Hard,2nd Round,5,Tomic B.,Bolelli S.,17.0,64.0,1720.0,765.0,6.0,4.0,6.0,2.0,6.0,7.0,7.0,5.0,,,3.0,1.0,Completed,1.16,5.0,1.18,4.5,1.17,5.0,1.2,5.24,1.2,5.5,1.18,4.8
ATP,2016,6,Melbourne,Australian Open,2016-01-22,Grand Slam,Outdoor,Hard,3rd Round,5,Goffin D.,Thiem D.,16.0,20.0,1835.0,1645.0,6.0,1.0,3.0,6.0,7.0,6.0,7.0,5.0,,,3.0,1.0,Completed,2.37,1.53,2.5,1.5,2.5,1.53,2.47,1.63,2.6,1.67,2.42,1.56
ATP,2016,6,Melbourne,Australian Open,2016-01-22,Grand Slam,Outdoor,Hard,3rd Round,5,Nishikori K.,Garcia-Lopez G.,7.0,27.0,4235.0,1430.0,7.0,5.0,2.0,6.0,6.0,3.0,6.0,4.0,,,3.0,1.0,Completed,1.06,10.0,1.05,8.5,1.08,8.0,1.09,9.71,1.09,10.0,1.07,8.57
ATP,2016,6,Melbourne,Australian Open,2016-01-22,Grand Slam,Outdoor,Hard,3rd Round,5,Tsonga J.W.,Herbert P.H.,10.0,167.0,2725.0,313.0,6.0,4.0,7.0,6.0,7.0,6.0,,,,,3.0,0.0,Completed,1.08,8.0,1.08,7.25,1.1,7.0,1.1,8.78,1.11,9.4,1.08,7.55
ATP,2016,6,Melbourne,Australian Open,2016-01-22,Grand Slam,Outdoor,Hard,3rd Round,5,Federer R.,Dimitrov G.,3.0,28.0,8165.0,1420.0,6.0,4.0,3.0,6.0,6.0,1.0,6.0,4.0,,,3.0,1.0,Completed,1.08,7.5,1.11,6.0,1.1,7.0,1.09,9.92,1.11,10.0,1.08,7.82
ATP,2016,6,Melbourne,Australian Open,2016-01-22,Grand Slam,Outdoor,Hard,3rd Round,5,Simon G.,Delbonis F.,15.0,53.0,2145.0,815.0,6.0,3.0,6.0,2.0,6.0,1.0,,,,,3.0,0.0,Completed,1.16,5.0,1.13,5.5,1.14,5.5,1.18,5.91,1.19,6.23,1.15,5.51
ATP,2016,6,Melbourne,Australian Open,2016-01-22,Grand Slam,Outdoor,Hard,3rd Round,5,Djokovic N.,Seppi A.,1.0,29.0,16790.0,1290.0,6.0,1.0,7.0,5.0,7.0,6.0,,,,,3.0,0.0,Completed,1.01,26.0,1.01,13.0,1.01,26.0,1.01,51.0,1.01,58.0,1.01,23.17
ATP,2016,6,Melbourne,Australian Open,2016-01-22,Grand Slam,Outdoor,Hard,3rd Round,5,Bautista R.,Cilic M.,21.0,13.0,1640.0,2405.0,6.0,4.0,7.0,6.0,7.0,5.0,,,,,3.0,0.0,Completed,3.4,1.33,3.1,1.33,3.25,1.36,3.45,1.37,3.5,1.37,3.25,1.33
ATP,2016,6,Melbourne,Australian Open,2016-01-22,Grand Slam,Outdoor,Hard,3rd Round,5,Berdych T.,Kyrgios N.,6.0,30.0,4560.0,1260.0,6.0,3.0,6.0,4.0,1.0,6.0,6.0,4.0,,,3.0,1.0,Completed,1.66,2.2,1.68,2.15,1.62,2.25,1.71,2.3,1.75,2.3,1.66,2.21
ATP,2016,6,Melbourne,Australian Open,2016-01-23,Grand Slam,Outdoor,Hard,3rd Round,5,Isner J.,Lopez F.,11.0,19.0,2495.0,1690.0,6.0,7.0,7.0,6.0,6.0,2.0,6.0,4.0,,,3.0,1.0,Completed,1.44,2.75,1.45,2.7,1.5,2.62,1.54,2.71,1.54,2.88,1.48,2.65
ATP,2016,6,Melbourne,Australian Open,2016-01-23,Grand Slam,Outdoor,Hard,3rd Round,5,Raonic M.,Troicki V.,14.0,26.0,2270.0,1475.0,6.0,2.0,6.0,3.0,6.0,4.0,,,,,3.0,0.0,Completed,1.2,4.5,1.22,4.0,1.2,4.5,1.21,5.1,1.24,5.17,1.2,4.54
ATP,2016,6,Melbourne,Australian Open,2016-01-23,Grand Slam,Outdoor,Hard,3rd Round,5,Wawrinka S.,Rosol L.,4.0,51.0,6865.0,827.0,6.0,2.0,6.0,3.0,7.0,6.0,,,,,3.0,0.0,Completed,1.07,9.0,1.07,8.0,1.07,8.5,1.08,10.54,1.09,11.0,1.07,8.74
ATP,2016,6,Melbourne,Australian Open,2016-01-23,Grand Slam,Outdoor,Hard,3rd Round,5,Ferrer D.,Johnson S.,8.0,32.0,4145.0,1240.0,6.0,1.0,6.0,4.0,6.0,4.0,,,,,3.0,0.0,Completed,1.22,4.33,1.17,4.75,1.17,5.0,1.26,4.39,1.26,5.5,1.2,4.52
ATP,2016,6,Melbourne,Australian Open,2016-01-23,Grand Slam,Outdoor,Hard,3rd Round,5,Monfils G.,Robert S.,25.0,225.0,1485.0,233.0,7.0,5.0,6.0,3.0,6.0,2.0,,,,,3.0,0.0,Completed,1.06,10.0,1.06,8.5,1.07,8.5,1.08,10.69,1.08,11.2,1.06,8.61
ATP,2016,6,Melbourne,Australian Open,2016-01-23,Grand Slam,Outdoor,Hard,3rd Round,5,Kuznetsov An.,Sela D.,74.0,87.0,693.0,633.0,7.0,5.0,3.0,6.0,6.0,1.0,7.0,6.0,,,3.0,1.0,Completed,1.44,2.75,1.45,2.7,1.44,2.75,1.56,2.64,1.56,3.0,1.47,2.67
ATP,2016,6,Melbourne,Australian Open,2016-01-23,Grand Slam,Outdoor,Hard,3rd Round,5,Murray A.,Sousa J.,2.0,33.0,8945.0,1191.0,6.0,2.0,3.0,6.0,6.0,2.0,6.0,2.0,,,3.0,1.0,Completed,1.01,23.0,1.01,13.0,1.01,21.0,1.02,26.1,1.02,29.0,1.01,18.28
ATP,2016,6,Melbourne,Australian Open,2016-01-23,Grand Slam,Outdoor,Hard,3rd Round,5,Tomic B.,Millman J.,17.0,95.0,1720.0,611.0,6.0,4.0,7.0,6.0,6.0,2.0,,,,,3.0,0.0,Completed,1.12,6.0,1.12,5.75,1.14,5.5,1.16,6.31,1.16,6.83,1.13,5.87
ATP,2016,6,Melbourne,Australian Open,2016-01-24,Grand Slam,Outdoor,Hard,4th Round,5,Nishikori K.,Tsonga J.W.,7.0,10.0,4235.0,2725.0,6.0,4.0,6.0,2.0,6.0,4.0,,,,,3.0,0.0,Completed,1.72,2.1,1.75,2.0,1.73,2.1,1.75,2.24,1.76,2.25,1.72,2.11
ATP,2016,6,Melbourne,Australian Open,2016-01-24,Grand Slam,Outdoor,Hard,4th Round,5,Djokovic N.,Simon G.,1.0,15.0,16790.0,2145.0,6.0,3.0,6.0,7.0,6.0,4.0,4.0,6.0,6.0,3.0,3.0,2.0,Completed,1.01,21.0,1.01,13.0,1.02,17.0,1.02,27.16,1.02,34.0,1.01,18.36
ATP,2016,6,Melbourne,Australian Open,2016-01-24,Grand Slam,Outdoor,Hard,4th Round,5,Berdych T.,Bautista R.,6.0,21.0,4560.0,1640.0,4.0,6.0,6.0,4.0,6.0,3.0,1.0,6.0,6.0,3.0,3.0,2.0,Completed,1.25,4.0,1.25,3.75,1.29,3.75,1.28,4.18,1.29,4.18,1.25,3.89
ATP,2016,6,Melbourne,Australian Open,2016-01-24,Grand Slam,Outdoor,Hard,4th Round,5,Federer R.,Goffin D.,3.0,16.0,8165.0,1835.0,6.0,2.0,6.0,1.0,6.0,4.0,,,,,3.0,0.0,Completed,1.04,13.0,1.04,10.0,1.04,11.0,1.06,13.84,1.06,14.0,1.04,11.12
ATP,2016,6,Melbourne,Australian Open,2016-01-25,Grand Slam,Outdoor,Hard,4th Round,5,Monfils G.,Kuznetsov An.,25.0,74.0,1485.0,693.0,7.0,5.0,3.0,6.0,6.0,3.0,7.0,6.0,,,3.0,1.0,Completed,1.25,4.0,1.25,3.75,1.25,4.0,1.23,4.8,1.29,4.8,1.24,4.13
ATP,2016,6,Melbourne,Australian Open,2016-01-25,Grand Slam,Outdoor,Hard,4th Round,5,Raonic M.,Wawrinka S.,14.0,4.0,2270.0,6865.0,6.0,4.0,6.0,3.0,5.0,7.0,4.0,6.0,6.0,3.0,3.0,2.0,Completed,2.37,1.57,2.35,1.55,2.38,1.57,2.38,1.67,2.45,1.69,2.34,1.6
ATP,2016,6,Melbourne,Australian Open,2016-01-25,Grand Slam,Outdoor,Hard,4th Round,5,Ferrer D.,Isner J.,8.0,11.0,4145.0,2495.0,6.0,4.0,6.0,4.0,7.0,5.0,,,,,3.0,0.0,Completed,1.5,2.62,1.5,2.5,1.53,2.5,1.55,2.66,1.61,2.7,1.51,2.56
ATP,2016,6,Melbourne,Australian Open,2016-01-25,Grand Slam,Outdoor,Hard,4th Round,5,Murray A.,Tomic B.,2.0,17.0,8945.0,1720.0,6.0,4.0,6.0,4.0,7.0,6.0,,,,,3.0,0.0,Completed,1.08,8.0,1.09,7.0,1.08,8.0,1.11,8.37,1.11,9.5,1.09,7.69
ATP,2016,6,Melbourne,Australian Open,2016-01-26,Grand Slam,Outdoor,Hard,Quarterfinals,5,Federer R.,Berdych T.,3.0,6.0,8165.0,4560.0,7.0,6.0,6.0,2.0,6.0,4.0,,,,,3.0,0.0,Completed,1.16,5.0,1.16,4.75,1.17,5.0,1.19,5.69,1.21,5.75,1.17,5.15
ATP,2016,6,Melbourne,Australian Open,2016-01-26,Grand Slam,Outdoor,Hard,Quarterfinals,5,Djokovic N.,Nishikori K.,1.0,7.0,16790.0,4235.0,6.0,3.0,6.0,2.0,6.0,4.0,,,,,3.0,0.0,Completed,1.12,6.0,1.14,5.4,1.12,6.0,1.16,6.39,1.16,6.5,1.14,5.84
ATP,2016,6,Melbourne,Australian Open,2016-01-27,Grand Slam,Outdoor,Hard,Quarterfinals,5,Murray A.,Ferrer D.,2.0,8.0,8945.0,4145.0,6.0,3.0,6.0,7.0,6.0,2.0,6.0,3.0,,,3.0,1.0,Completed,1.16,5.0,1.17,4.8,1.17,5.0,1.18,5.73,1.23,5.75,1.18,4.92
ATP,2016,6,Melbourne,Australian Open,2016-01-27,Grand Slam,Outdoor,Hard,Quarterfinals,5,Raonic M.,Monfils G.,14.0,25.0,2270.0,1485.0,6.0,3.0,3.0,6.0,6.0,3.0,6.0,4.0,,,3.0,1.0,Completed,1.36,3.25,1.35,3.1,1.36,3.25,1.39,3.32,1.39,3.5,1.35,3.22
ATP,2016,6,Melbourne,Australian Open,2016-01-28,Grand Slam,Outdoor,Hard,Semifinals,5,Djokovic N.,Federer R.,1.0,3.0,16790.0,8165.0,6.0,1.0,6.0,2.0,3.0,6.0,6.0,3.0,,,3.0,1.0,Completed,1.3,3.5,1.33,3.1,1.3,3.5,1.36,3.6,1.4,3.75,1.32,3.41
ATP,2016,6,Melbourne,Australian Open,2016-01-29,Grand Slam,Outdoor,Hard,Semifinals,5,Murray A.,Raonic M.,2.0,14.0,8945.0,2270.0,4.0,6.0,7.0,5.0,6.0,7.0,6.0,4.0,6.0,2.0,3.0,2.0,Completed,1.36,3.25,1.38,3.0,1.33,3.4,1.4,3.35,1.41,3.5,1.36,3.19
ATP,2016,6,Melbourne,Australian Open,2016-01-31,Grand Slam,Outdoor,Hard,The Final,5,Djokovic N.,Murray A.,1.0,2.0,16790.0,8945.0,6.0,1.0,7.0,5.0,7.0,6.0,,,,,3.0,0.0,Completed,1.2,5.0,1.2,4.4,1.2,5.0,1.21,5.38,1.22,5.5,1.19,4.92
ATP,2016,33,Paris,French Open,2016-05-22,Grand Slam,Outdoor,Clay,1st Round,5,Kyrgios N.,Cecchinato M.,19.0,124.0,1855.0,478.0,7.0,6.0,7.0,6.0,6.0,4.0,,,,,3.0,0.0,Completed,1.02,17.0,1.02,10.0,1.03,13.0,1.03,18.6,1.04,20.0,1.02,13.93
ATP,2016,33,Paris,French Open,2016-05-22,Grand Slam,Outdoor,Clay,1st Round,5,Paire B.,Albot R.,21.0,137.0,1641.0,423.0,6.0,2.0,4.0,6.0,6.0,4.0,1.0,6.0,6.0,4.0,3.0,2.0,Completed,1.14,5.0,1.15,4.6,1.17,5.0,1.17,6.02,1.2,6.02,1.16,5.11
ATP,2016,33,Paris,French Open,2016-05-22,Grand Slam,Outdoor,Clay,1st Round,5,Sijsling I.,Ungur A.,123.0,203.0,484.0,264.0,6.0,1.0,6.0,2.0,7.0,6.0,,,,,3.0,0.0,Completed,2.1,1.66,2.2,1.6,2.1,1.73,2.12,1.81,2.38,1.81,2.17,1.68
ATP,2016,33,Paris,French Open,2016-05-22,Grand Slam,Outdoor,Clay,1st Round,5,Gabashvili T.,Young D.,79.0,76.0,706.0,712.0,7.0,6.0,6.0,2.0,6.0,3.0,,,,,3.0,0.0,Completed,1.72,2.0,1.7,2.0,1.73,2.0,1.88,2.02,1.88,2.2,1.76,2.05
ATP,2016,33,Paris,French Open,2016-05-22,Grand Slam,Outdoor,Clay,1st Round,5,Kuznetsov An.,Becker B.,40.0,96.0,1063.0,600.0,6.0,2.0,6.0,2.0,6.0,4.0,,,,,3.0,0.0,Completed,1.08,8.0,1.09,6.0,1.1,7.0,1.1,8.67,1.11,9.0,1.09,7.47
ATP,2016,33,Paris,French Open,2016-05-23,Grand Slam,Outdoor,Clay,1st Round,5,Wawrinka S.,Rosol L.,4.0,59.0,6315.0,815.0,4.0,6.0,6.0,1.0,3.0,6.0,6.0,3.0,6.0,4.0,3.0,2.0,Completed,1.07,9.0,1.06,7.5,1.06,9.0,1.06,10.28,1.07,11.0,1.06,9.12
ATP,2016,33,Paris,French Open,2016-05-23,Grand Slam,Outdoor,Clay,1st Round,5,Pavlasek A.,Carballes Baena R.,132.0,114.0,442.0,523.0,6.0,2.0,4.0,6.0,6.0,3.0,1.0,6.0,6.0,1.0,3.0,2.0,Completed,2.37,1.53,2.3,1.55,2.5,1.53,2.16,1.78,2.45,1.78,2.31,1.61
ATP,2016,33,Paris,French Open,2016-05-23,Grand Slam,Outdoor,Clay,1st Round,5,Chardy J.,Mayer L.,32.0,68.0,1265.0,755.0,6.0,4.0,3.0,6.0,6.0,4.0,6.0,2.0,,,3.0,1.0,Completed,1.66,2.1,1.7,2.0,1.73,2.1,1.75,2.2,1.73,2.2,1.7,2.13
ATP,2016,33,Paris,French Open,2016-05-23,Grand Slam,Outdoor,Clay,1st Round,5,Troicki V.,Dimitrov G.,24.0,36.0,1535.0,1150.0,2.0,6.0,6.0,3.0,5.0,7.0,7.0,5.0,6.0,3.0,3.0,2.0,Completed,2.37,1.53,2.25,1.55,2.38,1.57,2.57,1.57,2.63,1.59,2.44,1.55
ATP,2016,33,Paris,French Open,2016-05-23,Grand Slam,Outdoor,Clay,1st Round,5,Daniel T.,Klizan M.,93.0,45.0,614.0,960.0,3.0,6.0,4.0,6.0,7.0,5.0,6.0,4.0,3.0,0.0,2.0,2.0,Retired,1.4,2.75,1.45,2.55,1.44,2.75,1.39,3.28,1.48,3.28,1.43,2.79
ATP,2016,33,Paris,French Open,2016-05-23,Grand Slam,Outdoor,Clay,1st Round,5,Mannarino A.,Kukushkin M.,58.0,83.0,825.0,699.0,6.0,4.0,2.0,6.0,6.0,2.0,6.0,4.0,,,3.0,1.0,Completed,2.2,1.61,1.95,1.72,2.1,1.73,2.14,1.79,2.2,1.79,2.07,1.73
ATP,2016,33,Paris,French Open,2016-05-23,Grand Slam,Outdoor,Clay,1st Round,5,Lajovic D.,Kudla D.,81.0,53.0,701.0,855.0,6.0,4.0,6.0,3.0,6.0,3.0,,,,,3.0,0.0,Completed,1.57,2.25,1.52,2.35,1.57,2.38,1.58,2.54,1.58,2.6,1.54,2.47
ATP,2016,33,Paris,French Open,2016-05-23,Grand Slam,Outdoor,Clay,1st Round,5,Raonic M.,Tipsarevic J.,9.0,680.0,2785.0,38.0,6.0,3.0,6.0,2.0,7.0,6.0,,,,,3.0,0.0,Completed,1.02,19.0,1.02,10.0,1.03,13.0,1.03,20.5,1.03,19.74,1.02,14.21
ATP,2016,33,Paris,French Open,2016-05-23,Grand Slam,Outdoor,Clay,1st Round,5,Dodig I.,Youzhny M.,77.0,78.0,708.0,707.0,6.0,4.0,5.0,7.0,7.0,5.0,2.0,6.0,6.0,3.0,3.0,2.0,Completed,1.53,2.37,1.58,2.2,1.62,2.25,1.68,2.34,1.68,2.4,1.61,2.29
ATP,2016,33,Paris,French Open,2016-05-23,Grand Slam,Outdoor,Clay,1st Round,5,Brown D.,Sela D.,116.0,62.0,520.0,781.0,6.0,7.0,6.0,4.0,7.0,6.0,4.0,6.0,6.0,4.0,3.0,2.0,Completed,1.44,2.62,1.5,2.4,1.44,2.62,1.56,2.6,1.56,2.75,1.49,2.58
ATP,2016,33,Paris,French Open,2016-05-23,Grand Slam,Outdoor,Clay,1st Round,5,Karlovic I.,Montanes A.,28.0,98.0,1280.0,592.0,6.0,2.0,7.0,6.0,7.0,6.0,,,,,3.0,0.0,Completed,2.0,1.72,1.9,1.75,2.0,1.73,2.14,1.79,2.14,1.83,2.04,1.75
ATP,2016,33,Paris,French Open,2016-05-23,Grand Slam,Outdoor,Clay,1st Round,5,Thompson J.,Djere L.,94.0,215.0,608.0,249.0,6.0,3.0,6.0,4.0,7.0,5.0,,,,,3.0,0.0,Completed,2.37,1.53,2.35,1.52,2.38,1.57,2.38,1.62,2.5,1.65,2.31,1.59
ATP,2016,33,Paris,French Open,2016-05-23,Grand Slam,Outdoor,Clay,1st Round,5,Pella G.,Schwartzman D.,48.0,63.0,899.0,781.0,6.0,2.0,3.0,6.0,6.0,2.0,6.0,3.0,,,3.0,1.0,Completed,1.72,2.0,1.7,2.0,1.67,2.2,1.69,2.3,1.75,2.3,1.68,2.15
ATP,2016,33,Paris,French Open,2016-05-23,Grand Slam,Outdoor,Clay,1st Round,5,Sock J.,Haase R.,25.0,86.0,1505.0,685.0,6.0,3.0,7.0,5.0,3.0,6.0,6.0,7.0,6.0,2.0,3.0,2.0,Completed,1.14,5.5,1.18,4.0,1.17,5.0,1.18,5.63,1.2,6.0,1.17,4.99
ATP,2016,33,Paris,French Open,2016-05-23,Grand Slam,Outdoor,Clay,1st Round,5,Simon G.,Dutra Silva R.,18.0,463.0,1945.0,82.0,7.0,6.0,6.0,4.0,6.0,2.0,,,,,3.0,0.0,Completed,1.12,6.0,1.14,4.75,1.12,6.0,1.15,6.35,1.16,6.35,1.13,5.77
ATP,2016,33,Paris,French Open,2016-05-23,Grand Slam,Outdoor,Clay,1st Round,5,Verdasco F.,Johnson S.,52.0,34.0,855.0,1190.0,7.0,5.0,6.0,4.0,7.0,5.0,,,,,3.0,0.0,Completed,1.3,3.4,1.33,3.0,1.33,3.4,1.33,3.64,1.35,3.64,1.31,3.36
ATP,2016,33,Paris,French Open,2016-05-23,Grand Slam,Outdoor,Clay,1st Round,5,Nishikori K.,Bolelli S.,6.0,115.0,4470.0,522.0,6.0,1.0,7.0,5.0,6.0,3.0,,,,,3.0,0.0,Completed,1.02,19.0,1.01,12.0,1.02,13.0,1.02,22.73,1.03,24.0,1.02,16.28
ATP,2016,33,Paris,French Open,2016-05-23,Grand Slam,Outdoor,Clay,1st Round,5,Bourgue M.,Samper-Montana J.,164.0,216.0,326.0,249.0,7.0,5.0,7.0,6.0,7.0,6.0,,,,,3.0,0.0,Completed,1.66,2.1,1.72,1.95,1.73,2.0,1.68,2.33,1.8,2.33,1.73,2.08
ATP,2016,33,Paris,French Open,2016-05-23,Grand Slam,Outdoor,Clay,1st Round,5,Trungelliti M.,Cilic M.,166.0,10.0,323.0,2775.0,7.0,6.0,3.0,6.0,6.0,4.0,6.0,2.0,,,3.0,1.0,Completed,9.0,1.07,7.0,1.07,9.0,1.06,13.89,1.05,13.89,1.08,9.57,1.06
ATP,2016,33,Paris,French Open,2016-05-23,Grand Slam,Outdoor,Clay,1st Round,5,Ramos-Vinolas A.,Zeballos H.,55.0,89.0,853.0,641.0,6.0,3.0,4.0,6.0,7.0,5.0,6.0,0.0,,,3.0,1.0,Completed,1.18,4.5,1.16,4.25,1.2,4.5,1.17,6.02,1.21,6.02,1.17,4.96
ATP,2016,33,Paris,French Open,2016-05-23,Grand Slam,Outdoor,Clay,1st Round,5,Edmund K.,Basilashvili N.,82.0,104.0,701.0,563.0,7.0,6.0,6.0,7.0,7.0,5.0,6.0,1.0,,,3.0,1.0,Completed,1.53,2.37,1.58,2.25,1.57,2.38,1.66,2.37,1.7,2.4,1.61,2.29
ATP,2016,33,Paris,French Open,2016-05-23,Grand Slam,Outdoor,Clay,1st Round,5,Martin A.,Munoz De La Nava D.,133.0,105.0,438.0,561.0,6.0,2.0,6.0,3.0,4.0,6.0,6.0,4.0,,,3.0,1.0,Completed,2.5,1.5,2.4,1.5,2.5,1.53,2.62,1.56,2.65,1.57,2.51,1.52
ATP,2016,33,Paris,French Open,2016-05-23,Grand Slam,Outdoor,Clay,1st Round,5,Fratangelo B.,Querrey S.,103.0,37.0,567.0,1135.0,6.0,3.0,6.0,1.0,6.0,7.0,6.0,3.0,,,3.0,1.0,Completed,3.0,1.36,2.8,1.38,3.0,1.4,3.05,1.43,3.4,1.44,2.95,1.39
ATP,2016,33,Paris,French Open,2016-05-23,Grand Slam,Outdoor,Clay,1st Round,5,Gasquet R.,Bellucci T.,12.0,57.0,2725.0,825.0,6.0,1.0,6.0,3.0,6.0,4.0,,,,,3.0,0.0,Completed,1.14,5.5,1.16,4.5,1.22,4.33,1.18,5.76,1.22,5.8,1.15,5.26
ATP,2016,33,Paris,French Open,2016-05-24,Grand Slam,Outdoor,Clay,1st Round,5,Coric B.,Fritz T.,47.0,67.0,935.0,758.0,6.0,3.0,6.0,1.0,6.0,3.0,,,,,3.0,0.0,Completed,1.28,3.5,1.25,3.3,1.33,3.4,1.31,3.85,1.33,3.85,1.29,3.51
ATP,2016,33,Paris,French Open,2016-05-24,Grand Slam,Outdoor,Clay,1st Round,5,Jaziri M.,Mayer F.,72.0,236.0,751.0,229.0,6.0,4.0,3.0,6.0,6.0,1.0,6.0,2.0,,,3.0,1.0,Completed,1.61,2.2,1.65,2.05,1.67,2.2,1.68,2.34,1.68,2.34,1.64,2.23
ATP,2016,33,Paris,French Open,2016-05-24,Grand Slam,Outdoor,Clay,1st Round,5,Bedene A.,Melzer G.,66.0,129.0,765.0,452.0,4.0,6.0,6.0,3.0,6.0,4.0,6.0,4.0,,,3.0,1.0,Completed,1.44,2.62,1.42,2.65,1.5,2.62,1.55,2.64,1.55,2.65,1.49,2.58
ATP,2016,33,Paris,French Open,2016-05-24,Grand Slam,Outdoor,Clay,1st Round,5,Berdych T.,Pospisil V.,8.0,46.0,2850.0,955.0,6.0,3.0,6.0,2.0,6.0,1.0,,,,,3.0,0.0,Completed,1.07,9.0,1.06,7.5,1.08,8.0,1.08,9.87,1.09,9.87,1.07,8.28
ATP,2016,33,Paris,French Open,2016-05-24,Grand Slam,Outdoor,Clay,1st Round,5,Tomic B.,Baker B.,22.0,662.0,1625.0,40.0,6.0,3.0,6.0,4.0,6.0,4.0,,,,,3.0,0.0,Completed,1.36,3.0,1.38,2.8,1.36,3.25,1.39,3.28,1.44,3.28,1.36,3.06
ATP,2016,33,Paris,French Open,2016-05-24,Grand Slam,Outdoor,Clay,1st Round,5,Estrella Burgos V.,Marchenko I.,87.0,71.0,670.0,751.0,7.0,5.0,6.0,4.0,6.0,3.0,,,,,3.0,0.0,Completed,1.5,2.5,1.5,2.4,1.53,2.5,1.59,2.52,1.59,2.62,1.53,2.47
ATP,2016,33,Paris,French Open,2016-05-24,Grand Slam,Outdoor,Clay,1st Round,5,Thiem D.,Cervantes I.,15.0,69.0,2430.0,755.0,3.0,6.0,6.0,2.0,7.0,5.0,6.0,1.0,,,3.0,1.0,Completed,1.06,10.0,1.05,7.5,1.06,9.0,1.05,13.89,1.06,13.89,1.05,10.52
ATP,2016,33,Paris,French Open,2016-05-24,Grand Slam,Outdoor,Clay,1st Round,5,Lopez F.,Fabbiano T.,23.0,117.0,1550.0,518.0,6.0,4.0,6.0,4.0,3.0,6.0,6.0,2.0,,,3.0,1.0,Completed,1.22,4.0,1.25,3.5,1.29,3.75,1.24,4.55,1.29,4.55,1.24,3.99
ATP,2016,33,Paris,French Open,2016-05-24,Grand Slam,Outdoor,Clay,1st Round,5,Darcis S.,Ilhan M.,161.0,198.0,331.0,275.0,6.0,3.0,6.0,4.0,6.0,0.0,,,,,3.0,0.0,Completed,1.36,3.0,1.33,3.0,1.4,3.0,1.42,3.14,1.44,3.2,1.38,2.99
ATP,2016,33,Paris,French Open,2016-05-24,Grand Slam,Outdoor,Clay,1st Round,5,Nadal R.,Groth S.,5.0,100.0,5675.0,585.0,6.0,1.0,6.0,1.0,6.0,1.0,,,,,3.0,0.0,Completed,1.005,34.0,1.01,13.0,1.01,26.0,1.01,41.0,1.01,49.75,1.01,23.44
ATP,2016,33,Paris,French Open,2016-05-24,Grand Slam,Outdoor,Clay,1st Round,5,Pouille L.,Benneteau J.,31.0,548.0,1266.0,59.0,6.0,3.0,4.0,6.0,6.0,4.0,7.0,6.0,,,3.0,1.0,Completed,1.16,5.0,1.2,4.0,1.17,5.0,1.21,5.11,1.27,5.11,1.2,4.49
ATP,2016,33,Paris,French Open,2016-05-24,Grand Slam,Outdoor,Clay,1st Round,5,Isner J.,Millman J.,17.0,61.0,1965.0,796.0,6.0,7.0,7.0,6.0,7.0,6.0,7.0,5.0,,,3.0,1.0,Completed,1.16,5.0,1.17,4.25,1.2,4.33,1.21,5.0,1.21,5.25,1.18,4.74
ATP,2016,33,Paris,French Open,2016-05-24,Grand Slam,Outdoor,Clay,1st Round,5,Murray A.,Stepanek R.,2.0,128.0,8435.0,459.0,3.0,6.0,3.0,6.0,6.0,0.0,6.0,3.0,7.0,5.0,3.0,2.0,Completed,1.02,19.0,,12.0,1.03,10.0,1.02,21.68,1.03,27.25,1.02,16.32
ATP,2016,33,Paris,French Open,2016-05-24,Grand Slam,Outdoor,Clay,1st Round,5,Halys Q.,Chung H.,154.0,111.0,347.0,547.0,6.0,1.0,6.0,4.0,6.0,4.0,,,,,3.0,0.0,Completed,1.66,2.1,1.7,2.0,1.73,2.1,1.87,2.04,1.93,2.15,1.79,2.01
ATP,2016,33,Paris,French Open,2016-05-24,Grand Slam,Outdoor,Clay,1st Round,5,Bagnis F.,De Schepper K.,99.0,143.0,590.0,383.0,6.0,0.0,6.0,2.0,7.0,6.0,,,,,3.0,0.0,Completed,1.66,2.1,1.62,2.1,1.8,2.0,1.68,2.33,1.8,2.33,1.66,2.19
ATP,2016,33,Paris,French Open,2016-05-24,Grand Slam,Outdoor,Clay,1st Round,5,Carreno Busta P.,Delbonis F.,43.0,35.0,995.0,1165.0,7.0,6.0,6.0,7.0,6.0,4.0,6.0,4.0,,,3.0,1.0,Completed,2.37,1.53,2.35,1.52,2.25,1.62,2.41,1.64,2.45,1.64,2.34,1.58
ATP,2016,33,Paris,French Open,2016-05-24,Grand Slam,Outdoor,Clay,1st Round,5,Cuevas P.,Kamke T.,27.0,155.0,1450.0,342.0,3.0,6.0,6.0,2.0,6.0,3.0,7.0,6.0,,,3.0,1.0,Completed,1.11,6.5,1.1,5.6,1.11,6.5,1.11,8.2,1.13,8.5,1.1,6.93
ATP,2016,33,Paris,French Open,2016-05-24,Grand Slam,Outdoor,Clay,1st Round,5,Sousa J.,Dzumhur D.,29.0,73.0,1275.0,747.0,2.0,6.0,7.0,6.0,6.0,4.0,7.0,5.0,,,3.0,1.0,Completed,1.53,2.37,1.52,2.35,1.57,2.38,1.75,2.2,1.75,2.45,1.61,2.3
ATP,2016,33,Paris,French Open,2016-05-24,Grand Slam,Outdoor,Clay,1st Round,5,Garcia-Lopez G.,De Bakker T.,51.0,120.0,865.0,506.0,6.0,4.0,6.0,4.0,5.0,7.0,7.0,6.0,,,3.0,1.0,Completed,1.18,4.5,1.2,3.8,1.22,4.33,1.31,3.85,1.31,4.75,1.23,4.14
ATP,2016,33,Paris,French Open,2016-05-24,Grand Slam,Outdoor,Clay,1st Round,5,Djokovic N.,Lu Y.H.,1.0,95.0,16150.0,602.0,6.0,4.0,6.0,1.0,6.0,1.0,,,,,3.0,0.0,Completed,1.0,51.0,1.01,13.0,1.01,26.0,1.01,71.0,1.01,71.0,1.01,29.7
ATP,2016,33,Paris,French Open,2016-05-24,Grand Slam,Outdoor,Clay,1st Round,5,Baghdatis M.,Muller G.,39.0,42.0,1067.0,1020.0,7.0,5.0,6.0,4.0,6.0,1.0,,,,,3.0,0.0,Completed,1.33,3.25,1.35,2.8,1.4,3.0,1.43,3.05,1.43,3.25,1.38,2.99
ATP,2016,33,Paris,French Open,2016-05-24,Grand Slam,Outdoor,Clay,1st Round,5,Almagro N.,Kohlschreiber P.,49.0,26.0,899.0,1485.0,5.0,7.0,6.0,2.0,6.0,2.0,6.0,4.0,,,3.0,1.0,Completed,2.75,1.4,2.75,1.4,2.75,1.44,3.3,1.37,3.3,1.5,2.72,1.45
ATP,2016,33,Paris,French Open,2016-05-24,Grand Slam,Outdoor,Clay,1st Round,5,Mahut N.,Berankis R.,44.0,50.0,976.0,885.0,7.0,6.0,6.0,2.0,6.0,1.0,,,,,3.0,0.0,Completed,1.57,2.25,1.58,2.25,1.83,1.83,1.72,2.25,1.83,2.48,1.61,2.28
ATP,2016,33,Paris,French Open,2016-05-24,Grand Slam,Outdoor,Clay,1st Round,5,Bautista Agut R.,Tursunov D.,16.0,480.0,2015.0,75.0,6.0,3.0,6.0,3.0,6.0,1.0,,,,,3.0,0.0,Completed,1.02,17.0,1.01,11.5,1.03,13.0,1.04,15.92,1.05,17.0,1.03,13.27
ATP,2016,33,Paris,French Open,2016-05-24,Grand Slam,Outdoor,Clay,1st Round,5,Vesely J.,Ram R.,60.0,70.0,815.0,752.0,6.0,4.0,6.0,4.0,6.0,7.0,6.0,0.0,,,3.0,1.0,Completed,1.11,6.5,1.11,5.0,1.14,5.5,1.18,5.63,1.18,6.5,1.15,5.41
ATP,2016,33,Paris,French Open,2016-05-24,Grand Slam,Outdoor,Clay,1st Round,5,Robert S.,Anderson K.,90.0,20.0,628.0,1840.0,6.0,4.0,6.0,2.0,1.0,6.0,7.0,5.0,,,3.0,1.0,Completed,2.75,1.4,2.75,1.4,2.75,1.44,2.97,1.45,3.0,1.48,2.85,1.41
ATP,2016,33,Paris,French Open,2016-05-24,Grand Slam,Outdoor,Clay,1st Round,5,Granollers M.,Fognini F.,56.0,33.0,844.0,1205.0,7.0,5.0,6.0,4.0,6.0,3.0,,,,,3.0,0.0,Completed,2.75,1.4,2.55,1.45,2.62,1.5,2.86,1.48,2.86,1.51,2.67,1.46
ATP,2016,33,Paris,French Open,2016-05-24,Grand Slam,Outdoor,Clay,1st Round,5,Ferrer D.,Donskoy E.,11.0,75.0,2740.0,713.0,6.0,1.0,6.0,2.0,6.0,0.0,,,,,3.0,0.0,Completed,1.05,11.0,1.04,8.5,1.05,10.0,1.06,12.52,1.06,13.0,1.05,10.57
ATP,2016,33,Paris,French Open,2016-05-24,Grand Slam,Outdoor,Clay,1st Round,5,Tsonga J.W.,Struff J.L.,7.0,101.0,3355.0,578.0,6.0,3.0,6.0,4.0,6.0,4.0,,,,,3.0,0.0,Completed,1.12,6.0,1.12,5.0,1.12,6.0,1.17,5.91,1.17,6.14,1.13,5.65
ATP,2016,33,Paris,French Open,2016-05-24,Grand Slam,Outdoor,Clay,1st Round,5,Mathieu P.H.,Giraldo S.,65.0,122.0,771.0,499.0,6.0,4.0,6.0,7.0,6.0,4.0,1.0,6.0,6.0,3.0,3.0,2.0,Completed,1.57,2.25,1.52,2.35,1.57,2.38,1.65,2.4,1.66,2.5,1.59,2.33
ATP,2016,33,Paris,French Open,2016-05-24,Grand Slam,Outdoor,Clay,1st Round,5,Monaco J.,Istomin D.,92.0,64.0,620.0,771.0,3.0,6.0,6.0,4.0,6.0,3.0,7.0,5.0,,,3.0,1.0,Completed,1.28,3.5,1.28,3.2,1.3,3.5,1.17,6.13,1.32,6.15,1.27,3.69
ATP,2016,33,Paris,French Open,2016-05-24,Grand Slam,Outdoor,Clay,1st Round,5,Berlocq C.,Lorenzi P.,126.0,54.0,462.0,855.0,6.0,3.0,6.0,0.0,6.0,2.0,,,,,3.0,0.0,Completed,1.72,2.0,1.75,1.9,1.8,2.0,1.81,2.11,1.86,2.11,1.81,1.97
ATP,2016,33,Paris,French Open,2016-05-24,Grand Slam,Outdoor,Clay,1st Round,5,Gulbis E.,Seppi A.,80.0,38.0,701.0,1095.0,6.0,3.0,7.0,5.0,6.0,4.0,,,,,3.0,0.0,Completed,1.72,2.0,1.8,1.9,1.8,2.0,1.9,2.01,1.92,2.02,1.86,1.92
ATP,2016,33,Paris,French Open,2016-05-24,Grand Slam,Outdoor,Clay,1st Round,5,Goffin D.,Barrere G.,13.0,242.0,2570.0,223.0,6.0,3.0,6.0,3.0,6.0,4.0,,,,,3.0,0.0,Completed,1.01,26.0,1.01,13.0,1.02,17.0,1.02,24.52,1.02,27.25,1.01,18.36
ATP,2016,33,Paris,French Open,2016-05-25,Grand Slam,Outdoor,Clay,1st Round,5,Zverev A.,Herbert P.H.,41.0,84.0,1060.0,695.0,5.0,7.0,6.0,2.0,7.0,6.0,7.0,5.0,,,3.0,1.0,Completed,1.3,3.4,1.3,3.0,1.3,3.5,1.32,3.79,1.33,3.79,1.3,3.51
ATP,2016,33,Paris,French Open,2016-05-25,Grand Slam,Outdoor,Clay,2nd Round,5,Karlovic I.,Thompson J.,28.0,94.0,1280.0,608.0,6.0,7.0,6.0,3.0,7.0,6.0,6.0,7.0,12.0,10.0,3.0,2.0,Completed,1.44,2.62,1.48,2.45,1.5,2.62,1.53,2.7,1.53,2.8,1.47,2.63
ATP,2016,33,Paris,French Open,2016-05-25,Grand Slam,Outdoor,Clay,2nd Round,5,Verdasco F.,Dodig I.,52.0,77.0,855.0,708.0,6.0,2.0,6.0,1.0,6.0,3.0,,,,,3.0,0.0,Completed,1.22,4.0,1.17,4.25,1.22,4.33,1.27,4.22,1.27,4.5,1.22,4.44
ATP,2016,33,Paris,French Open,2016-05-25,Grand Slam,Outdoor,Clay,2nd Round,5,Nishikori K.,Kuznetsov An.,6.0,40.0,4470.0,1063.0,6.0,3.0,6.0,3.0,6.0,3.0,,,,,3.0,0.0,Completed,1.07,9.0,1.05,7.5,1.06,9.0,1.08,10.16,1.08,10.25,1.06,8.92
ATP,2016,33,Paris,French Open,2016-05-25,Grand Slam,Outdoor,Clay,2nd Round,5,Sock J.,Brown D.,25.0,116.0,1505.0,520.0,6.0,3.0,7.0,6.0,6.0,2.0,,,,,3.0,0.0,Completed,1.18,4.5,1.18,4.0,1.22,4.33,1.24,4.65,1.25,4.65,1.21,4.26
ATP,2016,33,Paris,French Open,2016-05-25,Grand Slam,Outdoor,Clay,2nd Round,5,Gabashvili T.,Paire B.,79.0,21.0,706.0,1641.0,6.0,3.0,6.0,2.0,3.0,6.0,6.0,2.0,,,3.0,1.0,Completed,2.75,1.4,2.75,1.4,3.0,1.4,2.94,1.46,3.0,1.49,2.78,1.43
ATP,2016,33,Paris,French Open,2016-05-25,Grand Slam,Outdoor,Clay,2nd Round,5,Wawrinka S.,Daniel T.,4.0,93.0,6315.0,614.0,7.0,6.0,6.0,3.0,6.0,4.0,,,,,3.0,0.0,Completed,1.02,17.0,1.01,10.5,1.03,13.0,1.03,20.5,1.03,20.5,1.02,14.72
ATP,2016,33,Paris,French Open,2016-05-25,Grand Slam,Outdoor,Clay,2nd Round,5,Chardy J.,Pavlasek A.,32.0,132.0,1265.0,442.0,6.0,4.0,6.0,2.0,6.0,4.0,,,,,3.0,0.0,Completed,1.11,6.5,1.1,5.75,1.11,6.5,1.13,7.5,1.14,7.5,1.12,6.34
ATP,2016,33,Paris,French Open,2016-05-25,Grand Slam,Outdoor,Clay,2nd Round,5,Ramos-Vinolas A.,Trungelliti M.,55.0,166.0,853.0,323.0,6.0,3.0,6.0,4.0,7.0,5.0,,,,,3.0,0.0,Completed,1.22,4.0,1.2,4.0,1.25,4.0,1.27,4.26,1.29,4.32,1.25,3.87
ATP,2016,33,Paris,French Open,2016-05-25,Grand Slam,Outdoor,Clay,2nd Round,5,Murray A.,Bourgue M.,2.0,164.0,8435.0,326.0,6.0,2.0,2.0,6.0,4.0,6.0,6.0,2.0,6.0,3.0,3.0,2.0,Completed,1.005,34.0,1.01,10.5,1.0,34.0,1.01,41.0,1.01,51.0,1.01,22.81
ATP,2016,33,Paris,French Open,2016-05-25,Grand Slam,Outdoor,Clay,2nd Round,5,Isner J.,Edmund K.,17.0,82.0,1965.0,701.0,6.0,4.0,6.0,4.0,6.0,4.0,,,,,3.0,0.0,Completed,1.57,2.25,1.52,2.35,1.57,2.38,1.65,2.4,1.65,2.45,1.58,2.35
ATP,2016,33,Paris,French Open,2016-05-25,Grand Slam,Outdoor,Clay,2nd Round,5,Kyrgios N.,Sijsling I.,19.0,123.0,1855.0,484.0,6.0,3.0,6.0,2.0,6.0,1.0,,,,,3.0,0.0,Completed,1.03,15.0,1.01,10.5,1.02,15.0,1.04,15.92,1.04,17.0,1.03,13.28
ATP,2016,33,Paris,French Open,2016-05-25,Grand Slam,Outdoor,Clay,2nd Round,5,Simon G.,Pella G.,18.0,48.0,1945.0,899.0,4.0,6.0,1.0,6.0,7.0,5.0,7.0,6.0,6.0,4.0,3.0,2.0,Completed,1.36,3.0,1.3,3.0,1.4,3.0,1.42,3.11,1.43,3.11,1.38,2.97
ATP,2016,33,Paris,French Open,2016-05-25,Grand Slam,Outdoor,Clay,2nd Round,5,Troicki V.,Lajovic D.,24.0,81.0,1535.0,701.0,6.0,7.0,6.0,3.0,6.0,0.0,,,,,2.0,1.0,Retired,1.36,3.0,1.33,2.9,1.44,2.75,1.5,2.8,1.5,3.2,1.41,2.85
ATP,2016,33,Paris,French Open,2016-05-25,Grand Slam,Outdoor,Clay,2nd Round,5,Gasquet R.,Fratangelo B.,12.0,103.0,2725.0,567.0,6.0,1.0,7.0,6.0,6.0,3.0,,,,,3.0,0.0,Completed,1.05,11.0,1.04,8.5,1.06,9.0,1.08,10.44,1.08,11.5,1.06,9.52
ATP,2016,33,Paris,French Open,2016-05-25,Grand Slam,Outdoor,Clay,2nd Round,5,Martin A.,Pouille L.,133.0,31.0,438.0,1266.0,6.0,3.0,7.0,5.0,6.0,3.0,,,,,3.0,0.0,Completed,5.5,1.14,4.8,1.14,5.0,1.17,5.85,1.17,5.85,1.17,5.33,1.15
ATP,2016,33,Paris,French Open,2016-05-25,Grand Slam,Outdoor,Clay,2nd Round,5,Raonic M.,Mannarino A.,9.0,58.0,2785.0,825.0,6.0,1.0,7.0,6.0,6.0,1.0,,,,,3.0,0.0,Completed,1.07,9.0,1.04,8.0,1.06,9.0,1.08,10.16,1.08,10.16,1.07,8.51
ATP,2016,33,Paris,French Open,2016-05-26,Grand Slam,Outdoor,Clay,2nd Round,5,Bedene A.,Carreno Busta P.,66.0,43.0,765.0,995.0,7.0,6.0,6.0,3.0,4.0,6.0,5.0,7.0,6.0,2.0,3.0,2.0,Completed,4.0,1.22,3.5,1.25,4.33,1.22,3.9,1.3,4.33,1.3,3.86,1.25
ATP,2016,33,Paris,French Open,2016-05-26,Grand Slam,Outdoor,Clay,2nd Round,5,Cuevas P.,Halys Q.,27.0,154.0,1450.0,347.0,7.0,6.0,6.0,3.0,7.0,6.0,,,,,3.0,0.0,Completed,1.14,5.5,1.14,4.75,1.14,5.5,1.16,6.16,1.17,6.55,1.14,5.5
ATP,2016,33,Paris,French Open,2016-05-26,Grand Slam,Outdoor,Clay,2nd Round,5,Berdych T.,Jaziri M.,8.0,72.0,2850.0,751.0,6.0,1.0,2.0,6.0,6.0,2.0,6.0,4.0,,,3.0,1.0,Completed,1.05,11.0,1.03,8.5,1.06,8.0,1.08,10.44,1.08,12.1,1.06,9.69
ATP,2016,33,Paris,French Open,2016-05-26,Grand Slam,Outdoor,Clay,2nd Round,5,Gulbis E.,Sousa J.,80.0,29.0,701.0,1275.0,6.0,2.0,7.0,5.0,6.0,3.0,,,,,3.0,0.0,Completed,2.2,1.61,2.25,1.58,2.1,1.73,2.2,1.75,2.25,1.75,2.13,1.7
ATP,2016,33,Paris,French Open,2016-05-26,Grand Slam,Outdoor,Clay,2nd Round,5,Thiem D.,Garcia-Lopez G.,15.0,51.0,2430.0,865.0,7.0,5.0,6.0,4.0,7.0,6.0,,,,,3.0,0.0,Completed,1.2,4.33,1.17,4.25,1.2,4.5,1.2,5.24,1.2,5.24,1.18,4.77
ATP,2016,33,Paris,French Open,2016-05-26,Grand Slam,Outdoor,Clay,2nd Round,5,Bautista Agut R.,Mathieu P.H.,16.0,65.0,2015.0,771.0,7.0,6.0,6.0,4.0,6.0,1.0,,,,,3.0,0.0,Completed,1.16,5.0,1.17,4.25,1.17,5.0,1.21,5.12,1.21,5.25,1.18,4.81
ATP,2016,33,Paris,French Open,2016-05-26,Grand Slam,Outdoor,Clay,2nd Round,5,Nadal R.,Bagnis F.,5.0,99.0,5675.0,590.0,6.0,3.0,6.0,0.0,6.0,3.0,,,,,3.0,0.0,Completed,1.005,34.0,1.01,12.0,1.01,26.0,1.01,31.0,1.01,42.25,1.01,22.38
ATP,2016,33,Paris,French Open,2016-05-26,Grand Slam,Outdoor,Clay,2nd Round,5,Coric B.,Tomic B.,47.0,22.0,935.0,1625.0,3.0,6.0,6.0,2.0,7.0,6.0,7.0,6.0,,,3.0,1.0,Completed,1.18,4.5,1.22,3.8,1.22,4.33,1.26,4.34,1.26,4.6,1.22,4.23
ATP,2016,33,Paris,French Open,2016-05-26,Grand Slam,Outdoor,Clay,2nd Round,5,Djokovic N.,Darcis S.,1.0,161.0,16150.0,331.0,7.0,5.0,6.0,3.0,6.0,4.0,,,,,3.0,0.0,Completed,1.005,34.0,1.01,12.0,1.01,17.0,1.01,41.0,1.01,52.25,1.01,23.0
ATP,2016,33,Paris,French Open,2016-05-26,Grand Slam,Outdoor,Clay,2nd Round,5,Zverev A.,Robert S.,41.0,90.0,1060.0,628.0,6.0,1.0,3.0,6.0,6.0,1.0,6.0,4.0,,,3.0,1.0,Completed,1.3,3.4,1.3,3.0,1.33,3.4,1.4,3.22,1.4,3.4,1.34,3.22
ATP,2016,33,Paris,French Open,2016-05-26,Grand Slam,Outdoor,Clay,2nd Round,5,Tsonga J.W.,Baghdatis M.,7.0,39.0,3355.0,1067.0,6.0,7.0,3.0,6.0,6.0,3.0,6.0,2.0,6.0,2.0,3.0,2.0,Completed,1.12,6.0,1.13,4.9,1.14,5.5,1.14,6.93,1.17,6.93,1.12,5.95
ATP,2016,33,Paris,French Open,2016-05-26,Grand Slam,Outdoor,Clay,2nd Round,5,Goffin D.,Berlocq C.,13.0,126.0,2570.0,462.0,7.0,5.0,6.0,1.0,6.0,4.0,,,,,3.0,0.0,Completed,1.12,6.0,1.11,5.0,1.12,6.0,1.16,6.16,1.16,6.4,1.13,5.87
ATP,2016,33,Paris,French Open,2016-05-26,Grand Slam,Outdoor,Clay,2nd Round,5,Granollers M.,Mahut N.,56.0,44.0,844.0,976.0,6.0,3.0,6.0,2.0,1.0,0.0,,,,,2.0,0.0,Retired,1.36,3.0,1.38,2.8,1.4,3.0,1.45,3.0,1.46,3.1,1.4,2.89
ATP,2016,33,Paris,French Open,2016-05-26,Grand Slam,Outdoor,Clay,2nd Round,5,Almagro N.,Vesely J.,49.0,60.0,899.0,815.0,6.0,4.0,6.0,4.0,6.0,3.0,,,,,3.0,0.0,Completed,1.36,3.0,1.4,2.75,1.4,3.0,1.47,2.9,1.48,3.0,1.42,2.8
ATP,2016,33,Paris,French Open,2016-05-26,Grand Slam,Outdoor,Clay,2nd Round,5,Lopez F.,Estrella Burgos V.,23.0,87.0,1550.0,670.0,6.0,3.0,7.0,6.0,6.0,3.0,,,,,3.0,0.0,Completed,1.36,3.0,1.35,2.8,1.4,3.0,1.44,3.01,1.44,3.05,1.4,2.92
ATP,2016,33,Paris,French Open,2016-05-26,Grand Slam,Outdoor,Clay,2nd Round,5,Ferrer D.,Monaco J.,11.0,92.0,2740.0,620.0,6.0,7.0,6.0,3.0,6.0,4.0,6.0,2.0,,,3.0,1.0,Completed,1.3,3.4,1.33,3.0,1.36,3.0,1.36,3.35,1.36,3.55,1.33,3.26
ATP,2016,33,Paris,French Open,2016-05-27,Grand Slam,Outdoor,Clay,3rd Round,5,Raonic M.,Martin A.,9.0,133.0,2785.0,438.0,7.0,6.0,6.0,2.0,6.0,3.0,,,,,3.0,0.0,Completed,1.03,15.0,1.01,12.0,1.02,15.0,1.04,16.32,1.04,18.5,1.03,13.7
ATP,2016,33,Paris,French Open,2016-05-27,Grand Slam,Outdoor,Clay,3rd Round,5,Ramos-Vinolas A.,Sock J.,55.0,25.0,853.0,1505.0,6.0,7.0,6.0,4.0,6.0,4.0,4.0,6.0,6.0,4.0,3.0,2.0,Completed,2.62,1.5,2.4,1.5,2.62,1.5,2.7,1.54,2.7,1.56,2.56,1.5
ATP,2016,33,Paris,French Open,2016-05-27,Grand Slam,Outdoor,Clay,3rd Round,5,Murray A.,Karlovic I.,2.0,28.0,8435.0,1280.0,6.0,1.0,6.0,4.0,7.0,6.0,,,,,3.0,0.0,Completed,1.06,10.0,1.04,8.5,1.08,8.0,1.08,10.36,1.08,11.44,1.06,9.05
ATP,2016,33,Paris,French Open,2016-05-27,Grand Slam,Outdoor,Clay,3rd Round,5,Nishikori K.,Verdasco F.,6.0,52.0,4470.0,855.0,6.0,3.0,6.0,4.0,3.0,6.0,2.0,6.0,6.0,4.0,3.0,2.0,Completed,1.12,6.0,1.11,5.0,1.14,5.5,1.15,6.55,1.17,6.79,1.13,5.8
ATP,2016,33,Paris,French Open,2016-05-27,Grand Slam,Outdoor,Clay,3rd Round,5,Gasquet R.,Kyrgios N.,12.0,19.0,2725.0,1855.0,6.0,2.0,7.0,6.0,6.0,2.0,,,,,3.0,0.0,Completed,2.1,1.72,2.0,1.72,2.1,1.73,2.17,1.79,2.17,1.91,2.07,1.75
ATP,2016,33,Paris,French Open,2016-05-27,Grand Slam,Outdoor,Clay,3rd Round,5,Isner J.,Gabashvili T.,17.0,79.0,1965.0,706.0,7.0,6.0,4.0,6.0,2.0,6.0,6.0,4.0,6.0,2.0,3.0,2.0,Completed,1.5,2.62,1.45,2.55,1.53,2.5,1.53,2.74,1.61,2.76,1.51,2.54
ATP,2016,33,Paris,French Open,2016-05-27,Grand Slam,Outdoor,Clay,3rd Round,5,Wawrinka S.,Chardy J.,4.0,32.0,6315.0,1265.0,6.0,4.0,6.0,3.0,7.0,5.0,,,,,3.0,0.0,Completed,1.14,5.5,1.13,4.9,1.14,5.5,1.18,5.77,1.19,5.77,1.16,5.26
ATP,2016,33,Paris,French Open,2016-05-27,Grand Slam,Outdoor,Clay,3rd Round,5,Troicki V.,Simon G.,24.0,18.0,1535.0,1945.0,6.0,4.0,6.0,2.0,6.0,2.0,,,,,3.0,0.0,Completed,3.4,1.33,3.0,1.33,3.25,1.36,3.67,1.34,3.68,1.38,3.36,1.32
ATP,2016,33,Paris,French Open,2016-05-28,Grand Slam,Outdoor,Clay,3rd Round,5,Granollers M.,Nadal R.,56.0,5.0,844.0,5675.0,,,,,,,,,,,,,Walkover,19.0,1.02,10.0,1.02,15.0,1.02,22.73,1.03,25.0,1.03,16.82,1.02
ATP,2016,33,Paris,French Open,2016-05-28,Grand Slam,Outdoor,Clay,3rd Round,5,Thiem D.,Zverev A.,15.0,41.0,2430.0,1060.0,6.0,7.0,6.0,3.0,6.0,3.0,6.0,3.0,,,3.0,1.0,Completed,1.22,4.33,1.25,3.5,1.22,4.33,1.24,4.72,1.27,4.72,1.22,4.2
ATP,2016,33,Paris,French Open,2016-05-28,Grand Slam,Outdoor,Clay,3rd Round,5,Ferrer D.,Lopez F.,11.0,23.0,2740.0,1550.0,6.0,4.0,7.0,6.0,6.0,1.0,,,,,3.0,0.0,Completed,1.16,5.0,1.2,4.0,1.2,4.33,1.19,5.61,1.21,5.61,1.17,4.95
ATP,2016,33,Paris,French Open,2016-05-28,Grand Slam,Outdoor,Clay,3rd Round,5,Goffin D.,Almagro N.,13.0,49.0,2570.0,899.0,6.0,2.0,4.0,6.0,6.0,3.0,4.0,6.0,6.0,2.0,3.0,2.0,Completed,1.44,2.75,1.45,2.55,1.5,2.62,1.49,2.87,1.53,2.87,1.46,2.68
ATP,2016,33,Paris,French Open,2016-05-28,Grand Slam,Outdoor,Clay,3rd Round,5,Gulbis E.,Tsonga J.W.,80.0,7.0,701.0,3355.0,2.0,5.0,,,,,,,,,0.0,0.0,Retired,2.75,1.44,2.65,1.42,2.75,1.44,2.8,1.51,2.9,1.51,2.7,1.45
ATP,2016,33,Paris,French Open,2016-05-28,Grand Slam,Outdoor,Clay,3rd Round,5,Berdych T.,Cuevas P.,8.0,27.0,2850.0,1450.0,4.0,6.0,6.0,3.0,6.0,3.0,7.0,5.0,,,3.0,1.0,Completed,1.61,2.3,1.58,2.25,1.62,2.25,1.7,2.31,1.71,2.38,1.63,2.25
ATP,2016,33,Paris,French Open,2016-05-28,Grand Slam,Outdoor,Clay,3rd Round,5,Bautista Agut R.,Coric B.,16.0,47.0,2015.0,935.0,6.0,2.0,6.0,3.0,6.0,3.0,,,,,3.0,0.0,Completed,1.4,3.0,1.35,2.8,1.36,3.25,1.41,3.21,1.44,3.25,1.37,3.01
ATP,2016,33,Paris,French Open,2016-05-28,Grand Slam,Outdoor,Clay,3rd Round,5,Djokovic N.,Bedene A.,1.0,66.0,16150.0,765.0,6.0,2.0,6.0,3.0,6.0,3.0,,,,,3.0,0.0,Completed,1.005,34.0,1.0,11.0,1.01,26.0,1.01,41.0,1.02,41.0,1.01,22.03
ATP,2016,33,Paris,French Open,2016-05-29,Grand Slam,Outdoor,Clay,4th Round,5,Ramos-Vinolas A.,Raonic M.,55.0,9.0,853.0,2785.0,6.0,2.0,6.0,4.0,6.0,4.0,,,,,3.0,0.0,Completed,4.5,1.2,4.0,1.2,4.33,1.2,5.01,1.22,5.5,1.23,4.55,1.19
ATP,2016,33,Paris,French Open,2016-05-29,Grand Slam,Outdoor,Clay,4th Round,5,Wawrinka S.,Troicki V.,4.0,24.0,6315.0,1535.0,7.0,6.0,6.0,7.0,6.0,3.0,6.0,2.0,,,3.0,1.0,Completed,1.1,7.0,1.11,5.1,1.12,6.0,1.12,8.03,1.14,8.03,1.11,6.67
ATP,2016,33,Paris,French Open,2016-05-29,Grand Slam,Outdoor,Clay,4th Round,5,Murray A.,Isner J.,2.0,17.0,8435.0,1965.0,7.0,6.0,6.0,4.0,6.0,3.0,,,,,3.0,0.0,Completed,1.08,8.0,1.07,7.0,1.08,7.0,1.09,9.81,1.1,10.0,1.08,8.22
ATP,2016,33,Paris,French Open,2016-05-29,Grand Slam,Outdoor,Clay,4th Round,5,Gasquet R.,Nishikori K.,12.0,6.0,2725.0,4470.0,6.0,4.0,6.0,2.0,4.0,6.0,6.0,2.0,,,3.0,1.0,Completed,3.0,1.4,2.8,1.38,3.0,1.4,3.22,1.41,3.22,1.46,2.97,1.4
ATP,2016,33,Paris,French Open,2016-06-01,Grand Slam,Outdoor,Clay,4th Round,5,Djokovic N.,Bautista Agut R.,1.0,16.0,16150.0,2015.0,3.0,6.0,6.0,4.0,6.0,1.0,7.0,5.0,,,3.0,1.0,Completed,1.01,21.0,1.01,11.0,1.02,11.0,1.03,14.73,1.02,25.49,1.01,17.46
ATP,2016,33,Paris,French Open,2016-06-01,Grand Slam,Outdoor,Clay,4th Round,5,Goffin D.,Gulbis E.,13.0,80.0,2570.0,701.0,4.0,6.0,6.0,2.0,6.0,2.0,6.0,3.0,,,3.0,1.0,Completed,1.33,3.4,1.3,3.0,1.33,3.25,1.51,2.65,1.35,3.75,1.3,3.45
ATP,2016,33,Paris,French Open,2016-06-01,Grand Slam,Outdoor,Clay,4th Round,5,Berdych T.,Ferrer D.,8.0,11.0,2850.0,2740.0,6.0,3.0,7.0,5.0,6.0,3.0,,,,,3.0,0.0,Completed,2.2,1.66,2.0,1.7,2.2,1.67,2.23,1.69,2.3,1.78,2.15,1.69
ATP,2016,33,Paris,French Open,2016-06-01,Grand Slam,Outdoor,Clay,4th Round,5,Thiem D.,Granollers M.,15.0,56.0,2430.0,844.0,6.0,2.0,6.0,7.0,6.0,1.0,6.0,4.0,,,3.0,1.0,Completed,1.1,7.0,1.08,6.5,1.08,8.0,1.23,4.44,1.11,9.0,1.09,7.24
ATP,2016,33,Paris,French Open,2016-06-01,Grand Slam,Outdoor,Clay,Quarterfinals,5,Murray A.,Gasquet R.,2.0,12.0,8435.0,2725.0,5.0,7.0,7.0,6.0,6.0,0.0,6.0,2.0,,,3.0,1.0,Completed,1.33,3.5,1.28,3.2,1.3,3.4,1.35,3.61,1.36,3.75,1.32,3.4
ATP,2016,33,Paris,French Open,2016-06-01,Grand Slam,Outdoor,Clay,Quarterfinals,5,Wawrinka S.,Ramos-Vinolas A.,4.0,55.0,6315.0,853.0,6.0,2.0,6.0,1.0,7.0,6.0,,,,,3.0,0.0,Completed,1.11,6.5,1.1,5.75,1.12,6.0,1.12,7.66,1.13,7.66,1.11,6.55
ATP,2016,33,Paris,French Open,2016-06-02,Grand Slam,Outdoor,Clay,Quarterfinals,5,Thiem D.,Goffin D.,15.0,13.0,2430.0,2570.0,4.0,6.0,7.0,6.0,6.0,4.0,6.0,1.0,,,3.0,1.0,Completed,1.53,2.5,1.52,2.35,1.53,2.5,1.67,2.37,1.7,2.5,1.59,2.36
ATP,2016,33,Paris,French Open,2016-06-02,Grand Slam,Outdoor,Clay,Quarterfinals,5,Djokovic N.,Berdych T.,1.0,8.0,16150.0,2850.0,6.0,3.0,7.0,5.0,6.0,3.0,,,,,3.0,0.0,Completed,1.06,10.0,1.09,6.0,1.06,9.0,1.07,9.9,1.1,11.45,1.07,9.05
ATP,2016,33,Paris,French Open,2016-06-03,Grand Slam,Outdoor,Clay,Semifinals,5,Djokovic N.,Thiem D.,1.0,15.0,16150.0,2430.0,6.0,2.0,6.0,1.0,6.0,4.0,,,,,3.0,0.0,Completed,1.08,8.0,1.08,6.0,1.08,8.0,1.11,8.75,1.12,8.75,1.09,7.62
ATP,2016,33,Paris,French Open,2016-06-03,Grand Slam,Outdoor,Clay,Semifinals,5,Murray A.,Wawrinka S.,2.0,4.0,8435.0,6315.0,6.0,4.0,6.0,2.0,4.0,6.0,6.0,2.0,,,3.0,1.0,Completed,1.72,2.1,1.75,1.9,1.73,2.1,1.8,2.18,1.82,2.2,1.75,2.07
ATP,2016,33,Paris,French Open,2016-06-05,Grand Slam,Outdoor,Clay,The Final,5,Djokovic N.,Murray A.,1.0,2.0,16150.0,8435.0,3.0,6.0,6.0,1.0,6.0,2.0,6.0,4.0,,,3.0,1.0,Completed,1.3,3.5,1.33,3.0,1.33,3.4,1.35,3.67,1.35,3.8,1.32,3.48
ATP,2016,39,London,Wimbledon,2016-06-27,Grand Slam,Outdoor,Grass,1st Round,5,Almagro N.,Dutra Silva R.,47.0,386.0,944.0,114.0,6.0,3.0,7.0,6.0,5.0,7.0,3.0,6.0,6.0,3.0,3.0,2.0,Completed,1.12,6.0,1.12,5.0,1.12,6.0,1.12,7.48,1.14,7.48,1.12,6.33
ATP,2016,39,London,Wimbledon,2016-06-27,Grand Slam,Outdoor,Grass,1st Round,5,Dzumhur D.,Kudla D.,87.0,66.0,660.0,770.0,7.0,6.0,7.0,5.0,2.0,6.0,1.0,6.0,6.0,3.0,3.0,2.0,Completed,3.75,1.25,3.5,1.22,3.75,1.25,3.85,1.31,4.1,1.31,3.75,1.26
ATP,2016,39,London,Wimbledon,2016-06-27,Grand Slam,Outdoor,Grass,1st Round,5,Stakhovsky S.,Nishioka Y.,94.0,122.0,635.0,506.0,6.0,3.0,6.0,4.0,6.0,4.0,,,,,3.0,0.0,Completed,1.22,4.0,1.2,3.8,1.22,4.33,1.28,4.14,1.28,4.5,1.24,4.05
ATP,2016,39,London,Wimbledon,2016-06-27,Grand Slam,Outdoor,Grass,1st Round,5,Cilic M.,Baker B.,13.0,589.0,2695.0,50.0,6.0,3.0,7.0,5.0,6.0,3.0,,,,,3.0,0.0,Completed,1.04,13.0,1.04,8.5,1.04,11.0,1.04,15.92,1.05,15.92,1.03,12.25
ATP,2016,39,London,Wimbledon,2016-06-27,Grand Slam,Outdoor,Grass,1st Round,5,Karlovic I.,Coric B.,32.0,50.0,1270.0,935.0,7.0,6.0,7.0,6.0,6.0,4.0,,,,,3.0,0.0,Completed,1.36,3.0,1.35,2.85,1.36,3.25,1.37,3.4,1.38,3.4,1.35,3.17
ATP,2016,39,London,Wimbledon,2016-06-27,Grand Slam,Outdoor,Grass,1st Round,5,Mannarino A.,Edmund K.,55.0,68.0,880.0,758.0,6.0,2.0,7.0,5.0,6.0,4.0,,,,,3.0,0.0,Completed,1.57,2.25,1.52,2.35,1.62,2.25,1.68,2.34,1.7,2.45,1.6,2.31
ATP,2016,39,London,Wimbledon,2016-06-27,Grand Slam,Outdoor,Grass,1st Round,5,Herbert P.H.,Kohlschreiber P.,81.0,22.0,691.0,1600.0,7.0,5.0,6.0,3.0,3.0,6.0,6.0,3.0,,,3.0,1.0,Completed,5.5,1.14,4.5,1.16,5.5,1.14,6.35,1.15,6.5,1.17,5.56,1.14
ATP,2016,39,London,Wimbledon,2016-06-27,Grand Slam,Outdoor,Grass,1st Round,5,Lacko L.,Lorenzi P.,123.0,49.0,501.0,940.0,6.0,4.0,6.0,7.0,7.0,5.0,6.0,3.0,,,3.0,1.0,Completed,1.14,5.5,1.12,5.0,1.14,5.5,1.2,5.24,1.2,6.2,1.15,5.4
ATP,2016,39,London,Wimbledon,2016-06-27,Grand Slam,Outdoor,Grass,1st Round,5,Istomin D.,Anderson K.,116.0,25.0,531.0,1505.0,4.0,6.0,6.0,7.0,6.0,4.0,7.0,6.0,6.0,3.0,3.0,2.0,Completed,4.33,1.22,3.3,1.25,4.33,1.22,4.3,1.26,4.33,1.29,3.93,1.24
ATP,2016,39,London,Wimbledon,2016-06-27,Grand Slam,Outdoor,Grass,1st Round,5,Querrey S.,Rosol L.,41.0,73.0,1075.0,740.0,6.0,7.0,6.0,7.0,6.0,4.0,6.0,2.0,12.0,10.0,3.0,2.0,Completed,1.22,4.33,1.18,4.0,1.22,4.33,1.25,4.46,1.27,5.0,1.22,4.18
ATP,2016,39,London,Wimbledon,2016-06-27,Grand Slam,Outdoor,Grass,1st Round,5,Simon G.,Tipsarevic J.,20.0,411.0,1720.0,103.0,4.0,6.0,6.0,4.0,7.0,5.0,6.0,3.0,,,3.0,1.0,Completed,1.2,4.5,1.2,3.8,1.25,4.0,1.24,4.51,1.25,4.6,1.21,4.25
ATP,2016,39,London,Wimbledon,2016-06-27,Grand Slam,Outdoor,Grass,1st Round,5,Djokovic N.,Ward J.,1.0,177.0,16950.0,309.0,6.0,0.0,7.0,6.0,6.0,4.0,,,,,3.0,0.0,Completed,1.005,34.0,1.0,11.5,1.01,17.0,1.01,76.0,1.02,76.0,1.01,26.02
ATP,2016,39,London,Wimbledon,2016-06-27,Grand Slam,Outdoor,Grass,1st Round,5,Ferrer D.,Sela D.,14.0,63.0,2605.0,781.0,6.0,2.0,6.0,1.0,6.0,1.0,,,,,3.0,0.0,Completed,1.16,5.0,1.18,4.0,1.2,4.5,1.19,5.46,1.23,5.46,1.18,4.81
ATP,2016,39,London,Wimbledon,2016-06-27,Grand Slam,Outdoor,Grass,1st Round,5,Dimitrov G.,Fratangelo B.,37.0,112.0,1150.0,537.0,6.0,3.0,6.0,4.0,6.0,2.0,,,,,3.0,0.0,Completed,1.3,3.5,1.25,3.3,1.29,3.5,1.29,3.97,1.35,3.97,1.3,3.5
ATP,2016,39,London,Wimbledon,2016-06-27,Grand Slam,Outdoor,Grass,1st Round,5,Mahut N.,Klein B.,51.0,260.0,919.0,200.0,7.0,6.0,6.0,4.0,6.0,4.0,,,,,3.0,0.0,Completed,1.08,8.0,1.08,6.0,1.08,8.0,1.07,11.0,1.1,11.0,1.07,8.76
ATP,2016,39,London,Wimbledon,2016-06-27,Grand Slam,Outdoor,Grass,1st Round,5,Goffin D.,Ward A.,11.0,245.0,2780.0,215.0,6.0,2.0,6.0,3.0,6.0,2.0,,,,,3.0,0.0,Completed,1.04,13.0,1.03,9.0,1.04,9.0,1.04,20.71,1.05,20.71,1.03,12.64
ATP,2016,39,London,Wimbledon,2016-06-27,Grand Slam,Outdoor,Grass,1st Round,5,Benneteau J.,Marchenko I.,547.0,84.0,59.0,679.0,6.0,4.0,6.0,2.0,7.0,6.0,,,,,3.0,0.0,Completed,1.9,1.9,2.0,1.7,1.83,1.83,1.83,2.1,2.0,2.1,1.89,1.9
ATP,2016,39,London,Wimbledon,2016-06-27,Grand Slam,Outdoor,Grass,1st Round,5,Seppi A.,Garcia-Lopez G.,45.0,58.0,955.0,855.0,6.0,2.0,6.0,4.0,6.0,0.0,,,,,3.0,0.0,Completed,1.3,3.5,1.35,2.9,1.33,3.4,1.33,3.68,1.36,3.68,1.33,3.3
ATP,2016,39,London,Wimbledon,2016-06-27,Grand Slam,Outdoor,Grass,1st Round,5,Bellucci T.,Bemelmans R.,62.0,193.0,790.0,280.0,3.0,6.0,6.0,4.0,6.0,3.0,1.0,6.0,8.0,6.0,3.0,2.0,Completed,1.9,1.9,1.82,1.82,1.91,1.91,1.95,1.95,2.0,2.0,1.89,1.89
ATP,2016,39,London,Wimbledon,2016-06-27,Grand Slam,Outdoor,Grass,1st Round,5,Dolgopolov O.,Donskoy E.,33.0,78.0,1215.0,705.0,6.0,2.0,6.0,4.0,3.0,6.0,7.0,6.0,,,3.0,1.0,Completed,1.14,5.5,1.16,4.5,1.17,5.0,1.18,5.63,1.19,5.75,1.16,5.16
ATP,2016,39,London,Wimbledon,2016-06-27,Grand Slam,Outdoor,Grass,1st Round,5,Roger-Vasselin E.,Gabashvili T.,186.0,103.0,290.0,571.0,1.0,6.0,6.0,3.0,6.0,4.0,6.0,4.0,,,3.0,1.0,Completed,1.8,2.0,1.8,1.85,1.83,1.83,1.88,2.02,1.9,2.04,1.83,1.96
ATP,2016,39,London,Wimbledon,2016-06-27,Grand Slam,Outdoor,Grass,1st Round,5,Raonic M.,Carreno Busta P.,7.0,46.0,3175.0,950.0,7.0,6.0,6.0,2.0,6.0,4.0,,,,,3.0,0.0,Completed,1.01,23.0,1.01,11.0,1.02,11.0,1.01,25.99,1.02,29.75,1.01,19.38
ATP,2016,39,London,Wimbledon,2016-06-27,Grand Slam,Outdoor,Grass,1st Round,5,Nishikori K.,Groth S.,6.0,124.0,4155.0,498.0,6.0,4.0,6.0,3.0,7.0,5.0,,,,,3.0,0.0,Completed,1.07,9.0,1.06,7.25,1.07,7.5,1.09,9.35,1.09,10.5,1.07,8.62
ATP,2016,39,London,Wimbledon,2016-06-27,Grand Slam,Outdoor,Grass,1st Round,5,Willis M.,Berankis R.,772.0,54.0,26.0,890.0,6.0,3.0,6.0,3.0,6.0,4.0,,,,,3.0,0.0,Completed,3.75,1.28,3.0,1.3,3.25,1.33,3.75,1.32,3.76,1.35,3.46,1.3
ATP,2016,39,London,Wimbledon,2016-06-27,Grand Slam,Outdoor,Grass,1st Round,5,Haase R.,Schwartzman D.,98.0,71.0,615.0,746.0,2.0,6.0,6.0,2.0,6.0,3.0,2.0,6.0,7.0,5.0,3.0,2.0,Completed,1.16,5.0,1.16,4.4,1.2,4.33,1.18,5.63,1.22,5.63,1.16,5.07
ATP,2016,39,London,Wimbledon,2016-06-27,Grand Slam,Outdoor,Grass,1st Round,5,Evans D.,Struff J.L.,91.0,86.0,648.0,661.0,6.0,3.0,6.0,7.0,7.0,6.0,7.0,5.0,,,3.0,1.0,Completed,1.72,2.1,1.68,2.05,1.8,2.0,1.85,2.01,1.9,2.1,1.77,2.02
ATP,2016,39,London,Wimbledon,2016-06-27,Grand Slam,Outdoor,Grass,1st Round,5,Johnson S.,Jaziri M.,29.0,60.0,1385.0,824.0,7.0,5.0,7.0,6.0,6.0,4.0,,,,,3.0,0.0,Completed,1.16,5.0,1.15,4.6,1.17,5.0,1.18,5.61,1.19,5.61,1.16,5.09
ATP,2016,39,London,Wimbledon,2016-06-27,Grand Slam,Outdoor,Grass,1st Round,5,Sock J.,Gulbis E.,26.0,61.0,1415.0,811.0,6.0,4.0,6.0,4.0,6.0,4.0,,,,,3.0,0.0,Completed,1.53,2.5,1.52,2.35,1.53,2.5,1.57,2.57,1.57,2.65,1.53,2.48
ATP,2016,39,London,Wimbledon,2016-06-27,Grand Slam,Outdoor,Grass,1st Round,5,Chardy J.,Monfils G.,34.0,16.0,1175.0,2110.0,6.0,7.0,6.0,0.0,4.0,6.0,6.0,1.0,6.0,2.0,3.0,2.0,Completed,2.37,1.57,2.35,1.52,2.25,1.62,2.53,1.59,2.53,1.64,2.37,1.58
ATP,2016,39,London,Wimbledon,2016-06-27,Grand Slam,Outdoor,Grass,1st Round,5,Kuznetsov An.,Cuevas P.,42.0,24.0,1013.0,1555.0,6.0,3.0,3.0,6.0,5.0,7.0,6.0,3.0,6.0,4.0,3.0,2.0,Completed,2.0,1.8,1.85,1.82,2.1,1.67,1.87,2.0,2.1,2.0,1.95,1.83
ATP,2016,39,London,Wimbledon,2016-06-27,Grand Slam,Outdoor,Grass,1st Round,5,Federer R.,Pella G.,3.0,52.0,6425.0,919.0,7.0,6.0,7.0,6.0,6.0,3.0,,,,,3.0,0.0,Completed,1.005,34.0,1.0,11.5,1.01,26.0,1.01,25.99,1.02,34.0,1.01,20.58
ATP,2016,39,London,Wimbledon,2016-06-28,Grand Slam,Outdoor,Grass,1st Round,5,Brown D.,Lajovic D.,85.0,82.0,673.0,691.0,4.0,6.0,6.0,3.0,3.0,6.0,6.0,3.0,6.0,4.0,3.0,2.0,Completed,1.1,7.0,1.09,6.0,1.1,7.0,1.15,6.48,1.15,7.0,1.12,6.23
ATP,2016,39,London,Wimbledon,2016-06-28,Grand Slam,Outdoor,Grass,1st Round,5,Novikov D.,Saville L.,145.0,221.0,390.0,241.0,4.0,6.0,6.0,4.0,7.0,5.0,6.0,4.0,,,3.0,1.0,Completed,1.61,2.3,1.58,2.2,1.67,2.2,1.53,2.62,1.67,2.62,1.57,2.37
ATP,2016,39,London,Wimbledon,2016-06-28,Grand Slam,Outdoor,Grass,1st Round,5,Monaco J.,Daniel T.,97.0,114.0,620.0,535.0,7.0,5.0,4.0,6.0,6.0,3.0,6.0,2.0,,,3.0,1.0,Completed,1.2,4.5,1.22,3.8,1.22,4.33,1.23,4.72,1.25,4.75,1.21,4.31
ATP,2016,39,London,Wimbledon,2016-06-28,Grand Slam,Outdoor,Grass,1st Round,5,Gasquet R.,Bedene A.,10.0,56.0,2905.0,870.0,6.0,3.0,6.0,4.0,6.0,3.0,,,,,3.0,0.0,Completed,1.08,8.0,1.08,6.0,1.08,8.0,1.08,9.87,1.1,9.87,1.08,7.91
ATP,2016,39,London,Wimbledon,2016-06-28,Grand Slam,Outdoor,Grass,1st Round,5,Granollers M.,Estrella Burgos V.,340.0,77.0,138.0,707.0,6.0,2.0,6.0,4.0,2.0,6.0,6.0,4.0,,,3.0,1.0,Completed,1.3,3.5,1.28,3.2,1.3,3.4,1.29,4.05,1.31,4.2,1.28,3.62
ATP,2016,39,London,Wimbledon,2016-06-28,Grand Slam,Outdoor,Grass,1st Round,5,Kyrgios N.,Stepanek R.,18.0,121.0,1855.0,506.0,6.0,4.0,6.0,3.0,6.0,7.0,6.0,1.0,,,3.0,1.0,Completed,1.2,4.5,1.15,4.75,1.17,5.0,1.17,6.02,1.21,6.02,1.16,5.14
ATP,2016,39,London,Wimbledon,2016-06-28,Grand Slam,Outdoor,Grass,1st Round,5,Troicki V.,Lamasine T.,27.0,204.0,1405.0,261.0,6.0,4.0,6.0,2.0,6.0,2.0,,,,,3.0,0.0,Completed,1.08,8.0,1.08,6.0,1.07,7.5,1.09,9.35,1.1,9.35,1.08,7.87
ATP,2016,39,London,Wimbledon,2016-06-28,Grand Slam,Outdoor,Grass,1st Round,5,Lu Y.H.,Kudryavtsev A.,76.0,179.0,710.0,302.0,6.0,4.0,6.0,1.0,6.0,4.0,,,,,3.0,0.0,Completed,1.16,5.0,1.15,4.6,1.17,4.5,1.15,6.59,1.18,6.59,1.15,5.25
ATP,2016,39,London,Wimbledon,2016-06-28,Grand Slam,Outdoor,Grass,1st Round,5,Paire B.,Skugor F.,23.0,194.0,1596.0,279.0,3.0,6.0,7.0,6.0,2.0,6.0,6.0,3.0,10.0,8.0,3.0,2.0,Completed,1.4,3.0,1.35,2.8,1.4,2.75,1.45,3.0,1.45,3.1,1.4,2.93
ATP,2016,39,London,Wimbledon,2016-06-28,Grand Slam,Outdoor,Grass,1st Round,5,Tsonga J.W.,Cervantes I.,12.0,75.0,2725.0,713.0,6.0,4.0,7.0,6.0,6.0,4.0,,,,,3.0,0.0,Completed,1.06,10.0,1.06,7.5,1.14,5.0,1.06,13.0,1.14,13.0,1.06,9.44
ATP,2016,39,London,Wimbledon,2016-06-28,Grand Slam,Outdoor,Grass,1st Round,5,Millman J.,Montanes A.,67.0,120.0,770.0,508.0,7.0,5.0,4.0,6.0,5.0,7.0,6.0,4.0,6.0,3.0,3.0,2.0,Completed,1.08,8.0,1.08,6.0,1.11,6.0,1.12,7.73,1.12,8.12,1.1,6.97
ATP,2016,39,London,Wimbledon,2016-06-28,Grand Slam,Outdoor,Grass,1st Round,5,Ramos-Vinolas A.,Pospisil V.,36.0,44.0,1165.0,955.0,6.0,4.0,3.0,6.0,6.0,3.0,6.0,4.0,,,3.0,1.0,Completed,3.25,1.33,3.6,1.22,4.0,1.25,3.22,1.4,4.0,1.4,3.3,1.33
ATP,2016,39,London,Wimbledon,2016-06-28,Grand Slam,Outdoor,Grass,1st Round,5,Sousa J.,Tursunov D.,31.0,453.0,1275.0,85.0,3.0,6.0,7.0,6.0,4.0,6.0,6.0,3.0,7.0,5.0,3.0,2.0,Completed,1.44,2.75,1.4,2.75,1.4,2.75,1.45,3.0,1.46,3.04,1.42,2.81
ATP,2016,39,London,Wimbledon,2016-06-28,Grand Slam,Outdoor,Grass,1st Round,5,Wawrinka S.,Fritz T.,5.0,65.0,5035.0,778.0,7.0,6.0,6.0,1.0,6.0,7.0,6.0,4.0,,,3.0,1.0,Completed,1.08,8.0,1.07,7.0,1.07,7.5,1.1,8.67,1.11,8.67,1.09,7.49
ATP,2016,39,London,Wimbledon,2016-06-28,Grand Slam,Outdoor,Grass,1st Round,5,Lopez F.,Ram R.,21.0,72.0,1630.0,743.0,7.0,6.0,6.0,4.0,6.0,4.0,,,,,3.0,0.0,Completed,1.2,4.5,1.16,4.25,1.2,4.5,1.24,4.65,1.24,5.0,1.2,4.46
ATP,2016,39,London,Wimbledon,2016-06-28,Grand Slam,Outdoor,Grass,1st Round,5,Becker B.,Bagnis F.,102.0,96.0,577.0,622.0,6.0,3.0,6.0,3.0,6.0,1.0,,,,,3.0,0.0,Completed,1.06,10.0,1.05,8.0,1.06,9.0,1.08,10.44,1.1,10.75,1.06,9.14
ATP,2016,39,London,Wimbledon,2016-06-28,Grand Slam,Outdoor,Grass,1st Round,5,Kukushkin M.,Klizan M.,57.0,48.0,867.0,943.0,7.0,6.0,7.0,6.0,6.0,4.0,,,,,3.0,0.0,Completed,1.4,3.0,1.35,2.9,1.4,3.0,1.46,2.95,1.46,3.0,1.41,2.86
ATP,2016,39,London,Wimbledon,2016-06-28,Grand Slam,Outdoor,Grass,1st Round,5,Del Potro J.M.,Robert S.,165.0,79.0,320.0,702.0,6.0,1.0,7.0,5.0,6.0,0.0,,,,,3.0,0.0,Completed,1.12,6.0,1.12,5.0,1.12,6.0,1.16,6.16,1.16,6.5,1.13,5.85
ATP,2016,39,London,Wimbledon,2016-06-28,Grand Slam,Outdoor,Grass,1st Round,5,Bautista Agut R.,Thompson J.,15.0,88.0,2150.0,657.0,6.0,3.0,6.0,3.0,6.0,3.0,,,,,3.0,0.0,Completed,1.1,7.0,1.11,5.25,1.1,7.0,1.11,8.26,1.12,8.26,1.1,7.09
ATP,2016,39,London,Wimbledon,2016-06-28,Grand Slam,Outdoor,Grass,1st Round,5,Murray A.,Broady L.,2.0,235.0,8915.0,224.0,6.0,2.0,6.0,3.0,6.0,4.0,,,,,3.0,0.0,Completed,1.005,34.0,1.01,12.0,1.0,34.0,1.01,51.0,1.02,51.0,1.01,26.09
ATP,2016,39,London,Wimbledon,2016-06-28,Grand Slam,Outdoor,Grass,1st Round,5,Muller G.,Giraldo S.,39.0,129.0,1090.0,464.0,4.0,6.0,6.0,7.0,7.0,6.0,6.0,3.0,15.0,13.0,3.0,2.0,Completed,1.08,8.0,1.09,6.0,1.1,7.0,1.08,10.44,1.12,10.44,1.08,8.09
ATP,2016,39,London,Wimbledon,2016-06-29,Grand Slam,Outdoor,Grass,1st Round,5,Berdych T.,Dodig I.,9.0,74.0,2950.0,724.0,7.0,6.0,5.0,7.0,6.0,1.0,7.0,6.0,,,3.0,1.0,Completed,1.1,7.0,1.1,5.75,1.11,6.5,1.09,9.35,1.12,9.35,1.09,7.38
ATP,2016,39,London,Wimbledon,2016-06-29,Grand Slam,Outdoor,Grass,1st Round,5,Thiem D.,Mayer F.,8.0,80.0,3175.0,696.0,7.0,5.0,6.0,4.0,6.0,4.0,,,,,3.0,0.0,Completed,1.33,3.5,1.38,2.8,1.36,3.0,1.34,3.56,1.38,3.56,1.34,3.24
ATP,2016,39,London,Wimbledon,2016-06-29,Grand Slam,Outdoor,Grass,1st Round,5,Tomic B.,Verdasco F.,19.0,53.0,1760.0,900.0,4.0,6.0,6.0,3.0,6.0,3.0,3.0,6.0,6.0,4.0,3.0,2.0,Completed,1.44,2.75,1.48,2.45,1.44,2.75,1.39,3.28,1.5,3.28,1.44,2.76
ATP,2016,39,London,Wimbledon,2016-06-29,Grand Slam,Outdoor,Grass,1st Round,5,Vesely J.,Sijsling I.,64.0,118.0,780.0,523.0,6.0,2.0,6.0,4.0,7.0,6.0,,,,,3.0,0.0,Completed,1.72,2.1,1.7,2.0,1.73,2.0,1.81,2.11,1.83,2.23,1.73,2.08
ATP,2016,39,London,Wimbledon,2016-06-29,Grand Slam,Outdoor,Grass,1st Round,5,Albot R.,Elias G.,110.0,92.0,544.0,647.0,3.0,6.0,6.0,2.0,7.0,5.0,6.0,4.0,,,3.0,1.0,Completed,1.28,3.75,1.28,3.2,1.3,3.5,1.28,4.12,1.33,4.13,1.27,3.77
ATP,2016,39,London,Wimbledon,2016-06-29,Grand Slam,Outdoor,Grass,1st Round,5,Zverev A.,Mathieu P.H.,28.0,59.0,1385.0,845.0,6.0,3.0,6.0,4.0,6.0,2.0,,,,,3.0,0.0,Completed,1.16,5.0,1.16,4.25,1.2,4.5,1.17,5.99,1.2,6.34,1.15,5.38
ATP,2016,39,London,Wimbledon,2016-06-30,Grand Slam,Outdoor,Grass,1st Round,5,Barton M.,Olivetti A.,248.0,793.0,212.0,24.0,6.0,7.0,7.0,6.0,6.0,3.0,6.0,7.0,14.0,12.0,3.0,2.0,Completed,1.5,2.62,1.45,2.55,1.5,2.5,1.53,2.7,1.53,2.7,1.5,2.58
ATP,2016,39,London,Wimbledon,2016-06-30,Grand Slam,Outdoor,Grass,1st Round,5,Fognini F.,Delbonis F.,35.0,38.0,1170.0,1105.0,6.0,4.0,1.0,6.0,6.0,7.0,6.0,2.0,6.0,3.0,3.0,2.0,Completed,1.33,3.4,1.28,3.2,1.33,3.4,1.38,3.33,1.38,3.4,1.34,3.23
ATP,2016,39,London,Wimbledon,2016-06-30,Grand Slam,Outdoor,Grass,1st Round,5,Isner J.,Baghdatis M.,17.0,40.0,2055.0,1085.0,7.0,6.0,7.0,6.0,6.0,3.0,,,,,3.0,0.0,Completed,1.4,2.75,1.42,2.65,1.4,3.0,1.4,3.22,1.44,3.25,1.38,3.0
ATP,2016,39,London,Wimbledon,2016-06-30,Grand Slam,Outdoor,Grass,1st Round,5,Pouille L.,Copil M.,30.0,174.0,1311.0,311.0,6.0,4.0,4.0,6.0,6.0,4.0,6.0,1.0,,,3.0,1.0,Completed,2.25,1.61,2.15,1.62,2.2,1.62,2.29,1.7,2.35,1.77,2.21,1.65
ATP,2016,39,London,Wimbledon,2016-06-30,Grand Slam,Outdoor,Grass,1st Round,5,Young D.,Mayer L.,69.0,90.0,757.0,650.0,6.0,4.0,7.0,5.0,3.0,6.0,6.0,3.0,,,3.0,1.0,Completed,1.8,2.0,1.82,1.85,1.91,1.91,1.91,1.95,1.91,2.05,1.85,1.93
ATP,2016,39,London,Wimbledon,2016-06-30,Grand Slam,Outdoor,Grass,1st Round,5,Youzhny M.,Zeballos H.,70.0,83.0,753.0,686.0,6.0,4.0,6.0,4.0,3.0,6.0,6.0,1.0,,,3.0,1.0,Completed,1.1,7.0,1.11,5.25,1.11,6.5,1.12,7.73,1.13,8.77,1.1,6.86
ATP,2016,39,London,Wimbledon,2016-06-29,Grand Slam,Outdoor,Grass,2nd Round,5,Djokovic N.,Mannarino A.,1.0,55.0,16950.0,880.0,6.0,4.0,6.0,3.0,7.0,6.0,,,,,3.0,0.0,Completed,1.005,34.0,1.01,10.5,1.01,26.0,1.01,32.93,1.02,46.0,1.01,23.31
ATP,2016,39,London,Wimbledon,2016-06-29,Grand Slam,Outdoor,Grass,2nd Round,5,Federer R.,Willis M.,3.0,772.0,6425.0,26.0,6.0,0.0,6.0,3.0,6.0,4.0,,,,,3.0,0.0,Completed,1.01,26.0,1.01,11.0,1.01,17.0,1.02,22.73,1.03,26.0,1.01,17.83
ATP,2016,39,London,Wimbledon,2016-06-30,Grand Slam,Outdoor,Grass,2nd Round,5,Querrey S.,Bellucci T.,41.0,62.0,1075.0,790.0,6.0,4.0,6.0,3.0,6.0,2.0,,,,,3.0,0.0,Completed,1.2,4.5,1.18,4.0,1.2,4.5,1.2,5.24,1.22,5.25,1.17,4.66
ATP,2016,39,London,Wimbledon,2016-06-30,Grand Slam,Outdoor,Grass,2nd Round,5,Evans D.,Dolgopolov O.,91.0,33.0,648.0,1215.0,7.0,6.0,6.0,4.0,6.0,1.0,,,,,3.0,0.0,Completed,3.25,1.36,2.8,1.35,3.25,1.36,3.3,1.39,3.3,1.41,3.11,1.36
ATP,2016,39,London,Wimbledon,2016-06-30,Grand Slam,Outdoor,Grass,2nd Round,5,Herbert P.H.,Dzumhur D.,81.0,87.0,691.0,660.0,3.0,6.0,7.0,6.0,7.0,6.0,6.0,2.0,,,3.0,1.0,Completed,1.28,3.75,1.25,3.5,1.29,3.75,1.31,3.85,1.34,4.0,1.27,3.67
ATP,2016,39,London,Wimbledon,2016-06-30,Grand Slam,Outdoor,Grass,2nd Round,5,Lacko L.,Karlovic I.,123.0,32.0,501.0,1270.0,6.0,3.0,3.0,6.0,7.0,6.0,6.0,4.0,,,3.0,1.0,Completed,4.5,1.2,4.25,1.17,4.0,1.22,4.6,1.24,4.75,1.24,4.39,1.2
ATP,2016,39,London,Wimbledon,2016-06-30,Grand Slam,Outdoor,Grass,2nd Round,5,Sock J.,Haase R.,26.0,98.0,1415.0,615.0,6.0,1.0,6.0,3.0,6.0,7.0,6.0,4.0,,,3.0,1.0,Completed,1.2,4.5,1.16,4.25,1.2,4.5,1.21,5.0,1.22,5.0,1.19,4.54
ATP,2016,39,London,Wimbledon,2016-06-30,Grand Slam,Outdoor,Grass,2nd Round,5,Istomin D.,Almagro N.,116.0,47.0,531.0,944.0,6.0,4.0,7.0,6.0,6.0,2.0,,,,,3.0,0.0,Completed,1.4,2.75,1.4,2.75,1.4,3.0,1.45,3.0,1.45,3.1,1.4,2.89
ATP,2016,39,London,Wimbledon,2016-06-30,Grand Slam,Outdoor,Grass,2nd Round,5,Goffin D.,Roger-Vasselin E.,11.0,186.0,2780.0,290.0,6.0,4.0,6.0,0.0,6.0,3.0,,,,,3.0,0.0,Completed,1.11,6.5,1.11,5.25,1.11,6.5,1.11,8.05,1.13,8.05,1.1,6.81
ATP,2016,39,London,Wimbledon,2016-06-30,Grand Slam,Outdoor,Grass,2nd Round,5,Mahut N.,Ferrer D.,51.0,14.0,919.0,2605.0,6.0,1.0,6.0,4.0,6.0,3.0,,,,,3.0,0.0,Completed,2.3,1.61,2.2,1.6,2.2,1.67,2.26,1.68,2.33,1.72,2.22,1.65
ATP,2016,39,London,Wimbledon,2016-06-30,Grand Slam,Outdoor,Grass,2nd Round,5,Cilic M.,Stakhovsky S.,13.0,94.0,2695.0,635.0,6.0,2.0,6.0,7.0,6.0,4.0,6.0,4.0,,,3.0,1.0,Completed,1.2,4.5,1.16,4.4,1.2,4.5,1.22,4.85,1.22,4.85,1.2,4.51
ATP,2016,39,London,Wimbledon,2016-06-30,Grand Slam,Outdoor,Grass,2nd Round,5,Johnson S.,Chardy J.,29.0,34.0,1385.0,1175.0,6.0,1.0,7.0,6.0,6.0,3.0,,,,,3.0,0.0,Completed,1.53,2.5,1.5,2.4,1.53,2.5,1.63,2.44,1.63,2.5,1.56,2.41
ATP,2016,39,London,Wimbledon,2016-06-30,Grand Slam,Outdoor,Grass,2nd Round,5,Kuznetsov An.,Muller G.,42.0,39.0,1013.0,1090.0,6.0,3.0,6.0,4.0,6.0,4.0,,,,,3.0,0.0,Completed,2.3,1.61,2.25,1.58,2.38,1.57,2.37,1.66,2.45,1.66,2.31,1.6
ATP,2016,39,London,Wimbledon,2016-06-30,Grand Slam,Outdoor,Grass,2nd Round,5,Raonic M.,Seppi A.,7.0,45.0,3175.0,955.0,7.0,6.0,6.0,4.0,6.0,2.0,,,,,3.0,0.0,Completed,1.12,6.0,1.11,5.1,1.11,6.5,1.12,7.55,1.14,8.0,1.11,6.57
ATP,2016,39,London,Wimbledon,2016-06-30,Grand Slam,Outdoor,Grass,2nd Round,5,Nishikori K.,Benneteau J.,6.0,547.0,4155.0,59.0,4.0,6.0,6.0,4.0,6.0,4.0,6.0,2.0,,,3.0,1.0,Completed,1.1,7.0,1.09,6.0,1.1,7.0,1.1,8.67,1.13,9.0,1.09,7.24
ATP,2016,39,London,Wimbledon,2016-06-30,Grand Slam,Outdoor,Grass,2nd Round,5,Dimitrov G.,Simon G.,37.0,20.0,1150.0,1720.0,6.0,3.0,7.0,6.0,4.0,6.0,6.0,4.0,,,3.0,1.0,Completed,2.0,1.8,1.85,1.8,2.0,1.8,2.0,1.91,2.05,1.92,1.95,1.83
ATP,2016,39,London,Wimbledon,2016-06-30,Grand Slam,Outdoor,Grass,2nd Round,5,Tomic B.,Albot R.,19.0,110.0,1760.0,544.0,7.0,6.0,6.0,3.0,6.0,7.0,6.0,3.0,,,3.0,1.0,Completed,1.1,7.0,1.09,6.0,1.11,6.5,1.1,8.67,1.12,9.0,1.09,7.38
ATP,2016,39,London,Wimbledon,2016-06-30,Grand Slam,Outdoor,Grass,2nd Round,5,Ramos-Vinolas A.,Troicki V.,36.0,27.0,1165.0,1405.0,3.0,6.0,6.0,3.0,6.0,3.0,2.0,6.0,6.0,3.0,3.0,2.0,Completed,4.0,1.25,3.7,1.22,3.75,1.29,4.46,1.25,4.5,1.29,4.1,1.23
ATP,2016,39,London,Wimbledon,2016-06-30,Grand Slam,Outdoor,Grass,2nd Round,5,Bautista Agut R.,Kukushkin M.,15.0,57.0,2150.0,867.0,,,,,,,,,,,,,Walkover,1.12,6.0,1.13,4.9,1.12,6.0,1.14,6.87,1.17,6.87,1.12,6.07
ATP,2016,39,London,Wimbledon,2016-06-30,Grand Slam,Outdoor,Grass,2nd Round,5,Millman J.,Paire B.,67.0,23.0,770.0,1596.0,7.0,6.0,6.0,3.0,4.0,6.0,6.0,2.0,,,3.0,1.0,Completed,2.2,1.66,2.0,1.68,2.2,1.67,2.2,1.75,2.25,1.75,2.14,1.69
ATP,2016,39,London,Wimbledon,2016-06-30,Grand Slam,Outdoor,Grass,2nd Round,5,Sousa J.,Novikov D.,31.0,145.0,1275.0,390.0,6.0,4.0,6.0,4.0,3.0,6.0,6.0,4.0,,,3.0,1.0,Completed,1.44,2.75,1.45,2.55,1.44,2.75,1.51,2.75,1.52,2.8,1.46,2.68
ATP,2016,39,London,Wimbledon,2016-06-30,Grand Slam,Outdoor,Grass,2nd Round,5,Gasquet R.,Granollers M.,10.0,340.0,2905.0,138.0,4.0,6.0,7.0,5.0,6.0,3.0,6.0,1.0,,,3.0,1.0,Completed,1.1,7.0,1.08,6.5,1.08,8.0,1.08,9.87,1.1,9.87,1.08,8.01
ATP,2016,39,London,Wimbledon,2016-06-30,Grand Slam,Outdoor,Grass,2nd Round,5,Murray A.,Lu Y.H.,2.0,76.0,8915.0,710.0,6.0,3.0,6.0,2.0,6.0,1.0,,,,,3.0,0.0,Completed,1.01,21.0,1.01,10.0,1.02,17.0,1.02,24.52,1.02,29.75,1.01,17.73
ATP,2016,39,London,Wimbledon,2016-06-30,Grand Slam,Outdoor,Grass,2nd Round,5,Vesely J.,Thiem D.,64.0,8.0,780.0,3175.0,7.0,6.0,7.0,6.0,7.0,6.0,,,,,3.0,0.0,Completed,6.5,1.11,5.1,1.11,6.0,1.12,6.87,1.14,7.0,1.15,6.08,1.12
ATP,2016,39,London,Wimbledon,2016-07-01,Grand Slam,Outdoor,Grass,2nd Round,5,Kyrgios N.,Brown D.,18.0,85.0,1855.0,673.0,6.0,7.0,6.0,1.0,2.0,6.0,6.0,4.0,6.0,4.0,3.0,2.0,Completed,1.08,8.0,1.07,7.0,1.08,8.0,1.09,9.35,1.1,9.35,1.08,7.81
ATP,2016,39,London,Wimbledon,2016-07-01,Grand Slam,Outdoor,Grass,2nd Round,5,Del Potro J.M.,Wawrinka S.,165.0,5.0,320.0,5035.0,3.0,6.0,6.0,3.0,7.0,6.0,6.0,3.0,,,3.0,1.0,Completed,2.62,1.5,2.55,1.45,2.62,1.44,2.86,1.48,3.0,1.53,2.66,1.47
ATP,2016,39,London,Wimbledon,2016-07-01,Grand Slam,Outdoor,Grass,2nd Round,5,Berdych T.,Becker B.,9.0,102.0,2950.0,577.0,6.0,4.0,6.0,1.0,6.0,2.0,,,,,3.0,0.0,Completed,1.08,8.0,1.08,6.25,1.11,6.5,1.09,9.35,1.14,9.35,1.08,7.49
ATP,2016,39,London,Wimbledon,2016-07-01,Grand Slam,Outdoor,Grass,2nd Round,5,Isner J.,Barton M.,17.0,248.0,2055.0,212.0,7.0,6.0,7.0,6.0,7.0,6.0,,,,,3.0,0.0,Completed,1.05,10.0,1.06,7.25,1.06,9.0,1.08,10.44,1.09,11.8,1.06,9.16
ATP,2016,39,London,Wimbledon,2016-07-01,Grand Slam,Outdoor,Grass,2nd Round,5,Pouille L.,Young D.,30.0,69.0,1311.0,757.0,6.0,4.0,6.0,3.0,6.0,3.0,,,,,3.0,0.0,Completed,1.72,2.1,1.72,1.95,1.67,2.2,1.74,2.22,1.85,2.23,1.72,2.1
ATP,2016,39,London,Wimbledon,2016-07-01,Grand Slam,Outdoor,Grass,2nd Round,5,Lopez F.,Fognini F.,21.0,35.0,1630.0,1170.0,3.0,6.0,6.0,7.0,6.0,3.0,6.0,3.0,6.0,3.0,3.0,2.0,Completed,1.25,4.0,1.25,3.5,1.25,4.0,1.28,4.14,1.3,4.14,1.25,3.86
ATP,2016,39,London,Wimbledon,2016-07-01,Grand Slam,Outdoor,Grass,2nd Round,5,Tsonga J.W.,Monaco J.,12.0,97.0,2725.0,620.0,6.0,1.0,6.0,4.0,6.0,3.0,,,,,3.0,0.0,Completed,1.14,5.5,1.14,4.75,1.14,5.0,1.17,5.77,1.18,6.5,1.14,5.52
ATP,2016,39,London,Wimbledon,2016-07-02,Grand Slam,Outdoor,Grass,2nd Round,5,Zverev A.,Youzhny M.,28.0,70.0,1385.0,753.0,6.0,4.0,3.0,6.0,6.0,0.0,4.0,6.0,6.0,2.0,3.0,2.0,Completed,1.22,4.33,1.2,4.0,1.2,4.5,1.26,4.34,1.26,4.85,1.21,4.28
ATP,2016,39,London,Wimbledon,2016-07-01,Grand Slam,Outdoor,Grass,3rd Round,5,Federer R.,Evans D.,3.0,91.0,6425.0,648.0,6.0,4.0,6.0,2.0,6.0,2.0,,,,,3.0,0.0,Completed,1.02,17.0,1.02,9.5,1.02,15.0,1.04,18.08,1.04,18.75,1.03,14.82
ATP,2016,39,London,Wimbledon,2016-07-02,Grand Slam,Outdoor,Grass,3rd Round,5,Johnson S.,Dimitrov G.,29.0,37.0,1385.0,1150.0,6.0,7.0,7.0,6.0,6.0,4.0,6.0,2.0,,,3.0,1.0,Completed,2.2,1.66,2.15,1.62,2.2,1.67,1.75,2.14,2.27,1.83,2.15,1.69
ATP,2016,39,London,Wimbledon,2016-07-02,Grand Slam,Outdoor,Grass,3rd Round,5,Nishikori K.,Kuznetsov An.,6.0,42.0,4155.0,1013.0,7.0,5.0,6.0,3.0,7.0,5.0,,,,,3.0,0.0,Completed,1.16,5.0,1.16,4.5,1.2,4.5,1.24,4.72,1.24,5.25,1.19,4.65
ATP,2016,39,London,Wimbledon,2016-07-02,Grand Slam,Outdoor,Grass,3rd Round,5,Cilic M.,Lacko L.,13.0,123.0,2695.0,501.0,6.0,3.0,6.0,3.0,6.0,4.0,,,,,3.0,0.0,Completed,1.1,7.0,1.11,5.1,1.11,6.5,1.12,8.01,1.12,8.01,1.1,6.93
ATP,2016,39,London,Wimbledon,2016-07-02,Grand Slam,Outdoor,Grass,3rd Round,5,Querrey S.,Djokovic N.,41.0,1.0,1075.0,16950.0,7.0,6.0,6.0,1.0,3.0,6.0,7.0,6.0,,,3.0,1.0,Completed,26.0,1.01,12.0,1.01,17.0,1.02,31.3,1.01,39.75,1.02,20.78,1.01
ATP,2016,39,London,Wimbledon,2016-07-02,Grand Slam,Outdoor,Grass,3rd Round,5,Mahut N.,Herbert P.H.,51.0,81.0,919.0,691.0,7.0,6.0,6.0,4.0,3.0,6.0,6.0,3.0,,,3.0,1.0,Completed,1.36,3.25,1.28,3.2,1.36,3.25,1.39,3.32,1.39,3.55,1.33,3.28
ATP,2016,39,London,Wimbledon,2016-07-02,Grand Slam,Outdoor,Grass,3rd Round,5,Murray A.,Millman J.,2.0,67.0,8915.0,770.0,6.0,3.0,7.0,5.0,6.0,2.0,,,,,3.0,0.0,Completed,1.01,23.0,1.01,11.0,1.01,21.0,1.02,25.5,1.03,28.25,1.01,18.12
ATP,2016,39,London,Wimbledon,2016-07-02,Grand Slam,Outdoor,Grass,3rd Round,5,Tomic B.,Bautista Agut R.,19.0,15.0,1760.0,2150.0,6.0,2.0,6.0,4.0,6.0,4.0,,,,,3.0,0.0,Completed,2.0,1.8,1.9,1.8,2.0,1.8,2.21,1.71,2.21,1.87,1.99,1.79
ATP,2016,39,London,Wimbledon,2016-07-02,Grand Slam,Outdoor,Grass,3rd Round,5,Goffin D.,Istomin D.,11.0,116.0,2780.0,531.0,6.0,4.0,6.0,3.0,2.0,6.0,6.0,1.0,,,3.0,1.0,Completed,1.14,5.5,1.16,4.5,1.17,5.0,1.19,5.65,1.19,5.75,1.17,5.04
ATP,2016,39,London,Wimbledon,2016-07-02,Grand Slam,Outdoor,Grass,3rd Round,5,Raonic M.,Sock J.,7.0,26.0,3175.0,1415.0,7.0,6.0,6.0,4.0,7.0,6.0,,,,,3.0,0.0,Completed,1.14,5.5,1.16,4.5,1.14,5.0,1.18,5.77,1.18,6.0,1.15,5.34
ATP,2016,39,London,Wimbledon,2016-07-03,Grand Slam,Outdoor,Grass,3rd Round,5,Tsonga J.W.,Isner J.,12.0,17.0,2725.0,2055.0,6.0,7.0,3.0,6.0,7.0,6.0,6.0,2.0,19.0,17.0,3.0,2.0,Completed,1.72,2.1,1.72,1.95,1.67,2.1,1.73,2.26,1.8,2.26,1.72,2.12
ATP,2016,39,London,Wimbledon,2016-07-03,Grand Slam,Outdoor,Grass,3rd Round,5,Pouille L.,Del Potro J.M.,30.0,165.0,1311.0,320.0,6.0,7.0,7.0,6.0,7.0,5.0,6.0,1.0,,,3.0,1.0,Completed,5.0,1.16,4.25,1.16,5.0,1.17,5.05,1.22,5.25,1.22,4.78,1.18
ATP,2016,39,London,Wimbledon,2016-07-03,Grand Slam,Outdoor,Grass,3rd Round,5,Gasquet R.,Ramos-Vinolas A.,10.0,36.0,2905.0,1165.0,2.0,6.0,7.0,6.0,6.0,2.0,6.0,3.0,,,3.0,1.0,Completed,1.11,6.5,1.1,6.0,1.11,6.0,1.28,4.07,1.28,7.25,1.12,6.32
ATP,2016,39,London,Wimbledon,2016-07-03,Grand Slam,Outdoor,Grass,3rd Round,5,Kyrgios N.,Lopez F.,18.0,21.0,1855.0,1630.0,6.0,3.0,6.0,7.0,6.0,3.0,6.0,4.0,,,3.0,1.0,Completed,1.36,3.25,1.35,2.9,1.36,3.0,1.36,3.51,1.4,3.51,1.34,3.22
ATP,2016,39,London,Wimbledon,2016-07-03,Grand Slam,Outdoor,Grass,3rd Round,5,Berdych T.,Zverev A.,9.0,28.0,2950.0,1385.0,6.0,3.0,6.0,4.0,4.0,6.0,6.0,1.0,,,3.0,1.0,Completed,1.44,2.75,1.4,2.75,1.4,3.0,1.47,2.96,1.48,3.1,1.42,2.86
ATP,2016,39,London,Wimbledon,2016-07-03,Grand Slam,Outdoor,Grass,3rd Round,3,Vesely J.,Sousa J.,64.0,31.0,780.0,1275.0,6.0,2.0,6.0,2.0,7.0,5.0,,,,,3.0,0.0,Completed,1.4,3.0,1.38,2.8,1.4,3.0,1.44,3.06,1.45,3.06,1.41,2.85
ATP,2016,39,London,Wimbledon,2016-07-04,Grand Slam,Outdoor,Grass,4th Round,5,Federer R.,Johnson S.,3.0,29.0,6425.0,1385.0,6.0,2.0,6.0,3.0,7.0,5.0,,,,,3.0,0.0,Completed,1.14,5.5,1.15,4.6,1.14,5.5,1.15,6.79,1.17,6.79,1.14,5.62
ATP,2016,39,London,Wimbledon,2016-07-04,Grand Slam,Outdoor,Grass,4th Round,5,Cilic M.,Nishikori K.,13.0,6.0,2695.0,4155.0,6.0,1.0,5.0,1.0,,,,,,,1.0,0.0,Retired,2.2,1.66,2.0,1.7,2.2,1.67,2.21,1.76,2.25,1.78,2.12,1.72
ATP,2016,39,London,Wimbledon,2016-07-04,Grand Slam,Outdoor,Grass,4th Round,5,Querrey S.,Mahut N.,41.0,51.0,1075.0,919.0,6.0,4.0,7.0,6.0,6.0,4.0,,,,,3.0,0.0,Completed,2.2,1.66,2.1,1.62,2.2,1.67,2.36,1.68,2.37,1.7,2.25,1.64
ATP,2016,39,London,Wimbledon,2016-07-04,Grand Slam,Outdoor,Grass,4th Round,5,Raonic M.,Goffin D.,7.0,11.0,3175.0,2780.0,4.0,6.0,3.0,6.0,6.0,4.0,6.0,4.0,6.0,4.0,3.0,2.0,Completed,1.16,5.0,1.17,4.25,1.17,5.0,1.21,5.14,1.23,5.14,1.18,4.78
ATP,2016,39,London,Wimbledon,2016-07-04,Grand Slam,Outdoor,Grass,4th Round,5,Pouille L.,Tomic B.,30.0,19.0,1311.0,1760.0,6.0,4.0,4.0,6.0,3.0,6.0,6.0,4.0,10.0,8.0,3.0,2.0,Completed,3.4,1.33,3.0,1.3,3.25,1.36,3.5,1.36,3.5,1.39,3.26,1.34
ATP,2016,39,London,Wimbledon,2016-07-04,Grand Slam,Outdoor,Grass,4th Round,5,Murray A.,Kyrgios N.,2.0,18.0,8915.0,1855.0,7.0,5.0,6.0,1.0,6.0,4.0,,,,,3.0,0.0,Completed,1.14,5.5,1.15,4.75,1.17,5.0,1.19,5.58,1.19,5.93,1.16,5.27
ATP,2016,39,London,Wimbledon,2016-07-04,Grand Slam,Outdoor,Grass,4th Round,5,Tsonga J.W.,Gasquet R.,12.0,10.0,2725.0,2905.0,4.0,2.0,,,,,,,,,0.0,0.0,Retired,2.0,1.8,1.9,1.8,2.1,1.73,2.23,1.75,2.23,1.86,2.04,1.77
ATP,2016,39,London,Wimbledon,2016-07-05,Grand Slam,Outdoor,Grass,4th Round,5,Berdych T.,Vesely J.,9.0,64.0,2950.0,780.0,4.0,6.0,6.0,3.0,7.0,6.0,6.0,7.0,6.0,3.0,3.0,2.0,Completed,1.2,4.5,1.2,4.0,1.3,3.5,1.24,4.55,1.3,4.8,1.21,4.32
ATP,2016,39,London,Wimbledon,2016-07-06,Grand Slam,Outdoor,Grass,Quarterfinals,5,Federer R.,Cilic M.,3.0,13.0,6425.0,2695.0,6.0,7.0,4.0,6.0,6.0,3.0,7.0,6.0,6.0,3.0,3.0,2.0,Completed,1.28,3.75,1.25,3.4,1.33,3.4,1.33,3.7,1.33,4.1,1.28,3.69
ATP,2016,39,London,Wimbledon,2016-07-06,Grand Slam,Outdoor,Grass,Quarterfinals,5,Raonic M.,Querrey S.,7.0,41.0,3175.0,1075.0,6.0,4.0,7.0,5.0,5.0,7.0,6.0,4.0,,,3.0,1.0,Completed,1.28,3.75,1.25,3.4,1.3,3.5,1.32,3.85,1.35,4.0,1.29,3.63
ATP,2016,39,London,Wimbledon,2016-07-06,Grand Slam,Outdoor,Grass,Quarterfinals,5,Berdych T.,Pouille L.,9.0,30.0,2950.0,1311.0,7.0,6.0,6.0,3.0,6.0,2.0,,,,,3.0,0.0,Completed,1.22,4.33,1.25,3.4,1.25,4.0,1.27,4.35,1.28,4.5,1.24,4.07
ATP,2016,39,London,Wimbledon,2016-07-06,Grand Slam,Outdoor,Grass,Quarterfinals,5,Murray A.,Tsonga J.W.,2.0,12.0,8915.0,2725.0,7.0,6.0,6.0,1.0,3.0,6.0,4.0,6.0,6.0,1.0,3.0,2.0,Completed,1.1,7.0,1.1,6.0,1.11,6.5,1.12,8.01,1.13,8.01,1.1,6.94
ATP,2016,39,London,Wimbledon,2016-07-08,Grand Slam,Outdoor,Grass,Semifinals,5,Raonic M.,Federer R.,7.0,3.0,3175.0,6425.0,6.0,3.0,6.0,7.0,4.0,6.0,7.0,5.0,6.0,3.0,3.0,2.0,Completed,2.62,1.5,2.35,1.52,2.25,1.62,2.55,1.55,2.66,1.62,2.5,1.54
ATP,2016,39,London,Wimbledon,2016-07-08,Grand Slam,Outdoor,Grass,Semifinals,5,Murray A.,Berdych T.,2.0,9.0,8915.0,2950.0,6.0,3.0,6.0,3.0,6.0,3.0,,,,,3.0,0.0,Completed,1.1,7.0,1.12,5.0,1.12,6.0,1.15,6.75,1.17,7.5,1.12,6.55
ATP,2016,39,London,Wimbledon,2016-07-10,Grand Slam,Outdoor,Grass,The Final,5,Murray A.,Raonic M.,2.0,7.0,8915.0,3175.0,6.0,4.0,7.0,6.0,7.0,6.0,,,,,3.0,0.0,Completed,1.25,4.33,1.25,3.5,1.25,4.0,1.27,4.36,4.36,1.3,3.97,1.26
ATP,2016,52,New York,US Open,2016-08-29,Grand Slam,Outdoor,Hard,1st Round,5,Darcis S.,Thompson J.,106.0,91.0,562.0,633.0,5.0,7.0,3.0,6.0,7.0,6.0,6.0,4.0,7.0,5.0,3.0,2.0,Completed,1.5,2.5,1.45,2.35,1.5,2.6,1.59,2.52,1.59,2.6,1.53,2.47
ATP,2016,52,New York,US Open,2016-08-29,Grand Slam,Outdoor,Hard,1st Round,5,Kuznetsov An.,Bellucci T.,47.0,65.0,988.0,760.0,6.0,4.0,3.0,6.0,6.0,2.0,7.0,6.0,,,3.0,1.0,Completed,1.57,2.25,1.55,2.1,1.67,2.2,1.61,2.47,1.67,2.47,1.6,2.31
ATP,2016,52,New York,US Open,2016-08-29,Grand Slam,Outdoor,Hard,1st Round,5,Cilic M.,Dutra Silva R.,9.0,427.0,3515.0,98.0,6.0,4.0,7.0,5.0,6.0,1.0,,,,,3.0,0.0,Completed,1.01,21.0,1.0,10.0,1.02,17.0,1.02,24.52,1.03,31.0,1.01,18.13
ATP,2016,52,New York,US Open,2016-08-29,Grand Slam,Outdoor,Hard,1st Round,5,Edmund K.,Gasquet R.,84.0,15.0,679.0,2230.0,6.0,2.0,6.0,2.0,6.0,3.0,,,,,3.0,0.0,Completed,4.33,1.2,3.9,1.18,4.33,1.22,4.85,1.22,4.85,1.23,4.34,1.21
ATP,2016,52,New York,US Open,2016-08-29,Grand Slam,Outdoor,Hard,1st Round,5,Pella G.,Fratangelo B.,51.0,115.0,898.0,540.0,6.0,3.0,6.0,4.0,6.0,4.0,,,,,3.0,0.0,Completed,2.25,1.57,2.2,1.52,2.2,1.67,2.41,1.64,2.45,1.67,2.32,1.6
ATP,2016,52,New York,US Open,2016-08-29,Grand Slam,Outdoor,Hard,1st Round,5,Escobedo E.,Lacko L.,201.0,99.0,277.0,606.0,6.0,4.0,4.0,6.0,4.0,6.0,6.0,3.0,,,2.0,2.0,Retired,1.66,2.1,1.72,1.88,1.8,2.0,1.78,2.16,1.85,2.3,1.72,2.1
ATP,2016,52,New York,US Open,2016-08-29,Grand Slam,Outdoor,Hard,1st Round,5,Stakhovsky S.,Elias G.,92.0,60.0,631.0,806.0,6.0,1.0,3.0,6.0,2.0,6.0,6.0,3.0,7.0,6.0,3.0,2.0,Completed,1.61,2.2,1.55,2.2,1.67,2.2,1.69,2.3,1.69,2.38,1.63,2.26
ATP,2016,52,New York,US Open,2016-08-29,Grand Slam,Outdoor,Hard,1st Round,5,Youzhny M.,Klizan M.,61.0,29.0,801.0,1405.0,6.0,2.0,6.0,1.0,6.0,1.0,,,,,3.0,0.0,Completed,2.0,1.72,1.95,1.68,2.0,1.8,1.99,1.92,2.05,1.92,1.97,1.83
ATP,2016,52,New York,US Open,2016-08-29,Grand Slam,Outdoor,Hard,1st Round,5,Ramos-Vinolas A.,Benneteau J.,33.0,248.0,1330.0,214.0,3.0,6.0,6.0,3.0,6.0,3.0,2.0,6.0,6.0,1.0,3.0,2.0,Completed,1.57,2.25,1.55,2.1,1.62,2.25,1.68,2.34,1.68,2.38,1.61,2.29
ATP,2016,52,New York,US Open,2016-08-29,Grand Slam,Outdoor,Hard,1st Round,5,Almagro N.,Fucsovics M.,48.0,155.0,987.0,366.0,6.0,1.0,6.0,4.0,7.0,6.0,,,,,3.0,0.0,Completed,1.44,2.62,1.45,2.4,1.5,2.62,1.56,2.59,1.73,2.65,1.52,2.52
ATP,2016,52,New York,US Open,2016-08-29,Grand Slam,Outdoor,Hard,1st Round,5,Seppi A.,Robert S.,87.0,52.0,675.0,856.0,6.0,2.0,3.0,6.0,6.0,4.0,6.0,3.0,,,3.0,1.0,Completed,1.5,2.5,1.4,2.5,1.5,2.62,1.54,2.66,1.54,2.66,1.5,2.56
ATP,2016,52,New York,US Open,2016-08-29,Grand Slam,Outdoor,Hard,1st Round,5,Monfils G.,Muller G.,12.0,37.0,2835.0,1175.0,6.0,4.0,6.0,2.0,7.0,6.0,,,,,3.0,0.0,Completed,1.22,4.0,1.2,3.5,1.25,4.0,1.19,5.42,1.26,5.42,1.22,4.26
ATP,2016,52,New York,US Open,2016-08-29,Grand Slam,Outdoor,Hard,1st Round,5,Isner J.,Tiafoe F.,21.0,125.0,1645.0,484.0,3.0,6.0,4.0,6.0,7.0,6.0,6.0,2.0,7.0,6.0,3.0,2.0,Completed,1.08,8.0,1.08,5.75,1.08,8.0,1.09,9.43,1.1,9.75,1.08,8.03
ATP,2016,52,New York,US Open,2016-08-29,Grand Slam,Outdoor,Hard,1st Round,5,Nadal R.,Istomin D.,5.0,107.0,4850.0,560.0,6.0,1.0,6.0,4.0,6.0,2.0,,,,,3.0,0.0,Completed,1.08,8.0,1.06,6.0,1.06,9.0,1.08,10.44,1.08,11.38,1.06,9.01
ATP,2016,52,New York,US Open,2016-08-29,Grand Slam,Outdoor,Hard,1st Round,5,Delbonis F.,Baker B.,43.0,312.0,1015.0,157.0,3.0,6.0,6.0,7.0,6.0,4.0,6.0,2.0,6.0,2.0,3.0,2.0,Completed,1.61,2.2,1.58,2.1,1.73,2.1,1.6,2.52,1.75,2.52,1.63,2.26
ATP,2016,52,New York,US Open,2016-08-29,Grand Slam,Outdoor,Hard,1st Round,5,Satral J.,Mcdonald M.,226.0,406.0,237.0,107.0,4.0,6.0,3.0,6.0,6.0,3.0,6.0,2.0,6.0,2.0,3.0,2.0,Completed,1.5,2.5,1.45,2.4,1.53,2.5,1.45,2.99,1.53,2.99,1.47,2.68
ATP,2016,52,New York,US Open,2016-08-29,Grand Slam,Outdoor,Hard,1st Round,5,Chiudinelli M.,Clezar G.,144.0,203.0,408.0,276.0,2.0,6.0,7.0,6.0,6.0,2.0,6.0,4.0,,,3.0,1.0,Completed,1.83,1.83,1.82,1.82,1.91,1.91,1.98,1.93,2.0,2.0,1.89,1.89
ATP,2016,52,New York,US Open,2016-08-29,Grand Slam,Outdoor,Hard,1st Round,5,Paire B.,Lajovic D.,34.0,59.0,1305.0,806.0,6.0,2.0,2.0,6.0,3.0,6.0,7.0,5.0,6.0,1.0,3.0,2.0,Completed,1.44,2.62,1.4,2.5,1.5,2.62,1.54,2.66,1.54,2.75,1.48,2.62
ATP,2016,52,New York,US Open,2016-08-29,Grand Slam,Outdoor,Hard,1st Round,5,Baghdatis M.,Bagnis F.,44.0,90.0,1015.0,660.0,6.0,4.0,6.0,2.0,1.0,1.0,,,,,2.0,0.0,Retired,1.07,9.0,1.05,6.5,1.06,9.0,1.08,9.9,1.09,10.5,1.06,8.95
ATP,2016,52,New York,US Open,2016-08-29,Grand Slam,Outdoor,Hard,1st Round,5,Pospisil V.,Kovalik J.,123.0,126.0,495.0,476.0,6.0,1.0,6.0,3.0,6.0,3.0,,,,,3.0,0.0,Completed,1.57,2.25,1.52,2.2,1.57,2.38,1.68,2.34,1.68,2.5,1.59,2.3
ATP,2016,52,New York,US Open,2016-08-29,Grand Slam,Outdoor,Hard,1st Round,5,Anderson K.,Nishioka Y.,35.0,85.0,1275.0,678.0,6.0,3.0,7.0,5.0,6.0,4.0,,,,,3.0,0.0,Completed,1.33,3.25,1.22,3.3,1.3,3.5,1.39,3.28,1.39,3.6,1.32,3.34
ATP,2016,52,New York,US Open,2016-08-29,Grand Slam,Outdoor,Hard,1st Round,5,Cuevas P.,Sela D.,20.0,80.0,1745.0,691.0,6.0,3.0,6.0,2.0,0.0,6.0,5.0,7.0,6.0,3.0,3.0,2.0,Completed,1.22,4.0,1.2,3.6,1.22,3.8,1.24,4.55,1.27,4.55,1.23,4.14
ATP,2016,52,New York,US Open,2016-08-29,Grand Slam,Outdoor,Hard,1st Round,5,Zverev M.,Herbert P.H.,127.0,114.0,468.0,540.0,6.0,4.0,7.0,6.0,4.0,6.0,6.0,0.0,,,3.0,1.0,Completed,1.8,1.9,1.82,1.82,1.8,2.0,1.86,2.05,1.91,2.05,1.83,1.95
ATP,2016,52,New York,US Open,2016-08-29,Grand Slam,Outdoor,Hard,1st Round,5,Pouille L.,Kukushkin M.,25.0,67.0,1481.0,759.0,3.0,6.0,6.0,2.0,6.0,4.0,6.0,2.0,,,3.0,1.0,Completed,1.2,4.33,1.18,3.9,1.2,4.5,1.19,5.42,1.23,5.5,1.19,4.7
ATP,2016,52,New York,US Open,2016-08-29,Grand Slam,Outdoor,Hard,1st Round,5,Tsonga J.W.,Andreozzi G.,11.0,133.0,2875.0,437.0,6.0,3.0,6.0,4.0,6.0,4.0,,,,,3.0,0.0,Completed,1.04,13.0,1.03,7.0,1.05,10.0,1.04,15.14,1.05,15.2,1.04,11.47
ATP,2016,52,New York,US Open,2016-08-29,Grand Slam,Outdoor,Hard,1st Round,5,Sock J.,Fritz T.,27.0,53.0,1450.0,829.0,7.0,6.0,7.0,5.0,3.0,6.0,1.0,6.0,6.0,4.0,3.0,2.0,Completed,1.3,3.4,1.25,3.3,1.3,3.5,1.33,3.69,1.33,3.69,1.3,3.47
ATP,2016,52,New York,US Open,2016-08-29,Grand Slam,Outdoor,Hard,1st Round,5,Harrison R.,Mannarino A.,120.0,54.0,509.0,826.0,6.0,4.0,7.0,6.0,6.0,3.0,,,,,3.0,0.0,Completed,1.83,1.83,1.82,1.82,1.91,1.91,2.16,1.78,2.16,2.2,1.95,1.84
ATP,2016,52,New York,US Open,2016-08-29,Grand Slam,Outdoor,Hard,1st Round,5,Duckworth J.,Haase R.,195.0,62.0,289.0,798.0,4.0,6.0,7.0,5.0,6.0,3.0,4.0,6.0,6.0,3.0,3.0,2.0,Completed,1.8,1.9,1.85,1.75,1.91,1.91,1.87,2.04,1.92,2.04,1.84,1.94
ATP,2016,52,New York,US Open,2016-08-29,Grand Slam,Outdoor,Hard,1st Round,5,Vesely J.,Myneni S.,49.0,143.0,928.0,410.0,7.0,6.0,4.0,6.0,2.0,6.0,6.0,2.0,7.0,5.0,3.0,2.0,Completed,1.36,3.0,1.3,3.0,1.3,3.5,1.39,3.28,1.4,3.5,1.36,3.12
ATP,2016,52,New York,US Open,2016-08-29,Grand Slam,Outdoor,Hard,1st Round,5,Bautista Agut R.,Garcia-Lopez G.,17.0,50.0,2040.0,900.0,7.0,5.0,6.0,1.0,6.0,7.0,7.0,6.0,,,3.0,1.0,Completed,1.28,3.5,1.25,3.3,1.25,4.0,1.3,3.9,1.33,4.0,1.29,3.56
ATP,2016,52,New York,US Open,2016-08-30,Grand Slam,Outdoor,Hard,1st Round,5,Raonic M.,Brown D.,6.0,86.0,4805.0,678.0,7.0,5.0,6.0,3.0,6.0,4.0,,,,,3.0,0.0,Completed,1.03,15.0,1.02,8.0,1.04,11.0,1.04,15.92,1.05,15.92,1.03,12.33
ATP,2016,52,New York,US Open,2016-08-30,Grand Slam,Outdoor,Hard,1st Round,5,Djokovic N.,Janowicz J.,1.0,247.0,14840.0,216.0,6.0,3.0,5.0,7.0,6.0,2.0,6.0,1.0,,,3.0,1.0,Completed,1.01,26.0,1.0,10.0,1.02,23.0,1.02,24.52,1.02,50.0,1.01,20.3
ATP,2016,52,New York,US Open,2016-08-30,Grand Slam,Outdoor,Hard,1st Round,5,Dimitrov G.,Cervantes I.,24.0,75.0,1555.0,713.0,6.0,2.0,6.0,4.0,7.0,6.0,,,,,3.0,0.0,Completed,1.07,9.0,1.05,6.25,1.08,8.0,1.06,12.52,1.08,13.75,1.05,10.09
ATP,2016,52,New York,US Open,2016-08-30,Grand Slam,Outdoor,Hard,1st Round,5,Evans D.,Ram R.,64.0,104.0,775.0,577.0,6.0,2.0,4.0,6.0,7.0,5.0,6.0,1.0,,,3.0,1.0,Completed,1.44,2.62,1.45,2.4,1.48,2.7,1.57,2.57,1.59,2.7,1.52,2.53
ATP,2016,52,New York,US Open,2016-08-30,Grand Slam,Outdoor,Hard,1st Round,5,Khachanov K.,Fabbiano T.,95.0,111.0,619.0,545.0,6.0,3.0,6.0,3.0,4.0,6.0,6.0,3.0,,,3.0,1.0,Completed,1.36,3.0,1.35,2.75,1.44,2.75,1.4,3.24,1.45,3.24,1.39,2.96
ATP,2016,52,New York,US Open,2016-08-30,Grand Slam,Outdoor,Hard,1st Round,5,Nishikori K.,Becker B.,7.0,96.0,4165.0,610.0,6.0,1.0,6.0,1.0,3.0,6.0,6.0,3.0,,,3.0,1.0,Completed,1.01,21.0,,10.0,1.02,15.0,1.02,22.73,1.03,22.73,1.02,16.3
ATP,2016,52,New York,US Open,2016-08-30,Grand Slam,Outdoor,Hard,1st Round,5,Zverev A.,Brands D.,28.0,153.0,1415.0,370.0,3.0,6.0,6.0,1.0,6.0,4.0,7.0,6.0,,,3.0,1.0,Completed,1.2,4.33,1.14,4.5,1.17,5.0,1.17,6.02,1.2,6.02,1.16,5.17
ATP,2016,52,New York,US Open,2016-08-30,Grand Slam,Outdoor,Hard,1st Round,5,Carreno Busta P.,Ivashka I.,39.0,182.0,1110.0,308.0,6.0,0.0,7.0,5.0,6.0,2.0,,,,,3.0,0.0,Completed,1.18,4.5,1.14,4.3,1.22,4.33,1.21,5.12,1.22,5.42,1.19,4.67
ATP,2016,52,New York,US Open,2016-08-30,Grand Slam,Outdoor,Hard,1st Round,5,Chardy J.,Mmoh M.,55.0,384.0,825.0,118.0,6.0,4.0,6.0,4.0,6.0,1.0,,,,,3.0,0.0,Completed,1.08,8.0,1.07,6.0,1.08,8.0,1.11,8.37,1.11,8.75,1.09,7.5
ATP,2016,52,New York,US Open,2016-08-30,Grand Slam,Outdoor,Hard,1st Round,5,Troicki V.,Albot R.,32.0,97.0,1340.0,608.0,5.0,7.0,3.0,6.0,6.0,4.0,6.0,4.0,7.0,6.0,3.0,2.0,Completed,1.22,4.0,1.15,4.25,1.22,4.33,1.27,4.22,1.27,4.56,1.22,4.25
ATP,2016,52,New York,US Open,2016-08-30,Grand Slam,Outdoor,Hard,1st Round,5,Tipsarevic J.,Querrey S.,250.0,30.0,208.0,1400.0,7.0,6.0,6.0,7.0,6.0,3.0,6.0,3.0,,,3.0,1.0,Completed,4.33,1.2,3.9,1.18,4.33,1.22,4.18,1.27,4.6,1.27,4.16,1.23
ATP,2016,52,New York,US Open,2016-08-30,Grand Slam,Outdoor,Hard,1st Round,5,Mahut N.,Kohlschreiber P.,42.0,26.0,1038.0,1475.0,6.0,3.0,7.0,5.0,1.0,0.0,,,,,2.0,0.0,Retired,2.1,1.66,2.1,1.58,2.2,1.67,2.09,1.83,2.2,1.83,2.06,1.75
ATP,2016,52,New York,US Open,2016-08-30,Grand Slam,Outdoor,Hard,1st Round,5,Wawrinka S.,Verdasco F.,3.0,46.0,4980.0,1010.0,7.0,6.0,6.0,4.0,6.0,4.0,,,,,3.0,0.0,Completed,1.28,3.5,1.22,3.3,1.3,3.5,1.33,3.64,1.34,3.84,1.3,3.47
ATP,2016,52,New York,US Open,2016-08-30,Grand Slam,Outdoor,Hard,1st Round,5,Giannessi A.,Kudla D.,243.0,128.0,217.0,464.0,0.0,6.0,6.0,4.0,6.0,1.0,1.0,6.0,6.0,0.0,3.0,2.0,Completed,2.5,1.5,2.3,1.5,2.62,1.5,2.73,1.52,2.73,1.61,2.48,1.54
ATP,2016,52,New York,US Open,2016-08-30,Grand Slam,Outdoor,Hard,1st Round,5,Ferrer D.,Dolgopolov O.,13.0,57.0,2660.0,815.0,6.0,5.0,,,,,,,,,0.0,0.0,Retired,1.33,3.25,1.28,3.0,1.33,3.4,1.37,3.39,1.4,3.5,1.34,3.23
ATP,2016,52,New York,US Open,2016-08-30,Grand Slam,Outdoor,Hard,1st Round,5,Donaldson J.,Goffin D.,122.0,14.0,497.0,2565.0,4.0,6.0,7.0,5.0,6.0,4.0,6.0,0.0,,,3.0,1.0,Completed,5.5,1.14,4.75,1.13,5.5,1.14,6.87,1.14,7.0,1.17,5.7,1.14
ATP,2016,52,New York,US Open,2016-08-30,Grand Slam,Outdoor,Hard,1st Round,5,Fognini F.,Gabashvili T.,38.0,105.0,1155.0,571.0,6.0,7.0,3.0,6.0,7.0,6.0,7.0,5.0,6.0,4.0,3.0,2.0,Completed,1.33,3.25,1.33,2.85,1.33,3.4,1.35,3.52,1.36,3.52,1.33,3.31
ATP,2016,52,New York,US Open,2016-08-30,Grand Slam,Outdoor,Hard,1st Round,5,Mathieu P.H.,Harrison C.,70.0,694.0,741.0,35.0,6.0,0.0,6.0,2.0,6.0,1.0,,,,,3.0,0.0,Completed,1.33,3.25,1.3,3.0,1.3,3.3,1.4,3.22,1.42,3.3,1.36,3.12
ATP,2016,52,New York,US Open,2016-08-30,Grand Slam,Outdoor,Hard,1st Round,5,Sousa J.,Estrella Burgos V.,36.0,83.0,1215.0,682.0,6.0,0.0,6.0,1.0,6.0,1.0,,,,,3.0,0.0,Completed,1.36,3.0,1.3,2.85,1.36,3.25,1.38,3.35,1.4,3.4,1.36,3.12
ATP,2016,52,New York,US Open,2016-08-30,Grand Slam,Outdoor,Hard,1st Round,5,Dzumhur D.,Tomic B.,72.0,19.0,720.0,1780.0,6.0,4.0,6.0,3.0,4.0,6.0,7.0,6.0,,,3.0,1.0,Completed,8.0,1.08,6.25,1.06,8.0,1.08,8.21,1.11,8.5,1.11,7.35,1.09
ATP,2016,52,New York,US Open,2016-08-30,Grand Slam,Outdoor,Hard,1st Round,5,Lopez F.,Coric B.,18.0,41.0,1840.0,1070.0,3.0,4.0,,,,,,,,,0.0,0.0,Retired,1.57,2.25,1.52,2.25,1.57,2.38,1.72,2.25,1.72,2.55,1.62,2.27
ATP,2016,52,New York,US Open,2016-08-30,Grand Slam,Outdoor,Hard,1st Round,5,Zeballos H.,Mayer F.,71.0,58.0,736.0,813.0,6.0,3.0,6.0,4.0,7.0,6.0,,,,,3.0,0.0,Completed,3.4,1.3,2.9,1.3,3.1,1.33,3.69,1.33,3.69,1.4,3.28,1.33
ATP,2016,52,New York,US Open,2016-08-30,Grand Slam,Outdoor,Hard,1st Round,5,Karlovic I.,Lu Y.H.,23.0,73.0,1570.0,720.0,4.0,6.0,7.0,6.0,6.0,7.0,7.0,6.0,7.0,5.0,3.0,2.0,Completed,1.44,2.62,1.38,2.65,1.44,2.75,1.47,2.9,1.5,3.0,1.45,2.74
ATP,2016,52,New York,US Open,2016-08-30,Grand Slam,Outdoor,Hard,1st Round,5,Del Potro J.M.,Schwartzman D.,142.0,69.0,410.0,746.0,6.0,4.0,6.0,4.0,7.0,6.0,,,,,3.0,0.0,Completed,1.04,11.0,1.05,6.25,1.06,9.0,1.06,13.02,1.08,13.75,1.06,9.26
ATP,2016,52,New York,US Open,2016-08-30,Grand Slam,Outdoor,Hard,1st Round,5,Young D.,Struff J.L.,56.0,78.0,817.0,694.0,6.0,3.0,7.0,5.0,4.0,6.0,7.0,5.0,,,3.0,1.0,Completed,1.36,3.0,1.35,2.7,1.4,3.0,1.4,3.22,1.4,3.26,1.37,3.04
ATP,2016,52,New York,US Open,2016-08-30,Grand Slam,Outdoor,Hard,1st Round,5,Johnson S.,Donskoy E.,22.0,79.0,1635.0,691.0,4.0,6.0,1.0,6.0,7.0,6.0,6.0,3.0,6.0,3.0,3.0,2.0,Completed,1.12,6.0,1.12,4.75,1.14,5.5,1.14,6.65,1.15,7.0,1.13,5.95
ATP,2016,52,New York,US Open,2016-08-30,Grand Slam,Outdoor,Hard,1st Round,5,Thiem D.,Millman J.,10.0,66.0,3205.0,760.0,6.0,3.0,2.0,6.0,5.0,7.0,6.0,4.0,6.0,3.0,3.0,2.0,Completed,1.2,4.33,1.2,3.5,1.22,4.33,1.23,4.77,1.24,42586.0,1.2,4.37
ATP,2016,52,New York,US Open,2016-08-30,Grand Slam,Outdoor,Hard,1st Round,5,Granollers M.,Monaco J.,45.0,94.0,1011.0,620.0,7.0,6.0,7.0,6.0,6.0,4.0,,,,,3.0,0.0,Completed,1.61,2.2,1.58,2.1,1.62,2.25,1.75,2.2,1.75,2.3,1.66,2.2
ATP,2016,52,New York,US Open,2016-08-30,Grand Slam,Outdoor,Hard,1st Round,5,Simon G.,Stepanek R.,31.0,113.0,1385.0,541.0,6.0,3.0,6.0,1.0,6.0,4.0,,,,,3.0,0.0,Completed,1.66,2.1,1.58,2.1,1.73,2.1,1.75,2.2,1.83,2.2,1.72,2.11
ATP,2016,52,New York,US Open,2016-08-30,Grand Slam,Outdoor,Hard,1st Round,5,Lorenzi P.,Berlocq C.,40.0,76.0,1110.0,702.0,6.0,4.0,6.0,2.0,6.0,1.0,,,,,3.0,0.0,Completed,1.44,2.62,1.45,2.35,1.53,2.5,1.56,2.59,1.57,2.62,1.52,2.52
ATP,2016,52,New York,US Open,2016-08-30,Grand Slam,Outdoor,Hard,1st Round,5,Kyrgios N.,Bedene A.,16.0,77.0,2060.0,695.0,6.0,4.0,6.0,4.0,6.0,4.0,,,,,3.0,0.0,Completed,1.07,9.0,1.06,6.0,1.08,8.0,1.07,11.23,1.08,11.36,1.06,9.17
ATP,2016,52,New York,US Open,2016-08-30,Grand Slam,Outdoor,Hard,1st Round,5,Berankis R.,Jaziri M.,89.0,68.0,665.0,749.0,3.0,6.0,7.0,6.0,6.0,4.0,6.0,2.0,,,3.0,1.0,Completed,2.75,1.4,2.85,1.3,3.25,1.36,3.02,1.44,3.25,1.45,2.93,1.39
ATP,2016,52,New York,US Open,2016-08-31,Grand Slam,Outdoor,Hard,1st Round,5,Marchenko I.,Dodig I.,63.0,74.0,795.0,718.0,6.0,3.0,6.0,4.0,6.0,7.0,7.0,5.0,,,3.0,1.0,Completed,1.83,1.83,1.75,1.85,1.8,2.0,2.08,1.84,2.08,2.04,1.87,1.92
ATP,2016,52,New York,US Open,2016-08-31,Grand Slam,Outdoor,Hard,1st Round,5,Murray A.,Rosol L.,2.0,81.0,9305.0,690.0,6.0,3.0,6.0,2.0,6.0,2.0,,,,,3.0,0.0,Completed,1.01,26.0,1.0,10.0,1.02,21.0,1.02,22.73,1.02,31.0,1.01,19.22
ATP,2016,52,New York,US Open,2016-08-31,Grand Slam,Outdoor,Hard,2nd Round,5,Edmund K.,Escobedo E.,84.0,201.0,679.0,277.0,7.0,5.0,6.0,4.0,6.0,4.0,,,,,3.0,0.0,Completed,1.22,4.0,1.22,3.3,1.25,4.0,1.25,4.46,1.27,4.46,1.24,4.03
ATP,2016,52,New York,US Open,2016-08-31,Grand Slam,Outdoor,Hard,2nd Round,5,Anderson K.,Pospisil V.,35.0,123.0,1275.0,495.0,7.0,6.0,6.0,4.0,6.0,4.0,,,,,3.0,0.0,Completed,1.25,3.75,1.22,3.5,1.25,4.0,1.26,4.34,1.28,4.34,1.25,3.95
ATP,2016,52,New York,US Open,2016-08-31,Grand Slam,Outdoor,Hard,2nd Round,5,Isner J.,Darcis S.,21.0,106.0,1645.0,562.0,6.0,3.0,6.0,4.0,6.0,7.0,6.0,3.0,,,3.0,1.0,Completed,1.1,7.0,1.11,4.9,1.1,7.0,1.15,6.52,1.15,7.0,1.11,6.35
ATP,2016,52,New York,US Open,2016-08-31,Grand Slam,Outdoor,Hard,2nd Round,5,Tsonga J.W.,Duckworth J.,11.0,195.0,2875.0,289.0,6.0,4.0,3.0,6.0,6.0,3.0,6.0,4.0,,,3.0,1.0,Completed,1.06,10.0,1.03,7.25,1.06,9.0,1.07,11.51,1.08,12.25,1.06,9.56
ATP,2016,52,New York,US Open,2016-08-31,Grand Slam,Outdoor,Hard,2nd Round,5,Baghdatis M.,Paire B.,44.0,34.0,1015.0,1305.0,6.0,2.0,6.0,4.0,3.0,6.0,6.0,4.0,,,3.0,1.0,Completed,1.57,2.25,1.52,2.2,1.57,2.38,1.64,2.41,1.65,2.6,1.58,2.36
ATP,2016,52,New York,US Open,2016-08-31,Grand Slam,Outdoor,Hard,2nd Round,5,Harrison R.,Raonic M.,120.0,6.0,509.0,4805.0,6.0,7.0,7.0,5.0,7.0,5.0,6.0,1.0,,,3.0,1.0,Completed,9.0,1.07,6.5,1.05,9.0,1.06,9.87,1.08,10.5,1.1,8.61,1.07
ATP,2016,52,New York,US Open,2016-08-31,Grand Slam,Outdoor,Hard,2nd Round,5,Djokovic N.,Vesely J.,1.0,49.0,14840.0,928.0,,,,,,,,,,,,,Walkover,1.06,10.0,1.03,7.0,1.05,10.0,1.07,10.98,1.07,11.75,1.05,9.61
ATP,2016,52,New York,US Open,2016-08-31,Grand Slam,Outdoor,Hard,2nd Round,5,Youzhny M.,Pella G.,61.0,51.0,801.0,898.0,6.0,2.0,6.0,1.0,7.0,6.0,,,,,3.0,0.0,Completed,1.5,2.5,1.45,2.35,1.53,2.5,1.55,2.64,1.57,2.64,1.51,2.51
ATP,2016,52,New York,US Open,2016-08-31,Grand Slam,Outdoor,Hard,2nd Round,5,Monfils G.,Satral J.,12.0,226.0,2835.0,237.0,7.0,5.0,6.0,4.0,6.0,3.0,,,,,3.0,0.0,Completed,1.01,21.0,1.01,10.0,1.02,15.0,1.02,22.99,1.03,23.0,1.02,16.27
ATP,2016,52,New York,US Open,2016-08-31,Grand Slam,Outdoor,Hard,2nd Round,5,Almagro N.,Cuevas P.,48.0,20.0,987.0,1745.0,7.0,6.0,6.0,4.0,7.0,6.0,,,,,3.0,0.0,Completed,2.25,1.57,2.1,1.6,2.25,1.62,2.37,1.66,2.38,1.73,2.25,1.63
ATP,2016,52,New York,US Open,2016-08-31,Grand Slam,Outdoor,Hard,2nd Round,5,Kuznetsov An.,Ramos-Vinolas A.,47.0,33.0,988.0,1330.0,7.0,5.0,6.0,4.0,7.0,6.0,,,,,3.0,0.0,Completed,1.61,2.2,1.55,2.1,1.62,2.25,1.68,2.33,1.69,2.33,1.64,2.24
ATP,2016,52,New York,US Open,2016-08-31,Grand Slam,Outdoor,Hard,2nd Round,5,Sock J.,Zverev M.,27.0,127.0,1450.0,468.0,6.0,1.0,6.0,1.0,6.0,2.0,,,,,3.0,0.0,Completed,1.25,3.75,1.25,3.3,1.29,3.75,1.27,4.22,1.35,4.22,1.27,3.74
ATP,2016,52,New York,US Open,2016-08-31,Grand Slam,Outdoor,Hard,2nd Round,5,Cilic M.,Stakhovsky S.,9.0,92.0,3515.0,631.0,6.0,1.0,6.0,2.0,6.0,3.0,,,,,3.0,0.0,Completed,1.03,13.0,1.04,6.75,1.05,10.0,1.04,14.94,1.06,14.94,1.04,11.25
ATP,2016,52,New York,US Open,2016-08-31,Grand Slam,Outdoor,Hard,2nd Round,5,Pouille L.,Chiudinelli M.,25.0,144.0,1481.0,408.0,4.0,6.0,3.0,6.0,7.0,6.0,6.0,2.0,6.0,0.0,3.0,2.0,Completed,1.18,4.5,1.16,4.1,1.22,4.33,1.19,5.5,1.22,5.5,1.19,4.66
ATP,2016,52,New York,US Open,2016-08-31,Grand Slam,Outdoor,Hard,2nd Round,5,Bautista Agut R.,Delbonis F.,17.0,43.0,2040.0,1015.0,5.0,7.0,6.0,2.0,6.0,3.0,6.0,2.0,,,3.0,1.0,Completed,1.12,6.0,1.12,4.8,1.14,5.5,1.17,5.91,1.17,6.14,1.14,5.57
ATP,2016,52,New York,US Open,2016-09-01,Grand Slam,Outdoor,Hard,2nd Round,5,Nadal R.,Seppi A.,5.0,87.0,4850.0,675.0,6.0,0.0,7.0,5.0,6.0,1.0,,,,,3.0,0.0,Completed,1.05,11.0,1.04,6.75,1.06,9.0,1.07,10.71,1.08,11.5,1.06,9.41
ATP,2016,52,New York,US Open,2016-09-01,Grand Slam,Outdoor,Hard,2nd Round,5,Mahut N.,Mathieu P.H.,42.0,70.0,1038.0,741.0,6.0,4.0,6.0,4.0,6.0,2.0,,,,,3.0,0.0,Completed,1.5,2.5,1.42,2.5,1.5,2.62,1.61,2.49,1.61,2.67,1.53,2.49
ATP,2016,52,New York,US Open,2016-09-01,Grand Slam,Outdoor,Hard,2nd Round,5,Nishikori K.,Khachanov K.,7.0,95.0,4165.0,619.0,6.0,4.0,4.0,6.0,6.0,4.0,6.0,3.0,,,3.0,1.0,Completed,1.04,13.0,1.01,8.0,1.03,13.0,1.05,13.99,1.05,15.5,1.03,12.35
ATP,2016,52,New York,US Open,2016-09-01,Grand Slam,Outdoor,Hard,2nd Round,5,Carreno Busta P.,Tipsarevic J.,39.0,250.0,1110.0,208.0,3.0,6.0,4.0,6.0,6.0,1.0,6.0,4.0,6.0,4.0,3.0,2.0,Completed,1.36,3.0,1.35,2.7,1.4,3.0,1.42,3.11,1.45,3.11,1.41,2.88
ATP,2016,52,New York,US Open,2016-09-01,Grand Slam,Outdoor,Hard,2nd Round,5,Murray A.,Granollers M.,2.0,45.0,9305.0,1011.0,6.0,4.0,6.0,1.0,6.0,4.0,,,,,3.0,0.0,Completed,1.01,23.0,1.0,10.0,1.02,17.0,1.01,27.22,1.02,27.22,1.01,18.29
ATP,2016,52,New York,US Open,2016-09-01,Grand Slam,Outdoor,Hard,2nd Round,5,Thiem D.,Berankis R.,10.0,89.0,3205.0,665.0,6.0,4.0,6.0,3.0,6.0,2.0,,,,,3.0,0.0,Completed,1.08,8.0,1.07,6.0,1.11,6.5,1.1,8.98,1.12,9.25,1.09,7.54
ATP,2016,52,New York,US Open,2016-09-01,Grand Slam,Outdoor,Hard,2nd Round,5,Sousa J.,Lopez F.,36.0,18.0,1215.0,1840.0,6.0,2.0,6.0,4.0,1.0,6.0,7.0,5.0,,,3.0,1.0,Completed,5.0,1.16,4.0,1.17,5.0,1.17,5.48,1.19,5.48,1.22,4.95,1.16
ATP,2016,52,New York,US Open,2016-09-01,Grand Slam,Outdoor,Hard,2nd Round,5,Lorenzi P.,Simon G.,40.0,31.0,1110.0,1385.0,3.0,6.0,6.0,2.0,6.0,2.0,6.0,7.0,7.0,6.0,3.0,2.0,Completed,4.33,1.2,4.0,1.17,4.5,1.2,5.12,1.21,5.12,1.25,4.5,1.2
ATP,2016,52,New York,US Open,2016-09-01,Grand Slam,Outdoor,Hard,2nd Round,5,Donaldson J.,Troicki V.,122.0,32.0,497.0,1340.0,7.0,5.0,6.0,3.0,6.0,3.0,,,,,3.0,0.0,Completed,2.0,1.72,1.85,1.75,1.91,1.91,2.02,1.88,2.1,1.91,1.97,1.81
ATP,2016,52,New York,US Open,2016-09-02,Grand Slam,Outdoor,Hard,2nd Round,5,Dimitrov G.,Chardy J.,24.0,55.0,1555.0,825.0,4.0,6.0,6.0,4.0,3.0,6.0,6.0,4.0,6.0,2.0,3.0,2.0,Completed,1.28,3.5,1.25,3.3,1.29,3.75,1.32,3.79,1.33,3.8,1.28,3.56
ATP,2016,52,New York,US Open,2016-09-02,Grand Slam,Outdoor,Hard,2nd Round,5,Kyrgios N.,Zeballos H.,16.0,71.0,2060.0,736.0,7.0,5.0,6.0,4.0,6.0,4.0,,,,,3.0,0.0,Completed,1.11,6.5,1.09,5.4,1.09,8.5,1.13,7.21,1.13,8.5,1.1,6.79
ATP,2016,52,New York,US Open,2016-09-02,Grand Slam,Outdoor,Hard,2nd Round,5,Wawrinka S.,Giannessi A.,3.0,243.0,4980.0,217.0,6.0,1.0,7.0,6.0,7.0,5.0,,,,,3.0,0.0,Completed,1.02,17.0,,10.0,1.02,15.0,1.03,17.79,1.04,19.5,1.02,14.9
ATP,2016,52,New York,US Open,2016-09-02,Grand Slam,Outdoor,Hard,2nd Round,5,Evans D.,Zverev A.,64.0,28.0,775.0,1415.0,6.0,4.0,6.0,4.0,5.0,7.0,6.0,2.0,,,3.0,1.0,Completed,3.25,1.33,3.1,1.25,3.25,1.35,3.48,1.36,3.48,1.38,3.25,1.33
ATP,2016,52,New York,US Open,2016-09-02,Grand Slam,Outdoor,Hard,2nd Round,5,Del Potro J.M.,Johnson S.,142.0,22.0,410.0,1635.0,7.0,6.0,6.0,3.0,6.0,2.0,,,,,3.0,0.0,Completed,1.33,3.25,1.28,3.0,1.33,3.4,1.3,3.93,1.37,3.93,1.31,3.41
ATP,2016,52,New York,US Open,2016-09-02,Grand Slam,Outdoor,Hard,2nd Round,5,Marchenko I.,Dzumhur D.,63.0,72.0,795.0,720.0,6.0,2.0,6.0,4.0,6.0,3.0,,,,,3.0,0.0,Completed,2.0,1.72,1.88,1.75,2.0,1.8,2.14,1.79,2.14,1.85,2.02,1.78
ATP,2016,52,New York,US Open,2016-09-02,Grand Slam,Outdoor,Hard,2nd Round,5,Ferrer D.,Fognini F.,13.0,38.0,2660.0,1155.0,6.0,0.0,4.0,6.0,5.0,7.0,6.0,1.0,6.0,4.0,3.0,2.0,Completed,1.4,2.75,1.4,2.5,1.4,3.0,1.43,3.08,1.44,3.08,1.41,2.86
ATP,2016,52,New York,US Open,2016-09-02,Grand Slam,Outdoor,Hard,2nd Round,5,Karlovic I.,Young D.,23.0,56.0,1570.0,817.0,6.0,4.0,7.0,6.0,6.0,4.0,,,,,3.0,0.0,Completed,1.5,2.5,1.42,2.5,1.5,2.62,1.52,2.74,1.54,2.74,1.49,2.59
ATP,2016,52,New York,US Open,2016-09-02,Grand Slam,Outdoor,Hard,3rd Round,5,Tsonga J.W.,Anderson K.,11.0,35.0,2875.0,1275.0,6.0,3.0,6.0,4.0,7.0,6.0,,,,,3.0,0.0,Completed,1.44,2.75,1.38,2.65,1.44,2.75,1.47,2.94,1.48,3.05,1.42,3.82
ATP,2016,52,New York,US Open,2016-09-02,Grand Slam,Outdoor,Hard,3rd Round,5,Baghdatis M.,Harrison R.,44.0,120.0,1015.0,509.0,6.0,3.0,7.0,6.0,1.0,6.0,6.0,1.0,,,3.0,1.0,Completed,1.72,2.1,1.65,1.95,1.73,2.1,1.79,2.16,1.8,2.2,1.73,2.09
ATP,2016,52,New York,US Open,2016-09-02,Grand Slam,Outdoor,Hard,3rd Round,5,Sock J.,Cilic M.,27.0,9.0,1450.0,3515.0,6.0,4.0,6.0,3.0,6.0,3.0,,,,,3.0,0.0,Completed,3.75,1.28,2.9,1.3,3.5,1.3,4.01,1.3,4.01,1.36,3.56,1.3
ATP,2016,52,New York,US Open,2016-09-02,Grand Slam,Outdoor,Hard,3rd Round,5,Monfils G.,Almagro N.,12.0,48.0,2835.0,987.0,6.0,4.0,6.0,2.0,6.0,4.0,,,,,3.0,0.0,Completed,1.12,6.0,1.1,5.1,1.14,5.5,1.15,6.74,1.16,6.75,1.13,5.97
ATP,2016,52,New York,US Open,2016-09-02,Grand Slam,Outdoor,Hard,3rd Round,5,Djokovic N.,Youzhny M.,1.0,61.0,14840.0,801.0,4.0,2.0,,,,,,,,,0.0,0.0,Retired,1.06,10.0,1.04,6.5,1.05,10.0,1.07,12.28,1.07,12.28,1.05,9.72
ATP,2016,52,New York,US Open,2016-09-02,Grand Slam,Outdoor,Hard,3rd Round,5,Pouille L.,Bautista Agut R.,25.0,17.0,1481.0,2040.0,3.0,6.0,7.0,5.0,2.0,6.0,7.0,5.0,6.0,1.0,3.0,2.0,Completed,4.0,1.25,3.3,1.22,4.0,1.25,4.18,1.28,4.2,1.29,3.91,1.25
ATP,2016,52,New York,US Open,2016-09-02,Grand Slam,Outdoor,Hard,3rd Round,5,Edmund K.,Isner J.,84.0,21.0,679.0,1645.0,6.0,4.0,3.0,6.0,6.0,2.0,7.0,6.0,,,3.0,1.0,Completed,3.25,1.33,3.0,1.28,3.0,1.4,3.62,1.34,3.8,1.4,3.31,1.33
ATP,2016,52,New York,US Open,2016-09-03,Grand Slam,Outdoor,Hard,3rd Round,5,Nadal R.,Kuznetsov An.,5.0,47.0,4850.0,988.0,6.0,1.0,6.0,4.0,6.0,2.0,,,,,3.0,0.0,Completed,1.08,8.0,1.06,6.0,1.08,8.0,1.1,9.38,1.1,9.65,1.08,8.02
ATP,2016,52,New York,US Open,2016-09-03,Grand Slam,Outdoor,Hard,3rd Round,5,Thiem D.,Carreno Busta P.,10.0,39.0,3205.0,1110.0,1.0,6.0,6.0,4.0,6.0,4.0,7.0,5.0,,,3.0,1.0,Completed,1.25,4.0,1.28,3.1,1.29,3.75,1.28,4.14,1.3,4.2,1.27,3.78
ATP,2016,52,New York,US Open,2016-09-03,Grand Slam,Outdoor,Hard,3rd Round,5,Dimitrov G.,Sousa J.,24.0,36.0,1555.0,1215.0,6.0,4.0,6.0,1.0,3.0,6.0,6.0,2.0,,,3.0,1.0,Completed,1.3,3.5,1.22,3.3,1.29,3.75,1.32,3.85,1.33,4.0,1.28,3.63
ATP,2016,52,New York,US Open,2016-09-03,Grand Slam,Outdoor,Hard,3rd Round,5,Del Potro J.M.,Ferrer D.,142.0,13.0,410.0,2660.0,7.0,6.0,6.0,2.0,6.0,3.0,,,,,3.0,0.0,Completed,1.22,4.0,1.25,3.3,1.25,4.0,1.28,4.15,1.29,4.33,1.24,3.99
ATP,2016,52,New York,US Open,2016-09-03,Grand Slam,Outdoor,Hard,3rd Round,5,Murray A.,Lorenzi P.,2.0,40.0,9305.0,1110.0,7.0,6.0,5.0,7.0,6.0,2.0,6.0,3.0,,,3.0,1.0,Completed,1.005,29.0,1.0,10.0,1.01,21.0,1.01,31.3,1.02,34.0,1.01,21.14
ATP,2016,52,New York,US Open,2016-09-03,Grand Slam,Outdoor,Hard,3rd Round,5,Wawrinka S.,Evans D.,3.0,64.0,4980.0,775.0,4.0,6.0,6.0,3.0,6.0,7.0,7.0,6.0,6.0,2.0,3.0,2.0,Completed,1.11,6.5,1.09,5.5,1.1,7.0,1.13,7.65,1.15,7.65,1.11,6.52
ATP,2016,52,New York,US Open,2016-09-03,Grand Slam,Outdoor,Hard,3rd Round,5,Nishikori K.,Mahut N.,7.0,42.0,4165.0,1038.0,4.0,6.0,6.0,1.0,6.0,2.0,6.0,2.0,,,3.0,1.0,Completed,1.1,7.0,1.09,5.5,1.11,6.5,1.13,7.54,1.15,8.2,1.11,6.65
ATP,2016,52,New York,US Open,2016-09-04,Grand Slam,Outdoor,Hard,3rd Round,5,Karlovic I.,Donaldson J.,23.0,122.0,1570.0,497.0,6.0,4.0,7.0,6.0,6.0,3.0,,,,,3.0,0.0,Completed,1.53,2.5,1.5,2.3,1.57,2.38,1.53,2.73,1.6,2.73,1.52,2.51
ATP,2016,52,New York,US Open,2016-09-04,Grand Slam,Outdoor,Hard,3rd Round,5,Marchenko I.,Kyrgios N.,63.0,16.0,795.0,2060.0,4.0,6.0,6.0,4.0,6.0,1.0,,,,,2.0,1.0,Retired,8.0,1.08,5.5,1.08,7.0,1.1,8.37,1.11,8.45,1.11,7.35,1.09
ATP,2016,52,New York,US Open,2016-09-04,Grand Slam,Outdoor,Hard,4th Round,5,Monfils G.,Baghdatis M.,12.0,44.0,2835.0,1015.0,6.0,3.0,6.0,2.0,6.0,3.0,,,,,3.0,0.0,Completed,1.14,5.5,1.15,4.3,1.17,5.0,1.18,5.86,1.18,6.09,1.15,5.32
ATP,2016,52,New York,US Open,2016-09-04,Grand Slam,Outdoor,Hard,4th Round,5,Tsonga J.W.,Sock J.,11.0,27.0,2875.0,1450.0,6.0,3.0,6.0,3.0,6.0,7.0,6.0,2.0,,,3.0,1.0,Completed,1.66,2.2,1.55,2.1,1.62,2.25,1.73,2.26,1.73,2.35,1.64,2.24
ATP,2016,52,New York,US Open,2016-09-04,Grand Slam,Outdoor,Hard,4th Round,5,Pouille L.,Nadal R.,25.0,5.0,1481.0,4850.0,6.0,1.0,2.0,6.0,6.0,4.0,3.0,6.0,7.0,6.0,3.0,2.0,Completed,10.0,1.06,6.25,1.06,8.0,1.08,9.55,1.09,10.65,1.09,8.75,1.07
ATP,2016,52,New York,US Open,2016-09-05,Grand Slam,Outdoor,Hard,4th Round,5,Djokovic N.,Edmund K.,1.0,84.0,14840.0,679.0,6.0,2.0,6.0,1.0,6.0,4.0,,,,,3.0,0.0,Completed,1.06,10.0,1.06,6.25,1.06,9.0,1.07,11.71,1.07,12.0,1.06,9.56
ATP,2016,52,New York,US Open,2016-09-05,Grand Slam,Outdoor,Hard,4th Round,5,Del Potro J.M.,Thiem D.,142.0,10.0,410.0,3205.0,6.0,3.0,3.0,2.0,,,,,,,1.0,0.0,Retired,1.4,3.0,1.35,2.65,1.4,3.0,1.42,3.15,1.43,3.15,1.39,2.98
ATP,2016,52,New York,US Open,2016-09-05,Grand Slam,Outdoor,Hard,4th Round,5,Wawrinka S.,Marchenko I.,3.0,63.0,4980.0,795.0,6.0,4.0,6.0,1.0,6.0,7.0,6.0,3.0,,,3.0,1.0,Completed,1.08,8.0,1.07,6.0,1.08,8.0,1.11,8.2,1.11,8.25,1.09,7.32
ATP,2016,52,New York,US Open,2016-09-05,Grand Slam,Outdoor,Hard,4th Round,5,Nishikori K.,Karlovic I.,7.0,23.0,4165.0,1570.0,6.0,3.0,6.0,4.0,7.0,6.0,,,,,3.0,0.0,Completed,1.25,4.0,1.17,4.0,1.25,4.0,1.3,4.01,1.3,4.33,1.25,3.93
ATP,2016,52,New York,US Open,2016-09-06,Grand Slam,Outdoor,Hard,4th Round,5,Murray A.,Dimitrov G.,2.0,24.0,9305.0,1555.0,6.0,1.0,6.0,2.0,6.0,2.0,,,,,3.0,0.0,Completed,1.12,6.0,1.1,5.0,1.14,5.5,1.15,6.55,1.17,7.0,1.13,5.8
ATP,2016,52,New York,US Open,2016-09-06,Grand Slam,Outdoor,Hard,Quarterfinals,5,Monfils G.,Pouille L.,12.0,25.0,2835.0,1481.0,6.0,4.0,6.0,3.0,6.0,3.0,,,,,3.0,0.0,Completed,1.2,4.5,1.14,4.3,1.2,4.5,1.23,4.88,1.23,5.0,1.2,4.54
ATP,2016,52,New York,US Open,2016-09-07,Grand Slam,Outdoor,Hard,Quarterfinals,5,Djokovic N.,Tsonga J.W.,1.0,11.0,14840.0,2875.0,6.0,3.0,6.0,2.0,,,,,,,2.0,0.0,Retired,1.12,6.0,1.11,4.9,1.13,6.5,1.16,6.23,1.17,6.5,1.14,5.76
ATP,2016,52,New York,US Open,2016-09-07,Grand Slam,Outdoor,Hard,Quarterfinals,5,Nishikori K.,Murray A.,7.0,2.0,4165.0,9305.0,1.0,6.0,6.0,4.0,4.0,6.0,6.0,1.0,7.0,5.0,3.0,2.0,Completed,5.5,1.14,4.5,1.14,5.5,1.14,6.08,1.17,6.18,1.17,5.45,1.15
ATP,2016,52,New York,US Open,2016-09-08,Grand Slam,Outdoor,Hard,Quarterfinals,5,Wawrinka S.,Del Potro J.M.,3.0,142.0,4980.0,410.0,7.0,6.0,4.0,6.0,6.0,3.0,6.0,2.0,,,3.0,1.0,Completed,2.37,1.57,2.1,1.55,2.38,1.57,2.45,1.64,2.5,1.7,2.34,1.6
ATP,2016,52,New York,US Open,2016-09-09,Grand Slam,Outdoor,Hard,Semifinals,5,Djokovic N.,Monfils G.,1.0,12.0,14840.0,2835.0,6.0,3.0,6.0,2.0,3.0,6.0,6.0,2.0,,,3.0,1.0,Completed,1.14,5.5,1.11,4.9,1.12,6.0,1.18,6.01,1.18,6.09,1.15,5.57
ATP,2016,52,New York,US Open,2016-09-09,Grand Slam,Outdoor,Hard,Semifinals,5,Wawrinka S.,Nishikori K.,3.0,7.0,4980.0,4165.0,4.0,6.0,7.0,5.0,6.0,4.0,6.0,2.0,,,3.0,1.0,Completed,2.1,1.72,1.92,1.7,2.1,1.73,2.22,1.77,2.27,1.78,2.12,1.72
ATP,2016,52,New York,US Open,2016-09-11,Grand Slam,Outdoor,Hard,The Final,5,Wawrinka S.,Djokovic N.,3.0,1.0,4980.0,14840.0,6.0,7.0,6.0,4.0,7.0,5.0,6.0,3.0,,,3.0,1.0,Completed,3.4,1.33,2.85,1.33,3.4,1.36,3.62,1.35,3.62,1.45,3.28,1.35
