Tour,Year,ATP,Location,Tournament,Date,Series,Court,Surface,Round,Best of,Winner,Loser,WRank,LRank,WPts,LPts,W1,L1,W2,L2,W3,L3,W4,L4,W5,L5,Wsets,Lsets,Comment,B365W,B365L,PSW,PSL,MaxW,MaxL,AvgW,AvgL
ATP,2023,5,Melbourne,Australian Open,2023-01-16,Grand Slam,Outdoor,Hard,1st Round,5,Moutet C.,Wu Y.,62.0,114.0,790.0,494.0,6.0,4.0,5.0,7.0,6.0,2.0,4.0,6.0,7.0,5.0,3.0,2.0,Completed,2.38,1.57,2.4,1.65,2.4,1.66,2.33,1.61
ATP,2023,5,Melbourne,Australian Open,2023-01-16,Grand Slam,Outdoor,Hard,1st Round,5,Watanuki Y.,Rinderknech A.,138.0,59.0,413.0,807.0,6.0,3.0,6.0,3.0,6.0,2.0,,,,,3.0,0.0,Completed,2.3,1.62,2.18,1.77,2.45,1.77,2.28,1.64
ATP,2023,5,Melbourne,Australian Open,2023-01-16,Grand Slam,Outdoor,Hard,1st Round,5,Van De Zandschulp B.,Ivashka I.,34.0,73.0,1205.0,705.0,6.0,3.0,3.0,6.0,7.0,5.0,6.0,3.0,,,3.0,1.0,Completed,1.36,3.2,1.47,2.91,1.52,3.3,1.39,3.03
ATP,2023,5,Melbourne,Australian Open,2023-01-16,Grand Slam,Outdoor,Hard,1st Round,5,Etcheverry T.,Barrere G.,79.0,83.0,649.0,635.0,3.0,6.0,6.0,3.0,6.0,4.0,6.0,4.0,,,3.0,1.0,Completed,2.3,1.62,2.43,1.63,2.55,1.67,2.36,1.6
ATP,2023,5,Melbourne,Australian Open,2023-01-16,Grand Slam,Outdoor,Hard,1st Round,5,Sinner J.,Edmund K.,16.0,581.0,2375.0,52.0,6.0,4.0,6.0,0.0,6.0,2.0,,,,,3.0,0.0,Completed,1.06,10.0,1.05,15.72,1.07,15.72,1.05,11.18
ATP,2023,5,Melbourne,Australian Open,2023-01-16,Grand Slam,Outdoor,Hard,1st Round,5,Cerundolo F.,Pella G.,29.0,181.0,1383.0,318.0,6.0,4.0,6.0,4.0,6.0,3.0,,,,,3.0,0.0,Completed,1.13,6.0,1.17,6.06,1.2,6.06,1.15,5.58
ATP,2023,5,Melbourne,Australian Open,2023-01-16,Grand Slam,Outdoor,Hard,1st Round,5,Shang J.,Otte O.,194.0,74.0,289.0,701.0,6.0,2.0,6.0,4.0,6.0,7.0,7.0,5.0,,,3.0,1.0,Completed,2.75,1.44,2.86,1.48,3.0,1.5,2.79,1.44
ATP,2023,5,Melbourne,Australian Open,2023-01-16,Grand Slam,Outdoor,Hard,1st Round,5,Hurkacz H.,Martinez P.,11.0,60.0,2860.0,801.0,7.0,6.0,6.0,2.0,6.0,2.0,,,,,3.0,0.0,Completed,1.06,10.0,1.06,13.22,1.06,13.22,1.05,10.6
ATP,2023,5,Melbourne,Australian Open,2023-01-16,Grand Slam,Outdoor,Hard,1st Round,5,Korda S.,Garin C.,31.0,87.0,1325.0,606.0,6.0,4.0,1.0,6.0,6.0,3.0,6.0,2.0,,,3.0,1.0,Completed,1.08,8.0,1.1,9.05,1.11,9.25,1.08,8.1
ATP,2023,5,Melbourne,Australian Open,2023-01-16,Grand Slam,Outdoor,Hard,1st Round,5,Nishioka Y.,Ymer M.,33.0,69.0,1212.0,751.0,6.0,4.0,6.0,2.0,7.0,5.0,,,,,3.0,0.0,Completed,1.91,1.91,2.02,1.88,2.04,2.0,1.94,1.86
ATP,2023,5,Melbourne,Australian Open,2023-01-16,Grand Slam,Outdoor,Hard,1st Round,5,Shapovalov D.,Lajovic D.,22.0,86.0,1830.0,626.0,6.0,4.0,4.0,6.0,6.0,4.0,6.0,1.0,,,3.0,1.0,Completed,1.08,8.0,1.09,9.82,1.1,9.82,1.08,8.01
ATP,2023,5,Melbourne,Australian Open,2023-01-16,Grand Slam,Outdoor,Hard,1st Round,5,Griekspoor T.,Kotov P.,63.0,117.0,789.0,483.0,6.0,3.0,7.0,6.0,6.0,3.0,,,,,3.0,0.0,Completed,1.36,3.2,1.42,3.1,1.42,3.4,1.37,3.13
ATP,2023,5,Melbourne,Australian Open,2023-01-16,Grand Slam,Outdoor,Hard,1st Round,5,Mcdonald M.,Nakashima B.,65.0,49.0,775.0,902.0,7.0,6.0,7.0,6.0,1.0,6.0,6.0,7.0,6.0,4.0,3.0,2.0,Completed,2.5,1.53,2.59,1.56,2.72,1.6,2.54,1.52
ATP,2023,5,Melbourne,Australian Open,2023-01-16,Grand Slam,Outdoor,Hard,1st Round,5,Khachanov K.,Zapata Miralles B.,20.0,72.0,1885.0,712.0,7.0,6.0,6.0,2.0,6.0,0.0,,,,,3.0,0.0,Completed,1.07,9.0,1.06,13.0,1.09,13.0,1.06,9.77
ATP,2023,5,Melbourne,Australian Open,2023-01-16,Grand Slam,Outdoor,Hard,1st Round,5,Tiafoe F.,Altmaier D.,17.0,92.0,2260.0,584.0,6.0,3.0,6.0,3.0,6.0,7.0,7.0,6.0,,,3.0,1.0,Completed,1.1,7.0,1.1,8.65,1.12,8.65,1.1,7.19
ATP,2023,5,Melbourne,Australian Open,2023-01-16,Grand Slam,Outdoor,Hard,1st Round,5,Nadal R.,Draper J.,2.0,38.0,5770.0,1020.0,7.0,5.0,2.0,6.0,6.0,4.0,6.0,1.0,,,3.0,1.0,Completed,1.36,3.2,1.44,3.02,1.44,3.3,1.39,3.02
ATP,2023,5,Melbourne,Australian Open,2023-01-16,Grand Slam,Outdoor,Hard,1st Round,5,Daniel T.,Escobedo E.,94.0,313.0,572.0,163.0,7.0,5.0,6.0,2.0,3.0,6.0,6.0,3.0,,,3.0,1.0,Completed,1.57,2.38,1.57,2.57,1.63,2.57,1.57,2.43
ATP,2023,5,Melbourne,Australian Open,2023-01-16,Grand Slam,Outdoor,Hard,1st Round,5,Sonego L.,Borges N.,47.0,111.0,925.0,512.0,7.0,6.0,6.0,3.0,6.0,7.0,6.0,1.0,,,3.0,1.0,Completed,1.3,3.5,1.37,3.37,1.38,3.6,1.34,3.27
ATP,2023,5,Melbourne,Australian Open,2023-01-16,Grand Slam,Outdoor,Hard,1st Round,5,Lehecka J.,Coric B.,71.0,23.0,717.0,1760.0,6.0,3.0,6.0,3.0,6.0,3.0,,,,,3.0,0.0,Completed,3.2,1.36,3.34,1.38,3.34,1.39,3.2,1.35
ATP,2023,5,Melbourne,Australian Open,2023-01-16,Grand Slam,Outdoor,Hard,1st Round,5,Kubler J.,Baez S.,84.0,44.0,633.0,975.0,6.0,4.0,6.0,4.0,6.0,4.0,,,,,3.0,0.0,Completed,1.33,3.4,1.36,3.48,1.36,3.66,1.33,3.38
ATP,2023,5,Melbourne,Australian Open,2023-01-16,Grand Slam,Outdoor,Hard,1st Round,5,Svrcina D.,Munar J.,216.0,64.0,249.0,777.0,6.0,3.0,6.0,2.0,6.0,2.0,,,,,3.0,0.0,Completed,2.75,1.44,2.74,1.52,2.8,1.52,2.64,1.48
ATP,2023,5,Melbourne,Australian Open,2023-01-16,Grand Slam,Outdoor,Hard,1st Round,5,Millman J.,Huesler M.A.,140.0,51.0,410.0,866.0,6.0,7.0,7.0,5.0,6.0,7.0,6.0,2.0,6.0,3.0,3.0,2.0,Completed,2.2,1.67,2.25,1.72,2.3,1.78,2.18,1.69
ATP,2023,5,Melbourne,Australian Open,2023-01-16,Grand Slam,Outdoor,Hard,1st Round,5,Eubanks C.,Kwon S.W.,116.0,52.0,487.0,862.0,6.0,3.0,6.0,7.0,6.0,3.0,4.0,6.0,6.0,4.0,3.0,2.0,Completed,2.38,1.57,2.65,1.55,2.65,1.62,2.38,1.58
ATP,2023,5,Melbourne,Australian Open,2023-01-16,Grand Slam,Outdoor,Hard,1st Round,5,Fucsovics M.,Coria F.,78.0,76.0,687.0,695.0,4.0,6.0,7.0,5.0,2.0,6.0,7.0,6.0,6.0,2.0,3.0,2.0,Completed,1.14,5.5,1.17,5.96,1.22,6.0,1.16,5.38
ATP,2023,5,Melbourne,Australian Open,2023-01-16,Grand Slam,Outdoor,Hard,1st Round,5,Molcan A.,Wawrinka S.,53.0,139.0,850.0,412.0,6.0,7.0,6.0,3.0,1.0,6.0,7.0,6.0,6.0,4.0,3.0,2.0,Completed,3.75,1.29,3.89,1.3,4.0,1.31,3.7,1.28
ATP,2023,5,Melbourne,Australian Open,2023-01-16,Grand Slam,Outdoor,Hard,1st Round,5,Hijikata R.,Hanfmann Y.,169.0,128.0,344.0,435.0,4.0,6.0,4.0,6.0,6.0,3.0,7.0,6.0,6.0,3.0,3.0,2.0,Completed,2.0,1.8,1.98,1.93,2.1,1.93,1.98,1.83
ATP,2023,5,Melbourne,Australian Open,2023-01-16,Grand Slam,Outdoor,Hard,1st Round,5,Norrie C.,Van Assche L.,12.0,143.0,2680.0,403.0,7.0,6.0,6.0,0.0,6.0,3.0,,,,,3.0,0.0,Completed,1.06,10.0,1.07,11.47,1.09,11.47,1.06,9.17
ATP,2023,5,Melbourne,Australian Open,2023-01-16,Grand Slam,Outdoor,Hard,1st Round,5,Auger-Aliassime F.,Pospisil V.,7.0,99.0,3895.0,560.0,1.0,6.0,7.0,6.0,7.0,6.0,6.0,3.0,,,3.0,1.0,Completed,1.07,9.0,1.08,10.82,1.08,10.82,1.07,8.87
ATP,2023,5,Melbourne,Australian Open,2023-01-16,Grand Slam,Outdoor,Hard,1st Round,5,Tsitsipas S.,Halys Q.,4.0,61.0,5715.0,800.0,6.0,3.0,6.0,4.0,7.0,6.0,,,,,3.0,0.0,Completed,1.14,5.5,1.14,6.96,1.18,6.96,1.14,5.69
ATP,2023,5,Melbourne,Australian Open,2023-01-16,Grand Slam,Outdoor,Hard,1st Round,5,Lestienne C.,Monteiro T.,55.0,77.0,842.0,690.0,6.0,3.0,7.0,6.0,6.0,3.0,,,,,3.0,0.0,Completed,2.1,1.73,2.19,1.76,2.19,1.84,2.08,1.76
ATP,2023,5,Melbourne,Australian Open,2023-01-16,Grand Slam,Outdoor,Hard,1st Round,5,Harris L.,Musetti L.,186.0,19.0,310.0,1925.0,6.0,4.0,6.0,1.0,6.0,7.0,2.0,6.0,7.0,6.0,3.0,2.0,Completed,3.4,1.33,3.61,1.34,3.61,1.39,3.35,1.33
ATP,2023,5,Melbourne,Australian Open,2023-01-16,Grand Slam,Outdoor,Hard,1st Round,5,Medvedev D.,Giron M.,8.0,56.0,3860.0,841.0,6.0,0.0,6.0,1.0,6.0,2.0,,,,,3.0,0.0,Completed,1.03,17.0,1.04,18.34,1.08,18.34,1.03,13.88
ATP,2023,5,Melbourne,Australian Open,2023-01-17,Grand Slam,Outdoor,Hard,1st Round,5,Rublev A.,Thiem D.,6.0,98.0,3930.0,561.0,6.0,3.0,6.0,4.0,6.0,2.0,,,,,3.0,0.0,Completed,1.25,4.0,1.28,4.13,1.3,4.2,1.27,3.84
ATP,2023,5,Melbourne,Australian Open,2023-01-17,Grand Slam,Outdoor,Hard,1st Round,5,Chardy J.,Galan D.E.,,70.0,,735.0,1.0,6.0,7.0,5.0,6.0,1.0,6.0,4.0,,,3.0,1.0,Completed,3.2,1.36,3.32,1.38,3.38,1.4,3.19,1.36
ATP,2023,5,Melbourne,Australian Open,2023-01-17,Grand Slam,Outdoor,Hard,1st Round,5,Evans D.,Bagnis F.,30.0,91.0,1380.0,595.0,6.0,4.0,4.0,6.0,6.0,4.0,6.0,4.0,,,3.0,1.0,Completed,1.11,6.5,1.14,7.05,1.15,7.05,1.12,6.38
ATP,2023,5,Melbourne,Australian Open,2023-01-17,Grand Slam,Outdoor,Hard,1st Round,5,Bonzi B.,Bellucci M.,48.0,152.0,911.0,374.0,4.0,6.0,6.0,3.0,7.0,6.0,6.0,4.0,,,3.0,1.0,Completed,1.4,3.0,1.4,3.23,1.42,3.25,1.39,3.01
ATP,2023,5,Melbourne,Australian Open,2023-01-17,Grand Slam,Outdoor,Hard,1st Round,5,Dimitrov G.,Karatsev A.,28.0,82.0,1395.0,635.0,7.0,6.0,7.0,5.0,6.0,2.0,,,,,3.0,0.0,Completed,1.4,3.0,1.41,3.17,1.5,3.17,1.4,3.0
ATP,2023,5,Melbourne,Australian Open,2023-01-17,Grand Slam,Outdoor,Hard,1st Round,5,Djere L.,Bergs Z.,68.0,130.0,758.0,428.0,6.0,4.0,1.0,6.0,6.0,4.0,6.0,1.0,,,3.0,1.0,Completed,1.44,2.75,1.51,2.75,1.54,2.79,1.49,2.63
ATP,2023,5,Melbourne,Australian Open,2023-01-17,Grand Slam,Outdoor,Hard,1st Round,5,Schwartzman D.,Krutykh O.,26.0,188.0,1550.0,308.0,6.0,4.0,6.0,7.0,6.0,3.0,7.0,6.0,,,3.0,1.0,Completed,1.5,2.63,1.58,2.52,1.64,2.78,1.55,2.49
ATP,2023,5,Melbourne,Australian Open,2023-01-17,Grand Slam,Outdoor,Hard,1st Round,5,Jarry N.,Kecmanovic M.,154.0,27.0,370.0,1445.0,6.0,3.0,6.0,4.0,7.0,6.0,,,,,3.0,0.0,Completed,3.5,1.3,3.87,1.31,3.87,1.35,3.58,1.3
ATP,2023,5,Melbourne,Australian Open,2023-01-17,Grand Slam,Outdoor,Hard,1st Round,5,Davidovich Fokina A.,Bublik A.,32.0,36.0,1325.0,1130.0,6.0,0.0,6.0,7.0,3.0,6.0,6.0,4.0,6.0,3.0,3.0,2.0,Completed,1.73,2.1,1.76,2.2,1.82,2.25,1.72,2.13
ATP,2023,5,Melbourne,Australian Open,2023-01-17,Grand Slam,Outdoor,Hard,1st Round,5,Carreno Busta P.,Cachin P.,15.0,58.0,2420.0,809.0,7.0,6.0,6.0,1.0,7.0,6.0,,,,,3.0,0.0,Completed,1.08,8.0,1.09,9.27,1.12,9.27,1.08,7.93
ATP,2023,5,Melbourne,Australian Open,2023-01-17,Grand Slam,Outdoor,Hard,1st Round,5,Wolf J.J.,Thompson J.,67.0,88.0,758.0,604.0,6.0,3.0,3.0,6.0,6.0,4.0,7.0,5.0,,,3.0,1.0,Completed,1.57,2.38,1.65,2.39,1.65,2.5,1.61,2.33
ATP,2023,5,Melbourne,Australian Open,2023-01-17,Grand Slam,Outdoor,Hard,1st Round,5,Fritz T.,Basilashvili N.,9.0,90.0,3545.0,595.0,6.0,4.0,6.0,2.0,4.0,6.0,7.0,5.0,,,3.0,1.0,Completed,1.03,17.0,1.04,16.86,1.04,18.0,1.03,14.25
ATP,2023,5,Melbourne,Australian Open,2023-01-17,Grand Slam,Outdoor,Hard,1st Round,5,Rune H.,Krajinovic F.,10.0,54.0,2876.0,845.0,6.0,2.0,6.0,3.0,6.0,4.0,,,,,3.0,0.0,Completed,1.14,5.5,1.18,5.65,1.21,5.65,1.17,5.08
ATP,2023,5,Melbourne,Australian Open,2023-01-17,Grand Slam,Outdoor,Hard,1st Round,5,Shelton B.,Zhang Zh.,89.0,96.0,604.0,567.0,4.0,6.0,6.0,3.0,6.0,2.0,2.0,6.0,7.0,6.0,3.0,2.0,Completed,1.4,3.0,1.46,2.95,1.46,3.0,1.43,2.87
ATP,2023,5,Melbourne,Australian Open,2023-01-17,Grand Slam,Outdoor,Hard,1st Round,5,Murray A.,Berrettini M.,66.0,14.0,770.0,2490.0,6.0,3.0,6.0,3.0,4.0,6.0,6.0,7.0,7.0,6.0,3.0,2.0,Completed,4.0,1.25,4.62,1.24,4.8,1.26,4.28,1.22
ATP,2023,5,Melbourne,Australian Open,2023-01-17,Grand Slam,Outdoor,Hard,1st Round,5,Zverev A.,Varillas J. P.,13.0,103.0,2560.0,546.0,4.0,6.0,6.0,1.0,5.0,7.0,7.0,6.0,6.0,4.0,3.0,2.0,Completed,1.06,10.0,1.1,8.9,1.1,10.0,1.08,8.35
ATP,2023,5,Melbourne,Australian Open,2023-01-17,Grand Slam,Outdoor,Hard,1st Round,5,Paul T.,Struff J.L.,35.0,167.0,1160.0,351.0,6.0,1.0,7.0,6.0,6.0,2.0,,,,,3.0,0.0,Completed,1.4,3.0,1.4,3.24,1.43,3.24,1.39,3.02
ATP,2023,5,Melbourne,Australian Open,2023-01-17,Grand Slam,Outdoor,Hard,1st Round,5,Brooksby J.,O Connell C.,39.0,80.0,1010.0,648.0,3.0,6.0,6.0,2.0,6.0,3.0,6.0,2.0,,,3.0,1.0,Completed,1.44,2.75,1.49,2.84,1.51,2.96,1.46,2.76
ATP,2023,5,Melbourne,Australian Open,2023-01-17,Grand Slam,Outdoor,Hard,1st Round,5,De Minaur A.,Hsu Y.,24.0,209.0,1710.0,265.0,6.0,2.0,6.0,2.0,6.0,3.0,,,,,3.0,0.0,Completed,1.04,13.0,1.06,13.57,1.07,17.0,1.05,11.41
ATP,2023,5,Melbourne,Australian Open,2023-01-17,Grand Slam,Outdoor,Hard,1st Round,5,Popyrin A.,Tseng C. H.,113.0,115.0,506.0,490.0,4.0,6.0,7.0,6.0,6.0,7.0,7.0,6.0,6.0,1.0,3.0,2.0,Completed,1.17,5.0,1.16,6.33,1.17,6.33,1.15,5.56
ATP,2023,5,Melbourne,Australian Open,2023-01-17,Grand Slam,Outdoor,Hard,1st Round,5,Ruud C.,Machac T.,3.0,110.0,5720.0,512.0,6.0,3.0,7.0,6.0,6.0,7.0,6.0,3.0,,,3.0,1.0,Completed,1.17,5.0,1.19,5.52,1.22,6.26,1.17,5.1
ATP,2023,5,Melbourne,Australian Open,2023-01-17,Grand Slam,Outdoor,Hard,1st Round,5,Djokovic N.,Carballes Baena R.,5.0,75.0,5070.0,695.0,6.0,3.0,6.0,4.0,6.0,0.0,,,,,3.0,0.0,Completed,1.01,29.0,1.02,30.3,1.02,30.3,1.01,19.91
ATP,2023,5,Melbourne,Australian Open,2023-01-18,Grand Slam,Outdoor,Hard,1st Round,5,Ruusuvuori E.,Purcell M.,46.0,205.0,941.0,268.0,4.0,6.0,6.0,3.0,6.0,4.0,7.0,6.0,,,3.0,1.0,Completed,1.36,3.2,1.41,3.18,1.41,3.35,1.35,3.2
ATP,2023,5,Melbourne,Australian Open,2023-01-18,Grand Slam,Outdoor,Hard,1st Round,5,Humbert U.,Gasquet R.,106.0,42.0,523.0,990.0,6.0,3.0,6.0,4.0,6.0,3.0,,,,,3.0,0.0,Completed,2.1,1.73,2.05,1.86,2.02,2.03,1.86,1.8
ATP,2023,5,Melbourne,Australian Open,2023-01-18,Grand Slam,Outdoor,Hard,1st Round,5,Kudla D.,Safiullin R.,108.0,97.0,522.0,563.0,3.0,6.0,7.0,5.0,7.0,6.0,6.0,3.0,,,3.0,1.0,Completed,3.2,1.36,3.47,1.35,3.47,1.41,3.19,1.36
ATP,2023,5,Melbourne,Australian Open,2023-01-18,Grand Slam,Outdoor,Hard,1st Round,5,Mmoh M.,Lokoli L.,107.0,175.0,523.0,326.0,7.0,6.0,6.0,4.0,6.0,2.0,,,,,3.0,0.0,Completed,1.53,2.5,,,1.62,2.5,1.58,2.42
ATP,2023,5,Melbourne,Australian Open,2023-01-18,Grand Slam,Outdoor,Hard,1st Round,5,Mannarino A.,Isner J.,45.0,43.0,971.0,980.0,6.0,7.0,7.0,6.0,6.0,2.0,6.0,2.0,,,3.0,1.0,Completed,2.0,1.8,2.01,1.9,2.16,1.9,2.0,1.82
ATP,2023,5,Melbourne,Australian Open,2023-01-18,Grand Slam,Outdoor,Hard,1st Round,5,Holt B.,Vukic A.,215.0,146.0,255.0,384.0,6.0,4.0,1.0,6.0,6.0,3.0,3.0,6.0,6.0,3.0,3.0,2.0,Completed,2.38,1.57,2.38,1.65,2.45,1.65,2.35,1.6
ATP,2023,5,Melbourne,Australian Open,2023-01-18,Grand Slam,Outdoor,Hard,1st Round,5,Bautista Agut R.,Sousa J.,25.0,81.0,1675.0,644.0,6.0,3.0,6.0,2.0,6.0,2.0,,,,,3.0,0.0,Completed,1.08,8.0,1.09,9.27,1.1,9.43,1.08,8.27
ATP,2023,5,Melbourne,Australian Open,2023-01-18,Grand Slam,Outdoor,Hard,1st Round,5,Couacaud E.,Dellien H.,191.0,131.0,302.0,425.0,6.0,4.0,7.0,5.0,6.0,0.0,,,,,3.0,0.0,Completed,1.11,6.5,1.13,7.08,1.19,7.33,1.13,6.27
ATP,2023,5,Melbourne,Australian Open,2023-01-18,Grand Slam,Outdoor,Hard,1st Round,5,Cressy M.,Ramos-Vinolas A.,41.0,37.0,992.0,1075.0,7.0,6.0,7.0,5.0,3.0,6.0,6.0,3.0,,,3.0,1.0,Completed,1.36,3.2,1.41,3.17,1.41,3.35,1.38,3.06
ATP,2023,5,Melbourne,Australian Open,2023-01-18,Grand Slam,Outdoor,Hard,1st Round,5,Kokkinakis T.,Fognini F.,159.0,57.0,362.0,823.0,6.0,1.0,6.0,2.0,6.0,2.0,,,,,3.0,0.0,Completed,1.17,5.0,1.19,5.56,1.22,6.0,1.18,5.0
ATP,2023,5,Melbourne,Australian Open,2023-01-18,Grand Slam,Outdoor,Hard,2nd Round,5,Sinner J.,Etcheverry T.,16.0,79.0,2375.0,649.0,6.0,3.0,6.0,2.0,6.0,2.0,,,,,3.0,0.0,Completed,1.05,11.0,1.04,17.66,1.07,18.0,1.04,11.92
ATP,2023,5,Melbourne,Australian Open,2023-01-18,Grand Slam,Outdoor,Hard,2nd Round,5,Auger-Aliassime F.,Molcan A.,7.0,53.0,3895.0,850.0,3.0,6.0,3.0,6.0,6.0,3.0,6.0,2.0,6.0,2.0,3.0,2.0,Completed,1.05,11.0,1.08,11.09,1.1,14.0,1.07,9.08
ATP,2023,5,Melbourne,Australian Open,2023-01-18,Grand Slam,Outdoor,Hard,2nd Round,5,Mcdonald M.,Nadal R.,65.0,2.0,775.0,5770.0,6.0,4.0,6.0,4.0,7.0,5.0,,,,,3.0,0.0,Completed,9.0,1.07,9.06,1.09,9.52,1.12,7.88,1.08
ATP,2023,5,Melbourne,Australian Open,2023-01-18,Grand Slam,Outdoor,Hard,2nd Round,5,Tiafoe F.,Shang J.,17.0,194.0,2260.0,289.0,6.0,4.0,6.0,4.0,6.0,1.0,,,,,3.0,0.0,Completed,1.14,5.5,1.1,8.34,1.15,8.34,1.11,6.68
ATP,2023,5,Melbourne,Australian Open,2023-01-18,Grand Slam,Outdoor,Hard,2nd Round,5,Fucsovics M.,Harris L.,78.0,186.0,687.0,310.0,6.0,2.0,6.0,3.0,5.0,7.0,6.0,4.0,,,3.0,1.0,Completed,1.8,2.0,1.91,1.98,1.91,2.05,1.85,1.97
ATP,2023,5,Melbourne,Australian Open,2023-01-18,Grand Slam,Outdoor,Hard,2nd Round,5,Khachanov K.,Kubler J.,20.0,84.0,1885.0,633.0,6.0,4.0,5.0,7.0,6.0,4.0,6.0,2.0,,,3.0,1.0,Completed,1.29,3.75,1.29,3.93,1.3,4.11,1.28,3.73
ATP,2023,5,Melbourne,Australian Open,2023-01-18,Grand Slam,Outdoor,Hard,2nd Round,5,Medvedev D.,Millman J.,8.0,140.0,3860.0,410.0,7.0,5.0,6.0,2.0,6.0,2.0,,,,,3.0,0.0,Completed,1.02,19.0,1.02,27.6,1.04,28.58,1.02,17.35
ATP,2023,5,Melbourne,Australian Open,2023-01-18,Grand Slam,Outdoor,Hard,2nd Round,5,Nishioka Y.,Svrcina D.,33.0,216.0,1212.0,249.0,6.0,3.0,6.0,4.0,6.0,2.0,,,,,3.0,0.0,Completed,1.25,4.0,1.27,4.24,1.28,4.45,1.24,4.11
ATP,2023,5,Melbourne,Australian Open,2023-01-18,Grand Slam,Outdoor,Hard,2nd Round,5,Cerundolo F.,Moutet C.,29.0,62.0,1383.0,790.0,3.0,6.0,6.0,4.0,6.0,2.0,7.0,5.0,,,3.0,1.0,Completed,1.91,1.91,2.05,1.85,2.05,1.95,1.97,1.85
ATP,2023,5,Melbourne,Australian Open,2023-01-18,Grand Slam,Outdoor,Hard,2nd Round,5,Shapovalov D.,Daniel T.,22.0,94.0,1830.0,572.0,6.0,3.0,7.0,6.0,7.0,5.0,,,,,3.0,0.0,Completed,1.17,5.0,1.19,5.48,1.2,5.85,1.17,5.13
ATP,2023,5,Melbourne,Australian Open,2023-01-18,Grand Slam,Outdoor,Hard,2nd Round,5,Hurkacz H.,Sonego L.,11.0,47.0,2860.0,925.0,3.0,6.0,7.0,6.0,2.0,6.0,6.0,3.0,6.0,3.0,3.0,2.0,Completed,1.25,4.0,1.29,4.05,1.34,4.25,1.26,3.91
ATP,2023,5,Melbourne,Australian Open,2023-01-18,Grand Slam,Outdoor,Hard,2nd Round,5,Tsitsipas S.,Hijikata R.,4.0,169.0,5715.0,344.0,6.0,3.0,6.0,0.0,6.0,2.0,,,,,3.0,0.0,Completed,1.05,11.0,1.03,19.14,1.08,19.14,1.04,12.14
ATP,2023,5,Melbourne,Australian Open,2023-01-18,Grand Slam,Outdoor,Hard,2nd Round,5,Korda S.,Watanuki Y.,31.0,138.0,1325.0,413.0,6.0,2.0,7.0,5.0,6.0,4.0,,,,,3.0,0.0,Completed,1.22,4.33,1.21,5.01,1.25,5.01,1.22,4.38
ATP,2023,5,Melbourne,Australian Open,2023-01-18,Grand Slam,Outdoor,Hard,2nd Round,5,Griekspoor T.,Van De Zandschulp B.,63.0,34.0,789.0,1205.0,6.0,4.0,6.0,4.0,6.0,4.0,,,,,3.0,0.0,Completed,2.1,1.73,2.17,1.78,2.29,1.79,2.11,1.73
ATP,2023,5,Melbourne,Australian Open,2023-01-18,Grand Slam,Outdoor,Hard,2nd Round,5,Lehecka J.,Eubanks C.,71.0,116.0,717.0,487.0,6.0,4.0,6.0,4.0,3.0,6.0,6.0,3.0,,,3.0,1.0,Completed,1.44,2.75,1.46,2.9,1.52,3.01,1.45,2.76
ATP,2023,5,Melbourne,Australian Open,2023-01-18,Grand Slam,Outdoor,Hard,2nd Round,5,Norrie C.,Lestienne C.,12.0,55.0,2680.0,842.0,6.0,3.0,3.0,6.0,7.0,6.0,6.0,3.0,,,3.0,1.0,Completed,1.1,7.0,1.11,8.07,1.12,8.34,1.1,7.11
ATP,2023,5,Melbourne,Australian Open,2023-01-19,Grand Slam,Outdoor,Hard,2nd Round,5,Evans D.,Chardy J.,30.0,,1380.0,,6.0,4.0,6.0,4.0,6.0,1.0,,,,,3.0,0.0,Completed,1.13,6.0,1.13,7.49,1.19,7.49,1.12,6.27
ATP,2023,5,Melbourne,Australian Open,2023-01-19,Grand Slam,Outdoor,Hard,2nd Round,5,Paul T.,Davidovich Fokina A.,35.0,32.0,1160.0,1325.0,6.0,2.0,2.0,6.0,6.0,7.0,6.0,3.0,6.0,4.0,3.0,2.0,Completed,1.5,2.63,1.49,2.84,1.54,2.84,1.49,2.63
ATP,2023,5,Melbourne,Australian Open,2023-01-19,Grand Slam,Outdoor,Hard,2nd Round,5,Brooksby J.,Ruud C.,39.0,3.0,1010.0,5720.0,6.0,3.0,7.0,5.0,6.0,7.0,6.0,2.0,,,3.0,1.0,Completed,3.4,1.33,3.61,1.34,3.64,1.36,3.34,1.33
ATP,2023,5,Melbourne,Australian Open,2023-01-19,Grand Slam,Outdoor,Hard,2nd Round,5,Rublev A.,Ruusuvuori E.,6.0,46.0,3930.0,941.0,6.0,2.0,6.0,4.0,6.0,7.0,6.0,3.0,,,3.0,1.0,Completed,1.22,4.33,1.23,4.69,1.27,5.3,1.21,4.49
ATP,2023,5,Melbourne,Australian Open,2023-01-19,Grand Slam,Outdoor,Hard,2nd Round,5,Shelton B.,Jarry N.,89.0,154.0,604.0,370.0,7.0,6.0,7.0,6.0,7.0,5.0,,,,,3.0,0.0,Completed,1.8,2.0,1.85,2.06,1.9,2.24,1.81,2.01
ATP,2023,5,Melbourne,Australian Open,2023-01-19,Grand Slam,Outdoor,Hard,2nd Round,5,Wolf J.J.,Schwartzman D.,67.0,26.0,758.0,1550.0,6.0,1.0,6.0,4.0,6.0,4.0,,,,,3.0,0.0,Completed,1.53,2.5,1.49,2.83,1.59,2.83,1.51,2.56
ATP,2023,5,Melbourne,Australian Open,2023-01-19,Grand Slam,Outdoor,Hard,2nd Round,5,Popyrin A.,Fritz T.,113.0,9.0,506.0,3545.0,6.0,7.0,7.0,6.0,6.0,4.0,6.0,7.0,6.0,2.0,3.0,2.0,Completed,6.5,1.11,8.3,1.11,8.3,1.12,7.16,1.1
ATP,2023,5,Melbourne,Australian Open,2023-01-19,Grand Slam,Outdoor,Hard,2nd Round,5,Humbert U.,Kudla D.,106.0,108.0,523.0,522.0,6.0,2.0,6.0,7.0,6.0,2.0,6.0,4.0,,,3.0,1.0,Completed,1.44,2.75,1.45,2.97,1.49,2.97,1.44,2.81
ATP,2023,5,Melbourne,Australian Open,2023-01-19,Grand Slam,Outdoor,Hard,2nd Round,5,Mmoh M.,Zverev A.,107.0,13.0,523.0,2560.0,6.0,7.0,6.0,4.0,6.0,3.0,6.0,2.0,,,3.0,1.0,Completed,4.5,1.2,5.26,1.2,5.26,1.22,4.73,1.19
ATP,2023,5,Melbourne,Australian Open,2023-01-19,Grand Slam,Outdoor,Hard,2nd Round,5,Dimitrov G.,Djere L.,28.0,68.0,1395.0,758.0,6.0,3.0,6.0,2.0,6.0,0.0,,,,,3.0,0.0,Completed,1.29,3.75,1.27,4.16,1.3,4.35,1.25,3.97
ATP,2023,5,Melbourne,Australian Open,2023-01-19,Grand Slam,Outdoor,Hard,2nd Round,5,Rune H.,Cressy M.,10.0,41.0,2876.0,992.0,7.0,5.0,6.0,4.0,6.0,4.0,,,,,3.0,0.0,Completed,1.17,5.0,1.2,5.21,1.2,5.5,1.18,5.01
ATP,2023,5,Melbourne,Australian Open,2023-01-19,Grand Slam,Outdoor,Hard,2nd Round,5,Bautista Agut R.,Holt B.,25.0,215.0,1675.0,255.0,4.0,6.0,2.0,6.0,6.0,3.0,6.0,2.0,6.0,2.0,3.0,2.0,Completed,1.1,7.0,1.1,8.84,1.13,8.84,1.09,7.64
ATP,2023,5,Melbourne,Australian Open,2023-01-19,Grand Slam,Outdoor,Hard,2nd Round,5,Bonzi B.,Carreno Busta P.,48.0,15.0,911.0,2420.0,4.0,6.0,4.0,6.0,7.0,6.0,6.0,1.0,7.0,6.0,3.0,2.0,Completed,3.2,1.36,3.41,1.37,3.41,1.4,3.17,1.36
ATP,2023,5,Melbourne,Australian Open,2023-01-19,Grand Slam,Outdoor,Hard,2nd Round,5,De Minaur A.,Mannarino A.,24.0,45.0,1710.0,971.0,7.0,6.0,4.0,6.0,6.0,4.0,6.0,1.0,,,3.0,1.0,Completed,1.17,5.0,1.18,5.68,1.19,5.68,1.17,5.13
ATP,2023,5,Melbourne,Australian Open,2023-01-19,Grand Slam,Outdoor,Hard,2nd Round,5,Djokovic N.,Couacaud E.,5.0,191.0,5070.0,302.0,6.0,1.0,6.0,7.0,6.0,2.0,6.0,0.0,,,3.0,1.0,Completed,1.01,29.0,1.01,42.0,1.02,42.0,1.01,22.36
ATP,2023,5,Melbourne,Australian Open,2023-01-19,Grand Slam,Outdoor,Hard,2nd Round,5,Murray A.,Kokkinakis T.,66.0,159.0,770.0,362.0,4.0,6.0,6.0,7.0,7.0,6.0,6.0,3.0,7.0,5.0,3.0,2.0,Completed,2.38,1.57,2.56,1.58,2.56,1.64,2.42,1.57
ATP,2023,5,Melbourne,Australian Open,2023-01-20,Grand Slam,Outdoor,Hard,3rd Round,5,Sinner J.,Fucsovics M.,16.0,78.0,2375.0,687.0,4.0,6.0,4.0,6.0,6.0,1.0,6.0,2.0,6.0,0.0,3.0,2.0,Completed,1.1,7.0,1.13,7.22,1.17,7.22,1.11,6.6
ATP,2023,5,Melbourne,Australian Open,2023-01-20,Grand Slam,Outdoor,Hard,3rd Round,5,Tsitsipas S.,Griekspoor T.,4.0,63.0,5715.0,789.0,6.0,2.0,7.0,6.0,6.0,3.0,,,,,3.0,0.0,Completed,1.1,7.0,1.09,9.21,1.11,9.43,1.09,7.71
ATP,2023,5,Melbourne,Australian Open,2023-01-20,Grand Slam,Outdoor,Hard,3rd Round,5,Nishioka Y.,Mcdonald M.,33.0,65.0,1212.0,775.0,7.0,6.0,6.0,3.0,6.0,2.0,,,,,3.0,0.0,Completed,1.57,2.38,1.61,2.49,1.61,2.56,1.57,2.41
ATP,2023,5,Melbourne,Australian Open,2023-01-20,Grand Slam,Outdoor,Hard,3rd Round,5,Auger-Aliassime F.,Cerundolo F.,7.0,29.0,3895.0,1383.0,6.0,1.0,3.0,6.0,6.0,1.0,6.0,4.0,,,3.0,1.0,Completed,1.11,6.5,1.1,8.61,1.13,8.61,1.09,7.38
ATP,2023,5,Melbourne,Australian Open,2023-01-20,Grand Slam,Outdoor,Hard,3rd Round,5,Lehecka J.,Norrie C.,71.0,12.0,717.0,2680.0,6.0,7.0,6.0,3.0,3.0,6.0,6.0,1.0,6.0,4.0,3.0,2.0,Completed,3.4,1.33,4.04,1.29,4.04,1.34,3.62,1.29
ATP,2023,5,Melbourne,Australian Open,2023-01-20,Grand Slam,Outdoor,Hard,3rd Round,5,Hurkacz H.,Shapovalov D.,11.0,22.0,2860.0,1830.0,7.0,6.0,6.0,4.0,1.0,6.0,4.0,6.0,6.0,3.0,3.0,2.0,Completed,1.91,1.91,1.91,2.0,1.94,2.05,1.89,1.93
ATP,2023,5,Melbourne,Australian Open,2023-01-20,Grand Slam,Outdoor,Hard,3rd Round,5,Khachanov K.,Tiafoe F.,20.0,17.0,1885.0,2260.0,6.0,3.0,6.0,4.0,3.0,6.0,7.0,6.0,,,3.0,1.0,Completed,2.0,1.8,2.06,1.86,2.06,1.91,1.98,1.83
ATP,2023,5,Melbourne,Australian Open,2023-01-20,Grand Slam,Outdoor,Hard,3rd Round,5,Korda S.,Medvedev D.,31.0,8.0,1325.0,3860.0,7.0,6.0,6.0,3.0,7.0,6.0,,,,,3.0,0.0,Completed,4.5,1.2,4.83,1.22,4.83,1.23,4.56,1.2
ATP,2023,5,Melbourne,Australian Open,2023-01-21,Grand Slam,Outdoor,Hard,3rd Round,5,Rublev A.,Evans D.,6.0,30.0,3930.0,1380.0,6.0,4.0,6.0,2.0,6.0,3.0,,,,,3.0,0.0,Completed,1.3,3.5,1.36,3.46,1.36,3.75,1.31,3.49
ATP,2023,5,Melbourne,Australian Open,2023-01-21,Grand Slam,Outdoor,Hard,3rd Round,5,Rune H.,Humbert U.,10.0,106.0,2876.0,523.0,6.0,4.0,6.0,2.0,7.0,6.0,,,,,3.0,0.0,Completed,1.17,5.0,1.22,4.93,1.22,5.2,1.19,4.71
ATP,2023,5,Melbourne,Australian Open,2023-01-21,Grand Slam,Outdoor,Hard,3rd Round,5,De Minaur A.,Bonzi B.,24.0,48.0,1710.0,911.0,7.0,6.0,6.0,2.0,6.0,1.0,,,,,3.0,0.0,Completed,1.22,4.33,1.23,4.78,1.27,4.78,1.22,4.42
ATP,2023,5,Melbourne,Australian Open,2023-01-21,Grand Slam,Outdoor,Hard,3rd Round,5,Paul T.,Brooksby J.,35.0,39.0,1160.0,1010.0,6.0,1.0,6.0,4.0,6.0,3.0,,,,,3.0,0.0,Completed,1.67,2.2,1.71,2.27,1.74,2.35,1.68,2.2
ATP,2023,5,Melbourne,Australian Open,2023-01-21,Grand Slam,Outdoor,Hard,3rd Round,5,Wolf J.J.,Mmoh M.,67.0,107.0,758.0,523.0,6.0,4.0,6.0,1.0,6.0,2.0,,,,,3.0,0.0,Completed,1.33,3.4,1.35,3.52,1.42,3.6,1.34,3.29
ATP,2023,5,Melbourne,Australian Open,2023-01-21,Grand Slam,Outdoor,Hard,3rd Round,5,Shelton B.,Popyrin A.,89.0,113.0,604.0,506.0,6.0,3.0,7.0,6.0,6.0,4.0,,,,,3.0,0.0,Completed,2.3,1.62,2.4,1.65,2.63,1.69,2.34,1.61
ATP,2023,5,Melbourne,Australian Open,2023-01-21,Grand Slam,Outdoor,Hard,3rd Round,5,Bautista Agut R.,Murray A.,25.0,66.0,1675.0,770.0,6.0,1.0,6.0,7.0,6.0,3.0,6.0,4.0,,,3.0,1.0,Completed,1.33,3.4,1.37,3.41,1.4,4.0,1.34,3.3
ATP,2023,5,Melbourne,Australian Open,2023-01-21,Grand Slam,Outdoor,Hard,3rd Round,5,Djokovic N.,Dimitrov G.,5.0,28.0,5070.0,1395.0,7.0,6.0,6.0,3.0,6.0,4.0,,,,,3.0,0.0,Completed,1.2,4.5,1.25,4.52,1.25,5.5,1.2,4.59
ATP,2023,5,Melbourne,Australian Open,2023-01-22,Grand Slam,Outdoor,Hard,4th Round,5,Korda S.,Hurkacz H.,31.0,11.0,1325.0,2860.0,3.0,6.0,6.0,3.0,6.0,2.0,1.0,6.0,7.0,6.0,3.0,2.0,Completed,1.53,2.5,1.64,2.41,1.65,2.65,1.58,2.4
ATP,2023,5,Melbourne,Australian Open,2023-01-22,Grand Slam,Outdoor,Hard,4th Round,5,Khachanov K.,Nishioka Y.,20.0,33.0,1885.0,1212.0,6.0,0.0,6.0,0.0,7.0,6.0,,,,,3.0,0.0,Completed,1.4,3.0,1.47,2.95,1.53,3.0,1.43,2.86
ATP,2023,5,Melbourne,Australian Open,2023-01-22,Grand Slam,Outdoor,Hard,4th Round,5,Lehecka J.,Auger-Aliassime F.,71.0,7.0,717.0,3895.0,4.0,6.0,6.0,3.0,7.0,6.0,7.0,6.0,,,3.0,1.0,Completed,4.5,1.2,4.72,1.23,4.89,1.25,4.34,1.22
ATP,2023,5,Melbourne,Australian Open,2023-01-22,Grand Slam,Outdoor,Hard,4th Round,5,Tsitsipas S.,Sinner J.,4.0,16.0,5715.0,2375.0,6.0,4.0,6.0,4.0,3.0,6.0,4.0,6.0,6.0,3.0,3.0,2.0,Completed,1.44,2.75,1.51,2.77,1.52,3.11,1.47,2.71
ATP,2023,5,Melbourne,Australian Open,2023-01-23,Grand Slam,Outdoor,Hard,4th Round,5,Shelton B.,Wolf J.J.,89.0,67.0,604.0,758.0,6.0,7.0,6.0,2.0,6.0,7.0,7.0,6.0,6.0,2.0,3.0,2.0,Completed,1.91,1.91,2.0,1.9,2.0,2.0,1.93,1.89
ATP,2023,5,Melbourne,Australian Open,2023-01-23,Grand Slam,Outdoor,Hard,4th Round,5,Rublev A.,Rune H.,6.0,10.0,3930.0,2876.0,6.0,3.0,3.0,6.0,6.0,3.0,4.0,6.0,7.0,6.0,3.0,2.0,Completed,2.1,1.73,2.17,1.78,2.25,1.78,2.12,1.74
ATP,2023,5,Melbourne,Australian Open,2023-01-23,Grand Slam,Outdoor,Hard,4th Round,5,Paul T.,Bautista Agut R.,35.0,25.0,1160.0,1675.0,6.0,2.0,4.0,6.0,6.0,2.0,7.0,5.0,,,3.0,1.0,Completed,1.73,2.1,1.77,2.18,1.81,2.3,1.73,2.13
ATP,2023,5,Melbourne,Australian Open,2023-01-23,Grand Slam,Outdoor,Hard,4th Round,5,Djokovic N.,De Minaur A.,5.0,24.0,5070.0,1710.0,6.0,2.0,6.0,1.0,6.0,2.0,,,,,3.0,0.0,Completed,1.2,4.5,1.25,4.51,1.26,4.75,1.21,4.4
ATP,2023,5,Melbourne,Australian Open,2023-01-24,Grand Slam,Outdoor,Hard,Quarterfinals,5,Khachanov K.,Korda S.,20.0,31.0,1885.0,1325.0,7.0,6.0,6.0,3.0,3.0,0.0,,,,,2.0,0.0,Retired,2.0,1.8,2.13,1.8,2.24,1.86,2.07,1.78
ATP,2023,5,Melbourne,Australian Open,2023-01-24,Grand Slam,Outdoor,Hard,Quarterfinals,5,Tsitsipas S.,Lehecka J.,4.0,71.0,5715.0,717.0,6.0,3.0,7.0,6.0,6.0,4.0,,,,,3.0,0.0,Completed,1.14,5.5,1.18,5.79,1.2,6.0,1.16,5.49
ATP,2023,5,Melbourne,Australian Open,2023-01-25,Grand Slam,Outdoor,Hard,Quarterfinals,5,Paul T.,Shelton B.,35.0,89.0,1160.0,604.0,7.0,6.0,6.0,3.0,5.0,7.0,6.0,4.0,,,3.0,1.0,Completed,1.33,3.4,1.33,3.67,1.39,3.67,1.35,3.28
ATP,2023,5,Melbourne,Australian Open,2023-01-25,Grand Slam,Outdoor,Hard,Quarterfinals,5,Djokovic N.,Rublev A.,5.0,6.0,5070.0,3930.0,6.0,1.0,6.0,2.0,6.0,4.0,,,,,3.0,0.0,Completed,1.11,6.5,1.15,6.53,1.18,7.1,1.13,6.25
ATP,2023,5,Melbourne,Australian Open,2023-01-27,Grand Slam,Outdoor,Hard,Semifinals,5,Tsitsipas S.,Khachanov K.,4.0,20.0,5715.0,1885.0,7.0,6.0,6.0,4.0,6.0,7.0,6.0,3.0,,,3.0,1.0,Completed,1.3,3.5,1.3,3.95,1.4,3.95,1.32,3.48
ATP,2023,5,Melbourne,Australian Open,2023-01-27,Grand Slam,Outdoor,Hard,Semifinals,5,Djokovic N.,Paul T.,5.0,35.0,5070.0,1160.0,7.0,5.0,6.0,1.0,6.0,2.0,,,,,3.0,0.0,Completed,1.05,11.0,1.08,10.57,1.08,12.29,1.05,10.67
ATP,2023,5,Melbourne,Australian Open,2023-01-29,Grand Slam,Outdoor,Hard,The Final,5,Djokovic N.,Tsitsipas S.,5.0,4.0,5070.0,5715.0,6.0,3.0,7.0,6.0,7.0,6.0,,,,,3.0,0.0,Completed,1.2,4.8,1.22,4.85,1.23,5.25,1.2,4.69
ATP,2023,31,Paris,French Open,2023-05-28,Grand Slam,Outdoor,Clay,1st Round,5,Khachanov K.,Lestienne C.,11.0,70.0,2945.0,769.0,3.0,6.0,1.0,6.0,6.0,2.0,6.0,1.0,6.0,3.0,3.0,2.0,Completed,1.02,21.0,1.04,19.52,1.04,21.0,1.02,15.47
ATP,2023,31,Paris,French Open,2023-05-28,Grand Slam,Outdoor,Clay,1st Round,5,Hurkacz H.,Goffin D.,14.0,111.0,2525.0,570.0,6.0,3.0,5.0,7.0,6.0,4.0,2.0,6.0,6.0,4.0,3.0,2.0,Completed,1.36,3.2,1.37,3.4,1.46,3.51,1.39,3.0
ATP,2023,31,Paris,French Open,2023-05-28,Grand Slam,Outdoor,Clay,1st Round,5,Ofner S.,Cressy M.,118.0,44.0,534.0,975.0,6.0,4.0,7.0,6.0,6.0,2.0,,,,,3.0,0.0,Completed,1.3,3.5,1.31,3.8,1.36,3.8,1.32,3.44
ATP,2023,31,Paris,French Open,2023-05-28,Grand Slam,Outdoor,Clay,1st Round,5,Griekspoor T.,Martinez P.,39.0,135.0,1034.0,448.0,6.0,4.0,2.0,6.0,0.0,6.0,7.0,5.0,6.0,3.0,3.0,2.0,Completed,2.1,1.73,2.15,1.79,2.2,1.8,2.11,1.74
ATP,2023,31,Paris,French Open,2023-05-28,Grand Slam,Outdoor,Clay,1st Round,5,Albot R.,Kypson P.,113.0,329.0,564.0,154.0,6.0,3.0,6.0,2.0,4.0,6.0,6.0,1.0,,,3.0,1.0,Completed,1.36,3.2,1.42,3.12,1.46,3.2,1.39,3.0
ATP,2023,31,Paris,French Open,2023-05-28,Grand Slam,Outdoor,Clay,1st Round,5,Kokkinakis T.,Evans D.,108.0,25.0,587.0,1480.0,6.0,4.0,6.0,4.0,6.0,4.0,,,,,3.0,0.0,Completed,2.0,1.8,2.02,1.88,2.05,1.9,1.99,1.82
ATP,2023,31,Paris,French Open,2023-05-28,Grand Slam,Outdoor,Clay,1st Round,5,Fucsovics M.,Grenier H.,83.0,122.0,720.0,518.0,6.0,3.0,5.0,7.0,6.0,1.0,6.0,3.0,,,3.0,1.0,Completed,1.2,4.5,1.21,5.04,1.24,5.18,1.2,4.68
ATP,2023,31,Paris,French Open,2023-05-28,Grand Slam,Outdoor,Clay,1st Round,5,Tsitsipas S.,Vesely J.,5.0,455.0,4775.0,92.0,7.0,5.0,6.0,3.0,4.0,6.0,7.0,6.0,,,3.0,1.0,Completed,1.02,19.0,1.02,22.09,1.03,22.09,1.02,16.29
ATP,2023,31,Paris,French Open,2023-05-28,Grand Slam,Outdoor,Clay,1st Round,5,Kubler J.,Diaz Acosta F.,69.0,137.0,777.0,441.0,1.0,6.0,6.0,3.0,6.0,4.0,3.0,6.0,6.0,1.0,3.0,2.0,Completed,2.3,1.62,2.44,1.63,2.45,1.67,2.29,1.63
ATP,2023,31,Paris,French Open,2023-05-28,Grand Slam,Outdoor,Clay,1st Round,5,Borges N.,Isner J.,80.0,90.0,727.0,675.0,6.0,4.0,5.0,7.0,7.0,6.0,4.0,6.0,7.0,6.0,3.0,2.0,Completed,1.4,3.0,1.41,3.15,1.45,3.15,1.4,2.96
ATP,2023,31,Paris,French Open,2023-05-28,Grand Slam,Outdoor,Clay,1st Round,5,Korda S.,Mcdonald M.,30.0,59.0,1265.0,845.0,6.0,4.0,7.0,5.0,6.0,4.0,,,,,3.0,0.0,Completed,1.5,2.63,1.55,2.65,1.55,2.66,1.5,2.6
ATP,2023,31,Paris,French Open,2023-05-28,Grand Slam,Outdoor,Clay,1st Round,5,Arnaldi M.,Galan D.E.,106.0,91.0,592.0,671.0,2.0,6.0,6.0,3.0,6.0,0.0,6.0,2.0,,,3.0,1.0,Completed,1.44,2.75,1.55,2.63,1.56,2.75,1.51,2.58
ATP,2023,31,Paris,French Open,2023-05-28,Grand Slam,Outdoor,Clay,1st Round,5,Carballes Baena R.,Nava E.,57.0,242.0,850.0,238.0,7.0,6.0,6.0,3.0,6.0,2.0,,,,,3.0,0.0,Completed,1.25,4.0,1.28,4.1,1.29,4.1,1.26,3.9
ATP,2023,31,Paris,French Open,2023-05-28,Grand Slam,Outdoor,Clay,1st Round,5,Musetti L.,Ymer M.,18.0,56.0,2040.0,876.0,7.0,5.0,6.0,2.0,6.0,4.0,,,,,3.0,0.0,Completed,1.2,4.5,1.21,5.02,1.23,5.15,1.2,4.62
ATP,2023,31,Paris,French Open,2023-05-28,Grand Slam,Outdoor,Clay,1st Round,5,Rublev A.,Djere L.,7.0,60.0,4270.0,845.0,6.0,1.0,3.0,6.0,6.0,3.0,6.0,4.0,,,3.0,1.0,Completed,1.22,4.33,1.24,4.6,1.24,4.75,1.22,4.33
ATP,2023,31,Paris,French Open,2023-05-28,Grand Slam,Outdoor,Clay,1st Round,5,Moutet C.,Cazaux A.,61.0,190.0,823.0,321.0,6.0,1.0,6.0,3.0,4.0,6.0,6.0,4.0,,,3.0,1.0,Completed,1.8,2.0,1.98,1.93,1.99,2.09,1.83,1.97
ATP,2023,31,Paris,French Open,2023-05-28,Grand Slam,Outdoor,Clay,1st Round,5,Sonego L.,Shelton B.,48.0,36.0,925.0,1095.0,6.0,4.0,3.0,6.0,6.0,3.0,6.0,3.0,,,3.0,1.0,Completed,1.4,3.0,1.47,2.92,1.51,3.0,1.44,2.79
ATP,2023,31,Paris,French Open,2023-05-28,Grand Slam,Outdoor,Clay,1st Round,5,Shevchenko A.,Otte O.,87.0,120.0,703.0,521.0,7.0,5.0,4.0,6.0,6.0,1.0,7.0,6.0,,,3.0,1.0,Completed,1.4,3.0,1.46,2.94,1.49,3.1,1.42,2.88
ATP,2023,31,Paris,French Open,2023-05-28,Grand Slam,Outdoor,Clay,1st Round,5,Humbert U.,Mannarino A.,40.0,47.0,1026.0,937.0,6.0,3.0,6.0,3.0,6.0,1.0,,,,,3.0,0.0,Completed,1.22,4.33,1.31,3.85,1.33,4.33,1.27,3.83
ATP,2023,31,Paris,French Open,2023-05-28,Grand Slam,Outdoor,Clay,1st Round,5,Pouille L.,Rodionov J.,675.0,134.0,40.0,452.0,6.0,2.0,6.0,4.0,6.0,3.0,,,,,3.0,0.0,Completed,1.73,2.1,1.75,2.21,1.76,2.25,1.71,2.15
ATP,2023,31,Paris,French Open,2023-05-29,Grand Slam,Outdoor,Clay,1st Round,5,Shapovalov D.,Nakashima B.,32.0,45.0,1210.0,957.0,6.0,4.0,7.0,5.0,4.0,6.0,3.0,6.0,6.0,3.0,3.0,2.0,Completed,2.1,1.73,2.15,1.79,2.24,1.8,2.1,1.75
ATP,2023,31,Paris,French Open,2023-05-29,Grand Slam,Outdoor,Clay,1st Round,5,Norrie C.,Paire B.,13.0,149.0,2565.0,398.0,7.0,5.0,4.0,6.0,3.0,6.0,6.0,1.0,6.0,4.0,3.0,2.0,Completed,1.11,6.5,1.13,7.45,1.14,7.45,1.12,6.54
ATP,2023,31,Paris,French Open,2023-05-29,Grand Slam,Outdoor,Clay,1st Round,5,Schwartzman D.,Zapata Miralles B.,95.0,38.0,660.0,1051.0,1.0,6.0,6.0,7.0,6.0,2.0,6.0,0.0,6.0,4.0,3.0,2.0,Completed,2.1,1.73,2.24,1.73,2.32,1.8,2.18,1.69
ATP,2023,31,Paris,French Open,2023-05-29,Grand Slam,Outdoor,Clay,1st Round,5,Varillas J.P.,Shang J.,94.0,200.0,661.0,303.0,4.0,6.0,2.0,6.0,6.0,2.0,6.0,3.0,6.0,1.0,3.0,2.0,Completed,1.57,2.38,1.57,2.57,1.59,2.7,1.54,2.49
ATP,2023,31,Paris,French Open,2023-05-29,Grand Slam,Outdoor,Clay,1st Round,5,De Minaur A.,Ivashka I.,19.0,73.0,1870.0,741.0,6.0,1.0,5.0,7.0,6.0,1.0,6.0,3.0,,,3.0,1.0,Completed,1.29,3.75,1.31,3.84,1.32,3.9,1.29,3.63
ATP,2023,31,Paris,French Open,2023-05-29,Grand Slam,Outdoor,Clay,1st Round,5,Etcheverry T.,Draper J.,49.0,55.0,920.0,877.0,6.0,4.0,1.0,0.0,,,,,,,1.0,0.0,Retired,1.67,2.2,1.75,2.21,1.8,2.25,1.73,2.12
ATP,2023,31,Paris,French Open,2023-05-29,Grand Slam,Outdoor,Clay,1st Round,5,Karatsev A.,Popyrin A.,62.0,85.0,818.0,707.0,6.0,3.0,6.0,7.0,6.0,1.0,6.0,2.0,,,3.0,1.0,Completed,1.67,2.2,1.72,2.26,1.72,2.3,1.68,2.19
ATP,2023,31,Paris,French Open,2023-05-29,Grand Slam,Outdoor,Clay,1st Round,5,Bautista Agut R.,Wu Y.,24.0,54.0,1485.0,884.0,7.0,6.0,6.0,1.0,6.0,1.0,,,,,3.0,0.0,Completed,1.4,3.0,1.41,3.19,1.46,3.19,1.4,2.92
ATP,2023,31,Paris,French Open,2023-05-29,Grand Slam,Outdoor,Clay,1st Round,5,Fognini F.,Auger-Aliassime F.,130.0,10.0,468.0,3100.0,6.0,4.0,6.0,4.0,6.0,3.0,,,,,3.0,0.0,Completed,3.2,1.36,3.49,1.35,3.51,1.39,3.3,1.34
ATP,2023,31,Paris,French Open,2023-05-29,Grand Slam,Outdoor,Clay,1st Round,5,Wawrinka S.,Ramos-Vinolas A.,89.0,67.0,684.0,782.0,7.0,6.0,6.0,4.0,6.0,7.0,1.0,6.0,6.0,4.0,3.0,2.0,Completed,1.36,3.2,1.43,3.07,1.43,3.4,1.38,3.03
ATP,2023,31,Paris,French Open,2023-05-29,Grand Slam,Outdoor,Clay,1st Round,5,Daniel T.,O Connell C.,112.0,77.0,566.0,737.0,6.0,0.0,6.0,2.0,6.0,4.0,,,,,3.0,0.0,Completed,2.2,1.67,2.23,1.74,2.4,1.75,2.18,1.69
ATP,2023,31,Paris,French Open,2023-05-29,Grand Slam,Outdoor,Clay,1st Round,5,Djokovic N.,Kovacevic A.,3.0,114.0,5955.0,545.0,6.0,3.0,6.0,2.0,7.0,6.0,,,,,3.0,0.0,Completed,1.01,29.0,1.02,37.53,1.02,37.53,1.01,20.63
ATP,2023,31,Paris,French Open,2023-05-29,Grand Slam,Outdoor,Clay,1st Round,5,Tirante T.A.,Van De Zandschulp B.,153.0,31.0,390.0,1215.0,6.0,2.0,4.0,6.0,6.0,3.0,6.0,4.0,,,3.0,1.0,Completed,4.5,1.2,4.67,1.23,5.0,1.23,4.46,1.21
ATP,2023,31,Paris,French Open,2023-05-29,Grand Slam,Outdoor,Clay,1st Round,5,Coric B.,Coria F.,16.0,96.0,2410.0,656.0,7.0,6.0,6.0,7.0,6.0,3.0,6.0,3.0,,,3.0,1.0,Completed,1.13,6.0,1.12,7.64,1.15,7.64,1.12,6.42
ATP,2023,31,Paris,French Open,2023-05-29,Grand Slam,Outdoor,Clay,1st Round,5,Cachin P.,Thiem D.,64.0,92.0,803.0,666.0,6.0,3.0,6.0,2.0,6.0,7.0,4.0,6.0,6.0,2.0,3.0,2.0,Completed,2.2,1.67,2.22,1.74,2.26,1.74,2.19,1.68
ATP,2023,31,Paris,French Open,2023-05-29,Grand Slam,Outdoor,Clay,1st Round,5,Giron M.,Medjedovic H.,75.0,168.0,740.0,353.0,6.0,0.0,6.0,2.0,1.0,6.0,6.0,0.0,,,3.0,1.0,Completed,2.1,1.73,2.13,1.8,2.25,1.8,2.12,1.73
ATP,2023,31,Paris,French Open,2023-05-29,Grand Slam,Outdoor,Clay,1st Round,5,Lehecka J.,Struff J.L.,41.0,28.0,994.0,1447.0,7.0,5.0,1.0,6.0,6.0,3.0,3.0,6.0,6.0,1.0,3.0,2.0,Completed,2.3,1.62,2.24,1.73,2.35,1.73,2.24,1.65
ATP,2023,31,Paris,French Open,2023-05-29,Grand Slam,Outdoor,Clay,1st Round,5,Davidovich Fokina A.,Fils A.,34.0,63.0,1115.0,807.0,6.0,1.0,4.0,6.0,6.0,3.0,6.0,3.0,,,3.0,1.0,Completed,1.36,3.2,1.37,3.37,1.38,3.6,1.34,3.26
ATP,2023,31,Paris,French Open,2023-05-29,Grand Slam,Outdoor,Clay,1st Round,5,Alcaraz C.,Cobolli F.,1.0,159.0,6815.0,378.0,6.0,0.0,6.0,2.0,7.0,5.0,,,,,3.0,0.0,Completed,1.02,21.0,1.03,25.73,1.03,28.0,1.02,18.1
ATP,2023,31,Paris,French Open,2023-05-29,Grand Slam,Outdoor,Clay,1st Round,5,Altmaier D.,Huesler M.A.,79.0,84.0,733.0,719.0,6.0,3.0,6.0,4.0,6.0,4.0,,,,,3.0,0.0,Completed,1.36,3.2,1.45,2.99,1.48,3.2,1.42,2.88
ATP,2023,31,Paris,French Open,2023-05-29,Grand Slam,Outdoor,Clay,1st Round,5,Tiafoe F.,Krajinovic F.,12.0,93.0,2790.0,661.0,6.0,3.0,6.0,4.0,6.0,2.0,,,,,3.0,0.0,Completed,1.2,4.5,1.28,4.13,1.28,4.54,1.24,4.02
ATP,2023,31,Paris,French Open,2023-05-29,Grand Slam,Outdoor,Clay,1st Round,5,Zhang Zh.,Lajovic D.,71.0,53.0,752.0,899.0,6.0,1.0,4.0,1.0,,,,,,,1.0,0.0,Retired,2.5,1.53,2.78,1.51,2.79,1.59,2.61,1.5
ATP,2023,31,Paris,French Open,2023-05-29,Grand Slam,Outdoor,Clay,1st Round,5,Van Assche L.,Cecchinato M.,82.0,72.0,725.0,742.0,6.0,1.0,6.0,1.0,6.0,3.0,,,,,3.0,0.0,Completed,1.8,2.0,1.84,2.08,1.9,2.12,1.8,2.01
ATP,2023,31,Paris,French Open,2023-05-29,Grand Slam,Outdoor,Clay,1st Round,5,Sinner J.,Muller A.,9.0,101.0,3435.0,639.0,6.0,1.0,6.0,4.0,6.0,1.0,,,,,3.0,0.0,Completed,1.03,15.0,1.05,15.4,1.05,16.0,1.03,13.23
ATP,2023,31,Paris,French Open,2023-05-30,Grand Slam,Outdoor,Clay,1st Round,5,Paul T.,Stricker D.,17.0,116.0,2170.0,541.0,6.0,3.0,6.0,2.0,6.0,4.0,,,,,3.0,0.0,Completed,1.33,3.4,1.42,3.14,1.42,3.53,1.37,3.1
ATP,2023,31,Paris,French Open,2023-05-30,Grand Slam,Outdoor,Clay,1st Round,5,Jarry N.,Dellien H.,35.0,160.0,1112.0,375.0,6.0,4.0,6.0,4.0,6.0,2.0,,,,,3.0,0.0,Completed,1.2,4.5,1.24,4.61,1.26,5.05,1.22,4.29
ATP,2023,31,Paris,French Open,2023-05-30,Grand Slam,Outdoor,Clay,1st Round,5,Ruud C.,Ymer E.,4.0,155.0,4960.0,384.0,6.0,4.0,6.0,3.0,6.0,2.0,,,,,3.0,0.0,Completed,1.06,10.0,1.07,12.36,1.08,13.0,1.05,10.11
ATP,2023,31,Paris,French Open,2023-05-30,Grand Slam,Outdoor,Clay,1st Round,5,Nishioka Y.,Wolf J.J.,33.0,50.0,1181.0,915.0,1.0,6.0,3.0,6.0,6.0,4.0,6.0,3.0,6.0,3.0,3.0,2.0,Completed,2.0,1.8,2.21,1.75,2.25,1.82,2.1,1.74
ATP,2023,31,Paris,French Open,2023-05-30,Grand Slam,Outdoor,Clay,1st Round,5,Olivieri G.,Mpetshi G.,231.0,237.0,257.0,245.0,7.0,6.0,4.0,6.0,4.0,6.0,7.0,5.0,6.0,1.0,3.0,2.0,Completed,1.67,2.2,1.74,2.23,1.83,2.23,1.74,2.11
ATP,2023,31,Paris,French Open,2023-05-30,Grand Slam,Outdoor,Clay,1st Round,5,Vavassori A.,Kecmanovic M.,148.0,37.0,410.0,1065.0,5.0,7.0,2.0,6.0,7.0,6.0,7.0,6.0,7.0,6.0,3.0,2.0,Completed,3.0,1.4,2.86,1.48,3.0,1.49,2.76,1.45
ATP,2023,31,Paris,French Open,2023-05-30,Grand Slam,Outdoor,Clay,1st Round,5,Purcell M.,Thompson J.,68.0,76.0,781.0,737.0,7.0,5.0,1.0,6.0,6.0,4.0,6.0,4.0,,,3.0,1.0,Completed,2.1,1.73,2.23,1.74,2.23,1.79,2.11,1.73
ATP,2023,31,Paris,French Open,2023-05-30,Grand Slam,Outdoor,Clay,1st Round,5,Molcan A.,Gaston H.,86.0,109.0,705.0,580.0,6.0,1.0,7.0,6.0,6.0,4.0,,,,,3.0,0.0,Completed,1.57,2.38,1.65,2.38,1.68,2.66,1.6,2.36
ATP,2023,31,Paris,French Open,2023-05-30,Grand Slam,Outdoor,Clay,1st Round,5,Zverev A.,Harris L.,27.0,294.0,1450.0,177.0,7.0,6.0,7.0,6.0,6.0,1.0,,,,,3.0,0.0,Completed,1.05,11.0,1.06,12.71,1.07,19.76,1.05,10.9
ATP,2023,31,Paris,French Open,2023-05-30,Grand Slam,Outdoor,Clay,1st Round,5,Zeppieri G.,Bublik A.,129.0,51.0,478.0,915.0,6.0,0.0,4.0,6.0,4.0,6.0,6.0,3.0,7.0,5.0,3.0,2.0,Completed,1.73,2.1,1.83,2.09,1.85,2.12,1.78,2.04
ATP,2023,31,Paris,French Open,2023-05-30,Grand Slam,Outdoor,Clay,1st Round,5,Seyboth Wild T.,Medvedev D.,172.0,2.0,349.0,6330.0,7.0,6.0,6.0,7.0,2.0,6.0,6.0,3.0,6.0,4.0,3.0,2.0,Completed,11.0,1.05,10.69,1.08,11.0,1.08,9.81,1.06
ATP,2023,31,Paris,French Open,2023-05-30,Grand Slam,Outdoor,Clay,1st Round,5,Ruusuvuori E.,Barrere G.,46.0,58.0,956.0,850.0,6.0,2.0,6.0,7.0,5.0,7.0,6.0,1.0,6.0,4.0,3.0,2.0,Completed,1.53,2.5,1.63,2.39,1.64,2.59,1.57,2.41
ATP,2023,31,Paris,French Open,2023-05-30,Grand Slam,Outdoor,Clay,1st Round,5,Cerundolo F.,Munar J.,23.0,81.0,1485.0,725.0,6.0,1.0,2.0,6.0,7.0,6.0,6.0,1.0,,,3.0,1.0,Completed,1.3,3.5,1.26,4.38,1.31,4.42,1.25,3.9
ATP,2023,31,Paris,French Open,2023-05-30,Grand Slam,Outdoor,Clay,1st Round,5,Rune H.,Eubanks C.,6.0,74.0,4375.0,740.0,6.0,4.0,3.0,6.0,7.0,6.0,6.0,2.0,,,3.0,1.0,Completed,1.02,19.0,1.04,18.32,1.04,19.0,1.03,14.13
ATP,2023,31,Paris,French Open,2023-05-30,Grand Slam,Outdoor,Clay,1st Round,5,Pella G.,Halys Q.,423.0,88.0,105.0,686.0,6.0,4.0,6.0,7.0,2.0,6.0,7.0,6.0,7.0,6.0,3.0,2.0,Completed,3.2,1.36,3.4,1.37,3.4,1.44,3.04,1.38
ATP,2023,31,Paris,French Open,2023-05-30,Grand Slam,Outdoor,Clay,1st Round,5,Rinderknech A.,Gasquet R.,78.0,52.0,735.0,901.0,6.0,4.0,2.0,6.0,6.0,2.0,7.0,6.0,,,3.0,1.0,Completed,2.2,1.67,2.27,1.71,2.3,1.75,2.19,1.68
ATP,2023,31,Paris,French Open,2023-05-30,Grand Slam,Outdoor,Clay,1st Round,5,Fritz T.,Mmoh M.,8.0,123.0,3470.0,517.0,6.0,2.0,6.0,1.0,6.0,1.0,,,,,3.0,0.0,Completed,1.02,19.0,1.04,16.94,1.04,19.0,1.03,14.77
ATP,2023,31,Paris,French Open,2023-05-30,Grand Slam,Outdoor,Clay,1st Round,5,Dimitrov G.,Skatov T.,29.0,147.0,1275.0,412.0,6.0,0.0,6.0,3.0,6.0,2.0,,,,,3.0,0.0,Completed,1.1,7.0,1.14,7.0,1.14,8.0,1.11,6.68
ATP,2023,31,Paris,French Open,2023-05-30,Grand Slam,Outdoor,Clay,1st Round,5,Hanfmann Y.,Monteiro T.,65.0,98.0,791.0,652.0,6.0,3.0,7.0,5.0,6.0,7.0,6.0,7.0,6.0,4.0,3.0,2.0,Completed,1.36,3.2,1.37,3.39,1.43,3.39,1.38,3.07
ATP,2023,31,Paris,French Open,2023-05-30,Grand Slam,Outdoor,Clay,1st Round,5,Monfils G.,Baez S.,394.0,42.0,117.0,990.0,3.0,6.0,6.0,3.0,7.0,5.0,1.0,6.0,7.0,5.0,3.0,2.0,Completed,3.4,1.33,3.31,1.38,3.6,1.38,3.38,1.32
ATP,2023,31,Paris,French Open,2023-05-31,Grand Slam,Outdoor,Clay,2nd Round,5,Fognini F.,Kubler J.,130.0,69.0,468.0,777.0,6.0,4.0,7.0,6.0,6.0,2.0,,,,,3.0,0.0,Completed,1.5,2.63,1.58,2.55,1.58,2.75,1.51,2.58
ATP,2023,31,Paris,French Open,2023-05-31,Grand Slam,Outdoor,Clay,2nd Round,5,Ofner S.,Korda S.,118.0,30.0,534.0,1265.0,6.0,3.0,7.0,6.0,6.0,4.0,,,,,3.0,0.0,Completed,2.5,1.53,2.7,1.53,2.7,1.59,2.49,1.54
ATP,2023,31,Paris,French Open,2023-05-31,Grand Slam,Outdoor,Clay,2nd Round,5,Tsitsipas S.,Carballes Baena R.,5.0,57.0,4775.0,850.0,6.0,3.0,7.0,6.0,6.0,2.0,,,,,3.0,0.0,Completed,1.08,8.0,1.09,9.81,1.1,9.91,1.08,8.53
ATP,2023,31,Paris,French Open,2023-05-31,Grand Slam,Outdoor,Clay,2nd Round,5,Sonego L.,Humbert U.,48.0,40.0,925.0,1026.0,6.0,4.0,6.0,3.0,7.0,6.0,,,,,3.0,0.0,Completed,2.1,1.73,2.23,1.74,2.25,1.8,2.14,1.72
ATP,2023,31,Paris,French Open,2023-05-31,Grand Slam,Outdoor,Clay,2nd Round,5,Kokkinakis T.,Wawrinka S.,108.0,89.0,587.0,684.0,3.0,6.0,7.0,5.0,6.0,3.0,6.0,7.0,6.0,3.0,3.0,2.0,Completed,2.0,1.8,2.19,1.76,2.19,1.98,2.01,1.81
ATP,2023,31,Paris,French Open,2023-05-31,Grand Slam,Outdoor,Clay,2nd Round,5,Schwartzman D.,Borges N.,95.0,80.0,660.0,727.0,7.0,6.0,6.0,4.0,6.0,3.0,,,,,3.0,0.0,Completed,1.73,2.1,1.73,2.24,1.76,2.28,1.7,2.16
ATP,2023,31,Paris,French Open,2023-05-31,Grand Slam,Outdoor,Clay,2nd Round,5,Shapovalov D.,Arnaldi M.,32.0,106.0,1210.0,592.0,6.0,2.0,3.0,6.0,6.0,3.0,6.0,3.0,,,3.0,1.0,Completed,2.1,1.73,2.12,1.81,2.25,1.82,2.08,1.76
ATP,2023,31,Paris,French Open,2023-05-31,Grand Slam,Outdoor,Clay,2nd Round,5,Varillas J.P.,Bautista Agut R.,94.0,24.0,661.0,1485.0,1.0,6.0,4.0,6.0,6.0,3.0,6.0,1.0,6.0,1.0,3.0,2.0,Completed,3.0,1.4,3.18,1.41,3.27,1.41,3.06,1.38
ATP,2023,31,Paris,French Open,2023-05-31,Grand Slam,Outdoor,Clay,2nd Round,5,Alcaraz C.,Daniel T.,1.0,112.0,6815.0,566.0,6.0,1.0,3.0,6.0,6.0,1.0,6.0,2.0,,,3.0,1.0,Completed,1.02,21.0,1.03,25.16,1.03,25.16,1.02,16.27
ATP,2023,31,Paris,French Open,2023-05-31,Grand Slam,Outdoor,Clay,2nd Round,5,Khachanov K.,Albot R.,11.0,113.0,2945.0,564.0,6.0,3.0,6.0,4.0,6.0,2.0,,,,,3.0,0.0,Completed,1.17,5.0,1.15,6.36,1.18,6.36,1.15,5.52
ATP,2023,31,Paris,French Open,2023-05-31,Grand Slam,Outdoor,Clay,2nd Round,5,Hurkacz H.,Griekspoor T.,14.0,39.0,2525.0,1034.0,6.0,3.0,5.0,7.0,6.0,7.0,7.0,6.0,6.0,4.0,3.0,2.0,Completed,1.4,3.0,1.39,3.28,1.42,3.32,1.37,3.08
ATP,2023,31,Paris,French Open,2023-05-31,Grand Slam,Outdoor,Clay,2nd Round,5,Davidovich Fokina A.,Van Assche L.,34.0,82.0,1115.0,725.0,6.0,4.0,6.0,3.0,7.0,6.0,,,,,3.0,0.0,Completed,1.36,3.2,1.4,3.15,1.45,3.27,1.38,3.07
ATP,2023,31,Paris,French Open,2023-05-31,Grand Slam,Outdoor,Clay,2nd Round,5,Norrie C.,Pouille L.,13.0,675.0,2565.0,40.0,6.0,1.0,6.0,3.0,6.0,3.0,,,,,3.0,0.0,Completed,1.25,4.0,1.28,4.07,1.3,4.09,1.27,3.81
ATP,2023,31,Paris,French Open,2023-05-31,Grand Slam,Outdoor,Clay,2nd Round,5,Rublev A.,Moutet C.,7.0,61.0,4270.0,823.0,6.0,4.0,6.0,2.0,3.0,6.0,6.0,3.0,,,3.0,1.0,Completed,1.07,9.0,1.07,11.26,1.09,11.26,1.07,9.01
ATP,2023,31,Paris,French Open,2023-05-31,Grand Slam,Outdoor,Clay,2nd Round,5,Musetti L.,Shevchenko A.,18.0,87.0,2040.0,703.0,6.0,1.0,6.0,1.0,6.0,2.0,,,,,3.0,0.0,Completed,1.29,3.75,1.25,4.45,1.29,4.45,1.25,4.02
ATP,2023,31,Paris,French Open,2023-05-31,Grand Slam,Outdoor,Clay,2nd Round,5,Djokovic N.,Fucsovics M.,3.0,83.0,5955.0,720.0,7.0,6.0,6.0,0.0,6.0,3.0,,,,,3.0,0.0,Completed,1.05,11.0,1.04,17.69,1.06,18.2,1.04,12.35
ATP,2023,31,Paris,French Open,2023-06-01,Grand Slam,Outdoor,Clay,2nd Round,5,Coric B.,Cachin P.,16.0,64.0,2410.0,803.0,6.0,3.0,4.0,6.0,4.0,6.0,6.0,3.0,6.0,4.0,3.0,2.0,Completed,1.36,3.2,1.42,3.13,1.42,3.38,1.36,3.18
ATP,2023,31,Paris,French Open,2023-06-01,Grand Slam,Outdoor,Clay,2nd Round,5,Etcheverry T.,De Minaur A.,49.0,19.0,920.0,1870.0,6.0,3.0,7.0,6.0,6.0,3.0,,,,,3.0,0.0,Completed,2.0,1.8,1.99,1.92,2.12,1.92,1.99,1.83
ATP,2023,31,Paris,French Open,2023-06-01,Grand Slam,Outdoor,Clay,2nd Round,5,Ruud C.,Zeppieri G.,4.0,129.0,4960.0,478.0,6.0,3.0,6.0,2.0,4.0,6.0,7.0,5.0,,,3.0,1.0,Completed,1.08,8.0,1.09,9.44,1.1,9.44,1.08,8.2
ATP,2023,31,Paris,French Open,2023-06-01,Grand Slam,Outdoor,Clay,2nd Round,5,Altmaier D.,Sinner J.,79.0,9.0,733.0,3435.0,6.0,7.0,7.0,6.0,1.0,6.0,7.0,6.0,7.0,5.0,3.0,2.0,Completed,8.0,1.08,8.93,1.1,9.25,1.1,8.0,1.08
ATP,2023,31,Paris,French Open,2023-06-01,Grand Slam,Outdoor,Clay,2nd Round,5,Nishioka Y.,Purcell M.,33.0,68.0,1181.0,781.0,4.0,6.0,6.0,2.0,7.0,5.0,6.0,4.0,,,3.0,1.0,Completed,1.36,3.2,1.37,3.37,1.39,3.4,1.35,3.22
ATP,2023,31,Paris,French Open,2023-06-01,Grand Slam,Outdoor,Clay,2nd Round,5,Dimitrov G.,Ruusuvuori E.,29.0,46.0,1275.0,956.0,7.0,6.0,6.0,3.0,6.0,4.0,,,,,3.0,0.0,Completed,1.44,2.75,1.41,3.16,1.47,3.16,1.41,2.92
ATP,2023,31,Paris,French Open,2023-06-01,Grand Slam,Outdoor,Clay,2nd Round,5,Seyboth Wild T.,Pella G.,172.0,423.0,349.0,105.0,6.0,3.0,3.0,6.0,6.0,4.0,6.0,3.0,,,3.0,1.0,Completed,1.36,3.2,1.44,3.05,1.46,3.2,1.4,2.97
ATP,2023,31,Paris,French Open,2023-06-01,Grand Slam,Outdoor,Clay,2nd Round,5,Zhang Zh.,Tirante T.A.,71.0,153.0,752.0,390.0,7.0,6.0,6.0,3.0,6.0,4.0,,,,,3.0,0.0,Completed,1.57,2.38,1.63,2.43,1.64,2.46,1.6,2.37
ATP,2023,31,Paris,French Open,2023-06-01,Grand Slam,Outdoor,Clay,2nd Round,5,Tiafoe F.,Karatsev A.,12.0,62.0,2790.0,818.0,3.0,6.0,6.0,3.0,7.0,5.0,6.0,2.0,,,3.0,1.0,Completed,1.91,1.91,1.95,1.95,2.01,2.09,1.86,1.97
ATP,2023,31,Paris,French Open,2023-06-01,Grand Slam,Outdoor,Clay,2nd Round,5,Olivieri G.,Vavassori A.,231.0,148.0,257.0,410.0,7.0,6.0,3.0,6.0,6.0,4.0,7.0,6.0,,,3.0,1.0,Completed,3.2,1.36,3.43,1.36,3.49,1.4,3.24,1.35
ATP,2023,31,Paris,French Open,2023-06-01,Grand Slam,Outdoor,Clay,2nd Round,5,Jarry N.,Paul T.,35.0,17.0,1112.0,2170.0,3.0,6.0,6.0,1.0,6.0,4.0,7.0,5.0,,,3.0,1.0,Completed,1.62,2.3,1.6,2.52,1.67,2.52,1.6,2.37
ATP,2023,31,Paris,French Open,2023-06-01,Grand Slam,Outdoor,Clay,2nd Round,5,Giron M.,Lehecka J.,75.0,41.0,740.0,994.0,6.0,2.0,6.0,3.0,6.0,2.0,,,,,3.0,0.0,Completed,2.75,1.44,2.86,1.48,2.91,1.48,2.78,1.45
ATP,2023,31,Paris,French Open,2023-06-01,Grand Slam,Outdoor,Clay,2nd Round,5,Cerundolo F.,Hanfmann Y.,23.0,65.0,1485.0,791.0,6.0,3.0,6.0,3.0,6.0,4.0,,,,,3.0,0.0,Completed,1.44,2.75,1.47,3.0,1.51,3.0,1.45,2.77
ATP,2023,31,Paris,French Open,2023-06-01,Grand Slam,Outdoor,Clay,2nd Round,5,Rune H.,Monfils G.,6.0,394.0,4375.0,117.0,,,,,,,,,,,,,Walkover,1.07,9.0,1.07,11.53,1.11,12.5,1.06,9.74
ATP,2023,31,Paris,French Open,2023-06-01,Grand Slam,Outdoor,Clay,2nd Round,5,Fritz T.,Rinderknech A.,8.0,78.0,3470.0,735.0,2.0,6.0,6.0,4.0,6.0,3.0,6.0,4.0,,,3.0,1.0,Completed,1.11,6.5,1.13,7.12,1.16,9.0,1.12,6.66
ATP,2023,31,Paris,French Open,2023-06-01,Grand Slam,Outdoor,Clay,2nd Round,5,Zverev A.,Molcan A.,27.0,86.0,1450.0,705.0,6.0,4.0,6.0,2.0,6.0,1.0,,,,,3.0,0.0,Completed,1.22,4.33,1.26,4.32,1.28,4.5,1.24,4.13
ATP,2023,31,Paris,French Open,2023-06-02,Grand Slam,Outdoor,Clay,3rd Round,5,Khachanov K.,Kokkinakis T.,11.0,108.0,2945.0,587.0,6.0,4.0,6.0,1.0,3.0,6.0,7.0,6.0,,,3.0,1.0,Completed,1.29,3.75,1.26,4.39,1.34,4.39,1.26,3.89
ATP,2023,31,Paris,French Open,2023-06-02,Grand Slam,Outdoor,Clay,3rd Round,5,Sonego L.,Rublev A.,48.0,7.0,925.0,4270.0,5.0,7.0,0.0,6.0,6.0,3.0,7.0,6.0,6.0,3.0,3.0,2.0,Completed,3.75,1.29,3.89,1.3,3.9,1.36,3.64,1.29
ATP,2023,31,Paris,French Open,2023-06-02,Grand Slam,Outdoor,Clay,3rd Round,5,Ofner S.,Fognini F.,118.0,130.0,534.0,468.0,5.0,7.0,6.0,3.0,7.0,5.0,1.0,6.0,6.0,4.0,3.0,2.0,Completed,2.2,1.67,2.28,1.71,2.31,1.79,2.23,1.67
ATP,2023,31,Paris,French Open,2023-06-02,Grand Slam,Outdoor,Clay,3rd Round,5,Djokovic N.,Davidovich Fokina A.,3.0,34.0,5955.0,1115.0,7.0,6.0,7.0,6.0,6.0,2.0,,,,,3.0,0.0,Completed,1.13,6.0,1.14,6.57,1.16,7.25,1.13,6.29
ATP,2023,31,Paris,French Open,2023-06-02,Grand Slam,Outdoor,Clay,3rd Round,5,Musetti L.,Norrie C.,18.0,13.0,2040.0,2565.0,6.0,1.0,6.0,2.0,6.0,4.0,,,,,3.0,0.0,Completed,1.53,2.5,1.54,2.65,1.57,2.7,1.51,2.58
ATP,2023,31,Paris,French Open,2023-06-02,Grand Slam,Outdoor,Clay,3rd Round,5,Tsitsipas S.,Schwartzman D.,5.0,95.0,4775.0,660.0,6.0,2.0,6.0,2.0,6.0,3.0,,,,,3.0,0.0,Completed,1.1,7.0,1.09,9.41,1.12,11.11,1.09,7.8
ATP,2023,31,Paris,French Open,2023-06-02,Grand Slam,Outdoor,Clay,3rd Round,5,Varillas J.P.,Hurkacz H.,94.0,14.0,661.0,2525.0,3.0,6.0,6.0,3.0,7.0,6.0,4.0,6.0,6.0,2.0,3.0,2.0,Completed,3.0,1.4,3.08,1.43,3.19,1.45,3.02,1.39
ATP,2023,31,Paris,French Open,2023-06-02,Grand Slam,Outdoor,Clay,3rd Round,5,Alcaraz C.,Shapovalov D.,1.0,32.0,6815.0,1210.0,6.0,1.0,6.0,4.0,6.0,2.0,,,,,3.0,0.0,Completed,1.04,13.0,1.07,11.9,1.07,14.0,1.05,10.82
ATP,2023,31,Paris,French Open,2023-06-03,Grand Slam,Outdoor,Clay,3rd Round,5,Ruud C.,Zhang Zh.,4.0,71.0,4960.0,752.0,4.0,6.0,6.0,4.0,6.0,1.0,6.0,4.0,,,3.0,1.0,Completed,1.13,6.0,1.13,7.13,1.14,7.13,1.12,6.31
ATP,2023,31,Paris,French Open,2023-06-03,Grand Slam,Outdoor,Clay,3rd Round,5,Nishioka Y.,Seyboth Wild T.,33.0,172.0,1181.0,349.0,3.0,6.0,7.0,6.0,2.0,6.0,6.0,4.0,6.0,0.0,3.0,2.0,Completed,2.63,1.5,2.64,1.55,2.65,1.57,2.52,1.52
ATP,2023,31,Paris,French Open,2023-06-03,Grand Slam,Outdoor,Clay,3rd Round,5,Etcheverry T.,Coric B.,49.0,16.0,920.0,2410.0,6.0,3.0,7.0,6.0,6.0,2.0,,,,,3.0,0.0,Completed,1.67,2.2,1.7,2.28,1.77,2.28,1.71,2.16
ATP,2023,31,Paris,French Open,2023-06-03,Grand Slam,Outdoor,Clay,3rd Round,5,Jarry N.,Giron M.,35.0,75.0,1112.0,740.0,6.0,2.0,6.0,3.0,6.0,7.0,6.0,3.0,,,3.0,1.0,Completed,1.33,3.4,1.34,3.59,1.37,3.64,1.34,3.3
ATP,2023,31,Paris,French Open,2023-06-03,Grand Slam,Outdoor,Clay,3rd Round,5,Rune H.,Olivieri G.,6.0,231.0,4375.0,257.0,6.0,4.0,6.0,1.0,6.0,3.0,,,,,3.0,0.0,Completed,1.03,15.0,1.04,17.13,1.05,17.13,1.03,13.07
ATP,2023,31,Paris,French Open,2023-06-03,Grand Slam,Outdoor,Clay,3rd Round,5,Cerundolo F.,Fritz T.,23.0,8.0,1485.0,3470.0,3.0,6.0,6.0,3.0,6.0,4.0,7.0,5.0,,,3.0,1.0,Completed,2.1,1.73,2.02,1.88,2.15,1.89,2.02,1.8
ATP,2023,31,Paris,French Open,2023-06-03,Grand Slam,Outdoor,Clay,3rd Round,5,Dimitrov G.,Altmaier D.,29.0,79.0,1275.0,733.0,6.0,4.0,6.0,3.0,6.0,1.0,,,,,3.0,0.0,Completed,1.36,3.2,1.41,3.19,1.41,3.21,1.37,3.09
ATP,2023,31,Paris,French Open,2023-06-03,Grand Slam,Outdoor,Clay,3rd Round,5,Zverev A.,Tiafoe F.,27.0,12.0,1450.0,2790.0,3.0,6.0,7.0,6.0,6.0,1.0,7.0,6.0,,,3.0,1.0,Completed,1.4,3.0,1.39,3.28,1.42,3.28,1.39,3.02
ATP,2023,31,Paris,French Open,2023-06-04,Grand Slam,Outdoor,Clay,4th Round,5,Khachanov K.,Sonego L.,11.0,48.0,2945.0,925.0,1.0,6.0,6.0,4.0,7.0,6.0,6.0,1.0,,,3.0,1.0,Completed,1.44,2.75,1.49,2.84,1.52,2.84,1.47,2.7
ATP,2023,31,Paris,French Open,2023-06-04,Grand Slam,Outdoor,Clay,4th Round,5,Djokovic N.,Varillas J.P.,3.0,94.0,5955.0,661.0,6.0,3.0,6.0,2.0,6.0,2.0,,,,,3.0,0.0,Completed,1.03,15.0,1.04,18.34,1.05,18.34,1.03,13.51
ATP,2023,31,Paris,French Open,2023-06-04,Grand Slam,Outdoor,Clay,4th Round,5,Alcaraz C.,Musetti L.,1.0,18.0,6815.0,2040.0,6.0,3.0,6.0,2.0,6.0,2.0,,,,,3.0,0.0,Completed,1.17,5.0,1.18,5.65,1.21,5.65,1.18,5.0
ATP,2023,31,Paris,French Open,2023-06-04,Grand Slam,Outdoor,Clay,4th Round,5,Tsitsipas S.,Ofner S.,5.0,118.0,4775.0,534.0,7.0,5.0,6.0,3.0,6.0,0.0,,,,,3.0,0.0,Completed,1.06,10.0,1.08,10.39,1.08,13.0,1.05,10.34
ATP,2023,31,Paris,French Open,2023-06-05,Grand Slam,Outdoor,Clay,4th Round,5,Ruud C.,Jarry N.,4.0,35.0,4960.0,1112.0,7.0,6.0,7.0,5.0,7.0,5.0,,,,,3.0,0.0,Completed,1.44,2.75,1.48,2.87,1.53,2.9,1.47,2.72
ATP,2023,31,Paris,French Open,2023-06-05,Grand Slam,Outdoor,Clay,4th Round,5,Rune H.,Cerundolo F.,6.0,23.0,4375.0,1485.0,7.0,6.0,3.0,6.0,6.0,4.0,1.0,6.0,7.0,6.0,3.0,2.0,Completed,1.33,3.4,1.37,3.38,1.4,3.4,1.35,3.24
ATP,2023,31,Paris,French Open,2023-06-05,Grand Slam,Outdoor,Clay,4th Round,5,Zverev A.,Dimitrov G.,27.0,29.0,1450.0,1275.0,6.0,1.0,6.0,4.0,6.0,3.0,,,,,3.0,0.0,Completed,1.44,2.75,1.42,3.1,1.5,3.22,1.43,2.88
ATP,2023,31,Paris,French Open,2023-06-05,Grand Slam,Outdoor,Clay,4th Round,5,Etcheverry T.,Nishioka Y.,49.0,33.0,920.0,1181.0,7.0,6.0,6.0,0.0,6.0,1.0,,,,,3.0,0.0,Completed,1.22,4.33,1.23,4.7,1.25,4.82,1.22,4.41
ATP,2023,31,Paris,French Open,2023-06-06,Grand Slam,Outdoor,Clay,Quarterfinals,5,Djokovic N.,Khachanov K.,3.0,11.0,5955.0,2945.0,4.0,6.0,7.0,6.0,6.0,2.0,6.0,4.0,,,3.0,1.0,Completed,1.08,8.0,1.12,7.89,1.12,9.0,1.09,7.74
ATP,2023,31,Paris,French Open,2023-06-06,Grand Slam,Outdoor,Clay,Quarterfinals,5,Alcaraz C.,Tsitsipas S.,1.0,5.0,6815.0,4775.0,6.0,2.0,6.0,1.0,7.0,6.0,,,,,3.0,0.0,Completed,1.2,4.5,1.22,4.93,1.24,5.1,1.21,4.67
ATP,2023,31,Paris,French Open,2023-06-07,Grand Slam,Outdoor,Clay,Quarterfinals,5,Zverev A.,Etcheverry T.,27.0,49.0,1450.0,920.0,6.0,4.0,3.0,6.0,6.0,3.0,6.0,4.0,,,3.0,1.0,Completed,1.33,3.4,1.33,3.63,1.35,3.65,1.33,3.4
ATP,2023,31,Paris,French Open,2023-06-07,Grand Slam,Outdoor,Clay,Quarterfinals,5,Ruud C.,Rune H.,4.0,6.0,4960.0,4375.0,6.0,1.0,6.0,2.0,3.0,6.0,6.0,3.0,,,3.0,1.0,Completed,1.73,2.1,1.86,2.06,1.86,2.25,1.76,2.1
ATP,2023,31,Paris,French Open,2023-06-09,Grand Slam,Outdoor,Clay,Semifinals,5,Djokovic N.,Alcaraz C.,3.0,1.0,5955.0,6815.0,6.0,3.0,5.0,7.0,6.0,1.0,6.0,1.0,,,3.0,1.0,Completed,2.63,1.5,2.59,1.57,2.8,1.57,2.63,1.5
ATP,2023,31,Paris,French Open,2023-06-09,Grand Slam,Outdoor,Clay,Semifinals,5,Ruud C.,Zverev A.,4.0,27.0,4960.0,1450.0,6.0,3.0,6.0,4.0,6.0,0.0,,,,,3.0,0.0,Completed,1.91,1.91,1.95,1.95,1.96,2.05,1.89,1.92
ATP,2023,31,Paris,French Open,2023-06-11,Grand Slam,Outdoor,Clay,The Final,5,Djokovic N.,Ruud C.,3.0,4.0,5955.0,4960.0,7.0,6.0,6.0,3.0,7.0,5.0,,,,,3.0,0.0,Completed,1.2,4.8,1.22,4.92,1.24,5.15,1.21,4.7
ATP,2023,38,London,Wimbledon,2023-07-03,Grand Slam,Outdoor,Grass,1st Round,5,Barrios M.,Baez S.,133.0,46.0,456.0,955.0,7.0,6.0,3.0,6.0,6.0,3.0,7.0,6.0,,,3.0,1.0,Completed,2.1,1.73,1.99,1.92,2.2,1.92,2.08,1.77
ATP,2023,38,London,Wimbledon,2023-07-03,Grand Slam,Outdoor,Grass,1st Round,5,Musetti L.,Varillas J.P.,16.0,63.0,2210.0,806.0,6.0,3.0,6.0,1.0,7.0,5.0,,,,,3.0,0.0,Completed,1.06,10.0,1.07,11.93,1.08,13.5,1.05,10.47
ATP,2023,38,London,Wimbledon,2023-07-03,Grand Slam,Outdoor,Grass,1st Round,5,Karatsev A.,Van Assche L.,50.0,75.0,888.0,758.0,6.0,7.0,6.0,4.0,6.0,2.0,6.0,4.0,,,3.0,1.0,Completed,1.73,2.1,1.63,2.45,1.84,2.45,1.67,2.24
ATP,2023,38,London,Wimbledon,2023-07-03,Grand Slam,Outdoor,Grass,1st Round,5,Thompson J.,Nakashima B.,70.0,55.0,769.0,855.0,2.0,6.0,2.0,6.0,6.0,4.0,7.0,6.0,6.0,3.0,3.0,2.0,Completed,1.91,1.91,1.88,2.04,1.95,2.06,1.89,1.94
ATP,2023,38,London,Wimbledon,2023-07-03,Grand Slam,Outdoor,Grass,1st Round,5,Rublev A.,Purcell M.,7.0,64.0,4255.0,796.0,6.0,3.0,7.0,5.0,6.0,4.0,,,,,3.0,0.0,Completed,1.06,10.0,1.08,10.52,1.1,11.22,1.07,8.82
ATP,2023,38,London,Wimbledon,2023-07-03,Grand Slam,Outdoor,Grass,1st Round,5,Marterer M.,Gojo B.,170.0,112.0,342.0,557.0,7.0,5.0,6.0,7.0,6.0,3.0,6.0,4.0,,,3.0,1.0,Completed,2.0,1.8,2.26,1.71,2.26,1.9,2.04,1.79
ATP,2023,38,London,Wimbledon,2023-07-03,Grand Slam,Outdoor,Grass,1st Round,5,Hurkacz H.,Ramos-Vinolas A.,18.0,76.0,2060.0,752.0,6.0,1.0,6.0,4.0,6.0,4.0,,,,,3.0,0.0,Completed,1.06,10.0,1.06,12.53,1.08,13.0,1.06,10.31
ATP,2023,38,London,Wimbledon,2023-07-03,Grand Slam,Outdoor,Grass,1st Round,5,Djokovic N.,Cachin P.,2.0,68.0,7595.0,772.0,6.0,3.0,6.0,3.0,7.0,6.0,,,,,3.0,0.0,Completed,1.01,34.0,1.01,28.03,1.02,34.0,1.01,20.89
ATP,2023,38,London,Wimbledon,2023-07-03,Grand Slam,Outdoor,Grass,1st Round,5,Mmoh M.,Auger-Aliassime F.,119.0,12.0,527.0,2760.0,7.0,6.0,6.0,7.0,7.0,6.0,6.0,4.0,,,3.0,1.0,Completed,6.5,1.11,6.24,1.16,8.01,1.16,6.6,1.11
ATP,2023,38,London,Wimbledon,2023-07-03,Grand Slam,Outdoor,Grass,1st Round,5,Moutet C.,Gasquet R.,71.0,51.0,768.0,875.0,6.0,3.0,7.0,5.0,7.0,5.0,,,,,3.0,0.0,Completed,2.38,1.57,2.49,1.61,2.55,1.66,2.39,1.58
ATP,2023,38,London,Wimbledon,2023-07-03,Grand Slam,Outdoor,Grass,1st Round,5,Goffin D.,Marozsan F.,123.0,96.0,503.0,626.0,6.0,2.0,5.0,7.0,6.0,2.0,6.0,0.0,,,3.0,1.0,Completed,1.44,2.75,1.54,2.64,1.6,2.91,1.5,2.61
ATP,2023,38,London,Wimbledon,2023-07-03,Grand Slam,Outdoor,Grass,1st Round,5,Broady L.,Lestienne C.,142.0,74.0,422.0,761.0,6.0,1.0,6.0,3.0,7.0,5.0,,,,,3.0,0.0,Completed,1.5,2.63,1.51,2.75,1.57,2.76,1.5,2.6
ATP,2023,38,London,Wimbledon,2023-07-03,Grand Slam,Outdoor,Grass,1st Round,5,Wolf J.J.,Couacaud E.,48.0,158.0,924.0,363.0,7.0,5.0,6.0,3.0,7.0,6.0,,,,,3.0,0.0,Completed,1.22,4.33,1.25,4.49,1.32,4.53,1.25,4.05
ATP,2023,38,London,Wimbledon,2023-07-03,Grand Slam,Outdoor,Grass,1st Round,5,Munar J.,Isner J.,109.0,103.0,570.0,595.0,4.0,6.0,6.0,3.0,6.0,4.0,6.0,4.0,,,3.0,1.0,Completed,3.2,1.36,3.05,1.44,3.3,1.45,3.03,1.39
ATP,2023,38,London,Wimbledon,2023-07-03,Grand Slam,Outdoor,Grass,1st Round,5,Ruud C.,Lokoli L.,4.0,199.0,4960.0,290.0,6.0,1.0,5.0,7.0,6.0,4.0,6.0,3.0,,,3.0,1.0,Completed,1.17,5.0,1.17,5.9,1.2,6.0,1.17,5.22
ATP,2023,38,London,Wimbledon,2023-07-03,Grand Slam,Outdoor,Grass,1st Round,5,Choinski J.,Lajovic D.,164.0,56.0,348.0,854.0,5.0,7.0,7.0,6.0,6.0,2.0,6.0,2.0,,,3.0,1.0,Completed,2.63,1.5,2.66,1.54,2.75,1.56,2.59,1.51
ATP,2023,38,London,Wimbledon,2023-07-03,Grand Slam,Outdoor,Grass,1st Round,5,Ymer M.,Molcan A.,59.0,83.0,831.0,721.0,6.0,3.0,6.0,3.0,6.0,4.0,,,,,3.0,0.0,Completed,1.44,2.75,1.43,3.1,1.55,3.11,1.43,2.85
ATP,2023,38,London,Wimbledon,2023-07-03,Grand Slam,Outdoor,Grass,1st Round,5,Otte O.,Koepfer D.,233.0,86.0,251.0,681.0,7.0,5.0,6.0,3.0,7.0,6.0,,,,,3.0,0.0,Completed,1.62,2.3,1.73,2.24,1.74,2.36,1.68,2.21
ATP,2023,38,London,Wimbledon,2023-07-03,Grand Slam,Outdoor,Grass,1st Round,5,Bublik A.,Mcdonald M.,26.0,54.0,1354.0,855.0,6.0,7.0,6.0,4.0,6.0,4.0,6.0,4.0,,,3.0,1.0,Completed,1.44,2.75,1.51,2.78,1.52,2.95,1.45,2.76
ATP,2023,38,London,Wimbledon,2023-07-03,Grand Slam,Outdoor,Grass,1st Round,5,Vukic A.,Altmaier D.,87.0,66.0,679.0,778.0,6.0,3.0,7.0,6.0,3.0,6.0,7.0,5.0,,,3.0,1.0,Completed,1.44,2.75,1.44,3.03,1.54,3.03,1.44,2.84
ATP,2023,38,London,Wimbledon,2023-07-03,Grand Slam,Outdoor,Grass,1st Round,5,Schwartzman D.,Kecmanovic M.,98.0,41.0,615.0,1020.0,6.0,0.0,6.0,3.0,6.0,4.0,,,,,3.0,0.0,Completed,2.75,1.44,2.75,1.52,2.8,1.58,2.69,1.47
ATP,2023,38,London,Wimbledon,2023-07-03,Grand Slam,Outdoor,Grass,1st Round,5,Wawrinka S.,Ruusuvuori E.,88.0,47.0,674.0,936.0,7.0,5.0,7.0,5.0,6.0,4.0,,,,,3.0,0.0,Completed,3.0,1.4,3.47,1.36,3.51,1.45,3.21,1.35
ATP,2023,38,London,Wimbledon,2023-07-03,Grand Slam,Outdoor,Grass,1st Round,5,Galan D.E.,Nishioka Y.,85.0,27.0,693.0,1351.0,6.0,4.0,6.0,3.0,6.0,3.0,,,,,3.0,0.0,Completed,2.1,1.73,2.25,1.72,2.25,1.81,2.13,1.73
ATP,2023,38,London,Wimbledon,2023-07-03,Grand Slam,Outdoor,Grass,1st Round,5,Sinner J.,Cerundolo J.M.,8.0,111.0,3345.0,560.0,6.0,2.0,6.0,2.0,6.0,2.0,,,,,3.0,0.0,Completed,1.02,19.0,1.03,21.56,1.03,22.3,1.02,15.74
ATP,2023,38,London,Wimbledon,2023-07-04,Grand Slam,Outdoor,Grass,1st Round,5,Alcaraz C.,Chardy J.,1.0,542.0,7675.0,65.0,6.0,0.0,6.0,2.0,7.0,5.0,,,,,3.0,0.0,Completed,1.01,29.0,1.02,34.08,1.03,34.08,1.01,19.5
ATP,2023,38,London,Wimbledon,2023-07-04,Grand Slam,Outdoor,Grass,1st Round,5,Murray A.,Peniston R.,40.0,268.0,1030.0,207.0,6.0,3.0,6.0,0.0,6.0,1.0,,,,,3.0,0.0,Completed,1.1,7.0,1.11,8.4,1.12,8.4,1.1,7.38
ATP,2023,38,London,Wimbledon,2023-07-04,Grand Slam,Outdoor,Grass,1st Round,5,Norrie C.,Machac T.,13.0,108.0,2610.0,573.0,6.0,3.0,4.0,6.0,6.0,1.0,6.0,4.0,,,3.0,1.0,Completed,1.22,4.33,1.22,4.94,1.3,5.32,1.21,4.48
ATP,2023,38,London,Wimbledon,2023-07-04,Grand Slam,Outdoor,Grass,1st Round,5,Halys Q.,Evans D.,79.0,30.0,741.0,1321.0,6.0,2.0,6.0,3.0,6.0,7.0,6.0,4.0,,,3.0,1.0,Completed,2.0,1.8,1.97,1.93,2.15,1.95,1.97,1.85
ATP,2023,38,London,Wimbledon,2023-07-04,Grand Slam,Outdoor,Grass,1st Round,5,Etcheverry T.,Zapata Miralles B.,32.0,53.0,1201.0,856.0,6.0,7.0,5.0,7.0,6.0,3.0,6.0,4.0,7.0,5.0,3.0,2.0,Completed,1.44,2.75,1.4,3.22,1.63,3.27,1.41,2.95
ATP,2023,38,London,Wimbledon,2023-07-05,Grand Slam,Outdoor,Grass,1st Round,5,Stricker D.,Popyrin A.,117.0,93.0,535.0,645.0,3.0,6.0,6.0,3.0,6.0,2.0,4.0,6.0,7.0,5.0,3.0,2.0,Completed,1.62,2.3,1.69,2.31,1.76,2.32,1.67,2.24
ATP,2023,38,London,Wimbledon,2023-07-05,Grand Slam,Outdoor,Grass,1st Round,5,Cerundolo F.,Borges N.,19.0,69.0,1860.0,770.0,5.0,7.0,6.0,3.0,6.0,3.0,6.0,4.0,,,3.0,1.0,Completed,1.22,4.33,1.28,4.12,1.3,4.34,1.26,3.95
ATP,2023,38,London,Wimbledon,2023-07-05,Grand Slam,Outdoor,Grass,1st Round,5,Raonic M.,Novak D.,849.0,159.0,20.0,362.0,6.0,7.0,6.0,4.0,7.0,6.0,6.0,1.0,,,3.0,1.0,Completed,1.91,1.91,2.0,1.91,2.02,2.0,1.93,1.89
ATP,2023,38,London,Wimbledon,2023-07-05,Grand Slam,Outdoor,Grass,1st Round,5,Lehecka J.,Ofner S.,37.0,72.0,1083.0,768.0,6.0,4.0,6.0,4.0,6.0,4.0,,,,,3.0,0.0,Completed,1.57,2.38,1.68,2.32,1.69,2.47,1.63,2.29
ATP,2023,38,London,Wimbledon,2023-07-05,Grand Slam,Outdoor,Grass,1st Round,5,Tiafoe F.,Wu Y.,10.0,62.0,3085.0,814.0,7.0,6.0,6.0,3.0,6.0,4.0,,,,,3.0,0.0,Completed,1.14,5.5,1.21,5.09,1.21,5.55,1.19,4.78
ATP,2023,38,London,Wimbledon,2023-07-05,Grand Slam,Outdoor,Grass,1st Round,5,Dimitrov G.,Shimabukuro S.,24.0,162.0,1430.0,357.0,6.0,1.0,6.0,2.0,6.0,1.0,,,,,3.0,0.0,Completed,1.05,11.0,1.07,11.25,1.08,11.25,1.06,9.62
ATP,2023,38,London,Wimbledon,2023-07-05,Grand Slam,Outdoor,Grass,1st Round,5,Barrere G.,Harris L.,49.0,208.0,889.0,279.0,7.0,5.0,6.0,7.0,7.0,5.0,6.0,3.0,,,3.0,1.0,Completed,2.1,1.73,2.11,1.82,2.15,1.82,2.06,1.78
ATP,2023,38,London,Wimbledon,2023-07-05,Grand Slam,Outdoor,Grass,1st Round,5,Medvedev D.,Fery A.,3.0,391.0,5890.0,118.0,7.0,5.0,6.0,4.0,6.0,3.0,,,,,3.0,0.0,Completed,1.01,29.0,1.02,39.1,1.02,39.1,1.01,21.06
ATP,2023,38,London,Wimbledon,2023-07-05,Grand Slam,Outdoor,Grass,1st Round,5,Pella G.,Coric B.,308.0,14.0,170.0,2305.0,6.0,3.0,7.0,5.0,4.0,6.0,3.0,6.0,6.0,1.0,3.0,2.0,Completed,3.2,1.36,3.15,1.41,3.2,1.47,3.0,1.4
ATP,2023,38,London,Wimbledon,2023-07-05,Grand Slam,Outdoor,Grass,1st Round,5,Muller A.,Rinderknech A.,84.0,82.0,711.0,722.0,7.0,6.0,1.0,6.0,6.0,3.0,6.0,4.0,,,3.0,1.0,Completed,4.33,1.22,4.38,1.26,4.38,1.27,4.11,1.24
ATP,2023,38,London,Wimbledon,2023-07-05,Grand Slam,Outdoor,Grass,1st Round,5,Safiullin R.,Bautista Agut R.,92.0,23.0,663.0,1480.0,2.0,6.0,7.0,6.0,6.0,7.0,6.0,4.0,7.0,5.0,3.0,2.0,Completed,3.5,1.3,3.82,1.31,3.85,1.36,3.58,1.3
ATP,2023,38,London,Wimbledon,2023-07-05,Grand Slam,Outdoor,Grass,1st Round,5,Mayot H.,Bonzi B.,181.0,94.0,321.0,638.0,6.0,3.0,6.0,4.0,7.0,5.0,,,,,3.0,0.0,Completed,1.62,2.3,1.66,2.39,1.67,2.47,1.62,2.32
ATP,2023,38,London,Wimbledon,2023-07-05,Grand Slam,Outdoor,Grass,1st Round,5,Paul T.,Mochizuki S.,15.0,212.0,2250.0,276.0,7.0,5.0,6.0,3.0,6.0,1.0,,,,,3.0,0.0,Completed,1.11,6.5,1.16,6.32,1.19,7.2,1.14,5.8
ATP,2023,38,London,Wimbledon,2023-07-05,Grand Slam,Outdoor,Grass,1st Round,5,Fritz T.,Hanfmann Y.,9.0,45.0,3310.0,962.0,6.0,4.0,2.0,6.0,4.0,6.0,7.0,5.0,6.0,3.0,3.0,2.0,Completed,1.22,4.33,1.29,3.99,1.3,4.6,1.26,3.89
ATP,2023,38,London,Wimbledon,2023-07-05,Grand Slam,Outdoor,Grass,1st Round,5,Shapovalov D.,Albot R.,29.0,107.0,1335.0,580.0,5.0,7.0,6.0,4.0,6.0,2.0,6.0,2.0,,,3.0,1.0,Completed,1.2,4.5,1.25,4.43,1.27,4.54,1.23,4.24
ATP,2023,38,London,Wimbledon,2023-07-05,Grand Slam,Outdoor,Grass,1st Round,5,Tsitsipas S.,Thiem D.,5.0,91.0,4670.0,666.0,3.0,6.0,7.0,6.0,6.0,2.0,6.0,7.0,7.0,6.0,3.0,2.0,Completed,1.17,5.0,1.19,5.45,1.22,5.45,1.18,4.92
ATP,2023,38,London,Wimbledon,2023-07-05,Grand Slam,Outdoor,Grass,1st Round,5,Rune H.,Loffhagen G.,6.0,371.0,4510.0,130.0,7.0,6.0,6.0,3.0,6.0,2.0,,,,,3.0,0.0,Completed,1.05,11.0,1.06,12.49,1.06,14.0,1.05,10.7
ATP,2023,38,London,Wimbledon,2023-07-05,Grand Slam,Outdoor,Grass,1st Round,5,Vesely J.,Korda S.,528.0,25.0,67.0,1355.0,7.0,6.0,4.0,6.0,6.0,2.0,6.0,3.0,,,3.0,1.0,Completed,7.0,1.1,7.98,1.12,8.0,1.13,6.91,1.11
ATP,2023,38,London,Wimbledon,2023-07-05,Grand Slam,Outdoor,Grass,1st Round,5,Eubanks C.,Monteiro T.,43.0,95.0,976.0,626.0,4.0,6.0,7.0,5.0,7.0,5.0,6.0,3.0,,,3.0,1.0,Completed,1.25,4.0,1.28,4.09,1.33,4.16,1.27,3.82
ATP,2023,38,London,Wimbledon,2023-07-05,Grand Slam,Outdoor,Grass,1st Round,5,Giron M.,Dellien H.,65.0,171.0,795.0,340.0,7.0,6.0,6.0,4.0,6.0,4.0,,,,,3.0,0.0,Completed,1.03,15.0,1.04,17.68,1.06,18.4,1.03,13.74
ATP,2023,38,London,Wimbledon,2023-07-05,Grand Slam,Outdoor,Grass,1st Round,5,Ivashka I.,Coria F.,102.0,104.0,607.0,592.0,4.0,6.0,6.0,4.0,6.0,3.0,6.0,0.0,,,3.0,1.0,Completed,1.08,8.0,1.11,7.76,1.13,8.5,1.1,7.3
ATP,2023,38,London,Wimbledon,2023-07-05,Grand Slam,Outdoor,Grass,1st Round,5,Shelton B.,Daniel T.,36.0,106.0,1094.0,584.0,6.0,4.0,6.0,3.0,3.0,6.0,4.0,6.0,6.0,3.0,3.0,2.0,Completed,1.36,3.2,1.41,3.18,1.46,3.2,1.4,2.97
ATP,2023,38,London,Wimbledon,2023-07-05,Grand Slam,Outdoor,Grass,1st Round,5,Mannarino A.,Shevchenko A.,35.0,97.0,1112.0,623.0,6.0,3.0,6.0,3.0,6.0,2.0,,,,,3.0,0.0,Completed,1.2,4.5,1.24,4.6,1.25,5.0,1.21,4.41
ATP,2023,38,London,Wimbledon,2023-07-05,Grand Slam,Outdoor,Grass,1st Round,5,Djere L.,Cressy M.,60.0,58.0,820.0,845.0,6.0,7.0,7.0,6.0,7.0,6.0,7.0,6.0,,,3.0,1.0,Completed,2.2,1.67,2.34,1.67,2.35,1.71,2.25,1.65
ATP,2023,38,London,Wimbledon,2023-07-05,Grand Slam,Outdoor,Grass,1st Round,5,Fucsovics M.,Griekspoor T.,67.0,31.0,777.0,1254.0,6.0,4.0,6.0,2.0,6.0,4.0,,,,,3.0,0.0,Completed,2.0,1.8,2.11,1.81,2.17,1.86,2.05,1.78
ATP,2023,38,London,Wimbledon,2023-07-06,Grand Slam,Outdoor,Grass,1st Round,5,Davidovich Fokina A.,Fils A.,34.0,61.0,1115.0,816.0,7.0,6.0,6.0,1.0,6.0,2.0,,,,,3.0,0.0,Completed,1.67,2.2,1.72,2.26,1.72,2.4,1.67,2.23
ATP,2023,38,London,Wimbledon,2023-07-06,Grand Slam,Outdoor,Grass,1st Round,5,Van De Zandschulp B.,Zhang Zh.,44.0,52.0,975.0,874.0,2.0,6.0,7.0,6.0,7.0,6.0,3.0,6.0,6.0,2.0,3.0,2.0,Completed,1.67,2.2,1.69,2.31,1.76,2.31,1.67,2.22
ATP,2023,38,London,Wimbledon,2023-07-06,Grand Slam,Outdoor,Grass,1st Round,5,Carballes Baena R.,Arnaldi M.,57.0,80.0,850.0,737.0,6.0,7.0,6.0,3.0,6.0,4.0,6.0,4.0,,,3.0,1.0,Completed,2.75,1.44,2.77,1.51,3.04,1.55,2.7,1.47
ATP,2023,38,London,Wimbledon,2023-07-06,Grand Slam,Outdoor,Grass,1st Round,5,Watanuki Y.,Huesler M.A.,116.0,81.0,547.0,726.0,6.0,7.0,5.0,7.0,7.0,6.0,7.0,6.0,6.0,3.0,3.0,2.0,Completed,1.8,2.0,1.81,2.12,1.88,2.12,1.79,2.04
ATP,2023,38,London,Wimbledon,2023-07-06,Grand Slam,Outdoor,Grass,1st Round,5,Zverev A.,Brouwer G.,21.0,153.0,1630.0,383.0,6.0,4.0,7.0,6.0,7.0,6.0,,,,,3.0,0.0,Completed,1.07,9.0,1.09,9.28,1.1,10.39,1.08,8.34
ATP,2023,38,London,Wimbledon,2023-07-06,Grand Slam,Outdoor,Grass,1st Round,5,O Connell C.,Medjedovic H.,73.0,156.0,766.0,371.0,7.0,5.0,6.0,4.0,4.0,6.0,6.0,4.0,,,3.0,1.0,Completed,1.62,2.3,1.6,2.51,1.67,2.55,1.59,2.38
ATP,2023,38,London,Wimbledon,2023-07-06,Grand Slam,Outdoor,Grass,1st Round,5,De Minaur A.,Coppejans K.,17.0,188.0,2115.0,309.0,6.0,7.0,6.0,3.0,6.0,3.0,7.0,6.0,,,3.0,1.0,Completed,1.03,17.0,1.04,17.4,1.05,18.0,1.03,14.03
ATP,2023,38,London,Wimbledon,2023-07-06,Grand Slam,Outdoor,Grass,1st Round,5,Kubler J.,Humbert U.,77.0,39.0,742.0,1042.0,6.0,4.0,4.0,6.0,6.0,2.0,3.0,6.0,6.0,3.0,3.0,2.0,Completed,2.3,1.62,2.45,1.62,2.45,1.67,2.32,1.62
ATP,2023,38,London,Wimbledon,2023-07-06,Grand Slam,Outdoor,Grass,1st Round,5,Jarry N.,Cecchinato M.,28.0,89.0,1336.0,673.0,4.0,6.0,6.0,2.0,6.0,4.0,6.0,1.0,,,3.0,1.0,Completed,1.05,11.0,1.06,13.12,1.06,16.63,1.05,10.86
ATP,2023,38,London,Wimbledon,2023-07-06,Grand Slam,Outdoor,Grass,1st Round,5,Berrettini M.,Sonego L.,38.0,42.0,1082.0,1015.0,6.0,7.0,6.0,3.0,7.0,6.0,6.0,3.0,,,3.0,1.0,Completed,2.5,1.53,2.58,1.57,2.75,1.6,2.49,1.54
ATP,2023,38,London,Wimbledon,2023-07-05,Grand Slam,Outdoor,Grass,2nd Round,5,Djokovic N.,Thompson J.,2.0,70.0,7595.0,769.0,6.0,3.0,7.0,6.0,7.0,5.0,,,,,3.0,0.0,Completed,1.03,15.0,1.03,21.62,1.04,21.62,1.02,15.44
ATP,2023,38,London,Wimbledon,2023-07-05,Grand Slam,Outdoor,Grass,2nd Round,5,Sinner J.,Schwartzman D.,8.0,98.0,3345.0,615.0,7.0,5.0,6.0,1.0,6.0,2.0,,,,,3.0,0.0,Completed,1.05,11.0,1.06,13.38,1.07,13.38,1.05,10.44
ATP,2023,38,London,Wimbledon,2023-07-06,Grand Slam,Outdoor,Grass,2nd Round,5,Wawrinka S.,Etcheverry T.,88.0,32.0,674.0,1201.0,6.0,3.0,4.0,6.0,6.0,4.0,6.0,2.0,,,3.0,1.0,Completed,1.5,2.63,1.54,2.66,1.58,2.75,1.51,2.59
ATP,2023,38,London,Wimbledon,2023-07-06,Grand Slam,Outdoor,Grass,2nd Round,5,Halys Q.,Vukic A.,79.0,87.0,741.0,679.0,6.0,3.0,6.0,1.0,6.0,4.0,,,,,3.0,0.0,Completed,1.67,2.2,1.69,2.3,1.71,2.36,1.66,2.25
ATP,2023,38,London,Wimbledon,2023-07-06,Grand Slam,Outdoor,Grass,2nd Round,5,Musetti L.,Munar J.,16.0,109.0,2210.0,570.0,6.0,4.0,6.0,3.0,6.0,1.0,,,,,3.0,0.0,Completed,1.14,5.5,1.16,6.32,1.18,6.65,1.14,5.72
ATP,2023,38,London,Wimbledon,2023-07-06,Grand Slam,Outdoor,Grass,2nd Round,5,Hurkacz H.,Choinski J.,18.0,164.0,2060.0,348.0,6.0,4.0,6.0,4.0,7.0,6.0,,,,,3.0,0.0,Completed,1.07,9.0,1.07,12.26,1.07,12.26,1.06,9.96
ATP,2023,38,London,Wimbledon,2023-07-06,Grand Slam,Outdoor,Grass,2nd Round,5,Marterer M.,Mmoh M.,170.0,119.0,342.0,527.0,7.0,5.0,7.0,6.0,6.0,4.0,,,,,3.0,0.0,Completed,1.8,2.0,1.92,1.99,1.92,2.05,1.84,1.98
ATP,2023,38,London,Wimbledon,2023-07-06,Grand Slam,Outdoor,Grass,2nd Round,5,Bublik A.,Wolf J.J.,26.0,48.0,1354.0,924.0,6.0,3.0,7.0,6.0,6.0,0.0,,,,,3.0,0.0,Completed,1.44,2.75,1.5,2.79,1.53,2.85,1.48,2.68
ATP,2023,38,London,Wimbledon,2023-07-06,Grand Slam,Outdoor,Grass,2nd Round,5,Shapovalov D.,Barrere G.,29.0,49.0,1335.0,889.0,6.0,3.0,6.0,4.0,7.0,6.0,,,,,3.0,0.0,Completed,1.57,2.38,1.55,2.64,1.62,2.64,1.57,2.42
ATP,2023,38,London,Wimbledon,2023-07-06,Grand Slam,Outdoor,Grass,2nd Round,5,Rublev A.,Karatsev A.,7.0,50.0,4255.0,888.0,6.0,7.0,6.0,3.0,6.0,4.0,7.0,5.0,,,3.0,1.0,Completed,1.2,4.5,1.2,5.27,1.21,5.27,1.19,4.74
ATP,2023,38,London,Wimbledon,2023-07-06,Grand Slam,Outdoor,Grass,2nd Round,5,Broady L.,Ruud C.,142.0,4.0,422.0,4960.0,6.0,4.0,3.0,6.0,4.0,6.0,6.0,3.0,6.0,0.0,3.0,2.0,Completed,4.5,1.2,4.58,1.24,5.16,1.25,4.44,1.21
ATP,2023,38,London,Wimbledon,2023-07-06,Grand Slam,Outdoor,Grass,2nd Round,5,Galan D.E.,Otte O.,85.0,233.0,693.0,251.0,6.0,3.0,3.0,6.0,6.0,3.0,7.0,6.0,,,3.0,1.0,Completed,2.75,1.44,2.58,1.57,2.75,1.57,2.58,1.51
ATP,2023,38,London,Wimbledon,2023-07-06,Grand Slam,Outdoor,Grass,2nd Round,5,Safiullin R.,Moutet C.,92.0,71.0,663.0,768.0,7.0,5.0,6.0,3.0,7.0,6.0,,,,,3.0,0.0,Completed,1.67,2.2,1.64,2.42,1.77,2.65,1.62,2.32
ATP,2023,38,London,Wimbledon,2023-07-06,Grand Slam,Outdoor,Grass,2nd Round,5,Paul T.,Raonic M.,15.0,849.0,2250.0,20.0,6.0,4.0,7.0,6.0,6.0,7.0,6.0,4.0,,,3.0,1.0,Completed,1.44,2.75,1.52,2.73,1.54,2.91,1.47,2.72
ATP,2023,38,London,Wimbledon,2023-07-06,Grand Slam,Outdoor,Grass,2nd Round,5,Goffin D.,Barrios M.,123.0,133.0,503.0,456.0,7.0,6.0,5.0,7.0,6.0,2.0,6.0,0.0,,,3.0,1.0,Completed,1.36,3.2,1.41,3.18,1.41,3.39,1.38,3.07
ATP,2023,38,London,Wimbledon,2023-07-06,Grand Slam,Outdoor,Grass,2nd Round,5,Lehecka J.,Cerundolo F.,37.0,19.0,1083.0,1860.0,6.0,2.0,6.0,2.0,6.0,2.0,,,,,3.0,0.0,Completed,2.0,1.8,2.01,1.9,2.03,1.95,1.95,1.86
ATP,2023,38,London,Wimbledon,2023-07-06,Grand Slam,Outdoor,Grass,2nd Round,5,Pella G.,Mayot H.,308.0,181.0,170.0,321.0,2.0,6.0,6.0,3.0,7.0,6.0,7.0,5.0,,,3.0,1.0,Completed,2.2,1.67,2.37,1.66,2.45,1.79,2.23,1.67
ATP,2023,38,London,Wimbledon,2023-07-06,Grand Slam,Outdoor,Grass,2nd Round,5,Ymer M.,Fritz T.,59.0,9.0,831.0,3310.0,3.0,6.0,2.0,6.0,6.0,3.0,6.0,4.0,6.0,2.0,3.0,2.0,Completed,4.5,1.2,4.46,1.25,4.6,1.27,4.27,1.23
ATP,2023,38,London,Wimbledon,2023-07-06,Grand Slam,Outdoor,Grass,2nd Round,5,Tiafoe F.,Stricker D.,10.0,117.0,3085.0,535.0,7.0,6.0,6.0,4.0,6.0,2.0,,,,,3.0,0.0,Completed,1.2,4.5,1.2,5.33,1.22,5.45,1.19,4.77
ATP,2023,38,London,Wimbledon,2023-07-06,Grand Slam,Outdoor,Grass,2nd Round,5,Djere L.,Shelton B.,60.0,36.0,820.0,1094.0,3.0,6.0,6.0,3.0,7.0,6.0,6.0,3.0,,,3.0,1.0,Completed,2.5,1.53,2.5,1.6,2.65,1.61,2.48,1.55
ATP,2023,38,London,Wimbledon,2023-07-06,Grand Slam,Outdoor,Grass,2nd Round,5,Dimitrov G.,Ivashka I.,24.0,102.0,1430.0,607.0,6.0,3.0,6.0,4.0,6.0,4.0,,,,,3.0,0.0,Completed,1.17,5.0,1.16,6.16,1.19,6.3,1.15,5.61
ATP,2023,38,London,Wimbledon,2023-07-07,Grand Slam,Outdoor,Grass,2nd Round,5,Rune H.,Carballes Baena R.,6.0,57.0,4510.0,850.0,6.0,3.0,7.0,6.0,6.0,4.0,,,,,3.0,0.0,Completed,1.06,10.0,1.08,10.39,1.09,10.6,1.07,8.99
ATP,2023,38,London,Wimbledon,2023-07-07,Grand Slam,Outdoor,Grass,2nd Round,5,O Connell C.,Vesely J.,73.0,528.0,766.0,67.0,6.0,3.0,7.0,5.0,6.0,4.0,,,,,3.0,0.0,Completed,1.91,1.91,1.85,2.07,1.95,2.08,1.87,1.96
ATP,2023,38,London,Wimbledon,2023-07-07,Grand Slam,Outdoor,Grass,2nd Round,5,Berrettini M.,De Minaur A.,38.0,17.0,1082.0,2115.0,6.0,3.0,6.0,4.0,6.0,4.0,,,,,3.0,0.0,Completed,2.38,1.57,2.48,1.61,2.5,1.66,2.39,1.58
ATP,2023,38,London,Wimbledon,2023-07-07,Grand Slam,Outdoor,Grass,2nd Round,5,Fucsovics M.,Giron M.,67.0,65.0,777.0,795.0,7.0,6.0,6.0,3.0,4.0,6.0,6.0,4.0,,,3.0,1.0,Completed,1.36,3.2,1.46,2.95,1.46,3.2,1.41,2.95
ATP,2023,38,London,Wimbledon,2023-07-07,Grand Slam,Outdoor,Grass,2nd Round,5,Medvedev D.,Mannarino A.,3.0,35.0,5890.0,1112.0,6.0,3.0,6.0,3.0,7.0,6.0,,,,,3.0,0.0,Completed,1.22,4.33,1.3,3.94,1.3,4.33,1.26,3.93
ATP,2023,38,London,Wimbledon,2023-07-07,Grand Slam,Outdoor,Grass,2nd Round,5,Davidovich Fokina A.,Van De Zandschulp B.,34.0,44.0,1115.0,975.0,6.0,1.0,2.0,6.0,6.0,4.0,6.0,3.0,,,3.0,1.0,Completed,1.53,2.5,1.52,2.73,1.6,2.75,1.51,2.58
ATP,2023,38,London,Wimbledon,2023-07-07,Grand Slam,Outdoor,Grass,2nd Round,5,Zverev A.,Watanuki Y.,21.0,116.0,1630.0,547.0,6.0,4.0,5.0,7.0,6.0,2.0,6.0,2.0,,,3.0,1.0,Completed,1.13,6.0,1.15,6.36,1.18,6.75,1.13,6.02
ATP,2023,38,London,Wimbledon,2023-07-07,Grand Slam,Outdoor,Grass,2nd Round,5,Alcaraz C.,Muller A.,1.0,84.0,7675.0,711.0,6.0,4.0,7.0,6.0,6.0,3.0,,,,,3.0,0.0,Completed,1.02,21.0,1.02,28.92,1.03,28.92,1.02,17.2
ATP,2023,38,London,Wimbledon,2023-07-07,Grand Slam,Outdoor,Grass,2nd Round,5,Jarry N.,Kubler J.,28.0,77.0,1336.0,742.0,7.0,5.0,5.0,7.0,6.0,3.0,6.0,4.0,,,3.0,1.0,Completed,1.57,2.38,1.71,2.28,1.74,2.44,1.64,2.27
ATP,2023,38,London,Wimbledon,2023-07-07,Grand Slam,Outdoor,Grass,2nd Round,5,Eubanks C.,Norrie C.,43.0,13.0,976.0,2610.0,6.0,3.0,3.0,6.0,6.0,2.0,7.0,6.0,,,3.0,1.0,Completed,3.5,1.3,3.9,1.3,4.0,1.38,3.64,1.29
ATP,2023,38,London,Wimbledon,2023-07-07,Grand Slam,Outdoor,Grass,2nd Round,5,Tsitsipas S.,Murray A.,5.0,40.0,4670.0,1030.0,7.0,6.0,6.0,7.0,4.0,6.0,7.0,6.0,6.0,4.0,3.0,2.0,Completed,2.1,1.73,2.11,1.82,2.25,1.82,2.08,1.77
ATP,2023,38,London,Wimbledon,2023-07-07,Grand Slam,Outdoor,Grass,3rd Round,5,Hurkacz H.,Musetti L.,18.0,16.0,2060.0,2210.0,7.0,6.0,6.0,4.0,6.0,4.0,,,,,3.0,0.0,Completed,1.62,2.3,1.58,2.54,1.63,2.6,1.57,2.43
ATP,2023,38,London,Wimbledon,2023-07-07,Grand Slam,Outdoor,Grass,3rd Round,5,Sinner J.,Halys Q.,8.0,79.0,3345.0,741.0,3.0,6.0,6.0,2.0,6.0,3.0,6.0,4.0,,,3.0,1.0,Completed,1.14,5.5,1.17,5.82,1.18,6.36,1.15,5.68
ATP,2023,38,London,Wimbledon,2023-07-07,Grand Slam,Outdoor,Grass,3rd Round,5,Bublik A.,Marterer M.,26.0,170.0,1354.0,342.0,6.0,4.0,6.0,1.0,7.0,6.0,,,,,3.0,0.0,Completed,1.14,5.5,1.16,6.33,1.19,6.33,1.14,5.77
ATP,2023,38,London,Wimbledon,2023-07-07,Grand Slam,Outdoor,Grass,3rd Round,5,Galan D.E.,Ymer M.,85.0,59.0,693.0,831.0,6.0,2.0,6.0,7.0,7.0,6.0,3.0,6.0,6.0,1.0,3.0,2.0,Completed,3.0,1.4,3.59,1.34,3.6,1.42,3.22,1.35
ATP,2023,38,London,Wimbledon,2023-07-07,Grand Slam,Outdoor,Grass,3rd Round,5,Shapovalov D.,Broady L.,29.0,142.0,1335.0,422.0,4.0,6.0,6.0,2.0,7.0,5.0,7.0,5.0,,,3.0,1.0,Completed,1.29,3.75,1.31,3.8,1.33,3.9,1.3,3.58
ATP,2023,38,London,Wimbledon,2023-07-07,Grand Slam,Outdoor,Grass,3rd Round,5,Safiullin R.,Pella G.,92.0,308.0,663.0,170.0,7.0,6.0,6.0,4.0,6.0,0.0,,,,,3.0,0.0,Completed,1.44,2.75,1.45,3.0,1.5,3.02,1.44,2.83
ATP,2023,38,London,Wimbledon,2023-07-07,Grand Slam,Outdoor,Grass,3rd Round,5,Rublev A.,Goffin D.,7.0,123.0,4255.0,503.0,6.0,3.0,6.0,7.0,7.0,6.0,6.0,2.0,,,3.0,1.0,Completed,1.2,4.5,1.2,5.24,1.26,5.24,1.2,4.6
ATP,2023,38,London,Wimbledon,2023-07-07,Grand Slam,Outdoor,Grass,3rd Round,5,Djokovic N.,Wawrinka S.,2.0,88.0,7595.0,674.0,6.0,3.0,6.0,1.0,7.0,6.0,,,,,3.0,0.0,Completed,1.04,15.0,1.05,16.39,1.05,16.55,1.03,12.97
ATP,2023,38,London,Wimbledon,2023-07-08,Grand Slam,Outdoor,Grass,3rd Round,5,Lehecka J.,Paul T.,37.0,15.0,1083.0,2250.0,6.0,2.0,7.0,6.0,6.0,7.0,6.0,7.0,6.0,2.0,3.0,2.0,Completed,2.0,1.8,2.17,1.77,2.26,1.9,2.11,1.75
ATP,2023,38,London,Wimbledon,2023-07-08,Grand Slam,Outdoor,Grass,3rd Round,5,Eubanks C.,O Connell C.,43.0,73.0,976.0,766.0,7.0,6.0,7.0,6.0,7.0,6.0,,,,,3.0,0.0,Completed,1.53,2.5,1.59,2.53,1.63,2.61,1.53,2.51
ATP,2023,38,London,Wimbledon,2023-07-08,Grand Slam,Outdoor,Grass,3rd Round,5,Medvedev D.,Fucsovics M.,3.0,67.0,5890.0,777.0,4.0,6.0,6.0,3.0,6.0,4.0,6.0,4.0,,,3.0,1.0,Completed,1.22,4.33,1.21,5.0,1.35,5.0,1.22,4.37
ATP,2023,38,London,Wimbledon,2023-07-08,Grand Slam,Outdoor,Grass,3rd Round,5,Alcaraz C.,Jarry N.,1.0,28.0,7675.0,1336.0,6.0,3.0,6.0,7.0,6.0,3.0,7.0,5.0,,,3.0,1.0,Completed,1.08,8.0,1.1,9.02,1.14,9.52,1.09,7.82
ATP,2023,38,London,Wimbledon,2023-07-08,Grand Slam,Outdoor,Grass,3rd Round,5,Rune H.,Davidovich Fokina A.,6.0,34.0,4510.0,1115.0,6.0,3.0,4.0,6.0,3.0,6.0,6.0,4.0,7.0,6.0,3.0,2.0,Completed,1.4,3.0,1.49,2.83,1.5,3.36,1.42,2.92
ATP,2023,38,London,Wimbledon,2023-07-08,Grand Slam,Outdoor,Grass,3rd Round,5,Tsitsipas S.,Djere L.,5.0,60.0,4670.0,820.0,6.0,4.0,7.0,6.0,6.0,4.0,,,,,3.0,0.0,Completed,1.2,4.5,1.19,5.42,1.22,5.57,1.19,4.85
ATP,2023,38,London,Wimbledon,2023-07-08,Grand Slam,Outdoor,Grass,3rd Round,5,Berrettini M.,Zverev A.,38.0,21.0,1082.0,1630.0,6.0,3.0,7.0,6.0,7.0,6.0,,,,,3.0,0.0,Completed,2.0,1.8,2.08,1.84,2.16,1.86,2.03,1.8
ATP,2023,38,London,Wimbledon,2023-07-09,Grand Slam,Outdoor,Grass,3rd Round,3,Dimitrov G.,Tiafoe F.,24.0,10.0,1430.0,3085.0,6.0,2.0,6.0,3.0,6.0,2.0,,,,,3.0,0.0,Completed,2.0,1.8,2.0,1.91,2.05,1.92,1.97,1.85
ATP,2023,38,London,Wimbledon,2023-07-09,Grand Slam,Outdoor,Grass,4th Round,5,Rublev A.,Bublik A.,7.0,26.0,4255.0,1354.0,7.0,5.0,6.0,3.0,6.0,7.0,6.0,7.0,6.0,4.0,3.0,2.0,Completed,1.8,2.0,1.89,2.01,1.92,2.05,1.85,1.97
ATP,2023,38,London,Wimbledon,2023-07-09,Grand Slam,Outdoor,Grass,4th Round,5,Safiullin R.,Shapovalov D.,92.0,29.0,663.0,1335.0,3.0,6.0,6.0,3.0,6.0,1.0,6.0,3.0,,,3.0,1.0,Completed,2.38,1.57,2.48,1.61,2.6,1.63,2.44,1.56
ATP,2023,38,London,Wimbledon,2023-07-09,Grand Slam,Outdoor,Grass,4th Round,5,Sinner J.,Galan D.E.,8.0,85.0,3345.0,693.0,7.0,6.0,6.0,4.0,6.0,3.0,,,,,3.0,0.0,Completed,1.04,13.0,1.04,16.79,1.07,16.79,1.04,12.17
ATP,2023,38,London,Wimbledon,2023-07-10,Grand Slam,Outdoor,Grass,4th Round,5,Medvedev D.,Lehecka J.,3.0,37.0,5890.0,1083.0,6.0,4.0,6.0,2.0,,,,,,,2.0,0.0,Retired,1.25,4.0,1.27,4.19,1.28,4.3,1.25,3.98
ATP,2023,38,London,Wimbledon,2023-07-10,Grand Slam,Outdoor,Grass,4th Round,5,Eubanks C.,Tsitsipas S.,43.0,5.0,976.0,4670.0,3.0,6.0,7.0,6.0,3.0,6.0,6.0,4.0,6.0,4.0,3.0,2.0,Completed,3.2,1.36,3.46,1.36,3.51,1.4,3.23,1.35
ATP,2023,38,London,Wimbledon,2023-07-10,Grand Slam,Outdoor,Grass,4th Round,5,Djokovic N.,Hurkacz H.,2.0,18.0,7595.0,2060.0,7.0,6.0,7.0,6.0,5.0,7.0,6.0,4.0,,,3.0,1.0,Completed,1.05,11.0,1.07,12.09,1.07,12.4,1.06,10.1
ATP,2023,38,London,Wimbledon,2023-07-10,Grand Slam,Outdoor,Grass,4th Round,5,Rune H.,Dimitrov G.,6.0,24.0,4510.0,1430.0,3.0,6.0,7.0,6.0,7.0,6.0,6.0,3.0,,,3.0,1.0,Completed,2.38,1.57,2.62,1.56,2.62,1.61,2.49,1.55
ATP,2023,38,London,Wimbledon,2023-07-10,Grand Slam,Outdoor,Grass,4th Round,5,Alcaraz C.,Berrettini M.,1.0,38.0,7675.0,1082.0,3.0,6.0,6.0,3.0,6.0,3.0,6.0,3.0,,,3.0,1.0,Completed,1.4,3.0,1.39,3.27,1.45,3.27,1.38,3.06
ATP,2023,38,London,Wimbledon,2023-07-11,Grand Slam,Outdoor,Grass,Quarterfinals,5,Sinner J.,Safiullin R.,8.0,92.0,3345.0,663.0,6.0,4.0,3.0,6.0,6.0,2.0,6.0,2.0,,,3.0,1.0,Completed,1.14,5.5,1.17,6.0,1.19,6.61,1.15,5.54
ATP,2023,38,London,Wimbledon,2023-07-11,Grand Slam,Outdoor,Grass,Quarterfinals,5,Djokovic N.,Rublev A.,2.0,7.0,7595.0,4255.0,4.0,6.0,6.0,1.0,6.0,4.0,6.0,3.0,,,3.0,1.0,Completed,1.07,9.0,1.08,10.23,1.09,10.82,1.07,8.7
ATP,2023,38,London,Wimbledon,2023-07-12,Grand Slam,Outdoor,Grass,Quarterfinals,5,Medvedev D.,Eubanks C.,3.0,43.0,5890.0,976.0,6.0,4.0,1.0,6.0,4.0,6.0,7.0,6.0,6.0,1.0,3.0,2.0,Completed,1.17,5.0,1.16,6.35,1.21,6.35,1.16,5.4
ATP,2023,38,London,Wimbledon,2023-07-12,Grand Slam,Outdoor,Grass,Quarterfinals,5,Alcaraz C.,Rune H.,1.0,6.0,7675.0,4510.0,7.0,6.0,6.0,4.0,6.0,4.0,,,,,3.0,0.0,Completed,1.22,4.33,1.23,4.7,1.29,4.82,1.23,4.29
ATP,2023,38,London,Wimbledon,2023-07-14,Grand Slam,Outdoor,Grass,Semifinals,5,Djokovic N.,Sinner J.,2.0,8.0,7595.0,3345.0,6.0,3.0,6.0,4.0,7.0,6.0,,,,,3.0,0.0,Completed,1.2,4.5,1.25,4.44,1.28,4.6,1.23,4.36
ATP,2023,38,London,Wimbledon,2023-07-14,Grand Slam,Outdoor,Grass,Semifinals,5,Alcaraz C.,Medvedev D.,1.0,3.0,7675.0,5890.0,6.0,3.0,6.0,3.0,6.0,3.0,,,,,3.0,0.0,Completed,1.36,3.2,1.42,3.12,1.44,3.3,1.4,3.01
ATP,2023,38,London,Wimbledon,2023-07-16,Grand Slam,Outdoor,Grass,The Final,5,Alcaraz C.,Djokovic N.,1.0,2.0,7675.0,7595.0,1.0,6.0,7.0,6.0,6.0,1.0,3.0,6.0,6.0,4.0,3.0,2.0,Completed,2.63,1.53,2.6,1.56,2.74,1.6,2.54,1.54
ATP,2023,51,New York,US Open,2023-08-28,Grand Slam,Outdoor,Hard,1st Round,5,Shelton B.,Cachin P.,47.0,66.0,1015.0,822.0,1.0,6.0,6.0,3.0,6.0,2.0,6.0,4.0,,,3.0,1.0,Completed,1.17,5.0,1.23,4.69,1.25,6.05,1.2,4.62
ATP,2023,51,New York,US Open,2023-08-28,Grand Slam,Outdoor,Hard,1st Round,5,Ofner S.,Borges N.,58.0,79.0,868.0,754.0,7.0,6.0,3.0,6.0,7.0,6.0,6.0,4.0,,,3.0,1.0,Completed,1.67,2.2,1.83,2.1,1.84,2.22,1.76,2.08
ATP,2023,51,New York,US Open,2023-08-28,Grand Slam,Outdoor,Hard,1st Round,5,Zhang Zh.,Wolf J.J.,67.0,45.0,817.0,1025.0,7.0,5.0,7.0,5.0,6.0,7.0,4.0,6.0,6.0,3.0,3.0,2.0,Completed,3.2,1.36,3.39,1.37,3.45,1.43,3.13,1.37
ATP,2023,51,New York,US Open,2023-08-28,Grand Slam,Outdoor,Hard,1st Round,5,Cerundolo J.M.,Ivashka I.,93.0,103.0,630.0,571.0,2.0,6.0,6.0,7.0,6.0,3.0,6.0,3.0,6.0,3.0,3.0,2.0,Completed,3.0,1.4,3.22,1.4,3.22,1.47,3.03,1.39
ATP,2023,51,New York,US Open,2023-08-28,Grand Slam,Outdoor,Hard,1st Round,5,Marozsan F.,Gasquet R.,92.0,55.0,635.0,915.0,6.0,3.0,6.0,1.0,6.0,7.0,6.0,7.0,6.0,2.0,3.0,2.0,Completed,2.75,1.44,2.9,1.47,3.1,1.52,2.75,1.46
ATP,2023,51,New York,US Open,2023-08-28,Grand Slam,Outdoor,Hard,1st Round,5,Mannarino A.,Watanuki Y.,35.0,85.0,1206.0,686.0,7.0,5.0,6.0,7.0,6.0,3.0,7.0,5.0,,,3.0,1.0,Completed,1.5,2.63,1.56,2.59,1.67,2.63,1.53,2.54
ATP,2023,51,New York,US Open,2023-08-28,Grand Slam,Outdoor,Hard,1st Round,5,Thiem D.,Bublik A.,81.0,27.0,726.0,1384.0,6.0,3.0,6.0,2.0,6.0,4.0,,,,,3.0,0.0,Completed,2.38,1.57,2.41,1.65,2.55,1.69,2.38,1.59
ATP,2023,51,New York,US Open,2023-08-28,Grand Slam,Outdoor,Hard,1st Round,5,Davidovich Fokina A.,Giron M.,21.0,62.0,1525.0,850.0,6.0,4.0,6.0,4.0,6.0,2.0,,,,,3.0,0.0,Completed,1.44,2.75,1.49,2.84,1.49,3.07,1.44,2.82
ATP,2023,51,New York,US Open,2023-08-28,Grand Slam,Outdoor,Hard,1st Round,5,Carballes Baena R.,Rune H.,63.0,4.0,840.0,4790.0,6.0,3.0,4.0,6.0,6.0,3.0,6.0,2.0,,,3.0,1.0,Completed,6.0,1.13,8.09,1.11,8.09,1.15,6.65,1.11
ATP,2023,51,New York,US Open,2023-08-28,Grand Slam,Outdoor,Hard,1st Round,5,Ruud C.,Nava E.,5.0,154.0,4715.0,402.0,7.0,6.0,3.0,6.0,6.0,4.0,7.0,6.0,,,3.0,1.0,Completed,1.14,5.5,1.17,5.85,1.19,5.85,1.15,5.41
ATP,2023,51,New York,US Open,2023-08-28,Grand Slam,Outdoor,Hard,1st Round,5,Tiafoe F.,Tien L.,10.0,700.0,3050.0,39.0,6.0,2.0,7.0,5.0,6.0,1.0,,,,,3.0,0.0,Completed,1.03,17.0,1.03,25.44,1.07,25.44,1.02,16.12
ATP,2023,51,New York,US Open,2023-08-28,Grand Slam,Outdoor,Hard,1st Round,5,Mensik J.,Barrere G.,206.0,59.0,305.0,864.0,6.0,4.0,4.0,6.0,7.0,6.0,6.0,2.0,,,3.0,1.0,Completed,2.1,1.73,2.13,1.8,2.2,1.81,2.08,1.76
ATP,2023,51,New York,US Open,2023-08-28,Grand Slam,Outdoor,Hard,1st Round,5,Djere L.,Nakashima B.,38.0,68.0,1110.0,815.0,7.0,5.0,6.0,4.0,6.0,4.0,,,,,3.0,0.0,Completed,2.75,1.44,3.11,1.42,3.2,1.48,2.93,1.41
ATP,2023,51,New York,US Open,2023-08-28,Grand Slam,Outdoor,Hard,1st Round,5,Hijikata R.,Kotov P.,110.0,98.0,547.0,603.0,7.0,5.0,5.0,7.0,6.0,3.0,7.0,5.0,,,3.0,1.0,Completed,1.73,2.1,1.86,2.05,1.88,2.11,1.79,2.04
ATP,2023,51,New York,US Open,2023-08-28,Grand Slam,Outdoor,Hard,1st Round,5,Fucsovics M.,Korda S.,57.0,31.0,898.0,1330.0,7.0,6.0,4.0,6.0,7.0,6.0,4.0,6.0,6.0,4.0,3.0,2.0,Completed,2.75,1.44,3.1,1.42,3.13,1.5,2.9,1.42
ATP,2023,51,New York,US Open,2023-08-28,Grand Slam,Outdoor,Hard,1st Round,5,Cerundolo F.,Svajda Z.,20.0,234.0,1600.0,271.0,5.0,7.0,6.0,4.0,6.0,4.0,6.0,3.0,,,3.0,1.0,Completed,1.3,3.5,1.37,3.38,1.37,3.6,1.34,3.31
ATP,2023,51,New York,US Open,2023-08-28,Grand Slam,Outdoor,Hard,1st Round,5,Varillas J.P.,Kecmanovic M.,74.0,46.0,779.0,1020.0,1.0,6.0,7.0,5.0,7.0,5.0,6.0,4.0,,,3.0,1.0,Completed,4.5,1.2,4.97,1.22,5.06,1.23,4.59,1.2
ATP,2023,51,New York,US Open,2023-08-28,Grand Slam,Outdoor,Hard,1st Round,5,Vesely J.,Couacaud E.,437.0,180.0,104.0,340.0,5.0,7.0,6.0,3.0,6.0,2.0,3.0,6.0,6.0,4.0,3.0,2.0,Completed,2.5,1.53,2.58,1.57,2.61,1.59,2.47,1.55
ATP,2023,51,New York,US Open,2023-08-28,Grand Slam,Outdoor,Hard,1st Round,5,Droguet T.,Musetti L.,171.0,18.0,359.0,2005.0,6.0,3.0,0.0,6.0,6.0,7.0,6.0,3.0,6.0,2.0,3.0,2.0,Completed,6.5,1.11,7.81,1.12,7.85,1.12,6.89,1.1
ATP,2023,51,New York,US Open,2023-08-28,Grand Slam,Outdoor,Hard,1st Round,5,Fritz T.,Johnson S.,9.0,205.0,3605.0,305.0,6.0,2.0,6.0,1.0,6.0,2.0,,,,,3.0,0.0,Completed,1.04,13.0,1.05,14.7,1.08,14.7,1.04,11.61
ATP,2023,51,New York,US Open,2023-08-28,Grand Slam,Outdoor,Hard,1st Round,5,Zapata Miralles B.,Quinn E.,76.0,475.0,776.0,90.0,6.0,4.0,6.0,4.0,6.0,3.0,,,,,3.0,0.0,Completed,1.4,3.0,1.45,2.99,1.53,3.23,1.42,2.91
ATP,2023,51,New York,US Open,2023-08-28,Grand Slam,Outdoor,Hard,1st Round,5,Karatsev A.,Lehecka J.,77.0,29.0,773.0,1338.0,6.0,3.0,6.0,3.0,6.0,3.0,,,,,3.0,0.0,Completed,2.63,1.5,2.67,1.54,2.67,1.55,2.59,1.51
ATP,2023,51,New York,US Open,2023-08-28,Grand Slam,Outdoor,Hard,1st Round,5,Paul T.,Travaglia S.,14.0,233.0,2570.0,272.0,6.0,2.0,6.0,3.0,4.0,6.0,6.0,1.0,,,3.0,1.0,Completed,1.06,10.0,1.06,12.9,1.09,12.94,1.05,10.55
ATP,2023,51,New York,US Open,2023-08-28,Grand Slam,Outdoor,Hard,1st Round,5,Eubanks C.,Kwon S.W.,30.0,104.0,1338.0,568.0,6.0,3.0,6.0,4.0,0.0,6.0,6.0,4.0,,,3.0,1.0,Completed,1.25,4.0,1.3,3.9,1.3,4.0,1.28,3.74
ATP,2023,51,New York,US Open,2023-08-28,Grand Slam,Outdoor,Hard,1st Round,5,Mcdonald M.,Auger-Aliassime F.,40.0,15.0,1085.0,2375.0,7.0,6.0,4.0,6.0,6.0,1.0,6.0,4.0,,,3.0,1.0,Completed,2.2,1.67,2.19,1.76,2.22,1.77,2.14,1.72
ATP,2023,51,New York,US Open,2023-08-28,Grand Slam,Outdoor,Hard,1st Round,5,Safiullin R.,Cecchinato M.,60.0,109.0,857.0,549.0,6.0,4.0,6.0,2.0,6.0,0.0,,,,,3.0,0.0,Completed,1.07,9.0,1.09,9.79,1.09,12.0,1.07,8.84
ATP,2023,51,New York,US Open,2023-08-28,Grand Slam,Outdoor,Hard,1st Round,5,Bonzi B.,Halys Q.,108.0,70.0,555.0,805.0,5.0,7.0,6.0,4.0,6.0,4.0,6.0,4.0,,,3.0,1.0,Completed,2.38,1.57,2.74,1.52,2.74,1.59,2.53,1.53
ATP,2023,51,New York,US Open,2023-08-28,Grand Slam,Outdoor,Hard,1st Round,5,Stricker D.,Popyrin A.,128.0,41.0,480.0,1065.0,6.0,3.0,6.0,4.0,3.0,6.0,6.0,3.0,,,3.0,1.0,Completed,2.38,1.57,2.55,1.58,2.56,1.62,2.42,1.57
ATP,2023,51,New York,US Open,2023-08-28,Grand Slam,Outdoor,Hard,1st Round,5,Gaston H.,Shimabukuro S.,99.0,158.0,598.0,400.0,6.0,2.0,6.0,1.0,7.0,6.0,,,,,3.0,0.0,Completed,1.8,2.0,1.79,2.14,1.82,2.16,1.78,2.06
ATP,2023,51,New York,US Open,2023-08-29,Grand Slam,Outdoor,Hard,1st Round,5,Tsitsipas S.,Raonic M.,7.0,337.0,4580.0,155.0,6.0,2.0,6.0,3.0,6.0,4.0,,,,,3.0,0.0,Completed,1.29,3.75,1.31,3.87,1.33,4.0,1.3,3.59
ATP,2023,51,New York,US Open,2023-08-29,Grand Slam,Outdoor,Hard,1st Round,5,Gojo B.,Dellien H.,105.0,147.0,559.0,422.0,6.0,3.0,6.0,3.0,6.0,1.0,,,,,3.0,0.0,Completed,1.13,6.0,1.14,6.76,1.15,7.12,1.13,6.13
ATP,2023,51,New York,US Open,2023-08-29,Grand Slam,Outdoor,Hard,1st Round,5,Djokovic N.,Muller A.,2.0,84.0,9795.0,697.0,6.0,0.0,6.0,2.0,6.0,3.0,,,,,3.0,0.0,Completed,1.01,29.0,1.01,53.65,1.02,53.65,1.01,23.07
ATP,2023,51,New York,US Open,2023-08-29,Grand Slam,Outdoor,Hard,1st Round,5,Berrettini M.,Humbert U.,36.0,33.0,1147.0,1258.0,6.0,4.0,6.0,2.0,6.0,2.0,,,,,3.0,0.0,Completed,1.57,2.38,1.52,2.72,1.59,2.73,1.52,2.57
ATP,2023,51,New York,US Open,2023-08-29,Grand Slam,Outdoor,Hard,1st Round,5,Meligeni Alves F.,Duckworth J.,168.0,111.0,369.0,538.0,6.0,4.0,7.0,6.0,6.0,3.0,,,,,3.0,0.0,Completed,1.73,2.1,1.78,2.17,1.78,2.25,1.73,2.14
ATP,2023,51,New York,US Open,2023-08-29,Grand Slam,Outdoor,Hard,1st Round,5,Arnaldi M.,Kubler J.,61.0,87.0,855.0,678.0,6.0,3.0,1.0,0.0,,,,,,,1.0,0.0,Retired,1.8,2.0,2.01,1.89,2.01,2.02,1.91,1.91
ATP,2023,51,New York,US Open,2023-08-29,Grand Slam,Outdoor,Hard,1st Round,5,O Connell C.,Purcell M.,69.0,43.0,811.0,1048.0,6.0,4.0,6.0,3.0,3.0,6.0,7.0,6.0,,,3.0,1.0,Completed,2.75,1.44,2.66,1.54,2.81,1.55,2.64,1.49
ATP,2023,51,New York,US Open,2023-08-29,Grand Slam,Outdoor,Hard,1st Round,5,Fils A.,Griekspoor T.,48.0,24.0,1007.0,1446.0,4.0,6.0,6.0,3.0,5.0,7.0,6.0,4.0,7.0,5.0,3.0,2.0,Completed,2.38,1.57,2.44,1.63,2.48,1.65,2.38,1.59
ATP,2023,51,New York,US Open,2023-08-29,Grand Slam,Outdoor,Hard,1st Round,5,Jarry N.,Van Assche L.,25.0,64.0,1439.0,831.0,6.0,3.0,3.0,6.0,6.0,2.0,7.0,6.0,,,3.0,1.0,Completed,1.44,2.75,1.46,2.95,1.5,2.95,1.46,2.77
ATP,2023,51,New York,US Open,2023-08-29,Grand Slam,Outdoor,Hard,1st Round,5,Rinderknech A.,Schwartzman D.,73.0,114.0,781.0,531.0,6.0,3.0,6.0,4.0,6.0,2.0,,,,,3.0,0.0,Completed,2.3,1.62,2.23,1.74,2.42,1.74,2.26,1.65
ATP,2023,51,New York,US Open,2023-08-29,Grand Slam,Outdoor,Hard,1st Round,5,Zverev A.,Vukic A.,12.0,50.0,2670.0,953.0,6.0,4.0,6.0,4.0,6.0,4.0,,,,,3.0,0.0,Completed,1.08,8.0,1.11,8.25,1.11,8.4,1.09,7.59
ATP,2023,51,New York,US Open,2023-08-29,Grand Slam,Outdoor,Hard,1st Round,5,Medvedev D.,Balazs A.,3.0,,6260.0,,6.0,1.0,6.0,1.0,6.0,0.0,,,,,3.0,0.0,Completed,1.0,67.0,1.01,64.19,1.01,67.0,1.01,34.68
ATP,2023,51,New York,US Open,2023-08-29,Grand Slam,Outdoor,Hard,1st Round,5,Mmoh M.,Khachanov K.,89.0,11.0,644.0,2845.0,6.0,2.0,6.0,4.0,6.0,2.0,,,,,3.0,0.0,Completed,2.38,1.57,2.63,1.55,2.63,1.64,2.41,1.57
ATP,2023,51,New York,US Open,2023-08-29,Grand Slam,Outdoor,Hard,1st Round,5,Michelsen A.,Ramos-Vinolas A.,127.0,88.0,481.0,653.0,6.0,4.0,6.0,3.0,6.0,4.0,,,,,3.0,0.0,Completed,1.29,3.75,1.35,3.51,1.35,4.0,1.3,3.58
ATP,2023,51,New York,US Open,2023-08-29,Grand Slam,Outdoor,Hard,1st Round,5,Altmaier D.,Lestienne C.,53.0,101.0,936.0,582.0,6.0,7.0,6.0,3.0,6.0,1.0,6.0,2.0,,,3.0,1.0,Completed,1.8,2.0,1.91,1.99,1.92,2.05,1.84,1.98
ATP,2023,51,New York,US Open,2023-08-29,Grand Slam,Outdoor,Hard,1st Round,5,Norrie C.,Shevchenko A.,16.0,83.0,2075.0,699.0,6.0,3.0,6.0,2.0,6.0,2.0,,,,,3.0,0.0,Completed,1.2,4.5,1.23,4.77,1.25,4.82,1.21,4.44
ATP,2023,51,New York,US Open,2023-08-29,Grand Slam,Outdoor,Hard,1st Round,5,Dimitrov G.,Molcan A.,19.0,115.0,1690.0,530.0,6.0,7.0,6.0,7.0,6.0,1.0,7.0,5.0,7.0,6.0,3.0,2.0,Completed,1.17,5.0,1.17,5.92,1.18,6.65,1.15,5.5
ATP,2023,51,New York,US Open,2023-08-29,Grand Slam,Outdoor,Hard,1st Round,5,Hsu Y.,Kokkinakis T.,237.0,78.0,268.0,766.0,6.0,3.0,6.0,4.0,3.0,6.0,6.0,3.0,,,3.0,1.0,Completed,5.0,1.17,5.64,1.18,5.8,1.18,5.27,1.16
ATP,2023,51,New York,US Open,2023-08-29,Grand Slam,Outdoor,Hard,1st Round,5,Murray A.,Moutet C.,37.0,72.0,1120.0,801.0,6.0,2.0,7.0,5.0,6.0,3.0,,,,,3.0,0.0,Completed,1.25,4.0,1.32,3.78,1.33,4.01,1.29,3.65
ATP,2023,51,New York,US Open,2023-08-29,Grand Slam,Outdoor,Hard,1st Round,5,Baez S.,Coric B.,32.0,23.0,1295.0,1450.0,7.0,5.0,7.0,5.0,6.0,1.0,,,,,3.0,0.0,Completed,2.63,1.5,2.79,1.5,2.83,1.55,2.67,1.48
ATP,2023,51,New York,US Open,2023-08-29,Grand Slam,Outdoor,Hard,1st Round,5,Rublev A.,Cazaux A.,8.0,119.0,4515.0,520.0,6.0,4.0,7.0,6.0,6.0,1.0,,,,,3.0,0.0,Completed,1.14,5.5,1.14,6.55,1.18,7.0,1.15,5.66
ATP,2023,51,New York,US Open,2023-08-29,Grand Slam,Outdoor,Hard,1st Round,5,Isner J.,Diaz Acosta F.,157.0,94.0,400.0,629.0,6.0,4.0,6.0,3.0,7.0,6.0,,,,,3.0,0.0,Completed,1.4,3.0,1.39,3.29,1.4,3.32,1.38,3.09
ATP,2023,51,New York,US Open,2023-08-29,Grand Slam,Outdoor,Hard,1st Round,5,Draper J.,Albot R.,123.0,102.0,491.0,576.0,6.0,1.0,6.0,4.0,6.0,3.0,,,,,3.0,0.0,Completed,1.25,4.0,1.24,4.56,1.29,4.68,1.24,4.12
ATP,2023,51,New York,US Open,2023-08-29,Grand Slam,Outdoor,Hard,1st Round,5,Van De Zandschulp B.,Thompson J.,65.0,51.0,825.0,951.0,6.0,3.0,,,,,,,,,1.0,0.0,Retired,3.0,1.4,2.98,1.45,3.0,1.47,2.85,1.43
ATP,2023,51,New York,US Open,2023-08-29,Grand Slam,Outdoor,Hard,1st Round,5,De Minaur A.,Skatov T.,13.0,129.0,2595.0,477.0,6.0,2.0,3.0,6.0,6.0,1.0,7.0,5.0,,,3.0,1.0,Completed,1.04,13.0,1.05,14.37,1.05,14.37,1.04,12.06
ATP,2023,51,New York,US Open,2023-08-29,Grand Slam,Outdoor,Hard,1st Round,5,Evans D.,Galan D.E.,28.0,71.0,1381.0,804.0,6.0,4.0,6.0,2.0,7.0,5.0,,,,,3.0,0.0,Completed,1.33,3.4,1.39,3.3,1.39,3.4,1.35,3.23
ATP,2023,51,New York,US Open,2023-08-29,Grand Slam,Outdoor,Hard,1st Round,5,Sonego L.,Moreno De Alboran N.,39.0,131.0,1105.0,470.0,6.0,3.0,6.0,4.0,6.0,2.0,,,,,3.0,0.0,Completed,1.3,3.5,1.35,3.54,1.35,3.65,1.31,3.47
ATP,2023,51,New York,US Open,2023-08-29,Grand Slam,Outdoor,Hard,1st Round,5,Wu Y.,Lajovic D.,86.0,52.0,683.0,938.0,3.0,6.0,6.0,4.0,2.0,6.0,6.0,4.0,6.0,2.0,3.0,2.0,Completed,1.8,2.0,1.98,1.93,2.0,2.0,1.91,1.9
ATP,2023,51,New York,US Open,2023-08-29,Grand Slam,Outdoor,Hard,1st Round,5,Wawrinka S.,Nishioka Y.,49.0,44.0,1004.0,1025.0,7.0,6.0,6.0,2.0,6.0,4.0,,,,,3.0,0.0,Completed,1.44,2.75,1.45,2.97,1.49,2.97,1.44,2.79
ATP,2023,51,New York,US Open,2023-08-29,Grand Slam,Outdoor,Hard,1st Round,5,Hurkacz H.,Huesler M.A.,17.0,97.0,2035.0,604.0,4.0,6.0,5.0,7.0,7.0,6.0,6.0,3.0,6.0,1.0,3.0,2.0,Completed,1.07,9.0,1.08,10.98,1.09,11.2,1.07,8.87
ATP,2023,51,New York,US Open,2023-08-29,Grand Slam,Outdoor,Hard,1st Round,5,Monfils G.,Daniel T.,162.0,95.0,387.0,618.0,4.0,6.0,6.0,4.0,6.0,2.0,7.0,6.0,,,3.0,1.0,Completed,1.36,3.2,1.35,3.49,1.39,3.69,1.34,3.31
ATP,2023,51,New York,US Open,2023-08-29,Grand Slam,Outdoor,Hard,1st Round,5,Etcheverry T.,Virtanen O.,34.0,133.0,1250.0,456.0,6.0,3.0,6.0,7.0,1.0,6.0,6.0,4.0,7.0,6.0,3.0,2.0,Completed,1.53,2.5,1.6,2.5,1.62,2.55,1.56,2.45
ATP,2023,51,New York,US Open,2023-08-29,Grand Slam,Outdoor,Hard,1st Round,5,Harris L.,Pella G.,177.0,203.0,347.0,305.0,7.0,6.0,6.0,4.0,6.0,4.0,,,,,3.0,0.0,Completed,1.36,3.2,1.4,3.21,1.41,3.27,1.37,3.08
ATP,2023,51,New York,US Open,2023-08-30,Grand Slam,Outdoor,Hard,1st Round,5,Sinner J.,Hanfmann Y.,6.0,54.0,4645.0,929.0,6.0,3.0,6.0,1.0,6.0,1.0,,,,,3.0,0.0,Completed,1.03,17.0,1.04,18.84,1.04,18.84,1.03,14.19
ATP,2023,51,New York,US Open,2023-08-30,Grand Slam,Outdoor,Hard,1st Round,5,Alcaraz C.,Koepfer D.,1.0,75.0,9815.0,777.0,6.0,2.0,3.0,2.0,,,,,,,1.0,0.0,Retired,1.01,23.0,1.02,28.61,1.03,29.25,1.02,17.6
ATP,2023,51,New York,US Open,2023-08-30,Grand Slam,Outdoor,Hard,2nd Round,5,Gojo B.,Mcdonald M.,105.0,40.0,559.0,1085.0,6.0,3.0,6.0,4.0,6.0,4.0,,,,,3.0,0.0,Completed,2.75,1.44,2.86,1.48,2.89,1.52,2.75,1.46
ATP,2023,51,New York,US Open,2023-08-30,Grand Slam,Outdoor,Hard,2nd Round,5,Stricker D.,Tsitsipas S.,128.0,7.0,480.0,4580.0,7.0,5.0,6.0,7.0,6.0,7.0,7.0,6.0,6.0,3.0,3.0,2.0,Completed,6.0,1.13,6.63,1.15,6.88,1.15,6.11,1.13
ATP,2023,51,New York,US Open,2023-08-30,Grand Slam,Outdoor,Hard,2nd Round,5,Djere L.,Gaston H.,38.0,99.0,1110.0,598.0,6.0,1.0,6.0,2.0,6.0,3.0,,,,,3.0,0.0,Completed,1.44,2.75,1.52,2.71,1.54,2.88,1.48,2.68
ATP,2023,51,New York,US Open,2023-08-30,Grand Slam,Outdoor,Hard,2nd Round,5,Karatsev A.,Carballes Baena R.,77.0,63.0,773.0,840.0,6.0,2.0,4.0,6.0,6.0,3.0,7.0,6.0,,,3.0,1.0,Completed,1.33,3.4,1.37,3.38,1.4,3.4,1.35,3.25
ATP,2023,51,New York,US Open,2023-08-30,Grand Slam,Outdoor,Hard,2nd Round,5,Bonzi B.,Eubanks C.,108.0,30.0,555.0,1338.0,7.0,6.0,2.0,6.0,6.0,2.0,7.0,6.0,,,3.0,1.0,Completed,2.63,1.5,2.67,1.54,2.7,1.56,2.56,1.52
ATP,2023,51,New York,US Open,2023-08-30,Grand Slam,Outdoor,Hard,2nd Round,5,Djokovic N.,Zapata Miralles B.,2.0,76.0,9795.0,776.0,6.0,4.0,6.0,1.0,6.0,1.0,,,,,3.0,0.0,Completed,1.01,34.0,1.01,29.09,1.02,57.18,1.01,25.68
ATP,2023,51,New York,US Open,2023-08-30,Grand Slam,Outdoor,Hard,2nd Round,5,Vesely J.,Cerundolo F.,437.0,20.0,104.0,1600.0,7.0,6.0,6.0,2.0,3.0,6.0,2.0,6.0,7.0,6.0,3.0,2.0,Completed,4.5,1.2,4.54,1.24,4.54,1.25,4.35,1.22
ATP,2023,51,New York,US Open,2023-08-30,Grand Slam,Outdoor,Hard,2nd Round,5,Mannarino A.,Marozsan F.,35.0,92.0,1206.0,635.0,3.0,6.0,6.0,3.0,6.0,4.0,6.0,1.0,,,3.0,1.0,Completed,1.3,3.5,1.36,3.48,1.36,3.53,1.33,3.35
ATP,2023,51,New York,US Open,2023-08-30,Grand Slam,Outdoor,Hard,2nd Round,5,Shelton B.,Thiem D.,47.0,81.0,1015.0,726.0,7.0,6.0,1.0,0.0,,,,,,,1.0,0.0,Retired,1.73,2.1,1.86,2.05,1.86,2.14,1.79,2.05
ATP,2023,51,New York,US Open,2023-08-30,Grand Slam,Outdoor,Hard,2nd Round,5,Hijikata R.,Fucsovics M.,110.0,57.0,547.0,898.0,6.0,1.0,6.0,2.0,6.0,1.0,,,,,3.0,0.0,Completed,3.4,1.33,3.49,1.36,3.5,1.38,3.32,1.34
ATP,2023,51,New York,US Open,2023-08-30,Grand Slam,Outdoor,Hard,2nd Round,5,Paul T.,Safiullin R.,14.0,60.0,2570.0,857.0,3.0,6.0,2.0,6.0,6.0,2.0,6.0,4.0,6.0,3.0,3.0,2.0,Completed,1.3,3.5,1.28,4.12,1.31,4.12,1.28,3.74
ATP,2023,51,New York,US Open,2023-08-30,Grand Slam,Outdoor,Hard,2nd Round,5,Davidovich Fokina A.,Cerundolo J.M.,21.0,93.0,1525.0,630.0,6.0,1.0,6.0,4.0,6.0,3.0,,,,,3.0,0.0,Completed,1.07,9.0,1.09,9.8,1.09,10.2,1.07,8.71
ATP,2023,51,New York,US Open,2023-08-30,Grand Slam,Outdoor,Hard,2nd Round,5,Mensik J.,Droguet T.,206.0,171.0,305.0,359.0,3.0,6.0,6.0,2.0,7.0,6.0,6.0,3.0,,,3.0,1.0,Completed,1.67,2.2,1.78,2.17,1.8,2.35,1.7,2.18
ATP,2023,51,New York,US Open,2023-08-30,Grand Slam,Outdoor,Hard,2nd Round,5,Zhang Zh.,Ruud C.,67.0,5.0,817.0,4715.0,6.0,4.0,5.0,7.0,6.0,2.0,0.0,6.0,6.0,2.0,3.0,2.0,Completed,4.5,1.2,4.97,1.22,5.0,1.23,4.6,1.2
ATP,2023,51,New York,US Open,2023-08-31,Grand Slam,Outdoor,Hard,2nd Round,5,Tiafoe F.,Ofner S.,10.0,58.0,3050.0,868.0,6.0,3.0,6.0,1.0,6.0,4.0,,,,,3.0,0.0,Completed,1.17,5.0,1.15,6.54,1.18,6.54,1.15,5.59
ATP,2023,51,New York,US Open,2023-08-31,Grand Slam,Outdoor,Hard,2nd Round,5,Fritz T.,Varillas J.P.,9.0,74.0,3605.0,779.0,6.0,1.0,6.0,2.0,6.0,2.0,,,,,3.0,0.0,Completed,1.03,15.0,1.03,20.4,1.04,20.4,1.02,14.68
ATP,2023,51,New York,US Open,2023-08-31,Grand Slam,Outdoor,Hard,2nd Round,5,Sinner J.,Sonego L.,6.0,39.0,4645.0,1105.0,6.0,4.0,6.0,2.0,6.0,4.0,,,,,3.0,0.0,Completed,1.11,6.5,1.11,8.19,1.14,8.19,1.12,6.62
ATP,2023,51,New York,US Open,2023-08-31,Grand Slam,Outdoor,Hard,2nd Round,5,Mmoh M.,Isner J.,89.0,157.0,644.0,400.0,3.0,6.0,4.0,6.0,7.0,6.0,6.0,4.0,7.0,6.0,3.0,2.0,Completed,1.8,2.0,1.83,2.09,1.88,2.11,1.83,2.0
ATP,2023,51,New York,US Open,2023-08-31,Grand Slam,Outdoor,Hard,2nd Round,5,Draper J.,Hurkacz H.,123.0,17.0,491.0,2035.0,6.0,2.0,6.0,4.0,7.0,5.0,,,,,3.0,0.0,Completed,2.63,1.5,2.82,1.5,2.92,1.55,2.68,1.48
ATP,2023,51,New York,US Open,2023-08-31,Grand Slam,Outdoor,Hard,2nd Round,5,Zverev A.,Altmaier D.,12.0,53.0,2670.0,936.0,7.0,6.0,3.0,6.0,6.0,4.0,6.0,3.0,,,3.0,1.0,Completed,1.06,10.0,1.09,9.9,1.09,10.09,1.07,8.65
ATP,2023,51,New York,US Open,2023-08-31,Grand Slam,Outdoor,Hard,2nd Round,5,Dimitrov G.,Murray A.,19.0,37.0,1690.0,1120.0,6.0,3.0,6.0,4.0,6.0,1.0,,,,,3.0,0.0,Completed,1.8,2.0,1.73,2.24,1.85,2.24,1.75,2.1
ATP,2023,51,New York,US Open,2023-08-31,Grand Slam,Outdoor,Hard,2nd Round,5,Rinderknech A.,Berrettini M.,73.0,36.0,781.0,1147.0,6.0,4.0,5.0,3.0,,,,,,,1.0,0.0,Retired,4.5,1.2,5.25,1.2,5.25,1.22,4.6,1.2
ATP,2023,51,New York,US Open,2023-08-31,Grand Slam,Outdoor,Hard,2nd Round,5,Arnaldi M.,Fils A.,61.0,48.0,855.0,1007.0,3.0,6.0,7.0,5.0,7.0,6.0,5.0,7.0,6.0,4.0,3.0,2.0,Completed,2.3,1.62,2.54,1.58,2.54,1.66,2.36,1.6
ATP,2023,51,New York,US Open,2023-08-31,Grand Slam,Outdoor,Hard,2nd Round,5,De Minaur A.,Wu Y.,13.0,86.0,2595.0,683.0,6.0,1.0,6.0,2.0,6.0,1.0,,,,,3.0,0.0,Completed,1.22,4.33,1.22,4.87,1.25,5.0,1.21,4.44
ATP,2023,51,New York,US Open,2023-08-31,Grand Slam,Outdoor,Hard,2nd Round,5,Wawrinka S.,Etcheverry T.,49.0,34.0,1004.0,1250.0,7.0,6.0,6.0,7.0,6.0,3.0,6.0,2.0,,,3.0,1.0,Completed,1.3,3.5,1.31,3.8,1.33,3.8,1.3,3.56
ATP,2023,51,New York,US Open,2023-08-31,Grand Slam,Outdoor,Hard,2nd Round,5,Norrie C.,Hsu Y.,16.0,237.0,2075.0,268.0,7.0,5.0,6.0,4.0,6.0,4.0,,,,,3.0,0.0,Completed,1.07,9.0,1.1,8.84,1.1,10.2,1.07,8.5
ATP,2023,51,New York,US Open,2023-08-31,Grand Slam,Outdoor,Hard,2nd Round,5,Jarry N.,Michelsen A.,25.0,127.0,1439.0,481.0,4.0,6.0,6.0,3.0,6.0,3.0,6.0,3.0,,,3.0,1.0,Completed,1.62,2.3,1.6,2.51,1.63,2.51,1.58,2.41
ATP,2023,51,New York,US Open,2023-08-31,Grand Slam,Outdoor,Hard,2nd Round,5,Rublev A.,Monfils G.,8.0,162.0,4515.0,387.0,6.0,4.0,6.0,3.0,3.0,6.0,6.0,1.0,,,3.0,1.0,Completed,1.4,3.0,1.41,3.15,1.5,3.16,1.4,2.97
ATP,2023,51,New York,US Open,2023-08-31,Grand Slam,Outdoor,Hard,2nd Round,5,Evans D.,Van De Zandschulp B.,28.0,65.0,1381.0,825.0,1.0,6.0,6.0,1.0,6.0,3.0,6.0,3.0,,,3.0,1.0,Completed,1.57,2.38,1.56,2.62,1.6,2.62,1.54,2.48
ATP,2023,51,New York,US Open,2023-09-01,Grand Slam,Outdoor,Hard,2nd Round,5,Baez S.,Meligeni Alves F.,32.0,168.0,1295.0,369.0,6.0,7.0,6.0,4.0,6.0,4.0,,,,,2.0,1.0,Retired,1.25,4.0,1.27,4.2,1.27,4.3,1.24,4.07
ATP,2023,51,New York,US Open,2023-09-01,Grand Slam,Outdoor,Hard,2nd Round,5,Alcaraz C.,Harris L.,1.0,177.0,9815.0,347.0,6.0,3.0,6.0,1.0,7.0,6.0,,,,,3.0,0.0,Completed,1.03,15.0,1.02,26.53,1.04,26.53,1.02,15.04
ATP,2023,51,New York,US Open,2023-09-01,Grand Slam,Outdoor,Hard,2nd Round,5,Medvedev D.,O Connell C.,3.0,69.0,6260.0,811.0,6.0,2.0,6.0,2.0,6.0,7.0,6.0,2.0,,,3.0,1.0,Completed,1.03,15.0,1.04,19.21,1.04,19.21,1.03,14.22
ATP,2023,51,New York,US Open,2023-09-01,Grand Slam,Outdoor,Hard,3rd Round,5,Paul T.,Davidovich Fokina A.,14.0,21.0,2570.0,1525.0,6.0,1.0,6.0,0.0,3.0,6.0,6.0,3.0,,,3.0,1.0,Completed,1.67,2.2,1.67,2.35,1.71,2.35,1.66,2.25
ATP,2023,51,New York,US Open,2023-09-01,Grand Slam,Outdoor,Hard,3rd Round,5,Shelton B.,Karatsev A.,47.0,77.0,1015.0,773.0,6.0,4.0,3.0,6.0,6.0,2.0,6.0,0.0,,,3.0,1.0,Completed,1.62,2.3,1.65,2.4,1.65,2.48,1.6,2.36
ATP,2023,51,New York,US Open,2023-09-01,Grand Slam,Outdoor,Hard,3rd Round,5,Tiafoe F.,Mannarino A.,10.0,35.0,3050.0,1206.0,4.0,6.0,6.0,2.0,6.0,3.0,7.0,6.0,,,3.0,1.0,Completed,1.29,3.75,1.3,3.9,1.3,4.0,1.29,3.69
ATP,2023,51,New York,US Open,2023-09-01,Grand Slam,Outdoor,Hard,3rd Round,5,Hijikata R.,Zhang Zh.,110.0,67.0,547.0,817.0,6.0,3.0,6.0,3.0,4.0,6.0,6.0,3.0,,,3.0,1.0,Completed,2.3,1.62,2.45,1.62,2.46,1.65,2.34,1.61
ATP,2023,51,New York,US Open,2023-09-01,Grand Slam,Outdoor,Hard,3rd Round,5,Stricker D.,Bonzi B.,128.0,108.0,480.0,555.0,2.0,6.0,7.0,5.0,7.0,6.0,3.0,6.0,6.0,2.0,3.0,2.0,Completed,1.67,2.2,1.66,2.38,1.68,2.39,1.64,2.27
ATP,2023,51,New York,US Open,2023-09-02,Grand Slam,Outdoor,Hard,3rd Round,5,Fritz T.,Mensik J.,9.0,206.0,3605.0,305.0,6.0,1.0,6.0,2.0,6.0,0.0,,,,,3.0,0.0,Completed,1.08,8.0,1.08,10.81,1.1,10.81,1.07,8.54
ATP,2023,51,New York,US Open,2023-09-02,Grand Slam,Outdoor,Hard,3rd Round,5,Gojo B.,Vesely J.,105.0,437.0,559.0,104.0,6.0,4.0,6.0,3.0,6.0,2.0,,,,,3.0,0.0,Completed,1.3,3.5,1.34,3.61,1.34,3.72,1.31,3.49
ATP,2023,51,New York,US Open,2023-09-02,Grand Slam,Outdoor,Hard,3rd Round,5,Djokovic N.,Djere L.,2.0,38.0,9795.0,1110.0,4.0,6.0,4.0,6.0,6.0,1.0,6.0,1.0,6.0,3.0,3.0,2.0,Completed,1.01,26.0,1.02,30.68,1.03,30.68,1.02,19.16
ATP,2023,51,New York,US Open,2023-09-02,Grand Slam,Outdoor,Hard,3rd Round,5,Draper J.,Mmoh M.,123.0,89.0,491.0,644.0,6.0,4.0,6.0,2.0,3.0,6.0,6.0,3.0,,,3.0,1.0,Completed,1.33,3.4,1.34,3.6,1.38,3.69,1.33,3.38
ATP,2023,51,New York,US Open,2023-09-02,Grand Slam,Outdoor,Hard,3rd Round,5,Alcaraz C.,Evans D.,1.0,28.0,9815.0,1381.0,6.0,2.0,6.0,3.0,4.0,6.0,6.0,3.0,,,3.0,1.0,Completed,1.03,15.0,1.04,17.77,1.05,18.25,1.03,13.56
ATP,2023,51,New York,US Open,2023-09-02,Grand Slam,Outdoor,Hard,3rd Round,5,Arnaldi M.,Norrie C.,61.0,16.0,855.0,2075.0,6.0,3.0,6.0,4.0,6.0,3.0,,,,,3.0,0.0,Completed,4.33,1.22,3.94,1.3,4.34,1.34,3.91,1.26
ATP,2023,51,New York,US Open,2023-09-02,Grand Slam,Outdoor,Hard,3rd Round,5,Rublev A.,Rinderknech A.,8.0,73.0,4515.0,781.0,3.0,6.0,6.0,3.0,6.0,1.0,7.0,5.0,,,3.0,1.0,Completed,1.17,5.0,1.15,6.41,1.19,6.65,1.15,5.59
ATP,2023,51,New York,US Open,2023-09-02,Grand Slam,Outdoor,Hard,3rd Round,5,Sinner J.,Wawrinka S.,6.0,49.0,4645.0,1004.0,6.0,3.0,2.0,6.0,6.0,4.0,6.0,2.0,,,3.0,1.0,Completed,1.11,6.5,1.12,7.73,1.15,7.73,1.12,6.48
ATP,2023,51,New York,US Open,2023-09-02,Grand Slam,Outdoor,Hard,3rd Round,5,De Minaur A.,Jarry N.,13.0,25.0,2595.0,1439.0,6.0,1.0,6.0,3.0,6.0,2.0,,,,,3.0,0.0,Completed,1.25,4.0,1.22,4.83,1.28,5.0,1.23,4.22
ATP,2023,51,New York,US Open,2023-09-03,Grand Slam,Outdoor,Hard,3rd Round,5,Zverev A.,Dimitrov G.,12.0,19.0,2670.0,1690.0,6.0,7.0,7.0,6.0,6.0,1.0,6.0,1.0,,,3.0,1.0,Completed,1.4,3.0,1.49,2.84,1.49,3.0,1.45,2.79
ATP,2023,51,New York,US Open,2023-09-03,Grand Slam,Outdoor,Hard,3rd Round,5,Medvedev D.,Baez S.,3.0,32.0,6260.0,1295.0,6.0,2.0,6.0,2.0,7.0,6.0,,,,,3.0,0.0,Completed,1.07,9.0,1.09,9.28,1.1,10.0,1.07,8.58
ATP,2023,51,New York,US Open,2023-09-03,Grand Slam,Outdoor,Hard,4th Round,5,Shelton B.,Paul T.,47.0,14.0,1015.0,2570.0,6.0,4.0,6.0,3.0,4.0,6.0,6.0,4.0,,,3.0,1.0,Completed,3.4,1.33,3.55,1.35,3.55,1.44,3.29,1.34
ATP,2023,51,New York,US Open,2023-09-03,Grand Slam,Outdoor,Hard,4th Round,5,Tiafoe F.,Hijikata R.,10.0,110.0,3050.0,547.0,6.0,4.0,6.0,1.0,6.0,4.0,,,,,3.0,0.0,Completed,1.14,5.5,1.21,5.13,1.21,5.7,1.17,5.13
ATP,2023,51,New York,US Open,2023-09-03,Grand Slam,Outdoor,Hard,4th Round,5,Fritz T.,Stricker D.,9.0,128.0,3605.0,480.0,7.0,6.0,6.0,4.0,6.0,4.0,,,,,3.0,0.0,Completed,1.11,6.5,1.15,6.37,1.16,7.0,1.12,6.19
ATP,2023,51,New York,US Open,2023-09-04,Grand Slam,Outdoor,Hard,4th Round,5,Djokovic N.,Gojo B.,2.0,105.0,9795.0,559.0,6.0,2.0,7.0,5.0,6.0,4.0,,,,,3.0,0.0,Completed,1.02,19.0,1.03,23.38,1.03,29.67,1.01,18.08
ATP,2023,51,New York,US Open,2023-09-04,Grand Slam,Outdoor,Hard,4th Round,5,Alcaraz C.,Arnaldi M.,1.0,61.0,9815.0,855.0,6.0,3.0,6.0,3.0,6.0,4.0,,,,,3.0,0.0,Completed,1.02,19.0,1.03,24.65,1.03,24.65,1.02,16.56
ATP,2023,51,New York,US Open,2023-09-04,Grand Slam,Outdoor,Hard,4th Round,5,Rublev A.,Draper J.,8.0,123.0,4515.0,491.0,6.0,3.0,3.0,6.0,6.0,3.0,6.0,4.0,,,3.0,1.0,Completed,1.4,3.0,1.39,3.27,1.42,3.43,1.39,3.02
ATP,2023,51,New York,US Open,2023-09-04,Grand Slam,Outdoor,Hard,4th Round,5,Medvedev D.,De Minaur A.,3.0,13.0,6260.0,2595.0,2.0,6.0,6.0,4.0,6.0,1.0,6.0,2.0,,,3.0,1.0,Completed,1.36,3.2,1.38,3.35,1.38,3.5,1.36,3.21
ATP,2023,51,New York,US Open,2023-09-05,Grand Slam,Outdoor,Hard,4th Round,5,Zverev A.,Sinner J.,12.0,6.0,2670.0,4645.0,6.0,4.0,3.0,6.0,6.0,2.0,4.0,6.0,6.0,3.0,3.0,2.0,Completed,2.38,1.57,2.69,1.53,2.73,1.58,2.53,1.53
ATP,2023,51,New York,US Open,2023-09-05,Grand Slam,Outdoor,Hard,Quarterfinals,5,Djokovic N.,Fritz T.,2.0,9.0,9795.0,3605.0,6.0,1.0,6.0,4.0,6.0,4.0,,,,,3.0,0.0,Completed,1.13,6.0,1.14,6.8,1.16,6.8,1.14,5.86
ATP,2023,51,New York,US Open,2023-09-06,Grand Slam,Outdoor,Hard,Quarterfinals,5,Shelton B.,Tiafoe F.,47.0,10.0,1015.0,3050.0,6.0,2.0,3.0,6.0,7.0,6.0,6.0,2.0,,,3.0,1.0,Completed,3.0,1.4,3.01,1.44,3.1,1.46,2.88,1.42
ATP,2023,51,New York,US Open,2023-09-06,Grand Slam,Outdoor,Hard,Quarterfinals,5,Medvedev D.,Rublev A.,3.0,8.0,6260.0,4515.0,6.0,4.0,6.0,3.0,6.0,4.0,,,,,3.0,0.0,Completed,1.36,3.2,1.39,3.3,1.4,3.55,1.36,3.22
ATP,2023,51,New York,US Open,2023-09-07,Grand Slam,Outdoor,Hard,Quarterfinals,5,Alcaraz C.,Zverev A.,1.0,12.0,9815.0,2670.0,6.0,3.0,6.0,2.0,6.0,4.0,,,,,3.0,0.0,Completed,1.2,4.5,1.22,4.9,1.22,5.0,1.21,4.54
ATP,2023,51,New York,US Open,2023-09-08,Grand Slam,Outdoor,Hard,Semifinals,5,Djokovic N.,Shelton B.,2.0,47.0,9795.0,1015.0,6.0,3.0,6.0,2.0,7.0,6.0,,,,,3.0,0.0,Completed,1.06,10.0,1.09,9.76,1.09,11.6,1.07,8.69
ATP,2023,51,New York,US Open,2023-09-09,Grand Slam,Outdoor,Hard,Semifinals,5,Medvedev D.,Alcaraz C.,3.0,1.0,6260.0,9815.0,7.0,6.0,6.0,1.0,3.0,6.0,6.0,3.0,,,3.0,1.0,Completed,4.33,1.22,4.13,1.28,4.5,1.3,4.13,1.25
ATP,2023,51,New York,US Open,2023-09-10,Grand Slam,Outdoor,Hard,The Final,5,Djokovic N.,Medvedev D.,2.0,3.0,9795.0,6260.0,6.0,3.0,7.0,6.0,6.0,3.0,,,,,3.0,0.0,Completed,1.44,2.88,1.46,2.95,1.5,3.1,1.44,2.86
