Tour,Year,WTA,Location,Tournament,Date,Tier,Court,Surface,Round,Best of,Winner,Loser,WRank,LRank,WPts,LPts,W1,L1,W2,L2,W3,L3,Wsets,Lsets,Comment,B365W,B365L,PSW,PSL,MaxW,MaxL,AvgW,AvgL
WTA,2021,5,Melbourne,Australian Open,2021-02-08,Grand Slam,Outdoor,Hard,1st Round,3,Diyas Z.,Zidansek T.,83.0,91.0,928.0,865.0,6.0,2.0,7.0,5.0,,,2.0,0.0,Completed,2.0,1.8,1.96,1.93,2.06,1.93,1.99,1.82
WTA,2021,5,Melbourne,Australian Open,2021-02-08,Grand Slam,Outdoor,Hard,1st Round,3,Williams V.,Flipkens K.,81.0,90.0,958.0,878.0,7.0,5.0,6.0,2.0,,,2.0,0.0,Completed,1.3,3.5,1.32,3.7,1.34,3.75,1.3,3.52
WTA,2021,5,Melbourne,Australian Open,2021-02-08,Grand Slam,Outdoor,Hard,1st Round,3,Garcia C.,Hercog P.,43.0,51.0,1520.0,1335.0,7.0,6.0,6.0,3.0,,,2.0,0.0,Completed,1.53,2.5,1.51,2.74,1.56,2.84,1.5,2.58
WTA,2021,5,Melbourne,Australian Open,2021-02-08,Grand Slam,Outdoor,Hard,1st Round,3,Marino R.,Birrell K.,317.0,739.0,185.0,35.0,6.0,0.0,7.0,6.0,,,2.0,0.0,Completed,1.22,4.33,1.26,4.29,1.32,4.41,1.23,4.09
WTA,2021,5,Melbourne,Australian Open,2021-02-08,Grand Slam,Outdoor,Hard,1st Round,3,Osaka N.,Pavlyuchenkova A.,3.0,39.0,5965.0,1630.0,6.0,1.0,6.0,2.0,,,2.0,0.0,Completed,1.16,5.0,1.2,5.2,1.24,5.37,1.18,4.77
WTA,2021,5,Melbourne,Australian Open,2021-02-08,Grand Slam,Outdoor,Hard,1st Round,3,Giorgi C.,Shvedova Y.,79.0,1337.0,970.0,3.0,6.0,3.0,6.0,3.0,,,2.0,0.0,Completed,1.12,6.0,1.12,7.42,1.14,7.5,1.11,6.58
WTA,2021,5,Melbourne,Australian Open,2021-02-08,Grand Slam,Outdoor,Hard,1st Round,3,Stojanovic N.,Begu I.,99.0,74.0,779.0,1014.0,6.0,3.0,6.0,4.0,,,2.0,0.0,Completed,4.0,1.25,3.75,1.31,4.14,1.31,3.83,1.26
WTA,2021,5,Melbourne,Australian Open,2021-02-08,Grand Slam,Outdoor,Hard,1st Round,3,Errani S.,Wang Q.,134.0,34.0,584.0,1735.0,2.0,6.0,6.0,4.0,6.0,4.0,2.0,1.0,Completed,3.0,1.4,2.83,1.48,3.1,1.49,2.86,1.42
WTA,2021,5,Melbourne,Australian Open,2021-02-08,Grand Slam,Outdoor,Hard,1st Round,3,Williams S.,Siegemund L.,11.0,49.0,4265.0,1356.0,6.0,1.0,6.0,1.0,,,2.0,0.0,Completed,1.12,6.0,1.16,6.11,1.16,7.9,1.12,6.12
WTA,2021,5,Melbourne,Australian Open,2021-02-08,Grand Slam,Outdoor,Hard,1st Round,3,Pera B.,Kerber A.,66.0,25.0,1105.0,2370.0,6.0,0.0,6.0,4.0,,,2.0,0.0,Completed,3.2,1.36,3.03,1.43,3.39,1.43,3.11,1.36
WTA,2021,5,Melbourne,Australian Open,2021-02-08,Grand Slam,Outdoor,Hard,1st Round,3,Swiatek I.,Rus A.,17.0,77.0,3014.0,971.0,6.0,1.0,6.0,3.0,,,2.0,0.0,Completed,1.22,4.33,1.23,4.64,1.24,4.85,1.21,4.47
WTA,2021,5,Melbourne,Australian Open,2021-02-08,Grand Slam,Outdoor,Hard,1st Round,3,Schmiedlova A.,Hibi M.,129.0,176.0,595.0,408.0,7.0,6.0,6.0,4.0,,,2.0,0.0,Completed,1.44,2.75,1.53,2.66,1.53,3.27,1.45,2.75
WTA,2021,5,Melbourne,Australian Open,2021-02-08,Grand Slam,Outdoor,Hard,1st Round,3,Babos T.,Bonaventure Y.,114.0,123.0,660.0,632.0,7.0,6.0,6.0,4.0,,,2.0,0.0,Completed,1.61,2.3,1.66,2.35,1.66,2.45,1.61,2.33
WTA,2021,5,Melbourne,Australian Open,2021-02-08,Grand Slam,Outdoor,Hard,1st Round,3,Kasatkina D.,Boulter K.,75.0,315.0,1010.0,186.0,6.0,1.0,6.0,4.0,,,2.0,0.0,Completed,1.25,3.75,1.33,3.54,1.38,4.3,1.28,3.58
WTA,2021,5,Melbourne,Australian Open,2021-02-08,Grand Slam,Outdoor,Hard,1st Round,3,Tomljanovic A.,Doi M.,72.0,87.0,1035.0,896.0,6.0,2.0,6.0,1.0,,,2.0,0.0,Completed,1.33,3.4,1.39,3.23,1.39,3.6,1.33,3.29
WTA,2021,5,Melbourne,Australian Open,2021-02-08,Grand Slam,Outdoor,Hard,1st Round,3,Jabeur O.,Petkovic A.,30.0,103.0,1915.0,760.0,6.0,3.0,3.0,6.0,6.0,4.0,2.0,1.0,Completed,1.28,3.75,1.21,4.95,1.3,4.95,1.22,4.26
WTA,2021,5,Melbourne,Australian Open,2021-02-08,Grand Slam,Outdoor,Hard,1st Round,3,Vondrousova M.,Peterson R.,20.0,55.0,2722.0,1255.0,2.0,6.0,7.0,5.0,7.0,5.0,2.0,1.0,Completed,1.4,3.0,1.42,3.09,1.43,3.4,1.4,2.96
WTA,2021,5,Melbourne,Australian Open,2021-02-08,Grand Slam,Outdoor,Hard,1st Round,3,Hsieh S.W.,Pironkova T.,71.0,125.0,1035.0,615.0,7.0,5.0,6.0,2.0,,,2.0,0.0,Completed,3.75,1.28,3.86,1.3,3.92,1.33,3.63,1.28
WTA,2021,5,Melbourne,Australian Open,2021-02-08,Grand Slam,Outdoor,Hard,1st Round,3,Ferro F.,Siniakova K.,46.0,62.0,1497.0,1135.0,6.0,7.0,6.0,2.0,6.0,4.0,2.0,1.0,Completed,2.1,1.72,2.17,1.76,2.22,1.83,2.1,1.73
WTA,2021,5,Melbourne,Australian Open,2021-02-08,Grand Slam,Outdoor,Hard,1st Round,3,Kudermetova V.,Kostyuk M.,36.0,78.0,1680.0,971.0,6.0,2.0,7.0,6.0,,,2.0,0.0,Completed,1.72,2.1,1.84,2.06,1.87,2.19,1.76,2.06
WTA,2021,5,Melbourne,Australian Open,2021-02-08,Grand Slam,Outdoor,Hard,1st Round,3,Andreescu B.,Buzarnescu M.,9.0,138.0,4555.0,558.0,6.0,2.0,4.0,6.0,6.0,3.0,2.0,1.0,Completed,1.25,4.0,1.22,4.71,1.29,4.71,1.24,4.03
WTA,2021,5,Melbourne,Australian Open,2021-02-08,Grand Slam,Outdoor,Hard,1st Round,3,Potapova A.,Riske A.,101.0,26.0,771.0,2256.0,6.0,2.0,6.0,1.0,,,2.0,0.0,Completed,1.57,2.37,1.55,2.6,1.63,2.6,1.57,2.41
WTA,2021,5,Melbourne,Australian Open,2021-02-08,Grand Slam,Outdoor,Hard,1st Round,3,Gracheva V.,Blinkova A.,97.0,63.0,816.0,1114.0,6.0,1.0,3.0,6.0,7.0,6.0,2.0,1.0,Completed,1.8,2.0,1.94,1.94,2.0,2.0,1.88,1.92
WTA,2021,5,Melbourne,Australian Open,2021-02-08,Grand Slam,Outdoor,Hard,1st Round,3,Cornet A.,Savinykh V.,54.0,228.0,1290.0,287.0,6.0,2.0,4.0,6.0,7.0,6.0,2.0,1.0,Completed,1.08,8.0,1.09,9.19,1.09,10.75,1.07,8.11
WTA,2021,5,Melbourne,Australian Open,2021-02-08,Grand Slam,Outdoor,Hard,1st Round,3,Kvitova P.,Minnen G.,8.0,110.0,4571.0,696.0,6.0,3.0,6.0,4.0,,,2.0,0.0,Completed,1.16,5.0,1.18,5.52,1.18,7.13,1.14,5.81
WTA,2021,5,Melbourne,Australian Open,2021-02-08,Grand Slam,Outdoor,Hard,1st Round,3,Halep S.,Cabrera L.,2.0,140.0,7255.0,544.0,6.0,2.0,6.0,1.0,,,2.0,0.0,Completed,1.05,11.0,1.06,11.98,1.06,13.0,1.05,10.62
WTA,2021,5,Melbourne,Australian Open,2021-02-08,Grand Slam,Outdoor,Hard,1st Round,3,Cirstea S.,Tig P.M.,68.0,56.0,1079.0,1229.0,6.0,2.0,6.0,1.0,,,2.0,0.0,Completed,1.44,2.75,1.48,2.84,1.49,2.92,1.45,2.75
WTA,2021,5,Melbourne,Australian Open,2021-02-08,Grand Slam,Outdoor,Hard,1st Round,3,Rybakina E.,Zvonareva V.,21.0,145.0,2718.0,523.0,4.0,6.0,6.0,4.0,6.0,4.0,2.0,1.0,Completed,1.57,2.37,1.61,2.46,1.61,2.8,1.52,2.52
WTA,2021,5,Melbourne,Australian Open,2021-02-08,Grand Slam,Outdoor,Hard,1st Round,3,Sabalenka A.,Kuzmova V.,7.0,100.0,4580.0,775.0,6.0,0.0,6.0,4.0,,,2.0,0.0,Completed,1.05,11.0,1.06,11.15,1.07,15.0,1.05,10.62
WTA,2021,5,Melbourne,Australian Open,2021-02-09,Grand Slam,Outdoor,Hard,1st Round,3,Bencic B.,Davis L.,12.0,80.0,4010.0,967.0,6.0,3.0,4.0,6.0,6.0,1.0,2.0,1.0,Completed,1.36,3.2,1.4,3.18,1.4,3.27,1.36,3.11
WTA,2021,5,Melbourne,Australian Open,2021-02-09,Grand Slam,Outdoor,Hard,1st Round,3,Hibino N.,Sharma A.,76.0,132.0,973.0,589.0,2.0,6.0,6.0,3.0,7.0,5.0,2.0,1.0,Completed,2.0,1.8,2.09,1.82,2.1,2.0,2.0,1.82
WTA,2021,5,Melbourne,Australian Open,2021-02-09,Grand Slam,Outdoor,Hard,1st Round,3,Samsonova L.,Badosa P.,130.0,70.0,593.0,1044.0,6.0,7.0,7.0,6.0,7.0,5.0,2.0,1.0,Completed,1.72,2.1,1.66,2.35,1.77,2.38,1.67,2.21
WTA,2021,5,Melbourne,Australian Open,2021-02-09,Grand Slam,Outdoor,Hard,1st Round,3,Mertens E.,Fernandez L.A.,16.0,86.0,3060.0,904.0,6.0,1.0,6.0,3.0,,,2.0,0.0,Completed,1.2,4.5,1.19,5.27,1.25,5.75,1.18,4.77
WTA,2021,5,Melbourne,Australian Open,2021-02-09,Grand Slam,Outdoor,Hard,1st Round,3,Li A.,Zhang S.,69.0,35.0,1059.0,1693.0,6.0,2.0,6.0,0.0,,,2.0,0.0,Completed,1.4,3.0,1.42,3.09,1.45,3.44,1.39,2.98
WTA,2021,5,Melbourne,Australian Open,2021-02-09,Grand Slam,Outdoor,Hard,1st Round,3,Muguruza G.,Gasparyan M.,14.0,127.0,3320.0,601.0,6.0,4.0,6.0,0.0,,,2.0,0.0,Completed,1.04,13.0,1.05,12.47,1.06,14.36,1.04,11.56
WTA,2021,5,Melbourne,Australian Open,2021-02-09,Grand Slam,Outdoor,Hard,1st Round,3,Podoroska N.,Mchale C.,45.0,84.0,1497.0,909.0,6.0,4.0,6.0,4.0,,,2.0,0.0,Completed,1.28,3.75,1.28,3.99,1.3,4.66,1.26,3.89
WTA,2021,5,Melbourne,Australian Open,2021-02-09,Grand Slam,Outdoor,Hard,1st Round,3,Kenin S.,Inglis M.,4.0,133.0,5760.0,586.0,7.0,5.0,6.0,4.0,,,2.0,0.0,Completed,1.05,11.0,1.06,11.94,1.06,15.0,1.05,10.85
WTA,2021,5,Melbourne,Australian Open,2021-02-09,Grand Slam,Outdoor,Hard,1st Round,3,Kanepi K.,Sevastova A.,65.0,53.0,1108.0,1317.0,6.0,3.0,6.0,1.0,,,2.0,0.0,Completed,1.25,4.0,1.31,3.8,1.35,4.4,1.28,3.68
WTA,2021,5,Melbourne,Australian Open,2021-02-09,Grand Slam,Outdoor,Hard,1st Round,3,Pegula J.,Azarenka V.,61.0,13.0,1138.0,3525.0,7.0,5.0,6.0,4.0,,,2.0,0.0,Completed,3.4,1.33,3.37,1.36,3.58,1.4,3.32,1.33
WTA,2021,5,Melbourne,Australian Open,2021-02-09,Grand Slam,Outdoor,Hard,1st Round,3,Zhu L.,Osuigwe W.,94.0,163.0,830.0,447.0,6.0,1.0,6.0,1.0,,,2.0,0.0,Completed,1.61,2.3,1.61,2.45,1.65,2.65,1.55,2.44
WTA,2021,5,Melbourne,Australian Open,2021-02-09,Grand Slam,Outdoor,Hard,1st Round,3,Svitolina E.,Bouzkova M.,5.0,50.0,5260.0,1344.0,6.0,3.0,7.0,6.0,,,2.0,0.0,Completed,1.4,3.0,1.45,2.95,1.45,3.33,1.4,2.97
WTA,2021,5,Melbourne,Australian Open,2021-02-09,Grand Slam,Outdoor,Hard,1st Round,3,Kuznetsova S.,Strycova B.,37.0,38.0,1631.0,1630.0,6.0,2.0,6.0,2.0,,,2.0,0.0,Completed,1.57,2.37,1.65,2.37,1.68,2.6,1.58,2.39
WTA,2021,5,Melbourne,Australian Open,2021-02-09,Grand Slam,Outdoor,Hard,1st Round,3,Watson H.,Pliskova Kr.,60.0,73.0,1176.0,1020.0,7.0,6.0,7.0,6.0,,,2.0,0.0,Completed,1.9,1.9,1.93,1.95,1.96,2.0,1.91,1.89
WTA,2021,5,Melbourne,Australian Open,2021-02-09,Grand Slam,Outdoor,Hard,1st Round,3,Brady J.,Bolsova A.,24.0,102.0,2475.0,761.0,6.0,1.0,6.0,3.0,,,2.0,0.0,Completed,1.1,7.0,1.11,7.7,1.11,7.75,1.1,7.08
WTA,2021,5,Melbourne,Australian Open,2021-02-09,Grand Slam,Outdoor,Hard,1st Round,3,Brengle M.,Rodionova Ar.,85.0,169.0,906.0,428.0,6.0,1.0,6.0,2.0,,,2.0,0.0,Completed,1.2,4.5,1.25,4.39,1.27,4.73,1.23,4.22
WTA,2021,5,Melbourne,Australian Open,2021-02-09,Grand Slam,Outdoor,Hard,1st Round,3,Mladenovic K.,Sakkari M.,52.0,23.0,1335.0,2570.0,6.0,2.0,0.0,6.0,6.0,3.0,2.0,1.0,Completed,5.5,1.14,6.83,1.13,7.04,1.18,5.93,1.13
WTA,2021,5,Melbourne,Australian Open,2021-02-09,Grand Slam,Outdoor,Hard,1st Round,3,Alexandrova E.,Trevisan M.,32.0,89.0,1900.0,879.0,6.0,3.0,6.0,4.0,,,2.0,0.0,Completed,1.1,7.0,1.13,6.93,1.13,7.9,1.1,6.82
WTA,2021,5,Melbourne,Australian Open,2021-02-09,Grand Slam,Outdoor,Hard,1st Round,3,Gauff C.,Teichmann J.,48.0,58.0,1423.0,1206.0,6.0,3.0,6.0,2.0,,,2.0,0.0,Completed,1.44,2.75,1.42,3.09,1.48,3.09,1.43,2.83
WTA,2021,5,Melbourne,Australian Open,2021-02-09,Grand Slam,Outdoor,Hard,1st Round,3,Vekic D.,Wang Y.,33.0,98.0,1880.0,795.0,4.0,6.0,6.0,3.0,6.0,4.0,2.0,1.0,Completed,1.36,3.2,1.42,3.09,1.47,3.22,1.39,3.0
WTA,2021,5,Melbourne,Australian Open,2021-02-09,Grand Slam,Outdoor,Hard,1st Round,3,Sherif M.,Paquet C.,131.0,187.0,591.0,359.0,7.0,5.0,7.0,5.0,,,2.0,0.0,Completed,1.36,3.2,1.36,3.38,1.38,3.46,1.34,3.3
WTA,2021,5,Melbourne,Australian Open,2021-02-09,Grand Slam,Outdoor,Hard,1st Round,3,Krejcikova B.,Zheng S.,59.0,44.0,1183.0,1510.0,6.0,3.0,2.0,6.0,6.0,2.0,2.0,1.0,Completed,1.57,2.37,1.59,2.49,1.64,2.63,1.57,2.41
WTA,2021,5,Melbourne,Australian Open,2021-02-09,Grand Slam,Outdoor,Hard,1st Round,3,Muchova K.,Ostapenko J.,27.0,47.0,2135.0,1485.0,7.0,5.0,6.0,2.0,,,2.0,0.0,Completed,1.57,2.37,1.57,2.54,1.66,2.55,1.56,2.43
WTA,2021,5,Melbourne,Australian Open,2021-02-09,Grand Slam,Outdoor,Hard,1st Round,3,Kontaveit A.,Sasnovich A.,22.0,92.0,2575.0,838.0,7.0,5.0,6.0,2.0,,,2.0,0.0,Completed,1.3,3.5,1.37,3.36,1.39,3.5,1.33,3.29
WTA,2021,5,Melbourne,Australian Open,2021-02-09,Grand Slam,Outdoor,Hard,1st Round,3,Pliskova Ka.,Paolini J.,6.0,95.0,5205.0,826.0,6.0,0.0,6.0,2.0,,,2.0,0.0,Completed,1.11,6.5,1.14,6.42,1.14,8.0,1.12,6.34
WTA,2021,5,Melbourne,Australian Open,2021-02-09,Grand Slam,Outdoor,Hard,1st Round,3,Barthel M.,Cocciaretto E.,212.0,126.0,313.0,608.0,3.0,6.0,6.0,4.0,6.0,4.0,2.0,1.0,Completed,2.75,1.44,2.78,1.5,3.1,1.5,2.76,1.45
WTA,2021,5,Melbourne,Australian Open,2021-02-09,Grand Slam,Outdoor,Hard,1st Round,3,Collins D.,Bogdan A.,40.0,96.0,1574.0,820.0,6.0,3.0,6.0,1.0,,,2.0,0.0,Completed,1.3,3.5,1.34,3.53,1.34,4.04,1.31,3.47
WTA,2021,5,Melbourne,Australian Open,2021-02-09,Grand Slam,Outdoor,Hard,1st Round,3,Putintseva Y.,Stephens S.,28.0,41.0,2015.0,1573.0,4.0,6.0,6.0,2.0,6.0,3.0,2.0,1.0,Completed,1.25,4.0,1.25,4.33,1.31,4.9,1.23,4.16
WTA,2021,5,Melbourne,Australian Open,2021-02-09,Grand Slam,Outdoor,Hard,1st Round,3,Stosur S.,Aiava D.,112.0,203.0,667.0,329.0,6.0,4.0,6.0,4.0,,,2.0,0.0,Completed,2.5,1.53,2.48,1.6,2.55,1.62,2.42,1.56
WTA,2021,5,Melbourne,Australian Open,2021-02-09,Grand Slam,Outdoor,Hard,1st Round,3,Van Uytvanck A.,Burel C.,67.0,237.0,1095.0,279.0,4.0,6.0,6.0,3.0,6.0,4.0,2.0,1.0,Completed,1.66,2.2,1.68,2.31,1.83,2.32,1.69,2.18
WTA,2021,5,Melbourne,Australian Open,2021-02-09,Grand Slam,Outdoor,Hard,1st Round,3,Barty A.,Kovinic D.,1.0,82.0,9186.0,952.0,6.0,0.0,6.0,0.0,,,2.0,0.0,Completed,1.06,10.0,1.05,12.8,1.07,13.0,1.05,10.7
WTA,2021,5,Melbourne,Australian Open,2021-02-09,Grand Slam,Outdoor,Hard,1st Round,3,Rogers S.,Jones F.,57.0,245.0,1221.0,268.0,6.0,4.0,6.0,1.0,,,2.0,0.0,Completed,1.12,6.0,1.17,5.81,1.17,10.0,1.13,6.03
WTA,2021,5,Melbourne,Australian Open,2021-02-09,Grand Slam,Outdoor,Hard,1st Round,3,Danilovic O.,Martic P.,183.0,19.0,384.0,2850.0,7.0,5.0,3.0,6.0,6.0,4.0,2.0,1.0,Completed,3.0,1.4,2.91,1.46,3.2,1.46,2.9,1.41
WTA,2021,5,Melbourne,Australian Open,2021-02-09,Grand Slam,Outdoor,Hard,1st Round,3,Juvan K.,Konta J.,104.0,15.0,748.0,3206.0,4.0,6.0,2.0,0.0,,,0.0,1.0,Retired,2.5,1.53,2.34,1.66,2.63,1.68,2.38,1.58
WTA,2021,5,Melbourne,Australian Open,2021-02-09,Grand Slam,Outdoor,Hard,1st Round,3,Gavrilova D.,Sorribes Tormo S.,387.0,64.0,126.0,1110.0,6.0,1.0,7.0,5.0,,,2.0,0.0,Completed,1.57,2.37,1.61,2.45,1.7,2.63,1.6,2.34
WTA,2021,5,Melbourne,Australian Open,2021-02-10,Grand Slam,Outdoor,Hard,2nd Round,3,Vondrousova M.,Marino R.,20.0,317.0,2722.0,185.0,6.0,1.0,7.0,5.0,,,2.0,0.0,Completed,1.22,4.33,1.22,4.75,1.24,5.36,1.19,4.63
WTA,2021,5,Melbourne,Australian Open,2021-02-10,Grand Slam,Outdoor,Hard,2nd Round,3,Li A.,Cornet A.,69.0,54.0,1059.0,1290.0,6.0,2.0,7.0,6.0,,,2.0,0.0,Completed,1.4,3.0,1.46,2.9,1.46,3.75,1.35,3.19
WTA,2021,5,Melbourne,Australian Open,2021-02-10,Grand Slam,Outdoor,Hard,2nd Round,3,Potapova A.,Babos T.,101.0,114.0,771.0,660.0,6.0,2.0,6.0,4.0,,,2.0,0.0,Completed,1.44,2.75,1.43,3.03,1.57,3.03,1.43,2.82
WTA,2021,5,Melbourne,Australian Open,2021-02-10,Grand Slam,Outdoor,Hard,2nd Round,3,Sabalenka A.,Kasatkina D.,7.0,75.0,4580.0,1010.0,7.0,6.0,6.0,3.0,,,2.0,0.0,Completed,1.2,4.5,1.2,5.03,1.24,5.03,1.2,4.56
WTA,2021,5,Melbourne,Australian Open,2021-02-10,Grand Slam,Outdoor,Hard,2nd Round,3,Hsieh S.W.,Andreescu B.,71.0,9.0,1035.0,4555.0,6.0,3.0,6.0,2.0,,,2.0,0.0,Completed,3.5,1.3,4.1,1.27,4.1,1.36,3.52,1.3
WTA,2021,5,Melbourne,Australian Open,2021-02-10,Grand Slam,Outdoor,Hard,2nd Round,3,Cirstea S.,Kvitova P.,68.0,8.0,1079.0,4571.0,6.0,4.0,1.0,6.0,6.0,1.0,2.0,1.0,Completed,4.33,1.22,3.95,1.29,4.5,1.29,4.16,1.23
WTA,2021,5,Melbourne,Australian Open,2021-02-10,Grand Slam,Outdoor,Hard,2nd Round,3,Diyas Z.,Pera B.,83.0,66.0,928.0,1105.0,6.0,4.0,3.0,6.0,6.0,3.0,2.0,1.0,Completed,2.37,1.57,2.44,1.61,2.47,1.71,2.33,1.6
WTA,2021,5,Melbourne,Australian Open,2021-02-10,Grand Slam,Outdoor,Hard,2nd Round,3,Williams S.,Stojanovic N.,11.0,99.0,4265.0,779.0,6.0,3.0,6.0,0.0,,,2.0,0.0,Completed,1.05,11.0,1.06,11.37,1.06,15.0,1.05,10.37
WTA,2021,5,Melbourne,Australian Open,2021-02-10,Grand Slam,Outdoor,Hard,2nd Round,3,Ferro F.,Rybakina E.,46.0,21.0,1497.0,2718.0,6.0,4.0,6.0,4.0,,,2.0,0.0,Completed,4.0,1.25,3.55,1.34,4.33,1.37,3.69,1.28
WTA,2021,5,Melbourne,Australian Open,2021-02-10,Grand Slam,Outdoor,Hard,2nd Round,3,Muguruza G.,Samsonova L.,14.0,130.0,3320.0,593.0,6.0,3.0,6.0,1.0,,,2.0,0.0,Completed,1.07,9.0,1.07,10.83,1.09,11.5,1.06,9.27
WTA,2021,5,Melbourne,Australian Open,2021-02-10,Grand Slam,Outdoor,Hard,2nd Round,3,Jabeur O.,Schmiedlova A.,30.0,129.0,1915.0,595.0,6.0,3.0,6.0,2.0,,,2.0,0.0,Completed,1.25,4.0,1.27,4.15,1.31,4.26,1.25,3.95
WTA,2021,5,Melbourne,Australian Open,2021-02-10,Grand Slam,Outdoor,Hard,2nd Round,3,Kudermetova V.,Gracheva V.,36.0,97.0,1680.0,816.0,5.0,7.0,6.0,2.0,6.0,2.0,2.0,1.0,Completed,1.14,5.5,1.17,5.81,1.22,6.0,1.16,5.36
WTA,2021,5,Melbourne,Australian Open,2021-02-10,Grand Slam,Outdoor,Hard,2nd Round,3,Errani S.,Williams V.,134.0,81.0,584.0,958.0,6.0,1.0,6.0,0.0,,,2.0,0.0,Completed,4.33,1.22,3.73,1.31,4.38,1.34,3.75,1.27
WTA,2021,5,Melbourne,Australian Open,2021-02-10,Grand Slam,Outdoor,Hard,2nd Round,3,Swiatek I.,Giorgi C.,17.0,79.0,3014.0,970.0,6.0,2.0,6.0,4.0,,,2.0,0.0,Completed,1.28,3.75,1.31,3.75,1.34,4.1,1.29,3.55
WTA,2021,5,Melbourne,Australian Open,2021-02-10,Grand Slam,Outdoor,Hard,2nd Round,3,Halep S.,Tomljanovic A.,2.0,72.0,7255.0,1035.0,4.0,6.0,6.0,4.0,7.0,5.0,2.0,1.0,Completed,1.12,6.0,1.1,8.24,1.14,8.5,1.1,6.87
WTA,2021,5,Melbourne,Australian Open,2021-02-10,Grand Slam,Outdoor,Hard,2nd Round,3,Osaka N.,Garcia C.,3.0,43.0,5965.0,1520.0,6.0,2.0,6.0,3.0,,,2.0,0.0,Completed,1.1,7.0,1.1,8.32,1.11,9.1,1.09,7.57
WTA,2021,5,Melbourne,Australian Open,2021-02-11,Grand Slam,Outdoor,Hard,2nd Round,3,Rogers S.,Danilovic O.,57.0,183.0,1221.0,384.0,6.0,2.0,6.0,3.0,,,2.0,0.0,Completed,1.4,3.0,1.37,3.37,1.44,3.4,1.36,3.13
WTA,2021,5,Melbourne,Australian Open,2021-02-11,Grand Slam,Outdoor,Hard,2nd Round,3,Muchova K.,Barthel M.,27.0,212.0,2135.0,313.0,6.0,4.0,6.0,1.0,,,2.0,0.0,Completed,1.2,4.5,1.16,5.97,1.22,6.5,1.17,5.03
WTA,2021,5,Melbourne,Australian Open,2021-02-11,Grand Slam,Outdoor,Hard,2nd Round,3,Mertens E.,Zhu L.,16.0,94.0,3060.0,830.0,7.0,6.0,6.0,1.0,,,2.0,0.0,Completed,1.08,8.0,1.07,10.12,1.09,10.12,1.07,8.5
WTA,2021,5,Melbourne,Australian Open,2021-02-11,Grand Slam,Outdoor,Hard,2nd Round,3,Bencic B.,Kuznetsova S.,12.0,37.0,4010.0,1631.0,7.0,5.0,2.0,6.0,6.0,4.0,2.0,1.0,Completed,2.1,1.72,1.99,1.9,2.15,1.95,2.02,1.79
WTA,2021,5,Melbourne,Australian Open,2021-02-11,Grand Slam,Outdoor,Hard,2nd Round,3,Pliskova Ka.,Collins D.,6.0,40.0,5205.0,1574.0,7.0,5.0,6.0,2.0,,,2.0,0.0,Completed,1.8,2.0,1.79,2.12,1.84,2.14,1.78,2.03
WTA,2021,5,Melbourne,Australian Open,2021-02-11,Grand Slam,Outdoor,Hard,2nd Round,3,Putintseva Y.,Van Uytvanck A.,28.0,67.0,2015.0,1095.0,6.0,4.0,1.0,6.0,6.0,2.0,2.0,1.0,Completed,1.36,3.2,1.38,3.27,1.38,3.4,1.34,3.22
WTA,2021,5,Melbourne,Australian Open,2021-02-11,Grand Slam,Outdoor,Hard,2nd Round,3,Barty A.,Gavrilova D.,1.0,387.0,9186.0,126.0,6.0,1.0,7.0,6.0,,,2.0,0.0,Completed,1.07,9.0,1.07,10.34,1.13,11.0,1.07,8.76
WTA,2021,5,Melbourne,Australian Open,2021-02-11,Grand Slam,Outdoor,Hard,2nd Round,3,Alexandrova E.,Krejcikova B.,32.0,59.0,1900.0,1183.0,6.0,3.0,7.0,6.0,,,2.0,0.0,Completed,1.36,3.2,1.4,3.19,1.4,3.38,1.36,3.13
WTA,2021,5,Melbourne,Australian Open,2021-02-11,Grand Slam,Outdoor,Hard,2nd Round,3,Kanepi K.,Kenin S.,65.0,4.0,1108.0,5760.0,6.0,3.0,6.0,2.0,,,2.0,0.0,Completed,2.1,1.72,2.17,1.76,2.2,1.8,2.1,1.73
WTA,2021,5,Melbourne,Australian Open,2021-02-11,Grand Slam,Outdoor,Hard,2nd Round,3,Vekic D.,Podoroska N.,33.0,45.0,1880.0,1497.0,6.0,2.0,6.0,2.0,,,2.0,0.0,Completed,2.5,1.53,2.53,1.58,2.73,1.58,2.49,1.53
WTA,2021,5,Melbourne,Australian Open,2021-02-11,Grand Slam,Outdoor,Hard,2nd Round,3,Kontaveit A.,Watson H.,22.0,60.0,2575.0,1176.0,6.0,7.0,6.0,4.0,6.0,2.0,2.0,1.0,Completed,1.2,4.5,1.23,4.57,1.23,5.25,1.2,4.51
WTA,2021,5,Melbourne,Australian Open,2021-02-11,Grand Slam,Outdoor,Hard,2nd Round,3,Brady J.,Brengle M.,24.0,85.0,2475.0,906.0,6.0,1.0,6.0,2.0,,,2.0,0.0,Completed,1.1,7.0,1.09,9.19,1.13,9.5,1.08,7.64
WTA,2021,5,Melbourne,Australian Open,2021-02-11,Grand Slam,Outdoor,Hard,2nd Round,3,Juvan K.,Sherif M.,104.0,131.0,748.0,591.0,3.0,6.0,7.0,6.0,6.0,3.0,2.0,1.0,Completed,1.44,2.75,1.46,2.89,1.5,3.11,1.42,2.86
WTA,2021,5,Melbourne,Australian Open,2021-02-11,Grand Slam,Outdoor,Hard,2nd Round,3,Mladenovic K.,Hibino N.,52.0,76.0,1335.0,973.0,7.0,5.0,6.0,1.0,,,2.0,0.0,Completed,1.4,3.0,1.48,2.83,1.49,3.1,1.42,2.87
WTA,2021,5,Melbourne,Australian Open,2021-02-11,Grand Slam,Outdoor,Hard,2nd Round,3,Svitolina E.,Gauff C.,5.0,48.0,5260.0,1423.0,6.0,4.0,6.0,3.0,,,2.0,0.0,Completed,1.53,2.5,1.62,2.43,1.63,2.81,1.54,2.48
WTA,2021,5,Melbourne,Australian Open,2021-02-11,Grand Slam,Outdoor,Hard,2nd Round,3,Pegula J.,Stosur S.,61.0,112.0,1138.0,667.0,6.0,0.0,6.0,1.0,,,2.0,0.0,Completed,1.2,4.5,1.18,5.43,1.22,5.43,1.19,4.72
WTA,2021,5,Melbourne,Australian Open,2021-02-12,Grand Slam,Outdoor,Hard,3rd Round,3,Vondrousova M.,Cirstea S.,20.0,68.0,2722.0,1079.0,6.0,2.0,6.0,4.0,,,2.0,0.0,Completed,1.72,2.1,1.71,2.25,1.77,2.3,1.69,2.16
WTA,2021,5,Melbourne,Australian Open,2021-02-12,Grand Slam,Outdoor,Hard,3rd Round,3,Sabalenka A.,Li A.,7.0,69.0,4580.0,1059.0,6.0,3.0,6.0,1.0,,,2.0,0.0,Completed,1.28,3.75,1.26,4.2,1.4,4.2,1.28,3.72
WTA,2021,5,Melbourne,Australian Open,2021-02-12,Grand Slam,Outdoor,Hard,3rd Round,3,Hsieh S.W.,Errani S.,71.0,134.0,1035.0,584.0,6.0,4.0,2.0,6.0,7.0,5.0,2.0,1.0,Completed,1.61,2.3,1.63,2.41,1.8,2.45,1.63,2.28
WTA,2021,5,Melbourne,Australian Open,2021-02-12,Grand Slam,Outdoor,Hard,3rd Round,3,Muguruza G.,Diyas Z.,14.0,83.0,3320.0,928.0,6.0,1.0,6.0,1.0,,,2.0,0.0,Completed,1.08,8.0,1.1,8.33,1.1,10.75,1.07,8.66
WTA,2021,5,Melbourne,Australian Open,2021-02-12,Grand Slam,Outdoor,Hard,3rd Round,3,Williams S.,Potapova A.,11.0,101.0,4265.0,771.0,7.0,6.0,6.0,2.0,,,2.0,0.0,Completed,1.08,8.0,1.11,7.82,1.11,9.6,1.09,7.62
WTA,2021,5,Melbourne,Australian Open,2021-02-12,Grand Slam,Outdoor,Hard,3rd Round,3,Osaka N.,Jabeur O.,3.0,30.0,5965.0,1915.0,6.0,3.0,6.0,2.0,,,2.0,0.0,Completed,1.16,5.0,1.22,4.81,1.22,5.75,1.17,5.03
WTA,2021,5,Melbourne,Australian Open,2021-02-12,Grand Slam,Outdoor,Hard,3rd Round,3,Halep S.,Kudermetova V.,2.0,36.0,7255.0,1680.0,6.0,1.0,6.0,3.0,,,2.0,0.0,Completed,1.44,2.75,1.49,2.8,1.5,3.04,1.44,2.77
WTA,2021,5,Melbourne,Australian Open,2021-02-12,Grand Slam,Outdoor,Hard,3rd Round,3,Swiatek I.,Ferro F.,17.0,46.0,3014.0,1497.0,6.0,4.0,6.0,3.0,,,2.0,0.0,Completed,1.2,4.5,1.24,4.55,1.25,5.3,1.22,4.3
WTA,2021,5,Melbourne,Australian Open,2021-02-13,Grand Slam,Outdoor,Hard,3rd Round,3,Muchova K.,Pliskova Ka.,27.0,6.0,2135.0,5205.0,7.0,5.0,7.0,5.0,,,2.0,0.0,Completed,2.1,1.72,2.19,1.75,2.28,1.77,2.15,1.7
WTA,2021,5,Melbourne,Australian Open,2021-02-13,Grand Slam,Outdoor,Hard,3rd Round,3,Svitolina E.,Putintseva Y.,5.0,28.0,5260.0,2015.0,6.0,4.0,6.0,0.0,,,2.0,0.0,Completed,1.28,3.75,1.33,3.6,1.33,3.8,1.29,3.56
WTA,2021,5,Melbourne,Australian Open,2021-02-13,Grand Slam,Outdoor,Hard,3rd Round,3,Pegula J.,Mladenovic K.,61.0,52.0,1138.0,1335.0,6.0,2.0,6.0,1.0,,,2.0,0.0,Completed,1.36,3.2,1.42,3.08,1.44,3.3,1.39,2.99
WTA,2021,5,Melbourne,Australian Open,2021-02-13,Grand Slam,Outdoor,Hard,3rd Round,3,Vekic D.,Kanepi K.,33.0,65.0,1880.0,1108.0,5.0,7.0,7.0,6.0,6.0,4.0,2.0,1.0,Completed,3.0,1.4,3.17,1.4,3.2,1.44,2.96,1.39
WTA,2021,5,Melbourne,Australian Open,2021-02-13,Grand Slam,Outdoor,Hard,3rd Round,3,Brady J.,Juvan K.,24.0,104.0,2475.0,748.0,6.0,1.0,6.0,3.0,,,2.0,0.0,Completed,1.14,5.5,1.15,6.38,1.17,7.2,1.13,5.88
WTA,2021,5,Melbourne,Australian Open,2021-02-13,Grand Slam,Outdoor,Hard,3rd Round,3,Mertens E.,Bencic B.,16.0,12.0,3060.0,4010.0,6.0,2.0,6.0,1.0,,,2.0,0.0,Completed,1.2,4.5,1.2,5.13,1.25,5.9,1.2,4.51
WTA,2021,5,Melbourne,Australian Open,2021-02-13,Grand Slam,Outdoor,Hard,3rd Round,3,Barty A.,Alexandrova E.,1.0,32.0,9186.0,1900.0,6.0,2.0,6.0,4.0,,,2.0,0.0,Completed,1.28,3.75,1.27,4.1,1.35,4.1,1.29,3.63
WTA,2021,5,Melbourne,Australian Open,2021-02-13,Grand Slam,Outdoor,Hard,3rd Round,3,Rogers S.,Kontaveit A.,57.0,22.0,1221.0,2575.0,6.0,4.0,6.0,3.0,,,2.0,0.0,Completed,2.1,1.72,2.2,1.74,2.3,1.8,2.15,1.7
WTA,2021,5,Melbourne,Australian Open,2021-02-14,Grand Slam,Outdoor,Hard,4th Round,3,Hsieh S.W.,Vondrousova M.,71.0,20.0,1035.0,2722.0,6.0,4.0,6.0,2.0,,,2.0,0.0,Completed,3.0,1.4,3.46,1.36,3.5,1.44,3.12,1.36
WTA,2021,5,Melbourne,Australian Open,2021-02-14,Grand Slam,Outdoor,Hard,4th Round,3,Osaka N.,Muguruza G.,3.0,14.0,5965.0,3320.0,4.0,6.0,6.0,4.0,7.0,5.0,2.0,1.0,Completed,1.44,2.75,1.53,2.71,1.54,3.0,1.47,2.71
WTA,2021,5,Melbourne,Australian Open,2021-02-14,Grand Slam,Outdoor,Hard,4th Round,3,Williams S.,Sabalenka A.,11.0,7.0,4265.0,4580.0,6.0,4.0,2.0,6.0,6.0,4.0,2.0,1.0,Completed,2.1,1.72,2.06,1.85,2.21,1.85,2.09,1.75
WTA,2021,5,Melbourne,Australian Open,2021-02-14,Grand Slam,Outdoor,Hard,4th Round,3,Halep S.,Swiatek I.,2.0,17.0,7255.0,3014.0,3.0,6.0,6.0,1.0,6.0,4.0,2.0,1.0,Completed,1.72,2.1,1.74,2.22,1.87,2.24,1.73,2.12
WTA,2021,5,Melbourne,Australian Open,2021-02-15,Grand Slam,Outdoor,Hard,4th Round,3,Pegula J.,Svitolina E.,61.0,5.0,1138.0,5260.0,6.0,4.0,3.0,6.0,6.0,3.0,2.0,1.0,Completed,3.0,1.4,3.14,1.42,3.25,1.44,2.96,1.41
WTA,2021,5,Melbourne,Australian Open,2021-02-15,Grand Slam,Outdoor,Hard,4th Round,3,Brady J.,Vekic D.,24.0,33.0,2475.0,1880.0,6.0,1.0,7.0,5.0,,,2.0,0.0,Completed,1.3,3.5,1.29,4.01,1.38,4.01,1.31,3.48
WTA,2021,5,Melbourne,Australian Open,2021-02-15,Grand Slam,Outdoor,Hard,4th Round,3,Muchova K.,Mertens E.,27.0,16.0,2135.0,3060.0,7.0,6.0,7.0,5.0,,,2.0,0.0,Completed,3.4,1.33,3.69,1.33,3.82,1.46,3.39,1.32
WTA,2021,5,Melbourne,Australian Open,2021-02-15,Grand Slam,Outdoor,Hard,4th Round,3,Barty A.,Rogers S.,1.0,57.0,9186.0,1221.0,6.0,3.0,6.0,4.0,,,2.0,0.0,Completed,1.2,4.5,1.22,4.81,1.3,5.05,1.21,4.42
WTA,2021,5,Melbourne,Australian Open,2021-02-16,Grand Slam,Outdoor,Hard,Quarterfinals,3,Osaka N.,Hsieh S.W.,3.0,71.0,5965.0,1035.0,6.0,2.0,6.0,2.0,,,2.0,0.0,Completed,1.12,6.0,1.1,8.68,1.14,8.75,1.1,7.02
WTA,2021,5,Melbourne,Australian Open,2021-02-16,Grand Slam,Outdoor,Hard,Quarterfinals,3,Williams S.,Halep S.,11.0,2.0,4265.0,7255.0,6.0,3.0,6.0,3.0,,,2.0,0.0,Completed,1.9,1.9,1.9,2.01,2.05,2.05,1.91,1.91
WTA,2021,5,Melbourne,Australian Open,2021-02-17,Grand Slam,Outdoor,Hard,Quarterfinals,3,Muchova K.,Barty A.,27.0,1.0,2135.0,9186.0,1.0,6.0,6.0,3.0,6.0,2.0,2.0,1.0,Completed,4.5,1.2,4.93,1.22,5.1,1.24,4.54,1.2
WTA,2021,5,Melbourne,Australian Open,2021-02-17,Grand Slam,Outdoor,Hard,Quarterfinals,3,Brady J.,Pegula J.,24.0,61.0,2475.0,1138.0,4.0,6.0,6.0,2.0,6.0,1.0,2.0,1.0,Completed,1.44,2.75,1.43,3.08,1.48,3.1,1.43,2.84
WTA,2021,5,Melbourne,Australian Open,2021-02-18,Grand Slam,Outdoor,Hard,Semifinals,3,Osaka N.,Williams S.,3.0,11.0,5965.0,4265.0,6.0,3.0,6.0,4.0,,,2.0,0.0,Completed,1.57,2.37,1.59,2.53,1.66,2.6,1.58,2.42
WTA,2021,5,Melbourne,Australian Open,2021-02-18,Grand Slam,Outdoor,Hard,Semifinals,3,Brady J.,Muchova K.,24.0,27.0,2475.0,2135.0,6.0,4.0,3.0,6.0,6.0,4.0,2.0,1.0,Completed,1.5,2.62,1.53,2.71,1.63,2.71,1.53,2.53
WTA,2021,5,Melbourne,Australian Open,2021-02-20,Grand Slam,Outdoor,Hard,The Final,3,Osaka N.,Brady J.,3.0,24.0,5965.0,2475.0,6.0,4.0,6.0,3.0,,,2.0,0.0,Completed,1.2,4.8,1.22,4.81,1.25,5.3,1.19,4.74
WTA,2021,25,Paris,French Open,2021-05-30,Grand Slam,Outdoor,Clay,1st Round,3,Badosa P.,Davis L.,35.0,86.0,1870.0,910.0,6.0,2.0,7.0,6.0,,,2.0,0.0,Completed,1.08,8.0,1.06,11.94,1.09,11.94,1.07,8.9
WTA,2021,25,Paris,French Open,2021-05-30,Grand Slam,Outdoor,Clay,1st Round,3,Kovinic D.,Burel C.,62.0,146.0,1270.0,562.0,6.0,3.0,7.0,6.0,,,2.0,0.0,Completed,2.0,1.8,2.23,1.72,2.5,1.84,2.13,1.73
WTA,2021,25,Paris,French Open,2021-05-30,Grand Slam,Outdoor,Clay,1st Round,3,Osaka N.,Tig P.M.,2.0,63.0,7461.0,1264.0,6.0,4.0,7.0,6.0,,,2.0,0.0,Completed,1.14,5.5,1.12,7.4,1.16,8.0,1.11,6.54
WTA,2021,25,Paris,French Open,2021-05-30,Grand Slam,Outdoor,Clay,1st Round,3,Collins D.,Wang Xiy.,50.0,145.0,1529.0,564.0,6.0,2.0,4.0,6.0,6.0,4.0,2.0,1.0,Completed,1.8,2.0,1.81,2.09,1.82,2.27,1.72,2.13
WTA,2021,25,Paris,French Open,2021-05-30,Grand Slam,Outdoor,Clay,1st Round,3,Bogdan A.,Cocciaretto E.,102.0,113.0,820.0,735.0,6.0,1.0,6.0,3.0,,,2.0,0.0,Completed,1.57,2.37,1.65,2.37,1.65,2.54,1.58,2.39
WTA,2021,25,Paris,French Open,2021-05-30,Grand Slam,Outdoor,Clay,1st Round,3,Tomljanovic A.,Kozlova K.,76.0,159.0,1075.0,501.0,6.0,2.0,6.0,4.0,,,2.0,0.0,Completed,1.4,3.0,1.38,3.27,1.44,3.27,1.41,2.93
WTA,2021,25,Paris,French Open,2021-05-30,Grand Slam,Outdoor,Clay,1st Round,3,Kalinina A.,Kerber A.,139.0,27.0,583.0,2320.0,6.0,2.0,6.0,4.0,,,2.0,0.0,Completed,2.3,1.61,2.33,1.67,2.56,1.91,2.28,1.63
WTA,2021,25,Paris,French Open,2021-05-30,Grand Slam,Outdoor,Clay,1st Round,3,Rybakina E.,Jacquemot E.,22.0,492.0,2683.0,87.0,6.0,4.0,6.0,1.0,,,2.0,0.0,Completed,1.11,6.5,1.12,7.2,1.13,7.5,1.11,6.63
WTA,2021,25,Paris,French Open,2021-05-30,Grand Slam,Outdoor,Clay,1st Round,3,Pavlyuchenkova A.,Mchale C.,32.0,95.0,2070.0,847.0,6.0,4.0,6.0,0.0,,,2.0,0.0,Completed,1.3,3.5,1.37,3.34,1.42,3.64,1.35,3.22
WTA,2021,25,Paris,French Open,2021-05-30,Grand Slam,Outdoor,Clay,1st Round,3,Kvitova P.,Minnen G.,12.0,125.0,4115.0,655.0,6.0,7.0,7.0,6.0,6.0,1.0,2.0,1.0,Completed,1.06,10.0,1.06,11.81,1.07,15.0,1.05,10.97
WTA,2021,25,Paris,French Open,2021-05-30,Grand Slam,Outdoor,Clay,1st Round,3,Vesnina E.,Govortsova O.,1096.0,138.0,11.0,586.0,6.0,1.0,6.0,0.0,,,2.0,0.0,Completed,2.0,1.8,1.94,1.94,2.08,1.95,1.93,1.88
WTA,2021,25,Paris,French Open,2021-05-30,Grand Slam,Outdoor,Clay,1st Round,3,Tauson C.,Gorgodze E.,90.0,223.0,870.0,316.0,6.0,4.0,6.0,2.0,,,2.0,0.0,Completed,1.3,3.5,1.31,3.8,1.32,4.25,1.26,3.88
WTA,2021,25,Paris,French Open,2021-05-30,Grand Slam,Outdoor,Clay,1st Round,3,Sabalenka A.,Konjuh A.,4.0,144.0,6195.0,576.0,6.0,4.0,6.0,3.0,,,2.0,0.0,Completed,1.1,7.0,1.13,6.91,1.17,7.75,1.12,6.23
WTA,2021,25,Paris,French Open,2021-05-30,Grand Slam,Outdoor,Clay,1st Round,3,Hibino N.,Stojanovic N.,82.0,87.0,998.0,901.0,7.0,6.0,6.0,2.0,,,2.0,0.0,Completed,3.0,1.4,3.26,1.38,3.26,1.44,2.96,1.4
WTA,2021,25,Paris,French Open,2021-05-30,Grand Slam,Outdoor,Clay,1st Round,3,Kudermetova V.,Anisimova A.,30.0,41.0,2160.0,1690.0,7.0,6.0,6.0,1.0,,,2.0,0.0,Completed,1.8,2.0,1.87,2.02,1.87,2.12,1.81,2.0
WTA,2021,25,Paris,French Open,2021-05-30,Grand Slam,Outdoor,Clay,1st Round,3,Siniakova K.,Bouzkova M.,68.0,52.0,1195.0,1495.0,6.0,0.0,4.0,6.0,6.0,2.0,2.0,1.0,Completed,1.4,3.0,1.49,2.81,1.5,3.3,1.41,2.92
WTA,2021,25,Paris,French Open,2021-05-30,Grand Slam,Outdoor,Clay,1st Round,3,Azarenka V.,Kuznetsova S.,16.0,40.0,3526.0,1692.0,6.0,4.0,2.0,6.0,6.0,3.0,2.0,1.0,Completed,1.25,4.0,1.24,4.48,1.3,4.48,1.24,3.99
WTA,2021,25,Paris,French Open,2021-05-30,Grand Slam,Outdoor,Clay,1st Round,3,Sasnovich A.,Parry D.,103.0,291.0,818.0,227.0,6.0,3.0,3.0,6.0,6.0,3.0,2.0,1.0,Completed,1.3,3.5,1.32,3.7,1.33,3.95,1.3,3.52
WTA,2021,25,Paris,French Open,2021-05-30,Grand Slam,Outdoor,Clay,1st Round,3,Fernandez L.A.,Potapova A.,69.0,78.0,1159.0,1061.0,6.0,2.0,6.0,1.0,,,2.0,0.0,Completed,1.8,2.0,1.79,2.12,1.86,2.25,1.77,2.07
WTA,2021,25,Paris,French Open,2021-05-30,Grand Slam,Outdoor,Clay,1st Round,3,Keys M.,Dodin O.,24.0,115.0,2606.0,727.0,6.0,3.0,3.0,6.0,6.0,1.0,2.0,1.0,Completed,1.3,3.5,1.34,3.54,1.36,3.66,1.32,3.37
WTA,2021,25,Paris,French Open,2021-05-31,Grand Slam,Outdoor,Clay,1st Round,3,Brengle M.,Osorio M.,84.0,98.0,990.0,837.0,7.0,5.0,6.0,4.0,,,2.0,0.0,Completed,4.33,1.22,5.2,1.19,5.25,1.23,4.73,1.19
WTA,2021,25,Paris,French Open,2021-05-31,Grand Slam,Outdoor,Clay,1st Round,3,Peterson R.,Rogers S.,60.0,47.0,1330.0,1618.0,6.0,7.0,7.0,6.0,6.0,2.0,2.0,1.0,Completed,3.0,1.4,2.67,1.53,3.1,1.53,2.77,1.45
WTA,2021,25,Paris,French Open,2021-05-31,Grand Slam,Outdoor,Clay,1st Round,3,Vondrousova M.,Kanepi K.,21.0,66.0,2746.0,1218.0,4.0,6.0,6.0,3.0,6.0,0.0,2.0,1.0,Completed,1.9,1.9,1.93,1.95,1.93,2.17,1.77,2.06
WTA,2021,25,Paris,French Open,2021-05-31,Grand Slam,Outdoor,Clay,1st Round,3,Tan H.,Cornet A.,149.0,65.0,558.0,1240.0,6.0,4.0,6.0,4.0,,,2.0,0.0,Completed,2.3,1.61,2.3,1.68,2.37,1.77,2.21,1.67
WTA,2021,25,Paris,French Open,2021-05-31,Grand Slam,Outdoor,Clay,1st Round,3,Hercog P.,Bertens K.,73.0,17.0,1106.0,3220.0,6.0,1.0,3.0,6.0,6.0,4.0,2.0,1.0,Completed,2.0,1.8,2.01,1.88,2.1,1.91,1.98,1.83
WTA,2021,25,Paris,French Open,2021-05-31,Grand Slam,Outdoor,Clay,1st Round,3,Swiatek I.,Juvan K.,9.0,101.0,4435.0,825.0,6.0,0.0,7.0,5.0,,,2.0,0.0,Completed,1.04,13.0,1.03,18.08,1.05,20.0,1.03,13.41
WTA,2021,25,Paris,French Open,2021-05-31,Grand Slam,Outdoor,Clay,1st Round,3,Diyas Z.,Watson H.,93.0,71.0,858.0,1131.0,6.0,4.0,7.0,5.0,,,2.0,0.0,Completed,1.5,2.62,1.58,2.52,1.53,2.8,1.49,2.63
WTA,2021,25,Paris,French Open,2021-05-31,Grand Slam,Outdoor,Clay,1st Round,3,Zidansek T.,Andreescu B.,85.0,7.0,920.0,5325.0,6.0,7.0,7.0,6.0,9.0,7.0,2.0,1.0,Completed,2.75,1.44,2.79,1.49,2.95,1.5,2.73,1.46
WTA,2021,25,Paris,French Open,2021-05-31,Grand Slam,Outdoor,Clay,1st Round,3,Baptiste H.,Blinkova A.,203.0,77.0,347.0,1068.0,6.0,1.0,6.0,4.0,,,2.0,0.0,Completed,1.61,2.3,1.66,2.34,1.8,2.55,1.66,2.24
WTA,2021,25,Paris,French Open,2021-05-31,Grand Slam,Outdoor,Clay,1st Round,3,Mertens E.,Sanders S.,15.0,161.0,3685.0,493.0,6.0,4.0,6.0,1.0,,,2.0,0.0,Completed,1.14,5.5,1.16,5.9,1.18,6.5,1.14,5.7
WTA,2021,25,Paris,French Open,2021-05-31,Grand Slam,Outdoor,Clay,1st Round,3,Garcia C.,Siegemund L.,58.0,55.0,1350.0,1428.0,6.0,3.0,6.0,1.0,,,2.0,0.0,Completed,1.72,2.1,1.7,2.26,1.75,2.3,1.7,2.15
WTA,2021,25,Paris,French Open,2021-05-31,Grand Slam,Outdoor,Clay,1st Round,3,Cirstea S.,Konta J.,54.0,20.0,1444.0,2756.0,7.0,6.0,6.0,2.0,,,2.0,0.0,Completed,1.8,2.0,1.82,2.08,1.87,2.1,1.8,2.02
WTA,2021,25,Paris,French Open,2021-05-31,Grand Slam,Outdoor,Clay,1st Round,3,Kenin S.,Ostapenko J.,5.0,44.0,5865.0,1680.0,6.0,4.0,4.0,6.0,6.0,3.0,2.0,1.0,Completed,2.5,1.53,2.47,1.6,2.75,1.63,2.55,1.52
WTA,2021,25,Paris,French Open,2021-05-31,Grand Slam,Outdoor,Clay,1st Round,3,Bencic B.,Podoroska N.,11.0,42.0,4140.0,1687.0,6.0,0.0,6.0,3.0,,,2.0,0.0,Completed,1.9,1.9,1.96,1.93,2.2,1.93,1.97,1.84
WTA,2021,25,Paris,French Open,2021-05-31,Grand Slam,Outdoor,Clay,1st Round,3,Trevisan M.,Van Uytvanck A.,97.0,67.0,844.0,1205.0,7.0,5.0,4.0,6.0,6.0,4.0,2.0,1.0,Completed,2.3,1.61,2.48,1.6,2.54,1.65,2.38,1.58
WTA,2021,25,Paris,French Open,2021-05-31,Grand Slam,Outdoor,Clay,1st Round,3,Gracheva V.,Arruabarrena L.,88.0,192.0,879.0,364.0,6.0,2.0,6.0,3.0,,,2.0,0.0,Completed,2.1,1.72,2.09,1.82,2.3,1.82,2.15,1.71
WTA,2021,25,Paris,French Open,2021-05-31,Grand Slam,Outdoor,Clay,1st Round,3,Buzarnescu M.,Rus A.,174.0,83.0,425.0,996.0,7.0,5.0,7.0,5.0,,,2.0,0.0,Completed,3.2,1.36,3.01,1.43,3.32,1.43,3.05,1.38
WTA,2021,25,Paris,French Open,2021-05-31,Grand Slam,Outdoor,Clay,1st Round,3,Kasatkina D.,Doi M.,37.0,79.0,1800.0,1021.0,6.0,3.0,5.0,7.0,6.0,3.0,2.0,1.0,Completed,1.16,5.0,1.14,6.47,1.16,6.5,1.14,5.74
WTA,2021,25,Paris,French Open,2021-05-31,Grand Slam,Outdoor,Clay,1st Round,3,Zheng S.,Sorribes Tormo S.,57.0,49.0,1400.0,1535.0,4.0,6.0,6.0,4.0,6.0,4.0,2.0,1.0,Completed,5.0,1.16,6.29,1.15,6.29,1.2,5.0,1.17
WTA,2021,25,Paris,French Open,2021-05-31,Grand Slam,Outdoor,Clay,1st Round,3,Pegula J.,Zhu L.,29.0,99.0,2219.0,831.0,6.0,4.0,4.0,6.0,6.0,4.0,2.0,1.0,Completed,1.04,13.0,1.03,17.19,1.04,20.0,1.02,14.51
WTA,2021,25,Paris,French Open,2021-05-31,Grand Slam,Outdoor,Clay,1st Round,3,Kostyuk M.,Muguruza G.,81.0,13.0,1000.0,4110.0,6.0,1.0,6.0,4.0,,,2.0,0.0,Completed,4.5,1.2,5.35,1.19,6.0,1.22,4.81,1.19
WTA,2021,25,Paris,French Open,2021-05-31,Grand Slam,Outdoor,Clay,1st Round,3,Martincova T.,Jorovic I.,94.0,255.0,853.0,270.0,6.0,3.0,7.0,6.0,,,2.0,0.0,Completed,1.44,2.75,1.49,2.78,1.49,3.64,1.42,2.87
WTA,2021,25,Paris,French Open,2021-05-31,Grand Slam,Outdoor,Clay,1st Round,3,Giorgi C.,Martic P.,80.0,23.0,1020.0,2660.0,6.0,2.0,6.0,7.0,6.0,4.0,2.0,1.0,Completed,3.5,1.3,3.53,1.34,4.0,1.34,3.48,1.31
WTA,2021,25,Paris,French Open,2021-05-31,Grand Slam,Outdoor,Clay,1st Round,3,Williams S.,Begu I.,8.0,74.0,4821.0,1104.0,7.0,6.0,6.0,2.0,,,2.0,0.0,Completed,1.36,3.2,1.4,3.19,1.4,3.51,1.35,3.23
WTA,2021,25,Paris,French Open,2021-06-01,Grand Slam,Outdoor,Clay,1st Round,3,Paolini J.,Voegele S.,91.0,131.0,863.0,629.0,7.0,5.0,6.0,1.0,,,2.0,0.0,Completed,1.44,2.75,1.49,2.78,1.51,2.8,1.47,2.7
WTA,2021,25,Paris,French Open,2021-06-01,Grand Slam,Outdoor,Clay,1st Round,3,Brady J.,Sevastova A.,14.0,48.0,3830.0,1615.0,6.0,3.0,6.0,3.0,,,2.0,0.0,Completed,1.8,2.0,1.85,2.05,1.91,2.12,1.82,1.99
WTA,2021,25,Paris,French Open,2021-06-01,Grand Slam,Outdoor,Clay,1st Round,3,Jabeur O.,Putintseva Y.,26.0,43.0,2415.0,1685.0,7.0,5.0,6.0,2.0,,,2.0,0.0,Completed,1.53,2.5,1.49,2.79,1.6,2.79,1.51,2.57
WTA,2021,25,Paris,French Open,2021-06-01,Grand Slam,Outdoor,Clay,1st Round,3,Ferro F.,Liang E.S.,51.0,297.0,1500.0,221.0,6.0,1.0,1.0,6.0,6.0,4.0,2.0,1.0,Completed,1.12,6.0,1.14,6.48,1.18,6.48,1.14,5.7
WTA,2021,25,Paris,French Open,2021-06-01,Grand Slam,Outdoor,Clay,1st Round,3,Sharma A.,Bara I.,124.0,122.0,677.0,691.0,7.0,6.0,6.0,2.0,,,2.0,0.0,Completed,2.2,1.66,2.24,1.71,2.5,1.73,2.25,1.65
WTA,2021,25,Paris,French Open,2021-06-01,Grand Slam,Outdoor,Clay,1st Round,3,Li A.,Gasparyan M.,75.0,100.0,1092.0,826.0,6.0,0.0,6.0,1.0,,,2.0,0.0,Completed,1.5,2.62,1.43,3.03,1.51,3.03,1.46,2.74
WTA,2021,25,Paris,French Open,2021-06-01,Grand Slam,Outdoor,Clay,1st Round,3,Sakkari M.,Zavatska K.,18.0,129.0,2830.0,634.0,6.0,4.0,6.0,1.0,,,2.0,0.0,Completed,1.11,6.5,1.11,8.04,1.12,8.25,1.1,6.97
WTA,2021,25,Paris,French Open,2021-06-01,Grand Slam,Outdoor,Clay,1st Round,3,Svitolina E.,Babel O.,6.0,1111.0,5835.0,11.0,6.0,2.0,7.0,5.0,,,2.0,0.0,Completed,1.01,26.0,1.01,26.33,1.01,34.0,1.01,20.86
WTA,2021,25,Paris,French Open,2021-06-01,Grand Slam,Outdoor,Clay,1st Round,3,Krejcikova B.,Pliskova Kr.,33.0,89.0,1973.0,870.0,5.0,7.0,6.0,4.0,6.0,2.0,2.0,1.0,Completed,1.12,6.0,1.13,6.85,1.15,7.0,1.12,6.31
WTA,2021,25,Paris,French Open,2021-06-01,Grand Slam,Outdoor,Clay,1st Round,3,Barty A.,Pera B.,1.0,70.0,10175.0,1140.0,6.0,4.0,3.0,6.0,6.0,2.0,2.0,1.0,Completed,1.11,6.5,1.09,9.16,1.12,9.52,1.08,8.07
WTA,2021,25,Paris,French Open,2021-06-01,Grand Slam,Outdoor,Clay,1st Round,3,Wang Q.,Hsieh S.W.,39.0,64.0,1700.0,1263.0,2.0,6.0,6.0,4.0,7.0,5.0,2.0,1.0,Completed,1.44,2.75,1.53,2.67,1.53,3.02,1.44,2.81
WTA,2021,25,Paris,French Open,2021-06-01,Grand Slam,Outdoor,Clay,1st Round,3,Mladenovic K.,Schmiedlova A.,61.0,121.0,1320.0,694.0,6.0,4.0,6.0,0.0,,,2.0,0.0,Completed,2.37,1.57,2.32,1.68,2.45,1.7,2.31,1.62
WTA,2021,25,Paris,French Open,2021-06-01,Grand Slam,Outdoor,Clay,1st Round,3,Kontaveit A.,Golubic V.,31.0,72.0,2145.0,1126.0,6.0,7.0,7.0,6.0,6.0,0.0,2.0,1.0,Completed,1.4,3.0,1.43,3.04,1.43,3.4,1.4,2.95
WTA,2021,25,Paris,French Open,2021-06-01,Grand Slam,Outdoor,Clay,1st Round,3,Linette M.,Paquet C.,45.0,251.0,1638.0,275.0,6.0,3.0,6.0,3.0,,,2.0,0.0,Completed,1.16,5.0,1.23,4.69,1.23,6.0,1.18,4.91
WTA,2021,25,Paris,French Open,2021-06-01,Grand Slam,Outdoor,Clay,1st Round,3,Alexandrova E.,Williams V.,34.0,104.0,1940.0,814.0,6.0,3.0,6.0,1.0,,,2.0,0.0,Completed,1.1,7.0,1.16,6.03,1.16,7.0,1.13,5.98
WTA,2021,25,Paris,French Open,2021-06-01,Grand Slam,Outdoor,Clay,1st Round,3,Lepchenko V.,Zhang S.,171.0,46.0,430.0,1631.0,6.0,3.0,6.0,3.0,,,2.0,0.0,Completed,1.66,2.2,1.8,2.12,1.81,2.28,1.72,2.14
WTA,2021,25,Paris,French Open,2021-06-01,Grand Slam,Outdoor,Clay,1st Round,3,Gauff C.,Krunic A.,25.0,213.0,2420.0,329.0,7.0,6.0,6.0,4.0,,,2.0,0.0,Completed,1.12,6.0,1.16,6.02,1.19,7.5,1.13,5.86
WTA,2021,25,Paris,French Open,2021-06-01,Grand Slam,Outdoor,Clay,1st Round,3,Muchova K.,Petkovic A.,19.0,112.0,2816.0,742.0,1.0,6.0,6.0,3.0,6.0,4.0,2.0,1.0,Completed,1.11,6.5,1.12,7.23,1.14,9.0,1.11,6.65
WTA,2021,25,Paris,French Open,2021-06-01,Grand Slam,Outdoor,Clay,1st Round,3,Pliskova Ka.,Vekic D.,10.0,36.0,4345.0,1810.0,7.0,5.0,6.0,4.0,,,2.0,0.0,Completed,1.22,4.33,1.28,4.05,1.28,4.73,1.23,4.15
WTA,2021,25,Paris,French Open,2021-06-01,Grand Slam,Outdoor,Clay,1st Round,3,Stephens S.,Suarez Navarro C.,59.0,118.0,1346.0,702.0,3.0,6.0,7.0,6.0,6.0,4.0,2.0,1.0,Completed,1.08,8.0,1.15,6.3,1.15,9.4,1.11,6.76
WTA,2021,25,Paris,French Open,2021-06-02,Grand Slam,Outdoor,Clay,2nd Round,3,Zidansek T.,Brengle M.,85.0,84.0,920.0,990.0,6.0,4.0,6.0,1.0,,,2.0,0.0,Completed,1.25,4.0,1.24,4.49,1.32,4.49,1.26,3.85
WTA,2021,25,Paris,French Open,2021-06-02,Grand Slam,Outdoor,Clay,2nd Round,3,Siniakova K.,Kudermetova V.,68.0,30.0,1195.0,2160.0,7.0,6.0,5.0,7.0,7.0,5.0,2.0,1.0,Completed,2.75,1.44,2.7,1.52,3.0,1.52,2.74,1.46
WTA,2021,25,Paris,French Open,2021-06-02,Grand Slam,Outdoor,Clay,2nd Round,3,Kasatkina D.,Bencic B.,37.0,11.0,1800.0,4140.0,6.0,2.0,6.0,2.0,,,2.0,0.0,Completed,2.1,1.72,2.41,1.63,2.41,1.78,2.2,1.68
WTA,2021,25,Paris,French Open,2021-06-02,Grand Slam,Outdoor,Clay,2nd Round,3,Cirstea S.,Trevisan M.,54.0,97.0,1444.0,844.0,6.0,4.0,3.0,6.0,6.0,4.0,2.0,1.0,Completed,1.14,5.5,1.19,5.25,1.19,5.8,1.16,5.27
WTA,2021,25,Paris,French Open,2021-06-02,Grand Slam,Outdoor,Clay,2nd Round,3,Vondrousova M.,Tan H.,21.0,149.0,2746.0,558.0,6.0,1.0,6.0,3.0,,,2.0,0.0,Completed,1.25,4.0,1.24,4.55,1.35,4.55,1.25,3.96
WTA,2021,25,Paris,French Open,2021-06-02,Grand Slam,Outdoor,Clay,2nd Round,3,Hercog P.,Garcia C.,73.0,58.0,1106.0,1350.0,7.0,5.0,6.0,4.0,,,2.0,0.0,Completed,2.62,1.5,2.52,1.58,2.75,1.65,2.55,1.52
WTA,2021,25,Paris,French Open,2021-06-02,Grand Slam,Outdoor,Clay,2nd Round,3,Collins D.,Kalinina A.,50.0,139.0,1529.0,583.0,6.0,0.0,6.0,2.0,,,2.0,0.0,Completed,2.2,1.66,2.21,1.74,2.35,1.83,2.19,1.68
WTA,2021,25,Paris,French Open,2021-06-02,Grand Slam,Outdoor,Clay,2nd Round,3,Badosa P.,Kovinic D.,35.0,62.0,1870.0,1270.0,6.0,2.0,6.0,0.0,,,2.0,0.0,Completed,1.16,5.0,1.19,5.24,1.21,5.66,1.17,5.02
WTA,2021,25,Paris,French Open,2021-06-02,Grand Slam,Outdoor,Clay,2nd Round,3,Azarenka V.,Tauson C.,16.0,90.0,3526.0,870.0,7.0,5.0,6.0,4.0,,,2.0,0.0,Completed,1.57,2.37,1.62,2.43,1.65,2.58,1.59,2.36
WTA,2021,25,Paris,French Open,2021-06-02,Grand Slam,Outdoor,Clay,2nd Round,3,Keys M.,Fernandez L.A.,24.0,69.0,2606.0,1159.0,6.0,1.0,7.0,5.0,,,2.0,0.0,Completed,2.1,1.72,2.27,1.7,2.3,1.76,2.19,1.69
WTA,2021,25,Paris,French Open,2021-06-02,Grand Slam,Outdoor,Clay,2nd Round,3,Pavlyuchenkova A.,Tomljanovic A.,32.0,76.0,2070.0,1075.0,6.0,2.0,6.0,3.0,,,2.0,0.0,Completed,1.61,2.3,1.61,2.46,1.63,2.65,1.57,2.4
WTA,2021,25,Paris,French Open,2021-06-02,Grand Slam,Outdoor,Clay,2nd Round,3,Williams S.,Buzarnescu M.,8.0,174.0,4821.0,425.0,6.0,3.0,5.0,7.0,6.0,1.0,2.0,1.0,Completed,1.16,5.0,1.19,5.2,1.21,5.5,1.18,4.96
WTA,2021,25,Paris,French Open,2021-06-02,Grand Slam,Outdoor,Clay,2nd Round,3,Sabalenka A.,Sasnovich A.,4.0,103.0,6195.0,818.0,7.0,5.0,6.0,3.0,,,2.0,0.0,Completed,1.1,7.0,1.08,9.51,1.14,10.0,1.08,8.02
WTA,2021,25,Paris,French Open,2021-06-02,Grand Slam,Outdoor,Clay,2nd Round,3,Rybakina E.,Hibino N.,22.0,82.0,2683.0,998.0,6.0,3.0,6.0,1.0,,,2.0,0.0,Completed,1.14,5.5,1.21,4.88,1.21,6.1,1.16,5.23
WTA,2021,25,Paris,French Open,2021-06-03,Grand Slam,Outdoor,Clay,2nd Round,3,Muchova K.,Lepchenko V.,19.0,171.0,2816.0,430.0,6.0,3.0,6.0,4.0,,,2.0,0.0,Completed,1.25,4.0,1.29,3.91,1.35,4.5,1.26,3.91
WTA,2021,25,Paris,French Open,2021-06-03,Grand Slam,Outdoor,Clay,2nd Round,3,Pegula J.,Martincova T.,29.0,94.0,2219.0,853.0,6.0,3.0,6.0,3.0,,,2.0,0.0,Completed,1.22,4.33,1.31,3.73,1.34,4.36,1.28,3.69
WTA,2021,25,Paris,French Open,2021-06-03,Grand Slam,Outdoor,Clay,2nd Round,3,Kostyuk M.,Zheng S.,81.0,57.0,1000.0,1400.0,6.0,3.0,6.0,4.0,,,2.0,0.0,Completed,1.25,4.0,1.26,4.28,1.29,4.65,1.24,4.09
WTA,2021,25,Paris,French Open,2021-06-03,Grand Slam,Outdoor,Clay,2nd Round,3,Svitolina E.,Li A.,6.0,75.0,5835.0,1092.0,6.0,0.0,6.0,4.0,,,2.0,0.0,Completed,1.3,3.5,1.3,3.88,1.32,3.94,1.29,3.6
WTA,2021,25,Paris,French Open,2021-06-03,Grand Slam,Outdoor,Clay,2nd Round,3,Jabeur O.,Sharma A.,26.0,124.0,2415.0,677.0,6.0,2.0,6.0,4.0,,,2.0,0.0,Completed,1.22,4.33,1.25,4.38,1.32,4.55,1.24,4.11
WTA,2021,25,Paris,French Open,2021-06-03,Grand Slam,Outdoor,Clay,2nd Round,3,Kenin S.,Baptiste H.,5.0,203.0,5865.0,347.0,7.0,5.0,6.0,3.0,,,2.0,0.0,Completed,1.33,3.4,1.37,3.31,1.38,3.5,1.34,3.28
WTA,2021,25,Paris,French Open,2021-06-03,Grand Slam,Outdoor,Clay,2nd Round,3,Linette M.,Barty A.,45.0,1.0,1638.0,10175.0,6.0,1.0,2.0,2.0,,,1.0,0.0,Retired,6.0,1.12,5.9,1.16,8.0,1.16,5.75,1.14
WTA,2021,25,Paris,French Open,2021-06-03,Grand Slam,Outdoor,Clay,2nd Round,3,Krejcikova B.,Alexandrova E.,33.0,34.0,1973.0,1940.0,6.0,2.0,6.0,3.0,,,2.0,0.0,Completed,1.72,2.1,1.72,2.22,1.85,2.3,1.72,2.14
WTA,2021,25,Paris,French Open,2021-06-03,Grand Slam,Outdoor,Clay,2nd Round,3,Gracheva V.,Giorgi C.,88.0,80.0,879.0,1020.0,7.0,5.0,1.0,6.0,6.0,2.0,2.0,1.0,Completed,2.3,1.61,2.55,1.57,2.6,1.73,2.39,1.58
WTA,2021,25,Paris,French Open,2021-06-03,Grand Slam,Outdoor,Clay,2nd Round,3,Stephens S.,Pliskova Ka.,59.0,10.0,1346.0,4345.0,7.0,5.0,6.0,1.0,,,2.0,0.0,Completed,2.75,1.44,2.76,1.5,3.02,1.5,2.73,1.46
WTA,2021,25,Paris,French Open,2021-06-03,Grand Slam,Outdoor,Clay,2nd Round,3,Sakkari M.,Paolini J.,18.0,91.0,2830.0,863.0,6.0,2.0,6.0,3.0,,,2.0,0.0,Completed,1.16,5.0,1.16,5.94,1.17,6.3,1.15,5.6
WTA,2021,25,Paris,French Open,2021-06-03,Grand Slam,Outdoor,Clay,2nd Round,3,Mertens E.,Diyas Z.,15.0,93.0,3685.0,858.0,4.0,6.0,6.0,2.0,6.0,4.0,2.0,1.0,Completed,1.08,8.0,1.11,7.99,1.11,9.1,1.09,7.56
WTA,2021,25,Paris,French Open,2021-06-03,Grand Slam,Outdoor,Clay,2nd Round,3,Gauff C.,Wang Q.,25.0,39.0,2420.0,1700.0,6.0,3.0,7.0,6.0,,,2.0,0.0,Completed,1.14,5.5,1.16,6.01,1.17,6.5,1.15,5.54
WTA,2021,25,Paris,French Open,2021-06-03,Grand Slam,Outdoor,Clay,2nd Round,3,Brady J.,Ferro F.,14.0,51.0,3830.0,1500.0,6.0,4.0,2.0,6.0,7.0,5.0,2.0,1.0,Completed,1.53,2.5,1.54,2.64,1.64,2.8,1.51,2.56
WTA,2021,25,Paris,French Open,2021-06-03,Grand Slam,Outdoor,Clay,2nd Round,3,Kontaveit A.,Mladenovic K.,31.0,61.0,2145.0,1320.0,6.0,2.0,6.0,0.0,,,2.0,0.0,Completed,1.36,3.2,1.42,3.06,1.45,3.38,1.4,2.97
WTA,2021,25,Paris,French Open,2021-06-03,Grand Slam,Outdoor,Clay,2nd Round,3,Swiatek I.,Peterson R.,9.0,60.0,4435.0,1330.0,6.0,1.0,6.0,1.0,,,2.0,0.0,Completed,1.04,13.0,1.03,17.67,1.06,19.0,1.03,14.44
WTA,2021,25,Paris,French Open,2021-06-04,Grand Slam,Outdoor,Clay,2nd Round,3,Vesnina E.,Kvitova P.,1096.0,12.0,11.0,4115.0,,,,,,,,,Walkover,,,,,,,,
WTA,2021,25,Paris,French Open,2021-06-04,Grand Slam,Outdoor,Clay,2nd Round,3,Bogdan A.,Osaka N.,102.0,2.0,820.0,7461.0,,,,,,,,,Walkover,,,,,,,,
WTA,2021,25,Paris,French Open,2021-06-04,Grand Slam,Outdoor,Clay,3rd Round,3,Zidansek T.,Siniakova K.,85.0,68.0,920.0,1195.0,0.0,6.0,7.0,6.0,6.0,2.0,2.0,1.0,Completed,1.72,2.1,1.78,2.14,1.85,2.18,1.76,2.08
WTA,2021,25,Paris,French Open,2021-06-04,Grand Slam,Outdoor,Clay,3rd Round,3,Pavlyuchenkova A.,Sabalenka A.,32.0,4.0,2070.0,6195.0,6.0,4.0,2.0,6.0,6.0,0.0,2.0,1.0,Completed,4.5,1.2,4.22,1.26,4.8,1.29,4.38,1.22
WTA,2021,25,Paris,French Open,2021-06-04,Grand Slam,Outdoor,Clay,3rd Round,3,Rybakina E.,Vesnina E.,22.0,1096.0,2683.0,11.0,6.0,1.0,6.0,4.0,,,2.0,0.0,Completed,1.12,6.0,1.13,6.8,1.18,7.0,1.13,6.04
WTA,2021,25,Paris,French Open,2021-06-04,Grand Slam,Outdoor,Clay,3rd Round,3,Azarenka V.,Keys M.,16.0,24.0,3526.0,2606.0,6.0,2.0,6.0,2.0,,,2.0,0.0,Completed,1.61,2.3,1.61,2.45,1.69,2.55,1.62,2.31
WTA,2021,25,Paris,French Open,2021-06-04,Grand Slam,Outdoor,Clay,3rd Round,3,Williams S.,Collins D.,8.0,50.0,4821.0,1529.0,6.0,4.0,6.0,4.0,,,2.0,0.0,Completed,1.66,2.2,1.67,2.32,1.72,2.45,1.66,2.25
WTA,2021,25,Paris,French Open,2021-06-04,Grand Slam,Outdoor,Clay,3rd Round,3,Cirstea S.,Kasatkina D.,54.0,37.0,1444.0,1800.0,6.0,3.0,6.0,2.0,,,2.0,0.0,Completed,2.37,1.57,2.47,1.6,2.88,1.6,2.47,1.55
WTA,2021,25,Paris,French Open,2021-06-04,Grand Slam,Outdoor,Clay,3rd Round,3,Vondrousova M.,Hercog P.,21.0,73.0,2746.0,1106.0,6.0,3.0,6.0,3.0,,,2.0,0.0,Completed,1.5,2.62,1.43,3.02,1.54,3.05,1.45,2.79
WTA,2021,25,Paris,French Open,2021-06-04,Grand Slam,Outdoor,Clay,3rd Round,3,Badosa P.,Bogdan A.,35.0,102.0,1870.0,820.0,2.0,6.0,7.0,6.0,6.0,4.0,2.0,1.0,Completed,1.16,5.0,1.17,5.72,1.19,6.44,1.16,5.31
WTA,2021,25,Paris,French Open,2021-06-05,Grand Slam,Outdoor,Clay,3rd Round,3,Stephens S.,Muchova K.,59.0,19.0,1346.0,2816.0,6.0,3.0,7.0,5.0,,,2.0,0.0,Completed,2.5,1.53,2.46,1.61,2.64,1.61,2.49,1.54
WTA,2021,25,Paris,French Open,2021-06-05,Grand Slam,Outdoor,Clay,3rd Round,3,Krejcikova B.,Svitolina E.,33.0,6.0,1973.0,5835.0,6.0,3.0,6.0,2.0,,,2.0,0.0,Completed,2.2,1.66,2.21,1.74,2.32,1.74,2.19,1.69
WTA,2021,25,Paris,French Open,2021-06-05,Grand Slam,Outdoor,Clay,3rd Round,3,Kenin S.,Pegula J.,5.0,29.0,5865.0,2219.0,4.0,6.0,6.0,1.0,6.0,4.0,2.0,1.0,Completed,1.66,2.2,1.85,2.05,1.85,2.31,1.71,2.15
WTA,2021,25,Paris,French Open,2021-06-05,Grand Slam,Outdoor,Clay,3rd Round,3,Kostyuk M.,Gracheva V.,81.0,88.0,1000.0,879.0,6.0,1.0,6.0,2.0,,,2.0,0.0,Completed,1.36,3.2,1.4,3.18,1.42,3.4,1.37,3.13
WTA,2021,25,Paris,French Open,2021-06-05,Grand Slam,Outdoor,Clay,3rd Round,3,Sakkari M.,Mertens E.,18.0,15.0,2830.0,3685.0,7.0,5.0,6.0,7.0,6.0,2.0,2.0,1.0,Completed,1.8,2.0,1.79,2.13,1.86,2.13,1.8,2.02
WTA,2021,25,Paris,French Open,2021-06-05,Grand Slam,Outdoor,Clay,3rd Round,3,Swiatek I.,Kontaveit A.,9.0,31.0,4435.0,2145.0,7.0,6.0,6.0,0.0,,,2.0,0.0,Completed,1.16,5.0,1.16,5.89,1.19,6.75,1.14,5.72
WTA,2021,25,Paris,French Open,2021-06-05,Grand Slam,Outdoor,Clay,3rd Round,3,Jabeur O.,Linette M.,26.0,45.0,2415.0,1638.0,3.0,6.0,6.0,0.0,6.0,1.0,2.0,1.0,Completed,1.36,3.2,1.42,3.09,1.42,3.58,1.36,3.18
WTA,2021,25,Paris,French Open,2021-06-05,Grand Slam,Outdoor,Clay,3rd Round,3,Gauff C.,Brady J.,25.0,14.0,2420.0,3830.0,6.0,1.0,,,,,1.0,0.0,Retired,1.53,2.5,1.61,2.44,1.66,2.61,1.55,2.47
WTA,2021,25,Paris,French Open,2021-06-06,Grand Slam,Outdoor,Clay,4th Round,3,Zidansek T.,Cirstea S.,85.0,54.0,920.0,1444.0,7.0,6.0,6.0,1.0,,,2.0,0.0,Completed,2.1,1.72,2.17,1.78,2.23,1.83,2.1,1.75
WTA,2021,25,Paris,French Open,2021-06-06,Grand Slam,Outdoor,Clay,4th Round,3,Pavlyuchenkova A.,Azarenka V.,32.0,16.0,2070.0,3526.0,5.0,7.0,6.0,3.0,6.0,2.0,2.0,1.0,Completed,2.3,1.61,2.33,1.68,2.51,1.71,2.32,1.62
WTA,2021,25,Paris,French Open,2021-06-06,Grand Slam,Outdoor,Clay,4th Round,3,Badosa P.,Vondrousova M.,35.0,21.0,1870.0,2746.0,6.0,4.0,3.0,6.0,6.0,2.0,2.0,1.0,Completed,1.66,2.2,1.68,2.33,1.82,2.33,1.67,2.22
WTA,2021,25,Paris,French Open,2021-06-06,Grand Slam,Outdoor,Clay,4th Round,3,Rybakina E.,Williams S.,22.0,8.0,2683.0,4821.0,6.0,3.0,7.0,5.0,,,2.0,0.0,Completed,2.5,1.53,2.53,1.59,2.74,1.63,2.5,1.55
WTA,2021,25,Paris,French Open,2021-06-07,Grand Slam,Outdoor,Clay,4th Round,3,Krejcikova B.,Stephens S.,33.0,59.0,1973.0,1346.0,6.0,2.0,6.0,0.0,,,2.0,0.0,Completed,1.53,2.5,1.56,2.6,1.7,2.78,1.53,2.51
WTA,2021,25,Paris,French Open,2021-06-07,Grand Slam,Outdoor,Clay,4th Round,3,Gauff C.,Jabeur O.,25.0,26.0,2420.0,2415.0,6.0,3.0,6.0,1.0,,,2.0,0.0,Completed,1.57,2.37,1.65,2.39,1.73,2.46,1.6,2.36
WTA,2021,25,Paris,French Open,2021-06-07,Grand Slam,Outdoor,Clay,4th Round,3,Sakkari M.,Kenin S.,18.0,5.0,2830.0,5865.0,6.0,1.0,6.0,3.0,,,2.0,0.0,Completed,1.53,2.5,1.55,2.64,1.6,2.73,1.52,2.54
WTA,2021,25,Paris,French Open,2021-06-07,Grand Slam,Outdoor,Clay,4th Round,3,Swiatek I.,Kostyuk M.,9.0,81.0,4435.0,1000.0,6.0,3.0,6.0,4.0,,,2.0,0.0,Completed,1.11,6.5,1.13,7.07,1.14,8.1,1.11,6.57
WTA,2021,25,Paris,French Open,2021-06-08,Grand Slam,Outdoor,Clay,Quarterfinals,3,Zidansek T.,Badosa P.,85.0,35.0,920.0,1870.0,7.0,5.0,4.0,6.0,8.0,6.0,2.0,1.0,Completed,3.5,1.3,3.47,1.36,3.65,1.38,3.37,1.33
WTA,2021,25,Paris,French Open,2021-06-08,Grand Slam,Outdoor,Clay,Quarterfinals,3,Pavlyuchenkova A.,Rybakina E.,32.0,22.0,2070.0,2683.0,6.0,7.0,6.0,2.0,9.0,7.0,2.0,1.0,Completed,2.3,1.61,2.25,1.72,2.51,1.8,2.23,1.67
WTA,2021,25,Paris,French Open,2021-06-09,Grand Slam,Outdoor,Clay,Quarterfinals,3,Krejcikova B.,Gauff C.,33.0,25.0,1973.0,2420.0,7.0,6.0,6.0,3.0,,,2.0,0.0,Completed,2.0,1.8,2.02,1.89,2.1,1.91,1.97,1.85
WTA,2021,25,Paris,French Open,2021-06-09,Grand Slam,Outdoor,Clay,Quarterfinals,3,Sakkari M.,Swiatek I.,18.0,9.0,2830.0,4435.0,6.0,4.0,6.0,4.0,,,2.0,0.0,Completed,4.0,1.25,4.01,1.29,4.25,1.3,3.85,1.27
WTA,2021,25,Paris,French Open,2021-06-10,Grand Slam,Outdoor,Clay,Semifinals,3,Pavlyuchenkova A.,Zidansek T.,32.0,85.0,2070.0,920.0,7.0,5.0,6.0,3.0,,,2.0,0.0,Completed,1.57,2.37,1.49,2.82,1.61,2.82,1.55,2.5
WTA,2021,25,Paris,French Open,2021-06-10,Grand Slam,Outdoor,Clay,Semifinals,3,Krejcikova B.,Sakkari M.,33.0,18.0,1973.0,2830.0,7.0,5.0,4.0,6.0,9.0,7.0,2.0,1.0,Completed,2.37,1.57,2.27,1.71,2.55,1.71,2.37,1.6
WTA,2021,25,Paris,French Open,2021-06-12,Grand Slam,Outdoor,Clay,The Final,3,Krejcikova B.,Pavlyuchenkova A.,33.0,32.0,1973.0,2070.0,6.0,1.0,2.0,6.0,6.0,4.0,2.0,1.0,Completed,1.8,2.1,1.74,2.23,1.85,2.37,1.74,2.14
WTA,2021,31,London,Wimbledon,2021-06-28,Grand Slam,Outdoor,Grass,1st Round,3,Sabalenka A.,Niculescu M.,4.0,191.0,6195.0,366.0,6.0,1.0,6.0,4.0,,,2.0,0.0,Completed,1.11,6.5,1.12,7.48,1.15,8.2,1.11,6.7
WTA,2021,31,London,Wimbledon,2021-06-28,Grand Slam,Outdoor,Grass,1st Round,3,Keys M.,Swan K.,27.0,292.0,2405.0,232.0,6.0,3.0,6.0,4.0,,,2.0,0.0,Completed,1.16,5.0,1.18,5.43,1.23,5.43,1.18,4.91
WTA,2021,31,London,Wimbledon,2021-06-28,Grand Slam,Outdoor,Grass,1st Round,3,Davis L.,Burrage J.,91.0,274.0,930.0,251.0,6.0,2.0,6.0,1.0,,,2.0,0.0,Completed,1.28,3.75,1.29,3.92,1.4,4.3,1.28,3.76
WTA,2021,31,London,Wimbledon,2021-06-28,Grand Slam,Outdoor,Grass,1st Round,3,Collins D.,Hercog P.,48.0,77.0,1530.0,1056.0,4.0,6.0,6.0,3.0,6.0,2.0,2.0,1.0,Completed,1.53,2.5,1.57,2.55,1.59,2.7,1.54,2.48
WTA,2021,31,London,Wimbledon,2021-06-28,Grand Slam,Outdoor,Grass,1st Round,3,Muguruza G.,Ferro F.,12.0,51.0,4045.0,1487.0,6.0,0.0,6.0,1.0,,,2.0,0.0,Completed,1.11,6.5,1.1,8.57,1.11,11.0,1.09,7.56
WTA,2021,31,London,Wimbledon,2021-06-28,Grand Slam,Outdoor,Grass,1st Round,3,Boulter K.,Lao D.,219.0,239.0,322.0,290.0,6.0,7.0,6.0,3.0,6.0,4.0,2.0,1.0,Completed,1.36,3.2,1.4,3.19,1.4,3.25,1.37,3.1
WTA,2021,31,London,Wimbledon,2021-06-28,Grand Slam,Outdoor,Grass,1st Round,3,Golubic V.,Kudermetova V.,66.0,32.0,1231.0,2100.0,3.0,6.0,6.0,1.0,11.0,9.0,2.0,1.0,Completed,2.2,1.66,2.27,1.7,2.38,1.75,2.19,1.69
WTA,2021,31,London,Wimbledon,2021-06-28,Grand Slam,Outdoor,Grass,1st Round,3,Osorio M.,Kalinskaya A.,94.0,109.0,868.0,743.0,1.0,6.0,6.0,0.0,6.0,4.0,2.0,1.0,Completed,2.2,1.66,2.22,1.73,2.27,1.78,2.19,1.69
WTA,2021,31,London,Wimbledon,2021-06-28,Grand Slam,Outdoor,Grass,1st Round,3,Pattinama Kerkhove L.,Kuznetsova S.,174.0,40.0,424.0,1693.0,6.0,3.0,6.0,3.0,,,2.0,0.0,Completed,3.5,1.3,3.63,1.33,3.75,1.34,3.5,1.31
WTA,2021,31,London,Wimbledon,2021-06-28,Grand Slam,Outdoor,Grass,1st Round,3,Alexandrova E.,Siegemund L.,36.0,54.0,1940.0,1458.0,6.0,1.0,6.0,3.0,,,2.0,0.0,Completed,1.16,5.0,1.16,5.92,1.2,6.0,1.16,5.25
WTA,2021,31,London,Wimbledon,2021-06-28,Grand Slam,Outdoor,Grass,1st Round,3,Stephens S.,Kvitova P.,73.0,10.0,1156.0,4215.0,6.0,3.0,6.0,4.0,,,2.0,0.0,Completed,4.5,1.2,5.06,1.2,5.06,1.22,4.57,1.2
WTA,2021,31,London,Wimbledon,2021-06-28,Grand Slam,Outdoor,Grass,1st Round,3,Kenin S.,Wang Xin.,6.0,144.0,5640.0,555.0,6.0,4.0,6.0,2.0,,,2.0,0.0,Completed,1.33,3.4,1.36,3.41,1.4,3.65,1.32,3.36
WTA,2021,31,London,Wimbledon,2021-06-28,Grand Slam,Outdoor,Grass,1st Round,3,Swiatek I.,Hsieh S.W.,9.0,69.0,4465.0,1189.0,6.0,4.0,6.0,4.0,,,2.0,0.0,Completed,1.25,4.0,1.29,3.97,1.29,4.6,1.25,3.97
WTA,2021,31,London,Wimbledon,2021-06-28,Grand Slam,Outdoor,Grass,1st Round,3,Begu I.,Volynets K.,79.0,199.0,1044.0,355.0,6.0,4.0,7.0,5.0,,,2.0,0.0,Completed,2.1,1.72,2.12,1.79,2.15,1.83,2.06,1.77
WTA,2021,31,London,Wimbledon,2021-06-28,Grand Slam,Outdoor,Grass,1st Round,3,Ahn K.,Watson H.,117.0,68.0,685.0,1226.0,2.0,6.0,7.0,6.0,8.0,6.0,2.0,1.0,Completed,4.33,1.22,3.99,1.28,4.7,1.29,4.11,1.23
WTA,2021,31,London,Wimbledon,2021-06-28,Grand Slam,Outdoor,Grass,1st Round,3,Rybakina E.,Mladenovic K.,20.0,59.0,3123.0,1320.0,6.0,4.0,6.0,0.0,,,2.0,0.0,Completed,1.2,4.5,1.25,4.33,1.27,4.9,1.22,4.27
WTA,2021,31,London,Wimbledon,2021-06-29,Grand Slam,Outdoor,Grass,1st Round,3,Zhu L.,Barthel M.,99.0,190.0,831.0,366.0,6.0,7.0,6.0,3.0,6.0,3.0,2.0,1.0,Completed,2.3,1.61,2.51,1.58,2.51,1.67,2.34,1.6
WTA,2021,31,London,Wimbledon,2021-06-29,Grand Slam,Outdoor,Grass,1st Round,3,Podoroska N.,Li A.,39.0,72.0,1722.0,1157.0,6.0,4.0,7.0,6.0,,,2.0,0.0,Completed,3.0,1.4,3.05,1.43,3.1,1.5,2.88,1.42
WTA,2021,31,London,Wimbledon,2021-06-29,Grand Slam,Outdoor,Grass,1st Round,3,Mertens E.,Dart H.,16.0,142.0,3685.0,572.0,6.0,1.0,6.0,3.0,,,2.0,0.0,Completed,1.11,6.5,1.14,6.73,1.14,7.0,1.12,6.33
WTA,2021,31,London,Wimbledon,2021-06-29,Grand Slam,Outdoor,Grass,1st Round,3,Jabeur O.,Peterson R.,24.0,60.0,2510.0,1305.0,6.0,2.0,6.0,1.0,,,2.0,0.0,Completed,1.1,7.0,1.09,8.96,1.11,9.0,1.08,7.68
WTA,2021,31,London,Wimbledon,2021-06-29,Grand Slam,Outdoor,Grass,1st Round,3,Pliskova Ka.,Zidansek T.,13.0,47.0,3915.0,1540.0,7.0,5.0,6.0,4.0,,,2.0,0.0,Completed,1.3,3.5,1.31,3.77,1.33,3.85,1.3,3.52
WTA,2021,31,London,Wimbledon,2021-06-29,Grand Slam,Outdoor,Grass,1st Round,3,Vekic D.,Potapova A.,49.0,80.0,1490.0,1041.0,6.0,1.0,6.0,4.0,,,2.0,0.0,Completed,1.61,2.3,1.69,2.28,1.71,2.38,1.65,2.23
WTA,2021,31,London,Wimbledon,2021-06-29,Grand Slam,Outdoor,Grass,1st Round,3,Martincova T.,Riske A.,87.0,29.0,967.0,2235.0,6.0,2.0,4.0,6.0,6.0,1.0,2.0,1.0,Completed,2.5,1.53,2.58,1.56,2.7,1.57,2.51,1.53
WTA,2021,31,London,Wimbledon,2021-06-29,Grand Slam,Outdoor,Grass,1st Round,3,Sakkari M.,Rus A.,18.0,84.0,3480.0,1001.0,6.0,1.0,6.0,1.0,,,2.0,0.0,Completed,1.14,5.5,1.16,6.09,1.16,7.0,1.12,6.08
WTA,2021,31,London,Wimbledon,2021-06-29,Grand Slam,Outdoor,Grass,1st Round,3,Rogers S.,Stosur S.,46.0,166.0,1578.0,462.0,6.0,1.0,5.0,7.0,6.0,3.0,2.0,1.0,Completed,1.06,10.0,1.09,8.79,1.12,11.5,1.07,8.94
WTA,2021,31,London,Wimbledon,2021-06-29,Grand Slam,Outdoor,Grass,1st Round,3,Williams V.,Buzarnescu M.,111.0,160.0,715.0,485.0,7.0,5.0,4.0,6.0,6.0,3.0,2.0,1.0,Completed,1.9,1.9,1.88,2.01,1.94,2.05,1.88,1.92
WTA,2021,31,London,Wimbledon,2021-06-29,Grand Slam,Outdoor,Grass,1st Round,3,Liu C.,Doi M.,608.0,83.0,59.0,1021.0,2.0,6.0,6.0,3.0,9.0,7.0,2.0,1.0,Completed,1.57,2.37,1.56,2.58,1.63,2.6,1.56,2.44
WTA,2021,31,London,Wimbledon,2021-06-29,Grand Slam,Outdoor,Grass,1st Round,3,Zvonareva V.,Bouzkova M.,96.0,52.0,852.0,1480.0,7.0,5.0,6.0,4.0,,,2.0,0.0,Completed,1.57,2.37,1.75,2.19,1.75,2.5,1.61,2.32
WTA,2021,31,London,Wimbledon,2021-06-29,Grand Slam,Outdoor,Grass,1st Round,3,Samsonova L.,Kanepi K.,65.0,78.0,1231.0,1048.0,6.0,4.0,6.0,2.0,,,2.0,0.0,Completed,1.36,3.2,1.38,3.26,1.38,4.15,1.32,3.36
WTA,2021,31,London,Wimbledon,2021-06-29,Grand Slam,Outdoor,Grass,1st Round,3,Brengle M.,Mchale C.,82.0,97.0,1025.0,847.0,3.0,6.0,7.0,5.0,10.0,8.0,2.0,1.0,Completed,1.72,2.1,1.83,2.07,1.83,2.25,1.74,2.1
WTA,2021,31,London,Wimbledon,2021-06-29,Grand Slam,Outdoor,Grass,1st Round,3,Barty A.,Suarez Navarro C.,1.0,138.0,7875.0,581.0,6.0,1.0,6.0,7.0,6.0,1.0,2.0,1.0,Completed,1.05,11.0,1.05,12.64,1.06,19.9,1.04,11.51
WTA,2021,31,London,Wimbledon,2021-06-29,Grand Slam,Outdoor,Grass,1st Round,3,Kerber A.,Stojanovic N.,28.0,86.0,2240.0,983.0,6.0,4.0,6.0,3.0,,,2.0,0.0,Completed,1.22,4.33,1.21,4.87,1.27,4.87,1.22,4.23
WTA,2021,31,London,Wimbledon,2021-06-29,Grand Slam,Outdoor,Grass,1st Round,3,Gauff C.,Jones F.,23.0,211.0,2805.0,334.0,7.0,5.0,6.0,4.0,,,2.0,0.0,Completed,1.06,10.0,1.05,12.69,1.06,15.0,1.05,11.18
WTA,2021,31,London,Wimbledon,2021-06-29,Grand Slam,Outdoor,Grass,1st Round,3,Kostyuk M.,Bertens K.,70.0,21.0,1189.0,3095.0,6.0,3.0,6.0,4.0,,,2.0,0.0,Completed,1.3,3.5,1.36,3.42,1.4,3.58,1.32,3.37
WTA,2021,31,London,Wimbledon,2021-06-29,Grand Slam,Outdoor,Grass,1st Round,3,Petkovic A.,Paolini J.,130.0,88.0,622.0,958.0,6.0,4.0,6.0,3.0,,,2.0,0.0,Completed,1.5,2.62,1.53,2.66,1.53,2.8,1.48,2.65
WTA,2021,31,London,Wimbledon,2021-06-29,Grand Slam,Outdoor,Grass,1st Round,3,Martic P.,Gracheva V.,30.0,90.0,2230.0,936.0,6.0,7.0,6.0,4.0,6.0,3.0,2.0,1.0,Completed,1.25,4.0,1.27,4.15,1.35,4.15,1.26,3.87
WTA,2021,31,London,Wimbledon,2021-06-29,Grand Slam,Outdoor,Grass,1st Round,3,Krejcikova B.,Tauson C.,17.0,93.0,3683.0,869.0,6.0,3.0,6.0,2.0,,,2.0,0.0,Completed,1.5,2.62,1.54,2.64,1.54,2.7,1.5,2.62
WTA,2021,31,London,Wimbledon,2021-06-29,Grand Slam,Outdoor,Grass,1st Round,3,Blinkova A.,Babos T.,89.0,116.0,945.0,697.0,6.0,2.0,6.0,2.0,,,2.0,0.0,Completed,1.53,2.5,1.59,2.5,1.68,2.7,1.56,2.44
WTA,2021,31,London,Wimbledon,2021-06-29,Grand Slam,Outdoor,Grass,1st Round,3,Pegula J.,Garcia C.,26.0,76.0,2410.0,1070.0,6.0,3.0,6.0,1.0,,,2.0,0.0,Completed,1.36,3.2,1.44,3.0,1.44,3.21,1.37,3.04
WTA,2021,31,London,Wimbledon,2021-06-29,Grand Slam,Outdoor,Grass,1st Round,3,Sasnovich A.,Williams S.,100.0,8.0,818.0,4931.0,3.0,,,,,,,3.0,Retired,7.0,1.1,7.68,1.11,8.0,1.16,7.16,1.1
WTA,2021,31,London,Wimbledon,2021-06-29,Grand Slam,Outdoor,Grass,1st Round,3,Vesnina E.,Trevisan M.,370.0,98.0,141.0,841.0,7.0,5.0,6.0,1.0,,,2.0,0.0,Completed,1.53,2.5,1.49,2.8,1.59,2.8,1.49,2.64
WTA,2021,31,London,Wimbledon,2021-06-30,Grand Slam,Outdoor,Grass,1st Round,3,Pliskova Kr.,Sharma A.,106.0,127.0,755.0,636.0,3.0,6.0,6.0,4.0,6.0,4.0,2.0,1.0,Completed,,,,,3.3,1.5,2.96,1.4
WTA,2021,31,London,Wimbledon,2021-06-30,Grand Slam,Outdoor,Grass,1st Round,3,Badosa P.,Bolsova A.,161.0,151.0,440.0,510.0,6.0,2.0,5.0,7.0,6.0,2.0,2.0,1.0,Completed,1.12,6.0,1.12,7.31,1.14,7.31,1.12,6.43
WTA,2021,31,London,Wimbledon,2021-06-30,Grand Slam,Outdoor,Grass,1st Round,3,Linette M.,Anisimova A.,44.0,81.0,1628.0,1040.0,2.0,6.0,6.0,3.0,6.0,1.0,2.0,1.0,Completed,2.75,1.44,2.91,1.46,2.91,1.55,2.66,1.48
WTA,2021,31,London,Wimbledon,2021-06-30,Grand Slam,Outdoor,Grass,1st Round,3,Putintseva Y.,Pironkova T.,43.0,103.0,1640.0,778.0,6.0,3.0,6.0,1.0,,,2.0,0.0,Completed,,,,,1.78,15.75,1.4,8.9
WTA,2021,31,London,Wimbledon,2021-06-30,Grand Slam,Outdoor,Grass,1st Round,3,Giorgi C.,Teichmann J.,62.0,55.0,1290.0,1440.0,6.0,2.0,6.0,2.0,,,2.0,0.0,Completed,1.25,4.0,1.33,3.6,1.33,4.15,1.28,3.72
WTA,2021,31,London,Wimbledon,2021-06-30,Grand Slam,Outdoor,Grass,1st Round,3,Pavlyuchenkova A.,Bogdan A.,19.0,92.0,3300.0,880.0,6.0,2.0,6.0,2.0,,,2.0,0.0,Completed,1.3,3.5,1.3,3.86,1.33,3.9,1.3,3.55
WTA,2021,31,London,Wimbledon,2021-06-30,Grand Slam,Outdoor,Grass,1st Round,3,Muchova K.,Zhang S.,22.0,37.0,2876.0,1773.0,6.0,3.0,6.0,3.0,,,2.0,0.0,Completed,1.28,3.75,1.36,3.37,1.36,4.5,1.29,3.56
WTA,2021,31,London,Wimbledon,2021-06-30,Grand Slam,Outdoor,Grass,1st Round,3,Cornet A.,Andreescu B.,58.0,7.0,1325.0,5321.0,6.0,2.0,6.0,1.0,,,2.0,0.0,Completed,2.2,1.66,2.1,1.81,2.23,1.81,2.1,1.74
WTA,2021,31,London,Wimbledon,2021-06-30,Grand Slam,Outdoor,Grass,1st Round,3,Tomljanovic A.,Minnen G.,75.0,118.0,1110.0,675.0,6.0,2.0,7.0,6.0,,,2.0,0.0,Completed,1.61,2.3,1.54,2.63,1.68,2.63,1.58,2.4
WTA,2021,31,London,Wimbledon,2021-06-30,Grand Slam,Outdoor,Grass,1st Round,3,Svitolina E.,Van Uytvanck A.,5.0,57.0,5835.0,1355.0,6.0,3.0,2.0,6.0,6.0,3.0,2.0,1.0,Completed,1.44,2.75,1.45,2.94,1.75,3.08,1.44,2.79
WTA,2021,31,London,Wimbledon,2021-06-30,Grand Slam,Outdoor,Grass,1st Round,3,Sevastova A.,Diyas Z.,56.0,101.0,1388.0,816.0,6.0,4.0,6.0,1.0,,,2.0,0.0,Completed,1.28,3.75,1.33,3.57,1.33,3.84,1.29,3.59
WTA,2021,31,London,Wimbledon,2021-06-30,Grand Slam,Outdoor,Grass,1st Round,3,Hibino N.,Pera B.,85.0,74.0,993.0,1140.0,6.0,1.0,5.0,7.0,6.0,3.0,2.0,1.0,Completed,4.0,1.25,3.99,1.28,4.37,1.36,4.02,1.24
WTA,2021,31,London,Wimbledon,2021-06-30,Grand Slam,Outdoor,Grass,1st Round,3,Sorribes Tormo S.,Konjuh A.,50.0,129.0,1490.0,628.0,6.0,3.0,3.0,6.0,6.0,3.0,2.0,1.0,Completed,2.62,1.5,3.02,1.43,3.02,1.57,2.73,1.46
WTA,2021,31,London,Wimbledon,2021-06-30,Grand Slam,Outdoor,Grass,1st Round,3,Cirstea S.,Murray S.,45.0,230.0,1614.0,304.0,6.0,3.0,6.0,3.0,,,2.0,0.0,Completed,1.1,7.0,1.1,8.18,1.12,8.5,1.09,7.24
WTA,2021,31,London,Wimbledon,2021-06-30,Grand Slam,Outdoor,Grass,1st Round,3,Vondrousova M.,Kontaveit A.,42.0,25.0,1657.0,2505.0,2.0,6.0,6.0,4.0,6.0,2.0,2.0,1.0,Completed,2.75,1.44,2.76,1.5,2.97,1.53,2.74,1.45
WTA,2021,31,London,Wimbledon,2021-06-30,Grand Slam,Outdoor,Grass,1st Round,3,Vandeweghe C.,Govortsova O.,163.0,136.0,470.0,604.0,6.0,4.0,6.0,2.0,,,2.0,0.0,Completed,1.3,3.5,1.34,3.55,1.4,3.95,1.3,3.55
WTA,2021,31,London,Wimbledon,2021-06-30,Grand Slam,Outdoor,Grass,1st Round,3,Kasatkina D.,Tig P.M.,35.0,63.0,2030.0,1284.0,6.0,0.0,3.0,6.0,6.0,3.0,2.0,1.0,Completed,1.08,8.0,1.08,9.87,1.1,11.89,1.08,8.09
WTA,2021,31,London,Wimbledon,2021-06-30,Grand Slam,Outdoor,Grass,1st Round,3,Siniakova K.,Wang Y.,64.0,123.0,1235.0,647.0,6.0,1.0,6.0,0.0,,,2.0,0.0,Completed,1.22,4.33,1.27,4.08,1.28,5.45,1.25,4.0
WTA,2021,31,London,Wimbledon,2021-06-30,Grand Slam,Outdoor,Grass,1st Round,3,Burel C.,Perez E.,143.0,235.0,562.0,296.0,6.0,2.0,6.0,2.0,,,2.0,0.0,Completed,1.44,2.75,1.43,3.01,1.67,3.14,1.44,2.79
WTA,2021,31,London,Wimbledon,2021-06-30,Grand Slam,Outdoor,Grass,1st Round,3,Azarenka V.,Kozlova K.,14.0,157.0,3905.0,493.0,6.0,1.0,6.0,3.0,,,2.0,0.0,Completed,1.16,5.0,1.19,5.33,1.2,5.75,1.17,5.03
WTA,2021,31,London,Wimbledon,2021-06-30,Grand Slam,Outdoor,Grass,1st Round,3,Juvan K.,Bencic B.,102.0,11.0,780.0,4205.0,6.0,3.0,6.0,3.0,,,2.0,0.0,Completed,5.5,1.14,5.97,1.16,6.25,1.18,5.72,1.14
WTA,2021,31,London,Wimbledon,2021-06-30,Grand Slam,Outdoor,Grass,1st Round,3,Raducanu E.,Diatchenko V.,338.0,150.0,166.0,517.0,7.0,6.0,6.0,0.0,,,2.0,0.0,Completed,2.3,1.61,2.13,1.79,2.31,1.87,2.18,1.69
WTA,2021,31,London,Wimbledon,2021-06-30,Grand Slam,Outdoor,Grass,1st Round,3,Ostapenko J.,Fernandez L.A.,34.0,71.0,2050.0,1171.0,6.0,1.0,6.0,2.0,,,2.0,0.0,Completed,1.28,3.75,1.31,3.73,1.31,4.0,1.29,3.63
WTA,2021,31,London,Wimbledon,2021-06-30,Grand Slam,Outdoor,Grass,2nd Round,3,Sabalenka A.,Boulter K.,4.0,219.0,6195.0,322.0,4.0,6.0,6.0,3.0,6.0,3.0,2.0,1.0,Completed,1.11,6.5,1.12,7.52,1.15,8.5,1.1,6.97
WTA,2021,31,London,Wimbledon,2021-06-30,Grand Slam,Outdoor,Grass,2nd Round,3,Mertens E.,Zhu L.,16.0,99.0,3685.0,831.0,6.0,2.0,6.0,0.0,,,2.0,0.0,Completed,1.06,10.0,1.04,14.64,1.06,16.0,1.04,12.21
WTA,2021,31,London,Wimbledon,2021-06-30,Grand Slam,Outdoor,Grass,2nd Round,3,Rybakina E.,Liu C.,20.0,608.0,3123.0,59.0,6.0,4.0,6.0,4.0,,,2.0,0.0,Completed,1.2,4.5,1.2,5.13,1.23,5.25,1.18,4.82
WTA,2021,31,London,Wimbledon,2021-06-30,Grand Slam,Outdoor,Grass,2nd Round,3,Swiatek I.,Zvonareva V.,9.0,96.0,4465.0,852.0,6.0,1.0,6.0,3.0,,,2.0,0.0,Completed,1.44,2.75,1.39,3.23,1.46,3.71,1.4,2.97
WTA,2021,31,London,Wimbledon,2021-06-30,Grand Slam,Outdoor,Grass,2nd Round,3,Samsonova L.,Pegula J.,65.0,26.0,1231.0,2410.0,6.0,4.0,3.0,6.0,6.0,3.0,2.0,1.0,Completed,1.72,2.1,1.88,2.01,1.95,2.15,1.83,1.99
WTA,2021,31,London,Wimbledon,2021-06-30,Grand Slam,Outdoor,Grass,2nd Round,3,Martincova T.,Podoroska N.,87.0,39.0,967.0,1722.0,6.0,3.0,7.0,6.0,,,2.0,0.0,Completed,1.72,2.1,1.74,2.21,1.76,2.3,1.71,2.15
WTA,2021,31,London,Wimbledon,2021-06-30,Grand Slam,Outdoor,Grass,2nd Round,3,Muguruza G.,Pattinama Kerkhove L.,12.0,174.0,4045.0,424.0,6.0,1.0,6.0,4.0,,,2.0,0.0,Completed,1.06,10.0,1.05,12.72,1.08,14.0,1.05,10.57
WTA,2021,31,London,Wimbledon,2021-06-30,Grand Slam,Outdoor,Grass,2nd Round,3,Begu I.,Martic P.,79.0,30.0,1044.0,2230.0,7.0,5.0,6.0,7.0,6.0,3.0,2.0,1.0,Completed,2.3,1.61,2.35,1.65,2.5,1.75,2.33,1.61
WTA,2021,31,London,Wimbledon,2021-06-30,Grand Slam,Outdoor,Grass,2nd Round,3,Osorio M.,Alexandrova E.,94.0,36.0,868.0,1940.0,7.0,5.0,6.0,2.0,,,2.0,0.0,Completed,6.0,1.12,5.74,1.17,6.7,1.18,5.86,1.14
WTA,2021,31,London,Wimbledon,2021-06-30,Grand Slam,Outdoor,Grass,2nd Round,3,Brengle M.,Kenin S.,82.0,6.0,1025.0,5640.0,6.0,2.0,6.0,4.0,,,2.0,0.0,Completed,4.0,1.25,4.19,1.27,4.19,1.3,3.89,1.26
WTA,2021,31,London,Wimbledon,2021-06-30,Grand Slam,Outdoor,Grass,2nd Round,3,Golubic V.,Collins D.,66.0,48.0,1231.0,1530.0,6.0,2.0,6.0,0.0,,,2.0,0.0,Completed,1.9,1.9,1.88,2.01,1.91,2.1,1.83,1.98
WTA,2021,31,London,Wimbledon,2021-06-30,Grand Slam,Outdoor,Grass,2nd Round,3,Pliskova Ka.,Vekic D.,13.0,49.0,3915.0,1490.0,6.0,2.0,6.0,2.0,,,2.0,0.0,Completed,1.57,2.37,1.58,2.53,1.6,2.55,1.55,2.44
WTA,2021,31,London,Wimbledon,2021-06-30,Grand Slam,Outdoor,Grass,2nd Round,3,Jabeur O.,Williams V.,24.0,111.0,2510.0,715.0,7.0,5.0,6.0,0.0,,,2.0,0.0,Completed,1.14,5.5,1.15,6.17,1.16,7.0,1.13,5.94
WTA,2021,31,London,Wimbledon,2021-06-30,Grand Slam,Outdoor,Grass,2nd Round,3,Keys M.,Davis L.,27.0,91.0,2405.0,930.0,6.0,1.0,6.0,4.0,,,2.0,0.0,Completed,1.25,4.0,1.29,3.9,1.31,4.05,1.27,3.8
WTA,2021,31,London,Wimbledon,2021-06-30,Grand Slam,Outdoor,Grass,2nd Round,3,Stephens S.,Ahn K.,73.0,117.0,1156.0,685.0,7.0,5.0,6.0,3.0,,,2.0,0.0,Completed,1.14,5.5,1.17,5.78,1.18,5.8,1.15,5.42
WTA,2021,31,London,Wimbledon,2021-07-01,Grand Slam,Outdoor,Grass,2nd Round,3,Muchova K.,Giorgi C.,22.0,62.0,2876.0,1290.0,6.0,3.0,5.0,7.0,6.0,3.0,2.0,1.0,Completed,1.72,2.1,1.91,1.98,1.94,2.26,1.8,2.02
WTA,2021,31,London,Wimbledon,2021-07-01,Grand Slam,Outdoor,Grass,2nd Round,3,Krejcikova B.,Petkovic A.,17.0,130.0,3683.0,622.0,7.0,5.0,6.0,4.0,,,2.0,0.0,Completed,1.22,4.33,1.26,4.25,1.34,4.36,1.25,3.95
WTA,2021,31,London,Wimbledon,2021-07-01,Grand Slam,Outdoor,Grass,2nd Round,3,Badosa P.,Putintseva Y.,161.0,43.0,440.0,1640.0,6.0,4.0,6.0,1.0,,,2.0,0.0,Completed,1.53,2.5,1.51,2.72,1.6,2.85,1.5,2.61
WTA,2021,31,London,Wimbledon,2021-07-01,Grand Slam,Outdoor,Grass,2nd Round,3,Pavlyuchenkova A.,Pliskova Kr.,19.0,106.0,3300.0,755.0,6.0,3.0,6.0,3.0,,,2.0,0.0,Completed,1.28,3.75,1.28,4.08,1.33,4.15,1.26,3.86
WTA,2021,31,London,Wimbledon,2021-07-01,Grand Slam,Outdoor,Grass,2nd Round,3,Sevastova A.,Kostyuk M.,56.0,70.0,1388.0,1189.0,1.0,6.0,6.0,4.0,6.0,3.0,2.0,1.0,Completed,1.72,2.1,1.85,2.05,1.85,2.2,1.74,2.09
WTA,2021,31,London,Wimbledon,2021-07-01,Grand Slam,Outdoor,Grass,2nd Round,3,Rogers S.,Sakkari M.,46.0,18.0,1578.0,3480.0,7.0,5.0,6.0,4.0,,,2.0,0.0,Completed,3.5,1.3,3.83,1.3,4.0,1.3,3.67,1.28
WTA,2021,31,London,Wimbledon,2021-07-01,Grand Slam,Outdoor,Grass,2nd Round,3,Siniakova K.,Vandeweghe C.,64.0,163.0,1235.0,470.0,4.0,6.0,6.0,2.0,6.0,2.0,2.0,1.0,Completed,1.66,2.2,1.68,2.3,1.73,2.36,1.66,2.23
WTA,2021,31,London,Wimbledon,2021-07-01,Grand Slam,Outdoor,Grass,2nd Round,3,Linette M.,Svitolina E.,44.0,5.0,1628.0,5835.0,6.0,3.0,6.0,4.0,,,2.0,0.0,Completed,3.0,1.4,3.22,1.39,3.26,1.46,3.02,1.38
WTA,2021,31,London,Wimbledon,2021-07-01,Grand Slam,Outdoor,Grass,2nd Round,3,Barty A.,Blinkova A.,1.0,89.0,7875.0,945.0,6.0,4.0,6.0,3.0,,,2.0,0.0,Completed,1.08,8.0,1.07,10.51,1.09,11.0,1.06,9.27
WTA,2021,31,London,Wimbledon,2021-07-01,Grand Slam,Outdoor,Grass,2nd Round,3,Kerber A.,Sorribes Tormo S.,28.0,50.0,2240.0,1490.0,7.0,5.0,5.0,7.0,6.0,4.0,2.0,1.0,Completed,1.22,4.33,1.28,4.02,1.29,4.5,1.26,3.89
WTA,2021,31,London,Wimbledon,2021-07-01,Grand Slam,Outdoor,Grass,2nd Round,3,Ostapenko J.,Kasatkina D.,34.0,35.0,2050.0,2030.0,6.0,1.0,3.0,6.0,8.0,6.0,2.0,1.0,Completed,1.53,2.5,1.53,2.67,1.7,2.67,1.54,2.46
WTA,2021,31,London,Wimbledon,2021-07-01,Grand Slam,Outdoor,Grass,2nd Round,3,Gauff C.,Vesnina E.,23.0,370.0,2805.0,141.0,6.0,4.0,6.0,3.0,,,2.0,0.0,Completed,1.16,5.0,1.15,6.22,1.18,6.5,1.15,5.54
WTA,2021,31,London,Wimbledon,2021-07-01,Grand Slam,Outdoor,Grass,2nd Round,3,Tomljanovic A.,Cornet A.,75.0,58.0,1110.0,1325.0,6.0,4.0,0.0,6.0,6.0,3.0,2.0,1.0,Completed,2.2,1.66,2.34,1.66,2.35,1.8,2.25,1.64
WTA,2021,31,London,Wimbledon,2021-07-01,Grand Slam,Outdoor,Grass,2nd Round,3,Cirstea S.,Azarenka V.,45.0,14.0,1614.0,3905.0,7.0,6.0,3.0,6.0,6.0,4.0,2.0,1.0,Completed,4.33,1.22,3.52,1.34,4.8,1.34,4.19,1.23
WTA,2021,31,London,Wimbledon,2021-07-01,Grand Slam,Outdoor,Grass,2nd Round,3,Juvan K.,Burel C.,102.0,143.0,780.0,562.0,6.0,3.0,6.0,4.0,,,2.0,0.0,Completed,1.9,1.9,2.06,1.83,2.06,2.1,1.94,1.87
WTA,2021,31,London,Wimbledon,2021-07-01,Grand Slam,Outdoor,Grass,2nd Round,3,Raducanu E.,Vondrousova M.,338.0,42.0,166.0,1657.0,6.0,2.0,6.0,4.0,,,2.0,0.0,Completed,3.2,1.36,3.47,1.35,3.9,1.37,3.35,1.33
WTA,2021,31,London,Wimbledon,2021-07-01,Grand Slam,Outdoor,Grass,2nd Round,3,Sasnovich A.,Hibino N.,100.0,85.0,818.0,993.0,6.0,4.0,7.0,6.0,,,2.0,0.0,Completed,1.4,3.0,1.5,2.77,1.51,3.05,1.43,2.83
WTA,2021,31,London,Wimbledon,2021-07-02,Grand Slam,Outdoor,Grass,3rd Round,3,Swiatek I.,Begu I.,9.0,79.0,4465.0,1044.0,6.0,1.0,6.0,0.0,,,2.0,0.0,Completed,1.16,5.0,1.16,5.88,1.2,5.88,1.17,5.11
WTA,2021,31,London,Wimbledon,2021-07-02,Grand Slam,Outdoor,Grass,3rd Round,3,Pliskova Ka.,Martincova T.,13.0,87.0,3915.0,967.0,6.0,3.0,6.0,3.0,,,2.0,0.0,Completed,1.28,3.75,1.26,4.21,1.3,4.21,1.27,3.74
WTA,2021,31,London,Wimbledon,2021-07-02,Grand Slam,Outdoor,Grass,3rd Round,3,Sabalenka A.,Osorio M.,4.0,94.0,6195.0,868.0,6.0,0.0,6.0,3.0,,,2.0,0.0,Completed,1.1,7.0,1.09,8.8,1.13,8.8,1.09,7.56
WTA,2021,31,London,Wimbledon,2021-07-02,Grand Slam,Outdoor,Grass,3rd Round,3,Samsonova L.,Stephens S.,65.0,73.0,1231.0,1156.0,6.0,2.0,2.0,6.0,6.0,4.0,2.0,1.0,Completed,1.61,2.3,1.6,2.47,1.64,2.51,1.58,2.39
WTA,2021,31,London,Wimbledon,2021-07-02,Grand Slam,Outdoor,Grass,3rd Round,3,Rybakina E.,Rogers S.,20.0,46.0,3123.0,1578.0,6.0,1.0,6.0,4.0,,,2.0,0.0,Completed,1.44,2.75,1.47,2.87,1.53,2.97,1.45,2.77
WTA,2021,31,London,Wimbledon,2021-07-02,Grand Slam,Outdoor,Grass,3rd Round,3,Jabeur O.,Muguruza G.,24.0,12.0,2510.0,4045.0,5.0,7.0,6.0,3.0,6.0,2.0,2.0,1.0,Completed,2.3,1.61,2.6,1.55,2.68,1.63,2.43,1.56
WTA,2021,31,London,Wimbledon,2021-07-02,Grand Slam,Outdoor,Grass,3rd Round,3,Golubic V.,Brengle M.,66.0,82.0,1231.0,1025.0,6.0,2.0,6.0,1.0,,,2.0,0.0,Completed,1.25,4.0,1.28,4.02,1.29,4.8,1.26,3.89
WTA,2021,31,London,Wimbledon,2021-07-02,Grand Slam,Outdoor,Grass,3rd Round,3,Keys M.,Mertens E.,27.0,16.0,2405.0,3685.0,7.0,5.0,6.0,3.0,,,2.0,0.0,Completed,1.8,2.0,1.87,2.02,1.95,2.1,1.83,1.99
WTA,2021,31,London,Wimbledon,2021-07-03,Grand Slam,Outdoor,Grass,3rd Round,3,Kerber A.,Sasnovich A.,28.0,100.0,2240.0,818.0,2.0,6.0,6.0,0.0,6.0,1.0,2.0,1.0,Completed,1.14,5.5,1.19,5.37,1.2,6.25,1.17,5.04
WTA,2021,31,London,Wimbledon,2021-07-03,Grand Slam,Outdoor,Grass,3rd Round,3,Muchova K.,Pavlyuchenkova A.,22.0,19.0,2876.0,3300.0,7.0,5.0,6.0,3.0,,,2.0,0.0,Completed,1.72,2.1,1.71,2.26,1.75,2.3,1.68,2.2
WTA,2021,31,London,Wimbledon,2021-07-03,Grand Slam,Outdoor,Grass,3rd Round,3,Tomljanovic A.,Ostapenko J.,75.0,34.0,1110.0,2050.0,4.0,6.0,6.0,4.0,6.0,2.0,2.0,1.0,Completed,3.4,1.33,3.7,1.32,3.7,1.36,3.45,1.31
WTA,2021,31,London,Wimbledon,2021-07-03,Grand Slam,Outdoor,Grass,3rd Round,3,Badosa P.,Linette M.,161.0,44.0,440.0,1628.0,5.0,7.0,6.0,2.0,6.0,4.0,2.0,1.0,Completed,1.66,2.2,1.73,2.22,1.73,2.38,1.68,2.21
WTA,2021,31,London,Wimbledon,2021-07-03,Grand Slam,Outdoor,Grass,3rd Round,3,Raducanu E.,Cirstea S.,338.0,45.0,166.0,1614.0,6.0,3.0,7.0,5.0,,,2.0,0.0,Completed,2.62,1.5,2.61,1.55,2.7,1.55,2.58,1.51
WTA,2021,31,London,Wimbledon,2021-07-03,Grand Slam,Outdoor,Grass,3rd Round,3,Gauff C.,Juvan K.,23.0,102.0,2805.0,780.0,6.0,3.0,6.0,3.0,,,2.0,0.0,Completed,1.3,3.5,1.27,4.1,1.32,4.1,1.29,3.65
WTA,2021,31,London,Wimbledon,2021-07-03,Grand Slam,Outdoor,Grass,3rd Round,3,Krejcikova B.,Sevastova A.,17.0,56.0,3683.0,1388.0,7.0,6.0,3.0,6.0,7.0,5.0,2.0,1.0,Completed,1.61,2.3,1.61,2.46,1.68,2.5,1.59,2.36
WTA,2021,31,London,Wimbledon,2021-07-03,Grand Slam,Outdoor,Grass,3rd Round,3,Barty A.,Siniakova K.,1.0,64.0,7875.0,1235.0,6.0,3.0,7.0,5.0,,,2.0,0.0,Completed,1.22,4.33,1.33,3.63,1.33,4.65,1.25,4.02
WTA,2021,31,London,Wimbledon,2021-07-05,Grand Slam,Outdoor,Grass,4th Round,3,Jabeur O.,Swiatek I.,24.0,9.0,2510.0,4465.0,5.0,7.0,6.0,1.0,6.0,1.0,2.0,1.0,Completed,2.1,1.72,2.21,1.75,2.42,1.77,2.18,1.69
WTA,2021,31,London,Wimbledon,2021-07-05,Grand Slam,Outdoor,Grass,4th Round,3,Sabalenka A.,Rybakina E.,4.0,20.0,6195.0,3123.0,6.0,3.0,4.0,6.0,6.0,3.0,2.0,1.0,Completed,1.53,2.5,1.53,2.7,1.69,2.7,1.55,2.46
WTA,2021,31,London,Wimbledon,2021-07-05,Grand Slam,Outdoor,Grass,4th Round,3,Barty A.,Krejcikova B.,1.0,17.0,7875.0,3683.0,7.0,5.0,6.0,3.0,,,2.0,0.0,Completed,1.33,3.4,1.32,3.72,1.39,3.75,1.32,3.41
WTA,2021,31,London,Wimbledon,2021-07-05,Grand Slam,Outdoor,Grass,4th Round,3,Pliskova Ka.,Samsonova L.,13.0,65.0,3915.0,1231.0,6.0,2.0,6.0,3.0,,,2.0,0.0,Completed,1.9,1.9,1.86,2.05,2.02,2.05,1.89,1.92
WTA,2021,31,London,Wimbledon,2021-07-05,Grand Slam,Outdoor,Grass,4th Round,3,Muchova K.,Badosa P.,22.0,161.0,2876.0,440.0,7.0,6.0,6.0,4.0,,,2.0,0.0,Completed,1.61,2.3,1.54,2.66,1.63,2.71,1.55,2.48
WTA,2021,31,London,Wimbledon,2021-07-05,Grand Slam,Outdoor,Grass,4th Round,3,Golubic V.,Keys M.,66.0,27.0,1231.0,2405.0,7.0,6.0,6.0,3.0,,,2.0,0.0,Completed,2.62,1.5,2.96,1.46,2.97,1.5,2.76,1.46
WTA,2021,31,London,Wimbledon,2021-07-05,Grand Slam,Outdoor,Grass,4th Round,3,Kerber A.,Gauff C.,28.0,23.0,2240.0,2805.0,6.0,4.0,6.0,4.0,,,2.0,0.0,Completed,2.0,1.8,2.19,1.76,2.19,1.88,2.03,1.8
WTA,2021,31,London,Wimbledon,2021-07-05,Grand Slam,Outdoor,Grass,4th Round,3,Tomljanovic A.,Raducanu E.,75.0,338.0,1110.0,166.0,6.0,4.0,3.0,0.0,,,1.0,0.0,Retired,1.8,2.0,1.81,2.13,1.95,2.13,1.83,1.99
WTA,2021,31,London,Wimbledon,2021-07-06,Grand Slam,Outdoor,Grass,Quarterfinals,3,Pliskova Ka.,Golubic V.,13.0,66.0,3915.0,1231.0,6.0,2.0,6.0,2.0,,,2.0,0.0,Completed,1.44,2.75,1.56,2.61,1.56,3.02,1.44,2.83
WTA,2021,31,London,Wimbledon,2021-07-06,Grand Slam,Outdoor,Grass,Quarterfinals,3,Sabalenka A.,Jabeur O.,4.0,24.0,6195.0,2510.0,6.0,4.0,6.0,3.0,,,2.0,0.0,Completed,1.72,2.1,1.76,2.19,1.91,2.32,1.78,2.06
WTA,2021,31,London,Wimbledon,2021-07-06,Grand Slam,Outdoor,Grass,Quarterfinals,3,Kerber A.,Muchova K.,28.0,22.0,2240.0,2876.0,6.0,2.0,6.0,3.0,,,2.0,0.0,Completed,1.61,2.3,1.68,2.32,1.73,2.4,1.65,2.27
WTA,2021,31,London,Wimbledon,2021-07-06,Grand Slam,Outdoor,Grass,Quarterfinals,3,Barty A.,Tomljanovic A.,1.0,75.0,7875.0,1110.0,6.0,1.0,6.0,3.0,,,2.0,0.0,Completed,1.14,5.5,1.15,6.45,1.18,6.5,1.14,5.78
WTA,2021,31,London,Wimbledon,2021-07-08,Grand Slam,Outdoor,Grass,Semifinals,3,Barty A.,Kerber A.,1.0,28.0,7875.0,2240.0,6.0,3.0,7.0,6.0,,,2.0,0.0,Completed,1.44,2.75,1.45,3.0,1.58,3.06,1.44,2.83
WTA,2021,31,London,Wimbledon,2021-07-08,Grand Slam,Outdoor,Grass,Semifinals,3,Pliskova Ka.,Sabalenka A.,13.0,4.0,3915.0,6195.0,5.0,7.0,6.0,4.0,6.0,4.0,2.0,1.0,Completed,2.75,1.44,2.79,1.5,2.8,1.53,2.7,1.47
WTA,2021,31,London,Wimbledon,2021-07-10,Grand Slam,Outdoor,Grass,The Final,3,Barty A.,Pliskova Ka.,1.0,13.0,7875.0,3915.0,6.0,3.0,6.0,7.0,6.0,3.0,2.0,1.0,Completed,1.4,3.0,1.42,3.13,1.48,3.4,1.39,3.04
WTA,2021,44,New York,US Open,2021-08-30,Grand Slam,Outdoor,Hard,1st Round,3,Kucova K.,Li A.,111.0,69.0,756.0,1136.0,7.0,5.0,6.0,1.0,,,2.0,0.0,Completed,3.2,1.36,3.22,1.39,3.45,1.4,3.09,1.37
WTA,2021,44,New York,US Open,2021-08-30,Grand Slam,Outdoor,Hard,1st Round,3,Kalinina A.,Sherif M.,76.0,356.0,1008.0,130.0,4.0,6.0,6.0,1.0,6.0,1.0,2.0,1.0,Completed,1.72,2.1,1.68,2.32,1.75,2.32,1.67,2.22
WTA,2021,44,New York,US Open,2021-08-30,Grand Slam,Outdoor,Hard,1st Round,3,Fernandez L.A.,Konjuh A.,73.0,88.0,1024.0,920.0,7.0,6.0,6.0,2.0,,,2.0,0.0,Completed,2.2,1.66,2.17,1.76,2.25,1.77,2.16,1.7
WTA,2021,44,New York,US Open,2021-08-30,Grand Slam,Outdoor,Hard,1st Round,3,Halep S.,Giorgi C.,13.0,36.0,3881.0,1810.0,6.0,4.0,7.0,6.0,,,2.0,0.0,Completed,1.9,1.9,2.08,1.83,2.1,1.92,1.99,1.82
WTA,2021,44,New York,US Open,2021-08-30,Grand Slam,Outdoor,Hard,1st Round,3,Kanepi K.,Putintseva Y.,70.0,33.0,1055.0,1910.0,2.0,6.0,7.0,6.0,6.0,2.0,2.0,1.0,Completed,2.5,1.53,2.77,1.5,2.82,1.64,2.54,1.53
WTA,2021,44,New York,US Open,2021-08-30,Grand Slam,Outdoor,Hard,1st Round,3,Muguruza G.,Vekic D.,10.0,57.0,4210.0,1260.0,7.0,6.0,7.0,6.0,,,2.0,0.0,Completed,1.3,3.5,1.34,3.5,1.34,3.7,1.31,3.42
WTA,2021,44,New York,US Open,2021-08-30,Grand Slam,Outdoor,Hard,1st Round,3,Stephens S.,Keys M.,66.0,42.0,1165.0,1676.0,6.0,3.0,1.0,6.0,7.0,6.0,2.0,1.0,Completed,1.9,1.9,2.01,1.88,2.01,2.0,1.91,1.9
WTA,2021,44,New York,US Open,2021-08-30,Grand Slam,Outdoor,Hard,1st Round,3,Alexandrova E.,Errani S.,34.0,112.0,1866.0,752.0,6.0,3.0,6.0,2.0,,,2.0,0.0,Completed,1.2,4.5,1.23,4.58,1.25,5.0,1.2,4.53
WTA,2021,44,New York,US Open,2021-08-30,Grand Slam,Outdoor,Hard,1st Round,3,Collins D.,Suarez Navarro C.,29.0,335.0,2270.0,190.0,6.0,2.0,6.0,4.0,,,2.0,0.0,Completed,1.3,3.5,1.28,4.04,1.35,5.0,1.27,3.76
WTA,2021,44,New York,US Open,2021-08-30,Grand Slam,Outdoor,Hard,1st Round,3,Garcia C.,Dart H.,62.0,151.0,1205.0,529.0,6.0,7.0,6.0,4.0,6.0,2.0,2.0,1.0,Completed,1.61,2.3,1.6,2.48,1.67,2.55,1.59,2.36
WTA,2021,44,New York,US Open,2021-08-30,Grand Slam,Outdoor,Hard,1st Round,3,Rybakina E.,Sasnovich A.,20.0,90.0,3083.0,890.0,6.0,2.0,6.0,3.0,,,2.0,0.0,Completed,1.14,5.5,1.15,6.29,1.2,6.75,1.15,5.52
WTA,2021,44,New York,US Open,2021-08-30,Grand Slam,Outdoor,Hard,1st Round,3,Juvan K.,Watson H.,109.0,64.0,765.0,1173.0,6.0,1.0,6.0,4.0,,,2.0,0.0,Completed,1.8,2.0,1.79,2.13,1.95,2.15,1.77,2.05
WTA,2021,44,New York,US Open,2021-08-30,Grand Slam,Outdoor,Hard,1st Round,3,Petkovic A.,Begu I.,68.0,63.0,1137.0,1182.0,6.0,2.0,7.0,6.0,,,2.0,0.0,Completed,2.3,1.61,2.2,1.74,2.3,1.74,2.2,1.68
WTA,2021,44,New York,US Open,2021-08-30,Grand Slam,Outdoor,Hard,1st Round,3,Kerber A.,Yastremska D.,17.0,51.0,3245.0,1435.0,3.0,6.0,6.0,4.0,7.0,6.0,2.0,1.0,Completed,1.28,3.75,1.3,3.87,1.31,4.33,1.26,3.83
WTA,2021,44,New York,US Open,2021-08-30,Grand Slam,Outdoor,Hard,1st Round,3,Osorio M.,Jorovic I.,80.0,308.0,1004.0,208.0,6.0,2.0,6.0,2.0,,,2.0,0.0,Completed,1.28,3.75,1.35,3.45,1.4,3.75,1.32,3.36
WTA,2021,44,New York,US Open,2021-08-30,Grand Slam,Outdoor,Hard,1st Round,3,Rakhimova K.,Mladenovic K.,134.0,58.0,630.0,1255.0,2.0,6.0,6.0,2.0,6.0,3.0,2.0,1.0,Completed,2.1,1.72,,,2.22,1.8,2.11,1.73
WTA,2021,44,New York,US Open,2021-08-30,Grand Slam,Outdoor,Hard,1st Round,3,Gauff C.,Linette M.,23.0,48.0,2875.0,1471.0,5.0,7.0,6.0,3.0,6.0,4.0,2.0,1.0,Completed,1.28,3.75,1.3,3.81,1.35,3.82,1.3,3.54
WTA,2021,44,New York,US Open,2021-08-30,Grand Slam,Outdoor,Hard,1st Round,3,Krejcikova B.,Sharma A.,9.0,114.0,4273.0,724.0,6.0,0.0,6.0,4.0,,,2.0,0.0,Completed,1.12,6.0,1.13,7.0,1.14,7.0,1.12,6.28
WTA,2021,44,New York,US Open,2021-08-30,Grand Slam,Outdoor,Hard,1st Round,3,Danilovic O.,Parks A.,145.0,246.0,564.0,287.0,6.0,3.0,7.0,5.0,,,2.0,0.0,Completed,1.3,3.5,1.29,3.89,1.4,4.1,1.29,3.61
WTA,2021,44,New York,US Open,2021-08-30,Grand Slam,Outdoor,Hard,1st Round,3,Azarenka V.,Martincova T.,19.0,60.0,3160.0,1247.0,6.0,4.0,6.0,0.0,,,2.0,0.0,Completed,1.16,5.0,1.15,6.2,1.18,6.5,1.15,5.49
WTA,2021,44,New York,US Open,2021-08-30,Grand Slam,Outdoor,Hard,1st Round,3,Mchale C.,Navarro E.,119.0,337.0,707.0,189.0,6.0,1.0,7.0,6.0,,,2.0,0.0,Completed,1.4,3.0,1.42,3.08,1.44,3.21,1.38,3.03
WTA,2021,44,New York,US Open,2021-08-30,Grand Slam,Outdoor,Hard,1st Round,3,Svitolina E.,Marino R.,5.0,175.0,5210.0,433.0,6.0,2.0,6.0,3.0,,,2.0,0.0,Completed,1.22,4.33,1.24,4.53,1.25,4.75,1.22,4.35
WTA,2021,44,New York,US Open,2021-08-30,Grand Slam,Outdoor,Hard,1st Round,3,Vondrousova M.,Ruse E.G.,38.0,108.0,1776.0,797.0,7.0,5.0,6.0,0.0,,,2.0,0.0,Completed,1.25,4.0,1.27,4.11,1.29,4.6,1.24,4.08
WTA,2021,44,New York,US Open,2021-08-30,Grand Slam,Outdoor,Hard,1st Round,3,Masarova R.,Bogdan A.,231.0,102.0,311.0,845.0,6.0,7.0,7.0,6.0,7.0,6.0,2.0,1.0,Completed,2.1,1.72,2.2,1.74,2.3,1.76,2.14,1.72
WTA,2021,44,New York,US Open,2021-08-30,Grand Slam,Outdoor,Hard,1st Round,3,Mertens E.,Peterson R.,16.0,54.0,3330.0,1307.0,3.0,6.0,7.0,6.0,7.0,6.0,2.0,1.0,Completed,1.25,4.0,1.29,3.93,1.28,4.3,1.24,4.02
WTA,2021,44,New York,US Open,2021-08-30,Grand Slam,Outdoor,Hard,1st Round,3,Jabeur O.,Cornet A.,21.0,56.0,2975.0,1280.0,7.0,5.0,7.0,5.0,,,2.0,0.0,Completed,1.22,4.33,1.23,4.56,1.28,4.73,1.23,4.2
WTA,2021,44,New York,US Open,2021-08-31,Grand Slam,Outdoor,Hard,1st Round,3,Grammatikopoulou V.,Blinkova A.,234.0,84.0,305.0,954.0,6.0,3.0,6.0,2.0,,,2.0,0.0,Completed,2.5,1.53,2.7,1.52,2.8,1.57,2.57,1.51
WTA,2021,44,New York,US Open,2021-08-31,Grand Slam,Outdoor,Hard,1st Round,3,Sabalenka A.,Stojanovic N.,2.0,94.0,7010.0,880.0,6.0,4.0,6.0,7.0,6.0,0.0,2.0,1.0,Completed,1.04,13.0,1.04,14.57,1.06,16.0,1.04,12.3
WTA,2021,44,New York,US Open,2021-08-31,Grand Slam,Outdoor,Hard,1st Round,3,Zidansek T.,Pera B.,40.0,85.0,1760.0,950.0,6.0,4.0,7.0,6.0,,,2.0,0.0,Completed,2.1,1.72,2.16,1.77,2.25,1.8,2.11,1.73
WTA,2021,44,New York,US Open,2021-08-31,Grand Slam,Outdoor,Hard,1st Round,3,Kasatkina D.,Pironkova T.,27.0,107.0,2340.0,808.0,6.0,2.0,6.0,1.0,,,2.0,0.0,Completed,1.25,4.0,1.26,4.25,1.3,5.0,1.23,4.13
WTA,2021,44,New York,US Open,2021-08-31,Grand Slam,Outdoor,Hard,1st Round,3,Paolini J.,Shvedova Y.,99.0,452.0,863.0,109.0,6.0,3.0,6.0,4.0,,,2.0,0.0,Completed,1.16,5.0,1.18,5.55,1.21,6.0,1.16,5.36
WTA,2021,44,New York,US Open,2021-08-31,Grand Slam,Outdoor,Hard,1st Round,3,Osaka N.,Bouzkova M.,3.0,87.0,6666.0,928.0,6.0,4.0,6.0,1.0,,,2.0,0.0,Completed,1.1,7.0,1.09,9.0,1.15,9.0,1.1,6.93
WTA,2021,44,New York,US Open,2021-08-31,Grand Slam,Outdoor,Hard,1st Round,3,Zhang S.,Baptiste H.,49.0,181.0,1469.0,426.0,6.0,3.0,6.0,4.0,,,2.0,0.0,Completed,1.44,2.75,1.42,3.09,1.6,3.09,1.43,2.86
WTA,2021,44,New York,US Open,2021-08-31,Grand Slam,Outdoor,Hard,1st Round,3,Martic P.,Galfi D.,32.0,152.0,2005.0,520.0,6.0,3.0,6.0,2.0,,,2.0,0.0,Completed,1.44,2.75,1.56,2.58,1.63,3.1,1.48,2.67
WTA,2021,44,New York,US Open,2021-08-31,Grand Slam,Outdoor,Hard,1st Round,3,Tomljanovic A.,Volynets K.,46.0,197.0,1490.0,384.0,6.0,3.0,6.0,1.0,,,2.0,0.0,Completed,1.28,3.75,1.32,3.68,1.32,3.94,1.3,3.58
WTA,2021,44,New York,US Open,2021-08-31,Grand Slam,Outdoor,Hard,1st Round,3,Pliskova Ka.,Mcnally C.,4.0,130.0,5530.0,641.0,6.0,3.0,6.0,4.0,,,2.0,0.0,Completed,1.1,7.0,1.13,6.91,1.16,7.5,1.11,6.58
WTA,2021,44,New York,US Open,2021-08-31,Grand Slam,Outdoor,Hard,1st Round,3,Sakkari M.,Kostyuk M.,18.0,55.0,3210.0,1281.0,6.0,4.0,6.0,3.0,,,2.0,0.0,Completed,1.4,3.0,1.4,3.19,1.47,3.2,1.42,2.89
WTA,2021,44,New York,US Open,2021-08-31,Grand Slam,Outdoor,Hard,1st Round,3,Siniakova K.,Sevastova A.,53.0,65.0,1320.0,1169.0,7.0,6.0,6.0,3.0,,,2.0,0.0,Completed,1.5,2.62,1.47,2.88,1.51,2.9,1.45,2.75
WTA,2021,44,New York,US Open,2021-08-31,Grand Slam,Outdoor,Hard,1st Round,3,Trevisan M.,Vandeweghe C.,106.0,160.0,832.0,485.0,6.0,1.0,7.0,5.0,,,2.0,0.0,Completed,2.37,1.57,2.45,1.61,2.6,1.69,2.36,1.59
WTA,2021,44,New York,US Open,2021-08-31,Grand Slam,Outdoor,Hard,1st Round,3,Bencic B.,Rus A.,12.0,71.0,4170.0,1048.0,6.0,4.0,6.0,4.0,,,2.0,0.0,Completed,1.2,4.5,1.21,5.01,1.23,5.25,1.2,4.6
WTA,2021,44,New York,US Open,2021-08-31,Grand Slam,Outdoor,Hard,1st Round,3,Badosa P.,Van Uytvanck A.,26.0,61.0,2343.0,1230.0,6.0,4.0,6.0,3.0,,,2.0,0.0,Completed,1.22,4.33,1.32,3.68,1.32,4.7,1.24,4.11
WTA,2021,44,New York,US Open,2021-08-31,Grand Slam,Outdoor,Hard,1st Round,3,Gracheva V.,Parrizas Diaz N.,82.0,95.0,990.0,876.0,5.0,7.0,6.0,0.0,6.0,2.0,2.0,1.0,Completed,2.3,1.61,2.32,1.67,2.4,1.73,2.27,1.64
WTA,2021,44,New York,US Open,2021-08-31,Grand Slam,Outdoor,Hard,1st Round,3,Anisimova A.,Diyas Z.,75.0,110.0,1015.0,756.0,7.0,5.0,6.0,2.0,,,2.0,0.0,Completed,1.36,3.2,1.42,3.09,1.42,3.4,1.37,3.07
WTA,2021,44,New York,US Open,2021-08-31,Grand Slam,Outdoor,Hard,1st Round,3,Raducanu E.,Voegele S.,150.0,128.0,531.0,649.0,6.0,2.0,6.0,3.0,,,2.0,0.0,Completed,1.16,5.0,1.13,7.04,1.19,7.04,1.14,5.81
WTA,2021,44,New York,US Open,2021-08-31,Grand Slam,Outdoor,Hard,1st Round,3,Barty A.,Zvonareva V.,1.0,101.0,10185.0,849.0,6.0,1.0,7.0,6.0,,,2.0,0.0,Completed,1.06,10.0,1.04,14.3,1.06,17.0,1.04,11.35
WTA,2021,44,New York,US Open,2021-08-31,Grand Slam,Outdoor,Hard,1st Round,3,Schmiedlova A.,Krueger A.,93.0,649.0,884.0,53.0,7.0,5.0,6.0,7.0,6.0,3.0,2.0,1.0,Completed,1.08,8.0,1.09,8.74,1.09,10.5,1.08,8.33
WTA,2021,44,New York,US Open,2021-08-31,Grand Slam,Outdoor,Hard,1st Round,3,Tauson C.,Burel C.,78.0,92.0,1005.0,887.0,7.0,5.0,6.0,0.0,,,2.0,0.0,Completed,1.36,3.2,1.34,3.51,1.36,3.63,1.32,3.36
WTA,2021,44,New York,US Open,2021-08-31,Grand Slam,Outdoor,Hard,1st Round,3,Ferro F.,Hibino N.,74.0,72.0,1020.0,1031.0,6.0,1.0,6.0,4.0,,,2.0,0.0,Completed,1.28,3.75,1.32,3.69,1.32,4.2,1.28,3.66
WTA,2021,44,New York,US Open,2021-08-31,Grand Slam,Outdoor,Hard,1st Round,3,Rogers S.,Brengle M.,43.0,77.0,1648.0,1007.0,6.0,4.0,6.0,0.0,,,2.0,0.0,Completed,1.4,3.0,1.42,3.09,1.43,3.3,1.4,2.96
WTA,2021,44,New York,US Open,2021-08-31,Grand Slam,Outdoor,Hard,1st Round,3,Swiatek I.,Loeb J.,8.0,194.0,4461.0,388.0,6.0,3.0,6.0,4.0,,,2.0,0.0,Completed,1.08,8.0,1.08,9.66,1.1,11.63,1.08,8.21
WTA,2021,44,New York,US Open,2021-08-31,Grand Slam,Outdoor,Hard,1st Round,3,Pegula J.,Potapova A.,25.0,89.0,2425.0,895.0,6.0,2.0,6.0,2.0,,,2.0,0.0,Completed,1.16,5.0,1.14,6.43,1.18,6.43,1.15,5.46
WTA,2021,44,New York,US Open,2021-08-31,Grand Slam,Outdoor,Hard,1st Round,3,Hsieh S.W.,Liu C.,81.0,100.0,992.0,860.0,6.0,1.0,6.0,4.0,,,2.0,0.0,Completed,2.1,1.72,2.1,1.81,2.13,1.95,2.03,1.79
WTA,2021,44,New York,US Open,2021-08-31,Grand Slam,Outdoor,Hard,1st Round,3,Cirstea S.,Kudermetova V.,39.0,31.0,1774.0,2040.0,7.0,6.0,3.0,6.0,6.0,0.0,2.0,1.0,Completed,3.2,1.36,3.12,1.41,3.45,1.46,3.08,1.37
WTA,2021,44,New York,US Open,2021-08-31,Grand Slam,Outdoor,Hard,1st Round,3,Kontaveit A.,Stosur S.,28.0,186.0,2315.0,403.0,6.0,3.0,6.0,0.0,,,2.0,0.0,Completed,1.07,9.0,1.05,12.37,1.08,12.37,1.06,9.36
WTA,2021,44,New York,US Open,2021-08-31,Grand Slam,Outdoor,Hard,1st Round,3,Davis L.,Tomova V.,98.0,117.0,867.0,713.0,6.0,2.0,2.0,6.0,6.0,3.0,2.0,1.0,Completed,1.44,2.75,1.49,2.79,1.53,2.8,1.48,2.64
WTA,2021,44,New York,US Open,2021-08-31,Grand Slam,Outdoor,Hard,1st Round,3,Kvitova P.,Hercog P.,11.0,86.0,4170.0,936.0,6.0,1.0,6.0,2.0,,,2.0,0.0,Completed,1.2,4.5,1.2,5.18,1.2,5.3,1.18,4.91
WTA,2021,44,New York,US Open,2021-08-31,Grand Slam,Outdoor,Hard,1st Round,3,Pliskova Kr.,Kovinic D.,115.0,67.0,716.0,1160.0,6.0,4.0,6.0,3.0,,,2.0,0.0,Completed,1.3,3.5,1.3,3.84,1.36,3.9,1.3,3.56
WTA,2021,44,New York,US Open,2021-08-31,Grand Slam,Outdoor,Hard,1st Round,3,Teichmann J.,Bucsa C.,44.0,161.0,1504.0,483.0,6.0,3.0,6.0,4.0,,,2.0,0.0,Completed,1.2,4.5,1.21,5.0,1.21,5.75,1.18,4.94
WTA,2021,44,New York,US Open,2021-09-01,Grand Slam,Outdoor,Hard,1st Round,3,Doi M.,Sanders S.,97.0,133.0,871.0,639.0,7.0,6.0,6.0,3.0,,,2.0,0.0,Completed,2.5,1.53,2.69,1.52,2.8,1.59,2.57,1.5
WTA,2021,44,New York,US Open,2021-09-01,Grand Slam,Outdoor,Hard,1st Round,3,Pavlyuchenkova A.,Riske A.,15.0,35.0,3420.0,1830.0,6.0,4.0,6.0,2.0,,,2.0,0.0,Completed,1.2,4.5,1.22,4.76,1.22,4.89,1.21,4.49
WTA,2021,44,New York,US Open,2021-09-01,Grand Slam,Outdoor,Hard,1st Round,3,Sorribes Tormo S.,Muchova K.,41.0,24.0,1705.0,2862.0,6.0,2.0,7.0,6.0,,,2.0,0.0,Completed,2.3,1.61,2.44,1.61,2.45,1.69,2.31,1.62
WTA,2021,44,New York,US Open,2021-09-01,Grand Slam,Outdoor,Hard,1st Round,3,Samsonova L.,Boulter K.,52.0,190.0,1391.0,394.0,6.0,3.0,6.0,2.0,,,2.0,0.0,Completed,1.44,2.75,1.51,2.72,1.51,3.35,1.41,2.9
WTA,2021,44,New York,US Open,2021-09-01,Grand Slam,Outdoor,Hard,1st Round,3,Minnen G.,Podoroska N.,104.0,37.0,840.0,1787.0,6.0,4.0,1.0,6.0,6.0,3.0,2.0,1.0,Completed,2.5,1.53,2.2,1.74,2.5,1.81,2.23,1.66
WTA,2021,44,New York,US Open,2021-09-01,Grand Slam,Outdoor,Hard,1st Round,3,Andreescu B.,Golubic V.,7.0,45.0,4537.0,1497.0,7.0,5.0,4.0,6.0,7.0,5.0,2.0,1.0,Completed,1.44,2.75,1.47,2.85,1.52,2.88,1.46,2.71
WTA,2021,44,New York,US Open,2021-09-01,Grand Slam,Outdoor,Hard,2nd Round,3,Muguruza G.,Petkovic A.,10.0,68.0,4210.0,1137.0,6.0,4.0,6.0,2.0,,,2.0,0.0,Completed,1.22,4.33,1.26,4.3,1.26,4.5,1.23,4.2
WTA,2021,44,New York,US Open,2021-09-01,Grand Slam,Outdoor,Hard,2nd Round,3,Fernandez L.A.,Kanepi K.,73.0,70.0,1024.0,1055.0,7.0,5.0,7.0,5.0,,,2.0,0.0,Completed,1.72,2.1,1.82,2.08,1.87,2.26,1.77,2.06
WTA,2021,44,New York,US Open,2021-09-01,Grand Slam,Outdoor,Hard,2nd Round,3,Jabeur O.,Osorio M.,21.0,80.0,2975.0,1004.0,6.0,0.0,6.0,1.0,,,2.0,0.0,Completed,1.22,4.33,1.2,5.12,1.23,5.16,1.19,4.75
WTA,2021,44,New York,US Open,2021-09-01,Grand Slam,Outdoor,Hard,2nd Round,3,Mertens E.,Grammatikopoulou V.,16.0,234.0,3330.0,305.0,6.0,2.0,6.0,2.0,,,2.0,0.0,Completed,1.1,7.0,1.12,7.3,1.12,8.0,1.1,6.99
WTA,2021,44,New York,US Open,2021-09-01,Grand Slam,Outdoor,Hard,2nd Round,3,Svitolina E.,Masarova R.,5.0,231.0,5210.0,311.0,6.0,2.0,7.0,5.0,,,2.0,0.0,Completed,1.11,6.5,1.1,8.13,1.12,9.0,1.09,7.4
WTA,2021,44,New York,US Open,2021-09-01,Grand Slam,Outdoor,Hard,2nd Round,3,Osaka N.,Danilovic O.,3.0,145.0,6666.0,564.0,,,,,,,,,Walkover,1.08,8.0,1.07,11.03,1.09,13.0,1.06,9.49
WTA,2021,44,New York,US Open,2021-09-01,Grand Slam,Outdoor,Hard,2nd Round,3,Halep S.,Kucova K.,13.0,111.0,3881.0,756.0,6.0,3.0,6.0,1.0,,,2.0,0.0,Completed,1.11,6.5,1.11,8.01,1.14,8.25,1.1,7.2
WTA,2021,44,New York,US Open,2021-09-01,Grand Slam,Outdoor,Hard,2nd Round,3,Kasatkina D.,Vondrousova M.,27.0,38.0,2340.0,1776.0,3.0,6.0,6.0,4.0,6.0,4.0,2.0,1.0,Completed,2.0,1.8,2.24,1.71,2.3,1.82,2.14,1.71
WTA,2021,44,New York,US Open,2021-09-01,Grand Slam,Outdoor,Hard,2nd Round,3,Azarenka V.,Paolini J.,19.0,99.0,3160.0,863.0,6.0,3.0,7.0,6.0,,,2.0,0.0,Completed,1.11,6.5,1.1,8.31,1.15,8.31,1.11,6.68
WTA,2021,44,New York,US Open,2021-09-01,Grand Slam,Outdoor,Hard,2nd Round,3,Collins D.,Juvan K.,29.0,109.0,2270.0,765.0,6.0,4.0,6.0,2.0,,,2.0,0.0,Completed,1.2,4.5,1.22,4.84,1.24,5.25,1.2,4.58
WTA,2021,44,New York,US Open,2021-09-01,Grand Slam,Outdoor,Hard,2nd Round,3,Sabalenka A.,Zidansek T.,2.0,40.0,7010.0,1760.0,6.0,3.0,6.0,1.0,,,2.0,0.0,Completed,1.1,7.0,1.12,7.53,1.13,7.53,1.11,6.83
WTA,2021,44,New York,US Open,2021-09-01,Grand Slam,Outdoor,Hard,2nd Round,3,Rybakina E.,Garcia C.,20.0,62.0,3083.0,1205.0,6.0,1.0,6.0,4.0,,,2.0,0.0,Completed,1.25,4.0,1.27,4.09,1.28,4.2,1.25,3.95
WTA,2021,44,New York,US Open,2021-09-01,Grand Slam,Outdoor,Hard,2nd Round,3,Rakhimova K.,Alexandrova E.,134.0,34.0,630.0,1866.0,6.0,4.0,6.0,1.0,,,2.0,0.0,Completed,4.0,1.25,4.03,1.28,4.2,1.3,3.84,1.26
WTA,2021,44,New York,US Open,2021-09-01,Grand Slam,Outdoor,Hard,2nd Round,3,Krejcikova B.,Mchale C.,9.0,119.0,4273.0,707.0,6.0,3.0,6.0,1.0,,,2.0,0.0,Completed,1.08,8.0,1.09,9.12,1.13,10.0,1.08,7.9
WTA,2021,44,New York,US Open,2021-09-02,Grand Slam,Outdoor,Hard,2nd Round,3,Stephens S.,Gauff C.,66.0,23.0,1165.0,2875.0,6.0,4.0,6.0,2.0,,,2.0,0.0,Completed,2.5,1.53,2.7,1.52,3.0,1.6,2.63,1.49
WTA,2021,44,New York,US Open,2021-09-02,Grand Slam,Outdoor,Hard,2nd Round,3,Gracheva V.,Badosa P.,82.0,26.0,990.0,2343.0,6.0,4.0,6.0,4.0,,,2.0,0.0,Completed,5.0,1.16,4.71,1.22,5.25,1.24,4.67,1.19
WTA,2021,44,New York,US Open,2021-09-02,Grand Slam,Outdoor,Hard,2nd Round,3,Sorribes Tormo S.,Hsieh S.W.,41.0,81.0,1705.0,992.0,6.0,1.0,6.0,3.0,,,2.0,0.0,Completed,1.44,2.75,1.52,2.69,1.52,2.9,1.48,2.67
WTA,2021,44,New York,US Open,2021-09-02,Grand Slam,Outdoor,Hard,2nd Round,3,Kontaveit A.,Teichmann J.,28.0,44.0,2315.0,1504.0,6.0,4.0,6.0,1.0,,,2.0,0.0,Completed,1.61,2.3,1.57,2.54,1.65,2.54,1.59,2.37
WTA,2021,44,New York,US Open,2021-09-02,Grand Slam,Outdoor,Hard,2nd Round,3,Swiatek I.,Ferro F.,8.0,74.0,4461.0,1020.0,3.0,6.0,7.0,6.0,6.0,0.0,2.0,1.0,Completed,1.2,4.5,1.19,5.21,1.23,6.0,1.18,4.85
WTA,2021,44,New York,US Open,2021-09-02,Grand Slam,Outdoor,Hard,2nd Round,3,Pavlyuchenkova A.,Schmiedlova A.,15.0,93.0,3420.0,884.0,6.0,2.0,5.0,7.0,6.0,2.0,2.0,1.0,Completed,1.16,5.0,1.22,4.72,1.22,6.0,1.19,4.81
WTA,2021,44,New York,US Open,2021-09-02,Grand Slam,Outdoor,Hard,2nd Round,3,Sakkari M.,Siniakova K.,18.0,53.0,3210.0,1320.0,6.0,4.0,6.0,2.0,,,2.0,0.0,Completed,1.44,2.75,1.5,2.77,1.53,2.88,1.48,2.67
WTA,2021,44,New York,US Open,2021-09-02,Grand Slam,Outdoor,Hard,2nd Round,3,Bencic B.,Trevisan M.,12.0,106.0,4170.0,832.0,6.0,3.0,6.0,1.0,,,2.0,0.0,Completed,1.06,10.0,1.06,11.7,1.09,13.0,1.05,9.98
WTA,2021,44,New York,US Open,2021-09-02,Grand Slam,Outdoor,Hard,2nd Round,3,Raducanu E.,Zhang S.,150.0,49.0,531.0,1469.0,6.0,2.0,6.0,4.0,,,2.0,0.0,Completed,1.72,2.1,1.69,2.29,1.75,2.35,1.68,2.2
WTA,2021,44,New York,US Open,2021-09-02,Grand Slam,Outdoor,Hard,2nd Round,3,Barty A.,Tauson C.,1.0,78.0,10185.0,1005.0,6.0,1.0,7.0,5.0,,,2.0,0.0,Completed,1.1,7.0,1.1,8.45,1.11,9.3,1.09,7.59
WTA,2021,44,New York,US Open,2021-09-02,Grand Slam,Outdoor,Hard,2nd Round,3,Minnen G.,Samsonova L.,104.0,52.0,840.0,1391.0,6.0,4.0,6.0,4.0,,,2.0,0.0,Completed,2.62,1.5,2.61,1.55,2.96,1.55,2.6,1.5
WTA,2021,44,New York,US Open,2021-09-02,Grand Slam,Outdoor,Hard,2nd Round,3,Kvitova P.,Pliskova Kr.,11.0,115.0,4170.0,716.0,7.0,6.0,6.0,2.0,,,2.0,0.0,Completed,1.16,5.0,1.22,4.72,1.22,5.1,1.19,4.72
WTA,2021,44,New York,US Open,2021-09-02,Grand Slam,Outdoor,Hard,2nd Round,3,Pegula J.,Doi M.,25.0,97.0,2425.0,871.0,6.0,3.0,6.0,2.0,,,2.0,0.0,Completed,1.08,8.0,1.09,9.21,1.1,9.21,1.08,8.01
WTA,2021,44,New York,US Open,2021-09-02,Grand Slam,Outdoor,Hard,2nd Round,3,Kerber A.,Kalinina A.,17.0,76.0,3245.0,1008.0,6.0,3.0,6.0,2.0,,,2.0,0.0,Completed,1.25,4.0,1.3,3.84,1.3,4.33,1.26,3.82
WTA,2021,44,New York,US Open,2021-09-02,Grand Slam,Outdoor,Hard,2nd Round,3,Rogers S.,Cirstea S.,43.0,39.0,1648.0,1774.0,7.0,5.0,6.0,2.0,,,2.0,0.0,Completed,1.72,2.1,1.69,2.28,2.2,2.3,1.74,2.12
WTA,2021,44,New York,US Open,2021-09-03,Grand Slam,Outdoor,Hard,2nd Round,3,Andreescu B.,Davis L.,7.0,98.0,4537.0,867.0,6.0,4.0,6.0,4.0,,,2.0,0.0,Completed,1.25,4.0,1.25,4.36,1.31,4.36,1.25,3.99
WTA,2021,44,New York,US Open,2021-09-03,Grand Slam,Outdoor,Hard,2nd Round,3,Tomljanovic A.,Martic P.,46.0,32.0,1490.0,2005.0,7.0,6.0,6.0,4.0,,,2.0,0.0,Completed,1.72,2.1,1.71,2.24,1.74,2.31,1.68,2.19
WTA,2021,44,New York,US Open,2021-09-03,Grand Slam,Outdoor,Hard,2nd Round,3,Pliskova Ka.,Anisimova A.,4.0,75.0,5530.0,1015.0,7.0,5.0,6.0,7.0,7.0,6.0,2.0,1.0,Completed,1.4,3.0,1.39,3.25,1.44,3.25,1.38,3.05
WTA,2021,44,New York,US Open,2021-09-03,Grand Slam,Outdoor,Hard,3rd Round,3,Halep S.,Rybakina E.,13.0,20.0,3881.0,3083.0,7.0,6.0,4.0,6.0,6.0,3.0,2.0,1.0,Completed,1.8,2.0,1.83,2.07,1.83,2.25,1.76,2.07
WTA,2021,44,New York,US Open,2021-09-03,Grand Slam,Outdoor,Hard,3rd Round,3,Muguruza G.,Azarenka V.,10.0,19.0,4210.0,3160.0,6.0,4.0,3.0,6.0,6.0,2.0,2.0,1.0,Completed,2.0,1.8,2.04,1.85,2.04,1.96,1.97,1.85
WTA,2021,44,New York,US Open,2021-09-03,Grand Slam,Outdoor,Hard,3rd Round,3,Krejcikova B.,Rakhimova K.,9.0,134.0,4273.0,630.0,6.0,4.0,6.0,2.0,,,2.0,0.0,Completed,1.1,7.0,1.16,6.09,1.16,7.25,1.13,5.95
WTA,2021,44,New York,US Open,2021-09-03,Grand Slam,Outdoor,Hard,3rd Round,3,Svitolina E.,Kasatkina D.,5.0,27.0,5210.0,2340.0,6.0,4.0,6.0,2.0,,,2.0,0.0,Completed,1.44,2.75,1.43,3.01,1.47,3.11,1.42,2.9
WTA,2021,44,New York,US Open,2021-09-03,Grand Slam,Outdoor,Hard,3rd Round,3,Kerber A.,Stephens S.,17.0,66.0,3245.0,1165.0,5.0,7.0,6.0,2.0,6.0,3.0,2.0,1.0,Completed,1.72,2.1,1.83,2.06,1.83,2.28,1.76,2.09
WTA,2021,44,New York,US Open,2021-09-04,Grand Slam,Outdoor,Hard,3rd Round,3,Mertens E.,Jabeur O.,16.0,21.0,3330.0,2975.0,6.0,3.0,7.0,5.0,,,2.0,0.0,Completed,2.37,1.57,2.6,1.55,2.71,1.57,2.51,1.53
WTA,2021,44,New York,US Open,2021-09-04,Grand Slam,Outdoor,Hard,3rd Round,3,Fernandez L.A.,Osaka N.,73.0,3.0,1024.0,6666.0,5.0,7.0,7.0,6.0,6.0,4.0,2.0,1.0,Completed,5.0,1.16,5.35,1.19,5.9,1.26,4.87,1.18
WTA,2021,44,New York,US Open,2021-09-04,Grand Slam,Outdoor,Hard,3rd Round,3,Sabalenka A.,Collins D.,2.0,29.0,7010.0,2270.0,6.0,3.0,6.0,3.0,,,2.0,0.0,Completed,1.53,2.5,1.52,2.69,1.57,2.75,1.51,2.58
WTA,2021,44,New York,US Open,2021-09-04,Grand Slam,Outdoor,Hard,3rd Round,3,Andreescu B.,Minnen G.,7.0,104.0,4537.0,840.0,6.0,1.0,6.0,2.0,,,2.0,0.0,Completed,1.3,3.5,1.27,4.14,1.35,4.14,1.28,3.79
WTA,2021,44,New York,US Open,2021-09-04,Grand Slam,Outdoor,Hard,3rd Round,3,Sakkari M.,Kvitova P.,18.0,11.0,3210.0,4170.0,6.0,4.0,6.0,3.0,,,2.0,0.0,Completed,1.9,1.9,1.94,1.94,2.02,1.95,1.92,1.9
WTA,2021,44,New York,US Open,2021-09-04,Grand Slam,Outdoor,Hard,3rd Round,3,Bencic B.,Pegula J.,12.0,25.0,4170.0,2425.0,6.0,2.0,6.0,4.0,,,2.0,0.0,Completed,1.72,2.1,1.73,2.22,1.83,2.23,1.73,2.13
WTA,2021,44,New York,US Open,2021-09-04,Grand Slam,Outdoor,Hard,3rd Round,3,Raducanu E.,Sorribes Tormo S.,150.0,41.0,531.0,1705.0,6.0,0.0,6.0,1.0,,,2.0,0.0,Completed,2.0,1.8,2.04,1.85,2.2,1.85,2.05,1.78
WTA,2021,44,New York,US Open,2021-09-04,Grand Slam,Outdoor,Hard,3rd Round,3,Swiatek I.,Kontaveit A.,8.0,28.0,4461.0,2315.0,6.0,3.0,4.0,6.0,6.0,3.0,2.0,1.0,Completed,1.8,2.0,1.87,2.02,1.93,2.1,1.85,1.96
WTA,2021,44,New York,US Open,2021-09-04,Grand Slam,Outdoor,Hard,3rd Round,3,Pliskova Ka.,Tomljanovic A.,4.0,46.0,5530.0,1490.0,6.0,3.0,6.0,2.0,,,2.0,0.0,Completed,1.28,3.75,1.25,4.32,1.29,4.6,1.25,4.01
WTA,2021,44,New York,US Open,2021-09-05,Grand Slam,Outdoor,Hard,3rd Round,3,Rogers S.,Barty A.,43.0,1.0,1648.0,10185.0,6.0,2.0,1.0,6.0,7.0,6.0,2.0,1.0,Completed,5.5,1.14,5.99,1.16,7.24,1.17,5.7,1.14
WTA,2021,44,New York,US Open,2021-09-05,Grand Slam,Outdoor,Hard,3rd Round,3,Pavlyuchenkova A.,Gracheva V.,15.0,82.0,3420.0,990.0,6.0,1.0,6.0,4.0,,,2.0,0.0,Completed,1.28,3.75,1.25,4.33,1.33,4.36,1.26,3.89
WTA,2021,44,New York,US Open,2021-09-05,Grand Slam,Outdoor,Hard,4th Round,3,Svitolina E.,Halep S.,5.0,13.0,5210.0,3881.0,6.0,3.0,6.0,3.0,,,2.0,0.0,Completed,1.8,2.0,1.81,2.12,2.0,2.12,1.84,1.99
WTA,2021,44,New York,US Open,2021-09-05,Grand Slam,Outdoor,Hard,4th Round,3,Fernandez L.A.,Kerber A.,73.0,17.0,1024.0,3245.0,4.0,6.0,7.0,6.0,6.0,2.0,2.0,1.0,Completed,3.4,1.33,3.0,1.45,3.75,1.45,3.38,1.33
WTA,2021,44,New York,US Open,2021-09-05,Grand Slam,Outdoor,Hard,4th Round,3,Sabalenka A.,Mertens E.,2.0,16.0,7010.0,3330.0,6.0,4.0,6.0,1.0,,,2.0,0.0,Completed,1.3,3.5,1.32,3.72,1.35,3.75,1.31,3.5
WTA,2021,44,New York,US Open,2021-09-06,Grand Slam,Outdoor,Hard,4th Round,3,Krejcikova B.,Muguruza G.,9.0,10.0,4273.0,4210.0,6.0,3.0,7.0,6.0,,,2.0,0.0,Completed,1.72,2.1,1.78,2.17,1.85,2.17,1.77,2.07
WTA,2021,44,New York,US Open,2021-09-06,Grand Slam,Outdoor,Hard,4th Round,3,Bencic B.,Swiatek I.,12.0,8.0,4170.0,4461.0,7.0,6.0,6.0,3.0,,,2.0,0.0,Completed,2.0,1.8,2.07,1.85,2.24,1.9,2.06,1.78
WTA,2021,44,New York,US Open,2021-09-06,Grand Slam,Outdoor,Hard,4th Round,3,Raducanu E.,Rogers S.,150.0,43.0,531.0,1648.0,6.0,2.0,6.0,1.0,,,2.0,0.0,Completed,1.61,2.3,1.68,2.32,1.72,2.38,1.64,2.26
WTA,2021,44,New York,US Open,2021-09-06,Grand Slam,Outdoor,Hard,4th Round,3,Pliskova Ka.,Pavlyuchenkova A.,4.0,15.0,5530.0,3420.0,7.0,5.0,6.0,4.0,,,2.0,0.0,Completed,1.5,2.62,1.56,2.62,1.57,2.8,1.52,2.54
WTA,2021,44,New York,US Open,2021-09-07,Grand Slam,Outdoor,Hard,4th Round,3,Sakkari M.,Andreescu B.,18.0,7.0,3210.0,4537.0,6.0,7.0,7.0,6.0,6.0,3.0,2.0,1.0,Completed,1.66,2.2,1.69,2.31,1.79,2.41,1.66,2.24
WTA,2021,44,New York,US Open,2021-09-07,Grand Slam,Outdoor,Hard,Quarterfinals,3,Fernandez L.A.,Svitolina E.,73.0,5.0,1024.0,5210.0,6.0,3.0,3.0,6.0,7.0,6.0,2.0,1.0,Completed,3.2,1.36,3.52,1.35,3.52,1.37,3.28,1.34
WTA,2021,44,New York,US Open,2021-09-08,Grand Slam,Outdoor,Hard,Quarterfinals,3,Sabalenka A.,Krejcikova B.,2.0,9.0,7010.0,4273.0,6.0,1.0,6.0,4.0,,,2.0,0.0,Completed,1.44,2.75,1.45,3.0,1.57,3.0,1.49,2.66
WTA,2021,44,New York,US Open,2021-09-08,Grand Slam,Outdoor,Hard,Quarterfinals,3,Raducanu E.,Bencic B.,150.0,12.0,531.0,4170.0,6.0,3.0,6.0,4.0,,,2.0,0.0,Completed,2.3,1.61,2.49,1.61,2.55,1.69,2.35,1.61
WTA,2021,44,New York,US Open,2021-09-09,Grand Slam,Outdoor,Hard,Quarterfinals,3,Sakkari M.,Pliskova Ka.,18.0,4.0,3210.0,5530.0,6.0,4.0,6.0,4.0,,,2.0,0.0,Completed,2.0,1.8,1.99,1.91,2.1,1.95,1.98,1.84
WTA,2021,44,New York,US Open,2021-09-10,Grand Slam,Outdoor,Hard,Semifinals,3,Fernandez L.A.,Sabalenka A.,73.0,2.0,1024.0,7010.0,7.0,6.0,4.0,6.0,6.0,4.0,2.0,1.0,Completed,3.75,1.28,4.7,1.23,4.7,1.33,3.84,1.28
WTA,2021,44,New York,US Open,2021-09-10,Grand Slam,Outdoor,Hard,Semifinals,3,Raducanu E.,Sakkari M.,150.0,18.0,531.0,3210.0,6.0,1.0,6.0,4.0,,,2.0,0.0,Completed,2.3,1.61,2.34,1.68,2.45,1.73,2.3,1.64
WTA,2021,44,New York,US Open,2021-09-11,Grand Slam,Outdoor,Hard,The Final,3,Raducanu E.,Fernandez L.A.,150.0,73.0,531.0,1024.0,,4.0,6.0,3.0,,,2.0,0.0,Completed,1.53,2.62,1.54,2.65,1.59,2.77,1.54,2.54
