Tour,Year,WTA,Location,Tournament,Date,Tier,Court,Surface,Round,Best of,Winner,Loser,WRank,LRank,WPts,LPts,W1,L1,W2,L2,W3,L3,Wsets,Lsets,Comment,B365W,B365L,EXW,EXL,LBW,LBL,PSW,PSL,MaxW,MaxL,AvgW,AvgL
WTA,2015,6,Melbourne,Australian Open,2015-01-19,Grand Slam,Outdoor,Hard,1st Round,3,Goerges J.,Bencic B.,73,34.0,740,1391.0,6.0,2.0,6.0,1.0,,,2.0,0.0,Completed,1.8,1.9,1.9,1.8,1.91,1.91,1.93,1.97,1.96,1.99,1.88,1.89
WTA,2015,6,Melbourne,Australian Open,2015-01-19,Grand Slam,Outdoor,Hard,1st Round,3,Halep S.,Knapp K.,3,50.0,6571,1015.0,6.0,3.0,6.0,2.0,,,2.0,0.0,Completed,1.06,9.0,1.08,7.0,1.07,8.5,1.07,10.83,1.09,10.83,1.07,8.45
WTA,2015,6,Melbourne,Australian Open,2015-01-19,Grand Slam,Outdoor,Hard,1st Round,3,Peng S.,Maria T.,22,163.0,1880,325.0,6.0,4.0,7.0,5.0,,,2.0,0.0,Completed,1.36,3.0,1.38,3.0,1.36,3.0,1.42,3.11,1.42,3.35,1.36,3.04
WTA,2015,6,Melbourne,Australian Open,2015-01-19,Grand Slam,Outdoor,Hard,1st Round,3,Koukalova K.,Sanders S.,46,454.0,1090,60.0,7.0,5.0,6.0,4.0,,,2.0,0.0,Completed,1.36,3.0,1.4,2.9,1.4,2.75,1.39,3.27,1.44,3.27,1.38,2.98
WTA,2015,6,Melbourne,Australian Open,2015-01-19,Grand Slam,Outdoor,Hard,1st Round,3,Rybarikova M.,Konjuh A.,47,95.0,1046,609.0,6.0,4.0,6.0,4.0,,,2.0,0.0,Completed,2.1,1.66,2.25,1.62,2.2,1.62,2.16,1.78,2.45,1.78,2.2,1.65
WTA,2015,6,Melbourne,Australian Open,2015-01-19,Grand Slam,Outdoor,Hard,1st Round,3,Gajdosova J.,Dulgheru A.,62,87.0,865,655.0,6.0,3.0,6.0,4.0,,,2.0,0.0,Completed,1.28,3.5,1.35,3.1,1.3,3.5,1.42,3.14,1.42,3.5,1.34,3.18
WTA,2015,6,Melbourne,Australian Open,2015-01-19,Grand Slam,Outdoor,Hard,1st Round,3,Arruabarrena L.,Voracova R.,91,172.0,625,309.0,6.0,1.0,6.0,2.0,,,2.0,0.0,Completed,2.37,1.53,2.25,1.62,2.1,1.67,2.31,1.69,2.37,1.69,2.25,1.62
WTA,2015,6,Melbourne,Australian Open,2015-01-19,Grand Slam,Outdoor,Hard,1st Round,3,Garcia C.,Kuznetsova S.,36,27.0,1341,1730.0,6.0,4.0,6.0,2.0,,,2.0,0.0,Completed,2.75,1.4,2.6,1.45,2.5,1.5,2.8,1.5,2.8,1.53,2.57,1.49
WTA,2015,6,Melbourne,Australian Open,2015-01-19,Grand Slam,Outdoor,Hard,1st Round,3,Mladenovic K.,Lisicki S.,71,28.0,755,1681.0,4.0,6.0,6.0,4.0,6.0,2.0,2.0,1.0,Completed,3.5,1.28,3.2,1.33,3.25,1.36,3.6,1.34,3.7,1.36,3.35,1.31
WTA,2015,6,Melbourne,Australian Open,2015-01-19,Grand Slam,Outdoor,Hard,1st Round,3,Schmiedlova A.,Scheepers C.,74,83.0,727,677.0,6.0,4.0,4.0,6.0,6.0,2.0,2.0,1.0,Completed,1.72,2.0,1.82,1.9,1.83,1.83,1.85,2.07,1.95,2.07,1.83,1.93
WTA,2015,6,Melbourne,Australian Open,2015-01-19,Grand Slam,Outdoor,Hard,1st Round,3,Hradecka L.,Ivanovic A.,142,5.0,393,4845.0,1.0,6.0,6.0,3.0,6.0,2.0,2.0,1.0,Completed,9.0,1.07,7.5,1.08,9.0,1.06,9.47,1.09,11.0,1.1,7.96,1.08
WTA,2015,6,Melbourne,Australian Open,2015-01-19,Grand Slam,Outdoor,Hard,1st Round,3,Hercog P.,Wang Q.,88,103.0,653,573.0,3.0,6.0,6.0,3.0,6.0,2.0,2.0,1.0,Completed,1.4,2.75,1.45,2.6,1.4,2.75,1.5,2.8,1.5,2.95,1.44,2.71
WTA,2015,6,Melbourne,Australian Open,2015-01-19,Grand Slam,Outdoor,Hard,1st Round,3,Pliskova Ka.,Rodina E.,20,116.0,2075,488.0,7.0,5.0,6.0,1.0,,,2.0,0.0,Completed,1.2,4.33,1.2,4.3,1.17,4.5,1.27,4.26,1.27,4.8,1.21,4.24
WTA,2015,6,Melbourne,Australian Open,2015-01-19,Grand Slam,Outdoor,Hard,1st Round,3,Dodin O.,Riske A.,183,40.0,295,1225.0,7.0,6.0,3.0,6.0,6.0,3.0,2.0,1.0,Completed,5.0,1.16,4.75,1.17,4.33,1.2,5.2,1.2,5.2,1.21,4.67,1.18
WTA,2015,6,Melbourne,Australian Open,2015-01-19,Grand Slam,Outdoor,Hard,1st Round,3,Voegele S.,Parmentier P.,94,86.0,610,665.0,6.0,1.0,3.0,6.0,6.0,2.0,2.0,1.0,Completed,1.36,3.0,1.4,2.9,1.4,2.75,1.41,3.17,1.45,3.17,1.4,2.9
WTA,2015,6,Melbourne,Australian Open,2015-01-19,Grand Slam,Outdoor,Hard,1st Round,3,Wickmayer Y.,Pavlyuchenkova A.,80,25.0,679,1820.0,4.0,6.0,6.0,3.0,6.0,3.0,2.0,1.0,Completed,4.0,1.22,3.5,1.25,3.75,1.25,4.1,1.28,4.2,1.29,3.84,1.25
WTA,2015,6,Melbourne,Australian Open,2015-01-19,Grand Slam,Outdoor,Hard,1st Round,3,Mattek-Sands B.,Duan Y.Y.,258,119.0,169,475.0,6.0,4.0,3.0,6.0,6.0,3.0,2.0,1.0,Completed,1.57,2.25,1.62,2.25,1.62,2.2,1.75,2.2,1.75,2.32,1.64,2.21
WTA,2015,6,Melbourne,Australian Open,2015-01-19,Grand Slam,Outdoor,Hard,1st Round,3,Siniakova K.,Vesnina E.,81,65.0,678,846.0,6.0,2.0,7.0,5.0,,,2.0,0.0,Completed,2.1,1.66,2.05,1.72,2.1,1.67,1.98,1.93,2.1,1.93,2.01,1.77
WTA,2015,6,Melbourne,Australian Open,2015-01-19,Grand Slam,Outdoor,Hard,1st Round,3,Begu I.,Kerber A.,42,9.0,1201,3360.0,6.0,4.0,0.0,6.0,6.0,1.0,2.0,1.0,Completed,5.5,1.14,5.25,1.15,5.5,1.14,6.05,1.16,6.5,1.18,5.41,1.14
WTA,2015,6,Melbourne,Australian Open,2015-01-19,Grand Slam,Outdoor,Hard,1st Round,3,Mchale C.,Foretz S.,54,197.0,955,249.0,6.0,4.0,1.0,6.0,12.0,10.0,2.0,1.0,Completed,1.72,2.0,1.72,2.05,1.73,2.0,1.9,2.01,1.91,2.05,1.81,1.96
WTA,2015,6,Melbourne,Australian Open,2015-01-19,Grand Slam,Outdoor,Hard,1st Round,3,Diyas Z.,Radwanska U.,31,149.0,1460,367.0,3.0,6.0,6.0,4.0,6.0,2.0,2.0,1.0,Completed,1.57,2.25,1.65,2.2,1.57,2.25,1.68,2.34,1.71,2.35,1.62,2.25
WTA,2015,6,Melbourne,Australian Open,2015-01-19,Grand Slam,Outdoor,Hard,1st Round,3,Puig M.,Rodionova Ar.,60,252.0,880,175.0,6.0,0.0,6.0,3.0,,,2.0,0.0,Completed,1.18,4.5,1.2,4.3,1.2,4.33,1.22,4.84,1.23,5.1,1.2,4.41
WTA,2015,6,Melbourne,Australian Open,2015-01-19,Grand Slam,Outdoor,Hard,1st Round,3,Errani S.,Min G.,14,105.0,2735,553.0,6.0,1.0,6.0,0.0,,,2.0,0.0,Completed,1.22,4.0,1.2,4.0,1.22,4.0,1.29,4.05,1.29,4.34,1.23,4.01
WTA,2015,6,Melbourne,Australian Open,2015-01-19,Grand Slam,Outdoor,Hard,1st Round,3,Makarova E.,Mestach A.S.,11,102.0,2970,579.0,6.0,2.0,6.0,2.0,,,2.0,0.0,Completed,1.1,7.0,1.1,6.25,1.1,6.5,1.12,7.38,1.13,7.5,1.1,6.67
WTA,2015,6,Melbourne,Australian Open,2015-01-19,Grand Slam,Outdoor,Hard,1st Round,3,Shvedova Y.,Safarova L.,66,16.0,844,2545.0,6.0,4.0,2.0,6.0,8.0,6.0,2.0,1.0,Completed,4.5,1.18,4.0,1.2,4.0,1.22,4.65,1.24,4.8,1.24,4.29,1.21
WTA,2015,6,Melbourne,Australian Open,2015-01-19,Grand Slam,Outdoor,Hard,1st Round,3,Bertens K.,Gavrilova D.,72,158.0,751,336.0,7.0,6.0,5.0,7.0,6.0,2.0,2.0,1.0,Completed,2.75,1.4,2.6,1.45,2.62,1.44,2.54,1.58,2.9,1.58,2.64,1.46
WTA,2015,6,Melbourne,Australian Open,2015-01-19,Grand Slam,Outdoor,Hard,1st Round,3,Soler Espinosa S.,Beck A.,69,55.0,788,920.0,7.0,5.0,6.0,4.0,,,2.0,0.0,Completed,2.62,1.44,2.5,1.5,2.38,1.53,2.56,1.58,2.65,1.58,2.54,1.5
WTA,2015,6,Melbourne,Australian Open,2015-01-19,Grand Slam,Outdoor,Hard,1st Round,3,Vinci R.,Jovanovski B.,45,56.0,1137,910.0,7.0,5.0,6.0,1.0,,,2.0,0.0,Completed,1.33,3.25,1.33,3.2,1.36,3.0,1.34,3.56,1.44,3.56,1.34,3.17
WTA,2015,6,Melbourne,Australian Open,2015-01-19,Grand Slam,Outdoor,Hard,1st Round,3,Panova A.,Cirstea S.,150,97.0,367,606.0,7.0,5.0,6.0,0.0,,,2.0,0.0,Completed,1.83,1.83,1.8,2.0,1.83,1.83,1.93,1.97,1.93,2.0,1.85,1.91
WTA,2015,6,Melbourne,Australian Open,2015-01-19,Grand Slam,Outdoor,Hard,1st Round,3,Bouchard E.,Friedsam A.L.,7,98.0,4715,601.0,6.0,2.0,6.0,4.0,,,2.0,0.0,Completed,1.05,11.0,1.04,9.0,1.05,10.0,1.07,11.25,1.08,12.0,1.05,9.91
WTA,2015,6,Melbourne,Australian Open,2015-01-19,Grand Slam,Outdoor,Hard,1st Round,3,Witthoeft C.,Suarez Navarro C.,104,17.0,555,2415.0,6.0,3.0,6.0,1.0,,,2.0,0.0,Completed,5.0,1.16,4.75,1.16,4.5,1.17,5.18,1.2,5.5,1.21,4.85,1.17
WTA,2015,6,Melbourne,Australian Open,2015-01-19,Grand Slam,Outdoor,Hard,1st Round,3,Sharapova M.,Martic P.,2,184.0,7335,289.0,6.0,4.0,6.0,1.0,,,2.0,0.0,Completed,1.03,15.0,1.03,11.0,1.02,15.0,1.03,17.0,1.04,21.0,1.03,13.74
WTA,2015,6,Melbourne,Australian Open,2015-01-20,Grand Slam,Outdoor,Hard,1st Round,3,Hantuchova D.,Zheng S.,61,79.0,870,690.0,6.0,4.0,6.0,4.0,,,2.0,0.0,Completed,1.72,2.0,1.8,2.0,1.73,2.0,1.93,1.97,1.93,2.07,1.81,1.96
WTA,2015,6,Melbourne,Australian Open,2015-01-20,Grand Slam,Outdoor,Hard,1st Round,3,Muguruza G.,Erakovic M.,24,75.0,1845,723.0,7.0,5.0,6.0,0.0,,,2.0,0.0,Completed,1.2,4.33,1.2,4.3,1.2,4.33,1.27,4.26,1.27,4.55,1.21,4.23
WTA,2015,6,Melbourne,Australian Open,2015-01-20,Grand Slam,Outdoor,Hard,1st Round,3,Allertova D.,Oprandi R.,107,113.0,529,499.0,6.0,0.0,6.0,2.0,,,2.0,0.0,Completed,1.18,4.5,1.22,4.0,1.25,3.75,1.23,4.73,1.25,4.73,1.21,4.3
WTA,2015,6,Melbourne,Australian Open,2015-01-20,Grand Slam,Outdoor,Hard,1st Round,3,Pironkova T.,Watson H.,52,38.0,991,1291.0,6.0,4.0,6.0,0.0,,,2.0,0.0,Completed,2.0,1.72,2.1,1.7,2.0,1.73,2.2,1.75,2.2,1.81,2.05,1.74
WTA,2015,6,Melbourne,Australian Open,2015-01-20,Grand Slam,Outdoor,Hard,1st Round,3,Azarenka V.,Stephens S.,44,32.0,1188,1401.0,6.0,3.0,6.0,2.0,,,2.0,0.0,Completed,1.36,3.0,1.42,2.8,1.4,3.0,1.43,3.09,1.47,3.09,1.4,2.87
WTA,2015,6,Melbourne,Australian Open,2015-01-20,Grand Slam,Outdoor,Hard,1st Round,3,Stosur S.,Niculescu M.,21,49.0,1895,1023.0,6.0,4.0,6.0,1.0,,,2.0,0.0,Completed,1.36,3.0,1.33,3.2,1.36,3.25,1.4,3.22,1.4,3.4,1.34,3.18
WTA,2015,6,Melbourne,Australian Open,2015-01-20,Grand Slam,Outdoor,Hard,1st Round,3,Zahlavova Strycova B.,Babos T.,23,92.0,1870,618.0,6.0,4.0,6.0,4.0,,,2.0,0.0,Completed,1.28,3.5,1.28,3.5,1.25,3.75,1.34,3.6,1.34,3.8,1.29,3.53
WTA,2015,6,Melbourne,Australian Open,2015-01-20,Grand Slam,Outdoor,Hard,1st Round,3,Cornet A.,Zhang S.,19,63.0,2255,855.0,6.0,3.0,6.0,2.0,,,2.0,0.0,Completed,1.18,4.5,1.2,4.3,1.17,4.5,1.23,4.77,1.24,4.85,1.2,4.41
WTA,2015,6,Melbourne,Australian Open,2015-01-20,Grand Slam,Outdoor,Hard,1st Round,3,Chang K.C.,Zheng J.,402,100.0,76,589.0,6.0,1.0,6.0,2.0,,,2.0,0.0,Completed,2.5,1.5,2.4,1.55,2.38,1.53,2.49,1.61,2.6,1.62,2.45,1.54
WTA,2015,6,Melbourne,Australian Open,2015-01-20,Grand Slam,Outdoor,Hard,1st Round,3,Cibulkova D.,Flipkens K.,10,51.0,3007,1010.0,3.0,6.0,6.0,3.0,6.0,1.0,2.0,1.0,Completed,1.36,3.0,1.35,3.1,1.36,3.0,1.39,3.3,1.42,3.4,1.36,3.1
WTA,2015,6,Melbourne,Australian Open,2015-01-20,Grand Slam,Outdoor,Hard,1st Round,3,Wozniacki C.,Townsend T.,8,99.0,4625,597.0,7.0,6.0,6.0,2.0,,,2.0,0.0,Completed,1.1,7.0,1.12,5.75,1.12,6.0,1.13,7.18,1.15,7.25,1.12,6.01
WTA,2015,6,Melbourne,Australian Open,2015-01-20,Grand Slam,Outdoor,Hard,1st Round,3,Falconi I.,Kanepi K.,111,48.0,514,1045.0,2.0,6.0,6.0,4.0,7.0,5.0,2.0,1.0,Completed,4.0,1.22,3.4,1.28,3.75,1.25,4.06,1.28,4.2,1.3,3.72,1.26
WTA,2015,6,Melbourne,Australian Open,2015-01-20,Grand Slam,Outdoor,Hard,1st Round,3,Vandeweghe C.,Schiavone F.,37,78.0,1295,692.0,6.0,2.0,6.0,2.0,,,2.0,0.0,Completed,1.36,3.0,1.35,3.1,1.33,3.25,1.41,3.18,1.41,3.4,1.35,3.1
WTA,2015,6,Melbourne,Australian Open,2015-01-20,Grand Slam,Outdoor,Hard,1st Round,3,Brengle M.,Petkovic A.,64,13.0,852,2780.0,5.0,7.0,7.0,6.0,6.0,3.0,2.0,1.0,Completed,2.25,1.57,2.15,1.68,2.38,1.53,2.34,1.68,2.4,1.74,2.27,1.61
WTA,2015,6,Melbourne,Australian Open,2015-01-20,Grand Slam,Outdoor,Hard,1st Round,3,Kvitova P.,Hogenkamp R.,4,138.0,6360,408.0,6.0,1.0,6.0,4.0,,,2.0,0.0,Completed,1.02,17.0,1.02,11.5,1.03,12.0,1.03,17.5,1.05,17.5,1.02,13.81
WTA,2015,6,Melbourne,Australian Open,2015-01-20,Grand Slam,Outdoor,Hard,1st Round,3,Svitolina E.,Putintseva Y.,26,114.0,1780,490.0,6.0,3.0,7.0,5.0,,,2.0,0.0,Completed,1.14,5.5,1.16,5.0,1.14,5.0,1.17,5.87,1.17,5.92,1.15,5.29
WTA,2015,6,Melbourne,Australian Open,2015-01-20,Grand Slam,Outdoor,Hard,1st Round,3,Dellacqua C.,Meusburger Y.,29,93.0,1542,616.0,6.0,4.0,6.0,0.0,,,2.0,0.0,Completed,1.08,8.0,1.09,7.0,1.1,7.0,1.1,8.95,1.11,9.3,1.08,7.57
WTA,2015,6,Melbourne,Australian Open,2015-01-20,Grand Slam,Outdoor,Hard,1st Round,3,Gibbs N.,Rogowska O.,96,134.0,607,415.0,6.0,4.0,6.0,1.0,,,2.0,0.0,Completed,1.5,2.5,1.55,2.4,1.57,2.25,1.56,2.62,1.67,2.62,1.55,2.41
WTA,2015,6,Melbourne,Australian Open,2015-01-20,Grand Slam,Outdoor,Hard,1st Round,3,Zvonareva V.,Jabeur O.,203,140.0,242,397.0,6.0,2.0,6.0,3.0,,,2.0,0.0,Completed,1.66,2.1,1.7,2.05,1.62,2.2,1.81,2.1,1.81,2.21,1.71,2.1
WTA,2015,6,Melbourne,Australian Open,2015-01-20,Grand Slam,Outdoor,Hard,1st Round,3,Barthel M.,Vekic D.,43,85.0,1193,667.0,3.0,6.0,6.0,4.0,6.0,2.0,2.0,1.0,Completed,1.44,2.62,1.5,2.5,1.5,2.5,1.51,2.77,1.54,3.0,1.48,2.59
WTA,2015,6,Melbourne,Australian Open,2015-01-20,Grand Slam,Outdoor,Hard,1st Round,3,Smitkova T.,Lucic M.,68,57.0,811,909.0,6.0,1.0,6.0,1.0,,,2.0,0.0,Completed,1.53,2.37,1.62,2.25,1.67,2.1,1.67,2.35,1.67,2.4,1.63,2.24
WTA,2015,6,Melbourne,Australian Open,2015-01-20,Grand Slam,Outdoor,Hard,1st Round,3,Bacsinszky T.,Jankovic J.,41,15.0,1214,2590.0,6.0,1.0,6.0,4.0,,,2.0,0.0,Completed,1.57,2.25,1.68,2.15,1.67,2.1,1.93,1.98,1.93,2.25,1.7,2.13
WTA,2015,6,Melbourne,Australian Open,2015-01-20,Grand Slam,Outdoor,Hard,1st Round,3,Keys M.,Tsurenko L.,35,90.0,1390,637.0,6.0,3.0,7.0,5.0,,,2.0,0.0,Completed,1.4,2.75,1.45,2.7,1.4,2.75,1.43,3.05,1.48,3.05,1.42,2.78
WTA,2015,6,Melbourne,Australian Open,2015-01-20,Grand Slam,Outdoor,Hard,1st Round,3,Williams V.,Torro Flor M.T.,18,89.0,2370,640.0,6.0,2.0,6.0,2.0,,,2.0,0.0,Completed,1.06,9.0,1.07,7.5,1.08,8.0,1.08,9.85,1.13,9.85,1.07,8.17
WTA,2015,6,Melbourne,Australian Open,2015-01-20,Grand Slam,Outdoor,Hard,1st Round,3,Giorgi C.,Pennetta F.,33,12.0,1395,2861.0,4.0,6.0,6.0,2.0,6.0,3.0,2.0,1.0,Completed,2.1,1.66,2.05,1.72,2.2,1.62,2.21,1.75,2.21,1.79,2.11,1.7
WTA,2015,6,Melbourne,Australian Open,2015-01-20,Grand Slam,Outdoor,Hard,1st Round,3,Lepchenko V.,Diatchenko V.,30,82.0,1480,678.0,6.0,3.0,6.0,3.0,,,2.0,0.0,Completed,1.22,4.0,1.22,3.9,1.25,3.75,1.27,4.17,1.29,4.33,1.24,3.94
WTA,2015,6,Melbourne,Australian Open,2015-01-20,Grand Slam,Outdoor,Hard,1st Round,3,Radwanska A.,Nara K.,6,39.0,4810,1236.0,6.0,3.0,6.0,0.0,,,2.0,0.0,Completed,1.06,10.0,1.09,7.0,1.08,7.0,1.08,9.61,1.09,10.0,1.07,8.24
WTA,2015,6,Melbourne,Australian Open,2015-01-20,Grand Slam,Outdoor,Hard,1st Round,3,Davis L.,Krunic A.,53,77.0,980,716.0,6.0,1.0,7.0,5.0,,,2.0,0.0,Completed,1.72,2.0,1.72,2.05,1.67,2.1,1.81,2.13,1.85,2.19,1.74,2.05
WTA,2015,6,Melbourne,Australian Open,2015-01-20,Grand Slam,Outdoor,Hard,1st Round,3,Larsson J.,Kudryavtseva A.,70,84.0,762,674.0,6.0,4.0,6.0,3.0,,,2.0,0.0,Completed,1.66,2.1,1.7,2.1,1.67,2.1,1.69,2.3,1.83,2.3,1.72,2.08
WTA,2015,6,Melbourne,Australian Open,2015-01-20,Grand Slam,Outdoor,Hard,1st Round,3,Williams S.,Van Uytvanck A.,1,106.0,8016,544.0,6.0,0.0,6.0,4.0,,,2.0,0.0,Completed,1.02,17.0,1.01,12.0,1.02,15.0,1.04,16.0,1.04,20.0,1.02,14.31
WTA,2015,6,Melbourne,Australian Open,2015-01-20,Grand Slam,Outdoor,Hard,1st Round,3,Tatishvili A.,Date Krumm K.,141,53.0,394,980.0,7.0,5.0,6.0,4.0,,,2.0,0.0,Completed,1.44,2.62,1.52,2.45,1.53,2.38,1.53,2.71,1.55,2.71,1.5,2.54
WTA,2015,6,Melbourne,Australian Open,2015-01-20,Grand Slam,Outdoor,Hard,1st Round,3,Tomljanovic A.,Rogers S.,67,76.0,840,722.0,4.0,6.0,6.0,4.0,6.0,0.0,2.0,1.0,Completed,1.66,2.1,1.7,2.1,1.62,2.25,1.74,2.22,1.75,2.25,1.68,2.14
WTA,2015,6,Melbourne,Australian Open,2015-01-21,Grand Slam,Outdoor,Hard,2nd Round,3,Shvedova Y.,Puig M.,66,60.0,844,880.0,6.0,2.0,7.0,6.0,,,2.0,0.0,Completed,1.66,2.1,1.62,2.25,1.67,2.1,1.86,2.04,1.86,2.3,1.74,2.06
WTA,2015,6,Melbourne,Australian Open,2015-01-21,Grand Slam,Outdoor,Hard,2nd Round,3,Witthoeft C.,Mchale C.,104,54.0,555,955.0,6.0,3.0,6.0,0.0,,,2.0,0.0,Completed,1.57,2.25,1.72,2.05,1.67,2.1,1.76,2.19,1.78,2.25,1.69,2.14
WTA,2015,6,Melbourne,Australian Open,2015-01-21,Grand Slam,Outdoor,Hard,2nd Round,3,Goerges J.,Koukalova K.,73,46.0,740,1090.0,6.0,3.0,4.0,6.0,6.0,2.0,2.0,1.0,Completed,1.25,3.75,1.25,3.5,1.3,3.5,1.33,3.64,1.33,4.0,1.29,3.51
WTA,2015,6,Melbourne,Australian Open,2015-01-21,Grand Slam,Outdoor,Hard,2nd Round,3,Peng S.,Rybarikova M.,22,47.0,1880,1046.0,6.0,1.0,6.0,1.0,,,2.0,0.0,Completed,1.36,3.0,1.4,2.9,1.44,2.75,1.42,3.11,1.44,3.11,1.4,2.86
WTA,2015,6,Melbourne,Australian Open,2015-01-21,Grand Slam,Outdoor,Hard,2nd Round,3,Makarova E.,Vinci R.,11,45.0,2970,1137.0,6.0,2.0,6.0,4.0,,,2.0,0.0,Completed,1.3,3.4,1.35,3.1,1.33,3.4,1.36,3.47,1.4,3.5,1.34,3.21
WTA,2015,6,Melbourne,Australian Open,2015-01-21,Grand Slam,Outdoor,Hard,2nd Round,3,Begu I.,Siniakova K.,42,81.0,1201,678.0,7.0,5.0,6.0,4.0,,,2.0,0.0,Completed,2.1,1.66,2.05,1.72,2.1,1.67,2.06,1.85,2.15,1.85,2.05,1.75
WTA,2015,6,Melbourne,Australian Open,2015-01-21,Grand Slam,Outdoor,Hard,2nd Round,3,Pliskova Ka.,Dodin O.,20,183.0,2075,295.0,7.0,5.0,5.0,7.0,6.0,4.0,2.0,1.0,Completed,1.1,7.0,1.12,5.75,1.11,6.5,1.11,7.84,1.13,9.0,1.11,6.62
WTA,2015,6,Melbourne,Australian Open,2015-01-21,Grand Slam,Outdoor,Hard,2nd Round,3,Sharapova M.,Panova A.,2,150.0,7335,367.0,6.0,1.0,4.0,6.0,7.0,5.0,2.0,1.0,Completed,1.01,21.0,1.03,11.0,1.02,15.0,1.02,22.73,1.04,22.73,1.02,15.69
WTA,2015,6,Melbourne,Australian Open,2015-01-21,Grand Slam,Outdoor,Hard,2nd Round,3,Hradecka L.,Hercog P.,142,88.0,393,653.0,4.0,6.0,6.0,3.0,6.0,2.0,2.0,1.0,Completed,2.2,1.61,1.9,1.82,1.83,1.83,2.25,1.72,2.25,1.91,2.06,1.74
WTA,2015,6,Melbourne,Australian Open,2015-01-21,Grand Slam,Outdoor,Hard,2nd Round,3,Wickmayer Y.,Arruabarrena L.,80,91.0,679,625.0,6.0,4.0,4.0,6.0,6.0,4.0,2.0,1.0,Completed,1.66,2.1,1.52,2.4,1.62,2.2,1.84,2.09,1.84,2.44,1.67,2.17
WTA,2015,6,Melbourne,Australian Open,2015-01-21,Grand Slam,Outdoor,Hard,2nd Round,3,Errani S.,Soler Espinosa S.,14,69.0,2735,788.0,7.0,6.0,6.0,3.0,,,2.0,0.0,Completed,1.4,2.75,1.42,2.8,1.44,2.75,1.46,2.95,1.46,3.05,1.41,2.86
WTA,2015,6,Melbourne,Australian Open,2015-01-21,Grand Slam,Outdoor,Hard,2nd Round,3,Diyas Z.,Schmiedlova A.,31,74.0,1460,727.0,3.0,6.0,6.0,2.0,8.0,6.0,2.0,1.0,Completed,1.33,3.25,1.3,3.2,1.33,3.25,1.37,3.39,1.37,3.55,1.32,3.3
WTA,2015,6,Melbourne,Australian Open,2015-01-21,Grand Slam,Outdoor,Hard,2nd Round,3,Garcia C.,Voegele S.,36,94.0,1341,610.0,6.0,3.0,6.0,4.0,,,2.0,0.0,Completed,1.5,2.5,1.45,2.6,1.44,2.62,1.56,2.61,1.6,2.64,1.51,2.5
WTA,2015,6,Melbourne,Australian Open,2015-01-21,Grand Slam,Outdoor,Hard,2nd Round,3,Mattek-Sands B.,Mladenovic K.,258,71.0,169,755.0,7.0,6.0,7.0,6.0,,,2.0,0.0,Completed,2.37,1.53,2.3,1.6,2.38,1.53,2.44,1.63,2.44,1.65,2.3,1.6
WTA,2015,6,Melbourne,Australian Open,2015-01-21,Grand Slam,Outdoor,Hard,2nd Round,3,Bouchard E.,Bertens K.,7,72.0,4715,751.0,6.0,0.0,6.0,3.0,,,2.0,0.0,Completed,1.12,6.0,1.1,6.0,1.1,7.0,1.15,6.52,1.15,7.0,1.12,6.16
WTA,2015,6,Melbourne,Australian Open,2015-01-21,Grand Slam,Outdoor,Hard,2nd Round,3,Halep S.,Gajdosova J.,3,62.0,6571,865.0,6.0,2.0,6.0,2.0,,,2.0,0.0,Completed,1.1,7.0,1.09,7.0,1.11,6.5,1.11,8.1,1.13,8.1,1.1,6.72
WTA,2015,6,Melbourne,Australian Open,2015-01-22,Grand Slam,Outdoor,Hard,2nd Round,3,Radwanska A.,Larsson J.,6,70.0,4810,762.0,6.0,0.0,6.0,1.0,,,2.0,0.0,Completed,1.06,10.0,1.06,8.5,1.06,9.0,1.06,12.51,1.07,12.51,1.05,9.88
WTA,2015,6,Melbourne,Australian Open,2015-01-22,Grand Slam,Outdoor,Hard,2nd Round,3,Bacsinszky T.,Tatishvili A.,41,141.0,1214,394.0,6.0,7.0,6.0,3.0,6.0,2.0,2.0,1.0,Completed,1.2,4.33,1.25,3.75,1.25,3.75,1.25,4.46,1.27,4.46,1.24,3.95
WTA,2015,6,Melbourne,Australian Open,2015-01-22,Grand Slam,Outdoor,Hard,2nd Round,3,Williams V.,Davis L.,18,53.0,2370,980.0,6.0,2.0,6.0,3.0,,,2.0,0.0,Completed,1.12,6.0,1.14,5.25,1.14,5.5,1.15,6.52,1.17,6.56,1.14,5.54
WTA,2015,6,Melbourne,Australian Open,2015-01-22,Grand Slam,Outdoor,Hard,2nd Round,3,Muguruza G.,Hantuchova D.,24,61.0,1845,870.0,6.0,1.0,1.0,6.0,6.0,0.0,2.0,1.0,Completed,1.18,4.5,1.18,4.5,1.17,4.5,1.23,4.73,1.23,5.1,1.19,4.56
WTA,2015,6,Melbourne,Australian Open,2015-01-22,Grand Slam,Outdoor,Hard,2nd Round,3,Williams S.,Zvonareva V.,1,203.0,8016,242.0,7.0,5.0,6.0,0.0,,,2.0,0.0,Completed,1.08,8.0,1.07,7.75,1.08,8.0,1.09,9.06,1.1,9.06,1.07,7.97
WTA,2015,6,Melbourne,Australian Open,2015-01-22,Grand Slam,Outdoor,Hard,2nd Round,3,Giorgi C.,Smitkova T.,33,68.0,1395,811.0,6.0,1.0,6.0,4.0,,,2.0,0.0,Completed,1.57,2.25,1.72,2.05,1.73,2.0,1.69,2.31,1.74,2.31,1.68,2.15
WTA,2015,6,Melbourne,Australian Open,2015-01-22,Grand Slam,Outdoor,Hard,2nd Round,3,Svitolina E.,Gibbs N.,26,96.0,1780,607.0,7.0,6.0,7.0,6.0,,,2.0,0.0,Completed,1.14,5.5,1.16,5.0,1.14,5.0,1.19,5.42,1.19,6.0,1.15,5.24
WTA,2015,6,Melbourne,Australian Open,2015-01-22,Grand Slam,Outdoor,Hard,2nd Round,3,Lepchenko V.,Tomljanovic A.,30,67.0,1480,840.0,6.0,1.0,7.0,6.0,,,2.0,0.0,Completed,1.3,3.4,1.3,3.4,1.36,3.0,1.31,3.85,1.36,3.85,1.3,3.46
WTA,2015,6,Melbourne,Australian Open,2015-01-22,Grand Slam,Outdoor,Hard,2nd Round,3,Cibulkova D.,Pironkova T.,10,52.0,3007,991.0,6.0,2.0,6.0,0.0,,,2.0,0.0,Completed,1.57,2.25,1.72,2.05,1.73,2.1,1.65,2.37,1.74,2.37,1.66,2.2
WTA,2015,6,Melbourne,Australian Open,2015-01-22,Grand Slam,Outdoor,Hard,2nd Round,3,Cornet A.,Allertova D.,19,107.0,2255,529.0,6.0,4.0,6.0,7.0,6.0,2.0,2.0,1.0,Completed,1.36,3.0,1.38,2.9,1.4,2.75,1.4,3.22,1.43,3.22,1.38,2.96
WTA,2015,6,Melbourne,Australian Open,2015-01-22,Grand Slam,Outdoor,Hard,2nd Round,3,Keys M.,Dellacqua C.,35,29.0,1390,1542.0,2.0,6.0,6.0,0.0,6.0,1.0,2.0,1.0,Completed,1.36,3.0,1.4,2.9,1.44,2.75,1.43,3.05,1.5,3.05,1.41,2.85
WTA,2015,6,Melbourne,Australian Open,2015-01-22,Grand Slam,Outdoor,Hard,2nd Round,3,Kvitova P.,Barthel M.,4,43.0,6360,1193.0,6.0,2.0,6.0,4.0,,,2.0,0.0,Completed,1.08,7.5,1.07,8.0,1.07,8.5,1.1,8.55,1.1,8.6,1.08,7.64
WTA,2015,6,Melbourne,Australian Open,2015-01-22,Grand Slam,Outdoor,Hard,2nd Round,3,Brengle M.,Falconi I.,64,111.0,852,514.0,6.0,1.0,6.0,3.0,,,2.0,0.0,Completed,1.22,4.0,1.25,3.75,1.29,3.5,1.33,3.69,1.33,4.0,1.26,3.7
WTA,2015,6,Melbourne,Australian Open,2015-01-22,Grand Slam,Outdoor,Hard,2nd Round,3,Zahlavova Strycova B.,Chang K.C.,23,402.0,1870,76.0,6.0,1.0,7.0,5.0,,,2.0,0.0,Completed,1.14,5.5,1.12,5.5,1.14,5.0,1.17,5.9,1.17,6.01,1.14,5.42
WTA,2015,6,Melbourne,Australian Open,2015-01-22,Grand Slam,Outdoor,Hard,2nd Round,3,Azarenka V.,Wozniacki C.,44,8.0,1188,4625.0,6.0,4.0,6.0,2.0,,,2.0,0.0,Completed,2.0,1.72,2.0,1.75,2.1,1.73,2.18,1.77,2.25,1.8,2.09,1.72
WTA,2015,6,Melbourne,Australian Open,2015-01-22,Grand Slam,Outdoor,Hard,2nd Round,3,Vandeweghe C.,Stosur S.,37,21.0,1295,1895.0,6.0,4.0,6.0,4.0,,,2.0,0.0,Completed,2.37,1.53,2.4,1.55,2.38,1.57,2.46,1.62,2.6,1.62,2.42,1.55
WTA,2015,6,Melbourne,Australian Open,2015-01-23,Grand Slam,Outdoor,Hard,3rd Round,3,Peng S.,Shvedova Y.,22,66.0,1880,844.0,7.0,6.0,6.0,3.0,,,2.0,0.0,Completed,1.44,2.62,1.5,2.5,1.53,2.5,1.6,2.54,1.61,2.62,1.52,2.49
WTA,2015,6,Melbourne,Australian Open,2015-01-23,Grand Slam,Outdoor,Hard,3rd Round,3,Wickmayer Y.,Errani S.,80,14.0,679,2735.0,4.0,6.0,6.0,4.0,6.0,3.0,2.0,1.0,Completed,2.75,1.4,2.8,1.42,2.75,1.44,2.85,1.49,2.9,1.5,2.75,1.44
WTA,2015,6,Melbourne,Australian Open,2015-01-23,Grand Slam,Outdoor,Hard,3rd Round,3,Goerges J.,Hradecka L.,73,142.0,740,393.0,7.0,6.0,7.0,5.0,,,2.0,0.0,Completed,1.44,2.62,1.48,2.6,1.5,2.62,1.53,2.74,1.53,2.85,1.48,2.62
WTA,2015,6,Melbourne,Australian Open,2015-01-23,Grand Slam,Outdoor,Hard,3rd Round,3,Makarova E.,Pliskova Ka.,11,20.0,2970,2075.0,6.0,4.0,6.0,4.0,,,2.0,0.0,Completed,1.57,2.25,1.65,2.2,1.73,2.1,1.72,2.28,1.74,2.3,1.67,2.18
WTA,2015,6,Melbourne,Australian Open,2015-01-23,Grand Slam,Outdoor,Hard,3rd Round,3,Bouchard E.,Garcia C.,7,36.0,4715,1341.0,7.0,5.0,6.0,0.0,,,2.0,0.0,Completed,1.22,4.0,1.28,3.5,1.29,3.75,1.31,3.92,1.32,4.0,1.29,3.55
WTA,2015,6,Melbourne,Australian Open,2015-01-23,Grand Slam,Outdoor,Hard,3rd Round,3,Begu I.,Witthoeft C.,42,104.0,1201,555.0,6.0,4.0,6.0,4.0,,,2.0,0.0,Completed,1.72,2.0,1.75,2.0,1.8,2.0,1.91,2.02,1.91,2.1,1.81,1.97
WTA,2015,6,Melbourne,Australian Open,2015-01-23,Grand Slam,Outdoor,Hard,3rd Round,3,Halep S.,Mattek-Sands B.,3,258.0,6571,169.0,6.0,4.0,7.0,5.0,,,2.0,0.0,Completed,1.07,9.0,1.07,7.75,1.07,8.5,1.07,12.0,1.08,12.0,1.06,9.09
WTA,2015,6,Melbourne,Australian Open,2015-01-23,Grand Slam,Outdoor,Hard,3rd Round,3,Sharapova M.,Diyas Z.,2,31.0,7335,1460.0,6.0,1.0,6.0,1.0,,,2.0,0.0,Completed,1.08,8.0,1.08,7.5,1.08,8.0,1.1,9.35,1.11,9.35,1.08,7.65
WTA,2015,6,Melbourne,Australian Open,2015-01-24,Grand Slam,Outdoor,Hard,3rd Round,3,Radwanska A.,Lepchenko V.,6,30.0,4810,1480.0,6.0,0.0,7.0,5.0,,,2.0,0.0,Completed,1.22,4.0,1.22,3.75,1.22,4.33,1.27,4.33,1.27,4.55,1.22,4.11
WTA,2015,6,Melbourne,Australian Open,2015-01-24,Grand Slam,Outdoor,Hard,3rd Round,3,Muguruza G.,Bacsinszky T.,24,41.0,1845,1214.0,6.0,3.0,4.0,6.0,6.0,0.0,2.0,1.0,Completed,1.5,2.5,1.5,2.45,1.53,2.5,1.65,2.42,1.67,2.65,1.55,2.42
WTA,2015,6,Melbourne,Australian Open,2015-01-24,Grand Slam,Outdoor,Hard,3rd Round,3,Williams V.,Giorgi C.,18,33.0,2370,1395.0,4.0,6.0,7.0,6.0,6.0,1.0,2.0,1.0,Completed,1.36,3.0,1.38,3.0,1.4,3.0,1.42,3.19,1.44,3.19,1.39,2.96
WTA,2015,6,Melbourne,Australian Open,2015-01-24,Grand Slam,Outdoor,Hard,3rd Round,3,Cibulkova D.,Cornet A.,10,19.0,3007,2255.0,7.0,5.0,6.0,2.0,,,2.0,0.0,Completed,1.57,2.25,1.52,2.45,1.53,2.5,1.78,2.18,1.8,2.5,1.65,2.22
WTA,2015,6,Melbourne,Australian Open,2015-01-24,Grand Slam,Outdoor,Hard,3rd Round,3,Williams S.,Svitolina E.,1,26.0,8016,1780.0,4.0,6.0,6.0,2.0,6.0,0.0,2.0,1.0,Completed,1.06,10.0,1.06,8.0,1.08,8.0,1.07,11.25,1.08,11.25,1.06,8.86
WTA,2015,6,Melbourne,Australian Open,2015-01-24,Grand Slam,Outdoor,Hard,3rd Round,3,Brengle M.,Vandeweghe C.,64,37.0,852,1295.0,6.0,3.0,6.0,2.0,,,2.0,0.0,Completed,2.5,1.5,2.45,1.5,2.5,1.53,2.6,1.57,2.7,1.58,2.51,1.52
WTA,2015,6,Melbourne,Australian Open,2015-01-24,Grand Slam,Outdoor,Hard,3rd Round,3,Azarenka V.,Zahlavova Strycova B.,44,23.0,1188,1870.0,6.0,4.0,6.0,4.0,,,2.0,0.0,Completed,1.18,4.5,1.18,4.3,1.2,4.5,1.23,4.8,1.25,4.8,1.21,4.31
WTA,2015,6,Melbourne,Australian Open,2015-01-24,Grand Slam,Outdoor,Hard,3rd Round,3,Keys M.,Kvitova P.,35,4.0,1390,6360.0,6.0,4.0,7.0,5.0,,,2.0,0.0,Completed,4.0,1.22,4.0,1.22,4.0,1.25,4.64,1.24,4.64,1.28,4.0,1.24
WTA,2015,6,Melbourne,Australian Open,2015-01-25,Grand Slam,Outdoor,Hard,4th Round,3,Bouchard E.,Begu I.,7,42.0,4715,1201.0,6.0,1.0,5.0,7.0,6.0,2.0,2.0,1.0,Completed,1.12,6.0,1.13,5.5,1.14,5.5,1.16,6.43,1.17,6.44,1.14,5.6
WTA,2015,6,Melbourne,Australian Open,2015-01-25,Grand Slam,Outdoor,Hard,4th Round,3,Makarova E.,Goerges J.,11,73.0,2970,740.0,6.0,3.0,6.0,2.0,,,2.0,0.0,Completed,1.28,3.75,1.28,3.5,1.3,3.5,1.29,4.14,1.33,4.14,1.28,3.67
WTA,2015,6,Melbourne,Australian Open,2015-01-25,Grand Slam,Outdoor,Hard,4th Round,3,Sharapova M.,Peng S.,2,22.0,7335,1880.0,6.0,3.0,6.0,0.0,,,2.0,0.0,Completed,1.12,6.0,1.12,5.5,1.01,6.0,1.15,6.77,1.16,6.79,1.13,5.83
WTA,2015,6,Melbourne,Australian Open,2015-01-25,Grand Slam,Outdoor,Hard,4th Round,3,Halep S.,Wickmayer Y.,3,80.0,6571,679.0,6.0,4.0,6.0,2.0,,,2.0,0.0,Completed,1.08,8.0,1.08,7.5,1.08,8.0,1.11,8.71,1.13,9.94,1.08,7.85
WTA,2015,6,Melbourne,Australian Open,2015-01-26,Grand Slam,Outdoor,Hard,4th Round,3,Cibulkova D.,Azarenka V.,10,44.0,3007,1188.0,6.0,2.0,3.0,6.0,6.0,3.0,2.0,1.0,Completed,3.0,1.4,2.8,1.4,3.0,1.4,3.1,1.43,3.15,1.44,2.9,1.4
WTA,2015,6,Melbourne,Australian Open,2015-01-26,Grand Slam,Outdoor,Hard,4th Round,3,Williams S.,Muguruza G.,1,24.0,8016,1845.0,2.0,6.0,6.0,3.0,6.0,2.0,2.0,1.0,Completed,1.22,4.0,1.2,4.3,1.2,4.5,1.25,4.49,1.27,5.3,1.22,4.26
WTA,2015,6,Melbourne,Australian Open,2015-01-26,Grand Slam,Outdoor,Hard,4th Round,3,Keys M.,Brengle M.,35,64.0,1390,852.0,6.0,2.0,6.0,4.0,,,2.0,0.0,Completed,1.4,3.0,1.4,2.8,1.44,2.75,1.45,3.04,1.46,3.1,1.4,2.9
WTA,2015,6,Melbourne,Australian Open,2015-01-26,Grand Slam,Outdoor,Hard,4th Round,3,Williams V.,Radwanska A.,18,6.0,2370,4810.0,6.0,3.0,2.0,6.0,6.0,1.0,2.0,1.0,Completed,2.75,1.44,2.65,1.45,3.0,1.4,2.92,1.48,3.0,1.5,2.77,1.44
WTA,2015,6,Melbourne,Australian Open,2015-01-27,Grand Slam,Outdoor,Hard,Quarterfinals,3,Makarova E.,Halep S.,11,3.0,2970,6571.0,6.0,4.0,6.0,0.0,,,2.0,0.0,Completed,3.4,1.33,3.2,1.33,3.25,1.36,3.44,1.37,3.6,1.38,3.29,1.33
WTA,2015,6,Melbourne,Australian Open,2015-01-27,Grand Slam,Outdoor,Hard,Quarterfinals,3,Sharapova M.,Bouchard E.,2,7.0,7335,4715.0,6.0,3.0,6.0,2.0,,,2.0,0.0,Completed,1.36,3.0,1.3,3.2,1.33,3.4,1.41,3.21,1.42,3.5,1.36,3.15
WTA,2015,6,Melbourne,Australian Open,2015-01-28,Grand Slam,Outdoor,Hard,Quarterfinals,3,Keys M.,Williams V.,35,18.0,1390,2370.0,6.0,3.0,4.0,6.0,6.0,4.0,2.0,1.0,Completed,2.25,1.61,2.2,1.65,2.2,1.67,2.45,1.64,2.45,1.67,2.29,1.62
WTA,2015,6,Melbourne,Australian Open,2015-01-28,Grand Slam,Outdoor,Hard,Quarterfinals,3,Williams S.,Cibulkova D.,1,10.0,8016,3007.0,6.0,2.0,6.0,2.0,,,2.0,0.0,Completed,1.16,5.0,1.17,4.75,1.2,4.5,1.2,5.29,1.21,5.5,1.18,4.87
WTA,2015,6,Melbourne,Australian Open,2015-01-29,Grand Slam,Outdoor,Hard,Semifinals,3,Sharapova M.,Makarova E.,2,11.0,7335,2970.0,6.0,3.0,6.0,2.0,,,2.0,0.0,Completed,1.18,4.5,1.22,4.0,1.22,4.33,1.25,4.61,1.26,4.78,1.22,4.28
WTA,2015,6,Melbourne,Australian Open,2015-01-29,Grand Slam,Outdoor,Hard,Semifinals,3,Williams S.,Keys M.,1,35.0,8016,1390.0,7.0,6.0,6.0,2.0,,,2.0,0.0,Completed,1.12,6.0,1.16,4.8,1.14,5.5,1.16,6.51,1.18,6.51,1.15,5.65
WTA,2015,6,Melbourne,Australian Open,2015-01-31,Grand Slam,Outdoor,Hard,The Final,3,Williams S.,Sharapova M.,1,2.0,8016,7335.0,6.0,3.0,7.0,6.0,,,2.0,0.0,Completed,1.44,2.75,1.4,2.9,1.44,2.75,1.51,2.85,1.53,3.1,1.44,2.84
WTA,2015,27,Paris,French Open,2015-05-24,Grand Slam,Outdoor,Clay,1st Round,3,Makarova E.,Chirico L.,9,115.0,3510,507.0,6.0,4.0,6.0,2.0,,,2.0,0.0,Completed,1.16,5.0,1.18,4.5,1.14,5.5,1.18,5.68,1.19,5.68,1.16,5.03
WTA,2015,27,Paris,French Open,2015-05-24,Grand Slam,Outdoor,Clay,1st Round,3,Pereira T.,Ferro F.,76,325.0,745,114.0,6.0,3.0,6.0,2.0,,,2.0,0.0,Completed,1.1,7.0,1.09,7.0,1.14,5.0,1.13,7.65,1.14,7.65,1.1,6.48
WTA,2015,27,Paris,French Open,2015-05-24,Grand Slam,Outdoor,Clay,1st Round,3,Lucic M.,Davis L.,70,63.0,819,880.0,6.0,3.0,3.0,6.0,6.0,3.0,2.0,1.0,Completed,2.1,1.66,2.05,1.72,2.1,1.67,2.29,1.7,2.29,1.75,2.12,1.7
WTA,2015,27,Paris,French Open,2015-05-24,Grand Slam,Outdoor,Clay,1st Round,3,Halep S.,Rodina E.,3,90.0,7360,659.0,7.0,5.0,6.0,4.0,,,2.0,0.0,Completed,1.02,15.0,1.01,12.0,1.04,11.0,1.03,20.0,1.04,21.0,1.02,14.19
WTA,2015,27,Paris,French Open,2015-05-24,Grand Slam,Outdoor,Clay,1st Round,3,Giorgi C.,Maria T.,37,73.0,1300,754.0,7.0,5.0,6.0,3.0,,,2.0,0.0,Completed,1.57,2.25,1.6,2.3,1.53,2.38,1.68,2.33,1.7,2.4,1.6,2.31
WTA,2015,27,Paris,French Open,2015-05-24,Grand Slam,Outdoor,Clay,1st Round,3,Jovanovski B.,Tsurenko L.,60,64.0,906,877.0,1.0,6.0,6.0,1.0,6.0,0.0,2.0,1.0,Completed,1.72,2.0,1.72,2.05,1.73,2.0,1.79,2.14,1.9,2.16,1.77,2.02
WTA,2015,27,Paris,French Open,2015-05-24,Grand Slam,Outdoor,Clay,1st Round,3,Muguruza G.,Martic P.,20,158.0,2075,330.0,6.0,2.0,7.0,5.0,,,2.0,0.0,Completed,1.11,6.5,1.12,5.75,1.12,5.5,1.14,6.62,1.15,6.88,1.12,6.15
WTA,2015,27,Paris,French Open,2015-05-24,Grand Slam,Outdoor,Clay,1st Round,3,Doi M.,Cetkovska P.,103,147.0,576,365.0,6.0,3.0,6.0,2.0,,,2.0,0.0,Completed,1.28,3.5,1.28,3.5,1.29,3.5,1.3,3.93,1.35,4.0,1.29,3.53
WTA,2015,27,Paris,French Open,2015-05-24,Grand Slam,Outdoor,Clay,1st Round,3,Vekic D.,Garcia C.,165,31.0,317,1475.0,3.0,6.0,6.0,3.0,6.0,2.0,2.0,1.0,Completed,6.5,1.11,5.75,1.12,5.5,1.14,7.71,1.13,7.71,1.15,5.96,1.12
WTA,2015,27,Paris,French Open,2015-05-24,Grand Slam,Outdoor,Clay,1st Round,3,Pennetta F.,Linette M.,28,101.0,1731,594.0,6.0,3.0,5.0,7.0,6.0,1.0,2.0,1.0,Completed,1.18,4.5,1.2,4.3,1.2,4.33,1.25,4.46,1.25,4.8,1.2,4.4
WTA,2015,27,Paris,French Open,2015-05-24,Grand Slam,Outdoor,Clay,1st Round,3,Rybarikova M.,Rogowska O.,57,200.0,926,261.0,0.0,6.0,7.0,5.0,6.0,2.0,2.0,1.0,Completed,1.83,1.83,1.62,2.25,1.67,2.1,1.95,1.95,1.95,2.3,1.71,2.11
WTA,2015,27,Paris,French Open,2015-05-24,Grand Slam,Outdoor,Clay,1st Round,3,Ivanovic A.,Shvedova Y.,7,69.0,3655,826.0,4.0,6.0,6.0,2.0,6.0,0.0,2.0,1.0,Completed,1.14,5.5,1.13,5.5,1.17,5.0,1.16,6.15,1.18,6.15,1.15,5.25
WTA,2015,27,Paris,French Open,2015-05-24,Grand Slam,Outdoor,Clay,1st Round,3,Safarova L.,Pavlyuchenkova A.,13,39.0,2995,1261.0,7.0,6.0,7.0,6.0,,,2.0,0.0,Completed,1.4,2.75,1.45,2.7,1.4,2.75,1.43,3.05,1.5,3.05,1.42,2.79
WTA,2015,27,Paris,French Open,2015-05-24,Grand Slam,Outdoor,Clay,1st Round,3,Nara K.,Dodin O.,55,142.0,960,391.0,3.0,6.0,7.0,5.0,6.0,1.0,2.0,1.0,Completed,1.22,4.0,1.25,3.75,1.29,3.5,1.3,3.92,1.3,4.15,1.26,3.78
WTA,2015,27,Paris,French Open,2015-05-24,Grand Slam,Outdoor,Clay,1st Round,3,Hercog P.,Peng S.,75,26.0,745,1842.0,6.0,0.0,2.0,0.0,,,1.0,0.0,Retired,1.53,2.37,1.55,2.4,1.62,2.2,1.64,2.41,1.65,2.45,1.59,2.32
WTA,2015,27,Paris,French Open,2015-05-24,Grand Slam,Outdoor,Clay,1st Round,3,Vesnina E.,Flipkens K.,82,71.0,688,815.0,2.0,6.0,6.0,3.0,6.0,3.0,2.0,1.0,Completed,1.33,3.25,1.35,3.1,1.36,3.0,1.38,3.31,1.4,3.31,1.35,3.1
WTA,2015,27,Paris,French Open,2015-05-25,Grand Slam,Outdoor,Clay,1st Round,3,Cornet A.,Vinci R.,29,38.0,1700,1291.0,4.0,6.0,6.0,4.0,6.0,1.0,2.0,1.0,Completed,2.0,1.72,1.82,1.9,1.91,1.91,2.02,1.88,2.06,1.91,1.92,1.85
WTA,2015,27,Paris,French Open,2015-05-25,Grand Slam,Outdoor,Clay,1st Round,3,Hesse A.,Gajdosova J.,272,53.0,158,998.0,2.0,6.0,6.0,3.0,6.0,2.0,2.0,1.0,Completed,3.0,1.36,3.1,1.35,3.0,1.36,3.44,1.36,3.44,1.39,3.14,1.35
WTA,2015,27,Paris,French Open,2015-05-25,Grand Slam,Outdoor,Clay,1st Round,3,Kania P.,Barthel M.,160,41.0,326,1203.0,5.0,7.0,6.0,2.0,6.0,4.0,2.0,1.0,Completed,3.0,1.36,3.0,1.38,3.0,1.36,3.04,1.44,3.1,1.44,2.94,1.39
WTA,2015,27,Paris,French Open,2015-05-25,Grand Slam,Outdoor,Clay,1st Round,3,Lisicki S.,Puig M.,19,86.0,2105,680.0,6.0,3.0,6.0,2.0,,,2.0,0.0,Completed,1.44,2.62,1.48,2.6,1.44,2.62,1.53,2.71,1.53,2.9,1.47,2.64
WTA,2015,27,Paris,French Open,2015-05-25,Grand Slam,Outdoor,Clay,1st Round,3,Suarez Navarro C.,Niculescu M.,8,67.0,3645,838.0,6.0,2.0,6.0,2.0,,,2.0,0.0,Completed,1.1,7.0,1.08,7.5,1.1,6.5,1.08,10.19,1.1,10.5,1.08,7.94
WTA,2015,27,Paris,French Open,2015-05-25,Grand Slam,Outdoor,Clay,1st Round,3,Tomljanovic A.,Dellacqua C.,58,48.0,925,1077.0,6.0,2.0,6.0,2.0,,,2.0,0.0,Completed,1.44,2.62,1.42,2.8,1.44,2.62,1.46,2.95,1.47,3.0,1.42,2.78
WTA,2015,27,Paris,French Open,2015-05-25,Grand Slam,Outdoor,Clay,1st Round,3,Dulgheru A.,Gibbs N.,51,98.0,1002,620.0,6.0,3.0,6.0,1.0,,,2.0,0.0,Completed,1.16,5.0,1.17,4.75,1.17,4.5,1.17,5.87,1.2,5.87,1.17,4.95
WTA,2015,27,Paris,French Open,2015-05-25,Grand Slam,Outdoor,Clay,1st Round,3,Svitolina E.,Wickmayer Y.,21,78.0,2045,723.0,6.0,2.0,6.0,2.0,,,2.0,0.0,Completed,1.2,4.33,1.22,4.0,1.22,4.0,1.24,4.61,1.25,4.61,1.22,4.17
WTA,2015,27,Paris,French Open,2015-05-25,Grand Slam,Outdoor,Clay,1st Round,3,Kerber A.,Babos T.,11,81.0,3230,693.0,6.0,0.0,6.0,1.0,,,2.0,0.0,Completed,1.16,5.0,1.2,4.3,1.17,4.5,1.23,4.77,1.25,5.0,1.21,4.34
WTA,2015,27,Paris,French Open,2015-05-25,Grand Slam,Outdoor,Clay,1st Round,3,Razzano V.,Cepede Royg V.,182,173.0,283,300.0,2.0,6.0,6.0,4.0,6.0,2.0,2.0,1.0,Completed,2.25,1.57,2.4,1.55,2.38,1.57,2.53,1.59,2.53,1.62,2.4,1.56
WTA,2015,27,Paris,French Open,2015-05-25,Grand Slam,Outdoor,Clay,1st Round,3,Diatchenko V.,Voegele S.,91,96.0,657,638.0,4.0,6.0,6.0,3.0,6.0,2.0,2.0,1.0,Completed,3.4,1.3,3.2,1.33,3.5,1.29,3.1,1.43,3.75,1.48,3.19,1.34
WTA,2015,27,Paris,French Open,2015-05-25,Grand Slam,Outdoor,Clay,1st Round,3,Beck A.,Radwanska A.,83,14.0,688,2885.0,6.0,2.0,3.0,6.0,6.0,1.0,2.0,1.0,Completed,10.0,1.05,8.5,1.06,7.5,1.07,11.25,1.07,11.25,1.09,9.04,1.06
WTA,2015,27,Paris,French Open,2015-05-25,Grand Slam,Outdoor,Clay,1st Round,3,Stosur S.,Brengle M.,22,36.0,2010,1304.0,6.0,1.0,6.0,3.0,,,2.0,0.0,Completed,1.2,4.33,1.2,4.3,1.22,4.0,1.24,4.59,1.24,4.65,1.21,4.26
WTA,2015,27,Paris,French Open,2015-05-25,Grand Slam,Outdoor,Clay,1st Round,3,Gavrilova D.,Larsson J.,46,54.0,1106,991.0,6.0,1.0,7.0,6.0,,,2.0,0.0,Completed,1.25,3.75,1.2,4.3,1.22,4.0,1.31,3.86,1.31,4.3,1.25,3.89
WTA,2015,27,Paris,French Open,2015-05-25,Grand Slam,Outdoor,Clay,1st Round,3,Putintseva Y.,Krunic A.,99,87.0,612,678.0,3.0,6.0,6.0,3.0,6.0,3.0,2.0,1.0,Completed,1.53,2.37,1.58,2.35,1.57,2.25,1.81,2.12,1.81,2.4,1.62,2.27
WTA,2015,27,Paris,French Open,2015-05-25,Grand Slam,Outdoor,Clay,1st Round,3,Begu I.,Mattek-Sands B.,30,164.0,1536,320.0,6.0,4.0,7.0,6.0,,,2.0,0.0,Completed,1.28,3.5,1.28,3.5,1.29,3.5,1.31,3.83,1.31,4.0,1.28,3.62
WTA,2015,27,Paris,French Open,2015-05-25,Grand Slam,Outdoor,Clay,1st Round,3,Konjuh A.,Gasparyan M.,94,116.0,643,476.0,6.0,1.0,6.0,4.0,,,2.0,0.0,Completed,2.5,1.5,2.4,1.55,2.38,1.53,2.67,1.54,2.67,1.6,2.44,1.54
WTA,2015,27,Paris,French Open,2015-05-25,Grand Slam,Outdoor,Clay,1st Round,3,Errani S.,Riske A.,17,47.0,2140,1105.0,7.0,6.0,2.0,6.0,6.0,0.0,2.0,1.0,Completed,1.16,5.0,1.17,4.75,1.17,4.5,1.19,5.39,1.2,5.4,1.17,4.83
WTA,2015,27,Paris,French Open,2015-05-25,Grand Slam,Outdoor,Clay,1st Round,3,Azarenka V.,Torro Flor M.T.,27,131.0,1733,417.0,6.0,2.0,6.0,1.0,,,2.0,0.0,Completed,1.05,11.0,1.05,9.0,1.05,8.5,1.07,10.75,1.07,13.0,1.05,10.08
WTA,2015,27,Paris,French Open,2015-05-25,Grand Slam,Outdoor,Clay,1st Round,3,Sharapova M.,Kanepi K.,2,50.0,7710,1003.0,6.0,2.0,6.0,4.0,,,2.0,0.0,Completed,1.07,8.0,1.06,8.0,1.08,8.0,1.08,9.65,1.08,10.5,1.07,8.51
WTA,2015,27,Paris,French Open,2015-05-25,Grand Slam,Outdoor,Clay,1st Round,3,Watson H.,Johansson M.,45,228.0,1109,209.0,6.0,4.0,7.0,5.0,,,2.0,0.0,Completed,1.33,3.25,1.33,3.2,1.33,3.25,1.43,3.1,1.43,3.35,1.35,3.16
WTA,2015,27,Paris,French Open,2015-05-25,Grand Slam,Outdoor,Clay,1st Round,3,Hradecka L.,Zheng S.,61,62.0,896,884.0,6.0,3.0,6.0,0.0,,,2.0,0.0,Completed,1.36,3.0,1.33,3.2,1.33,3.25,1.44,3.05,1.44,3.32,1.38,3.02
WTA,2015,27,Paris,French Open,2015-05-25,Grand Slam,Outdoor,Clay,1st Round,3,Witthoeft C.,Siniakova K.,56,68.0,935,829.0,6.0,3.0,7.0,5.0,,,2.0,0.0,Completed,1.83,1.83,1.88,1.88,1.83,1.83,2.02,1.88,2.07,1.92,1.94,1.84
WTA,2015,27,Paris,French Open,2015-05-25,Grand Slam,Outdoor,Clay,1st Round,3,Mitu A.,Lim A.,100,279.0,598,151.0,6.0,3.0,6.0,2.0,,,2.0,0.0,Completed,1.3,3.4,1.33,3.2,1.3,3.4,1.31,3.81,1.35,3.81,1.32,3.3
WTA,2015,27,Paris,French Open,2015-05-25,Grand Slam,Outdoor,Clay,1st Round,3,Pironkova T.,Strycova B.,49,23.0,1007,1995.0,7.0,6.0,6.0,2.0,,,2.0,0.0,Completed,2.5,1.5,2.3,1.6,2.5,1.5,2.37,1.65,2.55,1.67,2.34,1.59
WTA,2015,27,Paris,French Open,2015-05-25,Grand Slam,Outdoor,Clay,1st Round,3,Allertova D.,Konta J.,88,143.0,663,376.0,7.0,6.0,4.0,6.0,6.0,2.0,2.0,1.0,Completed,1.66,2.1,1.72,2.05,1.67,2.1,1.83,2.08,1.83,2.25,1.76,2.03
WTA,2015,27,Paris,French Open,2015-05-25,Grand Slam,Outdoor,Clay,1st Round,3,Pliskova Ka.,Zhang S.,12,122.0,3010,457.0,7.0,6.0,6.0,4.0,,,2.0,0.0,Completed,1.2,4.33,1.22,4.0,1.22,4.0,1.25,4.42,1.25,5.0,1.22,4.17
WTA,2015,27,Paris,French Open,2015-05-25,Grand Slam,Outdoor,Clay,1st Round,3,Stephens S.,Williams V.,40,15.0,1250,2646.0,7.0,6.0,6.0,1.0,,,2.0,0.0,Completed,2.37,1.53,2.25,1.62,2.38,1.57,2.62,1.56,2.62,1.64,2.43,1.55
WTA,2015,27,Paris,French Open,2015-05-26,Grand Slam,Outdoor,Clay,1st Round,3,Kuznetsova S.,Bertens K.,18,84.0,2118,685.0,6.0,1.0,4.0,6.0,6.0,2.0,2.0,1.0,Completed,1.18,4.5,1.22,4.0,1.17,4.5,1.28,4.07,1.28,4.5,1.22,4.19
WTA,2015,27,Paris,French Open,2015-05-26,Grand Slam,Outdoor,Clay,1st Round,3,Kvitova P.,Erakovic M.,4,80.0,6760,709.0,6.0,4.0,3.0,6.0,6.0,4.0,2.0,1.0,Completed,1.08,7.5,1.07,8.0,1.07,8.5,1.08,9.65,1.08,10.0,1.07,8.36
WTA,2015,27,Paris,French Open,2015-05-26,Grand Slam,Outdoor,Clay,1st Round,3,Smitkova T.,Townsend T.,65,130.0,864,419.0,6.0,3.0,6.0,4.0,,,2.0,0.0,Completed,1.28,3.5,1.3,3.4,1.33,3.25,1.4,3.22,1.4,3.5,1.34,3.21
WTA,2015,27,Paris,French Open,2015-05-26,Grand Slam,Outdoor,Clay,1st Round,3,Goerges J.,Vandeweghe C.,72,33.0,792,1368.0,6.0,2.0,5.0,7.0,6.0,1.0,2.0,1.0,Completed,1.57,2.25,1.72,2.05,1.62,2.2,1.87,2.05,1.89,2.28,1.75,2.06
WTA,2015,27,Paris,French Open,2015-05-26,Grand Slam,Outdoor,Clay,1st Round,3,Diyas Z.,Pfizenmaier D.,32,145.0,1375,367.0,6.0,4.0,6.0,1.0,,,2.0,0.0,Completed,1.36,3.0,1.4,2.9,1.4,2.75,1.44,3.01,1.44,3.2,1.4,2.9
WTA,2015,27,Paris,French Open,2015-05-26,Grand Slam,Outdoor,Clay,1st Round,3,Wozniacki C.,Knapp K.,5,42.0,4940,1175.0,6.0,3.0,6.0,0.0,,,2.0,0.0,Completed,1.2,4.33,1.18,4.5,1.2,4.5,1.2,5.16,1.21,5.16,1.19,4.6
WTA,2015,27,Paris,French Open,2015-05-26,Grand Slam,Outdoor,Clay,1st Round,3,Soler Espinosa S.,Parmentier P.,97,95.0,625,640.0,6.0,4.0,6.0,3.0,,,2.0,0.0,Completed,1.72,2.0,1.7,2.1,1.67,2.1,1.78,2.17,1.8,2.17,1.73,2.08
WTA,2015,27,Paris,French Open,2015-05-26,Grand Slam,Outdoor,Clay,1st Round,3,Van Uytvanck A.,Schmiedlova A.,93,52.0,647,999.0,7.0,6.0,7.0,6.0,,,2.0,0.0,Completed,3.0,1.36,3.1,1.35,3.0,1.36,3.21,1.4,3.21,1.43,2.98,1.38
WTA,2015,27,Paris,French Open,2015-05-26,Grand Slam,Outdoor,Clay,1st Round,3,Bacsinszky T.,Arruabarrena L.,24,79.0,1958,723.0,6.0,3.0,6.0,4.0,,,2.0,0.0,Completed,1.25,3.75,1.25,3.75,1.29,3.5,1.29,4.05,1.29,4.05,1.26,3.76
WTA,2015,27,Paris,French Open,2015-05-26,Grand Slam,Outdoor,Clay,1st Round,3,Schiavone F.,Wang Q.,92,107.0,652,558.0,3.0,6.0,6.0,3.0,6.0,4.0,2.0,1.0,Completed,1.4,2.75,1.45,2.7,1.4,2.75,1.56,2.6,1.56,2.85,1.47,2.64
WTA,2015,27,Paris,French Open,2015-05-26,Grand Slam,Outdoor,Clay,1st Round,3,Petkovic A.,Rogers S.,10,74.0,3310,746.0,6.0,2.0,6.0,1.0,,,2.0,0.0,Completed,1.3,3.4,1.28,3.5,1.33,3.25,1.32,3.73,1.34,3.9,1.31,3.44
WTA,2015,27,Paris,French Open,2015-05-26,Grand Slam,Outdoor,Clay,1st Round,3,Karatantcheva S.,Jankovic J.,106,25.0,565,1860.0,6.0,3.0,6.0,4.0,,,2.0,0.0,Completed,3.25,1.33,3.1,1.35,3.0,1.36,3.19,1.41,3.4,1.41,3.16,1.34
WTA,2015,27,Paris,French Open,2015-05-26,Grand Slam,Outdoor,Clay,1st Round,3,Mladenovic K.,Bouchard E.,44,6.0,1140,3888.0,6.0,4.0,6.0,4.0,,,2.0,0.0,Completed,2.5,1.5,2.4,1.55,2.38,1.57,2.53,1.59,2.55,1.6,2.43,1.55
WTA,2015,27,Paris,French Open,2015-05-26,Grand Slam,Outdoor,Clay,1st Round,3,Keys M.,Lepchenko V.,16,34.0,2275,1345.0,7.0,6.0,6.0,3.0,,,2.0,0.0,Completed,1.44,2.62,1.45,2.7,1.4,2.75,1.45,2.97,1.52,2.97,1.43,2.77
WTA,2015,27,Paris,French Open,2015-05-26,Grand Slam,Outdoor,Clay,1st Round,3,Falconi I.,Arcangioli M.,85,276.0,685,155.0,6.0,2.0,6.0,0.0,,,2.0,0.0,Completed,1.12,6.0,1.13,5.5,1.12,5.5,1.15,6.4,1.16,6.5,1.13,5.71
WTA,2015,27,Paris,French Open,2015-05-26,Grand Slam,Outdoor,Clay,1st Round,3,Friedsam A.L.,Glatch A.,105,187.0,573,278.0,6.0,2.0,4.0,6.0,6.0,4.0,2.0,1.0,Completed,3.5,1.28,3.2,1.33,3.25,1.33,3.44,1.36,3.5,1.37,3.21,1.33
WTA,2015,27,Paris,French Open,2015-05-26,Grand Slam,Outdoor,Clay,1st Round,3,Kovinic D.,Koukalova K.,89,77.0,661,725.0,6.0,3.0,7.0,6.0,,,2.0,0.0,Completed,1.44,2.62,1.45,2.7,1.44,2.62,1.56,2.62,1.56,2.8,1.46,2.65
WTA,2015,27,Paris,French Open,2015-05-26,Grand Slam,Outdoor,Clay,1st Round,3,Williams S.,Hlavackova A.,1,190.0,9361,275.0,6.0,2.0,6.0,3.0,,,2.0,0.0,Completed,1.02,15.0,1.02,12.0,1.02,15.0,1.03,18.85,1.04,26.25,1.02,14.58
WTA,2015,27,Paris,French Open,2015-05-26,Grand Slam,Outdoor,Clay,1st Round,3,Dominguez Lino L.,Mchale C.,114,66.0,509,848.0,3.0,6.0,7.0,6.0,6.0,4.0,2.0,1.0,Completed,2.62,1.44,2.45,1.52,2.5,1.5,2.66,1.54,2.66,1.57,2.54,1.5
WTA,2015,27,Paris,French Open,2015-05-26,Grand Slam,Outdoor,Clay,1st Round,3,Bencic B.,Hantuchova D.,35,59.0,1320,915.0,6.0,3.0,6.0,3.0,,,2.0,0.0,Completed,1.36,3.0,1.33,3.2,1.36,3.0,1.36,3.49,1.4,3.6,1.34,3.18
WTA,2015,27,Paris,French Open,2015-05-27,Grand Slam,Outdoor,Clay,2nd Round,3,Beck A.,Kania P.,83,160.0,688,326.0,6.0,2.0,6.0,2.0,,,2.0,0.0,Completed,1.28,3.5,1.28,3.5,1.29,3.5,1.35,3.53,1.35,3.7,1.31,3.4
WTA,2015,27,Paris,French Open,2015-05-27,Grand Slam,Outdoor,Clay,2nd Round,3,Sharapova M.,Diatchenko V.,2,91.0,7710,657.0,6.0,3.0,6.0,1.0,,,2.0,0.0,Completed,1.03,12.0,1.02,12.0,1.02,15.0,1.03,18.62,1.03,26.0,1.02,14.99
WTA,2015,27,Paris,French Open,2015-05-27,Grand Slam,Outdoor,Clay,2nd Round,3,Lisicki S.,Gavrilova D.,19,46.0,2105,1106.0,6.0,1.0,,,,,1.0,0.0,Retired,2.2,1.61,2.1,1.7,2.0,1.73,2.38,1.65,2.38,1.8,2.18,1.67
WTA,2015,27,Paris,French Open,2015-05-27,Grand Slam,Outdoor,Clay,2nd Round,3,Stosur S.,Hesse A.,22,272.0,2010,158.0,6.0,0.0,6.0,1.0,,,2.0,0.0,Completed,1.07,8.0,1.07,8.0,1.07,8.5,1.07,11.25,1.08,11.5,1.06,8.91
WTA,2015,27,Paris,French Open,2015-05-27,Grand Slam,Outdoor,Clay,2nd Round,3,Safarova L.,Nara K.,13,55.0,2995,960.0,6.0,2.0,6.0,0.0,,,2.0,0.0,Completed,1.12,6.0,1.13,5.5,1.14,5.0,1.2,5.31,1.2,6.6,1.13,5.68
WTA,2015,27,Paris,French Open,2015-05-27,Grand Slam,Outdoor,Clay,2nd Round,3,Cornet A.,Dulgheru A.,29,51.0,1700,1002.0,6.0,2.0,7.0,5.0,,,2.0,0.0,Completed,1.72,2.0,1.82,1.9,1.73,2.0,1.91,2.0,1.93,2.05,1.81,1.97
WTA,2015,27,Paris,French Open,2015-05-27,Grand Slam,Outdoor,Clay,2nd Round,3,Lucic M.,Halep S.,70,3.0,819,7360.0,7.0,5.0,6.0,1.0,,,2.0,0.0,Completed,13.0,1.04,10.0,1.04,11.0,1.04,13.0,1.05,13.8,1.05,11.26,1.04
WTA,2015,27,Paris,French Open,2015-05-27,Grand Slam,Outdoor,Clay,2nd Round,3,Vekic D.,Jovanovski B.,165,60.0,317,906.0,6.0,4.0,6.0,3.0,,,2.0,0.0,Completed,2.5,1.5,2.4,1.55,2.5,1.5,2.55,1.58,2.55,1.69,2.44,1.54
WTA,2015,27,Paris,French Open,2015-05-27,Grand Slam,Outdoor,Clay,2nd Round,3,Svitolina E.,Putintseva Y.,21,99.0,2045,612.0,1.0,6.0,7.0,5.0,9.0,7.0,2.0,1.0,Completed,1.14,5.5,1.16,4.9,1.17,4.5,1.18,5.76,1.18,5.76,1.17,5.03
WTA,2015,27,Paris,French Open,2015-05-27,Grand Slam,Outdoor,Clay,2nd Round,3,Vesnina E.,Hercog P.,82,75.0,688,745.0,2.0,6.0,6.0,1.0,6.0,3.0,2.0,1.0,Completed,1.72,2.0,1.8,2.0,1.73,2.0,1.87,2.05,1.88,2.1,1.79,2.0
WTA,2015,27,Paris,French Open,2015-05-27,Grand Slam,Outdoor,Clay,2nd Round,3,Kerber A.,Tomljanovic A.,11,58.0,3230,925.0,6.0,3.0,6.0,2.0,,,2.0,0.0,Completed,1.2,4.33,1.18,4.5,1.17,4.5,1.23,4.73,1.27,5.0,1.2,4.42
WTA,2015,27,Paris,French Open,2015-05-27,Grand Slam,Outdoor,Clay,2nd Round,3,Muguruza G.,Giorgi C.,20,37.0,2075,1300.0,6.0,1.0,6.0,4.0,,,2.0,0.0,Completed,1.28,3.5,1.33,3.2,1.3,3.4,1.35,3.51,1.38,3.51,1.33,3.27
WTA,2015,27,Paris,French Open,2015-05-27,Grand Slam,Outdoor,Clay,2nd Round,3,Makarova E.,Pereira T.,9,76.0,3510,745.0,6.0,2.0,5.0,7.0,6.0,3.0,2.0,1.0,Completed,1.57,2.25,1.65,2.2,1.57,2.25,1.69,2.31,1.73,2.31,1.64,2.22
WTA,2015,27,Paris,French Open,2015-05-27,Grand Slam,Outdoor,Clay,2nd Round,3,Suarez Navarro C.,Razzano V.,8,182.0,3645,283.0,6.0,3.0,1.0,0.0,,,1.0,0.0,Retired,1.06,9.0,1.06,8.5,1.06,9.0,1.08,10.06,1.08,10.5,1.06,8.95
WTA,2015,27,Paris,French Open,2015-05-27,Grand Slam,Outdoor,Clay,2nd Round,3,Pennetta F.,Rybarikova M.,28,57.0,1731,926.0,6.0,2.0,6.0,0.0,,,2.0,0.0,Completed,1.16,5.0,1.17,4.75,1.17,4.5,1.21,5.05,1.21,5.5,1.17,4.85
WTA,2015,27,Paris,French Open,2015-05-27,Grand Slam,Outdoor,Clay,2nd Round,3,Ivanovic A.,Doi M.,7,103.0,3655,576.0,3.0,6.0,6.0,3.0,6.0,4.0,2.0,1.0,Completed,1.08,7.5,1.09,7.0,1.1,6.5,1.12,7.06,1.14,7.5,1.1,6.68
WTA,2015,27,Paris,French Open,2015-05-28,Grand Slam,Outdoor,Clay,2nd Round,3,Goerges J.,Wozniacki C.,72,5.0,792,4940.0,6.0,4.0,7.0,6.0,,,2.0,0.0,Completed,5.5,1.12,5.75,1.12,5.5,1.14,7.18,1.13,7.18,1.14,6.02,1.12
WTA,2015,27,Paris,French Open,2015-05-28,Grand Slam,Outdoor,Clay,2nd Round,3,Falconi I.,Karatantcheva S.,85,106.0,685,565.0,3.0,6.0,6.0,1.0,6.0,2.0,2.0,1.0,Completed,2.5,1.5,2.4,1.55,2.25,1.57,2.65,1.55,2.65,1.57,2.44,1.54
WTA,2015,27,Paris,French Open,2015-05-28,Grand Slam,Outdoor,Clay,2nd Round,3,Kvitova P.,Soler Espinosa S.,4,97.0,6760,625.0,6.0,7.0,6.0,4.0,6.0,2.0,2.0,1.0,Completed,1.06,9.0,1.07,8.0,1.08,8.0,1.1,8.6,1.1,9.14,1.08,7.96
WTA,2015,27,Paris,French Open,2015-05-28,Grand Slam,Outdoor,Clay,2nd Round,3,Petkovic A.,Dominguez Lino L.,10,114.0,3310,509.0,4.0,6.0,6.0,4.0,6.0,4.0,2.0,1.0,Completed,1.12,5.0,1.12,5.5,1.14,5.0,1.13,7.12,1.15,7.12,1.12,5.97
WTA,2015,27,Paris,French Open,2015-05-28,Grand Slam,Outdoor,Clay,2nd Round,3,Schiavone F.,Kuznetsova S.,92,18.0,652,2118.0,6.0,7.0,7.0,5.0,10.0,8.0,2.0,1.0,Completed,5.0,1.14,6.0,1.11,5.0,1.14,7.38,1.13,7.38,1.14,6.01,1.12
WTA,2015,27,Paris,French Open,2015-05-28,Grand Slam,Outdoor,Clay,2nd Round,3,Errani S.,Witthoeft C.,17,56.0,2140,935.0,6.0,3.0,4.0,6.0,6.0,2.0,2.0,1.0,Completed,1.36,3.0,1.35,3.1,1.36,3.0,1.46,2.95,1.46,3.2,1.39,2.94
WTA,2015,27,Paris,French Open,2015-05-28,Grand Slam,Outdoor,Clay,2nd Round,3,Begu I.,Konjuh A.,30,94.0,1536,643.0,6.0,2.0,6.0,0.0,,,2.0,0.0,Completed,1.36,3.0,1.38,3.0,1.36,3.0,1.4,3.24,1.42,3.3,1.37,3.03
WTA,2015,27,Paris,French Open,2015-05-28,Grand Slam,Outdoor,Clay,2nd Round,3,Mitu A.,Pliskova Ka.,100,12.0,598,3010.0,2.0,6.0,7.0,6.0,6.0,4.0,2.0,1.0,Completed,3.5,1.28,3.5,1.28,3.5,1.29,3.52,1.35,3.8,1.35,3.52,1.29
WTA,2015,27,Paris,French Open,2015-05-28,Grand Slam,Outdoor,Clay,2nd Round,3,Williams S.,Friedsam A.L.,1,105.0,9361,573.0,5.0,7.0,6.0,3.0,6.0,3.0,2.0,1.0,Completed,1.02,19.0,1.01,12.0,1.02,17.0,1.02,20.24,1.03,31.0,1.02,16.62
WTA,2015,27,Paris,French Open,2015-05-28,Grand Slam,Outdoor,Clay,2nd Round,3,Azarenka V.,Hradecka L.,27,61.0,1733,896.0,6.0,2.0,6.0,3.0,,,2.0,0.0,Completed,1.12,6.0,1.12,5.75,1.12,5.5,1.14,6.69,1.15,6.69,1.12,6.0
WTA,2015,27,Paris,French Open,2015-05-28,Grand Slam,Outdoor,Clay,2nd Round,3,Pironkova T.,Allertova D.,49,88.0,1007,663.0,6.0,3.0,7.0,6.0,,,2.0,0.0,Completed,2.0,1.72,2.05,1.75,1.91,1.8,2.0,1.91,2.1,1.91,1.97,1.82
WTA,2015,27,Paris,French Open,2015-05-28,Grand Slam,Outdoor,Clay,2nd Round,3,Keys M.,Bencic B.,16,35.0,2275,1320.0,6.0,0.0,6.0,3.0,,,2.0,0.0,Completed,1.44,2.62,1.5,2.5,1.53,2.38,1.54,2.67,1.59,2.67,1.52,2.51
WTA,2015,27,Paris,French Open,2015-05-28,Grand Slam,Outdoor,Clay,2nd Round,3,Bacsinszky T.,Smitkova T.,24,65.0,1958,864.0,6.0,2.0,6.0,0.0,,,2.0,0.0,Completed,1.18,4.5,1.18,4.3,1.14,5.0,1.2,5.16,1.21,5.4,1.18,4.76
WTA,2015,27,Paris,French Open,2015-05-28,Grand Slam,Outdoor,Clay,2nd Round,3,Stephens S.,Watson H.,40,45.0,1250,1109.0,6.0,2.0,6.0,4.0,,,2.0,0.0,Completed,1.4,2.75,1.4,2.9,1.4,2.75,1.48,2.86,1.48,3.1,1.41,2.85
WTA,2015,27,Paris,French Open,2015-05-28,Grand Slam,Outdoor,Clay,2nd Round,3,Mladenovic K.,Kovinic D.,44,89.0,1140,661.0,6.0,3.0,7.0,5.0,,,2.0,0.0,Completed,1.5,2.5,1.58,2.35,1.53,2.38,1.58,2.56,1.65,2.7,1.56,2.4
WTA,2015,27,Paris,French Open,2015-05-28,Grand Slam,Outdoor,Clay,2nd Round,3,Van Uytvanck A.,Diyas Z.,93,32.0,647,1375.0,0.0,6.0,6.0,1.0,6.0,4.0,2.0,1.0,Completed,2.37,1.53,2.35,1.58,2.25,1.57,2.38,1.65,2.4,1.65,2.34,1.59
WTA,2015,27,Paris,French Open,2015-05-29,Grand Slam,Outdoor,Clay,3rd Round,3,Svitolina E.,Beck A.,21,83.0,2045,688.0,6.0,3.0,2.0,6.0,6.0,4.0,2.0,1.0,Completed,1.3,3.4,1.3,3.4,1.3,3.4,1.34,3.62,1.36,3.62,1.31,3.39
WTA,2015,27,Paris,French Open,2015-05-29,Grand Slam,Outdoor,Clay,3rd Round,3,Cornet A.,Lucic M.,29,70.0,1700,819.0,4.0,6.0,6.0,3.0,7.0,5.0,2.0,1.0,Completed,1.5,2.5,1.45,2.7,1.53,2.5,1.51,2.81,1.55,2.85,1.5,2.57
WTA,2015,27,Paris,French Open,2015-05-29,Grand Slam,Outdoor,Clay,3rd Round,3,Ivanovic A.,Vekic D.,7,165.0,3655,317.0,6.0,0.0,6.0,3.0,,,2.0,0.0,Completed,1.14,5.5,1.16,5.0,1.17,5.0,1.16,6.39,1.2,6.39,1.15,5.27
WTA,2015,27,Paris,French Open,2015-05-29,Grand Slam,Outdoor,Clay,3rd Round,3,Safarova L.,Lisicki S.,13,19.0,2995,2105.0,6.0,3.0,7.0,6.0,,,2.0,0.0,Completed,1.44,2.62,1.48,2.6,1.4,2.75,1.53,2.74,1.53,3.4,1.46,2.68
WTA,2015,27,Paris,French Open,2015-05-29,Grand Slam,Outdoor,Clay,3rd Round,3,Makarova E.,Vesnina E.,9,82.0,3510,688.0,6.0,2.0,6.0,4.0,,,2.0,0.0,Completed,1.25,3.75,1.28,3.5,1.25,3.75,1.34,3.64,1.34,4.0,1.28,3.65
WTA,2015,27,Paris,French Open,2015-05-29,Grand Slam,Outdoor,Clay,3rd Round,3,Muguruza G.,Kerber A.,20,11.0,2075,3230.0,4.0,6.0,6.0,2.0,6.0,2.0,2.0,1.0,Completed,2.1,1.66,2.05,1.72,2.1,1.67,2.23,1.75,2.25,1.82,2.1,1.73
WTA,2015,27,Paris,French Open,2015-05-29,Grand Slam,Outdoor,Clay,3rd Round,3,Sharapova M.,Stosur S.,2,22.0,7710,2010.0,6.0,3.0,6.0,4.0,,,2.0,0.0,Completed,1.25,3.75,1.3,3.4,1.29,3.75,1.32,3.79,1.32,4.05,1.29,3.63
WTA,2015,27,Paris,French Open,2015-05-29,Grand Slam,Outdoor,Clay,3rd Round,3,Pennetta F.,Suarez Navarro C.,28,8.0,1731,3645.0,6.0,3.0,6.0,4.0,,,2.0,0.0,Completed,3.25,1.33,3.0,1.38,3.0,1.4,3.47,1.36,3.47,1.4,3.12,1.36
WTA,2015,27,Paris,French Open,2015-05-30,Grand Slam,Outdoor,Clay,3rd Round,3,Kvitova P.,Begu I.,4,30.0,6760,1536.0,6.0,3.0,6.0,2.0,,,2.0,0.0,Completed,1.4,2.75,1.4,2.9,1.4,3.0,1.48,2.89,1.5,3.0,1.43,2.77
WTA,2015,27,Paris,French Open,2015-05-30,Grand Slam,Outdoor,Clay,3rd Round,3,Mitu A.,Schiavone F.,100,92.0,598,652.0,7.0,5.0,6.0,4.0,,,2.0,0.0,Completed,1.66,2.1,1.75,2.05,1.73,2.1,1.83,2.11,1.87,2.15,1.76,2.05
WTA,2015,27,Paris,French Open,2015-05-30,Grand Slam,Outdoor,Clay,3rd Round,3,Errani S.,Petkovic A.,17,10.0,2140,3310.0,6.0,3.0,6.0,3.0,,,2.0,0.0,Completed,2.1,1.66,2.05,1.72,2.0,1.8,2.21,1.76,2.21,1.81,2.08,1.74
WTA,2015,27,Paris,French Open,2015-05-30,Grand Slam,Outdoor,Clay,3rd Round,3,Bacsinszky T.,Keys M.,24,16.0,1958,2275.0,6.0,4.0,6.0,2.0,,,2.0,0.0,Completed,1.57,2.25,1.75,2.05,1.67,2.2,1.74,2.26,1.75,2.26,1.7,2.15
WTA,2015,27,Paris,French Open,2015-05-30,Grand Slam,Outdoor,Clay,3rd Round,3,Van Uytvanck A.,Mladenovic K.,93,44.0,647,1140.0,6.0,4.0,6.0,1.0,,,2.0,0.0,Completed,3.4,1.3,3.75,1.25,3.5,1.3,3.49,1.36,3.95,1.36,3.55,1.29
WTA,2015,27,Paris,French Open,2015-05-30,Grand Slam,Outdoor,Clay,3rd Round,3,Goerges J.,Falconi I.,72,85.0,792,685.0,6.0,4.0,6.0,1.0,,,2.0,0.0,Completed,1.36,3.0,1.38,3.0,1.36,3.25,1.45,3.04,1.45,3.45,1.36,3.11
WTA,2015,27,Paris,French Open,2015-05-30,Grand Slam,Outdoor,Clay,3rd Round,3,Stephens S.,Pironkova T.,40,49.0,1250,1007.0,6.0,4.0,6.0,1.0,,,2.0,0.0,Completed,1.25,3.75,1.28,3.5,1.29,3.75,1.38,3.36,1.38,4.1,1.29,3.57
WTA,2015,27,Paris,French Open,2015-05-30,Grand Slam,Outdoor,Clay,3rd Round,3,Williams S.,Azarenka V.,1,27.0,9361,1733.0,3.0,6.0,6.0,4.0,6.0,2.0,2.0,1.0,Completed,1.4,2.75,1.42,2.8,1.5,2.62,1.5,2.83,1.56,3.05,1.45,2.76
WTA,2015,27,Paris,French Open,2015-05-31,Grand Slam,Outdoor,Clay,4th Round,3,Ivanovic A.,Makarova E.,7,9.0,3655,3510.0,7.0,5.0,3.0,6.0,6.0,1.0,2.0,1.0,Completed,1.53,2.5,1.5,2.5,1.53,2.5,1.52,2.78,1.6,2.78,1.52,2.52
WTA,2015,27,Paris,French Open,2015-05-31,Grand Slam,Outdoor,Clay,4th Round,3,Svitolina E.,Cornet A.,21,29.0,2045,1700.0,6.0,2.0,7.0,6.0,,,2.0,0.0,Completed,1.72,2.1,1.7,2.1,1.73,2.1,1.79,2.17,1.79,2.23,1.73,2.09
WTA,2015,27,Paris,French Open,2015-06-01,Grand Slam,Outdoor,Clay,4th Round,3,Muguruza G.,Pennetta F.,20,28.0,2075,1731.0,6.0,3.0,6.0,4.0,,,2.0,0.0,Completed,1.44,2.75,1.45,2.7,1.44,2.75,1.44,3.06,1.49,3.06,1.43,2.8
WTA,2015,27,Paris,French Open,2015-06-01,Grand Slam,Outdoor,Clay,4th Round,3,Safarova L.,Sharapova M.,13,2.0,2995,7710.0,7.0,6.0,6.0,4.0,,,2.0,0.0,Completed,3.75,1.28,3.5,1.28,3.4,1.33,4.18,1.28,4.18,1.34,3.57,1.29
WTA,2015,27,Paris,French Open,2015-06-01,Grand Slam,Outdoor,Clay,4th Round,3,Williams S.,Stephens S.,1,40.0,9361,1250.0,1.0,6.0,7.0,5.0,6.0,3.0,2.0,1.0,Completed,1.14,5.5,1.16,5.0,1.14,5.5,1.17,6.0,1.19,6.0,1.16,5.27
WTA,2015,27,Paris,French Open,2015-06-01,Grand Slam,Outdoor,Clay,4th Round,3,Errani S.,Goerges J.,17,72.0,2140,792.0,6.0,2.0,6.0,2.0,,,2.0,0.0,Completed,1.5,2.62,1.52,2.45,1.5,2.62,1.53,2.73,1.57,2.75,1.51,2.56
WTA,2015,27,Paris,French Open,2015-06-01,Grand Slam,Outdoor,Clay,4th Round,3,Van Uytvanck A.,Mitu A.,93,100.0,647,598.0,6.0,1.0,6.0,3.0,,,2.0,0.0,Completed,2.0,1.8,1.95,1.8,2.0,1.8,1.99,1.93,2.02,1.93,1.96,1.84
WTA,2015,27,Paris,French Open,2015-06-01,Grand Slam,Outdoor,Clay,4th Round,3,Bacsinszky T.,Kvitova P.,24,4.0,1958,6760.0,2.0,6.0,6.0,0.0,6.0,3.0,2.0,1.0,Completed,2.37,1.57,2.2,1.65,2.38,1.57,2.25,1.74,2.4,1.74,2.27,1.62
WTA,2015,27,Paris,French Open,2015-06-02,Grand Slam,Outdoor,Clay,Quarterfinals,3,Ivanovic A.,Svitolina E.,7,21.0,3655,2045.0,6.0,3.0,6.0,2.0,,,2.0,0.0,Completed,1.4,3.0,1.35,3.1,1.4,3.0,1.44,3.08,1.44,3.36,1.38,3.05
WTA,2015,27,Paris,French Open,2015-06-02,Grand Slam,Outdoor,Clay,Quarterfinals,3,Safarova L.,Muguruza G.,13,20.0,2995,2075.0,7.0,6.0,6.0,3.0,,,2.0,0.0,Completed,1.9,1.9,1.82,1.9,1.91,1.91,2.04,1.88,2.04,2.05,1.92,1.89
WTA,2015,27,Paris,French Open,2015-06-03,Grand Slam,Outdoor,Clay,Quarterfinals,3,Bacsinszky T.,Van Uytvanck A.,24,93.0,1958,647.0,6.0,4.0,7.0,5.0,,,2.0,0.0,Completed,1.2,4.5,1.2,4.3,1.2,4.5,1.22,5.01,1.22,5.1,1.19,4.64
WTA,2015,27,Paris,French Open,2015-06-03,Grand Slam,Outdoor,Clay,Quarterfinals,3,Williams S.,Errani S.,1,17.0,9361,2140.0,6.0,1.0,6.0,3.0,,,2.0,0.0,Completed,1.08,8.0,1.11,6.0,1.08,8.0,1.11,8.72,1.12,8.72,1.09,7.55
WTA,2015,27,Paris,French Open,2015-06-04,Grand Slam,Outdoor,Clay,Semifinals,3,Safarova L.,Ivanovic A.,13,7.0,2995,3655.0,7.0,5.0,7.0,5.0,,,2.0,0.0,Completed,1.61,2.3,1.65,2.2,1.67,2.2,1.73,2.3,1.73,2.41,1.66,2.23
WTA,2015,27,Paris,French Open,2015-06-04,Grand Slam,Outdoor,Clay,Semifinals,3,Williams S.,Bacsinszky T.,1,24.0,9361,1958.0,4.0,6.0,6.0,3.0,6.0,0.0,2.0,1.0,Completed,1.22,4.33,1.18,4.5,1.22,4.33,1.27,4.4,1.27,5.55,1.22,4.29
WTA,2015,27,Paris,French Open,2015-06-06,Grand Slam,Outdoor,Clay,The Final,3,Williams S.,Safarova L.,1,13.0,9361,2995.0,6.0,3.0,6.0,7.0,6.0,2.0,2.0,1.0,Completed,1.3,3.5,1.38,3.0,1.33,3.4,1.36,3.58,1.42,3.7,1.34,3.33
WTA,2015,32,London,Wimbledon,2015-06-29,Grand Slam,Outdoor,Grass,1st Round,3,Babos T.,Cetkovska P.,93,162.0,673,319.0,7.0,6.0,6.0,3.0,,,2.0,0.0,Completed,1.66,2.1,1.72,2.05,1.73,2.0,1.81,2.11,1.81,2.17,1.74,2.06
WTA,2015,32,London,Wimbledon,2015-06-29,Grand Slam,Outdoor,Grass,1st Round,3,Flipkens K.,Beck A.,96,70.0,651,821.0,0.0,6.0,6.0,3.0,6.0,4.0,2.0,1.0,Completed,1.66,2.1,1.7,2.1,1.62,2.2,1.79,2.15,1.8,2.25,1.69,2.13
WTA,2015,32,London,Wimbledon,2015-06-29,Grand Slam,Outdoor,Grass,1st Round,3,Diyas Z.,Pennetta F.,34,26.0,1420,1847.0,6.0,3.0,2.0,6.0,6.0,4.0,2.0,1.0,Completed,2.25,1.57,2.25,1.58,2.2,1.62,2.5,1.6,2.55,1.67,2.32,1.59
WTA,2015,32,London,Wimbledon,2015-06-29,Grand Slam,Outdoor,Grass,1st Round,3,Pliskova Ka.,Falconi I.,11,69.0,3210,827.0,6.0,4.0,4.0,6.0,6.0,1.0,2.0,1.0,Completed,1.16,5.0,1.17,4.75,1.14,5.0,1.18,5.61,1.2,5.61,1.16,5.0
WTA,2015,32,London,Wimbledon,2015-06-29,Grand Slam,Outdoor,Grass,1st Round,3,Azarenka V.,Kontaveit A.,24,145.0,1892,366.0,6.0,2.0,6.0,1.0,,,2.0,0.0,Completed,1.12,6.0,1.11,6.0,1.12,6.0,1.12,7.45,1.14,7.45,1.11,6.2
WTA,2015,32,London,Wimbledon,2015-06-29,Grand Slam,Outdoor,Grass,1st Round,3,Vandeweghe C.,Schmiedlova A.,47,63.0,1070,896.0,6.0,4.0,6.0,2.0,,,2.0,0.0,Completed,1.33,3.25,1.35,3.0,1.36,3.0,1.38,3.35,1.4,3.35,1.35,3.1
WTA,2015,32,London,Wimbledon,2015-06-29,Grand Slam,Outdoor,Grass,1st Round,3,Williams S.,Gasparyan M.,1,113.0,11291,496.0,6.0,4.0,6.0,1.0,,,2.0,0.0,Completed,1.01,26.0,1.01,13.0,1.02,15.0,1.01,31.0,1.02,50.99,1.01,21.99
WTA,2015,32,London,Wimbledon,2015-06-29,Grand Slam,Outdoor,Grass,1st Round,3,Friedsam A.L.,Diatchenko V.,87,74.0,711,789.0,3.0,6.0,6.0,3.0,7.0,5.0,2.0,1.0,Completed,1.8,1.9,1.82,1.9,1.8,1.91,1.78,2.16,1.83,2.16,1.78,2.0
WTA,2015,32,London,Wimbledon,2015-06-29,Grand Slam,Outdoor,Grass,1st Round,3,Sasnovich A.,Zhu L.,137,116.0,387,477.0,4.0,6.0,7.0,5.0,6.0,1.0,2.0,1.0,Completed,1.4,2.75,1.42,2.7,1.36,3.0,1.42,3.14,1.43,3.14,1.4,2.88
WTA,2015,32,London,Wimbledon,2015-06-29,Grand Slam,Outdoor,Grass,1st Round,3,Mladenovic K.,Dulgheru A.,38,60.0,1275,937.0,6.0,2.0,6.0,1.0,,,2.0,0.0,Completed,1.22,4.0,1.28,3.5,1.22,4.0,1.27,4.26,1.29,4.3,1.25,3.87
WTA,2015,32,London,Wimbledon,2015-06-29,Grand Slam,Outdoor,Grass,1st Round,3,Errani S.,Schiavone F.,19,80.0,2140,762.0,6.0,2.0,5.0,7.0,6.0,1.0,2.0,1.0,Completed,1.4,2.75,1.4,2.9,1.4,2.75,1.42,3.12,1.42,3.2,1.38,2.97
WTA,2015,32,London,Wimbledon,2015-06-29,Grand Slam,Outdoor,Grass,1st Round,3,Mattek-Sands B.,Van Uytvanck A.,158,46.0,330,1082.0,6.0,3.0,6.0,2.0,,,2.0,0.0,Completed,1.66,2.1,1.65,2.15,1.73,2.0,1.69,2.3,1.77,2.3,1.69,2.14
WTA,2015,32,London,Wimbledon,2015-06-29,Grand Slam,Outdoor,Grass,1st Round,3,Ivanovic A.,Xu Y.F.,7,176.0,3895,302.0,6.0,1.0,6.0,1.0,,,2.0,0.0,Completed,1.06,10.0,1.06,8.5,1.06,9.0,1.06,11.75,1.06,12.0,1.05,9.54
WTA,2015,32,London,Wimbledon,2015-06-29,Grand Slam,Outdoor,Grass,1st Round,3,Ostapenko J.,Suarez Navarro C.,147,9.0,364,3345.0,6.0,2.0,6.0,0.0,,,2.0,0.0,Completed,5.0,1.16,4.75,1.17,5.0,1.17,5.74,1.18,5.74,1.18,5.07,1.16
WTA,2015,32,London,Wimbledon,2015-06-29,Grand Slam,Outdoor,Grass,1st Round,3,Stosur S.,Kovinic D.,23,92.0,1900,680.0,6.0,4.0,6.0,4.0,,,2.0,0.0,Completed,1.11,6.5,1.13,5.5,1.14,5.0,1.16,6.2,1.2,6.5,1.13,5.71
WTA,2015,32,London,Wimbledon,2015-06-29,Grand Slam,Outdoor,Grass,1st Round,3,Bencic B.,Pironkova T.,22,41.0,1980,1195.0,3.0,6.0,6.0,1.0,6.0,3.0,2.0,1.0,Completed,1.57,2.25,1.52,2.45,1.57,2.25,1.56,2.61,1.6,2.61,1.54,2.44
WTA,2015,32,London,Wimbledon,2015-06-29,Grand Slam,Outdoor,Grass,1st Round,3,Sharapova M.,Konta J.,4,126.0,5950,449.0,6.0,2.0,6.0,2.0,,,2.0,0.0,Completed,1.1,7.0,1.11,6.0,1.11,6.5,1.12,7.71,1.14,7.74,1.1,6.55
WTA,2015,32,London,Wimbledon,2015-06-29,Grand Slam,Outdoor,Grass,1st Round,3,Radwanska U.,Gallovits E.,107,301.0,542,136.0,6.0,2.0,6.0,1.0,,,2.0,0.0,Completed,1.16,5.0,1.18,4.5,1.17,4.5,1.2,5.16,1.21,5.16,1.18,4.76
WTA,2015,32,London,Wimbledon,2015-06-29,Grand Slam,Outdoor,Grass,1st Round,3,Krunic A.,Vinci R.,82,35.0,738,1291.0,6.0,2.0,6.0,4.0,,,2.0,0.0,Completed,2.75,1.4,2.7,1.45,2.5,1.5,2.76,1.51,2.86,1.51,2.7,1.45
WTA,2015,32,London,Wimbledon,2015-06-29,Grand Slam,Outdoor,Grass,1st Round,3,Hogenkamp R.,Wang Q.,123,110.0,459,538.0,6.0,4.0,6.0,4.0,,,2.0,0.0,Completed,1.61,2.2,1.65,2.2,1.67,2.1,1.74,2.23,1.74,2.3,1.66,2.18
WTA,2015,32,London,Wimbledon,2015-06-29,Grand Slam,Outdoor,Grass,1st Round,3,Hsieh S.W.,Kanepi K.,131,50.0,427,1003.0,6.0,1.0,6.0,4.0,,,2.0,0.0,Completed,1.57,2.25,1.62,2.25,1.57,2.25,1.67,2.35,1.69,2.35,1.63,2.23
WTA,2015,32,London,Wimbledon,2015-06-29,Grand Slam,Outdoor,Grass,1st Round,3,Hantuchova D.,Cibulkova D.,72,45.0,815,1087.0,7.0,5.0,6.0,0.0,,,2.0,0.0,Completed,2.1,1.66,2.15,1.68,2.0,1.73,2.21,1.75,2.25,1.75,2.15,1.68
WTA,2015,32,London,Wimbledon,2015-06-29,Grand Slam,Outdoor,Grass,1st Round,3,Davis L.,Hercog P.,75,76.0,785,775.0,6.0,4.0,7.0,6.0,,,2.0,0.0,Completed,1.72,2.0,1.72,2.05,1.73,2.0,1.81,2.11,1.81,2.16,1.76,2.03
WTA,2015,32,London,Wimbledon,2015-06-29,Grand Slam,Outdoor,Grass,1st Round,3,Williams V.,Brengle M.,16,36.0,2586,1284.0,6.0,0.0,6.0,0.0,,,2.0,0.0,Completed,1.18,4.5,1.18,4.5,1.22,4.0,1.23,4.79,1.23,4.8,1.2,4.41
WTA,2015,32,London,Wimbledon,2015-06-29,Grand Slam,Outdoor,Grass,1st Round,3,Safarova L.,Riske A.,6,44.0,4055,1100.0,3.0,6.0,7.0,5.0,6.0,3.0,2.0,1.0,Completed,1.36,3.0,1.35,3.1,1.36,3.25,1.41,3.15,1.42,3.5,1.36,3.07
WTA,2015,32,London,Wimbledon,2015-06-29,Grand Slam,Outdoor,Grass,1st Round,3,Petkovic A.,Rogers S.,14,84.0,2705,734.0,6.0,0.0,6.0,0.0,,,2.0,0.0,Completed,1.06,10.0,1.06,8.5,1.07,7.5,1.06,11.75,1.08,11.75,1.05,9.53
WTA,2015,32,London,Wimbledon,2015-06-29,Grand Slam,Outdoor,Grass,1st Round,3,Putintseva Y.,Erakovic M.,95,86.0,652,725.0,7.0,6.0,7.0,5.0,,,2.0,0.0,Completed,4.0,1.22,3.5,1.28,4.0,1.22,3.9,1.3,4.1,1.31,3.79,1.26
WTA,2015,32,London,Wimbledon,2015-06-29,Grand Slam,Outdoor,Grass,1st Round,3,Tsurenko L.,Gibbs N.,68,103.0,857,601.0,6.0,3.0,6.0,3.0,,,2.0,0.0,Completed,1.53,2.37,1.58,2.35,1.62,2.2,1.59,2.53,1.62,2.53,1.57,2.36
WTA,2015,32,London,Wimbledon,2015-06-29,Grand Slam,Outdoor,Grass,1st Round,3,Begu I.,Gavrilova D.,31,39.0,1636,1256.0,7.0,6.0,6.0,1.0,,,2.0,0.0,Completed,2.62,1.44,2.6,1.48,2.5,1.5,2.62,1.56,2.73,1.56,2.56,1.49
WTA,2015,32,London,Wimbledon,2015-06-29,Grand Slam,Outdoor,Grass,1st Round,3,Duque Marino M.,Broady N.,99,200.0,632,267.0,7.0,6.0,6.0,3.0,,,2.0,0.0,Completed,2.1,1.66,2.1,1.7,2.1,1.67,2.13,1.8,2.19,1.8,2.08,1.72
WTA,2015,32,London,Wimbledon,2015-06-29,Grand Slam,Outdoor,Grass,1st Round,3,Stephens S.,Strycova B.,37,29.0,1281,1750.0,6.0,4.0,6.0,2.0,,,2.0,0.0,Completed,1.44,2.62,1.45,2.7,1.5,2.5,1.5,2.8,1.53,2.9,1.47,2.62
WTA,2015,32,London,Wimbledon,2015-06-30,Grand Slam,Outdoor,Grass,1st Round,3,Svitolina E.,Doi M.,17,94.0,2405,671.0,3.0,6.0,6.0,3.0,6.0,2.0,2.0,1.0,Completed,1.5,2.5,1.5,2.5,1.5,2.5,1.58,2.54,1.61,2.6,1.52,2.47
WTA,2015,32,London,Wimbledon,2015-06-30,Grand Slam,Outdoor,Grass,1st Round,3,Nara K.,Linette M.,57,97.0,960,649.0,3.0,6.0,6.0,3.0,4.0,3.0,1.0,1.0,Retired,1.72,2.0,1.8,2.0,1.73,2.0,1.91,2.0,1.93,2.05,1.8,1.98
WTA,2015,32,London,Wimbledon,2015-06-30,Grand Slam,Outdoor,Grass,1st Round,3,Lucic M.,Shvedova Y.,54,79.0,968,766.0,7.0,5.0,6.0,7.0,7.0,5.0,2.0,1.0,Completed,2.0,1.72,2.15,1.68,2.2,1.62,2.19,1.76,2.25,1.77,2.12,1.7
WTA,2015,32,London,Wimbledon,2015-06-30,Grand Slam,Outdoor,Grass,1st Round,3,Muguruza G.,Lepchenko V.,20,40.0,2075,1219.0,6.0,4.0,6.0,1.0,,,2.0,0.0,Completed,1.25,3.75,1.25,3.5,1.29,3.5,1.26,4.3,1.29,4.3,1.25,3.82
WTA,2015,32,London,Wimbledon,2015-06-30,Grand Slam,Outdoor,Grass,1st Round,3,Dellacqua C.,Paszek T.,61,243.0,920,180.0,6.0,2.0,6.0,2.0,,,2.0,0.0,Completed,1.57,2.25,1.62,2.25,1.62,2.2,1.73,2.24,1.73,2.35,1.62,2.26
WTA,2015,32,London,Wimbledon,2015-06-30,Grand Slam,Outdoor,Grass,1st Round,3,Pavlyuchenkova A.,Barthel M.,42,49.0,1176,1055.0,6.0,7.0,7.0,6.0,6.0,2.0,2.0,1.0,Completed,1.4,2.75,1.42,2.7,1.44,2.62,1.57,2.57,1.57,2.8,1.46,2.65
WTA,2015,32,London,Wimbledon,2015-06-30,Grand Slam,Outdoor,Grass,1st Round,3,Kerber A.,Witthoeft C.,10,53.0,3285,975.0,6.0,0.0,6.0,0.0,,,2.0,0.0,Completed,1.07,8.0,1.06,8.5,1.08,7.0,1.07,11.62,1.08,11.63,1.06,9.1
WTA,2015,32,London,Wimbledon,2015-06-30,Grand Slam,Outdoor,Grass,1st Round,3,Kvitova P.,Bertens K.,2,108.0,6870,540.0,6.0,1.0,6.0,0.0,,,2.0,0.0,Completed,1.08,8.0,1.09,7.0,1.1,7.0,1.09,9.16,1.1,9.16,1.08,7.62
WTA,2015,32,London,Wimbledon,2015-06-30,Grand Slam,Outdoor,Grass,1st Round,3,Rodina E.,Robson L.,101,,619,,6.0,4.0,6.0,4.0,,,2.0,0.0,Completed,1.36,3.0,1.4,2.9,1.36,3.0,1.38,3.31,1.48,3.31,1.39,2.94
WTA,2015,32,London,Wimbledon,2015-06-30,Grand Slam,Outdoor,Grass,1st Round,3,Watson H.,Garcia C.,59,33.0,939,1475.0,1.0,6.0,6.0,3.0,8.0,6.0,2.0,1.0,Completed,1.72,2.0,1.72,2.05,1.8,2.0,1.91,2.0,1.91,2.1,1.78,2.0
WTA,2015,32,London,Wimbledon,2015-06-30,Grand Slam,Outdoor,Grass,1st Round,3,Tomljanovic A.,Koukalova K.,81,100.0,755,625.0,6.0,3.0,6.0,4.0,,,2.0,0.0,Completed,2.37,1.53,2.35,1.55,2.25,1.57,2.51,1.6,2.51,1.63,2.37,1.57
WTA,2015,32,London,Wimbledon,2015-06-30,Grand Slam,Outdoor,Grass,1st Round,3,Niculescu M.,Puig M.,48,91.0,1065,680.0,5.0,7.0,6.0,3.0,6.0,1.0,2.0,1.0,Completed,1.33,3.25,1.4,2.85,1.4,2.75,1.42,3.14,1.42,3.25,1.38,2.94
WTA,2015,32,London,Wimbledon,2015-06-30,Grand Slam,Outdoor,Grass,1st Round,3,Jankovic J.,Vesnina E.,30,89.0,1685,694.0,6.0,4.0,3.0,6.0,10.0,8.0,2.0,1.0,Completed,1.3,3.4,1.3,3.2,1.33,3.25,1.4,3.22,1.41,3.4,1.34,3.17
WTA,2015,32,London,Wimbledon,2015-06-30,Grand Slam,Outdoor,Grass,1st Round,3,Cepelova J.,Halep S.,106,3.0,553,6200.0,5.0,7.0,6.0,4.0,6.0,3.0,2.0,1.0,Completed,11.0,1.05,9.0,1.04,11.0,1.04,12.05,1.06,12.05,1.07,10.08,1.04
WTA,2015,32,London,Wimbledon,2015-06-30,Grand Slam,Outdoor,Grass,1st Round,3,Pliskova Kr.,Smitkova T.,134,62.0,412,904.0,3.0,6.0,7.0,5.0,7.0,5.0,2.0,1.0,Completed,2.0,1.72,1.9,1.82,2.0,1.73,2.0,1.91,2.08,1.93,1.96,1.81
WTA,2015,32,London,Wimbledon,2015-06-30,Grand Slam,Outdoor,Grass,1st Round,3,Duan Y.Y.,Bouchard E.,117,12.0,476,3172.0,7.0,6.0,6.0,4.0,,,2.0,0.0,Completed,4.0,1.22,3.75,1.25,3.4,1.3,3.93,1.3,4.2,1.3,3.82,1.25
WTA,2015,32,London,Wimbledon,2015-06-30,Grand Slam,Outdoor,Grass,1st Round,3,Radwanska A.,Hradecka L.,13,52.0,3020,985.0,6.0,3.0,6.0,2.0,,,2.0,0.0,Completed,1.1,7.0,1.11,6.0,1.1,6.5,1.12,7.45,1.13,7.45,1.1,6.62
WTA,2015,32,London,Wimbledon,2015-06-30,Grand Slam,Outdoor,Grass,1st Round,3,Giorgi C.,Pereira T.,32,77.0,1480,773.0,7.0,6.0,6.0,3.0,,,2.0,0.0,Completed,1.12,6.0,1.14,5.25,1.12,5.5,1.16,6.11,1.16,6.5,1.13,5.6
WTA,2015,32,London,Wimbledon,2015-06-30,Grand Slam,Outdoor,Grass,1st Round,3,Kuznetsova S.,Siegemund L.,25,128.0,1866,434.0,6.0,3.0,6.0,4.0,,,2.0,0.0,Completed,1.22,4.0,1.25,3.75,1.22,4.0,1.28,4.09,1.29,4.25,1.24,3.9
WTA,2015,32,London,Wimbledon,2015-06-30,Grand Slam,Outdoor,Grass,1st Round,3,Govortsova O.,Mitu A.,122,71.0,461,820.0,6.0,1.0,6.0,1.0,,,2.0,0.0,Completed,1.28,3.5,1.33,3.2,1.33,3.25,1.32,3.74,1.35,3.76,1.31,3.36
WTA,2015,32,London,Wimbledon,2015-06-30,Grand Slam,Outdoor,Grass,1st Round,3,Maria T.,Jovanovski B.,78,51.0,768,995.0,7.0,6.0,7.0,5.0,,,2.0,0.0,Completed,1.4,2.75,1.48,2.6,1.4,2.75,1.46,2.94,1.52,2.94,1.44,2.7
WTA,2015,32,London,Wimbledon,2015-06-30,Grand Slam,Outdoor,Grass,1st Round,3,Allertova D.,Siniakova K.,83,67.0,735,869.0,6.0,2.0,4.0,6.0,6.0,3.0,2.0,1.0,Completed,3.0,1.36,3.0,1.38,3.0,1.36,3.1,1.43,3.2,1.43,2.97,1.38
WTA,2015,32,London,Wimbledon,2015-06-30,Grand Slam,Outdoor,Grass,1st Round,3,Soler Espinosa S.,Karatantcheva S.,102,98.0,605,643.0,2.0,6.0,6.0,2.0,7.0,5.0,2.0,1.0,Completed,2.37,1.53,2.25,1.62,2.38,1.53,2.37,1.66,2.5,1.67,2.33,1.58
WTA,2015,32,London,Wimbledon,2015-06-30,Grand Slam,Outdoor,Grass,1st Round,3,Wozniacki C.,Zheng S.,5,66.0,5000,874.0,7.0,5.0,6.0,0.0,,,2.0,0.0,Completed,1.04,11.0,1.04,9.0,1.05,10.0,1.06,12.25,1.06,16.0,1.04,10.44
WTA,2015,32,London,Wimbledon,2015-06-30,Grand Slam,Outdoor,Grass,1st Round,3,Mchale C.,Larsson J.,64,73.0,895,796.0,6.0,3.0,6.0,2.0,,,2.0,0.0,Completed,1.25,3.75,1.3,3.4,1.3,3.4,1.3,3.93,1.33,4.0,1.29,3.55
WTA,2015,32,London,Wimbledon,2015-06-30,Grand Slam,Outdoor,Grass,1st Round,3,Makarova E.,Vickery S.,8,112.0,3575,503.0,6.0,2.0,6.0,4.0,,,2.0,0.0,Completed,1.18,4.5,1.2,4.3,1.22,4.33,1.27,4.25,1.27,4.5,1.22,4.18
WTA,2015,32,London,Wimbledon,2015-06-30,Grand Slam,Outdoor,Grass,1st Round,3,Lisicki S.,Gajdosova J.,18,58.0,2320,948.0,7.0,5.0,6.0,4.0,,,2.0,0.0,Completed,1.22,4.0,1.22,4.0,1.22,4.0,1.24,4.53,1.26,4.53,1.23,4.09
WTA,2015,32,London,Wimbledon,2015-06-30,Grand Slam,Outdoor,Grass,1st Round,3,Bacsinszky T.,Goerges J.,15,56.0,2605,962.0,6.0,2.0,7.0,5.0,,,2.0,0.0,Completed,1.36,3.0,1.4,2.9,1.36,3.0,1.39,3.29,1.43,3.32,1.37,3.0
WTA,2015,32,London,Wimbledon,2015-06-30,Grand Slam,Outdoor,Grass,1st Round,3,Rybarikova M.,Knapp K.,65,43.0,895,1175.0,7.0,6.0,3.0,0.0,,,1.0,0.0,Retired,1.53,2.37,1.55,2.4,1.57,2.25,1.6,2.5,1.61,2.5,1.56,2.38
WTA,2015,32,London,Wimbledon,2015-06-30,Grand Slam,Outdoor,Grass,1st Round,3,Cornet A.,Konjuh A.,27,55.0,1845,968.0,6.0,2.0,6.0,2.0,,,2.0,0.0,Completed,2.62,1.44,2.7,1.45,2.5,1.5,2.82,1.49,2.85,1.5,2.67,1.45
WTA,2015,32,London,Wimbledon,2015-06-30,Grand Slam,Outdoor,Grass,1st Round,3,Arruabarrena L.,Parmentier P.,85,105.0,727,559.0,6.0,4.0,6.0,2.0,,,2.0,0.0,Completed,1.53,2.37,1.55,2.35,1.57,2.25,1.65,2.4,1.65,2.45,1.59,2.31
WTA,2015,32,London,Wimbledon,2015-07-01,Grand Slam,Outdoor,Grass,1st Round,3,Keys M.,Voegele S.,21,104.0,1980,578.0,6.0,7.0,6.0,3.0,6.0,4.0,2.0,1.0,Completed,1.1,7.0,1.09,7.0,1.11,6.0,1.1,8.6,1.12,8.6,1.09,7.31
WTA,2015,32,London,Wimbledon,2015-07-01,Grand Slam,Outdoor,Grass,1st Round,3,Kulichkova E.,Wickmayer Y.,109,88.0,539,705.0,3.0,6.0,7.0,6.0,10.0,8.0,2.0,1.0,Completed,2.25,1.57,2.15,1.68,2.2,1.62,2.35,1.67,2.4,1.73,2.25,1.63
WTA,2015,32,London,Wimbledon,2015-07-01,Grand Slam,Outdoor,Grass,2nd Round,3,Vandeweghe C.,Pliskova Ka.,47,11.0,1070,3210.0,7.0,6.0,6.0,4.0,,,2.0,0.0,Completed,2.75,1.4,3.4,1.3,3.0,1.36,3.55,1.35,3.55,1.4,3.21,1.33
WTA,2015,32,London,Wimbledon,2015-07-01,Grand Slam,Outdoor,Grass,2nd Round,3,Stosur S.,Radwanska U.,23,107.0,1900,542.0,6.0,3.0,6.0,4.0,,,2.0,0.0,Completed,1.28,3.5,1.28,3.5,1.29,3.5,1.31,3.83,1.33,4.0,1.28,3.56
WTA,2015,32,London,Wimbledon,2015-07-01,Grand Slam,Outdoor,Grass,2nd Round,3,Diyas Z.,Sasnovich A.,34,137.0,1420,387.0,7.0,5.0,6.0,1.0,,,2.0,0.0,Completed,1.25,3.75,1.25,3.75,1.29,3.5,1.28,4.07,1.3,4.1,1.27,3.71
WTA,2015,32,London,Wimbledon,2015-07-01,Grand Slam,Outdoor,Grass,2nd Round,3,Begu I.,Tsurenko L.,31,68.0,1636,857.0,7.0,5.0,6.0,7.0,7.0,5.0,2.0,1.0,Completed,1.53,2.37,1.62,2.25,1.57,2.25,1.66,2.37,1.66,2.45,1.6,2.3
WTA,2015,32,London,Wimbledon,2015-07-01,Grand Slam,Outdoor,Grass,2nd Round,3,Sharapova M.,Hogenkamp R.,4,123.0,5950,459.0,6.0,3.0,6.0,1.0,,,2.0,0.0,Completed,1.03,13.0,1.03,10.5,1.03,12.0,1.03,17.5,1.04,17.5,1.03,13.0
WTA,2015,32,London,Wimbledon,2015-07-01,Grand Slam,Outdoor,Grass,2nd Round,3,Bencic B.,Friedsam A.L.,22,87.0,1980,711.0,7.0,5.0,4.0,6.0,6.0,0.0,2.0,1.0,Completed,1.16,5.0,1.14,5.25,1.17,4.5,1.17,5.86,1.17,6.15,1.15,5.39
WTA,2015,32,London,Wimbledon,2015-07-01,Grand Slam,Outdoor,Grass,2nd Round,3,Watson H.,Hantuchova D.,59,72.0,939,815.0,6.0,4.0,6.0,2.0,,,2.0,0.0,Completed,2.0,1.72,2.05,1.75,2.0,1.73,2.08,1.84,2.15,1.85,2.02,1.77
WTA,2015,32,London,Wimbledon,2015-07-01,Grand Slam,Outdoor,Grass,2nd Round,3,Petkovic A.,Duque Marino M.,14,99.0,2705,632.0,6.0,3.0,6.0,1.0,,,2.0,0.0,Completed,1.1,7.0,1.1,6.5,1.1,6.5,1.12,7.61,1.12,7.61,1.11,6.51
WTA,2015,32,London,Wimbledon,2015-07-01,Grand Slam,Outdoor,Grass,2nd Round,3,Stephens S.,Davis L.,37,75.0,1281,785.0,6.0,4.0,6.0,4.0,,,2.0,0.0,Completed,1.2,4.33,1.22,4.0,1.2,4.33,1.26,4.38,1.26,4.5,1.22,4.15
WTA,2015,32,London,Wimbledon,2015-07-01,Grand Slam,Outdoor,Grass,2nd Round,3,Mladenovic K.,Ostapenko J.,38,147.0,1275,364.0,6.0,4.0,7.0,5.0,,,2.0,0.0,Completed,1.28,3.5,1.28,3.5,1.33,3.25,1.3,3.92,1.33,3.92,1.28,3.62
WTA,2015,32,London,Wimbledon,2015-07-01,Grand Slam,Outdoor,Grass,2nd Round,3,Azarenka V.,Flipkens K.,24,96.0,1892,651.0,6.0,3.0,6.0,3.0,,,2.0,0.0,Completed,1.08,8.0,1.08,7.5,1.08,7.0,1.09,9.16,1.1,9.16,1.07,7.84
WTA,2015,32,London,Wimbledon,2015-07-01,Grand Slam,Outdoor,Grass,2nd Round,3,Mattek-Sands B.,Ivanovic A.,158,7.0,330,3895.0,6.0,3.0,6.0,4.0,,,2.0,0.0,Completed,4.0,1.22,4.0,1.22,3.75,1.29,4.0,1.29,4.18,1.29,3.92,1.24
WTA,2015,32,London,Wimbledon,2015-07-01,Grand Slam,Outdoor,Grass,2nd Round,3,Safarova L.,Hsieh S.W.,6,131.0,4055,427.0,6.0,2.0,6.0,3.0,,,2.0,0.0,Completed,1.2,4.33,1.2,4.3,1.2,4.5,1.23,4.73,1.23,4.8,1.2,4.38
WTA,2015,32,London,Wimbledon,2015-07-01,Grand Slam,Outdoor,Grass,2nd Round,3,Krunic A.,Errani S.,82,19.0,738,2140.0,6.0,3.0,6.0,7.0,6.0,2.0,2.0,1.0,Completed,2.62,1.44,2.7,1.45,2.75,1.4,2.8,1.5,2.95,1.5,2.74,1.43
WTA,2015,32,London,Wimbledon,2015-07-01,Grand Slam,Outdoor,Grass,2nd Round,3,Williams V.,Putintseva Y.,16,95.0,2586,652.0,7.0,6.0,6.0,4.0,,,2.0,0.0,Completed,1.08,8.0,1.1,6.5,1.1,6.5,1.1,8.6,1.11,8.6,1.09,7.09
WTA,2015,32,London,Wimbledon,2015-07-01,Grand Slam,Outdoor,Grass,2nd Round,3,Williams S.,Babos T.,1,93.0,11291,673.0,6.0,4.0,6.0,1.0,,,2.0,0.0,Completed,1.02,15.0,1.01,13.0,1.02,15.0,1.03,20.0,1.03,26.0,1.02,16.73
WTA,2015,32,London,Wimbledon,2015-07-02,Grand Slam,Outdoor,Grass,2nd Round,3,Rybarikova M.,Makarova E.,65,8.0,895,3575.0,6.0,2.0,7.0,5.0,,,2.0,0.0,Completed,3.25,1.33,3.4,1.3,3.4,1.33,3.4,1.37,3.5,1.37,3.32,1.32
WTA,2015,32,London,Wimbledon,2015-07-02,Grand Slam,Outdoor,Grass,2nd Round,3,Kerber A.,Pavlyuchenkova A.,10,42.0,3285,1176.0,7.0,5.0,6.0,2.0,,,2.0,0.0,Completed,1.16,5.0,1.14,5.25,1.17,5.0,1.14,6.62,1.18,6.62,1.14,5.58
WTA,2015,32,London,Wimbledon,2015-07-02,Grand Slam,Outdoor,Grass,2nd Round,3,Wozniacki C.,Allertova D.,5,83.0,5000,735.0,6.0,1.0,7.0,6.0,,,2.0,0.0,Completed,1.07,9.0,1.06,8.5,1.06,9.0,1.1,8.95,1.1,9.5,1.07,8.65
WTA,2015,32,London,Wimbledon,2015-07-02,Grand Slam,Outdoor,Grass,2nd Round,3,Giorgi C.,Arruabarrena L.,32,85.0,1480,727.0,6.0,0.0,7.0,6.0,,,2.0,0.0,Completed,1.11,6.5,1.12,5.75,1.12,5.5,1.14,6.71,1.14,6.71,1.12,6.07
WTA,2015,32,London,Wimbledon,2015-07-02,Grand Slam,Outdoor,Grass,2nd Round,3,Govortsova O.,Cornet A.,122,27.0,461,1845.0,7.0,6.0,2.0,6.0,6.0,1.0,2.0,1.0,Completed,2.1,1.66,2.15,1.68,2.2,1.62,2.19,1.76,2.25,1.76,2.15,1.68
WTA,2015,32,London,Wimbledon,2015-07-02,Grand Slam,Outdoor,Grass,2nd Round,3,Muguruza G.,Lucic M.,20,54.0,2075,968.0,6.0,3.0,4.0,6.0,6.0,2.0,2.0,1.0,Completed,1.44,2.62,1.42,2.8,1.4,2.75,1.43,3.05,1.45,3.05,1.42,2.81
WTA,2015,32,London,Wimbledon,2015-07-02,Grand Slam,Outdoor,Grass,2nd Round,3,Lisicki S.,Mchale C.,18,64.0,2320,895.0,2.0,6.0,7.0,5.0,6.0,1.0,2.0,1.0,Completed,1.22,4.0,1.18,4.5,1.25,4.0,1.22,4.81,1.25,4.81,1.21,4.32
WTA,2015,32,London,Wimbledon,2015-07-02,Grand Slam,Outdoor,Grass,2nd Round,3,Bacsinszky T.,Soler Espinosa S.,15,102.0,2605,605.0,6.0,2.0,6.0,1.0,,,2.0,0.0,Completed,1.12,5.5,1.11,6.0,1.11,6.0,1.11,8.04,1.12,8.04,1.1,6.58
WTA,2015,32,London,Wimbledon,2015-07-02,Grand Slam,Outdoor,Grass,2nd Round,3,Dellacqua C.,Svitolina E.,61,17.0,920,2405.0,7.0,6.0,6.0,3.0,,,2.0,0.0,Completed,1.83,1.83,1.88,1.88,1.91,1.8,1.93,1.98,1.93,2.05,1.86,1.9
WTA,2015,32,London,Wimbledon,2015-07-02,Grand Slam,Outdoor,Grass,2nd Round,3,Maria T.,Duan Y.Y.,78,117.0,768,476.0,1.0,6.0,6.0,2.0,10.0,8.0,2.0,1.0,Completed,1.4,2.75,1.45,2.7,1.5,2.5,1.48,2.88,1.49,2.88,1.44,2.71
WTA,2015,32,London,Wimbledon,2015-07-02,Grand Slam,Outdoor,Grass,2nd Round,3,Kvitova P.,Nara K.,2,57.0,6870,960.0,6.0,2.0,6.0,0.0,,,2.0,0.0,Completed,1.04,13.0,1.04,10.0,1.05,10.0,1.05,13.0,1.05,14.45,1.04,11.36
WTA,2015,32,London,Wimbledon,2015-07-02,Grand Slam,Outdoor,Grass,2nd Round,3,Jankovic J.,Rodina E.,30,101.0,1685,619.0,6.0,7.0,6.0,1.0,6.0,3.0,2.0,1.0,Completed,1.22,4.0,1.2,4.3,1.25,3.75,1.25,4.46,1.26,4.5,1.23,4.05
WTA,2015,32,London,Wimbledon,2015-07-02,Grand Slam,Outdoor,Grass,2nd Round,3,Keys M.,Kulichkova E.,21,109.0,1980,539.0,6.0,4.0,7.0,6.0,,,2.0,0.0,Completed,1.18,4.5,1.2,4.3,1.2,4.33,1.25,4.46,1.25,4.76,1.2,4.41
WTA,2015,32,London,Wimbledon,2015-07-02,Grand Slam,Outdoor,Grass,2nd Round,3,Radwanska A.,Tomljanovic A.,13,81.0,3020,755.0,6.0,0.0,6.0,2.0,,,2.0,0.0,Completed,1.12,6.0,1.14,5.25,1.14,5.5,1.17,5.98,1.17,6.08,1.14,5.5
WTA,2015,32,London,Wimbledon,2015-07-02,Grand Slam,Outdoor,Grass,2nd Round,3,Niculescu M.,Cepelova J.,48,106.0,1065,553.0,6.0,3.0,6.0,3.0,,,2.0,0.0,Completed,1.28,3.5,1.28,3.5,1.33,3.25,1.35,3.54,1.35,3.75,1.3,3.47
WTA,2015,32,London,Wimbledon,2015-07-02,Grand Slam,Outdoor,Grass,2nd Round,3,Pliskova Kr.,Kuznetsova S.,134,25.0,412,1866.0,3.0,6.0,6.0,3.0,6.0,4.0,2.0,1.0,Completed,4.0,1.22,4.0,1.22,4.0,1.22,4.65,1.24,4.65,1.25,4.13,1.23
WTA,2015,32,London,Wimbledon,2015-07-03,Grand Slam,Outdoor,Grass,3rd Round,3,Bencic B.,Mattek-Sands B.,22,158.0,1980,330.0,7.0,5.0,7.0,5.0,,,2.0,0.0,Completed,1.4,3.0,1.35,3.1,1.4,3.0,1.4,3.26,1.44,3.35,1.37,3.04
WTA,2015,32,London,Wimbledon,2015-07-03,Grand Slam,Outdoor,Grass,3rd Round,3,Vandeweghe C.,Stosur S.,47,23.0,1070,1900.0,6.0,2.0,6.0,0.0,,,2.0,0.0,Completed,1.61,2.3,1.65,2.2,1.67,2.2,1.75,2.23,1.75,2.4,1.64,2.24
WTA,2015,32,London,Wimbledon,2015-07-03,Grand Slam,Outdoor,Grass,3rd Round,3,Sharapova M.,Begu I.,4,31.0,5950,1636.0,6.0,4.0,6.0,3.0,,,2.0,0.0,Completed,1.05,11.0,1.06,8.5,1.06,9.0,1.06,12.5,1.07,14.25,1.05,10.13
WTA,2015,32,London,Wimbledon,2015-07-03,Grand Slam,Outdoor,Grass,3rd Round,3,Safarova L.,Stephens S.,6,37.0,4055,1281.0,3.0,6.0,6.0,3.0,6.0,1.0,2.0,1.0,Completed,1.66,2.2,1.65,2.2,1.73,2.1,1.72,2.27,1.75,2.27,1.7,2.14
WTA,2015,32,London,Wimbledon,2015-07-03,Grand Slam,Outdoor,Grass,3rd Round,3,Azarenka V.,Mladenovic K.,24,38.0,1892,1275.0,6.0,4.0,6.0,4.0,,,2.0,0.0,Completed,1.28,3.75,1.28,3.5,1.29,3.75,1.32,3.8,1.32,4.0,1.27,3.68
WTA,2015,32,London,Wimbledon,2015-07-03,Grand Slam,Outdoor,Grass,3rd Round,3,Diyas Z.,Petkovic A.,34,14.0,1420,2705.0,7.0,5.0,6.0,4.0,,,2.0,0.0,Completed,2.75,1.44,2.8,1.42,3.0,1.4,2.78,1.52,3.0,1.52,2.78,1.43
WTA,2015,32,London,Wimbledon,2015-07-03,Grand Slam,Outdoor,Grass,3rd Round,3,Williams S.,Watson H.,1,59.0,11291,939.0,6.0,2.0,4.0,6.0,7.0,5.0,2.0,1.0,Completed,1.04,13.0,1.04,10.0,1.03,12.0,1.04,17.0,1.05,17.0,1.04,12.25
WTA,2015,32,London,Wimbledon,2015-07-03,Grand Slam,Outdoor,Grass,3rd Round,3,Williams V.,Krunic A.,16,82.0,2586,738.0,6.0,3.0,6.0,2.0,,,2.0,0.0,Completed,1.16,5.0,1.16,5.0,1.2,4.5,1.19,5.61,1.22,6.0,1.17,4.88
WTA,2015,32,London,Wimbledon,2015-07-04,Grand Slam,Outdoor,Grass,3rd Round,3,Muguruza G.,Kerber A.,20,10.0,2075,3285.0,7.0,6.0,1.0,6.0,6.0,2.0,2.0,1.0,Completed,3.5,1.3,3.4,1.3,3.4,1.33,3.53,1.36,4.0,1.36,3.42,1.3
WTA,2015,32,London,Wimbledon,2015-07-04,Grand Slam,Outdoor,Grass,3rd Round,3,Niculescu M.,Pliskova Kr.,48,134.0,1065,412.0,6.0,3.0,7.0,5.0,,,2.0,0.0,Completed,1.44,2.75,1.45,2.7,1.44,2.75,1.47,2.97,1.48,2.97,1.44,2.75
WTA,2015,32,London,Wimbledon,2015-07-04,Grand Slam,Outdoor,Grass,3rd Round,3,Wozniacki C.,Giorgi C.,5,32.0,5000,1480.0,6.0,2.0,6.0,2.0,,,2.0,0.0,Completed,1.5,2.62,1.48,2.6,1.5,2.62,1.54,2.71,1.54,2.83,1.48,2.62
WTA,2015,32,London,Wimbledon,2015-07-04,Grand Slam,Outdoor,Grass,3rd Round,3,Keys M.,Maria T.,21,78.0,1980,768.0,6.0,4.0,6.0,4.0,,,2.0,0.0,Completed,1.25,4.0,1.2,4.3,1.25,4.0,1.29,4.05,1.3,4.5,1.23,4.06
WTA,2015,32,London,Wimbledon,2015-07-04,Grand Slam,Outdoor,Grass,3rd Round,3,Radwanska A.,Dellacqua C.,13,61.0,3020,920.0,6.0,1.0,6.0,4.0,,,2.0,0.0,Completed,1.11,6.5,1.13,5.5,1.12,6.0,1.16,6.45,1.16,6.6,1.13,5.87
WTA,2015,32,London,Wimbledon,2015-07-04,Grand Slam,Outdoor,Grass,3rd Round,3,Bacsinszky T.,Lisicki S.,15,18.0,2605,2320.0,6.0,3.0,6.0,2.0,,,2.0,0.0,Completed,2.0,1.8,2.05,1.72,2.0,1.8,2.04,1.88,2.1,1.88,1.98,1.8
WTA,2015,32,London,Wimbledon,2015-07-04,Grand Slam,Outdoor,Grass,3rd Round,3,Govortsova O.,Rybarikova M.,122,65.0,461,895.0,7.0,6.0,6.0,3.0,,,2.0,0.0,Completed,2.3,1.61,2.25,1.62,2.25,1.62,2.27,1.73,2.38,1.75,2.26,1.63
WTA,2015,32,London,Wimbledon,2015-07-04,Grand Slam,Outdoor,Grass,3rd Round,3,Jankovic J.,Kvitova P.,30,2.0,1685,6870.0,3.0,6.0,7.0,5.0,6.0,4.0,2.0,1.0,Completed,5.0,1.16,5.0,1.16,5.0,1.17,6.16,1.17,6.16,1.18,5.19,1.16
WTA,2015,32,London,Wimbledon,2015-07-06,Grand Slam,Outdoor,Grass,4th Round,3,Vandeweghe C.,Safarova L.,47,6.0,1070,4055.0,7.0,6.0,7.0,6.0,,,2.0,0.0,Completed,2.75,1.44,2.8,1.42,2.62,1.5,2.99,1.46,3.0,1.5,2.78,1.44
WTA,2015,32,London,Wimbledon,2015-07-06,Grand Slam,Outdoor,Grass,4th Round,3,Keys M.,Govortsova O.,21,122.0,1980,461.0,3.0,6.0,6.0,4.0,6.0,1.0,2.0,1.0,Completed,1.44,2.75,1.35,3.1,1.33,3.4,1.52,2.76,1.52,3.4,1.41,2.92
WTA,2015,32,London,Wimbledon,2015-07-06,Grand Slam,Outdoor,Grass,4th Round,3,Sharapova M.,Diyas Z.,4,34.0,5950,1420.0,6.0,4.0,6.0,4.0,,,2.0,0.0,Completed,1.06,10.0,1.06,8.5,1.06,9.0,1.07,11.5,1.08,11.5,1.06,9.34
WTA,2015,32,London,Wimbledon,2015-07-06,Grand Slam,Outdoor,Grass,4th Round,3,Williams S.,Williams V.,1,16.0,11291,2586.0,6.0,4.0,6.0,3.0,,,2.0,0.0,Completed,1.2,4.5,1.22,4.0,1.2,4.5,1.28,4.15,1.28,4.65,1.22,4.27
WTA,2015,32,London,Wimbledon,2015-07-06,Grand Slam,Outdoor,Grass,4th Round,3,Bacsinszky T.,Niculescu M.,15,48.0,2605,1065.0,1.0,6.0,7.0,5.0,6.0,2.0,2.0,1.0,Completed,1.28,3.75,1.25,3.75,1.29,3.75,1.44,3.08,1.44,4.5,1.28,3.7
WTA,2015,32,London,Wimbledon,2015-07-06,Grand Slam,Outdoor,Grass,4th Round,3,Radwanska A.,Jankovic J.,13,30.0,3020,1685.0,7.0,5.0,6.0,4.0,,,2.0,0.0,Completed,1.4,3.0,1.35,3.1,1.44,2.75,1.37,3.46,1.44,3.46,1.37,3.07
WTA,2015,32,London,Wimbledon,2015-07-06,Grand Slam,Outdoor,Grass,4th Round,3,Azarenka V.,Bencic B.,24,22.0,1892,1980.0,6.0,2.0,6.0,3.0,,,2.0,0.0,Completed,1.36,3.25,1.38,3.0,1.36,3.25,1.46,2.98,1.46,3.25,1.4,2.93
WTA,2015,32,London,Wimbledon,2015-07-06,Grand Slam,Outdoor,Grass,4th Round,3,Muguruza G.,Wozniacki C.,20,5.0,2075,5000.0,6.0,4.0,6.0,4.0,,,2.0,0.0,Completed,2.5,1.53,2.4,1.55,2.38,1.57,2.54,1.6,2.55,1.63,2.43,1.56
WTA,2015,32,London,Wimbledon,2015-07-07,Grand Slam,Outdoor,Grass,Quarterfinals,3,Sharapova M.,Vandeweghe C.,4,47.0,5950,1070.0,6.0,3.0,6.0,7.0,6.0,2.0,2.0,1.0,Completed,1.2,4.5,1.2,4.3,1.2,4.5,1.23,4.84,1.27,4.9,1.22,4.33
WTA,2015,32,London,Wimbledon,2015-07-07,Grand Slam,Outdoor,Grass,Quarterfinals,3,Muguruza G.,Bacsinszky T.,20,15.0,2075,2605.0,7.0,5.0,6.0,3.0,,,2.0,0.0,Completed,1.72,2.1,1.68,2.15,1.73,2.1,1.77,2.2,1.8,2.26,1.72,2.12
WTA,2015,32,London,Wimbledon,2015-07-07,Grand Slam,Outdoor,Grass,Quarterfinals,3,Radwanska A.,Keys M.,13,21.0,3020,1980.0,7.0,6.0,3.0,6.0,6.0,3.0,2.0,1.0,Completed,1.4,3.0,1.38,3.0,1.44,2.75,1.42,3.19,1.45,3.26,1.39,2.99
WTA,2015,32,London,Wimbledon,2015-07-07,Grand Slam,Outdoor,Grass,Quarterfinals,3,Williams S.,Azarenka V.,1,24.0,11291,1892.0,3.0,6.0,6.0,2.0,6.0,3.0,2.0,1.0,Completed,1.28,3.75,1.28,3.5,1.29,3.75,1.35,3.58,1.37,3.8,1.31,3.52
WTA,2015,32,London,Wimbledon,2015-07-09,Grand Slam,Outdoor,Grass,Semifinals,3,Muguruza G.,Radwanska A.,20,13.0,2075,3020.0,6.0,2.0,3.0,6.0,6.0,3.0,2.0,1.0,Completed,1.9,1.9,1.8,2.0,1.91,1.91,1.98,1.96,2.0,2.0,1.9,1.91
WTA,2015,32,London,Wimbledon,2015-07-09,Grand Slam,Outdoor,Grass,Semifinals,3,Williams S.,Sharapova M.,1,4.0,11291,5950.0,6.0,2.0,6.0,4.0,,,2.0,0.0,Completed,1.16,5.0,1.18,4.5,1.2,4.5,1.21,5.26,1.22,16.0,1.18,5.26
WTA,2015,32,London,Wimbledon,2015-07-11,Grand Slam,Outdoor,Grass,The Final,3,Williams S.,Muguruza G.,1,20.0,11291,2075.0,6.0,4.0,6.0,4.0,,,2.0,0.0,Completed,1.16,5.5,1.16,5.0,1.17,5.0,1.19,5.85,1.2,6.0,1.17,5.27
WTA,2015,44,New York,US Open,2015-08-31,Grand Slam,Outdoor,Hard,1st Round,3,Jovanovski B.,Arruabarrena L.,98,93.0,637,652.0,6.0,2.0,6.0,2.0,,,2.0,0.0,Completed,2.1,1.66,2.15,1.65,1.91,1.8,2.22,1.74,2.22,1.8,2.1,1.71
WTA,2015,44,New York,US Open,2015-08-31,Grand Slam,Outdoor,Hard,1st Round,3,Duque Marino M.,Kenin S.,96,778.0,640,18.0,6.0,3.0,6.0,1.0,,,2.0,0.0,Completed,1.11,6.5,1.1,6.5,1.12,5.5,1.12,7.75,1.14,7.75,1.11,6.35
WTA,2015,44,New York,US Open,2015-08-31,Grand Slam,Outdoor,Hard,1st Round,3,Kontaveit A.,Dellacqua C.,152,60.0,348,950.0,7.0,5.0,6.0,2.0,,,2.0,0.0,Completed,2.62,1.44,2.65,1.45,2.5,1.5,2.71,1.53,2.8,1.53,2.59,1.48
WTA,2015,44,New York,US Open,2015-08-31,Grand Slam,Outdoor,Hard,1st Round,3,Pegula J.,Van Uytvanck A.,260,55.0,173,1022.0,7.0,5.0,6.0,3.0,,,2.0,0.0,Completed,1.61,2.2,1.65,2.2,1.73,2.0,1.75,2.2,1.75,2.23,1.68,2.15
WTA,2015,44,New York,US Open,2015-08-31,Grand Slam,Outdoor,Hard,1st Round,3,Makarova E.,Pereira T.,13,54.0,2920,1034.0,6.0,3.0,6.0,3.0,,,2.0,0.0,Completed,1.08,7.5,1.12,5.75,1.12,5.5,1.11,7.84,1.14,7.84,1.11,6.41
WTA,2015,44,New York,US Open,2015-08-31,Grand Slam,Outdoor,Hard,1st Round,3,Radwanska A.,Siniakova K.,15,69.0,2760,843.0,6.0,2.0,6.0,3.0,,,2.0,0.0,Completed,1.01,15.0,1.04,10.0,1.05,8.5,1.04,15.91,1.06,15.91,1.04,11.72
WTA,2015,44,New York,US Open,2015-08-31,Grand Slam,Outdoor,Hard,1st Round,3,Brengle M.,Zheng S.,47,71.0,1224,827.0,6.0,2.0,5.0,7.0,7.0,5.0,2.0,1.0,Completed,1.22,4.0,1.22,4.0,1.25,3.75,1.26,4.34,1.26,4.45,1.23,4.1
WTA,2015,44,New York,US Open,2015-08-31,Grand Slam,Outdoor,Hard,1st Round,3,Cibulkova D.,Ivanovic A.,50,7.0,1066,3500.0,6.0,3.0,3.0,6.0,6.0,3.0,2.0,1.0,Completed,3.25,1.33,3.2,1.33,3.4,1.33,3.41,1.37,3.5,1.37,3.27,1.33
WTA,2015,44,New York,US Open,2015-08-31,Grand Slam,Outdoor,Hard,1st Round,3,Davis L.,Watson H.,84,61.0,725,925.0,7.0,6.0,7.0,6.0,,,2.0,0.0,Completed,2.25,1.57,2.35,1.55,2.38,1.53,2.52,1.59,2.52,1.67,2.35,1.58
WTA,2015,44,New York,US Open,2015-08-31,Grand Slam,Outdoor,Hard,1st Round,3,Kanepi K.,Friedsam A.L.,89,80.0,656,751.0,6.0,1.0,6.0,1.0,,,2.0,0.0,Completed,1.22,4.0,1.22,4.0,1.3,3.4,1.27,4.24,1.3,4.24,1.26,3.81
WTA,2015,44,New York,US Open,2015-08-31,Grand Slam,Outdoor,Hard,1st Round,3,Mladenovic K.,Kuznetsova S.,40,30.0,1335,1572.0,6.0,3.0,7.0,5.0,,,2.0,0.0,Completed,1.4,2.75,1.4,2.9,1.44,2.62,1.4,3.23,1.44,3.23,1.39,2.95
WTA,2015,44,New York,US Open,2015-08-31,Grand Slam,Outdoor,Hard,1st Round,3,Dodin O.,Jankovic J.,128,21.0,439,2135.0,2.0,6.0,7.0,5.0,6.0,3.0,2.0,1.0,Completed,7.0,1.1,5.75,1.12,5.5,1.12,8.17,1.11,8.17,1.12,6.78,1.1
WTA,2015,44,New York,US Open,2015-08-31,Grand Slam,Outdoor,Hard,1st Round,3,Williams V.,Puig M.,23,85.0,2072,705.0,6.0,4.0,6.0,7.0,6.0,3.0,2.0,1.0,Completed,1.22,4.0,1.2,4.3,1.22,4.33,1.25,4.41,1.26,4.5,1.22,4.18
WTA,2015,44,New York,US Open,2015-08-31,Grand Slam,Outdoor,Hard,1st Round,3,Svitolina E.,Kulichkova E.,17,107.0,2530,570.0,6.0,1.0,6.0,4.0,,,2.0,0.0,Completed,1.25,3.75,1.25,3.75,1.25,3.75,1.31,3.85,1.31,4.0,1.26,3.76
WTA,2015,44,New York,US Open,2015-08-31,Grand Slam,Outdoor,Hard,1st Round,3,Tatishvili A.,Pliskova Ka.,121,8.0,485,3335.0,6.0,2.0,6.0,1.0,,,2.0,0.0,Completed,4.0,1.22,4.3,1.2,4.5,1.2,4.0,1.29,4.7,1.29,4.2,1.22
WTA,2015,44,New York,US Open,2015-08-31,Grand Slam,Outdoor,Hard,1st Round,3,Falconi I.,Crawford S.,73,221.0,790,213.0,6.0,4.0,6.0,2.0,,,2.0,0.0,Completed,1.16,5.0,1.14,5.25,1.17,4.5,1.19,5.42,1.19,5.6,1.16,5.1
WTA,2015,44,New York,US Open,2015-08-31,Grand Slam,Outdoor,Hard,1st Round,3,Allertova D.,Suarez Navarro C.,77,10.0,777,3190.0,6.0,1.0,7.0,6.0,,,2.0,0.0,Completed,3.5,1.28,3.5,1.28,3.4,1.3,3.81,1.31,3.81,1.33,3.54,1.29
WTA,2015,44,New York,US Open,2015-08-31,Grand Slam,Outdoor,Hard,1st Round,3,Linette M.,Radwanska U.,91,83.0,654,732.0,7.0,6.0,6.0,1.0,,,2.0,0.0,Completed,2.37,1.53,2.45,1.52,2.38,1.53,2.48,1.61,2.5,1.61,2.39,1.57
WTA,2015,44,New York,US Open,2015-08-31,Grand Slam,Outdoor,Hard,1st Round,3,Pavlyuchenkova A.,Rybarikova M.,31,70.0,1550,840.0,6.0,4.0,7.0,5.0,,,2.0,0.0,Completed,1.61,2.2,1.62,2.25,1.62,2.2,1.69,2.3,1.71,2.3,1.64,2.23
WTA,2015,44,New York,US Open,2015-08-31,Grand Slam,Outdoor,Hard,1st Round,3,Hercog P.,Diyas Z.,64,35.0,900,1385.0,6.0,2.0,7.0,5.0,,,2.0,0.0,Completed,1.5,2.5,1.48,2.6,1.53,2.38,1.61,2.49,1.61,3.4,1.51,2.52
WTA,2015,44,New York,US Open,2015-08-31,Grand Slam,Outdoor,Hard,1st Round,3,Mattek-Sands B.,Kozlova K.,101,209.0,609,232.0,6.0,4.0,6.0,3.0,,,2.0,0.0,Completed,2.1,1.66,2.2,1.65,2.0,1.73,2.28,1.71,2.28,1.73,2.15,1.68
WTA,2015,44,New York,US Open,2015-08-31,Grand Slam,Outdoor,Hard,1st Round,3,Bouchard E.,Riske A.,25,57.0,1887,1010.0,6.0,4.0,6.0,3.0,,,2.0,0.0,Completed,1.8,1.9,1.8,1.9,1.83,1.83,1.81,2.11,1.85,2.14,1.77,2.01
WTA,2015,44,New York,US Open,2015-08-31,Grand Slam,Outdoor,Hard,1st Round,3,Vandeweghe C.,Stephens S.,45,29.0,1245,1621.0,6.0,4.0,6.0,3.0,,,2.0,0.0,Completed,4.0,1.22,3.5,1.25,3.75,1.29,4.14,1.28,4.3,1.29,3.89,1.25
WTA,2015,44,New York,US Open,2015-08-31,Grand Slam,Outdoor,Hard,1st Round,3,Kasatkina D.,Gavrilova D.,133,38.0,426,1371.0,6.0,2.0,4.0,6.0,7.0,5.0,2.0,1.0,Completed,3.25,1.33,3.5,1.28,3.5,1.29,3.42,1.37,3.6,1.37,3.36,1.31
WTA,2015,44,New York,US Open,2015-08-31,Grand Slam,Outdoor,Hard,1st Round,3,Konjuh A.,Maria T.,79,66.0,763,883.0,6.0,4.0,6.0,4.0,,,2.0,0.0,Completed,1.44,2.62,1.48,2.6,1.5,2.5,1.54,2.66,1.56,2.66,1.5,2.55
WTA,2015,44,New York,US Open,2015-08-31,Grand Slam,Outdoor,Hard,1st Round,3,Bertens K.,Lucic M.,110,48.0,565,1136.0,3.0,6.0,6.0,4.0,6.0,2.0,2.0,1.0,Completed,1.66,2.1,1.68,2.15,1.73,2.0,1.69,2.31,1.78,2.31,1.7,2.12
WTA,2015,44,New York,US Open,2015-08-31,Grand Slam,Outdoor,Hard,1st Round,3,Vinci R.,King V.,43,414.0,1260,77.0,6.0,4.0,6.0,4.0,,,2.0,0.0,Completed,1.14,5.5,1.14,5.25,1.14,5.0,1.18,5.68,1.18,6.4,1.14,5.46
WTA,2015,44,New York,US Open,2015-08-31,Grand Slam,Outdoor,Hard,1st Round,3,Doi M.,Hantuchova D.,88,67.0,657,850.0,6.0,3.0,6.0,3.0,,,2.0,0.0,Completed,1.53,2.37,1.55,2.4,1.53,2.38,1.65,2.4,1.67,2.4,1.59,2.32
WTA,2015,44,New York,US Open,2015-08-31,Grand Slam,Outdoor,Hard,1st Round,3,Bencic B.,Karatantcheva S.,12,106.0,3035,588.0,6.0,1.0,6.0,2.0,,,2.0,0.0,Completed,1.06,9.0,1.06,8.5,1.06,8.0,1.08,10.16,1.08,10.5,1.06,8.86
WTA,2015,44,New York,US Open,2015-08-31,Grand Slam,Outdoor,Hard,1st Round,3,Keys M.,Koukalova K.,19,109.0,2275,565.0,6.0,2.0,6.0,4.0,,,2.0,0.0,Completed,1.04,10.0,1.06,8.5,1.07,8.5,1.07,10.71,1.08,10.71,1.06,8.93
WTA,2015,44,New York,US Open,2015-08-31,Grand Slam,Outdoor,Hard,1st Round,3,Smitkova T.,Mitu A.,100,75.0,620,780.0,7.0,6.0,6.0,2.0,,,2.0,0.0,Completed,1.57,2.25,1.6,2.3,1.62,2.2,1.62,2.46,1.7,2.46,1.63,2.26
WTA,2015,44,New York,US Open,2015-09-01,Grand Slam,Outdoor,Hard,1st Round,3,Williams S.,Diatchenko V.,1,86.0,12721,680.0,6.0,0.0,2.0,0.0,,,1.0,0.0,Retired,1.01,26.0,1.01,13.0,1.01,26.0,1.01,28.73,1.03,31.0,1.01,21.14
WTA,2015,44,New York,US Open,2015-09-01,Grand Slam,Outdoor,Hard,1st Round,3,Konta J.,Chirico L.,97,119.0,638,496.0,6.0,3.0,6.0,0.0,,,2.0,0.0,Completed,1.2,4.33,1.2,4.3,1.2,4.33,1.24,4.59,1.24,4.59,1.21,4.32
WTA,2015,44,New York,US Open,2015-09-01,Grand Slam,Outdoor,Hard,1st Round,3,Kerber A.,Dulgheru A.,11,52.0,3150,1036.0,6.0,3.0,6.0,1.0,,,2.0,0.0,Completed,1.08,8.0,1.07,8.0,1.08,8.0,1.09,9.53,1.09,9.53,1.07,8.14
WTA,2015,44,New York,US Open,2015-09-01,Grand Slam,Outdoor,Hard,1st Round,3,Tsurenko L.,Safarova L.,37,6.0,1382,3800.0,6.0,4.0,6.0,1.0,,,2.0,0.0,Completed,3.0,1.36,3.4,1.3,3.25,1.33,3.64,1.33,3.65,1.36,3.32,1.32
WTA,2015,44,New York,US Open,2015-09-01,Grand Slam,Outdoor,Hard,1st Round,3,Wang Q.,Sakkari M.,112,207.0,525,234.0,7.0,5.0,6.0,2.0,,,2.0,0.0,Completed,2.0,1.72,2.15,1.68,1.83,1.83,2.2,1.75,2.2,1.83,2.08,1.73
WTA,2015,44,New York,US Open,2015-09-01,Grand Slam,Outdoor,Hard,1st Round,3,Strycova B.,Bacsinszky T.,42,14.0,1290,2896.0,7.0,5.0,6.0,0.0,,,2.0,0.0,Completed,2.5,1.5,2.45,1.5,2.5,1.5,2.61,1.56,2.68,1.56,2.52,1.51
WTA,2015,44,New York,US Open,2015-09-01,Grand Slam,Outdoor,Hard,1st Round,3,Govortsova O.,Begu I.,68,28.0,848,1676.0,6.0,1.0,0.0,6.0,7.0,6.0,2.0,1.0,Completed,1.83,1.83,1.88,1.88,1.83,1.83,1.91,2.0,1.96,2.0,1.89,1.88
WTA,2015,44,New York,US Open,2015-09-01,Grand Slam,Outdoor,Hard,1st Round,3,Lepchenko V.,Flipkens K.,46,90.0,1234,656.0,6.0,1.0,6.0,1.0,,,2.0,0.0,Completed,1.57,2.25,1.58,2.35,1.57,2.25,1.61,2.48,1.62,2.55,1.58,2.34
WTA,2015,44,New York,US Open,2015-09-01,Grand Slam,Outdoor,Hard,1st Round,3,Knapp K.,Tomljanovic A.,34,63.0,1420,905.0,6.0,7.0,6.0,2.0,6.0,4.0,2.0,1.0,Completed,1.2,4.5,1.2,4.3,1.22,4.0,1.25,4.46,1.26,4.5,1.22,4.14
WTA,2015,44,New York,US Open,2015-09-01,Grand Slam,Outdoor,Hard,1st Round,3,Halep S.,Erakovic M.,2,99.0,6130,635.0,6.0,2.0,3.0,0.0,,,1.0,0.0,Retired,1.04,9.0,1.05,8.75,1.06,9.0,1.06,11.95,1.06,11.95,1.05,9.75
WTA,2015,44,New York,US Open,2015-09-01,Grand Slam,Outdoor,Hard,1st Round,3,Vesnina E.,Robson L.,108,618.0,568,34.0,3.0,6.0,6.0,3.0,7.0,5.0,2.0,1.0,Completed,1.5,2.5,1.52,2.45,1.57,2.25,1.59,2.53,1.6,2.55,1.54,2.44
WTA,2015,44,New York,US Open,2015-09-01,Grand Slam,Outdoor,Hard,1st Round,3,Wozniacki C.,Loeb J.,5,413.0,4740,78.0,6.0,2.0,6.0,0.0,,,2.0,0.0,Completed,1.04,11.0,1.05,9.0,1.06,9.0,1.05,14.32,1.06,14.32,1.04,10.53
WTA,2015,44,New York,US Open,2015-09-01,Grand Slam,Outdoor,Hard,1st Round,3,Ostapenko J.,Beck A.,114,227.0,516,212.0,6.0,4.0,1.0,6.0,6.0,4.0,2.0,1.0,Completed,1.8,1.9,1.75,2.05,1.73,2.0,1.83,2.1,1.83,2.15,1.76,2.04
WTA,2015,44,New York,US Open,2015-09-01,Grand Slam,Outdoor,Hard,1st Round,3,Giorgi C.,Larsson J.,36,58.0,1385,1004.0,6.0,3.0,6.0,3.0,,,2.0,0.0,Completed,1.5,2.5,1.52,2.45,1.5,2.5,1.59,2.53,1.61,2.9,1.53,2.47
WTA,2015,44,New York,US Open,2015-09-01,Grand Slam,Outdoor,Hard,1st Round,3,Barthel M.,Pironkova T.,53,44.0,1035,1255.0,5.0,7.0,7.0,6.0,6.0,1.0,2.0,1.0,Completed,1.83,1.83,1.9,1.82,2.0,1.73,1.9,2.01,2.05,2.01,1.91,1.86
WTA,2015,44,New York,US Open,2015-09-01,Grand Slam,Outdoor,Hard,1st Round,3,Bondarenko K.,Putintseva Y.,104,78.0,602,775.0,6.0,0.0,6.0,3.0,,,2.0,0.0,Completed,1.66,2.1,1.65,2.15,1.67,2.1,1.68,2.33,1.74,2.33,1.67,2.17
WTA,2015,44,New York,US Open,2015-09-01,Grand Slam,Outdoor,Hard,1st Round,3,Azarenka V.,Hradecka L.,20,56.0,2271,1015.0,6.0,1.0,6.0,2.0,,,2.0,0.0,Completed,1.08,7.5,1.11,6.0,1.12,5.5,1.09,9.28,1.12,9.5,1.09,7.21
WTA,2015,44,New York,US Open,2015-09-01,Grand Slam,Outdoor,Hard,1st Round,3,Petkovic A.,Garcia C.,18,33.0,2450,1445.0,3.0,6.0,6.0,4.0,7.0,5.0,2.0,1.0,Completed,1.57,2.25,1.65,2.2,1.62,2.2,1.66,2.37,1.67,2.4,1.61,2.28
WTA,2015,44,New York,US Open,2015-09-01,Grand Slam,Outdoor,Hard,1st Round,3,Muguruza G.,Witthoeft C.,9,49.0,3245,1090.0,6.0,2.0,6.0,4.0,,,2.0,0.0,Completed,1.28,3.5,1.28,3.5,1.29,3.5,1.33,3.64,1.33,3.75,1.29,3.53
WTA,2015,44,New York,US Open,2015-09-01,Grand Slam,Outdoor,Hard,1st Round,3,Cetkovska P.,Mchale C.,149,59.0,354,955.0,4.0,6.0,6.0,4.0,6.0,3.0,2.0,1.0,Completed,3.0,1.36,2.9,1.4,3.0,1.36,3.38,1.37,3.38,1.42,3.02,1.37
WTA,2015,44,New York,US Open,2015-09-01,Grand Slam,Outdoor,Hard,1st Round,3,Schmiedlova A.,Goerges J.,32,51.0,1451,1041.0,6.0,3.0,6.0,4.0,,,2.0,0.0,Completed,1.4,2.75,1.45,2.6,1.44,2.62,1.48,2.86,1.49,2.88,1.44,2.72
WTA,2015,44,New York,US Open,2015-09-01,Grand Slam,Outdoor,Hard,1st Round,3,Kovinic D.,Krunic A.,81,65.0,750,889.0,4.0,6.0,7.0,5.0,6.0,1.0,2.0,1.0,Completed,2.1,1.66,1.88,1.88,1.83,1.83,2.05,1.86,2.1,2.04,1.92,1.85
WTA,2015,44,New York,US Open,2015-09-01,Grand Slam,Outdoor,Hard,1st Round,3,Wickmayer Y.,Schiavone F.,92,95.0,653,647.0,6.0,3.0,6.0,1.0,,,2.0,0.0,Completed,1.36,3.0,1.42,2.8,1.44,2.62,1.44,3.03,1.44,3.1,1.4,2.87
WTA,2015,44,New York,US Open,2015-09-01,Grand Slam,Outdoor,Hard,1st Round,3,Gibbs N.,Dominguez Lino L.,117,105.0,507,601.0,6.0,3.0,3.0,6.0,6.0,4.0,2.0,1.0,Completed,1.3,3.4,1.3,3.4,1.33,3.25,1.34,3.62,1.35,3.7,1.31,3.37
WTA,2015,44,New York,US Open,2015-09-01,Grand Slam,Outdoor,Hard,1st Round,3,Lisicki S.,Sasnovich A.,24,118.0,1945,496.0,6.0,1.0,6.0,4.0,,,2.0,0.0,Completed,1.14,5.5,1.15,5.25,1.14,5.0,1.2,5.16,1.2,5.65,1.17,4.98
WTA,2015,44,New York,US Open,2015-09-01,Grand Slam,Outdoor,Hard,1st Round,3,Niculescu M.,Panova A.,41,132.0,1335,426.0,7.0,6.0,5.0,7.0,6.0,3.0,2.0,1.0,Completed,1.4,2.75,1.42,2.8,1.44,2.62,1.49,2.84,1.49,2.95,1.44,2.75
WTA,2015,44,New York,US Open,2015-09-01,Grand Slam,Outdoor,Hard,1st Round,3,Errani S.,Hibi M.,16,177.0,2610,286.0,6.0,0.0,6.0,1.0,,,2.0,0.0,Completed,1.16,5.0,1.16,5.0,1.11,6.0,1.18,5.57,1.18,5.8,1.15,5.27
WTA,2015,44,New York,US Open,2015-09-01,Grand Slam,Outdoor,Hard,1st Round,3,Rodina E.,Mrdeza T.,94,193.0,650,265.0,6.0,2.0,6.0,2.0,,,2.0,0.0,Completed,1.72,2.0,1.82,1.9,1.8,1.91,1.83,2.1,1.89,2.1,1.79,1.98
WTA,2015,44,New York,US Open,2015-09-01,Grand Slam,Outdoor,Hard,1st Round,3,Pennetta F.,Gajdosova J.,26,76.0,1747,778.0,6.0,1.0,3.0,6.0,6.0,1.0,2.0,1.0,Completed,1.28,3.5,1.33,3.2,1.36,3.0,1.37,3.42,1.37,3.5,1.33,3.24
WTA,2015,44,New York,US Open,2015-09-02,Grand Slam,Outdoor,Hard,1st Round,3,Nara K.,Cornet A.,82,27.0,740,1745.0,2.0,6.0,6.0,4.0,6.0,4.0,2.0,1.0,Completed,3.4,1.3,3.1,1.33,3.0,1.36,3.6,1.34,3.6,1.36,3.3,1.33
WTA,2015,44,New York,US Open,2015-09-02,Grand Slam,Outdoor,Hard,1st Round,3,Stosur S.,Babos T.,22,74.0,2135,786.0,6.0,3.0,6.0,4.0,,,2.0,0.0,Completed,1.36,3.0,1.38,3.0,1.36,3.0,1.4,3.22,1.4,3.25,1.37,3.04
WTA,2015,44,New York,US Open,2015-09-02,Grand Slam,Outdoor,Hard,1st Round,3,Rogers S.,Vickery S.,154,137.0,347,404.0,6.0,2.0,6.0,2.0,,,2.0,0.0,Completed,1.44,2.62,1.55,2.4,1.5,2.5,1.55,2.65,1.55,2.65,1.51,2.51
WTA,2015,44,New York,US Open,2015-09-02,Grand Slam,Outdoor,Hard,1st Round,3,Kvitova P.,Siegemund L.,4,126.0,4995,455.0,6.0,1.0,6.0,1.0,,,2.0,0.0,Completed,1.06,9.0,1.06,8.25,1.06,9.0,1.08,10.44,1.09,10.44,1.07,8.6
WTA,2015,44,New York,US Open,2015-09-02,Grand Slam,Outdoor,Hard,2nd Round,3,Brengle M.,Tatishvili A.,47,121.0,1224,485.0,6.0,3.0,6.0,2.0,,,2.0,0.0,Completed,2.37,1.53,2.6,1.48,2.62,1.5,2.56,1.58,2.7,1.58,2.53,1.51
WTA,2015,44,New York,US Open,2015-09-02,Grand Slam,Outdoor,Hard,2nd Round,3,Kasatkina D.,Konjuh A.,133,79.0,426,763.0,6.0,4.0,6.0,4.0,,,2.0,0.0,Completed,2.5,1.5,2.3,1.6,2.25,1.57,2.44,1.63,2.55,1.65,2.37,1.57
WTA,2015,44,New York,US Open,2015-09-02,Grand Slam,Outdoor,Hard,2nd Round,3,Kontaveit A.,Pavlyuchenkova A.,152,31.0,348,1550.0,7.0,5.0,6.0,4.0,,,2.0,0.0,Completed,3.25,1.33,3.2,1.33,3.0,1.36,3.58,1.34,3.6,1.38,3.26,1.33
WTA,2015,44,New York,US Open,2015-09-02,Grand Slam,Outdoor,Hard,2nd Round,3,Keys M.,Smitkova T.,19,100.0,2275,620.0,6.0,1.0,6.0,2.0,,,2.0,0.0,Completed,1.1,7.0,1.1,6.5,1.1,7.0,1.12,7.58,1.13,7.58,1.1,6.69
WTA,2015,44,New York,US Open,2015-09-02,Grand Slam,Outdoor,Hard,2nd Round,3,Vinci R.,Allertova D.,43,77.0,1260,777.0,2.0,6.0,6.0,3.0,6.0,1.0,2.0,1.0,Completed,1.3,3.4,1.28,3.5,1.29,3.5,1.28,4.08,1.33,4.08,1.27,3.64
WTA,2015,44,New York,US Open,2015-09-02,Grand Slam,Outdoor,Hard,2nd Round,3,Radwanska A.,Linette M.,15,91.0,2760,654.0,6.0,3.0,6.0,2.0,,,2.0,0.0,Completed,1.04,11.0,1.05,9.0,1.05,10.0,1.07,11.12,1.07,11.38,1.05,9.74
WTA,2015,44,New York,US Open,2015-09-02,Grand Slam,Outdoor,Hard,2nd Round,3,Mattek-Sands B.,Vandeweghe C.,101,45.0,609,1245.0,6.0,2.0,6.0,1.0,,,2.0,0.0,Completed,2.5,1.5,2.7,1.45,2.62,1.5,2.8,1.5,2.8,1.55,2.64,1.47
WTA,2015,44,New York,US Open,2015-09-02,Grand Slam,Outdoor,Hard,2nd Round,3,Mladenovic K.,Jovanovski B.,40,98.0,1335,637.0,7.0,5.0,6.0,1.0,,,2.0,0.0,Completed,1.25,3.75,1.22,4.0,1.25,3.75,1.28,4.08,1.28,4.51,1.24,3.95
WTA,2015,44,New York,US Open,2015-09-02,Grand Slam,Outdoor,Hard,2nd Round,3,Cibulkova D.,Pegula J.,50,260.0,1066,173.0,5.0,7.0,7.0,5.0,6.0,3.0,2.0,1.0,Completed,1.22,4.0,1.2,4.3,1.2,4.33,1.23,4.73,1.25,4.9,1.2,4.36
WTA,2015,44,New York,US Open,2015-09-02,Grand Slam,Outdoor,Hard,2nd Round,3,Williams S.,Bertens K.,1,110.0,12721,565.0,7.0,6.0,6.0,3.0,,,2.0,0.0,Completed,1.01,21.0,1.01,13.0,1.02,17.0,1.02,23.51,1.02,28.5,1.01,18.41
WTA,2015,44,New York,US Open,2015-09-02,Grand Slam,Outdoor,Hard,2nd Round,3,Bouchard E.,Hercog P.,25,64.0,1887,900.0,6.0,3.0,6.0,7.0,6.0,3.0,2.0,1.0,Completed,1.9,1.8,2.1,1.7,2.0,1.8,1.93,1.98,2.1,2.11,1.93,1.85
WTA,2015,44,New York,US Open,2015-09-02,Grand Slam,Outdoor,Hard,2nd Round,3,Duque Marino M.,Dodin O.,96,128.0,640,439.0,6.0,1.0,5.0,7.0,6.0,2.0,2.0,1.0,Completed,1.5,2.5,1.45,2.7,1.5,2.5,1.55,2.65,1.6,2.71,1.5,2.54
WTA,2015,44,New York,US Open,2015-09-02,Grand Slam,Outdoor,Hard,2nd Round,3,Svitolina E.,Kanepi K.,17,89.0,2530,656.0,6.0,3.0,6.0,4.0,,,2.0,0.0,Completed,1.25,3.75,1.25,3.75,1.29,3.75,1.29,3.99,1.3,4.3,1.27,3.72
WTA,2015,44,New York,US Open,2015-09-02,Grand Slam,Outdoor,Hard,2nd Round,3,Bencic B.,Doi M.,12,88.0,3035,657.0,5.0,7.0,7.0,6.0,6.0,3.0,2.0,1.0,Completed,1.1,7.0,1.14,5.25,1.1,7.0,1.1,8.49,1.14,8.49,1.1,6.78
WTA,2015,44,New York,US Open,2015-09-03,Grand Slam,Outdoor,Hard,2nd Round,3,Williams V.,Falconi I.,23,73.0,2072,790.0,6.0,3.0,6.0,7.0,6.0,2.0,2.0,1.0,Completed,1.2,4.33,1.25,3.75,1.29,3.75,1.24,4.65,1.29,4.65,1.23,4.07
WTA,2015,44,New York,US Open,2015-09-03,Grand Slam,Outdoor,Hard,2nd Round,3,Makarova E.,Davis L.,13,84.0,2920,725.0,6.0,1.0,6.0,2.0,,,2.0,0.0,Completed,1.18,4.5,1.18,4.5,1.2,4.5,1.22,4.97,1.22,5.0,1.19,4.58
WTA,2015,44,New York,US Open,2015-09-03,Grand Slam,Outdoor,Hard,2nd Round,3,Errani S.,Ostapenko J.,16,114.0,2610,516.0,0.0,6.0,6.0,4.0,6.0,3.0,2.0,1.0,Completed,1.18,4.5,1.22,4.0,1.25,4.0,1.23,4.69,1.25,4.7,1.22,4.16
WTA,2015,44,New York,US Open,2015-09-03,Grand Slam,Outdoor,Hard,2nd Round,3,Konta J.,Muguruza G.,97,9.0,638,3245.0,7.0,6.0,6.0,7.0,6.0,2.0,2.0,1.0,Completed,2.75,1.4,2.8,1.42,2.75,1.44,2.94,1.46,2.95,1.5,2.78,1.43
WTA,2015,44,New York,US Open,2015-09-03,Grand Slam,Outdoor,Hard,2nd Round,3,Petkovic A.,Vesnina E.,18,108.0,2450,568.0,6.0,3.0,7.0,6.0,,,2.0,0.0,Completed,1.18,4.5,1.18,4.5,1.2,4.33,1.2,5.16,1.22,5.16,1.19,4.6
WTA,2015,44,New York,US Open,2015-09-03,Grand Slam,Outdoor,Hard,2nd Round,3,Stosur S.,Rodina E.,22,94.0,2135,650.0,6.0,1.0,6.0,1.0,,,2.0,0.0,Completed,1.12,6.0,1.12,5.75,1.14,5.5,1.14,6.76,1.16,6.88,1.12,5.94
WTA,2015,44,New York,US Open,2015-09-03,Grand Slam,Outdoor,Hard,2nd Round,3,Lepchenko V.,Tsurenko L.,46,37.0,1234,1382.0,7.0,6.0,6.0,2.0,,,2.0,0.0,Completed,2.62,1.44,2.6,1.48,2.5,1.5,2.51,1.6,2.75,1.6,2.51,1.51
WTA,2015,44,New York,US Open,2015-09-03,Grand Slam,Outdoor,Hard,2nd Round,3,Azarenka V.,Wickmayer Y.,20,92.0,2271,653.0,7.0,5.0,6.0,4.0,,,2.0,0.0,Completed,1.07,9.0,1.07,8.0,1.07,8.5,1.07,10.98,1.08,10.98,1.07,8.79
WTA,2015,44,New York,US Open,2015-09-03,Grand Slam,Outdoor,Hard,2nd Round,3,Strycova B.,Wang Q.,42,112.0,1290,525.0,6.0,2.0,4.0,6.0,7.0,5.0,2.0,1.0,Completed,1.22,4.0,1.22,4.0,1.25,3.75,1.26,4.36,1.27,4.36,1.24,4.03
WTA,2015,44,New York,US Open,2015-09-03,Grand Slam,Outdoor,Hard,2nd Round,3,Kerber A.,Knapp K.,11,34.0,3150,1420.0,7.0,5.0,6.0,2.0,,,2.0,0.0,Completed,1.12,6.0,1.13,5.5,1.14,5.5,1.14,6.63,1.15,6.63,1.13,5.88
WTA,2015,44,New York,US Open,2015-09-03,Grand Slam,Outdoor,Hard,2nd Round,3,Barthel M.,Govortsova O.,53,68.0,1035,848.0,2.0,6.0,6.0,2.0,6.0,4.0,2.0,1.0,Completed,1.66,2.1,1.7,2.1,1.73,2.0,1.79,2.14,1.79,2.2,1.71,2.11
WTA,2015,44,New York,US Open,2015-09-03,Grand Slam,Outdoor,Hard,2nd Round,3,Halep S.,Bondarenko K.,2,104.0,6130,602.0,6.0,3.0,6.0,4.0,,,2.0,0.0,Completed,1.1,7.0,1.09,7.0,1.08,8.0,1.16,6.22,1.16,9.0,1.11,6.78
WTA,2015,44,New York,US Open,2015-09-03,Grand Slam,Outdoor,Hard,2nd Round,3,Rogers S.,Nara K.,154,82.0,347,740.0,6.0,4.0,6.0,4.0,,,2.0,0.0,Completed,1.9,1.8,1.9,1.82,1.91,1.8,2.11,1.81,2.11,1.85,1.99,1.79
WTA,2015,44,New York,US Open,2015-09-03,Grand Slam,Outdoor,Hard,2nd Round,3,Lisicki S.,Giorgi C.,24,36.0,1945,1385.0,6.0,4.0,6.0,0.0,,,2.0,0.0,Completed,1.53,2.37,1.55,2.4,1.57,2.38,1.63,2.44,1.63,2.55,1.58,2.36
WTA,2015,44,New York,US Open,2015-09-03,Grand Slam,Outdoor,Hard,2nd Round,3,Kvitova P.,Gibbs N.,4,117.0,4995,507.0,6.0,3.0,6.0,4.0,,,2.0,0.0,Completed,1.05,11.0,1.05,9.0,1.05,10.0,1.06,12.75,1.07,12.75,1.05,10.25
WTA,2015,44,New York,US Open,2015-09-03,Grand Slam,Outdoor,Hard,2nd Round,3,Schmiedlova A.,Kovinic D.,32,81.0,1451,750.0,6.0,4.0,5.0,7.0,6.0,4.0,2.0,1.0,Completed,1.16,5.0,1.17,4.75,1.2,4.33,1.21,5.04,1.21,5.2,1.18,4.84
WTA,2015,44,New York,US Open,2015-09-04,Grand Slam,Outdoor,Hard,2nd Round,3,Pennetta F.,Niculescu M.,26,41.0,1747,1335.0,6.0,1.0,6.0,4.0,,,2.0,0.0,Completed,1.36,3.0,1.35,3.1,1.44,2.62,1.42,3.13,1.42,3.29,1.38,3.01
WTA,2015,44,New York,US Open,2015-09-04,Grand Slam,Outdoor,Hard,2nd Round,3,Cetkovska P.,Wozniacki C.,149,5.0,354,4740.0,6.0,4.0,5.0,7.0,7.0,6.0,2.0,1.0,Completed,6.5,1.11,5.75,1.12,5.5,1.14,7.05,1.13,7.05,1.14,6.1,1.12
WTA,2015,44,New York,US Open,2015-09-04,Grand Slam,Outdoor,Hard,3rd Round,3,Mladenovic K.,Kasatkina D.,40,133.0,1335,426.0,6.0,2.0,6.0,3.0,,,2.0,0.0,Completed,1.4,3.0,1.33,3.2,1.33,3.4,1.43,3.12,1.43,3.4,1.36,3.12
WTA,2015,44,New York,US Open,2015-09-04,Grand Slam,Outdoor,Hard,3rd Round,3,Makarova E.,Svitolina E.,13,17.0,2920,2530.0,6.0,3.0,7.0,5.0,,,2.0,0.0,Completed,1.61,2.3,1.62,2.25,1.62,2.25,1.68,2.36,1.7,2.5,1.63,2.27
WTA,2015,44,New York,US Open,2015-09-04,Grand Slam,Outdoor,Hard,3rd Round,3,Williams V.,Bencic B.,23,12.0,2072,3035.0,6.0,3.0,6.0,4.0,,,2.0,0.0,Completed,2.2,1.66,2.15,1.68,2.2,1.67,2.2,1.77,2.3,1.77,2.18,1.68
WTA,2015,44,New York,US Open,2015-09-04,Grand Slam,Outdoor,Hard,3rd Round,3,Vinci R.,Duque Marino M.,43,96.0,1260,640.0,6.0,1.0,5.0,7.0,6.0,2.0,2.0,1.0,Completed,1.28,3.75,1.28,3.5,1.29,3.75,1.31,3.88,1.31,3.9,1.29,3.56
WTA,2015,44,New York,US Open,2015-09-04,Grand Slam,Outdoor,Hard,3rd Round,3,Kontaveit A.,Brengle M.,152,47.0,348,1224.0,6.0,2.0,3.0,6.0,6.0,0.0,2.0,1.0,Completed,2.0,1.8,2.0,1.8,2.1,1.73,2.1,1.84,2.12,1.91,2.02,1.78
WTA,2015,44,New York,US Open,2015-09-04,Grand Slam,Outdoor,Hard,3rd Round,3,Bouchard E.,Cibulkova D.,25,50.0,1887,1066.0,7.0,6.0,4.0,6.0,6.0,3.0,2.0,1.0,Completed,2.2,1.66,2.15,1.68,2.1,1.73,2.33,1.69,2.33,1.73,2.19,1.67
WTA,2015,44,New York,US Open,2015-09-05,Grand Slam,Outdoor,Hard,3rd Round,3,Williams S.,Mattek-Sands B.,1,101.0,12721,609.0,3.0,6.0,7.0,5.0,6.0,0.0,2.0,1.0,Completed,1.04,13.0,1.04,10.0,1.03,12.0,1.06,13.84,1.06,16.3,1.04,11.85
WTA,2015,44,New York,US Open,2015-09-05,Grand Slam,Outdoor,Hard,3rd Round,3,Keys M.,Radwanska A.,19,15.0,2275,2760.0,6.0,3.0,6.0,2.0,,,2.0,0.0,Completed,2.2,1.66,2.2,1.65,2.25,1.62,2.2,1.77,2.3,1.8,2.14,1.7
WTA,2015,44,New York,US Open,2015-09-05,Grand Slam,Outdoor,Hard,3rd Round,3,Konta J.,Petkovic A.,97,18.0,638,2450.0,7.0,6.0,6.0,3.0,,,2.0,0.0,Completed,2.3,1.61,2.3,1.6,2.25,1.62,2.45,1.64,2.45,1.65,2.33,1.6
WTA,2015,44,New York,US Open,2015-09-05,Grand Slam,Outdoor,Hard,3rd Round,3,Kvitova P.,Schmiedlova A.,4,32.0,4995,1451.0,6.0,2.0,6.0,1.0,,,2.0,0.0,Completed,1.2,4.5,1.18,4.5,1.2,4.5,1.22,4.96,1.22,5.0,1.2,4.57
WTA,2015,44,New York,US Open,2015-09-05,Grand Slam,Outdoor,Hard,3rd Round,3,Stosur S.,Errani S.,22,16.0,2135,2610.0,7.0,5.0,2.0,6.0,6.0,1.0,2.0,1.0,Completed,1.36,3.25,1.3,3.4,1.33,3.4,1.39,3.34,1.39,3.7,1.33,3.31
WTA,2015,44,New York,US Open,2015-09-05,Grand Slam,Outdoor,Hard,3rd Round,3,Azarenka V.,Kerber A.,20,11.0,2271,3150.0,7.0,5.0,2.0,6.0,6.0,4.0,2.0,1.0,Completed,1.44,2.75,1.42,2.8,1.44,2.75,1.43,3.1,1.5,3.1,1.43,2.81
WTA,2015,44,New York,US Open,2015-09-05,Grand Slam,Outdoor,Hard,3rd Round,3,Pennetta F.,Cetkovska P.,26,149.0,1747,354.0,1.0,6.0,6.0,1.0,6.0,4.0,2.0,1.0,Completed,1.33,3.4,1.3,3.4,1.3,3.5,1.4,3.28,1.4,3.6,1.34,3.25
WTA,2015,44,New York,US Open,2015-09-05,Grand Slam,Outdoor,Hard,3rd Round,3,Lepchenko V.,Barthel M.,46,53.0,1234,1035.0,1.0,6.0,6.0,3.0,6.0,4.0,2.0,1.0,Completed,1.53,2.5,1.55,2.4,1.57,2.38,1.62,2.49,1.63,2.56,1.57,2.38
WTA,2015,44,New York,US Open,2015-09-06,Grand Slam,Outdoor,Hard,3rd Round,3,Lisicki S.,Strycova B.,24,42.0,1945,1290.0,6.0,4.0,4.0,6.0,7.0,5.0,2.0,1.0,Completed,1.4,3.0,1.38,3.0,1.4,3.0,1.46,3.0,1.46,3.2,1.4,2.94
WTA,2015,44,New York,US Open,2015-09-06,Grand Slam,Outdoor,Hard,3rd Round,3,Halep S.,Rogers S.,2,154.0,6130,347.0,6.0,2.0,6.0,3.0,,,2.0,0.0,Completed,1.05,11.0,1.06,8.5,1.06,9.0,1.07,11.93,1.08,11.93,1.06,9.76
WTA,2015,44,New York,US Open,2015-09-06,Grand Slam,Outdoor,Hard,4th Round,3,Williams V.,Kontaveit A.,23,152.0,2072,348.0,6.0,2.0,6.0,1.0,,,2.0,0.0,Completed,1.25,4.0,1.18,4.5,1.2,4.5,1.27,4.26,1.28,4.8,1.23,4.19
WTA,2015,44,New York,US Open,2015-09-06,Grand Slam,Outdoor,Hard,4th Round,3,Williams S.,Keys M.,1,19.0,12721,2275.0,6.0,3.0,6.0,3.0,,,2.0,0.0,Completed,1.2,4.5,1.18,4.5,1.22,4.33,1.25,4.55,1.25,4.9,1.21,4.42
WTA,2015,44,New York,US Open,2015-09-07,Grand Slam,Outdoor,Hard,4th Round,3,Vinci R.,Bouchard E.,43,25.0,1260,1887.0,,,,,,,,,Walkover,1.53,2.5,1.55,2.35,1.53,2.5,1.58,2.58,1.6,2.6,1.54,2.43
WTA,2015,44,New York,US Open,2015-09-07,Grand Slam,Outdoor,Hard,4th Round,3,Mladenovic K.,Makarova E.,40,13.0,1335,2920.0,7.0,6.0,4.0,6.0,6.0,1.0,2.0,1.0,Completed,2.5,1.53,2.4,1.55,2.38,1.57,2.57,1.58,2.6,1.62,2.45,1.55
WTA,2015,44,New York,US Open,2015-09-07,Grand Slam,Outdoor,Hard,4th Round,3,Azarenka V.,Lepchenko V.,20,46.0,2271,1234.0,6.0,3.0,6.0,4.0,,,2.0,0.0,Completed,1.1,7.0,1.1,6.5,1.12,6.0,1.13,7.65,1.13,8.0,1.1,6.8
WTA,2015,44,New York,US Open,2015-09-07,Grand Slam,Outdoor,Hard,4th Round,3,Halep S.,Lisicki S.,2,24.0,6130,1945.0,6.0,7.0,7.0,5.0,6.0,2.0,2.0,1.0,Completed,1.2,4.5,1.2,4.3,1.2,4.5,1.24,4.66,1.25,4.87,1.21,4.44
WTA,2015,44,New York,US Open,2015-09-07,Grand Slam,Outdoor,Hard,4th Round,3,Pennetta F.,Stosur S.,26,22.0,1747,2135.0,6.0,4.0,6.0,4.0,,,2.0,0.0,Completed,1.61,2.3,1.68,2.15,1.67,2.2,1.67,2.38,1.73,2.38,1.65,2.23
WTA,2015,44,New York,US Open,2015-09-08,Grand Slam,Outdoor,Hard,4th Round,3,Kvitova P.,Konta J.,4,97.0,4995,638.0,7.0,5.0,6.0,3.0,,,2.0,0.0,Completed,1.16,5.0,1.16,4.9,1.17,5.0,1.2,5.37,1.22,5.37,1.18,4.86
WTA,2015,44,New York,US Open,2015-09-08,Grand Slam,Outdoor,Hard,Quarterfinals,3,Vinci R.,Mladenovic K.,43,40.0,1260,1335.0,6.0,3.0,5.0,7.0,6.0,4.0,2.0,1.0,Completed,2.3,1.61,2.35,1.58,2.25,1.62,2.28,1.72,2.45,1.72,2.32,1.6
WTA,2015,44,New York,US Open,2015-09-09,Grand Slam,Outdoor,Hard,Quarterfinals,3,Williams S.,Williams V.,1,23.0,12721,2072.0,6.0,2.0,1.0,6.0,6.0,3.0,2.0,1.0,Completed,1.11,6.5,1.1,6.5,1.1,7.0,1.16,6.31,1.16,8.0,1.12,6.37
WTA,2015,44,New York,US Open,2015-09-09,Grand Slam,Outdoor,Hard,Quarterfinals,3,Pennetta F.,Kvitova P.,26,4.0,1747,4995.0,4.0,6.0,6.0,4.0,6.0,2.0,2.0,1.0,Completed,3.5,1.3,3.4,1.3,3.4,1.33,3.92,1.31,3.92,1.33,3.56,1.3
WTA,2015,44,New York,US Open,2015-09-09,Grand Slam,Outdoor,Hard,Quarterfinals,3,Halep S.,Azarenka V.,2,20.0,6130,2271.0,6.0,3.0,4.0,6.0,6.0,4.0,2.0,1.0,Completed,2.75,1.44,2.6,1.48,2.75,1.44,3.1,1.43,3.1,1.48,2.86,1.42
WTA,2015,44,New York,US Open,2015-09-11,Grand Slam,Outdoor,Hard,Semifinals,3,Pennetta F.,Halep S.,26,2.0,1747,6130.0,6.0,1.0,6.0,3.0,,,2.0,0.0,Completed,3.75,1.28,3.5,1.28,3.5,1.3,3.82,1.33,3.95,1.33,3.59,1.3
WTA,2015,44,New York,US Open,2015-09-11,Grand Slam,Outdoor,Hard,Semifinals,3,Vinci R.,Williams S.,43,1.0,1260,12721.0,2.0,6.0,6.0,4.0,6.0,4.0,2.0,1.0,Completed,15.0,1.03,10.0,1.04,11.0,1.04,16.6,1.05,17.0,1.06,12.12,1.04
WTA,2015,44,New York,US Open,2015-09-12,Grand Slam,Outdoor,Hard,The Final,3,Pennetta F.,Vinci R.,26,43.0,1747,1260.0,7.0,6.0,6.0,2.0,,,2.0,0.0,Completed,1.4,3.0,1.4,2.9,1.4,3.2,1.38,3.42,1.45,3.45,1.41,3.0
