Tour,Year,WTA,Location,Tournament,Date,Tier,Court,Surface,Round,Best of,Winner,Loser,WRank,LRank,WPts,LPts,W1,L1,W2,L2,W3,L3,Wsets,Lsets,Comment,B365W,B365L,PSW,PSL,MaxW,MaxL,AvgW,AvgL
WTA,2022,6,Melbourne,Australian Open,2022-01-17,Grand Slam,Outdoor,Hard,1st Round,3,Anisimova A.,Hartono A.,60.0,189.0,1060.0,363.0,2.0,6.0,6.0,4.0,6.0,3.0,2.0,1.0,Completed,1.1,7.0,1.09,8.85,1.11,9.0,1.08,7.85
WTA,2022,6,Melbourne,Australian Open,2022-01-17,Grand Slam,Outdoor,Hard,1st Round,3,Zheng Q.,Sasnovich A.,108.0,76.0,719.0,923.0,6.0,3.0,1.0,6.0,7.0,6.0,2.0,1.0,Completed,2.1,1.72,2.26,1.7,2.28,1.8,2.15,1.71
WTA,2022,6,Melbourne,Australian Open,2022-01-17,Grand Slam,Outdoor,Hard,1st Round,3,Svitolina E.,Ferro F.,17.0,101.0,2641.0,758.0,6.0,1.0,7.0,6.0,,,2.0,0.0,Completed,1.22,4.33,1.25,4.38,1.25,4.59,1.22,4.26
WTA,2022,6,Melbourne,Australian Open,2022-01-17,Grand Slam,Outdoor,Hard,1st Round,3,Tan H.,Putintseva Y.,107.0,42.0,721.0,1400.0,6.0,3.0,6.0,3.0,,,2.0,0.0,Completed,3.4,1.33,3.58,1.33,3.66,1.35,3.44,1.31
WTA,2022,6,Melbourne,Australian Open,2022-01-17,Grand Slam,Outdoor,Hard,1st Round,3,Bencic B.,Mladenovic K.,22.0,88.0,2415.0,860.0,6.0,4.0,6.0,3.0,,,2.0,0.0,Completed,1.14,5.5,1.12,7.43,1.17,7.5,1.13,6.02
WTA,2022,6,Melbourne,Australian Open,2022-01-17,Grand Slam,Outdoor,Hard,1st Round,3,Giorgi C.,Potapova A.,33.0,68.0,1692.0,1015.0,6.0,4.0,6.0,0.0,,,2.0,0.0,Completed,1.8,2.0,1.79,2.13,1.9,2.13,1.8,2.01
WTA,2022,6,Melbourne,Australian Open,2022-01-17,Grand Slam,Outdoor,Hard,1st Round,3,Sakkari M.,Maria T.,8.0,287.0,4071.0,234.0,6.0,4.0,7.0,6.0,,,2.0,0.0,Completed,1.03,15.0,1.03,17.17,1.03,19.0,1.02,14.68
WTA,2022,6,Melbourne,Australian Open,2022-01-17,Grand Slam,Outdoor,Hard,1st Round,3,Sorribes Tormo S.,Flipkens K.,35.0,326.0,1588.0,192.0,6.0,4.0,6.0,1.0,,,2.0,0.0,Completed,1.22,4.33,1.28,3.99,1.28,4.5,1.24,4.03
WTA,2022,6,Melbourne,Australian Open,2022-01-17,Grand Slam,Outdoor,Hard,1st Round,3,Pera B.,Alexandrova E.,105.0,45.0,728.0,1356.0,7.0,5.0,6.0,3.0,,,2.0,0.0,Completed,2.62,1.5,2.97,1.44,3.0,1.52,2.83,1.43
WTA,2022,6,Melbourne,Australian Open,2022-01-17,Grand Slam,Outdoor,Hard,1st Round,3,Osaka N.,Osorio M.,14.0,50.0,2696.0,1167.0,6.0,3.0,6.0,3.0,,,2.0,0.0,Completed,1.07,9.0,1.08,9.32,1.1,11.0,1.07,8.53
WTA,2022,6,Melbourne,Australian Open,2022-01-17,Grand Slam,Outdoor,Hard,1st Round,3,Kostyuk M.,Parry D.,66.0,114.0,1030.0,682.0,6.0,1.0,7.0,6.0,,,2.0,0.0,Completed,1.2,4.5,1.17,5.78,1.2,6.0,1.16,5.14
WTA,2022,6,Melbourne,Australian Open,2022-01-17,Grand Slam,Outdoor,Hard,1st Round,3,Martincova T.,Davis L.,47.0,90.0,1226.0,852.0,7.0,5.0,6.0,2.0,,,2.0,0.0,Completed,1.61,2.3,1.69,2.28,1.69,2.33,1.65,2.24
WTA,2022,6,Melbourne,Australian Open,2022-01-17,Grand Slam,Outdoor,Hard,1st Round,3,Brengle M.,Yastremska D.,54.0,144.0,1132.0,502.0,6.0,1.0,0.0,6.0,5.0,0.0,1.0,1.0,Retired,2.2,1.66,2.17,1.76,2.3,1.76,2.17,1.69
WTA,2022,6,Melbourne,Australian Open,2022-01-17,Grand Slam,Outdoor,Hard,1st Round,3,Zanevska M.,Juvan K.,80.0,89.0,892.0,858.0,7.0,6.0,7.0,6.0,,,2.0,0.0,Completed,2.2,1.66,2.38,1.64,2.45,1.7,2.26,1.63
WTA,2022,6,Melbourne,Australian Open,2022-01-17,Grand Slam,Outdoor,Hard,1st Round,3,Van Uytvanck A.,Bucsa C.,55.0,154.0,1125.0,444.0,6.0,3.0,6.0,4.0,,,2.0,0.0,Completed,1.33,3.4,1.31,3.74,1.35,4.0,1.3,3.51
WTA,2022,6,Melbourne,Australian Open,2022-01-17,Grand Slam,Outdoor,Hard,1st Round,3,Bronzetti L.,Gracheva V.,142.0,78.0,511.0,907.0,3.0,6.0,6.0,2.0,6.0,3.0,2.0,1.0,Completed,2.3,1.61,2.09,1.82,2.36,1.83,2.12,1.73
WTA,2022,6,Melbourne,Australian Open,2022-01-17,Grand Slam,Outdoor,Hard,1st Round,3,Parrizas Diaz N.,Bara I.,63.0,134.0,1043.0,573.0,6.0,3.0,6.0,1.0,,,2.0,0.0,Completed,1.33,3.4,,,1.5,2.5,1.5,2.5
WTA,2022,6,Melbourne,Australian Open,2022-01-17,Grand Slam,Outdoor,Hard,1st Round,3,Pegula J.,Kalinina A.,21.0,49.0,2474.0,1188.0,4.0,6.0,7.0,6.0,7.0,5.0,2.0,1.0,Completed,1.33,3.4,1.38,3.29,1.41,3.6,1.35,3.19
WTA,2022,6,Melbourne,Australian Open,2022-01-17,Grand Slam,Outdoor,Hard,1st Round,3,Azarenka V.,Udvardy P.,25.0,95.0,2166.0,811.0,6.0,3.0,6.0,1.0,,,2.0,0.0,Completed,1.05,11.0,1.03,18.64,1.07,18.64,1.05,11.0
WTA,2022,6,Melbourne,Australian Open,2022-01-17,Grand Slam,Outdoor,Hard,1st Round,3,Kudermetova V.,Liu C.,32.0,93.0,1695.0,838.0,6.0,4.0,6.0,4.0,,,2.0,0.0,Completed,1.33,3.4,1.4,3.17,1.4,3.8,1.34,3.29
WTA,2022,6,Melbourne,Australian Open,2022-01-17,Grand Slam,Outdoor,Hard,1st Round,3,Wang Q.,Gauff C.,110.0,16.0,714.0,2655.0,6.0,4.0,6.0,2.0,,,2.0,0.0,Completed,8.0,1.08,8.33,1.1,11.0,1.12,8.22,1.08
WTA,2022,6,Melbourne,Australian Open,2022-01-17,Grand Slam,Outdoor,Hard,1st Round,3,Wang Xiy.,Kuzmova V.,139.0,160.0,547.0,429.0,7.0,5.0,6.0,3.0,,,2.0,0.0,Completed,2.2,1.66,2.35,1.65,2.45,1.66,2.3,1.62
WTA,2022,6,Melbourne,Australian Open,2022-01-17,Grand Slam,Outdoor,Hard,1st Round,3,Ostapenko J.,Schmiedlova A.,27.0,87.0,2035.0,862.0,6.0,7.0,6.0,4.0,6.0,1.0,2.0,1.0,Completed,1.25,4.0,1.28,4.07,1.28,4.4,1.25,3.91
WTA,2022,6,Melbourne,Australian Open,2022-01-17,Grand Slam,Outdoor,Hard,1st Round,3,Krejcikova B.,Petkovic A.,4.0,73.0,5213.0,949.0,6.0,2.0,6.0,0.0,,,2.0,0.0,Completed,1.16,5.0,1.2,5.13,1.21,5.7,1.16,5.14
WTA,2022,6,Melbourne,Australian Open,2022-01-17,Grand Slam,Outdoor,Hard,1st Round,3,Ruse E.G.,Paolini J.,72.0,52.0,951.0,1153.0,6.0,1.0,6.0,3.0,,,2.0,0.0,Completed,2.0,1.8,2.22,1.73,2.22,1.84,2.07,1.75
WTA,2022,6,Melbourne,Australian Open,2022-01-17,Grand Slam,Outdoor,Hard,1st Round,3,Riske A.,Vekic D.,46.0,79.0,1271.0,896.0,6.0,2.0,6.0,2.0,,,2.0,0.0,Completed,1.66,2.2,1.85,2.04,1.86,2.2,1.76,2.07
WTA,2022,6,Melbourne,Australian Open,2022-01-17,Grand Slam,Outdoor,Hard,1st Round,3,Trevisan M.,Hibino N.,111.0,125.0,713.0,598.0,6.0,2.0,6.0,3.0,,,2.0,0.0,Completed,1.5,2.62,1.54,2.6,1.58,2.67,1.53,2.48
WTA,2022,6,Melbourne,Australian Open,2022-01-17,Grand Slam,Outdoor,Hard,1st Round,3,Keys M.,Kenin S.,51.0,13.0,1153.0,2762.0,7.0,6.0,7.0,5.0,,,2.0,0.0,Completed,1.53,2.5,1.48,2.82,1.65,3.05,1.48,2.67
WTA,2022,6,Melbourne,Australian Open,2022-01-17,Grand Slam,Outdoor,Hard,1st Round,3,Teichmann J.,Martic P.,34.0,57.0,1620.0,1097.0,6.0,3.0,6.0,3.0,,,2.0,0.0,Completed,1.44,2.75,1.44,3.0,1.48,3.15,1.42,2.85
WTA,2022,6,Melbourne,Australian Open,2022-01-17,Grand Slam,Outdoor,Hard,1st Round,3,Barty A.,Tsurenko L.,1.0,119.0,7111.0,634.0,6.0,0.0,6.0,1.0,,,2.0,0.0,Completed,1.05,11.0,1.03,16.3,1.05,20.0,1.03,12.92
WTA,2022,6,Melbourne,Australian Open,2022-01-17,Grand Slam,Outdoor,Hard,1st Round,3,Cristian J.,Minnen G.,69.0,84.0,991.0,867.0,7.0,5.0,6.0,4.0,,,2.0,0.0,Completed,1.8,2.0,1.76,2.16,1.82,2.16,1.75,2.07
WTA,2022,6,Melbourne,Australian Open,2022-01-17,Grand Slam,Outdoor,Hard,1st Round,3,Badosa P.,Tomljanovic A.,6.0,43.0,4264.0,1395.0,6.0,4.0,6.0,0.0,,,2.0,0.0,Completed,1.22,4.33,1.23,4.5,1.26,5.16,1.21,4.28
WTA,2022,6,Melbourne,Australian Open,2022-01-18,Grand Slam,Outdoor,Hard,1st Round,3,Cornet A.,Tomova V.,61.0,118.0,1050.0,639.0,6.0,3.0,6.0,3.0,,,2.0,0.0,Completed,1.33,3.4,1.38,3.29,1.38,3.45,1.34,3.24
WTA,2022,6,Melbourne,Australian Open,2022-01-18,Grand Slam,Outdoor,Hard,1st Round,3,Peterson R.,Saville D.,82.0,426.0,871.0,122.0,6.0,2.0,6.0,3.0,,,2.0,0.0,Completed,1.57,2.37,1.7,2.26,1.7,2.44,1.63,2.28
WTA,2022,6,Melbourne,Australian Open,2022-01-18,Grand Slam,Outdoor,Hard,1st Round,3,Stosur S.,Anderson R.,487.0,169.0,97.0,412.0,6.0,7.0,6.0,3.0,6.0,3.0,2.0,1.0,Completed,2.1,1.72,2.03,1.86,2.21,1.86,2.08,1.76
WTA,2022,6,Melbourne,Australian Open,2022-01-18,Grand Slam,Outdoor,Hard,1st Round,3,Kucova K.,Doi M.,96.0,75.0,807.0,926.0,6.0,3.0,7.0,5.0,,,2.0,0.0,Completed,2.3,1.61,2.36,1.65,2.44,1.68,2.31,1.61
WTA,2022,6,Melbourne,Australian Open,2022-01-18,Grand Slam,Outdoor,Hard,1st Round,3,Cirstea S.,Kvitova P.,38.0,19.0,1502.0,2530.0,6.0,2.0,6.0,2.0,,,2.0,0.0,Completed,2.75,1.44,2.67,1.53,2.8,1.58,2.56,1.51
WTA,2022,6,Melbourne,Australian Open,2022-01-18,Grand Slam,Outdoor,Hard,1st Round,3,Begu I.,Dodin O.,64.0,85.0,1033.0,866.0,2.0,6.0,7.0,5.0,6.0,3.0,2.0,1.0,Completed,1.4,3.0,1.43,3.04,1.44,3.26,1.4,2.96
WTA,2022,6,Melbourne,Australian Open,2022-01-18,Grand Slam,Outdoor,Hard,1st Round,3,Mertens E.,Zvonareva V.,26.0,91.0,2091.0,846.0,6.0,4.0,7.0,5.0,,,2.0,0.0,Completed,1.36,3.2,1.38,3.28,1.4,3.52,1.35,3.18
WTA,2022,6,Melbourne,Australian Open,2022-01-18,Grand Slam,Outdoor,Hard,1st Round,3,Muguruza G.,Burel C.,3.0,77.0,5425.0,914.0,6.0,3.0,6.0,4.0,,,2.0,0.0,Completed,1.11,6.5,1.09,8.66,1.12,8.75,1.1,7.18
WTA,2022,6,Melbourne,Australian Open,2022-01-18,Grand Slam,Outdoor,Hard,1st Round,3,Kontaveit A.,Siniakova K.,7.0,48.0,4231.0,1220.0,6.0,2.0,6.0,3.0,,,2.0,0.0,Completed,1.1,7.0,1.1,8.3,1.13,8.5,1.09,7.45
WTA,2022,6,Melbourne,Australian Open,2022-01-18,Grand Slam,Outdoor,Hard,1st Round,3,Vondrousova M.,Hon P.,41.0,221.0,1447.0,320.0,6.0,2.0,6.0,3.0,,,2.0,0.0,Completed,1.14,5.5,1.17,5.73,1.18,5.99,1.16,5.27
WTA,2022,6,Melbourne,Australian Open,2022-01-18,Grand Slam,Outdoor,Hard,1st Round,3,Swiatek I.,Dart H.,9.0,123.0,3916.0,619.0,6.0,3.0,6.0,0.0,,,2.0,0.0,Completed,1.07,9.0,1.07,10.75,1.09,11.0,1.06,9.3
WTA,2022,6,Melbourne,Australian Open,2022-01-18,Grand Slam,Outdoor,Hard,1st Round,3,Baptiste H.,Garcia C.,165.0,70.0,420.0,990.0,4.0,6.0,7.0,6.0,6.0,3.0,2.0,1.0,Completed,3.0,1.4,2.72,1.51,3.0,1.54,2.72,1.46
WTA,2022,6,Melbourne,Australian Open,2022-01-18,Grand Slam,Outdoor,Hard,1st Round,3,Linette M.,Sevastova A.,53.0,71.0,1142.0,956.0,6.0,4.0,7.0,5.0,,,2.0,0.0,Completed,2.0,1.8,1.98,1.91,2.16,1.95,1.99,1.82
WTA,2022,6,Melbourne,Australian Open,2022-01-18,Grand Slam,Outdoor,Hard,1st Round,3,Inglis M.,Fernandez L.A.,133.0,24.0,573.0,2279.0,6.0,4.0,6.0,2.0,,,2.0,0.0,Completed,7.0,1.1,8.41,1.1,8.75,1.13,7.33,1.09
WTA,2022,6,Melbourne,Australian Open,2022-01-18,Grand Slam,Outdoor,Hard,1st Round,3,Kasatkina D.,Voegele S.,23.0,145.0,2360.0,497.0,6.0,3.0,6.0,1.0,,,2.0,0.0,Completed,1.14,5.5,1.13,7.07,1.16,7.07,1.12,6.18
WTA,2022,6,Melbourne,Australian Open,2022-01-18,Grand Slam,Outdoor,Hard,1st Round,3,Samsonova L.,Bektas E.,37.0,212.0,1577.0,331.0,7.0,5.0,6.0,4.0,,,2.0,0.0,Completed,1.16,5.0,1.21,4.95,1.21,5.6,1.17,4.96
WTA,2022,6,Melbourne,Australian Open,2022-01-18,Grand Slam,Outdoor,Hard,1st Round,3,Pavlyuchenkova A.,Bondar A.,11.0,92.0,2968.0,844.0,6.0,2.0,6.0,1.0,,,2.0,0.0,Completed,1.36,3.2,1.39,3.21,1.4,3.25,1.36,3.12
WTA,2022,6,Melbourne,Australian Open,2022-01-18,Grand Slam,Outdoor,Hard,1st Round,3,Halep S.,Frech M.,15.0,102.0,2657.0,744.0,6.0,4.0,6.0,3.0,,,2.0,0.0,Completed,1.05,11.0,1.05,12.95,1.05,15.0,1.04,11.38
WTA,2022,6,Melbourne,Australian Open,2022-01-18,Grand Slam,Outdoor,Hard,1st Round,3,Rybakina E.,Diyas Z.,12.0,104.0,2765.0,732.0,6.0,7.0,7.0,6.0,6.0,1.0,2.0,1.0,Completed,1.11,6.5,1.12,7.44,1.15,7.5,1.11,6.45
WTA,2022,6,Melbourne,Australian Open,2022-01-18,Grand Slam,Outdoor,Hard,1st Round,3,Watson H.,Sherif M.,94.0,62.0,819.0,1049.0,6.0,3.0,5.0,7.0,6.0,2.0,2.0,1.0,Completed,1.72,2.1,1.7,2.26,1.77,2.5,1.68,2.2
WTA,2022,6,Melbourne,Australian Open,2022-01-18,Grand Slam,Outdoor,Hard,1st Round,3,Zidansek T.,Rus A.,29.0,65.0,1931.0,1031.0,3.0,6.0,6.0,3.0,7.0,6.0,2.0,1.0,Completed,1.61,2.3,1.67,2.32,1.7,2.38,1.63,2.27
WTA,2022,6,Melbourne,Australian Open,2022-01-18,Grand Slam,Outdoor,Hard,1st Round,3,Konjuh A.,Rogers S.,58.0,36.0,1063.0,1583.0,4.0,6.0,6.0,3.0,7.0,5.0,2.0,1.0,Completed,2.1,1.72,2.25,1.71,2.28,1.77,2.16,1.7
WTA,2022,6,Melbourne,Australian Open,2022-01-18,Grand Slam,Outdoor,Hard,1st Round,3,Zhang S.,Golubic V.,74.0,40.0,946.0,1452.0,6.0,3.0,6.0,4.0,,,2.0,0.0,Completed,3.2,1.36,2.94,1.45,3.3,1.45,3.02,1.38
WTA,2022,6,Melbourne,Australian Open,2022-01-18,Grand Slam,Outdoor,Hard,1st Round,3,Tauson C.,Sharma A.,39.0,97.0,1459.0,806.0,6.0,3.0,6.0,4.0,,,2.0,0.0,Completed,1.16,5.0,1.21,4.95,1.25,5.0,1.19,4.61
WTA,2022,6,Melbourne,Australian Open,2022-01-18,Grand Slam,Outdoor,Hard,1st Round,3,Haddad Maia B.,Volynets K.,83.0,176.0,868.0,390.0,3.0,6.0,6.0,2.0,6.0,3.0,2.0,1.0,Completed,1.66,2.2,1.66,2.34,1.8,2.35,1.68,2.2
WTA,2022,6,Melbourne,Australian Open,2022-01-18,Grand Slam,Outdoor,Hard,1st Round,3,Wang Xin.,Li A.,100.0,56.0,786.0,1119.0,7.0,6.0,6.0,3.0,,,2.0,0.0,Completed,3.5,1.3,3.97,1.29,4.2,1.31,3.7,1.28
WTA,2022,6,Melbourne,Australian Open,2022-01-18,Grand Slam,Outdoor,Hard,1st Round,3,Kovinic D.,Jang S.,98.0,210.0,799.0,333.0,6.0,3.0,2.0,6.0,6.0,4.0,2.0,1.0,Completed,2.0,1.8,2.08,1.82,2.1,1.91,2.01,1.81
WTA,2022,6,Melbourne,Australian Open,2022-01-18,Grand Slam,Outdoor,Hard,1st Round,3,Sabalenka A.,Sanders S.,2.0,128.0,5698.0,581.0,5.0,7.0,6.0,3.0,6.0,2.0,2.0,1.0,Completed,1.33,3.4,1.31,3.78,1.35,4.03,1.31,3.47
WTA,2022,6,Melbourne,Australian Open,2022-01-18,Grand Slam,Outdoor,Hard,1st Round,3,Bouzkova M.,Marino R.,86.0,143.0,863.0,504.0,6.0,1.0,6.0,3.0,,,2.0,0.0,Completed,1.5,2.62,1.57,2.56,1.57,2.71,1.51,2.54
WTA,2022,6,Melbourne,Australian Open,2022-01-18,Grand Slam,Outdoor,Hard,1st Round,3,Collins D.,Dolehide C.,30.0,200.0,1911.0,342.0,6.0,1.0,6.0,3.0,,,2.0,0.0,Completed,1.16,5.0,1.18,5.52,1.24,5.52,1.18,4.87
WTA,2022,6,Melbourne,Australian Open,2022-01-18,Grand Slam,Outdoor,Hard,1st Round,3,Kanepi K.,Kerber A.,115.0,20.0,673.0,2517.0,6.0,4.0,6.0,3.0,,,2.0,0.0,Completed,2.62,1.5,2.59,1.56,2.75,1.59,2.58,1.51
WTA,2022,6,Melbourne,Australian Open,2022-01-18,Grand Slam,Outdoor,Hard,1st Round,3,Raducanu E.,Stephens S.,18.0,67.0,2595.0,1023.0,6.0,0.0,2.0,6.0,6.0,1.0,2.0,1.0,Completed,2.0,1.8,2.12,1.79,2.15,1.88,2.04,1.79
WTA,2022,6,Melbourne,Australian Open,2022-01-19,Grand Slam,Outdoor,Hard,2nd Round,3,Azarenka V.,Teichmann J.,25.0,34.0,2166.0,1620.0,6.0,1.0,6.0,2.0,,,2.0,0.0,Completed,1.28,3.75,1.28,4.01,1.31,4.09,1.27,3.76
WTA,2022,6,Melbourne,Australian Open,2022-01-19,Grand Slam,Outdoor,Hard,2nd Round,3,Giorgi C.,Martincova T.,33.0,47.0,1692.0,1226.0,6.0,2.0,7.0,6.0,,,2.0,0.0,Completed,1.44,2.75,1.54,2.64,1.55,3.03,1.48,2.67
WTA,2022,6,Melbourne,Australian Open,2022-01-19,Grand Slam,Outdoor,Hard,2nd Round,3,Kostyuk M.,Sorribes Tormo S.,66.0,35.0,1030.0,1588.0,7.0,6.0,6.0,3.0,,,2.0,0.0,Completed,1.57,2.37,1.59,2.5,1.67,2.6,1.57,2.4
WTA,2022,6,Melbourne,Australian Open,2022-01-19,Grand Slam,Outdoor,Hard,2nd Round,3,Svitolina E.,Tan H.,17.0,107.0,2641.0,721.0,6.0,3.0,5.0,7.0,5.0,1.0,1.0,1.0,Retired,1.14,5.5,1.16,5.92,1.19,6.0,1.15,5.54
WTA,2022,6,Melbourne,Australian Open,2022-01-19,Grand Slam,Outdoor,Hard,2nd Round,3,Badosa P.,Trevisan M.,6.0,111.0,4264.0,713.0,6.0,0.0,6.0,3.0,,,2.0,0.0,Completed,1.08,8.0,1.1,8.34,1.11,9.0,1.08,7.78
WTA,2022,6,Melbourne,Australian Open,2022-01-19,Grand Slam,Outdoor,Hard,2nd Round,3,Barty A.,Bronzetti L.,1.0,142.0,7111.0,511.0,6.0,1.0,6.0,1.0,,,2.0,0.0,Completed,1.01,21.0,1.02,20.2,1.04,30.0,1.01,18.49
WTA,2022,6,Melbourne,Australian Open,2022-01-19,Grand Slam,Outdoor,Hard,2nd Round,3,Keys M.,Cristian J.,51.0,69.0,1153.0,991.0,6.0,2.0,7.0,5.0,,,2.0,0.0,Completed,1.2,4.5,1.17,5.66,1.22,6.0,1.18,4.92
WTA,2022,6,Melbourne,Australian Open,2022-01-19,Grand Slam,Outdoor,Hard,2nd Round,3,Pegula J.,Pera B.,21.0,105.0,2474.0,728.0,6.0,4.0,6.0,4.0,,,2.0,0.0,Completed,1.36,3.2,1.4,3.19,1.45,3.32,1.37,3.07
WTA,2022,6,Melbourne,Australian Open,2022-01-19,Grand Slam,Outdoor,Hard,2nd Round,3,Ostapenko J.,Riske A.,27.0,46.0,2035.0,1271.0,4.0,6.0,6.0,2.0,6.0,4.0,2.0,1.0,Completed,1.61,2.3,1.63,2.42,1.67,2.49,1.6,2.34
WTA,2022,6,Melbourne,Australian Open,2022-01-19,Grand Slam,Outdoor,Hard,2nd Round,3,Parrizas Diaz N.,Zanevska M.,63.0,80.0,1043.0,892.0,,,,,,,,,Retired,1.72,2.1,1.68,2.31,1.78,2.4,1.68,2.21
WTA,2022,6,Melbourne,Australian Open,2022-01-19,Grand Slam,Outdoor,Hard,2nd Round,3,Wang Q.,Van Uytvanck A.,110.0,55.0,714.0,1125.0,2.0,6.0,7.0,6.0,6.0,3.0,2.0,1.0,Completed,2.37,1.57,2.49,1.59,2.62,1.69,2.39,1.58
WTA,2022,6,Melbourne,Australian Open,2022-01-19,Grand Slam,Outdoor,Hard,2nd Round,3,Anisimova A.,Bencic B.,60.0,22.0,1060.0,2415.0,6.0,2.0,7.0,5.0,,,2.0,0.0,Completed,2.3,1.61,2.42,1.63,2.47,1.65,2.36,1.59
WTA,2022,6,Melbourne,Australian Open,2022-01-19,Grand Slam,Outdoor,Hard,2nd Round,3,Kudermetova V.,Ruse E.G.,32.0,72.0,1695.0,951.0,6.0,2.0,7.0,5.0,,,2.0,0.0,Completed,1.36,3.2,1.38,3.31,1.4,3.4,1.35,3.18
WTA,2022,6,Melbourne,Australian Open,2022-01-19,Grand Slam,Outdoor,Hard,2nd Round,3,Krejcikova B.,Wang Xiy.,4.0,139.0,5213.0,547.0,6.0,2.0,6.0,3.0,,,2.0,0.0,Completed,1.11,6.5,1.1,8.61,1.14,8.61,1.11,6.86
WTA,2022,6,Melbourne,Australian Open,2022-01-19,Grand Slam,Outdoor,Hard,2nd Round,3,Osaka N.,Brengle M.,14.0,54.0,2696.0,1132.0,6.0,0.0,6.0,4.0,,,2.0,0.0,Completed,1.08,8.0,1.08,9.84,1.11,10.09,1.08,7.93
WTA,2022,6,Melbourne,Australian Open,2022-01-19,Grand Slam,Outdoor,Hard,2nd Round,3,Sakkari M.,Zheng Q.,8.0,108.0,4071.0,719.0,6.0,1.0,6.0,4.0,,,2.0,0.0,Completed,1.25,4.0,1.3,3.82,1.3,4.33,1.26,3.87
WTA,2022,6,Melbourne,Australian Open,2022-01-20,Grand Slam,Outdoor,Hard,2nd Round,3,Vondrousova M.,Samsonova L.,41.0,37.0,1447.0,1577.0,6.0,2.0,7.0,5.0,,,2.0,0.0,Completed,1.44,2.75,1.55,2.61,1.56,2.8,1.49,2.61
WTA,2022,6,Melbourne,Australian Open,2022-01-20,Grand Slam,Outdoor,Hard,2nd Round,3,Tauson C.,Kontaveit A.,39.0,7.0,1459.0,4231.0,6.0,2.0,6.0,4.0,,,2.0,0.0,Completed,4.0,1.25,4.08,1.28,4.5,1.28,4.05,1.24
WTA,2022,6,Melbourne,Australian Open,2022-01-20,Grand Slam,Outdoor,Hard,2nd Round,3,Swiatek I.,Peterson R.,9.0,82.0,3916.0,871.0,6.0,2.0,6.0,2.0,,,2.0,0.0,Completed,1.08,8.0,1.1,8.13,1.12,9.5,1.08,7.99
WTA,2022,6,Melbourne,Australian Open,2022-01-20,Grand Slam,Outdoor,Hard,2nd Round,3,Collins D.,Konjuh A.,30.0,58.0,1911.0,1063.0,6.0,4.0,6.0,3.0,,,2.0,0.0,Completed,1.44,2.75,1.44,2.97,1.49,2.97,1.45,2.76
WTA,2022,6,Melbourne,Australian Open,2022-01-20,Grand Slam,Outdoor,Hard,2nd Round,3,Cornet A.,Muguruza G.,61.0,3.0,1050.0,5425.0,6.0,3.0,6.0,3.0,,,2.0,0.0,Completed,5.0,1.16,5.89,1.16,6.0,1.21,5.22,1.16
WTA,2022,6,Melbourne,Australian Open,2022-01-20,Grand Slam,Outdoor,Hard,2nd Round,3,Inglis M.,Baptiste H.,133.0,165.0,573.0,420.0,7.0,6.0,2.0,6.0,6.0,2.0,2.0,1.0,Completed,2.0,1.8,2.07,1.83,2.07,1.9,2.01,1.81
WTA,2022,6,Melbourne,Australian Open,2022-01-20,Grand Slam,Outdoor,Hard,2nd Round,3,Sabalenka A.,Wang Xin.,2.0,100.0,5698.0,786.0,1.0,6.0,6.0,4.0,6.0,2.0,2.0,1.0,Completed,1.25,4.0,1.3,3.85,1.32,4.44,1.25,3.88
WTA,2022,6,Melbourne,Australian Open,2022-01-20,Grand Slam,Outdoor,Hard,2nd Round,3,Cirstea S.,Kucova K.,38.0,96.0,1502.0,807.0,6.0,2.0,6.0,4.0,,,2.0,0.0,Completed,1.33,3.4,1.31,3.75,1.39,3.75,1.31,3.47
WTA,2022,6,Melbourne,Australian Open,2022-01-20,Grand Slam,Outdoor,Hard,2nd Round,3,Mertens E.,Begu I.,26.0,64.0,2091.0,1033.0,6.0,3.0,6.0,2.0,,,2.0,0.0,Completed,1.44,2.75,1.41,3.13,1.48,3.21,1.4,2.94
WTA,2022,6,Melbourne,Australian Open,2022-01-20,Grand Slam,Outdoor,Hard,2nd Round,3,Pavlyuchenkova A.,Stosur S.,11.0,487.0,2968.0,97.0,6.0,2.0,6.0,2.0,,,2.0,0.0,Completed,1.07,9.0,1.08,9.78,1.11,11.0,1.07,8.75
WTA,2022,6,Melbourne,Australian Open,2022-01-20,Grand Slam,Outdoor,Hard,2nd Round,3,Zidansek T.,Watson H.,29.0,94.0,1931.0,819.0,7.0,6.0,6.0,4.0,,,2.0,0.0,Completed,1.5,2.62,1.53,2.65,1.67,2.72,1.51,2.59
WTA,2022,6,Melbourne,Australian Open,2022-01-20,Grand Slam,Outdoor,Hard,2nd Round,3,Kasatkina D.,Linette M.,23.0,53.0,2360.0,1142.0,6.0,2.0,6.0,3.0,,,2.0,0.0,Completed,1.25,4.0,1.27,4.15,1.28,4.5,1.24,4.02
WTA,2022,6,Melbourne,Australian Open,2022-01-20,Grand Slam,Outdoor,Hard,2nd Round,3,Zhang S.,Rybakina E.,74.0,12.0,946.0,2765.0,6.0,4.0,1.0,0.0,,,1.0,0.0,Retired,5.5,1.14,4.65,1.23,5.5,1.23,4.84,1.18
WTA,2022,6,Melbourne,Australian Open,2022-01-20,Grand Slam,Outdoor,Hard,2nd Round,3,Kanepi K.,Bouzkova M.,115.0,86.0,673.0,863.0,6.0,2.0,7.0,6.0,,,2.0,0.0,Completed,1.66,2.2,1.72,2.22,1.8,2.28,1.71,2.15
WTA,2022,6,Melbourne,Australian Open,2022-01-20,Grand Slam,Outdoor,Hard,2nd Round,3,Kovinic D.,Raducanu E.,98.0,18.0,799.0,2595.0,6.0,4.0,4.0,6.0,6.0,3.0,2.0,1.0,Completed,5.0,1.16,5.16,1.2,6.1,1.2,5.22,1.16
WTA,2022,6,Melbourne,Australian Open,2022-01-20,Grand Slam,Outdoor,Hard,2nd Round,3,Halep S.,Haddad Maia B.,15.0,83.0,2657.0,868.0,6.0,2.0,6.0,0.0,,,2.0,0.0,Completed,1.08,8.0,1.07,10.19,1.1,10.37,1.07,8.69
WTA,2022,6,Melbourne,Australian Open,2022-01-21,Grand Slam,Outdoor,Hard,3rd Round,3,Pegula J.,Parrizas Diaz N.,21.0,63.0,2474.0,1043.0,7.0,6.0,6.0,2.0,,,2.0,0.0,Completed,1.16,5.0,1.23,4.56,1.26,5.0,1.21,4.43
WTA,2022,6,Melbourne,Australian Open,2022-01-21,Grand Slam,Outdoor,Hard,3rd Round,3,Azarenka V.,Svitolina E.,25.0,17.0,2166.0,2641.0,6.0,0.0,6.0,2.0,,,2.0,0.0,Completed,1.33,3.4,1.3,3.71,1.35,3.82,1.31,3.46
WTA,2022,6,Melbourne,Australian Open,2022-01-21,Grand Slam,Outdoor,Hard,3rd Round,3,Krejcikova B.,Ostapenko J.,4.0,27.0,5213.0,2035.0,2.0,6.0,6.0,4.0,6.0,4.0,2.0,1.0,Completed,1.22,4.33,1.25,4.4,1.25,4.7,1.22,4.21
WTA,2022,6,Melbourne,Australian Open,2022-01-21,Grand Slam,Outdoor,Hard,3rd Round,3,Badosa P.,Kostyuk M.,6.0,66.0,4264.0,1030.0,6.0,2.0,5.0,7.0,6.0,4.0,2.0,1.0,Completed,1.22,4.33,1.27,4.13,1.27,4.6,1.23,4.16
WTA,2022,6,Melbourne,Australian Open,2022-01-21,Grand Slam,Outdoor,Hard,3rd Round,3,Sakkari M.,Kudermetova V.,8.0,32.0,4071.0,1695.0,6.0,4.0,6.0,1.0,,,2.0,0.0,Completed,1.5,2.62,1.46,2.89,1.5,3.06,1.43,2.81
WTA,2022,6,Melbourne,Australian Open,2022-01-21,Grand Slam,Outdoor,Hard,3rd Round,3,Keys M.,Wang Q.,51.0,110.0,1153.0,714.0,4.0,6.0,6.0,3.0,7.0,6.0,2.0,1.0,Completed,1.2,4.5,1.22,4.82,1.25,4.85,1.21,4.4
WTA,2022,6,Melbourne,Australian Open,2022-01-21,Grand Slam,Outdoor,Hard,3rd Round,3,Anisimova A.,Osaka N.,60.0,14.0,1060.0,2696.0,4.0,6.0,6.0,3.0,7.0,6.0,2.0,1.0,Completed,3.2,1.36,3.1,1.41,3.62,1.44,3.11,1.37
WTA,2022,6,Melbourne,Australian Open,2022-01-21,Grand Slam,Outdoor,Hard,3rd Round,3,Barty A.,Giorgi C.,1.0,33.0,7111.0,1692.0,6.0,2.0,6.0,3.0,,,2.0,0.0,Completed,1.07,9.0,1.06,11.32,1.1,12.5,1.07,9.1
WTA,2022,6,Melbourne,Australian Open,2022-01-22,Grand Slam,Outdoor,Hard,3rd Round,3,Cornet A.,Zidansek T.,61.0,29.0,1050.0,1931.0,4.0,6.0,6.0,4.0,6.0,2.0,2.0,1.0,Completed,1.61,2.3,1.6,2.47,1.73,2.47,1.63,2.29
WTA,2022,6,Melbourne,Australian Open,2022-01-22,Grand Slam,Outdoor,Hard,3rd Round,3,Collins D.,Tauson C.,30.0,39.0,1911.0,1459.0,4.0,6.0,6.0,4.0,7.0,5.0,2.0,1.0,Completed,2.0,1.8,2.04,1.85,2.05,1.9,1.98,1.83
WTA,2022,6,Melbourne,Australian Open,2022-01-22,Grand Slam,Outdoor,Hard,3rd Round,3,Halep S.,Kovinic D.,15.0,98.0,2657.0,799.0,6.0,2.0,6.0,1.0,,,2.0,0.0,Completed,1.06,10.0,1.03,17.54,1.08,17.54,1.05,11.16
WTA,2022,6,Melbourne,Australian Open,2022-01-22,Grand Slam,Outdoor,Hard,3rd Round,3,Mertens E.,Zhang S.,26.0,74.0,2091.0,946.0,6.0,2.0,6.0,2.0,,,2.0,0.0,Completed,1.28,3.75,1.27,4.13,1.34,4.2,1.28,3.67
WTA,2022,6,Melbourne,Australian Open,2022-01-22,Grand Slam,Outdoor,Hard,3rd Round,3,Kanepi K.,Inglis M.,115.0,133.0,673.0,573.0,2.0,6.0,6.0,2.0,6.0,0.0,2.0,1.0,Completed,1.28,3.75,1.32,3.67,1.32,3.8,1.29,3.61
WTA,2022,6,Melbourne,Australian Open,2022-01-22,Grand Slam,Outdoor,Hard,3rd Round,3,Sabalenka A.,Vondrousova M.,2.0,41.0,5698.0,1447.0,4.0,6.0,6.0,3.0,6.0,1.0,2.0,1.0,Completed,2.2,1.66,2.29,1.68,2.4,1.76,2.2,1.67
WTA,2022,6,Melbourne,Australian Open,2022-01-22,Grand Slam,Outdoor,Hard,3rd Round,3,Swiatek I.,Kasatkina D.,9.0,23.0,3916.0,2360.0,6.0,2.0,6.0,3.0,,,2.0,0.0,Completed,1.36,3.2,1.38,3.3,1.4,3.85,1.35,3.23
WTA,2022,6,Melbourne,Australian Open,2022-01-22,Grand Slam,Outdoor,Hard,3rd Round,3,Cirstea S.,Pavlyuchenkova A.,38.0,11.0,1502.0,2968.0,6.0,3.0,2.0,6.0,6.0,2.0,2.0,1.0,Completed,2.5,1.53,2.5,1.59,2.78,1.59,2.5,1.53
WTA,2022,6,Melbourne,Australian Open,2022-01-23,Grand Slam,Outdoor,Hard,4th Round,3,Keys M.,Badosa P.,51.0,6.0,1153.0,4264.0,6.0,3.0,6.0,1.0,,,2.0,0.0,Completed,2.5,1.53,2.39,1.65,2.71,1.65,2.47,1.55
WTA,2022,6,Melbourne,Australian Open,2022-01-23,Grand Slam,Outdoor,Hard,4th Round,3,Krejcikova B.,Azarenka V.,4.0,25.0,5213.0,2166.0,6.0,2.0,6.0,2.0,,,2.0,0.0,Completed,2.75,1.44,2.91,1.47,2.91,1.55,2.75,1.46
WTA,2022,6,Melbourne,Australian Open,2022-01-23,Grand Slam,Outdoor,Hard,4th Round,3,Pegula J.,Sakkari M.,21.0,8.0,2474.0,4071.0,7.0,6.0,6.0,3.0,,,2.0,0.0,Completed,3.0,1.4,2.95,1.46,3.1,1.46,2.88,1.42
WTA,2022,6,Melbourne,Australian Open,2022-01-23,Grand Slam,Outdoor,Hard,4th Round,3,Barty A.,Anisimova A.,1.0,60.0,7111.0,1060.0,6.0,4.0,6.0,3.0,,,2.0,0.0,Completed,1.2,4.5,1.22,4.82,1.25,5.0,1.21,4.49
WTA,2022,6,Melbourne,Australian Open,2022-01-24,Grand Slam,Outdoor,Hard,4th Round,3,Collins D.,Mertens E.,30.0,26.0,1911.0,2091.0,4.0,6.0,6.0,4.0,6.0,4.0,2.0,1.0,Completed,1.66,2.2,1.71,2.27,1.73,2.35,1.68,2.21
WTA,2022,6,Melbourne,Australian Open,2022-01-24,Grand Slam,Outdoor,Hard,4th Round,3,Cornet A.,Halep S.,61.0,15.0,1050.0,2657.0,6.0,4.0,3.0,6.0,6.0,4.0,2.0,1.0,Completed,6.0,1.12,6.75,1.14,7.59,1.14,6.41,1.12
WTA,2022,6,Melbourne,Australian Open,2022-01-24,Grand Slam,Outdoor,Hard,4th Round,3,Swiatek I.,Cirstea S.,9.0,38.0,3916.0,1502.0,5.0,7.0,6.0,3.0,6.0,3.0,2.0,1.0,Completed,1.16,5.0,1.18,5.74,1.21,5.75,1.16,5.22
WTA,2022,6,Melbourne,Australian Open,2022-01-24,Grand Slam,Outdoor,Hard,4th Round,3,Kanepi K.,Sabalenka A.,115.0,2.0,673.0,5698.0,5.0,7.0,6.0,2.0,7.0,6.0,2.0,1.0,Completed,3.2,1.36,3.1,1.43,3.43,1.43,3.13,1.37
WTA,2022,6,Melbourne,Australian Open,2022-01-25,Grand Slam,Outdoor,Hard,Quarterfinals,3,Keys M.,Krejcikova B.,51.0,4.0,1153.0,5213.0,6.0,3.0,6.0,2.0,,,2.0,0.0,Completed,2.0,1.8,2.11,1.81,2.19,1.84,2.04,1.78
WTA,2022,6,Melbourne,Australian Open,2022-01-25,Grand Slam,Outdoor,Hard,Quarterfinals,3,Barty A.,Pegula J.,1.0,21.0,7111.0,2474.0,6.0,2.0,6.0,0.0,,,2.0,0.0,Completed,1.11,6.5,1.13,7.05,1.16,7.05,1.12,6.34
WTA,2022,6,Melbourne,Australian Open,2022-01-26,Grand Slam,Outdoor,Hard,Quarterfinals,3,Collins D.,Cornet A.,30.0,61.0,1911.0,1050.0,7.0,5.0,6.0,1.0,,,2.0,0.0,Completed,1.36,3.2,1.4,3.25,1.4,3.32,1.37,3.14
WTA,2022,6,Melbourne,Australian Open,2022-01-26,Grand Slam,Outdoor,Hard,Quarterfinals,3,Swiatek I.,Kanepi K.,9.0,115.0,3916.0,673.0,4.0,6.0,7.0,6.0,6.0,3.0,2.0,1.0,Completed,1.25,4.0,1.25,4.5,1.27,4.7,1.23,4.22
WTA,2022,6,Melbourne,Australian Open,2022-01-27,Grand Slam,Outdoor,Hard,Semifinals,3,Barty A.,Keys M.,1.0,51.0,7111.0,1153.0,6.0,1.0,6.0,3.0,,,2.0,0.0,Completed,1.2,4.5,1.24,4.55,1.28,4.73,1.22,4.3
WTA,2022,6,Melbourne,Australian Open,2022-01-27,Grand Slam,Outdoor,Hard,Semifinals,3,Collins D.,Swiatek I.,30.0,9.0,1911.0,3916.0,6.0,4.0,6.0,1.0,,,2.0,0.0,Completed,2.2,1.66,2.4,1.65,2.47,1.7,2.3,1.63
WTA,2022,6,Melbourne,Australian Open,2022-01-29,Grand Slam,Outdoor,Hard,The Final,3,Barty A.,Collins D.,1.0,30.0,7111.0,1911.0,6.0,3.0,7.0,6.0,,,2.0,0.0,Completed,1.2,4.8,1.22,4.83,1.26,5.0,1.21,4.51
WTA,2022,23,Paris,French Open,2022-05-22,Grand Slam,Outdoor,Clay,1st Round,3,Cirstea S.,Maria T.,26.0,105.0,1670.0,612.0,6.0,3.0,6.0,3.0,,,2.0,0.0,Completed,1.3,3.5,1.3,3.87,1.33,4.0,1.29,3.58
WTA,2022,23,Paris,French Open,2022-05-22,Grand Slam,Outdoor,Clay,1st Round,3,Osorio M.,Tan H.,66.0,106.0,989.0,608.0,6.0,4.0,6.0,3.0,,,2.0,0.0,Completed,1.4,3.0,1.47,2.89,1.47,3.26,1.39,3.02
WTA,2022,23,Paris,French Open,2022-05-22,Grand Slam,Outdoor,Clay,1st Round,3,Stephens S.,Niemeier J.,64.0,102.0,1000.0,650.0,5.0,7.0,6.0,4.0,6.0,2.0,2.0,1.0,Completed,3.0,1.4,2.74,1.51,3.0,1.55,2.7,1.47
WTA,2022,23,Paris,French Open,2022-05-22,Grand Slam,Outdoor,Clay,1st Round,3,Haddad Maia B.,Bucsa C.,48.0,134.0,1158.0,471.0,6.0,3.0,1.0,6.0,6.0,2.0,2.0,1.0,Completed,1.36,3.2,1.34,3.51,1.38,3.87,1.33,3.37
WTA,2022,23,Paris,French Open,2022-05-22,Grand Slam,Outdoor,Clay,1st Round,3,Linette M.,Jabeur O.,52.0,6.0,1111.0,4380.0,3.0,6.0,7.0,6.0,7.0,5.0,2.0,1.0,Completed,6.0,1.12,7.14,1.12,7.4,1.17,6.49,1.12
WTA,2022,23,Paris,French Open,2022-05-22,Grand Slam,Outdoor,Clay,1st Round,3,Muchova K.,Monnet C.,81.0,253.0,808.0,276.0,6.0,3.0,6.0,3.0,,,2.0,0.0,Completed,1.1,7.0,1.12,7.41,1.13,8.5,1.1,7.03
WTA,2022,23,Paris,French Open,2022-05-22,Grand Slam,Outdoor,Clay,1st Round,3,Kanepi K.,Muguruza G.,46.0,10.0,1177.0,3060.0,2.0,6.0,6.0,3.0,6.0,4.0,2.0,1.0,Completed,2.1,1.72,2.06,1.83,2.21,1.91,2.03,1.79
WTA,2022,23,Paris,French Open,2022-05-22,Grand Slam,Outdoor,Clay,1st Round,3,Sasnovich A.,Wang Xin.,47.0,77.0,1171.0,864.0,6.0,4.0,6.0,1.0,,,2.0,0.0,Completed,1.5,2.62,1.48,2.84,1.51,3.0,1.44,2.79
WTA,2022,23,Paris,French Open,2022-05-22,Grand Slam,Outdoor,Clay,1st Round,3,Siniakova K.,Martic P.,56.0,76.0,1062.0,869.0,6.0,4.0,7.0,6.0,,,2.0,0.0,Completed,2.75,1.44,3.2,1.4,3.38,1.5,2.97,1.4
WTA,2022,23,Paris,French Open,2022-05-22,Grand Slam,Outdoor,Clay,1st Round,3,Teichmann J.,Pera B.,24.0,116.0,1783.0,552.0,6.0,2.0,6.0,1.0,,,2.0,0.0,Completed,1.4,3.0,1.41,3.1,1.46,3.2,1.4,2.97
WTA,2022,23,Paris,French Open,2022-05-22,Grand Slam,Outdoor,Clay,1st Round,3,Danilovic O.,Galfi D.,172.0,96.0,377.0,695.0,3.0,6.0,7.0,6.0,6.0,2.0,2.0,1.0,Completed,2.1,1.72,2.2,1.74,2.3,1.75,2.14,1.72
WTA,2022,23,Paris,French Open,2022-05-22,Grand Slam,Outdoor,Clay,1st Round,3,Gracheva V.,Sharma A.,71.0,124.0,914.0,510.0,4.0,6.0,6.0,4.0,7.0,5.0,2.0,1.0,Completed,1.44,2.75,1.41,3.11,1.49,3.13,1.42,2.88
WTA,2022,23,Paris,French Open,2022-05-22,Grand Slam,Outdoor,Clay,1st Round,3,Van Uytvanck A.,Li A.,60.0,67.0,1035.0,981.0,3.0,6.0,2.0,3.0,,,0.0,1.0,Retired,1.72,2.1,1.78,2.15,1.86,2.19,1.76,2.08
WTA,2022,23,Paris,French Open,2022-05-22,Grand Slam,Outdoor,Clay,1st Round,3,Sakkari M.,Burel C.,3.0,94.0,4726.0,714.0,6.0,2.0,6.0,3.0,,,2.0,0.0,Completed,1.07,9.0,1.09,9.03,1.11,10.25,1.07,8.45
WTA,2022,23,Paris,French Open,2022-05-22,Grand Slam,Outdoor,Clay,1st Round,3,Mertens E.,Ruse E.G.,32.0,51.0,1505.0,1116.0,6.0,3.0,6.0,1.0,,,2.0,0.0,Completed,1.5,2.62,1.56,2.58,1.58,2.62,1.54,2.49
WTA,2022,23,Paris,French Open,2022-05-22,Grand Slam,Outdoor,Clay,1st Round,3,Gauff C.,Marino R.,23.0,115.0,1886.0,557.0,7.0,5.0,6.0,0.0,,,2.0,0.0,Completed,1.25,4.0,1.23,4.6,1.26,4.95,1.22,4.31
WTA,2022,23,Paris,French Open,2022-05-22,Grand Slam,Outdoor,Clay,1st Round,3,Vekic D.,Bjorklund M.,100.0,148.0,652.0,433.0,7.0,6.0,6.0,2.0,,,2.0,0.0,Completed,1.53,2.5,1.49,2.8,1.65,2.8,1.54,2.49
WTA,2022,23,Paris,French Open,2022-05-22,Grand Slam,Outdoor,Clay,1st Round,3,Bencic B.,Jani R.L.,14.0,145.0,2525.0,439.0,6.0,1.0,6.0,1.0,,,2.0,0.0,Completed,1.05,11.0,1.05,12.52,1.06,13.0,1.05,11.16
WTA,2022,23,Paris,French Open,2022-05-22,Grand Slam,Outdoor,Clay,1st Round,3,Fernandez L.A.,Mladenovic K.,18.0,107.0,2245.0,606.0,6.0,0.0,7.0,5.0,,,2.0,0.0,Completed,1.14,5.5,1.15,6.18,1.17,6.75,1.14,5.8
WTA,2022,23,Paris,French Open,2022-05-22,Grand Slam,Outdoor,Clay,1st Round,3,Bouzkova M.,Gasanova A.,69.0,154.0,945.0,418.0,6.0,2.0,6.0,1.0,,,2.0,0.0,Completed,1.2,4.5,1.19,5.2,1.29,6.05,1.19,4.87
WTA,2022,23,Paris,French Open,2022-05-23,Grand Slam,Outdoor,Clay,1st Round,3,Petkovic A.,Dodin O.,65.0,84.0,997.0,788.0,6.0,4.0,6.0,2.0,,,2.0,0.0,Completed,1.9,1.9,1.74,2.21,1.9,2.21,1.79,2.03
WTA,2022,23,Paris,French Open,2022-05-23,Grand Slam,Outdoor,Clay,1st Round,3,Anisimova A.,Osaka N.,28.0,38.0,1610.0,1295.0,7.0,5.0,6.0,4.0,,,2.0,0.0,Completed,1.53,2.5,1.54,2.64,1.61,2.85,1.5,2.59
WTA,2022,23,Paris,French Open,2022-05-23,Grand Slam,Outdoor,Clay,1st Round,3,Trevisan M.,Dart H.,59.0,111.0,1038.0,594.0,6.0,0.0,6.0,2.0,,,2.0,0.0,Completed,1.22,4.33,1.18,5.41,1.23,5.52,1.19,4.75
WTA,2022,23,Paris,French Open,2022-05-23,Grand Slam,Outdoor,Clay,1st Round,3,Andreescu B.,Bonaventure Y.,72.0,168.0,913.0,380.0,3.0,6.0,7.0,5.0,6.0,0.0,2.0,1.0,Completed,1.08,8.0,1.1,8.43,1.12,8.5,1.09,7.52
WTA,2022,23,Paris,French Open,2022-05-23,Grand Slam,Outdoor,Clay,1st Round,3,Zheng Q.,Zanevska M.,74.0,62.0,879.0,1015.0,6.0,3.0,6.0,1.0,,,2.0,0.0,Completed,1.66,2.2,1.66,2.34,1.74,2.34,1.67,2.22
WTA,2022,23,Paris,French Open,2022-05-23,Grand Slam,Outdoor,Clay,1st Round,3,Saville D.,Grammatikopoulou V.,127.0,187.0,496.0,355.0,6.0,1.0,6.0,2.0,,,2.0,0.0,Completed,1.16,5.0,1.17,5.62,1.22,5.62,1.17,5.1
WTA,2022,23,Paris,French Open,2022-05-23,Grand Slam,Outdoor,Clay,1st Round,3,Azarenka V.,Bogdan A.,15.0,93.0,2440.0,716.0,6.0,7.0,7.0,6.0,6.0,2.0,2.0,1.0,Completed,1.3,3.5,1.3,3.86,1.36,4.15,1.31,3.47
WTA,2022,23,Paris,French Open,2022-05-23,Grand Slam,Outdoor,Clay,1st Round,3,Kvitova P.,Bondar A.,34.0,61.0,1435.0,1033.0,7.0,6.0,6.0,1.0,,,2.0,0.0,Completed,1.72,2.1,1.75,2.18,1.8,2.28,1.7,2.15
WTA,2022,23,Paris,French Open,2022-05-23,Grand Slam,Outdoor,Clay,1st Round,3,Swiatek I.,Tsurenko L.,1.0,119.0,7061.0,537.0,6.0,2.0,6.0,0.0,,,2.0,0.0,Completed,1.02,17.0,1.02,22.11,1.02,25.0,1.01,18.06
WTA,2022,23,Paris,French Open,2022-05-23,Grand Slam,Outdoor,Clay,1st Round,3,Riske A.,Yastremska D.,43.0,82.0,1201.0,804.0,6.0,3.0,6.0,3.0,,,2.0,0.0,Completed,2.5,1.53,2.54,1.57,2.6,1.67,2.43,1.56
WTA,2022,23,Paris,French Open,2022-05-23,Grand Slam,Outdoor,Clay,1st Round,3,Parry D.,Krejcikova B.,97.0,2.0,682.0,4911.0,1.0,6.0,6.0,2.0,6.0,3.0,2.0,1.0,Completed,4.5,1.2,4.32,1.25,4.75,1.25,4.31,1.22
WTA,2022,23,Paris,French Open,2022-05-23,Grand Slam,Outdoor,Clay,1st Round,3,Kovinic D.,Samsonova L.,95.0,27.0,713.0,1670.0,2.0,6.0,6.0,2.0,6.0,1.0,2.0,1.0,Completed,2.75,1.44,2.94,1.45,3.1,1.45,2.83,1.42
WTA,2022,23,Paris,French Open,2022-05-23,Grand Slam,Outdoor,Clay,1st Round,3,Jacquemot E.,Watson H.,215.0,103.0,323.0,633.0,6.0,3.0,6.0,3.0,,,2.0,0.0,Completed,1.9,1.9,2.02,1.87,2.05,1.95,1.94,1.87
WTA,2022,23,Paris,French Open,2022-05-23,Grand Slam,Outdoor,Clay,1st Round,3,Jeanjean L.,Parrizas Diaz N.,227.0,45.0,307.0,1190.0,6.0,4.0,6.0,3.0,,,2.0,0.0,Completed,4.5,1.2,4.34,1.25,4.59,1.27,4.24,1.22
WTA,2022,23,Paris,French Open,2022-05-23,Grand Slam,Outdoor,Clay,1st Round,3,Raducanu E.,Noskova L.,12.0,184.0,2910.0,359.0,6.0,7.0,7.0,5.0,6.0,1.0,2.0,1.0,Completed,1.4,3.0,1.42,3.08,1.42,3.32,1.38,3.07
WTA,2022,23,Paris,French Open,2022-05-23,Grand Slam,Outdoor,Clay,1st Round,3,Schmiedlova A.,Kucova K.,92.0,88.0,724.0,771.0,4.0,6.0,7.0,6.0,6.0,2.0,2.0,1.0,Completed,1.5,2.62,1.47,2.88,1.53,3.0,1.46,2.73
WTA,2022,23,Paris,French Open,2022-05-23,Grand Slam,Outdoor,Clay,1st Round,3,Tomljanovic A.,Kontaveit A.,42.0,5.0,1216.0,4446.0,7.0,6.0,7.0,5.0,,,2.0,0.0,Completed,3.5,1.3,3.51,1.34,4.0,1.4,3.35,1.33
WTA,2022,23,Paris,French Open,2022-05-23,Grand Slam,Outdoor,Clay,1st Round,3,Kudermetova V.,Zhu L.,29.0,99.0,1585.0,675.0,6.0,4.0,3.0,6.0,6.0,3.0,2.0,1.0,Completed,1.22,4.33,1.26,4.2,1.25,4.77,1.22,4.35
WTA,2022,23,Paris,French Open,2022-05-23,Grand Slam,Outdoor,Clay,1st Round,3,Kerber A.,Frech M.,17.0,89.0,2354.0,760.0,2.0,6.0,6.0,3.0,7.0,5.0,2.0,1.0,Completed,1.36,3.2,1.41,3.15,1.41,3.52,1.37,3.1
WTA,2022,23,Paris,French Open,2022-05-24,Grand Slam,Outdoor,Clay,1st Round,3,Pliskova Ka.,Andrianjafitrimo T.,8.0,141.0,3678.0,456.0,2.0,6.0,6.0,3.0,6.0,1.0,2.0,1.0,Completed,1.11,6.5,1.12,7.29,1.12,7.5,1.11,6.86
WTA,2022,23,Paris,French Open,2022-05-24,Grand Slam,Outdoor,Clay,1st Round,3,Collins D.,Tomova V.,9.0,140.0,3315.0,459.0,6.0,0.0,6.0,4.0,,,2.0,0.0,Completed,1.12,6.0,1.12,7.42,1.14,7.42,1.12,6.3
WTA,2022,23,Paris,French Open,2022-05-24,Grand Slam,Outdoor,Clay,1st Round,3,Krunic A.,Rakhimova K.,114.0,109.0,562.0,599.0,6.0,4.0,6.0,3.0,,,2.0,0.0,Completed,1.5,2.62,1.56,2.58,1.6,2.65,1.53,2.51
WTA,2022,23,Paris,French Open,2022-05-24,Grand Slam,Outdoor,Clay,1st Round,3,Ostapenko J.,Bronzetti L.,13.0,73.0,2536.0,890.0,6.0,1.0,6.0,4.0,,,2.0,0.0,Completed,1.4,3.0,1.41,3.13,1.44,3.2,1.39,3.0
WTA,2022,23,Paris,French Open,2022-05-24,Grand Slam,Outdoor,Clay,1st Round,3,Cornet A.,Doi M.,40.0,98.0,1266.0,680.0,6.0,2.0,6.0,0.0,,,2.0,0.0,Completed,1.2,4.5,1.2,5.17,1.23,5.3,1.19,4.75
WTA,2022,23,Paris,French Open,2022-05-24,Grand Slam,Outdoor,Clay,1st Round,3,Volynets K.,Golubic V.,135.0,53.0,468.0,1086.0,6.0,2.0,2.0,6.0,6.0,1.0,2.0,1.0,Completed,2.0,1.8,2.05,1.85,2.15,1.86,2.03,1.8
WTA,2022,23,Paris,French Open,2022-05-24,Grand Slam,Outdoor,Clay,1st Round,3,Rybakina E.,Rus A.,16.0,78.0,2420.0,857.0,6.0,1.0,5.0,7.0,6.0,2.0,2.0,1.0,Completed,1.2,4.5,1.26,4.25,1.31,4.5,1.25,4.02
WTA,2022,23,Paris,French Open,2022-05-24,Grand Slam,Outdoor,Clay,1st Round,3,Alexandrova E.,Minnen G.,31.0,83.0,1531.0,792.0,7.0,5.0,6.0,3.0,,,2.0,0.0,Completed,1.1,7.0,1.1,8.33,1.11,8.5,1.09,7.54
WTA,2022,23,Paris,French Open,2022-05-24,Grand Slam,Outdoor,Clay,1st Round,3,Garcia C.,Townsend T.,79.0,342.0,855.0,180.0,6.0,3.0,6.0,4.0,,,2.0,0.0,Completed,2.5,1.53,2.34,1.66,2.5,1.7,2.31,1.61
WTA,2022,23,Paris,French Open,2022-05-24,Grand Slam,Outdoor,Clay,1st Round,3,Begu I.,Paolini J.,63.0,55.0,1004.0,1074.0,4.0,6.0,6.0,1.0,7.0,6.0,2.0,1.0,Completed,1.44,2.75,1.49,2.79,1.5,2.85,1.47,2.73
WTA,2022,23,Paris,French Open,2022-05-24,Grand Slam,Outdoor,Clay,1st Round,3,Keys M.,Kalinskaya A.,22.0,86.0,1899.0,784.0,6.0,3.0,3.0,6.0,6.0,4.0,2.0,1.0,Completed,1.36,3.2,1.37,3.35,1.42,3.4,1.36,3.17
WTA,2022,23,Paris,French Open,2022-05-24,Grand Slam,Outdoor,Clay,1st Round,3,Rogers S.,Martincova T.,50.0,54.0,1134.0,1083.0,6.0,4.0,6.0,3.0,,,2.0,0.0,Completed,1.72,2.1,1.81,2.1,1.86,2.15,1.77,2.06
WTA,2022,23,Paris,French Open,2022-05-24,Grand Slam,Outdoor,Clay,1st Round,3,Sherif M.,Kostyuk M.,49.0,58.0,1135.0,1050.0,6.0,3.0,7.0,5.0,,,2.0,0.0,Completed,2.0,1.8,2.01,1.88,2.1,1.98,1.94,1.86
WTA,2022,23,Paris,French Open,2022-05-24,Grand Slam,Outdoor,Clay,1st Round,3,Putintseva Y.,Bara I.,37.0,112.0,1365.0,574.0,6.0,3.0,6.0,1.0,,,2.0,0.0,Completed,1.16,5.0,1.14,6.48,1.2,7.1,1.16,5.26
WTA,2022,23,Paris,French Open,2022-05-24,Grand Slam,Outdoor,Clay,1st Round,3,Kalinina A.,Baptiste H.,36.0,123.0,1387.0,512.0,5.0,2.0,,,,,0.0,0.0,Retired,1.2,4.5,1.23,4.64,1.24,4.73,1.21,4.4
WTA,2022,23,Paris,French Open,2022-05-24,Grand Slam,Outdoor,Clay,1st Round,3,Giorgi C.,Zhang S.,30.0,41.0,1583.0,1240.0,3.0,6.0,6.0,2.0,6.0,2.0,2.0,1.0,Completed,1.66,2.2,1.7,2.26,1.75,2.35,1.7,2.17
WTA,2022,23,Paris,French Open,2022-05-24,Grand Slam,Outdoor,Clay,1st Round,3,Pegula J.,Wang Q.,11.0,129.0,2955.0,487.0,6.0,2.0,6.0,4.0,,,2.0,0.0,Completed,1.2,4.5,1.2,5.19,1.22,5.25,1.19,4.69
WTA,2022,23,Paris,French Open,2022-05-24,Grand Slam,Outdoor,Clay,1st Round,3,Juvan K.,Selekhmeteva O.,68.0,196.0,980.0,343.0,7.0,5.0,7.0,6.0,,,2.0,0.0,Completed,1.3,3.5,1.26,4.22,1.38,4.25,1.29,3.61
WTA,2022,23,Paris,French Open,2022-05-24,Grand Slam,Outdoor,Clay,1st Round,3,Zidansek T.,Liu C.,25.0,75.0,1683.0,873.0,6.0,2.0,6.0,2.0,,,2.0,0.0,Completed,2.0,1.8,1.98,1.91,2.07,2.05,1.96,1.85
WTA,2022,23,Paris,French Open,2022-05-24,Grand Slam,Outdoor,Clay,1st Round,3,Brengle M.,Buzarnescu M.,57.0,120.0,1062.0,522.0,6.0,1.0,6.0,2.0,,,2.0,0.0,Completed,1.36,3.2,1.42,3.08,1.42,3.33,1.37,3.08
WTA,2022,23,Paris,French Open,2022-05-24,Grand Slam,Outdoor,Clay,1st Round,3,Badosa P.,Ferro F.,4.0,130.0,4545.0,487.0,6.0,2.0,6.0,0.0,,,2.0,0.0,Completed,1.05,11.0,1.06,12.0,1.08,17.0,1.05,10.87
WTA,2022,23,Paris,French Open,2022-05-24,Grand Slam,Outdoor,Clay,1st Round,3,Halep S.,Schunk N.,19.0,165.0,2126.0,388.0,6.0,4.0,1.0,6.0,6.0,1.0,2.0,1.0,Completed,1.04,13.0,1.05,12.76,1.05,14.0,1.04,11.74
WTA,2022,23,Paris,French Open,2022-05-24,Grand Slam,Outdoor,Clay,1st Round,3,Kasatkina D.,Sramkova R.,20.0,176.0,2115.0,365.0,6.0,2.0,6.0,0.0,,,2.0,0.0,Completed,1.05,11.0,1.05,12.77,1.09,14.0,1.05,10.92
WTA,2022,23,Paris,French Open,2022-05-24,Grand Slam,Outdoor,Clay,1st Round,3,Contreras Gomez F.,Udvardy P.,225.0,90.0,312.0,743.0,7.0,6.0,6.0,3.0,,,2.0,0.0,Completed,3.0,1.4,3.07,1.42,3.16,1.57,2.93,1.4
WTA,2022,23,Paris,French Open,2022-05-24,Grand Slam,Outdoor,Clay,1st Round,3,Sabalenka A.,Paquet C.,7.0,101.0,3966.0,651.0,2.0,6.0,6.0,3.0,6.0,4.0,2.0,1.0,Completed,1.05,11.0,1.04,14.87,1.05,17.0,1.03,12.5
WTA,2022,23,Paris,French Open,2022-05-25,Grand Slam,Outdoor,Clay,2nd Round,3,Azarenka V.,Petkovic A.,15.0,65.0,2440.0,997.0,6.0,1.0,7.0,6.0,,,2.0,0.0,Completed,1.3,3.5,1.28,4.0,1.35,4.25,1.29,3.65
WTA,2022,23,Paris,French Open,2022-05-25,Grand Slam,Outdoor,Clay,2nd Round,3,Teichmann J.,Danilovic O.,24.0,172.0,1783.0,377.0,6.0,4.0,6.0,1.0,,,2.0,0.0,Completed,1.12,6.0,1.18,5.59,1.18,6.4,1.14,5.76
WTA,2022,23,Paris,French Open,2022-05-25,Grand Slam,Outdoor,Clay,2nd Round,3,Sasnovich A.,Raducanu E.,47.0,12.0,1171.0,2910.0,3.0,6.0,6.0,1.0,6.0,1.0,2.0,1.0,Completed,1.8,2.0,1.89,2.0,1.9,2.19,1.81,2.0
WTA,2022,23,Paris,French Open,2022-05-25,Grand Slam,Outdoor,Clay,2nd Round,3,Kerber A.,Jacquemot E.,17.0,215.0,2354.0,323.0,6.0,1.0,7.0,6.0,,,2.0,0.0,Completed,1.28,3.75,1.25,4.33,1.32,4.33,1.28,3.69
WTA,2022,23,Paris,French Open,2022-05-25,Grand Slam,Outdoor,Clay,2nd Round,3,Mertens E.,Bouzkova M.,32.0,69.0,1505.0,945.0,,,,,,,,,Walkover,1.8,2.0,1.88,1.99,1.95,2.1,1.84,1.97
WTA,2022,23,Paris,French Open,2022-05-25,Grand Slam,Outdoor,Clay,2nd Round,3,Muchova K.,Sakkari M.,81.0,3.0,808.0,4726.0,7.0,6.0,7.0,6.0,,,2.0,0.0,Completed,2.75,1.44,3.07,1.42,3.15,1.5,2.86,1.43
WTA,2022,23,Paris,French Open,2022-05-25,Grand Slam,Outdoor,Clay,2nd Round,3,Anisimova A.,Vekic D.,28.0,100.0,1610.0,652.0,6.0,4.0,6.0,1.0,,,2.0,0.0,Completed,1.11,6.5,1.12,7.37,1.14,7.37,1.11,6.67
WTA,2022,23,Paris,French Open,2022-05-25,Grand Slam,Outdoor,Clay,2nd Round,3,Gauff C.,Van Uytvanck A.,23.0,60.0,1886.0,1035.0,6.0,1.0,7.0,6.0,,,2.0,0.0,Completed,1.14,5.5,1.13,6.96,1.16,7.0,1.13,6.13
WTA,2022,23,Paris,French Open,2022-05-25,Grand Slam,Outdoor,Clay,2nd Round,3,Kanepi K.,Haddad Maia B.,46.0,48.0,1177.0,1158.0,6.0,4.0,6.0,4.0,,,2.0,0.0,Completed,1.61,2.3,1.68,2.31,1.72,2.35,1.65,2.26
WTA,2022,23,Paris,French Open,2022-05-25,Grand Slam,Outdoor,Clay,2nd Round,3,Fernandez L.A.,Siniakova K.,18.0,56.0,2245.0,1062.0,6.0,3.0,6.0,2.0,,,2.0,0.0,Completed,1.61,2.3,1.64,2.38,1.72,2.38,1.64,2.27
WTA,2022,23,Paris,French Open,2022-05-25,Grand Slam,Outdoor,Clay,2nd Round,3,Stephens S.,Cirstea S.,64.0,26.0,1000.0,1670.0,3.0,6.0,6.0,2.0,6.0,0.0,2.0,1.0,Completed,2.3,1.61,2.61,1.55,2.7,1.61,2.49,1.54
WTA,2022,23,Paris,French Open,2022-05-25,Grand Slam,Outdoor,Clay,2nd Round,3,Gracheva V.,Tomljanovic A.,71.0,42.0,914.0,1216.0,6.0,4.0,6.0,7.0,7.0,5.0,2.0,1.0,Completed,2.3,1.61,2.35,1.66,2.42,1.69,2.28,1.63
WTA,2022,23,Paris,French Open,2022-05-25,Grand Slam,Outdoor,Clay,2nd Round,3,Bencic B.,Andreescu B.,14.0,72.0,2525.0,913.0,6.0,2.0,6.0,4.0,,,2.0,0.0,Completed,1.61,2.3,1.62,2.42,1.65,2.55,1.59,2.37
WTA,2022,23,Paris,French Open,2022-05-25,Grand Slam,Outdoor,Clay,2nd Round,3,Trevisan M.,Linette M.,59.0,52.0,1038.0,1111.0,6.0,3.0,6.0,2.0,,,2.0,0.0,Completed,1.9,1.9,1.95,1.93,2.02,1.95,1.92,1.89
WTA,2022,23,Paris,French Open,2022-05-25,Grand Slam,Outdoor,Clay,2nd Round,3,Saville D.,Kvitova P.,127.0,34.0,496.0,1435.0,6.0,4.0,6.0,2.0,,,2.0,0.0,Completed,2.5,1.53,2.52,1.59,2.6,1.59,2.48,1.54
WTA,2022,23,Paris,French Open,2022-05-25,Grand Slam,Outdoor,Clay,2nd Round,3,Parry D.,Osorio M.,97.0,66.0,682.0,986.0,6.0,3.0,6.0,3.0,,,2.0,0.0,Completed,2.75,1.44,2.78,1.5,2.87,1.53,2.72,1.46
WTA,2022,23,Paris,French Open,2022-05-26,Grand Slam,Outdoor,Clay,2nd Round,3,Jeanjean L.,Pliskova Ka.,227.0,8.0,307.0,3678.0,6.0,2.0,6.0,2.0,,,2.0,0.0,Completed,4.5,1.2,4.71,1.22,5.0,1.25,4.5,1.21
WTA,2022,23,Paris,French Open,2022-05-26,Grand Slam,Outdoor,Clay,2nd Round,3,Pegula J.,Kalinina A.,11.0,36.0,2955.0,1387.0,6.0,1.0,5.0,7.0,6.0,4.0,2.0,1.0,Completed,1.53,2.5,1.55,2.56,1.57,2.75,1.52,2.53
WTA,2022,23,Paris,French Open,2022-05-26,Grand Slam,Outdoor,Clay,2nd Round,3,Badosa P.,Juvan K.,4.0,68.0,4545.0,980.0,7.0,5.0,3.0,6.0,6.0,2.0,2.0,1.0,Completed,1.16,5.0,1.2,5.17,1.22,5.5,1.18,4.87
WTA,2022,23,Paris,French Open,2022-05-26,Grand Slam,Outdoor,Clay,2nd Round,3,Begu I.,Alexandrova E.,63.0,31.0,1004.0,1531.0,6.0,7.0,6.0,3.0,6.0,4.0,2.0,1.0,Completed,2.75,1.44,2.74,1.51,3.01,1.55,2.69,1.47
WTA,2022,23,Paris,French Open,2022-05-26,Grand Slam,Outdoor,Clay,2nd Round,3,Kudermetova V.,Krunic A.,29.0,114.0,1585.0,562.0,6.0,3.0,6.0,3.0,,,2.0,0.0,Completed,1.3,3.5,1.34,3.53,1.34,3.82,1.31,3.47
WTA,2022,23,Paris,French Open,2022-05-26,Grand Slam,Outdoor,Clay,2nd Round,3,Kasatkina D.,Contreras Gomez F.,20.0,225.0,2115.0,312.0,6.0,0.0,6.0,3.0,,,2.0,0.0,Completed,1.07,9.0,1.07,10.55,1.11,11.0,1.06,9.22
WTA,2022,23,Paris,French Open,2022-05-26,Grand Slam,Outdoor,Clay,2nd Round,3,Rybakina E.,Volynets K.,16.0,135.0,2420.0,468.0,6.0,4.0,6.0,0.0,,,2.0,0.0,Completed,1.2,4.5,1.21,4.95,1.24,5.0,1.2,4.63
WTA,2022,23,Paris,French Open,2022-05-26,Grand Slam,Outdoor,Clay,2nd Round,3,Kovinic D.,Schmiedlova A.,95.0,92.0,713.0,724.0,6.0,3.0,7.0,5.0,,,2.0,0.0,Completed,1.61,2.3,1.67,2.33,1.68,2.4,1.63,2.28
WTA,2022,23,Paris,French Open,2022-05-26,Grand Slam,Outdoor,Clay,2nd Round,3,Keys M.,Garcia C.,22.0,79.0,1899.0,855.0,6.0,4.0,7.0,6.0,,,2.0,0.0,Completed,1.5,2.62,1.53,2.65,1.55,2.8,1.51,2.58
WTA,2022,23,Paris,French Open,2022-05-26,Grand Slam,Outdoor,Clay,2nd Round,3,Giorgi C.,Putintseva Y.,30.0,37.0,1583.0,1365.0,6.0,3.0,7.0,5.0,,,2.0,0.0,Completed,2.5,1.53,2.42,1.62,2.6,1.62,2.42,1.57
WTA,2022,23,Paris,French Open,2022-05-26,Grand Slam,Outdoor,Clay,2nd Round,3,Zheng Q.,Halep S.,74.0,19.0,879.0,2126.0,2.0,6.0,6.0,2.0,6.0,1.0,2.0,1.0,Completed,4.5,1.2,4.77,1.22,5.0,1.25,4.47,1.21
WTA,2022,23,Paris,French Open,2022-05-26,Grand Slam,Outdoor,Clay,2nd Round,3,Swiatek I.,Riske A.,1.0,43.0,7061.0,1201.0,6.0,0.0,6.0,2.0,,,2.0,0.0,Completed,1.01,21.0,1.02,22.17,1.03,25.0,1.01,18.05
WTA,2022,23,Paris,French Open,2022-05-26,Grand Slam,Outdoor,Clay,2nd Round,3,Sabalenka A.,Brengle M.,7.0,57.0,3966.0,1062.0,6.0,1.0,6.0,3.0,,,2.0,0.0,Completed,1.16,5.0,1.2,5.12,1.2,5.5,1.18,4.83
WTA,2022,23,Paris,French Open,2022-05-26,Grand Slam,Outdoor,Clay,2nd Round,3,Rogers S.,Collins D.,50.0,9.0,1134.0,3315.0,6.0,4.0,6.0,3.0,,,2.0,0.0,Completed,3.5,1.3,3.51,1.34,3.82,1.35,3.5,1.31
WTA,2022,23,Paris,French Open,2022-05-26,Grand Slam,Outdoor,Clay,2nd Round,3,Cornet A.,Ostapenko J.,40.0,13.0,1266.0,2536.0,6.0,0.0,1.0,6.0,6.0,3.0,2.0,1.0,Completed,2.75,1.44,2.61,1.55,2.78,1.57,2.61,1.5
WTA,2022,23,Paris,French Open,2022-05-28,Grand Slam,Outdoor,Clay,2nd Round,3,Zidansek T.,Sherif M.,25.0,49.0,1683.0,1135.0,,,,,,,,,Walkover,1.72,2.1,1.72,2.2,1.76,2.25,1.7,2.15
WTA,2022,23,Paris,French Open,2022-05-27,Grand Slam,Outdoor,Clay,3rd Round,3,Anisimova A.,Muchova K.,28.0,81.0,1610.0,808.0,6.0,7.0,6.0,2.0,3.0,0.0,1.0,1.0,Retired,1.4,3.0,1.4,3.17,1.47,3.36,1.39,3.04
WTA,2022,23,Paris,French Open,2022-05-27,Grand Slam,Outdoor,Clay,3rd Round,3,Fernandez L.A.,Bencic B.,18.0,14.0,2245.0,2525.0,7.0,5.0,3.0,6.0,7.0,5.0,2.0,1.0,Completed,2.75,1.44,2.75,1.5,2.95,1.52,2.76,1.45
WTA,2022,23,Paris,French Open,2022-05-27,Grand Slam,Outdoor,Clay,3rd Round,3,Trevisan M.,Saville D.,59.0,127.0,1038.0,496.0,6.0,3.0,6.0,4.0,,,2.0,0.0,Completed,1.57,2.37,1.66,2.35,1.72,2.46,1.64,2.27
WTA,2022,23,Paris,French Open,2022-05-27,Grand Slam,Outdoor,Clay,3rd Round,3,Sasnovich A.,Kerber A.,47.0,17.0,1171.0,2354.0,6.0,4.0,7.0,6.0,,,2.0,0.0,Completed,1.9,1.9,1.92,1.97,2.1,2.0,1.91,1.9
WTA,2022,23,Paris,French Open,2022-05-27,Grand Slam,Outdoor,Clay,3rd Round,3,Gauff C.,Kanepi K.,23.0,46.0,1886.0,1177.0,6.0,3.0,6.0,4.0,,,2.0,0.0,Completed,1.53,2.5,1.57,2.55,1.64,2.6,1.55,2.46
WTA,2022,23,Paris,French Open,2022-05-27,Grand Slam,Outdoor,Clay,3rd Round,3,Mertens E.,Gracheva V.,32.0,71.0,1505.0,914.0,6.0,2.0,6.0,3.0,,,2.0,0.0,Completed,1.4,3.0,1.43,3.03,1.45,3.2,1.41,2.94
WTA,2022,23,Paris,French Open,2022-05-27,Grand Slam,Outdoor,Clay,3rd Round,3,Teichmann J.,Azarenka V.,24.0,15.0,1783.0,2440.0,4.0,6.0,7.0,5.0,7.0,6.0,2.0,1.0,Completed,1.9,1.9,1.95,1.93,1.96,1.97,1.91,1.91
WTA,2022,23,Paris,French Open,2022-05-27,Grand Slam,Outdoor,Clay,3rd Round,3,Stephens S.,Parry D.,64.0,97.0,1000.0,682.0,6.0,2.0,6.0,3.0,,,2.0,0.0,Completed,1.5,2.62,1.51,2.74,1.57,2.8,1.5,2.62
WTA,2022,23,Paris,French Open,2022-05-28,Grand Slam,Outdoor,Clay,3rd Round,3,Begu I.,Jeanjean L.,63.0,227.0,1004.0,307.0,6.0,1.0,6.0,4.0,,,2.0,0.0,Completed,1.36,3.2,1.35,3.45,1.43,3.45,1.36,3.2
WTA,2022,23,Paris,French Open,2022-05-28,Grand Slam,Outdoor,Clay,3rd Round,3,Swiatek I.,Kovinic D.,1.0,95.0,7061.0,713.0,6.0,3.0,7.0,5.0,,,2.0,0.0,Completed,1.01,21.0,1.02,17.54,1.03,29.0,1.02,16.68
WTA,2022,23,Paris,French Open,2022-05-28,Grand Slam,Outdoor,Clay,3rd Round,3,Kasatkina D.,Rogers S.,20.0,50.0,2115.0,1134.0,6.0,3.0,6.0,2.0,,,2.0,0.0,Completed,1.36,3.2,1.33,3.64,1.37,3.65,1.33,3.38
WTA,2022,23,Paris,French Open,2022-05-28,Grand Slam,Outdoor,Clay,3rd Round,3,Zheng Q.,Cornet A.,74.0,40.0,879.0,1266.0,6.0,0.0,3.0,0.0,,,1.0,0.0,Retired,1.61,2.3,1.67,2.32,1.73,2.33,1.66,2.22
WTA,2022,23,Paris,French Open,2022-05-28,Grand Slam,Outdoor,Clay,3rd Round,3,Giorgi C.,Sabalenka A.,30.0,7.0,1583.0,3966.0,4.0,6.0,6.0,1.0,6.0,0.0,2.0,1.0,Completed,3.4,1.33,3.44,1.35,3.9,1.36,3.48,1.31
WTA,2022,23,Paris,French Open,2022-05-28,Grand Slam,Outdoor,Clay,3rd Round,3,Pegula J.,Zidansek T.,11.0,25.0,2955.0,1683.0,6.0,1.0,7.0,6.0,,,2.0,0.0,Completed,1.36,3.2,1.42,3.07,1.43,3.2,1.38,3.04
WTA,2022,23,Paris,French Open,2022-05-28,Grand Slam,Outdoor,Clay,3rd Round,3,Kudermetova V.,Badosa P.,29.0,4.0,1585.0,4545.0,6.0,3.0,2.0,1.0,,,1.0,0.0,Retired,3.75,1.28,4.09,1.27,4.25,1.32,3.82,1.27
WTA,2022,23,Paris,French Open,2022-05-28,Grand Slam,Outdoor,Clay,3rd Round,3,Keys M.,Rybakina E.,22.0,16.0,1899.0,2420.0,3.0,6.0,6.0,1.0,7.0,6.0,2.0,1.0,Completed,2.62,1.5,2.86,1.48,2.86,1.55,2.66,1.49
WTA,2022,23,Paris,French Open,2022-05-29,Grand Slam,Outdoor,Clay,4th Round,3,Trevisan M.,Sasnovich A.,59.0,47.0,1038.0,1171.0,7.0,6.0,7.0,5.0,,,2.0,0.0,Completed,2.0,1.8,1.95,1.95,2.18,2.15,1.93,1.88
WTA,2022,23,Paris,French Open,2022-05-29,Grand Slam,Outdoor,Clay,4th Round,3,Fernandez L.A.,Anisimova A.,18.0,28.0,2245.0,1610.0,6.0,3.0,4.0,6.0,6.0,3.0,2.0,1.0,Completed,2.75,1.44,2.78,1.51,3.05,1.53,2.71,1.48
WTA,2022,23,Paris,French Open,2022-05-29,Grand Slam,Outdoor,Clay,4th Round,3,Gauff C.,Mertens E.,23.0,32.0,1886.0,1505.0,6.0,4.0,6.0,0.0,,,2.0,0.0,Completed,1.44,2.75,1.44,3.03,1.49,3.06,1.43,2.86
WTA,2022,23,Paris,French Open,2022-05-29,Grand Slam,Outdoor,Clay,4th Round,3,Stephens S.,Teichmann J.,64.0,24.0,1000.0,1783.0,6.0,2.0,6.0,0.0,,,2.0,0.0,Completed,2.62,1.5,2.8,1.5,2.97,1.58,2.67,1.48
WTA,2022,23,Paris,French Open,2022-05-30,Grand Slam,Outdoor,Clay,4th Round,3,Kasatkina D.,Giorgi C.,20.0,30.0,2115.0,1583.0,6.0,2.0,6.0,2.0,,,2.0,0.0,Completed,1.4,3.0,1.47,2.9,1.5,3.0,1.44,2.82
WTA,2022,23,Paris,French Open,2022-05-30,Grand Slam,Outdoor,Clay,4th Round,3,Kudermetova V.,Keys M.,29.0,22.0,1585.0,1899.0,1.0,6.0,6.0,3.0,6.0,1.0,2.0,1.0,Completed,2.1,1.72,2.22,1.74,2.26,1.77,2.15,1.71
WTA,2022,23,Paris,French Open,2022-05-30,Grand Slam,Outdoor,Clay,4th Round,3,Pegula J.,Begu I.,11.0,63.0,2955.0,1004.0,4.0,6.0,6.0,2.0,6.0,3.0,2.0,1.0,Completed,1.4,3.0,1.44,3.03,1.46,3.15,1.41,2.94
WTA,2022,23,Paris,French Open,2022-05-30,Grand Slam,Outdoor,Clay,4th Round,3,Swiatek I.,Zheng Q.,1.0,74.0,7061.0,879.0,6.0,7.0,6.0,0.0,6.0,2.0,2.0,1.0,Completed,1.05,11.0,1.06,11.93,1.08,12.0,1.06,10.11
WTA,2022,23,Paris,French Open,2022-05-31,Grand Slam,Outdoor,Clay,Quarterfinals,3,Trevisan M.,Fernandez L.A.,59.0,18.0,1038.0,2245.0,6.0,2.0,6.0,7.0,6.0,3.0,2.0,1.0,Completed,2.75,1.44,2.77,1.51,2.85,1.67,2.64,1.49
WTA,2022,23,Paris,French Open,2022-05-31,Grand Slam,Outdoor,Clay,Quarterfinals,3,Gauff C.,Stephens S.,23.0,64.0,1886.0,1000.0,7.0,5.0,6.0,2.0,,,2.0,0.0,Completed,1.53,2.5,1.49,2.82,1.56,2.82,1.51,2.6
WTA,2022,23,Paris,French Open,2022-06-01,Grand Slam,Outdoor,Clay,Quarterfinals,3,Kasatkina D.,Kudermetova V.,20.0,29.0,2115.0,1585.0,6.0,4.0,7.0,6.0,,,2.0,0.0,Completed,1.5,2.62,1.47,2.89,1.53,2.89,1.48,2.7
WTA,2022,23,Paris,French Open,2022-06-01,Grand Slam,Outdoor,Clay,Quarterfinals,3,Swiatek I.,Pegula J.,1.0,11.0,7061.0,2955.0,6.0,3.0,6.0,2.0,,,2.0,0.0,Completed,1.11,6.5,1.11,8.19,1.15,8.19,1.11,6.86
WTA,2022,23,Paris,French Open,2022-06-02,Grand Slam,Outdoor,Clay,Semifinals,3,Swiatek I.,Kasatkina D.,1.0,20.0,7061.0,2115.0,6.0,2.0,6.0,1.0,,,2.0,0.0,Completed,1.1,7.0,1.09,9.03,1.14,9.03,1.1,7.39
WTA,2022,23,Paris,French Open,2022-06-02,Grand Slam,Outdoor,Clay,Semifinals,3,Gauff C.,Trevisan M.,23.0,59.0,1886.0,1038.0,6.0,3.0,6.0,1.0,,,2.0,0.0,Completed,1.33,3.4,1.34,3.61,1.43,3.61,1.36,3.19
WTA,2022,23,Paris,French Open,2022-06-04,Grand Slam,Outdoor,Clay,The Final,3,Swiatek I.,Gauff C.,1.0,23.0,7061.0,1886.0,6.0,1.0,6.0,3.0,,,2.0,0.0,Completed,1.15,6.0,1.15,6.4,1.2,6.8,1.15,5.8
WTA,2022,30,London,Wimbledon,2022-06-27,Grand Slam,Outdoor,Grass,1st Round,3,Chwalinska M.,Siniakova K.,170.0,79.0,384.0,823.0,6.0,0.0,7.0,5.0,,,2.0,0.0,Completed,3.2,1.36,3.47,1.35,3.47,1.38,3.28,1.34
WTA,2022,30,London,Wimbledon,2022-06-27,Grand Slam,Outdoor,Grass,1st Round,3,Riske A.,In-Albon Y.,36.0,113.0,1381.0,590.0,6.0,2.0,6.0,4.0,,,2.0,0.0,Completed,1.08,8.0,1.11,7.66,1.12,8.5,1.09,7.33
WTA,2022,30,London,Wimbledon,2022-06-27,Grand Slam,Outdoor,Grass,1st Round,3,Tsurenko L.,Burrage J.,101.0,141.0,687.0,442.0,6.0,2.0,6.0,3.0,,,2.0,0.0,Completed,1.4,3.0,1.45,2.93,1.53,3.02,1.47,2.71
WTA,2022,30,London,Wimbledon,2022-06-27,Grand Slam,Outdoor,Grass,1st Round,3,Kalinina A.,Bondar A.,34.0,64.0,1417.0,1013.0,4.0,6.0,6.0,2.0,6.0,4.0,2.0,1.0,Completed,1.25,4.0,1.27,4.12,1.28,4.4,1.25,3.95
WTA,2022,30,London,Wimbledon,2022-06-27,Grand Slam,Outdoor,Grass,1st Round,3,Jabeur O.,Bjorklund M.,2.0,125.0,4340.0,514.0,6.0,1.0,6.0,3.0,,,2.0,0.0,Completed,1.05,11.0,1.04,15.83,1.08,17.0,1.04,12.63
WTA,2022,30,London,Wimbledon,2022-06-27,Grand Slam,Outdoor,Grass,1st Round,3,Kawa K.,Marino R.,132.0,104.0,490.0,649.0,6.0,4.0,3.0,6.0,7.0,5.0,2.0,1.0,Completed,4.33,1.22,4.36,1.25,4.45,1.25,4.19,1.23
WTA,2022,30,London,Wimbledon,2022-06-27,Grand Slam,Outdoor,Grass,1st Round,3,Mertens E.,Osorio M.,31.0,17.0,1615.0,2431.0,1.0,6.0,6.0,2.0,4.0,2.0,1.0,1.0,Retired,1.2,4.5,1.23,4.59,1.24,5.0,1.21,4.45
WTA,2022,30,London,Wimbledon,2022-06-27,Grand Slam,Outdoor,Grass,1st Round,3,Garcia C.,Miyazaki Y.,55.0,204.0,1105.0,336.0,4.0,6.0,6.0,1.0,7.0,6.0,2.0,1.0,Completed,1.25,4.0,1.27,4.12,1.32,4.25,1.26,3.89
WTA,2022,30,London,Wimbledon,2022-06-27,Grand Slam,Outdoor,Grass,1st Round,3,Niemeier J.,Wang Xiy.,97.0,105.0,709.0,641.0,6.0,1.0,6.0,4.0,,,2.0,0.0,Completed,1.4,3.0,1.45,2.93,1.49,3.2,1.43,2.84
WTA,2022,30,London,Wimbledon,2022-06-27,Grand Slam,Outdoor,Grass,1st Round,3,Kontaveit A.,Pera B.,3.0,123.0,4306.0,528.0,7.0,5.0,6.0,1.0,,,2.0,0.0,Completed,1.25,4.0,1.25,4.31,1.26,4.8,1.22,4.23
WTA,2022,30,London,Wimbledon,2022-06-27,Grand Slam,Outdoor,Grass,1st Round,3,Raducanu E.,Van Uytvanck A.,11.0,46.0,2952.0,1215.0,6.0,4.0,6.0,4.0,,,2.0,0.0,Completed,2.37,1.57,2.43,1.62,2.49,1.66,2.37,1.58
WTA,2022,30,London,Wimbledon,2022-06-27,Grand Slam,Outdoor,Grass,1st Round,3,Parry D.,Kanepi K.,77.0,38.0,841.0,1297.0,6.0,4.0,6.0,4.0,,,2.0,0.0,Completed,3.75,1.28,4.2,1.26,4.2,1.3,3.8,1.27
WTA,2022,30,London,Wimbledon,2022-06-27,Grand Slam,Outdoor,Grass,1st Round,3,Juvan K.,Haddad Maia B.,62.0,28.0,1040.0,1782.0,6.0,4.0,4.0,6.0,6.0,2.0,2.0,1.0,Completed,3.5,1.3,3.87,1.3,4.05,1.31,3.73,1.27
WTA,2022,30,London,Wimbledon,2022-06-27,Grand Slam,Outdoor,Grass,1st Round,3,Cirstea S.,Krunic A.,32.0,107.0,1430.0,639.0,7.0,6.0,7.0,6.0,,,2.0,0.0,Completed,1.36,3.2,1.37,3.36,1.42,3.47,1.35,3.23
WTA,2022,30,London,Wimbledon,2022-06-27,Grand Slam,Outdoor,Grass,1st Round,3,Cocciaretto E.,Trevisan M.,119.0,29.0,557.0,1744.0,6.0,2.0,6.0,0.0,,,2.0,0.0,Completed,2.5,1.53,2.48,1.6,2.7,1.6,2.52,1.52
WTA,2022,30,London,Wimbledon,2022-06-27,Grand Slam,Outdoor,Grass,1st Round,3,Hontama M.,Tauson C.,139.0,53.0,444.0,1129.0,4.0,1.0,,,,,0.0,0.0,Retired,2.37,1.57,2.39,1.64,2.5,1.66,2.36,1.59
WTA,2022,30,London,Wimbledon,2022-06-27,Grand Slam,Outdoor,Grass,1st Round,3,Bouzkova M.,Collins D.,66.0,8.0,940.0,3255.0,5.0,7.0,6.0,4.0,6.0,4.0,2.0,1.0,Completed,2.2,1.66,2.18,1.75,2.25,1.79,2.11,1.72
WTA,2022,30,London,Wimbledon,2022-06-27,Grand Slam,Outdoor,Grass,1st Round,3,Galfi D.,Inglis M.,89.0,129.0,762.0,497.0,5.0,7.0,6.0,3.0,6.0,4.0,2.0,1.0,Completed,1.44,2.75,1.47,2.87,1.47,3.05,1.43,2.81
WTA,2022,30,London,Wimbledon,2022-06-27,Grand Slam,Outdoor,Grass,1st Round,3,Li A.,Bronzetti L.,67.0,73.0,922.0,875.0,6.0,1.0,6.0,4.0,,,2.0,0.0,Completed,1.5,2.62,1.49,2.8,1.5,2.9,1.47,2.68
WTA,2022,30,London,Wimbledon,2022-06-27,Grand Slam,Outdoor,Grass,1st Round,3,Linette M.,Contreras Gomez F.,65.0,191.0,956.0,351.0,6.0,1.0,6.0,4.0,,,2.0,0.0,Completed,1.14,5.5,1.19,5.24,1.2,6.7,1.16,5.22
WTA,2022,30,London,Wimbledon,2022-06-27,Grand Slam,Outdoor,Grass,1st Round,3,Udvardy P.,Zidansek T.,100.0,60.0,688.0,1062.0,6.0,4.0,7.0,6.0,,,2.0,0.0,Completed,4.5,1.2,4.6,1.23,4.75,1.25,4.36,1.21
WTA,2022,30,London,Wimbledon,2022-06-27,Grand Slam,Outdoor,Grass,1st Round,3,Kerber A.,Mladenovic K.,19.0,120.0,2199.0,556.0,6.0,0.0,7.0,5.0,,,2.0,0.0,Completed,1.1,7.0,1.11,7.97,1.11,8.6,1.09,7.39
WTA,2022,30,London,Wimbledon,2022-06-27,Grand Slam,Outdoor,Grass,1st Round,3,Begu I.,Gorgodze E.,43.0,114.0,1234.0,580.0,6.0,4.0,6.0,1.0,,,2.0,0.0,Completed,1.1,7.0,1.13,6.79,1.13,7.5,1.12,6.37
WTA,2022,30,London,Wimbledon,2022-06-28,Grand Slam,Outdoor,Grass,1st Round,3,Sakkari M.,Hives Z.,5.0,571.0,4205.0,71.0,6.0,1.0,6.0,4.0,,,2.0,0.0,Completed,1.02,19.0,1.04,14.35,1.04,21.0,1.02,14.45
WTA,2022,30,London,Wimbledon,2022-06-28,Grand Slam,Outdoor,Grass,1st Round,3,Tomova V.,Saville D.,112.0,98.0,603.0,708.0,7.0,5.0,3.0,6.0,7.0,5.0,2.0,1.0,Completed,2.5,1.53,2.71,1.52,2.71,1.57,2.55,1.52
WTA,2022,30,London,Wimbledon,2022-06-28,Grand Slam,Outdoor,Grass,1st Round,3,Cornet A.,Putintseva Y.,37.0,33.0,1311.0,1420.0,6.0,3.0,7.0,6.0,,,2.0,0.0,Completed,1.72,2.1,1.69,2.29,1.83,2.4,1.69,2.18
WTA,2022,30,London,Wimbledon,2022-06-28,Grand Slam,Outdoor,Grass,1st Round,3,Liu C.,Parrizas Diaz N.,75.0,51.0,854.0,1162.0,7.0,5.0,6.0,3.0,,,2.0,0.0,Completed,1.66,2.2,1.75,2.19,1.8,2.35,1.68,2.18
WTA,2022,30,London,Wimbledon,2022-06-28,Grand Slam,Outdoor,Grass,1st Round,3,Golubic V.,Petkovic A.,58.0,57.0,1062.0,1082.0,6.0,4.0,6.0,3.0,,,2.0,0.0,Completed,1.57,2.37,1.59,2.5,1.67,2.55,1.58,2.38
WTA,2022,30,London,Wimbledon,2022-06-28,Grand Slam,Outdoor,Grass,1st Round,3,Harrison Ca.,Rus A.,262.0,86.0,266.0,782.0,6.0,1.0,6.0,4.0,,,2.0,0.0,Completed,3.4,1.33,3.62,1.34,3.75,1.38,3.47,1.31
WTA,2022,30,London,Wimbledon,2022-06-28,Grand Slam,Outdoor,Grass,1st Round,3,Kostyuk M.,Swan K.,76.0,184.0,845.0,358.0,4.0,6.0,6.0,4.0,6.0,4.0,2.0,1.0,Completed,1.4,3.0,1.45,2.95,1.45,3.2,1.42,2.89
WTA,2022,30,London,Wimbledon,2022-06-28,Grand Slam,Outdoor,Grass,1st Round,3,Ostapenko J.,Dodin O.,17.0,85.0,2431.0,788.0,6.0,4.0,6.0,4.0,,,2.0,0.0,Completed,1.12,6.0,1.15,6.16,1.18,6.7,1.15,5.61
WTA,2022,30,London,Wimbledon,2022-06-28,Grand Slam,Outdoor,Grass,1st Round,3,Wickmayer Y.,Zhu L.,606.0,99.0,63.0,695.0,6.0,4.0,6.0,2.0,,,2.0,0.0,Completed,1.66,2.2,1.59,2.51,1.8,2.6,1.62,2.32
WTA,2022,30,London,Wimbledon,2022-06-28,Grand Slam,Outdoor,Grass,1st Round,3,Zhang S.,Doi M.,41.0,108.0,1240.0,635.0,6.0,4.0,6.0,0.0,,,2.0,0.0,Completed,1.14,5.5,1.18,5.55,1.18,6.05,1.15,5.37
WTA,2022,30,London,Wimbledon,2022-06-28,Grand Slam,Outdoor,Grass,1st Round,3,Buzarnescu M.,Schunk N.,127.0,154.0,507.0,417.0,6.0,4.0,6.0,2.0,,,2.0,0.0,Completed,2.5,1.53,2.35,1.65,2.55,1.66,2.39,1.58
WTA,2022,30,London,Wimbledon,2022-06-28,Grand Slam,Outdoor,Grass,1st Round,3,Krejcikova B.,Zanevska M.,14.0,68.0,2593.0,921.0,7.0,6.0,6.0,3.0,,,2.0,0.0,Completed,1.2,4.5,1.22,4.85,1.25,5.0,1.2,4.59
WTA,2022,30,London,Wimbledon,2022-06-28,Grand Slam,Outdoor,Grass,1st Round,3,Pattinama Kerkhove L.,Kartal S.,138.0,226.0,444.0,308.0,6.0,4.0,3.0,6.0,6.0,1.0,2.0,1.0,Completed,3.0,1.4,2.98,1.43,3.4,1.53,2.81,1.44
WTA,2022,30,London,Wimbledon,2022-06-28,Grand Slam,Outdoor,Grass,1st Round,3,Davis L.,Brengle M.,102.0,59.0,673.0,1062.0,6.0,2.0,7.0,5.0,,,2.0,0.0,Completed,1.72,2.1,1.74,2.2,1.8,2.2,1.73,2.11
WTA,2022,30,London,Wimbledon,2022-06-28,Grand Slam,Outdoor,Grass,1st Round,3,Gauff C.,Ruse E.G.,12.0,54.0,2886.0,1127.0,2.0,6.0,6.0,3.0,7.0,5.0,2.0,1.0,Completed,1.08,8.0,1.12,7.28,1.12,9.0,1.1,7.12
WTA,2022,30,London,Wimbledon,2022-06-28,Grand Slam,Outdoor,Grass,1st Round,3,Wang Q.,Bencic B.,140.0,16.0,442.0,2585.0,6.0,4.0,5.0,7.0,6.0,2.0,2.0,1.0,Completed,4.33,1.22,4.79,1.22,5.0,1.23,4.53,1.2
WTA,2022,30,London,Wimbledon,2022-06-28,Grand Slam,Outdoor,Grass,1st Round,3,Tomljanovic A.,Teichmann J.,44.0,22.0,1221.0,2023.0,6.0,2.0,6.0,3.0,,,2.0,0.0,Completed,1.5,2.62,1.49,2.79,1.67,2.85,1.49,2.64
WTA,2022,30,London,Wimbledon,2022-06-28,Grand Slam,Outdoor,Grass,1st Round,3,Swiatek I.,Fett J.,1.0,252.0,8576.0,276.0,6.0,0.0,6.0,3.0,,,2.0,0.0,Completed,1.01,21.0,1.03,16.28,1.06,21.0,1.02,15.63
WTA,2022,30,London,Wimbledon,2022-06-28,Grand Slam,Outdoor,Grass,1st Round,3,Maria T.,Sharma A.,103.0,136.0,654.0,461.0,4.0,6.0,6.0,3.0,6.0,4.0,2.0,1.0,Completed,1.44,2.75,1.46,2.92,1.46,2.95,1.44,2.81
WTA,2022,30,London,Wimbledon,2022-06-28,Grand Slam,Outdoor,Grass,1st Round,3,Badosa P.,Chirico L.,4.0,236.0,4245.0,296.0,6.0,2.0,6.0,1.0,,,2.0,0.0,Completed,1.1,7.0,1.13,6.86,1.16,8.5,1.11,6.76
WTA,2022,30,London,Wimbledon,2022-06-28,Grand Slam,Outdoor,Grass,1st Round,3,Anisimova A.,Yuan Y.,25.0,152.0,1840.0,418.0,6.0,3.0,6.0,4.0,,,2.0,0.0,Completed,,,,,,,,
WTA,2022,30,London,Wimbledon,2022-06-28,Grand Slam,Outdoor,Grass,1st Round,3,Flipkens K.,Fourlis J.,190.0,150.0,351.0,420.0,7.0,5.0,6.0,2.0,,,2.0,0.0,Completed,1.4,3.0,1.46,2.92,1.67,3.2,1.4,2.95
WTA,2022,30,London,Wimbledon,2022-06-28,Grand Slam,Outdoor,Grass,1st Round,3,Bogdan A.,Yastremska D.,111.0,74.0,610.0,856.0,6.0,2.0,6.0,2.0,,,2.0,0.0,Completed,2.62,1.5,2.61,1.55,2.73,1.58,2.56,1.51
WTA,2022,30,London,Wimbledon,2022-06-28,Grand Slam,Outdoor,Grass,1st Round,3,Watson H.,Korpatsch T.,121.0,110.0,541.0,616.0,6.0,7.0,7.0,5.0,6.0,2.0,2.0,1.0,Completed,1.4,3.0,1.44,3.0,1.45,3.15,1.42,2.9
WTA,2022,30,London,Wimbledon,2022-06-28,Grand Slam,Outdoor,Grass,1st Round,3,Bara I.,Paquet C.,122.0,106.0,537.0,641.0,6.0,2.0,6.0,4.0,,,2.0,0.0,Completed,2.2,1.66,2.2,1.74,2.26,1.76,2.16,1.7
WTA,2022,30,London,Wimbledon,2022-06-28,Grand Slam,Outdoor,Grass,1st Round,3,Kvitova P.,Paolini J.,26.0,72.0,1795.0,884.0,2.0,6.0,6.0,4.0,6.0,2.0,2.0,1.0,Completed,1.04,13.0,1.04,13.98,1.05,15.0,1.03,11.94
WTA,2022,30,London,Wimbledon,2022-06-28,Grand Slam,Outdoor,Grass,1st Round,3,Halep S.,Muchova K.,18.0,81.0,2315.0,808.0,6.0,3.0,6.0,2.0,,,2.0,0.0,Completed,1.28,3.75,1.39,3.22,1.39,4.25,1.32,3.39
WTA,2022,30,London,Wimbledon,2022-06-28,Grand Slam,Outdoor,Grass,1st Round,3,Sorribes Tormo S.,Mchale C.,45.0,261.0,1221.0,266.0,6.0,2.0,6.0,1.0,,,2.0,0.0,Completed,1.25,4.0,1.29,3.91,1.29,4.35,1.25,3.89
WTA,2022,30,London,Wimbledon,2022-06-28,Grand Slam,Outdoor,Grass,1st Round,3,Frech M.,Giorgi C.,92.0,27.0,746.0,1787.0,7.0,6.0,6.0,1.0,,,2.0,0.0,Completed,3.5,1.3,3.96,1.29,4.15,1.32,3.58,1.29
WTA,2022,30,London,Wimbledon,2022-06-28,Grand Slam,Outdoor,Grass,1st Round,3,Rybakina E.,Vandeweghe C.,23.0,157.0,1990.0,409.0,7.0,6.0,7.0,5.0,,,2.0,0.0,Completed,1.28,3.75,1.29,3.93,1.31,4.15,1.27,3.79
WTA,2022,30,London,Wimbledon,2022-06-28,Grand Slam,Outdoor,Grass,1st Round,3,Andreescu B.,Bektas E.,56.0,224.0,1092.0,310.0,6.0,1.0,6.0,3.0,,,2.0,0.0,Completed,1.05,11.0,1.06,11.87,1.06,13.0,1.05,10.45
WTA,2022,30,London,Wimbledon,2022-06-28,Grand Slam,Outdoor,Grass,1st Round,3,Schmiedlova A.,Peterson R.,84.0,96.0,791.0,711.0,7.0,5.0,0.0,6.0,6.0,3.0,2.0,1.0,Completed,2.2,1.66,2.13,1.79,2.23,1.8,2.13,1.72
WTA,2022,30,London,Wimbledon,2022-06-28,Grand Slam,Outdoor,Grass,1st Round,3,Tan H.,Williams S.,115.0,1204.0,575.0,10.0,7.0,5.0,1.0,6.0,7.0,6.0,2.0,1.0,Completed,3.75,1.28,3.72,1.31,3.75,1.35,3.56,1.3
WTA,2022,30,London,Wimbledon,2022-06-28,Grand Slam,Outdoor,Grass,1st Round,3,Zheng Q.,Stephens S.,52.0,48.0,1153.0,1190.0,7.0,6.0,7.0,5.0,,,2.0,0.0,Completed,2.2,1.66,2.28,1.69,2.29,1.8,2.19,1.68
WTA,2022,30,London,Wimbledon,2022-06-28,Grand Slam,Outdoor,Grass,1st Round,3,Kucova K.,Pigossi L.,91.0,124.0,750.0,517.0,7.0,5.0,6.0,0.0,,,2.0,0.0,Completed,1.5,2.62,1.6,2.48,1.66,2.77,1.54,2.49
WTA,2022,30,London,Wimbledon,2022-06-28,Grand Slam,Outdoor,Grass,1st Round,3,Boulter K.,Burel C.,118.0,95.0,557.0,713.0,7.0,5.0,6.0,3.0,,,2.0,0.0,Completed,1.16,5.0,1.22,4.81,1.27,5.2,1.19,4.62
WTA,2022,30,London,Wimbledon,2022-06-28,Grand Slam,Outdoor,Grass,1st Round,3,Martic P.,Rogers S.,80.0,39.0,815.0,1296.0,6.0,2.0,7.0,6.0,,,2.0,0.0,Completed,2.37,1.57,2.45,1.61,2.6,1.62,2.39,1.58
WTA,2022,30,London,Wimbledon,2022-06-29,Grand Slam,Outdoor,Grass,1st Round,3,Pliskova Ka.,Martincova T.,7.0,61.0,3777.0,1050.0,7.0,6.0,7.0,5.0,,,2.0,0.0,Completed,1.36,3.2,1.37,3.35,1.42,3.35,1.36,3.06
WTA,2022,30,London,Wimbledon,2022-06-29,Grand Slam,Outdoor,Grass,1st Round,3,Pegula J.,Vekic D.,9.0,82.0,3156.0,795.0,6.0,3.0,7.0,6.0,,,2.0,0.0,Completed,1.66,2.2,1.69,2.29,1.7,2.35,1.66,2.23
WTA,2022,30,London,Wimbledon,2022-06-29,Grand Slam,Outdoor,Grass,1st Round,3,Dart H.,Masarova R.,94.0,146.0,735.0,429.0,6.0,1.0,6.0,4.0,,,2.0,0.0,Completed,1.2,4.5,1.25,4.4,1.25,5.24,1.2,4.49
WTA,2022,30,London,Wimbledon,2022-06-29,Grand Slam,Outdoor,Grass,1st Round,3,Minnen G.,Muguruza G.,88.0,10.0,764.0,3015.0,6.0,4.0,6.0,0.0,,,2.0,0.0,Completed,4.5,1.2,4.46,1.24,4.8,1.25,4.38,1.21
WTA,2022,30,London,Wimbledon,2022-06-29,Grand Slam,Outdoor,Grass,2nd Round,3,Tsurenko L.,Kalinina A.,101.0,34.0,687.0,1417.0,3.0,6.0,6.0,4.0,6.0,3.0,2.0,1.0,Completed,2.2,1.66,2.2,1.74,2.32,1.74,2.24,1.66
WTA,2022,30,London,Wimbledon,2022-06-29,Grand Slam,Outdoor,Grass,2nd Round,3,Zhang S.,Kostyuk M.,41.0,76.0,1240.0,845.0,7.0,6.0,6.0,2.0,,,2.0,0.0,Completed,2.0,1.8,2.01,1.88,2.05,1.98,1.96,1.84
WTA,2022,30,London,Wimbledon,2022-06-29,Grand Slam,Outdoor,Grass,2nd Round,3,Niemeier J.,Kontaveit A.,97.0,3.0,709.0,4306.0,6.0,4.0,6.0,0.0,,,2.0,0.0,Completed,2.75,1.44,2.89,1.46,2.9,1.53,2.74,1.46
WTA,2022,30,London,Wimbledon,2022-06-29,Grand Slam,Outdoor,Grass,2nd Round,3,Maria T.,Cirstea S.,103.0,32.0,654.0,1430.0,6.0,3.0,1.0,6.0,7.0,5.0,2.0,1.0,Completed,2.62,1.5,2.76,1.5,3.0,1.51,2.7,1.47
WTA,2022,30,London,Wimbledon,2022-06-29,Grand Slam,Outdoor,Grass,2nd Round,3,Ostapenko J.,Wickmayer Y.,17.0,606.0,2431.0,63.0,6.0,2.0,6.0,2.0,,,2.0,0.0,Completed,1.2,4.5,1.17,5.76,1.22,8.0,1.17,5.21
WTA,2022,30,London,Wimbledon,2022-06-29,Grand Slam,Outdoor,Grass,2nd Round,3,Bouzkova M.,Li A.,66.0,67.0,940.0,922.0,6.0,0.0,6.0,3.0,,,2.0,0.0,Completed,1.61,2.3,1.56,2.58,1.65,2.65,1.56,2.43
WTA,2022,30,London,Wimbledon,2022-06-29,Grand Slam,Outdoor,Grass,2nd Round,3,Garcia C.,Raducanu E.,55.0,11.0,1105.0,2952.0,6.0,3.0,6.0,3.0,,,2.0,0.0,Completed,2.2,1.66,2.34,1.66,2.35,1.7,2.26,1.64
WTA,2022,30,London,Wimbledon,2022-06-29,Grand Slam,Outdoor,Grass,2nd Round,3,Kerber A.,Linette M.,19.0,65.0,2199.0,956.0,6.0,3.0,6.0,3.0,,,2.0,0.0,Completed,1.33,3.4,1.33,3.63,1.35,3.63,1.32,3.38
WTA,2022,30,London,Wimbledon,2022-06-29,Grand Slam,Outdoor,Grass,2nd Round,3,Parry D.,Hontama M.,77.0,139.0,841.0,444.0,6.0,3.0,6.0,2.0,,,2.0,0.0,Completed,1.61,2.3,1.61,2.46,1.67,2.49,1.6,2.36
WTA,2022,30,London,Wimbledon,2022-06-29,Grand Slam,Outdoor,Grass,2nd Round,3,Riske A.,Chwalinska M.,36.0,170.0,1381.0,384.0,3.0,6.0,6.0,1.0,6.0,0.0,2.0,1.0,Completed,1.16,5.0,1.19,5.37,1.21,5.5,1.17,5.06
WTA,2022,30,London,Wimbledon,2022-06-29,Grand Slam,Outdoor,Grass,2nd Round,3,Begu I.,Cocciaretto E.,43.0,119.0,1234.0,557.0,6.0,4.0,6.0,4.0,,,2.0,0.0,Completed,1.44,2.75,1.44,2.98,1.53,3.0,1.43,2.81
WTA,2022,30,London,Wimbledon,2022-06-29,Grand Slam,Outdoor,Grass,2nd Round,3,Sakkari M.,Tomova V.,5.0,112.0,4205.0,603.0,6.0,4.0,6.0,3.0,,,2.0,0.0,Completed,1.14,5.5,1.15,6.14,1.2,6.5,1.14,5.84
WTA,2022,30,London,Wimbledon,2022-06-29,Grand Slam,Outdoor,Grass,2nd Round,3,Jabeur O.,Kawa K.,2.0,132.0,4340.0,490.0,6.0,4.0,6.0,0.0,,,2.0,0.0,Completed,1.04,13.0,1.03,17.54,1.07,19.0,1.03,13.99
WTA,2022,30,London,Wimbledon,2022-06-29,Grand Slam,Outdoor,Grass,2nd Round,3,Juvan K.,Galfi D.,62.0,89.0,1040.0,762.0,7.0,5.0,6.0,3.0,,,2.0,0.0,Completed,1.53,2.5,1.52,2.71,1.57,2.9,1.5,2.61
WTA,2022,30,London,Wimbledon,2022-06-30,Grand Slam,Outdoor,Grass,2nd Round,3,Cornet A.,Liu C.,37.0,75.0,1311.0,854.0,6.0,3.0,6.0,3.0,,,2.0,0.0,Completed,1.5,2.62,1.55,2.61,1.57,2.68,1.52,2.54
WTA,2022,30,London,Wimbledon,2022-06-30,Grand Slam,Outdoor,Grass,2nd Round,3,Tomljanovic A.,Harrison Ca.,44.0,262.0,1221.0,266.0,6.0,2.0,6.0,2.0,,,2.0,0.0,Completed,1.16,5.0,1.18,5.54,1.2,6.0,1.16,5.22
WTA,2022,30,London,Wimbledon,2022-06-30,Grand Slam,Outdoor,Grass,2nd Round,3,Kvitova P.,Bogdan A.,26.0,111.0,1795.0,610.0,6.0,1.0,7.0,6.0,,,2.0,0.0,Completed,1.2,4.5,1.2,5.11,1.22,5.5,1.18,4.81
WTA,2022,30,London,Wimbledon,2022-06-30,Grand Slam,Outdoor,Grass,2nd Round,3,Badosa P.,Bara I.,4.0,122.0,4245.0,537.0,6.0,3.0,6.0,2.0,,,2.0,0.0,Completed,1.07,9.0,1.07,10.91,1.08,13.0,1.06,9.65
WTA,2022,30,London,Wimbledon,2022-06-30,Grand Slam,Outdoor,Grass,2nd Round,3,Zheng Q.,Minnen G.,52.0,88.0,1153.0,764.0,6.0,4.0,6.0,1.0,,,2.0,0.0,Completed,1.57,2.37,1.61,2.45,1.61,2.55,1.56,2.43
WTA,2022,30,London,Wimbledon,2022-06-30,Grand Slam,Outdoor,Grass,2nd Round,3,Mertens E.,Udvardy P.,31.0,100.0,1615.0,688.0,3.0,6.0,7.0,6.0,7.0,5.0,2.0,1.0,Completed,1.08,8.0,1.12,7.21,1.12,8.75,1.09,7.5
WTA,2022,30,London,Wimbledon,2022-06-30,Grand Slam,Outdoor,Grass,2nd Round,3,Rybakina E.,Andreescu B.,23.0,56.0,1990.0,1092.0,6.0,4.0,7.0,6.0,,,2.0,0.0,Completed,2.2,1.66,2.18,1.75,2.3,1.8,2.16,1.7
WTA,2022,30,London,Wimbledon,2022-06-30,Grand Slam,Outdoor,Grass,2nd Round,3,Boulter K.,Pliskova Ka.,118.0,7.0,557.0,3777.0,3.0,6.0,7.0,6.0,6.0,4.0,2.0,1.0,Completed,2.37,1.57,2.46,1.61,2.51,1.71,2.37,1.59
WTA,2022,30,London,Wimbledon,2022-06-30,Grand Slam,Outdoor,Grass,2nd Round,3,Watson H.,Wang Q.,121.0,140.0,541.0,442.0,7.0,5.0,6.0,4.0,,,2.0,0.0,Completed,2.37,1.57,2.48,1.6,2.6,1.67,2.4,1.58
WTA,2022,30,London,Wimbledon,2022-06-30,Grand Slam,Outdoor,Grass,2nd Round,3,Tan H.,Sorribes Tormo S.,115.0,45.0,575.0,1221.0,6.0,3.0,6.0,4.0,,,2.0,0.0,Completed,4.0,1.25,3.67,1.32,4.0,1.37,3.63,1.29
WTA,2022,30,London,Wimbledon,2022-06-30,Grand Slam,Outdoor,Grass,2nd Round,3,Krejcikova B.,Golubic V.,14.0,58.0,2593.0,1062.0,6.0,3.0,6.0,4.0,,,2.0,0.0,Completed,1.57,2.37,1.56,2.57,1.66,2.57,1.58,2.38
WTA,2022,30,London,Wimbledon,2022-06-30,Grand Slam,Outdoor,Grass,2nd Round,3,Pegula J.,Dart H.,9.0,94.0,3156.0,735.0,4.0,6.0,6.0,3.0,6.0,1.0,2.0,1.0,Completed,1.28,3.75,1.29,3.96,1.33,4.05,1.28,3.67
WTA,2022,30,London,Wimbledon,2022-06-30,Grand Slam,Outdoor,Grass,2nd Round,3,Martic P.,Kucova K.,80.0,91.0,815.0,750.0,7.0,6.0,6.0,3.0,,,2.0,0.0,Completed,1.22,4.33,1.21,4.87,1.22,5.45,1.2,4.59
WTA,2022,30,London,Wimbledon,2022-06-30,Grand Slam,Outdoor,Grass,2nd Round,3,Frech M.,Schmiedlova A.,92.0,84.0,746.0,791.0,6.0,4.0,6.0,4.0,,,2.0,0.0,Completed,1.44,2.75,1.42,3.08,1.51,3.1,1.42,2.88
WTA,2022,30,London,Wimbledon,2022-06-30,Grand Slam,Outdoor,Grass,2nd Round,3,Swiatek I.,Pattinama Kerkhove L.,1.0,138.0,8576.0,444.0,6.0,4.0,4.0,6.0,6.0,3.0,2.0,1.0,Completed,1.01,26.0,1.02,21.79,1.03,34.0,1.01,19.81
WTA,2022,30,London,Wimbledon,2022-06-30,Grand Slam,Outdoor,Grass,2nd Round,3,Anisimova A.,Davis L.,25.0,102.0,1840.0,673.0,2.0,6.0,6.0,3.0,6.0,4.0,2.0,1.0,Completed,1.25,4.0,1.29,3.96,1.3,4.33,1.27,3.83
WTA,2022,30,London,Wimbledon,2022-06-30,Grand Slam,Outdoor,Grass,2nd Round,3,Halep S.,Flipkens K.,18.0,190.0,2315.0,351.0,7.0,5.0,6.0,4.0,,,2.0,0.0,Completed,1.11,6.5,1.13,6.89,1.16,7.5,1.11,6.65
WTA,2022,30,London,Wimbledon,2022-06-30,Grand Slam,Outdoor,Grass,2nd Round,3,Gauff C.,Buzarnescu M.,12.0,127.0,2886.0,507.0,6.0,2.0,6.0,3.0,,,2.0,0.0,Completed,1.08,8.0,1.1,8.23,1.11,9.0,1.08,7.92
WTA,2022,30,London,Wimbledon,2022-07-01,Grand Slam,Outdoor,Grass,3rd Round,3,Ostapenko J.,Begu I.,17.0,43.0,2431.0,1234.0,3.0,6.0,6.0,1.0,6.0,1.0,2.0,1.0,Completed,1.22,4.33,1.22,4.7,1.29,4.7,1.22,4.34
WTA,2022,30,London,Wimbledon,2022-07-01,Grand Slam,Outdoor,Grass,3rd Round,3,Niemeier J.,Tsurenko L.,97.0,101.0,709.0,687.0,6.0,4.0,3.0,6.0,6.0,3.0,2.0,1.0,Completed,1.66,2.2,1.58,2.51,1.69,2.51,1.62,2.3
WTA,2022,30,London,Wimbledon,2022-07-01,Grand Slam,Outdoor,Grass,3rd Round,3,Watson H.,Juvan K.,121.0,62.0,541.0,1040.0,7.0,6.0,6.0,2.0,,,2.0,0.0,Completed,2.62,1.5,2.7,1.52,2.85,1.52,2.65,1.49
WTA,2022,30,London,Wimbledon,2022-07-01,Grand Slam,Outdoor,Grass,3rd Round,3,Jabeur O.,Parry D.,2.0,77.0,4340.0,841.0,6.0,2.0,6.0,3.0,,,2.0,0.0,Completed,1.07,9.0,1.07,10.53,1.09,10.53,1.07,9.05
WTA,2022,30,London,Wimbledon,2022-07-01,Grand Slam,Outdoor,Grass,3rd Round,3,Maria T.,Sakkari M.,103.0,5.0,654.0,4205.0,6.0,3.0,7.0,5.0,,,2.0,0.0,Completed,5.0,1.16,5.36,1.19,5.6,1.2,5.11,1.17
WTA,2022,30,London,Wimbledon,2022-07-01,Grand Slam,Outdoor,Grass,3rd Round,3,Mertens E.,Kerber A.,31.0,19.0,1615.0,2199.0,6.0,4.0,7.0,5.0,,,2.0,0.0,Completed,3.4,1.33,3.48,1.35,3.58,1.37,3.35,1.33
WTA,2022,30,London,Wimbledon,2022-07-01,Grand Slam,Outdoor,Grass,3rd Round,3,Bouzkova M.,Riske A.,66.0,36.0,940.0,1381.0,6.0,2.0,6.0,3.0,,,2.0,0.0,Completed,2.2,1.66,2.3,1.68,2.4,1.75,2.19,1.68
WTA,2022,30,London,Wimbledon,2022-07-01,Grand Slam,Outdoor,Grass,3rd Round,3,Garcia C.,Zhang S.,55.0,41.0,1105.0,1240.0,7.0,6.0,7.0,6.0,,,2.0,0.0,Completed,1.72,2.1,1.76,2.16,1.85,2.25,1.73,2.11
WTA,2022,30,London,Wimbledon,2022-07-02,Grand Slam,Outdoor,Grass,3rd Round,3,Tomljanovic A.,Krejcikova B.,44.0,14.0,1221.0,2593.0,2.0,6.0,6.0,4.0,6.0,3.0,2.0,1.0,Completed,2.1,1.72,2.19,1.75,2.25,1.8,2.14,1.72
WTA,2022,30,London,Wimbledon,2022-07-02,Grand Slam,Outdoor,Grass,3rd Round,3,Tan H.,Boulter K.,115.0,118.0,575.0,557.0,6.0,1.0,6.0,1.0,,,2.0,0.0,Completed,3.0,1.4,3.57,1.34,3.82,1.46,3.12,1.37
WTA,2022,30,London,Wimbledon,2022-07-02,Grand Slam,Outdoor,Grass,3rd Round,3,Anisimova A.,Gauff C.,25.0,12.0,1840.0,2886.0,6.0,7.0,6.0,2.0,6.0,1.0,2.0,1.0,Completed,3.0,1.4,3.14,1.41,3.3,1.44,3.02,1.39
WTA,2022,30,London,Wimbledon,2022-07-02,Grand Slam,Outdoor,Grass,3rd Round,3,Halep S.,Frech M.,18.0,92.0,2315.0,746.0,6.0,4.0,6.0,1.0,,,2.0,0.0,Completed,1.08,8.0,1.1,8.31,1.1,9.25,1.08,7.89
WTA,2022,30,London,Wimbledon,2022-07-02,Grand Slam,Outdoor,Grass,3rd Round,3,Rybakina E.,Zheng Q.,23.0,52.0,1990.0,1153.0,7.0,6.0,7.0,5.0,,,2.0,0.0,Completed,1.53,2.5,1.53,2.66,1.57,2.79,1.51,2.59
WTA,2022,30,London,Wimbledon,2022-07-02,Grand Slam,Outdoor,Grass,3rd Round,3,Cornet A.,Swiatek I.,37.0,1.0,1311.0,8576.0,6.0,4.0,6.0,2.0,,,2.0,0.0,Completed,5.0,1.16,5.27,1.19,5.5,1.24,4.94,1.18
WTA,2022,30,London,Wimbledon,2022-07-02,Grand Slam,Outdoor,Grass,3rd Round,3,Badosa P.,Kvitova P.,4.0,26.0,4245.0,1795.0,7.0,5.0,7.0,6.0,,,2.0,0.0,Completed,2.2,1.66,2.4,1.63,2.4,1.75,2.26,1.65
WTA,2022,30,London,Wimbledon,2022-07-02,Grand Slam,Outdoor,Grass,3rd Round,3,Martic P.,Pegula J.,80.0,9.0,815.0,3156.0,6.0,2.0,7.0,6.0,,,2.0,0.0,Completed,3.2,1.36,3.06,1.41,3.2,1.57,3.03,1.39
WTA,2022,30,London,Wimbledon,2022-07-03,Grand Slam,Outdoor,Grass,4th Round,3,Bouzkova M.,Garcia C.,66.0,55.0,940.0,1105.0,7.0,5.0,6.0,2.0,,,2.0,0.0,Completed,1.8,2.0,1.81,2.11,1.94,2.2,1.79,2.04
WTA,2022,30,London,Wimbledon,2022-07-03,Grand Slam,Outdoor,Grass,4th Round,3,Maria T.,Ostapenko J.,103.0,17.0,654.0,2431.0,5.0,7.0,7.0,5.0,7.0,5.0,2.0,1.0,Completed,4.5,1.2,4.75,1.23,5.25,1.25,4.47,1.21
WTA,2022,30,London,Wimbledon,2022-07-03,Grand Slam,Outdoor,Grass,4th Round,3,Niemeier J.,Watson H.,97.0,121.0,709.0,541.0,6.0,2.0,6.0,4.0,,,2.0,0.0,Completed,1.53,2.5,1.58,2.54,1.58,2.65,1.53,2.53
WTA,2022,30,London,Wimbledon,2022-07-03,Grand Slam,Outdoor,Grass,4th Round,3,Jabeur O.,Mertens E.,2.0,31.0,4340.0,1615.0,7.0,6.0,6.0,4.0,,,2.0,0.0,Completed,1.16,5.0,1.2,5.19,1.22,5.65,1.18,4.98
WTA,2022,30,London,Wimbledon,2022-07-04,Grand Slam,Outdoor,Grass,4th Round,3,Rybakina E.,Martic P.,23.0,80.0,1990.0,815.0,7.0,5.0,6.0,3.0,,,2.0,0.0,Completed,1.44,2.75,1.46,2.95,1.52,2.95,1.47,2.72
WTA,2022,30,London,Wimbledon,2022-07-04,Grand Slam,Outdoor,Grass,4th Round,3,Tomljanovic A.,Cornet A.,44.0,37.0,1221.0,1311.0,4.0,6.0,6.0,4.0,6.0,3.0,2.0,1.0,Completed,2.1,1.72,1.98,1.93,2.16,1.93,2.04,1.78
WTA,2022,30,London,Wimbledon,2022-07-04,Grand Slam,Outdoor,Grass,4th Round,3,Halep S.,Badosa P.,18.0,4.0,2315.0,4245.0,6.0,1.0,6.0,2.0,,,2.0,0.0,Completed,1.4,3.0,1.43,3.08,1.48,3.4,1.4,2.99
WTA,2022,30,London,Wimbledon,2022-07-04,Grand Slam,Outdoor,Grass,4th Round,3,Anisimova A.,Tan H.,25.0,115.0,1840.0,575.0,6.0,2.0,6.0,3.0,,,2.0,0.0,Completed,1.28,3.75,1.26,4.3,1.31,4.3,1.28,3.74
WTA,2022,30,London,Wimbledon,2022-07-05,Grand Slam,Outdoor,Grass,Quarterfinals,3,Maria T.,Niemeier J.,103.0,97.0,654.0,709.0,4.0,6.0,6.0,2.0,7.0,5.0,2.0,1.0,Completed,2.5,1.53,2.49,1.61,2.56,1.63,2.44,1.57
WTA,2022,30,London,Wimbledon,2022-07-05,Grand Slam,Outdoor,Grass,Quarterfinals,3,Jabeur O.,Bouzkova M.,2.0,66.0,4340.0,940.0,3.0,6.0,6.0,1.0,6.0,1.0,2.0,1.0,Completed,1.25,4.0,1.26,4.32,1.31,4.57,1.26,3.93
WTA,2022,30,London,Wimbledon,2022-07-06,Grand Slam,Outdoor,Grass,Quarterfinals,3,Rybakina E.,Tomljanovic A.,23.0,44.0,1990.0,1221.0,4.0,6.0,6.0,2.0,6.0,3.0,2.0,1.0,Completed,1.5,2.62,1.45,3.0,1.56,3.0,1.49,2.66
WTA,2022,30,London,Wimbledon,2022-07-06,Grand Slam,Outdoor,Grass,Quarterfinals,3,Halep S.,Anisimova A.,18.0,25.0,2315.0,1840.0,6.0,2.0,6.0,4.0,,,2.0,0.0,Completed,1.4,3.0,1.4,3.22,1.57,3.22,1.4,3.01
WTA,2022,30,London,Wimbledon,2022-07-07,Grand Slam,Outdoor,Grass,Semifinals,3,Jabeur O.,Maria T.,2.0,103.0,4340.0,654.0,6.0,2.0,3.0,6.0,6.0,1.0,2.0,1.0,Completed,1.12,6.0,1.11,8.3,1.15,8.3,1.12,6.47
WTA,2022,30,London,Wimbledon,2022-07-07,Grand Slam,Outdoor,Grass,Semifinals,3,Rybakina E.,Halep S.,23.0,18.0,1990.0,2315.0,6.0,3.0,6.0,3.0,,,2.0,0.0,Completed,3.4,1.33,3.86,1.31,3.86,1.38,3.47,1.32
WTA,2022,30,London,Wimbledon,2022-07-09,Grand Slam,Outdoor,Grass,The Final,3,Rybakina E.,Jabeur O.,23.0,2.0,1990.0,4340.0,3.0,6.0,6.0,2.0,6.0,2.0,2.0,1.0,Completed,2.3,1.66,2.57,1.57,2.57,1.83,2.4,1.59
WTA,2022,43,New York,US Open,2022-08-29,Grand Slam,Outdoor,Hard,1st Round,3,Osorio M.,Li A.,70.0,66.0,866.0,909.0,1.0,6.0,6.0,3.0,6.0,1.0,2.0,1.0,Completed,1.8,2.0,1.71,2.25,1.86,2.25,1.75,2.09
WTA,2022,43,New York,US Open,2022-08-29,Grand Slam,Outdoor,Hard,1st Round,3,Garcia C.,Rakhimova K.,17.0,90.0,2220.0,676.0,6.0,2.0,6.0,4.0,,,2.0,0.0,Completed,1.16,5.0,1.14,6.49,1.21,6.49,1.14,5.72
WTA,2022,43,New York,US Open,2022-08-29,Grand Slam,Outdoor,Hard,1st Round,3,Kudermetova V.,Vekic D.,18.0,84.0,2206.0,715.0,7.0,5.0,6.0,3.0,,,2.0,0.0,Completed,1.28,3.75,1.3,3.85,1.32,3.9,1.28,3.67
WTA,2022,43,New York,US Open,2022-08-29,Grand Slam,Outdoor,Hard,1st Round,3,Riske A.,Yu E.,29.0,763.0,1525.0,35.0,6.0,2.0,6.0,4.0,,,2.0,0.0,Completed,1.03,15.0,1.03,16.52,1.03,18.0,1.02,14.42
WTA,2022,43,New York,US Open,2022-08-29,Grand Slam,Outdoor,Hard,1st Round,3,Sakkari M.,Maria T.,3.0,85.0,4190.0,711.0,6.0,4.0,3.0,6.0,6.0,0.0,2.0,1.0,Completed,1.2,4.5,1.2,5.02,1.24,5.4,1.2,4.62
WTA,2022,43,New York,US Open,2022-08-29,Grand Slam,Outdoor,Hard,1st Round,3,Kalinskaya A.,Peterson R.,60.0,92.0,948.0,661.0,6.0,4.0,6.0,3.0,,,2.0,0.0,Completed,1.44,2.75,1.47,2.86,1.5,3.0,1.44,2.8
WTA,2022,43,New York,US Open,2022-08-29,Grand Slam,Outdoor,Hard,1st Round,3,Andreescu B.,Tan H.,48.0,112.0,1082.0,573.0,6.0,0.0,3.0,6.0,6.0,1.0,2.0,1.0,Completed,1.16,5.0,1.17,5.81,1.19,6.0,1.15,5.41
WTA,2022,43,New York,US Open,2022-08-29,Grand Slam,Outdoor,Hard,1st Round,3,Mandlik E.,Zidansek T.,144.0,81.0,437.0,744.0,5.0,7.0,7.0,6.0,6.0,4.0,2.0,1.0,Completed,1.4,3.0,1.48,2.83,1.57,3.2,1.43,2.85
WTA,2022,43,New York,US Open,2022-08-29,Grand Slam,Outdoor,Hard,1st Round,3,Snigur D.,Halep S.,124.0,7.0,503.0,3255.0,6.0,2.0,0.0,6.0,6.0,4.0,2.0,1.0,Completed,10.0,1.06,11.0,1.07,11.5,1.08,10.12,1.05
WTA,2022,43,New York,US Open,2022-08-29,Grand Slam,Outdoor,Hard,1st Round,3,Gauff C.,Jeanjean L.,12.0,149.0,2687.0,430.0,6.0,2.0,6.0,3.0,,,2.0,0.0,Completed,1.07,9.0,1.06,11.51,1.07,13.0,1.05,10.06
WTA,2022,43,New York,US Open,2022-08-29,Grand Slam,Outdoor,Hard,1st Round,3,Zanevska M.,Vandeweghe C.,97.0,121.0,650.0,513.0,6.0,1.0,7.0,5.0,,,2.0,0.0,Completed,2.5,1.53,2.57,1.56,2.7,1.58,2.53,1.52
WTA,2022,43,New York,US Open,2022-08-29,Grand Slam,Outdoor,Hard,1st Round,3,Galfi D.,Parrizas Diaz N.,91.0,62.0,676.0,942.0,6.0,4.0,6.0,3.0,,,2.0,0.0,Completed,3.0,1.4,2.88,1.47,3.0,1.51,2.82,1.44
WTA,2022,43,New York,US Open,2022-08-29,Grand Slam,Outdoor,Hard,1st Round,3,Haddad Maia B.,Konjuh A.,15.0,117.0,2317.0,528.0,6.0,0.0,6.0,0.0,,,2.0,0.0,Completed,1.1,7.0,1.14,6.63,1.16,7.0,1.12,6.25
WTA,2022,43,New York,US Open,2022-08-29,Grand Slam,Outdoor,Hard,1st Round,3,Giorgi C.,Bondar A.,67.0,55.0,894.0,1042.0,4.0,6.0,6.0,3.0,6.0,1.0,2.0,1.0,Completed,1.25,4.0,1.24,4.56,1.28,4.56,1.24,4.1
WTA,2022,43,New York,US Open,2022-08-29,Grand Slam,Outdoor,Hard,1st Round,3,Dart H.,Kasatkina D.,88.0,9.0,685.0,3015.0,7.0,6.0,1.0,6.0,6.0,3.0,2.0,1.0,Completed,5.5,1.14,6.14,1.15,6.25,1.18,5.65,1.14
WTA,2022,43,New York,US Open,2022-08-29,Grand Slam,Outdoor,Hard,1st Round,3,Wang Xiy.,Parry D.,75.0,74.0,842.0,849.0,5.0,7.0,6.0,3.0,6.0,3.0,2.0,1.0,Completed,1.8,2.0,1.71,2.24,1.83,2.24,1.74,2.11
WTA,2022,43,New York,US Open,2022-08-29,Grand Slam,Outdoor,Hard,1st Round,3,Keys M.,Yastremska D.,20.0,86.0,2128.0,707.0,7.0,6.0,6.0,3.0,,,2.0,0.0,Completed,1.12,6.0,1.16,6.11,1.16,6.5,1.13,5.99
WTA,2022,43,New York,US Open,2022-08-29,Grand Slam,Outdoor,Hard,1st Round,3,Jabeur O.,Brengle M.,5.0,61.0,3920.0,944.0,7.0,5.0,6.0,2.0,,,2.0,0.0,Completed,1.12,6.0,1.16,6.07,1.18,6.75,1.14,5.87
WTA,2022,43,New York,US Open,2022-08-29,Grand Slam,Outdoor,Hard,1st Round,3,Rodina E.,Trevisan M.,139.0,27.0,400.0,1771.0,7.0,5.0,6.0,1.0,,,2.0,0.0,Completed,9.0,1.07,9.01,1.09,10.37,1.09,8.91,1.07
WTA,2022,43,New York,US Open,2022-08-29,Grand Slam,Outdoor,Hard,1st Round,3,Marino R.,Frech M.,106.0,103.0,603.0,616.0,6.0,2.0,6.0,3.0,,,2.0,0.0,Completed,1.66,2.2,1.7,2.26,1.75,2.3,1.68,2.19
WTA,2022,43,New York,US Open,2022-08-29,Grand Slam,Outdoor,Hard,1st Round,3,Ruse E.G.,Saville D.,101.0,58.0,626.0,997.0,3.0,6.0,6.0,2.0,6.0,4.0,2.0,1.0,Completed,4.5,1.2,4.26,1.26,4.8,1.25,4.34,1.22
WTA,2022,43,New York,US Open,2022-08-29,Grand Slam,Outdoor,Hard,1st Round,3,Zhang S.,Teichmann J.,36.0,30.0,1360.0,1517.0,6.0,4.0,6.0,2.0,,,2.0,0.0,Completed,1.9,1.9,2.04,1.86,2.05,1.94,1.95,1.86
WTA,2022,43,New York,US Open,2022-08-29,Grand Slam,Outdoor,Hard,1st Round,3,Tomljanovic A.,Muchova K.,46.0,235.0,1100.0,287.0,6.0,3.0,7.0,6.0,,,2.0,0.0,Completed,1.61,2.3,1.64,2.38,1.67,2.45,1.62,2.3
WTA,2022,43,New York,US Open,2022-08-29,Grand Slam,Outdoor,Hard,1st Round,3,Rogers S.,Rus A.,31.0,95.0,1516.0,652.0,3.0,6.0,6.0,3.0,6.0,4.0,2.0,1.0,Completed,1.16,5.0,1.16,6.02,1.21,6.5,1.15,5.41
WTA,2022,43,New York,US Open,2022-08-29,Grand Slam,Outdoor,Hard,1st Round,3,Krejcikova B.,Contreras Gomez F.,23.0,200.0,2003.0,323.0,6.0,0.0,6.0,4.0,,,2.0,0.0,Completed,1.12,6.0,1.16,6.12,1.17,6.5,1.14,5.76
WTA,2022,43,New York,US Open,2022-08-29,Grand Slam,Outdoor,Hard,1st Round,3,Kontaveit A.,Cristian J.,2.0,77.0,4360.0,788.0,6.0,3.0,6.0,0.0,,,2.0,0.0,Completed,1.1,7.0,1.11,8.0,1.13,8.5,1.1,7.32
WTA,2022,43,New York,US Open,2022-08-30,Grand Slam,Outdoor,Hard,1st Round,3,Schmiedlova A.,Podoroska N.,115.0,212.0,543.0,313.0,6.0,3.0,6.0,2.0,,,2.0,0.0,Completed,2.75,1.44,2.58,1.56,2.77,1.56,2.58,1.51
WTA,2022,43,New York,US Open,2022-08-30,Grand Slam,Outdoor,Hard,1st Round,3,Krunic A.,Avanesyan E.,96.0,138.0,652.0,450.0,6.0,4.0,6.0,4.0,,,2.0,0.0,Completed,1.61,2.3,1.6,2.47,1.67,2.55,1.57,2.38
WTA,2022,43,New York,US Open,2022-08-30,Grand Slam,Outdoor,Hard,1st Round,3,Williams S.,Kovinic D.,605.0,80.0,61.0,749.0,6.0,3.0,6.0,3.0,,,2.0,0.0,Completed,1.28,3.75,1.37,3.35,1.37,3.75,1.32,3.42
WTA,2022,43,New York,US Open,2022-08-30,Grand Slam,Outdoor,Hard,1st Round,3,Samsonova L.,Bejlek S.,35.0,209.0,1407.0,316.0,6.0,3.0,6.0,1.0,,,2.0,0.0,Completed,1.12,6.0,1.13,7.05,1.17,7.05,1.12,6.25
WTA,2022,43,New York,US Open,2022-08-30,Grand Slam,Outdoor,Hard,1st Round,3,Kuzmova V.,Sorribes Tormo S.,183.0,49.0,352.0,1081.0,6.0,3.0,6.0,4.0,,,2.0,0.0,Completed,3.5,1.3,3.47,1.35,3.75,1.35,3.44,1.31
WTA,2022,43,New York,US Open,2022-08-30,Grand Slam,Outdoor,Hard,1st Round,3,Fernandez L.A.,Dodin O.,14.0,98.0,2540.0,643.0,6.0,3.0,6.0,4.0,,,2.0,0.0,Completed,1.16,5.0,1.22,4.81,1.23,5.06,1.19,4.71
WTA,2022,43,New York,US Open,2022-08-30,Grand Slam,Outdoor,Hard,1st Round,3,Cirstea S.,Siegemund L.,37.0,182.0,1330.0,356.0,6.0,4.0,6.0,4.0,,,2.0,0.0,Completed,1.36,3.2,1.39,3.22,1.42,3.22,1.4,2.98
WTA,2022,43,New York,US Open,2022-08-30,Grand Slam,Outdoor,Hard,1st Round,3,Kanepi K.,Martincova T.,34.0,71.0,1433.0,855.0,7.0,6.0,6.0,3.0,,,2.0,0.0,Completed,1.44,2.75,1.5,2.75,1.55,2.85,1.46,2.72
WTA,2022,43,New York,US Open,2022-08-30,Grand Slam,Outdoor,Hard,1st Round,3,Muguruza G.,Tauson C.,10.0,57.0,2886.0,1018.0,6.0,3.0,7.0,6.0,,,2.0,0.0,Completed,1.9,1.9,1.96,1.93,1.97,2.0,1.91,1.9
WTA,2022,43,New York,US Open,2022-08-30,Grand Slam,Outdoor,Hard,1st Round,3,Sabalenka A.,Harrison Ca.,6.0,243.0,3470.0,265.0,6.0,1.0,6.0,3.0,,,2.0,0.0,Completed,1.08,8.0,1.09,9.23,1.18,9.5,1.08,8.04
WTA,2022,43,New York,US Open,2022-08-30,Grand Slam,Outdoor,Hard,1st Round,3,Pliskova Ka.,Linette M.,22.0,73.0,2007.0,850.0,6.0,2.0,4.0,6.0,7.0,6.0,2.0,1.0,Completed,1.44,2.75,1.57,2.55,1.57,2.85,1.49,2.61
WTA,2022,43,New York,US Open,2022-08-30,Grand Slam,Outdoor,Hard,1st Round,3,Pegula J.,Golubic V.,8.0,89.0,3201.0,677.0,6.0,2.0,6.0,2.0,,,2.0,0.0,Completed,1.12,6.0,1.13,6.92,1.16,6.92,1.13,5.89
WTA,2022,43,New York,US Open,2022-08-30,Grand Slam,Outdoor,Hard,1st Round,3,Fruhvirtova L.,Wang Xin.,167.0,79.0,373.0,759.0,6.0,3.0,6.0,4.0,,,2.0,0.0,Completed,1.44,2.75,1.52,2.69,1.55,2.8,1.49,2.63
WTA,2022,43,New York,US Open,2022-08-30,Grand Slam,Outdoor,Hard,1st Round,3,Zheng Q.,Ostapenko J.,39.0,16.0,1268.0,2316.0,6.0,3.0,3.0,6.0,6.0,4.0,2.0,1.0,Completed,1.9,1.9,2.01,1.88,2.05,1.93,1.95,1.86
WTA,2022,43,New York,US Open,2022-08-30,Grand Slam,Outdoor,Hard,1st Round,3,Bouzkova M.,Noskova L.,41.0,109.0,1252.0,601.0,6.0,2.0,6.0,7.0,6.0,2.0,2.0,1.0,Completed,1.36,3.2,1.38,3.29,1.42,3.4,1.36,3.15
WTA,2022,43,New York,US Open,2022-08-30,Grand Slam,Outdoor,Hard,1st Round,3,Swiatek I.,Paolini J.,1.0,56.0,8605.0,1035.0,6.0,3.0,6.0,0.0,,,2.0,0.0,Completed,1.04,13.0,1.05,13.44,1.07,16.0,1.04,11.45
WTA,2022,43,New York,US Open,2022-08-30,Grand Slam,Outdoor,Hard,1st Round,3,Stephens S.,Minnen G.,51.0,110.0,1066.0,587.0,1.0,6.0,6.0,3.0,6.0,3.0,2.0,1.0,Completed,1.3,3.5,1.34,3.54,1.35,3.6,1.31,3.44
WTA,2022,43,New York,US Open,2022-08-30,Grand Slam,Outdoor,Hard,1st Round,3,Kvitova P.,Andreeva E.,21.0,130.0,2077.0,474.0,7.0,6.0,6.0,0.0,,,2.0,0.0,Completed,1.14,5.5,1.18,5.48,1.2,5.75,1.16,5.29
WTA,2022,43,New York,US Open,2022-08-30,Grand Slam,Outdoor,Hard,1st Round,3,Kalinina A.,Pera B.,47.0,45.0,1091.0,1181.0,6.0,4.0,6.0,4.0,,,2.0,0.0,Completed,3.2,1.36,3.09,1.42,3.2,1.44,3.01,1.39
WTA,2022,43,New York,US Open,2022-08-30,Grand Slam,Outdoor,Hard,1st Round,3,Potapova A.,Liu C.,52.0,82.0,1066.0,730.0,6.0,1.0,6.0,4.0,,,2.0,0.0,Completed,1.4,3.0,1.45,2.94,1.45,3.1,1.4,2.94
WTA,2022,43,New York,US Open,2022-08-30,Grand Slam,Outdoor,Hard,1st Round,3,Burel C.,Rybakina E.,131.0,25.0,471.0,1850.0,6.0,4.0,6.0,4.0,,,2.0,0.0,Completed,8.0,1.08,10.07,1.08,11.0,1.09,8.64,1.07
WTA,2022,43,New York,US Open,2022-08-30,Grand Slam,Outdoor,Hard,1st Round,3,Sasnovich A.,Cocciaretto E.,32.0,99.0,1461.0,641.0,6.0,2.0,6.0,4.0,,,2.0,0.0,Completed,1.4,3.0,1.43,3.05,1.44,3.11,1.4,2.95
WTA,2022,43,New York,US Open,2022-08-30,Grand Slam,Outdoor,Hard,1st Round,3,Badosa P.,Tsurenko L.,4.0,87.0,3980.0,689.0,3.0,6.0,7.0,6.0,6.0,3.0,2.0,1.0,Completed,1.14,5.5,1.19,5.3,1.2,6.0,1.17,5.16
WTA,2022,43,New York,US Open,2022-08-30,Grand Slam,Outdoor,Hard,1st Round,3,Bencic B.,Petkovic A.,13.0,104.0,2635.0,606.0,6.0,2.0,4.0,6.0,6.0,4.0,2.0,1.0,Completed,1.16,5.0,1.18,5.53,1.2,9.0,1.17,5.24
WTA,2022,43,New York,US Open,2022-08-30,Grand Slam,Outdoor,Hard,1st Round,3,Davis L.,Bronzetti L.,105.0,59.0,604.0,977.0,4.0,6.0,7.0,6.0,5.0,4.0,1.0,1.0,Retired,1.8,2.0,1.93,1.95,2.1,2.02,1.91,1.9
WTA,2022,43,New York,US Open,2022-08-30,Grand Slam,Outdoor,Hard,1st Round,3,Van Uytvanck A.,Williams V.,43.0,1504.0,1220.0,3.0,6.0,1.0,7.0,6.0,,,2.0,0.0,Completed,1.25,4.0,1.32,3.7,1.35,4.21,1.29,3.65
WTA,2022,43,New York,US Open,2022-08-30,Grand Slam,Outdoor,Hard,1st Round,3,Yuan Y.,Fourlis J.,142.0,173.0,444.0,369.0,6.0,3.0,6.0,2.0,,,2.0,0.0,Completed,1.53,2.5,1.51,2.73,1.57,2.75,1.52,2.54
WTA,2022,43,New York,US Open,2022-08-30,Grand Slam,Outdoor,Hard,1st Round,3,Martic P.,Gracheva V.,54.0,72.0,1049.0,853.0,6.0,4.0,7.0,6.0,,,2.0,0.0,Completed,1.16,5.0,1.25,4.41,1.25,5.1,1.2,4.52
WTA,2022,43,New York,US Open,2022-08-30,Grand Slam,Outdoor,Hard,1st Round,3,Begu I.,Mertens E.,42.0,33.0,1234.0,1435.0,3.0,6.0,6.0,2.0,6.0,3.0,2.0,1.0,Completed,2.75,1.44,2.9,1.46,3.08,1.49,2.78,1.44
WTA,2022,43,New York,US Open,2022-08-30,Grand Slam,Outdoor,Hard,1st Round,3,Putintseva Y.,Anisimova A.,38.0,24.0,1295.0,1900.0,6.0,3.0,6.0,3.0,,,2.0,0.0,Completed,3.4,1.33,3.49,1.35,3.58,1.36,3.35,1.33
WTA,2022,43,New York,US Open,2022-08-30,Grand Slam,Outdoor,Hard,1st Round,3,Bucsa C.,Juvan K.,118.0,68.0,528.0,883.0,6.0,4.0,6.0,4.0,,,2.0,0.0,Completed,2.0,1.8,2.08,1.83,2.1,1.91,1.99,1.82
WTA,2022,43,New York,US Open,2022-08-30,Grand Slam,Outdoor,Hard,1st Round,3,Kostyuk M.,Sherif M.,65.0,63.0,915.0,940.0,7.0,6.0,6.0,4.0,,,2.0,0.0,Completed,1.14,5.5,1.2,5.13,1.25,5.75,1.18,4.98
WTA,2022,43,New York,US Open,2022-08-31,Grand Slam,Outdoor,Hard,1st Round,3,Niemeier J.,Kenin S.,108.0,327.0,601.0,186.0,7.0,6.0,6.0,4.0,,,2.0,0.0,Completed,2.1,1.72,2.3,1.68,2.36,1.75,2.23,1.66
WTA,2022,43,New York,US Open,2022-08-31,Grand Slam,Outdoor,Hard,1st Round,3,Siniakova K.,Townsend T.,83.0,197.0,728.0,329.0,6.0,4.0,4.0,6.0,6.0,2.0,2.0,1.0,Completed,2.0,1.8,2.01,1.88,2.05,1.9,1.99,1.82
WTA,2022,43,New York,US Open,2022-08-31,Grand Slam,Outdoor,Hard,1st Round,3,Cornet A.,Raducanu E.,40.0,11.0,1260.0,2756.0,6.0,3.0,6.0,3.0,,,2.0,0.0,Completed,2.3,1.61,2.21,1.74,2.45,1.74,2.29,1.62
WTA,2022,43,New York,US Open,2022-08-31,Grand Slam,Outdoor,Hard,1st Round,3,Azarenka V.,Krueger A.,26.0,244.0,1841.0,264.0,6.0,1.0,4.0,6.0,6.0,2.0,2.0,1.0,Completed,1.11,6.5,1.12,7.15,1.18,7.5,1.11,6.59
WTA,2022,43,New York,US Open,2022-08-31,Grand Slam,Outdoor,Hard,1st Round,3,Collins D.,Osaka N.,19.0,44.0,2167.0,1187.0,7.0,6.0,6.0,3.0,,,2.0,0.0,Completed,2.5,1.53,2.48,1.6,2.5,1.67,2.38,1.58
WTA,2022,43,New York,US Open,2022-08-31,Grand Slam,Outdoor,Hard,1st Round,3,Alexandrova E.,Stearns P.,28.0,332.0,1750.0,180.0,6.0,4.0,4.0,6.0,7.0,5.0,2.0,1.0,Completed,1.12,6.0,1.17,5.77,1.18,7.0,1.14,5.83
WTA,2022,43,New York,US Open,2022-08-31,Grand Slam,Outdoor,Hard,2nd Round,3,Rogers S.,Kuzmova V.,31.0,183.0,1516.0,352.0,7.0,5.0,6.0,1.0,,,2.0,0.0,Completed,1.2,4.5,1.23,4.68,1.24,4.85,1.21,4.5
WTA,2022,43,New York,US Open,2022-08-31,Grand Slam,Outdoor,Hard,2nd Round,3,Jabeur O.,Mandlik E.,5.0,144.0,3920.0,437.0,7.0,5.0,6.0,2.0,,,2.0,0.0,Completed,1.16,5.0,1.19,5.25,1.23,6.0,1.18,4.86
WTA,2022,43,New York,US Open,2022-08-31,Grand Slam,Outdoor,Hard,2nd Round,3,Wang Xiy.,Sakkari M.,75.0,3.0,842.0,4190.0,3.0,6.0,7.0,5.0,7.0,5.0,2.0,1.0,Completed,4.33,1.22,4.81,1.22,4.85,1.25,4.4,1.21
WTA,2022,43,New York,US Open,2022-08-31,Grand Slam,Outdoor,Hard,2nd Round,3,Riske A.,Osorio M.,29.0,70.0,1525.0,866.0,6.0,4.0,6.0,7.0,7.0,6.0,2.0,1.0,Completed,1.53,2.5,1.54,2.62,1.55,2.79,1.51,2.57
WTA,2022,43,New York,US Open,2022-08-31,Grand Slam,Outdoor,Hard,2nd Round,3,Zhang S.,Schmiedlova A.,36.0,115.0,1360.0,543.0,7.0,5.0,6.0,1.0,,,2.0,0.0,Completed,1.36,3.2,1.26,4.29,1.36,4.29,1.31,3.49
WTA,2022,43,New York,US Open,2022-08-31,Grand Slam,Outdoor,Hard,2nd Round,3,Keys M.,Giorgi C.,20.0,67.0,2128.0,894.0,6.0,4.0,5.0,7.0,7.0,6.0,2.0,1.0,Completed,1.44,2.75,1.48,2.82,1.5,2.97,1.45,2.76
WTA,2022,43,New York,US Open,2022-08-31,Grand Slam,Outdoor,Hard,2nd Round,3,Marino R.,Snigur D.,106.0,124.0,603.0,503.0,6.0,3.0,7.0,6.0,,,2.0,0.0,Completed,1.53,2.5,1.64,2.38,1.68,2.56,1.59,2.37
WTA,2022,43,New York,US Open,2022-08-31,Grand Slam,Outdoor,Hard,2nd Round,3,Kudermetova V.,Zanevska M.,18.0,97.0,2206.0,650.0,6.0,2.0,6.0,3.0,,,2.0,0.0,Completed,1.2,4.5,1.19,5.21,1.22,5.5,1.18,4.85
WTA,2022,43,New York,US Open,2022-08-31,Grand Slam,Outdoor,Hard,2nd Round,3,Galfi D.,Dart H.,91.0,88.0,676.0,685.0,6.0,4.0,6.0,0.0,,,2.0,0.0,Completed,2.2,1.66,2.1,1.81,2.2,1.83,2.09,1.75
WTA,2022,43,New York,US Open,2022-08-31,Grand Slam,Outdoor,Hard,2nd Round,3,Gauff C.,Ruse E.G.,12.0,101.0,2687.0,626.0,6.0,2.0,7.0,6.0,,,2.0,0.0,Completed,1.1,7.0,1.11,7.62,1.13,8.25,1.1,7.14
WTA,2022,43,New York,US Open,2022-08-31,Grand Slam,Outdoor,Hard,2nd Round,3,Garcia C.,Kalinskaya A.,17.0,60.0,2220.0,948.0,6.0,3.0,6.0,1.0,,,2.0,0.0,Completed,1.33,3.4,1.37,3.32,1.39,3.74,1.33,3.31
WTA,2022,43,New York,US Open,2022-09-01,Grand Slam,Outdoor,Hard,2nd Round,3,Tomljanovic A.,Rodina E.,46.0,139.0,1100.0,400.0,1.0,6.0,6.0,2.0,7.0,5.0,2.0,1.0,Completed,1.11,6.5,1.13,6.91,1.13,7.5,1.12,6.47
WTA,2022,43,New York,US Open,2022-09-01,Grand Slam,Outdoor,Hard,2nd Round,3,Williams S.,Kontaveit A.,605.0,2.0,61.0,4360.0,7.0,6.0,2.0,6.0,6.0,2.0,2.0,1.0,Completed,3.0,1.4,3.19,1.4,3.19,1.44,2.97,1.4
WTA,2022,43,New York,US Open,2022-09-01,Grand Slam,Outdoor,Hard,2nd Round,3,Krunic A.,Krejcikova B.,96.0,23.0,652.0,2003.0,2.0,6.0,6.0,4.0,6.0,2.0,2.0,1.0,Completed,3.5,1.3,3.39,1.36,3.74,1.36,3.36,1.33
WTA,2022,43,New York,US Open,2022-09-01,Grand Slam,Outdoor,Hard,2nd Round,3,Samsonova L.,Fernandez L.A.,35.0,14.0,1407.0,2540.0,6.0,3.0,7.0,6.0,,,2.0,0.0,Completed,1.53,2.5,1.59,2.49,1.59,2.65,1.54,2.49
WTA,2022,43,New York,US Open,2022-09-01,Grand Slam,Outdoor,Hard,2nd Round,3,Andreescu B.,Haddad Maia B.,48.0,15.0,1082.0,2317.0,6.0,2.0,6.0,4.0,,,2.0,0.0,Completed,2.2,1.66,2.18,1.75,2.25,1.88,2.13,1.72
WTA,2022,43,New York,US Open,2022-09-01,Grand Slam,Outdoor,Hard,2nd Round,3,Bencic B.,Cirstea S.,13.0,37.0,2635.0,1330.0,3.0,6.0,7.0,5.0,6.0,2.0,2.0,1.0,Completed,1.44,2.75,1.49,2.79,1.5,2.85,1.46,2.72
WTA,2022,43,New York,US Open,2022-09-01,Grand Slam,Outdoor,Hard,2nd Round,3,Davis L.,Alexandrova E.,105.0,28.0,604.0,1750.0,0.0,6.0,6.0,4.0,7.0,6.0,2.0,1.0,Completed,3.2,1.36,3.19,1.4,3.26,1.42,3.13,1.37
WTA,2022,43,New York,US Open,2022-09-01,Grand Slam,Outdoor,Hard,2nd Round,3,Azarenka V.,Kostyuk M.,26.0,65.0,1841.0,915.0,6.0,2.0,6.0,3.0,,,2.0,0.0,Completed,1.61,2.3,1.67,2.32,1.68,2.4,1.62,2.3
WTA,2022,43,New York,US Open,2022-09-01,Grand Slam,Outdoor,Hard,2nd Round,3,Pegula J.,Sasnovich A.,8.0,32.0,3201.0,1461.0,6.0,4.0,6.0,4.0,,,2.0,0.0,Completed,1.4,3.0,1.4,3.16,1.43,3.2,1.39,3.0
WTA,2022,43,New York,US Open,2022-09-01,Grand Slam,Outdoor,Hard,2nd Round,3,Swiatek I.,Stephens S.,1.0,51.0,8605.0,1066.0,6.0,3.0,6.0,2.0,,,2.0,0.0,Completed,1.2,4.5,1.2,5.14,1.22,5.75,1.19,4.7
WTA,2022,43,New York,US Open,2022-09-01,Grand Slam,Outdoor,Hard,2nd Round,3,Niemeier J.,Putintseva Y.,108.0,38.0,601.0,1295.0,6.0,4.0,6.0,3.0,,,2.0,0.0,Completed,2.2,1.66,2.49,1.6,2.49,1.68,2.31,1.62
WTA,2022,43,New York,US Open,2022-09-01,Grand Slam,Outdoor,Hard,2nd Round,3,Martic P.,Badosa P.,54.0,4.0,1049.0,3980.0,6.0,7.0,6.0,1.0,6.0,2.0,2.0,1.0,Completed,2.5,1.53,2.48,1.6,2.6,1.6,2.47,1.55
WTA,2022,43,New York,US Open,2022-09-01,Grand Slam,Outdoor,Hard,2nd Round,3,Kvitova P.,Kalinina A.,21.0,47.0,2077.0,1091.0,,,,,,,,,Walkover,1.28,3.75,1.31,3.78,1.32,3.9,1.29,3.65
WTA,2022,43,New York,US Open,2022-09-01,Grand Slam,Outdoor,Hard,2nd Round,3,Zheng Q.,Potapova A.,39.0,52.0,1268.0,1066.0,7.0,6.0,7.0,6.0,,,2.0,0.0,Completed,1.57,2.37,1.56,2.56,1.73,2.56,1.57,2.41
WTA,2022,43,New York,US Open,2022-09-01,Grand Slam,Outdoor,Hard,2nd Round,3,Yuan Y.,Begu I.,142.0,42.0,444.0,1234.0,6.0,3.0,7.0,6.0,,,2.0,0.0,Completed,3.0,1.4,2.92,1.46,3.0,1.5,2.86,1.42
WTA,2022,43,New York,US Open,2022-09-01,Grand Slam,Outdoor,Hard,2nd Round,3,Cornet A.,Siniakova K.,40.0,83.0,1260.0,728.0,6.0,1.0,1.0,6.0,6.0,3.0,2.0,1.0,Completed,1.44,2.75,1.48,2.82,1.56,2.85,1.46,2.72
WTA,2022,43,New York,US Open,2022-09-01,Grand Slam,Outdoor,Hard,2nd Round,3,Muguruza G.,Fruhvirtova L.,10.0,167.0,2886.0,373.0,6.0,0.0,6.0,4.0,,,2.0,0.0,Completed,1.5,2.62,1.52,2.7,1.56,2.8,1.5,2.58
WTA,2022,43,New York,US Open,2022-09-01,Grand Slam,Outdoor,Hard,2nd Round,3,Sabalenka A.,Kanepi K.,6.0,34.0,3470.0,1433.0,2.0,6.0,7.0,6.0,6.0,4.0,2.0,1.0,Completed,1.5,2.62,1.46,2.89,1.57,2.95,1.46,2.73
WTA,2022,43,New York,US Open,2022-09-01,Grand Slam,Outdoor,Hard,2nd Round,3,Pliskova Ka.,Bouzkova M.,22.0,41.0,2007.0,1252.0,6.0,3.0,6.0,2.0,,,2.0,0.0,Completed,2.2,1.66,2.34,1.66,2.34,1.73,2.21,1.67
WTA,2022,43,New York,US Open,2022-09-02,Grand Slam,Outdoor,Hard,2nd Round,3,Collins D.,Bucsa C.,19.0,118.0,2167.0,528.0,6.0,2.0,7.0,5.0,,,2.0,0.0,Completed,1.28,3.75,1.29,3.9,1.33,3.9,1.3,3.55
WTA,2022,43,New York,US Open,2022-09-02,Grand Slam,Outdoor,Hard,2nd Round,3,Burel C.,Van Uytvanck A.,131.0,43.0,471.0,1220.0,6.0,4.0,4.0,6.0,6.0,4.0,2.0,1.0,Completed,2.2,1.66,2.57,1.55,2.6,1.69,2.39,1.58
WTA,2022,43,New York,US Open,2022-09-02,Grand Slam,Outdoor,Hard,3rd Round,3,Jabeur O.,Rogers S.,5.0,31.0,3920.0,1516.0,4.0,6.0,6.0,4.0,6.0,3.0,2.0,1.0,Completed,1.57,2.37,1.63,2.41,1.68,2.61,1.6,2.36
WTA,2022,43,New York,US Open,2022-09-02,Grand Slam,Outdoor,Hard,3rd Round,3,Kudermetova V.,Galfi D.,18.0,91.0,2206.0,676.0,6.0,2.0,6.0,0.0,,,2.0,0.0,Completed,1.25,4.0,1.3,3.86,1.3,4.0,1.27,3.82
WTA,2022,43,New York,US Open,2022-09-02,Grand Slam,Outdoor,Hard,3rd Round,3,Zhang S.,Marino R.,36.0,106.0,1360.0,603.0,6.0,2.0,6.0,4.0,,,2.0,0.0,Completed,1.5,2.62,1.55,2.61,1.57,2.75,1.52,2.55
WTA,2022,43,New York,US Open,2022-09-02,Grand Slam,Outdoor,Hard,3rd Round,3,Gauff C.,Keys M.,12.0,20.0,2687.0,2128.0,6.0,2.0,6.0,3.0,,,2.0,0.0,Completed,1.61,2.3,1.67,2.32,1.68,2.35,1.64,2.27
WTA,2022,43,New York,US Open,2022-09-02,Grand Slam,Outdoor,Hard,3rd Round,3,Riske A.,Wang Xiy.,29.0,75.0,1525.0,842.0,6.0,4.0,3.0,6.0,6.0,4.0,2.0,1.0,Completed,1.61,2.3,1.67,2.32,1.74,2.35,1.66,2.22
WTA,2022,43,New York,US Open,2022-09-02,Grand Slam,Outdoor,Hard,3rd Round,3,Samsonova L.,Krunic A.,35.0,96.0,1407.0,652.0,6.0,3.0,6.0,3.0,,,2.0,0.0,Completed,1.16,5.0,1.17,5.75,1.2,5.75,1.17,5.13
WTA,2022,43,New York,US Open,2022-09-03,Grand Slam,Outdoor,Hard,3rd Round,3,Tomljanovic A.,Williams S.,46.0,605.0,1100.0,61.0,7.0,5.0,6.0,7.0,6.0,1.0,2.0,1.0,Completed,2.2,1.66,2.21,1.74,2.25,1.83,2.15,1.71
WTA,2022,43,New York,US Open,2022-09-03,Grand Slam,Outdoor,Hard,3rd Round,3,Garcia C.,Andreescu B.,17.0,48.0,2220.0,1082.0,6.0,3.0,6.0,2.0,,,2.0,0.0,Completed,1.61,2.3,1.68,2.3,1.75,2.47,1.65,2.26
WTA,2022,43,New York,US Open,2022-09-03,Grand Slam,Outdoor,Hard,3rd Round,3,Kvitova P.,Muguruza G.,21.0,10.0,2077.0,2886.0,5.0,7.0,6.0,3.0,7.0,6.0,2.0,1.0,Completed,1.53,2.5,1.57,2.54,1.58,2.69,1.54,2.49
WTA,2022,43,New York,US Open,2022-09-03,Grand Slam,Outdoor,Hard,3rd Round,3,Pegula J.,Yuan Y.,8.0,142.0,3201.0,444.0,6.0,2.0,6.0,7.0,6.0,0.0,2.0,1.0,Completed,1.16,5.0,1.18,5.47,1.19,5.75,1.16,5.39
WTA,2022,43,New York,US Open,2022-09-03,Grand Slam,Outdoor,Hard,3rd Round,3,Azarenka V.,Martic P.,26.0,54.0,1841.0,1049.0,6.0,3.0,6.0,0.0,,,2.0,0.0,Completed,1.53,2.5,1.57,2.54,1.62,2.6,1.55,2.46
WTA,2022,43,New York,US Open,2022-09-03,Grand Slam,Outdoor,Hard,3rd Round,3,Pliskova Ka.,Bencic B.,22.0,13.0,2007.0,2635.0,5.0,7.0,6.0,4.0,6.0,3.0,2.0,1.0,Completed,2.0,1.8,2.16,1.76,2.25,1.8,2.11,1.74
WTA,2022,43,New York,US Open,2022-09-04,Grand Slam,Outdoor,Hard,3rd Round,3,Swiatek I.,Davis L.,1.0,105.0,8605.0,604.0,6.0,3.0,6.0,4.0,,,2.0,0.0,Completed,1.07,9.0,1.07,10.44,1.1,11.0,1.07,8.73
WTA,2022,43,New York,US Open,2022-09-04,Grand Slam,Outdoor,Hard,3rd Round,3,Niemeier J.,Zheng Q.,108.0,39.0,601.0,1268.0,6.0,4.0,7.0,6.0,,,2.0,0.0,Completed,3.2,1.36,3.47,1.35,3.6,1.5,3.23,1.35
WTA,2022,43,New York,US Open,2022-09-04,Grand Slam,Outdoor,Hard,3rd Round,3,Sabalenka A.,Burel C.,6.0,131.0,3470.0,471.0,6.0,0.0,6.0,2.0,,,2.0,0.0,Completed,1.16,5.0,1.16,6.03,1.19,6.03,1.16,5.32
WTA,2022,43,New York,US Open,2022-09-04,Grand Slam,Outdoor,Hard,3rd Round,3,Collins D.,Cornet A.,19.0,40.0,2167.0,1260.0,6.0,4.0,7.0,6.0,,,2.0,0.0,Completed,1.57,2.37,1.54,2.62,1.67,2.62,1.59,2.37
WTA,2022,43,New York,US Open,2022-09-04,Grand Slam,Outdoor,Hard,4th Round,3,Garcia C.,Riske A.,17.0,29.0,2220.0,1525.0,6.0,4.0,6.0,1.0,,,2.0,0.0,Completed,1.22,4.33,1.25,4.5,1.29,4.89,1.23,4.23
WTA,2022,43,New York,US Open,2022-09-04,Grand Slam,Outdoor,Hard,4th Round,3,Gauff C.,Zhang S.,12.0,36.0,2687.0,1360.0,7.0,5.0,7.0,5.0,,,2.0,0.0,Completed,1.28,3.75,1.31,3.82,1.33,3.85,1.29,3.57
WTA,2022,43,New York,US Open,2022-09-05,Grand Slam,Outdoor,Hard,4th Round,3,Tomljanovic A.,Samsonova L.,46.0,35.0,1100.0,1407.0,7.0,6.0,6.0,1.0,,,2.0,0.0,Completed,3.0,1.4,3.39,1.37,3.4,1.5,3.07,1.38
WTA,2022,43,New York,US Open,2022-09-05,Grand Slam,Outdoor,Hard,4th Round,3,Jabeur O.,Kudermetova V.,5.0,18.0,3920.0,2206.0,7.0,6.0,6.0,4.0,,,2.0,0.0,Completed,1.9,1.9,1.86,2.06,1.9,2.08,1.82,2.0
WTA,2022,43,New York,US Open,2022-09-05,Grand Slam,Outdoor,Hard,4th Round,3,Pegula J.,Kvitova P.,8.0,21.0,3201.0,2077.0,6.0,3.0,6.0,2.0,,,2.0,0.0,Completed,1.8,2.0,1.81,2.11,1.91,2.11,1.82,2.0
WTA,2022,43,New York,US Open,2022-09-05,Grand Slam,Outdoor,Hard,4th Round,3,Swiatek I.,Niemeier J.,1.0,108.0,8605.0,601.0,2.0,6.0,6.0,4.0,6.0,0.0,2.0,1.0,Completed,1.16,5.0,1.17,5.98,1.18,6.5,1.16,5.35
WTA,2022,43,New York,US Open,2022-09-05,Grand Slam,Outdoor,Hard,4th Round,3,Pliskova Ka.,Azarenka V.,22.0,26.0,2007.0,1841.0,7.0,5.0,6.0,7.0,6.0,2.0,2.0,1.0,Completed,1.9,1.9,1.98,1.93,2.03,1.97,1.93,1.89
WTA,2022,43,New York,US Open,2022-09-06,Grand Slam,Outdoor,Hard,4th Round,3,Sabalenka A.,Collins D.,6.0,19.0,3470.0,2167.0,3.0,6.0,6.0,3.0,6.0,2.0,2.0,1.0,Completed,1.8,2.0,1.93,1.97,2.0,2.1,1.85,1.96
WTA,2022,43,New York,US Open,2022-09-06,Grand Slam,Outdoor,Hard,Quarterfinals,3,Jabeur O.,Tomljanovic A.,5.0,46.0,3920.0,1100.0,6.0,4.0,7.0,6.0,,,2.0,0.0,Completed,1.44,2.75,1.43,3.06,1.5,3.08,1.45,2.8
WTA,2022,43,New York,US Open,2022-09-07,Grand Slam,Outdoor,Hard,Quarterfinals,3,Garcia C.,Gauff C.,17.0,12.0,2220.0,2687.0,6.0,3.0,6.0,4.0,,,2.0,0.0,Completed,1.9,1.9,1.93,1.97,1.95,2.2,1.87,1.95
WTA,2022,43,New York,US Open,2022-09-07,Grand Slam,Outdoor,Hard,Quarterfinals,3,Sabalenka A.,Pliskova Ka.,6.0,22.0,3470.0,2007.0,6.0,1.0,7.0,6.0,,,2.0,0.0,Completed,1.8,2.0,1.85,2.07,1.85,2.2,1.78,2.05
WTA,2022,43,New York,US Open,2022-09-08,Grand Slam,Outdoor,Hard,Quarterfinals,3,Swiatek I.,Pegula J.,1.0,8.0,8605.0,3201.0,6.0,3.0,7.0,6.0,,,2.0,0.0,Completed,1.5,2.62,1.56,2.61,1.64,2.7,1.55,2.5
WTA,2022,43,New York,US Open,2022-09-09,Grand Slam,Outdoor,Hard,Semifinals,3,Jabeur O.,Garcia C.,5.0,17.0,3920.0,2220.0,6.0,1.0,6.0,3.0,,,2.0,0.0,Completed,2.2,1.66,2.35,1.67,2.42,1.75,2.26,1.65
WTA,2022,43,New York,US Open,2022-09-09,Grand Slam,Outdoor,Hard,Semifinals,3,Swiatek I.,Sabalenka A.,1.0,6.0,8605.0,3470.0,3.0,6.0,6.0,1.0,6.0,4.0,2.0,1.0,Completed,1.5,2.62,1.49,2.83,1.55,2.85,1.49,2.65
WTA,2022,43,New York,US Open,2022-09-10,Grand Slam,Outdoor,Hard,The Final,3,Swiatek I.,Jabeur O.,1.0,5.0,8605.0,3920.0,6.0,2.0,7.0,6.0,,,2.0,0.0,Completed,1.57,2.5,1.56,2.62,1.62,2.78,1.54,2.52
