Tour,Year,WTA,Location,Tournament,Date,Tier,Court,Surface,Round,Best of,Winner,Loser,WRank,LRank,WPts,LPts,W1,L1,W2,L2,W3,L3,Wsets,Lsets,Comment,B365W,B365L,PSW,PSL,MaxW,MaxL,AvgW,AvgL
WTA,2019,6,Melbourne,Australian Open,2019-01-14,Grand Slam,Outdoor,Hard,1st Round,3,Vickery S.,Bonaventure Y.,123.0,159.0,483.0,368.0,2.0,6.0,6.0,4.0,6.0,4.0,2.0,1.0,Completed,3.0,1.4,2.87,1.47,3.1,1.47,2.91,1.42
WTA,2019,6,Melbourne,Australian Open,2019-01-14,Grand Slam,Outdoor,Hard,1st Round,3,Boulter K.,Makarova E.,97.0,60.0,628.0,918.0,6.0,0.0,4.0,6.0,7.0,6.0,2.0,1.0,Completed,2.1,1.72,2.16,1.77,2.21,1.82,2.14,1.72
WTA,2019,6,Melbourne,Australian Open,2019-01-14,Grand Slam,Outdoor,Hard,1st Round,3,Peterson R.,Cirstea S.,64.0,84.0,900.0,730.0,6.0,4.0,6.0,1.0,,,2.0,0.0,Completed,2.5,1.53,2.72,1.51,2.88,1.55,2.69,1.48
WTA,2019,6,Melbourne,Australian Open,2019-01-14,Grand Slam,Outdoor,Hard,1st Round,3,Collins D.,Goerges J.,35.0,13.0,1322.0,3055.0,2.0,6.0,7.0,6.0,6.0,4.0,2.0,1.0,Completed,4.33,1.22,4.21,1.26,4.36,1.29,4.0,1.25
WTA,2019,6,Melbourne,Australian Open,2019-01-14,Grand Slam,Outdoor,Hard,1st Round,3,Sabalenka A.,Kalinskaya A.,11.0,146.0,3365.0,403.0,6.0,1.0,6.0,4.0,,,2.0,0.0,Completed,1.2,4.5,1.12,7.27,1.22,7.4,1.17,5.22
WTA,2019,6,Melbourne,Australian Open,2019-01-14,Grand Slam,Outdoor,Hard,1st Round,3,Garcia C.,Ponchet J.,19.0,250.0,2660.0,222.0,6.0,2.0,6.0,3.0,,,2.0,0.0,Completed,1.2,4.5,1.23,4.69,1.23,5.5,1.2,4.65
WTA,2019,6,Melbourne,Australian Open,2019-01-14,Grand Slam,Outdoor,Hard,1st Round,3,Sharma A.,Hon P.,232.0,140.0,249.0,431.0,7.0,5.0,4.0,6.0,6.0,1.0,2.0,1.0,Completed,2.1,1.72,2.14,1.78,2.15,1.84,2.09,1.75
WTA,2019,6,Melbourne,Australian Open,2019-01-14,Grand Slam,Outdoor,Hard,1st Round,3,Vekic D.,Mladenovic K.,29.0,45.0,1580.0,1155.0,6.0,2.0,6.0,4.0,,,2.0,0.0,Completed,1.3,3.5,1.29,3.89,1.36,3.89,1.31,3.54
WTA,2019,6,Melbourne,Australian Open,2019-01-14,Grand Slam,Outdoor,Hard,1st Round,3,Vondrousova M.,Rodina E.,72.0,69.0,806.0,826.0,6.0,3.0,6.0,2.0,,,2.0,0.0,Completed,1.5,2.62,1.58,2.51,1.58,3.2,1.5,2.62
WTA,2019,6,Melbourne,Australian Open,2019-01-14,Grand Slam,Outdoor,Hard,1st Round,3,Martic P.,Watson H.,32.0,108.0,1465.0,538.0,6.0,1.0,6.0,2.0,,,2.0,0.0,Completed,1.44,2.75,1.42,3.09,1.46,3.09,1.43,2.87
WTA,2019,6,Melbourne,Australian Open,2019-01-14,Grand Slam,Outdoor,Hard,1st Round,3,Sharapova M.,Dart H.,30.0,131.0,1552.0,464.0,6.0,0.0,6.0,0.0,,,2.0,0.0,Completed,1.3,3.5,1.27,4.1,1.32,4.1,1.28,3.8
WTA,2019,6,Melbourne,Australian Open,2019-01-14,Grand Slam,Outdoor,Hard,1st Round,3,Hives Z.,Mattek-Sands B.,225.0,348.0,260.0,111.0,6.0,1.0,6.0,2.0,,,2.0,0.0,Completed,1.72,2.1,1.75,2.19,1.77,2.25,1.72,2.15
WTA,2019,6,Melbourne,Australian Open,2019-01-14,Grand Slam,Outdoor,Hard,1st Round,3,Tsurenko L.,Alexandrova E.,24.0,74.0,1896.0,803.0,6.0,4.0,7.0,6.0,,,2.0,0.0,Completed,1.5,2.62,1.48,2.84,1.51,3.0,1.46,2.73
WTA,2019,6,Melbourne,Australian Open,2019-01-14,Grand Slam,Outdoor,Hard,1st Round,3,Birrell K.,Badosa Gibert P.,240.0,141.0,236.0,428.0,6.0,4.0,6.0,2.0,,,2.0,0.0,Completed,2.2,1.66,2.19,1.75,2.25,1.75,2.19,1.69
WTA,2019,6,Melbourne,Australian Open,2019-01-14,Grand Slam,Outdoor,Hard,1st Round,3,Haddad Maia B.,Pera B.,195.0,68.0,299.0,829.0,6.0,3.0,5.0,7.0,6.0,4.0,2.0,1.0,Completed,1.57,2.37,1.63,2.4,1.63,2.56,1.58,2.39
WTA,2019,6,Melbourne,Australian Open,2019-01-14,Grand Slam,Outdoor,Hard,1st Round,3,Stephens S.,Townsend T.,5.0,93.0,5077.0,644.0,6.0,4.0,6.0,2.0,,,2.0,0.0,Completed,1.16,5.0,1.23,4.68,1.25,5.1,1.21,4.53
WTA,2019,6,Melbourne,Australian Open,2019-01-14,Grand Slam,Outdoor,Hard,1st Round,3,Pavlyuchenkova A.,Puig M.,44.0,54.0,1160.0,1033.0,6.0,4.0,6.0,3.0,,,2.0,0.0,Completed,1.66,2.2,1.74,2.2,1.75,2.25,1.7,2.17
WTA,2019,6,Melbourne,Australian Open,2019-01-14,Grand Slam,Outdoor,Hard,1st Round,3,Anisimova A.,Niculescu M.,87.0,99.0,695.0,617.0,7.0,6.0,6.0,4.0,,,2.0,0.0,Completed,1.72,2.1,1.81,2.09,1.87,2.3,1.74,2.12
WTA,2019,6,Melbourne,Australian Open,2019-01-14,Grand Slam,Outdoor,Hard,1st Round,3,Babos T.,Jabeur O.,66.0,58.0,886.0,988.0,7.0,6.0,7.0,6.0,,,2.0,0.0,Completed,2.62,1.5,2.46,1.61,2.64,1.61,2.47,1.56
WTA,2019,6,Melbourne,Australian Open,2019-01-14,Grand Slam,Outdoor,Hard,1st Round,3,Sakkari M.,Ostapenko J.,43.0,22.0,1164.0,2362.0,6.0,1.0,3.0,6.0,6.0,2.0,2.0,1.0,Completed,1.61,2.3,1.57,2.56,1.62,2.56,1.57,2.43
WTA,2019,6,Melbourne,Australian Open,2019-01-14,Grand Slam,Outdoor,Hard,1st Round,3,Kontaveit A.,Sorribes Tormo S.,20.0,81.0,2525.0,740.0,6.0,3.0,6.0,2.0,,,2.0,0.0,Completed,1.12,6.0,1.16,6.06,1.18,6.07,1.15,5.6
WTA,2019,6,Melbourne,Australian Open,2019-01-14,Grand Slam,Outdoor,Hard,1st Round,3,Kerber A.,Hercog P.,2.0,92.0,5505.0,657.0,6.0,2.0,6.0,2.0,,,2.0,0.0,Completed,1.07,9.0,1.04,13.91,1.08,13.91,1.05,10.39
WTA,2019,6,Melbourne,Australian Open,2019-01-14,Grand Slam,Outdoor,Hard,1st Round,3,Bertens K.,Riske A.,9.0,56.0,4490.0,1014.0,6.0,3.0,6.0,3.0,,,2.0,0.0,Completed,1.33,3.4,1.35,3.45,1.36,3.63,1.33,3.4
WTA,2019,6,Melbourne,Australian Open,2019-01-14,Grand Slam,Outdoor,Hard,1st Round,3,Putintseva Y.,Strycova B.,39.0,33.0,1233.0,1331.0,6.0,4.0,7.0,6.0,,,2.0,0.0,Completed,2.0,1.8,2.0,1.88,2.07,1.91,1.99,1.84
WTA,2019,6,Melbourne,Australian Open,2019-01-14,Grand Slam,Outdoor,Hard,1st Round,3,Wang Yaf.,Perez E.,65.0,209.0,887.0,277.0,6.0,4.0,6.0,0.0,,,2.0,0.0,Completed,1.33,3.4,1.34,3.54,1.36,3.54,1.33,3.35
WTA,2019,6,Melbourne,Australian Open,2019-01-14,Grand Slam,Outdoor,Hard,1st Round,3,Larsson J.,Lapko V.,77.0,62.0,768.0,906.0,7.0,6.0,3.0,0.0,,,1.0,0.0,Retired,3.5,1.3,3.61,1.33,4.02,1.33,3.51,1.31
WTA,2019,6,Melbourne,Australian Open,2019-01-14,Grand Slam,Outdoor,Hard,1st Round,3,Bencic B.,Siniakova K.,49.0,34.0,1106.0,1330.0,6.0,4.0,2.0,6.0,6.0,3.0,2.0,1.0,Completed,1.72,2.0,1.93,1.96,1.95,2.1,1.87,1.95
WTA,2019,6,Melbourne,Australian Open,2019-01-14,Grand Slam,Outdoor,Hard,1st Round,3,Begu I.,Petkovic A.,70.0,63.0,822.0,904.0,6.0,7.0,4.0,3.0,,,0.0,1.0,Retired,2.2,1.66,2.15,1.77,2.23,1.8,2.13,1.73
WTA,2019,6,Melbourne,Australian Open,2019-01-14,Grand Slam,Outdoor,Hard,1st Round,3,Barty A.,Kumkhum L.,15.0,67.0,2985.0,884.0,6.0,2.0,6.0,2.0,,,2.0,0.0,Completed,1.12,6.0,1.13,6.9,1.16,7.0,1.12,6.56
WTA,2019,6,Melbourne,Australian Open,2019-01-14,Grand Slam,Outdoor,Hard,1st Round,3,Wozniacki C.,Van Uytvanck A.,3.0,52.0,5436.0,1055.0,6.0,3.0,6.0,4.0,,,2.0,0.0,Completed,1.16,5.0,1.18,5.57,1.19,5.57,1.16,5.24
WTA,2019,6,Melbourne,Australian Open,2019-01-14,Grand Slam,Outdoor,Hard,1st Round,3,Sasnovich A.,Flipkens K.,31.0,50.0,1513.0,1070.0,6.0,1.0,6.0,1.0,,,2.0,0.0,Completed,1.36,3.2,1.3,3.82,1.36,3.82,1.3,3.59
WTA,2019,6,Melbourne,Australian Open,2019-01-14,Grand Slam,Outdoor,Hard,1st Round,3,Kvitova P.,Rybarikova M.,6.0,51.0,5000.0,1056.0,6.0,3.0,6.0,2.0,,,2.0,0.0,Completed,1.12,6.0,1.13,6.82,1.15,6.82,1.13,6.22
WTA,2019,6,Melbourne,Australian Open,2019-01-15,Grand Slam,Outdoor,Hard,1st Round,3,Krunic A.,Diyas Z.,61.0,95.0,915.0,635.0,3.0,6.0,7.0,5.0,6.0,1.0,2.0,1.0,Completed,2.75,1.44,2.83,1.48,2.85,1.49,2.76,1.46
WTA,2019,6,Melbourne,Australian Open,2019-01-15,Grand Slam,Outdoor,Hard,1st Round,3,Konta J.,Tomljanovic A.,38.0,47.0,1255.0,1127.0,7.0,6.0,2.0,6.0,7.0,6.0,2.0,1.0,Completed,1.8,2.0,1.79,2.12,1.87,2.12,1.79,2.04
WTA,2019,6,Melbourne,Australian Open,2019-01-15,Grand Slam,Outdoor,Hard,1st Round,3,Mertens E.,Schmiedlova A.,14.0,59.0,2985.0,924.0,6.0,2.0,7.0,5.0,,,2.0,0.0,Completed,1.16,5.0,1.19,5.23,1.22,5.5,1.18,4.9
WTA,2019,6,Melbourne,Australian Open,2019-01-15,Grand Slam,Outdoor,Hard,1st Round,3,Pliskova Ka.,Muchova K.,8.0,138.0,4750.0,432.0,6.0,3.0,6.0,2.0,,,2.0,0.0,Completed,1.28,3.75,1.31,3.75,1.35,3.8,1.3,3.63
WTA,2019,6,Melbourne,Australian Open,2019-01-15,Grand Slam,Outdoor,Hard,1st Round,3,Potapova A.,Parmentier P.,89.0,55.0,674.0,1015.0,6.0,4.0,7.0,6.0,,,2.0,0.0,Completed,1.5,2.62,1.54,2.64,1.56,2.7,1.52,2.58
WTA,2019,6,Melbourne,Australian Open,2019-01-15,Grand Slam,Outdoor,Hard,1st Round,3,Wang Q.,Ferro F.,21.0,98.0,2485.0,621.0,6.0,4.0,6.0,3.0,,,2.0,0.0,Completed,1.08,8.0,1.09,9.1,1.1,9.1,1.09,7.91
WTA,2019,6,Melbourne,Australian Open,2019-01-15,Grand Slam,Outdoor,Hard,1st Round,3,Keys M.,Aiava D.,17.0,191.0,2976.0,305.0,6.0,2.0,6.0,2.0,,,2.0,0.0,Completed,1.2,4.5,1.21,4.99,1.25,5.2,1.21,4.51
WTA,2019,6,Melbourne,Australian Open,2019-01-15,Grand Slam,Outdoor,Hard,1st Round,3,Williams S.,Maria T.,16.0,73.0,2976.0,804.0,6.0,0.0,6.0,2.0,,,2.0,0.0,Completed,1.06,10.0,1.08,9.92,1.1,14.2,1.07,8.9
WTA,2019,6,Melbourne,Australian Open,2019-01-15,Grand Slam,Outdoor,Hard,1st Round,3,Sevastova A.,Barthel M.,12.0,76.0,3160.0,773.0,6.0,3.0,6.0,1.0,,,2.0,0.0,Completed,1.16,5.0,1.18,5.46,1.21,6.0,1.18,5.03
WTA,2019,6,Melbourne,Australian Open,2019-01-15,Grand Slam,Outdoor,Hard,1st Round,3,Bouchard E.,Peng S.,79.0,128.0,751.0,473.0,6.0,2.0,6.0,1.0,,,2.0,0.0,Completed,1.72,2.1,1.85,2.04,1.87,2.13,1.78,2.05
WTA,2019,6,Melbourne,Australian Open,2019-01-15,Grand Slam,Outdoor,Hard,1st Round,3,Muguruza G.,Zheng S.,18.0,40.0,2865.0,1224.0,6.0,2.0,6.0,3.0,,,2.0,0.0,Completed,1.2,4.5,1.2,5.15,1.25,5.15,1.2,4.68
WTA,2019,6,Melbourne,Australian Open,2019-01-15,Grand Slam,Outdoor,Hard,1st Round,3,Zidansek T.,Gavrilova D.,78.0,41.0,752.0,1205.0,7.0,5.0,6.0,3.0,,,2.0,0.0,Completed,2.75,1.44,3.18,1.4,3.18,1.5,2.94,1.41
WTA,2019,6,Melbourne,Australian Open,2019-01-15,Grand Slam,Outdoor,Hard,1st Round,3,Brengle M.,Doi M.,88.0,133.0,676.0,458.0,6.0,4.0,6.0,0.0,,,2.0,0.0,Completed,1.9,1.9,2.07,1.83,2.1,2.2,1.99,1.84
WTA,2019,6,Melbourne,Australian Open,2019-01-15,Grand Slam,Outdoor,Hard,1st Round,3,Andreescu B.,Osuigwe W.,106.0,198.0,571.0,296.0,7.0,6.0,6.0,7.0,6.0,3.0,2.0,1.0,Completed,1.14,5.5,1.17,5.84,1.2,5.85,1.16,5.41
WTA,2019,6,Melbourne,Australian Open,2019-01-15,Grand Slam,Outdoor,Hard,1st Round,3,Bacsinszky T.,Kasatkina D.,145.0,10.0,406.0,3415.0,6.0,3.0,6.0,0.0,,,2.0,0.0,Completed,2.37,1.57,2.61,1.55,2.64,1.67,2.41,1.58
WTA,2019,6,Melbourne,Australian Open,2019-01-15,Grand Slam,Outdoor,Hard,1st Round,3,Vikhlyantseva N.,Lepchenko V.,134.0,139.0,448.0,431.0,6.0,7.0,6.0,2.0,6.0,4.0,2.0,1.0,Completed,2.1,1.72,2.09,1.82,2.2,1.83,2.07,1.77
WTA,2019,6,Melbourne,Australian Open,2019-01-15,Grand Slam,Outdoor,Hard,1st Round,3,Siegemund L.,Azarenka V.,110.0,53.0,536.0,1052.0,6.0,7.0,6.0,4.0,6.0,2.0,2.0,1.0,Completed,5.0,1.16,5.0,1.21,5.25,1.22,4.72,1.2
WTA,2019,6,Melbourne,Australian Open,2019-01-15,Grand Slam,Outdoor,Hard,1st Round,3,Giorgi C.,Jakupovic D.,28.0,83.0,1645.0,736.0,6.0,3.0,6.0,0.0,,,2.0,0.0,Completed,1.2,4.5,1.21,4.87,1.22,5.0,1.2,4.62
WTA,2019,6,Melbourne,Australian Open,2019-01-15,Grand Slam,Outdoor,Hard,1st Round,3,Suarez Navarro C.,Burel C.,23.0,551.0,2153.0,33.0,7.0,5.0,6.0,2.0,,,2.0,0.0,Completed,1.08,8.0,1.1,8.33,1.11,8.33,1.09,7.5
WTA,2019,6,Melbourne,Australian Open,2019-01-15,Grand Slam,Outdoor,Hard,1st Round,3,Hsieh S.W.,Voegele S.,27.0,85.0,1680.0,722.0,6.0,2.0,6.0,1.0,,,2.0,0.0,Completed,1.28,3.75,1.3,3.82,1.32,3.85,1.29,3.66
WTA,2019,6,Melbourne,Australian Open,2019-01-15,Grand Slam,Outdoor,Hard,1st Round,3,Williams V.,Buzarnescu M.,36.0,26.0,1265.0,1700.0,6.0,7.0,7.0,6.0,6.0,2.0,2.0,1.0,Completed,1.44,2.75,1.53,2.67,1.55,2.79,1.49,2.65
WTA,2019,6,Melbourne,Australian Open,2019-01-15,Grand Slam,Outdoor,Hard,1st Round,3,Kuzmova V.,Kozlova K.,48.0,94.0,1119.0,636.0,4.0,6.0,6.0,4.0,6.0,2.0,2.0,1.0,Completed,1.36,3.2,1.36,3.42,1.36,3.5,1.34,3.28
WTA,2019,6,Melbourne,Australian Open,2019-01-15,Grand Slam,Outdoor,Hard,1st Round,3,Cornet A.,Arruabarrena L.,46.0,86.0,1140.0,714.0,6.0,2.0,6.0,2.0,,,2.0,0.0,Completed,1.22,4.33,1.2,5.05,1.25,5.05,1.21,4.48
WTA,2019,6,Melbourne,Australian Open,2019-01-15,Grand Slam,Outdoor,Hard,1st Round,3,Pliskova Kr.,Blinkova A.,101.0,90.0,613.0,669.0,7.0,6.0,2.0,6.0,6.0,2.0,2.0,1.0,Completed,2.1,1.72,2.11,1.8,2.15,1.84,2.08,1.76
WTA,2019,6,Melbourne,Australian Open,2019-01-15,Grand Slam,Outdoor,Hard,1st Round,3,Svitolina E.,Golubic V.,7.0,103.0,4940.0,592.0,6.0,1.0,6.0,2.0,,,2.0,0.0,Completed,1.1,7.0,1.11,7.68,1.12,7.75,1.1,7.03
WTA,2019,6,Melbourne,Australian Open,2019-01-15,Grand Slam,Outdoor,Hard,1st Round,3,Gasparyan M.,Zhu L.,91.0,118.0,662.0,501.0,4.0,6.0,6.0,2.0,6.0,2.0,2.0,1.0,Completed,1.57,2.37,1.71,2.25,1.75,2.37,1.69,2.19
WTA,2019,6,Melbourne,Australian Open,2019-01-15,Grand Slam,Outdoor,Hard,1st Round,3,Swiatek I.,Bogdan A.,177.0,82.0,326.0,739.0,6.0,3.0,3.0,6.0,6.0,4.0,2.0,1.0,Completed,1.4,3.0,1.38,3.3,1.43,3.5,1.37,3.17
WTA,2019,6,Melbourne,Australian Open,2019-01-15,Grand Slam,Outdoor,Hard,1st Round,3,Yastremska D.,Stosur S.,57.0,75.0,1009.0,800.0,7.0,5.0,6.0,2.0,,,2.0,0.0,Completed,1.33,3.4,1.37,3.34,1.37,3.5,1.35,3.27
WTA,2019,6,Melbourne,Australian Open,2019-01-15,Grand Slam,Outdoor,Hard,1st Round,3,Kenin S.,Kudermetova V.,37.0,111.0,1259.0,528.0,6.0,3.0,3.0,6.0,7.0,5.0,2.0,1.0,Completed,1.3,3.5,1.36,3.4,1.4,3.54,1.35,3.29
WTA,2019,6,Melbourne,Australian Open,2019-01-15,Grand Slam,Outdoor,Hard,1st Round,3,Zhang S.,Cibulkova D.,42.0,25.0,1190.0,1735.0,6.0,2.0,4.0,6.0,6.0,2.0,2.0,1.0,Completed,2.75,1.44,2.67,1.53,2.79,1.55,2.63,1.49
WTA,2019,6,Melbourne,Australian Open,2019-01-15,Grand Slam,Outdoor,Hard,1st Round,3,Halep S.,Kanepi K.,1.0,71.0,6642.0,816.0,6.0,7.0,6.0,4.0,6.0,2.0,2.0,1.0,Completed,1.3,3.5,1.31,3.74,1.35,3.77,1.31,3.51
WTA,2019,6,Melbourne,Australian Open,2019-01-15,Grand Slam,Outdoor,Hard,1st Round,3,Osaka N.,Linette M.,4.0,80.0,5270.0,751.0,6.0,4.0,6.0,2.0,,,2.0,0.0,Completed,1.14,5.5,1.16,5.95,1.2,5.95,1.17,5.16
WTA,2019,6,Melbourne,Australian Open,2019-01-16,Grand Slam,Outdoor,Hard,2nd Round,3,Martic P.,Vondrousova M.,32.0,72.0,1465.0,806.0,6.0,4.0,7.0,5.0,,,2.0,0.0,Completed,1.5,2.62,1.53,2.66,1.65,2.78,1.51,2.58
WTA,2019,6,Melbourne,Australian Open,2019-01-16,Grand Slam,Outdoor,Hard,2nd Round,3,Garcia C.,Hives Z.,19.0,225.0,2660.0,260.0,6.0,3.0,6.0,3.0,,,2.0,0.0,Completed,1.2,4.5,1.22,4.85,1.22,4.86,1.2,4.6
WTA,2019,6,Melbourne,Australian Open,2019-01-16,Grand Slam,Outdoor,Hard,2nd Round,3,Sasnovich A.,Kontaveit A.,31.0,20.0,1513.0,2525.0,6.0,3.0,6.0,3.0,,,2.0,0.0,Completed,1.66,2.2,1.84,2.06,1.84,2.23,1.76,2.08
WTA,2019,6,Melbourne,Australian Open,2019-01-16,Grand Slam,Outdoor,Hard,2nd Round,3,Pavlyuchenkova A.,Bertens K.,44.0,9.0,1160.0,4490.0,3.0,6.0,6.0,3.0,6.0,3.0,2.0,1.0,Completed,3.0,1.4,3.13,1.41,3.54,1.43,3.09,1.38
WTA,2019,6,Melbourne,Australian Open,2019-01-16,Grand Slam,Outdoor,Hard,2nd Round,3,Stephens S.,Babos T.,5.0,66.0,5077.0,886.0,6.0,3.0,6.0,1.0,,,2.0,0.0,Completed,1.16,5.0,1.21,4.95,1.21,5.41,1.18,5.0
WTA,2019,6,Melbourne,Australian Open,2019-01-16,Grand Slam,Outdoor,Hard,2nd Round,3,Barty A.,Wang Yaf.,15.0,65.0,2985.0,887.0,6.0,2.0,6.0,3.0,,,2.0,0.0,Completed,1.1,7.0,1.12,7.47,1.17,7.47,1.12,6.45
WTA,2019,6,Melbourne,Australian Open,2019-01-16,Grand Slam,Outdoor,Hard,2nd Round,3,Sakkari M.,Sharma A.,43.0,232.0,1164.0,249.0,6.0,1.0,6.0,4.0,,,2.0,0.0,Completed,1.3,3.5,1.32,3.7,1.38,3.7,1.32,3.42
WTA,2019,6,Melbourne,Australian Open,2019-01-16,Grand Slam,Outdoor,Hard,2nd Round,3,Anisimova A.,Tsurenko L.,87.0,24.0,695.0,1896.0,6.0,0.0,6.0,2.0,,,2.0,0.0,Completed,2.1,1.72,2.17,1.76,2.4,1.76,2.22,1.67
WTA,2019,6,Melbourne,Australian Open,2019-01-16,Grand Slam,Outdoor,Hard,2nd Round,3,Collins D.,Vickery S.,35.0,123.0,1322.0,483.0,6.0,3.0,7.0,5.0,,,2.0,0.0,Completed,1.25,4.0,1.25,4.33,1.31,4.33,1.27,3.82
WTA,2019,6,Melbourne,Australian Open,2019-01-16,Grand Slam,Outdoor,Hard,2nd Round,3,Birrell K.,Vekic D.,240.0,29.0,236.0,1580.0,6.0,4.0,4.0,6.0,6.0,1.0,2.0,1.0,Completed,4.5,1.2,5.77,1.17,5.85,1.22,5.2,1.17
WTA,2019,6,Melbourne,Australian Open,2019-01-16,Grand Slam,Outdoor,Hard,2nd Round,3,Wozniacki C.,Larsson J.,3.0,77.0,5436.0,768.0,6.0,1.0,6.0,3.0,,,2.0,0.0,Completed,1.1,7.0,1.06,11.34,1.12,11.5,1.07,8.98
WTA,2019,6,Melbourne,Australian Open,2019-01-16,Grand Slam,Outdoor,Hard,2nd Round,3,Sabalenka A.,Boulter K.,11.0,97.0,3365.0,628.0,6.0,3.0,6.0,4.0,,,2.0,0.0,Completed,1.11,6.5,1.08,9.82,1.12,9.85,1.07,8.58
WTA,2019,6,Melbourne,Australian Open,2019-01-16,Grand Slam,Outdoor,Hard,2nd Round,3,Bencic B.,Putintseva Y.,49.0,39.0,1106.0,1233.0,7.0,5.0,4.0,6.0,6.0,2.0,2.0,1.0,Completed,1.8,2.0,1.94,1.94,1.99,2.2,1.86,1.96
WTA,2019,6,Melbourne,Australian Open,2019-01-16,Grand Slam,Outdoor,Hard,2nd Round,3,Kvitova P.,Begu I.,6.0,70.0,5000.0,822.0,6.0,1.0,6.0,3.0,,,2.0,0.0,Completed,1.1,7.0,1.1,8.06,1.13,8.06,1.1,7.07
WTA,2019,6,Melbourne,Australian Open,2019-01-16,Grand Slam,Outdoor,Hard,2nd Round,3,Kerber A.,Haddad Maia B.,2.0,195.0,5505.0,299.0,6.0,2.0,6.0,3.0,,,2.0,0.0,Completed,1.1,7.0,1.1,8.26,1.13,8.26,1.1,7.21
WTA,2019,6,Melbourne,Australian Open,2019-01-16,Grand Slam,Outdoor,Hard,2nd Round,3,Sharapova M.,Peterson R.,30.0,64.0,1552.0,900.0,6.0,2.0,6.0,1.0,,,2.0,0.0,Completed,1.2,4.5,1.23,4.63,1.23,5.09,1.2,4.66
WTA,2019,6,Melbourne,Australian Open,2019-01-17,Grand Slam,Outdoor,Hard,2nd Round,3,Sevastova A.,Andreescu B.,12.0,106.0,3160.0,571.0,6.0,3.0,3.0,6.0,6.0,2.0,2.0,1.0,Completed,1.4,3.0,1.41,3.12,1.44,3.42,1.39,3.02
WTA,2019,6,Melbourne,Australian Open,2019-01-17,Grand Slam,Outdoor,Hard,2nd Round,3,Giorgi C.,Swiatek I.,28.0,177.0,1645.0,326.0,6.0,2.0,6.0,0.0,,,2.0,0.0,Completed,1.3,3.5,1.34,3.51,1.37,3.8,1.33,3.37
WTA,2019,6,Melbourne,Australian Open,2019-01-17,Grand Slam,Outdoor,Hard,2nd Round,3,Pliskova Ka.,Brengle M.,8.0,88.0,4750.0,676.0,4.0,6.0,6.0,1.0,6.0,0.0,2.0,1.0,Completed,1.06,10.0,1.09,9.28,1.12,10.0,1.09,7.93
WTA,2019,6,Melbourne,Australian Open,2019-01-17,Grand Slam,Outdoor,Hard,2nd Round,3,Wang Q.,Krunic A.,21.0,61.0,2485.0,915.0,6.0,2.0,6.0,3.0,,,2.0,0.0,Completed,1.25,4.0,1.27,4.09,1.3,4.33,1.25,3.99
WTA,2019,6,Melbourne,Australian Open,2019-01-17,Grand Slam,Outdoor,Hard,2nd Round,3,Svitolina E.,Kuzmova V.,7.0,48.0,4940.0,1119.0,6.0,4.0,6.0,1.0,,,2.0,0.0,Completed,1.12,6.0,1.17,5.72,1.18,6.0,1.16,5.39
WTA,2019,6,Melbourne,Australian Open,2019-01-17,Grand Slam,Outdoor,Hard,2nd Round,3,Mertens E.,Gasparyan M.,14.0,91.0,2985.0,662.0,6.0,1.0,7.0,5.0,,,2.0,0.0,Completed,1.25,4.0,1.29,3.94,1.35,4.0,1.27,3.72
WTA,2019,6,Melbourne,Australian Open,2019-01-17,Grand Slam,Outdoor,Hard,2nd Round,3,Hsieh S.W.,Siegemund L.,27.0,110.0,1680.0,536.0,6.0,3.0,6.0,4.0,,,2.0,0.0,Completed,1.4,3.0,1.4,3.16,1.5,3.76,1.4,2.99
WTA,2019,6,Melbourne,Australian Open,2019-01-17,Grand Slam,Outdoor,Hard,2nd Round,3,Keys M.,Potapova A.,17.0,89.0,2976.0,674.0,6.0,3.0,6.0,4.0,,,2.0,0.0,Completed,1.25,4.0,1.23,4.64,1.29,4.75,1.24,4.18
WTA,2019,6,Melbourne,Australian Open,2019-01-17,Grand Slam,Outdoor,Hard,2nd Round,3,Bacsinszky T.,Vikhlyantseva N.,145.0,134.0,406.0,448.0,6.0,2.0,7.0,5.0,,,2.0,0.0,Completed,1.44,2.75,1.5,2.76,1.55,3.69,1.47,2.74
WTA,2019,6,Melbourne,Australian Open,2019-01-17,Grand Slam,Outdoor,Hard,2nd Round,3,Zhang S.,Pliskova Kr.,42.0,101.0,1190.0,613.0,6.0,3.0,7.0,5.0,,,2.0,0.0,Completed,1.5,2.62,1.45,2.93,1.53,2.93,1.48,2.68
WTA,2019,6,Melbourne,Australian Open,2019-01-17,Grand Slam,Outdoor,Hard,2nd Round,3,Osaka N.,Zidansek T.,4.0,78.0,5270.0,752.0,6.0,2.0,6.0,4.0,,,2.0,0.0,Completed,1.1,7.0,1.09,9.06,1.12,9.06,1.09,7.84
WTA,2019,6,Melbourne,Australian Open,2019-01-17,Grand Slam,Outdoor,Hard,2nd Round,3,Williams V.,Cornet A.,36.0,46.0,1265.0,1140.0,6.0,3.0,4.0,6.0,6.0,0.0,2.0,1.0,Completed,1.57,2.37,1.64,2.38,1.73,2.54,1.62,2.32
WTA,2019,6,Melbourne,Australian Open,2019-01-17,Grand Slam,Outdoor,Hard,2nd Round,3,Halep S.,Kenin S.,1.0,37.0,6642.0,1259.0,6.0,3.0,6.0,7.0,6.0,4.0,2.0,1.0,Completed,1.44,2.75,1.47,2.86,1.5,3.15,1.45,2.79
WTA,2019,6,Melbourne,Australian Open,2019-01-17,Grand Slam,Outdoor,Hard,2nd Round,3,Yastremska D.,Suarez Navarro C.,57.0,23.0,1009.0,2153.0,6.0,3.0,3.0,6.0,6.0,1.0,2.0,1.0,Completed,1.53,2.5,1.58,2.52,1.65,2.7,1.57,2.43
WTA,2019,6,Melbourne,Australian Open,2019-01-17,Grand Slam,Outdoor,Hard,2nd Round,3,Williams S.,Bouchard E.,16.0,79.0,2976.0,751.0,6.0,2.0,6.0,2.0,,,2.0,0.0,Completed,1.12,6.0,1.13,6.89,1.17,6.98,1.14,5.9
WTA,2019,6,Melbourne,Australian Open,2019-01-17,Grand Slam,Outdoor,Hard,2nd Round,3,Muguruza G.,Konta J.,18.0,38.0,2865.0,1255.0,6.0,4.0,6.0,7.0,7.0,5.0,2.0,1.0,Completed,1.44,2.75,1.47,2.85,1.6,2.85,1.48,2.68
WTA,2019,6,Melbourne,Australian Open,2019-01-18,Grand Slam,Outdoor,Hard,3rd Round,3,Barty A.,Sakkari M.,15.0,43.0,2985.0,1164.0,7.0,5.0,6.0,1.0,,,2.0,0.0,Completed,1.22,4.33,1.2,5.11,1.25,5.28,1.2,4.63
WTA,2019,6,Melbourne,Australian Open,2019-01-18,Grand Slam,Outdoor,Hard,3rd Round,3,Anisimova A.,Sabalenka A.,87.0,11.0,695.0,3365.0,6.0,3.0,6.0,2.0,,,2.0,0.0,Completed,3.0,1.4,3.23,1.39,3.24,1.45,2.96,1.41
WTA,2019,6,Melbourne,Australian Open,2019-01-18,Grand Slam,Outdoor,Hard,3rd Round,3,Pavlyuchenkova A.,Sasnovich A.,44.0,31.0,1160.0,1513.0,6.0,0.0,6.0,3.0,,,2.0,0.0,Completed,2.0,1.8,1.94,1.94,2.2,2.0,1.97,1.86
WTA,2019,6,Melbourne,Australian Open,2019-01-18,Grand Slam,Outdoor,Hard,3rd Round,3,Sharapova M.,Wozniacki C.,30.0,3.0,1552.0,5436.0,6.0,4.0,4.0,6.0,6.0,3.0,2.0,1.0,Completed,2.2,1.66,2.43,1.62,2.5,1.8,2.31,1.63
WTA,2019,6,Melbourne,Australian Open,2019-01-18,Grand Slam,Outdoor,Hard,3rd Round,3,Stephens S.,Martic P.,5.0,32.0,5077.0,1465.0,7.0,6.0,7.0,6.0,,,2.0,0.0,Completed,1.36,3.2,1.39,3.23,1.39,3.51,1.35,3.27
WTA,2019,6,Melbourne,Australian Open,2019-01-18,Grand Slam,Outdoor,Hard,3rd Round,3,Kvitova P.,Bencic B.,6.0,49.0,5000.0,1106.0,6.0,1.0,6.0,4.0,,,2.0,0.0,Completed,1.28,3.75,1.26,4.24,1.31,4.39,1.27,3.89
WTA,2019,6,Melbourne,Australian Open,2019-01-18,Grand Slam,Outdoor,Hard,3rd Round,3,Collins D.,Garcia C.,35.0,19.0,1322.0,2660.0,6.0,3.0,6.0,2.0,,,2.0,0.0,Completed,3.2,1.36,3.24,1.39,3.4,1.42,3.13,1.37
WTA,2019,6,Melbourne,Australian Open,2019-01-18,Grand Slam,Outdoor,Hard,3rd Round,3,Kerber A.,Birrell K.,2.0,240.0,5505.0,236.0,6.0,1.0,6.0,0.0,,,2.0,0.0,Completed,1.05,11.0,1.06,11.2,1.07,12.25,1.06,10.1
WTA,2019,6,Melbourne,Australian Open,2019-01-19,Grand Slam,Outdoor,Hard,3rd Round,3,Osaka N.,Hsieh S.W.,4.0,27.0,5270.0,1680.0,5.0,7.0,6.0,4.0,6.0,1.0,2.0,1.0,Completed,1.22,4.33,1.24,4.53,1.25,5.1,1.22,4.36
WTA,2019,6,Melbourne,Australian Open,2019-01-19,Grand Slam,Outdoor,Hard,3rd Round,3,Svitolina E.,Zhang S.,7.0,42.0,4940.0,1190.0,4.0,6.0,6.0,4.0,7.0,5.0,2.0,1.0,Completed,1.22,4.33,1.2,5.18,1.23,5.35,1.2,4.64
WTA,2019,6,Melbourne,Australian Open,2019-01-19,Grand Slam,Outdoor,Hard,3rd Round,3,Sevastova A.,Wang Q.,12.0,21.0,3160.0,2485.0,6.0,3.0,6.0,3.0,,,2.0,0.0,Completed,1.8,2.0,1.9,1.99,1.91,2.1,1.83,2.0
WTA,2019,6,Melbourne,Australian Open,2019-01-19,Grand Slam,Outdoor,Hard,3rd Round,3,Williams S.,Yastremska D.,16.0,57.0,2976.0,1009.0,6.0,2.0,6.0,1.0,,,2.0,0.0,Completed,1.12,6.0,1.13,6.81,1.14,8.8,1.12,6.4
WTA,2019,6,Melbourne,Australian Open,2019-01-19,Grand Slam,Outdoor,Hard,3rd Round,3,Keys M.,Mertens E.,17.0,14.0,2976.0,2985.0,6.0,3.0,6.0,2.0,,,2.0,0.0,Completed,1.61,2.3,1.63,2.4,1.67,2.45,1.62,2.32
WTA,2019,6,Melbourne,Australian Open,2019-01-19,Grand Slam,Outdoor,Hard,3rd Round,3,Muguruza G.,Bacsinszky T.,18.0,145.0,2865.0,406.0,7.0,6.0,6.0,2.0,,,2.0,0.0,Completed,1.36,3.2,1.33,3.62,1.4,3.65,1.34,3.34
WTA,2019,6,Melbourne,Australian Open,2019-01-19,Grand Slam,Outdoor,Hard,3rd Round,3,Halep S.,Williams V.,1.0,36.0,6642.0,1265.0,6.0,2.0,6.0,3.0,,,2.0,0.0,Completed,1.44,2.75,1.43,3.05,1.48,3.12,1.43,2.89
WTA,2019,6,Melbourne,Australian Open,2019-01-19,Grand Slam,Outdoor,Hard,3rd Round,3,Pliskova Ka.,Giorgi C.,8.0,28.0,4750.0,1645.0,6.0,4.0,3.0,6.0,6.0,2.0,2.0,1.0,Completed,1.57,2.37,1.55,2.6,1.6,2.65,1.55,2.49
WTA,2019,6,Melbourne,Australian Open,2019-01-20,Grand Slam,Outdoor,Hard,4th Round,3,Kvitova P.,Anisimova A.,6.0,87.0,5000.0,695.0,6.0,2.0,6.0,1.0,,,2.0,0.0,Completed,1.57,2.37,1.63,2.44,1.63,2.62,1.57,2.43
WTA,2019,6,Melbourne,Australian Open,2019-01-20,Grand Slam,Outdoor,Hard,4th Round,3,Barty A.,Sharapova M.,15.0,30.0,2985.0,1552.0,4.0,6.0,6.0,1.0,6.0,4.0,2.0,1.0,Completed,1.72,2.1,1.78,2.16,1.78,2.2,1.74,2.12
WTA,2019,6,Melbourne,Australian Open,2019-01-20,Grand Slam,Outdoor,Hard,4th Round,3,Collins D.,Kerber A.,35.0,2.0,1322.0,5505.0,6.0,0.0,6.0,2.0,,,2.0,0.0,Completed,6.0,1.12,7.05,1.13,7.38,1.15,6.28,1.13
WTA,2019,6,Melbourne,Australian Open,2019-01-20,Grand Slam,Outdoor,Hard,4th Round,3,Pavlyuchenkova A.,Stephens S.,44.0,5.0,1160.0,5077.0,6.0,7.0,6.0,3.0,6.0,3.0,2.0,1.0,Completed,2.5,1.53,2.64,1.55,2.74,1.6,2.52,1.54
WTA,2019,6,Melbourne,Australian Open,2019-01-21,Grand Slam,Outdoor,Hard,4th Round,3,Svitolina E.,Keys M.,7.0,17.0,4940.0,2976.0,6.0,2.0,1.0,6.0,6.0,1.0,2.0,1.0,Completed,2.37,1.57,2.58,1.57,2.62,1.63,2.43,1.57
WTA,2019,6,Melbourne,Australian Open,2019-01-21,Grand Slam,Outdoor,Hard,4th Round,3,Osaka N.,Sevastova A.,4.0,12.0,5270.0,3160.0,4.0,6.0,6.0,3.0,6.0,4.0,2.0,1.0,Completed,1.53,2.5,1.59,2.53,1.65,2.72,1.57,2.45
WTA,2019,6,Melbourne,Australian Open,2019-01-21,Grand Slam,Outdoor,Hard,4th Round,3,Pliskova Ka.,Muguruza G.,8.0,18.0,4750.0,2865.0,6.0,3.0,6.0,1.0,,,2.0,0.0,Completed,1.66,2.2,1.74,2.22,1.8,2.3,1.73,2.15
WTA,2019,6,Melbourne,Australian Open,2019-01-21,Grand Slam,Outdoor,Hard,4th Round,3,Williams S.,Halep S.,16.0,1.0,2976.0,6642.0,6.0,1.0,4.0,6.0,6.0,4.0,2.0,1.0,Completed,1.33,3.4,1.34,3.58,1.4,3.6,1.34,3.33
WTA,2019,6,Melbourne,Australian Open,2019-01-22,Grand Slam,Outdoor,Hard,Quarterfinals,3,Collins D.,Pavlyuchenkova A.,35.0,44.0,1322.0,1160.0,2.0,6.0,7.0,5.0,6.0,1.0,2.0,1.0,Completed,2.0,1.8,2.24,1.73,2.24,1.85,2.07,1.78
WTA,2019,6,Melbourne,Australian Open,2019-01-22,Grand Slam,Outdoor,Hard,Quarterfinals,3,Kvitova P.,Barty A.,6.0,15.0,5000.0,2985.0,6.0,1.0,6.0,4.0,,,2.0,0.0,Completed,1.61,2.3,1.7,2.29,1.7,2.45,1.64,2.3
WTA,2019,6,Melbourne,Australian Open,2019-01-23,Grand Slam,Outdoor,Hard,Quarterfinals,3,Osaka N.,Svitolina E.,4.0,7.0,5270.0,4940.0,6.0,4.0,6.0,1.0,,,2.0,0.0,Completed,1.61,2.3,1.71,2.27,1.71,2.41,1.64,2.29
WTA,2019,6,Melbourne,Australian Open,2019-01-23,Grand Slam,Outdoor,Hard,Quarterfinals,3,Pliskova Ka.,Williams S.,8.0,16.0,4750.0,2976.0,6.0,4.0,4.0,6.0,7.0,5.0,2.0,1.0,Completed,3.4,1.33,3.67,1.33,3.67,1.4,3.34,1.34
WTA,2019,6,Melbourne,Australian Open,2019-01-24,Grand Slam,Outdoor,Hard,Semifinals,3,Kvitova P.,Collins D.,6.0,35.0,5000.0,1322.0,7.0,6.0,6.0,0.0,,,2.0,0.0,Completed,1.2,4.5,1.26,4.47,1.27,4.72,1.23,4.38
WTA,2019,6,Melbourne,Australian Open,2019-01-24,Grand Slam,Outdoor,Hard,Semifinals,3,Osaka N.,Pliskova Ka.,4.0,8.0,5270.0,4750.0,6.0,2.0,4.0,6.0,6.0,4.0,2.0,1.0,Completed,1.8,2.0,1.79,2.16,1.85,2.2,1.79,2.07
WTA,2019,6,Melbourne,Australian Open,2019-01-26,Grand Slam,Outdoor,Hard,The Final,3,Osaka N.,Kvitova P.,4.0,6.0,5270.0,5000.0,7.0,6.0,5.0,7.0,6.0,4.0,2.0,1.0,Completed,2.05,1.8,2.03,1.89,2.13,1.91,2.03,1.83
WTA,2019,27,Paris,French Open,2019-05-26,Grand Slam,Outdoor,Clay,1st Round,3,Potapova A.,Kerber A.,81.0,5.0,746.0,5095.0,6.0,4.0,6.0,2.0,,,2.0,0.0,Completed,4.33,1.22,4.31,1.26,4.4,1.26,4.21,1.23
WTA,2019,27,Paris,French Open,2019-05-26,Grand Slam,Outdoor,Clay,1st Round,3,Martic P.,Jabeur O.,31.0,55.0,1615.0,1010.0,6.0,1.0,6.0,2.0,,,2.0,0.0,Completed,1.3,3.5,1.29,3.91,1.33,4.0,1.29,3.65
WTA,2019,27,Paris,French Open,2019-05-26,Grand Slam,Outdoor,Clay,1st Round,3,Muguruza G.,Townsend T.,19.0,98.0,2465.0,640.0,5.0,7.0,6.0,2.0,6.0,2.0,2.0,1.0,Completed,1.22,4.33,1.23,4.63,1.36,4.63,1.24,4.14
WTA,2019,27,Paris,French Open,2019-05-26,Grand Slam,Outdoor,Clay,1st Round,3,Larsson J.,Rybarikova M.,172.0,74.0,338.0,780.0,6.0,3.0,6.0,4.0,,,2.0,0.0,Completed,1.61,2.3,1.61,2.45,1.68,2.45,1.61,2.32
WTA,2019,27,Paris,French Open,2019-05-26,Grand Slam,Outdoor,Clay,1st Round,3,Vondrousova M.,Wang Yaf.,38.0,56.0,1457.0,1008.0,6.0,4.0,6.0,3.0,,,2.0,0.0,Completed,1.1,7.0,1.09,8.96,1.11,10.0,1.08,7.84
WTA,2019,27,Paris,French Open,2019-05-26,Grand Slam,Outdoor,Clay,1st Round,3,Kucova K.,Kuznetsova S.,203.0,101.0,284.0,617.0,6.0,4.0,6.0,2.0,,,2.0,0.0,Completed,2.37,1.57,2.33,1.67,3.15,1.67,2.51,1.53
WTA,2019,27,Paris,French Open,2019-05-26,Grand Slam,Outdoor,Clay,1st Round,3,Siegemund L.,Zhuk S.,95.0,167.0,649.0,351.0,6.0,3.0,6.0,3.0,,,2.0,0.0,Completed,1.4,3.0,1.43,3.01,1.44,3.21,1.41,2.94
WTA,2019,27,Paris,French Open,2019-05-26,Grand Slam,Outdoor,Clay,1st Round,3,Kozlova K.,Pera B.,67.0,85.0,840.0,702.0,6.0,2.0,7.0,6.0,,,2.0,0.0,Completed,2.37,1.57,2.47,1.6,2.5,1.64,2.39,1.58
WTA,2019,27,Paris,French Open,2019-05-26,Grand Slam,Outdoor,Clay,1st Round,3,Bencic B.,Ponchet J.,15.0,185.0,2893.0,302.0,6.0,1.0,6.0,4.0,,,2.0,0.0,Completed,1.06,10.0,1.07,10.91,1.08,11.25,1.06,9.78
WTA,2019,27,Paris,French Open,2019-05-26,Grand Slam,Outdoor,Clay,1st Round,3,Mladenovic K.,Ferro F.,53.0,82.0,1090.0,737.0,6.0,3.0,7.0,6.0,,,2.0,0.0,Completed,1.2,4.5,1.25,4.39,1.25,4.9,1.22,4.34
WTA,2019,27,Paris,French Open,2019-05-26,Grand Slam,Outdoor,Clay,1st Round,3,Pliskova Ka.,Brengle M.,2.0,91.0,5685.0,667.0,6.0,2.0,6.0,3.0,,,2.0,0.0,Completed,1.07,9.0,1.06,11.38,1.08,11.38,1.06,9.35
WTA,2019,27,Paris,French Open,2019-05-26,Grand Slam,Outdoor,Clay,1st Round,3,Sorribes Tormo S.,Van Uytvanck A.,75.0,54.0,778.0,1090.0,6.0,1.0,5.0,7.0,6.0,2.0,2.0,1.0,Completed,2.2,1.66,2.4,1.63,2.4,1.69,2.29,1.63
WTA,2019,27,Paris,French Open,2019-05-26,Grand Slam,Outdoor,Clay,1st Round,3,Svitolina E.,Williams V.,9.0,52.0,3967.0,1105.0,6.0,3.0,6.0,3.0,,,2.0,0.0,Completed,1.5,2.62,1.5,2.76,1.51,3.0,1.45,2.77
WTA,2019,27,Paris,French Open,2019-05-26,Grand Slam,Outdoor,Clay,1st Round,3,Stephens S.,Doi M.,7.0,108.0,4552.0,601.0,6.0,3.0,7.0,6.0,,,2.0,0.0,Completed,1.08,8.0,1.08,9.95,1.11,9.95,1.08,8.4
WTA,2019,27,Paris,French Open,2019-05-27,Grand Slam,Outdoor,Clay,1st Round,3,Kanepi K.,Goerges J.,88.0,18.0,680.0,2520.0,7.0,5.0,6.0,1.0,,,2.0,0.0,Completed,1.9,1.9,1.94,1.94,2.04,1.96,1.94,1.87
WTA,2019,27,Paris,French Open,2019-05-27,Grand Slam,Outdoor,Clay,1st Round,3,Davis L.,Pliskova Kr.,111.0,112.0,585.0,573.0,6.0,2.0,6.0,4.0,,,2.0,0.0,Completed,1.9,1.9,1.99,1.9,2.0,1.96,1.91,1.9
WTA,2019,27,Paris,French Open,2019-05-27,Grand Slam,Outdoor,Clay,1st Round,3,Kuzmova V.,Cornet A.,46.0,48.0,1205.0,1155.0,6.0,4.0,6.0,3.0,,,2.0,0.0,Completed,1.66,2.2,1.79,2.13,1.8,2.3,1.73,2.12
WTA,2019,27,Paris,French Open,2019-05-27,Grand Slam,Outdoor,Clay,1st Round,3,Parry D.,Lapko V.,457.0,102.0,64.0,616.0,6.0,2.0,6.0,4.0,,,2.0,0.0,Completed,3.5,1.3,3.61,1.33,3.75,1.35,3.46,1.31
WTA,2019,27,Paris,French Open,2019-05-27,Grand Slam,Outdoor,Clay,1st Round,3,Kudermetova V.,Wozniacki C.,68.0,13.0,839.0,3063.0,0.0,6.0,6.0,3.0,6.0,3.0,2.0,1.0,Completed,2.1,1.72,2.02,1.87,2.13,1.87,2.02,1.8
WTA,2019,27,Paris,French Open,2019-05-27,Grand Slam,Outdoor,Clay,1st Round,3,Konta J.,Lottner A.,26.0,147.0,1785.0,400.0,6.0,4.0,6.0,4.0,,,2.0,0.0,Completed,1.2,4.5,1.22,4.79,1.24,5.0,1.2,4.58
WTA,2019,27,Paris,French Open,2019-05-27,Grand Slam,Outdoor,Clay,1st Round,3,Bertens K.,Parmentier P.,4.0,66.0,5405.0,844.0,6.0,3.0,6.0,4.0,,,2.0,0.0,Completed,1.06,10.0,1.07,10.68,1.08,12.5,1.06,9.53
WTA,2019,27,Paris,French Open,2019-05-27,Grand Slam,Outdoor,Clay,1st Round,3,Brady J.,Jorovic I.,80.0,103.0,753.0,616.0,7.0,6.0,4.0,6.0,7.0,5.0,2.0,1.0,Completed,1.44,2.75,1.39,3.25,1.46,3.25,1.41,2.94
WTA,2019,27,Paris,French Open,2019-05-27,Grand Slam,Outdoor,Clay,1st Round,3,Cirstea S.,Juvan K.,84.0,131.0,709.0,457.0,5.0,7.0,6.0,4.0,7.0,5.0,2.0,1.0,Completed,2.0,1.8,2.13,1.78,2.25,1.85,2.06,1.77
WTA,2019,27,Paris,French Open,2019-05-27,Grand Slam,Outdoor,Clay,1st Round,3,Barty A.,Pegula J.,8.0,72.0,4420.0,806.0,6.0,3.0,6.0,3.0,,,2.0,0.0,Completed,1.08,8.0,1.08,9.67,1.1,9.67,1.08,8.17
WTA,2019,27,Paris,French Open,2019-05-27,Grand Slam,Outdoor,Clay,1st Round,3,Hercog P.,Sasnovich A.,71.0,34.0,809.0,1550.0,4.0,6.0,6.0,2.0,8.0,6.0,2.0,1.0,Completed,1.72,2.1,1.79,2.13,1.8,2.2,1.72,2.13
WTA,2019,27,Paris,French Open,2019-05-27,Grand Slam,Outdoor,Clay,1st Round,3,Minella M.,Pavlyuchenkova A.,100.0,44.0,626.0,1245.0,6.0,4.0,6.0,2.0,,,2.0,0.0,Completed,2.62,1.5,2.8,1.49,2.8,1.53,2.65,1.49
WTA,2019,27,Paris,French Open,2019-05-27,Grand Slam,Outdoor,Clay,1st Round,3,Zhang S.,Lepchenko V.,50.0,129.0,1120.0,466.0,6.0,1.0,6.0,1.0,,,2.0,0.0,Completed,2.37,1.57,2.36,1.65,2.5,1.65,2.38,1.59
WTA,2019,27,Paris,French Open,2019-05-27,Grand Slam,Outdoor,Clay,1st Round,3,Sevastova A.,Kumkhum L.,12.0,107.0,3136.0,604.0,6.0,1.0,6.0,4.0,,,2.0,0.0,Completed,1.08,8.0,1.08,9.33,1.1,10.2,1.07,8.45
WTA,2019,27,Paris,French Open,2019-05-27,Grand Slam,Outdoor,Clay,1st Round,3,Vekic D.,Samsonova L.,24.0,159.0,1940.0,369.0,6.0,2.0,6.0,4.0,,,2.0,0.0,Completed,1.16,5.0,1.19,5.2,1.25,5.2,1.21,4.5
WTA,2019,27,Paris,French Open,2019-05-27,Grand Slam,Outdoor,Clay,1st Round,3,Rogers S.,Sharma A.,514.0,92.0,45.0,665.0,6.0,3.0,6.0,3.0,,,2.0,0.0,Completed,2.2,1.66,2.54,1.57,2.54,1.69,2.34,1.6
WTA,2019,27,Paris,French Open,2019-05-27,Grand Slam,Outdoor,Clay,1st Round,3,Mertens E.,Zidansek T.,20.0,60.0,2305.0,970.0,6.0,4.0,3.0,6.0,6.0,2.0,2.0,1.0,Completed,1.44,2.75,1.49,2.81,1.5,2.82,1.47,2.71
WTA,2019,27,Paris,French Open,2019-05-27,Grand Slam,Outdoor,Clay,1st Round,3,Peterson R.,Putintseva Y.,63.0,28.0,912.0,1690.0,6.0,3.0,7.0,5.0,,,2.0,0.0,Completed,2.1,1.72,2.33,1.67,2.33,1.75,2.19,1.69
WTA,2019,27,Paris,French Open,2019-05-27,Grand Slam,Outdoor,Clay,1st Round,3,Diyas Z.,Albie A.,99.0,289.0,630.0,173.0,6.0,2.0,6.0,2.0,,,2.0,0.0,Completed,1.12,6.0,1.15,6.13,1.18,6.5,1.14,5.79
WTA,2019,27,Paris,French Open,2019-05-27,Grand Slam,Outdoor,Clay,1st Round,3,Suarez Navarro C.,Yastremska D.,29.0,32.0,1672.0,1579.0,2.0,6.0,7.0,6.0,6.0,0.0,2.0,1.0,Completed,2.2,1.66,2.16,1.77,2.23,1.77,2.13,1.72
WTA,2019,27,Paris,French Open,2019-05-27,Grand Slam,Outdoor,Clay,1st Round,3,Collins D.,Maria T.,36.0,57.0,1512.0,1005.0,6.0,0.0,6.0,2.0,,,2.0,0.0,Completed,1.28,3.75,1.3,3.84,1.31,4.05,1.29,3.64
WTA,2019,27,Paris,French Open,2019-05-27,Grand Slam,Outdoor,Clay,1st Round,3,Alexandrova E.,Buzarnescu M.,58.0,33.0,988.0,1575.0,6.0,4.0,6.0,4.0,,,2.0,0.0,Completed,2.75,1.44,2.6,1.55,2.85,1.55,2.72,1.46
WTA,2019,27,Paris,French Open,2019-05-27,Grand Slam,Outdoor,Clay,1st Round,3,Petkovic A.,Riske A.,69.0,62.0,825.0,933.0,2.0,6.0,6.0,3.0,7.0,5.0,2.0,1.0,Completed,1.57,2.37,1.65,2.36,1.67,2.41,1.61,2.33
WTA,2019,27,Paris,French Open,2019-05-27,Grand Slam,Outdoor,Clay,1st Round,3,Bolsova A.,Zvonareva V.,137.0,78.0,423.0,760.0,6.0,4.0,6.0,2.0,,,2.0,0.0,Completed,2.0,1.8,1.81,2.1,2.05,2.15,1.83,1.98
WTA,2019,27,Paris,French Open,2019-05-27,Grand Slam,Outdoor,Clay,1st Round,3,Stosur S.,Strycova B.,96.0,40.0,648.0,1355.0,6.0,2.0,7.0,6.0,,,2.0,0.0,Completed,2.75,1.44,2.7,1.52,2.8,1.54,2.64,1.49
WTA,2019,27,Paris,French Open,2019-05-27,Grand Slam,Outdoor,Clay,1st Round,3,Williams S.,Diatchenko V.,10.0,83.0,3521.0,731.0,2.0,6.0,6.0,1.0,6.0,0.0,2.0,1.0,Completed,1.14,5.5,1.14,6.31,1.2,6.4,1.14,5.71
WTA,2019,27,Paris,French Open,2019-05-27,Grand Slam,Outdoor,Clay,1st Round,3,Kenin S.,Gatto-Monticone G.,35.0,164.0,1513.0,355.0,6.0,3.0,5.0,7.0,6.0,2.0,2.0,1.0,Completed,1.25,4.0,1.25,4.31,1.27,4.31,1.25,4.01
WTA,2019,27,Paris,French Open,2019-05-27,Grand Slam,Outdoor,Clay,1st Round,3,Hsieh S.W.,Golubic V.,25.0,79.0,1825.0,759.0,6.0,4.0,3.0,6.0,6.0,0.0,2.0,1.0,Completed,1.36,3.2,1.46,2.91,1.46,3.2,1.41,2.92
WTA,2019,27,Paris,French Open,2019-05-28,Grand Slam,Outdoor,Clay,1st Round,3,Kasatkina D.,Paolini J.,21.0,210.0,2150.0,279.0,6.0,2.0,6.0,3.0,,,2.0,0.0,Completed,1.2,4.5,1.27,4.18,1.27,4.8,1.23,4.19
WTA,2019,27,Paris,French Open,2019-05-28,Grand Slam,Outdoor,Clay,1st Round,3,Begu I.,Zhu L.,116.0,106.0,554.0,605.0,6.0,1.0,6.0,1.0,,,2.0,0.0,Completed,1.14,5.5,1.17,5.85,1.18,6.75,1.15,5.48
WTA,2019,27,Paris,French Open,2019-05-28,Grand Slam,Outdoor,Clay,1st Round,3,Puig M.,Flipkens K.,59.0,64.0,983.0,910.0,6.0,1.0,7.0,5.0,,,2.0,0.0,Completed,1.28,3.75,1.32,3.66,1.32,3.85,1.29,3.63
WTA,2019,27,Paris,French Open,2019-05-28,Grand Slam,Outdoor,Clay,1st Round,3,Andreescu B.,Bouzkova M.,23.0,118.0,1973.0,544.0,5.0,7.0,6.0,4.0,6.0,4.0,2.0,1.0,Completed,1.36,3.2,1.3,3.85,1.36,3.85,1.32,3.39
WTA,2019,27,Paris,French Open,2019-05-28,Grand Slam,Outdoor,Clay,1st Round,3,Muchova K.,Kontaveit A.,73.0,17.0,783.0,2565.0,3.0,6.0,6.0,2.0,6.0,2.0,2.0,1.0,Completed,2.37,1.57,2.36,1.65,2.5,1.7,2.33,1.61
WTA,2019,27,Paris,French Open,2019-05-28,Grand Slam,Outdoor,Clay,1st Round,3,Anisimova A.,Tan H.,51.0,265.0,1110.0,205.0,6.0,3.0,6.0,1.0,,,2.0,0.0,Completed,1.08,8.0,1.09,8.68,1.1,9.3,1.08,7.82
WTA,2019,27,Paris,French Open,2019-05-28,Grand Slam,Outdoor,Clay,1st Round,3,Garcia C.,Barthel M.,22.0,86.0,2055.0,699.0,6.0,2.0,6.0,4.0,,,2.0,0.0,Completed,1.25,4.0,1.27,4.19,1.28,4.22,1.25,4.0
WTA,2019,27,Paris,French Open,2019-05-28,Grand Slam,Outdoor,Clay,1st Round,3,Azarenka V.,Ostapenko J.,43.0,39.0,1260.0,1432.0,6.0,4.0,7.0,6.0,,,2.0,0.0,Completed,1.25,4.0,1.29,3.95,1.3,4.4,1.26,3.91
WTA,2019,27,Paris,French Open,2019-05-28,Grand Slam,Outdoor,Clay,1st Round,3,Blinkova A.,Gasparyan M.,117.0,65.0,547.0,908.0,6.0,3.0,4.0,6.0,8.0,6.0,2.0,1.0,Completed,1.57,2.37,1.63,2.41,1.7,2.45,1.61,2.33
WTA,2019,27,Paris,French Open,2019-05-28,Grand Slam,Outdoor,Clay,1st Round,3,Linette M.,Paquet C.,87.0,166.0,695.0,353.0,3.0,6.0,6.0,1.0,6.0,2.0,2.0,1.0,Completed,2.0,1.8,1.94,1.94,2.11,2.01,1.97,1.84
WTA,2019,27,Paris,French Open,2019-05-28,Grand Slam,Outdoor,Clay,1st Round,3,Nara K.,Jakupovic D.,238.0,105.0,238.0,605.0,7.0,5.0,5.0,7.0,6.0,3.0,2.0,1.0,Completed,1.57,2.37,1.65,2.37,1.75,2.44,1.62,2.3
WTA,2019,27,Paris,French Open,2019-05-28,Grand Slam,Outdoor,Clay,1st Round,3,Osaka N.,Schmiedlova A.,1.0,90.0,6486.0,672.0,0.0,6.0,7.0,6.0,6.0,1.0,2.0,1.0,Completed,1.07,9.0,1.09,8.72,1.11,9.3,1.09,7.7
WTA,2019,27,Paris,French Open,2019-05-28,Grand Slam,Outdoor,Clay,1st Round,3,Sabalenka A.,Cibulkova D.,11.0,41.0,3505.0,1333.0,7.0,5.0,6.0,1.0,,,2.0,0.0,Completed,1.57,2.37,1.58,2.52,1.64,2.52,1.59,2.37
WTA,2019,27,Paris,French Open,2019-05-28,Grand Slam,Outdoor,Clay,1st Round,3,Hon P.,Babos T.,132.0,148.0,448.0,398.0,3.0,6.0,6.0,2.0,6.0,1.0,2.0,1.0,Completed,2.75,1.44,2.81,1.49,2.9,1.51,2.73,1.46
WTA,2019,27,Paris,French Open,2019-05-28,Grand Slam,Outdoor,Clay,1st Round,3,Wang Q.,Zheng S.,16.0,45.0,2812.0,1210.0,6.0,1.0,7.0,5.0,,,2.0,0.0,Completed,1.44,2.75,1.44,3.0,1.48,3.05,1.43,2.82
WTA,2019,27,Paris,French Open,2019-05-28,Grand Slam,Outdoor,Clay,1st Round,3,Tsurenko L.,Bouchard E.,27.0,77.0,1767.0,761.0,6.0,2.0,6.0,2.0,,,2.0,0.0,Completed,1.44,2.75,1.41,3.11,1.48,3.11,1.43,2.84
WTA,2019,27,Paris,French Open,2019-05-28,Grand Slam,Outdoor,Clay,1st Round,3,Krunic A.,Gavrilova D.,76.0,61.0,770.0,936.0,6.0,3.0,2.0,2.0,,,1.0,0.0,Retired,2.75,1.44,2.86,1.47,2.86,1.5,2.73,1.46
WTA,2019,27,Paris,French Open,2019-05-28,Grand Slam,Outdoor,Clay,1st Round,3,Keys M.,Rodina E.,14.0,70.0,2965.0,820.0,6.0,1.0,6.0,2.0,,,2.0,0.0,Completed,1.06,10.0,1.08,9.69,1.09,13.0,1.07,9.14
WTA,2019,27,Paris,French Open,2019-05-28,Grand Slam,Outdoor,Clay,1st Round,3,Halep S.,Tomljanovic A.,3.0,47.0,5533.0,1168.0,6.0,2.0,3.0,6.0,6.0,1.0,2.0,1.0,Completed,1.12,6.0,1.13,6.83,1.15,7.0,1.13,6.23
WTA,2019,27,Paris,French Open,2019-05-28,Grand Slam,Outdoor,Clay,1st Round,3,Swiatek I.,Janicijevic S.,104.0,,613.0,,6.0,3.0,6.0,0.0,,,2.0,0.0,Completed,1.02,17.0,1.04,15.76,1.05,21.0,1.03,13.6
WTA,2019,27,Paris,French Open,2019-05-28,Grand Slam,Outdoor,Clay,1st Round,3,Siniakova K.,Rybakina E.,42.0,141.0,1277.0,417.0,7.0,6.0,6.0,1.0,,,2.0,0.0,Completed,1.44,2.75,1.55,2.6,1.55,2.8,1.48,2.66
WTA,2019,27,Paris,French Open,2019-05-28,Grand Slam,Outdoor,Clay,1st Round,3,Sakkari M.,Tatishvili A.,30.0,,1642.0,,6.0,0.0,6.0,1.0,,,2.0,0.0,Completed,1.02,17.0,1.01,27.48,1.03,27.48,1.02,17.18
WTA,2019,27,Paris,French Open,2019-05-29,Grand Slam,Outdoor,Clay,2nd Round,3,Svitolina E.,Kozlova K.,9.0,67.0,3967.0,840.0,,,,,,,,,Walkover,1.25,4.0,1.27,4.1,1.3,4.4,1.25,3.94
WTA,2019,27,Paris,French Open,2019-05-29,Grand Slam,Outdoor,Clay,2nd Round,3,Muguruza G.,Larsson J.,19.0,172.0,2465.0,338.0,6.0,4.0,6.0,1.0,,,2.0,0.0,Completed,1.11,6.5,1.13,6.9,1.15,7.5,1.12,6.38
WTA,2019,27,Paris,French Open,2019-05-29,Grand Slam,Outdoor,Clay,2nd Round,3,Stephens S.,Sorribes Tormo S.,7.0,75.0,4552.0,778.0,6.0,1.0,7.0,6.0,,,2.0,0.0,Completed,1.16,5.0,1.2,5.1,1.22,5.45,1.19,4.77
WTA,2019,27,Paris,French Open,2019-05-29,Grand Slam,Outdoor,Clay,2nd Round,3,Hercog P.,Brady J.,71.0,80.0,809.0,753.0,6.0,3.0,6.0,7.0,6.0,4.0,2.0,1.0,Completed,1.61,2.3,1.68,2.29,1.75,2.4,1.66,2.23
WTA,2019,27,Paris,French Open,2019-05-29,Grand Slam,Outdoor,Clay,2nd Round,3,Kudermetova V.,Diyas Z.,68.0,99.0,839.0,630.0,7.0,5.0,6.0,1.0,,,2.0,0.0,Completed,1.5,2.62,1.63,2.41,1.63,2.66,1.53,2.52
WTA,2019,27,Paris,French Open,2019-05-29,Grand Slam,Outdoor,Clay,2nd Round,3,Mertens E.,Parry D.,20.0,457.0,2305.0,64.0,6.0,1.0,6.0,3.0,,,2.0,0.0,Completed,1.06,10.0,1.07,10.26,1.09,10.26,1.07,8.88
WTA,2019,27,Paris,French Open,2019-05-29,Grand Slam,Outdoor,Clay,2nd Round,3,Kanepi K.,Zhang S.,88.0,50.0,680.0,1120.0,6.0,7.0,6.0,0.0,7.0,5.0,2.0,1.0,Completed,1.44,2.75,1.45,2.93,1.47,3.0,1.44,2.8
WTA,2019,27,Paris,French Open,2019-05-29,Grand Slam,Outdoor,Clay,2nd Round,3,Suarez Navarro C.,Rogers S.,29.0,514.0,1672.0,45.0,6.0,1.0,6.0,7.0,6.0,3.0,2.0,1.0,Completed,1.3,3.5,1.32,3.72,1.33,3.84,1.3,3.55
WTA,2019,27,Paris,French Open,2019-05-29,Grand Slam,Outdoor,Clay,2nd Round,3,Sevastova A.,Minella M.,12.0,100.0,3136.0,626.0,6.0,2.0,6.0,4.0,,,2.0,0.0,Completed,1.3,3.5,1.28,3.99,1.35,4.0,1.29,3.6
WTA,2019,27,Paris,French Open,2019-05-29,Grand Slam,Outdoor,Clay,2nd Round,3,Pliskova Ka.,Kucova K.,2.0,203.0,5685.0,284.0,6.0,2.0,6.0,2.0,,,2.0,0.0,Completed,1.12,6.0,1.15,6.41,1.16,7.5,1.13,6.21
WTA,2019,27,Paris,French Open,2019-05-29,Grand Slam,Outdoor,Clay,2nd Round,3,Martic P.,Mladenovic K.,31.0,53.0,1615.0,1090.0,6.0,2.0,6.0,1.0,,,2.0,0.0,Completed,1.8,2.0,1.95,1.93,1.95,2.13,1.86,1.95
WTA,2019,27,Paris,French Open,2019-05-29,Grand Slam,Outdoor,Clay,2nd Round,3,Vondrousova M.,Potapova A.,38.0,81.0,1457.0,746.0,6.0,4.0,6.0,0.0,,,2.0,0.0,Completed,1.2,4.5,1.23,4.63,1.25,4.75,1.22,4.33
WTA,2019,27,Paris,French Open,2019-05-29,Grand Slam,Outdoor,Clay,2nd Round,3,Konta J.,Davis L.,26.0,111.0,1785.0,585.0,6.0,3.0,1.0,6.0,6.0,3.0,2.0,1.0,Completed,1.2,4.5,1.19,5.34,1.24,5.34,1.2,4.62
WTA,2019,27,Paris,French Open,2019-05-29,Grand Slam,Outdoor,Clay,2nd Round,3,Vekic D.,Peterson R.,24.0,63.0,1940.0,912.0,1.0,6.0,6.0,1.0,6.0,2.0,2.0,1.0,Completed,1.53,2.5,1.56,2.56,1.57,2.63,1.54,2.49
WTA,2019,27,Paris,French Open,2019-05-29,Grand Slam,Outdoor,Clay,2nd Round,3,Kuzmova V.,Bertens K.,46.0,4.0,1205.0,5405.0,3.0,1.0,,,,,0.0,0.0,Retired,5.0,1.16,5.35,1.19,5.5,1.22,4.86,1.18
WTA,2019,27,Paris,French Open,2019-05-30,Grand Slam,Outdoor,Clay,2nd Round,3,Kenin S.,Andreescu B.,35.0,23.0,1513.0,1973.0,,,,,,,,,Retired,2.1,1.72,2.21,1.74,2.21,1.74,2.19,1.71
WTA,2019,27,Paris,French Open,2019-05-30,Grand Slam,Outdoor,Clay,2nd Round,3,Alexandrova E.,Stosur S.,58.0,96.0,988.0,648.0,3.0,6.0,6.0,1.0,6.0,4.0,2.0,1.0,Completed,2.1,1.72,2.02,1.87,2.23,1.92,2.06,1.77
WTA,2019,27,Paris,French Open,2019-05-30,Grand Slam,Outdoor,Clay,2nd Round,3,Bolsova A.,Cirstea S.,137.0,84.0,423.0,709.0,7.0,6.0,7.0,6.0,,,2.0,0.0,Completed,2.1,1.72,2.09,1.82,2.16,1.85,2.08,1.75
WTA,2019,27,Paris,French Open,2019-05-30,Grand Slam,Outdoor,Clay,2nd Round,3,Osaka N.,Azarenka V.,1.0,43.0,6486.0,1260.0,4.0,6.0,7.0,5.0,6.0,3.0,2.0,1.0,Completed,1.72,2.1,1.74,2.2,1.8,2.29,1.73,2.1
WTA,2019,27,Paris,French Open,2019-05-30,Grand Slam,Outdoor,Clay,2nd Round,3,Anisimova A.,Sabalenka A.,51.0,11.0,1110.0,3505.0,6.0,4.0,6.0,2.0,,,2.0,0.0,Completed,2.1,1.72,2.06,1.83,2.3,1.95,2.0,1.81
WTA,2019,27,Paris,French Open,2019-05-30,Grand Slam,Outdoor,Clay,2nd Round,3,Siniakova K.,Sakkari M.,42.0,30.0,1277.0,1642.0,7.0,6.0,6.0,7.0,6.0,3.0,2.0,1.0,Completed,3.0,1.4,3.24,1.39,3.24,1.45,3.0,1.39
WTA,2019,27,Paris,French Open,2019-05-30,Grand Slam,Outdoor,Clay,2nd Round,3,Swiatek I.,Wang Q.,104.0,16.0,613.0,2812.0,6.0,3.0,6.0,0.0,,,2.0,0.0,Completed,1.66,2.2,1.68,2.31,1.75,2.33,1.68,2.2
WTA,2019,27,Paris,French Open,2019-05-30,Grand Slam,Outdoor,Clay,2nd Round,3,Barty A.,Collins D.,8.0,36.0,4420.0,1512.0,7.0,5.0,6.0,1.0,,,2.0,0.0,Completed,1.2,4.5,1.23,4.66,1.26,5.0,1.22,4.32
WTA,2019,27,Paris,French Open,2019-05-30,Grand Slam,Outdoor,Clay,2nd Round,3,Begu I.,Muchova K.,116.0,73.0,554.0,783.0,1.0,6.0,6.0,3.0,6.0,4.0,2.0,1.0,Completed,2.75,1.44,2.84,1.48,3.0,1.5,2.8,1.44
WTA,2019,27,Paris,French Open,2019-05-30,Grand Slam,Outdoor,Clay,2nd Round,3,Bencic B.,Siegemund L.,15.0,95.0,2893.0,649.0,4.0,6.0,6.0,4.0,6.0,4.0,2.0,1.0,Completed,1.3,3.5,1.34,3.53,1.34,3.55,1.32,3.43
WTA,2019,27,Paris,French Open,2019-05-30,Grand Slam,Outdoor,Clay,2nd Round,3,Williams S.,Nara K.,10.0,238.0,3521.0,238.0,6.0,3.0,6.0,2.0,,,2.0,0.0,Completed,1.07,9.0,1.09,9.3,1.1,10.2,1.07,8.43
WTA,2019,27,Paris,French Open,2019-05-30,Grand Slam,Outdoor,Clay,2nd Round,3,Petkovic A.,Hsieh S.W.,69.0,25.0,825.0,1825.0,4.0,6.0,6.0,3.0,8.0,6.0,2.0,1.0,Completed,2.5,1.53,2.54,1.57,2.63,1.6,2.47,1.55
WTA,2019,27,Paris,French Open,2019-05-30,Grand Slam,Outdoor,Clay,2nd Round,3,Puig M.,Kasatkina D.,59.0,21.0,983.0,2150.0,6.0,3.0,6.0,1.0,,,2.0,0.0,Completed,2.37,1.57,2.49,1.6,2.5,1.67,2.4,1.58
WTA,2019,27,Paris,French Open,2019-05-30,Grand Slam,Outdoor,Clay,2nd Round,3,Blinkova A.,Garcia C.,117.0,22.0,547.0,2055.0,1.0,6.0,6.0,4.0,6.0,4.0,2.0,1.0,Completed,4.5,1.2,4.4,1.25,4.85,1.25,4.48,1.21
WTA,2019,27,Paris,French Open,2019-05-30,Grand Slam,Outdoor,Clay,2nd Round,3,Halep S.,Linette M.,3.0,87.0,5533.0,695.0,6.0,4.0,5.0,7.0,6.0,3.0,2.0,1.0,Completed,1.05,11.0,1.05,12.35,1.07,16.5,1.04,11.28
WTA,2019,27,Paris,French Open,2019-05-31,Grand Slam,Outdoor,Clay,2nd Round,3,Keys M.,Hon P.,14.0,132.0,2965.0,448.0,7.0,5.0,5.0,7.0,6.0,3.0,2.0,1.0,Completed,1.08,8.0,1.11,8.04,1.11,8.5,1.09,7.66
WTA,2019,27,Paris,French Open,2019-05-31,Grand Slam,Outdoor,Clay,2nd Round,3,Tsurenko L.,Krunic A.,27.0,76.0,1767.0,770.0,5.0,7.0,7.0,5.0,11.0,9.0,2.0,1.0,Completed,1.5,2.62,1.49,2.81,1.75,2.85,1.63,2.29
WTA,2019,27,Paris,French Open,2019-05-31,Grand Slam,Outdoor,Clay,3rd Round,3,Martic P.,Pliskova Ka.,31.0,2.0,1615.0,5685.0,6.0,3.0,6.0,3.0,,,2.0,0.0,Completed,2.37,1.57,2.42,1.63,2.58,1.64,2.39,1.58
WTA,2019,27,Paris,French Open,2019-05-31,Grand Slam,Outdoor,Clay,3rd Round,3,Sevastova A.,Mertens E.,12.0,20.0,3136.0,2305.0,6.0,7.0,6.0,4.0,11.0,9.0,2.0,1.0,Completed,1.72,2.1,1.79,2.13,1.8,2.25,1.75,2.09
WTA,2019,27,Paris,French Open,2019-05-31,Grand Slam,Outdoor,Clay,3rd Round,3,Vondrousova M.,Suarez Navarro C.,38.0,29.0,1457.0,1672.0,6.0,4.0,6.0,4.0,,,2.0,0.0,Completed,1.44,2.75,1.45,2.95,1.52,3.1,1.47,2.72
WTA,2019,27,Paris,French Open,2019-05-31,Grand Slam,Outdoor,Clay,3rd Round,3,Kanepi K.,Kudermetova V.,88.0,68.0,680.0,839.0,4.0,6.0,6.0,3.0,6.0,0.0,2.0,1.0,Completed,1.57,2.37,1.77,2.16,1.8,2.41,1.71,2.16
WTA,2019,27,Paris,French Open,2019-05-31,Grand Slam,Outdoor,Clay,3rd Round,3,Muguruza G.,Svitolina E.,19.0,9.0,2465.0,3967.0,6.0,3.0,6.0,3.0,,,2.0,0.0,Completed,1.9,1.9,1.98,1.91,2.0,1.94,1.94,1.87
WTA,2019,27,Paris,French Open,2019-05-31,Grand Slam,Outdoor,Clay,3rd Round,3,Stephens S.,Hercog P.,7.0,71.0,4552.0,809.0,6.0,3.0,5.0,7.0,6.0,4.0,2.0,1.0,Completed,1.28,3.75,1.29,3.89,1.32,4.05,1.28,3.74
WTA,2019,27,Paris,French Open,2019-05-31,Grand Slam,Outdoor,Clay,3rd Round,3,Vekic D.,Bencic B.,24.0,15.0,1940.0,2893.0,6.0,4.0,6.0,1.0,,,2.0,0.0,Completed,2.3,1.61,2.27,1.7,2.38,1.72,2.24,1.66
WTA,2019,27,Paris,French Open,2019-05-31,Grand Slam,Outdoor,Clay,3rd Round,3,Konta J.,Kuzmova V.,26.0,46.0,1785.0,1205.0,6.0,2.0,6.0,1.0,,,2.0,0.0,Completed,1.53,2.5,1.55,2.61,1.59,2.66,1.52,2.54
WTA,2019,27,Paris,French Open,2019-06-01,Grand Slam,Outdoor,Clay,3rd Round,3,Halep S.,Tsurenko L.,3.0,27.0,5533.0,1767.0,6.0,2.0,6.0,1.0,,,2.0,0.0,Completed,1.05,11.0,1.05,13.39,1.08,15.0,1.05,10.78
WTA,2019,27,Paris,French Open,2019-06-01,Grand Slam,Outdoor,Clay,3rd Round,3,Keys M.,Blinkova A.,14.0,117.0,2965.0,547.0,6.0,3.0,6.0,7.0,6.0,4.0,2.0,1.0,Completed,1.25,4.0,1.28,4.07,1.29,4.33,1.25,3.98
WTA,2019,27,Paris,French Open,2019-06-01,Grand Slam,Outdoor,Clay,3rd Round,3,Siniakova K.,Osaka N.,42.0,1.0,1277.0,6486.0,6.0,4.0,6.0,2.0,,,2.0,0.0,Completed,3.75,1.28,3.94,1.29,4.03,1.35,3.68,1.29
WTA,2019,27,Paris,French Open,2019-06-01,Grand Slam,Outdoor,Clay,3rd Round,3,Swiatek I.,Puig M.,104.0,59.0,613.0,983.0,0.0,6.0,6.0,3.0,6.0,3.0,2.0,1.0,Completed,1.57,2.37,1.6,2.47,1.63,2.5,1.59,2.37
WTA,2019,27,Paris,French Open,2019-06-01,Grand Slam,Outdoor,Clay,3rd Round,3,Bolsova A.,Alexandrova E.,137.0,58.0,423.0,988.0,6.0,2.0,7.0,5.0,,,2.0,0.0,Completed,2.1,1.72,2.13,1.79,2.15,1.85,2.07,1.77
WTA,2019,27,Paris,French Open,2019-06-01,Grand Slam,Outdoor,Clay,3rd Round,3,Anisimova A.,Begu I.,51.0,116.0,1110.0,554.0,7.0,6.0,6.0,4.0,,,2.0,0.0,Completed,1.4,3.0,1.43,3.02,1.45,3.15,1.4,2.96
WTA,2019,27,Paris,French Open,2019-06-01,Grand Slam,Outdoor,Clay,3rd Round,3,Kenin S.,Williams S.,35.0,10.0,1513.0,3521.0,6.0,2.0,7.0,5.0,,,2.0,0.0,Completed,4.5,1.2,5.19,1.2,5.25,1.22,4.79,1.19
WTA,2019,27,Paris,French Open,2019-06-01,Grand Slam,Outdoor,Clay,3rd Round,3,Barty A.,Petkovic A.,8.0,69.0,4420.0,825.0,6.0,3.0,6.0,1.0,,,2.0,0.0,Completed,1.14,5.5,1.14,6.49,1.18,7.2,1.14,5.77
WTA,2019,27,Paris,French Open,2019-06-02,Grand Slam,Outdoor,Clay,4th Round,3,Vondrousova M.,Sevastova A.,38.0,12.0,1457.0,3136.0,6.0,2.0,6.0,0.0,,,2.0,0.0,Completed,1.44,2.75,1.53,2.71,1.54,2.8,1.48,2.66
WTA,2019,27,Paris,French Open,2019-06-02,Grand Slam,Outdoor,Clay,4th Round,3,Martic P.,Kanepi K.,31.0,88.0,1615.0,680.0,5.0,7.0,6.0,2.0,6.0,4.0,2.0,1.0,Completed,1.3,3.5,1.34,3.57,1.36,3.72,1.32,3.4
WTA,2019,27,Paris,French Open,2019-06-02,Grand Slam,Outdoor,Clay,4th Round,3,Konta J.,Vekic D.,26.0,24.0,1785.0,1940.0,6.0,2.0,6.0,4.0,,,2.0,0.0,Completed,2.0,1.8,2.0,1.91,2.15,1.95,2.01,1.82
WTA,2019,27,Paris,French Open,2019-06-02,Grand Slam,Outdoor,Clay,4th Round,3,Stephens S.,Muguruza G.,7.0,19.0,4552.0,2465.0,6.0,4.0,6.0,3.0,,,2.0,0.0,Completed,2.2,1.66,2.25,1.72,2.4,1.74,2.24,1.66
WTA,2019,27,Paris,French Open,2019-06-03,Grand Slam,Outdoor,Clay,4th Round,3,Barty A.,Kenin S.,8.0,35.0,4420.0,1513.0,6.0,3.0,3.0,6.0,6.0,0.0,2.0,1.0,Completed,1.2,4.5,1.21,5.13,1.25,5.23,1.21,4.52
WTA,2019,27,Paris,French Open,2019-06-03,Grand Slam,Outdoor,Clay,4th Round,3,Keys M.,Siniakova K.,14.0,42.0,2965.0,1277.0,6.0,2.0,6.0,4.0,,,2.0,0.0,Completed,1.72,2.1,1.68,2.34,1.8,2.35,1.71,2.17
WTA,2019,27,Paris,French Open,2019-06-03,Grand Slam,Outdoor,Clay,4th Round,3,Halep S.,Swiatek I.,3.0,104.0,5533.0,613.0,6.0,1.0,6.0,0.0,,,2.0,0.0,Completed,1.14,5.5,1.19,5.46,1.2,5.7,1.17,5.21
WTA,2019,27,Paris,French Open,2019-06-03,Grand Slam,Outdoor,Clay,4th Round,3,Anisimova A.,Bolsova A.,51.0,137.0,1110.0,423.0,6.0,3.0,6.0,0.0,,,2.0,0.0,Completed,1.33,3.4,1.38,3.35,1.38,3.5,1.34,3.32
WTA,2019,27,Paris,French Open,2019-06-04,Grand Slam,Outdoor,Clay,Quarterfinals,3,Konta J.,Stephens S.,26.0,7.0,1785.0,4552.0,6.0,1.0,6.0,4.0,,,2.0,0.0,Completed,2.2,1.66,2.18,1.77,2.38,1.78,2.23,1.67
WTA,2019,27,Paris,French Open,2019-06-04,Grand Slam,Outdoor,Clay,Quarterfinals,3,Vondrousova M.,Martic P.,38.0,31.0,1457.0,1615.0,7.0,6.0,7.0,5.0,,,2.0,0.0,Completed,1.66,2.2,1.75,2.21,1.8,2.25,1.7,2.16
WTA,2019,27,Paris,French Open,2019-06-06,Grand Slam,Outdoor,Clay,Quarterfinals,3,Anisimova A.,Halep S.,51.0,3.0,1110.0,5533.0,6.0,2.0,6.0,4.0,,,2.0,0.0,Completed,5.0,1.16,5.61,1.18,6.1,1.2,5.2,1.17
WTA,2019,27,Paris,French Open,2019-06-06,Grand Slam,Outdoor,Clay,Quarterfinals,3,Barty A.,Keys M.,8.0,14.0,4420.0,2965.0,6.0,3.0,7.0,5.0,,,2.0,0.0,Completed,1.53,2.5,1.51,2.75,1.62,2.78,1.51,2.62
WTA,2019,27,Paris,French Open,2019-06-07,Grand Slam,Outdoor,Clay,Semifinals,3,Barty A.,Anisimova A.,8.0,51.0,4420.0,1110.0,6.0,7.0,6.0,3.0,6.0,3.0,2.0,1.0,Completed,1.44,2.75,1.47,2.94,1.56,3.06,1.47,2.75
WTA,2019,27,Paris,French Open,2019-06-07,Grand Slam,Outdoor,Clay,Semifinals,3,Vondrousova M.,Konta J.,38.0,26.0,1457.0,1785.0,7.0,5.0,7.0,6.0,,,2.0,0.0,Completed,2.2,1.66,2.16,1.79,2.38,1.79,2.23,1.68
WTA,2019,27,Paris,French Open,2019-06-08,Grand Slam,Outdoor,Clay,The Final,3,Barty A.,Vondrousova M.,8.0,38.0,4420.0,1457.0,6.0,1.0,6.0,3.0,,,2.0,0.0,Completed,1.62,2.4,1.6,2.54,1.64,2.6,1.59,2.43
WTA,2019,33,London,Wimbledon,2019-07-01,Grand Slam,Outdoor,Grass,1st Round,3,Hercog P.,Kuzmova V.,60.0,47.0,989.0,1185.0,4.0,6.0,7.0,6.0,7.0,5.0,2.0,1.0,Completed,1.53,2.5,1.6,2.47,1.6,2.63,1.53,2.52
WTA,2019,33,London,Wimbledon,2019-07-01,Grand Slam,Outdoor,Grass,1st Round,3,Bouzkova M.,Barthel M.,115.0,96.0,547.0,659.0,6.0,3.0,6.0,3.0,,,2.0,0.0,Completed,1.66,2.2,1.6,2.47,1.75,2.47,1.68,2.2
WTA,2019,33,London,Wimbledon,2019-07-01,Grand Slam,Outdoor,Grass,1st Round,3,Gasparyan M.,Friedsam A.L.,62.0,286.0,929.0,172.0,6.0,4.0,6.0,4.0,,,2.0,0.0,Completed,1.8,2.0,1.85,2.04,1.89,2.11,1.8,2.02
WTA,2019,33,London,Wimbledon,2019-07-01,Grand Slam,Outdoor,Grass,1st Round,3,Kenin S.,Sharma A.,28.0,93.0,1895.0,671.0,6.0,4.0,6.0,2.0,,,2.0,0.0,Completed,1.12,6.0,1.13,6.86,1.18,6.86,1.14,5.69
WTA,2019,33,London,Wimbledon,2019-07-01,Grand Slam,Outdoor,Grass,1st Round,3,Keys M.,Kumkhum L.,16.0,107.0,2615.0,580.0,6.0,3.0,6.0,2.0,,,2.0,0.0,Completed,1.06,10.0,1.07,10.7,1.09,11.25,1.06,9.13
WTA,2019,33,London,Wimbledon,2019-07-01,Grand Slam,Outdoor,Grass,1st Round,3,Watson H.,Mcnally C.,122.0,165.0,531.0,363.0,7.0,6.0,6.0,2.0,,,2.0,0.0,Completed,2.75,1.44,2.81,1.49,3.0,1.54,2.67,1.48
WTA,2019,33,London,Wimbledon,2019-07-01,Grand Slam,Outdoor,Grass,1st Round,3,Sakkari M.,Pera B.,32.0,90.0,1670.0,689.0,7.0,6.0,6.0,3.0,,,2.0,0.0,Completed,1.3,3.5,1.35,3.44,1.37,3.56,1.33,3.3
WTA,2019,33,London,Wimbledon,2019-07-01,Grand Slam,Outdoor,Grass,1st Round,3,Svitolina E.,Gavrilova D.,8.0,74.0,3868.0,791.0,7.0,5.0,6.0,0.0,,,2.0,0.0,Completed,1.3,3.5,1.31,3.78,1.33,3.78,1.3,3.55
WTA,2019,33,London,Wimbledon,2019-07-01,Grand Slam,Outdoor,Grass,1st Round,3,Yastremska D.,Giorgi C.,35.0,42.0,1504.0,1303.0,6.0,3.0,6.0,3.0,,,2.0,0.0,Completed,1.5,2.62,1.53,2.66,1.54,2.72,1.5,2.59
WTA,2019,33,London,Wimbledon,2019-07-01,Grand Slam,Outdoor,Grass,1st Round,3,Martic P.,Brady J.,24.0,67.0,2105.0,838.0,3.0,6.0,6.0,3.0,6.0,4.0,2.0,1.0,Completed,1.44,2.75,1.47,2.86,1.49,3.0,1.44,2.79
WTA,2019,33,London,Wimbledon,2019-07-01,Grand Slam,Outdoor,Grass,1st Round,3,Kontaveit A.,Rogers S.,20.0,298.0,2335.0,164.0,6.0,0.0,3.0,6.0,6.0,4.0,2.0,1.0,Completed,1.4,3.0,1.39,3.23,1.44,3.29,1.39,2.99
WTA,2019,33,London,Wimbledon,2019-07-01,Grand Slam,Outdoor,Grass,1st Round,3,Puig M.,Schmiedlova A.,52.0,87.0,1113.0,700.0,5.0,7.0,6.0,4.0,7.0,5.0,2.0,1.0,Completed,1.22,4.33,1.25,4.4,1.27,4.5,1.23,4.18
WTA,2019,33,London,Wimbledon,2019-07-01,Grand Slam,Outdoor,Grass,1st Round,3,Pliskova Ka.,Zhu L.,3.0,101.0,6055.0,607.0,6.0,2.0,7.0,6.0,,,2.0,0.0,Completed,1.02,19.0,1.02,19.55,1.04,26.5,1.02,16.03
WTA,2019,33,London,Wimbledon,2019-07-01,Grand Slam,Outdoor,Grass,1st Round,3,Golubic V.,Swiatek I.,81.0,64.0,723.0,879.0,6.0,2.0,7.0,6.0,,,2.0,0.0,Completed,2.37,1.57,2.48,1.6,2.48,1.65,2.33,1.6
WTA,2019,33,London,Wimbledon,2019-07-01,Grand Slam,Outdoor,Grass,1st Round,3,Halep S.,Sasnovich A.,7.0,36.0,4063.0,1490.0,6.0,4.0,7.0,5.0,,,2.0,0.0,Completed,1.12,6.0,1.11,7.62,1.15,7.62,1.12,6.43
WTA,2019,33,London,Wimbledon,2019-07-01,Grand Slam,Outdoor,Grass,1st Round,3,Rybarikova M.,Sabalenka A.,139.0,11.0,423.0,3365.0,6.0,2.0,6.0,4.0,,,2.0,0.0,Completed,2.75,1.44,3.05,1.43,3.08,1.5,2.87,1.42
WTA,2019,33,London,Wimbledon,2019-07-01,Grand Slam,Outdoor,Grass,1st Round,3,Muchova K.,Krunic A.,68.0,113.0,838.0,550.0,7.0,5.0,6.0,2.0,,,2.0,0.0,Completed,1.5,2.62,1.54,2.62,1.56,2.66,1.51,2.57
WTA,2019,33,London,Wimbledon,2019-07-01,Grand Slam,Outdoor,Grass,1st Round,3,Buzarnescu M.,Pegula J.,53.0,72.0,1106.0,806.0,6.0,4.0,6.0,4.0,,,2.0,0.0,Completed,1.66,2.2,1.75,2.18,1.77,2.25,1.7,2.16
WTA,2019,33,London,Wimbledon,2019-07-01,Grand Slam,Outdoor,Grass,1st Round,3,Sevastova A.,Ahn K.,12.0,190.0,3296.0,307.0,6.0,3.0,6.0,4.0,,,2.0,0.0,Completed,1.14,5.5,1.19,5.32,1.2,5.95,1.16,5.39
WTA,2019,33,London,Wimbledon,2019-07-01,Grand Slam,Outdoor,Grass,1st Round,3,Kudermetova V.,Bonaventure Y.,59.0,114.0,994.0,549.0,6.0,2.0,6.0,4.0,,,2.0,0.0,Completed,1.53,2.5,1.53,2.67,1.53,2.75,1.49,2.63
WTA,2019,33,London,Wimbledon,2019-07-01,Grand Slam,Outdoor,Grass,1st Round,3,Potapova A.,Teichmann J.,71.0,89.0,815.0,698.0,2.0,6.0,6.0,4.0,6.0,1.0,2.0,1.0,Completed,1.57,2.37,1.57,2.55,1.65,2.66,1.54,2.48
WTA,2019,33,London,Wimbledon,2019-07-01,Grand Slam,Outdoor,Grass,1st Round,3,Brengle M.,Vondrousova M.,85.0,14.0,704.0,2775.0,6.0,4.0,6.0,4.0,,,2.0,0.0,Completed,5.5,1.14,6.2,1.15,6.2,1.19,5.45,1.15
WTA,2019,33,London,Wimbledon,2019-07-01,Grand Slam,Outdoor,Grass,1st Round,3,Putintseva Y.,Osaka N.,39.0,2.0,1355.0,6377.0,7.0,6.0,6.0,2.0,,,2.0,0.0,Completed,2.75,1.44,2.84,1.48,3.05,1.48,2.84,1.43
WTA,2019,33,London,Wimbledon,2019-07-01,Grand Slam,Outdoor,Grass,1st Round,3,Collins D.,Diyas Z.,34.0,86.0,1518.0,700.0,6.0,3.0,7.0,5.0,,,2.0,0.0,Completed,3.0,1.4,2.96,1.45,3.0,1.49,2.81,1.43
WTA,2019,33,London,Wimbledon,2019-07-01,Grand Slam,Outdoor,Grass,1st Round,3,Wickmayer Y.,Peterson R.,148.0,63.0,394.0,879.0,6.0,4.0,6.0,3.0,,,2.0,0.0,Completed,2.37,1.57,2.41,1.63,2.41,1.66,2.31,1.62
WTA,2019,33,London,Wimbledon,2019-07-01,Grand Slam,Outdoor,Grass,1st Round,3,Flipkens K.,Jakupovic D.,103.0,143.0,593.0,413.0,6.0,1.0,6.0,3.0,,,2.0,0.0,Completed,1.2,4.5,1.24,4.54,1.25,4.85,1.22,4.34
WTA,2019,33,London,Wimbledon,2019-07-01,Grand Slam,Outdoor,Grass,1st Round,3,Tomljanovic A.,Kasatkina D.,49.0,30.0,1150.0,1745.0,6.0,3.0,6.0,1.0,,,2.0,0.0,Completed,1.8,2.0,1.85,2.05,1.87,2.2,1.8,2.01
WTA,2019,33,London,Wimbledon,2019-07-01,Grand Slam,Outdoor,Grass,1st Round,3,Gauff C.,Williams V.,313.0,44.0,148.0,1205.0,6.0,4.0,6.0,4.0,,,2.0,0.0,Completed,4.33,1.22,4.36,1.25,4.36,1.27,4.02,1.24
WTA,2019,33,London,Wimbledon,2019-07-01,Grand Slam,Outdoor,Grass,1st Round,3,Wozniacki C.,Sorribes Tormo S.,19.0,70.0,2418.0,830.0,5.0,4.0,,,,,0.0,0.0,Retired,1.08,8.0,1.1,8.29,1.15,9.3,1.1,7.13
WTA,2019,33,London,Wimbledon,2019-07-01,Grand Slam,Outdoor,Grass,1st Round,3,Azarenka V.,Cornet A.,40.0,51.0,1320.0,1140.0,6.0,4.0,6.0,4.0,,,2.0,0.0,Completed,1.36,3.2,1.38,3.28,1.4,3.35,1.36,3.17
WTA,2019,33,London,Wimbledon,2019-07-01,Grand Slam,Outdoor,Grass,1st Round,3,Hsieh S.W.,Ostapenko J.,29.0,37.0,1885.0,1486.0,6.0,2.0,6.0,2.0,,,2.0,0.0,Completed,1.72,2.1,1.91,1.98,1.91,2.21,1.77,2.05
WTA,2019,33,London,Wimbledon,2019-07-01,Grand Slam,Outdoor,Grass,1st Round,3,Zhang S.,Garcia C.,50.0,23.0,1145.0,2105.0,6.0,4.0,6.0,0.0,,,2.0,0.0,Completed,5.0,1.16,5.67,1.17,5.7,1.19,5.18,1.16
WTA,2019,33,London,Wimbledon,2019-07-02,Grand Slam,Outdoor,Grass,1st Round,3,Siniakova K.,Alexandrova E.,38.0,45.0,1387.0,1193.0,2.0,6.0,6.0,1.0,6.0,1.0,2.0,1.0,Completed,2.3,1.61,2.55,1.57,2.63,1.64,2.4,1.58
WTA,2019,33,London,Wimbledon,2019-07-02,Grand Slam,Outdoor,Grass,1st Round,3,Dart H.,Mchale C.,182.0,108.0,325.0,576.0,4.0,6.0,6.0,4.0,6.0,4.0,2.0,1.0,Completed,1.66,2.2,1.78,2.14,1.8,2.3,1.72,2.14
WTA,2019,33,London,Wimbledon,2019-07-02,Grand Slam,Outdoor,Grass,1st Round,3,Van Uytvanck A.,Kuznetsova S.,58.0,104.0,1030.0,586.0,6.0,4.0,4.0,6.0,6.0,2.0,2.0,1.0,Completed,1.53,2.5,1.47,2.85,1.57,2.85,1.52,2.56
WTA,2019,33,London,Wimbledon,2019-07-02,Grand Slam,Outdoor,Grass,1st Round,3,Wang Q.,Lapko V.,15.0,106.0,2752.0,581.0,6.0,2.0,6.0,2.0,,,2.0,0.0,Completed,1.3,3.5,1.29,3.92,1.32,4.05,1.29,3.67
WTA,2019,33,London,Wimbledon,2019-07-02,Grand Slam,Outdoor,Grass,1st Round,3,Strycova B.,Tsurenko L.,54.0,33.0,1100.0,1616.0,6.0,3.0,6.0,2.0,,,2.0,0.0,Completed,1.44,2.75,1.43,3.01,1.47,3.01,1.42,2.87
WTA,2019,33,London,Wimbledon,2019-07-02,Grand Slam,Outdoor,Grass,1st Round,3,Mertens E.,Ferro F.,21.0,100.0,2195.0,614.0,6.0,2.0,6.0,0.0,,,2.0,0.0,Completed,1.12,6.0,1.14,6.52,1.16,6.6,1.13,5.91
WTA,2019,33,London,Wimbledon,2019-07-02,Grand Slam,Outdoor,Grass,1st Round,3,Niculescu M.,Petkovic A.,111.0,69.0,556.0,835.0,2.0,6.0,6.0,2.0,7.0,5.0,2.0,1.0,Completed,1.72,2.1,1.76,2.16,1.79,2.21,1.73,2.11
WTA,2019,33,London,Wimbledon,2019-07-02,Grand Slam,Outdoor,Grass,1st Round,3,Stephens S.,Bacsinszky T.,9.0,91.0,3682.0,684.0,6.0,2.0,6.0,4.0,,,2.0,0.0,Completed,1.33,3.4,1.36,3.41,1.37,3.5,1.34,3.3
WTA,2019,33,London,Wimbledon,2019-07-02,Grand Slam,Outdoor,Grass,1st Round,3,Kanepi K.,Voegele S.,76.0,97.0,775.0,647.0,5.0,7.0,7.0,5.0,6.0,4.0,2.0,1.0,Completed,1.36,3.2,1.4,3.2,1.4,3.3,1.37,3.11
WTA,2019,33,London,Wimbledon,2019-07-02,Grand Slam,Outdoor,Grass,1st Round,3,Davis L.,Kozlova K.,95.0,66.0,665.0,840.0,6.0,3.0,6.0,2.0,,,2.0,0.0,Completed,1.5,2.62,1.54,2.64,1.56,2.69,1.51,2.58
WTA,2019,33,London,Wimbledon,2019-07-02,Grand Slam,Outdoor,Grass,1st Round,3,Barty A.,Zheng S.,1.0,43.0,6495.0,1210.0,6.0,4.0,6.0,2.0,,,2.0,0.0,Completed,1.03,15.0,1.04,15.71,1.05,17.0,1.03,12.89
WTA,2019,33,London,Wimbledon,2019-07-02,Grand Slam,Outdoor,Grass,1st Round,3,Linette M.,Kalinskaya A.,75.0,144.0,785.0,411.0,6.0,0.0,7.0,6.0,,,2.0,0.0,Completed,2.2,1.66,2.37,1.65,2.38,1.7,2.23,1.66
WTA,2019,33,London,Wimbledon,2019-07-02,Grand Slam,Outdoor,Grass,1st Round,3,Kerber A.,Maria T.,5.0,65.0,4805.0,856.0,6.0,4.0,6.0,3.0,,,2.0,0.0,Completed,1.1,7.0,1.11,7.88,1.12,8.55,1.09,7.38
WTA,2019,33,London,Wimbledon,2019-07-02,Grand Slam,Outdoor,Grass,1st Round,3,Wang Yaf.,Martincova T.,57.0,138.0,1038.0,428.0,6.0,2.0,7.0,5.0,,,2.0,0.0,Completed,1.61,2.3,1.71,2.25,1.76,2.33,1.67,2.21
WTA,2019,33,London,Wimbledon,2019-07-02,Grand Slam,Outdoor,Grass,1st Round,3,Mladenovic K.,Diatchenko V.,48.0,83.0,1155.0,710.0,7.0,5.0,6.0,7.0,6.0,2.0,2.0,1.0,Completed,1.33,3.4,1.38,3.29,1.39,3.5,1.34,3.26
WTA,2019,33,London,Wimbledon,2019-07-02,Grand Slam,Outdoor,Grass,1st Round,3,Siegemund L.,Swan K.,82.0,205.0,718.0,274.0,6.0,2.0,6.0,4.0,,,2.0,0.0,Completed,2.1,1.72,2.18,1.75,2.18,1.82,2.07,1.76
WTA,2019,33,London,Wimbledon,2019-07-02,Grand Slam,Outdoor,Grass,1st Round,3,Bencic B.,Pavlyuchenkova A.,13.0,46.0,3073.0,1185.0,6.0,2.0,6.0,3.0,,,2.0,0.0,Completed,1.16,5.0,1.2,5.09,1.22,5.09,1.19,4.66
WTA,2019,33,London,Wimbledon,2019-07-02,Grand Slam,Outdoor,Grass,1st Round,3,Zidansek T.,Bouchard E.,61.0,79.0,950.0,752.0,6.0,3.0,5.0,7.0,8.0,6.0,2.0,1.0,Completed,1.5,2.62,1.54,2.62,1.56,2.69,1.51,2.57
WTA,2019,33,London,Wimbledon,2019-07-02,Grand Slam,Outdoor,Grass,1st Round,3,Konta J.,Bogdan A.,18.0,132.0,2430.0,468.0,7.0,5.0,6.0,2.0,,,2.0,0.0,Completed,1.12,6.0,1.15,6.38,1.16,6.6,1.13,6.0
WTA,2019,33,London,Wimbledon,2019-07-02,Grand Slam,Outdoor,Grass,1st Round,3,Anisimova A.,Cirstea S.,26.0,77.0,1949.0,769.0,6.0,3.0,6.0,3.0,,,2.0,0.0,Completed,1.22,4.33,1.26,4.28,1.27,4.5,1.24,4.11
WTA,2019,33,London,Wimbledon,2019-07-02,Grand Slam,Outdoor,Grass,1st Round,3,Haddad Maia B.,Muguruza G.,121.0,27.0,531.0,1925.0,6.0,4.0,6.0,4.0,,,2.0,0.0,Completed,3.4,1.33,3.28,1.38,3.4,1.39,3.22,1.35
WTA,2019,33,London,Wimbledon,2019-07-02,Grand Slam,Outdoor,Grass,1st Round,3,Jorovic I.,Kerkhove L.,99.0,201.0,626.0,285.0,7.0,6.0,6.0,4.0,,,2.0,0.0,Completed,2.0,1.8,1.96,1.93,2.02,1.95,1.95,1.85
WTA,2019,33,London,Wimbledon,2019-07-02,Grand Slam,Outdoor,Grass,1st Round,3,Suarez Navarro C.,Stosur S.,31.0,119.0,1732.0,533.0,6.0,2.0,7.0,5.0,,,2.0,0.0,Completed,2.2,1.66,2.27,1.7,2.36,1.71,2.23,1.66
WTA,2019,33,London,Wimbledon,2019-07-02,Grand Slam,Outdoor,Grass,1st Round,3,Parmentier P.,Sharapova M.,88.0,80.0,699.0,740.0,4.0,6.0,7.0,6.0,5.0,0.0,1.0,1.0,Retired,5.0,1.16,5.68,1.17,5.7,1.2,5.08,1.17
WTA,2019,33,London,Wimbledon,2019-07-02,Grand Slam,Outdoor,Grass,1st Round,3,Flink V.,Badosa P.,141.0,135.0,419.0,420.0,6.0,4.0,6.0,2.0,,,2.0,0.0,Completed,2.1,1.72,2.28,1.69,2.31,1.76,2.19,1.68
WTA,2019,33,London,Wimbledon,2019-07-02,Grand Slam,Outdoor,Grass,1st Round,3,Goerges J.,Ruse E.G.,17.0,176.0,2605.0,332.0,7.0,5.0,6.0,1.0,,,2.0,0.0,Completed,1.22,4.33,1.25,4.42,1.28,4.42,1.25,4.0
WTA,2019,33,London,Wimbledon,2019-07-02,Grand Slam,Outdoor,Grass,1st Round,3,Kvitova P.,Jabeur O.,6.0,56.0,4555.0,1050.0,6.0,4.0,6.0,2.0,,,2.0,0.0,Completed,1.3,3.5,1.33,3.62,1.33,3.7,1.3,3.5
WTA,2019,33,London,Wimbledon,2019-07-02,Grand Slam,Outdoor,Grass,1st Round,3,Juvan K.,Pliskova Kr.,133.0,94.0,464.0,666.0,6.0,4.0,2.0,6.0,6.0,4.0,2.0,1.0,Completed,2.1,1.72,2.13,1.79,2.25,1.85,2.07,1.76
WTA,2019,33,London,Wimbledon,2019-07-02,Grand Slam,Outdoor,Grass,1st Round,3,Williams S.,Gatto-Monticone G.,10.0,161.0,3411.0,368.0,6.0,2.0,7.0,5.0,,,2.0,0.0,Completed,1.04,13.0,1.04,14.11,1.05,16.5,1.03,12.24
WTA,2019,33,London,Wimbledon,2019-07-02,Grand Slam,Outdoor,Grass,1st Round,3,Townsend T.,Rodionova Ar.,123.0,211.0,530.0,266.0,6.0,2.0,6.0,3.0,,,2.0,0.0,Completed,1.72,2.1,1.75,2.19,1.82,2.2,1.74,2.1
WTA,2019,33,London,Wimbledon,2019-07-02,Grand Slam,Outdoor,Grass,1st Round,3,Bertens K.,Minella M.,4.0,98.0,5430.0,645.0,6.0,3.0,6.0,2.0,,,2.0,0.0,Completed,1.04,13.0,1.05,13.36,1.06,16.5,1.04,11.6
WTA,2019,33,London,Wimbledon,2019-07-02,Grand Slam,Outdoor,Grass,1st Round,3,Riske A.,Vekic D.,55.0,22.0,1077.0,2180.0,3.0,6.0,6.0,3.0,7.0,5.0,2.0,1.0,Completed,2.37,1.57,2.32,1.67,2.53,1.73,2.27,1.64
WTA,2019,33,London,Wimbledon,2019-07-03,Grand Slam,Outdoor,Grass,2nd Round,3,Sakkari M.,Bouzkova M.,32.0,115.0,1670.0,547.0,6.0,4.0,6.0,1.0,,,2.0,0.0,Completed,1.22,4.33,1.25,4.32,1.29,4.4,1.24,4.1
WTA,2019,33,London,Wimbledon,2019-07-03,Grand Slam,Outdoor,Grass,2nd Round,3,Svitolina E.,Gasparyan M.,8.0,62.0,3868.0,929.0,5.0,7.0,6.0,5.0,,,0.0,1.0,Retired,1.5,2.62,1.59,2.49,1.64,2.62,1.55,2.46
WTA,2019,33,London,Wimbledon,2019-07-03,Grand Slam,Outdoor,Grass,2nd Round,3,Azarenka V.,Tomljanovic A.,40.0,49.0,1320.0,1150.0,6.0,2.0,6.0,0.0,,,2.0,0.0,Completed,1.36,3.2,1.35,3.45,1.4,3.45,1.35,3.24
WTA,2019,33,London,Wimbledon,2019-07-03,Grand Slam,Outdoor,Grass,2nd Round,3,Muchova K.,Brengle M.,68.0,85.0,838.0,704.0,6.0,3.0,6.0,4.0,,,2.0,0.0,Completed,1.44,2.75,1.42,3.08,1.5,3.08,1.44,2.8
WTA,2019,33,London,Wimbledon,2019-07-03,Grand Slam,Outdoor,Grass,2nd Round,3,Hsieh S.W.,Flipkens K.,29.0,103.0,1885.0,593.0,7.0,6.0,6.0,3.0,,,2.0,0.0,Completed,1.44,2.75,1.48,2.84,1.51,2.85,1.45,2.74
WTA,2019,33,London,Wimbledon,2019-07-03,Grand Slam,Outdoor,Grass,2nd Round,3,Pliskova Ka.,Puig M.,3.0,52.0,6055.0,1113.0,6.0,0.0,6.0,4.0,,,2.0,0.0,Completed,1.08,8.0,1.1,8.57,1.11,9.3,1.09,7.69
WTA,2019,33,London,Wimbledon,2019-07-03,Grand Slam,Outdoor,Grass,2nd Round,3,Kontaveit A.,Watson H.,20.0,122.0,2335.0,531.0,7.0,5.0,6.0,1.0,,,2.0,0.0,Completed,1.4,3.0,1.38,3.27,1.42,3.27,1.37,3.09
WTA,2019,33,London,Wimbledon,2019-07-03,Grand Slam,Outdoor,Grass,2nd Round,3,Golubic V.,Putintseva Y.,81.0,39.0,723.0,1355.0,6.0,4.0,7.0,6.0,,,2.0,0.0,Completed,3.0,1.4,3.01,1.43,3.1,1.44,2.94,1.4
WTA,2019,33,London,Wimbledon,2019-07-03,Grand Slam,Outdoor,Grass,2nd Round,3,Yastremska D.,Kenin S.,35.0,28.0,1504.0,1895.0,7.0,5.0,4.0,6.0,6.0,3.0,2.0,1.0,Completed,2.37,1.57,2.32,1.67,2.38,1.69,2.3,1.62
WTA,2019,33,London,Wimbledon,2019-07-03,Grand Slam,Outdoor,Grass,2nd Round,3,Halep S.,Buzarnescu M.,7.0,53.0,4063.0,1106.0,6.0,3.0,4.0,6.0,6.0,2.0,2.0,1.0,Completed,1.14,5.5,1.17,5.84,1.19,5.95,1.16,5.36
WTA,2019,33,London,Wimbledon,2019-07-03,Grand Slam,Outdoor,Grass,2nd Round,3,Zhang S.,Wickmayer Y.,50.0,148.0,1145.0,394.0,6.0,3.0,6.0,2.0,,,2.0,0.0,Completed,1.61,2.3,1.74,2.2,1.74,2.33,1.67,2.21
WTA,2019,33,London,Wimbledon,2019-07-03,Grand Slam,Outdoor,Grass,2nd Round,3,Wozniacki C.,Kudermetova V.,19.0,59.0,2418.0,994.0,7.0,6.0,6.0,3.0,,,2.0,0.0,Completed,1.53,2.5,1.58,2.51,1.63,2.53,1.57,2.4
WTA,2019,33,London,Wimbledon,2019-07-03,Grand Slam,Outdoor,Grass,2nd Round,3,Martic P.,Potapova A.,24.0,71.0,2105.0,815.0,3.0,6.0,6.0,3.0,6.0,4.0,2.0,1.0,Completed,1.22,4.33,1.22,4.81,1.27,4.81,1.22,4.37
WTA,2019,33,London,Wimbledon,2019-07-03,Grand Slam,Outdoor,Grass,2nd Round,3,Collins D.,Sevastova A.,34.0,12.0,1518.0,3296.0,4.0,6.0,6.0,4.0,6.0,3.0,2.0,1.0,Completed,3.75,1.28,3.46,1.35,3.75,1.36,3.43,1.31
WTA,2019,33,London,Wimbledon,2019-07-03,Grand Slam,Outdoor,Grass,2nd Round,3,Hercog P.,Keys M.,60.0,16.0,989.0,2615.0,6.0,2.0,6.0,4.0,,,2.0,0.0,Completed,4.33,1.22,4.42,1.25,4.42,1.26,4.11,1.24
WTA,2019,33,London,Wimbledon,2019-07-03,Grand Slam,Outdoor,Grass,2nd Round,3,Gauff C.,Rybarikova M.,313.0,139.0,148.0,423.0,6.0,3.0,6.0,3.0,,,2.0,0.0,Completed,2.2,1.66,2.2,1.74,2.41,1.74,2.26,1.64
WTA,2019,33,London,Wimbledon,2019-07-04,Grand Slam,Outdoor,Grass,2nd Round,3,Barty A.,Van Uytvanck A.,1.0,58.0,6495.0,1030.0,6.0,1.0,6.0,3.0,,,2.0,0.0,Completed,1.07,9.0,1.06,11.41,1.08,11.41,1.06,9.32
WTA,2019,33,London,Wimbledon,2019-07-04,Grand Slam,Outdoor,Grass,2nd Round,3,Dart H.,Haddad Maia B.,182.0,121.0,325.0,531.0,7.0,6.0,3.0,6.0,6.0,1.0,2.0,1.0,Completed,3.0,1.4,3.17,1.4,3.17,1.43,2.99,1.4
WTA,2019,33,London,Wimbledon,2019-07-04,Grand Slam,Outdoor,Grass,2nd Round,3,Stephens S.,Wang Yaf.,9.0,57.0,3682.0,1038.0,6.0,0.0,6.0,2.0,,,2.0,0.0,Completed,1.36,3.2,1.36,3.39,1.38,3.44,1.34,3.26
WTA,2019,33,London,Wimbledon,2019-07-04,Grand Slam,Outdoor,Grass,2nd Round,3,Wang Q.,Zidansek T.,15.0,61.0,2752.0,950.0,6.0,1.0,6.0,2.0,,,2.0,0.0,Completed,1.3,3.5,1.35,3.46,1.38,3.54,1.34,3.3
WTA,2019,33,London,Wimbledon,2019-07-04,Grand Slam,Outdoor,Grass,2nd Round,3,Strycova B.,Siegemund L.,54.0,82.0,1100.0,718.0,6.0,3.0,7.0,5.0,,,2.0,0.0,Completed,1.2,4.5,1.22,4.85,1.22,5.05,1.2,4.63
WTA,2019,33,London,Wimbledon,2019-07-04,Grand Slam,Outdoor,Grass,2nd Round,3,Riske A.,Jorovic I.,55.0,99.0,1077.0,626.0,6.0,2.0,6.0,7.0,9.0,7.0,2.0,1.0,Completed,1.12,6.0,1.16,6.12,1.18,6.8,1.14,5.77
WTA,2019,33,London,Wimbledon,2019-07-04,Grand Slam,Outdoor,Grass,2nd Round,3,Kvitova P.,Mladenovic K.,6.0,48.0,4555.0,1155.0,7.0,5.0,6.0,2.0,,,2.0,0.0,Completed,1.28,3.75,1.29,3.98,1.32,4.05,1.28,3.74
WTA,2019,33,London,Wimbledon,2019-07-04,Grand Slam,Outdoor,Grass,2nd Round,3,Suarez Navarro C.,Parmentier P.,31.0,88.0,1732.0,699.0,7.0,6.0,7.0,6.0,,,2.0,0.0,Completed,1.25,4.0,1.28,4.0,1.31,4.1,1.27,3.82
WTA,2019,33,London,Wimbledon,2019-07-04,Grand Slam,Outdoor,Grass,2nd Round,3,Mertens E.,Niculescu M.,21.0,111.0,2195.0,556.0,7.0,5.0,6.0,0.0,,,2.0,0.0,Completed,1.22,4.33,1.23,4.63,1.27,4.63,1.23,4.23
WTA,2019,33,London,Wimbledon,2019-07-04,Grand Slam,Outdoor,Grass,2nd Round,3,Bertens K.,Townsend T.,4.0,123.0,5430.0,530.0,3.0,6.0,7.0,6.0,6.0,2.0,2.0,1.0,Completed,1.08,8.0,1.08,9.32,1.1,10.2,1.08,8.11
WTA,2019,33,London,Wimbledon,2019-07-04,Grand Slam,Outdoor,Grass,2nd Round,3,Davis L.,Kerber A.,95.0,5.0,665.0,4805.0,2.0,6.0,6.0,2.0,6.0,1.0,2.0,1.0,Completed,9.0,1.07,10.74,1.07,11.25,1.1,8.98,1.07
WTA,2019,33,London,Wimbledon,2019-07-04,Grand Slam,Outdoor,Grass,2nd Round,3,Konta J.,Siniakova K.,18.0,38.0,2430.0,1387.0,6.0,3.0,6.0,4.0,,,2.0,0.0,Completed,1.3,3.5,1.3,3.85,1.34,3.85,1.3,3.55
WTA,2019,33,London,Wimbledon,2019-07-04,Grand Slam,Outdoor,Grass,2nd Round,3,Goerges J.,Flink V.,17.0,141.0,2605.0,419.0,6.0,1.0,6.0,4.0,,,2.0,0.0,Completed,1.12,6.0,1.14,6.51,1.16,7.0,1.13,6.13
WTA,2019,33,London,Wimbledon,2019-07-04,Grand Slam,Outdoor,Grass,2nd Round,3,Linette M.,Anisimova A.,75.0,26.0,785.0,1949.0,6.0,4.0,7.0,5.0,,,2.0,0.0,Completed,4.33,1.22,4.13,1.27,4.65,1.29,4.02,1.25
WTA,2019,33,London,Wimbledon,2019-07-04,Grand Slam,Outdoor,Grass,2nd Round,3,Williams S.,Juvan K.,10.0,133.0,3411.0,464.0,2.0,6.0,6.0,2.0,6.0,4.0,2.0,1.0,Completed,1.11,6.5,1.15,6.23,1.16,7.0,1.13,6.07
WTA,2019,33,London,Wimbledon,2019-07-04,Grand Slam,Outdoor,Grass,2nd Round,3,Bencic B.,Kanepi K.,13.0,76.0,3073.0,775.0,6.0,3.0,6.0,1.0,,,2.0,0.0,Completed,1.22,4.33,1.21,5.0,1.25,5.15,1.2,4.57
WTA,2019,33,London,Wimbledon,2019-07-05,Grand Slam,Outdoor,Grass,3rd Round,3,Svitolina E.,Sakkari M.,8.0,32.0,3868.0,1670.0,6.0,3.0,6.0,7.0,6.0,2.0,2.0,1.0,Completed,2.2,1.66,2.14,1.78,2.23,1.8,2.12,1.72
WTA,2019,33,London,Wimbledon,2019-07-05,Grand Slam,Outdoor,Grass,3rd Round,3,Zhang S.,Wozniacki C.,50.0,19.0,1145.0,2418.0,6.0,4.0,6.0,2.0,,,2.0,0.0,Completed,3.5,1.3,3.74,1.31,3.74,1.36,3.49,1.31
WTA,2019,33,London,Wimbledon,2019-07-05,Grand Slam,Outdoor,Grass,3rd Round,3,Pliskova Ka.,Hsieh S.W.,3.0,29.0,6055.0,1885.0,6.0,3.0,2.0,6.0,6.0,4.0,2.0,1.0,Completed,1.16,5.0,1.21,4.9,1.23,5.1,1.2,4.63
WTA,2019,33,London,Wimbledon,2019-07-05,Grand Slam,Outdoor,Grass,3rd Round,3,Yastremska D.,Golubic V.,35.0,81.0,1504.0,723.0,7.0,5.0,6.0,3.0,,,2.0,0.0,Completed,1.22,4.33,1.26,4.25,1.3,4.33,1.25,4.04
WTA,2019,33,London,Wimbledon,2019-07-05,Grand Slam,Outdoor,Grass,3rd Round,3,Muchova K.,Kontaveit A.,68.0,20.0,838.0,2335.0,7.0,6.0,6.0,3.0,,,2.0,0.0,Completed,2.37,1.57,2.34,1.66,2.41,1.94,2.29,1.63
WTA,2019,33,London,Wimbledon,2019-07-05,Grand Slam,Outdoor,Grass,3rd Round,3,Martic P.,Collins D.,24.0,34.0,2105.0,1518.0,6.0,4.0,3.0,6.0,6.0,4.0,2.0,1.0,Completed,1.44,2.75,1.42,3.09,1.46,3.09,1.42,2.88
WTA,2019,33,London,Wimbledon,2019-07-05,Grand Slam,Outdoor,Grass,3rd Round,3,Halep S.,Azarenka V.,7.0,40.0,4063.0,1320.0,6.0,3.0,6.0,1.0,,,2.0,0.0,Completed,1.8,2.0,1.72,2.23,1.91,2.23,1.77,2.06
WTA,2019,33,London,Wimbledon,2019-07-05,Grand Slam,Outdoor,Grass,3rd Round,3,Gauff C.,Hercog P.,313.0,60.0,148.0,989.0,3.0,6.0,7.0,6.0,7.0,5.0,2.0,1.0,Completed,1.57,2.37,1.69,2.28,1.69,2.5,1.59,2.36
WTA,2019,33,London,Wimbledon,2019-07-06,Grand Slam,Outdoor,Grass,3rd Round,3,Kvitova P.,Linette M.,6.0,75.0,4555.0,785.0,6.0,3.0,6.0,2.0,,,2.0,0.0,Completed,1.14,5.5,1.14,6.46,1.17,6.6,1.14,5.83
WTA,2019,33,London,Wimbledon,2019-07-06,Grand Slam,Outdoor,Grass,3rd Round,3,Mertens E.,Wang Q.,21.0,15.0,2195.0,2752.0,6.0,2.0,6.0,7.0,6.0,4.0,2.0,1.0,Completed,1.66,2.2,1.74,2.21,1.77,2.3,1.7,2.17
WTA,2019,33,London,Wimbledon,2019-07-06,Grand Slam,Outdoor,Grass,3rd Round,3,Riske A.,Bencic B.,55.0,13.0,1077.0,3073.0,4.0,6.0,6.0,4.0,6.0,4.0,2.0,1.0,Completed,2.75,1.44,2.88,1.47,3.06,1.48,2.82,1.43
WTA,2019,33,London,Wimbledon,2019-07-06,Grand Slam,Outdoor,Grass,3rd Round,3,Suarez Navarro C.,Davis L.,31.0,95.0,1732.0,665.0,6.0,3.0,6.0,3.0,,,2.0,0.0,Completed,1.72,2.1,1.76,2.18,1.81,2.18,1.74,2.09
WTA,2019,33,London,Wimbledon,2019-07-06,Grand Slam,Outdoor,Grass,3rd Round,3,Williams S.,Goerges J.,10.0,17.0,3411.0,2605.0,6.0,3.0,6.0,4.0,,,2.0,0.0,Completed,1.5,2.62,1.52,2.71,1.53,2.71,1.5,2.61
WTA,2019,33,London,Wimbledon,2019-07-06,Grand Slam,Outdoor,Grass,3rd Round,3,Barty A.,Dart H.,1.0,182.0,6495.0,325.0,6.0,1.0,6.0,1.0,,,2.0,0.0,Completed,1.04,13.0,1.03,16.28,1.05,21.0,1.03,13.64
WTA,2019,33,London,Wimbledon,2019-07-06,Grand Slam,Outdoor,Grass,3rd Round,3,Strycova B.,Bertens K.,54.0,4.0,1100.0,5430.0,7.0,5.0,6.0,1.0,,,2.0,0.0,Completed,2.5,1.53,2.52,1.58,2.72,1.61,2.45,1.56
WTA,2019,33,London,Wimbledon,2019-07-06,Grand Slam,Outdoor,Grass,3rd Round,3,Konta J.,Stephens S.,18.0,9.0,2430.0,3682.0,3.0,6.0,6.0,4.0,6.0,1.0,2.0,1.0,Completed,1.5,2.62,1.54,2.63,1.56,2.71,1.51,2.59
WTA,2019,33,London,Wimbledon,2019-07-08,Grand Slam,Outdoor,Grass,4th Round,3,Svitolina E.,Martic P.,8.0,24.0,3868.0,2105.0,6.0,4.0,6.0,2.0,,,2.0,0.0,Completed,1.8,2.0,1.95,1.95,2.0,2.14,1.89,1.93
WTA,2019,33,London,Wimbledon,2019-07-08,Grand Slam,Outdoor,Grass,4th Round,3,Riske A.,Barty A.,55.0,1.0,1077.0,6495.0,3.0,6.0,6.0,2.0,6.0,3.0,2.0,1.0,Completed,6.0,1.12,7.23,1.13,7.45,1.15,6.47,1.12
WTA,2019,33,London,Wimbledon,2019-07-08,Grand Slam,Outdoor,Grass,4th Round,3,Strycova B.,Mertens E.,54.0,21.0,1100.0,2195.0,4.0,6.0,7.0,5.0,6.0,2.0,2.0,1.0,Completed,2.0,1.8,2.07,1.85,2.07,2.0,1.95,1.87
WTA,2019,33,London,Wimbledon,2019-07-08,Grand Slam,Outdoor,Grass,4th Round,3,Zhang S.,Yastremska D.,50.0,35.0,1145.0,1504.0,6.0,4.0,1.0,6.0,6.0,2.0,2.0,1.0,Completed,2.5,1.53,2.67,1.54,2.71,1.56,2.56,1.51
WTA,2019,33,London,Wimbledon,2019-07-08,Grand Slam,Outdoor,Grass,4th Round,3,Muchova K.,Pliskova Ka.,68.0,3.0,838.0,6055.0,4.0,6.0,7.0,5.0,13.0,11.0,2.0,1.0,Completed,6.0,1.12,6.11,1.16,6.4,1.18,5.76,1.14
WTA,2019,33,London,Wimbledon,2019-07-08,Grand Slam,Outdoor,Grass,4th Round,3,Williams S.,Suarez Navarro C.,10.0,31.0,3411.0,1732.0,6.0,2.0,6.0,2.0,,,2.0,0.0,Completed,1.12,6.0,1.14,6.83,1.15,7.19,1.12,6.29
WTA,2019,33,London,Wimbledon,2019-07-08,Grand Slam,Outdoor,Grass,4th Round,3,Halep S.,Gauff C.,7.0,313.0,4063.0,148.0,6.0,3.0,6.0,3.0,,,2.0,0.0,Completed,1.16,5.0,1.17,5.79,1.2,5.79,1.17,5.18
WTA,2019,33,London,Wimbledon,2019-07-08,Grand Slam,Outdoor,Grass,4th Round,3,Konta J.,Kvitova P.,18.0,6.0,2430.0,4555.0,4.0,6.0,6.0,2.0,6.0,4.0,2.0,1.0,Completed,2.5,1.53,2.62,1.56,2.62,1.61,2.5,1.54
WTA,2019,33,London,Wimbledon,2019-07-09,Grand Slam,Outdoor,Grass,Quarterfinals,3,Halep S.,Zhang S.,7.0,50.0,4063.0,1145.0,7.0,6.0,6.0,1.0,,,2.0,0.0,Completed,1.2,4.5,1.22,4.86,1.24,5.05,1.2,4.61
WTA,2019,33,London,Wimbledon,2019-07-09,Grand Slam,Outdoor,Grass,Quarterfinals,3,Williams S.,Riske A.,10.0,55.0,3411.0,1077.0,6.0,4.0,4.0,6.0,6.0,3.0,2.0,1.0,Completed,1.25,4.0,1.28,4.13,1.3,4.2,1.27,3.86
WTA,2019,33,London,Wimbledon,2019-07-09,Grand Slam,Outdoor,Grass,Quarterfinals,3,Svitolina E.,Muchova K.,8.0,68.0,3868.0,838.0,7.0,5.0,6.0,4.0,,,2.0,0.0,Completed,1.44,2.75,1.53,2.7,1.56,2.8,1.49,2.65
WTA,2019,33,London,Wimbledon,2019-07-09,Grand Slam,Outdoor,Grass,Quarterfinals,3,Strycova B.,Konta J.,54.0,18.0,1100.0,2430.0,7.0,6.0,6.0,1.0,,,2.0,0.0,Completed,3.2,1.36,3.07,1.43,3.32,1.45,2.99,1.4
WTA,2019,33,London,Wimbledon,2019-07-11,Grand Slam,Outdoor,Grass,Semifinals,3,Halep S.,Svitolina E.,7.0,8.0,4063.0,3868.0,6.0,1.0,6.0,3.0,,,2.0,0.0,Completed,1.4,3.0,1.45,3.02,1.5,3.13,1.42,2.93
WTA,2019,33,London,Wimbledon,2019-07-11,Grand Slam,Outdoor,Grass,Semifinals,3,Williams S.,Strycova B.,10.0,54.0,3411.0,1100.0,6.0,1.0,6.0,2.0,,,2.0,0.0,Completed,1.22,4.33,1.27,4.3,1.28,4.55,1.24,4.21
WTA,2019,33,London,Wimbledon,2019-07-13,Grand Slam,Outdoor,Grass,The Final,3,Halep S.,Williams S.,7.0,10.0,4063.0,3411.0,6.0,2.0,6.0,2.0,,,2.0,0.0,Completed,2.65,1.54,2.61,1.57,2.7,1.59,2.57,1.53
WTA,2019,43,New York,US Open,2019-08-26,Grand Slam,Outdoor,Hard,1st Round,3,Bolkvadze M.,Pera B.,202.0,65.0,293.0,916.0,6.0,3.0,5.0,7.0,6.0,4.0,2.0,1.0,Completed,4.0,1.25,4.45,1.24,4.5,1.27,4.12,1.24
WTA,2019,43,New York,US Open,2019-08-26,Grand Slam,Outdoor,Hard,1st Round,3,Jabeur O.,Garcia C.,62.0,27.0,955.0,1831.0,7.0,6.0,6.0,2.0,,,2.0,0.0,Completed,2.37,1.57,2.46,1.61,2.57,1.67,2.31,1.62
WTA,2019,43,New York,US Open,2019-08-26,Grand Slam,Outdoor,Hard,1st Round,3,Martic P.,Zidansek T.,22.0,66.0,2067.0,910.0,6.0,4.0,4.0,6.0,6.0,1.0,2.0,1.0,Completed,1.2,4.5,1.22,4.7,1.25,5.0,1.21,4.41
WTA,2019,43,New York,US Open,2019-08-26,Grand Slam,Outdoor,Hard,1st Round,3,Peterson R.,Puig M.,71.0,59.0,865.0,1000.0,6.0,3.0,6.0,3.0,,,2.0,0.0,Completed,1.44,2.75,1.51,2.72,1.51,2.9,1.47,2.7
WTA,2019,43,New York,US Open,2019-08-26,Grand Slam,Outdoor,Hard,1st Round,3,Bogdan A.,Dart H.,152.0,139.0,403.0,447.0,6.0,3.0,6.0,1.0,,,2.0,0.0,Completed,1.5,2.62,1.53,2.67,1.57,2.7,1.51,2.57
WTA,2019,43,New York,US Open,2019-08-26,Grand Slam,Outdoor,Hard,1st Round,3,Sevastova A.,Bouchard E.,11.0,119.0,3167.0,519.0,6.0,3.0,6.0,3.0,,,2.0,0.0,Completed,1.2,4.5,1.19,5.26,1.22,5.45,1.18,4.92
WTA,2019,43,New York,US Open,2019-08-26,Grand Slam,Outdoor,Hard,1st Round,3,Pliskova Ka.,Martincova T.,3.0,138.0,6315.0,449.0,7.0,6.0,7.0,6.0,,,2.0,0.0,Completed,1.06,10.0,1.05,13.29,1.08,13.29,1.05,10.51
WTA,2019,43,New York,US Open,2019-08-26,Grand Slam,Outdoor,Hard,1st Round,3,Konta J.,Kasatkina D.,16.0,42.0,2695.0,1330.0,6.0,1.0,4.0,6.0,6.0,2.0,2.0,1.0,Completed,1.66,2.2,1.56,2.57,1.71,2.57,1.61,2.33
WTA,2019,43,New York,US Open,2019-08-26,Grand Slam,Outdoor,Hard,1st Round,3,Barty A.,Diyas Z.,2.0,80.0,6501.0,760.0,1.0,6.0,6.0,3.0,6.0,2.0,2.0,1.0,Completed,1.08,8.0,1.09,8.9,1.11,9.5,1.08,7.98
WTA,2019,43,New York,US Open,2019-08-26,Grand Slam,Outdoor,Hard,1st Round,3,Gasparyan M.,Hon P.,61.0,130.0,969.0,480.0,7.0,6.0,6.0,4.0,,,2.0,0.0,Completed,1.44,2.75,1.53,2.66,1.54,2.79,1.49,2.63
WTA,2019,43,New York,US Open,2019-08-26,Grand Slam,Outdoor,Hard,1st Round,3,Mladenovic K.,Kerber A.,54.0,14.0,1050.0,2870.0,7.0,5.0,0.0,6.0,6.0,4.0,2.0,1.0,Completed,3.75,1.28,3.79,1.31,4.15,1.35,3.55,1.3
WTA,2019,43,New York,US Open,2019-08-26,Grand Slam,Outdoor,Hard,1st Round,3,Alexandrova E.,Stosur S.,43.0,136.0,1273.0,456.0,6.0,1.0,6.0,3.0,,,2.0,0.0,Completed,1.28,3.75,1.28,4.02,1.33,4.3,1.28,3.7
WTA,2019,43,New York,US Open,2019-08-26,Grand Slam,Outdoor,Hard,1st Round,3,Davis L.,Larsson J.,73.0,171.0,859.0,353.0,7.0,5.0,6.0,2.0,,,2.0,0.0,Completed,1.4,3.0,1.36,3.39,1.43,3.4,1.38,3.06
WTA,2019,43,New York,US Open,2019-08-26,Grand Slam,Outdoor,Hard,1st Round,3,Ferro F.,Gavrilova D.,74.0,95.0,857.0,646.0,6.0,3.0,6.0,4.0,,,2.0,0.0,Completed,1.57,2.37,1.57,2.54,1.62,2.54,1.58,2.38
WTA,2019,43,New York,US Open,2019-08-26,Grand Slam,Outdoor,Hard,1st Round,3,Yastremska D.,Niculescu M.,32.0,105.0,1679.0,588.0,6.0,4.0,1.0,6.0,6.0,2.0,2.0,1.0,Completed,1.25,4.0,1.26,4.3,1.27,4.9,1.23,4.21
WTA,2019,43,New York,US Open,2019-08-26,Grand Slam,Outdoor,Hard,1st Round,3,Hsieh S.W.,Cepelova J.,28.0,153.0,1830.0,401.0,6.0,4.0,5.0,7.0,6.0,3.0,2.0,1.0,Completed,1.33,3.4,1.34,3.55,1.36,3.6,1.32,3.4
WTA,2019,43,New York,US Open,2019-08-26,Grand Slam,Outdoor,Hard,1st Round,3,Sasnovich A.,Brady J.,46.0,67.0,1131.0,901.0,6.0,1.0,4.0,6.0,6.0,0.0,2.0,1.0,Completed,2.62,1.5,2.51,1.58,2.75,1.63,2.47,1.54
WTA,2019,43,New York,US Open,2019-08-26,Grand Slam,Outdoor,Hard,1st Round,3,Van Uytvanck A.,Kuzmova V.,68.0,55.0,895.0,1045.0,6.0,4.0,6.0,4.0,,,2.0,0.0,Completed,2.0,1.8,2.09,1.81,2.16,1.83,2.08,1.75
WTA,2019,43,New York,US Open,2019-08-26,Grand Slam,Outdoor,Hard,1st Round,3,Muchova K.,Rybakina E.,44.0,69.0,1199.0,886.0,6.0,4.0,6.0,4.0,,,2.0,0.0,Completed,1.57,2.37,1.58,2.53,1.62,2.65,1.54,2.49
WTA,2019,43,New York,US Open,2019-08-26,Grand Slam,Outdoor,Hard,1st Round,3,Swiatek I.,Jorovic I.,49.0,93.0,1101.0,663.0,6.0,0.0,6.0,1.0,,,2.0,0.0,Completed,1.2,4.5,1.2,5.02,1.22,5.05,1.19,4.67
WTA,2019,43,New York,US Open,2019-08-26,Grand Slam,Outdoor,Hard,1st Round,3,Williams V.,Zheng S.,52.0,38.0,1072.0,1390.0,6.0,1.0,6.0,0.0,,,2.0,0.0,Completed,1.57,2.37,1.57,2.55,1.65,2.55,1.58,2.39
WTA,2019,43,New York,US Open,2019-08-26,Grand Slam,Outdoor,Hard,1st Round,3,Peng S.,Lepchenko V.,167.0,118.0,359.0,521.0,6.0,2.0,7.0,6.0,,,2.0,0.0,Completed,1.53,2.5,1.58,2.52,1.62,2.61,1.54,2.48
WTA,2019,43,New York,US Open,2019-08-26,Grand Slam,Outdoor,Hard,1st Round,3,Sakkari M.,Giorgi C.,29.0,48.0,1800.0,1104.0,6.0,1.0,6.0,0.0,,,2.0,0.0,Completed,1.5,2.62,1.5,2.75,1.54,2.75,1.49,2.64
WTA,2019,43,New York,US Open,2019-08-26,Grand Slam,Outdoor,Hard,1st Round,3,Svitolina E.,Osuigwe W.,5.0,109.0,4492.0,562.0,6.0,1.0,7.0,5.0,,,2.0,0.0,Completed,1.11,6.5,1.12,7.42,1.14,8.0,1.11,6.7
WTA,2019,43,New York,US Open,2019-08-26,Grand Slam,Outdoor,Hard,1st Round,3,Zhang S.,Golubic V.,34.0,75.0,1535.0,827.0,6.0,2.0,6.0,1.0,,,2.0,0.0,Completed,1.53,2.5,1.58,2.53,1.68,2.65,1.55,2.48
WTA,2019,43,New York,US Open,2019-08-26,Grand Slam,Outdoor,Hard,1st Round,3,Siegemund L.,Frech M.,90.0,221.0,675.0,259.0,5.0,7.0,6.0,3.0,6.0,4.0,2.0,1.0,Completed,1.9,1.9,1.85,2.05,1.95,2.05,1.87,1.94
WTA,2019,43,New York,US Open,2019-08-26,Grand Slam,Outdoor,Hard,1st Round,3,Kenin S.,Vandeweghe C.,20.0,469.0,2460.0,79.0,7.0,6.0,6.0,3.0,,,2.0,0.0,Completed,1.14,5.5,1.15,6.17,1.17,6.45,1.14,5.68
WTA,2019,43,New York,US Open,2019-08-26,Grand Slam,Outdoor,Hard,1st Round,3,Zhu L.,Wang Xin.,122.0,192.0,510.0,311.0,6.0,3.0,6.0,4.0,,,2.0,0.0,Completed,2.5,1.53,2.32,1.67,2.57,1.67,2.33,1.6
WTA,2019,43,New York,US Open,2019-08-26,Grand Slam,Outdoor,Hard,1st Round,3,Mcnally C.,Bacsinszky T.,121.0,89.0,513.0,694.0,6.0,4.0,6.0,1.0,,,2.0,0.0,Completed,1.4,3.0,1.39,3.21,1.43,3.4,1.37,3.11
WTA,2019,43,New York,US Open,2019-08-27,Grand Slam,Outdoor,Hard,1st Round,3,Williams S.,Sharapova M.,8.0,87.0,3935.0,696.0,6.0,1.0,6.0,1.0,,,2.0,0.0,Completed,1.2,4.5,1.22,4.81,1.27,4.85,1.21,4.43
WTA,2019,43,New York,US Open,2019-08-27,Grand Slam,Outdoor,Hard,1st Round,3,Wang Q.,Dolehide C.,18.0,214.0,2646.0,266.0,6.0,4.0,6.0,4.0,,,2.0,0.0,Completed,1.44,2.75,1.51,2.72,1.51,2.85,1.46,2.72
WTA,2019,43,New York,US Open,2019-08-27,Grand Slam,Outdoor,Hard,1st Round,3,Keys M.,Doi M.,9.0,108.0,3267.0,563.0,7.0,5.0,6.0,0.0,,,2.0,0.0,Completed,1.07,9.0,1.07,10.49,1.1,10.5,1.07,8.64
WTA,2019,43,New York,US Open,2019-08-27,Grand Slam,Outdoor,Hard,1st Round,3,Di Lorenzo F.,Kudermetova V.,125.0,51.0,492.0,1074.0,7.0,6.0,6.0,2.0,,,2.0,0.0,Completed,2.62,1.5,2.57,1.56,2.62,1.6,2.5,1.53
WTA,2019,43,New York,US Open,2019-08-27,Grand Slam,Outdoor,Hard,1st Round,3,Ostapenko J.,Krunic A.,77.0,97.0,820.0,635.0,6.0,3.0,7.0,6.0,,,2.0,0.0,Completed,1.44,2.75,1.52,2.71,1.52,3.03,1.46,2.72
WTA,2019,43,New York,US Open,2019-08-27,Grand Slam,Outdoor,Hard,1st Round,3,Bencic B.,Minella M.,12.0,142.0,2968.0,438.0,6.0,3.0,6.0,2.0,,,2.0,0.0,Completed,1.1,7.0,1.08,9.98,1.1,10.0,1.07,8.42
WTA,2019,43,New York,US Open,2019-08-27,Grand Slam,Outdoor,Hard,1st Round,3,Cornet A.,Pegula J.,64.0,58.0,935.0,1010.0,6.0,2.0,6.0,3.0,,,2.0,0.0,Completed,2.5,1.53,2.32,1.68,2.55,1.8,2.37,1.58
WTA,2019,43,New York,US Open,2019-08-27,Grand Slam,Outdoor,Hard,1st Round,3,Goerges J.,Vikhlyantseva N.,30.0,98.0,1785.0,630.0,1.0,6.0,6.0,1.0,7.0,6.0,2.0,1.0,Completed,1.36,3.2,1.39,3.21,1.4,3.38,1.35,3.19
WTA,2019,43,New York,US Open,2019-08-27,Grand Slam,Outdoor,Hard,1st Round,3,Petkovic A.,Buzarnescu M.,88.0,129.0,695.0,486.0,6.0,3.0,6.0,4.0,,,2.0,0.0,Completed,1.72,2.1,1.71,2.25,1.8,2.31,1.7,2.15
WTA,2019,43,New York,US Open,2019-08-27,Grand Slam,Outdoor,Hard,1st Round,3,Kvitova P.,Allertova D.,6.0,280.0,4386.0,196.0,6.0,2.0,6.0,4.0,,,2.0,0.0,Completed,1.12,6.0,1.15,6.4,1.15,7.45,1.12,6.22
WTA,2019,43,New York,US Open,2019-08-27,Grand Slam,Outdoor,Hard,1st Round,3,Riske A.,Muguruza G.,36.0,25.0,1507.0,1920.0,2.0,6.0,6.0,1.0,6.0,3.0,2.0,1.0,Completed,2.2,1.66,2.32,1.67,2.32,1.8,2.14,1.71
WTA,2019,43,New York,US Open,2019-08-27,Grand Slam,Outdoor,Hard,1st Round,3,Osaka N.,Blinkova A.,1.0,84.0,6606.0,706.0,6.0,4.0,6.0,7.0,6.0,2.0,2.0,1.0,Completed,1.25,4.0,1.25,4.35,1.27,4.4,1.23,4.16
WTA,2019,43,New York,US Open,2019-08-27,Grand Slam,Outdoor,Hard,1st Round,3,Linette M.,Sharma A.,53.0,1876.0,1053.0,1.0,6.0,3.0,6.0,4.0,,,2.0,0.0,Completed,1.53,2.5,1.49,2.8,1.72,2.8,1.5,2.59
WTA,2019,43,New York,US Open,2019-08-27,Grand Slam,Outdoor,Hard,1st Round,3,Bertens K.,Badosa P.,7.0,91.0,4325.0,670.0,6.0,4.0,6.0,2.0,,,2.0,0.0,Completed,1.11,6.5,1.14,6.43,1.15,7.0,1.12,6.15
WTA,2019,43,New York,US Open,2019-08-27,Grand Slam,Outdoor,Hard,1st Round,3,Andreescu B.,Volynets K.,15.0,413.0,2837.0,100.0,6.0,2.0,6.0,4.0,,,2.0,0.0,Completed,1.06,10.0,1.04,13.95,1.09,15.0,1.04,11.27
WTA,2019,43,New York,US Open,2019-08-27,Grand Slam,Outdoor,Hard,1st Round,3,Flipkens K.,Wang Xiy.,110.0,131.0,552.0,479.0,3.0,6.0,6.0,2.0,6.0,2.0,2.0,1.0,Completed,2.0,1.8,2.1,1.81,2.15,1.85,2.06,1.77
WTA,2019,43,New York,US Open,2019-08-27,Grand Slam,Outdoor,Hard,1st Round,3,Kanepi K.,Maria T.,82.0,79.0,734.0,796.0,5.0,7.0,7.0,6.0,6.0,3.0,2.0,1.0,Completed,1.36,3.2,1.34,3.56,1.38,3.56,1.33,3.34
WTA,2019,43,New York,US Open,2019-08-27,Grand Slam,Outdoor,Hard,1st Round,3,Collins D.,Hercog P.,35.0,57.0,1508.0,1029.0,6.0,3.0,4.0,6.0,6.0,4.0,2.0,1.0,Completed,1.57,2.37,1.7,2.27,1.7,2.45,1.62,2.3
WTA,2019,43,New York,US Open,2019-08-27,Grand Slam,Outdoor,Hard,1st Round,3,Pavlyuchenkova A.,Parmentier P.,45.0,81.0,1180.0,750.0,6.0,1.0,7.0,6.0,,,2.0,0.0,Completed,1.4,3.0,1.4,3.2,1.43,3.3,1.37,3.1
WTA,2019,43,New York,US Open,2019-08-27,Grand Slam,Outdoor,Hard,1st Round,3,Kontaveit A.,Sorribes Tormo S.,21.0,83.0,2380.0,730.0,6.0,1.0,6.0,1.0,,,2.0,0.0,Completed,1.16,5.0,1.14,6.61,1.21,6.75,1.14,5.7
WTA,2019,43,New York,US Open,2019-08-27,Grand Slam,Outdoor,Hard,1st Round,3,Townsend T.,Kozlova K.,116.0,76.0,530.0,821.0,3.0,6.0,6.0,3.0,6.0,2.0,2.0,1.0,Completed,1.4,3.0,1.4,3.18,1.45,3.2,1.4,2.95
WTA,2019,43,New York,US Open,2019-08-27,Grand Slam,Outdoor,Hard,1st Round,3,Halep S.,Gibbs N.,4.0,135.0,4743.0,459.0,6.0,3.0,3.0,6.0,6.0,2.0,2.0,1.0,Completed,1.04,13.0,1.06,11.74,1.07,13.0,1.05,10.35
WTA,2019,43,New York,US Open,2019-08-27,Grand Slam,Outdoor,Hard,1st Round,3,Wozniacki C.,Wang Yaf.,19.0,50.0,2537.0,1080.0,1.0,6.0,7.0,5.0,6.0,3.0,2.0,1.0,Completed,1.36,3.2,1.41,3.13,1.41,3.32,1.37,3.09
WTA,2019,43,New York,US Open,2019-08-27,Grand Slam,Outdoor,Hard,1st Round,3,Tomljanovic A.,Bouzkova M.,47.0,56.0,1105.0,1035.0,1.0,6.0,7.0,5.0,6.0,1.0,2.0,1.0,Completed,2.5,1.53,2.63,1.54,2.98,1.57,2.58,1.51
WTA,2019,43,New York,US Open,2019-08-27,Grand Slam,Outdoor,Hard,1st Round,3,Mertens E.,Teichmann J.,26.0,60.0,1920.0,990.0,6.0,2.0,6.0,2.0,,,2.0,0.0,Completed,1.28,3.75,1.29,3.97,1.32,4.05,1.27,3.81
WTA,2019,43,New York,US Open,2019-08-27,Grand Slam,Outdoor,Hard,1st Round,3,Gauff C.,Potapova A.,140.0,72.0,446.0,864.0,3.0,6.0,6.0,2.0,6.0,4.0,2.0,1.0,Completed,1.8,2.0,1.85,2.04,1.87,2.2,1.78,2.04
WTA,2019,43,New York,US Open,2019-08-27,Grand Slam,Outdoor,Hard,1st Round,3,Babos T.,Suarez Navarro C.,112.0,33.0,543.0,1562.0,6.0,2.0,,,,,1.0,0.0,Retired,2.3,1.61,2.5,1.59,2.55,1.66,2.4,1.58
WTA,2019,43,New York,US Open,2019-08-28,Grand Slam,Outdoor,Hard,1st Round,3,Ahn K.,Kuznetsova S.,141.0,63.0,440.0,936.0,7.0,5.0,6.0,2.0,,,2.0,0.0,Completed,5.0,1.16,5.25,1.19,5.5,1.2,4.98,1.18
WTA,2019,43,New York,US Open,2019-08-28,Grand Slam,Outdoor,Hard,1st Round,3,Cirstea S.,Siniakova K.,106.0,37.0,573.0,1460.0,7.0,5.0,6.0,2.0,,,2.0,0.0,Completed,4.33,1.22,4.4,1.25,4.5,1.29,4.13,1.24
WTA,2019,43,New York,US Open,2019-08-28,Grand Slam,Outdoor,Hard,1st Round,3,Pliskova Kr.,Parry D.,86.0,334.0,698.0,150.0,6.0,4.0,6.0,3.0,,,2.0,0.0,Completed,1.14,5.5,1.13,6.95,1.16,7.09,1.13,6.04
WTA,2019,43,New York,US Open,2019-08-28,Grand Slam,Outdoor,Hard,1st Round,3,Bolsova A.,Strycova B.,100.0,31.0,612.0,1750.0,6.0,3.0,0.0,6.0,6.0,1.0,2.0,1.0,Completed,4.0,1.25,4.18,1.27,5.3,1.27,4.02,1.25
WTA,2019,43,New York,US Open,2019-08-28,Grand Slam,Outdoor,Hard,1st Round,3,Vekic D.,Hogenkamp R.,23.0,207.0,2000.0,277.0,7.0,6.0,6.0,3.0,,,2.0,0.0,Completed,1.14,5.5,1.15,6.33,1.15,6.75,1.13,6.03
WTA,2019,43,New York,US Open,2019-08-28,Grand Slam,Outdoor,Hard,1st Round,3,Sabalenka A.,Azarenka V.,13.0,41.0,2955.0,1335.0,3.0,6.0,6.0,3.0,6.0,4.0,2.0,1.0,Completed,1.9,1.9,1.97,1.92,2.0,2.2,1.83,2.0
WTA,2019,43,New York,US Open,2019-08-28,Grand Slam,Outdoor,Hard,1st Round,3,Putintseva Y.,Brengle M.,39.0,78.0,1355.0,804.0,6.0,3.0,6.0,3.0,,,2.0,0.0,Completed,1.53,2.5,1.57,2.54,1.7,2.75,1.55,2.47
WTA,2019,43,New York,US Open,2019-08-28,Grand Slam,Outdoor,Hard,1st Round,3,Kalinskaya A.,Stephens S.,127.0,10.0,488.0,3189.0,6.0,3.0,6.0,4.0,,,2.0,0.0,Completed,3.2,1.36,3.55,1.34,3.55,1.39,3.25,1.34
WTA,2019,43,New York,US Open,2019-08-28,Grand Slam,Outdoor,Hard,2nd Round,3,Pliskova Ka.,Bolkvadze M.,3.0,202.0,6315.0,293.0,6.0,1.0,6.0,4.0,,,2.0,0.0,Completed,1.08,8.0,1.06,11.45,1.09,13.0,1.06,9.71
WTA,2019,43,New York,US Open,2019-08-28,Grand Slam,Outdoor,Hard,2nd Round,3,Svitolina E.,Williams V.,5.0,52.0,4492.0,1072.0,6.0,4.0,6.0,4.0,,,2.0,0.0,Completed,1.53,2.5,1.54,2.63,1.57,2.66,1.51,2.57
WTA,2019,43,New York,US Open,2019-08-28,Grand Slam,Outdoor,Hard,2nd Round,3,Keys M.,Zhu L.,9.0,122.0,3267.0,510.0,6.0,4.0,6.0,1.0,,,2.0,0.0,Completed,1.11,6.5,1.11,7.72,1.12,8.25,1.1,7.12
WTA,2019,43,New York,US Open,2019-08-29,Grand Slam,Outdoor,Hard,2nd Round,3,Barty A.,Davis L.,2.0,73.0,6501.0,859.0,6.0,2.0,7.0,6.0,,,2.0,0.0,Completed,1.14,5.5,1.15,6.32,1.16,7.0,1.13,6.02
WTA,2019,43,New York,US Open,2019-08-29,Grand Slam,Outdoor,Hard,2nd Round,3,Williams S.,Mcnally C.,8.0,121.0,3935.0,513.0,5.0,7.0,6.0,3.0,6.0,1.0,2.0,1.0,Completed,1.07,9.0,1.06,11.63,1.08,12.0,1.06,9.54
WTA,2019,43,New York,US Open,2019-08-29,Grand Slam,Outdoor,Hard,2nd Round,3,Jabeur O.,Sasnovich A.,62.0,46.0,955.0,1131.0,3.0,6.0,6.0,4.0,6.0,2.0,2.0,1.0,Completed,2.5,1.53,2.63,1.54,2.66,1.56,2.55,1.51
WTA,2019,43,New York,US Open,2019-08-29,Grand Slam,Outdoor,Hard,2nd Round,3,Kenin S.,Siegemund L.,20.0,90.0,2460.0,675.0,7.0,6.0,6.0,0.0,,,2.0,0.0,Completed,1.11,6.5,1.11,7.68,1.13,7.75,1.11,6.77
WTA,2019,43,New York,US Open,2019-08-29,Grand Slam,Outdoor,Hard,2nd Round,3,Martic P.,Bogdan A.,22.0,152.0,2067.0,403.0,6.0,2.0,6.0,4.0,,,2.0,0.0,Completed,1.4,3.0,1.46,2.91,1.46,3.0,1.42,2.87
WTA,2019,43,New York,US Open,2019-08-29,Grand Slam,Outdoor,Hard,2nd Round,3,Ferro F.,Mladenovic K.,74.0,54.0,857.0,1050.0,6.0,4.0,6.0,7.0,6.0,3.0,2.0,1.0,Completed,2.3,1.61,2.26,1.71,2.35,1.74,2.22,1.66
WTA,2019,43,New York,US Open,2019-08-29,Grand Slam,Outdoor,Hard,2nd Round,3,Muchova K.,Hsieh S.W.,44.0,28.0,1199.0,1830.0,6.0,1.0,4.0,6.0,7.0,6.0,2.0,1.0,Completed,1.53,2.5,1.54,2.64,1.56,2.66,1.52,2.54
WTA,2019,43,New York,US Open,2019-08-29,Grand Slam,Outdoor,Hard,2nd Round,3,Yastremska D.,Peterson R.,32.0,71.0,1679.0,865.0,6.0,4.0,6.0,1.0,,,2.0,0.0,Completed,1.61,2.3,1.63,2.41,1.68,2.42,1.61,2.32
WTA,2019,43,New York,US Open,2019-08-29,Grand Slam,Outdoor,Hard,2nd Round,3,Petkovic A.,Kvitova P.,88.0,6.0,695.0,4386.0,6.0,4.0,6.0,4.0,,,2.0,0.0,Completed,4.0,1.25,4.62,1.23,4.65,1.26,4.3,1.22
WTA,2019,43,New York,US Open,2019-08-29,Grand Slam,Outdoor,Hard,2nd Round,3,Sakkari M.,Peng S.,29.0,167.0,1800.0,359.0,6.0,7.0,6.0,4.0,6.0,2.0,2.0,1.0,Completed,1.2,4.5,1.23,4.65,1.25,4.65,1.22,4.34
WTA,2019,43,New York,US Open,2019-08-29,Grand Slam,Outdoor,Hard,2nd Round,3,Sevastova A.,Swiatek I.,11.0,49.0,3167.0,1101.0,3.0,6.0,6.0,1.0,6.0,3.0,2.0,1.0,Completed,1.9,1.9,1.94,1.94,1.95,2.0,1.9,1.9
WTA,2019,43,New York,US Open,2019-08-29,Grand Slam,Outdoor,Hard,2nd Round,3,Wang Q.,Van Uytvanck A.,18.0,68.0,2646.0,895.0,7.0,5.0,6.0,4.0,,,2.0,0.0,Completed,1.33,3.4,1.34,3.55,1.4,3.65,1.33,3.36
WTA,2019,43,New York,US Open,2019-08-29,Grand Slam,Outdoor,Hard,2nd Round,3,Osaka N.,Linette M.,1.0,53.0,6606.0,1053.0,6.0,2.0,6.0,4.0,,,2.0,0.0,Completed,1.33,3.4,1.4,3.18,1.42,3.5,1.35,3.22
WTA,2019,43,New York,US Open,2019-08-29,Grand Slam,Outdoor,Hard,2nd Round,3,Kontaveit A.,Tomljanovic A.,21.0,47.0,2380.0,1105.0,4.0,6.0,7.0,5.0,6.0,2.0,2.0,1.0,Completed,1.3,3.5,1.33,3.62,1.35,3.7,1.31,3.46
WTA,2019,43,New York,US Open,2019-08-29,Grand Slam,Outdoor,Hard,2nd Round,3,Konta J.,Gasparyan M.,16.0,61.0,2695.0,969.0,6.0,1.0,6.0,0.0,,,2.0,0.0,Completed,1.28,3.75,1.3,3.88,1.31,4.0,1.28,3.73
WTA,2019,43,New York,US Open,2019-08-29,Grand Slam,Outdoor,Hard,2nd Round,3,Zhang S.,Alexandrova E.,34.0,43.0,1535.0,1273.0,7.0,6.0,4.0,6.0,6.0,3.0,2.0,1.0,Completed,2.62,1.5,2.68,1.53,2.7,1.53,2.61,1.49
WTA,2019,43,New York,US Open,2019-08-29,Grand Slam,Outdoor,Hard,2nd Round,3,Mertens E.,Pliskova Kr.,26.0,86.0,1920.0,698.0,6.0,2.0,6.0,2.0,,,2.0,0.0,Completed,1.25,4.0,1.3,3.88,1.32,4.05,1.27,3.75
WTA,2019,43,New York,US Open,2019-08-29,Grand Slam,Outdoor,Hard,2nd Round,3,Andreescu B.,Flipkens K.,15.0,110.0,2837.0,552.0,6.0,3.0,7.0,5.0,,,2.0,0.0,Completed,1.12,6.0,1.15,6.34,1.15,6.6,1.13,5.93
WTA,2019,43,New York,US Open,2019-08-29,Grand Slam,Outdoor,Hard,2nd Round,3,Cirstea S.,Bolsova A.,106.0,100.0,573.0,612.0,3.0,6.0,6.0,4.0,6.0,2.0,2.0,1.0,Completed,1.72,2.1,1.8,2.12,1.8,2.2,1.75,2.08
WTA,2019,43,New York,US Open,2019-08-29,Grand Slam,Outdoor,Hard,2nd Round,3,Putintseva Y.,Sabalenka A.,39.0,13.0,1355.0,2955.0,6.0,3.0,7.0,6.0,,,2.0,0.0,Completed,3.0,1.4,3.06,1.42,3.1,1.43,2.95,1.4
WTA,2019,43,New York,US Open,2019-08-29,Grand Slam,Outdoor,Hard,2nd Round,3,Townsend T.,Halep S.,116.0,4.0,530.0,4743.0,2.0,6.0,6.0,3.0,7.0,6.0,2.0,1.0,Completed,6.5,1.11,6.73,1.14,7.45,1.14,6.52,1.12
WTA,2019,43,New York,US Open,2019-08-29,Grand Slam,Outdoor,Hard,2nd Round,3,Bencic B.,Cornet A.,12.0,64.0,2968.0,935.0,6.0,4.0,1.0,6.0,6.0,2.0,2.0,1.0,Completed,1.36,3.2,1.41,3.13,1.44,3.2,1.39,3.0
WTA,2019,43,New York,US Open,2019-08-29,Grand Slam,Outdoor,Hard,2nd Round,3,Ostapenko J.,Riske A.,77.0,36.0,820.0,1507.0,6.0,4.0,6.0,3.0,,,2.0,0.0,Completed,3.0,1.4,2.98,1.44,3.0,1.47,2.83,1.43
WTA,2019,43,New York,US Open,2019-08-29,Grand Slam,Outdoor,Hard,2nd Round,3,Bertens K.,Pavlyuchenkova A.,7.0,45.0,4325.0,1180.0,7.0,5.0,6.0,4.0,,,2.0,0.0,Completed,1.3,3.5,1.34,3.52,1.36,3.6,1.32,3.41
WTA,2019,43,New York,US Open,2019-08-29,Grand Slam,Outdoor,Hard,2nd Round,3,Goerges J.,Di Lorenzo F.,30.0,125.0,1785.0,492.0,7.0,5.0,6.0,0.0,,,2.0,0.0,Completed,1.4,3.0,1.41,3.13,1.43,3.25,1.39,3.02
WTA,2019,43,New York,US Open,2019-08-29,Grand Slam,Outdoor,Hard,2nd Round,3,Ahn K.,Kalinskaya A.,141.0,127.0,440.0,488.0,6.0,2.0,6.0,3.0,,,2.0,0.0,Completed,2.3,1.61,2.35,1.65,2.4,1.71,2.26,1.64
WTA,2019,43,New York,US Open,2019-08-29,Grand Slam,Outdoor,Hard,2nd Round,3,Vekic D.,Kanepi K.,23.0,82.0,2000.0,734.0,7.0,5.0,6.0,3.0,,,2.0,0.0,Completed,1.4,3.0,1.48,2.84,1.48,3.05,1.42,2.86
WTA,2019,43,New York,US Open,2019-08-30,Grand Slam,Outdoor,Hard,2nd Round,3,Gauff C.,Babos T.,140.0,112.0,446.0,543.0,6.0,2.0,4.0,6.0,6.0,4.0,2.0,1.0,Completed,1.61,2.3,1.73,2.21,1.73,2.38,1.64,2.25
WTA,2019,43,New York,US Open,2019-08-30,Grand Slam,Outdoor,Hard,2nd Round,3,Wozniacki C.,Collins D.,19.0,35.0,2537.0,1508.0,4.0,6.0,6.0,3.0,6.0,4.0,2.0,1.0,Completed,1.61,2.3,1.61,2.44,1.67,2.45,1.6,2.32
WTA,2019,43,New York,US Open,2019-08-30,Grand Slam,Outdoor,Hard,3rd Round,3,Pliskova Ka.,Jabeur O.,3.0,62.0,6315.0,955.0,6.0,1.0,4.0,6.0,6.0,4.0,2.0,1.0,Completed,1.22,4.33,1.24,4.46,1.26,4.5,1.23,4.17
WTA,2019,43,New York,US Open,2019-08-30,Grand Slam,Outdoor,Hard,3rd Round,3,Martic P.,Sevastova A.,22.0,11.0,2067.0,3167.0,6.0,4.0,6.0,3.0,,,2.0,0.0,Completed,2.1,1.72,2.21,1.73,2.21,1.91,2.11,1.73
WTA,2019,43,New York,US Open,2019-08-30,Grand Slam,Outdoor,Hard,3rd Round,3,Barty A.,Sakkari M.,2.0,29.0,6501.0,1800.0,7.0,5.0,6.0,3.0,,,2.0,0.0,Completed,1.33,3.4,1.29,3.91,1.34,3.91,1.31,3.46
WTA,2019,43,New York,US Open,2019-08-30,Grand Slam,Outdoor,Hard,3rd Round,3,Williams S.,Muchova K.,8.0,44.0,3935.0,1199.0,6.0,3.0,6.0,2.0,,,2.0,0.0,Completed,1.2,4.5,1.25,4.31,1.25,5.0,1.21,4.38
WTA,2019,43,New York,US Open,2019-08-30,Grand Slam,Outdoor,Hard,3rd Round,3,Konta J.,Zhang S.,16.0,34.0,2695.0,1535.0,6.0,2.0,6.0,3.0,,,2.0,0.0,Completed,1.28,3.75,1.29,3.93,1.33,3.93,1.3,3.56
WTA,2019,43,New York,US Open,2019-08-30,Grand Slam,Outdoor,Hard,3rd Round,3,Wang Q.,Ferro F.,18.0,74.0,2646.0,857.0,7.0,6.0,6.0,3.0,,,2.0,0.0,Completed,1.28,3.75,1.28,4.03,1.4,4.03,1.29,3.67
WTA,2019,43,New York,US Open,2019-08-31,Grand Slam,Outdoor,Hard,3rd Round,3,Keys M.,Kenin S.,9.0,20.0,3267.0,2460.0,6.0,3.0,7.0,5.0,,,2.0,0.0,Completed,1.53,2.5,1.6,2.48,1.66,2.53,1.57,2.42
WTA,2019,43,New York,US Open,2019-08-31,Grand Slam,Outdoor,Hard,3rd Round,3,Svitolina E.,Yastremska D.,5.0,32.0,4492.0,1679.0,6.0,2.0,6.0,0.0,,,2.0,0.0,Completed,1.53,2.5,1.6,2.48,1.61,2.62,1.55,2.46
WTA,2019,43,New York,US Open,2019-08-31,Grand Slam,Outdoor,Hard,3rd Round,3,Bencic B.,Kontaveit A.,12.0,21.0,2968.0,2380.0,,,,,,,,,Walkover,1.9,1.9,1.91,1.98,1.95,2.1,1.87,1.94
WTA,2019,43,New York,US Open,2019-08-31,Grand Slam,Outdoor,Hard,3rd Round,3,Townsend T.,Cirstea S.,116.0,106.0,530.0,573.0,7.0,5.0,6.0,2.0,,,2.0,0.0,Completed,1.44,2.75,1.44,2.97,1.5,3.0,1.44,2.78
WTA,2019,43,New York,US Open,2019-08-31,Grand Slam,Outdoor,Hard,3rd Round,3,Mertens E.,Petkovic A.,26.0,88.0,1920.0,695.0,6.0,3.0,6.0,3.0,,,2.0,0.0,Completed,1.3,3.5,1.32,3.71,1.37,3.71,1.31,3.46
WTA,2019,43,New York,US Open,2019-08-31,Grand Slam,Outdoor,Hard,3rd Round,3,Andreescu B.,Wozniacki C.,15.0,19.0,2837.0,2537.0,6.0,4.0,6.0,4.0,,,2.0,0.0,Completed,1.5,2.62,1.47,2.85,1.52,2.85,1.47,2.68
WTA,2019,43,New York,US Open,2019-08-31,Grand Slam,Outdoor,Hard,3rd Round,3,Ahn K.,Ostapenko J.,141.0,77.0,440.0,820.0,6.0,3.0,7.0,5.0,,,2.0,0.0,Completed,2.37,1.57,2.21,1.73,2.47,1.73,2.31,1.62
WTA,2019,43,New York,US Open,2019-08-31,Grand Slam,Outdoor,Hard,3rd Round,3,Vekic D.,Putintseva Y.,23.0,39.0,2000.0,1355.0,6.0,4.0,6.0,1.0,,,2.0,0.0,Completed,1.36,3.2,1.34,3.54,1.41,3.54,1.37,3.1
WTA,2019,43,New York,US Open,2019-08-31,Grand Slam,Outdoor,Hard,3rd Round,3,Goerges J.,Bertens K.,30.0,7.0,1785.0,4325.0,6.0,2.0,6.0,3.0,,,2.0,0.0,Completed,2.62,1.5,2.77,1.5,2.8,1.54,2.64,1.49
WTA,2019,43,New York,US Open,2019-09-01,Grand Slam,Outdoor,Hard,3rd Round,3,Osaka N.,Gauff C.,1.0,140.0,6606.0,446.0,6.0,3.0,6.0,0.0,,,2.0,0.0,Completed,1.25,4.0,1.25,4.42,1.35,4.47,1.24,4.06
WTA,2019,43,New York,US Open,2019-09-01,Grand Slam,Outdoor,Hard,4th Round,3,Wang Q.,Barty A.,18.0,2.0,2646.0,6501.0,6.0,2.0,6.0,4.0,,,2.0,0.0,Completed,4.0,1.25,4.02,1.29,4.2,1.3,3.91,1.26
WTA,2019,43,New York,US Open,2019-09-01,Grand Slam,Outdoor,Hard,4th Round,3,Konta J.,Pliskova Ka.,16.0,3.0,2695.0,6315.0,6.0,7.0,6.0,3.0,7.0,5.0,2.0,1.0,Completed,2.37,1.57,2.75,1.51,2.8,1.6,2.55,1.52
WTA,2019,43,New York,US Open,2019-09-01,Grand Slam,Outdoor,Hard,4th Round,3,Williams S.,Martic P.,8.0,22.0,3935.0,2067.0,6.0,3.0,6.0,4.0,,,2.0,0.0,Completed,1.16,5.0,1.18,5.62,1.19,6.1,1.16,5.21
WTA,2019,43,New York,US Open,2019-09-02,Grand Slam,Outdoor,Hard,4th Round,3,Svitolina E.,Keys M.,5.0,9.0,4492.0,3267.0,7.0,5.0,6.0,4.0,,,2.0,0.0,Completed,2.1,1.72,2.06,1.85,2.16,1.85,2.07,1.76
WTA,2019,43,New York,US Open,2019-09-02,Grand Slam,Outdoor,Hard,4th Round,3,Vekic D.,Goerges J.,23.0,30.0,2000.0,1785.0,6.0,7.0,7.0,5.0,6.0,3.0,2.0,1.0,Completed,1.8,2.0,1.88,2.02,1.9,2.12,1.81,2.0
WTA,2019,43,New York,US Open,2019-09-02,Grand Slam,Outdoor,Hard,4th Round,3,Bencic B.,Osaka N.,12.0,1.0,2968.0,6606.0,7.0,5.0,6.0,4.0,,,2.0,0.0,Completed,2.75,1.44,2.72,1.52,2.82,1.53,2.7,1.47
WTA,2019,43,New York,US Open,2019-09-02,Grand Slam,Outdoor,Hard,4th Round,3,Mertens E.,Ahn K.,26.0,141.0,1920.0,440.0,6.0,1.0,6.0,1.0,,,2.0,0.0,Completed,1.3,3.5,1.3,3.91,1.33,4.05,1.3,3.6
WTA,2019,43,New York,US Open,2019-09-03,Grand Slam,Outdoor,Hard,4th Round,3,Andreescu B.,Townsend T.,15.0,116.0,2837.0,530.0,6.0,1.0,4.0,6.0,6.0,2.0,2.0,1.0,Completed,1.22,4.33,1.25,4.42,1.26,4.55,1.23,4.21
WTA,2019,43,New York,US Open,2019-09-03,Grand Slam,Outdoor,Hard,Quarterfinals,3,Svitolina E.,Konta J.,5.0,16.0,4492.0,2695.0,6.0,4.0,6.0,4.0,,,2.0,0.0,Completed,1.44,2.75,1.53,2.69,1.55,2.99,1.47,2.72
WTA,2019,43,New York,US Open,2019-09-04,Grand Slam,Outdoor,Hard,Quarterfinals,3,Williams S.,Wang Q.,8.0,18.0,3935.0,2646.0,6.0,1.0,6.0,0.0,,,2.0,0.0,Completed,1.2,4.5,1.22,4.89,1.25,5.0,1.21,4.54
WTA,2019,43,New York,US Open,2019-09-04,Grand Slam,Outdoor,Hard,Quarterfinals,3,Bencic B.,Vekic D.,12.0,23.0,2968.0,2000.0,7.0,6.0,6.0,3.0,,,2.0,0.0,Completed,1.57,2.37,1.61,2.49,1.65,2.51,1.58,2.42
WTA,2019,43,New York,US Open,2019-09-05,Grand Slam,Outdoor,Hard,Quarterfinals,3,Andreescu B.,Mertens E.,15.0,26.0,2837.0,1920.0,3.0,6.0,6.0,2.0,6.0,3.0,2.0,1.0,Completed,1.5,2.62,1.56,2.62,1.57,2.71,1.52,2.58
WTA,2019,43,New York,US Open,2019-09-06,Grand Slam,Outdoor,Hard,Semifinals,3,Williams S.,Svitolina E.,8.0,5.0,3935.0,4492.0,6.0,3.0,6.0,1.0,,,2.0,0.0,Completed,1.33,3.4,1.37,3.42,1.38,3.58,1.33,3.37
WTA,2019,43,New York,US Open,2019-09-06,Grand Slam,Outdoor,Hard,Semifinals,3,Andreescu B.,Bencic B.,15.0,12.0,2837.0,2968.0,7.0,6.0,7.0,5.0,,,2.0,0.0,Completed,1.66,2.2,1.81,2.14,1.81,2.25,1.71,2.17
WTA,2019,43,New York,US Open,2019-09-07,Grand Slam,Outdoor,Hard,The Final,3,Andreescu B.,Williams S.,15.0,8.0,2837.0,3935.0,6.0,3.0,7.0,5.0,,,2.0,0.0,Completed,3.4,1.33,3.59,1.35,3.8,1.4,3.4,1.34
