Tour,Year,WTA,Location,Tournament,Date,Tier,Court,Surface,Round,Best of,Winner,Loser,WRank,LRank,WPts,LPts,W1,L1,W2,L2,W3,L3,Wsets,Lsets,Comment,B365W,B365L,EXW,EXL,LBW,LBL,PSW,PSL,SJW,SJL,MaxW,MaxL,AvgW,AvgL
WTA,2013,6,Melbourne,Australian Open,2013-01-14,Grand Slam,Outdoor,Hard,1st Round,3,Goerges J.,Dushevina V.,18.0,147.0,1965.0,461.0,7.0,5.0,2.0,6.0,6.0,4.0,2.0,1.0,Completed,1.33,3.25,1.35,3.1,1.36,3.0,1.42,3.14,1.36,3.0,1.42,3.75,1.34,3.16
WTA,2013,6,Melbourne,Australian Open,2013-01-14,Grand Slam,Outdoor,Hard,1st Round,3,Pliskova Kr.,Jones S.,106.0,183.0,654.0,340.0,6.0,3.0,6.0,2.0,,,2.0,0.0,Completed,1.66,2.1,1.75,2.05,1.67,2.1,1.91,2.0,1.73,2.1,1.91,2.25,1.72,2.05
WTA,2013,6,Melbourne,Australian Open,2013-01-14,Grand Slam,Outdoor,Hard,1st Round,3,Sharapova M.,Puchkova O.,2.0,107.0,10045.0,646.0,6.0,0.0,6.0,0.0,,,2.0,0.0,Completed,1.01,23.0,1.02,15.0,1.02,13.0,1.02,22.73,1.02,13.0,1.03,29.0,1.02,15.99
WTA,2013,6,Melbourne,Australian Open,2013-01-14,Grand Slam,Outdoor,Hard,1st Round,3,Li N.,Karatantcheva S.,6.0,113.0,5135.0,610.0,6.0,1.0,6.0,3.0,,,2.0,0.0,Completed,1.04,13.0,1.03,12.0,1.03,11.0,1.03,17.5,1.04,10.0,1.05,17.5,1.03,11.87
WTA,2013,6,Melbourne,Australian Open,2013-01-14,Grand Slam,Outdoor,Hard,1st Round,3,Oprandi R.,Pironkova T.,61.0,37.0,1021.0,1380.0,4.0,6.0,7.0,5.0,6.0,2.0,2.0,1.0,Completed,2.5,1.5,2.4,1.55,2.38,1.53,2.52,1.59,2.38,1.57,2.65,1.59,2.45,1.53
WTA,2013,6,Melbourne,Australian Open,2013-01-14,Grand Slam,Outdoor,Hard,1st Round,3,Govortsova O.,Parmentier P.,58.0,67.0,1074.0,950.0,2.0,6.0,6.0,3.0,6.0,2.0,2.0,1.0,Completed,1.53,2.37,1.65,2.2,1.62,2.2,1.61,2.47,1.73,2.1,1.73,2.55,1.61,2.26
WTA,2013,6,Melbourne,Australian Open,2013-01-14,Grand Slam,Outdoor,Hard,1st Round,3,Cirstea S.,Vandeweghe C.,29.0,99.0,1565.0,681.0,6.0,4.0,6.0,2.0,,,2.0,0.0,Completed,1.72,2.0,1.85,1.92,1.73,2.0,1.78,2.16,1.73,2.1,1.85,2.22,1.74,2.03
WTA,2013,6,Melbourne,Australian Open,2013-01-14,Grand Slam,Outdoor,Hard,1st Round,3,Williams V.,Voskoboeva G.,26.0,80.0,1650.0,796.0,6.0,1.0,6.0,0.0,,,2.0,0.0,Completed,1.2,4.33,1.2,4.4,1.17,4.5,1.24,4.54,1.17,5.0,1.25,5.0,1.2,4.37
WTA,2013,6,Melbourne,Australian Open,2013-01-14,Grand Slam,Outdoor,Hard,1st Round,3,Stosur S.,Chang K.C.,9.0,86.0,4135.0,766.0,7.0,6.0,6.0,3.0,,,2.0,0.0,Completed,1.25,3.75,1.28,3.6,1.29,3.75,1.26,4.34,1.29,3.5,1.31,4.8,1.26,3.79
WTA,2013,6,Melbourne,Australian Open,2013-01-14,Grand Slam,Outdoor,Hard,1st Round,3,Radwanska A.,Bobusic B.,4.0,307.0,7750.0,152.0,7.0,5.0,6.0,0.0,,,2.0,0.0,Completed,1.002,29.0,1.01,20.0,1.02,15.0,1.01,16.0,1.01,15.0,1.02,34.0,1.01,18.57
WTA,2013,6,Melbourne,Australian Open,2013-01-14,Grand Slam,Outdoor,Hard,1st Round,3,Cornet A.,Erakovic M.,41.0,68.0,1325.0,940.0,7.0,5.0,6.0,7.0,10.0,8.0,2.0,1.0,Completed,2.0,1.72,2.0,1.78,2.0,1.73,2.0,1.91,2.0,1.8,2.08,1.91,1.98,1.78
WTA,2013,6,Melbourne,Australian Open,2013-01-14,Grand Slam,Outdoor,Hard,1st Round,3,Makarova E.,Larcherde Brito M.,19.0,131.0,1881.0,537.0,6.0,2.0,7.0,5.0,,,2.0,0.0,Completed,1.12,6.0,1.16,5.0,1.14,5.0,1.15,6.38,1.17,5.0,1.18,6.38,1.15,5.25
WTA,2013,6,Melbourne,Australian Open,2013-01-14,Grand Slam,Outdoor,Hard,1st Round,3,Flipkens K.,Bratchikova N.,43.0,87.0,1268.0,748.0,6.0,4.0,6.0,3.0,,,2.0,0.0,Completed,1.16,5.0,1.2,4.4,1.22,4.0,1.21,5.04,1.2,4.5,1.22,5.5,1.19,4.52
WTA,2013,6,Melbourne,Australian Open,2013-01-14,Grand Slam,Outdoor,Hard,1st Round,3,Doi M.,Martic P.,92.0,62.0,711.0,1016.0,6.0,3.0,6.0,4.0,,,2.0,0.0,Completed,1.61,2.2,1.65,2.2,1.62,2.2,1.64,2.42,1.62,2.2,1.73,2.42,1.63,2.24
WTA,2013,6,Melbourne,Australian Open,2013-01-14,Grand Slam,Outdoor,Hard,1st Round,3,Zakopalova K.,Scheepers C.,22.0,65.0,1705.0,995.0,6.0,1.0,6.0,2.0,,,2.0,0.0,Completed,1.5,2.5,1.55,2.4,1.5,2.5,1.54,2.66,1.57,2.38,1.58,2.8,1.52,2.48
WTA,2013,6,Melbourne,Australian Open,2013-01-14,Grand Slam,Outdoor,Hard,1st Round,3,Jankovic J.,Larsson J.,21.0,69.0,1751.0,900.0,6.0,2.0,6.0,2.0,,,2.0,0.0,Completed,1.28,3.5,1.35,3.15,1.29,3.5,1.38,3.31,1.33,3.25,1.38,3.95,1.31,3.38
WTA,2013,6,Melbourne,Australian Open,2013-01-14,Grand Slam,Outdoor,Hard,1st Round,3,Koehler M.J.,Knapp K.,129.0,124.0,546.0,573.0,3.0,6.0,6.0,3.0,6.0,3.0,2.0,1.0,Completed,1.83,1.83,2.0,1.78,2.0,1.73,1.92,1.99,2.0,1.8,2.02,1.99,1.91,1.84
WTA,2013,6,Melbourne,Australian Open,2013-01-14,Grand Slam,Outdoor,Hard,1st Round,3,Paszek T.,Voegele S.,30.0,89.0,1523.0,732.0,4.0,6.0,6.0,4.0,7.0,5.0,2.0,1.0,Completed,2.25,1.57,2.2,1.65,2.1,1.67,2.43,1.63,2.25,1.62,2.45,1.7,2.23,1.63
WTA,2013,6,Melbourne,Australian Open,2013-01-14,Grand Slam,Outdoor,Hard,1st Round,3,Zheng J.,Zhang Y.,40.0,356.0,1365.0,118.0,6.0,1.0,3.0,6.0,6.0,4.0,2.0,1.0,Completed,1.12,6.0,1.13,5.75,1.14,5.0,1.15,6.34,1.17,5.0,1.18,6.34,1.14,5.4
WTA,2013,6,Melbourne,Australian Open,2013-01-14,Grand Slam,Outdoor,Hard,1st Round,3,Begu I.,Rus A.,55.0,70.0,1130.0,871.0,6.0,4.0,6.0,2.0,,,2.0,0.0,Completed,1.33,3.25,1.4,2.9,1.4,2.75,1.49,2.84,1.44,2.75,1.5,3.35,1.41,2.89
WTA,2013,6,Melbourne,Australian Open,2013-01-14,Grand Slam,Outdoor,Hard,1st Round,3,Dolonc V.,Rogowska O.,20.0,117.0,1750.0,590.0,5.0,7.0,7.0,5.0,8.0,6.0,2.0,1.0,Completed,1.16,5.0,1.23,4.0,1.22,4.0,1.19,5.39,1.25,3.75,1.25,5.39,1.2,4.45
WTA,2013,6,Melbourne,Australian Open,2013-01-14,Grand Slam,Outdoor,Hard,1st Round,3,Kerber A.,Svitolina E.,5.0,127.0,5575.0,558.0,6.0,2.0,6.0,4.0,,,2.0,0.0,Completed,1.07,9.0,1.07,8.0,1.06,8.5,1.09,9.16,1.07,8.0,1.11,10.5,1.08,8.05
WTA,2013,6,Melbourne,Australian Open,2013-01-14,Grand Slam,Outdoor,Hard,1st Round,3,Bartoli M.,Medina Garrigues A.,11.0,52.0,3740.0,1160.0,6.0,2.0,6.0,4.0,,,2.0,0.0,Completed,1.4,2.75,1.35,3.15,1.36,3.0,1.34,3.56,1.33,3.25,1.44,3.7,1.36,3.11
WTA,2013,6,Melbourne,Australian Open,2013-01-14,Grand Slam,Outdoor,Hard,1st Round,3,Savinykh V.,Minella M.,159.0,78.0,419.0,815.0,7.0,6.0,6.0,1.0,,,2.0,0.0,Completed,1.8,1.9,1.85,1.92,1.83,1.83,1.86,2.05,1.9,1.9,1.92,2.05,1.83,1.91
WTA,2013,6,Melbourne,Australian Open,2013-01-14,Grand Slam,Outdoor,Hard,1st Round,3,Cibulkova D.,Barty A.,14.0,174.0,2695.0,369.0,3.0,6.0,6.0,0.0,6.0,1.0,2.0,1.0,Completed,1.18,4.5,1.16,5.0,1.2,4.5,1.19,5.4,1.2,4.5,1.22,6.0,1.18,4.83
WTA,2013,6,Melbourne,Australian Open,2013-01-14,Grand Slam,Outdoor,Hard,1st Round,3,Hradecka L.,Bertens K.,51.0,60.0,1162.0,1025.0,6.0,2.0,7.0,6.0,,,2.0,0.0,Completed,2.2,1.61,2.2,1.65,2.2,1.62,2.35,1.67,2.2,1.67,2.62,1.67,2.26,1.61
WTA,2013,6,Melbourne,Australian Open,2013-01-14,Grand Slam,Outdoor,Hard,1st Round,3,Watson H.,Cadantu A.,50.0,91.0,1171.0,718.0,2.0,6.0,6.0,3.0,6.0,2.0,2.0,1.0,Completed,1.11,6.5,1.13,5.75,1.14,5.0,1.17,5.98,1.14,5.5,1.18,7.1,1.13,5.82
WTA,2013,6,Melbourne,Australian Open,2013-01-14,Grand Slam,Outdoor,Hard,1st Round,3,Foretz S.,Giorgi C.,101.0,74.0,673.0,842.0,6.0,2.0,6.0,3.0,,,2.0,0.0,Completed,3.25,1.33,3.09,1.36,3.0,1.36,3.75,1.32,2.63,1.5,3.75,1.5,3.14,1.35
WTA,2013,6,Melbourne,Australian Open,2013-01-14,Grand Slam,Outdoor,Hard,1st Round,3,Chan Y.J.,Hantuchova D.,118.0,44.0,582.0,1220.0,6.0,1.0,1.0,6.0,6.0,1.0,2.0,1.0,Completed,2.62,1.44,2.55,1.5,2.62,1.44,2.58,1.57,2.5,1.53,2.9,1.57,2.56,1.5
WTA,2013,6,Melbourne,Australian Open,2013-01-14,Grand Slam,Outdoor,Hard,1st Round,3,Pervak K.,Barthel M.,82.0,38.0,791.0,1380.0,7.0,5.0,2.0,6.0,6.0,4.0,2.0,1.0,Completed,2.75,1.4,2.9,1.4,2.75,1.4,3.01,1.44,3.0,1.36,3.35,1.45,2.88,1.4
WTA,2013,6,Melbourne,Australian Open,2013-01-14,Grand Slam,Outdoor,Hard,1st Round,3,Keys M.,Dellacqua C.,105.0,102.0,656.0,662.0,6.0,4.0,7.0,6.0,,,2.0,0.0,Completed,1.18,4.5,1.2,4.4,1.22,4.0,1.2,5.3,1.17,4.5,1.24,5.7,1.19,4.57
WTA,2013,6,Melbourne,Australian Open,2013-01-14,Grand Slam,Outdoor,Hard,1st Round,3,Ivanovic A.,Czink M.,13.0,97.0,2841.0,687.0,6.0,2.0,6.0,1.0,,,2.0,0.0,Completed,1.05,11.0,1.07,8.0,1.08,7.5,1.06,11.75,1.07,8.0,1.1,13.0,1.07,8.75
WTA,2013,6,Melbourne,Australian Open,2013-01-15,Grand Slam,Outdoor,Hard,1st Round,3,Vesnina E.,Garcia C.,47.0,163.0,1181.0,416.0,3.0,6.0,6.0,3.0,6.0,1.0,2.0,1.0,Completed,1.1,7.0,1.1,6.5,1.11,6.0,1.07,11.25,1.14,5.5,1.14,11.25,1.09,7.14
WTA,2013,6,Melbourne,Australian Open,2013-01-15,Grand Slam,Outdoor,Hard,1st Round,3,Kuznetsova S.,Dominguez Lino L.,75.0,46.0,833.0,1181.0,6.0,2.0,6.0,1.0,,,2.0,0.0,Completed,1.18,4.5,1.2,4.4,1.2,4.33,1.19,5.45,1.22,4.0,1.22,6.3,1.18,4.64
WTA,2013,6,Melbourne,Australian Open,2013-01-15,Grand Slam,Outdoor,Hard,1st Round,3,Peng S.,Marino R.,32.0,426.0,1450.0,84.0,6.0,3.0,6.0,0.0,,,2.0,0.0,Completed,1.16,5.0,1.16,5.0,1.17,4.5,1.18,5.68,1.22,4.0,1.22,5.9,1.17,4.94
WTA,2013,6,Melbourne,Australian Open,2013-01-15,Grand Slam,Outdoor,Hard,1st Round,3,Peer S.,Panova A.,90.0,93.0,722.0,711.0,6.0,4.0,1.0,6.0,6.0,3.0,2.0,1.0,Completed,2.2,1.61,2.2,1.65,2.0,1.73,2.13,1.8,2.1,1.73,2.2,1.8,2.12,1.69
WTA,2013,6,Melbourne,Australian Open,2013-01-15,Grand Slam,Outdoor,Hard,1st Round,3,Date Krumm K.,Petrova N.,100.0,12.0,675.0,3040.0,6.0,2.0,6.0,0.0,,,2.0,0.0,Completed,3.75,1.25,3.6,1.28,4.0,1.22,3.85,1.31,4.0,1.22,4.95,1.32,3.68,1.27
WTA,2013,6,Melbourne,Australian Open,2013-01-15,Grand Slam,Outdoor,Hard,1st Round,3,Wozniacki C.,Lisicki S.,10.0,36.0,3765.0,1414.0,2.0,6.0,6.0,3.0,6.0,3.0,2.0,1.0,Completed,1.44,2.62,1.45,2.7,1.44,2.75,1.42,3.14,1.53,2.5,1.53,3.14,1.44,2.71
WTA,2013,6,Melbourne,Australian Open,2013-01-15,Grand Slam,Outdoor,Hard,1st Round,3,Hsieh S.W.,Arruabarrena-Vecino L.,27.0,77.0,1636.0,819.0,7.0,6.0,6.0,2.0,,,2.0,0.0,Completed,1.25,3.75,1.3,3.45,1.3,3.4,1.37,3.31,1.33,3.25,1.37,3.95,1.29,3.45
WTA,2013,6,Melbourne,Australian Open,2013-01-15,Grand Slam,Outdoor,Hard,1st Round,3,Kirilenko M.,King V.,15.0,76.0,2570.0,820.0,6.0,4.0,6.0,2.0,,,2.0,0.0,Completed,1.25,3.75,1.3,3.4,1.29,3.5,1.32,3.77,1.29,3.5,1.33,4.4,1.29,3.51
WTA,2013,6,Melbourne,Australian Open,2013-01-15,Grand Slam,Outdoor,Hard,1st Round,3,Suarez Navarro C.,Errani S.,33.0,7.0,1450.0,5100.0,6.0,4.0,6.0,4.0,,,2.0,0.0,Completed,7.0,1.1,5.75,1.13,6.0,1.12,8.36,1.11,5.5,1.14,8.7,1.14,6.42,1.11
WTA,2013,6,Melbourne,Australian Open,2013-01-15,Grand Slam,Outdoor,Hard,1st Round,3,Lepchenko V.,Hercog P.,20.0,79.0,1835.0,805.0,6.0,4.0,6.0,1.0,,,2.0,0.0,Completed,1.4,2.75,1.45,2.7,1.36,3.0,1.38,3.31,1.4,2.88,1.45,3.31,1.4,2.89
WTA,2013,6,Melbourne,Australian Open,2013-01-15,Grand Slam,Outdoor,Hard,1st Round,3,Kvitova P.,Schiavone F.,8.0,48.0,5085.0,1178.0,6.0,4.0,2.0,6.0,6.0,2.0,2.0,1.0,Completed,1.28,3.5,1.3,3.4,1.29,3.75,1.28,4.1,1.22,4.0,1.35,4.1,1.28,3.58
WTA,2013,6,Melbourne,Australian Open,2013-01-15,Grand Slam,Outdoor,Hard,1st Round,3,Vinci R.,Soler Espinosa S.,16.0,83.0,2525.0,790.0,6.0,3.0,7.0,5.0,,,2.0,0.0,Completed,1.1,7.0,1.1,6.5,1.1,6.5,1.13,7.57,1.13,6.0,1.13,7.6,1.11,6.49
WTA,2013,6,Melbourne,Australian Open,2013-01-15,Grand Slam,Outdoor,Hard,1st Round,3,Azarenka V.,Niculescu M.,1.0,49.0,10325.0,1175.0,6.0,1.0,6.0,4.0,,,2.0,0.0,Completed,1.02,17.0,1.03,12.0,1.02,13.0,1.03,19.26,1.02,10.0,1.04,23.0,1.02,14.5
WTA,2013,6,Melbourne,Australian Open,2013-01-15,Grand Slam,Outdoor,Hard,1st Round,3,Putintseva Y.,Mchale C.,122.0,35.0,578.0,1422.0,6.0,1.0,6.0,7.0,6.0,2.0,2.0,1.0,Completed,2.5,1.5,2.55,1.5,2.38,1.53,2.62,1.56,2.5,1.5,2.65,1.59,2.49,1.52
WTA,2013,6,Melbourne,Australian Open,2013-01-15,Grand Slam,Outdoor,Hard,1st Round,3,Williams S.,Gallovits E.,3.0,110.0,9750.0,623.0,6.0,0.0,6.0,0.0,,,2.0,0.0,Completed,1.0,41.0,1.01,20.0,1.0,34.0,1.01,41.0,1.01,15.0,1.02,91.0,1.01,27.4
WTA,2013,6,Melbourne,Australian Open,2013-01-15,Grand Slam,Outdoor,Hard,1st Round,3,Beck A.,Shvedova Y.,71.0,28.0,868.0,1583.0,6.0,2.0,6.0,7.0,6.0,3.0,2.0,1.0,Completed,2.25,1.57,2.3,1.6,2.38,1.53,2.43,1.63,2.38,1.53,2.45,1.67,2.29,1.6
WTA,2013,6,Melbourne,Australian Open,2013-01-15,Grand Slam,Outdoor,Hard,1st Round,3,Safarova L.,Lucic M.,17.0,108.0,2065.0,638.0,7.0,6.0,6.0,4.0,,,2.0,0.0,Completed,1.18,4.5,1.18,4.75,1.22,4.0,1.19,5.39,1.2,4.5,1.22,5.5,1.19,4.54
WTA,2013,6,Melbourne,Australian Open,2013-01-15,Grand Slam,Outdoor,Hard,1st Round,3,Jovanovski B.,Torro Flor M.T.,56.0,96.0,1095.0,694.0,2.0,6.0,6.0,4.0,6.0,3.0,2.0,1.0,Completed,1.36,3.0,1.35,3.15,1.3,3.4,1.42,3.14,1.33,3.25,1.42,3.5,1.35,3.12
WTA,2013,6,Melbourne,Australian Open,2013-01-15,Grand Slam,Outdoor,Hard,1st Round,3,Muguruza G.,Rybarikova M.,112.0,64.0,619.0,997.0,4.0,6.0,6.0,1.0,12.0,1.0,2.0,1.0,Completed,2.2,1.61,2.2,1.65,2.2,1.62,2.12,1.81,2.25,1.62,2.25,1.81,2.11,1.7
WTA,2013,6,Melbourne,Australian Open,2013-01-15,Grand Slam,Outdoor,Hard,1st Round,3,Vekic D.,Hlavackova A.,111.0,66.0,620.0,957.0,6.0,1.0,6.0,2.0,,,2.0,0.0,Completed,2.0,1.72,1.88,1.88,1.91,1.8,2.16,1.78,2.0,1.8,2.16,2.15,1.97,1.8
WTA,2013,6,Melbourne,Australian Open,2013-01-15,Grand Slam,Outdoor,Hard,1st Round,3,Robson L.,Oudin M.,53.0,84.0,1153.0,772.0,6.0,2.0,6.0,3.0,,,2.0,0.0,Completed,1.18,4.5,1.2,4.4,1.22,4.0,1.27,4.26,1.25,3.75,1.27,5.1,1.22,4.16
WTA,2013,6,Melbourne,Australian Open,2013-01-15,Grand Slam,Outdoor,Hard,1st Round,3,Stephens S.,Halep S.,25.0,45.0,1666.0,1210.0,6.0,1.0,6.0,1.0,,,2.0,0.0,Completed,1.22,4.0,1.3,3.4,1.3,3.5,1.3,3.89,1.29,3.5,1.3,4.5,1.26,3.83
WTA,2013,6,Melbourne,Australian Open,2013-01-15,Grand Slam,Outdoor,Hard,1st Round,3,Mladenovic K.,Babos T.,98.0,73.0,683.0,853.0,6.0,3.0,4.0,6.0,11.0,9.0,2.0,1.0,Completed,1.9,1.8,2.05,1.75,1.91,1.8,1.93,1.97,2.0,1.8,2.05,2.0,1.93,1.83
WTA,2013,6,Melbourne,Australian Open,2013-01-15,Grand Slam,Outdoor,Hard,1st Round,3,Gavrilova D.,Davis L.,223.0,81.0,265.0,794.0,6.0,3.0,6.0,7.0,6.0,4.0,2.0,1.0,Completed,2.75,1.4,2.9,1.4,2.75,1.4,2.84,1.49,2.88,1.4,3.1,1.49,2.76,1.43
WTA,2013,6,Melbourne,Australian Open,2013-01-15,Grand Slam,Outdoor,Hard,1st Round,3,Daniilidou E.,Pliskova Ka.,94.0,119.0,701.0,582.0,7.0,5.0,5.0,7.0,6.0,4.0,2.0,1.0,Completed,2.0,1.72,2.0,1.78,1.91,1.8,2.2,1.76,2.0,1.8,2.2,1.84,2.01,1.77
WTA,2013,6,Melbourne,Australian Open,2013-01-15,Grand Slam,Outdoor,Hard,1st Round,3,Morita A.,Tatishvili A.,72.0,54.0,853.0,1140.0,6.0,3.0,6.0,3.0,,,2.0,0.0,Completed,1.57,2.25,1.6,2.3,1.67,2.1,1.57,2.58,1.62,2.25,1.67,2.6,1.59,2.33
WTA,2013,6,Melbourne,Australian Open,2013-01-15,Grand Slam,Outdoor,Hard,1st Round,3,Amanmuradova A.,Johansson M.,199.0,88.0,302.0,733.0,6.0,4.0,6.0,2.0,,,2.0,0.0,Completed,1.9,1.8,1.8,1.98,1.91,1.8,1.83,2.09,2.0,1.8,2.0,2.09,1.85,1.9
WTA,2013,6,Melbourne,Australian Open,2013-01-15,Grand Slam,Outdoor,Hard,1st Round,3,Kumkhum L.,Arvidsson S.,201.0,39.0,300.0,1380.0,7.0,6.0,6.0,4.0,,,2.0,0.0,Completed,3.25,1.33,3.4,1.3,3.25,1.33,3.47,1.36,3.5,1.29,3.5,1.4,3.22,1.33
WTA,2013,6,Melbourne,Australian Open,2013-01-15,Grand Slam,Outdoor,Hard,1st Round,3,Cepelova J.,Arn G.,115.0,114.0,602.0,605.0,6.0,2.0,6.0,2.0,,,2.0,0.0,Completed,2.2,1.61,2.12,1.7,2.1,1.67,2.36,1.67,2.0,1.8,2.38,1.96,2.13,1.69
WTA,2013,6,Melbourne,Australian Open,2013-01-15,Grand Slam,Outdoor,Hard,1st Round,3,Tsurenko L.,Pavlyuchenkova A.,85.0,23.0,769.0,1690.0,7.0,5.0,3.0,6.0,7.0,5.0,2.0,1.0,Completed,3.5,1.28,3.4,1.3,3.5,1.29,3.48,1.36,3.25,1.33,4.4,1.36,3.49,1.3
WTA,2013,6,Melbourne,Australian Open,2013-01-15,Grand Slam,Outdoor,Hard,1st Round,3,Hampton J.,Radwanska U.,63.0,31.0,998.0,1490.0,6.0,2.0,6.0,4.0,,,2.0,0.0,Completed,1.4,2.75,1.45,2.7,1.44,2.62,1.45,2.97,1.44,2.63,1.57,3.05,1.45,2.71
WTA,2013,6,Melbourne,Australian Open,2013-01-15,Grand Slam,Outdoor,Hard,1st Round,3,Wickmayer Y.,Gajdosova J.,24.0,166.0,1680.0,400.0,6.0,1.0,7.0,5.0,,,2.0,0.0,Completed,1.36,3.0,1.35,3.15,1.4,3.0,1.43,3.05,1.33,3.25,1.43,3.45,1.38,3.0
WTA,2013,6,Melbourne,Australian Open,2013-01-16,Grand Slam,Outdoor,Hard,2nd Round,3,Radwanska A.,Begu I.,4.0,55.0,7750.0,1130.0,6.0,3.0,6.0,3.0,,,2.0,0.0,Completed,1.04,13.0,1.05,9.0,1.03,11.0,1.02,19.52,1.04,10.0,1.05,19.52,1.03,12.1
WTA,2013,6,Melbourne,Australian Open,2013-01-16,Grand Slam,Outdoor,Hard,2nd Round,3,Savinykh V.,Cibulkova D.,159.0,14.0,419.0,2695.0,7.0,6.0,6.0,4.0,,,2.0,0.0,Completed,6.5,1.11,5.75,1.13,6.0,1.11,8.6,1.1,6.0,1.13,9.0,1.14,6.46,1.11
WTA,2013,6,Melbourne,Australian Open,2013-01-16,Grand Slam,Outdoor,Hard,2nd Round,3,Flipkens K.,Zakopalova K.,43.0,22.0,1268.0,1705.0,6.0,1.0,6.0,0.0,,,2.0,0.0,Completed,2.25,1.57,2.3,1.6,2.2,1.62,2.35,1.67,2.2,1.67,2.4,2.1,2.26,1.62
WTA,2013,6,Melbourne,Australian Open,2013-01-16,Grand Slam,Outdoor,Hard,2nd Round,3,Kerber A.,Hradecka L.,5.0,51.0,5575.0,1162.0,6.0,3.0,6.0,1.0,,,2.0,0.0,Completed,1.1,7.0,1.12,6.0,1.11,6.5,1.1,8.52,1.14,5.5,1.14,8.52,1.11,6.54
WTA,2013,6,Melbourne,Australian Open,2013-01-16,Grand Slam,Outdoor,Hard,2nd Round,3,Goerges J.,Oprandi R.,18.0,61.0,1965.0,1021.0,6.0,3.0,6.0,2.0,,,2.0,0.0,Completed,1.4,2.75,1.45,2.7,1.44,2.75,1.42,3.14,1.44,2.75,1.47,3.14,1.42,2.79
WTA,2013,6,Melbourne,Australian Open,2013-01-16,Grand Slam,Outdoor,Hard,2nd Round,3,Li N.,Govortsova O.,6.0,58.0,5135.0,1074.0,6.0,2.0,7.0,5.0,,,2.0,0.0,Completed,1.05,11.0,1.06,8.5,1.04,10.0,1.06,12.34,1.05,9.0,1.07,13.0,1.05,10.03
WTA,2013,6,Melbourne,Australian Open,2013-01-16,Grand Slam,Outdoor,Hard,2nd Round,3,Keys M.,Paszek T.,105.0,30.0,656.0,1523.0,6.0,2.0,6.0,1.0,,,2.0,0.0,Completed,1.36,3.0,1.4,2.9,1.4,2.75,1.35,3.52,1.4,2.88,1.4,3.52,1.36,3.06
WTA,2013,6,Melbourne,Australian Open,2013-01-16,Grand Slam,Outdoor,Hard,2nd Round,3,Makarova E.,Foretz S.,19.0,101.0,1881.0,673.0,6.0,3.0,6.0,3.0,,,2.0,0.0,Completed,1.11,6.5,1.13,5.75,1.12,5.5,1.11,8.36,1.13,6.0,1.15,8.36,1.13,5.87
WTA,2013,6,Melbourne,Australian Open,2013-01-16,Grand Slam,Outdoor,Hard,2nd Round,3,Bartoli M.,Dolonc V.,11.0,20.0,3740.0,1750.0,7.0,5.0,6.0,0.0,,,2.0,0.0,Completed,1.28,3.5,1.25,4.0,1.22,4.0,1.33,3.64,1.22,4.0,1.33,4.05,1.26,3.78
WTA,2013,6,Melbourne,Australian Open,2013-01-16,Grand Slam,Outdoor,Hard,2nd Round,3,Zheng J.,Stosur S.,40.0,9.0,1365.0,4135.0,6.0,4.0,1.0,6.0,7.0,5.0,2.0,1.0,Completed,3.0,1.36,2.9,1.4,3.25,1.36,3.14,1.42,3.0,1.36,3.3,1.43,3.06,1.36
WTA,2013,6,Melbourne,Australian Open,2013-01-16,Grand Slam,Outdoor,Hard,2nd Round,3,Watson H.,Pervak K.,50.0,82.0,1171.0,791.0,4.0,6.0,7.0,6.0,6.0,2.0,2.0,1.0,Completed,2.37,1.53,2.3,1.6,2.25,1.57,2.62,1.56,2.38,1.57,2.74,1.62,2.42,1.56
WTA,2013,6,Melbourne,Australian Open,2013-01-16,Grand Slam,Outdoor,Hard,2nd Round,3,Jankovic J.,Koehler M.J.,21.0,129.0,1751.0,546.0,2.0,6.0,7.0,6.0,6.0,2.0,2.0,1.0,Completed,1.16,5.0,1.18,4.75,1.14,5.0,1.17,5.98,1.2,4.5,1.2,5.98,1.17,4.93
WTA,2013,6,Melbourne,Australian Open,2013-01-16,Grand Slam,Outdoor,Hard,2nd Round,3,Cirstea S.,Pliskova Kr.,29.0,106.0,1565.0,654.0,1.0,6.0,6.0,3.0,6.0,2.0,2.0,1.0,Completed,1.5,2.5,1.5,2.55,1.5,2.5,1.56,2.62,1.5,2.63,1.59,2.63,1.52,2.52
WTA,2013,6,Melbourne,Australian Open,2013-01-16,Grand Slam,Outdoor,Hard,2nd Round,3,Ivanovic A.,Chan Y.J.,13.0,118.0,2841.0,582.0,7.0,5.0,1.0,6.0,6.0,4.0,2.0,1.0,Completed,1.18,4.5,1.18,4.75,1.17,5.0,1.19,5.4,1.17,5.0,1.22,5.4,1.18,4.77
WTA,2013,6,Melbourne,Australian Open,2013-01-16,Grand Slam,Outdoor,Hard,2nd Round,3,Sharapova M.,Doi M.,2.0,92.0,10045.0,711.0,6.0,0.0,6.0,0.0,,,2.0,0.0,Completed,1.002,29.0,1.01,14.5,1.0,21.0,1.01,31.0,1.02,13.0,1.03,34.0,1.01,18.15
WTA,2013,6,Melbourne,Australian Open,2013-01-16,Grand Slam,Outdoor,Hard,2nd Round,3,Williams V.,Cornet A.,26.0,41.0,1650.0,1325.0,6.0,3.0,6.0,3.0,,,2.0,0.0,Completed,1.06,10.0,1.07,8.0,1.08,7.5,1.07,10.75,1.07,8.0,1.1,13.0,1.07,8.73
WTA,2013,6,Melbourne,Australian Open,2013-01-17,Grand Slam,Outdoor,Hard,2nd Round,3,Vinci R.,Amanmuradova A.,16.0,199.0,2525.0,302.0,6.0,3.0,6.0,2.0,,,2.0,0.0,Completed,1.14,5.5,1.16,5.0,1.12,5.5,1.16,6.27,1.13,6.0,1.17,6.7,1.14,5.52
WTA,2013,6,Melbourne,Australian Open,2013-01-17,Grand Slam,Outdoor,Hard,2nd Round,3,Morita A.,Beck A.,72.0,71.0,853.0,868.0,6.0,2.0,6.0,0.0,,,2.0,0.0,Completed,2.37,1.53,2.3,1.6,2.2,1.62,2.24,1.73,2.25,1.62,2.56,1.73,2.27,1.6
WTA,2013,6,Melbourne,Australian Open,2013-01-17,Grand Slam,Outdoor,Hard,2nd Round,3,Vesnina E.,Lepchenko V.,47.0,20.0,1181.0,1835.0,6.0,4.0,6.0,2.0,,,2.0,0.0,Completed,1.5,2.5,1.5,2.55,1.44,2.62,,,1.44,2.75,1.5,3.1,1.44,2.71
WTA,2013,6,Melbourne,Australian Open,2013-01-17,Grand Slam,Outdoor,Hard,2nd Round,3,Kirilenko M.,Peng S.,15.0,32.0,2570.0,1450.0,7.0,5.0,6.0,2.0,,,2.0,0.0,Completed,1.66,2.1,1.65,2.15,1.62,2.25,1.74,2.22,1.67,2.2,1.77,2.26,1.68,2.14
WTA,2013,6,Melbourne,Australian Open,2013-01-17,Grand Slam,Outdoor,Hard,2nd Round,3,Azarenka V.,Daniilidou E.,1.0,94.0,10325.0,701.0,6.0,1.0,6.0,0.0,,,2.0,0.0,Completed,1.01,21.0,1.01,20.0,1.02,15.0,1.01,28.73,1.02,13.0,1.02,47.0,1.01,20.86
WTA,2013,6,Melbourne,Australian Open,2013-01-17,Grand Slam,Outdoor,Hard,2nd Round,3,Suarez Navarro C.,Putintseva Y.,33.0,122.0,1450.0,578.0,1.0,6.0,7.0,6.0,6.0,2.0,2.0,1.0,Completed,1.5,2.5,1.5,2.55,1.53,2.38,1.7,2.29,1.44,2.75,1.7,2.75,1.55,2.42
WTA,2013,6,Melbourne,Australian Open,2013-01-17,Grand Slam,Outdoor,Hard,2nd Round,3,Williams S.,Muguruza G.,3.0,112.0,9750.0,619.0,6.0,2.0,6.0,0.0,,,2.0,0.0,Completed,1.002,29.0,1.02,15.0,1.02,13.0,1.01,31.0,1.01,15.0,1.03,41.0,1.01,19.42
WTA,2013,6,Melbourne,Australian Open,2013-01-17,Grand Slam,Outdoor,Hard,2nd Round,3,Hampton J.,Kumkhum L.,63.0,201.0,998.0,300.0,6.0,1.0,6.0,2.0,,,2.0,0.0,Completed,1.18,4.5,1.23,4.0,1.22,4.0,1.22,4.81,1.2,4.33,1.25,5.1,1.21,4.31
WTA,2013,6,Melbourne,Australian Open,2013-01-17,Grand Slam,Outdoor,Hard,2nd Round,3,Wickmayer Y.,Cepelova J.,24.0,115.0,1680.0,602.0,7.0,6.0,7.0,5.0,,,2.0,0.0,Completed,1.25,3.75,1.3,3.4,1.29,3.5,1.21,5.04,1.29,3.5,1.33,5.04,1.26,3.74
WTA,2013,6,Melbourne,Australian Open,2013-01-17,Grand Slam,Outdoor,Hard,2nd Round,3,Tsurenko L.,Gavrilova D.,85.0,223.0,769.0,265.0,7.0,5.0,6.0,3.0,,,2.0,0.0,Completed,1.33,3.25,1.35,3.15,1.36,3.0,1.35,3.52,1.33,3.25,1.37,3.52,1.33,3.25
WTA,2013,6,Melbourne,Australian Open,2013-01-17,Grand Slam,Outdoor,Hard,2nd Round,3,Kuznetsova S.,Hsieh S.W.,75.0,27.0,833.0,1636.0,6.0,2.0,6.0,1.0,,,2.0,0.0,Completed,1.33,3.25,1.35,3.15,1.36,3.25,1.33,3.64,1.36,3.0,1.36,3.64,1.33,3.28
WTA,2013,6,Melbourne,Australian Open,2013-01-17,Grand Slam,Outdoor,Hard,2nd Round,3,Date Krumm K.,Peer S.,100.0,90.0,675.0,722.0,6.0,2.0,7.0,5.0,,,2.0,0.0,Completed,1.38,2.87,1.4,2.9,1.4,2.75,1.42,3.14,1.33,3.25,1.44,3.25,1.39,2.93
WTA,2013,6,Melbourne,Australian Open,2013-01-17,Grand Slam,Outdoor,Hard,2nd Round,3,Wozniacki C.,Vekic D.,10.0,111.0,3765.0,620.0,6.0,1.0,6.0,4.0,,,2.0,0.0,Completed,1.16,5.0,1.17,4.85,1.12,6.0,1.1,8.95,1.17,5.0,1.2,9.0,1.13,6.15
WTA,2013,6,Melbourne,Australian Open,2013-01-17,Grand Slam,Outdoor,Hard,2nd Round,3,Jovanovski B.,Safarova L.,56.0,17.0,1095.0,2065.0,7.0,5.0,7.0,5.0,,,2.0,0.0,Completed,2.2,1.61,2.4,1.55,2.38,1.53,2.8,1.5,2.25,1.62,2.84,1.63,2.44,1.54
WTA,2013,6,Melbourne,Australian Open,2013-01-17,Grand Slam,Outdoor,Hard,2nd Round,3,Stephens S.,Mladenovic K.,25.0,98.0,1666.0,683.0,6.0,4.0,6.0,3.0,,,2.0,0.0,Completed,1.14,5.5,1.16,5.0,1.17,5.0,1.16,6.2,1.17,5.0,1.18,7.1,1.15,5.24
WTA,2013,6,Melbourne,Australian Open,2013-01-17,Grand Slam,Outdoor,Hard,2nd Round,3,Robson L.,Kvitova P.,53.0,8.0,1153.0,5085.0,2.0,6.0,6.0,3.0,11.0,9.0,2.0,1.0,Completed,3.0,1.36,2.7,1.45,2.62,1.44,2.95,1.46,2.88,1.4,3.35,1.55,2.76,1.43
WTA,2013,6,Melbourne,Australian Open,2013-01-18,Grand Slam,Outdoor,Hard,3rd Round,3,Goerges J.,Zheng J.,18.0,40.0,1965.0,1365.0,6.0,3.0,1.0,6.0,7.0,5.0,2.0,1.0,Completed,1.66,2.2,1.6,2.3,1.62,2.25,1.59,2.56,1.62,2.25,1.7,2.56,1.61,2.27
WTA,2013,6,Melbourne,Australian Open,2013-01-18,Grand Slam,Outdoor,Hard,3rd Round,3,Kerber A.,Keys M.,5.0,105.0,5575.0,656.0,6.0,2.0,7.0,5.0,,,2.0,0.0,Completed,1.4,2.87,1.4,2.9,1.4,3.0,1.41,3.23,1.4,2.88,1.45,3.8,1.38,3.0
WTA,2013,6,Melbourne,Australian Open,2013-01-18,Grand Slam,Outdoor,Hard,3rd Round,3,Makarova E.,Bartoli M.,19.0,11.0,1881.0,3740.0,6.0,7.0,6.0,3.0,6.0,4.0,2.0,1.0,Completed,2.3,1.61,2.3,1.6,2.1,1.67,2.29,1.71,2.38,1.57,2.7,1.71,2.35,1.58
WTA,2013,6,Melbourne,Australian Open,2013-01-18,Grand Slam,Outdoor,Hard,3rd Round,3,Radwanska A.,Watson H.,4.0,50.0,7750.0,1171.0,6.0,3.0,6.0,1.0,,,2.0,0.0,Completed,1.03,15.0,1.05,9.0,1.04,10.0,1.05,14.7,1.06,9.0,1.07,20.0,1.04,11.47
WTA,2013,6,Melbourne,Australian Open,2013-01-18,Grand Slam,Outdoor,Hard,3rd Round,3,Ivanovic A.,Jankovic J.,13.0,21.0,2841.0,1751.0,7.0,5.0,6.0,3.0,,,2.0,0.0,Completed,1.4,2.87,1.4,2.9,1.4,3.0,1.36,3.49,1.36,3.0,1.44,3.55,1.38,3.02
WTA,2013,6,Melbourne,Australian Open,2013-01-18,Grand Slam,Outdoor,Hard,3rd Round,3,Li N.,Cirstea S.,6.0,29.0,5135.0,1565.0,6.0,4.0,6.0,1.0,,,2.0,0.0,Completed,1.07,9.0,1.07,8.0,1.08,7.5,1.08,10.5,1.08,8.0,1.1,10.5,1.08,7.79
WTA,2013,6,Melbourne,Australian Open,2013-01-18,Grand Slam,Outdoor,Hard,3rd Round,3,Flipkens K.,Savinykh V.,43.0,159.0,1268.0,419.0,6.0,2.0,4.0,6.0,6.0,3.0,2.0,1.0,Completed,1.18,4.5,1.2,4.4,1.22,4.33,1.19,5.5,1.25,4.0,1.25,5.5,1.2,4.46
WTA,2013,6,Melbourne,Australian Open,2013-01-18,Grand Slam,Outdoor,Hard,3rd Round,3,Sharapova M.,Williams V.,2.0,26.0,10045.0,1650.0,6.0,1.0,6.0,3.0,,,2.0,0.0,Completed,1.2,4.5,1.2,4.4,1.25,4.0,1.26,4.39,1.25,4.0,1.26,5.5,1.22,4.18
WTA,2013,6,Melbourne,Australian Open,2013-01-19,Grand Slam,Outdoor,Hard,3rd Round,3,Azarenka V.,Hampton J.,1.0,63.0,10325.0,998.0,6.0,4.0,4.0,6.0,6.0,2.0,2.0,1.0,Completed,1.04,13.0,1.03,11.0,1.04,10.0,1.04,17.0,1.02,12.0,1.05,24.0,1.03,12.55
WTA,2013,6,Melbourne,Australian Open,2013-01-19,Grand Slam,Outdoor,Hard,3rd Round,3,Kuznetsova S.,Suarez Navarro C.,75.0,33.0,833.0,1450.0,6.0,2.0,4.0,6.0,6.0,3.0,2.0,1.0,Completed,1.2,4.5,1.2,4.4,1.22,4.33,1.22,5.01,1.2,4.5,1.22,5.5,1.2,4.47
WTA,2013,6,Melbourne,Australian Open,2013-01-19,Grand Slam,Outdoor,Hard,3rd Round,3,Kirilenko M.,Wickmayer Y.,15.0,24.0,2570.0,1680.0,7.0,6.0,6.0,3.0,,,2.0,0.0,Completed,1.4,2.75,1.5,2.55,1.53,2.5,1.57,2.61,1.53,2.5,1.57,2.75,1.49,2.58
WTA,2013,6,Melbourne,Australian Open,2013-01-19,Grand Slam,Outdoor,Hard,3rd Round,3,Vesnina E.,Vinci R.,47.0,16.0,1181.0,2525.0,4.0,6.0,7.0,6.0,6.0,4.0,2.0,1.0,Completed,1.61,2.2,1.75,2.05,1.73,2.1,1.73,2.26,1.67,2.2,1.82,2.34,1.71,2.11
WTA,2013,6,Melbourne,Australian Open,2013-01-19,Grand Slam,Outdoor,Hard,3rd Round,3,Williams S.,Morita A.,3.0,72.0,9750.0,853.0,6.0,1.0,6.0,3.0,,,2.0,0.0,Completed,1.01,26.0,1.01,24.0,1.01,21.0,1.01,29.41,1.01,19.0,1.02,41.0,1.01,20.87
WTA,2013,6,Melbourne,Australian Open,2013-01-19,Grand Slam,Outdoor,Hard,3rd Round,3,Wozniacki C.,Tsurenko L.,10.0,85.0,3765.0,769.0,6.0,4.0,6.0,3.0,,,2.0,0.0,Completed,1.11,6.5,1.1,6.0,1.14,5.5,1.11,8.4,1.13,6.0,1.15,8.7,1.12,6.22
WTA,2013,6,Melbourne,Australian Open,2013-01-19,Grand Slam,Outdoor,Hard,3rd Round,3,Stephens S.,Robson L.,25.0,53.0,1666.0,1153.0,7.0,5.0,6.0,3.0,,,2.0,0.0,Completed,1.53,2.37,1.5,2.55,1.53,2.5,1.49,2.87,1.53,2.5,1.57,3.2,1.5,2.57
WTA,2013,6,Melbourne,Australian Open,2013-01-19,Grand Slam,Outdoor,Hard,3rd Round,3,Jovanovski B.,Date Krumm K.,56.0,100.0,1095.0,675.0,6.0,2.0,7.0,6.0,,,2.0,0.0,Completed,2.0,1.72,2.05,1.75,1.91,1.8,2.04,1.88,2.1,1.73,2.1,1.89,1.99,1.78
WTA,2013,6,Melbourne,Australian Open,2013-01-20,Grand Slam,Outdoor,Hard,4th Round,3,Makarova E.,Kerber A.,19.0,5.0,1881.0,5575.0,7.0,5.0,6.0,4.0,,,2.0,0.0,Completed,3.5,1.28,3.25,1.3,3.4,1.33,3.67,1.34,3.0,1.36,4.65,1.38,3.4,1.31
WTA,2013,6,Melbourne,Australian Open,2013-01-20,Grand Slam,Outdoor,Hard,4th Round,3,Sharapova M.,Flipkens K.,2.0,43.0,10045.0,1268.0,6.0,1.0,6.0,0.0,,,2.0,0.0,Completed,1.01,21.0,1.02,10.5,1.02,13.0,1.03,21.0,1.02,13.0,1.04,31.5,1.02,16.38
WTA,2013,6,Melbourne,Australian Open,2013-01-20,Grand Slam,Outdoor,Hard,4th Round,3,Li N.,Goerges J.,6.0,18.0,5135.0,1965.0,7.0,6.0,6.0,1.0,,,2.0,0.0,Completed,1.16,5.0,1.17,4.85,1.2,4.5,1.18,5.85,,,1.25,5.85,1.19,4.59
WTA,2013,6,Melbourne,Australian Open,2013-01-20,Grand Slam,Outdoor,Hard,4th Round,3,Radwanska A.,Ivanovic A.,4.0,13.0,7750.0,2841.0,6.0,2.0,6.0,4.0,,,2.0,0.0,Completed,1.2,4.5,1.2,4.4,1.22,4.33,1.23,4.84,1.25,4.0,1.25,5.1,1.21,4.39
WTA,2013,6,Melbourne,Australian Open,2013-01-21,Grand Slam,Outdoor,Hard,4th Round,3,Kuznetsova S.,Wozniacki C.,75.0,10.0,833.0,3765.0,6.0,2.0,2.0,6.0,7.0,5.0,2.0,1.0,Completed,2.1,1.66,2.2,1.65,2.2,1.67,2.5,1.61,2.25,1.62,2.56,1.69,2.26,1.62
WTA,2013,6,Melbourne,Australian Open,2013-01-21,Grand Slam,Outdoor,Hard,4th Round,3,Azarenka V.,Vesnina E.,1.0,47.0,10325.0,1181.0,6.0,1.0,6.0,1.0,,,2.0,0.0,Completed,1.07,9.0,1.07,8.0,1.06,8.5,1.08,10.5,1.07,8.0,1.09,16.0,1.07,8.94
WTA,2013,6,Melbourne,Australian Open,2013-01-21,Grand Slam,Outdoor,Hard,4th Round,3,Stephens S.,Jovanovski B.,25.0,56.0,1666.0,1095.0,6.0,1.0,3.0,6.0,7.0,5.0,2.0,1.0,Completed,1.28,3.75,1.25,3.85,1.3,3.5,1.33,3.75,1.3,3.5,1.33,4.5,1.27,3.76
WTA,2013,6,Melbourne,Australian Open,2013-01-21,Grand Slam,Outdoor,Hard,4th Round,3,Williams S.,Kirilenko M.,3.0,15.0,9750.0,2570.0,6.0,2.0,6.0,0.0,,,2.0,0.0,Completed,1.04,13.0,1.04,8.75,1.04,10.0,1.05,13.8,1.03,11.0,1.05,19.0,1.04,11.31
WTA,2013,6,Melbourne,Australian Open,2013-01-22,Grand Slam,Outdoor,Hard,Quarterfinals,3,Li N.,Radwanska A.,6.0,4.0,5135.0,7750.0,7.0,5.0,6.0,3.0,,,2.0,0.0,Completed,2.62,1.5,2.4,1.55,2.5,1.53,2.66,1.55,2.63,1.5,2.7,1.62,2.49,1.53
WTA,2013,6,Melbourne,Australian Open,2013-01-22,Grand Slam,Outdoor,Hard,Quarterfinals,3,Sharapova M.,Makarova E.,2.0,19.0,10045.0,1881.0,6.0,2.0,6.0,2.0,,,2.0,0.0,Completed,1.05,11.0,1.08,7.5,1.05,9.0,1.09,9.95,1.07,9.0,1.11,14.0,1.06,9.3
WTA,2013,6,Melbourne,Australian Open,2013-01-23,Grand Slam,Outdoor,Hard,Quarterfinals,3,Azarenka V.,Kuznetsova S.,1.0,75.0,10325.0,833.0,7.0,5.0,6.0,1.0,,,2.0,0.0,Completed,1.08,8.0,1.12,6.0,1.12,6.0,1.14,7.1,1.14,6.0,1.15,8.0,1.12,6.4
WTA,2013,6,Melbourne,Australian Open,2013-01-23,Grand Slam,Outdoor,Hard,Quarterfinals,3,Stephens S.,Williams S.,25.0,3.0,1666.0,9750.0,3.0,6.0,7.0,5.0,6.0,4.0,2.0,1.0,Completed,17.0,1.02,12.0,1.03,13.0,1.02,15.0,1.05,13.0,1.04,23.0,1.05,13.23,1.03
WTA,2013,6,Melbourne,Australian Open,2013-01-24,Grand Slam,Outdoor,Hard,Semifinals,3,Li N.,Sharapova M.,6.0,2.0,5135.0,10045.0,6.0,2.0,6.0,2.0,,,2.0,0.0,Completed,4.33,1.22,3.85,1.25,4.5,1.2,3.82,1.33,4.5,1.22,4.65,1.33,4.08,1.24
WTA,2013,6,Melbourne,Australian Open,2013-01-24,Grand Slam,Outdoor,Hard,Semifinals,3,Azarenka V.,Stephens S.,1.0,25.0,10325.0,1666.0,6.0,1.0,6.0,4.0,,,2.0,0.0,Completed,1.12,6.0,1.13,5.75,1.12,6.0,1.13,7.79,1.13,7.0,1.14,8.0,1.12,6.34
WTA,2013,6,Melbourne,Australian Open,2013-01-26,Grand Slam,Outdoor,Hard,The Final,3,Azarenka V.,Li N.,1.0,6.0,10325.0,5135.0,4.0,6.0,6.0,4.0,6.0,3.0,2.0,1.0,Completed,1.66,2.25,1.7,2.12,1.67,2.2,1.72,2.32,1.73,2.1,1.85,2.42,1.69,2.18
WTA,2013,28,Paris,French Open,2013-05-26,Grand Slam,Outdoor,Clay,1st Round,3,Cetkovska P.,Puchkova O.,198.0,79.0,298.0,807.0,6.0,0.0,6.0,2.0,,,2.0,0.0,Completed,1.5,2.5,1.6,2.3,1.62,2.2,1.54,2.66,1.62,2.25,1.7,2.7,1.61,2.28
WTA,2013,28,Paris,French Open,2013-05-26,Grand Slam,Outdoor,Clay,1st Round,3,Ivanovic A.,Martic P.,14.0,108.0,2800.0,606.0,6.0,1.0,3.0,6.0,6.0,3.0,2.0,1.0,Completed,1.07,9.0,1.07,8.0,1.08,7.5,1.09,9.16,1.07,8.0,1.1,11.0,1.07,8.26
WTA,2013,28,Paris,French Open,2013-05-26,Grand Slam,Outdoor,Clay,1st Round,3,Pavlyuchenkova A.,Hlavackova A.,19.0,89.0,2010.0,749.0,4.0,6.0,7.0,6.0,6.0,4.0,2.0,1.0,Completed,1.16,5.0,1.2,4.4,1.2,4.33,1.2,5.2,1.17,5.0,1.24,5.2,1.2,4.49
WTA,2013,28,Paris,French Open,2013-05-26,Grand Slam,Outdoor,Clay,1st Round,3,Errani S.,Rus A.,5.0,100.0,5835.0,672.0,6.0,1.0,6.0,2.0,,,2.0,0.0,Completed,1.03,15.0,1.03,12.0,1.02,13.0,1.04,15.5,1.04,10.0,1.05,26.0,1.03,12.63
WTA,2013,28,Paris,French Open,2013-05-26,Grand Slam,Outdoor,Clay,1st Round,3,Putintseva Y.,Morita A.,98.0,44.0,684.0,1319.0,6.0,2.0,6.0,3.0,,,2.0,0.0,Completed,1.72,2.0,1.75,2.05,1.73,2.0,1.87,2.02,1.8,2.0,1.95,2.24,1.78,2.0
WTA,2013,28,Paris,French Open,2013-05-26,Grand Slam,Outdoor,Clay,1st Round,3,Burdette M.,Vekic D.,80.0,88.0,806.0,752.0,6.0,3.0,6.0,4.0,,,2.0,0.0,Completed,1.57,2.25,1.6,2.3,1.57,2.25,1.68,2.34,1.62,2.25,1.71,2.48,1.63,2.23
WTA,2013,28,Paris,French Open,2013-05-26,Grand Slam,Outdoor,Clay,1st Round,3,Williams S.,Tatishvili A.,1.0,74.0,11620.0,847.0,6.0,0.0,6.0,1.0,,,2.0,0.0,Completed,1.002,29.0,1.01,20.0,1.0,26.0,1.01,31.0,1.01,17.0,1.02,41.0,1.01,20.79
WTA,2013,28,Paris,French Open,2013-05-26,Grand Slam,Outdoor,Clay,1st Round,3,Garcia C.,Beygelzimer Y.,114.0,205.0,586.0,283.0,6.0,3.0,6.0,4.0,,,2.0,0.0,Completed,1.72,2.0,1.85,1.92,1.8,2.0,1.81,2.1,1.8,2.0,1.9,2.1,1.82,1.95
WTA,2013,28,Paris,French Open,2013-05-26,Grand Slam,Outdoor,Clay,1st Round,3,Puig M.,Petrova N.,86.0,11.0,761.0,3065.0,3.0,6.0,7.0,5.0,6.0,4.0,2.0,1.0,Completed,3.0,1.36,2.9,1.4,3.0,1.36,3.05,1.44,2.88,1.4,3.75,1.45,2.91,1.4
WTA,2013,28,Paris,French Open,2013-05-26,Grand Slam,Outdoor,Clay,1st Round,3,Rogers S.,Pavlovic I.,170.0,175.0,374.0,356.0,6.0,3.0,6.0,4.0,,,2.0,0.0,Completed,1.28,3.5,1.35,3.15,1.33,3.25,1.34,3.56,1.36,3.0,1.37,3.56,1.33,3.27
WTA,2013,28,Paris,French Open,2013-05-26,Grand Slam,Outdoor,Clay,1st Round,3,Razzano V.,Feuerstein C.,178.0,139.0,354.0,468.0,7.0,6.0,6.0,4.0,,,2.0,0.0,Completed,1.57,2.25,1.65,2.2,1.67,2.1,1.64,2.42,1.62,2.25,1.7,2.56,1.61,2.27
WTA,2013,28,Paris,French Open,2013-05-26,Grand Slam,Outdoor,Clay,1st Round,3,Pfizenmaier D.,Minella M.,127.0,76.0,523.0,838.0,7.0,5.0,6.0,1.0,,,2.0,0.0,Completed,1.5,2.5,1.6,2.3,1.67,2.1,1.57,2.58,1.62,2.25,1.67,2.7,1.59,2.33
WTA,2013,28,Paris,French Open,2013-05-26,Grand Slam,Outdoor,Clay,1st Round,3,Lisicki S.,Arvidsson S.,34.0,64.0,1526.0,935.0,6.0,3.0,6.0,4.0,,,2.0,0.0,Completed,1.08,8.0,1.13,5.75,1.14,5.5,1.11,8.04,1.13,6.0,1.15,8.1,1.11,6.57
WTA,2013,28,Paris,French Open,2013-05-26,Grand Slam,Outdoor,Clay,1st Round,3,Voskoboeva G.,Min G.,123.0,209.0,553.0,277.0,4.0,6.0,6.0,4.0,7.0,5.0,2.0,1.0,Completed,1.5,2.5,1.5,2.55,1.44,2.62,1.56,2.6,1.53,2.5,1.57,2.8,1.52,2.5
WTA,2013,28,Paris,French Open,2013-05-26,Grand Slam,Outdoor,Clay,1st Round,3,Cirstea S.,Bertens K.,30.0,55.0,1595.0,1080.0,5.0,7.0,7.0,5.0,6.0,2.0,2.0,1.0,Completed,2.1,1.66,2.05,1.75,2.1,1.67,2.1,1.83,2.1,1.73,2.25,1.85,2.08,1.72
WTA,2013,28,Paris,French Open,2013-05-26,Grand Slam,Outdoor,Clay,1st Round,3,Radwanska U.,Williams V.,40.0,32.0,1430.0,1546.0,7.0,6.0,6.0,7.0,6.0,4.0,2.0,1.0,Completed,2.5,1.5,2.4,1.55,2.2,1.62,2.31,1.69,2.38,1.57,2.9,1.69,2.44,1.54
WTA,2013,28,Paris,French Open,2013-05-27,Grand Slam,Outdoor,Clay,1st Round,3,Vinci R.,Foretz S.,15.0,126.0,2785.0,527.0,6.0,3.0,6.0,0.0,,,2.0,0.0,Completed,1.07,9.0,1.07,8.0,1.06,9.0,1.08,9.65,1.08,7.5,1.1,9.65,1.07,8.13
WTA,2013,28,Paris,French Open,2013-05-27,Grand Slam,Outdoor,Clay,1st Round,3,Kucova Z.,Goerges J.,,28.0,,1605.0,7.0,6.0,6.0,0.0,,,2.0,0.0,Completed,4.33,1.2,4.15,1.22,4.0,1.22,4.85,1.22,4.5,1.2,4.85,1.27,4.21,1.22
WTA,2013,28,Paris,French Open,2013-05-27,Grand Slam,Outdoor,Clay,1st Round,3,Li N.,Medina Garrigues A.,6.0,68.0,5335.0,897.0,6.0,3.0,6.0,4.0,,,2.0,0.0,Completed,1.16,5.0,1.16,5.0,1.14,5.5,1.22,4.97,1.17,5.0,1.22,5.7,1.17,4.9
WTA,2013,28,Paris,French Open,2013-05-27,Grand Slam,Outdoor,Clay,1st Round,3,Larsson J.,Niculescu M.,66.0,49.0,910.0,1225.0,6.0,2.0,6.0,3.0,,,2.0,0.0,Completed,2.37,1.53,2.4,1.55,2.5,1.5,2.19,1.76,2.63,1.5,2.63,1.77,2.28,1.61
WTA,2013,28,Paris,French Open,2013-05-27,Grand Slam,Outdoor,Clay,1st Round,3,Radwanska A.,Peer S.,4.0,140.0,6125.0,464.0,6.0,1.0,6.0,1.0,,,2.0,0.0,Completed,1.07,9.0,1.1,6.5,1.1,7.0,1.09,9.16,1.08,7.5,1.11,9.8,1.08,7.75
WTA,2013,28,Paris,French Open,2013-05-27,Grand Slam,Outdoor,Clay,1st Round,3,Suarez Navarro C.,Halep S.,20.0,57.0,1975.0,1040.0,3.0,6.0,6.0,2.0,6.0,2.0,2.0,1.0,Completed,1.72,2.0,1.85,1.92,1.73,2.0,1.86,2.05,1.8,2.0,1.87,2.2,1.78,1.99
WTA,2013,28,Paris,French Open,2013-05-27,Grand Slam,Outdoor,Clay,1st Round,3,Mattek-Sands B.,Dominguez Lino L.,67.0,45.0,902.0,1305.0,6.0,4.0,6.0,1.0,,,2.0,0.0,Completed,1.38,2.87,1.45,2.7,1.44,2.62,1.5,2.8,1.44,2.75,1.5,2.95,1.44,2.73
WTA,2013,28,Paris,French Open,2013-05-27,Grand Slam,Outdoor,Clay,1st Round,3,King V.,Cadantu A.,128.0,91.0,523.0,743.0,7.0,6.0,6.0,1.0,,,2.0,0.0,Completed,1.83,1.83,1.88,1.88,1.91,1.8,1.78,2.17,2.0,1.8,2.02,2.17,1.87,1.89
WTA,2013,28,Paris,French Open,2013-05-27,Grand Slam,Outdoor,Clay,1st Round,3,Torro Flor M.T.,Glushko J.,71.0,149.0,870.0,434.0,6.0,2.0,7.0,5.0,,,2.0,0.0,Completed,1.22,4.0,1.25,3.85,1.25,3.75,1.27,4.26,1.22,4.0,1.27,4.8,1.23,4.11
WTA,2013,28,Paris,French Open,2013-05-27,Grand Slam,Outdoor,Clay,1st Round,3,Svitolina E.,Oprandi R.,90.0,36.0,744.0,1490.0,6.0,3.0,4.0,6.0,6.0,1.0,2.0,1.0,Completed,3.75,1.25,3.45,1.3,3.4,1.3,4.01,1.29,3.5,1.29,4.05,1.3,3.63,1.28
WTA,2013,28,Paris,French Open,2013-05-27,Grand Slam,Outdoor,Clay,1st Round,3,Lepchenko V.,Lucic M.,25.0,101.0,1686.0,671.0,6.0,1.0,6.0,2.0,,,2.0,0.0,Completed,1.18,4.5,1.2,4.4,1.22,4.0,1.25,4.5,1.22,4.0,1.27,4.65,1.22,4.11
WTA,2013,28,Paris,French Open,2013-05-27,Grand Slam,Outdoor,Clay,1st Round,3,Johansson M.,Scheepers C.,94.0,60.0,712.0,1010.0,7.0,5.0,6.0,1.0,,,2.0,0.0,Completed,2.62,1.44,2.7,1.45,2.62,1.44,2.51,1.6,2.75,1.44,2.98,1.6,2.61,1.48
WTA,2013,28,Paris,French Open,2013-05-27,Grand Slam,Outdoor,Clay,1st Round,3,Oudin M.,Paszek T.,78.0,33.0,814.0,1539.0,6.0,4.0,6.0,3.0,,,2.0,0.0,Completed,1.28,3.5,1.35,3.15,1.36,3.0,1.37,3.39,1.36,3.0,1.37,3.55,1.34,3.18
WTA,2013,28,Paris,French Open,2013-05-27,Grand Slam,Outdoor,Clay,1st Round,3,Jovanovski B.,Zahlavova Strycova B.,47.0,138.0,1240.0,474.0,6.0,3.0,6.0,2.0,,,2.0,0.0,Completed,2.25,1.57,2.3,1.6,2.0,1.73,2.55,1.58,1.9,1.9,2.55,1.9,2.18,1.67
WTA,2013,28,Paris,French Open,2013-05-27,Grand Slam,Outdoor,Clay,1st Round,3,Wozniacki C.,Robson L.,10.0,37.0,3625.0,1475.0,6.0,3.0,6.0,2.0,,,2.0,0.0,Completed,1.57,2.25,1.6,2.3,1.73,2.1,1.58,2.55,2.0,1.8,2.0,2.56,1.65,2.23
WTA,2013,28,Paris,French Open,2013-05-27,Grand Slam,Outdoor,Clay,1st Round,3,Cepelova J.,Mchale C.,69.0,53.0,886.0,1114.0,7.0,6.0,2.0,6.0,6.0,4.0,2.0,1.0,Completed,3.25,1.33,3.15,1.35,2.75,1.4,3.33,1.38,3.0,1.36,3.35,1.4,3.05,1.37
WTA,2013,28,Paris,French Open,2013-05-27,Grand Slam,Outdoor,Clay,1st Round,3,Keys M.,Doi M.,58.0,82.0,1028.0,799.0,6.0,3.0,6.0,2.0,,,2.0,0.0,Completed,1.25,3.75,1.3,3.45,1.3,3.4,1.31,3.81,1.33,3.25,1.33,3.95,1.29,3.51
WTA,2013,28,Paris,French Open,2013-05-27,Grand Slam,Outdoor,Clay,1st Round,3,Kerber A.,Barthel M.,8.0,35.0,5135.0,1500.0,7.0,6.0,6.0,2.0,,,2.0,0.0,Completed,1.36,3.0,1.35,3.15,1.4,2.75,1.4,3.22,1.4,2.88,1.41,3.35,1.38,2.99
WTA,2013,28,Paris,French Open,2013-05-27,Grand Slam,Outdoor,Clay,1st Round,3,Rybarikova M.,Parmentier P.,52.0,99.0,1136.0,683.0,6.0,0.0,6.0,1.0,,,2.0,0.0,Completed,1.4,2.75,1.4,2.9,1.44,2.62,1.49,2.84,1.44,2.75,1.5,2.95,1.44,2.75
WTA,2013,28,Paris,French Open,2013-05-27,Grand Slam,Outdoor,Clay,1st Round,3,Zheng J.,Dolonc V.,43.0,93.0,1320.0,714.0,6.0,4.0,6.0,1.0,,,2.0,0.0,Completed,1.36,3.0,1.4,2.9,1.36,3.0,1.4,3.24,1.4,2.88,1.43,3.55,1.39,2.95
WTA,2013,28,Paris,French Open,2013-05-27,Grand Slam,Outdoor,Clay,1st Round,3,Kuznetsova S.,Makarova E.,39.0,22.0,1442.0,1811.0,6.0,4.0,6.0,2.0,,,2.0,0.0,Completed,1.5,2.5,1.6,2.3,1.62,2.2,1.59,2.52,1.62,2.25,1.62,2.7,1.57,2.37
WTA,2013,28,Paris,French Open,2013-05-27,Grand Slam,Outdoor,Clay,1st Round,3,Muguruza G.,Pliskova Ka.,72.0,73.0,857.0,857.0,4.0,6.0,7.0,5.0,6.0,3.0,2.0,1.0,Completed,1.36,3.0,1.4,2.9,1.4,2.75,1.41,3.18,1.44,2.75,1.44,3.35,1.38,2.97
WTA,2013,28,Paris,French Open,2013-05-27,Grand Slam,Outdoor,Clay,1st Round,3,Stephens S.,Knapp K.,17.0,111.0,2530.0,601.0,6.0,2.0,7.0,5.0,,,2.0,0.0,Completed,1.44,2.62,1.5,2.55,1.4,2.75,1.56,2.62,1.44,2.75,1.57,2.86,1.49,2.58
WTA,2013,28,Paris,French Open,2013-05-27,Grand Slam,Outdoor,Clay,1st Round,3,Bouchard E.,Pironkova T.,77.0,59.0,831.0,1021.0,6.0,1.0,7.0,6.0,,,2.0,0.0,Completed,1.36,3.0,1.35,3.15,1.36,3.0,1.38,3.37,1.36,3.0,1.38,3.65,1.35,3.14
WTA,2013,28,Paris,French Open,2013-05-27,Grand Slam,Outdoor,Clay,1st Round,3,Ormaechea P.,Malek T.,118.0,104.0,563.0,638.0,6.0,3.0,4.0,6.0,6.0,0.0,2.0,1.0,Completed,1.14,5.5,1.16,5.0,1.22,4.0,1.18,5.61,1.25,3.75,1.25,5.9,1.18,4.86
WTA,2013,28,Paris,French Open,2013-05-27,Grand Slam,Outdoor,Clay,1st Round,3,Schiavone F.,Czink M.,50.0,110.0,1166.0,603.0,6.0,0.0,7.0,6.0,,,2.0,0.0,Completed,1.2,4.33,1.22,4.15,1.25,3.75,1.25,4.46,1.22,4.0,1.26,4.95,1.23,4.11
WTA,2013,28,Paris,French Open,2013-05-27,Grand Slam,Outdoor,Clay,1st Round,3,Sharapova M.,Hsieh S.W.,2.0,42.0,10015.0,1360.0,6.0,2.0,6.0,1.0,,,2.0,0.0,Completed,1.01,23.0,1.02,15.0,1.02,17.0,1.03,20.0,1.02,13.0,1.03,34.0,1.02,15.97
WTA,2013,28,Paris,French Open,2013-05-27,Grand Slam,Outdoor,Clay,1st Round,3,Flipkens K.,Pennetta F.,21.0,122.0,1908.0,559.0,2.0,6.0,6.0,4.0,6.0,0.0,2.0,1.0,Completed,2.25,1.57,2.2,1.65,2.2,1.67,2.53,1.59,2.25,1.62,2.55,1.7,2.26,1.62
WTA,2013,28,Paris,French Open,2013-05-28,Grand Slam,Outdoor,Clay,1st Round,3,Bartoli M.,Govortsova O.,13.0,63.0,2845.0,975.0,7.0,6.0,4.0,6.0,7.0,5.0,2.0,1.0,Completed,1.44,2.62,1.5,2.5,1.53,2.5,1.62,2.44,1.44,2.75,1.62,2.65,1.53,2.49
WTA,2013,28,Paris,French Open,2013-05-28,Grand Slam,Outdoor,Clay,1st Round,3,Stosur S.,Date Krumm K.,9.0,83.0,3645.0,789.0,6.0,0.0,6.0,2.0,,,2.0,0.0,Completed,1.04,13.0,1.04,10.0,1.05,10.0,1.03,16.5,1.05,9.0,1.06,18.0,1.04,11.26
WTA,2013,28,Paris,French Open,2013-05-28,Grand Slam,Outdoor,Clay,1st Round,3,Duque Marino M.,Pliskova Kr.,162.0,102.0,401.0,656.0,6.0,2.0,6.0,0.0,,,2.0,0.0,Completed,1.25,3.75,1.25,3.85,1.22,4.0,1.25,4.46,1.25,3.75,1.33,4.95,1.24,3.99
WTA,2013,28,Paris,French Open,2013-05-28,Grand Slam,Outdoor,Clay,1st Round,3,Jankovic J.,Hantuchova D.,18.0,61.0,2500.0,1005.0,6.0,4.0,7.0,6.0,,,2.0,0.0,Completed,1.25,3.75,1.3,3.45,1.29,3.5,1.32,3.77,1.29,3.5,1.33,4.05,1.29,3.57
WTA,2013,28,Paris,French Open,2013-05-28,Grand Slam,Outdoor,Clay,1st Round,3,Shvedova Y.,Vandeweghe C.,31.0,96.0,1572.0,697.0,6.0,0.0,3.0,6.0,6.0,2.0,2.0,1.0,Completed,1.11,6.5,1.13,5.75,1.17,4.5,1.13,7.55,1.14,5.5,1.18,7.9,1.13,5.9
WTA,2013,28,Paris,French Open,2013-05-28,Grand Slam,Outdoor,Clay,1st Round,3,Cornet A.,Koehler M.J.,27.0,105.0,1610.0,634.0,7.0,5.0,6.0,2.0,,,2.0,0.0,Completed,1.12,6.0,1.16,5.0,1.2,4.5,1.16,6.16,1.18,4.5,1.22,6.7,1.15,5.26
WTA,2013,28,Paris,French Open,2013-05-28,Grand Slam,Outdoor,Clay,1st Round,3,Mladenovic K.,Davis L.,46.0,65.0,1304.0,918.0,6.0,0.0,7.0,5.0,,,2.0,0.0,Completed,1.53,2.37,1.6,2.3,1.57,2.25,1.61,2.47,1.57,2.38,1.63,2.56,1.58,2.36
WTA,2013,28,Paris,French Open,2013-05-28,Grand Slam,Outdoor,Clay,1st Round,3,Soler Espinosa S.,Begu I.,85.0,51.0,774.0,1139.0,6.0,3.0,6.0,2.0,,,2.0,0.0,Completed,1.5,2.5,1.6,2.3,1.62,2.2,1.6,2.5,1.62,2.25,1.62,2.61,1.57,2.37
WTA,2013,28,Paris,French Open,2013-05-28,Grand Slam,Outdoor,Clay,1st Round,3,Cibulkova D.,Tsurenko L.,16.0,75.0,2540.0,839.0,6.0,1.0,6.0,4.0,,,2.0,0.0,Completed,1.18,4.5,1.22,4.15,1.22,4.0,1.25,4.42,1.22,4.0,1.27,4.65,1.23,4.12
WTA,2013,28,Paris,French Open,2013-05-28,Grand Slam,Outdoor,Clay,1st Round,3,Erakovic M.,Baltacha E.,92.0,200.0,738.0,293.0,6.0,3.0,6.0,0.0,,,2.0,0.0,Completed,1.53,2.37,1.55,2.4,1.53,2.38,1.58,2.55,1.53,2.5,1.67,2.64,1.56,2.38
WTA,2013,28,Paris,French Open,2013-05-29,Grand Slam,Outdoor,Clay,1st Round,3,Barty A.,Hradecka L.,183.0,87.0,338.0,756.0,7.0,5.0,2.0,6.0,6.0,1.0,2.0,1.0,Completed,2.62,1.44,2.7,1.45,2.62,1.44,2.46,1.62,3.0,1.36,3.0,1.65,2.53,1.51
WTA,2013,28,Paris,French Open,2013-05-29,Grand Slam,Outdoor,Clay,1st Round,3,Kirilenko M.,Bratchikova N.,12.0,107.0,3036.0,617.0,6.0,0.0,6.0,1.0,,,2.0,0.0,Completed,1.06,10.0,1.08,7.5,1.07,7.5,1.08,10.25,1.08,7.5,1.1,12.0,1.07,8.53
WTA,2013,28,Paris,French Open,2013-05-29,Grand Slam,Outdoor,Clay,1st Round,3,Hampton J.,Safarova L.,54.0,29.0,1093.0,1595.0,7.0,6.0,3.0,6.0,9.0,7.0,2.0,1.0,Completed,2.62,1.44,2.7,1.45,2.62,1.44,2.77,1.51,2.75,1.44,2.85,1.52,2.69,1.45
WTA,2013,28,Paris,French Open,2013-05-29,Grand Slam,Outdoor,Clay,1st Round,3,Kvitova P.,Rezai A.,7.0,185.0,5175.0,333.0,6.0,3.0,4.0,6.0,6.0,2.0,2.0,1.0,Completed,1.11,6.5,1.1,6.5,1.08,8.0,1.11,8.04,1.08,7.5,1.14,8.04,1.1,6.83
WTA,2013,28,Paris,French Open,2013-05-29,Grand Slam,Outdoor,Clay,1st Round,3,Peng S.,Giorgi C.,23.0,84.0,1745.0,777.0,6.0,4.0,6.0,2.0,,,2.0,0.0,Completed,1.4,2.75,1.4,2.9,1.4,2.75,1.51,2.77,1.44,2.75,1.51,3.0,1.42,2.8
WTA,2013,28,Paris,French Open,2013-05-29,Grand Slam,Outdoor,Clay,1st Round,3,Schmiedlova A.,Wickmayer Y.,150.0,41.0,433.0,1365.0,7.0,6.0,2.0,6.0,6.0,2.0,2.0,1.0,Completed,2.2,1.61,2.2,1.65,2.38,1.53,2.44,1.63,2.38,1.57,2.6,1.7,2.29,1.61
WTA,2013,28,Paris,French Open,2013-05-29,Grand Slam,Outdoor,Clay,1st Round,3,Azarenka V.,Vesnina E.,3.0,38.0,9005.0,1468.0,6.0,1.0,6.0,4.0,,,2.0,0.0,Completed,1.04,13.0,1.04,10.0,1.04,10.0,1.04,15.0,1.04,10.0,1.05,16.0,1.04,11.66
WTA,2013,28,Paris,French Open,2013-05-29,Grand Slam,Outdoor,Clay,1st Round,3,Voegele S.,Watson H.,56.0,48.0,1071.0,1240.0,6.0,4.0,2.0,6.0,6.0,4.0,2.0,1.0,Completed,1.4,2.75,1.4,2.9,1.44,2.62,1.46,2.95,1.5,2.63,1.5,3.05,1.42,2.82
WTA,2013,28,Paris,French Open,2013-05-29,Grand Slam,Outdoor,Clay,1st Round,3,Beck A.,Zahlavova S.,62.0,202.0,980.0,292.0,6.0,2.0,6.0,1.0,,,2.0,0.0,Completed,1.53,2.37,1.55,2.4,1.53,2.38,1.48,2.88,1.62,2.25,1.63,2.88,1.54,2.43
WTA,2013,28,Paris,French Open,2013-05-29,Grand Slam,Outdoor,Clay,1st Round,3,Kanepi K.,Zakopalova K.,26.0,24.0,1680.0,1745.0,7.0,6.0,6.0,2.0,,,2.0,0.0,Completed,1.28,3.5,1.25,3.85,1.29,3.5,1.24,4.54,1.25,3.75,1.33,4.54,1.26,3.81
WTA,2013,28,Paris,French Open,2013-05-29,Grand Slam,Outdoor,Clay,2nd Round,3,Radwanska A.,Burdette M.,4.0,80.0,6125.0,806.0,6.0,3.0,6.0,2.0,,,2.0,0.0,Completed,1.11,6.5,1.1,6.5,1.12,6.0,1.13,7.14,1.13,6.0,1.15,7.9,1.11,6.38
WTA,2013,28,Paris,French Open,2013-05-29,Grand Slam,Outdoor,Clay,2nd Round,3,Pfizenmaier D.,Radwanska U.,127.0,40.0,523.0,1430.0,6.0,3.0,6.0,3.0,,,2.0,0.0,Completed,2.2,1.61,2.2,1.65,2.25,1.57,2.29,1.7,2.25,1.62,2.62,1.71,2.25,1.62
WTA,2013,28,Paris,French Open,2013-05-29,Grand Slam,Outdoor,Clay,2nd Round,3,Kerber A.,Cepelova J.,8.0,69.0,5135.0,886.0,6.0,2.0,6.0,2.0,,,2.0,0.0,Completed,1.12,6.0,1.12,6.0,1.14,5.5,1.13,7.31,1.14,5.5,1.18,7.31,1.13,5.81
WTA,2013,28,Paris,French Open,2013-05-29,Grand Slam,Outdoor,Clay,2nd Round,3,Lepchenko V.,Svitolina E.,25.0,90.0,1686.0,744.0,7.0,6.0,6.0,1.0,,,2.0,0.0,Completed,1.28,3.5,1.3,3.45,1.3,3.4,1.24,4.58,1.29,3.5,1.32,4.58,1.28,3.63
WTA,2013,28,Paris,French Open,2013-05-29,Grand Slam,Outdoor,Clay,2nd Round,3,Kuznetsova S.,Rybarikova M.,39.0,52.0,1442.0,1136.0,1.0,6.0,6.0,2.0,6.0,2.0,2.0,1.0,Completed,1.22,4.0,1.2,4.4,1.25,3.75,1.27,4.26,1.25,3.75,1.27,4.8,1.22,4.2
WTA,2013,28,Paris,French Open,2013-05-29,Grand Slam,Outdoor,Clay,2nd Round,3,Suarez Navarro C.,Rogers S.,20.0,170.0,1975.0,374.0,3.0,6.0,6.0,4.0,6.0,4.0,2.0,1.0,Completed,1.11,6.5,1.13,5.75,1.14,5.0,1.15,6.34,1.14,5.5,1.17,7.9,1.13,5.9
WTA,2013,28,Paris,French Open,2013-05-29,Grand Slam,Outdoor,Clay,2nd Round,3,Jovanovski B.,Wozniacki C.,47.0,10.0,1240.0,3625.0,7.0,6.0,6.0,3.0,,,2.0,0.0,Completed,3.75,1.25,3.85,1.25,3.4,1.3,4.1,1.28,4.0,1.22,4.1,1.3,3.74,1.27
WTA,2013,28,Paris,French Open,2013-05-29,Grand Slam,Outdoor,Clay,2nd Round,3,Vinci R.,Voskoboeva G.,15.0,123.0,2785.0,553.0,6.0,4.0,4.0,6.0,6.0,2.0,2.0,1.0,Completed,1.18,4.5,1.2,4.4,1.2,4.33,1.32,3.73,1.2,4.5,1.32,4.95,1.22,4.25
WTA,2013,28,Paris,French Open,2013-05-29,Grand Slam,Outdoor,Clay,2nd Round,3,Cetkovska P.,Pavlyuchenkova A.,198.0,19.0,298.0,2010.0,7.0,5.0,2.0,6.0,6.0,4.0,2.0,1.0,Completed,2.75,1.4,2.55,1.5,2.75,1.4,2.75,1.51,2.5,1.53,2.88,1.55,2.63,1.47
WTA,2013,28,Paris,French Open,2013-05-29,Grand Slam,Outdoor,Clay,2nd Round,3,Cirstea S.,Larsson J.,30.0,66.0,1595.0,910.0,6.0,1.0,6.0,4.0,,,2.0,0.0,Completed,1.44,2.62,1.5,2.55,1.4,2.75,1.58,2.56,1.44,2.75,1.58,2.8,1.47,2.65
WTA,2013,28,Paris,French Open,2013-05-29,Grand Slam,Outdoor,Clay,2nd Round,3,Razzano V.,Kucova Z.,178.0,,354.0,,4.0,6.0,6.0,2.0,6.0,0.0,2.0,1.0,Completed,1.61,2.2,1.65,2.2,1.57,2.25,1.65,2.4,1.62,2.25,1.73,2.46,1.62,2.26
WTA,2013,28,Paris,French Open,2013-05-29,Grand Slam,Outdoor,Clay,2nd Round,3,Lisicki S.,Torro Flor M.T.,34.0,71.0,1526.0,870.0,6.0,4.0,6.0,0.0,,,2.0,0.0,Completed,1.36,3.0,1.4,2.9,1.36,3.0,1.38,3.31,1.36,3.0,1.4,3.75,1.37,3.06
WTA,2013,28,Paris,French Open,2013-05-29,Grand Slam,Outdoor,Clay,2nd Round,3,Williams S.,Garcia C.,1.0,114.0,11620.0,586.0,6.0,1.0,6.0,2.0,,,2.0,0.0,Completed,1.01,26.0,1.01,20.0,1.01,26.0,1.01,31.0,1.01,26.0,1.02,56.0,1.01,24.13
WTA,2013,28,Paris,French Open,2013-05-29,Grand Slam,Outdoor,Clay,2nd Round,3,Errani S.,Putintseva Y.,5.0,98.0,5835.0,684.0,6.0,1.0,6.0,1.0,,,2.0,0.0,Completed,1.1,7.0,1.12,6.0,1.12,6.0,1.14,6.87,1.13,6.0,1.14,8.0,1.1,6.64
WTA,2013,28,Paris,French Open,2013-05-29,Grand Slam,Outdoor,Clay,2nd Round,3,Puig M.,Keys M.,86.0,58.0,761.0,1028.0,6.0,4.0,7.0,6.0,,,2.0,0.0,Completed,2.2,1.61,2.12,1.7,2.1,1.67,2.3,1.69,2.2,1.67,2.3,1.77,2.17,1.66
WTA,2013,28,Paris,French Open,2013-05-29,Grand Slam,Outdoor,Clay,2nd Round,3,Ivanovic A.,Johansson M.,14.0,94.0,2800.0,712.0,6.0,2.0,6.0,2.0,,,2.0,0.0,Completed,1.08,8.0,1.07,8.0,1.08,8.0,1.12,7.71,1.08,7.5,1.14,9.0,1.09,7.29
WTA,2013,28,Paris,French Open,2013-05-30,Grand Slam,Outdoor,Clay,2nd Round,3,Stosur S.,Mladenovic K.,9.0,46.0,3645.0,1304.0,6.0,4.0,6.0,3.0,,,2.0,0.0,Completed,1.14,5.5,1.16,5.0,1.17,5.0,1.15,6.48,1.17,5.0,1.2,6.48,1.16,5.12
WTA,2013,28,Paris,French Open,2013-05-30,Grand Slam,Outdoor,Clay,2nd Round,3,Ormaechea P.,Shvedova Y.,118.0,31.0,563.0,1572.0,6.0,4.0,7.0,6.0,,,2.0,0.0,Completed,2.37,1.53,2.4,1.55,2.5,1.5,2.46,1.63,2.38,1.57,2.66,1.63,2.38,1.57
WTA,2013,28,Paris,French Open,2013-05-30,Grand Slam,Outdoor,Clay,2nd Round,3,Zheng J.,Oudin M.,43.0,78.0,1320.0,814.0,6.0,3.0,6.0,1.0,,,2.0,0.0,Completed,1.53,2.37,1.55,2.4,1.53,2.38,1.64,2.42,1.53,2.5,1.64,2.66,1.55,2.41
WTA,2013,28,Paris,French Open,2013-05-30,Grand Slam,Outdoor,Clay,2nd Round,3,Erakovic M.,Cibulkova D.,92.0,16.0,738.0,2540.0,6.0,2.0,2.0,6.0,6.0,4.0,2.0,1.0,Completed,5.0,1.16,4.4,1.2,4.5,1.17,6.52,1.15,5.0,1.17,6.52,1.23,4.72,1.19
WTA,2013,28,Paris,French Open,2013-05-30,Grand Slam,Outdoor,Clay,2nd Round,3,Jankovic J.,Muguruza G.,18.0,72.0,2500.0,857.0,6.0,3.0,6.0,0.0,,,2.0,0.0,Completed,1.18,4.5,1.22,4.15,1.22,4.0,1.24,4.54,1.25,3.75,1.26,5.1,1.22,4.16
WTA,2013,28,Paris,French Open,2013-05-30,Grand Slam,Outdoor,Clay,2nd Round,3,Mattek-Sands B.,Li N.,67.0,6.0,902.0,5335.0,5.0,7.0,6.0,3.0,6.0,2.0,2.0,1.0,Completed,4.5,1.18,3.65,1.27,4.33,1.22,4.38,1.26,4.0,1.22,5.2,1.27,4.29,1.22
WTA,2013,28,Paris,French Open,2013-05-30,Grand Slam,Outdoor,Clay,2nd Round,3,Stephens S.,King V.,17.0,128.0,2530.0,523.0,6.0,1.0,6.0,3.0,,,2.0,0.0,Completed,1.4,2.75,1.4,2.9,1.36,3.0,1.46,2.95,1.36,3.0,1.47,3.1,1.4,2.88
WTA,2013,28,Paris,French Open,2013-05-30,Grand Slam,Outdoor,Clay,2nd Round,3,Hampton J.,Schmiedlova A.,54.0,150.0,1093.0,433.0,7.0,5.0,6.0,2.0,,,2.0,0.0,Completed,1.57,2.25,1.65,2.2,1.53,2.38,1.66,2.38,1.67,2.2,1.72,2.38,1.62,2.26
WTA,2013,28,Paris,French Open,2013-05-30,Grand Slam,Outdoor,Clay,2nd Round,3,Azarenka V.,Beck A.,3.0,62.0,9005.0,980.0,6.0,4.0,6.0,3.0,,,2.0,0.0,Completed,1.02,29.0,1.03,12.0,1.02,17.0,1.02,31.0,1.02,13.0,1.03,34.0,1.02,17.12
WTA,2013,28,Paris,French Open,2013-05-30,Grand Slam,Outdoor,Clay,2nd Round,3,Kvitova P.,Peng S.,7.0,23.0,5175.0,1745.0,6.0,4.0,6.0,3.0,,,2.0,0.0,Completed,1.4,2.75,1.5,2.55,1.4,2.75,1.48,2.88,1.44,2.75,1.55,2.88,1.46,2.68
WTA,2013,28,Paris,French Open,2013-05-30,Grand Slam,Outdoor,Clay,2nd Round,3,Cornet A.,Soler Espinosa S.,27.0,85.0,1610.0,774.0,6.0,1.0,6.0,3.0,,,2.0,0.0,Completed,1.4,2.75,1.45,2.7,1.4,2.75,1.48,2.86,1.44,2.75,1.54,2.86,1.45,2.7
WTA,2013,28,Paris,French Open,2013-05-31,Grand Slam,Outdoor,Clay,2nd Round,3,Bartoli M.,Duque Marino M.,13.0,162.0,2845.0,401.0,7.0,6.0,7.0,5.0,,,2.0,0.0,Completed,1.66,2.1,1.7,2.12,1.67,2.2,1.75,2.21,1.73,2.1,1.77,2.38,1.69,2.13
WTA,2013,28,Paris,French Open,2013-05-31,Grand Slam,Outdoor,Clay,2nd Round,3,Kirilenko M.,Barty A.,12.0,183.0,3036.0,338.0,6.0,3.0,6.0,1.0,,,2.0,0.0,Completed,1.11,6.5,1.12,6.0,1.12,5.5,1.15,6.5,1.1,7.0,1.15,7.5,1.11,6.3
WTA,2013,28,Paris,French Open,2013-05-31,Grand Slam,Outdoor,Clay,2nd Round,3,Sharapova M.,Bouchard E.,2.0,77.0,10015.0,831.0,6.0,2.0,6.0,4.0,,,2.0,0.0,Completed,1.02,17.0,1.03,12.0,1.02,15.0,1.04,15.0,1.03,11.0,1.04,23.5,1.03,14.05
WTA,2013,28,Paris,French Open,2013-05-31,Grand Slam,Outdoor,Clay,2nd Round,3,Schiavone F.,Flipkens K.,50.0,21.0,1166.0,1908.0,6.0,1.0,4.0,6.0,6.0,3.0,2.0,1.0,Completed,1.72,2.0,1.75,2.05,1.73,2.1,1.75,2.2,1.73,2.1,1.81,2.25,1.73,2.07
WTA,2013,28,Paris,French Open,2013-05-31,Grand Slam,Outdoor,Clay,2nd Round,3,Voegele S.,Kanepi K.,56.0,26.0,1071.0,1680.0,7.0,6.0,3.0,6.0,8.0,6.0,2.0,1.0,Completed,8.0,1.08,6.75,1.1,6.5,1.1,8.6,1.1,7.0,1.1,9.0,1.13,7.13,1.09
WTA,2013,28,Paris,French Open,2013-05-31,Grand Slam,Outdoor,Clay,3rd Round,3,Williams S.,Cirstea S.,1.0,30.0,11620.0,1595.0,6.0,0.0,6.0,2.0,,,2.0,0.0,Completed,1.01,23.0,1.01,20.0,1.01,26.0,1.02,25.5,1.01,15.0,1.03,37.0,1.01,18.49
WTA,2013,28,Paris,French Open,2013-05-31,Grand Slam,Outdoor,Clay,3rd Round,3,Errani S.,Lisicki S.,5.0,34.0,5835.0,1526.0,6.0,0.0,6.0,4.0,,,2.0,0.0,Completed,1.4,2.75,1.4,2.9,1.4,3.0,1.43,3.1,1.4,2.88,1.45,3.5,1.4,2.89
WTA,2013,28,Paris,French Open,2013-05-31,Grand Slam,Outdoor,Clay,3rd Round,3,Kerber A.,Lepchenko V.,8.0,25.0,5135.0,1686.0,6.0,4.0,6.0,7.0,6.0,4.0,2.0,1.0,Completed,1.53,2.37,1.55,2.4,1.5,2.5,1.61,2.51,1.53,2.5,1.63,2.56,1.54,2.44
WTA,2013,28,Paris,French Open,2013-05-31,Grand Slam,Outdoor,Clay,3rd Round,3,Suarez Navarro C.,Puig M.,20.0,86.0,1975.0,761.0,6.0,4.0,7.0,5.0,,,2.0,0.0,Completed,1.3,3.4,1.3,3.45,1.33,3.25,1.3,4.01,1.29,3.5,1.38,4.01,1.31,3.42
WTA,2013,28,Paris,French Open,2013-05-31,Grand Slam,Outdoor,Clay,3rd Round,3,Ivanovic A.,Razzano V.,14.0,178.0,2800.0,354.0,6.0,3.0,6.0,2.0,,,2.0,0.0,Completed,1.1,7.0,1.1,6.5,1.07,7.5,1.11,8.19,1.07,8.0,1.15,8.19,1.1,6.94
WTA,2013,28,Paris,French Open,2013-05-31,Grand Slam,Outdoor,Clay,3rd Round,3,Vinci R.,Cetkovska P.,15.0,198.0,2785.0,298.0,6.0,1.0,2.0,6.0,6.0,2.0,2.0,1.0,Completed,1.4,2.75,1.4,2.9,1.36,3.0,1.45,3.01,1.4,2.88,1.5,3.1,1.41,2.85
WTA,2013,28,Paris,French Open,2013-05-31,Grand Slam,Outdoor,Clay,3rd Round,3,Kuznetsova S.,Jovanovski B.,39.0,47.0,1442.0,1240.0,6.0,4.0,7.0,6.0,,,2.0,0.0,Completed,1.22,4.0,1.25,3.85,1.25,3.75,1.26,4.4,1.25,3.75,1.3,4.4,1.26,3.82
WTA,2013,28,Paris,French Open,2013-05-31,Grand Slam,Outdoor,Clay,3rd Round,3,Radwanska A.,Pfizenmaier D.,4.0,127.0,6125.0,523.0,6.0,3.0,6.0,4.0,,,2.0,0.0,Completed,1.12,6.0,1.12,6.0,1.1,7.0,1.11,8.19,1.1,7.0,1.15,8.19,1.11,6.44
WTA,2013,28,Paris,French Open,2013-06-01,Grand Slam,Outdoor,Clay,3rd Round,3,Azarenka V.,Cornet A.,3.0,27.0,9005.0,1610.0,4.0,6.0,6.0,3.0,6.0,1.0,2.0,1.0,Completed,1.04,13.0,1.03,12.0,1.05,10.0,1.06,12.5,1.05,9.0,1.06,16.0,1.04,10.92
WTA,2013,28,Paris,French Open,2013-06-01,Grand Slam,Outdoor,Clay,3rd Round,3,Stephens S.,Erakovic M.,17.0,92.0,2530.0,738.0,6.0,4.0,6.0,7.0,6.0,3.0,2.0,1.0,Completed,1.22,4.0,1.3,3.45,1.3,3.5,1.34,3.69,1.33,3.25,1.34,4.0,1.3,3.5
WTA,2013,28,Paris,French Open,2013-06-01,Grand Slam,Outdoor,Clay,3rd Round,3,Mattek-Sands B.,Ormaechea P.,67.0,118.0,902.0,563.0,4.0,6.0,6.0,1.0,6.0,3.0,2.0,1.0,Completed,1.36,3.0,1.35,3.15,1.4,3.0,1.42,3.17,1.36,3.0,1.43,3.4,1.37,3.06
WTA,2013,28,Paris,French Open,2013-06-01,Grand Slam,Outdoor,Clay,3rd Round,3,Sharapova M.,Zheng J.,2.0,43.0,10015.0,1320.0,6.0,1.0,7.0,5.0,,,2.0,0.0,Completed,1.02,19.0,1.04,10.0,1.03,12.0,1.03,19.0,1.05,10.0,1.06,19.0,1.04,12.34
WTA,2013,28,Paris,French Open,2013-06-01,Grand Slam,Outdoor,Clay,3rd Round,3,Schiavone F.,Bartoli M.,50.0,13.0,1166.0,2845.0,6.0,2.0,6.0,1.0,,,2.0,0.0,Completed,1.4,2.75,1.45,2.7,1.5,2.62,1.54,2.71,1.44,2.75,1.57,2.95,1.49,2.61
WTA,2013,28,Paris,French Open,2013-06-01,Grand Slam,Outdoor,Clay,3rd Round,3,Kirilenko M.,Voegele S.,12.0,56.0,3036.0,1071.0,7.0,6.0,7.0,5.0,,,2.0,0.0,Completed,1.16,5.0,1.19,4.55,1.17,5.0,1.2,5.45,1.2,4.5,1.25,5.5,1.19,4.69
WTA,2013,28,Paris,French Open,2013-06-01,Grand Slam,Outdoor,Clay,3rd Round,3,Hampton J.,Kvitova P.,54.0,7.0,1093.0,5175.0,6.0,1.0,7.0,6.0,,,2.0,0.0,Completed,3.25,1.33,3.15,1.35,3.4,1.33,3.45,1.38,3.0,1.36,3.55,1.4,3.16,1.35
WTA,2013,28,Paris,French Open,2013-06-01,Grand Slam,Outdoor,Clay,3rd Round,3,Jankovic J.,Stosur S.,18.0,9.0,2500.0,3645.0,3.0,6.0,6.0,3.0,6.0,4.0,2.0,1.0,Completed,2.1,1.66,2.05,1.75,2.1,1.73,2.12,1.83,2.0,1.8,2.15,1.85,2.03,1.76
WTA,2013,28,Paris,French Open,2013-06-02,Grand Slam,Outdoor,Clay,4th Round,3,Kuznetsova S.,Kerber A.,39.0,8.0,1442.0,5135.0,6.0,4.0,4.0,6.0,6.0,3.0,2.0,1.0,Completed,2.2,1.66,2.12,1.7,2.1,1.73,2.29,1.71,2.1,1.73,2.29,1.81,2.12,1.71
WTA,2013,28,Paris,French Open,2013-06-02,Grand Slam,Outdoor,Clay,4th Round,3,Williams S.,Vinci R.,1.0,15.0,11620.0,2785.0,6.0,1.0,6.0,3.0,,,2.0,0.0,Completed,1.01,26.0,1.01,11.5,1.02,15.0,1.02,27.78,1.02,13.0,1.04,27.78,1.02,16.49
WTA,2013,28,Paris,French Open,2013-06-02,Grand Slam,Outdoor,Clay,4th Round,3,Errani S.,Suarez Navarro C.,5.0,20.0,5835.0,1975.0,5.0,7.0,6.0,4.0,6.0,3.0,2.0,1.0,Completed,1.2,4.5,1.2,4.4,1.22,4.33,1.24,4.68,1.22,4.0,1.25,5.0,1.22,4.32
WTA,2013,28,Paris,French Open,2013-06-02,Grand Slam,Outdoor,Clay,4th Round,3,Radwanska A.,Ivanovic A.,4.0,14.0,6125.0,2800.0,6.0,2.0,6.0,4.0,,,2.0,0.0,Completed,1.72,2.1,1.7,2.12,1.73,2.1,1.81,2.14,1.73,2.1,1.85,2.38,1.74,2.07
WTA,2013,28,Paris,French Open,2013-06-03,Grand Slam,Outdoor,Clay,4th Round,3,Azarenka V.,Schiavone F.,3.0,50.0,9005.0,1166.0,6.0,3.0,6.0,0.0,,,2.0,0.0,Completed,1.11,6.5,1.16,5.0,1.14,5.5,1.15,6.54,1.15,5.5,1.18,6.7,1.15,5.55
WTA,2013,28,Paris,French Open,2013-06-03,Grand Slam,Outdoor,Clay,4th Round,3,Kirilenko M.,Mattek-Sands B.,12.0,67.0,3036.0,902.0,7.0,5.0,6.0,4.0,,,2.0,0.0,Completed,1.57,2.37,1.55,2.4,1.57,2.38,1.63,2.46,1.62,2.38,1.67,2.62,1.58,2.36
WTA,2013,28,Paris,French Open,2013-06-03,Grand Slam,Outdoor,Clay,4th Round,3,Sharapova M.,Stephens S.,2.0,17.0,10015.0,2530.0,6.0,4.0,6.0,3.0,,,2.0,0.0,Completed,1.07,9.0,1.07,8.0,1.07,8.5,1.09,9.6,1.08,8.0,1.11,9.8,1.08,7.89
WTA,2013,28,Paris,French Open,2013-06-03,Grand Slam,Outdoor,Clay,4th Round,3,Jankovic J.,Hampton J.,18.0,54.0,2500.0,1093.0,6.0,0.0,6.0,2.0,,,2.0,0.0,Completed,1.36,3.25,1.4,2.9,1.44,2.75,1.38,3.41,1.4,2.88,1.47,3.5,1.38,3.05
WTA,2013,28,Paris,French Open,2013-06-04,Grand Slam,Outdoor,Clay,Quarterfinals,3,Errani S.,Radwanska A.,5.0,4.0,5835.0,6125.0,6.0,4.0,7.0,6.0,,,2.0,0.0,Completed,2.37,1.57,2.4,1.55,2.38,1.57,2.56,1.59,2.5,1.57,2.58,1.68,2.38,1.58
WTA,2013,28,Paris,French Open,2013-06-04,Grand Slam,Outdoor,Clay,Quarterfinals,3,Williams S.,Kuznetsova S.,1.0,39.0,11620.0,1442.0,6.0,1.0,3.0,6.0,6.0,3.0,2.0,1.0,Completed,1.04,13.0,1.04,10.0,1.03,12.0,1.05,14.8,1.05,11.0,1.07,15.0,1.04,11.39
WTA,2013,28,Paris,French Open,2013-06-05,Grand Slam,Outdoor,Clay,Quarterfinals,3,Sharapova M.,Jankovic J.,2.0,18.0,10015.0,2500.0,0.0,6.0,6.0,4.0,6.0,3.0,2.0,1.0,Completed,1.16,5.0,1.18,4.75,1.14,5.5,1.2,5.45,1.17,5.5,1.21,5.7,1.18,4.95
WTA,2013,28,Paris,French Open,2013-06-05,Grand Slam,Outdoor,Clay,Quarterfinals,3,Azarenka V.,Kirilenko M.,3.0,12.0,9005.0,3036.0,7.0,6.0,6.0,2.0,,,2.0,0.0,Completed,1.14,5.5,1.16,5.0,1.12,6.0,1.15,6.8,1.17,5.5,1.18,7.0,1.14,5.64
WTA,2013,28,Paris,French Open,2013-06-06,Grand Slam,Outdoor,Clay,Semifinals,3,Sharapova M.,Azarenka V.,2.0,3.0,10015.0,9005.0,6.0,1.0,2.0,6.0,6.0,4.0,2.0,1.0,Completed,1.8,2.0,1.85,1.92,1.8,2.0,1.93,2.01,1.83,2.0,1.94,2.08,1.83,1.96
WTA,2013,28,Paris,French Open,2013-06-06,Grand Slam,Outdoor,Clay,Semifinals,3,Williams S.,Errani S.,1.0,5.0,11620.0,5835.0,6.0,0.0,6.0,1.0,,,2.0,0.0,Completed,1.06,10.0,1.06,8.5,1.06,9.0,1.07,11.75,1.07,9.0,1.09,11.75,1.06,9.33
WTA,2013,28,Paris,French Open,2013-06-08,Grand Slam,Outdoor,Clay,The Final,3,Williams S.,Sharapova M.,1.0,2.0,11620.0,10015.0,6.0,4.0,6.0,4.0,,,2.0,0.0,Completed,1.14,5.5,1.16,5.0,1.17,5.0,1.17,6.38,1.17,5.5,1.22,6.38,1.16,5.27
WTA,2013,33,London,Wimbledon,2013-06-24,Grand Slam,Outdoor,Grass,1st Round,3,Tsurenko L.,Arruabarrena-Vecino L.,69.0,80.0,903.0,817.0,6.0,1.0,6.0,3.0,,,2.0,0.0,Completed,1.33,3.25,1.35,3.15,1.36,3.0,1.38,3.32,1.36,3.0,1.42,3.55,1.36,3.09
WTA,2013,33,London,Wimbledon,2013-06-24,Grand Slam,Outdoor,Grass,1st Round,3,Pennetta F.,Baltacha E.,166.0,167.0,375.0,371.0,6.0,4.0,6.0,1.0,,,2.0,0.0,Completed,2.1,1.66,2.15,1.65,2.0,1.8,2.12,1.81,2.0,1.8,2.3,1.81,2.06,1.74
WTA,2013,33,London,Wimbledon,2013-06-24,Grand Slam,Outdoor,Grass,1st Round,3,Cornet A.,King V.,31.0,113.0,1545.0,583.0,4.0,6.0,6.0,3.0,6.0,1.0,2.0,1.0,Completed,1.5,2.5,1.6,2.3,1.53,2.38,1.68,2.32,1.62,2.25,1.69,2.7,1.57,2.38
WTA,2013,33,London,Wimbledon,2013-06-24,Grand Slam,Outdoor,Grass,1st Round,3,Puig M.,Errani S.,65.0,5.0,929.0,5335.0,6.0,3.0,6.0,2.0,,,2.0,0.0,Completed,6.0,1.12,6.0,1.12,7.0,1.1,7.24,1.13,5.5,1.14,7.5,1.17,6.06,1.12
WTA,2013,33,London,Wimbledon,2013-06-24,Grand Slam,Outdoor,Grass,1st Round,3,Knapp K.,Hradecka L.,104.0,89.0,620.0,763.0,6.0,3.0,6.0,4.0,,,2.0,0.0,Completed,2.2,1.61,2.4,1.55,2.25,1.57,2.34,1.68,2.25,1.62,2.48,1.68,2.29,1.61
WTA,2013,33,London,Wimbledon,2013-06-24,Grand Slam,Outdoor,Grass,1st Round,3,Ivanovic A.,Razzano V.,12.0,158.0,2920.0,400.0,7.0,6.0,6.0,0.0,,,2.0,0.0,Completed,1.12,6.0,1.12,6.0,1.12,6.0,1.14,6.83,1.13,6.0,1.17,6.83,1.13,5.99
WTA,2013,33,London,Wimbledon,2013-06-24,Grand Slam,Outdoor,Grass,1st Round,3,Safarova L.,Davis L.,30.0,85.0,1560.0,787.0,6.0,4.0,6.0,0.0,,,2.0,0.0,Completed,1.16,5.0,1.16,5.0,1.17,4.5,1.17,5.98,1.14,5.5,1.2,6.3,1.17,4.99
WTA,2013,33,London,Wimbledon,2013-06-24,Grand Slam,Outdoor,Grass,1st Round,3,Soler Espinosa S.,Doi M.,74.0,94.0,874.0,708.0,1.0,6.0,6.0,4.0,6.0,1.0,2.0,1.0,Completed,2.37,1.53,2.4,1.55,2.38,1.53,2.31,1.69,2.38,1.57,2.5,1.7,2.33,1.59
WTA,2013,33,London,Wimbledon,2013-06-24,Grand Slam,Outdoor,Grass,1st Round,3,Birnerova E.,Lepchenko V.,152.0,29.0,419.0,1566.0,6.0,2.0,4.0,6.0,6.0,4.0,2.0,1.0,Completed,4.5,1.18,4.4,1.2,4.0,1.22,4.93,1.22,4.5,1.2,5.5,1.22,4.55,1.2
WTA,2013,33,London,Wimbledon,2013-06-24,Grand Slam,Outdoor,Grass,1st Round,3,Bouchard E.,Voskoboeva G.,66.0,88.0,924.0,777.0,5.0,7.0,7.0,6.0,6.0,4.0,2.0,1.0,Completed,2.0,1.72,2.0,1.78,2.0,1.73,1.99,1.92,2.1,1.73,2.1,1.92,1.99,1.78
WTA,2013,33,London,Wimbledon,2013-06-24,Grand Slam,Outdoor,Grass,1st Round,3,Dolonc V.,Wickmayer Y.,97.0,40.0,688.0,1365.0,3.0,6.0,6.0,2.0,6.0,4.0,2.0,1.0,Completed,3.4,1.3,3.45,1.3,3.5,1.29,3.33,1.37,3.25,1.33,3.75,1.38,3.33,1.32
WTA,2013,33,London,Wimbledon,2013-06-24,Grand Slam,Outdoor,Grass,1st Round,3,Azarenka V.,Koehler M.J.,2.0,106.0,9625.0,609.0,6.0,1.0,6.0,2.0,,,2.0,0.0,Completed,1.002,34.0,1.01,20.0,1.02,17.0,1.01,29.16,1.01,15.0,1.02,36.0,1.01,20.03
WTA,2013,33,London,Wimbledon,2013-06-24,Grand Slam,Outdoor,Grass,1st Round,3,Lucic M.,Arvidsson S.,96.0,83.0,691.0,800.0,6.0,1.0,6.0,4.0,,,2.0,0.0,Completed,1.4,2.75,1.45,2.7,1.44,2.62,1.58,2.56,1.44,2.75,1.58,2.98,1.46,2.67
WTA,2013,33,London,Wimbledon,2013-06-24,Grand Slam,Outdoor,Grass,1st Round,3,Cirstea S.,Voegele S.,23.0,614.0,1760.0,42.0,7.0,5.0,7.0,6.0,,,2.0,0.0,Completed,1.4,2.75,1.5,2.55,1.4,2.75,1.53,2.7,1.5,2.63,1.53,2.9,1.48,2.64
WTA,2013,33,London,Wimbledon,2013-06-24,Grand Slam,Outdoor,Grass,1st Round,3,Giorgi C.,Murray S.,93.0,235.0,720.0,235.0,6.0,3.0,6.0,4.0,,,2.0,0.0,Completed,1.16,5.0,1.2,4.4,1.22,4.0,1.19,5.42,1.17,5.0,1.22,5.7,1.19,4.66
WTA,2013,33,London,Wimbledon,2013-06-24,Grand Slam,Outdoor,Grass,1st Round,3,Hsieh S.W.,Maria T.,41.0,115.0,1350.0,561.0,6.0,1.0,6.0,0.0,,,2.0,0.0,Completed,1.12,6.0,1.16,5.0,1.14,5.0,1.19,5.54,1.14,5.5,1.19,6.5,1.15,5.41
WTA,2013,33,London,Wimbledon,2013-06-24,Grand Slam,Outdoor,Grass,1st Round,3,Suarez Navarro C.,Dominguez Lino L.,18.0,53.0,2165.0,1140.0,6.0,2.0,6.0,2.0,,,2.0,0.0,Completed,1.18,4.5,1.2,4.4,1.22,4.0,1.23,4.72,1.2,4.5,1.25,4.9,1.21,4.39
WTA,2013,33,London,Wimbledon,2013-06-24,Grand Slam,Outdoor,Grass,1st Round,3,Jankovic J.,Konta J.,14.0,137.0,2830.0,474.0,6.0,2.0,7.0,5.0,,,2.0,0.0,Completed,1.11,6.0,1.08,7.5,1.1,6.5,1.14,6.69,1.07,8.0,1.14,8.0,1.11,6.5
WTA,2013,33,London,Wimbledon,2013-06-24,Grand Slam,Outdoor,Grass,1st Round,3,Sharapova M.,Mladenovic K.,3.0,37.0,9415.0,1411.0,7.0,6.0,6.0,3.0,,,2.0,0.0,Completed,1.01,21.0,1.01,20.0,1.01,17.0,1.02,22.73,1.04,11.0,1.04,29.0,1.02,15.91
WTA,2013,33,London,Wimbledon,2013-06-24,Grand Slam,Outdoor,Grass,1st Round,3,Larcherde Brito M.,Oudin M.,131.0,123.0,482.0,536.0,7.0,6.0,1.0,6.0,6.0,4.0,2.0,1.0,Completed,2.0,1.72,2.0,1.78,1.91,1.8,2.22,1.74,2.1,1.73,2.22,1.95,2.0,1.78
WTA,2013,33,London,Wimbledon,2013-06-24,Grand Slam,Outdoor,Grass,1st Round,3,Shvedova Y.,Bertens K.,55.0,60.0,1112.0,1025.0,6.0,4.0,6.0,3.0,,,2.0,0.0,Completed,1.36,3.0,1.4,2.9,1.36,3.0,1.43,3.09,1.44,2.75,1.45,3.15,1.41,2.87
WTA,2013,33,London,Wimbledon,2013-06-24,Grand Slam,Outdoor,Grass,1st Round,3,Wozniacki C.,Cabeza-Candela E.,9.0,101.0,3565.0,650.0,6.0,0.0,6.0,2.0,,,2.0,0.0,Completed,1.06,9.0,1.06,8.5,1.06,9.0,1.04,15.0,1.08,7.5,1.08,15.0,1.05,10.31
WTA,2013,33,London,Wimbledon,2013-06-24,Grand Slam,Outdoor,Grass,1st Round,3,Mchale C.,Glatch A.,70.0,147.0,900.0,436.0,6.0,4.0,6.0,4.0,,,2.0,0.0,Completed,1.2,4.33,1.23,4.0,1.29,3.5,1.25,4.46,1.25,3.75,1.29,4.65,1.24,4.0
WTA,2013,33,London,Wimbledon,2013-06-24,Grand Slam,Outdoor,Grass,1st Round,3,Kvitova P.,Vandeweghe C.,8.0,108.0,4435.0,592.0,6.0,1.0,5.0,7.0,6.0,4.0,2.0,1.0,Completed,1.06,9.0,1.05,9.0,1.07,8.5,1.06,11.75,1.05,10.0,1.1,11.75,1.07,8.88
WTA,2013,33,London,Wimbledon,2013-06-24,Grand Slam,Outdoor,Grass,1st Round,3,Cetkovska P.,Vekic D.,196.0,64.0,299.0,949.0,6.0,3.0,6.0,1.0,,,2.0,0.0,Completed,2.2,1.61,2.12,1.7,2.1,1.67,2.29,1.7,2.2,1.67,2.46,1.75,2.17,1.67
WTA,2013,33,London,Wimbledon,2013-06-24,Grand Slam,Outdoor,Grass,1st Round,3,Makarova E.,Larsson J.,27.0,63.0,1682.0,965.0,6.0,3.0,6.0,3.0,,,2.0,0.0,Completed,1.07,9.0,1.09,7.0,1.11,6.0,1.08,10.15,1.14,5.5,1.14,10.15,1.1,7.24
WTA,2013,33,London,Wimbledon,2013-06-24,Grand Slam,Outdoor,Grass,1st Round,3,Jovanovski B.,Tomljanovic A.,39.0,145.0,1395.0,444.0,3.0,6.0,6.0,1.0,9.0,7.0,2.0,1.0,Completed,1.72,2.0,1.78,2.0,1.73,2.0,1.87,2.04,1.8,2.0,1.87,2.2,1.75,2.04
WTA,2013,33,London,Wimbledon,2013-06-24,Grand Slam,Outdoor,Grass,1st Round,3,Stephens S.,Hampton J.,17.0,25.0,2530.0,1722.0,6.0,3.0,6.0,3.0,,,2.0,0.0,Completed,2.2,1.61,2.2,1.65,2.1,1.67,2.24,1.73,2.2,1.67,2.4,1.75,2.16,1.67
WTA,2013,33,London,Wimbledon,2013-06-24,Grand Slam,Outdoor,Grass,1st Round,3,Petkovic A.,Parmentier P.,76.0,110.0,858.0,584.0,6.0,3.0,6.0,2.0,,,2.0,0.0,Completed,1.07,9.0,1.07,8.0,1.1,6.5,1.06,12.25,1.1,7.0,1.11,13.0,1.07,8.29
WTA,2013,33,London,Wimbledon,2013-06-24,Grand Slam,Outdoor,Grass,1st Round,3,Muguruza G.,Keothavong A.,59.0,217.0,1033.0,261.0,6.0,4.0,6.0,0.0,,,2.0,0.0,Completed,1.22,4.0,1.25,3.85,1.29,3.5,1.26,4.3,1.29,3.5,1.3,4.3,1.26,3.81
WTA,2013,33,London,Wimbledon,2013-06-24,Grand Slam,Outdoor,Grass,1st Round,3,Flipkens K.,Putintseva Y.,20.0,90.0,2038.0,744.0,7.0,5.0,6.0,4.0,,,2.0,0.0,Completed,1.33,3.25,1.35,3.15,1.33,3.25,1.37,3.36,1.33,3.25,1.37,3.6,1.33,3.3
WTA,2013,33,London,Wimbledon,2013-06-24,Grand Slam,Outdoor,Grass,1st Round,3,Bartoli M.,Svitolina E.,15.0,82.0,2775.0,804.0,6.0,3.0,7.0,5.0,,,2.0,0.0,Completed,1.14,5.5,1.16,5.0,1.14,5.0,1.13,7.04,1.17,5.0,1.17,7.5,1.15,5.53
WTA,2013,33,London,Wimbledon,2013-06-25,Grand Slam,Outdoor,Grass,1st Round,3,Date Krumm K.,Witthoeft C.,84.0,193.0,789.0,302.0,6.0,0.0,6.0,2.0,,,2.0,0.0,Completed,2.0,1.72,2.1,1.72,2.1,1.67,2.05,1.86,2.1,1.73,2.2,1.86,2.06,1.73
WTA,2013,33,London,Wimbledon,2013-06-25,Grand Slam,Outdoor,Grass,1st Round,3,Garcia C.,Zheng J.,100.0,47.0,651.0,1270.0,6.0,3.0,6.0,4.0,,,2.0,0.0,Completed,2.5,1.5,2.55,1.5,2.5,1.5,2.72,1.52,2.5,1.53,2.8,1.6,2.54,1.51
WTA,2013,33,London,Wimbledon,2013-06-25,Grand Slam,Outdoor,Grass,1st Round,3,Li N.,Krajicek M.,6.0,575.0,5155.0,47.0,6.0,1.0,6.0,1.0,,,2.0,0.0,Completed,1.06,10.0,1.08,7.5,1.07,8.5,1.07,10.75,1.04,11.0,1.1,11.0,1.07,8.71
WTA,2013,33,London,Wimbledon,2013-06-25,Grand Slam,Outdoor,Grass,1st Round,3,Barthel M.,Niculescu M.,33.0,49.0,1500.0,1225.0,6.0,3.0,4.0,6.0,7.0,5.0,2.0,1.0,Completed,1.61,2.2,1.65,2.2,1.62,2.2,1.65,2.39,1.67,2.2,1.77,2.52,1.65,2.21
WTA,2013,33,London,Wimbledon,2013-06-25,Grand Slam,Outdoor,Grass,1st Round,3,Puchkova O.,Rus A.,86.0,156.0,784.0,403.0,6.0,4.0,6.0,2.0,,,2.0,0.0,Completed,1.61,2.2,1.6,2.3,1.57,2.25,1.67,2.36,1.57,2.38,1.7,2.4,1.62,2.26
WTA,2013,33,London,Wimbledon,2013-06-25,Grand Slam,Outdoor,Grass,1st Round,3,Stosur S.,Schmiedlova A.,13.0,119.0,2905.0,542.0,6.0,1.0,6.0,3.0,,,2.0,0.0,Completed,1.07,9.0,1.07,8.0,1.08,7.0,1.09,9.5,1.1,7.0,1.1,9.5,1.07,8.21
WTA,2013,33,London,Wimbledon,2013-06-25,Grand Slam,Outdoor,Grass,1st Round,3,Keys M.,Watson H.,52.0,56.0,1160.0,1085.0,6.0,3.0,7.0,5.0,,,2.0,0.0,Completed,1.66,2.1,1.65,2.15,1.67,2.2,1.78,2.17,1.62,2.25,1.92,2.25,1.69,2.13
WTA,2013,33,London,Wimbledon,2013-06-25,Grand Slam,Outdoor,Grass,1st Round,3,Halep S.,Govortsova O.,32.0,73.0,1540.0,880.0,6.0,2.0,3.0,6.0,6.0,3.0,2.0,1.0,Completed,1.08,8.0,1.1,6.5,1.1,6.5,1.1,8.49,1.13,6.0,1.13,8.5,1.1,6.92
WTA,2013,33,London,Wimbledon,2013-06-25,Grand Slam,Outdoor,Grass,1st Round,3,Williams S.,Minella M.,1.0,92.0,13615.0,738.0,6.0,1.0,6.0,3.0,,,2.0,0.0,Completed,1.0,51.0,1.01,20.0,1.0,34.0,1.01,51.0,1.01,21.0,1.01,101.0,1.01,31.29
WTA,2013,33,London,Wimbledon,2013-06-25,Grand Slam,Outdoor,Grass,1st Round,3,Peng S.,Medina Garrigues A.,26.0,79.0,1685.0,830.0,6.0,3.0,6.0,2.0,,,2.0,0.0,Completed,1.53,2.37,1.6,2.3,1.57,2.25,1.63,2.43,1.62,2.25,1.67,2.62,1.59,2.33
WTA,2013,33,London,Wimbledon,2013-06-25,Grand Slam,Outdoor,Grass,1st Round,3,Duque Marino M.,Goerges J.,117.0,36.0,552.0,1450.0,6.0,4.0,6.0,7.0,7.0,5.0,2.0,1.0,Completed,3.0,1.36,2.9,1.4,2.75,1.4,3.18,1.41,2.75,1.44,3.45,1.44,2.92,1.4
WTA,2013,33,London,Wimbledon,2013-06-25,Grand Slam,Outdoor,Grass,1st Round,3,Erakovic M.,Morita A.,71.0,50.0,893.0,1224.0,4.0,6.0,6.0,0.0,7.0,5.0,2.0,1.0,Completed,1.36,3.0,1.4,2.9,1.44,2.62,1.47,2.93,1.36,3.0,1.47,3.1,1.41,2.85
WTA,2013,33,London,Wimbledon,2013-06-25,Grand Slam,Outdoor,Grass,1st Round,3,Cadantu A.,Paszek T.,87.0,57.0,778.0,1083.0,6.0,2.0,7.0,5.0,,,2.0,0.0,Completed,2.5,1.5,2.55,1.5,2.62,1.44,2.59,1.57,2.88,1.4,2.88,1.57,2.54,1.51
WTA,2013,33,London,Wimbledon,2013-06-25,Grand Slam,Outdoor,Grass,1st Round,3,Cepelova J.,Pliskova Kr.,62.0,102.0,974.0,644.0,6.0,4.0,6.0,1.0,,,2.0,0.0,Completed,2.1,1.66,2.05,1.75,2.2,1.62,2.06,1.85,2.2,1.67,2.37,1.87,2.08,1.73
WTA,2013,33,London,Wimbledon,2013-06-25,Grand Slam,Outdoor,Grass,1st Round,3,Cibulkova D.,Camerin M.E.,19.0,174.0,2140.0,348.0,6.0,4.0,4.0,6.0,6.0,4.0,2.0,1.0,Completed,1.2,4.33,1.2,4.4,1.17,4.5,1.24,4.61,1.17,5.0,1.25,5.0,1.2,4.41
WTA,2013,33,London,Wimbledon,2013-06-25,Grand Slam,Outdoor,Grass,1st Round,3,Radwanska U.,Burdette M.,44.0,68.0,1290.0,905.0,7.0,6.0,4.0,6.0,6.0,2.0,2.0,1.0,Completed,1.3,3.4,1.3,3.45,1.3,3.4,1.35,3.52,1.33,3.25,1.36,3.9,1.31,3.38
WTA,2013,33,London,Wimbledon,2013-06-25,Grand Slam,Outdoor,Grass,1st Round,3,Robson L.,Kirilenko M.,38.0,10.0,1410.0,3471.0,6.0,3.0,6.0,4.0,,,2.0,0.0,Completed,2.75,1.4,2.9,1.4,2.75,1.44,2.86,1.48,2.88,1.4,3.1,1.5,2.75,1.44
WTA,2013,33,London,Wimbledon,2013-06-25,Grand Slam,Outdoor,Grass,1st Round,3,Riske A.,Oprandi R.,126.0,34.0,512.0,1490.0,6.0,7.0,7.0,5.0,3.0,1.0,1.0,1.0,Retired,1.36,3.0,1.45,2.7,1.4,2.75,1.43,3.1,1.44,2.75,1.45,3.35,1.4,2.91
WTA,2013,33,London,Wimbledon,2013-06-25,Grand Slam,Outdoor,Grass,1st Round,3,Vinci R.,Scheepers C.,11.0,67.0,3060.0,915.0,6.0,2.0,6.0,1.0,,,2.0,0.0,Completed,1.08,8.0,1.12,6.0,1.11,6.0,1.12,7.71,1.1,7.0,1.13,8.0,1.1,6.91
WTA,2013,33,London,Wimbledon,2013-06-25,Grand Slam,Outdoor,Grass,1st Round,3,Kerber A.,Mattek-Sands B.,7.0,34.0,4770.0,1175.0,6.0,3.0,6.0,4.0,,,2.0,0.0,Completed,1.4,2.75,1.45,2.7,1.44,2.75,1.38,3.35,1.44,2.75,1.47,3.35,1.42,2.84
WTA,2013,33,London,Wimbledon,2013-06-25,Grand Slam,Outdoor,Grass,1st Round,3,Torro Flor M.T.,Begu I.,75.0,61.0,859.0,1015.0,6.0,3.0,6.0,4.0,,,2.0,0.0,Completed,3.25,1.33,2.9,1.4,2.75,1.4,2.86,1.48,2.75,1.44,3.25,1.51,2.87,1.41
WTA,2013,33,London,Wimbledon,2013-06-25,Grand Slam,Outdoor,Grass,1st Round,3,Kanepi K.,Moore T.,46.0,194.0,1281.0,302.0,7.0,5.0,5.0,7.0,7.0,5.0,2.0,1.0,Completed,1.14,5.5,1.12,6.0,1.11,6.0,1.15,6.34,1.08,7.5,1.17,7.5,1.13,5.97
WTA,2013,33,London,Wimbledon,2013-06-25,Grand Slam,Outdoor,Grass,1st Round,3,Johansson M.,Babos T.,98.0,99.0,683.0,677.0,4.0,6.0,6.0,1.0,6.0,3.0,2.0,1.0,Completed,1.57,2.25,1.55,2.4,1.57,2.25,1.72,2.25,1.53,2.5,1.74,2.5,1.61,2.28
WTA,2013,33,London,Wimbledon,2013-06-25,Grand Slam,Outdoor,Grass,1st Round,3,Beck A.,Bratchikova N.,54.0,139.0,1116.0,462.0,6.0,3.0,6.0,2.0,,,2.0,0.0,Completed,1.16,4.5,1.23,4.0,1.25,3.75,1.3,3.94,1.22,4.0,1.3,4.5,1.24,3.96
WTA,2013,33,London,Wimbledon,2013-06-25,Grand Slam,Outdoor,Grass,1st Round,3,Pironkova T.,Pavlyuchenkova A.,72.0,21.0,890.0,1900.0,6.0,0.0,6.0,1.0,,,2.0,0.0,Completed,1.72,2.0,1.78,2.0,1.8,1.91,1.85,2.06,1.8,2.0,1.87,2.2,1.78,2.0
WTA,2013,33,London,Wimbledon,2013-06-25,Grand Slam,Outdoor,Grass,1st Round,3,Martic P.,Tatishvili A.,141.0,78.0,457.0,834.0,6.0,1.0,1.0,6.0,6.0,3.0,2.0,1.0,Completed,1.36,3.0,1.35,3.15,1.36,3.0,1.45,2.99,1.36,3.0,1.45,3.35,1.38,2.99
WTA,2013,33,London,Wimbledon,2013-06-25,Grand Slam,Outdoor,Grass,1st Round,3,Pliskova Ka.,Petrova N.,77.0,16.0,848.0,2660.0,6.0,3.0,6.0,2.0,,,2.0,0.0,Completed,4.5,1.18,4.0,1.23,3.75,1.25,4.77,1.23,4.0,1.22,5.3,1.26,4.24,1.22
WTA,2013,33,London,Wimbledon,2013-06-25,Grand Slam,Outdoor,Grass,1st Round,3,Zahlavova Strycova B.,Rybarikova M.,118.0,42.0,546.0,1331.0,5.0,7.0,6.0,0.0,6.0,1.0,2.0,1.0,Completed,2.5,1.5,2.55,1.5,2.62,1.44,2.46,1.63,2.63,1.5,2.63,1.63,2.49,1.53
WTA,2013,33,London,Wimbledon,2013-06-25,Grand Slam,Outdoor,Grass,1st Round,3,Vesnina E.,Hlavackova A.,22.0,95.0,1889.0,697.0,6.0,2.0,7.0,5.0,,,2.0,0.0,Completed,1.16,5.0,1.16,5.0,1.17,4.5,1.13,7.04,1.2,4.5,1.2,7.3,1.15,5.55
WTA,2013,33,London,Wimbledon,2013-06-25,Grand Slam,Outdoor,Grass,1st Round,3,Radwanska A.,Meusburger Y.,4.0,116.0,6465.0,556.0,6.0,1.0,6.0,1.0,,,2.0,0.0,Completed,1.04,11.0,1.03,12.0,1.05,8.5,1.04,15.0,1.05,10.0,1.07,15.0,1.05,10.74
WTA,2013,33,London,Wimbledon,2013-06-25,Grand Slam,Outdoor,Grass,1st Round,3,Lisicki S.,Schiavone F.,24.0,45.0,1750.0,1286.0,6.0,1.0,6.0,2.0,,,2.0,0.0,Completed,1.33,3.25,1.35,3.15,1.4,2.75,1.39,3.29,1.4,2.88,1.4,3.55,1.36,3.15
WTA,2013,33,London,Wimbledon,2013-06-25,Grand Slam,Outdoor,Grass,1st Round,3,Zakopalova K.,Hantuchova D.,43.0,48.0,1300.0,1230.0,6.0,4.0,6.0,3.0,,,2.0,0.0,Completed,2.75,1.4,2.7,1.45,2.62,1.44,2.7,1.53,2.75,1.44,3.0,1.53,2.71,1.45
WTA,2013,33,London,Wimbledon,2013-06-26,Grand Slam,Outdoor,Grass,2nd Round,3,Puig M.,Soler Espinosa S.,65.0,74.0,929.0,874.0,6.0,2.0,5.0,7.0,6.0,4.0,2.0,1.0,Completed,1.36,3.0,1.3,3.45,1.36,3.0,1.42,3.14,1.36,3.0,1.42,3.5,1.35,3.17
WTA,2013,33,London,Wimbledon,2013-06-26,Grand Slam,Outdoor,Grass,2nd Round,3,Suarez Navarro C.,Lucic M.,18.0,96.0,2165.0,691.0,1.0,6.0,6.0,3.0,6.0,3.0,2.0,1.0,Completed,1.57,2.25,1.55,2.4,1.53,2.38,1.68,2.32,1.62,2.25,1.68,2.45,1.6,2.29
WTA,2013,33,London,Wimbledon,2013-06-26,Grand Slam,Outdoor,Grass,2nd Round,3,Cornet A.,Hsieh S.W.,31.0,41.0,1545.0,1350.0,6.0,3.0,6.0,2.0,,,2.0,0.0,Completed,2.2,1.61,2.2,1.65,2.2,1.62,2.22,1.74,2.25,1.62,2.3,1.75,2.18,1.67
WTA,2013,33,London,Wimbledon,2013-06-26,Grand Slam,Outdoor,Grass,2nd Round,3,Pennetta F.,Azarenka V.,166.0,2.0,375.0,9625.0,,,,,,,,,Walkover,6.5,1.11,6.0,1.12,6.5,1.11,8.04,1.11,5.0,1.17,8.6,1.17,6.51,1.11
WTA,2013,33,London,Wimbledon,2013-06-26,Grand Slam,Outdoor,Grass,2nd Round,3,Bouchard E.,Ivanovic A.,66.0,12.0,924.0,2920.0,6.0,3.0,6.0,3.0,,,2.0,0.0,Completed,4.33,1.2,4.4,1.2,4.5,1.17,4.77,1.23,4.5,1.2,5.1,1.23,4.55,1.2
WTA,2013,33,London,Wimbledon,2013-06-26,Grand Slam,Outdoor,Grass,2nd Round,3,Knapp K.,Safarova L.,104.0,30.0,620.0,1560.0,4.0,6.0,6.0,4.0,6.0,4.0,2.0,1.0,Completed,6.0,1.12,5.5,1.12,5.0,1.14,7.55,1.13,5.5,1.14,7.55,1.16,5.78,1.13
WTA,2013,33,London,Wimbledon,2013-06-26,Grand Slam,Outdoor,Grass,2nd Round,3,Birnerova E.,Tsurenko L.,152.0,69.0,419.0,903.0,6.0,3.0,6.0,4.0,,,2.0,0.0,Completed,3.25,1.33,3.15,1.35,3.0,1.36,3.44,1.36,3.0,1.36,3.75,1.38,3.2,1.34
WTA,2013,33,London,Wimbledon,2013-06-26,Grand Slam,Outdoor,Grass,2nd Round,3,Cetkovska P.,Wozniacki C.,196.0,9.0,299.0,3565.0,6.0,2.0,6.0,2.0,,,2.0,0.0,Completed,3.0,1.36,2.9,1.4,3.0,1.36,3.39,1.38,3.0,1.36,3.39,1.45,2.99,1.38
WTA,2013,33,London,Wimbledon,2013-06-26,Grand Slam,Outdoor,Grass,2nd Round,3,Makarova E.,Muguruza G.,27.0,59.0,1682.0,1033.0,6.0,2.0,6.0,7.0,6.0,4.0,2.0,1.0,Completed,1.36,3.0,1.35,3.15,1.4,2.75,1.44,3.02,1.36,3.0,1.44,3.3,1.38,2.98
WTA,2013,33,London,Wimbledon,2013-06-26,Grand Slam,Outdoor,Grass,2nd Round,3,Stephens S.,Petkovic A.,17.0,76.0,2530.0,858.0,7.0,6.0,2.0,6.0,8.0,6.0,2.0,1.0,Completed,1.61,2.2,1.65,2.2,1.67,2.2,1.74,2.22,1.62,2.25,1.78,2.25,1.67,2.16
WTA,2013,33,London,Wimbledon,2013-06-26,Grand Slam,Outdoor,Grass,2nd Round,3,Larcherde Brito M.,Sharapova M.,131.0,3.0,482.0,9415.0,6.0,3.0,6.0,4.0,,,2.0,0.0,Completed,21.0,1.01,20.0,1.01,17.0,1.01,24.52,1.02,13.0,1.02,37.0,1.02,18.8,1.01
WTA,2013,33,London,Wimbledon,2013-06-26,Grand Slam,Outdoor,Grass,2nd Round,3,Flipkens K.,Jovanovski B.,20.0,39.0,2038.0,1395.0,6.0,4.0,6.0,4.0,,,2.0,0.0,Completed,1.4,2.75,1.45,2.7,1.44,2.62,1.55,2.63,1.44,2.75,1.56,2.84,1.46,2.67
WTA,2013,33,London,Wimbledon,2013-06-26,Grand Slam,Outdoor,Grass,2nd Round,3,Kvitova P.,Shvedova Y.,8.0,55.0,4435.0,1112.0,,,,,,,,,Walkover,1.3,3.4,1.35,3.15,1.4,3.0,1.35,3.5,1.36,3.0,1.4,3.65,1.34,3.19
WTA,2013,33,London,Wimbledon,2013-06-26,Grand Slam,Outdoor,Grass,2nd Round,3,Bartoli M.,Mchale C.,15.0,70.0,2775.0,900.0,7.0,5.0,6.0,4.0,,,2.0,0.0,Completed,1.28,3.5,1.3,3.45,1.33,3.4,1.35,3.54,1.29,3.5,1.36,3.75,1.31,3.43
WTA,2013,33,London,Wimbledon,2013-06-26,Grand Slam,Outdoor,Grass,2nd Round,3,Dolonc V.,Jankovic J.,97.0,14.0,688.0,2830.0,7.0,5.0,6.0,2.0,,,2.0,0.0,Completed,5.0,1.16,5.0,1.16,4.5,1.17,5.77,1.17,5.0,1.17,5.77,1.21,4.99,1.17
WTA,2013,33,London,Wimbledon,2013-06-26,Grand Slam,Outdoor,Grass,2nd Round,3,Giorgi C.,Cirstea S.,93.0,23.0,720.0,1760.0,7.0,6.0,7.0,6.0,,,2.0,0.0,Completed,2.5,1.5,2.55,1.5,2.5,1.5,2.93,1.46,2.63,1.5,2.93,1.6,2.55,1.51
WTA,2013,33,London,Wimbledon,2013-06-27,Grand Slam,Outdoor,Grass,2nd Round,3,Lisicki S.,Vesnina E.,24.0,22.0,1750.0,1889.0,6.0,3.0,6.0,1.0,,,2.0,0.0,Completed,1.66,2.1,1.7,2.12,1.67,2.2,1.78,2.17,1.73,2.1,1.78,2.25,1.69,2.14
WTA,2013,33,London,Wimbledon,2013-06-27,Grand Slam,Outdoor,Grass,2nd Round,3,Date Krumm K.,Cadantu A.,84.0,87.0,789.0,778.0,6.0,4.0,7.0,5.0,,,2.0,0.0,Completed,1.33,3.25,1.38,2.98,1.4,2.75,1.42,3.11,1.44,2.75,1.45,3.25,1.38,2.99
WTA,2013,33,London,Wimbledon,2013-06-27,Grand Slam,Outdoor,Grass,2nd Round,3,Li N.,Halep S.,6.0,32.0,5155.0,1540.0,6.0,2.0,1.0,6.0,6.0,0.0,2.0,1.0,Completed,1.57,2.25,1.6,2.3,1.57,2.38,1.66,2.37,1.57,2.38,1.68,2.45,1.59,2.33
WTA,2013,33,London,Wimbledon,2013-06-27,Grand Slam,Outdoor,Grass,2nd Round,3,Keys M.,Barthel M.,52.0,33.0,1160.0,1500.0,6.0,4.0,6.0,2.0,,,2.0,0.0,Completed,1.44,2.62,1.45,2.7,1.44,2.62,1.6,2.51,1.4,2.88,1.6,2.88,1.47,2.65
WTA,2013,33,London,Wimbledon,2013-06-27,Grand Slam,Outdoor,Grass,2nd Round,3,Martic P.,Pliskova Ka.,141.0,77.0,457.0,848.0,7.0,6.0,6.0,1.0,,,2.0,0.0,Completed,1.66,2.1,1.7,2.12,1.73,2.0,1.71,2.27,1.67,2.2,1.75,2.3,1.68,2.14
WTA,2013,33,London,Wimbledon,2013-06-27,Grand Slam,Outdoor,Grass,2nd Round,3,Stosur S.,Puchkova O.,13.0,86.0,2905.0,784.0,6.0,2.0,6.0,2.0,,,2.0,0.0,Completed,1.08,7.0,1.08,7.5,1.11,6.0,1.1,8.6,1.1,7.0,1.13,9.0,1.09,7.29
WTA,2013,33,London,Wimbledon,2013-06-27,Grand Slam,Outdoor,Grass,2nd Round,3,Cibulkova D.,Torro Flor M.T.,19.0,75.0,2140.0,859.0,6.0,0.0,6.0,1.0,,,2.0,0.0,Completed,1.28,3.5,1.28,3.6,1.22,4.0,1.29,4.05,1.22,4.0,1.34,4.05,1.28,3.6
WTA,2013,33,London,Wimbledon,2013-06-27,Grand Slam,Outdoor,Grass,2nd Round,3,Zakopalova K.,Beck A.,43.0,54.0,1300.0,1116.0,7.0,6.0,6.0,3.0,,,2.0,0.0,Completed,1.53,2.37,1.6,2.3,1.57,2.25,1.61,2.47,1.67,2.2,1.67,2.55,1.6,2.3
WTA,2013,33,London,Wimbledon,2013-06-27,Grand Slam,Outdoor,Grass,2nd Round,3,Williams S.,Garcia C.,1.0,100.0,13615.0,651.0,6.0,3.0,6.0,2.0,,,2.0,0.0,Completed,1.002,29.0,1.01,20.0,1.01,26.0,1.03,20.0,1.01,17.0,1.03,38.5,1.01,20.85
WTA,2013,33,London,Wimbledon,2013-06-27,Grand Slam,Outdoor,Grass,2nd Round,3,Vinci R.,Cepelova J.,11.0,62.0,3060.0,974.0,6.0,1.0,4.0,6.0,9.0,7.0,2.0,1.0,Completed,1.12,6.0,1.12,6.0,1.12,5.5,1.17,5.91,1.14,5.5,1.22,6.25,1.14,5.47
WTA,2013,33,London,Wimbledon,2013-06-27,Grand Slam,Outdoor,Grass,2nd Round,3,Pironkova T.,Zahlavova Strycova B.,72.0,118.0,890.0,546.0,7.0,5.0,6.0,3.0,,,2.0,0.0,Completed,1.36,3.0,1.4,2.9,1.44,2.62,1.4,3.21,1.4,2.88,1.45,3.55,1.41,2.86
WTA,2013,33,London,Wimbledon,2013-06-27,Grand Slam,Outdoor,Grass,2nd Round,3,Erakovic M.,Peng S.,71.0,26.0,893.0,1685.0,7.0,6.0,6.0,2.0,,,2.0,0.0,Completed,1.83,1.83,1.88,1.88,2.0,1.8,2.04,1.86,1.9,1.9,2.04,1.92,1.93,1.83
WTA,2013,33,London,Wimbledon,2013-06-27,Grand Slam,Outdoor,Grass,2nd Round,3,Radwanska A.,Johansson M.,4.0,98.0,6465.0,683.0,6.0,1.0,6.0,3.0,,,2.0,0.0,Completed,1.07,9.0,1.06,7.5,1.07,8.5,1.06,12.75,1.07,8.0,1.09,12.75,1.06,8.93
WTA,2013,33,London,Wimbledon,2013-06-28,Grand Slam,Outdoor,Grass,2nd Round,3,Robson L.,Duque Marino M.,38.0,117.0,1410.0,552.0,6.0,4.0,6.0,1.0,,,2.0,0.0,Completed,1.1,7.0,1.12,6.0,1.14,5.5,1.13,7.18,1.13,6.0,1.15,7.3,1.12,6.25
WTA,2013,33,London,Wimbledon,2013-06-28,Grand Slam,Outdoor,Grass,2nd Round,3,Riske A.,Radwanska U.,126.0,44.0,512.0,1290.0,4.0,6.0,6.0,3.0,6.0,4.0,2.0,1.0,Completed,2.0,1.72,2.05,1.75,2.0,1.73,2.1,1.81,2.1,1.73,2.18,1.82,2.04,1.75
WTA,2013,33,London,Wimbledon,2013-06-28,Grand Slam,Outdoor,Grass,2nd Round,3,Kanepi K.,Kerber A.,46.0,7.0,1281.0,4770.0,3.0,6.0,7.0,6.0,6.0,3.0,2.0,1.0,Completed,3.75,1.25,3.6,1.28,3.5,1.3,3.77,1.32,3.5,1.29,4.05,1.32,3.56,1.29
WTA,2013,33,London,Wimbledon,2013-06-28,Grand Slam,Outdoor,Grass,3rd Round,3,Pennetta F.,Cornet A.,166.0,31.0,375.0,1545.0,0.0,6.0,7.0,6.0,6.0,2.0,2.0,1.0,Completed,1.8,2.0,1.78,2.0,1.8,2.0,1.81,2.14,1.8,2.0,1.92,2.14,1.81,1.96
WTA,2013,33,London,Wimbledon,2013-06-28,Grand Slam,Outdoor,Grass,3rd Round,3,Flipkens K.,Dolonc V.,20.0,97.0,2038.0,688.0,6.0,4.0,6.0,2.0,,,2.0,0.0,Completed,1.44,2.75,1.4,2.9,1.44,2.75,1.49,2.86,1.4,2.88,1.49,2.94,1.43,2.78
WTA,2013,33,London,Wimbledon,2013-06-28,Grand Slam,Outdoor,Grass,3rd Round,3,Suarez Navarro C.,Bouchard E.,18.0,66.0,2165.0,924.0,7.0,5.0,6.0,2.0,,,2.0,0.0,Completed,1.8,2.0,1.82,1.95,1.8,2.0,1.79,2.17,1.8,2.0,1.92,2.17,1.78,2.0
WTA,2013,33,London,Wimbledon,2013-06-28,Grand Slam,Outdoor,Grass,3rd Round,3,Bartoli M.,Giorgi C.,15.0,93.0,2775.0,720.0,6.0,4.0,7.0,5.0,,,2.0,0.0,Completed,1.44,2.75,1.45,2.7,1.5,2.62,1.45,3.03,1.44,2.75,1.57,3.03,1.45,2.71
WTA,2013,33,London,Wimbledon,2013-06-28,Grand Slam,Outdoor,Grass,3rd Round,3,Knapp K.,Larcherde Brito M.,104.0,131.0,620.0,482.0,7.0,5.0,6.0,2.0,,,2.0,0.0,Completed,2.37,1.57,2.3,1.6,2.25,1.62,2.57,1.58,2.25,1.62,2.57,1.68,2.32,1.59
WTA,2013,33,London,Wimbledon,2013-06-29,Grand Slam,Outdoor,Grass,3rd Round,3,Kvitova P.,Makarova E.,8.0,27.0,4435.0,1682.0,6.0,3.0,2.0,6.0,6.0,3.0,2.0,1.0,Completed,1.72,2.1,1.85,1.85,1.8,2.0,1.83,2.12,1.8,2.0,1.87,2.34,1.78,2.01
WTA,2013,33,London,Wimbledon,2013-06-29,Grand Slam,Outdoor,Grass,3rd Round,3,Stephens S.,Cetkovska P.,17.0,196.0,2530.0,299.0,7.0,6.0,0.0,6.0,6.0,4.0,2.0,1.0,Completed,1.61,2.25,1.6,2.3,1.57,2.38,1.68,2.36,1.62,2.25,1.71,2.52,1.64,2.23
WTA,2013,33,London,Wimbledon,2013-06-29,Grand Slam,Outdoor,Grass,3rd Round,3,Vinci R.,Cibulkova D.,11.0,19.0,3060.0,2140.0,6.0,1.0,6.0,4.0,,,2.0,0.0,Completed,1.61,2.3,1.6,2.3,1.62,2.25,1.77,2.2,1.62,2.38,1.83,2.4,1.65,2.21
WTA,2013,33,London,Wimbledon,2013-06-29,Grand Slam,Outdoor,Grass,3rd Round,3,Robson L.,Erakovic M.,38.0,71.0,1410.0,893.0,1.0,6.0,7.0,5.0,6.0,3.0,2.0,1.0,Completed,1.61,2.3,1.55,2.4,1.57,2.38,1.7,2.32,1.62,2.38,1.73,2.56,1.61,2.3
WTA,2013,33,London,Wimbledon,2013-06-29,Grand Slam,Outdoor,Grass,3rd Round,3,Puig M.,Birnerova E.,65.0,152.0,929.0,419.0,4.0,6.0,6.0,3.0,6.0,4.0,2.0,1.0,Completed,,,1.4,2.9,,,1.4,3.3,1.4,2.88,1.44,1.38,3.3,3.16
WTA,2013,33,London,Wimbledon,2013-06-29,Grand Slam,Outdoor,Grass,3rd Round,3,Radwanska A.,Keys M.,4.0,52.0,6465.0,1160.0,7.0,5.0,4.0,6.0,6.0,3.0,2.0,1.0,Completed,1.22,4.33,1.25,3.85,1.29,3.75,1.24,4.72,1.29,3.75,1.29,4.72,1.25,3.98
WTA,2013,33,London,Wimbledon,2013-06-29,Grand Slam,Outdoor,Grass,3rd Round,3,Pironkova T.,Martic P.,72.0,141.0,890.0,457.0,6.0,1.0,4.0,6.0,6.0,2.0,2.0,1.0,Completed,1.33,3.4,1.35,3.15,1.4,3.0,1.38,3.36,1.36,3.25,1.4,3.55,1.36,3.13
WTA,2013,33,London,Wimbledon,2013-06-29,Grand Slam,Outdoor,Grass,3rd Round,3,Lisicki S.,Stosur S.,24.0,13.0,1750.0,2905.0,4.0,6.0,6.0,2.0,6.0,1.0,2.0,1.0,Completed,1.57,2.37,1.55,2.4,1.57,2.38,1.64,2.45,1.57,2.5,1.71,2.56,1.58,2.36
WTA,2013,33,London,Wimbledon,2013-06-29,Grand Slam,Outdoor,Grass,3rd Round,3,Kanepi K.,Riske A.,46.0,126.0,1281.0,512.0,6.0,2.0,6.0,3.0,,,2.0,0.0,Completed,1.5,2.62,1.5,2.55,1.53,2.5,1.53,2.73,1.5,2.63,1.55,2.98,1.49,2.61
WTA,2013,33,London,Wimbledon,2013-06-29,Grand Slam,Outdoor,Grass,3rd Round,3,Li N.,Zakopalova K.,6.0,43.0,5155.0,1300.0,4.0,6.0,6.0,0.0,8.0,6.0,2.0,1.0,Completed,1.18,4.5,1.25,3.85,1.25,4.0,1.24,4.72,1.22,4.33,1.25,4.75,1.22,4.16
WTA,2013,33,London,Wimbledon,2013-06-29,Grand Slam,Outdoor,Grass,3rd Round,3,Williams S.,Date Krumm K.,1.0,84.0,13615.0,789.0,6.0,2.0,6.0,0.0,,,2.0,0.0,Completed,1.01,26.0,1.01,11.5,1.01,26.0,1.02,27.78,1.01,19.0,1.04,35.0,1.01,20.27
WTA,2013,33,London,Wimbledon,2013-07-01,Grand Slam,Outdoor,Grass,4th Round,3,Kvitova P.,Suarez Navarro C.,8.0,18.0,4435.0,2165.0,7.0,6.0,6.0,3.0,,,2.0,0.0,Completed,1.33,3.4,1.3,3.45,1.29,3.75,1.34,3.62,1.25,4.0,1.36,4.0,1.3,3.5
WTA,2013,33,London,Wimbledon,2013-07-01,Grand Slam,Outdoor,Grass,4th Round,3,Flipkens K.,Pennetta F.,20.0,166.0,2038.0,375.0,7.0,6.0,6.0,3.0,,,2.0,0.0,Completed,1.36,3.25,1.35,3.15,1.36,3.25,1.39,3.32,1.36,3.2,1.4,3.75,1.34,3.24
WTA,2013,33,London,Wimbledon,2013-07-01,Grand Slam,Outdoor,Grass,4th Round,3,Kanepi K.,Robson L.,46.0,38.0,1281.0,1410.0,7.0,6.0,7.0,5.0,,,2.0,0.0,Completed,1.72,2.1,1.78,2.0,1.73,2.1,1.75,2.23,1.73,2.15,1.85,2.23,1.73,2.09
WTA,2013,33,London,Wimbledon,2013-07-01,Grand Slam,Outdoor,Grass,4th Round,3,Lisicki S.,Williams S.,24.0,1.0,1750.0,13615.0,6.0,2.0,1.0,6.0,6.0,4.0,2.0,1.0,Completed,11.0,1.05,8.5,1.06,10.0,1.05,10.25,1.08,8.0,1.08,11.5,1.1,9.17,1.06
WTA,2013,33,London,Wimbledon,2013-07-01,Grand Slam,Outdoor,Grass,4th Round,3,Li N.,Vinci R.,6.0,11.0,5155.0,3060.0,6.0,2.0,6.0,0.0,,,2.0,0.0,Completed,1.44,2.75,1.45,2.7,1.44,2.75,1.43,3.1,1.5,2.63,1.5,3.45,1.45,2.73
WTA,2013,33,London,Wimbledon,2013-07-01,Grand Slam,Outdoor,Grass,4th Round,3,Stephens S.,Puig M.,17.0,65.0,2530.0,929.0,4.0,6.0,7.0,5.0,6.0,1.0,2.0,1.0,Completed,1.3,3.5,1.28,3.6,1.33,3.4,1.33,3.71,1.29,3.75,1.34,3.75,1.3,3.52
WTA,2013,33,London,Wimbledon,2013-07-01,Grand Slam,Outdoor,Grass,4th Round,3,Radwanska A.,Pironkova T.,4.0,72.0,6465.0,890.0,4.0,6.0,6.0,3.0,6.0,3.0,2.0,1.0,Completed,1.25,4.0,1.25,3.85,1.3,3.5,1.28,4.22,1.29,3.75,1.3,4.95,1.26,3.81
WTA,2013,33,London,Wimbledon,2013-07-01,Grand Slam,Outdoor,Grass,4th Round,3,Bartoli M.,Knapp K.,15.0,104.0,2775.0,620.0,6.0,2.0,6.0,3.0,,,2.0,0.0,Completed,1.28,3.75,1.25,3.85,1.3,3.5,1.29,4.09,1.29,3.75,1.3,4.33,1.28,3.72
WTA,2013,33,London,Wimbledon,2013-07-02,Grand Slam,Outdoor,Grass,Quarterfinals,3,Lisicki S.,Kanepi K.,24.0,46.0,1750.0,1281.0,6.0,3.0,6.0,3.0,,,2.0,0.0,Completed,1.3,3.5,1.3,3.25,1.33,3.4,1.32,3.78,1.33,3.4,1.35,4.05,1.31,3.43
WTA,2013,33,London,Wimbledon,2013-07-02,Grand Slam,Outdoor,Grass,Quarterfinals,3,Radwanska A.,Li N.,4.0,6.0,6465.0,5155.0,7.0,6.0,4.0,6.0,6.0,2.0,2.0,1.0,Completed,2.37,1.57,2.3,1.6,2.25,1.62,2.34,1.69,2.2,1.73,2.51,1.73,2.3,1.62
WTA,2013,33,London,Wimbledon,2013-07-02,Grand Slam,Outdoor,Grass,Quarterfinals,3,Bartoli M.,Stephens S.,15.0,17.0,2775.0,2530.0,6.0,4.0,7.0,5.0,,,2.0,0.0,Completed,1.8,2.0,1.82,1.95,1.8,2.0,1.88,2.06,1.8,2.05,1.91,2.1,1.82,1.97
WTA,2013,33,London,Wimbledon,2013-07-02,Grand Slam,Outdoor,Grass,Quarterfinals,3,Flipkens K.,Kvitova P.,20.0,8.0,2038.0,4435.0,4.0,6.0,6.0,3.0,6.0,4.0,2.0,1.0,Completed,2.75,1.44,2.9,1.4,3.0,1.4,3.1,1.43,3.0,1.4,3.25,1.5,2.86,1.42
WTA,2013,33,London,Wimbledon,2013-07-04,Grand Slam,Outdoor,Grass,Semifinals,3,Bartoli M.,Flipkens K.,15.0,20.0,2775.0,2038.0,6.0,1.0,6.0,2.0,,,2.0,0.0,Completed,1.66,2.2,1.65,2.15,1.62,2.25,1.72,2.3,1.67,2.25,1.81,2.4,1.67,2.21
WTA,2013,33,London,Wimbledon,2013-07-04,Grand Slam,Outdoor,Grass,Semifinals,3,Lisicki S.,Radwanska A.,24.0,4.0,1750.0,6465.0,6.0,4.0,2.0,6.0,9.0,7.0,2.0,1.0,Completed,1.72,2.1,1.8,2.0,1.62,2.25,1.88,2.06,1.73,2.2,1.88,2.25,1.74,2.09
WTA,2013,33,London,Wimbledon,2013-07-06,Grand Slam,Outdoor,Grass,The Final,3,Bartoli M.,Lisicki S.,15.0,24.0,2775.0,1750.0,6.0,1.0,6.0,4.0,,,2.0,0.0,Completed,2.75,1.44,2.7,1.45,2.75,1.44,2.83,1.51,2.88,1.44,2.9,1.53,2.74,1.46
WTA,2013,45,New York,US Open,2013-08-26,Grand Slam,Outdoor,Hard,1st Round,3,Arvidsson S.,Cetkovska P.,100.0,146.0,672.0,421.0,1.0,6.0,6.0,4.0,6.0,1.0,2.0,1.0,Completed,2.25,1.57,2.35,1.52,2.25,1.57,2.37,1.66,2.25,1.62,2.5,1.66,2.32,1.58
WTA,2013,45,New York,US Open,2013-08-26,Grand Slam,Outdoor,Hard,1st Round,3,Suarez Navarro C.,Davis L.,20.0,70.0,2375.0,900.0,6.0,0.0,6.0,0.0,,,2.0,0.0,Completed,1.33,3.25,1.35,2.9,1.36,3.0,1.37,3.31,1.36,3.0,1.4,3.45,1.35,3.16
WTA,2013,45,New York,US Open,2013-08-26,Grand Slam,Outdoor,Hard,1st Round,3,Li N.,Govortsova O.,6.0,88.0,4825.0,736.0,6.0,2.0,6.0,2.0,,,2.0,0.0,Completed,1.05,11.0,1.06,7.5,1.06,9.0,1.06,11.75,1.08,7.5,1.09,12.0,1.06,9.08
WTA,2013,45,New York,US Open,2013-08-26,Grand Slam,Outdoor,Hard,1st Round,3,Mayr P.,Rybarikova M.,140.0,31.0,440.0,1575.0,7.0,6.0,6.0,3.0,,,2.0,0.0,Completed,7.0,1.1,6.0,1.1,7.0,1.08,7.04,1.12,6.0,1.12,7.04,1.17,6.39,1.11
WTA,2013,45,New York,US Open,2013-08-26,Grand Slam,Outdoor,Hard,1st Round,3,Robson L.,Dominguez Lino L.,32.0,52.0,1561.0,1125.0,7.0,5.0,6.0,0.0,,,2.0,0.0,Completed,1.5,2.5,1.48,2.45,1.5,2.5,1.59,2.52,1.53,2.5,1.6,2.72,1.51,2.51
WTA,2013,45,New York,US Open,2013-08-26,Grand Slam,Outdoor,Hard,1st Round,3,Torro Flor M.T.,Erakovic M.,103.0,68.0,662.0,924.0,6.0,0.0,6.0,4.0,,,2.0,0.0,Completed,3.4,1.3,3.5,1.25,3.4,1.3,3.14,1.42,3.25,1.33,4.05,1.42,3.48,1.3
WTA,2013,45,New York,US Open,2013-08-26,Grand Slam,Outdoor,Hard,1st Round,3,Vandeweghe C.,Krunic A.,191.0,158.0,307.0,384.0,6.0,4.0,7.0,6.0,,,2.0,0.0,Completed,1.44,2.62,1.48,2.45,1.5,2.5,1.53,2.71,1.53,2.5,1.63,2.75,1.51,2.52
WTA,2013,45,New York,US Open,2013-08-26,Grand Slam,Outdoor,Hard,1st Round,3,Kanepi K.,King V.,27.0,130.0,1781.0,510.0,4.0,6.0,7.0,6.0,6.0,1.0,2.0,1.0,Completed,1.4,2.75,1.42,2.65,1.4,2.75,1.51,2.76,1.5,2.63,1.65,2.76,1.47,2.63
WTA,2013,45,New York,US Open,2013-08-26,Grand Slam,Outdoor,Hard,1st Round,3,Radwanska A.,Soler Espinosa S.,4.0,69.0,6335.0,907.0,6.0,1.0,6.0,2.0,,,2.0,0.0,Completed,1.01,21.0,1.03,9.0,1.02,17.0,1.02,21.0,1.01,15.0,1.04,23.5,1.02,15.26
WTA,2013,45,New York,US Open,2013-08-26,Grand Slam,Outdoor,Hard,1st Round,3,Garcia C.,Rogers S.,75.0,132.0,841.0,500.0,6.0,3.0,6.0,2.0,,,2.0,0.0,Completed,2.2,1.61,1.95,1.75,2.1,1.67,2.18,1.77,2.2,1.67,2.2,1.83,2.1,1.71
WTA,2013,45,New York,US Open,2013-08-26,Grand Slam,Outdoor,Hard,1st Round,3,Hampton J.,Arruabarrena-Vecino L.,26.0,87.0,1881.0,745.0,6.0,4.0,6.0,2.0,,,2.0,0.0,Completed,1.07,9.0,1.08,6.5,1.1,6.5,1.1,8.6,1.1,7.0,1.12,9.0,1.08,7.52
WTA,2013,45,New York,US Open,2013-08-26,Grand Slam,Outdoor,Hard,1st Round,3,Williams V.,Flipkens K.,60.0,14.0,1027.0,2961.0,6.0,1.0,6.0,2.0,,,2.0,0.0,Completed,1.72,2.0,1.75,1.95,1.83,1.83,1.78,2.16,1.8,2.0,1.91,2.22,1.77,2.01
WTA,2013,45,New York,US Open,2013-08-26,Grand Slam,Outdoor,Hard,1st Round,3,Lisicki S.,Dushevina V.,18.0,126.0,2615.0,528.0,6.0,2.0,7.0,6.0,,,2.0,0.0,Completed,1.22,4.0,1.2,4.0,1.22,4.0,1.27,4.22,1.2,4.5,1.32,4.5,1.24,3.92
WTA,2013,45,New York,US Open,2013-08-26,Grand Slam,Outdoor,Hard,1st Round,3,Schmiedlova A.,Voegele S.,105.0,49.0,654.0,1184.0,6.0,1.0,5.0,7.0,7.0,6.0,2.0,1.0,Completed,2.25,1.57,2.15,1.62,2.25,1.57,2.23,1.74,2.25,1.62,2.34,1.74,2.18,1.66
WTA,2013,45,New York,US Open,2013-08-26,Grand Slam,Outdoor,Hard,1st Round,3,Cirstea S.,Fichman S.,22.0,95.0,2250.0,700.0,7.0,5.0,5.0,7.0,6.0,1.0,2.0,1.0,Completed,1.25,3.75,1.25,3.5,1.22,4.0,1.38,3.33,1.22,4.0,1.38,4.0,1.27,3.69
WTA,2013,45,New York,US Open,2013-08-26,Grand Slam,Outdoor,Hard,1st Round,3,Pavlyuchenkova A.,Razzano V.,33.0,94.0,1560.0,705.0,7.0,5.0,6.0,0.0,,,2.0,0.0,Completed,1.28,3.5,1.28,3.3,1.33,3.25,1.35,3.5,1.29,3.5,1.36,3.75,1.32,3.32
WTA,2013,45,New York,US Open,2013-08-26,Grand Slam,Outdoor,Hard,1st Round,3,Shvedova Y.,Puchkova O.,78.0,84.0,790.0,756.0,6.0,1.0,6.0,0.0,,,2.0,0.0,Completed,1.53,2.37,1.55,2.29,1.53,2.38,1.55,2.64,1.62,2.25,1.68,2.64,1.57,2.37
WTA,2013,45,New York,US Open,2013-08-26,Grand Slam,Outdoor,Hard,1st Round,3,Stephens S.,Minella M.,16.0,110.0,2925.0,628.0,4.0,6.0,6.0,3.0,7.0,6.0,2.0,1.0,Completed,1.05,11.0,1.05,8.0,1.05,8.5,1.06,11.97,1.07,8.0,1.1,11.97,1.06,9.35
WTA,2013,45,New York,US Open,2013-08-26,Grand Slam,Outdoor,Hard,1st Round,3,Radwanska U.,Begu I.,38.0,74.0,1300.0,883.0,6.0,1.0,6.0,3.0,,,2.0,0.0,Completed,1.28,3.5,1.33,3.0,1.33,3.25,1.34,3.58,1.33,3.25,1.35,3.75,1.32,3.34
WTA,2013,45,New York,US Open,2013-08-26,Grand Slam,Outdoor,Hard,1st Round,3,Ormaechea P.,Date Krumm K.,71.0,62.0,898.0,980.0,6.0,3.0,7.0,6.0,,,2.0,0.0,Completed,2.1,1.66,2.25,1.58,2.2,1.62,2.02,1.88,2.2,1.67,2.25,1.88,2.09,1.71
WTA,2013,45,New York,US Open,2013-08-26,Grand Slam,Outdoor,Hard,1st Round,3,Barty A.,Cabeza-Candela E.,169.0,102.0,361.0,663.0,6.0,1.0,6.0,4.0,,,2.0,0.0,Completed,1.57,2.25,1.62,2.15,1.67,2.1,1.63,2.44,1.62,2.25,1.73,2.44,1.64,2.21
WTA,2013,45,New York,US Open,2013-08-26,Grand Slam,Outdoor,Hard,1st Round,3,Zheng J.,Bertens K.,56.0,67.0,1085.0,930.0,6.0,1.0,6.0,3.0,,,2.0,0.0,Completed,1.57,2.25,1.7,2.04,1.73,2.0,1.68,2.31,1.67,2.2,1.73,2.44,1.65,2.2
WTA,2013,45,New York,US Open,2013-08-26,Grand Slam,Outdoor,Hard,1st Round,3,Mladenovic K.,Medina Garrigues A.,36.0,97.0,1346.0,677.0,6.0,1.0,1.0,6.0,6.0,1.0,2.0,1.0,Completed,1.5,2.5,1.52,2.35,1.53,2.38,1.74,2.22,1.53,2.5,1.74,2.58,1.57,2.36
WTA,2013,45,New York,US Open,2013-08-26,Grand Slam,Outdoor,Hard,1st Round,3,Nara K.,Cadantu A.,109.0,73.0,629.0,885.0,6.0,2.0,6.0,2.0,,,2.0,0.0,Completed,1.44,2.62,1.55,2.29,1.57,2.25,1.58,2.54,1.62,2.25,1.63,2.65,1.54,2.42
WTA,2013,45,New York,US Open,2013-08-26,Grand Slam,Outdoor,Hard,1st Round,3,Kleybanova A.,Puig M.,363.0,44.0,115.0,1225.0,6.0,4.0,3.0,6.0,7.0,5.0,2.0,1.0,Completed,2.37,1.53,2.4,1.5,2.38,1.53,2.52,1.59,2.5,1.53,2.75,1.62,2.41,1.55
WTA,2013,45,New York,US Open,2013-08-26,Grand Slam,Outdoor,Hard,1st Round,3,Makarova E.,Hercog P.,25.0,89.0,1935.0,735.0,6.0,2.0,6.0,4.0,,,2.0,0.0,Completed,1.18,4.5,1.18,4.25,1.22,4.0,1.23,4.67,1.2,4.5,1.25,5.3,1.21,4.28
WTA,2013,45,New York,US Open,2013-08-26,Grand Slam,Outdoor,Hard,1st Round,3,Voskoboeva G.,Niculescu M.,77.0,42.0,806.0,1265.0,6.0,4.0,6.0,3.0,,,2.0,0.0,Completed,2.25,1.57,2.15,1.62,2.25,1.57,2.49,1.6,2.38,1.57,2.49,1.7,2.27,1.61
WTA,2013,45,New York,US Open,2013-08-26,Grand Slam,Outdoor,Hard,1st Round,3,Bouchard E.,Pliskova Ka.,59.0,72.0,1032.0,888.0,4.0,6.0,6.0,4.0,7.0,5.0,2.0,1.0,Completed,1.28,3.5,1.22,3.8,1.29,3.5,1.3,3.89,1.29,3.5,1.3,4.4,1.25,3.86
WTA,2013,45,New York,US Open,2013-08-26,Grand Slam,Outdoor,Hard,1st Round,3,Mattek-Sands B.,Johansson M.,47.0,123.0,905.0,536.0,6.0,3.0,6.0,1.0,,,2.0,0.0,Completed,1.15,5.0,1.18,4.25,1.17,4.5,1.17,5.98,1.2,4.5,1.22,5.98,1.17,4.8
WTA,2013,45,New York,US Open,2013-08-27,Grand Slam,Outdoor,Hard,1st Round,3,Jankovic J.,Keys M.,12.0,39.0,3125.0,1292.0,6.0,3.0,6.0,4.0,,,2.0,0.0,Completed,1.4,2.75,1.38,2.8,1.44,2.62,1.43,3.05,1.44,2.75,1.5,3.5,1.42,2.82
WTA,2013,45,New York,US Open,2013-08-27,Grand Slam,Outdoor,Hard,1st Round,3,Kerber A.,Hradecka L.,9.0,82.0,3420.0,763.0,6.0,1.0,6.0,1.0,,,2.0,0.0,Completed,1.08,8.0,1.06,7.5,1.1,7.0,1.1,8.41,1.08,7.5,1.12,8.69,1.09,7.37
WTA,2013,45,New York,US Open,2013-08-27,Grand Slam,Outdoor,Hard,1st Round,3,Williams S.,Schiavone F.,1.0,54.0,12260.0,1115.0,6.0,0.0,6.0,1.0,,,2.0,0.0,Completed,1.02,19.0,1.01,11.0,1.01,21.0,1.03,20.0,1.01,17.0,1.04,25.0,1.02,15.83
WTA,2013,45,New York,US Open,2013-08-27,Grand Slam,Outdoor,Hard,1st Round,3,Vinci R.,Babos T.,13.0,107.0,3065.0,641.0,6.0,4.0,6.0,2.0,,,2.0,0.0,Completed,1.11,6.5,1.1,6.0,1.12,5.5,1.18,5.75,1.13,6.0,1.18,6.75,1.12,5.98
WTA,2013,45,New York,US Open,2013-08-27,Grand Slam,Outdoor,Hard,1st Round,3,Giorgi C.,Cepelova J.,136.0,86.0,471.0,746.0,6.0,2.0,6.0,2.0,,,2.0,0.0,Completed,1.53,2.37,1.6,2.2,1.57,2.25,1.47,2.9,1.67,2.2,1.73,2.9,1.57,2.38
WTA,2013,45,New York,US Open,2013-08-27,Grand Slam,Outdoor,Hard,1st Round,3,Hsieh S.W.,Zakopalova K.,40.0,30.0,1290.0,1600.0,6.0,3.0,6.0,3.0,,,2.0,0.0,Completed,3.5,1.28,3.0,1.33,3.4,1.3,3.52,1.35,3.5,1.29,3.9,1.36,3.39,1.31
WTA,2013,45,New York,US Open,2013-08-27,Grand Slam,Outdoor,Hard,1st Round,3,Kirilenko M.,Wickmayer Y.,17.0,57.0,2620.0,1055.0,6.0,1.0,6.0,1.0,,,2.0,0.0,Completed,1.25,3.75,1.25,3.5,1.3,3.4,1.27,4.18,1.25,3.75,1.33,4.2,1.26,3.72
WTA,2013,45,New York,US Open,2013-08-27,Grand Slam,Outdoor,Hard,1st Round,3,Safarova L.,Tsurenko L.,41.0,61.0,1270.0,998.0,6.0,3.0,2.0,6.0,6.0,4.0,2.0,1.0,Completed,1.5,2.5,1.45,2.54,1.53,2.38,1.51,2.75,1.44,2.75,1.6,2.8,1.49,2.57
WTA,2013,45,New York,US Open,2013-08-27,Grand Slam,Outdoor,Hard,1st Round,3,Ivanovic A.,Tatishvili A.,15.0,115.0,2940.0,584.0,6.0,2.0,6.0,0.0,,,2.0,0.0,Completed,1.14,5.5,1.12,5.25,1.14,5.5,1.16,6.16,1.14,5.5,1.18,6.3,1.14,5.56
WTA,2013,45,New York,US Open,2013-08-27,Grand Slam,Outdoor,Hard,1st Round,3,Larcherde Brito M.,Daniilidou E.,117.0,124.0,558.0,532.0,6.0,4.0,6.0,3.0,,,2.0,0.0,Completed,1.36,3.0,1.35,2.9,1.4,2.75,1.38,3.35,1.4,2.88,1.45,3.55,1.38,2.99
WTA,2013,45,New York,US Open,2013-08-27,Grand Slam,Outdoor,Hard,1st Round,3,Vesnina E.,Beck A.,24.0,50.0,2125.0,1176.0,6.0,1.0,6.0,1.0,,,2.0,0.0,Completed,1.36,3.0,1.35,2.9,1.36,3.0,1.37,3.38,1.36,3.0,1.42,3.9,1.35,3.13
WTA,2013,45,New York,US Open,2013-08-27,Grand Slam,Outdoor,Hard,1st Round,3,Jovanovski B.,Petkovic A.,58.0,46.0,1045.0,1197.0,6.0,2.0,6.0,4.0,,,2.0,0.0,Completed,5.5,1.14,4.75,1.15,4.33,1.2,6.2,1.16,4.5,1.2,6.3,1.23,5.14,1.16
WTA,2013,45,New York,US Open,2013-08-27,Grand Slam,Outdoor,Hard,1st Round,3,Kvitova P.,Doi M.,10.0,92.0,3290.0,718.0,6.0,2.0,3.0,6.0,6.0,1.0,2.0,1.0,Completed,1.07,9.0,1.05,8.0,1.06,9.0,1.07,10.75,1.05,9.0,1.11,11.0,1.07,8.56
WTA,2013,45,New York,US Open,2013-08-27,Grand Slam,Outdoor,Hard,1st Round,3,Dulgheru A.,Lepchenko V.,214.0,35.0,253.0,1371.0,6.0,7.0,6.0,2.0,7.0,6.0,2.0,1.0,Completed,3.5,1.28,3.5,1.25,3.4,1.3,3.7,1.33,3.5,1.29,3.75,1.36,3.51,1.29
WTA,2013,45,New York,US Open,2013-08-27,Grand Slam,Outdoor,Hard,1st Round,3,Mchale C.,Goerges J.,114.0,45.0,597.0,1210.0,6.0,4.0,6.0,3.0,,,2.0,0.0,Completed,2.1,1.66,2.0,1.72,2.2,1.67,2.16,1.78,2.25,1.62,2.25,1.79,2.1,1.71
WTA,2013,45,New York,US Open,2013-08-27,Grand Slam,Outdoor,Hard,1st Round,3,Cornet A.,Koehler M.J.,28.0,125.0,1730.0,532.0,6.0,3.0,6.0,2.0,,,2.0,0.0,Completed,1.14,5.0,1.16,4.5,1.17,4.5,1.21,5.0,1.17,5.0,1.22,5.9,1.17,4.84
WTA,2013,45,New York,US Open,2013-08-27,Grand Slam,Outdoor,Hard,1st Round,3,Tomljanovic A.,Dellacqua C.,129.0,184.0,516.0,317.0,3.0,6.0,6.0,1.0,6.0,4.0,2.0,1.0,Completed,1.72,2.0,1.8,1.9,1.8,1.91,1.88,2.02,1.8,2.0,1.92,2.14,1.81,1.95
WTA,2013,45,New York,US Open,2013-08-27,Grand Slam,Outdoor,Hard,1st Round,3,Wozniacki C.,Duan Y.Y.,8.0,133.0,3490.0,495.0,6.0,2.0,7.0,5.0,,,2.0,0.0,Completed,1.04,10.0,1.08,6.5,1.08,8.0,1.06,12.75,1.07,8.0,1.09,12.75,1.07,8.4
WTA,2013,45,New York,US Open,2013-08-27,Grand Slam,Outdoor,Hard,1st Round,3,Knapp K.,Min G.,55.0,149.0,1111.0,418.0,6.0,3.0,6.0,1.0,,,2.0,0.0,Completed,1.66,2.1,1.7,2.05,1.67,2.1,1.8,2.13,1.62,2.25,1.81,2.25,1.69,2.12
WTA,2013,45,New York,US Open,2013-08-27,Grand Slam,Outdoor,Hard,1st Round,3,Pennetta F.,Gibbs N.,83.0,203.0,761.0,276.0,6.0,0.0,6.0,2.0,,,2.0,0.0,Completed,1.57,2.25,1.58,2.25,1.53,2.38,1.61,2.49,1.53,2.5,1.67,2.5,1.58,2.33
WTA,2013,45,New York,US Open,2013-08-27,Grand Slam,Outdoor,Hard,1st Round,3,Glushko J.,Petrova N.,128.0,23.0,518.0,2212.0,6.0,3.0,6.0,4.0,,,2.0,0.0,Completed,2.1,1.66,2.15,1.62,2.25,1.57,2.29,1.7,2.25,1.62,2.34,1.8,2.15,1.68
WTA,2013,45,New York,US Open,2013-08-27,Grand Slam,Outdoor,Hard,1st Round,3,Hantuchova D.,Sanchez M.,48.0,111.0,1185.0,608.0,7.0,5.0,6.0,2.0,,,2.0,0.0,Completed,1.22,4.0,,,1.22,4.0,1.3,3.92,1.22,4.0,1.31,4.2,1.25,3.85
WTA,2013,45,New York,US Open,2013-08-27,Grand Slam,Outdoor,Hard,1st Round,3,Vickery S.,Lucic M.,238.0,118.0,225.0,547.0,6.0,4.0,6.0,4.0,,,2.0,0.0,Completed,4.0,1.22,3.8,1.22,4.0,1.22,5.0,1.21,4.0,1.22,5.0,1.29,4.08,1.23
WTA,2013,45,New York,US Open,2013-08-27,Grand Slam,Outdoor,Hard,1st Round,3,Svitolina E.,Cibulkova D.,43.0,21.0,1245.0,2281.0,6.0,4.0,6.0,3.0,,,2.0,0.0,Completed,3.25,1.33,3.3,1.28,3.25,1.33,3.64,1.33,3.25,1.33,3.7,1.4,3.3,1.32
WTA,2013,45,New York,US Open,2013-08-27,Grand Slam,Outdoor,Hard,1st Round,3,Errani S.,Rogowska O.,5.0,151.0,5125.0,414.0,6.0,0.0,6.0,0.0,,,2.0,0.0,Completed,1.07,7.5,1.07,7.0,1.07,8.5,1.06,11.75,1.07,8.5,1.13,12.0,1.06,8.71
WTA,2013,45,New York,US Open,2013-08-27,Grand Slam,Outdoor,Hard,1st Round,3,Scheepers C.,Simmonds C.,85.0,165.0,750.0,372.0,2.0,6.0,6.0,2.0,6.0,1.0,2.0,1.0,Completed,1.36,3.0,1.35,2.9,1.4,2.75,1.34,3.6,1.36,3.0,1.42,3.75,1.34,3.18
WTA,2013,45,New York,US Open,2013-08-27,Grand Slam,Outdoor,Hard,1st Round,3,Barthel M.,Larsson J.,34.0,80.0,1550.0,780.0,6.0,1.0,6.0,4.0,,,2.0,0.0,Completed,1.18,4.5,1.2,4.0,1.2,4.33,1.19,5.39,1.22,4.0,1.27,5.39,1.2,4.43
WTA,2013,45,New York,US Open,2013-08-27,Grand Slam,Outdoor,Hard,1st Round,3,Vekic D.,Duque Marino M.,65.0,98.0,957.0,676.0,7.0,6.0,4.0,6.0,6.0,2.0,2.0,1.0,Completed,1.36,3.0,1.33,3.0,1.4,2.75,1.42,3.13,1.36,3.0,1.42,3.3,1.37,3.0
WTA,2013,45,New York,US Open,2013-08-27,Grand Slam,Outdoor,Hard,1st Round,3,Duval V.,Stosur S.,296.0,11.0,162.0,3210.0,5.0,7.0,6.0,4.0,6.0,4.0,2.0,1.0,Completed,8.0,1.08,7.5,1.06,8.5,1.07,13.0,1.05,7.5,1.08,13.0,1.12,8.72,1.07
WTA,2013,45,New York,US Open,2013-08-27,Grand Slam,Outdoor,Hard,1st Round,3,Riske A.,Pironkova T.,81.0,66.0,776.0,954.0,6.0,3.0,6.0,3.0,,,2.0,0.0,Completed,1.44,2.62,1.48,2.45,1.53,2.38,1.64,2.42,1.53,2.5,1.65,2.65,1.53,2.48
WTA,2013,45,New York,US Open,2013-08-27,Grand Slam,Outdoor,Hard,1st Round,3,Wozniak A.,Dolonc V.,323.0,90.0,136.0,730.0,7.0,5.0,7.0,6.0,,,2.0,0.0,Completed,1.4,2.75,1.42,2.65,1.5,2.5,1.44,3.02,1.44,2.75,1.53,3.1,1.44,2.74
WTA,2013,45,New York,US Open,2013-08-27,Grand Slam,Outdoor,Hard,1st Round,3,Kuznetsova S.,Burdette M.,29.0,96.0,1679.0,683.0,6.0,3.0,7.0,5.0,,,2.0,0.0,Completed,1.4,2.75,1.42,2.65,1.4,2.75,1.37,3.38,1.4,2.88,1.5,3.38,1.4,2.88
WTA,2013,45,New York,US Open,2013-08-27,Grand Slam,Outdoor,Hard,1st Round,3,Halep S.,Watson H.,19.0,76.0,2450.0,825.0,4.0,6.0,6.0,4.0,6.0,2.0,2.0,1.0,Completed,1.07,7.5,1.07,7.0,1.07,7.5,1.07,10.5,1.08,7.5,1.15,11.0,1.07,8.14
WTA,2013,45,New York,US Open,2013-08-27,Grand Slam,Outdoor,Hard,1st Round,3,Peng S.,Meusburger Y.,37.0,64.0,1308.0,958.0,6.0,3.0,6.0,4.0,,,2.0,0.0,Completed,1.33,3.25,1.35,2.9,1.36,3.0,1.34,3.56,1.4,2.88,1.5,3.56,1.35,3.12
WTA,2013,45,New York,US Open,2013-08-28,Grand Slam,Outdoor,Hard,1st Round,3,Azarenka V.,Pfizenmaier D.,2.0,99.0,9505.0,673.0,6.0,0.0,6.0,0.0,,,2.0,0.0,Completed,1.02,17.0,1.02,10.0,1.02,15.0,1.02,24.52,1.01,17.0,1.04,32.25,1.02,16.47
WTA,2013,45,New York,US Open,2013-08-28,Grand Slam,Outdoor,Hard,2nd Round,3,Radwanska A.,Torro Flor M.T.,4.0,103.0,6335.0,662.0,6.0,0.0,7.0,5.0,,,2.0,0.0,Completed,1.01,21.0,1.03,9.0,1.03,12.0,1.03,17.5,1.02,13.0,1.04,21.0,1.02,13.81
WTA,2013,45,New York,US Open,2013-08-28,Grand Slam,Outdoor,Hard,2nd Round,3,Suarez Navarro C.,Vandeweghe C.,20.0,191.0,2375.0,307.0,6.0,3.0,6.0,4.0,,,2.0,0.0,Completed,1.25,3.75,1.22,3.8,1.25,3.75,1.29,4.05,1.25,3.75,1.3,4.2,1.25,3.79
WTA,2013,45,New York,US Open,2013-08-28,Grand Slam,Outdoor,Hard,2nd Round,3,Pavlyuchenkova A.,Barty A.,33.0,169.0,1560.0,361.0,6.0,4.0,6.0,0.0,,,2.0,0.0,Completed,1.18,4.5,1.18,4.25,1.17,4.5,1.22,4.85,1.2,4.33,1.25,5.7,1.19,4.5
WTA,2013,45,New York,US Open,2013-08-28,Grand Slam,Outdoor,Hard,2nd Round,3,Li N.,Arvidsson S.,6.0,100.0,4825.0,672.0,6.0,2.0,6.0,2.0,,,2.0,0.0,Completed,1.04,13.0,1.04,8.5,1.04,11.0,1.04,15.0,1.05,10.0,1.09,15.3,1.04,11.22
WTA,2013,45,New York,US Open,2013-08-28,Grand Slam,Outdoor,Hard,2nd Round,3,Zheng J.,Williams V.,56.0,60.0,1085.0,1027.0,6.0,3.0,2.0,6.0,7.0,6.0,2.0,1.0,Completed,3.25,1.33,3.3,1.28,3.4,1.33,3.91,1.3,3.5,1.3,4.0,1.35,3.5,1.3
WTA,2013,45,New York,US Open,2013-08-28,Grand Slam,Outdoor,Hard,2nd Round,3,Robson L.,Garcia C.,32.0,75.0,1561.0,841.0,6.0,4.0,7.0,6.0,,,2.0,0.0,Completed,1.4,2.75,1.38,2.8,1.36,3.0,1.39,3.28,1.4,2.88,1.5,3.28,1.39,2.91
WTA,2013,45,New York,US Open,2013-08-29,Grand Slam,Outdoor,Hard,2nd Round,3,Hampton J.,Mladenovic K.,26.0,36.0,1881.0,1346.0,7.0,5.0,6.0,4.0,,,2.0,0.0,Completed,1.3,3.4,1.3,3.2,1.3,3.5,1.34,3.6,1.3,3.4,1.37,3.75,1.31,3.35
WTA,2013,45,New York,US Open,2013-08-29,Grand Slam,Outdoor,Hard,2nd Round,3,Stephens S.,Radwanska U.,16.0,38.0,2925.0,1300.0,6.0,1.0,6.0,1.0,,,2.0,0.0,Completed,1.5,2.5,1.5,2.4,1.53,2.5,1.65,2.4,1.53,2.5,1.65,2.62,1.53,2.47
WTA,2013,45,New York,US Open,2013-08-29,Grand Slam,Outdoor,Hard,2nd Round,3,Kerber A.,Bouchard E.,9.0,59.0,3420.0,1032.0,6.0,4.0,2.0,6.0,6.0,3.0,2.0,1.0,Completed,1.33,3.25,1.3,3.2,1.33,3.4,1.38,3.31,1.33,3.25,1.38,3.65,1.32,3.32
WTA,2013,45,New York,US Open,2013-08-29,Grand Slam,Outdoor,Hard,2nd Round,3,Kanepi K.,Schmiedlova A.,27.0,105.0,1781.0,654.0,6.0,4.0,6.0,1.0,,,2.0,0.0,Completed,1.25,3.75,1.28,3.3,1.3,3.4,1.3,3.89,1.29,3.5,1.3,4.05,1.27,3.68
WTA,2013,45,New York,US Open,2013-08-29,Grand Slam,Outdoor,Hard,2nd Round,3,Mchale C.,Svitolina E.,114.0,43.0,597.0,1245.0,6.0,4.0,3.0,6.0,7.0,5.0,2.0,1.0,Completed,2.5,1.5,2.3,1.55,2.62,1.5,2.23,1.74,2.5,1.53,2.62,1.74,2.35,1.58
WTA,2013,45,New York,US Open,2013-08-29,Grand Slam,Outdoor,Hard,2nd Round,3,Kuznetsova S.,Peng S.,29.0,37.0,1679.0,1308.0,6.0,1.0,4.0,6.0,6.0,4.0,2.0,1.0,Completed,1.53,2.37,1.52,2.35,1.5,2.5,1.63,2.46,1.53,2.5,1.65,2.7,1.56,2.38
WTA,2013,45,New York,US Open,2013-08-29,Grand Slam,Outdoor,Hard,2nd Round,3,Makarova E.,Mattek-Sands B.,25.0,47.0,1935.0,905.0,6.0,4.0,6.0,4.0,,,2.0,0.0,Completed,1.4,2.75,1.42,2.65,1.4,2.75,1.44,3.01,1.44,2.75,1.5,3.2,1.44,2.73
WTA,2013,45,New York,US Open,2013-08-29,Grand Slam,Outdoor,Hard,2nd Round,3,Nara K.,Cirstea S.,109.0,22.0,629.0,2250.0,7.0,5.0,6.0,1.0,,,2.0,0.0,Completed,3.5,1.28,3.3,1.28,3.25,1.33,3.49,1.35,3.5,1.29,4.2,1.35,3.46,1.3
WTA,2013,45,New York,US Open,2013-08-29,Grand Slam,Outdoor,Hard,2nd Round,3,Lisicki S.,Ormaechea P.,18.0,71.0,2615.0,898.0,6.0,2.0,6.0,3.0,,,2.0,0.0,Completed,1.11,6.5,1.12,5.25,1.08,7.0,1.13,7.38,1.1,7.0,1.15,7.38,1.11,6.22
WTA,2013,45,New York,US Open,2013-08-29,Grand Slam,Outdoor,Hard,2nd Round,3,Vinci R.,Safarova L.,13.0,41.0,3065.0,1270.0,4.0,6.0,6.0,1.0,6.0,2.0,2.0,1.0,Completed,1.36,3.0,1.33,3.0,1.33,3.25,1.42,3.14,1.33,3.25,1.43,3.5,1.35,3.12
WTA,2013,45,New York,US Open,2013-08-29,Grand Slam,Outdoor,Hard,2nd Round,3,Shvedova Y.,Mayr P.,78.0,140.0,790.0,440.0,6.0,2.0,6.0,3.0,,,2.0,0.0,Completed,1.18,4.5,1.2,4.0,1.2,4.33,1.24,4.65,1.2,4.5,1.27,5.0,1.21,4.3
WTA,2013,45,New York,US Open,2013-08-29,Grand Slam,Outdoor,Hard,2nd Round,3,Jankovic J.,Kleybanova A.,12.0,363.0,3125.0,115.0,6.0,3.0,6.0,2.0,,,2.0,0.0,Completed,1.22,4.0,1.2,4.0,1.17,4.5,1.23,4.72,1.22,4.0,1.27,4.95,1.22,4.15
WTA,2013,45,New York,US Open,2013-08-29,Grand Slam,Outdoor,Hard,2nd Round,3,Pennetta F.,Errani S.,83.0,5.0,761.0,5125.0,6.0,3.0,6.0,1.0,,,2.0,0.0,Completed,3.25,1.33,2.9,1.35,3.25,1.36,3.56,1.34,3.0,1.36,3.75,1.4,3.17,1.34
WTA,2013,45,New York,US Open,2013-08-29,Grand Slam,Outdoor,Hard,2nd Round,3,Cornet A.,Tomljanovic A.,28.0,129.0,1730.0,516.0,6.0,2.0,6.0,2.0,,,2.0,0.0,Completed,1.33,3.25,1.35,2.9,1.36,3.0,1.33,3.64,1.36,3.0,1.4,3.64,1.34,3.15
WTA,2013,45,New York,US Open,2013-08-29,Grand Slam,Outdoor,Hard,2nd Round,3,Knapp K.,Vesnina E.,55.0,24.0,1111.0,2125.0,6.0,1.0,6.0,4.0,,,2.0,0.0,Completed,3.5,1.28,3.2,1.3,3.25,1.33,3.64,1.33,3.25,1.33,3.75,1.36,3.36,1.31
WTA,2013,45,New York,US Open,2013-08-29,Grand Slam,Outdoor,Hard,2nd Round,3,Williams S.,Voskoboeva G.,1.0,77.0,12260.0,806.0,6.0,3.0,6.0,0.0,,,2.0,0.0,Completed,1.01,23.0,1.01,11.0,1.01,21.0,1.02,24.52,1.01,19.0,1.03,35.0,1.01,18.93
WTA,2013,45,New York,US Open,2013-08-29,Grand Slam,Outdoor,Hard,2nd Round,3,Ivanovic A.,Dulgheru A.,15.0,214.0,2940.0,253.0,6.0,2.0,6.0,1.0,,,2.0,0.0,Completed,1.1,7.0,1.1,6.0,1.12,6.0,1.12,7.52,1.1,6.5,1.15,7.75,1.11,6.54
WTA,2013,45,New York,US Open,2013-08-29,Grand Slam,Outdoor,Hard,2nd Round,3,Halep S.,Vekic D.,19.0,65.0,2450.0,957.0,6.0,2.0,6.0,1.0,,,2.0,0.0,Completed,1.16,5.0,1.15,4.75,1.14,5.0,1.19,5.51,1.17,5.0,1.2,5.51,1.16,5.01
WTA,2013,45,New York,US Open,2013-08-29,Grand Slam,Outdoor,Hard,2nd Round,3,Kvitova P.,Jovanovski B.,10.0,58.0,3290.0,1045.0,6.0,2.0,6.0,4.0,,,2.0,0.0,Completed,1.2,4.33,1.25,3.5,1.25,4.0,1.25,4.46,1.29,3.5,1.32,4.46,1.25,3.91
WTA,2013,45,New York,US Open,2013-08-29,Grand Slam,Outdoor,Hard,2nd Round,3,Riske A.,Barthel M.,81.0,34.0,776.0,1550.0,6.0,4.0,6.0,2.0,,,2.0,0.0,Completed,2.37,1.53,2.25,1.58,2.38,1.53,2.99,1.45,2.5,1.53,3.1,1.65,2.53,1.51
WTA,2013,45,New York,US Open,2013-08-29,Grand Slam,Outdoor,Hard,2nd Round,3,Glushko J.,Vickery S.,128.0,238.0,518.0,225.0,7.0,5.0,6.0,3.0,,,2.0,0.0,Completed,1.36,3.0,1.35,2.9,1.4,2.75,1.61,2.48,1.36,3.0,1.61,3.12,1.41,2.83
WTA,2013,45,New York,US Open,2013-08-29,Grand Slam,Outdoor,Hard,2nd Round,3,Kirilenko M.,Larcherde Brito M.,17.0,117.0,2620.0,558.0,6.0,3.0,6.0,1.0,,,2.0,0.0,Completed,1.14,5.5,1.15,4.75,1.17,4.5,1.17,6.02,1.14,5.5,1.22,6.02,1.15,5.21
WTA,2013,45,New York,US Open,2013-08-29,Grand Slam,Outdoor,Hard,2nd Round,3,Azarenka V.,Wozniak A.,2.0,323.0,9505.0,136.0,6.0,3.0,6.0,1.0,,,2.0,0.0,Completed,1.03,15.0,1.02,10.0,1.02,15.0,1.02,22.73,1.02,13.0,1.05,22.73,1.03,13.25
WTA,2013,45,New York,US Open,2013-08-29,Grand Slam,Outdoor,Hard,2nd Round,3,Giorgi C.,Hsieh S.W.,136.0,40.0,471.0,1290.0,6.0,4.0,7.0,6.0,,,2.0,0.0,Completed,1.66,2.1,1.75,1.95,1.8,1.91,1.88,2.03,1.8,2.0,1.9,2.15,1.76,2.02
WTA,2013,45,New York,US Open,2013-08-30,Grand Slam,Outdoor,Hard,2nd Round,3,Wozniacki C.,Scheepers C.,8.0,85.0,3490.0,750.0,6.0,1.0,6.0,2.0,,,2.0,0.0,Completed,1.14,5.5,1.15,4.75,1.14,5.5,1.19,5.36,1.17,5.0,1.19,6.3,1.15,5.22
WTA,2013,45,New York,US Open,2013-08-30,Grand Slam,Outdoor,Hard,2nd Round,3,Hantuchova D.,Duval V.,48.0,296.0,1185.0,162.0,6.0,2.0,6.0,3.0,,,2.0,0.0,Completed,1.33,3.25,1.33,3.0,1.33,3.25,1.4,3.22,1.36,3.0,1.48,3.48,1.36,3.09
WTA,2013,45,New York,US Open,2013-08-30,Grand Slam,Outdoor,Hard,3rd Round,3,Radwanska A.,Pavlyuchenkova A.,4.0,33.0,6335.0,1560.0,6.0,4.0,7.0,6.0,,,2.0,0.0,Completed,1.18,4.5,1.16,4.5,1.2,4.5,1.22,5.05,1.2,4.5,1.23,5.7,1.19,4.58
WTA,2013,45,New York,US Open,2013-08-30,Grand Slam,Outdoor,Hard,3rd Round,3,Li N.,Robson L.,6.0,32.0,4825.0,1561.0,6.0,2.0,7.0,5.0,,,2.0,0.0,Completed,1.2,4.33,1.18,4.25,1.22,4.33,1.23,4.84,1.2,4.5,1.27,4.84,1.21,4.28
WTA,2013,45,New York,US Open,2013-08-30,Grand Slam,Outdoor,Hard,3rd Round,3,Makarova E.,Lisicki S.,25.0,18.0,1935.0,2615.0,6.0,4.0,7.0,5.0,,,2.0,0.0,Completed,2.0,1.72,2.0,1.72,2.1,1.73,2.04,1.88,2.1,1.73,2.26,1.88,2.06,1.74
WTA,2013,45,New York,US Open,2013-08-30,Grand Slam,Outdoor,Hard,3rd Round,3,Jankovic J.,Nara K.,12.0,109.0,3125.0,629.0,6.0,4.0,7.0,6.0,,,2.0,0.0,Completed,1.2,4.5,1.18,4.25,1.2,4.5,1.23,4.84,1.17,5.0,1.26,5.0,1.2,4.41
WTA,2013,45,New York,US Open,2013-08-30,Grand Slam,Outdoor,Hard,3rd Round,3,Stephens S.,Hampton J.,16.0,26.0,2925.0,1881.0,6.0,1.0,6.0,3.0,,,2.0,0.0,Completed,1.53,2.37,1.5,2.4,1.53,2.5,1.7,2.32,1.53,2.5,1.7,2.7,1.55,2.43
WTA,2013,45,New York,US Open,2013-08-30,Grand Slam,Outdoor,Hard,3rd Round,3,Kerber A.,Kanepi K.,9.0,27.0,3420.0,1781.0,6.0,0.0,6.0,4.0,,,2.0,0.0,Completed,1.61,2.2,1.6,2.2,1.62,2.25,1.74,2.25,1.57,2.38,1.8,2.4,1.64,2.21
WTA,2013,45,New York,US Open,2013-08-30,Grand Slam,Outdoor,Hard,3rd Round,3,Suarez Navarro C.,Zheng J.,20.0,56.0,2375.0,1085.0,6.0,2.0,6.0,4.0,,,2.0,0.0,Completed,1.36,3.0,1.4,2.75,1.44,2.75,1.48,2.92,1.4,2.75,1.53,3.1,1.42,2.83
WTA,2013,45,New York,US Open,2013-08-31,Grand Slam,Outdoor,Hard,3rd Round,3,Williams S.,Shvedova Y.,1.0,78.0,12260.0,790.0,6.0,3.0,6.0,1.0,,,2.0,0.0,Completed,1.02,17.0,1.02,10.0,1.02,15.0,1.03,21.0,1.03,12.0,1.04,25.0,1.02,15.48
WTA,2013,45,New York,US Open,2013-08-31,Grand Slam,Outdoor,Hard,3rd Round,3,Halep S.,Kirilenko M.,19.0,17.0,2450.0,2620.0,6.0,1.0,6.0,0.0,,,2.0,0.0,Completed,1.44,2.62,1.5,2.4,1.53,2.5,1.54,2.7,1.53,2.5,1.6,2.75,1.51,2.51
WTA,2013,45,New York,US Open,2013-08-31,Grand Slam,Outdoor,Hard,3rd Round,3,Pennetta F.,Kuznetsova S.,83.0,29.0,761.0,1679.0,7.0,5.0,6.0,1.0,,,2.0,0.0,Completed,2.25,1.57,2.1,1.65,2.2,1.67,2.38,1.67,2.2,1.67,2.48,1.75,2.2,1.65
WTA,2013,45,New York,US Open,2013-08-31,Grand Slam,Outdoor,Hard,3rd Round,3,Riske A.,Kvitova P.,81.0,10.0,776.0,3290.0,6.0,3.0,6.0,0.0,,,2.0,0.0,Completed,3.25,1.33,3.2,1.3,3.5,1.3,3.6,1.35,3.25,1.33,3.6,1.42,3.26,1.33
WTA,2013,45,New York,US Open,2013-08-31,Grand Slam,Outdoor,Hard,3rd Round,3,Ivanovic A.,Mchale C.,15.0,114.0,2940.0,597.0,4.0,6.0,7.0,5.0,6.0,4.0,2.0,1.0,Completed,1.11,6.5,1.12,5.25,1.12,6.0,1.14,6.92,1.14,5.5,1.18,7.05,1.13,5.81
WTA,2013,45,New York,US Open,2013-08-31,Grand Slam,Outdoor,Hard,3rd Round,3,Azarenka V.,Cornet A.,2.0,28.0,9505.0,1730.0,6.0,7.0,6.0,3.0,6.0,2.0,2.0,1.0,Completed,1.05,11.0,1.04,8.5,1.05,10.0,1.08,10.68,1.03,12.0,1.08,14.5,1.04,10.58
WTA,2013,45,New York,US Open,2013-08-31,Grand Slam,Outdoor,Hard,3rd Round,3,Hantuchova D.,Glushko J.,48.0,128.0,1185.0,518.0,3.0,6.0,7.0,5.0,7.0,6.0,2.0,1.0,Completed,1.33,3.25,1.35,2.9,1.36,3.25,1.35,3.55,1.36,3.0,1.45,3.55,1.36,3.09
WTA,2013,45,New York,US Open,2013-09-01,Grand Slam,Outdoor,Hard,3rd Round,3,Giorgi C.,Wozniacki C.,136.0,8.0,471.0,3490.0,4.0,6.0,6.0,4.0,6.0,3.0,2.0,1.0,Completed,5.5,1.14,4.75,1.15,5.0,1.17,6.35,1.16,5.0,1.17,6.35,1.22,5.05,1.16
WTA,2013,45,New York,US Open,2013-09-01,Grand Slam,Outdoor,Hard,3rd Round,3,Vinci R.,Knapp K.,13.0,55.0,3065.0,1111.0,6.0,4.0,6.0,3.0,,,2.0,0.0,Completed,1.4,2.75,1.38,2.8,1.44,2.75,1.43,3.13,1.4,2.88,1.5,3.13,1.43,2.79
WTA,2013,45,New York,US Open,2013-09-01,Grand Slam,Outdoor,Hard,4th Round,3,Suarez Navarro C.,Kerber A.,20.0,9.0,2375.0,3420.0,4.0,6.0,6.0,3.0,7.0,6.0,2.0,1.0,Completed,2.5,1.53,2.45,1.48,2.62,1.5,2.65,1.56,2.5,1.53,2.88,1.62,2.54,1.51
WTA,2013,45,New York,US Open,2013-09-01,Grand Slam,Outdoor,Hard,4th Round,3,Williams S.,Stephens S.,1.0,16.0,12260.0,2925.0,6.0,4.0,6.0,1.0,,,2.0,0.0,Completed,1.07,9.0,1.07,7.0,1.08,8.0,1.08,10.5,1.07,8.0,1.13,10.5,1.08,7.96
WTA,2013,45,New York,US Open,2013-09-02,Grand Slam,Outdoor,Hard,4th Round,3,Makarova E.,Radwanska A.,25.0,4.0,1935.0,6335.0,6.0,4.0,6.0,4.0,,,2.0,0.0,Completed,4.0,1.22,3.8,1.22,4.33,1.22,4.55,1.25,3.75,1.25,4.65,1.25,4.17,1.22
WTA,2013,45,New York,US Open,2013-09-02,Grand Slam,Outdoor,Hard,4th Round,3,Li N.,Jankovic J.,6.0,12.0,4825.0,3125.0,6.0,3.0,6.0,0.0,,,2.0,0.0,Completed,1.36,3.0,1.35,2.9,1.4,3.0,1.39,3.32,1.36,3.0,1.44,3.5,1.36,3.09
WTA,2013,45,New York,US Open,2013-09-02,Grand Slam,Outdoor,Hard,4th Round,3,Vinci R.,Giorgi C.,13.0,136.0,3065.0,471.0,6.0,4.0,6.0,2.0,,,2.0,0.0,Completed,1.4,2.87,1.42,2.65,1.44,2.75,1.4,3.29,1.44,2.75,1.53,3.29,1.42,2.83
WTA,2013,45,New York,US Open,2013-09-02,Grand Slam,Outdoor,Hard,4th Round,3,Hantuchova D.,Riske A.,48.0,81.0,1185.0,776.0,6.0,3.0,5.0,7.0,6.0,2.0,2.0,1.0,Completed,2.2,1.61,2.3,1.55,2.25,1.62,2.17,1.79,2.25,1.62,2.38,1.79,2.17,1.67
WTA,2013,45,New York,US Open,2013-09-02,Grand Slam,Outdoor,Hard,4th Round,3,Pennetta F.,Halep S.,83.0,19.0,761.0,2450.0,6.0,2.0,7.0,6.0,,,2.0,0.0,Completed,4.0,1.25,3.5,1.25,4.0,1.25,3.81,1.32,3.75,1.25,4.0,1.33,3.69,1.27
WTA,2013,45,New York,US Open,2013-09-03,Grand Slam,Outdoor,Hard,4th Round,3,Azarenka V.,Ivanovic A.,2.0,15.0,9505.0,2940.0,4.0,6.0,6.0,3.0,6.0,4.0,2.0,1.0,Completed,1.12,6.0,1.12,5.25,1.14,5.5,1.17,6.12,1.13,6.0,1.18,6.3,1.14,5.67
WTA,2013,45,New York,US Open,2013-09-03,Grand Slam,Outdoor,Hard,Quarterfinals,3,Li N.,Makarova E.,6.0,25.0,4825.0,1935.0,6.0,4.0,6.0,7.0,6.0,2.0,2.0,1.0,Completed,1.28,3.75,1.25,3.5,1.29,3.75,1.31,3.88,1.25,3.75,1.39,4.0,1.28,3.64
WTA,2013,45,New York,US Open,2013-09-04,Grand Slam,Outdoor,Hard,Quarterfinals,3,Williams S.,Suarez Navarro C.,1.0,20.0,12260.0,2375.0,6.0,0.0,6.0,0.0,,,2.0,0.0,Completed,1.03,15.0,1.02,10.0,1.02,15.0,1.03,19.0,1.03,11.0,1.06,20.7,1.03,12.95
WTA,2013,45,New York,US Open,2013-09-04,Grand Slam,Outdoor,Hard,Quarterfinals,3,Pennetta F.,Vinci R.,83.0,13.0,761.0,3065.0,6.0,4.0,6.0,1.0,,,2.0,0.0,Completed,2.0,1.8,1.9,1.8,2.0,1.8,2.16,1.79,2.0,1.83,2.16,1.95,1.98,1.81
WTA,2013,45,New York,US Open,2013-09-05,Grand Slam,Outdoor,Hard,Quarterfinals,3,Azarenka V.,Hantuchova D.,2.0,48.0,9505.0,1185.0,6.0,2.0,6.0,3.0,,,2.0,0.0,Completed,1.08,8.0,1.07,7.0,1.1,7.0,1.1,8.91,1.07,9.0,1.12,9.0,1.09,7.59
WTA,2013,45,New York,US Open,2013-09-06,Grand Slam,Outdoor,Hard,Semifinals,3,Azarenka V.,Pennetta F.,2.0,83.0,9505.0,761.0,6.0,4.0,6.0,2.0,,,2.0,0.0,Completed,1.3,3.5,1.22,3.8,1.33,3.4,1.33,3.83,1.22,4.5,1.35,4.5,1.29,3.62
WTA,2013,45,New York,US Open,2013-09-06,Grand Slam,Outdoor,Hard,Semifinals,3,Williams S.,Li N.,1.0,6.0,12260.0,4825.0,6.0,0.0,6.0,3.0,,,2.0,0.0,Completed,1.14,5.0,1.12,5.25,1.17,5.0,1.18,6.01,1.14,6.0,1.22,6.3,1.16,5.21
WTA,2013,45,New York,US Open,2013-09-08,Grand Slam,Outdoor,Hard,The Final,3,Williams S.,Azarenka V.,1.0,2.0,12260.0,9505.0,7.0,5.0,6.0,7.0,6.0,1.0,2.0,1.0,Completed,1.25,4.0,1.22,3.8,1.25,4.0,1.27,4.4,1.25,4.0,1.32,4.4,1.25,4.02
