Tour,Year,WTA,Location,Tournament,Date,Tier,Court,Surface,Round,Best of,Winner,Loser,WRank,LRank,WPts,LPts,W1,L1,W2,L2,W3,L3,Wsets,Lsets,Comment,B365W,B365L,EXW,EXL,LBW,LBL,PSW,PSL,MaxW,MaxL,AvgW,AvgL
WTA,2018,6,Melbourne,Australian Open,2018-01-15,Grand Slam,Outdoor,Hard,1st Round,3,Begu I.,Makarova E.,40.0,31.0,1303.0,1605.0,3.0,6.0,6.0,4.0,8.0,6.0,2.0,1.0,Completed,3.25,1.36,2.85,1.37,3.4,1.33,3.18,1.41,3.3,1.41,3.1,1.37
WTA,2018,6,Melbourne,Australian Open,2018-01-15,Grand Slam,Outdoor,Hard,1st Round,3,Cornet A.,Wang X.,42.0,641.0,1215.0,34.0,6.0,4.0,6.0,2.0,,,2.0,0.0,Completed,1.16,5.0,1.16,4.6,1.14,5.5,1.2,5.23,1.22,5.5,1.17,4.95
WTA,2018,6,Melbourne,Australian Open,2018-01-15,Grand Slam,Outdoor,Hard,1st Round,3,Goerges J.,Kenin S.,12.0,102.0,2825.0,639.0,6.0,4.0,6.0,4.0,,,2.0,0.0,Completed,1.14,5.5,1.12,5.4,1.14,5.5,1.14,6.83,1.17,6.92,1.13,5.97
WTA,2018,6,Melbourne,Australian Open,2018-01-15,Grand Slam,Outdoor,Hard,1st Round,3,Zhang S.,Stephens S.,34.0,13.0,1535.0,2803.0,2.0,6.0,7.0,6.0,6.0,2.0,2.0,1.0,Completed,1.5,2.62,1.5,2.4,1.5,2.62,1.6,2.5,1.61,2.8,1.52,2.54
WTA,2018,6,Melbourne,Australian Open,2018-01-15,Grand Slam,Outdoor,Hard,1st Round,3,Rybarikova M.,Townsend T.,21.0,89.0,2141.0,716.0,6.0,0.0,7.0,5.0,,,2.0,0.0,Completed,1.8,2.0,1.75,1.95,1.67,2.2,1.8,2.13,1.84,2.2,1.77,2.04
WTA,2018,6,Melbourne,Australian Open,2018-01-15,Grand Slam,Outdoor,Hard,1st Round,3,Duan Y.Y.,Duque-Marino M.,100.0,109.0,643.0,597.0,6.0,0.0,6.0,1.0,,,2.0,0.0,Completed,1.28,3.75,1.25,3.6,1.4,3.0,1.34,3.56,1.34,4.5,1.27,3.78
WTA,2018,6,Melbourne,Australian Open,2018-01-15,Grand Slam,Outdoor,Hard,1st Round,3,Flipkens K.,Riske A.,75.0,84.0,836.0,755.0,2.0,6.0,7.0,6.0,6.0,3.0,2.0,1.0,Completed,2.62,1.5,2.5,1.47,2.5,1.53,2.65,1.55,2.74,1.55,2.59,1.5
WTA,2018,6,Melbourne,Australian Open,2018-01-15,Grand Slam,Outdoor,Hard,1st Round,3,Barthel M.,Niculescu M.,53.0,99.0,1068.0,653.0,6.0,4.0,7.0,5.0,,,2.0,0.0,Completed,3.0,1.4,2.75,1.4,3.0,1.4,2.93,1.47,3.0,1.48,2.81,1.43
WTA,2018,6,Melbourne,Australian Open,2018-01-15,Grand Slam,Outdoor,Hard,1st Round,3,Ostapenko J.,Schiavone F.,7.0,93.0,4901.0,708.0,6.0,1.0,6.0,4.0,,,2.0,0.0,Completed,1.08,8.0,1.08,6.5,1.08,7.5,1.11,8.36,1.11,8.5,1.09,7.34
WTA,2018,6,Melbourne,Australian Open,2018-01-15,Grand Slam,Outdoor,Hard,1st Round,3,Martic P.,Van Uytvanck A.,81.0,77.0,762.0,814.0,7.0,6.0,6.0,3.0,,,2.0,0.0,Completed,2.0,1.8,1.95,1.75,2.0,1.8,2.07,1.85,2.1,1.86,2.01,1.8
WTA,2018,6,Melbourne,Australian Open,2018-01-15,Grand Slam,Outdoor,Hard,1st Round,3,Kanepi K.,Cibulkova D.,79.0,26.0,782.0,1860.0,6.0,2.0,6.0,2.0,,,2.0,0.0,Completed,1.9,1.9,1.85,1.85,1.91,1.91,1.97,1.93,1.97,2.0,1.88,1.92
WTA,2018,6,Melbourne,Australian Open,2018-01-15,Grand Slam,Outdoor,Hard,1st Round,3,Babos T.,Vandeweghe C.,51.0,9.0,1091.0,3204.0,7.0,6.0,6.0,2.0,,,2.0,0.0,Completed,3.25,1.36,3.1,1.32,3.25,1.36,3.64,1.33,3.64,1.37,3.35,1.33
WTA,2018,6,Melbourne,Australian Open,2018-01-15,Grand Slam,Outdoor,Hard,1st Round,3,Bertens K.,Bellis C.,32.0,49.0,1605.0,1100.0,6.0,7.0,6.0,4.0,6.0,2.0,2.0,1.0,Completed,2.5,1.53,2.4,1.5,2.5,1.53,2.64,1.55,2.64,1.57,2.51,1.53
WTA,2018,6,Melbourne,Australian Open,2018-01-15,Grand Slam,Outdoor,Hard,1st Round,3,Bencic B.,Williams V.,78.0,5.0,811.0,5568.0,6.0,3.0,7.0,5.0,,,2.0,0.0,Completed,2.0,1.8,1.95,1.75,1.8,2.0,2.06,1.85,2.12,1.9,2.0,1.8
WTA,2018,6,Melbourne,Australian Open,2018-01-15,Grand Slam,Outdoor,Hard,1st Round,3,Kontaveit A.,Krunic A.,33.0,46.0,1560.0,1126.0,6.0,4.0,7.0,5.0,,,2.0,0.0,Completed,1.9,1.9,1.8,1.9,1.8,2.0,1.91,2.0,1.96,2.01,1.88,1.93
WTA,2018,6,Melbourne,Australian Open,2018-01-15,Grand Slam,Outdoor,Hard,1st Round,3,Siniakova K.,Sakkari M.,59.0,55.0,1000.0,1057.0,6.0,2.0,6.0,7.0,6.0,4.0,2.0,1.0,Completed,1.44,2.75,1.4,2.75,1.44,2.75,1.45,2.97,1.49,3.05,1.43,2.84
WTA,2018,6,Melbourne,Australian Open,2018-01-15,Grand Slam,Outdoor,Hard,1st Round,3,Linette M.,Brady J.,74.0,65.0,860.0,959.0,2.0,6.0,6.0,4.0,6.0,3.0,2.0,1.0,Completed,2.5,1.53,2.4,1.5,2.5,1.53,2.52,1.59,2.55,1.6,2.45,1.55
WTA,2018,6,Melbourne,Australian Open,2018-01-15,Grand Slam,Outdoor,Hard,1st Round,3,Allertova D.,Parmentier P.,130.0,82.0,463.0,761.0,6.0,3.0,6.0,0.0,,,2.0,0.0,Completed,1.4,3.0,1.38,2.8,,,1.46,2.96,1.46,3.0,1.42,2.85
WTA,2018,6,Melbourne,Australian Open,2018-01-15,Grand Slam,Outdoor,Hard,1st Round,3,Pavlyuchenkova A.,Kozlova K.,18.0,86.0,2485.0,744.0,3.0,6.0,6.0,4.0,6.0,3.0,2.0,1.0,Completed,1.25,4.0,1.22,3.85,1.25,4.0,1.26,4.33,1.3,4.5,1.24,4.01
WTA,2018,6,Melbourne,Australian Open,2018-01-15,Grand Slam,Outdoor,Hard,1st Round,3,Rogowska O.,Fourlis J.,168.0,286.0,348.0,179.0,6.0,3.0,6.0,7.0,6.0,2.0,2.0,1.0,Completed,1.53,2.5,1.5,2.4,1.4,3.0,1.56,2.6,1.57,2.7,1.52,2.51
WTA,2018,6,Melbourne,Australian Open,2018-01-15,Grand Slam,Outdoor,Hard,1st Round,3,Bondarenko K.,Golubic V.,94.0,115.0,698.0,571.0,7.0,6.0,4.0,6.0,6.0,2.0,2.0,1.0,Completed,1.9,1.9,1.9,1.8,,,2.06,1.85,2.07,1.93,1.97,1.84
WTA,2018,6,Melbourne,Australian Open,2018-01-15,Grand Slam,Outdoor,Hard,1st Round,3,Puig M.,Stosur S.,58.0,41.0,1025.0,1265.0,4.0,6.0,7.0,6.0,6.0,4.0,2.0,1.0,Completed,1.66,2.2,1.65,2.1,1.67,2.2,1.74,2.22,1.78,2.23,1.7,2.15
WTA,2018,6,Melbourne,Australian Open,2018-01-15,Grand Slam,Outdoor,Hard,1st Round,3,Suarez Navarro C.,Frech M.,39.0,163.0,1341.0,360.0,7.0,5.0,6.0,3.0,,,2.0,0.0,Completed,1.36,3.25,1.35,2.95,,,1.43,3.05,1.45,3.26,1.38,3.06
WTA,2018,6,Melbourne,Australian Open,2018-01-15,Grand Slam,Outdoor,Hard,1st Round,3,Kostyuk M.,Peng S.,521.0,27.0,58.0,1765.0,6.0,2.0,6.0,2.0,,,2.0,0.0,Completed,3.25,1.36,3.2,1.3,,,3.51,1.35,3.6,1.36,3.32,1.33
WTA,2018,6,Melbourne,Australian Open,2018-01-15,Grand Slam,Outdoor,Hard,1st Round,3,Kumkhum L.,Larsson J.,124.0,83.0,479.0,761.0,6.0,3.0,7.0,5.0,,,2.0,0.0,Completed,1.53,2.5,1.47,2.5,,,1.51,2.75,1.59,2.76,1.53,2.52
WTA,2018,6,Melbourne,Australian Open,2018-01-15,Grand Slam,Outdoor,Hard,1st Round,3,Kasatkina D.,Schmiedlova A.,25.0,137.0,1905.0,437.0,6.0,0.0,6.0,3.0,,,2.0,0.0,Completed,1.28,3.75,1.24,3.65,,,1.29,3.97,1.31,4.03,1.28,3.66
WTA,2018,6,Melbourne,Australian Open,2018-01-15,Grand Slam,Outdoor,Hard,1st Round,3,Mertens E.,Kuzmova V.,37.0,125.0,1465.0,474.0,6.0,2.0,6.0,1.0,,,2.0,0.0,Completed,1.3,3.5,1.27,3.45,,,1.3,3.94,1.31,4.18,1.27,3.74
WTA,2018,6,Melbourne,Australian Open,2018-01-15,Grand Slam,Outdoor,Hard,1st Round,3,Wozniacki C.,Buzarnescu M.,2.0,44.0,6095.0,1194.0,6.0,2.0,6.0,3.0,,,2.0,0.0,Completed,1.16,5.0,1.15,4.75,1.14,5.5,1.18,5.73,1.18,6.5,1.15,5.44
WTA,2018,6,Melbourne,Australian Open,2018-01-15,Grand Slam,Outdoor,Hard,1st Round,3,Gibbs N.,Tomova V.,113.0,139.0,575.0,426.0,6.0,1.0,6.0,1.0,,,2.0,0.0,Completed,2.0,1.8,1.9,1.8,,,1.97,1.93,2.05,1.93,1.96,1.83
WTA,2018,6,Melbourne,Australian Open,2018-01-15,Grand Slam,Outdoor,Hard,1st Round,3,Fett J.,Eguchi M.,119.0,436.0,525.0,83.0,6.0,3.0,6.0,2.0,,,2.0,0.0,Completed,1.16,5.0,1.17,4.4,1.2,4.5,1.21,5.07,1.22,5.18,1.19,4.68
WTA,2018,6,Melbourne,Australian Open,2018-01-15,Grand Slam,Outdoor,Hard,1st Round,3,Svitolina E.,Jorovic I.,4.0,279.0,5785.0,191.0,6.0,3.0,6.0,2.0,,,2.0,0.0,Completed,1.05,11.0,1.03,9.0,,,1.05,13.89,1.06,14.32,1.04,11.46
WTA,2018,6,Melbourne,Australian Open,2018-01-15,Grand Slam,Outdoor,Hard,1st Round,3,Gavrilova D.,Falconi I.,23.0,131.0,1990.0,460.0,6.0,1.0,6.0,1.0,,,2.0,0.0,Completed,1.22,4.33,1.22,3.85,,,1.25,4.45,1.31,4.45,1.25,3.94
WTA,2018,6,Melbourne,Australian Open,2018-01-16,Grand Slam,Outdoor,Hard,1st Round,3,Arruabarrena L.,Hogenkamp R.,87.0,108.0,738.0,600.0,6.0,1.0,6.0,2.0,,,2.0,0.0,Completed,1.61,2.3,1.55,2.3,1.67,2.2,1.61,2.47,1.67,2.5,1.58,2.37
WTA,2018,6,Melbourne,Australian Open,2018-01-16,Grand Slam,Outdoor,Hard,1st Round,3,Konta J.,Brengle M.,10.0,90.0,3185.0,714.0,6.0,3.0,6.0,1.0,,,2.0,0.0,Completed,1.16,5.0,1.17,4.4,1.14,5.5,1.2,5.27,1.21,5.5,1.18,4.84
WTA,2018,6,Melbourne,Australian Open,2018-01-16,Grand Slam,Outdoor,Hard,1st Round,3,Vondrousova M.,Nara K.,62.0,101.0,965.0,639.0,7.0,5.0,6.0,4.0,,,2.0,0.0,Completed,1.36,3.25,1.35,2.95,1.44,2.75,1.38,3.35,1.42,3.35,1.37,3.06
WTA,2018,6,Melbourne,Australian Open,2018-01-16,Grand Slam,Outdoor,Hard,1st Round,3,Safarova L.,Tomljanovic A.,29.0,107.0,1650.0,606.0,7.0,5.0,6.0,3.0,,,2.0,0.0,Completed,1.4,3.0,1.4,2.75,1.44,2.75,1.45,3.0,1.45,3.2,1.4,2.94
WTA,2018,6,Melbourne,Australian Open,2018-01-16,Grand Slam,Outdoor,Hard,1st Round,3,Garcia C.,Witthoeft C.,8.0,50.0,4385.0,1093.0,7.0,5.0,6.0,3.0,,,2.0,0.0,Completed,1.36,3.0,1.35,2.95,1.33,3.4,1.42,3.14,1.42,3.3,1.37,3.09
WTA,2018,6,Melbourne,Australian Open,2018-01-16,Grand Slam,Outdoor,Hard,1st Round,3,Strycova B.,Ahn K.,24.0,105.0,1940.0,608.0,6.0,1.0,7.0,5.0,,,2.0,0.0,Completed,1.25,4.0,1.23,3.75,1.28,3.75,1.29,4.01,1.3,4.15,1.26,3.89
WTA,2018,6,Melbourne,Australian Open,2018-01-16,Grand Slam,Outdoor,Hard,1st Round,3,Pera B.,Blinkova A.,123.0,138.0,479.0,433.0,6.0,2.0,6.0,2.0,,,2.0,0.0,Completed,2.62,1.44,2.8,1.38,,,3.01,1.44,3.16,1.48,2.86,1.43
WTA,2018,6,Melbourne,Australian Open,2018-01-16,Grand Slam,Outdoor,Hard,1st Round,3,Pliskova Ka.,Cepede Royg V.,6.0,80.0,5445.0,780.0,6.0,3.0,6.0,4.0,,,2.0,0.0,Completed,1.08,8.0,1.07,7.0,1.1,7.0,1.08,9.97,1.1,9.97,1.08,8.05
WTA,2018,6,Melbourne,Australian Open,2018-01-16,Grand Slam,Outdoor,Hard,1st Round,3,Kerber A.,Friedsam A.L.,16.0,388.0,2491.0,100.0,6.0,0.0,6.0,4.0,,,2.0,0.0,Completed,1.08,7.5,1.07,7.0,1.12,6.0,1.08,9.87,1.1,9.93,1.08,8.03
WTA,2018,6,Melbourne,Australian Open,2018-01-16,Grand Slam,Outdoor,Hard,1st Round,3,Sharapova M.,Maria T.,48.0,47.0,1116.0,1125.0,6.0,1.0,6.0,4.0,,,2.0,0.0,Completed,1.07,8.0,1.06,7.25,1.1,7.0,1.08,10.6,1.1,10.6,1.07,8.47
WTA,2018,6,Melbourne,Australian Open,2018-01-16,Grand Slam,Outdoor,Hard,1st Round,3,Vesnina E.,Jabeur O.,19.0,95.0,2220.0,693.0,6.0,3.0,6.0,4.0,,,2.0,0.0,Completed,1.22,4.33,1.21,3.95,1.28,3.75,1.26,4.34,1.26,4.55,1.23,4.14
WTA,2018,6,Melbourne,Australian Open,2018-01-16,Grand Slam,Outdoor,Hard,1st Round,3,Vekic D.,Hibino N.,52.0,96.0,1075.0,691.0,7.0,5.0,6.0,3.0,,,2.0,0.0,Completed,1.4,3.0,1.38,2.8,1.4,3.0,1.47,2.91,1.47,3.12,1.41,2.88
WTA,2018,6,Melbourne,Australian Open,2018-01-16,Grand Slam,Outdoor,Hard,1st Round,3,Cirstea S.,Diyas Z.,36.0,60.0,1480.0,996.0,5.0,7.0,6.0,4.0,6.0,3.0,2.0,1.0,Completed,2.1,1.72,2.0,1.72,2.1,1.73,2.19,1.76,2.19,1.83,2.1,1.74
WTA,2018,6,Melbourne,Australian Open,2018-01-16,Grand Slam,Outdoor,Hard,1st Round,3,Sasnovich A.,Mchale C.,56.0,73.0,1052.0,870.0,6.0,3.0,6.0,2.0,,,2.0,0.0,Completed,1.53,2.5,1.55,2.3,1.53,2.5,1.68,2.33,1.68,2.5,1.59,2.35
WTA,2018,6,Melbourne,Australian Open,2018-01-16,Grand Slam,Outdoor,Hard,1st Round,3,Haddad Maia B.,Cabrera L.,70.0,161.0,890.0,360.0,7.0,6.0,6.0,4.0,,,2.0,0.0,Completed,1.28,3.75,1.22,3.85,1.28,3.75,1.24,4.58,1.31,4.58,1.24,4.06
WTA,2018,6,Melbourne,Australian Open,2018-01-16,Grand Slam,Outdoor,Hard,1st Round,3,Lucic-Baroni M.,Rogers S.,30.0,67.0,1618.0,926.0,7.0,6.0,5.0,7.0,6.0,2.0,2.0,1.0,Completed,1.72,2.1,1.75,1.95,1.73,2.1,1.9,2.01,1.9,2.15,1.79,2.02
WTA,2018,6,Melbourne,Australian Open,2018-01-16,Grand Slam,Outdoor,Hard,1st Round,3,Bouchard E.,Dodin O.,112.0,85.0,576.0,750.0,6.0,3.0,7.0,6.0,,,2.0,0.0,Completed,1.4,3.0,1.38,2.8,1.5,2.62,1.43,3.05,1.46,3.13,1.4,2.95
WTA,2018,6,Melbourne,Australian Open,2018-01-16,Grand Slam,Outdoor,Hard,1st Round,3,Sevastova A.,Lepchenko V.,15.0,64.0,2600.0,960.0,3.0,6.0,6.0,3.0,6.0,2.0,2.0,1.0,Completed,1.33,3.4,1.33,3.05,1.36,3.25,1.37,3.39,1.38,3.41,1.34,3.22
WTA,2018,6,Melbourne,Australian Open,2018-01-16,Grand Slam,Outdoor,Hard,1st Round,3,Keys M.,Wang Q.,20.0,45.0,2214.0,1160.0,6.0,1.0,7.0,5.0,,,2.0,0.0,Completed,1.28,3.75,1.28,3.35,1.3,3.5,1.32,3.73,1.33,3.8,1.3,3.56
WTA,2018,6,Melbourne,Australian Open,2018-01-16,Grand Slam,Outdoor,Hard,1st Round,3,Halep S.,Aiava D.,1.0,193.0,6425.0,297.0,7.0,6.0,6.0,1.0,,,2.0,0.0,Completed,1.04,13.0,1.02,10.0,1.05,10.0,1.05,14.73,1.06,15.0,1.04,12.28
WTA,2018,6,Melbourne,Australian Open,2018-01-16,Grand Slam,Outdoor,Hard,1st Round,3,Alexandrova E.,Hercog P.,92.0,91.0,709.0,712.0,7.0,6.0,6.0,4.0,,,2.0,0.0,Completed,2.1,1.72,2.1,1.65,2.2,1.67,2.18,1.77,2.25,1.78,2.13,1.71
WTA,2018,6,Melbourne,Australian Open,2018-01-16,Grand Slam,Outdoor,Hard,1st Round,3,Petkovic A.,Kvitova P.,98.0,28.0,660.0,1708.0,6.0,3.0,4.0,6.0,10.0,8.0,2.0,1.0,Completed,4.5,1.2,4.1,1.2,4.33,1.22,4.49,1.25,4.85,1.26,4.34,1.22
WTA,2018,6,Melbourne,Australian Open,2018-01-16,Grand Slam,Outdoor,Hard,1st Round,3,Tsurenko L.,Vikhlyantseva N.,43.0,63.0,1200.0,961.0,3.0,6.0,6.0,3.0,6.0,4.0,2.0,1.0,Completed,1.44,2.75,1.4,2.75,1.44,2.75,1.44,3.03,1.48,3.03,1.42,2.86
WTA,2018,6,Melbourne,Australian Open,2018-01-16,Grand Slam,Outdoor,Hard,1st Round,3,Osaka N.,Kucova K.,72.0,250.0,871.0,221.0,7.0,5.0,6.0,2.0,,,2.0,0.0,Completed,1.22,4.33,1.21,3.95,1.25,4.0,1.24,4.58,1.26,4.63,1.22,4.23
WTA,2018,6,Melbourne,Australian Open,2018-01-16,Grand Slam,Outdoor,Hard,1st Round,3,Hsieh S.W.,Zhu L.,88.0,114.0,720.0,572.0,0.0,6.0,6.0,0.0,8.0,6.0,2.0,1.0,Completed,1.72,2.1,1.65,2.1,,,1.74,2.22,1.76,2.25,1.69,2.16
WTA,2018,6,Melbourne,Australian Open,2018-01-16,Grand Slam,Outdoor,Hard,1st Round,3,Giorgi C.,Kalinskaya A.,71.0,160.0,877.0,361.0,6.0,4.0,6.0,3.0,,,2.0,0.0,Completed,1.25,4.0,1.19,4.2,,,1.21,5.12,1.25,5.12,1.22,4.25
WTA,2018,6,Melbourne,Australian Open,2018-01-16,Grand Slam,Outdoor,Hard,1st Round,3,Davis L.,Cepelova J.,76.0,110.0,814.0,588.0,6.0,7.0,6.0,3.0,6.0,1.0,2.0,1.0,Completed,2.3,1.61,2.2,1.6,2.2,1.67,2.23,1.74,2.3,1.74,2.21,1.67
WTA,2018,6,Melbourne,Australian Open,2018-01-16,Grand Slam,Outdoor,Hard,1st Round,3,Radwanska A.,Pliskova Kr.,35.0,61.0,1510.0,965.0,2.0,6.0,6.0,3.0,6.0,2.0,2.0,1.0,Completed,1.25,4.0,1.27,3.45,1.28,3.75,1.33,3.66,1.35,4.0,1.29,3.61
WTA,2018,6,Melbourne,Australian Open,2018-01-16,Grand Slam,Outdoor,Hard,1st Round,3,Muguruza G.,Ponchet J.,3.0,256.0,6050.0,213.0,6.0,4.0,6.0,3.0,,,2.0,0.0,Completed,1.04,10.0,1.04,8.5,1.06,9.0,1.06,12.02,1.07,12.5,1.05,10.21
WTA,2018,6,Melbourne,Australian Open,2018-01-16,Grand Slam,Outdoor,Hard,1st Round,3,Putintseva Y.,Watson H.,54.0,68.0,1060.0,926.0,7.0,5.0,7.0,6.0,,,2.0,0.0,Completed,2.62,1.5,2.4,1.5,2.25,1.61,2.64,1.55,2.66,1.62,2.51,1.52
WTA,2018,6,Melbourne,Australian Open,2018-01-16,Grand Slam,Outdoor,Hard,1st Round,3,Bogdan A.,Mladenovic K.,104.0,11.0,619.0,2935.0,6.0,3.0,6.0,2.0,,,2.0,0.0,Completed,2.0,1.8,1.95,1.75,2.0,1.8,2.11,1.82,2.12,1.87,2.01,1.79
WTA,2018,6,Melbourne,Australian Open,2018-01-16,Grand Slam,Outdoor,Hard,1st Round,3,Barty A.,Sabalenka A.,17.0,66.0,2486.0,943.0,6.0,7.0,6.0,4.0,6.0,4.0,2.0,1.0,Completed,1.3,3.5,1.3,3.2,1.33,3.4,1.32,3.77,1.39,3.77,1.33,3.29
WTA,2018,6,Melbourne,Australian Open,2018-01-17,Grand Slam,Outdoor,Hard,2nd Round,3,Kostyuk M.,Rogowska O.,521.0,168.0,58.0,348.0,6.0,3.0,7.0,5.0,,,2.0,0.0,Completed,1.66,2.2,1.62,2.15,,,1.66,2.37,1.72,2.37,1.65,2.23
WTA,2018,6,Melbourne,Australian Open,2018-01-17,Grand Slam,Outdoor,Hard,2nd Round,3,Bondarenko K.,Pavlyuchenkova A.,94.0,18.0,698.0,2485.0,6.0,2.0,6.0,3.0,,,2.0,0.0,Completed,3.0,1.4,2.95,1.35,,,3.35,1.38,3.35,1.42,3.03,1.38
WTA,2018,6,Melbourne,Australian Open,2018-01-17,Grand Slam,Outdoor,Hard,2nd Round,3,Svitolina E.,Siniakova K.,4.0,59.0,5785.0,1000.0,4.0,6.0,6.0,2.0,6.0,1.0,2.0,1.0,Completed,1.16,5.0,1.14,5.0,,,1.16,6.2,1.2,6.3,1.15,5.52
WTA,2018,6,Melbourne,Australian Open,2018-01-17,Grand Slam,Outdoor,Hard,2nd Round,3,Allertova D.,Zhang S.,130.0,34.0,463.0,1535.0,6.0,4.0,7.0,6.0,,,2.0,0.0,Completed,3.25,1.36,2.95,1.35,,,3.22,1.4,3.34,1.43,3.1,1.37
WTA,2018,6,Melbourne,Australian Open,2018-01-17,Grand Slam,Outdoor,Hard,2nd Round,3,Kumkhum L.,Bencic B.,124.0,78.0,479.0,811.0,6.0,1.0,6.0,3.0,,,2.0,0.0,Completed,4.0,1.25,3.85,1.22,,,4.38,1.26,4.55,1.28,4.03,1.24
WTA,2018,6,Melbourne,Australian Open,2018-01-17,Grand Slam,Outdoor,Hard,2nd Round,3,Rybarikova M.,Flipkens K.,21.0,75.0,2141.0,836.0,6.0,4.0,0.0,6.0,6.0,2.0,2.0,1.0,Completed,1.61,2.25,1.57,2.25,,,1.63,2.43,1.63,2.58,1.57,2.41
WTA,2018,6,Melbourne,Australian Open,2018-01-17,Grand Slam,Outdoor,Hard,2nd Round,3,Martic P.,Begu I.,81.0,40.0,762.0,1303.0,6.0,4.0,7.0,6.0,,,2.0,0.0,Completed,2.2,1.66,2.1,1.65,,,2.08,1.84,2.38,1.84,2.14,1.71
WTA,2018,6,Melbourne,Australian Open,2018-01-17,Grand Slam,Outdoor,Hard,2nd Round,3,Wozniacki C.,Fett J.,2.0,119.0,6095.0,525.0,3.0,6.0,6.0,2.0,7.0,5.0,2.0,1.0,Completed,1.04,10.0,1.03,9.0,,,1.04,16.72,1.08,17.0,1.05,11.14
WTA,2018,6,Melbourne,Australian Open,2018-01-17,Grand Slam,Outdoor,Hard,2nd Round,3,Linette M.,Kasatkina D.,74.0,25.0,860.0,1905.0,7.0,6.0,6.0,2.0,,,2.0,0.0,Completed,4.0,1.25,3.75,1.23,,,4.25,1.27,4.3,1.29,3.9,1.25
WTA,2018,6,Melbourne,Australian Open,2018-01-17,Grand Slam,Outdoor,Hard,2nd Round,3,Ostapenko J.,Duan Y.Y.,7.0,100.0,4901.0,643.0,6.0,3.0,3.0,6.0,6.0,4.0,2.0,1.0,Completed,1.33,3.4,1.3,3.2,,,1.34,3.57,1.45,3.6,1.35,3.18
WTA,2018,6,Melbourne,Australian Open,2018-01-17,Grand Slam,Outdoor,Hard,2nd Round,3,Bertens K.,Gibbs N.,32.0,113.0,1605.0,575.0,7.0,6.0,6.0,0.0,,,2.0,0.0,Completed,1.4,3.0,1.4,2.75,,,1.46,2.96,1.5,3.05,1.42,2.86
WTA,2018,6,Melbourne,Australian Open,2018-01-17,Grand Slam,Outdoor,Hard,2nd Round,3,Kanepi K.,Puig M.,79.0,58.0,782.0,1025.0,6.0,4.0,6.0,3.0,,,2.0,0.0,Completed,1.36,3.2,1.33,3.05,,,1.43,3.05,1.43,3.32,1.36,3.11
WTA,2018,6,Melbourne,Australian Open,2018-01-17,Grand Slam,Outdoor,Hard,2nd Round,3,Kontaveit A.,Barthel M.,33.0,53.0,1560.0,1068.0,6.0,3.0,4.0,6.0,6.0,3.0,2.0,1.0,Completed,1.4,3.0,1.33,3.05,,,1.37,3.39,1.42,3.39,1.37,3.07
WTA,2018,6,Melbourne,Australian Open,2018-01-17,Grand Slam,Outdoor,Hard,2nd Round,3,Cornet A.,Goerges J.,42.0,12.0,1215.0,2825.0,6.0,4.0,6.0,3.0,,,2.0,0.0,Completed,4.5,1.2,4.3,1.18,,,5.08,1.21,5.08,1.24,4.48,1.2
WTA,2018,6,Melbourne,Australian Open,2018-01-17,Grand Slam,Outdoor,Hard,2nd Round,3,Suarez Navarro C.,Babos T.,39.0,51.0,1341.0,1091.0,6.0,4.0,2.0,6.0,6.0,2.0,2.0,1.0,Completed,2.0,1.8,1.9,1.8,,,2.03,1.88,2.08,1.95,1.95,1.85
WTA,2018,6,Melbourne,Australian Open,2018-01-17,Grand Slam,Outdoor,Hard,2nd Round,3,Mertens E.,Gavrilova D.,37.0,23.0,1465.0,1990.0,7.0,5.0,6.0,3.0,,,2.0,0.0,Completed,1.8,2.0,1.8,1.9,,,1.89,2.02,1.96,2.06,1.84,1.95
WTA,2018,6,Melbourne,Australian Open,2018-01-18,Grand Slam,Outdoor,Hard,2nd Round,3,Pera B.,Konta J.,123.0,10.0,479.0,3185.0,6.0,4.0,7.0,5.0,,,2.0,0.0,Completed,6.0,1.12,5.6,1.11,,,6.55,1.15,7.0,1.17,6.19,1.12
WTA,2018,6,Melbourne,Australian Open,2018-01-18,Grand Slam,Outdoor,Hard,2nd Round,3,Strycova B.,Arruabarrena L.,24.0,87.0,1940.0,738.0,6.0,3.0,6.0,4.0,,,2.0,0.0,Completed,1.2,4.5,1.2,4.1,,,1.23,4.68,1.25,4.75,1.21,4.39
WTA,2018,6,Melbourne,Australian Open,2018-01-18,Grand Slam,Outdoor,Hard,2nd Round,3,Garcia C.,Vondrousova M.,8.0,62.0,4385.0,965.0,6.0,7.0,6.0,2.0,8.0,6.0,2.0,1.0,Completed,1.4,3.0,1.35,2.95,,,1.4,3.22,1.44,3.32,1.36,3.13
WTA,2018,6,Melbourne,Australian Open,2018-01-18,Grand Slam,Outdoor,Hard,2nd Round,3,Sharapova M.,Sevastova A.,48.0,15.0,1116.0,2600.0,6.0,1.0,7.0,6.0,,,2.0,0.0,Completed,1.44,2.75,1.38,2.8,,,1.43,3.1,1.48,3.26,1.4,2.93
WTA,2018,6,Melbourne,Australian Open,2018-01-18,Grand Slam,Outdoor,Hard,2nd Round,3,Radwanska A.,Tsurenko L.,35.0,43.0,1510.0,1200.0,2.0,6.0,7.0,5.0,6.0,3.0,2.0,1.0,Completed,1.53,2.5,1.55,2.3,,,1.63,2.44,1.66,2.55,1.59,2.36
WTA,2018,6,Melbourne,Australian Open,2018-01-18,Grand Slam,Outdoor,Hard,2nd Round,3,Hsieh S.W.,Muguruza G.,88.0,3.0,720.0,6050.0,7.0,6.0,6.0,4.0,,,2.0,0.0,Completed,6.0,1.12,5.4,1.12,,,6.27,1.16,6.85,1.18,5.96,1.13
WTA,2018,6,Melbourne,Australian Open,2018-01-18,Grand Slam,Outdoor,Hard,2nd Round,3,Davis L.,Petkovic A.,76.0,98.0,814.0,660.0,4.0,6.0,6.0,0.0,6.0,0.0,2.0,1.0,Completed,2.2,1.66,2.1,1.65,,,2.13,1.8,2.3,1.8,2.14,1.71
WTA,2018,6,Melbourne,Australian Open,2018-01-18,Grand Slam,Outdoor,Hard,2nd Round,3,Sasnovich A.,Lucic-Baroni M.,56.0,30.0,1052.0,1618.0,6.0,3.0,6.0,1.0,,,2.0,0.0,Completed,1.57,2.37,1.53,2.35,,,1.6,2.5,1.65,2.5,1.58,2.38
WTA,2018,6,Melbourne,Australian Open,2018-01-18,Grand Slam,Outdoor,Hard,2nd Round,3,Bogdan A.,Putintseva Y.,104.0,54.0,619.0,1060.0,1.0,6.0,6.0,2.0,6.0,3.0,2.0,1.0,Completed,2.1,1.72,1.9,1.8,,,1.95,1.95,2.15,1.95,2.04,1.77
WTA,2018,6,Melbourne,Australian Open,2018-01-18,Grand Slam,Outdoor,Hard,2nd Round,3,Pliskova Ka.,Haddad Maia B.,6.0,70.0,5445.0,890.0,6.0,1.0,6.0,1.0,,,2.0,0.0,Completed,1.1,7.0,1.08,6.5,,,1.11,8.17,1.12,8.5,1.09,7.3
WTA,2018,6,Melbourne,Australian Open,2018-01-18,Grand Slam,Outdoor,Hard,2nd Round,3,Safarova L.,Cirstea S.,29.0,36.0,1650.0,1480.0,6.0,2.0,6.0,4.0,,,2.0,0.0,Completed,1.36,3.25,1.33,3.05,,,1.38,3.35,1.4,3.49,1.35,3.22
WTA,2018,6,Melbourne,Australian Open,2018-01-18,Grand Slam,Outdoor,Hard,2nd Round,3,Kerber A.,Vekic D.,16.0,52.0,2491.0,1075.0,6.0,4.0,6.0,1.0,,,2.0,0.0,Completed,1.14,5.5,1.13,5.2,,,1.15,6.55,1.18,6.55,1.14,5.72
WTA,2018,6,Melbourne,Australian Open,2018-01-18,Grand Slam,Outdoor,Hard,2nd Round,3,Keys M.,Alexandrova E.,20.0,92.0,2214.0,709.0,6.0,0.0,6.0,1.0,,,2.0,0.0,Completed,1.16,5.0,1.15,4.75,,,1.2,5.18,1.21,5.6,1.17,5.08
WTA,2018,6,Melbourne,Australian Open,2018-01-18,Grand Slam,Outdoor,Hard,2nd Round,3,Osaka N.,Vesnina E.,72.0,19.0,871.0,2220.0,7.0,6.0,6.0,2.0,,,2.0,0.0,Completed,1.9,1.9,1.9,1.8,,,2.01,1.9,2.05,1.91,1.94,1.86
WTA,2018,6,Melbourne,Australian Open,2018-01-18,Grand Slam,Outdoor,Hard,2nd Round,3,Halep S.,Bouchard E.,1.0,112.0,6425.0,576.0,6.0,2.0,6.0,2.0,,,2.0,0.0,Completed,1.14,5.5,1.15,4.75,,,1.17,5.91,1.18,6.5,1.14,5.65
WTA,2018,6,Melbourne,Australian Open,2018-01-18,Grand Slam,Outdoor,Hard,2nd Round,3,Barty A.,Giorgi C.,17.0,71.0,2486.0,877.0,5.0,7.0,6.0,4.0,6.0,1.0,2.0,1.0,Completed,1.61,2.25,1.55,2.3,,,1.55,2.65,1.66,2.65,1.57,2.39
WTA,2018,6,Melbourne,Australian Open,2018-01-19,Grand Slam,Outdoor,Hard,3rd Round,3,Allertova D.,Linette M.,130.0,74.0,463.0,860.0,6.0,1.0,6.0,4.0,,,2.0,0.0,Completed,1.57,2.37,1.55,2.3,,,1.65,2.41,1.65,2.52,1.59,2.36
WTA,2018,6,Melbourne,Australian Open,2018-01-19,Grand Slam,Outdoor,Hard,3rd Round,3,Martic P.,Kumkhum L.,81.0,124.0,762.0,479.0,6.0,3.0,3.0,6.0,7.0,5.0,2.0,1.0,Completed,2.2,1.66,2.15,1.62,,,2.26,1.73,2.35,1.73,2.22,1.66
WTA,2018,6,Melbourne,Australian Open,2018-01-19,Grand Slam,Outdoor,Hard,3rd Round,3,Mertens E.,Cornet A.,37.0,42.0,1465.0,1215.0,7.0,5.0,6.0,4.0,,,2.0,0.0,Completed,1.5,2.62,1.47,2.5,,,1.55,2.67,1.55,2.76,1.51,2.58
WTA,2018,6,Melbourne,Australian Open,2018-01-19,Grand Slam,Outdoor,Hard,3rd Round,3,Svitolina E.,Kostyuk M.,4.0,521.0,5785.0,58.0,6.0,2.0,6.0,2.0,,,2.0,0.0,Completed,1.07,8.0,1.06,7.25,,,1.1,9.05,1.11,10.0,1.07,8.58
WTA,2018,6,Melbourne,Australian Open,2018-01-19,Grand Slam,Outdoor,Hard,3rd Round,3,Rybarikova M.,Bondarenko K.,21.0,94.0,2141.0,698.0,7.0,5.0,3.0,6.0,6.0,1.0,2.0,1.0,Completed,1.72,2.1,1.72,2.0,,,1.79,2.17,1.88,2.17,1.75,2.08
WTA,2018,6,Melbourne,Australian Open,2018-01-19,Grand Slam,Outdoor,Hard,3rd Round,3,Suarez Navarro C.,Kanepi K.,39.0,79.0,1341.0,782.0,3.0,6.0,6.0,1.0,6.0,3.0,2.0,1.0,Completed,2.75,1.44,2.65,1.42,,,2.77,1.52,2.91,1.52,2.73,1.46
WTA,2018,6,Melbourne,Australian Open,2018-01-19,Grand Slam,Outdoor,Hard,3rd Round,3,Kontaveit A.,Ostapenko J.,33.0,7.0,1560.0,4901.0,6.0,3.0,1.0,6.0,6.0,3.0,2.0,1.0,Completed,2.1,1.72,2.1,1.65,,,2.15,1.8,2.2,1.84,2.1,1.74
WTA,2018,6,Melbourne,Australian Open,2018-01-19,Grand Slam,Outdoor,Hard,3rd Round,3,Wozniacki C.,Bertens K.,2.0,32.0,6095.0,1605.0,6.0,4.0,6.0,3.0,,,2.0,0.0,Completed,1.16,5.0,1.16,4.6,,,1.21,5.25,1.24,5.28,1.19,4.74
WTA,2018,6,Melbourne,Australian Open,2018-01-20,Grand Slam,Outdoor,Hard,3rd Round,3,Keys M.,Bogdan A.,20.0,104.0,2214.0,619.0,6.0,3.0,6.0,4.0,,,2.0,0.0,Completed,1.1,7.0,1.09,6.25,1.11,6.5,1.13,7.65,1.13,8.26,1.1,7.07
WTA,2018,6,Melbourne,Australian Open,2018-01-20,Grand Slam,Outdoor,Hard,3rd Round,3,Halep S.,Davis L.,1.0,76.0,6425.0,814.0,4.0,6.0,6.0,4.0,15.0,13.0,2.0,1.0,Completed,1.08,8.0,1.06,7.25,1.08,7.5,1.1,9.38,1.1,10.0,1.08,8.2
WTA,2018,6,Melbourne,Australian Open,2018-01-20,Grand Slam,Outdoor,Hard,3rd Round,3,Pliskova Ka.,Safarova L.,6.0,29.0,5445.0,1650.0,7.0,6.0,7.0,5.0,,,2.0,0.0,Completed,1.33,3.4,1.3,3.2,1.33,3.4,1.36,3.54,1.37,3.6,1.33,3.36
WTA,2018,6,Melbourne,Australian Open,2018-01-20,Grand Slam,Outdoor,Hard,3rd Round,3,Garcia C.,Sasnovich A.,8.0,56.0,4385.0,1052.0,6.0,3.0,5.0,7.0,6.0,2.0,2.0,1.0,Completed,1.44,2.75,1.42,2.65,1.44,2.75,1.46,3.0,1.51,3.05,1.43,2.83
WTA,2018,6,Melbourne,Australian Open,2018-01-20,Grand Slam,Outdoor,Hard,3rd Round,3,Osaka N.,Barty A.,72.0,17.0,871.0,2486.0,6.0,4.0,6.0,2.0,,,2.0,0.0,Completed,3.2,1.36,3.05,1.33,3.25,1.36,3.35,1.39,3.45,1.71,3.13,1.38
WTA,2018,6,Melbourne,Australian Open,2018-01-20,Grand Slam,Outdoor,Hard,3rd Round,3,Strycova B.,Pera B.,24.0,123.0,1940.0,479.0,6.0,2.0,6.0,2.0,,,2.0,0.0,Completed,1.25,4.0,1.25,3.6,1.25,3.75,1.29,4.14,1.32,4.4,1.26,3.92
WTA,2018,6,Melbourne,Australian Open,2018-01-20,Grand Slam,Outdoor,Hard,3rd Round,3,Kerber A.,Sharapova M.,16.0,48.0,2491.0,1116.0,6.0,1.0,6.0,3.0,,,2.0,0.0,Completed,1.72,2.1,1.65,2.1,1.73,2.1,1.78,2.18,1.81,2.25,1.75,2.09
WTA,2018,6,Melbourne,Australian Open,2018-01-20,Grand Slam,Outdoor,Hard,3rd Round,3,Hsieh S.W.,Radwanska A.,88.0,35.0,720.0,1510.0,6.0,2.0,7.0,5.0,,,2.0,0.0,Completed,3.75,1.28,3.45,1.27,3.5,1.3,3.98,1.3,4.1,1.34,3.73,1.28
WTA,2018,6,Melbourne,Australian Open,2018-01-21,Grand Slam,Outdoor,Hard,4th Round,3,Suarez Navarro C.,Kontaveit A.,39.0,33.0,1341.0,1560.0,4.0,6.0,6.0,4.0,8.0,6.0,2.0,1.0,Completed,2.1,1.72,2.0,1.72,2.1,1.73,2.17,1.79,2.26,1.85,2.11,1.74
WTA,2018,6,Melbourne,Australian Open,2018-01-21,Grand Slam,Outdoor,Hard,4th Round,3,Wozniacki C.,Rybarikova M.,2.0,21.0,6095.0,2141.0,6.0,3.0,6.0,0.0,,,2.0,0.0,Completed,1.2,4.5,1.18,4.3,1.2,4.5,1.22,5.05,1.23,5.1,1.2,4.6
WTA,2018,6,Melbourne,Australian Open,2018-01-21,Grand Slam,Outdoor,Hard,4th Round,3,Mertens E.,Martic P.,37.0,81.0,1465.0,762.0,7.0,6.0,7.0,5.0,,,2.0,0.0,Completed,1.44,2.75,1.4,2.75,1.4,3.0,1.45,3.02,1.49,3.08,1.43,2.86
WTA,2018,6,Melbourne,Australian Open,2018-01-21,Grand Slam,Outdoor,Hard,4th Round,3,Svitolina E.,Allertova D.,4.0,130.0,5785.0,463.0,6.0,3.0,6.0,0.0,,,2.0,0.0,Completed,1.16,5.0,1.14,5.0,1.17,5.0,1.16,6.31,1.2,6.31,1.16,5.36
WTA,2018,6,Melbourne,Australian Open,2018-01-22,Grand Slam,Outdoor,Hard,4th Round,3,Keys M.,Garcia C.,20.0,8.0,2214.0,4385.0,6.0,3.0,6.0,2.0,,,2.0,0.0,Completed,1.57,2.37,1.55,2.3,1.61,2.25,1.6,2.53,1.67,2.53,1.6,2.36
WTA,2018,6,Melbourne,Australian Open,2018-01-22,Grand Slam,Outdoor,Hard,4th Round,3,Kerber A.,Hsieh S.W.,16.0,88.0,2491.0,720.0,4.0,6.0,7.0,5.0,6.0,2.0,2.0,1.0,Completed,1.09,7.5,1.08,6.5,1.1,7.0,1.1,9.05,1.12,9.25,1.09,7.74
WTA,2018,6,Melbourne,Australian Open,2018-01-22,Grand Slam,Outdoor,Hard,4th Round,3,Halep S.,Osaka N.,1.0,72.0,6425.0,871.0,6.0,3.0,6.0,2.0,,,2.0,0.0,Completed,1.5,2.62,1.47,2.5,1.5,2.62,1.57,2.6,1.6,2.75,1.52,2.55
WTA,2018,6,Melbourne,Australian Open,2018-01-22,Grand Slam,Outdoor,Hard,4th Round,3,Pliskova Ka.,Strycova B.,6.0,24.0,5445.0,1940.0,6.0,7.0,6.0,3.0,6.0,2.0,2.0,1.0,Completed,1.3,3.5,1.28,3.35,1.3,3.5,1.3,3.97,1.35,4.0,1.3,3.55
WTA,2018,6,Melbourne,Australian Open,2018-01-23,Grand Slam,Outdoor,Hard,Quarterfinals,3,Mertens E.,Svitolina E.,37.0,4.0,1465.0,5785.0,6.0,4.0,6.0,0.0,,,2.0,0.0,Completed,4.0,1.25,3.75,1.23,4.0,1.25,4.24,1.28,4.4,1.32,3.98,1.25
WTA,2018,6,Melbourne,Australian Open,2018-01-23,Grand Slam,Outdoor,Hard,Quarterfinals,3,Wozniacki C.,Suarez Navarro C.,2.0,39.0,6095.0,1341.0,6.0,0.0,6.0,7.0,6.0,2.0,2.0,1.0,Completed,1.16,5.0,1.17,4.4,1.22,4.33,1.19,5.58,1.23,5.75,1.19,4.84
WTA,2018,6,Melbourne,Australian Open,2018-01-24,Grand Slam,Outdoor,Hard,Quarterfinals,3,Kerber A.,Keys M.,16.0,20.0,2491.0,2214.0,6.0,1.0,6.0,2.0,,,2.0,0.0,Completed,1.57,2.37,1.55,2.3,1.61,2.25,1.73,2.26,1.73,2.51,1.63,2.3
WTA,2018,6,Melbourne,Australian Open,2018-01-24,Grand Slam,Outdoor,Hard,Quarterfinals,3,Halep S.,Pliskova Ka.,1.0,6.0,6425.0,5445.0,6.0,3.0,6.0,2.0,,,2.0,0.0,Completed,1.72,2.1,1.72,2.0,1.73,2.1,1.72,2.28,1.87,2.28,1.79,2.05
WTA,2018,6,Melbourne,Australian Open,2018-01-25,Grand Slam,Outdoor,Hard,Semifinals,3,Wozniacki C.,Mertens E.,2.0,37.0,6095.0,1465.0,6.0,3.0,7.0,6.0,,,2.0,0.0,Completed,1.44,2.75,1.42,2.65,1.44,2.75,1.43,3.15,1.5,3.15,1.44,2.87
WTA,2018,6,Melbourne,Australian Open,2018-01-25,Grand Slam,Outdoor,Hard,Semifinals,3,Halep S.,Kerber A.,1.0,16.0,6425.0,2491.0,6.0,3.0,4.0,6.0,9.0,7.0,2.0,1.0,Completed,2.1,1.72,2.1,1.65,2.2,1.67,2.23,1.76,2.25,1.8,2.15,1.73
WTA,2018,6,Melbourne,Australian Open,2018-01-27,Grand Slam,Outdoor,Hard,The Final,3,Wozniacki C.,Halep S.,2.0,1.0,6095.0,6425.0,7.0,6.0,3.0,6.0,6.0,4.0,2.0,1.0,Completed,2.2,1.66,2.1,1.65,2.2,1.73,2.28,1.74,2.34,1.75,2.22,1.69
WTA,2018,28,Paris,French Open,2018-05-27,Grand Slam,Outdoor,Clay,1st Round,3,Kontaveit A.,Brengle M.,24.0,101.0,1765.0,672.0,6.0,1.0,4.0,6.0,6.0,2.0,2.0,1.0,Completed,1.16,5.0,1.15,4.7,1.14,5.5,1.15,6.16,1.19,6.16,1.15,5.41
WTA,2018,28,Paris,French Open,2018-05-27,Grand Slam,Outdoor,Clay,1st Round,3,Strycova B.,Nara K.,26.0,96.0,1660.0,720.0,1.0,6.0,6.0,3.0,6.0,4.0,2.0,1.0,Completed,1.44,2.75,1.4,2.75,1.44,2.75,1.45,2.94,1.52,3.15,1.42,2.86
WTA,2018,28,Paris,French Open,2018-05-27,Grand Slam,Outdoor,Clay,1st Round,3,Svitolina E.,Tomljanovic A.,4.0,69.0,5505.0,861.0,7.0,5.0,6.0,3.0,,,2.0,0.0,Completed,1.07,10.0,1.06,7.4,1.07,8.0,1.08,9.85,1.09,10.5,1.07,9.0
WTA,2018,28,Paris,French Open,2018-05-27,Grand Slam,Outdoor,Clay,1st Round,3,Makarova E.,Zheng S.,36.0,129.0,1330.0,466.0,6.0,4.0,6.0,1.0,,,2.0,0.0,Completed,1.57,2.37,1.47,2.5,1.53,2.5,1.59,2.5,1.61,2.71,1.53,2.5
WTA,2018,28,Paris,French Open,2018-05-27,Grand Slam,Outdoor,Clay,1st Round,3,Martic P.,Wang Y.,35.0,82.0,1340.0,773.0,6.0,2.0,6.0,3.0,,,2.0,0.0,Completed,1.22,4.33,1.19,4.1,1.22,4.33,1.2,5.03,1.26,5.03,1.22,4.34
WTA,2018,28,Paris,French Open,2018-05-27,Grand Slam,Outdoor,Clay,1st Round,3,Brady J.,Hesse A.,86.0,216.0,752.0,250.0,6.0,1.0,6.0,1.0,,,2.0,0.0,Completed,1.2,4.5,1.22,3.8,1.22,4.33,1.27,4.11,1.3,4.7,1.24,4.1
WTA,2018,28,Paris,French Open,2018-05-27,Grand Slam,Outdoor,Clay,1st Round,3,Cornet A.,Errani S.,34.0,75.0,1350.0,813.0,2.0,6.0,6.0,2.0,6.0,3.0,2.0,1.0,Completed,2.0,1.8,1.97,1.74,2.0,1.73,2.07,1.83,2.2,1.88,2.05,1.77
WTA,2018,28,Paris,French Open,2018-05-27,Grand Slam,Outdoor,Clay,1st Round,3,Stephens S.,Rus A.,10.0,106.0,4164.0,647.0,6.0,2.0,6.0,0.0,,,2.0,0.0,Completed,1.25,4.0,1.2,4.0,1.2,4.5,1.23,4.59,1.3,4.75,1.23,4.16
WTA,2018,28,Paris,French Open,2018-05-27,Grand Slam,Outdoor,Clay,1st Round,3,Wang Q.,Williams V.,85.0,9.0,755.0,4201.0,6.0,4.0,7.0,5.0,,,2.0,0.0,Completed,2.75,1.4,2.8,1.39,2.75,1.44,3.09,1.42,3.09,1.48,2.89,1.42
WTA,2018,28,Paris,French Open,2018-05-27,Grand Slam,Outdoor,Clay,1st Round,3,Kuzmova V.,Schiavone F.,87.0,266.0,751.0,192.0,7.0,6.0,7.0,6.0,,,2.0,0.0,Completed,1.5,2.62,1.47,2.49,1.5,2.62,1.52,2.7,1.55,2.75,1.51,2.59
WTA,2018,28,Paris,French Open,2018-05-27,Grand Slam,Outdoor,Clay,1st Round,3,Putintseva Y.,Konta J.,98.0,21.0,691.0,2050.0,6.0,4.0,6.0,3.0,,,2.0,0.0,Completed,3.4,1.33,3.2,1.3,3.5,1.3,3.34,1.37,3.7,1.37,3.41,1.32
WTA,2018,28,Paris,French Open,2018-05-27,Grand Slam,Outdoor,Clay,1st Round,3,Diyas Z.,Linette M.,51.0,68.0,1095.0,865.0,6.0,3.0,6.0,1.0,,,2.0,0.0,Completed,1.8,2.0,1.76,1.95,1.8,2.0,1.8,2.11,1.9,2.11,1.8,2.0
WTA,2018,28,Paris,French Open,2018-05-27,Grand Slam,Outdoor,Clay,1st Round,3,Kozlova K.,Ostapenko J.,67.0,5.0,870.0,5382.0,7.0,5.0,6.0,3.0,,,2.0,0.0,Completed,8.0,1.1,6.6,1.08,7.5,1.08,8.36,1.1,9.0,1.11,7.68,1.09
WTA,2018,28,Paris,French Open,2018-05-27,Grand Slam,Outdoor,Clay,1st Round,3,Frech M.,Alexandrova E.,136.0,102.0,433.0,659.0,6.0,3.0,3.0,6.0,6.0,3.0,2.0,1.0,Completed,2.0,1.8,1.99,1.73,2.0,1.8,2.09,1.81,2.12,1.85,2.04,1.79
WTA,2018,28,Paris,French Open,2018-05-28,Grand Slam,Outdoor,Clay,1st Round,3,Arruabarrena L.,Babos T.,91.0,37.0,746.0,1300.0,7.0,6.0,6.0,3.0,,,2.0,0.0,Completed,2.2,1.66,2.07,1.68,2.2,1.67,2.28,1.69,2.28,1.79,2.15,1.71
WTA,2018,28,Paris,French Open,2018-05-28,Grand Slam,Outdoor,Clay,1st Round,3,Dolehide C.,Golubic V.,125.0,110.0,504.0,601.0,6.0,4.0,6.0,4.0,,,2.0,0.0,Completed,2.0,1.8,2.0,1.73,2.0,1.8,2.11,1.8,2.17,1.86,2.04,1.78
WTA,2018,28,Paris,French Open,2018-05-28,Grand Slam,Outdoor,Clay,1st Round,3,Giorgi C.,Min G.,57.0,197.0,1008.0,280.0,6.0,3.0,6.0,2.0,,,2.0,0.0,Completed,1.22,4.33,1.18,4.3,1.2,4.5,1.19,5.32,1.24,5.32,1.2,4.62
WTA,2018,28,Paris,French Open,2018-05-28,Grand Slam,Outdoor,Clay,1st Round,3,Osaka N.,Kenin S.,20.0,95.0,2150.0,725.0,6.0,2.0,7.0,5.0,,,2.0,0.0,Completed,1.22,4.33,1.2,4.0,1.22,4.33,1.22,4.74,1.25,4.74,1.22,4.33
WTA,2018,28,Paris,French Open,2018-05-28,Grand Slam,Outdoor,Clay,1st Round,3,Suarez Navarro C.,Konjuh A.,23.0,104.0,1876.0,648.0,6.0,0.0,6.0,1.0,,,2.0,0.0,Completed,1.2,4.5,1.17,4.4,1.2,4.5,1.2,5.11,1.23,5.18,1.19,4.71
WTA,2018,28,Paris,French Open,2018-05-28,Grand Slam,Outdoor,Clay,1st Round,3,Kvitova P.,Cepede Royg V.,8.0,89.0,4550.0,750.0,3.0,6.0,6.0,1.0,7.0,5.0,2.0,1.0,Completed,1.1,8.0,1.08,6.6,1.08,8.0,1.1,8.33,1.13,8.66,1.09,7.55
WTA,2018,28,Paris,French Open,2018-05-28,Grand Slam,Outdoor,Clay,1st Round,3,Sakkari M.,Minella M.,38.0,286.0,1274.0,175.0,7.0,6.0,6.0,2.0,,,2.0,0.0,Completed,1.2,4.5,1.17,4.5,1.17,5.0,1.19,5.25,1.22,5.3,1.18,4.87
WTA,2018,28,Paris,French Open,2018-05-28,Grand Slam,Outdoor,Clay,1st Round,3,Siniakova K.,Azarenka V.,54.0,84.0,1070.0,761.0,7.0,5.0,7.0,5.0,,,2.0,0.0,Completed,2.75,1.44,2.65,1.42,2.75,1.44,3.22,1.39,3.22,1.51,2.84,1.43
WTA,2018,28,Paris,French Open,2018-05-28,Grand Slam,Outdoor,Clay,1st Round,3,Peterson R.,Hsieh S.W.,97.0,45.0,716.0,1175.0,6.0,4.0,6.0,3.0,,,2.0,0.0,Completed,1.66,2.2,1.62,2.15,1.61,2.25,1.58,2.52,1.76,2.52,1.65,2.27
WTA,2018,28,Paris,French Open,2018-05-28,Grand Slam,Outdoor,Clay,1st Round,3,Duque-Marino M.,Sevastova A.,112.0,19.0,588.0,2225.0,4.0,6.0,6.0,1.0,6.0,3.0,2.0,1.0,Completed,3.2,1.36,3.35,1.28,3.4,1.33,3.82,1.3,3.82,1.36,3.44,1.32
WTA,2018,28,Paris,French Open,2018-05-28,Grand Slam,Outdoor,Clay,1st Round,3,Keys M.,Vickery S.,13.0,76.0,2826.0,791.0,6.0,3.0,6.0,3.0,,,2.0,0.0,Completed,1.16,5.0,1.17,4.4,1.2,4.5,1.2,5.03,1.22,5.17,1.19,4.75
WTA,2018,28,Paris,French Open,2018-05-28,Grand Slam,Outdoor,Clay,1st Round,3,Buzarnescu M.,King V.,33.0,,1383.0,,6.0,3.0,6.0,3.0,,,2.0,0.0,Completed,1.11,7.0,1.08,6.6,1.1,7.0,1.09,8.93,1.13,9.0,1.09,7.55
WTA,2018,28,Paris,French Open,2018-05-28,Grand Slam,Outdoor,Clay,1st Round,3,Kasatkina D.,Kanepi K.,14.0,52.0,2825.0,1083.0,6.0,4.0,6.0,1.0,,,2.0,0.0,Completed,1.44,2.75,1.49,2.45,1.5,2.62,1.5,2.76,1.56,2.76,1.5,2.62
WTA,2018,28,Paris,French Open,2018-05-28,Grand Slam,Outdoor,Clay,1st Round,3,Dulgheru A.,Mchale C.,159.0,88.0,366.0,750.0,5.0,7.0,7.0,6.0,6.0,3.0,2.0,1.0,Completed,1.9,1.9,1.84,1.86,2.0,1.73,1.94,1.94,2.0,1.97,1.91,1.89
WTA,2018,28,Paris,French Open,2018-05-28,Grand Slam,Outdoor,Clay,1st Round,3,Parmentier P.,Paquet C.,74.0,240.0,814.0,218.0,3.0,6.0,7.0,6.0,6.0,2.0,2.0,1.0,Completed,1.3,3.5,1.28,3.35,1.3,3.5,1.32,3.69,1.33,3.75,1.3,3.55
WTA,2018,28,Paris,French Open,2018-05-28,Grand Slam,Outdoor,Clay,1st Round,3,Garcia Perez G.,Jakupovic D.,219.0,121.0,247.0,515.0,6.0,3.0,6.0,4.0,,,2.0,0.0,Completed,2.37,1.57,2.25,1.57,2.25,1.61,2.38,1.64,2.41,1.71,2.32,1.62
WTA,2018,28,Paris,French Open,2018-05-28,Grand Slam,Outdoor,Clay,1st Round,3,Petkovic A.,Mladenovic K.,107.0,31.0,646.0,1446.0,7.0,6.0,6.0,2.0,,,2.0,0.0,Completed,2.1,1.72,2.0,1.72,2.1,1.73,2.13,1.79,2.15,1.87,2.07,1.77
WTA,2018,28,Paris,French Open,2018-05-28,Grand Slam,Outdoor,Clay,1st Round,3,Flipkens K.,Maria T.,65.0,64.0,926.0,930.0,7.0,6.0,6.0,4.0,,,2.0,0.0,Completed,1.28,3.75,1.28,3.35,1.28,3.75,1.25,4.36,1.32,4.55,1.25,4.03
WTA,2018,28,Paris,French Open,2018-05-28,Grand Slam,Outdoor,Clay,1st Round,3,Wozniacki C.,Collins D.,2.0,42.0,6935.0,1200.0,7.0,6.0,6.0,1.0,,,2.0,0.0,Completed,1.25,4.0,1.21,3.9,1.25,4.0,1.26,4.29,1.3,4.33,1.25,4.04
WTA,2018,28,Paris,French Open,2018-05-28,Grand Slam,Outdoor,Clay,1st Round,3,Bencic B.,Chiesa D.,71.0,161.0,844.0,362.0,3.0,6.0,7.0,6.0,7.0,5.0,2.0,1.0,Completed,1.72,2.1,1.73,1.99,1.73,2.1,1.85,2.05,1.85,2.32,1.78,2.05
WTA,2018,28,Paris,French Open,2018-05-28,Grand Slam,Outdoor,Clay,1st Round,3,Vandeweghe C.,Siegemund L.,15.0,358.0,2533.0,117.0,6.0,4.0,6.0,4.0,,,2.0,0.0,Completed,1.57,2.37,1.55,2.31,1.61,2.25,1.55,2.6,1.66,2.6,1.58,2.41
WTA,2018,28,Paris,French Open,2018-05-28,Grand Slam,Outdoor,Clay,1st Round,3,Rybarikova M.,Kumkhum L.,18.0,100.0,2225.0,679.0,6.0,3.0,6.0,0.0,,,2.0,0.0,Completed,1.36,3.2,1.34,3.0,1.4,3.0,1.4,3.18,1.42,3.29,1.38,3.09
WTA,2018,28,Paris,French Open,2018-05-28,Grand Slam,Outdoor,Clay,1st Round,3,Tsurenko L.,Voegele S.,39.0,99.0,1255.0,687.0,4.0,6.0,6.0,2.0,6.0,2.0,2.0,1.0,Completed,2.1,1.72,2.14,1.63,2.2,1.67,2.29,1.69,2.31,1.77,2.19,1.69
WTA,2018,28,Paris,French Open,2018-05-28,Grand Slam,Outdoor,Clay,1st Round,3,Vekic D.,Bondarenko K.,50.0,81.0,1120.0,775.0,6.0,2.0,6.0,4.0,,,2.0,0.0,Completed,1.28,3.75,1.22,3.85,1.22,4.33,1.25,4.36,1.31,4.8,1.25,4.06
WTA,2018,28,Paris,French Open,2018-05-28,Grand Slam,Outdoor,Clay,1st Round,3,Pliskova Ka.,Krejcikova B.,6.0,234.0,5335.0,229.0,7.0,6.0,6.0,4.0,,,2.0,0.0,Completed,1.1,8.0,1.08,6.6,1.07,8.0,1.1,8.33,1.11,9.0,1.09,7.8
WTA,2018,28,Paris,French Open,2018-05-28,Grand Slam,Outdoor,Clay,1st Round,3,Watson H.,Dodin O.,80.0,139.0,776.0,428.0,6.0,3.0,6.0,0.0,,,2.0,0.0,Completed,2.0,1.8,2.02,1.71,2.1,1.73,2.18,1.75,2.2,1.83,2.09,1.75
WTA,2018,28,Paris,French Open,2018-05-28,Grand Slam,Outdoor,Clay,1st Round,3,Safarova L.,Ponchet J.,53.0,227.0,1078.0,236.0,6.0,4.0,6.0,1.0,,,2.0,0.0,Completed,1.16,5.0,1.17,4.4,1.2,4.5,1.21,5.0,1.23,5.2,1.19,4.77
WTA,2018,28,Paris,French Open,2018-05-28,Grand Slam,Outdoor,Clay,1st Round,3,Pera B.,Vesnina E.,73.0,44.0,817.0,1180.0,6.0,3.0,6.0,2.0,,,2.0,0.0,Completed,1.9,1.9,1.8,1.91,1.8,2.0,1.81,2.1,1.92,2.1,1.84,1.98
WTA,2018,28,Paris,French Open,2018-05-29,Grand Slam,Outdoor,Clay,1st Round,3,Ferro F.,Witthoeft C.,257.0,61.0,201.0,951.0,6.0,4.0,6.0,2.0,,,2.0,0.0,Completed,3.0,1.4,3.1,1.32,3.0,1.4,3.08,1.42,3.42,1.43,3.09,1.37
WTA,2018,28,Paris,French Open,2018-05-29,Grand Slam,Outdoor,Clay,1st Round,3,Mattek-Sands B.,Larsson J.,202.0,59.0,273.0,970.0,6.0,4.0,6.0,3.0,,,2.0,0.0,Completed,3.0,1.4,2.75,1.39,3.25,1.36,3.17,1.4,3.22,1.45,2.97,1.4
WTA,2018,28,Paris,French Open,2018-05-29,Grand Slam,Outdoor,Clay,1st Round,3,Muguruza G.,Kuznetsova S.,3.0,43.0,6010.0,1193.0,7.0,6.0,6.0,2.0,,,2.0,0.0,Completed,1.3,3.5,1.24,3.65,1.3,3.5,1.26,4.25,1.33,4.25,1.27,3.81
WTA,2018,28,Paris,French Open,2018-05-29,Grand Slam,Outdoor,Clay,1st Round,3,Stosur S.,Wickmayer Y.,90.0,105.0,747.0,647.0,6.0,2.0,6.0,4.0,,,2.0,0.0,Completed,1.3,3.5,1.26,3.55,1.28,3.75,1.26,4.21,1.34,4.21,1.28,3.71
WTA,2018,28,Paris,French Open,2018-05-29,Grand Slam,Outdoor,Clay,1st Round,3,Gavrilova D.,Cirstea S.,25.0,49.0,1690.0,1125.0,4.0,6.0,7.0,6.0,6.0,3.0,2.0,1.0,Completed,1.53,2.5,1.5,2.41,1.57,2.37,1.54,2.64,1.65,2.7,1.54,2.48
WTA,2018,28,Paris,French Open,2018-05-29,Grand Slam,Outdoor,Clay,1st Round,3,Begu I.,Schmiedlova A.,40.0,77.0,1245.0,782.0,6.0,4.0,5.0,7.0,9.0,7.0,2.0,1.0,Completed,1.53,2.5,1.48,2.47,1.5,2.62,1.53,2.67,1.6,2.7,1.51,2.57
WTA,2018,28,Paris,French Open,2018-05-29,Grand Slam,Outdoor,Clay,1st Round,3,Zhang S.,Kucova K.,27.0,260.0,1605.0,199.0,6.0,0.0,7.0,5.0,,,2.0,0.0,Completed,1.2,4.5,1.19,4.1,1.22,4.33,1.25,4.33,1.26,4.76,1.21,4.38
WTA,2018,28,Paris,French Open,2018-05-29,Grand Slam,Outdoor,Clay,1st Round,3,Sharapova M.,Hogenkamp R.,30.0,133.0,1513.0,456.0,6.0,1.0,4.0,6.0,6.0,3.0,2.0,1.0,Completed,1.08,9.0,1.06,7.4,1.08,7.5,1.08,9.94,1.09,10.44,1.07,8.76
WTA,2018,28,Paris,French Open,2018-05-29,Grand Slam,Outdoor,Clay,1st Round,3,Mertens E.,Lepchenko V.,16.0,92.0,2525.0,735.0,6.0,7.0,7.0,6.0,6.0,0.0,2.0,1.0,Completed,1.12,6.0,1.1,6.0,1.12,6.0,1.12,7.44,1.15,7.44,1.12,6.37
WTA,2018,28,Paris,French Open,2018-05-29,Grand Slam,Outdoor,Clay,1st Round,3,Van Uytvanck A.,Wallace I.,46.0,245.0,1173.0,210.0,6.0,1.0,6.0,0.0,,,2.0,0.0,Completed,1.08,9.0,1.06,7.0,1.08,8.0,1.09,9.16,1.1,9.62,1.07,8.41
WTA,2018,28,Paris,French Open,2018-05-29,Grand Slam,Outdoor,Clay,1st Round,3,Pavlyuchenkova A.,Hercog P.,28.0,58.0,1596.0,971.0,6.0,4.0,7.0,6.0,,,2.0,0.0,Completed,1.53,2.5,1.54,2.31,1.57,2.37,1.5,2.78,1.62,2.79,1.52,2.55
WTA,2018,28,Paris,French Open,2018-05-29,Grand Slam,Outdoor,Clay,1st Round,3,Williams S.,Pliskova Kr.,451.0,70.0,75.0,845.0,7.0,6.0,6.0,4.0,,,2.0,0.0,Completed,1.5,2.62,1.44,2.6,1.5,2.62,1.49,2.79,1.5,2.84,1.46,2.72
WTA,2018,28,Paris,French Open,2018-05-29,Grand Slam,Outdoor,Clay,1st Round,3,Sasnovich A.,Allertova D.,55.0,103.0,1065.0,658.0,6.0,4.0,6.0,3.0,,,2.0,0.0,Completed,1.66,2.2,1.64,2.12,1.61,2.25,1.71,2.25,1.73,2.33,1.67,2.21
WTA,2018,28,Paris,French Open,2018-05-29,Grand Slam,Outdoor,Clay,1st Round,3,Bertens K.,Sabalenka A.,22.0,48.0,2030.0,1145.0,6.0,2.0,6.0,1.0,,,2.0,0.0,Completed,1.22,4.33,1.22,3.9,1.25,4.0,1.25,4.36,1.29,4.43,1.24,4.11
WTA,2018,28,Paris,French Open,2018-05-29,Grand Slam,Outdoor,Clay,1st Round,3,Garcia C.,Duan Y.Y.,7.0,111.0,5160.0,596.0,6.0,1.0,6.0,0.0,,,2.0,0.0,Completed,1.05,12.0,1.03,9.0,1.05,10.0,1.05,13.77,1.07,14.48,1.04,11.56
WTA,2018,28,Paris,French Open,2018-05-29,Grand Slam,Outdoor,Clay,1st Round,3,Barty A.,Vikhlyantseva N.,17.0,79.0,2360.0,780.0,6.0,3.0,6.0,1.0,,,2.0,0.0,Completed,1.4,3.0,1.38,2.8,1.4,2.75,1.43,3.01,1.44,3.2,1.4,2.95
WTA,2018,28,Paris,French Open,2018-05-29,Grand Slam,Outdoor,Clay,1st Round,3,Goerges J.,Cibulkova D.,11.0,32.0,3090.0,1445.0,6.0,4.0,5.0,7.0,6.0,0.0,2.0,1.0,Completed,1.8,2.0,1.8,1.91,1.8,2.0,1.83,2.07,1.92,2.1,1.84,1.97
WTA,2018,28,Paris,French Open,2018-05-29,Grand Slam,Outdoor,Clay,1st Round,3,Peng S.,Krunic A.,41.0,47.0,1202.0,1165.0,6.0,3.0,6.0,4.0,,,2.0,0.0,Completed,2.75,1.44,2.7,1.41,2.75,1.44,3.18,1.4,3.18,1.48,2.86,1.43
WTA,2018,28,Paris,French Open,2018-05-29,Grand Slam,Outdoor,Clay,1st Round,3,Kerber A.,Barthel M.,12.0,117.0,3040.0,540.0,6.0,2.0,6.0,3.0,,,2.0,0.0,Completed,1.25,4.0,1.21,3.95,1.25,4.0,1.24,4.45,1.27,4.51,1.23,4.17
WTA,2018,28,Paris,French Open,2018-05-29,Grand Slam,Outdoor,Clay,1st Round,3,Townsend T.,Georges M.,72.0,222.0,836.0,243.0,6.0,4.0,6.0,2.0,,,2.0,0.0,Completed,1.22,4.33,1.21,3.95,1.25,4.0,1.23,4.67,1.26,4.67,1.22,4.35
WTA,2018,28,Paris,French Open,2018-05-29,Grand Slam,Outdoor,Clay,1st Round,3,Bogdan A.,Vondrousova M.,66.0,94.0,901.0,732.0,6.0,3.0,1.0,6.0,6.0,4.0,2.0,1.0,Completed,2.75,1.44,2.75,1.4,2.75,1.44,2.98,1.44,3.08,1.48,2.84,1.43
WTA,2018,28,Paris,French Open,2018-05-30,Grand Slam,Outdoor,Clay,1st Round,3,Halep S.,Riske A.,1.0,83.0,7270.0,767.0,2.0,6.0,6.0,1.0,6.0,1.0,2.0,1.0,Completed,1.08,9.0,1.06,7.4,1.06,9.0,1.08,10.05,1.09,10.24,1.07,8.75
WTA,2018,28,Paris,French Open,2018-05-30,Grand Slam,Outdoor,Clay,2nd Round,3,Kvitova P.,Arruabarrena L.,8.0,91.0,4550.0,746.0,6.0,0.0,6.0,4.0,,,2.0,0.0,Completed,1.11,7.0,1.1,5.8,1.12,6.0,1.13,6.99,1.14,7.2,1.12,6.45
WTA,2018,28,Paris,French Open,2018-05-30,Grand Slam,Outdoor,Clay,2nd Round,3,Buzarnescu M.,Peterson R.,33.0,97.0,1383.0,716.0,6.0,1.0,6.0,2.0,,,2.0,0.0,Completed,1.66,2.2,1.64,2.13,1.67,2.2,1.75,2.18,1.75,2.31,1.68,2.2
WTA,2018,28,Paris,French Open,2018-05-30,Grand Slam,Outdoor,Clay,2nd Round,3,Osaka N.,Diyas Z.,20.0,51.0,2150.0,1095.0,6.0,4.0,7.0,5.0,,,2.0,0.0,Completed,1.36,3.2,1.33,3.05,1.4,3.0,1.38,3.29,1.4,3.37,1.35,3.2
WTA,2018,28,Paris,French Open,2018-05-30,Grand Slam,Outdoor,Clay,2nd Round,3,Kontaveit A.,Dulgheru A.,24.0,159.0,1765.0,366.0,7.0,5.0,6.0,2.0,,,2.0,0.0,Completed,1.12,6.0,1.11,5.6,1.12,6.0,1.13,6.81,1.17,7.1,1.13,6.0
WTA,2018,28,Paris,French Open,2018-05-30,Grand Slam,Outdoor,Clay,2nd Round,3,Svitolina E.,Kuzmova V.,4.0,87.0,5505.0,751.0,6.0,3.0,6.0,4.0,,,2.0,0.0,Completed,1.08,9.0,1.06,7.2,1.08,8.0,1.08,9.43,1.09,9.91,1.07,8.58
WTA,2018,28,Paris,French Open,2018-05-30,Grand Slam,Outdoor,Clay,2nd Round,3,Strycova B.,Makarova E.,26.0,36.0,1660.0,1330.0,6.0,4.0,6.0,2.0,,,2.0,0.0,Completed,1.9,1.9,1.85,1.85,1.91,1.91,1.96,1.93,1.96,2.0,1.9,1.91
WTA,2018,28,Paris,French Open,2018-05-30,Grand Slam,Outdoor,Clay,2nd Round,3,Siniakova K.,Kozlova K.,54.0,67.0,1070.0,870.0,6.0,7.0,6.0,4.0,6.0,4.0,2.0,1.0,Completed,1.3,3.5,1.3,3.2,1.33,3.4,1.34,3.5,1.38,3.6,1.32,3.41
WTA,2018,28,Paris,French Open,2018-05-30,Grand Slam,Outdoor,Clay,2nd Round,3,Keys M.,Dolehide C.,13.0,125.0,2826.0,504.0,6.0,4.0,6.0,1.0,,,2.0,0.0,Completed,1.28,3.75,1.26,3.5,1.3,3.5,1.29,3.9,1.32,3.96,1.28,3.67
WTA,2018,28,Paris,French Open,2018-05-30,Grand Slam,Outdoor,Clay,2nd Round,3,Putintseva Y.,Brady J.,98.0,86.0,691.0,752.0,6.0,4.0,6.0,3.0,,,2.0,0.0,Completed,1.53,2.5,1.49,2.46,1.53,2.5,1.52,2.7,1.6,2.72,1.52,2.54
WTA,2018,28,Paris,French Open,2018-05-30,Grand Slam,Outdoor,Clay,2nd Round,3,Wang Q.,Martic P.,85.0,35.0,755.0,1340.0,6.0,1.0,6.0,1.0,,,2.0,0.0,Completed,2.62,1.5,2.44,1.49,2.5,1.53,2.7,1.52,2.75,1.57,2.54,1.52
WTA,2018,28,Paris,French Open,2018-05-30,Grand Slam,Outdoor,Clay,2nd Round,3,Parmentier P.,Cornet A.,74.0,34.0,814.0,1350.0,6.0,7.0,6.0,4.0,6.0,2.0,2.0,1.0,Completed,2.75,1.44,2.7,1.4,2.75,1.44,2.93,1.45,3.0,1.48,2.82,1.43
WTA,2018,28,Paris,French Open,2018-05-30,Grand Slam,Outdoor,Clay,2nd Round,3,Giorgi C.,Duque-Marino M.,57.0,112.0,1008.0,588.0,6.0,0.0,6.0,3.0,,,2.0,0.0,Completed,1.5,2.62,1.44,2.6,1.5,2.62,1.48,2.83,1.53,2.83,1.48,2.68
WTA,2018,28,Paris,French Open,2018-05-30,Grand Slam,Outdoor,Clay,2nd Round,3,Wozniacki C.,Garcia Perez G.,2.0,219.0,6935.0,247.0,6.0,1.0,6.0,0.0,,,2.0,0.0,Completed,1.08,9.0,1.07,6.8,,,1.09,8.89,1.1,9.25,1.08,8.15
WTA,2018,28,Paris,French Open,2018-05-30,Grand Slam,Outdoor,Clay,2nd Round,3,Stephens S.,Frech M.,10.0,136.0,4164.0,433.0,6.0,2.0,6.0,2.0,,,2.0,0.0,Completed,1.14,5.5,1.08,6.6,1.1,7.0,1.09,8.78,1.2,8.88,1.11,6.96
WTA,2018,28,Paris,French Open,2018-05-30,Grand Slam,Outdoor,Clay,2nd Round,3,Sakkari M.,Suarez Navarro C.,38.0,23.0,1274.0,1876.0,7.0,5.0,6.0,3.0,,,2.0,0.0,Completed,2.62,1.44,2.75,1.4,2.75,1.44,3.0,1.44,3.0,1.53,2.81,1.44
WTA,2018,28,Paris,French Open,2018-05-30,Grand Slam,Outdoor,Clay,2nd Round,3,Kasatkina D.,Flipkens K.,14.0,65.0,2825.0,926.0,6.0,3.0,6.0,3.0,,,2.0,0.0,Completed,1.12,6.0,1.12,5.4,1.12,6.0,1.14,6.49,1.2,6.58,1.13,5.87
WTA,2018,28,Paris,French Open,2018-05-31,Grand Slam,Outdoor,Clay,2nd Round,3,Gavrilova D.,Pera B.,25.0,73.0,1690.0,817.0,5.0,7.0,7.0,5.0,6.0,3.0,2.0,1.0,Completed,1.9,1.9,1.86,1.85,1.91,1.91,1.97,1.92,2.08,1.98,1.91,1.9
WTA,2018,28,Paris,French Open,2018-05-31,Grand Slam,Outdoor,Clay,2nd Round,3,Muguruza G.,Ferro F.,3.0,257.0,6010.0,201.0,6.0,4.0,6.0,3.0,,,2.0,0.0,Completed,1.04,13.0,1.03,9.0,1.04,11.0,1.05,13.03,1.07,13.96,1.04,10.94
WTA,2018,28,Paris,French Open,2018-05-31,Grand Slam,Outdoor,Clay,2nd Round,3,Rybarikova M.,Bencic B.,18.0,71.0,2225.0,844.0,6.0,2.0,6.0,4.0,,,2.0,0.0,Completed,1.44,2.75,1.41,2.7,1.44,2.75,1.42,3.08,1.5,3.08,1.44,2.79
WTA,2018,28,Paris,French Open,2018-05-31,Grand Slam,Outdoor,Clay,2nd Round,3,Stosur S.,Pavlyuchenkova A.,90.0,28.0,747.0,1596.0,6.0,2.0,7.0,6.0,,,2.0,0.0,Completed,2.2,1.66,2.18,1.61,2.25,1.61,2.31,1.68,2.38,1.71,2.25,1.65
WTA,2018,28,Paris,French Open,2018-05-31,Grand Slam,Outdoor,Clay,2nd Round,3,Mertens E.,Watson H.,16.0,80.0,2525.0,776.0,6.0,3.0,6.0,4.0,,,2.0,0.0,Completed,1.12,6.0,1.11,5.6,1.12,6.0,1.14,6.59,1.15,7.0,1.13,6.14
WTA,2018,28,Paris,French Open,2018-05-31,Grand Slam,Outdoor,Clay,2nd Round,3,Petkovic A.,Mattek-Sands B.,107.0,202.0,646.0,273.0,6.0,0.0,7.0,6.0,,,2.0,0.0,Completed,1.61,2.3,1.62,2.16,1.61,2.25,1.69,2.29,1.7,2.41,1.65,2.26
WTA,2018,28,Paris,French Open,2018-05-31,Grand Slam,Outdoor,Clay,2nd Round,3,Pliskova Ka.,Safarova L.,6.0,53.0,5335.0,1078.0,3.0,6.0,6.0,4.0,6.0,1.0,2.0,1.0,Completed,1.28,3.75,1.25,3.6,1.28,3.75,1.26,4.25,1.3,4.25,1.27,3.82
WTA,2018,28,Paris,French Open,2018-05-31,Grand Slam,Outdoor,Clay,2nd Round,3,Sharapova M.,Vekic D.,30.0,50.0,1513.0,1120.0,7.0,5.0,6.0,4.0,,,2.0,0.0,Completed,1.3,3.5,1.27,3.4,1.3,3.5,1.3,3.83,1.32,3.98,1.29,3.61
WTA,2018,28,Paris,French Open,2018-05-31,Grand Slam,Outdoor,Clay,2nd Round,3,Tsurenko L.,Vandeweghe C.,39.0,15.0,1255.0,2533.0,3.0,6.0,6.0,4.0,6.0,0.0,2.0,1.0,Completed,2.75,1.44,2.75,1.39,2.75,1.44,2.99,1.44,3.02,1.47,2.86,1.42
WTA,2018,28,Paris,French Open,2018-05-31,Grand Slam,Outdoor,Clay,2nd Round,3,Halep S.,Townsend T.,1.0,72.0,7270.0,836.0,6.0,3.0,6.0,1.0,,,2.0,0.0,Completed,1.07,10.0,1.06,7.2,1.06,9.0,1.06,11.59,1.1,11.59,1.07,9.04
WTA,2018,28,Paris,French Open,2018-05-31,Grand Slam,Outdoor,Clay,2nd Round,3,Bertens K.,Sasnovich A.,22.0,55.0,2030.0,1065.0,6.0,4.0,6.0,2.0,,,2.0,0.0,Completed,1.12,6.0,1.12,5.2,1.12,6.0,1.15,6.17,1.17,6.41,1.14,5.78
WTA,2018,28,Paris,French Open,2018-05-31,Grand Slam,Outdoor,Clay,2nd Round,3,Kerber A.,Bogdan A.,12.0,66.0,3040.0,901.0,6.0,2.0,6.0,3.0,,,2.0,0.0,Completed,1.14,5.5,1.14,4.9,1.17,5.0,1.17,5.63,1.18,5.84,1.15,5.38
WTA,2018,28,Paris,French Open,2018-05-31,Grand Slam,Outdoor,Clay,2nd Round,3,Garcia C.,Peng S.,7.0,41.0,5160.0,1202.0,6.0,4.0,3.0,6.0,6.0,3.0,2.0,1.0,Completed,1.16,5.0,1.15,4.8,1.14,5.5,1.19,5.32,1.2,5.71,1.16,5.2
WTA,2018,28,Paris,French Open,2018-05-31,Grand Slam,Outdoor,Clay,2nd Round,3,Begu I.,Zhang S.,40.0,27.0,1245.0,1605.0,6.0,3.0,6.0,4.0,,,2.0,0.0,Completed,1.66,2.2,1.64,2.13,1.73,2.1,1.72,2.23,1.78,2.27,1.69,2.18
WTA,2018,28,Paris,French Open,2018-05-31,Grand Slam,Outdoor,Clay,2nd Round,3,Williams S.,Barty A.,451.0,17.0,75.0,2360.0,3.0,6.0,6.0,3.0,6.0,4.0,2.0,1.0,Completed,2.0,1.8,1.99,1.73,2.0,1.8,2.11,1.8,2.15,1.83,2.05,1.78
WTA,2018,28,Paris,French Open,2018-05-31,Grand Slam,Outdoor,Clay,2nd Round,3,Goerges J.,Van Uytvanck A.,11.0,46.0,3090.0,1173.0,7.0,5.0,7.0,6.0,,,2.0,0.0,Completed,1.44,2.75,1.43,2.65,1.44,2.75,1.53,2.67,1.53,3.06,1.47,2.71
WTA,2018,28,Paris,French Open,2018-06-01,Grand Slam,Outdoor,Clay,3rd Round,3,Kasatkina D.,Sakkari M.,14.0,38.0,2825.0,1274.0,6.0,1.0,1.0,6.0,6.0,3.0,2.0,1.0,Completed,1.28,3.75,1.27,3.4,1.28,3.75,1.3,3.89,1.34,3.94,1.29,3.66
WTA,2018,28,Paris,French Open,2018-06-01,Grand Slam,Outdoor,Clay,3rd Round,3,Keys M.,Osaka N.,13.0,20.0,2826.0,2150.0,6.0,1.0,7.0,6.0,,,2.0,0.0,Completed,1.61,2.3,1.59,2.21,1.61,2.25,1.64,2.42,1.68,2.42,1.63,2.29
WTA,2018,28,Paris,French Open,2018-06-01,Grand Slam,Outdoor,Clay,3rd Round,3,Putintseva Y.,Wang Q.,98.0,85.0,691.0,755.0,1.0,6.0,7.0,5.0,6.0,4.0,2.0,1.0,Completed,2.2,1.66,2.18,1.61,2.25,1.61,2.44,1.63,2.44,1.73,2.25,1.65
WTA,2018,28,Paris,French Open,2018-06-01,Grand Slam,Outdoor,Clay,3rd Round,3,Strycova B.,Siniakova K.,26.0,54.0,1660.0,1070.0,6.0,2.0,6.0,3.0,,,2.0,0.0,Completed,1.9,1.9,1.89,1.82,2.0,1.8,1.98,1.93,2.0,1.94,1.94,1.87
WTA,2018,28,Paris,French Open,2018-06-01,Grand Slam,Outdoor,Clay,3rd Round,3,Buzarnescu M.,Svitolina E.,33.0,4.0,1383.0,5505.0,6.0,3.0,7.0,5.0,,,2.0,0.0,Completed,5.0,1.16,4.8,1.15,5.5,1.14,5.66,1.18,5.7,1.21,5.33,1.16
WTA,2018,28,Paris,French Open,2018-06-01,Grand Slam,Outdoor,Clay,3rd Round,3,Wozniacki C.,Parmentier P.,2.0,74.0,6935.0,814.0,6.0,0.0,6.0,3.0,,,2.0,0.0,Completed,1.11,7.0,1.1,6.0,1.1,7.0,1.13,7.38,1.13,8.1,1.11,6.9
WTA,2018,28,Paris,French Open,2018-06-02,Grand Slam,Outdoor,Clay,3rd Round,3,Stephens S.,Giorgi C.,10.0,57.0,4164.0,1008.0,4.0,6.0,6.0,1.0,8.0,6.0,2.0,1.0,Completed,1.53,2.5,1.49,2.44,1.53,2.5,1.56,2.59,1.6,2.64,1.53,2.51
WTA,2018,28,Paris,French Open,2018-06-02,Grand Slam,Outdoor,Clay,3rd Round,3,Kontaveit A.,Kvitova P.,24.0,8.0,1765.0,4550.0,7.0,6.0,7.0,6.0,,,2.0,0.0,Completed,3.2,1.36,2.85,1.37,3.0,1.4,3.07,1.43,3.32,1.47,3.06,1.38
WTA,2018,28,Paris,French Open,2018-06-02,Grand Slam,Outdoor,Clay,3rd Round,3,Muguruza G.,Stosur S.,3.0,90.0,6010.0,747.0,6.0,0.0,6.0,2.0,,,2.0,0.0,Completed,1.3,3.5,1.26,3.5,1.28,3.75,1.3,3.94,1.33,4.12,1.28,3.73
WTA,2018,28,Paris,French Open,2018-06-02,Grand Slam,Outdoor,Clay,3rd Round,3,Tsurenko L.,Rybarikova M.,39.0,18.0,1255.0,2225.0,6.0,2.0,6.0,4.0,,,2.0,0.0,Completed,2.1,1.72,1.93,1.78,2.0,1.8,2.04,1.87,2.1,1.92,1.99,1.83
WTA,2018,28,Paris,French Open,2018-06-02,Grand Slam,Outdoor,Clay,3rd Round,3,Sharapova M.,Pliskova Ka.,30.0,6.0,1513.0,5335.0,6.0,2.0,6.0,1.0,,,2.0,0.0,Completed,1.8,2.0,1.74,1.98,1.8,2.0,1.84,2.08,1.86,2.1,1.8,2.02
WTA,2018,28,Paris,French Open,2018-06-02,Grand Slam,Outdoor,Clay,3rd Round,3,Mertens E.,Gavrilova D.,16.0,25.0,2525.0,1690.0,6.0,3.0,6.0,1.0,,,2.0,0.0,Completed,1.33,3.4,1.31,3.15,1.33,3.4,1.32,3.75,1.38,3.75,1.33,3.36
WTA,2018,28,Paris,French Open,2018-06-02,Grand Slam,Outdoor,Clay,3rd Round,3,Halep S.,Petkovic A.,1.0,107.0,7270.0,646.0,7.0,5.0,6.0,0.0,,,2.0,0.0,Completed,1.07,10.0,1.06,7.6,1.07,8.0,1.08,10.16,1.09,11.5,1.07,9.28
WTA,2018,28,Paris,French Open,2018-06-02,Grand Slam,Outdoor,Clay,3rd Round,3,Garcia C.,Begu I.,7.0,40.0,5160.0,1245.0,6.0,1.0,6.0,3.0,,,2.0,0.0,Completed,1.33,3.4,1.32,3.1,1.33,3.4,1.37,3.39,1.4,3.57,1.34,3.26
WTA,2018,28,Paris,French Open,2018-06-02,Grand Slam,Outdoor,Clay,3rd Round,3,Kerber A.,Bertens K.,12.0,22.0,3040.0,2030.0,7.0,6.0,7.0,6.0,,,2.0,0.0,Completed,2.1,1.72,2.02,1.71,2.2,1.67,2.13,1.8,2.25,1.88,2.1,1.74
WTA,2018,28,Paris,French Open,2018-06-02,Grand Slam,Outdoor,Clay,3rd Round,3,Williams S.,Goerges J.,451.0,11.0,75.0,3090.0,6.0,3.0,6.0,4.0,,,2.0,0.0,Completed,1.61,2.3,1.56,2.28,1.57,2.37,1.59,2.53,1.67,2.53,1.59,2.35
WTA,2018,28,Paris,French Open,2018-06-03,Grand Slam,Outdoor,Clay,4th Round,3,Keys M.,Buzarnescu M.,13.0,33.0,2826.0,1383.0,6.0,1.0,6.0,4.0,,,2.0,0.0,Completed,1.57,2.37,1.58,2.23,1.57,2.37,1.65,2.42,1.69,2.43,1.62,2.32
WTA,2018,28,Paris,French Open,2018-06-03,Grand Slam,Outdoor,Clay,4th Round,3,Putintseva Y.,Strycova B.,98.0,26.0,691.0,1660.0,6.0,4.0,6.0,3.0,,,2.0,0.0,Completed,2.62,1.5,2.49,1.47,2.62,1.5,2.46,1.63,2.7,1.63,2.58,1.52
WTA,2018,28,Paris,French Open,2018-06-03,Grand Slam,Outdoor,Clay,4th Round,3,Stephens S.,Kontaveit A.,10.0,24.0,4164.0,1765.0,6.0,2.0,6.0,0.0,,,2.0,0.0,Completed,2.0,1.8,1.97,1.75,2.0,1.8,2.06,1.87,2.16,1.88,2.04,1.79
WTA,2018,28,Paris,French Open,2018-06-04,Grand Slam,Outdoor,Clay,4th Round,3,Halep S.,Mertens E.,1.0,16.0,7270.0,2525.0,6.0,2.0,6.0,1.0,,,2.0,0.0,Completed,1.2,4.5,1.19,4.1,1.2,4.5,1.27,4.36,1.27,4.85,1.22,4.39
WTA,2018,28,Paris,French Open,2018-06-04,Grand Slam,Outdoor,Clay,4th Round,3,Kasatkina D.,Wozniacki C.,14.0,2.0,2825.0,6935.0,7.0,6.0,6.0,3.0,,,2.0,0.0,Completed,2.2,1.66,2.12,1.64,2.2,1.67,2.27,1.72,2.3,1.8,2.18,1.7
WTA,2018,28,Paris,French Open,2018-06-04,Grand Slam,Outdoor,Clay,4th Round,3,Kerber A.,Garcia C.,12.0,7.0,3040.0,5160.0,6.0,2.0,6.0,3.0,,,2.0,0.0,Completed,1.8,2.0,1.74,1.98,1.8,2.0,1.8,2.15,1.9,2.22,1.79,2.05
WTA,2018,28,Paris,French Open,2018-06-04,Grand Slam,Outdoor,Clay,4th Round,3,Sharapova M.,Williams S.,30.0,451.0,1513.0,75.0,,,,,,,,,Walkover,2.1,1.72,2.01,1.72,2.2,1.67,2.04,1.88,2.25,1.92,2.02,1.82
WTA,2018,28,Paris,French Open,2018-06-04,Grand Slam,Outdoor,Clay,4th Round,3,Muguruza G.,Tsurenko L.,3.0,39.0,6010.0,1255.0,2.0,0.0,,,,,0.0,0.0,Retired,1.12,6.0,1.12,5.2,1.14,5.5,1.16,6.39,1.18,6.6,1.14,5.86
WTA,2018,28,Paris,French Open,2018-06-05,Grand Slam,Outdoor,Clay,Quarterfinals,3,Keys M.,Putintseva Y.,13.0,98.0,2826.0,691.0,7.0,6.0,6.0,4.0,,,2.0,0.0,Completed,1.28,3.75,1.24,3.65,1.25,4.0,1.29,4.12,1.3,4.2,1.27,3.87
WTA,2018,28,Paris,French Open,2018-06-05,Grand Slam,Outdoor,Clay,Quarterfinals,3,Stephens S.,Kasatkina D.,10.0,14.0,4164.0,2825.0,6.0,3.0,6.0,1.0,,,2.0,0.0,Completed,1.8,2.0,1.75,1.95,1.8,2.0,1.84,2.1,2.0,2.12,1.82,2.03
WTA,2018,28,Paris,French Open,2018-06-06,Grand Slam,Outdoor,Clay,Quarterfinals,3,Halep S.,Kerber A.,1.0,12.0,7270.0,3040.0,6.0,7.0,6.0,3.0,6.0,2.0,2.0,1.0,Completed,1.4,3.0,1.38,2.8,1.44,2.75,1.45,3.02,1.47,3.2,1.42,2.93
WTA,2018,28,Paris,French Open,2018-06-06,Grand Slam,Outdoor,Clay,Quarterfinals,3,Muguruza G.,Sharapova M.,3.0,30.0,6010.0,1513.0,6.0,2.0,6.0,1.0,,,2.0,0.0,Completed,1.72,2.1,1.72,2.0,1.73,2.1,1.82,2.13,1.84,2.2,1.77,2.09
WTA,2018,28,Paris,French Open,2018-06-07,Grand Slam,Outdoor,Clay,Semifinals,3,Halep S.,Muguruza G.,1.0,3.0,7270.0,6010.0,6.0,1.0,6.0,4.0,,,2.0,0.0,Completed,2.0,1.8,1.9,1.8,1.91,1.91,1.97,1.95,2.1,1.95,1.99,1.85
WTA,2018,28,Paris,French Open,2018-06-07,Grand Slam,Outdoor,Clay,Semifinals,3,Stephens S.,Keys M.,10.0,13.0,4164.0,2826.0,6.0,4.0,6.0,4.0,,,2.0,0.0,Completed,1.5,2.62,1.47,2.5,1.5,2.62,1.54,2.71,1.59,2.71,1.52,2.58
WTA,2018,28,Paris,French Open,2018-06-09,Grand Slam,Outdoor,Clay,The Final,3,Halep S.,Stephens S.,1.0,10.0,7270.0,4164.0,3.0,6.0,6.0,4.0,6.0,1.0,2.0,1.0,Completed,1.4,3.0,1.37,2.85,1.4,3.0,1.44,3.08,1.46,3.18,1.41,2.99
WTA,2018,34,London,Wimbledon,2018-07-02,Grand Slam,Outdoor,Grass,1st Round,3,Rodina E.,Lottner A.,120.0,128.0,508.0,468.0,3.0,6.0,7.0,5.0,6.0,4.0,2.0,1.0,Completed,2.1,1.72,2.1,1.65,2.1,1.73,2.24,1.71,2.27,1.77,2.14,1.71
WTA,2018,34,London,Wimbledon,2018-07-02,Grand Slam,Outdoor,Grass,1st Round,3,Petkovic A.,Zhang S.,95.0,31.0,673.0,1545.0,6.0,4.0,4.0,6.0,6.0,2.0,2.0,1.0,Completed,1.72,2.1,1.72,2.0,1.8,2.0,1.76,2.16,1.8,2.18,1.74,2.09
WTA,2018,34,London,Wimbledon,2018-07-02,Grand Slam,Outdoor,Grass,1st Round,3,Wickmayer Y.,Barthel M.,101.0,118.0,642.0,516.0,7.0,5.0,6.0,4.0,,,2.0,0.0,Completed,2.37,1.57,2.3,1.55,2.25,1.61,2.5,1.59,2.5,1.63,2.39,1.58
WTA,2018,34,London,Wimbledon,2018-07-02,Grand Slam,Outdoor,Grass,1st Round,3,Dulgheru A.,Pliskova Kr.,141.0,77.0,422.0,815.0,6.0,4.0,1.0,6.0,6.0,2.0,2.0,1.0,Completed,4.5,1.2,4.2,1.19,4.33,1.22,4.67,1.23,4.8,1.26,4.47,1.21
WTA,2018,34,London,Wimbledon,2018-07-02,Grand Slam,Outdoor,Grass,1st Round,3,Pliskova Ka.,Dart H.,8.0,171.0,4315.0,342.0,7.0,6.0,2.0,6.0,6.0,1.0,2.0,1.0,Completed,1.12,6.0,1.1,5.9,1.12,6.0,1.11,7.56,1.15,7.56,1.12,6.41
WTA,2018,34,London,Wimbledon,2018-07-02,Grand Slam,Outdoor,Grass,1st Round,3,Cirstea S.,Rybarikova M.,51.0,19.0,1036.0,2310.0,7.0,5.0,6.0,3.0,,,2.0,0.0,Completed,4.0,1.25,3.65,1.24,3.75,1.28,3.99,1.28,4.25,1.3,3.91,1.26
WTA,2018,34,London,Wimbledon,2018-07-02,Grand Slam,Outdoor,Grass,1st Round,3,Vekic D.,Stephens S.,55.0,4.0,1010.0,5463.0,6.0,1.0,6.0,3.0,,,2.0,0.0,Completed,2.37,1.57,2.35,1.53,2.37,1.57,2.61,1.55,2.61,1.65,2.41,1.57
WTA,2018,34,London,Wimbledon,2018-07-02,Grand Slam,Outdoor,Grass,1st Round,3,Giorgi C.,Sevastova A.,52.0,21.0,1016.0,2005.0,6.0,1.0,2.0,6.0,6.0,4.0,2.0,1.0,Completed,1.8,2.0,1.75,1.95,1.73,2.1,1.8,2.11,1.92,2.11,1.81,2.0
WTA,2018,34,London,Wimbledon,2018-07-02,Grand Slam,Outdoor,Grass,1st Round,3,Keys M.,Tomljanovic A.,11.0,65.0,3536.0,910.0,6.0,4.0,6.0,2.0,,,2.0,0.0,Completed,1.33,3.4,1.32,3.1,1.36,3.25,1.38,3.26,1.45,3.4,1.35,3.21
WTA,2018,34,London,Wimbledon,2018-07-02,Grand Slam,Outdoor,Grass,1st Round,3,Makarova E.,Martic P.,35.0,43.0,1330.0,1186.0,7.0,6.0,2.0,6.0,6.0,3.0,2.0,1.0,Completed,2.0,1.8,1.9,1.8,1.91,1.91,1.98,1.9,2.02,1.92,1.94,1.86
WTA,2018,34,London,Wimbledon,2018-07-02,Grand Slam,Outdoor,Grass,1st Round,3,Kumkhum L.,Pera B.,91.0,71.0,700.0,874.0,4.0,6.0,6.0,2.0,6.0,3.0,2.0,1.0,Completed,2.0,1.8,1.85,1.85,1.91,1.91,1.92,1.97,2.0,2.01,1.88,1.92
WTA,2018,34,London,Wimbledon,2018-07-02,Grand Slam,Outdoor,Grass,1st Round,3,Williams V.,Larsson J.,9.0,58.0,3971.0,933.0,6.0,7.0,6.0,2.0,6.0,1.0,2.0,1.0,Completed,1.2,4.5,1.2,4.1,1.22,4.0,1.23,4.59,1.25,4.78,1.21,4.41
WTA,2018,34,London,Wimbledon,2018-07-02,Grand Slam,Outdoor,Grass,1st Round,3,Azarenka V.,Alexandrova E.,87.0,110.0,771.0,594.0,7.0,6.0,6.0,3.0,,,2.0,0.0,Completed,1.25,4.0,1.24,3.65,1.25,4.0,1.27,4.15,1.3,4.15,1.26,3.88
WTA,2018,34,London,Wimbledon,2018-07-02,Grand Slam,Outdoor,Grass,1st Round,3,Peterson R.,Kuzmova V.,78.0,69.0,814.0,893.0,7.0,6.0,7.0,6.0,,,2.0,0.0,Completed,2.37,1.57,2.25,1.57,2.2,1.67,2.36,1.65,2.45,1.68,2.32,1.62
WTA,2018,34,London,Wimbledon,2018-07-02,Grand Slam,Outdoor,Grass,1st Round,3,Wozniacki C.,Lepchenko V.,2.0,97.0,6910.0,663.0,6.0,0.0,6.0,3.0,,,2.0,0.0,Completed,1.06,11.0,1.03,9.0,1.05,10.0,1.06,11.59,1.08,13.0,1.05,10.55
WTA,2018,34,London,Wimbledon,2018-07-02,Grand Slam,Outdoor,Grass,1st Round,3,Bertens K.,Stefkova B.,20.0,717.0,2090.0,26.0,6.0,3.0,6.0,2.0,,,2.0,0.0,Completed,1.25,4.0,1.21,3.95,1.25,4.0,1.21,4.86,1.25,4.86,1.22,4.42
WTA,2018,34,London,Wimbledon,2018-07-02,Grand Slam,Outdoor,Grass,1st Round,3,Brengle M.,Krunic A.,108.0,39.0,600.0,1210.0,2.0,6.0,6.0,3.0,6.0,3.0,2.0,1.0,Completed,4.33,1.22,3.75,1.23,4.0,1.25,4.44,1.24,4.44,1.27,4.13,1.24
WTA,2018,34,London,Wimbledon,2018-07-02,Grand Slam,Outdoor,Grass,1st Round,3,Blinkova A.,Wang Yaf.,107.0,84.0,603.0,782.0,6.0,7.0,6.0,4.0,6.0,4.0,2.0,1.0,Completed,1.44,2.75,1.42,2.65,1.44,2.75,1.48,2.84,1.5,2.84,1.46,2.73
WTA,2018,34,London,Wimbledon,2018-07-02,Grand Slam,Outdoor,Grass,1st Round,3,Williams S.,Rus A.,181.0,105.0,315.0,621.0,7.0,5.0,6.0,3.0,,,2.0,0.0,Completed,1.08,9.0,1.07,7.0,1.08,7.5,1.06,11.37,1.09,11.37,1.08,8.44
WTA,2018,34,London,Wimbledon,2018-07-02,Grand Slam,Outdoor,Grass,1st Round,3,Swan K.,Begu I.,204.0,36.0,263.0,1305.0,6.0,2.0,6.0,2.0,,,2.0,0.0,Completed,2.75,1.44,2.65,1.42,2.75,1.44,2.76,1.5,2.87,1.5,2.71,1.47
WTA,2018,34,London,Wimbledon,2018-07-02,Grand Slam,Outdoor,Grass,1st Round,3,Mladenovic K.,Schmiedlova A.,62.0,89.0,926.0,741.0,5.0,7.0,6.0,2.0,6.0,2.0,2.0,1.0,Completed,1.36,3.2,1.33,3.05,1.36,3.25,1.38,3.27,1.39,3.5,1.35,3.21
WTA,2018,34,London,Wimbledon,2018-07-02,Grand Slam,Outdoor,Grass,1st Round,3,Siniakova K.,Vandeweghe C.,42.0,16.0,1190.0,2603.0,6.0,7.0,6.0,3.0,8.0,6.0,2.0,1.0,Completed,3.75,1.28,3.6,1.25,4.0,1.25,3.87,1.3,4.1,1.31,3.8,1.27
WTA,2018,34,London,Wimbledon,2018-07-02,Grand Slam,Outdoor,Grass,1st Round,3,Tsurenko L.,Babos T.,34.0,38.0,1355.0,1300.0,7.0,5.0,6.0,2.0,,,2.0,0.0,Completed,1.53,2.5,1.5,2.4,1.53,2.5,1.58,2.51,1.64,2.55,1.55,2.45
WTA,2018,34,London,Wimbledon,2018-07-02,Grand Slam,Outdoor,Grass,1st Round,3,Radwanska A.,Ruse E.G.,30.0,195.0,1580.0,280.0,6.0,3.0,4.0,6.0,7.0,5.0,2.0,1.0,Completed,1.1,8.0,1.09,6.25,1.12,6.0,1.11,7.74,1.13,8.86,1.09,7.47
WTA,2018,34,London,Wimbledon,2018-07-02,Grand Slam,Outdoor,Grass,1st Round,3,Tomova V.,Smitkova T.,135.0,168.0,439.0,349.0,7.0,6.0,6.0,1.0,,,2.0,0.0,Completed,2.75,1.44,2.65,1.42,2.62,1.5,2.73,1.51,2.87,1.51,2.75,1.46
WTA,2018,34,London,Wimbledon,2018-07-02,Grand Slam,Outdoor,Grass,1st Round,3,Strycova B.,Kuznetsova S.,23.0,68.0,1915.0,894.0,7.0,6.0,7.0,5.0,,,2.0,0.0,Completed,1.4,3.0,1.37,2.85,1.4,3.0,1.43,3.06,1.47,3.4,1.4,2.98
WTA,2018,34,London,Wimbledon,2018-07-02,Grand Slam,Outdoor,Grass,1st Round,3,Goerges J.,Puig M.,13.0,72.0,3210.0,870.0,6.0,4.0,7.0,6.0,,,2.0,0.0,Completed,1.25,3.75,1.25,3.6,1.25,4.0,1.27,4.13,1.3,4.25,1.26,3.9
WTA,2018,34,London,Wimbledon,2018-07-02,Grand Slam,Outdoor,Grass,1st Round,3,Jabeur O.,Golubic V.,130.0,99.0,464.0,659.0,2.0,6.0,6.0,3.0,6.0,3.0,2.0,1.0,Completed,1.5,2.62,1.45,2.55,1.53,2.5,1.5,2.76,1.55,2.83,1.48,2.68
WTA,2018,34,London,Wimbledon,2018-07-02,Grand Slam,Outdoor,Grass,1st Round,3,Maria T.,Svitolina E.,57.0,5.0,935.0,5250.0,7.0,6.0,4.0,6.0,6.0,1.0,2.0,1.0,Completed,4.5,1.2,4.4,1.17,4.5,1.2,5.11,1.2,5.2,1.22,4.78,1.19
WTA,2018,34,London,Wimbledon,2018-07-02,Grand Slam,Outdoor,Grass,1st Round,3,Safarova L.,Bondarenko K.,66.0,79.0,904.0,812.0,6.0,4.0,6.0,4.0,,,2.0,0.0,Completed,1.44,2.75,1.42,2.65,1.44,2.75,1.45,2.92,1.49,2.92,1.44,2.77
WTA,2018,34,London,Wimbledon,2018-07-02,Grand Slam,Outdoor,Grass,1st Round,3,Buzarnescu M.,Sabalenka A.,28.0,32.0,1648.0,1430.0,6.0,7.0,6.0,1.0,6.0,4.0,2.0,1.0,Completed,2.0,1.8,1.9,1.8,1.91,1.91,1.97,1.92,2.01,1.95,1.95,1.86
WTA,2018,34,London,Wimbledon,2018-07-03,Grand Slam,Outdoor,Grass,1st Round,3,Arruabarrena L.,Bogdan A.,88.0,59.0,756.0,931.0,6.0,1.0,3.0,6.0,8.0,6.0,2.0,1.0,Completed,1.72,2.1,1.72,2.0,1.8,2.0,1.81,2.09,1.85,2.2,1.75,2.08
WTA,2018,34,London,Wimbledon,2018-07-03,Grand Slam,Outdoor,Grass,1st Round,3,Barty A.,Voegele S.,17.0,93.0,2435.0,698.0,7.0,5.0,6.0,3.0,,,2.0,0.0,Completed,1.06,11.0,1.04,8.5,1.06,9.0,1.05,13.07,1.08,13.07,1.05,10.49
WTA,2018,34,London,Wimbledon,2018-07-03,Grand Slam,Outdoor,Grass,1st Round,3,Cibulkova D.,Cornet A.,33.0,44.0,1385.0,1180.0,7.0,6.0,6.0,1.0,,,2.0,0.0,Completed,1.4,3.0,1.38,2.8,1.4,3.0,1.44,2.99,1.44,3.07,1.41,2.92
WTA,2018,34,London,Wimbledon,2018-07-03,Grand Slam,Outdoor,Grass,1st Round,3,Gavrilova D.,Dolehide C.,25.0,109.0,1765.0,597.0,6.0,2.0,6.0,3.0,,,2.0,0.0,Completed,1.4,3.0,1.4,2.75,1.44,2.75,1.42,3.08,1.46,3.13,1.41,2.94
WTA,2018,34,London,Wimbledon,2018-07-03,Grand Slam,Outdoor,Grass,1st Round,3,Hsieh S.W.,Pavlyuchenkova A.,48.0,29.0,1075.0,1596.0,6.0,4.0,4.0,6.0,6.0,3.0,2.0,1.0,Completed,2.2,1.66,2.0,1.72,2.0,1.8,2.12,1.79,2.2,1.8,2.11,1.73
WTA,2018,34,London,Wimbledon,2018-07-03,Grand Slam,Outdoor,Grass,1st Round,3,Liu C.,Konjuh A.,237.0,137.0,220.0,430.0,6.0,2.0,6.0,7.0,6.0,3.0,2.0,1.0,Completed,2.0,1.8,1.9,1.8,2.0,1.8,2.09,1.81,2.16,1.88,2.03,1.79
WTA,2018,34,London,Wimbledon,2018-07-03,Grand Slam,Outdoor,Grass,1st Round,3,Konta J.,Vikhlyantseva N.,24.0,103.0,1866.0,625.0,7.0,5.0,7.0,6.0,,,2.0,0.0,Completed,1.16,5.0,1.15,4.75,1.17,5.0,1.18,5.54,1.19,5.61,1.17,5.12
WTA,2018,34,London,Wimbledon,2018-07-03,Grand Slam,Outdoor,Grass,1st Round,3,Stosur S.,Peng S.,86.0,40.0,775.0,1208.0,6.0,4.0,7.0,5.0,,,2.0,0.0,Completed,1.66,2.2,1.65,2.1,1.73,2.1,1.68,2.29,1.77,2.29,1.68,2.19
WTA,2018,34,London,Wimbledon,2018-07-03,Grand Slam,Outdoor,Grass,1st Round,3,Muguruza G.,Broady N.,3.0,138.0,6550.0,425.0,6.0,2.0,7.0,5.0,,,2.0,0.0,Completed,1.05,12.0,1.03,9.0,1.05,11.0,1.05,12.64,1.08,13.54,1.05,10.76
WTA,2018,34,London,Wimbledon,2018-07-03,Grand Slam,Outdoor,Grass,1st Round,3,Lapko V.,Mchale C.,82.0,90.0,797.0,738.0,5.0,7.0,7.0,5.0,7.0,5.0,2.0,1.0,Completed,1.53,2.5,1.53,2.35,1.53,2.5,1.57,2.55,1.61,2.61,1.54,2.47
WTA,2018,34,London,Wimbledon,2018-07-03,Grand Slam,Outdoor,Grass,1st Round,3,Kontaveit A.,Allertova D.,27.0,98.0,1656.0,660.0,6.0,2.0,6.0,2.0,,,2.0,0.0,Completed,1.25,4.0,1.23,3.75,1.22,4.33,1.27,4.1,1.29,4.2,1.25,3.99
WTA,2018,34,London,Wimbledon,2018-07-03,Grand Slam,Outdoor,Grass,1st Round,3,Kerber A.,Zvonareva V.,10.0,142.0,3545.0,414.0,7.0,5.0,6.0,3.0,,,2.0,0.0,Completed,1.11,7.0,1.09,6.25,1.12,6.0,1.09,8.91,1.13,8.91,1.11,6.81
WTA,2018,34,London,Wimbledon,2018-07-03,Grand Slam,Outdoor,Grass,1st Round,3,Van Uytvanck A.,Hercog P.,47.0,64.0,1088.0,910.0,6.0,2.0,6.0,2.0,,,2.0,0.0,Completed,1.5,2.62,1.45,2.55,1.44,2.75,1.49,2.79,1.55,2.82,1.47,2.68
WTA,2018,34,London,Wimbledon,2018-07-03,Grand Slam,Outdoor,Grass,1st Round,3,Brady J.,Kozlova K.,74.0,67.0,862.0,900.0,6.0,2.0,6.0,7.0,6.0,2.0,2.0,1.0,Completed,1.53,2.5,1.5,2.4,1.53,2.5,1.54,2.64,1.57,2.69,1.51,2.56
WTA,2018,34,London,Wimbledon,2018-07-03,Grand Slam,Outdoor,Grass,1st Round,3,Bouchard E.,Taylor G.,188.0,180.0,300.0,316.0,6.0,0.0,4.0,6.0,6.0,3.0,2.0,1.0,Completed,1.25,4.0,1.25,3.6,1.3,3.5,1.31,3.78,1.31,4.2,1.27,3.8
WTA,2018,34,London,Wimbledon,2018-07-03,Grand Slam,Outdoor,Grass,1st Round,3,Sasnovich A.,Kvitova P.,50.0,7.0,1053.0,4610.0,6.0,4.0,4.0,6.0,6.0,0.0,2.0,1.0,Completed,11.0,1.06,8.5,1.04,9.0,1.06,12.23,1.06,13.0,1.08,10.6,1.05
WTA,2018,34,London,Wimbledon,2018-07-03,Grand Slam,Outdoor,Grass,1st Round,3,Zheng S.,Wang Q.,126.0,70.0,485.0,875.0,6.0,3.0,4.0,6.0,6.0,1.0,2.0,1.0,Completed,3.0,1.4,2.85,1.37,2.75,1.44,3.26,1.38,3.26,1.53,3.01,1.39
WTA,2018,34,London,Wimbledon,2018-07-03,Grand Slam,Outdoor,Grass,1st Round,3,Townsend T.,Parmentier P.,73.0,63.0,865.0,916.0,6.0,2.0,6.0,4.0,,,2.0,0.0,Completed,1.44,2.75,1.42,2.65,1.44,2.75,1.46,2.91,1.5,2.92,1.44,2.78
WTA,2018,34,London,Wimbledon,2018-07-03,Grand Slam,Outdoor,Grass,1st Round,3,Boulter K.,Cepede Royg V.,122.0,123.0,499.0,492.0,6.0,4.0,5.0,7.0,6.0,4.0,2.0,1.0,Completed,1.4,3.0,1.4,2.75,1.44,2.75,1.45,2.95,1.57,3.11,1.45,2.79
WTA,2018,34,London,Wimbledon,2018-07-03,Grand Slam,Outdoor,Grass,1st Round,3,Kenin S.,Sakkari M.,76.0,37.0,828.0,1300.0,6.0,4.0,1.0,6.0,6.0,1.0,2.0,1.0,Completed,2.1,1.72,2.1,1.65,2.1,1.73,2.18,1.75,2.2,1.77,2.12,1.72
WTA,2018,34,London,Wimbledon,2018-07-03,Grand Slam,Outdoor,Grass,1st Round,3,Halep S.,Nara K.,1.0,100.0,7871.0,645.0,6.0,2.0,6.0,4.0,,,2.0,0.0,Completed,1.1,8.0,1.07,7.0,1.1,7.0,1.07,10.91,1.1,10.91,1.08,7.88
WTA,2018,34,London,Wimbledon,2018-07-03,Grand Slam,Outdoor,Grass,1st Round,3,Bencic B.,Garcia C.,56.0,6.0,945.0,4960.0,7.0,6.0,6.0,3.0,,,2.0,0.0,Completed,3.2,1.36,2.95,1.35,3.0,1.4,3.08,1.42,3.24,1.42,3.07,1.38
WTA,2018,34,London,Wimbledon,2018-07-03,Grand Slam,Outdoor,Grass,1st Round,3,Riske A.,Duque-Marino M.,60.0,96.0,930.0,673.0,6.0,1.0,6.0,1.0,,,2.0,0.0,Completed,1.16,5.0,1.17,4.4,1.2,4.5,1.2,5.11,1.22,5.32,1.18,4.82
WTA,2018,34,London,Wimbledon,2018-07-03,Grand Slam,Outdoor,Grass,1st Round,3,Osaka N.,Niculescu M.,18.0,61.0,2350.0,927.0,6.0,4.0,6.0,1.0,,,2.0,0.0,Completed,1.25,4.0,1.23,3.75,1.25,4.0,1.27,4.18,1.28,4.35,1.24,4.06
WTA,2018,34,London,Wimbledon,2018-07-03,Grand Slam,Outdoor,Grass,1st Round,3,Diatchenko V.,Sharapova M.,132.0,22.0,446.0,1943.0,6.0,7.0,7.0,6.0,6.0,4.0,2.0,1.0,Completed,6.0,1.12,5.4,1.12,5.5,1.14,6.67,1.14,6.67,1.15,6.02,1.13
WTA,2018,34,London,Wimbledon,2018-07-03,Grand Slam,Outdoor,Grass,1st Round,3,Sorribes Tormo S.,Kanepi K.,102.0,46.0,640.0,1165.0,7.0,6.0,6.0,1.0,,,2.0,0.0,Completed,4.0,1.25,3.65,1.24,4.0,1.25,4.17,1.27,4.24,1.29,3.99,1.25
WTA,2018,34,London,Wimbledon,2018-07-03,Grand Slam,Outdoor,Grass,1st Round,3,Mertens E.,Collins D.R.,15.0,41.0,2635.0,1205.0,6.0,3.0,6.0,2.0,,,2.0,0.0,Completed,1.22,4.33,1.23,3.75,1.28,3.75,1.26,4.29,1.3,4.43,1.24,4.05
WTA,2018,34,London,Wimbledon,2018-07-03,Grand Slam,Outdoor,Grass,1st Round,3,Putintseva Y.,Linette M.,53.0,80.0,1015.0,810.0,6.0,3.0,3.0,6.0,10.0,8.0,2.0,1.0,Completed,1.72,2.1,1.65,2.1,1.73,2.1,1.71,2.25,1.75,2.25,1.7,2.16
WTA,2018,34,London,Wimbledon,2018-07-03,Grand Slam,Outdoor,Grass,1st Round,3,Ostapenko J.,Dunne K.,12.0,212.0,3437.0,257.0,6.0,3.0,7.0,6.0,,,2.0,0.0,Completed,1.1,8.0,1.08,6.5,1.1,7.0,1.09,8.8,1.11,9.21,1.08,7.89
WTA,2018,34,London,Wimbledon,2018-07-03,Grand Slam,Outdoor,Grass,1st Round,3,Suarez Navarro C.,Witthoeft C.,26.0,81.0,1677.0,801.0,6.0,2.0,6.0,4.0,,,2.0,0.0,Completed,1.5,2.62,1.53,2.35,1.53,2.5,1.56,2.57,1.6,2.62,1.54,2.5
WTA,2018,34,London,Wimbledon,2018-07-03,Grand Slam,Outdoor,Grass,1st Round,3,Kasatkina D.,Fett J.,14.0,114.0,3165.0,561.0,6.0,2.0,7.0,5.0,,,2.0,0.0,Completed,1.14,5.5,1.12,5.4,1.17,5.0,1.12,7.53,1.17,7.53,1.13,5.93
WTA,2018,34,London,Wimbledon,2018-07-03,Grand Slam,Outdoor,Grass,1st Round,3,Flipkens K.,Watson H.,45.0,111.0,1178.0,577.0,6.0,4.0,7.0,5.0,,,2.0,0.0,Completed,1.53,2.5,1.47,2.5,1.5,2.62,1.49,2.81,1.57,2.81,1.5,2.61
WTA,2018,34,London,Wimbledon,2018-07-03,Grand Slam,Outdoor,Grass,1st Round,3,Vickery S.,Vondrousova M.,83.0,106.0,783.0,608.0,6.0,1.0,6.0,2.0,,,2.0,0.0,Completed,3.2,1.36,2.95,1.35,3.0,1.36,3.22,1.39,3.27,1.45,3.09,1.38
WTA,2018,34,London,Wimbledon,2018-07-04,Grand Slam,Outdoor,Grass,2nd Round,3,Rodina E.,Cirstea S.,120.0,51.0,508.0,1036.0,1.0,6.0,6.0,3.0,6.0,3.0,2.0,1.0,Completed,2.75,1.44,2.55,1.45,2.62,1.5,2.72,1.51,2.99,1.55,2.71,1.46
WTA,2018,34,London,Wimbledon,2018-07-04,Grand Slam,Outdoor,Grass,2nd Round,3,Keys M.,Kumkhum L.,11.0,91.0,3536.0,700.0,6.0,4.0,6.0,3.0,,,2.0,0.0,Completed,1.14,5.5,1.13,5.2,1.14,5.5,1.17,5.81,1.19,6.0,1.15,5.52
WTA,2018,34,London,Wimbledon,2018-07-04,Grand Slam,Outdoor,Grass,2nd Round,3,Vekic D.,Peterson R.,55.0,78.0,1010.0,814.0,7.0,5.0,6.0,4.0,,,2.0,0.0,Completed,1.36,3.2,1.33,3.05,1.36,3.25,1.38,3.28,1.41,3.32,1.36,3.15
WTA,2018,34,London,Wimbledon,2018-07-04,Grand Slam,Outdoor,Grass,2nd Round,3,Wickmayer Y.,Petkovic A.,101.0,95.0,642.0,673.0,6.0,4.0,6.0,3.0,,,2.0,0.0,Completed,2.25,1.61,2.2,1.6,2.2,1.67,2.38,1.64,2.38,1.72,2.27,1.64
WTA,2018,34,London,Wimbledon,2018-07-04,Grand Slam,Outdoor,Grass,2nd Round,3,Buzarnescu M.,Swan K.,28.0,204.0,1648.0,263.0,6.0,0.0,6.0,3.0,,,2.0,0.0,Completed,1.25,4.0,1.22,3.85,1.25,4.0,1.22,4.79,1.28,4.79,1.23,4.19
WTA,2018,34,London,Wimbledon,2018-07-04,Grand Slam,Outdoor,Grass,2nd Round,3,Williams V.,Dulgheru A.,9.0,141.0,3971.0,422.0,4.0,6.0,6.0,0.0,6.0,1.0,2.0,1.0,Completed,1.12,6.0,1.11,5.6,1.12,6.0,1.14,6.49,1.15,7.24,1.12,6.24
WTA,2018,34,London,Wimbledon,2018-07-04,Grand Slam,Outdoor,Grass,2nd Round,3,Pliskova Ka.,Azarenka V.,8.0,87.0,4315.0,771.0,6.0,3.0,6.0,3.0,,,2.0,0.0,Completed,1.72,2.1,1.72,2.0,1.73,2.1,1.74,2.2,1.77,2.26,1.71,2.14
WTA,2018,34,London,Wimbledon,2018-07-04,Grand Slam,Outdoor,Grass,2nd Round,3,Safarova L.,Radwanska A.,66.0,30.0,904.0,1580.0,7.0,5.0,6.0,4.0,,,2.0,0.0,Completed,1.8,2.0,1.75,1.95,1.8,2.0,1.89,2.0,1.92,2.1,1.81,2.0
WTA,2018,34,London,Wimbledon,2018-07-04,Grand Slam,Outdoor,Grass,2nd Round,3,Bertens K.,Blinkova A.,20.0,107.0,2090.0,603.0,6.0,4.0,6.0,0.0,,,2.0,0.0,Completed,1.44,2.75,1.38,2.8,1.4,3.0,1.4,3.18,1.45,3.18,1.39,2.99
WTA,2018,34,London,Wimbledon,2018-07-04,Grand Slam,Outdoor,Grass,2nd Round,3,Giorgi C.,Brengle M.,52.0,108.0,1016.0,600.0,6.0,4.0,6.0,4.0,,,2.0,0.0,Completed,1.28,3.75,1.27,3.45,1.28,3.75,1.29,3.94,1.32,4.05,1.28,3.75
WTA,2018,34,London,Wimbledon,2018-07-04,Grand Slam,Outdoor,Grass,2nd Round,3,Makarova E.,Wozniacki C.,35.0,2.0,1330.0,6910.0,6.0,4.0,1.0,6.0,7.0,5.0,2.0,1.0,Completed,6.0,1.12,5.4,1.12,5.5,1.14,5.91,1.16,6.69,1.16,5.8,1.14
WTA,2018,34,London,Wimbledon,2018-07-04,Grand Slam,Outdoor,Grass,2nd Round,3,Goerges J.,Lapko V.,13.0,82.0,3210.0,797.0,6.0,2.0,3.0,6.0,6.0,2.0,2.0,1.0,Completed,1.33,3.4,1.3,3.2,1.33,3.25,1.34,3.57,1.38,4.1,1.33,3.35
WTA,2018,34,London,Wimbledon,2018-07-04,Grand Slam,Outdoor,Grass,2nd Round,3,Williams S.,Tomova V.,181.0,135.0,315.0,439.0,6.0,1.0,6.0,4.0,,,2.0,0.0,Completed,1.06,11.0,1.05,7.75,1.07,8.0,1.06,11.59,1.07,12.63,1.05,10.41
WTA,2018,34,London,Wimbledon,2018-07-04,Grand Slam,Outdoor,Grass,2nd Round,3,Mladenovic K.,Maria T.,62.0,57.0,926.0,935.0,6.0,2.0,6.0,2.0,,,2.0,0.0,Completed,1.9,1.9,1.85,1.85,1.91,1.91,2.02,1.87,2.1,2.15,1.93,1.89
WTA,2018,34,London,Wimbledon,2018-07-05,Grand Slam,Outdoor,Grass,2nd Round,3,Barty A.,Bouchard E.,17.0,188.0,2435.0,300.0,6.0,4.0,7.0,5.0,,,2.0,0.0,Completed,1.2,4.5,1.18,4.3,1.2,4.5,1.21,4.9,1.25,4.9,1.21,4.48
WTA,2018,34,London,Wimbledon,2018-07-05,Grand Slam,Outdoor,Grass,2nd Round,3,Osaka N.,Boulter K.,18.0,122.0,2350.0,499.0,6.0,3.0,6.0,4.0,,,2.0,0.0,Completed,1.12,6.0,1.12,5.4,1.14,5.5,1.15,6.16,1.18,6.4,1.14,5.63
WTA,2018,34,London,Wimbledon,2018-07-05,Grand Slam,Outdoor,Grass,2nd Round,3,Gavrilova D.,Stosur S.,25.0,86.0,1765.0,775.0,6.0,4.0,6.0,1.0,,,2.0,0.0,Completed,1.8,2.0,1.72,2.0,1.73,2.1,1.81,2.09,1.83,2.11,1.79,2.03
WTA,2018,34,London,Wimbledon,2018-07-05,Grand Slam,Outdoor,Grass,2nd Round,3,Kerber A.,Liu C.,10.0,237.0,3545.0,220.0,3.0,6.0,6.0,2.0,6.0,4.0,2.0,1.0,Completed,1.05,12.0,1.03,9.0,1.05,10.0,1.03,16.56,1.07,16.56,1.04,11.1
WTA,2018,34,London,Wimbledon,2018-07-05,Grand Slam,Outdoor,Grass,2nd Round,3,Strycova B.,Tsurenko L.,23.0,34.0,1915.0,1355.0,6.0,1.0,6.0,4.0,,,2.0,0.0,Completed,1.44,2.75,1.42,2.65,1.44,2.75,1.47,2.85,1.54,2.85,1.45,2.76
WTA,2018,34,London,Wimbledon,2018-07-05,Grand Slam,Outdoor,Grass,2nd Round,3,Siniakova K.,Jabeur O.,42.0,130.0,1190.0,464.0,5.0,7.0,6.0,4.0,9.0,7.0,2.0,1.0,Completed,1.57,2.37,1.55,2.3,1.57,2.37,1.6,2.47,1.65,2.47,1.59,2.38
WTA,2018,34,London,Wimbledon,2018-07-05,Grand Slam,Outdoor,Grass,2nd Round,3,Hsieh S.W.,Arruabarrena L.,48.0,88.0,1075.0,756.0,6.0,3.0,6.0,3.0,,,2.0,0.0,Completed,1.33,3.4,1.3,3.2,1.33,3.4,1.33,3.58,1.4,3.61,1.32,3.39
WTA,2018,34,London,Wimbledon,2018-07-05,Grand Slam,Outdoor,Grass,2nd Round,3,Suarez Navarro C.,Sorribes Tormo S.,26.0,102.0,1677.0,640.0,6.0,4.0,6.0,1.0,,,2.0,0.0,Completed,1.4,3.0,1.38,2.8,1.44,2.75,1.4,3.16,1.42,3.21,1.39,3.01
WTA,2018,34,London,Wimbledon,2018-07-05,Grand Slam,Outdoor,Grass,2nd Round,3,Mertens E.,Vickery S.,15.0,83.0,2635.0,783.0,6.0,1.0,6.0,3.0,,,2.0,0.0,Completed,1.2,4.5,1.18,4.3,1.2,4.5,1.19,5.32,1.23,5.32,1.21,4.5
WTA,2018,34,London,Wimbledon,2018-07-05,Grand Slam,Outdoor,Grass,2nd Round,3,Kasatkina D.,Putintseva Y.,14.0,53.0,3165.0,1015.0,6.0,2.0,6.0,3.0,,,2.0,0.0,Completed,1.28,3.75,1.25,3.6,1.28,3.75,1.24,4.44,1.31,4.44,1.27,3.79
WTA,2018,34,London,Wimbledon,2018-07-05,Grand Slam,Outdoor,Grass,2nd Round,3,Bencic B.,Riske A.,56.0,60.0,945.0,930.0,1.0,6.0,7.0,6.0,6.0,2.0,2.0,1.0,Completed,2.2,1.66,2.15,1.62,2.2,1.67,2.22,1.73,2.34,1.76,2.21,1.67
WTA,2018,34,London,Wimbledon,2018-07-05,Grand Slam,Outdoor,Grass,2nd Round,3,Halep S.,Zheng S.,1.0,126.0,7871.0,485.0,7.0,5.0,6.0,0.0,,,2.0,0.0,Completed,1.08,9.0,1.06,7.25,1.07,8.0,1.07,10.35,1.1,10.35,1.07,8.73
WTA,2018,34,London,Wimbledon,2018-07-05,Grand Slam,Outdoor,Grass,2nd Round,3,Diatchenko V.,Kenin S.,132.0,76.0,446.0,828.0,6.0,4.0,6.0,1.0,,,2.0,0.0,Completed,2.5,1.53,2.4,1.5,2.5,1.53,2.66,1.53,2.66,1.58,2.54,1.52
WTA,2018,34,London,Wimbledon,2018-07-05,Grand Slam,Outdoor,Grass,2nd Round,3,Cibulkova D.,Konta J.,33.0,24.0,1385.0,1866.0,6.0,3.0,6.0,4.0,,,2.0,0.0,Completed,2.75,1.44,2.75,1.4,3.0,1.4,3.0,1.44,3.15,1.48,2.94,1.41
WTA,2018,34,London,Wimbledon,2018-07-05,Grand Slam,Outdoor,Grass,2nd Round,3,Sasnovich A.,Townsend T.,50.0,73.0,1053.0,865.0,6.0,0.0,6.0,4.0,,,2.0,0.0,Completed,1.66,2.2,1.65,2.1,1.67,2.2,1.76,2.17,1.77,2.3,1.71,2.15
WTA,2018,34,London,Wimbledon,2018-07-05,Grand Slam,Outdoor,Grass,2nd Round,3,Kontaveit A.,Brady J.,27.0,74.0,1656.0,862.0,6.0,2.0,7.0,6.0,,,2.0,0.0,Completed,1.3,3.5,1.28,3.35,1.33,3.4,1.31,3.78,1.37,3.78,1.32,3.4
WTA,2018,34,London,Wimbledon,2018-07-05,Grand Slam,Outdoor,Grass,2nd Round,3,Ostapenko J.,Flipkens K.,12.0,45.0,3437.0,1178.0,6.0,1.0,6.0,3.0,,,2.0,0.0,Completed,2.1,1.72,2.0,1.72,2.0,1.8,2.0,1.89,2.26,1.89,2.08,1.76
WTA,2018,34,London,Wimbledon,2018-07-05,Grand Slam,Outdoor,Grass,2nd Round,3,Van Uytvanck A.,Muguruza G.,47.0,3.0,1088.0,6550.0,5.0,7.0,6.0,2.0,6.0,1.0,2.0,1.0,Completed,4.0,1.25,4.1,1.2,4.33,1.22,4.29,1.26,4.5,1.28,4.15,1.23
WTA,2018,34,London,Wimbledon,2018-07-06,Grand Slam,Outdoor,Grass,3rd Round,3,Rodina E.,Keys M.,120.0,11.0,508.0,3536.0,7.0,5.0,5.0,7.0,6.0,4.0,2.0,1.0,Completed,7.0,1.1,5.9,1.1,6.0,1.12,7.38,1.13,7.4,1.16,6.37,1.12
WTA,2018,34,London,Wimbledon,2018-07-06,Grand Slam,Outdoor,Grass,3rd Round,3,Makarova E.,Safarova L.,35.0,66.0,1330.0,904.0,4.0,6.0,6.0,4.0,6.0,1.0,2.0,1.0,Completed,2.37,1.57,2.3,1.55,2.37,1.57,2.51,1.6,2.53,1.65,2.4,1.58
WTA,2018,34,London,Wimbledon,2018-07-06,Grand Slam,Outdoor,Grass,3rd Round,3,Giorgi C.,Siniakova K.,52.0,42.0,1016.0,1190.0,3.0,6.0,7.0,6.0,6.0,2.0,2.0,1.0,Completed,1.5,2.62,1.47,2.5,1.5,2.62,1.55,2.64,1.57,2.7,1.51,2.58
WTA,2018,34,London,Wimbledon,2018-07-06,Grand Slam,Outdoor,Grass,3rd Round,3,Goerges J.,Strycova B.,13.0,23.0,3210.0,1915.0,7.0,6.0,3.0,6.0,10.0,8.0,2.0,1.0,Completed,2.2,1.66,2.1,1.65,2.1,1.73,2.27,1.71,2.3,1.76,2.17,1.7
WTA,2018,34,London,Wimbledon,2018-07-06,Grand Slam,Outdoor,Grass,3rd Round,3,Vekic D.,Wickmayer Y.,55.0,101.0,1010.0,642.0,7.0,6.0,6.0,1.0,,,2.0,0.0,Completed,1.36,3.2,1.32,3.1,1.36,3.25,1.36,3.44,1.38,3.48,1.34,3.28
WTA,2018,34,London,Wimbledon,2018-07-06,Grand Slam,Outdoor,Grass,3rd Round,3,Bertens K.,Williams V.,20.0,9.0,2090.0,3971.0,6.0,2.0,6.0,7.0,8.0,6.0,2.0,1.0,Completed,2.5,1.53,2.35,1.53,2.5,1.53,2.5,1.6,2.6,1.61,2.45,1.56
WTA,2018,34,London,Wimbledon,2018-07-06,Grand Slam,Outdoor,Grass,3rd Round,3,Williams S.,Mladenovic K.,181.0,62.0,315.0,926.0,7.0,5.0,7.0,6.0,,,2.0,0.0,Completed,1.22,4.33,1.21,3.95,1.25,4.0,1.29,4.05,1.29,4.75,1.23,4.19
WTA,2018,34,London,Wimbledon,2018-07-06,Grand Slam,Outdoor,Grass,3rd Round,3,Pliskova Ka.,Buzarnescu M.,8.0,28.0,4315.0,1648.0,3.0,6.0,7.0,6.0,6.0,1.0,2.0,1.0,Completed,1.44,2.75,1.42,2.65,1.44,2.75,1.45,3.0,1.48,3.01,1.43,2.84
WTA,2018,34,London,Wimbledon,2018-07-07,Grand Slam,Outdoor,Grass,3rd Round,3,Kasatkina D.,Barty A.,14.0,17.0,3165.0,2435.0,7.0,5.0,6.0,3.0,,,2.0,0.0,Completed,2.75,1.44,2.65,1.42,2.75,1.44,2.8,1.5,2.85,1.52,2.69,1.47
WTA,2018,34,London,Wimbledon,2018-07-07,Grand Slam,Outdoor,Grass,3rd Round,3,Van Uytvanck A.,Kontaveit A.,47.0,27.0,1088.0,1656.0,6.0,2.0,6.0,3.0,,,2.0,0.0,Completed,2.1,1.72,2.1,1.65,2.1,1.73,2.21,1.75,2.25,1.75,2.16,1.7
WTA,2018,34,London,Wimbledon,2018-07-07,Grand Slam,Outdoor,Grass,3rd Round,3,Hsieh S.W.,Halep S.,48.0,1.0,1075.0,7871.0,3.0,6.0,6.0,4.0,7.0,5.0,2.0,1.0,Completed,5.5,1.14,5.0,1.14,5.0,1.17,5.8,1.17,6.0,1.21,5.33,1.16
WTA,2018,34,London,Wimbledon,2018-07-07,Grand Slam,Outdoor,Grass,3rd Round,3,Ostapenko J.,Diatchenko V.,12.0,132.0,3437.0,446.0,6.0,0.0,6.0,4.0,,,2.0,0.0,Completed,1.25,4.0,1.23,3.75,1.25,4.0,1.26,4.35,1.29,4.41,1.24,4.09
WTA,2018,34,London,Wimbledon,2018-07-07,Grand Slam,Outdoor,Grass,3rd Round,3,Bencic B.,Suarez Navarro C.,56.0,26.0,945.0,1677.0,6.0,1.0,7.0,6.0,,,2.0,0.0,Completed,1.66,2.2,1.6,2.2,1.61,2.25,1.65,2.38,1.74,2.42,1.64,2.28
WTA,2018,34,London,Wimbledon,2018-07-07,Grand Slam,Outdoor,Grass,3rd Round,3,Cibulkova D.,Mertens E.,33.0,15.0,1385.0,2635.0,6.0,2.0,6.0,2.0,,,2.0,0.0,Completed,2.0,1.8,1.9,1.8,1.91,1.91,2.14,1.79,2.14,1.97,1.98,1.84
WTA,2018,34,London,Wimbledon,2018-07-07,Grand Slam,Outdoor,Grass,3rd Round,3,Sasnovich A.,Gavrilova D.,50.0,25.0,1053.0,1765.0,6.0,3.0,6.0,1.0,,,2.0,0.0,Completed,2.2,1.66,2.2,1.6,2.25,1.61,2.3,1.69,2.35,1.72,2.26,1.65
WTA,2018,34,London,Wimbledon,2018-07-07,Grand Slam,Outdoor,Grass,3rd Round,3,Kerber A.,Osaka N.,10.0,18.0,3545.0,2350.0,6.0,2.0,6.0,4.0,,,2.0,0.0,Completed,1.5,2.62,1.47,2.5,1.5,2.62,1.54,2.67,1.58,2.67,1.51,2.57
WTA,2018,34,London,Wimbledon,2018-07-09,Grand Slam,Outdoor,Grass,4th Round,3,Giorgi C.,Makarova E.,52.0,35.0,1016.0,1330.0,6.0,3.0,6.0,4.0,,,2.0,0.0,Completed,2.1,1.72,2.0,1.72,2.0,1.8,1.95,1.95,2.13,1.95,2.03,1.81
WTA,2018,34,London,Wimbledon,2018-07-09,Grand Slam,Outdoor,Grass,4th Round,3,Cibulkova D.,Hsieh S.W.,33.0,48.0,1385.0,1075.0,6.0,4.0,6.0,1.0,,,2.0,0.0,Completed,1.4,3.0,1.42,2.65,1.5,2.62,1.48,2.86,1.55,3.0,1.46,2.74
WTA,2018,34,London,Wimbledon,2018-07-09,Grand Slam,Outdoor,Grass,4th Round,3,Ostapenko J.,Sasnovich A.,12.0,50.0,3437.0,1053.0,7.0,6.0,6.0,0.0,,,2.0,0.0,Completed,1.36,3.2,1.37,2.85,1.4,2.75,1.4,3.2,1.44,3.32,1.4,3.02
WTA,2018,34,London,Wimbledon,2018-07-09,Grand Slam,Outdoor,Grass,4th Round,3,Bertens K.,Pliskova Ka.,20.0,8.0,2090.0,4315.0,6.0,3.0,7.0,6.0,,,2.0,0.0,Completed,2.75,1.44,2.5,1.47,2.62,1.5,2.7,1.53,2.87,1.53,2.69,1.48
WTA,2018,34,London,Wimbledon,2018-07-09,Grand Slam,Outdoor,Grass,4th Round,3,Kerber A.,Bencic B.,10.0,56.0,3545.0,945.0,6.0,3.0,7.0,6.0,,,2.0,0.0,Completed,1.4,3.0,1.35,2.95,1.4,3.0,1.4,3.2,1.42,3.3,1.38,3.1
WTA,2018,34,London,Wimbledon,2018-07-09,Grand Slam,Outdoor,Grass,4th Round,3,Goerges J.,Vekic D.,13.0,55.0,3210.0,1010.0,6.0,3.0,6.0,2.0,,,2.0,0.0,Completed,1.8,2.0,1.8,1.9,1.91,1.91,1.81,2.12,1.89,2.12,1.82,2.0
WTA,2018,34,London,Wimbledon,2018-07-09,Grand Slam,Outdoor,Grass,4th Round,3,Kasatkina D.,Van Uytvanck A.,14.0,47.0,3165.0,1088.0,6.0,7.0,6.0,3.0,6.0,2.0,2.0,1.0,Completed,1.57,2.37,1.6,2.2,1.67,2.2,1.67,2.36,1.69,2.4,1.63,2.31
WTA,2018,34,London,Wimbledon,2018-07-09,Grand Slam,Outdoor,Grass,4th Round,3,Williams S.,Rodina E.,181.0,120.0,315.0,508.0,6.0,2.0,6.0,2.0,,,2.0,0.0,Completed,1.08,9.0,1.06,7.25,1.08,7.5,1.08,9.87,1.1,9.87,1.08,8.21
WTA,2018,34,London,Wimbledon,2018-07-10,Grand Slam,Outdoor,Grass,Quarterfinals,3,Kerber A.,Kasatkina D.,10.0,14.0,3545.0,3165.0,6.0,3.0,7.0,5.0,,,2.0,0.0,Completed,1.44,2.75,1.45,2.55,1.5,2.62,1.54,2.7,1.58,2.75,1.5,2.63
WTA,2018,34,London,Wimbledon,2018-07-10,Grand Slam,Outdoor,Grass,Quarterfinals,3,Ostapenko J.,Cibulkova D.,12.0,33.0,3437.0,1385.0,7.0,5.0,6.0,4.0,,,2.0,0.0,Completed,1.66,2.2,1.65,2.1,1.73,2.1,1.84,2.1,1.84,2.22,1.75,2.11
WTA,2018,34,London,Wimbledon,2018-07-10,Grand Slam,Outdoor,Grass,Quarterfinals,3,Goerges J.,Bertens K.,13.0,20.0,3210.0,2090.0,3.0,6.0,7.0,5.0,6.0,1.0,2.0,1.0,Completed,2.1,1.72,1.95,1.75,2.0,1.8,2.08,1.85,2.16,1.95,2.02,1.82
WTA,2018,34,London,Wimbledon,2018-07-10,Grand Slam,Outdoor,Grass,Quarterfinals,3,Williams S.,Giorgi C.,181.0,52.0,315.0,1016.0,3.0,6.0,6.0,3.0,6.0,4.0,2.0,1.0,Completed,1.25,4.0,1.21,3.95,1.22,4.33,1.26,4.47,1.29,4.55,1.24,4.2
WTA,2018,34,London,Wimbledon,2018-07-12,Grand Slam,Outdoor,Grass,Semifinals,3,Kerber A.,Ostapenko J.,10.0,12.0,3545.0,3437.0,6.0,3.0,6.0,3.0,,,2.0,0.0,Completed,1.57,2.37,1.6,2.2,1.61,2.25,1.68,2.36,1.69,2.51,1.62,2.35
WTA,2018,34,London,Wimbledon,2018-07-12,Grand Slam,Outdoor,Grass,Semifinals,3,Williams S.,Goerges J.,181.0,13.0,315.0,3210.0,6.0,2.0,6.0,4.0,,,2.0,0.0,Completed,1.25,4.0,1.21,3.95,1.25,4.0,1.27,4.26,1.3,4.75,1.24,4.15
WTA,2018,34,London,Wimbledon,2018-07-14,Grand Slam,Outdoor,Grass,The Final,3,Kerber A.,Williams S.,10.0,181.0,3545.0,315.0,6.0,3.0,6.0,3.0,,,2.0,0.0,Completed,2.62,1.5,2.5,1.47,2.62,1.5,2.71,1.54,2.75,1.57,2.64,1.51
WTA,2018,44,New York,US Open,2018-08-27,Grand Slam,Outdoor,Hard,1st Round,3,Begu I.,Brady J.,59.0,66.0,966.0,877.0,6.0,3.0,6.0,3.0,,,2.0,0.0,Completed,2.3,1.61,2.3,1.67,,,2.29,1.69,2.37,1.71,2.27,1.64
WTA,2018,44,New York,US Open,2018-08-27,Grand Slam,Outdoor,Hard,1st Round,3,Kanepi K.,Halep S.,44.0,1.0,1239.0,8061.0,6.0,2.0,6.0,4.0,,,2.0,0.0,Completed,6.0,1.12,7.0,1.13,,,8.54,1.1,8.54,1.15,7.27,1.1
WTA,2018,44,New York,US Open,2018-08-27,Grand Slam,Outdoor,Hard,1st Round,3,King V.,Vikhlyantseva N.,881.0,112.0,14.0,560.0,7.0,6.0,6.0,3.0,,,2.0,0.0,Completed,3.2,1.36,3.2,1.4,,,3.22,1.39,3.5,1.4,3.19,1.36
WTA,2018,44,New York,US Open,2018-08-27,Grand Slam,Outdoor,Hard,1st Round,3,Lapko V.,Bondarenko K.,72.0,86.0,849.0,761.0,6.0,3.0,6.0,3.0,,,2.0,0.0,Completed,1.33,3.4,1.33,3.6,,,1.31,3.62,1.45,3.95,1.31,3.5
WTA,2018,44,New York,US Open,2018-08-27,Grand Slam,Outdoor,Hard,1st Round,3,Mertens E.,Nara K.,15.0,99.0,2940.0,636.0,6.0,2.0,6.0,7.0,7.0,5.0,2.0,1.0,Completed,1.07,10.0,1.08,9.5,,,1.08,9.58,1.08,11.0,1.07,9.15
WTA,2018,44,New York,US Open,2018-08-27,Grand Slam,Outdoor,Hard,1st Round,3,Wang Q.,Rybarikova M.,52.0,29.0,1065.0,1540.0,6.0,2.0,6.0,2.0,,,2.0,0.0,Completed,1.9,1.9,1.95,1.95,,,1.85,2.05,2.0,2.05,1.89,1.93
WTA,2018,44,New York,US Open,2018-08-27,Grand Slam,Outdoor,Hard,1st Round,3,Teichmann J.,Jakupovic D.,168.0,91.0,356.0,716.0,6.0,3.0,6.0,0.0,,,2.0,0.0,Completed,1.61,2.3,1.65,2.35,,,1.67,2.33,1.68,2.41,1.63,2.3
WTA,2018,44,New York,US Open,2018-08-27,Grand Slam,Outdoor,Hard,1st Round,3,Svitolina E.,Vickery S.,7.0,78.0,4555.0,823.0,6.0,3.0,1.0,6.0,6.0,1.0,2.0,1.0,Completed,1.11,7.0,1.11,7.75,,,1.08,9.89,1.12,9.89,1.09,7.5
WTA,2018,44,New York,US Open,2018-08-27,Grand Slam,Outdoor,Hard,1st Round,3,Makarova E.,Watson H.,45.0,116.0,1216.0,549.0,6.0,1.0,3.0,6.0,6.0,3.0,2.0,1.0,Completed,1.5,2.62,1.5,2.75,1.44,2.75,1.47,2.86,1.53,2.86,1.47,2.72
WTA,2018,44,New York,US Open,2018-08-27,Grand Slam,Outdoor,Hard,1st Round,3,Peterson R.,Pavlyuchenkova A.,61.0,28.0,933.0,1585.0,1.0,6.0,6.0,4.0,6.0,3.0,2.0,1.0,Completed,2.62,1.5,2.7,1.52,2.62,1.5,2.84,1.48,2.84,1.54,2.66,1.49
WTA,2018,44,New York,US Open,2018-08-27,Grand Slam,Outdoor,Hard,1st Round,3,Muguruza G.,Zhang S.,12.0,34.0,3500.0,1415.0,6.0,3.0,6.0,0.0,,,2.0,0.0,Completed,1.3,3.5,1.35,3.5,1.36,3.25,1.38,3.27,1.41,3.6,1.33,3.39
WTA,2018,44,New York,US Open,2018-08-27,Grand Slam,Outdoor,Hard,1st Round,3,Giorgi C.,Osuigwe W.,40.0,364.0,1301.0,115.0,6.0,4.0,6.0,1.0,,,2.0,0.0,Completed,1.14,5.5,1.17,5.75,1.17,5.0,1.16,6.02,1.17,6.41,1.14,5.73
WTA,2018,44,New York,US Open,2018-08-27,Grand Slam,Outdoor,Hard,1st Round,3,Barty A.,Jabeur O.,17.0,114.0,2740.0,553.0,6.0,1.0,6.0,3.0,,,2.0,0.0,Completed,1.2,4.5,1.22,4.75,1.2,4.5,1.19,5.35,1.22,5.35,1.18,4.92
WTA,2018,44,New York,US Open,2018-08-27,Grand Slam,Outdoor,Hard,1st Round,3,Maria T.,Radwanska A.,70.0,48.0,862.0,1122.0,6.0,3.0,6.0,3.0,,,2.0,0.0,Completed,3.5,1.3,3.5,1.35,3.4,1.33,3.65,1.32,3.72,1.35,3.5,1.31
WTA,2018,44,New York,US Open,2018-08-27,Grand Slam,Outdoor,Hard,1st Round,3,Williams V.,Kuznetsova S.,16.0,102.0,2841.0,623.0,6.0,3.0,5.0,7.0,6.0,3.0,2.0,1.0,Completed,1.9,1.9,1.95,1.95,1.91,1.91,1.85,2.04,2.0,2.04,1.89,1.93
WTA,2018,44,New York,US Open,2018-08-27,Grand Slam,Outdoor,Hard,1st Round,3,Pliskova Ka.,Diyas Z.,8.0,60.0,4105.0,945.0,6.0,4.0,7.0,6.0,,,2.0,0.0,Completed,1.4,3.0,1.42,3.1,1.4,3.0,1.41,3.11,1.45,3.3,1.4,2.99
WTA,2018,44,New York,US Open,2018-08-27,Grand Slam,Outdoor,Hard,1st Round,3,Sevastova A.,Vekic D.,18.0,41.0,2250.0,1270.0,6.0,2.0,2.0,6.0,6.0,3.0,2.0,1.0,Completed,1.61,2.3,1.6,2.45,1.57,2.37,1.65,2.37,1.68,2.55,1.6,2.37
WTA,2018,44,New York,US Open,2018-08-27,Grand Slam,Outdoor,Hard,1st Round,3,Liu C.,Hercog P.,158.0,77.0,388.0,830.0,7.0,6.0,1.0,6.0,6.0,4.0,2.0,1.0,Completed,1.8,2.0,1.8,2.1,1.8,2.0,1.8,2.11,1.85,2.17,1.78,2.06
WTA,2018,44,New York,US Open,2018-08-27,Grand Slam,Outdoor,Hard,1st Round,3,Muchova K.,Yastremska D.,202.0,98.0,268.0,688.0,6.0,4.0,6.0,2.0,,,2.0,0.0,Completed,2.75,1.44,3.0,1.43,2.62,1.5,3.02,1.43,3.05,1.5,2.91,1.42
WTA,2018,44,New York,US Open,2018-08-27,Grand Slam,Outdoor,Hard,1st Round,3,Kalinina A.,Von Deichmann K.,134.0,165.0,454.0,363.0,1.0,6.0,7.0,6.0,5.0,2.0,1.0,1.0,Retired,1.66,2.2,1.67,2.3,1.67,2.2,1.6,2.48,1.68,2.48,1.61,2.34
WTA,2018,44,New York,US Open,2018-08-27,Grand Slam,Outdoor,Hard,1st Round,3,Strycova B.,Lao D.,23.0,238.0,1930.0,238.0,6.0,3.0,6.0,4.0,,,2.0,0.0,Completed,1.36,3.2,1.4,3.2,1.4,3.0,1.36,3.43,1.4,3.45,1.35,3.26
WTA,2018,44,New York,US Open,2018-08-27,Grand Slam,Outdoor,Hard,1st Round,3,Stephens S.,Rodina E.,3.0,80.0,5482.0,809.0,6.0,1.0,7.0,5.0,,,2.0,0.0,Completed,1.06,11.0,1.07,10.5,1.07,8.0,1.08,10.02,1.08,11.5,1.06,9.6
WTA,2018,44,New York,US Open,2018-08-27,Grand Slam,Outdoor,Hard,1st Round,3,Arruabarrena L.,Kozlova K.,85.0,87.0,775.0,757.0,6.0,0.0,6.0,3.0,,,2.0,0.0,Completed,2.37,1.57,2.35,1.65,2.25,1.61,2.4,1.63,2.4,1.67,2.34,1.61
WTA,2018,44,New York,US Open,2018-08-27,Grand Slam,Outdoor,Hard,1st Round,3,Safarova L.,Martic P.,69.0,47.0,863.0,1165.0,6.0,4.0,6.0,4.0,,,2.0,0.0,Completed,1.72,2.1,1.73,2.2,1.8,2.0,1.75,2.18,1.83,2.21,1.73,2.13
WTA,2018,44,New York,US Open,2018-08-27,Grand Slam,Outdoor,Hard,1st Round,3,Kenin S.,Brengle M.,65.0,105.0,878.0,600.0,6.0,0.0,4.0,6.0,7.0,6.0,2.0,1.0,Completed,1.61,2.3,1.67,2.3,1.61,2.25,1.67,2.33,1.7,2.36,1.65,2.27
WTA,2018,44,New York,US Open,2018-08-27,Grand Slam,Outdoor,Hard,1st Round,3,Sakkari M.,Muhammad A.,30.0,216.0,1514.0,255.0,6.0,3.0,6.0,3.0,,,2.0,0.0,Completed,1.2,4.5,1.21,5.0,1.22,4.33,1.19,5.31,1.23,5.41,1.19,4.87
WTA,2018,44,New York,US Open,2018-08-27,Grand Slam,Outdoor,Hard,1st Round,3,Goerges J.,Kalinskaya A.,9.0,143.0,3900.0,425.0,6.0,2.0,6.0,7.0,6.0,2.0,2.0,1.0,Completed,1.22,4.33,1.24,4.5,1.25,4.0,1.22,4.74,1.25,4.81,1.22,4.39
WTA,2018,44,New York,US Open,2018-08-27,Grand Slam,Outdoor,Hard,1st Round,3,Bogdan A.,Bouzkova M.,83.0,170.0,785.0,349.0,6.0,4.0,6.0,2.0,,,2.0,0.0,Completed,1.5,2.62,1.53,2.65,1.5,2.62,1.53,2.66,1.53,2.8,1.5,2.62
WTA,2018,44,New York,US Open,2018-08-27,Grand Slam,Outdoor,Hard,1st Round,3,Gavrilova D.,Sorribes Tormo S.,32.0,88.0,1435.0,750.0,6.0,0.0,6.0,0.0,,,2.0,0.0,Completed,1.22,4.33,1.22,4.75,1.25,4.0,1.22,4.77,1.25,4.85,1.21,4.51
WTA,2018,44,New York,US Open,2018-08-28,Grand Slam,Outdoor,Hard,1st Round,3,Azarenka V.,Kuzmova V.,79.0,56.0,821.0,1035.0,6.0,3.0,7.0,5.0,,,2.0,0.0,Completed,1.3,3.5,1.3,3.85,1.33,3.4,1.29,3.94,1.31,4.11,1.28,3.76
WTA,2018,44,New York,US Open,2018-08-28,Grand Slam,Outdoor,Hard,1st Round,3,Witthoeft C.,Dolehide C.,101.0,119.0,629.0,527.0,6.0,3.0,7.0,6.0,,,2.0,0.0,Completed,2.62,1.5,2.65,1.53,2.5,1.53,2.68,1.53,2.7,1.54,2.6,1.51
WTA,2018,44,New York,US Open,2018-08-28,Grand Slam,Outdoor,Hard,1st Round,3,Williams S.,Linette M.,26.0,68.0,1676.0,870.0,6.0,4.0,6.0,0.0,,,2.0,0.0,Completed,1.12,6.0,1.13,7.0,,,1.13,7.01,1.15,7.6,1.12,6.57
WTA,2018,44,New York,US Open,2018-08-28,Grand Slam,Outdoor,Hard,1st Round,3,Larsson J.,Cornet A.,82.0,31.0,788.0,1480.0,4.0,6.0,6.0,3.0,6.0,2.0,2.0,1.0,Completed,4.0,1.25,4.2,1.28,3.75,1.28,4.18,1.27,4.3,1.29,4.03,1.25
WTA,2018,44,New York,US Open,2018-08-28,Grand Slam,Outdoor,Hard,1st Round,3,Glushko J.,Niculescu M.,162.0,62.0,379.0,897.0,3.0,6.0,7.0,5.0,6.0,4.0,2.0,1.0,Completed,3.0,1.4,3.2,1.42,3.0,1.4,3.1,1.41,3.2,1.43,3.03,1.39
WTA,2018,44,New York,US Open,2018-08-28,Grand Slam,Outdoor,Hard,1st Round,3,Osaka N.,Siegemund L.,19.0,146.0,2245.0,418.0,6.0,3.0,6.0,2.0,,,2.0,0.0,Completed,1.28,3.75,1.3,4.0,1.28,3.75,1.27,4.14,1.32,4.14,1.28,3.73
WTA,2018,44,New York,US Open,2018-08-28,Grand Slam,Outdoor,Hard,1st Round,3,Ostapenko J.,Petkovic A.,10.0,89.0,3787.0,745.0,6.0,4.0,4.0,6.0,7.0,5.0,2.0,1.0,Completed,1.4,3.0,1.45,3.05,1.44,2.75,1.41,3.1,1.45,3.2,1.4,3.01
WTA,2018,44,New York,US Open,2018-08-28,Grand Slam,Outdoor,Hard,1st Round,3,Townsend T.,Anisimova A.,73.0,135.0,845.0,453.0,3.0,6.0,6.0,4.0,6.0,3.0,2.0,1.0,Completed,3.5,1.3,3.4,1.38,3.0,1.4,3.43,1.36,3.5,1.4,3.26,1.35
WTA,2018,44,New York,US Open,2018-08-28,Grand Slam,Outdoor,Hard,1st Round,3,Tsurenko L.,Van Uytvanck A.,36.0,39.0,1385.0,1318.0,6.0,3.0,6.0,2.0,,,2.0,0.0,Completed,1.53,2.5,1.6,2.55,1.57,2.37,1.68,2.32,1.68,2.58,1.59,2.4
WTA,2018,44,New York,US Open,2018-08-28,Grand Slam,Outdoor,Hard,1st Round,3,Wang Yaf.,Schmiedlova A.,90.0,84.0,745.0,776.0,6.0,1.0,3.0,6.0,6.0,4.0,2.0,1.0,Completed,1.66,2.2,1.7,2.3,1.67,2.2,1.74,2.21,1.74,2.38,1.66,2.26
WTA,2018,44,New York,US Open,2018-08-28,Grand Slam,Outdoor,Hard,1st Round,3,Kvitova P.,Wickmayer Y.,5.0,94.0,4885.0,702.0,6.0,1.0,6.0,4.0,,,2.0,0.0,Completed,1.11,7.0,1.14,7.0,1.12,6.0,1.16,5.93,1.16,8.0,1.12,6.53
WTA,2018,44,New York,US Open,2018-08-28,Grand Slam,Outdoor,Hard,1st Round,3,Wozniacki C.,Stosur S.,2.0,64.0,5975.0,880.0,6.0,3.0,6.0,2.0,,,2.0,0.0,Completed,1.16,5.0,1.19,5.5,1.17,5.0,1.21,4.88,1.22,5.5,1.18,5.02
WTA,2018,44,New York,US Open,2018-08-28,Grand Slam,Outdoor,Hard,1st Round,3,Hsieh S.W.,Alexandrova E.,43.0,113.0,1260.0,558.0,6.0,3.0,4.0,6.0,6.0,3.0,2.0,1.0,Completed,1.4,3.0,1.45,3.05,1.4,3.0,1.43,3.05,1.45,3.32,1.39,3.04
WTA,2018,44,New York,US Open,2018-08-28,Grand Slam,Outdoor,Hard,1st Round,3,Flipkens K.,Vandeweghe C.,57.0,25.0,1013.0,1878.0,6.0,3.0,7.0,6.0,,,2.0,0.0,Completed,2.37,1.57,2.4,1.65,2.25,1.61,2.35,1.66,2.45,1.7,2.35,1.61
WTA,2018,44,New York,US Open,2018-08-28,Grand Slam,Outdoor,Hard,1st Round,3,Bertens K.,Pliskova Kr.,13.0,95.0,3260.0,700.0,6.0,0.0,7.0,5.0,,,2.0,0.0,Completed,1.2,4.5,1.22,5.0,1.2,4.5,1.21,4.94,1.23,5.02,1.2,4.67
WTA,2018,44,New York,US Open,2018-08-28,Grand Slam,Outdoor,Hard,1st Round,3,Krunic A.,Bacsinszky T.,49.0,745.0,1100.0,24.0,6.0,2.0,3.0,6.0,6.0,0.0,2.0,1.0,Completed,2.2,1.66,2.2,1.78,2.1,1.73,2.07,1.83,2.25,1.83,2.13,1.73
WTA,2018,44,New York,US Open,2018-08-28,Grand Slam,Outdoor,Hard,1st Round,3,Di Lorenzo F.,Mchale C.,193.0,97.0,292.0,690.0,6.0,1.0,7.0,6.0,,,2.0,0.0,Completed,2.62,1.5,2.95,1.47,,,2.64,1.54,3.02,1.71,2.74,1.47
WTA,2018,44,New York,US Open,2018-08-28,Grand Slam,Outdoor,Hard,1st Round,3,Kerber A.,Gasparyan M.,4.0,370.0,5305.0,113.0,7.0,6.0,6.0,3.0,,,2.0,0.0,Completed,1.11,7.0,1.1,9.0,1.08,8.0,1.09,8.82,1.11,9.06,1.09,7.92
WTA,2018,44,New York,US Open,2018-08-28,Grand Slam,Outdoor,Hard,1st Round,3,Cibulkova D.,Rus A.,35.0,110.0,1390.0,573.0,4.0,6.0,6.0,2.0,6.0,3.0,2.0,1.0,Completed,1.3,3.5,1.33,3.7,1.3,3.5,1.33,3.6,1.36,3.7,1.32,3.43
WTA,2018,44,New York,US Open,2018-08-28,Grand Slam,Outdoor,Hard,1st Round,3,Sasnovich A.,Bencic B.,33.0,38.0,1425.0,1344.0,2.0,6.0,6.0,1.0,6.0,2.0,2.0,1.0,Completed,2.1,1.72,2.1,1.83,2.0,1.8,2.11,1.8,2.11,2.02,2.03,1.81
WTA,2018,44,New York,US Open,2018-08-28,Grand Slam,Outdoor,Hard,1st Round,3,Sabalenka A.,Collins D.,20.0,37.0,2140.0,1367.0,6.0,0.0,4.0,6.0,6.0,4.0,2.0,1.0,Completed,1.25,4.0,1.28,4.2,1.28,3.75,1.26,4.3,1.28,4.5,1.25,4.06
WTA,2018,44,New York,US Open,2018-08-28,Grand Slam,Outdoor,Hard,1st Round,3,Garcia C.,Konta J.,6.0,46.0,4725.0,1170.0,6.0,2.0,6.0,2.0,,,2.0,0.0,Completed,1.8,2.0,1.88,2.05,1.91,1.91,1.93,1.96,1.97,2.05,1.88,1.94
WTA,2018,44,New York,US Open,2018-08-28,Grand Slam,Outdoor,Hard,1st Round,3,Puig M.,Voegele S.,55.0,74.0,1040.0,840.0,6.0,0.0,6.0,0.0,,,2.0,0.0,Completed,1.61,2.3,1.7,2.3,1.67,2.2,1.65,2.36,1.7,2.93,1.63,2.31
WTA,2018,44,New York,US Open,2018-08-28,Grand Slam,Outdoor,Hard,1st Round,3,Kasatkina D.,Babos T.,11.0,42.0,3525.0,1270.0,6.0,4.0,5.0,7.0,6.0,4.0,2.0,1.0,Completed,1.28,3.75,1.32,3.8,1.36,3.25,1.31,3.78,1.39,3.85,1.31,3.51
WTA,2018,44,New York,US Open,2018-08-28,Grand Slam,Outdoor,Hard,1st Round,3,Vondrousova M.,Barthel M.,103.0,111.0,615.0,571.0,6.0,1.0,6.0,4.0,,,2.0,0.0,Completed,1.36,3.2,1.47,2.95,1.4,3.0,1.45,2.93,1.5,3.2,1.45,2.83
WTA,2018,44,New York,US Open,2018-08-28,Grand Slam,Outdoor,Hard,1st Round,3,Suarez Navarro C.,Gibbs N.,24.0,115.0,1879.0,551.0,5.0,7.0,6.0,3.0,6.0,4.0,2.0,1.0,Completed,1.4,3.0,1.42,3.2,1.4,3.0,1.47,2.89,1.49,3.2,1.42,2.93
WTA,2018,44,New York,US Open,2018-08-28,Grand Slam,Outdoor,Hard,1st Round,3,Zvonareva V.,Blinkova A.,133.0,100.0,456.0,633.0,6.0,2.0,6.0,7.0,7.0,5.0,2.0,1.0,Completed,1.57,2.37,1.6,2.55,1.57,2.37,1.56,2.58,1.62,2.6,1.57,2.46
WTA,2018,44,New York,US Open,2018-08-28,Grand Slam,Outdoor,Hard,1st Round,3,Bouchard E.,Tan H.,137.0,396.0,450.0,99.0,6.0,3.0,6.0,1.0,,,2.0,0.0,Completed,1.05,12.0,1.06,13.0,1.05,10.0,1.07,10.54,1.07,13.54,1.05,11.34
WTA,2018,44,New York,US Open,2018-08-29,Grand Slam,Outdoor,Hard,1st Round,3,Tomljanovic A.,Cabrera L.,58.0,160.0,1002.0,379.0,6.0,4.0,6.0,1.0,,,2.0,0.0,Completed,1.11,7.0,1.13,7.5,1.1,7.0,1.1,8.22,1.13,9.0,1.1,7.51
WTA,2018,44,New York,US Open,2018-08-29,Grand Slam,Outdoor,Hard,1st Round,3,Pera B.,Putintseva Y.,92.0,50.0,714.0,1075.0,7.0,6.0,6.0,4.0,,,2.0,0.0,Completed,2.0,1.8,2.05,1.88,1.91,1.91,2.04,1.85,2.1,1.92,1.99,1.85
WTA,2018,44,New York,US Open,2018-08-29,Grand Slam,Outdoor,Hard,1st Round,3,Cirstea S.,Riske A.,51.0,75.0,1065.0,835.0,6.0,3.0,3.0,6.0,7.0,5.0,2.0,1.0,Completed,1.9,1.9,1.96,1.96,1.91,1.91,1.91,1.98,1.96,2.0,1.9,1.93
WTA,2018,44,New York,US Open,2018-08-29,Grand Slam,Outdoor,Hard,1st Round,3,Mladenovic K.,Zidansek T.,53.0,76.0,1061.0,832.0,6.0,0.0,6.0,3.0,,,2.0,0.0,Completed,1.53,2.5,1.62,2.5,1.53,2.5,1.62,2.42,1.63,2.55,1.58,2.44
WTA,2018,44,New York,US Open,2018-08-29,Grand Slam,Outdoor,Hard,1st Round,3,Siniakova K.,Kontaveit A.,54.0,27.0,1045.0,1665.0,6.0,7.0,6.0,3.0,7.0,5.0,2.0,1.0,Completed,3.0,1.4,3.2,1.42,3.0,1.4,3.38,1.36,3.4,1.42,3.14,1.37
WTA,2018,44,New York,US Open,2018-08-29,Grand Slam,Outdoor,Hard,1st Round,3,Keys M.,Parmentier P.,14.0,71.0,3212.0,854.0,6.0,4.0,6.0,4.0,,,2.0,0.0,Completed,1.08,9.0,1.11,8.5,1.1,7.0,1.09,9.23,1.11,9.29,1.08,8.14
WTA,2018,44,New York,US Open,2018-08-29,Grand Slam,Outdoor,Hard,1st Round,3,Sharapova M.,Schnyder P.,22.0,186.0,2003.0,300.0,6.0,2.0,7.0,6.0,,,2.0,0.0,Completed,1.08,9.0,1.1,9.0,1.11,6.5,1.09,8.99,1.11,9.9,1.08,8.28
WTA,2018,44,New York,US Open,2018-08-29,Grand Slam,Outdoor,Hard,2nd Round,3,Mertens E.,Lapko V.,15.0,72.0,2940.0,849.0,6.0,2.0,6.0,0.0,,,2.0,0.0,Completed,1.33,3.4,1.35,3.6,1.33,3.4,1.36,3.43,1.36,3.6,1.33,3.36
WTA,2018,44,New York,US Open,2018-08-29,Grand Slam,Outdoor,Hard,2nd Round,3,Svitolina E.,Maria T.,7.0,70.0,4555.0,862.0,6.0,2.0,6.0,3.0,,,2.0,0.0,Completed,1.16,5.0,1.19,5.5,1.17,5.0,1.17,5.66,1.19,5.71,1.17,5.21
WTA,2018,44,New York,US Open,2018-08-29,Grand Slam,Outdoor,Hard,2nd Round,3,Strycova B.,Arruabarrena L.,23.0,85.0,1930.0,775.0,6.0,0.0,6.0,1.0,,,2.0,0.0,Completed,1.36,3.2,1.37,3.45,1.33,3.4,1.33,3.63,1.41,3.63,1.34,3.31
WTA,2018,44,New York,US Open,2018-08-29,Grand Slam,Outdoor,Hard,2nd Round,3,Azarenka V.,Gavrilova D.,79.0,32.0,821.0,1435.0,6.0,1.0,6.0,2.0,,,2.0,0.0,Completed,1.44,2.75,1.47,2.95,1.44,2.75,1.47,2.86,1.51,2.95,1.46,2.75
WTA,2018,44,New York,US Open,2018-08-29,Grand Slam,Outdoor,Hard,2nd Round,3,Stephens S.,Kalinina A.,3.0,134.0,5482.0,454.0,4.0,6.0,7.0,5.0,6.0,2.0,2.0,1.0,Completed,1.05,12.0,1.06,13.0,1.05,11.0,1.06,11.61,1.06,16.0,1.04,11.71
WTA,2018,44,New York,US Open,2018-08-29,Grand Slam,Outdoor,Hard,2nd Round,3,Sevastova A.,Liu C.,18.0,158.0,2250.0,388.0,6.0,3.0,6.0,1.0,,,2.0,0.0,Completed,1.16,5.0,1.19,5.5,1.17,5.0,1.19,5.36,1.21,5.5,1.18,4.98
WTA,2018,44,New York,US Open,2018-08-29,Grand Slam,Outdoor,Hard,2nd Round,3,Williams V.,Giorgi C.,16.0,40.0,2841.0,1301.0,6.0,4.0,7.0,5.0,,,2.0,0.0,Completed,1.72,2.1,1.83,2.1,1.8,2.0,1.81,2.1,1.84,2.11,1.8,2.03
WTA,2018,44,New York,US Open,2018-08-29,Grand Slam,Outdoor,Hard,2nd Round,3,Wang Q.,Begu I.,52.0,59.0,1065.0,966.0,6.0,3.0,6.0,1.0,,,2.0,0.0,Completed,1.36,3.2,1.35,3.6,1.33,3.4,1.36,3.37,1.38,3.6,1.34,3.32
WTA,2018,44,New York,US Open,2018-08-29,Grand Slam,Outdoor,Hard,2nd Round,3,Pliskova Ka.,Bogdan A.,8.0,83.0,4105.0,785.0,6.0,2.0,6.0,3.0,,,2.0,0.0,Completed,1.33,3.4,1.37,3.45,1.36,3.25,1.39,3.24,1.39,3.45,1.36,3.21
WTA,2018,44,New York,US Open,2018-08-29,Grand Slam,Outdoor,Hard,2nd Round,3,Makarova E.,Goerges J.,45.0,9.0,1216.0,3900.0,7.0,6.0,6.0,3.0,,,2.0,0.0,Completed,2.5,1.53,2.4,1.65,2.25,1.61,2.4,1.63,2.5,1.65,2.39,1.6
WTA,2018,44,New York,US Open,2018-08-29,Grand Slam,Outdoor,Hard,2nd Round,3,Kanepi K.,Teichmann J.,44.0,168.0,1239.0,356.0,6.0,4.0,6.0,3.0,,,2.0,0.0,Completed,1.2,4.5,1.25,4.5,1.22,4.33,1.22,4.74,1.27,5.1,1.23,4.24
WTA,2018,44,New York,US Open,2018-08-30,Grand Slam,Outdoor,Hard,2nd Round,3,Peterson R.,King V.,61.0,881.0,933.0,14.0,7.0,5.0,6.0,1.0,,,2.0,0.0,Completed,1.22,4.33,1.25,4.5,1.22,4.33,1.22,4.76,1.25,4.9,1.22,4.41
WTA,2018,44,New York,US Open,2018-08-30,Grand Slam,Outdoor,Hard,2nd Round,3,Barty A.,Safarova L.,17.0,69.0,2740.0,863.0,7.0,5.0,6.0,3.0,,,2.0,0.0,Completed,1.4,3.0,1.45,3.05,1.4,3.0,1.4,3.18,1.46,3.2,1.39,3.05
WTA,2018,44,New York,US Open,2018-08-30,Grand Slam,Outdoor,Hard,2nd Round,3,Williams S.,Witthoeft C.,26.0,101.0,1676.0,629.0,6.0,2.0,6.0,2.0,,,2.0,0.0,Completed,1.03,15.0,1.06,13.0,1.06,9.0,1.06,12.26,1.07,16.81,1.04,12.46
WTA,2018,44,New York,US Open,2018-08-30,Grand Slam,Outdoor,Hard,2nd Round,3,Kenin S.,Sakkari M.,65.0,30.0,878.0,1514.0,4.0,6.0,6.0,1.0,6.0,4.0,2.0,1.0,Completed,2.5,1.53,2.6,1.57,2.5,1.53,2.58,1.56,2.64,1.59,2.53,1.54
WTA,2018,44,New York,US Open,2018-08-30,Grand Slam,Outdoor,Hard,2nd Round,3,Muchova K.,Muguruza G.,202.0,12.0,268.0,3500.0,3.0,6.0,6.0,4.0,6.0,4.0,2.0,1.0,Completed,5.5,1.14,5.5,1.19,5.5,1.14,4.84,1.22,6.02,1.22,5.07,1.18
WTA,2018,44,New York,US Open,2018-08-30,Grand Slam,Outdoor,Hard,2nd Round,3,Kvitova P.,Wang Yaf.,5.0,90.0,4885.0,745.0,7.0,5.0,6.0,3.0,,,2.0,0.0,Completed,1.11,7.0,1.13,7.5,1.1,7.0,1.11,7.86,1.13,8.5,1.1,7.34
WTA,2018,44,New York,US Open,2018-08-30,Grand Slam,Outdoor,Hard,2nd Round,3,Osaka N.,Glushko J.,19.0,162.0,2245.0,379.0,6.0,2.0,6.0,0.0,,,2.0,0.0,Completed,1.12,6.0,1.14,7.0,1.04,15.0,1.11,7.92,1.15,8.06,1.11,7.03
WTA,2018,44,New York,US Open,2018-08-30,Grand Slam,Outdoor,Hard,2nd Round,3,Sasnovich A.,Kasatkina D.,33.0,11.0,1425.0,3525.0,6.0,2.0,7.0,6.0,,,2.0,0.0,Completed,2.37,1.57,2.5,1.62,2.37,1.57,2.59,1.56,2.72,1.62,2.51,1.55
WTA,2018,44,New York,US Open,2018-08-30,Grand Slam,Outdoor,Hard,2nd Round,3,Cibulkova D.,Hsieh S.W.,35.0,43.0,1390.0,1260.0,7.0,6.0,4.0,6.0,6.0,4.0,2.0,1.0,Completed,1.4,3.0,1.42,3.2,1.4,3.0,1.42,3.06,1.43,3.24,1.4,3.02
WTA,2018,44,New York,US Open,2018-08-30,Grand Slam,Outdoor,Hard,2nd Round,3,Sabalenka A.,Zvonareva V.,20.0,133.0,2140.0,456.0,6.0,3.0,7.0,6.0,,,2.0,0.0,Completed,1.25,4.0,1.25,4.5,1.2,4.5,1.2,5.02,1.27,5.34,1.2,4.72
WTA,2018,44,New York,US Open,2018-08-30,Grand Slam,Outdoor,Hard,2nd Round,3,Kerber A.,Larsson J.,4.0,82.0,5305.0,788.0,6.0,2.0,5.0,7.0,6.0,4.0,2.0,1.0,Completed,1.07,10.0,1.09,9.75,1.08,7.5,1.07,10.45,1.1,11.09,1.07,9.39
WTA,2018,44,New York,US Open,2018-08-30,Grand Slam,Outdoor,Hard,2nd Round,3,Garcia C.,Puig M.,6.0,55.0,4725.0,1040.0,6.0,2.0,1.0,6.0,6.0,4.0,2.0,1.0,Completed,1.5,2.62,1.5,2.85,1.44,2.75,1.53,2.65,1.53,2.85,1.49,2.66
WTA,2018,44,New York,US Open,2018-08-30,Grand Slam,Outdoor,Hard,2nd Round,3,Bertens K.,Di Lorenzo F.,13.0,193.0,3260.0,292.0,6.0,2.0,6.0,1.0,,,2.0,0.0,Completed,1.08,9.0,1.09,9.75,1.08,7.5,1.09,9.26,1.11,10.02,1.08,8.56
WTA,2018,44,New York,US Open,2018-08-30,Grand Slam,Outdoor,Hard,2nd Round,3,Ostapenko J.,Townsend T.,10.0,73.0,3787.0,845.0,4.0,6.0,6.0,3.0,6.0,4.0,2.0,1.0,Completed,1.4,3.0,1.43,3.05,1.44,2.75,1.38,3.27,1.43,3.4,1.37,3.13
WTA,2018,44,New York,US Open,2018-08-30,Grand Slam,Outdoor,Hard,2nd Round,3,Keys M.,Pera B.,14.0,92.0,3212.0,714.0,6.0,4.0,6.0,1.0,,,2.0,0.0,Completed,1.14,5.5,1.18,5.8,1.17,5.0,1.17,5.77,1.2,5.89,1.17,5.25
WTA,2018,44,New York,US Open,2018-08-30,Grand Slam,Outdoor,Hard,2nd Round,3,Vondrousova M.,Bouchard E.,103.0,137.0,615.0,450.0,6.0,4.0,6.0,3.0,,,2.0,0.0,Completed,2.0,1.8,2.1,1.83,2.0,1.8,2.06,1.84,2.18,1.88,2.05,1.79
WTA,2018,44,New York,US Open,2018-08-30,Grand Slam,Outdoor,Hard,2nd Round,3,Krunic A.,Flipkens K.,49.0,57.0,1100.0,1013.0,6.0,1.0,6.0,3.0,,,2.0,0.0,Completed,2.0,1.8,2.05,1.88,2.0,1.8,2.01,1.88,2.1,1.88,2.01,1.82
WTA,2018,44,New York,US Open,2018-08-30,Grand Slam,Outdoor,Hard,2nd Round,3,Suarez Navarro C.,Mladenovic K.,24.0,53.0,1879.0,1061.0,6.0,1.0,4.0,6.0,6.0,4.0,2.0,1.0,Completed,1.66,2.2,1.73,2.25,1.73,2.1,1.69,2.28,1.8,2.28,1.71,2.17
WTA,2018,44,New York,US Open,2018-08-30,Grand Slam,Outdoor,Hard,2nd Round,3,Siniakova K.,Tomljanovic A.,54.0,58.0,1045.0,1002.0,6.0,3.0,6.0,7.0,7.0,6.0,2.0,1.0,Completed,2.1,1.72,2.15,1.8,2.0,1.8,2.19,1.75,2.2,1.9,2.11,1.75
WTA,2018,44,New York,US Open,2018-08-31,Grand Slam,Outdoor,Hard,2nd Round,3,Tsurenko L.,Wozniacki C.,36.0,2.0,1385.0,5975.0,6.0,4.0,6.0,2.0,,,2.0,0.0,Completed,3.2,1.36,3.45,1.37,3.4,1.33,3.78,1.31,3.78,1.37,3.37,1.33
WTA,2018,44,New York,US Open,2018-08-31,Grand Slam,Outdoor,Hard,2nd Round,3,Sharapova M.,Cirstea S.,22.0,51.0,2003.0,1065.0,6.0,2.0,7.0,5.0,,,2.0,0.0,Completed,1.25,4.0,1.28,4.2,1.25,4.0,1.25,4.36,1.29,4.41,1.25,4.06
WTA,2018,44,New York,US Open,2018-08-31,Grand Slam,Outdoor,Hard,3rd Round,3,Sevastova A.,Makarova E.,18.0,45.0,2250.0,1216.0,4.0,6.0,6.0,1.0,6.0,2.0,2.0,1.0,Completed,1.8,2.0,1.88,2.05,1.91,1.91,1.85,2.04,2.02,2.06,1.86,1.97
WTA,2018,44,New York,US Open,2018-08-31,Grand Slam,Outdoor,Hard,3rd Round,3,Mertens E.,Strycova B.,15.0,23.0,2940.0,1930.0,6.0,3.0,7.0,6.0,,,2.0,0.0,Completed,1.4,3.0,1.45,3.05,1.44,2.75,1.45,2.93,1.47,3.05,1.44,2.88
WTA,2018,44,New York,US Open,2018-08-31,Grand Slam,Outdoor,Hard,3rd Round,3,Stephens S.,Azarenka V.,3.0,79.0,5482.0,821.0,6.0,3.0,6.0,4.0,,,2.0,0.0,Completed,1.61,2.3,1.67,2.35,1.67,2.2,1.68,2.32,1.7,2.4,1.65,2.28
WTA,2018,44,New York,US Open,2018-08-31,Grand Slam,Outdoor,Hard,3rd Round,3,Svitolina E.,Wang Q.,7.0,52.0,4555.0,1065.0,6.0,4.0,6.0,4.0,,,2.0,0.0,Completed,1.33,3.4,1.32,3.8,1.3,3.5,1.33,3.62,1.36,3.8,1.31,3.58
WTA,2018,44,New York,US Open,2018-08-31,Grand Slam,Outdoor,Hard,3rd Round,3,Kanepi K.,Peterson R.,44.0,61.0,1239.0,933.0,6.0,3.0,7.0,6.0,,,2.0,0.0,Completed,1.44,2.75,1.52,2.75,1.44,2.75,1.5,2.76,1.57,2.94,1.47,2.72
WTA,2018,44,New York,US Open,2018-09-01,Grand Slam,Outdoor,Hard,3rd Round,3,Williams S.,Williams V.,26.0,16.0,1676.0,2841.0,6.0,1.0,6.0,2.0,,,2.0,0.0,Completed,1.3,3.5,1.33,3.7,1.3,3.4,1.3,3.82,1.35,3.96,1.31,3.58
WTA,2018,44,New York,US Open,2018-09-01,Grand Slam,Outdoor,Hard,3rd Round,3,Barty A.,Muchova K.,17.0,202.0,2740.0,268.0,6.0,3.0,6.0,4.0,,,2.0,0.0,Completed,1.22,4.33,1.23,4.8,1.22,4.33,1.22,4.75,1.24,5.1,1.21,4.58
WTA,2018,44,New York,US Open,2018-09-01,Grand Slam,Outdoor,Hard,3rd Round,3,Pliskova Ka.,Kenin S.,8.0,65.0,4105.0,878.0,6.0,4.0,7.0,6.0,,,2.0,0.0,Completed,1.25,4.0,1.3,4.0,1.28,3.75,1.28,4.07,1.3,4.3,1.27,3.9
WTA,2018,44,New York,US Open,2018-09-01,Grand Slam,Outdoor,Hard,3rd Round,3,Vondrousova M.,Bertens K.,103.0,13.0,615.0,3260.0,7.0,6.0,2.0,6.0,7.0,6.0,2.0,1.0,Completed,4.33,1.22,4.7,1.24,4.0,1.25,4.55,1.24,4.7,1.26,4.29,1.23
WTA,2018,44,New York,US Open,2018-09-01,Grand Slam,Outdoor,Hard,3rd Round,3,Keys M.,Krunic A.,14.0,49.0,3212.0,1100.0,4.0,6.0,6.0,1.0,6.0,2.0,2.0,1.0,Completed,1.14,5.5,1.16,6.25,1.14,5.5,1.16,5.87,1.19,6.25,1.15,5.71
WTA,2018,44,New York,US Open,2018-09-01,Grand Slam,Outdoor,Hard,3rd Round,3,Suarez Navarro C.,Garcia C.,24.0,6.0,1879.0,4725.0,5.0,7.0,6.0,4.0,7.0,6.0,2.0,1.0,Completed,2.75,1.44,3.05,1.45,3.0,1.4,3.05,1.43,3.15,1.5,2.88,1.43
WTA,2018,44,New York,US Open,2018-09-01,Grand Slam,Outdoor,Hard,3rd Round,3,Cibulkova D.,Kerber A.,35.0,4.0,1390.0,5305.0,3.0,6.0,6.0,3.0,6.0,3.0,2.0,1.0,Completed,3.75,1.28,3.8,1.32,3.5,1.3,4.06,1.28,4.06,1.32,3.72,1.29
WTA,2018,44,New York,US Open,2018-09-01,Grand Slam,Outdoor,Hard,3rd Round,3,Tsurenko L.,Siniakova K.,36.0,54.0,1385.0,1045.0,6.0,4.0,6.0,0.0,,,2.0,0.0,Completed,1.5,2.62,1.52,2.75,1.5,2.62,1.53,2.65,1.57,2.9,1.49,2.67
WTA,2018,44,New York,US Open,2018-09-01,Grand Slam,Outdoor,Hard,3rd Round,3,Osaka N.,Sasnovich A.,19.0,33.0,2245.0,1425.0,6.0,0.0,6.0,0.0,,,2.0,0.0,Completed,1.53,2.5,1.57,2.6,1.53,2.5,1.57,2.54,1.6,2.63,1.55,2.53
WTA,2018,44,New York,US Open,2018-09-02,Grand Slam,Outdoor,Hard,3rd Round,3,Sharapova M.,Ostapenko J.,22.0,10.0,2003.0,3787.0,6.0,3.0,6.0,2.0,,,2.0,0.0,Completed,1.5,2.62,1.55,2.7,1.53,2.5,1.53,2.66,1.59,2.75,1.52,2.61
WTA,2018,44,New York,US Open,2018-09-02,Grand Slam,Outdoor,Hard,3rd Round,3,Sabalenka A.,Kvitova P.,20.0,5.0,2140.0,4885.0,7.0,5.0,6.0,1.0,,,2.0,0.0,Completed,2.37,1.57,2.5,1.62,2.37,1.57,2.45,1.61,2.68,1.62,2.48,1.56
WTA,2018,44,New York,US Open,2018-09-02,Grand Slam,Outdoor,Hard,4th Round,3,Pliskova Ka.,Barty A.,8.0,17.0,4105.0,2740.0,6.0,4.0,6.0,4.0,,,2.0,0.0,Completed,2.1,1.72,2.3,1.7,2.2,1.67,2.4,1.65,2.4,1.8,2.22,1.69
WTA,2018,44,New York,US Open,2018-09-02,Grand Slam,Outdoor,Hard,4th Round,3,Williams S.,Kanepi K.,26.0,44.0,1676.0,1239.0,6.0,0.0,4.0,6.0,6.0,3.0,2.0,1.0,Completed,1.14,5.5,1.19,5.5,1.17,5.0,1.21,5.01,1.22,5.75,1.18,5.08
WTA,2018,44,New York,US Open,2018-09-02,Grand Slam,Outdoor,Hard,4th Round,3,Sevastova A.,Svitolina E.,18.0,7.0,2250.0,4555.0,6.0,3.0,1.0,6.0,6.0,0.0,2.0,1.0,Completed,3.4,1.33,3.3,1.4,3.0,1.4,3.19,1.41,3.4,1.45,3.04,1.4
WTA,2018,44,New York,US Open,2018-09-03,Grand Slam,Outdoor,Hard,4th Round,3,Stephens S.,Mertens E.,3.0,15.0,5482.0,2940.0,6.0,3.0,6.0,3.0,,,2.0,0.0,Completed,1.44,2.75,1.5,2.85,1.5,2.62,1.51,2.77,1.53,2.94,1.48,2.72
WTA,2018,44,New York,US Open,2018-09-03,Grand Slam,Outdoor,Hard,4th Round,3,Keys M.,Cibulkova D.,14.0,35.0,3212.0,1390.0,6.0,1.0,6.0,3.0,,,2.0,0.0,Completed,1.33,3.4,1.35,3.6,1.33,3.4,1.34,3.61,1.4,3.65,1.34,3.39
WTA,2018,44,New York,US Open,2018-09-03,Grand Slam,Outdoor,Hard,4th Round,3,Osaka N.,Sabalenka A.,19.0,20.0,2245.0,2140.0,6.0,3.0,2.0,6.0,6.0,4.0,2.0,1.0,Completed,2.37,1.57,2.4,1.65,2.37,1.57,2.37,1.66,2.49,1.67,2.36,1.62
WTA,2018,44,New York,US Open,2018-09-03,Grand Slam,Outdoor,Hard,4th Round,3,Tsurenko L.,Vondrousova M.,36.0,103.0,1385.0,615.0,6.0,7.0,7.0,5.0,6.0,2.0,2.0,1.0,Completed,1.57,2.37,1.62,2.5,1.57,2.37,1.63,2.44,1.65,2.56,1.6,2.4
WTA,2018,44,New York,US Open,2018-09-04,Grand Slam,Outdoor,Hard,4th Round,3,Suarez Navarro C.,Sharapova M.,24.0,22.0,1879.0,2003.0,6.0,4.0,6.0,3.0,,,2.0,0.0,Completed,3.2,1.36,3.3,1.4,3.0,1.4,3.14,1.42,3.32,1.42,3.13,1.38
WTA,2018,44,New York,US Open,2018-09-04,Grand Slam,Outdoor,Hard,Quarterfinals,3,Sevastova A.,Stephens S.,18.0,3.0,2250.0,5482.0,6.0,2.0,6.0,3.0,,,2.0,0.0,Completed,3.75,1.28,3.8,1.32,3.25,1.36,3.72,1.32,4.0,1.35,3.65,1.3
WTA,2018,44,New York,US Open,2018-09-05,Grand Slam,Outdoor,Hard,Quarterfinals,3,Williams S.,Pliskova Ka.,26.0,8.0,1676.0,4105.0,6.0,4.0,6.0,3.0,,,2.0,0.0,Completed,1.33,3.4,1.35,3.6,1.3,3.5,1.33,3.64,1.35,3.75,1.32,3.53
WTA,2018,44,New York,US Open,2018-09-05,Grand Slam,Outdoor,Hard,Quarterfinals,3,Osaka N.,Tsurenko L.,19.0,36.0,2245.0,1385.0,6.0,1.0,6.0,1.0,,,2.0,0.0,Completed,1.36,3.2,1.38,3.4,1.36,3.25,1.39,3.27,1.45,3.4,1.38,3.16
WTA,2018,44,New York,US Open,2018-09-06,Grand Slam,Outdoor,Hard,Quarterfinals,3,Keys M.,Suarez Navarro C.,14.0,24.0,3212.0,1879.0,6.0,4.0,6.0,3.0,,,2.0,0.0,Completed,1.36,3.2,1.38,3.4,1.36,3.25,1.4,3.21,1.4,3.44,1.37,3.25
WTA,2018,44,New York,US Open,2018-09-07,Grand Slam,Outdoor,Hard,Semifinals,3,Williams S.,Sevastova A.,26.0,18.0,1676.0,2250.0,6.0,3.0,6.0,0.0,,,2.0,0.0,Completed,1.2,4.5,1.22,5.0,1.2,4.5,1.21,5.17,1.25,5.17,1.21,4.74
WTA,2018,44,New York,US Open,2018-09-07,Grand Slam,Outdoor,Hard,Semifinals,3,Osaka N.,Keys M.,19.0,14.0,2245.0,3212.0,6.0,2.0,6.0,4.0,,,2.0,0.0,Completed,2.3,1.61,2.35,1.67,2.25,1.61,2.42,1.65,2.42,1.7,2.32,1.65
WTA,2018,44,New York,US Open,2018-09-08,Grand Slam,Outdoor,Hard,The Final,3,Osaka N.,Williams S.,19.0,26.0,2245.0,1676.0,6.0,2.0,6.0,4.0,,,2.0,0.0,Completed,3.4,1.33,3.6,1.35,3.5,1.3,3.55,1.35,3.6,1.4,3.42,1.34
