Tour,Year,WTA,Location,Tournament,Date,Tier,Court,Surface,Round,Best of,Winner,Loser,WRank,LRank,WPts,LPts,W1,L1,W2,L2,W3,L3,Wsets,Lsets,Comment,B365W,B365L,PSW,PSL,MaxW,MaxL,AvgW,AvgL
WTA,2023,5,Melbourne,Australian Open,2023-01-16,Grand Slam,Outdoor,Hard,1st Round,3,Bucsa C.,Lys E.,100.0,126.0,611.0,507.0,2.0,6.0,6.0,0.0,6.0,2.0,2.0,1.0,Completed,1.8,2.0,1.99,1.89,2.01,2.05,1.92,1.89
WTA,2023,5,Melbourne,Australian Open,2023-01-16,Grand Slam,Outdoor,Hard,1st Round,3,Shnaider D.,Kucova K.,106.0,272.0,593.0,227.0,7.0,6.0,7.0,5.0,,,2.0,0.0,Completed,1.25,4.0,1.25,4.35,1.29,4.5,1.23,4.15
WTA,2023,5,Melbourne,Australian Open,2023-01-16,Grand Slam,Outdoor,Hard,1st Round,3,Collins D.,Kalinskaya A.,11.0,59.0,2388.0,948.0,7.0,5.0,5.0,7.0,6.0,4.0,2.0,1.0,Completed,1.4,3.0,1.44,2.98,1.44,3.1,1.41,2.95
WTA,2023,5,Melbourne,Australian Open,2023-01-16,Grand Slam,Outdoor,Hard,1st Round,3,Pegula J.,Cristian J.,3.0,161.0,5000.0,388.0,6.0,0.0,6.0,1.0,,,2.0,0.0,Completed,1.06,10.0,1.06,12.42,1.07,12.54,1.06,9.87
WTA,2023,5,Melbourne,Australian Open,2023-01-16,Grand Slam,Outdoor,Hard,1st Round,3,Gadecki O.,Kudermetova P.,199.0,182.0,326.0,353.0,7.0,5.0,6.0,1.0,,,2.0,0.0,Completed,2.5,1.53,2.49,1.6,2.6,1.6,2.5,1.53
WTA,2023,5,Melbourne,Australian Open,2023-01-16,Grand Slam,Outdoor,Hard,1st Round,3,Kostyuk M.,Anisimova A.,61.0,27.0,915.0,1535.0,6.0,3.0,6.0,4.0,,,2.0,0.0,Completed,2.0,1.8,1.95,1.93,2.05,1.93,1.97,1.85
WTA,2023,5,Melbourne,Australian Open,2023-01-16,Grand Slam,Outdoor,Hard,1st Round,3,Andreescu B.,Bouzkova M.,43.0,26.0,1121.0,1581.0,6.0,2.0,6.0,4.0,,,2.0,0.0,Completed,1.73,2.1,1.81,2.1,1.83,2.2,1.74,2.1
WTA,2023,5,Melbourne,Australian Open,2023-01-16,Grand Slam,Outdoor,Hard,1st Round,3,Raducanu E.,Korpatsch T.,77.0,76.0,784.0,787.0,6.0,3.0,6.0,2.0,,,2.0,0.0,Completed,1.17,5.0,1.17,5.82,1.19,7.0,1.16,5.32
WTA,2023,5,Melbourne,Australian Open,2023-01-16,Grand Slam,Outdoor,Hard,1st Round,3,Gauff C.,Siniakova K.,7.0,46.0,3762.0,1055.0,6.0,1.0,6.0,4.0,,,2.0,0.0,Completed,1.29,3.75,1.28,4.02,1.32,4.02,1.28,3.72
WTA,2023,5,Melbourne,Australian Open,2023-01-16,Grand Slam,Outdoor,Hard,1st Round,3,Sakkari M.,Yuan Y.,6.0,117.0,3921.0,538.0,6.0,1.0,6.0,4.0,,,2.0,0.0,Completed,1.13,6.0,1.15,6.38,1.16,6.67,1.13,6.05
WTA,2023,5,Melbourne,Australian Open,2023-01-16,Grand Slam,Outdoor,Hard,1st Round,3,Pera B.,Uchijima M.,41.0,116.0,1145.0,546.0,2.0,6.0,6.0,3.0,6.0,1.0,2.0,1.0,Completed,1.25,4.0,1.28,4.01,1.28,4.3,1.25,3.96
WTA,2023,5,Melbourne,Australian Open,2023-01-16,Grand Slam,Outdoor,Hard,1st Round,3,Burel C.,Gibson T.,130.0,344.0,499.0,157.0,6.0,3.0,6.0,4.0,,,2.0,0.0,Completed,1.14,5.5,1.15,6.25,1.17,6.25,1.14,5.67
WTA,2023,5,Melbourne,Australian Open,2023-01-16,Grand Slam,Outdoor,Hard,1st Round,3,Kvitova P.,Van Uytvanck A.,15.0,68.0,2221.0,846.0,7.0,6.0,6.0,2.0,,,2.0,0.0,Completed,1.25,4.0,1.23,4.59,1.3,4.75,1.23,4.15
WTA,2023,5,Melbourne,Australian Open,2023-01-16,Grand Slam,Outdoor,Hard,1st Round,3,Muchova K.,Tsurenko L.,133.0,134.0,476.0,473.0,6.0,2.0,6.0,1.0,,,2.0,0.0,Completed,1.62,2.3,1.71,2.24,1.72,2.38,1.65,2.26
WTA,2023,5,Melbourne,Australian Open,2023-01-16,Grand Slam,Outdoor,Hard,1st Round,3,Kalinina A.,Vandeweghe C.,39.0,139.0,1227.0,451.0,6.0,3.0,6.0,1.0,,,2.0,0.0,Completed,1.33,3.4,1.36,3.41,1.4,3.48,1.34,3.28
WTA,2023,5,Melbourne,Australian Open,2023-01-16,Grand Slam,Outdoor,Hard,1st Round,3,Azarenka V.,Kenin S.,24.0,203.0,1598.0,323.0,6.0,4.0,7.0,6.0,,,2.0,0.0,Completed,1.44,2.75,1.48,2.83,1.48,3.0,1.44,2.82
WTA,2023,5,Melbourne,Australian Open,2023-01-16,Grand Slam,Outdoor,Hard,1st Round,3,Ostapenko J.,Yastremska D.,17.0,101.0,2040.0,611.0,6.0,4.0,6.0,2.0,,,2.0,0.0,Completed,1.4,3.0,1.41,3.11,1.45,3.12,1.41,2.92
WTA,2023,5,Melbourne,Australian Open,2023-01-16,Grand Slam,Outdoor,Hard,1st Round,3,Sasnovich A.,Fruhvirtova B.,38.0,136.0,1231.0,471.0,7.0,5.0,6.0,2.0,,,2.0,0.0,Completed,1.44,2.75,1.44,2.97,1.46,3.05,1.42,2.9
WTA,2023,5,Melbourne,Australian Open,2023-01-16,Grand Slam,Outdoor,Hard,1st Round,3,Zheng Q.,Galfi D.,28.0,88.0,1534.0,715.0,6.0,0.0,6.0,2.0,,,2.0,0.0,Completed,1.13,6.0,1.11,7.71,1.15,7.71,1.11,6.7
WTA,2023,5,Melbourne,Australian Open,2023-01-16,Grand Slam,Outdoor,Hard,1st Round,3,Bondar A.,Bogdan A.,81.0,63.0,756.0,910.0,6.0,2.0,2.0,6.0,6.0,3.0,2.0,1.0,Completed,3.0,1.4,3.17,1.4,3.17,1.41,3.02,1.39
WTA,2023,5,Melbourne,Australian Open,2023-01-16,Grand Slam,Outdoor,Hard,1st Round,3,Krejcikova B.,Bejlek S.,23.0,175.0,1600.0,363.0,6.0,3.0,6.0,1.0,,,2.0,0.0,Completed,1.2,4.5,1.2,5.11,1.23,5.11,1.2,4.63
WTA,2023,5,Melbourne,Australian Open,2023-01-16,Grand Slam,Outdoor,Hard,1st Round,3,Baindl K.,Rakhimova K.,95.0,110.0,638.0,585.0,7.0,5.0,6.0,7.0,6.0,1.0,2.0,1.0,Completed,1.91,1.91,1.89,2.0,1.95,2.0,1.88,1.93
WTA,2023,5,Melbourne,Australian Open,2023-01-16,Grand Slam,Outdoor,Hard,1st Round,3,Osorio M.,Udvardy P.,84.0,89.0,744.0,695.0,6.0,4.0,6.0,1.0,,,2.0,0.0,Completed,1.4,3.0,1.41,3.1,1.45,3.1,1.41,2.94
WTA,2023,5,Melbourne,Australian Open,2023-01-16,Grand Slam,Outdoor,Hard,1st Round,3,Mcnally C.,Pigossi L.,94.0,112.0,661.0,559.0,7.0,5.0,6.0,1.0,,,2.0,0.0,Completed,1.17,5.0,1.17,5.74,1.18,5.75,1.16,5.25
WTA,2023,5,Melbourne,Australian Open,2023-01-16,Grand Slam,Outdoor,Hard,1st Round,3,Podoroska N.,Jeanjean L.,191.0,109.0,335.0,589.0,6.0,0.0,6.0,3.0,,,2.0,0.0,Completed,1.91,1.91,1.94,1.94,1.95,2.1,1.89,1.92
WTA,2023,5,Melbourne,Australian Open,2023-01-16,Grand Slam,Outdoor,Hard,1st Round,3,Rybakina E.,Cocciaretto E.,25.0,48.0,1585.0,1015.0,7.0,5.0,6.0,3.0,,,2.0,0.0,Completed,1.36,3.2,1.34,3.41,1.36,3.55,1.34,3.28
WTA,2023,5,Melbourne,Australian Open,2023-01-16,Grand Slam,Outdoor,Hard,1st Round,3,Teichmann J.,Dart H.,33.0,96.0,1429.0,637.0,7.0,5.0,6.0,1.0,,,2.0,0.0,Completed,1.5,2.63,1.53,2.66,1.55,2.7,1.51,2.6
WTA,2023,5,Melbourne,Australian Open,2023-01-16,Grand Slam,Outdoor,Hard,1st Round,3,Zhu L.,Marino R.,87.0,67.0,724.0,859.0,6.0,2.0,6.0,4.0,,,2.0,0.0,Completed,2.2,1.67,2.23,1.72,2.3,1.72,2.22,1.67
WTA,2023,5,Melbourne,Australian Open,2023-01-16,Grand Slam,Outdoor,Hard,1st Round,3,Juvan K.,Janicijevic S.,104.0,185.0,603.0,345.0,7.0,5.0,6.0,1.0,,,2.0,0.0,Completed,1.33,3.4,1.41,3.14,1.41,3.42,1.36,3.16
WTA,2023,5,Melbourne,Australian Open,2023-01-16,Grand Slam,Outdoor,Hard,1st Round,3,Swiatek I.,Niemeier J.,1.0,69.0,11025.0,845.0,6.0,4.0,7.0,5.0,,,2.0,0.0,Completed,1.06,10.0,1.08,10.55,1.1,15.01,1.07,9.17
WTA,2023,5,Melbourne,Australian Open,2023-01-16,Grand Slam,Outdoor,Hard,1st Round,3,Wang Xin.,Sanders S.,79.0,239.0,768.0,263.0,7.0,6.0,6.0,4.0,,,2.0,0.0,Completed,1.62,2.3,1.62,2.43,1.83,2.43,1.63,2.3
WTA,2023,5,Melbourne,Australian Open,2023-01-16,Grand Slam,Outdoor,Hard,1st Round,3,Keys M.,Blinkova A.,13.0,60.0,2318.0,922.0,6.0,4.0,3.0,6.0,6.0,2.0,2.0,1.0,Completed,1.22,4.33,1.23,4.67,1.25,4.67,1.22,4.27
WTA,2023,5,Melbourne,Australian Open,2023-01-17,Grand Slam,Outdoor,Hard,1st Round,3,Rogers S.,Hartono A.,51.0,240.0,1002.0,263.0,6.0,4.0,6.0,3.0,,,2.0,0.0,Completed,1.14,5.5,1.16,5.89,1.16,6.5,1.15,5.58
WTA,2023,5,Melbourne,Australian Open,2023-01-17,Grand Slam,Outdoor,Hard,1st Round,3,Schmiedlova A.,Trevisan M.,105.0,21.0,603.0,1672.0,6.0,3.0,6.0,2.0,,,2.0,0.0,Completed,1.91,1.91,2.0,1.89,2.1,1.91,1.95,1.86
WTA,2023,5,Melbourne,Australian Open,2023-01-17,Grand Slam,Outdoor,Hard,1st Round,3,Alexandrova E.,Bonaventure Y.,18.0,90.0,1910.0,694.0,6.0,2.0,6.0,1.0,,,2.0,0.0,Completed,1.4,3.0,1.35,3.43,1.4,3.43,1.37,3.08
WTA,2023,5,Melbourne,Australian Open,2023-01-17,Grand Slam,Outdoor,Hard,1st Round,3,Giorgi C.,Pavlyuchenkova A.,70.0,364.0,836.0,142.0,6.0,0.0,6.0,1.0,,,2.0,0.0,Completed,1.8,2.0,1.75,2.19,1.87,2.21,1.74,2.1
WTA,2023,5,Melbourne,Australian Open,2023-01-17,Grand Slam,Outdoor,Hard,1st Round,3,Fernandez L.A.,Cornet A.,40.0,34.0,1198.0,1347.0,7.0,5.0,6.0,2.0,,,2.0,0.0,Completed,1.57,2.38,1.64,2.4,1.7,2.43,1.6,2.35
WTA,2023,5,Melbourne,Australian Open,2023-01-17,Grand Slam,Outdoor,Hard,1st Round,3,Mertens E.,Muguruza G.,32.0,73.0,1449.0,824.0,3.0,6.0,7.0,6.0,6.0,1.0,2.0,1.0,Completed,2.0,1.8,2.05,1.85,2.15,1.85,2.06,1.78
WTA,2023,5,Melbourne,Australian Open,2023-01-17,Grand Slam,Outdoor,Hard,1st Round,3,Birrell K.,Kanepi K.,167.0,29.0,374.0,1472.0,3.0,6.0,7.0,6.0,6.0,1.0,2.0,1.0,Completed,5.5,1.14,5.25,1.19,5.75,1.2,5.2,1.17
WTA,2023,5,Melbourne,Australian Open,2023-01-17,Grand Slam,Outdoor,Hard,1st Round,3,Townsend T.,Parry D.,135.0,107.0,471.0,590.0,6.0,1.0,6.0,1.0,,,2.0,0.0,Completed,1.44,2.75,1.54,2.64,1.55,2.92,1.5,2.61
WTA,2023,5,Melbourne,Australian Open,2023-01-17,Grand Slam,Outdoor,Hard,1st Round,3,Sabalenka A.,Martincova T.,5.0,74.0,4340.0,800.0,6.0,1.0,6.0,4.0,,,2.0,0.0,Completed,1.08,8.0,1.09,9.06,1.11,9.06,1.09,7.59
WTA,2023,5,Melbourne,Australian Open,2023-01-17,Grand Slam,Outdoor,Hard,1st Round,3,Fruhvirtova L.,Fourlis J.,82.0,160.0,746.0,389.0,6.0,0.0,6.0,4.0,,,2.0,0.0,Completed,1.25,4.0,1.31,3.79,1.31,4.21,1.27,3.77
WTA,2023,5,Melbourne,Australian Open,2023-01-17,Grand Slam,Outdoor,Hard,1st Round,3,Garcia C.,Sebov K.,4.0,190.0,4415.0,338.0,6.0,3.0,6.0,0.0,,,2.0,0.0,Completed,1.11,6.5,1.15,6.48,1.16,7.0,1.12,6.23
WTA,2023,5,Melbourne,Australian Open,2023-01-17,Grand Slam,Outdoor,Hard,1st Round,3,Volynets K.,Rodina E.,113.0,445.0,556.0,101.0,6.0,3.0,6.0,2.0,,,2.0,0.0,Completed,1.36,3.2,1.36,3.4,1.39,3.5,1.35,3.24
WTA,2023,5,Melbourne,Australian Open,2023-01-17,Grand Slam,Outdoor,Hard,1st Round,3,Kontaveit A.,Grabher J.,19.0,85.0,1909.0,744.0,6.0,2.0,6.0,3.0,,,2.0,0.0,Completed,1.08,8.0,1.09,9.3,1.09,9.5,1.08,8.07
WTA,2023,5,Melbourne,Australian Open,2023-01-17,Grand Slam,Outdoor,Hard,1st Round,3,Pliskova Ka.,Wang Xiy.,31.0,53.0,1450.0,993.0,6.0,1.0,6.0,3.0,,,2.0,0.0,Completed,1.29,3.75,1.31,3.76,1.31,3.9,1.29,3.64
WTA,2023,5,Melbourne,Australian Open,2023-01-17,Grand Slam,Outdoor,Hard,1st Round,3,Kudermetova V.,Zanevska M.,9.0,80.0,2800.0,762.0,6.0,2.0,7.0,6.0,,,2.0,0.0,Completed,1.17,5.0,1.18,5.53,1.19,5.72,1.17,5.1
WTA,2023,5,Melbourne,Australian Open,2023-01-17,Grand Slam,Outdoor,Hard,1st Round,3,Martic P.,Golubic V.,37.0,83.0,1237.0,744.0,6.0,3.0,6.0,4.0,,,2.0,0.0,Completed,1.73,2.1,1.77,2.15,1.78,2.2,1.73,2.12
WTA,2023,5,Melbourne,Australian Open,2023-01-17,Grand Slam,Outdoor,Hard,1st Round,3,Samsonova L.,Paolini J.,20.0,66.0,1905.0,867.0,6.0,2.0,6.0,4.0,,,2.0,0.0,Completed,1.14,5.5,1.19,5.27,1.19,5.6,1.17,5.17
WTA,2023,5,Melbourne,Australian Open,2023-01-17,Grand Slam,Outdoor,Hard,1st Round,3,Putintseva Y.,Cirstea S.,47.0,42.0,1054.0,1136.0,2.0,6.0,6.0,4.0,6.0,3.0,2.0,1.0,Completed,2.1,1.73,2.1,1.81,2.21,1.83,2.1,1.74
WTA,2023,5,Melbourne,Australian Open,2023-01-17,Grand Slam,Outdoor,Hard,1st Round,3,Jabeur O.,Zidansek T.,2.0,98.0,5140.0,617.0,7.0,6.0,4.0,6.0,6.0,1.0,2.0,1.0,Completed,1.1,7.0,1.12,7.6,1.13,7.6,1.11,6.84
WTA,2023,5,Melbourne,Australian Open,2023-01-17,Grand Slam,Outdoor,Hard,1st Round,3,Bencic B.,Tomova V.,10.0,91.0,2735.0,682.0,6.0,1.0,6.0,2.0,,,2.0,0.0,Completed,1.05,11.0,1.05,14.58,1.05,14.58,1.04,11.56
WTA,2023,5,Melbourne,Australian Open,2023-01-18,Grand Slam,Outdoor,Hard,1st Round,3,Stefanini L.,Maria T.,141.0,71.0,447.0,834.0,3.0,6.0,7.0,5.0,6.0,4.0,2.0,1.0,Completed,2.3,1.62,2.54,1.56,2.6,1.66,2.42,1.57
WTA,2023,5,Melbourne,Australian Open,2023-01-18,Grand Slam,Outdoor,Hard,1st Round,3,Vekic D.,Selekhmeteva O.,64.0,179.0,906.0,356.0,6.0,2.0,2.0,6.0,7.0,6.0,2.0,1.0,Completed,1.29,3.75,1.32,3.69,1.32,3.8,1.3,3.59
WTA,2023,5,Melbourne,Australian Open,2023-01-18,Grand Slam,Outdoor,Hard,1st Round,3,Begu I.,Mandlik E.,30.0,129.0,1472.0,500.0,3.0,6.0,7.0,6.0,6.0,2.0,2.0,1.0,Completed,1.22,4.33,1.21,4.9,1.23,4.9,1.21,4.4
WTA,2023,5,Melbourne,Australian Open,2023-01-18,Grand Slam,Outdoor,Hard,1st Round,3,Siegemund L.,Bronzetti L.,158.0,52.0,397.0,996.0,2.0,6.0,6.0,4.0,6.0,3.0,2.0,1.0,Completed,2.0,1.8,2.16,1.75,2.17,1.85,2.07,1.76
WTA,2023,5,Melbourne,Australian Open,2023-01-18,Grand Slam,Outdoor,Hard,1st Round,3,Davis L.,Kovinic D.,57.0,55.0,954.0,966.0,1.0,6.0,7.0,5.0,6.0,1.0,2.0,1.0,Completed,1.44,2.75,1.42,3.07,1.44,3.25,1.39,3.01
WTA,2023,5,Melbourne,Australian Open,2023-01-18,Grand Slam,Outdoor,Hard,1st Round,3,Potapova A.,Stephens S.,44.0,36.0,1079.0,1244.0,7.0,6.0,6.0,4.0,,,2.0,0.0,Completed,2.0,1.8,2.09,1.82,2.15,1.82,2.03,1.8
WTA,2023,5,Melbourne,Australian Open,2023-01-18,Grand Slam,Outdoor,Hard,1st Round,3,Linette M.,Sherif M.,45.0,54.0,1060.0,991.0,7.0,5.0,6.0,1.0,,,2.0,0.0,Completed,1.22,4.33,1.24,4.42,1.25,4.8,1.22,4.28
WTA,2023,5,Melbourne,Australian Open,2023-01-18,Grand Slam,Outdoor,Hard,1st Round,3,Vondrousova M.,Riske-Amritraj A.,86.0,49.0,732.0,1013.0,5.0,7.0,6.0,1.0,6.0,4.0,2.0,1.0,Completed,1.2,4.5,1.22,4.85,1.27,4.85,1.21,4.42
WTA,2023,5,Melbourne,Australian Open,2023-01-18,Grand Slam,Outdoor,Hard,1st Round,3,Zhang S.,Tig P.M.,22.0,777.0,1600.0,29.0,6.0,1.0,4.0,6.0,6.0,0.0,2.0,1.0,Completed,1.08,8.0,1.1,7.97,1.11,8.81,1.09,7.52
WTA,2023,5,Melbourne,Australian Open,2023-01-18,Grand Slam,Outdoor,Hard,1st Round,3,Gracheva V.,Kasatkina D.,97.0,8.0,630.0,3500.0,6.0,1.0,6.0,1.0,,,2.0,0.0,Completed,6.0,1.13,7.09,1.13,7.1,1.15,6.46,1.12
WTA,2023,5,Melbourne,Australian Open,2023-01-18,Grand Slam,Outdoor,Hard,1st Round,3,Liu C.,Brengle M.,62.0,72.0,912.0,831.0,6.0,3.0,6.0,4.0,,,2.0,0.0,Completed,1.62,2.3,1.67,2.32,1.68,2.5,1.63,2.29
WTA,2023,5,Melbourne,Australian Open,2023-01-18,Grand Slam,Outdoor,Hard,1st Round,3,Parrizas Diaz N.,Haddad Maia B.,75.0,14.0,790.0,2255.0,7.0,6.0,6.0,2.0,,,2.0,0.0,Completed,4.5,1.2,4.89,1.21,4.95,1.22,4.58,1.2
WTA,2023,5,Melbourne,Australian Open,2023-01-18,Grand Slam,Outdoor,Hard,2nd Round,3,Bucsa C.,Andreescu B.,100.0,43.0,611.0,1121.0,2.0,6.0,7.0,6.0,6.0,4.0,2.0,1.0,Completed,5.0,1.17,6.17,1.15,6.17,1.2,5.29,1.16
WTA,2023,5,Melbourne,Australian Open,2023-01-18,Grand Slam,Outdoor,Hard,2nd Round,3,Ostapenko J.,Bondar A.,17.0,81.0,2040.0,756.0,7.0,6.0,5.0,7.0,6.0,0.0,2.0,1.0,Completed,1.2,4.5,1.2,4.98,1.24,5.0,1.2,4.62
WTA,2023,5,Melbourne,Australian Open,2023-01-18,Grand Slam,Outdoor,Hard,2nd Round,3,Sakkari M.,Shnaider D.,6.0,106.0,3921.0,593.0,3.0,6.0,7.0,5.0,6.0,3.0,2.0,1.0,Completed,1.17,5.0,1.17,5.53,1.23,5.53,1.18,4.94
WTA,2023,5,Melbourne,Australian Open,2023-01-18,Grand Slam,Outdoor,Hard,2nd Round,3,Swiatek I.,Osorio M.,1.0,84.0,11025.0,744.0,6.0,2.0,6.0,3.0,,,2.0,0.0,Completed,1.04,13.0,1.04,17.5,1.05,17.5,1.03,12.47
WTA,2023,5,Melbourne,Australian Open,2023-01-18,Grand Slam,Outdoor,Hard,2nd Round,3,Zhu L.,Teichmann J.,87.0,33.0,724.0,1429.0,6.0,2.0,6.0,2.0,,,2.0,0.0,Completed,2.75,1.44,3.0,1.43,3.01,1.46,2.86,1.43
WTA,2023,5,Melbourne,Australian Open,2023-01-18,Grand Slam,Outdoor,Hard,2nd Round,3,Pegula J.,Sasnovich A.,3.0,38.0,5000.0,1231.0,6.0,2.0,7.0,6.0,,,2.0,0.0,Completed,1.14,5.5,1.15,6.1,1.17,6.4,1.14,5.64
WTA,2023,5,Melbourne,Australian Open,2023-01-18,Grand Slam,Outdoor,Hard,2nd Round,3,Kalinina A.,Kvitova P.,39.0,15.0,1227.0,2221.0,7.0,5.0,6.0,4.0,,,2.0,0.0,Completed,2.5,1.53,2.45,1.6,2.62,1.63,2.42,1.57
WTA,2023,5,Melbourne,Australian Open,2023-01-18,Grand Slam,Outdoor,Hard,2nd Round,3,Krejcikova B.,Burel C.,23.0,130.0,1600.0,499.0,6.0,4.0,6.0,1.0,,,2.0,0.0,Completed,1.17,5.0,1.16,5.76,1.22,5.76,1.17,5.19
WTA,2023,5,Melbourne,Australian Open,2023-01-18,Grand Slam,Outdoor,Hard,2nd Round,3,Keys M.,Wang Xin.,13.0,79.0,2318.0,768.0,6.0,3.0,6.0,2.0,,,2.0,0.0,Completed,1.17,5.0,1.18,5.48,1.2,5.48,1.18,4.94
WTA,2023,5,Melbourne,Australian Open,2023-01-18,Grand Slam,Outdoor,Hard,2nd Round,3,Baindl K.,Mcnally C.,95.0,94.0,638.0,661.0,6.0,1.0,7.0,6.0,,,2.0,0.0,Completed,2.5,1.53,2.75,1.49,2.9,1.55,2.6,1.5
WTA,2023,5,Melbourne,Australian Open,2023-01-18,Grand Slam,Outdoor,Hard,2nd Round,3,Gauff C.,Raducanu E.,7.0,77.0,3762.0,784.0,6.0,3.0,7.0,6.0,,,2.0,0.0,Completed,1.29,3.75,1.28,3.97,1.34,3.97,1.29,3.64
WTA,2023,5,Melbourne,Australian Open,2023-01-18,Grand Slam,Outdoor,Hard,2nd Round,3,Rybakina E.,Juvan K.,25.0,104.0,1585.0,603.0,6.0,2.0,6.0,1.0,,,2.0,0.0,Completed,1.17,5.0,1.18,5.36,1.2,5.5,1.17,5.01
WTA,2023,5,Melbourne,Australian Open,2023-01-18,Grand Slam,Outdoor,Hard,2nd Round,3,Kostyuk M.,Gadecki O.,61.0,199.0,915.0,326.0,6.0,2.0,6.0,1.0,,,2.0,0.0,Completed,1.14,5.5,1.16,6.03,1.17,6.5,1.14,5.79
WTA,2023,5,Melbourne,Australian Open,2023-01-18,Grand Slam,Outdoor,Hard,2nd Round,3,Pera B.,Zheng Q.,41.0,28.0,1145.0,1534.0,6.0,4.0,6.0,4.0,,,2.0,0.0,Completed,3.5,1.3,3.67,1.32,3.67,1.36,3.44,1.32
WTA,2023,5,Melbourne,Australian Open,2023-01-18,Grand Slam,Outdoor,Hard,2nd Round,3,Collins D.,Muchova K.,11.0,133.0,2388.0,476.0,6.0,7.0,6.0,2.0,7.0,6.0,2.0,1.0,Completed,1.57,2.38,1.63,2.39,1.65,2.45,1.59,2.36
WTA,2023,5,Melbourne,Australian Open,2023-01-18,Grand Slam,Outdoor,Hard,2nd Round,3,Azarenka V.,Podoroska N.,24.0,191.0,1598.0,335.0,6.0,1.0,6.0,0.0,,,2.0,0.0,Completed,1.1,7.0,1.09,8.58,1.12,8.58,1.1,7.46
WTA,2023,5,Melbourne,Australian Open,2023-01-19,Grand Slam,Outdoor,Hard,2nd Round,3,Volynets K.,Kudermetova V.,113.0,9.0,556.0,2800.0,6.0,4.0,2.0,6.0,6.0,2.0,2.0,1.0,Completed,9.0,1.07,9.01,1.09,10.09,1.11,8.11,1.08
WTA,2023,5,Melbourne,Australian Open,2023-01-19,Grand Slam,Outdoor,Hard,2nd Round,3,Alexandrova E.,Townsend T.,18.0,135.0,1910.0,471.0,1.0,6.0,6.0,2.0,6.0,3.0,2.0,1.0,Completed,1.4,3.0,1.44,3.0,1.46,3.15,1.39,3.0
WTA,2023,5,Melbourne,Australian Open,2023-01-19,Grand Slam,Outdoor,Hard,2nd Round,3,Sabalenka A.,Rogers S.,5.0,51.0,4340.0,1002.0,6.0,3.0,6.0,1.0,,,2.0,0.0,Completed,1.17,5.0,1.21,4.95,1.25,5.05,1.2,4.65
WTA,2023,5,Melbourne,Australian Open,2023-01-19,Grand Slam,Outdoor,Hard,2nd Round,3,Mertens E.,Davis L.,32.0,57.0,1449.0,954.0,6.0,4.0,6.0,3.0,,,2.0,0.0,Completed,1.73,2.1,1.74,2.21,1.84,2.25,1.71,2.15
WTA,2023,5,Melbourne,Australian Open,2023-01-19,Grand Slam,Outdoor,Hard,2nd Round,3,Linette M.,Kontaveit A.,45.0,19.0,1060.0,1909.0,3.0,6.0,6.0,3.0,6.0,4.0,2.0,1.0,Completed,2.5,1.53,2.35,1.66,2.65,1.66,2.45,1.56
WTA,2023,5,Melbourne,Australian Open,2023-01-19,Grand Slam,Outdoor,Hard,2nd Round,3,Siegemund L.,Begu I.,158.0,30.0,397.0,1472.0,5.0,7.0,7.0,5.0,6.0,3.0,2.0,1.0,Completed,3.2,1.36,3.23,1.39,3.35,1.4,3.12,1.37
WTA,2023,5,Melbourne,Australian Open,2023-01-19,Grand Slam,Outdoor,Hard,2nd Round,3,Giorgi C.,Schmiedlova A.,70.0,105.0,836.0,603.0,6.0,4.0,6.0,3.0,,,2.0,0.0,Completed,1.44,2.75,1.43,3.05,1.46,3.05,1.42,2.89
WTA,2023,5,Melbourne,Australian Open,2023-01-19,Grand Slam,Outdoor,Hard,2nd Round,3,Vekic D.,Samsonova L.,64.0,20.0,906.0,1905.0,6.0,3.0,6.0,0.0,,,2.0,0.0,Completed,,,2.98,1.44,3.06,1.44,2.92,1.41
WTA,2023,5,Melbourne,Australian Open,2023-01-19,Grand Slam,Outdoor,Hard,2nd Round,3,Pliskova Ka.,Putintseva Y.,31.0,47.0,1450.0,1054.0,6.0,0.0,7.0,5.0,,,2.0,0.0,Completed,1.4,3.0,1.45,2.94,1.48,3.0,1.43,2.83
WTA,2023,5,Melbourne,Australian Open,2023-01-19,Grand Slam,Outdoor,Hard,2nd Round,3,Fruhvirtova L.,Birrell K.,82.0,167.0,746.0,374.0,6.0,3.0,6.0,2.0,,,2.0,0.0,Completed,1.4,3.0,1.41,3.14,1.47,3.25,1.4,2.97
WTA,2023,5,Melbourne,Australian Open,2023-01-19,Grand Slam,Outdoor,Hard,2nd Round,3,Parrizas Diaz N.,Potapova A.,75.0,44.0,790.0,1079.0,6.0,3.0,6.0,2.0,,,2.0,0.0,Completed,2.5,1.53,2.57,1.56,2.7,1.56,2.54,1.52
WTA,2023,5,Melbourne,Australian Open,2023-01-19,Grand Slam,Outdoor,Hard,2nd Round,3,Zhang S.,Martic P.,22.0,37.0,1600.0,1237.0,6.0,3.0,6.0,3.0,,,2.0,0.0,Completed,2.1,1.73,2.18,1.75,2.18,1.86,2.1,1.75
WTA,2023,5,Melbourne,Australian Open,2023-01-19,Grand Slam,Outdoor,Hard,2nd Round,3,Garcia C.,Fernandez L.A.,4.0,40.0,4415.0,1198.0,7.0,6.0,7.0,5.0,,,2.0,0.0,Completed,1.44,2.75,1.49,2.8,1.53,2.92,1.47,2.68
WTA,2023,5,Melbourne,Australian Open,2023-01-19,Grand Slam,Outdoor,Hard,2nd Round,3,Gracheva V.,Stefanini L.,97.0,141.0,630.0,447.0,6.0,3.0,6.0,1.0,,,2.0,0.0,Completed,1.5,2.63,1.56,2.56,1.67,2.7,1.52,2.54
WTA,2023,5,Melbourne,Australian Open,2023-01-19,Grand Slam,Outdoor,Hard,2nd Round,3,Bencic B.,Liu C.,10.0,62.0,2735.0,912.0,7.0,6.0,6.0,3.0,,,2.0,0.0,Completed,1.07,9.0,1.09,9.0,1.11,9.0,1.08,8.06
WTA,2023,5,Melbourne,Australian Open,2023-01-19,Grand Slam,Outdoor,Hard,2nd Round,3,Vondrousova M.,Jabeur O.,86.0,2.0,732.0,5140.0,6.0,1.0,5.0,7.0,6.0,1.0,2.0,1.0,Completed,2.1,1.73,2.12,1.79,2.16,1.83,2.08,1.76
WTA,2023,5,Melbourne,Australian Open,2023-01-20,Grand Slam,Outdoor,Hard,3rd Round,3,Krejcikova B.,Kalinina A.,23.0,39.0,1600.0,1227.0,6.0,2.0,6.0,3.0,,,2.0,0.0,Completed,1.67,2.2,1.72,2.25,1.72,2.3,1.67,2.22
WTA,2023,5,Melbourne,Australian Open,2023-01-20,Grand Slam,Outdoor,Hard,3rd Round,3,Rybakina E.,Collins D.,25.0,11.0,1585.0,2388.0,6.0,2.0,5.0,7.0,6.0,2.0,2.0,1.0,Completed,1.67,2.2,1.65,2.38,1.73,2.46,1.64,2.27
WTA,2023,5,Melbourne,Australian Open,2023-01-20,Grand Slam,Outdoor,Hard,3rd Round,3,Pegula J.,Kostyuk M.,3.0,61.0,5000.0,915.0,6.0,0.0,6.0,2.0,,,2.0,0.0,Completed,1.29,3.75,1.27,4.27,1.34,4.27,1.29,3.65
WTA,2023,5,Melbourne,Australian Open,2023-01-20,Grand Slam,Outdoor,Hard,3rd Round,3,Gauff C.,Pera B.,7.0,41.0,3762.0,1145.0,6.0,3.0,6.0,2.0,,,2.0,0.0,Completed,1.14,5.5,1.18,5.76,1.22,5.76,1.17,5.25
WTA,2023,5,Melbourne,Australian Open,2023-01-20,Grand Slam,Outdoor,Hard,3rd Round,3,Ostapenko J.,Baindl K.,17.0,95.0,2040.0,638.0,6.0,3.0,6.0,0.0,,,2.0,0.0,Completed,1.4,3.0,1.45,3.0,1.45,3.15,1.39,3.0
WTA,2023,5,Melbourne,Australian Open,2023-01-20,Grand Slam,Outdoor,Hard,3rd Round,3,Swiatek I.,Bucsa C.,1.0,100.0,11025.0,611.0,6.0,0.0,6.0,1.0,,,2.0,0.0,Completed,1.03,15.0,1.04,18.49,1.05,18.49,1.03,13.7
WTA,2023,5,Melbourne,Australian Open,2023-01-20,Grand Slam,Outdoor,Hard,3rd Round,3,Azarenka V.,Keys M.,24.0,13.0,1598.0,2318.0,1.0,6.0,6.0,2.0,6.0,1.0,2.0,1.0,Completed,1.73,2.1,1.83,2.08,1.86,2.15,1.77,2.06
WTA,2023,5,Melbourne,Australian Open,2023-01-20,Grand Slam,Outdoor,Hard,3rd Round,3,Zhu L.,Sakkari M.,87.0,6.0,724.0,3921.0,7.0,6.0,1.0,6.0,6.0,4.0,2.0,1.0,Completed,5.0,1.17,5.38,1.2,6.0,1.2,5.14,1.17
WTA,2023,5,Melbourne,Australian Open,2023-01-21,Grand Slam,Outdoor,Hard,3rd Round,3,Pliskova Ka.,Gracheva V.,31.0,97.0,1450.0,630.0,6.0,4.0,6.0,2.0,,,2.0,0.0,Completed,1.29,3.75,1.29,4.03,1.3,4.25,1.27,3.79
WTA,2023,5,Melbourne,Australian Open,2023-01-21,Grand Slam,Outdoor,Hard,3rd Round,3,Vekic D.,Parrizas Diaz N.,64.0,75.0,906.0,790.0,6.0,2.0,6.0,2.0,,,2.0,0.0,Completed,1.4,3.0,1.37,3.36,1.42,3.4,1.39,3.04
WTA,2023,5,Melbourne,Australian Open,2023-01-21,Grand Slam,Outdoor,Hard,3rd Round,3,Bencic B.,Giorgi C.,10.0,70.0,2735.0,836.0,6.0,2.0,7.0,5.0,,,2.0,0.0,Completed,1.22,4.33,1.27,4.2,1.27,4.45,1.23,4.17
WTA,2023,5,Melbourne,Australian Open,2023-01-21,Grand Slam,Outdoor,Hard,3rd Round,3,Zhang S.,Volynets K.,22.0,113.0,1600.0,556.0,6.0,3.0,6.0,2.0,,,2.0,0.0,Completed,1.4,3.0,1.43,3.09,1.43,3.2,1.4,2.97
WTA,2023,5,Melbourne,Australian Open,2023-01-21,Grand Slam,Outdoor,Hard,3rd Round,3,Fruhvirtova L.,Vondrousova M.,82.0,86.0,746.0,732.0,7.0,5.0,2.0,6.0,6.0,3.0,2.0,1.0,Completed,3.2,1.36,3.75,1.32,3.75,1.38,3.39,1.33
WTA,2023,5,Melbourne,Australian Open,2023-01-21,Grand Slam,Outdoor,Hard,3rd Round,3,Sabalenka A.,Mertens E.,5.0,32.0,4340.0,1449.0,6.0,2.0,6.0,3.0,,,2.0,0.0,Completed,1.2,4.5,1.2,5.29,1.23,5.29,1.2,4.57
WTA,2023,5,Melbourne,Australian Open,2023-01-21,Grand Slam,Outdoor,Hard,3rd Round,3,Garcia C.,Siegemund L.,4.0,158.0,4415.0,397.0,1.0,6.0,6.0,3.0,6.0,3.0,2.0,1.0,Completed,1.1,7.0,1.08,10.42,1.13,10.42,1.1,7.22
WTA,2023,5,Melbourne,Australian Open,2023-01-21,Grand Slam,Outdoor,Hard,3rd Round,3,Linette M.,Alexandrova E.,45.0,18.0,1060.0,1910.0,6.0,3.0,6.0,4.0,,,2.0,0.0,Completed,2.3,1.62,2.33,1.68,2.4,1.73,2.23,1.66
WTA,2023,5,Melbourne,Australian Open,2023-01-22,Grand Slam,Outdoor,Hard,4th Round,3,Rybakina E.,Swiatek I.,25.0,1.0,1585.0,11025.0,6.0,4.0,6.0,4.0,,,2.0,0.0,Completed,4.33,1.22,4.56,1.24,4.56,1.27,4.1,1.24
WTA,2023,5,Melbourne,Australian Open,2023-01-22,Grand Slam,Outdoor,Hard,4th Round,3,Ostapenko J.,Gauff C.,17.0,7.0,2040.0,3762.0,7.0,5.0,6.0,3.0,,,2.0,0.0,Completed,4.5,1.2,4.34,1.26,4.6,1.26,4.32,1.22
WTA,2023,5,Melbourne,Australian Open,2023-01-22,Grand Slam,Outdoor,Hard,4th Round,3,Pegula J.,Krejcikova B.,3.0,23.0,5000.0,1600.0,7.0,5.0,6.0,2.0,,,2.0,0.0,Completed,1.4,3.0,1.44,3.02,1.54,3.02,1.43,2.85
WTA,2023,5,Melbourne,Australian Open,2023-01-22,Grand Slam,Outdoor,Hard,4th Round,3,Azarenka V.,Zhu L.,24.0,87.0,1598.0,724.0,4.0,6.0,6.0,1.0,6.0,4.0,2.0,1.0,Completed,1.14,5.5,1.16,6.31,1.2,6.31,1.14,5.67
WTA,2023,5,Melbourne,Australian Open,2023-01-23,Grand Slam,Outdoor,Hard,4th Round,3,Sabalenka A.,Bencic B.,5.0,10.0,4340.0,2735.0,7.0,5.0,6.0,2.0,,,2.0,0.0,Completed,1.67,2.2,1.78,2.2,1.78,2.32,1.7,2.18
WTA,2023,5,Melbourne,Australian Open,2023-01-23,Grand Slam,Outdoor,Hard,4th Round,3,Vekic D.,Fruhvirtova L.,64.0,82.0,906.0,746.0,6.0,2.0,1.0,6.0,6.0,3.0,2.0,1.0,Completed,1.4,3.0,1.39,3.27,1.46,3.27,1.39,3.02
WTA,2023,5,Melbourne,Australian Open,2023-01-23,Grand Slam,Outdoor,Hard,4th Round,3,Linette M.,Garcia C.,45.0,4.0,1060.0,4415.0,7.0,6.0,6.0,4.0,,,2.0,0.0,Completed,3.0,1.4,3.15,1.41,3.4,1.43,3.05,1.38
WTA,2023,5,Melbourne,Australian Open,2023-01-23,Grand Slam,Outdoor,Hard,4th Round,3,Pliskova Ka.,Zhang S.,31.0,22.0,1450.0,1600.0,6.0,0.0,6.0,4.0,,,2.0,0.0,Completed,1.44,2.75,1.46,2.96,1.5,2.96,1.45,2.8
WTA,2023,5,Melbourne,Australian Open,2023-01-24,Grand Slam,Outdoor,Hard,Quarterfinals,3,Rybakina E.,Ostapenko J.,25.0,17.0,1585.0,2040.0,6.0,2.0,6.0,4.0,,,2.0,0.0,Completed,1.36,3.2,1.39,3.27,1.44,3.3,1.37,3.13
WTA,2023,5,Melbourne,Australian Open,2023-01-24,Grand Slam,Outdoor,Hard,Quarterfinals,3,Azarenka V.,Pegula J.,24.0,3.0,1598.0,5000.0,6.0,4.0,6.0,1.0,,,2.0,0.0,Completed,3.4,1.33,3.72,1.32,3.77,1.41,3.4,1.33
WTA,2023,5,Melbourne,Australian Open,2023-01-25,Grand Slam,Outdoor,Hard,Quarterfinals,3,Linette M.,Pliskova Ka.,45.0,31.0,1060.0,1450.0,6.0,3.0,7.0,5.0,,,2.0,0.0,Completed,2.38,1.57,2.5,1.6,2.58,1.64,2.4,1.58
WTA,2023,5,Melbourne,Australian Open,2023-01-25,Grand Slam,Outdoor,Hard,Quarterfinals,3,Sabalenka A.,Vekic D.,5.0,64.0,4340.0,906.0,6.0,3.0,6.0,2.0,,,2.0,0.0,Completed,1.29,3.75,1.28,4.12,1.31,4.12,1.29,3.7
WTA,2023,5,Melbourne,Australian Open,2023-01-26,Grand Slam,Outdoor,Hard,Semifinals,3,Rybakina E.,Azarenka V.,25.0,24.0,1585.0,1598.0,7.0,6.0,6.0,3.0,,,2.0,0.0,Completed,1.44,2.75,1.5,2.8,1.54,2.91,1.48,2.73
WTA,2023,5,Melbourne,Australian Open,2023-01-26,Grand Slam,Outdoor,Hard,Semifinals,3,Sabalenka A.,Linette M.,5.0,45.0,4340.0,1060.0,7.0,6.0,6.0,2.0,,,2.0,0.0,Completed,1.17,5.0,1.18,5.59,1.23,5.59,1.19,4.88
WTA,2023,5,Melbourne,Australian Open,2023-01-28,Grand Slam,Outdoor,Hard,The Final,3,Sabalenka A.,Rybakina E.,5.0,25.0,4340.0,1585.0,4.0,6.0,6.0,3.0,6.0,4.0,2.0,1.0,Completed,1.8,2.1,1.77,2.18,1.86,2.22,1.78,2.09
WTA,2023,24,Paris,French Open,2023-05-28,Grand Slam,Outdoor,Clay,1st Round,3,Frech M.,Zhang S.,88.0,31.0,720.0,1355.0,6.0,1.0,6.0,1.0,,,2.0,0.0,Completed,1.25,4.0,1.31,3.86,1.31,4.25,1.27,3.76
WTA,2023,24,Paris,French Open,2023-05-28,Grand Slam,Outdoor,Clay,1st Round,3,Hunter S.,Parrizas Diaz N.,204.0,94.0,346.0,679.0,4.0,6.0,6.0,2.0,6.0,4.0,2.0,1.0,Completed,1.91,1.91,1.96,1.94,2.0,1.95,1.92,1.88
WTA,2023,24,Paris,French Open,2023-05-28,Grand Slam,Outdoor,Clay,1st Round,3,Shymanovich I.,Udvardy P.,214.0,97.0,335.0,675.0,6.0,7.0,6.0,3.0,6.0,1.0,2.0,1.0,Completed,1.44,2.75,1.46,2.94,1.46,3.0,1.43,2.83
WTA,2023,24,Paris,French Open,2023-05-28,Grand Slam,Outdoor,Clay,1st Round,3,Sabalenka A.,Kostyuk M.,2.0,39.0,7541.0,1225.0,6.0,3.0,6.0,2.0,,,2.0,0.0,Completed,1.11,6.5,1.15,6.51,1.16,6.51,1.13,5.87
WTA,2023,24,Paris,French Open,2023-05-28,Grand Slam,Outdoor,Clay,1st Round,3,Podoroska N.,Ponchet J.,103.0,123.0,639.0,566.0,6.0,0.0,6.0,2.0,,,2.0,0.0,Completed,1.67,2.2,1.77,2.17,1.77,2.35,1.7,2.15
WTA,2023,24,Paris,French Open,2023-05-28,Grand Slam,Outdoor,Clay,1st Round,3,Rakhimova K.,Bejlek S.,82.0,182.0,750.0,385.0,6.0,0.0,6.0,3.0,,,2.0,0.0,Completed,1.8,2.0,1.83,2.09,1.91,2.09,1.81,2.0
WTA,2023,24,Paris,French Open,2023-05-28,Grand Slam,Outdoor,Clay,1st Round,3,Mertens E.,Hruncakova V.,28.0,136.0,1439.0,520.0,6.0,1.0,6.0,4.0,,,2.0,0.0,Completed,1.11,6.5,1.12,7.89,1.12,8.25,1.1,6.98
WTA,2023,24,Paris,French Open,2023-05-28,Grand Slam,Outdoor,Clay,1st Round,3,Muchova K.,Sakkari M.,43.0,8.0,1125.0,3391.0,7.0,6.0,7.0,5.0,,,2.0,0.0,Completed,1.91,1.91,1.93,1.95,2.05,1.95,1.93,1.87
WTA,2023,24,Paris,French Open,2023-05-28,Grand Slam,Outdoor,Clay,1st Round,3,Fernandez L.A.,Linette M.,49.0,21.0,1052.0,1825.0,6.0,3.0,1.0,6.0,6.0,3.0,2.0,1.0,Completed,1.91,1.91,1.93,1.95,2.0,1.95,1.9,1.9
WTA,2023,24,Paris,French Open,2023-05-28,Grand Slam,Outdoor,Clay,1st Round,3,Jeanjean L.,Birrell K.,124.0,110.0,561.0,607.0,6.0,4.0,6.0,7.0,6.0,3.0,2.0,1.0,Completed,2.0,1.8,2.05,1.85,2.1,1.87,1.97,1.83
WTA,2023,24,Paris,French Open,2023-05-28,Grand Slam,Outdoor,Clay,1st Round,3,Giorgi C.,Cornet A.,37.0,62.0,1278.0,920.0,6.0,3.0,6.0,4.0,,,2.0,0.0,Completed,1.44,2.75,1.44,2.99,1.45,3.0,1.43,2.8
WTA,2023,24,Paris,French Open,2023-05-28,Grand Slam,Outdoor,Clay,1st Round,3,Zheng Q.,Zidansek T.,19.0,112.0,1998.0,604.0,6.0,3.0,6.0,1.0,,,2.0,0.0,Completed,1.2,4.5,1.26,4.28,1.26,4.6,1.23,4.18
WTA,2023,24,Paris,French Open,2023-05-28,Grand Slam,Outdoor,Clay,1st Round,3,Tauson C.,Sasnovich A.,127.0,51.0,541.0,1034.0,6.0,2.0,6.0,0.0,,,2.0,0.0,Completed,1.62,2.3,1.6,2.49,1.66,2.49,1.59,2.35
WTA,2023,24,Paris,French Open,2023-05-28,Grand Slam,Outdoor,Clay,1st Round,3,Potapova A.,Townsend T.,25.0,109.0,1665.0,609.0,6.0,1.0,6.0,2.0,,,2.0,0.0,Completed,1.44,2.75,1.53,2.65,1.55,2.75,1.5,2.57
WTA,2023,24,Paris,French Open,2023-05-28,Grand Slam,Outdoor,Clay,1st Round,3,Errani S.,Teichmann J.,73.0,77.0,802.0,785.0,3.0,6.0,6.0,4.0,6.0,2.0,2.0,1.0,Completed,3.2,1.36,3.22,1.39,3.4,1.44,3.13,1.36
WTA,2023,24,Paris,French Open,2023-05-28,Grand Slam,Outdoor,Clay,1st Round,3,Sherif M.,Brengle M.,54.0,95.0,990.0,677.0,6.0,3.0,6.0,1.0,,,2.0,0.0,Completed,1.29,3.75,1.26,4.3,1.29,4.33,1.24,4.02
WTA,2023,24,Paris,French Open,2023-05-28,Grand Slam,Outdoor,Clay,1st Round,3,Begu I.,Bondar A.,27.0,104.0,1452.0,635.0,6.0,4.0,6.0,2.0,,,2.0,0.0,Completed,1.36,3.2,1.33,3.64,1.36,3.64,1.32,3.39
WTA,2023,24,Paris,French Open,2023-05-28,Grand Slam,Outdoor,Clay,1st Round,3,Samsonova L.,Volynets K.,15.0,92.0,2236.0,690.0,6.0,0.0,6.0,1.0,,,2.0,0.0,Completed,1.29,3.75,1.29,3.93,1.3,4.0,1.27,3.73
WTA,2023,24,Paris,French Open,2023-05-28,Grand Slam,Outdoor,Clay,1st Round,3,Pegula J.,Collins D.,3.0,46.0,5205.0,1073.0,6.0,4.0,6.0,2.0,,,2.0,0.0,Completed,1.2,4.5,1.26,4.23,1.26,4.5,1.23,4.13
WTA,2023,24,Paris,French Open,2023-05-28,Grand Slam,Outdoor,Clay,1st Round,3,Kasatkina D.,Niemeier J.,9.0,76.0,3275.0,789.0,6.0,3.0,6.0,4.0,,,2.0,0.0,Completed,1.25,4.0,1.3,3.83,1.39,4.0,1.28,3.67
WTA,2023,24,Paris,French Open,2023-05-29,Grand Slam,Outdoor,Clay,1st Round,3,Day K.,Mladenovic K.,138.0,166.0,509.0,420.0,7.0,5.0,6.0,1.0,,,2.0,0.0,Completed,1.17,5.0,1.24,4.44,1.24,5.05,1.21,4.39
WTA,2023,24,Paris,French Open,2023-05-29,Grand Slam,Outdoor,Clay,1st Round,3,Vekic D.,Yastremska D.,22.0,144.0,1813.0,480.0,6.0,2.0,7.0,5.0,,,2.0,0.0,Completed,1.53,2.5,1.58,2.53,1.6,2.63,1.54,2.48
WTA,2023,24,Paris,French Open,2023-05-29,Grand Slam,Outdoor,Clay,1st Round,3,Osorio M.,Bogdan A.,86.0,63.0,739.0,918.0,3.0,6.0,6.0,3.0,7.0,5.0,2.0,1.0,Completed,1.57,2.38,1.61,2.46,1.61,2.55,1.58,2.39
WTA,2023,24,Paris,French Open,2023-05-29,Grand Slam,Outdoor,Clay,1st Round,3,Keys M.,Kanepi K.,20.0,74.0,1861.0,797.0,6.0,1.0,3.0,6.0,6.0,1.0,2.0,1.0,Completed,1.2,4.5,1.27,4.12,1.29,4.54,1.26,3.88
WTA,2023,24,Paris,French Open,2023-05-29,Grand Slam,Outdoor,Clay,1st Round,3,Pera B.,Kontaveit A.,36.0,78.0,1284.0,779.0,7.0,6.0,6.0,2.0,,,2.0,0.0,Completed,1.8,2.0,1.8,2.11,1.85,2.11,1.78,2.03
WTA,2023,24,Paris,French Open,2023-05-29,Grand Slam,Outdoor,Clay,1st Round,3,Pavlyuchenkova A.,Fruhvirtova L.,333.0,59.0,179.0,963.0,6.0,2.0,6.0,2.0,,,2.0,0.0,Completed,1.36,3.2,1.31,3.73,1.36,4.05,1.29,3.62
WTA,2023,24,Paris,French Open,2023-05-29,Grand Slam,Outdoor,Clay,1st Round,3,Stephens S.,Pliskova Ka.,30.0,16.0,1360.0,2160.0,6.0,0.0,6.0,4.0,,,2.0,0.0,Completed,2.1,1.73,1.97,1.92,2.12,1.92,1.98,1.82
WTA,2023,24,Paris,French Open,2023-05-29,Grand Slam,Outdoor,Clay,1st Round,3,Vondrousova M.,Parks A.,60.0,45.0,936.0,1097.0,6.0,4.0,6.0,0.0,,,2.0,0.0,Completed,1.07,9.0,1.08,9.77,1.09,9.77,1.07,8.37
WTA,2023,24,Paris,French Open,2023-05-29,Grand Slam,Outdoor,Clay,1st Round,3,Shnaider D.,Marino R.,108.0,81.0,616.0,758.0,6.0,3.0,7.0,5.0,,,2.0,0.0,Completed,1.44,2.75,1.45,2.93,1.5,2.93,1.44,2.79
WTA,2023,24,Paris,French Open,2023-05-29,Grand Slam,Outdoor,Clay,1st Round,3,Avanesyan E.,Bencic B.,134.0,12.0,522.0,2750.0,6.0,3.0,2.0,6.0,6.0,4.0,2.0,1.0,Completed,6.5,1.11,6.6,1.14,7.0,1.14,6.16,1.12
WTA,2023,24,Paris,French Open,2023-05-29,Grand Slam,Outdoor,Clay,1st Round,3,Gracheva V.,Galfi D.,41.0,98.0,1147.0,674.0,6.0,4.0,2.0,6.0,6.0,1.0,2.0,1.0,Completed,1.29,3.75,1.33,3.62,1.35,3.75,1.31,3.41
WTA,2023,24,Paris,French Open,2023-05-29,Grand Slam,Outdoor,Clay,1st Round,3,Putintseva Y.,Zanevska M.,58.0,89.0,975.0,717.0,7.0,5.0,7.0,6.0,,,2.0,0.0,Completed,1.53,2.5,1.63,2.41,1.67,2.59,1.58,2.37
WTA,2023,24,Paris,French Open,2023-05-29,Grand Slam,Outdoor,Clay,1st Round,3,Svitolina E.,Trevisan M.,192.0,24.0,367.0,1667.0,6.0,2.0,6.0,2.0,,,2.0,0.0,Completed,1.73,2.1,1.76,2.17,1.76,2.25,1.72,2.12
WTA,2023,24,Paris,French Open,2023-05-29,Grand Slam,Outdoor,Clay,1st Round,3,Bolsova A.,Kucova K.,131.0,451.0,531.0,112.0,6.0,2.0,6.0,1.0,,,2.0,0.0,Completed,1.36,3.2,1.35,3.47,1.41,3.47,1.33,3.28
WTA,2023,24,Paris,French Open,2023-05-29,Grand Slam,Outdoor,Clay,1st Round,3,Stearns P.,Siniakova K.,69.0,48.0,851.0,1057.0,7.0,6.0,6.0,2.0,,,2.0,0.0,Completed,1.4,3.0,1.42,3.08,1.42,3.1,1.4,2.94
WTA,2023,24,Paris,French Open,2023-05-29,Grand Slam,Outdoor,Clay,1st Round,3,Garcia C.,Wang Xiy.,5.0,64.0,5025.0,909.0,7.0,6.0,4.0,6.0,6.0,4.0,2.0,1.0,Completed,1.36,3.2,1.38,3.3,1.41,3.3,1.36,3.13
WTA,2023,24,Paris,French Open,2023-05-29,Grand Slam,Outdoor,Clay,1st Round,3,Friedsam A.L.,Hibino N.,91.0,113.0,698.0,589.0,6.0,3.0,3.0,6.0,6.0,4.0,2.0,1.0,Completed,1.57,2.38,1.53,2.66,1.59,2.66,1.53,2.48
WTA,2023,24,Paris,French Open,2023-05-29,Grand Slam,Outdoor,Clay,1st Round,3,Blinkova A.,Bonaventure Y.,56.0,84.0,983.0,746.0,6.0,2.0,6.0,0.0,,,2.0,0.0,Completed,1.44,2.75,1.48,2.83,1.48,2.85,1.45,2.76
WTA,2023,24,Paris,French Open,2023-05-29,Grand Slam,Outdoor,Clay,1st Round,3,Haddad Maia B.,Maria T.,14.0,67.0,2420.0,855.0,6.0,0.0,6.0,1.0,,,2.0,0.0,Completed,1.22,4.33,1.23,4.56,1.27,4.56,1.22,4.28
WTA,2023,24,Paris,French Open,2023-05-29,Grand Slam,Outdoor,Clay,1st Round,3,Schmiedlova A.,Kudermetova V.,100.0,11.0,666.0,2950.0,6.0,3.0,6.0,1.0,,,2.0,0.0,Completed,7.0,1.1,7.87,1.11,7.87,1.12,6.88,1.1
WTA,2023,24,Paris,French Open,2023-05-29,Grand Slam,Outdoor,Clay,1st Round,3,Alexandrova E.,Tomova V.,23.0,72.0,1725.0,809.0,6.0,1.0,2.0,6.0,6.0,1.0,2.0,1.0,Completed,1.29,3.75,1.31,3.76,1.34,3.84,1.29,3.6
WTA,2023,24,Paris,French Open,2023-05-29,Grand Slam,Outdoor,Clay,1st Round,3,Cocciaretto E.,Kvitova P.,44.0,10.0,1115.0,3162.0,6.0,3.0,6.0,4.0,,,2.0,0.0,Completed,2.0,1.8,2.01,1.88,2.15,1.88,2.0,1.8
WTA,2023,24,Paris,French Open,2023-05-29,Grand Slam,Outdoor,Clay,1st Round,3,Waltert S.,Mandlik E.,128.0,119.0,540.0,574.0,6.0,1.0,4.0,6.0,6.0,2.0,2.0,1.0,Completed,1.91,1.91,2.01,1.88,2.05,1.91,1.96,1.83
WTA,2023,24,Paris,French Open,2023-05-29,Grand Slam,Outdoor,Clay,1st Round,3,Ostapenko J.,Martincova T.,86.0,93.0,739.0,683.0,6.0,3.0,7.0,5.0,,,2.0,0.0,Completed,1.14,5.5,1.14,6.59,1.17,6.85,1.13,5.91
WTA,2023,24,Paris,French Open,2023-05-30,Grand Slam,Outdoor,Clay,1st Round,3,Andreeva M.,Riske-Amritraj A.,143.0,85.0,481.0,741.0,6.0,2.0,6.0,1.0,,,2.0,0.0,Completed,1.06,10.0,1.08,9.35,1.1,10.25,1.07,8.61
WTA,2023,24,Paris,French Open,2023-05-30,Grand Slam,Outdoor,Clay,1st Round,3,Peterson R.,Ferro F.,87.0,465.0,730.0,103.0,6.0,2.0,6.0,0.0,,,2.0,0.0,Completed,1.73,2.1,1.7,2.27,1.73,2.4,1.66,2.22
WTA,2023,24,Paris,French Open,2023-05-30,Grand Slam,Outdoor,Clay,1st Round,3,Wang Xin.,Bouzkova M.,80.0,33.0,763.0,1318.0,6.0,4.0,7.0,6.0,,,2.0,0.0,Completed,3.75,1.29,4.01,1.28,4.2,1.33,3.79,1.27
WTA,2023,24,Paris,French Open,2023-05-30,Grand Slam,Outdoor,Clay,1st Round,3,Parry D.,Kalinina A.,79.0,26.0,764.0,1657.0,6.0,2.0,6.0,3.0,,,2.0,0.0,Completed,3.0,1.4,3.18,1.4,3.25,1.45,3.01,1.38
WTA,2023,24,Paris,French Open,2023-05-30,Grand Slam,Outdoor,Clay,1st Round,3,Jabeur O.,Bronzetti L.,7.0,65.0,3541.0,902.0,6.0,4.0,6.0,1.0,,,2.0,0.0,Completed,1.2,4.5,1.27,4.1,1.29,4.5,1.24,4.01
WTA,2023,24,Paris,French Open,2023-05-30,Grand Slam,Outdoor,Clay,1st Round,3,Danilovic O.,Baindl K.,105.0,83.0,625.0,748.0,6.0,3.0,6.0,2.0,,,2.0,0.0,Completed,1.2,4.5,1.2,5.05,1.25,5.1,1.19,4.65
WTA,2023,24,Paris,French Open,2023-05-30,Grand Slam,Outdoor,Clay,1st Round,3,Dodin O.,Janicijevic S.,122.0,179.0,567.0,398.0,0.0,6.0,6.0,2.0,6.0,1.0,2.0,1.0,Completed,1.62,2.3,1.63,2.41,1.63,2.5,1.6,2.33
WTA,2023,24,Paris,French Open,2023-05-30,Grand Slam,Outdoor,Clay,1st Round,3,Gauff C.,Masarova R.,6.0,71.0,4305.0,816.0,3.0,6.0,6.0,1.0,6.0,2.0,2.0,1.0,Completed,1.25,4.0,1.32,3.72,1.32,4.0,1.29,3.6
WTA,2023,24,Paris,French Open,2023-05-30,Grand Slam,Outdoor,Clay,1st Round,3,Noskova L.,Kovinic D.,50.0,68.0,1050.0,852.0,6.0,3.0,2.0,1.0,,,1.0,0.0,Retired,1.73,2.1,1.74,2.2,1.74,2.3,1.69,2.16
WTA,2023,24,Paris,French Open,2023-05-30,Grand Slam,Outdoor,Clay,1st Round,3,Grabher J.,Rus A.,61.0,114.0,929.0,586.0,6.0,2.0,6.0,3.0,,,2.0,0.0,Completed,2.5,1.53,2.74,1.51,2.75,1.58,2.57,1.51
WTA,2023,24,Paris,French Open,2023-05-30,Grand Slam,Outdoor,Clay,1st Round,3,Sorribes Tormo S.,Burel C.,132.0,96.0,529.0,675.0,7.0,6.0,6.0,2.0,,,2.0,0.0,Completed,1.44,2.75,1.42,3.06,1.52,3.09,1.46,2.71
WTA,2023,24,Paris,French Open,2023-05-30,Grand Slam,Outdoor,Clay,1st Round,3,Tsurenko L.,Krejcikova B.,66.0,13.0,883.0,2680.0,6.0,2.0,6.0,4.0,,,2.0,0.0,Completed,3.5,1.3,3.86,1.27,3.86,1.33,3.6,1.28
WTA,2023,24,Paris,French Open,2023-05-30,Grand Slam,Outdoor,Clay,1st Round,3,Paolini J.,Cirstea S.,53.0,32.0,1005.0,1327.0,7.0,5.0,2.0,6.0,6.0,2.0,2.0,1.0,Completed,2.75,1.44,2.81,1.49,3.13,1.5,2.73,1.45
WTA,2023,24,Paris,French Open,2023-05-30,Grand Slam,Outdoor,Clay,1st Round,3,Rybakina E.,Fruhvirtova B.,4.0,146.0,5090.0,477.0,6.0,4.0,6.0,2.0,,,2.0,0.0,Completed,1.07,9.0,1.1,8.58,1.1,9.0,1.08,7.71
WTA,2023,24,Paris,French Open,2023-05-30,Grand Slam,Outdoor,Clay,1st Round,3,Davis L.,Zhu L.,52.0,40.0,1021.0,1175.0,6.0,3.0,6.0,3.0,,,2.0,0.0,Completed,1.33,3.4,1.32,3.68,1.36,3.7,1.31,3.43
WTA,2023,24,Paris,French Open,2023-05-30,Grand Slam,Outdoor,Clay,1st Round,3,Swiatek I.,Bucsa C.,1.0,70.0,8940.0,820.0,6.0,4.0,6.0,0.0,,,2.0,0.0,Completed,1.01,26.0,1.02,33.24,1.03,34.34,1.01,20.36
WTA,2023,24,Paris,French Open,2023-05-30,Grand Slam,Outdoor,Clay,1st Round,3,Liu C.,In-Albon Y.,102.0,149.0,659.0,463.0,6.0,1.0,6.0,4.0,,,2.0,0.0,Completed,1.67,2.2,1.68,2.31,1.74,2.31,1.66,2.22
WTA,2023,24,Paris,French Open,2023-05-30,Grand Slam,Outdoor,Clay,1st Round,3,Andreescu B.,Azarenka V.,42.0,18.0,1142.0,2087.0,2.0,6.0,6.0,3.0,6.0,4.0,2.0,1.0,Completed,2.5,1.53,2.45,1.61,2.55,1.61,2.43,1.56
WTA,2023,24,Paris,French Open,2023-05-30,Grand Slam,Outdoor,Clay,1st Round,3,Navarro E.,Andreeva E.,75.0,147.0,790.0,469.0,6.0,2.0,3.0,6.0,6.0,4.0,2.0,1.0,Completed,1.33,3.4,1.37,3.49,1.38,3.5,1.34,3.26
WTA,2023,24,Paris,French Open,2023-05-30,Grand Slam,Outdoor,Clay,1st Round,3,Martic P.,Rogers S.,38.0,34.0,1270.0,1303.0,3.0,6.0,6.0,3.0,6.0,2.0,2.0,1.0,Completed,1.62,2.3,1.68,2.3,1.68,2.31,1.64,2.24
WTA,2023,24,Paris,French Open,2023-05-31,Grand Slam,Outdoor,Clay,2nd Round,3,Svitolina E.,Hunter S.,192.0,204.0,367.0,346.0,2.0,6.0,6.0,3.0,6.0,1.0,2.0,1.0,Completed,1.29,3.75,1.27,4.09,1.3,4.25,1.26,3.87
WTA,2023,24,Paris,French Open,2023-05-31,Grand Slam,Outdoor,Clay,2nd Round,3,Stearns P.,Ostapenko J.,69.0,86.0,851.0,739.0,6.0,3.0,1.0,6.0,6.0,2.0,2.0,1.0,Completed,3.0,1.4,3.32,1.37,3.35,1.4,3.12,1.37
WTA,2023,24,Paris,French Open,2023-05-31,Grand Slam,Outdoor,Clay,2nd Round,3,Mertens E.,Osorio M.,28.0,86.0,1439.0,739.0,6.0,3.0,7.0,6.0,,,2.0,0.0,Completed,1.8,2.0,1.94,1.94,1.97,2.02,1.88,1.92
WTA,2023,24,Paris,French Open,2023-05-31,Grand Slam,Outdoor,Clay,2nd Round,3,Pegula J.,Giorgi C.,3.0,37.0,5205.0,1278.0,6.0,2.0,,,,,1.0,0.0,Retired,1.36,3.2,1.36,3.39,1.4,3.39,1.37,3.1
WTA,2023,24,Paris,French Open,2023-05-31,Grand Slam,Outdoor,Clay,2nd Round,3,Potapova A.,Sherif M.,25.0,54.0,1665.0,990.0,3.0,6.0,6.0,4.0,6.0,1.0,2.0,1.0,Completed,1.4,3.0,1.46,2.92,1.5,3.0,1.43,2.84
WTA,2023,24,Paris,French Open,2023-05-31,Grand Slam,Outdoor,Clay,2nd Round,3,Blinkova A.,Garcia C.,56.0,5.0,983.0,5025.0,4.0,6.0,6.0,3.0,7.0,5.0,2.0,1.0,Completed,3.0,1.4,3.12,1.41,3.12,1.46,2.93,1.4
WTA,2023,24,Paris,French Open,2023-05-31,Grand Slam,Outdoor,Clay,2nd Round,3,Pavlyuchenkova A.,Samsonova L.,333.0,15.0,179.0,2236.0,4.0,6.0,7.0,5.0,7.0,5.0,2.0,1.0,Completed,3.0,1.4,3.0,1.44,3.0,1.46,2.88,1.42
WTA,2023,24,Paris,French Open,2023-05-31,Grand Slam,Outdoor,Clay,2nd Round,3,Putintseva Y.,Zheng Q.,58.0,19.0,975.0,1998.0,6.0,3.0,4.0,6.0,6.0,2.0,2.0,1.0,Completed,3.4,1.33,3.76,1.31,3.76,1.35,3.41,1.32
WTA,2023,24,Paris,French Open,2023-05-31,Grand Slam,Outdoor,Clay,2nd Round,3,Kasatkina D.,Vondrousova M.,9.0,60.0,3275.0,936.0,6.0,3.0,6.0,4.0,,,2.0,0.0,Completed,3.2,1.36,3.1,1.42,3.2,1.42,2.99,1.39
WTA,2023,24,Paris,French Open,2023-05-31,Grand Slam,Outdoor,Clay,2nd Round,3,Muchova K.,Podoroska N.,43.0,103.0,1125.0,639.0,6.0,3.0,0.0,6.0,6.0,3.0,2.0,1.0,Completed,1.17,5.0,1.19,5.26,1.2,5.37,1.17,4.94
WTA,2023,24,Paris,French Open,2023-05-31,Grand Slam,Outdoor,Clay,2nd Round,3,Sabalenka A.,Shymanovich I.,2.0,214.0,7541.0,335.0,7.0,5.0,6.0,2.0,,,2.0,0.0,Completed,1.02,19.0,1.03,20.22,1.03,20.22,1.02,15.28
WTA,2023,24,Paris,French Open,2023-05-31,Grand Slam,Outdoor,Clay,2nd Round,3,Stephens S.,Gracheva V.,30.0,41.0,1360.0,1147.0,6.0,2.0,6.0,1.0,,,2.0,0.0,Completed,1.62,2.3,1.68,2.32,1.68,2.5,1.6,2.34
WTA,2023,24,Paris,French Open,2023-05-31,Grand Slam,Outdoor,Clay,2nd Round,3,Begu I.,Errani S.,27.0,73.0,1452.0,802.0,6.0,3.0,6.0,0.0,,,2.0,0.0,Completed,1.2,4.5,1.2,5.08,1.23,5.08,1.19,4.64
WTA,2023,24,Paris,French Open,2023-05-31,Grand Slam,Outdoor,Clay,2nd Round,3,Tauson C.,Fernandez L.A.,127.0,49.0,541.0,1052.0,6.0,3.0,5.0,7.0,6.0,4.0,2.0,1.0,Completed,1.67,2.2,1.65,2.37,1.73,2.4,1.65,2.24
WTA,2023,24,Paris,French Open,2023-05-31,Grand Slam,Outdoor,Clay,2nd Round,3,Rakhimova K.,Frech M.,82.0,88.0,750.0,720.0,6.0,3.0,6.0,4.0,,,2.0,0.0,Completed,2.2,1.67,2.23,1.72,2.3,1.76,2.2,1.67
WTA,2023,24,Paris,French Open,2023-05-31,Grand Slam,Outdoor,Clay,2nd Round,3,Avanesyan E.,Jeanjean L.,134.0,124.0,522.0,561.0,6.0,0.0,7.0,5.0,,,2.0,0.0,Completed,1.5,2.63,1.43,3.01,1.5,3.01,1.43,2.83
WTA,2023,24,Paris,French Open,2023-06-01,Grand Slam,Outdoor,Clay,2nd Round,3,Rybakina E.,Noskova L.,4.0,50.0,5090.0,1050.0,6.0,3.0,6.0,3.0,,,2.0,0.0,Completed,1.11,6.5,1.17,5.66,1.17,6.54,1.14,5.64
WTA,2023,24,Paris,French Open,2023-06-01,Grand Slam,Outdoor,Clay,2nd Round,3,Schmiedlova A.,Bolsova A.,100.0,131.0,666.0,531.0,6.0,3.0,6.0,4.0,,,2.0,0.0,Completed,1.8,2.0,1.81,2.09,1.83,2.1,1.78,2.03
WTA,2023,24,Paris,French Open,2023-06-01,Grand Slam,Outdoor,Clay,2nd Round,3,Haddad Maia B.,Shnaider D.,14.0,108.0,2420.0,616.0,6.0,2.0,5.0,7.0,6.0,4.0,2.0,1.0,Completed,1.25,4.0,1.3,3.88,1.3,4.33,1.26,3.82
WTA,2023,24,Paris,French Open,2023-06-01,Grand Slam,Outdoor,Clay,2nd Round,3,Day K.,Keys M.,138.0,20.0,509.0,1861.0,6.0,2.0,4.0,6.0,6.0,4.0,2.0,1.0,Completed,4.5,1.2,4.6,1.23,4.6,1.25,4.33,1.22
WTA,2023,24,Paris,French Open,2023-06-01,Grand Slam,Outdoor,Clay,2nd Round,3,Sorribes Tormo S.,Martic P.,132.0,38.0,529.0,1270.0,6.0,4.0,6.0,1.0,,,2.0,0.0,Completed,1.91,1.91,1.86,2.03,1.92,2.09,1.86,1.93
WTA,2023,24,Paris,French Open,2023-06-01,Grand Slam,Outdoor,Clay,2nd Round,3,Wang Xin.,Peterson R.,80.0,87.0,763.0,730.0,7.0,6.0,6.0,2.0,,,2.0,0.0,Completed,2.75,1.44,2.95,1.45,3.05,1.46,2.78,1.44
WTA,2023,24,Paris,French Open,2023-06-01,Grand Slam,Outdoor,Clay,2nd Round,3,Cocciaretto E.,Waltert S.,44.0,128.0,1115.0,540.0,6.0,2.0,6.0,3.0,,,2.0,0.0,Completed,1.25,4.0,1.28,4.08,1.28,4.25,1.25,3.97
WTA,2023,24,Paris,French Open,2023-06-01,Grand Slam,Outdoor,Clay,2nd Round,3,Andreeva M.,Parry D.,143.0,79.0,481.0,764.0,6.0,1.0,6.0,2.0,,,2.0,0.0,Completed,1.33,3.4,1.4,3.15,1.4,3.4,1.36,3.11
WTA,2023,24,Paris,French Open,2023-06-01,Grand Slam,Outdoor,Clay,2nd Round,3,Pera B.,Vekic D.,36.0,22.0,1284.0,1813.0,3.0,6.0,6.0,4.0,6.0,3.0,2.0,1.0,Completed,2.1,1.73,2.2,1.74,2.4,1.76,2.15,1.7
WTA,2023,24,Paris,French Open,2023-06-01,Grand Slam,Outdoor,Clay,2nd Round,3,Swiatek I.,Liu C.,1.0,102.0,8940.0,659.0,6.0,4.0,6.0,0.0,,,2.0,0.0,Completed,1.02,19.0,1.02,25.49,1.02,25.49,1.01,19.13
WTA,2023,24,Paris,French Open,2023-06-01,Grand Slam,Outdoor,Clay,2nd Round,3,Alexandrova E.,Friedsam A.L.,23.0,91.0,1725.0,698.0,6.0,2.0,6.0,0.0,,,2.0,0.0,Completed,1.33,3.4,1.31,3.74,1.37,3.74,1.32,3.41
WTA,2023,24,Paris,French Open,2023-06-01,Grand Slam,Outdoor,Clay,2nd Round,3,Danilovic O.,Paolini J.,105.0,53.0,625.0,1005.0,6.0,2.0,7.0,5.0,,,2.0,0.0,Completed,1.73,2.1,1.68,2.32,1.73,2.32,1.66,2.21
WTA,2023,24,Paris,French Open,2023-06-01,Grand Slam,Outdoor,Clay,2nd Round,3,Jabeur O.,Dodin O.,7.0,122.0,3541.0,567.0,6.0,2.0,6.0,3.0,,,2.0,0.0,Completed,1.06,10.0,1.07,11.09,1.1,11.09,1.06,9.29
WTA,2023,24,Paris,French Open,2023-06-01,Grand Slam,Outdoor,Clay,2nd Round,3,Gauff C.,Grabher J.,6.0,61.0,4305.0,929.0,6.0,2.0,6.0,3.0,,,2.0,0.0,Completed,1.13,6.0,1.16,6.13,1.16,6.5,1.14,5.73
WTA,2023,24,Paris,French Open,2023-06-01,Grand Slam,Outdoor,Clay,2nd Round,3,Tsurenko L.,Davis L.,66.0,52.0,883.0,1021.0,6.0,3.0,1.0,0.0,,,1.0,0.0,Retired,1.5,2.63,1.49,2.81,1.5,2.85,1.47,2.67
WTA,2023,24,Paris,French Open,2023-06-01,Grand Slam,Outdoor,Clay,2nd Round,3,Andreescu B.,Navarro E.,42.0,75.0,1142.0,790.0,6.0,1.0,6.0,4.0,,,2.0,0.0,Completed,1.62,2.3,1.74,2.2,1.76,2.47,1.67,2.2
WTA,2023,24,Paris,French Open,2023-06-02,Grand Slam,Outdoor,Clay,3rd Round,3,Kasatkina D.,Stearns P.,9.0,69.0,3275.0,851.0,6.0,0.0,6.0,1.0,,,2.0,0.0,Completed,1.4,3.0,1.4,3.22,1.43,3.22,1.4,2.96
WTA,2023,24,Paris,French Open,2023-06-02,Grand Slam,Outdoor,Clay,3rd Round,3,Mertens E.,Pegula J.,28.0,3.0,1439.0,5205.0,6.0,1.0,6.0,3.0,,,2.0,0.0,Completed,3.2,1.36,3.27,1.39,3.31,1.39,3.16,1.36
WTA,2023,24,Paris,French Open,2023-06-02,Grand Slam,Outdoor,Clay,3rd Round,3,Pavlyuchenkova A.,Potapova A.,333.0,25.0,179.0,1665.0,4.0,6.0,6.0,3.0,6.0,0.0,2.0,1.0,Completed,2.3,1.62,2.44,1.63,2.45,1.64,2.35,1.6
WTA,2023,24,Paris,French Open,2023-06-02,Grand Slam,Outdoor,Clay,3rd Round,3,Sabalenka A.,Rakhimova K.,2.0,82.0,7541.0,750.0,6.0,2.0,6.0,2.0,,,2.0,0.0,Completed,1.04,13.0,1.05,14.8,1.06,14.8,1.04,11.75
WTA,2023,24,Paris,French Open,2023-06-02,Grand Slam,Outdoor,Clay,3rd Round,3,Svitolina E.,Blinkova A.,192.0,56.0,367.0,983.0,2.0,6.0,6.0,2.0,7.0,5.0,2.0,1.0,Completed,1.44,2.75,1.4,3.24,1.46,3.32,1.38,3.04
WTA,2023,24,Paris,French Open,2023-06-02,Grand Slam,Outdoor,Clay,3rd Round,3,Stephens S.,Putintseva Y.,30.0,58.0,1360.0,975.0,6.0,3.0,3.0,6.0,6.0,2.0,2.0,1.0,Completed,1.53,2.5,1.62,2.46,1.62,2.7,1.54,2.48
WTA,2023,24,Paris,French Open,2023-06-02,Grand Slam,Outdoor,Clay,3rd Round,3,Avanesyan E.,Tauson C.,134.0,127.0,522.0,541.0,3.0,6.0,6.0,1.0,7.0,5.0,2.0,1.0,Completed,2.75,1.44,2.87,1.48,2.9,1.48,2.78,1.44
WTA,2023,24,Paris,French Open,2023-06-02,Grand Slam,Outdoor,Clay,3rd Round,3,Muchova K.,Begu I.,43.0,27.0,1125.0,1452.0,6.0,3.0,6.0,2.0,,,2.0,0.0,Completed,1.62,2.3,1.76,2.19,1.77,2.5,1.67,2.2
WTA,2023,24,Paris,French Open,2023-06-03,Grand Slam,Outdoor,Clay,3rd Round,3,Sorribes Tormo S.,Rybakina E.,132.0,4.0,529.0,5090.0,,,,,,,,,Walkover,4.5,1.2,4.65,1.24,5.0,1.24,4.46,1.2
WTA,2023,24,Paris,French Open,2023-06-03,Grand Slam,Outdoor,Clay,3rd Round,3,Gauff C.,Andreeva M.,6.0,143.0,4305.0,481.0,6.0,7.0,6.0,1.0,6.0,1.0,2.0,1.0,Completed,1.8,2.0,1.79,2.13,1.82,2.15,1.76,2.07
WTA,2023,24,Paris,French Open,2023-06-03,Grand Slam,Outdoor,Clay,3rd Round,3,Haddad Maia B.,Alexandrova E.,14.0,23.0,2420.0,1725.0,5.0,7.0,6.0,4.0,7.0,5.0,2.0,1.0,Completed,1.8,2.0,1.93,1.98,1.93,2.02,1.85,1.95
WTA,2023,24,Paris,French Open,2023-06-03,Grand Slam,Outdoor,Clay,3rd Round,3,Swiatek I.,Wang Xin.,1.0,80.0,8940.0,763.0,6.0,0.0,6.0,0.0,,,2.0,0.0,Completed,1.02,21.0,1.03,23.52,1.03,23.52,1.01,16.48
WTA,2023,24,Paris,French Open,2023-06-03,Grand Slam,Outdoor,Clay,3rd Round,3,Pera B.,Cocciaretto E.,36.0,44.0,1284.0,1115.0,6.0,4.0,7.0,6.0,,,2.0,0.0,Completed,2.1,1.73,2.23,1.74,2.23,1.83,2.1,1.74
WTA,2023,24,Paris,French Open,2023-06-03,Grand Slam,Outdoor,Clay,3rd Round,3,Schmiedlova A.,Day K.,100.0,138.0,666.0,509.0,6.0,1.0,6.0,3.0,,,2.0,0.0,Completed,1.91,1.91,1.97,1.93,1.97,2.0,1.87,1.93
WTA,2023,24,Paris,French Open,2023-06-03,Grand Slam,Outdoor,Clay,3rd Round,3,Tsurenko L.,Andreescu B.,66.0,42.0,883.0,1142.0,6.0,1.0,6.0,1.0,,,2.0,0.0,Completed,2.1,1.73,2.13,1.81,2.3,1.82,2.11,1.74
WTA,2023,24,Paris,French Open,2023-06-03,Grand Slam,Outdoor,Clay,3rd Round,3,Jabeur O.,Danilovic O.,7.0,105.0,3541.0,625.0,4.0,6.0,6.0,4.0,6.0,2.0,2.0,1.0,Completed,1.29,3.75,1.31,3.84,1.31,4.0,1.29,3.62
WTA,2023,24,Paris,French Open,2023-06-04,Grand Slam,Outdoor,Clay,4th Round,3,Pavlyuchenkova A.,Mertens E.,333.0,28.0,179.0,1439.0,3.0,6.0,7.0,6.0,6.0,3.0,2.0,1.0,Completed,1.91,1.91,1.93,1.97,1.95,2.0,1.88,1.92
WTA,2023,24,Paris,French Open,2023-06-04,Grand Slam,Outdoor,Clay,4th Round,3,Muchova K.,Avanesyan E.,43.0,134.0,1125.0,522.0,6.0,4.0,6.0,3.0,,,2.0,0.0,Completed,1.22,4.33,1.23,4.77,1.25,4.77,1.22,4.33
WTA,2023,24,Paris,French Open,2023-06-04,Grand Slam,Outdoor,Clay,4th Round,3,Svitolina E.,Kasatkina D.,192.0,9.0,367.0,3275.0,6.0,4.0,7.0,6.0,,,2.0,0.0,Completed,2.5,1.53,2.64,1.55,2.66,1.57,2.5,1.53
WTA,2023,24,Paris,French Open,2023-06-04,Grand Slam,Outdoor,Clay,4th Round,3,Sabalenka A.,Stephens S.,2.0,30.0,7541.0,1360.0,7.0,6.0,6.0,4.0,,,2.0,0.0,Completed,1.22,4.33,1.22,4.81,1.25,4.84,1.21,4.38
WTA,2023,24,Paris,French Open,2023-06-05,Grand Slam,Outdoor,Clay,4th Round,3,Haddad Maia B.,Sorribes Tormo S.,14.0,132.0,2420.0,529.0,6.0,7.0,6.0,3.0,7.0,5.0,2.0,1.0,Completed,1.62,2.3,1.68,2.34,1.68,2.46,1.63,2.29
WTA,2023,24,Paris,French Open,2023-06-05,Grand Slam,Outdoor,Clay,4th Round,3,Jabeur O.,Pera B.,7.0,36.0,3541.0,1284.0,6.0,3.0,6.0,1.0,,,2.0,0.0,Completed,1.25,4.0,1.25,4.43,1.29,4.43,1.26,3.94
WTA,2023,24,Paris,French Open,2023-06-05,Grand Slam,Outdoor,Clay,4th Round,3,Gauff C.,Schmiedlova A.,6.0,100.0,4305.0,666.0,7.0,5.0,6.0,2.0,,,2.0,0.0,Completed,1.14,5.5,1.15,6.43,1.21,6.43,1.14,5.72
WTA,2023,24,Paris,French Open,2023-06-05,Grand Slam,Outdoor,Clay,4th Round,3,Swiatek I.,Tsurenko L.,1.0,66.0,8940.0,883.0,5.0,1.0,,,,,0.0,0.0,Retired,1.03,15.0,1.04,19.3,1.04,19.3,1.03,14.47
WTA,2023,24,Paris,French Open,2023-06-06,Grand Slam,Outdoor,Clay,Quarterfinals,3,Muchova K.,Pavlyuchenkova A.,43.0,333.0,1125.0,179.0,7.0,5.0,6.0,2.0,,,2.0,0.0,Completed,1.57,2.38,1.54,2.66,1.64,2.7,1.55,2.47
WTA,2023,24,Paris,French Open,2023-06-06,Grand Slam,Outdoor,Clay,Quarterfinals,3,Sabalenka A.,Svitolina E.,2.0,192.0,7541.0,367.0,6.0,4.0,6.0,4.0,,,2.0,0.0,Completed,1.22,4.33,1.22,4.93,1.26,5.05,1.22,4.39
WTA,2023,24,Paris,French Open,2023-06-07,Grand Slam,Outdoor,Clay,Quarterfinals,3,Haddad Maia B.,Jabeur O.,14.0,7.0,2420.0,3541.0,3.0,6.0,7.0,6.0,6.0,1.0,2.0,1.0,Completed,3.4,1.33,3.28,1.39,3.65,1.42,3.31,1.34
WTA,2023,24,Paris,French Open,2023-06-07,Grand Slam,Outdoor,Clay,Quarterfinals,3,Swiatek I.,Gauff C.,1.0,6.0,8940.0,4305.0,6.0,4.0,6.0,2.0,,,2.0,0.0,Completed,1.08,8.0,1.11,8.38,1.12,9.5,1.09,7.5
WTA,2023,24,Paris,French Open,2023-06-08,Grand Slam,Outdoor,Clay,Semifinals,3,Muchova K.,Sabalenka A.,43.0,2.0,1125.0,7541.0,7.0,6.0,6.0,7.0,7.0,5.0,2.0,1.0,Completed,3.5,1.3,3.64,1.33,4.59,1.36,3.53,1.31
WTA,2023,24,Paris,French Open,2023-06-08,Grand Slam,Outdoor,Clay,Semifinals,3,Swiatek I.,Haddad Maia B.,1.0,14.0,8940.0,2420.0,6.0,2.0,7.0,6.0,,,2.0,0.0,Completed,1.07,9.0,1.08,10.45,1.1,14.36,1.07,9.06
WTA,2023,24,Paris,French Open,2023-06-10,Grand Slam,Outdoor,Clay,The Final,3,Swiatek I.,Muchova K.,1.0,43.0,8940.0,1125.0,6.0,2.0,5.0,7.0,6.0,4.0,2.0,1.0,Completed,1.14,6.5,1.15,6.52,1.19,7.0,1.14,6.12
WTA,2023,31,London,Wimbledon,2023-07-03,Grand Slam,Outdoor,Grass,1st Round,3,Bucsa C.,Rakhimova K.,78.0,72.0,790.0,837.0,6.0,3.0,4.0,6.0,7.0,6.0,2.0,1.0,Completed,1.62,2.3,1.71,2.25,1.71,2.35,1.66,2.23
WTA,2023,31,London,Wimbledon,2023-07-03,Grand Slam,Outdoor,Grass,1st Round,3,Strycova B.,Zanevska M.,623.0,88.0,59.0,734.0,6.0,1.0,7.0,5.0,,,2.0,0.0,Completed,1.62,2.3,1.6,2.45,1.69,2.45,1.59,2.37
WTA,2023,31,London,Wimbledon,2023-07-03,Grand Slam,Outdoor,Grass,1st Round,3,Azarenka V.,Yuan Y.,20.0,106.0,1996.0,642.0,6.0,4.0,5.0,7.0,6.0,4.0,2.0,1.0,Completed,1.22,4.33,1.31,3.8,1.37,4.33,1.27,3.78
WTA,2023,31,London,Wimbledon,2023-07-03,Grand Slam,Outdoor,Grass,1st Round,3,Podoroska N.,Martincova T.,80.0,115.0,784.0,621.0,3.0,6.0,7.0,6.0,6.0,4.0,2.0,1.0,Completed,3.2,1.36,3.38,1.36,3.44,1.4,3.16,1.36
WTA,2023,31,London,Wimbledon,2023-07-03,Grand Slam,Outdoor,Grass,1st Round,3,Bogdan A.,Samsonova L.,57.0,15.0,972.0,2360.0,7.0,6.0,7.0,6.0,,,2.0,0.0,Completed,3.0,1.4,3.05,1.43,3.56,1.46,3.0,1.39
WTA,2023,31,London,Wimbledon,2023-07-03,Grand Slam,Outdoor,Grass,1st Round,3,Parks A.,Friedsam A.L.,51.0,87.0,1026.0,738.0,6.0,4.0,6.0,3.0,,,2.0,0.0,Completed,2.1,1.73,2.27,1.7,2.4,1.85,2.13,1.73
WTA,2023,31,London,Wimbledon,2023-07-03,Grand Slam,Outdoor,Grass,1st Round,3,Pegula J.,Davis L.,4.0,46.0,4995.0,1056.0,6.0,2.0,6.0,7.0,6.0,3.0,2.0,1.0,Completed,1.17,5.0,1.22,4.74,1.28,5.0,1.2,4.54
WTA,2023,31,London,Wimbledon,2023-07-03,Grand Slam,Outdoor,Grass,1st Round,3,Martic P.,Fruhvirtova L.,29.0,53.0,1418.0,1001.0,7.0,5.0,6.0,7.0,4.0,1.0,1.0,1.0,Retired,1.57,2.38,1.61,2.44,1.62,2.53,1.59,2.38
WTA,2023,31,London,Wimbledon,2023-07-03,Grand Slam,Outdoor,Grass,1st Round,3,Parry D.,Dart H.,96.0,135.0,710.0,534.0,6.0,7.0,6.0,0.0,6.0,4.0,2.0,1.0,Completed,3.0,1.4,3.15,1.4,3.3,1.45,3.0,1.39
WTA,2023,31,London,Wimbledon,2023-07-03,Grand Slam,Outdoor,Grass,1st Round,3,Kudermetova V.,Kanepi K.,12.0,101.0,2600.0,667.0,7.0,6.0,6.0,4.0,,,2.0,0.0,Completed,1.1,7.0,1.11,8.05,1.14,8.5,1.1,7.1
WTA,2023,31,London,Wimbledon,2023-07-03,Grand Slam,Outdoor,Grass,1st Round,3,Swiatek I.,Zhu L.,1.0,34.0,8990.0,1247.0,6.0,1.0,6.0,3.0,,,2.0,0.0,Completed,1.04,13.0,1.04,17.34,1.09,17.34,1.04,12.48
WTA,2023,31,London,Wimbledon,2023-07-03,Grand Slam,Outdoor,Grass,1st Round,3,Tsurenko L.,Liu C.,60.0,93.0,942.0,722.0,6.0,3.0,3.0,6.0,6.0,4.0,2.0,1.0,Completed,1.33,3.4,1.41,3.11,1.43,3.4,1.37,3.11
WTA,2023,31,London,Wimbledon,2023-07-03,Grand Slam,Outdoor,Grass,1st Round,3,Garcia C.,Volynets K.,5.0,125.0,4845.0,590.0,6.0,4.0,6.0,3.0,,,2.0,0.0,Completed,1.11,6.5,1.16,6.02,1.19,6.54,1.14,5.85
WTA,2023,31,London,Wimbledon,2023-07-03,Grand Slam,Outdoor,Grass,1st Round,3,Fernandez L.A.,Baindl K.,95.0,85.0,712.0,751.0,6.0,4.0,4.0,6.0,6.0,4.0,2.0,1.0,Completed,1.22,4.33,1.25,4.33,1.32,4.45,1.23,4.15
WTA,2023,31,London,Wimbledon,2023-07-03,Grand Slam,Outdoor,Grass,1st Round,3,Linette M.,Teichmann J.,24.0,121.0,1765.0,606.0,6.0,3.0,6.0,2.0,,,2.0,0.0,Completed,1.67,2.2,1.76,2.17,1.78,2.3,1.71,2.15
WTA,2023,31,London,Wimbledon,2023-07-03,Grand Slam,Outdoor,Grass,1st Round,3,Sorribes Tormo S.,Trevisan M.,84.0,64.0,754.0,897.0,6.0,3.0,6.0,1.0,,,2.0,0.0,Completed,1.3,3.5,1.28,4.02,1.34,4.09,1.29,3.69
WTA,2023,31,London,Wimbledon,2023-07-03,Grand Slam,Outdoor,Grass,1st Round,3,Burrage J.,Mcnally C.,108.0,67.0,639.0,884.0,6.0,1.0,6.0,3.0,,,2.0,0.0,Completed,3.0,1.4,3.06,1.43,3.06,1.5,2.87,1.42
WTA,2023,31,London,Wimbledon,2023-07-03,Grand Slam,Outdoor,Grass,1st Round,3,Vondrousova M.,Stearns P.,42.0,59.0,1106.0,961.0,6.0,2.0,7.0,5.0,,,2.0,0.0,Completed,1.2,4.5,1.25,4.38,1.29,4.5,1.22,4.29
WTA,2023,31,London,Wimbledon,2023-07-03,Grand Slam,Outdoor,Grass,1st Round,3,Wang Xin.,Hunter S.,73.0,162.0,833.0,423.0,6.0,3.0,6.0,1.0,,,2.0,0.0,Completed,2.0,1.8,2.11,1.8,2.25,1.85,2.05,1.78
WTA,2023,31,London,Wimbledon,2023-07-03,Grand Slam,Outdoor,Grass,1st Round,3,Kasatkina D.,Dolehide C.,10.0,100.0,2935.0,676.0,6.0,1.0,6.0,4.0,,,2.0,0.0,Completed,1.11,6.5,1.14,6.66,1.14,7.11,1.12,6.22
WTA,2023,31,London,Wimbledon,2023-07-03,Grand Slam,Outdoor,Grass,1st Round,3,Bencic B.,Swan K.,14.0,147.0,2380.0,482.0,7.0,5.0,6.0,2.0,,,2.0,0.0,Completed,1.4,3.0,1.41,3.13,1.45,3.23,1.41,2.91
WTA,2023,31,London,Wimbledon,2023-07-03,Grand Slam,Outdoor,Grass,1st Round,3,Svitolina E.,Williams V.,76.0,558.0,798.0,74.0,6.0,4.0,6.0,3.0,,,2.0,0.0,Completed,1.36,2.75,1.38,3.28,1.48,3.3,1.42,2.88
WTA,2023,31,London,Wimbledon,2023-07-03,Grand Slam,Outdoor,Grass,1st Round,3,Mertens E.,Hruncakova V.,28.0,129.0,1424.0,582.0,7.0,6.0,6.0,2.0,,,2.0,0.0,Completed,1.4,3.0,1.44,2.97,1.51,3.0,1.44,2.79
WTA,2023,31,London,Wimbledon,2023-07-03,Grand Slam,Outdoor,Grass,1st Round,3,Masarova R.,Sherif M.,66.0,31.0,887.0,1266.0,7.0,5.0,3.0,6.0,7.0,6.0,2.0,1.0,Completed,1.91,1.91,2.04,1.85,2.1,1.94,1.97,1.84
WTA,2023,31,London,Wimbledon,2023-07-03,Grand Slam,Outdoor,Grass,1st Round,3,Siniakova K.,Zheng Q.,32.0,25.0,1264.0,1669.0,6.0,3.0,7.0,5.0,,,2.0,0.0,Completed,1.91,1.91,1.76,2.16,1.94,2.2,1.76,2.07
WTA,2023,31,London,Wimbledon,2023-07-03,Grand Slam,Outdoor,Grass,1st Round,3,Kenin S.,Gauff C.,128.0,7.0,582.0,3435.0,6.0,4.0,4.0,6.0,6.0,2.0,2.0,1.0,Completed,3.75,1.29,3.81,1.3,4.0,1.34,3.68,1.29
WTA,2023,31,London,Wimbledon,2023-07-03,Grand Slam,Outdoor,Grass,1st Round,3,Bouzkova M.,Waltert S.,33.0,116.0,1258.0,616.0,6.0,1.0,6.0,4.0,,,2.0,0.0,Completed,1.29,3.75,1.33,3.63,1.36,3.75,1.3,3.51
WTA,2023,31,London,Wimbledon,2023-07-04,Grand Slam,Outdoor,Grass,1st Round,3,Rybakina E.,Rogers S.,3.0,49.0,5090.0,1045.0,4.0,6.0,6.0,1.0,6.0,2.0,2.0,1.0,Completed,1.11,6.5,1.14,6.81,1.14,6.81,1.12,6.26
WTA,2023,31,London,Wimbledon,2023-07-04,Grand Slam,Outdoor,Grass,1st Round,3,Jabeur O.,Frech M.,6.0,70.0,3547.0,858.0,6.0,3.0,6.0,3.0,,,2.0,0.0,Completed,1.2,4.5,1.22,4.78,1.27,4.78,1.22,4.37
WTA,2023,31,London,Wimbledon,2023-07-04,Grand Slam,Outdoor,Grass,1st Round,3,Sabalenka A.,Udvardy P.,2.0,82.0,8066.0,762.0,6.0,3.0,6.0,1.0,,,2.0,0.0,Completed,1.03,17.0,1.04,18.67,1.05,21.92,1.03,13.92
WTA,2023,31,London,Wimbledon,2023-07-05,Grand Slam,Outdoor,Grass,1st Round,3,Cocciaretto E.,Osorio M.,43.0,71.0,1100.0,848.0,6.0,3.0,6.0,4.0,,,2.0,0.0,Completed,2.75,1.44,2.9,1.46,2.9,1.51,2.76,1.45
WTA,2023,31,London,Wimbledon,2023-07-05,Grand Slam,Outdoor,Grass,1st Round,3,Stephens S.,Peterson R.,39.0,75.0,1170.0,814.0,6.0,2.0,6.0,3.0,,,2.0,0.0,Completed,1.4,3.0,1.45,2.95,1.46,3.1,1.42,2.91
WTA,2023,31,London,Wimbledon,2023-07-05,Grand Slam,Outdoor,Grass,1st Round,3,Kontaveit A.,Stefanini L.,81.0,111.0,779.0,634.0,6.0,4.0,6.0,4.0,,,2.0,0.0,Completed,1.53,2.5,1.59,2.5,1.59,2.6,1.54,2.45
WTA,2023,31,London,Wimbledon,2023-07-05,Grand Slam,Outdoor,Grass,1st Round,3,Cristian J.,Bronzetti L.,133.0,47.0,541.0,1052.0,6.0,3.0,6.0,4.0,,,2.0,0.0,Completed,3.75,1.29,3.73,1.31,3.95,1.34,3.63,1.3
WTA,2023,31,London,Wimbledon,2023-07-05,Grand Slam,Outdoor,Grass,1st Round,3,Collins D.,Grabher J.,52.0,58.0,1013.0,970.0,6.0,4.0,6.0,4.0,,,2.0,0.0,Completed,1.3,3.5,1.33,3.6,1.36,3.6,1.32,3.39
WTA,2023,31,London,Wimbledon,2023-07-05,Grand Slam,Outdoor,Grass,1st Round,3,Vekic D.,Zhang S.,21.0,38.0,1975.0,1173.0,6.0,2.0,6.0,3.0,,,2.0,0.0,Completed,1.11,6.5,1.14,6.59,1.15,6.59,1.13,5.9
WTA,2023,31,London,Wimbledon,2023-07-05,Grand Slam,Outdoor,Grass,1st Round,3,Kostyuk M.,Sakkari M.,36.0,8.0,1200.0,3301.0,0.0,6.0,7.0,5.0,6.0,2.0,2.0,1.0,Completed,3.4,1.33,3.51,1.34,3.51,1.36,3.38,1.33
WTA,2023,31,London,Wimbledon,2023-07-05,Grand Slam,Outdoor,Grass,1st Round,3,Cirstea S.,Maria T.,37.0,62.0,1187.0,920.0,6.0,1.0,2.0,6.0,6.0,3.0,2.0,1.0,Completed,1.8,2.0,1.93,1.96,1.95,2.05,1.86,1.96
WTA,2023,31,London,Wimbledon,2023-07-05,Grand Slam,Outdoor,Grass,1st Round,3,Haddad Maia B.,Putintseva Y.,13.0,56.0,2560.0,981.0,3.0,6.0,6.0,0.0,6.0,4.0,2.0,1.0,Completed,1.29,3.75,1.33,3.62,1.35,3.8,1.31,3.51
WTA,2023,31,London,Wimbledon,2023-07-05,Grand Slam,Outdoor,Grass,1st Round,3,Alexandrova E.,Navarro E.,22.0,55.0,1915.0,999.0,6.0,4.0,6.0,3.0,,,2.0,0.0,Completed,1.29,3.75,1.3,3.81,1.34,3.95,1.28,3.69
WTA,2023,31,London,Wimbledon,2023-07-05,Grand Slam,Outdoor,Grass,1st Round,3,Gracheva V.,Giorgi C.,41.0,48.0,1118.0,1049.0,6.0,2.0,6.0,4.0,,,2.0,0.0,Completed,3.2,1.36,3.55,1.34,3.55,1.36,3.37,1.32
WTA,2023,31,London,Wimbledon,2023-07-05,Grand Slam,Outdoor,Grass,1st Round,3,Bai Z.,Bonaventure Y.,191.0,91.0,371.0,730.0,7.0,6.0,6.0,1.0,,,2.0,0.0,Completed,2.2,1.67,2.06,1.84,2.22,1.84,2.1,1.74
WTA,2023,31,London,Wimbledon,2023-07-05,Grand Slam,Outdoor,Grass,1st Round,3,Ostapenko J.,Minnen G.,17.0,123.0,2150.0,601.0,6.0,1.0,6.0,2.0,,,2.0,0.0,Completed,1.25,4.0,1.28,4.06,1.3,4.25,1.26,3.89
WTA,2023,31,London,Wimbledon,2023-07-05,Grand Slam,Outdoor,Grass,1st Round,3,Boulter K.,Saville D.,89.0,231.0,733.0,314.0,7.0,6.0,6.0,2.0,,,2.0,0.0,Completed,1.33,3.4,1.31,3.74,1.36,3.9,1.31,3.48
WTA,2023,31,London,Wimbledon,2023-07-05,Grand Slam,Outdoor,Grass,1st Round,3,Juvan K.,Betova M.,244.0,1316.0,299.0,4.0,6.0,0.0,6.0,3.0,,,2.0,0.0,Completed,1.07,9.0,1.09,9.18,1.09,10.75,1.07,8.57
WTA,2023,31,London,Wimbledon,2023-07-05,Grand Slam,Outdoor,Grass,1st Round,3,Korpatsch T.,Zhao C.,122.0,166.0,603.0,411.0,1.0,6.0,6.0,4.0,6.0,2.0,2.0,1.0,Completed,1.67,2.2,1.79,2.12,1.8,2.2,1.73,2.11
WTA,2023,31,London,Wimbledon,2023-07-05,Grand Slam,Outdoor,Grass,1st Round,3,Krejcikova B.,Watson H.,11.0,144.0,2830.0,488.0,6.0,2.0,7.0,5.0,,,2.0,0.0,Completed,1.2,4.5,1.22,4.77,1.26,4.77,1.21,4.39
WTA,2023,31,London,Wimbledon,2023-07-05,Grand Slam,Outdoor,Grass,1st Round,3,Potapova A.,Naef C.,23.0,165.0,1845.0,415.0,6.0,3.0,6.0,3.0,,,2.0,0.0,Completed,1.4,3.0,1.41,3.12,1.5,3.16,1.41,2.9
WTA,2023,31,London,Wimbledon,2023-07-05,Grand Slam,Outdoor,Grass,1st Round,3,Tomova V.,Pera B.,99.0,27.0,680.0,1519.0,6.0,7.0,6.0,3.0,6.0,3.0,2.0,1.0,Completed,2.63,1.5,2.64,1.54,2.75,1.54,2.58,1.5
WTA,2023,31,London,Wimbledon,2023-07-05,Grand Slam,Outdoor,Grass,1st Round,3,Stevanovic N.,Pliskova Ka.,225.0,19.0,322.0,2055.0,6.0,2.0,6.0,3.0,,,2.0,0.0,Completed,6.5,1.11,6.86,1.13,7.0,1.17,6.4,1.12
WTA,2023,31,London,Wimbledon,2023-07-05,Grand Slam,Outdoor,Grass,1st Round,3,Cornet A.,Hibino N.,74.0,127.0,829.0,584.0,6.0,2.0,6.0,2.0,,,2.0,0.0,Completed,1.36,3.2,1.4,3.2,1.41,3.38,1.37,3.12
WTA,2023,31,London,Wimbledon,2023-07-05,Grand Slam,Outdoor,Grass,1st Round,3,Badosa P.,Riske-Amritraj A.,35.0,141.0,1233.0,502.0,6.0,3.0,6.0,3.0,,,2.0,0.0,Completed,1.3,3.5,1.34,3.52,1.37,3.52,1.32,3.37
WTA,2023,31,London,Wimbledon,2023-07-05,Grand Slam,Outdoor,Grass,1st Round,3,Brengle M.,Errani S.,114.0,79.0,624.0,787.0,6.0,3.0,6.0,1.0,,,2.0,0.0,Completed,1.67,2.2,1.67,2.34,1.79,2.34,1.67,2.22
WTA,2023,31,London,Wimbledon,2023-07-05,Grand Slam,Outdoor,Grass,1st Round,3,Andreeva M.,Wang Xiy.,102.0,65.0,651.0,887.0,6.0,4.0,3.0,6.0,7.0,5.0,2.0,1.0,Completed,1.57,2.38,1.56,2.58,1.66,2.58,1.6,2.34
WTA,2023,31,London,Wimbledon,2023-07-05,Grand Slam,Outdoor,Grass,1st Round,3,Keys M.,Kartal S.,18.0,266.0,2106.0,262.0,6.0,0.0,6.0,3.0,,,2.0,0.0,Completed,1.14,5.5,1.16,6.12,1.21,6.12,1.16,5.28
WTA,2023,31,London,Wimbledon,2023-07-05,Grand Slam,Outdoor,Grass,1st Round,3,Blinkova A.,Wickmayer Y.,40.0,112.0,1153.0,628.0,6.0,2.0,4.0,6.0,6.0,3.0,2.0,1.0,Completed,2.1,1.73,2.18,1.75,2.2,1.76,2.12,1.72
WTA,2023,31,London,Wimbledon,2023-07-05,Grand Slam,Outdoor,Grass,1st Round,3,Kvitova P.,Paolini J.,9.0,44.0,3101.0,1100.0,6.0,4.0,6.0,7.0,6.0,1.0,2.0,1.0,Completed,1.08,8.0,1.1,8.8,1.18,8.8,1.09,7.44
WTA,2023,31,London,Wimbledon,2023-07-06,Grand Slam,Outdoor,Grass,1st Round,3,Galfi D.,Noskova L.,126.0,45.0,584.0,1067.0,6.0,7.0,6.0,2.0,6.0,2.0,2.0,1.0,Completed,3.4,1.33,3.43,1.35,3.7,1.38,3.29,1.34
WTA,2023,31,London,Wimbledon,2023-07-06,Grand Slam,Outdoor,Grass,1st Round,3,Niemeier J.,Muchova K.,103.0,16.0,650.0,2294.0,6.0,4.0,5.0,7.0,6.0,1.0,2.0,1.0,Completed,3.5,1.3,3.85,1.3,3.85,1.38,3.48,1.31
WTA,2023,31,London,Wimbledon,2023-07-06,Grand Slam,Outdoor,Grass,1st Round,3,Kalinina A.,Bouzas Maneiro J.,26.0,167.0,1527.0,410.0,6.0,4.0,6.0,3.0,,,2.0,0.0,Completed,1.3,3.5,1.36,3.42,1.39,3.57,1.33,3.32
WTA,2023,31,London,Wimbledon,2023-07-06,Grand Slam,Outdoor,Grass,1st Round,3,Andreescu B.,Bondar A.,50.0,110.0,1027.0,635.0,6.0,3.0,3.0,6.0,6.0,2.0,2.0,1.0,Completed,1.22,4.33,1.22,4.75,1.24,4.9,1.21,4.46
WTA,2023,31,London,Wimbledon,2023-07-06,Grand Slam,Outdoor,Grass,1st Round,3,Begu I.,Marino R.,30.0,83.0,1342.0,757.0,6.0,2.0,3.0,6.0,6.0,2.0,2.0,1.0,Completed,1.67,2.2,1.7,2.26,1.71,2.32,1.66,2.22
WTA,2023,31,London,Wimbledon,2023-07-06,Grand Slam,Outdoor,Grass,1st Round,3,Sasnovich A.,Parrizas Diaz N.,69.0,105.0,868.0,642.0,6.0,2.0,6.0,1.0,,,2.0,0.0,Completed,1.33,3.4,1.34,3.5,1.4,3.58,1.33,3.3
WTA,2023,31,London,Wimbledon,2023-07-06,Grand Slam,Outdoor,Grass,1st Round,3,Golubic V.,Schmiedlova A.,139.0,77.0,511.0,792.0,6.0,3.0,7.0,6.0,,,2.0,0.0,Completed,1.3,3.5,1.34,3.55,1.37,3.55,1.32,3.38
WTA,2023,31,London,Wimbledon,2023-07-05,Grand Slam,Outdoor,Grass,2nd Round,3,Kasatkina D.,Burrage J.,10.0,108.0,2935.0,639.0,6.0,0.0,6.0,2.0,,,2.0,0.0,Completed,1.25,4.0,1.26,4.22,1.26,4.4,1.24,4.02
WTA,2023,31,London,Wimbledon,2023-07-05,Grand Slam,Outdoor,Grass,2nd Round,3,Swiatek I.,Sorribes Tormo S.,1.0,84.0,8990.0,754.0,6.0,2.0,6.0,0.0,,,2.0,0.0,Completed,1.03,15.0,1.05,14.97,1.05,15.0,1.03,12.53
WTA,2023,31,London,Wimbledon,2023-07-06,Grand Slam,Outdoor,Grass,2nd Round,3,Svitolina E.,Mertens E.,76.0,28.0,798.0,1424.0,6.0,1.0,1.0,6.0,6.0,1.0,2.0,1.0,Completed,2.3,1.62,2.34,1.66,2.45,1.71,2.29,1.63
WTA,2023,31,London,Wimbledon,2023-07-06,Grand Slam,Outdoor,Grass,2nd Round,3,Kenin S.,Wang Xin.,128.0,73.0,582.0,833.0,6.0,4.0,6.0,3.0,,,2.0,0.0,Completed,1.44,2.75,1.47,2.89,1.52,2.89,1.47,2.71
WTA,2023,31,London,Wimbledon,2023-07-06,Grand Slam,Outdoor,Grass,2nd Round,3,Bogdan A.,Parks A.,57.0,51.0,972.0,1026.0,1.0,6.0,6.0,3.0,6.0,2.0,2.0,1.0,Completed,1.44,2.75,1.42,3.07,1.48,3.07,1.43,2.84
WTA,2023,31,London,Wimbledon,2023-07-06,Grand Slam,Outdoor,Grass,2nd Round,3,Tsurenko L.,Siniakova K.,60.0,32.0,942.0,1264.0,6.0,4.0,6.0,1.0,,,2.0,0.0,Completed,2.3,1.62,2.36,1.65,2.4,1.69,2.27,1.64
WTA,2023,31,London,Wimbledon,2023-07-06,Grand Slam,Outdoor,Grass,2nd Round,3,Martic P.,Parry D.,29.0,96.0,1418.0,710.0,4.0,6.0,6.0,3.0,6.0,3.0,2.0,1.0,Completed,1.36,3.2,1.4,3.17,1.4,3.32,1.38,3.06
WTA,2023,31,London,Wimbledon,2023-07-06,Grand Slam,Outdoor,Grass,2nd Round,3,Azarenka V.,Podoroska N.,20.0,80.0,1996.0,784.0,6.0,3.0,6.0,0.0,,,2.0,0.0,Completed,1.22,4.33,1.21,4.89,1.26,4.89,1.22,4.29
WTA,2023,31,London,Wimbledon,2023-07-06,Grand Slam,Outdoor,Grass,2nd Round,3,Andreeva M.,Krejcikova B.,102.0,11.0,651.0,2830.0,6.0,3.0,4.0,0.0,,,1.0,0.0,Retired,3.5,1.3,3.43,1.35,3.55,1.35,3.38,1.32
WTA,2023,31,London,Wimbledon,2023-07-06,Grand Slam,Outdoor,Grass,2nd Round,3,Vondrousova M.,Kudermetova V.,42.0,12.0,1106.0,2600.0,6.0,3.0,6.0,3.0,,,2.0,0.0,Completed,2.3,1.62,2.28,1.69,2.43,1.7,2.24,1.66
WTA,2023,31,London,Wimbledon,2023-07-06,Grand Slam,Outdoor,Grass,2nd Round,3,Haddad Maia B.,Cristian J.,13.0,133.0,2560.0,541.0,4.0,6.0,6.0,2.0,6.0,4.0,2.0,1.0,Completed,1.14,5.5,1.16,6.05,1.2,6.05,1.15,5.47
WTA,2023,31,London,Wimbledon,2023-07-06,Grand Slam,Outdoor,Grass,2nd Round,3,Cirstea S.,Ostapenko J.,37.0,17.0,1187.0,2150.0,4.0,6.0,7.0,6.0,6.0,4.0,2.0,1.0,Completed,3.5,1.3,3.86,1.3,3.86,1.41,3.45,1.32
WTA,2023,31,London,Wimbledon,2023-07-06,Grand Slam,Outdoor,Grass,2nd Round,3,Linette M.,Strycova B.,24.0,623.0,1765.0,59.0,6.0,4.0,6.0,7.0,6.0,3.0,2.0,1.0,Completed,1.53,2.5,1.63,2.4,1.67,2.54,1.58,2.39
WTA,2023,31,London,Wimbledon,2023-07-06,Grand Slam,Outdoor,Grass,2nd Round,3,Bouzkova M.,Kontaveit A.,33.0,81.0,1258.0,779.0,6.0,1.0,6.0,2.0,,,2.0,0.0,Completed,1.62,2.3,1.7,2.27,1.74,2.42,1.66,2.23
WTA,2023,31,London,Wimbledon,2023-07-06,Grand Slam,Outdoor,Grass,2nd Round,3,Boulter K.,Tomova V.,89.0,99.0,733.0,680.0,6.0,0.0,3.0,6.0,6.0,3.0,2.0,1.0,Completed,1.33,3.4,1.35,3.46,1.37,3.5,1.34,3.31
WTA,2023,31,London,Wimbledon,2023-07-06,Grand Slam,Outdoor,Grass,2nd Round,3,Garcia C.,Fernandez L.A.,5.0,95.0,4845.0,712.0,3.0,6.0,6.0,4.0,7.0,6.0,2.0,1.0,Completed,1.36,3.2,1.37,3.32,1.4,3.45,1.35,3.21
WTA,2023,31,London,Wimbledon,2023-07-06,Grand Slam,Outdoor,Grass,2nd Round,3,Cocciaretto E.,Masarova R.,43.0,66.0,1100.0,887.0,6.0,3.0,6.0,1.0,,,2.0,0.0,Completed,2.3,1.62,2.29,1.69,2.4,1.69,2.29,1.63
WTA,2023,31,London,Wimbledon,2023-07-06,Grand Slam,Outdoor,Grass,2nd Round,3,Vekic D.,Stephens S.,21.0,39.0,1975.0,1170.0,4.0,6.0,7.0,5.0,6.0,4.0,2.0,1.0,Completed,1.4,3.0,1.4,3.17,1.44,3.17,1.39,3.01
WTA,2023,31,London,Wimbledon,2023-07-06,Grand Slam,Outdoor,Grass,2nd Round,3,Bencic B.,Collins D.,14.0,52.0,2380.0,1013.0,3.0,6.0,6.0,4.0,7.0,6.0,2.0,1.0,Completed,1.36,3.2,1.35,3.47,1.4,3.47,1.34,3.26
WTA,2023,31,London,Wimbledon,2023-07-06,Grand Slam,Outdoor,Grass,2nd Round,3,Rybakina E.,Cornet A.,3.0,74.0,5090.0,829.0,6.0,2.0,7.0,6.0,,,2.0,0.0,Completed,1.14,5.5,1.15,6.43,1.2,7.25,1.14,5.72
WTA,2023,31,London,Wimbledon,2023-07-06,Grand Slam,Outdoor,Grass,2nd Round,3,Potapova A.,Juvan K.,23.0,244.0,1845.0,299.0,6.0,3.0,7.0,5.0,,,2.0,0.0,Completed,1.3,3.5,1.33,3.62,1.36,3.68,1.32,3.42
WTA,2023,31,London,Wimbledon,2023-07-06,Grand Slam,Outdoor,Grass,2nd Round,3,Pegula J.,Bucsa C.,4.0,78.0,4995.0,790.0,6.0,1.0,6.0,4.0,,,2.0,0.0,Completed,1.14,5.5,1.18,5.38,1.19,6.0,1.16,5.3
WTA,2023,31,London,Wimbledon,2023-07-07,Grand Slam,Outdoor,Grass,2nd Round,3,Keys M.,Golubic V.,18.0,139.0,2106.0,511.0,7.0,5.0,6.0,3.0,,,2.0,0.0,Completed,1.17,5.0,1.22,4.85,1.24,5.25,1.19,4.71
WTA,2023,31,London,Wimbledon,2023-07-07,Grand Slam,Outdoor,Grass,2nd Round,3,Galfi D.,Niemeier J.,126.0,103.0,584.0,650.0,4.0,6.0,7.0,6.0,6.0,1.0,2.0,1.0,Completed,3.0,1.4,3.11,1.41,3.12,1.44,2.97,1.4
WTA,2023,31,London,Wimbledon,2023-07-07,Grand Slam,Outdoor,Grass,2nd Round,3,Kostyuk M.,Badosa P.,36.0,35.0,1200.0,1233.0,6.0,2.0,1.0,0.0,,,1.0,0.0,Retired,2.38,1.57,2.43,1.62,2.5,1.64,2.36,1.59
WTA,2023,31,London,Wimbledon,2023-07-07,Grand Slam,Outdoor,Grass,2nd Round,3,Alexandrova E.,Brengle M.,22.0,114.0,1915.0,624.0,6.0,7.0,7.0,6.0,7.0,6.0,2.0,1.0,Completed,1.14,5.5,1.14,6.63,1.2,6.63,1.14,5.77
WTA,2023,31,London,Wimbledon,2023-07-07,Grand Slam,Outdoor,Grass,2nd Round,3,Stevanovic N.,Korpatsch T.,225.0,122.0,322.0,603.0,7.0,5.0,7.0,5.0,,,2.0,0.0,Completed,1.73,2.1,1.66,2.34,1.8,2.48,1.65,2.25
WTA,2023,31,London,Wimbledon,2023-07-07,Grand Slam,Outdoor,Grass,2nd Round,3,Kvitova P.,Sasnovich A.,9.0,69.0,3101.0,868.0,6.0,2.0,6.0,2.0,,,2.0,0.0,Completed,1.2,4.5,1.22,4.78,1.29,4.9,1.21,4.47
WTA,2023,31,London,Wimbledon,2023-07-07,Grand Slam,Outdoor,Grass,2nd Round,3,Blinkova A.,Begu I.,40.0,30.0,1153.0,1342.0,7.0,5.0,6.0,3.0,,,2.0,0.0,Completed,1.73,2.1,1.73,2.22,1.8,2.3,1.72,2.12
WTA,2023,31,London,Wimbledon,2023-07-07,Grand Slam,Outdoor,Grass,2nd Round,3,Sabalenka A.,Gracheva V.,2.0,41.0,8066.0,1118.0,2.0,6.0,7.0,5.0,6.0,2.0,2.0,1.0,Completed,1.08,8.0,1.1,8.55,1.13,8.75,1.09,7.63
WTA,2023,31,London,Wimbledon,2023-07-07,Grand Slam,Outdoor,Grass,2nd Round,3,Andreescu B.,Kalinina A.,50.0,26.0,1027.0,1527.0,6.0,2.0,4.0,6.0,7.0,6.0,2.0,1.0,Completed,1.67,2.2,1.78,2.15,1.8,2.2,1.73,2.12
WTA,2023,31,London,Wimbledon,2023-07-07,Grand Slam,Outdoor,Grass,2nd Round,3,Jabeur O.,Bai Z.,6.0,191.0,3547.0,371.0,6.0,1.0,6.0,1.0,,,2.0,0.0,Completed,1.08,8.0,1.09,9.63,1.13,9.75,1.09,7.83
WTA,2023,31,London,Wimbledon,2023-07-07,Grand Slam,Outdoor,Grass,3rd Round,3,Tsurenko L.,Bogdan A.,60.0,57.0,942.0,972.0,4.0,6.0,6.0,3.0,7.0,6.0,2.0,1.0,Completed,1.73,2.1,1.87,2.04,1.87,2.21,1.78,2.06
WTA,2023,31,London,Wimbledon,2023-07-07,Grand Slam,Outdoor,Grass,3rd Round,3,Azarenka V.,Kasatkina D.,20.0,10.0,1996.0,2935.0,6.0,2.0,6.0,4.0,,,2.0,0.0,Completed,2.5,1.53,2.63,1.55,2.71,1.57,2.55,1.52
WTA,2023,31,London,Wimbledon,2023-07-07,Grand Slam,Outdoor,Grass,3rd Round,3,Vondrousova M.,Vekic D.,42.0,21.0,1106.0,1975.0,6.0,1.0,7.0,5.0,,,2.0,0.0,Completed,1.8,2.0,1.85,2.07,1.92,2.15,1.81,2.02
WTA,2023,31,London,Wimbledon,2023-07-07,Grand Slam,Outdoor,Grass,3rd Round,3,Pegula J.,Cocciaretto E.,4.0,43.0,4995.0,1100.0,6.0,4.0,6.0,0.0,,,2.0,0.0,Completed,1.2,4.5,1.22,4.9,1.23,5.0,1.2,4.59
WTA,2023,31,London,Wimbledon,2023-07-07,Grand Slam,Outdoor,Grass,3rd Round,3,Bencic B.,Linette M.,14.0,24.0,2380.0,1765.0,6.0,3.0,6.0,1.0,,,2.0,0.0,Completed,1.44,2.75,1.41,3.17,1.51,3.17,1.41,2.92
WTA,2023,31,London,Wimbledon,2023-07-07,Grand Slam,Outdoor,Grass,3rd Round,3,Svitolina E.,Kenin S.,76.0,128.0,798.0,582.0,7.0,6.0,6.0,2.0,,,2.0,0.0,Completed,2.1,1.73,2.31,1.69,2.4,1.8,2.22,1.68
WTA,2023,31,London,Wimbledon,2023-07-07,Grand Slam,Outdoor,Grass,3rd Round,3,Swiatek I.,Martic P.,1.0,29.0,8990.0,1418.0,6.0,2.0,7.0,5.0,,,2.0,0.0,Completed,1.03,17.0,1.04,17.46,1.05,20.0,1.03,14.56
WTA,2023,31,London,Wimbledon,2023-07-07,Grand Slam,Outdoor,Grass,3rd Round,3,Bouzkova M.,Garcia C.,33.0,5.0,1258.0,4845.0,7.0,6.0,4.0,6.0,7.0,5.0,2.0,1.0,Completed,1.91,1.91,1.87,2.04,2.05,2.05,1.87,1.95
WTA,2023,31,London,Wimbledon,2023-07-08,Grand Slam,Outdoor,Grass,3rd Round,3,Kvitova P.,Stevanovic N.,9.0,225.0,3101.0,322.0,6.0,3.0,7.0,5.0,,,2.0,0.0,Completed,1.06,10.0,1.08,11.05,1.12,11.05,1.07,9.08
WTA,2023,31,London,Wimbledon,2023-07-08,Grand Slam,Outdoor,Grass,3rd Round,3,Haddad Maia B.,Cirstea S.,13.0,37.0,2560.0,1187.0,6.0,2.0,6.0,2.0,,,2.0,0.0,Completed,1.67,2.2,1.75,2.21,1.76,2.25,1.71,2.17
WTA,2023,31,London,Wimbledon,2023-07-08,Grand Slam,Outdoor,Grass,3rd Round,3,Alexandrova E.,Galfi D.,22.0,126.0,1915.0,584.0,6.0,0.0,6.0,4.0,,,2.0,0.0,Completed,1.17,5.0,1.18,5.57,1.24,5.57,1.18,4.98
WTA,2023,31,London,Wimbledon,2023-07-08,Grand Slam,Outdoor,Grass,3rd Round,3,Sabalenka A.,Blinkova A.,2.0,40.0,8066.0,1153.0,6.0,2.0,6.0,3.0,,,2.0,0.0,Completed,1.13,6.0,1.13,7.2,1.14,7.4,1.12,6.32
WTA,2023,31,London,Wimbledon,2023-07-08,Grand Slam,Outdoor,Grass,3rd Round,3,Keys M.,Kostyuk M.,18.0,36.0,2106.0,1200.0,6.0,4.0,6.0,1.0,,,2.0,0.0,Completed,1.3,3.5,1.3,3.95,1.39,3.95,1.31,3.55
WTA,2023,31,London,Wimbledon,2023-07-08,Grand Slam,Outdoor,Grass,3rd Round,3,Jabeur O.,Andreescu B.,6.0,50.0,3547.0,1027.0,3.0,6.0,6.0,3.0,6.0,4.0,2.0,1.0,Completed,1.22,4.33,1.23,4.73,1.28,4.82,1.22,4.41
WTA,2023,31,London,Wimbledon,2023-07-08,Grand Slam,Outdoor,Grass,3rd Round,3,Rybakina E.,Boulter K.,3.0,89.0,5090.0,733.0,6.0,1.0,6.0,1.0,,,2.0,0.0,Completed,1.17,5.0,1.16,6.74,1.17,6.74,1.15,5.68
WTA,2023,31,London,Wimbledon,2023-07-09,Grand Slam,Outdoor,Grass,3rd Round,3,Andreeva M.,Potapova A.,102.0,23.0,651.0,1845.0,6.0,2.0,7.0,5.0,,,2.0,0.0,Completed,2.2,1.67,2.34,1.68,2.35,1.71,2.26,1.66
WTA,2023,31,London,Wimbledon,2023-07-09,Grand Slam,Outdoor,Grass,4th Round,3,Vondrousova M.,Bouzkova M.,42.0,33.0,1106.0,1258.0,2.0,6.0,6.0,4.0,6.0,3.0,2.0,1.0,Completed,1.44,2.75,1.43,3.1,1.5,3.12,1.43,2.88
WTA,2023,31,London,Wimbledon,2023-07-09,Grand Slam,Outdoor,Grass,4th Round,3,Pegula J.,Tsurenko L.,4.0,60.0,4995.0,942.0,6.0,1.0,6.0,3.0,,,2.0,0.0,Completed,1.2,4.5,1.25,4.53,1.26,4.54,1.23,4.22
WTA,2023,31,London,Wimbledon,2023-07-09,Grand Slam,Outdoor,Grass,4th Round,3,Swiatek I.,Bencic B.,1.0,14.0,8990.0,2380.0,6.0,7.0,7.0,6.0,6.0,3.0,2.0,1.0,Completed,1.17,5.0,1.2,5.01,1.21,5.25,1.19,4.88
WTA,2023,31,London,Wimbledon,2023-07-09,Grand Slam,Outdoor,Grass,4th Round,3,Svitolina E.,Azarenka V.,76.0,20.0,798.0,1996.0,2.0,6.0,6.0,4.0,7.0,6.0,2.0,1.0,Completed,2.2,1.67,2.32,1.68,2.38,1.71,2.25,1.66
WTA,2023,31,London,Wimbledon,2023-07-10,Grand Slam,Outdoor,Grass,4th Round,3,Keys M.,Andreeva M.,18.0,102.0,2106.0,651.0,3.0,6.0,7.0,6.0,6.0,2.0,2.0,1.0,Completed,1.4,3.0,1.4,3.21,1.45,3.27,1.39,3.05
WTA,2023,31,London,Wimbledon,2023-07-10,Grand Slam,Outdoor,Grass,4th Round,3,Rybakina E.,Haddad Maia B.,3.0,13.0,5090.0,2560.0,4.0,1.0,,,,,0.0,0.0,Retired,1.33,3.4,1.3,3.88,1.35,3.88,1.3,3.55
WTA,2023,31,London,Wimbledon,2023-07-10,Grand Slam,Outdoor,Grass,4th Round,3,Sabalenka A.,Alexandrova E.,2.0,22.0,8066.0,1915.0,6.0,4.0,6.0,0.0,,,2.0,0.0,Completed,1.44,2.75,1.51,2.78,1.53,2.8,1.47,2.7
WTA,2023,31,London,Wimbledon,2023-07-10,Grand Slam,Outdoor,Grass,4th Round,3,Jabeur O.,Kvitova P.,6.0,9.0,3547.0,3101.0,6.0,0.0,6.0,3.0,,,2.0,0.0,Completed,2.1,1.73,2.15,1.79,2.25,1.8,2.13,1.73
WTA,2023,31,London,Wimbledon,2023-07-11,Grand Slam,Outdoor,Grass,Quarterfinals,3,Vondrousova M.,Pegula J.,42.0,4.0,1106.0,4995.0,6.0,4.0,2.0,6.0,6.0,4.0,2.0,1.0,Completed,2.2,1.67,2.32,1.68,2.35,1.76,2.23,1.67
WTA,2023,31,London,Wimbledon,2023-07-11,Grand Slam,Outdoor,Grass,Quarterfinals,3,Svitolina E.,Swiatek I.,76.0,1.0,798.0,8990.0,7.0,5.0,6.0,7.0,6.0,2.0,2.0,1.0,Completed,6.0,1.13,7.15,1.13,7.15,1.19,6.21,1.13
WTA,2023,31,London,Wimbledon,2023-07-12,Grand Slam,Outdoor,Grass,Quarterfinals,3,Sabalenka A.,Keys M.,2.0,18.0,8066.0,2106.0,6.0,2.0,6.0,4.0,,,2.0,0.0,Completed,1.44,2.75,1.55,2.65,1.55,2.85,1.47,2.7
WTA,2023,31,London,Wimbledon,2023-07-12,Grand Slam,Outdoor,Grass,Quarterfinals,3,Jabeur O.,Rybakina E.,6.0,3.0,3547.0,5090.0,6.0,7.0,6.0,4.0,6.0,1.0,2.0,1.0,Completed,2.3,1.62,2.5,1.6,2.57,1.71,2.36,1.6
WTA,2023,31,London,Wimbledon,2023-07-13,Grand Slam,Outdoor,Grass,Semifinals,3,Vondrousova M.,Svitolina E.,42.0,76.0,1106.0,798.0,6.0,3.0,6.0,3.0,,,2.0,0.0,Completed,1.73,2.1,1.66,2.38,1.83,2.38,1.7,2.19
WTA,2023,31,London,Wimbledon,2023-07-13,Grand Slam,Outdoor,Grass,Semifinals,3,Jabeur O.,Sabalenka A.,6.0,2.0,3547.0,8066.0,6.0,7.0,6.0,4.0,6.0,3.0,2.0,1.0,Completed,2.38,1.57,2.55,1.58,2.65,1.7,2.43,1.58
WTA,2023,31,London,Wimbledon,2023-07-15,Grand Slam,Outdoor,Grass,The Final,3,Vondrousova M.,Jabeur O.,42.0,6.0,1106.0,3547.0,6.0,4.0,6.0,4.0,,,2.0,0.0,Completed,2.88,1.44,2.87,1.48,3.02,1.5,2.81,1.45
WTA,2023,42,New York,US Open,2023-08-28,Grand Slam,Outdoor,Hard,1st Round,3,Townsend T.,Gracheva V.,132.0,40.0,551.0,1196.0,6.0,4.0,6.0,2.0,,,2.0,0.0,Completed,1.73,2.1,1.7,2.26,1.76,2.39,1.68,2.21
WTA,2023,42,New York,US Open,2023-08-28,Grand Slam,Outdoor,Hard,1st Round,3,Frech M.,Navarro E.,77.0,57.0,828.0,981.0,7.0,6.0,1.0,6.0,6.0,2.0,2.0,1.0,Completed,2.5,1.53,2.71,1.52,2.83,1.57,2.64,1.49
WTA,2023,42,New York,US Open,2023-08-28,Grand Slam,Outdoor,Hard,1st Round,3,Bencic B.,Rakhimova K.,13.0,72.0,2605.0,846.0,6.0,2.0,6.0,4.0,,,2.0,0.0,Completed,1.13,6.0,1.14,6.66,1.16,7.0,1.13,6.01
WTA,2023,42,New York,US Open,2023-08-28,Grand Slam,Outdoor,Hard,1st Round,3,Schmiedlova A.,Baindl K.,64.0,83.0,907.0,800.0,6.0,4.0,3.0,6.0,6.0,3.0,2.0,1.0,Completed,2.1,1.73,2.17,1.76,2.2,1.78,2.13,1.73
WTA,2023,42,New York,US Open,2023-08-28,Grand Slam,Outdoor,Hard,1st Round,3,Muchova K.,Hunter S.,10.0,158.0,2995.0,461.0,6.0,4.0,6.0,0.0,,,2.0,0.0,Completed,1.07,9.0,1.09,9.24,1.11,10.2,1.07,8.36
WTA,2023,42,New York,US Open,2023-08-28,Grand Slam,Outdoor,Hard,1st Round,3,Azarenka V.,Ferro F.,18.0,190.0,2235.0,375.0,6.0,1.0,6.0,2.0,,,2.0,0.0,Completed,1.08,8.0,1.13,7.22,1.13,8.81,1.1,7.28
WTA,2023,42,New York,US Open,2023-08-28,Grand Slam,Outdoor,Hard,1st Round,3,Saville D.,Ngounoue C.,322.0,494.0,192.0,99.0,6.0,0.0,6.0,2.0,,,2.0,0.0,Completed,1.44,2.75,1.5,2.78,1.54,2.9,1.45,2.78
WTA,2023,42,New York,US Open,2023-08-28,Grand Slam,Outdoor,Hard,1st Round,3,Masarova R.,Sakkari M.,71.0,8.0,862.0,3585.0,6.0,4.0,6.0,4.0,,,2.0,0.0,Completed,4.0,1.25,4.17,1.27,4.33,1.29,3.95,1.25
WTA,2023,42,New York,US Open,2023-08-28,Grand Slam,Outdoor,Hard,1st Round,3,Swiatek I.,Peterson R.,1.0,86.0,9955.0,766.0,6.0,0.0,6.0,1.0,,,2.0,0.0,Completed,1.03,17.0,1.02,20.47,1.06,27.64,1.02,16.33
WTA,2023,42,New York,US Open,2023-08-28,Grand Slam,Outdoor,Hard,1st Round,3,Davis L.,Kovinic D.,50.0,94.0,1064.0,737.0,6.0,2.0,6.0,2.0,,,2.0,0.0,Completed,1.4,3.0,1.44,3.01,1.46,3.1,1.42,2.9
WTA,2023,42,New York,US Open,2023-08-28,Grand Slam,Outdoor,Hard,1st Round,3,Haddad Maia B.,Stephens S.,19.0,36.0,2220.0,1325.0,6.0,2.0,5.0,7.0,6.0,4.0,2.0,1.0,Completed,1.73,2.1,1.77,2.16,1.82,2.2,1.73,2.12
WTA,2023,42,New York,US Open,2023-08-28,Grand Slam,Outdoor,Hard,1st Round,3,Sorribes Tormo S.,Kalinina A.,55.0,28.0,996.0,1597.0,6.0,4.0,7.0,5.0,,,2.0,0.0,Completed,1.73,2.1,1.83,2.08,1.84,2.2,1.76,2.08
WTA,2023,42,New York,US Open,2023-08-28,Grand Slam,Outdoor,Hard,1st Round,3,Collins D.,Fruhvirtova L.,34.0,56.0,1362.0,984.0,6.0,2.0,6.0,0.0,,,2.0,0.0,Completed,1.17,5.0,1.19,5.31,1.23,6.0,1.17,5.2
WTA,2023,42,New York,US Open,2023-08-28,Grand Slam,Outdoor,Hard,1st Round,3,Pera B.,Kudermetova V.,73.0,16.0,844.0,2480.0,7.0,5.0,6.0,4.0,,,2.0,0.0,Completed,4.33,1.22,4.76,1.22,4.76,1.27,4.27,1.23
WTA,2023,42,New York,US Open,2023-08-28,Grand Slam,Outdoor,Hard,1st Round,3,Miyazaki Y.,Betova M.,198.0,1022.0,357.0,15.0,6.0,3.0,6.0,3.0,,,2.0,0.0,Completed,1.17,5.0,1.21,4.96,1.23,5.05,1.19,4.68
WTA,2023,42,New York,US Open,2023-08-28,Grand Slam,Outdoor,Hard,1st Round,3,Rybakina E.,Kostyuk M.,4.0,39.0,5670.0,1230.0,6.0,2.0,6.0,1.0,,,2.0,0.0,Completed,1.33,3.4,1.31,3.79,1.4,3.8,1.31,3.52
WTA,2023,42,New York,US Open,2023-08-28,Grand Slam,Outdoor,Hard,1st Round,3,Wang Xin.,Volynets K.,53.0,124.0,1031.0,574.0,6.0,3.0,6.0,4.0,,,2.0,0.0,Completed,1.44,2.75,1.51,2.75,1.59,2.8,1.47,2.71
WTA,2023,42,New York,US Open,2023-08-28,Grand Slam,Outdoor,Hard,1st Round,3,Zhu L.,Sherif M.,44.0,33.0,1168.0,1385.0,6.0,3.0,7.0,5.0,,,2.0,0.0,Completed,1.44,2.75,1.43,3.04,1.52,3.07,1.42,2.91
WTA,2023,42,New York,US Open,2023-08-28,Grand Slam,Outdoor,Hard,1st Round,3,Juvan K.,Cocciaretto E.,145.0,29.0,503.0,1420.0,6.0,2.0,7.0,5.0,,,2.0,0.0,Completed,2.2,1.67,2.19,1.75,2.25,1.78,2.19,1.69
WTA,2023,42,New York,US Open,2023-08-28,Grand Slam,Outdoor,Hard,1st Round,3,Brady J.,Birrell K.,433.0,111.0,129.0,642.0,6.0,3.0,7.0,6.0,,,2.0,0.0,Completed,1.25,4.0,1.25,4.33,1.29,4.42,1.24,4.07
WTA,2023,42,New York,US Open,2023-08-28,Grand Slam,Outdoor,Hard,1st Round,3,Wang Xiy.,Hruncakova V.,95.0,107.0,732.0,650.0,4.0,6.0,6.0,3.0,7.0,6.0,2.0,1.0,Completed,1.62,2.3,1.56,2.55,1.62,2.6,1.57,2.43
WTA,2023,42,New York,US Open,2023-08-28,Grand Slam,Outdoor,Hard,1st Round,3,Tomljanovic A.,Udvardy P.,127.0,122.0,572.0,591.0,3.0,6.0,6.0,2.0,6.0,4.0,2.0,1.0,Completed,1.44,2.75,1.41,3.12,1.5,3.12,1.41,2.92
WTA,2023,42,New York,US Open,2023-08-28,Grand Slam,Outdoor,Hard,1st Round,3,Mertens E.,Bjorklund M.,32.0,155.0,1389.0,471.0,3.0,6.0,6.0,3.0,7.0,6.0,2.0,1.0,Completed,1.44,2.75,1.41,3.1,1.46,3.4,1.4,2.97
WTA,2023,42,New York,US Open,2023-08-29,Grand Slam,Outdoor,Hard,1st Round,3,Kalinskaya A.,Siniakova K.,89.0,49.0,755.0,1089.0,6.0,4.0,6.0,2.0,,,2.0,0.0,Completed,2.0,1.8,2.16,1.77,2.18,1.83,2.09,1.75
WTA,2023,42,New York,US Open,2023-08-29,Grand Slam,Outdoor,Hard,1st Round,3,Avanesyan E.,Cornet A.,66.0,79.0,901.0,819.0,6.0,2.0,1.0,6.0,6.0,4.0,2.0,1.0,Completed,2.38,1.57,2.54,1.57,2.54,1.67,2.41,1.58
WTA,2023,42,New York,US Open,2023-08-29,Grand Slam,Outdoor,Hard,1st Round,3,Ostapenko J.,Paolini J.,21.0,35.0,2160.0,1330.0,6.0,2.0,4.0,6.0,6.0,1.0,2.0,1.0,Completed,1.44,2.75,1.47,2.85,1.48,2.9,1.45,2.78
WTA,2023,42,New York,US Open,2023-08-29,Grand Slam,Outdoor,Hard,1st Round,3,Gauff C.,Siegemund L.,6.0,121.0,4595.0,601.0,3.0,6.0,6.0,2.0,6.0,4.0,2.0,1.0,Completed,1.08,8.0,1.08,9.74,1.1,9.74,1.07,8.2
WTA,2023,42,New York,US Open,2023-08-29,Grand Slam,Outdoor,Hard,1st Round,3,Kvitova P.,Bucsa C.,11.0,65.0,2920.0,905.0,6.0,1.0,7.0,6.0,,,2.0,0.0,Completed,1.22,4.33,1.2,5.05,1.23,5.05,1.2,4.58
WTA,2023,42,New York,US Open,2023-08-29,Grand Slam,Outdoor,Hard,1st Round,3,Andreeva M.,Gadecki O.,63.0,139.0,909.0,529.0,1.0,6.0,6.0,3.0,6.0,4.0,2.0,1.0,Completed,1.29,3.75,1.29,3.96,1.3,4.08,1.27,3.79
WTA,2023,42,New York,US Open,2023-08-29,Grand Slam,Outdoor,Hard,1st Round,3,Cirstea S.,Day K.,30.0,93.0,1400.0,741.0,6.0,2.0,6.0,3.0,,,2.0,0.0,Completed,1.29,3.75,1.3,3.82,1.31,4.0,1.29,3.67
WTA,2023,42,New York,US Open,2023-08-29,Grand Slam,Outdoor,Hard,1st Round,3,Linette M.,Sasnovich A.,24.0,92.0,1756.0,746.0,6.0,3.0,6.0,1.0,,,2.0,0.0,Completed,2.2,1.67,2.35,1.66,2.37,1.69,2.28,1.64
WTA,2023,42,New York,US Open,2023-08-29,Grand Slam,Outdoor,Hard,1st Round,3,Wozniacki C.,Prozorova T.,623.0,227.0,61.0,323.0,6.0,3.0,6.0,2.0,,,2.0,0.0,Completed,1.33,3.4,1.32,3.66,1.39,3.66,1.32,3.38
WTA,2023,42,New York,US Open,2023-08-29,Grand Slam,Outdoor,Hard,1st Round,3,Noskova L.,Brengle M.,41.0,103.0,1174.0,689.0,6.0,2.0,6.0,1.0,,,2.0,0.0,Completed,1.4,3.0,1.43,3.05,1.43,3.21,1.39,3.01
WTA,2023,42,New York,US Open,2023-08-29,Grand Slam,Outdoor,Hard,1st Round,3,Boulter K.,Parry D.,61.0,88.0,947.0,757.0,6.0,4.0,6.0,0.0,,,2.0,0.0,Completed,1.5,2.63,1.5,2.78,1.52,2.78,1.49,2.66
WTA,2023,42,New York,US Open,2023-08-29,Grand Slam,Outdoor,Hard,1st Round,3,Korpatsch T.,Begu I.,75.0,43.0,833.0,1168.0,6.0,3.0,6.0,2.0,,,2.0,0.0,Completed,2.63,1.5,2.91,1.46,2.96,1.51,2.76,1.46
WTA,2023,42,New York,US Open,2023-08-29,Grand Slam,Outdoor,Hard,1st Round,3,Bouzkova M.,Krueger A.,31.0,120.0,1393.0,607.0,7.0,5.0,6.0,4.0,,,2.0,0.0,Completed,1.3,3.5,1.32,3.72,1.35,3.72,1.32,3.42
WTA,2023,42,New York,US Open,2023-08-29,Grand Slam,Outdoor,Hard,1st Round,3,Jabeur O.,Osorio M.,5.0,21.0,4831.0,2160.0,7.0,5.0,7.0,6.0,,,2.0,0.0,Completed,1.17,5.0,1.16,6.02,1.18,6.26,1.16,5.39
WTA,2023,42,New York,US Open,2023-08-29,Grand Slam,Outdoor,Hard,1st Round,3,Samsonova L.,Liu C.,15.0,69.0,2525.0,879.0,7.0,6.0,6.0,3.0,,,2.0,0.0,Completed,1.17,5.0,1.21,4.9,1.22,5.25,1.19,4.84
WTA,2023,42,New York,US Open,2023-08-29,Grand Slam,Outdoor,Hard,1st Round,3,Alexandrova E.,Fernandez L.A.,20.0,67.0,2190.0,895.0,7.0,6.0,5.0,7.0,6.0,4.0,2.0,1.0,Completed,1.8,2.0,1.75,2.18,1.96,2.26,1.74,2.12
WTA,2023,42,New York,US Open,2023-08-29,Grand Slam,Outdoor,Hard,1st Round,3,Trevisan M.,Putintseva Y.,58.0,78.0,977.0,827.0,0.0,6.0,7.0,6.0,7.0,6.0,2.0,1.0,Completed,2.2,1.67,2.5,1.59,2.5,1.75,2.21,1.67
WTA,2023,42,New York,US Open,2023-08-29,Grand Slam,Outdoor,Hard,1st Round,3,Keys M.,Rus A.,17.0,45.0,2290.0,1152.0,6.0,2.0,6.0,4.0,,,2.0,0.0,Completed,1.14,5.5,1.19,5.34,1.2,6.0,1.16,5.28
WTA,2023,42,New York,US Open,2023-08-29,Grand Slam,Outdoor,Hard,1st Round,3,Martic P.,Maria T.,37.0,47.0,1323.0,1125.0,6.0,2.0,6.0,1.0,,,2.0,0.0,Completed,1.67,2.2,1.7,2.26,1.74,2.35,1.67,2.21
WTA,2023,42,New York,US Open,2023-08-29,Grand Slam,Outdoor,Hard,1st Round,3,Vondrousova M.,Han N.L.,9.0,241.0,3401.0,301.0,6.0,3.0,6.0,0.0,,,2.0,0.0,Completed,1.04,13.0,1.04,17.2,1.05,17.2,1.03,13.59
WTA,2023,42,New York,US Open,2023-08-29,Grand Slam,Outdoor,Hard,1st Round,3,Wang Y.,Garcia C.,114.0,7.0,628.0,3820.0,6.0,4.0,6.0,1.0,,,2.0,0.0,Completed,2.2,1.67,2.33,1.67,2.41,1.68,2.26,1.64
WTA,2023,42,New York,US Open,2023-08-29,Grand Slam,Outdoor,Hard,1st Round,3,Pegula J.,Giorgi C.,3.0,52.0,5945.0,1043.0,6.0,2.0,6.0,2.0,,,2.0,0.0,Completed,1.2,4.5,1.17,5.85,1.22,5.85,1.19,4.76
WTA,2023,42,New York,US Open,2023-08-29,Grand Slam,Outdoor,Hard,1st Round,3,Wickmayer Y.,Zvonareva V.,85.0,677.0,770.0,52.0,6.0,4.0,6.0,4.0,,,2.0,0.0,Completed,1.62,2.3,1.76,2.17,1.77,2.32,1.7,2.18
WTA,2023,42,New York,US Open,2023-08-29,Grand Slam,Outdoor,Hard,1st Round,3,Burel C.,Dolehide C.,62.0,106.0,935.0,651.0,6.0,4.0,6.0,3.0,,,2.0,0.0,Completed,1.57,2.38,1.59,2.5,1.61,2.6,1.55,2.45
WTA,2023,42,New York,US Open,2023-08-29,Grand Slam,Outdoor,Hard,1st Round,3,Tig P.M.,Marino R.,700.0,104.0,46.0,679.0,7.0,6.0,7.0,6.0,,,2.0,0.0,Completed,6.0,1.13,6.7,1.14,7.0,1.16,6.18,1.13
WTA,2023,42,New York,US Open,2023-08-29,Grand Slam,Outdoor,Hard,1st Round,3,Stearns P.,Tomova V.,59.0,82.0,956.0,802.0,6.0,3.0,6.0,4.0,,,2.0,0.0,Completed,1.5,2.63,1.57,2.56,1.57,2.63,1.52,2.56
WTA,2023,42,New York,US Open,2023-08-29,Grand Slam,Outdoor,Hard,1st Round,3,Kasatkina D.,Parks A.,14.0,42.0,2560.0,1171.0,2.0,6.0,6.0,4.0,6.0,2.0,2.0,1.0,Completed,1.14,5.5,1.17,5.87,1.17,6.05,1.15,5.49
WTA,2023,42,New York,US Open,2023-08-29,Grand Slam,Outdoor,Hard,1st Round,3,Svitolina E.,Friedsam A.L.,26.0,90.0,1679.0,753.0,6.0,3.0,6.0,1.0,,,2.0,0.0,Completed,1.14,5.5,1.16,6.17,1.16,6.3,1.14,5.69
WTA,2023,42,New York,US Open,2023-08-29,Grand Slam,Outdoor,Hard,1st Round,3,Tsurenko L.,Jacquemot E.,46.0,181.0,1151.0,399.0,7.0,5.0,3.0,6.0,6.0,1.0,2.0,1.0,Completed,1.29,3.75,1.29,3.9,1.3,4.0,1.28,3.72
WTA,2023,42,New York,US Open,2023-08-29,Grand Slam,Outdoor,Hard,1st Round,3,Tauson C.,Potapova A.,87.0,27.0,760.0,1675.0,7.0,6.0,3.0,6.0,6.0,3.0,2.0,1.0,Completed,2.3,1.62,2.3,1.68,2.43,1.7,2.26,1.64
WTA,2023,42,New York,US Open,2023-08-29,Grand Slam,Outdoor,Hard,1st Round,3,Pliskova Ka.,Ruse E.G.,25.0,167.0,1685.0,446.0,6.0,1.0,6.0,4.0,,,2.0,0.0,Completed,1.44,2.75,1.5,2.77,1.52,2.97,1.46,2.73
WTA,2023,42,New York,US Open,2023-08-29,Grand Slam,Outdoor,Hard,1st Round,3,Pavlyuchenkova A.,Crawley F.,98.0,729.0,720.0,41.0,6.0,2.0,6.0,4.0,,,2.0,0.0,Completed,1.3,3.5,1.28,4.06,1.33,4.06,1.3,3.59
WTA,2023,42,New York,US Open,2023-08-29,Grand Slam,Outdoor,Hard,1st Round,3,Vickery S.,Vekic D.,204.0,22.0,352.0,2125.0,2.0,6.0,7.0,5.0,6.0,2.0,2.0,1.0,Completed,4.0,1.25,3.77,1.31,4.0,1.32,3.65,1.29
WTA,2023,42,New York,US Open,2023-08-29,Grand Slam,Outdoor,Hard,1st Round,3,Lys E.,Montgomery R.,143.0,147.0,509.0,499.0,6.0,2.0,6.0,1.0,,,2.0,0.0,Completed,1.53,2.5,1.52,2.68,1.54,2.73,1.5,2.6
WTA,2023,42,New York,US Open,2023-08-29,Grand Slam,Outdoor,Hard,1st Round,3,Kanepi K.,Strycova B.,133.0,430.0,544.0,130.0,6.0,4.0,6.0,4.0,,,2.0,0.0,Completed,1.33,3.4,1.29,3.94,1.37,3.94,1.32,3.41
WTA,2023,42,New York,US Open,2023-08-30,Grand Slam,Outdoor,Hard,1st Round,3,Minnen G.,Williams V.,97.0,410.0,721.0,142.0,6.0,1.0,6.0,1.0,,,2.0,0.0,Completed,1.44,2.75,1.39,3.23,1.48,3.27,1.41,2.93
WTA,2023,42,New York,US Open,2023-08-30,Grand Slam,Outdoor,Hard,1st Round,3,Burrage J.,Blinkova A.,96.0,38.0,726.0,1283.0,6.0,3.0,6.0,4.0,,,2.0,0.0,Completed,2.5,1.53,2.83,1.48,2.87,1.54,2.66,1.49
WTA,2023,42,New York,US Open,2023-08-30,Grand Slam,Outdoor,Hard,1st Round,3,Zheng Q.,Podoroska N.,23.0,70.0,1823.0,866.0,6.0,1.0,6.0,0.0,,,2.0,0.0,Completed,1.2,4.5,1.22,4.74,1.24,4.82,1.21,4.48
WTA,2023,42,New York,US Open,2023-08-30,Grand Slam,Outdoor,Hard,1st Round,3,Bronzetti L.,Krejcikova B.,76.0,12.0,830.0,2811.0,6.0,4.0,7.0,6.0,,,2.0,0.0,Completed,4.5,1.2,5.04,1.2,5.04,1.22,4.62,1.2
WTA,2023,42,New York,US Open,2023-08-30,Grand Slam,Outdoor,Hard,1st Round,3,Kenin S.,Bogdan A.,101.0,60.0,692.0,952.0,7.0,6.0,6.0,4.0,,,2.0,0.0,Completed,1.62,2.3,1.68,2.31,1.68,2.42,1.62,2.29
WTA,2023,42,New York,US Open,2023-08-30,Grand Slam,Outdoor,Hard,1st Round,3,Sabalenka A.,Zanevska M.,2.0,112.0,8746.0,634.0,6.0,3.0,6.0,2.0,,,2.0,0.0,Completed,1.02,21.0,1.02,20.22,1.04,24.0,1.02,16.01
WTA,2023,42,New York,US Open,2023-08-30,Grand Slam,Outdoor,Hard,2nd Round,3,Mertens E.,Collins D.,32.0,34.0,1389.0,1362.0,3.0,6.0,7.0,6.0,6.0,1.0,2.0,1.0,Completed,2.75,1.44,3.22,1.39,3.22,1.49,2.86,1.43
WTA,2023,42,New York,US Open,2023-08-30,Grand Slam,Outdoor,Hard,2nd Round,3,Townsend T.,Haddad Maia B.,132.0,19.0,551.0,2220.0,7.0,6.0,7.0,5.0,,,2.0,0.0,Completed,2.5,1.53,2.58,1.56,2.6,1.61,2.48,1.54
WTA,2023,42,New York,US Open,2023-08-30,Grand Slam,Outdoor,Hard,2nd Round,3,Bencic B.,Miyazaki Y.,13.0,198.0,2605.0,357.0,6.0,3.0,6.0,3.0,,,2.0,0.0,Completed,1.06,10.0,1.06,12.23,1.07,12.4,1.06,10.02
WTA,2023,42,New York,US Open,2023-08-30,Grand Slam,Outdoor,Hard,2nd Round,3,Juvan K.,Davis L.,145.0,50.0,503.0,1064.0,6.0,7.0,6.0,4.0,6.0,3.0,2.0,1.0,Completed,1.8,2.0,1.83,2.08,1.9,2.08,1.82,2.0
WTA,2023,42,New York,US Open,2023-08-30,Grand Slam,Outdoor,Hard,2nd Round,3,Gauff C.,Andreeva M.,6.0,63.0,4595.0,909.0,6.0,3.0,6.0,2.0,,,2.0,0.0,Completed,1.17,5.0,1.17,5.73,1.21,5.8,1.18,5.07
WTA,2023,42,New York,US Open,2023-08-30,Grand Slam,Outdoor,Hard,2nd Round,3,Schmiedlova A.,Masarova R.,64.0,71.0,907.0,862.0,7.0,6.0,6.0,2.0,,,2.0,0.0,Completed,3.0,1.4,3.34,1.37,3.34,1.44,3.0,1.4
WTA,2023,42,New York,US Open,2023-08-30,Grand Slam,Outdoor,Hard,2nd Round,3,Wang Xin.,Sorribes Tormo S.,53.0,55.0,1031.0,996.0,5.0,7.0,6.0,3.0,6.0,4.0,2.0,1.0,Completed,2.5,1.53,2.65,1.53,2.7,1.6,2.52,1.53
WTA,2023,42,New York,US Open,2023-08-30,Grand Slam,Outdoor,Hard,2nd Round,3,Muchova K.,Frech M.,10.0,77.0,2995.0,828.0,6.0,3.0,6.0,3.0,,,2.0,0.0,Completed,1.1,7.0,1.09,9.03,1.12,9.4,1.09,7.74
WTA,2023,42,New York,US Open,2023-08-30,Grand Slam,Outdoor,Hard,2nd Round,3,Swiatek I.,Saville D.,1.0,322.0,9955.0,192.0,6.0,3.0,6.0,4.0,,,2.0,0.0,Completed,1.02,21.0,1.02,26.73,1.03,26.73,1.02,16.86
WTA,2023,42,New York,US Open,2023-08-30,Grand Slam,Outdoor,Hard,2nd Round,3,Cirstea S.,Kalinskaya A.,30.0,89.0,1400.0,755.0,6.0,3.0,6.0,4.0,,,2.0,0.0,Completed,1.57,2.38,1.63,2.42,1.63,2.5,1.58,2.39
WTA,2023,42,New York,US Open,2023-08-30,Grand Slam,Outdoor,Hard,2nd Round,3,Zhu L.,Azarenka V.,44.0,18.0,1168.0,2235.0,6.0,3.0,6.0,3.0,,,2.0,0.0,Completed,3.75,1.29,3.72,1.31,3.88,1.33,3.58,1.29
WTA,2023,42,New York,US Open,2023-08-30,Grand Slam,Outdoor,Hard,2nd Round,3,Pera B.,Wang Xiy.,73.0,95.0,844.0,732.0,3.0,6.0,7.0,6.0,6.0,2.0,2.0,1.0,Completed,2.3,1.62,2.46,1.61,2.5,1.64,2.35,1.6
WTA,2023,42,New York,US Open,2023-08-31,Grand Slam,Outdoor,Hard,2nd Round,3,Rybakina E.,Tomljanovic A.,4.0,127.0,5670.0,572.0,,,,,,,,,Walkover,1.1,7.0,1.11,7.84,1.12,8.0,1.1,7.15
WTA,2023,42,New York,US Open,2023-08-31,Grand Slam,Outdoor,Hard,2nd Round,3,Brady J.,Linette M.,433.0,24.0,129.0,1756.0,6.0,1.0,2.0,6.0,6.0,2.0,2.0,1.0,Completed,1.53,2.5,1.6,2.49,1.6,2.55,1.54,2.46
WTA,2023,42,New York,US Open,2023-08-31,Grand Slam,Outdoor,Hard,2nd Round,3,Ostapenko J.,Avanesyan E.,21.0,66.0,2160.0,901.0,6.0,3.0,5.0,7.0,7.0,5.0,2.0,1.0,Completed,1.17,5.0,1.18,5.45,1.21,5.55,1.18,4.89
WTA,2023,42,New York,US Open,2023-08-31,Grand Slam,Outdoor,Hard,2nd Round,3,Wozniacki C.,Kvitova P.,623.0,11.0,61.0,2920.0,7.0,5.0,7.0,6.0,,,2.0,0.0,Completed,3.4,1.33,3.65,1.32,3.71,1.37,3.4,1.32
WTA,2023,42,New York,US Open,2023-08-31,Grand Slam,Outdoor,Hard,2nd Round,3,Stearns P.,Tauson C.,59.0,87.0,956.0,760.0,6.0,3.0,6.0,0.0,,,2.0,0.0,Completed,2.0,1.8,2.02,1.88,2.08,1.89,1.99,1.83
WTA,2023,42,New York,US Open,2023-08-31,Grand Slam,Outdoor,Hard,2nd Round,3,Zheng Q.,Kanepi K.,23.0,133.0,1823.0,544.0,6.0,2.0,3.0,6.0,6.0,2.0,2.0,1.0,Completed,1.25,4.0,1.26,4.19,1.28,4.33,1.25,3.92
WTA,2023,42,New York,US Open,2023-08-31,Grand Slam,Outdoor,Hard,2nd Round,3,Boulter K.,Wang Y.,61.0,114.0,947.0,628.0,5.0,7.0,6.0,1.0,6.0,4.0,2.0,1.0,Completed,2.38,1.57,2.42,1.63,2.51,1.63,2.4,1.58
WTA,2023,42,New York,US Open,2023-08-31,Grand Slam,Outdoor,Hard,2nd Round,3,Bronzetti L.,Lys E.,76.0,143.0,830.0,509.0,6.0,3.0,6.0,2.0,,,2.0,0.0,Completed,2.38,1.57,2.33,1.67,2.51,1.68,2.29,1.63
WTA,2023,42,New York,US Open,2023-08-31,Grand Slam,Outdoor,Hard,2nd Round,3,Samsonova L.,Korpatsch T.,15.0,75.0,2525.0,833.0,6.0,3.0,6.0,3.0,,,2.0,0.0,Completed,1.13,6.0,1.14,6.75,1.15,7.0,1.13,6.08
WTA,2023,42,New York,US Open,2023-08-31,Grand Slam,Outdoor,Hard,2nd Round,3,Sabalenka A.,Burrage J.,2.0,96.0,8746.0,726.0,6.0,3.0,6.0,2.0,,,2.0,0.0,Completed,1.05,11.0,1.06,13.28,1.06,17.6,1.04,11.59
WTA,2023,42,New York,US Open,2023-08-31,Grand Slam,Outdoor,Hard,2nd Round,3,Burel C.,Pliskova Ka.,62.0,25.0,935.0,1685.0,6.0,4.0,6.0,2.0,,,2.0,0.0,Completed,2.63,1.5,2.86,1.47,2.94,1.5,2.72,1.47
WTA,2023,42,New York,US Open,2023-08-31,Grand Slam,Outdoor,Hard,2nd Round,3,Alexandrova E.,Tsurenko L.,20.0,46.0,2190.0,1151.0,6.0,1.0,6.0,3.0,,,2.0,0.0,Completed,1.57,2.38,1.56,2.59,1.59,2.61,1.55,2.47
WTA,2023,42,New York,US Open,2023-08-31,Grand Slam,Outdoor,Hard,2nd Round,3,Svitolina E.,Pavlyuchenkova A.,26.0,98.0,1679.0,720.0,5.0,7.0,6.0,4.0,6.0,4.0,2.0,1.0,Completed,1.4,3.0,1.39,3.23,1.46,3.32,1.38,3.07
WTA,2023,42,New York,US Open,2023-08-31,Grand Slam,Outdoor,Hard,2nd Round,3,Keys M.,Wickmayer Y.,17.0,85.0,2290.0,770.0,6.0,1.0,6.0,2.0,,,2.0,0.0,Completed,1.2,4.5,1.2,5.17,1.22,5.17,1.19,4.7
WTA,2023,42,New York,US Open,2023-08-31,Grand Slam,Outdoor,Hard,2nd Round,3,Vondrousova M.,Trevisan M.,9.0,58.0,3401.0,977.0,6.0,2.0,6.0,2.0,,,2.0,0.0,Completed,1.08,8.0,1.09,9.47,1.1,10.0,1.07,8.23
WTA,2023,42,New York,US Open,2023-09-01,Grand Slam,Outdoor,Hard,2nd Round,3,Kasatkina D.,Kenin S.,14.0,101.0,2560.0,692.0,2.0,6.0,6.0,4.0,6.0,4.0,2.0,1.0,Completed,1.44,2.75,1.41,3.13,1.44,3.21,1.4,2.98
WTA,2023,42,New York,US Open,2023-09-01,Grand Slam,Outdoor,Hard,2nd Round,3,Bouzkova M.,Martic P.,31.0,37.0,1393.0,1323.0,6.0,1.0,6.0,2.0,,,2.0,0.0,Completed,1.67,2.2,1.78,2.14,1.82,2.2,1.73,2.13
WTA,2023,42,New York,US Open,2023-09-01,Grand Slam,Outdoor,Hard,2nd Round,3,Jabeur O.,Noskova L.,5.0,41.0,4831.0,1174.0,7.0,6.0,4.0,6.0,6.0,3.0,2.0,1.0,Completed,1.53,2.5,1.61,2.46,1.61,2.55,1.55,2.45
WTA,2023,42,New York,US Open,2023-09-01,Grand Slam,Outdoor,Hard,2nd Round,3,Minnen G.,Vickery S.,97.0,204.0,721.0,352.0,6.0,3.0,4.0,6.0,6.0,4.0,2.0,1.0,Completed,1.53,2.5,1.55,2.6,1.56,2.72,1.52,2.55
WTA,2023,42,New York,US Open,2023-09-01,Grand Slam,Outdoor,Hard,2nd Round,3,Pegula J.,Tig P.M.,3.0,700.0,5945.0,46.0,6.0,3.0,6.0,1.0,,,2.0,0.0,Completed,1.02,19.0,1.02,33.91,1.02,33.91,1.01,18.86
WTA,2023,42,New York,US Open,2023-09-01,Grand Slam,Outdoor,Hard,3rd Round,3,Muchova K.,Townsend T.,10.0,132.0,2995.0,551.0,7.0,6.0,6.0,3.0,,,2.0,0.0,Completed,1.2,4.5,1.23,4.67,1.23,4.84,1.21,4.51
WTA,2023,42,New York,US Open,2023-09-01,Grand Slam,Outdoor,Hard,3rd Round,3,Wang Xin.,Schmiedlova A.,53.0,64.0,1031.0,907.0,4.0,6.0,6.0,3.0,6.0,2.0,2.0,1.0,Completed,1.36,3.2,1.37,3.37,1.41,3.44,1.36,3.2
WTA,2023,42,New York,US Open,2023-09-01,Grand Slam,Outdoor,Hard,3rd Round,3,Swiatek I.,Juvan K.,1.0,145.0,9955.0,503.0,6.0,0.0,6.0,1.0,,,2.0,0.0,Completed,1.02,19.0,1.02,27.61,1.03,27.61,1.01,18.69
WTA,2023,42,New York,US Open,2023-09-01,Grand Slam,Outdoor,Hard,3rd Round,3,Ostapenko J.,Pera B.,21.0,73.0,2160.0,844.0,4.0,6.0,6.0,3.0,6.0,3.0,2.0,1.0,Completed,1.22,4.33,1.29,4.06,1.29,4.33,1.25,3.99
WTA,2023,42,New York,US Open,2023-09-01,Grand Slam,Outdoor,Hard,3rd Round,3,Wozniacki C.,Brady J.,623.0,433.0,61.0,129.0,4.0,6.0,6.0,3.0,6.0,1.0,2.0,1.0,Completed,1.73,2.1,1.81,2.13,1.89,2.13,1.77,2.07
WTA,2023,42,New York,US Open,2023-09-02,Grand Slam,Outdoor,Hard,3rd Round,3,Gauff C.,Mertens E.,6.0,32.0,4595.0,1389.0,3.0,6.0,6.0,3.0,6.0,0.0,2.0,1.0,Completed,1.13,6.0,1.18,5.61,1.18,6.0,1.15,5.55
WTA,2023,42,New York,US Open,2023-09-02,Grand Slam,Outdoor,Hard,3rd Round,3,Bencic B.,Zhu L.,13.0,44.0,2605.0,1168.0,7.0,6.0,2.0,6.0,6.0,3.0,2.0,1.0,Completed,1.33,3.4,1.37,3.39,1.37,3.5,1.34,3.25
WTA,2023,42,New York,US Open,2023-09-02,Grand Slam,Outdoor,Hard,3rd Round,3,Cirstea S.,Rybakina E.,30.0,4.0,1400.0,5670.0,6.0,3.0,6.0,7.0,6.0,4.0,2.0,1.0,Completed,3.75,1.29,3.63,1.34,3.75,1.35,3.53,1.3
WTA,2023,42,New York,US Open,2023-09-02,Grand Slam,Outdoor,Hard,3rd Round,3,Kasatkina D.,Minnen G.,14.0,97.0,2560.0,721.0,6.0,3.0,6.0,4.0,,,2.0,0.0,Completed,1.29,3.75,1.33,3.7,1.34,3.75,1.3,3.58
WTA,2023,42,New York,US Open,2023-09-02,Grand Slam,Outdoor,Hard,3rd Round,3,Sabalenka A.,Burel C.,2.0,62.0,8746.0,935.0,6.0,1.0,6.0,1.0,,,2.0,0.0,Completed,1.06,10.0,1.08,10.31,1.09,10.31,1.07,8.81
WTA,2023,42,New York,US Open,2023-09-02,Grand Slam,Outdoor,Hard,3rd Round,3,Keys M.,Samsonova L.,17.0,15.0,2290.0,2525.0,5.0,7.0,6.0,2.0,6.0,2.0,2.0,1.0,Completed,1.91,1.91,1.87,2.04,1.92,2.04,1.86,1.96
WTA,2023,42,New York,US Open,2023-09-02,Grand Slam,Outdoor,Hard,3rd Round,3,Zheng Q.,Bronzetti L.,23.0,76.0,1823.0,830.0,6.0,3.0,4.0,6.0,6.0,4.0,2.0,1.0,Completed,1.17,5.0,1.19,5.47,1.2,5.8,1.17,5.19
WTA,2023,42,New York,US Open,2023-09-02,Grand Slam,Outdoor,Hard,3rd Round,3,Pegula J.,Svitolina E.,3.0,26.0,5945.0,1679.0,6.0,4.0,4.0,6.0,6.0,2.0,2.0,1.0,Completed,1.33,3.4,1.34,3.63,1.36,3.63,1.32,3.4
WTA,2023,42,New York,US Open,2023-09-03,Grand Slam,Outdoor,Hard,3rd Round,3,Stearns P.,Boulter K.,59.0,61.0,956.0,947.0,6.0,4.0,6.0,3.0,,,2.0,0.0,Completed,1.73,2.1,1.71,2.27,1.73,2.29,1.68,2.2
WTA,2023,42,New York,US Open,2023-09-03,Grand Slam,Outdoor,Hard,3rd Round,3,Jabeur O.,Bouzkova M.,5.0,31.0,4831.0,1393.0,5.0,7.0,7.0,6.0,6.0,3.0,2.0,1.0,Completed,1.67,2.2,1.61,2.47,1.68,2.48,1.61,2.34
WTA,2023,42,New York,US Open,2023-09-03,Grand Slam,Outdoor,Hard,3rd Round,3,Vondrousova M.,Alexandrova E.,9.0,20.0,3401.0,2190.0,6.0,2.0,6.0,1.0,,,2.0,0.0,Completed,1.36,3.2,1.4,3.23,1.4,3.27,1.36,3.16
WTA,2023,42,New York,US Open,2023-09-03,Grand Slam,Outdoor,Hard,4th Round,3,Muchova K.,Wang Xin.,10.0,53.0,2995.0,1031.0,6.0,3.0,5.0,7.0,6.0,1.0,2.0,1.0,Completed,1.17,5.0,1.18,5.78,1.22,5.8,1.18,5.08
WTA,2023,42,New York,US Open,2023-09-03,Grand Slam,Outdoor,Hard,4th Round,3,Cirstea S.,Bencic B.,30.0,13.0,1400.0,2605.0,6.0,3.0,6.0,3.0,,,2.0,0.0,Completed,2.38,1.57,2.36,1.67,2.41,1.67,2.32,1.61
WTA,2023,42,New York,US Open,2023-09-03,Grand Slam,Outdoor,Hard,4th Round,3,Gauff C.,Wozniacki C.,6.0,623.0,4595.0,61.0,6.0,3.0,3.0,6.0,6.0,1.0,2.0,1.0,Completed,1.2,4.5,1.23,4.69,1.28,4.82,1.21,4.49
WTA,2023,42,New York,US Open,2023-09-04,Grand Slam,Outdoor,Hard,4th Round,3,Ostapenko J.,Swiatek I.,21.0,1.0,2160.0,9955.0,3.0,6.0,6.0,3.0,6.0,1.0,2.0,1.0,Completed,6.0,1.13,7.44,1.13,7.44,1.15,6.29,1.12
WTA,2023,42,New York,US Open,2023-09-04,Grand Slam,Outdoor,Hard,4th Round,3,Vondrousova M.,Stearns P.,9.0,59.0,3401.0,956.0,6.0,7.0,6.0,3.0,6.0,2.0,2.0,1.0,Completed,1.14,5.5,1.15,6.45,1.18,6.67,1.15,5.73
WTA,2023,42,New York,US Open,2023-09-04,Grand Slam,Outdoor,Hard,4th Round,3,Keys M.,Pegula J.,17.0,3.0,2290.0,5945.0,6.0,1.0,6.0,3.0,,,2.0,0.0,Completed,2.5,1.53,2.46,1.62,2.5,1.64,2.4,1.58
WTA,2023,42,New York,US Open,2023-09-04,Grand Slam,Outdoor,Hard,4th Round,3,Zheng Q.,Jabeur O.,23.0,5.0,1823.0,4831.0,6.0,2.0,6.0,4.0,,,2.0,0.0,Completed,2.3,1.62,2.42,1.64,2.45,1.69,2.27,1.64
WTA,2023,42,New York,US Open,2023-09-05,Grand Slam,Outdoor,Hard,4th Round,3,Sabalenka A.,Kasatkina D.,2.0,14.0,8746.0,2560.0,6.0,1.0,6.0,3.0,,,2.0,0.0,Completed,1.29,3.75,1.27,4.22,1.3,4.3,1.27,3.89
WTA,2023,42,New York,US Open,2023-09-05,Grand Slam,Outdoor,Hard,Quarterfinals,3,Gauff C.,Ostapenko J.,6.0,21.0,4595.0,2160.0,6.0,0.0,6.0,2.0,,,2.0,0.0,Completed,1.36,3.2,1.41,3.16,1.42,3.2,1.39,3.06
WTA,2023,42,New York,US Open,2023-09-06,Grand Slam,Outdoor,Hard,Quarterfinals,3,Muchova K.,Cirstea S.,10.0,30.0,2995.0,1400.0,6.0,0.0,6.0,3.0,,,2.0,0.0,Completed,1.44,2.75,1.51,2.75,1.53,2.8,1.48,2.68
WTA,2023,42,New York,US Open,2023-09-06,Grand Slam,Outdoor,Hard,Quarterfinals,3,Sabalenka A.,Zheng Q.,2.0,23.0,8746.0,1823.0,6.0,1.0,6.0,4.0,,,2.0,0.0,Completed,1.25,4.0,1.29,4.03,1.32,4.05,1.28,3.81
WTA,2023,42,New York,US Open,2023-09-07,Grand Slam,Outdoor,Hard,Quarterfinals,3,Keys M.,Vondrousova M.,17.0,9.0,2290.0,3401.0,6.0,1.0,6.0,4.0,,,2.0,0.0,Completed,1.73,2.1,1.8,2.13,1.81,2.18,1.76,2.09
WTA,2023,42,New York,US Open,2023-09-08,Grand Slam,Outdoor,Hard,Semifinals,3,Gauff C.,Muchova K.,6.0,10.0,4595.0,2995.0,6.0,4.0,7.0,5.0,,,2.0,0.0,Completed,1.5,2.63,1.53,2.69,1.54,2.78,1.5,2.61
WTA,2023,42,New York,US Open,2023-09-08,Grand Slam,Outdoor,Hard,Semifinals,3,Sabalenka A.,Keys M.,2.0,17.0,8746.0,2290.0,0.0,6.0,7.0,6.0,7.0,6.0,2.0,1.0,Completed,1.36,3.2,1.41,3.19,1.41,3.4,1.38,3.12
WTA,2023,42,New York,US Open,2023-09-09,Grand Slam,Outdoor,Hard,The Final,3,Gauff C.,Sabalenka A.,6.0,2.0,4595.0,8746.0,2.0,6.0,6.0,3.0,6.0,2.0,2.0,1.0,Completed,2.0,1.83,2.15,1.79,2.19,1.83,2.09,1.77
