Tour,Year,WTA,Location,Tournament,Date,Tier,Court,Surface,Round,Best of,Winner,Loser,WRank,LRank,WPts,LPts,W1,L1,W2,L2,W3,L3,Wsets,Lsets,Comment,B365W,B365L,CBW,CBL,EXW,EXL,PSW,PSL,UBW,UBL
WTA,2007,5,Melbourne,Australian Open,2007-01-15,Grand Slam,Outdoor,Hard,1st Round,3,Mauresmo A.,Perry S.,3.0,44.0,3460.0,449.0,6.0,3.0,6.0,4.0,,,2.0,0.0,Completed,1.04,9.5,1.05,9.0,1.05,8.5,1.065,13.5,1.05,9.0
WTA,2007,5,Melbourne,Australian Open,2007-01-15,Grand Slam,Outdoor,Hard,1st Round,3,Tu M.,Gallovits E.,90.0,108.0,315.0,271.5,2.0,6.0,6.0,4.0,6.0,2.0,2.0,1.0,Completed,1.44,2.62,1.38,2.9,1.4,2.8,1.493,2.83,1.42,2.75
WTA,2007,5,Melbourne,Australian Open,2007-01-15,Grand Slam,Outdoor,Hard,1st Round,3,Poutchkova O.,Domachowska M.,38.0,91.0,537.25,313.75,6.0,2.0,6.0,4.0,,,2.0,0.0,Completed,1.36,3,1.24,3.8,1.3,3.3,1.285,4.21,1.33,3.2
WTA,2007,5,Melbourne,Australian Open,2007-01-15,Grand Slam,Outdoor,Hard,1st Round,3,Sequera M.,Gajdosova J.,95.0,74.0,295.25,350.5,6.0,3.0,6.0,4.0,,,2.0,0.0,Completed,2.37,1.53,2.4,1.53,2.3,1.57,2.36,1.685,2.32,1.57
WTA,2007,5,Melbourne,Australian Open,2007-01-15,Grand Slam,Outdoor,Hard,1st Round,3,Peer S.,Oprandi R.,17.0,54.0,961.0,429.0,6.0,1.0,6.0,3.0,,,2.0,0.0,Completed,1.1,6,1.1,6.3,1.1,6.2,1.1,9.0,1.11,6.25
WTA,2007,5,Melbourne,Australian Open,2007-01-15,Grand Slam,Outdoor,Hard,1st Round,3,Ondraskova Z.,Fernandez C.,106.0,105.0,272.0,273.5,6.0,4.0,6.0,2.0,,,2.0,0.0,Completed,1.83,1.83,1.95,1.8,1.87,1.87,2.05,1.87,1.9,1.86
WTA,2007,5,Melbourne,Australian Open,2007-01-15,Grand Slam,Outdoor,Hard,1st Round,3,Kirilenko M.,Sprem K.,28.0,89.0,609.0,316.75,3.0,6.0,6.0,3.0,6.0,1.0,2.0,1.0,Completed,1.33,3.25,1.3,3.35,1.36,3.0,1.444,3.05,1.37,3.0
WTA,2007,5,Melbourne,Australian Open,2007-01-15,Grand Slam,Outdoor,Hard,1st Round,3,Benesova I.,Voskoboeva G.,84.0,110.0,324.25,262.25,6.0,7.0,6.0,1.0,6.0,4.0,2.0,1.0,Completed,1.72,2,1.8,1.95,1.75,2.0,1.909,2.0,1.7,2.1
WTA,2007,5,Melbourne,Australian Open,2007-01-15,Grand Slam,Outdoor,Hard,1st Round,3,Yakimova A.,Pous Tio L.,68.0,101.0,375.5,283.25,6.0,2.0,4.0,6.0,7.0,5.0,2.0,1.0,Completed,1.57,2.25,1.55,2.35,1.63,2.2,1.741,2.25,1.61,2.25
WTA,2007,5,Melbourne,Australian Open,2007-01-15,Grand Slam,Outdoor,Hard,1st Round,3,Azarenka V.,Fedak Y.,94.0,73.0,299.75,351.25,6.0,2.0,5.0,7.0,6.0,4.0,2.0,1.0,Completed,1.8,1.9,1.82,1.9,,,1.769,2.2,1.77,2.0
WTA,2007,5,Melbourne,Australian Open,2007-01-15,Grand Slam,Outdoor,Hard,1st Round,3,Muller M.,Cravero J.,36.0,157.0,545.0,180.25,6.0,0.0,6.0,3.0,,,2.0,0.0,Completed,1.83,1.83,1.87,1.85,1.83,1.91,2.15,1.8,,
WTA,2007,5,Melbourne,Australian Open,2007-01-15,Grand Slam,Outdoor,Hard,1st Round,3,Golovin T.,Smashnovai A.,23.0,63.0,862.0,392.0,6.0,3.0,6.0,1.0,,,2.0,0.0,Completed,1.1,6,1.13,5.4,1.12,5.65,1.13,8.0,1.12,5.8
WTA,2007,5,Melbourne,Australian Open,2007-01-15,Grand Slam,Outdoor,Hard,1st Round,3,Vakulenko J.,Likhovtseva E.,116.0,43.0,257.75,451.0,6.0,0.0,4.0,6.0,6.0,3.0,2.0,1.0,Completed,2.0,1.72,1.95,1.8,1.91,1.83,1.98,1.926,1.96,1.8
WTA,2007,5,Melbourne,Australian Open,2007-01-15,Grand Slam,Outdoor,Hard,1st Round,3,Dementieva E.,Foretz S.,8.0,112.0,1875.0,261.25,6.0,1.0,6.0,2.0,,,2.0,0.0,Completed,1.1,6.5,1.08,6.9,1.08,6.95,1.133,7.8,1.1,6.5
WTA,2007,5,Melbourne,Australian Open,2007-01-15,Grand Slam,Outdoor,Hard,1st Round,3,Camerin M.E.,Flipkens K.,55.0,103.0,426.5,277.25,6.0,2.0,6.0,2.0,,,2.0,0.0,Completed,1.53,2.37,1.58,2.3,1.57,2.3,1.662,2.41,1.57,2.33
WTA,2007,5,Melbourne,Australian Open,2007-01-15,Grand Slam,Outdoor,Hard,1st Round,3,Sugiyama A.,Arvidsson S.,26.0,61.0,730.0,395.75,6.0,3.0,6.0,4.0,,,2.0,0.0,Completed,1.28,3.5,1.24,3.8,1.28,3.46,1.26,4.55,1.24,3.9
WTA,2007,5,Melbourne,Australian Open,2007-01-15,Grand Slam,Outdoor,Hard,1st Round,3,Vaidisova N.,Craybas J.,12.0,64.0,1428.0,389.5,6.0,4.0,5.0,7.0,6.0,1.0,2.0,1.0,Completed,1.1,6.5,1.1,6.3,1.08,6.95,1.12,8.53,1.1,6.5
WTA,2007,5,Melbourne,Australian Open,2007-01-15,Grand Slam,Outdoor,Hard,1st Round,3,Srebotnik K.,Dellacqua C.,22.0,169.0,875.0,165.25,4.0,6.0,6.0,2.0,7.0,5.0,2.0,1.0,Completed,1.16,4.5,1.22,4.0,1.17,4.65,1.208,5.4,1.17,4.7
WTA,2007,5,Melbourne,Australian Open,2007-01-15,Grand Slam,Outdoor,Hard,1st Round,3,Vesnina E.,Medina Garrigues A.,41.0,30.0,469.75,604.0,6.0,7.0,6.0,1.0,6.0,1.0,2.0,1.0,Completed,2.2,1.61,2.25,1.6,2.15,1.65,2.13,1.813,2.03,1.75
WTA,2007,5,Melbourne,Australian Open,2007-01-15,Grand Slam,Outdoor,Hard,1st Round,3,Jankovic J.,Wozniak A.,11.0,92.0,1456.0,301.0,6.0,3.0,6.0,3.0,,,2.0,0.0,Completed,1.04,10,1.04,10.0,1.04,9.5,1.04,21.0,1.05,10.0
WTA,2007,5,Melbourne,Australian Open,2007-01-15,Grand Slam,Outdoor,Hard,1st Round,3,Birnerova E.,Sucha M.,83.0,82.0,324.75,325.5,7.0,5.0,6.0,3.0,,,2.0,0.0,Completed,2.37,1.53,2.4,1.53,2.3,1.57,2.55,1.606,2.38,1.55
WTA,2007,5,Melbourne,Australian Open,2007-01-15,Grand Slam,Outdoor,Hard,1st Round,3,Ruano Pascual V.,Czink M.,69.0,118.0,373.5,255.5,1.0,6.0,6.0,1.0,9.0,7.0,2.0,1.0,Completed,1.53,2.37,1.55,2.35,1.45,2.65,1.476,2.9,1.54,2.4
WTA,2007,5,Melbourne,Australian Open,2007-01-15,Grand Slam,Outdoor,Hard,1st Round,3,Bartoli M.,Dushevina V.,21.0,109.0,881.0,266.25,6.0,0.0,6.0,3.0,,,2.0,0.0,Completed,1.66,2.1,1.8,1.95,1.75,2.0,1.781,2.18,1.78,1.98
WTA,2007,5,Melbourne,Australian Open,2007-01-15,Grand Slam,Outdoor,Hard,1st Round,3,Safarova L.,Brianti A.,70.0,98.0,370.0,292.5,6.0,3.0,6.0,1.0,,,2.0,0.0,Completed,1.33,3.25,1.36,3.0,1.35,3.05,1.41,3.24,1.35,3.1
WTA,2007,5,Melbourne,Australian Open,2007-01-15,Grand Slam,Outdoor,Hard,1st Round,3,Dulko G.,Sun T.T.,57.0,79.0,415.75,341.0,6.0,2.0,6.0,2.0,,,2.0,0.0,Completed,2.0,1.72,1.95,1.8,1.91,1.83,2.18,1.781,2.03,1.75
WTA,2007,5,Melbourne,Australian Open,2007-01-15,Grand Slam,Outdoor,Hard,1st Round,3,Petrova N.,Tanasugarn T.,6.0,71.0,2141.0,364.75,6.0,3.0,6.0,2.0,,,2.0,0.0,Completed,1.06,8,1.06,8.0,1.06,7.79,1.083,11.0,1.08,7.0
WTA,2007,5,Melbourne,Australian Open,2007-01-15,Grand Slam,Outdoor,Hard,1st Round,3,Schiavone F.,Kloesel S.,20.0,93.0,896.0,300.0,6.0,4.0,6.0,4.0,,,2.0,0.0,Completed,1.12,5.5,1.13,5.4,1.17,4.65,1.185,5.92,1.15,5.1
WTA,2007,5,Melbourne,Australian Open,2007-01-15,Grand Slam,Outdoor,Hard,1st Round,3,Schruff J.,Zheng J.,97.0,31.0,293.75,589.75,4.0,6.0,7.0,6.0,6.0,4.0,2.0,1.0,Completed,4.33,1.19,4.5,1.18,4.25,1.2,4.96,1.229,4.6,1.18
WTA,2007,5,Melbourne,Australian Open,2007-01-15,Grand Slam,Outdoor,Hard,1st Round,3,Kuznetsova S.,Moore J.,4.0,914.0,2510.0,7.75,6.0,2.0,6.0,0.0,,,2.0,0.0,Completed,1.02,11,1.03,11.0,1.07,7.35,1.067,13.0,1.06,9.0
WTA,2007,5,Melbourne,Australian Open,2007-01-15,Grand Slam,Outdoor,Hard,1st Round,3,Adamczak M.,Tulyaganova I.,241.0,131.0,108.0,218.25,6.0,1.0,6.0,4.0,,,2.0,0.0,Completed,3.75,1.25,3.35,1.3,3.6,1.26,4.17,1.288,3.5,1.28
WTA,2007,5,Melbourne,Australian Open,2007-01-15,Grand Slam,Outdoor,Hard,1st Round,3,Kremer A.,Krajicek M.,159.0,45.0,174.25,448.0,6.0,4.0,6.0,3.0,,,2.0,0.0,Completed,2.75,1.39,2.7,1.43,2.8,1.4,3.0,1.455,2.7,1.44
WTA,2007,5,Melbourne,Australian Open,2007-01-15,Grand Slam,Outdoor,Hard,1st Round,3,Williams S.,Santangelo M.,81.0,32.0,331.0,583.5,6.0,2.0,6.0,1.0,,,2.0,0.0,Completed,1.3,3.39,1.31,3.25,1.28,3.46,1.333,3.7,1.32,3.25
WTA,2007,5,Melbourne,Australian Open,2007-01-16,Grand Slam,Outdoor,Hard,1st Round,3,Sharapova M.,Pin C.,2.0,62.0,3532.0,393.5,6.0,3.0,4.0,6.0,9.0,7.0,2.0,1.0,Completed,1.01,15,1.01,15.0,1.01,15.0,1.018,36.0,1.01,32.0
WTA,2007,5,Melbourne,Australian Open,2007-01-16,Grand Slam,Outdoor,Hard,1st Round,3,Rodionova A.,Vinci R.,100.0,87.0,287.75,320.0,6.0,3.0,6.0,1.0,,,2.0,0.0,Completed,2.62,1.44,3.0,1.36,2.65,1.45,3.13,1.429,2.85,1.4
WTA,2007,5,Melbourne,Australian Open,2007-01-16,Grand Slam,Outdoor,Hard,1st Round,3,Mirza S.,Savchuk O.,53.0,102.0,431.0,282.25,6.0,3.0,7.0,5.0,,,2.0,0.0,Completed,1.11,6,1.12,5.65,1.14,5.2,1.19,5.75,1.15,5.1
WTA,2007,5,Melbourne,Australian Open,2007-01-16,Grand Slam,Outdoor,Hard,1st Round,3,Ivanovic A.,King V.,14.0,58.0,1108.0,405.75,6.0,2.0,6.0,0.0,,,2.0,0.0,Completed,1.12,5.5,1.12,5.65,1.15,5.0,1.194,5.65,1.18,4.6
WTA,2007,5,Melbourne,Australian Open,2007-01-16,Grand Slam,Outdoor,Hard,1st Round,3,Chakvetadze A.,Bammer S.,13.0,42.0,1258.0,464.25,6.0,4.0,7.0,5.0,,,2.0,0.0,Completed,1.14,5,1.17,4.65,1.18,4.5,1.174,6.25,1.18,4.6
WTA,2007,5,Melbourne,Australian Open,2007-01-16,Grand Slam,Outdoor,Hard,1st Round,3,Granville L.,Beygelzimer Y.,72.0,107.0,363.5,271.5,6.0,2.0,6.0,3.0,,,2.0,0.0,Completed,1.39,2.75,1.4,2.8,1.4,2.8,1.51,2.81,1.43,2.72
WTA,2007,5,Melbourne,Australian Open,2007-01-16,Grand Slam,Outdoor,Hard,1st Round,3,Kostanic J.,Ferguson S.,67.0,170.0,378.25,163.0,7.0,5.0,6.0,3.0,,,2.0,0.0,Completed,1.44,2.62,1.5,2.5,1.57,2.3,1.549,2.72,1.55,2.37
WTA,2007,5,Melbourne,Australian Open,2007-01-16,Grand Slam,Outdoor,Hard,1st Round,3,Stosur S.,Zakopalova K.,27.0,119.0,714.0,245.5,6.0,3.0,6.0,1.0,,,2.0,0.0,Completed,1.25,3.75,1.25,3.7,1.28,3.46,1.278,4.3,1.25,3.75
WTA,2007,5,Melbourne,Australian Open,2007-01-16,Grand Slam,Outdoor,Hard,1st Round,3,Kudryavtseva A.,Laine E.,134.0,76.0,212.25,347.25,4.0,6.0,6.0,2.0,9.0,7.0,2.0,1.0,Completed,2.1,1.66,1.95,1.8,2.1,1.68,2.11,1.826,2.1,1.7
WTA,2007,5,Melbourne,Australian Open,2007-01-16,Grand Slam,Outdoor,Hard,1st Round,3,Radwanska A.,Lepchenko V.,59.0,96.0,399.25,295.0,5.0,7.0,6.0,3.0,6.0,2.0,2.0,1.0,Completed,1.33,3.25,1.24,3.8,1.28,3.46,1.305,3.98,1.28,3.55
WTA,2007,5,Melbourne,Australian Open,2007-01-16,Grand Slam,Outdoor,Hard,1st Round,3,Nakamura A.,Daniilidou E.,65.0,35.0,388.0,556.75,6.0,4.0,6.0,0.0,,,2.0,0.0,Completed,2.5,1.5,2.5,1.5,2.5,1.5,2.84,1.49,2.65,1.45
WTA,2007,5,Melbourne,Australian Open,2007-01-16,Grand Slam,Outdoor,Hard,1st Round,3,Voracova R.,Shaughnessy M.,158.0,39.0,176.5,531.0,7.0,5.0,6.0,3.0,,,2.0,0.0,Completed,2.75,1.39,2.4,1.53,2.5,1.5,2.77,1.535,2.5,1.5
WTA,2007,5,Melbourne,Australian Open,2007-01-16,Grand Slam,Outdoor,Hard,1st Round,3,Razzano V.,Pratt N.,78.0,60.0,344.0,397.75,6.0,7.0,6.0,4.0,6.0,0.0,2.0,1.0,Completed,1.57,2.25,1.5,2.5,,,1.637,2.47,1.53,2.42
WTA,2007,5,Melbourne,Australian Open,2007-01-16,Grand Slam,Outdoor,Hard,1st Round,3,Bondarenko A.,Cohen Aloro S.,34.0,578.0,576.75,22.0,6.0,1.0,7.0,6.0,,,2.0,0.0,Completed,1.33,3.25,1.33,3.15,1.28,3.46,1.299,4.04,1.3,3.4
WTA,2007,5,Melbourne,Australian Open,2007-01-16,Grand Slam,Outdoor,Hard,1st Round,3,Garbin T.,Gagliardi E.,33.0,111.0,582.75,261.25,3.0,6.0,6.0,2.0,6.0,1.0,2.0,1.0,Completed,1.36,3,1.35,3.05,,,1.469,2.93,1.42,2.77
WTA,2007,5,Melbourne,Australian Open,2007-01-16,Grand Slam,Outdoor,Hard,1st Round,3,Clijsters K.,Bardina V.,5.0,48.0,2441.0,445.5,6.0,0.0,6.0,0.0,,,2.0,0.0,Completed,1.01,13,1.03,11.0,1.03,10.0,1.03,24.0,1.02,18.0
WTA,2007,5,Melbourne,Australian Open,2007-01-16,Grand Slam,Outdoor,Hard,1st Round,3,Morigami A.,Pironkova T.,86.0,66.0,321.0,382.75,7.0,5.0,2.0,6.0,6.0,4.0,2.0,1.0,Completed,2.1,1.66,2.3,1.58,2.2,1.63,2.19,1.775,2.17,1.65
WTA,2007,5,Melbourne,Australian Open,2007-01-16,Grand Slam,Outdoor,Hard,1st Round,3,Hingis M.,Dechy N.,7.0,51.0,2063.0,435.0,6.0,0.0,6.0,2.0,,,2.0,0.0,Completed,1.12,5.5,1.1,6.3,1.07,7.35,1.111,8.75,1.11,6.1
WTA,2007,5,Melbourne,Australian Open,2007-01-16,Grand Slam,Outdoor,Hard,1st Round,3,Kanepi K.,Pennetta F.,77.0,29.0,344.5,608.0,7.0,5.0,7.0,6.0,,,2.0,0.0,Completed,2.1,1.66,2.05,1.72,2.0,1.75,2.09,1.84,2.0,1.77
WTA,2007,5,Melbourne,Australian Open,2007-01-16,Grand Slam,Outdoor,Hard,1st Round,3,Molik A.,Chan Y.J.,141.0,75.0,198.75,350.5,6.0,2.0,7.0,6.0,,,2.0,0.0,Completed,1.39,2.75,1.43,2.7,1.42,2.75,1.444,3.05,1.39,2.9
WTA,2007,5,Melbourne,Australian Open,2007-01-17,Grand Slam,Outdoor,Hard,1st Round,3,Peng S.,Klepac A.,52.0,212.0,433.0,124.5,6.0,3.0,4.0,6.0,6.0,1.0,2.0,1.0,Completed,1.14,5,1.15,5.0,1.17,4.65,1.247,4.65,1.16,4.9
WTA,2007,5,Melbourne,Australian Open,2007-01-17,Grand Slam,Outdoor,Hard,1st Round,3,Schnyder P.,Brengle M.,9.0,496.0,1578.0,31.0,6.0,3.0,6.0,4.0,,,2.0,0.0,Completed,1.03,11,1.02,12.0,1.04,9.25,1.033,24.0,1.03,12.5
WTA,2007,5,Melbourne,Australian Open,2007-01-17,Grand Slam,Outdoor,Hard,1st Round,3,Zvonareva V.,Obziler T.,24.0,121.0,794.0,243.0,6.0,3.0,6.0,4.0,,,2.0,0.0,Completed,1.12,5.5,1.16,4.85,1.15,5.0,1.2,5.5,1.13,5.5
WTA,2007,5,Melbourne,Australian Open,2007-01-17,Grand Slam,Outdoor,Hard,1st Round,3,Paszek T.,Bremond S.,187.0,37.0,143.75,540.0,6.0,1.0,6.0,4.0,,,2.0,0.0,Completed,1.72,2,1.69,2.1,1.75,2.0,1.787,2.17,1.78,1.98
WTA,2007,5,Melbourne,Australian Open,2007-01-17,Grand Slam,Outdoor,Hard,1st Round,3,Safina D.,Bychkova E.,10.0,85.0,1475.0,322.0,7.0,6.0,6.0,1.0,,,2.0,0.0,Completed,1.07,7.5,1.1,6.3,1.06,7.79,1.116,8.8,1.08,7.2
WTA,2007,5,Melbourne,Australian Open,2007-01-17,Grand Slam,Outdoor,Hard,1st Round,3,Fedossova Y.,Castano C.,148.0,50.0,188.25,436.0,7.0,5.0,6.0,4.0,,,2.0,0.0,Completed,3.39,1.3,3.5,1.28,3.15,1.33,3.3,1.4,3.0,1.37
WTA,2007,5,Melbourne,Australian Open,2007-01-17,Grand Slam,Outdoor,Hard,1st Round,3,Dominguez Lino L.,Rolle A.,56.0,137.0,421.75,206.25,6.0,3.0,6.0,4.0,,,2.0,0.0,Completed,2.0,1.72,2.15,1.66,2.15,1.65,2.23,1.752,2.04,1.74
WTA,2007,5,Melbourne,Australian Open,2007-01-17,Grand Slam,Outdoor,Hard,1st Round,3,Li N.,Bovina E.,16.0,1216.0,968.0,4.0,6.0,4.0,6.0,3.0,,,2.0,0.0,Completed,1.06,8,1.55,2.3,1.07,7.35,1.121,8.45,1.07,8.0
WTA,2007,5,Melbourne,Australian Open,2007-01-17,Grand Slam,Outdoor,Hard,1st Round,3,Groenefeld A.L.,Zahlavova S.,19.0,156.0,922.0,180.5,6.0,4.0,6.0,1.0,,,2.0,0.0,Completed,1.44,2.62,1.58,2.3,1.55,2.35,1.606,2.55,1.54,2.4
WTA,2007,5,Melbourne,Australian Open,2007-01-17,Grand Slam,Outdoor,Hard,1st Round,3,Harkleroad A.,Yuan M.,88.0,114.0,317.0,260.0,6.0,3.0,6.0,0.0,,,2.0,0.0,Completed,1.72,2,1.8,1.95,1.67,2.12,1.769,2.2,1.74,2.04
WTA,2007,5,Melbourne,Australian Open,2007-01-17,Grand Slam,Outdoor,Hard,1st Round,3,Loit E.,Rezai A.,46.0,40.0,447.5,488.5,6.0,3.0,4.0,6.0,6.0,3.0,2.0,1.0,Completed,2.1,1.66,2.25,1.6,2.2,1.63,2.35,1.69,2.28,1.6
WTA,2007,5,Melbourne,Australian Open,2007-01-17,Grand Slam,Outdoor,Hard,1st Round,3,Hantuchova D.,Cornet A.,18.0,192.0,944.0,142.0,6.0,4.0,6.0,1.0,,,2.0,0.0,Completed,1.19,4.33,1.25,3.75,,,1.286,4.2,1.27,3.6
WTA,2007,5,Melbourne,Australian Open,2007-01-17,Grand Slam,Outdoor,Hard,2nd Round,3,Jankovic J.,Ruano Pascual V.,11.0,69.0,1456.0,373.5,6.0,2.0,6.0,2.0,,,2.0,0.0,Completed,1.05,8.5,1.04,10.0,1.05,8.5,1.048,17.02,1.05,10.0
WTA,2007,5,Melbourne,Australian Open,2007-01-17,Grand Slam,Outdoor,Hard,2nd Round,3,Kuznetsova S.,Adamczak M.,4.0,241.0,2510.0,108.0,6.0,2.0,6.0,1.0,,,2.0,0.0,Completed,1.03,11,1.02,12.5,1.03,11.0,1.028,27.33,1.04,10.0
WTA,2007,5,Melbourne,Australian Open,2007-01-17,Grand Slam,Outdoor,Hard,2nd Round,3,Camerin M.E.,Vesnina E.,55.0,41.0,426.5,469.75,4.0,6.0,6.0,3.0,8.0,6.0,2.0,1.0,Completed,3.0,1.36,2.8,1.4,2.75,1.42,2.83,1.493,3.0,1.37
WTA,2007,5,Melbourne,Australian Open,2007-01-17,Grand Slam,Outdoor,Hard,2nd Round,3,Azarenka V.,Bartoli M.,94.0,21.0,299.75,881.0,6.0,0.0,7.0,5.0,,,2.0,0.0,Completed,2.5,1.5,2.4,1.53,2.5,1.5,2.58,1.595,2.4,1.54
WTA,2007,5,Melbourne,Australian Open,2007-01-17,Grand Slam,Outdoor,Hard,2nd Round,3,Kirilenko M.,Vakulenko J.,28.0,116.0,609.0,257.75,4.0,6.0,6.0,3.0,6.0,4.0,2.0,1.0,Completed,1.39,2.75,1.43,2.7,1.4,2.8,1.51,2.81,1.4,2.85
WTA,2007,5,Melbourne,Australian Open,2007-01-17,Grand Slam,Outdoor,Hard,2nd Round,3,Dementieva E.,Muller M.,8.0,36.0,1875.0,545.0,7.0,5.0,3.0,6.0,6.0,0.0,2.0,1.0,Completed,1.11,6,1.12,5.65,1.12,5.65,1.167,6.4,1.13,5.5
WTA,2007,5,Melbourne,Australian Open,2007-01-17,Grand Slam,Outdoor,Hard,2nd Round,3,Petrova N.,Dulko G.,6.0,57.0,2141.0,415.75,6.0,1.0,6.0,2.0,,,2.0,0.0,Completed,1.1,6.5,1.1,6.3,1.1,6.25,1.13,8.0,1.12,5.8
WTA,2007,5,Melbourne,Australian Open,2007-01-17,Grand Slam,Outdoor,Hard,2nd Round,3,Peer S.,Tu M.,17.0,90.0,961.0,315.0,6.0,3.0,6.0,0.0,,,2.0,0.0,Completed,1.12,5.5,1.1,6.3,1.08,6.95,1.1,9.0,1.1,6.6
WTA,2007,5,Melbourne,Australian Open,2007-01-17,Grand Slam,Outdoor,Hard,2nd Round,3,Safarova L.,Schiavone F.,70.0,20.0,370.0,896.0,6.0,3.0,6.0,3.0,,,2.0,0.0,Completed,2.5,1.5,2.4,1.53,2.5,1.5,2.95,1.465,2.4,1.54
WTA,2007,5,Melbourne,Australian Open,2007-01-17,Grand Slam,Outdoor,Hard,2nd Round,3,Birnerova E.,Schruff J.,83.0,97.0,324.75,293.75,6.0,2.0,2.0,6.0,6.0,2.0,2.0,1.0,Completed,2.1,1.66,2.25,1.6,2.12,1.67,2.23,1.752,2.1,1.7
WTA,2007,5,Melbourne,Australian Open,2007-01-17,Grand Slam,Outdoor,Hard,2nd Round,3,Yakimova A.,Sugiyama A.,68.0,26.0,375.5,730.0,6.0,2.0,2.0,6.0,10.0,8.0,2.0,1.0,Completed,3.25,1.33,3.15,1.33,3.3,1.3,3.4,1.385,3.25,1.32
WTA,2007,5,Melbourne,Australian Open,2007-01-17,Grand Slam,Outdoor,Hard,2nd Round,3,Golovin T.,Ondraskova Z.,23.0,106.0,862.0,272.0,6.0,2.0,6.0,0.0,,,2.0,0.0,Completed,1.1,6.5,1.11,6.0,1.08,6.95,1.111,8.75,1.11,6.2
WTA,2007,5,Melbourne,Australian Open,2007-01-17,Grand Slam,Outdoor,Hard,2nd Round,3,Williams S.,Kremer A.,81.0,159.0,331.0,174.25,7.0,6.0,6.0,2.0,,,2.0,0.0,Completed,1.06,8,1.08,7.0,1.08,6.95,1.143,7.3,1.09,6.7
WTA,2007,5,Melbourne,Australian Open,2007-01-17,Grand Slam,Outdoor,Hard,2nd Round,3,Srebotnik K.,Benesova I.,22.0,84.0,875.0,324.25,7.0,6.0,6.0,7.0,6.0,1.0,2.0,1.0,Completed,1.39,2.75,1.4,2.8,1.45,2.65,1.417,3.2,1.4,2.85
WTA,2007,5,Melbourne,Australian Open,2007-01-17,Grand Slam,Outdoor,Hard,2nd Round,3,Vaidisova N.,Sequera M.,12.0,95.0,1428.0,295.25,6.0,2.0,6.0,1.0,,,2.0,0.0,Completed,1.05,8.5,1.06,8.5,1.05,8.5,1.057,14.5,1.06,9.0
WTA,2007,5,Melbourne,Australian Open,2007-01-17,Grand Slam,Outdoor,Hard,2nd Round,3,Mauresmo A.,Poutchkova O.,3.0,38.0,3460.0,537.25,6.0,2.0,6.0,2.0,,,2.0,0.0,Completed,1.07,7.5,1.08,7.5,1.07,7.35,1.091,10.0,1.07,8.0
WTA,2007,5,Melbourne,Australian Open,2007-01-18,Grand Slam,Outdoor,Hard,2nd Round,3,Hingis M.,Kudryavtseva A.,7.0,134.0,2063.0,212.25,6.0,2.0,6.0,2.0,,,2.0,0.0,Completed,1.02,12,1.01,15.0,1.03,12.5,1.036,22.5,1.03,12.5
WTA,2007,5,Melbourne,Australian Open,2007-01-18,Grand Slam,Outdoor,Hard,2nd Round,3,Nakamura A.,Mirza S.,65.0,53.0,388.0,431.0,6.0,3.0,6.0,2.0,,,2.0,0.0,Completed,2.62,1.44,2.65,1.45,2.8,1.4,2.83,1.493,2.72,1.43
WTA,2007,5,Melbourne,Australian Open,2007-01-18,Grand Slam,Outdoor,Hard,2nd Round,3,Zvonareva V.,Paszek T.,24.0,187.0,794.0,143.75,6.0,1.0,6.0,3.0,,,2.0,0.0,Completed,1.28,3.5,1.25,3.7,1.28,3.46,1.31,3.93,1.27,3.6
WTA,2007,5,Melbourne,Australian Open,2007-01-18,Grand Slam,Outdoor,Hard,2nd Round,3,Garbin T.,Voracova R.,33.0,158.0,582.75,176.5,6.0,1.0,7.0,5.0,,,2.0,0.0,Completed,1.33,3.25,1.36,3.0,1.36,3.0,1.389,3.37,1.37,3.0
WTA,2007,5,Melbourne,Australian Open,2007-01-18,Grand Slam,Outdoor,Hard,2nd Round,3,Bondarenko A.,Razzano V.,34.0,78.0,576.75,344.0,6.0,3.0,6.0,4.0,,,2.0,0.0,Completed,1.72,2,1.9,1.85,1.75,2.0,1.962,1.943,1.74,2.04
WTA,2007,5,Melbourne,Australian Open,2007-01-18,Grand Slam,Outdoor,Hard,2nd Round,3,Chakvetadze A.,Granville L.,13.0,72.0,1258.0,363.5,6.0,2.0,5.0,7.0,6.0,1.0,2.0,1.0,Completed,1.14,5,1.18,4.5,1.17,4.65,1.2,5.5,1.18,4.6
WTA,2007,5,Melbourne,Australian Open,2007-01-18,Grand Slam,Outdoor,Hard,2nd Round,3,Clijsters K.,Morigami A.,5.0,86.0,2441.0,321.0,6.0,3.0,6.0,0.0,,,2.0,0.0,Completed,1.02,12,1.01,15.0,1.02,14.0,1.018,36.0,1.02,18.0
WTA,2007,5,Melbourne,Australian Open,2007-01-18,Grand Slam,Outdoor,Hard,2nd Round,3,Hantuchova D.,Loit E.,18.0,46.0,944.0,447.5,4.0,6.0,6.0,3.0,6.0,4.0,2.0,1.0,Completed,1.33,3.25,1.4,2.8,1.35,3.05,1.398,3.31,1.37,3.0
WTA,2007,5,Melbourne,Australian Open,2007-01-18,Grand Slam,Outdoor,Hard,2nd Round,3,Harkleroad A.,Groenefeld A.L.,88.0,19.0,317.0,922.0,6.0,2.0,6.0,2.0,,,2.0,0.0,Completed,2.2,1.61,2.0,1.75,2.12,1.67,2.33,1.699,2.06,1.72
WTA,2007,5,Melbourne,Australian Open,2007-01-18,Grand Slam,Outdoor,Hard,2nd Round,3,Li N.,Dominguez Lino L.,16.0,56.0,968.0,421.75,6.0,0.0,6.0,2.0,,,2.0,0.0,Completed,1.11,6,1.11,6.0,1.12,5.65,1.13,7.98,1.11,6.2
WTA,2007,5,Melbourne,Australian Open,2007-01-18,Grand Slam,Outdoor,Hard,2nd Round,3,Molik A.,Kanepi K.,141.0,77.0,198.75,344.5,1.0,6.0,6.0,3.0,6.0,2.0,2.0,1.0,Completed,1.5,2.5,1.08,7.0,1.5,2.5,1.51,2.81,1.5,2.5
WTA,2007,5,Melbourne,Australian Open,2007-01-18,Grand Slam,Outdoor,Hard,2nd Round,3,Safina D.,Fedossova Y.,10.0,148.0,1475.0,188.25,6.0,3.0,6.0,2.0,,,2.0,0.0,Completed,1.06,8,1.08,7.5,1.08,6.95,1.129,8.05,1.12,5.8
WTA,2007,5,Melbourne,Australian Open,2007-01-18,Grand Slam,Outdoor,Hard,2nd Round,3,Ivanovic A.,Radwanska A.,14.0,59.0,1108.0,399.25,6.0,2.0,3.0,6.0,6.0,2.0,2.0,1.0,Completed,1.14,5,1.12,5.5,1.15,5.0,1.2,5.5,1.17,4.8
WTA,2007,5,Melbourne,Australian Open,2007-01-18,Grand Slam,Outdoor,Hard,2nd Round,3,Schnyder P.,Peng S.,9.0,52.0,1578.0,433.0,7.0,5.0,6.0,3.0,,,2.0,0.0,Completed,1.28,3.5,1.38,2.9,1.36,3.0,1.424,3.16,1.37,3.0
WTA,2007,5,Melbourne,Australian Open,2007-01-18,Grand Slam,Outdoor,Hard,2nd Round,3,Sharapova M.,Rodionova A.,2.0,100.0,3532.0,287.75,6.0,0.0,6.0,3.0,,,2.0,0.0,Completed,1.03,11,1.04,10.0,1.04,9.5,1.04,21.0,1.05,10.0
WTA,2007,5,Melbourne,Australian Open,2007-01-18,Grand Slam,Outdoor,Hard,2nd Round,3,Kostanic J.,Stosur S.,67.0,27.0,378.25,714.0,6.0,4.0,2.0,6.0,6.0,2.0,2.0,1.0,Completed,3.75,1.25,3.8,1.24,4.0,1.22,4.4,1.27,4.1,1.22
WTA,2007,5,Melbourne,Australian Open,2007-01-19,Grand Slam,Outdoor,Hard,3rd Round,3,Williams S.,Petrova N.,81.0,6.0,331.0,2141.0,1.0,6.0,7.0,5.0,6.0,3.0,2.0,1.0,Completed,2.5,1.5,2.5,1.5,2.35,1.55,2.6,1.588,2.5,1.5
WTA,2007,5,Melbourne,Australian Open,2007-01-19,Grand Slam,Outdoor,Hard,3rd Round,3,Jankovic J.,Azarenka V.,11.0,94.0,1456.0,299.75,6.0,3.0,6.0,4.0,,,2.0,0.0,Completed,1.08,7,1.1,6.3,1.08,6.95,1.139,7.51,1.12,5.8
WTA,2007,5,Melbourne,Australian Open,2007-01-19,Grand Slam,Outdoor,Hard,3rd Round,3,Safarova L.,Yakimova A.,70.0,68.0,370.0,375.5,6.0,3.0,,,,,1.0,0.0,Retired,1.39,2.75,1.4,2.8,1.4,2.8,1.457,2.99,1.4,2.85
WTA,2007,5,Melbourne,Australian Open,2007-01-19,Grand Slam,Outdoor,Hard,3rd Round,3,Kuznetsova S.,Kirilenko M.,4.0,28.0,2510.0,609.0,6.0,1.0,6.0,4.0,,,2.0,0.0,Completed,1.12,5.5,1.02,11.0,1.15,5.0,1.19,5.75,1.16,4.95
WTA,2007,5,Melbourne,Australian Open,2007-01-19,Grand Slam,Outdoor,Hard,3rd Round,3,Mauresmo A.,Birnerova E.,3.0,83.0,3460.0,324.75,6.0,3.0,6.0,1.0,,,2.0,0.0,Completed,1.01,13,1.01,15.0,1.02,14.0,1.024,31.0,1.03,12.5
WTA,2007,5,Melbourne,Australian Open,2007-01-19,Grand Slam,Outdoor,Hard,3rd Round,3,Dementieva E.,Camerin M.E.,8.0,55.0,1875.0,426.5,6.0,1.0,6.0,3.0,,,2.0,0.0,Completed,1.14,5,1.2,4.25,1.17,4.65,1.22,5.15,1.18,4.6
WTA,2007,5,Melbourne,Australian Open,2007-01-19,Grand Slam,Outdoor,Hard,3rd Round,3,Peer S.,Golovin T.,17.0,23.0,961.0,862.0,3.0,6.0,7.0,5.0,7.0,5.0,2.0,1.0,Completed,1.83,1.83,1.9,1.85,1.87,1.87,1.971,1.935,1.88,1.88
WTA,2007,5,Melbourne,Australian Open,2007-01-19,Grand Slam,Outdoor,Hard,3rd Round,3,Vaidisova N.,Srebotnik K.,12.0,22.0,1428.0,875.0,6.0,4.0,6.0,4.0,,,2.0,0.0,Completed,1.16,4.5,1.18,4.5,1.18,4.5,1.234,4.88,1.19,4.45
WTA,2007,5,Melbourne,Australian Open,2007-01-20,Grand Slam,Outdoor,Hard,3rd Round,3,Sharapova M.,Garbin T.,2.0,33.0,3532.0,582.75,6.0,3.0,6.0,1.0,,,2.0,0.0,Completed,1.03,10,1.03,12.0,1.03,12.5,1.04,20.86,1.04,12.0
WTA,2007,5,Melbourne,Australian Open,2007-01-20,Grand Slam,Outdoor,Hard,3rd Round,3,Clijsters K.,Bondarenko A.,5.0,34.0,2441.0,576.75,6.0,3.0,6.0,3.0,,,2.0,0.0,Completed,1.02,11,1.04,10.0,1.02,14.0,1.033,24.0,1.02,18.0
WTA,2007,5,Melbourne,Australian Open,2007-01-20,Grand Slam,Outdoor,Hard,3rd Round,3,Hingis M.,Nakamura A.,7.0,65.0,2063.0,388.0,6.0,2.0,6.0,1.0,,,2.0,0.0,Completed,1.06,8,1.07,8.0,1.06,7.79,1.077,11.5,1.07,7.9
WTA,2007,5,Melbourne,Australian Open,2007-01-20,Grand Slam,Outdoor,Hard,3rd Round,3,Zvonareva V.,Ivanovic A.,24.0,14.0,794.0,1108.0,6.0,1.0,6.0,2.0,,,2.0,0.0,Completed,2.25,1.57,2.1,1.69,2.2,1.63,2.4,1.667,2.16,1.66
WTA,2007,5,Melbourne,Australian Open,2007-01-20,Grand Slam,Outdoor,Hard,3rd Round,3,Schnyder P.,Molik A.,9.0,141.0,1578.0,198.75,3.0,6.0,6.0,2.0,6.0,0.0,2.0,1.0,Completed,1.39,2.75,1.11,6.0,1.4,2.8,1.483,2.87,1.43,2.73
WTA,2007,5,Melbourne,Australian Open,2007-01-21,Grand Slam,Outdoor,Hard,3rd Round,3,Hantuchova D.,Harkleroad A.,18.0,88.0,944.0,317.0,6.0,7.0,7.0,5.0,6.0,3.0,2.0,1.0,Completed,1.39,2.75,1.42,2.75,1.45,2.65,1.485,2.86,1.45,2.65
WTA,2007,5,Melbourne,Australian Open,2007-01-21,Grand Slam,Outdoor,Hard,3rd Round,3,Li N.,Safina D.,16.0,10.0,968.0,1475.0,6.0,2.0,6.0,2.0,,,2.0,0.0,Completed,2.1,1.66,2.1,1.69,2.12,1.67,2.12,1.82,1.93,1.83
WTA,2007,5,Melbourne,Australian Open,2007-01-21,Grand Slam,Outdoor,Hard,3rd Round,3,Chakvetadze A.,Kostanic J.,13.0,67.0,1258.0,378.25,6.0,4.0,6.0,4.0,,,2.0,0.0,Completed,1.16,4.5,1.24,3.8,1.2,4.25,1.238,4.8,1.2,4.35
WTA,2007,5,Melbourne,Australian Open,2007-01-21,Grand Slam,Outdoor,Hard,4th Round,3,Safarova L.,Mauresmo A.,70.0,3.0,370.0,3460.0,6.0,4.0,6.0,3.0,,,2.0,0.0,Completed,8.0,1.06,8.0,1.07,7.79,1.06,11.86,1.072,7.4,1.08
WTA,2007,5,Melbourne,Australian Open,2007-01-21,Grand Slam,Outdoor,Hard,4th Round,3,Peer S.,Kuznetsova S.,17.0,4.0,961.0,2510.0,6.0,4.0,6.0,2.0,,,2.0,0.0,Completed,3.0,1.36,3.15,1.33,3.15,1.33,3.31,1.398,2.95,1.38
WTA,2007,5,Melbourne,Australian Open,2007-01-21,Grand Slam,Outdoor,Hard,4th Round,3,Vaidisova N.,Dementieva E.,12.0,8.0,1428.0,1875.0,6.0,3.0,6.0,3.0,,,2.0,0.0,Completed,1.57,2.25,1.6,2.25,1.67,2.12,1.595,2.58,1.68,2.14
WTA,2007,5,Melbourne,Australian Open,2007-01-21,Grand Slam,Outdoor,Hard,4th Round,3,Williams S.,Jankovic J.,81.0,11.0,331.0,1456.0,6.0,3.0,6.0,2.0,,,2.0,0.0,Completed,2.75,1.39,2.7,1.43,2.65,1.45,2.94,1.467,2.94,1.38
WTA,2007,5,Melbourne,Australian Open,2007-01-22,Grand Slam,Outdoor,Hard,4th Round,3,Hingis M.,Li N.,7.0,16.0,2063.0,968.0,4.0,6.0,6.0,3.0,6.0,0.0,2.0,1.0,Completed,1.53,2.37,1.01,14.0,1.5,2.5,1.578,2.63,1.57,2.35
WTA,2007,5,Melbourne,Australian Open,2007-01-22,Grand Slam,Outdoor,Hard,4th Round,3,Clijsters K.,Hantuchova D.,5.0,18.0,2441.0,944.0,6.0,1.0,7.0,5.0,,,2.0,0.0,Completed,1.03,11,1.02,13.0,1.03,11.0,1.05,16.0,1.04,11.0
WTA,2007,5,Melbourne,Australian Open,2007-01-22,Grand Slam,Outdoor,Hard,4th Round,3,Chakvetadze A.,Schnyder P.,13.0,9.0,1258.0,1578.0,6.0,4.0,6.0,1.0,,,2.0,0.0,Completed,1.8,1.9,1.75,2.0,1.75,2.0,1.781,2.18,1.8,1.96
WTA,2007,5,Melbourne,Australian Open,2007-01-22,Grand Slam,Outdoor,Hard,4th Round,3,Sharapova M.,Zvonareva V.,2.0,24.0,3532.0,794.0,7.0,5.0,6.0,4.0,,,2.0,0.0,Completed,1.14,5,1.01,15.0,1.15,5.0,1.215,5.25,1.2,4.4
WTA,2007,5,Melbourne,Australian Open,2007-01-23,Grand Slam,Outdoor,Hard,Quarterfinals,3,Vaidisova N.,Safarova L.,12.0,70.0,1428.0,370.0,6.0,1.0,6.0,4.0,,,2.0,0.0,Completed,1.33,3.25,1.2,4.5,1.35,3.05,1.361,3.57,1.3,3.4
WTA,2007,5,Melbourne,Australian Open,2007-01-23,Grand Slam,Outdoor,Hard,Quarterfinals,3,Williams S.,Peer S.,81.0,17.0,331.0,961.0,3.0,6.0,6.0,2.0,8.0,6.0,2.0,1.0,Completed,1.39,2.75,1.3,3.5,1.4,2.8,1.45,3.02,1.4,2.88
WTA,2007,5,Melbourne,Australian Open,2007-01-24,Grand Slam,Outdoor,Hard,Quarterfinals,3,Sharapova M.,Chakvetadze A.,2.0,13.0,3532.0,1258.0,7.0,6.0,7.0,5.0,,,2.0,0.0,Completed,1.14,5,1.04,9.0,1.15,5.0,1.198,5.54,1.16,5.0
WTA,2007,5,Melbourne,Australian Open,2007-01-24,Grand Slam,Outdoor,Hard,Quarterfinals,3,Clijsters K.,Hingis M.,5.0,7.0,2441.0,2063.0,3.0,6.0,6.0,4.0,6.0,3.0,2.0,1.0,Completed,1.16,4.5,1.6,2.35,1.17,4.65,1.225,5.05,1.2,4.4
WTA,2007,5,Melbourne,Australian Open,2007-01-25,Grand Slam,Outdoor,Hard,Semifinals,3,Williams S.,Vaidisova N.,81.0,12.0,331.0,1428.0,7.0,6.0,6.0,4.0,,,2.0,0.0,Completed,2.0,1.8,2.0,1.75,1.95,1.8,2.12,1.82,1.92,1.86
WTA,2007,5,Melbourne,Australian Open,2007-01-25,Grand Slam,Outdoor,Hard,Semifinals,3,Sharapova M.,Clijsters K.,2.0,5.0,3532.0,2441.0,6.0,4.0,6.0,2.0,,,2.0,0.0,Completed,1.9,1.9,2.0,1.75,1.91,1.83,1.98,1.885,1.9,1.85
WTA,2007,5,Melbourne,Australian Open,2007-01-27,Grand Slam,Outdoor,Hard,The Final,3,Williams S.,Sharapova M.,81.0,2.0,331.0,3532.0,6.0,1.0,6.0,2.0,,,2.0,0.0,Completed,2.87,1.39,2.85,1.4,2.9,1.38,3.04,1.446,2.75,1.43
WTA,2007,29,Paris,French Open,2007-05-27,Grand Slam,Outdoor,Clay,1st Round,3,Williams S.,Pironkova T.,8.0,91.0,1880.0,325.75,5.0,7.0,6.0,1.0,6.0,1.0,2.0,1.0,Completed,1.02,12,1.04,12.0,1.03,10.0,1.04,21.0,1.03,12.0
WTA,2007,29,Paris,French Open,2007-05-27,Grand Slam,Outdoor,Clay,1st Round,3,Safina D.,Fedak Y.,11.0,109.0,1798.0,284.75,7.0,5.0,6.0,4.0,,,2.0,0.0,Completed,1.06,8,1.1,6.3,1.08,6.91,1.1,9.0,1.12,5.8
WTA,2007,29,Paris,French Open,2007-05-27,Grand Slam,Outdoor,Clay,1st Round,3,Paszek T.,Nakamura A.,72.0,78.0,391.75,372.5,6.0,4.0,6.0,0.0,,,2.0,0.0,Completed,1.16,4.5,1.17,4.65,1.18,4.5,1.194,5.65,1.18,4.6
WTA,2007,29,Paris,French Open,2007-05-27,Grand Slam,Outdoor,Clay,1st Round,3,Henin J.,Vesnina E.,1.0,65.0,4119.0,418.75,6.0,4.0,6.0,3.0,,,2.0,0.0,Completed,1.01,15,1.02,13.0,1.01,15.0,1.02,36.0,1.02,14.0
WTA,2007,29,Paris,French Open,2007-05-28,Grand Slam,Outdoor,Clay,1st Round,3,Li N.,Kloesel S.,18.0,88.0,1286.0,330.5,7.0,6.0,6.0,0.0,,,2.0,0.0,Completed,1.07,7.5,1.1,6.3,1.1,6.25,1.114,8.55,1.12,5.85
WTA,2007,29,Paris,French Open,2007-05-28,Grand Slam,Outdoor,Clay,1st Round,3,Krajicek M.,Bremond S.,40.0,34.0,550.0,619.25,6.0,3.0,6.0,3.0,,,2.0,0.0,Completed,1.28,3.5,1.3,3.35,1.3,3.3,1.364,3.55,1.27,3.6
WTA,2007,29,Paris,French Open,2007-05-28,Grand Slam,Outdoor,Clay,1st Round,3,Williams V.,Cornet A.,27.0,118.0,801.0,264.5,6.0,4.0,6.0,3.0,,,2.0,0.0,Completed,1.05,9,1.07,8.0,1.06,7.91,1.093,9.71,1.07,8.0
WTA,2007,29,Paris,French Open,2007-05-28,Grand Slam,Outdoor,Clay,1st Round,3,Harkleroad A.,Wozniak A.,80.0,84.0,370.0,353.0,6.0,2.0,7.0,6.0,,,2.0,0.0,Completed,3.25,1.33,2.8,1.4,3.05,1.35,3.33,1.395,2.85,1.4
WTA,2007,29,Paris,French Open,2007-05-28,Grand Slam,Outdoor,Clay,1st Round,3,Stosur S.,Jackson J.,30.0,98.0,767.0,315.5,6.0,1.0,6.0,2.0,,,2.0,0.0,Completed,1.12,5.5,1.12,5.65,1.15,5.0,1.167,6.4,1.15,5.2
WTA,2007,29,Paris,French Open,2007-05-28,Grand Slam,Outdoor,Clay,1st Round,3,Garbin T.,Morigami A.,22.0,49.0,921.0,505.0,7.0,6.0,6.0,4.0,,,2.0,0.0,Completed,1.53,2.37,1.5,2.5,1.5,2.5,1.621,2.51,1.55,2.4
WTA,2007,29,Paris,French Open,2007-05-29,Grand Slam,Outdoor,Clay,1st Round,3,Johansson M.,Groenefeld A.L.,126.0,57.0,252.5,456.0,7.0,5.0,6.0,4.0,,,2.0,0.0,Completed,2.62,1.44,2.65,1.45,2.5,1.5,2.75,1.541,2.55,1.48
WTA,2007,29,Paris,French Open,2007-05-29,Grand Slam,Outdoor,Clay,1st Round,3,Peschke K.,Petrova N.,182.0,12.0,161.0,1772.0,7.0,5.0,5.0,7.0,6.0,0.0,2.0,1.0,Completed,10.0,1.04,9.0,1.06,7.91,1.06,14.0,1.061,8.5,1.06
WTA,2007,29,Paris,French Open,2007-05-29,Grand Slam,Outdoor,Clay,1st Round,3,Llagostera Vives N.,Smashnova-Pistolesi A.,267.0,135.0,96.0,238.0,6.0,2.0,7.0,5.0,,,2.0,0.0,Completed,1.4,2.75,,,,,1.61,2.55,,
WTA,2007,29,Paris,French Open,2007-05-29,Grand Slam,Outdoor,Clay,1st Round,3,Parmentier P.,Koryttseva M.,155.0,257.0,198.5,102.0,6.0,4.0,3.0,6.0,7.0,5.0,2.0,1.0,Completed,2.37,1.53,2.35,1.55,2.3,1.57,2.58,1.595,2.35,1.57
WTA,2007,29,Paris,French Open,2007-05-29,Grand Slam,Outdoor,Clay,1st Round,3,Amanmuradova A.,King V.,210.0,74.0,138.0,388.5,7.0,6.0,4.0,6.0,6.0,3.0,2.0,1.0,Completed,1.61,2.2,1.6,2.25,1.57,2.3,1.613,2.53,1.67,2.15
WTA,2007,29,Paris,French Open,2007-05-29,Grand Slam,Outdoor,Clay,1st Round,3,Santangelo M.,Radwanska A.,31.0,38.0,733.0,569.5,6.0,1.0,6.0,4.0,,,2.0,0.0,Completed,2.0,1.72,1.9,1.85,2.0,1.75,2.19,1.775,1.92,1.84
WTA,2007,29,Paris,French Open,2007-05-29,Grand Slam,Outdoor,Clay,1st Round,3,Jankovic J.,Foretz S.,5.0,143.0,2727.0,216.75,6.0,2.0,6.0,2.0,,,2.0,0.0,Completed,1.01,13,1.02,13.0,1.02,13.0,1.017,41.0,1.02,12.0
WTA,2007,29,Paris,French Open,2007-05-29,Grand Slam,Outdoor,Clay,1st Round,3,Vaidisova N.,Gagliardi E.,10.0,110.0,1813.0,282.75,6.0,4.0,6.0,3.0,,,2.0,0.0,Completed,1.05,9,1.08,7.0,1.06,7.91,1.074,11.5,1.05,10.0
WTA,2007,29,Paris,French Open,2007-05-29,Grand Slam,Outdoor,Clay,1st Round,3,Dementieva E.,Kerber A.,14.0,93.0,1740.0,325.25,6.0,3.0,6.0,2.0,,,2.0,0.0,Completed,1.06,8,,,1.06,7.91,1.06,14.0,,
WTA,2007,29,Paris,French Open,2007-05-29,Grand Slam,Outdoor,Clay,1st Round,3,Sequera M.,Razzano V.,69.0,62.0,408.0,433.0,5.0,7.0,6.0,3.0,9.0,7.0,2.0,1.0,Completed,2.75,1.39,2.3,1.58,2.4,1.53,2.58,1.595,2.5,1.5
WTA,2007,29,Paris,French Open,2007-05-29,Grand Slam,Outdoor,Clay,1st Round,3,Castano C.,Laine E.,99.0,141.0,311.5,222.75,1.0,6.0,7.0,5.0,6.0,4.0,2.0,1.0,Completed,1.22,4,1.18,4.5,1.28,3.46,1.24,4.77,1.24,3.9
WTA,2007,29,Paris,French Open,2007-05-29,Grand Slam,Outdoor,Clay,1st Round,3,Tanasugarn T.,Dellacqua C.,68.0,119.0,411.5,264.0,6.0,3.0,4.0,6.0,6.0,4.0,2.0,1.0,Completed,2.0,1.72,2.0,1.75,2.2,1.63,2.22,1.758,2.15,1.67
WTA,2007,29,Paris,French Open,2007-05-29,Grand Slam,Outdoor,Clay,1st Round,3,Schiavone F.,Meusburger Y.,28.0,96.0,796.0,322.25,6.0,2.0,6.0,4.0,,,2.0,0.0,Completed,1.33,3.25,1.3,3.35,1.35,3.05,1.392,3.35,1.37,3.0
WTA,2007,29,Paris,French Open,2007-05-29,Grand Slam,Outdoor,Clay,1st Round,3,Kirilenko M.,Camerin M.E.,44.0,64.0,541.0,425.0,6.0,3.0,6.0,0.0,,,2.0,0.0,Completed,1.8,1.9,1.95,1.8,1.85,1.9,1.917,1.99,1.93,1.83
WTA,2007,29,Paris,French Open,2007-05-29,Grand Slam,Outdoor,Clay,1st Round,3,Cohen Aloro S.,Yakimova A.,519.0,112.0,29.75,278.5,7.0,6.0,6.0,1.0,,,2.0,0.0,Completed,,,1.85,1.9,1.72,2.05,1.893,2.02,1.75,2.03
WTA,2007,29,Paris,French Open,2007-05-29,Grand Slam,Outdoor,Clay,1st Round,3,Obziler T.,Czink M.,95.0,123.0,325.0,257.5,6.0,3.0,6.0,4.0,,,2.0,0.0,Completed,1.57,2.25,1.53,2.4,1.63,2.2,1.667,2.4,1.67,2.15
WTA,2007,29,Paris,French Open,2007-05-29,Grand Slam,Outdoor,Clay,1st Round,3,Perry S.,Sanchez O.,71.0,178.0,392.0,163.0,3.0,6.0,6.0,4.0,6.0,3.0,2.0,1.0,Completed,1.53,2.37,1.53,2.4,1.53,2.4,1.637,2.47,1.54,2.4
WTA,2007,29,Paris,French Open,2007-05-29,Grand Slam,Outdoor,Clay,1st Round,3,Bacsinszky T.,Zheng J.,125.0,52.0,254.0,480.75,7.0,6.0,6.0,0.0,,,2.0,0.0,Completed,2.0,1.72,1.9,1.85,2.0,1.75,2.11,1.826,1.88,1.88
WTA,2007,29,Paris,French Open,2007-05-29,Grand Slam,Outdoor,Clay,1st Round,3,Bartoli M.,Rezai A.,21.0,43.0,981.0,541.5,6.0,2.0,6.0,4.0,,,2.0,0.0,Completed,1.22,4,1.22,4.0,1.91,1.83,2.06,1.862,1.25,3.8
WTA,2007,29,Paris,French Open,2007-05-29,Grand Slam,Outdoor,Clay,1st Round,3,Bammer S.,Vinci R.,25.0,54.0,866.0,475.0,6.0,4.0,6.0,4.0,,,2.0,0.0,Completed,1.22,4,1.22,4.0,1.25,3.75,1.3,4.03,1.25,3.8
WTA,2007,29,Paris,French Open,2007-05-29,Grand Slam,Outdoor,Clay,1st Round,3,Savchuk O.,Shvedova Y.,136.0,77.0,232.5,375.0,7.0,5.0,7.0,5.0,,,2.0,0.0,Completed,1.72,2,1.69,2.1,1.72,2.05,,,1.84,1.92
WTA,2007,29,Paris,French Open,2007-05-29,Grand Slam,Outdoor,Clay,1st Round,3,Petkovic A.,Gajdosova J.,150.0,86.0,205.75,341.75,4.0,6.0,6.0,3.0,6.0,3.0,2.0,1.0,Completed,2.0,1.72,1.72,2.05,1.87,1.87,1.92,1.99,,
WTA,2007,29,Paris,French Open,2007-05-30,Grand Slam,Outdoor,Clay,1st Round,3,Peer S.,Kanepi K.,17.0,55.0,1388.0,468.75,6.0,1.0,6.0,3.0,,,2.0,0.0,Completed,1.05,9,1.08,7.0,1.1,6.25,1.088,10.4,1.1,6.75
WTA,2007,29,Paris,French Open,2007-05-30,Grand Slam,Outdoor,Clay,1st Round,3,Dushevina V.,Pin C.,81.0,75.0,368.75,386.25,6.0,4.0,6.0,4.0,,,2.0,0.0,Completed,1.39,2.75,1.5,2.5,1.45,2.65,1.493,2.83,1.48,2.58
WTA,2007,29,Paris,French Open,2007-05-30,Grand Slam,Outdoor,Clay,1st Round,3,Srebotnik K.,Rodionova A.,20.0,66.0,1000.0,417.5,6.0,1.0,6.0,3.0,,,2.0,0.0,Completed,1.16,4.5,1.15,5.0,1.2,4.2,1.204,5.39,1.23,4.0
WTA,2007,29,Paris,French Open,2007-05-30,Grand Slam,Outdoor,Clay,1st Round,3,Gallovits E.,Bardina V.,104.0,60.0,302.0,444.75,6.0,0.0,4.0,0.0,,,1.0,0.0,Retired,1.5,2.5,1.46,2.6,1.5,2.5,1.637,2.47,1.55,2.4
WTA,2007,29,Paris,French Open,2007-05-30,Grand Slam,Outdoor,Clay,1st Round,3,Sharapova M.,Loit E.,2.0,41.0,3453.0,548.5,6.0,3.0,7.0,6.0,,,2.0,0.0,Completed,1.11,6,1.1,6.3,1.13,5.48,1.177,6.15,1.14,5.3
WTA,2007,29,Paris,French Open,2007-05-30,Grand Slam,Outdoor,Clay,1st Round,3,Dechy N.,Wozniacki C.,46.0,106.0,526.0,293.5,6.0,2.0,6.0,7.0,6.0,0.0,2.0,1.0,Completed,1.44,2.62,1.48,2.55,1.5,2.5,1.515,2.79,1.44,2.7
WTA,2007,29,Paris,French Open,2007-05-30,Grand Slam,Outdoor,Clay,1st Round,3,Kuznetsova S.,Bychkova E.,3.0,79.0,3032.0,372.25,6.0,0.0,6.0,3.0,,,2.0,0.0,Completed,1.02,12,1.05,9.0,1.04,9.25,1.035,22.0,1.03,12.0
WTA,2007,29,Paris,French Open,2007-05-30,Grand Slam,Outdoor,Clay,1st Round,3,Sugiyama A.,Birnerova E.,26.0,83.0,847.0,353.0,6.0,3.0,6.0,4.0,,,2.0,0.0,Completed,1.19,4.33,1.24,3.8,1.22,4.0,1.22,5.15,1.19,4.5
WTA,2007,29,Paris,French Open,2007-05-30,Grand Slam,Outdoor,Clay,1st Round,3,Ivanovic A.,Arvidsson S.,7.0,121.0,1906.0,262.0,6.0,2.0,6.0,0.0,,,2.0,0.0,Completed,1.03,11,1.05,9.0,1.05,8.5,1.042,19.53,1.04,11.0
WTA,2007,29,Paris,French Open,2007-05-30,Grand Slam,Outdoor,Clay,1st Round,3,Szavay A.,Kremer A.,102.0,111.0,307.25,280.0,7.0,5.0,6.0,2.0,,,2.0,0.0,Completed,1.33,3.25,1.33,3.15,1.26,3.6,1.331,3.72,1.32,3.25
WTA,2007,29,Paris,French Open,2007-05-30,Grand Slam,Outdoor,Clay,1st Round,3,Likhovtseva E.,Chan Y.J.,56.0,53.0,460.0,480.0,4.0,6.0,7.0,5.0,6.0,3.0,2.0,1.0,Completed,2.1,1.66,2.15,1.66,2.12,1.67,2.21,1.763,2.1,1.7
WTA,2007,29,Paris,French Open,2007-05-30,Grand Slam,Outdoor,Clay,1st Round,3,Knapp K.,Azarenka V.,85.0,48.0,347.25,508.5,6.0,1.0,6.0,1.0,,,2.0,0.0,Completed,4.0,1.22,4.5,1.18,3.75,1.25,5.05,1.225,4.35,1.2
WTA,2007,29,Paris,French Open,2007-05-30,Grand Slam,Outdoor,Clay,1st Round,3,Craybas J.,Dominguez Lino L.,73.0,59.0,390.5,447.0,6.0,1.0,2.0,6.0,6.0,4.0,2.0,1.0,Completed,3.25,1.33,2.9,1.38,3.05,1.35,3.2,1.417,3.2,1.33
WTA,2007,29,Paris,French Open,2007-05-30,Grand Slam,Outdoor,Clay,1st Round,3,Medina Garrigues A.,Lepchenko V.,23.0,97.0,880.0,321.0,6.0,1.0,2.0,6.0,6.0,2.0,2.0,1.0,Completed,1.05,9,1.1,6.3,1.08,6.91,1.093,9.8,1.06,8.5
WTA,2007,29,Paris,French Open,2007-05-30,Grand Slam,Outdoor,Clay,1st Round,3,Bondarenko A.,Benesova I.,24.0,82.0,874.5,362.5,6.0,0.0,6.0,1.0,,,2.0,0.0,Completed,1.11,6,1.13,5.4,1.15,5.0,1.141,7.38,1.13,5.6
WTA,2007,29,Paris,French Open,2007-05-30,Grand Slam,Outdoor,Clay,1st Round,3,Shaughnessy M.,Myskina A.,61.0,51.0,434.0,481.0,6.0,1.0,6.0,0.0,,,2.0,0.0,Completed,1.44,2.62,1.45,2.65,1.5,2.5,1.592,2.59,1.47,2.6
WTA,2007,29,Paris,French Open,2007-05-30,Grand Slam,Outdoor,Clay,1st Round,3,Chakvetadze A.,Molik A.,9.0,58.0,1866.0,452.75,6.0,2.0,6.0,3.0,,,2.0,0.0,Completed,1.07,7.5,1.1,6.3,1.08,6.91,1.1,9.0,1.1,6.75
WTA,2007,29,Paris,French Open,2007-05-30,Grand Slam,Outdoor,Clay,1st Round,3,Poutchek T.,Fedossova Y.,101.0,115.0,307.5,271.5,6.0,3.0,6.0,2.0,,,2.0,0.0,Completed,1.83,1.83,1.75,2.0,1.8,1.95,1.885,2.03,1.82,1.94
WTA,2007,29,Paris,French Open,2007-05-30,Grand Slam,Outdoor,Clay,1st Round,3,Safarova L.,Beygelzimer Y.,29.0,120.0,791.0,263.25,6.0,4.0,6.0,3.0,,,2.0,0.0,Completed,1.04,10,1.08,7.0,1.06,7.91,1.077,11.5,1.06,8.5
WTA,2007,29,Paris,French Open,2007-05-30,Grand Slam,Outdoor,Clay,1st Round,3,Poutchkova O.,Daniilidou E.,35.0,42.0,601.0,544.5,7.0,5.0,0.0,6.0,6.0,3.0,2.0,1.0,Completed,2.5,1.5,2.4,1.53,2.4,1.53,2.52,1.617,2.4,1.54
WTA,2007,29,Paris,French Open,2007-05-30,Grand Slam,Outdoor,Clay,1st Round,3,Hantuchova D.,Kostanic Tosic J.,13.0,76.0,1769.0,375.25,6.0,3.0,6.0,1.0,,,2.0,0.0,Completed,1.1,6.5,1.13,5.4,1.12,5.65,,,1.16,4.95
WTA,2007,29,Paris,French Open,2007-05-30,Grand Slam,Outdoor,Clay,1st Round,3,Schnyder P.,Sucha M.,15.0,133.0,1525.0,239.5,2.0,6.0,6.0,1.0,6.0,2.0,2.0,1.0,Completed,1.03,11,1.06,8.0,1.04,9.25,1.045,18.0,1.06,8.5
WTA,2007,29,Paris,French Open,2007-05-30,Grand Slam,Outdoor,Clay,1st Round,3,Pratt N.,Pennetta F.,45.0,67.0,530.75,415.0,7.0,6.0,6.0,2.0,,,2.0,0.0,Completed,4.5,1.16,3.7,1.25,4.0,1.22,4.68,1.245,4.1,1.22
WTA,2007,29,Paris,French Open,2007-05-30,Grand Slam,Outdoor,Clay,1st Round,3,Kudryavtseva A.,Schruff J.,103.0,114.0,305.5,274.75,6.0,1.0,6.0,4.0,,,2.0,0.0,Completed,2.0,1.72,1.9,1.85,1.95,1.8,2.21,1.763,1.97,1.8
WTA,2007,29,Paris,French Open,2007-05-30,Grand Slam,Outdoor,Clay,1st Round,3,Bondarenko K.,Ondraskova Z.,47.0,100.0,517.5,308.5,6.0,0.0,6.0,1.0,,,2.0,0.0,Completed,1.28,3.5,1.28,3.5,1.33,3.15,1.375,3.47,1.33,3.2
WTA,2007,29,Paris,French Open,2007-05-30,Grand Slam,Outdoor,Clay,1st Round,3,Dulko G.,Hsieh S.W.,32.0,124.0,644.75,256.25,6.0,4.0,6.0,3.0,,,2.0,0.0,Completed,1.22,4,1.25,3.7,1.28,3.46,1.309,3.94,1.27,3.6
WTA,2007,29,Paris,French Open,2007-05-30,Grand Slam,Outdoor,Clay,1st Round,3,Mirza S.,Brianti A.,50.0,87.0,488.0,333.0,6.0,1.0,6.0,1.0,,,2.0,0.0,Completed,1.61,2.2,1.69,2.1,1.72,2.05,1.781,2.18,1.77,2.0
WTA,2007,29,Paris,French Open,2007-05-30,Grand Slam,Outdoor,Clay,1st Round,3,Muller M.,De Los Rios R.,36.0,199.0,592.0,144.75,6.0,4.0,6.0,4.0,,,2.0,0.0,Completed,1.53,2.37,1.6,2.25,1.55,2.35,1.676,2.38,1.6,2.28
WTA,2007,29,Paris,French Open,2007-05-30,Grand Slam,Outdoor,Clay,1st Round,3,Olaru I.,Vakulenko J.,122.0,33.0,257.75,637.0,6.0,4.0,6.0,1.0,,,2.0,0.0,Completed,3.0,1.36,2.7,1.43,2.8,1.4,3.07,1.441,2.94,1.38
WTA,2007,29,Paris,French Open,2007-05-30,Grand Slam,Outdoor,Clay,1st Round,3,Mauresmo A.,Granville L.,4.0,70.0,2801.0,403.5,6.0,0.0,7.0,5.0,,,2.0,0.0,Completed,1.03,11,1.03,11.0,1.04,9.25,1.04,21.0,1.05,10.0
WTA,2007,29,Paris,French Open,2007-05-30,Grand Slam,Outdoor,Clay,1st Round,3,Tu M.,Oprandi R.,39.0,94.0,565.25,325.0,6.0,3.0,6.0,4.0,,,2.0,0.0,Completed,1.53,2.37,1.69,2.1,1.63,2.2,1.625,2.5,1.64,2.2
WTA,2007,29,Paris,French Open,2007-05-30,Grand Slam,Outdoor,Clay,1st Round,3,Cibulkova D.,Sun T.T.,131.0,92.0,241.5,325.75,6.0,4.0,6.0,4.0,,,2.0,0.0,Completed,1.33,3.25,1.46,2.6,1.33,3.15,1.402,3.29,1.35,3.1
WTA,2007,29,Paris,French Open,2007-05-30,Grand Slam,Outdoor,Clay,2nd Round,3,Williams V.,Harkleroad A.,27.0,80.0,801.0,370.0,6.0,1.0,7.0,6.0,,,2.0,0.0,Completed,1.04,10,1.04,11.0,1.05,8.5,1.059,14.5,1.05,10.0
WTA,2007,29,Paris,French Open,2007-05-30,Grand Slam,Outdoor,Clay,2nd Round,3,Dementieva E.,Johansson M.,14.0,126.0,1740.0,252.5,7.0,5.0,7.0,5.0,,,2.0,0.0,Completed,1.03,11,1.06,9.0,1.05,8.5,1.047,17.5,1.05,10.0
WTA,2007,29,Paris,French Open,2007-05-30,Grand Slam,Outdoor,Clay,2nd Round,3,Santangelo M.,Tanasugarn T.,31.0,68.0,733.0,411.5,6.0,3.0,6.0,2.0,,,2.0,0.0,Completed,1.08,7,1.08,8.0,1.1,6.25,1.102,8.79,1.12,5.8
WTA,2007,29,Paris,French Open,2007-05-30,Grand Slam,Outdoor,Clay,2nd Round,3,Garbin T.,Llagostera Vives N.,22.0,267.0,921.0,96.0,6.0,4.0,6.0,3.0,,,2.0,0.0,Completed,1.33,3.25,1.28,3.5,,,,,1.35,3.1
WTA,2007,29,Paris,French Open,2007-05-30,Grand Slam,Outdoor,Clay,2nd Round,3,Bammer S.,Savchuk O.,25.0,136.0,866.0,232.5,6.0,0.0,6.0,3.0,,,2.0,0.0,Completed,1.22,4,1.3,3.35,1.26,3.6,1.314,3.88,1.23,4.0
WTA,2007,29,Paris,French Open,2007-05-30,Grand Slam,Outdoor,Clay,2nd Round,3,Krajicek M.,Perry S.,40.0,71.0,550.0,392.0,6.0,4.0,5.0,7.0,6.0,1.0,2.0,1.0,Completed,1.14,5,1.22,4.0,1.2,4.2,1.181,6.03,1.18,4.6
WTA,2007,29,Paris,French Open,2007-05-30,Grand Slam,Outdoor,Clay,2nd Round,3,Safina D.,Obziler T.,11.0,95.0,1798.0,325.0,6.0,1.0,6.0,0.0,,,2.0,0.0,Completed,1.04,10,1.08,8.0,1.06,7.91,1.07,12.75,1.04,11.0
WTA,2007,29,Paris,French Open,2007-05-30,Grand Slam,Outdoor,Clay,2nd Round,3,Schiavone F.,Bacsinszky T.,28.0,125.0,796.0,254.0,6.0,3.0,7.0,6.0,,,2.0,0.0,Completed,1.57,2.25,1.53,2.4,1.63,2.2,1.746,2.24,1.7,2.1
WTA,2007,29,Paris,French Open,2007-05-30,Grand Slam,Outdoor,Clay,2nd Round,3,Stosur S.,Kirilenko M.,30.0,44.0,767.0,541.0,6.0,1.0,3.0,6.0,7.0,5.0,2.0,1.0,Completed,1.44,2.62,1.48,2.55,1.5,2.5,1.588,2.6,1.45,2.65
WTA,2007,29,Paris,French Open,2007-05-30,Grand Slam,Outdoor,Clay,2nd Round,3,Bartoli M.,Petkovic A.,21.0,150.0,981.0,205.75,0.0,6.0,6.0,2.0,6.0,3.0,2.0,1.0,Completed,1.22,4,1.22,4.0,,,,,1.25,3.8
WTA,2007,29,Paris,French Open,2007-05-30,Grand Slam,Outdoor,Clay,2nd Round,3,Jankovic J.,Castano C.,5.0,99.0,2727.0,311.5,6.0,3.0,6.0,3.0,,,2.0,0.0,Completed,1.01,13,1.06,9.0,1.03,10.0,1.025,28.5,1.02,16.0
WTA,2007,29,Paris,French Open,2007-05-30,Grand Slam,Outdoor,Clay,2nd Round,3,Henin J.,Paszek T.,1.0,72.0,4119.0,391.75,7.0,5.0,6.0,1.0,,,2.0,0.0,Completed,1.02,12,1.03,11.0,1.02,13.0,1.024,30.56,1.03,12.0
WTA,2007,29,Paris,French Open,2007-05-30,Grand Slam,Outdoor,Clay,2nd Round,3,Cohen Aloro S.,Peschke K.,519.0,182.0,29.75,161.0,6.0,1.0,6.0,1.0,,,2.0,0.0,Completed,2.5,1.5,2.15,1.66,2.3,1.57,2.6,1.588,,
WTA,2007,29,Paris,French Open,2007-05-30,Grand Slam,Outdoor,Clay,2nd Round,3,Li N.,Parmentier P.,18.0,155.0,1286.0,198.5,6.0,3.0,3.0,6.0,6.0,4.0,2.0,1.0,Completed,1.08,7,1.09,7.0,1.1,6.25,1.116,8.36,1.12,5.8
WTA,2007,29,Paris,French Open,2007-05-30,Grand Slam,Outdoor,Clay,2nd Round,3,Vaidisova N.,Amanmuradova A.,10.0,210.0,1813.0,138.0,6.0,2.0,6.0,4.0,,,2.0,0.0,Completed,1.03,11,1.06,9.0,1.05,8.5,1.054,15.4,1.05,10.0
WTA,2007,29,Paris,French Open,2007-05-31,Grand Slam,Outdoor,Clay,2nd Round,3,Srebotnik K.,Dushevina V.,20.0,81.0,1000.0,368.75,6.0,4.0,6.0,2.0,,,2.0,0.0,Completed,1.5,2.5,1.53,2.4,1.5,2.5,1.552,2.71,1.57,2.33
WTA,2007,29,Paris,French Open,2007-05-31,Grand Slam,Outdoor,Clay,2nd Round,3,Schnyder P.,Bondarenko K.,15.0,47.0,1525.0,517.5,6.0,3.0,6.0,2.0,,,2.0,0.0,Completed,1.14,5,1.2,4.25,1.18,4.5,1.234,4.87,1.2,4.35
WTA,2007,29,Paris,French Open,2007-05-31,Grand Slam,Outdoor,Clay,2nd Round,3,Olaru I.,Poutchek T.,122.0,101.0,257.75,307.5,6.0,3.0,6.0,0.0,,,2.0,0.0,Completed,1.28,3.5,1.28,3.5,1.3,3.3,1.309,3.94,1.33,3.2
WTA,2007,29,Paris,French Open,2007-05-31,Grand Slam,Outdoor,Clay,2nd Round,3,Kudryavtseva A.,Dulko G.,103.0,32.0,305.5,644.75,7.0,5.0,1.0,6.0,8.0,6.0,2.0,1.0,Completed,3.25,1.33,3.15,1.33,3.3,1.3,3.31,1.398,3.5,1.28
WTA,2007,29,Paris,French Open,2007-05-31,Grand Slam,Outdoor,Clay,2nd Round,3,Sharapova M.,Craybas J.,2.0,73.0,3453.0,390.5,6.0,2.0,6.0,1.0,,,2.0,0.0,Completed,1.04,10,1.05,10.0,1.05,8.5,1.049,16.5,1.06,8.5
WTA,2007,29,Paris,French Open,2007-05-31,Grand Slam,Outdoor,Clay,2nd Round,3,Ivanovic A.,Mirza S.,7.0,50.0,1906.0,488.0,6.0,1.0,6.0,4.0,,,2.0,0.0,Completed,1.05,9,1.06,9.0,1.06,7.91,1.077,11.5,1.07,7.8
WTA,2007,29,Paris,French Open,2007-05-31,Grand Slam,Outdoor,Clay,2nd Round,3,Peer S.,Gallovits E.,17.0,104.0,1388.0,302.0,6.0,4.0,6.0,1.0,,,2.0,0.0,Completed,1.04,10,1.06,9.0,1.06,7.91,1.085,10.83,1.06,8.5
WTA,2007,29,Paris,French Open,2007-05-31,Grand Slam,Outdoor,Clay,2nd Round,3,Knapp K.,Bondarenko A.,85.0,24.0,347.25,874.5,6.0,4.0,2.0,6.0,6.0,3.0,2.0,1.0,Completed,6.0,1.11,5.0,1.15,5.0,1.15,5.98,1.182,5.3,1.14
WTA,2007,29,Paris,French Open,2007-05-31,Grand Slam,Outdoor,Clay,2nd Round,3,Williams S.,Sequera M.,8.0,69.0,1880.0,408.0,6.0,0.0,7.0,6.0,,,2.0,0.0,Completed,1.02,12,1.04,11.0,1.05,8.5,1.053,15.81,1.03,12.0
WTA,2007,29,Paris,French Open,2007-05-31,Grand Slam,Outdoor,Clay,2nd Round,3,Safarova L.,Pratt N.,29.0,45.0,791.0,530.75,6.0,0.0,6.0,1.0,,,2.0,0.0,Completed,1.06,8,1.08,8.0,1.07,7.27,1.13,8.0,1.12,5.8
WTA,2007,29,Paris,French Open,2007-05-31,Grand Slam,Outdoor,Clay,2nd Round,3,Mauresmo A.,Dechy N.,4.0,46.0,2801.0,526.0,6.0,3.0,6.0,7.0,6.0,1.0,2.0,1.0,Completed,1.08,7,1.1,6.3,1.12,5.65,1.143,7.31,1.12,5.9
WTA,2007,29,Paris,French Open,2007-05-31,Grand Slam,Outdoor,Clay,2nd Round,3,Sugiyama A.,Tu M.,26.0,39.0,847.0,565.25,6.0,3.0,1.0,6.0,6.0,1.0,2.0,1.0,Completed,1.8,1.9,1.95,1.8,1.75,2.0,1.935,1.971,1.92,1.84
WTA,2007,29,Paris,French Open,2007-05-31,Grand Slam,Outdoor,Clay,2nd Round,3,Cibulkova D.,Muller M.,131.0,36.0,241.5,592.0,6.0,3.0,6.0,2.0,,,2.0,0.0,Completed,1.8,1.9,1.8,1.95,1.87,1.87,1.87,2.05,1.8,1.96
WTA,2007,29,Paris,French Open,2007-05-31,Grand Slam,Outdoor,Clay,2nd Round,3,Kuznetsova S.,Shaughnessy M.,3.0,61.0,3032.0,434.0,7.0,6.0,6.0,3.0,,,2.0,0.0,Completed,1.03,11,1.05,10.0,1.04,9.5,1.044,18.5,1.05,10.0
WTA,2007,29,Paris,French Open,2007-05-31,Grand Slam,Outdoor,Clay,2nd Round,3,Chakvetadze A.,Szavay A.,9.0,102.0,1866.0,307.25,6.0,4.0,6.0,7.0,6.0,4.0,2.0,1.0,Completed,1.16,4.5,1.2,4.25,1.2,4.25,1.182,5.98,1.23,4.0
WTA,2007,29,Paris,French Open,2007-05-31,Grand Slam,Outdoor,Clay,2nd Round,3,Medina Garrigues A.,Likhovtseva E.,23.0,56.0,880.0,460.0,7.0,5.0,6.0,4.0,,,2.0,0.0,Completed,1.12,5.5,1.18,4.5,1.18,4.5,1.2,5.51,1.21,4.2
WTA,2007,29,Paris,French Open,2007-06-01,Grand Slam,Outdoor,Clay,2nd Round,3,Hantuchova D.,Poutchkova O.,13.0,35.0,1769.0,601.0,7.0,6.0,6.0,3.0,,,2.0,0.0,Completed,1.07,7.5,1.1,6.3,1.1,6.25,1.119,8.6,1.12,5.8
WTA,2007,29,Paris,French Open,2007-06-01,Grand Slam,Outdoor,Clay,3rd Round,3,Jankovic J.,Williams V.,5.0,27.0,2727.0,801.0,6.0,4.0,4.0,6.0,6.0,1.0,2.0,1.0,Completed,1.36,3,1.38,2.9,1.36,3.0,1.4,3.3,1.37,3.0
WTA,2007,29,Paris,French Open,2007-06-01,Grand Slam,Outdoor,Clay,3rd Round,3,Garbin T.,Cohen Aloro S.,22.0,519.0,921.0,29.75,6.0,3.0,6.0,0.0,,,2.0,0.0,Completed,1.16,4.5,1.2,4.25,1.18,4.5,1.227,5.0,1.2,4.35
WTA,2007,29,Paris,French Open,2007-06-01,Grand Slam,Outdoor,Clay,3rd Round,3,Vaidisova N.,Stosur S.,10.0,30.0,1813.0,767.0,6.0,4.0,6.0,4.0,,,2.0,0.0,Completed,1.25,3.75,1.3,3.35,1.3,3.3,1.31,3.93,1.32,3.25
WTA,2007,29,Paris,French Open,2007-06-01,Grand Slam,Outdoor,Clay,3rd Round,3,Bammer S.,Li N.,25.0,18.0,866.0,1286.0,6.0,4.0,6.0,3.0,,,2.0,0.0,Completed,1.72,2,1.8,1.95,1.75,2.0,1.962,1.943,1.82,1.94
WTA,2007,29,Paris,French Open,2007-06-01,Grand Slam,Outdoor,Clay,3rd Round,3,Bartoli M.,Dementieva E.,21.0,14.0,981.0,1740.0,6.0,2.0,6.0,4.0,,,2.0,0.0,Completed,2.75,1.4,2.6,1.46,2.8,1.4,2.98,1.459,2.52,1.5
WTA,2007,29,Paris,French Open,2007-06-01,Grand Slam,Outdoor,Clay,3rd Round,3,Henin J.,Santangelo M.,1.0,31.0,4119.0,733.0,6.0,2.0,6.0,3.0,,,2.0,0.0,Completed,1.02,12,1.03,12.0,1.03,11.0,1.029,26.0,1.04,11.0
WTA,2007,29,Paris,French Open,2007-06-01,Grand Slam,Outdoor,Clay,3rd Round,3,Williams S.,Krajicek M.,8.0,40.0,1880.0,550.0,6.0,3.0,6.0,4.0,,,2.0,0.0,Completed,1.06,8,1.1,6.3,1.08,6.91,1.132,7.85,1.1,6.75
WTA,2007,29,Paris,French Open,2007-06-01,Grand Slam,Outdoor,Clay,3rd Round,3,Safina D.,Schiavone F.,11.0,28.0,1798.0,796.0,3.0,6.0,6.0,3.0,6.0,1.0,2.0,1.0,Completed,1.28,3.5,1.3,3.35,1.28,3.46,1.333,3.7,1.3,3.4
WTA,2007,29,Paris,French Open,2007-06-02,Grand Slam,Outdoor,Clay,3rd Round,3,Kuznetsova S.,Cibulkova D.,3.0,131.0,3032.0,241.5,6.0,2.0,6.0,3.0,,,2.0,0.0,Completed,1.04,10,1.07,9.0,1.05,8.5,1.05,16.0,1.07,8.5
WTA,2007,29,Paris,French Open,2007-06-02,Grand Slam,Outdoor,Clay,3rd Round,3,Schnyder P.,Knapp K.,15.0,85.0,1525.0,347.25,6.0,1.0,4.0,6.0,7.0,5.0,2.0,1.0,Completed,1.08,7,1.08,8.0,1.1,6.25,1.111,8.75,1.1,6.5
WTA,2007,29,Paris,French Open,2007-06-02,Grand Slam,Outdoor,Clay,3rd Round,3,Sharapova M.,Kudryavtseva A.,2.0,103.0,3453.0,305.5,6.0,1.0,6.0,4.0,,,2.0,0.0,Completed,1.04,10,1.07,8.0,1.05,8.5,1.05,16.0,1.06,9.0
WTA,2007,29,Paris,French Open,2007-06-02,Grand Slam,Outdoor,Clay,3rd Round,3,Ivanovic A.,Olaru I.,7.0,122.0,1906.0,257.75,6.0,2.0,6.0,0.0,,,2.0,0.0,Completed,1.04,10,1.07,8.0,1.05,8.5,1.061,14.3,1.05,10.0
WTA,2007,29,Paris,French Open,2007-06-02,Grand Slam,Outdoor,Clay,3rd Round,3,Chakvetadze A.,Sugiyama A.,9.0,26.0,1866.0,847.0,6.0,4.0,6.0,4.0,,,2.0,0.0,Completed,1.2,4.33,1.22,4.0,1.25,3.75,1.265,4.47,1.25,3.8
WTA,2007,29,Paris,French Open,2007-06-02,Grand Slam,Outdoor,Clay,3rd Round,3,Peer S.,Srebotnik K.,17.0,20.0,1388.0,1000.0,6.0,1.0,4.0,6.0,6.0,3.0,2.0,1.0,Completed,1.28,3.5,1.28,3.5,1.33,3.15,1.372,3.49,1.23,4.0
WTA,2007,29,Paris,French Open,2007-06-02,Grand Slam,Outdoor,Clay,3rd Round,3,Medina Garrigues A.,Hantuchova D.,23.0,13.0,880.0,1769.0,4.0,6.0,7.0,6.0,7.0,5.0,2.0,1.0,Completed,2.0,1.72,2.0,1.75,1.95,1.8,2.01,1.901,1.94,1.82
WTA,2007,29,Paris,French Open,2007-06-02,Grand Slam,Outdoor,Clay,3rd Round,3,Safarova L.,Mauresmo A.,29.0,4.0,791.0,2801.0,6.0,3.0,7.0,6.0,,,2.0,0.0,Completed,2.5,1.5,2.4,1.53,2.5,1.5,2.61,1.585,2.5,1.5
WTA,2007,29,Paris,French Open,2007-06-03,Grand Slam,Outdoor,Clay,4th Round,3,Williams S.,Safina D.,8.0,11.0,1880.0,1798.0,6.0,2.0,6.0,3.0,,,2.0,0.0,Completed,1.22,4,1.26,3.65,1.22,4.0,1.3,4.03,1.23,4.0
WTA,2007,29,Paris,French Open,2007-06-03,Grand Slam,Outdoor,Clay,4th Round,3,Vaidisova N.,Garbin T.,10.0,22.0,1813.0,921.0,6.0,3.0,6.0,1.0,,,2.0,0.0,Completed,1.2,4.33,1.23,3.9,1.18,4.5,1.239,4.79,1.22,4.1
WTA,2007,29,Paris,French Open,2007-06-03,Grand Slam,Outdoor,Clay,4th Round,3,Kuznetsova S.,Peer S.,3.0,17.0,3032.0,1388.0,6.0,4.0,6.0,3.0,,,2.0,0.0,Completed,1.36,3,1.38,2.9,1.33,3.15,1.372,3.49,1.42,2.8
WTA,2007,29,Paris,French Open,2007-06-03,Grand Slam,Outdoor,Clay,4th Round,3,Henin J.,Bammer S.,1.0,25.0,4119.0,866.0,6.0,2.0,6.0,4.0,,,2.0,0.0,Completed,1.04,10,1.05,9.5,1.04,9.25,1.056,15.0,1.06,8.5
WTA,2007,29,Paris,French Open,2007-06-03,Grand Slam,Outdoor,Clay,4th Round,3,Ivanovic A.,Medina Garrigues A.,7.0,23.0,1906.0,880.0,6.0,3.0,3.0,6.0,6.0,3.0,2.0,1.0,Completed,1.25,3.75,1.25,3.7,1.25,3.75,1.316,3.86,1.3,3.4
WTA,2007,29,Paris,French Open,2007-06-03,Grand Slam,Outdoor,Clay,4th Round,3,Jankovic J.,Bartoli M.,5.0,21.0,2727.0,981.0,6.0,1.0,6.0,1.0,,,2.0,0.0,Completed,1.06,8,1.09,6.8,1.07,7.27,1.091,10.0,1.08,7.4
WTA,2007,29,Paris,French Open,2007-06-03,Grand Slam,Outdoor,Clay,4th Round,3,Chakvetadze A.,Safarova L.,9.0,29.0,1866.0,791.0,6.0,4.0,0.0,6.0,6.0,2.0,2.0,1.0,Completed,2.25,1.57,2.2,1.63,2.4,1.53,2.5,1.625,2.22,1.63
WTA,2007,29,Paris,French Open,2007-06-03,Grand Slam,Outdoor,Clay,4th Round,3,Sharapova M.,Schnyder P.,2.0,15.0,3453.0,1525.0,3.0,6.0,6.0,4.0,9.0,7.0,2.0,1.0,Completed,1.53,2.37,1.51,2.45,1.53,2.4,1.581,2.62,1.6,2.26
WTA,2007,29,Paris,French Open,2007-06-05,Grand Slam,Outdoor,Clay,Quarterfinals,3,Ivanovic A.,Kuznetsova S.,7.0,3.0,1906.0,3032.0,6.0,0.0,3.0,6.0,6.0,1.0,2.0,1.0,Completed,2.62,1.5,2.4,1.53,2.65,1.45,2.89,1.478,2.46,1.52
WTA,2007,29,Paris,French Open,2007-06-05,Grand Slam,Outdoor,Clay,Quarterfinals,3,Jankovic J.,Vaidisova N.,5.0,10.0,2727.0,1813.0,6.0,3.0,7.0,5.0,,,2.0,0.0,Completed,1.28,3.75,1.25,3.7,1.28,3.46,1.328,3.75,1.3,3.45
WTA,2007,29,Paris,French Open,2007-06-05,Grand Slam,Outdoor,Clay,Quarterfinals,3,Sharapova M.,Chakvetadze A.,2.0,9.0,3453.0,1866.0,6.0,3.0,6.0,4.0,,,2.0,0.0,Completed,1.44,2.75,1.46,2.6,1.42,2.75,1.546,2.73,1.45,2.75
WTA,2007,29,Paris,French Open,2007-06-05,Grand Slam,Outdoor,Clay,Quarterfinals,3,Henin J.,Williams S.,1.0,8.0,4119.0,1880.0,6.0,4.0,6.0,3.0,,,2.0,0.0,Completed,1.44,2.75,1.55,2.35,1.45,2.65,1.476,2.9,1.58,2.33
WTA,2007,29,Paris,French Open,2007-06-07,Grand Slam,Outdoor,Clay,Semifinals,3,Ivanovic A.,Sharapova M.,7.0,2.0,1906.0,3453.0,6.0,2.0,6.0,1.0,,,2.0,0.0,Completed,2.05,1.75,1.95,1.85,2.05,1.75,2.05,1.87,2.05,1.75
WTA,2007,29,Paris,French Open,2007-06-07,Grand Slam,Outdoor,Clay,Semifinals,3,Henin J.,Jankovic J.,1.0,5.0,4119.0,2727.0,6.0,2.0,6.0,2.0,,,2.0,0.0,Completed,1.33,3.39,1.36,3.15,1.3,3.5,1.366,3.53,1.33,3.25
WTA,2007,29,Paris,French Open,2007-06-09,Grand Slam,Outdoor,Clay,The Final,3,Henin J.,Ivanovic A.,1.0,7.0,4119.0,1906.0,6.0,1.0,6.0,2.0,,,2.0,0.0,Completed,1.16,5,1.2,4.4,1.18,4.87,1.206,5.46,1.18,4.85
WTA,2007,34,London,Wimbledon,2007-06-25,Grand Slam,Outdoor,Grass,1st Round,3,Kanepi K.,Malek T.,58.0,87.0,455.75,347.75,6.0,1.0,6.0,4.0,,,2.0,0.0,Completed,1.83,1.83,1.85,1.9,1.75,2.0,1.98,1.926,1.88,1.88
WTA,2007,34,London,Wimbledon,2007-06-25,Grand Slam,Outdoor,Grass,1st Round,3,Vinci R.,Harkleroad A.,49.0,79.0,494.0,392.0,6.0,2.0,6.0,1.0,,,2.0,0.0,Completed,1.44,2.62,1.46,2.6,1.5,2.5,1.476,2.9,1.45,2.65
WTA,2007,34,London,Wimbledon,2007-06-25,Grand Slam,Outdoor,Grass,1st Round,3,Nakamura A.,Sucha M.,68.0,132.0,421.5,237.25,7.0,5.0,6.0,2.0,,,2.0,0.0,Completed,1.33,3.25,1.3,3.35,1.28,3.46,1.372,3.49,1.35,3.1
WTA,2007,34,London,Wimbledon,2007-06-25,Grand Slam,Outdoor,Grass,1st Round,3,Granville L.,Wozniak A.,77.0,90.0,395.0,340.0,7.0,6.0,6.0,3.0,,,2.0,0.0,Completed,1.4,2.75,1.33,3.15,1.36,3.0,1.395,3.33,1.38,2.95
WTA,2007,34,London,Wimbledon,2007-06-25,Grand Slam,Outdoor,Grass,1st Round,3,Bammer S.,Lepchenko V.,21.0,102.0,1058.0,298.0,6.0,2.0,6.0,2.0,,,2.0,0.0,Completed,1.07,7.5,1.05,10.0,1.06,7.91,1.063,14.0,1.07,8.0
WTA,2007,34,London,Wimbledon,2007-06-25,Grand Slam,Outdoor,Grass,1st Round,3,Peer S.,Tanasugarn T.,16.0,55.0,1477.0,466.0,7.0,5.0,6.0,2.0,,,2.0,0.0,Completed,1.12,5.5,1.11,6.0,1.08,6.91,1.111,8.75,1.12,5.8
WTA,2007,34,London,Wimbledon,2007-06-25,Grand Slam,Outdoor,Grass,1st Round,3,Safarova L.,Ondraskova Z.,25.0,120.0,963.0,265.5,7.0,5.0,6.0,2.0,,,2.0,0.0,Completed,1.05,9,1.06,9.0,1.05,8.5,1.061,14.0,1.05,10.0
WTA,2007,34,London,Wimbledon,2007-06-25,Grand Slam,Outdoor,Grass,1st Round,3,Schnyder P.,Pin C.,15.0,78.0,1569.0,393.25,6.0,1.0,4.0,6.0,8.0,6.0,2.0,1.0,Completed,1.19,4.33,1.28,3.5,1.25,3.75,1.31,3.93,1.28,3.55
WTA,2007,34,London,Wimbledon,2007-06-25,Grand Slam,Outdoor,Grass,1st Round,3,Hingis M.,Cavaday N.,11.0,232.0,1817.0,117.5,6.0,7.0,7.0,5.0,6.0,0.0,2.0,1.0,Completed,1.03,11,1.05,10.0,1.04,9.25,1.08,11.0,1.04,11.0
WTA,2007,34,London,Wimbledon,2007-06-25,Grand Slam,Outdoor,Grass,1st Round,3,Williams S.,Dominguez Lino L.,8.0,57.0,2130.0,461.0,7.0,5.0,6.0,0.0,,,2.0,0.0,Completed,1.01,15,1.01,15.0,1.01,17.0,1.019,38.5,1.01,25.0
WTA,2007,34,London,Wimbledon,2007-06-25,Grand Slam,Outdoor,Grass,1st Round,3,Molik A.,Rodionova A.,75.0,69.0,401.75,414.5,6.0,3.0,6.0,2.0,,,2.0,0.0,Completed,1.33,3.25,1.38,2.9,1.3,3.3,1.364,3.55,1.37,3.0
WTA,2007,34,London,Wimbledon,2007-06-25,Grand Slam,Outdoor,Grass,1st Round,3,Dushevina V.,Bacsinszky T.,83.0,91.0,375.75,337.5,6.0,4.0,7.0,5.0,,,2.0,0.0,Completed,1.44,2.62,1.5,2.5,1.45,2.65,1.524,2.78,1.5,2.5
WTA,2007,34,London,Wimbledon,2007-06-25,Grand Slam,Outdoor,Grass,1st Round,3,Henin J.,Cravero J.,1.0,117.0,4499.0,267.0,6.0,3.0,6.0,0.0,,,2.0,0.0,Completed,1.0,17,1.01,15.0,1.01,17.0,1.013,56.0,1.01,30.0
WTA,2007,34,London,Wimbledon,2007-06-25,Grand Slam,Outdoor,Grass,1st Round,3,Bartoli M.,Pennetta F.,19.0,63.0,1213.0,438.0,6.0,3.0,6.0,1.0,,,2.0,0.0,Completed,1.25,3.75,1.24,3.8,1.25,3.75,1.3,4.03,1.28,3.55
WTA,2007,34,London,Wimbledon,2007-06-26,Grand Slam,Outdoor,Grass,1st Round,3,Sequera M.,Schruff J.,56.0,110.0,462.0,283.75,6.0,3.0,6.0,2.0,,,2.0,0.0,Completed,1.33,3.25,1.28,3.5,1.35,3.05,1.375,3.47,1.37,3.0
WTA,2007,34,London,Wimbledon,2007-06-26,Grand Slam,Outdoor,Grass,1st Round,3,Stosur S.,Brandi K.,28.0,204.0,855.0,142.0,4.0,6.0,6.0,2.0,6.0,2.0,2.0,1.0,Completed,1.25,3.75,1.3,3.35,1.28,3.46,1.282,4.25,1.27,3.6
WTA,2007,34,London,Wimbledon,2007-06-26,Grand Slam,Outdoor,Grass,1st Round,3,Hantuchova D.,Pavlyuchenkova A.,12.0,311.0,1813.0,76.5,6.0,0.0,6.0,1.0,,,2.0,0.0,Completed,1.07,7.5,1.06,9.0,1.05,8.5,1.067,13.0,1.07,8.0
WTA,2007,34,London,Wimbledon,2007-06-26,Grand Slam,Outdoor,Grass,1st Round,3,Srebotnik K.,Baltacha E.,22.0,274.0,1028.0,96.0,7.0,6.0,3.0,6.0,6.0,2.0,2.0,1.0,Completed,1.28,3.5,1.27,3.6,1.28,3.46,1.309,3.94,1.29,3.45
WTA,2007,34,London,Wimbledon,2007-06-26,Grand Slam,Outdoor,Grass,1st Round,3,Likhovtseva E.,Camerin M.E.,50.0,70.0,489.0,410.0,3.0,6.0,6.0,1.0,7.0,5.0,2.0,1.0,Completed,1.16,4.5,1.17,4.65,1.17,4.65,1.192,5.71,1.2,4.3
WTA,2007,34,London,Wimbledon,2007-06-26,Grand Slam,Outdoor,Grass,1st Round,3,Ozegovic N.,Groenefeld A.L.,186.0,135.0,160.0,236.0,6.0,3.0,6.0,2.0,,,2.0,0.0,Completed,1.9,1.8,1.75,2.0,1.87,1.87,1.926,1.98,1.88,1.88
WTA,2007,34,London,Wimbledon,2007-06-26,Grand Slam,Outdoor,Grass,1st Round,3,Mauresmo A.,Jackson J.,4.0,158.0,2984.0,200.5,6.0,1.0,6.0,3.0,,,2.0,0.0,Completed,1.01,13,1.02,14.0,1.02,14.5,1.021,33.56,1.03,12.0
WTA,2007,34,London,Wimbledon,2007-06-26,Grand Slam,Outdoor,Grass,1st Round,3,O'brien K.,Kloesel S.,154.0,104.0,206.5,295.0,6.0,3.0,7.0,5.0,,,2.0,0.0,Completed,1.36,3,1.38,2.9,1.36,3.0,,,1.35,3.1
WTA,2007,34,London,Wimbledon,2007-06-26,Grand Slam,Outdoor,Grass,1st Round,3,Vesnina E.,Poutchkova O.,67.0,32.0,426.75,646.0,6.0,1.0,6.0,3.0,,,2.0,0.0,Completed,1.38,2.87,1.4,2.8,1.35,3.05,1.398,3.31,1.37,3.0
WTA,2007,34,London,Wimbledon,2007-06-26,Grand Slam,Outdoor,Grass,1st Round,3,Bondarenko A.,Craybas J.,24.0,64.0,971.0,433.5,6.0,1.0,6.0,2.0,,,2.0,0.0,Completed,1.16,4.5,1.2,4.25,1.17,4.65,1.207,5.44,1.17,4.8
WTA,2007,34,London,Wimbledon,2007-06-26,Grand Slam,Outdoor,Grass,1st Round,3,Szavay A.,Birnerova E.,72.0,97.0,409.25,321.0,6.0,4.0,6.0,1.0,,,2.0,0.0,Completed,1.16,4.5,1.16,4.85,1.17,4.65,1.211,5.35,1.17,4.8
WTA,2007,34,London,Wimbledon,2007-06-26,Grand Slam,Outdoor,Grass,1st Round,3,Krajicek M.,Obziler T.,45.0,81.0,538.0,383.0,6.0,2.0,6.0,7.0,6.0,1.0,2.0,1.0,Completed,1.08,7,1.1,6.3,1.08,6.91,1.111,8.75,1.07,8.2
WTA,2007,34,London,Wimbledon,2007-06-26,Grand Slam,Outdoor,Grass,1st Round,3,Daniilidou E.,Dulko G.,47.0,36.0,513.5,593.75,5.0,7.0,6.0,3.0,8.0,6.0,2.0,1.0,Completed,1.22,4,1.25,3.7,1.25,3.75,1.286,4.2,1.23,4.0
WTA,2007,34,London,Wimbledon,2007-06-26,Grand Slam,Outdoor,Grass,1st Round,3,Govortsova O.,Arn G.,156.0,95.0,205.0,324.75,6.0,7.0,7.0,6.0,6.0,1.0,2.0,1.0,Completed,1.4,2.75,1.36,3.0,1.4,2.8,,,1.48,2.55
WTA,2007,34,London,Wimbledon,2007-06-26,Grand Slam,Outdoor,Grass,1st Round,3,Loit E.,Sun T.T.,43.0,107.0,541.5,289.75,6.0,3.0,6.0,1.0,,,2.0,0.0,Completed,1.44,2.62,1.45,2.65,1.45,2.65,1.524,2.78,1.45,2.65
WTA,2007,34,London,Wimbledon,2007-06-26,Grand Slam,Outdoor,Grass,1st Round,3,Jankovic J.,Keothavong A.,3.0,178.0,3197.0,172.5,6.0,2.0,6.0,0.0,,,2.0,0.0,Completed,1.01,15,1.01,15.0,1.01,17.0,1.013,61.0,1.02,18.0
WTA,2007,34,London,Wimbledon,2007-06-26,Grand Slam,Outdoor,Grass,1st Round,3,Chakvetadze A.,Kerber A.,7.0,76.0,2193.0,399.75,7.0,5.0,6.0,3.0,,,2.0,0.0,Completed,1.05,9,1.07,8.0,1.05,8.5,1.056,15.0,1.05,10.0
WTA,2007,34,London,Wimbledon,2007-06-26,Grand Slam,Outdoor,Grass,1st Round,3,Gajdosova J.,Shaughnessy M.,105.0,33.0,293.5,625.0,6.0,2.0,6.0,4.0,,,2.0,0.0,Completed,3.25,1.33,3.05,1.35,3.05,1.35,3.55,1.364,3.1,1.35
WTA,2007,34,London,Wimbledon,2007-06-26,Grand Slam,Outdoor,Grass,1st Round,3,Meusburger Y.,Razzano V.,98.0,52.0,319.5,482.0,6.0,4.0,7.0,5.0,,,2.0,0.0,Completed,3.39,1.3,3.7,1.25,3.46,1.28,4.2,1.286,3.9,1.24
WTA,2007,34,London,Wimbledon,2007-06-26,Grand Slam,Outdoor,Grass,1st Round,3,Sromova H.,Peng S.,170.0,46.0,181.5,531.0,6.0,4.0,6.0,4.0,,,2.0,0.0,Completed,3.4,1.3,3.7,1.25,3.05,1.35,3.43,1.38,3.4,1.3
WTA,2007,34,London,Wimbledon,2007-06-26,Grand Slam,Outdoor,Grass,1st Round,3,Poutchek T.,Kutuzova V.,85.0,159.0,352.5,194.0,6.0,4.0,6.0,2.0,,,2.0,0.0,Completed,1.83,1.83,1.88,1.88,1.87,1.87,2.01,1.901,1.88,1.88
WTA,2007,34,London,Wimbledon,2007-06-26,Grand Slam,Outdoor,Grass,1st Round,3,Cornet A.,Kirilenko M.,139.0,42.0,228.5,558.0,6.0,4.0,6.0,4.0,,,2.0,0.0,Completed,4.33,1.19,4.25,1.2,4.0,1.22,4.89,1.233,3.8,1.25
WTA,2007,34,London,Wimbledon,2007-06-26,Grand Slam,Outdoor,Grass,1st Round,3,Williams V.,Kudryavtseva A.,31.0,59.0,717.0,453.5,2.0,6.0,6.0,3.0,7.0,5.0,2.0,1.0,Completed,1.04,9,1.05,10.0,1.04,9.25,1.065,13.3,1.04,10.0
WTA,2007,34,London,Wimbledon,2007-06-26,Grand Slam,Outdoor,Grass,1st Round,3,Sharapova M.,Chan Y.J.,2.0,51.0,3852.0,489.0,6.0,1.0,7.0,5.0,,,2.0,0.0,Completed,1.0,17,1.02,14.0,1.02,14.5,1.02,36.0,1.02,18.0
WTA,2007,34,London,Wimbledon,2007-06-26,Grand Slam,Outdoor,Grass,1st Round,3,Sugiyama A.,South M.,27.0,169.0,874.0,182.0,6.0,3.0,6.0,2.0,,,2.0,0.0,Completed,1.12,5.5,1.15,5.0,1.12,5.65,1.194,5.65,1.14,5.4
WTA,2007,34,London,Wimbledon,2007-06-26,Grand Slam,Outdoor,Grass,1st Round,3,Kuznetsova S.,Vakulenko J.,5.0,41.0,2790.0,566.0,4.0,6.0,6.0,4.0,6.0,3.0,2.0,1.0,Completed,1.1,6.5,1.1,6.3,1.1,6.25,1.12,8.55,1.12,6.0
WTA,2007,34,London,Wimbledon,2007-06-26,Grand Slam,Outdoor,Grass,1st Round,3,Mirza S.,Shvedova Y.,44.0,80.0,540.0,384.0,6.0,0.0,6.0,3.0,,,2.0,0.0,Completed,1.38,2.87,1.43,2.7,1.45,2.65,1.51,2.81,1.45,2.65
WTA,2007,34,London,Wimbledon,2007-06-26,Grand Slam,Outdoor,Grass,1st Round,3,Mattek B.,Bardina V.,116.0,62.0,267.5,440.0,6.0,1.0,6.0,0.0,,,2.0,0.0,Completed,1.44,2.62,1.45,2.65,1.45,2.65,1.493,2.83,,
WTA,2007,34,London,Wimbledon,2007-06-26,Grand Slam,Outdoor,Grass,1st Round,3,Petrova N.,King V.,9.0,74.0,1862.0,404.5,6.0,0.0,6.0,1.0,,,2.0,0.0,Completed,1.16,4.5,1.2,4.25,1.2,4.25,1.219,5.17,1.2,4.3
WTA,2007,34,London,Wimbledon,2007-06-27,Grand Slam,Outdoor,Grass,1st Round,3,Vaidisova N.,Knapp K.,10.0,65.0,1819.0,427.75,7.0,6.0,6.0,2.0,,,2.0,0.0,Completed,1.03,11,1.03,12.0,1.04,9.25,1.047,17.5,1.04,10.0
WTA,2007,34,London,Wimbledon,2007-06-27,Grand Slam,Outdoor,Grass,1st Round,3,Golovin T.,Hsieh S.,17.0,125.0,1388.0,256.25,5.0,7.0,6.0,3.0,8.0,6.0,2.0,1.0,Completed,1.12,5.5,1.16,4.85,1.15,5.0,1.19,5.75,1.15,5.1
WTA,2007,34,London,Wimbledon,2007-06-27,Grand Slam,Outdoor,Grass,1st Round,3,Pratt N.,Dellacqua C.,40.0,111.0,573.0,278.0,6.0,3.0,6.0,4.0,,,2.0,0.0,Completed,1.66,2.1,1.69,2.1,1.72,2.05,1.813,2.13,1.68,2.12
WTA,2007,34,London,Wimbledon,2007-06-27,Grand Slam,Outdoor,Grass,1st Round,3,Paszek T.,Zahlavova Strycova B.,54.0,152.0,471.75,207.5,6.0,4.0,7.0,6.0,,,2.0,0.0,Completed,1.16,4.5,1.17,4.65,1.2,4.25,1.212,5.32,1.2,4.3
WTA,2007,34,London,Wimbledon,2007-06-27,Grand Slam,Outdoor,Grass,1st Round,3,Azarenka V.,Kostanic Tosic J.,53.0,86.0,480.5,349.75,6.0,3.0,6.0,1.0,,,2.0,0.0,Completed,1.16,4.5,1.17,4.65,1.18,4.5,1.233,4.9,1.23,4.0
WTA,2007,34,London,Wimbledon,2007-06-27,Grand Slam,Outdoor,Grass,1st Round,3,Benesova I.,Castano C.,100.0,92.0,311.5,333.5,6.0,0.0,7.0,5.0,,,2.0,0.0,Completed,1.9,1.8,1.9,1.85,2.0,1.75,2.08,1.847,1.86,1.9
WTA,2007,34,London,Wimbledon,2007-06-27,Grand Slam,Outdoor,Grass,1st Round,3,Garbin T.,Yan Z.,23.0,197.0,987.5,152.75,3.0,6.0,6.0,2.0,6.0,3.0,2.0,1.0,Completed,2.0,1.72,2.15,1.66,2.0,1.75,2.23,1.752,2.04,1.74
WTA,2007,34,London,Wimbledon,2007-06-27,Grand Slam,Outdoor,Grass,1st Round,3,Dementieva E.,Dechy N.,13.0,48.0,1783.0,510.0,6.0,2.0,7.0,6.0,,,2.0,0.0,Completed,1.53,2.37,1.55,2.35,1.5,2.5,1.543,2.74,1.53,2.44
WTA,2007,34,London,Wimbledon,2007-06-27,Grand Slam,Outdoor,Grass,1st Round,3,Tu M.,Gallovits E.,38.0,73.0,579.5,407.0,4.0,6.0,6.0,2.0,6.0,2.0,2.0,1.0,Completed,1.22,4,1.22,4.0,1.22,4.0,1.229,4.96,1.25,3.8
WTA,2007,34,London,Wimbledon,2007-06-27,Grand Slam,Outdoor,Grass,1st Round,3,Schiavone F.,Kremer A.,30.0,118.0,746.0,266.75,5.0,7.0,6.0,4.0,6.0,3.0,2.0,1.0,Completed,1.19,4.33,1.24,3.8,1.22,4.0,1.249,4.61,1.23,4.0
WTA,2007,34,London,Wimbledon,2007-06-27,Grand Slam,Outdoor,Grass,1st Round,3,Ivanovic A.,Czink M.,6.0,133.0,2544.0,236.75,6.0,0.0,7.0,6.0,,,2.0,0.0,Completed,1.01,13,1.02,14.0,1.02,14.5,1.018,36.0,1.02,18.0
WTA,2007,34,London,Wimbledon,2007-06-27,Grand Slam,Outdoor,Grass,1st Round,3,Safina D.,Bondarenko K.,14.0,39.0,1744.0,573.75,7.0,5.0,7.0,6.0,,,2.0,0.0,Completed,1.08,7,1.1,6.3,1.08,6.91,1.111,8.75,1.1,6.5
WTA,2007,34,London,Wimbledon,2007-06-27,Grand Slam,Outdoor,Grass,1st Round,3,Muller M.,Smashnova-Pistolesi A.,34.0,166.0,614.0,183.0,6.0,0.0,6.0,0.0,,,2.0,0.0,Completed,1.25,3.75,1.25,3.7,,,1.24,4.77,1.21,4.2
WTA,2007,34,London,Wimbledon,2007-06-27,Grand Slam,Outdoor,Grass,1st Round,3,Santangelo M.,Morita A.,29.0,174.0,830.0,176.5,6.0,1.0,3.0,6.0,6.0,3.0,2.0,1.0,Completed,1.22,4,1.28,3.5,1.22,4.0,1.276,4.32,1.25,3.8
WTA,2007,34,London,Wimbledon,2007-06-27,Grand Slam,Outdoor,Grass,1st Round,3,Rezai A.,Perry S.,60.0,88.0,450.5,346.25,6.0,2.0,7.0,6.0,,,2.0,0.0,Completed,2.62,1.44,2.65,1.45,2.65,1.45,2.83,1.505,2.65,1.45
WTA,2007,34,London,Wimbledon,2007-06-27,Grand Slam,Outdoor,Grass,1st Round,3,Radwanska A.,Pironkova T.,35.0,109.0,611.5,283.75,6.0,2.0,6.0,1.0,,,2.0,0.0,Completed,1.25,3.75,1.3,3.35,1.25,3.75,1.299,4.04,1.28,3.55
WTA,2007,34,London,Wimbledon,2007-06-27,Grand Slam,Outdoor,Grass,1st Round,3,Morigami A.,Brianti A.,71.0,101.0,409.75,304.0,6.0,4.0,6.0,0.0,,,2.0,0.0,Completed,1.25,3.75,1.17,4.65,1.22,4.0,1.25,4.6,1.23,4.0
WTA,2007,34,London,Wimbledon,2007-06-27,Grand Slam,Outdoor,Grass,1st Round,3,Wozniacki C.,Yakimova A.,103.0,130.0,295.5,242.5,7.0,5.0,6.0,2.0,,,2.0,0.0,Completed,1.36,3,1.33,3.15,1.33,3.15,1.355,3.62,1.35,3.1
WTA,2007,34,London,Wimbledon,2007-06-27,Grand Slam,Outdoor,Grass,1st Round,3,Perebiynis T.,Gagliardi E.,201.0,129.0,149.5,249.0,6.0,3.0,6.0,3.0,,,2.0,0.0,Completed,1.53,2.37,1.5,2.5,1.5,2.5,1.585,2.61,1.5,2.52
WTA,2007,34,London,Wimbledon,2007-06-27,Grand Slam,Outdoor,Grass,1st Round,3,Bremond S.,Bychkova E.,37.0,93.0,588.75,332.25,6.0,4.0,6.0,4.0,,,2.0,0.0,Completed,1.5,2.5,1.45,2.65,1.57,2.3,1.556,2.7,1.57,2.34
WTA,2007,34,London,Wimbledon,2007-06-27,Grand Slam,Outdoor,Grass,1st Round,3,Ruano Pascual V.,Medina Garrigues A.,96.0,26.0,323.5,958.0,6.0,3.0,2.0,6.0,6.0,2.0,2.0,1.0,Completed,4.0,1.22,4.25,1.2,4.0,1.22,4.49,1.264,3.8,1.25
WTA,2007,34,London,Wimbledon,2007-06-27,Grand Slam,Outdoor,Grass,2nd Round,3,Williams S.,Molik A.,8.0,75.0,2130.0,401.75,7.0,6.0,6.0,3.0,,,2.0,0.0,Completed,1.05,9,1.07,8.0,1.05,8.5,1.062,14.07,1.05,10.0
WTA,2007,34,London,Wimbledon,2007-06-27,Grand Slam,Outdoor,Grass,2nd Round,3,Bartoli M.,Govortsova O.,19.0,156.0,1213.0,205.0,7.0,5.0,6.0,2.0,,,2.0,0.0,Completed,1.14,5,1.13,5.4,1.12,5.65,1.17,6.38,1.17,4.75
WTA,2007,34,London,Wimbledon,2007-06-27,Grand Slam,Outdoor,Grass,2nd Round,3,Granville L.,Bammer S.,77.0,21.0,395.0,1058.0,6.0,1.0,6.0,4.0,,,2.0,0.0,Completed,4.33,1.19,4.25,1.2,4.25,1.2,4.89,1.233,4.0,1.23
WTA,2007,34,London,Wimbledon,2007-06-27,Grand Slam,Outdoor,Grass,2nd Round,3,Vesnina E.,Loit E.,67.0,43.0,426.75,541.5,6.0,1.0,6.0,2.0,,,2.0,0.0,Completed,1.61,2.2,1.63,2.2,1.57,2.3,1.676,2.38,1.68,2.12
WTA,2007,34,London,Wimbledon,2007-06-27,Grand Slam,Outdoor,Grass,2nd Round,3,Hingis M.,Nakamura A.,11.0,68.0,1817.0,421.5,6.0,1.0,6.0,2.0,,,2.0,0.0,Completed,1.19,4.33,1.24,3.7,1.2,4.25,1.251,4.59,1.25,3.8
WTA,2007,34,London,Wimbledon,2007-06-27,Grand Slam,Outdoor,Grass,2nd Round,3,Peer S.,Kanepi K.,16.0,58.0,1477.0,455.75,6.0,4.0,7.0,5.0,,,2.0,0.0,Completed,1.11,6,1.1,6.3,1.1,6.25,1.097,9.3,1.11,6.2
WTA,2007,34,London,Wimbledon,2007-06-27,Grand Slam,Outdoor,Grass,2nd Round,3,Jankovic J.,Gajdosova J.,3.0,105.0,3197.0,293.5,6.0,1.0,6.0,1.0,,,2.0,0.0,Completed,1.01,13,1.02,13.0,1.01,17.0,1.018,36.0,1.02,18.0
WTA,2007,34,London,Wimbledon,2007-06-27,Grand Slam,Outdoor,Grass,2nd Round,3,Sequera M.,Stosur S.,56.0,28.0,462.0,855.0,6.0,2.0,5.0,7.0,6.0,4.0,2.0,1.0,Completed,4.33,1.19,4.65,1.17,4.0,1.22,4.7,1.244,4.3,1.2
WTA,2007,34,London,Wimbledon,2007-06-27,Grand Slam,Outdoor,Grass,2nd Round,3,Henin J.,Dushevina V.,1.0,83.0,4499.0,375.75,6.0,0.0,6.0,4.0,,,2.0,0.0,Completed,1.01,13,1.01,16.0,1.01,17.0,1.015,48.0,1.01,30.0
WTA,2007,34,London,Wimbledon,2007-06-28,Grand Slam,Outdoor,Grass,2nd Round,3,Srebotnik K.,Ozegovic N.,22.0,186.0,1028.0,160.0,6.0,1.0,6.0,1.0,,,2.0,0.0,Completed,1.4,2.75,1.38,2.9,1.4,2.8,1.476,2.9,1.34,3.15
WTA,2007,34,London,Wimbledon,2007-06-28,Grand Slam,Outdoor,Grass,2nd Round,3,Krajicek M.,O'brien K.,45.0,154.0,538.0,206.5,6.0,0.0,6.0,1.0,,,2.0,0.0,Completed,1.14,5,1.1,6.3,1.12,5.65,1.138,7.55,1.15,5.2
WTA,2007,34,London,Wimbledon,2007-06-28,Grand Slam,Outdoor,Grass,2nd Round,3,Hantuchova D.,Likhovtseva E.,12.0,50.0,1813.0,489.0,7.0,5.0,7.0,6.0,,,2.0,0.0,Completed,1.2,4.33,1.2,4.25,1.18,4.5,1.218,5.19,1.22,4.1
WTA,2007,34,London,Wimbledon,2007-06-28,Grand Slam,Outdoor,Grass,2nd Round,3,Chakvetadze A.,Poutchek T.,7.0,85.0,2193.0,352.5,6.0,2.0,6.0,1.0,,,2.0,0.0,Completed,1.03,11,1.01,15.0,1.03,11.0,1.03,24.0,1.04,10.0
WTA,2007,34,London,Wimbledon,2007-06-28,Grand Slam,Outdoor,Grass,2nd Round,3,Schnyder P.,Vinci R.,15.0,49.0,1569.0,494.0,2.0,6.0,6.0,3.0,6.0,2.0,2.0,1.0,Completed,1.57,2.25,1.63,2.2,1.57,2.3,1.68,2.37,1.57,2.34
WTA,2007,34,London,Wimbledon,2007-06-28,Grand Slam,Outdoor,Grass,2nd Round,3,Bondarenko A.,Szavay A.,24.0,72.0,971.0,409.25,6.0,2.0,6.0,3.0,,,2.0,0.0,Completed,1.3,3.4,1.28,3.5,1.25,3.75,1.297,4.07,1.27,3.65
WTA,2007,34,London,Wimbledon,2007-06-28,Grand Slam,Outdoor,Grass,2nd Round,3,Dementieva E.,Benesova I.,13.0,100.0,1783.0,311.5,6.0,2.0,6.0,2.0,,,2.0,0.0,Completed,1.11,6,1.1,6.3,1.1,6.25,1.111,8.75,1.1,6.5
WTA,2007,34,London,Wimbledon,2007-06-28,Grand Slam,Outdoor,Grass,2nd Round,3,Rezai A.,Schiavone F.,60.0,30.0,450.5,746.0,6.0,4.0,2.0,6.0,6.0,4.0,2.0,1.0,Completed,3.0,1.36,2.9,1.38,3.0,1.36,2.83,1.493,3.0,1.37
WTA,2007,34,London,Wimbledon,2007-06-28,Grand Slam,Outdoor,Grass,2nd Round,3,Azarenka V.,Garbin T.,53.0,23.0,480.5,987.5,6.0,1.0,6.0,3.0,,,2.0,0.0,Completed,1.53,2.37,1.4,2.8,1.4,2.8,1.444,3.05,1.48,2.58
WTA,2007,34,London,Wimbledon,2007-06-28,Grand Slam,Outdoor,Grass,2nd Round,3,Vaidisova N.,Pratt N.,10.0,40.0,1819.0,573.0,6.0,3.0,6.0,2.0,,,2.0,0.0,Completed,1.03,11,1.03,12.0,1.04,9.25,1.067,13.0,1.04,10.0
WTA,2007,34,London,Wimbledon,2007-06-28,Grand Slam,Outdoor,Grass,2nd Round,3,Ivanovic A.,Tu M.,6.0,38.0,2544.0,579.5,6.0,4.0,6.0,3.0,,,2.0,0.0,Completed,1.03,11,1.04,11.0,1.04,9.25,1.056,15.0,1.03,12.0
WTA,2007,34,London,Wimbledon,2007-06-28,Grand Slam,Outdoor,Grass,2nd Round,3,Paszek T.,Golovin T.,54.0,17.0,471.75,1388.0,6.0,2.0,3.0,6.0,6.0,1.0,2.0,1.0,Completed,1.9,1.8,1.95,1.8,2.0,1.75,2.06,1.862,1.97,1.8
WTA,2007,34,London,Wimbledon,2007-06-28,Grand Slam,Outdoor,Grass,2nd Round,3,Safarova L.,Daniilidou E.,25.0,47.0,963.0,513.5,6.0,4.0,3.0,6.0,6.0,3.0,2.0,1.0,Completed,1.38,2.87,1.42,2.7,1.36,3.0,1.435,3.1,1.37,3.0
WTA,2007,34,London,Wimbledon,2007-06-28,Grand Slam,Outdoor,Grass,2nd Round,3,Santangelo M.,Wozniacki C.,29.0,103.0,830.0,295.5,6.0,0.0,7.0,6.0,,,2.0,0.0,Completed,1.3,3.4,1.28,3.5,1.28,3.46,1.316,3.86,1.25,3.8
WTA,2007,34,London,Wimbledon,2007-06-28,Grand Slam,Outdoor,Grass,2nd Round,3,Kuznetsova S.,Mattek B.,5.0,116.0,2790.0,267.5,7.0,6.0,6.0,4.0,,,2.0,0.0,Completed,1.2,4,1.06,9.0,1.04,9.25,1.038,21.0,1.05,9.0
WTA,2007,34,London,Wimbledon,2007-06-28,Grand Slam,Outdoor,Grass,2nd Round,3,Williams V.,Sromova H.,31.0,170.0,717.0,181.5,6.0,2.0,6.0,2.0,,,2.0,0.0,Completed,1.03,11,1.06,9.0,1.05,8.5,1.056,15.0,1.06,8.5
WTA,2007,34,London,Wimbledon,2007-06-28,Grand Slam,Outdoor,Grass,2nd Round,3,Morigami A.,Safina D.,71.0,14.0,409.75,1744.0,6.0,4.0,7.0,5.0,,,2.0,0.0,Completed,7.0,1.08,5.4,1.13,5.65,1.12,7.97,1.13,6.0,1.12
WTA,2007,34,London,Wimbledon,2007-06-28,Grand Slam,Outdoor,Grass,2nd Round,3,Sugiyama A.,Cornet A.,27.0,139.0,874.0,228.5,4.0,6.0,6.0,0.0,6.0,3.0,2.0,1.0,Completed,1.33,3.25,1.3,3.35,1.33,3.15,1.4,3.3,1.35,3.1
WTA,2007,34,London,Wimbledon,2007-06-28,Grand Slam,Outdoor,Grass,2nd Round,3,Ruano Pascual V.,Perebiynis T.,96.0,201.0,323.5,149.5,7.0,5.0,6.0,2.0,,,2.0,0.0,Completed,2.2,1.61,2.2,1.63,2.12,1.67,2.43,1.654,2.22,1.63
WTA,2007,34,London,Wimbledon,2007-06-28,Grand Slam,Outdoor,Grass,2nd Round,3,Radwanska A.,Muller M.,35.0,34.0,611.5,614.0,6.0,1.0,4.0,0.0,,,1.0,0.0,Retired,1.22,4,1.22,4.0,1.22,4.0,1.256,4.51,1.23,4.0
WTA,2007,34,London,Wimbledon,2007-06-28,Grand Slam,Outdoor,Grass,2nd Round,3,Petrova N.,Mirza S.,9.0,44.0,1862.0,540.0,6.0,2.0,6.0,2.0,,,2.0,0.0,Completed,1.16,4.5,1.17,4.65,1.18,4.5,1.236,4.84,1.2,4.3
WTA,2007,34,London,Wimbledon,2007-06-28,Grand Slam,Outdoor,Grass,2nd Round,3,Sharapova M.,Bremond S.,2.0,37.0,3852.0,588.75,6.0,0.0,6.0,3.0,,,2.0,0.0,Completed,1.02,12,1.04,11.0,1.02,14.5,1.029,26.0,1.03,12.0
WTA,2007,34,London,Wimbledon,2007-06-28,Grand Slam,Outdoor,Grass,2nd Round,3,Mauresmo A.,Meusburger Y.,4.0,98.0,2984.0,319.5,6.0,1.0,6.0,2.0,,,2.0,0.0,Completed,1.01,15,1.02,13.0,1.01,17.0,1.015,48.0,1.01,25.0
WTA,2007,34,London,Wimbledon,2007-06-29,Grand Slam,Outdoor,Grass,3rd Round,3,Henin J.,Vesnina E.,1.0,67.0,4499.0,426.75,6.0,1.0,6.0,3.0,,,2.0,0.0,Completed,1.0,17,1.01,15.0,1.01,17.0,1.014,51.0,1.01,25.0
WTA,2007,34,London,Wimbledon,2007-06-29,Grand Slam,Outdoor,Grass,3rd Round,3,Krajicek M.,Chakvetadze A.,45.0,7.0,538.0,2193.0,7.0,6.0,6.0,7.0,6.0,2.0,2.0,1.0,Completed,4.5,1.16,4.85,1.16,4.25,1.2,4.9,1.233,4.3,1.2
WTA,2007,34,London,Wimbledon,2007-06-29,Grand Slam,Outdoor,Grass,3rd Round,3,Schnyder P.,Bondarenko A.,15.0,24.0,1569.0,971.0,6.0,4.0,3.0,6.0,8.0,6.0,2.0,1.0,Completed,2.1,1.66,2.2,1.63,2.2,1.63,2.24,1.746,2.18,1.65
WTA,2007,34,London,Wimbledon,2007-06-29,Grand Slam,Outdoor,Grass,3rd Round,3,Hantuchova D.,Srebotnik K.,12.0,22.0,1813.0,1028.0,2.0,6.0,6.0,3.0,6.0,4.0,2.0,1.0,Completed,1.12,5.5,1.18,4.5,1.15,5.0,1.167,6.4,1.16,4.95
WTA,2007,34,London,Wimbledon,2007-06-29,Grand Slam,Outdoor,Grass,3rd Round,3,Bartoli M.,Peer S.,19.0,16.0,1213.0,1477.0,6.0,3.0,6.0,2.0,,,2.0,0.0,Completed,2.5,1.5,2.35,1.55,2.4,1.53,2.5,1.625,2.52,1.5
WTA,2007,34,London,Wimbledon,2007-06-29,Grand Slam,Outdoor,Grass,3rd Round,3,Jankovic J.,Safarova L.,3.0,25.0,3197.0,963.0,5.0,7.0,7.0,6.0,6.0,2.0,2.0,1.0,Completed,1.06,8,1.1,6.3,1.05,7.75,1.1,9.0,1.1,6.75
WTA,2007,34,London,Wimbledon,2007-06-29,Grand Slam,Outdoor,Grass,3rd Round,3,Granville L.,Hingis M.,77.0,11.0,395.0,1817.0,6.0,4.0,6.0,2.0,,,2.0,0.0,Completed,5.5,1.12,4.25,1.2,5.0,1.15,6.15,1.177,4.6,1.18
WTA,2007,34,London,Wimbledon,2007-06-29,Grand Slam,Outdoor,Grass,3rd Round,3,Williams S.,Sequera M.,8.0,56.0,2130.0,462.0,6.0,1.0,6.0,0.0,,,2.0,0.0,Completed,1.01,13,1.02,13.0,1.03,11.0,1.03,24.0,1.03,12.0
WTA,2007,34,London,Wimbledon,2007-06-30,Grand Slam,Outdoor,Grass,3rd Round,3,Mauresmo A.,Santangelo M.,4.0,29.0,2984.0,830.0,6.0,1.0,6.0,2.0,,,2.0,0.0,Completed,1.03,11,1.06,9.0,1.05,8.5,1.056,15.0,1.04,10.0
WTA,2007,34,London,Wimbledon,2007-06-30,Grand Slam,Outdoor,Grass,3rd Round,3,Sharapova M.,Sugiyama A.,2.0,27.0,3852.0,874.0,6.0,3.0,6.0,3.0,,,2.0,0.0,Completed,1.02,12,1.02,14.0,1.03,11.0,1.05,16.0,1.04,10.0
WTA,2007,34,London,Wimbledon,2007-07-02,Grand Slam,Outdoor,Grass,3rd Round,3,Williams V.,Morigami A.,31.0,71.0,717.0,409.75,6.0,2.0,3.0,6.0,7.0,5.0,2.0,1.0,Completed,1.07,7.5,1.09,7.5,1.07,7.27,1.137,7.6,1.1,6.5
WTA,2007,34,London,Wimbledon,2007-07-02,Grand Slam,Outdoor,Grass,3rd Round,3,Paszek T.,Dementieva E.,54.0,13.0,471.75,1783.0,3.0,6.0,6.0,2.0,6.0,3.0,2.0,1.0,Completed,2.75,1.4,2.55,1.48,2.8,1.4,2.85,1.488,3.0,1.37
WTA,2007,34,London,Wimbledon,2007-07-02,Grand Slam,Outdoor,Grass,3rd Round,3,Ivanovic A.,Rezai A.,6.0,60.0,2544.0,450.5,6.0,3.0,6.0,2.0,,,2.0,0.0,Completed,1.03,11,1.06,9.0,1.05,8.5,1.056,15.0,1.06,9.0
WTA,2007,34,London,Wimbledon,2007-07-02,Grand Slam,Outdoor,Grass,3rd Round,3,Petrova N.,Ruano Pascual V.,9.0,96.0,1862.0,323.5,6.0,3.0,7.0,6.0,,,2.0,0.0,Completed,1.04,10,1.05,10.0,1.06,7.91,1.091,10.0,1.08,7.4
WTA,2007,34,London,Wimbledon,2007-07-02,Grand Slam,Outdoor,Grass,3rd Round,3,Kuznetsova S.,Radwanska A.,5.0,35.0,2790.0,611.5,6.0,2.0,6.0,3.0,,,2.0,0.0,Completed,1.25,3.75,1.25,3.7,1.33,3.15,1.274,4.35,1.26,3.7
WTA,2007,34,London,Wimbledon,2007-07-02,Grand Slam,Outdoor,Grass,3rd Round,3,Vaidisova N.,Azarenka V.,10.0,53.0,1819.0,480.5,6.0,4.0,6.0,2.0,,,2.0,0.0,Completed,1.14,5,1.25,3.7,1.17,4.65,1.295,4.09,1.2,4.3
WTA,2007,34,London,Wimbledon,2007-07-02,Grand Slam,Outdoor,Grass,4th Round,3,Henin J.,Schnyder P.,1.0,15.0,4499.0,1569.0,6.0,2.0,6.0,2.0,,,2.0,0.0,Completed,1.01,15,1.02,13.0,1.02,14.5,1.029,26.0,1.02,18.0
WTA,2007,34,London,Wimbledon,2007-07-02,Grand Slam,Outdoor,Grass,4th Round,3,Williams S.,Hantuchova D.,8.0,12.0,2130.0,1813.0,6.0,2.0,6.0,7.0,6.0,2.0,2.0,1.0,Completed,1.08,7,1.14,5.25,1.1,6.25,1.143,7.3,1.1,6.75
WTA,2007,34,London,Wimbledon,2007-07-02,Grand Slam,Outdoor,Grass,4th Round,3,Krajicek M.,Granville L.,45.0,77.0,538.0,395.0,6.0,3.0,6.0,4.0,,,2.0,0.0,Completed,1.36,3,1.43,2.7,1.33,3.15,1.407,3.26,1.35,3.1
WTA,2007,34,London,Wimbledon,2007-07-03,Grand Slam,Outdoor,Grass,4th Round,3,Bartoli M.,Jankovic J.,19.0,3.0,1213.0,3197.0,3.0,6.0,7.0,5.0,6.0,3.0,2.0,1.0,Completed,7.0,1.1,7.5,1.08,6.91,1.08,9.0,1.1,7.4,1.08
WTA,2007,34,London,Wimbledon,2007-07-03,Grand Slam,Outdoor,Grass,4th Round,3,Kuznetsova S.,Paszek T.,5.0,54.0,2790.0,471.75,6.0,3.0,6.0,2.0,,,2.0,0.0,Completed,1.3,3.5,1.28,3.65,1.3,3.35,1.327,3.76,1.25,3.8
WTA,2007,34,London,Wimbledon,2007-07-03,Grand Slam,Outdoor,Grass,4th Round,3,Vaidisova N.,Mauresmo A.,10.0,4.0,1819.0,2984.0,7.0,6.0,4.0,6.0,6.0,1.0,2.0,1.0,Completed,4.0,1.25,3.65,1.28,4.0,1.22,4.41,1.27,4.2,1.21
WTA,2007,34,London,Wimbledon,2007-07-03,Grand Slam,Outdoor,Grass,4th Round,3,Ivanovic A.,Petrova N.,6.0,9.0,2544.0,1862.0,6.0,1.0,2.0,6.0,6.0,4.0,2.0,1.0,Completed,1.5,2.62,1.5,2.55,1.45,2.65,1.524,2.78,1.5,2.5
WTA,2007,34,London,Wimbledon,2007-07-04,Grand Slam,Outdoor,Grass,4th Round,3,Williams V.,Sharapova M.,31.0,2.0,717.0,3852.0,6.0,1.0,6.0,3.0,,,2.0,0.0,Completed,3.39,1.33,3.5,1.3,3.4,1.3,3.48,1.373,3.1,1.35
WTA,2007,34,London,Wimbledon,2007-07-04,Grand Slam,Outdoor,Grass,Quarterfinals,3,Bartoli M.,Krajicek M.,19.0,45.0,1213.0,538.0,3.0,6.0,6.0,3.0,6.0,2.0,2.0,1.0,Completed,1.66,2.2,1.72,2.1,1.67,2.12,1.758,2.22,1.64,2.2
WTA,2007,34,London,Wimbledon,2007-07-04,Grand Slam,Outdoor,Grass,Quarterfinals,3,Henin J.,Williams S.,1.0,8.0,4499.0,2130.0,6.0,4.0,3.0,6.0,6.0,3.0,2.0,1.0,Completed,1.25,4,1.25,3.9,1.2,4.2,1.262,4.51,1.27,3.65
WTA,2007,34,London,Wimbledon,2007-07-05,Grand Slam,Outdoor,Grass,Quarterfinals,3,Williams V.,Kuznetsova S.,31.0,5.0,717.0,2790.0,6.0,3.0,6.0,4.0,,,2.0,0.0,Completed,1.38,3,1.43,2.8,1.35,3.05,1.433,3.11,1.44,2.72
WTA,2007,34,London,Wimbledon,2007-07-05,Grand Slam,Outdoor,Grass,Quarterfinals,3,Ivanovic A.,Vaidisova N.,6.0,10.0,2544.0,1819.0,4.0,6.0,6.0,2.0,7.0,5.0,2.0,1.0,Completed,2.1,1.72,2.0,1.8,2.0,1.8,2.11,1.826,2.0,1.78
WTA,2007,34,London,Wimbledon,2007-07-06,Grand Slam,Outdoor,Grass,Semifinals,3,Williams V.,Ivanovic A.,31.0,6.0,717.0,2544.0,6.0,2.0,6.0,4.0,,,2.0,0.0,Completed,1.22,4.33,1.28,3.7,1.22,4.0,1.26,4.55,1.23,4.1
WTA,2007,34,London,Wimbledon,2007-07-06,Grand Slam,Outdoor,Grass,Semifinals,3,Bartoli M.,Henin J.,19.0,1.0,1213.0,4499.0,1.0,6.0,7.0,5.0,6.0,1.0,2.0,1.0,Completed,17.0,1.01,11.0,1.03,14.0,1.02,16.0,1.05,12.5,1.03
WTA,2007,34,London,Wimbledon,2007-07-07,Grand Slam,Outdoor,Grass,The Final,3,Williams V.,Bartoli M.,31.0,19.0,717.0,1213.0,6.0,4.0,6.0,1.0,,,2.0,0.0,Completed,1.2,4.5,1.2,4.25,1.2,4.5,1.215,5.25,1.18,4.8
WTA,2007,45,New York,US Open,2007-08-27,Grand Slam,Outdoor,Hard,1st Round,3,Likhovtseva E.,Albanese L.,59.0,236.0,487.0,117.0,6.0,0.0,6.0,2.0,,,2.0,0.0,Completed,1.3,3.39,1.28,3.5,1.28,3.46,1.282,4.25,1.3,3.4
WTA,2007,45,New York,US Open,2007-08-27,Grand Slam,Outdoor,Hard,1st Round,3,Govortsova O.,Arvidsson S.,65.0,131.0,453.5,260.0,6.0,3.0,2.0,6.0,6.0,3.0,2.0,1.0,Completed,1.25,3.75,1.22,4.0,1.26,3.6,1.244,4.7,1.24,3.9
WTA,2007,45,New York,US Open,2007-08-27,Grand Slam,Outdoor,Hard,1st Round,3,Safina D.,Castano C.,16.0,115.0,1708.0,293.75,6.0,2.0,6.0,3.0,,,2.0,0.0,Completed,1.07,7.5,1.05,10.0,1.05,8.5,1.061,14.0,1.05,9.0
WTA,2007,45,New York,US Open,2007-08-27,Grand Slam,Outdoor,Hard,1st Round,3,Errani S.,Voracova R.,105.0,119.0,309.75,288.5,7.0,5.0,6.0,3.0,,,2.0,0.0,Completed,2.37,1.53,2.6,1.46,2.5,1.5,2.95,1.465,2.64,1.46
WTA,2007,45,New York,US Open,2007-08-27,Grand Slam,Outdoor,Hard,1st Round,3,Jankovic J.,Gajdosova J.,3.0,101.0,3429.0,318.5,6.0,2.0,7.0,6.0,,,2.0,0.0,Completed,1.01,15,1.02,12.0,1.02,13.0,1.02,36.0,1.02,20.0
WTA,2007,45,New York,US Open,2007-08-27,Grand Slam,Outdoor,Hard,1st Round,3,Sugiyama A.,Klepac A.,30.0,125.0,881.0,277.5,6.0,3.0,6.0,1.0,,,2.0,0.0,Completed,1.36,3,1.4,2.8,1.36,3.0,1.37,3.5,1.35,3.1
WTA,2007,45,New York,US Open,2007-08-27,Grand Slam,Outdoor,Hard,1st Round,3,Makarova E.,Schruff J.,156.0,124.0,205.5,279.0,6.0,1.0,0.0,6.0,6.0,2.0,2.0,1.0,Completed,1.8,1.9,1.72,2.05,1.75,2.0,1.73,2.27,1.74,2.05
WTA,2007,45,New York,US Open,2007-08-27,Grand Slam,Outdoor,Hard,1st Round,3,Bondarenko K.,Ruano Pascual V.,53.0,79.0,535.25,399.0,6.0,3.0,7.0,6.0,,,2.0,0.0,Completed,2.1,1.66,2.0,1.77,2.0,1.75,2.16,1.794,1.96,1.8
WTA,2007,45,New York,US Open,2007-08-27,Grand Slam,Outdoor,Hard,1st Round,3,Zvonareva V.,Jidkova A.,28.0,159.0,903.0,203.5,6.0,0.0,6.0,7.0,6.0,0.0,2.0,1.0,Completed,1.22,4,1.22,4.0,1.28,3.46,1.25,4.6,1.3,3.4
WTA,2007,45,New York,US Open,2007-08-27,Grand Slam,Outdoor,Hard,1st Round,3,Henin J.,Goerges J.,1.0,145.0,4692.0,223.0,6.0,0.0,6.0,3.0,,,2.0,0.0,Completed,1.01,15,1.02,13.0,1.01,15.0,1.013,61.0,1.01,40.0
WTA,2007,45,New York,US Open,2007-08-27,Grand Slam,Outdoor,Hard,1st Round,3,Safarova L.,Moore J.,23.0,633.0,1076.0,19.75,6.0,3.0,6.0,2.0,,,2.0,0.0,Completed,1.02,12,1.03,12.0,1.03,11.0,1.033,23.5,1.03,15.0
WTA,2007,45,New York,US Open,2007-08-27,Grand Slam,Outdoor,Hard,1st Round,3,Wozniacki C.,Obziler T.,86.0,97.0,375.5,328.5,4.0,6.0,6.0,2.0,7.0,5.0,2.0,1.0,Completed,1.28,3.5,1.35,3.1,1.28,3.46,1.385,3.4,1.3,3.35
WTA,2007,45,New York,US Open,2007-08-27,Grand Slam,Outdoor,Hard,1st Round,3,Pironkova T.,Poutchkova O.,130.0,46.0,260.75,578.5,6.0,3.0,6.0,4.0,,,2.0,0.0,Completed,1.36,3,1.33,3.15,1.3,3.3,1.37,3.5,1.32,3.25
WTA,2007,45,New York,US Open,2007-08-27,Grand Slam,Outdoor,Hard,1st Round,3,Bammer S.,Tanasugarn T.,20.0,73.0,1196.0,410.5,6.0,4.0,6.0,4.0,,,2.0,0.0,Completed,1.12,5.5,1.1,6.3,1.1,6.25,1.133,7.8,1.12,5.85
WTA,2007,45,New York,US Open,2007-08-27,Grand Slam,Outdoor,Hard,1st Round,3,Bartoli M.,Glatch A.,10.0,302.0,1989.0,80.25,6.0,1.0,6.0,1.0,,,2.0,0.0,Completed,1.06,8,1.06,9.0,1.07,7.27,1.083,11.0,1.1,6.5
WTA,2007,45,New York,US Open,2007-08-27,Grand Slam,Outdoor,Hard,1st Round,3,Cornet A.,Stosur S.,96.0,35.0,331.0,781.0,6.0,3.0,6.0,2.0,,,2.0,0.0,Completed,1.83,1.83,1.95,1.8,1.95,1.8,2.06,1.862,1.88,1.88
WTA,2007,45,New York,US Open,2007-08-27,Grand Slam,Outdoor,Hard,1st Round,3,Petkovic A.,Cohen A.,102.0,387.0,317.5,51.0,6.0,4.0,6.0,1.0,,,2.0,0.0,Completed,,,1.35,3.05,1.42,2.75,1.424,3.16,1.4,2.85
WTA,2007,45,New York,US Open,2007-08-27,Grand Slam,Outdoor,Hard,1st Round,3,Rezai A.,Cravero J.,61.0,114.0,480.0,296.0,6.0,3.0,7.0,5.0,,,2.0,0.0,Completed,1.36,3,1.4,2.8,1.4,2.8,1.467,2.94,1.4,2.85
WTA,2007,45,New York,US Open,2007-08-27,Grand Slam,Outdoor,Hard,1st Round,3,Daniilidou E.,Meusburger Y.,38.0,62.0,736.5,473.0,6.0,2.0,6.0,4.0,,,2.0,0.0,Completed,1.22,4,1.2,4.25,1.18,4.5,1.227,5.01,1.2,4.3
WTA,2007,45,New York,US Open,2007-08-27,Grand Slam,Outdoor,Hard,1st Round,3,Knapp K.,Chan Y.J.,57.0,66.0,505.75,436.0,6.0,2.0,6.0,0.0,,,2.0,0.0,Completed,1.57,2.25,1.6,2.25,1.65,2.15,1.746,2.24,1.67,2.15
WTA,2007,45,New York,US Open,2007-08-27,Grand Slam,Outdoor,Hard,1st Round,3,Shaughnessy M.,King V.,48.0,72.0,559.0,414.0,6.0,3.0,5.0,7.0,6.0,4.0,2.0,1.0,Completed,1.36,3,1.36,3.0,1.33,3.15,1.4,3.3,1.37,3.0
WTA,2007,45,New York,US Open,2007-08-27,Grand Slam,Outdoor,Hard,1st Round,3,Bychkova E.,Yan Z.,99.0,77.0,323.25,400.75,6.0,2.0,6.0,4.0,,,2.0,0.0,Completed,3.5,1.28,3.5,1.28,3.75,1.25,4.15,1.29,3.8,1.25
WTA,2007,45,New York,US Open,2007-08-27,Grand Slam,Outdoor,Hard,1st Round,3,Dushevina V.,Santangelo M.,58.0,29.0,503.75,889.0,6.0,2.0,6.0,4.0,,,2.0,0.0,Completed,2.62,1.44,2.55,1.48,2.6,1.46,2.65,1.571,2.68,1.45
WTA,2007,45,New York,US Open,2007-08-27,Grand Slam,Outdoor,Hard,1st Round,3,Cetkovska P.,Craybas J.,128.0,78.0,263.0,399.75,6.0,0.0,7.0,6.0,,,2.0,0.0,Completed,2.1,1.66,2.1,1.7,2.12,1.67,2.1,1.833,2.15,1.67
WTA,2007,45,New York,US Open,2007-08-27,Grand Slam,Outdoor,Hard,1st Round,3,Dementieva E.,Cohen Aloro S.,13.0,93.0,1770.0,340.5,6.0,4.0,6.0,3.0,,,2.0,0.0,Completed,1.06,7.5,1.07,8.0,1.05,8.5,1.063,14.0,1.07,8.0
WTA,2007,45,New York,US Open,2007-08-27,Grand Slam,Outdoor,Hard,1st Round,3,Camerin M.E.,Poutchek T.,76.0,85.0,402.0,377.0,6.0,3.0,7.0,6.0,,,2.0,0.0,Completed,1.61,2.2,1.53,2.4,1.57,2.3,1.588,2.6,1.63,2.23
WTA,2007,45,New York,US Open,2007-08-27,Grand Slam,Outdoor,Hard,1st Round,3,Bondarenko A.,Dulko G.,21.0,42.0,1114.0,642.75,6.0,4.0,6.0,3.0,,,2.0,0.0,Completed,1.5,2.5,1.55,2.35,1.53,2.4,1.581,2.62,1.46,2.62
WTA,2007,45,New York,US Open,2007-08-27,Grand Slam,Outdoor,Hard,1st Round,3,Ivanovic A.,Nakamura A.,5.0,49.0,2847.0,557.5,6.0,1.0,6.0,1.0,,,2.0,0.0,Completed,1.03,11,1.05,10.0,1.03,11.0,1.03,24.0,1.03,12.5
WTA,2007,45,New York,US Open,2007-08-27,Grand Slam,Outdoor,Hard,1st Round,3,Olaru I.,Harkleroad A.,84.0,82.0,377.5,391.0,7.0,5.0,1.0,6.0,6.0,4.0,2.0,1.0,Completed,2.1,1.66,2.05,1.72,2.15,1.65,2.27,1.73,2.1,1.7
WTA,2007,45,New York,US Open,2007-08-27,Grand Slam,Outdoor,Hard,1st Round,3,Rolle A.,Golovin T.,109.0,18.0,304.0,1586.0,6.0,4.0,1.0,6.0,6.0,2.0,2.0,1.0,Completed,11.0,1.03,10.0,1.05,9.25,1.04,18.0,1.045,11.0,1.04
WTA,2007,45,New York,US Open,2007-08-27,Grand Slam,Outdoor,Hard,1st Round,3,Williams V.,Nagy K.,14.0,137.0,1765.0,245.5,6.0,2.0,6.0,1.0,,,2.0,0.0,Completed,1.02,12,1.02,13.0,1.02,13.0,1.015,46.0,1.02,18.0
WTA,2007,45,New York,US Open,2007-08-27,Grand Slam,Outdoor,Hard,1st Round,3,Williams S.,Kerber A.,9.0,67.0,2237.0,432.25,6.0,3.0,7.0,5.0,,,2.0,0.0,Completed,1.02,12,1.03,11.0,1.02,13.0,1.037,22.0,1.04,11.0
WTA,2007,45,New York,US Open,2007-08-28,Grand Slam,Outdoor,Hard,1st Round,3,Cibulkova D.,Garbin T.,63.0,26.0,460.5,977.5,6.0,4.0,6.0,3.0,,,2.0,0.0,Completed,1.9,1.8,1.85,1.9,1.9,1.85,1.877,2.04,1.93,1.83
WTA,2007,45,New York,US Open,2007-08-28,Grand Slam,Outdoor,Hard,1st Round,3,Azarenka V.,Gagliardi E.,41.0,110.0,672.5,300.0,6.0,1.0,6.0,1.0,,,2.0,0.0,Completed,1.12,5.5,1.15,5.0,1.15,5.0,1.18,6.05,1.17,4.8
WTA,2007,45,New York,US Open,2007-08-28,Grand Slam,Outdoor,Hard,1st Round,3,Granville L.,Sanchez O.,60.0,167.0,482.0,193.0,6.0,2.0,6.0,2.0,,,2.0,0.0,Completed,1.8,1.9,1.95,1.8,1.83,1.91,1.917,1.99,1.77,2.0
WTA,2007,45,New York,US Open,2007-08-28,Grand Slam,Outdoor,Hard,1st Round,3,Mirza S.,Kanepi K.,27.0,44.0,926.0,589.75,6.0,2.0,6.0,7.0,6.0,1.0,2.0,1.0,Completed,1.12,5.5,1.11,5.85,1.14,5.2,1.167,6.4,1.15,5.15
WTA,2007,45,New York,US Open,2007-08-28,Grand Slam,Outdoor,Hard,1st Round,3,Razzano V.,Loit E.,37.0,39.0,747.5,684.0,6.0,1.0,6.0,2.0,,,2.0,0.0,Completed,1.25,3.75,1.24,3.8,1.28,3.46,1.294,4.1,1.33,3.2
WTA,2007,45,New York,US Open,2007-08-28,Grand Slam,Outdoor,Hard,1st Round,3,Pin C.,Perebiynis T.,91.0,160.0,346.25,203.0,6.0,1.0,6.0,2.0,,,2.0,0.0,Completed,1.57,2.25,1.6,2.25,1.65,2.15,1.735,2.26,1.6,2.28
WTA,2007,45,New York,US Open,2007-08-28,Grand Slam,Outdoor,Hard,1st Round,3,Radwanska A.,Morigami A.,32.0,52.0,833.5,541.0,6.0,2.0,6.0,1.0,,,2.0,0.0,Completed,1.28,3.5,1.28,3.5,1.28,3.46,1.383,3.41,1.32,3.25
WTA,2007,45,New York,US Open,2007-08-28,Grand Slam,Outdoor,Hard,1st Round,3,Kuznetsova S.,Zakopalova K.,4.0,81.0,3176.0,391.5,6.0,2.0,6.0,3.0,,,2.0,0.0,Completed,1.01,13,1.02,13.0,1.02,13.0,1.015,46.0,1.02,18.0
WTA,2007,45,New York,US Open,2007-08-28,Grand Slam,Outdoor,Hard,1st Round,3,Schnyder P.,Benesova I.,12.0,88.0,1774.0,356.5,6.0,3.0,6.0,0.0,,,2.0,0.0,Completed,1.05,8.5,1.03,12.0,1.05,8.5,1.038,21.0,1.06,8.6
WTA,2007,45,New York,US Open,2007-08-28,Grand Slam,Outdoor,Hard,1st Round,3,Kirilenko M.,Muller M.,36.0,40.0,780.0,673.0,6.0,3.0,6.0,1.0,,,2.0,0.0,Completed,1.14,5,1.16,4.85,1.15,5.0,1.162,6.58,1.16,4.95
WTA,2007,45,New York,US Open,2007-08-28,Grand Slam,Outdoor,Hard,1st Round,3,Parmentier P.,Malek T.,106.0,111.0,307.0,299.75,6.0,2.0,6.0,4.0,,,2.0,0.0,Completed,1.4,2.75,1.48,2.55,1.45,2.65,1.524,2.78,1.4,2.85
WTA,2007,45,New York,US Open,2007-08-28,Grand Slam,Outdoor,Hard,1st Round,3,Vaidisova N.,Kudryavtseva A.,15.0,64.0,1708.0,460.25,6.0,1.0,6.0,2.0,,,2.0,0.0,Completed,1.11,6,1.13,5.4,1.14,5.2,1.158,6.71,1.16,4.95
WTA,2007,45,New York,US Open,2007-08-28,Grand Slam,Outdoor,Hard,1st Round,3,Hingis M.,Johansson M.,17.0,112.0,1621.0,297.5,6.0,0.0,6.0,3.0,,,2.0,0.0,Completed,1.06,8,1.07,8.0,1.06,7.91,1.077,11.5,1.1,6.75
WTA,2007,45,New York,US Open,2007-08-28,Grand Slam,Outdoor,Hard,1st Round,3,Bremond S.,Gallovits E.,71.0,80.0,415.0,396.5,6.0,1.0,7.0,5.0,,,2.0,0.0,Completed,1.9,1.8,1.95,1.8,2.0,1.75,2.2,1.769,2.0,1.77
WTA,2007,45,New York,US Open,2007-08-28,Grand Slam,Outdoor,Hard,1st Round,3,Vakulenko J.,Hantuchova D.,50.0,11.0,546.0,1968.0,6.0,4.0,3.0,6.0,6.0,1.0,2.0,1.0,Completed,5.0,1.14,5.65,1.12,5.2,1.14,7.3,1.143,5.5,1.13
WTA,2007,45,New York,US Open,2007-08-28,Grand Slam,Outdoor,Hard,1st Round,3,Kostanic Tosic J.,Vesnina E.,89.0,56.0,355.75,515.75,6.0,4.0,6.0,2.0,,,2.0,0.0,Completed,3.75,1.25,4.25,1.2,3.75,1.25,4.36,1.273,3.6,1.27
WTA,2007,45,New York,US Open,2007-08-28,Grand Slam,Outdoor,Hard,1st Round,3,Pennetta F.,Peng S.,83.0,47.0,391.0,559.0,1.0,6.0,6.0,3.0,6.0,4.0,2.0,1.0,Completed,2.75,1.4,3.15,1.33,3.46,1.28,4.03,1.3,3.1,1.35
WTA,2007,45,New York,US Open,2007-08-28,Grand Slam,Outdoor,Hard,1st Round,3,Pratt N.,Jackson J.,68.0,252.0,432.0,106.0,3.0,6.0,6.0,4.0,6.0,0.0,2.0,1.0,Completed,1.44,2.62,1.5,2.5,1.5,2.5,1.621,2.51,1.52,2.45
WTA,2007,45,New York,US Open,2007-08-28,Grand Slam,Outdoor,Hard,1st Round,3,Srebotnik K.,Molik A.,24.0,69.0,1051.0,423.75,6.0,2.0,6.0,2.0,,,2.0,0.0,Completed,1.25,3.75,1.24,3.8,1.22,4.0,1.25,4.6,1.28,3.55
WTA,2007,45,New York,US Open,2007-08-28,Grand Slam,Outdoor,Hard,1st Round,3,Petrova N.,Bacsinszky T.,8.0,94.0,2238.0,338.5,6.0,3.0,6.0,1.0,,,2.0,0.0,Completed,1.03,11,1.03,11.0,1.03,11.0,1.033,23.5,1.04,11.0
WTA,2007,45,New York,US Open,2007-08-28,Grand Slam,Outdoor,Hard,1st Round,3,Chakvetadze A.,Weinhold A.,6.0,413.0,2586.0,45.0,6.0,1.0,6.0,1.0,,,2.0,0.0,Completed,1.01,15,1.01,15.0,1.02,13.0,1.018,36.0,1.02,18.0
WTA,2007,45,New York,US Open,2007-08-28,Grand Slam,Outdoor,Hard,1st Round,3,Medina Garrigues A.,Wozniak A.,34.0,92.0,784.0,344.5,6.0,3.0,6.0,3.0,,,2.0,0.0,Completed,1.36,3,1.4,2.8,1.33,3.15,1.435,3.1,1.33,3.2
WTA,2007,45,New York,US Open,2007-08-28,Grand Slam,Outdoor,Hard,1st Round,3,Rodionova A.,Savchuk O.,87.0,103.0,369.0,316.5,6.0,4.0,6.0,4.0,,,2.0,0.0,Completed,2.0,1.72,2.05,1.72,2.0,1.75,2.15,1.8,1.94,1.82
WTA,2007,45,New York,US Open,2007-08-28,Grand Slam,Outdoor,Hard,1st Round,3,Krajicek M.,Brianti A.,33.0,127.0,801.0,272.5,6.0,1.0,6.0,0.0,,,2.0,0.0,Completed,1.08,7,1.08,7.0,1.06,7.91,1.077,11.5,1.08,7.4
WTA,2007,45,New York,US Open,2007-08-28,Grand Slam,Outdoor,Hard,1st Round,3,Schiavone F.,Dechy N.,25.0,54.0,1019.0,528.0,6.0,3.0,6.0,1.0,,,2.0,0.0,Completed,1.36,3,1.33,3.15,1.36,3.0,1.412,3.23,1.4,2.85
WTA,2007,45,New York,US Open,2007-08-28,Grand Slam,Outdoor,Hard,1st Round,3,Dominguez Lino L.,Cho Y.J.,75.0,,405.0,,3.0,6.0,6.0,3.0,6.0,3.0,2.0,1.0,Completed,1.33,3.25,1.33,3.15,,,1.37,3.5,1.3,3.4
WTA,2007,45,New York,US Open,2007-08-28,Grand Slam,Outdoor,Hard,1st Round,3,Mattek B.,Brengle M.,123.0,217.0,282.5,125.5,6.0,4.0,6.0,1.0,,,2.0,0.0,Completed,1.61,2.2,1.69,2.1,1.67,2.12,1.769,2.2,1.67,2.15
WTA,2007,45,New York,US Open,2007-08-28,Grand Slam,Outdoor,Hard,1st Round,3,Paszek T.,Arn G.,43.0,95.0,604.25,331.75,6.0,4.0,6.0,4.0,,,2.0,0.0,Completed,1.16,4.5,1.18,4.5,1.17,4.65,1.185,5.9,1.22,4.1
WTA,2007,45,New York,US Open,2007-08-28,Grand Slam,Outdoor,Hard,1st Round,3,Szavay A.,Kloesel S.,31.0,113.0,847.75,297.0,6.0,1.0,6.0,2.0,,,2.0,0.0,Completed,1.19,4.33,1.18,4.5,1.22,4.0,1.185,5.9,1.21,4.2
WTA,2007,45,New York,US Open,2007-08-28,Grand Slam,Outdoor,Hard,1st Round,3,Dellacqua C.,Shvedova Y.,90.0,70.0,347.0,419.0,6.0,3.0,6.0,2.0,,,2.0,0.0,Completed,1.8,1.9,1.72,2.05,1.75,2.0,1.84,2.09,1.86,1.9
WTA,2007,45,New York,US Open,2007-08-28,Grand Slam,Outdoor,Hard,1st Round,3,Peer S.,Tu M.,19.0,45.0,1524.0,589.5,6.0,4.0,7.0,6.0,,,2.0,0.0,Completed,1.33,3.25,1.55,2.25,1.27,3.55,1.444,3.05,1.5,2.5
WTA,2007,45,New York,US Open,2007-08-28,Grand Slam,Outdoor,Hard,1st Round,3,Sharapova M.,Vinci R.,2.0,51.0,3845.0,546.0,6.0,0.0,6.0,1.0,,,2.0,0.0,Completed,1.01,15,1.02,13.0,1.01,15.0,1.018,36.0,1.02,18.0
WTA,2007,45,New York,US Open,2007-08-29,Grand Slam,Outdoor,Hard,2nd Round,3,Bammer S.,Shaughnessy M.,20.0,48.0,1196.0,559.0,6.0,4.0,6.0,3.0,,,2.0,0.0,Completed,1.22,4,1.25,3.7,1.22,4.0,1.283,4.23,1.24,3.8
WTA,2007,45,New York,US Open,2007-08-29,Grand Slam,Outdoor,Hard,2nd Round,3,Dushevina V.,Bychkova E.,58.0,99.0,503.75,323.25,6.0,4.0,6.0,3.0,,,2.0,0.0,Completed,1.28,3.5,1.4,2.8,1.33,3.15,1.364,3.55,1.3,3.4
WTA,2007,45,New York,US Open,2007-08-29,Grand Slam,Outdoor,Hard,2nd Round,3,Makarova E.,Sugiyama A.,156.0,30.0,205.5,881.0,6.0,4.0,4.0,6.0,6.0,2.0,2.0,1.0,Completed,4.0,1.22,3.7,1.25,3.75,1.25,4.3,1.278,3.4,1.3
WTA,2007,45,New York,US Open,2007-08-29,Grand Slam,Outdoor,Hard,2nd Round,3,Ivanovic A.,Rezai A.,5.0,61.0,2847.0,480.0,6.0,3.0,6.0,1.0,,,2.0,0.0,Completed,1.03,11,1.02,13.0,1.02,13.0,1.03,24.0,1.03,12.0
WTA,2007,45,New York,US Open,2007-08-29,Grand Slam,Outdoor,Hard,2nd Round,3,Dementieva E.,Cetkovska P.,13.0,128.0,1770.0,263.0,6.0,3.0,6.0,2.0,,,2.0,0.0,Completed,1.05,8.5,1.04,10.0,1.06,7.91,1.064,13.6,1.06,8.5
WTA,2007,45,New York,US Open,2007-08-29,Grand Slam,Outdoor,Hard,2nd Round,3,Bondarenko A.,Daniilidou E.,21.0,38.0,1114.0,736.5,6.0,4.0,6.0,7.0,6.0,3.0,2.0,1.0,Completed,1.83,1.83,2.0,1.75,2.0,1.75,2.09,1.84,1.86,1.9
WTA,2007,45,New York,US Open,2007-08-29,Grand Slam,Outdoor,Hard,2nd Round,3,Henin J.,Pironkova T.,1.0,130.0,4692.0,260.75,6.0,4.0,6.0,0.0,,,2.0,0.0,Completed,1.01,15,1.01,14.0,1.01,15.0,1.014,50.52,1.01,30.0
WTA,2007,45,New York,US Open,2007-08-29,Grand Slam,Outdoor,Hard,2nd Round,3,Williams V.,Olaru I.,14.0,84.0,1765.0,377.5,6.0,4.0,6.0,2.0,,,2.0,0.0,Completed,1.01,13,1.02,13.0,1.02,13.0,1.025,28.5,1.02,18.0
WTA,2007,45,New York,US Open,2007-08-29,Grand Slam,Outdoor,Hard,2nd Round,3,Bartoli M.,Errani S.,10.0,105.0,1989.0,309.75,6.0,4.0,6.0,2.0,,,2.0,0.0,Completed,1.06,8,1.07,8.0,1.06,7.91,1.083,11.0,1.06,8.5
WTA,2007,45,New York,US Open,2007-08-29,Grand Slam,Outdoor,Hard,2nd Round,3,Cornet A.,Wozniacki C.,96.0,86.0,331.0,375.5,6.0,2.0,6.0,1.0,,,2.0,0.0,Completed,1.72,2,1.87,1.87,1.75,2.0,1.781,2.18,1.88,1.88
WTA,2007,45,New York,US Open,2007-08-29,Grand Slam,Outdoor,Hard,2nd Round,3,Rolle A.,Knapp K.,109.0,57.0,304.0,505.75,3.0,6.0,6.0,4.0,6.0,3.0,2.0,1.0,Completed,2.0,1.72,1.8,1.95,1.91,1.83,2.08,1.847,1.88,1.88
WTA,2007,45,New York,US Open,2007-08-29,Grand Slam,Outdoor,Hard,2nd Round,3,Safarova L.,Petkovic A.,23.0,102.0,1076.0,317.5,6.0,3.0,6.0,3.0,,,2.0,0.0,Completed,1.07,7.5,1.08,7.0,1.07,7.27,1.077,11.5,1.08,7.4
WTA,2007,45,New York,US Open,2007-08-29,Grand Slam,Outdoor,Hard,2nd Round,3,Safina D.,Bondarenko K.,16.0,53.0,1708.0,535.25,6.0,2.0,6.0,1.0,,,2.0,0.0,Completed,1.3,3.4,1.36,3.0,1.28,3.46,1.369,3.51,1.33,3.25
WTA,2007,45,New York,US Open,2007-08-29,Grand Slam,Outdoor,Hard,2nd Round,3,Jankovic J.,Govortsova O.,3.0,65.0,3429.0,453.5,6.0,2.0,6.0,2.0,,,2.0,0.0,Completed,1.02,12,1.03,12.0,1.03,11.0,1.03,24.0,1.02,18.0
WTA,2007,45,New York,US Open,2007-08-29,Grand Slam,Outdoor,Hard,2nd Round,3,Zvonareva V.,Likhovtseva E.,28.0,59.0,903.0,487.0,6.0,4.0,6.0,2.0,,,2.0,0.0,Completed,1.36,3,1.35,3.05,1.33,3.15,1.403,3.28,1.37,3.0
WTA,2007,45,New York,US Open,2007-08-29,Grand Slam,Outdoor,Hard,2nd Round,3,Williams S.,Camerin M.E.,9.0,76.0,2237.0,402.0,7.0,5.0,6.0,2.0,,,2.0,0.0,Completed,1.01,13,1.02,14.0,1.02,13.0,1.017,41.0,1.01,30.0
WTA,2007,45,New York,US Open,2007-08-30,Grand Slam,Outdoor,Hard,2nd Round,3,Chakvetadze A.,Pratt N.,6.0,68.0,2586.0,432.0,6.0,3.0,6.0,4.0,,,2.0,0.0,Completed,1.02,13,1.01,15.0,1.02,13.0,1.029,26.0,1.03,12.0
WTA,2007,45,New York,US Open,2007-08-30,Grand Slam,Outdoor,Hard,2nd Round,3,Mirza S.,Granville L.,27.0,60.0,926.0,482.0,6.0,3.0,7.0,5.0,,,2.0,0.0,Completed,1.12,5.5,1.14,5.25,1.15,5.0,1.199,5.53,1.17,4.8
WTA,2007,45,New York,US Open,2007-08-30,Grand Slam,Outdoor,Hard,2nd Round,3,Peer S.,Mattek B.,19.0,123.0,1524.0,282.5,6.0,2.0,6.0,1.0,,,2.0,0.0,Completed,1.08,7,1.15,5.0,1.12,5.65,1.154,6.88,1.17,4.9
WTA,2007,45,New York,US Open,2007-08-30,Grand Slam,Outdoor,Hard,2nd Round,3,Medina Garrigues A.,Dominguez Lino L.,34.0,75.0,784.0,405.0,7.0,5.0,6.0,2.0,,,2.0,0.0,Completed,1.12,5.5,1.18,4.5,1.2,4.2,1.181,6.04,1.2,4.3
WTA,2007,45,New York,US Open,2007-08-30,Grand Slam,Outdoor,Hard,2nd Round,3,Kuznetsova S.,Pin C.,4.0,91.0,3176.0,346.25,6.0,3.0,4.0,6.0,6.0,0.0,2.0,1.0,Completed,1.02,13,1.02,13.0,1.02,13.0,1.022,33.5,1.03,12.0
WTA,2007,45,New York,US Open,2007-08-30,Grand Slam,Outdoor,Hard,2nd Round,3,Paszek T.,Schiavone F.,43.0,25.0,604.25,1019.0,6.0,3.0,7.0,5.0,,,2.0,0.0,Completed,2.75,1.4,,,2.65,1.45,2.81,1.51,2.45,1.53
WTA,2007,45,New York,US Open,2007-08-30,Grand Slam,Outdoor,Hard,2nd Round,3,Azarenka V.,Cibulkova D.,41.0,63.0,672.5,460.5,6.0,2.0,6.0,2.0,,,2.0,0.0,Completed,1.33,3.25,1.3,3.35,1.33,3.15,1.377,3.45,1.31,3.33
WTA,2007,45,New York,US Open,2007-08-30,Grand Slam,Outdoor,Hard,2nd Round,3,Schnyder P.,Bremond S.,12.0,71.0,1774.0,415.0,6.0,3.0,6.0,0.0,,,2.0,0.0,Completed,1.05,9,1.06,9.0,1.05,8.5,1.065,13.5,1.04,10.0
WTA,2007,45,New York,US Open,2007-08-30,Grand Slam,Outdoor,Hard,2nd Round,3,Hingis M.,Parmentier P.,17.0,106.0,1621.0,307.0,6.0,2.0,7.0,5.0,,,2.0,0.0,Completed,1.05,9,1.05,10.0,1.06,7.91,1.077,11.5,1.08,7.4
WTA,2007,45,New York,US Open,2007-08-30,Grand Slam,Outdoor,Hard,2nd Round,3,Vakulenko J.,Kostanic Tosic J.,50.0,89.0,546.0,355.75,6.0,2.0,6.0,1.0,,,2.0,0.0,Completed,1.3,3.4,1.28,3.5,1.28,3.46,1.358,3.59,1.35,3.1
WTA,2007,45,New York,US Open,2007-08-30,Grand Slam,Outdoor,Hard,2nd Round,3,Petrova N.,Rodionova A.,8.0,87.0,2238.0,369.0,7.0,5.0,6.0,1.0,,,2.0,0.0,Completed,1.04,10,1.04,10.0,1.04,9.25,1.044,18.5,1.05,9.5
WTA,2007,45,New York,US Open,2007-08-30,Grand Slam,Outdoor,Hard,2nd Round,3,Kirilenko M.,Srebotnik K.,36.0,24.0,780.0,1051.0,6.0,4.0,6.0,3.0,,,2.0,0.0,Completed,2.2,1.61,2.25,1.6,2.2,1.63,2.29,1.719,2.04,1.74
WTA,2007,45,New York,US Open,2007-08-30,Grand Slam,Outdoor,Hard,2nd Round,3,Vaidisova N.,Pennetta F.,15.0,83.0,1708.0,391.0,6.0,2.0,7.0,6.0,,,2.0,0.0,Completed,1.06,8,1.09,7.0,1.07,7.27,1.07,12.25,1.08,7.4
WTA,2007,45,New York,US Open,2007-08-30,Grand Slam,Outdoor,Hard,2nd Round,3,Szavay A.,Krajicek M.,31.0,33.0,847.75,801.0,7.0,6.0,6.0,3.0,,,2.0,0.0,Completed,1.66,2.1,1.66,2.15,1.65,2.15,1.69,2.35,1.78,2.0
WTA,2007,45,New York,US Open,2007-08-30,Grand Slam,Outdoor,Hard,2nd Round,3,Radwanska A.,Razzano V.,32.0,37.0,833.5,747.5,6.0,2.0,6.0,3.0,,,2.0,0.0,Completed,1.5,2.5,1.5,2.5,1.53,2.4,1.662,2.41,1.55,2.38
WTA,2007,45,New York,US Open,2007-08-30,Grand Slam,Outdoor,Hard,2nd Round,3,Sharapova M.,Dellacqua C.,2.0,90.0,3845.0,347.0,6.0,1.0,6.0,0.0,,,2.0,0.0,Completed,1.01,15,1.01,16.0,1.01,17.0,1.02,36.0,1.02,18.0
WTA,2007,45,New York,US Open,2007-08-31,Grand Slam,Outdoor,Hard,3rd Round,3,Henin J.,Makarova E.,1.0,156.0,4692.0,205.5,6.0,0.0,6.0,2.0,,,2.0,0.0,Completed,1.01,15,1.01,15.0,1.01,17.0,1.025,28.5,1.01,30.0
WTA,2007,45,New York,US Open,2007-08-31,Grand Slam,Outdoor,Hard,3rd Round,3,Safina D.,Rolle A.,16.0,109.0,1708.0,304.0,6.0,4.0,6.0,3.0,,,2.0,0.0,Completed,1.06,8,1.09,7.0,1.1,6.25,1.118,8.65,1.13,5.5
WTA,2007,45,New York,US Open,2007-08-31,Grand Slam,Outdoor,Hard,3rd Round,3,Bartoli M.,Safarova L.,10.0,23.0,1989.0,1076.0,4.0,6.0,6.0,2.0,6.0,3.0,2.0,1.0,Completed,1.61,2.2,1.66,2.15,1.65,2.15,1.752,2.23,1.8,1.96
WTA,2007,45,New York,US Open,2007-08-31,Grand Slam,Outdoor,Hard,3rd Round,3,Bammer S.,Dementieva E.,20.0,13.0,1196.0,1770.0,6.0,1.0,6.0,2.0,,,2.0,0.0,Completed,2.75,1.39,2.7,1.43,2.9,1.38,3.11,1.433,2.68,1.45
WTA,2007,45,New York,US Open,2007-08-31,Grand Slam,Outdoor,Hard,3rd Round,3,Ivanovic A.,Dushevina V.,5.0,58.0,2847.0,503.75,6.0,1.0,6.0,3.0,,,2.0,0.0,Completed,1.03,11,1.06,9.0,1.04,9.25,1.048,16.63,1.05,9.5
WTA,2007,45,New York,US Open,2007-08-31,Grand Slam,Outdoor,Hard,3rd Round,3,Williams S.,Zvonareva V.,9.0,28.0,2237.0,903.0,6.0,4.0,7.0,6.0,,,2.0,0.0,Completed,1.11,6,1.15,5.0,1.15,5.0,1.174,6.25,1.15,5.15
WTA,2007,45,New York,US Open,2007-08-31,Grand Slam,Outdoor,Hard,3rd Round,3,Jankovic J.,Cornet A.,3.0,96.0,3429.0,331.0,4.0,6.0,6.0,2.0,6.0,3.0,2.0,1.0,Completed,1.02,12,1.05,10.0,1.03,11.0,1.05,16.0,1.04,11.0
WTA,2007,45,New York,US Open,2007-08-31,Grand Slam,Outdoor,Hard,3rd Round,3,Williams V.,Bondarenko A.,14.0,21.0,1765.0,1114.0,6.0,1.0,6.0,2.0,,,2.0,0.0,Completed,1.08,7,1.09,7.0,1.07,7.27,1.091,10.0,1.1,6.75
WTA,2007,45,New York,US Open,2007-09-01,Grand Slam,Outdoor,Hard,3rd Round,3,Vakulenko J.,Kirilenko M.,50.0,36.0,546.0,780.0,6.0,2.0,6.0,4.0,,,2.0,0.0,Completed,3.0,1.36,2.7,1.43,2.8,1.4,3.1,1.435,2.68,1.45
WTA,2007,45,New York,US Open,2007-09-01,Grand Slam,Outdoor,Hard,3rd Round,3,Szavay A.,Petrova N.,31.0,8.0,847.75,2238.0,6.0,4.0,6.0,4.0,,,2.0,0.0,Completed,2.5,1.5,2.55,1.48,2.5,1.5,2.63,1.578,2.28,1.6
WTA,2007,45,New York,US Open,2007-09-01,Grand Slam,Outdoor,Hard,3rd Round,3,Radwanska A.,Sharapova M.,32.0,2.0,833.5,3845.0,6.0,4.0,1.0,6.0,6.0,2.0,2.0,1.0,Completed,10.0,1.04,10.0,1.05,8.5,1.05,15.0,1.056,9.5,1.05
WTA,2007,45,New York,US Open,2007-09-01,Grand Slam,Outdoor,Hard,3rd Round,3,Chakvetadze A.,Mirza S.,6.0,27.0,2586.0,926.0,6.0,2.0,6.0,3.0,,,2.0,0.0,Completed,1.16,4.5,1.25,3.7,1.22,4.0,1.225,5.05,1.22,4.1
WTA,2007,45,New York,US Open,2007-09-01,Grand Slam,Outdoor,Hard,3rd Round,3,Paszek T.,Schnyder P.,43.0,12.0,604.25,1774.0,4.0,6.0,6.0,4.0,7.0,6.0,2.0,1.0,Completed,3.0,1.36,2.8,1.4,3.25,1.33,3.35,1.392,3.1,1.35
WTA,2007,45,New York,US Open,2007-09-01,Grand Slam,Outdoor,Hard,3rd Round,3,Azarenka V.,Hingis M.,41.0,17.0,672.5,1621.0,3.0,6.0,6.0,1.0,6.0,0.0,2.0,1.0,Completed,2.25,1.57,2.2,1.63,2.3,1.57,2.45,1.645,2.2,1.64
WTA,2007,45,New York,US Open,2007-09-01,Grand Slam,Outdoor,Hard,3rd Round,3,Kuznetsova S.,Medina Garrigues A.,4.0,34.0,3176.0,784.0,6.0,3.0,6.0,1.0,,,2.0,0.0,Completed,1.06,8,1.11,6.0,1.07,7.27,1.087,10.5,1.1,6.75
WTA,2007,45,New York,US Open,2007-09-01,Grand Slam,Outdoor,Hard,3rd Round,3,Peer S.,Vaidisova N.,19.0,15.0,1524.0,1708.0,6.0,4.0,3.0,6.0,7.0,6.0,2.0,1.0,Completed,2.62,1.44,2.65,1.45,2.65,1.45,3.04,1.446,2.85,1.4
WTA,2007,45,New York,US Open,2007-09-02,Grand Slam,Outdoor,Hard,4th Round,3,Williams S.,Bartoli M.,9.0,10.0,2237.0,1989.0,6.0,3.0,6.0,4.0,,,2.0,0.0,Completed,1.19,4.33,1.18,4.5,1.18,4.5,1.283,4.23,1.17,4.8
WTA,2007,45,New York,US Open,2007-09-02,Grand Slam,Outdoor,Hard,4th Round,3,Williams V.,Ivanovic A.,14.0,5.0,1765.0,2847.0,6.0,4.0,6.0,2.0,,,2.0,0.0,Completed,1.44,2.62,1.43,2.7,1.45,2.65,1.524,2.78,1.48,2.58
WTA,2007,45,New York,US Open,2007-09-02,Grand Slam,Outdoor,Hard,4th Round,3,Henin J.,Safina D.,1.0,16.0,4692.0,1708.0,6.0,0.0,6.0,2.0,,,2.0,0.0,Completed,1.04,10,1.05,10.0,1.04,9.5,1.05,16.0,1.05,9.0
WTA,2007,45,New York,US Open,2007-09-02,Grand Slam,Outdoor,Hard,4th Round,3,Jankovic J.,Bammer S.,3.0,20.0,3429.0,1196.0,6.0,4.0,4.0,6.0,6.0,1.0,2.0,1.0,Completed,1.14,5,1.13,5.4,1.14,5.2,1.2,5.5,1.18,4.6
WTA,2007,45,New York,US Open,2007-09-03,Grand Slam,Outdoor,Hard,4th Round,3,Kuznetsova S.,Azarenka V.,4.0,41.0,3176.0,672.5,6.0,2.0,6.0,3.0,,,2.0,0.0,Completed,1.16,4.5,1.77,2.0,1.17,4.65,1.182,6.0,1.21,4.2
WTA,2007,45,New York,US Open,2007-09-03,Grand Slam,Outdoor,Hard,4th Round,3,Szavay A.,Vakulenko J.,31.0,50.0,847.75,546.0,6.0,4.0,7.0,6.0,,,2.0,0.0,Completed,1.28,3.5,1.36,3.0,1.36,3.0,1.328,3.75,1.37,3.0
WTA,2007,45,New York,US Open,2007-09-03,Grand Slam,Outdoor,Hard,4th Round,3,Peer S.,Radwanska A.,19.0,32.0,1524.0,833.5,6.0,4.0,6.0,1.0,,,2.0,0.0,Completed,1.57,2.25,1.69,2.1,1.63,2.2,1.685,2.36,1.64,2.2
WTA,2007,45,New York,US Open,2007-09-03,Grand Slam,Outdoor,Hard,4th Round,3,Chakvetadze A.,Paszek T.,6.0,43.0,2586.0,604.25,6.0,1.0,7.0,5.0,,,2.0,0.0,Completed,1.14,5,1.2,4.25,1.17,4.65,1.211,5.35,1.2,4.3
WTA,2007,45,New York,US Open,2007-09-05,Grand Slam,Outdoor,Hard,Quarterfinals,3,Henin J.,Williams S.,1.0,9.0,4692.0,2237.0,7.0,6.0,6.0,1.0,,,2.0,0.0,Completed,1.44,2.75,1.45,2.65,1.45,2.7,1.49,2.83,1.4,2.88
WTA,2007,45,New York,US Open,2007-09-05,Grand Slam,Outdoor,Hard,Quarterfinals,3,Chakvetadze A.,Peer S.,6.0,19.0,2586.0,1524.0,6.0,4.0,6.0,1.0,,,2.0,0.0,Completed,1.53,2.5,1.55,2.35,1.45,2.75,1.56,2.68,1.5,2.5
WTA,2007,45,New York,US Open,2007-09-05,Grand Slam,Outdoor,Hard,Quarterfinals,3,Kuznetsova S.,Szavay A.,4.0,31.0,3176.0,847.75,6.0,1.0,6.0,4.0,,,2.0,0.0,Completed,1.33,3.4,1.3,3.35,1.3,3.3,1.32,3.86,1.33,3.2
WTA,2007,45,New York,US Open,2007-09-06,Grand Slam,Outdoor,Hard,Quarterfinals,3,Williams V.,Jankovic J.,14.0,3.0,1765.0,3429.0,4.0,6.0,6.0,1.0,7.0,6.0,2.0,1.0,Completed,1.36,3.2,1.28,3.5,1.35,3.15,1.35,3.66,1.38,2.95
WTA,2007,45,New York,US Open,2007-09-07,Grand Slam,Outdoor,Hard,Semifinals,3,Kuznetsova S.,Chakvetadze A.,4.0,6.0,3176.0,2586.0,3.0,6.0,6.0,1.0,6.0,1.0,2.0,1.0,Completed,1.44,2.75,1.43,2.7,1.5,2.6,1.524,2.78,1.5,2.52
WTA,2007,45,New York,US Open,2007-09-07,Grand Slam,Outdoor,Hard,Semifinals,3,Henin J.,Williams V.,1.0,14.0,4692.0,1765.0,7.0,6.0,6.0,4.0,,,2.0,0.0,Completed,1.44,2.75,1.46,2.6,1.45,2.75,1.493,2.83,1.52,2.45
WTA,2007,45,New York,US Open,2007-09-09,Grand Slam,Outdoor,Hard,The Final,3,Henin J.,Kuznetsova S.,1.0,4.0,4692.0,3176.0,6.0,1.0,6.0,3.0,,,2.0,0.0,Completed,1.11,6.5,1.16,4.85,1.13,6.0,1.153,6.93,1.14,5.4
