Tour,Year,WTA,Location,Tournament,Date,Tier,Court,Surface,Round,Best of,Winner,Loser,WRank,LRank,WPts,LPts,W1,L1,W2,L2,W3,L3,Wsets,Lsets,Comment,B365W,B365L,EXW,EXL,LBW,LBL,PSW,PSL,SJW,SJL,MaxW,MaxL,AvgW,AvgL
WTA,2014,6,Melbourne,Australian Open,2014-01-13,Grand Slam,Outdoor,Hard,1st Round,3,Bencic B.,Date Krumm K.,187,80.0,339,772.0,6.0,4.0,4.0,6.0,6.0,3.0,2.0,1.0,Completed,1.53,2.37,1.58,2.35,1.53,2.38,1.65,2.4,1.53,2.5,1.65,2.68,1.56,2.37
WTA,2014,6,Melbourne,Australian Open,2014-01-13,Grand Slam,Outdoor,Hard,1st Round,3,Kudryavtseva A.,Garcia C.,162,76.0,399,806.0,6.0,2.0,7.0,6.0,,,2.0,0.0,Completed,1.4,2.75,1.42,2.8,1.44,2.62,1.45,2.99,1.44,2.75,1.48,3.45,1.43,2.77
WTA,2014,6,Melbourne,Australian Open,2014-01-13,Grand Slam,Outdoor,Hard,1st Round,3,Kerber A.,Gajdosova J.,9,329.0,4070,141.0,6.0,3.0,0.0,6.0,6.0,2.0,2.0,1.0,Completed,1.04,13.0,1.05,9.0,1.06,9.0,1.05,13.0,1.06,8.5,1.1,13.0,1.05,9.71
WTA,2014,6,Melbourne,Australian Open,2014-01-13,Grand Slam,Outdoor,Hard,1st Round,3,Pliskova Ka.,Parmentier P.,70,238.0,849,255.0,6.0,0.0,6.0,1.0,,,2.0,0.0,Completed,1.36,3.0,1.4,2.9,1.36,3.0,1.45,2.97,1.36,3.0,1.45,3.3,1.39,2.9
WTA,2014,6,Melbourne,Australian Open,2014-01-13,Grand Slam,Outdoor,Hard,1st Round,3,Hantuchova D.,Watson H.,33,121.0,1475,525.0,7.0,5.0,3.0,6.0,6.0,3.0,2.0,1.0,Completed,2.1,1.66,2.2,1.65,2.2,1.67,2.27,1.71,2.2,1.67,2.27,1.85,2.15,1.67
WTA,2014,6,Melbourne,Australian Open,2014-01-13,Grand Slam,Outdoor,Hard,1st Round,3,Makarova E.,Williams V.,22,37.0,2061,1327.0,2.0,6.0,6.0,4.0,6.0,4.0,2.0,1.0,Completed,2.2,1.61,2.2,1.65,2.2,1.67,2.2,1.75,2.25,1.62,2.38,1.79,2.16,1.67
WTA,2014,6,Melbourne,Australian Open,2014-01-13,Grand Slam,Outdoor,Hard,1st Round,3,Falconi I.,Medina Garrigues A.,142,101.0,446,665.0,6.0,3.0,6.0,1.0,,,2.0,0.0,Completed,1.57,2.25,1.68,2.15,1.62,2.2,1.75,2.21,1.67,2.2,1.75,2.31,1.68,2.16
WTA,2014,6,Melbourne,Australian Open,2014-01-13,Grand Slam,Outdoor,Hard,1st Round,3,Puig M.,Tatishvili A.,58,126.0,995,499.0,6.0,2.0,6.0,4.0,,,2.0,0.0,Completed,1.8,1.9,1.8,2.0,1.67,2.1,1.95,1.95,1.73,2.1,1.95,2.1,1.8,1.96
WTA,2014,6,Melbourne,Australian Open,2014-01-13,Grand Slam,Outdoor,Hard,1st Round,3,Flipkens K.,Robson L.,19,48.0,2465,1183.0,6.0,3.0,6.0,0.0,,,2.0,0.0,Completed,1.4,2.75,1.45,2.7,1.44,2.75,1.48,2.88,1.44,2.75,1.48,3.45,1.44,2.74
WTA,2014,6,Melbourne,Australian Open,2014-01-13,Grand Slam,Outdoor,Hard,1st Round,3,Dellacqua C.,Zvonareva V.,120,,532,,6.0,2.0,6.0,2.0,,,2.0,0.0,Completed,2.25,1.57,2.25,1.62,2.25,1.57,2.27,1.71,2.25,1.62,2.67,1.71,2.24,1.62
WTA,2014,6,Melbourne,Australian Open,2014-01-13,Grand Slam,Outdoor,Hard,1st Round,3,Li N.,Konjuh A.,4,241.0,5970,255.0,6.0,2.0,6.0,0.0,,,2.0,0.0,Completed,1.04,13.0,1.04,10.0,1.05,10.0,1.05,13.0,1.04,10.0,1.08,13.0,1.05,10.24
WTA,2014,6,Melbourne,Australian Open,2014-01-13,Grand Slam,Outdoor,Hard,1st Round,3,Razzano V.,Van Uytvanck A.,100,110.0,666,608.0,7.0,6.0,7.0,6.0,,,2.0,0.0,Completed,2.37,1.53,2.3,1.6,2.1,1.67,2.32,1.68,2.25,1.62,2.56,1.68,2.27,1.61
WTA,2014,6,Melbourne,Australian Open,2014-01-13,Grand Slam,Outdoor,Hard,1st Round,3,Pennetta F.,Cadantu A.,29,60.0,1735,967.0,6.0,0.0,6.0,2.0,,,2.0,0.0,Completed,1.16,5.0,1.17,4.75,1.22,4.0,,,1.2,4.5,1.22,5.7,1.18,4.68
WTA,2014,6,Melbourne,Australian Open,2014-01-13,Grand Slam,Outdoor,Hard,1st Round,3,Hradecka L.,Vekic D.,146,94.0,431,696.0,6.0,3.0,6.0,1.0,,,2.0,0.0,Completed,2.1,1.66,2.2,1.65,2.1,1.67,2.22,1.74,2.2,1.67,2.36,1.74,2.17,1.67
WTA,2014,6,Melbourne,Australian Open,2014-01-13,Grand Slam,Outdoor,Hard,1st Round,3,Ivanovic A.,Bertens K.,14,93.0,3010,697.0,6.0,4.0,6.0,4.0,,,2.0,0.0,Completed,1.05,11.0,1.06,8.5,1.06,9.0,1.06,12.75,1.06,8.0,1.07,13.0,1.05,9.5
WTA,2014,6,Melbourne,Australian Open,2014-01-13,Grand Slam,Outdoor,Hard,1st Round,3,Bouchard E.,Tang H.C.,31,487.0,1629,72.0,7.0,5.0,6.0,1.0,,,2.0,0.0,Completed,,,1.03,11.0,1.03,10.0,1.02,22.73,1.02,13.0,1.04,22.75,1.02,14.55
WTA,2014,6,Melbourne,Australian Open,2014-01-13,Grand Slam,Outdoor,Hard,1st Round,3,Keys M.,Mayr P.,36,85.0,1425,764.0,6.0,2.0,6.0,7.0,9.0,7.0,2.0,1.0,Completed,1.18,4.5,1.15,5.25,1.17,4.5,1.22,4.83,1.14,5.5,1.22,5.5,1.18,4.75
WTA,2014,6,Melbourne,Australian Open,2014-01-13,Grand Slam,Outdoor,Hard,1st Round,3,Beck A.,Martic P.,54,109.0,1086,608.0,6.0,0.0,6.0,0.0,,,2.0,0.0,Completed,1.66,2.1,1.62,2.25,1.57,2.25,1.74,2.23,1.67,2.2,1.74,2.35,1.65,2.2
WTA,2014,6,Melbourne,Australian Open,2014-01-13,Grand Slam,Outdoor,Hard,1st Round,3,Stosur S.,Zakopalova K.,17,32.0,2675,1515.0,6.0,3.0,6.0,4.0,,,2.0,0.0,Completed,1.44,2.62,1.45,2.7,1.5,2.62,1.52,2.72,1.5,2.63,1.56,2.75,1.49,2.6
WTA,2014,6,Melbourne,Australian Open,2014-01-13,Grand Slam,Outdoor,Hard,1st Round,3,Goerges J.,Errani S.,73,7.0,836,4435.0,6.0,3.0,6.0,2.0,,,2.0,0.0,Completed,3.25,1.33,3.4,1.3,3.5,1.3,3.64,1.33,3.25,1.33,3.75,1.4,3.27,1.32
WTA,2014,6,Melbourne,Australian Open,2014-01-13,Grand Slam,Outdoor,Hard,1st Round,3,Safarova L.,Glushko J.,26,90.0,1775,721.0,7.0,5.0,3.0,6.0,6.0,1.0,2.0,1.0,Completed,1.07,9.0,1.05,9.0,1.05,8.5,1.1,8.6,1.05,9.0,1.1,9.8,1.07,8.36
WTA,2014,6,Melbourne,Australian Open,2014-01-13,Grand Slam,Outdoor,Hard,1st Round,3,Barthel M.,Zhang S.,39,51.0,1275,1135.0,7.0,6.0,6.0,3.0,,,2.0,0.0,Completed,2.1,1.66,2.15,1.68,2.2,1.62,2.22,1.74,2.2,1.67,2.3,1.74,2.14,1.67
WTA,2014,6,Melbourne,Australian Open,2014-01-13,Grand Slam,Outdoor,Hard,1st Round,3,Dolonc V.,Arruabarrena-Vecino L.,104,102.0,627,635.0,2.0,6.0,6.0,2.0,6.0,4.0,2.0,1.0,Completed,1.8,1.9,1.75,2.05,1.73,2.0,1.88,2.02,1.73,2.1,1.9,2.12,1.77,2.01
WTA,2014,6,Melbourne,Australian Open,2014-01-13,Grand Slam,Outdoor,Hard,1st Round,3,Zheng J.,Vinci R.,56,12.0,1073,3170.0,6.0,4.0,6.0,3.0,,,2.0,0.0,Completed,2.37,1.53,2.45,1.52,2.25,1.57,2.62,1.56,2.5,1.53,2.62,1.65,2.41,1.55
WTA,2014,6,Melbourne,Australian Open,2014-01-13,Grand Slam,Outdoor,Hard,1st Round,3,Niculescu M.,Peer S.,64,75.0,955,818.0,6.0,4.0,6.0,1.0,,,2.0,0.0,Completed,1.3,3.4,1.3,3.4,1.29,3.5,1.36,3.47,1.29,3.5,1.38,3.75,1.31,3.36
WTA,2014,6,Melbourne,Australian Open,2014-01-13,Grand Slam,Outdoor,Hard,1st Round,3,Kumkhum L.,Kvitova P.,88,6.0,732,4835.0,6.0,2.0,1.0,6.0,6.0,4.0,2.0,1.0,Completed,10.0,1.06,8.0,1.07,10.0,1.05,10.5,1.07,10.0,1.04,13.0,1.09,8.89,1.06
WTA,2014,6,Melbourne,Australian Open,2014-01-13,Grand Slam,Outdoor,Hard,1st Round,3,Riske A.,Vesnina E.,53,28.0,1110,1745.0,6.0,2.0,6.0,2.0,,,2.0,0.0,Completed,1.61,2.2,1.7,2.1,1.67,2.1,1.74,2.23,1.67,2.2,1.75,2.34,1.68,2.13
WTA,2014,6,Melbourne,Australian Open,2014-01-13,Grand Slam,Outdoor,Hard,1st Round,3,Lisicki S.,Lucic M.,15,111.0,2915,607.0,6.0,2.0,6.0,1.0,,,2.0,0.0,Completed,1.08,8.0,1.08,7.5,1.08,7.0,1.12,7.45,1.08,7.5,1.13,8.7,1.09,7.22
WTA,2014,6,Melbourne,Australian Open,2014-01-13,Grand Slam,Outdoor,Hard,1st Round,3,Wickmayer Y.,Pfizenmaier D.,63,92.0,957,698.0,7.0,6.0,6.0,3.0,,,2.0,0.0,Completed,1.4,2.75,1.45,2.7,1.44,2.62,1.42,3.12,1.44,2.75,1.5,3.15,1.43,2.74
WTA,2014,6,Melbourne,Australian Open,2014-01-13,Grand Slam,Outdoor,Hard,1st Round,3,Pironkova T.,Soler Espinosa S.,57,78.0,1036,787.0,6.0,3.0,6.0,2.0,,,2.0,0.0,Completed,1.25,3.75,1.25,3.75,1.25,3.75,1.3,3.9,1.22,4.0,1.34,4.0,1.26,3.68
WTA,2014,6,Melbourne,Australian Open,2014-01-13,Grand Slam,Outdoor,Hard,1st Round,3,Davis L.,Vickery S.,68,190.0,865,331.0,6.0,3.0,6.0,3.0,,,2.0,0.0,Completed,1.3,3.4,1.35,3.1,1.36,3.0,1.38,3.35,1.33,3.25,1.38,3.65,1.34,3.16
WTA,2014,6,Melbourne,Australian Open,2014-01-13,Grand Slam,Outdoor,Hard,1st Round,3,Williams S.,Barty A.,1,155.0,13260,412.0,6.0,2.0,6.0,1.0,,,2.0,0.0,Completed,1.01,26.0,1.01,13.0,,,1.01,26.0,1.01,21.0,1.02,39.0,1.01,19.31
WTA,2014,6,Melbourne,Australian Open,2014-01-14,Grand Slam,Outdoor,Hard,1st Round,3,Cornet A.,Hercog P.,25,66.0,1840,902.0,1.0,0.0,,,,,0.0,0.0,Retired,1.4,2.75,1.4,2.9,1.4,2.75,1.45,2.97,1.4,2.88,1.45,3.35,1.41,2.85
WTA,2014,6,Melbourne,Australian Open,2014-01-14,Grand Slam,Outdoor,Hard,1st Round,3,Wozniacki C.,Dominguez Lino L.,10,72.0,3520,842.0,6.0,0.0,6.0,2.0,,,2.0,0.0,Completed,1.03,15.0,1.03,11.0,1.03,12.0,1.04,15.0,1.03,11.0,1.04,16.0,1.03,12.08
WTA,2014,6,Melbourne,Australian Open,2014-01-14,Grand Slam,Outdoor,Hard,1st Round,3,Zahlavova Strycova B.,Hsieh S.W.,84,86.0,764,738.0,6.0,1.0,4.0,6.0,6.0,1.0,2.0,1.0,Completed,1.36,3.0,1.45,2.7,1.44,2.62,1.46,2.93,1.44,2.75,1.49,3.2,1.44,2.74
WTA,2014,6,Melbourne,Australian Open,2014-01-14,Grand Slam,Outdoor,Hard,1st Round,3,Azarenka V.,Larsson J.,2,91.0,8151,706.0,7.0,6.0,6.0,2.0,,,2.0,0.0,Completed,,,1.01,13.0,1.01,26.0,,,1.01,17.0,1.02,28.0,1.01,16.83
WTA,2014,6,Melbourne,Australian Open,2014-01-14,Grand Slam,Outdoor,Hard,1st Round,3,Mchale C.,Chan Y.J.,62,232.0,961,258.0,7.0,5.0,6.0,4.0,,,2.0,0.0,Completed,1.4,2.75,1.42,2.8,1.36,3.0,1.43,3.05,1.36,3.0,1.48,3.1,1.41,2.81
WTA,2014,6,Melbourne,Australian Open,2014-01-14,Grand Slam,Outdoor,Hard,1st Round,3,Halep S.,Piter K.,11,119.0,3335,551.0,6.0,0.0,6.0,1.0,,,2.0,0.0,Completed,1.1,7.0,1.1,6.5,1.08,8.0,1.13,7.71,1.08,7.5,1.14,8.0,1.1,6.85
WTA,2014,6,Melbourne,Australian Open,2014-01-14,Grand Slam,Outdoor,Hard,1st Round,3,Suarez Navarro C.,King V.,16,71.0,2775,842.0,6.0,3.0,6.0,2.0,,,2.0,0.0,Completed,1.33,3.25,1.35,3.1,1.33,3.25,1.38,3.31,1.36,3.0,1.41,3.4,1.36,3.06
WTA,2014,6,Melbourne,Australian Open,2014-01-14,Grand Slam,Outdoor,Hard,1st Round,3,Voskoboeva G.,Begu I.,77,127.0,798,498.0,7.0,5.0,4.0,6.0,7.0,5.0,2.0,1.0,Completed,1.53,2.37,1.55,2.4,1.62,2.2,1.65,2.4,1.62,2.25,1.65,2.52,1.59,2.32
WTA,2014,6,Melbourne,Australian Open,2014-01-14,Grand Slam,Outdoor,Hard,1st Round,3,Cibulkova D.,Schiavone F.,24,42.0,1856,1250.0,6.0,3.0,6.0,4.0,,,2.0,0.0,Completed,1.28,3.5,1.3,3.4,1.33,3.4,1.33,3.69,1.33,3.25,1.33,3.85,1.3,3.44
WTA,2014,6,Melbourne,Australian Open,2014-01-14,Grand Slam,Outdoor,Hard,1st Round,3,Giorgi C.,Sanders S.,99,219.0,670,280.0,4.0,6.0,6.0,1.0,6.0,4.0,2.0,1.0,Completed,1.5,2.5,1.52,2.45,1.53,2.38,1.54,2.66,1.53,2.5,1.65,2.66,1.53,2.44
WTA,2014,6,Melbourne,Australian Open,2014-01-14,Grand Slam,Outdoor,Hard,1st Round,3,Diyas Z.,Siniakova K.,152,173.0,414,370.0,6.0,2.0,6.0,4.0,,,2.0,0.0,Completed,2.1,1.66,2.2,1.65,2.0,1.73,2.18,1.77,2.1,1.73,2.34,1.77,2.14,1.68
WTA,2014,6,Melbourne,Australian Open,2014-01-14,Grand Slam,Outdoor,Hard,1st Round,3,Voegele S.,Mladenovic K.,46,55.0,1190,1075.0,7.0,5.0,7.0,5.0,,,2.0,0.0,Completed,1.44,2.62,1.45,2.7,1.5,2.5,1.5,2.8,1.5,2.63,1.53,2.9,1.46,2.64
WTA,2014,6,Melbourne,Australian Open,2014-01-14,Grand Slam,Outdoor,Hard,1st Round,3,Lepchenko V.,Tsurenko L.,50,96.0,1141,685.0,2.0,6.0,6.0,3.0,6.0,4.0,2.0,1.0,Completed,1.5,2.5,1.5,2.5,1.5,2.5,1.56,2.6,1.53,2.5,1.62,2.6,1.53,2.46
WTA,2014,6,Melbourne,Australian Open,2014-01-14,Grand Slam,Outdoor,Hard,1st Round,3,Nara K.,Peng S.,74,43.0,832,1249.0,7.0,5.0,4.0,6.0,6.0,3.0,2.0,1.0,Completed,2.5,1.5,2.5,1.5,2.62,1.44,2.53,1.59,2.63,1.5,2.7,1.59,2.5,1.51
WTA,2014,6,Melbourne,Australian Open,2014-01-14,Grand Slam,Outdoor,Hard,1st Round,3,Pavlyuchenkova A.,Pereira T.,30,97.0,1715,682.0,7.0,6.0,6.0,4.0,,,2.0,0.0,Completed,1.16,5.0,1.17,4.75,1.12,5.5,1.2,5.23,1.14,5.5,1.2,5.5,1.17,4.86
WTA,2014,6,Melbourne,Australian Open,2014-01-14,Grand Slam,Outdoor,Hard,1st Round,3,Minella M.,Witthoeft C.,107,207.0,621,296.0,6.0,1.0,6.0,4.0,,,2.0,0.0,Completed,2.2,1.61,2.1,1.7,2.1,1.67,2.16,1.78,2.2,1.67,2.3,1.78,2.15,1.68
WTA,2014,6,Melbourne,Australian Open,2014-01-14,Grand Slam,Outdoor,Hard,1st Round,3,Jankovic J.,Doi M.,8,89.0,4230,724.0,6.0,1.0,6.0,2.0,,,2.0,0.0,Completed,1.04,13.0,1.03,11.0,1.05,10.0,1.04,14.31,1.05,9.0,1.06,16.0,1.04,11.23
WTA,2014,6,Melbourne,Australian Open,2014-01-14,Grand Slam,Outdoor,Hard,1st Round,3,Radwanska A.,Putintseva Y.,5,112.0,5470,600.0,6.0,0.0,5.0,7.0,6.0,2.0,2.0,1.0,Completed,1.03,15.0,1.03,11.0,1.03,12.0,,,1.03,11.0,1.05,16.0,1.03,11.56
WTA,2014,6,Melbourne,Australian Open,2014-01-14,Grand Slam,Outdoor,Hard,1st Round,3,Govortsova O.,Duan Y.Y.,98,193.0,681,326.0,6.0,0.0,7.0,6.0,,,2.0,0.0,Completed,2.25,1.57,2.2,1.65,2.1,1.67,2.32,1.68,2.2,1.67,2.4,1.68,2.23,1.64
WTA,2014,6,Melbourne,Australian Open,2014-01-14,Grand Slam,Outdoor,Hard,1st Round,3,Muguruza G.,Kanepi K.,38,23.0,1280,1922.0,6.0,2.0,2.0,6.0,6.0,2.0,2.0,1.0,Completed,1.72,2.0,1.8,2.0,1.83,1.83,1.72,2.25,1.8,2.0,1.91,2.25,1.82,1.95
WTA,2014,6,Melbourne,Australian Open,2014-01-14,Grand Slam,Outdoor,Hard,1st Round,3,Schmiedlova A.,Babos T.,81,87.0,768,735.0,4.0,6.0,6.0,4.0,7.0,5.0,2.0,1.0,Completed,1.4,2.75,1.45,2.7,1.4,2.75,1.5,2.8,1.44,2.75,1.53,2.85,1.45,2.69
WTA,2014,6,Melbourne,Australian Open,2014-01-14,Grand Slam,Outdoor,Hard,1st Round,3,Rogowska O.,Duque Marino M.,169,105.0,381,626.0,6.0,3.0,6.0,3.0,,,2.0,0.0,Completed,1.83,1.83,1.9,1.85,1.8,1.91,1.98,1.93,1.91,1.91,2.0,2.02,1.86,1.9
WTA,2014,6,Melbourne,Australian Open,2014-01-14,Grand Slam,Outdoor,Hard,1st Round,3,Morita A.,Kichenok N.,61,106.0,962,623.0,6.0,2.0,7.0,6.0,,,2.0,0.0,Completed,1.61,2.2,1.6,2.3,1.53,2.38,1.71,2.28,1.62,2.25,1.72,2.38,1.61,2.26
WTA,2014,6,Melbourne,Australian Open,2014-01-14,Grand Slam,Outdoor,Hard,1st Round,3,Tomljanovic A.,Majeric T.,67,117.0,871,554.0,3.0,6.0,7.0,6.0,6.0,4.0,2.0,1.0,Completed,1.18,4.5,1.18,4.5,1.2,4.33,1.16,6.16,1.2,4.5,1.22,6.16,1.18,4.7
WTA,2014,6,Melbourne,Australian Open,2014-01-14,Grand Slam,Outdoor,Hard,1st Round,3,Erakovic M.,Cirstea S.,52,21.0,1121,2170.0,6.0,4.0,7.0,6.0,,,2.0,0.0,Completed,2.5,1.5,2.5,1.5,2.62,1.44,2.58,1.57,2.38,1.57,2.62,1.6,2.47,1.52
WTA,2014,6,Melbourne,Australian Open,2014-01-14,Grand Slam,Outdoor,Hard,1st Round,3,Knapp K.,Ormaechea P.,44,59.0,1230,978.0,6.0,4.0,6.0,2.0,,,2.0,0.0,Completed,1.53,2.37,1.52,2.45,1.5,2.5,1.57,2.58,1.53,2.5,1.65,2.58,1.54,2.44
WTA,2014,6,Melbourne,Australian Open,2014-01-14,Grand Slam,Outdoor,Hard,1st Round,3,Rybarikova M.,Petkovic A.,35,40.0,1450,1271.0,6.0,2.0,6.0,3.0,,,2.0,0.0,Completed,3.75,1.25,3.5,1.28,3.4,1.3,3.89,1.3,3.25,1.33,4.05,1.33,3.51,1.29
WTA,2014,6,Melbourne,Australian Open,2014-01-14,Grand Slam,Outdoor,Hard,1st Round,3,Stephens S.,Shvedova Y.,13,82.0,3075,766.0,7.0,6.0,6.0,3.0,,,2.0,0.0,Completed,1.18,4.5,1.2,4.3,1.14,5.0,1.27,4.18,1.2,4.5,1.27,5.0,1.2,4.32
WTA,2014,6,Melbourne,Australian Open,2014-01-14,Grand Slam,Outdoor,Hard,1st Round,3,Jovanovski B.,Cepelova J.,34,69.0,1475,849.0,6.0,7.0,6.0,1.0,6.0,3.0,2.0,1.0,Completed,1.44,2.62,1.5,2.5,1.53,2.38,1.45,2.97,1.53,2.5,1.56,2.97,1.49,2.58
WTA,2014,6,Melbourne,Australian Open,2014-01-14,Grand Slam,Outdoor,Hard,1st Round,3,Svitolina E.,Kuznetsova S.,47,20.0,1185,2202.0,6.0,3.0,6.0,3.0,,,2.0,0.0,Completed,3.0,1.36,3.2,1.33,3.25,1.33,3.36,1.38,3.0,1.36,3.5,1.43,3.07,1.36
WTA,2014,6,Melbourne,Australian Open,2014-01-14,Grand Slam,Outdoor,Hard,1st Round,3,Meusburger Y.,Scheepers C.,49,79.0,1158,780.0,7.0,6.0,6.0,4.0,,,2.0,0.0,Completed,1.57,2.25,1.65,2.2,1.53,2.38,1.69,2.29,1.62,2.25,1.81,2.45,1.67,2.17
WTA,2014,6,Melbourne,Australian Open,2014-01-14,Grand Slam,Outdoor,Hard,1st Round,3,Sharapova M.,Mattek-Sands B.,3,41.0,6076,1257.0,6.0,3.0,6.0,4.0,,,2.0,0.0,Completed,1.08,8.0,1.08,7.5,1.08,8.0,1.09,9.16,1.07,8.0,1.13,9.16,1.08,7.38
WTA,2014,6,Melbourne,Australian Open,2014-01-15,Grand Slam,Outdoor,Hard,2nd Round,3,Barthel M.,Kumkhum L.,39,88.0,1275,732.0,4.0,6.0,6.0,3.0,6.0,4.0,2.0,1.0,Completed,1.53,2.37,1.6,2.3,1.62,2.2,1.6,2.5,1.67,2.2,1.73,2.58,1.6,2.3
WTA,2014,6,Melbourne,Australian Open,2014-01-15,Grand Slam,Outdoor,Hard,2nd Round,3,Safarova L.,Hradecka L.,26,146.0,1775,431.0,6.0,7.0,6.0,3.0,6.0,0.0,2.0,1.0,Completed,1.22,4.0,1.25,3.75,1.29,3.5,1.25,4.5,1.25,3.75,1.29,4.5,1.24,3.9
WTA,2014,6,Melbourne,Australian Open,2014-01-15,Grand Slam,Outdoor,Hard,2nd Round,3,Li N.,Bencic B.,4,187.0,5970,339.0,6.0,0.0,7.0,6.0,,,2.0,0.0,Completed,1.04,13.0,1.05,9.0,1.03,12.0,1.04,14.29,,,1.07,17.0,1.04,10.87
WTA,2014,6,Melbourne,Australian Open,2014-01-15,Grand Slam,Outdoor,Hard,2nd Round,3,Makarova E.,Falconi I.,22,142.0,2061,446.0,6.0,2.0,7.0,5.0,,,2.0,0.0,Completed,1.08,8.0,1.12,5.75,1.12,5.5,1.13,7.71,1.13,6.0,1.14,8.0,1.11,6.34
WTA,2014,6,Melbourne,Australian Open,2014-01-15,Grand Slam,Outdoor,Hard,2nd Round,3,Niculescu M.,Lisicki S.,64,15.0,955,2915.0,2.0,6.0,6.0,2.0,6.0,2.0,2.0,1.0,Completed,2.75,1.4,2.7,1.45,3.0,1.4,2.81,1.49,2.75,1.44,3.15,1.5,2.82,1.41
WTA,2014,6,Melbourne,Australian Open,2014-01-15,Grand Slam,Outdoor,Hard,2nd Round,3,Williams S.,Dolonc V.,1,104.0,13260,627.0,6.0,1.0,6.0,2.0,,,2.0,0.0,Completed,1.002,34.0,1.01,13.0,1.0,34.0,1.01,41.0,1.01,21.0,1.01,46.5,1.01,21.76
WTA,2014,6,Melbourne,Australian Open,2014-01-15,Grand Slam,Outdoor,Hard,2nd Round,3,Pennetta F.,Puig M.,29,58.0,1735,995.0,6.0,3.0,6.0,4.0,,,2.0,0.0,Completed,1.4,2.75,1.45,2.7,1.5,2.62,1.44,3.01,1.44,2.75,1.5,3.1,1.45,2.69
WTA,2014,6,Melbourne,Australian Open,2014-01-15,Grand Slam,Outdoor,Hard,2nd Round,3,Hantuchova D.,Pliskova Ka.,33,70.0,1475,849.0,6.0,3.0,3.0,6.0,12.0,10.0,2.0,1.0,Completed,1.57,2.25,1.62,2.25,1.67,2.1,1.65,2.4,1.62,2.25,1.67,2.44,1.62,2.26
WTA,2014,6,Melbourne,Australian Open,2014-01-15,Grand Slam,Outdoor,Hard,2nd Round,3,Kerber A.,Kudryavtseva A.,9,162.0,4070,399.0,6.0,4.0,6.0,2.0,,,2.0,0.0,Completed,1.06,10.0,1.07,8.0,1.08,8.0,1.08,10.15,1.07,8.0,1.11,10.9,1.07,8.18
WTA,2014,6,Melbourne,Australian Open,2014-01-15,Grand Slam,Outdoor,Hard,2nd Round,3,Dellacqua C.,Flipkens K.,120,19.0,532,2465.0,6.0,3.0,6.0,0.0,,,2.0,0.0,Completed,2.75,1.4,2.5,1.5,2.5,1.53,2.97,1.45,2.38,1.57,3.1,1.58,2.58,1.49
WTA,2014,6,Melbourne,Australian Open,2014-01-15,Grand Slam,Outdoor,Hard,2nd Round,3,Riske A.,Wickmayer Y.,53,63.0,1110,957.0,6.0,1.0,6.0,1.0,,,2.0,0.0,Completed,1.3,3.4,1.33,3.2,1.33,3.25,,,1.33,3.25,1.36,3.75,1.32,3.27
WTA,2014,6,Melbourne,Australian Open,2014-01-15,Grand Slam,Outdoor,Hard,2nd Round,3,Zheng J.,Keys M.,56,36.0,1073,1425.0,7.0,6.0,1.0,6.0,7.0,5.0,2.0,1.0,Completed,3.25,1.33,3.1,1.35,2.75,1.4,3.52,1.35,2.88,1.4,3.52,1.4,3.11,1.35
WTA,2014,6,Melbourne,Australian Open,2014-01-15,Grand Slam,Outdoor,Hard,2nd Round,3,Bouchard E.,Razzano V.,31,100.0,1629,666.0,6.0,2.0,7.0,6.0,,,2.0,0.0,Completed,1.14,5.5,1.17,4.75,1.2,4.33,1.16,6.09,1.17,5.0,1.2,6.09,1.16,5.0
WTA,2014,6,Melbourne,Australian Open,2014-01-15,Grand Slam,Outdoor,Hard,2nd Round,3,Stosur S.,Pironkova T.,17,57.0,2675,1036.0,6.0,2.0,6.0,0.0,,,2.0,0.0,Completed,1.57,2.25,1.58,2.35,1.57,2.38,1.69,2.31,1.57,2.38,1.69,2.5,1.58,2.33
WTA,2014,6,Melbourne,Australian Open,2014-01-15,Grand Slam,Outdoor,Hard,2nd Round,3,Davis L.,Goerges J.,68,73.0,865,836.0,7.0,5.0,2.0,6.0,6.0,4.0,2.0,1.0,Completed,2.1,1.66,2.1,1.7,2.0,1.73,2.29,1.7,2.2,1.62,2.29,1.75,2.13,1.68
WTA,2014,6,Melbourne,Australian Open,2014-01-15,Grand Slam,Outdoor,Hard,2nd Round,3,Ivanovic A.,Beck A.,14,54.0,3010,1086.0,6.0,1.0,6.0,2.0,,,2.0,0.0,Completed,1.12,6.0,1.15,5.25,1.14,5.0,1.16,6.27,1.14,5.5,1.16,7.0,1.14,5.58
WTA,2014,6,Melbourne,Australian Open,2014-01-16,Grand Slam,Outdoor,Hard,2nd Round,3,Diyas Z.,Erakovic M.,152,52.0,414,1121.0,6.0,4.0,6.0,0.0,,,2.0,0.0,Completed,2.2,1.61,2.25,1.62,2.25,1.57,2.27,1.71,2.25,1.62,2.3,1.74,2.21,1.64
WTA,2014,6,Melbourne,Australian Open,2014-01-16,Grand Slam,Outdoor,Hard,2nd Round,3,Sharapova M.,Knapp K.,3,44.0,6076,1230.0,6.0,3.0,4.0,6.0,10.0,8.0,2.0,1.0,Completed,1.05,11.0,1.04,10.0,1.05,10.0,1.05,13.0,1.04,10.0,1.07,14.0,1.04,10.55
WTA,2014,6,Melbourne,Australian Open,2014-01-16,Grand Slam,Outdoor,Hard,2nd Round,3,Cornet A.,Giorgi C.,25,99.0,1840,670.0,6.0,3.0,4.0,6.0,6.0,4.0,2.0,1.0,Completed,1.4,2.75,1.45,2.7,1.44,2.75,1.46,2.95,1.44,2.75,1.5,3.1,1.43,2.75
WTA,2014,6,Melbourne,Australian Open,2014-01-16,Grand Slam,Outdoor,Hard,2nd Round,3,Pavlyuchenkova A.,Minella M.,30,107.0,1715,621.0,6.0,2.0,6.0,2.0,,,2.0,0.0,Completed,1.4,2.75,1.38,3.0,1.36,3.0,1.43,3.05,1.36,3.0,1.45,3.2,1.39,2.9
WTA,2014,6,Melbourne,Australian Open,2014-01-16,Grand Slam,Outdoor,Hard,2nd Round,3,Svitolina E.,Rogowska O.,47,169.0,1185,381.0,6.0,4.0,7.0,5.0,,,2.0,0.0,Completed,1.3,3.4,1.28,3.5,1.3,3.5,1.33,3.64,1.25,3.75,1.35,3.8,1.3,3.41
WTA,2014,6,Melbourne,Australian Open,2014-01-16,Grand Slam,Outdoor,Hard,2nd Round,3,Suarez Navarro C.,Voskoboeva G.,16,77.0,2775,798.0,7.0,6.0,3.0,6.0,8.0,6.0,2.0,1.0,Completed,1.25,3.75,1.25,3.75,1.25,3.75,1.3,3.89,1.22,4.0,1.33,4.05,1.27,3.69
WTA,2014,6,Melbourne,Australian Open,2014-01-16,Grand Slam,Outdoor,Hard,2nd Round,3,Halep S.,Lepchenko V.,11,50.0,3335,1141.0,4.0,6.0,6.0,0.0,6.0,1.0,2.0,1.0,Completed,1.1,7.0,1.12,5.75,1.14,5.0,1.14,6.69,1.1,6.0,1.15,8.0,1.11,6.12
WTA,2014,6,Melbourne,Australian Open,2014-01-16,Grand Slam,Outdoor,Hard,2nd Round,3,Cibulkova D.,Voegele S.,24,46.0,1856,1190.0,6.0,0.0,6.0,1.0,,,2.0,0.0,Completed,1.44,2.62,1.48,2.6,1.5,2.5,1.5,2.81,1.44,2.75,1.57,2.8,1.47,2.61
WTA,2014,6,Melbourne,Australian Open,2014-01-16,Grand Slam,Outdoor,Hard,2nd Round,3,Muguruza G.,Schmiedlova A.,38,81.0,1280,768.0,6.0,3.0,6.0,3.0,,,2.0,0.0,Completed,1.12,6.0,1.15,5.25,1.17,4.5,1.16,6.16,1.17,5.0,1.17,6.3,1.14,5.43
WTA,2014,6,Melbourne,Australian Open,2014-01-16,Grand Slam,Outdoor,Hard,2nd Round,3,Wozniacki C.,Mchale C.,10,62.0,3520,961.0,6.0,0.0,1.0,6.0,6.0,2.0,2.0,1.0,Completed,1.25,3.75,1.25,3.75,1.25,4.0,1.26,4.3,1.22,4.0,1.3,4.25,1.25,3.8
WTA,2014,6,Melbourne,Australian Open,2014-01-16,Grand Slam,Outdoor,Hard,2nd Round,3,Radwanska A.,Govortsova O.,5,98.0,5470,681.0,6.0,0.0,7.0,5.0,,,2.0,0.0,Completed,1.05,11.0,1.04,10.0,1.05,10.0,1.07,11.25,1.06,8.5,1.08,15.0,1.05,9.67
WTA,2014,6,Melbourne,Australian Open,2014-01-16,Grand Slam,Outdoor,Hard,2nd Round,3,Stephens S.,Tomljanovic A.,13,67.0,3075,871.0,3.0,6.0,6.0,2.0,7.0,5.0,2.0,1.0,Completed,1.16,4.5,1.18,4.5,1.2,4.5,1.22,4.97,1.2,4.5,1.22,5.5,1.18,4.61
WTA,2014,6,Melbourne,Australian Open,2014-01-16,Grand Slam,Outdoor,Hard,2nd Round,3,Azarenka V.,Zahlavova Strycova B.,2,84.0,8151,764.0,6.0,1.0,6.0,4.0,,,2.0,0.0,Completed,1.04,13.0,1.03,11.0,1.03,12.0,1.04,14.5,1.03,11.0,1.06,16.0,1.03,11.27
WTA,2014,6,Melbourne,Australian Open,2014-01-16,Grand Slam,Outdoor,Hard,2nd Round,3,Jankovic J.,Morita A.,8,61.0,4230,962.0,6.0,2.0,6.0,0.0,,,2.0,0.0,Completed,1.07,9.0,1.08,7.5,1.08,7.0,1.08,10.25,1.08,7.5,1.1,9.5,1.07,8.19
WTA,2014,6,Melbourne,Australian Open,2014-01-16,Grand Slam,Outdoor,Hard,2nd Round,3,Nara K.,Rybarikova M.,74,35.0,832,1450.0,6.0,4.0,6.0,3.0,,,2.0,0.0,Completed,2.37,1.53,2.45,1.52,2.38,1.53,2.52,1.59,2.25,1.62,2.5,1.67,2.31,1.58
WTA,2014,6,Melbourne,Australian Open,2014-01-16,Grand Slam,Outdoor,Hard,2nd Round,3,Meusburger Y.,Jovanovski B.,49,34.0,1158,1475.0,3.0,6.0,6.0,3.0,6.0,2.0,2.0,1.0,Completed,2.37,1.53,2.4,1.55,2.25,1.57,2.44,1.63,2.5,1.53,2.5,1.67,2.36,1.57
WTA,2014,6,Melbourne,Australian Open,2014-01-17,Grand Slam,Outdoor,Hard,3rd Round,3,Kerber A.,Riske A.,9,53.0,4070,1110.0,6.0,3.0,6.0,4.0,,,2.0,0.0,Completed,1.3,3.4,1.28,3.5,1.29,3.75,1.33,3.77,1.29,3.5,1.35,4.0,1.28,3.57
WTA,2014,6,Melbourne,Australian Open,2014-01-17,Grand Slam,Outdoor,Hard,3rd Round,3,Pennetta F.,Barthel M.,29,39.0,1735,1275.0,6.0,1.0,7.0,5.0,,,2.0,0.0,Completed,1.33,3.25,1.35,3.1,1.4,3.0,1.45,3.04,1.4,2.88,1.5,3.25,1.37,3.01
WTA,2014,6,Melbourne,Australian Open,2014-01-17,Grand Slam,Outdoor,Hard,3rd Round,3,Williams S.,Hantuchova D.,1,33.0,13260,1475.0,6.0,3.0,6.0,3.0,,,2.0,0.0,Completed,1.01,26.0,1.01,13.0,1.02,17.0,1.03,21.0,1.01,15.0,1.03,31.0,1.01,17.57
WTA,2014,6,Melbourne,Australian Open,2014-01-17,Grand Slam,Outdoor,Hard,3rd Round,3,Li N.,Safarova L.,4,26.0,5970,1775.0,1.0,6.0,7.0,6.0,6.0,3.0,2.0,1.0,Completed,1.12,6.0,1.1,6.5,1.12,6.0,1.14,7.08,1.13,6.0,1.14,7.05,1.12,6.13
WTA,2014,6,Melbourne,Australian Open,2014-01-17,Grand Slam,Outdoor,Hard,3rd Round,3,Makarova E.,Niculescu M.,22,64.0,2061,955.0,6.0,4.0,6.0,4.0,,,2.0,0.0,Completed,1.44,2.62,1.45,2.7,1.44,2.75,1.49,2.87,1.44,2.75,1.53,2.88,1.45,2.68
WTA,2014,6,Melbourne,Australian Open,2014-01-17,Grand Slam,Outdoor,Hard,3rd Round,3,Bouchard E.,Davis L.,31,68.0,1629,865.0,6.0,2.0,6.0,2.0,,,2.0,0.0,Completed,1.28,3.5,1.28,3.5,1.33,3.4,1.36,3.49,1.33,3.25,1.36,3.73,1.31,3.35
WTA,2014,6,Melbourne,Australian Open,2014-01-17,Grand Slam,Outdoor,Hard,3rd Round,3,Dellacqua C.,Zheng J.,120,56.0,532,1073.0,6.0,2.0,6.0,4.0,,,2.0,0.0,Completed,1.61,2.2,1.65,2.2,1.73,2.1,1.78,2.19,1.67,2.2,1.78,2.35,1.66,2.18
WTA,2014,6,Melbourne,Australian Open,2014-01-17,Grand Slam,Outdoor,Hard,3rd Round,3,Ivanovic A.,Stosur S.,14,17.0,3010,2675.0,6.0,7.0,6.0,4.0,6.0,2.0,2.0,1.0,Completed,1.61,2.2,1.62,2.25,1.73,2.1,1.65,2.43,1.67,2.2,1.74,2.38,1.65,2.19
WTA,2014,6,Melbourne,Australian Open,2014-01-18,Grand Slam,Outdoor,Hard,3rd Round,3,Sharapova M.,Cornet A.,3,25.0,6076,1840.0,6.0,1.0,7.0,6.0,,,2.0,0.0,Completed,1.1,7.0,1.11,6.0,1.11,6.5,1.16,6.47,1.1,7.0,1.16,7.0,1.12,6.25
WTA,2014,6,Melbourne,Australian Open,2014-01-18,Grand Slam,Outdoor,Hard,3rd Round,3,Halep S.,Diyas Z.,11,152.0,3335,414.0,6.0,1.0,6.0,4.0,,,2.0,0.0,Completed,1.06,10.0,1.05,9.0,1.08,8.0,1.07,11.97,1.05,9.0,1.08,13.0,1.06,9.38
WTA,2014,6,Melbourne,Australian Open,2014-01-18,Grand Slam,Outdoor,Hard,3rd Round,3,Jankovic J.,Nara K.,8,74.0,4230,832.0,6.0,4.0,7.0,5.0,,,2.0,0.0,Completed,1.11,6.5,1.11,6.0,1.12,6.0,1.14,7.1,1.14,5.5,1.14,7.5,1.12,6.11
WTA,2014,6,Melbourne,Australian Open,2014-01-18,Grand Slam,Outdoor,Hard,3rd Round,3,Cibulkova D.,Suarez Navarro C.,24,16.0,1856,2775.0,6.0,1.0,6.0,0.0,,,2.0,0.0,Completed,1.44,2.75,1.45,2.7,1.5,2.62,1.55,2.67,1.44,2.75,1.57,2.85,1.48,2.61
WTA,2014,6,Melbourne,Australian Open,2014-01-18,Grand Slam,Outdoor,Hard,3rd Round,3,Stephens S.,Svitolina E.,13,47.0,3075,1185.0,7.0,5.0,6.0,4.0,,,2.0,0.0,Completed,1.28,3.75,1.25,3.75,1.25,4.0,1.29,4.09,1.25,3.75,1.33,4.09,1.27,3.67
WTA,2014,6,Melbourne,Australian Open,2014-01-18,Grand Slam,Outdoor,Hard,3rd Round,3,Radwanska A.,Pavlyuchenkova A.,5,30.0,5470,1715.0,5.0,7.0,6.0,2.0,6.0,2.0,2.0,1.0,Completed,1.22,4.33,1.18,4.5,1.2,4.5,1.26,4.43,1.17,5.0,1.26,5.0,1.2,4.41
WTA,2014,6,Melbourne,Australian Open,2014-01-18,Grand Slam,Outdoor,Hard,3rd Round,3,Muguruza G.,Wozniacki C.,38,10.0,1280,3520.0,4.0,6.0,7.0,5.0,6.0,3.0,2.0,1.0,Completed,2.0,1.8,2.05,1.75,2.0,1.8,2.23,1.75,2.0,1.8,2.3,1.85,2.02,1.77
WTA,2014,6,Melbourne,Australian Open,2014-01-18,Grand Slam,Outdoor,Hard,3rd Round,3,Azarenka V.,Meusburger Y.,2,49.0,8151,1158.0,6.0,1.0,6.0,0.0,,,2.0,0.0,Completed,1.04,13.0,1.03,11.0,1.05,10.0,1.04,17.0,1.05,9.0,1.05,17.75,1.03,12.11
WTA,2014,6,Melbourne,Australian Open,2014-01-19,Grand Slam,Outdoor,Hard,4th Round,3,Pennetta F.,Kerber A.,29,9.0,1735,4070.0,6.0,1.0,4.0,6.0,7.0,5.0,2.0,1.0,Completed,2.75,1.44,2.7,1.45,2.62,1.5,2.92,1.48,2.63,1.5,2.92,1.5,2.69,1.45
WTA,2014,6,Melbourne,Australian Open,2014-01-19,Grand Slam,Outdoor,Hard,4th Round,3,Li N.,Makarova E.,4,22.0,5970,2061.0,6.0,2.0,6.0,0.0,,,2.0,0.0,Completed,1.25,4.0,1.25,3.75,1.29,3.75,1.29,4.05,1.25,4.0,1.33,4.05,1.26,3.75
WTA,2014,6,Melbourne,Australian Open,2014-01-19,Grand Slam,Outdoor,Hard,4th Round,3,Ivanovic A.,Williams S.,14,1.0,3010,13260.0,4.0,6.0,6.0,3.0,6.0,3.0,2.0,1.0,Completed,10.0,1.06,8.5,1.06,10.0,1.05,12.25,1.05,9.0,1.06,13.0,1.09,9.4,1.06
WTA,2014,6,Melbourne,Australian Open,2014-01-19,Grand Slam,Outdoor,Hard,4th Round,3,Bouchard E.,Dellacqua C.,31,120.0,1629,532.0,6.0,7.0,6.0,2.0,6.0,0.0,2.0,1.0,Completed,1.4,3.0,1.4,2.9,1.4,3.0,1.43,3.1,1.4,3.0,1.45,3.2,1.4,2.87
WTA,2014,6,Melbourne,Australian Open,2014-01-20,Grand Slam,Outdoor,Hard,4th Round,3,Cibulkova D.,Sharapova M.,24,3.0,1856,6076.0,3.0,6.0,6.0,4.0,6.0,1.0,2.0,1.0,Completed,3.25,1.36,3.1,1.35,3.25,1.36,3.49,1.36,3.25,1.36,3.55,1.42,3.16,1.35
WTA,2014,6,Melbourne,Australian Open,2014-01-20,Grand Slam,Outdoor,Hard,4th Round,3,Halep S.,Jankovic J.,11,8.0,3335,4230.0,6.0,4.0,2.0,6.0,6.0,0.0,2.0,1.0,Completed,1.72,2.1,1.7,2.1,1.67,2.2,1.71,2.29,1.67,2.25,1.78,2.29,1.69,2.13
WTA,2014,6,Melbourne,Australian Open,2014-01-20,Grand Slam,Outdoor,Hard,4th Round,3,Azarenka V.,Stephens S.,2,13.0,8151,3075.0,6.0,3.0,6.0,2.0,,,2.0,0.0,Completed,1.12,6.0,1.15,5.25,1.17,5.0,1.15,6.54,1.18,5.0,1.18,6.54,1.15,5.41
WTA,2014,6,Melbourne,Australian Open,2014-01-20,Grand Slam,Outdoor,Hard,4th Round,3,Radwanska A.,Muguruza G.,5,38.0,5470,1280.0,6.0,1.0,6.0,3.0,,,2.0,0.0,Completed,1.44,2.75,1.45,2.7,1.44,2.75,1.45,3.02,1.5,2.63,1.5,3.15,1.44,2.78
WTA,2014,6,Melbourne,Australian Open,2014-01-21,Grand Slam,Outdoor,Hard,Quarterfinals,3,Li N.,Pennetta F.,4,29.0,5970,1735.0,6.0,2.0,6.0,2.0,,,2.0,0.0,Completed,1.2,4.5,1.22,4.0,1.22,4.33,1.23,4.9,1.25,4.0,1.27,4.9,1.22,4.23
WTA,2014,6,Melbourne,Australian Open,2014-01-21,Grand Slam,Outdoor,Hard,Quarterfinals,3,Bouchard E.,Ivanovic A.,31,14.0,1629,3010.0,5.0,7.0,7.0,5.0,6.0,2.0,2.0,1.0,Completed,3.5,1.3,3.1,1.35,3.25,1.36,3.6,1.35,3.25,1.36,3.6,1.4,3.21,1.34
WTA,2014,6,Melbourne,Australian Open,2014-01-22,Grand Slam,Outdoor,Hard,Quarterfinals,3,Cibulkova D.,Halep S.,24,11.0,1856,3335.0,6.0,3.0,6.0,0.0,,,2.0,0.0,Completed,2.37,1.57,2.35,1.58,2.25,1.62,2.55,1.6,2.38,1.57,2.55,1.65,2.35,1.59
WTA,2014,6,Melbourne,Australian Open,2014-01-22,Grand Slam,Outdoor,Hard,Quarterfinals,3,Radwanska A.,Azarenka V.,5,2.0,5470,8151.0,6.0,1.0,5.0,7.0,6.0,0.0,2.0,1.0,Completed,5.0,1.16,4.75,1.17,5.0,1.17,5.17,1.21,5.5,1.17,5.75,1.22,4.97,1.17
WTA,2014,6,Melbourne,Australian Open,2014-01-23,Grand Slam,Outdoor,Hard,Semifinals,3,Li N.,Bouchard E.,4,31.0,5970,1629.0,6.0,2.0,6.0,4.0,,,2.0,0.0,Completed,1.2,4.5,1.22,4.0,1.22,4.33,1.25,4.7,1.22,4.33,1.27,4.8,1.22,4.3
WTA,2014,6,Melbourne,Australian Open,2014-01-23,Grand Slam,Outdoor,Hard,Semifinals,3,Cibulkova D.,Radwanska A.,24,5.0,1856,5470.0,6.0,1.0,6.0,2.0,,,2.0,0.0,Completed,2.75,1.44,2.7,1.45,2.75,1.44,3.1,1.44,2.88,1.44,3.2,1.48,2.83,1.43
WTA,2014,6,Melbourne,Australian Open,2014-01-25,Grand Slam,Outdoor,Hard,The Final,3,Li N.,Cibulkova D.,4,24.0,5970,1856.0,7.0,6.0,6.0,0.0,,,2.0,0.0,Completed,1.36,3.25,1.35,3.1,1.4,3.0,1.41,3.28,1.36,3.25,1.44,3.35,1.37,3.11
WTA,2014,28,Paris,French Open,2014-05-25,Grand Slam,Outdoor,Clay,1st Round,3,Radwanska A.,Zhang S.,3,36.0,6360,1373.0,6.0,3.0,6.0,0.0,,,2.0,0.0,Completed,1.06,10.0,1.07,8.0,1.07,8.5,1.07,11.25,1.07,8.0,1.08,11.25,1.06,8.94
WTA,2014,28,Paris,French Open,2014-05-25,Grand Slam,Outdoor,Clay,1st Round,3,Schmiedlova A.,Zheng J.,56,70.0,1004,839.0,6.0,7.0,6.0,3.0,6.0,4.0,2.0,1.0,Completed,1.44,2.62,1.48,2.6,1.5,2.5,1.53,2.71,1.53,2.5,1.57,2.75,1.5,2.57
WTA,2014,28,Paris,French Open,2014-05-25,Grand Slam,Outdoor,Clay,1st Round,3,Hantuchova D.,Jaksic J.,31,109.0,1461,557.0,2.0,6.0,6.0,2.0,6.0,4.0,2.0,1.0,Completed,1.36,3.0,1.35,3.1,1.4,2.75,1.4,3.22,1.36,3.0,1.44,3.25,1.38,2.99
WTA,2014,28,Paris,French Open,2014-05-25,Grand Slam,Outdoor,Clay,1st Round,3,Williams V.,Bencic B.,29,80.0,1531,734.0,6.0,4.0,6.0,1.0,,,2.0,0.0,Completed,1.57,2.25,1.58,2.35,1.53,2.38,1.7,2.29,1.67,2.2,1.7,2.45,1.61,2.27
WTA,2014,28,Paris,French Open,2014-05-25,Grand Slam,Outdoor,Clay,1st Round,3,Suarez Navarro C.,Beygelzimer Y.,15,157.0,2785,395.0,7.0,5.0,7.0,5.0,,,2.0,0.0,Completed,1.04,13.0,1.05,9.0,1.04,9.0,1.05,13.0,1.05,10.0,1.06,14.0,1.04,11.01
WTA,2014,28,Paris,French Open,2014-05-25,Grand Slam,Outdoor,Clay,1st Round,3,Williams S.,Lim A.,1,135.0,11590,458.0,6.0,2.0,6.0,1.0,,,2.0,0.0,Completed,1.002,34.0,1.01,13.0,1.0,34.0,1.01,31.0,1.01,23.0,1.01,41.0,1.01,21.57
WTA,2014,28,Paris,French Open,2014-05-25,Grand Slam,Outdoor,Clay,1st Round,3,Feuerstein C.,Govortsova O.,120,105.0,519,590.0,6.0,1.0,7.0,5.0,,,2.0,0.0,Completed,2.1,1.66,2.15,1.68,2.1,1.67,2.17,1.78,2.2,1.67,2.35,1.78,2.14,1.69
WTA,2014,28,Paris,French Open,2014-05-25,Grand Slam,Outdoor,Clay,1st Round,3,Niculescu M.,Kanepi K.,76,39.0,775,1312.0,5.0,7.0,6.0,3.0,6.0,1.0,2.0,1.0,Completed,2.62,1.44,2.5,1.5,2.75,1.4,2.76,1.51,2.75,1.44,2.95,1.54,2.61,1.48
WTA,2014,28,Paris,French Open,2014-05-25,Grand Slam,Outdoor,Clay,1st Round,3,Meusburger Y.,Hesse A.,38,219.0,1315,264.0,3.0,6.0,6.0,3.0,6.0,4.0,2.0,1.0,Completed,1.12,6.0,1.13,5.5,1.14,5.0,1.16,6.12,1.14,5.5,1.16,7.0,1.13,5.83
WTA,2014,28,Paris,French Open,2014-05-25,Grand Slam,Outdoor,Clay,1st Round,3,Muguruza G.,Min G.,35,130.0,1375,486.0,7.0,5.0,7.0,6.0,,,2.0,0.0,Completed,1.5,2.5,1.45,2.7,1.5,2.5,1.53,2.71,1.4,2.88,1.59,2.88,1.49,2.59
WTA,2014,28,Paris,French Open,2014-05-25,Grand Slam,Outdoor,Clay,1st Round,3,Pironkova T.,Beck A.,42,51.0,1266,1120.0,6.0,7.0,6.0,3.0,6.0,2.0,2.0,1.0,Completed,2.75,1.4,3.0,1.38,3.25,1.33,2.97,1.45,3.25,1.33,3.25,1.45,2.99,1.38
WTA,2014,28,Paris,French Open,2014-05-25,Grand Slam,Outdoor,Clay,1st Round,3,Tomljanovic A.,Schiavone F.,72,54.0,820,1045.0,6.0,3.0,6.0,3.0,,,2.0,0.0,Completed,2.5,1.5,2.4,1.55,2.5,1.5,2.34,1.68,2.38,1.57,2.6,1.68,2.4,1.56
WTA,2014,28,Paris,French Open,2014-05-25,Grand Slam,Outdoor,Clay,1st Round,3,Kerber A.,Piter K.,9,95.0,3870,648.0,6.0,3.0,6.0,1.0,,,2.0,0.0,Completed,1.06,10.0,1.05,9.0,1.06,9.0,1.07,11.25,1.05,9.0,1.08,11.25,1.06,9.23
WTA,2014,28,Paris,French Open,2014-05-25,Grand Slam,Outdoor,Clay,1st Round,3,Larsson J.,Kirilenko M.,99,46.0,628,1188.0,6.0,1.0,6.0,2.0,,,2.0,0.0,Completed,2.25,1.57,2.1,1.7,2.25,1.57,2.27,1.71,2.2,1.67,2.27,1.75,2.16,1.67
WTA,2014,28,Paris,French Open,2014-05-25,Grand Slam,Outdoor,Clay,1st Round,3,Lepchenko V.,Cetkovska P.,58,59.0,993,982.0,6.0,4.0,6.0,1.0,,,2.0,0.0,Completed,2.5,1.5,2.35,1.58,2.2,1.62,2.52,1.6,2.25,1.62,2.6,1.63,2.36,1.57
WTA,2014,28,Paris,French Open,2014-05-26,Grand Slam,Outdoor,Clay,1st Round,3,Cibulkova D.,Razzano V.,10,78.0,3705,766.0,7.0,5.0,6.0,0.0,,,2.0,0.0,Completed,1.14,5.5,1.11,6.0,1.1,7.0,1.16,6.12,1.08,7.5,1.16,7.5,1.12,6.01
WTA,2014,28,Paris,French Open,2014-05-26,Grand Slam,Outdoor,Clay,1st Round,3,Lisicki S.,Ferro F.,17,416.0,2556,90.0,6.0,1.0,7.0,5.0,,,2.0,0.0,Completed,1.07,9.0,1.03,11.0,1.02,11.0,1.09,8.91,1.02,13.0,1.09,13.5,1.04,10.96
WTA,2014,28,Paris,French Open,2014-05-26,Grand Slam,Outdoor,Clay,1st Round,3,Barthel M.,Knapp K.,74,49.0,785,1140.0,6.0,4.0,6.0,0.0,,,2.0,0.0,Completed,1.66,2.1,1.68,2.15,1.67,2.1,1.71,2.28,1.67,2.2,1.75,2.28,1.7,2.12
WTA,2014,28,Paris,French Open,2014-05-26,Grand Slam,Outdoor,Clay,1st Round,3,Paszek T.,Van Uytvanck A.,155,93.0,399,685.0,6.0,2.0,7.0,6.0,,,2.0,0.0,Completed,1.57,2.25,1.58,2.35,1.57,2.25,1.61,2.48,1.67,2.2,1.67,2.5,1.57,2.38
WTA,2014,28,Paris,French Open,2014-05-26,Grand Slam,Outdoor,Clay,1st Round,3,Pennetta F.,Mayr P.,13,73.0,3259,793.0,6.0,2.0,6.0,2.0,,,2.0,0.0,Completed,1.12,6.0,1.12,5.75,1.1,6.5,1.19,5.39,1.13,6.0,1.19,6.5,1.14,5.57
WTA,2014,28,Paris,French Open,2014-05-26,Grand Slam,Outdoor,Clay,1st Round,3,Bacsinszky T.,Zanevska M.,112,136.0,547,455.0,6.0,1.0,6.0,4.0,,,2.0,0.0,Completed,1.28,3.5,1.3,3.4,1.3,3.4,1.37,3.39,1.36,3.0,1.37,3.57,1.31,3.35
WTA,2014,28,Paris,French Open,2014-05-26,Grand Slam,Outdoor,Clay,1st Round,3,Sharapova M.,Pervak K.,8,156.0,4141,396.0,6.0,1.0,6.0,2.0,,,2.0,0.0,Completed,1.02,15.0,1.03,11.0,1.02,15.0,1.03,17.5,1.03,12.0,1.04,21.0,1.03,13.47
WTA,2014,28,Paris,French Open,2014-05-26,Grand Slam,Outdoor,Clay,1st Round,3,Shvedova Y.,Davis L.,69,66.0,859,890.0,3.0,6.0,7.0,5.0,6.0,4.0,2.0,1.0,Completed,1.5,2.5,1.5,2.5,1.44,2.62,1.59,2.53,1.53,2.5,1.59,2.9,1.51,2.53
WTA,2014,28,Paris,French Open,2014-05-26,Grand Slam,Outdoor,Clay,1st Round,3,Bouchard E.,Peer S.,16,88.0,2640,700.0,6.0,0.0,6.0,2.0,,,2.0,0.0,Completed,1.06,9.0,1.07,8.0,1.07,7.5,1.09,9.16,1.08,8.0,1.1,10.5,1.07,8.56
WTA,2014,28,Paris,French Open,2014-05-26,Grand Slam,Outdoor,Clay,1st Round,3,Parmentier P.,Vinci R.,145,20.0,421,2420.0,3.0,6.0,6.0,3.0,6.0,2.0,2.0,1.0,Completed,5.0,1.16,5.25,1.15,5.5,1.12,5.46,1.19,5.0,1.17,6.0,1.19,5.23,1.15
WTA,2014,28,Paris,French Open,2014-05-26,Grand Slam,Outdoor,Clay,1st Round,3,Vesnina E.,Mchale C.,32,52.0,1455,1089.0,7.0,6.0,4.0,6.0,6.0,3.0,2.0,1.0,Completed,2.0,1.72,2.0,1.8,2.1,1.67,2.23,1.74,2.1,1.73,2.25,1.81,2.08,1.73
WTA,2014,28,Paris,French Open,2014-05-26,Grand Slam,Outdoor,Clay,1st Round,3,Voegele S.,Friedsam A.L.,71,108.0,835,570.0,6.0,7.0,7.0,5.0,6.0,2.0,2.0,1.0,Completed,1.66,2.1,1.75,2.05,1.67,2.1,1.75,2.21,1.67,2.2,1.75,2.25,1.7,2.13
WTA,2014,28,Paris,French Open,2014-05-26,Grand Slam,Outdoor,Clay,1st Round,3,Ormaechea P.,Oprandi R.,75,189.0,778,324.0,7.0,5.0,6.0,2.0,,,2.0,0.0,Completed,1.8,1.9,1.88,1.88,1.83,1.83,1.92,1.99,1.91,1.91,1.94,2.0,1.86,1.9
WTA,2014,28,Paris,French Open,2014-05-26,Grand Slam,Outdoor,Clay,1st Round,3,Stosur S.,Puig M.,18,41.0,2485,1283.0,6.0,1.0,6.0,1.0,,,2.0,0.0,Completed,1.57,2.25,1.6,2.3,1.44,2.62,1.62,2.46,1.57,2.38,1.63,2.62,1.56,2.39
WTA,2014,28,Paris,French Open,2014-05-26,Grand Slam,Outdoor,Clay,1st Round,3,Cornet A.,Barty A.,21,172.0,2085,365.0,6.0,2.0,6.0,1.0,,,2.0,0.0,Completed,1.22,4.0,1.2,4.3,1.17,5.0,1.23,4.73,1.2,4.5,1.24,5.25,1.2,4.46
WTA,2014,28,Paris,French Open,2014-05-26,Grand Slam,Outdoor,Clay,1st Round,3,Goerges J.,Larcherde Brito M.,107,99.0,580,628.0,6.0,2.0,6.0,3.0,,,2.0,0.0,Completed,1.36,3.0,1.38,3.0,1.4,2.75,1.43,3.05,1.36,3.0,1.43,3.3,1.37,3.02
WTA,2014,28,Paris,French Open,2014-05-26,Grand Slam,Outdoor,Clay,1st Round,3,Pliskova Ka.,Johansson M.,53,139.0,1083,440.0,6.0,1.0,7.0,6.0,,,2.0,0.0,Completed,1.36,3.0,1.38,3.0,1.3,3.4,1.43,3.04,1.36,3.0,1.43,3.5,1.36,3.06
WTA,2014,28,Paris,French Open,2014-05-26,Grand Slam,Outdoor,Clay,1st Round,3,Townsend T.,King V.,205,65.0,282,901.0,7.0,5.0,6.0,1.0,,,2.0,0.0,Completed,2.1,1.66,2.2,1.65,2.1,1.67,2.27,1.71,2.2,1.67,2.4,1.75,2.18,1.66
WTA,2014,28,Paris,French Open,2014-05-26,Grand Slam,Outdoor,Clay,1st Round,3,Nara K.,Tatishvili A.,44,111.0,1234,553.0,6.0,1.0,6.0,4.0,,,2.0,0.0,Completed,1.36,3.0,1.45,2.7,1.44,2.62,1.47,2.9,1.44,2.63,1.47,3.0,1.43,2.77
WTA,2014,28,Paris,French Open,2014-05-26,Grand Slam,Outdoor,Clay,1st Round,3,Erakovic M.,Kichenok N.,61,115.0,958,541.0,6.0,2.0,6.0,1.0,,,2.0,0.0,Completed,1.28,3.5,1.3,3.4,1.33,3.25,1.28,4.06,1.29,3.5,1.33,4.06,1.29,3.57
WTA,2014,28,Paris,French Open,2014-05-26,Grand Slam,Outdoor,Clay,1st Round,3,Kvitova P.,Diyas Z.,6,86.0,4600,717.0,7.0,5.0,6.0,2.0,,,2.0,0.0,Completed,1.11,6.0,1.12,5.75,1.12,6.0,1.13,7.21,1.14,5.5,1.15,7.21,1.12,5.97
WTA,2014,28,Paris,French Open,2014-05-26,Grand Slam,Outdoor,Clay,1st Round,3,Petkovic A.,Doi M.,27,97.0,1710,645.0,6.0,3.0,6.0,3.0,,,2.0,0.0,Completed,1.1,7.0,1.1,6.5,1.1,6.5,1.1,8.52,1.13,6.0,1.13,8.6,1.1,6.91
WTA,2014,28,Paris,French Open,2014-05-27,Grand Slam,Outdoor,Clay,1st Round,3,Bertens K.,Cadantu A.,148,81.0,417,734.0,7.0,6.0,6.0,1.0,,,2.0,0.0,Completed,1.14,5.5,1.18,4.5,1.17,4.5,1.18,5.54,1.17,5.0,1.2,5.54,1.17,4.95
WTA,2014,28,Paris,French Open,2014-05-27,Grand Slam,Outdoor,Clay,1st Round,3,Pavlyuchenkova A.,Date Krumm K.,25,66.0,1915,890.0,6.0,3.0,0.0,6.0,6.0,2.0,2.0,1.0,Completed,1.06,8.0,1.12,5.75,1.1,6.5,1.13,7.55,1.1,7.0,1.13,8.0,1.1,6.59
WTA,2014,28,Paris,French Open,2014-05-27,Grand Slam,Outdoor,Clay,1st Round,3,Giorgi C.,Jovanovski B.,50,37.0,1120,1320.0,6.0,4.0,6.0,3.0,,,2.0,0.0,Completed,1.4,2.75,1.4,2.9,1.4,2.75,1.4,3.21,1.4,2.88,1.42,3.21,1.38,2.97
WTA,2014,28,Paris,French Open,2014-05-27,Grand Slam,Outdoor,Clay,1st Round,3,Halep S.,Kleybanova A.,4,87.0,5140,700.0,6.0,0.0,6.0,2.0,,,2.0,0.0,Completed,1.07,8.0,1.1,6.5,1.08,8.0,1.07,10.75,1.07,8.0,1.1,10.75,1.08,7.61
WTA,2014,28,Paris,French Open,2014-05-27,Grand Slam,Outdoor,Clay,1st Round,3,Mladenovic K.,Li N.,103,2.0,590,7540.0,7.0,5.0,3.0,6.0,6.0,1.0,2.0,1.0,Completed,9.0,1.05,10.0,1.04,10.0,1.05,12.75,1.06,8.5,1.06,13.0,1.07,10.49,1.05
WTA,2014,28,Paris,French Open,2014-05-27,Grand Slam,Outdoor,Clay,1st Round,3,Pereira T.,Kumkhum L.,94,114.0,663,543.0,4.0,6.0,6.0,1.0,6.0,1.0,2.0,1.0,Completed,1.22,4.0,1.33,3.2,1.33,3.25,1.29,3.97,1.29,3.5,1.34,4.0,1.3,3.49
WTA,2014,28,Paris,French Open,2014-05-27,Grand Slam,Outdoor,Clay,1st Round,3,Riske A.,Lucic M.,45,100.0,1216,621.0,7.0,6.0,6.0,3.0,,,2.0,0.0,Completed,1.72,2.0,1.8,2.0,1.73,2.0,1.8,2.13,1.8,2.0,1.84,2.13,1.79,2.0
WTA,2014,28,Paris,French Open,2014-05-27,Grand Slam,Outdoor,Clay,1st Round,3,Kuznetsova S.,Shapatava S.,28,204.0,1706,285.0,6.0,3.0,6.0,1.0,,,2.0,0.0,Completed,1.07,8.0,1.08,7.5,1.08,7.0,1.06,12.25,1.08,7.5,1.09,12.25,1.06,8.75
WTA,2014,28,Paris,French Open,2014-05-27,Grand Slam,Outdoor,Clay,1st Round,3,Watson H.,Zahlavova Strycova B.,92,63.0,685,944.0,6.0,3.0,6.0,4.0,,,2.0,0.0,Completed,1.28,3.5,1.35,3.1,1.36,3.0,1.34,3.6,1.33,3.25,1.37,3.6,1.33,3.24
WTA,2014,28,Paris,French Open,2014-05-27,Grand Slam,Outdoor,Clay,1st Round,3,Cirstea S.,Wozniak A.,26,149.0,1710,416.0,6.0,7.0,7.0,5.0,6.0,2.0,2.0,1.0,Completed,1.57,2.25,1.68,2.15,1.57,2.25,1.65,2.4,1.62,2.25,1.8,2.5,1.64,2.22
WTA,2014,28,Paris,French Open,2014-05-27,Grand Slam,Outdoor,Clay,1st Round,3,Soler Espinosa S.,Scheepers C.,85,96.0,724,645.0,6.0,2.0,6.0,3.0,,,2.0,0.0,Completed,2.1,1.66,2.05,1.75,2.0,1.73,2.29,1.69,2.2,1.67,2.4,1.75,2.13,1.7
WTA,2014,28,Paris,French Open,2014-05-27,Grand Slam,Outdoor,Clay,1st Round,3,Hercog P.,Cepelova J.,62,60.0,955,976.0,6.0,2.0,6.0,3.0,,,2.0,0.0,Completed,1.36,3.0,1.38,3.0,1.4,2.75,1.43,3.05,1.36,3.0,1.43,3.15,1.38,2.96
WTA,2014,28,Paris,French Open,2014-05-27,Grand Slam,Outdoor,Clay,1st Round,3,Svitolina E.,Martic P.,33,104.0,1415,590.0,5.0,0.0,,,,,0.0,0.0,Retired,1.22,4.0,1.25,3.75,1.25,3.75,1.26,4.34,1.25,3.75,1.28,4.34,1.25,3.89
WTA,2014,28,Paris,French Open,2014-05-27,Grand Slam,Outdoor,Clay,1st Round,3,Stephens S.,Peng S.,19,57.0,2481,995.0,6.0,4.0,7.0,6.0,,,2.0,0.0,Completed,1.72,2.0,1.85,1.9,1.8,2.0,1.9,2.01,1.8,2.0,1.9,2.1,1.81,1.97
WTA,2014,28,Paris,French Open,2014-05-27,Grand Slam,Outdoor,Clay,1st Round,3,Ivanovic A.,Garcia C.,12,43.0,3455,1264.0,6.0,1.0,6.0,3.0,,,2.0,0.0,Completed,1.22,4.0,1.25,3.75,1.25,4.0,1.26,4.38,1.25,3.75,1.3,4.5,1.25,3.83
WTA,2014,28,Paris,French Open,2014-05-27,Grand Slam,Outdoor,Clay,1st Round,3,Jankovic J.,Fichman S.,7,77.0,4255,767.0,5.0,7.0,6.0,1.0,6.0,3.0,2.0,1.0,Completed,1.07,8.0,1.08,7.5,1.08,8.0,1.1,8.52,1.08,7.5,1.17,9.15,1.08,7.55
WTA,2014,28,Paris,French Open,2014-05-27,Grand Slam,Outdoor,Clay,1st Round,3,Wickmayer Y.,Wozniacki C.,64,14.0,927,2790.0,7.0,6.0,4.0,6.0,6.0,2.0,2.0,1.0,Completed,3.75,1.25,3.75,1.25,3.75,1.25,4.42,1.25,3.25,1.33,4.45,1.33,3.86,1.25
WTA,2014,28,Paris,French Open,2014-05-27,Grand Slam,Outdoor,Clay,1st Round,3,Glushko J.,Vekic D.,98,67.0,641,884.0,7.0,5.0,2.0,6.0,6.0,4.0,2.0,1.0,Completed,2.37,1.53,2.4,1.55,2.38,1.53,2.45,1.63,2.38,1.57,2.45,1.67,2.36,1.58
WTA,2014,28,Paris,French Open,2014-05-27,Grand Slam,Outdoor,Clay,1st Round,3,Pfizenmaier D.,Cabeza-Candela E.,90,127.0,696,500.0,4.0,6.0,6.0,3.0,6.0,3.0,2.0,1.0,Completed,1.53,2.37,1.58,2.35,1.53,2.38,1.57,2.59,1.62,2.25,1.62,2.59,1.56,2.39
WTA,2014,28,Paris,French Open,2014-05-27,Grand Slam,Outdoor,Clay,1st Round,3,Flipkens K.,Kovinic D.,22,106.0,2010,583.0,7.0,6.0,6.0,2.0,,,2.0,0.0,Completed,2.75,1.4,3.1,1.35,2.75,1.4,3.22,1.4,2.75,1.44,3.22,1.5,2.82,1.42
WTA,2014,28,Paris,French Open,2014-05-27,Grand Slam,Outdoor,Clay,1st Round,3,Rybarikova M.,Radwanska U.,34,79.0,1390,760.0,4.0,6.0,6.0,4.0,3.0,0.0,1.0,1.0,Retired,1.4,2.75,1.42,2.8,1.4,2.75,1.4,3.21,1.44,2.75,1.44,3.21,1.41,2.85
WTA,2014,28,Paris,French Open,2014-05-27,Grand Slam,Outdoor,Clay,1st Round,3,Torro Flor M.T.,Koukalova K.,55,30.0,1007,1490.0,7.0,6.0,6.0,2.0,,,2.0,0.0,Completed,1.83,1.83,2.0,1.8,1.83,1.83,1.94,1.96,1.91,1.91,2.09,1.96,1.94,1.82
WTA,2014,28,Paris,French Open,2014-05-27,Grand Slam,Outdoor,Clay,1st Round,3,Makarova E.,Rogers S.,23,138.0,2005,444.0,6.0,2.0,6.0,3.0,,,2.0,0.0,Completed,1.06,9.0,1.08,7.5,1.07,7.5,1.09,9.16,1.07,8.0,1.1,10.0,1.07,8.1
WTA,2014,28,Paris,French Open,2014-05-27,Grand Slam,Outdoor,Clay,1st Round,3,Vandeweghe C.,Melzer I.,91,56.0,687,835.0,7.0,6.0,6.0,2.0,,,2.0,0.0,Completed,2.0,1.72,2.2,1.65,2.1,1.67,2.05,1.86,2.1,1.73,2.25,1.93,2.08,1.73
WTA,2014,28,Paris,French Open,2014-05-27,Grand Slam,Outdoor,Clay,1st Round,3,Errani S.,Keys M.,11,40.0,3590,1295.0,7.0,5.0,3.0,6.0,6.0,1.0,2.0,1.0,Completed,1.22,4.0,1.22,4.0,1.25,4.0,1.27,4.19,1.22,4.0,1.29,4.5,1.24,3.98
WTA,2014,28,Paris,French Open,2014-05-27,Grand Slam,Outdoor,Clay,1st Round,3,Safarova L.,Minella M.,24,143.0,1950,432.0,6.0,3.0,7.0,5.0,,,2.0,0.0,Completed,1.08,7.5,1.1,6.5,1.08,8.0,1.1,8.52,1.1,7.0,1.11,9.0,1.09,7.3
WTA,2014,28,Paris,French Open,2014-05-27,Grand Slam,Outdoor,Clay,1st Round,3,Dellacqua C.,Dominguez Lino L.,48,125.0,1155,506.0,7.0,5.0,6.0,3.0,,,2.0,0.0,Completed,1.36,3.0,1.42,2.8,1.36,3.0,1.4,3.22,1.44,2.75,1.44,3.4,1.37,3.02
WTA,2014,28,Paris,French Open,2014-05-28,Grand Slam,Outdoor,Clay,2nd Round,3,Larsson J.,Pennetta F.,99,13.0,628,3259.0,5.0,7.0,6.0,4.0,6.0,2.0,2.0,1.0,Completed,5.0,1.16,4.5,1.18,5.0,1.14,5.0,1.21,5.5,1.14,5.7,1.21,4.88,1.17
WTA,2014,28,Paris,French Open,2014-05-28,Grand Slam,Outdoor,Clay,2nd Round,3,Schmiedlova A.,Williams V.,56,29.0,1004,1531.0,2.0,6.0,6.0,3.0,6.0,4.0,2.0,1.0,Completed,4.0,1.22,4.0,1.22,4.33,1.22,3.85,1.31,4.0,1.22,4.55,1.31,4.08,1.23
WTA,2014,28,Paris,French Open,2014-05-28,Grand Slam,Outdoor,Clay,2nd Round,3,Bouchard E.,Goerges J.,16,107.0,2640,580.0,2.0,6.0,6.0,2.0,6.0,1.0,2.0,1.0,Completed,1.25,3.75,1.25,3.75,1.25,3.75,1.25,4.46,1.22,4.0,1.29,4.46,1.25,3.91
WTA,2014,28,Paris,French Open,2014-05-28,Grand Slam,Outdoor,Clay,2nd Round,3,Muguruza G.,Williams S.,35,1.0,1375,11590.0,6.0,2.0,6.0,2.0,,,2.0,0.0,Completed,17.0,1.02,12.0,1.02,12.0,1.03,17.5,1.03,13.0,1.02,19.0,1.04,14.21,1.02
WTA,2014,28,Paris,French Open,2014-05-28,Grand Slam,Outdoor,Clay,2nd Round,3,Kerber A.,Lepchenko V.,9,58.0,3870,993.0,6.0,2.0,7.0,5.0,,,2.0,0.0,Completed,1.44,2.62,1.48,2.6,1.5,2.62,1.55,2.64,1.53,2.5,1.55,2.8,1.48,2.6
WTA,2014,28,Paris,French Open,2014-05-28,Grand Slam,Outdoor,Clay,2nd Round,3,Suarez Navarro C.,Bacsinszky T.,15,112.0,2785,547.0,7.0,5.0,1.0,6.0,6.0,4.0,2.0,1.0,Completed,1.25,3.75,1.25,3.75,1.2,4.33,1.31,3.85,1.22,4.0,1.31,4.6,1.23,4.03
WTA,2014,28,Paris,French Open,2014-05-28,Grand Slam,Outdoor,Clay,2nd Round,3,Cibulkova D.,Paszek T.,10,155.0,3705,399.0,6.0,3.0,6.0,4.0,,,2.0,0.0,Completed,1.18,4.5,1.17,4.75,1.2,4.33,1.22,4.93,1.2,4.5,1.25,5.25,1.19,4.54
WTA,2014,28,Paris,French Open,2014-05-28,Grand Slam,Outdoor,Clay,2nd Round,3,Townsend T.,Cornet A.,205,21.0,282,2085.0,6.0,4.0,4.0,6.0,6.0,4.0,2.0,1.0,Completed,4.5,1.18,4.5,1.18,5.0,1.17,5.46,1.19,5.0,1.17,5.5,1.2,4.81,1.18
WTA,2014,28,Paris,French Open,2014-05-28,Grand Slam,Outdoor,Clay,2nd Round,3,Hantuchova D.,Feuerstein C.,31,120.0,1461,519.0,6.0,1.0,6.0,4.0,,,2.0,0.0,Completed,1.61,2.2,1.65,2.2,1.62,2.25,1.69,2.29,1.67,2.2,1.71,2.35,1.65,2.2
WTA,2014,28,Paris,French Open,2014-05-28,Grand Slam,Outdoor,Clay,2nd Round,3,Stosur S.,Meusburger Y.,18,38.0,2485,1315.0,6.0,1.0,6.0,3.0,,,2.0,0.0,Completed,1.12,6.0,1.15,5.25,1.14,5.5,1.15,6.38,1.17,5.0,1.17,6.5,1.14,5.63
WTA,2014,28,Paris,French Open,2014-05-28,Grand Slam,Outdoor,Clay,2nd Round,3,Sharapova M.,Pironkova T.,8,42.0,4141,1266.0,7.0,5.0,6.0,2.0,,,2.0,0.0,Completed,1.04,11.0,1.05,9.0,1.03,12.0,1.05,13.0,1.04,11.0,1.05,15.03,1.04,11.06
WTA,2014,28,Paris,French Open,2014-05-28,Grand Slam,Outdoor,Clay,2nd Round,3,Tomljanovic A.,Vesnina E.,72,32.0,820,1455.0,7.0,6.0,6.0,2.0,,,2.0,0.0,Completed,2.5,1.5,2.4,1.55,2.62,1.44,2.44,1.63,2.38,1.57,2.63,1.63,2.45,1.54
WTA,2014,28,Paris,French Open,2014-05-28,Grand Slam,Outdoor,Clay,2nd Round,3,Barthel M.,Lisicki S.,74,17.0,785,2556.0,6.0,1.0,3.0,0.0,,,1.0,0.0,Retired,2.2,1.61,2.2,1.65,2.25,1.57,2.18,1.77,2.2,1.67,2.35,1.77,2.21,1.65
WTA,2014,28,Paris,French Open,2014-05-28,Grand Slam,Outdoor,Clay,2nd Round,3,Radwanska A.,Pliskova Ka.,3,53.0,6360,1083.0,6.0,3.0,6.0,4.0,,,2.0,0.0,Completed,1.11,6.5,1.13,5.5,1.1,7.0,1.17,5.97,1.13,6.0,1.17,7.0,1.11,6.33
WTA,2014,28,Paris,French Open,2014-05-29,Grand Slam,Outdoor,Clay,2nd Round,3,Stephens S.,Hercog P.,19,62.0,2481,955.0,6.0,1.0,6.0,3.0,,,2.0,0.0,Completed,1.83,1.83,1.88,1.88,2.0,1.8,2.11,1.81,1.91,1.91,2.13,1.91,1.93,1.84
WTA,2014,28,Paris,French Open,2014-05-29,Grand Slam,Outdoor,Clay,2nd Round,3,Bertens K.,Pavlyuchenkova A.,148,25.0,417,1915.0,5.0,7.0,6.0,4.0,3.0,0.0,1.0,1.0,Retired,1.8,1.9,1.88,1.88,1.91,1.8,2.12,1.8,1.8,2.0,2.14,2.0,1.96,1.82
WTA,2014,28,Paris,French Open,2014-05-29,Grand Slam,Outdoor,Clay,2nd Round,3,Glushko J.,Flipkens K.,98,22.0,641,2010.0,6.0,4.0,3.0,6.0,6.0,4.0,2.0,1.0,Completed,3.0,1.36,3.0,1.38,2.62,1.44,3.05,1.43,2.75,1.44,3.05,1.5,2.83,1.42
WTA,2014,28,Paris,French Open,2014-05-29,Grand Slam,Outdoor,Clay,2nd Round,3,Kuznetsova S.,Giorgi C.,28,50.0,1706,1120.0,7.0,6.0,6.0,3.0,,,2.0,0.0,Completed,1.36,3.0,1.35,3.1,1.4,3.0,1.45,2.99,1.36,3.0,1.45,3.25,1.37,3.04
WTA,2014,28,Paris,French Open,2014-05-29,Grand Slam,Outdoor,Clay,2nd Round,3,Jankovic J.,Nara K.,7,44.0,4255,1234.0,7.0,5.0,6.0,0.0,,,2.0,0.0,Completed,1.08,7.0,1.13,5.5,1.1,7.0,1.1,8.52,1.13,6.0,1.13,8.52,1.1,6.79
WTA,2014,28,Paris,French Open,2014-05-29,Grand Slam,Outdoor,Clay,2nd Round,3,Soler Espinosa S.,Wickmayer Y.,85,64.0,724,927.0,6.0,2.0,6.0,4.0,,,2.0,0.0,Completed,1.4,2.75,1.42,2.8,1.4,2.75,1.4,3.24,1.4,2.88,1.45,3.24,1.4,2.89
WTA,2014,28,Paris,French Open,2014-05-29,Grand Slam,Outdoor,Clay,2nd Round,3,Torro Flor M.T.,Rybarikova M.,55,34.0,1007,1390.0,6.0,2.0,2.0,6.0,6.0,2.0,2.0,1.0,Completed,1.4,3.0,1.42,2.8,1.44,2.62,1.43,3.1,1.4,2.88,1.44,3.1,1.4,2.88
WTA,2014,28,Paris,French Open,2014-05-29,Grand Slam,Outdoor,Clay,2nd Round,3,Ormaechea P.,Niculescu M.,75,76.0,778,775.0,2.0,6.0,7.0,5.0,6.0,2.0,2.0,1.0,Completed,2.1,1.66,2.35,1.58,2.1,1.67,2.46,1.62,2.2,1.67,2.46,1.67,2.26,1.62
WTA,2014,28,Paris,French Open,2014-05-29,Grand Slam,Outdoor,Clay,2nd Round,3,Mladenovic K.,Riske A.,103,45.0,590,1216.0,7.0,6.0,3.0,6.0,6.0,3.0,2.0,1.0,Completed,1.66,2.1,1.75,2.05,1.73,2.1,1.76,2.19,1.73,2.1,1.8,2.2,1.73,2.08
WTA,2014,28,Paris,French Open,2014-05-29,Grand Slam,Outdoor,Clay,2nd Round,3,Safarova L.,Dellacqua C.,24,48.0,1950,1155.0,6.0,1.0,5.0,7.0,6.0,3.0,2.0,1.0,Completed,1.28,3.5,1.35,3.1,1.33,3.25,1.34,3.6,1.36,3.0,1.36,3.8,1.32,3.34
WTA,2014,28,Paris,French Open,2014-05-29,Grand Slam,Outdoor,Clay,2nd Round,3,Parmentier P.,Shvedova Y.,145,69.0,421,859.0,1.0,6.0,6.0,3.0,6.0,3.0,2.0,1.0,Completed,3.5,1.28,3.75,1.25,3.5,1.29,4.14,1.28,3.5,1.29,4.14,1.3,3.64,1.27
WTA,2014,28,Paris,French Open,2014-05-29,Grand Slam,Outdoor,Clay,2nd Round,3,Makarova E.,Vandeweghe C.,23,91.0,2005,687.0,6.0,4.0,6.0,3.0,,,2.0,0.0,Completed,1.14,5.5,1.17,4.75,1.12,5.5,1.21,5.12,1.14,5.5,1.21,6.25,1.15,5.3
WTA,2014,28,Paris,French Open,2014-05-29,Grand Slam,Outdoor,Clay,2nd Round,3,Petkovic A.,Voegele S.,27,71.0,1710,835.0,6.0,2.0,4.0,6.0,6.0,2.0,2.0,1.0,Completed,1.14,5.5,1.18,4.5,1.17,4.5,1.17,5.82,1.17,5.0,1.2,5.82,1.17,4.97
WTA,2014,28,Paris,French Open,2014-05-29,Grand Slam,Outdoor,Clay,2nd Round,3,Errani S.,Pfizenmaier D.,11,90.0,3590,696.0,6.0,2.0,6.0,4.0,,,2.0,0.0,Completed,1.06,10.0,1.09,7.0,1.08,8.0,1.08,10.15,1.08,7.5,1.1,10.15,1.07,8.07
WTA,2014,28,Paris,French Open,2014-05-29,Grand Slam,Outdoor,Clay,2nd Round,3,Cirstea S.,Pereira T.,26,94.0,1710,663.0,6.0,2.0,7.0,5.0,,,2.0,0.0,Completed,1.36,3.0,1.4,2.9,1.44,2.62,1.51,2.76,1.44,2.75,1.51,3.1,1.4,2.89
WTA,2014,28,Paris,French Open,2014-05-29,Grand Slam,Outdoor,Clay,2nd Round,3,Kvitova P.,Erakovic M.,6,61.0,4600,958.0,6.0,4.0,6.0,4.0,,,2.0,0.0,Completed,1.16,5.0,1.17,4.75,1.17,5.0,1.2,5.16,1.17,5.0,1.2,5.4,1.17,4.94
WTA,2014,28,Paris,French Open,2014-05-29,Grand Slam,Outdoor,Clay,2nd Round,3,Halep S.,Watson H.,4,92.0,5140,685.0,6.0,2.0,6.0,4.0,,,2.0,0.0,Completed,1.12,6.0,1.13,5.5,1.14,5.5,1.16,6.26,1.14,5.5,1.17,6.3,1.13,5.73
WTA,2014,28,Paris,French Open,2014-05-29,Grand Slam,Outdoor,Clay,2nd Round,3,Ivanovic A.,Svitolina E.,12,33.0,3455,1415.0,7.0,5.0,6.0,2.0,,,2.0,0.0,Completed,1.11,6.5,1.12,5.75,1.12,6.0,1.14,6.78,1.13,6.0,1.14,7.1,1.12,6.11
WTA,2014,28,Paris,French Open,2014-05-30,Grand Slam,Outdoor,Clay,3rd Round,3,Stosur S.,Cibulkova D.,18,10.0,2485,3705.0,6.0,4.0,6.0,4.0,,,2.0,0.0,Completed,1.44,2.62,1.45,2.7,1.44,2.75,1.55,2.66,1.5,2.63,1.56,2.8,1.48,2.62
WTA,2014,28,Paris,French Open,2014-05-30,Grand Slam,Outdoor,Clay,3rd Round,3,Tomljanovic A.,Radwanska A.,72,3.0,820,6360.0,6.0,4.0,6.0,4.0,,,2.0,0.0,Completed,8.0,1.08,6.5,1.1,8.0,1.08,9.95,1.09,6.5,1.11,9.95,1.13,7.25,1.09
WTA,2014,28,Paris,French Open,2014-05-30,Grand Slam,Outdoor,Clay,3rd Round,3,Suarez Navarro C.,Townsend T.,15,205.0,2785,282.0,6.0,2.0,6.0,2.0,,,2.0,0.0,Completed,1.18,4.5,1.2,4.3,1.22,4.33,1.21,5.25,1.22,4.0,1.22,5.25,1.2,4.47
WTA,2014,28,Paris,French Open,2014-05-30,Grand Slam,Outdoor,Clay,3rd Round,3,Muguruza G.,Schmiedlova A.,35,56.0,1375,1004.0,6.0,2.0,6.0,4.0,,,2.0,0.0,Completed,1.28,3.5,1.33,3.2,1.33,3.4,1.34,3.67,1.33,3.25,1.37,3.67,1.32,3.33
WTA,2014,28,Paris,French Open,2014-05-30,Grand Slam,Outdoor,Clay,3rd Round,3,Sharapova M.,Ormaechea P.,8,75.0,4141,778.0,6.0,0.0,6.0,0.0,,,2.0,0.0,Completed,1.03,15.0,1.04,10.0,1.04,11.0,1.05,14.8,1.03,12.0,1.06,15.0,1.04,11.6
WTA,2014,28,Paris,French Open,2014-05-30,Grand Slam,Outdoor,Clay,3rd Round,3,Bouchard E.,Larsson J.,16,99.0,2640,628.0,7.0,5.0,6.0,4.0,,,2.0,0.0,Completed,1.22,4.0,1.22,4.0,1.2,4.5,1.24,4.64,1.25,3.75,1.27,4.64,1.22,4.17
WTA,2014,28,Paris,French Open,2014-05-30,Grand Slam,Outdoor,Clay,3rd Round,3,Parmentier P.,Barthel M.,145,74.0,421,785.0,1.0,6.0,6.0,1.0,7.0,5.0,2.0,1.0,Completed,3.75,1.25,3.75,1.25,3.5,1.3,4.01,1.3,3.5,1.29,4.01,1.33,3.66,1.28
WTA,2014,28,Paris,French Open,2014-05-30,Grand Slam,Outdoor,Clay,3rd Round,3,Kerber A.,Hantuchova D.,9,31.0,3870,1461.0,7.0,5.0,6.0,3.0,,,2.0,0.0,Completed,1.18,4.5,1.22,4.0,1.25,4.0,1.25,4.6,1.25,3.75,1.27,4.6,1.22,4.13
WTA,2014,28,Paris,French Open,2014-05-31,Grand Slam,Outdoor,Clay,3rd Round,3,Kuznetsova S.,Kvitova P.,28,6.0,1706,4600.0,6.0,7.0,6.0,1.0,9.0,7.0,2.0,1.0,Completed,1.72,2.0,1.8,2.0,1.8,2.0,1.95,1.97,1.8,2.0,1.95,2.05,1.82,1.97
WTA,2014,28,Paris,French Open,2014-05-31,Grand Slam,Outdoor,Clay,3rd Round,3,Stephens S.,Makarova E.,19,23.0,2481,2005.0,6.0,3.0,6.0,4.0,,,2.0,0.0,Completed,1.72,2.0,1.7,2.1,1.73,2.1,1.81,2.14,1.73,2.1,1.83,2.17,1.72,2.1
WTA,2014,28,Paris,French Open,2014-05-31,Grand Slam,Outdoor,Clay,3rd Round,3,Halep S.,Torro Flor M.T.,4,55.0,5140,1007.0,6.0,3.0,6.0,0.0,,,2.0,0.0,Completed,1.08,8.0,1.08,7.5,1.1,7.0,1.11,8.71,1.08,7.5,1.11,9.0,1.09,7.61
WTA,2014,28,Paris,French Open,2014-05-31,Grand Slam,Outdoor,Clay,3rd Round,3,Safarova L.,Ivanovic A.,24,12.0,1950,3455.0,6.0,3.0,6.0,3.0,,,2.0,0.0,Completed,3.5,1.28,3.4,1.3,3.4,1.33,3.78,1.32,3.5,1.29,3.8,1.33,3.5,1.3
WTA,2014,28,Paris,French Open,2014-05-31,Grand Slam,Outdoor,Clay,3rd Round,3,Jankovic J.,Cirstea S.,7,26.0,4255,1710.0,6.0,1.0,6.0,2.0,,,2.0,0.0,Completed,1.18,4.5,1.22,4.0,1.2,4.5,1.24,4.69,1.22,4.0,1.26,4.69,1.22,4.19
WTA,2014,28,Paris,French Open,2014-05-31,Grand Slam,Outdoor,Clay,3rd Round,3,Errani S.,Glushko J.,11,98.0,3590,641.0,6.0,0.0,6.0,1.0,,,2.0,0.0,Completed,1.05,11.0,1.07,8.0,1.08,8.0,1.07,11.5,1.06,8.5,1.09,11.75,1.06,9.01
WTA,2014,28,Paris,French Open,2014-05-31,Grand Slam,Outdoor,Clay,3rd Round,3,Bertens K.,Soler Espinosa S.,148,85.0,417,724.0,6.0,2.0,6.0,1.0,,,2.0,0.0,Completed,1.53,2.37,1.6,2.3,1.62,2.25,1.65,2.42,1.67,2.2,1.72,2.48,1.62,2.28
WTA,2014,28,Paris,French Open,2014-05-31,Grand Slam,Outdoor,Clay,3rd Round,3,Petkovic A.,Mladenovic K.,27,103.0,1710,590.0,6.0,4.0,4.0,6.0,6.0,4.0,2.0,1.0,Completed,1.22,4.0,1.22,4.0,1.25,4.0,1.25,4.55,1.22,4.0,1.28,4.55,1.24,4.02
WTA,2014,28,Paris,French Open,2014-06-01,Grand Slam,Outdoor,Clay,4th Round,3,Bouchard E.,Kerber A.,16,9.0,2640,3870.0,6.0,1.0,6.0,2.0,,,2.0,0.0,Completed,1.8,2.0,1.8,2.0,1.8,2.0,1.94,1.98,1.8,2.0,1.99,2.05,1.82,1.97
WTA,2014,28,Paris,French Open,2014-06-01,Grand Slam,Outdoor,Clay,4th Round,3,Suarez Navarro C.,Tomljanovic A.,15,72.0,2785,820.0,6.0,3.0,6.0,3.0,,,2.0,0.0,Completed,1.25,4.0,1.25,3.75,1.25,4.0,1.25,4.55,1.25,4.0,1.29,4.55,1.25,3.97
WTA,2014,28,Paris,French Open,2014-06-01,Grand Slam,Outdoor,Clay,4th Round,3,Sharapova M.,Stosur S.,8,18.0,4141,2485.0,3.0,6.0,6.0,4.0,6.0,0.0,2.0,1.0,Completed,1.25,4.0,1.22,4.0,1.25,4.0,1.27,4.3,1.22,4.33,1.27,4.5,1.24,4.0
WTA,2014,28,Paris,French Open,2014-06-01,Grand Slam,Outdoor,Clay,4th Round,3,Muguruza G.,Parmentier P.,35,145.0,1375,421.0,6.0,4.0,6.0,2.0,,,2.0,0.0,Completed,1.12,6.0,1.18,4.5,1.14,5.5,1.16,6.39,1.18,5.0,1.22,6.39,1.16,5.08
WTA,2014,28,Paris,French Open,2014-06-02,Grand Slam,Outdoor,Clay,4th Round,3,Petkovic A.,Bertens K.,27,148.0,1710,417.0,1.0,6.0,6.0,2.0,7.0,5.0,2.0,1.0,Completed,1.53,2.5,1.55,2.4,1.53,2.5,1.57,2.6,1.57,2.5,1.59,2.75,1.53,2.49
WTA,2014,28,Paris,French Open,2014-06-02,Grand Slam,Outdoor,Clay,4th Round,3,Errani S.,Jankovic J.,11,7.0,3590,4255.0,7.0,6.0,6.0,2.0,,,2.0,0.0,Completed,1.9,1.9,1.9,1.85,2.0,1.8,1.97,1.95,2.0,1.83,2.05,1.99,1.93,1.86
WTA,2014,28,Paris,French Open,2014-06-02,Grand Slam,Outdoor,Clay,4th Round,3,Halep S.,Stephens S.,4,19.0,5140,2481.0,6.0,4.0,6.0,3.0,,,2.0,0.0,Completed,1.25,4.0,1.22,4.0,1.25,4.0,1.27,4.35,1.22,4.33,1.28,3.35,1.24,3.99
WTA,2014,28,Paris,French Open,2014-06-02,Grand Slam,Outdoor,Clay,4th Round,3,Kuznetsova S.,Safarova L.,28,24.0,1706,1950.0,6.0,3.0,6.0,4.0,,,2.0,0.0,Completed,1.66,2.2,1.65,2.2,1.62,2.25,1.76,2.21,1.67,2.25,1.76,2.35,1.66,2.21
WTA,2014,28,Paris,French Open,2014-06-03,Grand Slam,Outdoor,Clay,Quarterfinals,3,Sharapova M.,Muguruza G.,8,35.0,4141,1375.0,1.0,6.0,7.0,5.0,6.0,1.0,2.0,1.0,Completed,1.22,4.33,1.22,4.0,1.22,4.33,1.24,4.68,1.2,4.8,1.27,4.9,1.22,4.27
WTA,2014,28,Paris,French Open,2014-06-03,Grand Slam,Outdoor,Clay,Quarterfinals,3,Bouchard E.,Suarez Navarro C.,16,15.0,2640,2785.0,7.0,6.0,2.0,6.0,7.0,5.0,2.0,1.0,Completed,1.8,2.0,1.8,2.0,1.8,2.0,1.95,1.97,1.8,2.0,1.95,2.08,1.82,1.98
WTA,2014,28,Paris,French Open,2014-06-04,Grand Slam,Outdoor,Clay,Quarterfinals,3,Petkovic A.,Errani S.,27,11.0,1710,3590.0,6.0,2.0,6.0,2.0,,,2.0,0.0,Completed,3.5,1.3,3.2,1.33,3.4,1.33,3.45,1.37,3.5,1.33,3.65,1.37,3.39,1.32
WTA,2014,28,Paris,French Open,2014-06-04,Grand Slam,Outdoor,Clay,Quarterfinals,3,Halep S.,Kuznetsova S.,4,28.0,5140,1706.0,6.0,2.0,6.0,2.0,,,2.0,0.0,Completed,1.4,3.0,1.42,2.8,1.44,2.75,1.47,2.94,1.44,2.88,1.49,3.0,1.43,2.81
WTA,2014,28,Paris,French Open,2014-06-05,Grand Slam,Outdoor,Clay,Semifinals,3,Sharapova M.,Bouchard E.,8,16.0,4141,2640.0,4.0,6.0,7.0,5.0,6.0,2.0,2.0,1.0,Completed,1.3,3.5,1.33,3.2,1.3,3.5,1.37,3.47,1.36,3.25,1.38,3.75,1.33,3.35
WTA,2014,28,Paris,French Open,2014-06-05,Grand Slam,Outdoor,Clay,Semifinals,3,Halep S.,Petkovic A.,4,27.0,5140,1710.0,6.0,2.0,7.0,6.0,,,2.0,0.0,Completed,1.22,4.33,1.25,3.75,1.25,4.0,1.23,4.92,1.25,4.0,1.27,4.92,1.24,4.12
WTA,2014,28,Paris,French Open,2014-06-07,Grand Slam,Outdoor,Clay,The Final,3,Sharapova M.,Halep S.,8,4.0,4141,5140.0,6.0,4.0,6.0,7.0,6.0,4.0,2.0,1.0,Completed,1.66,2.2,1.68,2.15,1.62,2.25,1.76,2.25,1.67,2.25,1.76,2.38,1.68,2.2
WTA,2014,32,London,Wimbledon,2014-06-23,Grand Slam,Outdoor,Grass,1st Round,3,Makarova E.,Date Krumm K.,22,58.0,2130,920.0,3.0,6.0,6.0,4.0,7.0,5.0,2.0,1.0,Completed,1.2,4.33,1.2,4.3,1.17,4.5,1.23,4.69,1.2,4.5,1.24,5.0,1.21,4.34
WTA,2014,32,London,Wimbledon,2014-06-23,Grand Slam,Outdoor,Grass,1st Round,3,Doi M.,Svitolina E.,98,34.0,650,1385.0,6.0,4.0,6.0,1.0,,,2.0,0.0,Completed,3.25,1.33,3.2,1.33,3.0,1.36,3.22,1.4,3.0,1.36,3.3,1.42,3.07,1.36
WTA,2014,32,London,Wimbledon,2014-06-23,Grand Slam,Outdoor,Grass,1st Round,3,Hercog P.,Ormaechea P.,64,96.0,885,653.0,6.0,4.0,6.0,4.0,,,2.0,0.0,Completed,1.5,2.5,1.52,2.45,1.53,2.38,1.53,2.7,1.53,2.5,1.55,2.75,1.52,2.5
WTA,2014,32,London,Wimbledon,2014-06-23,Grand Slam,Outdoor,Grass,1st Round,3,Konjuh A.,Erakovic M.,188,66.0,320,839.0,6.0,3.0,4.0,6.0,6.0,0.0,2.0,1.0,Completed,2.37,1.53,2.4,1.55,2.2,1.62,2.48,1.61,2.25,1.62,2.5,1.62,2.38,1.57
WTA,2014,32,London,Wimbledon,2014-06-23,Grand Slam,Outdoor,Grass,1st Round,3,Zahlavova Strycova B.,Kudryavtseva A.,43,135.0,1181,460.0,6.0,2.0,6.0,2.0,,,2.0,0.0,Completed,1.33,3.25,1.33,3.2,1.36,3.0,1.37,3.39,1.29,3.5,1.37,3.6,1.33,3.26
WTA,2014,32,London,Wimbledon,2014-06-23,Grand Slam,Outdoor,Grass,1st Round,3,Vesnina E.,Mayr P.,32,73.0,1520,773.0,6.0,0.0,6.0,4.0,,,2.0,0.0,Completed,1.06,8.0,1.07,8.0,1.08,7.0,1.11,7.97,1.08,7.5,1.11,10.5,1.07,8.37
WTA,2014,32,London,Wimbledon,2014-06-23,Grand Slam,Outdoor,Grass,1st Round,3,Wickmayer Y.,Stosur S.,54,17.0,1007,2565.0,6.0,3.0,6.0,4.0,,,2.0,0.0,Completed,4.0,1.22,4.0,1.22,4.0,1.25,4.54,1.24,4.0,1.22,4.6,1.27,4.04,1.23
WTA,2014,32,London,Wimbledon,2014-06-23,Grand Slam,Outdoor,Grass,1st Round,3,Peng S.,Konta J.,60,109.0,905,602.0,6.0,4.0,3.0,6.0,6.0,4.0,2.0,1.0,Completed,2.25,1.57,2.25,1.62,2.2,1.62,2.47,1.61,2.25,1.62,2.5,1.65,2.31,1.6
WTA,2014,32,London,Wimbledon,2014-06-23,Grand Slam,Outdoor,Grass,1st Round,3,Kirilenko M.,Stephens S.,87,18.0,698,2540.0,6.0,2.0,7.0,6.0,,,2.0,0.0,Completed,4.33,1.2,4.0,1.22,4.0,1.22,4.93,1.22,4.0,1.22,5.25,1.26,4.19,1.22
WTA,2014,32,London,Wimbledon,2014-06-23,Grand Slam,Outdoor,Grass,1st Round,3,Azarenka V.,Lucic M.,8,108.0,3841,604.0,6.0,3.0,7.0,5.0,,,2.0,0.0,Completed,1.12,6.0,1.13,5.5,1.12,6.0,1.16,6.12,1.14,5.5,1.16,6.5,1.13,5.8
WTA,2014,32,London,Wimbledon,2014-06-23,Grand Slam,Outdoor,Grass,1st Round,3,Jovanovski B.,Larsson J.,45,81.0,1170,713.0,7.0,6.0,6.0,0.0,,,2.0,0.0,Completed,1.57,2.25,1.65,2.2,1.53,2.38,1.73,2.24,1.62,2.25,1.73,2.38,1.64,2.22
WTA,2014,32,London,Wimbledon,2014-06-23,Grand Slam,Outdoor,Grass,1st Round,3,Davis L.,Kleybanova A.,58,83.0,920,709.0,6.0,1.0,6.0,2.0,,,2.0,0.0,Completed,1.4,2.75,1.48,2.6,1.4,2.75,1.53,2.7,1.4,2.88,1.53,2.95,1.45,2.72
WTA,2014,32,London,Wimbledon,2014-06-23,Grand Slam,Outdoor,Grass,1st Round,3,Meusburger Y.,King V.,38,75.0,1317,751.0,7.0,5.0,6.0,3.0,,,2.0,0.0,Completed,1.83,1.83,1.8,2.0,1.8,1.91,1.81,2.11,1.8,2.0,1.91,2.11,1.81,1.97
WTA,2014,32,London,Wimbledon,2014-06-23,Grand Slam,Outdoor,Grass,1st Round,3,Safarova L.,Goerges J.,23,101.0,2085,635.0,7.0,6.0,7.0,6.0,,,2.0,0.0,Completed,1.36,3.0,1.42,2.8,1.4,2.75,1.48,2.88,1.4,2.88,1.48,3.05,1.41,2.86
WTA,2014,32,London,Wimbledon,2014-06-23,Grand Slam,Outdoor,Grass,1st Round,3,Nara K.,Friedsam A.L.,40,111.0,1264,567.0,6.0,4.0,6.0,4.0,,,2.0,0.0,Completed,1.61,2.2,1.75,2.05,1.57,2.25,1.75,2.2,1.62,2.25,1.81,2.25,1.71,2.11
WTA,2014,32,London,Wimbledon,2014-06-23,Grand Slam,Outdoor,Grass,1st Round,3,Williams V.,Torro Flor M.T.,30,53.0,1596,1008.0,6.0,4.0,4.0,6.0,6.0,2.0,2.0,1.0,Completed,1.14,5.5,1.13,5.5,1.14,5.5,1.14,6.76,1.14,5.5,1.17,6.76,1.14,5.56
WTA,2014,32,London,Wimbledon,2014-06-23,Grand Slam,Outdoor,Grass,1st Round,3,Li N.,Kania P.,2,175.0,7450,339.0,7.0,5.0,6.0,2.0,,,2.0,0.0,Completed,1.03,15.0,1.03,11.0,1.03,12.0,1.04,15.0,1.04,11.0,1.04,20.0,1.03,12.57
WTA,2014,32,London,Wimbledon,2014-06-23,Grand Slam,Outdoor,Grass,1st Round,3,Gajdosova J.,Voegele S.,177,76.0,339,745.0,6.0,3.0,7.0,6.0,,,2.0,0.0,Completed,1.5,2.5,1.52,2.45,1.53,2.38,1.59,2.52,1.53,2.5,1.6,2.62,1.55,2.42
WTA,2014,32,London,Wimbledon,2014-06-23,Grand Slam,Outdoor,Grass,1st Round,3,Barthel M.,Oprandi R.,59,183.0,910,329.0,7.0,5.0,6.0,0.0,,,2.0,0.0,Completed,1.16,5.0,1.18,4.5,1.22,4.0,1.21,5.08,1.2,4.5,1.22,5.5,1.18,4.72
WTA,2014,32,London,Wimbledon,2014-06-23,Grand Slam,Outdoor,Grass,1st Round,3,Broady N.,Babos T.,164,94.0,382,660.0,2.0,6.0,7.0,6.0,6.0,0.0,2.0,1.0,Completed,2.62,1.44,2.7,1.45,2.75,1.4,2.93,1.47,2.63,1.5,2.93,1.5,2.71,1.45
WTA,2014,32,London,Wimbledon,2014-06-23,Grand Slam,Outdoor,Grass,1st Round,3,Pennetta F.,Cepelova J.,12,62.0,3324,886.0,6.0,2.0,6.0,3.0,,,2.0,0.0,Completed,1.16,4.5,1.18,4.5,1.14,5.0,1.21,5.06,1.17,5.0,1.21,5.25,1.18,4.7
WTA,2014,32,London,Wimbledon,2014-06-23,Grand Slam,Outdoor,Grass,1st Round,3,Dellacqua C.,Kontaveit A.,36,176.0,1360,339.0,3.0,6.0,7.0,6.0,6.0,3.0,2.0,1.0,Completed,1.36,3.0,1.38,3.0,1.4,2.75,1.44,3.05,1.33,3.25,1.45,3.5,1.38,2.99
WTA,2014,32,London,Wimbledon,2014-06-23,Grand Slam,Outdoor,Grass,1st Round,3,Vandeweghe C.,Muguruza G.,69,27.0,802,1705.0,6.0,3.0,3.0,6.0,7.0,5.0,2.0,1.0,Completed,2.1,1.66,2.1,1.7,2.1,1.67,2.22,1.74,2.0,1.8,2.28,1.82,2.12,1.7
WTA,2014,32,London,Wimbledon,2014-06-23,Grand Slam,Outdoor,Grass,1st Round,3,Smitkova T.,Hsieh S.W.,174,119.0,341,533.0,6.0,3.0,6.0,3.0,,,2.0,0.0,Completed,2.37,1.53,2.25,1.62,2.38,1.53,2.29,1.7,2.5,1.53,2.68,1.71,2.35,1.58
WTA,2014,32,London,Wimbledon,2014-06-23,Grand Slam,Outdoor,Grass,1st Round,3,Van Uytvanck A.,Niculescu M.,93,65.0,670,840.0,7.0,5.0,6.0,3.0,,,2.0,0.0,Completed,2.5,1.5,2.5,1.5,2.25,1.57,2.84,1.49,2.38,1.57,2.84,1.58,2.51,1.52
WTA,2014,32,London,Wimbledon,2014-06-23,Grand Slam,Outdoor,Grass,1st Round,3,Kvitova P.,Hlavackova A.,6,117.0,4570,541.0,6.0,3.0,6.0,0.0,,,2.0,0.0,Completed,1.11,6.5,1.13,5.5,1.14,5.5,1.13,7.04,1.14,5.5,1.14,7.5,1.12,6.08
WTA,2014,32,London,Wimbledon,2014-06-23,Grand Slam,Outdoor,Grass,1st Round,3,Cibulkova D.,Wozniak A.,10,118.0,3735,535.0,6.0,1.0,6.0,2.0,,,2.0,0.0,Completed,1.57,2.25,1.68,2.15,1.53,2.38,1.72,2.25,1.62,2.25,1.72,2.38,1.64,2.23
WTA,2014,32,London,Wimbledon,2014-06-24,Grand Slam,Outdoor,Grass,1st Round,3,Pliskova Ka.,Knapp K.,50,48.0,1100,1145.0,6.0,7.0,6.0,4.0,10.0,8.0,2.0,1.0,Completed,1.36,3.0,1.4,2.9,1.4,2.75,1.45,2.99,1.36,3.0,1.47,3.0,1.41,2.85
WTA,2014,32,London,Wimbledon,2014-06-24,Grand Slam,Outdoor,Grass,1st Round,3,Cornet A.,Schmiedlova A.,25,56.0,1995,974.0,4.0,6.0,6.0,4.0,6.0,2.0,2.0,1.0,Completed,1.16,4.5,1.22,4.0,1.25,3.75,1.26,4.39,1.22,4.0,1.26,4.9,1.23,4.04
WTA,2014,32,London,Wimbledon,2014-06-24,Grand Slam,Outdoor,Grass,1st Round,3,Begu I.,Razzano V.,80,99.0,723,645.0,1.0,6.0,6.0,4.0,7.0,5.0,2.0,1.0,Completed,2.25,1.57,2.4,1.55,2.5,1.5,2.3,1.7,2.25,1.62,2.75,1.7,2.36,1.58
WTA,2014,32,London,Wimbledon,2014-06-24,Grand Slam,Outdoor,Grass,1st Round,3,Petkovic A.,Piter K.,20,103.0,2205,621.0,6.0,1.0,6.0,4.0,,,2.0,0.0,Completed,1.05,11.0,1.07,8.0,1.07,7.5,1.07,11.25,1.07,8.0,1.07,11.25,1.06,8.95
WTA,2014,32,London,Wimbledon,2014-06-24,Grand Slam,Outdoor,Grass,1st Round,3,Lisicki S.,Glushko J.,19,82.0,2397,710.0,6.0,2.0,6.0,1.0,,,2.0,0.0,Completed,1.16,5.0,1.18,4.5,1.17,5.0,1.22,4.85,1.2,4.5,1.22,5.75,1.18,4.69
WTA,2014,32,London,Wimbledon,2014-06-24,Grand Slam,Outdoor,Grass,1st Round,3,Bacsinszky T.,Fichman S.,86,85.0,702,704.0,6.0,1.0,6.0,3.0,,,2.0,0.0,Completed,1.4,2.75,1.45,2.7,1.44,2.62,1.45,2.97,1.5,2.63,1.5,3.0,1.46,2.69
WTA,2014,32,London,Wimbledon,2014-06-24,Grand Slam,Outdoor,Grass,1st Round,3,Radwanska A.,Mitu A.,4,214.0,5990,265.0,6.0,2.0,6.0,1.0,,,2.0,0.0,Completed,1.03,15.0,1.03,11.0,1.03,12.0,1.04,14.5,1.03,12.0,1.05,17.75,1.03,12.85
WTA,2014,32,London,Wimbledon,2014-06-24,Grand Slam,Outdoor,Grass,1st Round,3,Wozniacki C.,Peer S.,16,78.0,2700,734.0,6.0,3.0,6.0,0.0,,,2.0,0.0,Completed,1.06,8.0,1.05,9.0,1.07,7.5,1.07,10.75,1.07,8.0,1.09,10.75,1.06,8.94
WTA,2014,32,London,Wimbledon,2014-06-24,Grand Slam,Outdoor,Grass,1st Round,3,Garcia C.,Errani S.,46,14.0,1169,3120.0,2.0,6.0,7.0,6.0,7.0,5.0,2.0,1.0,Completed,2.1,1.66,2.2,1.65,2.0,1.73,2.22,1.74,2.1,1.73,2.3,1.78,2.12,1.71
WTA,2014,32,London,Wimbledon,2014-06-24,Grand Slam,Outdoor,Grass,1st Round,3,Keys M.,Puig M.,47,51.0,1165,1093.0,6.0,3.0,6.0,3.0,,,2.0,0.0,Completed,1.28,3.5,1.3,3.4,1.3,3.4,1.27,4.22,1.29,3.5,1.35,4.22,1.28,3.62
WTA,2014,32,London,Wimbledon,2014-06-24,Grand Slam,Outdoor,Grass,1st Round,3,Lepchenko V.,Pironkova T.,57,37.0,932,1328.0,6.0,7.0,6.0,2.0,6.0,2.0,2.0,1.0,Completed,2.75,1.4,2.5,1.5,2.75,1.4,2.6,1.56,2.63,1.5,2.85,1.56,2.61,1.49
WTA,2014,32,London,Wimbledon,2014-06-24,Grand Slam,Outdoor,Grass,1st Round,3,Cetkovska P.,Jaksic J.,61,122.0,886,517.0,6.0,2.0,4.0,6.0,7.0,5.0,2.0,1.0,Completed,1.1,6.5,1.16,5.0,1.14,5.0,1.16,6.05,1.14,5.5,1.17,6.5,1.14,5.49
WTA,2014,32,London,Wimbledon,2014-06-24,Grand Slam,Outdoor,Grass,1st Round,3,Watson H.,Tomljanovic A.,70,52.0,790,1035.0,6.0,3.0,6.0,2.0,,,2.0,0.0,Completed,1.4,2.75,1.45,2.7,1.44,2.75,1.46,2.94,1.44,2.75,1.5,3.0,1.44,2.73
WTA,2014,32,London,Wimbledon,2014-06-24,Grand Slam,Outdoor,Grass,1st Round,3,Bencic B.,Rybarikova M.,72,39.0,773,1290.0,2.0,6.0,6.0,3.0,6.0,3.0,2.0,1.0,Completed,1.57,2.25,1.6,2.3,1.53,2.38,1.72,2.26,1.62,2.25,1.73,2.4,1.62,2.26
WTA,2014,32,London,Wimbledon,2014-06-24,Grand Slam,Outdoor,Grass,1st Round,3,Larcherde Brito M.,Kuznetsova S.,104,28.0,614,1636.0,3.0,6.0,6.0,3.0,6.0,1.0,2.0,1.0,Completed,2.62,1.44,2.6,1.48,2.75,1.4,2.71,1.53,2.63,1.5,2.75,1.54,2.63,1.47
WTA,2014,32,London,Wimbledon,2014-06-24,Grand Slam,Outdoor,Grass,1st Round,3,Sharapova M.,Murray S.,5,242.0,4741,222.0,6.0,1.0,6.0,0.0,,,2.0,0.0,Completed,1.01,26.0,1.01,13.0,1.01,26.0,1.01,27.22,1.01,23.0,1.01,49.0,1.01,21.78
WTA,2014,32,London,Wimbledon,2014-06-24,Grand Slam,Outdoor,Grass,1st Round,3,Duval V.,Cirstea S.,115,29.0,550,1611.0,6.0,4.0,3.0,6.0,6.0,1.0,2.0,1.0,Completed,1.72,2.0,1.65,2.2,1.67,2.1,1.71,2.27,1.8,2.0,1.8,2.3,1.7,2.13
WTA,2014,32,London,Wimbledon,2014-06-24,Grand Slam,Outdoor,Grass,1st Round,3,Kerber A.,Radwanska U.,9,92.0,3830,670.0,6.0,2.0,6.0,4.0,,,2.0,0.0,Completed,1.05,11.0,1.04,10.0,1.05,10.0,1.07,10.75,1.04,11.0,1.08,11.0,1.05,9.7
WTA,2014,32,London,Wimbledon,2014-06-24,Grand Slam,Outdoor,Grass,1st Round,3,Bouchard E.,Hantuchova D.,13,35.0,3320,1361.0,7.0,5.0,7.0,5.0,,,2.0,0.0,Completed,1.3,3.4,1.33,3.2,1.29,3.75,1.37,3.34,1.33,3.25,1.38,3.75,1.33,3.28
WTA,2014,32,London,Wimbledon,2014-06-24,Grand Slam,Outdoor,Grass,1st Round,3,Koukalova K.,Townsend T.,31,148.0,1525,411.0,7.0,5.0,6.0,2.0,,,2.0,0.0,Completed,1.36,3.0,1.42,2.8,1.4,2.75,1.41,3.18,1.44,2.75,1.45,3.18,1.4,2.89
WTA,2014,32,London,Wimbledon,2014-06-24,Grand Slam,Outdoor,Grass,1st Round,3,Shvedova Y.,Pliskova Kr.,67,100.0,829,641.0,3.0,6.0,6.0,4.0,8.0,6.0,2.0,1.0,Completed,1.53,2.37,1.62,2.25,1.57,2.25,1.68,2.32,1.67,2.2,1.68,2.5,1.62,2.27
WTA,2014,32,London,Wimbledon,2014-06-24,Grand Slam,Outdoor,Grass,1st Round,3,Flipkens K.,Paszek T.,24,123.0,2025,515.0,6.0,4.0,6.0,7.0,6.0,2.0,2.0,1.0,Completed,1.66,2.1,1.68,2.15,1.57,2.25,1.83,2.1,1.73,2.1,1.83,2.25,1.71,2.12
WTA,2014,32,London,Wimbledon,2014-06-24,Grand Slam,Outdoor,Grass,1st Round,3,Kanepi K.,Jankovic J.,41,7.0,1222,3990.0,6.0,3.0,6.0,2.0,,,2.0,0.0,Completed,3.75,1.25,3.5,1.28,3.75,1.29,4.1,1.28,3.5,1.29,4.1,1.31,3.74,1.26
WTA,2014,32,London,Wimbledon,2014-06-24,Grand Slam,Outdoor,Grass,1st Round,3,Williams S.,Tatishvili A.,1,114.0,9660,558.0,6.0,1.0,6.0,2.0,,,2.0,0.0,Completed,1.01,26.0,1.01,13.0,1.01,26.0,1.01,27.22,1.01,19.0,1.03,36.0,1.01,20.58
WTA,2014,32,London,Wimbledon,2014-06-24,Grand Slam,Outdoor,Grass,1st Round,3,Zheng J.,Beck A.,90,55.0,689,996.0,6.0,1.0,6.0,3.0,,,2.0,0.0,Completed,1.44,2.62,1.6,2.3,1.53,2.38,1.64,2.42,1.57,2.38,1.64,2.62,1.56,2.41
WTA,2014,32,London,Wimbledon,2014-06-24,Grand Slam,Outdoor,Grass,1st Round,3,Dominguez Lino L.,Martic P.,132,127.0,466,490.0,6.0,0.0,6.0,1.0,,,2.0,0.0,Completed,1.66,2.1,1.7,2.1,1.73,2.0,1.74,2.22,1.73,2.1,1.8,2.25,1.71,2.1
WTA,2014,32,London,Wimbledon,2014-06-24,Grand Slam,Outdoor,Grass,1st Round,3,Suarez Navarro C.,Zhang S.,15,33.0,2935,1496.0,6.0,1.0,6.0,2.0,,,2.0,0.0,Completed,1.36,3.0,1.45,2.7,1.4,3.0,1.5,2.8,1.4,2.88,1.5,3.25,1.42,2.83
WTA,2014,32,London,Wimbledon,2014-06-24,Grand Slam,Outdoor,Grass,1st Round,3,Riske A.,Pavlyuchenkova A.,44,26.0,1171,1885.0,4.0,6.0,7.0,5.0,6.0,1.0,2.0,1.0,Completed,1.83,1.83,2.0,1.8,1.83,1.83,2.1,1.83,1.91,1.91,2.1,1.97,1.92,1.84
WTA,2014,32,London,Wimbledon,2014-06-24,Grand Slam,Outdoor,Grass,1st Round,3,Soler Espinosa S.,Govortsova O.,74,110.0,754,595.0,6.0,2.0,6.0,3.0,,,2.0,0.0,Completed,2.75,1.4,2.7,1.45,2.75,1.4,2.8,1.5,2.88,1.4,2.88,1.5,2.7,1.45
WTA,2014,32,London,Wimbledon,2014-06-24,Grand Slam,Outdoor,Grass,1st Round,3,Ivanovic A.,Schiavone F.,11,77.0,3630,735.0,7.0,6.0,6.0,4.0,,,2.0,0.0,Completed,1.08,8.0,1.1,6.5,1.08,7.0,1.1,8.6,1.1,7.0,1.11,8.7,1.09,7.24
WTA,2014,32,London,Wimbledon,2014-06-24,Grand Slam,Outdoor,Grass,1st Round,3,Tsurenko L.,Pfizenmaier D.,144,116.0,424,546.0,6.0,3.0,6.0,0.0,,,2.0,0.0,Completed,1.22,4.0,1.22,4.0,1.25,3.75,1.24,4.61,1.22,4.0,1.3,4.61,1.23,4.04
WTA,2014,32,London,Wimbledon,2014-06-24,Grand Slam,Outdoor,Grass,1st Round,3,Halep S.,Pereira T.,3,91.0,6280,683.0,6.0,2.0,6.0,2.0,,,2.0,0.0,Completed,1.04,13.0,1.04,10.0,1.04,9.0,1.05,13.09,1.03,12.0,1.05,13.62,1.04,11.21
WTA,2014,32,London,Wimbledon,2014-06-24,Grand Slam,Outdoor,Grass,1st Round,3,Giorgi C.,Cadantu A.,42,84.0,1214,705.0,6.0,1.0,7.0,6.0,,,2.0,0.0,Completed,1.07,9.0,1.07,8.0,1.06,8.0,1.09,9.62,1.07,8.0,1.09,10.0,1.06,8.66
WTA,2014,32,London,Wimbledon,2014-06-24,Grand Slam,Outdoor,Grass,1st Round,3,Scheepers C.,Mchale C.,97,49.0,650,1123.0,6.0,3.0,6.0,3.0,,,2.0,0.0,Completed,3.75,1.25,3.4,1.3,3.75,1.25,3.44,1.36,3.25,1.33,3.75,1.36,3.42,1.3
WTA,2014,32,London,Wimbledon,2014-06-24,Grand Slam,Outdoor,Grass,1st Round,3,Vekic D.,Vinci R.,89,21.0,690,2150.0,6.0,4.0,4.0,6.0,6.0,4.0,2.0,1.0,Completed,2.25,1.57,2.2,1.65,2.38,1.53,2.29,1.69,2.25,1.62,2.38,1.69,2.26,1.62
WTA,2014,32,London,Wimbledon,2014-06-25,Grand Slam,Outdoor,Grass,1st Round,3,Zvonareva V.,Moore T.,561,245.0,51,219.0,6.0,4.0,6.0,7.0,9.0,7.0,2.0,1.0,Completed,1.4,2.75,1.42,2.8,1.44,2.62,1.45,2.99,1.5,2.63,1.5,2.99,1.44,2.74
WTA,2014,32,London,Wimbledon,2014-06-25,Grand Slam,Outdoor,Grass,1st Round,3,Diyas Z.,Mladenovic K.,71,107.0,781,608.0,7.0,6.0,6.0,4.0,,,2.0,0.0,Completed,1.9,1.8,1.9,1.85,1.91,1.8,1.97,1.93,2.0,1.8,2.0,1.93,1.93,1.84
WTA,2014,32,London,Wimbledon,2014-06-25,Grand Slam,Outdoor,Grass,2nd Round,3,Li N.,Meusburger Y.,2,38.0,7450,1317.0,6.0,2.0,6.0,2.0,,,2.0,0.0,Completed,1.06,9.0,1.08,7.5,1.07,8.5,1.07,11.25,1.08,7.5,1.08,11.25,1.06,8.83
WTA,2014,32,London,Wimbledon,2014-06-25,Grand Slam,Outdoor,Grass,2nd Round,3,Zahlavova Strycova B.,Vesnina E.,43,32.0,1181,1520.0,6.0,4.0,6.0,2.0,,,2.0,0.0,Completed,2.1,1.66,2.1,1.7,2.2,1.62,2.2,1.75,2.25,1.62,2.27,1.75,2.15,1.68
WTA,2014,32,London,Wimbledon,2014-06-25,Grand Slam,Outdoor,Grass,2nd Round,3,Williams V.,Nara K.,30,40.0,1596,1264.0,7.0,6.0,6.0,1.0,,,2.0,0.0,Completed,1.12,5.5,1.13,5.5,1.12,6.0,1.16,6.05,1.14,5.5,1.16,7.0,1.14,5.64
WTA,2014,32,London,Wimbledon,2014-06-25,Grand Slam,Outdoor,Grass,2nd Round,3,Radwanska A.,Dellacqua C.,4,36.0,5990,1360.0,6.0,4.0,6.0,0.0,,,2.0,0.0,Completed,1.2,4.33,1.2,4.3,1.2,4.5,1.24,4.65,1.22,4.0,1.25,4.65,1.21,4.26
WTA,2014,32,London,Wimbledon,2014-06-25,Grand Slam,Outdoor,Grass,2nd Round,3,Makarova E.,Doi M.,22,98.0,2130,650.0,7.0,5.0,6.0,4.0,,,2.0,0.0,Completed,1.22,4.0,1.2,4.3,1.17,4.5,1.29,4.05,1.2,4.5,1.29,4.55,1.24,3.99
WTA,2014,32,London,Wimbledon,2014-06-25,Grand Slam,Outdoor,Grass,2nd Round,3,Kvitova P.,Barthel M.,6,59.0,4570,910.0,6.0,2.0,6.0,0.0,,,2.0,0.0,Completed,1.22,4.0,1.25,3.75,1.25,4.0,1.3,3.93,1.29,3.5,1.31,4.05,1.26,3.8
WTA,2014,32,London,Wimbledon,2014-06-25,Grand Slam,Outdoor,Grass,2nd Round,3,Garcia C.,Lepchenko V.,46,57.0,1169,932.0,7.0,5.0,6.0,3.0,,,2.0,0.0,Completed,1.72,2.0,1.8,2.0,1.73,2.0,1.84,2.08,1.8,2.0,1.95,2.19,1.79,2.01
WTA,2014,32,London,Wimbledon,2014-06-25,Grand Slam,Outdoor,Grass,2nd Round,3,Jovanovski B.,Azarenka V.,45,8.0,1170,3841.0,6.0,3.0,3.0,6.0,7.0,5.0,2.0,1.0,Completed,5.0,1.16,5.0,1.16,5.0,1.17,5.8,1.17,5.0,1.17,5.8,1.18,5.13,1.16
WTA,2014,32,London,Wimbledon,2014-06-25,Grand Slam,Outdoor,Grass,2nd Round,3,Safarova L.,Hercog P.,23,64.0,2085,885.0,7.0,6.0,7.0,5.0,,,2.0,0.0,Completed,1.25,3.75,1.28,3.5,1.25,3.75,1.32,3.73,1.29,3.5,1.32,3.95,1.28,3.61
WTA,2014,32,London,Wimbledon,2014-06-25,Grand Slam,Outdoor,Grass,2nd Round,3,Konjuh A.,Wickmayer Y.,188,54.0,320,1007.0,3.0,6.0,6.0,2.0,6.0,2.0,2.0,1.0,Completed,2.0,1.72,2.05,1.75,2.1,1.67,2.18,1.77,2.1,1.73,2.26,1.77,2.09,1.72
WTA,2014,32,London,Wimbledon,2014-06-25,Grand Slam,Outdoor,Grass,2nd Round,3,Smitkova T.,Vandeweghe C.,174,69.0,341,802.0,6.0,3.0,7.0,6.0,,,2.0,0.0,Completed,4.0,1.22,4.3,1.2,4.33,1.2,4.5,1.25,4.5,1.2,4.75,1.25,4.33,1.21
WTA,2014,32,London,Wimbledon,2014-06-25,Grand Slam,Outdoor,Grass,2nd Round,3,Cibulkova D.,Van Uytvanck A.,10,93.0,3735,670.0,3.0,6.0,6.0,3.0,8.0,6.0,2.0,1.0,Completed,1.12,5.5,1.15,5.25,1.14,5.0,1.18,5.68,1.17,5.0,1.19,6.0,1.15,5.32
WTA,2014,32,London,Wimbledon,2014-06-25,Grand Slam,Outdoor,Grass,2nd Round,3,Peng S.,Kirilenko M.,60,87.0,905,698.0,6.0,0.0,6.0,3.0,,,2.0,0.0,Completed,2.2,1.61,2.2,1.65,2.2,1.62,2.22,1.74,2.2,1.67,2.25,1.74,2.19,1.66
WTA,2014,32,London,Wimbledon,2014-06-25,Grand Slam,Outdoor,Grass,2nd Round,3,Wozniacki C.,Broady N.,16,164.0,2700,382.0,6.0,3.0,6.0,2.0,,,2.0,0.0,Completed,1.07,8.0,1.09,7.0,1.08,8.0,1.09,9.5,1.08,7.5,1.1,9.5,1.07,8.04
WTA,2014,32,London,Wimbledon,2014-06-25,Grand Slam,Outdoor,Grass,2nd Round,3,Davis L.,Pennetta F.,58,12.0,920,3324.0,6.0,4.0,7.0,6.0,,,2.0,0.0,Completed,2.37,1.53,2.35,1.58,2.5,1.5,2.53,1.59,2.38,1.57,2.53,1.62,2.39,1.56
WTA,2014,32,London,Wimbledon,2014-06-25,Grand Slam,Outdoor,Grass,2nd Round,3,Larcherde Brito M.,Gajdosova J.,104,177.0,614,339.0,6.0,3.0,4.0,6.0,6.0,3.0,2.0,1.0,Completed,1.72,2.0,1.85,1.9,1.73,2.0,1.93,1.97,1.73,2.1,1.93,2.15,1.83,1.95
WTA,2014,32,London,Wimbledon,2014-06-26,Grand Slam,Outdoor,Grass,2nd Round,3,Cornet A.,Cetkovska P.,25,61.0,1995,886.0,6.0,4.0,5.0,7.0,6.0,3.0,2.0,1.0,Completed,1.57,2.25,1.55,2.4,1.62,2.2,1.57,2.58,1.57,2.38,1.67,2.58,1.58,2.37
WTA,2014,32,London,Wimbledon,2014-06-26,Grand Slam,Outdoor,Grass,2nd Round,3,Williams S.,Scheepers C.,1,97.0,9660,650.0,6.0,1.0,6.0,1.0,,,2.0,0.0,Completed,1.01,23.0,1.02,12.0,1.01,21.0,1.02,22.73,1.02,13.0,1.03,30.0,1.02,17.52
WTA,2014,32,London,Wimbledon,2014-06-26,Grand Slam,Outdoor,Grass,2nd Round,3,Diyas Z.,Suarez Navarro C.,71,15.0,781,2935.0,7.0,6.0,5.0,7.0,6.0,2.0,2.0,1.0,Completed,3.5,1.28,3.4,1.3,3.25,1.33,4.1,1.28,3.5,1.29,4.1,1.33,3.51,1.29
WTA,2014,32,London,Wimbledon,2014-06-26,Grand Slam,Outdoor,Grass,2nd Round,3,Shvedova Y.,Kanepi K.,67,41.0,829,1222.0,6.0,3.0,6.0,7.0,6.0,2.0,2.0,1.0,Completed,1.9,1.8,1.85,1.9,1.91,1.8,1.91,2.01,1.91,1.91,1.98,2.01,1.89,1.88
WTA,2014,32,London,Wimbledon,2014-06-26,Grand Slam,Outdoor,Grass,2nd Round,3,Ivanovic A.,Zheng J.,11,90.0,3630,689.0,6.0,4.0,6.0,0.0,,,2.0,0.0,Completed,1.16,5.0,1.2,4.3,1.17,5.0,1.2,5.16,1.2,4.5,1.26,5.25,1.2,4.49
WTA,2014,32,London,Wimbledon,2014-06-26,Grand Slam,Outdoor,Grass,2nd Round,3,Lisicki S.,Pliskova Ka.,19,50.0,2397,1100.0,6.0,3.0,7.0,5.0,,,2.0,0.0,Completed,1.3,3.4,1.33,3.2,1.36,3.25,1.37,3.39,1.33,3.25,1.37,3.5,1.33,3.24
WTA,2014,32,London,Wimbledon,2014-06-26,Grand Slam,Outdoor,Grass,2nd Round,3,Flipkens K.,Dominguez Lino L.,24,132.0,2025,466.0,6.0,2.0,6.0,1.0,,,2.0,0.0,Completed,1.16,5.0,1.16,5.0,1.2,4.33,1.18,5.68,1.17,5.0,1.2,6.0,1.17,4.99
WTA,2014,32,London,Wimbledon,2014-06-26,Grand Slam,Outdoor,Grass,2nd Round,3,Petkovic A.,Begu I.,20,80.0,2205,723.0,6.0,4.0,3.0,6.0,6.0,1.0,2.0,1.0,Completed,1.16,5.0,1.17,4.75,1.17,4.5,1.22,4.97,1.17,5.0,1.22,5.25,1.18,4.71
WTA,2014,32,London,Wimbledon,2014-06-26,Grand Slam,Outdoor,Grass,2nd Round,3,Riske A.,Giorgi C.,44,42.0,1171,1214.0,7.0,5.0,6.0,2.0,,,2.0,0.0,Completed,2.0,1.72,2.0,1.8,2.0,1.73,2.1,1.83,2.0,1.8,2.1,1.85,2.0,1.78
WTA,2014,32,London,Wimbledon,2014-06-26,Grand Slam,Outdoor,Grass,2nd Round,3,Kerber A.,Watson H.,9,70.0,3830,790.0,6.0,2.0,5.0,7.0,6.0,1.0,2.0,1.0,Completed,1.36,3.0,1.35,3.1,1.36,3.25,1.35,3.54,1.36,3.0,1.4,3.54,1.35,3.14
WTA,2014,32,London,Wimbledon,2014-06-26,Grand Slam,Outdoor,Grass,2nd Round,3,Bouchard E.,Soler Espinosa S.,13,74.0,3320,754.0,7.0,5.0,6.0,1.0,,,2.0,0.0,Completed,1.08,8.0,1.09,7.0,1.1,7.0,1.1,8.6,1.08,7.5,1.11,9.0,1.09,7.32
WTA,2014,32,London,Wimbledon,2014-06-26,Grand Slam,Outdoor,Grass,2nd Round,3,Keys M.,Koukalova K.,47,31.0,1165,1525.0,7.0,5.0,6.0,7.0,6.0,2.0,2.0,1.0,Completed,1.22,4.0,1.3,3.4,1.29,3.5,1.28,4.14,1.29,3.5,1.3,4.14,1.28,3.65
WTA,2014,32,London,Wimbledon,2014-06-26,Grand Slam,Outdoor,Grass,2nd Round,3,Sharapova M.,Bacsinszky T.,5,86.0,4741,702.0,6.0,2.0,6.0,1.0,,,2.0,0.0,Completed,1.06,10.0,1.07,8.0,1.06,9.0,1.08,10.25,1.07,8.0,1.09,12.0,1.06,8.79
WTA,2014,32,London,Wimbledon,2014-06-26,Grand Slam,Outdoor,Grass,2nd Round,3,Zvonareva V.,Vekic D.,561,89.0,51,690.0,6.0,4.0,6.0,4.0,,,2.0,0.0,Completed,3.0,1.36,3.1,1.35,3.25,1.33,3.63,1.34,3.0,1.36,3.63,1.4,3.14,1.35
WTA,2014,32,London,Wimbledon,2014-06-27,Grand Slam,Outdoor,Grass,2nd Round,3,Bencic B.,Duval V.,72,115.0,773,550.0,6.0,4.0,7.0,5.0,,,2.0,0.0,Completed,1.5,2.5,1.55,2.4,1.57,2.25,1.59,2.52,1.57,2.38,1.59,2.56,1.54,2.43
WTA,2014,32,London,Wimbledon,2014-06-27,Grand Slam,Outdoor,Grass,2nd Round,3,Halep S.,Tsurenko L.,3,144.0,6280,424.0,6.0,3.0,4.0,6.0,6.0,4.0,2.0,1.0,Completed,1.05,11.0,1.05,9.0,1.06,8.0,1.06,12.5,1.06,8.5,1.07,12.5,1.05,9.96
WTA,2014,32,London,Wimbledon,2014-06-27,Grand Slam,Outdoor,Grass,3rd Round,3,Makarova E.,Garcia C.,22,46.0,2130,1169.0,7.0,5.0,6.0,3.0,,,2.0,0.0,Completed,1.36,3.0,1.42,2.8,1.4,3.0,1.44,3.07,1.44,2.75,1.47,3.15,1.41,2.9
WTA,2014,32,London,Wimbledon,2014-06-27,Grand Slam,Outdoor,Grass,3rd Round,3,Wozniacki C.,Konjuh A.,16,188.0,2700,320.0,6.0,3.0,6.0,0.0,,,2.0,0.0,Completed,1.22,4.0,1.25,3.75,1.25,4.0,1.24,4.68,1.22,4.0,1.29,5.0,1.24,4.05
WTA,2014,32,London,Wimbledon,2014-06-27,Grand Slam,Outdoor,Grass,3rd Round,3,Zahlavova Strycova B.,Li N.,43,2.0,1181,7450.0,7.0,6.0,7.0,6.0,,,2.0,0.0,Completed,5.0,1.16,5.0,1.16,5.0,1.17,5.13,1.21,5.5,1.14,5.75,1.21,4.96,1.17
WTA,2014,32,London,Wimbledon,2014-06-27,Grand Slam,Outdoor,Grass,3rd Round,3,Peng S.,Davis L.,60,58.0,905,920.0,0.0,6.0,6.0,3.0,6.0,3.0,2.0,1.0,Completed,2.2,1.61,2.15,1.68,2.2,1.67,2.29,1.71,2.2,1.67,2.4,1.74,2.19,1.67
WTA,2014,32,London,Wimbledon,2014-06-27,Grand Slam,Outdoor,Grass,3rd Round,3,Smitkova T.,Jovanovski B.,174,45.0,341,1170.0,4.0,6.0,7.0,6.0,10.0,8.0,2.0,1.0,Completed,2.5,1.44,2.4,1.55,2.5,1.53,2.52,1.61,2.5,1.53,2.52,1.67,2.4,1.57
WTA,2014,32,London,Wimbledon,2014-06-27,Grand Slam,Outdoor,Grass,3rd Round,3,Safarova L.,Cibulkova D.,23,10.0,2085,3735.0,6.0,4.0,6.0,2.0,,,2.0,0.0,Completed,2.2,1.61,2.15,1.68,2.1,1.73,2.26,1.73,2.1,1.73,2.35,1.74,2.16,1.69
WTA,2014,32,London,Wimbledon,2014-06-27,Grand Slam,Outdoor,Grass,3rd Round,3,Kvitova P.,Williams V.,6,30.0,4570,1596.0,5.0,7.0,7.0,6.0,7.0,5.0,2.0,1.0,Completed,1.4,2.75,1.42,2.8,1.44,2.75,1.45,3.04,1.4,2.88,1.47,3.04,1.42,2.83
WTA,2014,32,London,Wimbledon,2014-06-27,Grand Slam,Outdoor,Grass,3rd Round,3,Radwanska A.,Larcherde Brito M.,4,104.0,5990,614.0,6.0,2.0,6.0,0.0,,,2.0,0.0,Completed,1.12,6.0,1.13,5.5,1.12,6.0,1.18,5.73,1.13,6.0,1.18,6.25,1.14,5.65
WTA,2014,32,London,Wimbledon,2014-06-28,Grand Slam,Outdoor,Grass,3rd Round,3,Cornet A.,Williams S.,25,1.0,1995,9660.0,1.0,6.0,6.0,3.0,6.0,4.0,2.0,1.0,Completed,11.0,1.05,8.5,1.06,9.0,1.06,12.0,1.07,8.5,1.06,13.05,1.08,9.7,1.05
WTA,2014,32,London,Wimbledon,2014-06-28,Grand Slam,Outdoor,Grass,3rd Round,3,Diyas Z.,Zvonareva V.,71,561.0,781,51.0,7.0,6.0,3.0,6.0,6.0,3.0,2.0,1.0,Completed,1.57,2.37,1.58,2.35,1.62,2.25,1.56,2.64,1.57,2.38,1.65,2.64,1.57,2.41
WTA,2014,32,London,Wimbledon,2014-06-28,Grand Slam,Outdoor,Grass,3rd Round,3,Bouchard E.,Petkovic A.,13,20.0,3320,2205.0,6.0,3.0,6.0,4.0,,,2.0,0.0,Completed,1.44,2.75,1.4,2.9,1.44,2.75,1.49,2.88,1.4,2.88,1.5,3.0,1.43,2.81
WTA,2014,32,London,Wimbledon,2014-06-28,Grand Slam,Outdoor,Grass,3rd Round,3,Sharapova M.,Riske A.,5,44.0,4741,1171.0,6.0,3.0,6.0,0.0,,,2.0,0.0,Completed,1.1,7.0,1.1,6.5,1.1,7.0,1.13,7.51,1.1,7.0,1.14,7.66,1.11,6.64
WTA,2014,32,London,Wimbledon,2014-06-28,Grand Slam,Outdoor,Grass,3rd Round,3,Halep S.,Bencic B.,3,72.0,6280,773.0,6.0,4.0,6.0,1.0,,,2.0,0.0,Completed,1.22,4.33,1.22,4.0,1.25,4.0,1.25,4.55,1.25,3.75,1.25,4.85,1.23,4.13
WTA,2014,32,London,Wimbledon,2014-06-28,Grand Slam,Outdoor,Grass,3rd Round,3,Kerber A.,Flipkens K.,9,24.0,3830,2025.0,3.0,6.0,6.0,3.0,6.0,2.0,2.0,1.0,Completed,1.33,3.4,1.33,3.2,1.36,3.25,1.37,3.46,1.36,3.0,1.4,3.5,1.34,3.2
WTA,2014,32,London,Wimbledon,2014-06-30,Grand Slam,Outdoor,Grass,3rd Round,3,Shvedova Y.,Keys M.,67,47.0,829,1165.0,7.0,6.0,6.0,6.0,,,1.0,0.0,Retired,3.25,1.36,3.2,1.33,3.4,1.33,3.36,1.38,3.25,1.33,3.5,1.38,3.24,1.33
WTA,2014,32,London,Wimbledon,2014-06-30,Grand Slam,Outdoor,Grass,3rd Round,3,Lisicki S.,Ivanovic A.,19,11.0,2397,3630.0,6.0,4.0,3.0,6.0,6.0,1.0,2.0,1.0,Completed,2.75,1.44,2.6,1.48,2.62,1.5,2.86,1.49,2.75,1.44,2.9,1.5,2.67,1.46
WTA,2014,32,London,Wimbledon,2014-06-30,Grand Slam,Outdoor,Grass,4th Round,3,Safarova L.,Smitkova T.,23,174.0,2085,341.0,6.0,0.0,6.0,2.0,,,2.0,0.0,Completed,1.2,4.5,1.2,4.3,1.2,4.5,1.2,5.33,1.2,4.8,1.22,5.35,1.19,4.65
WTA,2014,32,London,Wimbledon,2014-06-30,Grand Slam,Outdoor,Grass,4th Round,3,Zahlavova Strycova B.,Wozniacki C.,43,16.0,1181,2700.0,6.0,2.0,7.0,5.0,,,2.0,0.0,Completed,3.75,1.28,3.4,1.3,3.4,1.33,3.68,1.34,3.75,1.29,3.8,1.34,3.51,1.3
WTA,2014,32,London,Wimbledon,2014-06-30,Grand Slam,Outdoor,Grass,4th Round,3,Bouchard E.,Cornet A.,13,25.0,3320,1995.0,7.0,6.0,7.0,5.0,,,2.0,0.0,Completed,1.44,2.75,1.42,2.8,1.36,3.0,1.45,3.03,1.4,3.0,1.5,3.03,1.42,2.82
WTA,2014,32,London,Wimbledon,2014-06-30,Grand Slam,Outdoor,Grass,4th Round,3,Kvitova P.,Peng S.,6,60.0,4570,905.0,6.0,3.0,6.0,2.0,,,2.0,0.0,Completed,1.14,5.5,1.16,5.0,1.12,6.0,1.16,6.23,1.14,6.0,1.17,7.0,1.14,5.5
WTA,2014,32,London,Wimbledon,2014-06-30,Grand Slam,Outdoor,Grass,4th Round,3,Makarova E.,Radwanska A.,22,4.0,2130,5990.0,6.0,3.0,6.0,0.0,,,2.0,0.0,Completed,4.0,1.25,3.75,1.25,3.5,1.3,3.88,1.31,3.75,1.29,4.05,1.34,3.64,1.28
WTA,2014,32,London,Wimbledon,2014-07-01,Grand Slam,Outdoor,Grass,4th Round,3,Halep S.,Diyas Z.,3,71.0,6280,781.0,6.0,3.0,6.0,0.0,,,2.0,0.0,Completed,1.08,8.0,1.09,7.0,1.1,7.0,1.1,9.35,1.13,6.5,1.16,9.35,1.1,7.08
WTA,2014,32,London,Wimbledon,2014-07-01,Grand Slam,Outdoor,Grass,4th Round,3,Lisicki S.,Shvedova Y.,19,67.0,2397,829.0,6.0,3.0,3.0,6.0,6.0,4.0,2.0,1.0,Completed,1.25,4.0,1.25,3.75,1.25,4.0,1.28,4.21,1.25,4.0,1.3,4.33,1.26,3.83
WTA,2014,32,London,Wimbledon,2014-07-01,Grand Slam,Outdoor,Grass,4th Round,3,Kerber A.,Sharapova M.,9,5.0,3830,4741.0,7.0,6.0,4.0,6.0,6.0,4.0,2.0,1.0,Completed,4.5,1.2,4.3,1.2,4.33,1.22,4.72,1.24,4.0,1.25,4.75,1.25,4.35,1.21
WTA,2014,32,London,Wimbledon,2014-07-01,Grand Slam,Outdoor,Grass,Quarterfinals,3,Safarova L.,Makarova E.,23,22.0,2085,2130.0,6.0,3.0,6.0,1.0,,,2.0,0.0,Completed,2.1,1.72,2.1,1.7,2.1,1.73,2.13,1.83,2.1,1.8,2.2,1.83,2.1,1.73
WTA,2014,32,London,Wimbledon,2014-07-01,Grand Slam,Outdoor,Grass,Quarterfinals,3,Kvitova P.,Zahlavova Strycova B.,6,43.0,4570,1181.0,6.0,1.0,7.0,5.0,,,2.0,0.0,Completed,1.33,3.4,1.33,3.2,1.3,3.5,1.38,3.41,1.33,3.5,1.39,3.6,1.33,3.33
WTA,2014,32,London,Wimbledon,2014-07-02,Grand Slam,Outdoor,Grass,Quarterfinals,3,Bouchard E.,Kerber A.,13,9.0,3320,3830.0,6.0,3.0,6.0,4.0,,,2.0,0.0,Completed,1.9,1.9,1.8,2.0,1.8,2.0,1.96,1.96,1.8,2.05,1.97,2.15,1.84,1.96
WTA,2014,32,London,Wimbledon,2014-07-02,Grand Slam,Outdoor,Grass,Quarterfinals,3,Halep S.,Lisicki S.,3,19.0,6280,2397.0,6.0,4.0,6.0,0.0,,,2.0,0.0,Completed,1.33,3.4,1.35,3.1,1.36,3.25,1.34,3.62,1.4,3.0,1.4,3.62,1.34,3.28
WTA,2014,32,London,Wimbledon,2014-07-03,Grand Slam,Outdoor,Grass,Semifinals,3,Kvitova P.,Safarova L.,6,23.0,4570,2085.0,7.0,6.0,6.0,1.0,,,2.0,0.0,Completed,1.36,3.2,1.35,3.1,1.4,3.0,1.4,3.35,1.4,3.0,1.42,3.35,1.38,3.08
WTA,2014,32,London,Wimbledon,2014-07-03,Grand Slam,Outdoor,Grass,Semifinals,3,Bouchard E.,Halep S.,13,3.0,3320,6280.0,7.0,6.0,6.0,2.0,,,2.0,0.0,Completed,2.37,1.57,2.35,1.58,2.25,1.62,2.6,1.59,2.38,1.62,2.6,1.62,2.41,1.57
WTA,2014,32,London,Wimbledon,2014-07-05,Grand Slam,Outdoor,Grass,The Final,3,Kvitova P.,Bouchard E.,6,13.0,4570,3320.0,6.0,3.0,6.0,0.0,,,2.0,0.0,Completed,1.72,2.2,1.7,2.1,1.73,2.1,1.76,2.22,1.73,2.2,1.8,2.22,1.73,2.13
WTA,2014,43,New York,US Open,2014-08-25,Grand Slam,Outdoor,Hard,1st Round,3,Cepelova J.,Torro Flor M.T.,65,62.0,857,889.0,2.0,6.0,7.0,5.0,6.0,1.0,2.0,1.0,Completed,1.72,2.0,1.7,2.1,1.62,2.2,1.88,2.04,,,1.88,2.2,1.73,2.08
WTA,2014,43,New York,US Open,2014-08-25,Grand Slam,Outdoor,Hard,1st Round,3,Radwanska A.,Fichman S.,5,112.0,5590,508.0,6.0,1.0,6.0,0.0,,,2.0,0.0,Completed,1.02,10.5,1.05,9.0,1.04,11.0,1.04,15.0,1.04,10.0,1.05,16.0,1.03,11.83
WTA,2014,43,New York,US Open,2014-08-25,Grand Slam,Outdoor,Hard,1st Round,3,Kerber A.,Pervak K.,7,127.0,4550,448.0,6.0,2.0,3.0,6.0,7.0,5.0,2.0,1.0,Completed,1.11,6.0,1.12,5.75,1.12,6.0,1.11,7.87,,,1.15,7.87,1.11,6.38
WTA,2014,43,New York,US Open,2014-08-25,Grand Slam,Outdoor,Hard,1st Round,3,Petkovic A.,Jabeur O.,19,166.0,2400,351.0,7.0,6.0,1.0,6.0,6.0,3.0,2.0,1.0,Completed,1.11,6.0,1.15,5.25,1.14,5.0,1.14,6.67,,,1.15,6.75,1.13,5.81
WTA,2014,43,New York,US Open,2014-08-25,Grand Slam,Outdoor,Hard,1st Round,3,Nara K.,Wozniak A.,33,97.0,1412,599.0,6.0,2.0,6.0,1.0,,,2.0,0.0,Completed,1.44,2.62,1.5,2.5,1.5,2.5,1.52,2.73,1.44,2.63,1.52,2.8,1.47,2.63
WTA,2014,43,New York,US Open,2014-08-25,Grand Slam,Outdoor,Hard,1st Round,3,Bencic B.,Wickmayer Y.,58,64.0,916,862.0,6.0,3.0,6.0,2.0,,,2.0,0.0,Completed,1.5,2.5,1.55,2.4,1.5,2.5,1.52,2.74,1.53,2.4,1.57,2.74,1.52,2.49
WTA,2014,43,New York,US Open,2014-08-25,Grand Slam,Outdoor,Hard,1st Round,3,Safarova L.,Babos T.,15,114.0,2825,502.0,6.0,4.0,7.0,5.0,,,2.0,0.0,Completed,1.12,6.0,1.11,6.0,1.12,5.5,1.11,8.17,1.13,6.25,1.13,8.17,1.1,6.61
WTA,2014,43,New York,US Open,2014-08-25,Grand Slam,Outdoor,Hard,1st Round,3,Zheng S.,Voegele S.,148,66.0,406,840.0,1.0,6.0,6.0,2.0,6.0,2.0,2.0,1.0,Completed,2.25,1.57,2.2,1.65,2.2,1.62,2.5,1.6,,,2.5,1.65,2.33,1.59
WTA,2014,43,New York,US Open,2014-08-25,Grand Slam,Outdoor,Hard,1st Round,3,Halep S.,Collins D.R.,2,,6310,,6.0,7.0,6.0,1.0,6.0,2.0,2.0,1.0,Completed,1.01,26.0,1.02,12.0,1.01,26.0,1.01,29.16,1.01,17.0,1.02,30.0,1.01,19.07
WTA,2014,43,New York,US Open,2014-08-25,Grand Slam,Outdoor,Hard,1st Round,3,Peng S.,Zheng J.,39,57.0,1225,933.0,6.0,3.0,6.0,3.0,,,2.0,0.0,Completed,1.33,3.25,1.4,2.9,1.4,2.75,1.38,3.33,1.4,3.0,1.41,3.7,1.37,3.03
WTA,2014,43,New York,US Open,2014-08-25,Grand Slam,Outdoor,Hard,1st Round,3,Puig M.,Smitkova T.,69,89.0,810,645.0,3.0,6.0,6.0,3.0,6.0,3.0,2.0,1.0,Completed,1.44,2.62,1.48,2.6,1.44,2.62,1.5,2.8,1.5,2.6,1.53,2.8,1.48,2.61
WTA,2014,43,New York,US Open,2014-08-25,Grand Slam,Outdoor,Hard,1st Round,3,Hantuchova D.,Oprandi R.,37,157.0,1356,368.0,4.0,6.0,6.0,2.0,6.0,3.0,2.0,1.0,Completed,1.16,5.0,1.22,4.0,1.22,4.0,1.27,4.19,1.18,4.8,1.27,5.0,1.23,4.13
WTA,2014,43,New York,US Open,2014-08-25,Grand Slam,Outdoor,Hard,1st Round,3,Kudryavtseva A.,Duan Y.Y.,137,163.0,428,354.0,2.0,6.0,6.0,2.0,6.0,4.0,2.0,1.0,Completed,1.72,2.0,1.7,2.1,1.73,2.0,1.87,2.04,,,1.87,2.2,1.75,2.04
WTA,2014,43,New York,US Open,2014-08-25,Grand Slam,Outdoor,Hard,1st Round,3,Pironkova T.,Knapp K.,54,71.0,989,785.0,6.0,4.0,6.0,3.0,,,2.0,0.0,Completed,2.5,1.5,2.5,1.5,2.5,1.5,2.52,1.6,2.6,1.5,2.65,1.6,2.49,1.52
WTA,2014,43,New York,US Open,2014-08-25,Grand Slam,Outdoor,Hard,1st Round,3,Williams V.,Date Krumm K.,20,88.0,2340,650.0,2.0,6.0,6.0,3.0,6.0,3.0,2.0,1.0,Completed,1.12,6.0,1.12,5.75,1.12,6.0,1.13,7.77,1.13,6.0,1.14,7.77,1.11,6.33
WTA,2014,43,New York,US Open,2014-08-25,Grand Slam,Outdoor,Hard,1st Round,3,Jankovic J.,Jovanovski B.,10,36.0,3695,1380.0,6.0,2.0,6.0,3.0,,,2.0,0.0,Completed,1.1,7.0,1.11,6.0,1.12,5.5,1.13,7.38,1.11,6.5,1.13,8.0,1.11,6.55
WTA,2014,43,New York,US Open,2014-08-25,Grand Slam,Outdoor,Hard,1st Round,3,Larsson J.,Razzano V.,96,183.0,602,310.0,6.0,0.0,6.0,0.0,,,2.0,0.0,Completed,1.66,2.1,1.7,2.1,1.62,2.2,1.81,2.11,1.73,2.1,1.81,2.2,1.72,2.08
WTA,2014,43,New York,US Open,2014-08-25,Grand Slam,Outdoor,Hard,1st Round,3,Rodionova An.,Giorgi C.,221,31.0,243,1465.0,1.0,6.0,7.0,5.0,6.0,3.0,2.0,1.0,Completed,5.5,1.14,4.75,1.17,4.5,1.17,4.93,1.22,,,5.5,1.22,4.74,1.18
WTA,2014,43,New York,US Open,2014-08-25,Grand Slam,Outdoor,Hard,1st Round,3,Bacsinszky T.,Bertens K.,78,84.0,743,666.0,6.0,7.0,4.0,3.0,,,0.0,1.0,Retired,1.5,2.5,1.5,2.5,1.5,2.5,1.79,2.14,,,1.79,2.65,1.6,2.31
WTA,2014,43,New York,US Open,2014-08-25,Grand Slam,Outdoor,Hard,1st Round,3,Peer S.,Konta J.,155,118.0,374,489.0,6.0,2.0,6.0,3.0,,,2.0,0.0,Completed,2.37,1.53,2.3,1.6,2.2,1.62,2.62,1.56,2.4,1.57,2.62,1.62,2.4,1.55
WTA,2014,43,New York,US Open,2014-08-25,Grand Slam,Outdoor,Hard,1st Round,3,Stephens S.,Beck A.,24,59.0,1900,916.0,6.0,0.0,6.0,3.0,,,2.0,0.0,Completed,1.25,3.75,1.25,3.75,1.25,4.0,1.3,3.89,1.25,3.8,1.3,4.25,1.26,3.78
WTA,2014,43,New York,US Open,2014-08-25,Grand Slam,Outdoor,Hard,1st Round,3,Sasnovich A.,Schmiedlova A.,120,67.0,482,837.0,6.0,4.0,6.0,3.0,,,2.0,0.0,Completed,1.57,2.25,1.62,2.25,1.67,2.1,1.61,2.48,,,1.67,2.48,1.6,2.29
WTA,2014,43,New York,US Open,2014-08-25,Grand Slam,Outdoor,Hard,1st Round,3,Cornet A.,Hesse A.,23,190.0,1930,292.0,6.0,1.0,6.0,2.0,,,2.0,0.0,Completed,1.07,9.0,1.05,9.0,1.06,8.0,1.08,10.25,1.06,8.5,1.09,10.5,1.06,8.79
WTA,2014,43,New York,US Open,2014-08-25,Grand Slam,Outdoor,Hard,1st Round,3,Lucic M.,Muguruza G.,121,26.0,479,1793.0,6.0,3.0,7.0,6.0,,,2.0,0.0,Completed,5.0,1.16,4.75,1.17,4.5,1.17,5.0,1.21,,,5.5,1.22,4.76,1.18
WTA,2014,43,New York,US Open,2014-08-25,Grand Slam,Outdoor,Hard,1st Round,3,Vinci R.,Ormaechea P.,30,99.0,1492,576.0,6.0,3.0,6.0,3.0,,,2.0,0.0,Completed,1.16,5.0,1.16,5.0,1.2,4.33,1.18,5.7,1.17,5.0,1.2,5.7,1.17,4.95
WTA,2014,43,New York,US Open,2014-08-25,Grand Slam,Outdoor,Hard,1st Round,3,Dulgheru A.,Pliskova Kr.,95,92.0,606,630.0,6.0,3.0,6.0,4.0,,,2.0,0.0,Completed,2.1,1.66,2.1,1.7,2.1,1.67,2.1,1.81,2.05,1.8,2.15,1.82,2.07,1.74
WTA,2014,43,New York,US Open,2014-08-25,Grand Slam,Outdoor,Hard,1st Round,3,Lisicki S.,Abanda F.,28,205.0,1576,269.0,6.0,3.0,7.0,5.0,,,2.0,0.0,Completed,1.16,5.0,1.18,4.5,1.17,4.5,1.23,4.69,,,1.24,5.0,1.19,4.52
WTA,2014,43,New York,US Open,2014-08-25,Grand Slam,Outdoor,Hard,1st Round,3,Brengle M.,Glushko J.,123,101.0,470,568.0,6.0,3.0,6.0,2.0,,,2.0,0.0,Completed,1.44,2.62,1.45,2.7,1.44,2.62,1.43,3.05,1.5,2.63,1.5,3.05,1.44,2.74
WTA,2014,43,New York,US Open,2014-08-25,Grand Slam,Outdoor,Hard,1st Round,3,Begu I.,Soler Espinosa S.,61,70.0,901,790.0,7.0,6.0,6.0,3.0,,,2.0,0.0,Completed,1.66,2.1,1.68,2.15,1.73,2.0,1.84,2.09,1.67,2.1,1.84,2.2,1.73,2.08
WTA,2014,43,New York,US Open,2014-08-26,Grand Slam,Outdoor,Hard,1st Round,3,Errani S.,Flipkens K.,14,47.0,2885,1090.0,6.0,1.0,7.0,5.0,,,2.0,0.0,Completed,1.5,2.5,1.58,2.35,1.53,2.38,1.54,2.66,1.53,2.5,1.57,2.66,1.55,2.43
WTA,2014,43,New York,US Open,2014-08-26,Grand Slam,Outdoor,Hard,1st Round,3,Wozniacki C.,Rybarikova M.,11,43.0,3165,1140.0,6.0,1.0,3.0,6.0,2.0,0.0,1.0,1.0,Retired,1.1,7.0,1.09,7.0,1.11,6.5,1.11,7.88,1.1,7.0,1.12,8.0,1.1,6.98
WTA,2014,43,New York,US Open,2014-08-26,Grand Slam,Outdoor,Hard,1st Round,3,Sharapova M.,Kirilenko M.,6,113.0,5335,504.0,6.0,4.0,6.0,0.0,,,2.0,0.0,Completed,1.07,9.0,1.09,7.0,1.07,8.5,1.07,10.25,1.1,7.0,1.1,10.25,1.07,8.32
WTA,2014,43,New York,US Open,2014-08-26,Grand Slam,Outdoor,Hard,1st Round,3,Barthel M.,Zhang S.,53,34.0,991,1412.0,6.0,1.0,6.0,2.0,,,2.0,0.0,Completed,1.4,2.75,1.45,2.7,1.44,2.62,1.47,2.93,1.44,2.75,1.48,2.93,1.44,2.73
WTA,2014,43,New York,US Open,2014-08-26,Grand Slam,Outdoor,Hard,1st Round,3,Cirstea S.,Watson H.,80,46.0,704,1095.0,6.0,1.0,6.0,1.0,,,2.0,0.0,Completed,2.75,1.4,2.6,1.48,2.62,1.44,2.72,1.52,2.63,1.5,2.75,1.53,2.63,1.47
WTA,2014,43,New York,US Open,2014-08-26,Grand Slam,Outdoor,Hard,1st Round,3,Dellacqua C.,Mayr P.,32,85.0,1441,659.0,7.0,5.0,6.0,3.0,,,2.0,0.0,Completed,1.22,4.0,1.25,3.75,1.25,3.75,1.29,4.05,1.3,3.75,1.3,4.1,1.26,3.79
WTA,2014,43,New York,US Open,2014-08-26,Grand Slam,Outdoor,Hard,1st Round,3,Wang Q.,Kania P.,139,159.0,424,367.0,6.0,2.0,6.0,0.0,,,2.0,0.0,Completed,1.66,2.1,1.65,2.2,1.62,2.2,1.64,2.41,,,1.75,2.41,1.67,2.18
WTA,2014,43,New York,US Open,2014-08-26,Grand Slam,Outdoor,Hard,1st Round,3,Erakovic M.,Kuznetsova S.,82,22.0,680,2010.0,3.0,6.0,6.0,2.0,7.0,6.0,2.0,1.0,Completed,5.0,1.16,4.5,1.18,4.33,1.2,5.31,1.2,4.8,1.18,5.31,1.2,4.74,1.18
WTA,2014,43,New York,US Open,2014-08-26,Grand Slam,Outdoor,Hard,1st Round,3,Lepchenko V.,Van Uytvanck A.,52,83.0,1007,672.0,7.0,5.0,6.0,2.0,,,2.0,0.0,Completed,1.22,4.0,1.25,3.75,1.25,3.75,1.27,4.22,1.25,3.8,1.27,4.22,1.24,3.91
WTA,2014,43,New York,US Open,2014-08-26,Grand Slam,Outdoor,Hard,1st Round,3,Kanepi K.,Parmentier P.,50,74.0,1030,771.0,7.0,6.0,3.0,6.0,6.0,1.0,2.0,1.0,Completed,1.4,2.75,1.42,2.8,1.4,2.75,1.41,3.16,1.5,2.5,1.5,3.16,1.4,2.87
WTA,2014,43,New York,US Open,2014-08-26,Grand Slam,Outdoor,Hard,1st Round,3,Pliskova Ka.,Meusburger Y.,42,60.0,1160,905.0,6.0,2.0,6.0,2.0,,,2.0,0.0,Completed,1.3,3.4,1.33,3.2,1.33,3.25,1.36,3.48,1.33,3.2,1.38,3.55,1.34,3.21
WTA,2014,43,New York,US Open,2014-08-26,Grand Slam,Outdoor,Hard,1st Round,3,Stosur S.,Davis L.,21,49.0,2045,1030.0,6.0,1.0,6.0,4.0,,,2.0,0.0,Completed,1.22,4.0,1.25,3.75,1.25,4.0,1.31,3.81,1.22,4.0,1.31,4.5,1.25,3.93
WTA,2014,43,New York,US Open,2014-08-26,Grand Slam,Outdoor,Hard,1st Round,3,Ivanovic A.,Riske A.,9,45.0,4065,1117.0,6.0,3.0,6.0,0.0,,,2.0,0.0,Completed,1.14,5.0,1.16,5.0,1.17,5.0,1.15,6.34,1.17,5.0,1.17,6.34,1.15,5.25
WTA,2014,43,New York,US Open,2014-08-26,Grand Slam,Outdoor,Hard,1st Round,3,Vesnina E.,Chan Y.J.,56,228.0,945,233.0,6.0,0.0,7.0,5.0,,,2.0,0.0,Completed,1.5,2.5,1.52,2.45,1.5,2.5,1.67,2.36,,,1.67,2.5,1.57,2.37
WTA,2014,43,New York,US Open,2014-08-26,Grand Slam,Outdoor,Hard,1st Round,3,Rogers S.,Zanevska M.,86,130.0,656,437.0,6.0,4.0,6.0,3.0,,,2.0,0.0,Completed,1.57,2.25,1.65,2.2,1.57,2.25,1.8,2.13,,,1.8,2.38,1.67,2.17
WTA,2014,43,New York,US Open,2014-08-26,Grand Slam,Outdoor,Hard,1st Round,3,Zahlavova Strycova B.,Barty A.,29,186.0,1501,303.0,6.0,1.0,6.0,3.0,,,2.0,0.0,Completed,1.4,2.75,1.45,2.7,1.44,2.62,1.52,2.73,,,1.52,2.95,1.46,2.69
WTA,2014,43,New York,US Open,2014-08-26,Grand Slam,Outdoor,Hard,1st Round,3,Pennetta F.,Goerges J.,12,94.0,3121,610.0,6.0,3.0,4.0,6.0,6.0,1.0,2.0,1.0,Completed,1.33,3.25,1.33,3.2,1.33,3.25,1.37,3.39,1.3,3.5,1.37,3.6,1.32,3.33
WTA,2014,43,New York,US Open,2014-08-26,Grand Slam,Outdoor,Hard,1st Round,3,Hercog P.,Svitolina E.,76,35.0,748,1405.0,6.0,2.0,7.0,6.0,,,2.0,0.0,Completed,4.0,1.22,3.75,1.25,3.4,1.3,3.69,1.33,3.75,1.25,4.3,1.33,3.73,1.27
WTA,2014,43,New York,US Open,2014-08-26,Grand Slam,Outdoor,Hard,1st Round,3,Bouchard E.,Govortsova O.,8,117.0,4405,491.0,6.0,2.0,6.0,1.0,,,2.0,0.0,Completed,1.12,6.0,1.12,5.75,1.14,5.5,1.14,6.65,1.13,5.8,1.15,6.65,1.13,5.71
WTA,2014,43,New York,US Open,2014-08-26,Grand Slam,Outdoor,Hard,1st Round,3,Niculescu M.,Shvedova Y.,68,51.0,835,1017.0,6.0,7.0,6.0,1.0,7.0,5.0,2.0,1.0,Completed,1.66,2.1,1.75,2.05,1.73,2.0,1.83,2.09,1.73,2.1,1.83,2.17,1.73,2.07
WTA,2014,43,New York,US Open,2014-08-26,Grand Slam,Outdoor,Hard,1st Round,3,Mchale C.,Scheepers C.,44,72.0,1135,785.0,6.0,2.0,1.0,6.0,7.0,6.0,2.0,1.0,Completed,1.66,2.1,1.7,2.1,1.73,2.0,1.72,2.25,1.73,2.1,1.77,2.25,1.72,2.09
WTA,2014,43,New York,US Open,2014-08-26,Grand Slam,Outdoor,Hard,1st Round,3,Azarenka V.,Doi M.,17,90.0,2783,643.0,6.0,7.0,6.0,4.0,6.0,1.0,2.0,1.0,Completed,1.16,5.0,1.15,5.25,1.17,5.0,1.15,6.52,1.15,5.0,1.18,6.52,1.15,5.35
WTA,2014,43,New York,US Open,2014-08-26,Grand Slam,Outdoor,Hard,1st Round,3,Bellis C.,Cibulkova D.,1208,13.0,4,3002.0,6.0,1.0,4.0,6.0,6.0,4.0,2.0,1.0,Completed,8.0,1.08,8.5,1.06,8.5,1.05,11.25,1.07,8.5,1.06,11.25,1.08,9.15,1.06
WTA,2014,43,New York,US Open,2014-08-26,Grand Slam,Outdoor,Hard,1st Round,3,Kvitova P.,Mladenovic K.,4,73.0,5956,775.0,6.0,1.0,6.0,0.0,,,2.0,0.0,Completed,1.12,6.0,1.15,5.25,1.14,5.5,1.14,6.69,1.13,5.8,1.17,7.0,1.13,5.78
WTA,2014,43,New York,US Open,2014-08-26,Grand Slam,Outdoor,Hard,1st Round,3,Cetkovska P.,Koukalova K.,63,40.0,874,1205.0,6.0,1.0,2.0,6.0,6.0,3.0,2.0,1.0,Completed,2.0,1.72,2.2,1.65,2.2,1.62,1.98,1.93,,,2.2,1.93,1.98,1.8
WTA,2014,43,New York,US Open,2014-08-26,Grand Slam,Outdoor,Hard,1st Round,3,Vandeweghe C.,Vekic D.,38,79.0,1279,715.0,2.0,6.0,6.0,3.0,6.0,1.0,2.0,1.0,Completed,1.36,3.0,1.33,3.2,1.33,3.25,1.36,3.44,1.33,3.3,1.4,3.5,1.34,3.18
WTA,2014,43,New York,US Open,2014-08-26,Grand Slam,Outdoor,Hard,1st Round,3,Diyas Z.,Tsurenko L.,48,128.0,1087,439.0,6.0,1.0,6.0,2.0,,,2.0,0.0,Completed,1.83,1.83,1.75,2.05,1.8,1.91,1.93,1.97,,,1.93,2.08,1.83,1.94
WTA,2014,43,New York,US Open,2014-08-26,Grand Slam,Outdoor,Hard,1st Round,3,Makarova E.,Min G.,18,105.0,2565,538.0,6.0,4.0,6.0,2.0,,,2.0,0.0,Completed,1.1,7.0,1.1,6.5,1.1,6.5,1.13,7.38,1.11,6.5,1.15,7.38,1.11,6.5
WTA,2014,43,New York,US Open,2014-08-26,Grand Slam,Outdoor,Hard,1st Round,3,King V.,Schiavone F.,81,77.0,700,745.0,6.0,3.0,3.0,6.0,6.0,3.0,2.0,1.0,Completed,2.5,1.5,2.5,1.5,2.25,1.57,2.63,1.55,2.5,1.53,2.65,1.57,2.52,1.51
WTA,2014,43,New York,US Open,2014-08-26,Grand Slam,Outdoor,Hard,1st Round,3,Suarez Navarro C.,Tomljanovic A.,16,55.0,2790,985.0,3.0,6.0,6.0,2.0,6.0,1.0,2.0,1.0,Completed,1.18,4.5,1.22,4.0,1.22,4.0,1.23,4.75,1.2,4.5,1.23,4.95,1.2,4.42
WTA,2014,43,New York,US Open,2014-08-26,Grand Slam,Outdoor,Hard,1st Round,3,Gibbs N.,Garcia C.,135,41.0,431,1193.0,6.0,2.0,2.0,6.0,6.0,3.0,2.0,1.0,Completed,2.2,1.61,2.25,1.62,2.25,1.57,2.27,1.71,2.3,1.62,2.42,1.71,2.25,1.63
WTA,2014,43,New York,US Open,2014-08-26,Grand Slam,Outdoor,Hard,1st Round,3,Krunic A.,Piter K.,145,111.0,409,509.0,6.0,4.0,6.0,1.0,,,2.0,0.0,Completed,1.36,3.0,1.38,3.0,1.36,3.0,1.35,3.49,,,1.42,3.49,1.37,3.07
WTA,2014,43,New York,US Open,2014-08-26,Grand Slam,Outdoor,Hard,1st Round,3,Keys M.,Gajdosova J.,27,102.0,1605,562.0,6.0,0.0,6.0,3.0,,,2.0,0.0,Completed,1.18,4.5,1.25,3.75,1.2,4.5,1.27,4.18,1.2,4.5,1.28,4.5,1.23,4.02
WTA,2014,43,New York,US Open,2014-08-27,Grand Slam,Outdoor,Hard,1st Round,3,Pavlyuchenkova A.,Pereira T.,25,91.0,1865,635.0,6.0,2.0,6.0,0.0,,,2.0,0.0,Completed,1.1,7.0,1.1,6.5,1.11,6.0,1.13,7.65,1.11,6.5,1.13,7.9,1.1,6.84
WTA,2014,43,New York,US Open,2014-08-27,Grand Slam,Outdoor,Hard,1st Round,3,Williams S.,Townsend T.,1,103.0,9430,558.0,6.0,3.0,6.0,1.0,,,2.0,0.0,Completed,1.03,15.0,1.03,11.0,1.03,12.0,1.05,14.09,1.03,10.0,1.05,17.0,1.03,12.45
WTA,2014,43,New York,US Open,2014-08-27,Grand Slam,Outdoor,Hard,2nd Round,3,Peng S.,Radwanska A.,39,5.0,1225,5590.0,6.0,3.0,6.0,4.0,,,2.0,0.0,Completed,6.0,1.12,5.5,1.13,6.5,1.1,5.98,1.17,6.0,1.13,6.5,1.17,5.77,1.13
WTA,2014,43,New York,US Open,2014-08-27,Grand Slam,Outdoor,Hard,2nd Round,3,Bencic B.,Nara K.,58,33.0,916,1412.0,6.0,4.0,4.0,6.0,6.0,1.0,2.0,1.0,Completed,1.8,1.9,1.8,2.0,1.8,1.91,1.85,2.07,1.8,2.05,1.91,2.07,1.83,1.94
WTA,2014,43,New York,US Open,2014-08-27,Grand Slam,Outdoor,Hard,2nd Round,3,Cornet A.,Hantuchova D.,23,37.0,1930,1356.0,6.0,3.0,6.0,3.0,,,2.0,0.0,Completed,1.28,3.5,1.28,3.5,1.29,3.5,1.35,3.5,1.3,3.4,1.35,4.0,1.3,3.48
WTA,2014,43,New York,US Open,2014-08-27,Grand Slam,Outdoor,Hard,2nd Round,3,Vinci R.,Begu I.,30,61.0,1492,901.0,2.0,6.0,6.0,4.0,6.0,1.0,2.0,1.0,Completed,1.5,2.5,1.5,2.5,1.5,2.5,1.63,2.46,,,1.63,2.75,1.53,2.47
WTA,2014,43,New York,US Open,2014-08-27,Grand Slam,Outdoor,Hard,2nd Round,3,Larsson J.,Stephens S.,96,24.0,602,1900.0,5.0,7.0,6.0,4.0,6.0,2.0,2.0,1.0,Completed,5.5,1.14,5.0,1.16,5.0,1.17,6.23,1.16,5.25,1.15,6.23,1.17,5.38,1.15
WTA,2014,43,New York,US Open,2014-08-27,Grand Slam,Outdoor,Hard,2nd Round,3,Kerber A.,Kudryavtseva A.,7,137.0,4550,428.0,6.0,2.0,6.0,4.0,,,2.0,0.0,Completed,1.08,8.0,1.08,7.5,1.1,6.5,1.08,9.97,1.07,8.0,1.11,9.97,1.08,7.86
WTA,2014,43,New York,US Open,2014-08-27,Grand Slam,Outdoor,Hard,2nd Round,3,Safarova L.,Zheng S.,15,148.0,2825,406.0,6.0,3.0,4.0,6.0,6.0,2.0,2.0,1.0,Completed,1.1,7.0,1.08,7.5,1.08,7.0,1.12,7.71,1.1,6.5,1.13,8.0,1.09,7.09
WTA,2014,43,New York,US Open,2014-08-27,Grand Slam,Outdoor,Hard,2nd Round,3,Halep S.,Cepelova J.,2,65.0,6310,857.0,6.0,2.0,6.0,1.0,,,2.0,0.0,Completed,1.06,9.0,1.08,7.5,1.07,8.5,1.08,10.18,1.06,8.5,1.09,10.8,1.07,8.52
WTA,2014,43,New York,US Open,2014-08-27,Grand Slam,Outdoor,Hard,2nd Round,3,Jankovic J.,Pironkova T.,10,54.0,3695,989.0,7.0,5.0,6.0,4.0,,,2.0,0.0,Completed,1.11,6.5,1.11,6.0,1.12,6.0,1.15,6.52,1.11,6.5,1.15,7.0,1.12,6.08
WTA,2014,43,New York,US Open,2014-08-27,Grand Slam,Outdoor,Hard,2nd Round,3,Petkovic A.,Puig M.,19,69.0,2400,810.0,3.0,6.0,6.0,3.0,7.0,6.0,2.0,1.0,Completed,1.4,2.75,1.45,2.7,1.4,2.75,1.49,2.85,1.44,2.75,1.52,2.89,1.45,2.72
WTA,2014,43,New York,US Open,2014-08-27,Grand Slam,Outdoor,Hard,2nd Round,3,Sharapova M.,Dulgheru A.,6,95.0,5335,606.0,4.0,6.0,6.0,3.0,6.0,2.0,2.0,1.0,Completed,1.03,13.0,1.04,10.0,1.04,9.0,1.04,15.62,1.04,11.0,1.06,15.62,1.04,11.36
WTA,2014,43,New York,US Open,2014-08-27,Grand Slam,Outdoor,Hard,2nd Round,3,Wozniacki C.,Sasnovich A.,11,120.0,3165,482.0,6.0,3.0,6.0,4.0,,,2.0,0.0,Completed,1.03,13.0,1.05,9.0,1.06,9.0,1.06,12.43,1.04,11.0,1.07,13.0,1.05,10.15
WTA,2014,43,New York,US Open,2014-08-27,Grand Slam,Outdoor,Hard,2nd Round,3,Lucic M.,Peer S.,121,155.0,479,374.0,6.0,7.0,6.0,3.0,6.0,2.0,2.0,1.0,Completed,1.72,2.0,1.85,1.9,1.73,2.0,1.88,2.02,1.83,2.0,1.87,2.16,1.8,1.98
WTA,2014,43,New York,US Open,2014-08-27,Grand Slam,Outdoor,Hard,2nd Round,3,Lisicki S.,Brengle M.,28,123.0,1576,470.0,6.0,4.0,6.0,1.0,,,2.0,0.0,Completed,1.25,3.75,1.25,3.75,1.25,3.75,1.32,3.77,1.25,3.8,1.32,4.05,1.26,3.76
WTA,2014,43,New York,US Open,2014-08-28,Grand Slam,Outdoor,Hard,2nd Round,3,Williams V.,Bacsinszky T.,20,78.0,2340,743.0,6.0,1.0,6.0,4.0,,,2.0,0.0,Completed,1.2,4.33,1.2,4.3,1.2,4.33,1.25,4.46,1.2,4.5,1.25,4.7,1.21,4.28
WTA,2014,43,New York,US Open,2014-08-28,Grand Slam,Outdoor,Hard,2nd Round,3,Errani S.,Rodionova An.,14,221.0,2885,243.0,6.0,4.0,7.0,6.0,,,2.0,0.0,Completed,1.16,5.0,1.17,4.75,1.17,4.5,1.21,5.0,1.18,4.8,1.22,5.75,1.18,4.72
WTA,2014,43,New York,US Open,2014-08-28,Grand Slam,Outdoor,Hard,2nd Round,3,Dellacqua C.,Wang Q.,32,139.0,1441,424.0,4.0,6.0,6.0,4.0,6.0,2.0,2.0,1.0,Completed,1.44,2.62,1.48,2.6,1.4,2.75,1.52,2.74,1.4,2.88,1.52,3.0,1.45,2.71
WTA,2014,43,New York,US Open,2014-08-28,Grand Slam,Outdoor,Hard,2nd Round,3,Pliskova Ka.,Ivanovic A.,42,9.0,1160,4065.0,7.0,5.0,6.0,4.0,,,2.0,0.0,Completed,6.0,1.12,6.0,1.11,6.0,1.12,7.38,1.12,6.5,1.11,7.38,1.14,6.4,1.11
WTA,2014,43,New York,US Open,2014-08-28,Grand Slam,Outdoor,Hard,2nd Round,3,Pennetta F.,Rogers S.,12,86.0,3121,656.0,6.0,4.0,6.0,3.0,,,2.0,0.0,Completed,1.33,3.25,1.33,3.2,1.33,3.25,1.32,3.73,1.4,3.0,1.4,3.73,1.34,3.23
WTA,2014,43,New York,US Open,2014-08-28,Grand Slam,Outdoor,Hard,2nd Round,3,Azarenka V.,Mchale C.,17,44.0,2783,1135.0,6.0,3.0,6.0,2.0,,,2.0,0.0,Completed,1.22,3.75,1.25,3.75,1.29,3.75,1.27,4.22,1.25,3.8,1.29,4.5,1.24,3.93
WTA,2014,43,New York,US Open,2014-08-28,Grand Slam,Outdoor,Hard,2nd Round,3,Vesnina E.,Erakovic M.,56,82.0,945,680.0,7.0,5.0,2.0,6.0,6.0,4.0,2.0,1.0,Completed,1.72,2.0,1.85,1.9,1.73,2.0,1.98,1.93,1.83,1.91,1.98,2.07,1.82,1.96
WTA,2014,43,New York,US Open,2014-08-28,Grand Slam,Outdoor,Hard,2nd Round,3,Zahlavova Strycova B.,Niculescu M.,29,68.0,1501,835.0,4.0,6.0,6.0,4.0,6.0,2.0,2.0,1.0,Completed,1.44,2.62,1.45,2.7,1.44,2.62,1.56,2.62,1.5,2.6,1.56,2.75,1.49,2.58
WTA,2014,43,New York,US Open,2014-08-28,Grand Slam,Outdoor,Hard,2nd Round,3,Gibbs N.,Pavlyuchenkova A.,135,25.0,431,1865.0,6.0,4.0,6.0,7.0,6.0,3.0,2.0,1.0,Completed,3.75,1.25,3.5,1.28,3.75,1.25,3.78,1.32,3.75,1.25,4.05,1.32,3.7,1.27
WTA,2014,43,New York,US Open,2014-08-28,Grand Slam,Outdoor,Hard,2nd Round,3,Lepchenko V.,Barthel M.,52,53.0,1007,991.0,6.0,4.0,6.0,0.0,,,2.0,0.0,Completed,1.66,2.1,1.7,2.1,1.73,2.0,1.79,2.15,1.67,2.1,1.79,2.2,1.71,2.1
WTA,2014,43,New York,US Open,2014-08-28,Grand Slam,Outdoor,Hard,2nd Round,3,Williams S.,King V.,1,81.0,9430,700.0,6.0,1.0,6.0,0.0,,,2.0,0.0,Completed,1.02,17.0,1.02,12.0,1.02,15.0,1.03,18.34,1.02,13.0,1.04,21.0,1.02,14.31
WTA,2014,43,New York,US Open,2014-08-28,Grand Slam,Outdoor,Hard,2nd Round,3,Krunic A.,Keys M.,145,27.0,409,1605.0,7.0,6.0,2.0,6.0,7.0,5.0,2.0,1.0,Completed,6.0,1.12,5.0,1.16,5.5,1.14,6.43,1.15,5.5,1.13,6.43,1.16,5.55,1.14
WTA,2014,43,New York,US Open,2014-08-28,Grand Slam,Outdoor,Hard,2nd Round,3,Kvitova P.,Cetkovska P.,4,63.0,5956,874.0,6.0,4.0,6.0,2.0,,,2.0,0.0,Completed,1.11,6.5,1.11,6.0,1.12,6.0,1.12,7.38,1.11,6.5,1.13,8.0,1.11,6.54
WTA,2014,43,New York,US Open,2014-08-28,Grand Slam,Outdoor,Hard,2nd Round,3,Suarez Navarro C.,Vandeweghe C.,16,38.0,2790,1279.0,6.0,3.0,6.0,3.0,,,2.0,0.0,Completed,1.53,2.37,1.55,2.4,1.53,2.38,1.63,2.44,1.53,2.4,1.64,2.5,1.56,2.39
WTA,2014,43,New York,US Open,2014-08-28,Grand Slam,Outdoor,Hard,2nd Round,3,Kanepi K.,Stosur S.,50,21.0,1030,2045.0,3.0,6.0,6.0,3.0,7.0,6.0,2.0,1.0,Completed,4.0,1.22,3.75,1.25,3.75,1.25,4.01,1.29,3.8,1.25,4.6,1.3,3.86,1.25
WTA,2014,43,New York,US Open,2014-08-28,Grand Slam,Outdoor,Hard,2nd Round,3,Makarova E.,Hercog P.,18,76.0,2565,748.0,6.0,1.0,6.0,2.0,,,2.0,0.0,Completed,1.16,5.0,1.18,4.5,1.2,4.33,1.2,5.31,1.17,4.8,1.21,5.31,1.17,4.82
WTA,2014,43,New York,US Open,2014-08-29,Grand Slam,Outdoor,Hard,2nd Round,3,Diyas Z.,Bellis C.,48,1208.0,1087,4.0,6.0,3.0,0.0,6.0,6.0,2.0,2.0,1.0,Completed,1.22,4.0,1.22,4.0,1.22,4.0,1.29,4.01,1.2,4.0,1.29,4.15,1.24,3.93
WTA,2014,43,New York,US Open,2014-08-29,Grand Slam,Outdoor,Hard,2nd Round,3,Bouchard E.,Cirstea S.,8,80.0,4405,704.0,6.0,2.0,6.0,7.0,6.0,4.0,2.0,1.0,Completed,1.22,4.0,1.25,3.75,1.25,4.0,1.26,4.38,1.25,3.8,1.31,4.38,1.25,3.89
WTA,2014,43,New York,US Open,2014-08-29,Grand Slam,Outdoor,Hard,3rd Round,3,Peng S.,Vinci R.,39,30.0,1225,1492.0,6.0,4.0,6.0,3.0,,,2.0,0.0,Completed,1.5,2.5,1.5,2.5,1.5,2.62,1.55,2.68,1.5,2.63,1.58,2.75,1.5,2.57
WTA,2014,43,New York,US Open,2014-08-29,Grand Slam,Outdoor,Hard,3rd Round,3,Jankovic J.,Larsson J.,10,96.0,3695,602.0,6.0,1.0,6.0,0.0,,,2.0,0.0,Completed,1.12,6.0,1.15,5.25,1.14,5.5,1.16,6.39,1.13,5.8,1.17,6.48,1.14,5.52
WTA,2014,43,New York,US Open,2014-08-29,Grand Slam,Outdoor,Hard,3rd Round,3,Errani S.,Williams V.,14,20.0,2885,2340.0,6.0,0.0,0.0,6.0,7.0,6.0,2.0,1.0,Completed,3.75,1.25,3.4,1.3,3.75,1.29,3.75,1.33,3.4,1.3,4.25,1.35,3.67,1.28
WTA,2014,43,New York,US Open,2014-08-29,Grand Slam,Outdoor,Hard,3rd Round,3,Lucic M.,Halep S.,121,2.0,479,6310.0,7.0,6.0,6.0,2.0,,,2.0,0.0,Completed,10.0,1.06,8.0,1.07,8.5,1.07,10.75,1.08,9.0,1.06,11.43,1.08,8.87,1.07
WTA,2014,43,New York,US Open,2014-08-29,Grand Slam,Outdoor,Hard,3rd Round,3,Bencic B.,Kerber A.,58,7.0,916,4550.0,6.0,1.0,7.0,5.0,,,2.0,0.0,Completed,3.75,1.25,3.5,1.28,3.5,1.3,3.55,1.35,4.0,1.22,4.0,1.35,3.59,1.28
WTA,2014,43,New York,US Open,2014-08-29,Grand Slam,Outdoor,Hard,3rd Round,3,Safarova L.,Cornet A.,15,23.0,2825,1930.0,6.0,3.0,6.0,7.0,6.0,4.0,2.0,1.0,Completed,1.53,2.37,1.52,2.45,1.57,2.38,1.65,2.42,1.53,2.5,1.65,2.5,1.57,2.38
WTA,2014,43,New York,US Open,2014-08-29,Grand Slam,Outdoor,Hard,3rd Round,3,Wozniacki C.,Petkovic A.,11,19.0,3165,2400.0,6.0,3.0,6.0,2.0,,,2.0,0.0,Completed,1.25,3.75,1.25,3.75,1.3,3.5,1.27,4.35,1.3,3.5,1.3,4.35,1.26,3.81
WTA,2014,43,New York,US Open,2014-08-30,Grand Slam,Outdoor,Hard,3rd Round,3,Sharapova M.,Lisicki S.,6,28.0,5335,1576.0,6.0,2.0,6.0,4.0,,,2.0,0.0,Completed,1.22,4.0,1.2,4.3,1.25,4.0,1.3,4.01,1.2,4.0,1.33,4.3,1.25,3.89
WTA,2014,43,New York,US Open,2014-08-30,Grand Slam,Outdoor,Hard,3rd Round,3,Krunic A.,Kvitova P.,145,4.0,409,5956.0,6.0,4.0,6.0,4.0,,,2.0,0.0,Completed,11.0,1.05,8.5,1.06,9.0,1.06,11.25,1.07,9.5,1.06,11.25,1.09,9.1,1.06
WTA,2014,43,New York,US Open,2014-08-30,Grand Slam,Outdoor,Hard,3rd Round,3,Pennetta F.,Gibbs N.,12,135.0,3121,431.0,6.0,4.0,6.0,0.0,,,2.0,0.0,Completed,1.22,4.0,1.25,3.75,1.25,4.0,1.31,3.92,1.25,3.8,1.31,4.25,1.26,3.79
WTA,2014,43,New York,US Open,2014-08-30,Grand Slam,Outdoor,Hard,3rd Round,3,Dellacqua C.,Pliskova Ka.,32,42.0,1441,1160.0,6.0,3.0,3.0,6.0,6.0,4.0,2.0,1.0,Completed,2.37,1.53,2.45,1.52,2.38,1.57,2.34,1.69,2.5,1.53,2.59,1.69,2.4,1.56
WTA,2014,43,New York,US Open,2014-08-30,Grand Slam,Outdoor,Hard,3rd Round,3,Azarenka V.,Vesnina E.,17,56.0,2783,945.0,6.0,1.0,6.0,1.0,,,2.0,0.0,Completed,1.16,5.0,1.18,4.5,1.22,4.33,1.19,5.65,1.18,4.5,1.22,5.65,1.19,4.65
WTA,2014,43,New York,US Open,2014-08-30,Grand Slam,Outdoor,Hard,3rd Round,3,Williams S.,Lepchenko V.,1,52.0,9430,1007.0,6.0,3.0,6.0,3.0,,,2.0,0.0,Completed,1.02,19.0,1.03,11.0,1.03,12.0,1.04,17.0,1.02,13.0,1.05,19.0,1.03,13.34
WTA,2014,43,New York,US Open,2014-08-30,Grand Slam,Outdoor,Hard,3rd Round,3,Kanepi K.,Suarez Navarro C.,50,16.0,1030,2790.0,7.0,5.0,6.0,0.0,,,2.0,0.0,Completed,2.75,1.4,2.7,1.45,2.75,1.44,2.9,1.49,2.63,1.44,2.9,1.5,2.71,1.45
WTA,2014,43,New York,US Open,2014-08-30,Grand Slam,Outdoor,Hard,3rd Round,3,Makarova E.,Diyas Z.,18,48.0,2565,1087.0,6.0,2.0,6.0,4.0,,,2.0,0.0,Completed,1.18,4.5,1.22,4.0,1.2,4.5,1.22,4.95,1.2,4.5,1.22,4.98,1.2,4.44
WTA,2014,43,New York,US Open,2014-08-31,Grand Slam,Outdoor,Hard,3rd Round,3,Bouchard E.,Zahlavova Strycova B.,8,29.0,4405,1501.0,6.0,2.0,6.0,7.0,6.0,4.0,2.0,1.0,Completed,1.36,3.0,1.38,3.0,1.4,3.0,1.39,3.35,1.4,3.0,1.4,3.5,1.36,3.11
WTA,2014,43,New York,US Open,2014-08-31,Grand Slam,Outdoor,Hard,4th Round,3,Errani S.,Lucic M.,14,121.0,2885,479.0,6.0,3.0,2.0,6.0,6.0,0.0,2.0,1.0,Completed,1.33,3.4,1.38,3.0,1.4,3.0,1.37,3.45,1.4,3.0,1.43,3.48,1.37,3.09
WTA,2014,43,New York,US Open,2014-08-31,Grand Slam,Outdoor,Hard,4th Round,3,Wozniacki C.,Sharapova M.,11,6.0,3165,5335.0,6.0,4.0,2.0,6.0,6.0,2.0,2.0,1.0,Completed,2.5,1.53,2.3,1.6,2.38,1.57,2.46,1.63,2.4,1.57,2.6,1.68,2.38,1.57
WTA,2014,43,New York,US Open,2014-09-01,Grand Slam,Outdoor,Hard,4th Round,3,Peng S.,Safarova L.,39,15.0,1225,2825.0,6.0,3.0,6.0,4.0,,,2.0,0.0,Completed,2.62,1.5,2.35,1.58,2.5,1.53,2.7,1.54,2.4,1.53,2.7,1.65,2.49,1.53
WTA,2014,43,New York,US Open,2014-09-01,Grand Slam,Outdoor,Hard,4th Round,3,Bencic B.,Jankovic J.,58,10.0,916,3695.0,7.0,6.0,6.0,3.0,,,2.0,0.0,Completed,3.25,1.36,3.1,1.35,3.25,1.36,3.21,1.41,3.0,1.33,3.25,1.42,3.05,1.37
WTA,2014,43,New York,US Open,2014-09-01,Grand Slam,Outdoor,Hard,4th Round,3,Pennetta F.,Dellacqua C.,12,32.0,3121,1441.0,7.0,5.0,6.0,2.0,,,2.0,0.0,Completed,1.36,3.25,1.33,3.2,1.36,3.25,1.39,3.32,1.33,3.3,1.42,3.48,1.35,3.2
WTA,2014,43,New York,US Open,2014-09-01,Grand Slam,Outdoor,Hard,4th Round,3,Williams S.,Kanepi K.,1,50.0,9430,1030.0,6.0,3.0,6.0,3.0,,,2.0,0.0,Completed,1.05,11.0,1.06,8.5,1.08,8.0,1.07,11.25,1.06,9.0,1.1,11.44,1.06,9.18
WTA,2014,43,New York,US Open,2014-09-01,Grand Slam,Outdoor,Hard,4th Round,3,Makarova E.,Bouchard E.,18,8.0,2565,4405.0,7.0,6.0,6.0,4.0,,,2.0,0.0,Completed,1.8,2.0,1.85,1.9,1.91,1.91,2.0,1.93,1.9,1.9,2.0,2.02,1.88,1.91
WTA,2014,43,New York,US Open,2014-09-02,Grand Slam,Outdoor,Hard,4th Round,3,Azarenka V.,Krunic A.,17,145.0,2783,409.0,4.0,6.0,6.0,4.0,6.0,4.0,2.0,1.0,Completed,1.14,5.5,1.15,5.25,1.14,5.5,1.18,5.73,1.13,5.8,1.21,6.0,1.16,5.28
WTA,2014,43,New York,US Open,2014-09-02,Grand Slam,Outdoor,Hard,Quarterfinals,3,Peng S.,Bencic B.,39,58.0,1225,916.0,6.0,2.0,6.0,1.0,,,2.0,0.0,Completed,1.72,2.1,1.68,2.15,1.73,2.1,1.79,2.17,1.67,2.1,1.81,2.25,1.72,2.12
WTA,2014,43,New York,US Open,2014-09-03,Grand Slam,Outdoor,Hard,Quarterfinals,3,Wozniacki C.,Errani S.,11,14.0,3165,2885.0,6.0,0.0,6.0,1.0,,,2.0,0.0,Completed,1.16,5.0,1.18,4.5,1.22,4.33,1.22,5.09,1.2,4.33,1.25,5.09,1.2,4.51
WTA,2014,43,New York,US Open,2014-09-03,Grand Slam,Outdoor,Hard,Quarterfinals,3,Makarova E.,Azarenka V.,18,17.0,2565,2783.0,6.0,4.0,6.0,2.0,,,2.0,0.0,Completed,2.1,1.72,2.05,1.75,2.1,1.73,2.18,1.78,2.1,1.73,2.2,1.83,2.07,1.75
WTA,2014,43,New York,US Open,2014-09-04,Grand Slam,Outdoor,Hard,Quarterfinals,3,Williams S.,Pennetta F.,1,12.0,9430,3121.0,6.0,3.0,6.0,2.0,,,2.0,0.0,Completed,1.08,8.0,1.08,7.5,1.1,7.0,1.11,8.22,1.1,7.5,1.12,8.22,1.09,7.51
WTA,2014,43,New York,US Open,2014-09-05,Grand Slam,Outdoor,Hard,Semifinals,3,Wozniacki C.,Peng S.,11,39.0,3165,1225.0,7.0,6.0,4.0,3.0,,,1.0,0.0,Retired,1.2,4.5,1.25,3.75,1.25,4.0,1.25,4.61,1.3,3.75,1.3,5.0,1.24,4.1
WTA,2014,43,New York,US Open,2014-09-05,Grand Slam,Outdoor,Hard,Semifinals,3,Williams S.,Makarova E.,1,18.0,9430,2565.0,6.0,1.0,6.0,3.0,,,2.0,0.0,Completed,1.12,6.0,1.13,5.5,1.17,5.0,1.18,6.05,1.13,6.0,1.18,6.5,1.14,5.74
WTA,2014,43,New York,US Open,2014-09-07,Grand Slam,Outdoor,Hard,The Final,3,Williams S.,Wozniacki C.,1,11.0,9430,3165.0,6.0,3.0,6.0,3.0,,,2.0,0.0,Completed,1.2,4.5,1.22,4.0,1.25,4.0,1.26,4.53,1.2,4.5,1.27,4.65,1.23,4.32
