Tour,Year,WTA,Location,Tournament,Date,Tier,Court,Surface,Round,Best of,Winner,Loser,WRank,LRank,WPts,LPts,W1,L1,W2,L2,W3,L3,Wsets,Lsets,Comment,B365W,B365L,EXW,EXL,LBW,LBL,PSW,PSL,MaxW,MaxL,AvgW,AvgL
WTA,2017,6,Melbourne,Australian Open,2017-01-16,Grand Slam,Outdoor,Hard,1st Round,3,Barthel M.,Aiava D.,181.0,273.0,312.0,171.0,6.0,3.0,7.0,6.0,,,2.0,0.0,Completed,1.33,3.4,1.28,3.1,1.36,3.25,1.37,3.39,1.38,3.5,1.34,3.23
WTA,2017,6,Melbourne,Australian Open,2017-01-16,Grand Slam,Outdoor,Hard,1st Round,3,Crawford S.,Davis L.,162.0,45.0,348.0,1218.0,4.0,6.0,6.0,3.0,6.0,0.0,2.0,1.0,Completed,5.0,1.16,4.5,1.14,4.5,1.2,5.22,1.2,5.5,1.24,4.71,1.18
WTA,2017,6,Melbourne,Australian Open,2017-01-16,Grand Slam,Outdoor,Hard,1st Round,3,Muguruza G.,Erakovic M.,7.0,110.0,4420.0,582.0,7.0,5.0,6.0,4.0,,,2.0,0.0,Completed,1.14,5.5,1.14,4.5,1.17,5.0,1.17,5.99,1.17,6.0,1.15,5.45
WTA,2017,6,Melbourne,Australian Open,2017-01-16,Grand Slam,Outdoor,Hard,1st Round,3,Lepchenko V.,Bertens K.,88.0,22.0,738.0,1956.0,7.0,5.0,7.0,6.0,,,2.0,0.0,Completed,2.5,1.53,2.35,1.45,2.5,1.5,2.67,1.54,2.7,1.56,2.53,1.51
WTA,2017,6,Melbourne,Australian Open,2017-01-16,Grand Slam,Outdoor,Hard,1st Round,3,Duan Y.Y.,Sramkova R.,87.0,120.0,753.0,498.0,6.0,3.0,6.0,4.0,,,2.0,0.0,Completed,1.61,2.3,1.6,2.1,1.62,2.2,1.67,2.35,1.67,2.35,1.63,2.24
WTA,2017,6,Melbourne,Australian Open,2017-01-16,Grand Slam,Outdoor,Hard,1st Round,3,Rogers S.,Halep S.,52.0,4.0,1089.0,5073.0,6.0,3.0,6.0,1.0,,,2.0,0.0,Completed,4.5,1.2,4.3,1.15,5.0,1.17,5.08,1.21,5.08,1.22,4.62,1.19
WTA,2017,6,Melbourne,Australian Open,2017-01-16,Grand Slam,Outdoor,Hard,1st Round,3,Begu I.,Shvedova Y.,29.0,39.0,1502.0,1284.0,5.0,7.0,6.0,3.0,6.0,4.0,2.0,1.0,Completed,1.9,1.9,1.85,1.8,1.91,1.91,2.11,1.81,2.11,1.93,1.95,1.84
WTA,2017,6,Melbourne,Australian Open,2017-01-16,Grand Slam,Outdoor,Hard,1st Round,3,Goerges J.,Siniakova K.,57.0,37.0,1040.0,1343.0,3.0,6.0,6.0,3.0,6.0,4.0,2.0,1.0,Completed,2.1,1.72,2.05,1.6,2.2,1.67,2.17,1.78,2.25,1.8,2.09,1.72
WTA,2017,6,Melbourne,Australian Open,2017-01-16,Grand Slam,Outdoor,Hard,1st Round,3,Jankovic J.,Siegemund L.,54.0,30.0,1075.0,1502.0,6.0,1.0,1.0,6.0,6.0,4.0,2.0,1.0,Completed,1.57,2.37,1.5,2.25,1.62,2.25,1.58,2.56,1.62,2.56,1.57,2.38
WTA,2017,6,Melbourne,Australian Open,2017-01-16,Grand Slam,Outdoor,Hard,1st Round,3,Puig M.,Tig P.M.,46.0,107.0,1215.0,598.0,6.0,0.0,6.0,1.0,,,2.0,0.0,Completed,1.2,4.5,1.17,4.0,1.2,4.33,1.22,4.85,1.23,5.0,1.2,4.48
WTA,2017,6,Melbourne,Australian Open,2017-01-16,Grand Slam,Outdoor,Hard,1st Round,3,Riske A.,Brengle M.,42.0,69.0,1247.0,875.0,7.0,5.0,6.0,3.0,,,2.0,0.0,Completed,1.44,2.75,1.4,2.6,1.4,2.7,1.48,2.88,1.5,2.88,1.44,2.74
WTA,2017,6,Melbourne,Australian Open,2017-01-16,Grand Slam,Outdoor,Hard,1st Round,3,Williams V.,Kozlova K.,17.0,101.0,2240.0,654.0,7.0,6.0,7.0,5.0,,,2.0,0.0,Completed,1.4,3.0,1.33,2.85,1.4,3.0,1.45,2.97,1.45,3.25,1.4,2.92
WTA,2017,6,Melbourne,Australian Open,2017-01-16,Grand Slam,Outdoor,Hard,1st Round,3,Kucova K.,Mchale C.,80.0,40.0,778.0,1275.0,6.0,4.0,6.0,0.0,,,2.0,0.0,Completed,3.5,1.3,3.1,1.28,3.4,1.3,3.84,1.31,3.84,1.35,3.52,1.29
WTA,2017,6,Melbourne,Australian Open,2017-01-16,Grand Slam,Outdoor,Hard,1st Round,3,Pliskova Kr.,Golubic V.,58.0,62.0,1007.0,991.0,6.0,3.0,2.0,6.0,6.0,4.0,2.0,1.0,Completed,1.72,2.1,1.62,2.0,1.62,2.25,1.81,2.12,1.81,2.25,1.73,2.08
WTA,2017,6,Melbourne,Australian Open,2017-01-16,Grand Slam,Outdoor,Hard,1st Round,3,Fourlis J.,Tatishvili A.,414.0,199.0,82.0,279.0,6.0,4.0,6.0,3.0,,,2.0,0.0,Completed,1.61,2.3,1.6,2.1,1.62,2.2,1.66,2.37,1.67,2.45,1.63,2.26
WTA,2017,6,Melbourne,Australian Open,2017-01-16,Grand Slam,Outdoor,Hard,1st Round,3,Cirstea S.,Khromacheva I.,78.0,95.0,799.0,682.0,6.0,2.0,6.0,1.0,,,2.0,0.0,Completed,1.57,2.37,1.52,2.2,1.62,2.25,1.6,2.51,1.62,2.51,1.58,2.37
WTA,2017,6,Melbourne,Australian Open,2017-01-16,Grand Slam,Outdoor,Hard,1st Round,3,Parmentier P.,Doi M.,67.0,41.0,886.0,1270.0,7.0,5.0,7.0,5.0,,,2.0,0.0,Completed,2.2,1.66,2.1,1.58,2.1,1.73,2.28,1.71,2.34,1.73,2.22,1.65
WTA,2017,6,Melbourne,Australian Open,2017-01-16,Grand Slam,Outdoor,Hard,1st Round,3,Vikhlyantseva N.,King V.,129.0,75.0,466.0,806.0,6.0,3.0,6.0,2.0,,,2.0,0.0,Completed,1.66,2.2,1.62,2.0,1.73,2.1,1.67,2.35,1.73,2.35,1.66,2.18
WTA,2017,6,Melbourne,Australian Open,2017-01-16,Grand Slam,Outdoor,Hard,1st Round,3,Sevastova A.,Hibino N.,33.0,103.0,1425.0,640.0,6.0,4.0,,,,,1.0,0.0,Retired,1.44,2.75,1.4,2.5,1.44,2.62,1.48,2.86,1.53,2.86,1.44,2.72
WTA,2017,6,Melbourne,Australian Open,2017-01-16,Grand Slam,Outdoor,Hard,1st Round,3,Zhang S.,Sasnovich A.,23.0,118.0,1885.0,501.0,6.0,0.0,6.0,3.0,,,2.0,0.0,Completed,1.4,3.0,1.33,2.85,1.44,2.75,1.44,3.04,1.44,3.2,1.38,3.0
WTA,2017,6,Melbourne,Australian Open,2017-01-16,Grand Slam,Outdoor,Hard,1st Round,3,Vandeweghe C.,Vinci R.,35.0,19.0,1366.0,2210.0,6.0,1.0,7.0,6.0,,,2.0,0.0,Completed,1.72,2.1,1.7,1.92,1.73,2.1,1.79,2.14,1.82,2.2,1.76,2.05
WTA,2017,6,Melbourne,Australian Open,2017-01-16,Grand Slam,Outdoor,Hard,1st Round,3,Barty A.,Beck A.,223.0,50.0,236.0,1120.0,6.0,4.0,7.0,5.0,,,2.0,0.0,Completed,1.4,3.0,1.4,2.5,1.44,2.75,1.44,3.04,1.52,3.04,1.44,2.76
WTA,2017,6,Melbourne,Australian Open,2017-01-16,Grand Slam,Outdoor,Hard,1st Round,3,Pavlyuchenkova A.,Rodina E.,27.0,85.0,1620.0,756.0,6.0,1.0,7.0,6.0,,,2.0,0.0,Completed,1.2,4.5,1.18,3.8,1.22,4.33,1.21,5.08,1.22,5.08,1.19,4.59
WTA,2017,6,Melbourne,Australian Open,2017-01-16,Grand Slam,Outdoor,Hard,1st Round,3,Voegele S.,Nara K.,112.0,77.0,550.0,804.0,2.0,6.0,6.0,2.0,6.0,3.0,2.0,1.0,Completed,2.1,1.72,2.05,1.62,2.1,1.73,2.18,1.77,2.25,1.77,2.12,1.7
WTA,2017,6,Melbourne,Australian Open,2017-01-16,Grand Slam,Outdoor,Hard,1st Round,3,Svitolina E.,Voskoboeva G.,13.0,274.0,2895.0,170.0,6.0,0.0,6.0,2.0,,,2.0,0.0,Completed,1.08,8.0,1.05,6.25,1.08,7.0,1.11,8.35,1.13,10.0,1.09,7.37
WTA,2017,6,Melbourne,Australian Open,2017-01-16,Grand Slam,Outdoor,Hard,1st Round,3,Boserup J.,Schiavone F.,119.0,100.0,498.0,659.0,6.0,2.0,6.0,4.0,,,2.0,0.0,Completed,1.66,2.2,1.62,2.0,1.67,2.1,1.71,2.27,1.73,2.3,1.67,2.17
WTA,2017,6,Melbourne,Australian Open,2017-01-16,Grand Slam,Outdoor,Hard,1st Round,3,Kuznetsova S.,Duque-Marino M.,10.0,109.0,3745.0,592.0,6.0,0.0,6.0,1.0,,,2.0,0.0,Completed,1.05,11.0,1.04,6.75,1.05,10.0,1.07,11.0,1.07,11.5,1.06,9.64
WTA,2017,6,Melbourne,Australian Open,2017-01-16,Grand Slam,Outdoor,Hard,1st Round,3,Suarez Navarro C.,Cepelova J.,12.0,102.0,2985.0,650.0,6.0,2.0,6.0,2.0,,,2.0,0.0,Completed,1.4,3.0,1.33,2.85,1.4,2.75,1.43,3.06,1.46,3.1,1.39,2.93
WTA,2017,6,Melbourne,Australian Open,2017-01-16,Grand Slam,Outdoor,Hard,1st Round,3,Peng S.,Kasatkina D.,83.0,25.0,763.0,1700.0,6.0,0.0,7.0,6.0,,,2.0,0.0,Completed,3.4,1.33,3.1,1.25,3.25,1.36,3.53,1.35,4.0,1.36,3.35,1.32
WTA,2017,6,Melbourne,Australian Open,2017-01-16,Grand Slam,Outdoor,Hard,1st Round,3,Kerber A.,Tsurenko L.,1.0,51.0,8875.0,1095.0,6.0,2.0,5.0,7.0,6.0,2.0,2.0,1.0,Completed,1.18,4.5,1.2,3.7,1.22,4.33,1.22,4.81,1.25,5.02,1.21,4.38
WTA,2017,6,Melbourne,Australian Open,2017-01-16,Grand Slam,Outdoor,Hard,1st Round,3,Witthoeft C.,Hozumi E.,89.0,214.0,736.0,246.0,7.0,5.0,7.0,6.0,,,2.0,0.0,Completed,1.57,2.37,1.45,2.4,1.62,2.25,1.63,2.44,1.63,2.45,1.58,2.35
WTA,2017,6,Melbourne,Australian Open,2017-01-16,Grand Slam,Outdoor,Hard,1st Round,3,Bouchard E.,Chirico L.,47.0,65.0,1185.0,908.0,6.0,0.0,6.0,4.0,,,2.0,0.0,Completed,1.3,3.5,1.33,2.85,1.36,3.25,1.33,3.69,1.36,3.69,1.31,3.36
WTA,2017,6,Melbourne,Australian Open,2017-01-17,Grand Slam,Outdoor,Hard,1st Round,3,Blinkova A.,Niculescu M.,189.0,32.0,292.0,1450.0,6.0,2.0,4.0,6.0,6.0,4.0,2.0,1.0,Completed,2.5,1.53,2.3,1.48,2.38,1.53,2.69,1.53,2.8,1.57,2.48,1.53
WTA,2017,6,Melbourne,Australian Open,2017-01-17,Grand Slam,Outdoor,Hard,1st Round,3,Garcia C.,Bondarenko K.,24.0,66.0,1765.0,890.0,7.0,6.0,6.0,4.0,,,2.0,0.0,Completed,1.66,2.2,1.65,2.0,1.62,2.2,1.76,2.2,1.76,2.3,1.68,2.16
WTA,2017,6,Melbourne,Australian Open,2017-01-17,Grand Slam,Outdoor,Hard,1st Round,3,Safarova L.,Wickmayer Y.,61.0,60.0,998.0,1001.0,3.0,6.0,7.0,6.0,6.0,1.0,2.0,1.0,Completed,1.53,2.5,1.4,2.5,1.53,2.38,1.57,2.57,1.6,2.62,1.52,2.51
WTA,2017,6,Melbourne,Australian Open,2017-01-17,Grand Slam,Outdoor,Hard,1st Round,3,Makarova E.,Alexandrova E.,34.0,108.0,1377.0,596.0,6.0,0.0,4.0,6.0,6.0,1.0,2.0,1.0,Completed,1.36,3.25,1.28,3.1,1.4,3.0,1.38,3.35,1.4,3.5,1.33,3.25
WTA,2017,6,Melbourne,Australian Open,2017-01-17,Grand Slam,Outdoor,Hard,1st Round,3,Gibbs N.,Babos T.,92.0,28.0,704.0,1545.0,7.0,6.0,6.0,4.0,,,2.0,0.0,Completed,2.75,1.44,2.65,1.38,2.75,1.44,2.99,1.45,2.99,1.47,2.78,1.43
WTA,2017,6,Melbourne,Australian Open,2017-01-17,Grand Slam,Outdoor,Hard,1st Round,3,Dodin O.,Buyukakcay C.,72.0,86.0,867.0,755.0,7.0,5.0,6.0,7.0,6.0,2.0,2.0,1.0,Completed,1.4,3.0,1.3,2.9,1.36,3.0,1.4,3.23,1.41,3.3,1.36,3.06
WTA,2017,6,Melbourne,Australian Open,2017-01-17,Grand Slam,Outdoor,Hard,1st Round,3,Falconi I.,Han X.,104.0,111.0,639.0,577.0,6.0,1.0,7.0,5.0,,,2.0,0.0,Completed,1.57,2.37,1.48,2.35,1.57,2.25,1.65,2.39,1.65,2.42,1.58,2.35
WTA,2017,6,Melbourne,Australian Open,2017-01-17,Grand Slam,Outdoor,Hard,1st Round,3,Konta J.,Flipkens K.,9.0,70.0,4055.0,875.0,7.0,5.0,6.0,2.0,,,2.0,0.0,Completed,1.1,7.0,1.09,5.5,1.1,7.0,1.11,8.04,1.14,8.04,1.11,6.5
WTA,2017,6,Melbourne,Australian Open,2017-01-17,Grand Slam,Outdoor,Hard,1st Round,3,Hsieh S.W.,Knapp K.,91.0,144.0,709.0,398.0,6.0,3.0,2.0,0.0,,,1.0,0.0,Retired,1.3,3.5,1.3,2.9,1.3,3.4,1.34,3.59,1.36,3.65,1.32,3.36
WTA,2017,6,Melbourne,Australian Open,2017-01-17,Grand Slam,Outdoor,Hard,1st Round,3,Osaka N.,Kumkhum L.,48.0,183.0,1168.0,304.0,6.0,7.0,6.0,4.0,7.0,5.0,2.0,1.0,Completed,1.22,4.0,1.2,3.7,1.25,4.0,1.25,4.46,1.27,4.46,1.23,4.06
WTA,2017,6,Melbourne,Australian Open,2017-01-17,Grand Slam,Outdoor,Hard,1st Round,3,Pliskova Ka.,Sorribes Tormo S.,5.0,106.0,4970.0,609.0,6.0,2.0,6.0,0.0,,,2.0,0.0,Completed,1.04,13.0,1.03,7.25,1.03,13.0,1.05,14.73,1.05,15.0,1.04,11.97
WTA,2017,6,Melbourne,Australian Open,2017-01-17,Grand Slam,Outdoor,Hard,1st Round,3,Williams S.,Bencic B.,2.0,59.0,7080.0,1001.0,6.0,4.0,6.0,3.0,,,2.0,0.0,Completed,1.16,5.0,1.15,4.3,1.2,4.5,1.22,4.93,1.22,5.1,1.18,4.7
WTA,2017,6,Melbourne,Australian Open,2017-01-17,Grand Slam,Outdoor,Hard,1st Round,3,Putintseva Y.,Arruabarrena L.,31.0,63.0,1450.0,928.0,7.0,6.0,7.0,6.0,,,2.0,0.0,Completed,1.14,5.0,1.2,3.75,1.25,4.0,,,1.25,5.0,1.21,4.1
WTA,2017,6,Melbourne,Australian Open,2017-01-17,Grand Slam,Outdoor,Hard,1st Round,3,Vekic D.,Cabrera L.,99.0,192.0,666.0,286.0,7.0,5.0,6.0,2.0,,,2.0,0.0,Completed,1.44,2.75,1.42,2.45,1.5,2.5,1.51,2.78,1.53,2.78,1.46,2.65
WTA,2017,6,Melbourne,Australian Open,2017-01-17,Grand Slam,Outdoor,Hard,1st Round,3,Vesnina E.,Bogdan A.,18.0,125.0,2229.0,481.0,7.0,5.0,6.0,2.0,,,2.0,0.0,Completed,1.44,2.75,1.4,2.6,1.44,2.75,1.56,2.61,1.56,2.8,1.47,2.65
WTA,2017,6,Melbourne,Australian Open,2017-01-17,Grand Slam,Outdoor,Hard,1st Round,3,Cornet A.,Georges M.,43.0,200.0,1242.0,278.0,6.0,3.0,4.0,6.0,6.0,1.0,2.0,1.0,Completed,1.07,9.0,1.03,7.0,1.05,8.5,1.08,9.87,1.1,9.87,1.07,8.38
WTA,2017,6,Melbourne,Australian Open,2017-01-17,Grand Slam,Outdoor,Hard,1st Round,3,Errani S.,Ozaki R.,53.0,93.0,1085.0,700.0,7.0,5.0,6.0,1.0,,,2.0,0.0,Completed,1.8,2.0,1.68,1.95,1.8,2.0,1.9,2.01,1.9,2.14,1.77,2.02
WTA,2017,6,Melbourne,Australian Open,2017-01-17,Grand Slam,Outdoor,Hard,1st Round,3,Sakkari M.,Kontaveit A.,94.0,121.0,688.0,497.0,6.0,0.0,6.0,4.0,,,2.0,0.0,Completed,1.61,2.3,1.52,2.2,1.67,2.2,1.74,2.22,1.74,2.43,1.62,2.26
WTA,2017,6,Melbourne,Australian Open,2017-01-17,Grand Slam,Outdoor,Hard,1st Round,3,Ostapenko J.,Zhu L.,38.0,126.0,1305.0,481.0,6.0,4.0,6.0,0.0,,,2.0,0.0,Completed,1.36,3.25,1.3,2.9,1.4,3.0,1.39,3.29,1.4,3.4,1.36,3.13
WTA,2017,6,Melbourne,Australian Open,2017-01-17,Grand Slam,Outdoor,Hard,1st Round,3,Cibulkova D.,Allertova D.,6.0,90.0,4865.0,718.0,7.0,5.0,6.0,2.0,,,2.0,0.0,Completed,1.12,6.0,1.1,5.25,1.11,6.0,1.13,7.12,1.17,7.12,1.12,6.04
WTA,2017,6,Melbourne,Australian Open,2017-01-17,Grand Slam,Outdoor,Hard,1st Round,3,Watson H.,Stosur S.,81.0,21.0,765.0,2016.0,6.0,3.0,3.0,6.0,6.0,0.0,2.0,1.0,Completed,2.0,1.8,1.88,1.72,2.0,1.8,2.11,1.81,2.11,1.85,1.99,1.79
WTA,2017,6,Melbourne,Australian Open,2017-01-17,Grand Slam,Outdoor,Hard,1st Round,3,Minella M.,Linette M.,105.0,96.0,631.0,681.0,7.0,5.0,6.0,4.0,,,2.0,0.0,Completed,1.9,1.9,1.88,1.75,1.83,1.83,2.07,1.85,2.07,1.96,1.9,1.87
WTA,2017,6,Melbourne,Australian Open,2017-01-17,Grand Slam,Outdoor,Hard,1st Round,3,Wozniacki C.,Rodionova Ar.,20.0,178.0,2175.0,316.0,6.0,1.0,6.0,2.0,,,2.0,0.0,Completed,1.06,10.0,1.03,7.25,1.05,8.5,1.07,11.4,1.08,11.4,1.06,9.18
WTA,2017,6,Melbourne,Australian Open,2017-01-17,Grand Slam,Outdoor,Hard,1st Round,3,Brady J.,Zanevska M.,116.0,122.0,510.0,492.0,6.0,3.0,6.0,2.0,,,2.0,0.0,Completed,,,,,,,,,,,,
WTA,2017,6,Melbourne,Australian Open,2017-01-17,Grand Slam,Outdoor,Hard,1st Round,3,Bacsinszky T.,Giorgi C.,15.0,74.0,2347.0,819.0,6.0,4.0,3.0,6.0,7.0,5.0,2.0,1.0,Completed,2.0,1.8,1.82,1.82,1.83,1.83,1.96,1.94,2.0,1.95,1.93,1.86
WTA,2017,6,Melbourne,Australian Open,2017-01-17,Grand Slam,Outdoor,Hard,1st Round,3,Kovinic D.,Zheng S.,68.0,84.0,885.0,758.0,6.0,0.0,6.0,4.0,,,2.0,0.0,Completed,2.0,1.8,1.88,1.72,2.0,1.8,2.04,1.87,2.07,1.87,1.98,1.81
WTA,2017,6,Melbourne,Australian Open,2017-01-17,Grand Slam,Outdoor,Hard,1st Round,3,Konjuh A.,Mladenovic K.,36.0,44.0,1351.0,1240.0,6.0,4.0,6.0,2.0,,,2.0,0.0,Completed,1.66,2.2,1.7,1.92,1.73,2.1,1.74,2.22,1.77,2.22,1.71,2.11
WTA,2017,6,Melbourne,Australian Open,2017-01-17,Grand Slam,Outdoor,Hard,1st Round,3,Petkovic A.,Day K.,56.0,197.0,1045.0,281.0,6.0,3.0,6.0,2.0,,,2.0,0.0,Completed,1.3,3.5,1.3,2.9,1.33,3.25,1.34,3.56,1.36,3.6,1.32,3.33
WTA,2017,6,Melbourne,Australian Open,2017-01-17,Grand Slam,Outdoor,Hard,1st Round,3,Lucic-Baroni M.,Wang Q.,79.0,71.0,786.0,874.0,4.0,6.0,6.0,3.0,6.0,4.0,2.0,1.0,Completed,1.9,1.9,1.68,1.95,1.91,1.91,1.92,1.99,1.96,1.92,1.83,1.95
WTA,2017,6,Melbourne,Australian Open,2017-01-17,Grand Slam,Outdoor,Hard,1st Round,3,Strycova B.,Kulichkova E.,16.0,145.0,2295.0,398.0,6.0,3.0,6.0,2.0,,,2.0,0.0,Completed,1.28,3.75,1.25,3.3,1.3,3.5,1.3,3.91,1.3,4.0,1.27,3.7
WTA,2017,6,Melbourne,Australian Open,2017-01-17,Grand Slam,Outdoor,Hard,1st Round,3,Gavrilova D.,Broady N.,26.0,97.0,1665.0,677.0,3.0,6.0,6.0,4.0,7.0,5.0,2.0,1.0,Completed,1.18,4.5,1.18,3.8,1.22,4.0,1.23,4.74,1.25,4.74,1.2,4.37
WTA,2017,6,Melbourne,Australian Open,2017-01-17,Grand Slam,Outdoor,Hard,1st Round,3,Radwanska A.,Pironkova T.,3.0,64.0,5625.0,919.0,6.0,1.0,4.0,6.0,6.0,1.0,2.0,1.0,Completed,1.06,9.0,1.04,7.0,1.09,8.5,1.09,9.68,1.09,10.0,1.07,8.76
WTA,2017,6,Melbourne,Australian Open,2017-01-18,Grand Slam,Outdoor,Hard,2nd Round,3,Pavlyuchenkova A.,Vikhlyantseva N.,27.0,129.0,1620.0,466.0,6.0,2.0,6.0,2.0,,,2.0,0.0,Completed,1.5,2.62,1.42,2.5,1.44,2.75,1.51,2.76,1.51,2.9,1.46,2.67
WTA,2017,6,Melbourne,Australian Open,2017-01-18,Grand Slam,Outdoor,Hard,2nd Round,3,Riske A.,Zhang S.,42.0,23.0,1247.0,1885.0,7.0,6.0,4.0,6.0,6.0,1.0,2.0,1.0,Completed,2.0,1.72,1.88,1.72,2.0,1.73,1.99,1.92,2.02,1.92,1.95,1.83
WTA,2017,6,Melbourne,Australian Open,2017-01-18,Grand Slam,Outdoor,Hard,2nd Round,3,Svitolina E.,Boserup J.,13.0,119.0,2895.0,498.0,6.0,4.0,6.0,1.0,,,2.0,0.0,Completed,1.06,9.0,1.08,5.5,1.1,6.5,1.08,10.26,1.1,10.26,1.07,8.34
WTA,2017,6,Melbourne,Australian Open,2017-01-18,Grand Slam,Outdoor,Hard,2nd Round,3,Duan Y.Y.,Lepchenko V.,87.0,88.0,753.0,738.0,6.0,1.0,3.0,6.0,10.0,8.0,2.0,1.0,Completed,1.66,2.2,1.72,1.9,1.73,2.1,1.77,2.18,1.85,2.2,1.73,2.08
WTA,2017,6,Melbourne,Australian Open,2017-01-18,Grand Slam,Outdoor,Hard,2nd Round,3,Williams V.,Voegele S.,17.0,112.0,2240.0,550.0,6.0,3.0,6.0,2.0,,,2.0,0.0,Completed,1.22,4.33,1.2,3.5,1.25,4.0,1.26,4.38,1.29,4.38,1.24,4.0
WTA,2017,6,Melbourne,Australian Open,2017-01-18,Grand Slam,Outdoor,Hard,2nd Round,3,Kuznetsova S.,Fourlis J.,10.0,414.0,3745.0,82.0,6.0,2.0,6.0,1.0,,,2.0,0.0,Completed,1.03,13.0,1.03,7.25,1.06,9.0,1.05,13.89,1.06,13.89,1.04,10.84
WTA,2017,6,Melbourne,Australian Open,2017-01-18,Grand Slam,Outdoor,Hard,2nd Round,3,Kerber A.,Witthoeft C.,1.0,89.0,8875.0,736.0,6.0,2.0,6.0,7.0,6.0,2.0,2.0,1.0,Completed,1.06,9.0,1.08,5.75,1.1,7.0,1.08,10.13,1.12,10.13,1.08,8.11
WTA,2017,6,Melbourne,Australian Open,2017-01-18,Grand Slam,Outdoor,Hard,2nd Round,3,Jankovic J.,Goerges J.,54.0,57.0,1075.0,1040.0,6.0,3.0,6.0,4.0,,,2.0,0.0,Completed,2.3,1.61,2.1,1.58,2.25,1.62,2.15,1.79,2.32,1.79,2.2,1.66
WTA,2017,6,Melbourne,Australian Open,2017-01-18,Grand Slam,Outdoor,Hard,2nd Round,3,Pliskova Kr.,Begu I.,58.0,29.0,1007.0,1502.0,6.0,4.0,7.0,6.0,,,2.0,0.0,Completed,2.0,1.8,1.85,1.75,1.91,1.91,1.96,1.94,2.0,2.0,1.91,1.87
WTA,2017,6,Melbourne,Australian Open,2017-01-18,Grand Slam,Outdoor,Hard,2nd Round,3,Bouchard E.,Peng S.,47.0,83.0,1185.0,763.0,7.0,6.0,6.0,2.0,,,2.0,0.0,Completed,1.5,2.62,1.42,2.5,1.44,2.75,1.54,2.66,1.54,2.75,1.48,2.61
WTA,2017,6,Melbourne,Australian Open,2017-01-18,Grand Slam,Outdoor,Hard,2nd Round,3,Cirstea S.,Suarez Navarro C.,78.0,12.0,799.0,2985.0,7.0,6.0,6.0,3.0,,,2.0,0.0,Completed,2.75,1.44,2.75,1.33,2.62,1.44,2.86,1.48,3.0,1.48,2.77,1.43
WTA,2017,6,Melbourne,Australian Open,2017-01-18,Grand Slam,Outdoor,Hard,2nd Round,3,Sevastova A.,Kucova K.,33.0,80.0,1425.0,778.0,6.0,3.0,6.0,4.0,,,2.0,0.0,Completed,1.53,2.37,1.45,2.35,1.57,2.38,1.57,2.58,1.62,2.58,1.56,2.4
WTA,2017,6,Melbourne,Australian Open,2017-01-18,Grand Slam,Outdoor,Hard,2nd Round,3,Vandeweghe C.,Parmentier P.,35.0,67.0,1366.0,886.0,6.0,4.0,7.0,6.0,,,2.0,0.0,Completed,1.28,3.75,1.3,2.85,1.33,3.4,1.31,3.8,1.36,3.8,1.3,3.47
WTA,2017,6,Melbourne,Australian Open,2017-01-18,Grand Slam,Outdoor,Hard,2nd Round,3,Barthel M.,Puig M.,181.0,46.0,312.0,1215.0,6.0,4.0,6.0,4.0,,,2.0,0.0,Completed,2.62,1.5,2.4,1.45,2.5,1.53,2.75,1.51,2.75,1.56,2.56,1.5
WTA,2017,6,Melbourne,Australian Open,2017-01-18,Grand Slam,Outdoor,Hard,2nd Round,3,Barty A.,Rogers S.,223.0,52.0,236.0,1089.0,7.0,5.0,6.0,1.0,,,2.0,0.0,Completed,2.5,1.53,2.3,1.48,2.2,1.62,2.35,1.67,2.5,1.67,2.35,1.58
WTA,2017,6,Melbourne,Australian Open,2017-01-18,Grand Slam,Outdoor,Hard,2nd Round,3,Muguruza G.,Crawford S.,7.0,162.0,4420.0,348.0,7.0,5.0,6.0,4.0,,,2.0,0.0,Completed,1.16,5.0,1.14,4.5,1.14,5.0,1.2,5.22,1.2,5.3,1.17,4.91
WTA,2017,6,Melbourne,Australian Open,2017-01-19,Grand Slam,Outdoor,Hard,2nd Round,3,Garcia C.,Dodin O.,24.0,72.0,1765.0,867.0,6.0,7.0,6.0,4.0,6.0,4.0,2.0,1.0,Completed,1.28,3.75,1.28,3.1,1.29,3.5,1.32,3.74,1.36,3.9,1.3,3.46
WTA,2017,6,Melbourne,Australian Open,2017-01-19,Grand Slam,Outdoor,Hard,2nd Round,3,Makarova E.,Errani S.,34.0,53.0,1377.0,1085.0,6.0,2.0,3.0,2.0,,,1.0,0.0,Retired,1.3,3.5,1.3,2.9,1.4,3.0,1.36,3.44,1.4,3.6,1.33,3.27
WTA,2017,6,Melbourne,Australian Open,2017-01-19,Grand Slam,Outdoor,Hard,2nd Round,3,Pliskova Ka.,Blinkova A.,5.0,189.0,4970.0,292.0,6.0,0.0,6.0,2.0,,,2.0,0.0,Completed,1.05,10.0,1.05,6.5,1.05,10.0,1.06,13.02,1.06,13.02,1.05,10.07
WTA,2017,6,Melbourne,Australian Open,2017-01-19,Grand Slam,Outdoor,Hard,2nd Round,3,Konta J.,Osaka N.,9.0,48.0,4055.0,1168.0,6.0,4.0,6.0,2.0,,,2.0,0.0,Completed,1.16,5.0,1.15,4.3,1.17,5.0,1.17,5.96,1.2,5.96,1.16,5.21
WTA,2017,6,Melbourne,Australian Open,2017-01-19,Grand Slam,Outdoor,Hard,2nd Round,3,Ostapenko J.,Putintseva Y.,38.0,31.0,1305.0,1450.0,6.0,3.0,6.0,1.0,,,2.0,0.0,Completed,1.57,2.37,1.55,2.2,1.67,2.2,1.64,2.41,1.67,2.41,1.6,2.31
WTA,2017,6,Melbourne,Australian Open,2017-01-19,Grand Slam,Outdoor,Hard,2nd Round,3,Cibulkova D.,Hsieh S.W.,6.0,91.0,4865.0,709.0,6.0,4.0,7.0,6.0,,,2.0,0.0,Completed,1.12,6.0,1.12,4.8,1.12,5.5,1.16,6.23,1.17,6.23,1.14,5.59
WTA,2017,6,Melbourne,Australian Open,2017-01-19,Grand Slam,Outdoor,Hard,2nd Round,3,Wozniacki C.,Vekic D.,20.0,99.0,2175.0,666.0,6.0,1.0,6.0,3.0,,,2.0,0.0,Completed,1.1,7.0,1.07,6.0,1.11,6.5,1.1,8.98,1.11,8.98,1.1,6.98
WTA,2017,6,Melbourne,Australian Open,2017-01-19,Grand Slam,Outdoor,Hard,2nd Round,3,Brady J.,Watson H.,116.0,81.0,510.0,765.0,2.0,6.0,7.0,6.0,10.0,8.0,2.0,1.0,Completed,2.75,1.44,2.5,1.42,2.38,1.57,2.65,1.55,2.75,1.57,2.56,1.5
WTA,2017,6,Melbourne,Australian Open,2017-01-19,Grand Slam,Outdoor,Hard,2nd Round,3,Vesnina E.,Minella M.,18.0,105.0,2229.0,631.0,6.0,3.0,6.0,3.0,,,2.0,0.0,Completed,1.28,3.75,1.28,3.1,1.29,3.5,1.31,3.81,1.31,3.81,1.28,3.58
WTA,2017,6,Melbourne,Australian Open,2017-01-19,Grand Slam,Outdoor,Hard,2nd Round,3,Strycova B.,Petkovic A.,16.0,56.0,2295.0,1045.0,6.0,0.0,7.0,5.0,,,2.0,0.0,Completed,1.5,2.62,1.42,2.4,1.53,2.38,1.53,2.68,1.56,2.75,1.5,2.55
WTA,2017,6,Melbourne,Australian Open,2017-01-19,Grand Slam,Outdoor,Hard,2nd Round,3,Gibbs N.,Falconi I.,92.0,104.0,704.0,639.0,6.0,4.0,6.0,1.0,,,2.0,0.0,Completed,1.44,2.75,1.4,2.5,1.5,2.62,1.46,2.93,1.5,3.0,1.43,2.75
WTA,2017,6,Melbourne,Australian Open,2017-01-19,Grand Slam,Outdoor,Hard,2nd Round,3,Sakkari M.,Cornet A.,94.0,43.0,688.0,1242.0,7.0,5.0,4.0,6.0,6.0,1.0,2.0,1.0,Completed,2.75,1.44,2.65,1.38,2.62,1.5,2.88,1.48,3.0,1.5,2.8,1.43
WTA,2017,6,Melbourne,Australian Open,2017-01-19,Grand Slam,Outdoor,Hard,2nd Round,3,Bacsinszky T.,Kovinic D.,15.0,68.0,2347.0,885.0,6.0,1.0,7.0,6.0,,,2.0,0.0,Completed,1.44,2.75,1.38,2.65,1.44,2.75,1.5,2.8,1.5,2.95,1.44,2.72
WTA,2017,6,Melbourne,Australian Open,2017-01-19,Grand Slam,Outdoor,Hard,2nd Round,3,Gavrilova D.,Konjuh A.,26.0,36.0,1665.0,1351.0,6.0,2.0,1.0,6.0,6.0,4.0,2.0,1.0,Completed,2.0,1.8,1.85,1.8,2.0,1.8,2.08,1.84,2.1,1.91,1.99,1.8
WTA,2017,6,Melbourne,Australian Open,2017-01-19,Grand Slam,Outdoor,Hard,2nd Round,3,Lucic-Baroni M.,Radwanska A.,79.0,3.0,786.0,5625.0,6.0,3.0,6.0,2.0,,,2.0,0.0,Completed,6.0,1.12,4.9,1.11,6.0,1.11,7.45,1.12,7.45,1.15,6.12,1.12
WTA,2017,6,Melbourne,Australian Open,2017-01-19,Grand Slam,Outdoor,Hard,2nd Round,3,Williams S.,Safarova L.,2.0,61.0,7080.0,998.0,6.0,3.0,6.0,4.0,,,2.0,0.0,Completed,1.16,5.0,1.15,4.3,1.14,5.5,1.17,5.98,1.18,6.15,1.15,5.39
WTA,2017,6,Melbourne,Australian Open,2017-01-20,Grand Slam,Outdoor,Hard,3rd Round,3,Pavlyuchenkova A.,Svitolina E.,27.0,13.0,1620.0,2895.0,7.0,5.0,4.0,6.0,6.0,3.0,2.0,1.0,Completed,2.62,1.5,2.4,1.42,2.62,1.5,2.59,1.58,2.7,1.58,2.5,1.52
WTA,2017,6,Melbourne,Australian Open,2017-01-20,Grand Slam,Outdoor,Hard,3rd Round,3,Vandeweghe C.,Bouchard E.,35.0,47.0,1366.0,1185.0,6.0,4.0,3.0,6.0,7.0,5.0,2.0,1.0,Completed,2.75,1.44,2.5,1.42,2.62,1.5,2.7,1.54,2.87,1.55,2.66,1.46
WTA,2017,6,Melbourne,Australian Open,2017-01-20,Grand Slam,Outdoor,Hard,3rd Round,3,Kuznetsova S.,Jankovic J.,10.0,54.0,3745.0,1075.0,6.0,4.0,5.0,7.0,9.0,7.0,2.0,1.0,Completed,1.44,2.75,1.45,2.4,1.44,2.75,1.5,2.83,1.5,2.98,1.44,2.74
WTA,2017,6,Melbourne,Australian Open,2017-01-20,Grand Slam,Outdoor,Hard,3rd Round,3,Kerber A.,Pliskova Kr.,1.0,58.0,8875.0,1007.0,6.0,0.0,6.0,4.0,,,2.0,0.0,Completed,1.25,4.0,1.15,4.3,1.2,4.5,1.24,4.67,1.25,4.82,1.2,4.39
WTA,2017,6,Melbourne,Australian Open,2017-01-20,Grand Slam,Outdoor,Hard,3rd Round,3,Cirstea S.,Riske A.,78.0,42.0,799.0,1247.0,6.0,2.0,7.0,6.0,,,2.0,0.0,Completed,2.75,1.44,2.5,1.4,2.75,1.44,2.91,1.48,2.95,1.51,2.73,1.44
WTA,2017,6,Melbourne,Australian Open,2017-01-20,Grand Slam,Outdoor,Hard,3rd Round,3,Williams V.,Duan Y.Y.,17.0,87.0,2240.0,753.0,6.0,1.0,6.0,0.0,,,2.0,0.0,Completed,1.44,2.75,1.35,2.65,1.44,2.75,1.47,2.94,1.5,2.94,1.44,2.76
WTA,2017,6,Melbourne,Australian Open,2017-01-20,Grand Slam,Outdoor,Hard,3rd Round,3,Barthel M.,Barty A.,181.0,223.0,312.0,236.0,6.0,4.0,3.0,6.0,6.0,3.0,2.0,1.0,Completed,2.2,1.66,2.1,1.6,2.2,1.67,2.42,1.65,2.42,1.75,2.25,1.63
WTA,2017,6,Melbourne,Australian Open,2017-01-20,Grand Slam,Outdoor,Hard,3rd Round,3,Muguruza G.,Sevastova A.,7.0,33.0,4420.0,1425.0,6.0,4.0,6.0,2.0,,,2.0,0.0,Completed,1.3,3.5,1.28,3.1,1.33,3.4,1.34,3.62,1.37,3.62,1.32,3.38
WTA,2017,6,Melbourne,Australian Open,2017-01-21,Grand Slam,Outdoor,Hard,3rd Round,3,Makarova E.,Cibulkova D.,34.0,6.0,1377.0,4865.0,6.0,2.0,6.0,7.0,6.0,3.0,2.0,1.0,Completed,2.75,1.44,2.5,1.4,2.62,1.44,2.92,1.48,2.92,1.51,2.72,1.45
WTA,2017,6,Melbourne,Australian Open,2017-01-21,Grand Slam,Outdoor,Hard,3rd Round,3,Strycova B.,Garcia C.,16.0,24.0,2295.0,1765.0,6.0,2.0,7.0,5.0,,,2.0,0.0,Completed,1.3,3.5,1.3,2.85,1.33,3.25,1.38,3.36,1.38,3.5,1.33,3.24
WTA,2017,6,Melbourne,Australian Open,2017-01-21,Grand Slam,Outdoor,Hard,3rd Round,3,Brady J.,Vesnina E.,116.0,18.0,510.0,2229.0,7.0,6.0,6.0,2.0,,,2.0,0.0,Completed,3.5,1.33,2.9,1.3,3.0,1.36,3.71,1.33,3.71,1.38,3.36,1.31
WTA,2017,6,Melbourne,Australian Open,2017-01-21,Grand Slam,Outdoor,Hard,3rd Round,3,Lucic-Baroni M.,Sakkari M.,79.0,94.0,786.0,688.0,3.0,6.0,6.0,2.0,6.0,3.0,2.0,1.0,Completed,1.72,2.1,1.55,2.1,1.67,2.2,1.74,2.26,1.74,2.26,1.69,2.16
WTA,2017,6,Melbourne,Australian Open,2017-01-21,Grand Slam,Outdoor,Hard,3rd Round,3,Williams S.,Gibbs N.,2.0,92.0,7080.0,704.0,6.0,1.0,6.0,3.0,,,2.0,0.0,Completed,1.04,11.0,1.04,6.5,1.04,11.0,1.05,14.37,1.07,14.37,1.05,10.4
WTA,2017,6,Melbourne,Australian Open,2017-01-21,Grand Slam,Outdoor,Hard,3rd Round,3,Konta J.,Wozniacki C.,9.0,20.0,4055.0,2175.0,6.0,3.0,6.0,1.0,,,2.0,0.0,Completed,1.5,2.62,1.48,2.35,1.57,2.38,1.51,2.82,1.57,2.82,1.49,2.59
WTA,2017,6,Melbourne,Australian Open,2017-01-21,Grand Slam,Outdoor,Hard,3rd Round,3,Gavrilova D.,Bacsinszky T.,26.0,15.0,1665.0,2347.0,6.0,3.0,5.0,7.0,6.0,4.0,2.0,1.0,Completed,1.72,2.1,1.65,2.0,1.73,2.1,1.77,2.2,1.77,2.26,1.71,2.12
WTA,2017,6,Melbourne,Australian Open,2017-01-21,Grand Slam,Outdoor,Hard,3rd Round,3,Pliskova Ka.,Ostapenko J.,5.0,38.0,4970.0,1305.0,4.0,6.0,6.0,0.0,10.0,8.0,2.0,1.0,Completed,1.11,6.5,1.14,4.5,1.14,5.5,1.15,6.54,1.17,6.75,1.13,5.85
WTA,2017,6,Melbourne,Australian Open,2017-01-22,Grand Slam,Outdoor,Hard,4th Round,3,Pavlyuchenkova A.,Kuznetsova S.,27.0,10.0,1620.0,3745.0,6.0,3.0,6.0,3.0,,,2.0,0.0,Completed,2.1,1.72,2.1,1.55,2.2,1.67,2.25,1.74,2.25,1.74,2.14,1.7
WTA,2017,6,Melbourne,Australian Open,2017-01-22,Grand Slam,Outdoor,Hard,4th Round,3,Williams V.,Barthel M.,17.0,181.0,2240.0,312.0,6.0,3.0,7.0,5.0,,,2.0,0.0,Completed,1.4,3.0,1.35,2.65,1.4,3.0,1.37,3.43,1.45,3.43,1.39,2.97
WTA,2017,6,Melbourne,Australian Open,2017-01-22,Grand Slam,Outdoor,Hard,4th Round,3,Muguruza G.,Cirstea S.,7.0,78.0,4420.0,799.0,6.0,2.0,6.0,3.0,,,2.0,0.0,Completed,1.25,4.0,1.22,3.3,1.25,4.0,1.26,4.47,1.26,4.47,1.23,4.12
WTA,2017,6,Melbourne,Australian Open,2017-01-22,Grand Slam,Outdoor,Hard,4th Round,3,Vandeweghe C.,Kerber A.,35.0,1.0,1366.0,8875.0,6.0,2.0,6.0,3.0,,,2.0,0.0,Completed,3.4,1.33,3.1,1.28,3.5,1.3,3.43,1.37,3.5,1.37,3.32,1.32
WTA,2017,6,Melbourne,Australian Open,2017-01-23,Grand Slam,Outdoor,Hard,4th Round,3,Williams S.,Strycova B.,2.0,16.0,7080.0,2295.0,7.0,5.0,6.0,4.0,,,2.0,0.0,Completed,1.14,5.5,1.14,4.5,1.17,5.0,1.17,6.0,1.2,6.0,1.16,5.21
WTA,2017,6,Melbourne,Australian Open,2017-01-23,Grand Slam,Outdoor,Hard,4th Round,3,Konta J.,Makarova E.,9.0,34.0,4055.0,1377.0,6.0,1.0,6.0,4.0,,,2.0,0.0,Completed,1.28,3.75,1.25,3.3,1.29,3.5,1.31,3.91,1.32,4.0,1.28,3.63
WTA,2017,6,Melbourne,Australian Open,2017-01-23,Grand Slam,Outdoor,Hard,4th Round,3,Lucic-Baroni M.,Brady J.,79.0,116.0,786.0,510.0,6.0,4.0,6.0,2.0,,,2.0,0.0,Completed,1.61,2.3,1.48,2.3,1.57,2.38,1.66,2.39,1.69,2.4,1.59,2.34
WTA,2017,6,Melbourne,Australian Open,2017-01-23,Grand Slam,Outdoor,Hard,4th Round,3,Pliskova Ka.,Gavrilova D.,5.0,26.0,4970.0,1665.0,6.0,3.0,6.0,3.0,,,2.0,0.0,Completed,1.2,4.5,1.2,3.6,1.25,4.0,1.26,4.43,1.3,4.5,1.23,4.1
WTA,2017,6,Melbourne,Australian Open,2017-01-24,Grand Slam,Outdoor,Hard,Quarterfinals,3,Williams V.,Pavlyuchenkova A.,17.0,27.0,2240.0,1620.0,6.0,4.0,7.0,6.0,,,2.0,0.0,Completed,2.0,1.8,1.88,1.72,2.0,1.8,2.17,1.79,2.17,1.85,2.03,1.77
WTA,2017,6,Melbourne,Australian Open,2017-01-24,Grand Slam,Outdoor,Hard,Quarterfinals,3,Vandeweghe C.,Muguruza G.,35.0,7.0,1366.0,4420.0,6.0,4.0,6.0,0.0,,,2.0,0.0,Completed,2.62,1.5,2.4,1.45,2.5,1.53,2.69,1.54,2.75,1.57,2.55,1.51
WTA,2017,6,Melbourne,Australian Open,2017-01-25,Grand Slam,Outdoor,Hard,Quarterfinals,3,Lucic-Baroni M.,Pliskova Ka.,79.0,5.0,786.0,4970.0,6.0,4.0,3.0,6.0,6.0,4.0,2.0,1.0,Completed,4.33,1.22,3.9,1.2,4.0,1.25,4.4,1.26,4.75,1.26,4.16,1.23
WTA,2017,6,Melbourne,Australian Open,2017-01-25,Grand Slam,Outdoor,Hard,Quarterfinals,3,Williams S.,Konta J.,2.0,9.0,7080.0,4055.0,6.0,2.0,6.0,3.0,,,2.0,0.0,Completed,1.57,2.37,1.48,2.4,1.53,2.5,1.62,2.49,1.62,2.6,1.56,2.41
WTA,2017,6,Melbourne,Australian Open,2017-01-26,Grand Slam,Outdoor,Hard,Semifinals,3,Williams V.,Vandeweghe C.,17.0,35.0,2240.0,1366.0,6.0,7.0,6.0,2.0,6.0,3.0,2.0,1.0,Completed,2.37,1.57,2.25,1.55,2.38,1.57,2.35,1.7,2.55,1.7,2.37,1.59
WTA,2017,6,Melbourne,Australian Open,2017-01-26,Grand Slam,Outdoor,Hard,Semifinals,3,Williams S.,Lucic-Baroni M.,2.0,79.0,7080.0,786.0,6.0,2.0,6.0,1.0,,,2.0,0.0,Completed,1.12,6.0,1.11,5.4,1.11,6.5,1.11,8.79,1.15,8.79,1.1,6.88
WTA,2017,6,Melbourne,Australian Open,2017-01-28,Grand Slam,Outdoor,Hard,The Final,3,Williams S.,Williams V.,2.0,17.0,7080.0,2240.0,6.0,4.0,6.0,4.0,,,2.0,0.0,Completed,1.22,4.5,1.17,4.25,1.22,4.5,1.25,4.7,1.26,5.0,1.22,4.45
WTA,2017,28,Paris,French Open,2017-05-28,Grand Slam,Outdoor,Clay,1st Round,3,Puig M.,Vinci R.,41.0,33.0,1225.0,1490.0,6.0,3.0,3.0,6.0,6.0,2.0,2.0,1.0,Completed,1.72,2.1,1.65,2.1,1.73,2.1,1.72,2.25,1.75,2.25,1.71,2.13
WTA,2017,28,Paris,French Open,2017-05-28,Grand Slam,Outdoor,Clay,1st Round,3,Bacsinszky T.,Sorribes Tormo S.,31.0,84.0,1523.0,735.0,6.0,1.0,6.0,2.0,,,2.0,0.0,Completed,1.12,6.0,1.1,5.9,1.13,6.0,1.13,7.18,1.15,7.18,1.12,6.3
WTA,2017,28,Paris,French Open,2017-05-28,Grand Slam,Outdoor,Clay,1st Round,3,Kvitova P.,Boserup J.,16.0,85.0,2780.0,708.0,6.0,3.0,6.0,2.0,,,2.0,0.0,Completed,1.33,3.4,1.3,3.2,,,1.33,3.66,1.36,3.66,1.31,3.38
WTA,2017,28,Paris,French Open,2017-05-28,Grand Slam,Outdoor,Clay,1st Round,3,Brengle M.,Goerges J.,82.0,51.0,758.0,1130.0,1.0,6.0,6.0,3.0,13.0,11.0,2.0,1.0,Completed,2.75,1.44,2.65,1.42,2.5,1.53,2.75,1.51,2.81,1.53,2.7,1.46
WTA,2017,28,Paris,French Open,2017-05-28,Grand Slam,Outdoor,Clay,1st Round,3,Ostapenko J.,Chirico L.,47.0,128.0,1165.0,424.0,4.0,6.0,6.0,3.0,6.0,2.0,2.0,1.0,Completed,1.11,6.5,1.1,5.9,1.1,7.0,1.14,6.73,1.14,7.0,1.12,6.32
WTA,2017,28,Paris,French Open,2017-05-28,Grand Slam,Outdoor,Clay,1st Round,3,Makarova E.,Kerber A.,40.0,1.0,1265.0,7035.0,6.0,2.0,6.0,2.0,,,2.0,0.0,Completed,2.62,1.5,2.5,1.47,2.5,1.53,2.82,1.49,2.82,1.53,2.59,1.5
WTA,2017,28,Paris,French Open,2017-05-28,Grand Slam,Outdoor,Clay,1st Round,3,Rogers S.,Erakovic M.,49.0,144.0,1148.0,389.0,7.0,6.0,6.0,4.0,,,2.0,0.0,Completed,1.2,4.5,1.19,4.2,1.2,4.5,1.22,4.85,1.23,4.85,1.21,4.46
WTA,2017,28,Paris,French Open,2017-05-28,Grand Slam,Outdoor,Clay,1st Round,3,Kuznetsova S.,Mchale C.,9.0,61.0,4310.0,1055.0,7.0,5.0,6.0,4.0,,,2.0,0.0,Completed,1.14,5.5,1.15,4.75,1.11,6.5,1.2,5.27,1.2,7.0,1.15,5.53
WTA,2017,28,Paris,French Open,2017-05-28,Grand Slam,Outdoor,Clay,1st Round,3,Nara K.,Anisimova A.,90.0,267.0,672.0,183.0,3.0,6.0,7.0,5.0,6.0,4.0,2.0,1.0,Completed,2.37,1.57,2.3,1.55,2.1,1.73,2.48,1.61,2.48,1.74,2.27,1.63
WTA,2017,28,Paris,French Open,2017-05-28,Grand Slam,Outdoor,Clay,1st Round,3,Tsurenko L.,Kozlova K.,42.0,140.0,1223.0,401.0,6.0,4.0,6.0,0.0,,,2.0,0.0,Completed,1.61,2.3,1.57,2.25,1.62,2.25,1.6,2.51,1.65,2.51,1.61,2.31
WTA,2017,28,Paris,French Open,2017-05-28,Grand Slam,Outdoor,Clay,1st Round,3,Buyukakcay C.,Lucic-Baroni M.,155.0,25.0,353.0,1746.0,6.0,3.0,6.0,3.0,,,2.0,0.0,Completed,7.0,1.1,5.9,1.1,6.5,1.11,7.24,1.13,7.5,1.13,6.77,1.1
WTA,2017,28,Paris,French Open,2017-05-28,Grand Slam,Outdoor,Clay,1st Round,3,Williams V.,Wang Q.,11.0,52.0,3941.0,1120.0,6.0,4.0,7.0,6.0,,,2.0,0.0,Completed,1.36,3.25,1.32,3.1,1.4,3.0,1.35,3.51,1.4,3.51,1.35,3.2
WTA,2017,28,Paris,French Open,2017-05-28,Grand Slam,Outdoor,Clay,1st Round,3,Mattek-Sands B.,Rodina E.,117.0,80.0,455.0,783.0,7.0,5.0,6.0,2.0,,,2.0,0.0,Completed,1.4,3.0,1.33,3.05,1.4,3.0,1.4,3.25,1.4,3.25,1.37,3.04
WTA,2017,28,Paris,French Open,2017-05-28,Grand Slam,Outdoor,Clay,1st Round,3,Sasnovich A.,Golubic V.,98.0,65.0,626.0,1003.0,4.0,6.0,7.0,5.0,6.0,3.0,2.0,1.0,Completed,1.9,1.9,1.8,1.9,1.91,1.91,1.85,2.07,1.94,2.07,1.86,1.94
WTA,2017,28,Paris,French Open,2017-05-28,Grand Slam,Outdoor,Clay,1st Round,3,Dodin O.,Giorgi C.,56.0,93.0,1092.0,647.0,6.0,2.0,6.0,3.0,,,2.0,0.0,Completed,2.3,1.61,2.2,1.6,2.2,1.67,2.31,1.69,2.35,1.69,2.25,1.63
WTA,2017,28,Paris,French Open,2017-05-28,Grand Slam,Outdoor,Clay,1st Round,3,Cibulkova D.,Arruabarrena L.,7.0,62.0,4480.0,1053.0,6.0,2.0,6.0,1.0,,,2.0,0.0,Completed,1.4,3.0,1.37,2.85,1.4,3.0,1.45,2.97,1.46,3.25,1.39,2.98
WTA,2017,28,Paris,French Open,2017-05-29,Grand Slam,Outdoor,Clay,1st Round,3,Putintseva Y.,Georges M.,29.0,204.0,1550.0,272.0,6.0,3.0,6.0,0.0,,,2.0,0.0,Completed,1.12,6.0,1.11,5.6,1.14,5.5,1.14,6.62,1.16,6.62,1.13,6.01
WTA,2017,28,Paris,French Open,2017-05-29,Grand Slam,Outdoor,Clay,1st Round,3,Jabeur O.,Bogdan A.,114.0,106.0,459.0,539.0,6.0,3.0,6.0,4.0,,,2.0,0.0,Completed,1.72,2.1,1.72,2.0,1.8,2.0,1.79,2.14,1.84,2.14,1.76,2.05
WTA,2017,28,Paris,French Open,2017-05-29,Grand Slam,Outdoor,Clay,1st Round,3,Hogenkamp R.,Jankovic J.,105.0,63.0,551.0,1025.0,6.0,2.0,7.0,5.0,,,2.0,0.0,Completed,2.0,1.8,1.95,1.75,2.0,1.8,2.0,1.91,2.05,1.91,1.96,1.83
WTA,2017,28,Paris,French Open,2017-05-29,Grand Slam,Outdoor,Clay,1st Round,3,Kontaveit A.,Niculescu M.,53.0,54.0,1110.0,1110.0,7.0,5.0,6.0,1.0,,,2.0,0.0,Completed,1.22,4.33,1.21,3.95,1.22,4.33,1.3,3.89,1.3,4.33,1.24,4.04
WTA,2017,28,Paris,French Open,2017-05-29,Grand Slam,Outdoor,Clay,1st Round,3,Muguruza G.,Schiavone F.,5.0,78.0,4636.0,790.0,6.0,2.0,6.0,4.0,,,2.0,0.0,Completed,1.3,3.5,1.25,3.6,1.33,3.4,1.29,4.01,1.33,4.01,1.28,3.65
WTA,2017,28,Paris,French Open,2017-05-29,Grand Slam,Outdoor,Clay,1st Round,3,Wozniacki C.,Fourlis J.,12.0,337.0,3915.0,126.0,6.0,4.0,3.0,6.0,6.0,2.0,2.0,1.0,Completed,1.02,17.0,1.02,10.0,1.03,12.0,1.06,12.98,1.06,17.0,1.03,12.58
WTA,2017,28,Paris,French Open,2017-05-29,Grand Slam,Outdoor,Clay,1st Round,3,Zhang S.,Vekic D.,34.0,75.0,1490.0,800.0,7.0,5.0,6.0,4.0,,,2.0,0.0,Completed,2.2,1.66,2.1,1.65,2.25,1.62,2.16,1.78,2.3,1.78,2.17,1.68
WTA,2017,28,Paris,French Open,2017-05-29,Grand Slam,Outdoor,Clay,1st Round,3,Larsson J.,Vikhlyantseva N.,59.0,74.0,1080.0,804.0,6.0,4.0,6.0,4.0,,,2.0,0.0,Completed,1.57,2.37,1.57,2.25,1.62,2.25,1.71,2.27,1.71,2.43,1.6,2.31
WTA,2017,28,Paris,French Open,2017-05-29,Grand Slam,Outdoor,Clay,1st Round,3,Bellis C.,Lemoine Q.,48.0,162.0,1157.0,334.0,6.0,3.0,3.0,6.0,6.0,1.0,2.0,1.0,Completed,1.2,4.5,1.2,4.1,1.2,4.5,1.24,4.61,1.24,4.61,1.21,4.41
WTA,2017,28,Paris,French Open,2017-05-29,Grand Slam,Outdoor,Clay,1st Round,3,Bertens K.,Tomljanovic A.,18.0,311.0,2395.0,144.0,4.0,6.0,6.0,1.0,6.0,1.0,2.0,1.0,Completed,1.07,9.0,1.06,7.25,1.1,7.0,1.08,9.87,1.1,10.1,1.07,8.61
WTA,2017,28,Paris,French Open,2017-05-29,Grand Slam,Outdoor,Clay,1st Round,3,Mertens E.,Gavrilova D.,60.0,24.0,1066.0,1755.0,7.0,6.0,1.0,6.0,6.0,4.0,2.0,1.0,Completed,3.25,1.36,3.05,1.33,3.0,1.4,3.29,1.39,3.29,1.4,3.08,1.37
WTA,2017,28,Paris,French Open,2017-05-29,Grand Slam,Outdoor,Clay,1st Round,3,Konjuh A.,Kovinic D.,30.0,107.0,1527.0,536.0,7.0,5.0,7.0,6.0,,,2.0,0.0,Completed,1.25,4.0,1.24,3.65,1.25,4.0,1.28,4.13,1.29,4.2,1.25,3.95
WTA,2017,28,Paris,French Open,2017-05-29,Grand Slam,Outdoor,Clay,1st Round,3,Abanda F.,Andrianjafitrimo T.,195.0,269.0,282.0,183.0,6.0,3.0,6.0,4.0,,,2.0,0.0,Completed,1.5,2.62,1.47,2.5,1.5,2.63,1.52,2.73,1.54,2.97,1.5,2.6
WTA,2017,28,Paris,French Open,2017-05-29,Grand Slam,Outdoor,Clay,1st Round,3,Alexandrova E.,Siniakova K.,86.0,38.0,707.0,1348.0,6.0,4.0,2.0,6.0,6.0,2.0,2.0,1.0,Completed,3.4,1.33,3.2,1.3,3.4,1.33,3.49,1.36,3.49,1.36,3.34,1.32
WTA,2017,28,Paris,French Open,2017-05-29,Grand Slam,Outdoor,Clay,1st Round,3,Mladenovic K.,Brady J.,14.0,88.0,2915.0,692.0,3.0,6.0,6.0,3.0,9.0,7.0,2.0,1.0,Completed,1.08,8.0,1.06,7.25,1.08,7.5,1.1,8.98,1.1,9.0,1.08,7.87
WTA,2017,28,Paris,French Open,2017-05-29,Grand Slam,Outdoor,Clay,1st Round,3,Stosur S.,Kucova K.,22.0,95.0,1945.0,640.0,7.0,5.0,6.0,1.0,,,2.0,0.0,Completed,1.1,7.0,1.09,6.25,1.11,6.5,1.11,7.84,1.12,8.0,1.1,7.07
WTA,2017,28,Paris,French Open,2017-05-29,Grand Slam,Outdoor,Clay,1st Round,3,Errani S.,Doi M.,91.0,58.0,672.0,1080.0,7.0,6.0,6.0,1.0,,,2.0,0.0,Completed,1.4,3.0,1.35,2.95,1.4,3.0,1.38,3.34,1.4,3.34,1.37,3.06
WTA,2017,28,Paris,French Open,2017-05-29,Grand Slam,Outdoor,Clay,1st Round,3,Pliskova Ka.,Zheng S.,3.0,67.0,6100.0,930.0,7.0,5.0,6.0,2.0,,,2.0,0.0,Completed,1.16,5.0,1.16,4.6,1.17,5.0,1.21,5.13,1.22,5.2,1.18,4.85
WTA,2017,28,Paris,French Open,2017-05-29,Grand Slam,Outdoor,Clay,1st Round,3,Pavlyuchenkova A.,Tig P.M.,17.0,120.0,2640.0,450.0,6.0,1.0,1.0,0.0,,,1.0,0.0,Retired,1.1,7.0,1.08,6.5,1.11,6.5,1.11,8.36,1.11,8.36,1.1,7.21
WTA,2017,28,Paris,French Open,2017-05-29,Grand Slam,Outdoor,Clay,1st Round,3,Linette M.,Lim A.,94.0,259.0,643.0,195.0,6.0,0.0,7.0,5.0,,,2.0,0.0,Completed,1.28,3.75,1.27,3.45,1.29,3.75,1.31,3.81,1.31,3.81,1.28,3.64
WTA,2017,28,Paris,French Open,2017-05-29,Grand Slam,Outdoor,Clay,1st Round,3,Duque-Marino M.,Begu I.,115.0,46.0,456.0,1172.0,7.0,6.0,6.0,4.0,,,2.0,0.0,Completed,2.2,1.66,2.15,1.62,2.1,1.73,2.34,1.68,2.34,1.73,2.22,1.65
WTA,2017,28,Paris,French Open,2017-05-29,Grand Slam,Outdoor,Clay,1st Round,3,Flipkens K.,Minella M.,87.0,70.0,705.0,849.0,6.0,3.0,6.0,3.0,,,2.0,0.0,Completed,1.44,2.75,1.42,2.65,1.44,2.75,1.48,2.87,1.48,2.87,1.44,2.76
WTA,2017,28,Paris,French Open,2017-05-29,Grand Slam,Outdoor,Clay,1st Round,3,Lepchenko V.,Petkovic A.,68.0,79.0,875.0,785.0,6.0,4.0,3.0,6.0,6.0,3.0,2.0,1.0,Completed,1.72,2.1,1.65,2.1,1.73,2.1,1.68,2.33,1.83,2.33,1.7,2.14
WTA,2017,28,Paris,French Open,2017-05-29,Grand Slam,Outdoor,Clay,1st Round,3,Parmentier P.,Khromacheva I.,81.0,103.0,782.0,581.0,6.0,3.0,6.0,0.0,,,2.0,0.0,Completed,1.3,3.5,1.28,3.35,1.29,3.75,1.32,3.73,1.35,3.75,1.3,3.52
WTA,2017,28,Paris,French Open,2017-05-29,Grand Slam,Outdoor,Clay,1st Round,3,Witthoeft C.,Davis L.,73.0,26.0,807.0,1611.0,2.0,6.0,6.0,3.0,6.0,3.0,2.0,1.0,Completed,2.1,1.72,2.0,1.72,2.0,1.8,2.08,1.84,2.2,1.84,2.05,1.77
WTA,2017,28,Paris,French Open,2017-05-29,Grand Slam,Outdoor,Clay,1st Round,3,Vesnina E.,Haddad Maia B.,15.0,101.0,2816.0,598.0,6.0,2.0,3.0,6.0,6.0,4.0,2.0,1.0,Completed,2.2,1.66,2.2,1.6,2.1,1.73,2.23,1.74,2.34,1.74,2.22,1.65
WTA,2017,28,Paris,French Open,2017-05-29,Grand Slam,Outdoor,Clay,1st Round,3,Rybarikova M.,Vandeweghe C.,192.0,20.0,289.0,2082.0,6.0,1.0,6.0,4.0,,,2.0,0.0,Completed,4.0,1.25,3.65,1.24,3.5,1.3,4.1,1.28,4.15,1.3,3.85,1.26
WTA,2017,28,Paris,French Open,2017-05-29,Grand Slam,Outdoor,Clay,1st Round,3,Cepede Royg V.,Safarova L.,97.0,39.0,630.0,1306.0,6.0,1.0,6.0,4.0,,,2.0,0.0,Completed,3.4,1.33,3.2,1.3,3.25,1.36,3.67,1.33,3.67,1.36,3.42,1.32
WTA,2017,28,Paris,French Open,2017-05-30,Grand Slam,Outdoor,Clay,1st Round,3,Townsend T.,Kato M.,121.0,199.0,449.0,276.0,6.0,4.0,6.0,0.0,,,2.0,0.0,Completed,1.61,2.25,1.57,2.25,1.62,2.25,1.61,2.47,1.67,2.47,1.61,2.32
WTA,2017,28,Paris,French Open,2017-05-30,Grand Slam,Outdoor,Clay,1st Round,3,Pironkova T.,Barthel M.,77.0,50.0,792.0,1139.0,6.0,0.0,6.0,4.0,,,2.0,0.0,Completed,5.5,1.14,5.0,1.14,5.5,1.14,5.91,1.17,5.91,1.18,5.41,1.15
WTA,2017,28,Paris,French Open,2017-05-30,Grand Slam,Outdoor,Clay,1st Round,3,Cirstea S.,Peng S.,64.0,36.0,1012.0,1400.0,6.0,3.0,6.0,1.0,,,2.0,0.0,Completed,2.2,1.66,2.1,1.65,2.2,1.67,2.2,1.75,2.26,1.75,2.18,1.68
WTA,2017,28,Paris,French Open,2017-05-30,Grand Slam,Outdoor,Clay,1st Round,3,Cornet A.,Babos T.,43.0,35.0,1222.0,1410.0,6.0,2.0,6.0,7.0,6.0,2.0,2.0,1.0,Completed,1.66,2.2,1.62,2.15,1.67,2.2,1.69,2.31,1.69,2.32,1.64,2.25
WTA,2017,28,Paris,French Open,2017-05-30,Grand Slam,Outdoor,Clay,1st Round,3,Hsieh S.W.,Konta J.,109.0,8.0,512.0,4330.0,1.0,6.0,7.0,6.0,6.0,4.0,2.0,1.0,Completed,10.0,1.06,7.75,1.05,7.5,1.08,10.44,1.08,10.5,1.08,9.16,1.06
WTA,2017,28,Paris,French Open,2017-05-30,Grand Slam,Outdoor,Clay,1st Round,3,Svitolina E.,Shvedova Y.,6.0,45.0,4575.0,1172.0,6.0,4.0,6.0,3.0,,,2.0,0.0,Completed,1.08,8.0,1.07,7.0,1.1,7.0,1.11,8.37,1.11,8.5,1.09,7.52
WTA,2017,28,Paris,French Open,2017-05-30,Grand Slam,Outdoor,Clay,1st Round,3,Suarez Navarro C.,Sakkari M.,23.0,99.0,1800.0,601.0,6.0,4.0,6.0,2.0,,,2.0,0.0,Completed,1.12,6.0,1.11,5.6,1.13,6.0,1.14,6.81,1.15,6.81,1.13,5.89
WTA,2017,28,Paris,French Open,2017-05-30,Grand Slam,Outdoor,Clay,1st Round,3,Martic P.,Bondarenko K.,290.0,92.0,159.0,658.0,6.0,2.0,7.0,5.0,,,2.0,0.0,Completed,1.5,2.62,1.45,2.55,1.5,2.63,1.52,2.73,1.52,2.73,1.49,2.61
WTA,2017,28,Paris,French Open,2017-05-30,Grand Slam,Outdoor,Clay,1st Round,3,Keys M.,Barty A.,13.0,76.0,3163.0,797.0,6.0,3.0,6.0,2.0,,,2.0,0.0,Completed,1.8,2.0,1.72,2.0,1.91,1.91,1.74,2.22,1.91,2.22,1.78,2.02
WTA,2017,28,Paris,French Open,2017-05-30,Grand Slam,Outdoor,Clay,1st Round,3,Garcia C.,Hibino N.,27.0,83.0,1595.0,749.0,6.0,2.0,6.0,2.0,,,2.0,0.0,Completed,1.14,5.5,1.14,5.0,1.17,5.0,1.17,5.98,1.17,6.44,1.14,5.64
WTA,2017,28,Paris,French Open,2017-05-30,Grand Slam,Outdoor,Clay,1st Round,3,Van Uytvanck A.,Osaka N.,113.0,55.0,468.0,1105.0,6.0,3.0,7.0,5.0,,,2.0,0.0,Completed,2.0,1.8,1.9,1.8,2.1,1.73,1.95,1.95,2.15,1.95,2.0,1.8
WTA,2017,28,Paris,French Open,2017-05-30,Grand Slam,Outdoor,Clay,1st Round,3,Strycova B.,Riske A.,21.0,37.0,2050.0,1355.0,6.0,3.0,6.0,0.0,,,2.0,0.0,Completed,1.5,2.62,1.45,2.55,1.44,2.75,1.56,2.62,1.56,2.8,1.48,2.62
WTA,2017,28,Paris,French Open,2017-05-30,Grand Slam,Outdoor,Clay,1st Round,3,Vondrousova M.,Hesse A.,96.0,215.0,635.0,261.0,6.0,1.0,6.0,0.0,,,2.0,0.0,Completed,1.06,10.0,1.06,7.25,1.07,8.0,1.08,10.16,1.1,10.5,1.07,8.89
WTA,2017,28,Paris,French Open,2017-05-30,Grand Slam,Outdoor,Clay,1st Round,3,Maria T.,Duan Y.Y.,102.0,66.0,592.0,960.0,6.0,4.0,6.0,1.0,,,2.0,0.0,Completed,1.28,3.75,1.25,3.6,1.29,3.75,1.25,4.4,1.3,4.4,1.26,3.89
WTA,2017,28,Paris,French Open,2017-05-30,Grand Slam,Outdoor,Clay,1st Round,3,Bouchard E.,Ozaki R.,57.0,72.0,1086.0,826.0,2.0,6.0,6.0,3.0,6.0,2.0,2.0,1.0,Completed,1.28,3.75,1.27,3.45,1.3,3.5,1.29,3.98,1.35,3.98,1.28,3.66
WTA,2017,28,Paris,French Open,2017-05-30,Grand Slam,Outdoor,Clay,1st Round,3,Kasatkina D.,Wickmayer Y.,28.0,69.0,1580.0,857.0,7.0,5.0,6.0,4.0,,,2.0,0.0,Completed,1.36,3.25,1.35,2.95,1.4,3.0,1.4,3.21,1.46,3.25,1.39,3.0
WTA,2017,28,Paris,French Open,2017-05-30,Grand Slam,Outdoor,Clay,1st Round,3,Sevastova A.,Beck A.,19.0,71.0,2165.0,840.0,6.0,2.0,6.0,4.0,,,2.0,0.0,Completed,1.33,3.4,1.28,3.35,1.3,3.5,1.32,3.73,1.34,3.73,1.3,3.5
WTA,2017,28,Paris,French Open,2017-05-30,Grand Slam,Outdoor,Clay,1st Round,3,Halep S.,Cepelova J.,4.0,89.0,5790.0,685.0,6.0,2.0,6.0,3.0,,,2.0,0.0,Completed,1.14,5.5,1.14,5.0,1.17,5.0,1.14,6.68,1.19,6.68,1.15,5.55
WTA,2017,28,Paris,French Open,2017-05-30,Grand Slam,Outdoor,Clay,1st Round,3,Paquet C.,Pliskova Kr.,260.0,44.0,195.0,1181.0,6.0,7.0,6.0,2.0,6.0,2.0,2.0,1.0,Completed,6.5,1.11,5.6,1.11,5.5,1.14,6.98,1.13,6.98,1.16,6.25,1.12
WTA,2017,28,Paris,French Open,2017-05-30,Grand Slam,Outdoor,Clay,1st Round,3,Radwanska A.,Ferro F.,10.0,208.0,4095.0,265.0,6.0,1.0,6.0,1.0,,,2.0,0.0,Completed,1.08,8.0,1.09,6.25,1.13,6.0,1.09,9.11,1.13,9.11,1.09,7.41
WTA,2017,28,Paris,French Open,2017-05-31,Grand Slam,Outdoor,Clay,2nd Round,3,Tsurenko L.,Makarova E.,42.0,40.0,1223.0,1265.0,6.0,2.0,6.0,2.0,,,2.0,0.0,Completed,2.75,1.44,2.65,1.42,2.75,1.44,2.81,1.5,2.9,1.5,2.73,1.45
WTA,2017,28,Paris,French Open,2017-05-31,Grand Slam,Outdoor,Clay,2nd Round,3,Mattek-Sands B.,Kvitova P.,117.0,16.0,455.0,2780.0,7.0,6.0,7.0,6.0,,,2.0,0.0,Completed,3.0,1.4,3.05,1.33,,,3.44,1.36,3.44,1.44,3.07,1.37
WTA,2017,28,Paris,French Open,2017-05-31,Grand Slam,Outdoor,Clay,2nd Round,3,Ostapenko J.,Puig M.,47.0,41.0,1165.0,1225.0,6.0,3.0,6.0,2.0,,,2.0,0.0,Completed,1.57,2.37,1.57,2.25,1.62,2.25,1.65,2.4,1.65,2.4,1.6,2.33
WTA,2017,28,Paris,French Open,2017-05-31,Grand Slam,Outdoor,Clay,2nd Round,3,Stosur S.,Flipkens K.,22.0,87.0,1945.0,705.0,6.0,2.0,7.0,6.0,,,2.0,0.0,Completed,1.16,5.0,1.15,4.75,1.17,5.0,1.19,5.52,1.19,5.59,1.16,5.14
WTA,2017,28,Paris,French Open,2017-05-31,Grand Slam,Outdoor,Clay,2nd Round,3,Putintseva Y.,Larsson J.,29.0,59.0,1550.0,1080.0,6.0,3.0,1.0,6.0,6.0,3.0,2.0,1.0,Completed,1.72,2.1,1.72,2.0,1.8,2.0,1.78,2.16,1.86,2.2,1.74,2.08
WTA,2017,28,Paris,French Open,2017-05-31,Grand Slam,Outdoor,Clay,2nd Round,3,Williams V.,Nara K.,11.0,90.0,3941.0,672.0,6.0,3.0,6.0,1.0,,,2.0,0.0,Completed,1.11,6.5,1.1,5.9,1.13,6.0,1.13,7.28,1.16,7.28,1.12,6.26
WTA,2017,28,Paris,French Open,2017-05-31,Grand Slam,Outdoor,Clay,2nd Round,3,Rogers S.,Buyukakcay C.,49.0,155.0,1148.0,353.0,7.0,6.0,6.0,4.0,,,2.0,0.0,Completed,1.22,4.33,1.22,3.85,1.25,4.0,1.25,4.5,1.26,4.5,1.24,4.05
WTA,2017,28,Paris,French Open,2017-05-31,Grand Slam,Outdoor,Clay,2nd Round,3,Muguruza G.,Kontaveit A.,5.0,53.0,4636.0,1110.0,6.0,7.0,6.0,4.0,6.0,2.0,2.0,1.0,Completed,1.5,2.62,1.42,2.65,1.5,2.63,1.45,3.0,1.5,3.0,1.44,2.77
WTA,2017,28,Paris,French Open,2017-05-31,Grand Slam,Outdoor,Clay,2nd Round,3,Bellis C.,Bertens K.,48.0,18.0,1157.0,2395.0,6.0,3.0,7.0,6.0,,,2.0,0.0,Completed,4.5,1.2,4.2,1.19,4.33,1.22,4.61,1.24,5.0,1.24,4.45,1.21
WTA,2017,28,Paris,French Open,2017-05-31,Grand Slam,Outdoor,Clay,2nd Round,3,Mertens E.,Hogenkamp R.,60.0,105.0,1066.0,551.0,6.0,3.0,6.0,4.0,,,2.0,0.0,Completed,1.8,2.0,1.75,1.95,1.8,2.0,1.83,2.1,1.83,2.12,1.79,2.01
WTA,2017,28,Paris,French Open,2017-05-31,Grand Slam,Outdoor,Clay,2nd Round,3,Wozniacki C.,Abanda F.,12.0,195.0,3915.0,282.0,6.0,0.0,6.0,0.0,,,2.0,0.0,Completed,1.12,6.0,1.13,5.2,1.17,5.0,1.16,6.2,1.17,6.3,1.13,5.79
WTA,2017,28,Paris,French Open,2017-05-31,Grand Slam,Outdoor,Clay,2nd Round,3,Mladenovic K.,Errani S.,14.0,91.0,2915.0,672.0,6.0,2.0,6.0,3.0,,,2.0,0.0,Completed,1.44,2.75,1.42,2.65,1.44,2.75,1.48,2.86,1.5,2.9,1.45,2.72
WTA,2017,28,Paris,French Open,2017-05-31,Grand Slam,Outdoor,Clay,2nd Round,3,Zhang S.,Sasnovich A.,34.0,98.0,1490.0,626.0,6.0,2.0,4.0,6.0,6.0,3.0,2.0,1.0,Completed,1.66,2.2,1.72,2.0,1.73,2.1,1.69,2.3,1.8,2.31,1.71,2.13
WTA,2017,28,Paris,French Open,2017-05-31,Grand Slam,Outdoor,Clay,2nd Round,3,Bacsinszky T.,Brengle M.,31.0,82.0,1523.0,758.0,6.0,0.0,6.0,2.0,,,2.0,0.0,Completed,1.22,4.33,1.21,3.95,1.25,4.0,1.23,4.69,1.25,4.69,1.22,4.28
WTA,2017,28,Paris,French Open,2017-05-31,Grand Slam,Outdoor,Clay,2nd Round,3,Jabeur O.,Cibulkova D.,114.0,7.0,459.0,4480.0,6.0,4.0,6.0,3.0,,,2.0,0.0,Completed,4.0,1.25,3.65,1.24,3.75,1.29,4.18,1.27,4.2,1.3,3.85,1.26
WTA,2017,28,Paris,French Open,2017-05-31,Grand Slam,Outdoor,Clay,2nd Round,3,Kuznetsova S.,Dodin O.,9.0,56.0,4310.0,1092.0,7.0,6.0,5.0,7.0,6.0,3.0,2.0,1.0,Completed,1.22,4.33,1.21,3.95,1.22,4.33,1.21,5.05,1.25,5.05,1.21,4.34
WTA,2017,28,Paris,French Open,2017-06-01,Grand Slam,Outdoor,Clay,2nd Round,3,Linette M.,Konjuh A.,94.0,30.0,643.0,1527.0,6.0,0.0,7.0,5.0,,,2.0,0.0,Completed,3.4,1.33,3.1,1.32,3.25,1.36,3.51,1.35,3.43,1.38,3.2,1.34
WTA,2017,28,Paris,French Open,2017-06-01,Grand Slam,Outdoor,Clay,2nd Round,3,Cornet A.,Strycova B.,43.0,21.0,1222.0,2050.0,6.0,4.0,6.0,1.0,,,2.0,0.0,Completed,2.75,1.44,2.65,1.42,2.75,1.44,2.67,1.54,2.81,1.56,2.67,1.47
WTA,2017,28,Paris,French Open,2017-06-01,Grand Slam,Outdoor,Clay,2nd Round,3,Svitolina E.,Pironkova T.,6.0,77.0,4575.0,792.0,3.0,6.0,6.0,3.0,6.0,2.0,2.0,1.0,Completed,1.06,10.0,1.06,7.25,1.08,7.5,1.08,10.23,1.09,10.0,1.07,8.47
WTA,2017,28,Paris,French Open,2017-06-01,Grand Slam,Outdoor,Clay,2nd Round,3,Radwanska A.,Van Uytvanck A.,10.0,113.0,4095.0,468.0,6.0,7.0,6.0,2.0,6.0,3.0,2.0,1.0,Completed,1.4,3.0,1.37,2.85,1.4,3.0,1.43,3.05,1.45,3.09,1.41,2.9
WTA,2017,28,Paris,French Open,2017-06-01,Grand Slam,Outdoor,Clay,2nd Round,3,Kasatkina D.,Vondrousova M.,28.0,96.0,1580.0,635.0,7.0,6.0,6.0,4.0,,,2.0,0.0,Completed,2.2,1.66,2.3,1.55,2.38,1.57,2.41,1.64,2.51,1.69,2.35,1.59
WTA,2017,28,Paris,French Open,2017-06-01,Grand Slam,Outdoor,Clay,2nd Round,3,Hsieh S.W.,Townsend T.,109.0,121.0,512.0,449.0,6.0,0.0,2.0,6.0,6.0,3.0,2.0,1.0,Completed,2.37,1.57,2.3,1.55,2.38,1.57,2.51,1.6,2.51,1.63,2.38,1.58
WTA,2017,28,Paris,French Open,2017-06-01,Grand Slam,Outdoor,Clay,2nd Round,3,Vesnina E.,Lepchenko V.,15.0,68.0,2816.0,875.0,4.0,6.0,6.0,3.0,6.0,0.0,2.0,1.0,Completed,1.57,2.37,1.57,2.25,1.62,2.25,1.66,2.37,1.7,2.45,1.6,2.33
WTA,2017,28,Paris,French Open,2017-06-01,Grand Slam,Outdoor,Clay,2nd Round,3,Garcia C.,Paquet C.,27.0,260.0,1595.0,195.0,7.0,5.0,6.0,4.0,,,2.0,0.0,Completed,1.1,7.0,1.09,6.25,1.1,7.0,1.11,7.87,1.12,8.0,1.1,6.95
WTA,2017,28,Paris,French Open,2017-06-01,Grand Slam,Outdoor,Clay,2nd Round,3,Sevastova A.,Bouchard E.,19.0,57.0,2165.0,1086.0,6.0,3.0,6.0,0.0,,,2.0,0.0,Completed,1.44,2.75,1.45,2.55,1.5,2.63,1.49,2.85,1.53,2.85,1.46,2.69
WTA,2017,28,Paris,French Open,2017-06-01,Grand Slam,Outdoor,Clay,2nd Round,3,Duque-Marino M.,Rybarikova M.,115.0,192.0,456.0,289.0,1.0,6.0,6.0,3.0,8.0,6.0,2.0,1.0,Completed,1.66,2.2,1.65,2.1,1.67,2.2,1.73,2.24,1.74,2.28,1.69,2.17
WTA,2017,28,Paris,French Open,2017-06-01,Grand Slam,Outdoor,Clay,2nd Round,3,Witthoeft C.,Parmentier P.,73.0,81.0,807.0,782.0,6.0,4.0,7.0,6.0,,,2.0,0.0,Completed,1.8,2.0,1.75,1.95,1.73,2.0,1.85,2.06,1.91,2.09,1.83,1.97
WTA,2017,28,Paris,French Open,2017-06-01,Grand Slam,Outdoor,Clay,2nd Round,3,Halep S.,Maria T.,4.0,102.0,5790.0,592.0,6.0,4.0,6.0,3.0,,,2.0,0.0,Completed,1.08,8.0,1.07,7.0,1.08,7.5,1.09,9.64,1.1,9.64,1.08,7.95
WTA,2017,28,Paris,French Open,2017-06-01,Grand Slam,Outdoor,Clay,2nd Round,3,Cepede Royg V.,Pavlyuchenkova A.,97.0,17.0,630.0,2640.0,7.0,6.0,2.0,6.0,6.0,4.0,2.0,1.0,Completed,4.33,1.22,3.95,1.21,4.33,1.22,4.44,1.25,4.44,1.35,4.18,1.22
WTA,2017,28,Paris,French Open,2017-06-01,Grand Slam,Outdoor,Clay,2nd Round,3,Suarez Navarro C.,Cirstea S.,23.0,64.0,1800.0,1012.0,7.0,5.0,6.0,4.0,,,2.0,0.0,Completed,1.57,2.37,1.55,2.3,1.57,2.38,1.59,2.52,1.61,2.55,1.57,2.41
WTA,2017,28,Paris,French Open,2017-06-01,Grand Slam,Outdoor,Clay,2nd Round,3,Pliskova Ka.,Alexandrova E.,3.0,86.0,6100.0,707.0,6.0,2.0,4.0,6.0,6.0,3.0,2.0,1.0,Completed,1.16,5.0,1.14,5.0,1.14,5.5,1.19,5.36,1.2,6.15,1.16,5.2
WTA,2017,28,Paris,French Open,2017-06-01,Grand Slam,Outdoor,Clay,2nd Round,3,Martic P.,Keys M.,290.0,13.0,159.0,3163.0,3.0,6.0,6.0,3.0,6.0,1.0,2.0,1.0,Completed,3.5,1.3,3.2,1.3,3.5,1.3,3.28,1.39,3.75,1.39,3.29,1.33
WTA,2017,28,Paris,French Open,2017-06-02,Grand Slam,Outdoor,Clay,3rd Round,3,Muguruza G.,Putintseva Y.,5.0,29.0,4636.0,1550.0,7.0,5.0,6.0,2.0,,,2.0,0.0,Completed,1.25,4.0,1.23,3.75,1.25,4.0,1.27,4.31,1.28,4.33,1.25,3.99
WTA,2017,28,Paris,French Open,2017-06-02,Grand Slam,Outdoor,Clay,3rd Round,3,Ostapenko J.,Tsurenko L.,47.0,42.0,1165.0,1223.0,6.0,1.0,6.0,4.0,,,2.0,0.0,Completed,1.5,2.62,1.45,2.55,1.44,2.75,1.58,2.59,1.59,2.75,1.51,2.55
WTA,2017,28,Paris,French Open,2017-06-02,Grand Slam,Outdoor,Clay,3rd Round,3,Mladenovic K.,Rogers S.,14.0,49.0,2915.0,1148.0,7.0,5.0,4.0,6.0,8.0,6.0,2.0,1.0,Completed,1.3,3.5,1.3,3.2,1.29,3.75,1.37,3.42,1.37,3.75,1.31,3.43
WTA,2017,28,Paris,French Open,2017-06-02,Grand Slam,Outdoor,Clay,3rd Round,3,Stosur S.,Mattek-Sands B.,22.0,117.0,1945.0,455.0,6.0,2.0,6.0,2.0,,,2.0,0.0,Completed,1.3,3.5,1.3,3.2,1.33,3.4,1.36,3.5,1.36,3.55,1.33,3.33
WTA,2017,28,Paris,French Open,2017-06-02,Grand Slam,Outdoor,Clay,3rd Round,3,Kuznetsova S.,Zhang S.,9.0,34.0,4310.0,1490.0,7.0,6.0,4.0,6.0,7.0,5.0,2.0,1.0,Completed,1.14,5.5,1.15,4.75,1.17,5.0,1.21,5.1,1.21,5.75,1.16,5.24
WTA,2017,28,Paris,French Open,2017-06-02,Grand Slam,Outdoor,Clay,3rd Round,3,Williams V.,Mertens E.,11.0,60.0,3941.0,1066.0,6.0,3.0,6.0,1.0,,,2.0,0.0,Completed,1.4,3.0,1.37,2.85,1.4,3.0,1.43,3.1,1.44,3.2,1.39,3.0
WTA,2017,28,Paris,French Open,2017-06-02,Grand Slam,Outdoor,Clay,3rd Round,3,Bacsinszky T.,Jabeur O.,31.0,114.0,1523.0,459.0,6.0,2.0,6.0,2.0,,,2.0,0.0,Completed,1.2,4.5,1.18,4.3,1.2,4.5,1.24,4.7,1.24,4.9,1.21,4.48
WTA,2017,28,Paris,French Open,2017-06-03,Grand Slam,Outdoor,Clay,3rd Round,3,Suarez Navarro C.,Vesnina E.,23.0,15.0,1800.0,2816.0,6.0,4.0,6.0,4.0,,,2.0,0.0,Completed,1.4,3.0,1.37,2.85,1.5,2.63,1.43,3.1,1.5,3.18,1.4,2.93
WTA,2017,28,Paris,French Open,2017-06-03,Grand Slam,Outdoor,Clay,3rd Round,3,Cornet A.,Radwanska A.,43.0,10.0,1222.0,4095.0,6.0,2.0,6.0,1.0,,,2.0,0.0,Completed,2.62,1.5,2.5,1.47,2.5,1.53,2.72,1.53,2.75,1.54,2.58,1.5
WTA,2017,28,Paris,French Open,2017-06-03,Grand Slam,Outdoor,Clay,3rd Round,3,Garcia C.,Hsieh S.W.,27.0,109.0,1595.0,512.0,6.0,4.0,4.0,6.0,9.0,7.0,2.0,1.0,Completed,1.14,5.5,1.14,5.0,1.17,5.0,1.19,5.56,1.19,5.95,1.16,5.29
WTA,2017,28,Paris,French Open,2017-06-03,Grand Slam,Outdoor,Clay,3rd Round,3,Halep S.,Kasatkina D.,4.0,28.0,5790.0,1580.0,6.0,0.0,7.0,5.0,,,2.0,0.0,Completed,1.33,3.4,1.3,3.2,1.3,3.5,1.33,3.71,1.37,3.77,1.32,3.42
WTA,2017,28,Paris,French Open,2017-06-03,Grand Slam,Outdoor,Clay,3rd Round,3,Wozniacki C.,Bellis C.,12.0,48.0,3915.0,1157.0,6.0,2.0,2.0,6.0,6.0,3.0,2.0,1.0,Completed,1.36,3.25,1.32,3.1,1.33,3.4,1.4,3.29,1.4,3.45,1.35,3.21
WTA,2017,28,Paris,French Open,2017-06-04,Grand Slam,Outdoor,Clay,3rd Round,3,Cepede Royg V.,Duque-Marino M.,97.0,115.0,630.0,456.0,3.0,6.0,7.0,6.0,6.0,3.0,2.0,1.0,Completed,1.72,2.1,1.65,2.1,1.8,2.0,1.78,2.19,1.8,2.21,1.72,2.11
WTA,2017,28,Paris,French Open,2017-06-04,Grand Slam,Outdoor,Clay,3rd Round,3,Martic P.,Sevastova A.,290.0,19.0,159.0,2165.0,6.0,1.0,6.0,1.0,,,2.0,0.0,Completed,3.25,1.36,3.1,1.32,3.25,1.36,3.43,1.37,3.43,1.38,3.19,1.35
WTA,2017,28,Paris,French Open,2017-06-04,Grand Slam,Outdoor,Clay,3rd Round,3,Svitolina E.,Linette M.,6.0,94.0,4575.0,643.0,6.0,4.0,7.0,5.0,,,2.0,0.0,Completed,1.08,8.0,1.09,6.25,1.1,7.0,1.11,8.26,1.12,8.26,1.09,7.39
WTA,2017,28,Paris,French Open,2017-06-04,Grand Slam,Outdoor,Clay,3rd Round,3,Pliskova Ka.,Witthoeft C.,3.0,73.0,6100.0,807.0,7.0,5.0,6.0,1.0,,,2.0,0.0,Completed,1.36,3.25,1.32,3.1,1.33,3.4,1.39,3.31,1.41,3.4,1.36,3.18
WTA,2017,28,Paris,French Open,2017-06-04,Grand Slam,Outdoor,Clay,4th Round,3,Wozniacki C.,Kuznetsova S.,12.0,9.0,3915.0,4310.0,6.0,1.0,4.0,6.0,6.0,2.0,2.0,1.0,Completed,2.1,1.72,2.1,1.65,2.1,1.73,2.18,1.78,2.2,1.8,2.09,1.74
WTA,2017,28,Paris,French Open,2017-06-04,Grand Slam,Outdoor,Clay,4th Round,3,Ostapenko J.,Stosur S.,47.0,22.0,1165.0,1945.0,2.0,6.0,6.0,2.0,6.0,4.0,2.0,1.0,Completed,2.1,1.72,2.1,1.65,2.1,1.73,2.3,1.71,2.3,1.78,2.18,1.68
WTA,2017,28,Paris,French Open,2017-06-04,Grand Slam,Outdoor,Clay,4th Round,3,Mladenovic K.,Muguruza G.,14.0,5.0,2915.0,4636.0,6.0,1.0,3.0,6.0,6.0,3.0,2.0,1.0,Completed,2.5,1.53,2.4,1.5,2.5,1.53,2.56,1.59,2.6,1.6,2.45,1.55
WTA,2017,28,Paris,French Open,2017-06-04,Grand Slam,Outdoor,Clay,4th Round,3,Bacsinszky T.,Williams V.,31.0,11.0,1523.0,3941.0,5.0,7.0,6.0,2.0,6.0,1.0,2.0,1.0,Completed,1.66,2.2,1.72,2.0,1.73,2.1,1.63,2.47,1.78,2.47,1.71,2.13
WTA,2017,28,Paris,French Open,2017-06-05,Grand Slam,Outdoor,Clay,4th Round,3,Halep S.,Suarez Navarro C.,4.0,23.0,5790.0,1800.0,6.0,1.0,6.0,1.0,,,2.0,0.0,Completed,1.28,3.75,1.28,3.35,1.3,3.5,1.34,3.69,1.34,3.75,1.3,3.54
WTA,2017,28,Paris,French Open,2017-06-05,Grand Slam,Outdoor,Clay,4th Round,3,Svitolina E.,Martic P.,6.0,290.0,4575.0,159.0,4.0,6.0,6.0,3.0,7.0,5.0,2.0,1.0,Completed,1.22,4.33,1.2,4.1,1.22,4.33,1.22,5.05,1.22,5.05,1.2,4.59
WTA,2017,28,Paris,French Open,2017-06-05,Grand Slam,Outdoor,Clay,4th Round,3,Pliskova Ka.,Cepede Royg V.,3.0,97.0,6100.0,630.0,2.0,6.0,6.0,3.0,6.0,4.0,2.0,1.0,Completed,1.2,4.5,1.18,4.3,1.22,4.33,1.19,5.57,1.22,5.57,1.19,4.73
WTA,2017,28,Paris,French Open,2017-06-05,Grand Slam,Outdoor,Clay,4th Round,3,Garcia C.,Cornet A.,27.0,43.0,1595.0,1222.0,6.0,2.0,6.0,4.0,,,2.0,0.0,Completed,2.1,1.72,2.1,1.65,2.1,1.73,2.3,1.71,2.3,1.74,2.18,1.69
WTA,2017,28,Paris,French Open,2017-06-06,Grand Slam,Outdoor,Clay,Quarterfinals,3,Bacsinszky T.,Mladenovic K.,31.0,14.0,1523.0,2915.0,6.0,4.0,6.0,4.0,,,2.0,0.0,Completed,2.0,1.8,1.9,1.8,1.91,1.91,2.05,1.88,2.05,1.91,1.99,1.83
WTA,2017,28,Paris,French Open,2017-06-06,Grand Slam,Outdoor,Clay,Quarterfinals,3,Ostapenko J.,Wozniacki C.,47.0,12.0,1165.0,3915.0,4.0,6.0,6.0,2.0,6.0,2.0,2.0,1.0,Completed,2.1,1.72,2.1,1.65,2.2,1.67,2.36,1.68,2.36,1.82,2.15,1.71
WTA,2017,28,Paris,French Open,2017-06-07,Grand Slam,Outdoor,Clay,Quarterfinals,3,Pliskova Ka.,Garcia C.,3.0,27.0,6100.0,1595.0,7.0,6.0,6.0,4.0,,,2.0,0.0,Completed,1.57,2.37,1.53,2.35,1.57,2.37,1.6,2.54,1.63,2.6,1.57,2.42
WTA,2017,28,Paris,French Open,2017-06-07,Grand Slam,Outdoor,Clay,Quarterfinals,3,Halep S.,Svitolina E.,4.0,6.0,5790.0,4575.0,3.0,6.0,7.0,6.0,6.0,0.0,2.0,1.0,Completed,1.36,3.2,1.35,2.95,1.4,3.0,1.45,3.05,1.47,3.3,1.4,2.99
WTA,2017,28,Paris,French Open,2017-06-08,Grand Slam,Outdoor,Clay,Semifinals,3,Ostapenko J.,Bacsinszky T.,47.0,31.0,1165.0,1523.0,7.0,6.0,3.0,6.0,6.0,3.0,2.0,1.0,Completed,2.3,1.61,2.2,1.6,2.2,1.67,2.39,1.68,2.4,1.71,2.28,1.64
WTA,2017,28,Paris,French Open,2017-06-08,Grand Slam,Outdoor,Clay,Semifinals,3,Halep S.,Pliskova Ka.,4.0,3.0,5790.0,6100.0,6.0,4.0,3.0,6.0,6.0,3.0,2.0,1.0,Completed,1.28,3.75,1.28,3.35,1.3,3.5,1.33,3.77,1.36,3.9,1.29,3.66
WTA,2017,28,Paris,French Open,2017-06-10,Grand Slam,Outdoor,Clay,The Final,3,Ostapenko J.,Halep S.,47.0,4.0,1165.0,5790.0,4.0,6.0,6.0,4.0,6.0,3.0,2.0,1.0,Completed,3.75,1.3,3.35,1.28,3.4,1.33,3.84,1.33,3.88,1.35,3.58,1.31
WTA,2017,34,London,Wimbledon,2017-07-03,Grand Slam,Outdoor,Grass,1st Round,3,Wang Q.,Chang K.C.,55.0,111.0,1060.0,548.0,6.0,3.0,6.0,4.0,,,2.0,0.0,Completed,1.44,2.75,1.42,2.65,1.44,2.75,1.49,2.85,1.49,2.92,1.44,2.76
WTA,2017,34,London,Wimbledon,2017-07-03,Grand Slam,Outdoor,Grass,1st Round,3,Haddad Maia B.,Robson L.,97.0,189.0,675.0,299.0,6.0,4.0,6.0,2.0,,,2.0,0.0,Completed,1.44,2.75,1.4,2.75,1.44,2.75,1.44,3.04,1.45,3.04,1.42,2.83
WTA,2017,34,London,Wimbledon,2017-07-03,Grand Slam,Outdoor,Grass,1st Round,3,Giorgi C.,Cornet A.,86.0,41.0,711.0,1332.0,5.0,7.0,6.0,4.0,6.0,4.0,2.0,1.0,Completed,1.53,2.5,1.53,2.35,1.53,2.5,1.55,2.64,1.58,2.64,1.54,2.46
WTA,2017,34,London,Wimbledon,2017-07-03,Grand Slam,Outdoor,Grass,1st Round,3,Keys M.,Hibino N.,18.0,92.0,2523.0,689.0,6.0,4.0,6.0,2.0,,,2.0,0.0,Completed,1.12,6.0,1.1,5.9,1.14,5.5,1.15,6.41,1.16,7.0,1.13,5.97
WTA,2017,34,London,Wimbledon,2017-07-03,Grand Slam,Outdoor,Grass,1st Round,3,Sabalenka A.,Khromacheva I.,136.0,110.0,410.0,561.0,6.0,3.0,6.0,4.0,,,2.0,0.0,Completed,1.3,3.5,1.28,3.35,1.3,3.5,1.32,3.73,1.32,3.75,1.3,3.5
WTA,2017,34,London,Wimbledon,2017-07-03,Grand Slam,Outdoor,Grass,1st Round,3,Williams V.,Mertens E.,11.0,54.0,3941.0,1078.0,7.0,6.0,6.0,4.0,,,2.0,0.0,Completed,1.4,3.0,1.37,2.85,1.44,2.75,1.36,3.44,1.44,3.44,1.39,2.99
WTA,2017,34,London,Wimbledon,2017-07-03,Grand Slam,Outdoor,Grass,1st Round,3,Svitolina E.,Barty A.,5.0,56.0,4765.0,1060.0,7.0,5.0,7.0,6.0,,,2.0,0.0,Completed,2.3,1.61,2.25,1.57,2.25,1.61,2.48,1.61,2.48,1.67,2.32,1.61
WTA,2017,34,London,Wimbledon,2017-07-03,Grand Slam,Outdoor,Grass,1st Round,3,Halep S.,Erakovic M.,2.0,129.0,6920.0,427.0,6.0,4.0,6.0,1.0,,,2.0,0.0,Completed,1.14,5.5,1.13,5.2,1.17,5.0,1.15,6.57,1.17,6.57,1.14,5.65
WTA,2017,34,London,Wimbledon,2017-07-03,Grand Slam,Outdoor,Grass,1st Round,3,Schiavone F.,Minella M.,72.0,82.0,843.0,732.0,6.0,1.0,6.0,1.0,,,2.0,0.0,Completed,1.33,3.4,1.32,3.1,1.4,3.0,1.36,3.45,1.43,3.55,1.35,3.23
WTA,2017,34,London,Wimbledon,2017-07-03,Grand Slam,Outdoor,Grass,1st Round,3,Witthoeft C.,Lucic-Baroni M.,65.0,28.0,972.0,1632.0,6.0,3.0,5.0,7.0,8.0,6.0,2.0,1.0,Completed,2.0,1.8,1.95,1.75,2.0,1.8,2.08,1.84,2.08,1.85,2.0,1.8
WTA,2017,34,London,Wimbledon,2017-07-03,Grand Slam,Outdoor,Grass,1st Round,3,Osaka N.,Sorribes Tormo S.,59.0,100.0,1025.0,635.0,6.0,3.0,7.0,6.0,,,2.0,0.0,Completed,1.22,4.33,1.21,3.95,1.25,4.0,1.22,4.93,1.25,4.93,1.22,4.25
WTA,2017,34,London,Wimbledon,2017-07-03,Grand Slam,Outdoor,Grass,1st Round,3,Strycova B.,Cepede Royg V.,23.0,85.0,1785.0,717.0,6.0,3.0,6.0,3.0,,,2.0,0.0,Completed,1.2,4.5,1.18,4.3,1.22,4.33,1.19,5.34,1.23,5.65,1.19,4.71
WTA,2017,34,London,Wimbledon,2017-07-03,Grand Slam,Outdoor,Grass,1st Round,3,Cibulkova D.,Petkovic A.,9.0,90.0,4010.0,695.0,6.0,3.0,3.0,6.0,9.0,7.0,2.0,1.0,Completed,1.5,2.62,1.47,2.5,1.57,2.37,1.53,2.68,1.57,2.75,1.5,2.58
WTA,2017,34,London,Wimbledon,2017-07-03,Grand Slam,Outdoor,Grass,1st Round,3,Pliskova Kr.,Vinci R.,44.0,33.0,1233.0,1495.0,7.0,6.0,6.0,2.0,,,2.0,0.0,Completed,1.61,2.3,1.57,2.25,1.61,2.25,1.61,2.49,1.67,2.5,1.6,2.34
WTA,2017,34,London,Wimbledon,2017-07-03,Grand Slam,Outdoor,Grass,1st Round,3,Kvitova P.,Larsson J.,12.0,53.0,3135.0,1080.0,6.0,3.0,6.0,4.0,,,2.0,0.0,Completed,1.05,11.0,1.04,8.5,1.06,9.0,1.04,15.91,1.06,20.5,1.04,11.39
WTA,2017,34,London,Wimbledon,2017-07-03,Grand Slam,Outdoor,Grass,1st Round,3,Sakkari M.,Siniakova K.,101.0,39.0,629.0,1343.0,6.0,3.0,6.0,4.0,,,2.0,0.0,Completed,2.62,1.5,2.55,1.45,2.62,1.5,2.88,1.48,2.9,1.51,2.69,1.47
WTA,2017,34,London,Wimbledon,2017-07-03,Grand Slam,Outdoor,Grass,1st Round,3,Abanda F.,Nara K.,142.0,94.0,394.0,685.0,6.0,2.0,6.0,4.0,,,2.0,0.0,Completed,1.8,2.0,1.75,1.95,1.8,2.0,1.81,2.11,1.83,2.11,1.79,2.02
WTA,2017,34,London,Wimbledon,2017-07-03,Grand Slam,Outdoor,Grass,1st Round,3,Brengle M.,Hogenkamp R.,95.0,104.0,678.0,615.0,6.0,3.0,6.0,3.0,,,2.0,0.0,Completed,1.8,2.0,1.72,2.0,1.8,2.0,1.77,2.18,1.85,2.18,1.76,2.06
WTA,2017,34,London,Wimbledon,2017-07-03,Grand Slam,Outdoor,Grass,1st Round,3,Brady J.,Kovinic D.,93.0,125.0,685.0,444.0,6.0,3.0,6.0,1.0,,,2.0,0.0,Completed,1.5,2.62,1.47,2.5,1.5,2.62,1.58,2.56,1.58,2.62,1.53,2.51
WTA,2017,34,London,Wimbledon,2017-07-03,Grand Slam,Outdoor,Grass,1st Round,3,Garcia C.,Cepelova J.,22.0,91.0,1785.0,694.0,6.0,1.0,6.0,1.0,,,2.0,0.0,Completed,1.5,2.62,1.45,2.55,1.44,2.75,1.55,2.63,1.56,2.95,1.48,2.63
WTA,2017,34,London,Wimbledon,2017-07-03,Grand Slam,Outdoor,Grass,1st Round,3,Bogdan A.,Duan Y.Y.,115.0,62.0,500.0,1002.0,6.0,4.0,6.0,2.0,,,2.0,0.0,Completed,3.2,1.36,2.95,1.35,3.25,1.36,3.14,1.42,3.25,1.42,3.06,1.37
WTA,2017,34,London,Wimbledon,2017-07-03,Grand Slam,Outdoor,Grass,1st Round,3,Watson H.,Zanevska M.,102.0,119.0,626.0,480.0,6.0,1.0,7.0,6.0,,,2.0,0.0,Completed,1.2,4.5,1.19,4.2,1.22,4.33,1.2,5.23,1.24,5.23,1.21,4.4
WTA,2017,34,London,Wimbledon,2017-07-03,Grand Slam,Outdoor,Grass,1st Round,3,Konta J.,Hsieh S.W.,7.0,113.0,4400.0,536.0,6.0,2.0,6.0,2.0,,,2.0,0.0,Completed,1.16,5.0,1.17,4.4,1.2,4.5,1.18,5.61,1.21,6.1,1.18,4.8
WTA,2017,34,London,Wimbledon,2017-07-03,Grand Slam,Outdoor,Grass,1st Round,3,Begu I.,Broady N.,64.0,109.0,977.0,564.0,6.0,4.0,6.0,2.0,,,2.0,0.0,Completed,1.66,2.2,1.65,2.1,1.67,2.2,1.79,2.14,1.8,2.2,1.74,2.11
WTA,2017,34,London,Wimbledon,2017-07-03,Grand Slam,Outdoor,Grass,1st Round,3,Sevastova A.,Putintseva Y.,19.0,43.0,2325.0,1250.0,6.0,1.0,7.0,6.0,,,2.0,0.0,Completed,1.4,3.0,1.35,2.95,1.36,3.25,1.38,3.32,1.4,3.45,1.37,3.12
WTA,2017,34,London,Wimbledon,2017-07-03,Grand Slam,Outdoor,Grass,1st Round,3,Peng S.,Vondrousova M.,37.0,79.0,1405.0,771.0,6.0,7.0,6.0,0.0,6.0,4.0,2.0,1.0,Completed,1.8,2.0,1.75,1.95,1.8,2.0,1.93,1.97,1.95,2.12,1.84,1.96
WTA,2017,34,London,Wimbledon,2017-07-03,Grand Slam,Outdoor,Grass,1st Round,3,Vekic D.,Vikhlyantseva N.,58.0,66.0,1050.0,944.0,6.0,7.0,6.0,4.0,6.0,1.0,2.0,1.0,Completed,1.9,1.9,1.9,1.8,1.91,1.91,2.11,1.81,2.11,2.05,1.97,1.84
WTA,2017,34,London,Wimbledon,2017-07-03,Grand Slam,Outdoor,Grass,1st Round,3,Vesnina E.,Blinkova A.,16.0,116.0,2831.0,493.0,6.0,4.0,5.0,7.0,6.0,2.0,2.0,1.0,Completed,1.44,2.75,1.42,2.65,1.5,2.62,1.48,2.86,1.5,2.9,1.44,2.75
WTA,2017,34,London,Wimbledon,2017-07-03,Grand Slam,Outdoor,Grass,1st Round,3,Azarenka V.,Bellis C.,683.0,40.0,30.0,1334.0,3.0,6.0,6.0,2.0,6.0,1.0,2.0,1.0,Completed,1.8,2.0,1.75,1.95,1.8,2.0,1.81,2.11,1.87,2.11,1.79,2.03
WTA,2017,34,London,Wimbledon,2017-07-03,Grand Slam,Outdoor,Grass,1st Round,3,Konjuh A.,Lisicki S.,29.0,127.0,1615.0,437.0,6.0,1.0,6.0,4.0,,,2.0,0.0,Completed,1.66,2.2,1.65,2.1,1.67,2.2,1.76,2.19,1.8,2.2,1.71,2.14
WTA,2017,34,London,Wimbledon,2017-07-03,Grand Slam,Outdoor,Grass,1st Round,3,Suarez Navarro C.,Bouchard E.,27.0,61.0,1645.0,1003.0,1.0,6.0,6.0,1.0,6.0,1.0,2.0,1.0,Completed,1.44,2.75,1.47,2.5,1.53,2.5,1.55,2.65,1.56,2.75,1.51,2.59
WTA,2017,34,London,Wimbledon,2017-07-03,Grand Slam,Outdoor,Grass,1st Round,3,Ostapenko J.,Sasnovich A.,13.0,89.0,3110.0,708.0,6.0,0.0,1.0,6.0,6.0,3.0,2.0,1.0,Completed,1.16,5.0,1.15,4.75,1.17,5.0,1.18,5.68,1.2,5.68,1.17,5.03
WTA,2017,34,London,Wimbledon,2017-07-04,Grand Slam,Outdoor,Grass,1st Round,3,Vandeweghe C.,Barthel M.,25.0,48.0,1658.0,1183.0,7.0,5.0,6.0,2.0,,,2.0,0.0,Completed,1.4,3.0,1.35,2.95,1.36,3.25,1.38,3.33,1.4,3.4,1.36,3.13
WTA,2017,34,London,Wimbledon,2017-07-04,Grand Slam,Outdoor,Grass,1st Round,3,Cirstea S.,Bertens K.,63.0,24.0,994.0,1685.0,7.0,6.0,7.0,5.0,,,2.0,0.0,Completed,1.72,2.1,1.72,2.0,1.8,2.0,1.72,2.25,1.83,2.25,1.73,2.1
WTA,2017,34,London,Wimbledon,2017-07-04,Grand Slam,Outdoor,Grass,1st Round,3,Mattek-Sands B.,Linette M.,103.0,78.0,615.0,775.0,1.0,6.0,6.0,2.0,6.0,3.0,2.0,1.0,Completed,1.61,2.3,1.57,2.25,1.57,2.37,1.55,2.64,1.65,2.64,1.56,2.42
WTA,2017,34,London,Wimbledon,2017-07-04,Grand Slam,Outdoor,Grass,1st Round,3,Maria T.,Potapova A.,74.0,300.0,819.0,155.0,6.0,3.0,2.0,2.0,,,1.0,0.0,Retired,1.72,2.1,1.65,2.1,1.83,2.0,1.71,2.27,1.83,2.27,1.73,2.1
WTA,2017,34,London,Wimbledon,2017-07-04,Grand Slam,Outdoor,Grass,1st Round,3,Rodionova Ar.,Pavlyuchenkova A.,166.0,17.0,331.0,2580.0,3.0,6.0,7.0,6.0,9.0,7.0,2.0,1.0,Completed,5.5,1.14,5.0,1.14,5.0,1.17,6.05,1.16,6.05,1.19,5.31,1.16
WTA,2017,34,London,Wimbledon,2017-07-04,Grand Slam,Outdoor,Grass,1st Round,3,Rybarikova M.,Niculescu M.,87.0,51.0,709.0,1120.0,6.0,4.0,6.0,1.0,,,2.0,0.0,Completed,1.28,3.75,1.27,3.45,1.28,3.75,1.3,3.96,1.3,3.96,1.28,3.68
WTA,2017,34,London,Wimbledon,2017-07-04,Grand Slam,Outdoor,Grass,1st Round,3,Kerber A.,Falconi I.,1.0,247.0,7035.0,207.0,6.0,4.0,6.0,4.0,,,2.0,0.0,Completed,1.11,6.5,1.1,5.9,1.12,6.0,1.11,8.04,1.14,8.04,1.11,6.68
WTA,2017,34,London,Wimbledon,2017-07-04,Grand Slam,Outdoor,Grass,1st Round,3,Martic P.,Gavrilova D.,135.0,21.0,410.0,1800.0,6.0,4.0,2.0,6.0,10.0,8.0,2.0,1.0,Completed,2.25,1.61,2.15,1.62,2.25,1.61,2.25,1.72,2.3,1.74,2.22,1.66
WTA,2017,34,London,Wimbledon,2017-07-04,Grand Slam,Outdoor,Grass,1st Round,3,Flipkens K.,Doi M.,88.0,57.0,708.0,1055.0,6.0,4.0,6.0,3.0,,,2.0,0.0,Completed,1.53,2.5,1.5,2.4,1.53,2.5,1.61,2.48,1.61,2.55,1.57,2.41
WTA,2017,34,London,Wimbledon,2017-07-04,Grand Slam,Outdoor,Grass,1st Round,3,Golubic V.,Zhang S.,73.0,31.0,838.0,1550.0,6.0,3.0,6.0,7.0,6.0,1.0,2.0,1.0,Completed,3.0,1.4,2.8,1.38,3.0,1.4,2.93,1.47,3.0,1.47,2.85,1.42
WTA,2017,34,London,Wimbledon,2017-07-04,Grand Slam,Outdoor,Grass,1st Round,3,Lepchenko V.,Davis L.,68.0,26.0,935.0,1646.0,6.0,4.0,7.0,5.0,,,2.0,0.0,Completed,2.75,1.44,2.55,1.45,2.75,1.44,2.6,1.56,3.25,1.56,2.62,1.49
WTA,2017,34,London,Wimbledon,2017-07-04,Grand Slam,Outdoor,Grass,1st Round,3,Muguruza G.,Alexandrova E.,15.0,75.0,3060.0,804.0,6.0,2.0,6.0,4.0,,,2.0,0.0,Completed,1.2,4.5,1.21,3.95,1.25,4.0,1.24,4.58,1.25,4.58,1.22,4.21
WTA,2017,34,London,Wimbledon,2017-07-04,Grand Slam,Outdoor,Grass,1st Round,3,Diyas Z.,Han X.,130.0,122.0,423.0,456.0,6.0,3.0,6.0,4.0,,,2.0,0.0,Completed,1.12,6.0,1.12,5.4,1.14,5.5,1.14,6.83,1.15,6.83,1.13,5.82
WTA,2017,34,London,Wimbledon,2017-07-04,Grand Slam,Outdoor,Grass,1st Round,3,Allertova D.,Ozaki R.,107.0,77.0,582.0,788.0,7.0,6.0,2.0,6.0,6.0,3.0,2.0,1.0,Completed,1.8,2.0,1.85,1.85,1.91,1.91,1.98,1.93,1.98,2.13,1.88,1.91
WTA,2017,34,London,Wimbledon,2017-07-04,Grand Slam,Outdoor,Grass,1st Round,3,Mchale C.,Boulter K.,60.0,238.0,1005.0,219.0,3.0,6.0,7.0,5.0,6.0,3.0,2.0,1.0,Completed,1.14,5.5,1.14,5.0,1.17,5.0,1.17,5.86,1.17,5.86,1.15,5.42
WTA,2017,34,London,Wimbledon,2017-07-04,Grand Slam,Outdoor,Grass,1st Round,3,Hercog P.,Beck A.,265.0,84.0,183.0,720.0,6.0,2.0,6.0,1.0,,,2.0,0.0,Completed,1.5,2.62,1.47,2.5,1.5,2.62,1.66,2.37,1.66,3.0,1.53,2.53
WTA,2017,34,London,Wimbledon,2017-07-04,Grand Slam,Outdoor,Grass,1st Round,3,Radwanska A.,Jankovic J.,10.0,67.0,3985.0,940.0,7.0,6.0,6.0,0.0,,,2.0,0.0,Completed,1.4,3.0,1.35,2.95,1.4,3.0,1.35,3.52,1.46,3.65,1.37,3.15
WTA,2017,34,London,Wimbledon,2017-07-04,Grand Slam,Outdoor,Grass,1st Round,3,Wickmayer Y.,Bondarenko K.,96.0,112.0,678.0,547.0,6.0,2.0,7.0,5.0,,,2.0,0.0,Completed,1.57,2.37,1.55,2.3,1.61,2.25,1.6,2.5,1.62,2.5,1.57,2.4
WTA,2017,34,London,Wimbledon,2017-07-04,Grand Slam,Outdoor,Grass,1st Round,3,Rogers S.,Boserup J.,70.0,81.0,858.0,746.0,6.0,3.0,4.0,6.0,6.0,3.0,2.0,1.0,Completed,1.57,2.37,1.53,2.35,1.61,2.25,1.56,2.62,1.67,2.62,1.58,2.37
WTA,2017,34,London,Wimbledon,2017-07-04,Grand Slam,Outdoor,Grass,1st Round,3,Pliskova Ka.,Rodina E.,3.0,80.0,6855.0,752.0,6.0,1.0,6.0,4.0,,,2.0,0.0,Completed,1.1,7.0,1.08,6.5,1.1,7.0,1.1,8.71,1.11,8.71,1.09,7.12
WTA,2017,34,London,Wimbledon,2017-07-04,Grand Slam,Outdoor,Grass,1st Round,3,Kasatkina D.,Zheng S.,30.0,71.0,1580.0,850.0,6.0,2.0,6.0,4.0,,,2.0,0.0,Completed,1.5,2.62,1.45,2.55,1.53,2.5,1.51,2.75,1.63,2.8,1.5,2.58
WTA,2017,34,London,Wimbledon,2017-07-04,Grand Slam,Outdoor,Grass,1st Round,3,Riske A.,Stephens S.,46.0,336.0,1215.0,132.0,6.0,2.0,7.0,5.0,,,2.0,0.0,Completed,1.28,3.75,1.27,3.45,1.33,3.4,1.3,3.93,1.33,4.15,1.28,3.73
WTA,2017,34,London,Wimbledon,2017-07-04,Grand Slam,Outdoor,Grass,1st Round,3,Tsurenko L.,Goerges J.,35.0,45.0,1423.0,1220.0,6.0,7.0,7.0,6.0,6.0,4.0,2.0,1.0,Completed,2.1,1.72,2.1,1.65,2.1,1.73,2.2,1.76,2.2,1.8,2.13,1.71
WTA,2017,34,London,Wimbledon,2017-07-04,Grand Slam,Outdoor,Grass,1st Round,3,Kontaveit A.,Arruabarrena L.,38.0,52.0,1390.0,1083.0,6.0,2.0,6.0,4.0,,,2.0,0.0,Completed,1.2,4.5,1.19,4.2,1.2,4.5,1.23,4.77,1.23,4.77,1.2,4.47
WTA,2017,34,London,Wimbledon,2017-07-04,Grand Slam,Outdoor,Grass,1st Round,3,Wozniacki C.,Babos T.,6.0,42.0,4550.0,1321.0,6.0,4.0,4.0,6.0,6.0,1.0,2.0,1.0,Completed,1.12,6.0,1.11,5.6,1.14,5.5,1.12,7.48,1.15,7.48,1.12,6.08
WTA,2017,34,London,Wimbledon,2017-07-04,Grand Slam,Outdoor,Grass,1st Round,3,Bacsinszky T.,Puig M.,20.0,69.0,1873.0,905.0,6.0,1.0,3.0,6.0,6.0,0.0,2.0,1.0,Completed,1.53,2.5,1.5,2.4,1.53,2.5,1.58,2.56,1.58,2.6,1.53,2.48
WTA,2017,34,London,Wimbledon,2017-07-04,Grand Slam,Outdoor,Grass,1st Round,3,Mladenovic K.,Parmentier P.,14.0,83.0,3095.0,722.0,6.0,1.0,6.0,3.0,,,2.0,0.0,Completed,1.06,10.0,1.05,7.75,1.07,8.0,1.08,10.2,1.08,11.75,1.06,9.18
WTA,2017,34,London,Wimbledon,2017-07-04,Grand Slam,Outdoor,Grass,1st Round,3,Pironkova T.,Errani S.,131.0,76.0,421.0,799.0,6.0,1.0,6.0,4.0,,,2.0,0.0,Completed,1.22,4.33,1.19,4.2,1.22,4.33,1.21,5.12,1.24,5.12,1.2,4.62
WTA,2017,34,London,Wimbledon,2017-07-04,Grand Slam,Outdoor,Grass,1st Round,3,Safarova L.,Dodin O.,34.0,49.0,1450.0,1173.0,6.0,2.0,6.0,2.0,,,2.0,0.0,Completed,1.36,3.2,1.35,2.95,1.36,3.25,1.44,3.03,1.44,3.35,1.38,3.02
WTA,2017,34,London,Wimbledon,2017-07-04,Grand Slam,Outdoor,Grass,1st Round,3,Kucova K.,Andreescu B.,105.0,188.0,604.0,301.0,6.0,4.0,6.0,3.0,,,2.0,0.0,Completed,3.4,1.33,3.1,1.32,3.25,1.36,3.38,1.37,3.4,1.37,3.25,1.34
WTA,2017,34,London,Wimbledon,2017-07-04,Grand Slam,Outdoor,Grass,1st Round,3,Kuznetsova S.,Jabeur O.,8.0,106.0,4310.0,593.0,6.0,3.0,6.0,2.0,,,2.0,0.0,Completed,1.33,3.4,1.33,3.05,1.4,3.0,1.36,3.44,1.4,3.5,1.34,3.25
WTA,2017,34,London,Wimbledon,2017-07-04,Grand Slam,Outdoor,Grass,1st Round,3,Makarova E.,Van Uytvanck A.,47.0,98.0,1195.0,663.0,6.0,3.0,6.0,1.0,,,2.0,0.0,Completed,2.0,1.8,1.95,1.75,2.0,1.8,2.03,1.88,2.03,1.91,1.97,1.83
WTA,2017,34,London,Wimbledon,2017-07-05,Grand Slam,Outdoor,Grass,2nd Round,3,Sakkari M.,Pliskova Kr.,101.0,44.0,629.0,1233.0,6.0,7.0,6.0,4.0,6.0,4.0,2.0,1.0,Completed,2.75,1.44,2.65,1.42,2.75,1.44,2.95,1.46,3.0,1.49,2.76,1.44
WTA,2017,34,London,Wimbledon,2017-07-05,Grand Slam,Outdoor,Grass,2nd Round,3,Watson H.,Sevastova A.,102.0,19.0,626.0,2325.0,6.0,0.0,6.0,4.0,,,2.0,0.0,Completed,2.37,1.57,2.35,1.53,2.25,1.61,2.5,1.6,2.51,1.67,2.36,1.58
WTA,2017,34,London,Wimbledon,2017-07-05,Grand Slam,Outdoor,Grass,2nd Round,3,Konjuh A.,Begu I.,29.0,64.0,1615.0,977.0,7.0,6.0,2.0,6.0,6.0,3.0,2.0,1.0,Completed,1.36,3.2,1.35,2.95,1.4,3.0,1.37,3.4,1.4,3.4,1.37,3.1
WTA,2017,34,London,Wimbledon,2017-07-05,Grand Slam,Outdoor,Grass,2nd Round,3,Cibulkova D.,Brady J.,9.0,93.0,4010.0,685.0,6.0,4.0,6.0,4.0,,,2.0,0.0,Completed,1.28,3.75,1.27,3.45,1.28,3.75,1.31,3.8,1.33,3.8,1.29,3.59
WTA,2017,34,London,Wimbledon,2017-07-05,Grand Slam,Outdoor,Grass,2nd Round,3,Azarenka V.,Vesnina E.,683.0,16.0,30.0,2831.0,6.0,3.0,6.0,3.0,,,2.0,0.0,Completed,1.44,2.75,1.45,2.55,1.5,2.62,1.5,2.8,1.5,2.8,1.48,2.65
WTA,2017,34,London,Wimbledon,2017-07-05,Grand Slam,Outdoor,Grass,2nd Round,3,Konta J.,Vekic D.,7.0,58.0,4400.0,1050.0,7.0,6.0,4.0,6.0,10.0,8.0,2.0,1.0,Completed,1.25,4.0,1.24,3.65,1.28,3.75,1.28,4.14,1.29,4.14,1.26,3.82
WTA,2017,34,London,Wimbledon,2017-07-05,Grand Slam,Outdoor,Grass,2nd Round,3,Osaka N.,Strycova B.,59.0,23.0,1025.0,1785.0,6.0,1.0,0.0,6.0,6.0,4.0,2.0,1.0,Completed,3.5,1.3,3.35,1.28,3.5,1.3,3.68,1.33,3.68,1.34,3.5,1.3
WTA,2017,34,London,Wimbledon,2017-07-05,Grand Slam,Outdoor,Grass,2nd Round,3,Williams V.,Wang Q.,11.0,55.0,3941.0,1060.0,4.0,6.0,6.0,4.0,6.0,1.0,2.0,1.0,Completed,1.25,4.0,1.23,3.75,1.28,3.75,1.26,4.3,1.28,4.57,1.24,4.01
WTA,2017,34,London,Wimbledon,2017-07-05,Grand Slam,Outdoor,Grass,2nd Round,3,Witthoeft C.,Sabalenka A.,65.0,136.0,972.0,410.0,7.0,6.0,3.0,6.0,6.0,3.0,2.0,1.0,Completed,1.53,2.5,1.5,2.4,1.53,2.5,1.58,2.55,1.58,2.6,1.53,2.48
WTA,2017,34,London,Wimbledon,2017-07-05,Grand Slam,Outdoor,Grass,2nd Round,3,Brengle M.,Kvitova P.,95.0,12.0,678.0,3135.0,6.0,3.0,1.0,6.0,6.0,2.0,2.0,1.0,Completed,7.0,1.1,6.25,1.09,6.5,1.11,7.88,1.11,8.0,1.11,7.06,1.1
WTA,2017,34,London,Wimbledon,2017-07-05,Grand Slam,Outdoor,Grass,2nd Round,3,Svitolina E.,Schiavone F.,5.0,72.0,4765.0,843.0,6.0,3.0,6.0,0.0,,,2.0,0.0,Completed,1.22,4.33,1.2,4.1,1.22,4.33,1.25,4.4,1.25,4.6,1.22,4.27
WTA,2017,34,London,Wimbledon,2017-07-05,Grand Slam,Outdoor,Grass,2nd Round,3,Garcia C.,Bogdan A.,22.0,115.0,1785.0,500.0,6.0,4.0,6.0,3.0,,,2.0,0.0,Completed,1.12,6.0,1.12,5.4,1.12,6.0,1.16,6.12,1.16,6.25,1.13,5.8
WTA,2017,34,London,Wimbledon,2017-07-05,Grand Slam,Outdoor,Grass,2nd Round,3,Halep S.,Haddad Maia B.,2.0,97.0,6920.0,675.0,7.0,5.0,6.0,3.0,,,2.0,0.0,Completed,1.12,6.0,1.12,5.4,1.14,5.5,1.14,6.9,1.14,6.9,1.13,6.09
WTA,2017,34,London,Wimbledon,2017-07-05,Grand Slam,Outdoor,Grass,2nd Round,3,Giorgi C.,Keys M.,86.0,18.0,711.0,2523.0,6.0,4.0,6.0,7.0,6.0,1.0,2.0,1.0,Completed,2.5,1.53,2.4,1.5,2.5,1.53,2.63,1.55,2.7,1.58,2.49,1.54
WTA,2017,34,London,Wimbledon,2017-07-05,Grand Slam,Outdoor,Grass,2nd Round,3,Ostapenko J.,Abanda F.,13.0,142.0,3110.0,394.0,4.0,6.0,7.0,6.0,6.0,3.0,2.0,1.0,Completed,1.11,6.5,1.11,5.6,1.11,6.5,1.17,5.98,1.17,6.95,1.13,6.07
WTA,2017,34,London,Wimbledon,2017-07-05,Grand Slam,Outdoor,Grass,2nd Round,3,Peng S.,Suarez Navarro C.,37.0,27.0,1405.0,1645.0,6.0,2.0,6.0,2.0,,,2.0,0.0,Completed,1.72,2.1,1.72,2.0,1.73,2.1,1.79,2.15,1.83,2.15,1.76,2.05
WTA,2017,34,London,Wimbledon,2017-07-06,Grand Slam,Outdoor,Grass,2nd Round,3,Kuznetsova S.,Makarova E.,8.0,47.0,4310.0,1195.0,6.0,0.0,7.0,5.0,,,2.0,0.0,Completed,1.44,2.75,1.45,2.55,1.44,2.75,1.53,2.71,1.53,3.0,1.44,2.75
WTA,2017,34,London,Wimbledon,2017-07-06,Grand Slam,Outdoor,Grass,2nd Round,3,Vandeweghe C.,Maria T.,25.0,74.0,1658.0,819.0,6.0,4.0,6.0,2.0,,,2.0,0.0,Completed,1.25,4.0,1.21,3.95,1.25,4.0,1.23,4.8,1.27,4.8,1.22,4.25
WTA,2017,34,London,Wimbledon,2017-07-06,Grand Slam,Outdoor,Grass,2nd Round,3,Hercog P.,Lepchenko V.,265.0,68.0,183.0,935.0,6.0,7.0,6.0,2.0,6.0,2.0,2.0,1.0,Completed,2.25,1.61,2.25,1.57,2.25,1.61,2.47,1.61,2.5,1.64,2.38,1.58
WTA,2017,34,London,Wimbledon,2017-07-06,Grand Slam,Outdoor,Grass,2nd Round,3,Tsurenko L.,Golubic V.,35.0,73.0,1423.0,838.0,6.0,1.0,2.0,6.0,6.0,3.0,2.0,1.0,Completed,1.44,2.75,1.4,2.75,1.44,2.75,1.45,3.0,1.5,3.0,1.44,2.77
WTA,2017,34,London,Wimbledon,2017-07-06,Grand Slam,Outdoor,Grass,2nd Round,3,Radwanska A.,Mchale C.,10.0,60.0,3985.0,1005.0,5.0,7.0,7.0,6.0,6.0,3.0,2.0,1.0,Completed,1.28,3.75,1.25,3.6,1.33,3.4,1.29,3.97,1.33,4.0,1.28,3.71
WTA,2017,34,London,Wimbledon,2017-07-06,Grand Slam,Outdoor,Grass,2nd Round,3,Riske A.,Mladenovic K.,46.0,14.0,1215.0,3095.0,2.0,6.0,6.0,4.0,6.0,4.0,2.0,1.0,Completed,3.0,1.4,2.85,1.37,3.0,1.4,3.04,1.44,3.2,1.44,2.95,1.39
WTA,2017,34,London,Wimbledon,2017-07-06,Grand Slam,Outdoor,Grass,2nd Round,3,Cirstea S.,Mattek-Sands B.,63.0,103.0,994.0,615.0,4.0,6.0,7.0,6.0,,,1.0,1.0,Retired,1.72,2.1,1.65,2.1,1.67,2.2,1.71,2.27,1.77,2.28,1.72,2.12
WTA,2017,34,London,Wimbledon,2017-07-06,Grand Slam,Outdoor,Grass,2nd Round,3,Diyas Z.,Rodionova Ar.,130.0,166.0,423.0,331.0,6.0,4.0,7.0,6.0,,,2.0,0.0,Completed,1.22,4.33,1.21,3.95,1.22,4.33,1.23,4.69,1.24,4.69,1.23,4.3
WTA,2017,34,London,Wimbledon,2017-07-06,Grand Slam,Outdoor,Grass,2nd Round,3,Rybarikova M.,Pliskova Ka.,87.0,3.0,709.0,6855.0,3.0,6.0,7.0,5.0,6.0,2.0,2.0,1.0,Completed,3.5,1.3,3.45,1.27,3.5,1.3,3.84,1.31,3.94,1.31,3.63,1.28
WTA,2017,34,London,Wimbledon,2017-07-06,Grand Slam,Outdoor,Grass,2nd Round,3,Muguruza G.,Wickmayer Y.,15.0,96.0,3060.0,678.0,6.0,2.0,6.0,4.0,,,2.0,0.0,Completed,1.2,4.5,1.2,4.1,1.22,4.33,1.22,4.93,1.25,4.93,1.22,4.34
WTA,2017,34,London,Wimbledon,2017-07-06,Grand Slam,Outdoor,Grass,2nd Round,3,Martic P.,Allertova D.,135.0,107.0,410.0,582.0,6.0,1.0,6.0,4.0,,,2.0,0.0,Completed,1.3,3.5,1.28,3.35,1.33,3.4,1.32,3.71,1.36,3.75,1.32,3.42
WTA,2017,34,London,Wimbledon,2017-07-06,Grand Slam,Outdoor,Grass,2nd Round,3,Kontaveit A.,Kasatkina D.,38.0,30.0,1390.0,1580.0,6.0,3.0,6.0,2.0,,,2.0,0.0,Completed,1.36,3.25,1.35,2.95,1.4,3.0,1.39,3.27,1.42,3.35,1.37,3.09
WTA,2017,34,London,Wimbledon,2017-07-06,Grand Slam,Outdoor,Grass,2nd Round,3,Kerber A.,Flipkens K.,1.0,88.0,7035.0,708.0,7.0,5.0,7.0,5.0,,,2.0,0.0,Completed,1.28,3.75,1.24,3.65,1.3,3.75,1.27,4.27,1.32,4.27,1.27,3.81
WTA,2017,34,London,Wimbledon,2017-07-06,Grand Slam,Outdoor,Grass,2nd Round,3,Rogers S.,Safarova L.,70.0,34.0,858.0,1450.0,6.0,7.0,6.0,4.0,6.0,3.0,2.0,1.0,Completed,3.75,1.28,3.45,1.27,3.5,1.3,3.64,1.33,4.0,1.35,3.61,1.29
WTA,2017,34,London,Wimbledon,2017-07-06,Grand Slam,Outdoor,Grass,2nd Round,3,Bacsinszky T.,Kucova K.,20.0,105.0,1873.0,604.0,6.0,1.0,6.0,0.0,,,2.0,0.0,Completed,1.12,6.0,1.12,5.4,1.14,5.5,1.14,6.84,1.15,6.84,1.13,6.0
WTA,2017,34,London,Wimbledon,2017-07-06,Grand Slam,Outdoor,Grass,2nd Round,3,Wozniacki C.,Pironkova T.,6.0,131.0,4550.0,421.0,6.0,3.0,6.0,4.0,,,2.0,0.0,Completed,1.4,3.0,1.33,3.05,1.4,3.0,1.33,3.64,1.42,3.64,1.36,3.14
WTA,2017,34,London,Wimbledon,2017-07-07,Grand Slam,Outdoor,Grass,3rd Round,3,Garcia C.,Brengle M.,22.0,95.0,1785.0,678.0,6.0,4.0,6.0,3.0,,,2.0,0.0,Completed,1.36,3.25,1.32,3.1,1.33,3.4,1.39,3.32,1.39,3.48,1.34,3.24
WTA,2017,34,London,Wimbledon,2017-07-07,Grand Slam,Outdoor,Grass,3rd Round,3,Azarenka V.,Watson H.,683.0,102.0,30.0,626.0,3.0,6.0,6.0,1.0,6.0,4.0,2.0,1.0,Completed,1.44,2.75,1.4,2.75,1.4,3.0,1.5,2.85,1.5,3.1,1.44,2.8
WTA,2017,34,London,Wimbledon,2017-07-07,Grand Slam,Outdoor,Grass,3rd Round,3,Konjuh A.,Cibulkova D.,29.0,9.0,1615.0,4010.0,7.0,6.0,3.0,6.0,6.0,4.0,2.0,1.0,Completed,2.1,1.72,2.1,1.65,2.1,1.73,2.29,1.71,2.29,1.85,2.14,1.71
WTA,2017,34,London,Wimbledon,2017-07-07,Grand Slam,Outdoor,Grass,3rd Round,3,Halep S.,Peng S.,2.0,37.0,6920.0,1405.0,6.0,4.0,7.0,6.0,,,2.0,0.0,Completed,1.33,3.4,1.32,3.1,1.36,3.25,1.37,3.46,1.37,3.6,1.34,3.24
WTA,2017,34,London,Wimbledon,2017-07-07,Grand Slam,Outdoor,Grass,3rd Round,3,Svitolina E.,Witthoeft C.,5.0,65.0,4765.0,972.0,6.0,1.0,7.0,5.0,,,2.0,0.0,Completed,1.28,3.75,1.25,3.6,1.3,3.5,1.28,4.18,1.3,4.18,1.26,3.85
WTA,2017,34,London,Wimbledon,2017-07-07,Grand Slam,Outdoor,Grass,3rd Round,3,Konta J.,Sakkari M.,7.0,101.0,4400.0,629.0,6.0,4.0,6.0,1.0,,,2.0,0.0,Completed,1.12,6.0,1.12,5.4,1.14,5.5,1.14,7.17,1.15,7.17,1.13,6.04
WTA,2017,34,London,Wimbledon,2017-07-07,Grand Slam,Outdoor,Grass,3rd Round,3,Ostapenko J.,Giorgi C.,13.0,86.0,3110.0,711.0,7.0,5.0,7.0,5.0,,,2.0,0.0,Completed,1.57,2.37,1.57,2.25,1.61,2.25,1.62,2.49,1.69,2.49,1.61,2.33
WTA,2017,34,London,Wimbledon,2017-07-07,Grand Slam,Outdoor,Grass,3rd Round,3,Williams V.,Osaka N.,11.0,59.0,3941.0,1025.0,7.0,6.0,6.0,4.0,,,2.0,0.0,Completed,1.3,3.5,1.3,3.2,1.33,3.4,1.33,3.71,1.36,3.71,1.32,3.38
WTA,2017,34,London,Wimbledon,2017-07-08,Grand Slam,Outdoor,Grass,3rd Round,3,Muguruza G.,Cirstea S.,15.0,63.0,3060.0,994.0,6.0,2.0,6.0,2.0,,,2.0,0.0,Completed,1.25,4.0,1.23,3.75,1.25,4.0,1.26,4.37,1.29,4.37,1.24,3.99
WTA,2017,34,London,Wimbledon,2017-07-08,Grand Slam,Outdoor,Grass,3rd Round,3,Kuznetsova S.,Hercog P.,8.0,265.0,4310.0,183.0,6.0,4.0,6.0,0.0,,,2.0,0.0,Completed,1.12,6.0,1.12,5.4,1.14,5.5,1.15,6.77,1.17,7.0,1.12,6.14
WTA,2017,34,London,Wimbledon,2017-07-08,Grand Slam,Outdoor,Grass,3rd Round,3,Rybarikova M.,Tsurenko L.,87.0,35.0,709.0,1423.0,6.0,2.0,6.0,1.0,,,2.0,0.0,Completed,1.4,3.0,1.35,2.95,1.36,3.25,1.43,3.13,1.44,3.25,1.4,2.96
WTA,2017,34,London,Wimbledon,2017-07-08,Grand Slam,Outdoor,Grass,3rd Round,3,Martic P.,Diyas Z.,135.0,130.0,410.0,423.0,7.0,6.0,6.0,1.0,,,2.0,0.0,Completed,1.57,2.37,1.55,2.3,1.67,2.2,1.6,2.53,1.7,2.55,1.59,2.35
WTA,2017,34,London,Wimbledon,2017-07-08,Grand Slam,Outdoor,Grass,3rd Round,3,Radwanska A.,Bacsinszky T.,10.0,20.0,3985.0,1873.0,3.0,6.0,6.0,4.0,6.0,1.0,2.0,1.0,Completed,2.37,1.57,2.3,1.55,2.25,1.61,2.56,1.59,2.56,1.63,2.39,1.57
WTA,2017,34,London,Wimbledon,2017-07-08,Grand Slam,Outdoor,Grass,3rd Round,3,Vandeweghe C.,Riske A.,25.0,46.0,1658.0,1215.0,6.0,2.0,6.0,4.0,,,2.0,0.0,Completed,1.44,2.75,1.42,2.65,1.44,2.75,1.47,2.96,1.47,2.96,1.44,2.79
WTA,2017,34,London,Wimbledon,2017-07-08,Grand Slam,Outdoor,Grass,3rd Round,3,Kerber A.,Rogers S.,1.0,70.0,7035.0,858.0,4.0,6.0,7.0,6.0,6.0,4.0,2.0,1.0,Completed,1.2,4.5,1.19,4.2,1.22,4.33,1.24,4.68,1.25,4.68,1.21,4.41
WTA,2017,34,London,Wimbledon,2017-07-08,Grand Slam,Outdoor,Grass,3rd Round,3,Wozniacki C.,Kontaveit A.,6.0,38.0,4550.0,1390.0,3.0,6.0,7.0,6.0,6.0,2.0,2.0,1.0,Completed,1.72,2.1,1.72,2.0,1.8,2.0,1.71,2.29,1.8,2.29,1.74,2.1
WTA,2017,34,London,Wimbledon,2017-07-10,Grand Slam,Outdoor,Grass,4th Round,3,Ostapenko J.,Svitolina E.,13.0,5.0,3110.0,4765.0,6.0,3.0,7.0,6.0,,,2.0,0.0,Completed,2.1,1.72,2.1,1.65,2.1,1.73,2.23,1.75,2.23,1.8,2.13,1.72
WTA,2017,34,London,Wimbledon,2017-07-10,Grand Slam,Outdoor,Grass,4th Round,3,Kuznetsova S.,Radwanska A.,8.0,10.0,4310.0,3985.0,6.0,2.0,6.0,4.0,,,2.0,0.0,Completed,1.44,2.75,1.42,2.65,1.5,2.62,1.48,2.92,1.53,2.92,1.46,2.72
WTA,2017,34,London,Wimbledon,2017-07-10,Grand Slam,Outdoor,Grass,4th Round,3,Rybarikova M.,Martic P.,87.0,135.0,709.0,410.0,6.0,4.0,2.0,6.0,6.0,3.0,2.0,1.0,Completed,1.3,3.5,1.27,3.45,1.28,3.75,1.32,3.79,1.35,3.83,1.31,3.5
WTA,2017,34,London,Wimbledon,2017-07-10,Grand Slam,Outdoor,Grass,4th Round,3,Muguruza G.,Kerber A.,15.0,1.0,3060.0,7035.0,4.0,6.0,6.0,4.0,6.0,4.0,2.0,1.0,Completed,1.57,2.37,1.55,2.3,1.57,2.37,1.62,2.48,1.65,2.55,1.59,2.37
WTA,2017,34,London,Wimbledon,2017-07-10,Grand Slam,Outdoor,Grass,4th Round,3,Williams V.,Konjuh A.,11.0,29.0,3941.0,1615.0,6.0,3.0,6.0,2.0,,,2.0,0.0,Completed,1.53,2.5,1.5,2.4,1.57,2.37,1.56,2.65,1.57,2.68,1.53,2.53
WTA,2017,34,London,Wimbledon,2017-07-10,Grand Slam,Outdoor,Grass,4th Round,3,Konta J.,Garcia C.,7.0,22.0,4400.0,1785.0,7.0,6.0,4.0,6.0,6.0,4.0,2.0,1.0,Completed,1.36,3.2,1.33,3.05,1.36,3.25,1.44,3.06,1.44,3.31,1.37,3.08
WTA,2017,34,London,Wimbledon,2017-07-10,Grand Slam,Outdoor,Grass,4th Round,3,Vandeweghe C.,Wozniacki C.,25.0,6.0,1658.0,4550.0,7.0,6.0,6.0,4.0,,,2.0,0.0,Completed,1.72,2.1,1.65,2.1,1.67,2.2,1.85,2.08,1.85,2.28,1.7,2.16
WTA,2017,34,London,Wimbledon,2017-07-10,Grand Slam,Outdoor,Grass,4th Round,3,Halep S.,Azarenka V.,2.0,683.0,6920.0,30.0,7.0,6.0,6.0,2.0,,,2.0,0.0,Completed,1.61,2.3,1.57,2.25,1.61,2.25,1.66,2.39,1.67,2.4,1.62,2.31
WTA,2017,34,London,Wimbledon,2017-07-11,Grand Slam,Outdoor,Grass,Quarterfinals,3,Muguruza G.,Kuznetsova S.,15.0,8.0,3060.0,4310.0,6.0,3.0,6.0,4.0,,,2.0,0.0,Completed,1.57,2.37,1.55,2.3,1.57,2.38,1.64,2.45,1.69,2.45,1.59,2.36
WTA,2017,34,London,Wimbledon,2017-07-11,Grand Slam,Outdoor,Grass,Quarterfinals,3,Williams V.,Ostapenko J.,11.0,13.0,3941.0,3110.0,6.0,3.0,7.0,5.0,,,2.0,0.0,Completed,1.66,2.2,1.65,2.1,1.73,2.1,1.73,2.26,1.75,2.26,1.7,2.17
WTA,2017,34,London,Wimbledon,2017-07-11,Grand Slam,Outdoor,Grass,Quarterfinals,3,Konta J.,Halep S.,7.0,2.0,4400.0,6920.0,6.0,7.0,7.0,6.0,6.0,4.0,2.0,1.0,Completed,2.1,1.72,2.0,1.72,2.0,1.8,2.17,1.79,2.17,1.87,2.05,1.79
WTA,2017,34,London,Wimbledon,2017-07-11,Grand Slam,Outdoor,Grass,Quarterfinals,3,Rybarikova M.,Vandeweghe C.,87.0,25.0,709.0,1658.0,6.0,3.0,6.0,3.0,,,2.0,0.0,Completed,2.75,1.44,2.65,1.42,2.63,1.5,2.93,1.47,2.93,1.5,2.75,1.45
WTA,2017,34,London,Wimbledon,2017-07-13,Grand Slam,Outdoor,Grass,Semifinals,3,Muguruza G.,Rybarikova M.,15.0,87.0,3060.0,709.0,6.0,1.0,6.0,1.0,,,2.0,0.0,Completed,1.4,3.0,1.37,2.85,1.36,3.25,1.43,3.17,1.43,3.25,1.39,3.05
WTA,2017,34,London,Wimbledon,2017-07-13,Grand Slam,Outdoor,Grass,Semifinals,3,Williams V.,Konta J.,11.0,7.0,3941.0,4400.0,6.0,4.0,6.0,2.0,,,2.0,0.0,Completed,2.1,1.72,2.0,1.72,2.0,1.8,2.22,1.77,2.22,1.81,2.1,1.76
WTA,2017,34,London,Wimbledon,2017-07-15,Grand Slam,Outdoor,Grass,The Final,3,Muguruza G.,Williams V.,15.0,11.0,3060.0,3941.0,7.0,5.0,6.0,0.0,,,2.0,0.0,Completed,1.83,2.0,1.75,1.95,1.8,2.0,1.85,2.1,1.91,2.13,1.82,2.01
WTA,2017,44,New York,US Open,2017-08-28,Grand Slam,Outdoor,Hard,1st Round,3,Pliskova Kr.,Eguchi M.,41.0,316.0,1343.0,146.0,6.0,2.0,6.0,2.0,,,2.0,0.0,Completed,1.16,5.0,1.17,4.4,1.2,4.5,1.2,5.29,1.22,5.35,1.18,4.78
WTA,2017,44,New York,US Open,2017-08-28,Grand Slam,Outdoor,Hard,1st Round,3,Kenin S.,Davis L.,139.0,34.0,413.0,1476.0,7.0,5.0,7.0,5.0,,,2.0,0.0,Completed,2.5,1.53,2.4,1.5,2.37,1.57,2.55,1.58,2.55,1.59,2.45,1.55
WTA,2017,44,New York,US Open,2017-08-28,Grand Slam,Outdoor,Hard,1st Round,3,Rodionova Ar.,Hogenkamp R.,134.0,101.0,438.0,624.0,7.0,5.0,7.0,5.0,,,2.0,0.0,Completed,2.3,1.61,2.3,1.55,2.25,1.61,2.66,1.54,2.66,1.67,2.38,1.58
WTA,2017,44,New York,US Open,2017-08-28,Grand Slam,Outdoor,Hard,1st Round,3,Kvitova P.,Jankovic J.,14.0,68.0,3120.0,880.0,7.0,5.0,7.0,5.0,,,2.0,0.0,Completed,1.2,4.5,1.19,4.2,1.22,4.33,1.22,4.97,1.24,5.0,1.2,4.51
WTA,2017,44,New York,US Open,2017-08-28,Grand Slam,Outdoor,Hard,1st Round,3,Garcia C.,Martincova T.,19.0,121.0,2135.0,503.0,6.0,0.0,6.0,1.0,,,2.0,0.0,Completed,1.22,4.33,1.19,4.2,1.2,4.5,1.22,4.86,1.24,4.86,1.21,4.41
WTA,2017,44,New York,US Open,2017-08-28,Grand Slam,Outdoor,Hard,1st Round,3,Rybarikova M.,Giorgi C.,32.0,69.0,1577.0,836.0,6.0,3.0,6.0,4.0,,,2.0,0.0,Completed,2.0,1.8,1.95,1.75,2.0,1.8,2.11,1.81,2.12,1.87,2.02,1.79
WTA,2017,44,New York,US Open,2017-08-28,Grand Slam,Outdoor,Hard,1st Round,3,Vickery S.,Vikhlyantseva N.,154.0,58.0,347.0,1012.0,4.0,6.0,6.0,4.0,6.0,1.0,2.0,1.0,Completed,2.5,1.53,2.35,1.53,2.37,1.57,2.56,1.58,2.56,1.59,2.46,1.54
WTA,2017,44,New York,US Open,2017-08-28,Grand Slam,Outdoor,Hard,1st Round,3,Cornet A.,Watson H.,46.0,74.0,1182.0,791.0,6.0,4.0,6.0,4.0,,,2.0,0.0,Completed,1.61,2.3,1.57,2.25,1.57,2.37,1.62,2.45,1.62,2.6,1.57,2.4
WTA,2017,44,New York,US Open,2017-08-28,Grand Slam,Outdoor,Hard,1st Round,3,Alexandrova E.,Zaja A.,79.0,236.0,763.0,227.0,6.0,2.0,6.0,3.0,,,2.0,0.0,Completed,1.44,2.75,1.42,2.65,1.44,2.75,1.52,2.73,1.52,2.8,1.47,2.68
WTA,2017,44,New York,US Open,2017-08-28,Grand Slam,Outdoor,Hard,1st Round,3,Muguruza G.,Lepchenko V.,3.0,64.0,5860.0,930.0,6.0,0.0,6.0,3.0,,,2.0,0.0,Completed,1.08,8.0,1.06,7.25,1.06,9.0,1.09,9.58,1.09,9.75,1.07,8.31
WTA,2017,44,New York,US Open,2017-08-28,Grand Slam,Outdoor,Hard,1st Round,3,Sakkari M.,Bertens K.,95.0,27.0,649.0,1670.0,6.0,3.0,6.0,4.0,,,2.0,0.0,Completed,4.33,1.22,3.75,1.23,4.0,1.25,4.14,1.28,4.33,1.28,4.05,1.24
WTA,2017,44,New York,US Open,2017-08-28,Grand Slam,Outdoor,Hard,1st Round,3,Duan Y.Y.,Liu C.,92.0,295.0,656.0,164.0,7.0,6.0,7.0,6.0,,,2.0,0.0,Completed,2.37,1.57,2.3,1.55,2.37,1.57,2.52,1.59,2.55,1.59,2.43,1.56
WTA,2017,44,New York,US Open,2017-08-28,Grand Slam,Outdoor,Hard,1st Round,3,Kozlova K.,Begu I.,118.0,55.0,510.0,1078.0,6.0,2.0,7.0,6.0,,,2.0,0.0,Completed,2.5,1.53,2.3,1.55,2.37,1.57,2.38,1.65,2.55,1.65,2.4,1.57
WTA,2017,44,New York,US Open,2017-08-28,Grand Slam,Outdoor,Hard,1st Round,3,Krunic A.,Konta J.,78.0,7.0,766.0,4750.0,4.0,6.0,6.0,3.0,6.0,4.0,2.0,1.0,Completed,6.0,1.12,5.9,1.1,6.0,1.12,8.49,1.1,8.5,1.13,6.74,1.11
WTA,2017,44,New York,US Open,2017-08-28,Grand Slam,Outdoor,Hard,1st Round,3,Goerges J.,Beck A.,33.0,140.0,1570.0,405.0,6.0,1.0,6.0,0.0,,,2.0,0.0,Completed,1.08,8.0,1.06,7.25,1.07,8.0,1.1,8.67,1.1,9.1,1.08,8.05
WTA,2017,44,New York,US Open,2017-08-28,Grand Slam,Outdoor,Hard,1st Round,3,Zheng S.,Van Uytvanck A.,84.0,97.0,710.0,648.0,6.0,4.0,3.0,6.0,6.0,1.0,2.0,1.0,Completed,2.75,1.44,2.75,1.4,2.75,1.44,3.08,1.43,3.15,1.45,2.9,1.41
WTA,2017,44,New York,US Open,2017-08-28,Grand Slam,Outdoor,Hard,1st Round,3,Tomljanovic A.,Larsson J.,232.0,66.0,233.0,898.0,7.0,5.0,6.0,4.0,,,2.0,0.0,Completed,2.1,1.72,2.0,1.72,2.0,1.8,2.21,1.75,2.25,1.8,2.11,1.73
WTA,2017,44,New York,US Open,2017-08-28,Grand Slam,Outdoor,Hard,1st Round,3,Vekic D.,Haddad Maia B.,52.0,71.0,1110.0,823.0,6.0,2.0,6.0,1.0,,,2.0,0.0,Completed,1.57,2.37,1.57,2.25,1.57,2.37,1.74,2.22,1.74,2.38,1.64,2.26
WTA,2017,44,New York,US Open,2017-08-28,Grand Slam,Outdoor,Hard,1st Round,3,Stephens S.,Vinci R.,83.0,47.0,711.0,1181.0,7.0,5.0,6.0,1.0,,,2.0,0.0,Completed,1.22,4.33,1.2,4.1,1.22,4.33,1.25,4.5,1.25,4.6,1.22,4.23
WTA,2017,44,New York,US Open,2017-08-28,Grand Slam,Outdoor,Hard,1st Round,3,Williams V.,Kuzmova V.,9.0,135.0,4216.0,430.0,6.0,3.0,3.0,6.0,6.0,2.0,2.0,1.0,Completed,1.07,9.0,1.06,7.25,1.08,7.5,1.07,10.71,1.09,11.0,1.07,8.82
WTA,2017,44,New York,US Open,2017-08-28,Grand Slam,Outdoor,Hard,1st Round,3,Sevastova A.,Witthoeft C.,17.0,65.0,2295.0,927.0,7.0,5.0,6.0,1.0,,,2.0,0.0,Completed,1.4,3.0,1.4,2.75,1.44,2.75,1.47,2.93,1.47,3.05,1.42,2.86
WTA,2017,44,New York,US Open,2017-08-28,Grand Slam,Outdoor,Hard,1st Round,3,Sasnovich A.,Boserup J.,88.0,115.0,687.0,523.0,6.0,2.0,6.0,2.0,,,2.0,0.0,Completed,1.16,5.0,1.16,4.6,1.17,5.0,1.18,5.61,1.19,5.7,1.16,5.15
WTA,2017,44,New York,US Open,2017-08-28,Grand Slam,Outdoor,Hard,1st Round,3,Barty A.,Konjuh A.,43.0,23.0,1320.0,1805.0,4.0,6.0,6.0,0.0,6.0,1.0,2.0,1.0,Completed,1.53,2.5,1.5,2.4,1.5,2.62,1.59,2.52,1.6,2.62,1.54,2.49
WTA,2017,44,New York,US Open,2017-08-28,Grand Slam,Outdoor,Hard,1st Round,3,Lucic-Baroni M.,Puig M.,31.0,70.0,1615.0,825.0,6.0,4.0,6.0,7.0,7.0,6.0,2.0,1.0,Completed,2.1,1.72,2.0,1.72,2.1,1.73,2.0,1.91,2.14,1.91,2.03,1.79
WTA,2017,44,New York,US Open,2017-08-28,Grand Slam,Outdoor,Hard,1st Round,3,Makarova E.,Barthel M.,40.0,51.0,1355.0,1123.0,6.0,2.0,6.0,1.0,,,2.0,0.0,Completed,1.16,5.0,1.18,4.3,1.2,4.5,1.2,5.23,1.21,5.23,1.18,4.8
WTA,2017,44,New York,US Open,2017-08-28,Grand Slam,Outdoor,Hard,1st Round,3,Babos T.,Golubic V.,59.0,104.0,976.0,590.0,7.0,5.0,5.0,7.0,7.0,5.0,2.0,1.0,Completed,1.53,2.5,1.47,2.5,1.53,2.5,1.52,2.72,1.53,2.75,1.5,2.57
WTA,2017,44,New York,US Open,2017-08-28,Grand Slam,Outdoor,Hard,1st Round,3,Dodin O.,Parmentier P.,48.0,98.0,1178.0,643.0,3.0,6.0,6.0,0.0,7.0,6.0,2.0,1.0,Completed,2.3,1.61,2.1,1.65,2.2,1.67,2.38,1.65,2.38,1.7,2.23,1.66
WTA,2017,44,New York,US Open,2017-08-28,Grand Slam,Outdoor,Hard,1st Round,3,Wozniacki C.,Buzarnescu M.,5.0,133.0,5350.0,448.0,6.0,1.0,7.0,5.0,,,2.0,0.0,Completed,1.08,8.0,1.08,6.5,1.11,6.0,1.09,9.21,1.11,9.21,1.09,7.63
WTA,2017,44,New York,US Open,2017-08-29,Grand Slam,Outdoor,Hard,1st Round,3,Peng S.,Hesse A.,24.0,203.0,1800.0,270.0,6.0,4.0,6.0,1.0,,,2.0,0.0,Completed,1.07,9.0,1.05,7.75,1.07,8.0,1.07,11.0,1.09,11.25,1.06,9.3
WTA,2017,44,New York,US Open,2017-08-29,Grand Slam,Outdoor,Hard,1st Round,3,Suarez Navarro C.,Soylu I.,35.0,165.0,1470.0,336.0,6.0,4.0,6.0,2.0,,,2.0,0.0,Completed,1.14,5.5,1.14,5.0,1.17,5.0,1.17,5.91,1.17,6.05,1.15,5.36
WTA,2017,44,New York,US Open,2017-08-29,Grand Slam,Outdoor,Hard,1st Round,3,Sharapova M.,Halep S.,146.0,2.0,365.0,6385.0,6.0,4.0,4.0,6.0,6.0,3.0,2.0,1.0,Completed,2.75,1.44,2.65,1.42,2.75,1.44,3.02,1.44,3.1,1.49,2.79,1.44
WTA,2017,44,New York,US Open,2017-08-29,Grand Slam,Outdoor,Hard,1st Round,3,Cibulkova D.,Cepelova J.,10.0,87.0,3830.0,692.0,6.0,7.0,6.0,3.0,6.0,2.0,2.0,1.0,Completed,1.33,3.4,1.3,3.2,1.3,3.5,1.33,3.69,1.33,3.69,1.32,3.5
WTA,2017,44,New York,US Open,2017-08-29,Grand Slam,Outdoor,Hard,1st Round,3,Cirstea S.,Kerkhove L.,54.0,171.0,1096.0,323.0,6.0,1.0,6.0,3.0,,,2.0,0.0,Completed,1.36,3.25,1.33,3.05,1.36,3.25,1.36,3.44,1.37,3.44,1.34,3.24
WTA,2017,44,New York,US Open,2017-08-29,Grand Slam,Outdoor,Hard,1st Round,3,Strycova B.,Doi M.,25.0,94.0,1725.0,653.0,6.0,1.0,6.0,3.0,,,2.0,0.0,Completed,1.28,3.75,1.25,3.6,1.28,3.75,1.28,4.07,1.29,4.1,1.26,3.81
WTA,2017,44,New York,US Open,2017-08-29,Grand Slam,Outdoor,Hard,1st Round,3,Wickmayer Y.,Tsurenko L.,129.0,30.0,471.0,1625.0,6.0,3.0,6.0,1.0,,,2.0,0.0,Completed,3.0,1.4,2.85,1.37,3.0,1.4,3.16,1.41,3.2,1.42,2.99,1.39
WTA,2017,44,New York,US Open,2017-08-29,Grand Slam,Outdoor,Hard,1st Round,3,Pliskova Ka.,Linette M.,1.0,72.0,6390.0,800.0,6.0,2.0,6.0,1.0,,,2.0,0.0,Completed,1.06,10.0,1.05,7.75,1.06,9.0,1.07,11.25,1.07,11.25,1.05,9.66
WTA,2017,44,New York,US Open,2017-08-29,Grand Slam,Outdoor,Hard,1st Round,3,Osaka N.,Kerber A.,45.0,6.0,1230.0,5146.0,6.0,3.0,6.0,1.0,,,2.0,0.0,Completed,3.0,1.4,2.85,1.37,3.0,1.4,3.11,1.42,3.17,1.42,2.98,1.38
WTA,2017,44,New York,US Open,2017-08-29,Grand Slam,Outdoor,Hard,1st Round,3,Ostapenko J.,Arruabarrena L.,12.0,60.0,3382.0,964.0,6.0,2.0,1.0,6.0,6.0,1.0,2.0,1.0,Completed,1.25,4.0,1.24,3.65,1.12,6.0,1.31,3.81,1.31,4.2,1.26,3.79
WTA,2017,44,New York,US Open,2017-08-30,Grand Slam,Outdoor,Hard,1st Round,3,Keys M.,Mertens E.,16.0,39.0,2343.0,1388.0,6.0,3.0,7.0,6.0,,,2.0,0.0,Completed,1.25,4.0,1.23,3.75,1.25,4.0,1.26,4.38,1.3,4.38,1.24,4.0
WTA,2017,44,New York,US Open,2017-08-30,Grand Slam,Outdoor,Hard,1st Round,3,Brady J.,Petkovic A.,91.0,93.0,660.0,655.0,6.0,4.0,3.0,6.0,6.0,1.0,2.0,1.0,Completed,2.37,1.57,2.25,1.57,2.25,1.61,2.46,1.62,2.46,1.66,2.36,1.59
WTA,2017,44,New York,US Open,2017-08-30,Grand Slam,Outdoor,Hard,1st Round,3,Gibbs N.,Cepede Royg V.,127.0,75.0,479.0,785.0,6.0,0.0,1.0,6.0,6.0,1.0,2.0,1.0,Completed,2.0,1.8,1.95,1.75,1.61,2.25,2.02,1.88,2.05,1.88,1.97,1.82
WTA,2017,44,New York,US Open,2017-08-30,Grand Slam,Outdoor,Hard,1st Round,3,Kanepi K.,Schiavone F.,418.0,77.0,83.0,774.0,0.0,6.0,6.0,4.0,6.0,2.0,2.0,1.0,Completed,1.5,2.62,1.47,2.5,,,1.53,2.68,1.59,2.68,1.52,2.5
WTA,2017,44,New York,US Open,2017-08-30,Grand Slam,Outdoor,Hard,1st Round,3,Niculescu M.,Mladenovic K.,57.0,13.0,1050.0,3155.0,6.0,3.0,6.0,2.0,,,2.0,0.0,Completed,2.5,1.53,2.35,1.53,2.37,1.57,2.65,1.55,2.65,1.59,2.47,1.53
WTA,2017,44,New York,US Open,2017-08-30,Grand Slam,Outdoor,Hard,1st Round,3,Svitolina E.,Siniakova K.,4.0,42.0,5530.0,1335.0,6.0,0.0,6.0,7.0,6.0,3.0,2.0,1.0,Completed,1.16,5.0,1.15,4.75,,,1.16,6.13,1.19,7.0,1.14,5.48
WTA,2017,44,New York,US Open,2017-08-30,Grand Slam,Outdoor,Hard,1st Round,3,Rodina E.,Bouchard E.,89.0,76.0,677.0,779.0,7.0,6.0,6.0,1.0,,,2.0,0.0,Completed,3.0,1.4,3.05,1.33,3.4,1.33,3.32,1.38,3.4,1.4,3.15,1.36
WTA,2017,44,New York,US Open,2017-08-30,Grand Slam,Outdoor,Hard,1st Round,3,Bogdan A.,Townsend T.,108.0,119.0,568.0,508.0,6.0,4.0,4.0,6.0,6.0,3.0,2.0,1.0,Completed,2.1,1.72,2.0,1.72,2.1,1.73,2.09,1.83,2.17,1.83,2.07,1.75
WTA,2017,44,New York,US Open,2017-08-30,Grand Slam,Outdoor,Hard,1st Round,3,Maria T.,Kratzer A.,61.0,343.0,964.0,123.0,6.0,1.0,6.0,1.0,,,2.0,0.0,Completed,1.14,5.5,1.15,4.75,1.17,5.0,1.17,5.91,1.18,5.98,1.15,5.35
WTA,2017,44,New York,US Open,2017-08-30,Grand Slam,Outdoor,Hard,1st Round,3,Hibino N.,Bellis C.,80.0,36.0,762.0,1445.0,6.0,3.0,4.0,6.0,7.0,5.0,2.0,1.0,Completed,5.5,1.14,5.2,1.13,5.0,1.17,5.98,1.17,6.0,1.18,5.45,1.15
WTA,2017,44,New York,US Open,2017-08-30,Grand Slam,Outdoor,Hard,1st Round,3,Allertova D.,Peterson R.,90.0,196.0,661.0,279.0,6.0,2.0,7.0,6.0,,,2.0,0.0,Completed,2.1,1.72,2.0,1.72,2.1,1.73,2.14,1.79,2.15,1.79,2.08,1.74
WTA,2017,44,New York,US Open,2017-08-30,Grand Slam,Outdoor,Hard,1st Round,3,Rogers S.,Day K.,62.0,128.0,943.0,475.0,6.0,2.0,4.0,6.0,6.0,4.0,2.0,1.0,Completed,1.66,2.2,1.6,2.2,1.61,2.25,1.66,2.37,1.69,2.47,1.62,2.28
WTA,2017,44,New York,US Open,2017-08-30,Grand Slam,Outdoor,Hard,1st Round,3,Kuznetsova S.,Vondrousova M.,8.0,67.0,4410.0,896.0,4.0,6.0,6.0,4.0,7.0,6.0,2.0,1.0,Completed,1.36,3.25,1.33,3.05,1.4,3.0,1.34,3.6,1.41,3.6,1.36,3.16
WTA,2017,44,New York,US Open,2017-08-30,Grand Slam,Outdoor,Hard,1st Round,3,Vandeweghe C.,Riske A.,22.0,49.0,1994.0,1170.0,2.0,6.0,6.0,3.0,6.0,4.0,2.0,1.0,Completed,1.25,4.0,1.25,3.6,1.28,3.75,1.35,3.49,1.35,4.0,1.27,3.74
WTA,2017,44,New York,US Open,2017-08-30,Grand Slam,Outdoor,Hard,1st Round,3,Putintseva Y.,Zhuk S.,50.0,147.0,1140.0,364.0,7.0,6.0,6.0,3.0,,,2.0,0.0,Completed,2.0,1.8,1.95,1.75,2.0,1.8,2.06,1.85,2.06,1.9,1.97,1.83
WTA,2017,44,New York,US Open,2017-08-30,Grand Slam,Outdoor,Hard,1st Round,3,Jabeur O.,Minor B.,99.0,958.0,638.0,10.0,6.0,1.0,7.0,5.0,,,2.0,0.0,Completed,1.03,15.0,1.02,10.0,1.02,15.0,1.03,17.64,1.04,17.64,1.03,14.21
WTA,2017,44,New York,US Open,2017-08-30,Grand Slam,Outdoor,Hard,1st Round,3,Ozaki R.,Lao D.,96.0,219.0,648.0,244.0,6.0,3.0,6.0,7.0,7.0,6.0,2.0,1.0,Completed,2.1,1.72,2.0,1.72,2.1,1.73,2.08,1.84,2.12,1.84,2.03,1.77
WTA,2017,44,New York,US Open,2017-08-30,Grand Slam,Outdoor,Hard,1st Round,3,Radwanska A.,Martic P.,11.0,85.0,3570.0,708.0,6.0,4.0,7.0,6.0,,,2.0,0.0,Completed,1.25,4.0,1.23,3.75,1.25,4.0,1.28,4.14,1.28,4.33,1.25,3.94
WTA,2017,44,New York,US Open,2017-08-30,Grand Slam,Outdoor,Hard,1st Round,3,Zhang S.,Lisicki S.,26.0,170.0,1685.0,326.0,6.0,7.0,6.0,3.0,6.0,0.0,2.0,1.0,Completed,1.66,2.2,1.6,2.2,1.61,2.25,1.66,2.37,1.69,2.38,1.63,2.26
WTA,2017,44,New York,US Open,2017-08-30,Grand Slam,Outdoor,Hard,1st Round,3,Kasatkina D.,Wang Q.,38.0,56.0,1395.0,1070.0,6.0,7.0,6.0,2.0,6.0,3.0,2.0,1.0,Completed,1.53,2.5,1.53,2.35,1.57,2.37,1.61,2.47,1.61,2.5,1.56,2.41
WTA,2017,44,New York,US Open,2017-08-30,Grand Slam,Outdoor,Hard,1st Round,3,Gavrilova D.,Kiick A.,20.0,643.0,2075.0,34.0,6.0,2.0,6.0,1.0,,,2.0,0.0,Completed,1.08,8.0,1.06,7.25,1.08,7.5,1.08,9.94,1.1,9.94,1.07,8.46
WTA,2017,44,New York,US Open,2017-08-30,Grand Slam,Outdoor,Hard,1st Round,3,Mchale C.,Pavlyuchenkova A.,63.0,21.0,940.0,2065.0,3.0,6.0,6.0,3.0,6.0,2.0,2.0,1.0,Completed,3.5,1.3,3.35,1.28,3.5,1.3,3.73,1.32,3.73,1.33,3.51,1.3
WTA,2017,44,New York,US Open,2017-08-30,Grand Slam,Outdoor,Hard,1st Round,3,Vesnina E.,Blinkova A.,18.0,130.0,2140.0,466.0,6.0,1.0,6.0,3.0,,,2.0,0.0,Completed,1.4,3.0,1.4,2.75,1.44,2.75,1.47,2.93,1.47,3.0,1.42,2.82
WTA,2017,44,New York,US Open,2017-08-30,Grand Slam,Outdoor,Hard,1st Round,3,Flipkens K.,Brengle M.,73.0,81.0,793.0,759.0,6.0,2.0,6.0,3.0,,,2.0,0.0,Completed,1.57,2.37,1.55,2.3,1.57,2.37,1.64,2.42,1.64,2.42,1.58,2.36
WTA,2017,44,New York,US Open,2017-08-30,Grand Slam,Outdoor,Hard,1st Round,3,Safarova L.,Kontaveit A.,37.0,29.0,1440.0,1630.0,6.0,7.0,6.0,1.0,6.0,4.0,2.0,1.0,Completed,1.9,1.9,1.72,2.0,1.8,2.0,1.95,1.95,1.97,2.12,1.8,2.01
WTA,2017,44,New York,US Open,2017-08-30,Grand Slam,Outdoor,Hard,1st Round,3,Nara K.,Sorribes Tormo S.,116.0,86.0,520.0,692.0,6.0,1.0,6.0,2.0,,,2.0,0.0,Completed,1.4,3.0,1.4,2.75,1.44,2.75,1.45,2.99,1.45,3.0,1.42,2.88
WTA,2017,44,New York,US Open,2017-08-30,Grand Slam,Outdoor,Hard,2nd Round,3,Sharapova M.,Babos T.,146.0,59.0,365.0,976.0,6.0,7.0,6.0,4.0,6.0,1.0,2.0,1.0,Completed,1.12,6.0,1.12,5.4,1.17,5.0,1.13,7.38,1.17,7.95,1.12,6.22
WTA,2017,44,New York,US Open,2017-08-30,Grand Slam,Outdoor,Hard,2nd Round,3,Kenin S.,Vickery S.,139.0,154.0,413.0,347.0,6.0,3.0,4.0,6.0,7.0,6.0,2.0,1.0,Completed,2.0,1.8,1.9,1.8,1.91,1.91,2.0,1.91,2.03,1.91,1.96,1.84
WTA,2017,44,New York,US Open,2017-08-30,Grand Slam,Outdoor,Hard,2nd Round,3,Sakkari M.,Rodionova Ar.,95.0,134.0,649.0,438.0,7.0,5.0,6.0,3.0,,,2.0,0.0,Completed,1.4,3.0,1.37,2.85,,,1.43,3.1,1.45,3.1,1.41,2.91
WTA,2017,44,New York,US Open,2017-08-30,Grand Slam,Outdoor,Hard,2nd Round,3,Kvitova P.,Cornet A.,14.0,46.0,3120.0,1182.0,6.0,1.0,6.0,2.0,,,2.0,0.0,Completed,1.36,3.25,1.4,2.75,1.4,3.0,1.38,3.35,1.44,3.35,1.4,2.97
WTA,2017,44,New York,US Open,2017-08-31,Grand Slam,Outdoor,Hard,2nd Round,3,Stephens S.,Cibulkova D.,83.0,10.0,711.0,3830.0,6.0,2.0,5.0,7.0,6.0,3.0,2.0,1.0,Completed,1.66,2.2,1.62,2.15,1.67,2.2,1.64,2.41,1.7,2.41,1.64,2.25
WTA,2017,44,New York,US Open,2017-08-31,Grand Slam,Outdoor,Hard,2nd Round,3,Williams V.,Dodin O.,9.0,48.0,4216.0,1178.0,7.0,5.0,6.0,4.0,,,2.0,0.0,Completed,1.1,7.0,1.09,6.25,1.1,7.0,1.13,7.38,1.13,8.0,1.1,7.04
WTA,2017,44,New York,US Open,2017-08-31,Grand Slam,Outdoor,Hard,2nd Round,3,Goerges J.,Zheng S.,33.0,84.0,1570.0,710.0,6.0,2.0,6.0,1.0,,,2.0,0.0,Completed,1.18,4.5,1.18,4.3,1.2,4.5,1.21,5.0,1.22,5.0,1.19,4.66
WTA,2017,44,New York,US Open,2017-08-31,Grand Slam,Outdoor,Hard,2nd Round,3,Barty A.,Sasnovich A.,43.0,88.0,1320.0,687.0,6.0,1.0,7.0,6.0,,,2.0,0.0,Completed,1.2,4.5,1.19,4.2,1.22,4.33,1.23,4.77,1.23,4.8,1.2,4.49
WTA,2017,44,New York,US Open,2017-08-31,Grand Slam,Outdoor,Hard,2nd Round,3,Rybarikova M.,Pliskova Kr.,32.0,41.0,1577.0,1343.0,7.0,6.0,7.0,6.0,,,2.0,0.0,Completed,1.61,2.3,1.6,2.2,1.61,2.25,1.7,2.29,1.7,2.31,1.65,2.23
WTA,2017,44,New York,US Open,2017-08-31,Grand Slam,Outdoor,Hard,2nd Round,3,Krunic A.,Tomljanovic A.,78.0,232.0,766.0,233.0,6.0,3.0,6.0,2.0,,,2.0,0.0,Completed,1.44,2.75,1.5,2.4,1.53,2.5,1.53,2.69,1.54,2.75,1.51,2.55
WTA,2017,44,New York,US Open,2017-08-31,Grand Slam,Outdoor,Hard,2nd Round,3,Vekic D.,Peng S.,52.0,24.0,1110.0,1800.0,6.0,0.0,6.0,2.0,,,2.0,0.0,Completed,2.37,1.57,2.5,1.47,2.62,1.5,2.59,1.57,2.62,1.57,2.5,1.53
WTA,2017,44,New York,US Open,2017-08-31,Grand Slam,Outdoor,Hard,2nd Round,3,Sevastova A.,Kozlova K.,17.0,118.0,2295.0,510.0,6.0,4.0,6.0,4.0,,,2.0,0.0,Completed,1.3,3.5,1.28,3.35,1.3,3.5,1.37,3.39,1.37,3.6,1.31,3.43
WTA,2017,44,New York,US Open,2017-08-31,Grand Slam,Outdoor,Hard,2nd Round,3,Suarez Navarro C.,Lucic-Baroni M.,35.0,31.0,1470.0,1615.0,4.0,6.0,7.0,6.0,6.0,2.0,2.0,1.0,Completed,1.36,3.25,1.35,2.95,1.36,3.25,1.41,3.16,1.42,3.25,1.37,3.1
WTA,2017,44,New York,US Open,2017-08-31,Grand Slam,Outdoor,Hard,2nd Round,3,Garcia C.,Alexandrova E.,19.0,79.0,2135.0,763.0,4.0,6.0,6.0,3.0,6.0,0.0,2.0,1.0,Completed,1.28,3.75,1.28,3.35,1.3,3.5,1.31,3.85,1.33,3.9,1.29,3.63
WTA,2017,44,New York,US Open,2017-08-31,Grand Slam,Outdoor,Hard,2nd Round,3,Makarova E.,Wozniacki C.,40.0,5.0,1355.0,5350.0,6.0,2.0,6.0,7.0,6.0,1.0,2.0,1.0,Completed,3.4,1.33,3.1,1.32,3.4,1.33,3.32,1.38,3.6,1.38,3.25,1.34
WTA,2017,44,New York,US Open,2017-08-31,Grand Slam,Outdoor,Hard,2nd Round,3,Muguruza G.,Duan Y.Y.,3.0,92.0,5860.0,656.0,6.0,4.0,6.0,0.0,,,2.0,0.0,Completed,1.03,13.0,1.03,9.0,1.05,10.0,1.05,13.89,1.05,14.15,1.04,11.97
WTA,2017,44,New York,US Open,2017-08-31,Grand Slam,Outdoor,Hard,2nd Round,3,Osaka N.,Allertova D.,45.0,90.0,1230.0,661.0,6.0,3.0,4.0,6.0,7.0,5.0,2.0,1.0,Completed,1.3,3.5,1.28,3.35,1.3,3.5,1.32,3.77,1.33,3.8,1.3,3.52
WTA,2017,44,New York,US Open,2017-08-31,Grand Slam,Outdoor,Hard,2nd Round,3,Ostapenko J.,Cirstea S.,12.0,54.0,3382.0,1096.0,6.0,4.0,6.0,4.0,,,2.0,0.0,Completed,1.44,2.75,1.42,2.65,1.53,2.5,1.49,2.82,1.55,2.9,1.48,2.63
WTA,2017,44,New York,US Open,2017-08-31,Grand Slam,Outdoor,Hard,2nd Round,3,Brady J.,Strycova B.,91.0,25.0,660.0,1725.0,6.0,1.0,6.0,1.0,,,2.0,0.0,Completed,3.75,1.28,3.45,1.27,3.75,1.28,3.97,1.29,3.97,1.31,3.65,1.28
WTA,2017,44,New York,US Open,2017-08-31,Grand Slam,Outdoor,Hard,2nd Round,3,Kanepi K.,Wickmayer Y.,418.0,129.0,83.0,471.0,6.0,4.0,6.0,2.0,,,2.0,0.0,Completed,2.1,1.72,2.0,1.72,2.1,1.73,2.08,1.84,2.2,1.84,2.1,1.73
WTA,2017,44,New York,US Open,2017-08-31,Grand Slam,Outdoor,Hard,2nd Round,3,Svitolina E.,Rodina E.,4.0,89.0,5530.0,677.0,6.0,4.0,6.0,4.0,,,2.0,0.0,Completed,1.07,9.0,1.05,7.75,1.08,7.5,1.06,12.84,1.09,12.84,1.07,8.98
WTA,2017,44,New York,US Open,2017-08-31,Grand Slam,Outdoor,Hard,2nd Round,3,Niculescu M.,Bogdan A.,57.0,108.0,1050.0,568.0,6.0,2.0,3.0,6.0,6.0,3.0,2.0,1.0,Completed,1.61,2.3,1.57,2.25,1.61,2.25,1.61,2.47,1.65,2.47,1.61,2.31
WTA,2017,44,New York,US Open,2017-08-31,Grand Slam,Outdoor,Hard,2nd Round,3,Pliskova Ka.,Gibbs N.,1.0,127.0,6390.0,479.0,2.0,6.0,6.0,3.0,6.0,4.0,2.0,1.0,Completed,1.06,10.0,1.05,7.75,1.06,10.0,1.07,10.98,1.08,13.0,1.06,9.72
WTA,2017,44,New York,US Open,2017-08-31,Grand Slam,Outdoor,Hard,2nd Round,3,Kasatkina D.,Mchale C.,38.0,63.0,1395.0,940.0,7.0,5.0,6.0,3.0,,,2.0,0.0,Completed,1.53,2.5,1.5,2.4,1.53,2.5,1.62,2.46,1.62,2.62,1.54,2.49
WTA,2017,44,New York,US Open,2017-08-31,Grand Slam,Outdoor,Hard,2nd Round,3,Rogers S.,Gavrilova D.,62.0,20.0,943.0,2075.0,7.0,6.0,4.0,6.0,7.0,6.0,2.0,1.0,Completed,4.0,1.25,3.65,1.24,4.0,1.25,4.1,1.28,4.1,1.29,3.9,1.25
WTA,2017,44,New York,US Open,2017-08-31,Grand Slam,Outdoor,Hard,2nd Round,3,Zhang S.,Ozaki R.,26.0,96.0,1685.0,648.0,6.0,0.0,6.0,3.0,,,2.0,0.0,Completed,1.2,4.5,1.22,3.85,1.25,4.0,1.22,4.85,1.25,4.85,1.21,4.39
WTA,2017,44,New York,US Open,2017-08-31,Grand Slam,Outdoor,Hard,2nd Round,3,Radwanska A.,Putintseva Y.,11.0,50.0,3570.0,1140.0,7.0,5.0,6.0,2.0,,,2.0,0.0,Completed,1.16,5.0,1.16,4.6,1.17,5.0,1.19,5.33,1.19,5.33,1.17,4.95
WTA,2017,44,New York,US Open,2017-09-01,Grand Slam,Outdoor,Hard,2nd Round,3,Keys M.,Maria T.,16.0,61.0,2343.0,964.0,6.0,3.0,6.0,4.0,,,2.0,0.0,Completed,1.11,6.5,1.1,5.9,1.11,6.5,1.13,7.04,1.14,7.04,1.12,6.42
WTA,2017,44,New York,US Open,2017-09-01,Grand Slam,Outdoor,Hard,2nd Round,3,Nara K.,Kuznetsova S.,116.0,8.0,520.0,4410.0,6.0,3.0,3.0,6.0,6.0,3.0,2.0,1.0,Completed,5.0,1.16,4.75,1.15,5.0,1.17,6.27,1.16,6.27,1.17,5.51,1.15
WTA,2017,44,New York,US Open,2017-09-01,Grand Slam,Outdoor,Hard,2nd Round,3,Vesnina E.,Flipkens K.,18.0,73.0,2140.0,793.0,6.0,4.0,6.0,4.0,,,2.0,0.0,Completed,1.61,2.3,1.62,2.15,1.67,2.2,1.72,2.25,1.72,2.36,1.65,2.24
WTA,2017,44,New York,US Open,2017-09-01,Grand Slam,Outdoor,Hard,2nd Round,3,Vandeweghe C.,Jabeur O.,22.0,99.0,1994.0,638.0,7.0,6.0,6.0,2.0,,,2.0,0.0,Completed,1.16,5.0,1.16,4.6,1.17,5.0,1.19,5.52,1.2,5.52,1.17,4.94
WTA,2017,44,New York,US Open,2017-09-01,Grand Slam,Outdoor,Hard,2nd Round,3,Safarova L.,Hibino N.,37.0,80.0,1440.0,762.0,6.0,1.0,3.0,6.0,6.0,2.0,2.0,1.0,Completed,1.12,6.0,1.14,5.0,1.17,5.0,1.16,6.16,1.17,6.16,1.14,5.62
WTA,2017,44,New York,US Open,2017-09-01,Grand Slam,Outdoor,Hard,3rd Round,3,Kvitova P.,Garcia C.,14.0,19.0,3120.0,2135.0,6.0,0.0,6.0,4.0,,,2.0,0.0,Completed,1.57,2.37,1.53,2.35,1.57,2.37,1.65,2.42,1.65,2.51,1.58,2.38
WTA,2017,44,New York,US Open,2017-09-01,Grand Slam,Outdoor,Hard,3rd Round,3,Suarez Navarro C.,Makarova E.,35.0,40.0,1470.0,1355.0,6.0,1.0,3.0,6.0,6.0,3.0,2.0,1.0,Completed,2.37,1.57,2.3,1.55,2.37,1.57,2.41,1.65,2.45,1.65,2.35,1.59
WTA,2017,44,New York,US Open,2017-09-01,Grand Slam,Outdoor,Hard,3rd Round,3,Stephens S.,Barty A.,83.0,43.0,711.0,1320.0,6.0,2.0,6.0,4.0,,,2.0,0.0,Completed,1.72,2.1,1.65,2.1,1.73,2.1,1.85,2.08,1.85,2.18,1.74,2.1
WTA,2017,44,New York,US Open,2017-09-01,Grand Slam,Outdoor,Hard,3rd Round,3,Goerges J.,Krunic A.,33.0,78.0,1570.0,766.0,6.0,3.0,6.0,3.0,,,2.0,0.0,Completed,1.4,3.0,1.35,2.95,1.36,3.25,1.45,3.05,1.45,3.2,1.39,3.01
WTA,2017,44,New York,US Open,2017-09-01,Grand Slam,Outdoor,Hard,3rd Round,3,Muguruza G.,Rybarikova M.,3.0,32.0,5860.0,1577.0,6.0,1.0,6.0,1.0,,,2.0,0.0,Completed,1.11,6.5,1.1,5.9,1.12,6.0,1.13,7.58,1.14,7.58,1.11,6.63
WTA,2017,44,New York,US Open,2017-09-01,Grand Slam,Outdoor,Hard,3rd Round,3,Williams V.,Sakkari M.,9.0,95.0,4216.0,649.0,6.0,3.0,6.0,4.0,,,2.0,0.0,Completed,1.14,5.5,1.13,5.2,1.14,5.5,1.14,6.88,1.16,6.88,1.13,5.95
WTA,2017,44,New York,US Open,2017-09-01,Grand Slam,Outdoor,Hard,3rd Round,3,Sevastova A.,Vekic D.,17.0,52.0,2295.0,1110.0,6.0,2.0,6.0,3.0,,,2.0,0.0,Completed,1.8,2.0,1.72,2.0,1.8,2.0,1.8,2.15,1.85,2.16,1.76,2.07
WTA,2017,44,New York,US Open,2017-09-02,Grand Slam,Outdoor,Hard,3rd Round,3,Sharapova M.,Kenin S.,146.0,139.0,365.0,413.0,7.0,5.0,6.0,2.0,,,2.0,0.0,Completed,1.07,9.0,1.06,7.25,1.08,7.5,1.09,9.71,1.1,9.71,1.07,8.33
WTA,2017,44,New York,US Open,2017-09-02,Grand Slam,Outdoor,Hard,3rd Round,3,Safarova L.,Nara K.,37.0,116.0,1440.0,520.0,6.0,3.0,6.0,2.0,,,2.0,0.0,Completed,1.28,3.75,1.25,3.6,1.28,3.75,1.27,4.26,1.31,4.26,1.26,3.87
WTA,2017,44,New York,US Open,2017-09-02,Grand Slam,Outdoor,Hard,3rd Round,3,Pliskova Ka.,Zhang S.,1.0,26.0,6390.0,1685.0,3.0,6.0,7.0,5.0,6.0,4.0,2.0,1.0,Completed,1.16,5.0,1.16,4.6,1.2,4.5,1.19,5.58,1.2,5.65,1.17,5.08
WTA,2017,44,New York,US Open,2017-09-02,Grand Slam,Outdoor,Hard,3rd Round,3,Kanepi K.,Osaka N.,418.0,45.0,83.0,1230.0,6.0,3.0,2.0,6.0,7.0,5.0,2.0,1.0,Completed,2.75,1.44,2.55,1.45,2.62,1.5,2.73,1.53,2.75,1.53,2.63,1.49
WTA,2017,44,New York,US Open,2017-09-02,Grand Slam,Outdoor,Hard,3rd Round,3,Kasatkina D.,Ostapenko J.,38.0,12.0,1395.0,3382.0,6.0,3.0,6.0,2.0,,,2.0,0.0,Completed,2.2,1.66,2.1,1.65,2.1,1.73,2.24,1.75,2.3,1.76,2.17,1.7
WTA,2017,44,New York,US Open,2017-09-02,Grand Slam,Outdoor,Hard,3rd Round,3,Brady J.,Niculescu M.,91.0,57.0,660.0,1050.0,6.0,3.0,4.0,6.0,7.0,6.0,2.0,1.0,Completed,1.8,2.0,1.72,2.0,1.8,2.0,1.83,2.12,1.83,2.15,1.78,2.04
WTA,2017,44,New York,US Open,2017-09-02,Grand Slam,Outdoor,Hard,3rd Round,3,Vandeweghe C.,Radwanska A.,22.0,11.0,1994.0,3570.0,7.0,5.0,4.0,6.0,6.0,4.0,2.0,1.0,Completed,2.1,1.72,2.0,1.72,2.0,1.8,2.06,1.87,2.15,1.87,2.03,1.78
WTA,2017,44,New York,US Open,2017-09-02,Grand Slam,Outdoor,Hard,3rd Round,3,Svitolina E.,Rogers S.,4.0,62.0,5530.0,943.0,6.0,4.0,7.0,5.0,,,2.0,0.0,Completed,1.12,6.0,1.13,5.2,1.14,5.5,1.16,6.39,1.16,6.65,1.14,5.89
WTA,2017,44,New York,US Open,2017-09-03,Grand Slam,Outdoor,Hard,3rd Round,3,Keys M.,Vesnina E.,16.0,18.0,2343.0,2140.0,2.0,6.0,6.0,4.0,6.0,1.0,2.0,1.0,Completed,1.28,3.75,1.22,3.85,1.25,4.0,1.28,4.24,1.3,4.3,1.26,3.92
WTA,2017,44,New York,US Open,2017-09-03,Grand Slam,Outdoor,Hard,4th Round,3,Sevastova A.,Sharapova M.,17.0,146.0,2295.0,365.0,5.0,7.0,6.0,4.0,6.0,2.0,2.0,1.0,Completed,3.25,1.36,3.1,1.32,3.25,1.36,3.34,1.39,3.45,1.39,3.22,1.36
WTA,2017,44,New York,US Open,2017-09-03,Grand Slam,Outdoor,Hard,4th Round,3,Stephens S.,Goerges J.,83.0,33.0,711.0,1570.0,6.0,3.0,3.0,6.0,6.0,1.0,2.0,1.0,Completed,1.53,2.5,1.5,2.4,1.53,2.5,1.57,2.62,1.61,2.65,1.53,2.51
WTA,2017,44,New York,US Open,2017-09-03,Grand Slam,Outdoor,Hard,4th Round,3,Williams V.,Suarez Navarro C.,9.0,35.0,4216.0,1470.0,6.0,3.0,3.0,6.0,6.0,1.0,2.0,1.0,Completed,1.44,2.75,1.4,2.75,1.44,2.75,1.44,3.09,1.48,3.15,1.43,2.88
WTA,2017,44,New York,US Open,2017-09-04,Grand Slam,Outdoor,Hard,4th Round,3,Kvitova P.,Muguruza G.,14.0,3.0,3120.0,5860.0,7.0,6.0,6.0,3.0,,,2.0,0.0,Completed,3.0,1.4,2.95,1.35,3.0,1.4,3.16,1.42,3.25,1.44,2.97,1.4
WTA,2017,44,New York,US Open,2017-09-04,Grand Slam,Outdoor,Hard,4th Round,3,Pliskova Ka.,Brady J.,1.0,91.0,6390.0,660.0,6.0,1.0,6.0,0.0,,,2.0,0.0,Completed,1.16,5.0,1.16,4.6,,,1.2,5.37,1.21,5.54,1.18,5.01
WTA,2017,44,New York,US Open,2017-09-04,Grand Slam,Outdoor,Hard,4th Round,3,Vandeweghe C.,Safarova L.,22.0,37.0,1994.0,1440.0,6.0,4.0,7.0,6.0,,,2.0,0.0,Completed,1.72,2.1,1.72,2.0,1.73,2.1,1.78,2.18,1.8,2.2,1.73,2.12
WTA,2017,44,New York,US Open,2017-09-04,Grand Slam,Outdoor,Hard,4th Round,3,Kanepi K.,Kasatkina D.,418.0,38.0,83.0,1395.0,6.0,4.0,6.0,4.0,,,2.0,0.0,Completed,2.62,1.5,2.55,1.45,2.62,1.5,2.89,1.49,2.9,1.53,2.66,1.48
WTA,2017,44,New York,US Open,2017-09-05,Grand Slam,Outdoor,Hard,4th Round,3,Keys M.,Svitolina E.,16.0,4.0,2343.0,5530.0,7.0,6.0,1.0,6.0,6.0,4.0,2.0,1.0,Completed,2.1,1.72,2.0,1.72,2.0,1.8,2.15,1.8,2.15,1.91,2.06,1.77
WTA,2017,44,New York,US Open,2017-09-05,Grand Slam,Outdoor,Hard,Quarterfinals,3,Stephens S.,Sevastova A.,83.0,17.0,711.0,2295.0,6.0,3.0,3.0,6.0,7.0,6.0,2.0,1.0,Completed,1.57,2.37,1.53,2.35,1.53,2.5,1.55,2.67,1.67,2.67,1.56,2.46
WTA,2017,44,New York,US Open,2017-09-06,Grand Slam,Outdoor,Hard,Quarterfinals,3,Williams V.,Kvitova P.,9.0,14.0,4216.0,3120.0,6.0,3.0,3.0,6.0,7.0,6.0,2.0,1.0,Completed,2.3,1.61,2.25,1.57,2.25,1.61,2.46,1.63,2.5,1.74,2.32,1.62
WTA,2017,44,New York,US Open,2017-09-06,Grand Slam,Outdoor,Hard,Quarterfinals,3,Vandeweghe C.,Pliskova Ka.,22.0,1.0,1994.0,6390.0,7.0,6.0,6.0,3.0,,,2.0,0.0,Completed,2.62,1.5,2.4,1.5,2.5,1.53,2.61,1.57,2.65,1.61,2.52,1.54
WTA,2017,44,New York,US Open,2017-09-07,Grand Slam,Outdoor,Hard,Quarterfinals,3,Keys M.,Kanepi K.,16.0,418.0,2343.0,83.0,6.0,3.0,6.0,3.0,,,2.0,0.0,Completed,1.22,4.33,1.2,4.1,1.22,4.33,1.25,4.5,1.25,4.8,1.22,4.39
WTA,2017,44,New York,US Open,2017-09-08,Grand Slam,Outdoor,Hard,Semifinals,3,Stephens S.,Williams V.,83.0,9.0,711.0,4216.0,6.0,1.0,0.0,6.0,7.0,5.0,2.0,1.0,Completed,2.37,1.57,2.4,1.5,2.37,1.57,2.57,1.6,2.6,1.65,2.45,1.57
WTA,2017,44,New York,US Open,2017-09-08,Grand Slam,Outdoor,Hard,Semifinals,3,Keys M.,Vandeweghe C.,16.0,22.0,2343.0,1994.0,6.0,1.0,6.0,2.0,,,2.0,0.0,Completed,1.57,2.37,1.55,2.3,1.61,2.25,1.64,2.48,1.67,2.5,1.61,2.35
WTA,2017,44,New York,US Open,2017-09-09,Grand Slam,Outdoor,Hard,The Final,3,Stephens S.,Keys M.,83.0,22.0,711.0,1994.0,6.0,3.0,6.0,0.0,,,2.0,0.0,Completed,2.75,1.5,2.65,1.42,2.5,1.53,2.76,1.53,2.9,1.53,2.75,1.47
