Tour,Year,WTA,Location,Tournament,Date,Tier,Court,Surface,Round,Best of,Winner,Loser,WRank,LRank,WPts,LPts,W1,L1,W2,L2,W3,L3,Wsets,Lsets,Comment,B365W,B365L,EXW,EXL,LBW,LBL,PSW,PSL,UBW,UBL
WTA,2008,5,Melbourne,Australian Open,2008-01-14,Grand Slam,Outdoor,Hard,1st Round,3,Rezai A.,Bondarenko K.,69.0,43.0,449.0,643.0,7.0,6.0,6.0,2.0,,,2.0,0.0,Completed,1.44,2.62,1.48,2.53,1.4,2.75,1.654,2.43,1.47,2.6
WTA,2008,5,Melbourne,Australian Open,2008-01-14,Grand Slam,Outdoor,Hard,1st Round,3,Gallovits E.,Dubois S.,76.0,105.0,412.0,334.0,7.0,6.0,6.0,3.0,,,2.0,0.0,Completed,1.61,2.2,1.5,2.45,1.571,2.25,1.775,2.19,1.6,2.3
WTA,2008,5,Melbourne,Australian Open,2008-01-14,Grand Slam,Outdoor,Hard,1st Round,3,Williams S.,Gajdosova J.,7.0,145.0,2772.0,243.0,6.0,3.0,6.0,3.0,,,2.0,0.0,Completed,1.03,11.0,1.03,10.5,1.03,10.0,1.025,28.5,1.01,25.0
WTA,2008,5,Melbourne,Australian Open,2008-01-14,Grand Slam,Outdoor,Hard,1st Round,3,Yuan M.,Ivanova E.,121.0,210.0,291.0,139.0,4.0,6.0,6.0,4.0,6.0,2.0,2.0,1.0,Completed,1.4,2.75,,,1.5,2.5,1.459,2.98,1.44,2.7
WTA,2008,5,Melbourne,Australian Open,2008-01-14,Grand Slam,Outdoor,Hard,1st Round,3,Jankovic J.,Paszek T.,4.0,39.0,3390.0,768.0,2.0,6.0,6.0,2.0,12.0,10.0,2.0,1.0,Completed,1.2,4.33,1.21,4.06,1.2,4.333,1.249,4.62,1.24,3.9
WTA,2008,5,Melbourne,Australian Open,2008-01-14,Grand Slam,Outdoor,Hard,1st Round,3,Henin J.,Nakamura A.,1.0,73.0,6430.0,424.0,6.0,2.0,6.0,2.0,,,2.0,0.0,Completed,1.005,17.0,1.01,13.5,1.01,17.0,1.01,71.0,1.01,25.0
WTA,2008,5,Melbourne,Australian Open,2008-01-14,Grand Slam,Outdoor,Hard,1st Round,3,Moore J.,Ditty J.,376.0,101.0,55.0,343.0,6.0,3.0,6.0,2.0,,,2.0,0.0,Completed,4.0,1.22,3.9,1.25,3.75,1.25,4.95,1.23,3.8,1.25
WTA,2008,5,Melbourne,Australian Open,2008-01-14,Grand Slam,Outdoor,Hard,1st Round,3,Kerber A.,Ani M.,89.0,100.0,378.0,344.0,0.0,6.0,6.0,3.0,6.0,2.0,2.0,1.0,Completed,2.0,1.72,1.91,1.83,2.0,1.727,2.05,1.87,1.88,1.88
WTA,2008,5,Melbourne,Australian Open,2008-01-14,Grand Slam,Outdoor,Hard,1st Round,3,Poutchkova O.,Adamczak M.,97.0,149.0,353.0,229.0,6.0,4.0,6.0,0.0,,,2.0,0.0,Completed,1.5,2.5,1.6,2.25,1.571,2.25,1.606,2.55,1.6,2.28
WTA,2008,5,Melbourne,Australian Open,2008-01-14,Grand Slam,Outdoor,Hard,1st Round,3,Azarenka V.,Amanmuradova A.,25.0,95.0,1026.0,359.0,6.0,2.0,7.0,5.0,,,2.0,0.0,Completed,1.1,6.5,1.1,6.25,1.143,5.0,1.083,11.0,1.12,5.85
WTA,2008,5,Melbourne,Australian Open,2008-01-14,Grand Slam,Outdoor,Hard,1st Round,3,Golovin T.,Cohen Aloro S.,13.0,380.0,1882.0,53.0,6.0,1.0,4.0,6.0,6.0,3.0,2.0,1.0,Completed,1.03,11.0,1.03,10.5,1.05,8.5,1.033,23.5,1.03,12.0
WTA,2008,5,Melbourne,Australian Open,2008-01-14,Grand Slam,Outdoor,Hard,1st Round,3,Craybas J.,Chan Y.J.,98.0,68.0,348.0,456.0,6.0,4.0,6.0,2.0,,,2.0,0.0,Completed,1.9,1.8,1.95,1.8,1.833,1.833,2.05,1.87,1.86,1.9
WTA,2008,5,Melbourne,Australian Open,2008-01-14,Grand Slam,Outdoor,Hard,1st Round,3,Davenport L.,Errani S.,51.0,65.0,545.0,464.0,6.0,2.0,3.0,6.0,7.0,5.0,2.0,1.0,Completed,1.03,11.0,1.02,11.5,1.04,9.0,1.023,32.5,1.02,15.0
WTA,2008,5,Melbourne,Australian Open,2008-01-14,Grand Slam,Outdoor,Hard,1st Round,3,Dementieva E.,Obziler T.,11.0,81.0,1985.0,393.0,6.0,2.0,6.0,2.0,,,2.0,0.0,Completed,1.07,7.5,1.07,7.19,1.1,6.5,1.099,9.13,1.07,7.8
WTA,2008,5,Melbourne,Australian Open,2008-01-14,Grand Slam,Outdoor,Hard,1st Round,3,Mauresmo A.,Poutchek T.,18.0,96.0,1503.0,358.0,6.0,7.0,6.0,0.0,6.0,0.0,2.0,1.0,Completed,1.05,8.5,1.03,10.5,1.071,7.5,1.069,12.58,1.06,8.5
WTA,2008,5,Melbourne,Australian Open,2008-01-14,Grand Slam,Outdoor,Hard,1st Round,3,Shvedova Y.,Malek T.,85.0,83.0,385.0,389.0,6.0,2.0,6.0,2.0,,,2.0,0.0,Completed,2.0,1.72,2.05,1.75,2.0,1.727,2.28,1.725,2.0,1.77
WTA,2008,5,Melbourne,Australian Open,2008-01-14,Grand Slam,Outdoor,Hard,1st Round,3,Vesnina E.,Vakulenko J.,55.0,31.0,519.0,907.0,6.0,4.0,1.0,6.0,6.0,4.0,2.0,1.0,Completed,2.37,1.53,2.35,1.55,2.25,1.571,2.27,1.73,2.28,1.6
WTA,2008,5,Melbourne,Australian Open,2008-01-14,Grand Slam,Outdoor,Hard,1st Round,3,Peer S.,Voracova R.,17.0,107.0,1640.0,331.0,6.0,2.0,2.0,6.0,6.0,0.0,2.0,1.0,Completed,1.04,10.0,1.04,9.25,1.05,8.5,1.036,22.5,1.05,9.5
WTA,2008,5,Melbourne,Australian Open,2008-01-14,Grand Slam,Outdoor,Hard,1st Round,3,Sharapova M.,Kostanic Tosic J.,5.0,102.0,2956.0,341.0,6.0,4.0,6.0,3.0,,,2.0,0.0,Completed,1.01,13.0,1.02,11.5,1.02,11.0,1.015,46.0,1.02,15.0
WTA,2008,5,Melbourne,Australian Open,2008-01-14,Grand Slam,Outdoor,Hard,1st Round,3,Dellacqua C.,Knapp K.,78.0,50.0,398.0,579.0,4.0,6.0,6.0,3.0,8.0,6.0,2.0,1.0,Completed,1.61,2.2,1.58,2.28,1.667,2.1,1.658,2.42,1.66,2.18
WTA,2008,5,Melbourne,Australian Open,2008-01-14,Grand Slam,Outdoor,Hard,1st Round,3,Medina Garrigues A.,Cetkovska P.,34.0,103.0,840.0,336.0,7.0,6.0,6.0,0.0,,,2.0,0.0,Completed,1.33,3.25,1.34,3.12,1.25,3.75,1.366,3.53,1.38,2.95
WTA,2008,5,Melbourne,Australian Open,2008-01-14,Grand Slam,Outdoor,Hard,1st Round,3,Schnyder P.,Osterloh L.,15.0,91.0,1836.0,372.0,6.0,3.0,6.0,3.0,,,2.0,0.0,Completed,1.04,10.0,1.04,9.35,1.063,8.0,1.057,14.5,1.05,9.5
WTA,2008,5,Melbourne,Australian Open,2008-01-14,Grand Slam,Outdoor,Hard,1st Round,3,Pennetta F.,Cibulkova D.,37.0,48.0,772.0,589.0,6.0,4.0,5.0,7.0,6.0,4.0,2.0,1.0,Completed,1.53,2.37,1.58,2.28,1.5,2.5,1.571,2.65,1.54,2.4
WTA,2008,5,Melbourne,Australian Open,2008-01-14,Grand Slam,Outdoor,Hard,1st Round,3,Hsieh S.W.,Zakopalova K.,158.0,63.0,215.0,471.0,2.0,6.0,6.0,4.0,8.0,6.0,2.0,1.0,Completed,2.0,1.72,2.15,1.65,2.0,1.727,2.3,1.714,2.2,1.65
WTA,2008,5,Melbourne,Australian Open,2008-01-14,Grand Slam,Outdoor,Hard,1st Round,3,Kloesel S.,Schruff J.,162.0,114.0,191.0,313.0,6.0,1.0,6.0,7.0,6.0,4.0,2.0,1.0,Completed,2.62,1.44,2.45,1.5,2.375,1.533,2.42,1.658,2.5,1.5
WTA,2008,5,Melbourne,Australian Open,2008-01-14,Grand Slam,Outdoor,Hard,1st Round,3,Schiavone F.,Loit E.,24.0,44.0,1101.0,630.0,6.0,3.0,7.0,6.0,,,2.0,0.0,Completed,1.12,5.5,1.15,5.2,1.2,4.333,1.177,6.16,1.17,4.8
WTA,2008,5,Melbourne,Australian Open,2008-01-14,Grand Slam,Outdoor,Hard,1st Round,3,Sugiyama A.,Zvonareva V.,41.0,22.0,729.0,1146.0,6.0,3.0,1.0,1.0,,,1.0,0.0,Retired,3.75,1.25,2.92,1.37,3.75,1.25,3.6,1.357,3.2,1.33
WTA,2008,5,Melbourne,Australian Open,2008-01-14,Grand Slam,Outdoor,Hard,1st Round,3,Perebiynis T.,Brengle M.,93.0,228.0,365.0,123.0,7.0,5.0,6.0,2.0,,,2.0,0.0,Completed,1.28,3.5,1.25,3.9,1.286,3.5,1.299,4.05,1.29,3.5
WTA,2008,5,Melbourne,Australian Open,2008-01-14,Grand Slam,Outdoor,Hard,1st Round,3,Bammer S.,Tanasugarn T.,20.0,117.0,1308.0,305.0,6.0,7.0,6.0,4.0,6.0,2.0,2.0,1.0,Completed,1.14,5.0,1.13,5.5,1.143,5.0,1.155,6.85,1.14,5.4
WTA,2008,5,Melbourne,Australian Open,2008-01-14,Grand Slam,Outdoor,Hard,1st Round,3,Razzano V.,Harkleroad A.,29.0,58.0,954.0,510.0,6.0,3.0,7.0,5.0,,,2.0,0.0,Completed,1.36,3.0,1.4,2.85,1.364,3.0,1.476,2.9,1.37,3.0
WTA,2008,5,Melbourne,Australian Open,2008-01-14,Grand Slam,Outdoor,Hard,1st Round,3,Molik A.,Kanepi K.,62.0,60.0,485.0,501.0,7.0,6.0,7.0,5.0,,,2.0,0.0,Completed,1.44,2.62,1.42,2.75,1.071,7.5,1.42,3.18,1.43,2.75
WTA,2008,5,Melbourne,Australian Open,2008-01-14,Grand Slam,Outdoor,Hard,1st Round,3,Vaidisova N.,Olaru I.,12.0,57.0,1977.0,511.0,6.0,3.0,6.0,0.0,,,2.0,0.0,Completed,1.02,12.0,1.05,8.5,1.06,8.0,1.038,21.0,1.03,12.0
WTA,2008,5,Melbourne,Australian Open,2008-01-15,Grand Slam,Outdoor,Hard,1st Round,3,Chakvetadze A.,Petkovic,6.0,92.0,2880.0,368.0,0.0,0.0,,,,,0.0,0.0,Retired,1.03,10.0,1.04,9.25,1.04,10.0,1.044,18.5,1.03,12.0
WTA,2008,5,Melbourne,Australian Open,2008-01-15,Grand Slam,Outdoor,Hard,1st Round,3,Cornet A.,Fernandez C.,59.0,400.0,506.0,48.0,6.0,3.0,6.0,3.0,,,2.0,0.0,Completed,1.36,3.0,1.35,3.1,1.333,3.25,1.478,2.89,1.4,2.85
WTA,2008,5,Melbourne,Australian Open,2008-01-15,Grand Slam,Outdoor,Hard,1st Round,3,Meusburger Y.,Granville L.,70.0,72.0,442.0,437.0,6.0,1.0,6.0,4.0,,,2.0,0.0,Completed,2.1,1.66,2.15,1.65,2.1,1.667,2.3,1.714,2.23,1.62
WTA,2008,5,Melbourne,Australian Open,2008-01-15,Grand Slam,Outdoor,Hard,1st Round,3,Hantuchova D.,King V.,9.0,108.0,2367.0,328.0,6.0,3.0,7.0,5.0,,,2.0,0.0,Completed,1.04,9.0,1.06,7.79,1.071,7.5,1.057,14.5,1.06,8.5
WTA,2008,5,Melbourne,Australian Open,2008-01-15,Grand Slam,Outdoor,Hard,1st Round,3,Morigami A.,Krajicek M.,49.0,33.0,588.0,864.0,6.0,2.0,6.0,2.0,,,2.0,0.0,Completed,1.8,1.9,1.7,2.05,1.8,1.909,1.962,1.943,1.7,2.1
WTA,2008,5,Melbourne,Australian Open,2008-01-15,Grand Slam,Outdoor,Hard,1st Round,3,Kleybanova A.,Peng S.,154.0,45.0,224.0,614.0,7.0,5.0,4.0,6.0,9.0,7.0,2.0,1.0,Completed,3.0,1.36,2.6,1.45,3.0,1.36,2.6,1.588,3.0,1.37
WTA,2008,5,Melbourne,Australian Open,2008-01-15,Grand Slam,Outdoor,Hard,1st Round,3,Kirilenko M.,Tu M.,26.0,46.0,973.0,607.0,6.0,4.0,4.0,6.0,6.0,3.0,2.0,1.0,Completed,1.16,4.5,1.17,4.67,1.167,4.5,1.239,4.79,1.22,4.1
WTA,2008,5,Melbourne,Australian Open,2008-01-15,Grand Slam,Outdoor,Hard,1st Round,3,Wozniacki C.,Dulko G.,64.0,38.0,464.0,770.0,6.0,1.0,6.0,1.0,,,2.0,0.0,Completed,1.9,1.8,1.95,1.8,1.833,1.833,2.04,1.877,1.88,1.88
WTA,2008,5,Melbourne,Australian Open,2008-01-15,Grand Slam,Outdoor,Hard,1st Round,3,Pironkova T.,Govortsova O.,94.0,47.0,365.0,597.0,6.0,1.0,6.0,1.0,,,2.0,0.0,Completed,1.5,2.5,1.37,2.92,1.533,2.375,1.444,3.05,1.44,2.72
WTA,2008,5,Melbourne,Australian Open,2008-01-15,Grand Slam,Outdoor,Hard,1st Round,3,Domachowska M.,Johansson M.,146.0,134.0,236.0,260.0,6.0,1.0,6.0,1.0,,,2.0,0.0,Completed,1.36,3.0,1.35,3.1,1.364,3.0,1.357,3.6,1.37,3.0
WTA,2008,5,Melbourne,Australian Open,2008-01-15,Grand Slam,Outdoor,Hard,1st Round,3,Parmentier P.,Muller M.,56.0,54.0,513.0,540.0,7.0,5.0,6.0,3.0,,,2.0,0.0,Completed,1.33,3.25,1.28,3.46,1.364,3.0,1.332,3.71,1.3,3.4
WTA,2008,5,Melbourne,Australian Open,2008-01-15,Grand Slam,Outdoor,Hard,1st Round,3,Radwanska A.,Savchuk O.,28.0,86.0,962.0,383.0,6.0,0.0,6.0,1.0,,,2.0,0.0,Completed,1.1,6.5,1.1,6.75,1.111,6.0,1.125,8.2,1.1,6.75
WTA,2008,5,Melbourne,Australian Open,2008-01-15,Grand Slam,Outdoor,Hard,1st Round,3,Kuznetsova S.,Dechy N.,2.0,67.0,3810.0,456.0,6.0,3.0,6.0,1.0,,,2.0,0.0,Completed,1.03,10.0,1.07,7.19,1.063,8.0,1.038,21.5,1.05,9.5
WTA,2008,5,Melbourne,Australian Open,2008-01-15,Grand Slam,Outdoor,Hard,1st Round,3,Bacsinszky T.,Ferguson S.,119.0,174.0,298.0,171.0,6.0,4.0,6.0,3.0,,,2.0,0.0,Completed,1.25,3.75,1.23,3.89,1.25,3.75,1.244,4.7,1.22,4.1
WTA,2008,5,Melbourne,Australian Open,2008-01-15,Grand Slam,Outdoor,Hard,1st Round,3,Bondarenko A.,Kudryavtseva A.,21.0,75.0,1171.0,413.0,6.0,4.0,7.0,6.0,,,2.0,0.0,Completed,1.16,4.5,1.2,4.25,1.222,4.0,1.211,5.35,1.22,4.1
WTA,2008,5,Melbourne,Australian Open,2008-01-15,Grand Slam,Outdoor,Hard,1st Round,3,Makarova E.,Szavay A.,110.0,19.0,321.0,1316.0,3.0,6.0,6.0,4.0,7.0,5.0,2.0,1.0,Completed,8.5,1.05,6.25,1.1,7.0,1.083,10.5,1.087,7.8,1.07
WTA,2008,5,Melbourne,Australian Open,2008-01-15,Grand Slam,Outdoor,Hard,1st Round,3,Lisicki S.,Safina D.,194.0,16.0,152.0,1750.0,7.0,6.0,4.0,6.0,6.0,2.0,2.0,1.0,Completed,8.5,1.05,7.19,1.07,7.0,1.083,14.5,1.057,9.5,1.05
WTA,2008,5,Melbourne,Australian Open,2008-01-15,Grand Slam,Outdoor,Hard,1st Round,3,Koryttseva M.,Salerni M.E.,104.0,88.0,336.0,379.0,6.0,2.0,6.0,3.0,,,2.0,0.0,Completed,2.0,1.72,2.1,1.7,2.0,1.727,2.6,1.588,2.0,1.77
WTA,2008,5,Melbourne,Australian Open,2008-01-15,Grand Slam,Outdoor,Hard,1st Round,3,Mirza S.,Tulyaganova I.,32.0,317.0,901.0,73.0,6.0,4.0,6.0,2.0,,,2.0,0.0,Completed,1.08,7.0,1.1,6.23,1.1,6.5,1.085,10.75,1.11,6.35
WTA,2008,5,Melbourne,Australian Open,2008-01-15,Grand Slam,Outdoor,Hard,1st Round,3,Arvidsson S.,Bartoli M.,80.0,10.0,396.0,2191.0,6.0,7.0,6.0,4.0,6.0,3.0,2.0,1.0,Completed,4.5,1.16,4.25,1.2,4.333,1.2,5.0,1.227,4.2,1.21
WTA,2008,5,Melbourne,Australian Open,2008-01-15,Grand Slam,Outdoor,Hard,1st Round,3,Rodionova A.,Bachmann A.,79.0,159.0,397.0,203.0,7.0,6.0,6.0,4.0,,,2.0,0.0,Completed,2.1,1.66,2.3,1.6,2.0,1.727,2.33,1.699,,
WTA,2008,5,Melbourne,Australian Open,2008-01-15,Grand Slam,Outdoor,Hard,1st Round,3,Ivanovic A.,Cirstea S.,3.0,106.0,3516.0,333.0,7.0,5.0,6.0,3.0,,,2.0,0.0,Completed,1.03,11.0,1.02,11.5,1.04,9.0,1.02,36.0,1.02,15.0
WTA,2008,5,Melbourne,Australian Open,2008-01-15,Grand Slam,Outdoor,Hard,1st Round,3,Castano C.,Safarova L.,139.0,23.0,252.0,1132.0,6.0,1.0,6.0,4.0,,,2.0,0.0,Completed,8.5,1.05,7.19,1.07,8.0,1.063,18.5,1.044,8.5,1.06
WTA,2008,5,Melbourne,Australian Open,2008-01-15,Grand Slam,Outdoor,Hard,1st Round,3,Srebotnik K.,Dominguez Lino L.,27.0,71.0,971.0,439.0,4.0,6.0,6.0,0.0,9.0,7.0,2.0,1.0,Completed,1.08,7.0,1.1,6.25,1.083,7.0,1.085,10.75,1.1,6.75
WTA,2008,5,Melbourne,Australian Open,2008-01-15,Grand Slam,Outdoor,Hard,1st Round,3,Camerin M.E.,Wheeler C.,99.0,214.0,347.0,134.0,6.0,1.0,6.0,2.0,,,2.0,0.0,Completed,1.57,2.25,1.55,2.35,1.533,2.375,1.694,2.34,1.56,2.36
WTA,2008,5,Melbourne,Australian Open,2008-01-15,Grand Slam,Outdoor,Hard,1st Round,3,Garbin T.,Daniilidou E.,40.0,36.0,741.0,795.0,6.0,2.0,6.0,2.0,,,2.0,0.0,Completed,3.25,1.33,3.35,1.3,3.0,1.364,4.0,1.303,3.2,1.33
WTA,2008,5,Melbourne,Australian Open,2008-01-15,Grand Slam,Outdoor,Hard,1st Round,3,Li N.,Bremond S.,30.0,115.0,932.0,308.0,6.0,2.0,4.0,6.0,6.0,4.0,2.0,1.0,Completed,1.07,7.5,1.04,9.25,1.071,7.5,1.067,12.84,1.07,7.8
WTA,2008,5,Melbourne,Australian Open,2008-01-15,Grand Slam,Outdoor,Hard,1st Round,3,Kremer A.,Linetskaya E.,84.0,584.0,388.0,23.0,7.0,6.0,6.0,0.0,,,2.0,0.0,Completed,1.57,2.25,1.48,2.53,1.533,2.375,1.637,2.47,1.54,2.4
WTA,2008,5,Melbourne,Australian Open,2008-01-15,Grand Slam,Outdoor,Hard,1st Round,3,Petrova N.,Pratt N.,14.0,87.0,1862.0,380.0,6.0,1.0,6.0,3.0,,,2.0,0.0,Completed,1.08,7.0,1.1,6.25,1.125,5.5,1.071,12.0,1.12,5.85
WTA,2008,5,Melbourne,Australian Open,2008-01-15,Grand Slam,Outdoor,Hard,1st Round,3,Pin C.,Niculescu M.,90.0,155.0,372.0,221.0,5.0,7.0,6.0,1.0,6.0,1.0,2.0,1.0,Completed,1.44,2.62,1.48,2.53,1.5,2.5,1.637,2.47,1.5,2.5
WTA,2008,5,Melbourne,Australian Open,2008-01-15,Grand Slam,Outdoor,Hard,1st Round,3,Ruano Pascual V.,Vinci R.,82.0,74.0,389.0,419.0,6.0,4.0,6.0,4.0,,,2.0,0.0,Completed,1.57,2.25,1.55,2.35,1.571,2.25,1.556,2.7,1.5,2.5
WTA,2008,5,Melbourne,Australian Open,2008-01-15,Grand Slam,Outdoor,Hard,1st Round,3,Williams V.,Yan Z.,8.0,61.0,2470.0,499.0,6.0,2.0,7.0,5.0,,,2.0,0.0,Completed,1.03,11.0,1.04,9.25,1.02,11.0,1.025,28.5,1.03,12.0
WTA,2008,5,Melbourne,Australian Open,2008-01-16,Grand Slam,Outdoor,Hard,2nd Round,3,Dellacqua C.,Schnyder P.,78.0,15.0,398.0,1836.0,4.0,6.0,7.0,5.0,8.0,6.0,2.0,1.0,Completed,7.0,1.08,6.75,1.1,5.5,1.125,8.43,1.122,6.0,1.12
WTA,2008,5,Melbourne,Australian Open,2008-01-16,Grand Slam,Outdoor,Hard,2nd Round,3,Henin J.,Poutchkova O.,1.0,97.0,6430.0,353.0,6.0,1.0,7.0,5.0,,,2.0,0.0,Completed,1.005,19.0,1.01,13.5,1.01,15.0,1.014,51.66,1.01,25.0
WTA,2008,5,Melbourne,Australian Open,2008-01-16,Grand Slam,Outdoor,Hard,2nd Round,3,Schiavone F.,Kerber A.,24.0,89.0,1101.0,378.0,6.0,2.0,6.0,3.0,,,2.0,0.0,Completed,1.12,5.5,1.15,5.2,1.125,5.5,1.157,6.75,1.15,5.15
WTA,2008,5,Melbourne,Australian Open,2008-01-16,Grand Slam,Outdoor,Hard,2nd Round,3,Mauresmo A.,Shvedova Y.,18.0,85.0,1503.0,385.0,6.0,4.0,7.0,6.0,,,2.0,0.0,Completed,1.08,7.0,1.07,7.19,1.063,8.0,1.133,7.8,1.08,7.4
WTA,2008,5,Melbourne,Australian Open,2008-01-16,Grand Slam,Outdoor,Hard,2nd Round,3,Azarenka V.,Kloesel S.,25.0,162.0,1026.0,191.0,6.0,1.0,6.0,1.0,,,2.0,0.0,Completed,1.1,6.5,1.11,5.84,1.111,6.0,1.091,10.0,1.1,6.75
WTA,2008,5,Melbourne,Australian Open,2008-01-16,Grand Slam,Outdoor,Hard,2nd Round,3,Razzano V.,Pennetta F.,29.0,37.0,954.0,772.0,6.0,2.0,5.0,7.0,6.0,3.0,2.0,1.0,Completed,1.61,2.2,1.65,2.2,1.667,2.1,1.704,2.32,1.64,2.2
WTA,2008,5,Melbourne,Australian Open,2008-01-16,Grand Slam,Outdoor,Hard,2nd Round,3,Vesnina E.,Craybas J.,55.0,98.0,519.0,348.0,6.0,2.0,6.0,4.0,,,2.0,0.0,Completed,1.5,2.5,1.53,2.4,1.5,2.5,1.621,2.51,1.57,2.34
WTA,2008,5,Melbourne,Australian Open,2008-01-16,Grand Slam,Outdoor,Hard,2nd Round,3,Sugiyama A.,Perebiynis T.,41.0,93.0,729.0,365.0,6.0,4.0,6.0,4.0,,,2.0,0.0,Completed,1.61,2.2,1.65,2.15,1.615,2.2,1.84,2.09,1.7,2.1
WTA,2008,5,Melbourne,Australian Open,2008-01-16,Grand Slam,Outdoor,Hard,2nd Round,3,Vaidisova N.,Molik A.,12.0,62.0,1977.0,485.0,6.0,2.0,6.0,3.0,,,2.0,0.0,Completed,1.16,4.5,1.15,5.2,1.167,4.5,1.193,5.69,1.18,4.6
WTA,2008,5,Melbourne,Australian Open,2008-01-16,Grand Slam,Outdoor,Hard,2nd Round,3,Jankovic J.,Gallovits E.,4.0,76.0,3390.0,412.0,6.0,2.0,7.0,5.0,,,2.0,0.0,Completed,1.08,7.0,1.1,6.75,1.063,8.0,1.13,8.0,1.08,7.4
WTA,2008,5,Melbourne,Australian Open,2008-01-16,Grand Slam,Outdoor,Hard,2nd Round,3,Williams S.,Yuan M.,7.0,121.0,2772.0,291.0,6.0,3.0,6.0,1.0,,,2.0,0.0,Completed,1.01,13.0,1.01,13.5,1.02,11.0,1.02,36.0,1.01,25.0
WTA,2008,5,Melbourne,Australian Open,2008-01-16,Grand Slam,Outdoor,Hard,2nd Round,3,Dementieva E.,Medina Garrigues A.,11.0,34.0,1985.0,840.0,5.0,7.0,6.0,2.0,6.0,3.0,2.0,1.0,Completed,1.16,4.5,1.18,4.45,1.167,4.5,1.233,4.9,1.18,4.6
WTA,2008,5,Melbourne,Australian Open,2008-01-16,Grand Slam,Outdoor,Hard,2nd Round,3,Rezai A.,Golovin T.,69.0,13.0,449.0,1882.0,6.0,3.0,3.0,6.0,6.0,3.0,2.0,1.0,Completed,3.0,1.35,3.15,1.33,4.333,1.2,3.21,1.415,3.2,1.33
WTA,2008,5,Melbourne,Australian Open,2008-01-16,Grand Slam,Outdoor,Hard,2nd Round,3,Peer S.,Moore J.,17.0,376.0,1640.0,55.0,6.0,0.0,7.0,5.0,,,2.0,0.0,Completed,1.03,11.0,1.04,9.25,1.04,9.0,1.037,22.0,1.03,12.0
WTA,2008,5,Melbourne,Australian Open,2008-01-16,Grand Slam,Outdoor,Hard,2nd Round,3,Hsieh S.W.,Bammer S.,158.0,20.0,215.0,1308.0,6.0,2.0,6.0,0.0,,,2.0,0.0,Completed,5.5,1.12,5.2,1.15,5.5,1.125,6.9,1.154,5.0,1.16
WTA,2008,5,Melbourne,Australian Open,2008-01-16,Grand Slam,Outdoor,Hard,2nd Round,3,Sharapova M.,Davenport L.,5.0,51.0,2956.0,545.0,6.0,1.0,6.0,3.0,,,2.0,0.0,Completed,1.33,3.25,1.35,3.1,1.364,3.0,1.351,3.65,1.35,3.1
WTA,2008,5,Melbourne,Australian Open,2008-01-17,Grand Slam,Outdoor,Hard,2nd Round,3,Ruano Pascual V.,Castano C.,82.0,139.0,389.0,252.0,6.0,2.0,6.0,4.0,,,2.0,0.0,Completed,1.5,2.5,1.5,2.45,1.533,2.375,1.493,2.83,1.45,2.67
WTA,2008,5,Melbourne,Australian Open,2008-01-17,Grand Slam,Outdoor,Hard,2nd Round,3,Makarova E.,Meusburger Y.,110.0,70.0,321.0,442.0,6.0,3.0,6.0,1.0,,,2.0,0.0,Completed,1.66,2.1,1.6,2.25,1.667,2.1,1.709,2.31,1.67,2.15
WTA,2008,5,Melbourne,Australian Open,2008-01-17,Grand Slam,Outdoor,Hard,2nd Round,3,Kirilenko M.,Morigami A.,26.0,49.0,973.0,588.0,6.0,1.0,6.0,1.0,,,2.0,0.0,Completed,1.4,2.75,1.4,2.85,1.364,3.0,1.429,3.13,1.4,2.85
WTA,2008,5,Melbourne,Australian Open,2008-01-17,Grand Slam,Outdoor,Hard,2nd Round,3,Kuznetsova S.,Pironkova T.,2.0,94.0,3810.0,365.0,7.0,6.0,6.0,2.0,,,2.0,0.0,Completed,1.02,12.0,1.04,9.25,1.04,9.0,1.043,19.0,1.03,12.0
WTA,2008,5,Melbourne,Australian Open,2008-01-17,Grand Slam,Outdoor,Hard,2nd Round,3,Williams V.,Pin C.,8.0,90.0,2470.0,372.0,7.0,5.0,6.0,4.0,,,2.0,0.0,Completed,1.02,12.0,1.03,10.5,1.03,10.0,1.038,21.0,1.04,11.0
WTA,2008,5,Melbourne,Australian Open,2008-01-17,Grand Slam,Outdoor,Hard,2nd Round,3,Radwanska A.,Parmentier P.,28.0,56.0,962.0,513.0,7.0,5.0,6.0,4.0,,,2.0,0.0,Completed,1.11,6.0,1.15,5.2,1.125,5.5,1.171,6.35,1.15,5.15
WTA,2008,5,Melbourne,Australian Open,2008-01-17,Grand Slam,Outdoor,Hard,2nd Round,3,Mirza S.,Bacsinszky T.,32.0,119.0,901.0,298.0,6.0,1.0,4.0,6.0,7.0,5.0,2.0,1.0,Completed,1.22,4.0,1.17,4.67,1.2,4.333,1.26,4.55,1.22,4.1
WTA,2008,5,Melbourne,Australian Open,2008-01-17,Grand Slam,Outdoor,Hard,2nd Round,3,Chakvetadze A.,Kleybanova A.,6.0,154.0,2880.0,224.0,6.0,3.0,6.0,4.0,,,2.0,0.0,Completed,1.06,8.0,1.07,7.19,1.05,8.5,1.121,8.45,1.1,6.75
WTA,2008,5,Melbourne,Australian Open,2008-01-17,Grand Slam,Outdoor,Hard,2nd Round,3,Hantuchova D.,Cornet A.,9.0,59.0,2367.0,506.0,6.0,2.0,7.0,5.0,,,2.0,0.0,Completed,1.11,6.0,1.15,5.2,1.1,6.5,1.175,6.2,1.13,5.6
WTA,2008,5,Melbourne,Australian Open,2008-01-17,Grand Slam,Outdoor,Hard,2nd Round,3,Wozniacki C.,Bondarenko A.,64.0,21.0,464.0,1171.0,7.0,6.0,6.0,1.0,,,2.0,0.0,Completed,2.3,1.57,2.25,1.6,2.25,1.571,2.22,1.758,2.28,1.6
WTA,2008,5,Melbourne,Australian Open,2008-01-17,Grand Slam,Outdoor,Hard,2nd Round,3,Petrova N.,Kremer A.,14.0,84.0,1862.0,388.0,7.0,5.0,7.0,5.0,,,2.0,0.0,Completed,1.08,7.0,1.1,6.75,1.1,6.5,1.131,7.95,1.1,6.75
WTA,2008,5,Melbourne,Australian Open,2008-01-17,Grand Slam,Outdoor,Hard,2nd Round,3,Srebotnik K.,Rodionova A.,27.0,79.0,971.0,397.0,6.0,4.0,6.0,1.0,,,2.0,0.0,Completed,1.1,6.5,1.15,5.2,1.125,5.5,1.135,7.7,1.12,5.85
WTA,2008,5,Melbourne,Australian Open,2008-01-17,Grand Slam,Outdoor,Hard,2nd Round,3,Lisicki S.,Koryttseva M.,194.0,104.0,152.0,336.0,6.0,1.0,7.0,5.0,,,2.0,0.0,Completed,1.72,2.0,1.73,2.03,3.0,1.364,1.885,2.03,1.75,2.05
WTA,2008,5,Melbourne,Australian Open,2008-01-17,Grand Slam,Outdoor,Hard,2nd Round,3,Li N.,Camerin M.E.,30.0,99.0,932.0,347.0,6.0,4.0,6.0,3.0,,,2.0,0.0,Completed,1.12,5.5,1.15,5.2,1.125,5.5,1.159,6.7,1.15,5.15
WTA,2008,5,Melbourne,Australian Open,2008-01-17,Grand Slam,Outdoor,Hard,2nd Round,3,Domachowska M.,Arvidsson S.,146.0,80.0,236.0,396.0,7.0,5.0,1.0,6.0,6.0,1.0,2.0,1.0,Completed,2.0,1.72,2.05,1.75,2.2,1.615,2.24,1.746,2.24,1.62
WTA,2008,5,Melbourne,Australian Open,2008-01-17,Grand Slam,Outdoor,Hard,2nd Round,3,Ivanovic A.,Garbin T.,3.0,40.0,3516.0,741.0,6.0,0.0,6.0,3.0,,,2.0,0.0,Completed,1.04,10.0,1.07,7.19,1.063,8.0,1.071,12.18,1.06,8.5
WTA,2008,5,Melbourne,Australian Open,2008-01-18,Grand Slam,Outdoor,Hard,3rd Round,3,Henin J.,Schiavone F.,1.0,24.0,6430.0,1101.0,7.0,5.0,6.0,4.0,,,2.0,0.0,Completed,1.02,12.0,1.03,10.5,1.03,10.0,1.025,28.5,1.03,12.0
WTA,2008,5,Melbourne,Australian Open,2008-01-18,Grand Slam,Outdoor,Hard,3rd Round,3,Vaidisova N.,Sugiyama A.,12.0,41.0,1977.0,729.0,6.0,3.0,6.0,4.0,,,2.0,0.0,Completed,1.06,8.0,1.1,6.75,1.083,7.0,1.087,10.5,1.06,8.5
WTA,2008,5,Melbourne,Australian Open,2008-01-18,Grand Slam,Outdoor,Hard,3rd Round,3,Hsieh S.W.,Rezai A.,158.0,69.0,215.0,449.0,6.0,2.0,6.0,7.0,6.0,4.0,2.0,1.0,Completed,3.5,1.28,3.22,1.32,3.4,1.3,3.7,1.333,3.7,1.26
WTA,2008,5,Melbourne,Australian Open,2008-01-18,Grand Slam,Outdoor,Hard,3rd Round,3,Jankovic J.,Razzano V.,4.0,29.0,3390.0,954.0,6.0,2.0,4.0,6.0,6.0,1.0,2.0,1.0,Completed,1.4,2.75,1.4,2.85,1.444,2.625,1.51,2.81,1.4,2.85
WTA,2008,5,Melbourne,Australian Open,2008-01-18,Grand Slam,Outdoor,Hard,3rd Round,3,Williams S.,Azarenka V.,7.0,25.0,2772.0,1026.0,6.0,3.0,6.0,4.0,,,2.0,0.0,Completed,1.14,5.0,1.15,4.92,1.143,5.0,1.183,5.95,1.2,4.35
WTA,2008,5,Melbourne,Australian Open,2008-01-18,Grand Slam,Outdoor,Hard,3rd Round,3,Dementieva E.,Peer S.,11.0,17.0,1985.0,1640.0,6.0,2.0,6.0,0.0,,,2.0,0.0,Completed,1.72,2.0,1.75,2.0,1.667,2.1,1.84,2.09,1.77,2.0
WTA,2008,5,Melbourne,Australian Open,2008-01-18,Grand Slam,Outdoor,Hard,3rd Round,3,Sharapova M.,Vesnina E.,5.0,55.0,2956.0,519.0,6.0,3.0,6.0,0.0,,,2.0,0.0,Completed,1.02,12.0,1.03,10.5,1.04,9.0,1.029,26.0,1.02,18.0
WTA,2008,5,Melbourne,Australian Open,2008-01-18,Grand Slam,Outdoor,Hard,3rd Round,3,Dellacqua C.,Mauresmo A.,78.0,18.0,398.0,1503.0,3.0,6.0,6.0,4.0,6.0,4.0,2.0,1.0,Completed,4.33,1.2,4.25,1.2,4.0,1.222,4.6,1.25,3.9,1.24
WTA,2008,5,Melbourne,Australian Open,2008-01-19,Grand Slam,Outdoor,Hard,3rd Round,3,Kirilenko M.,Chakvetadze A.,26.0,6.0,973.0,2880.0,6.0,7.0,6.0,1.0,6.0,2.0,2.0,1.0,Completed,3.25,1.33,3.0,1.35,3.0,1.364,3.33,1.395,3.2,1.33
WTA,2008,5,Melbourne,Australian Open,2008-01-19,Grand Slam,Outdoor,Hard,3rd Round,3,Radwanska A.,Kuznetsova S.,28.0,2.0,962.0,3810.0,6.0,3.0,6.0,4.0,,,2.0,0.0,Completed,5.0,1.14,4.67,1.17,4.333,1.2,5.71,1.192,4.6,1.18
WTA,2008,5,Melbourne,Australian Open,2008-01-19,Grand Slam,Outdoor,Hard,3rd Round,3,Ivanovic A.,Srebotnik K.,3.0,27.0,3516.0,971.0,6.0,3.0,6.0,4.0,,,2.0,0.0,Completed,1.14,5.0,1.17,4.67,1.143,5.0,1.16,6.65,1.18,4.6
WTA,2008,5,Melbourne,Australian Open,2008-01-19,Grand Slam,Outdoor,Hard,3rd Round,3,Williams V.,Mirza S.,8.0,32.0,2470.0,901.0,7.0,6.0,6.0,4.0,,,2.0,0.0,Completed,1.08,7.0,1.13,5.5,1.1,6.5,1.13,8.0,1.12,5.85
WTA,2008,5,Melbourne,Australian Open,2008-01-20,Grand Slam,Outdoor,Hard,3rd Round,3,Domachowska M.,Li N.,146.0,30.0,236.0,932.0,2.0,6.0,6.0,2.0,6.0,4.0,2.0,1.0,Completed,4.0,1.22,4.25,1.2,4.333,1.2,4.36,1.273,4.35,1.2
WTA,2008,5,Melbourne,Australian Open,2008-01-20,Grand Slam,Outdoor,Hard,3rd Round,3,Wozniacki C.,Lisicki S.,64.0,194.0,464.0,152.0,4.0,6.0,6.0,4.0,6.0,3.0,2.0,1.0,Completed,1.44,2.62,1.45,2.6,1.4,2.75,1.442,3.06,1.42,2.8
WTA,2008,5,Melbourne,Australian Open,2008-01-20,Grand Slam,Outdoor,Hard,3rd Round,3,Petrova N.,Makarova E.,14.0,110.0,1862.0,321.0,6.0,1.0,7.0,6.0,,,2.0,0.0,Completed,1.28,3.5,1.3,3.45,1.25,3.75,1.422,3.17,1.32,3.3
WTA,2008,5,Melbourne,Australian Open,2008-01-20,Grand Slam,Outdoor,Hard,3rd Round,3,Hantuchova D.,Ruano Pascual V.,9.0,82.0,2367.0,389.0,6.0,2.0,6.0,3.0,,,2.0,0.0,Completed,1.05,9.0,1.1,6.25,1.1,6.5,1.095,9.5,1.08,7.5
WTA,2008,5,Melbourne,Australian Open,2008-01-20,Grand Slam,Outdoor,Hard,4th Round,3,Henin J.,Hsieh S.W.,1.0,158.0,6430.0,215.0,6.0,2.0,6.0,2.0,,,2.0,0.0,Completed,1.01,15.0,1.02,11.5,1.013,15.0,1.014,51.0,1.01,25.0
WTA,2008,5,Melbourne,Australian Open,2008-01-20,Grand Slam,Outdoor,Hard,4th Round,3,Sharapova M.,Dementieva E.,5.0,11.0,2956.0,1985.0,6.0,2.0,6.0,0.0,,,2.0,0.0,Completed,1.22,4.0,1.23,3.89,1.222,4.0,1.25,4.6,1.2,4.3
WTA,2008,5,Melbourne,Australian Open,2008-01-20,Grand Slam,Outdoor,Hard,4th Round,3,Williams S.,Vaidisova N.,7.0,12.0,2772.0,1977.0,6.0,3.0,6.0,4.0,,,2.0,0.0,Completed,1.36,3.0,1.37,2.92,1.364,3.0,1.444,3.05,1.39,2.9
WTA,2008,5,Melbourne,Australian Open,2008-01-20,Grand Slam,Outdoor,Hard,4th Round,3,Jankovic J.,Dellacqua C.,4.0,78.0,3390.0,398.0,7.0,6.0,6.0,1.0,,,2.0,0.0,Completed,1.16,4.5,1.25,3.75,1.2,4.333,1.233,4.9,1.22,4.1
WTA,2008,5,Melbourne,Australian Open,2008-01-21,Grand Slam,Outdoor,Hard,4th Round,3,Ivanovic A.,Wozniacki C.,3.0,64.0,3516.0,464.0,6.0,1.0,7.0,6.0,,,2.0,0.0,Completed,1.07,7.5,1.08,7.0,1.083,7.0,1.077,11.5,1.08,7.5
WTA,2008,5,Melbourne,Australian Open,2008-01-21,Grand Slam,Outdoor,Hard,4th Round,3,Hantuchova D.,Kirilenko M.,9.0,26.0,2367.0,973.0,1.0,6.0,6.0,4.0,6.0,4.0,2.0,1.0,Completed,1.61,2.2,1.6,2.3,1.571,2.25,1.68,2.37,1.55,2.38
WTA,2008,5,Melbourne,Australian Open,2008-01-21,Grand Slam,Outdoor,Hard,4th Round,3,Radwanska A.,Petrova N.,28.0,14.0,962.0,1862.0,1.0,6.0,7.0,5.0,6.0,0.0,2.0,1.0,Completed,1.61,2.2,1.6,2.25,1.667,2.1,1.676,2.38,1.64,2.2
WTA,2008,5,Melbourne,Australian Open,2008-01-21,Grand Slam,Outdoor,Hard,4th Round,3,Williams V.,Domachowska M.,8.0,146.0,2470.0,236.0,6.0,4.0,6.0,4.0,,,2.0,0.0,Completed,1.07,7.5,1.09,6.68,1.071,7.5,1.087,10.5,1.08,7.5
WTA,2008,5,Melbourne,Australian Open,2008-01-22,Grand Slam,Outdoor,Hard,Quarterfinals,3,Jankovic J.,Williams S.,4.0,7.0,3390.0,2772.0,6.0,3.0,6.0,4.0,,,2.0,0.0,Completed,2.5,1.5,4.33,1.22,4.0,1.222,4.34,1.275,3.85,1.24
WTA,2008,5,Melbourne,Australian Open,2008-01-22,Grand Slam,Outdoor,Hard,Quarterfinals,3,Sharapova M.,Henin J.,5.0,1.0,2956.0,6430.0,6.0,4.0,6.0,0.0,,,2.0,0.0,Completed,2.5,1.53,2.57,1.51,2.375,1.533,2.64,1.575,2.4,1.55
WTA,2008,5,Melbourne,Australian Open,2008-01-23,Grand Slam,Outdoor,Hard,Quarterfinals,3,Hantuchova D.,Radwanska A.,9.0,28.0,2367.0,962.0,6.0,2.0,6.0,2.0,,,2.0,0.0,Completed,1.9,1.9,1.83,1.91,1.8,1.909,1.971,1.935,2.0,1.77
WTA,2008,5,Melbourne,Australian Open,2008-01-23,Grand Slam,Outdoor,Hard,Quarterfinals,3,Ivanovic A.,Williams V.,3.0,8.0,3516.0,2470.0,7.0,6.0,6.0,4.0,,,2.0,0.0,Completed,2.25,1.61,2.2,1.65,2.1,1.667,2.36,1.685,2.14,1.68
WTA,2008,5,Melbourne,Australian Open,2008-01-24,Grand Slam,Outdoor,Hard,Semifinals,3,Sharapova M.,Jankovic J.,5.0,4.0,2956.0,3390.0,6.0,3.0,6.0,1.0,,,2.0,0.0,Completed,1.14,5.5,1.16,5.29,1.167,4.5,1.194,5.65,1.16,5.0
WTA,2008,5,Melbourne,Australian Open,2008-01-24,Grand Slam,Outdoor,Hard,Semifinals,3,Ivanovic A.,Hantuchova D.,3.0,9.0,3516.0,2367.0,0.0,6.0,6.0,3.0,6.0,4.0,2.0,1.0,Completed,1.25,4.0,1.3,3.53,1.286,3.5,1.29,4.15,1.3,3.45
WTA,2008,5,Melbourne,Australian Open,2008-01-26,Grand Slam,Outdoor,Hard,The Final,3,Sharapova M.,Ivanovic A.,5.0,3.0,2956.0,3516.0,7.0,5.0,6.0,3.0,,,2.0,0.0,Completed,1.2,4.5,1.21,4.54,1.2,4.333,1.234,4.87,1.21,4.3
WTA,2008,27,Paris,French Open,2008-05-25,Grand Slam,Outdoor,Clay,1st Round,3,Yakimova A.,Hsieh S.W.,168.0,105.0,178.0,323.0,6.0,7.0,7.0,5.0,6.0,4.0,2.0,1.0,Completed,1.53,2.37,1.5,2.45,1.615,2.2,1.621,2.51,1.56,2.36
WTA,2008,27,Paris,French Open,2008-05-25,Grand Slam,Outdoor,Clay,1st Round,3,Safarova L.,Kloesel S.,41.0,123.0,641.0,286.0,6.0,1.0,6.0,1.0,,,2.0,0.0,Completed,1.28,3.5,1.2,4.25,1.25,3.75,1.265,4.48,1.24,3.9
WTA,2008,27,Paris,French Open,2008-05-25,Grand Slam,Outdoor,Clay,1st Round,3,Ivanovic A.,Arvidsson S.,2.0,52.0,3922.0,540.0,6.0,2.0,7.0,5.0,,,2.0,0.0,Completed,1.03,11.0,1.04,9.25,1.04,9.0,1.048,17.0,1.05,9.5
WTA,2008,27,Paris,French Open,2008-05-25,Grand Slam,Outdoor,Clay,1st Round,3,Benesova I.,Vaidisova N.,70.0,16.0,435.0,1435.0,7.0,6.0,6.0,1.0,,,2.0,0.0,Completed,1.9,1.8,1.87,1.87,1.833,1.833,2.09,1.84,1.92,1.84
WTA,2008,27,Paris,French Open,2008-05-25,Grand Slam,Outdoor,Clay,1st Round,3,Sfar S.,Dubois S.,241.0,95.0,110.0,342.0,7.0,5.0,6.0,2.0,,,2.0,0.0,Completed,1.57,2.25,,,1.667,2.1,1.602,2.56,1.58,2.32
WTA,2008,27,Paris,French Open,2008-05-25,Grand Slam,Outdoor,Clay,1st Round,3,Zakopalova K.,Razzano V.,55.0,28.0,521.0,1030.0,4.0,6.0,6.0,3.0,6.0,2.0,2.0,1.0,Completed,2.1,1.66,2.15,1.65,2.1,1.667,2.12,1.82,2.0,1.77
WTA,2008,27,Paris,French Open,2008-05-25,Grand Slam,Outdoor,Clay,1st Round,3,Wozniacki C.,Meusburger Y.,34.0,91.0,775.0,347.0,6.0,0.0,6.0,2.0,,,2.0,0.0,Completed,1.07,7.5,1.07,7.19,1.083,7.0,1.08,11.0,1.06,9.0
WTA,2008,27,Paris,French Open,2008-05-25,Grand Slam,Outdoor,Clay,1st Round,3,Makarova E.,Castano C.,66.0,124.0,455.0,285.0,7.0,5.0,6.0,1.0,,,2.0,0.0,Completed,2.1,1.66,1.91,1.83,2.1,1.667,2.22,1.758,2.18,1.65
WTA,2008,27,Paris,French Open,2008-05-25,Grand Slam,Outdoor,Clay,1st Round,3,Johansson M.,Pin C.,129.0,72.0,277.0,423.0,6.0,4.0,4.0,6.0,6.0,2.0,2.0,1.0,Completed,1.9,1.8,2.0,1.75,1.909,1.8,1.962,1.943,1.91,1.85
WTA,2008,27,Paris,French Open,2008-05-25,Grand Slam,Outdoor,Clay,1st Round,3,Cibulkova D.,Kerber A.,31.0,94.0,933.0,342.0,6.0,2.0,6.0,2.0,,,2.0,0.0,Completed,1.07,7.5,1.07,7.19,1.1,6.5,1.08,11.0,1.05,9.5
WTA,2008,27,Paris,French Open,2008-05-25,Grand Slam,Outdoor,Clay,1st Round,3,Voskoboeva G.,Fedossova Y.,101.0,207.0,335.0,137.0,6.0,0.0,6.0,7.0,6.0,1.0,2.0,1.0,Completed,1.28,3.5,1.28,3.46,1.333,3.25,1.292,4.12,1.28,3.55
WTA,2008,27,Paris,French Open,2008-05-25,Grand Slam,Outdoor,Clay,1st Round,3,Cornet A.,Vakulenko J.,20.0,76.0,1160.0,408.0,7.0,5.0,6.0,4.0,,,2.0,0.0,Completed,1.11,6.0,1.1,6.25,1.143,5.0,1.131,7.95,1.1,6.75
WTA,2008,27,Paris,French Open,2008-05-25,Grand Slam,Outdoor,Clay,1st Round,3,Sequera M.,Osterloh L.,156.0,122.0,201.0,288.0,7.0,6.0,7.0,5.0,,,2.0,0.0,Completed,1.66,2.1,1.65,2.2,1.667,2.1,1.629,2.49,,
WTA,2008,27,Paris,French Open,2008-05-25,Grand Slam,Outdoor,Clay,1st Round,3,Williams S.,Harkleroad A.,5.0,61.0,2836.0,495.0,6.0,2.0,6.0,1.0,,,2.0,0.0,Completed,1.04,10.0,1.04,9.25,1.03,10.0,1.03,24.0,1.02,15.0
WTA,2008,27,Paris,French Open,2008-05-25,Grand Slam,Outdoor,Clay,1st Round,3,Dechy N.,Ditty J.,88.0,100.0,358.0,336.0,7.0,5.0,7.0,6.0,,,2.0,0.0,Completed,1.25,3.75,1.3,3.35,1.3,3.4,1.302,4.01,1.25,3.8
WTA,2008,27,Paris,French Open,2008-05-26,Grand Slam,Outdoor,Clay,1st Round,3,Loit E.,Yan Z.,108.0,42.0,317.0,625.0,1.0,6.0,6.0,4.0,7.0,6.0,2.0,1.0,Completed,2.5,1.5,2.4,1.53,2.25,1.571,2.78,1.524,2.5,1.5
WTA,2008,27,Paris,French Open,2008-05-26,Grand Slam,Outdoor,Clay,1st Round,3,Pavlyuchenkova A.,Salerni M.E.,188.0,97.0,158.0,338.0,6.0,1.0,6.0,1.0,,,2.0,0.0,Completed,1.22,4.0,1.3,3.34,1.25,3.75,1.269,4.42,1.29,3.5
WTA,2008,27,Paris,French Open,2008-05-26,Grand Slam,Outdoor,Clay,1st Round,3,Bacsinszky T.,Paszek T.,63.0,46.0,489.0,567.0,1.0,6.0,6.0,3.0,6.0,3.0,2.0,1.0,Completed,1.57,2.25,1.7,2.1,1.727,2.0,1.676,2.38,1.65,2.18
WTA,2008,27,Paris,French Open,2008-05-26,Grand Slam,Outdoor,Clay,1st Round,3,Jankovic J.,Niculescu M.,3.0,86.0,3755.0,365.0,7.0,6.0,6.0,2.0,,,2.0,0.0,Completed,1.01,15.0,1.01,13.5,1.03,10.0,1.018,36.0,1.02,15.0
WTA,2008,27,Paris,French Open,2008-05-26,Grand Slam,Outdoor,Clay,1st Round,3,Knapp K.,Muller M.,38.0,84.0,695.0,373.0,6.0,0.0,6.0,4.0,,,2.0,0.0,Completed,1.5,2.5,1.5,2.45,1.571,2.25,1.538,2.76,1.54,2.4
WTA,2008,27,Paris,French Open,2008-05-26,Grand Slam,Outdoor,Clay,1st Round,3,Pandzic J.,Bremond S.,189.0,117.0,155.0,306.0,4.0,6.0,6.0,3.0,6.0,2.0,2.0,1.0,Completed,2.75,1.4,2.9,1.35,2.75,1.4,2.59,1.592,2.75,1.43
WTA,2008,27,Paris,French Open,2008-05-26,Grand Slam,Outdoor,Clay,1st Round,3,Szavay A.,Morita A.,13.0,109.0,1682.0,315.0,6.0,1.0,4.0,6.0,6.0,4.0,2.0,1.0,Completed,1.07,7.5,1.1,6.75,1.111,6.0,1.091,10.0,1.08,7.5
WTA,2008,27,Paris,French Open,2008-05-26,Grand Slam,Outdoor,Clay,1st Round,3,Schnyder P.,Bychkova E.,11.0,99.0,1830.0,336.0,6.0,3.0,6.0,4.0,,,2.0,0.0,Completed,1.11,6.0,1.11,5.84,1.143,5.0,1.136,7.65,1.11,6.25
WTA,2008,27,Paris,French Open,2008-05-26,Grand Slam,Outdoor,Clay,1st Round,3,Williams V.,Obziler T.,7.0,93.0,2606.0,344.0,6.0,3.0,4.0,6.0,6.0,2.0,2.0,1.0,Completed,1.02,13.0,1.03,10.5,1.04,9.0,1.033,23.5,,
WTA,2008,27,Paris,French Open,2008-05-26,Grand Slam,Outdoor,Clay,1st Round,3,Cetkovska P.,Bondarenko A.,77.0,27.0,405.0,1046.0,6.0,3.0,6.0,0.0,,,2.0,0.0,Completed,4.0,1.22,4.25,1.2,4.5,1.167,4.09,1.295,4.3,1.2
WTA,2008,27,Paris,French Open,2008-05-26,Grand Slam,Outdoor,Clay,1st Round,3,Dulko G.,Errani S.,40.0,53.0,642.0,537.0,6.0,4.0,4.0,6.0,7.0,5.0,2.0,1.0,Completed,1.36,3.0,1.35,3.1,1.364,3.0,1.397,3.32,1.35,3.1
WTA,2008,27,Paris,French Open,2008-05-27,Grand Slam,Outdoor,Clay,1st Round,3,Mauresmo A.,Savchuk O.,29.0,81.0,1017.0,389.0,7.0,5.0,4.0,6.0,6.0,1.0,2.0,1.0,Completed,1.14,5.0,1.2,4.25,1.143,5.0,1.198,5.56,1.18,4.6
WTA,2008,27,Paris,French Open,2008-05-27,Grand Slam,Outdoor,Clay,1st Round,3,Kuznetsova S.,Nakamura A.,4.0,71.0,3365.0,427.0,6.0,2.0,6.0,3.0,,,2.0,0.0,Completed,1.02,13.0,1.03,10.5,1.03,10.0,1.032,24.55,1.02,15.0
WTA,2008,27,Paris,French Open,2008-05-27,Grand Slam,Outdoor,Clay,1st Round,3,Sugiyama A.,Kudryavtseva A.,35.0,102.0,752.0,332.0,6.0,1.0,2.0,6.0,6.0,3.0,2.0,1.0,Completed,1.36,3.0,1.39,2.83,1.364,3.0,1.383,3.41,1.32,3.25
WTA,2008,27,Paris,French Open,2008-05-27,Grand Slam,Outdoor,Clay,1st Round,3,Suarez Navarro C.,Parmentier P.,132.0,47.0,272.0,565.0,6.0,4.0,5.0,7.0,6.0,2.0,2.0,1.0,Completed,1.66,2.1,1.8,1.95,1.727,2.0,1.746,2.24,1.67,2.15
WTA,2008,27,Paris,French Open,2008-05-27,Grand Slam,Outdoor,Clay,1st Round,3,Safina D.,Bondarenko K.,14.0,57.0,1662.0,512.0,6.0,1.0,6.0,3.0,,,2.0,0.0,Completed,1.08,7.0,1.12,5.84,1.111,6.0,1.111,8.75,1.1,6.75
WTA,2008,27,Paris,French Open,2008-05-27,Grand Slam,Outdoor,Clay,1st Round,3,Lisicki S.,Vesnina E.,83.0,45.0,379.0,613.0,3.0,6.0,6.0,4.0,6.0,0.0,2.0,1.0,Completed,1.66,2.1,1.65,2.15,1.727,2.0,1.746,2.24,1.72,2.07
WTA,2008,27,Paris,French Open,2008-05-27,Grand Slam,Outdoor,Clay,1st Round,3,Sanchez O.,Gajdosova J.,114.0,195.0,307.0,147.0,7.0,6.0,7.0,6.0,,,2.0,0.0,Completed,2.62,1.44,2.53,1.48,2.375,1.533,2.76,1.538,2.52,1.5
WTA,2008,27,Paris,French Open,2008-05-27,Grand Slam,Outdoor,Clay,1st Round,3,Radwanska A.,Koryttseva M.,15.0,65.0,1638.0,485.0,6.0,4.0,6.0,3.0,,,2.0,0.0,Completed,1.1,6.5,1.1,6.75,1.125,5.5,1.13,8.0,1.1,6.0
WTA,2008,27,Paris,French Open,2008-05-28,Grand Slam,Outdoor,Clay,1st Round,3,Sharapova M.,Rodina E.,1.0,103.0,4116.0,328.0,6.0,1.0,3.0,6.0,7.0,6.0,2.0,1.0,Completed,1.01,15.0,1.01,13.5,1.02,11.0,1.018,36.0,1.02,15.0
WTA,2008,27,Paris,French Open,2008-05-28,Grand Slam,Outdoor,Clay,1st Round,3,Schiavone F.,Craybas J.,19.0,62.0,1201.0,490.0,6.0,3.0,6.0,2.0,,,2.0,0.0,Completed,1.12,5.5,1.15,5.2,1.167,4.5,1.157,6.75,1.12,6.0
WTA,2008,27,Paris,French Open,2008-05-28,Grand Slam,Outdoor,Clay,1st Round,3,Mamic S.,Krajicek M.,334.0,44.0,65.0,615.0,6.0,4.0,6.0,3.0,,,2.0,0.0,Completed,1.66,2.1,1.7,2.1,1.833,1.833,1.699,2.33,1.77,2.0
WTA,2008,27,Paris,French Open,2008-05-28,Grand Slam,Outdoor,Clay,1st Round,3,Govortsova O.,Fedak Y.,37.0,139.0,704.0,258.0,7.0,5.0,2.0,6.0,6.0,3.0,2.0,1.0,Completed,1.28,3.5,1.3,3.35,1.286,3.5,1.347,3.68,1.3,3.4
WTA,2008,27,Paris,French Open,2008-05-28,Grand Slam,Outdoor,Clay,1st Round,3,Dementieva E.,Dushevina V.,8.0,48.0,2590.0,564.0,6.0,7.0,6.0,0.0,6.0,2.0,2.0,1.0,Completed,1.1,6.5,1.11,5.84,1.111,6.0,1.111,8.75,1.1,6.75
WTA,2008,27,Paris,French Open,2008-05-28,Grand Slam,Outdoor,Clay,1st Round,3,Rybarikova M.,Sprem K.,158.0,345.0,198.0,62.0,7.0,6.0,3.0,6.0,7.0,6.0,2.0,1.0,Completed,1.57,2.25,1.6,2.25,1.667,2.1,1.641,2.46,1.58,2.33
WTA,2008,27,Paris,French Open,2008-05-28,Grand Slam,Outdoor,Clay,1st Round,3,Mattek B.,Brengle M.,106.0,249.0,321.0,103.0,6.0,3.0,2.0,6.0,6.0,4.0,2.0,1.0,Completed,1.19,4.33,1.23,3.89,1.25,3.75,1.267,4.45,1.22,4.1
WTA,2008,27,Paris,French Open,2008-05-28,Grand Slam,Outdoor,Clay,1st Round,3,King V.,Huck V.,113.0,268.0,307.0,96.0,4.0,6.0,6.0,2.0,6.0,1.0,2.0,1.0,Completed,1.25,3.75,1.25,3.75,1.3,3.4,1.306,3.97,1.26,3.7
WTA,2008,27,Paris,French Open,2008-05-28,Grand Slam,Outdoor,Clay,1st Round,3,Domachowska M.,De Los Rios R.,73.0,89.0,417.0,358.0,3.0,6.0,6.0,3.0,6.0,1.0,2.0,1.0,Completed,1.4,2.75,1.45,2.6,1.5,2.5,1.465,2.95,1.43,2.72
WTA,2008,27,Paris,French Open,2008-05-28,Grand Slam,Outdoor,Clay,1st Round,3,Amanmuradova A.,Wickmayer Y.,50.0,98.0,557.0,338.0,6.0,2.0,7.0,5.0,,,2.0,0.0,Completed,2.0,1.72,1.95,1.8,1.833,1.833,1.98,1.926,,
WTA,2008,27,Paris,French Open,2008-05-28,Grand Slam,Outdoor,Clay,1st Round,3,Pennetta F.,Perebiynis T.,30.0,60.0,999.0,495.0,6.0,3.0,6.0,2.0,,,2.0,0.0,Completed,1.4,2.75,1.4,2.85,1.4,2.75,1.524,2.78,1.38,2.95
WTA,2008,27,Paris,French Open,2008-05-28,Grand Slam,Outdoor,Clay,1st Round,3,Dellacqua C.,Bartoli M.,51.0,9.0,555.0,2173.0,6.0,7.0,6.0,3.0,6.0,2.0,2.0,1.0,Completed,3.25,1.33,3.28,1.31,3.25,1.333,3.43,1.38,,
WTA,2008,27,Paris,French Open,2008-05-28,Grand Slam,Outdoor,Clay,1st Round,3,Srebotnik K.,Ruano Pascual V.,24.0,74.0,1060.0,415.0,6.0,4.0,6.0,2.0,,,2.0,0.0,Completed,1.11,6.0,1.15,5.2,1.143,5.0,1.139,7.47,1.11,6.25
WTA,2008,27,Paris,French Open,2008-05-28,Grand Slam,Outdoor,Clay,1st Round,3,Erakovic M.,Garbin T.,80.0,56.0,392.0,512.0,6.0,7.0,6.0,3.0,6.0,3.0,2.0,1.0,Completed,2.75,1.4,2.75,1.42,2.625,1.444,3.16,1.424,2.78,1.42
WTA,2008,27,Paris,French Open,2008-05-28,Grand Slam,Outdoor,Clay,1st Round,3,Chakvetadze A.,Llagostera Vives N.,6.0,82.0,2731.0,384.0,6.0,3.0,5.0,7.0,6.0,1.0,2.0,1.0,Completed,1.14,5.0,1.15,5.2,1.143,5.0,1.196,5.6,1.18,4.6
WTA,2008,27,Paris,French Open,2008-05-28,Grand Slam,Outdoor,Clay,1st Round,3,Wozniak A.,Bammer S.,140.0,22.0,253.0,1150.0,6.0,0.0,6.0,2.0,,,2.0,0.0,Completed,5.0,1.14,5.2,1.15,5.0,1.143,5.5,1.2,5.25,1.15
WTA,2008,27,Paris,French Open,2008-05-28,Grand Slam,Outdoor,Clay,1st Round,3,Zvonareva V.,Foretz S.,12.0,121.0,1772.0,289.0,6.0,2.0,6.0,1.0,,,2.0,0.0,Completed,1.03,12.0,1.04,9.25,1.04,9.0,1.05,16.0,1.02,15.0
WTA,2008,27,Paris,French Open,2008-05-28,Grand Slam,Outdoor,Clay,1st Round,3,Peng S.,Rodionova A.,64.0,67.0,486.0,452.0,6.0,0.0,2.0,6.0,6.0,3.0,2.0,1.0,Completed,,,1.25,3.75,,,,,1.28,3.55
WTA,2008,27,Paris,French Open,2008-05-28,Grand Slam,Outdoor,Clay,1st Round,3,Kanepi K.,Yuan M.,49.0,104.0,562.0,327.0,6.0,2.0,6.0,2.0,,,2.0,0.0,Completed,1.2,4.33,1.2,4.25,1.222,4.0,1.235,4.85,1.24,3.9
WTA,2008,27,Paris,French Open,2008-05-28,Grand Slam,Outdoor,Clay,1st Round,3,Petrova N.,Rezai A.,25.0,58.0,1058.0,497.0,7.0,6.0,6.0,3.0,,,2.0,0.0,Completed,1.5,2.5,1.6,2.3,1.5,2.5,1.613,2.53,1.52,2.46
WTA,2008,27,Paris,French Open,2008-05-28,Grand Slam,Outdoor,Clay,1st Round,3,Kirilenko M.,Camerin M.E.,23.0,143.0,1123.0,237.0,6.0,1.0,6.0,0.0,,,2.0,0.0,Completed,1.06,8.0,1.1,6.75,1.111,6.0,1.1,9.0,1.09,7.3
WTA,2008,27,Paris,French Open,2008-05-28,Grand Slam,Outdoor,Clay,1st Round,3,Cirstea S.,Kremer A.,78.0,131.0,404.0,276.0,6.0,0.0,3.0,0.0,,,1.0,0.0,Retired,1.16,4.5,1.17,4.67,1.222,4.0,1.23,4.95,1.2,4.3
WTA,2008,27,Paris,French Open,2008-05-28,Grand Slam,Outdoor,Clay,1st Round,3,Kleybanova A.,Tanasugarn T.,54.0,75.0,529.0,415.0,6.0,3.0,6.0,0.0,,,2.0,0.0,Completed,1.14,5.0,1.15,5.2,1.167,4.5,1.18,6.05,,
WTA,2008,27,Paris,French Open,2008-05-28,Grand Slam,Outdoor,Clay,1st Round,3,Cohen Aloro S.,Olaru R.,270.0,208.0,95.0,137.0,7.0,6.0,6.0,3.0,,,2.0,0.0,Completed,1.72,2.0,1.8,1.95,1.833,1.833,1.769,2.2,1.82,1.94
WTA,2008,27,Paris,French Open,2008-05-28,Grand Slam,Outdoor,Clay,1st Round,3,Zheng J.,Santangelo M.,200.0,115.0,143.0,306.0,4.0,6.0,6.0,3.0,6.0,0.0,2.0,1.0,Completed,1.16,4.5,1.14,5.19,1.222,4.0,1.213,5.3,1.2,4.3
WTA,2008,27,Paris,French Open,2008-05-28,Grand Slam,Outdoor,Clay,1st Round,3,Stosur S.,Peer S.,149.0,18.0,223.0,1215.0,6.0,2.0,3.0,6.0,6.0,1.0,2.0,1.0,Completed,3.25,1.33,3.35,1.3,3.4,1.3,3.62,1.355,3.4,1.3
WTA,2008,27,Paris,French Open,2008-05-28,Grand Slam,Outdoor,Clay,1st Round,3,Medina Garrigues A.,Martinez-Sanchez M.J.,33.0,145.0,848.0,232.0,6.0,3.0,6.0,2.0,,,2.0,0.0,Completed,1.11,6.0,1.11,5.84,1.12,5.5,1.158,6.71,1.1,6.75
WTA,2008,27,Paris,French Open,2008-05-28,Grand Slam,Outdoor,Clay,1st Round,3,Kvitova P.,Morigami A.,87.0,69.0,365.0,437.0,6.0,4.0,6.0,3.0,,,2.0,0.0,Completed,1.4,2.75,1.42,2.75,1.444,2.625,1.408,3.25,1.44,2.7
WTA,2008,27,Paris,French Open,2008-05-28,Grand Slam,Outdoor,Clay,1st Round,3,Azarenka V.,Gallovits E.,17.0,59.0,1248.0,497.0,6.0,1.0,6.0,3.0,,,2.0,0.0,Completed,1.12,5.5,1.15,5.2,1.143,5.0,1.182,6.0,1.18,4.6
WTA,2008,27,Paris,French Open,2008-05-28,Grand Slam,Outdoor,Clay,1st Round,3,Pironkova T.,Chan Y.J.,43.0,68.0,624.0,448.0,5.0,7.0,6.0,2.0,6.0,0.0,2.0,1.0,Completed,1.53,2.37,1.5,2.45,1.5,2.5,1.549,2.72,1.53,2.44
WTA,2008,27,Paris,French Open,2008-05-28,Grand Slam,Outdoor,Clay,2nd Round,3,Loit E.,Zakopalova K.,108.0,55.0,317.0,521.0,6.0,4.0,6.0,3.0,,,2.0,0.0,Completed,3.75,1.25,3.35,1.3,3.75,1.25,3.76,1.327,3.8,1.25
WTA,2008,27,Paris,French Open,2008-05-28,Grand Slam,Outdoor,Clay,2nd Round,3,Radwanska A.,Pandzic J.,15.0,189.0,1638.0,155.0,6.0,2.0,6.0,0.0,,,2.0,0.0,Completed,1.04,10.0,1.04,9.25,1.063,8.0,1.062,14.08,1.05,9.5
WTA,2008,27,Paris,French Open,2008-05-28,Grand Slam,Outdoor,Clay,2nd Round,3,Wozniacki C.,Yakimova A.,34.0,168.0,775.0,178.0,6.0,0.0,6.0,4.0,,,2.0,0.0,Completed,1.1,6.5,1.1,6.25,1.111,6.0,1.125,8.21,1.11,6.25
WTA,2008,27,Paris,French Open,2008-05-28,Grand Slam,Outdoor,Clay,2nd Round,3,Ivanovic A.,Safarova L.,2.0,41.0,3922.0,641.0,6.0,1.0,6.0,2.0,,,2.0,0.0,Completed,1.12,5.5,1.15,5.2,1.125,5.5,1.179,6.08,1.15,5.15
WTA,2008,27,Paris,French Open,2008-05-28,Grand Slam,Outdoor,Clay,2nd Round,3,Schnyder P.,Bacsinszky T.,11.0,63.0,1830.0,489.0,6.0,4.0,4.0,6.0,6.0,1.0,2.0,1.0,Completed,1.28,3.5,1.3,3.35,1.3,3.4,1.331,3.72,1.3,3.4
WTA,2008,27,Paris,French Open,2008-05-28,Grand Slam,Outdoor,Clay,2nd Round,3,Williams S.,Johansson M.,5.0,129.0,2836.0,277.0,6.0,2.0,7.0,5.0,,,2.0,0.0,Completed,1.01,15.0,1.01,13.5,1.015,13.0,1.025,31.0,1.02,15.0
WTA,2008,27,Paris,French Open,2008-05-29,Grand Slam,Outdoor,Clay,2nd Round,3,Williams V.,Sfar S.,7.0,241.0,2606.0,110.0,6.0,2.0,6.0,4.0,,,2.0,0.0,Completed,1.01,15.0,1.02,11.5,1.02,11.0,1.029,26.0,1.03,12.0
WTA,2008,27,Paris,French Open,2008-05-29,Grand Slam,Outdoor,Clay,2nd Round,3,Pennetta F.,Pavlyuchenkova A.,30.0,188.0,999.0,158.0,3.0,6.0,6.0,1.0,6.0,1.0,2.0,1.0,Completed,1.28,3.5,1.26,3.59,1.333,3.25,1.388,3.38,1.28,3.55
WTA,2008,27,Paris,French Open,2008-05-29,Grand Slam,Outdoor,Clay,2nd Round,3,Srebotnik K.,Makarova E.,24.0,66.0,1060.0,455.0,6.0,0.0,7.0,5.0,,,2.0,0.0,Completed,1.2,4.33,1.25,3.75,1.222,4.0,1.239,4.78,1.2,4.3
WTA,2008,27,Paris,French Open,2008-05-29,Grand Slam,Outdoor,Clay,2nd Round,3,Jankovic J.,Erakovic M.,3.0,80.0,3755.0,392.0,6.0,2.0,7.0,6.0,,,2.0,0.0,Completed,1.01,15.0,1.02,11.5,1.015,13.0,1.025,28.5,1.03,12.0
WTA,2008,27,Paris,French Open,2008-05-29,Grand Slam,Outdoor,Clay,2nd Round,3,Benesova I.,Peng S.,70.0,64.0,435.0,486.0,6.0,4.0,6.0,3.0,,,2.0,0.0,Completed,1.4,2.75,1.44,2.67,1.44,2.62,1.457,2.99,1.44,2.7
WTA,2008,27,Paris,French Open,2008-05-29,Grand Slam,Outdoor,Clay,2nd Round,3,Cibulkova D.,Sequera M.,31.0,156.0,933.0,201.0,6.0,3.0,6.0,0.0,,,2.0,0.0,Completed,1.06,8.0,1.07,7.19,1.071,7.5,1.08,11.0,1.05,9.5
WTA,2008,27,Paris,French Open,2008-05-29,Grand Slam,Outdoor,Clay,2nd Round,3,Cetkovska P.,Voskoboeva G.,77.0,101.0,405.0,335.0,7.0,5.0,6.0,3.0,,,2.0,0.0,Completed,1.33,3.25,1.3,3.35,1.364,3.0,1.403,3.28,1.37,3.0
WTA,2008,27,Paris,French Open,2008-05-29,Grand Slam,Outdoor,Clay,2nd Round,3,Suarez Navarro C.,Mauresmo A.,132.0,29.0,272.0,1017.0,6.0,3.0,6.0,4.0,,,2.0,0.0,Completed,4.33,1.19,3.75,1.25,4.0,1.222,4.85,1.235,3.8,1.25
WTA,2008,27,Paris,French Open,2008-05-29,Grand Slam,Outdoor,Clay,2nd Round,3,Cornet A.,Dulko G.,20.0,40.0,1160.0,642.0,6.0,0.0,4.0,6.0,6.0,4.0,2.0,1.0,Completed,1.36,3.0,1.4,2.85,1.364,3.0,1.377,3.45,1.4,2.85
WTA,2008,27,Paris,French Open,2008-05-29,Grand Slam,Outdoor,Clay,2nd Round,3,Govortsova O.,Sugiyama A.,37.0,35.0,704.0,752.0,6.0,0.0,7.0,5.0,,,2.0,0.0,Completed,1.9,1.8,1.87,1.87,2.0,1.727,2.07,1.855,2.04,1.74
WTA,2008,27,Paris,French Open,2008-05-29,Grand Slam,Outdoor,Clay,2nd Round,3,Dellacqua C.,Dechy N.,51.0,88.0,555.0,358.0,6.0,4.0,6.0,2.0,,,2.0,0.0,Completed,1.66,2.1,1.56,2.34,1.8,1.909,1.847,2.08,1.77,2.0
WTA,2008,27,Paris,French Open,2008-05-29,Grand Slam,Outdoor,Clay,2nd Round,3,Dementieva E.,Domachowska M.,8.0,73.0,2590.0,417.0,6.0,1.0,6.0,4.0,,,2.0,0.0,Completed,1.06,8.0,1.05,7.25,1.083,7.0,1.089,10.19,1.1,6.75
WTA,2008,27,Paris,French Open,2008-05-29,Grand Slam,Outdoor,Clay,2nd Round,3,Knapp K.,Sanchez O.,38.0,114.0,695.0,307.0,6.0,2.0,7.0,6.0,,,2.0,0.0,Completed,1.44,2.62,1.4,2.85,1.4,2.75,1.51,2.81,1.41,2.8
WTA,2008,27,Paris,French Open,2008-05-29,Grand Slam,Outdoor,Clay,2nd Round,3,Szavay A.,Lisicki S.,13.0,83.0,1682.0,379.0,7.0,6.0,6.0,3.0,,,2.0,0.0,Completed,1.33,3.25,1.4,2.85,1.333,3.25,1.388,3.38,1.4,2.85
WTA,2008,27,Paris,French Open,2008-05-29,Grand Slam,Outdoor,Clay,2nd Round,3,Kvitova P.,Stosur S.,87.0,149.0,365.0,223.0,6.0,2.0,6.0,1.0,,,2.0,0.0,Completed,1.8,1.9,1.83,1.91,1.833,1.833,1.813,2.13,1.84,1.92
WTA,2008,27,Paris,French Open,2008-05-29,Grand Slam,Outdoor,Clay,2nd Round,3,Wozniak A.,Amanmuradova A.,140.0,50.0,253.0,557.0,1.0,6.0,6.0,1.0,6.0,3.0,2.0,1.0,Completed,2.75,1.4,2.9,1.35,3.0,1.364,2.95,1.465,3.1,1.35
WTA,2008,27,Paris,French Open,2008-05-29,Grand Slam,Outdoor,Clay,2nd Round,3,Medina Garrigues A.,Pironkova T.,33.0,43.0,848.0,624.0,4.0,6.0,6.0,3.0,6.0,1.0,2.0,1.0,Completed,1.5,2.5,1.5,2.45,1.571,2.25,1.649,2.44,1.54,2.4
WTA,2008,27,Paris,French Open,2008-05-29,Grand Slam,Outdoor,Clay,2nd Round,3,Zheng J.,Kirilenko M.,200.0,23.0,143.0,1123.0,4.0,6.0,6.0,3.0,6.0,2.0,2.0,1.0,Completed,5.0,1.14,5.5,1.13,4.5,1.167,5.45,1.206,4.8,1.17
WTA,2008,27,Paris,French Open,2008-05-29,Grand Slam,Outdoor,Clay,2nd Round,3,Safina D.,Rybarikova M.,14.0,158.0,1662.0,198.0,6.0,0.0,6.0,1.0,,,2.0,0.0,Completed,1.04,10.0,1.04,9.25,1.063,8.0,1.074,11.5,1.05,9.5
WTA,2008,27,Paris,French Open,2008-05-29,Grand Slam,Outdoor,Clay,2nd Round,3,Kanepi K.,Chakvetadze A.,49.0,6.0,562.0,2731.0,6.0,4.0,7.0,6.0,,,2.0,0.0,Completed,4.0,1.22,3.75,1.25,4.0,1.222,4.68,1.245,4.3,1.2
WTA,2008,27,Paris,French Open,2008-05-29,Grand Slam,Outdoor,Clay,2nd Round,3,Schiavone F.,Mamic S.,19.0,334.0,1201.0,65.0,6.0,3.0,6.0,0.0,,,2.0,0.0,Completed,1.1,6.5,1.13,5.5,1.111,6.0,1.125,8.2,1.12,5.85
WTA,2008,27,Paris,French Open,2008-05-29,Grand Slam,Outdoor,Clay,2nd Round,3,Azarenka V.,Cirstea S.,17.0,78.0,1248.0,404.0,6.0,0.0,6.0,0.0,,,2.0,0.0,Completed,1.11,6.0,1.13,5.5,1.125,5.5,1.148,7.16,1.12,6.0
WTA,2008,27,Paris,French Open,2008-05-29,Grand Slam,Outdoor,Clay,2nd Round,3,Kuznetsova S.,King V.,4.0,113.0,3365.0,307.0,6.0,4.0,6.0,2.0,,,2.0,0.0,Completed,1.01,15.0,1.02,11.5,1.02,11.0,1.03,24.0,1.02,15.0
WTA,2008,27,Paris,French Open,2008-05-30,Grand Slam,Outdoor,Clay,2nd Round,3,Petrova N.,Kleybanova A.,25.0,54.0,1058.0,529.0,6.0,3.0,6.0,3.0,,,2.0,0.0,Completed,1.5,2.5,1.55,2.35,1.5,2.5,1.549,2.72,1.57,2.34
WTA,2008,27,Paris,French Open,2008-05-30,Grand Slam,Outdoor,Clay,2nd Round,3,Sharapova M.,Mattek B.,1.0,106.0,4116.0,321.0,6.0,2.0,3.0,6.0,6.0,2.0,2.0,1.0,Completed,1.02,13.0,1.03,10.5,1.02,11.0,1.042,20.0,1.04,11.0
WTA,2008,27,Paris,French Open,2008-05-30,Grand Slam,Outdoor,Clay,2nd Round,3,Zvonareva V.,Cohen Aloro S.,12.0,270.0,1772.0,95.0,6.0,2.0,6.0,4.0,,,2.0,0.0,Completed,1.03,11.0,1.04,9.25,1.04,9.0,1.05,16.0,1.03,12.0
WTA,2008,27,Paris,French Open,2008-05-30,Grand Slam,Outdoor,Clay,3rd Round,3,Ivanovic A.,Wozniacki C.,2.0,34.0,3922.0,775.0,6.0,4.0,6.0,1.0,,,2.0,0.0,Completed,1.1,6.5,1.11,5.84,1.143,5.0,1.163,6.55,1.18,4.6
WTA,2008,27,Paris,French Open,2008-05-30,Grand Slam,Outdoor,Clay,3rd Round,3,Srebotnik K.,Williams S.,24.0,5.0,1060.0,2836.0,6.0,4.0,6.0,4.0,,,2.0,0.0,Completed,7.0,1.08,6.75,1.1,6.0,1.111,6.65,1.16,5.5,1.14
WTA,2008,27,Paris,French Open,2008-05-30,Grand Slam,Outdoor,Clay,3rd Round,3,Cetkovska P.,Benesova I.,77.0,70.0,405.0,435.0,6.0,3.0,6.0,3.0,,,2.0,0.0,Completed,2.75,1.4,2.53,1.48,2.625,1.444,2.86,1.485,2.68,1.45
WTA,2008,27,Paris,French Open,2008-05-30,Grand Slam,Outdoor,Clay,3rd Round,3,Schnyder P.,Loit E.,11.0,108.0,1830.0,317.0,7.0,6.0,5.0,7.0,6.0,2.0,2.0,1.0,Completed,1.14,5.0,1.2,4.25,1.143,5.0,1.217,5.21,1.2,4.35
WTA,2008,27,Paris,French Open,2008-05-30,Grand Slam,Outdoor,Clay,3rd Round,3,Radwanska A.,Cornet A.,15.0,20.0,1638.0,1160.0,6.0,4.0,6.0,4.0,,,2.0,0.0,Completed,1.61,2.2,1.5,2.5,1.615,2.2,1.645,2.45,1.87,1.9
WTA,2008,27,Paris,French Open,2008-05-30,Grand Slam,Outdoor,Clay,3rd Round,3,Suarez Navarro C.,Dellacqua C.,132.0,51.0,272.0,555.0,6.0,3.0,6.0,3.0,,,2.0,0.0,Completed,1.83,1.83,1.76,1.99,1.727,2.0,2.1,1.833,1.7,2.1
WTA,2008,27,Paris,French Open,2008-05-30,Grand Slam,Outdoor,Clay,3rd Round,3,Pennetta F.,Williams V.,30.0,7.0,999.0,2606.0,7.0,5.0,6.0,3.0,,,2.0,0.0,Completed,3.25,1.33,3.22,1.32,3.5,1.286,3.52,1.368,3.1,1.35
WTA,2008,27,Paris,French Open,2008-05-31,Grand Slam,Outdoor,Clay,3rd Round,3,Azarenka V.,Schiavone F.,17.0,19.0,1248.0,1201.0,6.0,1.0,6.0,1.0,,,2.0,0.0,Completed,1.36,3.0,1.45,2.6,1.444,2.625,1.429,3.13,1.45,2.65
WTA,2008,27,Paris,French Open,2008-05-31,Grand Slam,Outdoor,Clay,3rd Round,3,Kuznetsova S.,Petrova N.,4.0,25.0,3365.0,1058.0,6.0,2.0,6.0,1.0,,,2.0,0.0,Completed,1.22,4.0,1.3,3.35,1.25,3.75,1.293,4.11,1.26,3.7
WTA,2008,27,Paris,French Open,2008-05-31,Grand Slam,Outdoor,Clay,3rd Round,3,Safina D.,Zheng J.,14.0,200.0,1662.0,143.0,6.0,2.0,7.0,5.0,,,2.0,0.0,Completed,1.05,9.0,1.05,8.5,1.111,6.0,1.095,9.5,1.1,6.5
WTA,2008,27,Paris,French Open,2008-05-31,Grand Slam,Outdoor,Clay,3rd Round,3,Sharapova M.,Knapp K.,1.0,38.0,4116.0,695.0,7.0,6.0,6.0,0.0,,,2.0,0.0,Completed,1.08,7.0,1.13,5.5,1.083,7.0,1.152,6.98,1.1,6.5
WTA,2008,27,Paris,French Open,2008-05-31,Grand Slam,Outdoor,Clay,3rd Round,3,Jankovic J.,Cibulkova D.,3.0,31.0,3755.0,933.0,7.0,5.0,6.0,3.0,,,2.0,0.0,Completed,1.28,3.5,1.35,3.1,1.286,3.5,1.352,3.64,1.3,3.4
WTA,2008,27,Paris,French Open,2008-05-31,Grand Slam,Outdoor,Clay,3rd Round,3,Kanepi K.,Medina Garrigues A.,49.0,33.0,562.0,848.0,6.0,1.0,6.0,7.0,7.0,5.0,2.0,1.0,Completed,3.0,1.36,2.85,1.4,2.75,1.4,3.41,1.383,2.85,1.4
WTA,2008,27,Paris,French Open,2008-05-31,Grand Slam,Outdoor,Clay,3rd Round,3,Dementieva E.,Govortsova O.,8.0,37.0,2590.0,704.0,6.0,0.0,6.0,4.0,,,2.0,0.0,Completed,1.06,8.0,1.07,7.19,1.1,6.5,1.111,8.75,1.08,7.5
WTA,2008,27,Paris,French Open,2008-05-31,Grand Slam,Outdoor,Clay,3rd Round,3,Zvonareva V.,Wozniak A.,12.0,140.0,1772.0,253.0,6.0,2.0,6.0,2.0,,,2.0,0.0,Completed,1.04,10.0,1.07,7.19,1.063,8.0,1.08,11.0,1.04,11.0
WTA,2008,27,Paris,French Open,2008-05-31,Grand Slam,Outdoor,Clay,3rd Round,3,Kvitova P.,Szavay A.,87.0,13.0,365.0,1682.0,7.0,6.0,4.0,6.0,6.0,2.0,2.0,1.0,Completed,3.0,1.36,2.75,1.4,3.0,1.364,3.05,1.444,2.85,1.4
WTA,2008,27,Paris,French Open,2008-06-01,Grand Slam,Outdoor,Clay,4th Round,3,Suarez Navarro C.,Pennetta F.,132.0,30.0,272.0,999.0,6.0,3.0,6.0,2.0,,,2.0,0.0,Completed,4.5,1.16,3.46,1.28,3.75,1.25,4.25,1.282,3.8,1.25
WTA,2008,27,Paris,French Open,2008-06-01,Grand Slam,Outdoor,Clay,4th Round,3,Ivanovic A.,Cetkovska P.,2.0,77.0,3922.0,405.0,6.0,0.0,6.0,0.0,,,2.0,0.0,Completed,1.03,11.0,1.07,7.19,1.071,7.5,1.077,11.5,1.05,9.5
WTA,2008,27,Paris,French Open,2008-06-01,Grand Slam,Outdoor,Clay,4th Round,3,Jankovic J.,Radwanska A.,3.0,15.0,3755.0,1638.0,6.0,3.0,7.0,6.0,,,2.0,0.0,Completed,1.33,3.25,1.4,2.85,1.364,3.0,1.4,3.3,1.35,3.1
WTA,2008,27,Paris,French Open,2008-06-01,Grand Slam,Outdoor,Clay,4th Round,3,Schnyder P.,Srebotnik K.,11.0,24.0,1830.0,1060.0,6.0,2.0,6.0,4.0,,,2.0,0.0,Completed,2.62,1.44,2.35,1.55,2.25,1.571,2.76,1.538,2.4,1.54
WTA,2008,27,Paris,French Open,2008-06-02,Grand Slam,Outdoor,Clay,4th Round,3,Dementieva E.,Zvonareva V.,8.0,12.0,2590.0,1772.0,6.0,4.0,1.0,6.0,6.0,2.0,2.0,1.0,Completed,1.61,2.2,1.6,2.25,1.667,2.1,1.758,2.22,1.67,2.15
WTA,2008,27,Paris,French Open,2008-06-02,Grand Slam,Outdoor,Clay,4th Round,3,Safina D.,Sharapova M.,14.0,1.0,1662.0,4116.0,6.0,7.0,7.0,6.0,6.0,2.0,2.0,1.0,Completed,1.83,1.83,1.87,1.87,2.0,1.727,2.0,1.909,1.9,1.9
WTA,2008,27,Paris,French Open,2008-06-03,Grand Slam,Outdoor,Clay,4th Round,3,Kanepi K.,Kvitova P.,49.0,87.0,562.0,365.0,6.0,3.0,3.0,6.0,6.0,1.0,2.0,1.0,Completed,1.9,1.8,2.0,1.75,2.1,1.667,1.99,1.917,1.88,1.88
WTA,2008,27,Paris,French Open,2008-06-03,Grand Slam,Outdoor,Clay,4th Round,3,Kuznetsova S.,Azarenka V.,4.0,17.0,3365.0,1248.0,6.0,2.0,6.0,3.0,,,2.0,0.0,Completed,1.4,2.75,1.35,3.05,1.5,2.5,1.469,2.93,1.53,2.44
WTA,2008,27,Paris,French Open,2008-06-03,Grand Slam,Outdoor,Clay,Quarterfinals,3,Ivanovic A.,Schnyder P.,2.0,11.0,3922.0,1830.0,6.0,3.0,6.0,2.0,,,2.0,0.0,Completed,1.12,6.0,1.15,4.9,1.143,5.0,1.157,6.77,1.15,5.2
WTA,2008,27,Paris,French Open,2008-06-03,Grand Slam,Outdoor,Clay,Quarterfinals,3,Jankovic J.,Suarez Navarro C.,3.0,132.0,3755.0,272.0,6.0,3.0,6.0,2.0,,,2.0,0.0,Completed,1.2,4.5,1.2,4.25,1.2,4.333,1.227,5.0,1.25,3.8
WTA,2008,27,Paris,French Open,2008-06-04,Grand Slam,Outdoor,Clay,Quarterfinals,3,Safina D.,Dementieva E.,14.0,8.0,1662.0,2590.0,4.0,6.0,7.0,6.0,6.0,0.0,2.0,1.0,Completed,1.53,2.5,1.55,2.35,1.571,2.25,1.61,2.54,1.55,2.4
WTA,2008,27,Paris,French Open,2008-06-04,Grand Slam,Outdoor,Clay,Quarterfinals,3,Kuznetsova S.,Kanepi K.,4.0,49.0,3365.0,562.0,7.0,5.0,6.0,2.0,,,2.0,0.0,Completed,1.06,9.0,1.1,6.25,1.111,6.0,1.095,9.5,1.12,6.0
WTA,2008,27,Paris,French Open,2008-06-05,Grand Slam,Outdoor,Clay,Semifinals,3,Safina D.,Kuznetsova S.,14.0,4.0,1662.0,3365.0,6.0,3.0,6.0,2.0,,,2.0,0.0,Completed,2.5,1.53,2.4,1.6,2.25,1.571,2.41,1.662,2.18,1.65
WTA,2008,27,Paris,French Open,2008-06-05,Grand Slam,Outdoor,Clay,Semifinals,3,Ivanovic A.,Jankovic J.,2.0,3.0,3922.0,3755.0,6.0,4.0,3.0,6.0,6.0,4.0,2.0,1.0,Completed,1.38,3.0,1.4,2.95,1.364,3.0,1.448,3.03,1.38,2.94
WTA,2008,27,Paris,French Open,2008-06-07,Grand Slam,Outdoor,Clay,The Final,3,Ivanovic A.,Safina D.,2.0,14.0,3922.0,1662.0,6.0,4.0,6.0,3.0,,,2.0,0.0,Completed,1.44,2.75,1.45,2.8,1.4,2.75,1.467,2.94,1.4,3.0
WTA,2008,32,London,Wimbledon,2008-06-23,Grand Slam,Outdoor,Grass,1st Round,3,Vesnina E.,Llagostera Vives N.,46.0,88.0,594.0,375.0,6.0,7.0,6.0,4.0,6.0,4.0,2.0,1.0,Completed,1.5,2.5,1.45,2.6,1.5,2.5,1.599,2.57,1.47,2.6
WTA,2008,32,London,Wimbledon,2008-06-23,Grand Slam,Outdoor,Grass,1st Round,3,Zheng J.,Cibulkova D.,133.0,31.0,262.0,902.0,6.0,4.0,6.0,3.0,,,2.0,0.0,Completed,2.2,1.61,2.25,1.6,2.2,1.615,2.22,1.758,2.28,1.6
WTA,2008,32,London,Wimbledon,2008-06-23,Grand Slam,Outdoor,Grass,1st Round,3,Rodina E.,Razzano V.,108.0,28.0,315.0,1015.0,0.0,6.0,6.0,2.0,6.0,4.0,2.0,1.0,Completed,3.5,1.28,3.46,1.28,3.25,1.333,3.65,1.351,3.2,1.33
WTA,2008,32,London,Wimbledon,2008-06-23,Grand Slam,Outdoor,Grass,1st Round,3,Radwanska U.,Zakopalova K.,190.0,61.0,155.0,512.0,6.0,1.0,6.0,4.0,,,2.0,0.0,Completed,2.62,1.44,2.55,1.5,2.625,1.444,2.98,1.459,2.6,1.47
WTA,2008,32,London,Wimbledon,2008-06-23,Grand Slam,Outdoor,Grass,1st Round,3,Stosur S.,Olaru I.,98.0,140.0,331.0,241.0,6.0,2.0,6.0,2.0,,,2.0,0.0,Completed,1.12,5.5,1.17,4.67,1.167,4.5,1.174,6.26,1.16,5.0
WTA,2008,32,London,Wimbledon,2008-06-23,Grand Slam,Outdoor,Grass,1st Round,3,Baltacha E.,Kerber A.,158.0,131.0,193.0,267.0,6.0,3.0,2.0,6.0,7.0,5.0,2.0,1.0,Completed,2.62,1.44,2.65,1.45,2.625,1.444,2.66,1.568,2.85,1.4
WTA,2008,32,London,Wimbledon,2008-06-23,Grand Slam,Outdoor,Grass,1st Round,3,Vaidisova N.,Ondraskova Z.,22.0,184.0,1153.0,164.0,6.0,2.0,6.0,2.0,,,2.0,0.0,Completed,1.2,4.33,1.2,4.25,1.222,4.0,1.238,4.81,1.2,4.3
WTA,2008,32,London,Wimbledon,2008-06-23,Grand Slam,Outdoor,Grass,1st Round,3,Dechy N.,Yuan M.,97.0,112.0,333.0,304.0,6.0,7.0,6.0,3.0,6.0,0.0,2.0,1.0,Completed,1.16,4.5,1.21,4.06,1.2,4.333,1.207,5.42,1.2,4.3
WTA,2008,32,London,Wimbledon,2008-06-23,Grand Slam,Outdoor,Grass,1st Round,3,Williams S.,Kanepi K.,6.0,36.0,2676.0,790.0,7.0,5.0,6.0,3.0,,,2.0,0.0,Completed,1.04,10.0,1.04,9.25,1.04,9.0,1.065,13.5,1.07,8.0
WTA,2008,32,London,Wimbledon,2008-06-23,Grand Slam,Outdoor,Grass,1st Round,3,Pavlyuchenkova A.,Cornet A.,137.0,17.0,250.0,1248.0,7.0,6.0,7.0,6.0,,,2.0,0.0,Completed,2.37,1.53,2.35,1.55,2.375,1.533,2.47,1.637,2.5,1.5
WTA,2008,32,London,Wimbledon,2008-06-23,Grand Slam,Outdoor,Grass,1st Round,3,Parmentier P.,Amanmuradova A.,59.0,58.0,521.0,526.0,7.0,5.0,6.0,4.0,,,2.0,0.0,Completed,2.75,1.4,2.85,1.4,2.625,1.444,2.73,1.546,2.52,1.5
WTA,2008,32,London,Wimbledon,2008-06-23,Grand Slam,Outdoor,Grass,1st Round,3,Li N.,Rodionova A.,45.0,75.0,600.0,452.0,3.0,6.0,6.0,0.0,6.0,1.0,2.0,1.0,Completed,1.12,5.5,1.15,5.2,1.143,5.0,1.145,7.2,1.15,5.15
WTA,2008,32,London,Wimbledon,2008-06-23,Grand Slam,Outdoor,Grass,1st Round,3,Ivanovic A.,De Los Rios R.,1.0,103.0,4188.0,323.0,6.0,1.0,6.0,2.0,,,2.0,0.0,Completed,1.01,15.0,1.01,16.0,1.015,13.0,1.015,46.0,1.01,30.0
WTA,2008,32,London,Wimbledon,2008-06-23,Grand Slam,Outdoor,Grass,1st Round,3,Bondarenko K.,Fujiwara R.,47.0,198.0,591.0,146.0,1.0,6.0,6.0,4.0,6.0,3.0,2.0,1.0,Completed,1.16,4.5,1.17,4.67,1.167,4.5,1.185,5.9,1.18,4.6
WTA,2008,32,London,Wimbledon,2008-06-23,Grand Slam,Outdoor,Grass,1st Round,3,Dushevina V.,Kirilenko M.,63.0,19.0,497.0,1208.0,6.0,3.0,6.0,3.0,,,2.0,0.0,Completed,2.87,1.38,2.85,1.4,2.75,1.4,3.01,1.452,2.95,1.38
WTA,2008,32,London,Wimbledon,2008-06-23,Grand Slam,Outdoor,Grass,1st Round,3,Mattek B.,Bremond S.,69.0,111.0,474.0,306.0,5.0,7.0,6.0,0.0,6.0,1.0,2.0,1.0,Completed,1.36,3.0,1.4,2.85,1.444,2.625,1.427,3.14,1.47,2.6
WTA,2008,32,London,Wimbledon,2008-06-23,Grand Slam,Outdoor,Grass,1st Round,3,Kuznetsova S.,Johansson M.,4.0,124.0,3565.0,279.0,6.0,7.0,7.0,5.0,6.0,3.0,2.0,1.0,Completed,1.05,9.0,1.05,8.5,1.063,8.0,1.067,13.0,1.07,7.5
WTA,2008,32,London,Wimbledon,2008-06-23,Grand Slam,Outdoor,Grass,1st Round,3,Dellacqua C.,Schnyder P.,43.0,13.0,643.0,1940.0,6.0,4.0,3.0,6.0,6.0,1.0,2.0,1.0,Completed,2.1,1.66,2.1,1.7,2.0,1.727,2.18,1.781,2.04,1.74
WTA,2008,32,London,Wimbledon,2008-06-23,Grand Slam,Outdoor,Grass,1st Round,3,Chakvetadze A.,Dubois S.,8.0,100.0,2436.0,329.0,2.0,6.0,6.0,1.0,7.0,6.0,2.0,1.0,Completed,1.05,9.0,1.04,9.25,1.071,7.5,1.08,11.0,1.07,8.0
WTA,2008,32,London,Wimbledon,2008-06-23,Grand Slam,Outdoor,Grass,1st Round,3,Gallovits E.,Meusburger Y.,84.0,85.0,388.0,385.0,6.0,1.0,6.0,2.0,,,2.0,0.0,Completed,1.44,2.62,1.45,2.6,1.5,2.5,1.524,2.78,1.47,2.6
WTA,2008,32,London,Wimbledon,2008-06-23,Grand Slam,Outdoor,Grass,1st Round,3,Zahlavova Strycova B.,Pin C.,109.0,76.0,314.0,444.0,7.0,5.0,4.0,6.0,7.0,5.0,2.0,1.0,Completed,1.72,2.0,1.76,1.99,1.8,1.909,1.758,2.22,1.85,1.91
WTA,2008,32,London,Wimbledon,2008-06-23,Grand Slam,Outdoor,Grass,1st Round,3,Radwanska A.,Benesova I.,11.0,50.0,2011.0,557.0,6.0,3.0,6.0,0.0,,,2.0,0.0,Completed,1.14,5.0,1.15,4.9,1.167,4.5,1.16,6.65,1.17,4.8
WTA,2008,32,London,Wimbledon,2008-06-23,Grand Slam,Outdoor,Grass,1st Round,3,Bondarenko A.,South M.,27.0,150.0,1018.0,214.0,6.0,3.0,6.0,7.0,6.0,4.0,2.0,1.0,Completed,1.14,5.0,1.15,5.2,1.167,4.5,1.177,6.15,1.13,5.6
WTA,2008,32,London,Wimbledon,2008-06-23,Grand Slam,Outdoor,Grass,1st Round,3,Perebiynis T.,Kvitova P.,67.0,73.0,482.0,456.0,6.0,4.0,0.0,6.0,6.0,4.0,2.0,1.0,Completed,2.2,1.61,2.1,1.65,2.0,1.727,2.25,1.741,2.07,1.72
WTA,2008,32,London,Wimbledon,2008-06-23,Grand Slam,Outdoor,Grass,1st Round,3,Ruano Pascual V.,Sequera M.,81.0,159.0,424.0,192.0,6.0,1.0,6.0,4.0,,,2.0,0.0,Completed,1.36,3.0,1.4,2.8,1.364,3.0,1.463,2.96,1.37,3.0
WTA,2008,32,London,Wimbledon,2008-06-23,Grand Slam,Outdoor,Grass,1st Round,3,Szavay A.,Garbin T.,15.0,80.0,1645.0,428.0,6.0,1.0,6.0,3.0,,,2.0,0.0,Completed,1.25,3.75,1.23,3.89,1.25,3.75,1.313,3.89,1.25,3.8
WTA,2008,32,London,Wimbledon,2008-06-23,Grand Slam,Outdoor,Grass,1st Round,3,Domachowska M.,Craybas J.,65.0,78.0,486.0,432.0,6.0,1.0,3.0,6.0,6.0,4.0,2.0,1.0,Completed,1.5,2.5,1.5,2.55,1.615,2.2,1.556,2.7,1.6,2.28
WTA,2008,32,London,Wimbledon,2008-06-23,Grand Slam,Outdoor,Grass,1st Round,3,Medina Garrigues A.,Yan Z.,34.0,44.0,798.0,623.0,6.0,3.0,6.0,0.0,,,2.0,0.0,Completed,1.36,3.0,1.4,2.85,1.4,2.75,1.459,2.98,1.37,3.0
WTA,2008,32,London,Wimbledon,2008-06-23,Grand Slam,Outdoor,Grass,1st Round,3,Bartoli M.,Lisicki S.,10.0,79.0,2030.0,430.0,6.0,2.0,6.0,4.0,,,2.0,0.0,Completed,1.2,4.33,1.25,3.75,1.222,4.0,1.223,5.09,1.24,3.9
WTA,2008,32,London,Wimbledon,2008-06-23,Grand Slam,Outdoor,Grass,1st Round,3,Mauresmo A.,Harkleroad A.,33.0,74.0,832.0,456.0,6.0,4.0,6.0,3.0,,,2.0,0.0,Completed,1.44,2.62,1.5,2.45,1.444,2.625,1.493,2.83,1.47,2.6
WTA,2008,32,London,Wimbledon,2008-06-24,Grand Slam,Outdoor,Grass,1st Round,3,Pennetta F.,Vakulenko J.,23.0,83.0,1122.0,389.0,6.0,3.0,6.0,4.0,,,2.0,0.0,Completed,1.4,2.75,1.45,2.6,1.4,2.75,1.521,2.79,1.4,2.85
WTA,2008,32,London,Wimbledon,2008-06-24,Grand Slam,Outdoor,Grass,1st Round,3,Wozniak A.,Koryttseva M.,94.0,70.0,341.0,469.0,7.0,5.0,6.0,4.0,,,2.0,0.0,Completed,2.0,1.72,2.1,1.7,2.0,1.727,2.06,1.862,2.03,1.75
WTA,2008,32,London,Wimbledon,2008-06-24,Grand Slam,Outdoor,Grass,1st Round,3,Martinez-Sanchez M.J.,Muller M.,101.0,104.0,326.0,322.0,6.0,1.0,6.0,1.0,,,2.0,0.0,Completed,1.25,3.75,1.28,3.46,1.3,3.4,1.31,3.93,1.25,3.8
WTA,2008,32,London,Wimbledon,2008-06-24,Grand Slam,Outdoor,Grass,1st Round,3,Sugiyama A.,Wickmayer Y.,38.0,68.0,722.0,479.0,6.0,4.0,6.0,2.0,,,2.0,0.0,Completed,2.75,1.4,2.6,1.45,2.625,1.444,2.9,1.476,2.52,1.5
WTA,2008,32,London,Wimbledon,2008-06-24,Grand Slam,Outdoor,Grass,1st Round,3,Mirza S.,Castano C.,32.0,146.0,867.0,227.0,7.0,6.0,3.0,6.0,6.0,4.0,2.0,1.0,Completed,1.14,5.0,1.2,4.25,1.167,4.5,1.208,5.41,1.18,4.6
WTA,2008,32,London,Wimbledon,2008-06-24,Grand Slam,Outdoor,Grass,1st Round,3,Keothavong A.,King V.,92.0,93.0,348.0,346.0,4.0,6.0,6.0,2.0,6.0,3.0,2.0,1.0,Completed,1.9,1.8,1.85,1.9,1.8,1.909,1.935,1.971,1.88,1.88
WTA,2008,32,London,Wimbledon,2008-06-24,Grand Slam,Outdoor,Grass,1st Round,3,Wozniacki C.,Hrdinova E.,30.0,183.0,932.0,164.0,6.0,2.0,7.0,5.0,,,2.0,0.0,Completed,1.08,7.0,1.1,6.23,1.071,7.5,1.111,8.75,1.1,6.75
WTA,2008,32,London,Wimbledon,2008-06-24,Grand Slam,Outdoor,Grass,1st Round,3,Williams V.,Cavaday N.,7.0,197.0,2606.0,146.0,7.0,6.0,6.0,1.0,,,2.0,0.0,Completed,1.01,15.0,1.02,11.5,1.02,11.0,1.029,26.0,1.04,11.0
WTA,2008,32,London,Wimbledon,2008-06-24,Grand Slam,Outdoor,Grass,1st Round,3,Niculescu M.,Rybarikova M.,87.0,114.0,375.0,296.0,1.0,6.0,6.0,3.0,6.0,4.0,2.0,1.0,Completed,2.5,1.5,2.45,1.5,2.25,1.571,2.72,1.549,2.38,1.55
WTA,2008,32,London,Wimbledon,2008-06-24,Grand Slam,Outdoor,Grass,1st Round,3,Erakovic M.,Krajicek M.,53.0,49.0,551.0,561.0,7.0,6.0,7.0,6.0,,,2.0,0.0,Completed,1.61,2.2,1.65,2.15,1.667,2.1,1.658,2.42,1.73,2.05
WTA,2008,32,London,Wimbledon,2008-06-24,Grand Slam,Outdoor,Grass,1st Round,3,Bammer S.,Arvidsson S.,29.0,62.0,977.0,507.0,4.0,6.0,4.0,1.0,,,0.0,1.0,Retired,1.8,1.9,1.76,1.99,1.727,2.0,1.926,1.98,1.7,2.1
WTA,2008,32,London,Wimbledon,2008-06-24,Grand Slam,Outdoor,Grass,1st Round,3,Peng S.,Kutuzova V.,54.0,153.0,546.0,208.0,6.0,3.0,6.0,4.0,,,2.0,0.0,Completed,1.66,2.1,1.73,2.03,1.66,2.1,1.752,2.23,1.6,2.28
WTA,2008,32,London,Wimbledon,2008-06-24,Grand Slam,Outdoor,Grass,1st Round,3,Goerges J.,Srebotnik K.,102.0,24.0,325.0,1110.0,4.0,6.0,7.0,6.0,7.0,6.0,2.0,1.0,Completed,6.0,1.11,6.25,1.1,5.0,1.143,7.47,1.139,5.4,1.14
WTA,2008,32,London,Wimbledon,2008-06-24,Grand Slam,Outdoor,Grass,1st Round,3,Kudryavtseva A.,Makarova E.,154.0,48.0,202.0,568.0,6.0,0.0,6.0,4.0,,,2.0,0.0,Completed,3.5,1.28,3.46,1.28,3.4,1.3,3.76,1.327,3.4,1.3
WTA,2008,32,London,Wimbledon,2008-06-24,Grand Slam,Outdoor,Grass,1st Round,3,Tanasugarn T.,Cetkovska P.,60.0,52.0,519.0,555.0,6.0,4.0,6.0,3.0,,,2.0,0.0,Completed,1.5,2.5,1.5,2.45,1.571,2.25,1.617,2.52,1.54,2.4
WTA,2008,32,London,Wimbledon,2008-06-24,Grand Slam,Outdoor,Grass,1st Round,3,Schiavone F.,Paszek T.,20.0,64.0,1201.0,490.0,6.0,3.0,5.0,7.0,7.0,6.0,2.0,1.0,Completed,1.33,3.25,1.3,3.35,1.286,3.5,1.386,3.39,1.33,3.2
WTA,2008,32,London,Wimbledon,2008-06-24,Grand Slam,Outdoor,Grass,1st Round,3,Cirstea S.,Bychkova E.,66.0,96.0,485.0,336.0,6.0,4.0,6.0,4.0,,,2.0,0.0,Completed,1.33,3.25,1.35,3.1,1.364,3.0,1.317,3.85,1.32,3.3
WTA,2008,32,London,Wimbledon,2008-06-24,Grand Slam,Outdoor,Grass,1st Round,3,Azarenka V.,Pironkova T.,16.0,41.0,1386.0,687.0,6.0,1.0,6.0,1.0,,,2.0,0.0,Completed,1.4,2.75,1.44,2.67,1.4,2.75,1.459,2.98,1.37,3.0
WTA,2008,32,London,Wimbledon,2008-06-24,Grand Slam,Outdoor,Grass,1st Round,3,Sharapova M.,Foretz S.,2.0,105.0,3706.0,322.0,6.0,1.0,6.0,4.0,,,2.0,0.0,Completed,1.01,15.0,1.01,16.0,1.015,13.0,1.018,36.0,1.02,15.0
WTA,2008,32,London,Wimbledon,2008-06-24,Grand Slam,Outdoor,Grass,1st Round,3,Kleybanova A.,Obziler T.,42.0,115.0,653.0,295.0,6.0,4.0,6.0,0.0,,,2.0,0.0,Completed,1.2,4.33,1.17,4.67,1.222,4.0,1.207,5.42,1.18,4.6
WTA,2008,32,London,Wimbledon,2008-06-24,Grand Slam,Outdoor,Grass,1st Round,3,Davenport L.,Voracova R.,25.0,110.0,1055.0,309.0,6.0,3.0,5.0,7.0,6.0,3.0,2.0,1.0,Completed,1.05,9.0,1.04,9.25,1.063,8.0,1.098,9.25,1.06,9.0
WTA,2008,32,London,Wimbledon,2008-06-24,Grand Slam,Outdoor,Grass,1st Round,3,Zvonareva V.,Nakamura A.,14.0,82.0,1912.0,397.0,6.0,1.0,6.0,7.0,6.0,1.0,2.0,1.0,Completed,1.11,6.0,1.1,6.25,1.125,5.5,1.128,8.12,1.1,6.75
WTA,2008,32,London,Wimbledon,2008-06-24,Grand Slam,Outdoor,Grass,1st Round,3,Santangelo M.,Ani M.,233.0,95.0,118.0,340.0,7.0,5.0,6.0,3.0,,,2.0,0.0,Completed,1.61,2.2,1.65,2.15,1.727,2.0,1.629,2.49,1.6,2.28
WTA,2008,32,London,Wimbledon,2008-06-24,Grand Slam,Outdoor,Grass,1st Round,3,Dulko G.,Rezai A.,39.0,55.0,707.0,540.0,1.0,6.0,6.0,0.0,6.0,2.0,2.0,1.0,Completed,1.44,2.62,1.45,2.6,1.444,2.625,1.45,3.02,1.45,2.67
WTA,2008,32,London,Wimbledon,2008-06-24,Grand Slam,Outdoor,Grass,1st Round,3,Hsieh S.W.,Cohen Aloro S.,116.0,255.0,294.0,103.0,6.0,3.0,6.0,2.0,,,2.0,0.0,Completed,2.25,1.57,2.35,1.55,2.2,1.615,2.62,1.581,2.22,1.63
WTA,2008,32,London,Wimbledon,2008-06-24,Grand Slam,Outdoor,Grass,1st Round,3,Petrova N.,Govortsova O.,18.0,35.0,1211.0,794.0,6.0,4.0,6.0,4.0,,,2.0,0.0,Completed,1.14,5.0,1.15,5.2,1.167,4.5,1.189,5.78,1.2,4.3
WTA,2008,32,London,Wimbledon,2008-06-24,Grand Slam,Outdoor,Grass,1st Round,3,Peer S.,O'Brien K.,26.0,127.0,1027.0,276.0,6.0,3.0,7.0,5.0,,,2.0,0.0,Completed,1.4,2.75,1.37,2.92,1.4,2.75,1.442,3.06,1.44,2.7
WTA,2008,32,London,Wimbledon,2008-06-24,Grand Slam,Outdoor,Grass,1st Round,3,Bacsinszky T.,Ditty J.,71.0,99.0,458.0,331.0,7.0,5.0,6.0,3.0,,,2.0,0.0,Completed,1.5,2.5,1.53,2.4,1.533,2.375,1.578,2.63,1.6,2.28
WTA,2008,32,London,Wimbledon,2008-06-24,Grand Slam,Outdoor,Grass,1st Round,3,Hantuchova D.,Errani S.,12.0,57.0,2007.0,535.0,7.0,6.0,6.0,4.0,,,2.0,0.0,Completed,1.33,3.25,1.35,3.1,1.333,3.25,1.377,3.45,1.4,2.85
WTA,2008,32,London,Wimbledon,2008-06-24,Grand Slam,Outdoor,Grass,1st Round,3,Safina D.,Chan Y.J.,9.0,72.0,2257.0,458.0,7.0,6.0,6.0,2.0,,,2.0,0.0,Completed,1.05,9.0,1.04,9.25,1.05,8.5,1.1,9.0,1.07,8.0
WTA,2008,32,London,Wimbledon,2008-06-24,Grand Slam,Outdoor,Grass,1st Round,3,Loit E.,Safarova L.,86.0,51.0,376.0,556.0,6.0,3.0,7.0,6.0,,,2.0,0.0,Completed,3.5,1.28,3.35,1.3,3.4,1.3,3.7,1.333,3.4,1.3
WTA,2008,32,London,Wimbledon,2008-06-24,Grand Slam,Outdoor,Grass,1st Round,3,Suarez Navarro C.,Voskoboeva G.,56.0,89.0,538.0,373.0,6.0,2.0,6.0,4.0,,,2.0,0.0,Completed,2.1,1.66,2.15,1.65,2.2,1.615,2.15,1.8,2.12,1.68
WTA,2008,32,London,Wimbledon,2008-06-24,Grand Slam,Outdoor,Grass,1st Round,3,Jankovic J.,Savchuk O.,3.0,113.0,3685.0,300.0,6.0,3.0,6.0,2.0,,,2.0,0.0,Completed,1.03,12.0,1.04,9.25,1.03,10.0,1.044,18.5,1.04,11.0
WTA,2008,32,London,Wimbledon,2008-06-25,Grand Slam,Outdoor,Grass,1st Round,3,Dementieva E.,Camerin M.E.,5.0,138.0,2745.0,243.0,6.0,3.0,6.0,7.0,6.0,3.0,2.0,1.0,Completed,1.03,12.0,1.04,9.25,1.02,11.0,1.043,19.0,1.05,10.0
WTA,2008,32,London,Wimbledon,2008-06-25,Grand Slam,Outdoor,Grass,2nd Round,3,Dellacqua C.,Parmentier P.,43.0,59.0,643.0,521.0,1.0,6.0,6.0,2.0,6.0,3.0,2.0,1.0,Completed,1.22,4.0,1.25,3.6,1.286,3.5,1.282,4.24,1.31,3.3
WTA,2008,32,London,Wimbledon,2008-06-25,Grand Slam,Outdoor,Grass,2nd Round,3,Vaidisova N.,Stosur S.,22.0,98.0,1153.0,331.0,6.0,2.0,0.0,6.0,6.0,4.0,2.0,1.0,Completed,1.57,2.25,1.55,2.4,1.615,2.2,1.685,2.36,1.67,2.15
WTA,2008,32,London,Wimbledon,2008-06-25,Grand Slam,Outdoor,Grass,2nd Round,3,Zheng J.,Baltacha E.,133.0,158.0,262.0,193.0,6.0,2.0,7.0,5.0,,,2.0,0.0,Completed,1.33,3.25,1.3,3.35,1.333,3.25,1.355,3.62,1.32,3.3
WTA,2008,32,London,Wimbledon,2008-06-25,Grand Slam,Outdoor,Grass,2nd Round,3,Ivanovic A.,Dechy N.,1.0,97.0,4188.0,333.0,6.0,7.0,7.0,6.0,7.0,6.0,2.0,1.0,Completed,1.01,15.0,1.02,11.5,1.02,11.0,1.038,21.0,1.03,12.0
WTA,2008,32,London,Wimbledon,2008-06-25,Grand Slam,Outdoor,Grass,2nd Round,3,Szavay A.,Niculescu M.,15.0,87.0,1645.0,375.0,5.0,7.0,7.0,5.0,6.0,2.0,2.0,1.0,Completed,1.16,4.5,,,1.167,4.5,1.211,5.35,1.17,4.8
WTA,2008,32,London,Wimbledon,2008-06-25,Grand Slam,Outdoor,Grass,2nd Round,3,Bartoli M.,Perebiynis T.,10.0,67.0,2030.0,482.0,6.0,2.0,7.0,5.0,,,2.0,0.0,Completed,1.14,5.0,1.17,4.67,1.143,5.0,1.194,5.65,1.16,5.0
WTA,2008,32,London,Wimbledon,2008-06-25,Grand Slam,Outdoor,Grass,2nd Round,3,Kuznetsova S.,Bondarenko K.,4.0,47.0,3565.0,591.0,6.0,2.0,6.0,3.0,,,2.0,0.0,Completed,1.36,3.0,1.3,3.2,1.333,3.25,1.391,3.36,1.37,3.0
WTA,2008,32,London,Wimbledon,2008-06-25,Grand Slam,Outdoor,Grass,2nd Round,3,Mattek B.,Dushevina V.,69.0,63.0,474.0,497.0,7.0,6.0,6.0,4.0,,,2.0,0.0,Completed,1.57,2.25,1.7,2.1,1.667,2.1,1.662,2.41,1.57,2.34
WTA,2008,32,London,Wimbledon,2008-06-25,Grand Slam,Outdoor,Grass,2nd Round,3,Williams S.,Radwanska U.,6.0,190.0,2676.0,155.0,6.0,4.0,6.0,4.0,,,2.0,0.0,Completed,1.02,13.0,1.02,11.5,1.02,11.0,1.038,21.0,1.03,12.0
WTA,2008,32,London,Wimbledon,2008-06-25,Grand Slam,Outdoor,Grass,2nd Round,3,Medina Garrigues A.,Schiavone F.,34.0,20.0,798.0,1201.0,3.0,6.0,7.0,5.0,7.0,6.0,2.0,1.0,Completed,1.83,1.83,1.95,1.8,1.833,1.833,1.943,1.962,1.88,1.88
WTA,2008,32,London,Wimbledon,2008-06-25,Grand Slam,Outdoor,Grass,2nd Round,3,Mauresmo A.,Ruano Pascual V.,33.0,81.0,832.0,424.0,4.0,6.0,6.0,1.0,6.0,1.0,2.0,1.0,Completed,1.22,4.0,1.25,3.75,1.222,4.0,1.25,4.6,1.29,3.45
WTA,2008,32,London,Wimbledon,2008-06-25,Grand Slam,Outdoor,Grass,2nd Round,3,Chakvetadze A.,Gallovits E.,8.0,84.0,2436.0,388.0,6.0,4.0,6.0,2.0,,,2.0,0.0,Completed,1.22,4.0,1.28,3.46,1.222,4.0,1.303,4.0,1.3,3.4
WTA,2008,32,London,Wimbledon,2008-06-25,Grand Slam,Outdoor,Grass,2nd Round,3,Pavlyuchenkova A.,Li N.,137.0,45.0,250.0,600.0,6.0,2.0,6.0,4.0,,,2.0,0.0,Completed,2.75,1.4,2.53,1.48,2.625,1.444,2.86,1.485,2.7,1.44
WTA,2008,32,London,Wimbledon,2008-06-25,Grand Slam,Outdoor,Grass,2nd Round,3,Rodina E.,Vesnina E.,108.0,46.0,315.0,594.0,6.0,1.0,7.0,6.0,,,2.0,0.0,Completed,2.2,1.61,2.1,1.65,2.25,1.571,2.3,1.714,2.2,1.64
WTA,2008,32,London,Wimbledon,2008-06-25,Grand Slam,Outdoor,Grass,2nd Round,3,Zahlavova Strycova B.,Bondarenko A.,109.0,27.0,314.0,1018.0,6.0,3.0,3.0,0.0,,,1.0,0.0,Retired,3.25,1.33,3.1,1.35,4.333,1.2,3.11,1.433,3.2,1.33
WTA,2008,32,London,Wimbledon,2008-06-25,Grand Slam,Outdoor,Grass,2nd Round,3,Radwanska A.,Domachowska M.,11.0,65.0,2011.0,486.0,6.0,1.0,6.0,3.0,,,2.0,0.0,Completed,1.06,8.0,1.1,6.25,1.083,7.0,1.1,9.0,1.1,6.75
WTA,2008,32,London,Wimbledon,2008-06-26,Grand Slam,Outdoor,Grass,2nd Round,3,Martinez-Sanchez M.J.,Mirza S.,101.0,32.0,326.0,867.0,6.0,0.0,4.0,6.0,7.0,6.0,2.0,1.0,Completed,2.1,1.66,2.05,1.75,2.1,1.667,2.15,1.8,2.18,1.65
WTA,2008,32,London,Wimbledon,2008-06-26,Grand Slam,Outdoor,Grass,2nd Round,3,Tanasugarn T.,Zvonareva V.,60.0,14.0,519.0,1912.0,7.0,6.0,4.0,6.0,6.0,3.0,2.0,1.0,Completed,2.75,1.4,2.45,1.5,2.625,1.444,2.64,1.575,2.6,1.47
WTA,2008,32,London,Wimbledon,2008-06-26,Grand Slam,Outdoor,Grass,2nd Round,3,Williams V.,Keothavong A.,7.0,92.0,2606.0,348.0,7.0,5.0,6.0,2.0,,,2.0,0.0,Completed,1.02,13.0,1.02,11.5,1.02,11.0,1.042,20.05,1.03,12.0
WTA,2008,32,London,Wimbledon,2008-06-26,Grand Slam,Outdoor,Grass,2nd Round,3,Dulko G.,Davenport L.,39.0,25.0,707.0,1055.0,,,,,,,,,Walkover,2.37,1.53,2.15,1.65,2.25,1.571,2.54,1.61,2.28,1.6
WTA,2008,32,London,Wimbledon,2008-06-26,Grand Slam,Outdoor,Grass,2nd Round,3,Erakovic M.,Goerges J.,53.0,102.0,551.0,325.0,6.0,2.0,7.0,6.0,,,2.0,0.0,Completed,1.16,4.5,1.2,4.25,1.222,4.0,1.239,4.79,1.23,4.0
WTA,2008,32,London,Wimbledon,2008-06-26,Grand Slam,Outdoor,Grass,2nd Round,3,Wozniacki C.,Wozniak A.,30.0,94.0,932.0,341.0,6.0,1.0,6.0,1.0,,,2.0,0.0,Completed,1.11,6.0,1.15,5.2,1.143,5.0,1.153,6.95,1.13,5.6
WTA,2008,32,London,Wimbledon,2008-06-26,Grand Slam,Outdoor,Grass,2nd Round,3,Peng S.,Bammer S.,54.0,29.0,546.0,977.0,7.0,6.0,4.0,6.0,6.0,3.0,2.0,1.0,Completed,1.66,2.1,1.53,2.4,1.72,2.0,1.699,2.33,1.62,2.24
WTA,2008,32,London,Wimbledon,2008-06-26,Grand Slam,Outdoor,Grass,2nd Round,3,Peer S.,Loit E.,26.0,86.0,1027.0,376.0,6.0,3.0,6.0,4.0,,,2.0,0.0,Completed,1.33,3.25,1.35,3.1,1.364,3.0,1.383,3.41,1.4,2.85
WTA,2008,32,London,Wimbledon,2008-06-26,Grand Slam,Outdoor,Grass,2nd Round,3,Safina D.,Hsieh S.W.,9.0,116.0,2257.0,294.0,6.0,3.0,6.0,2.0,,,2.0,0.0,Completed,1.05,9.0,1.05,8.5,1.05,8.5,1.1,9.0,1.1,6.75
WTA,2008,32,London,Wimbledon,2008-06-26,Grand Slam,Outdoor,Grass,2nd Round,3,Kudryavtseva A.,Sharapova M.,154.0,2.0,202.0,3706.0,6.0,2.0,6.0,4.0,,,2.0,0.0,Completed,15.0,1.01,13.5,1.01,11.0,1.02,28.5,1.025,18.0,1.02
WTA,2008,32,London,Wimbledon,2008-06-26,Grand Slam,Outdoor,Grass,2nd Round,3,Dementieva E.,Bacsinszky T.,5.0,71.0,2745.0,458.0,4.0,6.0,6.0,3.0,6.0,3.0,2.0,1.0,Completed,1.1,6.5,1.1,6.25,1.111,6.0,1.153,6.92,1.12,5.85
WTA,2008,32,London,Wimbledon,2008-06-26,Grand Slam,Outdoor,Grass,2nd Round,3,Jankovic J.,Suarez Navarro C.,3.0,56.0,3685.0,538.0,6.0,1.0,6.0,3.0,,,2.0,0.0,Completed,1.05,9.0,1.04,9.25,1.063,8.0,1.08,11.0,1.04,11.0
WTA,2008,32,London,Wimbledon,2008-06-26,Grand Slam,Outdoor,Grass,2nd Round,3,Azarenka V.,Cirstea S.,16.0,66.0,1386.0,485.0,6.0,1.0,6.0,3.0,,,2.0,0.0,Completed,1.11,6.0,1.15,5.2,1.167,4.5,1.172,6.32,1.15,5.15
WTA,2008,32,London,Wimbledon,2008-06-26,Grand Slam,Outdoor,Grass,2nd Round,3,Kleybanova A.,Hantuchova D.,42.0,12.0,653.0,2007.0,6.0,3.0,4.0,6.0,6.0,1.0,2.0,1.0,Completed,2.25,1.57,2.35,1.55,2.2,1.615,2.31,1.709,2.1,1.7
WTA,2008,32,London,Wimbledon,2008-06-26,Grand Slam,Outdoor,Grass,2nd Round,3,Petrova N.,Santangelo M.,18.0,233.0,1211.0,118.0,6.0,4.0,7.0,5.0,,,2.0,0.0,Completed,1.12,5.5,1.15,5.2,1.143,5.0,1.181,6.03,1.17,4.8
WTA,2008,32,London,Wimbledon,2008-06-26,Grand Slam,Outdoor,Grass,2nd Round,3,Sugiyama A.,Pennetta F.,38.0,23.0,722.0,1122.0,7.0,6.0,2.0,6.0,6.0,2.0,2.0,1.0,Completed,2.0,1.72,2.12,1.67,2.0,1.727,2.1,1.833,1.94,1.82
WTA,2008,32,London,Wimbledon,2008-06-27,Grand Slam,Outdoor,Grass,3rd Round,3,Chakvetadze A.,Rodina E.,8.0,108.0,2436.0,315.0,6.0,4.0,6.0,3.0,,,2.0,0.0,Completed,1.22,4.0,1.23,3.89,1.2,4.333,1.305,3.98,1.24,3.9
WTA,2008,32,London,Wimbledon,2008-06-27,Grand Slam,Outdoor,Grass,3rd Round,3,Vaidisova N.,Dellacqua C.,22.0,43.0,1153.0,643.0,6.0,2.0,6.0,4.0,,,2.0,0.0,Completed,1.53,2.37,1.6,2.3,1.571,2.25,1.641,2.46,1.6,2.28
WTA,2008,32,London,Wimbledon,2008-06-27,Grand Slam,Outdoor,Grass,3rd Round,3,Kuznetsova S.,Zahlavova Strycova B.,4.0,109.0,3565.0,314.0,6.0,2.0,6.0,4.0,,,2.0,0.0,Completed,1.07,7.5,1.1,6.25,1.083,7.0,1.14,7.45,1.14,5.4
WTA,2008,32,London,Wimbledon,2008-06-27,Grand Slam,Outdoor,Grass,3rd Round,3,Szavay A.,Medina Garrigues A.,15.0,34.0,1645.0,798.0,7.0,6.0,2.0,6.0,6.0,2.0,2.0,1.0,Completed,1.5,2.5,1.65,2.15,1.533,2.375,1.629,2.49,1.65,2.18
WTA,2008,32,London,Wimbledon,2008-06-27,Grand Slam,Outdoor,Grass,3rd Round,3,Mattek B.,Bartoli M.,69.0,10.0,474.0,2030.0,6.0,4.0,6.0,1.0,,,2.0,0.0,Completed,3.0,1.36,2.85,1.4,3.25,1.333,3.29,1.402,3.1,1.35
WTA,2008,32,London,Wimbledon,2008-06-27,Grand Slam,Outdoor,Grass,3rd Round,3,Radwanska A.,Pavlyuchenkova A.,11.0,137.0,2011.0,250.0,6.0,3.0,6.0,2.0,,,2.0,0.0,Completed,1.14,5.0,1.2,4.25,1.222,4.0,1.227,5.01,1.2,4.3
WTA,2008,32,London,Wimbledon,2008-06-27,Grand Slam,Outdoor,Grass,3rd Round,3,Williams S.,Mauresmo A.,6.0,33.0,2676.0,832.0,7.0,6.0,6.0,1.0,,,2.0,0.0,Completed,1.16,4.5,1.23,3.89,1.222,4.0,1.22,5.15,1.23,4.0
WTA,2008,32,London,Wimbledon,2008-06-27,Grand Slam,Outdoor,Grass,3rd Round,3,Zheng J.,Ivanovic A.,133.0,1.0,262.0,4188.0,6.0,1.0,6.0,4.0,,,2.0,0.0,Completed,6.0,1.11,6.25,1.1,6.0,1.111,7.3,1.143,4.8,1.17
WTA,2008,32,London,Wimbledon,2008-06-28,Grand Slam,Outdoor,Grass,3rd Round,3,Dementieva E.,Dulko G.,5.0,39.0,2745.0,707.0,7.0,6.0,7.0,5.0,,,2.0,0.0,Completed,1.28,3.5,1.3,3.35,1.333,3.25,1.358,3.59,1.35,3.1
WTA,2008,32,London,Wimbledon,2008-06-28,Grand Slam,Outdoor,Grass,3rd Round,3,Tanasugarn T.,Erakovic M.,60.0,53.0,519.0,551.0,4.0,6.0,6.0,4.0,6.0,4.0,2.0,1.0,Completed,1.57,2.25,1.58,2.28,1.667,2.1,1.645,2.45,1.64,2.2
WTA,2008,32,London,Wimbledon,2008-06-28,Grand Slam,Outdoor,Grass,3rd Round,3,Kleybanova A.,Sugiyama A.,42.0,38.0,653.0,722.0,6.0,4.0,6.0,4.0,,,2.0,0.0,Completed,1.61,2.2,1.65,2.15,1.667,2.1,1.763,2.21,1.7,2.1
WTA,2008,32,London,Wimbledon,2008-06-28,Grand Slam,Outdoor,Grass,3rd Round,3,Williams V.,Martinez-Sanchez M.J.,7.0,101.0,2606.0,326.0,6.0,1.0,7.0,5.0,,,2.0,0.0,Completed,1.04,10.0,,,1.063,8.0,1.069,12.5,1.07,8.0
WTA,2008,32,London,Wimbledon,2008-06-28,Grand Slam,Outdoor,Grass,3rd Round,3,Jankovic J.,Wozniacki C.,3.0,30.0,3685.0,932.0,2.0,6.0,6.0,4.0,6.0,2.0,2.0,1.0,Completed,1.22,4.0,1.25,3.75,1.25,3.75,1.279,4.28,1.23,4.0
WTA,2008,32,London,Wimbledon,2008-06-28,Grand Slam,Outdoor,Grass,3rd Round,3,Petrova N.,Azarenka V.,18.0,16.0,1211.0,1386.0,7.0,6.0,7.0,6.0,,,2.0,0.0,Completed,2.37,1.53,2.35,1.55,2.1,1.667,2.53,1.613,2.34,1.57
WTA,2008,32,London,Wimbledon,2008-06-28,Grand Slam,Outdoor,Grass,3rd Round,3,Peer S.,Safina D.,26.0,9.0,1027.0,2257.0,7.0,5.0,6.0,7.0,7.0,6.0,2.0,1.0,Completed,4.33,1.2,3.89,1.23,3.75,1.25,4.9,1.233,3.7,1.26
WTA,2008,32,London,Wimbledon,2008-06-28,Grand Slam,Outdoor,Grass,3rd Round,3,Kudryavtseva A.,Peng S.,154.0,54.0,202.0,546.0,6.0,3.0,1.0,6.0,6.0,4.0,2.0,1.0,Completed,1.72,2.0,1.65,2.15,1.72,2.0,1.72,2.0,1.7,2.1
WTA,2008,32,London,Wimbledon,2008-06-30,Grand Slam,Outdoor,Grass,4th Round,3,Zheng J.,Szavay A.,133.0,15.0,262.0,1645.0,6.0,3.0,6.0,4.0,,,2.0,0.0,Completed,1.57,2.25,1.65,2.15,1.615,2.2,1.676,2.38,1.6,2.28
WTA,2008,32,London,Wimbledon,2008-06-30,Grand Slam,Outdoor,Grass,4th Round,3,Williams V.,Kleybanova A.,7.0,42.0,2606.0,653.0,6.0,3.0,6.0,4.0,,,2.0,0.0,Completed,1.1,6.5,1.13,5.5,1.1,6.5,1.156,6.8,1.14,5.5
WTA,2008,32,London,Wimbledon,2008-06-30,Grand Slam,Outdoor,Grass,4th Round,3,Tanasugarn T.,Jankovic J.,60.0,3.0,519.0,3685.0,6.0,3.0,6.0,2.0,,,2.0,0.0,Completed,3.75,1.25,3.35,1.3,3.75,1.25,4.02,1.301,3.8,1.25
WTA,2008,32,London,Wimbledon,2008-06-30,Grand Slam,Outdoor,Grass,4th Round,3,Vaidisova N.,Chakvetadze A.,22.0,8.0,1153.0,2436.0,4.0,6.0,7.0,6.0,6.0,3.0,2.0,1.0,Completed,1.66,2.1,1.75,2.05,1.667,2.1,1.781,2.18,1.73,2.05
WTA,2008,32,London,Wimbledon,2008-06-30,Grand Slam,Outdoor,Grass,4th Round,3,Williams S.,Mattek B.,6.0,69.0,2676.0,474.0,6.0,3.0,6.0,3.0,,,2.0,0.0,Completed,1.33,3.4,1.1,6.25,1.083,7.0,1.123,8.33,1.13,5.6
WTA,2008,32,London,Wimbledon,2008-06-30,Grand Slam,Outdoor,Grass,4th Round,3,Petrova N.,Kudryavtseva A.,18.0,154.0,1211.0,202.0,6.0,1.0,6.0,4.0,,,2.0,0.0,Completed,1.33,3.25,1.37,2.92,1.364,3.0,1.372,3.49,1.4,2.85
WTA,2008,32,London,Wimbledon,2008-06-30,Grand Slam,Outdoor,Grass,4th Round,3,Radwanska A.,Kuznetsova S.,11.0,4.0,2011.0,3565.0,6.0,4.0,1.0,6.0,7.0,5.0,2.0,1.0,Completed,1.8,1.9,1.93,1.81,1.8,1.909,3.65,1.351,1.74,2.04
WTA,2008,32,London,Wimbledon,2008-06-30,Grand Slam,Outdoor,Grass,4th Round,3,Dementieva E.,Peer S.,5.0,26.0,2745.0,1027.0,6.0,2.0,6.0,1.0,,,2.0,0.0,Completed,1.33,3.25,1.4,2.85,1.333,3.25,1.364,3.55,1.37,3.0
WTA,2008,32,London,Wimbledon,2008-07-01,Grand Slam,Outdoor,Grass,Quarterfinals,3,Dementieva E.,Petrova N.,5.0,18.0,2745.0,1211.0,6.0,1.0,6.0,7.0,6.0,3.0,2.0,1.0,Completed,1.57,2.37,1.6,2.2,1.615,2.2,1.676,2.38,1.62,2.26
WTA,2008,32,London,Wimbledon,2008-07-01,Grand Slam,Outdoor,Grass,Quarterfinals,3,Williams V.,Tanasugarn T.,7.0,60.0,2606.0,519.0,6.0,4.0,6.0,3.0,,,2.0,0.0,Completed,1.12,6.0,1.11,5.84,1.125,5.5,1.151,7.01,1.15,5.2
WTA,2008,32,London,Wimbledon,2008-07-01,Grand Slam,Outdoor,Grass,Quarterfinals,3,Zheng J.,Vaidisova N.,133.0,22.0,262.0,1153.0,6.0,2.0,5.0,7.0,6.0,1.0,2.0,1.0,Completed,2.0,1.8,2.15,1.65,2.1,1.667,2.17,1.787,2.0,1.77
WTA,2008,32,London,Wimbledon,2008-07-01,Grand Slam,Outdoor,Grass,Quarterfinals,3,Williams S.,Radwanska A.,6.0,11.0,2676.0,2011.0,6.0,4.0,6.0,0.0,,,2.0,0.0,Completed,1.3,3.5,1.3,3.35,1.25,3.75,1.308,3.95,1.28,3.55
WTA,2008,32,London,Wimbledon,2008-07-03,Grand Slam,Outdoor,Grass,Semifinals,3,Williams V.,Dementieva E.,7.0,5.0,2606.0,2745.0,6.0,1.0,7.0,6.0,,,2.0,0.0,Completed,1.2,4.5,1.2,4.25,1.222,4.0,1.067,11.2,1.21,4.4
WTA,2008,32,London,Wimbledon,2008-07-03,Grand Slam,Outdoor,Grass,Semifinals,3,Williams S.,Zheng J.,6.0,133.0,2676.0,262.0,6.0,2.0,7.0,6.0,,,2.0,0.0,Completed,1.12,6.0,1.11,5.84,1.111,6.0,1.077,10.2,1.13,5.8
WTA,2008,32,London,Wimbledon,2008-07-05,Grand Slam,Outdoor,Grass,The Final,3,Williams V.,Williams S.,7.0,6.0,2606.0,2676.0,7.0,5.0,6.0,4.0,,,2.0,0.0,Completed,2.0,1.8,2.1,1.75,2.0,1.727,2.03,1.885,2.0,1.8
WTA,2008,44,New York,US Open,2008-08-25,Grand Slam,Outdoor,Hard,1st Round,3,Meusburger Y.,Dominguez Lino L.,110.0,96.0,317.0,355.0,6.0,1.0,6.0,2.0,,,2.0,0.0,Completed,1.61,2.2,1.65,2.15,1.727,2.0,1.775,2.19,1.7,2.1
WTA,2008,44,New York,US Open,2008-08-25,Grand Slam,Outdoor,Hard,1st Round,3,Schnyder P.,Pivovarova A.,15.0,166.0,1542.0,186.0,6.0,3.0,3.0,6.0,6.0,3.0,2.0,1.0,Completed,1.16,4.5,1.15,4.65,1.143,5.0,1.213,5.3,1.17,4.8
WTA,2008,44,New York,US Open,2008-08-25,Grand Slam,Outdoor,Hard,1st Round,3,Parmentier P.,Erakovic M.,49.0,52.0,632.0,614.0,6.0,3.0,7.0,6.0,,,2.0,0.0,Completed,1.8,1.9,1.87,1.87,1.8,1.909,1.806,2.14,1.84,1.92
WTA,2008,44,New York,US Open,2008-08-25,Grand Slam,Outdoor,Hard,1st Round,3,Pavlyuchen. A.,King V.,85.0,99.0,410.0,350.0,6.0,2.0,4.0,6.0,6.0,2.0,2.0,1.0,Completed,1.53,2.37,1.6,2.3,1.571,2.25,1.61,2.54,1.54,2.4
WTA,2008,44,New York,US Open,2008-08-25,Grand Slam,Outdoor,Hard,1st Round,3,Rezai A.,Muhammad A.,74.0,414.0,452.0,48.0,6.0,2.0,6.0,4.0,,,2.0,0.0,Completed,1.4,2.75,1.45,2.6,1.4,2.85,1.541,2.75,1.4,2.85
WTA,2008,44,New York,US Open,2008-08-25,Grand Slam,Outdoor,Hard,1st Round,3,Dementieva E.,Amanmuradova A.,6.0,78.0,3070.0,443.0,6.0,4.0,7.0,5.0,,,2.0,0.0,Completed,1.03,11.0,1.04,9.25,1.063,8.0,1.05,16.0,1.04,10.0
WTA,2008,44,New York,US Open,2008-08-25,Grand Slam,Outdoor,Hard,1st Round,3,Schiavone F.,Llagostera V.,27.0,93.0,981.0,373.0,7.0,5.0,7.0,5.0,,,2.0,0.0,Completed,1.22,4.0,1.2,4.25,1.222,4.0,1.264,4.49,1.23,4.0
WTA,2008,44,New York,US Open,2008-08-25,Grand Slam,Outdoor,Hard,1st Round,3,Bartoli M.,Voskoboeva G.,13.0,100.0,1635.0,345.0,6.0,2.0,6.0,3.0,,,2.0,0.0,Completed,1.11,6.0,1.15,5.2,1.143,5.0,1.167,6.4,1.16,5.0
WTA,2008,44,New York,US Open,2008-08-25,Grand Slam,Outdoor,Hard,1st Round,3,Li N.,Peer S.,36.0,25.0,795.0,1060.0,2.0,6.0,6.0,0.0,6.0,1.0,2.0,1.0,Completed,1.4,2.75,1.45,2.6,1.444,2.625,1.493,2.83,1.43,2.75
WTA,2008,44,New York,US Open,2008-08-25,Grand Slam,Outdoor,Hard,1st Round,3,Davenport L.,Wozniak A.,24.0,41.0,1115.0,698.0,6.0,4.0,6.0,2.0,,,2.0,0.0,Completed,1.4,2.75,1.51,2.46,1.4,2.75,1.455,3.0,1.46,2.64
WTA,2008,44,New York,US Open,2008-08-25,Grand Slam,Outdoor,Hard,1st Round,3,Errani S.,Kostanic T. J.,39.0,90.0,701.0,391.0,6.0,4.0,6.0,2.0,,,2.0,0.0,Completed,1.22,4.0,1.2,4.25,1.222,4.0,1.27,4.41,1.25,3.8
WTA,2008,44,New York,US Open,2008-08-25,Grand Slam,Outdoor,Hard,1st Round,3,Kleybanova A.,Suarez Navarro C.,34.0,51.0,813.0,618.0,6.0,2.0,7.0,5.0,,,2.0,0.0,Completed,1.9,1.8,1.95,1.8,1.833,1.833,1.926,1.98,1.88,1.88
WTA,2008,44,New York,US Open,2008-08-25,Grand Slam,Outdoor,Hard,1st Round,3,Kuznetsova S.,Zhang S.,4.0,243.0,3181.0,112.0,6.0,4.0,6.0,2.0,,,2.0,0.0,Completed,1.03,11.0,1.04,9.25,1.04,9.0,1.048,17.0,1.04,10.0
WTA,2008,44,New York,US Open,2008-08-25,Grand Slam,Outdoor,Hard,1st Round,3,Azarenka V.,Zakopalova K.,14.0,64.0,1593.0,497.0,6.0,2.0,6.0,1.0,,,2.0,0.0,Completed,1.06,8.0,1.1,6.75,1.063,8.0,1.091,10.0,1.08,7.5
WTA,2008,44,New York,US Open,2008-08-25,Grand Slam,Outdoor,Hard,1st Round,3,Keothavong A.,Glatch A.,87.0,254.0,402.0,105.0,6.0,2.0,6.0,2.0,,,2.0,0.0,Completed,1.57,2.25,1.65,2.15,1.667,2.1,1.8,2.15,1.74,2.04
WTA,2008,44,New York,US Open,2008-08-25,Grand Slam,Outdoor,Hard,1st Round,3,Srebotnik K.,Wickmayer Y.,28.0,62.0,972.0,499.0,3.0,6.0,6.0,0.0,6.0,3.0,2.0,1.0,Completed,1.28,3.5,1.25,3.75,1.3,3.4,1.321,3.82,1.32,3.25
WTA,2008,44,New York,US Open,2008-08-25,Grand Slam,Outdoor,Hard,1st Round,3,Bammer S.,Nakamura A.,30.0,127.0,952.0,261.0,6.0,4.0,6.0,2.0,,,2.0,0.0,Completed,1.11,6.0,1.15,5.2,1.125,5.5,1.152,7.0,1.12,6.0
WTA,2008,44,New York,US Open,2008-08-25,Grand Slam,Outdoor,Hard,1st Round,3,Benesova I.,Knapp K.,50.0,61.0,622.0,527.0,6.0,0.0,6.0,3.0,,,2.0,0.0,Completed,1.28,3.5,1.28,3.46,1.3,3.4,1.328,3.75,1.28,3.55
WTA,2008,44,New York,US Open,2008-08-25,Grand Slam,Outdoor,Hard,1st Round,3,Bychkova E.,Rodionova A.,106.0,65.0,328.0,496.0,6.0,1.0,6.0,3.0,,,2.0,0.0,Completed,2.2,1.61,2.15,1.65,2.1,1.667,2.22,1.758,2.22,1.63
WTA,2008,44,New York,US Open,2008-08-25,Grand Slam,Outdoor,Hard,1st Round,3,Ruano Pascual V.,Kvitova P.,102.0,59.0,339.0,544.0,6.0,7.0,6.0,4.0,6.0,2.0,2.0,1.0,Completed,3.5,1.28,3.46,1.28,3.0,1.364,3.9,1.313,3.4,1.3
WTA,2008,44,New York,US Open,2008-08-25,Grand Slam,Outdoor,Hard,1st Round,3,Arvidsson S.,Yan Z.,63.0,92.0,497.0,376.0,6.0,2.0,6.0,4.0,,,2.0,0.0,Completed,1.53,2.37,1.5,2.45,1.571,2.25,1.69,2.35,1.57,2.34
WTA,2008,44,New York,US Open,2008-08-25,Grand Slam,Outdoor,Hard,1st Round,3,Cirstea S.,Safarova L.,53.0,58.0,603.0,546.0,6.0,4.0,4.0,6.0,6.0,2.0,2.0,1.0,Completed,2.5,1.5,2.53,1.48,2.25,1.571,2.57,1.599,2.4,1.55
WTA,2008,44,New York,US Open,2008-08-25,Grand Slam,Outdoor,Hard,1st Round,3,Makarova E.,Chakvetadze A.,56.0,9.0,565.0,2230.0,1.0,6.0,6.0,2.0,6.0,3.0,2.0,1.0,Completed,8.0,1.06,6.75,1.1,6.0,1.111,8.75,1.111,7.5,1.08
WTA,2008,44,New York,US Open,2008-08-25,Grand Slam,Outdoor,Hard,1st Round,3,Paszek T.,Kirilenko M.,68.0,23.0,481.0,1118.0,6.0,3.0,3.0,6.0,6.0,4.0,2.0,1.0,Completed,2.1,1.66,2.15,1.65,2.1,1.667,2.16,1.794,2.04,1.74
WTA,2008,44,New York,US Open,2008-08-25,Grand Slam,Outdoor,Hard,1st Round,3,Camerin M.E.,Loit E.,133.0,120.0,246.0,284.0,6.0,0.0,6.0,2.0,,,2.0,0.0,Completed,1.36,3.0,1.42,2.75,1.4,2.75,1.459,2.98,1.4,2.85
WTA,2008,44,New York,US Open,2008-08-25,Grand Slam,Outdoor,Hard,1st Round,3,Wozniacki C.,Rolle A.,18.0,146.0,1403.0,225.0,6.0,2.0,6.0,1.0,,,2.0,0.0,Completed,1.03,11.0,1.04,9.25,1.04,9.0,1.044,18.5,1.04,10.0
WTA,2008,44,New York,US Open,2008-08-25,Grand Slam,Outdoor,Hard,1st Round,3,Perebiynis T.,Koryttseva M.,76.0,54.0,444.0,593.0,6.0,1.0,6.0,4.0,,,2.0,0.0,Completed,2.2,1.61,2.15,1.65,2.25,1.571,2.37,1.68,2.15,1.67
WTA,2008,44,New York,US Open,2008-08-25,Grand Slam,Outdoor,Hard,1st Round,3,Zvonareva V.,Zahlavova Strycova B.,10.0,248.0,2117.0,110.0,6.0,4.0,6.0,3.0,,,2.0,0.0,Completed,1.06,8.0,1.05,8.5,1.071,7.5,1.08,11.0,1.07,8.0
WTA,2008,44,New York,US Open,2008-08-25,Grand Slam,Outdoor,Hard,1st Round,3,Rybarikova M.,Dulko G.,89.0,45.0,392.0,651.0,6.0,4.0,6.0,0.0,,,2.0,0.0,Completed,1.72,2.0,1.8,1.95,1.833,1.833,1.813,2.13,1.84,1.92
WTA,2008,44,New York,US Open,2008-08-25,Grand Slam,Outdoor,Hard,1st Round,3,Medina Garrigues A.,Pironkova T.,26.0,42.0,1001.0,692.0,6.0,4.0,7.0,5.0,,,2.0,0.0,Completed,1.44,2.62,1.48,2.53,1.5,2.5,1.51,2.81,1.5,2.52
WTA,2008,44,New York,US Open,2008-08-25,Grand Slam,Outdoor,Hard,1st Round,3,Zheng J.,Perry S.,37.0,,760.0,,6.0,2.0,6.0,3.0,,,2.0,0.0,Completed,1.25,3.75,1.25,3.75,1.222,4.0,1.282,4.25,1.23,4.0
WTA,2008,44,New York,US Open,2008-08-26,Grand Slam,Outdoor,Hard,1st Round,3,Jankovic J.,Vandeweghe C.,2.0,512.0,3515.0,31.0,6.0,3.0,6.0,1.0,,,2.0,0.0,Completed,1.01,17.0,1.02,11.5,1.015,13.0,1.029,26.0,1.02,15.0
WTA,2008,44,New York,US Open,2008-08-26,Grand Slam,Outdoor,Hard,1st Round,3,Safina D.,Ahn K.H.,7.0,758.0,3047.0,13.0,6.0,3.0,6.0,4.0,,,2.0,0.0,Completed,1.01,17.0,1.02,11.5,1.02,11.0,1.029,26.0,1.01,20.0
WTA,2008,44,New York,US Open,2008-08-26,Grand Slam,Outdoor,Hard,1st Round,3,Vinci R.,Cohen Aloro S.,164.0,114.0,189.0,311.0,6.0,1.0,6.0,4.0,,,2.0,0.0,Completed,1.57,2.25,1.7,2.1,1.667,2.1,1.699,2.33,1.67,2.15
WTA,2008,44,New York,US Open,2008-08-26,Grand Slam,Outdoor,Hard,1st Round,3,Pennetta F.,Vogele S.,19.0,162.0,1335.0,194.0,2.0,6.0,6.0,2.0,6.0,2.0,2.0,1.0,Completed,1.16,4.5,1.2,4.25,1.167,4.5,1.238,4.8,1.2,4.3
WTA,2008,44,New York,US Open,2008-08-26,Grand Slam,Outdoor,Hard,1st Round,3,Szavay A.,Brodsky G.,16.0,382.0,1489.0,54.0,7.0,5.0,6.0,3.0,,,2.0,0.0,Completed,1.06,8.0,1.04,9.25,1.083,7.0,1.086,10.68,1.06,8.5
WTA,2008,44,New York,US Open,2008-08-26,Grand Slam,Outdoor,Hard,1st Round,3,Duque Marino M.,Tanasugarn T.,125.0,38.0,264.0,752.0,0.0,6.0,6.0,3.0,6.0,2.0,2.0,1.0,Completed,2.5,1.5,2.6,1.45,2.5,1.5,2.65,1.571,2.52,1.5
WTA,2008,44,New York,US Open,2008-08-26,Grand Slam,Outdoor,Hard,1st Round,3,Govortsova O.,Zahlavova S.,48.0,248.0,645.0,110.0,6.0,3.0,6.0,1.0,,,2.0,0.0,Completed,1.16,4.5,1.2,4.25,1.25,3.75,1.227,5.0,1.18,4.6
WTA,2008,44,New York,US Open,2008-08-26,Grand Slam,Outdoor,Hard,1st Round,3,Sugiyama A.,Klepac A.,32.0,119.0,911.0,286.0,4.0,6.0,6.0,3.0,4.0,2.0,1.0,1.0,Retired,1.2,4.33,1.2,4.25,1.2,4.333,1.267,4.44,1.19,4.4
WTA,2008,44,New York,US Open,2008-08-26,Grand Slam,Outdoor,Hard,1st Round,3,Peng S.,Daniilidou E.,47.0,83.0,647.0,416.0,6.0,1.0,6.0,0.0,,,2.0,0.0,Completed,1.2,4.33,1.23,3.89,1.25,3.75,1.244,4.7,1.2,4.35
WTA,2008,44,New York,US Open,2008-08-26,Grand Slam,Outdoor,Hard,1st Round,3,Ivanovic A.,Dushevina V.,1.0,57.0,3612.0,555.0,6.0,1.0,4.0,6.0,6.0,4.0,2.0,1.0,Completed,1.11,6.0,1.15,5.2,1.143,5.0,1.182,6.0,1.14,5.4
WTA,2008,44,New York,US Open,2008-08-26,Grand Slam,Outdoor,Hard,1st Round,3,Radwanska A.,Shvedova Y.,11.0,115.0,2076.0,305.0,6.0,4.0,6.0,2.0,,,2.0,0.0,Completed,1.1,6.5,1.1,6.75,1.111,6.0,1.164,6.48,1.12,5.9
WTA,2008,44,New York,US Open,2008-08-26,Grand Slam,Outdoor,Hard,1st Round,3,Garbin T.,Ani M.,81.0,97.0,434.0,352.0,6.0,0.0,7.0,6.0,,,2.0,0.0,Completed,1.44,2.62,1.45,2.6,1.5,2.5,1.481,2.88,1.45,2.68
WTA,2008,44,New York,US Open,2008-08-26,Grand Slam,Outdoor,Hard,1st Round,3,Hsieh S.W.,Rodina E.,108.0,94.0,317.0,371.0,6.0,2.0,6.0,4.0,,,2.0,0.0,Completed,1.66,2.1,1.7,2.1,1.727,2.0,1.719,2.29,1.68,2.13
WTA,2008,44,New York,US Open,2008-08-26,Grand Slam,Outdoor,Hard,1st Round,3,Groenefeld A.L.,Hantuchova D.,141.0,12.0,235.0,1847.0,6.0,4.0,6.0,2.0,,,2.0,0.0,Completed,2.37,1.53,2.45,1.5,2.5,1.5,2.5,1.625,2.32,1.58
WTA,2008,44,New York,US Open,2008-08-26,Grand Slam,Outdoor,Hard,1st Round,3,Coin J.,Dellacqua C.,188.0,40.0,158.0,699.0,7.0,6.0,7.0,6.0,,,2.0,0.0,Completed,4.5,1.16,4.25,1.2,4.0,1.222,4.85,1.235,4.35,1.2
WTA,2008,44,New York,US Open,2008-08-26,Grand Slam,Outdoor,Hard,1st Round,3,Bacsinszky T.,Razzano V.,60.0,33.0,531.0,829.0,6.0,4.0,6.0,1.0,,,2.0,0.0,Completed,2.75,1.4,2.85,1.4,2.625,1.444,2.98,1.459,2.78,1.42
WTA,2008,44,New York,US Open,2008-08-26,Grand Slam,Outdoor,Hard,1st Round,3,Cibulkova D.,Craybas J.,20.0,75.0,1202.0,447.0,6.0,3.0,7.0,6.0,,,2.0,0.0,Completed,1.14,5.0,1.2,4.25,1.143,5.0,1.187,5.85,1.13,5.75
WTA,2008,44,New York,US Open,2008-08-26,Grand Slam,Outdoor,Hard,1st Round,3,Moore J.,Oudin M.,178.0,221.0,167.0,134.0,7.0,6.0,7.0,6.0,,,2.0,0.0,Completed,2.62,1.44,2.85,1.4,2.625,1.444,3.05,1.444,2.85,1.4
WTA,2008,44,New York,US Open,2008-08-26,Grand Slam,Outdoor,Hard,1st Round,3,Petrova N.,Sanchez O.,21.0,104.0,1181.0,330.0,6.0,2.0,6.0,4.0,,,2.0,0.0,Completed,1.03,11.0,1.04,9.25,1.05,8.5,1.045,18.0,1.04,11.0
WTA,2008,44,New York,US Open,2008-08-26,Grand Slam,Outdoor,Hard,1st Round,3,Vaidisova N.,Cetkovska P.,22.0,66.0,1172.0,495.0,6.0,1.0,6.0,2.0,,,2.0,0.0,Completed,1.25,3.75,1.28,3.46,1.25,3.75,1.312,3.91,1.3,3.4
WTA,2008,44,New York,US Open,2008-08-26,Grand Slam,Outdoor,Hard,1st Round,3,Chan Y.J.,Kudryavtseva A.,69.0,84.0,473.0,413.0,4.0,6.0,7.0,5.0,6.0,3.0,2.0,1.0,Completed,2.25,1.57,2.15,1.65,2.25,1.571,2.33,1.699,2.24,1.62
WTA,2008,44,New York,US Open,2008-08-26,Grand Slam,Outdoor,Hard,1st Round,3,Olaru I.,Gallovits E.,124.0,88.0,266.0,400.0,6.0,0.0,6.0,2.0,,,2.0,0.0,Completed,1.61,2.2,1.6,2.3,1.667,2.1,1.746,2.24,1.55,2.38
WTA,2008,44,New York,US Open,2008-08-26,Grand Slam,Outdoor,Hard,1st Round,3,De Los Rios R.,Sromova H.,113.0,293.0,314.0,85.0,6.0,3.0,2.0,6.0,6.0,3.0,2.0,1.0,Completed,1.57,2.25,,,1.571,2.25,1.699,2.33,1.65,2.18
WTA,2008,44,New York,US Open,2008-08-26,Grand Slam,Outdoor,Hard,1st Round,3,Mattek B.,Domachowska M.,44.0,55.0,655.0,567.0,6.0,7.0,7.0,5.0,6.0,4.0,2.0,1.0,Completed,1.53,2.37,1.55,2.35,1.533,2.375,1.645,2.45,1.55,2.38
WTA,2008,44,New York,US Open,2008-08-26,Grand Slam,Outdoor,Hard,1st Round,3,Williams S.,Bondarenko K.,3.0,46.0,3341.0,649.0,6.0,1.0,6.0,4.0,,,2.0,0.0,Completed,1.04,9.0,1.04,9.25,1.04,9.0,1.056,15.0,1.03,12.0
WTA,2008,44,New York,US Open,2008-08-26,Grand Slam,Outdoor,Hard,1st Round,3,Lisicki S.,Martinez-Sanchez M.J.,73.0,79.0,456.0,440.0,6.0,3.0,6.0,4.0,,,2.0,0.0,Completed,1.9,1.8,1.8,1.95,1.8,1.909,1.935,1.971,1.96,1.8
WTA,2008,44,New York,US Open,2008-08-26,Grand Slam,Outdoor,Hard,1st Round,3,Bondarenko A.,Jackson J.,31.0,271.0,946.0,96.0,2.0,6.0,6.0,3.0,6.0,2.0,2.0,1.0,Completed,1.16,4.5,1.2,4.25,1.222,4.0,1.267,4.45,1.2,4.35
WTA,2008,44,New York,US Open,2008-08-26,Grand Slam,Outdoor,Hard,1st Round,3,Bremond S.,Goerges J.,121.0,101.0,277.0,344.0,7.0,6.0,6.0,4.0,,,2.0,0.0,Completed,3.0,1.36,2.85,1.4,2.75,1.4,3.4,1.385,3.25,1.32
WTA,2008,44,New York,US Open,2008-08-26,Grand Slam,Outdoor,Hard,1st Round,3,Vesnina E.,Vakulenko J.,71.0,80.0,467.0,436.0,4.0,6.0,6.0,1.0,6.0,2.0,2.0,1.0,Completed,2.0,1.72,1.95,1.8,1.833,1.833,1.971,1.935,2.0,1.77
WTA,2008,44,New York,US Open,2008-08-26,Grand Slam,Outdoor,Hard,1st Round,3,Williams V.,Stosur S.,8.0,72.0,2586.0,463.0,6.0,2.0,6.0,3.0,,,2.0,0.0,Completed,1.04,10.0,1.04,9.25,1.071,7.5,1.08,11.0,1.07,7.75
WTA,2008,44,New York,US Open,2008-08-26,Grand Slam,Outdoor,Hard,1st Round,3,Kanepi K.,Niculescu M.,43.0,67.0,677.0,489.0,6.0,0.0,6.0,3.0,,,2.0,0.0,Completed,1.5,2.5,1.5,2.45,1.5,2.5,1.602,2.56,1.53,2.44
WTA,2008,44,New York,US Open,2008-08-26,Grand Slam,Outdoor,Hard,1st Round,3,Cornet A.,Pin C.,17.0,77.0,1415.0,444.0,7.0,5.0,6.0,0.0,,,2.0,0.0,Completed,1.12,5.5,1.13,5.5,1.143,5.0,1.16,6.65,1.15,5.2
WTA,2008,44,New York,US Open,2008-08-27,Grand Slam,Outdoor,Hard,1st Round,3,Mauresmo A.,Dechy N.,29.0,86.0,971.0,407.0,4.0,6.0,6.0,3.0,6.0,2.0,2.0,1.0,Completed,1.4,2.75,1.4,2.85,1.4,2.75,1.435,3.1,1.47,2.6
WTA,2008,44,New York,US Open,2008-08-27,Grand Slam,Outdoor,Hard,2nd Round,3,Schnyder P.,Pavlyuchen. A.,15.0,85.0,1542.0,410.0,6.0,3.0,6.0,3.0,,,2.0,0.0,Completed,1.36,3.0,1.4,2.85,1.4,2.75,1.446,3.04,1.44,2.7
WTA,2008,44,New York,US Open,2008-08-27,Grand Slam,Outdoor,Hard,2nd Round,3,Makarova E.,Bychkova E.,56.0,106.0,565.0,328.0,3.0,6.0,7.0,5.0,6.0,3.0,2.0,1.0,Completed,1.44,2.62,1.45,2.6,1.5,2.5,1.478,2.89,1.4,2.85
WTA,2008,44,New York,US Open,2008-08-27,Grand Slam,Outdoor,Hard,2nd Round,3,Li N.,Errani S.,36.0,39.0,795.0,701.0,4.0,6.0,6.0,2.0,6.0,0.0,2.0,1.0,Completed,1.22,4.0,1.23,3.89,1.286,3.5,1.276,4.32,1.22,4.1
WTA,2008,44,New York,US Open,2008-08-27,Grand Slam,Outdoor,Hard,2nd Round,3,Rybarikova M.,Paszek T.,89.0,68.0,392.0,481.0,6.0,1.0,6.0,2.0,,,2.0,0.0,Completed,2.37,1.53,2.35,1.55,2.25,1.571,2.67,1.565,2.4,1.54
WTA,2008,44,New York,US Open,2008-08-27,Grand Slam,Outdoor,Hard,2nd Round,3,Keothavong A.,Schiavone F.,87.0,27.0,402.0,981.0,6.0,2.0,3.0,6.0,6.0,4.0,2.0,1.0,Completed,4.0,1.22,3.75,1.25,4.0,1.222,4.8,1.238,4.1,1.22
WTA,2008,44,New York,US Open,2008-08-27,Grand Slam,Outdoor,Hard,2nd Round,3,Kuznetsova S.,Cirstea S.,4.0,53.0,3181.0,603.0,7.0,6.0,6.0,1.0,,,2.0,0.0,Completed,1.11,6.0,1.13,5.5,1.1,6.5,1.163,6.54,1.17,4.8
WTA,2008,44,New York,US Open,2008-08-27,Grand Slam,Outdoor,Hard,2nd Round,3,Perebiynis T.,Zvonareva V.,76.0,10.0,444.0,2117.0,6.0,3.0,6.0,3.0,,,2.0,0.0,Completed,6.5,1.1,6.75,1.1,6.0,1.111,7.93,1.131,7.0,1.09
WTA,2008,44,New York,US Open,2008-08-27,Grand Slam,Outdoor,Hard,2nd Round,3,Srebotnik K.,Meusburger Y.,28.0,110.0,972.0,317.0,6.0,1.0,6.0,3.0,,,2.0,0.0,Completed,1.12,5.5,1.17,4.67,1.143,5.0,1.167,6.4,1.12,6.0
WTA,2008,44,New York,US Open,2008-08-27,Grand Slam,Outdoor,Hard,2nd Round,3,Jankovic J.,Arvidsson S.,2.0,63.0,3515.0,497.0,6.0,3.0,6.0,7.0,7.0,5.0,2.0,1.0,Completed,1.07,7.5,1.07,7.19,1.071,7.5,1.074,11.5,1.1,6.5
WTA,2008,44,New York,US Open,2008-08-27,Grand Slam,Outdoor,Hard,2nd Round,3,Dementieva E.,Parmentier P.,6.0,49.0,3070.0,632.0,6.0,2.0,6.0,1.0,,,2.0,0.0,Completed,1.06,8.0,1.04,9.25,1.05,8.5,1.074,11.5,1.08,7.5
WTA,2008,44,New York,US Open,2008-08-27,Grand Slam,Outdoor,Hard,2nd Round,3,Zheng J.,Medina Garrigues A.,37.0,26.0,760.0,1001.0,6.0,1.0,6.0,4.0,,,2.0,0.0,Completed,1.57,2.25,1.6,2.25,1.667,2.1,1.645,2.45,1.58,2.32
WTA,2008,44,New York,US Open,2008-08-27,Grand Slam,Outdoor,Hard,2nd Round,3,Bammer S.,Rezai A.,30.0,74.0,952.0,452.0,6.0,1.0,7.0,5.0,,,2.0,0.0,Completed,1.25,3.75,1.26,3.59,1.286,3.5,1.265,4.48,1.27,3.6
WTA,2008,44,New York,US Open,2008-08-27,Grand Slam,Outdoor,Hard,2nd Round,3,Bartoli M.,Ruano Pascual V.,13.0,102.0,1635.0,339.0,6.0,4.0,6.0,2.0,,,2.0,0.0,Completed,1.12,5.5,1.13,5.5,1.125,5.5,1.174,6.26,1.13,5.6
WTA,2008,44,New York,US Open,2008-08-27,Grand Slam,Outdoor,Hard,2nd Round,3,Wozniacki C.,Camerin M.E.,18.0,133.0,1403.0,246.0,6.0,1.0,6.0,2.0,,,2.0,0.0,Completed,1.06,8.0,1.04,9.25,1.063,8.0,1.071,12.0,1.08,7.5
WTA,2008,44,New York,US Open,2008-08-27,Grand Slam,Outdoor,Hard,2nd Round,3,Azarenka V.,Benesova I.,14.0,50.0,1593.0,622.0,6.0,2.0,6.0,3.0,,,2.0,0.0,Completed,1.12,5.5,1.15,5.2,1.125,5.5,1.154,6.91,1.13,5.6
WTA,2008,44,New York,US Open,2008-08-27,Grand Slam,Outdoor,Hard,2nd Round,3,Davenport L.,Kleybanova A.,24.0,34.0,1115.0,813.0,7.0,5.0,6.0,3.0,,,2.0,0.0,Completed,1.28,3.5,1.3,3.35,1.286,3.5,1.315,3.87,1.28,3.5
WTA,2008,44,New York,US Open,2008-08-28,Grand Slam,Outdoor,Hard,2nd Round,3,Bacsinszky T.,Chan Y.J.,60.0,69.0,531.0,473.0,6.0,3.0,6.0,2.0,,,2.0,0.0,Completed,2.2,1.61,2.3,1.6,2.25,1.571,2.15,1.76,2.1,1.7
WTA,2008,44,New York,US Open,2008-08-28,Grand Slam,Outdoor,Hard,2nd Round,3,Petrova N.,Hsieh S.W.,21.0,108.0,1181.0,317.0,6.0,4.0,6.0,2.0,,,2.0,0.0,Completed,1.05,9.0,1.07,7.19,1.083,7.0,,,1.08,7.5
WTA,2008,44,New York,US Open,2008-08-28,Grand Slam,Outdoor,Hard,2nd Round,3,Bremond S.,Vaidisova N.,121.0,22.0,277.0,1172.0,7.0,5.0,6.0,3.0,,,2.0,0.0,Completed,5.0,1.14,5.2,1.15,4.5,1.167,,,5.5,1.14
WTA,2008,44,New York,US Open,2008-08-28,Grand Slam,Outdoor,Hard,2nd Round,3,Bondarenko A.,Lisicki S.,31.0,73.0,946.0,456.0,6.0,4.0,1.0,6.0,6.0,4.0,2.0,1.0,Completed,1.57,2.25,1.65,2.15,1.571,2.25,,,1.6,2.28
WTA,2008,44,New York,US Open,2008-08-28,Grand Slam,Outdoor,Hard,2nd Round,3,Radwanska A.,Duque Marino M.,11.0,125.0,2076.0,264.0,6.0,0.0,7.0,6.0,,,2.0,0.0,Completed,1.04,10.0,1.04,9.25,1.063,8.0,,,1.07,8.0
WTA,2008,44,New York,US Open,2008-08-28,Grand Slam,Outdoor,Hard,2nd Round,3,Cornet A.,Mattek B.,17.0,44.0,1415.0,655.0,7.0,6.0,6.0,1.0,,,2.0,0.0,Completed,1.22,4.0,1.23,3.89,1.25,3.75,,,1.25,3.8
WTA,2008,44,New York,US Open,2008-08-28,Grand Slam,Outdoor,Hard,2nd Round,3,Cibulkova D.,Olaru I.,20.0,124.0,1202.0,266.0,6.0,2.0,6.0,2.0,,,2.0,0.0,Completed,1.14,5.0,1.17,4.67,1.143,5.0,,,1.2,4.35
WTA,2008,44,New York,US Open,2008-08-28,Grand Slam,Outdoor,Hard,2nd Round,3,Safina D.,Vinci R.,7.0,164.0,3047.0,189.0,6.0,4.0,6.0,3.0,,,2.0,0.0,Completed,1.03,11.0,1.04,9.25,1.05,8.5,,,1.04,10.0
WTA,2008,44,New York,US Open,2008-08-28,Grand Slam,Outdoor,Hard,2nd Round,3,Garbin T.,Szavay A.,81.0,16.0,434.0,1489.0,5.0,7.0,6.0,2.0,6.0,3.0,2.0,1.0,Completed,3.75,1.25,3.22,1.32,3.4,1.3,3.84,1.318,3.7,1.26
WTA,2008,44,New York,US Open,2008-08-28,Grand Slam,Outdoor,Hard,2nd Round,3,Sugiyama A.,Govortsova O.,32.0,48.0,911.0,645.0,4.0,6.0,7.0,6.0,6.0,1.0,2.0,1.0,Completed,1.8,1.9,1.8,1.95,1.833,1.833,1.85,2.01,1.82,1.94
WTA,2008,44,New York,US Open,2008-08-28,Grand Slam,Outdoor,Hard,2nd Round,3,Williams V.,De Los Rios R.,8.0,113.0,2586.0,314.0,6.0,0.0,6.0,3.0,,,2.0,0.0,Completed,1.01,15.0,1.02,11.5,1.02,11.0,1.029,26.0,1.02,15.0
WTA,2008,44,New York,US Open,2008-08-28,Grand Slam,Outdoor,Hard,2nd Round,3,Pennetta F.,Peng S.,19.0,47.0,1335.0,647.0,6.0,2.0,6.0,7.0,6.0,1.0,2.0,1.0,Completed,1.9,1.8,1.87,1.87,1.83,1.83,2.14,1.806,2.1,1.7
WTA,2008,44,New York,US Open,2008-08-28,Grand Slam,Outdoor,Hard,2nd Round,3,Groenefeld A.L.,Moore J.,141.0,178.0,235.0,167.0,6.0,1.0,6.0,3.0,,,2.0,0.0,Completed,1.14,5.0,1.2,4.25,1.167,4.5,1.187,5.85,1.14,5.5
WTA,2008,44,New York,US Open,2008-08-28,Grand Slam,Outdoor,Hard,2nd Round,3,Mauresmo A.,Kanepi K.,29.0,43.0,971.0,677.0,2.0,6.0,6.0,4.0,6.0,0.0,2.0,1.0,Completed,1.44,2.62,1.45,2.6,1.4,2.75,1.543,2.74,1.5,2.52
WTA,2008,44,New York,US Open,2008-08-28,Grand Slam,Outdoor,Hard,2nd Round,3,Coin J.,Ivanovic A.,188.0,1.0,158.0,3612.0,6.0,3.0,4.0,6.0,6.0,3.0,2.0,1.0,Completed,10.0,1.04,9.25,1.04,9.0,1.04,10.0,1.091,8.0,1.07
WTA,2008,44,New York,US Open,2008-08-28,Grand Slam,Outdoor,Hard,2nd Round,3,Williams S.,Vesnina E.,3.0,71.0,3341.0,467.0,6.0,1.0,6.0,1.0,,,2.0,0.0,Completed,1.02,13.0,1.02,11.5,1.03,10.0,1.03,24.0,1.02,15.0
WTA,2008,44,New York,US Open,2008-08-29,Grand Slam,Outdoor,Hard,3rd Round,3,Jankovic J.,Zheng J.,2.0,37.0,3515.0,760.0,7.0,5.0,7.0,5.0,,,2.0,0.0,Completed,1.38,2.87,1.4,2.9,1.364,3.0,1.435,3.1,1.42,2.78
WTA,2008,44,New York,US Open,2008-08-29,Grand Slam,Outdoor,Hard,3rd Round,3,Li N.,Makarova E.,36.0,56.0,795.0,565.0,6.0,1.0,4.0,6.0,6.0,2.0,2.0,1.0,Completed,1.22,4.0,1.21,4.06,1.222,4.0,1.219,5.16,1.17,4.8
WTA,2008,44,New York,US Open,2008-08-29,Grand Slam,Outdoor,Hard,3rd Round,3,Dementieva E.,Keothavong A.,6.0,87.0,3070.0,402.0,6.0,3.0,6.0,4.0,,,2.0,0.0,Completed,1.05,8.5,1.04,9.25,1.04,9.0,1.061,14.0,1.07,8.0
WTA,2008,44,New York,US Open,2008-08-29,Grand Slam,Outdoor,Hard,3rd Round,3,Srebotnik K.,Kuznetsova S.,28.0,4.0,972.0,3181.0,6.0,3.0,6.0,7.0,6.0,3.0,2.0,1.0,Completed,4.33,1.2,4.25,1.2,4.5,1.167,4.1,1.294,4.0,1.23
WTA,2008,44,New York,US Open,2008-08-29,Grand Slam,Outdoor,Hard,3rd Round,3,Wozniacki C.,Azarenka V.,18.0,14.0,1403.0,1593.0,6.0,4.0,6.0,4.0,,,2.0,0.0,Completed,1.57,2.25,1.58,2.28,1.571,2.25,1.649,2.44,1.67,2.15
WTA,2008,44,New York,US Open,2008-08-29,Grand Slam,Outdoor,Hard,3rd Round,3,Bammer S.,Perebiynis T.,30.0,76.0,952.0,444.0,6.0,3.0,6.0,0.0,,,2.0,0.0,Completed,1.44,2.62,1.45,2.6,1.4,2.75,1.524,2.78,1.47,2.6
WTA,2008,44,New York,US Open,2008-08-29,Grand Slam,Outdoor,Hard,3rd Round,3,Schnyder P.,Rybarikova M.,15.0,89.0,1542.0,392.0,7.0,6.0,6.0,4.0,,,2.0,0.0,Completed,1.4,2.75,1.4,2.85,1.364,3.0,1.444,3.05,1.4,2.85
WTA,2008,44,New York,US Open,2008-08-29,Grand Slam,Outdoor,Hard,3rd Round,3,Bartoli M.,Davenport L.,13.0,24.0,1635.0,1115.0,6.0,1.0,7.0,6.0,,,2.0,0.0,Completed,2.62,1.44,2.45,1.5,2.625,1.444,2.98,1.459,2.85,1.4
WTA,2008,44,New York,US Open,2008-08-30,Grand Slam,Outdoor,Hard,3rd Round,3,Radwanska A.,Cibulkova D.,11.0,20.0,2076.0,1202.0,6.0,0.0,6.0,3.0,,,2.0,0.0,Completed,1.66,2.1,1.65,2.15,1.667,2.1,1.714,2.3,1.68,2.13
WTA,2008,44,New York,US Open,2008-08-30,Grand Slam,Outdoor,Hard,3rd Round,3,Williams V.,Bondarenko A.,8.0,31.0,2586.0,946.0,6.0,2.0,6.0,1.0,,,2.0,0.0,Completed,1.07,7.5,1.04,9.25,1.071,7.5,1.071,12.0,1.08,7.5
WTA,2008,44,New York,US Open,2008-08-30,Grand Slam,Outdoor,Hard,3rd Round,3,Mauresmo A.,Coin J.,29.0,188.0,971.0,158.0,6.0,4.0,6.0,4.0,,,2.0,0.0,Completed,1.25,3.75,1.28,3.5,1.25,3.75,1.313,3.9,1.27,3.6
WTA,2008,44,New York,US Open,2008-08-30,Grand Slam,Outdoor,Hard,3rd Round,3,Williams S.,Sugiyama A.,3.0,32.0,3341.0,911.0,6.0,2.0,6.0,1.0,,,2.0,0.0,Completed,1.03,11.0,1.04,9.25,1.03,10.0,1.043,19.0,1.04,11.0
WTA,2008,44,New York,US Open,2008-08-30,Grand Slam,Outdoor,Hard,3rd Round,3,Pennetta F.,Petrova N.,19.0,21.0,1335.0,1181.0,4.0,6.0,6.0,4.0,6.0,3.0,2.0,1.0,Completed,3.25,1.33,3.35,1.3,3.4,1.3,3.74,1.329,3.35,1.31
WTA,2008,44,New York,US Open,2008-08-30,Grand Slam,Outdoor,Hard,3rd Round,3,Groenefeld A.L.,Cornet A.,141.0,17.0,235.0,1415.0,6.0,4.0,7.0,5.0,,,2.0,0.0,Completed,2.37,1.53,2.28,1.58,2.25,1.571,2.42,1.658,2.28,1.6
WTA,2008,44,New York,US Open,2008-08-30,Grand Slam,Outdoor,Hard,3rd Round,3,Safina D.,Bacsinszky T.,7.0,60.0,3047.0,531.0,3.0,6.0,7.0,5.0,6.0,2.0,2.0,1.0,Completed,1.08,7.0,1.04,9.25,1.1,6.5,1.08,11.0,1.04,11.0
WTA,2008,44,New York,US Open,2008-08-31,Grand Slam,Outdoor,Hard,3rd Round,3,Bremond S.,Garbin T.,121.0,81.0,277.0,434.0,7.0,5.0,3.0,6.0,6.0,4.0,2.0,1.0,Completed,2.25,1.57,2.45,1.5,2.2,1.615,2.5,1.625,2.4,1.54
WTA,2008,44,New York,US Open,2008-08-31,Grand Slam,Outdoor,Hard,4th Round,3,Jankovic J.,Wozniacki C.,2.0,18.0,3515.0,1403.0,3.0,6.0,6.0,2.0,6.0,1.0,2.0,1.0,Completed,1.8,1.9,1.87,1.87,1.833,1.833,1.787,2.17,1.85,1.9
WTA,2008,44,New York,US Open,2008-08-31,Grand Slam,Outdoor,Hard,4th Round,3,Bammer S.,Bartoli M.,30.0,13.0,952.0,1635.0,7.0,6.0,0.0,6.0,6.0,4.0,2.0,1.0,Completed,2.37,1.53,2.3,1.6,2.375,1.533,2.5,1.625,2.46,1.52
WTA,2008,44,New York,US Open,2008-08-31,Grand Slam,Outdoor,Hard,4th Round,3,Schnyder P.,Srebotnik K.,15.0,28.0,1542.0,972.0,4.0,6.0,6.0,3.0,6.0,3.0,2.0,1.0,Completed,1.9,1.8,1.95,1.8,1.833,1.833,2.0,1.909,2.0,1.77
WTA,2008,44,New York,US Open,2008-08-31,Grand Slam,Outdoor,Hard,4th Round,3,Dementieva E.,Li N.,6.0,36.0,3070.0,795.0,6.0,4.0,6.0,1.0,,,2.0,0.0,Completed,1.36,3.0,1.4,2.85,1.364,3.0,1.465,2.95,1.42,2.8
WTA,2008,44,New York,US Open,2008-09-01,Grand Slam,Outdoor,Hard,4th Round,3,Safina D.,Groenefeld A.L.,7.0,141.0,3047.0,235.0,7.0,5.0,6.0,0.0,,,2.0,0.0,Completed,1.25,3.75,1.3,3.45,1.25,3.75,1.324,3.79,1.28,3.55
WTA,2008,44,New York,US Open,2008-09-01,Grand Slam,Outdoor,Hard,4th Round,3,Pennetta F.,Mauresmo A.,19.0,29.0,1335.0,971.0,6.0,3.0,6.0,0.0,,,2.0,0.0,Completed,2.25,1.57,2.4,1.53,2.375,1.533,2.58,1.595,2.46,1.52
WTA,2008,44,New York,US Open,2008-09-01,Grand Slam,Outdoor,Hard,4th Round,3,Williams V.,Radwanska A.,8.0,11.0,2586.0,2076.0,6.0,1.0,6.0,3.0,,,2.0,0.0,Completed,1.25,3.75,1.25,3.75,1.222,4.0,1.284,4.22,1.25,3.8
WTA,2008,44,New York,US Open,2008-09-01,Grand Slam,Outdoor,Hard,4th Round,3,Williams S.,Bremond S.,3.0,121.0,3341.0,277.0,6.0,2.0,6.0,2.0,,,2.0,0.0,Completed,1.01,15.0,1.02,11.5,1.03,10.0,1.025,28.5,1.02,15.0
WTA,2008,44,New York,US Open,2008-09-02,Grand Slam,Outdoor,Hard,Quarterfinals,3,Dementieva E.,Schnyder P.,6.0,15.0,3070.0,1542.0,6.0,2.0,6.0,3.0,,,2.0,0.0,Completed,1.16,5.0,1.2,4.25,1.167,4.5,1.232,4.91,1.17,4.8
WTA,2008,44,New York,US Open,2008-09-02,Grand Slam,Outdoor,Hard,Quarterfinals,3,Jankovic J.,Bammer S.,2.0,30.0,3515.0,952.0,6.0,1.0,6.0,4.0,,,2.0,0.0,Completed,1.16,5.0,1.15,5.2,1.167,4.5,1.2,5.5,1.17,4.8
WTA,2008,44,New York,US Open,2008-09-03,Grand Slam,Outdoor,Hard,Quarterfinals,3,Safina D.,Pennetta F.,7.0,19.0,3047.0,1335.0,6.0,2.0,6.0,3.0,,,2.0,0.0,Completed,1.22,4.33,1.25,3.75,1.22,4.0,1.269,4.42,1.25,3.75
WTA,2008,44,New York,US Open,2008-09-04,Grand Slam,Outdoor,Hard,Quarterfinals,3,Williams S.,Williams V.,3.0,8.0,3341.0,2586.0,7.0,6.0,7.0,6.0,,,2.0,0.0,Completed,1.66,2.2,1.65,2.15,1.72,2.0,1.725,2.28,1.75,2.03
WTA,2008,44,New York,US Open,2008-09-05,Grand Slam,Outdoor,Hard,Semifinals,3,Jankovic J.,Dementieva E.,2.0,6.0,3515.0,3070.0,6.0,4.0,6.0,4.0,,,2.0,0.0,Completed,2.37,1.57,2.3,1.6,2.2,1.61,2.5,1.625,2.46,1.52
WTA,2008,44,New York,US Open,2008-09-05,Grand Slam,Outdoor,Hard,Semifinals,3,Williams S.,Safina D.,3.0,7.0,3341.0,3047.0,6.0,3.0,6.0,2.0,,,2.0,0.0,Completed,1.3,3.5,1.35,3.1,1.36,3.0,1.397,3.32,1.34,3.2
WTA,2008,44,New York,US Open,2008-09-07,Grand Slam,Outdoor,Hard,The Final,3,Williams S.,Jankovic J.,3.0,2.0,3341.0,3515.0,6.0,4.0,7.0,5.0,,,2.0,0.0,Completed,1.25,4.0,1.27,4.01,1.25,3.75,1.275,4.33,1.23,4.0
