Tour,Year,WTA,Location,Tournament,Date,Tier,Court,Surface,Round,Best of,Winner,Loser,WRank,LRank,WPts,LPts,W1,L1,W2,L2,W3,L3,Wsets,Lsets,Comment,B365W,B365L,PSW,PSL,MaxW,MaxL,AvgW,AvgL,BFEW,BFEL
WTA,2025,5,Melbourne,Australian Open,2025-01-12,Grand Slam,Outdoor,Hard,1st Round,3,Andreeva M.,Bouzkova M.,15.0,43.0,2665.0,1262.0,6.0,3.0,6.0,3.0,,,2.0,0.0,Completed,1.29,3.75,1.3,3.85,1.3,3.9,1.28,3.69,,
WTA,2025,5,Melbourne,Australian Open,2025-01-12,Grand Slam,Outdoor,Hard,1st Round,3,Fernandez L.A.,Starodubtseva Y.,29.0,100.0,1755.0,750.0,7.0,5.0,6.0,4.0,,,2.0,0.0,Completed,1.14,5.5,1.16,6.15,1.17,6.15,1.15,5.46,,
WTA,2025,5,Melbourne,Australian Open,2025-01-12,Grand Slam,Outdoor,Hard,1st Round,3,Lamens S.,Erjavec V.,77.0,171.0,879.0,432.0,7.0,5.0,7.0,6.0,,,2.0,0.0,Completed,1.5,2.63,1.42,3.08,1.53,3.08,1.48,2.65,,
WTA,2025,5,Melbourne,Australian Open,2025-01-12,Grand Slam,Outdoor,Hard,1st Round,3,Maria T.,Pera B.,90.0,78.0,826.0,877.0,7.0,6.0,6.0,4.0,,,2.0,0.0,Completed,2.75,1.44,2.82,1.48,2.82,1.5,2.72,1.46,,
WTA,2025,5,Melbourne,Australian Open,2025-01-12,Grand Slam,Outdoor,Hard,1st Round,3,Zheng Q.,Todoni A.,5.0,111.0,5325.0,690.0,7.0,6.0,6.0,1.0,,,2.0,0.0,Completed,1.1,7.0,1.13,6.96,1.13,7.0,1.11,6.43,,
WTA,2025,5,Melbourne,Australian Open,2025-01-12,Grand Slam,Outdoor,Hard,1st Round,3,Vekic D.,Parry D.,19.0,66.0,2228.0,950.0,6.0,4.0,6.0,4.0,,,2.0,0.0,Completed,1.29,3.75,1.27,4.18,1.31,4.18,1.27,3.71,,
WTA,2025,5,Melbourne,Australian Open,2025-01-12,Grand Slam,Outdoor,Hard,1st Round,3,Badosa P.,Wang Xin.,12.0,37.0,2958.0,1413.0,6.0,3.0,7.0,6.0,,,2.0,0.0,Completed,1.25,4.0,1.26,4.23,1.29,4.23,1.26,3.84,,
WTA,2025,5,Melbourne,Australian Open,2025-01-12,Grand Slam,Outdoor,Hard,1st Round,3,Tauson C.,Noskova L.,42.0,28.0,1271.0,1778.0,5.0,7.0,6.0,3.0,6.0,4.0,2.0,1.0,Completed,2.0,1.8,2.23,1.72,2.23,1.8,2.06,1.75,,
WTA,2025,5,Melbourne,Australian Open,2025-01-12,Grand Slam,Outdoor,Hard,1st Round,3,Bouzas Maneiro J.,Kartal S.,54.0,87.0,1057.0,836.0,6.0,1.0,7.0,6.0,,,2.0,0.0,Completed,2.2,1.67,2.2,1.74,2.2,1.76,2.14,1.71,,
WTA,2025,5,Melbourne,Australian Open,2025-01-12,Grand Slam,Outdoor,Hard,1st Round,3,Sabalenka A.,Stephens S.,1.0,81.0,9656.0,851.0,6.0,3.0,6.0,2.0,,,2.0,0.0,Completed,1.03,15.0,1.03,22.28,1.04,22.28,1.03,13.7,,
WTA,2025,5,Melbourne,Australian Open,2025-01-12,Grand Slam,Outdoor,Hard,1st Round,3,Bucsa C.,Paquet C.,110.0,122.0,690.0,593.0,6.0,2.0,6.0,3.0,,,2.0,0.0,Completed,1.36,3.2,1.33,3.57,1.37,3.57,1.34,3.25,,
WTA,2025,5,Melbourne,Australian Open,2025-01-12,Grand Slam,Outdoor,Hard,1st Round,3,Blinkova A.,Saville D.,73.0,124.0,898.0,587.0,1.0,6.0,6.0,4.0,7.0,5.0,2.0,1.0,Completed,1.5,2.63,1.5,2.77,1.54,2.77,1.5,2.61,,
WTA,2025,5,Melbourne,Australian Open,2025-01-13,Grand Slam,Outdoor,Hard,1st Round,3,Burrage J.,Jeanjean L.,173.0,149.0,425.0,486.0,6.0,2.0,6.0,4.0,,,2.0,0.0,Completed,1.67,2.2,1.72,2.23,1.72,2.25,1.68,2.18,,
WTA,2025,5,Melbourne,Australian Open,2025-01-13,Grand Slam,Outdoor,Hard,1st Round,3,Siegemund L.,Baptiste H.,97.0,88.0,786.0,834.0,4.0,6.0,7.0,5.0,6.0,4.0,2.0,1.0,Completed,2.1,1.73,2.08,1.83,2.12,1.83,2.06,1.76,,
WTA,2025,5,Melbourne,Australian Open,2025-01-13,Grand Slam,Outdoor,Hard,1st Round,3,Samsonova L.,Rakhimova K.,21.0,62.0,2070.0,987.0,6.0,2.0,6.0,4.0,,,2.0,0.0,Completed,1.2,4.5,1.26,4.24,1.26,4.5,1.24,4.12,,
WTA,2025,5,Melbourne,Australian Open,2025-01-13,Grand Slam,Outdoor,Hard,1st Round,3,Danilovic O.,Rus A.,55.0,79.0,1055.0,874.0,6.0,4.0,6.0,4.0,,,2.0,0.0,Completed,1.44,2.75,1.53,2.67,1.53,2.78,1.5,2.6,,
WTA,2025,5,Melbourne,Australian Open,2025-01-13,Grand Slam,Outdoor,Hard,1st Round,3,Gibson T.,Sonmez Z.,150.0,94.0,480.0,807.0,3.0,6.0,7.0,6.0,6.0,1.0,2.0,1.0,Completed,2.63,1.5,2.69,1.52,2.69,1.54,2.57,1.5,,
WTA,2025,5,Melbourne,Australian Open,2025-01-13,Grand Slam,Outdoor,Hard,1st Round,3,Sramkova R.,Volynets K.,49.0,60.0,1166.0,996.0,3.0,6.0,6.0,2.0,6.0,2.0,2.0,1.0,Completed,2.1,1.73,1.91,1.98,2.12,1.98,2.0,1.82,,
WTA,2025,5,Melbourne,Australian Open,2025-01-13,Grand Slam,Outdoor,Hard,1st Round,3,Shnaider D.,Cocciaretto E.,13.0,56.0,2895.0,1048.0,7.0,6.0,6.0,4.0,,,2.0,0.0,Completed,1.17,5.0,1.19,5.28,1.24,5.28,1.18,4.81,,
WTA,2025,5,Melbourne,Australian Open,2025-01-13,Grand Slam,Outdoor,Hard,1st Round,3,Uchijima M.,Linette M.,63.0,40.0,981.0,1376.0,4.0,6.0,6.0,2.0,7.0,6.0,2.0,1.0,Completed,3.2,1.36,3.22,1.39,3.22,1.4,3.08,1.37,,
WTA,2025,5,Melbourne,Australian Open,2025-01-13,Grand Slam,Outdoor,Hard,1st Round,3,Tomljanovic A.,Krueger A.,114.0,52.0,667.0,1141.0,6.0,4.0,4.0,6.0,6.0,4.0,2.0,1.0,Completed,3.0,1.4,3.1,1.41,3.1,1.43,2.95,1.4,,
WTA,2025,5,Melbourne,Australian Open,2025-01-13,Grand Slam,Outdoor,Hard,1st Round,3,Gauff C.,Kenin S.,3.0,74.0,6888.0,892.0,6.0,3.0,6.0,3.0,,,2.0,0.0,Completed,1.05,11.0,1.06,13.1,1.07,13.1,1.05,9.71,,
WTA,2025,5,Melbourne,Australian Open,2025-01-13,Grand Slam,Outdoor,Hard,1st Round,3,Frech M.,Kudermetova P.,26.0,57.0,1910.0,1036.0,6.0,4.0,6.0,4.0,,,2.0,0.0,Completed,2.3,1.62,2.29,1.69,2.32,1.73,2.22,1.66,,
WTA,2025,5,Melbourne,Australian Open,2025-01-13,Grand Slam,Outdoor,Hard,1st Round,3,Svitolina E.,Cirstea S.,27.0,71.0,1779.0,913.0,6.0,4.0,6.0,4.0,,,2.0,0.0,Completed,1.25,4.0,1.27,4.09,1.27,4.09,1.26,3.92,,
WTA,2025,5,Melbourne,Australian Open,2025-01-13,Grand Slam,Outdoor,Hard,1st Round,3,Bronzetti L.,Azarenka V.,76.0,24.0,885.0,1992.0,6.0,2.0,7.0,6.0,,,2.0,0.0,Completed,3.75,1.29,3.8,1.31,3.8,1.31,3.59,1.29,,
WTA,2025,5,Melbourne,Australian Open,2025-01-13,Grand Slam,Outdoor,Hard,1st Round,3,Dart H.,Fett J.,112.0,133.0,675.0,545.0,7.0,5.0,2.0,6.0,7.0,6.0,2.0,1.0,Completed,,,,,1.66,2.4,1.62,2.31,,
WTA,2025,5,Melbourne,Australian Open,2025-01-13,Grand Slam,Outdoor,Hard,1st Round,3,Dolehide C.,Bejlek S.,83.0,155.0,844.0,466.0,7.0,6.0,6.0,2.0,,,2.0,0.0,Completed,2.75,1.44,2.66,1.53,2.85,1.53,2.72,1.46,,
WTA,2025,5,Melbourne,Australian Open,2025-01-13,Grand Slam,Outdoor,Hard,1st Round,3,Swiatek I.,Siniakova K.,2.0,50.0,8120.0,1152.0,6.0,3.0,6.0,4.0,,,2.0,0.0,Completed,1.06,10.0,1.06,12.11,1.07,12.11,1.06,9.56,,
WTA,2025,5,Melbourne,Australian Open,2025-01-13,Grand Slam,Outdoor,Hard,1st Round,3,Potapova A.,Zidansek T.,36.0,180.0,1434.0,390.0,6.0,2.0,7.0,5.0,,,2.0,0.0,Completed,1.29,3.75,1.3,3.8,1.32,3.8,1.3,3.53,,
WTA,2025,5,Melbourne,Australian Open,2025-01-13,Grand Slam,Outdoor,Hard,1st Round,3,Bencic B.,Ostapenko J.,294.0,22.0,223.0,2041.0,6.0,3.0,7.0,6.0,,,2.0,0.0,Completed,1.57,2.38,1.67,2.33,1.67,2.4,1.6,2.35,,
WTA,2025,5,Melbourne,Australian Open,2025-01-13,Grand Slam,Outdoor,Hard,1st Round,3,Pavlyuchenkova A.,Yuan Y.,32.0,53.0,1675.0,1086.0,6.0,4.0,4.0,6.0,6.0,3.0,2.0,1.0,Completed,1.62,2.3,1.68,2.29,1.68,2.32,1.62,2.29,,
WTA,2025,5,Melbourne,Australian Open,2025-01-13,Grand Slam,Outdoor,Hard,1st Round,3,Niemeier J.,Chwalinska M.,93.0,126.0,817.0,574.0,6.0,0.0,6.0,1.0,,,2.0,0.0,Completed,2.63,1.5,2.71,1.52,2.71,1.52,2.61,1.49,,
WTA,2025,5,Melbourne,Australian Open,2025-01-13,Grand Slam,Outdoor,Hard,1st Round,3,Pegula J.,Joint M.,6.0,105.0,4801.0,734.0,6.0,3.0,6.0,0.0,,,2.0,0.0,Completed,1.17,5.0,1.22,4.75,1.24,5.05,1.19,4.69,,
WTA,2025,5,Melbourne,Australian Open,2025-01-13,Grand Slam,Outdoor,Hard,1st Round,3,Cristian J.,Martic P.,82.0,131.0,847.0,556.0,6.0,2.0,4.0,6.0,7.0,6.0,2.0,1.0,Completed,1.53,2.5,1.56,2.56,1.57,2.56,1.54,2.47,,
WTA,2025,5,Melbourne,Australian Open,2025-01-13,Grand Slam,Outdoor,Hard,1st Round,3,Kostyuk M.,Hibino N.,18.0,141.0,2364.0,517.0,3.0,6.0,6.0,3.0,6.0,1.0,2.0,1.0,Completed,1.25,4.0,1.3,3.81,1.32,4.01,1.27,3.76,,
WTA,2025,5,Melbourne,Australian Open,2025-01-13,Grand Slam,Outdoor,Hard,1st Round,3,Mertens E.,Golubic V.,34.0,95.0,1524.0,797.0,4.0,6.0,7.0,6.0,6.0,4.0,2.0,1.0,Completed,1.44,2.75,1.48,2.83,1.48,2.83,1.45,2.72,,
WTA,2025,5,Melbourne,Australian Open,2025-01-13,Grand Slam,Outdoor,Hard,1st Round,3,Aiava D.,Minnen G.,195.0,91.0,352.0,823.0,5.0,7.0,7.0,5.0,7.0,6.0,2.0,1.0,Completed,2.2,1.67,2.2,1.74,2.22,1.75,2.16,1.69,,
WTA,2025,5,Melbourne,Australian Open,2025-01-13,Grand Slam,Outdoor,Hard,1st Round,3,Muchova K.,Podoroska N.,20.0,96.0,2079.0,787.0,6.0,1.0,6.0,1.0,,,2.0,0.0,Completed,1.04,13.0,1.05,15.42,1.06,20.0,1.04,12.08,,
WTA,2025,5,Melbourne,Australian Open,2025-01-13,Grand Slam,Outdoor,Hard,1st Round,3,Collins D.,Snigur D.,11.0,138.0,3147.0,527.0,7.0,6.0,6.0,3.0,,,2.0,0.0,Completed,1.3,3.5,1.33,3.63,1.37,3.63,1.32,3.38,,
WTA,2025,5,Melbourne,Australian Open,2025-01-13,Grand Slam,Outdoor,Hard,1st Round,3,Osaka N.,Garcia C.,51.0,67.0,1145.0,944.0,6.0,3.0,3.0,6.0,6.0,3.0,2.0,1.0,Completed,1.2,4.5,1.27,4.17,1.3,4.5,1.23,4.14,,
WTA,2025,5,Melbourne,Australian Open,2025-01-14,Grand Slam,Outdoor,Hard,1st Round,3,Haddad Maia B.,Riera J.,17.0,146.0,2554.0,495.0,4.0,6.0,7.0,5.0,6.0,2.0,2.0,1.0,Completed,1.2,4.5,1.21,4.94,1.22,4.94,1.2,4.51,,
WTA,2025,5,Melbourne,Australian Open,2025-01-14,Grand Slam,Outdoor,Hard,1st Round,3,Wang Xiy.,Grabher J.,108.0,415.0,706.0,142.0,6.0,1.0,7.0,5.0,,,2.0,0.0,Completed,1.1,7.0,1.11,8.18,1.11,8.18,1.1,7.02,,
WTA,2025,5,Melbourne,Australian Open,2025-01-14,Grand Slam,Outdoor,Hard,1st Round,3,Wang Y.,Bondar A.,64.0,92.0,969.0,821.0,3.0,6.0,6.0,3.0,6.0,4.0,2.0,1.0,Completed,1.91,1.91,2.05,1.85,2.05,1.91,1.96,1.84,,
WTA,2025,5,Melbourne,Australian Open,2025-01-14,Grand Slam,Outdoor,Hard,1st Round,3,Raducanu E.,Alexandrova E.,61.0,31.0,995.0,1713.0,7.0,6.0,7.0,6.0,,,2.0,0.0,Completed,1.73,2.1,1.78,2.15,1.78,2.2,1.73,2.11,,
WTA,2025,5,Melbourne,Australian Open,2025-01-14,Grand Slam,Outdoor,Hard,1st Round,3,Andreeva E.,Zheng S.,86.0,681.0,838.0,51.0,6.0,1.0,7.0,6.0,,,2.0,0.0,Completed,1.2,4.5,1.22,4.82,1.24,4.82,1.21,4.4,,
WTA,2025,5,Melbourne,Australian Open,2025-01-14,Grand Slam,Outdoor,Hard,1st Round,3,Anisimova A.,Carle M.,35.0,89.0,1486.0,829.0,6.0,2.0,6.0,3.0,,,2.0,0.0,Completed,1.2,4.5,1.25,4.36,1.25,4.54,1.21,4.35,,
WTA,2025,5,Melbourne,Australian Open,2025-01-14,Grand Slam,Outdoor,Hard,1st Round,3,Kasatkina D.,Tomova V.,10.0,58.0,3151.0,1013.0,6.0,1.0,6.0,3.0,,,2.0,0.0,Completed,1.17,5.0,1.21,4.97,1.21,5.05,1.18,4.8,,
WTA,2025,5,Melbourne,Australian Open,2025-01-14,Grand Slam,Outdoor,Hard,1st Round,3,Navarro E.,Stearns P.,8.0,46.0,3409.0,1198.0,6.0,7.0,7.0,6.0,7.0,5.0,2.0,1.0,Completed,1.67,2.2,1.71,2.25,1.71,2.25,1.66,2.21,,
WTA,2025,5,Melbourne,Australian Open,2025-01-14,Grand Slam,Outdoor,Hard,1st Round,3,Jovic I.,Parrizas Diaz N.,191.0,99.0,361.0,753.0,6.0,2.0,6.0,1.0,,,2.0,0.0,Completed,2.2,1.67,2.18,1.75,2.21,1.8,2.13,1.71,,
WTA,2025,5,Melbourne,Australian Open,2025-01-14,Grand Slam,Outdoor,Hard,1st Round,3,Yastremska D.,Sherif M.,33.0,65.0,1594.0,955.0,6.0,1.0,6.0,4.0,,,2.0,0.0,Completed,1.41,2.75,1.5,2.78,1.5,2.79,1.46,2.69,,
WTA,2025,5,Melbourne,Australian Open,2025-01-14,Grand Slam,Outdoor,Hard,1st Round,3,Lys E.,Birrell K.,128.0,101.0,566.0,750.0,6.0,2.0,6.0,2.0,,,2.0,0.0,Completed,,,,,1.27,3.7,1.27,3.7,,
WTA,2025,5,Melbourne,Australian Open,2025-01-14,Grand Slam,Outdoor,Hard,1st Round,3,Gracheva V.,Mcnally C.,69.0,540.0,925.0,88.0,6.0,3.0,6.0,4.0,,,2.0,0.0,Completed,1.8,2.0,1.78,2.15,1.82,2.2,1.76,2.07,,
WTA,2025,5,Melbourne,Australian Open,2025-01-14,Grand Slam,Outdoor,Hard,1st Round,3,Rybakina E.,Jones E.,7.0,293.0,4723.0,223.0,6.0,1.0,6.0,1.0,,,2.0,0.0,Completed,1.05,11.0,1.05,14.86,1.05,14.86,1.05,11.09,,
WTA,2025,5,Melbourne,Australian Open,2025-01-14,Grand Slam,Outdoor,Hard,1st Round,3,Kovinic D.,Sun L.,1289.0,44.0,6.0,1253.0,6.0,3.0,7.0,5.0,,,2.0,0.0,Completed,11.0,1.05,9.65,1.09,11.5,1.09,9.77,1.06,,
WTA,2025,5,Melbourne,Australian Open,2025-01-14,Grand Slam,Outdoor,Hard,1st Round,3,Ruse E.G.,Begu I.,125.0,80.0,581.0,866.0,6.0,4.0,6.0,0.0,,,2.0,0.0,Completed,1.73,2.1,1.81,2.12,1.81,2.12,1.77,2.05,,
WTA,2025,5,Melbourne,Australian Open,2025-01-14,Grand Slam,Outdoor,Hard,1st Round,3,Putintseva Y.,Avanesyan E.,23.0,41.0,2017.0,1280.0,4.0,6.0,7.0,5.0,6.0,2.0,2.0,1.0,Completed,1.44,2.75,1.46,2.91,1.46,2.91,1.44,2.78,,
WTA,2025,5,Melbourne,Australian Open,2025-01-14,Grand Slam,Outdoor,Hard,1st Round,3,Zhang S.,Kessler M.,204.0,47.0,341.0,1176.0,6.0,3.0,6.0,4.0,,,2.0,0.0,Completed,3.2,1.36,3.47,1.35,3.47,1.4,3.16,1.36,,
WTA,2025,5,Melbourne,Australian Open,2025-01-14,Grand Slam,Outdoor,Hard,1st Round,3,Keys M.,Li A.,14.0,84.0,2680.0,844.0,6.0,4.0,7.0,5.0,,,2.0,0.0,Completed,1.13,6.0,1.14,6.73,1.16,6.73,1.14,5.83,,
WTA,2025,5,Melbourne,Australian Open,2025-01-14,Grand Slam,Outdoor,Hard,1st Round,3,Paolini J.,Wei S.,4.0,117.0,5399.0,630.0,6.0,0.0,6.0,4.0,,,2.0,0.0,Completed,1.17,5.0,1.18,5.42,1.2,5.5,1.17,5.07,,
WTA,2025,5,Melbourne,Australian Open,2025-01-14,Grand Slam,Outdoor,Hard,1st Round,3,Zarazua R.,Townsend T.,70.0,85.0,920.0,843.0,6.0,7.0,6.0,1.0,6.0,2.0,2.0,1.0,Completed,2.2,1.67,2.2,1.75,2.22,1.75,2.16,1.69,,
WTA,2025,5,Melbourne,Australian Open,2025-01-14,Grand Slam,Outdoor,Hard,1st Round,3,Jabeur O.,Kalinina A.,39.0,48.0,1394.0,1171.0,6.0,3.0,6.0,3.0,,,2.0,0.0,Completed,1.44,2.75,1.47,2.86,1.49,2.86,1.46,2.72,,
WTA,2025,5,Melbourne,Australian Open,2025-01-14,Grand Slam,Outdoor,Hard,1st Round,3,Osorio M.,Sakkari M.,59.0,30.0,1001.0,1727.0,6.0,4.0,6.0,7.0,6.0,4.0,2.0,1.0,Completed,2.63,1.5,2.69,1.52,2.7,1.52,2.61,1.49,,
WTA,2025,5,Melbourne,Australian Open,2025-01-14,Grand Slam,Outdoor,Hard,1st Round,3,Boulter K.,Marino R.,25.0,98.0,1931.0,770.0,6.0,4.0,3.0,6.0,7.0,5.0,2.0,1.0,Completed,1.14,5.5,1.18,5.5,1.19,5.7,1.16,5.27,,
WTA,2025,5,Melbourne,Australian Open,2025-01-14,Grand Slam,Outdoor,Hard,1st Round,3,Kudermetova V.,Gadecki O.,75.0,106.0,888.0,725.0,6.0,1.0,6.0,1.0,,,2.0,0.0,Completed,1.33,3.4,1.35,3.45,1.37,3.45,1.34,3.27,,
WTA,2025,5,Melbourne,Australian Open,2025-01-15,Grand Slam,Outdoor,Hard,2nd Round,3,Siegemund L.,Zheng Q.,97.0,5.0,786.0,5325.0,7.0,6.0,6.0,3.0,,,2.0,0.0,Completed,13.0,1.04,14.91,1.05,14.91,1.06,11.6,1.04,,
WTA,2025,5,Melbourne,Australian Open,2025-01-15,Grand Slam,Outdoor,Hard,2nd Round,3,Danilovic O.,Samsonova L.,55.0,21.0,1055.0,2070.0,6.0,1.0,6.0,2.0,,,2.0,0.0,Completed,3.2,1.36,3.26,1.39,3.31,1.39,3.17,1.35,,
WTA,2025,5,Melbourne,Australian Open,2025-01-15,Grand Slam,Outdoor,Hard,2nd Round,3,Andreeva M.,Uchijima M.,15.0,63.0,2665.0,981.0,6.0,4.0,3.0,6.0,7.0,6.0,2.0,1.0,Completed,1.03,15.0,1.04,17.91,1.04,17.91,1.03,12.75,,
WTA,2025,5,Melbourne,Australian Open,2025-01-15,Grand Slam,Outdoor,Hard,2nd Round,3,Sabalenka A.,Bouzas Maneiro J.,1.0,54.0,9656.0,1057.0,6.0,3.0,7.0,5.0,,,2.0,0.0,Completed,1.02,21.0,1.03,24.12,1.03,24.12,1.02,15.16,,
WTA,2025,5,Melbourne,Australian Open,2025-01-15,Grand Slam,Outdoor,Hard,2nd Round,3,Tauson C.,Maria T.,42.0,90.0,1271.0,826.0,6.0,2.0,6.0,2.0,,,2.0,0.0,Completed,1.17,5.0,1.2,5.22,1.23,5.22,1.19,4.68,,
WTA,2025,5,Melbourne,Australian Open,2025-01-15,Grand Slam,Outdoor,Hard,2nd Round,3,Frech M.,Blinkova A.,26.0,73.0,1910.0,898.0,0.0,6.0,6.0,0.0,6.0,2.0,2.0,1.0,Completed,1.67,2.2,1.69,2.3,1.73,2.3,1.69,2.16,,
WTA,2025,5,Melbourne,Australian Open,2025-01-15,Grand Slam,Outdoor,Hard,2nd Round,3,Pegula J.,Mertens E.,6.0,34.0,4801.0,1524.0,6.0,4.0,6.0,2.0,,,2.0,0.0,Completed,1.25,4.0,1.3,3.92,1.3,4.1,1.27,3.72,,
WTA,2025,5,Melbourne,Australian Open,2025-01-15,Grand Slam,Outdoor,Hard,2nd Round,3,Bencic B.,Lamens S.,294.0,77.0,223.0,879.0,6.0,1.0,7.0,6.0,,,2.0,0.0,Completed,1.17,5.0,1.2,5.2,1.25,5.2,1.19,4.69,,
WTA,2025,5,Melbourne,Australian Open,2025-01-15,Grand Slam,Outdoor,Hard,2nd Round,3,Osaka N.,Muchova K.,51.0,20.0,1145.0,2079.0,1.0,6.0,6.0,1.0,6.0,3.0,2.0,1.0,Completed,3.2,1.36,3.49,1.36,3.49,1.37,3.16,1.36,,
WTA,2025,5,Melbourne,Australian Open,2025-01-15,Grand Slam,Outdoor,Hard,2nd Round,3,Fernandez L.A.,Bucsa C.,29.0,110.0,1755.0,690.0,3.0,6.0,6.0,4.0,6.0,4.0,2.0,1.0,Completed,1.13,6.0,1.16,6.23,1.16,6.23,1.14,5.7,,
WTA,2025,5,Melbourne,Australian Open,2025-01-15,Grand Slam,Outdoor,Hard,2nd Round,3,Pavlyuchenkova A.,Potapova A.,32.0,36.0,1675.0,1434.0,7.0,6.0,2.0,6.0,6.0,2.0,2.0,1.0,Completed,1.67,2.2,1.7,2.29,1.73,2.29,1.67,2.2,,
WTA,2025,5,Melbourne,Australian Open,2025-01-15,Grand Slam,Outdoor,Hard,2nd Round,3,Shnaider D.,Tomljanovic A.,13.0,114.0,2895.0,667.0,6.0,4.0,7.0,5.0,,,2.0,0.0,Completed,1.25,4.0,1.3,3.91,1.3,4.01,1.26,3.85,,
WTA,2025,5,Melbourne,Australian Open,2025-01-15,Grand Slam,Outdoor,Hard,2nd Round,3,Gauff C.,Burrage J.,3.0,173.0,6888.0,425.0,6.0,3.0,7.0,5.0,,,2.0,0.0,Completed,1.02,21.0,1.02,27.43,1.02,27.43,1.01,16.79,,
WTA,2025,5,Melbourne,Australian Open,2025-01-15,Grand Slam,Outdoor,Hard,2nd Round,3,Kostyuk M.,Niemeier J.,18.0,93.0,2364.0,817.0,6.0,3.0,6.0,0.0,,,2.0,0.0,Completed,1.36,3.2,1.36,3.41,1.42,3.41,1.38,3.06,,
WTA,2025,5,Melbourne,Australian Open,2025-01-15,Grand Slam,Outdoor,Hard,2nd Round,3,Vekic D.,Dart H.,19.0,112.0,2228.0,675.0,4.0,6.0,6.0,0.0,6.0,2.0,2.0,1.0,Completed,1.17,5.0,1.2,5.33,1.22,5.33,1.19,4.69,,
WTA,2025,5,Melbourne,Australian Open,2025-01-15,Grand Slam,Outdoor,Hard,2nd Round,3,Badosa P.,Gibson T.,12.0,150.0,2958.0,480.0,6.0,1.0,6.0,0.0,,,2.0,0.0,Completed,1.07,9.0,1.08,10.33,1.11,10.33,1.08,8.21,,
WTA,2025,5,Melbourne,Australian Open,2025-01-16,Grand Slam,Outdoor,Hard,2nd Round,3,Jabeur O.,Osorio M.,39.0,59.0,1394.0,1001.0,7.0,5.0,6.0,3.0,,,2.0,0.0,Completed,1.36,3.2,1.5,2.82,1.5,3.2,1.4,2.95,,
WTA,2025,5,Melbourne,Australian Open,2025-01-16,Grand Slam,Outdoor,Hard,2nd Round,3,Kasatkina D.,Wang Y.,10.0,64.0,3151.0,969.0,6.0,2.0,6.0,0.0,,,2.0,0.0,Completed,1.13,6.0,1.17,5.88,1.2,6.0,1.16,5.26,,
WTA,2025,5,Melbourne,Australian Open,2025-01-16,Grand Slam,Outdoor,Hard,2nd Round,3,Yastremska D.,Kovinic D.,33.0,1289.0,1594.0,6.0,6.0,0.0,6.0,1.0,,,2.0,0.0,Completed,1.1,7.0,1.16,6.24,1.18,7.0,1.12,6.17,,
WTA,2025,5,Melbourne,Australian Open,2025-01-16,Grand Slam,Outdoor,Hard,2nd Round,3,Raducanu E.,Anisimova A.,61.0,35.0,995.0,1486.0,6.0,3.0,7.0,5.0,,,2.0,0.0,Completed,2.38,1.57,2.24,1.73,2.4,1.73,2.3,1.61,,
WTA,2025,5,Melbourne,Australian Open,2025-01-16,Grand Slam,Outdoor,Hard,2nd Round,3,Navarro E.,Wang Xiy.,8.0,108.0,3409.0,706.0,6.0,3.0,3.0,6.0,6.0,4.0,2.0,1.0,Completed,1.44,2.75,1.51,2.76,1.51,2.78,1.48,2.64,,
WTA,2025,5,Melbourne,Australian Open,2025-01-16,Grand Slam,Outdoor,Hard,2nd Round,3,Swiatek I.,Sramkova R.,2.0,49.0,8120.0,1166.0,6.0,0.0,6.0,2.0,,,2.0,0.0,Completed,1.02,19.0,1.05,16.29,1.05,20.0,1.02,13.88,,
WTA,2025,5,Melbourne,Australian Open,2025-01-16,Grand Slam,Outdoor,Hard,2nd Round,3,Putintseva Y.,Zhang S.,23.0,204.0,2017.0,341.0,6.0,2.0,6.0,1.0,,,2.0,0.0,Completed,1.17,5.0,1.17,5.96,1.19,5.96,1.17,5.1,,
WTA,2025,5,Melbourne,Australian Open,2025-01-16,Grand Slam,Outdoor,Hard,2nd Round,3,Rybakina E.,Jovic I.,7.0,191.0,4723.0,361.0,6.0,0.0,6.0,3.0,,,2.0,0.0,Completed,1.05,11.0,1.06,13.35,1.06,13.35,1.05,10.62,,
WTA,2025,5,Melbourne,Australian Open,2025-01-16,Grand Slam,Outdoor,Hard,2nd Round,3,Lys E.,Gracheva V.,128.0,69.0,566.0,925.0,6.0,2.0,3.0,6.0,6.0,4.0,2.0,1.0,Completed,1.57,2.38,1.58,2.56,1.6,2.56,1.56,2.42,,
WTA,2025,5,Melbourne,Australian Open,2025-01-16,Grand Slam,Outdoor,Hard,2nd Round,3,Haddad Maia B.,Andreeva E.,17.0,86.0,2554.0,838.0,6.0,2.0,6.0,3.0,,,2.0,0.0,Completed,1.4,3.0,1.43,3.07,1.43,3.1,1.4,2.98,,
WTA,2025,5,Melbourne,Australian Open,2025-01-16,Grand Slam,Outdoor,Hard,2nd Round,3,Cristian J.,Bronzetti L.,82.0,76.0,847.0,885.0,7.0,5.0,7.0,5.0,,,2.0,0.0,Completed,2.2,1.67,2.41,1.64,2.41,1.68,2.26,1.64,,
WTA,2025,5,Melbourne,Australian Open,2025-01-16,Grand Slam,Outdoor,Hard,2nd Round,3,Svitolina E.,Dolehide C.,27.0,83.0,1779.0,844.0,6.0,1.0,6.0,4.0,,,2.0,0.0,Completed,1.25,4.0,1.27,4.2,1.27,4.2,1.25,3.98,,
WTA,2025,5,Melbourne,Australian Open,2025-01-16,Grand Slam,Outdoor,Hard,2nd Round,3,Kudermetova V.,Boulter K.,75.0,25.0,888.0,1931.0,7.0,6.0,2.0,6.0,6.0,2.0,2.0,1.0,Completed,2.2,1.67,2.3,1.69,2.3,1.71,2.21,1.67,,
WTA,2025,5,Melbourne,Australian Open,2025-01-16,Grand Slam,Outdoor,Hard,2nd Round,3,Keys M.,Ruse E.G.,14.0,125.0,2680.0,581.0,7.0,6.0,2.0,6.0,7.0,5.0,2.0,1.0,Completed,1.11,6.5,1.14,6.76,1.14,7.44,1.11,6.56,,
WTA,2025,5,Melbourne,Australian Open,2025-01-16,Grand Slam,Outdoor,Hard,2nd Round,3,Collins D.,Aiava D.,11.0,195.0,3147.0,352.0,7.0,6.0,4.0,6.0,6.0,2.0,2.0,1.0,Completed,1.36,3.2,1.39,3.3,1.4,3.3,1.38,3.08,,
WTA,2025,5,Melbourne,Australian Open,2025-01-16,Grand Slam,Outdoor,Hard,2nd Round,3,Paolini J.,Zarazua R.,4.0,70.0,5399.0,920.0,6.0,2.0,6.0,3.0,,,2.0,0.0,Completed,1.14,5.5,1.16,6.1,1.18,6.1,1.15,5.47,,
WTA,2025,5,Melbourne,Australian Open,2025-01-17,Grand Slam,Outdoor,Hard,3rd Round,3,Pavlyuchenkova A.,Siegemund L.,32.0,97.0,1675.0,786.0,6.0,1.0,6.0,2.0,,,2.0,0.0,Completed,1.5,2.63,1.58,2.55,1.58,2.63,1.53,2.51,,
WTA,2025,5,Melbourne,Australian Open,2025-01-17,Grand Slam,Outdoor,Hard,3rd Round,3,Vekic D.,Shnaider D.,19.0,13.0,2228.0,2895.0,7.0,6.0,6.0,7.0,7.0,5.0,2.0,1.0,Completed,2.5,1.53,2.46,1.62,2.5,1.63,2.38,1.58,,
WTA,2025,5,Melbourne,Australian Open,2025-01-17,Grand Slam,Outdoor,Hard,3rd Round,3,Sabalenka A.,Tauson C.,1.0,42.0,9656.0,1271.0,7.0,6.0,6.0,4.0,,,2.0,0.0,Completed,1.08,8.0,1.12,7.86,1.12,8.01,1.1,6.97,,
WTA,2025,5,Melbourne,Australian Open,2025-01-17,Grand Slam,Outdoor,Hard,3rd Round,3,Badosa P.,Kostyuk M.,12.0,18.0,2958.0,2364.0,6.0,4.0,4.0,6.0,6.0,3.0,2.0,1.0,Completed,1.4,3.0,1.39,3.3,1.46,3.3,1.41,2.88,,
WTA,2025,5,Melbourne,Australian Open,2025-01-17,Grand Slam,Outdoor,Hard,3rd Round,3,Andreeva M.,Frech M.,15.0,26.0,2665.0,1910.0,6.0,2.0,1.0,6.0,6.0,2.0,2.0,1.0,Completed,1.17,5.0,1.22,4.92,1.23,5.1,1.19,4.75,,
WTA,2025,5,Melbourne,Australian Open,2025-01-17,Grand Slam,Outdoor,Hard,3rd Round,3,Bencic B.,Osaka N.,294.0,51.0,223.0,1145.0,7.0,6.0,,,,,1.0,0.0,Retired,2.2,1.67,2.22,1.74,2.22,1.75,2.19,1.68,,
WTA,2025,5,Melbourne,Australian Open,2025-01-17,Grand Slam,Outdoor,Hard,3rd Round,3,Gauff C.,Fernandez L.A.,3.0,29.0,6888.0,1755.0,6.0,4.0,6.0,2.0,,,2.0,0.0,Completed,1.17,5.0,1.16,6.1,1.18,6.1,1.16,5.22,,
WTA,2025,5,Melbourne,Australian Open,2025-01-17,Grand Slam,Outdoor,Hard,3rd Round,3,Danilovic O.,Pegula J.,55.0,6.0,1055.0,4801.0,7.0,6.0,6.0,1.0,,,2.0,0.0,Completed,5.0,1.17,5.56,1.19,5.56,1.2,4.91,1.18,,
WTA,2025,5,Melbourne,Australian Open,2025-01-18,Grand Slam,Outdoor,Hard,3rd Round,3,Navarro E.,Jabeur O.,8.0,39.0,3409.0,1394.0,6.0,4.0,3.0,6.0,6.0,4.0,2.0,1.0,Completed,1.73,2.1,1.74,2.22,1.83,2.22,1.75,2.08,,
WTA,2025,5,Melbourne,Australian Open,2025-01-18,Grand Slam,Outdoor,Hard,3rd Round,3,Swiatek I.,Raducanu E.,2.0,61.0,8120.0,995.0,6.0,1.0,6.0,0.0,,,2.0,0.0,Completed,1.08,8.0,1.08,10.61,1.11,10.61,1.09,7.71,,
WTA,2025,5,Melbourne,Australian Open,2025-01-18,Grand Slam,Outdoor,Hard,3rd Round,3,Lys E.,Cristian J.,128.0,82.0,566.0,847.0,4.0,6.0,6.0,3.0,6.0,3.0,2.0,1.0,Completed,1.5,2.63,1.55,2.65,1.56,2.65,1.51,2.55,,
WTA,2025,5,Melbourne,Australian Open,2025-01-18,Grand Slam,Outdoor,Hard,3rd Round,3,Kasatkina D.,Putintseva Y.,10.0,23.0,3151.0,2017.0,7.0,5.0,6.0,1.0,,,2.0,0.0,Completed,2.2,1.67,2.33,1.68,2.33,1.68,2.22,1.67,,
WTA,2025,5,Melbourne,Australian Open,2025-01-18,Grand Slam,Outdoor,Hard,3rd Round,3,Rybakina E.,Yastremska D.,7.0,33.0,4723.0,1594.0,6.0,3.0,6.0,4.0,,,2.0,0.0,Completed,1.1,7.0,1.12,7.66,1.13,7.66,1.11,6.81,,
WTA,2025,5,Melbourne,Australian Open,2025-01-18,Grand Slam,Outdoor,Hard,3rd Round,3,Kudermetova V.,Haddad Maia B.,75.0,17.0,888.0,2554.0,6.0,4.0,6.0,2.0,,,2.0,0.0,Completed,1.91,1.91,2.08,1.84,2.08,1.96,1.94,1.87,,
WTA,2025,5,Melbourne,Australian Open,2025-01-18,Grand Slam,Outdoor,Hard,3rd Round,3,Svitolina E.,Paolini J.,27.0,4.0,1779.0,5399.0,2.0,6.0,6.0,4.0,6.0,0.0,2.0,1.0,Completed,2.2,1.67,2.17,1.78,2.25,1.79,2.14,1.71,,
WTA,2025,5,Melbourne,Australian Open,2025-01-18,Grand Slam,Outdoor,Hard,3rd Round,3,Keys M.,Collins D.,14.0,11.0,2680.0,3147.0,6.0,4.0,6.0,4.0,,,2.0,0.0,Completed,1.36,3.2,1.39,3.27,1.41,3.27,1.36,3.12,,
WTA,2025,5,Melbourne,Australian Open,2025-01-19,Grand Slam,Outdoor,Hard,4th Round,3,Sabalenka A.,Andreeva M.,1.0,15.0,9656.0,2665.0,6.0,1.0,6.0,2.0,,,2.0,0.0,Completed,1.22,4.33,1.21,5.04,1.26,5.04,1.23,4.22,,
WTA,2025,5,Melbourne,Australian Open,2025-01-19,Grand Slam,Outdoor,Hard,4th Round,3,Gauff C.,Bencic B.,3.0,294.0,6888.0,223.0,5.0,7.0,6.0,2.0,6.0,1.0,2.0,1.0,Completed,1.2,4.5,1.21,5.02,1.24,5.02,1.2,4.53,,
WTA,2025,5,Melbourne,Australian Open,2025-01-19,Grand Slam,Outdoor,Hard,4th Round,3,Pavlyuchenkova A.,Vekic D.,32.0,19.0,1675.0,2228.0,7.0,6.0,6.0,0.0,,,2.0,0.0,Completed,2.0,1.8,2.11,1.81,2.11,1.85,2.02,1.79,,
WTA,2025,5,Melbourne,Australian Open,2025-01-19,Grand Slam,Outdoor,Hard,4th Round,3,Badosa P.,Danilovic O.,12.0,55.0,2958.0,1055.0,6.0,1.0,7.0,6.0,,,2.0,0.0,Completed,1.4,3.0,1.39,3.29,1.46,3.29,1.4,2.96,,
WTA,2025,5,Melbourne,Australian Open,2025-01-20,Grand Slam,Outdoor,Hard,4th Round,3,Svitolina E.,Kudermetova V.,27.0,75.0,1779.0,888.0,6.0,4.0,6.0,1.0,,,2.0,0.0,Completed,1.44,2.75,1.47,2.89,1.53,2.89,1.46,2.69,,
WTA,2025,5,Melbourne,Australian Open,2025-01-20,Grand Slam,Outdoor,Hard,4th Round,3,Keys M.,Rybakina E.,14.0,7.0,2680.0,4723.0,6.0,3.0,1.0,6.0,6.0,3.0,2.0,1.0,Completed,2.3,1.62,2.3,1.69,2.32,1.71,2.25,1.65,,
WTA,2025,5,Melbourne,Australian Open,2025-01-20,Grand Slam,Outdoor,Hard,4th Round,3,Navarro E.,Kasatkina D.,8.0,10.0,3409.0,3151.0,6.0,4.0,5.0,7.0,7.0,5.0,2.0,1.0,Completed,1.91,1.91,1.97,1.93,1.97,1.93,1.91,1.89,,
WTA,2025,5,Melbourne,Australian Open,2025-01-20,Grand Slam,Outdoor,Hard,4th Round,3,Swiatek I.,Lys E.,2.0,128.0,8120.0,566.0,6.0,0.0,6.0,1.0,,,2.0,0.0,Completed,1.02,21.0,1.03,25.11,1.03,25.11,1.02,16.28,,
WTA,2025,5,Melbourne,Australian Open,2025-01-21,Grand Slam,Outdoor,Hard,Quarterfinals,3,Badosa P.,Gauff C.,12.0,3.0,2958.0,6888.0,7.0,5.0,6.0,4.0,,,2.0,0.0,Completed,4.0,1.25,4.03,1.29,4.27,1.31,3.75,1.28,,
WTA,2025,5,Melbourne,Australian Open,2025-01-21,Grand Slam,Outdoor,Hard,Quarterfinals,3,Sabalenka A.,Pavlyuchenkova A.,1.0,32.0,9656.0,1675.0,6.0,2.0,2.0,6.0,6.0,3.0,2.0,1.0,Completed,1.08,8.0,1.09,9.28,1.12,9.28,1.09,7.58,,
WTA,2025,5,Melbourne,Australian Open,2025-01-22,Grand Slam,Outdoor,Hard,Quarterfinals,3,Keys M.,Svitolina E.,14.0,27.0,2680.0,1779.0,3.0,6.0,6.0,3.0,6.0,4.0,2.0,1.0,Completed,1.5,2.63,1.57,2.58,1.63,2.63,1.54,2.51,,
WTA,2025,5,Melbourne,Australian Open,2025-01-22,Grand Slam,Outdoor,Hard,Quarterfinals,3,Swiatek I.,Navarro E.,2.0,8.0,8120.0,3409.0,6.0,1.0,6.0,2.0,,,2.0,0.0,Completed,1.06,10.0,1.1,8.93,1.1,11.2,1.07,9.17,,
WTA,2025,5,Melbourne,Australian Open,2025-01-23,Grand Slam,Outdoor,Hard,Semifinals,3,Sabalenka A.,Badosa P.,1.0,12.0,9656.0,2958.0,6.0,4.0,6.0,2.0,,,2.0,0.0,Completed,1.29,3.75,1.32,3.73,1.35,3.75,1.3,3.56,,
WTA,2025,5,Melbourne,Australian Open,2025-01-23,Grand Slam,Outdoor,Hard,Semifinals,3,Keys M.,Swiatek I.,14.0,2.0,2680.0,8120.0,5.0,7.0,6.0,1.0,7.0,6.0,2.0,1.0,Completed,5.0,1.17,5.4,1.19,5.51,1.24,4.99,1.18,,
WTA,2025,5,Melbourne,Australian Open,2025-01-25,Grand Slam,Outdoor,Hard,The Final,3,Keys M.,Sabalenka A.,14.0,1.0,2680.0,9656.0,6.0,3.0,2.0,6.0,7.0,6.0,2.0,1.0,Completed,4.0,1.25,4.3,1.26,4.3,1.29,3.95,1.26,,
WTA,2025,24,Paris,French Open,2025-05-25,Grand Slam,Outdoor,Clay,1st Round,3,Mboko V.,Sun L.,120.0,45.0,594.0,1207.0,6.0,1.0,7.0,6.0,,,2.0,0.0,Completed,1.25,4.0,1.26,4.29,1.26,4.7,1.24,4.12,,
WTA,2025,24,Paris,French Open,2025-05-25,Grand Slam,Outdoor,Clay,1st Round,3,Svitolina E.,Sonmez Z.,14.0,76.0,2845.0,871.0,6.0,1.0,6.0,1.0,,,2.0,0.0,Completed,1.06,10.0,1.07,10.78,1.07,13.5,1.06,9.85,,
WTA,2025,24,Paris,French Open,2025-05-25,Grand Slam,Outdoor,Clay,1st Round,3,Golubic V.,Kvitova P.,78.0,607.0,817.0,66.0,3.0,6.0,6.0,0.0,6.0,4.0,2.0,1.0,Completed,2.2,1.67,2.08,1.82,2.22,1.84,2.07,1.76,,
WTA,2025,24,Paris,French Open,2025-05-25,Grand Slam,Outdoor,Clay,1st Round,3,Bondar A.,Siegemund L.,82.0,107.0,804.0,687.0,7.0,6.0,6.0,3.0,,,2.0,0.0,Completed,1.62,2.3,1.64,2.39,1.72,2.44,1.62,2.31,,
WTA,2025,24,Paris,French Open,2025-05-25,Grand Slam,Outdoor,Clay,1st Round,3,Lys E.,Stearns P.,59.0,33.0,1015.0,1536.0,6.0,0.0,6.0,3.0,,,2.0,0.0,Completed,3.2,1.36,3.34,1.37,3.45,1.4,3.15,1.37,,
WTA,2025,24,Paris,French Open,2025-05-25,Grand Slam,Outdoor,Clay,1st Round,3,Sabalenka A.,Rakhimova K.,1.0,86.0,10683.0,786.0,6.0,1.0,6.0,0.0,,,2.0,0.0,Completed,1.02,19.0,1.02,32.48,1.02,38.0,1.01,19.24,,
WTA,2025,24,Paris,French Open,2025-05-25,Grand Slam,Outdoor,Clay,1st Round,3,Arango E.,Eala A.,85.0,73.0,791.0,892.0,6.0,0.0,2.0,6.0,6.0,3.0,2.0,1.0,Completed,2.3,1.62,2.33,1.67,2.36,1.71,2.28,1.64,,
WTA,2025,24,Paris,French Open,2025-05-25,Grand Slam,Outdoor,Clay,1st Round,3,Yastremska D.,Aiava D.,48.0,155.0,1159.0,473.0,7.0,5.0,6.0,1.0,,,2.0,0.0,Completed,1.11,6.5,1.12,7.48,1.14,7.6,1.12,6.66,,
WTA,2025,24,Paris,French Open,2025-05-25,Grand Slam,Outdoor,Clay,1st Round,3,Zheng Q.,Pavlyuchenkova A.,7.0,50.0,4368.0,1112.0,6.0,4.0,6.0,3.0,,,2.0,0.0,Completed,1.13,6.0,1.16,6.09,1.17,6.8,1.14,5.88,,
WTA,2025,24,Paris,French Open,2025-05-25,Grand Slam,Outdoor,Clay,1st Round,3,Teichmann J.,Stefanini L.,97.0,153.0,731.0,483.0,6.0,4.0,6.0,4.0,,,2.0,0.0,Completed,1.62,2.3,1.57,2.54,1.66,2.7,1.57,2.4,,
WTA,2025,24,Paris,French Open,2025-05-25,Grand Slam,Outdoor,Clay,1st Round,3,Shnaider D.,Sobolieva A.,12.0,256.0,3108.0,283.0,7.0,6.0,6.0,2.0,,,2.0,0.0,Completed,1.06,10.0,1.06,12.48,1.06,14.0,1.06,10.62,,
WTA,2025,24,Paris,French Open,2025-05-25,Grand Slam,Outdoor,Clay,1st Round,3,Romero Gormaz L.,Rakotomanga Rajaonah T.,150.0,244.0,491.0,302.0,7.0,6.0,6.0,2.0,,,2.0,0.0,Completed,1.53,2.5,1.57,2.55,1.57,2.65,1.53,2.52,,
WTA,2025,24,Paris,French Open,2025-05-25,Grand Slam,Outdoor,Clay,1st Round,3,Vekic D.,Blinkova A.,19.0,62.0,2226.0,967.0,7.0,5.0,6.0,7.0,6.0,1.0,2.0,1.0,Completed,1.67,2.2,1.74,2.2,1.81,2.22,1.72,2.14,,
WTA,2025,24,Paris,French Open,2025-05-25,Grand Slam,Outdoor,Clay,1st Round,3,Anisimova A.,Stojanovic N.,16.0,167.0,2634.0,423.0,6.0,3.0,4.0,1.0,,,1.0,0.0,Retired,1.13,6.0,1.16,6.09,1.21,6.2,1.15,5.71,,
WTA,2025,24,Paris,French Open,2025-05-25,Grand Slam,Outdoor,Clay,1st Round,3,Jovic I.,Zarazua R.,129.0,74.0,566.0,886.0,6.0,3.0,5.0,7.0,6.0,4.0,2.0,1.0,Completed,1.8,2.0,1.88,2.01,1.92,2.06,1.83,1.97,,
WTA,2025,24,Paris,French Open,2025-05-25,Grand Slam,Outdoor,Clay,1st Round,3,Danilovic O.,Fernandez L.A.,34.0,27.0,1508.0,1735.0,6.0,3.0,6.0,1.0,,,2.0,0.0,Completed,1.57,2.38,1.56,2.57,1.61,2.6,1.56,2.44,,
WTA,2025,24,Paris,French Open,2025-05-25,Grand Slam,Outdoor,Clay,1st Round,3,Paolini J.,Yuan Y.,4.0,87.0,5865.0,786.0,6.0,1.0,4.0,6.0,6.0,3.0,2.0,1.0,Completed,1.04,13.0,1.04,17.28,1.05,17.5,1.03,13.16,,
WTA,2025,24,Paris,French Open,2025-05-25,Grand Slam,Outdoor,Clay,1st Round,3,Potapova A.,Noskova L.,37.0,29.0,1469.0,1628.0,5.0,7.0,6.0,1.0,7.0,5.0,2.0,1.0,Completed,1.73,2.1,1.77,2.16,1.79,2.22,1.74,2.1,,
WTA,2025,24,Paris,French Open,2025-05-25,Grand Slam,Outdoor,Clay,1st Round,3,Bejlek S.,Kostyuk M.,188.0,25.0,376.0,1796.0,6.0,3.0,6.0,1.0,,,2.0,0.0,Completed,5.0,1.17,5.72,1.17,5.8,1.19,5.25,1.17,,
WTA,2025,24,Paris,French Open,2025-05-26,Grand Slam,Outdoor,Clay,1st Round,3,Bouzas Maneiro J.,Navarro E.,68.0,9.0,915.0,3879.0,6.0,0.0,6.0,1.0,,,2.0,0.0,Completed,4.5,1.2,4.59,1.23,5.1,1.24,4.43,1.22,,
WTA,2025,24,Paris,French Open,2025-05-26,Grand Slam,Outdoor,Clay,1st Round,3,Starodubtseva Y.,Korpatsch T.,81.0,148.0,804.0,493.0,2.0,6.0,6.0,1.0,6.0,4.0,2.0,1.0,Completed,2.2,1.67,2.03,1.85,2.2,1.87,2.02,1.82,,
WTA,2025,24,Paris,French Open,2025-05-26,Grand Slam,Outdoor,Clay,1st Round,3,Kudermetova V.,Tomova V.,46.0,64.0,1187.0,937.0,7.0,5.0,6.0,1.0,,,2.0,0.0,Completed,1.22,4.33,1.29,3.96,1.3,4.33,1.26,3.9,,
WTA,2025,24,Paris,French Open,2025-05-26,Grand Slam,Outdoor,Clay,1st Round,3,Raducanu E.,Wang Xin.,41.0,43.0,1319.0,1265.0,7.0,5.0,4.0,6.0,6.0,3.0,2.0,1.0,Completed,1.3,3.5,1.37,3.35,1.37,3.6,1.36,3.22,,
WTA,2025,24,Paris,French Open,2025-05-26,Grand Slam,Outdoor,Clay,1st Round,3,Rybakina E.,Riera J.,11.0,202.0,3548.0,352.0,6.0,1.0,4.0,6.0,6.0,4.0,2.0,1.0,Completed,1.05,11.0,1.05,14.4,1.07,14.4,1.04,11.64,,
WTA,2025,24,Paris,French Open,2025-05-26,Grand Slam,Outdoor,Clay,1st Round,3,Swiatek I.,Sramkova R.,5.0,42.0,5838.0,1318.0,6.0,3.0,6.0,3.0,,,2.0,0.0,Completed,1.03,17.0,1.04,16.89,1.05,17.5,1.02,14.74,,
WTA,2025,24,Paris,French Open,2025-05-26,Grand Slam,Outdoor,Clay,1st Round,3,Samsonova L.,Sherif M.,18.0,84.0,2280.0,793.0,7.0,6.0,6.0,2.0,,,2.0,0.0,Completed,1.5,2.63,1.41,3.12,1.51,3.25,1.46,2.77,,
WTA,2025,24,Paris,French Open,2025-05-26,Grand Slam,Outdoor,Clay,1st Round,3,Montgomery R.,Parry D.,115.0,93.0,642.0,753.0,6.0,2.0,6.0,1.0,,,2.0,0.0,Completed,3.4,1.33,3.15,1.4,3.4,1.41,3.14,1.37,,
WTA,2025,24,Paris,French Open,2025-05-26,Grand Slam,Outdoor,Clay,1st Round,3,Cristian J.,Birrell K.,60.0,66.0,1001.0,921.0,6.0,1.0,6.0,0.0,,,2.0,0.0,Completed,1.36,3.2,1.4,3.17,1.41,3.35,1.36,3.16,,
WTA,2025,24,Paris,French Open,2025-05-26,Grand Slam,Outdoor,Clay,1st Round,3,Badosa P.,Osaka N.,10.0,49.0,3684.0,1148.0,6.0,7.0,6.0,1.0,6.0,4.0,2.0,1.0,Completed,2.1,1.73,2.05,1.85,2.11,1.9,2.08,1.77,,
WTA,2025,24,Paris,French Open,2025-05-26,Grand Slam,Outdoor,Clay,1st Round,3,Collins D.,Burrage J.,54.0,165.0,1061.0,425.0,7.0,6.0,6.0,4.0,,,2.0,0.0,Completed,1.03,15.0,1.03,19.65,1.03,26.0,1.02,15.3,,
WTA,2025,24,Paris,French Open,2025-05-26,Grand Slam,Outdoor,Clay,1st Round,3,Pera B.,Garcia C.,83.0,144.0,796.0,501.0,6.0,4.0,6.0,4.0,,,2.0,0.0,Completed,1.73,2.1,1.76,2.17,1.77,2.26,1.73,2.12,,
WTA,2025,24,Paris,French Open,2025-05-26,Grand Slam,Outdoor,Clay,1st Round,3,Tomljanovic A.,Joint M.,71.0,53.0,904.0,1083.0,6.0,1.0,6.0,3.0,,,2.0,0.0,Completed,3.2,1.36,3.37,1.36,3.55,1.38,3.19,1.36,,
WTA,2025,24,Paris,French Open,2025-05-26,Grand Slam,Outdoor,Clay,1st Round,3,Kasatkina D.,Siniakova K.,17.0,63.0,2631.0,950.0,6.0,1.0,3.0,6.0,6.0,2.0,2.0,1.0,Completed,1.4,3.0,1.45,2.93,1.46,3.05,1.42,2.87,,
WTA,2025,24,Paris,French Open,2025-05-26,Grand Slam,Outdoor,Clay,1st Round,3,Boulter K.,Monnet C.,38.0,231.0,1456.0,314.0,6.0,7.0,6.0,1.0,6.0,1.0,2.0,1.0,Completed,1.4,3.0,1.48,2.85,1.48,3.05,1.41,2.92,,
WTA,2025,24,Paris,French Open,2025-05-26,Grand Slam,Outdoor,Clay,1st Round,3,Ruse E.G.,Kessler M.,80.0,44.0,808.0,1249.0,7.0,5.0,7.0,6.0,,,2.0,0.0,Completed,1.62,2.3,1.58,2.52,1.62,2.6,1.58,2.4,,
WTA,2025,24,Paris,French Open,2025-05-26,Grand Slam,Outdoor,Clay,1st Round,3,Ostapenko J.,Kudermetova P.,21.0,58.0,2140.0,1017.0,5.0,7.0,6.0,0.0,6.0,2.0,2.0,1.0,Completed,1.17,5.0,1.21,4.93,1.23,5.3,1.18,4.93,,
WTA,2025,24,Paris,French Open,2025-05-26,Grand Slam,Outdoor,Clay,1st Round,3,Krejcikova B.,Maria T.,15.0,79.0,2664.0,809.0,7.0,6.0,6.0,3.0,,,2.0,0.0,Completed,1.2,4.5,1.17,5.74,1.21,6.0,1.19,4.91,,
WTA,2025,24,Paris,French Open,2025-05-26,Grand Slam,Outdoor,Clay,1st Round,3,Alexandrova E.,Bronzetti L.,20.0,57.0,2148.0,1019.0,6.0,3.0,6.0,2.0,,,2.0,0.0,Completed,1.25,4.0,1.26,4.26,1.27,4.4,1.25,3.99,,
WTA,2025,24,Paris,French Open,2025-05-26,Grand Slam,Outdoor,Clay,1st Round,3,Rus A.,Osorio M.,94.0,51.0,751.0,1107.0,4.0,6.0,6.0,2.0,6.0,4.0,2.0,1.0,Completed,3.0,1.4,3.07,1.42,3.2,1.43,2.93,1.41,,
WTA,2025,24,Paris,French Open,2025-05-26,Grand Slam,Outdoor,Clay,1st Round,3,Keys M.,Saville D.,8.0,137.0,4184.0,542.0,6.0,2.0,6.0,1.0,,,2.0,0.0,Completed,1.06,10.0,1.07,10.81,1.1,11.32,1.07,9.44,,
WTA,2025,24,Paris,French Open,2025-05-26,Grand Slam,Outdoor,Clay,1st Round,3,Tauson C.,Linette M.,22.0,32.0,2098.0,1581.0,6.0,4.0,4.0,6.0,6.0,1.0,2.0,1.0,Completed,1.62,2.3,1.62,2.43,1.64,2.52,1.61,2.35,,
WTA,2025,24,Paris,French Open,2025-05-26,Grand Slam,Outdoor,Clay,1st Round,3,Jeanjean L.,Begu I.,100.0,92.0,712.0,755.0,0.0,6.0,7.0,5.0,3.0,0.0,1.0,1.0,Retired,2.5,1.53,2.31,1.68,2.51,1.71,2.33,1.61,,
WTA,2025,24,Paris,French Open,2025-05-26,Grand Slam,Outdoor,Clay,1st Round,3,Dolehide C.,Minnen G.,67.0,77.0,918.0,823.0,3.0,6.0,6.0,3.0,6.0,4.0,2.0,1.0,Completed,1.57,2.38,1.54,2.63,1.59,2.66,1.55,2.48,,
WTA,2025,24,Paris,French Open,2025-05-26,Grand Slam,Outdoor,Clay,1st Round,3,Cocciaretto E.,Townsend T.,89.0,104.0,768.0,692.0,6.0,3.0,6.0,2.0,,,2.0,0.0,Completed,2.0,1.8,1.91,1.98,2.02,1.98,1.96,1.86,,
WTA,2025,24,Paris,French Open,2025-05-27,Grand Slam,Outdoor,Clay,1st Round,3,Andreeva M.,Bucsa C.,6.0,98.0,4986.0,720.0,6.0,4.0,6.0,3.0,,,2.0,0.0,Completed,1.05,11.0,1.06,12.06,1.06,15.5,1.05,10.83,,
WTA,2025,24,Paris,French Open,2025-05-27,Grand Slam,Outdoor,Clay,1st Round,3,Baptiste H.,Haddad Maia B.,70.0,23.0,906.0,2091.0,4.0,6.0,6.0,3.0,6.0,1.0,2.0,1.0,Completed,2.1,1.73,2.22,1.73,2.24,1.8,2.16,1.71,,
WTA,2025,24,Paris,French Open,2025-05-27,Grand Slam,Outdoor,Clay,1st Round,3,Hibino N.,Uchijima M.,196.0,61.0,366.0,1000.0,6.0,1.0,7.0,5.0,,,2.0,0.0,Completed,3.4,1.33,3.26,1.38,3.6,1.38,3.35,1.33,,
WTA,2025,24,Paris,French Open,2025-05-27,Grand Slam,Outdoor,Clay,1st Round,3,Vondrousova M.,Selekhmeteva O.,96.0,147.0,743.0,494.0,6.0,4.0,6.0,4.0,,,2.0,0.0,Completed,1.4,3.0,1.51,2.72,1.51,3.0,1.45,2.81,,
WTA,2025,24,Paris,French Open,2025-05-27,Grand Slam,Outdoor,Clay,1st Round,3,Azarenka V.,Wickmayer Y.,75.0,1140.0,884.0,11.0,6.0,0.0,6.0,0.0,,,2.0,0.0,Completed,1.04,13.0,1.04,14.31,1.05,16.0,1.04,12.45,,
WTA,2025,24,Paris,French Open,2025-05-27,Grand Slam,Outdoor,Clay,1st Round,3,Kenin S.,Gracheva V.,30.0,72.0,1618.0,895.0,6.0,3.0,6.0,1.0,,,2.0,0.0,Completed,1.33,3.4,1.35,3.5,1.39,3.5,1.34,3.34,,
WTA,2025,24,Paris,French Open,2025-05-27,Grand Slam,Outdoor,Clay,1st Round,3,Kalinina A.,Avanesyan E.,113.0,40.0,648.0,1380.0,6.0,1.0,6.0,2.0,,,2.0,0.0,Completed,3.0,1.4,3.03,1.43,3.1,1.47,2.97,1.41,,
WTA,2025,24,Paris,French Open,2025-05-27,Grand Slam,Outdoor,Clay,1st Round,3,Gauff C.,Gadecki O.,2.0,91.0,6863.0,759.0,6.0,2.0,6.0,2.0,,,2.0,0.0,Completed,1.03,17.0,1.03,17.34,1.03,29.0,1.02,15.69,,
WTA,2025,24,Paris,French Open,2025-05-27,Grand Slam,Outdoor,Clay,1st Round,3,Valentova T.,Paquet C.,172.0,119.0,403.0,610.0,4.0,6.0,6.0,3.0,7.0,5.0,2.0,1.0,Completed,1.36,3.2,1.34,3.57,1.41,3.75,1.35,3.25,,
WTA,2025,24,Paris,French Open,2025-05-27,Grand Slam,Outdoor,Clay,1st Round,3,Krueger A.,Lamens S.,35.0,69.0,1489.0,908.0,6.0,3.0,6.0,4.0,,,2.0,0.0,Completed,1.53,2.5,1.61,2.44,1.62,2.6,1.56,2.47,,
WTA,2025,24,Paris,French Open,2025-05-27,Grand Slam,Outdoor,Clay,1st Round,3,Jacquemot E.,Sakkari M.,138.0,90.0,537.0,766.0,6.0,3.0,7.0,6.0,,,2.0,0.0,Completed,4.5,1.2,4.64,1.23,4.8,1.25,4.48,1.21,,
WTA,2025,24,Paris,French Open,2025-05-27,Grand Slam,Outdoor,Clay,1st Round,3,Pegula J.,Todoni A.,3.0,88.0,6243.0,770.0,6.0,2.0,6.0,4.0,,,2.0,0.0,Completed,1.17,5.0,1.21,5.01,1.21,6.0,1.16,5.37,,
WTA,2025,24,Paris,French Open,2025-05-27,Grand Slam,Outdoor,Clay,1st Round,3,Frech M.,Jabeur O.,26.0,36.0,1755.0,1483.0,7.0,6.0,6.0,0.0,,,2.0,0.0,Completed,3.2,1.36,3.15,1.4,3.35,1.42,3.15,1.37,,
WTA,2025,24,Paris,French Open,2025-05-27,Grand Slam,Outdoor,Clay,1st Round,3,Kartal S.,Andreeva E.,56.0,102.0,1021.0,702.0,6.0,0.0,6.0,2.0,,,2.0,0.0,Completed,1.73,2.1,1.68,2.29,1.77,2.3,1.71,2.16,,
WTA,2025,24,Paris,French Open,2025-05-27,Grand Slam,Outdoor,Clay,1st Round,3,Boisson L.,Mertens E.,361.0,24.0,171.0,1866.0,6.0,4.0,4.0,6.0,6.0,3.0,2.0,1.0,Completed,4.33,1.22,4.61,1.23,4.8,1.25,4.37,1.22,,
WTA,2025,24,Paris,French Open,2025-05-27,Grand Slam,Outdoor,Clay,1st Round,3,Li A.,Carle M.,55.0,127.0,1029.0,567.0,6.0,4.0,6.0,0.0,,,2.0,0.0,Completed,1.73,2.1,1.76,2.17,1.81,2.22,1.74,2.1,,
WTA,2025,24,Paris,French Open,2025-05-27,Grand Slam,Outdoor,Clay,1st Round,3,Putintseva Y.,Sierra S.,31.0,110.0,1615.0,676.0,7.0,6.0,6.0,2.0,,,2.0,0.0,Completed,1.57,2.38,1.64,2.39,1.7,2.43,1.6,2.35,,
WTA,2025,24,Paris,French Open,2025-05-27,Grand Slam,Outdoor,Clay,1st Round,3,Garland J.,Volynets K.,175.0,65.0,395.0,922.0,6.0,3.0,3.0,6.0,6.0,4.0,2.0,1.0,Completed,3.4,1.33,3.47,1.35,3.5,1.38,3.36,1.33,,
WTA,2025,24,Paris,French Open,2025-05-27,Grand Slam,Outdoor,Clay,1st Round,3,Bouzkova M.,Kalinskaya A.,47.0,28.0,1176.0,1717.0,6.0,4.0,7.0,5.0,,,2.0,0.0,Completed,2.2,1.67,2.39,1.64,2.46,1.68,2.27,1.64,,
WTA,2025,24,Paris,French Open,2025-05-27,Grand Slam,Outdoor,Clay,1st Round,3,Parks A.,Muchova K.,52.0,13.0,1102.0,2919.0,6.0,3.0,2.0,6.0,6.0,1.0,2.0,1.0,Completed,8.0,1.08,9.84,1.08,11.0,1.11,8.55,1.08,,
WTA,2025,24,Paris,French Open,2025-05-28,Grand Slam,Outdoor,Clay,2nd Round,3,Zheng Q.,Arango E.,7.0,85.0,4368.0,791.0,6.0,2.0,6.0,3.0,,,2.0,0.0,Completed,1.03,15.0,1.05,16.58,1.05,17.5,1.03,13.67,,
WTA,2025,24,Paris,French Open,2025-05-28,Grand Slam,Outdoor,Clay,2nd Round,3,Anisimova A.,Golubic V.,16.0,78.0,2634.0,817.0,6.0,0.0,6.0,2.0,,,2.0,0.0,Completed,1.14,5.5,1.12,7.6,1.15,7.8,1.13,6.15,,
WTA,2025,24,Paris,French Open,2025-05-28,Grand Slam,Outdoor,Clay,2nd Round,3,Mboko V.,Lys E.,120.0,59.0,594.0,1015.0,6.0,4.0,6.0,4.0,,,2.0,0.0,Completed,1.53,2.5,1.57,2.5,1.71,2.62,1.55,2.47,,
WTA,2025,24,Paris,French Open,2025-05-28,Grand Slam,Outdoor,Clay,2nd Round,3,Paolini J.,Tomljanovic A.,4.0,71.0,5865.0,904.0,6.0,3.0,6.0,3.0,,,2.0,0.0,Completed,1.08,8.0,1.11,8.45,1.11,9.4,1.09,7.81,,
WTA,2025,24,Paris,French Open,2025-05-28,Grand Slam,Outdoor,Clay,2nd Round,3,Svitolina E.,Bondar A.,14.0,82.0,2845.0,804.0,7.0,6.0,7.0,5.0,,,2.0,0.0,Completed,1.11,6.5,1.11,8.44,1.12,8.6,1.11,7.19,,
WTA,2025,24,Paris,French Open,2025-05-28,Grand Slam,Outdoor,Clay,2nd Round,3,Pera B.,Vekic D.,83.0,19.0,796.0,2226.0,6.0,2.0,4.0,6.0,7.0,6.0,2.0,1.0,Completed,2.3,1.62,2.5,1.6,2.52,1.67,2.34,1.62,,
WTA,2025,24,Paris,French Open,2025-05-28,Grand Slam,Outdoor,Clay,2nd Round,3,Starodubtseva Y.,Potapova A.,81.0,37.0,804.0,1469.0,7.0,6.0,6.0,2.0,,,2.0,0.0,Completed,3.75,1.29,4.62,1.24,4.62,1.29,4.0,1.26,,
WTA,2025,24,Paris,French Open,2025-05-28,Grand Slam,Outdoor,Clay,2nd Round,3,Tauson C.,Rus A.,22.0,94.0,2098.0,751.0,7.0,6.0,7.0,5.0,,,2.0,0.0,Completed,1.17,5.0,1.18,5.71,1.21,5.71,1.18,5.02,,
WTA,2025,24,Paris,French Open,2025-05-28,Grand Slam,Outdoor,Clay,2nd Round,3,Swiatek I.,Raducanu E.,5.0,41.0,5838.0,1319.0,6.0,1.0,6.0,2.0,,,2.0,0.0,Completed,1.1,7.0,1.11,8.39,1.12,10.0,1.1,7.57,,
WTA,2025,24,Paris,French Open,2025-05-28,Grand Slam,Outdoor,Clay,2nd Round,3,Danilovic O.,Collins D.,34.0,54.0,1508.0,1061.0,6.0,4.0,3.0,6.0,6.0,4.0,2.0,1.0,Completed,2.2,1.67,2.14,1.79,2.22,1.79,2.16,1.71,,
WTA,2025,24,Paris,French Open,2025-05-28,Grand Slam,Outdoor,Clay,2nd Round,3,Cristian J.,Bejlek S.,60.0,188.0,1001.0,376.0,1.0,6.0,6.0,3.0,6.0,3.0,2.0,1.0,Completed,1.67,2.2,1.75,2.21,1.82,2.21,1.73,2.12,,
WTA,2025,24,Paris,French Open,2025-05-28,Grand Slam,Outdoor,Clay,2nd Round,3,Samsonova L.,Romero Gormaz L.,18.0,150.0,2280.0,491.0,6.0,3.0,6.0,3.0,,,2.0,0.0,Completed,1.17,5.0,1.2,5.31,1.2,6.0,1.17,5.31,,
WTA,2025,24,Paris,French Open,2025-05-28,Grand Slam,Outdoor,Clay,2nd Round,3,Ostapenko J.,Dolehide C.,21.0,67.0,2140.0,918.0,5.0,7.0,6.0,3.0,6.0,3.0,2.0,1.0,Completed,1.29,3.75,1.26,4.32,1.3,4.32,1.26,3.96,,
WTA,2025,24,Paris,French Open,2025-05-28,Grand Slam,Outdoor,Clay,2nd Round,3,Sabalenka A.,Teichmann J.,1.0,97.0,10683.0,731.0,6.0,3.0,6.0,1.0,,,2.0,0.0,Completed,1.02,21.0,1.01,30.29,1.02,46.0,1.01,21.46,,
WTA,2025,24,Paris,French Open,2025-05-28,Grand Slam,Outdoor,Clay,2nd Round,3,Yastremska D.,Shnaider D.,48.0,12.0,1159.0,3108.0,7.0,5.0,7.0,5.0,,,2.0,0.0,Completed,2.75,1.44,2.93,1.47,3.0,1.48,2.82,1.44,,
WTA,2025,24,Paris,French Open,2025-05-28,Grand Slam,Outdoor,Clay,2nd Round,3,Rybakina E.,Jovic I.,11.0,129.0,3548.0,566.0,6.0,3.0,6.0,3.0,,,2.0,0.0,Completed,1.08,8.0,1.09,9.8,1.1,9.9,1.08,8.51,,
WTA,2025,24,Paris,French Open,2025-05-29,Grand Slam,Outdoor,Clay,2nd Round,3,Andreeva M.,Krueger A.,6.0,35.0,4986.0,1489.0,6.0,3.0,6.0,4.0,,,2.0,0.0,Completed,1.11,6.5,1.14,6.78,1.17,6.88,1.13,6.23,,
WTA,2025,24,Paris,French Open,2025-05-29,Grand Slam,Outdoor,Clay,2nd Round,3,Vondrousova M.,Frech M.,96.0,26.0,743.0,1755.0,6.0,0.0,4.0,6.0,6.0,3.0,2.0,1.0,Completed,1.44,2.75,1.46,2.95,1.48,2.95,1.46,2.78,,
WTA,2025,24,Paris,French Open,2025-05-29,Grand Slam,Outdoor,Clay,2nd Round,3,Bouzkova M.,Kartal S.,47.0,56.0,1176.0,1021.0,6.0,1.0,6.0,4.0,,,2.0,0.0,Completed,1.44,2.75,1.52,2.71,1.52,2.92,1.47,2.75,,
WTA,2025,24,Paris,French Open,2025-05-29,Grand Slam,Outdoor,Clay,2nd Round,3,Pegula J.,Li A.,3.0,55.0,6243.0,1029.0,6.0,3.0,7.0,6.0,,,2.0,0.0,Completed,1.22,4.33,1.24,4.55,1.27,4.7,1.22,4.32,,
WTA,2025,24,Paris,French Open,2025-05-29,Grand Slam,Outdoor,Clay,2nd Round,3,Baptiste H.,Hibino N.,70.0,196.0,906.0,366.0,6.0,3.0,6.0,2.0,,,2.0,0.0,Completed,1.2,4.5,1.25,4.46,1.27,4.54,1.22,4.42,,
WTA,2025,24,Paris,French Open,2025-05-29,Grand Slam,Outdoor,Clay,2nd Round,3,Alexandrova E.,Cocciaretto E.,20.0,89.0,2148.0,768.0,6.0,1.0,6.0,3.0,,,2.0,0.0,Completed,1.2,4.5,1.24,4.65,1.26,4.7,1.22,4.4,,
WTA,2025,24,Paris,French Open,2025-05-29,Grand Slam,Outdoor,Clay,2nd Round,3,Bouzas Maneiro J.,Montgomery R.,68.0,115.0,915.0,642.0,6.0,4.0,4.0,6.0,7.0,5.0,2.0,1.0,Completed,1.4,3.0,1.48,2.87,1.52,3.0,1.43,2.87,,
WTA,2025,24,Paris,French Open,2025-05-29,Grand Slam,Outdoor,Clay,2nd Round,3,Putintseva Y.,Garland J.,31.0,175.0,1615.0,395.0,7.0,6.0,6.0,3.0,,,2.0,0.0,Completed,1.36,3.2,1.36,3.43,1.37,3.6,1.35,3.27,,
WTA,2025,24,Paris,French Open,2025-05-29,Grand Slam,Outdoor,Clay,2nd Round,3,Kudermetova V.,Krejcikova B.,46.0,15.0,1187.0,2664.0,6.0,0.0,6.0,3.0,,,2.0,0.0,Completed,1.5,2.63,1.58,2.54,1.58,2.63,1.53,2.54,,
WTA,2025,24,Paris,French Open,2025-05-29,Grand Slam,Outdoor,Clay,2nd Round,3,Gauff C.,Valentova T.,2.0,172.0,6863.0,403.0,6.0,2.0,6.0,4.0,,,2.0,0.0,Completed,1.04,13.0,1.05,13.61,1.07,14.0,1.04,11.77,,
WTA,2025,24,Paris,French Open,2025-05-29,Grand Slam,Outdoor,Clay,2nd Round,3,Badosa P.,Ruse E.G.,10.0,80.0,3684.0,808.0,3.0,6.0,6.0,4.0,6.0,4.0,2.0,1.0,Completed,1.25,4.0,1.29,4.06,1.32,4.3,1.27,3.87,,
WTA,2025,24,Paris,French Open,2025-05-29,Grand Slam,Outdoor,Clay,2nd Round,3,Keys M.,Boulter K.,8.0,38.0,4184.0,1456.0,6.0,1.0,6.0,3.0,,,2.0,0.0,Completed,1.14,5.5,1.16,6.34,1.17,6.75,1.15,5.67,,
WTA,2025,24,Paris,French Open,2025-05-29,Grand Slam,Outdoor,Clay,2nd Round,3,Boisson L.,Kalinina A.,361.0,113.0,171.0,648.0,6.0,1.0,6.0,2.0,,,2.0,0.0,Completed,1.8,2.0,1.81,2.12,1.84,2.14,1.79,2.04,,
WTA,2025,24,Paris,French Open,2025-05-29,Grand Slam,Outdoor,Clay,2nd Round,3,Jacquemot E.,Parks A.,138.0,52.0,537.0,1102.0,6.0,2.0,6.0,7.0,6.0,1.0,2.0,1.0,Completed,1.53,2.5,1.53,2.69,1.6,2.69,1.55,2.48,,
WTA,2025,24,Paris,French Open,2025-05-29,Grand Slam,Outdoor,Clay,2nd Round,3,Kenin S.,Azarenka V.,30.0,75.0,1618.0,884.0,7.0,6.0,6.0,4.0,,,2.0,0.0,Completed,1.44,2.75,1.5,2.81,1.54,2.81,1.48,2.72,,
WTA,2025,24,Paris,French Open,2025-05-29,Grand Slam,Outdoor,Clay,2nd Round,3,Kasatkina D.,Jeanjean L.,17.0,100.0,2631.0,712.0,6.0,4.0,6.0,2.0,,,2.0,0.0,Completed,1.22,4.33,1.26,4.3,1.28,4.5,1.25,4.05,,
WTA,2025,24,Paris,French Open,2025-05-30,Grand Slam,Outdoor,Clay,3rd Round,3,Zheng Q.,Mboko V.,7.0,120.0,4368.0,594.0,6.0,3.0,6.0,4.0,,,2.0,0.0,Completed,1.2,4.5,1.23,4.81,1.24,5.0,1.21,4.55,,
WTA,2025,24,Paris,French Open,2025-05-30,Grand Slam,Outdoor,Clay,3rd Round,3,Anisimova A.,Tauson C.,16.0,22.0,2634.0,2098.0,7.0,6.0,6.0,4.0,,,2.0,0.0,Completed,1.57,2.38,1.65,2.4,1.69,2.53,1.6,2.36,,
WTA,2025,24,Paris,French Open,2025-05-30,Grand Slam,Outdoor,Clay,3rd Round,3,Sabalenka A.,Danilovic O.,1.0,34.0,10683.0,1508.0,6.0,2.0,6.0,3.0,,,2.0,0.0,Completed,1.08,8.0,1.12,7.8,1.13,8.2,1.1,7.46,,
WTA,2025,24,Paris,French Open,2025-05-30,Grand Slam,Outdoor,Clay,3rd Round,3,Samsonova L.,Yastremska D.,18.0,48.0,2280.0,1159.0,6.0,2.0,6.0,3.0,,,2.0,0.0,Completed,1.62,2.3,1.71,2.27,1.73,2.32,1.66,2.24,,
WTA,2025,24,Paris,French Open,2025-05-30,Grand Slam,Outdoor,Clay,3rd Round,3,Swiatek I.,Cristian J.,5.0,60.0,5838.0,1001.0,6.0,2.0,7.0,5.0,,,2.0,0.0,Completed,1.03,17.0,1.04,17.49,1.05,19.5,1.02,15.2,,
WTA,2025,24,Paris,French Open,2025-05-30,Grand Slam,Outdoor,Clay,3rd Round,3,Rybakina E.,Ostapenko J.,11.0,21.0,3548.0,2140.0,6.0,2.0,6.0,2.0,,,2.0,0.0,Completed,1.44,2.75,1.52,2.73,1.52,2.98,1.45,2.79,,
WTA,2025,24,Paris,French Open,2025-05-30,Grand Slam,Outdoor,Clay,3rd Round,3,Paolini J.,Starodubtseva Y.,4.0,81.0,5865.0,804.0,6.0,4.0,6.0,1.0,,,2.0,0.0,Completed,1.07,9.0,1.09,8.99,1.1,10.5,1.08,8.71,,
WTA,2025,24,Paris,French Open,2025-05-30,Grand Slam,Outdoor,Clay,3rd Round,3,Svitolina E.,Pera B.,14.0,83.0,2845.0,796.0,7.0,6.0,7.0,6.0,,,2.0,0.0,Completed,1.11,6.5,1.13,6.72,1.15,7.2,1.12,6.5,,
WTA,2025,24,Paris,French Open,2025-05-31,Grand Slam,Outdoor,Clay,3rd Round,3,Andreeva M.,Putintseva Y.,6.0,31.0,4986.0,1615.0,6.0,3.0,6.0,1.0,,,2.0,0.0,Completed,1.13,6.0,1.15,6.42,1.15,7.8,1.14,6.02,,
WTA,2025,24,Paris,French Open,2025-05-31,Grand Slam,Outdoor,Clay,3rd Round,3,Kasatkina D.,Badosa P.,17.0,10.0,2631.0,3684.0,6.0,1.0,7.0,5.0,,,2.0,0.0,Completed,2.63,1.5,2.69,1.53,2.82,1.54,2.59,1.51,,
WTA,2025,24,Paris,French Open,2025-05-31,Grand Slam,Outdoor,Clay,3rd Round,3,Pegula J.,Vondrousova M.,3.0,96.0,6243.0,743.0,3.0,6.0,6.0,4.0,6.0,2.0,2.0,1.0,Completed,1.44,2.75,1.48,2.88,1.51,2.92,1.46,2.76,,
WTA,2025,24,Paris,French Open,2025-05-31,Grand Slam,Outdoor,Clay,3rd Round,3,Boisson L.,Jacquemot E.,361.0,138.0,171.0,537.0,6.0,3.0,0.0,6.0,7.0,5.0,2.0,1.0,Completed,1.44,2.75,1.54,2.66,1.56,2.75,1.52,2.58,,
WTA,2025,24,Paris,French Open,2025-05-31,Grand Slam,Outdoor,Clay,3rd Round,3,Alexandrova E.,Kudermetova V.,20.0,46.0,2148.0,1187.0,6.0,2.0,6.0,2.0,,,2.0,0.0,Completed,1.44,2.75,1.49,2.84,1.5,3.05,1.46,2.75,,
WTA,2025,24,Paris,French Open,2025-05-31,Grand Slam,Outdoor,Clay,3rd Round,3,Baptiste H.,Bouzas Maneiro J.,70.0,68.0,906.0,915.0,7.0,6.0,6.0,1.0,,,2.0,0.0,Completed,1.91,1.91,1.93,1.98,1.94,2.04,1.87,1.95,,
WTA,2025,24,Paris,French Open,2025-05-31,Grand Slam,Outdoor,Clay,3rd Round,3,Keys M.,Kenin S.,8.0,30.0,4184.0,1618.0,4.0,6.0,6.0,3.0,7.0,5.0,2.0,1.0,Completed,1.4,3.0,1.43,3.1,1.43,3.25,1.4,2.98,,
WTA,2025,24,Paris,French Open,2025-05-31,Grand Slam,Outdoor,Clay,3rd Round,3,Gauff C.,Bouzkova M.,2.0,47.0,6863.0,1176.0,6.0,1.0,7.0,6.0,,,2.0,0.0,Completed,1.1,7.0,1.12,7.9,1.13,9.2,1.11,7.06,,
WTA,2025,24,Paris,French Open,2025-06-01,Grand Slam,Outdoor,Clay,4th Round,3,Svitolina E.,Paolini J.,14.0,4.0,2845.0,5865.0,4.0,6.0,7.0,6.0,6.0,1.0,2.0,1.0,Completed,2.1,1.73,2.2,1.76,2.26,1.9,2.09,1.76,,
WTA,2025,24,Paris,French Open,2025-06-01,Grand Slam,Outdoor,Clay,4th Round,3,Zheng Q.,Samsonova L.,7.0,18.0,4368.0,2280.0,7.0,6.0,1.0,6.0,6.0,3.0,2.0,1.0,Completed,1.3,3.5,1.32,3.76,1.35,3.8,1.31,3.49,,
WTA,2025,24,Paris,French Open,2025-06-01,Grand Slam,Outdoor,Clay,4th Round,3,Swiatek I.,Rybakina E.,5.0,11.0,5838.0,3548.0,1.0,6.0,6.0,3.0,7.0,5.0,2.0,1.0,Completed,1.44,2.75,1.5,2.8,1.5,2.96,1.46,2.75,,
WTA,2025,24,Paris,French Open,2025-06-01,Grand Slam,Outdoor,Clay,4th Round,3,Sabalenka A.,Anisimova A.,1.0,16.0,10683.0,2634.0,7.0,5.0,6.0,3.0,,,2.0,0.0,Completed,1.2,4.5,1.21,5.08,1.24,5.2,1.21,4.6,,
WTA,2025,24,Paris,French Open,2025-06-02,Grand Slam,Outdoor,Clay,4th Round,3,Gauff C.,Alexandrova E.,2.0,20.0,6863.0,2148.0,6.0,0.0,7.0,5.0,,,2.0,0.0,Completed,1.3,3.5,1.32,3.75,1.36,3.85,1.33,3.4,,
WTA,2025,24,Paris,French Open,2025-06-02,Grand Slam,Outdoor,Clay,4th Round,3,Andreeva M.,Kasatkina D.,6.0,17.0,4986.0,2631.0,6.0,3.0,7.0,5.0,,,2.0,0.0,Completed,1.2,4.5,1.23,4.71,1.25,4.8,1.23,4.35,,
WTA,2025,24,Paris,French Open,2025-06-02,Grand Slam,Outdoor,Clay,4th Round,3,Boisson L.,Pegula J.,361.0,3.0,171.0,6243.0,3.0,6.0,6.0,4.0,6.0,4.0,2.0,1.0,Completed,5.0,1.17,5.4,1.19,5.9,1.21,5.09,1.18,,
WTA,2025,24,Paris,French Open,2025-06-02,Grand Slam,Outdoor,Clay,4th Round,3,Keys M.,Baptiste H.,8.0,70.0,4184.0,906.0,6.0,3.0,7.0,5.0,,,2.0,0.0,Completed,1.22,4.33,1.24,4.86,1.25,4.86,1.24,4.21,,
WTA,2025,24,Paris,French Open,2025-06-03,Grand Slam,Outdoor,Clay,Quarterfinals,3,Sabalenka A.,Zheng Q.,1.0,7.0,10683.0,4368.0,7.0,6.0,6.0,3.0,,,2.0,0.0,Completed,1.33,3.4,1.39,3.27,1.41,3.9,1.33,3.43,,
WTA,2025,24,Paris,French Open,2025-06-03,Grand Slam,Outdoor,Clay,Quarterfinals,3,Swiatek I.,Svitolina E.,5.0,14.0,5838.0,2845.0,6.0,1.0,7.0,5.0,,,2.0,0.0,Completed,1.25,4.0,1.3,3.94,1.31,4.01,1.27,3.91,,
WTA,2025,24,Paris,French Open,2025-06-04,Grand Slam,Outdoor,Clay,Quarterfinals,3,Gauff C.,Keys M.,2.0,8.0,6863.0,4184.0,6.0,7.0,6.0,4.0,6.0,1.0,2.0,1.0,Completed,1.44,2.75,1.42,3.11,1.5,3.11,1.45,2.82,,
WTA,2025,24,Paris,French Open,2025-06-04,Grand Slam,Outdoor,Clay,Quarterfinals,3,Boisson L.,Andreeva M.,361.0,6.0,171.0,4986.0,7.0,6.0,6.0,3.0,,,2.0,0.0,Completed,6.5,1.11,7.41,1.13,8.0,1.15,6.48,1.13,,
WTA,2025,24,Paris,French Open,2025-06-05,Grand Slam,Outdoor,Clay,Semifinals,3,Sabalenka A.,Swiatek I.,1.0,5.0,10683.0,5838.0,7.0,6.0,4.0,6.0,6.0,0.0,2.0,1.0,Completed,1.73,2.1,1.8,2.13,1.85,2.16,1.79,2.05,,
WTA,2025,24,Paris,French Open,2025-06-05,Grand Slam,Outdoor,Clay,Semifinals,3,Gauff C.,Boisson L.,2.0,361.0,6863.0,171.0,6.0,1.0,6.0,2.0,,,2.0,0.0,Completed,1.17,5.0,1.19,5.49,1.22,5.49,1.19,4.87,,
WTA,2025,24,Paris,French Open,2025-06-07,Grand Slam,Outdoor,Clay,The Final,3,Gauff C.,Sabalenka A.,2.0,1.0,2.0,10683.0,6.0,7.0,6.0,2.0,6.0,4.0,2.0,1.0,Completed,1.44,2.88,1.42,3.14,1.45,3.2,1.42,2.9,,
WTA,2025,31,London,Wimbledon,2025-06-30,Grand Slam,Outdoor,Grass,1st Round,3,Tomova V.,Jabeur O.,111.0,59.0,633.0,1023.0,7.0,6.0,2.0,0.0,,,1.0,0.0,Retired,4.5,1.2,4.29,1.25,5.25,1.25,4.62,1.19,,
WTA,2025,31,London,Wimbledon,2025-06-30,Grand Slam,Outdoor,Grass,1st Round,3,Vekic D.,Birrell K.,25.0,74.0,1813.0,878.0,6.0,0.0,6.0,4.0,,,2.0,0.0,Completed,1.4,2.8,1.46,2.87,1.48,3.0,1.41,2.86,,
WTA,2025,31,London,Wimbledon,2025-06-30,Grand Slam,Outdoor,Grass,1st Round,3,Svitolina E.,Bondar A.,13.0,75.0,3094.0,865.0,6.0,3.0,6.0,1.0,,,2.0,0.0,Completed,1.03,11.0,1.05,14.83,1.05,22.0,1.03,12.99,,
WTA,2025,31,London,Wimbledon,2025-06-30,Grand Slam,Outdoor,Grass,1st Round,3,Parry D.,Martic P.,118.0,138.0,612.0,526.0,4.0,6.0,6.0,3.0,6.0,2.0,2.0,1.0,Completed,1.53,2.5,1.57,2.52,1.6,2.62,1.52,2.51,,
WTA,2025,31,London,Wimbledon,2025-06-30,Grand Slam,Outdoor,Grass,1st Round,3,Lys E.,Yuan Y.,61.0,85.0,1020.0,792.0,6.0,4.0,5.0,7.0,6.0,2.0,2.0,1.0,Completed,2.0,1.8,1.98,1.88,2.0,2.0,1.96,1.83,,
WTA,2025,31,London,Wimbledon,2025-06-30,Grand Slam,Outdoor,Grass,1st Round,3,Kartal S.,Ostapenko J.,51.0,21.0,1147.0,2170.0,7.0,5.0,2.0,6.0,6.0,2.0,2.0,1.0,Completed,2.4,1.53,2.53,1.56,2.54,1.64,2.36,1.58,,
WTA,2025,31,London,Wimbledon,2025-06-30,Grand Slam,Outdoor,Grass,1st Round,3,Bucsa C.,Todoni A.,102.0,90.0,713.0,757.0,6.0,4.0,6.0,4.0,,,2.0,0.0,Completed,2.3,1.62,2.24,1.7,2.45,1.71,2.3,1.61,,
WTA,2025,31,London,Wimbledon,2025-06-30,Grand Slam,Outdoor,Grass,1st Round,3,Noskova L.,Pera B.,27.0,84.0,1697.0,805.0,6.0,2.0,6.0,4.0,,,2.0,0.0,Completed,1.2,4.33,1.22,4.74,1.22,5.6,1.21,4.46,,
WTA,2025,31,London,Wimbledon,2025-06-30,Grand Slam,Outdoor,Grass,1st Round,3,Sabalenka A.,Branstine C.,1.0,194.0,11640.0,363.0,6.0,1.0,7.0,5.0,,,2.0,0.0,Completed,1.04,11.0,1.04,15.08,1.05,22.0,1.03,12.76,,
WTA,2025,31,London,Wimbledon,2025-06-30,Grand Slam,Outdoor,Grass,1st Round,3,Sierra S.,Gadecki O.,101.0,103.0,714.0,707.0,6.0,2.0,7.0,6.0,,,2.0,0.0,Completed,1.91,1.91,,,1.91,1.91,1.91,1.91,,
WTA,2025,31,London,Wimbledon,2025-06-30,Grand Slam,Outdoor,Grass,1st Round,3,Haddad Maia B.,Sramkova R.,20.0,34.0,2189.0,1411.0,7.0,6.0,6.0,4.0,,,2.0,0.0,Completed,1.53,2.5,1.57,2.51,1.59,2.7,1.51,2.54,,
WTA,2025,31,London,Wimbledon,2025-06-30,Grand Slam,Outdoor,Grass,1st Round,3,Sasnovich A.,Gracheva V.,107.0,92.0,688.0,751.0,6.0,4.0,6.0,7.0,7.0,6.0,2.0,1.0,Completed,1.85,1.95,1.85,2.03,1.93,2.04,1.82,1.97,,
WTA,2025,31,London,Wimbledon,2025-06-30,Grand Slam,Outdoor,Grass,1st Round,3,Siegemund L.,Stearns P.,104.0,36.0,704.0,1386.0,6.0,4.0,6.0,2.0,,,2.0,0.0,Completed,2.5,1.53,2.49,1.58,2.66,1.6,2.5,1.53,,
WTA,2025,31,London,Wimbledon,2025-06-30,Grand Slam,Outdoor,Grass,1st Round,3,Shnaider D.,Uchijima M.,15.0,72.0,2776.0,884.0,7.0,6.0,6.0,3.0,,,2.0,0.0,Completed,1.08,7.0,1.09,9.1,1.11,9.2,1.09,7.52,,
WTA,2025,31,London,Wimbledon,2025-06-30,Grand Slam,Outdoor,Grass,1st Round,3,Keys M.,Ruse E.G.,8.0,58.0,4484.0,1028.0,6.0,7.0,7.0,5.0,7.0,5.0,2.0,1.0,Completed,1.22,4.33,1.25,4.29,1.25,4.9,1.22,4.29,,
WTA,2025,31,London,Wimbledon,2025-06-30,Grand Slam,Outdoor,Grass,1st Round,3,Danilovic O.,Zhang S.,37.0,124.0,1382.0,581.0,6.0,2.0,6.0,4.0,,,2.0,0.0,Completed,1.75,2.1,1.78,2.12,1.83,2.18,1.73,2.09,,
WTA,2025,31,London,Wimbledon,2025-06-30,Grand Slam,Outdoor,Grass,1st Round,3,Fernandez L.A.,Klugman H.,38.0,573.0,1350.0,77.0,6.0,1.0,6.0,3.0,,,2.0,0.0,Completed,1.08,8.0,1.09,8.7,1.11,10.0,1.09,7.48,,
WTA,2025,31,London,Wimbledon,2025-06-30,Grand Slam,Outdoor,Grass,1st Round,3,Zarazua R.,Wickmayer Y.,71.0,764.0,886.0,39.0,6.0,0.0,6.0,3.0,,,2.0,0.0,Completed,1.67,2.2,1.72,2.2,1.77,2.25,1.69,2.15,,
WTA,2025,31,London,Wimbledon,2025-06-30,Grand Slam,Outdoor,Grass,1st Round,3,Galfi D.,Dart H.,110.0,152.0,637.0,486.0,3.0,6.0,6.0,3.0,7.0,5.0,2.0,1.0,Completed,2.1,1.73,2.15,1.76,2.2,1.85,2.1,1.73,,
WTA,2025,31,London,Wimbledon,2025-06-30,Grand Slam,Outdoor,Grass,1st Round,3,Vondrousova M.,Kessler M.,73.0,30.0,883.0,1485.0,6.0,1.0,7.0,6.0,,,2.0,0.0,Completed,1.45,2.75,1.51,2.7,1.51,2.88,1.47,2.67,,
WTA,2025,31,London,Wimbledon,2025-06-30,Grand Slam,Outdoor,Grass,1st Round,3,Li A.,Golubic V.,65.0,82.0,974.0,819.0,6.0,3.0,4.0,6.0,6.0,1.0,2.0,1.0,Completed,2.25,1.67,2.32,1.66,2.36,1.72,2.2,1.67,,
WTA,2025,31,London,Wimbledon,2025-06-30,Grand Slam,Outdoor,Grass,1st Round,3,Raducanu E.,Xu M.,40.0,318.0,1321.0,208.0,6.0,3.0,6.0,3.0,,,2.0,0.0,Completed,1.15,5.0,1.18,5.32,1.18,5.32,1.17,4.85,,
WTA,2025,31,London,Wimbledon,2025-06-30,Grand Slam,Outdoor,Grass,1st Round,3,Rakhimova K.,Ito A.,80.0,108.0,831.0,683.0,5.0,7.0,6.0,3.0,6.0,2.0,2.0,1.0,Completed,1.33,3.4,1.36,3.32,1.41,3.5,1.34,3.25,,
WTA,2025,31,London,Wimbledon,2025-06-30,Grand Slam,Outdoor,Grass,1st Round,3,Paolini J.,Sevastova A.,5.0,402.0,4806.0,139.0,2.0,6.0,6.0,3.0,6.0,2.0,2.0,1.0,Completed,1.07,8.5,1.07,10.63,1.1,10.63,1.06,9.26,,
WTA,2025,31,London,Wimbledon,2025-06-30,Grand Slam,Outdoor,Grass,1st Round,3,Bouzkova M.,Sun L.,48.0,47.0,1176.0,1230.0,6.0,4.0,6.0,4.0,,,2.0,0.0,Completed,1.44,2.8,1.45,2.9,1.48,3.0,1.45,2.75,,
WTA,2025,31,London,Wimbledon,2025-06-30,Grand Slam,Outdoor,Grass,1st Round,3,Anisimova A.,Putintseva Y.,12.0,33.0,3200.0,1455.0,6.0,0.0,6.0,0.0,,,2.0,0.0,Completed,1.36,3.2,1.4,3.13,1.42,3.3,1.36,3.14,,
WTA,2025,31,London,Wimbledon,2025-06-30,Grand Slam,Outdoor,Grass,1st Round,3,Osaka N.,Gibson T.,53.0,126.0,1094.0,577.0,6.0,4.0,7.0,6.0,,,2.0,0.0,Completed,1.15,5.5,1.17,5.5,1.2,5.8,1.15,5.41,,
WTA,2025,31,London,Wimbledon,2025-06-30,Grand Slam,Outdoor,Grass,1st Round,3,Pavlyuchenkova A.,Tomljanovic A.,50.0,79.0,1149.0,831.0,4.0,6.0,6.0,3.0,6.0,2.0,2.0,1.0,Completed,1.7,2.1,1.79,2.1,1.79,2.24,1.71,2.12,,
WTA,2025,31,London,Wimbledon,2025-06-30,Grand Slam,Outdoor,Grass,1st Round,3,Boulter K.,Badosa P.,43.0,9.0,1278.0,3684.0,6.0,2.0,3.0,6.0,6.0,4.0,2.0,1.0,Completed,2.0,1.83,2.05,1.83,2.16,1.85,2.03,1.77,,
WTA,2025,31,London,Wimbledon,2025-06-30,Grand Slam,Outdoor,Grass,1st Round,3,Krueger A.,Stojsavljevic M.,31.0,796.0,1484.0,36.0,6.0,3.0,6.0,2.0,,,2.0,0.0,Completed,1.13,6.0,1.12,7.08,1.15,7.5,1.12,6.52,,
WTA,2025,31,London,Wimbledon,2025-06-30,Grand Slam,Outdoor,Grass,1st Round,3,Mertens E.,Fruhvirtova L.,23.0,148.0,1936.0,498.0,6.0,4.0,6.0,2.0,,,2.0,0.0,Completed,1.3,3.6,1.31,3.69,1.33,4.0,1.29,3.59,,
WTA,2025,31,London,Wimbledon,2025-07-01,Grand Slam,Outdoor,Grass,1st Round,3,Alexandrova E.,Hon P.,17.0,134.0,2426.0,544.0,6.0,2.0,7.0,5.0,,,2.0,0.0,Completed,1.08,8.0,1.08,9.68,1.1,10.0,1.08,8.05,,
WTA,2025,31,London,Wimbledon,2025-07-01,Grand Slam,Outdoor,Grass,1st Round,3,Tauson C.,Watson H.,22.0,143.0,2062.0,513.0,2.0,6.0,6.0,4.0,6.0,3.0,2.0,1.0,Completed,1.25,3.75,1.27,4.02,1.31,4.1,1.27,3.73,,
WTA,2025,31,London,Wimbledon,2025-07-01,Grand Slam,Outdoor,Grass,1st Round,3,Erjavec V.,Kostyuk M.,171.0,26.0,423.0,1736.0,3.0,6.0,6.0,3.0,6.0,4.0,2.0,1.0,Completed,5.5,1.12,6.89,1.13,7.0,1.16,6.53,1.11,,
WTA,2025,31,London,Wimbledon,2025-07-01,Grand Slam,Outdoor,Grass,1st Round,3,Volynets K.,Maria T.,98.0,45.0,724.0,1259.0,3.0,6.0,7.0,6.0,6.0,1.0,2.0,1.0,Completed,2.6,1.45,2.52,1.57,2.75,1.57,2.65,1.47,,
WTA,2025,31,London,Wimbledon,2025-07-01,Grand Slam,Outdoor,Grass,1st Round,3,Cocciaretto E.,Pegula J.,116.0,3.0,615.0,6483.0,6.0,2.0,6.0,3.0,,,2.0,0.0,Completed,8.0,1.08,9.79,1.08,10.0,1.1,7.99,1.08,,
WTA,2025,31,London,Wimbledon,2025-07-01,Grand Slam,Outdoor,Grass,1st Round,3,Lamens S.,Jovic I.,69.0,89.0,922.0,761.0,6.0,1.0,6.0,1.0,,,2.0,0.0,Completed,3.0,1.36,3.21,1.38,3.21,1.44,3.04,1.37,,
WTA,2025,31,London,Wimbledon,2025-07-01,Grand Slam,Outdoor,Grass,1st Round,3,Kasatkina D.,Arango E.,18.0,76.0,2361.0,859.0,7.0,5.0,6.0,3.0,,,2.0,0.0,Completed,1.1,6.0,1.12,7.05,1.15,7.2,1.12,6.17,,
WTA,2025,31,London,Wimbledon,2025-07-01,Grand Slam,Outdoor,Grass,1st Round,3,Begu I.,Juvan K.,115.0,240.0,621.0,305.0,7.0,6.0,1.0,6.0,6.0,3.0,2.0,1.0,Completed,4.0,1.25,4.07,1.27,4.3,1.27,3.92,1.25,,
WTA,2025,31,London,Wimbledon,2025-07-01,Grand Slam,Outdoor,Grass,1st Round,3,Siniakova K.,Zheng Q.,81.0,6.0,819.0,4803.0,7.0,5.0,4.0,6.0,6.0,1.0,2.0,1.0,Completed,2.8,1.45,2.82,1.47,2.82,1.53,2.62,1.48,,
WTA,2025,31,London,Wimbledon,2025-07-01,Grand Slam,Outdoor,Grass,1st Round,3,Kalinskaya A.,Stojanovic N.,39.0,172.0,1342.0,421.0,6.0,3.0,7.0,6.0,,,2.0,0.0,Completed,1.36,3.2,1.38,3.22,1.41,3.35,1.34,3.22,,
WTA,2025,31,London,Wimbledon,2025-07-01,Grand Slam,Outdoor,Grass,1st Round,3,Sonmez Z.,Cristian J.,88.0,52.0,772.0,1116.0,7.0,6.0,6.0,3.0,,,2.0,0.0,Completed,1.85,1.95,2.0,1.88,2.0,2.0,1.87,1.91,,
WTA,2025,31,London,Wimbledon,2025-07-01,Grand Slam,Outdoor,Grass,1st Round,3,Krejcikova B.,Eala A.,16.0,56.0,2724.0,1041.0,3.0,6.0,6.0,2.0,6.0,1.0,2.0,1.0,Completed,2.1,1.75,2.13,1.75,2.2,1.82,2.11,1.72,,
WTA,2025,31,London,Wimbledon,2025-07-01,Grand Slam,Outdoor,Grass,1st Round,3,Samsonova L.,Joint M.,19.0,41.0,2276.0,1319.0,6.0,3.0,6.0,2.0,,,2.0,0.0,Completed,1.4,2.8,1.46,2.88,1.52,2.92,1.44,2.77,,
WTA,2025,31,London,Wimbledon,2025-07-01,Grand Slam,Outdoor,Grass,1st Round,3,Wang Xin.,Muchova K.,32.0,14.0,1470.0,2881.0,7.0,5.0,6.0,2.0,,,2.0,0.0,Completed,1.6,2.25,1.63,2.39,1.67,2.44,1.62,2.28,,
WTA,2025,31,London,Wimbledon,2025-07-01,Grand Slam,Outdoor,Grass,1st Round,3,Bronzetti L.,Teichmann J.,63.0,93.0,1001.0,749.0,6.0,4.0,7.0,5.0,,,2.0,0.0,Completed,1.7,2.2,1.7,2.24,1.77,2.28,1.71,2.13,,
WTA,2025,31,London,Wimbledon,2025-07-01,Grand Slam,Outdoor,Grass,1st Round,3,McNally C.,Burrage J.,208.0,154.0,342.0,477.0,6.0,3.0,6.0,1.0,,,2.0,0.0,Completed,1.83,1.91,1.83,2.05,1.94,2.05,1.85,1.93,,
WTA,2025,31,London,Wimbledon,2025-07-01,Grand Slam,Outdoor,Grass,1st Round,3,Sakkari M.,Blinkova A.,77.0,78.0,854.0,853.0,6.0,4.0,6.0,4.0,,,2.0,0.0,Completed,1.73,2.1,1.71,2.23,1.74,2.32,1.69,2.16,,
WTA,2025,31,London,Wimbledon,2025-07-01,Grand Slam,Outdoor,Grass,1st Round,3,Swiatek I.,Kudermetova P.,4.0,64.0,4943.0,998.0,7.0,5.0,6.0,1.0,,,2.0,0.0,Completed,1.03,13.0,1.02,22.74,1.04,24.0,1.02,15.9,,
WTA,2025,31,London,Wimbledon,2025-07-01,Grand Slam,Outdoor,Grass,1st Round,3,Starodubtseva Y.,Jones F.,68.0,122.0,935.0,602.0,1.0,6.0,6.0,3.0,6.0,1.0,2.0,1.0,Completed,2.0,1.83,2.05,1.83,2.06,1.9,2.01,1.79,,
WTA,2025,31,London,Wimbledon,2025-07-01,Grand Slam,Outdoor,Grass,1st Round,3,Collins D.,Osorio M.,54.0,57.0,1062.0,1030.0,6.0,3.0,6.0,2.0,,,2.0,0.0,Completed,1.45,2.8,1.49,2.76,1.51,2.92,1.45,2.73,,
WTA,2025,31,London,Wimbledon,2025-07-01,Grand Slam,Outdoor,Grass,1st Round,3,Baptiste H.,Cirstea S.,55.0,168.0,1046.0,432.0,6.0,7.0,6.0,1.0,6.0,2.0,2.0,1.0,Completed,1.4,2.75,1.47,2.85,1.5,3.0,1.42,2.84,,
WTA,2025,31,London,Wimbledon,2025-07-01,Grand Slam,Outdoor,Grass,1st Round,3,Andreeva M.,Sherif M.,7.0,86.0,4743.0,778.0,6.0,3.0,6.0,3.0,,,2.0,0.0,Completed,1.05,10.0,1.07,10.98,1.08,12.0,1.05,10.14,,
WTA,2025,31,London,Wimbledon,2025-07-01,Grand Slam,Outdoor,Grass,1st Round,3,Mboko V.,Frech M.,97.0,24.0,727.0,1821.0,6.0,3.0,6.0,2.0,,,2.0,0.0,Completed,1.67,2.2,1.76,2.13,1.9,2.2,1.78,2.03,,
WTA,2025,31,London,Wimbledon,2025-07-01,Grand Slam,Outdoor,Grass,1st Round,3,Dolehide C.,Rus A.,67.0,94.0,937.0,747.0,6.0,2.0,6.0,2.0,,,2.0,0.0,Completed,1.33,3.4,1.37,3.31,1.38,3.55,1.33,3.32,,
WTA,2025,31,London,Wimbledon,2025-07-01,Grand Slam,Outdoor,Grass,1st Round,3,Navarro E.,Kvitova P.,10.0,572.0,3610.0,77.0,6.0,3.0,6.0,1.0,,,2.0,0.0,Completed,1.22,4.0,1.23,4.67,1.27,4.67,1.21,4.29,,
WTA,2025,31,London,Wimbledon,2025-07-01,Grand Slam,Outdoor,Grass,1st Round,3,Bouzas Maneiro J.,Seidel E.,62.0,109.0,1016.0,669.0,6.0,3.0,3.0,2.0,,,1.0,0.0,Retired,1.7,2.2,1.75,2.17,1.75,2.32,1.67,2.2,,
WTA,2025,31,London,Wimbledon,2025-07-01,Grand Slam,Outdoor,Grass,1st Round,3,Kudermetova V.,Zhu L.,46.0,307.0,1248.0,221.0,6.0,3.0,6.0,2.0,,,2.0,0.0,Completed,1.18,4.5,1.21,4.76,1.22,5.3,1.18,4.75,,
WTA,2025,31,London,Wimbledon,2025-07-01,Grand Slam,Outdoor,Grass,1st Round,3,Jacquemot E.,Linette M.,113.0,29.0,627.0,1594.0,6.0,7.0,6.0,1.0,6.0,4.0,2.0,1.0,Completed,2.2,1.67,2.25,1.69,2.36,1.72,2.26,1.63,,
WTA,2025,31,London,Wimbledon,2025-07-01,Grand Slam,Outdoor,Grass,1st Round,3,Kenin S.,Townsend T.,28.0,99.0,1618.0,722.0,7.0,6.0,6.0,2.0,,,2.0,0.0,Completed,1.4,2.8,1.47,2.85,1.52,2.88,1.45,2.71,,
WTA,2025,31,London,Wimbledon,2025-07-01,Grand Slam,Outdoor,Grass,1st Round,3,Zakharova A.,Azarenka V.,95.0,87.0,739.0,774.0,6.0,2.0,2.0,6.0,6.0,1.0,2.0,1.0,Completed,5.0,1.15,5.29,1.18,5.5,1.22,4.99,1.17,,
WTA,2025,31,London,Wimbledon,2025-07-01,Grand Slam,Outdoor,Grass,1st Round,3,Bencic B.,Parks A.,35.0,60.0,1410.0,1023.0,6.0,0.0,6.0,3.0,,,2.0,0.0,Completed,1.3,3.25,1.35,3.4,1.36,3.65,1.34,3.24,,
WTA,2025,31,London,Wimbledon,2025-07-01,Grand Slam,Outdoor,Grass,1st Round,3,Rybakina E.,Avanesyan E.,11.0,49.0,3456.0,1150.0,6.0,2.0,6.0,1.0,,,2.0,0.0,Completed,1.08,8.0,1.1,8.93,1.11,9.4,1.07,8.45,,
WTA,2025,31,London,Wimbledon,2025-07-01,Grand Slam,Outdoor,Grass,1st Round,3,Yastremska D.,Gauff C.,42.0,2.0,1306.0,7899.0,7.0,6.0,6.0,1.0,,,2.0,0.0,Completed,5.0,1.18,5.0,1.2,5.5,1.21,4.74,1.18,,
WTA,2025,31,London,Wimbledon,2025-07-02,Grand Slam,Outdoor,Grass,2nd Round,3,Kartal S.,Tomova V.,51.0,111.0,1147.0,633.0,6.0,2.0,6.0,2.0,,,2.0,0.0,Completed,1.33,3.4,1.34,3.52,1.34,3.8,1.29,3.57,,
WTA,2025,31,London,Wimbledon,2025-07-02,Grand Slam,Outdoor,Grass,2nd Round,3,Keys M.,Danilovic O.,8.0,37.0,4484.0,1382.0,6.0,4.0,6.0,2.0,,,2.0,0.0,Completed,1.25,4.0,1.27,4.16,1.28,4.5,1.23,4.1,,
WTA,2025,31,London,Wimbledon,2025-07-02,Grand Slam,Outdoor,Grass,2nd Round,3,Siegemund L.,Fernandez L.A.,104.0,38.0,704.0,1350.0,6.0,2.0,6.0,3.0,,,2.0,0.0,Completed,3.75,1.29,3.97,1.29,4.1,1.31,3.77,1.27,,
WTA,2025,31,London,Wimbledon,2025-07-02,Grand Slam,Outdoor,Grass,2nd Round,3,Sabalenka A.,Bouzkova M.,1.0,48.0,11640.0,1176.0,7.0,6.0,6.0,4.0,,,2.0,0.0,Completed,1.07,7.5,1.08,9.68,1.11,9.68,1.08,7.93,,
WTA,2025,31,London,Wimbledon,2025-07-02,Grand Slam,Outdoor,Grass,2nd Round,3,Bucsa C.,Vekic D.,102.0,25.0,713.0,1813.0,6.0,1.0,6.0,3.0,,,2.0,0.0,Completed,3.75,1.25,4.18,1.27,4.3,1.29,3.96,1.24,,
WTA,2025,31,London,Wimbledon,2025-07-02,Grand Slam,Outdoor,Grass,2nd Round,3,Mertens E.,Li A.,23.0,65.0,1936.0,974.0,6.0,7.0,6.0,1.0,6.0,2.0,2.0,1.0,Completed,1.25,4.0,1.26,4.31,1.28,4.4,1.24,4.03,,
WTA,2025,31,London,Wimbledon,2025-07-02,Grand Slam,Outdoor,Grass,2nd Round,3,Galfi D.,Haddad Maia B.,110.0,20.0,637.0,2189.0,7.0,6.0,6.0,1.0,,,2.0,0.0,Completed,3.0,1.36,3.28,1.38,3.4,1.4,3.18,1.35,,
WTA,2025,31,London,Wimbledon,2025-07-02,Grand Slam,Outdoor,Grass,2nd Round,3,Sierra S.,Boulter K.,101.0,43.0,714.0,1278.0,6.0,7.0,6.0,2.0,6.0,1.0,2.0,1.0,Completed,5.0,1.18,5.32,1.19,5.32,1.22,4.73,1.19,,
WTA,2025,31,London,Wimbledon,2025-07-02,Grand Slam,Outdoor,Grass,2nd Round,3,Noskova L.,Lys E.,27.0,61.0,1697.0,1020.0,6.0,2.0,2.0,6.0,6.0,3.0,2.0,1.0,Completed,1.18,5.0,1.19,5.25,1.21,5.5,1.18,4.86,,
WTA,2025,31,London,Wimbledon,2025-07-02,Grand Slam,Outdoor,Grass,2nd Round,3,Anisimova A.,Zarazua R.,12.0,71.0,3200.0,886.0,6.0,4.0,6.0,3.0,,,2.0,0.0,Completed,1.1,7.5,1.11,8.22,1.11,9.4,1.09,7.54,,
WTA,2025,31,London,Wimbledon,2025-07-02,Grand Slam,Outdoor,Grass,2nd Round,3,Parry D.,Shnaider D.,118.0,15.0,612.0,2776.0,6.0,4.0,6.0,1.0,,,2.0,0.0,Completed,3.75,1.29,3.99,1.28,4.1,1.3,3.76,1.27,,
WTA,2025,31,London,Wimbledon,2025-07-02,Grand Slam,Outdoor,Grass,2nd Round,3,Osaka N.,Siniakova K.,53.0,81.0,1094.0,819.0,6.0,3.0,6.0,2.0,,,2.0,0.0,Completed,1.91,1.91,1.98,1.91,1.99,2.0,1.89,1.91,,
WTA,2025,31,London,Wimbledon,2025-07-02,Grand Slam,Outdoor,Grass,2nd Round,3,Rakhimova K.,Paolini J.,80.0,5.0,831.0,4806.0,4.0,6.0,6.0,4.0,6.0,4.0,2.0,1.0,Completed,5.0,1.18,5.28,1.19,5.6,1.21,4.97,1.18,,
WTA,2025,31,London,Wimbledon,2025-07-02,Grand Slam,Outdoor,Grass,2nd Round,3,Raducanu E.,Vondrousova M.,40.0,73.0,1321.0,883.0,6.0,3.0,6.0,3.0,,,2.0,0.0,Completed,2.5,1.5,2.71,1.52,2.76,1.56,2.57,1.5,,
WTA,2025,31,London,Wimbledon,2025-07-02,Grand Slam,Outdoor,Grass,2nd Round,3,Svitolina E.,Sasnovich A.,13.0,107.0,3094.0,688.0,6.0,2.0,6.0,4.0,,,2.0,0.0,Completed,1.15,5.5,1.17,5.86,1.17,6.8,1.13,5.86,,
WTA,2025,31,London,Wimbledon,2025-07-02,Grand Slam,Outdoor,Grass,2nd Round,3,Pavlyuchenkova A.,Krueger A.,50.0,31.0,1149.0,1484.0,7.0,6.0,6.0,4.0,,,2.0,0.0,Completed,1.8,2.0,1.83,2.06,1.85,2.16,1.77,2.03,,
WTA,2025,31,London,Wimbledon,2025-07-03,Grand Slam,Outdoor,Grass,2nd Round,3,Navarro E.,Kudermetova V.,10.0,46.0,3610.0,1248.0,6.0,1.0,6.0,2.0,,,2.0,0.0,Completed,1.5,2.5,1.56,2.59,1.56,2.74,1.52,2.52,,
WTA,2025,31,London,Wimbledon,2025-07-03,Grand Slam,Outdoor,Grass,2nd Round,3,Sonmez Z.,Wang Xin.,88.0,32.0,772.0,1470.0,7.0,5.0,7.0,5.0,,,2.0,0.0,Completed,6.0,1.13,6.58,1.14,7.2,1.17,5.66,1.14,,
WTA,2025,31,London,Wimbledon,2025-07-03,Grand Slam,Outdoor,Grass,2nd Round,3,Cocciaretto E.,Volynets K.,116.0,98.0,615.0,724.0,6.0,0.0,6.0,4.0,,,2.0,0.0,Completed,1.45,2.63,1.52,2.7,1.54,2.85,1.46,2.69,,
WTA,2025,31,London,Wimbledon,2025-07-03,Grand Slam,Outdoor,Grass,2nd Round,3,Andreeva M.,Bronzetti L.,7.0,63.0,4743.0,1001.0,6.0,1.0,7.0,6.0,,,2.0,0.0,Completed,1.1,7.0,1.09,8.91,1.11,9.6,1.08,8.22,,
WTA,2025,31,London,Wimbledon,2025-07-03,Grand Slam,Outdoor,Grass,2nd Round,3,Baptiste H.,Mboko V.,55.0,97.0,1046.0,727.0,7.0,6.0,6.0,3.0,,,2.0,0.0,Completed,2.05,1.73,2.16,1.77,2.2,1.8,2.11,1.72,,
WTA,2025,31,London,Wimbledon,2025-07-03,Grand Slam,Outdoor,Grass,2nd Round,3,Collins D.,Erjavec V.,54.0,171.0,1062.0,423.0,6.0,4.0,6.0,1.0,,,2.0,0.0,Completed,1.14,5.0,1.2,5.1,1.2,5.8,1.15,5.32,,
WTA,2025,31,London,Wimbledon,2025-07-03,Grand Slam,Outdoor,Grass,2nd Round,3,Rybakina E.,Sakkari M.,11.0,77.0,3456.0,854.0,6.0,3.0,6.0,1.0,,,2.0,0.0,Completed,1.18,5.0,1.19,5.41,1.22,5.5,1.17,5.02,,
WTA,2025,31,London,Wimbledon,2025-07-03,Grand Slam,Outdoor,Grass,2nd Round,3,Bencic B.,Jacquemot E.,35.0,113.0,1410.0,627.0,4.0,6.0,6.0,1.0,6.0,2.0,2.0,1.0,Completed,1.3,3.6,1.31,3.75,1.33,3.9,1.31,3.48,,
WTA,2025,31,London,Wimbledon,2025-07-03,Grand Slam,Outdoor,Grass,2nd Round,3,Alexandrova E.,Lamens S.,17.0,69.0,2426.0,922.0,6.0,4.0,6.0,0.0,,,2.0,0.0,Completed,1.13,6.0,1.13,6.96,1.14,7.8,1.11,6.57,,
WTA,2025,31,London,Wimbledon,2025-07-03,Grand Slam,Outdoor,Grass,2nd Round,3,Krejcikova B.,Dolehide C.,16.0,67.0,2724.0,937.0,6.0,4.0,3.0,6.0,6.0,2.0,2.0,1.0,Completed,1.36,3.1,1.41,3.13,1.41,3.4,1.35,3.19,,
WTA,2025,31,London,Wimbledon,2025-07-03,Grand Slam,Outdoor,Grass,2nd Round,3,Yastremska D.,Zakharova A.,42.0,95.0,1306.0,739.0,5.0,7.0,7.0,5.0,7.0,6.0,2.0,1.0,Completed,1.25,4.0,1.28,3.99,1.29,4.3,1.24,4.07,,
WTA,2025,31,London,Wimbledon,2025-07-03,Grand Slam,Outdoor,Grass,2nd Round,3,Swiatek I.,McNally C.,4.0,208.0,4943.0,342.0,5.0,7.0,6.0,2.0,6.0,1.0,2.0,1.0,Completed,1.06,9.0,1.07,11.35,1.08,12.5,1.05,10.81,,
WTA,2025,31,London,Wimbledon,2025-07-03,Grand Slam,Outdoor,Grass,2nd Round,3,Samsonova L.,Starodubtseva Y.,19.0,68.0,2276.0,935.0,6.0,2.0,6.0,1.0,,,2.0,0.0,Completed,1.2,4.5,1.21,4.92,1.22,5.4,1.19,4.73,,
WTA,2025,31,London,Wimbledon,2025-07-03,Grand Slam,Outdoor,Grass,2nd Round,3,Bouzas Maneiro J.,Kenin S.,62.0,28.0,1016.0,1618.0,6.0,1.0,7.0,6.0,,,2.0,0.0,Completed,3.2,1.36,3.3,1.38,3.35,1.41,3.13,1.36,,
WTA,2025,31,London,Wimbledon,2025-07-03,Grand Slam,Outdoor,Grass,2nd Round,3,Tauson C.,Kalinskaya A.,22.0,39.0,2062.0,1342.0,6.0,3.0,7.0,6.0,,,2.0,0.0,Completed,1.73,2.1,1.75,2.19,1.8,2.22,1.74,2.08,,
WTA,2025,31,London,Wimbledon,2025-07-03,Grand Slam,Outdoor,Grass,2nd Round,3,Kasatkina D.,Begu I.,18.0,115.0,2361.0,621.0,6.0,2.0,4.0,6.0,6.0,1.0,2.0,1.0,Completed,1.25,4.0,1.27,4.1,1.28,4.4,1.23,4.1,,
WTA,2025,31,London,Wimbledon,2025-07-04,Grand Slam,Outdoor,Grass,3rd Round,3,Anisimova A.,Galfi D.,12.0,110.0,3200.0,637.0,6.0,3.0,5.0,7.0,6.0,3.0,2.0,1.0,Completed,1.15,5.5,1.18,5.74,1.19,6.0,1.16,5.28,,
WTA,2025,31,London,Wimbledon,2025-07-04,Grand Slam,Outdoor,Grass,3rd Round,3,Sierra S.,Bucsa C.,101.0,102.0,714.0,713.0,7.0,5.0,1.0,6.0,6.0,1.0,2.0,1.0,Completed,2.1,1.67,2.35,1.67,2.36,1.72,2.22,1.65,,
WTA,2025,31,London,Wimbledon,2025-07-04,Grand Slam,Outdoor,Grass,3rd Round,3,Pavlyuchenkova A.,Osaka N.,50.0,53.0,1149.0,1094.0,3.0,6.0,6.0,4.0,6.0,4.0,2.0,1.0,Completed,2.9,1.4,3.05,1.43,3.05,1.5,2.81,1.43,,
WTA,2025,31,London,Wimbledon,2025-07-04,Grand Slam,Outdoor,Grass,3rd Round,3,Kartal S.,Parry D.,51.0,118.0,1147.0,612.0,6.0,4.0,6.0,2.0,,,2.0,0.0,Completed,1.6,2.38,1.62,2.45,1.64,2.48,1.58,2.36,,
WTA,2025,31,London,Wimbledon,2025-07-04,Grand Slam,Outdoor,Grass,3rd Round,3,Noskova L.,Rakhimova K.,27.0,80.0,1697.0,831.0,7.0,6.0,7.0,5.0,,,2.0,0.0,Completed,1.25,4.0,1.27,4.2,1.29,4.5,1.25,3.97,,
WTA,2025,31,London,Wimbledon,2025-07-04,Grand Slam,Outdoor,Grass,3rd Round,3,Siegemund L.,Keys M.,104.0,8.0,704.0,4484.0,6.0,3.0,6.0,3.0,,,2.0,0.0,Completed,5.0,1.14,6.13,1.16,6.6,1.17,5.54,1.14,,
WTA,2025,31,London,Wimbledon,2025-07-04,Grand Slam,Outdoor,Grass,3rd Round,3,Mertens E.,Svitolina E.,23.0,13.0,1936.0,3094.0,6.0,1.0,7.0,6.0,,,2.0,0.0,Completed,2.3,1.57,2.43,1.63,2.52,1.63,2.35,1.58,,
WTA,2025,31,London,Wimbledon,2025-07-04,Grand Slam,Outdoor,Grass,3rd Round,3,Sabalenka A.,Raducanu E.,1.0,40.0,11640.0,1321.0,7.0,6.0,6.0,4.0,,,2.0,0.0,Completed,1.25,3.75,1.27,4.23,1.28,4.4,1.25,3.91,,
WTA,2025,31,London,Wimbledon,2025-07-05,Grand Slam,Outdoor,Grass,3rd Round,3,Samsonova L.,Kasatkina D.,19.0,18.0,2276.0,2361.0,6.0,2.0,6.0,3.0,,,2.0,0.0,Completed,1.45,2.8,1.52,2.73,1.52,2.94,1.45,2.74,,
WTA,2025,31,London,Wimbledon,2025-07-05,Grand Slam,Outdoor,Grass,3rd Round,3,Bencic B.,Cocciaretto E.,35.0,116.0,1410.0,615.0,6.0,4.0,3.0,6.0,7.0,6.0,2.0,1.0,Completed,1.53,2.5,1.52,2.74,1.57,2.8,1.54,2.46,,
WTA,2025,31,London,Wimbledon,2025-07-05,Grand Slam,Outdoor,Grass,3rd Round,3,Bouzas Maneiro J.,Yastremska D.,62.0,42.0,1016.0,1306.0,6.0,1.0,2.0,6.0,6.0,3.0,2.0,1.0,Completed,2.6,1.45,2.85,1.49,2.86,1.53,2.68,1.46,,
WTA,2025,31,London,Wimbledon,2025-07-05,Grand Slam,Outdoor,Grass,3rd Round,3,Tauson C.,Rybakina E.,22.0,11.0,2062.0,3456.0,7.0,6.0,6.0,3.0,,,2.0,0.0,Completed,4.75,1.2,5.08,1.21,5.2,1.23,4.46,1.21,,
WTA,2025,31,London,Wimbledon,2025-07-05,Grand Slam,Outdoor,Grass,3rd Round,3,Andreeva M.,Baptiste H.,7.0,55.0,4743.0,1046.0,6.0,1.0,6.0,3.0,,,2.0,0.0,Completed,1.3,3.5,1.31,3.87,1.34,3.9,1.3,3.54,,
WTA,2025,31,London,Wimbledon,2025-07-05,Grand Slam,Outdoor,Grass,3rd Round,3,Navarro E.,Krejcikova B.,10.0,16.0,3610.0,2724.0,2.0,6.0,6.0,3.0,6.0,4.0,2.0,1.0,Completed,1.45,2.8,1.53,2.71,1.53,2.92,1.45,2.72,,
WTA,2025,31,London,Wimbledon,2025-07-05,Grand Slam,Outdoor,Grass,3rd Round,3,Alexandrova E.,Sonmez Z.,17.0,88.0,2426.0,772.0,6.0,3.0,7.0,6.0,,,2.0,0.0,Completed,1.1,6.0,1.13,7.35,1.14,7.8,1.11,6.46,,
WTA,2025,31,London,Wimbledon,2025-07-05,Grand Slam,Outdoor,Grass,3rd Round,3,Swiatek I.,Collins D.,4.0,54.0,4943.0,1062.0,6.0,2.0,6.0,3.0,,,2.0,0.0,Completed,1.4,3.0,1.41,3.17,1.42,3.3,1.38,3.03,,
WTA,2025,31,London,Wimbledon,2025-07-06,Grand Slam,Outdoor,Grass,4th Round,3,Siegemund L.,Sierra S.,104.0,101.0,704.0,714.0,6.0,3.0,6.0,2.0,,,2.0,0.0,Completed,1.5,2.5,1.57,2.57,1.63,2.57,1.56,2.4,,
WTA,2025,31,London,Wimbledon,2025-07-06,Grand Slam,Outdoor,Grass,4th Round,3,Pavlyuchenkova A.,Kartal S.,50.0,51.0,1149.0,1147.0,7.0,6.0,6.0,4.0,,,2.0,0.0,Completed,2.0,1.83,1.99,1.91,2.02,1.96,1.94,1.85,,
WTA,2025,31,London,Wimbledon,2025-07-06,Grand Slam,Outdoor,Grass,4th Round,3,Sabalenka A.,Mertens E.,1.0,23.0,11640.0,1936.0,6.0,4.0,7.0,6.0,,,2.0,0.0,Completed,1.2,4.5,1.24,4.53,1.25,4.8,1.21,4.36,,
WTA,2025,31,London,Wimbledon,2025-07-06,Grand Slam,Outdoor,Grass,4th Round,3,Anisimova A.,Noskova L.,12.0,27.0,3200.0,1697.0,6.0,2.0,5.0,7.0,6.0,4.0,2.0,1.0,Completed,1.67,2.1,1.74,2.22,1.77,2.26,1.67,2.18,,
WTA,2025,31,London,Wimbledon,2025-07-07,Grand Slam,Outdoor,Grass,4th Round,3,Bencic B.,Alexandrova E.,35.0,17.0,1410.0,2426.0,7.0,6.0,6.0,4.0,,,2.0,0.0,Completed,2.6,1.5,2.73,1.52,2.8,1.55,2.63,1.48,,
WTA,2025,31,London,Wimbledon,2025-07-07,Grand Slam,Outdoor,Grass,4th Round,3,Samsonova L.,Bouzas Maneiro J.,19.0,62.0,2276.0,1016.0,7.0,5.0,7.0,5.0,,,2.0,0.0,Completed,1.22,4.33,1.24,4.58,1.25,4.9,1.21,4.34,,
WTA,2025,31,London,Wimbledon,2025-07-07,Grand Slam,Outdoor,Grass,4th Round,3,Andreeva M.,Navarro E.,7.0,10.0,4743.0,3610.0,6.0,2.0,6.0,3.0,,,2.0,0.0,Completed,1.57,2.4,1.61,2.48,1.65,2.52,1.57,2.38,,
WTA,2025,31,London,Wimbledon,2025-07-07,Grand Slam,Outdoor,Grass,4th Round,3,Swiatek I.,Tauson C.,4.0,22.0,4943.0,2062.0,6.0,4.0,6.0,1.0,,,2.0,0.0,Completed,1.3,3.6,1.33,3.64,1.34,3.85,1.3,3.53,,
WTA,2025,31,London,Wimbledon,2025-07-08,Grand Slam,Outdoor,Grass,Quarterfinals,3,Sabalenka A.,Siegemund L.,1.0,104.0,11640.0,704.0,4.0,6.0,6.0,2.0,6.0,4.0,2.0,1.0,Completed,1.08,8.0,1.09,9.51,1.09,13.0,1.07,9.0,,
WTA,2025,31,London,Wimbledon,2025-07-08,Grand Slam,Outdoor,Grass,Quarterfinals,3,Anisimova A.,Pavlyuchenkova A.,12.0,50.0,3200.0,1149.0,6.0,1.0,7.0,6.0,,,2.0,0.0,Completed,1.36,3.2,1.39,3.27,1.41,3.35,1.38,3.05,,
WTA,2025,31,London,Wimbledon,2025-07-09,Grand Slam,Outdoor,Grass,Quarterfinals,3,Swiatek I.,Samsonova L.,4.0,19.0,4943.0,2276.0,6.0,2.0,7.0,5.0,,,2.0,0.0,Completed,1.33,3.2,1.35,3.53,1.36,3.65,1.33,3.33,,
WTA,2025,31,London,Wimbledon,2025-07-09,Grand Slam,Outdoor,Grass,Quarterfinals,3,Bencic B.,Andreeva M.,35.0,7.0,1410.0,4743.0,7.0,6.0,7.0,6.0,,,2.0,0.0,Completed,2.63,1.44,2.87,1.48,2.9,1.52,2.7,1.46,,
WTA,2025,31,London,Wimbledon,2025-07-10,Grand Slam,Outdoor,Grass,Semifinals,3,Anisimova A.,Sabalenka A.,12.0,1.0,3200.0,11640.0,6.0,4.0,4.0,6.0,6.0,4.0,2.0,1.0,Completed,3.25,1.33,3.44,1.36,3.55,1.38,3.24,1.34,,
WTA,2025,31,London,Wimbledon,2025-07-10,Grand Slam,Outdoor,Grass,Semifinals,3,Swiatek I.,Bencic B.,4.0,35.0,4943.0,1410.0,6.0,2.0,6.0,0.0,,,2.0,0.0,Completed,1.25,3.75,1.27,4.26,1.32,4.26,1.27,3.73,,
WTA,2025,31,London,Wimbledon,2025-07-12,Grand Slam,Outdoor,Grass,The Final,3,Swiatek I.,Anisimova A.,4.0,12.0,4943.0,3200.0,6.0,0.0,6.0,0.0,,,2.0,0.0,Completed,1.33,3.4,1.34,3.6,1.36,3.6,1.34,3.24,,
WTA,2025,40,New York,US Open,2025-08-24,Grand Slam,Outdoor,Hard,1st Round,3,Valentova T.,Bronzetti L.,96.0,57.0,793.0,1068.0,6.0,3.0,3.0,6.0,6.0,4.0,2.0,1.0,Completed,1.2,4.5,1.25,4.33,1.23,4.5,1.21,4.28,1.26,4.6
WTA,2025,40,New York,US Open,2025-08-24,Grand Slam,Outdoor,Hard,1st Round,3,Kessler M.,Linette M.,41.0,37.0,1310.0,1404.0,7.0,5.0,7.0,5.0,,,2.0,0.0,Completed,1.5,2.63,1.54,2.63,1.55,2.63,1.51,2.52,1.56,2.74
WTA,2025,40,New York,US Open,2025-08-24,Grand Slam,Outdoor,Hard,1st Round,3,Kudermetova P.,Parrizas Diaz N.,67.0,133.0,963.0,556.0,2.0,2.0,,,,,0.0,0.0,Retired,1.67,2.2,1.63,2.4,1.7,2.35,1.64,2.22,1.68,2.42
WTA,2025,40,New York,US Open,2025-08-24,Grand Slam,Outdoor,Hard,1st Round,3,Raducanu E.,Shibahara E.,36.0,128.0,1426.0,576.0,6.0,1.0,6.0,2.0,,,2.0,0.0,Completed,1.11,6.5,1.12,7.28,1.13,7.5,1.11,6.66,1.13,8.2
WTA,2025,40,New York,US Open,2025-08-24,Grand Slam,Outdoor,Hard,1st Round,3,Vondrousova M.,Selekhmeteva O.,60.0,163.0,1013.0,437.0,6.0,3.0,7.0,6.0,,,2.0,0.0,Completed,1.17,5.0,1.19,5.17,1.18,6.0,1.17,4.94,1.19,6.2
WTA,2025,40,New York,US Open,2025-08-24,Grand Slam,Outdoor,Hard,1st Round,3,Fernandez L.A.,Marino R.,30.0,117.0,1564.0,622.0,6.0,2.0,6.0,1.0,,,2.0,0.0,Completed,1.17,5.0,1.18,5.55,1.2,5.5,1.18,4.82,1.21,5.7
WTA,2025,40,New York,US Open,2025-08-24,Grand Slam,Outdoor,Hard,1st Round,3,Tjen J.,Kudermetova V.,149.0,25.0,480.0,1763.0,6.0,4.0,4.0,6.0,6.0,4.0,2.0,1.0,Completed,2.75,1.44,2.94,1.45,3.0,1.46,2.73,1.44,,
WTA,2025,40,New York,US Open,2025-08-24,Grand Slam,Outdoor,Hard,1st Round,3,Uchijima M.,Danilovic O.,94.0,39.0,807.0,1320.0,7.0,6.0,4.0,6.0,7.0,6.0,2.0,1.0,Completed,3.4,1.33,3.6,1.33,3.5,1.35,3.33,1.32,3.7,1.36
WTA,2025,40,New York,US Open,2025-08-24,Grand Slam,Outdoor,Hard,1st Round,3,Eala A.,Tauson C.,75.0,14.0,904.0,2781.0,6.0,3.0,2.0,6.0,7.0,6.0,2.0,1.0,Completed,3.2,1.36,3.4,1.36,3.4,1.4,3.14,1.35,3.5,1.39
WTA,2025,40,New York,US Open,2025-08-24,Grand Slam,Outdoor,Hard,1st Round,3,Sabalenka A.,Masarova R.,1.0,108.0,11225.0,686.0,7.0,5.0,6.0,1.0,,,2.0,0.0,Completed,1.02,19.0,,,1.03,21.0,1.02,15.9,1.04,22.0
WTA,2025,40,New York,US Open,2025-08-24,Grand Slam,Outdoor,Hard,1st Round,3,McNally C.,Teichmann J.,101.0,87.0,735.0,863.0,6.0,2.0,6.0,2.0,,,2.0,0.0,Completed,1.2,4.5,1.22,4.76,1.26,4.5,1.23,4.14,1.27,4.5
WTA,2025,40,New York,US Open,2025-08-24,Grand Slam,Outdoor,Hard,1st Round,3,Ostapenko J.,Wang Xiy.,26.0,147.0,1720.0,480.0,6.0,4.0,6.0,3.0,,,2.0,0.0,Completed,1.5,2.63,1.58,2.53,1.52,2.63,1.5,2.56,1.58,2.72
WTA,2025,40,New York,US Open,2025-08-24,Grand Slam,Outdoor,Hard,1st Round,3,Sun L.,Osorio M.,164.0,63.0,435.0,979.0,6.0,4.0,2.0,6.0,6.0,0.0,2.0,1.0,Completed,1.67,2.2,1.69,2.29,1.67,2.25,1.65,2.2,1.76,2.3
WTA,2025,40,New York,US Open,2025-08-24,Grand Slam,Outdoor,Hard,1st Round,3,Navarro E.,Wang Y.,11.0,170.0,2960.0,411.0,7.0,6.0,6.0,3.0,,,2.0,0.0,Completed,1.29,3.75,1.27,4.1,1.3,3.75,1.29,3.6,1.29,4.2
WTA,2025,40,New York,US Open,2025-08-24,Grand Slam,Outdoor,Hard,1st Round,3,Potapova A.,Zhu L.,53.0,302.0,1136.0,232.0,6.0,4.0,4.0,6.0,6.0,2.0,2.0,1.0,Completed,1.5,2.63,1.59,2.51,1.56,2.63,1.52,2.5,1.58,2.68
WTA,2025,40,New York,US Open,2025-08-24,Grand Slam,Outdoor,Hard,1st Round,3,Bencic B.,Zhang S.,19.0,113.0,2265.0,652.0,6.0,3.0,6.0,3.0,,,2.0,0.0,Completed,1.3,3.5,1.35,3.44,1.33,3.55,1.32,3.34,1.38,3.5
WTA,2025,40,New York,US Open,2025-08-24,Grand Slam,Outdoor,Hard,1st Round,3,Blinkova A.,Starodubtseva Y.,80.0,68.0,878.0,941.0,6.0,3.0,6.0,1.0,,,2.0,0.0,Completed,1.8,2.0,1.88,2.0,1.83,2.02,1.81,1.97,1.92,2.08
WTA,2025,40,New York,US Open,2025-08-25,Grand Slam,Outdoor,Hard,1st Round,3,Paolini J.,Aiava D.,8.0,166.0,4116.0,431.0,6.0,2.0,7.0,6.0,,,2.0,0.0,Completed,1.08,8.0,1.08,9.95,1.08,10.0,1.07,8.12,1.08,12.0
WTA,2025,40,New York,US Open,2025-08-25,Grand Slam,Outdoor,Hard,1st Round,3,Azarenka V.,Inoue H.,132.0,215.0,556.0,325.0,7.0,6.0,6.0,4.0,,,2.0,0.0,Completed,1.2,4.5,1.22,4.74,1.24,15.0,1.2,4.96,1.25,4.8
WTA,2025,40,New York,US Open,2025-08-25,Grand Slam,Outdoor,Hard,1st Round,3,Pegula J.,Sherif M.,4.0,102.0,4903.0,734.0,6.0,0.0,6.0,4.0,,,2.0,0.0,Completed,1.04,13.0,,,1.04,14.0,1.03,11.91,1.04,23.0
WTA,2025,40,New York,US Open,2025-08-25,Grand Slam,Outdoor,Hard,1st Round,3,Putintseva Y.,Cocciaretto E.,55.0,85.0,1125.0,870.0,6.0,4.0,7.0,6.0,,,2.0,0.0,Completed,2.2,1.67,2.32,1.67,2.28,1.75,2.19,1.66,2.44,1.68
WTA,2025,40,New York,US Open,2025-08-25,Grand Slam,Outdoor,Hard,1st Round,3,Parry D.,Kvitova P.,107.0,543.0,704.0,87.0,6.0,1.0,6.0,0.0,,,2.0,0.0,Completed,1.44,2.75,1.47,2.85,1.5,2.9,1.44,2.74,1.46,3.1
WTA,2025,40,New York,US Open,2025-08-25,Grand Slam,Outdoor,Hard,1st Round,3,Samsonova L.,Yuan Y.,20.0,100.0,2219.0,735.0,2.0,6.0,6.0,4.0,6.0,4.0,2.0,1.0,Completed,1.22,4.33,1.25,4.38,1.25,4.33,1.23,4.07,1.27,4.6
WTA,2025,40,New York,US Open,2025-08-25,Grand Slam,Outdoor,Hard,1st Round,3,Hon P.,Jeanjean L.,126.0,93.0,578.0,814.0,6.0,3.0,7.0,5.0,,,2.0,0.0,Completed,1.8,2.0,1.94,1.94,1.91,2.0,1.82,1.95,1.89,2.1
WTA,2025,40,New York,US Open,2025-08-25,Grand Slam,Outdoor,Hard,1st Round,3,Krejcikova B.,Mboko V.,62.0,23.0,984.0,1834.0,6.0,3.0,6.0,2.0,,,2.0,0.0,Completed,2.75,1.44,2.82,1.48,2.75,1.48,2.67,1.46,2.8,1.54
WTA,2025,40,New York,US Open,2025-08-25,Grand Slam,Outdoor,Hard,1st Round,3,Pavlyuchenkova A.,Yastremska D.,45.0,31.0,1245.0,1559.0,6.0,7.0,7.0,6.0,6.0,4.0,2.0,1.0,Completed,2.38,1.57,2.41,1.63,2.4,1.63,2.35,1.58,2.58,1.62
WTA,2025,40,New York,US Open,2025-08-25,Grand Slam,Outdoor,Hard,1st Round,3,Zarazua R.,Keys M.,82.0,6.0,871.0,4699.0,6.0,7.0,7.0,6.0,7.0,5.0,2.0,1.0,Completed,9.0,1.07,9.72,1.08,9.0,1.08,8.3,1.07,10.0,1.1
WTA,2025,40,New York,US Open,2025-08-25,Grand Slam,Outdoor,Hard,1st Round,3,Mertens E.,Ahn A.,21.0,714.0,2129.0,50.0,6.0,1.0,6.0,0.0,,,2.0,0.0,Completed,1.04,13.0,1.05,14.83,1.05,13.0,1.04,11.07,1.08,11.5
WTA,2025,40,New York,US Open,2025-08-25,Grand Slam,Outdoor,Hard,1st Round,3,Townsend T.,Ruzic A.,139.0,69.0,505.0,940.0,6.0,4.0,6.0,4.0,,,2.0,0.0,Completed,1.57,2.38,1.65,2.38,1.61,2.4,1.57,2.36,1.61,2.6
WTA,2025,40,New York,US Open,2025-08-25,Grand Slam,Outdoor,Hard,1st Round,3,Jovic I.,Sasnovich A.,73.0,119.0,914.0,610.0,7.0,6.0,6.0,3.0,,,2.0,0.0,Completed,1.3,3.5,1.28,4.04,1.32,3.85,1.29,3.58,1.34,3.85
WTA,2025,40,New York,US Open,2025-08-25,Grand Slam,Outdoor,Hard,1st Round,3,Kalinskaya A.,Ngounoue C.,29.0,178.0,1582.0,399.0,6.0,0.0,5.0,7.0,6.0,4.0,2.0,1.0,Completed,1.25,4.0,1.27,4.15,1.27,4.33,1.24,3.98,1.26,4.7
WTA,2025,40,New York,US Open,2025-08-25,Grand Slam,Outdoor,Hard,1st Round,3,Rybakina E.,Pareja J.,10.0,335.0,3663.0,188.0,6.0,3.0,6.0,0.0,,,2.0,0.0,Completed,1.04,13.0,,,1.04,13.0,1.03,11.83,1.03,28.0
WTA,2025,40,New York,US Open,2025-08-25,Grand Slam,Outdoor,Hard,1st Round,3,Bucsa C.,Liu C.,95.0,371.0,795.0,156.0,6.0,2.0,6.0,1.0,,,2.0,0.0,Completed,1.62,2.3,1.65,2.36,1.63,2.35,1.59,2.31,1.62,2.58
WTA,2025,40,New York,US Open,2025-08-25,Grand Slam,Outdoor,Hard,1st Round,3,Rakhimova K.,Garcia C.,65.0,174.0,966.0,406.0,6.0,4.0,4.0,6.0,6.0,3.0,2.0,1.0,Completed,1.73,2.1,1.72,2.24,1.84,2.1,1.75,2.06,1.87,2.06
WTA,2025,40,New York,US Open,2025-08-25,Grand Slam,Outdoor,Hard,1st Round,3,Kasatkina D.,Ruse E.G.,18.0,70.0,2361.0,939.0,7.0,5.0,6.0,1.0,,,2.0,0.0,Completed,1.53,2.5,1.63,2.4,1.72,2.5,1.58,2.35,1.6,2.6
WTA,2025,40,New York,US Open,2025-08-25,Grand Slam,Outdoor,Hard,1st Round,3,Li A.,Sramkova R.,58.0,35.0,1054.0,1440.0,4.0,6.0,6.0,2.0,6.0,4.0,2.0,1.0,Completed,1.8,2.0,1.81,2.09,1.82,2.1,1.76,2.03,1.8,2.22
WTA,2025,40,New York,US Open,2025-08-25,Grand Slam,Outdoor,Hard,1st Round,3,Sakkari M.,Maria T.,64.0,42.0,971.0,1307.0,6.0,3.0,6.0,2.0,,,2.0,0.0,Completed,1.25,4.0,1.28,3.99,1.3,4.0,1.26,3.81,1.29,4.3
WTA,2025,40,New York,US Open,2025-08-25,Grand Slam,Outdoor,Hard,1st Round,3,Jacquemot E.,Bouzkova M.,91.0,44.0,823.0,1287.0,6.0,4.0,6.0,3.0,,,2.0,0.0,Completed,3.2,1.36,3.07,1.42,3.2,1.4,3.06,1.37,3.4,1.4
WTA,2025,40,New York,US Open,2025-08-25,Grand Slam,Outdoor,Hard,1st Round,3,Frech M.,Gibson T.,33.0,105.0,1528.0,722.0,6.0,2.0,6.0,2.0,,,2.0,0.0,Completed,1.67,2.2,1.76,2.17,1.8,2.2,1.71,2.11,1.78,2.26
WTA,2025,40,New York,US Open,2025-08-25,Grand Slam,Outdoor,Hard,1st Round,3,Bondar A.,Svitolina E.,97.0,15.0,779.0,2726.0,6.0,2.0,6.0,4.0,,,2.0,0.0,Completed,8.0,1.08,10.22,1.08,9.0,1.09,8.5,1.07,12.0,1.08
WTA,2025,40,New York,US Open,2025-08-26,Grand Slam,Outdoor,Hard,1st Round,3,Sonmez Z.,Volynets K.,81.0,109.0,874.0,684.0,6.0,3.0,6.0,4.0,,,2.0,0.0,Completed,2.5,1.53,2.43,1.62,2.5,1.6,2.38,1.56,2.5,1.65
WTA,2025,40,New York,US Open,2025-08-26,Grand Slam,Outdoor,Hard,1st Round,3,Stearns P.,Semenistaja D.,54.0,115.0,1127.0,630.0,7.0,5.0,6.0,0.0,,,2.0,0.0,Completed,1.3,3.5,1.32,3.65,1.3,3.66,1.29,3.52,1.35,3.75
WTA,2025,40,New York,US Open,2025-08-26,Grand Slam,Outdoor,Hard,1st Round,3,Muchova K.,Williams V.,13.0,602.0,2838.0,70.0,6.0,3.0,2.0,6.0,6.0,1.0,2.0,1.0,Completed,1.06,10.0,1.09,9.65,1.08,10.5,1.06,9.14,1.08,12.0
WTA,2025,40,New York,US Open,2025-08-26,Grand Slam,Outdoor,Hard,1st Round,3,Andreeva M.,Parks A.,5.0,56.0,4733.0,1080.0,6.0,0.0,6.0,1.0,,,2.0,0.0,Completed,1.17,5.0,1.19,5.36,1.19,5.5,1.16,5.07,1.19,6.0
WTA,2025,40,New York,US Open,2025-08-26,Grand Slam,Outdoor,Hard,1st Round,3,Joint M.,Jimenez Kasintseva V.,43.0,130.0,1301.0,561.0,6.0,4.0,7.0,6.0,,,2.0,0.0,Completed,1.22,4.33,1.26,4.23,1.25,4.6,1.22,4.22,1.27,4.5
WTA,2025,40,New York,US Open,2025-08-26,Grand Slam,Outdoor,Hard,1st Round,3,Kostyuk M.,Boulter K.,28.0,48.0,1656.0,1168.0,6.0,4.0,6.0,4.0,,,2.0,0.0,Completed,1.5,2.63,1.55,2.61,1.54,2.63,1.51,2.53,1.56,2.76
WTA,2025,40,New York,US Open,2025-08-26,Grand Slam,Outdoor,Hard,1st Round,3,Haddad Maia B.,Kartal S.,22.0,51.0,1921.0,1157.0,6.0,3.0,1.0,6.0,6.0,1.0,2.0,1.0,Completed,2.0,1.8,2.02,1.87,2.04,1.8,2.0,1.78,2.12,1.86
WTA,2025,40,New York,US Open,2025-08-26,Grand Slam,Outdoor,Hard,1st Round,3,Lamens S.,Glozman V.,66.0,902.0,966.0,26.0,6.0,4.0,6.0,2.0,,,2.0,0.0,Completed,1.22,4.33,1.23,4.61,1.24,4.4,1.22,4.23,1.3,4.3
WTA,2025,40,New York,US Open,2025-08-26,Grand Slam,Outdoor,Hard,1st Round,3,Swiatek I.,Arango E.,2.0,84.0,7933.0,871.0,6.0,1.0,6.0,2.0,,,2.0,0.0,Completed,1.01,26.0,,,1.02,31.0,1.01,19.77,1.01,80.0
WTA,2025,40,New York,US Open,2025-08-26,Grand Slam,Outdoor,Hard,1st Round,3,Golubic V.,Boisson L.,72.0,46.0,915.0,1219.0,3.0,6.0,7.0,6.0,6.0,2.0,2.0,1.0,Completed,1.67,2.2,1.68,2.3,1.68,2.25,1.65,2.19,1.74,2.3
WTA,2025,40,New York,US Open,2025-08-26,Grand Slam,Outdoor,Hard,1st Round,3,Cristian J.,Collins D.,50.0,61.0,1161.0,997.0,6.0,2.0,6.0,0.0,,,2.0,0.0,Completed,3.2,1.36,3.26,1.38,3.25,1.4,3.17,1.35,3.45,1.4
WTA,2025,40,New York,US Open,2025-08-26,Grand Slam,Outdoor,Hard,1st Round,3,Wang Xin.,Dolehide C.,34.0,78.0,1466.0,887.0,2.0,6.0,6.0,4.0,6.0,2.0,2.0,1.0,Completed,1.62,2.3,1.67,2.33,1.62,2.38,1.59,2.32,1.68,2.46
WTA,2025,40,New York,US Open,2025-08-26,Grand Slam,Outdoor,Hard,1st Round,3,Anisimova A.,Birrell K.,9.0,83.0,3869.0,871.0,6.0,3.0,6.0,2.0,,,2.0,0.0,Completed,1.14,5.5,1.18,5.6,1.19,5.6,1.15,5.28,1.19,6.0
WTA,2025,40,New York,US Open,2025-08-26,Grand Slam,Outdoor,Hard,1st Round,3,Noskova L.,Galfi D.,32.0,99.0,1550.0,736.0,6.0,4.0,7.0,5.0,,,2.0,0.0,Completed,1.29,3.75,1.32,3.68,1.3,3.75,1.29,3.52,1.32,3.95
WTA,2025,40,New York,US Open,2025-08-26,Grand Slam,Outdoor,Hard,1st Round,3,Krueger A.,Kenin S.,38.0,27.0,1374.0,1708.0,5.0,7.0,6.0,4.0,6.0,2.0,2.0,1.0,Completed,2.0,1.8,2.04,1.85,2.05,1.85,1.99,1.8,2.14,1.83
WTA,2025,40,New York,US Open,2025-08-26,Grand Slam,Outdoor,Hard,1st Round,3,Siegemund L.,Shnaider D.,52.0,17.0,1156.0,2476.0,7.0,6.0,2.0,6.0,6.0,3.0,2.0,1.0,Completed,3.0,1.4,3.29,1.38,4.0,1.42,3.06,1.37,3.35,1.4
WTA,2025,40,New York,US Open,2025-08-26,Grand Slam,Outdoor,Hard,1st Round,3,Lys E.,Jones F.,59.0,89.0,1049.0,837.0,6.0,0.0,7.0,5.0,,,2.0,0.0,Completed,1.67,2.2,1.69,2.29,1.8,2.3,1.68,2.17,1.74,2.32
WTA,2025,40,New York,US Open,2025-08-26,Grand Slam,Outdoor,Hard,1st Round,3,Alexandrova E.,Sevastova A.,12.0,233.0,2916.0,305.0,6.0,4.0,6.0,1.0,,,2.0,0.0,Completed,1.25,4.0,1.28,4.02,1.29,4.25,1.26,3.83,1.31,4.1
WTA,2025,40,New York,US Open,2025-08-26,Grand Slam,Outdoor,Hard,1st Round,3,Cirstea S.,Sierra S.,71.0,74.0,928.0,911.0,7.0,5.0,6.0,0.0,,,2.0,0.0,Completed,1.29,3.75,1.35,3.45,1.32,3.75,1.28,3.59,1.31,4.1
WTA,2025,40,New York,US Open,2025-08-26,Grand Slam,Outdoor,Hard,1st Round,3,Baptiste H.,Siniakova K.,47.0,76.0,1181.0,900.0,7.0,5.0,6.0,3.0,,,2.0,0.0,Completed,2.2,1.67,2.33,1.67,2.25,1.68,2.18,1.66,2.38,1.7
WTA,2025,40,New York,US Open,2025-08-26,Grand Slam,Outdoor,Hard,1st Round,3,Vekic D.,Bouzas Maneiro J.,49.0,40.0,1162.0,1316.0,3.0,6.0,7.0,5.0,6.0,3.0,2.0,1.0,Completed,2.0,1.8,2.02,1.87,2.0,1.9,1.96,1.82,2.1,1.88
WTA,2025,40,New York,US Open,2025-08-27,Grand Slam,Outdoor,Hard,1st Round,3,Osaka N.,Minnen G.,24.0,106.0,1779.0,719.0,6.0,3.0,6.0,4.0,,,2.0,0.0,Completed,1.13,6.0,1.14,6.43,1.13,7.0,1.12,6.28,1.13,7.8
WTA,2025,40,New York,US Open,2025-08-27,Grand Slam,Outdoor,Hard,1st Round,3,Gauff C.,Tomljanovic A.,3.0,79.0,7874.0,886.0,6.0,4.0,6.0,7.0,7.0,5.0,2.0,1.0,Completed,1.06,10.0,1.08,8.75,1.08,10.0,1.07,8.47,1.09,11.5
WTA,2025,40,New York,US Open,2025-08-27,Grand Slam,Outdoor,Hard,1st Round,3,Zakharova A.,Avanesyan E.,90.0,103.0,831.0,733.0,6.0,3.0,6.0,4.0,,,2.0,0.0,Completed,1.53,2.5,1.55,2.61,1.55,2.75,1.53,2.47,1.63,2.58
WTA,2025,40,New York,US Open,2025-08-27,Grand Slam,Outdoor,Hard,2nd Round,3,Navarro E.,McNally C.,11.0,101.0,2960.0,735.0,6.0,2.0,6.0,1.0,,,2.0,0.0,Completed,1.67,2.2,1.66,2.35,1.73,2.28,1.67,2.16,1.71,2.38
WTA,2025,40,New York,US Open,2025-08-27,Grand Slam,Outdoor,Hard,2nd Round,3,Raducanu E.,Tjen J.,36.0,149.0,1426.0,480.0,6.0,2.0,6.0,1.0,,,2.0,0.0,Completed,1.25,4.0,1.31,3.78,1.26,4.0,1.25,3.84,1.28,4.4
WTA,2025,40,New York,US Open,2025-08-27,Grand Slam,Outdoor,Hard,2nd Round,3,Azarenka V.,Pavlyuchenkova A.,132.0,45.0,556.0,1245.0,6.0,3.0,6.0,3.0,,,2.0,0.0,Completed,2.3,1.62,2.3,1.68,2.38,1.65,2.28,1.61,2.38,1.71
WTA,2025,40,New York,US Open,2025-08-27,Grand Slam,Outdoor,Hard,2nd Round,3,Bucsa C.,Eala A.,95.0,75.0,795.0,904.0,6.0,4.0,6.0,3.0,,,2.0,0.0,Completed,2.5,1.53,2.36,1.65,2.6,1.55,2.51,1.51,2.62,1.6
WTA,2025,40,New York,US Open,2025-08-27,Grand Slam,Outdoor,Hard,2nd Round,3,Pegula J.,Blinkova A.,4.0,80.0,4903.0,878.0,6.0,1.0,6.0,3.0,,,2.0,0.0,Completed,1.14,5.5,1.18,5.56,1.17,5.5,1.15,5.34,1.18,6.4
WTA,2025,40,New York,US Open,2025-08-27,Grand Slam,Outdoor,Hard,2nd Round,3,Krejcikova B.,Uchijima M.,62.0,94.0,984.0,807.0,6.0,4.0,6.0,2.0,,,2.0,0.0,Completed,1.17,5.0,1.2,5.18,1.2,5.5,1.17,4.99,1.21,5.5
WTA,2025,40,New York,US Open,2025-08-27,Grand Slam,Outdoor,Hard,2nd Round,3,Rybakina E.,Valentova T.,10.0,96.0,3663.0,793.0,6.0,3.0,7.0,6.0,,,2.0,0.0,Completed,1.19,4.33,1.27,4.17,1.26,4.35,1.22,4.11,1.26,4.7
WTA,2025,40,New York,US Open,2025-08-27,Grand Slam,Outdoor,Hard,2nd Round,3,Townsend T.,Ostapenko J.,139.0,26.0,505.0,1720.0,7.0,5.0,6.0,1.0,,,2.0,0.0,Completed,1.73,2.1,1.78,2.14,1.83,2.1,1.78,2.01,1.81,2.2
WTA,2025,40,New York,US Open,2025-08-27,Grand Slam,Outdoor,Hard,2nd Round,3,Hon P.,Samsonova L.,126.0,20.0,578.0,2219.0,4.0,6.0,6.0,3.0,6.0,2.0,2.0,1.0,Completed,5.0,1.17,4.89,1.21,5.0,1.2,4.74,1.18,6.0,1.19
WTA,2025,40,New York,US Open,2025-08-27,Grand Slam,Outdoor,Hard,2nd Round,3,Mertens E.,Sun L.,21.0,164.0,2129.0,435.0,6.0,2.0,6.0,3.0,,,2.0,0.0,Completed,1.2,4.5,1.2,5.04,1.22,5.25,1.2,4.5,1.21,5.5
WTA,2025,40,New York,US Open,2025-08-27,Grand Slam,Outdoor,Hard,2nd Round,3,Andreeva M.,Potapova A.,5.0,53.0,4733.0,1136.0,6.0,1.0,6.0,3.0,,,2.0,0.0,Completed,1.14,5.5,1.17,5.82,1.17,5.75,1.15,5.32,1.17,6.4
WTA,2025,40,New York,US Open,2025-08-28,Grand Slam,Outdoor,Hard,2nd Round,3,Paolini J.,Jovic I.,8.0,73.0,4116.0,914.0,6.0,3.0,6.0,3.0,,,2.0,0.0,Completed,1.3,3.5,1.36,3.41,1.33,3.5,1.31,3.42,1.34,3.85
WTA,2025,40,New York,US Open,2025-08-28,Grand Slam,Outdoor,Hard,2nd Round,3,Vondrousova M.,Kessler M.,60.0,41.0,1013.0,1310.0,7.0,6.0,6.0,2.0,,,2.0,0.0,Completed,1.53,2.5,1.57,2.55,1.56,3.2,1.52,2.51,1.61,2.56
WTA,2025,40,New York,US Open,2025-08-28,Grand Slam,Outdoor,Hard,2nd Round,3,Fernandez L.A.,Jacquemot E.,30.0,91.0,1564.0,823.0,2.0,6.0,6.0,3.0,6.0,2.0,2.0,1.0,Completed,1.25,4.0,1.27,4.17,1.29,4.25,1.26,3.8,1.3,4.1
WTA,2025,40,New York,US Open,2025-08-28,Grand Slam,Outdoor,Hard,2nd Round,3,Li A.,Bencic B.,58.0,19.0,1054.0,2265.0,6.0,3.0,6.0,3.0,,,2.0,0.0,Completed,3.0,1.4,3.06,1.42,3.15,1.45,2.98,1.39,3.2,1.43
WTA,2025,40,New York,US Open,2025-08-28,Grand Slam,Outdoor,Hard,2nd Round,3,Sabalenka A.,Kudermetova P.,1.0,67.0,11225.0,963.0,7.0,6.0,6.0,2.0,,,2.0,0.0,Completed,1.03,15.0,,,1.05,16.0,1.03,12.66,1.04,21.0
WTA,2025,40,New York,US Open,2025-08-28,Grand Slam,Outdoor,Hard,2nd Round,3,Noskova L.,Lys E.,32.0,59.0,1550.0,1049.0,6.0,4.0,3.0,0.0,,,1.0,0.0,Retired,1.44,2.75,1.46,2.92,1.45,2.9,1.43,2.77,1.49,3.0
WTA,2025,40,New York,US Open,2025-08-28,Grand Slam,Outdoor,Hard,2nd Round,3,Alexandrova E.,Wang Xin.,12.0,34.0,2916.0,1466.0,6.0,2.0,6.0,2.0,,,2.0,0.0,Completed,1.4,3.0,1.44,3.01,1.45,3.0,1.42,2.86,1.46,3.1
WTA,2025,40,New York,US Open,2025-08-28,Grand Slam,Outdoor,Hard,2nd Round,3,Haddad Maia B.,Golubic V.,22.0,72.0,1921.0,915.0,6.0,1.0,6.0,4.0,,,2.0,0.0,Completed,1.73,2.1,1.78,2.15,1.78,2.11,1.74,2.06,1.82,2.18
WTA,2025,40,New York,US Open,2025-08-28,Grand Slam,Outdoor,Hard,2nd Round,3,Sakkari M.,Bondar A.,64.0,97.0,971.0,779.0,6.0,3.0,6.0,1.0,,,2.0,0.0,Completed,1.3,3.5,1.33,3.6,1.33,3.5,1.32,3.35,1.35,3.75
WTA,2025,40,New York,US Open,2025-08-28,Grand Slam,Outdoor,Hard,2nd Round,3,Kalinskaya A.,Putintseva Y.,29.0,55.0,1582.0,1125.0,6.0,1.0,7.0,5.0,,,2.0,0.0,Completed,1.3,3.5,1.34,3.54,1.33,3.65,1.3,3.46,1.35,3.75
WTA,2025,40,New York,US Open,2025-08-28,Grand Slam,Outdoor,Hard,2nd Round,3,Swiatek I.,Lamens S.,2.0,66.0,7933.0,966.0,6.0,1.0,4.0,6.0,6.0,4.0,2.0,1.0,Completed,1.01,26.0,,,1.02,26.0,1.01,18.93,1.04,21.0
WTA,2025,40,New York,US Open,2025-08-28,Grand Slam,Outdoor,Hard,2nd Round,3,Kostyuk M.,Sonmez Z.,28.0,81.0,1656.0,874.0,7.0,5.0,6.0,7.0,6.0,3.0,2.0,1.0,Completed,1.2,4.5,1.24,4.53,1.22,4.5,1.21,4.36,1.25,4.8
WTA,2025,40,New York,US Open,2025-08-28,Grand Slam,Outdoor,Hard,2nd Round,3,Frech M.,Stearns P.,33.0,54.0,1528.0,1127.0,6.0,7.0,6.0,3.0,6.0,2.0,2.0,1.0,Completed,2.63,1.5,2.52,1.58,2.66,1.53,2.55,1.5,2.74,1.57
WTA,2025,40,New York,US Open,2025-08-28,Grand Slam,Outdoor,Hard,2nd Round,3,Osaka N.,Baptiste H.,24.0,47.0,1779.0,1181.0,6.0,3.0,6.0,1.0,,,2.0,0.0,Completed,1.2,4.5,1.22,4.84,1.22,4.75,1.2,4.39,1.23,5.2
WTA,2025,40,New York,US Open,2025-08-28,Grand Slam,Outdoor,Hard,2nd Round,3,Siegemund L.,Zakharova A.,52.0,90.0,1156.0,831.0,6.0,4.0,6.0,2.0,,,2.0,0.0,Completed,1.53,2.5,1.6,2.48,1.56,2.55,1.54,2.45,1.61,2.6
WTA,2025,40,New York,US Open,2025-08-28,Grand Slam,Outdoor,Hard,2nd Round,3,Muchova K.,Cirstea S.,13.0,71.0,2838.0,928.0,7.0,6.0,6.0,7.0,6.0,4.0,2.0,1.0,Completed,1.8,2.0,1.9,1.99,1.91,2.0,1.86,1.91,1.95,2.04
WTA,2025,40,New York,US Open,2025-08-28,Grand Slam,Outdoor,Hard,2nd Round,3,Parry D.,Zarazua R.,107.0,82.0,704.0,871.0,6.0,2.0,2.0,6.0,7.0,6.0,2.0,1.0,Completed,1.91,1.91,1.88,2.01,1.96,2.0,1.85,1.93,1.99,1.98
WTA,2025,40,New York,US Open,2025-08-28,Grand Slam,Outdoor,Hard,2nd Round,3,Cristian J.,Krueger A.,50.0,38.0,1161.0,1374.0,4.0,6.0,6.0,2.0,6.0,2.0,2.0,1.0,Completed,2.3,1.62,2.33,1.67,2.3,1.7,2.22,1.65,2.38,1.71
WTA,2025,40,New York,US Open,2025-08-28,Grand Slam,Outdoor,Hard,2nd Round,3,Kasatkina D.,Rakhimova K.,18.0,65.0,2361.0,966.0,6.0,2.0,4.0,6.0,7.0,5.0,2.0,1.0,Completed,1.44,2.75,1.48,2.82,1.48,2.8,1.46,2.69,1.49,2.98
WTA,2025,40,New York,US Open,2025-08-29,Grand Slam,Outdoor,Hard,2nd Round,3,Gauff C.,Vekic D.,3.0,49.0,7874.0,1162.0,7.0,6.0,6.0,2.0,,,2.0,0.0,Completed,1.13,6.0,1.15,6.26,1.14,6.1,1.13,5.83,1.16,6.8
WTA,2025,40,New York,US Open,2025-08-29,Grand Slam,Outdoor,Hard,2nd Round,3,Anisimova A.,Joint M.,9.0,43.0,3869.0,1301.0,7.0,6.0,6.0,2.0,,,2.0,0.0,Completed,1.3,3.5,1.33,3.6,1.33,3.6,1.3,3.45,1.33,3.9
WTA,2025,40,New York,US Open,2025-08-29,Grand Slam,Outdoor,Hard,3rd Round,3,Rybakina E.,Raducanu E.,10.0,36.0,3663.0,1426.0,6.0,1.0,6.0,2.0,,,2.0,0.0,Completed,1.53,2.5,1.62,2.47,1.6,2.6,1.56,2.39,1.63,2.56
WTA,2025,40,New York,US Open,2025-08-29,Grand Slam,Outdoor,Hard,3rd Round,3,Vondrousova M.,Paolini J.,60.0,8.0,1013.0,4116.0,7.0,6.0,6.0,1.0,,,2.0,0.0,Completed,1.91,1.91,1.93,1.97,1.95,1.95,1.88,1.89,1.98,2.0
WTA,2025,40,New York,US Open,2025-08-29,Grand Slam,Outdoor,Hard,3rd Round,3,Pegula J.,Azarenka V.,4.0,132.0,4903.0,556.0,6.0,1.0,7.0,5.0,,,2.0,0.0,Completed,1.22,4.33,1.25,4.5,1.24,4.5,1.21,4.27,1.26,4.8
WTA,2025,40,New York,US Open,2025-08-29,Grand Slam,Outdoor,Hard,3rd Round,3,Bucsa C.,Mertens E.,95.0,21.0,795.0,2129.0,3.0,6.0,7.0,5.0,6.0,3.0,2.0,1.0,Completed,5.5,1.14,5.71,1.18,5.5,1.17,5.29,1.15,6.2,1.18
WTA,2025,40,New York,US Open,2025-08-29,Grand Slam,Outdoor,Hard,3rd Round,3,Li A.,Hon P.,58.0,126.0,1054.0,578.0,7.0,5.0,6.0,3.0,,,2.0,0.0,Completed,1.33,3.4,1.36,3.47,1.34,3.5,1.33,3.3,1.37,3.6
WTA,2025,40,New York,US Open,2025-08-29,Grand Slam,Outdoor,Hard,3rd Round,3,Krejcikova B.,Navarro E.,62.0,11.0,984.0,2960.0,4.0,6.0,6.0,4.0,6.0,4.0,2.0,1.0,Completed,1.91,1.91,1.93,1.98,2.0,1.93,1.89,1.88,2.0,1.97
WTA,2025,40,New York,US Open,2025-08-30,Grand Slam,Outdoor,Hard,3rd Round,3,Sabalenka A.,Fernandez L.A.,1.0,30.0,11225.0,1564.0,6.0,3.0,7.0,6.0,,,2.0,0.0,Completed,1.14,5.5,1.17,5.9,1.17,5.75,1.15,5.28,1.18,6.4
WTA,2025,40,New York,US Open,2025-08-30,Grand Slam,Outdoor,Hard,3rd Round,3,Townsend T.,Andreeva M.,139.0,5.0,505.0,4733.0,7.0,5.0,6.0,2.0,,,2.0,0.0,Completed,5.0,1.17,5.59,1.18,5.0,1.2,4.74,1.18,5.5,1.21
WTA,2025,40,New York,US Open,2025-08-30,Grand Slam,Outdoor,Hard,3rd Round,3,Muchova K.,Noskova L.,13.0,32.0,2838.0,1550.0,6.0,7.0,6.0,4.0,6.0,2.0,2.0,1.0,Completed,1.91,1.91,1.91,2.0,1.91,1.95,1.87,1.91,2.0,1.99
WTA,2025,40,New York,US Open,2025-08-30,Grand Slam,Outdoor,Hard,3rd Round,3,Gauff C.,Frech M.,3.0,33.0,7874.0,1528.0,6.0,3.0,6.0,1.0,,,2.0,0.0,Completed,1.08,8.0,1.12,6.96,1.13,8.0,1.11,6.4,1.13,8.6
WTA,2025,40,New York,US Open,2025-08-30,Grand Slam,Outdoor,Hard,3rd Round,3,Kostyuk M.,Parry D.,28.0,107.0,1656.0,704.0,3.0,6.0,6.0,4.0,6.0,2.0,2.0,1.0,Completed,1.29,3.75,1.29,4.04,1.3,3.8,1.27,3.67,1.31,4.1
WTA,2025,40,New York,US Open,2025-08-30,Grand Slam,Outdoor,Hard,3rd Round,3,Osaka N.,Kasatkina D.,24.0,18.0,1779.0,2361.0,6.0,0.0,4.0,6.0,6.0,3.0,2.0,1.0,Completed,1.29,3.75,1.29,3.98,1.29,4.0,1.26,3.82,1.3,4.1
WTA,2025,40,New York,US Open,2025-08-30,Grand Slam,Outdoor,Hard,3rd Round,3,Alexandrova E.,Siegemund L.,12.0,52.0,2916.0,1156.0,6.0,0.0,6.0,1.0,,,2.0,0.0,Completed,1.25,4.0,1.29,3.97,1.29,4.0,1.26,3.75,1.29,4.3
WTA,2025,40,New York,US Open,2025-08-30,Grand Slam,Outdoor,Hard,3rd Round,3,Anisimova A.,Cristian J.,9.0,50.0,3869.0,1161.0,6.0,4.0,4.0,6.0,6.0,2.0,2.0,1.0,Completed,1.22,4.33,1.22,4.82,1.22,4.75,1.19,4.53,1.21,5.6
WTA,2025,40,New York,US Open,2025-08-31,Grand Slam,Outdoor,Hard,3rd Round,3,Swiatek I.,Kalinskaya A.,2.0,29.0,7933.0,1582.0,7.0,6.0,6.0,4.0,,,2.0,0.0,Completed,1.17,5.0,1.18,5.66,1.17,5.5,1.15,5.26,1.18,6.4
WTA,2025,40,New York,US Open,2025-08-31,Grand Slam,Outdoor,Hard,3rd Round,3,Haddad Maia B.,Sakkari M.,22.0,64.0,1921.0,971.0,6.0,1.0,6.0,2.0,,,2.0,0.0,Completed,2.38,1.57,2.47,1.61,2.45,1.61,2.38,1.56,2.44,1.68
WTA,2025,40,New York,US Open,2025-08-31,Grand Slam,Outdoor,Hard,4th Round,3,Pegula J.,Li A.,4.0,58.0,4903.0,1054.0,6.0,1.0,6.0,2.0,,,2.0,0.0,Completed,1.22,4.33,1.28,4.1,1.25,4.33,1.24,3.96,1.28,4.4
WTA,2025,40,New York,US Open,2025-08-31,Grand Slam,Outdoor,Hard,4th Round,3,Krejcikova B.,Townsend T.,62.0,139.0,984.0,505.0,1.0,6.0,7.0,6.0,6.0,3.0,2.0,1.0,Completed,1.73,2.1,1.79,2.15,1.75,2.15,1.72,2.09,1.77,2.28
WTA,2025,40,New York,US Open,2025-09-01,Grand Slam,Outdoor,Hard,4th Round,3,Sabalenka A.,Bucsa C.,1.0,95.0,11225.0,795.0,6.0,1.0,6.0,4.0,,,2.0,0.0,Completed,1.03,15.0,1.06,13.82,1.05,15.0,1.03,11.72,1.06,17.0
WTA,2025,40,New York,US Open,2025-09-01,Grand Slam,Outdoor,Hard,4th Round,3,Vondrousova M.,Rybakina E.,60.0,10.0,1013.0,3663.0,6.0,4.0,5.0,7.0,6.0,2.0,2.0,1.0,Completed,3.2,1.36,3.2,1.4,3.2,1.52,2.97,1.39,3.35,1.41
WTA,2025,40,New York,US Open,2025-09-01,Grand Slam,Outdoor,Hard,4th Round,3,Swiatek I.,Alexandrova E.,2.0,12.0,7933.0,2916.0,6.0,3.0,6.0,1.0,,,2.0,0.0,Completed,1.25,4.0,1.28,4.06,1.3,4.0,1.26,3.8,1.29,4.3
WTA,2025,40,New York,US Open,2025-09-01,Grand Slam,Outdoor,Hard,4th Round,3,Muchova K.,Kostyuk M.,13.0,28.0,2838.0,1656.0,6.0,3.0,6.0,7.0,6.0,3.0,2.0,1.0,Completed,1.67,2.2,1.68,2.32,1.68,2.25,1.66,2.2,1.77,2.28
WTA,2025,40,New York,US Open,2025-09-01,Grand Slam,Outdoor,Hard,4th Round,3,Osaka N.,Gauff C.,24.0,3.0,1779.0,7874.0,6.0,3.0,6.0,2.0,,,2.0,0.0,Completed,2.1,1.73,2.18,1.77,2.25,1.78,2.11,1.72,2.3,1.76
WTA,2025,40,New York,US Open,2025-09-02,Grand Slam,Outdoor,Hard,4th Round,3,Anisimova A.,Haddad Maia B.,9.0,22.0,3869.0,1921.0,6.0,0.0,6.0,3.0,,,2.0,0.0,Completed,1.25,4.0,1.29,3.95,1.29,4.0,1.26,3.75,1.29,4.4
WTA,2025,40,New York,US Open,2025-09-02,Grand Slam,Outdoor,Hard,Quarterfinals,3,Pegula J.,Krejcikova B.,4.0,62.0,4903.0,984.0,6.0,3.0,6.0,3.0,,,2.0,0.0,Completed,1.36,3.2,1.42,3.12,1.37,3.5,1.35,3.21,1.39,3.55
WTA,2025,40,New York,US Open,2025-09-03,Grand Slam,Outdoor,Hard,Quarterfinals,3,Sabalenka A.,Vondrousova M.,1.0,60.0,11225.0,1013.0,,,,,,,,,Walkover,1.33,3.4,1.37,3.37,1.35,3.5,1.33,3.33,1.36,3.75
WTA,2025,40,New York,US Open,2025-09-03,Grand Slam,Outdoor,Hard,Quarterfinals,3,Anisimova A.,Swiatek I.,9.0,2.0,3869.0,7933.0,6.0,4.0,6.0,3.0,,,2.0,0.0,Completed,4.33,1.22,4.4,1.25,4.33,1.25,4.1,1.24,4.8,1.26
WTA,2025,40,New York,US Open,2025-09-04,Grand Slam,Outdoor,Hard,Quarterfinals,3,Osaka N.,Muchova K.,24.0,13.0,1779.0,2838.0,6.0,4.0,7.0,6.0,,,2.0,0.0,Completed,1.3,3.5,1.36,3.48,1.38,3.5,1.34,3.3,1.32,4.0
WTA,2025,40,New York,US Open,2025-09-05,Grand Slam,Outdoor,Hard,Semifinals,3,Sabalenka A.,Pegula J.,1.0,4.0,11225.0,4903.0,4.0,6.0,6.0,3.0,6.0,4.0,2.0,1.0,Completed,1.3,3.5,1.33,3.64,1.32,3.75,1.3,3.56,1.32,4.0
WTA,2025,40,New York,US Open,2025-09-05,Grand Slam,Outdoor,Hard,Semifinals,3,Anisimova A.,Osaka N.,9.0,24.0,3869.0,1779.0,6.0,7.0,7.0,6.0,6.0,3.0,2.0,1.0,Completed,1.91,1.91,1.98,1.93,1.97,2.1,1.9,1.9,2.02,1.97
WTA,2025,40,New York,US Open,2025-09-06,Grand Slam,Outdoor,Hard,The Final,3,Sabalenka A.,Anisimova A.,1.0,9.0,11225.0,3869.0,6.0,3.0,7.0,6.0,,,2.0,0.0,Completed,1.53,2.63,1.51,2.76,1.62,2.63,1.56,2.44,1.61,2.6
