Tour,Year,WTA,Location,Tournament,Date,Tier,Court,Surface,Round,Best of,Winner,Loser,WRank,LRank,WPts,LPts,W1,L1,W2,L2,W3,L3,Wsets,Lsets,Comment,B365W,B365L,PSW,PSL,MaxW,MaxL,AvgW,AvgL
WTA,2024,5,Melbourne,Australian Open,2024-01-14,Grand Slam,Outdoor,Hard,1st Round,3,Rakhimova K.,Bektas E.,90.0,89.0,793.0,804.0,6.0,4.0,6.0,4.0,,,2.0,0.0,Completed,1.91,1.91,1.85,2.05,1.94,2.06,1.86,1.95
WTA,2024,5,Melbourne,Australian Open,2024-01-14,Grand Slam,Outdoor,Hard,1st Round,3,Tsurenko L.,Bronzetti L.,33.0,55.0,1452.0,1099.0,3.0,6.0,7.0,5.0,6.0,3.0,2.0,1.0,Completed,1.5,2.63,1.44,2.97,1.55,2.97,1.5,2.61
WTA,2024,5,Melbourne,Australian Open,2024-01-14,Grand Slam,Outdoor,Hard,1st Round,3,Fernandez L.A.,Bejlek S.,35.0,133.0,1355.0,574.0,7.0,6.0,6.0,2.0,,,2.0,0.0,Completed,1.25,4.0,1.28,4.0,1.31,4.01,1.27,3.82
WTA,2024,5,Melbourne,Australian Open,2024-01-14,Grand Slam,Outdoor,Hard,1st Round,3,Krejcikova B.,Hontama M.,11.0,121.0,2891.0,645.0,2.0,6.0,6.0,4.0,6.0,3.0,2.0,1.0,Completed,1.17,5.0,1.17,5.87,1.2,5.87,1.17,5.23
WTA,2024,5,Melbourne,Australian Open,2024-01-14,Grand Slam,Outdoor,Hard,1st Round,3,Avanesyan E.,Bai Z.,74.0,87.0,939.0,825.0,4.0,6.0,7.0,5.0,6.0,2.0,2.0,1.0,Completed,2.38,1.57,2.67,1.53,2.67,1.62,2.47,1.55
WTA,2024,5,Melbourne,Australian Open,2024-01-14,Grand Slam,Outdoor,Hard,1st Round,3,Korpatsch T.,Burrage J.,80.0,102.0,847.0,733.0,2.0,6.0,6.0,3.0,6.0,0.0,2.0,1.0,Completed,1.67,2.2,1.79,2.12,1.8,2.25,1.75,2.1
WTA,2024,5,Melbourne,Australian Open,2024-01-14,Grand Slam,Outdoor,Hard,1st Round,3,Parks A.,Snigur D.,82.0,134.0,838.0,566.0,2.0,6.0,6.0,2.0,6.0,4.0,2.0,1.0,Completed,2.0,1.8,2.19,1.75,2.19,1.88,2.06,1.78
WTA,2024,5,Melbourne,Australian Open,2024-01-14,Grand Slam,Outdoor,Hard,1st Round,3,Timofeeva M.,Cornet A.,170.0,110.0,451.0,690.0,6.0,2.0,6.0,4.0,,,2.0,0.0,Completed,1.8,2.0,1.72,2.23,1.85,2.23,1.74,2.11
WTA,2024,5,Melbourne,Australian Open,2024-01-14,Grand Slam,Outdoor,Hard,1st Round,3,Fruhvirtova B.,Bogdan A.,107.0,63.0,704.0,1016.0,2.0,6.0,6.0,4.0,6.0,3.0,2.0,1.0,Completed,1.67,2.2,1.65,2.38,1.72,2.38,1.65,2.26
WTA,2024,5,Melbourne,Australian Open,2024-01-14,Grand Slam,Outdoor,Hard,1st Round,3,Sakkari M.,Hibino N.,8.0,88.0,3770.0,808.0,6.0,4.0,6.0,1.0,,,2.0,0.0,Completed,1.06,10.0,1.07,11.07,1.08,11.07,1.07,9.12
WTA,2024,5,Melbourne,Australian Open,2024-01-14,Grand Slam,Outdoor,Hard,1st Round,3,Parry D.,Wang Xin.,72.0,36.0,943.0,1353.0,6.0,3.0,2.0,6.0,6.0,3.0,2.0,1.0,Completed,3.2,1.36,3.11,1.41,3.2,1.42,3.06,1.38
WTA,2024,5,Melbourne,Australian Open,2024-01-14,Grand Slam,Outdoor,Hard,1st Round,3,Anisimova A.,Samsonova L.,442.0,14.0,130.0,2760.0,6.0,3.0,6.0,4.0,,,2.0,0.0,Completed,3.0,1.4,3.0,1.44,3.01,1.44,2.93,1.41
WTA,2024,5,Melbourne,Australian Open,2024-01-14,Grand Slam,Outdoor,Hard,1st Round,3,Korneeva A.,Sorribes Tormo S.,179.0,52.0,427.0,1127.0,4.0,6.0,6.0,3.0,6.0,2.0,2.0,1.0,Completed,2.2,1.67,2.36,1.65,2.4,1.71,2.26,1.65
WTA,2024,5,Melbourne,Australian Open,2024-01-14,Grand Slam,Outdoor,Hard,1st Round,3,Dolehide C.,Jeanjean L.,43.0,143.0,1208.0,523.0,6.0,2.0,6.0,4.0,,,2.0,0.0,Completed,1.36,3.2,1.47,2.87,1.47,3.2,1.42,2.9
WTA,2024,5,Melbourne,Australian Open,2024-01-14,Grand Slam,Outdoor,Hard,1st Round,3,Wozniacki C.,Linette M.,252.0,24.0,302.0,1896.0,6.0,2.0,2.0,0.0,,,1.0,0.0,Retired,1.53,2.5,1.52,2.69,1.6,2.69,1.53,2.52
WTA,2024,5,Melbourne,Australian Open,2024-01-14,Grand Slam,Outdoor,Hard,1st Round,3,Sabalenka A.,Seidel E.,2.0,173.0,8905.0,439.0,6.0,0.0,6.0,1.0,,,2.0,0.0,Completed,1.03,17.0,1.05,13.06,1.05,17.0,1.03,13.59
WTA,2024,5,Melbourne,Australian Open,2024-01-15,Grand Slam,Outdoor,Hard,1st Round,3,Noskova L.,Bouzkova M.,50.0,34.0,1143.0,1382.0,6.0,1.0,7.0,5.0,,,2.0,0.0,Completed,2.3,1.62,2.39,1.64,2.5,1.67,2.29,1.63
WTA,2024,5,Melbourne,Australian Open,2024-01-15,Grand Slam,Outdoor,Hard,1st Round,3,Hunter S.,Errani S.,180.0,101.0,426.0,738.0,6.0,4.0,6.0,3.0,,,2.0,0.0,Completed,1.29,3.75,1.31,3.77,1.35,3.87,1.3,3.58
WTA,2024,5,Melbourne,Australian Open,2024-01-15,Grand Slam,Outdoor,Hard,1st Round,3,Podoroska N.,Zidansek T.,65.0,98.0,1009.0,745.0,6.0,1.0,6.0,0.0,,,2.0,0.0,Completed,1.8,2.0,1.85,2.05,1.96,2.05,1.84,1.97
WTA,2024,5,Melbourne,Australian Open,2024-01-15,Grand Slam,Outdoor,Hard,1st Round,3,Gracheva V.,Wickmayer Y.,39.0,79.0,1290.0,880.0,6.0,3.0,6.0,4.0,,,2.0,0.0,Completed,1.57,2.38,1.69,2.28,1.69,2.45,1.63,2.28
WTA,2024,5,Melbourne,Australian Open,2024-01-15,Grand Slam,Outdoor,Hard,1st Round,3,Svitolina E.,Preston T.,23.0,201.0,1972.0,383.0,6.0,2.0,6.0,2.0,,,2.0,0.0,Completed,1.07,9.0,1.08,9.7,1.11,9.73,1.07,8.41
WTA,2024,5,Melbourne,Australian Open,2024-01-15,Grand Slam,Outdoor,Hard,1st Round,3,Tomova V.,Day K.,70.0,86.0,957.0,825.0,6.0,4.0,6.0,2.0,,,2.0,0.0,Completed,1.44,2.75,1.53,2.67,1.58,2.78,1.49,2.66
WTA,2024,5,Melbourne,Australian Open,2024-01-15,Grand Slam,Outdoor,Hard,1st Round,3,Yastremska D.,Vondrousova M.,93.0,7.0,777.0,3966.0,6.0,1.0,6.0,2.0,,,2.0,0.0,Completed,5.0,1.17,5.16,1.2,5.25,1.24,4.92,1.18
WTA,2024,5,Melbourne,Australian Open,2024-01-15,Grand Slam,Outdoor,Hard,1st Round,3,Gauff C.,Schmiedlova A.,4.0,68.0,6660.0,996.0,6.0,3.0,6.0,0.0,,,2.0,0.0,Completed,1.02,21.0,1.02,25.47,1.03,26.39,1.02,17.12
WTA,2024,5,Melbourne,Australian Open,2024-01-15,Grand Slam,Outdoor,Hard,1st Round,3,Juvan K.,Potapova A.,109.0,29.0,696.0,1694.0,6.0,1.0,6.0,4.0,,,2.0,0.0,Completed,3.2,1.36,3.42,1.36,3.42,1.39,3.26,1.34
WTA,2024,5,Melbourne,Australian Open,2024-01-15,Grand Slam,Outdoor,Hard,1st Round,3,Siegemund L.,Alexandrova E.,78.0,20.0,892.0,2215.0,6.0,2.0,3.0,6.0,7.0,6.0,2.0,1.0,Completed,3.2,1.36,3.01,1.43,3.2,1.45,3.01,1.39
WTA,2024,5,Melbourne,Australian Open,2024-01-15,Grand Slam,Outdoor,Hard,1st Round,3,Maria T.,Osorio M.,42.0,10.0,1215.0,3328.0,7.0,5.0,6.0,7.0,6.0,4.0,2.0,1.0,Completed,2.38,1.57,2.76,1.5,2.76,1.57,2.61,1.5
WTA,2024,5,Melbourne,Australian Open,2024-01-15,Grand Slam,Outdoor,Hard,1st Round,3,Kessler M.,Ferro F.,206.0,153.0,371.0,496.0,3.0,6.0,6.0,3.0,6.0,2.0,2.0,1.0,Completed,2.5,1.53,2.56,1.56,2.68,1.62,2.49,1.54
WTA,2024,5,Melbourne,Australian Open,2024-01-15,Grand Slam,Outdoor,Hard,1st Round,3,Masarova R.,Sasnovich A.,91.0,81.0,786.0,843.0,6.0,3.0,6.0,4.0,,,2.0,0.0,Completed,2.3,1.62,2.42,1.63,2.42,1.66,2.34,1.6
WTA,2024,5,Melbourne,Australian Open,2024-01-15,Grand Slam,Outdoor,Hard,1st Round,3,Kostyuk M.,Liu C.,37.0,99.0,1330.0,742.0,6.0,3.0,4.0,6.0,6.0,1.0,2.0,1.0,Completed,1.44,2.75,1.41,3.11,1.46,3.11,1.41,2.9
WTA,2024,5,Melbourne,Australian Open,2024-01-15,Grand Slam,Outdoor,Hard,1st Round,3,Pavlyuchenkova A.,Vekic D.,46.0,25.0,1178.0,1865.0,6.0,4.0,6.0,4.0,,,2.0,0.0,Completed,1.44,2.75,1.39,3.23,1.46,3.23,1.4,2.97
WTA,2024,5,Melbourne,Australian Open,2024-01-15,Grand Slam,Outdoor,Hard,1st Round,3,Paolini J.,Shnaider D.,31.0,92.0,1530.0,785.0,6.0,3.0,6.0,4.0,,,2.0,0.0,Completed,1.5,2.63,1.56,2.58,1.56,2.73,1.51,2.57
WTA,2024,5,Melbourne,Australian Open,2024-01-15,Grand Slam,Outdoor,Hard,1st Round,3,Mertens E.,Sherif M.,28.0,58.0,1713.0,1053.0,6.0,2.0,2.0,0.0,,,1.0,0.0,Retired,1.14,5.5,1.15,6.32,1.17,6.32,1.14,5.69
WTA,2024,5,Melbourne,Australian Open,2024-01-15,Grand Slam,Outdoor,Hard,1st Round,3,Frech M.,Saville D.,69.0,152.0,965.0,496.0,6.0,7.0,6.0,3.0,7.0,5.0,2.0,1.0,Completed,2.2,1.67,2.19,1.75,2.25,1.75,2.16,1.7
WTA,2024,5,Melbourne,Australian Open,2024-01-15,Grand Slam,Outdoor,Hard,1st Round,3,Siniakova K.,Cristian J.,49.0,83.0,1155.0,831.0,6.0,2.0,7.0,5.0,,,2.0,0.0,Completed,1.33,3.4,1.34,3.5,1.35,3.5,1.33,3.35
WTA,2024,5,Melbourne,Australian Open,2024-01-15,Grand Slam,Outdoor,Hard,1st Round,3,Zakharova A.,Putintseva Y.,190.0,64.0,404.0,1014.0,2.0,6.0,6.0,0.0,6.0,3.0,2.0,1.0,Completed,4.0,1.25,3.81,1.3,4.01,1.32,3.79,1.27
WTA,2024,5,Melbourne,Australian Open,2024-01-15,Grand Slam,Outdoor,Hard,1st Round,3,Golubic V.,Kudermetova V.,85.0,17.0,829.0,2555.0,7.0,6.0,1.0,6.0,6.0,1.0,2.0,1.0,Completed,3.4,1.33,3.78,1.31,3.78,1.33,3.49,1.31
WTA,2024,5,Melbourne,Australian Open,2024-01-15,Grand Slam,Outdoor,Hard,1st Round,3,Jabeur O.,Starodubtseva Y.,6.0,150.0,4076.0,504.0,6.0,3.0,6.0,1.0,,,2.0,0.0,Completed,1.17,5.0,1.22,4.79,1.22,6.05,1.17,5.1
WTA,2024,5,Melbourne,Australian Open,2024-01-15,Grand Slam,Outdoor,Hard,1st Round,3,Badosa P.,Townsend T.,100.0,73.0,738.0,942.0,6.0,1.0,6.0,3.0,,,2.0,0.0,Completed,1.62,2.3,1.75,2.18,1.75,2.55,1.63,2.29
WTA,2024,5,Melbourne,Australian Open,2024-01-15,Grand Slam,Outdoor,Hard,1st Round,3,Haddad Maia B.,Fruhvirtova L.,12.0,84.0,2830.0,829.0,6.0,2.0,3.0,6.0,6.0,2.0,2.0,1.0,Completed,1.22,4.33,1.3,3.85,1.3,4.34,1.26,3.94
WTA,2024,5,Melbourne,Australian Open,2024-01-15,Grand Slam,Outdoor,Hard,1st Round,3,Rus A.,Kalinina A.,45.0,30.0,1188.0,1600.0,6.0,1.0,6.0,0.0,,,2.0,0.0,Completed,2.38,1.57,2.33,1.67,2.46,1.67,2.36,1.59
WTA,2024,5,Melbourne,Australian Open,2024-01-15,Grand Slam,Outdoor,Hard,1st Round,3,Andreeva M.,Pera B.,47.0,71.0,1168.0,956.0,7.0,5.0,6.0,2.0,,,2.0,0.0,Completed,1.17,5.0,1.18,5.28,1.21,5.45,1.17,5.04
WTA,2024,5,Melbourne,Australian Open,2024-01-15,Grand Slam,Outdoor,Hard,1st Round,3,Kalinskaya A.,Volynets K.,75.0,103.0,923.0,732.0,6.0,3.0,3.0,6.0,6.0,2.0,2.0,1.0,Completed,1.36,3.2,1.36,3.42,1.41,3.5,1.35,3.22
WTA,2024,5,Melbourne,Australian Open,2024-01-15,Grand Slam,Outdoor,Hard,1st Round,3,Garcia C.,Osaka N.,19.0,831.0,2330.0,32.0,6.0,4.0,7.0,6.0,,,2.0,0.0,Completed,2.2,1.67,2.21,1.74,2.22,1.77,2.16,1.7
WTA,2024,5,Melbourne,Australian Open,2024-01-16,Grand Slam,Outdoor,Hard,1st Round,3,Kasatkina D.,Stearns P.,13.0,48.0,2778.0,1168.0,6.0,2.0,3.0,6.0,6.0,2.0,2.0,1.0,Completed,1.3,3.5,1.27,4.15,1.39,4.15,1.28,3.72
WTA,2024,5,Melbourne,Australian Open,2024-01-16,Grand Slam,Outdoor,Hard,1st Round,3,Trevisan M.,Zarazua R.,59.0,97.0,1045.0,749.0,4.0,6.0,6.0,4.0,6.0,2.0,2.0,1.0,Completed,1.62,2.3,1.74,2.2,1.74,2.42,1.66,2.23
WTA,2024,5,Melbourne,Australian Open,2024-01-16,Grand Slam,Outdoor,Hard,1st Round,3,Cocciaretto E.,Sun L.,66.0,193.0,1000.0,401.0,6.0,1.0,7.0,5.0,,,2.0,0.0,Completed,1.8,2.0,1.83,2.08,1.83,2.2,1.77,2.06
WTA,2024,5,Melbourne,Australian Open,2024-01-16,Grand Slam,Outdoor,Hard,1st Round,3,Stephens S.,Gadecki O.,44.0,120.0,1202.0,655.0,6.0,3.0,6.0,1.0,,,2.0,0.0,Completed,1.44,2.75,1.56,2.56,1.57,2.81,1.5,2.62
WTA,2024,5,Melbourne,Australian Open,2024-01-16,Grand Slam,Outdoor,Hard,1st Round,3,Swiatek I.,Kenin S.,1.0,41.0,9880.0,1225.0,7.0,6.0,6.0,2.0,,,2.0,0.0,Completed,1.04,13.0,1.03,19.73,1.05,19.73,1.03,12.99
WTA,2024,5,Melbourne,Australian Open,2024-01-16,Grand Slam,Outdoor,Hard,1st Round,3,Collins D.,Kerber A.,62.0,655.0,1022.0,60.0,6.0,2.0,3.0,6.0,6.0,1.0,2.0,1.0,Completed,1.4,3.0,1.36,3.41,1.42,3.45,1.37,3.15
WTA,2024,5,Melbourne,Australian Open,2024-01-16,Grand Slam,Outdoor,Hard,1st Round,3,Navarro E.,Wang Xiy.,26.0,60.0,1730.0,1034.0,6.0,1.0,6.0,7.0,7.0,5.0,2.0,1.0,Completed,1.5,2.63,1.52,2.7,1.53,2.75,1.5,2.6
WTA,2024,5,Melbourne,Australian Open,2024-01-16,Grand Slam,Outdoor,Hard,1st Round,3,Azarenka V.,Giorgi C.,22.0,53.0,2011.0,1120.0,6.0,1.0,4.0,6.0,6.0,3.0,2.0,1.0,Completed,1.3,3.5,1.3,3.88,1.33,3.88,1.3,3.59
WTA,2024,5,Melbourne,Australian Open,2024-01-16,Grand Slam,Outdoor,Hard,1st Round,3,Tauson C.,Minnen G.,96.0,67.0,749.0,999.0,7.0,5.0,7.0,5.0,,,2.0,0.0,Completed,1.4,3.0,1.35,3.49,1.42,3.49,1.36,3.19
WTA,2024,5,Melbourne,Australian Open,2024-01-16,Grand Slam,Outdoor,Hard,1st Round,3,Dodin O.,Zhu L.,95.0,32.0,765.0,1464.0,6.0,4.0,6.0,3.0,,,2.0,0.0,Completed,3.5,1.3,3.85,1.3,3.85,1.31,3.61,1.29
WTA,2024,5,Melbourne,Australian Open,2024-01-16,Grand Slam,Outdoor,Hard,1st Round,3,Burel C.,Krunic A.,51.0,687.0,1140.0,53.0,6.0,4.0,6.0,1.0,,,2.0,0.0,Completed,1.08,8.0,1.11,7.96,1.11,10.26,1.09,7.76
WTA,2024,5,Melbourne,Australian Open,2024-01-16,Grand Slam,Outdoor,Hard,1st Round,3,Wang Y.,Cirstea S.,94.0,27.0,771.0,1722.0,0.0,6.0,7.0,5.0,6.0,2.0,2.0,1.0,Completed,3.4,1.33,3.61,1.33,3.61,1.36,3.36,1.33
WTA,2024,5,Melbourne,Australian Open,2024-01-16,Grand Slam,Outdoor,Hard,1st Round,3,Blinkova A.,Bucsa C.,57.0,56.0,1072.0,1088.0,6.0,2.0,6.0,4.0,,,2.0,0.0,Completed,2.2,1.67,2.22,1.73,2.31,1.73,2.18,1.69
WTA,2024,5,Melbourne,Australian Open,2024-01-16,Grand Slam,Outdoor,Hard,1st Round,3,Boulter K.,Yuan Y.,54.0,61.0,1109.0,1028.0,7.0,5.0,7.0,6.0,,,2.0,0.0,Completed,1.67,2.2,1.67,2.32,1.72,2.33,1.64,2.26
WTA,2024,5,Melbourne,Australian Open,2024-01-16,Grand Slam,Outdoor,Hard,1st Round,3,Ostapenko J.,Birrell K.,10.0,116.0,3328.0,671.0,7.0,6.0,6.0,1.0,,,2.0,0.0,Completed,1.11,6.5,1.12,7.34,1.15,7.34,1.13,6.07
WTA,2024,5,Melbourne,Australian Open,2024-01-16,Grand Slam,Outdoor,Hard,1st Round,3,Zheng Q.,Krueger A.,15.0,76.0,2720.0,896.0,3.0,6.0,6.0,2.0,6.0,3.0,2.0,1.0,Completed,1.17,5.0,1.18,5.45,1.21,5.67,1.17,5.06
WTA,2024,5,Melbourne,Australian Open,2024-01-16,Grand Slam,Outdoor,Hard,1st Round,3,Rybakina E.,Pliskova Ka.,3.0,38.0,6918.0,1322.0,7.0,6.0,6.0,4.0,,,2.0,0.0,Completed,1.14,5.5,1.12,7.41,1.16,7.41,1.14,5.82
WTA,2024,5,Melbourne,Australian Open,2024-01-16,Grand Slam,Outdoor,Hard,1st Round,3,Raducanu E.,Rogers S.,296.0,161.0,231.0,476.0,6.0,3.0,6.0,2.0,,,2.0,0.0,Completed,1.3,3.5,1.35,3.45,1.38,3.66,1.32,3.4
WTA,2024,5,Melbourne,Australian Open,2024-01-16,Grand Slam,Outdoor,Hard,1st Round,3,Tomljanovic A.,Martic P.,271.0,40.0,271.0,1283.0,7.0,6.0,4.0,6.0,6.0,4.0,2.0,1.0,Completed,2.1,1.73,2.11,1.8,2.3,1.88,2.02,1.81
WTA,2024,5,Melbourne,Australian Open,2024-01-16,Grand Slam,Outdoor,Hard,1st Round,3,Pegula J.,Marino R.,5.0,182.0,6065.0,425.0,6.0,2.0,6.0,4.0,,,2.0,0.0,Completed,1.08,8.0,1.08,9.87,1.09,9.87,1.07,8.79
WTA,2024,5,Melbourne,Australian Open,2024-01-17,Grand Slam,Outdoor,Hard,2nd Round,3,Timofeeva M.,Wozniacki C.,170.0,252.0,451.0,302.0,1.0,6.0,6.0,4.0,6.0,1.0,2.0,1.0,Completed,3.75,1.29,4.18,1.27,4.33,1.37,3.79,1.27
WTA,2024,5,Melbourne,Australian Open,2024-01-17,Grand Slam,Outdoor,Hard,2nd Round,3,Andreeva M.,Jabeur O.,47.0,6.0,1168.0,4076.0,6.0,0.0,6.0,2.0,,,2.0,0.0,Completed,1.8,2.0,1.83,2.1,1.83,2.18,1.78,2.05
WTA,2024,5,Melbourne,Australian Open,2024-01-17,Grand Slam,Outdoor,Hard,2nd Round,3,Hunter S.,Siegemund L.,180.0,78.0,426.0,892.0,6.0,4.0,3.0,6.0,6.0,3.0,2.0,1.0,Completed,2.38,1.57,2.31,1.69,2.44,1.73,2.28,1.63
WTA,2024,5,Melbourne,Australian Open,2024-01-17,Grand Slam,Outdoor,Hard,2nd Round,3,Parks A.,Fernandez L.A.,82.0,35.0,838.0,1355.0,7.0,5.0,6.0,4.0,,,2.0,0.0,Completed,5.5,1.14,5.85,1.17,5.85,1.2,5.23,1.16
WTA,2024,5,Melbourne,Australian Open,2024-01-17,Grand Slam,Outdoor,Hard,2nd Round,3,Krejcikova B.,Korpatsch T.,11.0,80.0,2891.0,847.0,6.0,2.0,6.0,2.0,,,2.0,0.0,Completed,1.14,5.5,1.14,6.77,1.14,6.77,1.14,5.89
WTA,2024,5,Melbourne,Australian Open,2024-01-17,Grand Slam,Outdoor,Hard,2nd Round,3,Gauff C.,Dolehide C.,4.0,43.0,6660.0,1208.0,7.0,6.0,6.0,2.0,,,2.0,0.0,Completed,1.03,15.0,1.03,22.11,1.03,22.15,1.02,15.4
WTA,2024,5,Melbourne,Australian Open,2024-01-17,Grand Slam,Outdoor,Hard,2nd Round,3,Parry D.,Rakhimova K.,72.0,90.0,943.0,793.0,7.0,5.0,6.0,2.0,,,2.0,0.0,Completed,2.0,1.8,2.13,1.81,2.13,1.89,2.01,1.8
WTA,2024,5,Melbourne,Australian Open,2024-01-17,Grand Slam,Outdoor,Hard,2nd Round,3,Anisimova A.,Podoroska N.,442.0,65.0,130.0,1009.0,6.0,2.0,6.0,3.0,,,2.0,0.0,Completed,1.3,3.5,1.34,3.61,1.34,3.82,1.31,3.49
WTA,2024,5,Melbourne,Australian Open,2024-01-17,Grand Slam,Outdoor,Hard,2nd Round,3,Haddad Maia B.,Korneeva A.,12.0,179.0,2830.0,427.0,6.0,1.0,6.0,2.0,,,2.0,0.0,Completed,1.33,3.4,1.4,3.2,1.4,3.66,1.35,3.24
WTA,2024,5,Melbourne,Australian Open,2024-01-17,Grand Slam,Outdoor,Hard,2nd Round,3,Zakharova A.,Juvan K.,190.0,109.0,404.0,696.0,6.0,1.0,6.0,1.0,,,2.0,0.0,Completed,2.38,1.57,2.62,1.56,2.62,1.69,2.43,1.56
WTA,2024,5,Melbourne,Australian Open,2024-01-17,Grand Slam,Outdoor,Hard,2nd Round,3,Frech M.,Garcia C.,69.0,19.0,965.0,2330.0,6.0,4.0,7.0,6.0,,,2.0,0.0,Completed,3.5,1.3,3.38,1.37,3.74,1.37,3.49,1.31
WTA,2024,5,Melbourne,Australian Open,2024-01-17,Grand Slam,Outdoor,Hard,2nd Round,3,Badosa P.,Pavlyuchenkova A.,100.0,46.0,738.0,1178.0,6.0,2.0,6.0,3.0,,,2.0,0.0,Completed,2.2,1.67,2.35,1.67,2.35,1.73,2.22,1.67
WTA,2024,5,Melbourne,Australian Open,2024-01-17,Grand Slam,Outdoor,Hard,2nd Round,3,Sabalenka A.,Fruhvirtova B.,2.0,107.0,8905.0,704.0,6.0,3.0,6.0,2.0,,,2.0,0.0,Completed,1.04,13.0,1.04,17.6,1.05,17.6,1.03,13.13
WTA,2024,5,Melbourne,Australian Open,2024-01-17,Grand Slam,Outdoor,Hard,2nd Round,3,Tsurenko L.,Masarova R.,33.0,91.0,1452.0,786.0,6.0,3.0,6.0,4.0,,,2.0,0.0,Completed,1.5,2.63,1.52,2.73,1.56,2.73,1.51,2.61
WTA,2024,5,Melbourne,Australian Open,2024-01-17,Grand Slam,Outdoor,Hard,2nd Round,3,Kostyuk M.,Mertens E.,37.0,28.0,1330.0,1713.0,5.0,7.0,6.0,1.0,7.0,6.0,2.0,1.0,Completed,2.3,1.62,2.44,1.63,2.44,1.67,2.34,1.61
WTA,2024,5,Melbourne,Australian Open,2024-01-17,Grand Slam,Outdoor,Hard,2nd Round,3,Avanesyan E.,Sakkari M.,74.0,8.0,939.0,3770.0,6.0,4.0,6.0,4.0,,,2.0,0.0,Completed,9.0,1.07,10.48,1.08,10.48,1.09,8.88,1.07
WTA,2024,5,Melbourne,Australian Open,2024-01-18,Grand Slam,Outdoor,Hard,2nd Round,3,Kalinskaya A.,Rus A.,75.0,45.0,923.0,1188.0,6.0,1.0,7.0,5.0,,,2.0,0.0,Completed,1.4,3.0,1.38,3.32,1.49,3.32,1.41,2.94
WTA,2024,5,Melbourne,Australian Open,2024-01-18,Grand Slam,Outdoor,Hard,2nd Round,3,Noskova L.,Kessler M.,50.0,206.0,1143.0,371.0,6.0,3.0,1.0,6.0,6.0,4.0,2.0,1.0,Completed,1.1,7.0,1.18,5.73,1.18,7.03,1.13,5.91
WTA,2024,5,Melbourne,Australian Open,2024-01-18,Grand Slam,Outdoor,Hard,2nd Round,3,Swiatek I.,Collins D.,1.0,62.0,9880.0,1022.0,6.0,4.0,3.0,6.0,6.0,4.0,2.0,1.0,Completed,1.05,11.0,1.07,11.86,1.08,12.0,1.06,10.09
WTA,2024,5,Melbourne,Australian Open,2024-01-18,Grand Slam,Outdoor,Hard,2nd Round,3,Dodin O.,Trevisan M.,95.0,59.0,765.0,1045.0,6.0,4.0,6.0,4.0,,,2.0,0.0,Completed,2.38,1.57,2.35,1.67,2.45,1.68,2.35,1.6
WTA,2024,5,Melbourne,Australian Open,2024-01-18,Grand Slam,Outdoor,Hard,2nd Round,3,Paolini J.,Maria T.,31.0,42.0,1530.0,1215.0,6.0,2.0,6.0,3.0,,,2.0,0.0,Completed,1.36,3.2,1.45,3.0,1.45,3.2,1.39,3.0
WTA,2024,5,Melbourne,Australian Open,2024-01-18,Grand Slam,Outdoor,Hard,2nd Round,3,Stephens S.,Kasatkina D.,44.0,13.0,1202.0,2778.0,4.0,6.0,6.0,3.0,6.0,3.0,2.0,1.0,Completed,2.5,1.53,2.65,1.55,2.65,1.6,2.51,1.53
WTA,2024,5,Melbourne,Australian Open,2024-01-18,Grand Slam,Outdoor,Hard,2nd Round,3,Burel C.,Pegula J.,51.0,5.0,1140.0,6065.0,6.0,4.0,6.0,2.0,,,2.0,0.0,Completed,6.0,1.13,6.08,1.16,6.25,1.2,5.57,1.15
WTA,2024,5,Melbourne,Australian Open,2024-01-18,Grand Slam,Outdoor,Hard,2nd Round,3,Zheng Q.,Boulter K.,15.0,54.0,2720.0,1109.0,6.0,3.0,6.0,3.0,,,2.0,0.0,Completed,1.36,3.2,1.42,3.13,1.42,3.2,1.38,3.07
WTA,2024,5,Melbourne,Australian Open,2024-01-18,Grand Slam,Outdoor,Hard,2nd Round,3,Navarro E.,Cocciaretto E.,26.0,66.0,1730.0,1000.0,4.0,6.0,6.0,3.0,6.0,3.0,2.0,1.0,Completed,1.33,3.4,1.36,3.48,1.44,3.5,1.34,3.26
WTA,2024,5,Melbourne,Australian Open,2024-01-18,Grand Slam,Outdoor,Hard,2nd Round,3,Svitolina E.,Tomova V.,23.0,70.0,1972.0,957.0,6.0,1.0,6.0,3.0,,,2.0,0.0,Completed,1.17,5.0,1.19,5.52,1.19,5.7,1.16,5.18
WTA,2024,5,Melbourne,Australian Open,2024-01-18,Grand Slam,Outdoor,Hard,2nd Round,3,Wang Y.,Raducanu E.,94.0,296.0,771.0,231.0,6.0,4.0,4.0,6.0,6.0,4.0,2.0,1.0,Completed,4.0,1.25,4.15,1.28,4.2,1.31,3.92,1.25
WTA,2024,5,Melbourne,Australian Open,2024-01-18,Grand Slam,Outdoor,Hard,2nd Round,3,Golubic V.,Siniakova K.,85.0,49.0,829.0,1155.0,6.0,3.0,2.0,6.0,6.0,4.0,2.0,1.0,Completed,3.0,1.4,2.85,1.49,3,1.52,2.79,1.44
WTA,2024,5,Melbourne,Australian Open,2024-01-18,Grand Slam,Outdoor,Hard,2nd Round,3,Blinkova A.,Rybakina E.,57.0,3.0,1072.0,6918.0,6.0,4.0,4.0,6.0,7.0,6.0,2.0,1.0,Completed,11.0,1.05,14.07,1.06,14.07,1.08,11.03,1.05
WTA,2024,5,Melbourne,Australian Open,2024-01-18,Grand Slam,Outdoor,Hard,2nd Round,3,Yastremska D.,Gracheva V.,93.0,39.0,777.0,1290.0,6.0,3.0,6.0,2.0,,,2.0,0.0,Completed,1.73,2.1,1.76,2.2,1.77,2.2,1.73,2.11
WTA,2024,5,Melbourne,Australian Open,2024-01-18,Grand Slam,Outdoor,Hard,2nd Round,3,Ostapenko J.,Tomljanovic A.,10.0,271.0,3328.0,271.0,6.0,0.0,3.0,6.0,6.0,4.0,2.0,1.0,Completed,1.25,4.0,1.3,3.92,1.31,4.25,1.26,3.86
WTA,2024,5,Melbourne,Australian Open,2024-01-18,Grand Slam,Outdoor,Hard,2nd Round,3,Azarenka V.,Tauson C.,22.0,96.0,2011.0,749.0,6.0,4.0,3.0,6.0,6.0,2.0,2.0,1.0,Completed,1.44,2.75,1.48,2.87,1.48,3.23,1.42,2.87
WTA,2024,5,Melbourne,Australian Open,2024-01-19,Grand Slam,Outdoor,Hard,3rd Round,3,Anisimova A.,Badosa P.,442.0,100.0,130.0,738.0,7.0,5.0,6.0,4.0,,,2.0,0.0,Completed,2.38,1.57,2.48,1.61,2.51,1.65,2.38,1.59
WTA,2024,5,Melbourne,Australian Open,2024-01-19,Grand Slam,Outdoor,Hard,3rd Round,3,Sabalenka A.,Tsurenko L.,2.0,33.0,8905.0,1452.0,6.0,0.0,6.0,0.0,,,2.0,0.0,Completed,1.05,11.0,1.08,11.81,1.09,12.0,1.06,9.63
WTA,2024,5,Melbourne,Australian Open,2024-01-19,Grand Slam,Outdoor,Hard,3rd Round,3,Andreeva M.,Parry D.,47.0,72.0,1168.0,943.0,1.0,6.0,6.0,1.0,7.0,6.0,2.0,1.0,Completed,1.08,8.0,1.12,7.92,1.14,8.01,1.1,7.18
WTA,2024,5,Melbourne,Australian Open,2024-01-19,Grand Slam,Outdoor,Hard,3rd Round,3,Kostyuk M.,Avanesyan E.,37.0,74.0,1330.0,939.0,2.0,6.0,6.0,4.0,6.0,4.0,2.0,1.0,Completed,1.25,4.0,1.28,4.07,1.31,4.07,1.26,3.9
WTA,2024,5,Melbourne,Australian Open,2024-01-19,Grand Slam,Outdoor,Hard,3rd Round,3,Gauff C.,Parks A.,4.0,82.0,6660.0,838.0,6.0,0.0,6.0,2.0,,,2.0,0.0,Completed,1.05,11.0,1.06,13.09,1.07,13.09,1.05,10.57
WTA,2024,5,Melbourne,Australian Open,2024-01-19,Grand Slam,Outdoor,Hard,3rd Round,3,Frech M.,Zakharova A.,69.0,190.0,965.0,404.0,4.0,6.0,7.0,5.0,6.0,4.0,2.0,1.0,Completed,1.53,2.5,1.63,2.45,1.63,2.71,1.54,2.49
WTA,2024,5,Melbourne,Australian Open,2024-01-19,Grand Slam,Outdoor,Hard,3rd Round,3,Timofeeva M.,Haddad Maia B.,170.0,12.0,451.0,2830.0,7.0,6.0,6.0,3.0,,,2.0,0.0,Completed,4.0,1.25,4.4,1.25,4.4,1.29,4.01,1.25
WTA,2024,5,Melbourne,Australian Open,2024-01-19,Grand Slam,Outdoor,Hard,3rd Round,3,Krejcikova B.,Hunter S.,11.0,180.0,2891.0,426.0,4.0,6.0,7.0,5.0,6.0,3.0,2.0,1.0,Completed,1.22,4.33,1.24,4.63,1.29,4.63,1.23,4.19
WTA,2024,5,Melbourne,Australian Open,2024-01-20,Grand Slam,Outdoor,Hard,3rd Round,3,Kalinskaya A.,Stephens S.,75.0,44.0,923.0,1202.0,6.0,7.0,6.0,1.0,6.0,4.0,2.0,1.0,Completed,1.73,2.1,1.68,2.33,1.79,2.33,1.72,2.14
WTA,2024,5,Melbourne,Australian Open,2024-01-20,Grand Slam,Outdoor,Hard,3rd Round,3,Yastremska D.,Navarro E.,93.0,26.0,777.0,1730.0,6.0,2.0,2.0,6.0,6.0,1.0,2.0,1.0,Completed,2.75,1.44,2.93,1.46,2.93,1.5,2.73,1.46
WTA,2024,5,Melbourne,Australian Open,2024-01-20,Grand Slam,Outdoor,Hard,3rd Round,3,Zheng Q.,Wang Y.,15.0,94.0,2720.0,771.0,6.0,4.0,2.0,6.0,7.0,6.0,2.0,1.0,Completed,1.17,5.0,1.19,5.5,1.21,5.5,1.17,5.06
WTA,2024,5,Melbourne,Australian Open,2024-01-20,Grand Slam,Outdoor,Hard,3rd Round,3,Dodin O.,Burel C.,95.0,51.0,765.0,1140.0,6.0,2.0,6.0,4.0,,,2.0,0.0,Completed,3.4,1.33,3.5,1.35,3.5,1.35,3.34,1.33
WTA,2024,5,Melbourne,Australian Open,2024-01-20,Grand Slam,Outdoor,Hard,3rd Round,3,Paolini J.,Blinkova A.,31.0,57.0,1530.0,1072.0,7.0,6.0,6.0,4.0,,,2.0,0.0,Completed,1.67,2.2,1.56,2.6,1.68,2.6,1.61,2.33
WTA,2024,5,Melbourne,Australian Open,2024-01-20,Grand Slam,Outdoor,Hard,3rd Round,3,Azarenka V.,Ostapenko J.,22.0,10.0,2011.0,3328.0,6.0,1.0,7.0,5.0,,,2.0,0.0,Completed,2.1,1.73,2.0,1.91,2.18,1.91,2.03,1.79
WTA,2024,5,Melbourne,Australian Open,2024-01-20,Grand Slam,Outdoor,Hard,3rd Round,3,Noskova L.,Swiatek I.,50.0,1.0,1143.0,9880.0,3.0,6.0,6.0,3.0,6.0,4.0,2.0,1.0,Completed,10.0,1.06,12.06,1.07,13,1.08,9.79,1.06
WTA,2024,5,Melbourne,Australian Open,2024-01-20,Grand Slam,Outdoor,Hard,3rd Round,3,Svitolina E.,Golubic V.,23.0,85.0,1972.0,829.0,6.0,2.0,6.0,3.0,,,2.0,0.0,Completed,1.14,5.5,1.18,5.7,1.19,5.7,1.17,5.2
WTA,2024,5,Melbourne,Australian Open,2024-01-21,Grand Slam,Outdoor,Hard,4th Round,3,Gauff C.,Frech M.,4.0,69.0,6660.0,965.0,6.0,1.0,6.0,2.0,,,2.0,0.0,Completed,1.04,13.0,1.06,12.99,1.06,13.0,1.04,11.13
WTA,2024,5,Melbourne,Australian Open,2024-01-21,Grand Slam,Outdoor,Hard,4th Round,3,Sabalenka A.,Anisimova A.,2.0,442.0,8905.0,130.0,6.0,3.0,6.0,2.0,,,2.0,0.0,Completed,1.2,4.5,1.21,5.14,1.21,5.14,1.2,4.6
WTA,2024,5,Melbourne,Australian Open,2024-01-21,Grand Slam,Outdoor,Hard,4th Round,3,Kostyuk M.,Timofeeva M.,37.0,170.0,1330.0,451.0,6.0,2.0,6.0,1.0,,,2.0,0.0,Completed,1.5,2.63,1.52,2.73,1.54,2.75,1.5,2.61
WTA,2024,5,Melbourne,Australian Open,2024-01-21,Grand Slam,Outdoor,Hard,4th Round,3,Krejcikova B.,Andreeva M.,11.0,47.0,2891.0,1168.0,4.0,6.0,6.0,3.0,6.0,2.0,2.0,1.0,Completed,2.5,1.53,2.48,1.61,2.74,1.61,2.47,1.55
WTA,2024,5,Melbourne,Australian Open,2024-01-22,Grand Slam,Outdoor,Hard,4th Round,3,Yastremska D.,Azarenka V.,93.0,22.0,777.0,2011.0,7.0,6.0,6.0,4.0,,,2.0,0.0,Completed,3.4,1.33,3.9,1.3,3.9,1.37,3.32,1.33
WTA,2024,5,Melbourne,Australian Open,2024-01-22,Grand Slam,Outdoor,Hard,4th Round,3,Noskova L.,Svitolina E.,50.0,23.0,1143.0,1972.0,3.0,0.0,,,,,0.0,0.0,Retired,2.63,1.5,2.79,1.5,2.79,1.58,2.6,1.51
WTA,2024,5,Melbourne,Australian Open,2024-01-22,Grand Slam,Outdoor,Hard,4th Round,3,Kalinskaya A.,Paolini J.,75.0,31.0,923.0,1530.0,6.0,4.0,6.0,2.0,,,2.0,0.0,Completed,1.57,2.38,1.64,2.42,1.68,2.42,1.61,2.33
WTA,2024,5,Melbourne,Australian Open,2024-01-22,Grand Slam,Outdoor,Hard,4th Round,3,Zheng Q.,Dodin O.,15.0,95.0,2720.0,765.0,6.0,0.0,6.0,3.0,,,2.0,0.0,Completed,1.2,4.5,1.23,4.71,1.24,5.24,1.2,4.55
WTA,2024,5,Melbourne,Australian Open,2024-01-23,Grand Slam,Outdoor,Hard,Quarterfinals,3,Gauff C.,Kostyuk M.,4.0,37.0,6660.0,1330.0,7.0,6.0,6.0,7.0,6.0,2.0,2.0,1.0,Completed,1.11,6.5,1.15,6.54,1.15,6.68,1.13,6.03
WTA,2024,5,Melbourne,Australian Open,2024-01-23,Grand Slam,Outdoor,Hard,Quarterfinals,3,Sabalenka A.,Krejcikova B.,2.0,11.0,8905.0,2891.0,6.0,2.0,6.0,3.0,,,2.0,0.0,Completed,1.14,5.5,1.18,5.59,1.2,6.21,1.16,5.35
WTA,2024,5,Melbourne,Australian Open,2024-01-24,Grand Slam,Outdoor,Hard,Quarterfinals,3,Yastremska D.,Noskova L.,93.0,50.0,777.0,1143.0,6.0,3.0,6.0,4.0,,,2.0,0.0,Completed,2.5,1.53,2.47,1.61,2.63,1.61,2.47,1.55
WTA,2024,5,Melbourne,Australian Open,2024-01-24,Grand Slam,Outdoor,Hard,Quarterfinals,3,Zheng Q.,Kalinskaya A.,15.0,75.0,2720.0,923.0,6.0,7.0,6.0,3.0,6.0,1.0,2.0,1.0,Completed,1.62,2.3,1.64,2.41,1.7,2.41,1.62,2.31
WTA,2024,5,Melbourne,Australian Open,2024-01-25,Grand Slam,Outdoor,Hard,Semifinals,3,Sabalenka A.,Gauff C.,2.0,4.0,8905.0,6660.0,7.0,6.0,6.0,4.0,,,2.0,0.0,Completed,1.44,2.75,1.51,2.78,1.55,2.87,1.46,2.72
WTA,2024,5,Melbourne,Australian Open,2024-01-25,Grand Slam,Outdoor,Hard,Semifinals,3,Zheng Q.,Yastremska D.,15.0,93.0,2720.0,777.0,6.0,4.0,6.0,4.0,,,2.0,0.0,Completed,1.44,2.75,1.51,2.77,1.53,3.0,1.46,2.73
WTA,2024,5,Melbourne,Australian Open,2024-01-27,Grand Slam,Outdoor,Hard,The Final,3,Sabalenka A.,Zheng Q.,2.0,15.0,8905.0,2720.0,6.0,3.0,6.0,2.0,,,2.0,0.0,Completed,1.15,6.0,1.17,5.88,1.19,6.0,1.16,5.37
WTA,2024,24,Paris,French Open,2024-05-26,Grand Slam,Outdoor,Clay,1st Round,3,Bouzkova M.,Kudermetova V.,42.0,31.0,1305.0,1623.0,6.0,2.0,6.0,4.0,,,2.0,0.0,Completed,2.1,1.73,2.09,1.81,2.15,1.83,2.07,1.77
WTA,2024,24,Paris,French Open,2024-05-26,Grand Slam,Outdoor,Clay,1st Round,3,Vekic D.,Tsurenko L.,40.0,45.0,1358.0,1278.0,6.0,5.0,,,,,0.0,0.0,Retired,1.67,2.2,1.63,2.41,1.67,2.42,1.64,2.28
WTA,2024,24,Paris,French Open,2024-05-26,Grand Slam,Outdoor,Clay,1st Round,3,Wang Y.,Timofeeva M.,68.0,105.0,979.0,722.0,6.0,3.0,6.0,3.0,,,2.0,0.0,Completed,2.0,1.8,2.07,1.83,2.14,1.85,2.02,1.8
WTA,2024,24,Paris,French Open,2024-05-26,Grand Slam,Outdoor,Clay,1st Round,3,Yastremska D.,Tomljanovic A.,32.0,202.0,1622.0,357.0,3.0,6.0,6.0,3.0,6.0,3.0,2.0,1.0,Completed,1.33,3.4,1.38,3.28,1.38,3.44,1.35,3.25
WTA,2024,24,Paris,French Open,2024-05-26,Grand Slam,Outdoor,Clay,1st Round,3,Osaka N.,Bronzetti L.,134.0,67.0,544.0,983.0,6.0,1.0,4.0,6.0,7.0,5.0,2.0,1.0,Completed,1.2,4.5,1.23,4.69,1.23,4.69,1.21,4.47
WTA,2024,24,Paris,French Open,2024-05-26,Grand Slam,Outdoor,Clay,1st Round,3,Kostyuk M.,Pigossi L.,20.0,119.0,2180.0,645.0,7.0,5.0,6.0,7.0,6.0,4.0,2.0,1.0,Completed,1.17,5.0,1.18,5.42,1.2,5.42,1.17,5.03
WTA,2024,24,Paris,French Open,2024-05-26,Grand Slam,Outdoor,Clay,1st Round,3,Fett J.,Bouzas Maneiro J.,135.0,86.0,541.0,811.0,6.0,2.0,3.0,6.0,7.0,5.0,2.0,1.0,Completed,2.38,1.57,2.53,1.58,2.53,1.66,2.41,1.57
WTA,2024,24,Paris,French Open,2024-05-26,Grand Slam,Outdoor,Clay,1st Round,3,Ostapenko J.,Cristian J.,11.0,69.0,3318.0,965.0,6.0,4.0,7.0,5.0,,,2.0,0.0,Completed,1.44,2.75,1.49,2.81,1.55,2.9,1.46,2.73
WTA,2024,24,Paris,French Open,2024-05-26,Grand Slam,Outdoor,Clay,1st Round,3,Kenin S.,Siegemund L.,56.0,71.0,1094.0,932.0,4.0,6.0,6.0,2.0,6.0,2.0,2.0,1.0,Completed,2.3,1.62,2.46,1.61,2.46,1.69,2.31,1.62
WTA,2024,24,Paris,French Open,2024-05-26,Grand Slam,Outdoor,Clay,1st Round,3,Siniakova K.,Galfi D.,33.0,145.0,1585.0,509.0,7.0,5.0,7.0,6.0,,,2.0,0.0,Completed,1.13,6.0,1.13,7.06,1.15,7.06,1.13,6.28
WTA,2024,24,Paris,French Open,2024-05-26,Grand Slam,Outdoor,Clay,1st Round,3,Garcia C.,Lys E.,23.0,143.0,2068.0,516.0,4.0,6.0,7.0,5.0,6.0,2.0,2.0,1.0,Completed,1.25,4.0,1.27,4.16,1.28,4.16,1.26,3.96
WTA,2024,24,Paris,French Open,2024-05-26,Grand Slam,Outdoor,Clay,1st Round,3,Anisimova A.,Sramkova R.,231.0,101.0,322.0,745.0,7.0,6.0,6.0,4.0,,,2.0,0.0,Completed,1.67,2.2,1.71,2.24,1.81,2.25,1.69,2.19
WTA,2024,24,Paris,French Open,2024-05-26,Grand Slam,Outdoor,Clay,1st Round,3,Wang Xiy.,Bai Z.,61.0,93.0,1046.0,775.0,7.0,5.0,6.0,7.0,6.0,3.0,2.0,1.0,Completed,1.33,3.4,1.38,3.31,1.38,3.4,1.35,3.23
WTA,2024,24,Paris,French Open,2024-05-26,Grand Slam,Outdoor,Clay,1st Round,3,Paquet C.,Shnaider D.,136.0,47.0,540.0,1236.0,6.0,3.0,6.0,1.0,,,2.0,0.0,Completed,5.0,1.17,5.93,1.16,6,1.2,5.35,1.16
WTA,2024,24,Paris,French Open,2024-05-26,Grand Slam,Outdoor,Clay,1st Round,3,Tauson C.,Maria T.,72.0,65.0,924.0,1024.0,6.0,2.0,6.0,3.0,,,2.0,0.0,Completed,1.29,3.75,1.32,3.67,1.34,3.9,1.31,3.53
WTA,2024,24,Paris,French Open,2024-05-26,Grand Slam,Outdoor,Clay,1st Round,3,Zidansek T.,Van Uytvanck A.,131.0,397.0,556.0,158.0,6.0,2.0,2.0,6.0,6.0,1.0,2.0,1.0,Completed,1.33,3.4,1.38,3.29,1.38,3.4,1.35,3.24
WTA,2024,24,Paris,French Open,2024-05-26,Grand Slam,Outdoor,Clay,1st Round,3,Golubic V.,Krejcikova B.,76.0,26.0,908.0,1768.0,7.0,6.0,6.0,4.0,,,2.0,0.0,Completed,5.5,1.14,5.87,1.17,6.5,1.17,5.61,1.15
WTA,2024,24,Paris,French Open,2024-05-26,Grand Slam,Outdoor,Clay,1st Round,3,Danilovic O.,Trevisan M.,125.0,92.0,588.0,778.0,6.0,1.0,6.0,2.0,,,2.0,0.0,Completed,1.44,2.75,1.48,2.82,1.49,2.82,1.46,2.74
WTA,2024,24,Paris,French Open,2024-05-26,Grand Slam,Outdoor,Clay,1st Round,3,Wang Xin.,Niemeier J.,37.0,97.0,1411.0,761.0,0.0,6.0,6.0,2.0,6.0,4.0,2.0,1.0,Completed,2.1,1.73,2.17,1.76,2.27,1.76,2.15,1.71
WTA,2024,24,Paris,French Open,2024-05-26,Grand Slam,Outdoor,Clay,1st Round,3,Volynets K.,Krunic A.,108.0,425.0,717.0,144.0,7.0,6.0,6.0,2.0,,,2.0,0.0,Completed,1.29,3.75,1.31,3.79,1.33,4.0,1.29,3.68
WTA,2024,24,Paris,French Open,2024-05-27,Grand Slam,Outdoor,Clay,1st Round,3,Paolini J.,Saville D.,15.0,84.0,2898.0,820.0,6.0,3.0,6.0,4.0,,,2.0,0.0,Completed,1.2,4.5,1.24,4.48,1.25,4.54,1.22,4.31
WTA,2024,24,Paris,French Open,2024-05-27,Grand Slam,Outdoor,Clay,1st Round,3,Potapova A.,Rakhimova K.,41.0,87.0,1317.0,804.0,6.0,2.0,6.0,3.0,,,2.0,0.0,Completed,1.22,4.33,1.26,4.22,1.32,4.34,1.25,4.0
WTA,2024,24,Paris,French Open,2024-05-27,Grand Slam,Outdoor,Clay,1st Round,3,Vondrousova M.,Masarova R.,6.0,94.0,4143.0,772.0,6.0,1.0,6.0,3.0,,,2.0,0.0,Completed,1.14,5.5,1.16,5.9,1.17,6.34,1.15,5.52
WTA,2024,24,Paris,French Open,2024-05-27,Grand Slam,Outdoor,Clay,1st Round,3,Samsonova L.,Linette M.,17.0,46.0,2580.0,1236.0,6.0,1.0,6.0,1.0,,,2.0,0.0,Completed,1.57,2.38,1.57,2.56,1.6,2.56,1.56,2.45
WTA,2024,24,Paris,French Open,2024-05-27,Grand Slam,Outdoor,Clay,1st Round,3,Baptiste H.,Day K.,107.0,99.0,719.0,749.0,4.0,6.0,6.0,2.0,6.0,2.0,2.0,1.0,Completed,1.62,2.3,1.51,2.72,1.69,2.72,1.58,2.4
WTA,2024,24,Paris,French Open,2024-05-27,Grand Slam,Outdoor,Clay,1st Round,3,Jabeur O.,Vickery S.,9.0,124.0,3748.0,607.0,6.0,3.0,6.0,2.0,,,2.0,0.0,Completed,1.17,5.0,1.16,6.04,1.18,6.2,1.15,5.55
WTA,2024,24,Paris,French Open,2024-05-27,Grand Slam,Outdoor,Clay,1st Round,3,Swiatek I.,Jeanjean L.,1.0,148.0,11695.0,498.0,6.0,1.0,6.0,2.0,,,2.0,0.0,Completed,1.002,41.0,1.01,43.69,1.02,44.06,1.0,26.74
WTA,2024,24,Paris,French Open,2024-05-27,Grand Slam,Outdoor,Clay,1st Round,3,Tomova V.,Alexandrova E.,75.0,18.0,914.0,2480.0,6.0,3.0,7.0,6.0,,,2.0,0.0,Completed,2.75,1.44,2.67,1.53,2.78,1.6,2.64,1.5
WTA,2024,24,Paris,French Open,2024-05-27,Grand Slam,Outdoor,Clay,1st Round,3,Fernandez L.A.,Ponchet J.,34.0,147.0,1565.0,502.0,6.0,2.0,6.0,0.0,,,2.0,0.0,Completed,1.17,5.0,1.21,5.02,1.21,5.31,1.18,4.93
WTA,2024,24,Paris,French Open,2024-05-27,Grand Slam,Outdoor,Clay,1st Round,3,Gauff C.,Avdeeva J.,3.0,208.0,7638.0,352.0,6.0,1.0,6.0,1.0,,,2.0,0.0,Completed,1.03,17.0,1.02,26.77,1.03,26.77,1.02,17.48
WTA,2024,24,Paris,French Open,2024-05-27,Grand Slam,Outdoor,Clay,1st Round,3,Collins D.,Dolehide C.,10.0,60.0,3472.0,1068.0,6.0,3.0,6.0,4.0,,,2.0,0.0,Completed,1.08,8.0,1.08,10.51,1.09,11.01,1.07,8.94
WTA,2024,24,Paris,French Open,2024-05-27,Grand Slam,Outdoor,Clay,1st Round,3,Pavlyuchenkova A.,Udvardy P.,22.0,132.0,2116.0,552.0,6.0,3.0,6.0,4.0,,,2.0,0.0,Completed,1.17,5.0,1.15,6.43,1.18,6.44,1.14,5.82
WTA,2024,24,Paris,French Open,2024-05-27,Grand Slam,Outdoor,Clay,1st Round,3,Kalinskaya A.,Burel C.,25.0,44.0,1916.0,1288.0,7.0,6.0,7.0,5.0,,,2.0,0.0,Completed,1.67,2.2,1.68,2.31,1.71,2.31,1.67,2.22
WTA,2024,24,Paris,French Open,2024-05-27,Grand Slam,Outdoor,Clay,1st Round,3,Osorio M.,Kalinina A.,77.0,48.0,905.0,1221.0,3.0,6.0,7.0,6.0,4.0,1.0,1.0,1.0,Retired,2.38,1.57,2.56,1.56,2.78,1.59,2.49,1.54
WTA,2024,24,Paris,French Open,2024-05-27,Grand Slam,Outdoor,Clay,1st Round,3,Svitolina E.,Pliskova Ka.,19.0,52.0,2290.0,1147.0,3.0,6.0,6.0,4.0,6.0,2.0,2.0,1.0,Completed,1.29,3.75,1.27,4.1,1.3,4.25,1.27,3.85
WTA,2024,24,Paris,French Open,2024-05-27,Grand Slam,Outdoor,Clay,1st Round,3,Andreescu B.,Sorribes Tormo S.,228.0,43.0,323.0,1299.0,7.0,5.0,6.0,1.0,,,2.0,0.0,Completed,3.5,1.3,3.98,1.29,3.98,1.32,3.69,1.29
WTA,2024,24,Paris,French Open,2024-05-27,Grand Slam,Outdoor,Clay,1st Round,3,Gracheva V.,Sakkari M.,88.0,7.0,800.0,3980.0,3.0,6.0,6.0,4.0,6.0,3.0,2.0,1.0,Completed,5.0,1.17,5.17,1.2,5.25,1.2,4.83,1.18
WTA,2024,24,Paris,French Open,2024-05-27,Grand Slam,Outdoor,Clay,1st Round,3,Noskova L.,Dart H.,29.0,90.0,1714.0,789.0,7.0,6.0,6.0,4.0,,,2.0,0.0,Completed,1.08,8.0,1.09,9.08,1.1,9.08,1.08,8.09
WTA,2024,24,Paris,French Open,2024-05-27,Grand Slam,Outdoor,Clay,1st Round,3,Parry D.,Ferro F.,63.0,126.0,1036.0,584.0,3.0,6.0,6.0,3.0,6.0,3.0,2.0,1.0,Completed,1.53,2.5,1.57,2.56,1.58,2.6,1.53,2.51
WTA,2024,24,Paris,French Open,2024-05-27,Grand Slam,Outdoor,Clay,1st Round,3,Bucsa C.,Starodubtseva Y.,73.0,142.0,924.0,518.0,6.0,4.0,6.0,1.0,,,2.0,0.0,Completed,1.62,2.3,1.71,2.25,1.81,2.32,1.69,2.19
WTA,2024,24,Paris,French Open,2024-05-27,Grand Slam,Outdoor,Clay,1st Round,3,Begu I.,Riera J.,127.0,115.0,581.0,676.0,6.0,2.0,6.0,2.0,,,2.0,0.0,Completed,1.57,2.38,1.61,2.46,1.67,2.46,1.58,2.39
WTA,2024,24,Paris,French Open,2024-05-27,Grand Slam,Outdoor,Clay,1st Round,3,Bogdan A.,Jacquemot E.,64.0,149.0,1029.0,493.0,6.0,1.0,6.0,3.0,,,2.0,0.0,Completed,1.5,2.63,1.54,2.63,1.54,2.66,1.51,2.59
WTA,2024,24,Paris,French Open,2024-05-27,Grand Slam,Outdoor,Clay,1st Round,3,Pera B.,Hibino N.,80.0,96.0,871.0,764.0,6.0,2.0,6.0,0.0,,,2.0,0.0,Completed,1.22,4.33,1.22,4.78,1.23,5.06,1.21,4.5
WTA,2024,24,Paris,French Open,2024-05-27,Grand Slam,Outdoor,Clay,1st Round,3,Cocciaretto E.,Haddad Maia B.,51.0,14.0,1149.0,2983.0,3.0,6.0,6.0,4.0,6.0,1.0,2.0,1.0,Completed,3.0,1.4,3.08,1.42,3.08,1.45,2.94,1.41
WTA,2024,24,Paris,French Open,2024-05-28,Grand Slam,Outdoor,Clay,1st Round,3,Rybakina E.,Minnen G.,4.0,85.0,5673.0,812.0,6.0,2.0,6.0,3.0,,,2.0,0.0,Completed,1.05,11.0,1.04,16.81,1.06,16.81,1.04,12.04
WTA,2024,24,Paris,French Open,2024-05-28,Grand Slam,Outdoor,Clay,1st Round,3,Zheng Q.,Cornet A.,8.0,106.0,3945.0,720.0,6.0,2.0,6.0,1.0,,,2.0,0.0,Completed,1.07,9.0,1.07,11.23,1.14,11.23,1.07,9.11
WTA,2024,24,Paris,French Open,2024-05-28,Grand Slam,Outdoor,Clay,1st Round,3,Blinkova A.,Cirstea S.,55.0,30.0,1096.0,1704.0,6.0,3.0,3.0,6.0,7.0,6.0,2.0,1.0,Completed,3.2,1.36,3.26,1.38,3.26,1.47,3.06,1.39
WTA,2024,24,Paris,French Open,2024-05-28,Grand Slam,Outdoor,Clay,1st Round,3,Korpatsch T.,Krueger A.,79.0,66.0,897.0,994.0,4.0,6.0,6.0,4.0,7.0,6.0,2.0,1.0,Completed,4.0,1.25,4.26,1.26,4.33,1.26,4.07,1.25
WTA,2024,24,Paris,French Open,2024-05-28,Grand Slam,Outdoor,Clay,1st Round,3,Mertens E.,Carle M.,27.0,82.0,1739.0,863.0,6.0,3.0,7.0,6.0,,,2.0,0.0,Completed,1.44,2.75,1.5,2.78,1.51,2.8,1.47,2.71
WTA,2024,24,Paris,French Open,2024-05-28,Grand Slam,Outdoor,Clay,1st Round,3,Martic P.,Mladenovic K.,81.0,212.0,863.0,348.0,6.0,4.0,6.0,4.0,,,2.0,0.0,Completed,1.2,4.5,1.21,4.96,1.23,5.2,1.19,4.79
WTA,2024,24,Paris,French Open,2024-05-28,Grand Slam,Outdoor,Clay,1st Round,3,Avanesyan E.,Zhu L.,70.0,58.0,956.0,1077.0,6.0,2.0,6.0,4.0,,,2.0,0.0,Completed,1.36,3.2,1.33,3.63,1.38,3.63,1.34,3.3
WTA,2024,24,Paris,French Open,2024-05-28,Grand Slam,Outdoor,Clay,1st Round,3,Rus A.,Kerber A.,50.0,232.0,1159.0,322.0,6.0,4.0,6.0,3.0,,,2.0,0.0,Completed,2.5,1.53,2.41,1.63,2.62,1.63,2.42,1.56
WTA,2024,24,Paris,French Open,2024-05-28,Grand Slam,Outdoor,Clay,1st Round,3,Sabalenka A.,Andreeva E.,2.0,100.0,8138.0,749.0,6.0,1.0,6.0,2.0,,,2.0,0.0,Completed,1.04,13.0,1.04,16.65,1.08,16.65,1.04,12.6
WTA,2024,24,Paris,French Open,2024-05-28,Grand Slam,Outdoor,Clay,1st Round,3,Stearns P.,Ciric Bagaric L.,62.0,184.0,1040.0,401.0,6.0,3.0,6.0,7.0,7.0,6.0,2.0,1.0,Completed,1.44,2.75,1.49,2.81,1.5,2.81,1.47,2.73
WTA,2024,24,Paris,French Open,2024-05-28,Grand Slam,Outdoor,Clay,1st Round,3,Kasatkina D.,Frech M.,13.0,49.0,3258.0,1166.0,7.0,5.0,6.0,1.0,,,2.0,0.0,Completed,1.3,3.5,1.33,3.6,1.33,3.8,1.31,3.51
WTA,2024,24,Paris,French Open,2024-05-28,Grand Slam,Outdoor,Clay,1st Round,3,Keys M.,Zarazua R.,12.0,102.0,3283.0,743.0,6.0,3.0,6.0,2.0,,,2.0,0.0,Completed,1.1,7.0,1.1,8.37,1.12,8.37,1.09,7.28
WTA,2024,24,Paris,French Open,2024-05-28,Grand Slam,Outdoor,Clay,1st Round,3,Andreeva M.,Bektas E.,38.0,98.0,1407.0,761.0,6.0,2.0,6.0,3.0,,,2.0,0.0,Completed,1.05,11.0,1.06,12.41,1.08,12.41,1.06,10.18
WTA,2024,24,Paris,French Open,2024-05-28,Grand Slam,Outdoor,Clay,1st Round,3,Navarro E.,Sonmez Z.,24.0,163.0,2068.0,460.0,6.0,2.0,6.0,0.0,,,2.0,0.0,Completed,1.11,6.5,1.14,6.65,1.14,7.0,1.12,6.29
WTA,2024,24,Paris,French Open,2024-05-28,Grand Slam,Outdoor,Clay,1st Round,3,Uchijima M.,Burillo Escorihuela I.,83.0,302.0,855.0,226.0,6.0,1.0,6.0,1.0,,,2.0,0.0,Completed,1.22,4.33,1.23,4.7,1.24,4.89,1.21,4.47
WTA,2024,24,Paris,French Open,2024-05-28,Grand Slam,Outdoor,Clay,1st Round,3,Sherif M.,Yuan Y.,53.0,36.0,1113.0,1442.0,6.0,1.0,6.0,3.0,,,2.0,0.0,Completed,1.25,4.0,1.28,4.02,1.3,4.06,1.27,3.86
WTA,2024,24,Paris,French Open,2024-05-28,Grand Slam,Outdoor,Clay,1st Round,3,Errani S.,Schmiedlova A.,95.0,54.0,765.0,1110.0,6.0,3.0,6.0,2.0,,,2.0,0.0,Completed,2.1,1.73,2.09,1.82,2.12,1.83,2.05,1.78
WTA,2024,24,Paris,French Open,2024-05-28,Grand Slam,Outdoor,Clay,1st Round,3,Azarenka V.,Podoroska N.,21.0,59.0,2174.0,1076.0,6.0,1.0,6.0,0.0,,,2.0,0.0,Completed,1.2,4.5,1.23,4.66,1.26,4.66,1.21,4.41
WTA,2024,24,Paris,French Open,2024-05-28,Grand Slam,Outdoor,Clay,1st Round,3,Putintseva Y.,Stephens S.,39.0,35.0,1393.0,1447.0,6.0,1.0,6.0,2.0,,,2.0,0.0,Completed,1.73,2.1,1.71,2.25,1.73,2.26,1.7,2.16
WTA,2024,24,Paris,French Open,2024-05-28,Grand Slam,Outdoor,Clay,1st Round,3,Badosa P.,Boulter K.,139.0,28.0,532.0,1730.0,4.0,6.0,7.0,5.0,6.0,4.0,2.0,1.0,Completed,1.25,4.0,1.25,4.35,1.27,5.12,1.24,4.11
WTA,2024,24,Paris,French Open,2024-05-29,Grand Slam,Outdoor,Clay,2nd Round,3,Kenin S.,Garcia C.,56.0,23.0,1094.0,2068.0,6.0,3.0,6.0,3.0,,,2.0,0.0,Completed,2.5,1.53,2.45,1.62,2.5,1.62,2.4,1.58
WTA,2024,24,Paris,French Open,2024-05-29,Grand Slam,Outdoor,Clay,2nd Round,3,Jabeur O.,Osorio M.,9.0,77.0,3748.0,905.0,6.0,3.0,1.0,6.0,6.0,3.0,2.0,1.0,Completed,1.36,3.2,1.39,3.3,1.4,3.33,1.37,3.1
WTA,2024,24,Paris,French Open,2024-05-29,Grand Slam,Outdoor,Clay,2nd Round,3,Swiatek I.,Osaka N.,1.0,134.0,11695.0,544.0,7.0,6.0,1.0,6.0,7.0,5.0,2.0,1.0,Completed,1.04,13.0,1.05,14.78,1.05,15.0,1.04,12.05
WTA,2024,24,Paris,French Open,2024-05-29,Grand Slam,Outdoor,Clay,2nd Round,3,Gauff C.,Zidansek T.,3.0,131.0,7638.0,556.0,6.0,3.0,6.0,4.0,,,2.0,0.0,Completed,1.03,15.0,1.04,17.63,1.04,17.63,1.03,13.59
WTA,2024,24,Paris,French Open,2024-05-30,Grand Slam,Outdoor,Clay,2nd Round,3,Vekic D.,Kostyuk M.,40.0,20.0,1358.0,2180.0,7.0,5.0,6.0,4.0,,,2.0,0.0,Completed,2.5,1.53,2.66,1.54,2.66,1.56,2.53,1.53
WTA,2024,24,Paris,French Open,2024-05-30,Grand Slam,Outdoor,Clay,2nd Round,3,Badosa P.,Putintseva Y.,139.0,39.0,532.0,1393.0,4.0,6.0,6.0,1.0,7.0,5.0,2.0,1.0,Completed,1.73,2.1,1.85,2.06,1.94,2.2,1.77,2.07
WTA,2024,24,Paris,French Open,2024-05-30,Grand Slam,Outdoor,Clay,2nd Round,3,Potapova A.,Golubic V.,41.0,76.0,1317.0,908.0,6.0,2.0,6.0,2.0,,,2.0,0.0,Completed,1.2,4.5,1.18,5.58,1.21,5.58,1.18,5.04
WTA,2024,24,Paris,French Open,2024-05-30,Grand Slam,Outdoor,Clay,2nd Round,3,Paquet C.,Siniakova K.,136.0,33.0,540.0,1585.0,3.0,6.0,7.0,6.0,7.0,6.0,2.0,1.0,Completed,4.0,1.25,4.54,1.24,4.59,1.26,4.21,1.23
WTA,2024,24,Paris,French Open,2024-05-30,Grand Slam,Outdoor,Clay,2nd Round,3,Yastremska D.,Wang Y.,32.0,68.0,1622.0,979.0,6.0,2.0,6.0,0.0,,,2.0,0.0,Completed,1.4,3.0,1.43,3.08,1.47,3.08,1.41,2.94
WTA,2024,24,Paris,French Open,2024-05-30,Grand Slam,Outdoor,Clay,2nd Round,3,Wang Xin.,Tomova V.,37.0,75.0,1411.0,914.0,7.0,5.0,5.0,7.0,6.0,1.0,2.0,1.0,Completed,1.73,2.1,1.78,2.16,1.8,2.16,1.75,2.1
WTA,2024,24,Paris,French Open,2024-05-30,Grand Slam,Outdoor,Clay,2nd Round,3,Sabalenka A.,Uchijima M.,2.0,83.0,8138.0,855.0,6.0,2.0,6.0,2.0,,,2.0,0.0,Completed,1.07,9.0,1.07,11.61,1.07,12.27,1.06,9.9
WTA,2024,24,Paris,French Open,2024-05-30,Grand Slam,Outdoor,Clay,2nd Round,3,Rybakina E.,Rus A.,4.0,50.0,5673.0,1159.0,6.0,3.0,6.0,4.0,,,2.0,0.0,Completed,1.07,9.0,1.07,11.24,1.09,11.24,1.06,9.26
WTA,2024,24,Paris,French Open,2024-05-30,Grand Slam,Outdoor,Clay,2nd Round,3,Danilovic O.,Collins D.,125.0,10.0,588.0,3472.0,6.0,7.0,7.0,5.0,6.0,4.0,2.0,1.0,Completed,4.5,1.2,4.43,1.25,4.6,1.25,4.32,1.22
WTA,2024,24,Paris,French Open,2024-05-30,Grand Slam,Outdoor,Clay,2nd Round,3,Svitolina E.,Parry D.,19.0,63.0,2290.0,1036.0,6.0,4.0,7.0,6.0,,,2.0,0.0,Completed,1.33,3.4,1.36,3.43,1.36,3.44,1.34,3.29
WTA,2024,24,Paris,French Open,2024-05-30,Grand Slam,Outdoor,Clay,2nd Round,3,Samsonova L.,Anisimova A.,17.0,231.0,2580.0,322.0,6.0,2.0,6.0,1.0,,,2.0,0.0,Completed,1.53,2.5,1.57,2.59,1.57,2.6,1.53,2.52
WTA,2024,24,Paris,French Open,2024-05-30,Grand Slam,Outdoor,Clay,2nd Round,3,Tauson C.,Ostapenko J.,72.0,11.0,924.0,3318.0,7.0,6.0,4.0,6.0,6.0,3.0,2.0,1.0,Completed,2.38,1.57,2.47,1.61,2.47,1.62,2.39,1.58
WTA,2024,24,Paris,French Open,2024-05-30,Grand Slam,Outdoor,Clay,2nd Round,3,Vondrousova M.,Volynets K.,6.0,108.0,4143.0,717.0,0.0,6.0,6.0,1.0,6.0,4.0,2.0,1.0,Completed,1.2,4.5,1.22,4.82,1.23,4.82,1.21,4.47
WTA,2024,24,Paris,French Open,2024-05-30,Grand Slam,Outdoor,Clay,2nd Round,3,Fernandez L.A.,Wang Xiy.,34.0,61.0,1565.0,1046.0,6.0,3.0,6.0,4.0,,,2.0,0.0,Completed,1.4,3.0,1.41,3.16,1.41,3.2,1.39,3.03
WTA,2024,24,Paris,French Open,2024-05-30,Grand Slam,Outdoor,Clay,2nd Round,3,Keys M.,Sherif M.,12.0,53.0,3283.0,1113.0,6.0,0.0,7.0,6.0,,,2.0,0.0,Completed,1.22,4.33,1.26,4.3,1.29,4.33,1.26,3.93
WTA,2024,24,Paris,French Open,2024-05-30,Grand Slam,Outdoor,Clay,2nd Round,3,Mertens E.,Martic P.,27.0,81.0,1739.0,863.0,6.0,4.0,6.0,3.0,,,2.0,0.0,Completed,1.36,3.2,1.31,3.8,1.37,3.8,1.33,3.37
WTA,2024,24,Paris,French Open,2024-05-30,Grand Slam,Outdoor,Clay,2nd Round,3,Cocciaretto E.,Bucsa C.,51.0,73.0,1149.0,924.0,6.0,1.0,6.0,4.0,,,2.0,0.0,Completed,1.5,2.63,1.5,2.79,1.53,2.79,1.47,2.68
WTA,2024,24,Paris,French Open,2024-05-30,Grand Slam,Outdoor,Clay,2nd Round,3,Bouzkova M.,Fett J.,42.0,135.0,1305.0,541.0,6.0,2.0,6.0,2.0,,,2.0,0.0,Completed,1.3,3.5,1.34,3.6,1.34,3.6,1.31,3.47
WTA,2024,24,Paris,French Open,2024-05-30,Grand Slam,Outdoor,Clay,2nd Round,3,Avanesyan E.,Blinkova A.,70.0,55.0,956.0,1096.0,6.0,3.0,6.0,0.0,,,2.0,0.0,Completed,1.73,2.1,1.75,2.21,1.8,2.21,1.74,2.1
WTA,2024,24,Paris,French Open,2024-05-30,Grand Slam,Outdoor,Clay,2nd Round,3,Navarro E.,Errani S.,24.0,95.0,2068.0,765.0,6.0,2.0,7.0,5.0,,,2.0,0.0,Completed,1.14,5.5,1.15,6.66,1.15,6.72,1.13,5.96
WTA,2024,24,Paris,French Open,2024-05-30,Grand Slam,Outdoor,Clay,2nd Round,3,Begu I.,Noskova L.,127.0,29.0,581.0,1714.0,6.0,4.0,6.0,2.0,,,2.0,0.0,Completed,2.1,1.73,2.19,1.76,2.21,1.76,2.12,1.72
WTA,2024,24,Paris,French Open,2024-05-30,Grand Slam,Outdoor,Clay,2nd Round,3,Zheng Q.,Korpatsch T.,8.0,79.0,3945.0,897.0,6.0,2.0,6.0,2.0,,,2.0,0.0,Completed,1.05,11.0,1.07,12.3,1.07,13.26,1.05,10.41
WTA,2024,24,Paris,French Open,2024-05-30,Grand Slam,Outdoor,Clay,2nd Round,3,Stearns P.,Kasatkina D.,62.0,13.0,1040.0,3258.0,7.0,5.0,6.0,2.0,,,2.0,0.0,Completed,3.0,1.4,3.12,1.42,3.34,1.42,3.03,1.39
WTA,2024,24,Paris,French Open,2024-05-30,Grand Slam,Outdoor,Clay,2nd Round,3,Paolini J.,Baptiste H.,15.0,107.0,2898.0,719.0,6.0,4.0,7.0,6.0,,,2.0,0.0,Completed,1.2,4.5,1.22,4.84,1.22,5.06,1.2,4.66
WTA,2024,24,Paris,French Open,2024-05-30,Grand Slam,Outdoor,Clay,2nd Round,3,Andreescu B.,Kalinskaya A.,228.0,25.0,323.0,1916.0,1.0,6.0,7.0,5.0,6.0,3.0,2.0,1.0,Completed,2.3,1.62,2.55,1.58,2.6,1.63,2.46,1.55
WTA,2024,24,Paris,French Open,2024-05-30,Grand Slam,Outdoor,Clay,2nd Round,3,Gracheva V.,Pera B.,88.0,80.0,800.0,871.0,6.0,1.0,6.0,3.0,,,2.0,0.0,Completed,2.2,1.67,2.37,1.66,2.37,1.76,2.25,1.65
WTA,2024,24,Paris,French Open,2024-05-30,Grand Slam,Outdoor,Clay,2nd Round,3,Bogdan A.,Pavlyuchenkova A.,64.0,22.0,1029.0,2116.0,6.0,4.0,6.0,4.0,,,2.0,0.0,Completed,3.0,1.4,3.02,1.44,3.1,1.5,2.88,1.42
WTA,2024,24,Paris,French Open,2024-05-30,Grand Slam,Outdoor,Clay,2nd Round,3,Andreeva M.,Azarenka V.,38.0,21.0,1407.0,2174.0,6.0,3.0,3.0,6.0,7.0,5.0,2.0,1.0,Completed,1.91,1.91,2.0,1.91,2.03,1.94,1.93,1.88
WTA,2024,24,Paris,French Open,2024-05-31,Grand Slam,Outdoor,Clay,3rd Round,3,Danilovic O.,Vekic D.,125.0,40.0,588.0,1358.0,0.0,6.0,7.0,5.0,7.0,6.0,2.0,1.0,Completed,1.73,2.1,1.83,2.09,1.83,2.12,1.77,2.07
WTA,2024,24,Paris,French Open,2024-05-31,Grand Slam,Outdoor,Clay,3rd Round,3,Cocciaretto E.,Samsonova L.,51.0,17.0,1149.0,2580.0,7.0,6.0,6.0,2.0,,,2.0,0.0,Completed,3.0,1.4,3.07,1.43,3.1,1.44,2.94,1.41
WTA,2024,24,Paris,French Open,2024-05-31,Grand Slam,Outdoor,Clay,3rd Round,3,Gauff C.,Yastremska D.,3.0,32.0,7638.0,1622.0,6.0,2.0,6.0,4.0,,,2.0,0.0,Completed,1.11,6.5,1.11,8.08,1.13,8.08,1.1,7.03
WTA,2024,24,Paris,French Open,2024-05-31,Grand Slam,Outdoor,Clay,3rd Round,3,Potapova A.,Wang Xin.,41.0,37.0,1317.0,1411.0,7.0,5.0,6.0,7.0,6.0,4.0,2.0,1.0,Completed,1.4,3.0,1.42,3.14,1.44,3.15,1.41,2.96
WTA,2024,24,Paris,French Open,2024-05-31,Grand Slam,Outdoor,Clay,3rd Round,3,Vondrousova M.,Paquet C.,6.0,136.0,4143.0,540.0,6.0,1.0,6.0,3.0,,,2.0,0.0,Completed,1.13,6.0,1.16,6.27,1.17,6.27,1.14,5.72
WTA,2024,24,Paris,French Open,2024-05-31,Grand Slam,Outdoor,Clay,3rd Round,3,Tauson C.,Kenin S.,72.0,56.0,924.0,1094.0,6.0,2.0,7.0,5.0,,,2.0,0.0,Completed,1.73,2.1,1.73,2.24,1.77,2.24,1.72,2.14
WTA,2024,24,Paris,French Open,2024-05-31,Grand Slam,Outdoor,Clay,3rd Round,3,Jabeur O.,Fernandez L.A.,9.0,34.0,3748.0,1565.0,6.0,4.0,7.0,6.0,,,2.0,0.0,Completed,1.67,2.2,1.73,2.24,1.73,2.39,1.68,2.2
WTA,2024,24,Paris,French Open,2024-05-31,Grand Slam,Outdoor,Clay,3rd Round,3,Swiatek I.,Bouzkova M.,1.0,42.0,11695.0,1305.0,6.0,4.0,6.0,2.0,,,2.0,0.0,Completed,1.03,15.0,1.03,22.25,1.05,22.25,1.02,15.44
WTA,2024,24,Paris,French Open,2024-06-01,Grand Slam,Outdoor,Clay,3rd Round,3,Avanesyan E.,Zheng Q.,70.0,8.0,956.0,3945.0,3.0,6.0,6.0,3.0,7.0,6.0,2.0,1.0,Completed,6.5,1.11,6.48,1.15,6.65,1.15,6.01,1.13
WTA,2024,24,Paris,French Open,2024-06-01,Grand Slam,Outdoor,Clay,3rd Round,3,Gracheva V.,Begu I.,88.0,127.0,800.0,581.0,7.0,5.0,6.0,3.0,,,2.0,0.0,Completed,2.63,1.5,2.72,1.52,2.75,1.54,2.63,1.5
WTA,2024,24,Paris,French Open,2024-06-01,Grand Slam,Outdoor,Clay,3rd Round,3,Rybakina E.,Mertens E.,4.0,27.0,5673.0,1739.0,6.0,4.0,6.0,2.0,,,2.0,0.0,Completed,1.17,5.0,1.18,5.75,1.2,6.03,1.17,5.18
WTA,2024,24,Paris,French Open,2024-06-01,Grand Slam,Outdoor,Clay,3rd Round,3,Sabalenka A.,Badosa P.,2.0,139.0,8138.0,532.0,7.0,5.0,6.0,1.0,,,2.0,0.0,Completed,1.22,4.33,1.28,4.16,1.28,4.34,1.25,4.0
WTA,2024,24,Paris,French Open,2024-06-01,Grand Slam,Outdoor,Clay,3rd Round,3,Andreeva M.,Stearns P.,38.0,62.0,1407.0,1040.0,6.0,2.0,6.0,1.0,,,2.0,0.0,Completed,1.36,3.2,1.4,3.21,1.4,3.21,1.38,3.07
WTA,2024,24,Paris,French Open,2024-06-01,Grand Slam,Outdoor,Clay,3rd Round,3,Paolini J.,Andreescu B.,15.0,228.0,2898.0,323.0,6.0,1.0,3.0,6.0,6.0,0.0,2.0,1.0,Completed,1.44,2.75,1.49,2.83,1.49,2.83,1.46,2.73
WTA,2024,24,Paris,French Open,2024-06-01,Grand Slam,Outdoor,Clay,3rd Round,3,Svitolina E.,Bogdan A.,19.0,64.0,2290.0,1029.0,7.0,5.0,6.0,2.0,,,2.0,0.0,Completed,1.33,3.4,1.41,3.19,1.41,3.4,1.36,3.17
WTA,2024,24,Paris,French Open,2024-06-01,Grand Slam,Outdoor,Clay,3rd Round,3,Navarro E.,Keys M.,24.0,12.0,2068.0,3283.0,7.0,6.0,7.0,6.0,,,2.0,0.0,Completed,2.5,1.53,2.48,1.58,2.59,1.6,2.45,1.55
WTA,2024,24,Paris,French Open,2024-06-02,Grand Slam,Outdoor,Clay,4th Round,3,Swiatek I.,Potapova A.,1.0,41.0,11695.0,1317.0,6.0,0.0,6.0,0.0,,,2.0,0.0,Completed,1.02,19.0,1.03,20.49,1.04,20.49,1.03,14.39
WTA,2024,24,Paris,French Open,2024-06-02,Grand Slam,Outdoor,Clay,4th Round,3,Vondrousova M.,Danilovic O.,6.0,125.0,4143.0,588.0,6.0,4.0,6.0,2.0,,,2.0,0.0,Completed,1.3,3.5,1.32,3.72,1.38,3.72,1.32,3.46
WTA,2024,24,Paris,French Open,2024-06-02,Grand Slam,Outdoor,Clay,4th Round,3,Gauff C.,Cocciaretto E.,3.0,51.0,7638.0,1149.0,6.0,1.0,6.0,2.0,,,2.0,0.0,Completed,1.11,6.5,1.15,6.66,1.15,6.78,1.13,6.19
WTA,2024,24,Paris,French Open,2024-06-02,Grand Slam,Outdoor,Clay,4th Round,3,Jabeur O.,Tauson C.,9.0,72.0,3748.0,924.0,6.0,4.0,6.0,4.0,,,2.0,0.0,Completed,1.57,2.38,1.64,2.41,1.64,2.43,1.59,2.36
WTA,2024,24,Paris,French Open,2024-06-03,Grand Slam,Outdoor,Clay,4th Round,3,Rybakina E.,Svitolina E.,4.0,19.0,5673.0,2290.0,6.0,4.0,6.0,3.0,,,2.0,0.0,Completed,1.3,3.5,1.35,3.5,1.38,3.56,1.33,3.36
WTA,2024,24,Paris,French Open,2024-06-03,Grand Slam,Outdoor,Clay,4th Round,3,Paolini J.,Avanesyan E.,15.0,70.0,2898.0,956.0,4.0,6.0,6.0,0.0,6.0,1.0,2.0,1.0,Completed,1.29,3.75,1.28,3.91,1.32,3.93,1.28,3.68
WTA,2024,24,Paris,French Open,2024-06-03,Grand Slam,Outdoor,Clay,4th Round,3,Sabalenka A.,Navarro E.,2.0,24.0,8138.0,2068.0,6.0,2.0,6.0,3.0,,,2.0,0.0,Completed,1.29,3.75,1.34,3.57,1.34,3.75,1.3,3.54
WTA,2024,24,Paris,French Open,2024-06-03,Grand Slam,Outdoor,Clay,4th Round,3,Andreeva M.,Gracheva V.,38.0,88.0,1407.0,800.0,7.0,5.0,6.0,2.0,,,2.0,0.0,Completed,1.25,4.0,1.24,4.53,1.29,4.53,1.25,3.97
WTA,2024,24,Paris,French Open,2024-06-04,Grand Slam,Outdoor,Clay,Quarterfinals,3,Gauff C.,Jabeur O.,3.0,9.0,7638.0,3748.0,4.0,6.0,6.0,2.0,6.0,3.0,2.0,1.0,Completed,1.22,4.33,1.28,4.1,1.28,4.76,1.24,4.11
WTA,2024,24,Paris,French Open,2024-06-04,Grand Slam,Outdoor,Clay,Quarterfinals,3,Swiatek I.,Vondrousova M.,1.0,6.0,11695.0,4143.0,6.0,0.0,6.0,2.0,,,2.0,0.0,Completed,1.06,10.0,1.08,10.56,1.08,10.56,1.07,9.05
WTA,2024,24,Paris,French Open,2024-06-05,Grand Slam,Outdoor,Clay,Quarterfinals,3,Paolini J.,Rybakina E.,15.0,4.0,2898.0,5673.0,6.0,2.0,4.0,6.0,6.0,4.0,2.0,1.0,Completed,4.0,1.25,3.82,1.31,4,1.31,3.82,1.27
WTA,2024,24,Paris,French Open,2024-06-05,Grand Slam,Outdoor,Clay,Quarterfinals,3,Andreeva M.,Sabalenka A.,38.0,2.0,1407.0,8138.0,6.0,7.0,6.0,4.0,6.0,4.0,2.0,1.0,Completed,5.0,1.17,4.98,1.22,5,1.22,4.74,1.19
WTA,2024,24,Paris,French Open,2024-06-06,Grand Slam,Outdoor,Clay,Semifinals,3,Swiatek I.,Gauff C.,1.0,3.0,11695.0,7638.0,6.0,2.0,6.0,4.0,,,2.0,0.0,Completed,1.13,6.0,1.16,6.13,1.17,6.36,1.14,5.82
WTA,2024,24,Paris,French Open,2024-06-06,Grand Slam,Outdoor,Clay,Semifinals,3,Paolini J.,Andreeva M.,15.0,38.0,2898.0,1407.0,6.0,3.0,6.0,1.0,,,2.0,0.0,Completed,2.0,1.8,1.98,1.88,2.14,1.9,1.98,1.84
WTA,2024,24,Paris,French Open,2024-06-08,Grand Slam,Outdoor,Clay,The Final,3,Swiatek I.,Paolini J.,1.0,15.0,11695.0,2898.0,6.0,2.0,6.0,1.0,,,2.0,0.0,Completed,1.06,11.0,1.07,10.96,1.09,11.0,1.06,9.5
WTA,2024,31,London,Wimbledon,2024-07-01,Grand Slam,Outdoor,Grass,1st Round,3,Sakkari M.,Kessler M.,9.0,119.0,3805.0,631.0,6.0,3.0,6.0,1.0,,,2.0,0.0,Completed,1.17,5.0,1.23,4.69,1.23,5.0,1.2,4.63
WTA,2024,31,London,Wimbledon,2024-07-01,Grand Slam,Outdoor,Grass,1st Round,3,Pavlyuchenkova A.,Townsend T.,28.0,76.0,1756.0,864.0,7.0,6.0,6.0,1.0,,,2.0,0.0,Completed,1.36,3.2,1.4,3.15,1.44,3.2,1.39,3.01
WTA,2024,31,London,Wimbledon,2024-07-01,Grand Slam,Outdoor,Grass,1st Round,3,Zhu L.,Begu I.,61.0,126.0,997.0,596.0,6.0,0.0,6.0,4.0,,,2.0,0.0,Completed,2.2,1.67,2.2,1.74,2.22,1.75,2.16,1.7
WTA,2024,31,London,Wimbledon,2024-07-01,Grand Slam,Outdoor,Grass,1st Round,3,Minnen G.,Watson H.,80.0,199.0,848.0,366.0,7.0,5.0,6.0,4.0,,,2.0,0.0,Completed,1.57,2.38,1.7,2.26,1.7,2.4,1.62,2.29
WTA,2024,31,London,Wimbledon,2024-07-01,Grand Slam,Outdoor,Grass,1st Round,3,Gracheva V.,Tsurenko L.,70.0,59.0,920.0,1048.0,6.0,3.0,6.0,1.0,,,2.0,0.0,Completed,1.73,2.1,1.83,2.07,1.87,2.22,1.74,2.09
WTA,2024,31,London,Wimbledon,2024-07-01,Grand Slam,Outdoor,Grass,1st Round,3,Yastremska D.,Podoroska N.,27.0,65.0,1760.0,983.0,6.0,1.0,7.0,6.0,,,2.0,0.0,Completed,1.36,3.2,1.41,3.13,1.41,3.2,1.39,3.02
WTA,2024,31,London,Wimbledon,2024-07-01,Grand Slam,Outdoor,Grass,1st Round,3,Todoni A.,Danilovic O.,142.0,116.0,541.0,641.0,7.0,5.0,6.0,1.0,,,2.0,0.0,Completed,1.91,1.91,1.98,1.91,1.99,1.95,1.93,1.89
WTA,2024,31,London,Wimbledon,2024-07-01,Grand Slam,Outdoor,Grass,1st Round,3,Kostyuk M.,Sramkova R.,19.0,105.0,2240.0,695.0,6.0,3.0,6.0,2.0,,,2.0,0.0,Completed,1.22,4.33,1.24,4.55,1.25,4.55,1.23,4.27
WTA,2024,31,London,Wimbledon,2024-07-01,Grand Slam,Outdoor,Grass,1st Round,3,Kasatkina D.,Zhang S.,12.0,680.0,3283.0,54.0,6.0,3.0,6.0,0.0,,,2.0,0.0,Completed,1.04,13.0,1.04,17.69,1.05,17.69,1.03,12.76
WTA,2024,31,London,Wimbledon,2024-07-01,Grand Slam,Outdoor,Grass,1st Round,3,Mertens E.,Hibino N.,33.0,94.0,1629.0,770.0,2.0,6.0,6.0,2.0,6.0,4.0,2.0,1.0,Completed,1.3,3.5,1.3,3.88,1.31,3.92,1.28,3.7
WTA,2024,31,London,Wimbledon,2024-07-01,Grand Slam,Outdoor,Grass,1st Round,3,Rus A.,Yuan Y.,56.0,39.0,1054.0,1452.0,6.0,2.0,6.0,3.0,,,2.0,0.0,Completed,2.75,1.44,2.86,1.47,2.93,1.49,2.76,1.45
WTA,2024,31,London,Wimbledon,2024-07-01,Grand Slam,Outdoor,Grass,1st Round,3,Paolini J.,Sorribes Tormo S.,7.0,55.0,4228.0,1055.0,7.0,5.0,6.0,3.0,,,2.0,0.0,Completed,1.14,5.5,1.18,5.63,1.18,5.9,1.16,5.4
WTA,2024,31,London,Wimbledon,2024-07-01,Grand Slam,Outdoor,Grass,1st Round,3,Wang Y.,Schmiedlova A.,71.0,74.0,919.0,880.0,6.0,0.0,3.0,6.0,6.0,4.0,2.0,1.0,Completed,1.62,2.3,1.56,2.57,1.63,2.57,1.58,2.4
WTA,2024,31,London,Wimbledon,2024-07-01,Grand Slam,Outdoor,Grass,1st Round,3,Shnaider D.,Pliskova Ka.,30.0,46.0,1690.0,1255.0,4.0,6.0,6.0,4.0,7.0,5.0,2.0,1.0,Completed,2.1,1.73,2.17,1.76,2.17,1.8,2.09,1.75
WTA,2024,31,London,Wimbledon,2024-07-01,Grand Slam,Outdoor,Grass,1st Round,3,Keys M.,Trevisan M.,13.0,89.0,3068.0,793.0,6.0,4.0,7.0,6.0,,,2.0,0.0,Completed,1.03,17.0,1.03,19.98,1.04,26.56,1.02,15.02
WTA,2024,31,London,Wimbledon,2024-07-01,Grand Slam,Outdoor,Grass,1st Round,3,Osaka N.,Parry D.,113.0,53.0,669.0,1077.0,6.0,1.0,1.0,6.0,6.0,4.0,2.0,1.0,Completed,1.25,4.0,1.25,4.33,1.26,4.4,1.24,4.06
WTA,2024,31,London,Wimbledon,2024-07-01,Grand Slam,Outdoor,Grass,1st Round,3,Saville D.,Stearns P.,82.0,52.0,830.0,1082.0,6.0,4.0,6.0,2.0,,,2.0,0.0,Completed,2.2,1.67,2.38,1.65,2.38,1.68,2.23,1.66
WTA,2024,31,London,Wimbledon,2024-07-01,Grand Slam,Outdoor,Grass,1st Round,3,Burel C.,Lys E.,45.0,129.0,1288.0,592.0,6.0,2.0,6.0,4.0,,,2.0,0.0,Completed,2.2,1.67,2.07,1.83,2.22,1.83,2.1,1.74
WTA,2024,31,London,Wimbledon,2024-07-01,Grand Slam,Outdoor,Grass,1st Round,3,Sun L.,Zheng Q.,123.0,8.0,616.0,4055.0,4.0,6.0,6.0,2.0,6.0,4.0,2.0,1.0,Completed,5.0,1.17,5.21,1.19,5.38,1.2,4.93,1.18
WTA,2024,31,London,Wimbledon,2024-07-01,Grand Slam,Outdoor,Grass,1st Round,3,Vekic D.,Wang Xiy.,37.0,54.0,1488.0,1075.0,3.0,6.0,6.0,3.0,6.0,4.0,2.0,1.0,Completed,1.33,3.4,1.32,3.66,1.36,3.66,1.32,3.4
WTA,2024,31,London,Wimbledon,2024-07-01,Grand Slam,Outdoor,Grass,1st Round,3,Andreeva E.,Bektas E.,101.0,107.0,729.0,686.0,7.0,6.0,3.0,6.0,6.0,3.0,2.0,1.0,Completed,2.38,1.57,2.15,1.76,2.38,1.76,2.24,1.66
WTA,2024,31,London,Wimbledon,2024-07-01,Grand Slam,Outdoor,Grass,1st Round,3,Raducanu E.,Zarazua R.,135.0,98.0,559.0,750.0,7.0,6.0,6.0,3.0,,,2.0,0.0,Completed,1.1,7.0,1.09,8.61,1.11,8.77,1.09,7.61
WTA,2024,31,London,Wimbledon,2024-07-01,Grand Slam,Outdoor,Grass,1st Round,3,Stephens S.,Jacquemot E.,50.0,151.0,1217.0,503.0,6.0,3.0,6.0,3.0,,,2.0,0.0,Completed,1.44,2.75,,,1.44,3.15,1.38,3.0
WTA,2024,31,London,Wimbledon,2024-07-01,Grand Slam,Outdoor,Grass,1st Round,3,Starodubtseva Y.,Van Uytvanck A.,153.0,254.0,490.0,284.0,6.0,4.0,6.0,3.0,,,2.0,0.0,Completed,2.1,1.73,2.1,1.81,2.13,1.81,2.06,1.78
WTA,2024,31,London,Wimbledon,2024-07-01,Grand Slam,Outdoor,Grass,1st Round,3,Miyazaki Y.,Korpatsch T.,148.0,73.0,512.0,895.0,6.0,2.0,6.0,1.0,,,2.0,0.0,Completed,1.62,2.3,1.74,2.2,1.8,2.32,1.68,2.19
WTA,2024,31,London,Wimbledon,2024-07-01,Grand Slam,Outdoor,Grass,1st Round,3,Kartal S.,Cirstea S.,298.0,31.0,228.0,1675.0,3.0,6.0,6.0,2.0,6.0,0.0,2.0,1.0,Completed,1.91,1.91,1.97,1.92,2,2.0,1.92,1.89
WTA,2024,31,London,Wimbledon,2024-07-01,Grand Slam,Outdoor,Grass,1st Round,3,Fruhvirtova B.,Andreeva M.,88.0,23.0,801.0,2018.0,1.0,6.0,6.0,3.0,6.0,2.0,2.0,1.0,Completed,5.0,1.17,5.83,1.17,5.97,1.18,5.33,1.16
WTA,2024,31,London,Wimbledon,2024-07-01,Grand Slam,Outdoor,Grass,1st Round,3,Andreescu B.,Cristian J.,176.0,62.0,426.0,996.0,6.0,4.0,6.0,2.0,,,2.0,0.0,Completed,1.25,4.0,1.28,4.01,1.29,4.12,1.26,3.88
WTA,2024,31,London,Wimbledon,2024-07-01,Grand Slam,Outdoor,Grass,1st Round,3,Gauff C.,Dolehide C.,2.0,51.0,7943.0,1100.0,6.0,1.0,6.0,2.0,,,2.0,0.0,Completed,1.05,11.0,1.04,16.07,1.06,16.07,1.04,11.5
WTA,2024,31,London,Wimbledon,2024-07-01,Grand Slam,Outdoor,Grass,1st Round,3,Navarro E.,Wang Q.,17.0,479.0,2323.0,118.0,6.0,0.0,6.0,2.0,,,2.0,0.0,Completed,1.06,10.0,1.06,12.63,1.06,12.68,1.05,10.2
WTA,2024,31,London,Wimbledon,2024-07-01,Grand Slam,Outdoor,Grass,1st Round,3,Badosa P.,Muchova K.,93.0,34.0,770.0,1618.0,6.0,3.0,6.0,2.0,,,2.0,0.0,Completed,2.0,1.8,2.08,1.83,2.11,1.91,2.02,1.8
WTA,2024,31,London,Wimbledon,2024-07-01,Grand Slam,Outdoor,Grass,1st Round,3,Noskova L.,Errani S.,26.0,86.0,1775.0,810.0,7.0,6.0,6.0,1.0,,,2.0,0.0,Completed,1.25,4.0,1.23,4.66,1.25,4.66,1.23,4.23
WTA,2024,31,London,Wimbledon,2024-07-02,Grand Slam,Outdoor,Grass,1st Round,3,Wang Xin.,Tomova V.,42.0,48.0,1411.0,1235.0,7.0,6.0,3.0,6.0,6.0,0.0,2.0,1.0,Completed,1.62,2.3,1.6,2.47,1.69,2.47,1.63,2.29
WTA,2024,31,London,Wimbledon,2024-07-02,Grand Slam,Outdoor,Grass,1st Round,3,Dart H.,Bai Z.,100.0,95.0,739.0,756.0,6.0,4.0,6.0,0.0,,,2.0,0.0,Completed,1.5,2.63,1.53,2.66,1.53,2.75,1.5,2.6
WTA,2024,31,London,Wimbledon,2024-07-02,Grand Slam,Outdoor,Grass,1st Round,3,Bucsa C.,Bogdan A.,64.0,57.0,984.0,1053.0,6.0,4.0,4.0,6.0,7.0,6.0,2.0,1.0,Completed,2.5,1.53,2.48,1.6,2.51,1.66,2.44,1.56
WTA,2024,31,London,Wimbledon,2024-07-02,Grand Slam,Outdoor,Grass,1st Round,3,Pegula J.,Krueger A.,5.0,75.0,5025.0,869.0,6.0,2.0,6.0,0.0,,,2.0,0.0,Completed,1.14,5.5,1.18,5.42,1.22,5.55,1.18,4.93
WTA,2024,31,London,Wimbledon,2024-07-02,Grand Slam,Outdoor,Grass,1st Round,3,Siegemund L.,Baindl K.,72.0,184.0,917.0,416.0,6.0,4.0,6.0,1.0,,,2.0,0.0,Completed,1.29,3.75,1.29,3.78,1.29,4.04,1.28,3.72
WTA,2024,31,London,Wimbledon,2024-07-02,Grand Slam,Outdoor,Grass,1st Round,3,Rybakina E.,Ruse E.G.,4.0,152.0,6026.0,491.0,6.0,3.0,6.0,1.0,,,2.0,0.0,Completed,1.07,9.0,1.1,7.93,1.12,9.0,1.08,7.92
WTA,2024,31,London,Wimbledon,2024-07-02,Grand Slam,Outdoor,Grass,1st Round,3,Bouzas Maneiro J.,Vondrousova M.,83.0,6.0,828.0,4463.0,6.0,4.0,6.0,2.0,,,2.0,0.0,Completed,6.0,1.13,5.92,1.16,6.49,1.16,5.79,1.14
WTA,2024,31,London,Wimbledon,2024-07-02,Grand Slam,Outdoor,Grass,1st Round,3,Samsonova L.,Masarova R.,15.0,109.0,2830.0,682.0,6.0,3.0,4.0,6.0,6.0,2.0,2.0,1.0,Completed,1.17,5.0,1.2,5.16,1.21,5.5,1.18,4.89
WTA,2024,31,London,Wimbledon,2024-07-02,Grand Slam,Outdoor,Grass,1st Round,3,Pera B.,Potapova A.,97.0,41.0,752.0,1415.0,6.0,7.0,6.0,4.0,7.0,6.0,2.0,1.0,Completed,3.2,1.36,3.24,1.39,3.35,1.39,3.18,1.36
WTA,2024,31,London,Wimbledon,2024-07-02,Grand Slam,Outdoor,Grass,1st Round,3,Boulter K.,Maria T.,29.0,63.0,1748.0,994.0,7.0,6.0,7.0,5.0,,,2.0,0.0,Completed,1.2,4.5,1.24,4.55,1.24,4.64,1.21,4.36
WTA,2024,31,London,Wimbledon,2024-07-02,Grand Slam,Outdoor,Grass,1st Round,3,Kalinskaya A.,Udvardy P.,18.0,134.0,2310.0,562.0,6.0,3.0,6.0,2.0,,,2.0,0.0,Completed,1.11,6.5,1.14,6.51,1.14,7.36,1.12,6.23
WTA,2024,31,London,Wimbledon,2024-07-02,Grand Slam,Outdoor,Grass,1st Round,3,Bouzkova M.,Riera J.,40.0,106.0,1445.0,687.0,6.0,2.0,6.0,1.0,,,2.0,0.0,Completed,1.14,5.5,1.21,4.98,1.21,5.75,1.16,5.2
WTA,2024,31,London,Wimbledon,2024-07-02,Grand Slam,Outdoor,Grass,1st Round,3,Ostapenko J.,Tomljanovic A.,14.0,136.0,3058.0,556.0,6.0,1.0,6.0,2.0,,,2.0,0.0,Completed,1.5,2.63,1.5,2.75,1.54,2.8,1.49,2.64
WTA,2024,31,London,Wimbledon,2024-07-02,Grand Slam,Outdoor,Grass,1st Round,3,Avanesyan E.,Kalinina A.,77.0,47.0,855.0,1246.0,6.0,2.0,6.0,3.0,,,2.0,0.0,Completed,2.0,1.8,2.05,1.85,2.13,1.85,2.01,1.8
WTA,2024,31,London,Wimbledon,2024-07-02,Grand Slam,Outdoor,Grass,1st Round,3,Swiatek I.,Kenin S.,1.0,49.0,11585.0,1221.0,6.0,3.0,6.0,4.0,,,2.0,0.0,Completed,1.06,10.0,1.07,11.43,1.07,11.68,1.06,9.63
WTA,2024,31,London,Wimbledon,2024-07-02,Grand Slam,Outdoor,Grass,1st Round,3,Fernandez L.A.,Bronzetti L.,25.0,81.0,1920.0,833.0,6.0,4.0,6.0,3.0,,,2.0,0.0,Completed,1.22,4.33,1.22,4.81,1.25,5.08,1.21,4.49
WTA,2024,31,London,Wimbledon,2024-07-02,Grand Slam,Outdoor,Grass,1st Round,3,Garcia C.,Blinkova A.,24.0,60.0,1938.0,1030.0,6.0,4.0,7.0,5.0,,,2.0,0.0,Completed,1.67,2.2,1.67,2.33,1.74,2.33,1.7,2.15
WTA,2024,31,London,Wimbledon,2024-07-02,Grand Slam,Outdoor,Grass,1st Round,3,Montgomery R.,Gadecki O.,161.0,173.0,464.0,432.0,6.0,4.0,6.0,4.0,,,2.0,0.0,Completed,1.5,2.63,1.52,2.71,1.55,2.75,1.5,2.61
WTA,2024,31,London,Wimbledon,2024-07-02,Grand Slam,Outdoor,Grass,1st Round,3,Martic P.,Jones F.,85.0,215.0,811.0,345.0,3.0,6.0,6.0,1.0,6.0,2.0,2.0,1.0,Completed,1.4,3.0,1.46,2.9,1.49,3.02,1.42,2.87
WTA,2024,31,London,Wimbledon,2024-07-02,Grand Slam,Outdoor,Grass,1st Round,3,Putintseva Y.,Kerber A.,35.0,221.0,1553.0,334.0,7.0,5.0,6.0,3.0,,,2.0,0.0,Completed,1.5,2.63,1.52,2.71,1.57,2.75,1.49,2.62
WTA,2024,31,London,Wimbledon,2024-07-02,Grand Slam,Outdoor,Grass,1st Round,3,Galfi D.,Sherif M.,127.0,78.0,595.0,855.0,6.0,1.0,6.0,2.0,,,2.0,0.0,Completed,1.5,2.63,1.59,2.51,1.59,2.75,1.52,2.55
WTA,2024,31,London,Wimbledon,2024-07-02,Grand Slam,Outdoor,Grass,1st Round,3,Wozniacki C.,Parks A.,91.0,121.0,774.0,624.0,6.0,2.0,6.0,0.0,,,2.0,0.0,Completed,1.62,2.3,1.61,2.46,1.67,2.46,1.6,2.33
WTA,2024,31,London,Wimbledon,2024-07-02,Grand Slam,Outdoor,Grass,1st Round,3,Snigur D.,Dodin O.,130.0,79.0,592.0,849.0,6.0,4.0,6.0,0.0,,,2.0,0.0,Completed,1.29,3.75,1.31,3.73,1.31,3.88,1.29,3.64
WTA,2024,31,London,Wimbledon,2024-07-02,Grand Slam,Outdoor,Grass,1st Round,3,Siniakova K.,Stakusic M.,36.0,164.0,1546.0,456.0,6.0,4.0,6.0,2.0,,,2.0,0.0,Completed,1.22,4.33,1.27,4.11,1.34,4.34,1.24,4.05
WTA,2024,31,London,Wimbledon,2024-07-02,Grand Slam,Outdoor,Grass,1st Round,3,Jabeur O.,Uchijima M.,10.0,68.0,3801.0,940.0,6.0,3.0,6.0,1.0,,,2.0,0.0,Completed,1.07,9.0,1.09,9.62,1.1,10.87,1.07,8.69
WTA,2024,31,London,Wimbledon,2024-07-03,Grand Slam,Outdoor,Grass,1st Round,3,Svitolina E.,Linette M.,21.0,44.0,2100.0,1291.0,7.0,5.0,6.0,7.0,6.0,3.0,2.0,1.0,Completed,1.4,3.0,1.47,2.88,1.47,3.0,1.43,2.89
WTA,2024,31,London,Wimbledon,2024-07-03,Grand Slam,Outdoor,Grass,1st Round,3,Niemeier J.,Golubic V.,90.0,67.0,790.0,964.0,6.0,2.0,6.0,1.0,,,2.0,0.0,Completed,1.8,2.0,1.81,2.11,1.85,2.15,1.79,2.03
WTA,2024,31,London,Wimbledon,2024-07-03,Grand Slam,Outdoor,Grass,1st Round,3,Krejcikova B.,Kudermetova V.,32.0,38.0,1643.0,1488.0,7.0,6.0,6.0,7.0,7.0,5.0,2.0,1.0,Completed,2.2,1.67,2.29,1.69,2.31,1.73,2.22,1.67
WTA,2024,31,London,Wimbledon,2024-07-03,Grand Slam,Outdoor,Grass,1st Round,3,Haddad Maia B.,Frech M.,20.0,58.0,2218.0,1049.0,7.0,5.0,6.0,3.0,,,2.0,0.0,Completed,1.5,2.63,1.57,2.55,1.57,2.63,1.54,2.51
WTA,2024,31,London,Wimbledon,2024-07-03,Grand Slam,Outdoor,Grass,1st Round,3,Osorio M.,Davis L.,14.0,300.0,3058.0,225.0,6.0,3.0,6.0,1.0,,,2.0,0.0,Completed,1.62,2.3,1.58,2.53,1.63,2.57,1.58,2.4
WTA,2024,31,London,Wimbledon,2024-07-03,Grand Slam,Outdoor,Grass,1st Round,3,Volynets K.,Carle M.,69.0,87.0,927.0,809.0,6.0,2.0,7.0,5.0,,,2.0,0.0,Completed,1.3,3.5,1.35,3.49,1.35,3.76,1.31,3.47
WTA,2024,31,London,Wimbledon,2024-07-03,Grand Slam,Outdoor,Grass,1st Round,3,Collins D.,Tauson C.,11.0,66.0,3532.0,981.0,6.0,3.0,7.0,6.0,,,2.0,0.0,Completed,1.36,3.2,1.41,3.14,1.42,3.2,1.38,3.04
WTA,2024,31,London,Wimbledon,2024-07-03,Grand Slam,Outdoor,Grass,2nd Round,3,Gauff C.,Todoni A.,2.0,142.0,7943.0,541.0,6.0,2.0,6.0,1.0,,,2.0,0.0,Completed,1.03,15.0,1.05,16.53,1.05,22.53,1.04,12.21
WTA,2024,31,London,Wimbledon,2024-07-03,Grand Slam,Outdoor,Grass,2nd Round,3,Kartal S.,Burel C.,298.0,45.0,228.0,1288.0,6.0,3.0,5.0,7.0,6.0,3.0,2.0,1.0,Completed,1.62,2.3,1.66,2.37,1.68,2.37,1.65,2.26
WTA,2024,31,London,Wimbledon,2024-07-03,Grand Slam,Outdoor,Grass,2nd Round,3,Andreescu B.,Noskova L.,176.0,26.0,426.0,1775.0,6.0,3.0,7.0,6.0,,,2.0,0.0,Completed,2.0,1.8,2.05,1.86,2.06,1.86,2.0,1.82
WTA,2024,31,London,Wimbledon,2024-07-03,Grand Slam,Outdoor,Grass,2nd Round,3,Shnaider D.,Stephens S.,30.0,50.0,1690.0,1217.0,6.0,1.0,6.0,1.0,,,2.0,0.0,Completed,1.57,2.38,1.61,2.48,1.63,2.5,1.57,2.41
WTA,2024,31,London,Wimbledon,2024-07-03,Grand Slam,Outdoor,Grass,2nd Round,3,Raducanu E.,Mertens E.,135.0,33.0,559.0,1629.0,6.0,1.0,6.0,2.0,,,2.0,0.0,Completed,1.44,2.75,1.51,2.75,1.6,2.78,1.5,2.62
WTA,2024,31,London,Wimbledon,2024-07-03,Grand Slam,Outdoor,Grass,2nd Round,3,Navarro E.,Osaka N.,17.0,113.0,2323.0,669.0,6.0,4.0,6.0,1.0,,,2.0,0.0,Completed,2.2,1.67,2.2,1.76,2.25,1.76,2.16,1.7
WTA,2024,31,London,Wimbledon,2024-07-03,Grand Slam,Outdoor,Grass,2nd Round,3,Sakkari M.,Rus A.,9.0,56.0,3805.0,1054.0,7.0,5.0,6.0,3.0,,,2.0,0.0,Completed,1.14,5.5,1.14,7.02,1.16,7.02,1.13,6.12
WTA,2024,31,London,Wimbledon,2024-07-03,Grand Slam,Outdoor,Grass,2nd Round,3,Zhu L.,Pavlyuchenkova A.,61.0,28.0,997.0,1756.0,6.0,4.0,6.0,3.0,,,2.0,0.0,Completed,3.2,1.36,3.3,1.39,3.38,1.43,3.14,1.37
WTA,2024,31,London,Wimbledon,2024-07-03,Grand Slam,Outdoor,Grass,2nd Round,3,Vekic D.,Andreeva E.,37.0,101.0,1488.0,729.0,6.0,2.0,6.0,3.0,,,2.0,0.0,Completed,1.2,4.5,1.21,5.05,1.25,5.05,1.2,4.54
WTA,2024,31,London,Wimbledon,2024-07-03,Grand Slam,Outdoor,Grass,2nd Round,3,Yastremska D.,Gracheva V.,27.0,70.0,1760.0,920.0,3.0,6.0,6.0,4.0,7.0,6.0,2.0,1.0,Completed,1.62,2.3,1.65,2.4,1.67,2.4,1.62,2.3
WTA,2024,31,London,Wimbledon,2024-07-03,Grand Slam,Outdoor,Grass,2nd Round,3,Sun L.,Starodubtseva Y.,123.0,153.0,616.0,490.0,4.0,6.0,6.0,3.0,6.0,2.0,2.0,1.0,Completed,1.91,1.91,1.91,2.0,2,2.0,1.9,1.91
WTA,2024,31,London,Wimbledon,2024-07-03,Grand Slam,Outdoor,Grass,2nd Round,3,Paolini J.,Minnen G.,7.0,80.0,4228.0,848.0,7.0,6.0,6.0,2.0,,,2.0,0.0,Completed,1.36,3.2,1.39,3.27,1.41,3.27,1.38,3.07
WTA,2024,31,London,Wimbledon,2024-07-04,Grand Slam,Outdoor,Grass,2nd Round,3,Keys M.,Wang Y.,13.0,71.0,3068.0,919.0,6.0,2.0,6.0,2.0,,,2.0,0.0,Completed,1.07,9.0,1.07,11.41,1.1,11.41,1.07,9.11
WTA,2024,31,London,Wimbledon,2024-07-04,Grand Slam,Outdoor,Grass,2nd Round,3,Kostyuk M.,Saville D.,19.0,82.0,2240.0,830.0,4.0,6.0,7.0,6.0,6.0,4.0,2.0,1.0,Completed,1.33,3.4,1.32,3.78,1.36,3.81,1.32,3.41
WTA,2024,31,London,Wimbledon,2024-07-04,Grand Slam,Outdoor,Grass,2nd Round,3,Kasatkina D.,Miyazaki Y.,12.0,148.0,3283.0,512.0,6.0,0.0,6.0,0.0,,,2.0,0.0,Completed,1.06,10.0,1.07,11.5,1.08,13.25,1.06,9.64
WTA,2024,31,London,Wimbledon,2024-07-04,Grand Slam,Outdoor,Grass,2nd Round,3,Badosa P.,Fruhvirtova B.,93.0,88.0,770.0,801.0,6.0,4.0,6.0,2.0,,,2.0,0.0,Completed,1.4,3.0,1.4,3.24,1.45,3.24,1.38,3.04
WTA,2024,31,London,Wimbledon,2024-07-04,Grand Slam,Outdoor,Grass,2nd Round,3,Krejcikova B.,Volynets K.,32.0,69.0,1643.0,927.0,7.0,6.0,7.0,6.0,,,2.0,0.0,Completed,1.57,2.38,1.72,2.25,1.72,2.68,1.62,2.32
WTA,2024,31,London,Wimbledon,2024-07-04,Grand Slam,Outdoor,Grass,2nd Round,3,Bouzas Maneiro J.,Bucsa C.,83.0,64.0,828.0,984.0,7.0,6.0,6.0,3.0,,,2.0,0.0,Completed,1.67,2.2,1.79,2.15,1.79,2.25,1.71,2.16
WTA,2024,31,London,Wimbledon,2024-07-04,Grand Slam,Outdoor,Grass,2nd Round,3,Putintseva Y.,Siniakova K.,35.0,36.0,1553.0,1546.0,6.0,0.0,4.0,6.0,6.0,2.0,2.0,1.0,Completed,2.1,1.73,2.2,1.76,2.2,1.76,2.11,1.74
WTA,2024,31,London,Wimbledon,2024-07-04,Grand Slam,Outdoor,Grass,2nd Round,3,Haddad Maia B.,Osorio M.,20.0,14.0,2218.0,3058.0,3.0,0.0,,,,,0.0,0.0,Retired,1.44,2.75,1.55,2.65,1.55,2.8,1.49,2.64
WTA,2024,31,London,Wimbledon,2024-07-04,Grand Slam,Outdoor,Grass,2nd Round,3,Dart H.,Boulter K.,100.0,29.0,739.0,1748.0,4.0,6.0,6.0,1.0,7.0,6.0,2.0,1.0,Completed,4.0,1.25,4.07,1.28,4.09,1.3,3.84,1.27
WTA,2024,31,London,Wimbledon,2024-07-04,Grand Slam,Outdoor,Grass,2nd Round,3,Wang Xin.,Pegula J.,42.0,5.0,1411.0,5025.0,6.0,4.0,6.0,7.0,6.0,1.0,2.0,1.0,Completed,4.0,1.25,3.9,1.3,4.01,1.3,3.81,1.27
WTA,2024,31,London,Wimbledon,2024-07-04,Grand Slam,Outdoor,Grass,2nd Round,3,Kalinskaya A.,Bouzkova M.,18.0,40.0,2310.0,1445.0,6.0,4.0,6.0,1.0,,,2.0,0.0,Completed,1.62,2.3,1.65,2.39,1.66,2.41,1.63,2.29
WTA,2024,31,London,Wimbledon,2024-07-04,Grand Slam,Outdoor,Grass,2nd Round,3,Jabeur O.,Montgomery R.,10.0,161.0,3801.0,464.0,6.0,1.0,7.0,5.0,,,2.0,0.0,Completed,1.2,4.5,1.22,4.96,1.24,4.96,1.2,4.55
WTA,2024,31,London,Wimbledon,2024-07-04,Grand Slam,Outdoor,Grass,2nd Round,3,Ostapenko J.,Snigur D.,14.0,130.0,3058.0,592.0,6.0,3.0,6.0,0.0,,,2.0,0.0,Completed,1.3,3.5,1.31,3.87,1.32,3.88,1.3,3.59
WTA,2024,31,London,Wimbledon,2024-07-04,Grand Slam,Outdoor,Grass,2nd Round,3,Collins D.,Galfi D.,11.0,127.0,3532.0,595.0,6.0,3.0,6.0,4.0,,,2.0,0.0,Completed,1.25,4.0,1.29,4.04,1.3,4.42,1.27,3.82
WTA,2024,31,London,Wimbledon,2024-07-04,Grand Slam,Outdoor,Grass,2nd Round,3,Svitolina E.,Niemeier J.,21.0,90.0,2100.0,790.0,6.0,3.0,6.0,4.0,,,2.0,0.0,Completed,1.62,2.3,1.65,2.4,1.65,2.46,1.6,2.35
WTA,2024,31,London,Wimbledon,2024-07-04,Grand Slam,Outdoor,Grass,2nd Round,3,Pera B.,Garcia C.,97.0,24.0,752.0,1938.0,3.0,6.0,6.0,3.0,6.0,4.0,2.0,1.0,Completed,2.3,1.62,2.4,1.65,2.41,1.67,2.3,1.63
WTA,2024,31,London,Wimbledon,2024-07-04,Grand Slam,Outdoor,Grass,2nd Round,3,Rybakina E.,Siegemund L.,4.0,72.0,6026.0,917.0,6.0,3.0,3.0,6.0,6.0,3.0,2.0,1.0,Completed,1.04,13.0,1.06,14.07,1.07,14.07,1.05,11.04
WTA,2024,31,London,Wimbledon,2024-07-04,Grand Slam,Outdoor,Grass,2nd Round,3,Swiatek I.,Martic P.,1.0,85.0,11585.0,811.0,6.0,4.0,6.0,3.0,,,2.0,0.0,Completed,1.02,19.0,1.02,27.34,1.04,27.34,1.02,15.49
WTA,2024,31,London,Wimbledon,2024-07-04,Grand Slam,Outdoor,Grass,2nd Round,3,Samsonova L.,Avanesyan E.,15.0,77.0,2830.0,855.0,6.0,3.0,6.0,3.0,,,2.0,0.0,Completed,1.25,4.0,1.26,4.29,1.29,4.29,1.25,3.99
WTA,2024,31,London,Wimbledon,2024-07-04,Grand Slam,Outdoor,Grass,2nd Round,3,Wozniacki C.,Fernandez L.A.,91.0,25.0,774.0,1920.0,6.0,3.0,2.0,6.0,7.0,5.0,2.0,1.0,Completed,2.2,1.67,2.33,1.68,2.4,1.73,2.28,1.63
WTA,2024,31,London,Wimbledon,2024-07-05,Grand Slam,Outdoor,Grass,3rd Round,3,Paolini J.,Andreescu B.,7.0,176.0,4228.0,426.0,7.0,6.0,6.0,1.0,,,2.0,0.0,Completed,1.73,2.1,1.84,2.08,1.84,2.25,1.74,2.1
WTA,2024,31,London,Wimbledon,2024-07-05,Grand Slam,Outdoor,Grass,3rd Round,3,Sun L.,Zhu L.,123.0,61.0,616.0,997.0,7.0,6.0,7.0,6.0,,,2.0,0.0,Completed,2.0,1.8,1.97,1.93,2,1.95,1.91,1.9
WTA,2024,31,London,Wimbledon,2024-07-05,Grand Slam,Outdoor,Grass,3rd Round,3,Badosa P.,Kasatkina D.,93.0,12.0,770.0,3283.0,7.0,6.0,4.0,6.0,6.0,4.0,2.0,1.0,Completed,2.1,1.73,2.24,1.74,2.24,1.8,2.08,1.75
WTA,2024,31,London,Wimbledon,2024-07-05,Grand Slam,Outdoor,Grass,3rd Round,3,Navarro E.,Shnaider D.,17.0,30.0,2323.0,1690.0,2.0,6.0,6.0,3.0,6.0,4.0,2.0,1.0,Completed,1.67,2.2,1.65,2.4,1.73,2.4,1.66,2.25
WTA,2024,31,London,Wimbledon,2024-07-05,Grand Slam,Outdoor,Grass,3rd Round,3,Keys M.,Kostyuk M.,13.0,19.0,3068.0,2240.0,6.0,4.0,6.0,3.0,,,2.0,0.0,Completed,1.25,4.0,1.27,4.24,1.29,4.24,1.26,3.84
WTA,2024,31,London,Wimbledon,2024-07-05,Grand Slam,Outdoor,Grass,3rd Round,3,Gauff C.,Kartal S.,2.0,298.0,7943.0,228.0,6.0,4.0,6.0,0.0,,,2.0,0.0,Completed,1.07,9.0,1.08,10.63,1.09,10.63,1.07,8.7
WTA,2024,31,London,Wimbledon,2024-07-05,Grand Slam,Outdoor,Grass,3rd Round,3,Raducanu E.,Sakkari M.,135.0,9.0,559.0,3805.0,6.0,2.0,6.0,3.0,,,2.0,0.0,Completed,1.67,2.2,1.7,2.28,1.73,2.28,1.67,2.22
WTA,2024,31,London,Wimbledon,2024-07-05,Grand Slam,Outdoor,Grass,3rd Round,3,Vekic D.,Yastremska D.,37.0,27.0,1488.0,1760.0,7.0,6.0,6.0,7.0,6.0,1.0,2.0,1.0,Completed,1.36,3.2,1.39,3.27,1.41,3.27,1.38,3.08
WTA,2024,31,London,Wimbledon,2024-07-06,Grand Slam,Outdoor,Grass,3rd Round,3,Krejcikova B.,Bouzas Maneiro J.,32.0,83.0,1643.0,828.0,6.0,0.0,4.0,3.0,,,1.0,0.0,Retired,1.36,3.2,1.41,3.15,1.43,3.2,1.39,3.03
WTA,2024,31,London,Wimbledon,2024-07-06,Grand Slam,Outdoor,Grass,3rd Round,3,Ostapenko J.,Pera B.,14.0,97.0,3058.0,752.0,6.0,1.0,6.0,3.0,,,2.0,0.0,Completed,1.2,4.5,1.21,5.09,1.23,5.09,1.2,4.59
WTA,2024,31,London,Wimbledon,2024-07-06,Grand Slam,Outdoor,Grass,3rd Round,3,Wang Xin.,Dart H.,42.0,100.0,1411.0,739.0,2.0,6.0,7.0,5.0,6.0,3.0,2.0,1.0,Completed,1.44,2.75,1.44,3.02,1.46,3.07,1.43,2.84
WTA,2024,31,London,Wimbledon,2024-07-06,Grand Slam,Outdoor,Grass,3rd Round,3,Kalinskaya A.,Samsonova L.,18.0,15.0,2310.0,2830.0,7.0,6.0,6.0,2.0,,,2.0,0.0,Completed,2.1,1.73,2.23,1.74,2.3,1.75,2.14,1.71
WTA,2024,31,London,Wimbledon,2024-07-06,Grand Slam,Outdoor,Grass,3rd Round,3,Putintseva Y.,Swiatek I.,35.0,1.0,1553.0,11585.0,3.0,6.0,6.0,1.0,6.0,2.0,2.0,1.0,Completed,8.0,1.08,7.84,1.12,8.58,1.14,7.16,1.1
WTA,2024,31,London,Wimbledon,2024-07-06,Grand Slam,Outdoor,Grass,3rd Round,3,Svitolina E.,Jabeur O.,21.0,10.0,2100.0,3801.0,6.0,1.0,7.0,6.0,,,2.0,0.0,Completed,2.63,1.5,2.75,1.51,2.76,1.56,2.63,1.49
WTA,2024,31,London,Wimbledon,2024-07-06,Grand Slam,Outdoor,Grass,3rd Round,3,Collins D.,Haddad Maia B.,11.0,20.0,3532.0,2218.0,6.0,4.0,6.0,4.0,,,2.0,0.0,Completed,1.57,2.38,1.53,2.68,1.57,2.68,1.53,2.5
WTA,2024,31,London,Wimbledon,2024-07-06,Grand Slam,Outdoor,Grass,3rd Round,3,Rybakina E.,Wozniacki C.,4.0,91.0,6026.0,774.0,6.0,0.0,6.0,1.0,,,2.0,0.0,Completed,1.29,3.75,1.29,3.97,1.34,3.97,1.29,3.69
WTA,2024,31,London,Wimbledon,2024-07-07,Grand Slam,Outdoor,Grass,4th Round,3,Vekic D.,Badosa P.,37.0,93.0,1488.0,770.0,6.0,2.0,1.0,6.0,6.0,4.0,2.0,1.0,Completed,2.1,1.73,2.08,1.84,2.1,1.84,2.02,1.79
WTA,2024,31,London,Wimbledon,2024-07-07,Grand Slam,Outdoor,Grass,4th Round,3,Paolini J.,Keys M.,7.0,13.0,4228.0,3068.0,6.0,3.0,6.0,7.0,5.0,5.0,1.0,1.0,Retired,3.0,1.4,3.23,1.4,3.23,1.44,2.97,1.4
WTA,2024,31,London,Wimbledon,2024-07-07,Grand Slam,Outdoor,Grass,4th Round,3,Sun L.,Raducanu E.,123.0,135.0,616.0,559.0,6.0,2.0,5.0,7.0,6.0,2.0,2.0,1.0,Completed,5.0,1.17,5.86,1.17,5.86,1.22,4.97,1.18
WTA,2024,31,London,Wimbledon,2024-07-07,Grand Slam,Outdoor,Grass,4th Round,3,Navarro E.,Gauff C.,17.0,2.0,2323.0,7943.0,6.0,4.0,6.0,3.0,,,2.0,0.0,Completed,3.75,1.29,3.75,1.32,4,1.32,3.69,1.29
WTA,2024,31,London,Wimbledon,2024-07-08,Grand Slam,Outdoor,Grass,4th Round,3,Rybakina E.,Kalinskaya A.,4.0,18.0,6026.0,2310.0,6.0,3.0,3.0,0.0,,,1.0,0.0,Retired,1.29,3.75,1.3,3.92,1.33,3.92,1.29,3.61
WTA,2024,31,London,Wimbledon,2024-07-08,Grand Slam,Outdoor,Grass,4th Round,3,Svitolina E.,Wang Xin.,21.0,42.0,2100.0,1411.0,6.0,2.0,6.0,1.0,,,2.0,0.0,Completed,1.44,2.75,1.41,3.15,1.45,3.15,1.41,2.9
WTA,2024,31,London,Wimbledon,2024-07-08,Grand Slam,Outdoor,Grass,4th Round,3,Ostapenko J.,Putintseva Y.,14.0,35.0,3058.0,1553.0,6.0,2.0,6.0,3.0,,,2.0,0.0,Completed,1.73,2.1,1.76,2.19,1.83,2.25,1.73,2.11
WTA,2024,31,London,Wimbledon,2024-07-08,Grand Slam,Outdoor,Grass,4th Round,3,Krejcikova B.,Collins D.,32.0,11.0,1643.0,3532.0,7.0,5.0,6.0,3.0,,,2.0,0.0,Completed,2.75,1.44,3.07,1.43,3.07,1.48,2.88,1.42
WTA,2024,31,London,Wimbledon,2024-07-09,Grand Slam,Outdoor,Grass,Quarterfinals,3,Vekic D.,Sun L.,37.0,123.0,1488.0,616.0,5.0,7.0,6.0,4.0,6.0,1.0,2.0,1.0,Completed,1.3,3.5,1.34,3.58,1.35,3.58,1.32,3.4
WTA,2024,31,London,Wimbledon,2024-07-09,Grand Slam,Outdoor,Grass,Quarterfinals,3,Paolini J.,Navarro E.,7.0,17.0,4228.0,2323.0,6.0,2.0,6.0,1.0,,,2.0,0.0,Completed,2.38,1.57,2.42,1.64,2.5,1.65,2.36,1.6
WTA,2024,31,London,Wimbledon,2024-07-10,Grand Slam,Outdoor,Grass,Quarterfinals,3,Krejcikova B.,Ostapenko J.,32.0,14.0,1643.0,3058.0,6.0,4.0,7.0,6.0,,,2.0,0.0,Completed,2.75,1.44,3.01,1.44,3.01,1.46,2.83,1.43
WTA,2024,31,London,Wimbledon,2024-07-10,Grand Slam,Outdoor,Grass,Quarterfinals,3,Rybakina E.,Svitolina E.,4.0,21.0,6026.0,2100.0,6.0,3.0,6.0,2.0,,,2.0,0.0,Completed,1.29,3.75,1.27,4.26,1.33,4.26,1.29,3.7
WTA,2024,31,London,Wimbledon,2024-07-11,Grand Slam,Outdoor,Grass,Semifinals,3,Paolini J.,Vekic D.,7.0,37.0,4228.0,1488.0,2.0,6.0,6.0,4.0,7.0,6.0,2.0,1.0,Completed,1.53,2.5,1.67,2.35,1.67,2.51,1.59,2.37
WTA,2024,31,London,Wimbledon,2024-07-11,Grand Slam,Outdoor,Grass,Semifinals,3,Krejcikova B.,Rybakina E.,32.0,4.0,1643.0,6026.0,3.0,6.0,6.0,3.0,6.0,4.0,2.0,1.0,Completed,4.5,1.2,5.61,1.18,5.66,1.23,4.95,1.18
WTA,2024,31,London,Wimbledon,2024-07-13,Grand Slam,Outdoor,Grass,The Final,3,Krejcikova B.,Paolini J.,32.0,7.0,1643.0,4228.0,6.0,2.0,2.0,6.0,6.0,4.0,2.0,1.0,Completed,1.73,2.2,1.79,2.15,1.8,2.25,1.74,2.13
WTA,2024,41,New York,US Open,2024-08-26,Grand Slam,Outdoor,Hard,1st Round,3,Niemeier J.,Yastremska D.,101.0,34.0,724.0,1682.0,6.0,4.0,6.0,7.0,6.0,4.0,2.0,1.0,Completed,2.63,1.5,2.69,1.52,2.75,1.55,2.62,1.5
WTA,2024,41,New York,US Open,2024-08-26,Grand Slam,Outdoor,Hard,1st Round,3,Kasatkina D.,Cristian J.,13.0,69.0,2973.0,919.0,6.0,2.0,6.0,4.0,,,2.0,0.0,Completed,1.25,4.0,1.27,4.13,1.27,4.25,1.25,3.98
WTA,2024,41,New York,US Open,2024-08-26,Grand Slam,Outdoor,Hard,1st Round,3,Andreeva E.,Yuan Y.,75.0,37.0,892.0,1464.0,6.0,3.0,7.0,6.0,,,2.0,0.0,Completed,2.2,1.67,2.36,1.65,2.36,1.74,2.18,1.7
WTA,2024,41,New York,US Open,2024-08-26,Grand Slam,Outdoor,Hard,1st Round,3,Svitolina E.,Carle M.,28.0,83.0,1942.0,861.0,3.0,6.0,6.0,3.0,6.0,4.0,2.0,1.0,Completed,1.08,8.0,1.08,10.0,1.1,10.0,1.08,8.39
WTA,2024,41,New York,US Open,2024-08-26,Grand Slam,Outdoor,Hard,1st Round,3,Zheng Q.,Anisimova A.,7.0,50.0,3980.0,1206.0,4.0,6.0,6.0,4.0,6.0,2.0,2.0,1.0,Completed,1.53,2.5,1.53,2.68,1.55,2.68,1.52,2.56
WTA,2024,41,New York,US Open,2024-08-26,Grand Slam,Outdoor,Hard,1st Round,3,Vekic D.,Birrell K.,24.0,147.0,2013.0,508.0,6.0,4.0,6.0,4.0,,,2.0,0.0,Completed,1.17,5.0,1.19,5.23,1.2,5.23,1.18,4.87
WTA,2024,41,New York,US Open,2024-08-26,Grand Slam,Outdoor,Hard,1st Round,3,Wang Y.,Sakkari M.,80.0,9.0,861.0,3515.0,6.0,2.0,,,,,1.0,0.0,Retired,3.5,1.3,3.58,1.33,3.6,1.35,3.49,1.31
WTA,2024,41,New York,US Open,2024-08-26,Grand Slam,Outdoor,Hard,1st Round,3,Parry D.,Wang Xiy.,60.0,53.0,1002.0,1105.0,7.0,6.0,7.0,6.0,,,2.0,0.0,Completed,2.63,1.5,2.71,1.52,2.71,1.53,2.61,1.5
WTA,2024,41,New York,US Open,2024-08-26,Grand Slam,Outdoor,Hard,1st Round,3,Minnen G.,Frech M.,70.0,43.0,918.0,1363.0,7.0,5.0,7.0,5.0,,,2.0,0.0,Completed,2.2,1.67,2.32,1.67,2.32,1.74,2.22,1.67
WTA,2024,41,New York,US Open,2024-08-26,Grand Slam,Outdoor,Hard,1st Round,3,Kalinina A.,Dodin O.,55.0,86.0,1076.0,839.0,6.0,1.0,3.0,6.0,6.0,1.0,2.0,1.0,Completed,1.14,5.5,1.17,5.85,1.17,8.04,1.15,5.64
WTA,2024,41,New York,US Open,2024-08-26,Grand Slam,Outdoor,Hard,1st Round,3,Maria T.,Sierra S.,99.0,158.0,735.0,465.0,6.0,2.0,6.0,3.0,,,2.0,0.0,Completed,2.1,1.73,2.27,1.7,2.28,1.75,2.17,1.7
WTA,2024,41,New York,US Open,2024-08-26,Grand Slam,Outdoor,Hard,1st Round,3,Badosa P.,Golubic V.,29.0,73.0,1895.0,901.0,6.0,0.0,6.0,3.0,,,2.0,0.0,Completed,1.06,10.0,1.07,11.3,1.07,11.3,1.06,9.89
WTA,2024,41,New York,US Open,2024-08-26,Grand Slam,Outdoor,Hard,1st Round,3,Gauff C.,Gracheva V.,3.0,66.0,6743.0,935.0,6.0,2.0,6.0,0.0,,,2.0,0.0,Completed,1.05,11.0,1.05,13.53,1.05,14.89,1.05,11.17
WTA,2024,41,New York,US Open,2024-08-26,Grand Slam,Outdoor,Hard,1st Round,3,Joint M.,Siegemund L.,135.0,94.0,544.0,778.0,6.0,4.0,7.0,5.0,,,2.0,0.0,Completed,1.5,2.63,1.51,2.74,1.53,2.86,1.48,2.66
WTA,2024,41,New York,US Open,2024-08-26,Grand Slam,Outdoor,Hard,1st Round,3,Uchijima M.,Korpatsch T.,64.0,111.0,968.0,648.0,3.0,6.0,6.0,3.0,6.0,4.0,2.0,1.0,Completed,1.33,3.4,1.35,3.48,1.35,3.5,1.33,3.38
WTA,2024,41,New York,US Open,2024-08-26,Grand Slam,Outdoor,Hard,1st Round,3,Stearns P.,Tsurenko L.,47.0,85.0,1283.0,854.0,6.0,1.0,7.0,5.0,,,2.0,0.0,Completed,1.22,4.33,1.23,4.63,1.25,4.7,1.22,4.35
WTA,2024,41,New York,US Open,2024-08-26,Grand Slam,Outdoor,Hard,1st Round,3,Townsend T.,Trevisan M.,48.0,90.0,1267.0,788.0,6.0,2.0,7.0,5.0,,,2.0,0.0,Completed,1.13,6.0,1.14,6.68,1.15,7.03,1.13,6.11
WTA,2024,41,New York,US Open,2024-08-26,Grand Slam,Outdoor,Hard,1st Round,3,Mertens E.,Kudermetova V.,35.0,46.0,1639.0,1308.0,3.0,6.0,6.0,4.0,6.0,3.0,2.0,1.0,Completed,1.57,2.38,1.53,2.66,1.6,2.66,1.56,2.42
WTA,2024,41,New York,US Open,2024-08-26,Grand Slam,Outdoor,Hard,1st Round,3,Keys M.,Siniakova K.,14.0,36.0,2727.0,1474.0,6.0,4.0,6.0,1.0,,,2.0,0.0,Completed,1.4,3.0,1.46,2.92,1.47,3.05,1.42,2.9
WTA,2024,41,New York,US Open,2024-08-26,Grand Slam,Outdoor,Hard,1st Round,3,Tomljanovic A.,Li A.,118.0,128.0,607.0,559.0,6.0,4.0,6.0,4.0,,,2.0,0.0,Completed,1.73,2.1,1.89,2.0,1.89,2.1,1.79,2.01
WTA,2024,41,New York,US Open,2024-08-26,Grand Slam,Outdoor,Hard,1st Round,3,Rus A.,Bogdan A.,93.0,91.0,779.0,786.0,6.0,4.0,7.0,6.0,,,2.0,0.0,Completed,2.2,1.67,2.18,1.76,2.22,1.76,2.15,1.71
WTA,2024,41,New York,US Open,2024-08-26,Grand Slam,Outdoor,Hard,1st Round,3,Kostyuk M.,Kessler M.,19.0,63.0,2348.0,971.0,6.0,2.0,6.0,3.0,,,2.0,0.0,Completed,1.33,3.4,1.4,3.15,1.42,3.4,1.38,3.05
WTA,2024,41,New York,US Open,2024-08-26,Grand Slam,Outdoor,Hard,1st Round,3,Jovic I.,Linette M.,389.0,42.0,155.0,1371.0,6.0,4.0,6.0,3.0,,,2.0,0.0,Completed,4.5,1.2,5.06,1.2,5.06,1.25,4.64,1.2
WTA,2024,41,New York,US Open,2024-08-26,Grand Slam,Outdoor,Hard,1st Round,3,Navarro E.,Blinkova A.,12.0,81.0,3040.0,861.0,6.0,1.0,6.0,1.0,,,2.0,0.0,Completed,1.14,5.5,1.14,6.79,1.17,6.79,1.14,5.93
WTA,2024,41,New York,US Open,2024-08-26,Grand Slam,Outdoor,Hard,1st Round,3,Krejcikova B.,Bassols M.,8.0,114.0,3571.0,625.0,7.0,6.0,6.0,2.0,,,2.0,0.0,Completed,1.14,5.5,1.14,6.81,1.15,6.81,1.13,6.1
WTA,2024,41,New York,US Open,2024-08-27,Grand Slam,Outdoor,Hard,1st Round,3,Azarenka V.,Starodubtseva Y.,20.0,146.0,2266.0,520.0,3.0,6.0,6.0,1.0,6.0,1.0,2.0,1.0,Completed,1.22,4.33,1.26,4.22,1.26,4.34,1.24,4.08
WTA,2024,41,New York,US Open,2024-08-27,Grand Slam,Outdoor,Hard,1st Round,3,Dart H.,Paquet C.,78.0,97.0,874.0,746.0,6.0,1.0,6.0,2.0,,,2.0,0.0,Completed,1.44,2.75,1.49,2.8,1.5,2.81,1.46,2.72
WTA,2024,41,New York,US Open,2024-08-27,Grand Slam,Outdoor,Hard,1st Round,3,Burel C.,Stephens S.,56.0,62.0,1075.0,987.0,0.0,6.0,7.0,5.0,7.0,5.0,2.0,1.0,Completed,1.8,2.0,1.86,2.03,1.86,2.05,1.81,2.01
WTA,2024,41,New York,US Open,2024-08-27,Grand Slam,Outdoor,Hard,1st Round,3,Ruse E.G.,Grabher J.,122.0,1023.0,588.0,16.0,6.0,2.0,6.0,4.0,,,2.0,0.0,Completed,1.06,10.0,1.07,11.52,1.07,12.63,1.06,10.12
WTA,2024,41,New York,US Open,2024-08-27,Grand Slam,Outdoor,Hard,1st Round,3,Alexandrova E.,Tomova V.,31.0,58.0,1778.0,1031.0,6.0,7.0,6.0,0.0,7.0,5.0,2.0,1.0,Completed,1.4,3.0,1.47,2.87,1.49,3.0,1.43,2.82
WTA,2024,41,New York,US Open,2024-08-27,Grand Slam,Outdoor,Hard,1st Round,3,Bronzetti L.,Sun L.,76.0,41.0,891.0,1373.0,6.0,3.0,,,,,1.0,0.0,Retired,2.63,1.5,2.63,1.54,2.75,1.54,2.61,1.49
WTA,2024,41,New York,US Open,2024-08-27,Grand Slam,Outdoor,Hard,1st Round,3,Sabalenka A.,Hon P.,2.0,203.0,8016.0,345.0,6.0,3.0,6.0,3.0,,,2.0,0.0,Completed,1.02,19.0,1.02,26.64,1.02,27.82,1.02,19.2
WTA,2024,41,New York,US Open,2024-08-27,Grand Slam,Outdoor,Hard,1st Round,3,Muchova K.,Volynets K.,52.0,57.0,1126.0,1042.0,6.0,3.0,7.0,5.0,,,2.0,0.0,Completed,1.29,3.75,1.28,4.02,1.3,4.3,1.28,3.77
WTA,2024,41,New York,US Open,2024-08-27,Grand Slam,Outdoor,Hard,1st Round,3,Pavlyuchenkova A.,Preston T.,27.0,145.0,1961.0,528.0,6.0,2.0,6.0,0.0,,,2.0,0.0,Completed,1.11,6.5,1.11,7.97,1.12,8.0,1.11,6.93
WTA,2024,41,New York,US Open,2024-08-27,Grand Slam,Outdoor,Hard,1st Round,3,Dolehide C.,Collins D.,49.0,11.0,1227.0,3422.0,1.0,6.0,7.0,5.0,6.0,4.0,2.0,1.0,Completed,5.5,1.14,5.88,1.17,5.88,1.18,5.42,1.16
WTA,2024,41,New York,US Open,2024-08-27,Grand Slam,Outdoor,Hard,1st Round,3,Errani S.,Bucsa C.,96.0,77.0,760.0,877.0,3.0,6.0,6.0,0.0,6.0,4.0,2.0,1.0,Completed,2.5,1.53,2.63,1.54,2.69,1.57,2.51,1.53
WTA,2024,41,New York,US Open,2024-08-27,Grand Slam,Outdoor,Hard,1st Round,3,Krueger A.,Zhang S.,59.0,643.0,1017.0,60.0,0.0,6.0,6.0,1.0,7.0,5.0,2.0,1.0,Completed,1.06,10.0,1.05,13.59,1.07,15.0,1.05,11.12
WTA,2024,41,New York,US Open,2024-08-27,Grand Slam,Outdoor,Hard,1st Round,3,Ponchet J.,Zheng S.,143.0,1294.0,532.0,6.0,6.0,4.0,6.0,1.0,,,2.0,0.0,Completed,1.08,8.0,1.13,7.1,1.13,8.5,1.1,7.06
WTA,2024,41,New York,US Open,2024-08-27,Grand Slam,Outdoor,Hard,1st Round,3,Boulter K.,Sasnovich A.,33.0,107.0,1715.0,669.0,5.0,7.0,6.0,2.0,6.0,1.0,2.0,1.0,Completed,1.57,2.38,1.6,2.47,1.63,2.47,1.58,2.38
WTA,2024,41,New York,US Open,2024-08-27,Grand Slam,Outdoor,Hard,1st Round,3,Shibahara E.,Saville D.,217.0,95.0,323.0,766.0,6.0,3.0,4.0,6.0,7.0,6.0,2.0,1.0,Completed,2.0,1.8,2.04,1.85,2.1,1.92,1.99,1.82
WTA,2024,41,New York,US Open,2024-08-27,Grand Slam,Outdoor,Hard,1st Round,3,Swiatek I.,Rakhimova K.,1.0,104.0,10695.0,682.0,6.0,4.0,7.0,6.0,,,2.0,0.0,Completed,1.02,19.0,1.02,34.48,1.02,34.48,1.02,16.9
WTA,2024,41,New York,US Open,2024-08-27,Grand Slam,Outdoor,Hard,1st Round,3,Cocciaretto E.,Baindl K.,65.0,329.0,963.0,191.0,6.0,3.0,6.0,0.0,,,2.0,0.0,Completed,1.2,4.5,1.18,5.63,1.21,5.63,1.18,4.89
WTA,2024,41,New York,US Open,2024-08-27,Grand Slam,Outdoor,Hard,1st Round,3,Andreeva M.,Osorio M.,23.0,82.0,2153.0,861.0,6.0,2.0,7.0,6.0,,,2.0,0.0,Completed,1.17,5.0,1.17,5.69,1.18,5.69,1.17,5.18
WTA,2024,41,New York,US Open,2024-08-27,Grand Slam,Outdoor,Hard,1st Round,3,Wozniacki C.,Hibino N.,71.0,155.0,908.0,476.0,6.0,0.0,6.0,1.0,,,2.0,0.0,Completed,1.22,4.33,1.21,4.93,1.23,4.93,1.21,4.41
WTA,2024,41,New York,US Open,2024-08-27,Grand Slam,Outdoor,Hard,1st Round,3,Osaka N.,Ostapenko J.,88.0,10.0,824.0,3428.0,6.0,3.0,6.0,2.0,,,2.0,0.0,Completed,1.62,2.3,1.66,2.34,1.7,2.34,1.64,2.26
WTA,2024,41,New York,US Open,2024-08-27,Grand Slam,Outdoor,Hard,1st Round,3,Zarazua R.,Garcia C.,92.0,30.0,784.0,1808.0,6.0,1.0,6.0,4.0,,,2.0,0.0,Completed,2.63,1.5,2.56,1.56,2.74,1.61,2.57,1.51
WTA,2024,41,New York,US Open,2024-08-27,Grand Slam,Outdoor,Hard,1st Round,3,Kalinskaya A.,Davis L.,15.0,408.0,2712.0,145.0,6.0,2.0,6.0,2.0,,,2.0,0.0,Completed,1.08,8.0,1.09,8.99,1.1,9.15,1.08,8.09
WTA,2024,41,New York,US Open,2024-08-27,Grand Slam,Outdoor,Hard,1st Round,3,Bouzas Maneiro J.,Martic P.,74.0,98.0,896.0,738.0,6.0,3.0,6.0,0.0,,,2.0,0.0,Completed,1.57,2.38,1.61,2.44,1.67,2.5,1.6,2.35
WTA,2024,41,New York,US Open,2024-08-27,Grand Slam,Outdoor,Hard,1st Round,3,Bondar A.,Pera B.,84.0,79.0,861.0,872.0,6.0,3.0,3.0,6.0,6.0,3.0,2.0,1.0,Completed,2.2,1.67,2.22,1.73,2.24,1.75,2.18,1.69
WTA,2024,41,New York,US Open,2024-08-27,Grand Slam,Outdoor,Hard,1st Round,3,Rybakina E.,Aiava D.,4.0,194.0,5931.0,363.0,6.0,1.0,7.0,6.0,,,2.0,0.0,Completed,1.03,15.0,1.04,16.67,1.05,17.0,1.03,12.84
WTA,2024,41,New York,US Open,2024-08-27,Grand Slam,Outdoor,Hard,1st Round,3,Wang Xin.,Rodionova Ar.,40.0,119.0,1373.0,607.0,3.0,6.0,6.0,4.0,6.0,1.0,2.0,1.0,Completed,1.14,5.5,1.14,6.6,1.18,6.67,1.14,5.79
WTA,2024,41,New York,US Open,2024-08-27,Grand Slam,Outdoor,Hard,1st Round,3,Tauson C.,Schmiedlova A.,67.0,87.0,929.0,831.0,1.0,6.0,7.0,6.0,6.0,2.0,2.0,1.0,Completed,1.53,2.5,1.64,2.39,1.72,2.51,1.58,2.39
WTA,2024,41,New York,US Open,2024-08-27,Grand Slam,Outdoor,Hard,1st Round,3,Pliskova Ka.,Sherif M.,44.0,89.0,1324.0,793.0,6.0,3.0,0.0,6.0,7.0,5.0,2.0,1.0,Completed,1.36,3.2,1.36,3.42,1.39,3.42,1.35,3.22
WTA,2024,41,New York,US Open,2024-08-27,Grand Slam,Outdoor,Hard,1st Round,3,Potapova A.,Fernandez L.A.,38.0,26.0,1397.0,2009.0,2.0,6.0,6.0,4.0,7.0,5.0,2.0,1.0,Completed,2.5,1.53,2.7,1.52,2.7,1.56,2.56,1.52
WTA,2024,41,New York,US Open,2024-08-27,Grand Slam,Outdoor,Hard,1st Round,3,Lepchenko V.,Fruhvirtova B.,199.0,106.0,357.0,673.0,2.0,1.0,,,,,0.0,0.0,Retired,2.3,1.62,2.5,1.59,2.5,1.68,2.32,1.62
WTA,2024,41,New York,US Open,2024-08-27,Grand Slam,Outdoor,Hard,1st Round,3,Sorribes Tormo S.,Noel A.,115.0,784.0,624.0,36.0,6.0,1.0,6.0,3.0,,,2.0,0.0,Completed,1.13,6.0,1.13,6.65,1.14,7.0,1.12,6.31
WTA,2024,41,New York,US Open,2024-08-27,Grand Slam,Outdoor,Hard,1st Round,3,Shnaider D.,Podoroska N.,18.0,68.0,2385.0,920.0,6.0,0.0,6.0,1.0,,,2.0,0.0,Completed,1.13,6.0,1.15,6.19,1.16,6.19,1.14,5.68
WTA,2024,41,New York,US Open,2024-08-27,Grand Slam,Outdoor,Hard,1st Round,3,Samsonova L.,Wang Q.,16.0,438.0,2610.0,128.0,6.0,2.0,7.0,5.0,,,2.0,0.0,Completed,1.05,11.0,1.06,12.04,1.06,12.04,1.06,10.21
WTA,2024,41,New York,US Open,2024-08-27,Grand Slam,Outdoor,Hard,1st Round,3,Bouzkova M.,Lys E.,45.0,112.0,1312.0,642.0,6.0,2.0,1.0,6.0,7.0,5.0,2.0,1.0,Completed,1.4,3.0,1.45,2.96,1.47,3.0,1.42,2.86
WTA,2024,41,New York,US Open,2024-08-27,Grand Slam,Outdoor,Hard,1st Round,3,Haddad Maia B.,Avanesyan E.,21.0,51.0,2221.0,1200.0,4.0,6.0,6.0,0.0,6.0,2.0,2.0,1.0,Completed,1.57,2.38,1.67,2.33,1.73,2.4,1.61,2.32
WTA,2024,41,New York,US Open,2024-08-28,Grand Slam,Outdoor,Hard,1st Round,3,Putintseva Y.,Noskova L.,32.0,25.0,1761.0,2013.0,7.0,6.0,6.0,4.0,,,2.0,0.0,Completed,1.91,1.91,1.89,2.0,1.91,2.0,1.88,1.93
WTA,2024,41,New York,US Open,2024-08-28,Grand Slam,Outdoor,Hard,1st Round,3,Paolini J.,Andreescu B.,5.0,167.0,5168.0,444.0,6.0,7.0,6.0,2.0,6.0,4.0,2.0,1.0,Completed,1.53,2.5,1.54,2.63,1.57,2.65,1.52,2.54
WTA,2024,41,New York,US Open,2024-08-28,Grand Slam,Outdoor,Hard,1st Round,3,Kenin S.,Raducanu E.,54.0,72.0,1099.0,907.0,6.0,1.0,3.0,6.0,6.0,4.0,2.0,1.0,Completed,3.75,1.29,4.09,1.27,4.09,1.3,3.75,1.28
WTA,2024,41,New York,US Open,2024-08-28,Grand Slam,Outdoor,Hard,1st Round,3,Pegula J.,Rogers S.,6.0,356.0,5160.0,173.0,6.0,4.0,6.0,3.0,,,2.0,0.0,Completed,1.05,11.0,1.04,17.45,1.05,17.45,1.04,12.02
WTA,2024,41,New York,US Open,2024-08-28,Grand Slam,Outdoor,Hard,2nd Round,3,Badosa P.,Townsend T.,29.0,48.0,1895.0,1267.0,6.0,3.0,7.0,5.0,,,2.0,0.0,Completed,1.44,2.75,1.4,3.23,1.45,3.23,1.41,2.87
WTA,2024,41,New York,US Open,2024-08-28,Grand Slam,Outdoor,Hard,2nd Round,3,Mertens E.,Tomljanovic A.,35.0,118.0,1639.0,607.0,6.0,3.0,6.0,2.0,,,2.0,0.0,Completed,1.4,3.0,1.38,3.31,1.4,3.31,1.38,3.03
WTA,2024,41,New York,US Open,2024-08-28,Grand Slam,Outdoor,Hard,2nd Round,3,Niemeier J.,Uchijima M.,101.0,64.0,724.0,968.0,6.0,4.0,6.0,0.0,,,2.0,0.0,Completed,1.8,2.0,1.78,2.16,1.83,2.16,1.79,2.01
WTA,2024,41,New York,US Open,2024-08-28,Grand Slam,Outdoor,Hard,2nd Round,3,Ruse E.G.,Krejcikova B.,122.0,8.0,588.0,3571.0,6.0,4.0,7.0,5.0,,,2.0,0.0,Completed,3.2,1.36,3.89,1.3,3.89,1.36,3.44,1.31
WTA,2024,41,New York,US Open,2024-08-28,Grand Slam,Outdoor,Hard,2nd Round,3,Keys M.,Joint M.,14.0,135.0,2727.0,544.0,6.0,4.0,6.0,0.0,,,2.0,0.0,Completed,1.14,5.5,1.18,5.73,1.18,5.73,1.15,5.3
WTA,2024,41,New York,US Open,2024-08-28,Grand Slam,Outdoor,Hard,2nd Round,3,Zheng Q.,Andreeva E.,7.0,75.0,3980.0,892.0,6.0,7.0,6.0,1.0,6.0,2.0,2.0,1.0,Completed,1.17,5.0,1.18,5.75,1.18,6.0,1.15,5.36
WTA,2024,41,New York,US Open,2024-08-28,Grand Slam,Outdoor,Hard,2nd Round,3,Wang Y.,Parry D.,80.0,60.0,861.0,1002.0,6.0,0.0,6.0,4.0,,,2.0,0.0,Completed,1.73,2.1,1.69,2.3,1.73,2.31,1.69,2.19
WTA,2024,41,New York,US Open,2024-08-28,Grand Slam,Outdoor,Hard,2nd Round,3,Kostyuk M.,Dart H.,19.0,78.0,2348.0,874.0,7.0,6.0,6.0,1.0,,,2.0,0.0,Completed,1.17,5.0,1.2,5.22,1.23,5.22,1.2,4.69
WTA,2024,41,New York,US Open,2024-08-28,Grand Slam,Outdoor,Hard,2nd Round,3,Alexandrova E.,Jovic I.,31.0,389.0,1778.0,155.0,4.0,6.0,6.0,4.0,7.0,5.0,2.0,1.0,Completed,1.3,3.5,1.34,3.56,1.36,3.56,1.32,3.33
WTA,2024,41,New York,US Open,2024-08-28,Grand Slam,Outdoor,Hard,2nd Round,3,Sabalenka A.,Bronzetti L.,2.0,76.0,8016.0,891.0,6.0,3.0,6.0,1.0,,,2.0,0.0,Completed,1.04,13.0,1.04,18.91,1.05,19.28,1.03,12.7
WTA,2024,41,New York,US Open,2024-08-28,Grand Slam,Outdoor,Hard,2nd Round,3,Navarro E.,Rus A.,12.0,93.0,3040.0,779.0,6.0,1.0,6.0,1.0,,,2.0,0.0,Completed,1.11,6.5,1.14,6.71,1.14,6.71,1.13,6.04
WTA,2024,41,New York,US Open,2024-08-28,Grand Slam,Outdoor,Hard,2nd Round,3,Vekic D.,Minnen G.,24.0,70.0,2013.0,918.0,7.0,5.0,6.0,1.0,,,2.0,0.0,Completed,1.29,3.75,1.32,3.74,1.32,3.75,1.3,3.46
WTA,2024,41,New York,US Open,2024-08-29,Grand Slam,Outdoor,Hard,2nd Round,3,Azarenka V.,Burel C.,20.0,56.0,2266.0,1075.0,6.0,1.0,6.0,4.0,,,2.0,0.0,Completed,1.2,4.5,1.24,4.61,1.25,4.98,1.22,4.4
WTA,2024,41,New York,US Open,2024-08-29,Grand Slam,Outdoor,Hard,2nd Round,3,Gauff C.,Maria T.,3.0,99.0,6743.0,735.0,6.0,4.0,6.0,0.0,,,2.0,0.0,Completed,1.02,19.0,1.03,24.47,1.03,24.47,1.02,15.71
WTA,2024,41,New York,US Open,2024-08-29,Grand Slam,Outdoor,Hard,2nd Round,3,Svitolina E.,Kalinina A.,28.0,55.0,1942.0,1076.0,6.0,1.0,6.0,2.0,,,2.0,0.0,Completed,1.2,4.5,1.24,4.69,1.24,4.69,1.21,4.3
WTA,2024,41,New York,US Open,2024-08-29,Grand Slam,Outdoor,Hard,2nd Round,3,Stearns P.,Kasatkina D.,47.0,13.0,1283.0,2973.0,6.0,1.0,7.0,6.0,,,2.0,0.0,Completed,2.0,1.8,2.08,1.84,2.08,1.84,1.99,1.79
WTA,2024,41,New York,US Open,2024-08-29,Grand Slam,Outdoor,Hard,2nd Round,3,Kalinskaya A.,Bondar A.,15.0,84.0,2712.0,861.0,6.0,2.0,6.0,4.0,,,2.0,0.0,Completed,1.14,5.5,1.16,6.23,1.17,6.39,1.14,5.74
WTA,2024,41,New York,US Open,2024-08-29,Grand Slam,Outdoor,Hard,2nd Round,3,Shnaider D.,Tauson C.,18.0,67.0,2385.0,929.0,6.0,4.0,6.0,4.0,,,2.0,0.0,Completed,1.25,4.0,1.26,4.33,1.28,4.33,1.25,4.02
WTA,2024,41,New York,US Open,2024-08-29,Grand Slam,Outdoor,Hard,2nd Round,3,Putintseva Y.,Wang Xin.,32.0,40.0,1761.0,1373.0,6.0,1.0,7.0,6.0,,,2.0,0.0,Completed,1.44,2.75,1.44,3.05,1.5,3.05,1.44,2.81
WTA,2024,41,New York,US Open,2024-08-29,Grand Slam,Outdoor,Hard,2nd Round,3,Bouzas Maneiro J.,Boulter K.,74.0,33.0,896.0,1715.0,7.0,5.0,7.0,5.0,,,2.0,0.0,Completed,2.63,1.5,2.62,1.56,2.63,1.57,2.51,1.53
WTA,2024,41,New York,US Open,2024-08-29,Grand Slam,Outdoor,Hard,2nd Round,3,Errani S.,Dolehide C.,96.0,49.0,760.0,1227.0,7.0,5.0,7.0,5.0,,,2.0,0.0,Completed,3.75,1.29,3.54,1.35,3.8,1.35,3.6,1.3
WTA,2024,41,New York,US Open,2024-08-29,Grand Slam,Outdoor,Hard,2nd Round,3,Samsonova L.,Bouzkova M.,16.0,45.0,2610.0,1312.0,3.0,6.0,7.0,6.0,6.0,3.0,2.0,1.0,Completed,1.53,2.5,1.61,2.48,1.62,2.5,1.58,2.39
WTA,2024,41,New York,US Open,2024-08-29,Grand Slam,Outdoor,Hard,2nd Round,3,Paolini J.,Pliskova Ka.,5.0,44.0,5168.0,1324.0,,,,,,,0.0,0.0,Retired,1.3,3.5,1.29,4.02,1.34,4.02,1.3,3.57
WTA,2024,41,New York,US Open,2024-08-29,Grand Slam,Outdoor,Hard,2nd Round,3,Krueger A.,Andreeva M.,59.0,23.0,1017.0,2153.0,6.0,1.0,6.0,4.0,,,2.0,0.0,Completed,4.33,1.22,4.52,1.25,4.52,1.26,4.26,1.23
WTA,2024,41,New York,US Open,2024-08-29,Grand Slam,Outdoor,Hard,2nd Round,3,Haddad Maia B.,Sorribes Tormo S.,21.0,115.0,2221.0,624.0,6.0,2.0,6.0,1.0,,,2.0,0.0,Completed,1.25,4.0,1.29,4.03,1.3,4.03,1.27,3.79
WTA,2024,41,New York,US Open,2024-08-29,Grand Slam,Outdoor,Hard,2nd Round,3,Potapova A.,Lepchenko V.,38.0,199.0,1397.0,357.0,6.0,3.0,6.0,4.0,,,2.0,0.0,Completed,1.17,5.0,1.18,5.67,1.18,5.67,1.17,5.14
WTA,2024,41,New York,US Open,2024-08-29,Grand Slam,Outdoor,Hard,2nd Round,3,Swiatek I.,Shibahara E.,1.0,217.0,10695.0,323.0,6.0,0.0,6.0,1.0,,,2.0,0.0,Completed,1.02,21.0,1.01,39.46,1.02,39.46,1.01,20.75
WTA,2024,41,New York,US Open,2024-08-29,Grand Slam,Outdoor,Hard,2nd Round,3,Pegula J.,Kenin S.,6.0,54.0,5160.0,1099.0,7.0,6.0,6.0,3.0,,,2.0,0.0,Completed,1.13,6.0,1.14,6.7,1.15,6.83,1.13,6.08
WTA,2024,41,New York,US Open,2024-08-29,Grand Slam,Outdoor,Hard,2nd Round,3,Pavlyuchenkova A.,Cocciaretto E.,27.0,65.0,1961.0,963.0,5.0,7.0,6.0,1.0,6.0,2.0,2.0,1.0,Completed,1.5,2.63,1.48,2.89,1.57,2.89,1.51,2.59
WTA,2024,41,New York,US Open,2024-08-29,Grand Slam,Outdoor,Hard,2nd Round,3,Ponchet J.,Rybakina E.,143.0,4.0,532.0,5931.0,,,,,,,,,Walkover,13.0,1.04,21.9,1.03,21.9,1.04,14.05,1.04
WTA,2024,41,New York,US Open,2024-08-30,Grand Slam,Outdoor,Hard,2nd Round,3,Muchova K.,Osaka N.,52.0,88.0,1126.0,824.0,6.0,3.0,7.0,6.0,,,2.0,0.0,Completed,2.1,1.73,2.22,1.74,2.22,1.77,2.13,1.72
WTA,2024,41,New York,US Open,2024-08-30,Grand Slam,Outdoor,Hard,2nd Round,3,Wozniacki C.,Zarazua R.,71.0,92.0,908.0,784.0,6.0,3.0,6.0,3.0,,,2.0,0.0,Completed,1.13,6.0,1.22,4.98,1.22,6.05,1.17,5.21
WTA,2024,41,New York,US Open,2024-08-30,Grand Slam,Outdoor,Hard,3rd Round,3,Badosa P.,Ruse E.G.,29.0,122.0,1895.0,588.0,4.0,6.0,6.0,1.0,7.0,6.0,2.0,1.0,Completed,1.17,5.0,1.18,5.56,1.2,5.56,1.18,4.92
WTA,2024,41,New York,US Open,2024-08-30,Grand Slam,Outdoor,Hard,3rd Round,3,Zheng Q.,Niemeier J.,7.0,101.0,3980.0,724.0,6.0,2.0,6.0,1.0,,,2.0,0.0,Completed,1.11,6.5,1.11,8.2,1.13,8.2,1.11,6.75
WTA,2024,41,New York,US Open,2024-08-30,Grand Slam,Outdoor,Hard,3rd Round,3,Gauff C.,Svitolina E.,3.0,28.0,6743.0,1942.0,3.0,6.0,6.0,3.0,6.0,3.0,2.0,1.0,Completed,1.4,3.0,1.44,3.01,1.45,3.09,1.43,2.87
WTA,2024,41,New York,US Open,2024-08-30,Grand Slam,Outdoor,Hard,3rd Round,3,Wang Y.,Azarenka V.,80.0,20.0,861.0,2266.0,6.0,4.0,3.0,6.0,6.0,1.0,2.0,1.0,Completed,3.75,1.29,3.98,1.29,4,1.33,3.69,1.29
WTA,2024,41,New York,US Open,2024-08-30,Grand Slam,Outdoor,Hard,3rd Round,3,Navarro E.,Kostyuk M.,12.0,19.0,3040.0,2348.0,6.0,4.0,4.0,6.0,6.0,3.0,2.0,1.0,Completed,1.57,2.38,1.62,2.4,1.62,2.47,1.58,2.39
WTA,2024,41,New York,US Open,2024-08-30,Grand Slam,Outdoor,Hard,3rd Round,3,Vekic D.,Stearns P.,24.0,47.0,2013.0,1283.0,7.0,5.0,6.0,4.0,,,2.0,0.0,Completed,1.67,2.2,1.65,2.4,1.7,2.42,1.64,2.26
WTA,2024,41,New York,US Open,2024-08-31,Grand Slam,Outdoor,Hard,3rd Round,3,Mertens E.,Keys M.,35.0,14.0,1639.0,2727.0,6.0,7.0,7.0,5.0,6.0,4.0,2.0,1.0,Completed,3.0,1.4,3.0,1.45,3.01,1.47,2.91,1.41
WTA,2024,41,New York,US Open,2024-08-31,Grand Slam,Outdoor,Hard,3rd Round,3,Sabalenka A.,Alexandrova E.,2.0,31.0,8016.0,1778.0,2.0,6.0,6.0,1.0,6.0,2.0,2.0,1.0,Completed,1.08,8.0,1.1,9.0,1.11,9.0,1.09,7.95
WTA,2024,41,New York,US Open,2024-08-31,Grand Slam,Outdoor,Hard,3rd Round,3,Muchova K.,Potapova A.,52.0,38.0,1126.0,1397.0,6.0,4.0,6.0,2.0,,,2.0,0.0,Completed,1.4,3.0,1.36,3.48,1.43,3.48,1.37,3.08
WTA,2024,41,New York,US Open,2024-08-31,Grand Slam,Outdoor,Hard,3rd Round,3,Paolini J.,Putintseva Y.,5.0,32.0,5168.0,1761.0,6.0,3.0,6.0,4.0,,,2.0,0.0,Completed,1.67,2.2,1.72,2.26,1.73,2.35,1.66,2.24
WTA,2024,41,New York,US Open,2024-08-31,Grand Slam,Outdoor,Hard,3rd Round,3,Pegula J.,Bouzas Maneiro J.,6.0,74.0,5160.0,896.0,6.0,3.0,6.0,3.0,,,2.0,0.0,Completed,1.11,6.5,1.13,7.27,1.13,7.27,1.11,6.58
WTA,2024,41,New York,US Open,2024-08-31,Grand Slam,Outdoor,Hard,3rd Round,3,Shnaider D.,Errani S.,18.0,96.0,2385.0,760.0,6.0,2.0,6.0,2.0,,,2.0,0.0,Completed,1.08,8.0,1.1,8.72,1.11,9.81,1.09,7.69
WTA,2024,41,New York,US Open,2024-08-31,Grand Slam,Outdoor,Hard,3rd Round,3,Samsonova L.,Krueger A.,16.0,59.0,2610.0,1017.0,6.0,1.0,6.0,1.0,,,2.0,0.0,Completed,1.57,2.38,1.58,2.54,1.65,2.54,1.59,2.35
WTA,2024,41,New York,US Open,2024-08-31,Grand Slam,Outdoor,Hard,3rd Round,3,Wozniacki C.,Ponchet J.,71.0,143.0,908.0,532.0,6.0,3.0,6.0,2.0,,,2.0,0.0,Completed,1.08,8.0,1.13,7.09,1.13,8.0,1.11,6.64
WTA,2024,41,New York,US Open,2024-09-01,Grand Slam,Outdoor,Hard,3rd Round,3,Swiatek I.,Pavlyuchenkova A.,1.0,27.0,10695.0,1961.0,6.0,4.0,6.0,2.0,,,2.0,0.0,Completed,1.08,8.0,1.09,9.29,1.1,9.29,1.08,8.25
WTA,2024,41,New York,US Open,2024-09-01,Grand Slam,Outdoor,Hard,3rd Round,3,Haddad Maia B.,Kalinskaya A.,21.0,15.0,2221.0,2712.0,6.0,3.0,6.0,1.0,,,2.0,0.0,Completed,2.63,1.5,2.65,1.55,2.65,1.57,2.57,1.51
WTA,2024,41,New York,US Open,2024-09-01,Grand Slam,Outdoor,Hard,4th Round,3,Badosa P.,Wang Y.,29.0,80.0,1895.0,861.0,6.0,1.0,6.0,2.0,,,2.0,0.0,Completed,1.22,4.33,1.22,4.82,1.25,4.82,1.22,4.28
WTA,2024,41,New York,US Open,2024-09-01,Grand Slam,Outdoor,Hard,4th Round,3,Navarro E.,Gauff C.,12.0,3.0,3040.0,6743.0,6.0,3.0,4.0,6.0,6.0,3.0,2.0,1.0,Completed,2.75,1.44,2.92,1.47,2.92,1.51,2.74,1.45
WTA,2024,41,New York,US Open,2024-09-02,Grand Slam,Outdoor,Hard,4th Round,3,Sabalenka A.,Mertens E.,2.0,35.0,8016.0,1639.0,6.0,2.0,6.0,4.0,,,2.0,0.0,Completed,1.08,8.0,1.11,7.99,1.14,8.0,1.11,6.91
WTA,2024,41,New York,US Open,2024-09-02,Grand Slam,Outdoor,Hard,4th Round,3,Zheng Q.,Vekic D.,7.0,24.0,3980.0,2013.0,7.0,6.0,4.0,6.0,6.0,2.0,2.0,1.0,Completed,1.44,2.75,1.46,2.95,1.5,3.0,1.45,2.77
WTA,2024,41,New York,US Open,2024-09-02,Grand Slam,Outdoor,Hard,4th Round,3,Muchova K.,Paolini J.,52.0,5.0,1126.0,5168.0,6.0,3.0,6.0,3.0,,,2.0,0.0,Completed,1.57,2.38,1.72,2.26,1.72,2.55,1.6,2.35
WTA,2024,41,New York,US Open,2024-09-02,Grand Slam,Outdoor,Hard,4th Round,3,Pegula J.,Shnaider D.,6.0,18.0,5160.0,2385.0,6.0,4.0,6.0,2.0,,,2.0,0.0,Completed,1.5,2.63,1.49,2.83,1.53,2.85,1.48,2.69
WTA,2024,41,New York,US Open,2024-09-02,Grand Slam,Outdoor,Hard,4th Round,3,Haddad Maia B.,Wozniacki C.,21.0,71.0,2221.0,908.0,6.0,2.0,3.0,6.0,6.0,3.0,2.0,1.0,Completed,2.0,1.8,2.08,1.84,2.14,1.85,2.03,1.8
WTA,2024,41,New York,US Open,2024-09-03,Grand Slam,Outdoor,Hard,4th Round,3,Swiatek I.,Samsonova L.,1.0,16.0,10695.0,2610.0,6.0,4.0,6.0,1.0,,,2.0,0.0,Completed,1.08,8.0,1.1,8.94,1.11,9.08,1.1,7.44
WTA,2024,41,New York,US Open,2024-09-03,Grand Slam,Outdoor,Hard,Quarterfinals,3,Navarro E.,Badosa P.,12.0,29.0,3040.0,1895.0,6.0,2.0,7.0,5.0,,,2.0,0.0,Completed,2.1,1.73,2.09,1.83,2.11,1.83,2.05,1.78
WTA,2024,41,New York,US Open,2024-09-04,Grand Slam,Outdoor,Hard,Quarterfinals,3,Sabalenka A.,Zheng Q.,2.0,7.0,8016.0,3980.0,6.0,1.0,6.0,2.0,,,2.0,0.0,Completed,1.25,4.0,1.32,3.75,1.32,4.0,1.29,3.68
WTA,2024,41,New York,US Open,2024-09-04,Grand Slam,Outdoor,Hard,Quarterfinals,3,Muchova K.,Haddad Maia B.,52.0,21.0,1126.0,2221.0,6.0,1.0,6.0,4.0,,,2.0,0.0,Completed,1.3,3.5,1.34,3.62,1.37,3.62,1.32,3.38
WTA,2024,41,New York,US Open,2024-09-05,Grand Slam,Outdoor,Hard,Quarterfinals,3,Pegula J.,Swiatek I.,6.0,1.0,5160.0,10695.0,6.0,2.0,6.0,4.0,,,2.0,0.0,Completed,3.75,1.29,3.77,1.32,3.8,1.34,3.6,1.3
WTA,2024,41,New York,US Open,2024-09-06,Grand Slam,Outdoor,Hard,Semifinals,3,Sabalenka A.,Navarro E.,2.0,12.0,8016.0,3040.0,6.0,3.0,7.0,6.0,,,2.0,0.0,Completed,1.2,4.5,1.23,4.76,1.23,4.76,1.22,4.4
WTA,2024,41,New York,US Open,2024-09-06,Grand Slam,Outdoor,Hard,Semifinals,3,Pegula J.,Muchova K.,6.0,52.0,5160.0,1126.0,1.0,6.0,6.0,4.0,6.0,2.0,2.0,1.0,Completed,1.62,2.3,1.66,2.38,1.66,2.44,1.63,2.31
WTA,2024,41,New York,US Open,2024-09-07,Grand Slam,Outdoor,Hard,The Final,3,Sabalenka A.,Pegula J.,2.0,6.0,8016.0,5160.0,7.0,5.0,7.0,5.0,,,2.0,0.0,Completed,1.29,3.75,1.3,3.89,1.34,3.89,1.3,3.64
