Tour,Year,WTA,Location,Tournament,Date,Tier,Court,Surface,Round,Best of,Winner,Loser,WRank,LRank,WPts,LPts,W1,L1,W2,L2,W3,L3,Wsets,Lsets,Comment,B365W,B365L,EXW,EXL,LBW,LBL,PSW,PSL,SJW,SJL,MaxW,MaxL,AvgW,AvgL
WTA,2010,5,Melbourne,Australian Open,2010-01-18,Grand Slam,Outdoor,Hard,1st Round,3,Kirilenko M.,Sharapova M.,58.0,14.0,1115.0,2820.0,7.0,6.0,3.0,6.0,6.0,4.0,2.0,1.0,Completed,6.0,1.11,5.2,1.14,6.0,1.111,6.16,1.167,5.0,1.143,,,,
WTA,2010,5,Melbourne,Australian Open,2010-01-18,Grand Slam,Outdoor,Hard,1st Round,3,Safina D.,Rybarikova M.,2.0,47.0,7600.0,1325.0,6.0,4.0,6.0,4.0,,,2.0,0.0,Completed,1.16,4.5,1.17,4.67,1.2,4.333,1.233,4.8,1.222,3.75,,,,
WTA,2010,5,Melbourne,Australian Open,2010-01-18,Grand Slam,Outdoor,Hard,1st Round,3,Wickmayer Y.,Dulgheru A.,16.0,53.0,2605.0,1228.0,1.0,6.0,7.0,5.0,7.0,6.0,2.0,1.0,Completed,1.02,12.0,1.04,9.25,1.05,8.5,1.037,18.0,1.05,8.0,,,,
WTA,2010,5,Melbourne,Australian Open,2010-01-18,Grand Slam,Outdoor,Hard,1st Round,3,Zheng J.,Peng S.,35.0,43.0,1640.0,1425.0,0.0,6.0,6.0,1.0,6.0,2.0,2.0,1.0,Completed,1.44,2.62,1.45,2.6,1.4,2.75,1.56,2.63,1.444,2.625,,,,
WTA,2010,5,Melbourne,Australian Open,2010-01-18,Grand Slam,Outdoor,Hard,1st Round,3,Baltacha E.,Parmentier P.,83.0,105.0,775.0,591.0,6.0,4.0,3.0,6.0,7.0,5.0,2.0,1.0,Completed,1.53,2.37,1.6,2.25,1.667,2.1,1.571,2.61,1.667,2.1,,,,
WTA,2010,5,Melbourne,Australian Open,2010-01-18,Grand Slam,Outdoor,Hard,1st Round,3,Meusburger Y.,Bacsinszky T.,114.0,50.0,541.0,1247.0,6.0,4.0,4.0,6.0,6.0,2.0,2.0,1.0,Completed,3.25,1.33,3.1,1.35,2.75,1.4,3.49,1.364,2.75,1.4,,,,
WTA,2010,5,Melbourne,Australian Open,2010-01-18,Grand Slam,Outdoor,Hard,1st Round,3,Pavlyuchenkova A.,Sevastova A.,39.0,80.0,1505.0,802.0,6.0,2.0,6.0,4.0,,,2.0,0.0,Completed,1.25,3.75,1.25,3.75,1.286,3.5,1.313,3.88,1.25,3.5,,,,
WTA,2010,5,Melbourne,Australian Open,2010-01-18,Grand Slam,Outdoor,Hard,1st Round,3,Bondarenko K.,Olaru I.,32.0,68.0,1740.0,928.0,6.0,2.0,7.0,6.0,,,2.0,0.0,Completed,1.16,4.5,1.23,3.89,1.167,4.5,1.222,4.96,1.167,4.5,,,,
WTA,2010,5,Melbourne,Australian Open,2010-01-18,Grand Slam,Outdoor,Hard,1st Round,3,Pennetta F.,Chakvetadze A.,12.0,66.0,3220.0,933.0,6.0,3.0,3.0,6.0,6.0,2.0,2.0,1.0,Completed,1.16,4.5,1.17,4.7,1.2,4.333,1.2,5.37,1.222,3.75,,,,
WTA,2010,5,Melbourne,Australian Open,2010-01-18,Grand Slam,Outdoor,Hard,1st Round,3,Martinez-Sanchez M.J.,Rodina E.,27.0,98.0,1970.0,646.0,6.0,0.0,6.0,0.0,,,2.0,0.0,Completed,1.22,4.0,1.2,4.24,1.222,4.0,1.299,4.01,1.222,3.75,,,,
WTA,2010,5,Melbourne,Australian Open,2010-01-18,Grand Slam,Outdoor,Hard,1st Round,3,Clijsters K.,Tetreault V.,15.0,134.0,2620.0,458.0,6.0,0.0,6.0,4.0,,,2.0,0.0,Completed,1.0,21.0,1.01,13.5,1.01,17.0,1.017,41.0,1.01,15.0,,,,
WTA,2010,5,Melbourne,Australian Open,2010-01-18,Grand Slam,Outdoor,Hard,1st Round,3,Kuznetsova S.,Rodionova A.,3.0,95.0,6081.0,657.0,6.0,1.0,6.0,2.0,,,2.0,0.0,Completed,1.04,10.0,1.05,8.5,1.063,8.0,1.08,10.5,1.1,6.0,,,,
WTA,2010,5,Melbourne,Australian Open,2010-01-18,Grand Slam,Outdoor,Hard,1st Round,3,Henin J.,Flipkens K.,,71.0,,886.0,6.0,4.0,6.0,3.0,,,2.0,0.0,Completed,1.03,11.0,1.05,8.5,1.04,9.0,1.044,16.0,1.05,9.0,,,,
WTA,2010,5,Melbourne,Australian Open,2010-01-18,Grand Slam,Outdoor,Hard,1st Round,3,Dementieva E.,Dushevina V.,5.0,40.0,5505.0,1490.0,6.0,2.0,6.0,1.0,,,2.0,0.0,Completed,1.04,10.0,1.06,7.79,1.063,8.0,1.061,13.0,1.05,8.0,,,,
WTA,2010,5,Melbourne,Australian Open,2010-01-18,Grand Slam,Outdoor,Hard,1st Round,3,Kleybanova A.,Dokic J.,31.0,56.0,1870.0,1153.0,6.0,1.0,7.0,5.0,,,2.0,0.0,Completed,1.5,2.5,1.45,2.65,1.444,2.625,1.617,2.49,1.5,2.625,,,,
WTA,2010,5,Melbourne,Australian Open,2010-01-19,Grand Slam,Outdoor,Hard,1st Round,3,Ivanovic A.,Perry S.,21.0,107.0,2127.0,576.0,6.0,2.0,6.0,3.0,,,2.0,0.0,Completed,1.14,5.0,1.17,4.67,1.167,4.5,1.165,6.19,1.2,4.0,,,,
WTA,2010,5,Melbourne,Australian Open,2010-01-19,Grand Slam,Outdoor,Hard,1st Round,3,Kerber A.,Govortsova O.,118.0,54.0,522.0,1195.0,6.0,3.0,6.0,3.0,,,2.0,0.0,Completed,1.61,2.2,1.7,2.1,1.727,2.0,1.725,2.27,1.8,1.909,,,,
WTA,2010,5,Melbourne,Australian Open,2010-01-19,Grand Slam,Outdoor,Hard,1st Round,3,Errani S.,Zakopalova K.,46.0,89.0,1340.0,682.0,6.0,2.0,7.0,6.0,,,2.0,0.0,Completed,1.25,3.75,1.3,3.35,1.286,3.5,1.313,3.88,1.333,3.0,,,,
WTA,2010,5,Melbourne,Australian Open,2010-01-19,Grand Slam,Outdoor,Hard,1st Round,3,Rezai A.,Mirza S.,23.0,57.0,2055.0,1148.0,6.0,4.0,6.0,2.0,,,2.0,0.0,Completed,1.16,4.5,1.23,3.89,1.222,4.0,1.233,4.8,1.2,4.0,,,,
WTA,2010,5,Melbourne,Australian Open,2010-01-19,Grand Slam,Outdoor,Hard,1st Round,3,Petrova N.,Gallovits E.,19.0,110.0,2220.0,563.0,6.0,3.0,6.0,4.0,,,2.0,0.0,Completed,1.14,5.0,1.2,4.25,1.143,5.0,1.19,5.57,1.222,3.75,,,,
WTA,2010,5,Melbourne,Australian Open,2010-01-19,Grand Slam,Outdoor,Hard,1st Round,3,O'Brien K.,Mayr P.,87.0,90.0,729.0,680.0,6.0,3.0,6.0,3.0,,,2.0,0.0,Completed,1.8,1.9,1.8,1.95,1.909,1.8,1.952,1.971,1.833,1.833,,,,
WTA,2010,5,Melbourne,Australian Open,2010-01-19,Grand Slam,Outdoor,Hard,1st Round,3,Zahlavova S.,Vandeweghe C.,96.0,322.0,652.0,125.0,6.0,0.0,6.0,1.0,,,2.0,0.0,Completed,1.44,2.62,1.48,2.53,1.5,2.5,1.513,2.79,1.444,2.625,,,,
WTA,2010,5,Melbourne,Australian Open,2010-01-19,Grand Slam,Outdoor,Hard,1st Round,3,Bartoli M.,De Los Rios R.,11.0,97.0,3325.0,647.0,6.0,4.0,6.0,1.0,,,2.0,0.0,Completed,1.04,10.0,1.07,7.25,1.05,8.5,1.061,13.0,1.05,8.0,,,,
WTA,2010,5,Melbourne,Australian Open,2010-01-19,Grand Slam,Outdoor,Hard,1st Round,3,Makarova E.,Razzano V.,59.0,20.0,1094.0,2200.0,6.0,2.0,6.0,3.0,,,2.0,0.0,Completed,3.5,1.28,3.35,1.3,3.5,1.286,3.71,1.333,3.25,1.286,,,,
WTA,2010,5,Melbourne,Australian Open,2010-01-19,Grand Slam,Outdoor,Hard,1st Round,3,Stosur S.,Han X.,13.0,191.0,3045.0,292.0,6.0,1.0,3.0,6.0,6.0,2.0,2.0,1.0,Completed,1.05,9.0,1.07,7.19,1.071,7.5,1.095,9.35,1.05,8.0,,,,
WTA,2010,5,Melbourne,Australian Open,2010-01-19,Grand Slam,Outdoor,Hard,1st Round,3,Hercog P.,Fedak Y.,69.0,168.0,916.0,340.0,6.0,4.0,6.0,0.0,,,2.0,0.0,Completed,1.72,2.0,1.8,1.95,1.727,2.0,1.763,2.21,1.667,2.1,,,,
WTA,2010,5,Melbourne,Australian Open,2010-01-19,Grand Slam,Outdoor,Hard,1st Round,3,Tanasugarn T.,Karatantcheva S.,99.0,132.0,633.0,462.0,6.0,1.0,7.0,6.0,,,2.0,0.0,Completed,2.75,1.4,2.91,1.38,2.5,1.5,2.83,1.5,2.63,1.44,,,,
WTA,2010,5,Melbourne,Australian Open,2010-01-19,Grand Slam,Outdoor,Hard,1st Round,3,King V.,Cibulkova D.,79.0,22.0,811.0,2063.0,6.0,3.0,6.0,7.0,7.0,5.0,2.0,1.0,Completed,5.5,1.12,5.2,1.14,5.0,1.14,5.8,1.18,4.0,1.2,,,,
WTA,2010,5,Melbourne,Australian Open,2010-01-19,Grand Slam,Outdoor,Hard,1st Round,3,Williams S.,Radwanska U.,1.0,72.0,9195.0,880.0,6.0,2.0,6.0,1.0,,,2.0,0.0,Completed,1.06,8.0,1.05,8.5,1.06,8.0,1.048,15.2,1.063,7.5,,,,
WTA,2010,5,Melbourne,Australian Open,2010-01-19,Grand Slam,Outdoor,Hard,1st Round,3,Zahlavova Strycova B.,Kulikova R.,67.0,104.0,932.0,597.0,7.0,6.0,6.0,7.0,6.0,3.0,2.0,1.0,Completed,2.1,1.66,2.1,1.7,2.0,1.72,2.35,1.685,2.1,1.67,,,,
WTA,2010,5,Melbourne,Australian Open,2010-01-19,Grand Slam,Outdoor,Hard,1st Round,3,Cirstea S.,Rogowska O.,44.0,146.0,1417.0,400.0,6.0,3.0,2.0,6.0,6.0,2.0,2.0,1.0,Completed,1.28,3.5,1.26,3.65,1.25,3.5,1.392,3.32,1.222,3.75,,,,
WTA,2010,5,Melbourne,Australian Open,2010-01-19,Grand Slam,Outdoor,Hard,1st Round,3,Kanepi K.,Chan Y.J.,60.0,85.0,1071.0,739.0,7.0,6.0,6.0,2.0,,,2.0,0.0,Completed,1.5,2.5,1.48,2.53,1.5,2.5,1.565,2.63,1.533,2.375,,,,
WTA,2010,5,Melbourne,Australian Open,2010-01-19,Grand Slam,Outdoor,Hard,1st Round,3,Dellacqua C.,Yakimova A.,980.0,106.0,8.0,577.0,6.0,2.0,3.0,6.0,6.0,4.0,2.0,1.0,Completed,1.66,2.1,1.8,1.95,1.833,1.833,1.725,2.27,1.833,1.833,,,,
WTA,2010,5,Melbourne,Australian Open,2010-01-19,Grand Slam,Outdoor,Hard,1st Round,3,Jankovic J.,Niculescu M.,8.0,101.0,3965.0,626.0,6.0,4.0,6.0,0.0,,,2.0,0.0,Completed,1.07,7.5,1.06,7.75,1.071,7.5,1.118,8.01,1.071,7.0,,,,
WTA,2010,5,Melbourne,Australian Open,2010-01-19,Grand Slam,Outdoor,Hard,1st Round,3,Suarez Navarro C.,Morita A.,33.0,91.0,1715.0,678.0,7.0,5.0,6.0,4.0,,,2.0,0.0,Completed,1.25,3.75,1.23,3.89,1.286,3.5,1.35,3.59,1.25,3.5,,,,
WTA,2010,5,Melbourne,Australian Open,2010-01-19,Grand Slam,Outdoor,Hard,1st Round,3,Bondarenko A.,Woerle K.,30.0,121.0,1900.0,506.0,6.0,2.0,6.0,2.0,,,2.0,0.0,Completed,1.06,8.0,1.07,7.19,1.071,7.5,1.091,9.6,1.071,7.0,,,,
WTA,2010,5,Melbourne,Australian Open,2010-01-19,Grand Slam,Outdoor,Hard,1st Round,3,Barrois K.,Amanmuradova A.,81.0,84.0,798.0,753.0,6.0,0.0,7.0,6.0,,,2.0,0.0,Completed,1.53,2.37,1.6,2.3,1.615,2.2,1.613,2.5,1.667,2.1,,,,
WTA,2010,5,Melbourne,Australian Open,2010-01-19,Grand Slam,Outdoor,Hard,1st Round,3,Vinci R.,Groenefeld A.L.,63.0,65.0,1020.0,950.0,7.0,5.0,6.0,4.0,,,2.0,0.0,Completed,2.0,1.72,2.08,1.73,2.0,1.727,1.962,1.962,1.833,1.833,,,,
WTA,2010,5,Melbourne,Australian Open,2010-01-19,Grand Slam,Outdoor,Hard,1st Round,3,Petkovic A.,Voracova R.,49.0,124.0,1287.0,500.0,6.0,2.0,6.0,4.0,,,2.0,0.0,Completed,1.22,4.0,1.25,3.75,1.286,3.5,1.27,4.31,1.286,3.25,,,,
WTA,2010,5,Melbourne,Australian Open,2010-01-19,Grand Slam,Outdoor,Hard,1st Round,3,Sprem K.,Medina Garrigues A.,92.0,26.0,673.0,1980.0,6.0,3.0,6.0,2.0,,,2.0,0.0,Completed,3.75,1.25,3.75,1.25,3.75,1.25,3.58,1.351,3.75,1.222,,,,
WTA,2010,5,Melbourne,Australian Open,2010-01-19,Grand Slam,Outdoor,Hard,1st Round,3,Radwanska A.,Malek T.,10.0,70.0,3450.0,901.0,6.0,1.0,6.0,0.0,,,2.0,0.0,Completed,1.07,7.5,1.09,6.75,1.11,6.0,1.103,8.83,1.125,5.5,,,,
WTA,2010,5,Melbourne,Australian Open,2010-01-19,Grand Slam,Outdoor,Hard,1st Round,3,Kudryavtseva A.,Oudin M.,88.0,48.0,726.0,1303.0,2.0,6.0,7.0,5.0,7.0,5.0,2.0,1.0,Completed,1.72,2.0,1.8,1.94,1.8,1.909,1.781,2.18,1.727,2.0,,,,
WTA,2010,5,Melbourne,Australian Open,2010-01-19,Grand Slam,Outdoor,Hard,1st Round,3,Williams V.,Safarova L.,6.0,41.0,5126.0,1480.0,6.0,2.0,6.0,2.0,,,2.0,0.0,Completed,1.22,4.0,1.25,3.7,1.222,4.0,1.323,3.79,1.222,3.75,,,,
WTA,2010,5,Melbourne,Australian Open,2010-01-19,Grand Slam,Outdoor,Hard,1st Round,3,Kvitova P.,Craybas J.,77.0,78.0,817.0,815.0,6.0,1.0,7.0,5.0,,,2.0,0.0,Completed,1.5,2.5,1.5,2.5,1.5,2.5,1.625,2.47,1.444,2.625,,,,
WTA,2010,5,Melbourne,Australian Open,2010-01-19,Grand Slam,Outdoor,Hard,1st Round,3,Dulko G.,Kucova K.,36.0,108.0,1605.0,574.0,6.0,0.0,5.0,7.0,7.0,5.0,2.0,1.0,Completed,1.12,5.5,1.13,5.5,1.167,4.5,1.19,5.57,1.143,5.0,,,,
WTA,2010,5,Melbourne,Australian Open,2010-01-19,Grand Slam,Outdoor,Hard,1st Round,3,Bammer S.,Parra Santonja A.,55.0,93.0,1190.0,669.0,6.0,3.0,6.0,2.0,,,2.0,0.0,Completed,1.5,2.5,1.45,2.6,1.444,2.625,1.585,2.57,1.444,2.625,,,,
WTA,2010,5,Melbourne,Australian Open,2010-01-19,Grand Slam,Outdoor,Hard,1st Round,3,Brianti A.,Lepchenko V.,73.0,100.0,877.0,632.0,6.0,0.0,3.0,6.0,6.0,1.0,2.0,1.0,Completed,2.37,1.53,2.15,1.65,2.0,1.727,2.32,1.699,2.0,1.727,,,,
WTA,2010,5,Melbourne,Australian Open,2010-01-19,Grand Slam,Outdoor,Hard,1st Round,3,Lisicki S.,Martic P.,24.0,82.0,2035.0,787.0,6.0,1.0,6.0,4.0,,,2.0,0.0,Completed,1.08,7.0,1.1,6.25,1.083,7.0,1.134,7.24,1.071,7.0,,,,
WTA,2010,5,Melbourne,Australian Open,2010-01-19,Grand Slam,Outdoor,Hard,1st Round,3,Schiavone F.,Cornet A.,18.0,51.0,2445.0,1235.0,0.0,6.0,7.0,5.0,6.0,0.0,2.0,1.0,Completed,1.36,3.0,1.37,2.92,1.333,3.25,1.433,3.11,1.4,2.75,,,,
WTA,2010,5,Melbourne,Australian Open,2010-01-19,Grand Slam,Outdoor,Hard,1st Round,3,Coin J.,Molik A.,75.0,173.0,833.0,336.0,3.0,6.0,7.0,6.0,6.0,3.0,2.0,1.0,Completed,2.62,1.44,2.6,1.45,2.625,1.444,2.73,1.532,2.625,1.444,,,,
WTA,2010,5,Melbourne,Australian Open,2010-01-20,Grand Slam,Outdoor,Hard,1st Round,3,Voegele S.,Czink M.,74.0,38.0,853.0,1515.0,7.0,5.0,6.0,7.0,7.0,6.0,2.0,1.0,Completed,3.5,1.28,3.22,1.32,3.0,1.364,3.85,1.316,3.0,1.333,,,,
WTA,2010,5,Melbourne,Australian Open,2010-01-20,Grand Slam,Outdoor,Hard,1st Round,3,Goerges J.,Paszek T.,76.0,170.0,818.0,337.0,6.0,0.0,3.0,6.0,6.0,3.0,2.0,1.0,Completed,2.25,1.57,2.15,1.65,1.909,1.8,2.31,1.704,2.0,1.727,,,,
WTA,2010,5,Melbourne,Australian Open,2010-01-20,Grand Slam,Outdoor,Hard,1st Round,3,Arvidsson S.,Groth J.,139.0,123.0,435.0,501.0,6.0,2.0,4.0,6.0,6.0,4.0,2.0,1.0,Completed,1.57,2.25,1.67,2.12,1.667,2.1,1.69,2.34,1.73,2.0,,,,
WTA,2010,5,Melbourne,Australian Open,2010-01-20,Grand Slam,Outdoor,Hard,1st Round,3,Zvonareva V.,Kucova K.,9.0,108.0,3560.0,574.0,6.0,2.0,6.0,0.0,,,2.0,0.0,Completed,1.14,5.0,1.26,3.75,1.167,4.5,1.227,4.88,1.222,3.75,,,,
WTA,2010,5,Melbourne,Australian Open,2010-01-20,Grand Slam,Outdoor,Hard,1st Round,3,Shvedova Y.,Date Krumm K.,52.0,61.0,1229.0,1063.0,6.0,4.0,6.0,2.0,,,2.0,0.0,Completed,2.25,1.57,2.25,1.63,2.1,1.667,2.33,1.694,2.0,1.727,,,,
WTA,2010,5,Melbourne,Australian Open,2010-01-20,Grand Slam,Outdoor,Hard,1st Round,3,Wozniacki C.,Wozniak A.,4.0,34.0,5875.0,1645.0,6.0,4.0,6.0,2.0,,,2.0,0.0,Completed,1.14,5.0,1.2,4.25,1.167,4.5,1.222,4.96,1.167,4.5,,,,
WTA,2010,5,Melbourne,Australian Open,2010-01-20,Grand Slam,Outdoor,Hard,1st Round,3,Pironkova T.,Voskoboeva G.,111.0,102.0,558.0,625.0,6.0,4.0,6.0,4.0,,,2.0,0.0,Completed,1.4,2.75,1.5,2.45,1.444,2.625,1.488,2.88,1.5,2.5,,,,
WTA,2010,5,Melbourne,Australian Open,2010-01-20,Grand Slam,Outdoor,Hard,1st Round,3,Garbin T.,Vesnina E.,62.0,29.0,1045.0,1900.0,7.0,6.0,6.0,4.0,,,2.0,0.0,Completed,3.75,1.25,3.22,1.32,3.25,1.333,3.75,1.328,3.25,1.286,,,,
WTA,2010,5,Melbourne,Australian Open,2010-01-20,Grand Slam,Outdoor,Hard,1st Round,3,Benesova I.,Chang K.C.,45.0,94.0,1370.0,668.0,7.0,5.0,6.0,2.0,,,2.0,0.0,Completed,1.72,2.0,1.75,2.0,1.8,1.91,1.93,1.99,1.727,2.0,,,,
WTA,2010,5,Melbourne,Australian Open,2010-01-20,Grand Slam,Outdoor,Hard,1st Round,3,Azarenka V.,Cohen Aloro S.,7.0,116.0,4740.0,525.0,6.0,2.0,6.0,0.0,,,2.0,0.0,Completed,1.02,12.0,1.03,10.5,1.03,10.0,1.033,19.0,1.02,11.0,,,,
WTA,2010,5,Melbourne,Australian Open,2010-01-20,Grand Slam,Outdoor,Hard,1st Round,3,Hantuchova D.,Kutuzova V.,25.0,86.0,1985.0,729.0,3.0,6.0,6.0,1.0,7.0,5.0,2.0,1.0,Completed,1.1,6.5,1.17,4.67,1.143,5.0,1.154,6.54,1.143,5.0,,,,
WTA,2010,5,Melbourne,Australian Open,2010-01-20,Grand Slam,Outdoor,Hard,1st Round,3,Peer S.,Hradecka L.,28.0,64.0,1930.0,976.0,6.0,7.0,6.0,2.0,6.0,1.0,2.0,1.0,Completed,1.11,6.0,1.14,5.2,1.167,4.5,1.167,6.16,1.143,5.0,,,,
WTA,2010,5,Melbourne,Australian Open,2010-01-20,Grand Slam,Outdoor,Hard,1st Round,3,Szavay A.,Dubois S.,37.0,103.0,1570.0,623.0,6.0,3.0,6.0,2.0,,,2.0,0.0,Completed,1.16,4.5,1.17,4.67,1.2,4.333,1.22,5.01,1.167,4.5,,,,
WTA,2010,5,Melbourne,Australian Open,2010-01-20,Grand Slam,Outdoor,Hard,1st Round,3,Li N.,Erakovic M.,17.0,253.0,2600.0,197.0,6.0,2.0,6.0,0.0,,,2.0,0.0,Completed,1.07,7.5,1.13,5.5,1.111,6.0,1.118,8.01,1.14,5.0,,,,
WTA,2010,5,Melbourne,Australian Open,2010-01-20,Grand Slam,Outdoor,Hard,2nd Round,3,Kuznetsova S.,Pavlyuchenkova A.,3.0,39.0,6081.0,1505.0,6.0,2.0,6.0,2.0,,,2.0,0.0,Completed,1.14,5.0,1.2,4.25,1.2,4.333,1.225,4.92,1.222,3.75,,,,
WTA,2010,5,Melbourne,Australian Open,2010-01-20,Grand Slam,Outdoor,Hard,2nd Round,3,Baltacha E.,Bondarenko K.,83.0,32.0,775.0,1740.0,6.0,2.0,7.0,5.0,,,2.0,0.0,Completed,5.5,1.12,4.88,1.16,4.5,1.167,5.37,1.2,1.143,5.0,,,,
WTA,2010,5,Melbourne,Australian Open,2010-01-20,Grand Slam,Outdoor,Hard,2nd Round,3,Zheng J.,Martinez-Sanchez M.J.,35.0,27.0,1640.0,1970.0,2.0,6.0,6.0,2.0,6.0,3.0,2.0,1.0,Completed,2.0,1.72,1.87,1.87,1.8,1.909,2.12,1.826,1.833,1.833,,,,
WTA,2010,5,Melbourne,Australian Open,2010-01-20,Grand Slam,Outdoor,Hard,2nd Round,3,Clijsters K.,Tanasugarn T.,15.0,99.0,2620.0,633.0,6.0,3.0,6.0,3.0,,,2.0,0.0,Completed,1.01,15.0,1.01,13.5,1.01,17.0,1.018,36.0,1.02,11.0,,,,
WTA,2010,5,Melbourne,Australian Open,2010-01-20,Grand Slam,Outdoor,Hard,2nd Round,3,Kirilenko M.,Meusburger Y.,58.0,114.0,1115.0,541.0,6.0,3.0,6.0,1.0,,,2.0,0.0,Completed,1.14,5.0,1.2,4.25,1.2,4.333,1.2,5.37,1.2,4.0,,,,
WTA,2010,5,Melbourne,Australian Open,2010-01-20,Grand Slam,Outdoor,Hard,2nd Round,3,Bartoli M.,Zahlavova S.,11.0,96.0,3325.0,652.0,6.0,4.0,6.0,4.0,,,2.0,0.0,Completed,1.05,9.0,1.09,6.75,1.083,7.0,1.111,8.36,1.05,8.0,,,,
WTA,2010,5,Melbourne,Australian Open,2010-01-20,Grand Slam,Outdoor,Hard,2nd Round,3,Petrova N.,Kanepi K.,19.0,60.0,2220.0,1071.0,6.0,4.0,6.0,4.0,,,2.0,0.0,Completed,1.33,3.25,1.3,3.35,1.3,3.4,1.327,3.76,1.25,3.5,,,,
WTA,2010,5,Melbourne,Australian Open,2010-01-20,Grand Slam,Outdoor,Hard,2nd Round,3,Wickmayer Y.,Pennetta F.,16.0,12.0,2605.0,3220.0,7.0,6.0,6.0,1.0,,,2.0,0.0,Completed,1.83,1.83,1.87,1.87,1.833,1.833,1.99,1.935,1.833,1.833,,,,
WTA,2010,5,Melbourne,Australian Open,2010-01-20,Grand Slam,Outdoor,Hard,2nd Round,3,Errani S.,Makarova E.,46.0,59.0,1340.0,1094.0,6.0,2.0,6.0,3.0,,,2.0,0.0,Completed,1.4,2.75,1.45,2.62,1.5,2.5,1.49,2.87,1.364,2.875,,,,
WTA,2010,5,Melbourne,Australian Open,2010-01-20,Grand Slam,Outdoor,Hard,2nd Round,3,Kerber A.,Rezai A.,118.0,23.0,522.0,2055.0,6.0,2.0,6.0,3.0,,,2.0,0.0,Completed,4.5,1.16,4.67,1.17,5.0,1.143,4.22,1.278,5.0,1.143,,,,
WTA,2010,5,Melbourne,Australian Open,2010-01-20,Grand Slam,Outdoor,Hard,2nd Round,3,Bondarenko A.,Hercog P.,30.0,69.0,1900.0,916.0,6.0,4.0,7.0,5.0,,,2.0,0.0,Completed,1.14,5.0,1.17,4.7,1.167,4.5,1.187,5.65,1.167,4.5,,,,
WTA,2010,5,Melbourne,Australian Open,2010-01-20,Grand Slam,Outdoor,Hard,2nd Round,3,Safina D.,Zahlavova Strycova B.,2.0,67.0,7600.0,932.0,6.0,3.0,6.0,4.0,,,2.0,0.0,Completed,1.08,7.0,1.09,6.75,1.111,6.0,1.157,6.42,1.083,6.5,,,,
WTA,2010,5,Melbourne,Australian Open,2010-01-20,Grand Slam,Outdoor,Hard,2nd Round,3,Kleybanova A.,Cirstea S.,31.0,44.0,1870.0,1417.0,6.0,4.0,6.0,3.0,,,2.0,0.0,Completed,1.36,3.0,1.4,2.8,1.44,2.62,1.433,3.11,1.444,2.625,,,,
WTA,2010,5,Melbourne,Australian Open,2010-01-20,Grand Slam,Outdoor,Hard,2nd Round,3,Jankovic J.,O'Brien K.,8.0,87.0,3965.0,729.0,6.0,2.0,6.0,2.0,,,2.0,0.0,Completed,1.03,11.0,1.04,9.25,1.03,10.0,1.054,13.9,1.04,9.0,,,,
WTA,2010,5,Melbourne,Australian Open,2010-01-20,Grand Slam,Outdoor,Hard,2nd Round,3,Vinci R.,King V.,63.0,79.0,1020.0,811.0,7.0,6.0,7.0,5.0,,,2.0,0.0,Completed,1.66,2.1,1.8,1.95,1.727,2.0,1.719,2.28,1.571,2.25,,,,
WTA,2010,5,Melbourne,Australian Open,2010-01-20,Grand Slam,Outdoor,Hard,2nd Round,3,Henin J.,Dementieva E.,,5.0,,5505.0,7.0,5.0,7.0,6.0,,,2.0,0.0,Completed,1.66,2.1,1.87,1.87,1.833,1.833,1.885,2.04,1.909,1.909,,,,
WTA,2010,5,Melbourne,Australian Open,2010-01-21,Grand Slam,Outdoor,Hard,2nd Round,3,Dulko G.,Ivanovic A.,36.0,21.0,1605.0,2127.0,6.0,7.0,7.0,5.0,6.0,4.0,2.0,1.0,Completed,3.5,1.28,3.75,1.25,3.25,1.333,3.58,1.351,3.2,1.333,,,,
WTA,2010,5,Melbourne,Australian Open,2010-01-21,Grand Slam,Outdoor,Hard,2nd Round,3,Radwanska A.,Kudryavtseva A.,10.0,88.0,3450.0,726.0,6.0,0.0,6.0,2.0,,,2.0,0.0,Completed,1.12,5.5,1.14,5.2,1.14,5.0,1.196,5.45,1.143,5.0,,,,
WTA,2010,5,Melbourne,Australian Open,2010-01-21,Grand Slam,Outdoor,Hard,2nd Round,3,Li N.,Szavay A.,17.0,37.0,2600.0,1570.0,3.0,6.0,7.0,5.0,6.0,2.0,2.0,1.0,Completed,1.33,3.25,1.3,3.35,1.333,3.25,1.36,3.52,1.286,3.25,,,,
WTA,2010,5,Melbourne,Australian Open,2010-01-21,Grand Slam,Outdoor,Hard,2nd Round,3,Suarez Navarro C.,Petkovic A.,33.0,49.0,1715.0,1287.0,6.0,1.0,6.0,4.0,,,2.0,0.0,Completed,2.1,1.66,2.0,1.75,1.9,1.8,2.3,1.709,2.0,1.727,,,,
WTA,2010,5,Melbourne,Australian Open,2010-01-21,Grand Slam,Outdoor,Hard,2nd Round,3,Garbin T.,Shvedova Y.,62.0,52.0,1045.0,1229.0,6.0,7.0,6.0,2.0,6.0,0.0,2.0,1.0,Completed,2.75,1.4,2.6,1.45,2.625,1.444,2.97,1.465,2.625,1.444,,,,
WTA,2010,5,Melbourne,Australian Open,2010-01-21,Grand Slam,Outdoor,Hard,2nd Round,3,Azarenka V.,Voegele S.,7.0,74.0,4740.0,853.0,6.0,4.0,6.0,0.0,,,2.0,0.0,Completed,1.03,11.0,1.02,11.5,1.063,8.0,1.05,14.8,1.03,10.0,,,,
WTA,2010,5,Melbourne,Australian Open,2010-01-21,Grand Slam,Outdoor,Hard,2nd Round,3,Peer S.,Pironkova T.,28.0,111.0,1930.0,558.0,6.0,1.0,6.0,4.0,,,2.0,0.0,Completed,1.14,5.0,1.2,4.25,1.2,4.333,1.25,4.55,1.2,4.0,,,,
WTA,2010,5,Melbourne,Australian Open,2010-01-21,Grand Slam,Outdoor,Hard,2nd Round,3,Zvonareva V.,Benesova I.,9.0,45.0,3560.0,1370.0,6.0,0.0,6.0,3.0,,,2.0,0.0,Completed,1.14,5.0,1.18,4.45,1.2,4.333,1.23,4.84,1.2,4.0,,,,
WTA,2010,5,Melbourne,Australian Open,2010-01-21,Grand Slam,Outdoor,Hard,2nd Round,3,Wozniacki C.,Goerges J.,4.0,76.0,5875.0,818.0,6.0,3.0,6.0,1.0,,,2.0,0.0,Completed,1.05,9.0,1.09,6.75,1.063,8.0,1.083,10.25,1.05,9.0,,,,
WTA,2010,5,Melbourne,Australian Open,2010-01-21,Grand Slam,Outdoor,Hard,2nd Round,3,Stosur S.,Barrois K.,13.0,81.0,3045.0,798.0,7.0,5.0,6.0,3.0,,,2.0,0.0,Completed,1.25,3.75,1.29,3.4,1.25,3.75,1.308,3.92,1.2,4.0,,,,
WTA,2010,5,Melbourne,Australian Open,2010-01-21,Grand Slam,Outdoor,Hard,2nd Round,3,Schiavone F.,Coin J.,18.0,75.0,2445.0,833.0,6.0,3.0,6.0,4.0,,,2.0,0.0,Completed,1.12,5.5,1.17,4.67,1.143,5.0,1.165,6.2,1.167,4.5,,,,
WTA,2010,5,Melbourne,Australian Open,2010-01-21,Grand Slam,Outdoor,Hard,2nd Round,3,Brianti A.,Lisicki S.,73.0,24.0,877.0,2035.0,2.0,6.0,6.0,4.0,6.0,4.0,2.0,1.0,Completed,7.0,1.08,6.25,1.1,5.0,1.143,8.01,1.118,5.0,1.143,,,,
WTA,2010,5,Melbourne,Australian Open,2010-01-21,Grand Slam,Outdoor,Hard,2nd Round,3,Hantuchova D.,Arvidsson S.,25.0,139.0,1985.0,435.0,6.0,4.0,6.0,1.0,,,2.0,0.0,Completed,1.16,4.5,1.17,4.67,1.167,4.5,1.233,4.8,1.2,4.0,,,,
WTA,2010,5,Melbourne,Australian Open,2010-01-21,Grand Slam,Outdoor,Hard,2nd Round,3,Williams V.,Bammer S.,6.0,55.0,5126.0,1190.0,6.0,2.0,7.0,5.0,,,2.0,0.0,Completed,1.06,8.0,1.06,7.79,1.083,7.0,1.077,10.75,1.1,6.0,,,,
WTA,2010,5,Melbourne,Australian Open,2010-01-21,Grand Slam,Outdoor,Hard,2nd Round,3,Williams S.,Kvitova P.,1.0,77.0,9195.0,817.0,6.0,2.0,6.0,1.0,,,2.0,0.0,Completed,1.04,10.0,1.05,8.5,1.04,9.0,1.048,15.2,1.063,7.5,,,,
WTA,2010,5,Melbourne,Australian Open,2010-01-21,Grand Slam,Outdoor,Hard,2nd Round,3,Dellacqua C.,Sprem K.,980.0,92.0,8.0,673.0,7.0,6.0,7.0,6.0,,,2.0,0.0,Completed,2.25,1.57,2.25,1.6,2.375,1.533,2.33,1.694,2.375,1.533,,,,
WTA,2010,5,Melbourne,Australian Open,2010-01-22,Grand Slam,Outdoor,Hard,3rd Round,3,Safina D.,Baltacha E.,2.0,83.0,7600.0,775.0,6.0,1.0,6.0,2.0,,,2.0,0.0,Completed,1.07,7.5,1.07,7.19,1.063,8.0,1.143,6.92,1.125,6.0,,,,
WTA,2010,5,Melbourne,Australian Open,2010-01-22,Grand Slam,Outdoor,Hard,3rd Round,3,Bondarenko A.,Jankovic J.,30.0,8.0,1900.0,3965.0,6.0,2.0,6.0,3.0,,,2.0,0.0,Completed,3.0,1.36,2.85,1.4,3.0,1.364,2.89,1.485,2.875,1.4,,,,
WTA,2010,5,Melbourne,Australian Open,2010-01-22,Grand Slam,Outdoor,Hard,3rd Round,3,Wickmayer Y.,Errani S.,16.0,46.0,2605.0,1340.0,6.0,1.0,6.0,7.0,6.0,3.0,2.0,1.0,Completed,1.12,5.5,1.17,4.65,1.143,5.0,1.211,5.17,1.2,4.5,,,,
WTA,2010,5,Melbourne,Australian Open,2010-01-22,Grand Slam,Outdoor,Hard,3rd Round,3,Henin J.,Kleybanova A.,,31.0,,1870.0,3.0,6.0,6.0,4.0,6.0,2.0,2.0,1.0,Completed,1.07,7.5,1.1,6.25,1.1,6.5,1.147,6.78,1.071,7.0,,,,
WTA,2010,5,Melbourne,Australian Open,2010-01-22,Grand Slam,Outdoor,Hard,3rd Round,3,Kirilenko M.,Vinci R.,58.0,63.0,1115.0,1020.0,7.0,5.0,7.0,6.0,,,2.0,0.0,Completed,1.36,3.0,1.37,2.92,1.364,3.0,1.4,3.28,1.4,2.875,,,,
WTA,2010,5,Melbourne,Australian Open,2010-01-22,Grand Slam,Outdoor,Hard,3rd Round,3,Zheng J.,Bartoli M.,35.0,11.0,1640.0,3325.0,5.0,7.0,6.0,3.0,6.0,0.0,2.0,1.0,Completed,2.25,1.57,2.15,1.65,2.2,1.615,2.34,1.69,2.2,1.667,,,,
WTA,2010,5,Melbourne,Australian Open,2010-01-22,Grand Slam,Outdoor,Hard,3rd Round,3,Petrova N.,Clijsters K.,19.0,15.0,2220.0,2620.0,6.0,0.0,6.0,1.0,,,2.0,0.0,Completed,8.0,1.06,6.75,1.09,6.5,1.1,8.58,1.107,6.0,1.125,,,,
WTA,2010,5,Melbourne,Australian Open,2010-01-22,Grand Slam,Outdoor,Hard,3rd Round,3,Kuznetsova S.,Kerber A.,3.0,118.0,6081.0,522.0,3.0,6.0,7.0,5.0,6.0,4.0,2.0,1.0,Completed,1.05,9.0,1.07,7.38,1.071,7.5,1.095,9.35,1.05,9.0,,,,
WTA,2010,5,Melbourne,Australian Open,2010-01-23,Grand Slam,Outdoor,Hard,3rd Round,3,Zvonareva V.,Dulko G.,9.0,36.0,3560.0,1605.0,6.0,1.0,7.0,5.0,,,2.0,0.0,Completed,1.22,4.0,1.3,3.4,1.286,3.5,1.298,4.02,1.25,3.75,,,,
WTA,2010,5,Melbourne,Australian Open,2010-01-23,Grand Slam,Outdoor,Hard,3rd Round,3,Stosur S.,Brianti A.,13.0,73.0,3045.0,877.0,6.0,4.0,6.0,1.0,,,2.0,0.0,Completed,1.16,4.5,1.17,4.65,1.2,4.333,1.253,4.51,1.2,4.333,,,,
WTA,2010,5,Melbourne,Australian Open,2010-01-23,Grand Slam,Outdoor,Hard,3rd Round,3,Azarenka V.,Garbin T.,7.0,62.0,4740.0,1045.0,6.0,0.0,6.0,2.0,,,2.0,0.0,Completed,1.04,10.0,1.05,8.5,1.04,9.0,1.065,12.0,1.071,8.0,,,,
WTA,2010,5,Melbourne,Australian Open,2010-01-23,Grand Slam,Outdoor,Hard,3rd Round,3,Williams S.,Suarez Navarro C.,1.0,33.0,9195.0,1715.0,6.0,0.0,6.0,3.0,,,2.0,0.0,Completed,1.04,10.0,1.05,8.5,1.03,10.0,1.077,10.75,1.03,11.0,,,,
WTA,2010,5,Melbourne,Australian Open,2010-01-23,Grand Slam,Outdoor,Hard,3rd Round,3,Schiavone F.,Radwanska A.,18.0,10.0,2445.0,3450.0,6.0,2.0,6.0,2.0,,,2.0,0.0,Completed,2.5,1.5,2.45,1.5,2.25,1.57,2.61,1.571,2.375,1.571,,,,
WTA,2010,5,Melbourne,Australian Open,2010-01-23,Grand Slam,Outdoor,Hard,3rd Round,3,Li N.,Hantuchova D.,17.0,25.0,2600.0,1985.0,7.0,5.0,3.0,6.0,6.0,2.0,2.0,1.0,Completed,1.66,2.1,1.65,2.15,1.667,2.1,1.637,2.45,1.727,2.1,,,,
WTA,2010,5,Melbourne,Australian Open,2010-01-23,Grand Slam,Outdoor,Hard,3rd Round,3,Williams V.,Dellacqua C.,6.0,980.0,5126.0,8.0,6.0,1.0,7.0,6.0,,,2.0,0.0,Completed,1.03,11.0,1.03,10.5,1.04,9.0,1.056,13.4,1.04,10.0,,,,
WTA,2010,5,Melbourne,Australian Open,2010-01-23,Grand Slam,Outdoor,Hard,3rd Round,3,Wozniacki C.,Peer S.,4.0,28.0,5875.0,1930.0,6.0,4.0,6.0,0.0,,,2.0,0.0,Completed,1.33,3.25,1.3,3.35,1.3,3.4,1.37,3.45,1.333,3.25,,,,
WTA,2010,5,Melbourne,Australian Open,2010-01-24,Grand Slam,Outdoor,Hard,4th Round,3,Zheng J.,Bondarenko A.,35.0,30.0,1640.0,1900.0,7.0,6.0,6.0,4.0,,,2.0,0.0,Completed,2.62,1.44,2.5,1.5,2.25,1.571,2.48,1.621,2.5,1.533,,,,
WTA,2010,5,Melbourne,Australian Open,2010-01-24,Grand Slam,Outdoor,Hard,4th Round,3,Petrova N.,Kuznetsova S.,19.0,3.0,2220.0,6081.0,6.0,3.0,3.0,6.0,6.0,1.0,2.0,1.0,Completed,2.25,1.57,2.25,1.6,2.25,1.571,2.39,1.662,2.25,1.615,,,,
WTA,2010,5,Melbourne,Australian Open,2010-01-24,Grand Slam,Outdoor,Hard,4th Round,3,Henin J.,Wickmayer Y.,,16.0,,2605.0,7.0,6.0,1.0,6.0,6.0,3.0,2.0,1.0,Completed,1.28,3.5,1.28,3.46,1.286,3.5,1.351,3.58,1.25,3.75,,,,
WTA,2010,5,Melbourne,Australian Open,2010-01-24,Grand Slam,Outdoor,Hard,4th Round,3,Kirilenko M.,Safina D.,58.0,2.0,1115.0,7600.0,5.0,4.0,,,,,0.0,0.0,Retired,3.0,1.36,3.35,1.3,3.0,1.364,2.93,1.474,3.0,1.364,,,,
WTA,2010,5,Melbourne,Australian Open,2010-01-25,Grand Slam,Outdoor,Hard,4th Round,3,Williams V.,Schiavone F.,6.0,18.0,5126.0,2445.0,3.0,6.0,6.0,2.0,6.0,1.0,2.0,1.0,Completed,1.22,4.0,1.25,3.7,1.222,4.0,1.313,3.87,1.25,3.75,,,,
WTA,2010,5,Melbourne,Australian Open,2010-01-25,Grand Slam,Outdoor,Hard,4th Round,3,Li N.,Wozniacki C.,17.0,4.0,2600.0,5875.0,6.0,4.0,6.0,3.0,,,2.0,0.0,Completed,2.75,1.4,2.75,1.42,2.75,1.4,2.69,1.543,2.75,1.444,,,,
WTA,2010,5,Melbourne,Australian Open,2010-01-25,Grand Slam,Outdoor,Hard,4th Round,3,Williams S.,Stosur S.,1.0,13.0,9195.0,3045.0,6.0,4.0,6.0,2.0,,,2.0,0.0,Completed,1.11,6.0,1.12,5.8,1.111,6.0,1.175,5.93,1.125,6.0,,,,
WTA,2010,5,Melbourne,Australian Open,2010-01-25,Grand Slam,Outdoor,Hard,4th Round,3,Azarenka V.,Zvonareva V.,7.0,9.0,4740.0,3560.0,4.0,6.0,6.0,4.0,6.0,0.0,2.0,1.0,Completed,1.66,2.1,1.65,2.25,1.667,2.1,1.735,2.26,1.667,2.2,,,,
WTA,2010,5,Melbourne,Australian Open,2010-01-26,Grand Slam,Outdoor,Hard,Quarterfinals,3,Henin J.,Petrova N.,,19.0,,2220.0,7.0,6.0,7.0,5.0,,,2.0,0.0,Completed,1.44,2.87,1.37,3.0,1.364,3.0,1.524,2.75,1.4,2.875,,,,
WTA,2010,5,Melbourne,Australian Open,2010-01-26,Grand Slam,Outdoor,Hard,Quarterfinals,3,Zheng J.,Kirilenko M.,35.0,58.0,1640.0,1115.0,6.0,1.0,6.0,3.0,,,2.0,0.0,Completed,1.61,2.25,1.65,2.2,1.667,2.1,1.704,2.31,1.615,2.25,,,,
WTA,2010,5,Melbourne,Australian Open,2010-01-27,Grand Slam,Outdoor,Hard,Quarterfinals,3,Li N.,Williams V.,17.0,6.0,2600.0,5126.0,2.0,6.0,7.0,6.0,7.0,5.0,2.0,1.0,Completed,2.75,1.44,2.55,1.48,2.625,1.444,2.72,1.535,2.625,1.5,,,,
WTA,2010,5,Melbourne,Australian Open,2010-01-27,Grand Slam,Outdoor,Hard,Quarterfinals,3,Williams S.,Azarenka V.,1.0,7.0,9195.0,4740.0,4.0,6.0,7.0,6.0,6.0,2.0,2.0,1.0,Completed,1.22,4.33,1.25,3.7,1.25,3.75,1.262,4.4,1.286,3.5,,,,
WTA,2010,5,Melbourne,Australian Open,2010-01-28,Grand Slam,Outdoor,Hard,Semifinals,3,Williams S.,Li N.,1.0,17.0,9195.0,2600.0,7.0,6.0,7.0,6.0,,,2.0,0.0,Completed,1.12,6.0,1.14,5.5,1.125,5.5,1.136,7.18,1.125,6.0,,,,
WTA,2010,5,Melbourne,Australian Open,2010-01-28,Grand Slam,Outdoor,Hard,Semifinals,3,Henin J.,Zheng J.,,35.0,,1640.0,6.0,1.0,6.0,0.0,,,2.0,0.0,Completed,1.25,4.0,1.23,4.1,1.25,3.75,1.311,3.9,1.25,3.75,,,,
WTA,2010,5,Melbourne,Australian Open,2010-01-30,Grand Slam,Outdoor,Hard,The Final,3,Williams S.,Henin J.,1.0,,9195.0,,6.0,4.0,3.0,6.0,6.0,2.0,2.0,1.0,Completed,1.8,2.0,1.85,1.97,1.8,1.909,1.943,1.98,1.91,1.91,,,,
WTA,2010,27,Paris,French Open,2010-05-23,Grand Slam,Outdoor,Clay,1st Round,3,Lepchenko V.,Mchale C.,127.0,165.0,505.0,347.0,7.0,5.0,6.0,3.0,,,2.0,0.0,Completed,1.4,2.75,1.4,2.8,1.4,2.75,1.46,2.99,1.4,2.75,1.47,2.99,1.42,2.74
WTA,2010,27,Paris,French Open,2010-05-23,Grand Slam,Outdoor,Clay,1st Round,3,Scheepers C.,Johansson M.,131.0,244.0,473.0,209.0,6.0,2.0,6.0,4.0,,,2.0,0.0,Completed,1.44,2.62,1.45,2.6,1.44,2.63,1.44,3.06,1.4,2.75,1.45,3.2,1.42,2.78
WTA,2010,27,Paris,French Open,2010-05-23,Grand Slam,Outdoor,Clay,1st Round,3,Cibulkova D.,Ivanova E.,27.0,148.0,2005.0,402.0,6.0,2.0,6.0,0.0,,,2.0,0.0,Completed,1.06,8.0,1.08,6.75,1.11,6.0,1.13,8.0,1.11,5.5,1.13,9.0,1.09,6.94
WTA,2010,27,Paris,French Open,2010-05-23,Grand Slam,Outdoor,Clay,1st Round,3,Petkovic A.,Vesnina E.,41.0,44.0,1467.0,1445.0,4.0,6.0,6.0,1.0,6.0,4.0,2.0,1.0,Completed,1.28,3.5,1.3,3.35,1.25,3.75,1.29,4.14,1.3,3.2,1.35,4.25,1.27,3.63
WTA,2010,27,Paris,French Open,2010-05-23,Grand Slam,Outdoor,Clay,1st Round,3,Kuznetsova S.,Cirstea S.,6.0,34.0,4661.0,1606.0,6.0,3.0,6.0,1.0,,,2.0,0.0,Completed,1.16,4.5,1.2,4.25,1.17,4.5,1.23,4.84,1.22,4.0,1.25,5.0,1.19,4.39
WTA,2010,27,Paris,French Open,2010-05-23,Grand Slam,Outdoor,Clay,1st Round,3,Dulko G.,Azarenka V.,45.0,11.0,1407.0,3665.0,6.0,1.0,6.0,2.0,,,2.0,0.0,Completed,2.37,1.53,2.45,1.5,2.38,1.53,3.01,1.45,2.5,1.5,3.15,1.65,2.48,1.52
WTA,2010,27,Paris,French Open,2010-05-23,Grand Slam,Outdoor,Clay,1st Round,3,Amanmuradova A.,Martinez-Sanchez M.J.,98.0,21.0,646.0,2635.0,6.0,2.0,6.0,4.0,,,2.0,0.0,Completed,10.0,1.04,7.25,1.07,7.5,1.07,11.25,1.07,7.0,1.07,12.0,1.08,8.65,1.05
WTA,2010,27,Paris,French Open,2010-05-23,Grand Slam,Outdoor,Clay,1st Round,3,Kirilenko M.,Sprem K.,30.0,103.0,1710.0,612.0,7.0,6.0,6.0,4.0,,,2.0,0.0,Completed,1.28,3.5,1.25,3.55,1.29,3.5,1.4,3.28,1.2,4.0,1.4,3.8,1.3,3.41
WTA,2010,27,Paris,French Open,2010-05-23,Grand Slam,Outdoor,Clay,1st Round,3,Pennetta F.,Keothavong A.,15.0,154.0,3175.0,367.0,6.0,2.0,6.0,2.0,,,2.0,0.0,Completed,1.04,10.0,1.05,8.5,1.06,8.0,1.07,11.5,1.05,9.0,1.08,13.0,1.05,9.0
WTA,2010,27,Paris,French Open,2010-05-23,Grand Slam,Outdoor,Clay,1st Round,3,Rezai A.,El Tabakh H.,19.0,166.0,2875.0,338.0,6.0,1.0,6.0,1.0,,,2.0,0.0,Completed,1.03,11.0,1.05,8.5,1.05,8.5,1.06,13.0,1.05,8.0,1.08,13.0,1.04,9.09
WTA,2010,27,Paris,French Open,2010-05-23,Grand Slam,Outdoor,Clay,1st Round,3,Meusburger Y.,Feuerstein C.,88.0,222.0,732.0,235.0,7.0,6.0,6.0,3.0,,,2.0,0.0,Completed,1.22,4.0,1.26,3.57,1.25,3.75,1.23,4.85,1.25,3.5,1.28,4.85,1.24,3.9
WTA,2010,27,Paris,French Open,2010-05-23,Grand Slam,Outdoor,Clay,1st Round,3,Larsson J.,Sevastova A.,113.0,57.0,564.0,1191.0,6.0,2.0,6.0,2.0,,,2.0,0.0,Completed,4.0,1.22,4.5,1.18,4.33,1.2,4.76,1.24,3.75,1.22,4.8,1.24,4.33,1.2
WTA,2010,27,Paris,French Open,2010-05-23,Grand Slam,Outdoor,Clay,1st Round,3,Kerber A.,Chakvetadze A.,64.0,112.0,1068.0,565.0,5.0,7.0,7.0,6.0,6.0,4.0,2.0,1.0,Completed,1.66,2.1,1.75,2.0,1.73,2.0,1.78,2.18,1.67,2.1,1.78,2.22,1.71,2.06
WTA,2010,27,Paris,French Open,2010-05-23,Grand Slam,Outdoor,Clay,1st Round,3,Williams V.,Schnyder P.,2.0,61.0,6386.0,1090.0,6.0,3.0,6.0,3.0,,,2.0,0.0,Completed,1.07,7.5,1.08,6.75,1.1,6.5,1.13,7.89,1.07,7.0,1.15,8.0,1.1,6.52
WTA,2010,27,Paris,French Open,2010-05-23,Grand Slam,Outdoor,Clay,1st Round,3,Szavay A.,Foretz S.,47.0,229.0,1370.0,227.0,6.0,2.0,6.0,2.0,,,2.0,0.0,Completed,1.16,4.5,1.2,4.25,1.17,4.5,1.2,5.37,1.2,4.0,1.22,5.37,1.19,4.51
WTA,2010,27,Paris,French Open,2010-05-23,Grand Slam,Outdoor,Clay,1st Round,3,Petrova N.,Zhang S.,20.0,126.0,2795.0,530.0,6.0,0.0,6.0,3.0,,,2.0,0.0,Completed,1.07,7.5,1.08,6.75,1.08,7.0,1.13,7.96,1.1,6.0,1.13,8.0,1.09,6.68
WTA,2010,27,Paris,French Open,2010-05-24,Grand Slam,Outdoor,Clay,1st Round,3,Li N.,Mladenovic K.,12.0,211.0,3515.0,245.0,7.0,5.0,6.0,3.0,,,2.0,0.0,Completed,1.04,10.0,1.05,8.5,1.05,8.5,1.04,17.5,1.05,8.0,1.05,14.5,1.03,10.19
WTA,2010,27,Paris,French Open,2010-05-24,Grand Slam,Outdoor,Clay,1st Round,3,Safarova L.,Dokic J.,25.0,115.0,2075.0,551.0,6.0,2.0,6.0,2.0,,,2.0,0.0,Completed,1.08,7.0,1.11,6.0,1.1,6.5,1.17,6.16,1.1,6.0,1.17,7.6,1.11,6.15
WTA,2010,27,Paris,French Open,2010-05-24,Grand Slam,Outdoor,Clay,1st Round,3,Wozniacki C.,Kudryavtseva A.,3.0,78.0,5630.0,826.0,6.0,0.0,6.0,3.0,,,2.0,0.0,Completed,1.1,6.5,1.12,5.75,1.1,6.5,1.15,6.61,1.1,7.0,1.15,7.0,1.11,6.05
WTA,2010,27,Paris,French Open,2010-05-24,Grand Slam,Outdoor,Clay,1st Round,3,Garbin T.,Barrois K.,56.0,67.0,1220.0,983.0,1.0,6.0,7.0,6.0,6.0,3.0,2.0,1.0,Completed,2.1,1.66,1.94,1.81,1.91,1.8,2.24,1.75,1.83,1.83,2.24,1.83,2.01,1.75
WTA,2010,27,Paris,French Open,2010-05-24,Grand Slam,Outdoor,Clay,1st Round,3,Cohen Aloro S.,Dubois S.,159.0,117.0,358.0,546.0,6.0,7.0,6.0,1.0,6.0,3.0,2.0,1.0,Completed,1.4,2.75,1.45,2.6,1.44,2.63,1.46,2.98,1.5,2.5,1.5,2.98,1.44,2.68
WTA,2010,27,Paris,French Open,2010-05-24,Grand Slam,Outdoor,Clay,1st Round,3,Parra Santonja A.,Nara K.,59.0,147.0,1128.0,404.0,6.0,2.0,6.0,2.0,,,2.0,0.0,Completed,1.2,4.33,1.2,4.05,1.22,4.0,1.26,4.39,1.2,4.0,1.28,4.5,1.23,3.91
WTA,2010,27,Paris,French Open,2010-05-24,Grand Slam,Outdoor,Clay,1st Round,3,Medina Garrigues A.,Oudin M.,43.0,37.0,1455.0,1510.0,7.0,5.0,6.0,2.0,,,2.0,0.0,Completed,1.33,3.25,1.4,2.8,1.33,3.25,1.38,3.41,1.4,2.75,1.4,3.55,1.35,3.11
WTA,2010,27,Paris,French Open,2010-05-24,Grand Slam,Outdoor,Clay,1st Round,3,Hercog P.,Doi M.,52.0,179.0,1250.0,305.0,6.0,3.0,6.0,0.0,,,2.0,0.0,Completed,1.08,7.0,1.13,5.5,1.14,5.0,1.13,7.65,1.14,5.0,1.15,8.0,1.12,5.93
WTA,2010,27,Paris,French Open,2010-05-24,Grand Slam,Outdoor,Clay,1st Round,3,Wozniak A.,Benesova I.,48.0,54.0,1365.0,1240.0,6.0,3.0,6.0,3.0,,,2.0,0.0,Completed,3.25,1.33,3.3,1.3,3.4,1.3,3.2,1.41,3.0,1.33,3.4,1.47,3.12,1.34
WTA,2010,27,Paris,French Open,2010-05-24,Grand Slam,Outdoor,Clay,1st Round,3,Dementieva E.,Martic P.,5.0,68.0,4830.0,978.0,6.0,1.0,6.0,1.0,,,2.0,0.0,Completed,1.12,5.5,1.15,5.0,1.13,5.5,1.16,6.35,1.14,5.0,1.17,6.35,1.13,5.44
WTA,2010,27,Paris,French Open,2010-05-24,Grand Slam,Outdoor,Clay,1st Round,3,Ferguson S.,Kvitova P.,142.0,63.0,412.0,1075.0,1.0,6.0,6.0,2.0,6.0,2.0,2.0,1.0,Completed,3.75,1.25,3.75,1.25,3.5,1.29,3.84,1.32,3.75,1.22,4.03,1.37,3.5,1.28
WTA,2010,27,Paris,French Open,2010-05-24,Grand Slam,Outdoor,Clay,1st Round,3,Bondarenko K.,Coin J.,35.0,84.0,1570.0,759.0,6.0,1.0,6.0,2.0,,,2.0,0.0,Completed,1.53,2.37,1.6,2.25,1.53,2.38,1.63,2.47,1.57,2.25,1.7,2.5,1.59,2.28
WTA,2010,27,Paris,French Open,2010-05-24,Grand Slam,Outdoor,Clay,1st Round,3,Schiavone F.,Kulikova R.,17.0,70.0,2995.0,971.0,5.0,7.0,6.0,3.0,6.0,4.0,2.0,1.0,Completed,1.14,5.0,1.2,4.25,1.17,4.5,1.17,5.96,1.17,4.5,1.21,6.21,1.17,4.67
WTA,2010,27,Paris,French Open,2010-05-24,Grand Slam,Outdoor,Clay,1st Round,3,Goerges J.,Czink M.,77.0,58.0,831.0,1171.0,6.0,2.0,6.0,3.0,,,2.0,0.0,Completed,1.28,3.5,1.35,3.1,1.33,3.25,1.35,3.58,1.29,3.25,1.35,3.58,1.31,3.3
WTA,2010,27,Paris,French Open,2010-05-24,Grand Slam,Outdoor,Clay,1st Round,3,Bacsinszky T.,Malek T.,40.0,85.0,1482.0,750.0,6.0,2.0,6.0,3.0,,,2.0,0.0,Completed,1.3,3.4,1.4,2.75,1.36,3.0,1.38,3.37,1.4,2.75,1.41,3.5,1.36,3.02
WTA,2010,27,Paris,French Open,2010-05-24,Grand Slam,Outdoor,Clay,1st Round,3,Williams S.,Voegele S.,1.0,76.0,8475.0,865.0,7.0,6.0,6.0,2.0,,,2.0,0.0,Completed,1.02,12.0,1.03,10.0,1.03,10.0,1.03,21.0,1.03,10.0,1.05,17.0,1.02,12.06
WTA,2010,27,Paris,French Open,2010-05-24,Grand Slam,Outdoor,Clay,1st Round,3,Vinci R.,Razzano V.,60.0,46.0,1095.0,1382.0,7.0,5.0,6.0,2.0,,,2.0,0.0,Completed,1.66,2.1,1.85,1.9,1.8,1.91,1.79,2.16,1.8,1.91,1.85,2.16,1.77,1.99
WTA,2010,27,Paris,French Open,2010-05-24,Grand Slam,Outdoor,Clay,1st Round,3,Radwanska A.,Baltacha E.,8.0,62.0,4190.0,1086.0,6.0,0.0,7.0,5.0,,,2.0,0.0,Completed,1.06,8.0,1.08,6.75,1.08,7.0,1.1,9.95,1.07,7.0,1.1,10.45,1.07,7.76
WTA,2010,27,Paris,French Open,2010-05-24,Grand Slam,Outdoor,Clay,1st Round,3,Rybarikova M.,Arvidsson S.,51.0,65.0,1295.0,1014.0,6.0,7.0,6.0,3.0,6.0,2.0,2.0,1.0,Completed,2.0,1.72,1.85,1.9,1.8,1.91,2.09,1.85,1.83,1.83,2.09,1.92,1.9,1.83
WTA,2010,27,Paris,French Open,2010-05-24,Grand Slam,Outdoor,Clay,1st Round,3,De Los Rios R.,Zahlavova Strycova B.,102.0,73.0,621.0,927.0,7.0,6.0,6.0,3.0,,,2.0,0.0,Completed,2.2,1.61,2.15,1.65,2.1,1.67,2.29,1.71,2.25,1.57,2.41,1.8,2.13,1.68
WTA,2010,27,Paris,French Open,2010-05-24,Grand Slam,Outdoor,Clay,1st Round,3,Dulgheru A.,Hradecka L.,32.0,87.0,1655.0,733.0,7.0,6.0,4.0,6.0,6.0,3.0,2.0,1.0,Completed,1.1,6.5,1.15,5.0,1.14,5.0,1.15,6.61,1.14,5.0,1.17,7.0,1.13,5.6
WTA,2010,27,Paris,French Open,2010-05-24,Grand Slam,Outdoor,Clay,1st Round,3,Shvedova Y.,Errani S.,36.0,33.0,1550.0,1620.0,6.0,1.0,7.0,5.0,,,2.0,0.0,Completed,2.5,1.5,2.35,1.55,2.25,1.57,2.56,1.59,2.25,1.57,2.56,1.66,2.33,1.57
WTA,2010,27,Paris,French Open,2010-05-24,Grand Slam,Outdoor,Clay,1st Round,3,Ivanovic A.,Chang K.C.,42.0,89.0,1463.0,714.0,6.0,3.0,6.0,3.0,,,2.0,0.0,Completed,1.07,7.5,1.13,5.5,1.1,6.5,1.11,8.88,1.1,6.0,1.13,8.88,1.09,6.66
WTA,2010,27,Paris,French Open,2010-05-24,Grand Slam,Outdoor,Clay,1st Round,3,Kanepi K.,Parmentier P.,118.0,95.0,546.0,658.0,6.0,3.0,6.0,1.0,,,2.0,0.0,Completed,1.2,4.33,1.25,3.7,1.25,3.75,1.24,4.64,1.25,3.5,1.29,4.64,1.23,3.93
WTA,2010,27,Paris,French Open,2010-05-24,Grand Slam,Outdoor,Clay,1st Round,3,Kleybanova A.,Koryttseva M.,28.0,104.0,1855.0,609.0,6.0,2.0,6.0,1.0,,,2.0,0.0,Completed,1.12,5.5,1.16,4.75,1.14,5.0,1.17,5.96,1.14,5.0,1.18,6.0,1.15,5.11
WTA,2010,27,Paris,French Open,2010-05-24,Grand Slam,Outdoor,Clay,1st Round,3,Bondarenko A.,Dushevina V.,31.0,53.0,1700.0,1250.0,6.0,7.0,6.0,3.0,6.0,4.0,2.0,1.0,Completed,1.72,2.0,1.75,2.0,1.73,2.0,1.85,2.08,1.57,2.25,1.85,2.15,1.74,2.03
WTA,2010,27,Paris,French Open,2010-05-24,Grand Slam,Outdoor,Clay,1st Round,3,Stosur S.,Halep S.,7.0,114.0,4405.0,557.0,7.0,5.0,6.0,1.0,,,2.0,0.0,Completed,1.16,4.5,1.18,4.5,1.17,4.5,1.23,4.88,1.17,4.5,1.24,5.0,1.2,4.37
WTA,2010,27,Paris,French Open,2010-05-24,Grand Slam,Outdoor,Clay,1st Round,3,Jankovic J.,Molik A.,4.0,94.0,5160.0,667.0,6.0,0.0,6.0,4.0,,,2.0,0.0,Completed,1.03,11.0,1.05,8.5,1.04,9.0,1.04,17.0,1.05,8.0,1.05,15.0,1.04,10.4
WTA,2010,27,Paris,French Open,2010-05-25,Grand Slam,Outdoor,Clay,1st Round,3,Peer S.,Llagostera Vives N.,18.0,205.0,2895.0,250.0,6.0,1.0,6.0,4.0,,,2.0,0.0,Completed,1.1,6.5,1.13,5.5,1.13,5.5,1.13,7.29,1.13,5.5,1.16,7.8,1.12,5.78
WTA,2010,27,Paris,French Open,2010-05-25,Grand Slam,Outdoor,Clay,1st Round,3,Henin J.,Pironkova T.,23.0,81.0,2575.0,773.0,6.0,4.0,6.0,3.0,,,2.0,0.0,Completed,1.04,10.0,1.07,7.25,1.05,8.5,1.08,11.0,1.04,9.0,1.08,13.0,1.05,9.33
WTA,2010,27,Paris,French Open,2010-05-25,Grand Slam,Outdoor,Clay,1st Round,3,Zakopalova K.,Srebotnik K.,79.0,284.0,788.0,163.0,7.0,6.0,4.0,6.0,6.0,2.0,2.0,1.0,Completed,1.53,2.37,1.55,2.35,1.57,2.25,1.64,2.45,1.53,2.38,1.71,2.45,1.57,2.33
WTA,2010,27,Paris,French Open,2010-05-25,Grand Slam,Outdoor,Clay,1st Round,3,Craybas J.,O'Brien K.,101.0,123.0,630.0,532.0,6.0,0.0,4.0,6.0,6.0,2.0,2.0,1.0,Completed,1.66,2.1,1.72,2.05,1.8,1.91,1.85,2.09,1.73,2.0,1.86,2.12,1.77,1.98
WTA,2010,27,Paris,French Open,2010-05-25,Grand Slam,Outdoor,Clay,1st Round,3,Rodionova An.,Makarova E.,92.0,99.0,699.0,645.0,6.0,3.0,6.0,2.0,,,2.0,0.0,Completed,1.61,2.2,1.72,2.05,1.67,2.1,1.83,2.12,1.8,1.91,1.83,2.2,1.72,2.05
WTA,2010,27,Paris,French Open,2010-05-25,Grand Slam,Outdoor,Clay,1st Round,3,Pavlyuchenkova A.,Cornet A.,29.0,74.0,1850.0,895.0,6.0,4.0,6.0,2.0,,,2.0,0.0,Completed,1.44,2.62,1.45,2.6,1.5,2.5,1.57,2.62,1.44,2.63,1.62,2.73,1.49,2.54
WTA,2010,27,Paris,French Open,2010-05-25,Grand Slam,Outdoor,Clay,1st Round,3,Zvonareva V.,Brianti A.,22.0,75.0,2625.0,881.0,6.0,3.0,6.0,1.0,,,2.0,0.0,Completed,1.08,7.0,1.12,5.75,1.13,5.5,1.13,7.83,1.17,4.5,1.17,7.83,1.11,6.06
WTA,2010,27,Paris,French Open,2010-05-25,Grand Slam,Outdoor,Clay,1st Round,3,Hantuchova D.,Tanasugarn T.,26.0,66.0,2010.0,991.0,6.0,1.0,6.0,1.0,,,2.0,0.0,Completed,1.06,8.0,1.1,6.25,1.08,7.0,1.1,9.35,1.1,6.0,1.11,9.35,1.08,7.41
WTA,2010,27,Paris,French Open,2010-05-25,Grand Slam,Outdoor,Clay,1st Round,3,Flipkens K.,Morita A.,71.0,100.0,969.0,642.0,6.0,1.0,6.0,4.0,,,2.0,0.0,Completed,1.57,2.25,1.7,2.1,1.73,2.0,1.81,2.14,1.73,2.0,1.82,2.32,1.75,2.01
WTA,2010,27,Paris,French Open,2010-05-25,Grand Slam,Outdoor,Clay,1st Round,3,Govortsova O.,Suarez Navarro C.,38.0,39.0,1510.0,1485.0,7.0,6.0,6.0,1.0,,,2.0,0.0,Completed,1.72,2.0,1.7,2.05,1.73,2.0,1.93,2.0,1.73,2.0,1.93,2.15,1.75,2.0
WTA,2010,27,Paris,French Open,2010-05-25,Grand Slam,Outdoor,Clay,1st Round,3,Mattek-Sands B.,King V.,124.0,69.0,531.0,975.0,6.0,2.0,6.0,2.0,,,2.0,0.0,Completed,1.61,2.2,1.65,2.15,1.67,2.1,1.74,2.25,,,1.75,2.25,1.69,2.08
WTA,2010,27,Paris,French Open,2010-05-25,Grand Slam,Outdoor,Clay,1st Round,3,Date Krumm K.,Safina D.,72.0,9.0,956.0,4156.0,3.0,6.0,6.0,4.0,7.0,5.0,2.0,1.0,Completed,3.5,1.28,3.05,1.35,3.4,1.3,3.62,1.34,3.0,1.33,3.86,1.36,3.33,1.31
WTA,2010,27,Paris,French Open,2010-05-25,Grand Slam,Outdoor,Clay,1st Round,3,Groth J.,Chan Y.J.,107.0,83.0,597.0,763.0,6.0,2.0,6.0,3.0,,,2.0,0.0,Completed,1.57,2.25,1.65,2.15,1.57,2.25,1.71,2.29,1.57,2.25,1.71,2.41,1.62,2.21
WTA,2010,27,Paris,French Open,2010-05-25,Grand Slam,Outdoor,Clay,1st Round,3,Zheng J.,Bychkova E.,24.0,122.0,2325.0,536.0,7.0,5.0,6.0,4.0,,,2.0,0.0,Completed,1.05,9.0,1.06,7.75,1.06,8.0,1.09,9.6,1.04,9.0,1.1,10.0,1.06,8.01
WTA,2010,27,Paris,French Open,2010-05-25,Grand Slam,Outdoor,Clay,1st Round,3,Bartoli M.,Camerin M.E.,14.0,109.0,3186.0,574.0,6.0,2.0,6.0,3.0,,,2.0,0.0,Completed,1.25,3.75,1.25,3.75,1.25,3.75,1.3,3.96,1.22,3.75,1.33,4.33,1.27,3.59
WTA,2010,27,Paris,French Open,2010-05-25,Grand Slam,Outdoor,Clay,1st Round,3,Pivovarova A.,Olaru I.,187.0,90.0,287.0,707.0,6.0,4.0,6.0,3.0,,,2.0,0.0,Completed,1.83,1.83,1.87,1.87,1.91,1.8,2.07,1.86,1.91,1.8,2.07,1.9,1.91,1.82
WTA,2010,27,Paris,French Open,2010-05-25,Grand Slam,Outdoor,Clay,1st Round,3,Bammer S.,Duque Marino M.,55.0,97.0,1240.0,653.0,6.0,0.0,6.0,1.0,,,2.0,0.0,Completed,1.66,2.1,1.65,2.15,1.67,2.1,1.74,2.25,1.73,2.0,1.8,2.25,1.7,2.08
WTA,2010,27,Paris,French Open,2010-05-25,Grand Slam,Outdoor,Clay,1st Round,3,Wickmayer Y.,Zahlavova S.,16.0,80.0,3050.0,778.0,6.0,1.0,6.0,1.0,,,2.0,0.0,Completed,1.05,9.0,1.05,8.5,1.06,8.0,1.07,11.25,1.05,8.0,1.09,11.25,1.06,8.49
WTA,2010,27,Paris,French Open,2010-05-25,Grand Slam,Outdoor,Clay,1st Round,3,Sanchez O.,Perry S.,184.0,128.0,299.0,504.0,7.0,6.0,6.0,0.0,,,2.0,0.0,Completed,1.44,2.62,1.5,2.5,1.57,2.25,1.55,2.67,1.57,2.25,1.73,2.67,1.53,2.42
WTA,2010,27,Paris,French Open,2010-05-25,Grand Slam,Outdoor,Clay,1st Round,3,Sharapova M.,Pervak K.,13.0,110.0,3350.0,574.0,6.0,3.0,6.0,2.0,,,2.0,0.0,Completed,1.06,8.0,1.1,6.25,1.08,7.0,1.12,8.88,1.1,6.0,1.13,9.6,1.09,6.89
WTA,2010,27,Paris,French Open,2010-05-26,Grand Slam,Outdoor,Clay,2nd Round,3,Petrova N.,Szavay A.,20.0,47.0,2795.0,1370.0,6.0,1.0,6.0,2.0,,,2.0,0.0,Completed,1.25,3.75,1.3,3.3,1.3,3.4,1.34,3.62,1.33,3.0,1.35,4.3,1.29,3.48
WTA,2010,27,Paris,French Open,2010-05-26,Grand Slam,Outdoor,Clay,2nd Round,3,Williams V.,Parra Santonja A.,2.0,59.0,6386.0,1128.0,6.0,2.0,6.0,4.0,,,2.0,0.0,Completed,1.04,10.0,1.06,7.75,1.06,8.0,1.06,13.0,1.05,8.0,1.07,13.5,1.05,9.59
WTA,2010,27,Paris,French Open,2010-05-26,Grand Slam,Outdoor,Clay,2nd Round,3,Amanmuradova A.,Larsson J.,98.0,113.0,646.0,564.0,7.0,6.0,6.0,2.0,,,2.0,0.0,Completed,2.1,1.66,2.0,1.75,2.0,1.73,2.21,1.76,1.91,1.8,2.21,1.9,2.06,1.72
WTA,2010,27,Paris,French Open,2010-05-26,Grand Slam,Outdoor,Clay,2nd Round,3,Cibulkova D.,Lepchenko V.,27.0,127.0,2005.0,505.0,4.0,6.0,6.0,2.0,6.0,0.0,2.0,1.0,Completed,1.1,6.5,1.13,5.25,1.14,5.0,1.14,7.14,1.17,4.5,1.17,7.48,1.12,5.75
WTA,2010,27,Paris,French Open,2010-05-26,Grand Slam,Outdoor,Clay,2nd Round,3,Dulgheru A.,Bacsinszky T.,32.0,40.0,1655.0,1482.0,6.0,4.0,6.0,2.0,,,2.0,0.0,Completed,1.28,3.5,1.3,3.3,1.29,3.5,1.41,3.2,1.25,3.5,1.45,3.75,1.31,3.35
WTA,2010,27,Paris,French Open,2010-05-26,Grand Slam,Outdoor,Clay,2nd Round,3,Pennetta F.,Vinci R.,15.0,60.0,3175.0,1095.0,6.0,1.0,6.0,1.0,,,2.0,0.0,Completed,1.2,4.33,1.2,4.25,1.2,4.33,1.24,4.76,1.22,3.75,1.25,4.76,1.21,4.23
WTA,2010,27,Paris,French Open,2010-05-26,Grand Slam,Outdoor,Clay,2nd Round,3,Kirilenko M.,Meusburger Y.,30.0,88.0,1710.0,732.0,6.0,3.0,6.0,3.0,,,2.0,0.0,Completed,1.16,4.5,1.2,4.25,1.22,4.0,1.24,4.72,1.17,4.5,1.25,5.1,1.2,4.26
WTA,2010,27,Paris,French Open,2010-05-26,Grand Slam,Outdoor,Clay,2nd Round,3,Rezai A.,Kerber A.,19.0,64.0,2875.0,1068.0,6.0,2.0,2.0,6.0,6.0,3.0,2.0,1.0,Completed,1.07,7.5,1.1,6.5,1.13,5.5,1.17,6.16,1.1,6.0,1.17,7.5,1.11,6.24
WTA,2010,27,Paris,French Open,2010-05-26,Grand Slam,Outdoor,Clay,2nd Round,3,Scheepers C.,Dulko G.,131.0,45.0,473.0,1407.0,3.0,6.0,6.0,3.0,6.0,4.0,2.0,1.0,Completed,5.5,1.12,5.25,1.13,5.0,1.14,5.37,1.2,5.0,1.14,5.8,1.22,5.05,1.15
WTA,2010,27,Paris,French Open,2010-05-26,Grand Slam,Outdoor,Clay,2nd Round,3,Kuznetsova S.,Petkovic A.,6.0,41.0,4661.0,1467.0,4.0,6.0,7.0,5.0,6.0,4.0,2.0,1.0,Completed,1.53,2.37,1.55,2.35,1.57,2.25,1.71,2.3,1.57,2.25,1.71,2.73,1.56,2.36
WTA,2010,27,Paris,French Open,2010-05-26,Grand Slam,Outdoor,Clay,2nd Round,3,Wozniacki C.,Garbin T.,3.0,56.0,5630.0,1220.0,6.0,3.0,6.0,1.0,,,2.0,0.0,Completed,1.06,8.0,1.08,6.75,1.07,7.5,1.08,10.5,1.07,7.0,1.1,11.0,1.07,7.89
WTA,2010,27,Paris,French Open,2010-05-26,Grand Slam,Outdoor,Clay,2nd Round,3,Hercog P.,Safarova L.,52.0,25.0,1250.0,2075.0,6.0,1.0,6.0,2.0,,,2.0,0.0,Completed,2.75,1.4,2.6,1.45,2.75,1.4,2.67,1.55,2.75,1.4,2.95,1.55,2.7,1.44
WTA,2010,27,Paris,French Open,2010-05-27,Grand Slam,Outdoor,Clay,2nd Round,3,Jankovic J.,Kanepi K.,4.0,118.0,5160.0,546.0,6.0,2.0,3.0,6.0,6.0,4.0,2.0,1.0,Completed,1.14,5.0,1.18,4.5,1.13,5.5,1.21,5.17,1.13,5.5,1.21,6.0,1.16,5.0
WTA,2010,27,Paris,French Open,2010-05-27,Grand Slam,Outdoor,Clay,2nd Round,3,Li N.,Cohen Aloro S.,12.0,159.0,3515.0,358.0,6.0,2.0,6.0,2.0,,,2.0,0.0,Completed,1.05,9.0,1.07,7.25,1.06,8.0,1.1,9.05,1.06,7.5,1.1,9.65,1.06,7.98
WTA,2010,27,Paris,French Open,2010-05-27,Grand Slam,Outdoor,Clay,2nd Round,3,Kleybanova A.,Ivanovic A.,28.0,42.0,1855.0,1463.0,6.0,3.0,6.0,0.0,,,2.0,0.0,Completed,2.37,1.53,2.25,1.6,2.25,1.57,2.53,1.6,2.25,1.57,2.58,1.62,2.34,1.56
WTA,2010,27,Paris,French Open,2010-05-27,Grand Slam,Outdoor,Clay,2nd Round,3,Groth J.,Date Krumm K.,107.0,72.0,597.0,956.0,6.0,0.0,6.0,3.0,,,2.0,0.0,Completed,1.4,2.75,1.3,3.3,1.33,3.25,1.33,3.71,,,1.44,3.71,1.35,3.09
WTA,2010,27,Paris,French Open,2010-05-27,Grand Slam,Outdoor,Clay,2nd Round,3,Shvedova Y.,Radwanska A.,36.0,8.0,1550.0,4190.0,7.0,5.0,6.0,3.0,,,2.0,0.0,Completed,4.5,1.16,3.75,1.25,3.75,1.25,4.3,1.27,3.5,1.25,4.5,1.3,3.94,1.23
WTA,2010,27,Paris,French Open,2010-05-27,Grand Slam,Outdoor,Clay,2nd Round,3,Dementieva E.,Medina Garrigues A.,5.0,43.0,4830.0,1455.0,6.0,2.0,7.0,6.0,,,2.0,0.0,Completed,1.28,3.5,1.3,3.3,1.3,3.4,1.31,3.92,1.29,3.25,1.35,4.0,1.3,3.38
WTA,2010,27,Paris,French Open,2010-05-27,Grand Slam,Outdoor,Clay,2nd Round,3,Rodionova An.,Zvonareva V.,92.0,22.0,699.0,2625.0,6.0,4.0,6.0,4.0,,,2.0,0.0,Completed,7.5,1.07,5.25,1.13,6.5,1.1,8.01,1.13,5.25,1.13,8.8,1.13,6.45,1.1
WTA,2010,27,Paris,French Open,2010-05-27,Grand Slam,Outdoor,Clay,2nd Round,3,Schiavone F.,Ferguson S.,17.0,142.0,2995.0,412.0,6.0,2.0,6.0,2.0,,,2.0,0.0,Completed,1.06,8.0,1.08,6.75,1.08,7.0,1.07,11.5,1.07,7.0,1.1,11.5,1.06,8.07
WTA,2010,27,Paris,French Open,2010-05-27,Grand Slam,Outdoor,Clay,2nd Round,3,Wozniak A.,Bondarenko K.,48.0,35.0,1365.0,1570.0,6.0,4.0,6.0,1.0,,,2.0,0.0,Completed,2.62,1.44,2.45,1.5,2.38,1.53,2.56,1.59,2.38,1.53,2.75,1.61,2.48,1.51
WTA,2010,27,Paris,French Open,2010-05-27,Grand Slam,Outdoor,Clay,2nd Round,3,Bondarenko A.,Rybarikova M.,31.0,51.0,1700.0,1295.0,6.0,3.0,6.0,3.0,,,2.0,0.0,Completed,1.28,3.5,1.3,3.3,1.3,3.4,1.36,3.49,1.22,3.75,1.42,3.6,1.31,3.3
WTA,2010,27,Paris,French Open,2010-05-27,Grand Slam,Outdoor,Clay,2nd Round,3,Peer S.,Mattek-Sands B.,18.0,124.0,2895.0,531.0,3.0,6.0,6.0,0.0,6.0,1.0,2.0,1.0,Completed,1.16,4.5,1.2,4.25,1.22,4.0,1.28,4.17,1.22,3.75,1.28,4.65,1.21,4.14
WTA,2010,27,Paris,French Open,2010-05-28,Grand Slam,Outdoor,Clay,2nd Round,3,Williams S.,Goerges J.,1.0,77.0,8475.0,831.0,6.0,1.0,6.0,1.0,,,2.0,0.0,Completed,1.04,10.0,1.08,6.75,1.06,8.0,1.08,10.75,1.07,7.0,1.08,11.8,1.06,8.31
WTA,2010,27,Paris,French Open,2010-05-28,Grand Slam,Outdoor,Clay,2nd Round,3,Pivovarova A.,Zheng J.,187.0,24.0,287.0,2325.0,6.0,4.0,6.0,3.0,,,2.0,0.0,Completed,3.75,1.25,4.25,1.2,4.0,1.22,3.94,1.31,4.0,1.2,4.33,1.31,3.81,1.24
WTA,2010,27,Paris,French Open,2010-05-28,Grand Slam,Outdoor,Clay,2nd Round,3,Pavlyuchenkova A.,Craybas J.,29.0,101.0,1850.0,630.0,6.0,4.0,6.0,1.0,,,2.0,0.0,Completed,1.05,9.0,1.1,6.5,1.08,7.0,1.09,9.95,1.07,7.0,1.1,10.0,1.07,7.64
WTA,2010,27,Paris,French Open,2010-05-28,Grand Slam,Outdoor,Clay,2nd Round,3,Bartoli M.,Sanchez O.,14.0,184.0,3186.0,299.0,7.0,5.0,6.0,2.0,,,2.0,0.0,Completed,1.2,4.33,1.2,4.0,1.17,4.5,1.27,4.3,1.17,4.5,1.29,4.65,1.22,4.11
WTA,2010,27,Paris,French Open,2010-05-28,Grand Slam,Outdoor,Clay,2nd Round,3,Hantuchova D.,Govortsova O.,26.0,38.0,2010.0,1510.0,7.0,5.0,6.0,3.0,,,2.0,0.0,Completed,1.44,2.62,1.5,2.5,1.44,2.63,1.42,3.19,1.53,2.38,1.56,3.19,1.47,2.59
WTA,2010,27,Paris,French Open,2010-05-28,Grand Slam,Outdoor,Clay,2nd Round,3,Henin J.,Zakopalova K.,23.0,79.0,2575.0,788.0,6.0,3.0,6.0,3.0,,,2.0,0.0,Completed,1.04,10.0,1.06,7.75,1.04,9.0,1.06,12.0,1.04,9.0,1.07,12.0,1.04,9.63
WTA,2010,27,Paris,French Open,2010-05-28,Grand Slam,Outdoor,Clay,2nd Round,3,Wickmayer Y.,Bammer S.,16.0,55.0,3050.0,1240.0,7.0,6.0,1.0,6.0,7.0,5.0,2.0,1.0,Completed,1.14,5.0,1.15,5.0,1.14,5.0,1.23,4.88,1.14,5.0,1.23,5.2,1.18,4.56
WTA,2010,27,Paris,French Open,2010-05-28,Grand Slam,Outdoor,Clay,2nd Round,3,Sharapova M.,Flipkens K.,13.0,71.0,3350.0,969.0,6.0,3.0,6.0,3.0,,,2.0,0.0,Completed,1.08,7.0,1.15,5.0,1.13,5.5,1.14,6.92,1.13,5.5,1.15,7.5,1.12,5.91
WTA,2010,27,Paris,French Open,2010-05-28,Grand Slam,Outdoor,Clay,2nd Round,3,Stosur S.,De Los Rios R.,7.0,102.0,4405.0,621.0,4.0,6.0,6.0,1.0,6.0,0.0,2.0,1.0,Completed,1.03,11.0,1.05,8.25,1.04,9.0,1.05,14.8,1.05,8.0,1.05,16.0,1.04,10.64
WTA,2010,27,Paris,French Open,2010-05-28,Grand Slam,Outdoor,Clay,3rd Round,3,Williams V.,Cibulkova D.,2.0,27.0,6386.0,2005.0,6.0,3.0,6.0,4.0,,,2.0,0.0,Completed,1.22,4.0,1.2,4.2,1.22,4.0,1.26,4.43,1.17,4.5,1.28,4.65,1.21,4.14
WTA,2010,27,Paris,French Open,2010-05-28,Grand Slam,Outdoor,Clay,3rd Round,3,Wozniacki C.,Dulgheru A.,3.0,32.0,5630.0,1655.0,6.0,3.0,6.0,4.0,,,2.0,0.0,Completed,1.4,2.75,1.5,2.6,1.44,2.63,1.48,2.9,1.4,2.75,1.6,2.9,1.47,2.59
WTA,2010,27,Paris,French Open,2010-05-28,Grand Slam,Outdoor,Clay,3rd Round,3,Pennetta F.,Hercog P.,15.0,52.0,3175.0,1250.0,6.0,3.0,6.0,0.0,,,2.0,0.0,Completed,1.4,2.75,1.4,2.8,1.44,2.63,1.52,2.77,1.4,2.75,1.52,2.8,1.45,2.64
WTA,2010,27,Paris,French Open,2010-05-28,Grand Slam,Outdoor,Clay,3rd Round,3,Dementieva E.,Wozniak A.,5.0,48.0,4830.0,1365.0,6.0,7.0,6.0,3.0,6.0,4.0,2.0,1.0,Completed,1.08,7.0,1.13,5.25,1.13,5.5,1.15,6.61,1.13,5.5,1.17,7.2,1.12,5.75
WTA,2010,27,Paris,French Open,2010-05-28,Grand Slam,Outdoor,Clay,3rd Round,3,Scheepers C.,Amanmuradova A.,131.0,98.0,473.0,646.0,6.0,3.0,6.0,3.0,,,2.0,0.0,Completed,2.37,1.53,2.25,1.6,2.25,1.57,2.38,1.67,2.25,1.57,2.5,1.67,2.26,1.6
WTA,2010,27,Paris,French Open,2010-05-28,Grand Slam,Outdoor,Clay,3rd Round,3,Kirilenko M.,Kuznetsova S.,30.0,6.0,1710.0,4661.0,6.0,3.0,2.0,6.0,6.0,4.0,2.0,1.0,Completed,3.0,1.36,2.8,1.4,2.63,1.44,3.01,1.45,2.75,1.4,3.05,1.45,2.82,1.4
WTA,2010,27,Paris,French Open,2010-05-28,Grand Slam,Outdoor,Clay,3rd Round,3,Schiavone F.,Li N.,17.0,12.0,2995.0,3515.0,6.0,4.0,6.0,2.0,,,2.0,0.0,Completed,2.2,1.61,2.05,1.72,2.1,1.67,2.23,1.75,2.1,1.67,2.3,1.75,2.11,1.68
WTA,2010,27,Paris,French Open,2010-05-29,Grand Slam,Outdoor,Clay,3rd Round,3,Groth J.,Rodionova An.,107.0,92.0,597.0,699.0,6.0,3.0,5.0,7.0,6.0,2.0,2.0,1.0,Completed,2.25,1.57,2.25,1.6,2.1,1.67,2.15,1.8,2.25,1.57,2.3,1.8,2.14,1.66
WTA,2010,27,Paris,French Open,2010-05-29,Grand Slam,Outdoor,Clay,3rd Round,3,Williams S.,Pavlyuchenkova A.,1.0,29.0,8475.0,1850.0,6.0,1.0,1.0,6.0,6.0,2.0,2.0,1.0,Completed,1.08,7.0,1.12,5.75,1.11,6.0,1.12,7.94,1.1,7.0,1.13,8.4,1.1,6.51
WTA,2010,27,Paris,French Open,2010-05-29,Grand Slam,Outdoor,Clay,3rd Round,3,Shvedova Y.,Kleybanova A.,36.0,28.0,1550.0,1855.0,6.0,2.0,4.0,6.0,6.0,0.0,2.0,1.0,Completed,2.62,1.44,2.45,1.5,2.63,1.44,2.65,1.56,2.5,1.5,2.75,1.57,2.48,1.5
WTA,2010,27,Paris,French Open,2010-05-29,Grand Slam,Outdoor,Clay,3rd Round,3,Hantuchova D.,Wickmayer Y.,26.0,16.0,2010.0,3050.0,7.0,5.0,6.0,3.0,,,2.0,0.0,Completed,1.83,1.83,1.9,1.85,1.91,1.8,1.93,1.99,1.83,1.83,2.0,2.05,1.87,1.86
WTA,2010,27,Paris,French Open,2010-05-29,Grand Slam,Outdoor,Clay,3rd Round,3,Petrova N.,Rezai A.,20.0,19.0,2795.0,2875.0,6.0,7.0,6.0,4.0,10.0,8.0,2.0,1.0,Completed,2.0,1.72,2.1,1.7,2.1,1.67,2.09,1.85,2.1,1.67,2.1,1.85,2.01,1.74
WTA,2010,27,Paris,French Open,2010-05-29,Grand Slam,Outdoor,Clay,3rd Round,3,Peer S.,Bartoli M.,18.0,14.0,2895.0,3186.0,7.0,6.0,6.0,2.0,,,2.0,0.0,Completed,1.4,2.75,1.45,2.6,1.44,2.63,1.39,3.33,1.4,2.75,1.5,3.33,1.41,2.8
WTA,2010,27,Paris,French Open,2010-05-29,Grand Slam,Outdoor,Clay,3rd Round,3,Stosur S.,Pivovarova A.,7.0,187.0,4405.0,287.0,6.0,3.0,6.0,2.0,,,2.0,0.0,Completed,1.1,6.5,1.1,6.25,1.13,5.5,1.15,6.58,1.1,6.0,1.15,7.25,1.11,6.0
WTA,2010,27,Paris,French Open,2010-05-29,Grand Slam,Outdoor,Clay,3rd Round,3,Jankovic J.,Bondarenko A.,4.0,31.0,5160.0,1700.0,6.0,4.0,7.0,6.0,,,2.0,0.0,Completed,1.16,4.5,1.2,4.25,1.22,4.0,1.23,4.92,1.22,3.75,1.23,4.92,1.2,4.32
WTA,2010,27,Paris,French Open,2010-05-30,Grand Slam,Outdoor,Clay,3rd Round,3,Henin J.,Sharapova M.,23.0,13.0,2575.0,3350.0,6.0,2.0,3.0,6.0,6.0,3.0,2.0,1.0,Completed,1.25,3.75,1.3,3.3,1.29,3.5,1.3,3.99,1.25,3.75,1.35,4.3,1.27,3.65
WTA,2010,27,Paris,French Open,2010-05-30,Grand Slam,Outdoor,Clay,4th Round,3,Schiavone F.,Kirilenko M.,17.0,30.0,2995.0,1710.0,6.0,4.0,6.0,4.0,,,2.0,0.0,Completed,1.4,2.75,1.45,2.6,1.44,2.63,1.53,2.74,1.4,2.75,1.53,2.8,1.46,2.63
WTA,2010,27,Paris,French Open,2010-05-30,Grand Slam,Outdoor,Clay,4th Round,3,Dementieva E.,Scheepers C.,5.0,131.0,4830.0,473.0,6.0,1.0,6.0,3.0,,,2.0,0.0,Completed,1.11,6.0,1.15,5.0,1.14,5.0,1.18,5.84,1.13,5.5,1.18,6.5,1.13,5.52
WTA,2010,27,Paris,French Open,2010-05-30,Grand Slam,Outdoor,Clay,4th Round,3,Wozniacki C.,Pennetta F.,3.0,15.0,5630.0,3175.0,7.0,6.0,6.0,7.0,6.0,2.0,2.0,1.0,Completed,1.57,2.25,1.75,2.0,1.67,2.1,1.71,2.3,1.67,2.2,1.8,2.38,1.7,2.1
WTA,2010,27,Paris,French Open,2010-05-30,Grand Slam,Outdoor,Clay,4th Round,3,Petrova N.,Williams V.,20.0,2.0,2795.0,6386.0,6.0,4.0,6.0,3.0,,,2.0,0.0,Completed,3.0,1.36,3.0,1.35,3.0,1.36,3.2,1.41,3.0,1.36,3.3,1.41,3.01,1.37
WTA,2010,27,Paris,French Open,2010-05-31,Grand Slam,Outdoor,Clay,4th Round,3,Williams S.,Peer S.,1.0,18.0,8475.0,2895.0,6.0,2.0,6.0,2.0,,,2.0,0.0,Completed,1.12,5.5,1.2,4.25,1.17,4.5,1.19,5.57,1.17,5.0,1.2,6.0,1.17,4.78
WTA,2010,27,Paris,French Open,2010-05-31,Grand Slam,Outdoor,Clay,4th Round,3,Stosur S.,Henin J.,7.0,23.0,4405.0,2575.0,2.0,6.0,6.0,1.0,6.0,4.0,2.0,1.0,Completed,3.75,1.25,3.3,1.3,3.75,1.25,4.51,1.25,3.75,1.25,4.51,1.32,3.62,1.27
WTA,2010,27,Paris,French Open,2010-05-31,Grand Slam,Outdoor,Clay,4th Round,3,Jankovic J.,Hantuchova D.,4.0,26.0,5160.0,2010.0,6.0,4.0,6.0,2.0,,,2.0,0.0,Completed,1.36,3.0,1.4,2.8,1.36,3.0,1.45,3.02,1.4,2.88,1.45,3.03,1.4,2.87
WTA,2010,27,Paris,French Open,2010-05-31,Grand Slam,Outdoor,Clay,4th Round,3,Shvedova Y.,Groth J.,36.0,107.0,1550.0,597.0,6.0,4.0,6.0,3.0,,,2.0,0.0,Completed,1.25,3.75,1.3,3.3,1.3,3.4,1.28,4.23,1.29,3.5,1.36,4.23,1.31,3.34
WTA,2010,27,Paris,French Open,2010-06-01,Grand Slam,Outdoor,Clay,Quarterfinals,3,Schiavone F.,Wozniacki C.,17.0,3.0,2995.0,5630.0,6.0,2.0,6.0,3.0,,,2.0,0.0,Completed,2.75,1.44,2.35,1.55,2.63,1.44,2.6,1.57,2.75,1.44,2.75,1.57,2.55,1.5
WTA,2010,27,Paris,French Open,2010-06-01,Grand Slam,Outdoor,Clay,Quarterfinals,3,Dementieva E.,Petrova N.,5.0,20.0,4830.0,2795.0,2.0,6.0,6.0,2.0,6.0,0.0,2.0,1.0,Completed,2.5,1.53,2.35,1.55,2.5,1.5,2.74,1.53,2.25,1.62,2.74,1.63,2.46,1.53
WTA,2010,27,Paris,French Open,2010-06-02,Grand Slam,Outdoor,Clay,Quarterfinals,3,Stosur S.,Williams S.,7.0,1.0,4405.0,8475.0,6.0,2.0,6.0,7.0,8.0,6.0,2.0,1.0,Completed,2.75,1.44,2.6,1.45,3.0,1.36,2.88,1.49,2.88,1.4,3.2,1.49,2.81,1.41
WTA,2010,27,Paris,French Open,2010-06-02,Grand Slam,Outdoor,Clay,Quarterfinals,3,Jankovic J.,Shvedova Y.,4.0,36.0,5160.0,1550.0,7.0,5.0,6.0,4.0,,,2.0,0.0,Completed,1.22,4.33,1.2,4.25,1.22,4.0,1.26,4.45,1.2,4.33,1.27,4.5,1.22,4.18
WTA,2010,27,Paris,French Open,2010-06-03,Grand Slam,Outdoor,Clay,Semifinals,3,Schiavone F.,Dementieva E.,17.0,5.0,2995.0,4830.0,7.0,6.0,,,,,1.0,0.0,Retired,1.8,2.0,1.85,1.85,1.83,1.83,1.84,2.1,1.83,1.91,1.91,2.1,1.82,1.93
WTA,2010,27,Paris,French Open,2010-06-03,Grand Slam,Outdoor,Clay,Semifinals,3,Stosur S.,Jankovic J.,7.0,4.0,4405.0,5160.0,6.0,1.0,6.0,2.0,,,2.0,0.0,Completed,1.66,2.2,1.62,2.25,1.67,2.1,1.76,2.22,1.67,2.2,1.76,2.4,1.66,2.18
WTA,2010,27,Paris,French Open,2010-06-05,Grand Slam,Outdoor,Clay,The Final,3,Schiavone F.,Stosur S.,17.0,7.0,2995.0,4405.0,6.0,4.0,7.0,6.0,,,2.0,0.0,Completed,4.5,1.2,4.25,1.2,4.33,1.2,4.72,1.24,4.5,1.2,5.2,1.25,4.47,1.2
WTA,2010,31,London,Wimbledon,2010-06-21,Grand Slam,Outdoor,Grass,1st Round,3,Zvonareva V.,Llagostera Vives N.,21.0,177.0,2725.0,305.0,6.0,4.0,6.0,1.0,,,2.0,0.0,Completed,1.12,5.5,1.12,5.5,1.13,5.5,1.19,5.62,1.17,4.5,1.21,6.0,1.15,5.09
WTA,2010,31,London,Wimbledon,2010-06-21,Grand Slam,Outdoor,Grass,1st Round,3,Petrova N.,Malek T.,14.0,94.0,3195.0,685.0,6.0,4.0,6.0,3.0,,,2.0,0.0,Completed,1.1,6.5,1.12,5.5,1.14,5.0,1.14,6.92,1.14,5.0,1.21,6.92,1.13,5.62
WTA,2010,31,London,Wimbledon,2010-06-21,Grand Slam,Outdoor,Grass,1st Round,3,Bartoli M.,Goerges J.,13.0,72.0,3246.0,902.0,6.0,4.0,6.0,3.0,,,2.0,0.0,Completed,1.12,5.5,1.15,4.85,1.14,5.0,1.19,5.57,1.17,4.5,1.24,6.0,1.16,4.97
WTA,2010,31,London,Wimbledon,2010-06-21,Grand Slam,Outdoor,Grass,1st Round,3,Martic P.,Baltacha E.,76.0,52.0,839.0,1179.0,2.0,6.0,7.0,5.0,6.0,3.0,2.0,1.0,Completed,3.75,1.25,3.1,1.33,3.4,1.3,3.76,1.33,3.25,1.29,4.15,1.37,3.45,1.29
WTA,2010,31,London,Wimbledon,2010-06-21,Grand Slam,Outdoor,Grass,1st Round,3,Kirilenko M.,Voegele S.,28.0,87.0,1985.0,741.0,2.0,6.0,6.0,4.0,7.0,5.0,2.0,1.0,Completed,1.44,2.62,1.4,2.8,1.4,2.75,1.44,3.09,1.5,2.5,1.55,3.09,1.45,2.67
WTA,2010,31,London,Wimbledon,2010-06-21,Grand Slam,Outdoor,Grass,1st Round,3,Perry S.,Yakimova A.,123.0,142.0,512.0,427.0,6.0,2.0,4.0,6.0,9.0,7.0,2.0,1.0,Completed,1.61,2.2,1.55,2.3,1.57,2.25,1.61,2.52,1.57,2.25,1.76,2.52,1.64,2.19
WTA,2010,31,London,Wimbledon,2010-06-21,Grand Slam,Outdoor,Grass,1st Round,3,Clijsters K.,Camerin M.E.,8.0,121.0,4010.0,529.0,6.0,0.0,6.0,3.0,,,2.0,0.0,Completed,1.02,12.0,1.02,12.0,1.03,10.0,1.03,21.0,1.03,10.0,1.08,25.0,1.02,13.03
WTA,2010,31,London,Wimbledon,2010-06-21,Grand Slam,Outdoor,Grass,1st Round,3,Sprem K.,Mattek-Sands B.,104.0,102.0,633.0,640.0,6.0,3.0,6.0,4.0,,,2.0,0.0,Completed,1.83,1.83,1.85,1.9,1.83,1.83,1.95,1.97,1.83,1.83,1.95,2.1,1.85,1.88
WTA,2010,31,London,Wimbledon,2010-06-21,Grand Slam,Outdoor,Grass,1st Round,3,Chan Y.J.,Schnyder P.,84.0,58.0,768.0,1090.0,6.0,0.0,6.0,2.0,,,2.0,0.0,Completed,2.37,1.53,2.25,1.6,2.25,1.57,2.8,1.51,2.5,1.5,2.8,1.67,2.33,1.57
WTA,2010,31,London,Wimbledon,2010-06-21,Grand Slam,Outdoor,Grass,1st Round,3,Kudryavtseva A.,Arvidsson S.,86.0,65.0,741.0,1017.0,6.0,4.0,6.0,1.0,,,2.0,0.0,Completed,1.4,2.75,1.5,2.45,1.44,2.63,1.49,2.86,1.44,2.63,1.55,2.86,1.47,2.59
WTA,2010,31,London,Wimbledon,2010-06-21,Grand Slam,Outdoor,Grass,1st Round,3,Wozniak A.,Daniilidou E.,60.0,189.0,1085.0,275.0,7.0,5.0,7.0,5.0,,,2.0,0.0,Completed,1.57,2.25,1.65,2.15,1.67,2.1,1.77,2.2,1.67,2.1,1.84,2.4,1.65,2.18
WTA,2010,31,London,Wimbledon,2010-06-21,Grand Slam,Outdoor,Grass,1st Round,3,Shvedova Y.,Hercog P.,29.0,51.0,1860.0,1190.0,6.0,1.0,6.0,4.0,,,2.0,0.0,Completed,1.3,3.4,1.3,3.3,1.36,3.0,1.41,3.2,1.33,3.0,1.43,3.59,1.33,3.22
WTA,2010,31,London,Wimbledon,2010-06-21,Grand Slam,Outdoor,Grass,1st Round,3,Hlavackova A.,Lertcheewakarn N.,147.0,303.0,414.0,149.0,6.0,3.0,6.0,2.0,,,2.0,0.0,Completed,1.53,2.37,1.65,2.15,1.57,2.25,1.67,2.38,1.62,2.2,1.75,2.41,1.61,2.26
WTA,2010,31,London,Wimbledon,2010-06-21,Grand Slam,Outdoor,Grass,1st Round,3,Dushevina V.,Schiavone F.,56.0,7.0,1140.0,4920.0,6.0,7.0,7.0,5.0,6.0,1.0,2.0,1.0,Completed,2.62,1.44,2.45,1.5,2.75,1.4,2.93,1.47,2.75,1.4,2.93,1.53,2.63,1.46
WTA,2010,31,London,Wimbledon,2010-06-21,Grand Slam,Outdoor,Grass,1st Round,3,Kleybanova A.,Zahlavova S.,27.0,78.0,2010.0,797.0,6.0,2.0,6.0,3.0,,,2.0,0.0,Completed,1.14,5.0,1.18,4.5,1.2,4.33,1.2,5.38,1.14,5.0,1.24,5.53,1.18,4.65
WTA,2010,31,London,Wimbledon,2010-06-21,Grand Slam,Outdoor,Grass,1st Round,3,Kulikova R.,South M.,69.0,237.0,961.0,214.0,6.0,1.0,6.0,2.0,,,2.0,0.0,Completed,1.16,4.5,1.25,3.6,1.25,3.75,1.27,4.27,1.25,3.5,1.36,4.57,1.24,3.92
WTA,2010,31,London,Wimbledon,2010-06-21,Grand Slam,Outdoor,Grass,1st Round,3,Molik A.,Kucova Z.,97.0,112.0,666.0,587.0,6.0,2.0,7.0,5.0,,,2.0,0.0,Completed,1.4,2.75,1.4,2.8,1.5,2.5,1.47,2.95,1.5,2.5,1.52,3.0,1.43,2.71
WTA,2010,31,London,Wimbledon,2010-06-21,Grand Slam,Outdoor,Grass,1st Round,3,Lepchenko V.,Hradecka L.,99.0,103.0,662.0,638.0,6.0,4.0,7.0,5.0,,,2.0,0.0,Completed,2.37,1.53,2.45,1.5,2.38,1.53,2.48,1.63,2.38,1.53,2.5,1.65,2.36,1.56
WTA,2010,31,London,Wimbledon,2010-06-21,Grand Slam,Outdoor,Grass,1st Round,3,Wickmayer Y.,Riske A.,18.0,145.0,2980.0,418.0,6.0,4.0,5.0,7.0,6.0,3.0,2.0,1.0,Completed,1.36,3.0,1.37,2.9,1.36,3.0,1.43,3.13,1.36,2.88,1.47,3.25,1.38,2.9
WTA,2010,31,London,Wimbledon,2010-06-21,Grand Slam,Outdoor,Grass,1st Round,3,Jankovic J.,Robson L.,3.0,234.0,5780.0,218.0,6.0,3.0,7.0,6.0,,,2.0,0.0,Completed,1.1,6.5,1.1,6.25,1.1,6.5,1.13,7.36,1.07,7.0,1.16,7.5,1.1,6.38
WTA,2010,31,London,Wimbledon,2010-06-21,Grand Slam,Outdoor,Grass,1st Round,3,Pironkova T.,Lapushchenkova A.,82.0,96.0,773.0,669.0,6.0,0.0,7.0,6.0,,,2.0,0.0,Completed,1.4,2.75,1.4,2.8,1.44,2.63,1.56,2.65,1.4,2.75,1.56,2.85,1.45,2.64
WTA,2010,31,London,Wimbledon,2010-06-21,Grand Slam,Outdoor,Grass,1st Round,3,Barrois K.,Koryttseva M.,73.0,122.0,888.0,514.0,6.0,3.0,6.0,4.0,,,2.0,0.0,Completed,1.16,4.5,1.2,4.15,1.25,3.75,1.23,4.8,1.22,3.75,1.31,4.8,1.22,4.09
WTA,2010,31,London,Wimbledon,2010-06-21,Grand Slam,Outdoor,Grass,1st Round,3,Flipkens K.,Dubois S.,59.0,124.0,1089.0,511.0,6.0,4.0,6.0,4.0,,,2.0,0.0,Completed,1.12,5.5,1.17,4.6,1.2,4.33,1.18,5.8,1.17,4.5,1.2,5.8,1.16,4.85
WTA,2010,31,London,Wimbledon,2010-06-21,Grand Slam,Outdoor,Grass,1st Round,3,Groth J.,Voracova R.,92.0,81.0,709.0,778.0,6.0,4.0,6.0,3.0,,,2.0,0.0,Completed,1.25,3.75,1.3,3.3,1.3,3.4,1.3,4.02,1.29,3.25,1.3,4.33,1.27,3.65
WTA,2010,31,London,Wimbledon,2010-06-21,Grand Slam,Outdoor,Grass,1st Round,3,Arn G.,Bondarenko K.,136.0,36.0,451.0,1481.0,7.0,6.0,3.0,6.0,6.0,3.0,2.0,1.0,Completed,3.0,1.36,2.8,1.4,2.75,1.4,3.27,1.4,2.88,1.36,3.3,1.45,2.95,1.37
WTA,2010,31,London,Wimbledon,2010-06-21,Grand Slam,Outdoor,Grass,1st Round,3,Kerber A.,Mirza S.,54.0,111.0,1148.0,592.0,6.0,4.0,6.0,1.0,,,2.0,0.0,Completed,1.53,2.37,1.65,2.15,1.67,2.1,1.66,2.4,1.67,2.1,1.67,2.5,1.61,2.25
WTA,2010,31,London,Wimbledon,2010-06-21,Grand Slam,Outdoor,Grass,1st Round,3,Bondarenko A.,O'Brien K.,30.0,130.0,1855.0,480.0,6.0,3.0,6.0,7.0,6.0,4.0,2.0,1.0,Completed,1.36,3.0,1.4,2.8,1.4,2.75,1.4,3.27,1.36,2.88,1.45,3.3,1.37,2.95
WTA,2010,31,London,Wimbledon,2010-06-21,Grand Slam,Outdoor,Grass,1st Round,3,Henin J.,Sevastova A.,16.0,57.0,3135.0,1136.0,6.0,4.0,6.0,3.0,,,2.0,0.0,Completed,1.02,12.0,1.03,10.0,1.05,8.5,1.08,10.5,1.04,9.0,1.1,13.0,1.05,9.33
WTA,2010,31,London,Wimbledon,2010-06-21,Grand Slam,Outdoor,Grass,1st Round,3,Makarova E.,Szavay A.,67.0,50.0,1009.0,1190.0,6.0,4.0,7.0,6.0,,,2.0,0.0,Completed,1.4,2.75,1.5,2.45,1.5,2.5,1.58,2.59,1.44,2.63,1.58,2.75,1.46,2.62
WTA,2010,31,London,Wimbledon,2010-06-21,Grand Slam,Outdoor,Grass,1st Round,3,Oudin M.,Groenefeld A.L.,35.0,98.0,1513.0,665.0,6.0,3.0,6.0,0.0,,,2.0,0.0,Completed,1.25,3.75,1.35,3.0,1.33,3.25,1.37,3.45,1.33,3.0,1.37,3.85,1.31,3.35
WTA,2010,31,London,Wimbledon,2010-06-21,Grand Slam,Outdoor,Grass,1st Round,3,Williams V.,De Los Rios R.,2.0,91.0,6506.0,712.0,6.0,3.0,6.0,2.0,,,2.0,0.0,Completed,1.01,15.0,1.01,15.0,1.01,17.0,1.02,33.5,1.01,15.0,1.03,32.0,1.02,15.62
WTA,2010,31,London,Wimbledon,2010-06-21,Grand Slam,Outdoor,Grass,1st Round,3,Peer S.,Ivanovic A.,15.0,45.0,3175.0,1312.0,6.0,3.0,6.0,4.0,,,2.0,0.0,Completed,1.61,2.2,1.65,2.15,1.73,2.0,1.75,2.24,1.67,2.1,1.75,2.25,1.69,2.12
WTA,2010,31,London,Wimbledon,2010-06-22,Grand Slam,Outdoor,Grass,1st Round,3,Radwanska A.,Czink M.,9.0,70.0,3950.0,947.0,6.0,3.0,6.0,3.0,,,2.0,0.0,Completed,1.05,9.0,1.06,8.0,1.07,7.5,1.08,10.25,1.06,7.5,1.11,10.45,1.07,7.89
WTA,2010,31,London,Wimbledon,2010-06-22,Grand Slam,Outdoor,Grass,1st Round,3,Pennetta F.,Medina Garrigues A.,10.0,39.0,3450.0,1365.0,6.0,4.0,6.0,0.0,,,2.0,0.0,Completed,1.25,3.75,1.3,3.25,1.33,3.25,1.3,3.96,1.33,3.0,1.39,4.0,1.3,3.37
WTA,2010,31,London,Wimbledon,2010-06-22,Grand Slam,Outdoor,Grass,1st Round,3,Rodionova An.,Keothavong A.,74.0,155.0,865.0,384.0,3.0,6.0,6.0,2.0,6.0,4.0,2.0,1.0,Completed,1.5,2.5,1.6,2.25,1.53,2.38,1.63,2.47,1.53,2.38,1.67,2.6,1.57,2.33
WTA,2010,31,London,Wimbledon,2010-06-22,Grand Slam,Outdoor,Grass,1st Round,3,Chakvetadze A.,Petkovic A.,118.0,33.0,542.0,1685.0,3.0,6.0,6.0,4.0,6.0,4.0,2.0,1.0,Completed,2.62,1.44,2.45,1.5,2.38,1.53,2.68,1.55,2.5,1.5,2.8,1.62,2.46,1.52
WTA,2010,31,London,Wimbledon,2010-06-22,Grand Slam,Outdoor,Grass,1st Round,3,Kuznetsova S.,Amanmuradova A.,19.0,93.0,2940.0,700.0,6.0,2.0,6.0,7.0,6.0,4.0,2.0,1.0,Completed,1.07,7.5,1.1,6.25,1.13,5.5,1.11,8.36,1.13,5.5,1.13,8.51,1.09,6.72
WTA,2010,31,London,Wimbledon,2010-06-22,Grand Slam,Outdoor,Grass,1st Round,3,Zheng J.,Parmentier P.,24.0,106.0,2296.0,626.0,7.0,5.0,6.0,4.0,,,2.0,0.0,Completed,1.1,6.5,1.1,6.25,1.1,6.5,1.14,6.92,1.13,5.5,1.16,7.1,1.12,5.94
WTA,2010,31,London,Wimbledon,2010-06-22,Grand Slam,Outdoor,Grass,1st Round,3,Williams S.,Larcherde Brito M.,1.0,148.0,8475.0,413.0,6.0,0.0,6.0,4.0,,,2.0,0.0,Completed,1.01,15.0,1.01,15.0,1.02,11.0,1.02,36.0,1.02,13.0,1.05,36.0,1.02,15.26
WTA,2010,31,London,Wimbledon,2010-06-22,Grand Slam,Outdoor,Grass,1st Round,3,Gallovits E.,Bacsinszky T.,90.0,37.0,713.0,1422.0,4.0,6.0,7.0,5.0,6.0,3.0,2.0,1.0,Completed,2.5,1.5,2.45,1.5,2.63,1.44,2.56,1.59,2.75,1.4,2.75,1.59,2.5,1.5
WTA,2010,31,London,Wimbledon,2010-06-22,Grand Slam,Outdoor,Grass,1st Round,3,Kanepi K.,Stosur S.,80.0,6.0,780.0,5045.0,6.0,4.0,6.0,4.0,,,2.0,0.0,Completed,3.0,1.36,2.8,1.4,3.0,1.36,3.06,1.44,3.0,1.33,3.1,1.46,2.88,1.39
WTA,2010,31,London,Wimbledon,2010-06-22,Grand Slam,Outdoor,Grass,1st Round,3,Brianti A.,Craybas J.,75.0,100.0,846.0,648.0,6.0,2.0,7.0,5.0,,,2.0,0.0,Completed,1.72,2.0,1.8,1.95,1.83,1.83,1.79,2.16,1.83,1.83,2.0,2.16,1.79,1.95
WTA,2010,31,London,Wimbledon,2010-06-22,Grand Slam,Outdoor,Grass,1st Round,3,Niculescu M.,Dulko G.,137.0,42.0,439.0,1347.0,6.0,3.0,6.0,2.0,,,2.0,0.0,Completed,3.0,1.36,2.8,1.4,2.75,1.4,3.11,1.43,2.63,1.44,3.16,1.45,2.83,1.4
WTA,2010,31,London,Wimbledon,2010-06-22,Grand Slam,Outdoor,Grass,1st Round,3,Oprandi R.,Watson H.,139.0,249.0,436.0,200.0,6.0,4.0,1.0,6.0,6.0,3.0,2.0,1.0,Completed,2.0,1.72,1.95,1.8,2.0,1.73,2.24,1.75,1.83,1.83,2.24,1.83,2.01,1.75
WTA,2010,31,London,Wimbledon,2010-06-22,Grand Slam,Outdoor,Grass,1st Round,3,Kvitova P.,Cirstea S.,62.0,55.0,1080.0,1141.0,6.0,2.0,6.0,2.0,,,2.0,0.0,Completed,2.25,1.57,2.15,1.65,2.2,1.62,2.38,1.67,2.1,1.67,2.5,1.69,2.22,1.62
WTA,2010,31,London,Wimbledon,2010-06-22,Grand Slam,Outdoor,Grass,1st Round,3,Zakopalova K.,Meusburger Y.,66.0,83.0,1013.0,772.0,6.0,7.0,6.0,1.0,6.0,0.0,2.0,1.0,Completed,1.28,3.5,1.35,3.0,1.36,3.0,1.34,3.67,1.33,3.0,1.4,3.67,1.33,3.17
WTA,2010,31,London,Wimbledon,2010-06-22,Grand Slam,Outdoor,Grass,1st Round,3,Olaru I.,Cornet A.,114.0,77.0,558.0,800.0,5.0,7.0,6.0,4.0,6.0,4.0,2.0,1.0,Completed,2.5,1.5,2.25,1.6,2.25,1.57,2.6,1.57,2.2,1.62,2.61,1.65,2.34,1.57
WTA,2010,31,London,Wimbledon,2010-06-22,Grand Slam,Outdoor,Grass,1st Round,3,Cibulkova D.,Safarova L.,46.0,26.0,1275.0,2075.0,7.0,6.0,6.0,4.0,,,2.0,0.0,Completed,2.1,1.66,2.05,1.7,2.0,1.73,2.11,1.84,2.1,1.67,2.12,1.85,2.02,1.74
WTA,2010,31,London,Wimbledon,2010-06-22,Grand Slam,Outdoor,Grass,1st Round,3,Sharapova M.,Pivovarova A.,17.0,127.0,3080.0,499.0,6.0,1.0,6.0,0.0,,,2.0,0.0,Completed,1.04,10.0,1.05,8.5,1.05,8.5,1.05,14.8,1.05,8.0,1.08,14.8,1.04,10.13
WTA,2010,31,London,Wimbledon,2010-06-22,Grand Slam,Outdoor,Grass,1st Round,3,Dulgheru A.,Date Krumm K.,31.0,64.0,1855.0,1054.0,6.0,2.0,6.0,7.0,6.0,1.0,2.0,1.0,Completed,1.4,2.75,1.45,2.6,1.44,2.63,1.47,2.97,1.4,2.75,1.55,2.97,1.45,2.63
WTA,2010,31,London,Wimbledon,2010-06-22,Grand Slam,Outdoor,Grass,1st Round,3,Vinci R.,Bammer S.,49.0,48.0,1190.0,1210.0,6.0,3.0,6.0,3.0,,,2.0,0.0,Completed,1.57,2.25,1.65,2.2,1.62,2.2,1.6,2.53,1.67,2.1,1.83,2.53,1.63,2.22
WTA,2010,31,London,Wimbledon,2010-06-22,Grand Slam,Outdoor,Grass,1st Round,3,Li N.,Scheepers C.,12.0,88.0,3416.0,738.0,7.0,6.0,6.0,2.0,,,2.0,0.0,Completed,1.06,8.0,1.1,6.25,1.07,7.5,1.09,9.5,1.08,6.5,1.12,9.5,1.08,7.49
WTA,2010,31,London,Wimbledon,2010-06-22,Grand Slam,Outdoor,Grass,1st Round,3,Wozniacki C.,Garbin T.,4.0,53.0,5630.0,1150.0,6.0,1.0,6.0,1.0,,,2.0,0.0,Completed,1.04,10.0,1.04,9.25,1.05,8.5,1.05,14.8,1.05,8.0,1.09,14.8,1.04,9.79
WTA,2010,31,London,Wimbledon,2010-06-22,Grand Slam,Outdoor,Grass,1st Round,3,Morita A.,Tanasugarn T.,101.0,105.0,642.0,632.0,7.0,5.0,6.0,1.0,,,2.0,0.0,Completed,4.33,1.2,3.75,1.25,3.5,1.29,3.92,1.31,3.5,1.25,4.33,1.31,3.81,1.25
WTA,2010,31,London,Wimbledon,2010-06-22,Grand Slam,Outdoor,Grass,1st Round,3,Pavlyuchenkova A.,Benesova I.,32.0,61.0,1850.0,1085.0,6.0,3.0,6.0,4.0,,,2.0,0.0,Completed,1.16,4.5,1.22,4.0,1.22,4.0,1.23,4.8,1.2,4.0,1.27,4.8,1.22,4.13
WTA,2010,31,London,Wimbledon,2010-06-22,Grand Slam,Outdoor,Grass,1st Round,3,Azarenka V.,Lucic M.,11.0,182.0,3430.0,298.0,6.0,3.0,6.0,3.0,,,2.0,0.0,Completed,1.2,4.33,1.28,3.5,1.22,4.0,1.26,4.37,1.22,3.75,1.3,4.5,1.23,4.0
WTA,2010,31,London,Wimbledon,2010-06-22,Grand Slam,Outdoor,Grass,1st Round,3,Rezai A.,Rybarikova M.,20.0,63.0,2825.0,1055.0,6.0,7.0,6.0,2.0,7.0,5.0,2.0,1.0,Completed,1.4,2.75,1.45,2.6,1.4,2.75,1.5,2.83,1.36,2.88,1.51,2.95,1.42,2.73
WTA,2010,31,London,Wimbledon,2010-06-22,Grand Slam,Outdoor,Grass,1st Round,3,Parra Santonja A.,Govortsova O.,47.0,38.0,1227.0,1410.0,6.0,3.0,2.0,6.0,6.0,4.0,2.0,1.0,Completed,2.62,1.44,2.35,1.55,2.25,1.57,2.68,1.55,2.25,1.57,2.7,1.61,2.42,1.53
WTA,2010,31,London,Wimbledon,2010-06-22,Grand Slam,Outdoor,Grass,1st Round,3,Errani S.,Coin J.,34.0,95.0,1660.0,673.0,6.0,2.0,6.0,4.0,,,2.0,0.0,Completed,1.36,3.0,1.35,3.0,1.33,3.25,1.46,2.98,1.33,3.0,1.48,3.55,1.38,2.94
WTA,2010,31,London,Wimbledon,2010-06-22,Grand Slam,Outdoor,Grass,1st Round,3,Jovanovski B.,Dellacqua C.,107.0,208.0,620.0,250.0,6.0,1.0,6.0,0.0,,,2.0,0.0,Completed,1.61,2.2,1.75,2.0,1.72,2.0,1.69,2.33,1.67,2.1,,,,
WTA,2010,31,London,Wimbledon,2010-06-22,Grand Slam,Outdoor,Grass,1st Round,3,Zahlavova Strycova B.,Vesnina E.,68.0,41.0,983.0,1350.0,6.0,1.0,6.0,3.0,,,2.0,0.0,Completed,2.37,1.53,2.35,1.55,2.5,1.5,2.38,1.67,2.38,1.53,2.55,1.67,2.34,1.57
WTA,2010,31,London,Wimbledon,2010-06-22,Grand Slam,Outdoor,Grass,1st Round,3,Nara K.,Duque Marino M.,149.0,115.0,405.0,558.0,6.0,4.0,6.0,2.0,,,2.0,0.0,Completed,1.36,3.0,1.4,2.8,1.44,2.63,1.44,3.06,1.44,2.63,1.48,3.06,1.41,2.79
WTA,2010,31,London,Wimbledon,2010-06-22,Grand Slam,Outdoor,Grass,1st Round,3,Chang K.C.,Rus A.,89.0,120.0,718.0,532.0,6.0,0.0,2.0,6.0,6.0,3.0,2.0,1.0,Completed,2.62,1.44,2.5,1.5,2.5,1.5,2.98,1.46,2.5,1.5,2.98,1.6,2.58,1.48
WTA,2010,31,London,Wimbledon,2010-06-23,Grand Slam,Outdoor,Grass,1st Round,3,Hantuchova D.,King V.,25.0,71.0,2285.0,940.0,6.0,7.0,7.0,6.0,6.0,3.0,2.0,1.0,Completed,1.11,6.0,1.14,5.2,1.14,5.0,1.15,6.77,1.14,5.0,1.19,6.4,1.13,5.53
WTA,2010,31,London,Wimbledon,2010-06-23,Grand Slam,Outdoor,Grass,2nd Round,3,Bartoli M.,Martic P.,13.0,76.0,3246.0,839.0,,,,,,,,,Walkover,1.12,5.5,1.16,4.75,1.17,4.5,1.17,6.08,1.17,4.5,1.21,6.0,1.15,5.12
WTA,2010,31,London,Wimbledon,2010-06-23,Grand Slam,Outdoor,Grass,2nd Round,3,Arn G.,Molik A.,136.0,97.0,451.0,666.0,7.0,5.0,6.0,4.0,,,2.0,0.0,Completed,2.25,1.57,2.25,1.6,2.1,1.67,2.19,1.78,2.2,1.62,2.36,1.78,2.18,1.64
WTA,2010,31,London,Wimbledon,2010-06-23,Grand Slam,Outdoor,Grass,2nd Round,3,Henin J.,Barrois K.,16.0,73.0,3135.0,888.0,6.0,3.0,7.0,5.0,,,2.0,0.0,Completed,1.05,9.0,1.05,8.5,1.05,8.5,1.06,13.4,1.04,9.0,1.1,13.4,1.05,9.59
WTA,2010,31,London,Wimbledon,2010-06-23,Grand Slam,Outdoor,Grass,2nd Round,3,Kerber A.,Peer S.,54.0,15.0,1148.0,3175.0,3.0,6.0,6.0,3.0,6.0,4.0,2.0,1.0,Completed,3.0,1.36,2.8,1.4,3.0,1.36,3.11,1.43,3.0,1.33,3.3,1.47,2.98,1.37
WTA,2010,31,London,Wimbledon,2010-06-23,Grand Slam,Outdoor,Grass,2nd Round,3,Pironkova T.,Dushevina V.,82.0,56.0,773.0,1140.0,6.0,3.0,6.0,4.0,,,2.0,0.0,Completed,2.62,1.44,2.6,1.45,2.5,1.5,2.92,1.48,2.63,1.44,2.92,1.52,2.65,1.45
WTA,2010,31,London,Wimbledon,2010-06-23,Grand Slam,Outdoor,Grass,2nd Round,3,Kulikova R.,Shvedova Y.,69.0,29.0,961.0,1860.0,6.0,2.0,6.0,4.0,,,2.0,0.0,Completed,2.0,1.72,1.9,1.85,2.1,1.67,2.02,1.91,2.0,1.73,2.15,1.95,1.97,1.77
WTA,2010,31,London,Wimbledon,2010-06-23,Grand Slam,Outdoor,Grass,2nd Round,3,Clijsters K.,Sprem K.,8.0,104.0,4010.0,633.0,6.0,3.0,6.0,2.0,,,2.0,0.0,Completed,1.02,12.0,1.03,10.0,1.05,8.5,1.06,13.0,1.03,11.0,1.1,14.0,1.04,9.97
WTA,2010,31,London,Wimbledon,2010-06-23,Grand Slam,Outdoor,Grass,2nd Round,3,Kirilenko M.,Perry S.,28.0,123.0,1985.0,512.0,6.0,1.0,6.0,4.0,,,2.0,0.0,Completed,1.33,3.25,1.35,3.0,1.33,3.25,1.36,3.49,1.33,3.0,1.43,3.6,1.33,3.17
WTA,2010,31,London,Wimbledon,2010-06-23,Grand Slam,Outdoor,Grass,2nd Round,3,Petrova N.,Chan Y.J.,14.0,84.0,3195.0,768.0,6.0,3.0,6.0,4.0,,,2.0,0.0,Completed,1.08,7.0,1.13,5.25,1.11,6.0,1.19,5.57,1.1,6.0,1.19,8.0,1.11,6.07
WTA,2010,31,London,Wimbledon,2010-06-23,Grand Slam,Outdoor,Grass,2nd Round,3,Williams V.,Makarova E.,2.0,67.0,6506.0,1009.0,6.0,0.0,6.0,4.0,,,2.0,0.0,Completed,1.12,5.5,1.16,4.75,1.13,5.5,1.17,6.04,1.13,5.5,1.23,7.5,1.14,5.36
WTA,2010,31,London,Wimbledon,2010-06-23,Grand Slam,Outdoor,Grass,2nd Round,3,Wickmayer Y.,Flipkens K.,18.0,59.0,2980.0,1089.0,7.0,6.0,6.0,4.0,,,2.0,0.0,Completed,1.5,2.5,1.5,2.5,1.5,2.5,1.6,2.55,1.5,2.5,1.63,2.63,1.53,2.43
WTA,2010,31,London,Wimbledon,2010-06-23,Grand Slam,Outdoor,Grass,2nd Round,3,Groth J.,Oudin M.,92.0,35.0,709.0,1513.0,6.0,4.0,6.0,3.0,,,2.0,0.0,Completed,2.25,1.57,2.25,1.6,2.2,1.62,2.47,1.63,2.1,1.67,2.5,1.75,2.28,1.6
WTA,2010,31,London,Wimbledon,2010-06-23,Grand Slam,Outdoor,Grass,2nd Round,3,Bondarenko A.,Lepchenko V.,30.0,99.0,1855.0,662.0,4.0,6.0,6.0,4.0,6.0,3.0,2.0,1.0,Completed,1.3,3.4,1.3,3.3,1.29,3.5,1.4,3.29,1.29,3.25,1.44,3.5,1.33,3.23
WTA,2010,31,London,Wimbledon,2010-06-23,Grand Slam,Outdoor,Grass,2nd Round,3,Jankovic J.,Wozniak A.,3.0,60.0,5780.0,1085.0,4.0,6.0,6.0,2.0,6.0,4.0,2.0,1.0,Completed,1.12,5.5,1.15,5.0,1.14,5.0,1.18,5.92,1.14,5.0,1.24,6.2,1.15,5.29
WTA,2010,31,London,Wimbledon,2010-06-23,Grand Slam,Outdoor,Grass,2nd Round,3,Zvonareva V.,Hlavackova A.,21.0,147.0,2725.0,414.0,6.0,1.0,6.0,4.0,,,2.0,0.0,Completed,1.11,6.0,1.13,5.25,1.14,5.0,1.15,6.69,1.13,5.5,1.17,6.8,1.12,5.73
WTA,2010,31,London,Wimbledon,2010-06-23,Grand Slam,Outdoor,Grass,2nd Round,3,Kleybanova A.,Kudryavtseva A.,27.0,86.0,2010.0,741.0,6.0,4.0,6.0,2.0,,,2.0,0.0,Completed,1.33,3.25,1.35,3.0,1.33,3.25,1.37,3.46,1.33,3.0,1.42,3.55,1.33,3.23
WTA,2010,31,London,Wimbledon,2010-06-24,Grand Slam,Outdoor,Grass,2nd Round,3,Kanepi K.,Gallovits E.,80.0,90.0,780.0,713.0,6.0,4.0,7.0,5.0,,,2.0,0.0,Completed,1.12,5.5,1.16,4.75,1.17,4.5,1.16,6.46,1.17,4.5,1.19,6.5,1.14,5.23
WTA,2010,31,London,Wimbledon,2010-06-24,Grand Slam,Outdoor,Grass,2nd Round,3,Kvitova P.,Zheng J.,62.0,24.0,1080.0,2296.0,6.0,4.0,2.0,6.0,6.0,2.0,2.0,1.0,Completed,2.25,1.57,2.2,1.6,2.25,1.57,2.3,1.71,2.38,1.53,2.63,1.75,2.25,1.61
WTA,2010,31,London,Wimbledon,2010-06-24,Grand Slam,Outdoor,Grass,2nd Round,3,Radwanska A.,Brianti A.,9.0,75.0,3950.0,846.0,6.0,2.0,6.0,0.0,,,2.0,0.0,Completed,1.11,6.0,1.13,5.3,1.11,6.0,1.13,8.04,1.14,5.0,1.15,8.34,1.11,6.17
WTA,2010,31,London,Wimbledon,2010-06-24,Grand Slam,Outdoor,Grass,2nd Round,3,Sharapova M.,Olaru I.,17.0,114.0,3080.0,558.0,6.0,1.0,6.0,4.0,,,2.0,0.0,Completed,1.02,12.0,1.03,10.0,1.02,11.0,1.03,21.0,1.04,9.0,1.04,25.0,1.02,13.12
WTA,2010,31,London,Wimbledon,2010-06-24,Grand Slam,Outdoor,Grass,2nd Round,3,Azarenka V.,Jovanovski B.,11.0,107.0,3430.0,620.0,6.0,1.0,6.0,4.0,,,2.0,0.0,Completed,1.08,7.0,1.12,5.75,1.08,7.0,1.1,9.05,1.07,7.0,1.12,9.05,1.09,6.9
WTA,2010,31,London,Wimbledon,2010-06-24,Grand Slam,Outdoor,Grass,2nd Round,3,Pennetta F.,Niculescu M.,10.0,137.0,3450.0,439.0,6.0,1.0,6.0,1.0,,,2.0,0.0,Completed,1.14,5.0,1.18,4.5,1.17,4.5,1.19,5.49,1.17,4.5,1.25,5.8,1.17,4.81
WTA,2010,31,London,Wimbledon,2010-06-24,Grand Slam,Outdoor,Grass,2nd Round,3,Dulgheru A.,Oprandi R.,31.0,139.0,1855.0,436.0,6.0,2.0,6.0,0.0,,,2.0,0.0,Completed,1.22,4.0,1.25,3.7,1.25,3.75,1.23,4.76,1.22,3.75,1.27,4.76,1.22,4.09
WTA,2010,31,London,Wimbledon,2010-06-24,Grand Slam,Outdoor,Grass,2nd Round,3,Zakopalova K.,Rezai A.,66.0,20.0,1013.0,2825.0,5.0,7.0,6.0,3.0,6.0,3.0,2.0,1.0,Completed,3.75,1.25,3.3,1.3,3.5,1.29,3.71,1.33,4.0,1.2,4.0,1.37,3.57,1.27
WTA,2010,31,London,Wimbledon,2010-06-24,Grand Slam,Outdoor,Grass,2nd Round,3,Wozniacki C.,Chang K.C.,4.0,89.0,5630.0,718.0,6.0,4.0,6.0,3.0,,,2.0,0.0,Completed,1.02,12.0,1.04,9.0,1.05,8.5,1.05,14.8,1.03,10.0,1.06,16.5,1.04,10.53
WTA,2010,31,London,Wimbledon,2010-06-24,Grand Slam,Outdoor,Grass,2nd Round,3,Zahlavova Strycova B.,Hantuchova D.,68.0,25.0,983.0,2285.0,1.0,6.0,6.0,2.0,6.0,4.0,2.0,1.0,Completed,4.33,1.2,4.25,1.2,4.33,1.2,5.17,1.21,4.0,1.2,5.17,1.23,4.34,1.2
WTA,2010,31,London,Wimbledon,2010-06-24,Grand Slam,Outdoor,Grass,2nd Round,3,Pavlyuchenkova A.,Vinci R.,32.0,49.0,1850.0,1190.0,6.0,2.0,7.0,6.0,,,2.0,0.0,Completed,1.66,2.1,1.68,2.1,1.67,2.1,1.83,2.1,1.57,2.25,1.83,2.25,1.7,2.08
WTA,2010,31,London,Wimbledon,2010-06-24,Grand Slam,Outdoor,Grass,2nd Round,3,Errani S.,Parra Santonja A.,34.0,47.0,1660.0,1227.0,6.0,2.0,6.0,2.0,,,2.0,0.0,Completed,1.5,2.5,1.6,2.25,1.62,2.2,1.62,2.48,1.5,2.5,1.63,2.55,1.57,2.33
WTA,2010,31,London,Wimbledon,2010-06-24,Grand Slam,Outdoor,Grass,2nd Round,3,Rodionova An.,Kuznetsova S.,74.0,19.0,865.0,2940.0,6.0,4.0,2.0,6.0,6.0,4.0,2.0,1.0,Completed,3.5,1.28,3.3,1.3,3.75,1.25,3.97,1.3,3.75,1.22,4.0,1.33,3.59,1.27
WTA,2010,31,London,Wimbledon,2010-06-24,Grand Slam,Outdoor,Grass,2nd Round,3,Cibulkova D.,Morita A.,46.0,101.0,1275.0,642.0,6.0,7.0,7.0,6.0,7.0,5.0,2.0,1.0,Completed,1.25,3.75,1.3,3.3,1.25,3.75,1.34,3.64,1.2,4.0,1.34,4.0,1.28,3.55
WTA,2010,31,London,Wimbledon,2010-06-24,Grand Slam,Outdoor,Grass,2nd Round,3,Li N.,Nara K.,12.0,149.0,3416.0,405.0,6.0,2.0,6.0,4.0,,,2.0,0.0,Completed,1.1,6.5,1.1,6.25,1.08,7.0,1.09,9.95,1.08,6.5,1.11,9.95,1.08,7.15
WTA,2010,31,London,Wimbledon,2010-06-24,Grand Slam,Outdoor,Grass,2nd Round,3,Williams S.,Chakvetadze A.,1.0,118.0,8475.0,542.0,6.0,0.0,6.0,1.0,,,2.0,0.0,Completed,1.02,12.0,1.02,12.0,1.02,11.0,1.03,19.0,1.02,11.0,1.04,19.5,1.02,12.84
WTA,2010,31,London,Wimbledon,2010-06-25,Grand Slam,Outdoor,Grass,3rd Round,3,Bartoli M.,Arn G.,13.0,136.0,3246.0,451.0,6.0,3.0,6.0,4.0,,,2.0,0.0,Completed,1.08,7.0,1.12,5.5,1.13,5.5,1.14,6.95,1.1,6.0,1.14,7.5,1.11,6.15
WTA,2010,31,London,Wimbledon,2010-06-25,Grand Slam,Outdoor,Grass,3rd Round,3,Clijsters K.,Kirilenko M.,8.0,28.0,4010.0,1985.0,6.0,3.0,6.0,3.0,,,2.0,0.0,Completed,1.05,9.0,1.08,6.75,1.06,8.0,1.08,10.5,1.08,6.5,1.1,10.5,1.07,7.73
WTA,2010,31,London,Wimbledon,2010-06-25,Grand Slam,Outdoor,Grass,3rd Round,3,Henin J.,Petrova N.,16.0,14.0,3135.0,3195.0,6.0,1.0,6.0,4.0,,,2.0,0.0,Completed,1.3,3.4,1.35,3.0,1.29,3.5,1.36,3.55,1.33,3.0,1.36,3.55,1.31,3.32
WTA,2010,31,London,Wimbledon,2010-06-25,Grand Slam,Outdoor,Grass,3rd Round,3,Jankovic J.,Bondarenko A.,3.0,30.0,5780.0,1855.0,6.0,0.0,6.0,3.0,,,2.0,0.0,Completed,1.22,4.0,1.3,3.3,1.22,4.0,1.27,4.3,1.22,3.75,1.3,8.8,1.24,3.94
WTA,2010,31,London,Wimbledon,2010-06-25,Grand Slam,Outdoor,Grass,3rd Round,3,Pironkova T.,Kulikova R.,82.0,69.0,773.0,961.0,6.0,4.0,2.0,0.0,,,1.0,0.0,Retired,2.75,1.4,2.5,1.5,2.5,1.5,2.73,1.53,2.63,1.44,2.92,1.53,2.59,1.47
WTA,2010,31,London,Wimbledon,2010-06-25,Grand Slam,Outdoor,Grass,3rd Round,3,Zvonareva V.,Wickmayer Y.,21.0,18.0,2725.0,2980.0,6.0,4.0,6.0,2.0,,,2.0,0.0,Completed,1.66,2.1,1.75,2.0,1.83,1.83,1.7,2.31,1.73,2.0,1.83,2.31,1.75,2.02
WTA,2010,31,London,Wimbledon,2010-06-25,Grand Slam,Outdoor,Grass,3rd Round,3,Williams V.,Kleybanova A.,2.0,27.0,6506.0,2010.0,6.0,4.0,6.0,2.0,,,2.0,0.0,Completed,1.11,6.0,1.15,5.0,1.11,6.0,1.13,7.65,1.13,5.5,1.15,7.7,1.12,5.87
WTA,2010,31,London,Wimbledon,2010-06-25,Grand Slam,Outdoor,Grass,3rd Round,3,Groth J.,Kerber A.,92.0,54.0,709.0,1148.0,6.0,3.0,7.0,5.0,,,2.0,0.0,Completed,2.25,1.57,2.15,1.65,2.1,1.67,2.3,1.71,2.25,1.57,2.35,1.73,2.17,1.65
WTA,2010,31,London,Wimbledon,2010-06-26,Grand Slam,Outdoor,Grass,3rd Round,3,Radwanska A.,Errani S.,9.0,34.0,3950.0,1660.0,6.0,3.0,6.0,1.0,,,2.0,0.0,Completed,1.2,4.33,1.25,3.75,1.22,4.0,1.27,4.3,1.22,4.0,1.28,4.65,1.23,4.0
WTA,2010,31,London,Wimbledon,2010-06-26,Grand Slam,Outdoor,Grass,3rd Round,3,Kvitova P.,Azarenka V.,62.0,11.0,1080.0,3430.0,7.0,5.0,6.0,0.0,,,2.0,0.0,Completed,4.5,1.16,4.25,1.2,4.0,1.22,5.22,1.21,4.0,1.22,5.25,1.27,4.35,1.2
WTA,2010,31,London,Wimbledon,2010-06-26,Grand Slam,Outdoor,Grass,3rd Round,3,Williams S.,Cibulkova D.,1.0,46.0,8475.0,1275.0,6.0,0.0,7.0,5.0,,,2.0,0.0,Completed,1.03,11.0,1.03,10.0,1.02,11.0,1.04,17.0,1.03,11.0,1.06,25.0,1.03,12.72
WTA,2010,31,London,Wimbledon,2010-06-26,Grand Slam,Outdoor,Grass,3rd Round,3,Li N.,Rodionova An.,12.0,74.0,3416.0,865.0,6.0,1.0,6.0,3.0,,,2.0,0.0,Completed,1.16,4.5,1.18,4.5,1.22,4.0,1.21,5.17,1.2,4.33,1.3,5.25,1.19,4.4
WTA,2010,31,London,Wimbledon,2010-06-26,Grand Slam,Outdoor,Grass,3rd Round,3,Wozniacki C.,Pavlyuchenkova A.,4.0,32.0,5630.0,1850.0,7.0,5.0,6.0,4.0,,,2.0,0.0,Completed,1.33,3.25,1.33,3.1,1.29,3.5,1.35,3.56,1.33,3.25,1.4,3.6,1.32,3.28
WTA,2010,31,London,Wimbledon,2010-06-26,Grand Slam,Outdoor,Grass,3rd Round,3,Sharapova M.,Zahlavova Strycova B.,17.0,68.0,3080.0,983.0,7.0,5.0,6.0,3.0,,,2.0,0.0,Completed,1.06,8.0,1.05,8.5,1.06,8.0,1.07,11.25,1.07,8.0,1.11,12.5,1.07,8.19
WTA,2010,31,London,Wimbledon,2010-06-26,Grand Slam,Outdoor,Grass,3rd Round,3,Zakopalova K.,Pennetta F.,66.0,10.0,1013.0,3450.0,6.0,2.0,6.0,3.0,,,2.0,0.0,Completed,3.75,1.25,4.0,1.22,3.75,1.25,4.18,1.28,4.0,1.22,4.55,1.3,3.92,1.23
WTA,2010,31,London,Wimbledon,2010-06-26,Grand Slam,Outdoor,Grass,3rd Round,3,Kanepi K.,Dulgheru A.,80.0,31.0,780.0,1855.0,6.0,1.0,6.0,2.0,,,2.0,0.0,Completed,1.61,2.2,1.6,2.2,1.62,2.2,1.72,2.27,1.67,2.2,1.77,2.3,1.65,2.18
WTA,2010,31,London,Wimbledon,2010-06-28,Grand Slam,Outdoor,Grass,4th Round,3,Li N.,Radwanska A.,12.0,9.0,3416.0,3950.0,6.0,3.0,6.0,2.0,,,2.0,0.0,Completed,1.66,2.1,1.75,2.0,1.73,2.0,1.77,2.2,1.8,2.0,1.8,2.21,1.74,2.04
WTA,2010,31,London,Wimbledon,2010-06-28,Grand Slam,Outdoor,Grass,4th Round,3,Zvonareva V.,Jankovic J.,21.0,3.0,2725.0,5780.0,6.0,1.0,3.0,0.0,,,1.0,0.0,Retired,2.0,1.72,2.0,1.75,2.1,1.67,2.04,1.89,2.1,1.73,2.19,1.89,2.04,1.74
WTA,2010,31,London,Wimbledon,2010-06-28,Grand Slam,Outdoor,Grass,4th Round,3,Pironkova T.,Bartoli M.,82.0,13.0,773.0,3246.0,6.0,4.0,6.0,4.0,,,2.0,0.0,Completed,3.75,1.25,3.3,1.3,3.75,1.25,3.53,1.36,4.0,1.22,4.0,1.36,3.6,1.27
WTA,2010,31,London,Wimbledon,2010-06-28,Grand Slam,Outdoor,Grass,4th Round,3,Williams V.,Groth J.,2.0,92.0,6506.0,709.0,6.0,4.0,7.0,6.0,,,2.0,0.0,Completed,1.02,12.0,1.04,9.0,1.04,9.0,1.03,19.0,1.04,10.0,1.07,20.5,1.03,11.43
WTA,2010,31,London,Wimbledon,2010-06-28,Grand Slam,Outdoor,Grass,4th Round,3,Clijsters K.,Henin J.,8.0,16.0,4010.0,3135.0,2.0,6.0,6.0,2.0,6.0,3.0,2.0,1.0,Completed,2.0,1.72,1.95,1.8,1.91,1.8,2.02,1.9,2.0,1.8,2.06,1.91,1.95,1.81
WTA,2010,31,London,Wimbledon,2010-06-28,Grand Slam,Outdoor,Grass,4th Round,3,Kvitova P.,Wozniacki C.,62.0,4.0,1080.0,5630.0,6.0,2.0,6.0,0.0,,,2.0,0.0,Completed,3.4,1.3,3.35,1.3,3.4,1.3,3.52,1.36,3.5,1.29,3.52,1.38,3.28,1.32
WTA,2010,31,London,Wimbledon,2010-06-28,Grand Slam,Outdoor,Grass,4th Round,3,Kanepi K.,Zakopalova K.,80.0,66.0,780.0,1013.0,6.0,2.0,6.0,4.0,,,2.0,0.0,Completed,1.4,2.75,1.4,2.8,1.4,2.75,1.47,2.93,1.44,2.75,1.5,2.93,1.43,2.75
WTA,2010,31,London,Wimbledon,2010-06-28,Grand Slam,Outdoor,Grass,4th Round,3,Williams S.,Sharapova M.,1.0,17.0,8475.0,3080.0,7.0,6.0,6.0,4.0,,,2.0,0.0,Completed,1.2,4.33,1.22,4.0,1.22,4.0,1.27,4.35,1.22,4.0,1.29,4.55,1.24,3.87
WTA,2010,31,London,Wimbledon,2010-06-29,Grand Slam,Outdoor,Grass,Quarterfinals,3,Zvonareva V.,Clijsters K.,21.0,8.0,2725.0,4010.0,3.0,6.0,6.0,4.0,6.0,2.0,2.0,1.0,Completed,4.33,1.22,3.75,1.25,4.0,1.22,4.27,1.27,4.0,1.22,4.5,1.29,4.03,1.23
WTA,2010,31,London,Wimbledon,2010-06-29,Grand Slam,Outdoor,Grass,Quarterfinals,3,Pironkova T.,Williams V.,82.0,2.0,773.0,6506.0,6.0,2.0,6.0,3.0,,,2.0,0.0,Completed,8.0,1.07,6.5,1.1,7.5,1.07,7.29,1.13,7.0,1.1,8.0,1.13,6.65,1.1
WTA,2010,31,London,Wimbledon,2010-06-29,Grand Slam,Outdoor,Grass,Quarterfinals,3,Kvitova P.,Kanepi K.,62.0,80.0,1080.0,780.0,4.0,6.0,7.0,6.0,8.0,6.0,2.0,1.0,Completed,1.57,2.37,1.6,2.25,1.53,2.38,1.63,2.47,1.62,2.25,1.66,2.6,1.58,2.32
WTA,2010,31,London,Wimbledon,2010-06-29,Grand Slam,Outdoor,Grass,Quarterfinals,3,Williams S.,Li N.,1.0,12.0,8475.0,3416.0,7.0,5.0,6.0,3.0,,,2.0,0.0,Completed,1.14,5.5,1.18,4.5,1.14,5.0,1.22,5.01,1.14,5.5,1.22,5.5,1.17,4.89
WTA,2010,31,London,Wimbledon,2010-07-01,Grand Slam,Outdoor,Grass,Semifinals,3,Zvonareva V.,Pironkova T.,21.0,82.0,2725.0,773.0,3.0,6.0,6.0,3.0,6.0,2.0,2.0,1.0,Completed,1.4,3.0,1.4,2.8,1.4,2.75,1.43,3.14,1.44,2.75,1.45,3.25,1.4,2.87
WTA,2010,31,London,Wimbledon,2010-07-01,Grand Slam,Outdoor,Grass,Semifinals,3,Williams S.,Kvitova P.,1.0,62.0,8475.0,1080.0,7.0,6.0,6.0,2.0,,,2.0,0.0,Completed,1.06,9.0,1.05,8.0,1.08,7.0,1.09,9.6,1.07,8.0,1.11,11.0,1.07,8.02
WTA,2010,31,London,Wimbledon,2010-07-03,Grand Slam,Outdoor,Grass,The Final,3,Williams S.,Zvonareva V.,1.0,21.0,8475.0,6.0,3.0,6.0,2.0,,,,2.0,0.0,Completed,1.16,5.0,1.15,5.0,1.14,5.0,1.2,5.34,1.17,5.0,1.23,6.0,1.17,5.0
WTA,2010,45,New York,US Open,2010-08-30,Grand Slam,Outdoor,Hard,1st Round,3,Schiavone F.,Morita A.,7.0,83.0,4450.0,807.0,6.0,1.0,6.0,0.0,,,2.0,0.0,Completed,1.12,5.5,1.16,4.8,1.17,4.5,1.18,5.8,1.2,4.0,1.2,5.8,1.17,4.79
WTA,2010,45,New York,US Open,2010-08-30,Grand Slam,Outdoor,Hard,1st Round,3,Bondarenko A.,Dushevina V.,33.0,66.0,1723.0,1010.0,6.0,0.0,5.0,7.0,6.0,4.0,2.0,1.0,Completed,1.72,2.0,1.8,1.95,1.8,1.91,1.87,2.06,1.83,1.83,1.87,2.29,1.78,1.97
WTA,2010,45,New York,US Open,2010-08-30,Grand Slam,Outdoor,Hard,1st Round,3,Dementieva E.,Govortsova O.,12.0,49.0,3765.0,1235.0,6.0,1.0,6.0,2.0,,,2.0,0.0,Completed,1.1,6.5,1.12,5.75,1.11,6.0,1.16,6.27,1.1,6.0,1.16,7.0,1.11,6.03
WTA,2010,45,New York,US Open,2010-08-30,Grand Slam,Outdoor,Hard,1st Round,3,Baltacha E.,Martic P.,57.0,88.0,1124.0,769.0,6.0,2.0,6.0,2.0,,,2.0,0.0,Completed,1.72,2.0,1.75,2.0,1.8,1.91,1.84,2.1,1.73,2.0,1.93,2.1,1.78,1.96
WTA,2010,45,New York,US Open,2010-08-30,Grand Slam,Outdoor,Hard,1st Round,3,Camerin M.E.,Ferguson S.,130.0,117.0,491.0,584.0,6.0,4.0,6.0,0.0,,,2.0,0.0,Completed,1.44,2.62,1.55,2.35,1.57,2.25,1.56,2.64,1.53,2.38,1.6,2.64,1.54,2.4
WTA,2010,45,New York,US Open,2010-08-30,Grand Slam,Outdoor,Hard,1st Round,3,Kleybanova A.,Larsson J.,30.0,69.0,1840.0,984.0,7.0,6.0,6.0,2.0,,,2.0,0.0,Completed,1.28,3.5,1.3,3.3,1.29,3.5,1.41,3.21,1.29,3.25,1.41,3.61,1.32,3.24
WTA,2010,45,New York,US Open,2010-08-30,Grand Slam,Outdoor,Hard,1st Round,3,Errani S.,Garbin T.,37.0,71.0,1460.0,945.0,7.0,6.0,7.0,5.0,,,2.0,0.0,Completed,1.28,3.5,1.3,3.3,1.33,3.25,1.39,3.36,1.36,2.88,1.39,3.61,1.33,3.19
WTA,2010,45,New York,US Open,2010-08-30,Grand Slam,Outdoor,Hard,1st Round,3,Oudin M.,Savchuk O.,43.0,143.0,1272.0,438.0,6.0,3.0,6.0,0.0,,,2.0,0.0,Completed,1.36,3.0,1.4,2.8,1.36,3.0,1.48,2.9,1.4,2.75,1.48,3.25,1.39,2.88
WTA,2010,45,New York,US Open,2010-08-30,Grand Slam,Outdoor,Hard,1st Round,3,Minella M.,Hercog P.,185.0,47.0,300.0,1255.0,6.0,4.0,7.0,5.0,,,2.0,0.0,Completed,5.0,1.14,4.25,1.2,4.0,1.22,4.97,1.22,4.5,1.17,5.1,1.22,4.51,1.19
WTA,2010,45,New York,US Open,2010-08-30,Grand Slam,Outdoor,Hard,1st Round,3,Peer S.,Kostanic Tosic J.,19.0,871.0,3175.0,12.0,6.0,4.0,7.0,5.0,,,2.0,0.0,Completed,1.02,12.0,1.05,8.0,1.04,9.0,1.04,17.0,1.03,10.0,1.07,17.0,1.03,10.98
WTA,2010,45,New York,US Open,2010-08-30,Grand Slam,Outdoor,Hard,1st Round,3,Dulko G.,Kerber A.,41.0,46.0,1312.0,1258.0,6.0,3.0,6.0,1.0,,,2.0,0.0,Completed,1.83,1.83,1.87,1.87,1.8,1.91,2.05,1.87,1.83,1.83,2.05,1.95,1.87,1.84
WTA,2010,45,New York,US Open,2010-08-30,Grand Slam,Outdoor,Hard,1st Round,3,Pavlyuchenkova A.,Barrois K.,22.0,72.0,2505.0,909.0,6.0,4.0,6.0,1.0,,,2.0,0.0,Completed,1.07,7.5,1.12,5.75,1.13,5.5,1.11,8.36,1.14,5.0,1.14,8.36,1.11,6.03
WTA,2010,45,New York,US Open,2010-08-30,Grand Slam,Outdoor,Hard,1st Round,3,Clijsters K.,Arn G.,3.0,104.0,5325.0,660.0,6.0,0.0,7.0,5.0,,,2.0,0.0,Completed,1.01,15.0,1.01,15.0,1.02,13.0,1.02,31.0,1.01,15.0,1.02,32.25,1.01,16.64
WTA,2010,45,New York,US Open,2010-08-30,Grand Slam,Outdoor,Hard,1st Round,3,Kvitova P.,Hradecka L.,29.0,121.0,1869.0,562.0,6.0,4.0,7.0,5.0,,,2.0,0.0,Completed,1.44,2.62,1.55,2.35,1.53,2.38,1.5,2.82,1.53,2.38,1.6,2.82,1.53,2.41
WTA,2010,45,New York,US Open,2010-08-30,Grand Slam,Outdoor,Hard,1st Round,3,Peers S.,Wozniak A.,201.0,54.0,263.0,1140.0,6.0,0.0,6.0,1.0,,,2.0,0.0,Completed,3.75,1.25,3.3,1.3,3.25,1.33,4.02,1.3,3.5,1.25,4.02,1.33,3.46,1.28
WTA,2010,45,New York,US Open,2010-08-30,Grand Slam,Outdoor,Hard,1st Round,3,Rodionova An.,Jovanovski B.,62.0,87.0,1095.0,776.0,7.0,5.0,6.0,4.0,,,2.0,0.0,Completed,1.4,2.75,1.5,2.45,1.5,2.5,1.48,2.92,1.44,2.63,1.57,2.92,1.46,2.61
WTA,2010,45,New York,US Open,2010-08-30,Grand Slam,Outdoor,Hard,1st Round,3,Mirza S.,Larcherde Brito M.,159.0,175.0,385.0,325.0,6.0,3.0,6.0,2.0,,,2.0,0.0,Completed,1.83,1.83,1.8,1.95,1.67,2.1,2.02,1.9,1.73,2.0,2.02,2.15,1.76,1.99
WTA,2010,45,New York,US Open,2010-08-30,Grand Slam,Outdoor,Hard,1st Round,3,Hantuchova D.,Safina D.,26.0,50.0,2045.0,1216.0,6.0,3.0,6.0,4.0,,,2.0,0.0,Completed,1.9,1.8,2.0,1.75,1.91,1.8,1.91,2.02,2.1,1.67,2.1,2.02,1.97,1.79
WTA,2010,45,New York,US Open,2010-08-30,Grand Slam,Outdoor,Hard,1st Round,3,Szavay A.,Zahlavova S.,36.0,91.0,1475.0,750.0,6.0,0.0,6.0,2.0,,,2.0,0.0,Completed,1.12,5.5,1.16,4.75,1.2,4.33,1.17,6.04,1.14,5.0,1.2,6.04,1.16,4.94
WTA,2010,45,New York,US Open,2010-08-30,Grand Slam,Outdoor,Hard,1st Round,3,Bammer S.,Ondraskova Z.,85.0,120.0,800.0,564.0,7.0,5.0,6.0,0.0,,,2.0,0.0,Completed,1.4,2.75,1.5,2.45,1.44,2.63,1.53,2.74,1.53,2.38,1.53,2.9,1.46,2.65
WTA,2010,45,New York,US Open,2010-08-30,Grand Slam,Outdoor,Hard,1st Round,3,Pironkova T.,Voracova R.,34.0,97.0,1708.0,731.0,6.0,3.0,6.0,4.0,,,2.0,0.0,Completed,1.2,4.33,1.25,3.75,1.25,3.75,1.24,4.74,1.22,3.75,1.29,4.74,1.23,4.01
WTA,2010,45,New York,US Open,2010-08-30,Grand Slam,Outdoor,Hard,1st Round,3,Bartoli M.,Gallovits E.,14.0,101.0,3455.0,677.0,6.0,3.0,6.0,2.0,,,2.0,0.0,Completed,1.05,9.0,1.06,8.0,1.05,8.5,1.06,12.0,1.07,7.0,1.08,13.08,1.06,8.57
WTA,2010,45,New York,US Open,2010-08-30,Grand Slam,Outdoor,Hard,1st Round,3,Stosur S.,Vesnina E.,6.0,64.0,4550.0,1040.0,3.0,6.0,7.0,6.0,6.0,1.0,2.0,1.0,Completed,1.66,2.1,1.6,2.25,1.73,2.0,1.77,2.2,1.67,2.1,1.77,2.63,1.67,2.17
WTA,2010,45,New York,US Open,2010-08-30,Grand Slam,Outdoor,Hard,1st Round,3,Razzano V.,Zakopalova K.,157.0,35.0,386.0,1535.0,6.0,3.0,6.0,2.0,,,2.0,0.0,Completed,2.37,1.53,2.35,1.55,2.38,1.53,2.43,1.65,2.38,1.53,2.5,1.65,2.35,1.57
WTA,2010,45,New York,US Open,2010-08-30,Grand Slam,Outdoor,Hard,1st Round,3,Azarenka V.,Niculescu M.,11.0,93.0,3775.0,746.0,6.0,0.0,5.0,7.0,6.0,1.0,2.0,1.0,Completed,1.04,10.0,1.05,8.5,1.04,9.0,1.06,13.4,1.05,8.0,1.07,13.4,1.05,9.52
WTA,2010,45,New York,US Open,2010-08-30,Grand Slam,Outdoor,Hard,1st Round,3,Marino R.,Pervak K.,179.0,100.0,312.0,702.0,6.0,4.0,4.0,6.0,7.0,5.0,2.0,1.0,Completed,2.37,1.53,2.35,1.55,2.38,1.53,2.31,1.7,2.38,1.53,2.4,1.7,2.3,1.59
WTA,2010,45,New York,US Open,2010-08-30,Grand Slam,Outdoor,Hard,1st Round,3,Parmentier P.,Brianti A.,105.0,89.0,653.0,760.0,4.0,6.0,6.0,3.0,7.0,5.0,2.0,1.0,Completed,2.1,1.66,2.05,1.7,2.1,1.67,1.87,2.06,2.0,1.73,2.15,2.06,2.03,1.75
WTA,2010,45,New York,US Open,2010-08-30,Grand Slam,Outdoor,Hard,1st Round,3,Zheng J.,Bacsinszky T.,23.0,42.0,2351.0,1305.0,7.0,6.0,7.0,6.0,,,2.0,0.0,Completed,1.61,2.2,1.7,2.1,1.57,2.25,1.86,2.07,1.62,2.2,1.91,2.38,1.69,2.12
WTA,2010,45,New York,US Open,2010-08-30,Grand Slam,Outdoor,Hard,1st Round,3,King V.,Mchale C.,74.0,112.0,895.0,611.0,6.0,3.0,0.0,6.0,6.0,1.0,2.0,1.0,Completed,1.53,2.37,1.6,2.25,1.53,2.38,1.72,2.28,1.53,2.38,1.72,2.5,1.59,2.29
WTA,2010,45,New York,US Open,2010-08-30,Grand Slam,Outdoor,Hard,1st Round,3,Ivanovic A.,Makarova E.,40.0,52.0,1313.0,1176.0,6.0,3.0,6.0,2.0,,,2.0,0.0,Completed,1.3,3.4,1.4,2.8,1.44,2.63,1.33,3.71,1.36,2.88,1.45,3.75,1.36,3.09
WTA,2010,45,New York,US Open,2010-08-31,Grand Slam,Outdoor,Hard,1st Round,3,Williams V.,Vinci R.,4.0,65.0,5176.0,1026.0,6.0,4.0,6.0,1.0,,,2.0,0.0,Completed,1.03,11.0,1.05,8.0,1.07,7.5,1.07,11.25,1.04,9.0,1.07,13.6,1.04,9.72
WTA,2010,45,New York,US Open,2010-08-31,Grand Slam,Outdoor,Hard,1st Round,3,Pennetta F.,Falconi I.,21.0,387.0,2905.0,96.0,6.0,2.0,6.0,1.0,,,2.0,0.0,Completed,1.02,12.0,1.03,10.0,1.03,10.0,1.07,11.5,1.02,13.0,1.07,13.5,1.04,10.63
WTA,2010,45,New York,US Open,2010-08-31,Grand Slam,Outdoor,Hard,1st Round,3,Lucic M.,Molik A.,150.0,90.0,412.0,756.0,7.0,6.0,6.0,1.0,,,2.0,0.0,Completed,1.36,3.0,1.4,2.8,1.44,2.63,1.46,3.01,1.4,2.75,1.46,3.03,1.4,2.83
WTA,2010,45,New York,US Open,2010-08-31,Grand Slam,Outdoor,Hard,1st Round,3,Martinez-Sanchez M.J.,Hampton J.,24.0,158.0,2285.0,386.0,6.0,4.0,3.0,6.0,6.0,0.0,2.0,1.0,Completed,1.36,3.0,1.35,3.0,1.36,3.0,1.42,3.18,1.33,3.0,1.43,3.25,1.37,2.95
WTA,2010,45,New York,US Open,2010-08-31,Grand Slam,Outdoor,Hard,1st Round,3,Kuznetsova S.,Date Krumm K.,13.0,51.0,3516.0,1200.0,6.0,2.0,4.0,6.0,6.0,1.0,2.0,1.0,Completed,1.05,9.0,1.07,7.75,1.07,7.5,1.08,10.5,1.07,7.0,1.1,11.5,1.06,8.38
WTA,2010,45,New York,US Open,2010-08-31,Grand Slam,Outdoor,Hard,1st Round,3,Arvidsson S.,Cirstea S.,55.0,81.0,1126.0,820.0,6.0,1.0,6.0,2.0,,,2.0,0.0,Completed,1.83,1.83,2.0,1.75,1.91,1.8,1.9,2.03,1.91,1.8,2.05,2.03,1.9,1.84
WTA,2010,45,New York,US Open,2010-08-31,Grand Slam,Outdoor,Hard,1st Round,3,Rezai A.,Rybarikova M.,20.0,73.0,3005.0,905.0,7.0,6.0,7.0,6.0,,,2.0,0.0,Completed,1.33,3.25,1.3,3.2,1.33,3.25,1.4,3.28,1.33,3.0,1.4,3.4,1.33,3.16
WTA,2010,45,New York,US Open,2010-08-31,Grand Slam,Outdoor,Hard,1st Round,3,Sevastova A.,Kulikova R.,56.0,75.0,1125.0,892.0,6.0,0.0,2.0,0.0,,,1.0,0.0,Retired,1.36,3.0,1.45,2.6,1.44,2.63,1.43,3.1,1.5,2.5,1.57,3.1,1.45,2.66
WTA,2010,45,New York,US Open,2010-08-31,Grand Slam,Outdoor,Hard,1st Round,3,Schnyder P.,Flipkens K.,53.0,70.0,1160.0,980.0,6.0,1.0,6.0,3.0,,,2.0,0.0,Completed,1.4,2.75,1.4,2.8,1.36,3.0,1.45,3.01,1.36,2.88,1.5,3.05,1.41,2.81
WTA,2010,45,New York,US Open,2010-08-31,Grand Slam,Outdoor,Hard,1st Round,3,Dulgheru A.,Coin J.,27.0,123.0,2005.0,535.0,6.0,3.0,6.0,1.0,,,2.0,0.0,Completed,1.28,3.5,1.33,3.1,1.36,3.0,1.36,3.49,1.25,3.5,1.36,3.63,1.31,3.27
WTA,2010,45,New York,US Open,2010-08-31,Grand Slam,Outdoor,Hard,1st Round,3,Jankovic J.,Halep S.,5.0,96.0,5145.0,738.0,6.0,4.0,4.0,6.0,7.0,5.0,2.0,1.0,Completed,1.14,5.0,1.2,4.25,1.2,4.33,1.2,5.37,1.17,4.5,1.25,5.8,1.18,4.56
WTA,2010,45,New York,US Open,2010-08-31,Grand Slam,Outdoor,Hard,1st Round,3,Chan Y.J.,Keothavong A.,77.0,142.0,879.0,440.0,2.0,6.0,6.0,1.0,6.0,1.0,2.0,1.0,Completed,2.0,1.72,1.9,1.85,1.83,1.83,2.12,1.83,1.91,1.8,2.13,1.85,1.96,1.78
WTA,2010,45,New York,US Open,2010-08-31,Grand Slam,Outdoor,Hard,1st Round,3,Capra B.,Sprem K.,371.0,95.0,102.0,738.0,6.0,1.0,6.0,3.0,,,2.0,0.0,Completed,4.33,1.2,3.75,1.25,3.75,1.25,4.22,1.28,4.0,1.2,4.33,1.28,3.97,1.23
WTA,2010,45,New York,US Open,2010-08-31,Grand Slam,Outdoor,Hard,1st Round,3,Radwanska A.,Parra Santonja A.,10.0,58.0,3995.0,1123.0,6.0,4.0,6.0,3.0,,,2.0,0.0,Completed,1.04,10.0,1.05,8.0,1.05,8.5,1.05,13.9,1.07,7.0,1.07,17.2,1.04,10.03
WTA,2010,45,New York,US Open,2010-08-31,Grand Slam,Outdoor,Hard,1st Round,3,Meusburger Y.,Craybas J.,99.0,109.0,705.0,640.0,3.0,6.0,7.0,5.0,6.0,0.0,2.0,1.0,Completed,2.0,1.72,2.0,1.75,2.0,1.73,1.97,1.95,2.1,1.67,2.2,1.95,1.98,1.78
WTA,2010,45,New York,US Open,2010-08-31,Grand Slam,Outdoor,Hard,1st Round,3,Peng S.,Rogers S.,61.0,344.0,1096.0,122.0,6.0,7.0,7.0,6.0,6.0,3.0,2.0,1.0,Completed,1.22,4.0,1.22,4.0,1.22,4.0,1.31,3.94,1.17,4.5,1.31,4.5,1.25,3.84
WTA,2010,45,New York,US Open,2010-08-31,Grand Slam,Outdoor,Hard,1st Round,3,Wickmayer Y.,Kudryavtseva A.,18.0,103.0,3310.0,666.0,6.0,1.0,6.0,2.0,,,2.0,0.0,Completed,1.16,4.5,1.2,4.25,1.22,4.0,1.24,4.7,1.17,4.5,1.24,4.9,1.2,4.25
WTA,2010,45,New York,US Open,2010-08-31,Grand Slam,Outdoor,Hard,1st Round,3,Goerges J.,Oprandi R.,44.0,79.0,1266.0,858.0,6.0,3.0,6.0,4.0,,,2.0,0.0,Completed,1.14,5.0,1.22,4.05,1.22,4.0,1.21,5.13,1.17,4.5,1.23,5.4,1.19,4.42
WTA,2010,45,New York,US Open,2010-08-31,Grand Slam,Outdoor,Hard,1st Round,3,Bondarenko K.,Li N.,59.0,9.0,1119.0,4015.0,2.0,6.0,6.0,4.0,6.0,2.0,2.0,1.0,Completed,5.0,1.14,4.25,1.2,4.0,1.22,5.88,1.18,3.75,1.22,5.88,1.22,4.58,1.18
WTA,2010,45,New York,US Open,2010-08-31,Grand Slam,Outdoor,Hard,1st Round,3,Paszek T.,Safarova L.,196.0,28.0,273.0,1975.0,2.0,6.0,7.0,5.0,6.0,2.0,2.0,1.0,Completed,3.25,1.33,3.0,1.35,3.4,1.3,3.36,1.38,3.5,1.25,3.5,1.38,3.22,1.32
WTA,2010,45,New York,US Open,2010-08-31,Grand Slam,Outdoor,Hard,1st Round,3,Benesova I.,Llagostera Vives N.,68.0,125.0,985.0,513.0,6.0,3.0,7.0,6.0,,,2.0,0.0,Completed,1.5,2.5,1.65,2.15,1.57,2.25,1.61,2.5,1.57,2.25,1.72,2.5,1.61,2.24
WTA,2010,45,New York,US Open,2010-08-31,Grand Slam,Outdoor,Hard,1st Round,3,Cibulkova D.,Voegele S.,45.0,107.0,1265.0,647.0,6.0,2.0,4.0,6.0,7.0,5.0,2.0,1.0,Completed,1.3,3.4,1.35,3.0,1.3,3.4,1.33,3.71,1.22,3.75,1.37,3.75,1.31,3.28
WTA,2010,45,New York,US Open,2010-08-31,Grand Slam,Outdoor,Hard,1st Round,3,Kirilenko M.,Zahlavova Strycova B.,25.0,39.0,2275.0,1318.0,7.0,5.0,6.0,4.0,,,2.0,0.0,Completed,1.16,4.5,1.22,4.05,1.25,3.75,1.21,5.21,1.22,3.75,1.25,5.21,1.2,4.34
WTA,2010,45,New York,US Open,2010-08-31,Grand Slam,Outdoor,Hard,1st Round,3,Radwanska U.,Chakvetadze A.,339.0,67.0,128.0,1002.0,6.0,3.0,6.0,3.0,,,2.0,0.0,Completed,6.5,1.1,5.0,1.15,5.0,1.14,6.65,1.15,5.5,1.13,7.0,1.17,5.7,1.12
WTA,2010,45,New York,US Open,2010-08-31,Grand Slam,Outdoor,Hard,1st Round,3,Dominguez Lino L.,Shvedova Y.,148.0,31.0,418.0,1770.0,6.0,4.0,3.0,6.0,6.0,2.0,2.0,1.0,Completed,4.33,1.2,3.75,1.25,4.0,1.22,4.55,1.25,4.0,1.2,5.0,1.26,4.21,1.21
WTA,2010,45,New York,US Open,2010-08-31,Grand Slam,Outdoor,Hard,1st Round,3,Sharapova M.,Groth J.,17.0,60.0,3330.0,1105.0,4.0,6.0,6.0,3.0,6.0,1.0,2.0,1.0,Completed,1.07,7.5,1.1,6.5,1.1,6.5,1.1,9.35,1.08,6.5,1.13,9.35,1.09,6.95
WTA,2010,45,New York,US Open,2010-08-31,Grand Slam,Outdoor,Hard,1st Round,3,Chang K.C.,Suarez Navarro C.,84.0,63.0,806.0,1090.0,6.0,2.0,6.0,4.0,,,2.0,0.0,Completed,1.72,2.0,1.8,1.95,1.83,1.83,1.88,2.04,1.73,2.0,1.91,2.1,1.8,1.94
WTA,2010,45,New York,US Open,2010-08-31,Grand Slam,Outdoor,Hard,1st Round,3,Amanmuradova A.,Scheepers C.,78.0,92.0,873.0,749.0,6.0,3.0,6.0,4.0,,,2.0,0.0,Completed,1.4,2.75,1.5,2.5,1.53,2.38,1.49,2.88,1.53,2.38,1.57,2.88,1.49,2.57
WTA,2010,45,New York,US Open,2010-08-31,Grand Slam,Outdoor,Hard,1st Round,3,Kanepi K.,Cornet A.,32.0,80.0,1725.0,840.0,3.0,6.0,6.0,1.0,6.0,0.0,2.0,1.0,Completed,1.22,4.0,1.28,3.45,1.3,3.4,1.26,4.42,1.29,3.25,1.3,4.42,1.25,3.74
WTA,2010,45,New York,US Open,2010-08-31,Grand Slam,Outdoor,Hard,1st Round,3,Mattek-Sands B.,Medina Garrigues A.,76.0,48.0,887.0,1250.0,4.0,6.0,6.0,4.0,6.0,1.0,2.0,1.0,Completed,1.25,3.75,1.25,3.7,1.3,3.4,1.27,4.35,1.3,3.2,1.33,4.35,1.28,3.6
WTA,2010,45,New York,US Open,2010-08-31,Grand Slam,Outdoor,Hard,1st Round,3,Zvonareva V.,Kucova Z.,8.0,119.0,4430.0,570.0,6.0,2.0,6.0,1.0,,,2.0,0.0,Completed,1.01,13.0,1.03,10.0,1.03,10.0,1.03,19.0,1.02,12.0,1.04,21.0,1.03,12.81
WTA,2010,45,New York,US Open,2010-09-01,Grand Slam,Outdoor,Hard,1st Round,3,Lisicki S.,Vandeweghe C.,94.0,166.0,738.0,360.0,6.0,1.0,6.0,0.0,,,2.0,0.0,Completed,2.1,1.66,2.1,1.68,2.1,1.67,2.22,1.76,2.0,1.73,2.22,1.8,2.09,1.7
WTA,2010,45,New York,US Open,2010-09-01,Grand Slam,Outdoor,Hard,1st Round,3,Petkovic A.,Petrova N.,38.0,16.0,1450.0,3345.0,6.0,2.0,4.0,6.0,7.0,6.0,2.0,1.0,Completed,4.0,1.22,3.75,1.25,3.75,1.25,4.3,1.27,3.25,1.29,4.3,1.29,3.78,1.25
WTA,2010,45,New York,US Open,2010-09-01,Grand Slam,Outdoor,Hard,1st Round,3,Wozniacki C.,Gullickson C.,2.0,277.0,6410.0,180.0,6.0,1.0,6.0,1.0,,,2.0,0.0,Completed,1.01,15.0,1.01,15.0,1.01,17.0,1.01,31.0,1.02,13.0,1.02,31.0,1.01,16.05
WTA,2010,45,New York,US Open,2010-09-01,Grand Slam,Outdoor,Hard,2nd Round,3,Pavlyuchenkova A.,Mirza S.,22.0,159.0,2505.0,385.0,6.0,2.0,6.0,4.0,,,2.0,0.0,Completed,1.12,5.5,1.12,5.75,1.13,5.5,1.15,6.61,1.13,5.5,1.17,7.0,1.13,5.49
WTA,2010,45,New York,US Open,2010-09-01,Grand Slam,Outdoor,Hard,2nd Round,3,Dulko G.,Azarenka V.,41.0,11.0,1312.0,3775.0,5.0,1.0,,,,,0.0,0.0,Retired,5.5,1.12,4.5,1.18,5.5,1.13,5.53,1.19,4.5,1.17,6.0,1.19,5.06,1.15
WTA,2010,45,New York,US Open,2010-09-01,Grand Slam,Outdoor,Hard,2nd Round,3,Ivanovic A.,Zheng J.,40.0,23.0,1313.0,2351.0,6.0,3.0,6.0,0.0,,,2.0,0.0,Completed,1.4,2.75,1.4,2.8,1.4,2.75,1.43,3.13,1.44,2.63,1.45,3.5,1.42,2.78
WTA,2010,45,New York,US Open,2010-09-01,Grand Slam,Outdoor,Hard,2nd Round,3,Razzano V.,Bartoli M.,157.0,14.0,386.0,3455.0,7.0,5.0,6.0,4.0,,,2.0,0.0,Completed,4.5,1.16,5.0,1.15,4.5,1.17,5.37,1.2,5.0,1.14,6.0,1.2,4.75,1.17
WTA,2010,45,New York,US Open,2010-09-01,Grand Slam,Outdoor,Hard,2nd Round,3,Hantuchova D.,King V.,26.0,74.0,2045.0,895.0,5.0,7.0,6.0,3.0,6.0,4.0,2.0,1.0,Completed,1.22,4.0,1.25,3.75,1.2,4.33,1.29,4.14,1.17,4.5,1.29,4.5,1.23,3.93
WTA,2010,45,New York,US Open,2010-09-01,Grand Slam,Outdoor,Hard,2nd Round,3,Minella M.,Pironkova T.,185.0,34.0,300.0,1708.0,6.0,4.0,6.0,0.0,,,2.0,0.0,Completed,3.25,1.33,3.35,1.3,4.0,1.22,3.25,1.4,3.25,1.29,4.15,1.4,3.42,1.3
WTA,2010,45,New York,US Open,2010-09-01,Grand Slam,Outdoor,Hard,2nd Round,3,Dementieva E.,Bammer S.,12.0,85.0,3765.0,800.0,6.0,3.0,6.0,4.0,,,2.0,0.0,Completed,1.08,7.0,1.1,6.25,1.1,6.5,1.09,10.15,1.07,7.0,1.1,10.15,1.08,7.33
WTA,2010,45,New York,US Open,2010-09-01,Grand Slam,Outdoor,Hard,2nd Round,3,Schiavone F.,Camerin M.E.,7.0,130.0,4450.0,491.0,6.0,2.0,6.0,1.0,,,2.0,0.0,Completed,1.14,5.0,1.16,4.75,1.14,5.0,1.17,6.16,1.14,5.0,1.2,6.35,1.14,5.27
WTA,2010,45,New York,US Open,2010-09-01,Grand Slam,Outdoor,Hard,2nd Round,3,Williams V.,Marino R.,4.0,179.0,5176.0,312.0,7.0,6.0,6.0,3.0,,,2.0,0.0,Completed,1.02,12.0,1.02,12.0,1.02,11.0,1.03,21.0,1.01,13.0,1.04,25.3,1.02,13.61
WTA,2010,45,New York,US Open,2010-09-01,Grand Slam,Outdoor,Hard,2nd Round,3,Errani S.,Kleybanova A.,37.0,30.0,1460.0,1840.0,6.0,2.0,6.0,3.0,,,2.0,0.0,Completed,2.5,1.5,2.45,1.5,2.63,1.44,2.64,1.56,2.63,1.44,2.75,1.57,2.54,1.49
WTA,2010,45,New York,US Open,2010-09-01,Grand Slam,Outdoor,Hard,2nd Round,3,Bondarenko A.,Oudin M.,33.0,43.0,1723.0,1272.0,6.0,2.0,7.0,5.0,,,2.0,0.0,Completed,1.66,2.1,1.65,2.15,1.57,2.25,1.78,2.18,1.57,2.25,1.8,2.25,1.69,2.1
WTA,2010,45,New York,US Open,2010-09-01,Grand Slam,Outdoor,Hard,2nd Round,3,Pennetta F.,Szavay A.,21.0,36.0,2905.0,1475.0,6.0,1.0,6.0,4.0,,,2.0,0.0,Completed,1.25,3.75,1.3,3.3,1.3,3.4,1.3,4.01,1.29,3.25,1.33,4.01,1.28,3.51
WTA,2010,45,New York,US Open,2010-09-01,Grand Slam,Outdoor,Hard,2nd Round,3,Kvitova P.,Baltacha E.,29.0,57.0,1869.0,1124.0,7.0,6.0,6.0,3.0,,,2.0,0.0,Completed,1.53,2.37,1.55,2.35,1.53,2.38,1.68,2.36,1.5,2.5,1.68,2.5,1.57,2.34
WTA,2010,45,New York,US Open,2010-09-01,Grand Slam,Outdoor,Hard,2nd Round,3,Stosur S.,Rodionova An.,6.0,62.0,4550.0,1095.0,6.0,1.0,6.0,4.0,,,2.0,0.0,Completed,1.25,3.75,1.28,3.45,1.29,3.5,1.27,4.33,1.22,3.75,1.29,4.33,1.25,3.79
WTA,2010,45,New York,US Open,2010-09-01,Grand Slam,Outdoor,Hard,2nd Round,3,Clijsters K.,Peers S.,3.0,201.0,5325.0,263.0,6.0,2.0,6.0,1.0,,,2.0,0.0,Completed,1.01,15.0,1.02,12.0,1.01,17.0,1.03,21.0,1.01,13.0,1.03,34.0,1.02,15.69
WTA,2010,45,New York,US Open,2010-09-01,Grand Slam,Outdoor,Hard,2nd Round,3,Peer S.,Parmentier P.,19.0,105.0,3175.0,653.0,6.0,2.0,6.0,3.0,,,2.0,0.0,Completed,1.1,6.5,1.15,5.0,1.11,6.0,1.14,7.13,1.08,7.0,1.15,7.13,1.11,5.93
WTA,2010,45,New York,US Open,2010-09-02,Grand Slam,Outdoor,Hard,2nd Round,3,Schnyder P.,Martinez-Sanchez M.J.,53.0,24.0,1160.0,2285.0,7.0,6.0,6.0,4.0,,,2.0,0.0,Completed,1.66,2.1,1.65,2.15,1.73,2.0,1.85,2.09,1.83,1.83,1.85,2.19,1.74,2.03
WTA,2010,45,New York,US Open,2010-09-02,Grand Slam,Outdoor,Hard,2nd Round,3,Wickmayer Y.,Goerges J.,18.0,44.0,3310.0,1266.0,6.0,4.0,7.0,5.0,,,2.0,0.0,Completed,1.33,3.25,1.35,3.05,1.4,2.75,1.4,3.3,1.36,2.88,1.4,3.3,1.37,2.98
WTA,2010,45,New York,US Open,2010-09-02,Grand Slam,Outdoor,Hard,2nd Round,3,Chan Y.J.,Paszek T.,77.0,196.0,879.0,273.0,6.0,3.0,6.0,3.0,,,2.0,0.0,Completed,2.2,1.61,2.15,1.65,2.2,1.62,2.19,1.78,2.2,1.62,2.25,1.78,2.16,1.66
WTA,2010,45,New York,US Open,2010-09-02,Grand Slam,Outdoor,Hard,2nd Round,3,Capra B.,Rezai A.,371.0,20.0,102.0,3005.0,7.0,5.0,2.0,6.0,6.0,3.0,2.0,1.0,Completed,7.5,1.07,6.5,1.1,7.0,1.08,8.36,1.11,6.5,1.08,9.1,1.12,7.21,1.08
WTA,2010,45,New York,US Open,2010-09-02,Grand Slam,Outdoor,Hard,2nd Round,3,Cibulkova D.,Bondarenko K.,45.0,59.0,1265.0,1119.0,6.0,2.0,5.0,7.0,7.0,6.0,2.0,1.0,Completed,2.0,1.72,2.0,1.75,1.91,1.8,2.1,1.84,1.83,1.83,2.21,1.87,1.96,1.78
WTA,2010,45,New York,US Open,2010-09-02,Grand Slam,Outdoor,Hard,2nd Round,3,Zvonareva V.,Lisicki S.,8.0,94.0,4430.0,738.0,6.0,1.0,7.0,6.0,,,2.0,0.0,Completed,1.16,4.5,1.2,4.25,1.17,4.5,1.24,4.72,1.17,4.5,1.24,5.1,1.19,4.45
WTA,2010,45,New York,US Open,2010-09-02,Grand Slam,Outdoor,Hard,2nd Round,3,Dominguez Lino L.,Radwanska U.,148.0,339.0,418.0,128.0,6.0,2.0,7.0,5.0,,,2.0,0.0,Completed,2.25,1.57,2.05,1.72,2.2,1.62,2.4,1.66,2.1,1.67,2.4,1.79,2.15,1.67
WTA,2010,45,New York,US Open,2010-09-02,Grand Slam,Outdoor,Hard,2nd Round,3,Wozniacki C.,Chang K.C.,2.0,84.0,6410.0,806.0,6.0,0.0,6.0,0.0,,,2.0,0.0,Completed,1.02,12.0,1.01,15.0,1.02,11.0,1.03,19.0,1.02,11.0,1.04,24.0,1.02,13.37
WTA,2010,45,New York,US Open,2010-09-02,Grand Slam,Outdoor,Hard,2nd Round,3,Kuznetsova S.,Sevastova A.,13.0,56.0,3516.0,1125.0,6.0,2.0,6.0,3.0,,,2.0,0.0,Completed,1.14,5.0,1.16,4.75,1.14,5.0,1.21,5.21,1.17,4.5,1.22,5.3,1.17,4.72
WTA,2010,45,New York,US Open,2010-09-02,Grand Slam,Outdoor,Hard,2nd Round,3,Jankovic J.,Lucic M.,5.0,150.0,5145.0,412.0,6.0,4.0,3.0,6.0,6.0,2.0,2.0,1.0,Completed,1.16,4.5,1.2,4.25,1.2,4.33,1.2,5.37,1.14,5.0,1.24,5.37,1.2,4.42
WTA,2010,45,New York,US Open,2010-09-02,Grand Slam,Outdoor,Hard,2nd Round,3,Kirilenko M.,Meusburger Y.,25.0,99.0,2275.0,705.0,4.0,6.0,7.0,5.0,6.0,0.0,2.0,1.0,Completed,1.07,7.5,1.1,6.5,1.11,6.0,1.12,7.65,1.14,5.0,1.14,8.4,1.1,6.38
WTA,2010,45,New York,US Open,2010-09-02,Grand Slam,Outdoor,Hard,2nd Round,3,Dulgheru A.,Arvidsson S.,27.0,55.0,2005.0,1126.0,7.0,6.0,6.0,1.0,,,2.0,0.0,Completed,2.0,1.72,1.95,1.8,1.91,1.8,2.18,1.78,1.83,1.83,2.2,1.85,1.98,1.77
WTA,2010,45,New York,US Open,2010-09-02,Grand Slam,Outdoor,Hard,2nd Round,3,Kanepi K.,Amanmuradova A.,32.0,78.0,1725.0,873.0,6.0,2.0,6.0,4.0,,,2.0,0.0,Completed,1.36,3.0,1.4,2.8,1.36,3.0,1.38,3.36,1.44,2.63,1.45,3.36,1.38,2.9
WTA,2010,45,New York,US Open,2010-09-02,Grand Slam,Outdoor,Hard,2nd Round,3,Petkovic A.,Mattek-Sands B.,38.0,76.0,1450.0,887.0,3.0,6.0,6.0,3.0,7.0,5.0,2.0,1.0,Completed,1.83,1.83,1.85,1.9,1.91,1.8,1.79,2.16,2.0,1.73,2.0,2.16,1.84,1.9
WTA,2010,45,New York,US Open,2010-09-02,Grand Slam,Outdoor,Hard,2nd Round,3,Sharapova M.,Benesova I.,17.0,68.0,3330.0,985.0,6.0,1.0,6.0,2.0,,,2.0,0.0,Completed,1.04,10.0,1.05,8.0,1.04,9.0,1.05,14.8,1.06,7.5,1.07,14.63,1.05,9.65
WTA,2010,45,New York,US Open,2010-09-03,Grand Slam,Outdoor,Hard,2nd Round,3,Peng S.,Radwanska A.,61.0,10.0,1096.0,3995.0,2.0,6.0,6.0,1.0,6.0,4.0,2.0,1.0,Completed,8.0,1.06,6.5,1.1,6.0,1.11,8.64,1.11,6.0,1.1,8.8,1.11,7.0,1.09
WTA,2010,45,New York,US Open,2010-09-03,Grand Slam,Outdoor,Hard,3rd Round,3,Dementieva E.,Hantuchova D.,12.0,26.0,3765.0,2045.0,7.0,5.0,6.0,2.0,,,2.0,0.0,Completed,1.33,3.25,1.33,3.1,1.33,3.25,1.36,3.49,1.29,3.25,1.37,3.64,1.32,3.28
WTA,2010,45,New York,US Open,2010-09-03,Grand Slam,Outdoor,Hard,3rd Round,3,Stosur S.,Errani S.,6.0,37.0,4550.0,1460.0,6.0,2.0,6.0,3.0,,,2.0,0.0,Completed,1.3,3.4,1.3,3.3,1.29,3.5,1.37,3.43,1.25,3.5,1.37,3.82,1.31,3.34
WTA,2010,45,New York,US Open,2010-09-03,Grand Slam,Outdoor,Hard,3rd Round,3,Clijsters K.,Kvitova P.,3.0,29.0,5325.0,1869.0,6.0,3.0,6.0,0.0,,,2.0,0.0,Completed,1.04,10.0,1.06,7.75,1.06,8.0,1.06,13.0,1.05,9.0,1.14,13.0,1.05,9.23
WTA,2010,45,New York,US Open,2010-09-03,Grand Slam,Outdoor,Hard,3rd Round,3,Pavlyuchenkova A.,Dulko G.,22.0,41.0,2505.0,1312.0,6.0,1.0,6.0,2.0,,,2.0,0.0,Completed,1.36,3.0,1.4,2.8,1.36,3.0,1.47,2.97,1.33,3.0,1.47,3.25,1.38,2.91
WTA,2010,45,New York,US Open,2010-09-03,Grand Slam,Outdoor,Hard,3rd Round,3,Schiavone F.,Bondarenko A.,7.0,33.0,4450.0,1723.0,6.0,1.0,7.0,5.0,,,2.0,0.0,Completed,1.4,2.75,1.5,2.45,1.53,2.38,1.51,2.79,1.5,2.5,1.53,2.85,1.47,2.59
WTA,2010,45,New York,US Open,2010-09-03,Grand Slam,Outdoor,Hard,3rd Round,3,Ivanovic A.,Razzano V.,40.0,157.0,1313.0,386.0,7.0,5.0,6.0,0.0,,,2.0,0.0,Completed,1.16,4.5,1.22,4.0,1.22,4.0,1.25,4.55,1.2,4.0,1.26,4.8,1.21,4.26
WTA,2010,45,New York,US Open,2010-09-03,Grand Slam,Outdoor,Hard,3rd Round,3,Peer S.,Pennetta F.,19.0,21.0,3175.0,2905.0,6.0,4.0,6.0,4.0,,,2.0,0.0,Completed,3.25,1.33,3.05,1.35,3.0,1.36,3.21,1.41,3.0,1.33,3.35,1.41,3.06,1.36
WTA,2010,45,New York,US Open,2010-09-03,Grand Slam,Outdoor,Hard,3rd Round,3,Williams V.,Minella M.,4.0,185.0,5176.0,300.0,6.0,2.0,6.0,1.0,,,2.0,0.0,Completed,1.03,11.0,1.03,10.0,1.02,11.0,1.05,15.2,1.01,13.0,1.05,17.2,1.03,12.14
WTA,2010,45,New York,US Open,2010-09-04,Grand Slam,Outdoor,Hard,3rd Round,3,Kanepi K.,Jankovic J.,32.0,5.0,1725.0,5145.0,6.0,2.0,7.0,6.0,,,2.0,0.0,Completed,2.0,1.72,2.0,1.75,1.83,1.83,2.0,1.93,1.83,1.83,2.07,1.93,1.92,1.82
WTA,2010,45,New York,US Open,2010-09-04,Grand Slam,Outdoor,Hard,3rd Round,3,Wozniacki C.,Chan Y.J.,2.0,77.0,6410.0,879.0,6.0,1.0,6.0,0.0,,,2.0,0.0,Completed,1.02,12.0,1.02,12.0,1.02,11.0,1.03,21.0,1.01,15.0,1.04,22.75,1.02,14.31
WTA,2010,45,New York,US Open,2010-09-04,Grand Slam,Outdoor,Hard,3rd Round,3,Sharapova M.,Capra B.,17.0,371.0,3330.0,102.0,6.0,0.0,6.0,0.0,,,2.0,0.0,Completed,1.01,13.0,1.03,10.0,1.03,10.0,1.06,13.0,1.03,10.0,1.07,13.5,1.04,10.45
WTA,2010,45,New York,US Open,2010-09-04,Grand Slam,Outdoor,Hard,3rd Round,3,Petkovic A.,Peng S.,38.0,61.0,1450.0,1096.0,,,,,,,,,Walkover,1.44,2.62,1.45,2.6,1.44,2.63,1.45,3.05,1.44,2.63,1.53,3.15,1.42,2.76
WTA,2010,45,New York,US Open,2010-09-04,Grand Slam,Outdoor,Hard,3rd Round,3,Wickmayer Y.,Schnyder P.,18.0,53.0,3310.0,1160.0,7.0,6.0,3.0,6.0,7.0,6.0,2.0,1.0,Completed,1.36,3.0,1.41,2.75,1.4,2.75,1.49,2.89,1.36,2.88,1.55,3.0,1.43,2.73
WTA,2010,45,New York,US Open,2010-09-04,Grand Slam,Outdoor,Hard,3rd Round,3,Cibulkova D.,Dominguez Lino L.,45.0,148.0,1265.0,418.0,6.0,0.0,6.0,1.0,,,2.0,0.0,Completed,1.28,3.5,1.35,3.0,1.33,3.25,1.34,3.62,1.29,3.25,1.35,3.8,1.31,3.35
WTA,2010,45,New York,US Open,2010-09-04,Grand Slam,Outdoor,Hard,3rd Round,3,Zvonareva V.,Dulgheru A.,8.0,27.0,4430.0,2005.0,6.0,2.0,7.0,6.0,,,2.0,0.0,Completed,1.11,6.0,1.15,5.0,1.14,5.0,1.17,6.19,1.13,5.5,1.17,6.6,1.13,5.52
WTA,2010,45,New York,US Open,2010-09-05,Grand Slam,Outdoor,Hard,3rd Round,3,Kuznetsova S.,Kirilenko M.,13.0,25.0,3516.0,2275.0,6.0,3.0,6.0,4.0,,,2.0,0.0,Completed,1.4,2.75,1.4,2.8,1.36,3.0,1.45,3.04,1.36,2.88,1.45,3.05,1.4,2.84
WTA,2010,45,New York,US Open,2010-09-05,Grand Slam,Outdoor,Hard,4th Round,3,Clijsters K.,Ivanovic A.,3.0,40.0,5325.0,1313.0,6.0,2.0,6.0,1.0,,,2.0,0.0,Completed,1.22,4.0,1.25,3.75,1.25,3.75,1.27,4.3,1.29,3.5,1.29,4.5,1.25,3.86
WTA,2010,45,New York,US Open,2010-09-05,Grand Slam,Outdoor,Hard,4th Round,3,Schiavone F.,Pavlyuchenkova A.,7.0,22.0,4450.0,2505.0,6.0,3.0,6.0,0.0,,,2.0,0.0,Completed,2.1,1.66,2.15,1.65,2.2,1.62,2.09,1.85,2.2,1.67,2.2,1.85,2.07,1.72
WTA,2010,45,New York,US Open,2010-09-05,Grand Slam,Outdoor,Hard,4th Round,3,Williams V.,Peer S.,4.0,19.0,5176.0,3175.0,7.0,6.0,6.0,3.0,,,2.0,0.0,Completed,1.16,4.5,1.18,4.5,1.17,4.5,1.23,4.88,1.16,4.5,1.24,5.25,1.18,4.58
WTA,2010,45,New York,US Open,2010-09-06,Grand Slam,Outdoor,Hard,4th Round,3,Stosur S.,Dementieva E.,6.0,12.0,4550.0,3765.0,6.0,3.0,2.0,6.0,7.0,6.0,2.0,1.0,Completed,2.37,1.53,2.25,1.6,2.2,1.62,2.39,1.66,2.25,1.62,2.5,1.69,2.28,1.6
WTA,2010,45,New York,US Open,2010-09-06,Grand Slam,Outdoor,Hard,4th Round,3,Cibulkova D.,Kuznetsova S.,45.0,13.0,1265.0,3516.0,7.0,5.0,7.0,6.0,,,2.0,0.0,Completed,4.33,1.2,4.25,1.2,4.0,1.22,5.09,1.21,4.0,1.22,5.5,1.25,4.34,1.2
WTA,2010,45,New York,US Open,2010-09-06,Grand Slam,Outdoor,Hard,4th Round,3,Kanepi K.,Wickmayer Y.,32.0,18.0,1725.0,3310.0,0.0,6.0,7.0,6.0,6.0,1.0,2.0,1.0,Completed,1.57,2.25,1.65,2.15,1.67,2.1,1.7,2.31,1.67,2.2,1.8,2.39,1.65,2.17
WTA,2010,45,New York,US Open,2010-09-06,Grand Slam,Outdoor,Hard,4th Round,3,Wozniacki C.,Sharapova M.,2.0,17.0,6410.0,3330.0,6.0,3.0,6.0,4.0,,,2.0,0.0,Completed,1.8,1.9,1.85,1.9,1.8,1.91,1.95,1.97,1.8,2.0,2.0,2.02,1.84,1.9
WTA,2010,45,New York,US Open,2010-09-06,Grand Slam,Outdoor,Hard,4th Round,3,Zvonareva V.,Petkovic A.,8.0,38.0,4430.0,1450.0,6.0,1.0,6.0,2.0,,,2.0,0.0,Completed,1.2,4.33,1.25,3.75,1.25,3.75,1.26,4.39,1.29,3.5,1.29,4.42,1.24,3.88
WTA,2010,45,New York,US Open,2010-09-07,Grand Slam,Outdoor,Hard,Quarterfinals,3,Williams V.,Schiavone F.,4.0,7.0,5176.0,4450.0,7.0,6.0,6.0,4.0,,,2.0,0.0,Completed,1.4,2.75,1.45,2.6,1.36,3.0,1.43,3.14,1.4,2.87,1.45,3.3,1.4,2.86
WTA,2010,45,New York,US Open,2010-09-08,Grand Slam,Outdoor,Hard,Quarterfinals,3,Clijsters K.,Stosur S.,3.0,6.0,5325.0,4550.0,6.0,4.0,5.0,7.0,6.0,3.0,2.0,1.0,Completed,1.16,4.5,1.18,4.5,1.2,4.33,1.23,4.9,1.2,4.5,1.33,5.25,1.2,4.51
WTA,2010,45,New York,US Open,2010-09-08,Grand Slam,Outdoor,Hard,Quarterfinals,3,Zvonareva V.,Kanepi K.,8.0,32.0,4430.0,1725.0,6.0,3.0,7.0,5.0,,,2.0,0.0,Completed,1.25,3.75,1.3,3.3,1.3,3.4,1.31,3.94,1.25,3.75,1.32,4.0,1.28,3.61
WTA,2010,45,New York,US Open,2010-09-08,Grand Slam,Outdoor,Hard,Quarterfinals,3,Wozniacki C.,Cibulkova D.,2.0,45.0,6410.0,1265.0,6.0,2.0,7.0,5.0,,,2.0,0.0,Completed,1.06,8.0,1.07,7.5,1.06,8.0,1.07,11.25,1.05,9.0,1.1,12.0,1.06,8.73
WTA,2010,45,New York,US Open,2010-09-10,Grand Slam,Outdoor,Hard,Semifinals,3,Zvonareva V.,Wozniacki C.,8.0,2.0,4430.0,6410.0,6.0,4.0,6.0,3.0,,,2.0,0.0,Completed,4.0,1.25,3.3,1.3,3.5,1.29,4.55,1.25,3.75,1.25,4.55,1.34,3.81,1.26
WTA,2010,45,New York,US Open,2010-09-10,Grand Slam,Outdoor,Hard,Semifinals,3,Clijsters K.,Williams V.,3.0,4.0,5325.0,5176.0,4.0,6.0,7.0,6.0,6.0,4.0,2.0,1.0,Completed,1.44,2.75,1.45,2.6,1.4,2.75,1.47,2.93,1.5,2.63,1.6,2.93,1.48,2.63
WTA,2010,45,New York,US Open,2010-09-12,Grand Slam,Outdoor,Hard,The Final,3,Clijsters K.,Zvonareva V.,3.0,8.0,5325.0,4430.0,6.0,2.0,6.0,1.0,,,2.0,0.0,Completed,1.4,3.0,1.4,2.8,1.36,3.0,1.46,3.01,1.36,3.0,1.48,3.1,1.4,2.87
