Tour,Year,WTA,Location,Tournament,Date,Tier,Court,Surface,Round,Best of,Winner,Loser,WRank,LRank,WPts,LPts,W1,L1,W2,L2,W3,L3,Wsets,Lsets,Comment,B365W,B365L,EXW,EXL,LBW,LBL,PSW,PSL,MaxW,MaxL,AvgW,AvgL
WTA,2016,6,Melbourne,Australian Open,2016-01-18,Grand Slam,Outdoor,Hard,1st Round,3,Gasparyan M.,Errani S.,58,19.0,959,2525.0,1.0,6.0,7.0,5.0,6.0,1.0,2.0,1.0,Completed,2.62,1.44,2.6,1.48,2.5,1.53,2.44,1.63,2.7,1.65,2.5,1.52
WTA,2016,6,Melbourne,Australian Open,2016-01-18,Grand Slam,Outdoor,Hard,1st Round,3,Gavrilova D.,Hradecka L.,39,53.0,1275,979.0,7.0,6.0,6.0,4.0,,,2.0,0.0,Completed,1.25,3.75,1.28,3.5,1.29,3.5,1.33,3.69,1.33,3.85,1.28,3.6
WTA,2016,6,Melbourne,Australian Open,2016-01-18,Grand Slam,Outdoor,Hard,1st Round,3,Kvitova P.,Kumkhum L.,7,158.0,3642,349.0,6.0,3.0,6.0,1.0,,,2.0,0.0,Completed,1.12,6.0,1.12,5.75,1.14,5.5,1.21,5.05,1.21,6.0,1.15,5.33
WTA,2016,6,Melbourne,Australian Open,2016-01-18,Grand Slam,Outdoor,Hard,1st Round,3,Suarez Navarro C.,Golubic V.,11,149.0,3175,377.0,7.0,5.0,6.0,4.0,,,2.0,0.0,Completed,1.22,4.0,1.22,4.0,1.22,4.33,1.29,4.05,1.29,4.33,1.24,3.92
WTA,2016,6,Melbourne,Australian Open,2016-01-18,Grand Slam,Outdoor,Hard,1st Round,3,Friedsam A.L.,Dominguez Lino L.,82,100.0,770,643.0,7.0,6.0,2.0,6.0,6.0,1.0,2.0,1.0,Completed,1.28,3.5,1.33,3.1,1.33,3.4,1.3,3.89,1.35,3.89,1.3,3.51
WTA,2016,6,Melbourne,Australian Open,2016-01-18,Grand Slam,Outdoor,Hard,1st Round,3,Gibbs N.,Koukalova K.,106,99.0,609,645.0,6.0,2.0,2.0,6.0,6.0,1.0,2.0,1.0,Completed,1.3,3.4,1.33,3.1,1.33,3.4,1.34,3.56,1.37,3.6,1.32,3.32
WTA,2016,6,Melbourne,Australian Open,2016-01-18,Grand Slam,Outdoor,Hard,1st Round,3,Rybarikova M.,Wickmayer Y.,75,41.0,798,1214.0,3.0,6.0,6.0,3.0,7.0,5.0,2.0,1.0,Completed,2.2,1.61,2.15,1.68,2.2,1.67,2.29,1.7,2.29,1.73,2.19,1.66
WTA,2016,6,Melbourne,Australian Open,2016-01-18,Grand Slam,Outdoor,Hard,1st Round,3,Sakkari M.,Wang Yaf.,170,138.0,322,412.0,6.0,4.0,1.0,6.0,6.0,3.0,2.0,1.0,Completed,2.0,1.72,1.9,1.82,2.0,1.8,2.17,1.78,2.17,1.87,1.99,1.8
WTA,2016,6,Melbourne,Australian Open,2016-01-18,Grand Slam,Outdoor,Hard,1st Round,3,Williams S.,Giorgi C.,1,36.0,9945,1325.0,6.0,4.0,7.0,5.0,,,2.0,0.0,Completed,1.12,6.0,1.1,6.5,1.11,6.5,1.17,6.02,1.17,7.0,1.13,6.04
WTA,2016,6,Melbourne,Australian Open,2016-01-18,Grand Slam,Outdoor,Hard,1st Round,3,Hsieh S.W.,Ostapenko J.,90,81.0,717,771.0,3.0,6.0,7.0,5.0,6.0,1.0,2.0,1.0,Completed,2.0,1.72,2.1,1.68,2.1,1.73,2.06,1.85,2.15,1.85,2.04,1.76
WTA,2016,6,Melbourne,Australian Open,2016-01-18,Grand Slam,Outdoor,Hard,1st Round,3,Wang Q.,Stephens S.,102,26.0,621,1965.0,6.0,3.0,6.0,3.0,,,2.0,0.0,Completed,7.0,1.1,6.5,1.1,7.0,1.1,6.41,1.15,7.7,1.15,6.47,1.11
WTA,2016,6,Melbourne,Australian Open,2016-01-18,Grand Slam,Outdoor,Hard,1st Round,3,Davis L.,Pavlyuchenkova A.,103,28.0,618,1880.0,1.0,6.0,6.0,3.0,6.0,4.0,2.0,1.0,Completed,5.0,1.14,5.75,1.12,5.5,1.14,6.25,1.16,6.33,1.16,5.71,1.13
WTA,2016,6,Melbourne,Australian Open,2016-01-18,Grand Slam,Outdoor,Hard,1st Round,3,Mladenovic K.,Cibulkova D.,30,38.0,1725,1301.0,6.0,3.0,6.0,4.0,,,2.0,0.0,Completed,2.75,1.4,2.6,1.48,2.62,1.5,2.81,1.5,2.83,1.5,2.67,1.46
WTA,2016,6,Melbourne,Australian Open,2016-01-18,Grand Slam,Outdoor,Hard,1st Round,3,Kasatkina D.,Schmiedlova A.,69,29.0,849,1875.0,6.0,3.0,6.0,3.0,,,2.0,0.0,Completed,2.1,1.66,2.05,1.7,2.1,1.73,2.12,1.81,2.12,1.91,2.05,1.75
WTA,2016,6,Melbourne,Australian Open,2016-01-18,Grand Slam,Outdoor,Hard,1st Round,3,Nara K.,Dodin O.,94,147.0,680,378.0,7.0,6.0,6.0,2.0,,,2.0,0.0,Completed,1.53,2.37,1.52,2.4,1.57,2.38,1.53,2.69,1.62,2.69,1.54,2.44
WTA,2016,6,Melbourne,Australian Open,2016-01-18,Grand Slam,Outdoor,Hard,1st Round,3,Putintseva Y.,Wozniacki C.,76,18.0,793,2571.0,1.0,6.0,7.0,6.0,6.0,4.0,2.0,1.0,Completed,8.0,1.08,7.0,1.08,8.0,1.08,8.43,1.1,9.0,1.1,7.65,1.08
WTA,2016,6,Melbourne,Australian Open,2016-01-18,Grand Slam,Outdoor,Hard,1st Round,3,Radwanska A.,Mchale C.,4,65.0,4670,920.0,6.0,2.0,6.0,3.0,,,2.0,0.0,Completed,1.02,19.0,1.03,11.0,1.03,12.0,1.03,19.17,1.03,21.0,1.02,14.44
WTA,2016,6,Melbourne,Australian Open,2016-01-18,Grand Slam,Outdoor,Hard,1st Round,3,Han X.,Duque Marino M.,162,77.0,346,792.0,6.0,2.0,2.0,1.0,,,1.0,0.0,Retired,3.25,1.33,3.4,1.3,3.4,1.33,3.31,1.38,3.55,1.38,3.28,1.33
WTA,2016,6,Melbourne,Australian Open,2016-01-18,Grand Slam,Outdoor,Hard,1st Round,3,Vinci R.,Paszek T.,15,126.0,2825,439.0,6.0,4.0,6.0,2.0,,,2.0,0.0,Completed,1.57,2.25,1.55,2.35,1.62,2.25,1.65,2.39,1.65,2.4,1.61,2.29
WTA,2016,6,Melbourne,Australian Open,2016-01-18,Grand Slam,Outdoor,Hard,1st Round,3,Bencic B.,Riske A.,13,88.0,3030,722.0,6.0,4.0,6.0,3.0,,,2.0,0.0,Completed,1.3,3.4,1.28,3.4,1.3,3.5,1.38,3.35,1.38,3.8,1.31,3.39
WTA,2016,6,Melbourne,Australian Open,2016-01-18,Grand Slam,Outdoor,Hard,1st Round,3,Kuznetsova S.,Hantuchova D.,20,89.0,2475,719.0,6.0,0.0,6.0,2.0,,,2.0,0.0,Completed,1.16,5.0,1.18,4.5,1.17,5.0,1.19,5.54,1.2,5.54,1.17,4.93
WTA,2016,6,Melbourne,Australian Open,2016-01-18,Grand Slam,Outdoor,Hard,1st Round,3,Falconi I.,Tatishvili A.,74,101.0,807,624.0,6.0,4.0,3.0,6.0,8.0,6.0,2.0,1.0,Completed,1.57,2.25,1.65,2.15,1.62,2.25,1.68,2.32,1.68,2.38,1.63,2.25
WTA,2016,6,Melbourne,Australian Open,2016-01-18,Grand Slam,Outdoor,Hard,1st Round,3,Sasnovich A.,Rodina E.,105,91.0,610,716.0,6.0,3.0,7.0,6.0,,,2.0,0.0,Completed,2.0,1.72,2.05,1.72,1.83,1.83,2.05,1.86,2.88,1.86,2.04,1.76
WTA,2016,6,Melbourne,Australian Open,2016-01-18,Grand Slam,Outdoor,Hard,1st Round,3,Bondarenko K.,Tomljanovic A.,92,67.0,708,875.0,7.0,6.0,6.0,3.0,,,2.0,0.0,Completed,1.53,2.37,1.55,2.35,1.57,2.38,1.57,2.57,1.6,2.7,1.55,2.41
WTA,2016,6,Melbourne,Australian Open,2016-01-18,Grand Slam,Outdoor,Hard,1st Round,3,Niculescu M.,Pereira T.,40,46.0,1245,1132.0,6.0,2.0,6.0,1.0,,,2.0,0.0,Completed,1.14,5.5,1.15,5.25,1.17,5.0,1.18,5.68,1.18,5.68,1.15,5.24
WTA,2016,6,Melbourne,Australian Open,2016-01-18,Grand Slam,Outdoor,Hard,1st Round,3,Puig M.,Linette M.,52,93.0,990,699.0,6.0,3.0,6.0,0.0,,,2.0,0.0,Completed,1.25,3.75,1.3,3.4,1.29,3.75,1.3,3.95,1.31,3.95,1.27,3.66
WTA,2016,6,Melbourne,Australian Open,2016-01-18,Grand Slam,Outdoor,Hard,1st Round,3,Konjuh A.,Radwanska U.,87,108.0,730,602.0,0.0,6.0,6.0,4.0,6.0,3.0,2.0,1.0,Completed,1.72,2.0,1.72,2.05,1.8,2.0,1.84,2.08,1.84,2.1,1.77,2.02
WTA,2016,6,Melbourne,Australian Open,2016-01-18,Grand Slam,Outdoor,Hard,1st Round,3,Babos T.,Watson H.,60,79.0,943,774.0,6.0,7.0,7.0,5.0,7.0,5.0,2.0,1.0,Completed,1.9,1.8,2.05,1.72,2.0,1.8,2.07,1.85,2.11,1.85,2.02,1.77
WTA,2016,6,Melbourne,Australian Open,2016-01-18,Grand Slam,Outdoor,Hard,1st Round,3,Sharapova M.,Hibino N.,5,56.0,4542,970.0,6.0,1.0,6.0,3.0,,,2.0,0.0,Completed,1.04,13.0,1.04,9.0,1.05,10.0,1.07,11.04,1.07,13.0,1.05,10.03
WTA,2016,6,Melbourne,Australian Open,2016-01-18,Grand Slam,Outdoor,Hard,1st Round,3,Bouchard E.,Krunic A.,37,119.0,1302,515.0,6.0,3.0,6.0,4.0,,,2.0,0.0,Completed,1.11,6.5,1.15,5.25,1.11,6.5,1.19,5.35,1.19,6.5,1.14,5.61
WTA,2016,6,Melbourne,Australian Open,2016-01-18,Grand Slam,Outdoor,Hard,1st Round,3,Kulichkova E.,Petkovic A.,109,25.0,601,2230.0,7.0,5.0,6.0,4.0,,,2.0,0.0,Completed,3.4,1.3,3.4,1.3,4.0,1.25,3.48,1.36,4.0,1.36,3.49,1.3
WTA,2016,6,Melbourne,Australian Open,2016-01-18,Grand Slam,Outdoor,Hard,1st Round,3,Pliskova Kr.,Stosur S.,114,27.0,548,1935.0,6.0,4.0,7.0,6.0,,,2.0,0.0,Completed,3.75,1.25,3.5,1.28,3.5,1.3,4.14,1.28,4.14,1.31,3.72,1.27
WTA,2016,6,Melbourne,Australian Open,2016-01-19,Grand Slam,Outdoor,Hard,1st Round,3,Beck A.,Hon P.,55,335.0,976,117.0,6.0,0.0,6.0,3.0,,,2.0,0.0,Completed,1.12,6.0,1.13,5.5,1.14,5.5,1.16,6.09,1.17,6.09,1.14,5.56
WTA,2016,6,Melbourne,Australian Open,2016-01-19,Grand Slam,Outdoor,Hard,1st Round,3,Keys M.,Diyas Z.,17,57.0,2600,965.0,7.0,6.0,6.0,1.0,,,2.0,0.0,Completed,1.2,4.33,1.22,4.0,1.2,4.5,1.26,4.34,1.26,4.6,1.22,4.2
WTA,2016,6,Melbourne,Australian Open,2016-01-19,Grand Slam,Outdoor,Hard,1st Round,3,Muguruza G.,Kontaveit A.,3,85.0,5101,743.0,6.0,0.0,6.0,4.0,,,2.0,0.0,Completed,1.1,7.0,1.08,7.25,1.1,7.0,1.11,7.88,1.12,7.88,1.09,7.04
WTA,2016,6,Melbourne,Australian Open,2016-01-19,Grand Slam,Outdoor,Hard,1st Round,3,Makarova E.,Inglis M.,24,779.0,2300,19.0,6.0,3.0,6.0,0.0,,,2.0,0.0,Completed,1.01,26.0,1.01,13.0,1.02,17.0,1.01,28.72,1.02,33.99,1.01,19.62
WTA,2016,6,Melbourne,Australian Open,2016-01-19,Grand Slam,Outdoor,Hard,1st Round,3,King V.,Barthel M.,349,44.0,109,1165.0,3.0,6.0,7.0,5.0,6.0,4.0,2.0,1.0,Completed,2.62,1.44,2.45,1.5,2.62,1.5,2.48,1.61,2.62,1.61,2.48,1.53
WTA,2016,6,Melbourne,Australian Open,2016-01-19,Grand Slam,Outdoor,Hard,1st Round,3,Flipkens K.,Lucic M.,80,68.0,773,860.0,5.0,7.0,6.0,2.0,7.0,5.0,2.0,1.0,Completed,2.25,1.57,2.15,1.68,2.2,1.67,2.19,1.76,2.25,1.76,2.15,1.68
WTA,2016,6,Melbourne,Australian Open,2016-01-19,Grand Slam,Outdoor,Hard,1st Round,3,Siegemund L.,Bertens K.,97,95.0,654,678.0,6.0,4.0,7.0,5.0,,,2.0,0.0,Completed,2.75,1.4,2.9,1.4,2.75,1.44,3.13,1.42,3.13,1.44,2.92,1.4
WTA,2016,6,Melbourne,Australian Open,2016-01-19,Grand Slam,Outdoor,Hard,1st Round,3,Bacsinszky T.,Siniakova K.,14,98.0,2954,651.0,6.0,3.0,7.0,5.0,,,2.0,0.0,Completed,1.5,2.5,1.52,2.45,1.53,2.5,1.5,2.8,1.57,2.8,1.5,2.55
WTA,2016,6,Melbourne,Australian Open,2016-01-19,Grand Slam,Outdoor,Hard,1st Round,3,Konta J.,Williams V.,47,10.0,1098,3511.0,6.0,4.0,6.0,2.0,,,2.0,0.0,Completed,3.0,1.36,2.9,1.4,3.0,1.4,2.85,1.49,3.0,1.56,2.84,1.41
WTA,2016,6,Melbourne,Australian Open,2016-01-19,Grand Slam,Outdoor,Hard,1st Round,3,Jankovic J.,Hercog P.,22,72.0,2445,835.0,6.0,3.0,6.0,3.0,,,2.0,0.0,Completed,1.2,4.33,1.25,3.75,1.25,4.0,1.28,4.16,1.3,4.5,1.24,3.95
WTA,2016,6,Melbourne,Australian Open,2016-01-19,Grand Slam,Outdoor,Hard,1st Round,3,Maria T.,Govortsova O.,73,71.0,824,835.0,6.0,4.0,6.0,3.0,,,2.0,0.0,Completed,1.57,2.25,1.62,2.25,1.67,2.2,1.73,2.24,1.73,2.75,1.63,2.24
WTA,2016,6,Melbourne,Australian Open,2016-01-19,Grand Slam,Outdoor,Hard,1st Round,3,Shvedova Y.,Pironkova T.,70,78.0,839,781.0,6.0,4.0,6.0,4.0,,,2.0,0.0,Completed,1.9,1.8,1.9,1.82,2.0,1.8,1.98,1.93,2.15,1.93,1.96,1.82
WTA,2016,6,Melbourne,Australian Open,2016-01-19,Grand Slam,Outdoor,Hard,1st Round,3,Svitolina E.,Duval V.,21,654.0,2465,30.0,6.0,2.0,6.0,3.0,,,2.0,0.0,Completed,1.1,7.0,1.1,6.0,1.11,6.5,1.12,7.44,1.13,7.5,1.1,6.52
WTA,2016,6,Melbourne,Australian Open,2016-01-19,Grand Slam,Outdoor,Hard,1st Round,3,Pliskova Ka.,Birrell K.,12,296.0,3090,142.0,6.0,4.0,6.0,4.0,,,2.0,0.0,Completed,1.05,11.0,1.04,10.0,1.04,11.0,1.04,15.91,1.06,15.91,1.04,11.95
WTA,2016,6,Melbourne,Australian Open,2016-01-19,Grand Slam,Outdoor,Hard,1st Round,3,Strycova B.,Garcia C.,48,34.0,1075,1420.0,6.0,2.0,6.0,4.0,,,2.0,0.0,Completed,2.75,1.4,2.7,1.45,2.75,1.44,2.75,1.51,2.85,1.51,2.7,1.45
WTA,2016,6,Melbourne,Australian Open,2016-01-19,Grand Slam,Outdoor,Hard,1st Round,3,Lepchenko V.,Tsurenko L.,51,35.0,1040,1398.0,6.0,7.0,6.0,2.0,6.0,3.0,2.0,1.0,Completed,1.66,2.1,1.65,2.2,1.67,2.2,1.66,2.37,1.71,2.38,1.65,2.21
WTA,2016,6,Melbourne,Australian Open,2016-01-19,Grand Slam,Outdoor,Hard,1st Round,3,Sevastova A.,Wolfe J.,113,122.0,551,491.0,6.0,0.0,4.0,2.0,,,1.0,0.0,Retired,1.8,1.9,1.68,2.1,1.73,2.1,1.74,2.22,1.87,2.22,1.73,2.08
WTA,2016,6,Melbourne,Australian Open,2016-01-19,Grand Slam,Outdoor,Hard,1st Round,3,Osaka N.,Vekic D.,127,104.0,436,616.0,6.0,3.0,6.0,2.0,,,2.0,0.0,Completed,1.36,3.0,1.3,3.3,1.3,3.5,1.41,3.18,1.41,3.5,1.34,3.15
WTA,2016,6,Melbourne,Australian Open,2016-01-19,Grand Slam,Outdoor,Hard,1st Round,3,Ivanovic A.,Patterson T.,23,459.0,2341,65.0,6.0,2.0,6.0,3.0,,,2.0,0.0,Completed,1.03,15.0,1.01,12.0,1.02,15.0,1.03,19.77,1.04,21.0,1.02,14.01
WTA,2016,6,Melbourne,Australian Open,2016-01-19,Grand Slam,Outdoor,Hard,1st Round,3,Lisicki S.,Cetkovska P.,32,132.0,1622,423.0,6.0,4.0,6.0,4.0,,,2.0,0.0,Completed,1.22,4.0,1.2,4.3,1.25,4.0,1.26,4.3,1.26,5.0,1.22,4.18
WTA,2016,6,Melbourne,Australian Open,2016-01-19,Grand Slam,Outdoor,Hard,1st Round,3,Goerges J.,Mitu A.,45,96.0,1160,655.0,6.0,3.0,6.0,4.0,,,2.0,0.0,Completed,1.2,4.33,1.25,3.75,1.22,4.33,1.25,4.4,1.25,4.4,1.23,4.09
WTA,2016,6,Melbourne,Australian Open,2016-01-19,Grand Slam,Outdoor,Hard,1st Round,3,Kerber A.,Doi M.,6,64.0,3710,922.0,6.0,7.0,7.0,6.0,6.0,3.0,2.0,1.0,Completed,1.03,15.0,1.03,11.0,1.03,12.0,1.04,16.81,1.04,16.81,1.03,12.68
WTA,2016,6,Melbourne,Australian Open,2016-01-19,Grand Slam,Outdoor,Hard,1st Round,3,Zheng S.,Witthoeft C.,83,62.0,760,925.0,6.0,1.0,6.0,2.0,,,2.0,0.0,Completed,2.5,1.5,2.45,1.52,2.5,1.53,2.74,1.52,2.74,1.58,2.55,1.5
WTA,2016,6,Melbourne,Australian Open,2016-01-19,Grand Slam,Outdoor,Hard,1st Round,3,Dulgheru A.,Sanders S.,61,355.0,926,107.0,6.0,4.0,6.0,2.0,,,2.0,0.0,Completed,1.28,3.5,1.28,3.5,1.3,3.5,1.35,3.5,1.35,3.6,1.3,3.4
WTA,2016,6,Melbourne,Australian Open,2016-01-19,Grand Slam,Outdoor,Hard,1st Round,3,Arruabarrena L.,Zanevska M.,86,146.0,742,385.0,6.0,7.0,6.0,3.0,6.0,3.0,2.0,1.0,Completed,1.61,2.2,1.72,2.05,1.73,2.1,1.71,2.27,1.8,2.27,1.68,2.15
WTA,2016,6,Melbourne,Australian Open,2016-01-19,Grand Slam,Outdoor,Hard,1st Round,3,Kovinic D.,Crawford S.,54,107.0,977,604.0,6.0,2.0,6.0,4.0,,,2.0,0.0,Completed,2.0,1.72,2.35,1.58,2.38,1.57,2.12,1.81,2.4,1.81,2.26,1.62
WTA,2016,6,Melbourne,Australian Open,2016-01-19,Grand Slam,Outdoor,Hard,1st Round,3,Allertova D.,Mattek-Sands B.,66,63.0,917,922.0,6.0,4.0,6.0,7.0,6.0,3.0,2.0,1.0,Completed,1.83,1.83,2.0,1.8,2.0,1.8,2.0,1.91,2.05,1.91,1.94,1.83
WTA,2016,6,Melbourne,Australian Open,2016-01-19,Grand Slam,Outdoor,Hard,1st Round,3,Cornet A.,Jovanovski B.,33,84.0,1430,755.0,6.0,1.0,6.0,0.0,,,2.0,0.0,Completed,1.12,6.0,1.13,5.5,1.14,5.5,1.15,6.32,1.17,6.32,1.14,5.54
WTA,2016,6,Melbourne,Australian Open,2016-01-19,Grand Slam,Outdoor,Hard,1st Round,3,Larsson J.,Begu I.,50,31.0,1043,1630.0,6.0,3.0,6.0,2.0,,,2.0,0.0,Completed,2.2,1.61,2.35,1.58,2.38,1.57,2.35,1.67,2.38,1.69,2.27,1.62
WTA,2016,6,Melbourne,Australian Open,2016-01-19,Grand Slam,Outdoor,Hard,1st Round,3,Brengle M.,Vandeweghe C.,49,42.0,1070,1188.0,6.0,3.0,6.0,4.0,,,2.0,0.0,Completed,2.1,1.66,2.15,1.68,2.1,1.73,2.17,1.78,2.2,1.8,2.12,1.7
WTA,2016,6,Melbourne,Australian Open,2016-01-19,Grand Slam,Outdoor,Hard,1st Round,3,Zhang S.,Halep S.,133,2.0,423,5965.0,6.0,4.0,6.0,3.0,,,2.0,0.0,Completed,10.0,1.06,8.0,1.07,10.0,1.05,9.28,1.09,10.5,1.09,8.69,1.07
WTA,2016,6,Melbourne,Australian Open,2016-01-19,Grand Slam,Outdoor,Hard,1st Round,3,Azarenka V.,Van Uytvanck A.,16,43.0,2745,1166.0,6.0,0.0,6.0,0.0,,,2.0,0.0,Completed,1.03,15.0,1.04,10.0,1.04,11.0,1.05,13.89,1.06,15.0,1.03,11.89
WTA,2016,6,Melbourne,Australian Open,2016-01-20,Grand Slam,Outdoor,Hard,2nd Round,3,Bondarenko K.,Kuznetsova S.,92,20.0,708,2475.0,6.0,1.0,7.0,5.0,,,2.0,0.0,Completed,5.5,1.14,4.75,1.17,5.0,1.17,5.82,1.17,5.82,1.19,5.13,1.16
WTA,2016,6,Melbourne,Australian Open,2016-01-20,Grand Slam,Outdoor,Hard,2nd Round,3,Sharapova M.,Sasnovich A.,5,105.0,4542,610.0,6.0,2.0,6.0,1.0,,,2.0,0.0,Completed,1.04,13.0,1.04,10.0,1.03,12.0,1.05,14.27,1.06,15.0,1.04,11.48
WTA,2016,6,Melbourne,Australian Open,2016-01-20,Grand Slam,Outdoor,Hard,2nd Round,3,Davis L.,Rybarikova M.,103,75.0,618,798.0,7.0,6.0,,,,,1.0,0.0,Retired,2.1,1.66,2.25,1.62,2.2,1.67,2.23,1.74,2.3,1.76,2.18,1.67
WTA,2016,6,Melbourne,Australian Open,2016-01-20,Grand Slam,Outdoor,Hard,2nd Round,3,Friedsam A.L.,Wang Q.,82,102.0,770,621.0,6.0,3.0,6.0,4.0,,,2.0,0.0,Completed,2.25,1.57,2.3,1.6,2.25,1.62,2.25,1.72,2.3,1.77,2.2,1.65
WTA,2016,6,Melbourne,Australian Open,2016-01-20,Grand Slam,Outdoor,Hard,2nd Round,3,Kasatkina D.,Konjuh A.,69,87.0,849,730.0,6.0,4.0,6.0,3.0,,,2.0,0.0,Completed,1.36,3.0,1.4,2.9,1.4,3.0,1.43,3.05,1.44,3.1,1.4,2.91
WTA,2016,6,Melbourne,Australian Open,2016-01-20,Grand Slam,Outdoor,Hard,2nd Round,3,Williams S.,Hsieh S.W.,1,90.0,9945,717.0,6.0,1.0,6.0,2.0,,,2.0,0.0,Completed,1.02,17.0,1.02,12.0,1.03,12.0,1.03,18.66,1.03,21.0,1.02,14.58
WTA,2016,6,Melbourne,Australian Open,2016-01-20,Grand Slam,Outdoor,Hard,2nd Round,3,Vinci R.,Falconi I.,15,74.0,2825,807.0,6.0,2.0,6.0,3.0,,,2.0,0.0,Completed,1.22,4.0,1.2,4.3,1.22,4.33,1.27,4.18,1.27,4.5,1.23,4.02
WTA,2016,6,Melbourne,Australian Open,2016-01-20,Grand Slam,Outdoor,Hard,2nd Round,3,Bencic B.,Babos T.,13,60.0,3030,943.0,6.0,3.0,6.0,3.0,,,2.0,0.0,Completed,1.25,3.75,1.25,3.5,1.25,4.0,1.31,3.81,1.31,4.0,1.27,3.69
WTA,2016,6,Melbourne,Australian Open,2016-01-20,Grand Slam,Outdoor,Hard,2nd Round,3,Suarez Navarro C.,Sakkari M.,11,170.0,3175,322.0,6.0,7.0,6.0,2.0,6.0,2.0,2.0,1.0,Completed,1.1,7.0,1.08,7.25,1.08,8.0,1.13,7.17,1.13,8.5,1.09,7.08
WTA,2016,6,Melbourne,Australian Open,2016-01-20,Grand Slam,Outdoor,Hard,2nd Round,3,Gasparyan M.,Nara K.,58,94.0,959,680.0,6.0,4.0,6.0,4.0,,,2.0,0.0,Completed,1.66,2.1,1.65,2.15,1.62,2.25,1.78,2.17,1.78,2.25,1.69,2.14
WTA,2016,6,Melbourne,Australian Open,2016-01-20,Grand Slam,Outdoor,Hard,2nd Round,3,Putintseva Y.,Han X.,76,162.0,793,346.0,6.0,3.0,6.0,1.0,,,2.0,0.0,Completed,1.2,4.33,1.2,4.3,1.22,4.33,1.26,4.29,1.26,4.55,1.23,4.09
WTA,2016,6,Melbourne,Australian Open,2016-01-20,Grand Slam,Outdoor,Hard,2nd Round,3,Kulichkova E.,Niculescu M.,109,40.0,601,1245.0,6.0,4.0,2.0,6.0,6.0,4.0,2.0,1.0,Completed,3.0,1.36,3.0,1.38,2.75,1.44,2.86,1.48,3.0,1.48,2.81,1.42
WTA,2016,6,Melbourne,Australian Open,2016-01-20,Grand Slam,Outdoor,Hard,2nd Round,3,Mladenovic K.,Gibbs N.,30,106.0,1725,609.0,6.0,1.0,7.0,6.0,,,2.0,0.0,Completed,1.5,2.5,1.45,2.7,1.53,2.5,1.48,2.88,1.57,2.88,1.47,2.64
WTA,2016,6,Melbourne,Australian Open,2016-01-20,Grand Slam,Outdoor,Hard,2nd Round,3,Radwanska A.,Bouchard E.,4,37.0,4670,1302.0,6.0,4.0,6.0,2.0,,,2.0,0.0,Completed,1.25,3.75,1.25,3.75,1.29,3.75,1.26,4.3,1.29,4.3,1.25,3.88
WTA,2016,6,Melbourne,Australian Open,2016-01-20,Grand Slam,Outdoor,Hard,2nd Round,3,Puig M.,Pliskova Kr.,52,114.0,990,548.0,4.0,6.0,7.0,6.0,9.0,7.0,2.0,1.0,Completed,1.3,3.4,1.3,3.4,1.36,3.25,1.33,3.64,1.36,3.7,1.31,3.36
WTA,2016,6,Melbourne,Australian Open,2016-01-20,Grand Slam,Outdoor,Hard,2nd Round,3,Gavrilova D.,Kvitova P.,39,7.0,1275,3642.0,6.0,4.0,6.0,4.0,,,2.0,0.0,Completed,3.4,1.3,3.5,1.28,3.5,1.3,3.69,1.33,3.75,1.34,3.5,1.29
WTA,2016,6,Melbourne,Australian Open,2016-01-21,Grand Slam,Outdoor,Hard,2nd Round,3,Ivanovic A.,Sevastova A.,23,113.0,2341,551.0,6.0,3.0,6.0,3.0,,,2.0,0.0,Completed,1.33,3.25,1.28,3.4,1.33,3.4,1.37,3.38,1.37,3.6,1.32,3.3
WTA,2016,6,Melbourne,Australian Open,2016-01-21,Grand Slam,Outdoor,Hard,2nd Round,3,Lepchenko V.,Arruabarrena L.,51,86.0,1040,742.0,7.0,6.0,6.0,4.0,,,2.0,0.0,Completed,1.3,3.4,1.3,3.2,1.33,3.4,1.36,3.45,1.36,3.45,1.33,3.26
WTA,2016,6,Melbourne,Australian Open,2016-01-21,Grand Slam,Outdoor,Hard,2nd Round,3,Osaka N.,Svitolina E.,127,21.0,436,2465.0,6.0,4.0,6.0,4.0,,,2.0,0.0,Completed,3.0,1.36,3.0,1.35,3.0,1.4,3.14,1.42,3.2,1.44,2.99,1.38
WTA,2016,6,Melbourne,Australian Open,2016-01-21,Grand Slam,Outdoor,Hard,2nd Round,3,Konta J.,Zheng S.,47,83.0,1098,760.0,6.0,2.0,6.0,3.0,,,2.0,0.0,Completed,1.28,3.5,1.22,3.8,1.25,3.75,1.33,3.64,1.36,3.9,1.28,3.57
WTA,2016,6,Melbourne,Australian Open,2016-01-21,Grand Slam,Outdoor,Hard,2nd Round,3,Strycova B.,King V.,48,349.0,1075,109.0,7.0,6.0,6.0,4.0,,,2.0,0.0,Completed,1.2,4.33,1.2,4.3,1.22,4.33,1.22,4.97,1.26,4.97,1.21,4.33
WTA,2016,6,Melbourne,Australian Open,2016-01-21,Grand Slam,Outdoor,Hard,2nd Round,3,Muguruza G.,Flipkens K.,3,80.0,5101,773.0,6.0,4.0,6.0,2.0,,,2.0,0.0,Completed,1.08,8.0,1.1,6.5,1.1,7.0,1.13,7.38,1.13,8.66,1.09,7.17
WTA,2016,6,Melbourne,Australian Open,2016-01-21,Grand Slam,Outdoor,Hard,2nd Round,3,Brengle M.,Larsson J.,49,50.0,1070,1043.0,7.0,5.0,4.0,6.0,6.0,1.0,2.0,1.0,Completed,2.1,1.66,2.05,1.75,2.1,1.73,1.96,1.94,2.1,1.94,2.01,1.78
WTA,2016,6,Melbourne,Australian Open,2016-01-21,Grand Slam,Outdoor,Hard,2nd Round,3,Azarenka V.,Kovinic D.,16,54.0,2745,977.0,6.0,1.0,6.0,2.0,,,2.0,0.0,Completed,1.01,21.0,1.02,12.0,1.02,17.0,1.03,18.17,1.03,21.0,1.02,14.67
WTA,2016,6,Melbourne,Australian Open,2016-01-21,Grand Slam,Outdoor,Hard,2nd Round,3,Allertova D.,Lisicki S.,66,32.0,917,1622.0,6.0,3.0,2.0,6.0,6.0,4.0,2.0,1.0,Completed,2.25,1.57,2.35,1.55,2.38,1.57,2.31,1.69,2.6,1.69,2.28,1.62
WTA,2016,6,Melbourne,Australian Open,2016-01-21,Grand Slam,Outdoor,Hard,2nd Round,3,Siegemund L.,Jankovic J.,97,22.0,654,2445.0,3.0,6.0,7.0,6.0,6.0,4.0,2.0,1.0,Completed,5.5,1.14,4.75,1.17,5.0,1.17,5.83,1.17,5.83,1.2,5.16,1.16
WTA,2016,6,Melbourne,Australian Open,2016-01-21,Grand Slam,Outdoor,Hard,2nd Round,3,Keys M.,Shvedova Y.,17,70.0,2600,839.0,6.0,7.0,6.0,3.0,6.0,3.0,2.0,1.0,Completed,1.33,3.25,1.35,3.1,1.4,3.0,1.38,3.31,1.42,3.31,1.37,3.06
WTA,2016,6,Melbourne,Australian Open,2016-01-21,Grand Slam,Outdoor,Hard,2nd Round,3,Zhang S.,Cornet A.,133,33.0,423,1430.0,6.0,3.0,6.0,3.0,,,2.0,0.0,Completed,3.0,1.36,3.2,1.33,3.25,1.36,3.27,1.39,3.3,1.39,3.12,1.35
WTA,2016,6,Melbourne,Australian Open,2016-01-21,Grand Slam,Outdoor,Hard,2nd Round,3,Kerber A.,Dulgheru A.,6,61.0,3710,926.0,6.0,2.0,6.0,4.0,,,2.0,0.0,Completed,1.08,8.0,1.08,7.5,1.08,8.0,1.07,10.85,1.1,10.85,1.07,8.52
WTA,2016,6,Melbourne,Australian Open,2016-01-21,Grand Slam,Outdoor,Hard,2nd Round,3,Makarova E.,Maria T.,24,73.0,2300,824.0,6.0,4.0,6.0,2.0,,,2.0,0.0,Completed,1.11,6.5,1.13,5.5,1.12,6.0,1.14,6.73,1.14,7.0,1.12,6.11
WTA,2016,6,Melbourne,Australian Open,2016-01-21,Grand Slam,Outdoor,Hard,2nd Round,3,Beck A.,Bacsinszky T.,55,14.0,976,2954.0,6.0,2.0,6.0,3.0,,,2.0,0.0,Completed,2.75,1.4,2.6,1.48,2.75,1.44,2.7,1.53,2.75,1.54,2.59,1.49
WTA,2016,6,Melbourne,Australian Open,2016-01-21,Grand Slam,Outdoor,Hard,2nd Round,3,Pliskova Ka.,Goerges J.,12,45.0,3090,1160.0,7.0,6.0,6.0,1.0,,,2.0,0.0,Completed,1.36,3.0,1.35,3.1,1.36,3.25,1.39,3.26,1.4,3.26,1.36,3.08
WTA,2016,6,Melbourne,Australian Open,2016-01-22,Grand Slam,Outdoor,Hard,3rd Round,3,Bencic B.,Bondarenko K.,13,92.0,3030,708.0,4.0,6.0,6.0,2.0,6.0,4.0,2.0,1.0,Completed,1.22,4.33,1.22,3.75,1.25,4.0,1.29,4.14,1.29,4.33,1.24,4.0
WTA,2016,6,Melbourne,Australian Open,2016-01-22,Grand Slam,Outdoor,Hard,3rd Round,3,Sharapova M.,Davis L.,5,103.0,4542,618.0,6.0,1.0,6.0,7.0,6.0,0.0,2.0,1.0,Completed,1.01,21.0,1.03,11.0,1.03,12.0,1.03,21.1,1.04,24.9,1.02,15.29
WTA,2016,6,Melbourne,Australian Open,2016-01-22,Grand Slam,Outdoor,Hard,3rd Round,3,Friedsam A.L.,Vinci R.,82,15.0,770,2825.0,0.0,6.0,6.0,4.0,6.0,4.0,2.0,1.0,Completed,3.75,1.28,3.75,1.22,3.4,1.33,3.49,1.36,3.95,1.36,3.51,1.29
WTA,2016,6,Melbourne,Australian Open,2016-01-22,Grand Slam,Outdoor,Hard,3rd Round,3,Radwanska A.,Puig M.,4,52.0,4670,990.0,6.0,4.0,6.0,0.0,,,2.0,0.0,Completed,1.14,5.5,1.11,5.75,1.14,5.5,1.18,5.7,1.19,6.0,1.15,5.21
WTA,2016,6,Melbourne,Australian Open,2016-01-22,Grand Slam,Outdoor,Hard,3rd Round,3,Gasparyan M.,Putintseva Y.,58,76.0,959,793.0,6.0,3.0,6.0,4.0,,,2.0,0.0,Completed,1.57,2.37,1.6,2.3,1.57,2.38,1.65,2.41,1.65,2.5,1.58,2.37
WTA,2016,6,Melbourne,Australian Open,2016-01-22,Grand Slam,Outdoor,Hard,3rd Round,3,Gavrilova D.,Mladenovic K.,39,30.0,1275,1725.0,6.0,4.0,4.0,6.0,11.0,9.0,2.0,1.0,Completed,1.8,2.0,1.88,1.88,1.91,1.91,1.8,2.15,1.91,2.15,1.82,1.96
WTA,2016,6,Melbourne,Australian Open,2016-01-22,Grand Slam,Outdoor,Hard,3rd Round,3,Williams S.,Kasatkina D.,1,69.0,9945,849.0,6.0,1.0,6.0,1.0,,,2.0,0.0,Completed,1.05,11.0,1.06,8.5,1.05,10.0,1.1,9.05,1.1,11.0,1.06,9.39
WTA,2016,6,Melbourne,Australian Open,2016-01-22,Grand Slam,Outdoor,Hard,3rd Round,3,Suarez Navarro C.,Kulichkova E.,11,109.0,3175,601.0,6.0,4.0,2.0,0.0,,,1.0,0.0,Retired,1.4,3.0,1.33,3.2,1.36,3.25,1.41,3.23,1.5,3.25,1.37,3.05
WTA,2016,6,Melbourne,Australian Open,2016-01-23,Grand Slam,Outdoor,Hard,3rd Round,3,Konta J.,Allertova D.,47,66.0,1098,917.0,6.0,2.0,6.0,2.0,,,2.0,0.0,Completed,1.5,2.62,1.48,2.6,1.53,2.5,1.58,2.59,1.61,2.75,1.51,2.53
WTA,2016,6,Melbourne,Australian Open,2016-01-23,Grand Slam,Outdoor,Hard,3rd Round,3,Makarova E.,Pliskova Ka.,24,12.0,2300,3090.0,6.0,3.0,6.0,2.0,,,2.0,0.0,Completed,1.8,2.0,1.75,2.0,1.8,2.0,1.8,2.15,1.85,2.15,1.77,2.04
WTA,2016,6,Melbourne,Australian Open,2016-01-23,Grand Slam,Outdoor,Hard,3rd Round,3,Strycova B.,Muguruza G.,48,3.0,1075,5101.0,6.0,3.0,6.0,2.0,,,2.0,0.0,Completed,5.0,1.16,4.75,1.17,5.0,1.17,5.8,1.18,5.9,1.2,5.13,1.16
WTA,2016,6,Melbourne,Australian Open,2016-01-23,Grand Slam,Outdoor,Hard,3rd Round,3,Beck A.,Siegemund L.,55,97.0,976,654.0,6.0,0.0,6.0,4.0,,,2.0,0.0,Completed,1.57,2.37,1.65,2.2,1.62,2.25,1.57,2.61,1.68,2.65,1.58,2.39
WTA,2016,6,Melbourne,Australian Open,2016-01-23,Grand Slam,Outdoor,Hard,3rd Round,3,Azarenka V.,Osaka N.,16,127.0,2745,436.0,6.0,1.0,6.0,1.0,,,2.0,0.0,Completed,1.04,13.0,1.03,10.0,1.03,12.0,1.04,16.32,1.06,16.32,1.03,11.76
WTA,2016,6,Melbourne,Australian Open,2016-01-23,Grand Slam,Outdoor,Hard,3rd Round,3,Kerber A.,Brengle M.,6,49.0,3710,1070.0,6.0,1.0,6.0,3.0,,,2.0,0.0,Completed,1.07,9.0,1.09,7.0,1.08,8.0,1.1,9.05,1.1,9.53,1.07,8.08
WTA,2016,6,Melbourne,Australian Open,2016-01-23,Grand Slam,Outdoor,Hard,3rd Round,3,Keys M.,Ivanovic A.,17,23.0,2600,2341.0,4.0,6.0,6.0,4.0,6.0,4.0,2.0,1.0,Completed,1.57,2.37,1.55,2.35,1.62,2.25,1.65,2.43,1.65,2.45,1.59,2.32
WTA,2016,6,Melbourne,Australian Open,2016-01-23,Grand Slam,Outdoor,Hard,3rd Round,3,Zhang S.,Lepchenko V.,133,51.0,423,1040.0,6.0,1.0,6.0,3.0,,,2.0,0.0,Completed,2.3,1.61,2.2,1.65,2.25,1.62,2.26,1.73,2.3,1.73,2.21,1.65
WTA,2016,6,Melbourne,Australian Open,2016-01-24,Grand Slam,Outdoor,Hard,4th Round,3,Sharapova M.,Bencic B.,5,13.0,4542,3030.0,7.0,5.0,7.0,5.0,,,2.0,0.0,Completed,1.36,3.25,1.33,3.2,1.4,3.0,1.39,3.35,1.4,3.35,1.36,3.12
WTA,2016,6,Melbourne,Australian Open,2016-01-24,Grand Slam,Outdoor,Hard,4th Round,3,Williams S.,Gasparyan M.,1,58.0,9945,959.0,6.0,2.0,6.0,1.0,,,2.0,0.0,Completed,1.05,11.0,1.04,10.0,1.04,11.0,1.05,14.88,1.06,15.0,1.04,11.56
WTA,2016,6,Melbourne,Australian Open,2016-01-24,Grand Slam,Outdoor,Hard,4th Round,3,Radwanska A.,Friedsam A.L.,4,82.0,4670,770.0,6.0,7.0,6.0,1.0,7.0,5.0,2.0,1.0,Completed,1.06,10.0,1.05,9.0,1.07,8.5,1.08,10.67,1.08,11.6,1.06,9.36
WTA,2016,6,Melbourne,Australian Open,2016-01-24,Grand Slam,Outdoor,Hard,4th Round,3,Suarez Navarro C.,Gavrilova D.,11,39.0,3175,1275.0,0.0,6.0,6.0,3.0,6.0,2.0,2.0,1.0,Completed,1.8,2.0,1.75,2.0,1.8,2.0,1.85,2.08,1.85,2.14,1.79,2.01
WTA,2016,6,Melbourne,Australian Open,2016-01-25,Grand Slam,Outdoor,Hard,4th Round,3,Kerber A.,Beck A.,6,55.0,3710,976.0,6.0,4.0,6.0,0.0,,,2.0,0.0,Completed,1.07,8.0,1.07,8.0,1.1,7.0,1.12,8.01,1.12,9.15,1.08,7.71
WTA,2016,6,Melbourne,Australian Open,2016-01-25,Grand Slam,Outdoor,Hard,4th Round,3,Azarenka V.,Strycova B.,16,48.0,2745,1075.0,6.0,2.0,6.0,4.0,,,2.0,0.0,Completed,1.06,10.0,1.06,8.5,1.06,9.0,1.07,11.59,1.08,11.6,1.06,9.44
WTA,2016,6,Melbourne,Australian Open,2016-01-25,Grand Slam,Outdoor,Hard,4th Round,3,Konta J.,Makarova E.,47,24.0,1098,2300.0,4.0,6.0,6.0,4.0,8.0,6.0,2.0,1.0,Completed,2.3,1.61,2.4,1.55,2.25,1.62,2.41,1.65,2.42,1.68,2.33,1.6
WTA,2016,6,Melbourne,Australian Open,2016-01-25,Grand Slam,Outdoor,Hard,4th Round,3,Zhang S.,Keys M.,133,17.0,423,2600.0,3.0,6.0,6.0,3.0,6.0,3.0,2.0,1.0,Completed,3.0,1.4,2.85,1.4,3.0,1.4,3.14,1.43,3.14,1.48,2.87,1.42
WTA,2016,6,Melbourne,Australian Open,2016-01-26,Grand Slam,Outdoor,Hard,Quarterfinals,3,Radwanska A.,Suarez Navarro C.,4,11.0,4670,3175.0,6.0,1.0,6.0,3.0,,,2.0,0.0,Completed,1.25,4.0,1.25,3.75,1.29,3.75,1.31,3.86,1.31,4.33,1.27,3.79
WTA,2016,6,Melbourne,Australian Open,2016-01-26,Grand Slam,Outdoor,Hard,Quarterfinals,3,Williams S.,Sharapova M.,1,5.0,9945,4542.0,6.0,4.0,6.0,1.0,,,2.0,0.0,Completed,1.2,4.5,1.22,4.1,1.22,4.33,1.24,4.64,1.27,4.75,1.22,4.31
WTA,2016,6,Melbourne,Australian Open,2016-01-27,Grand Slam,Outdoor,Hard,Quarterfinals,3,Kerber A.,Azarenka V.,6,16.0,3710,2745.0,6.0,3.0,7.0,5.0,,,2.0,0.0,Completed,5.0,1.16,4.6,1.18,4.5,1.2,5.3,1.2,5.5,1.25,4.72,1.19
WTA,2016,6,Melbourne,Australian Open,2016-01-27,Grand Slam,Outdoor,Hard,Quarterfinals,3,Konta J.,Zhang S.,47,133.0,1098,423.0,6.0,4.0,6.0,1.0,,,2.0,0.0,Completed,1.4,3.0,1.45,2.7,1.44,2.75,1.45,3.04,1.48,3.1,1.44,2.81
WTA,2016,6,Melbourne,Australian Open,2016-01-28,Grand Slam,Outdoor,Hard,Semifinals,3,Williams S.,Radwanska A.,1,4.0,9945,4670.0,6.0,0.0,6.0,4.0,,,2.0,0.0,Completed,1.12,6.0,1.14,5.4,1.14,5.5,1.2,5.55,1.44,6.0,1.16,5.37
WTA,2016,6,Melbourne,Australian Open,2016-01-28,Grand Slam,Outdoor,Hard,Semifinals,3,Kerber A.,Konta J.,6,47.0,3710,1098.0,7.0,5.0,6.0,2.0,,,2.0,0.0,Completed,1.3,3.5,1.33,3.1,1.33,3.4,1.38,3.42,1.4,3.5,1.34,3.29
WTA,2016,6,Melbourne,Australian Open,2016-01-30,Grand Slam,Outdoor,Hard,The Final,3,Kerber A.,Williams S.,6,1.0,3710,9945.0,6.0,4.0,3.0,6.0,6.0,4.0,2.0,1.0,Completed,6.5,1.11,6.0,1.12,6.0,1.12,7.47,1.14,7.5,1.17,6.41,1.12
WTA,2016,28,Paris,French Open,2016-05-22,Grand Slam,Outdoor,Clay,1st Round,3,Hsieh S.W.,Arruabarrena L.,80,92.0,817,738.0,7.0,6.0,6.0,3.0,,,2.0,0.0,Completed,2.75,1.4,2.65,1.42,2.75,1.44,2.88,1.48,2.88,1.53,2.68,1.46
WTA,2016,28,Paris,French Open,2016-05-22,Grand Slam,Outdoor,Clay,1st Round,3,Kvitova P.,Kovinic D.,12,59.0,2878,1035.0,6.0,2.0,4.0,6.0,7.0,5.0,2.0,1.0,Completed,1.22,4.0,1.2,4.0,1.25,3.75,1.27,4.22,1.27,4.33,1.24,4.0
WTA,2016,28,Paris,French Open,2016-05-22,Grand Slam,Outdoor,Clay,1st Round,3,Golubic V.,Riske A.,130,93.0,471,737.0,6.0,2.0,1.0,6.0,6.0,2.0,2.0,1.0,Completed,2.2,1.61,1.95,1.72,2.2,1.67,2.24,1.73,2.24,1.79,2.15,1.68
WTA,2016,28,Paris,French Open,2016-05-22,Grand Slam,Outdoor,Clay,1st Round,3,Pavlyuchenkova A.,Sorribes Tormo S.,27,190.0,1840,278.0,6.0,2.0,6.0,0.0,,,2.0,0.0,Completed,1.53,2.37,1.5,2.4,1.53,2.5,1.59,2.53,1.62,2.67,1.53,2.46
WTA,2016,28,Paris,French Open,2016-05-22,Grand Slam,Outdoor,Clay,1st Round,3,Safarova L.,Diatchenko V.,13,225.0,2843,228.0,6.0,0.0,6.0,2.0,,,2.0,0.0,Completed,1.1,7.0,1.12,5.0,1.1,7.0,1.11,8.36,1.13,8.5,1.1,7.12
WTA,2016,28,Paris,French Open,2016-05-23,Grand Slam,Outdoor,Clay,1st Round,3,Georges M.,Mchale C.,203,67.0,254,960.0,6.0,7.0,6.0,0.0,6.0,3.0,2.0,1.0,Completed,6.5,1.11,5.0,1.12,6.5,1.11,6.58,1.15,6.58,1.14,5.98,1.12
WTA,2016,28,Paris,French Open,2016-05-23,Grand Slam,Outdoor,Clay,1st Round,3,Stephens S.,Gasparyan M.,22,55.0,2260,1082.0,6.0,4.0,6.0,3.0,,,2.0,0.0,Completed,1.2,4.33,1.25,3.5,1.25,4.0,1.24,4.6,1.25,4.33,1.22,4.14
WTA,2016,28,Paris,French Open,2016-05-23,Grand Slam,Outdoor,Clay,1st Round,3,Hercog P.,Dominguez Lino L.,94,112.0,730,594.0,6.0,4.0,7.0,6.0,,,2.0,0.0,Completed,1.5,2.5,1.5,2.4,1.53,2.5,1.54,2.66,1.54,2.67,1.51,2.55
WTA,2016,28,Paris,French Open,2016-05-23,Grand Slam,Outdoor,Clay,1st Round,3,Osaka N.,Ostapenko J.,101,36.0,659,1365.0,6.0,4.0,7.0,5.0,,,2.0,0.0,Completed,3.0,1.36,3.0,1.33,3.0,1.4,3.31,1.38,3.4,1.4,3.1,1.35
WTA,2016,28,Paris,French Open,2016-05-23,Grand Slam,Outdoor,Clay,1st Round,3,Muguruza G.,Schmiedlova A.,4,38.0,5196,1340.0,3.0,6.0,6.0,3.0,6.0,3.0,2.0,1.0,Completed,1.06,10.0,1.04,8.5,1.06,9.0,1.07,11.51,1.08,11.51,1.06,9.18
WTA,2016,28,Paris,French Open,2016-05-23,Grand Slam,Outdoor,Clay,1st Round,3,Cepede Royg V.,Lisicki S.,161,51.0,355,1122.0,6.0,2.0,6.0,2.0,,,2.0,0.0,Completed,2.75,1.4,2.7,1.4,2.62,1.5,2.66,1.54,2.75,1.54,2.6,1.49
WTA,2016,28,Paris,French Open,2016-05-23,Grand Slam,Outdoor,Clay,1st Round,3,Strycova B.,Hradecka L.,33,146.0,1520,392.0,6.0,4.0,7.0,5.0,,,2.0,0.0,Completed,1.28,3.5,1.28,3.3,1.3,3.5,1.37,3.39,1.37,3.6,1.3,3.43
WTA,2016,28,Paris,French Open,2016-05-23,Grand Slam,Outdoor,Clay,1st Round,3,Lucic-Baroni M.,Hantuchova D.,52,170.0,1118,312.0,6.0,1.0,6.0,2.0,,,2.0,0.0,Completed,1.3,3.4,1.35,2.9,1.36,3.25,1.36,3.46,1.36,3.6,1.33,3.26
WTA,2016,28,Paris,French Open,2016-05-23,Grand Slam,Outdoor,Clay,1st Round,3,Buyukakcay C.,Sasnovich A.,83,98.0,794,676.0,5.0,7.0,7.0,6.0,6.0,2.0,2.0,1.0,Completed,1.44,2.62,1.5,2.4,1.53,2.5,1.54,2.66,1.54,2.75,1.49,2.55
WTA,2016,28,Paris,French Open,2016-05-23,Grand Slam,Outdoor,Clay,1st Round,3,Rogers S.,Pliskova Ka.,108,19.0,611,2420.0,3.0,6.0,6.0,4.0,6.0,3.0,2.0,1.0,Completed,4.5,1.18,4.75,1.15,4.5,1.2,4.93,1.22,4.93,1.22,4.54,1.19
WTA,2016,28,Paris,French Open,2016-05-23,Grand Slam,Outdoor,Clay,1st Round,3,Wickmayer Y.,Dulgheru A.,54,127.0,1095,482.0,6.0,1.0,6.0,3.0,,,2.0,0.0,Completed,1.53,2.37,1.48,2.45,1.57,2.25,1.62,2.39,1.64,2.5,1.56,2.39
WTA,2016,28,Paris,French Open,2016-05-23,Grand Slam,Outdoor,Clay,1st Round,3,Kuznetsova S.,Shvedova Y.,15,89.0,2585,754.0,4.0,6.0,6.0,1.0,6.0,4.0,2.0,1.0,Completed,1.2,4.33,1.22,3.8,1.22,4.33,1.21,5.02,1.22,5.02,1.2,4.47
WTA,2016,28,Paris,French Open,2016-05-23,Grand Slam,Outdoor,Clay,1st Round,3,Pironkova T.,Errani S.,102,18.0,644,2450.0,6.0,3.0,6.0,2.0,,,2.0,0.0,Completed,3.0,1.36,2.8,1.38,3.25,1.36,3.29,1.39,3.4,1.39,3.09,1.36
WTA,2016,28,Paris,French Open,2016-05-23,Grand Slam,Outdoor,Clay,1st Round,3,Halep S.,Hibino N.,6,71.0,4301,936.0,6.0,2.0,6.0,0.0,,,2.0,0.0,Completed,1.03,15.0,1.01,11.0,1.02,15.0,1.04,15.91,1.04,15.91,1.03,12.98
WTA,2016,28,Paris,French Open,2016-05-23,Grand Slam,Outdoor,Clay,1st Round,3,Vesnina E.,Brengle M.,49,68.0,1159,950.0,6.0,2.0,6.0,3.0,,,2.0,0.0,Completed,1.4,2.75,1.45,2.5,1.44,2.75,1.49,2.82,1.5,2.84,1.45,2.68
WTA,2016,28,Paris,French Open,2016-05-23,Grand Slam,Outdoor,Clay,1st Round,3,Beck A.,Zanevska M.,39,141.0,1335,410.0,6.0,1.0,6.0,2.0,,,2.0,0.0,Completed,1.53,2.37,1.55,2.3,1.53,2.5,1.59,2.52,1.61,2.6,1.55,2.41
WTA,2016,28,Paris,French Open,2016-05-23,Grand Slam,Outdoor,Clay,1st Round,3,Garcia C.,Tsurenko L.,40,41.0,1305,1301.0,6.0,3.0,7.0,5.0,,,2.0,0.0,Completed,1.33,3.25,1.35,2.9,1.33,3.25,1.31,3.85,1.36,3.85,1.3,3.48
WTA,2016,28,Paris,French Open,2016-05-23,Grand Slam,Outdoor,Clay,1st Round,3,Watson H.,Gibbs N.,56,72.0,1081,906.0,5.0,7.0,6.0,2.0,6.0,2.0,2.0,1.0,Completed,1.4,2.75,1.45,2.55,1.44,2.75,1.43,3.1,1.45,3.1,1.41,2.86
WTA,2016,28,Paris,French Open,2016-05-23,Grand Slam,Outdoor,Clay,1st Round,3,Radwanska A.,Jovanovski B.,2,120.0,5850,534.0,6.0,0.0,6.0,2.0,,,2.0,0.0,Completed,1.03,17.0,1.01,10.0,1.02,15.0,1.03,18.59,1.04,18.59,1.02,14.19
WTA,2016,28,Paris,French Open,2016-05-23,Grand Slam,Outdoor,Clay,1st Round,3,Larsson J.,Linette M.,62,84.0,1023,791.0,6.0,3.0,4.0,6.0,7.0,5.0,2.0,1.0,Completed,1.5,2.5,1.48,2.45,1.5,2.62,1.61,2.49,1.61,2.62,1.53,2.46
WTA,2016,28,Paris,French Open,2016-05-23,Grand Slam,Outdoor,Clay,1st Round,3,Diyas Z.,Witthoeft C.,90,100.0,750,663.0,2.0,6.0,6.0,4.0,6.0,2.0,2.0,1.0,Completed,2.1,1.66,1.9,1.8,2.0,1.8,2.19,1.76,2.25,1.8,2.13,1.7
WTA,2016,28,Paris,French Open,2016-05-23,Grand Slam,Outdoor,Clay,1st Round,3,Bondarenko K.,Vinci R.,65,7.0,978,3405.0,6.0,1.0,6.0,3.0,,,2.0,0.0,Completed,2.0,1.72,2.0,1.68,2.1,1.73,2.03,1.88,2.2,1.88,2.03,1.77
WTA,2016,28,Paris,French Open,2016-05-23,Grand Slam,Outdoor,Clay,1st Round,3,Begu I.,Mattek-Sands B.,28,86.0,1655,787.0,5.0,7.0,6.0,1.0,6.0,3.0,2.0,1.0,Completed,1.22,4.0,1.22,3.6,1.25,4.0,1.26,4.35,1.28,4.35,1.24,3.93
WTA,2016,28,Paris,French Open,2016-05-23,Grand Slam,Outdoor,Clay,1st Round,3,Vandeweghe C.,Broady N.,43,79.0,1242,824.0,6.0,4.0,3.0,6.0,6.0,3.0,2.0,1.0,Completed,1.44,2.62,1.45,2.55,1.5,2.62,1.58,2.46,1.62,2.75,1.49,2.59
WTA,2016,28,Paris,French Open,2016-05-24,Grand Slam,Outdoor,Clay,1st Round,3,Suarez Navarro C.,Siniakova K.,14,104.0,2585,631.0,6.0,2.0,4.0,6.0,6.0,2.0,2.0,1.0,Completed,1.28,3.5,1.25,3.5,1.3,3.5,1.33,3.68,1.33,3.8,1.29,3.53
WTA,2016,28,Paris,French Open,2016-05-24,Grand Slam,Outdoor,Clay,1st Round,3,Cornet A.,Flipkens K.,50,61.0,1145,1025.0,6.0,1.0,6.0,0.0,,,2.0,0.0,Completed,1.53,2.37,1.6,2.2,1.57,2.38,1.63,2.43,1.63,2.5,1.58,2.36
WTA,2016,28,Paris,French Open,2016-05-24,Grand Slam,Outdoor,Clay,1st Round,3,Bertens K.,Kerber A.,58,3.0,1051,5740.0,6.0,2.0,3.0,6.0,6.0,3.0,2.0,1.0,Completed,3.0,1.36,3.0,1.33,3.0,1.4,3.19,1.41,3.2,1.44,3.04,1.37
WTA,2016,28,Paris,French Open,2016-05-24,Grand Slam,Outdoor,Clay,1st Round,3,Konjuh A.,Rodionova Ar.,76,237.0,844,209.0,6.0,2.0,6.0,3.0,,,2.0,0.0,Completed,1.1,7.0,1.11,5.1,1.11,6.0,1.12,7.58,1.13,7.58,1.11,6.51
WTA,2016,28,Paris,French Open,2016-05-24,Grand Slam,Outdoor,Clay,1st Round,3,Mladenovic K.,Schiavone F.,30,95.0,1550,712.0,6.0,2.0,6.0,4.0,,,2.0,0.0,Completed,1.4,2.75,1.4,2.75,1.44,2.75,1.56,2.61,1.57,2.75,1.48,2.63
WTA,2016,28,Paris,French Open,2016-05-24,Grand Slam,Outdoor,Clay,1st Round,3,Wang Q.,Andrianjafitrimo T.,74,311.0,879,130.0,6.0,0.0,6.0,0.0,,,2.0,0.0,Completed,1.25,3.75,1.28,3.3,1.29,3.75,1.3,3.88,1.32,3.88,1.27,3.64
WTA,2016,28,Paris,French Open,2016-05-24,Grand Slam,Outdoor,Clay,1st Round,3,Babos T.,Crawford S.,45,106.0,1200,628.0,6.0,4.0,6.0,0.0,,,2.0,0.0,Completed,1.16,5.0,1.16,4.5,1.17,5.0,1.18,5.61,1.18,6.1,1.16,5.15
WTA,2016,28,Paris,French Open,2016-05-24,Grand Slam,Outdoor,Clay,1st Round,3,Maria T.,Jankovic J.,111,26.0,604,1940.0,6.0,3.0,3.0,6.0,6.0,3.0,2.0,1.0,Completed,3.75,1.25,3.3,1.28,3.75,1.29,3.42,1.37,3.75,1.37,3.39,1.31
WTA,2016,28,Paris,French Open,2016-05-24,Grand Slam,Outdoor,Clay,1st Round,3,Bouchard E.,Siegemund L.,47,37.0,1170,1345.0,6.0,2.0,6.0,2.0,,,2.0,0.0,Completed,2.25,1.57,2.25,1.58,2.25,1.62,2.19,1.76,2.35,1.76,2.2,1.66
WTA,2016,28,Paris,French Open,2016-05-24,Grand Slam,Outdoor,Clay,1st Round,3,Cibulkova D.,Zheng S.,25,85.0,1951,790.0,6.0,3.0,6.0,1.0,,,2.0,0.0,Completed,1.1,7.0,1.11,5.0,1.12,6.0,1.13,7.21,1.13,7.25,1.11,6.47
WTA,2016,28,Paris,French Open,2016-05-24,Grand Slam,Outdoor,Clay,1st Round,3,Stosur S.,Doi M.,24,42.0,2050,1290.0,6.0,2.0,4.0,6.0,6.0,3.0,2.0,1.0,Completed,1.5,2.5,1.45,2.55,1.5,2.62,1.54,2.66,1.54,3.0,1.48,2.62
WTA,2016,28,Paris,French Open,2016-05-24,Grand Slam,Outdoor,Clay,1st Round,3,Bacsinszky T.,Soler-Espinosa S.,9,126.0,3150,483.0,6.0,3.0,6.0,1.0,,,2.0,0.0,Completed,1.08,8.0,1.08,6.5,1.06,9.0,1.08,9.95,1.1,10.5,1.07,8.48
WTA,2016,28,Paris,French Open,2016-05-24,Grand Slam,Outdoor,Clay,1st Round,3,Zhang S.,Voskoboeva G.,69,492.0,949,57.0,7.0,5.0,6.0,2.0,,,2.0,0.0,Completed,1.4,2.75,1.4,2.75,1.5,2.62,1.5,2.8,1.51,2.88,1.44,2.71
WTA,2016,28,Paris,French Open,2016-05-24,Grand Slam,Outdoor,Clay,1st Round,3,Chirico L.,Davis L.,78,113.0,830,589.0,6.0,2.0,2.0,6.0,8.0,6.0,2.0,1.0,Completed,1.33,3.25,1.38,2.8,1.4,3.0,1.46,2.95,1.46,3.25,1.39,2.92
WTA,2016,28,Paris,French Open,2016-05-24,Grand Slam,Outdoor,Clay,1st Round,3,Giorgi C.,Lim A.,44,156.0,1230,365.0,6.0,3.0,6.0,2.0,,,2.0,0.0,Completed,1.16,5.0,1.2,4.0,1.17,5.0,1.22,4.85,1.22,5.05,1.19,4.61
WTA,2016,28,Paris,French Open,2016-05-24,Grand Slam,Outdoor,Clay,1st Round,3,Makarova E.,Lepchenko V.,29,64.0,1552,979.0,5.0,7.0,6.0,4.0,6.0,3.0,2.0,1.0,Completed,1.4,2.75,1.42,2.65,1.83,1.83,1.58,2.56,1.83,2.88,1.52,2.52
WTA,2016,28,Paris,French Open,2016-05-24,Grand Slam,Outdoor,Clay,1st Round,3,Kasatkina D.,Friedsam A.L.,32,48.0,1538,1160.0,6.0,1.0,4.0,6.0,6.0,3.0,2.0,1.0,Completed,1.33,3.25,1.33,2.9,1.4,3.0,1.37,3.39,1.4,3.39,1.35,3.15
WTA,2016,28,Paris,French Open,2016-05-24,Grand Slam,Outdoor,Clay,1st Round,3,Ivanovic A.,Dodin O.,16,148.0,2560,383.0,6.0,0.0,5.0,7.0,6.0,2.0,2.0,1.0,Completed,1.16,5.0,1.14,4.75,1.17,5.0,1.21,4.99,1.21,5.0,1.18,4.75
WTA,2016,28,Paris,French Open,2016-05-24,Grand Slam,Outdoor,Clay,1st Round,3,Williams V.,Kontaveit A.,11,82.0,2886,800.0,7.0,6.0,7.0,6.0,,,2.0,0.0,Completed,1.2,4.33,1.18,4.0,1.2,4.5,1.24,4.61,1.24,4.9,1.21,4.46
WTA,2016,28,Paris,French Open,2016-05-24,Grand Slam,Outdoor,Clay,1st Round,3,Razzano V.,Soylu I.,184,171.0,297,312.0,4.0,6.0,6.0,1.0,6.0,0.0,2.0,1.0,Completed,1.4,2.75,1.45,2.5,1.44,2.75,1.53,2.69,1.57,2.85,1.47,2.63
WTA,2016,28,Paris,French Open,2016-05-24,Grand Slam,Outdoor,Clay,1st Round,3,Keys M.,Vekic D.,17,96.0,2482,706.0,6.0,3.0,6.0,2.0,,,2.0,0.0,Completed,1.08,8.0,1.08,6.0,1.08,8.0,1.1,8.67,1.1,9.15,1.08,7.76
WTA,2016,28,Paris,French Open,2016-05-24,Grand Slam,Outdoor,Clay,1st Round,3,Duque-Marino M.,Gavrilova D.,75,46.0,863,1180.0,5.0,7.0,6.0,4.0,6.0,4.0,2.0,1.0,Completed,2.75,1.4,2.8,1.38,2.75,1.4,2.95,1.46,4.0,1.53,2.84,1.42
WTA,2016,28,Paris,French Open,2016-05-24,Grand Slam,Outdoor,Clay,1st Round,3,Sevastova A.,Vickery S.,87,165.0,772,343.0,6.0,2.0,6.0,2.0,,,2.0,0.0,Completed,1.53,2.37,1.55,2.3,1.57,2.38,1.71,2.27,1.71,2.38,1.63,2.24
WTA,2016,28,Paris,French Open,2016-05-24,Grand Slam,Outdoor,Clay,1st Round,3,Knapp K.,Azarenka V.,118,5.0,565,4341.0,6.0,3.0,6.0,7.0,4.0,0.0,1.0,1.0,Retired,15.0,1.03,10.0,1.02,15.0,1.02,13.89,1.05,15.0,1.05,12.38,1.03
WTA,2016,28,Paris,French Open,2016-05-24,Grand Slam,Outdoor,Clay,1st Round,3,Nara K.,Allertova D.,91,70.0,743,947.0,5.0,7.0,6.0,3.0,2.0,0.0,1.0,1.0,Retired,2.25,1.57,2.3,1.55,2.25,1.62,2.29,1.7,2.5,1.7,2.25,1.63
WTA,2016,28,Paris,French Open,2016-05-24,Grand Slam,Outdoor,Clay,1st Round,3,Townsend T.,Hesse A.,172,157.0,311,363.0,6.0,2.0,6.0,1.0,,,2.0,0.0,Completed,1.33,3.25,1.38,2.8,1.4,3.0,1.38,3.33,1.4,3.33,1.36,3.11
WTA,2016,28,Paris,French Open,2016-05-24,Grand Slam,Outdoor,Clay,1st Round,3,Petkovic A.,Robson L.,31,329.0,1545,120.0,6.0,2.0,6.0,2.0,,,2.0,0.0,Completed,1.1,7.0,1.12,5.0,1.11,6.5,1.12,7.54,1.12,7.54,1.1,6.69
WTA,2016,28,Paris,French Open,2016-05-24,Grand Slam,Outdoor,Clay,1st Round,3,Puig M.,Govortsova O.,53,105.0,1100,629.0,7.0,5.0,6.0,3.0,,,2.0,0.0,Completed,1.25,3.75,1.28,3.3,1.29,3.75,1.3,3.9,1.3,3.9,1.27,3.67
WTA,2016,28,Paris,French Open,2016-05-24,Grand Slam,Outdoor,Clay,1st Round,3,Goerges J.,Konta J.,57,21.0,1055,2280.0,6.0,2.0,6.0,3.0,,,2.0,0.0,Completed,2.37,1.53,2.2,1.6,2.38,1.57,2.45,1.62,2.45,1.63,2.34,1.58
WTA,2016,28,Paris,French Open,2016-05-24,Grand Slam,Outdoor,Clay,1st Round,3,Pereira T.,Pliskova Kr.,81,109.0,808,609.0,7.0,5.0,3.0,6.0,9.0,7.0,2.0,1.0,Completed,1.5,2.5,1.55,2.25,1.53,2.5,1.62,2.45,1.62,2.5,1.55,2.42
WTA,2016,28,Paris,French Open,2016-05-24,Grand Slam,Outdoor,Clay,1st Round,3,Putintseva Y.,Wozniak A.,60,514.0,1025,54.0,6.0,1.0,6.0,1.0,,,2.0,0.0,Completed,1.1,7.0,1.09,6.0,1.1,7.0,1.13,7.04,1.13,7.04,1.11,6.47
WTA,2016,28,Paris,French Open,2016-05-24,Grand Slam,Outdoor,Clay,1st Round,3,Svitolina E.,Cirstea S.,20,97.0,2416,693.0,6.0,1.0,6.0,3.0,,,2.0,0.0,Completed,1.9,1.8,1.85,1.8,1.91,1.91,1.99,1.92,2.08,1.92,1.92,1.86
WTA,2016,28,Paris,French Open,2016-05-24,Grand Slam,Outdoor,Clay,1st Round,3,Falconi I.,Barthel M.,63,66.0,1005,975.0,6.0,4.0,0.0,6.0,6.0,2.0,2.0,1.0,Completed,1.4,2.75,1.42,2.65,1.44,2.75,1.47,2.9,1.47,3.0,1.42,2.79
WTA,2016,28,Paris,French Open,2016-05-24,Grand Slam,Outdoor,Clay,1st Round,3,Williams S.,Rybarikova M.,1,77.0,9030,832.0,6.0,2.0,6.0,0.0,,,2.0,0.0,Completed,1.01,21.0,1.01,10.5,1.02,15.0,1.02,21.49,1.03,26.0,1.02,17.16
WTA,2016,28,Paris,French Open,2016-05-24,Grand Slam,Outdoor,Clay,1st Round,3,Parmentier P.,Niculescu M.,88,35.0,757,1450.0,6.0,2.0,7.0,6.0,,,2.0,0.0,Completed,2.1,1.66,2.15,1.62,2.2,1.67,2.05,1.81,2.25,1.81,2.16,1.68
WTA,2016,28,Paris,French Open,2016-05-25,Grand Slam,Outdoor,Clay,2nd Round,3,Pavlyuchenkova A.,Buyukakcay C.,27,83.0,1840,794.0,6.0,3.0,4.0,6.0,6.0,1.0,2.0,1.0,Completed,1.44,2.62,1.4,2.75,1.44,2.75,1.41,3.15,1.5,3.15,1.43,2.78
WTA,2016,28,Paris,French Open,2016-05-25,Grand Slam,Outdoor,Clay,2nd Round,3,Halep S.,Diyas Z.,6,90.0,4301,750.0,7.0,6.0,6.0,2.0,,,2.0,0.0,Completed,1.07,9.0,1.05,8.0,1.05,10.0,1.08,9.87,1.08,11.0,1.06,8.97
WTA,2016,28,Paris,French Open,2016-05-25,Grand Slam,Outdoor,Clay,2nd Round,3,Kvitova P.,Hsieh S.W.,12,80.0,2878,817.0,6.0,4.0,6.0,1.0,,,2.0,0.0,Completed,1.16,5.0,1.16,4.25,1.17,5.0,1.18,5.68,1.2,5.68,1.16,5.01
WTA,2016,28,Paris,French Open,2016-05-25,Grand Slam,Outdoor,Clay,2nd Round,3,Kuznetsova S.,Watson H.,15,56.0,2585,1081.0,6.0,1.0,6.0,3.0,,,2.0,0.0,Completed,1.36,3.0,1.38,2.8,1.4,3.0,1.37,3.41,1.44,3.41,1.37,3.03
WTA,2016,28,Paris,French Open,2016-05-25,Grand Slam,Outdoor,Clay,2nd Round,3,Rogers S.,Vesnina E.,108,49.0,611,1159.0,6.0,4.0,6.0,2.0,,,2.0,0.0,Completed,3.25,1.33,3.3,1.28,3.25,1.36,3.64,1.33,3.64,1.36,3.25,1.33
WTA,2016,28,Paris,French Open,2016-05-25,Grand Slam,Outdoor,Clay,2nd Round,3,Osaka N.,Lucic-Baroni M.,101,52.0,659,1118.0,6.0,3.0,6.0,3.0,,,2.0,0.0,Completed,3.5,1.28,3.0,1.33,3.4,1.33,3.85,1.31,3.85,1.33,3.52,1.29
WTA,2016,28,Paris,French Open,2016-05-25,Grand Slam,Outdoor,Clay,2nd Round,3,Muguruza G.,Georges M.,4,203.0,5196,254.0,6.0,2.0,6.0,0.0,,,2.0,0.0,Completed,1.04,10.0,1.01,10.0,1.03,13.0,1.05,13.89,1.05,13.89,1.04,11.37
WTA,2016,28,Paris,French Open,2016-05-25,Grand Slam,Outdoor,Clay,2nd Round,3,Safarova L.,Golubic V.,13,130.0,2843,471.0,6.0,2.0,6.0,2.0,,,2.0,0.0,Completed,1.22,4.0,1.18,4.0,1.25,4.0,1.27,4.22,1.27,4.5,1.23,4.03
WTA,2016,28,Paris,French Open,2016-05-25,Grand Slam,Outdoor,Clay,2nd Round,3,Wickmayer Y.,Makarova E.,54,29.0,1095,1552.0,2.0,6.0,6.0,2.0,6.0,2.0,2.0,1.0,Completed,2.75,1.4,2.6,1.42,2.75,1.44,3.03,1.44,3.05,1.45,2.82,1.42
WTA,2016,28,Paris,French Open,2016-05-25,Grand Slam,Outdoor,Clay,2nd Round,3,Stosur S.,Zhang S.,24,69.0,2050,949.0,6.0,3.0,6.0,4.0,,,2.0,0.0,Completed,1.3,3.75,1.25,3.5,1.3,3.5,1.31,3.81,1.33,3.85,1.29,3.56
WTA,2016,28,Paris,French Open,2016-05-25,Grand Slam,Outdoor,Clay,2nd Round,3,Strycova B.,Hercog P.,33,94.0,1520,730.0,6.0,4.0,6.0,4.0,,,2.0,0.0,Completed,1.33,3.25,1.35,2.9,1.36,3.25,1.41,3.1,1.41,3.35,1.35,3.11
WTA,2016,28,Paris,French Open,2016-05-25,Grand Slam,Outdoor,Clay,2nd Round,3,Pironkova T.,Larsson J.,102,62.0,644,1023.0,7.0,5.0,7.0,6.0,,,2.0,0.0,Completed,2.0,1.72,1.9,1.75,2.0,1.8,2.0,1.91,2.16,1.91,2.0,1.78
WTA,2016,28,Paris,French Open,2016-05-25,Grand Slam,Outdoor,Clay,2nd Round,3,Begu I.,Vandeweghe C.,28,43.0,1655,1242.0,6.0,7.0,7.0,6.0,10.0,8.0,2.0,1.0,Completed,1.22,4.0,1.2,3.8,1.25,4.0,1.25,4.48,1.25,4.6,1.21,4.25
WTA,2016,28,Paris,French Open,2016-05-25,Grand Slam,Outdoor,Clay,2nd Round,3,Radwanska A.,Garcia C.,2,40.0,5850,1305.0,6.0,2.0,6.0,4.0,,,2.0,0.0,Completed,1.53,2.37,1.58,2.25,1.62,2.25,1.65,2.4,1.65,2.5,1.58,2.35
WTA,2016,28,Paris,French Open,2016-05-25,Grand Slam,Outdoor,Clay,2nd Round,3,Beck A.,Bondarenko K.,39,65.0,1335,978.0,4.0,6.0,6.0,3.0,7.0,5.0,2.0,1.0,Completed,1.9,1.8,1.8,1.85,1.91,1.91,1.87,2.04,1.91,2.1,1.85,1.94
WTA,2016,28,Paris,French Open,2016-05-25,Grand Slam,Outdoor,Clay,2nd Round,3,Stephens S.,Cepede Royg V.,22,161.0,2260,355.0,7.0,6.0,6.0,1.0,,,2.0,0.0,Completed,1.25,3.75,1.25,3.5,1.25,4.0,1.29,3.97,1.3,4.0,1.26,3.78
WTA,2016,28,Paris,French Open,2016-05-26,Grand Slam,Outdoor,Clay,2nd Round,3,Bacsinszky T.,Bouchard E.,9,47.0,3150,1170.0,6.0,4.0,6.0,4.0,,,2.0,0.0,Completed,1.5,2.5,1.5,2.4,1.53,2.38,1.53,2.69,1.57,2.75,1.5,2.56
WTA,2016,28,Paris,French Open,2016-05-26,Grand Slam,Outdoor,Clay,2nd Round,3,Ivanovic A.,Nara K.,16,91.0,2560,743.0,7.0,5.0,6.0,1.0,,,2.0,0.0,Completed,1.14,5.5,1.16,4.3,1.12,5.5,1.17,5.98,1.17,6.25,1.14,5.52
WTA,2016,28,Paris,French Open,2016-05-26,Grand Slam,Outdoor,Clay,2nd Round,3,Knapp K.,Sevastova A.,118,87.0,565,772.0,6.0,3.0,6.0,4.0,,,2.0,0.0,Completed,2.1,1.66,1.95,1.72,2.1,1.73,2.25,1.72,2.25,1.8,2.08,1.73
WTA,2016,28,Paris,French Open,2016-05-26,Grand Slam,Outdoor,Clay,2nd Round,3,Suarez Navarro C.,Wang Q.,14,74.0,2585,879.0,6.0,1.0,6.0,3.0,,,2.0,0.0,Completed,1.12,6.5,1.13,4.9,1.11,6.0,1.14,6.92,1.14,7.0,1.12,6.18
WTA,2016,28,Paris,French Open,2016-05-26,Grand Slam,Outdoor,Clay,2nd Round,3,Putintseva Y.,Petkovic A.,60,31.0,1025,1545.0,6.0,2.0,6.0,2.0,,,2.0,0.0,Completed,2.62,1.5,2.5,1.45,2.5,1.5,2.55,1.58,2.75,1.58,2.52,1.51
WTA,2016,28,Paris,French Open,2016-05-26,Grand Slam,Outdoor,Clay,2nd Round,3,Bertens K.,Giorgi C.,58,44.0,1051,1230.0,6.0,4.0,6.0,1.0,,,2.0,0.0,Completed,1.36,3.0,1.38,2.8,1.4,3.0,1.36,3.47,1.41,3.47,1.36,3.12
WTA,2016,28,Paris,French Open,2016-05-26,Grand Slam,Outdoor,Clay,2nd Round,3,Cibulkova D.,Konjuh A.,25,76.0,1951,844.0,6.0,4.0,3.0,6.0,6.0,0.0,2.0,1.0,Completed,1.22,3.75,1.25,3.5,1.25,4.0,1.22,4.89,1.29,4.89,1.24,3.99
WTA,2016,28,Paris,French Open,2016-05-26,Grand Slam,Outdoor,Clay,2nd Round,3,Parmentier P.,Falconi I.,88,63.0,757,1005.0,6.0,3.0,6.0,1.0,,,2.0,0.0,Completed,1.33,3.25,1.3,3.0,1.36,3.25,1.39,3.26,1.42,3.4,1.35,3.14
WTA,2016,28,Paris,French Open,2016-05-26,Grand Slam,Outdoor,Clay,2nd Round,3,Kasatkina D.,Razzano V.,32,184.0,1538,297.0,3.0,6.0,6.0,1.0,6.0,3.0,2.0,1.0,Completed,1.33,3.25,1.3,3.0,1.33,3.25,1.4,3.2,1.4,3.35,1.35,3.1
WTA,2016,28,Paris,French Open,2016-05-26,Grand Slam,Outdoor,Clay,2nd Round,3,Williams S.,Pereira T.,1,81.0,9030,808.0,6.0,2.0,6.0,1.0,,,2.0,0.0,Completed,1.01,21.0,1.01,12.0,1.02,17.0,1.03,20.5,1.03,27.25,1.02,17.59
WTA,2016,28,Paris,French Open,2016-05-26,Grand Slam,Outdoor,Clay,2nd Round,3,Cornet A.,Maria T.,50,111.0,1145,604.0,6.0,3.0,6.0,7.0,6.0,4.0,2.0,1.0,Completed,1.4,2.75,1.4,2.75,1.44,2.75,1.53,2.71,1.53,3.0,1.43,2.77
WTA,2016,28,Paris,French Open,2016-05-26,Grand Slam,Outdoor,Clay,2nd Round,3,Svitolina E.,Townsend T.,20,172.0,2416,311.0,6.0,3.0,6.0,0.0,,,2.0,0.0,Completed,1.36,3.0,1.35,2.9,1.36,3.25,1.38,3.31,1.42,3.4,1.36,3.1
WTA,2016,28,Paris,French Open,2016-05-26,Grand Slam,Outdoor,Clay,2nd Round,3,Keys M.,Duque-Marino M.,17,75.0,2482,863.0,6.0,3.0,6.0,2.0,,,2.0,0.0,Completed,1.25,3.75,1.25,3.4,1.25,3.75,1.28,4.1,1.29,4.1,1.26,3.79
WTA,2016,28,Paris,French Open,2016-05-26,Grand Slam,Outdoor,Clay,2nd Round,3,Williams V.,Chirico L.,11,78.0,2886,830.0,6.0,2.0,6.0,1.0,,,2.0,0.0,Completed,1.61,2.2,1.58,2.2,1.67,2.2,1.74,2.23,1.76,2.25,1.67,2.18
WTA,2016,28,Paris,French Open,2016-05-26,Grand Slam,Outdoor,Clay,2nd Round,3,Puig M.,Goerges J.,53,57.0,1100,1055.0,7.0,5.0,6.0,7.0,7.0,5.0,2.0,1.0,Completed,2.0,1.72,2.0,1.7,2.1,1.73,2.03,1.88,2.1,1.91,2.02,1.78
WTA,2016,28,Paris,French Open,2016-05-26,Grand Slam,Outdoor,Clay,2nd Round,3,Mladenovic K.,Babos T.,30,45.0,1550,1200.0,6.0,4.0,6.0,3.0,,,2.0,0.0,Completed,2.1,1.66,2.0,1.7,2.0,1.8,2.13,1.8,2.2,1.81,2.06,1.74
WTA,2016,28,Paris,French Open,2016-05-27,Grand Slam,Outdoor,Clay,3rd Round,3,Begu I.,Beck A.,28,39.0,1655,1335.0,6.0,4.0,2.0,6.0,6.0,1.0,2.0,1.0,Completed,1.44,2.75,1.4,2.75,1.44,2.62,1.47,2.95,1.48,3.0,1.43,2.76
WTA,2016,28,Paris,French Open,2016-05-27,Grand Slam,Outdoor,Clay,3rd Round,3,Halep S.,Osaka N.,6,101.0,4301,659.0,4.0,6.0,6.0,2.0,6.0,3.0,2.0,1.0,Completed,1.11,6.5,1.14,4.75,1.12,6.0,1.13,7.36,1.14,7.58,1.12,6.32
WTA,2016,28,Paris,French Open,2016-05-27,Grand Slam,Outdoor,Clay,3rd Round,3,Muguruza G.,Wickmayer Y.,4,54.0,5196,1095.0,6.0,3.0,6.0,0.0,,,2.0,0.0,Completed,1.12,6.0,1.14,4.75,1.14,5.5,1.15,6.63,1.17,6.75,1.13,5.78
WTA,2016,28,Paris,French Open,2016-05-27,Grand Slam,Outdoor,Clay,3rd Round,3,Stosur S.,Safarova L.,24,13.0,2050,2843.0,6.0,3.0,6.0,7.0,7.0,5.0,2.0,1.0,Completed,2.75,1.44,2.55,1.45,2.75,1.44,2.82,1.5,2.9,1.51,2.73,1.44
WTA,2016,28,Paris,French Open,2016-05-27,Grand Slam,Outdoor,Clay,3rd Round,3,Rogers S.,Kvitova P.,108,12.0,611,2878.0,6.0,0.0,6.0,7.0,6.0,0.0,2.0,1.0,Completed,4.0,1.25,3.7,1.22,3.4,1.3,4.15,1.28,4.15,1.3,3.84,1.26
WTA,2016,28,Paris,French Open,2016-05-27,Grand Slam,Outdoor,Clay,3rd Round,3,Radwanska A.,Strycova B.,2,33.0,5850,1520.0,6.0,2.0,6.0,7.0,6.0,2.0,2.0,1.0,Completed,1.3,3.5,1.33,2.9,1.36,3.25,1.37,3.47,1.4,3.58,1.33,3.28
WTA,2016,28,Paris,French Open,2016-05-27,Grand Slam,Outdoor,Clay,3rd Round,3,Kuznetsova S.,Pavlyuchenkova A.,15,27.0,2585,1840.0,6.0,1.0,6.0,4.0,,,2.0,0.0,Completed,1.33,3.4,1.33,2.9,1.36,3.25,1.39,3.2,1.39,3.79,1.32,3.32
WTA,2016,28,Paris,French Open,2016-05-27,Grand Slam,Outdoor,Clay,3rd Round,3,Pironkova T.,Stephens S.,102,22.0,644,2260.0,6.0,2.0,6.0,1.0,,,2.0,0.0,Completed,4.0,1.25,3.5,1.25,3.75,1.29,4.35,1.27,4.35,1.3,3.97,1.24
WTA,2016,28,Paris,French Open,2016-05-28,Grand Slam,Outdoor,Clay,3rd Round,3,Bacsinszky T.,Parmentier P.,9,88.0,3150,757.0,6.0,4.0,6.0,2.0,,,2.0,0.0,Completed,1.2,4.5,1.22,3.8,1.22,4.33,1.21,5.1,1.25,5.1,1.2,4.48
WTA,2016,28,Paris,French Open,2016-05-28,Grand Slam,Outdoor,Clay,3rd Round,3,Putintseva Y.,Knapp K.,60,118.0,1025,565.0,6.0,1.0,6.0,1.0,,,2.0,0.0,Completed,1.57,2.37,1.5,2.4,1.53,2.5,1.58,2.57,1.62,2.57,1.55,2.42
WTA,2016,28,Paris,French Open,2016-05-28,Grand Slam,Outdoor,Clay,3rd Round,3,Suarez Navarro C.,Cibulkova D.,14,25.0,2585,1951.0,6.0,4.0,3.0,6.0,6.0,1.0,2.0,1.0,Completed,1.66,2.2,1.58,2.25,1.57,2.38,1.78,2.19,1.78,2.4,1.67,2.19
WTA,2016,28,Paris,French Open,2016-05-28,Grand Slam,Outdoor,Clay,3rd Round,3,Svitolina E.,Ivanovic A.,20,16.0,2416,2560.0,6.0,4.0,6.0,4.0,,,2.0,0.0,Completed,2.37,1.57,2.15,1.62,2.25,1.62,2.53,1.6,2.57,1.67,2.3,1.61
WTA,2016,28,Paris,French Open,2016-05-28,Grand Slam,Outdoor,Clay,3rd Round,3,Williams S.,Mladenovic K.,1,30.0,9030,1550.0,6.0,4.0,7.0,6.0,,,2.0,0.0,Completed,1.03,15.0,1.03,9.0,1.02,15.0,1.04,17.22,1.05,17.25,1.03,13.11
WTA,2016,28,Paris,French Open,2016-05-28,Grand Slam,Outdoor,Clay,3rd Round,3,Williams V.,Cornet A.,11,50.0,2886,1145.0,7.0,6.0,1.0,6.0,6.0,0.0,2.0,1.0,Completed,1.28,3.75,1.3,3.2,1.29,3.75,1.32,3.84,1.32,4.05,1.28,3.69
WTA,2016,28,Paris,French Open,2016-05-28,Grand Slam,Outdoor,Clay,3rd Round,3,Bertens K.,Kasatkina D.,58,32.0,1051,1538.0,6.0,2.0,3.0,6.0,10.0,8.0,2.0,1.0,Completed,1.53,2.5,1.55,2.3,1.53,2.5,1.6,2.53,1.61,2.55,1.54,2.45
WTA,2016,28,Paris,French Open,2016-05-28,Grand Slam,Outdoor,Clay,3rd Round,3,Keys M.,Puig M.,17,53.0,2482,1100.0,7.0,6.0,6.0,3.0,,,2.0,0.0,Completed,1.4,3.0,1.35,2.9,1.4,3.0,1.42,3.16,1.42,3.25,1.37,3.04
WTA,2016,28,Paris,French Open,2016-05-29,Grand Slam,Outdoor,Clay,4th Round,3,Muguruza G.,Kuznetsova S.,4,15.0,5196,2585.0,6.0,3.0,6.0,4.0,,,2.0,0.0,Completed,1.5,2.62,1.48,2.4,1.53,2.5,1.56,2.65,1.61,2.65,1.52,2.51
WTA,2016,28,Paris,French Open,2016-05-29,Grand Slam,Outdoor,Clay,4th Round,3,Rogers S.,Begu I.,108,28.0,611,1655.0,6.0,3.0,6.0,4.0,,,2.0,0.0,Completed,3.0,1.4,2.8,1.38,2.62,1.44,3.36,1.38,3.36,1.5,2.92,1.4
WTA,2016,28,Paris,French Open,2016-05-31,Grand Slam,Outdoor,Clay,4th Round,3,Stosur S.,Halep S.,24,6.0,2050,4301.0,7.0,6.0,6.0,3.0,,,2.0,0.0,Completed,3.75,1.28,3.3,1.25,3.5,1.3,5.7,1.16,3.84,1.43,3.51,1.29
WTA,2016,28,Paris,French Open,2016-05-31,Grand Slam,Outdoor,Clay,4th Round,3,Pironkova T.,Radwanska A.,102,2.0,644,5850.0,2.0,6.0,6.0,3.0,6.0,3.0,2.0,1.0,Completed,4.5,1.2,4.3,1.16,4.5,1.2,4.8,1.23,5.0,1.23,4.55,1.19
WTA,2016,28,Paris,French Open,2016-06-01,Grand Slam,Outdoor,Clay,4th Round,3,Bertens K.,Keys M.,58,17.0,1051,2482.0,7.0,6.0,6.0,3.0,,,2.0,0.0,Completed,2.75,1.44,2.55,1.45,2.62,1.5,2.62,1.57,2.85,1.57,2.62,1.48
WTA,2016,28,Paris,French Open,2016-06-01,Grand Slam,Outdoor,Clay,4th Round,3,Putintseva Y.,Suarez Navarro C.,60,14.0,1025,2585.0,7.0,5.0,7.0,5.0,,,2.0,0.0,Completed,2.75,1.44,2.55,1.42,2.75,1.44,3.1,1.43,3.1,1.48,2.82,1.42
WTA,2016,28,Paris,French Open,2016-06-01,Grand Slam,Outdoor,Clay,4th Round,3,Williams S.,Svitolina E.,1,20.0,9030,2416.0,6.0,1.0,6.0,1.0,,,2.0,0.0,Completed,1.11,6.5,1.1,5.6,1.1,7.0,1.13,7.65,1.13,8.0,1.1,6.69
WTA,2016,28,Paris,French Open,2016-06-01,Grand Slam,Outdoor,Clay,4th Round,3,Bacsinszky T.,Williams V.,9,11.0,3150,2886.0,6.0,2.0,6.0,4.0,,,2.0,0.0,Completed,1.44,2.75,1.42,2.65,1.44,2.75,1.47,2.97,1.49,3.0,1.43,2.79
WTA,2016,28,Paris,French Open,2016-06-01,Grand Slam,Outdoor,Clay,Quarterfinals,3,Muguruza G.,Rogers S.,4,108.0,5196,611.0,7.0,5.0,6.0,3.0,,,2.0,0.0,Completed,1.14,5.5,1.16,4.3,1.17,5.0,1.17,6.04,1.18,6.17,1.15,5.34
WTA,2016,28,Paris,French Open,2016-06-01,Grand Slam,Outdoor,Clay,Quarterfinals,3,Stosur S.,Pironkova T.,24,102.0,2050,644.0,6.0,4.0,7.0,6.0,,,2.0,0.0,Completed,1.4,3.0,1.42,2.65,1.4,3.0,1.41,3.23,1.43,3.25,1.38,2.99
WTA,2016,28,Paris,French Open,2016-06-02,Grand Slam,Outdoor,Clay,Quarterfinals,3,Williams S.,Putintseva Y.,1,60.0,9030,1025.0,5.0,7.0,6.0,4.0,6.0,1.0,2.0,1.0,Completed,1.06,10.0,1.06,7.5,1.08,8.0,1.08,10.98,1.1,10.98,1.07,8.61
WTA,2016,28,Paris,French Open,2016-06-02,Grand Slam,Outdoor,Clay,Quarterfinals,3,Bertens K.,Bacsinszky T.,58,9.0,1051,3150.0,7.0,5.0,6.0,2.0,,,2.0,0.0,Completed,2.5,1.53,2.3,1.55,2.38,1.57,2.56,1.59,2.68,1.59,2.48,1.53
WTA,2016,28,Paris,French Open,2016-06-03,Grand Slam,Outdoor,Clay,Semifinals,3,Muguruza G.,Stosur S.,4,24.0,5196,2050.0,6.0,2.0,6.0,4.0,,,2.0,0.0,Completed,1.3,3.5,1.28,3.2,1.36,3.25,1.36,3.56,1.36,3.8,1.32,3.41
WTA,2016,28,Paris,French Open,2016-06-03,Grand Slam,Outdoor,Clay,Semifinals,3,Williams S.,Bertens K.,1,58.0,9030,1051.0,7.0,6.0,6.0,4.0,,,2.0,0.0,Completed,1.11,6.5,1.13,4.9,1.11,6.5,1.13,7.94,1.15,7.94,1.12,6.34
WTA,2016,28,Paris,French Open,2016-06-04,Grand Slam,Outdoor,Clay,The Final,3,Muguruza G.,Williams S.,4,1.0,5196,9030.0,7.0,5.0,6.0,4.0,,,2.0,0.0,Completed,2.37,1.57,2.2,1.62,2.2,1.67,2.43,1.66,2.5,1.67,2.35,1.6
WTA,2016,34,London,Wimbledon,2016-06-27,Grand Slam,Outdoor,Grass,1st Round,3,Cepelova J.,Duque-Marino M.,124,74.0,477,923.0,7.0,5.0,7.0,5.0,,,2.0,0.0,Completed,1.8,1.9,1.9,1.8,1.91,1.8,2.0,1.91,2.0,1.96,1.9,1.87
WTA,2016,34,London,Wimbledon,2016-06-27,Grand Slam,Outdoor,Grass,1st Round,3,Kasatkina D.,Duval V.,33,572.0,1549,42.0,6.0,0.0,7.0,5.0,,,2.0,0.0,Completed,1.12,6.0,1.13,5.0,1.17,5.0,1.16,6.13,1.18,6.25,1.14,5.59
WTA,2016,34,London,Wimbledon,2016-06-27,Grand Slam,Outdoor,Grass,1st Round,3,Lisicki S.,Rogers S.,81,62.0,847,1031.0,6.0,1.0,6.0,3.0,,,2.0,0.0,Completed,1.33,3.25,1.28,3.2,1.33,3.4,1.37,3.3,1.37,3.4,1.34,3.21
WTA,2016,34,London,Wimbledon,2016-06-27,Grand Slam,Outdoor,Grass,1st Round,3,Nara K.,Brengle M.,93,58.0,727,1055.0,6.0,2.0,6.0,7.0,6.0,3.0,2.0,1.0,Completed,3.5,1.28,3.5,1.25,3.4,1.3,3.8,1.31,4.04,1.31,3.65,1.28
WTA,2016,34,London,Wimbledon,2016-06-27,Grand Slam,Outdoor,Grass,1st Round,3,Stosur S.,Linette M.,16,92.0,2700,746.0,7.0,5.0,6.0,3.0,,,2.0,0.0,Completed,1.22,4.0,1.22,3.8,1.22,4.0,1.29,4.05,1.29,4.3,1.24,3.98
WTA,2016,34,London,Wimbledon,2016-06-27,Grand Slam,Outdoor,Grass,1st Round,3,Arruabarrena L.,Govortsova O.,87,113.0,768,590.0,6.0,2.0,1.0,6.0,8.0,6.0,2.0,1.0,Completed,2.75,1.4,2.65,1.42,2.75,1.44,2.76,1.51,3.0,1.51,2.75,1.43
WTA,2016,34,London,Wimbledon,2016-06-27,Grand Slam,Outdoor,Grass,1st Round,3,Witthoeft C.,Begu I.,109,27.0,603,1765.0,6.0,1.0,6.0,4.0,,,2.0,0.0,Completed,2.75,1.4,2.75,1.4,2.75,1.44,3.04,1.44,3.04,1.46,2.83,1.41
WTA,2016,34,London,Wimbledon,2016-06-27,Grand Slam,Outdoor,Grass,1st Round,3,Sakkari M.,Zheng S.,115,79.0,580,885.0,6.0,3.0,6.0,2.0,,,2.0,0.0,Completed,2.1,1.66,2.05,1.68,2.2,1.67,2.19,1.76,2.25,1.76,2.13,1.69
WTA,2016,34,London,Wimbledon,2016-06-27,Grand Slam,Outdoor,Grass,1st Round,3,Williams V.,Vekic D.,8,112.0,3116,591.0,7.0,6.0,6.0,4.0,,,2.0,0.0,Completed,1.1,7.0,1.09,6.0,1.1,7.0,1.12,7.55,1.12,8.0,1.1,6.86
WTA,2016,34,London,Wimbledon,2016-06-27,Grand Slam,Outdoor,Grass,1st Round,3,Crawford S.,Kania P.,106,209.0,625,253.0,7.0,5.0,6.0,3.0,,,2.0,0.0,Completed,3.0,1.4,2.8,1.38,3.0,1.36,3.17,1.41,3.25,1.46,3.0,1.38
WTA,2016,34,London,Wimbledon,2016-06-27,Grand Slam,Outdoor,Grass,1st Round,3,Friedsam A.L.,Diyas Z.,57,99.0,1075,667.0,6.0,4.0,6.0,0.0,,,2.0,0.0,Completed,1.57,2.37,1.58,2.2,1.8,2.0,1.66,2.37,1.8,2.4,1.62,2.28
WTA,2016,34,London,Wimbledon,2016-06-27,Grand Slam,Outdoor,Grass,1st Round,3,Errani S.,Tig P.M.,21,100.0,2030,660.0,6.0,4.0,6.0,4.0,,,2.0,0.0,Completed,1.18,4.5,1.18,4.1,1.2,4.33,1.3,3.89,1.3,5.0,1.19,4.53
WTA,2016,34,London,Wimbledon,2016-06-27,Grand Slam,Outdoor,Grass,1st Round,3,Alexandrova E.,Ivanovic A.,223,25.0,239,1915.0,6.0,2.0,7.0,5.0,,,2.0,0.0,Completed,7.0,1.1,6.0,1.09,7.0,1.1,9.16,1.11,9.16,1.14,6.57,1.11
WTA,2016,34,London,Wimbledon,2016-06-27,Grand Slam,Outdoor,Grass,1st Round,3,Flipkens K.,Gibbs N.,51,76.0,1105,906.0,6.0,3.0,6.0,1.0,,,2.0,0.0,Completed,1.28,3.5,1.2,3.8,1.25,4.0,1.31,3.85,1.31,4.4,1.24,3.92
WTA,2016,34,London,Wimbledon,2016-06-27,Grand Slam,Outdoor,Grass,1st Round,3,Keys M.,Siegemund L.,9,42.0,3061,1329.0,6.0,3.0,6.0,1.0,,,2.0,0.0,Completed,1.12,6.0,1.12,5.0,1.14,5.5,1.15,6.42,1.16,6.42,1.13,5.77
WTA,2016,34,London,Wimbledon,2016-06-27,Grand Slam,Outdoor,Grass,1st Round,3,Safarova L.,Mattek-Sands B.,29,84.0,1673,787.0,6.0,7.0,7.0,6.0,7.0,5.0,2.0,1.0,Completed,1.3,3.5,1.33,3.0,1.33,3.4,1.34,3.57,1.39,3.65,1.32,3.37
WTA,2016,34,London,Wimbledon,2016-06-27,Grand Slam,Outdoor,Grass,1st Round,3,Allertova D.,Gasparyan M.,82,59.0,847,1052.0,6.0,3.0,3.0,0.0,,,1.0,0.0,Retired,1.44,2.75,1.48,2.45,1.57,2.25,1.52,2.73,1.64,2.75,1.49,2.58
WTA,2016,34,London,Wimbledon,2016-06-27,Grand Slam,Outdoor,Grass,1st Round,3,Cornet A.,Hercog P.,61,86.0,1035,770.0,6.0,3.0,6.0,0.0,,,2.0,0.0,Completed,1.66,2.2,1.68,2.0,1.73,2.1,1.72,2.25,1.76,2.25,1.7,2.12
WTA,2016,34,London,Wimbledon,2016-06-27,Grand Slam,Outdoor,Grass,1st Round,3,Suarez Navarro C.,Zhang S.,12,63.0,2780,1016.0,6.0,3.0,4.0,6.0,6.0,4.0,2.0,1.0,Completed,1.14,5.5,1.16,4.25,1.17,5.0,1.2,5.23,1.2,5.75,1.16,5.01
WTA,2016,34,London,Wimbledon,2016-06-27,Grand Slam,Outdoor,Grass,1st Round,3,Muguruza G.,Giorgi C.,2,67.0,6712,980.0,6.0,2.0,5.0,7.0,6.0,4.0,2.0,1.0,Completed,1.28,3.75,1.25,3.5,1.25,3.75,1.29,4.0,1.33,4.0,1.28,3.64
WTA,2016,34,London,Wimbledon,2016-06-27,Grand Slam,Outdoor,Grass,1st Round,3,Shvedova Y.,Goerges J.,96,78.0,712,885.0,7.0,5.0,6.0,4.0,,,2.0,0.0,Completed,2.37,1.57,2.2,1.58,2.38,1.57,2.54,1.58,2.54,1.67,2.33,1.59
WTA,2016,34,London,Wimbledon,2016-06-27,Grand Slam,Outdoor,Grass,1st Round,3,Lepchenko V.,Pereira T.,64,88.0,1015,768.0,5.0,7.0,7.0,6.0,6.0,2.0,2.0,1.0,Completed,1.16,5.0,1.18,4.0,1.2,4.5,1.21,5.17,1.25,5.17,1.2,4.48
WTA,2016,34,London,Wimbledon,2016-06-27,Grand Slam,Outdoor,Grass,1st Round,3,Svitolina E.,Broady N.,20,83.0,2226,795.0,6.0,2.0,6.0,3.0,,,2.0,0.0,Completed,1.33,3.4,1.3,3.2,1.3,3.5,1.4,3.22,1.4,3.5,1.34,3.19
WTA,2016,34,London,Wimbledon,2016-06-27,Grand Slam,Outdoor,Grass,1st Round,3,Erakovic M.,Falconi I.,153,75.0,372,910.0,4.0,6.0,6.0,3.0,10.0,8.0,2.0,1.0,Completed,1.25,4.0,1.22,3.5,1.29,3.75,1.33,3.69,1.33,4.21,1.26,3.76
WTA,2016,34,London,Wimbledon,2016-06-27,Grand Slam,Outdoor,Grass,1st Round,3,Doi M.,Chirico L.,49,73.0,1230,930.0,6.0,1.0,6.0,2.0,,,2.0,0.0,Completed,1.33,3.4,1.35,2.8,1.36,3.25,1.35,3.45,1.38,3.55,1.34,3.2
WTA,2016,34,London,Wimbledon,2016-06-27,Grand Slam,Outdoor,Grass,1st Round,3,Halep S.,Schmiedlova A.,5,40.0,4372,1340.0,6.0,4.0,6.0,1.0,,,2.0,0.0,Completed,1.08,8.0,1.1,6.0,1.08,7.0,1.11,8.37,1.11,8.6,1.09,7.45
WTA,2016,34,London,Wimbledon,2016-06-27,Grand Slam,Outdoor,Grass,1st Round,3,Schiavone F.,Sevastova A.,111,66.0,592,982.0,7.0,6.0,6.0,4.0,,,2.0,0.0,Completed,3.5,1.3,3.2,1.28,3.5,1.3,3.6,1.34,3.75,1.35,3.44,1.3
WTA,2016,34,London,Wimbledon,2016-06-27,Grand Slam,Outdoor,Grass,1st Round,3,Bertens K.,Ostapenko J.,28,34.0,1729,1482.0,6.0,3.0,6.0,2.0,,,2.0,0.0,Completed,2.37,1.57,2.3,1.55,2.5,1.53,2.42,1.64,2.5,1.7,2.35,1.58
WTA,2016,34,London,Wimbledon,2016-06-27,Grand Slam,Outdoor,Grass,1st Round,3,Kerber A.,Robson L.,4,283.0,5330,154.0,6.0,2.0,6.0,2.0,,,2.0,0.0,Completed,1.06,10.0,1.04,8.5,1.06,9.0,1.06,12.98,1.07,13.5,1.05,10.55
WTA,2016,34,London,Wimbledon,2016-06-27,Grand Slam,Outdoor,Grass,1st Round,3,Barthel M.,Kovinic D.,68,52.0,975,1085.0,6.0,2.0,7.0,6.0,,,2.0,0.0,Completed,2.62,1.5,2.35,1.52,2.62,1.5,2.75,1.51,2.75,1.57,2.59,1.49
WTA,2016,34,London,Wimbledon,2016-06-27,Grand Slam,Outdoor,Grass,1st Round,3,Pliskova Ka.,Wickmayer Y.,17,46.0,2540,1255.0,6.0,2.0,0.0,6.0,8.0,6.0,2.0,1.0,Completed,1.25,4.0,1.22,3.8,1.25,4.0,1.32,3.77,1.32,4.2,1.27,3.82
WTA,2016,34,London,Wimbledon,2016-06-27,Grand Slam,Outdoor,Grass,1st Round,3,Jankovic J.,Voegele S.,24,101.0,1940,659.0,6.0,2.0,6.0,2.0,,,2.0,0.0,Completed,1.25,4.0,1.28,3.2,1.25,3.75,1.26,4.38,1.28,4.38,1.24,3.95
WTA,2016,34,London,Wimbledon,2016-06-28,Grand Slam,Outdoor,Grass,1st Round,3,Gavrilova D.,Wang Q.,56,72.0,1075,939.0,2.0,6.0,6.0,3.0,6.0,4.0,2.0,1.0,Completed,1.25,4.0,1.22,3.5,1.22,4.0,1.3,3.89,1.3,4.0,1.27,3.72
WTA,2016,34,London,Wimbledon,2016-06-28,Grand Slam,Outdoor,Grass,1st Round,3,Duan Y.Y.,Pliskova Kr.,123,107.0,478,622.0,6.0,3.0,3.0,6.0,7.0,5.0,2.0,1.0,Completed,3.25,1.36,2.8,1.38,3.25,1.36,3.18,1.41,3.25,1.41,3.06,1.37
WTA,2016,34,London,Wimbledon,2016-06-28,Grand Slam,Outdoor,Grass,1st Round,3,Cibulkova D.,Lucic-Baroni M.,18,53.0,2451,1083.0,7.0,5.0,6.0,3.0,,,2.0,0.0,Completed,1.3,3.5,1.35,2.9,1.3,3.5,1.35,3.54,1.37,3.6,1.33,3.27
WTA,2016,34,London,Wimbledon,2016-06-28,Grand Slam,Outdoor,Grass,1st Round,3,Mchale C.,Hantuchova D.,65,194.0,985,279.0,7.0,5.0,6.0,2.0,,,2.0,0.0,Completed,1.4,3.0,1.4,2.75,1.44,2.75,1.41,3.19,1.44,3.2,1.4,2.92
WTA,2016,34,London,Wimbledon,2016-06-28,Grand Slam,Outdoor,Grass,1st Round,3,Williams S.,Sadikovic A.,1,148.0,8330,396.0,6.0,2.0,6.0,4.0,,,2.0,0.0,Completed,1.01,21.0,1.01,10.5,1.02,13.0,1.02,22.73,1.02,39.0,1.01,18.52
WTA,2016,34,London,Wimbledon,2016-06-28,Grand Slam,Outdoor,Grass,1st Round,3,Putintseva Y.,Melnikova M.,39,196.0,1385,277.0,7.0,5.0,6.0,2.0,,,2.0,0.0,Completed,1.14,5.5,1.16,4.25,1.17,5.0,1.22,4.82,1.22,5.75,1.16,5.12
WTA,2016,34,London,Wimbledon,2016-06-28,Grand Slam,Outdoor,Grass,1st Round,3,Vesnina E.,Paszek T.,50,110.0,1197,595.0,7.0,5.0,6.0,2.0,,,2.0,0.0,Completed,1.4,3.0,1.33,3.0,1.36,3.25,1.41,3.09,1.47,3.25,1.37,3.01
WTA,2016,34,London,Wimbledon,2016-06-28,Grand Slam,Outdoor,Grass,1st Round,3,Babos T.,Swan K.,44,437.0,1260,72.0,6.0,2.0,6.0,3.0,,,2.0,0.0,Completed,1.07,8.0,1.06,7.25,1.08,7.0,1.11,8.52,1.11,9.0,1.08,7.81
WTA,2016,34,London,Wimbledon,2016-06-28,Grand Slam,Outdoor,Grass,1st Round,3,Vinci R.,Riske A.,7,80.0,3405,857.0,6.0,2.0,5.0,7.0,6.0,3.0,2.0,1.0,Completed,2.75,1.44,2.75,1.4,2.75,1.44,3.04,1.44,3.04,1.5,2.78,1.43
WTA,2016,34,London,Wimbledon,2016-06-28,Grand Slam,Outdoor,Grass,1st Round,3,Garcia C.,Buyukakcay C.,32,77.0,1585,891.0,6.0,2.0,6.0,3.0,,,2.0,0.0,Completed,1.14,5.5,1.14,4.75,1.14,5.5,1.17,6.18,1.18,6.18,1.14,5.45
WTA,2016,34,London,Wimbledon,2016-06-28,Grand Slam,Outdoor,Grass,1st Round,3,Siniakova K.,Parmentier P.,114,89.0,586,765.0,6.0,3.0,7.0,5.0,,,2.0,0.0,Completed,1.33,3.4,1.3,3.2,1.36,3.25,1.35,3.48,1.36,3.55,1.32,3.3
WTA,2016,34,London,Wimbledon,2016-06-28,Grand Slam,Outdoor,Grass,1st Round,3,Moore T.,Van Uytvanck A.,227,127.0,227,453.0,6.0,3.0,6.0,2.0,,,2.0,0.0,Completed,2.2,1.66,2.2,1.6,2.38,1.57,2.67,1.51,2.67,1.76,2.22,1.64
WTA,2016,34,London,Wimbledon,2016-06-28,Grand Slam,Outdoor,Grass,1st Round,3,Kuznetsova S.,Wozniacki C.,14,45.0,2730,1256.0,7.0,5.0,6.0,4.0,,,2.0,0.0,Completed,2.25,1.61,2.2,1.6,2.2,1.67,2.22,1.74,2.38,1.74,2.21,1.65
WTA,2016,34,London,Wimbledon,2016-06-28,Grand Slam,Outdoor,Grass,1st Round,3,Vandeweghe C.,Bondarenko K.,30,60.0,1652,1048.0,6.0,2.0,7.0,6.0,,,2.0,0.0,Completed,1.28,3.75,1.3,3.2,1.29,3.75,1.31,3.81,1.33,3.9,1.29,3.59
WTA,2016,34,London,Wimbledon,2016-06-29,Grand Slam,Outdoor,Grass,1st Round,3,Boserup J.,Maria T.,225,104.0,234,642.0,6.0,4.0,0.0,6.0,6.0,2.0,2.0,1.0,Completed,2.75,1.44,2.65,1.42,2.75,1.4,2.67,1.51,2.8,1.56,2.67,1.47
WTA,2016,34,London,Wimbledon,2016-06-29,Grand Slam,Outdoor,Grass,1st Round,3,Pavlyuchenkova A.,Hsieh S.W.,23,69.0,1960,954.0,7.0,5.0,1.0,6.0,6.0,1.0,2.0,1.0,Completed,1.72,2.1,1.65,2.1,1.67,2.1,1.77,2.18,1.8,2.2,1.7,2.13
WTA,2016,34,London,Wimbledon,2016-06-29,Grand Slam,Outdoor,Grass,1st Round,3,Petkovic A.,Hibino N.,38,70.0,1440,949.0,3.0,6.0,7.0,5.0,6.0,2.0,2.0,1.0,Completed,1.28,3.75,1.25,3.5,1.29,3.5,1.29,4.05,1.3,4.1,1.26,3.79
WTA,2016,34,London,Wimbledon,2016-06-29,Grand Slam,Outdoor,Grass,1st Round,3,Konjuh A.,Knapp K.,103,90.0,644,764.0,6.0,3.0,6.0,3.0,,,2.0,0.0,Completed,1.5,2.62,1.5,2.4,1.53,2.5,1.53,2.68,1.57,2.68,1.51,2.52
WTA,2016,34,London,Wimbledon,2016-06-29,Grand Slam,Outdoor,Grass,1st Round,3,Rodina E.,Tsurenko L.,102,41.0,650,1330.0,6.0,3.0,7.0,5.0,,,2.0,0.0,Completed,2.25,1.61,2.1,1.65,2.25,1.62,2.35,1.67,2.35,1.67,2.25,1.63
WTA,2016,34,London,Wimbledon,2016-06-29,Grand Slam,Outdoor,Grass,1st Round,3,Konta J.,Puig M.,19,36.0,2330,1480.0,6.0,1.0,7.0,5.0,,,2.0,0.0,Completed,1.61,2.25,1.58,2.2,1.62,2.2,1.65,2.38,1.67,2.4,1.62,2.25
WTA,2016,34,London,Wimbledon,2016-06-29,Grand Slam,Outdoor,Grass,1st Round,3,Radwanska A.,Kozlova K.,3,97.0,5875,685.0,6.0,2.0,6.0,1.0,,,2.0,0.0,Completed,1.05,11.0,1.04,8.0,1.04,9.0,1.06,12.32,1.06,13.5,1.04,10.73
WTA,2016,34,London,Wimbledon,2016-06-29,Grand Slam,Outdoor,Grass,1st Round,3,Kvitova P.,Cirstea S.,10,85.0,2876,771.0,6.0,0.0,6.0,4.0,,,2.0,0.0,Completed,1.28,3.75,1.25,3.5,1.25,4.0,1.32,3.77,1.32,4.2,1.27,3.7
WTA,2016,34,London,Wimbledon,2016-06-29,Grand Slam,Outdoor,Grass,1st Round,3,Bencic B.,Pironkova T.,13,71.0,2775,940.0,6.0,2.0,6.0,3.0,,,2.0,0.0,Completed,2.1,1.72,1.95,1.72,2.1,1.67,2.13,1.8,2.15,1.8,2.07,1.75
WTA,2016,34,London,Wimbledon,2016-06-29,Grand Slam,Outdoor,Grass,1st Round,3,Bouchard E.,Rybarikova M.,48,94.0,1230,723.0,6.0,3.0,6.0,4.0,,,2.0,0.0,Completed,1.25,4.0,1.28,3.2,1.25,3.75,1.29,4.0,1.33,4.05,1.27,3.7
WTA,2016,34,London,Wimbledon,2016-06-30,Grand Slam,Outdoor,Grass,1st Round,3,Strycova B.,Kontaveit A.,26,95.0,1885,721.0,4.0,6.0,6.0,4.0,6.0,4.0,2.0,1.0,Completed,1.4,3.0,1.35,2.8,1.36,3.25,1.41,3.17,1.42,3.25,1.37,3.01
WTA,2016,34,London,Wimbledon,2016-06-30,Grand Slam,Outdoor,Grass,1st Round,3,Makarova E.,Larsson J.,35,54.0,1481,1083.0,6.0,1.0,4.0,6.0,6.0,1.0,2.0,1.0,Completed,1.14,5.5,1.14,4.75,1.14,5.5,1.14,6.97,1.17,6.97,1.14,5.53
WTA,2016,34,London,Wimbledon,2016-06-30,Grand Slam,Outdoor,Grass,1st Round,3,Minella M.,Tatishvili A.,126,105.0,467,626.0,7.0,5.0,3.0,0.0,,,1.0,0.0,Retired,2.0,1.8,2.0,1.7,2.0,1.8,2.06,1.85,2.1,1.86,2.0,1.79
WTA,2016,34,London,Wimbledon,2016-06-30,Grand Slam,Outdoor,Grass,1st Round,3,Sasnovich A.,Mladenovic K.,98,31.0,673,1585.0,6.0,3.0,6.0,3.0,,,2.0,0.0,Completed,6.0,1.12,4.75,1.14,6.0,1.12,6.73,1.15,6.73,1.15,5.95,1.13
WTA,2016,34,London,Wimbledon,2016-06-30,Grand Slam,Outdoor,Grass,1st Round,3,Stephens S.,Peng S.,22,264.0,1995,171.0,7.0,6.0,6.0,2.0,,,2.0,0.0,Completed,1.25,4.0,1.2,4.0,1.2,4.5,1.31,3.85,1.31,4.65,1.23,4.05
WTA,2016,34,London,Wimbledon,2016-06-30,Grand Slam,Outdoor,Grass,1st Round,3,Beck A.,Watson H.,43,55.0,1293,1081.0,3.0,6.0,6.0,0.0,12.0,10.0,2.0,1.0,Completed,3.2,1.36,2.75,1.4,3.0,1.36,3.17,1.41,3.2,1.44,2.98,1.38
WTA,2016,34,London,Wimbledon,2016-06-30,Grand Slam,Outdoor,Grass,1st Round,3,Bacsinszky T.,Kumkhum L.,11,169.0,2800,325.0,6.0,4.0,6.0,2.0,,,2.0,0.0,Completed,1.14,5.5,1.13,5.0,1.12,5.5,1.16,6.27,1.19,6.27,1.15,5.42
WTA,2016,34,London,Wimbledon,2016-06-30,Grand Slam,Outdoor,Grass,1st Round,3,Niculescu M.,Krunic A.,47,120.0,1240,507.0,6.0,1.0,6.0,4.0,,,2.0,0.0,Completed,2.37,1.57,2.15,1.62,2.2,1.67,2.11,1.77,2.4,1.77,2.24,1.64
WTA,2016,34,London,Wimbledon,2016-06-30,Grand Slam,Outdoor,Grass,2nd Round,3,Friedsam A.L.,Alexandrova E.,57,223.0,1075,239.0,6.0,4.0,7.0,6.0,,,2.0,0.0,Completed,1.22,4.33,1.2,3.8,1.25,4.0,1.26,4.3,1.28,4.33,1.23,4.03
WTA,2016,34,London,Wimbledon,2016-06-30,Grand Slam,Outdoor,Grass,2nd Round,3,Bertens K.,Barthel M.,28,68.0,1729,975.0,6.0,4.0,6.0,4.0,,,2.0,0.0,Completed,1.28,3.75,1.28,3.3,1.29,3.75,1.33,3.62,1.34,3.75,1.3,3.46
WTA,2016,34,London,Wimbledon,2016-06-30,Grand Slam,Outdoor,Grass,2nd Round,3,Keys M.,Flipkens K.,9,51.0,3061,1105.0,6.0,4.0,4.0,6.0,6.0,3.0,2.0,1.0,Completed,1.2,4.5,1.16,4.5,1.22,4.33,1.15,6.55,1.22,6.55,1.18,4.84
WTA,2016,34,London,Wimbledon,2016-06-30,Grand Slam,Outdoor,Grass,2nd Round,3,Lisicki S.,Stosur S.,81,16.0,847,2700.0,6.0,4.0,6.0,2.0,,,2.0,0.0,Completed,1.61,2.3,1.55,2.3,1.57,2.38,1.74,2.22,1.74,2.4,1.61,2.29
WTA,2016,34,London,Wimbledon,2016-06-30,Grand Slam,Outdoor,Grass,2nd Round,3,Cornet A.,Errani S.,61,21.0,1035,2030.0,7.0,6.0,7.0,5.0,,,2.0,0.0,Completed,1.61,2.3,1.6,2.2,1.62,2.25,1.69,2.3,1.69,2.43,1.61,2.28
WTA,2016,34,London,Wimbledon,2016-06-30,Grand Slam,Outdoor,Grass,2nd Round,3,Halep S.,Schiavone F.,5,111.0,4372,592.0,6.0,1.0,6.0,1.0,,,2.0,0.0,Completed,1.11,6.5,1.08,6.0,1.1,7.0,1.11,8.1,1.12,8.1,1.1,6.99
WTA,2016,34,London,Wimbledon,2016-06-30,Grand Slam,Outdoor,Grass,2nd Round,3,Williams V.,Sakkari M.,8,115.0,3116,580.0,7.0,5.0,4.0,6.0,6.0,3.0,2.0,1.0,Completed,1.12,6.0,1.09,6.0,1.12,6.0,1.19,5.39,1.19,7.0,1.13,5.9
WTA,2016,34,London,Wimbledon,2016-06-30,Grand Slam,Outdoor,Grass,2nd Round,3,Doi M.,Pliskova Ka.,49,17.0,1230,2540.0,7.0,6.0,6.0,3.0,,,2.0,0.0,Completed,3.4,1.33,3.2,1.28,3.25,1.33,3.56,1.34,3.75,1.36,3.4,1.31
WTA,2016,34,London,Wimbledon,2016-06-30,Grand Slam,Outdoor,Grass,2nd Round,3,Kasatkina D.,Arruabarrena L.,33,87.0,1549,768.0,7.0,6.0,6.0,3.0,,,2.0,0.0,Completed,1.25,4.0,1.22,3.8,1.2,4.33,1.32,3.65,1.32,4.5,1.23,4.05
WTA,2016,34,London,Wimbledon,2016-06-30,Grand Slam,Outdoor,Grass,2nd Round,3,Suarez Navarro C.,Allertova D.,12,82.0,2780,847.0,3.0,6.0,6.0,2.0,6.0,1.0,2.0,1.0,Completed,1.3,3.5,1.25,3.3,1.33,3.4,1.35,3.52,1.35,3.6,1.3,3.42
WTA,2016,34,London,Wimbledon,2016-06-30,Grand Slam,Outdoor,Grass,2nd Round,3,Siniakova K.,Garcia C.,114,32.0,586,1585.0,4.0,6.0,6.0,4.0,6.0,1.0,2.0,1.0,Completed,3.5,1.3,3.2,1.3,3.5,1.3,3.33,1.38,3.65,1.38,3.4,1.31
WTA,2016,34,London,Wimbledon,2016-06-30,Grand Slam,Outdoor,Grass,2nd Round,3,Witthoeft C.,Nara K.,109,93.0,603,727.0,6.0,3.0,6.0,0.0,,,2.0,0.0,Completed,1.8,2.0,1.82,1.82,1.83,1.83,1.87,2.0,1.93,2.02,1.84,1.95
WTA,2016,34,London,Wimbledon,2016-06-30,Grand Slam,Outdoor,Grass,2nd Round,3,Shvedova Y.,Svitolina E.,96,20.0,712,2226.0,6.0,2.0,3.0,6.0,6.0,4.0,2.0,1.0,Completed,2.62,1.5,2.55,1.45,2.38,1.53,2.57,1.55,2.7,1.55,2.57,1.49
WTA,2016,34,London,Wimbledon,2016-06-30,Grand Slam,Outdoor,Grass,2nd Round,3,Safarova L.,Crawford S.,29,106.0,1673,625.0,6.0,3.0,6.0,4.0,,,2.0,0.0,Completed,1.16,5.0,1.18,4.25,1.2,4.5,1.19,5.45,1.22,5.45,1.17,4.9
WTA,2016,34,London,Wimbledon,2016-06-30,Grand Slam,Outdoor,Grass,2nd Round,3,Erakovic M.,Jankovic J.,153,24.0,372,1940.0,4.0,6.0,7.0,6.0,8.0,6.0,2.0,1.0,Completed,3.4,1.33,3.0,1.3,3.25,1.36,3.26,1.39,3.54,1.39,3.25,1.33
WTA,2016,34,London,Wimbledon,2016-06-30,Grand Slam,Outdoor,Grass,2nd Round,3,Boserup J.,Bencic B.,225,13.0,234,2775.0,6.0,4.0,1.0,0.0,,,1.0,0.0,Retired,7.0,1.1,6.0,1.1,6.5,1.11,7.31,1.13,8.0,1.13,6.73,1.1
WTA,2016,34,London,Wimbledon,2016-06-30,Grand Slam,Outdoor,Grass,2nd Round,3,Kerber A.,Lepchenko V.,4,64.0,5330,1015.0,6.0,1.0,6.0,4.0,,,2.0,0.0,Completed,1.11,6.5,1.11,5.1,1.1,7.0,1.14,7.29,1.14,7.29,1.11,6.5
WTA,2016,34,London,Wimbledon,2016-06-30,Grand Slam,Outdoor,Grass,2nd Round,3,Vinci R.,Duan Y.Y.,7,123.0,3405,478.0,6.0,3.0,7.0,5.0,,,2.0,0.0,Completed,1.25,4.0,1.25,3.5,1.29,3.75,1.3,3.85,1.3,4.15,1.26,3.8
WTA,2016,34,London,Wimbledon,2016-06-30,Grand Slam,Outdoor,Grass,2nd Round,3,Cepelova J.,Muguruza G.,124,2.0,477,6712.0,6.0,3.0,6.0,2.0,,,2.0,0.0,Completed,6.5,1.11,6.0,1.1,7.0,1.1,9.87,1.08,9.87,1.12,7.21,1.1
WTA,2016,34,London,Wimbledon,2016-06-30,Grand Slam,Outdoor,Grass,2nd Round,3,Cibulkova D.,Gavrilova D.,18,56.0,2451,1075.0,6.0,3.0,6.0,2.0,,,2.0,0.0,Completed,1.28,3.75,1.28,3.3,1.3,3.4,1.3,3.93,1.33,4.0,1.27,3.69
WTA,2016,34,London,Wimbledon,2016-06-30,Grand Slam,Outdoor,Grass,2nd Round,3,Vesnina E.,Petkovic A.,50,38.0,1197,1440.0,7.0,5.0,6.0,3.0,,,2.0,0.0,Completed,1.66,2.2,1.65,2.1,1.73,2.1,1.8,2.07,1.82,2.2,1.71,2.11
WTA,2016,34,London,Wimbledon,2016-06-30,Grand Slam,Outdoor,Grass,2nd Round,3,Radwanska A.,Konjuh A.,3,103.0,5875,644.0,6.0,2.0,4.0,6.0,9.0,7.0,2.0,1.0,Completed,1.12,6.0,1.14,4.8,1.11,6.5,1.14,6.92,1.17,7.0,1.13,6.0
WTA,2016,34,London,Wimbledon,2016-06-30,Grand Slam,Outdoor,Grass,2nd Round,3,Bouchard E.,Konta J.,48,19.0,1230,2330.0,6.0,3.0,1.0,6.0,6.0,1.0,2.0,1.0,Completed,2.62,1.5,2.3,1.55,2.38,1.57,2.58,1.57,2.68,1.57,2.48,1.53
WTA,2016,34,London,Wimbledon,2016-06-30,Grand Slam,Outdoor,Grass,2nd Round,3,Vandeweghe C.,Babos T.,30,44.0,1652,1260.0,6.0,2.0,6.0,3.0,,,2.0,0.0,Completed,1.28,3.75,1.28,3.2,1.33,3.4,1.18,3.88,1.35,3.88,1.28,3.58
WTA,2016,34,London,Wimbledon,2016-07-01,Grand Slam,Outdoor,Grass,2nd Round,3,Beck A.,Sasnovich A.,43,98.0,1293,673.0,6.0,2.0,6.0,1.0,,,2.0,0.0,Completed,1.53,2.5,1.55,2.25,1.57,2.38,1.6,2.52,1.61,2.6,1.55,2.42
WTA,2016,34,London,Wimbledon,2016-07-01,Grand Slam,Outdoor,Grass,2nd Round,3,Pavlyuchenkova A.,Putintseva Y.,23,39.0,1960,1385.0,7.0,5.0,6.0,1.0,,,2.0,0.0,Completed,1.8,2.0,1.82,1.85,1.8,2.0,1.83,2.1,1.85,2.1,1.79,1.99
WTA,2016,34,London,Wimbledon,2016-07-01,Grand Slam,Outdoor,Grass,2nd Round,3,Strycova B.,Rodina E.,26,102.0,1885,650.0,6.0,4.0,6.0,0.0,,,2.0,0.0,Completed,1.2,4.5,1.18,4.0,1.22,4.33,1.22,4.95,1.25,4.95,1.2,4.48
WTA,2016,34,London,Wimbledon,2016-07-01,Grand Slam,Outdoor,Grass,2nd Round,3,Williams S.,Mchale C.,1,65.0,8330,985.0,6.0,7.0,6.0,2.0,6.0,4.0,2.0,1.0,Completed,1.05,11.0,1.04,8.0,1.05,10.0,1.07,11.25,1.07,13.5,1.05,10.25
WTA,2016,34,London,Wimbledon,2016-07-01,Grand Slam,Outdoor,Grass,2nd Round,3,Kuznetsova S.,Moore T.,14,227.0,2730,227.0,6.0,1.0,2.0,6.0,6.0,3.0,2.0,1.0,Completed,1.22,4.33,1.18,4.25,1.2,4.33,1.25,4.42,1.25,4.5,1.22,4.23
WTA,2016,34,London,Wimbledon,2016-07-02,Grand Slam,Outdoor,Grass,2nd Round,3,Stephens S.,Minella M.,22,126.0,1995,467.0,3.0,6.0,7.0,6.0,8.0,6.0,2.0,1.0,Completed,1.16,5.0,1.16,4.5,1.17,5.0,1.21,5.0,1.21,5.6,1.17,4.95
WTA,2016,34,London,Wimbledon,2016-07-02,Grand Slam,Outdoor,Grass,2nd Round,3,Bacsinszky T.,Niculescu M.,11,47.0,2800,1240.0,4.0,6.0,6.0,2.0,6.0,1.0,2.0,1.0,Completed,1.28,3.75,1.25,3.5,1.29,3.75,1.34,3.56,1.34,3.85,1.29,3.53
WTA,2016,34,London,Wimbledon,2016-07-02,Grand Slam,Outdoor,Grass,2nd Round,3,Makarova E.,Kvitova P.,35,10.0,1481,2876.0,7.0,5.0,7.0,6.0,,,2.0,0.0,Completed,2.75,1.44,2.75,1.4,3.0,1.4,1.6,2.42,3.13,1.46,2.88,1.4
WTA,2016,34,London,Wimbledon,2016-07-01,Grand Slam,Outdoor,Grass,3rd Round,3,Williams V.,Kasatkina D.,8,33.0,3116,1549.0,7.0,5.0,4.0,6.0,10.0,8.0,2.0,1.0,Completed,1.57,2.37,1.58,2.25,1.57,2.38,1.63,2.46,1.63,2.5,1.57,2.38
WTA,2016,34,London,Wimbledon,2016-07-01,Grand Slam,Outdoor,Grass,3rd Round,3,Suarez Navarro C.,Erakovic M.,12,153.0,2780,372.0,6.0,2.0,6.0,2.0,,,2.0,0.0,Completed,1.4,3.0,1.33,2.9,1.4,3.0,1.45,3.01,1.47,3.0,1.41,2.87
WTA,2016,34,London,Wimbledon,2016-07-02,Grand Slam,Outdoor,Grass,3rd Round,3,Doi M.,Friedsam A.L.,49,57.0,1230,1075.0,7.0,6.0,6.0,3.0,,,2.0,0.0,Completed,1.61,2.3,1.58,2.2,1.57,2.25,1.69,2.34,1.71,2.4,1.64,2.24
WTA,2016,34,London,Wimbledon,2016-07-02,Grand Slam,Outdoor,Grass,3rd Round,3,Kerber A.,Witthoeft C.,4,109.0,5330,603.0,7.0,6.0,6.0,1.0,,,2.0,0.0,Completed,1.1,7.0,1.09,6.0,1.14,5.0,1.12,7.72,1.14,7.72,1.1,6.77
WTA,2016,34,London,Wimbledon,2016-07-02,Grand Slam,Outdoor,Grass,3rd Round,3,Safarova L.,Cepelova J.,29,124.0,1673,477.0,4.0,6.0,6.0,1.0,12.0,10.0,2.0,1.0,Completed,1.4,3.0,1.33,3.0,1.4,3.0,1.56,2.54,1.56,3.3,1.37,3.03
WTA,2016,34,London,Wimbledon,2016-07-02,Grand Slam,Outdoor,Grass,3rd Round,3,Halep S.,Bertens K.,5,28.0,4372,1729.0,6.0,4.0,6.0,3.0,,,2.0,0.0,Completed,1.44,2.75,1.4,2.75,1.44,2.75,1.5,2.83,1.51,2.9,1.44,2.75
WTA,2016,34,London,Wimbledon,2016-07-02,Grand Slam,Outdoor,Grass,3rd Round,3,Shvedova Y.,Lisicki S.,96,81.0,712,847.0,7.0,6.0,6.0,1.0,,,2.0,0.0,Completed,3.25,1.36,2.8,1.35,3.25,1.36,3.34,1.39,3.34,1.4,3.11,1.36
WTA,2016,34,London,Wimbledon,2016-07-02,Grand Slam,Outdoor,Grass,3rd Round,3,Keys M.,Cornet A.,9,61.0,3061,1035.0,6.0,4.0,5.0,7.0,6.0,2.0,2.0,1.0,Completed,1.14,5.5,1.13,5.0,1.14,5.0,1.29,4.0,1.29,5.75,1.15,5.25
WTA,2016,34,London,Wimbledon,2016-07-02,Grand Slam,Outdoor,Grass,3rd Round,3,Cibulkova D.,Bouchard E.,18,48.0,2451,1230.0,6.0,4.0,6.0,3.0,,,2.0,0.0,Completed,1.57,2.37,1.6,2.2,1.57,2.25,1.63,2.47,1.65,2.47,1.59,2.34
WTA,2016,34,London,Wimbledon,2016-07-02,Grand Slam,Outdoor,Grass,3rd Round,3,Radwanska A.,Siniakova K.,3,114.0,5875,586.0,6.0,3.0,6.0,1.0,,,2.0,0.0,Completed,1.16,5.0,1.15,4.75,1.17,4.5,1.19,5.61,1.2,5.75,1.16,5.12
WTA,2016,34,London,Wimbledon,2016-07-03,Grand Slam,Outdoor,Grass,3rd Round,3,Pavlyuchenkova A.,Bacsinszky T.,23,11.0,1960,2800.0,6.0,3.0,6.0,2.0,,,2.0,0.0,Completed,3.0,1.4,2.8,1.38,3.0,1.4,3.1,1.43,3.1,1.45,2.9,1.4
WTA,2016,34,London,Wimbledon,2016-07-03,Grand Slam,Outdoor,Grass,3rd Round,3,Kuznetsova S.,Stephens S.,14,22.0,2730,1995.0,6.0,7.0,6.0,2.0,8.0,6.0,2.0,1.0,Completed,1.57,2.25,1.65,2.1,1.62,2.2,1.7,2.32,1.74,2.32,1.66,2.21
WTA,2016,34,London,Wimbledon,2016-07-03,Grand Slam,Outdoor,Grass,3rd Round,3,Vesnina E.,Boserup J.,50,225.0,1197,234.0,7.0,5.0,7.0,5.0,,,2.0,0.0,Completed,1.2,4.5,1.18,4.0,1.2,4.5,1.24,4.76,1.24,4.85,1.2,4.45
WTA,2016,34,London,Wimbledon,2016-07-03,Grand Slam,Outdoor,Grass,3rd Round,3,Vandeweghe C.,Vinci R.,30,7.0,1652,3405.0,6.0,3.0,6.0,4.0,,,2.0,0.0,Completed,1.28,3.75,1.28,3.3,1.29,3.5,1.3,3.97,1.33,3.97,1.27,3.68
WTA,2016,34,London,Wimbledon,2016-07-03,Grand Slam,Outdoor,Grass,3rd Round,3,Williams S.,Beck A.,1,43.0,8330,1293.0,6.0,3.0,6.0,0.0,,,2.0,0.0,Completed,1.06,10.0,1.05,8.0,1.06,9.0,1.08,10.8,1.08,12.0,1.06,9.52
WTA,2016,34,London,Wimbledon,2016-07-03,Grand Slam,Outdoor,Grass,3rd Round,3,Makarova E.,Strycova B.,35,26.0,1481,1885.0,6.0,4.0,6.0,2.0,,,2.0,0.0,Completed,2.0,1.8,1.82,1.82,1.8,2.0,2.05,1.88,2.05,2.0,1.92,1.86
WTA,2016,34,London,Wimbledon,2016-07-04,Grand Slam,Outdoor,Grass,4th Round,3,Kerber A.,Doi M.,4,49.0,5330,1230.0,6.0,3.0,6.0,1.0,,,2.0,0.0,Completed,1.2,4.5,1.18,4.0,1.2,4.5,1.22,4.96,1.22,4.96,1.2,4.48
WTA,2016,34,London,Wimbledon,2016-07-04,Grand Slam,Outdoor,Grass,4th Round,3,Pavlyuchenkova A.,Vandeweghe C.,23,30.0,1960,1652.0,6.0,3.0,6.0,3.0,,,2.0,0.0,Completed,4.0,1.25,3.2,1.3,3.75,1.29,4.19,1.28,4.19,1.31,3.8,1.26
WTA,2016,34,London,Wimbledon,2016-07-04,Grand Slam,Outdoor,Grass,4th Round,3,Cibulkova D.,Radwanska A.,18,3.0,2451,5875.0,6.0,3.0,5.0,7.0,9.0,7.0,2.0,1.0,Completed,2.2,1.66,2.2,1.58,2.1,1.73,2.26,1.73,2.26,1.77,2.19,1.67
WTA,2016,34,London,Wimbledon,2016-07-04,Grand Slam,Outdoor,Grass,4th Round,3,Halep S.,Keys M.,5,9.0,4372,3061.0,6.0,7.0,6.0,4.0,6.0,3.0,2.0,1.0,Completed,2.1,1.72,2.0,1.7,2.0,1.8,2.2,1.71,2.2,1.85,2.06,1.76
WTA,2016,34,London,Wimbledon,2016-07-04,Grand Slam,Outdoor,Grass,4th Round,3,Shvedova Y.,Safarova L.,96,29.0,712,1673.0,6.0,2.0,6.0,4.0,,,2.0,0.0,Completed,2.1,1.72,1.95,1.72,2.1,1.73,2.3,1.71,2.3,1.8,2.1,1.72
WTA,2016,34,London,Wimbledon,2016-07-04,Grand Slam,Outdoor,Grass,4th Round,3,Vesnina E.,Makarova E.,50,35.0,1197,1481.0,5.0,7.0,6.0,1.0,9.0,7.0,2.0,1.0,Completed,2.75,1.44,2.65,1.42,2.62,1.5,2.74,1.53,2.89,1.53,2.7,1.45
WTA,2016,34,London,Wimbledon,2016-07-04,Grand Slam,Outdoor,Grass,4th Round,3,Williams S.,Kuznetsova S.,1,14.0,8330,2730.0,7.0,5.0,6.0,0.0,,,2.0,0.0,Completed,1.12,6.0,1.11,5.0,1.14,5.5,1.17,6.16,1.17,6.75,1.13,5.86
WTA,2016,34,London,Wimbledon,2016-07-04,Grand Slam,Outdoor,Grass,4th Round,3,Williams V.,Suarez Navarro C.,8,12.0,3116,2780.0,7.0,6.0,6.0,4.0,,,2.0,0.0,Completed,1.66,2.2,1.7,2.0,1.73,2.1,1.78,2.19,1.8,2.25,1.72,2.11
WTA,2016,34,London,Wimbledon,2016-07-05,Grand Slam,Outdoor,Grass,Quarterfinals,3,Kerber A.,Halep S.,4,5.0,5330,4372.0,7.0,5.0,7.0,6.0,,,2.0,0.0,Completed,1.72,2.1,1.7,2.0,1.73,2.1,1.8,2.15,1.8,2.2,1.74,2.1
WTA,2016,34,London,Wimbledon,2016-07-05,Grand Slam,Outdoor,Grass,Quarterfinals,3,Williams V.,Shvedova Y.,8,96.0,3116,712.0,7.0,6.0,6.0,2.0,,,2.0,0.0,Completed,1.57,2.37,1.55,2.25,1.62,2.25,1.63,2.47,1.66,2.5,1.6,2.34
WTA,2016,34,London,Wimbledon,2016-07-05,Grand Slam,Outdoor,Grass,Quarterfinals,3,Williams S.,Pavlyuchenkova A.,1,23.0,8330,1960.0,6.0,4.0,6.0,4.0,,,2.0,0.0,Completed,1.08,8.0,1.07,7.0,1.1,6.5,1.09,9.71,1.1,9.71,1.08,7.99
WTA,2016,34,London,Wimbledon,2016-07-05,Grand Slam,Outdoor,Grass,Quarterfinals,3,Vesnina E.,Cibulkova D.,50,18.0,1197,2451.0,6.0,2.0,6.0,2.0,,,2.0,0.0,Completed,3.0,1.4,2.8,1.38,3.0,1.4,3.3,1.4,3.3,1.46,3.01,1.39
WTA,2016,34,London,Wimbledon,2016-07-07,Grand Slam,Outdoor,Grass,Semifinals,3,Williams S.,Vesnina E.,1,50.0,8330,1197.0,6.0,2.0,6.0,0.0,,,2.0,0.0,Completed,1.08,8.0,1.08,6.0,1.1,7.0,1.1,9.21,1.1,10.0,1.08,8.07
WTA,2016,34,London,Wimbledon,2016-07-07,Grand Slam,Outdoor,Grass,Semifinals,3,Kerber A.,Williams V.,4,8.0,5330,3116.0,6.0,4.0,6.0,4.0,,,2.0,0.0,Completed,1.33,3.4,1.35,2.9,1.36,3.25,1.37,3.3,1.37,3.65,1.34,3.28
WTA,2016,34,London,Wimbledon,2016-07-09,Grand Slam,Outdoor,Grass,The Final,3,Williams S.,Kerber A.,1,4.0,8330,5330.0,7.0,5.0,6.0,3.0,,,2.0,0.0,Completed,1.25,4.0,1.25,3.5,1.25,4.0,1.27,4.37,1.35,4.37,1.26,3.91
WTA,2016,45,New York,US Open,2016-08-29,Grand Slam,Outdoor,Hard,1st Round,3,Witthoeft C.,Doi M.,102,32.0,635,1555.0,6.0,4.0,6.0,1.0,,,2.0,0.0,Completed,2.75,1.4,2.6,1.4,2.75,1.44,2.8,1.5,2.9,1.5,2.74,1.44
WTA,2016,45,New York,US Open,2016-08-29,Grand Slam,Outdoor,Hard,1st Round,3,Bencic B.,Crawford S.,26,101.0,1602,642.0,6.0,7.0,6.0,3.0,6.0,4.0,2.0,1.0,Completed,1.18,4.5,1.14,4.3,1.2,4.5,1.27,4.23,1.27,5.0,1.22,4.26
WTA,2016,45,New York,US Open,2016-08-29,Grand Slam,Outdoor,Hard,1st Round,3,Buyukakcay C.,Falconi I.,66,75.0,922,865.0,6.0,2.0,6.0,1.0,,,2.0,0.0,Completed,1.72,2.0,1.7,1.92,1.8,2.0,1.83,2.1,1.85,2.1,1.79,1.99
WTA,2016,45,New York,US Open,2016-08-29,Grand Slam,Outdoor,Hard,1st Round,3,Kvitova P.,Ostapenko J.,16,36.0,2580,1495.0,7.0,5.0,6.0,3.0,,,2.0,0.0,Completed,1.28,3.5,1.3,3.0,1.33,3.4,1.34,3.63,1.36,3.63,1.32,3.35
WTA,2016,45,New York,US Open,2016-08-29,Grand Slam,Outdoor,Hard,1st Round,3,Petkovic A.,Kucova K.,43,78.0,1290,861.0,7.0,6.0,6.0,3.0,,,2.0,0.0,Completed,1.44,2.62,1.4,2.5,1.44,2.75,1.55,2.64,1.55,2.75,1.48,2.61
WTA,2016,45,New York,US Open,2016-08-29,Grand Slam,Outdoor,Hard,1st Round,3,Wozniacki C.,Townsend T.,74,146.0,871,398.0,4.0,6.0,6.0,3.0,6.0,4.0,2.0,1.0,Completed,1.25,3.75,1.25,3.3,1.3,3.5,1.29,4.01,1.31,3.97,1.27,3.69
WTA,2016,45,New York,US Open,2016-08-29,Grand Slam,Outdoor,Hard,1st Round,3,Vinci R.,Friedsam A.L.,8,46.0,3465,1135.0,6.0,2.0,6.0,4.0,,,2.0,0.0,Completed,1.5,2.5,1.42,2.4,1.5,2.62,1.66,2.37,1.66,2.77,1.5,2.55
WTA,2016,45,New York,US Open,2016-08-29,Grand Slam,Outdoor,Hard,1st Round,3,Kerber A.,Hercog P.,2,120.0,6860,510.0,6.0,0.0,1.0,0.0,,,1.0,0.0,Retired,1.07,9.0,1.05,6.5,1.06,9.0,1.07,10.71,1.08,11.38,1.06,8.94
WTA,2016,45,New York,US Open,2016-08-29,Grand Slam,Outdoor,Hard,1st Round,3,Osaka N.,Vandeweghe C.,81,30.0,817,1561.0,6.0,7.0,6.0,3.0,6.0,4.0,2.0,1.0,Completed,3.0,1.36,2.75,1.33,3.25,1.36,3.49,1.35,3.57,1.4,3.23,1.34
WTA,2016,45,New York,US Open,2016-08-29,Grand Slam,Outdoor,Hard,1st Round,3,Rogers S.,Errani S.,49,28.0,1068,1590.0,6.0,4.0,7.0,6.0,,,2.0,0.0,Completed,2.1,1.66,1.95,1.65,2.1,1.73,2.2,1.75,2.2,1.78,2.1,1.72
WTA,2016,45,New York,US Open,2016-08-29,Grand Slam,Outdoor,Hard,1st Round,3,Lucic-Baroni M.,Cornet A.,57,53.0,993,1022.0,6.0,4.0,6.0,1.0,,,2.0,0.0,Completed,2.0,1.72,1.88,1.75,2.0,1.8,2.08,1.84,2.09,1.84,2.01,1.78
WTA,2016,45,New York,US Open,2016-08-29,Grand Slam,Outdoor,Hard,1st Round,3,Mchale C.,Barthel M.,55,96.0,1015,681.0,6.0,2.0,6.0,2.0,,,2.0,0.0,Completed,1.4,2.75,1.3,2.85,1.4,3.0,1.39,3.3,1.42,3.3,1.38,3.03
WTA,2016,45,New York,US Open,2016-08-29,Grand Slam,Outdoor,Hard,1st Round,3,Kuznetsova S.,Schiavone F.,10,97.0,3190,681.0,6.0,1.0,6.0,2.0,,,2.0,0.0,Completed,1.12,6.0,1.11,4.9,1.12,6.0,1.14,6.9,1.16,7.0,1.12,6.09
WTA,2016,45,New York,US Open,2016-08-29,Grand Slam,Outdoor,Hard,1st Round,3,Bellis C.,Golubic V.,158,65.0,361,929.0,6.0,2.0,6.0,3.0,,,2.0,0.0,Completed,1.66,2.1,1.65,1.95,1.73,2.1,1.72,2.25,1.83,2.25,1.69,2.15
WTA,2016,45,New York,US Open,2016-08-29,Grand Slam,Outdoor,Hard,1st Round,3,Putintseva Y.,Lisicki S.,42,84.0,1320,791.0,6.0,1.0,6.0,2.0,,,2.0,0.0,Completed,2.0,1.72,1.85,1.75,1.91,1.91,2.08,1.84,2.12,1.89,2.0,1.79
WTA,2016,45,New York,US Open,2016-08-29,Grand Slam,Outdoor,Hard,1st Round,3,Duan Y.Y.,Sakkari M.,103,94.0,619,695.0,6.0,4.0,4.0,6.0,6.0,3.0,2.0,1.0,Completed,1.83,1.83,1.82,1.82,1.91,1.91,1.9,2.01,1.93,2.01,1.86,1.92
WTA,2016,45,New York,US Open,2016-08-29,Grand Slam,Outdoor,Hard,1st Round,3,Muguruza G.,Mertens E.,3,137.0,5830,418.0,2.0,6.0,6.0,0.0,6.0,3.0,2.0,1.0,Completed,1.05,11.0,1.02,7.5,1.05,10.0,1.06,12.02,1.06,13.25,1.04,10.52
WTA,2016,45,New York,US Open,2016-08-29,Grand Slam,Outdoor,Hard,1st Round,3,Sevastova A.,Schmiedlova A.,48,85.0,1098,769.0,6.0,3.0,6.0,3.0,,,2.0,0.0,Completed,1.57,2.25,1.62,2.05,1.67,2.2,1.71,2.28,1.71,2.38,1.64,2.23
WTA,2016,45,New York,US Open,2016-08-29,Grand Slam,Outdoor,Hard,1st Round,3,Wang Yaf.,Van Uytvanck A.,163,112.0,337,546.0,6.0,3.0,7.0,6.0,,,2.0,0.0,Completed,2.75,1.4,2.65,1.38,2.75,1.44,2.98,1.45,3.0,1.45,2.84,1.42
WTA,2016,45,New York,US Open,2016-08-29,Grand Slam,Outdoor,Hard,1st Round,3,Tsurenko L.,Begu I.,99,23.0,664,1835.0,6.0,0.0,6.0,4.0,,,2.0,0.0,Completed,2.25,1.57,2.25,1.52,2.1,1.73,2.53,1.59,2.53,1.73,2.34,1.59
WTA,2016,45,New York,US Open,2016-08-29,Grand Slam,Outdoor,Hard,1st Round,3,Cibulkova D.,Linette M.,13,83.0,3100,793.0,6.0,2.0,6.0,3.0,,,2.0,0.0,Completed,1.12,6.0,1.12,4.8,1.12,6.0,1.15,6.35,1.16,6.5,1.13,5.81
WTA,2016,45,New York,US Open,2016-08-29,Grand Slam,Outdoor,Hard,1st Round,3,Pironkova T.,Razzano V.,71,166.0,881,332.0,6.0,1.0,6.0,2.0,,,2.0,0.0,Completed,1.28,3.5,1.25,3.3,1.33,3.4,1.28,4.14,1.4,4.15,1.28,3.68
WTA,2016,45,New York,US Open,2016-08-29,Grand Slam,Outdoor,Hard,1st Round,3,Rodina E.,Collins D.,98,751.0,674,21.0,6.0,1.0,6.0,2.0,,,2.0,0.0,Completed,1.5,2.5,1.42,2.5,1.53,2.5,1.55,2.65,1.55,2.75,1.51,2.57
WTA,2016,45,New York,US Open,2016-08-29,Grand Slam,Outdoor,Hard,1st Round,3,Zheng S.,Puig M.,61,35.0,970,1500.0,6.0,4.0,6.0,2.0,,,2.0,0.0,Completed,3.75,1.25,3.0,1.3,3.75,1.29,3.62,1.34,3.87,1.34,3.55,1.29
WTA,2016,45,New York,US Open,2016-08-29,Grand Slam,Outdoor,Hard,1st Round,3,Bogdan A.,Cirstea S.,116,86.0,529,758.0,0.0,6.0,7.0,5.0,6.0,2.0,2.0,1.0,Completed,1.83,1.83,1.82,1.82,2.0,1.8,1.88,2.02,2.0,2.02,1.89,1.88
WTA,2016,45,New York,US Open,2016-08-29,Grand Slam,Outdoor,Hard,1st Round,3,Davis L.,Sasnovich A.,105,107.0,609,603.0,6.0,2.0,4.0,6.0,7.0,5.0,2.0,1.0,Completed,1.57,2.25,1.55,2.2,1.62,2.25,1.7,2.29,1.7,2.3,1.63,2.24
WTA,2016,45,New York,US Open,2016-08-29,Grand Slam,Outdoor,Hard,1st Round,3,Bondarenko K.,Hsieh S.W.,59,79.0,980,854.0,6.0,0.0,7.0,5.0,,,2.0,0.0,Completed,1.36,3.0,1.33,2.85,1.36,3.25,1.4,3.23,1.41,3.25,1.36,3.08
WTA,2016,45,New York,US Open,2016-08-29,Grand Slam,Outdoor,Hard,1st Round,3,Niculescu M.,Strycova B.,58,21.0,990,2050.0,6.0,3.0,6.0,7.0,6.0,1.0,2.0,1.0,Completed,3.5,1.28,3.1,1.28,3.5,1.3,3.53,1.35,3.55,1.35,3.4,1.31
WTA,2016,45,New York,US Open,2016-08-30,Grand Slam,Outdoor,Hard,1st Round,3,Svitolina E.,Minella M.,19,110.0,2101,566.0,6.0,7.0,6.0,0.0,6.0,2.0,2.0,1.0,Completed,1.1,7.0,1.09,5.4,1.08,7.5,1.11,8.36,1.12,8.36,1.1,6.84
WTA,2016,45,New York,US Open,2016-08-30,Grand Slam,Outdoor,Hard,1st Round,3,Day K.,Brengle M.,374,50.0,99,1055.0,6.0,2.0,4.0,2.0,,,1.0,0.0,Retired,4.5,1.18,4.0,1.17,4.5,1.2,4.76,1.23,4.85,1.23,4.48,1.2
WTA,2016,45,New York,US Open,2016-08-30,Grand Slam,Outdoor,Hard,1st Round,3,Konta J.,Mattek-Sands B.,14,109.0,2905,566.0,6.0,3.0,6.0,3.0,,,2.0,0.0,Completed,1.16,5.0,1.15,4.25,1.17,5.0,1.2,5.23,1.21,5.25,1.17,4.84
WTA,2016,45,New York,US Open,2016-08-30,Grand Slam,Outdoor,Hard,1st Round,3,Keys M.,Riske A.,9,60.0,3286,972.0,4.0,6.0,7.0,6.0,6.0,2.0,2.0,1.0,Completed,1.16,5.0,1.15,4.25,1.17,5.0,1.17,5.77,1.18,5.77,1.17,5.05
WTA,2016,45,New York,US Open,2016-08-30,Grand Slam,Outdoor,Hard,1st Round,3,Allertova D.,Ivanovic A.,89,31.0,729,1560.0,7.0,6.0,6.0,1.0,,,2.0,0.0,Completed,3.0,1.36,2.85,1.33,3.0,1.4,3.05,1.43,3.15,1.43,2.95,1.39
WTA,2016,45,New York,US Open,2016-08-30,Grand Slam,Outdoor,Hard,1st Round,3,Safarova L.,Gavrilova D.,44,45.0,1180,1165.0,6.0,4.0,6.0,4.0,,,2.0,0.0,Completed,2.0,1.72,1.92,1.7,2.1,1.73,2.42,1.64,2.42,1.75,2.17,1.68
WTA,2016,45,New York,US Open,2016-08-30,Grand Slam,Outdoor,Hard,1st Round,3,Hogenkamp R.,Watson H.,165,73.0,333,872.0,6.0,2.0,7.0,5.0,,,2.0,0.0,Completed,3.0,1.36,2.75,1.33,3.0,1.36,3.28,1.39,3.28,1.38,3.07,1.36
WTA,2016,45,New York,US Open,2016-08-30,Grand Slam,Outdoor,Hard,1st Round,3,Wang Q.,Kasatkina D.,62,24.0,964,1773.0,6.0,4.0,2.0,6.0,6.0,2.0,2.0,1.0,Completed,3.5,1.28,3.0,1.28,3.25,1.36,3.74,1.32,3.74,1.36,3.47,1.3
WTA,2016,45,New York,US Open,2016-08-30,Grand Slam,Outdoor,Hard,1st Round,3,Shvedova Y.,Arruabarrena L.,52,91.0,1037,728.0,6.0,2.0,6.0,3.0,,,2.0,0.0,Completed,1.5,2.5,1.42,2.4,1.5,2.62,1.66,2.37,1.66,2.62,1.51,2.52
WTA,2016,45,New York,US Open,2016-08-30,Grand Slam,Outdoor,Hard,1st Round,3,Babos T.,Haas B.,34,141.0,1510,410.0,5.0,7.0,6.0,3.0,7.0,5.0,2.0,1.0,Completed,1.12,6.0,1.14,4.4,1.17,5.0,1.16,6.27,1.17,6.4,1.14,5.58
WTA,2016,45,New York,US Open,2016-08-30,Grand Slam,Outdoor,Hard,1st Round,3,Konjuh A.,Bertens K.,92,22.0,719,1945.0,6.0,3.0,2.0,6.0,6.0,4.0,2.0,1.0,Completed,2.1,1.66,2.0,1.65,2.0,1.8,2.24,1.73,2.25,1.8,2.12,1.71
WTA,2016,45,New York,US Open,2016-08-30,Grand Slam,Outdoor,Hard,1st Round,3,Garcia C.,Parmentier P.,33,63.0,1555,939.0,4.0,6.0,6.0,3.0,6.0,4.0,2.0,1.0,Completed,1.22,4.0,1.22,3.3,1.25,4.0,1.29,4.05,1.29,4.33,1.25,3.91
WTA,2016,45,New York,US Open,2016-08-30,Grand Slam,Outdoor,Hard,1st Round,3,Halep S.,Flipkens K.,5,56.0,5151,1000.0,6.0,0.0,6.0,2.0,,,2.0,0.0,Completed,1.08,8.0,1.09,5.25,1.1,7.0,1.1,8.98,1.1,9.0,1.09,7.47
WTA,2016,45,New York,US Open,2016-08-30,Grand Slam,Outdoor,Hard,1st Round,3,Stosur S.,Giorgi C.,17,67.0,2370,920.0,7.0,5.0,6.0,7.0,6.0,1.0,2.0,1.0,Completed,1.53,2.37,1.5,2.25,1.57,2.38,1.79,2.15,1.79,2.5,1.6,2.31
WTA,2016,45,New York,US Open,2016-08-30,Grand Slam,Outdoor,Hard,1st Round,3,Zhang S.,Perez E.,51,724.0,1048,23.0,6.0,1.0,6.0,1.0,,,2.0,0.0,Completed,1.06,10.0,1.05,6.5,1.08,8.0,1.08,10.44,1.08,10.5,1.07,8.64
WTA,2016,45,New York,US Open,2016-08-30,Grand Slam,Outdoor,Hard,1st Round,3,Gibbs N.,Krunic A.,69,153.0,891,375.0,6.0,1.0,6.0,0.0,,,2.0,0.0,Completed,1.83,1.83,1.75,1.85,1.85,1.85,2.02,1.88,2.02,2.0,1.89,1.89
WTA,2016,45,New York,US Open,2016-08-30,Grand Slam,Outdoor,Hard,1st Round,3,Bacsinszky T.,Diatchenko V.,15,677.0,2713,29.0,6.0,1.0,6.0,1.0,,,2.0,0.0,Completed,1.03,15.0,1.01,8.0,1.04,11.0,1.03,17.32,1.05,17.32,1.03,12.77
WTA,2016,45,New York,US Open,2016-08-30,Grand Slam,Outdoor,Hard,1st Round,3,Siniakova K.,Bouchard E.,72,39.0,879,1395.0,6.0,3.0,3.0,6.0,6.0,2.0,2.0,1.0,Completed,3.5,1.28,3.2,1.25,3.5,1.3,3.87,1.31,3.87,1.33,3.6,1.29
WTA,2016,45,New York,US Open,2016-08-30,Grand Slam,Outdoor,Hard,1st Round,3,Beck A.,Podoroska N.,41,230.0,1365,228.0,7.0,6.0,6.0,3.0,,,2.0,0.0,Completed,1.2,4.33,1.16,4.0,1.25,4.0,1.22,4.94,1.25,5.0,1.21,4.4
WTA,2016,45,New York,US Open,2016-08-30,Grand Slam,Outdoor,Hard,1st Round,3,Vesnina E.,Kontaveit A.,20,90.0,2054,728.0,7.0,6.0,4.0,6.0,6.0,3.0,2.0,1.0,Completed,1.36,3.0,1.35,2.7,1.4,3.0,1.41,3.18,1.41,3.4,1.37,3.06
WTA,2016,45,New York,US Open,2016-08-30,Grand Slam,Outdoor,Hard,1st Round,3,Nara K.,Voegele S.,80,100.0,828,649.0,6.0,0.0,7.0,5.0,,,2.0,0.0,Completed,1.28,3.5,1.28,3.1,1.3,3.5,1.3,3.9,1.33,3.95,1.28,3.63
WTA,2016,45,New York,US Open,2016-08-30,Grand Slam,Outdoor,Hard,1st Round,3,Larsson J.,Knapp K.,47,130.0,1110,458.0,6.0,4.0,6.0,2.0,,,2.0,0.0,Completed,1.36,3.0,1.4,2.5,1.53,2.5,1.43,3.06,1.53,3.1,1.42,2.83
WTA,2016,45,New York,US Open,2016-08-30,Grand Slam,Outdoor,Hard,1st Round,3,Broady N.,Robson L.,82,254.0,817,186.0,6.0,7.0,6.0,3.0,6.0,4.0,2.0,1.0,Completed,2.25,1.57,2.2,1.55,2.38,1.57,2.15,1.79,2.45,1.79,2.32,1.6
WTA,2016,45,New York,US Open,2016-08-30,Grand Slam,Outdoor,Hard,1st Round,3,Suarez Navarro C.,Pereira T.,12,136.0,3100,423.0,6.0,0.0,6.0,0.0,,,2.0,0.0,Completed,1.05,10.0,1.05,6.5,1.05,10.0,1.07,11.28,1.07,12.0,1.05,9.64
WTA,2016,45,New York,US Open,2016-08-30,Grand Slam,Outdoor,Hard,1st Round,3,Williams V.,Kozlova K.,6,93.0,4005,697.0,6.0,2.0,5.0,7.0,6.0,4.0,2.0,1.0,Completed,1.22,4.0,1.22,3.5,1.22,4.33,1.25,4.4,1.26,4.4,1.23,4.1
WTA,2016,45,New York,US Open,2016-08-30,Grand Slam,Outdoor,Hard,1st Round,3,Pavlyuchenkova A.,Chirico L.,18,76.0,2195,864.0,6.0,1.0,6.0,4.0,,,2.0,0.0,Completed,1.4,2.75,1.35,2.65,1.44,2.75,1.46,2.95,1.49,3.2,1.42,2.81
WTA,2016,45,New York,US Open,2016-08-30,Grand Slam,Outdoor,Hard,1st Round,3,Goerges J.,Wickmayer Y.,64,38.0,935,1468.0,6.0,3.0,6.0,2.0,,,2.0,0.0,Completed,2.0,1.72,2.25,1.52,2.38,1.57,2.22,1.74,2.5,1.75,2.22,1.65
WTA,2016,45,New York,US Open,2016-08-30,Grand Slam,Outdoor,Hard,1st Round,3,King V.,Lottner A.,87,184.0,754,297.0,7.0,6.0,6.0,3.0,,,2.0,0.0,Completed,1.44,2.62,1.4,2.6,1.44,2.75,1.55,2.65,1.55,2.85,1.47,2.67
WTA,2016,45,New York,US Open,2016-08-30,Grand Slam,Outdoor,Hard,1st Round,3,Lepchenko V.,Peng S.,68,259.0,908,181.0,4.0,6.0,7.0,6.0,6.0,3.0,2.0,1.0,Completed,1.36,3.0,1.33,2.75,1.44,2.75,1.41,3.15,1.44,3.15,1.39,2.96
WTA,2016,45,New York,US Open,2016-08-30,Grand Slam,Outdoor,Hard,1st Round,3,Jankovic J.,Duque-Marino M.,40,77.0,1375,863.0,6.0,4.0,6.0,1.0,,,2.0,0.0,Completed,1.4,2.75,1.35,2.65,1.44,2.75,1.38,3.31,1.45,3.31,1.4,2.91
WTA,2016,45,New York,US Open,2016-08-30,Grand Slam,Outdoor,Hard,1st Round,3,Gonzalez M.,Kovinic D.,146,54.0,401,1020.0,7.0,5.0,6.0,2.0,,,2.0,0.0,Completed,2.75,1.4,2.85,1.3,2.5,1.48,3.05,1.43,3.05,1.48,2.83,1.42
WTA,2016,45,New York,US Open,2016-08-30,Grand Slam,Outdoor,Hard,1st Round,3,Mladenovic K.,Hibino N.,37,70.0,1470,884.0,6.0,4.0,7.0,5.0,,,2.0,0.0,Completed,1.36,3.0,1.33,2.85,1.36,3.25,1.42,3.14,1.42,3.3,1.36,3.08
WTA,2016,45,New York,US Open,2016-08-30,Grand Slam,Outdoor,Hard,1st Round,3,Siegemund L.,Tig P.M.,27,128.0,1600,461.0,3.0,6.0,6.0,3.0,6.0,2.0,2.0,1.0,Completed,1.11,6.5,1.11,4.9,1.12,6.0,1.13,7.24,1.15,7.25,1.12,6.2
WTA,2016,45,New York,US Open,2016-08-31,Grand Slam,Outdoor,Hard,1st Round,3,Radwanska A.,Pegula J.,4,138.0,5705,415.0,6.0,1.0,6.0,1.0,,,2.0,0.0,Completed,1.04,11.0,1.05,6.5,1.06,9.0,1.08,10.57,1.08,11.38,1.06,9.55
WTA,2016,45,New York,US Open,2016-08-31,Grand Slam,Outdoor,Hard,1st Round,3,Pliskova Ka.,Kenin S.,11,243.0,3135,202.0,6.0,4.0,6.0,3.0,,,2.0,0.0,Completed,1.06,10.0,1.05,6.25,1.06,9.0,1.05,13.89,1.07,13.89,1.06,9.3
WTA,2016,45,New York,US Open,2016-08-31,Grand Slam,Outdoor,Hard,1st Round,3,Williams S.,Makarova E.,1,29.0,7050,1582.0,6.0,3.0,6.0,3.0,,,2.0,0.0,Completed,1.18,4.5,1.15,4.3,1.17,5.0,1.2,5.31,1.22,5.31,1.18,4.76
WTA,2016,45,New York,US Open,2016-08-31,Grand Slam,Outdoor,Hard,2nd Round,3,Svitolina E.,Davis L.,19,105.0,2101,609.0,6.0,1.0,4.0,6.0,6.0,3.0,2.0,1.0,Completed,1.16,5.0,1.15,4.3,1.17,4.75,1.16,6.2,1.18,6.25,1.15,5.41
WTA,2016,45,New York,US Open,2016-08-31,Grand Slam,Outdoor,Hard,2nd Round,3,Vinci R.,Mchale C.,8,55.0,3465,1015.0,6.0,1.0,6.0,3.0,,,2.0,0.0,Completed,1.8,1.9,1.82,1.82,1.91,1.91,1.93,1.97,1.93,2.15,1.83,1.97
WTA,2016,45,New York,US Open,2016-08-31,Grand Slam,Outdoor,Hard,2nd Round,3,Bencic B.,Petkovic A.,26,43.0,1602,1290.0,6.0,3.0,6.0,2.0,,,2.0,0.0,Completed,1.83,1.83,1.82,1.82,1.91,1.91,2.07,1.85,2.07,1.91,1.91,1.87
WTA,2016,45,New York,US Open,2016-08-31,Grand Slam,Outdoor,Hard,2nd Round,3,Tsurenko L.,Wang Yaf.,99,163.0,664,337.0,7.0,5.0,6.0,3.0,,,2.0,0.0,Completed,1.28,3.5,1.25,3.3,1.3,3.5,1.33,3.64,1.33,3.7,1.3,3.5
WTA,2016,45,New York,US Open,2016-08-31,Grand Slam,Outdoor,Hard,2nd Round,3,Cibulkova D.,Rodina E.,13,98.0,3100,674.0,6.0,7.0,6.0,2.0,6.0,2.0,2.0,1.0,Completed,1.12,6.0,1.11,4.8,1.14,5.5,1.13,7.08,1.16,7.08,1.13,5.96
WTA,2016,45,New York,US Open,2016-08-31,Grand Slam,Outdoor,Hard,2nd Round,3,Kvitova P.,Buyukakcay C.,16,66.0,2580,922.0,7.0,6.0,6.0,3.0,,,2.0,0.0,Completed,1.08,8.0,1.08,5.6,1.1,7.0,1.09,9.28,1.1,9.5,1.08,7.88
WTA,2016,45,New York,US Open,2016-08-31,Grand Slam,Outdoor,Hard,2nd Round,3,Witthoeft C.,Putintseva Y.,102,42.0,635,1320.0,6.0,1.0,6.0,7.0,6.0,1.0,2.0,1.0,Completed,2.37,1.53,2.3,1.48,2.38,1.57,2.4,1.65,2.5,1.65,2.39,1.57
WTA,2016,45,New York,US Open,2016-08-31,Grand Slam,Outdoor,Hard,2nd Round,3,Wozniacki C.,Kuznetsova S.,74,10.0,871,3190.0,6.0,4.0,6.0,4.0,,,2.0,0.0,Completed,3.0,1.36,2.75,1.33,3.0,1.4,3.41,1.37,3.43,1.44,3.07,1.37
WTA,2016,45,New York,US Open,2016-08-31,Grand Slam,Outdoor,Hard,2nd Round,3,Konta J.,Pironkova T.,14,71.0,2905,881.0,6.0,2.0,5.0,7.0,6.0,2.0,2.0,1.0,Completed,1.25,3.75,1.22,3.3,1.29,3.75,1.31,3.82,1.31,3.85,1.28,3.6
WTA,2016,45,New York,US Open,2016-08-31,Grand Slam,Outdoor,Hard,2nd Round,3,Niculescu M.,Bogdan A.,58,116.0,990,529.0,6.0,0.0,6.0,1.0,,,2.0,0.0,Completed,1.4,2.75,1.4,2.5,1.44,2.75,1.47,2.93,1.48,3.0,1.44,2.75
WTA,2016,45,New York,US Open,2016-08-31,Grand Slam,Outdoor,Hard,2nd Round,3,Kerber A.,Lucic-Baroni M.,2,57.0,6860,993.0,6.0,2.0,7.0,6.0,,,2.0,0.0,Completed,1.08,8.0,1.07,6.0,1.08,8.0,1.11,8.04,1.11,8.04,1.09,7.37
WTA,2016,45,New York,US Open,2016-08-31,Grand Slam,Outdoor,Hard,2nd Round,3,Osaka N.,Duan Y.Y.,81,103.0,817,619.0,6.0,4.0,7.0,6.0,,,2.0,0.0,Completed,1.5,2.5,1.52,2.2,1.62,2.25,1.62,2.45,1.67,2.52,1.58,2.36
WTA,2016,45,New York,US Open,2016-08-31,Grand Slam,Outdoor,Hard,2nd Round,3,Bondarenko K.,Zheng S.,59,61.0,980,970.0,5.0,7.0,7.0,6.0,7.0,5.0,2.0,1.0,Completed,1.61,2.2,1.55,2.1,1.62,2.25,1.65,2.38,1.72,2.4,1.66,2.2
WTA,2016,45,New York,US Open,2016-08-31,Grand Slam,Outdoor,Hard,2nd Round,3,Bellis C.,Rogers S.,158,49.0,361,1068.0,2.0,6.0,6.0,2.0,6.0,2.0,2.0,1.0,Completed,1.83,1.83,1.82,1.8,2.0,1.8,2.03,1.88,2.03,1.95,1.92,1.86
WTA,2016,45,New York,US Open,2016-09-01,Grand Slam,Outdoor,Hard,2nd Round,3,Sevastova A.,Muguruza G.,48,3.0,1098,5830.0,7.0,5.0,6.0,4.0,,,2.0,0.0,Completed,5.0,1.16,4.3,1.15,5.0,1.17,5.2,1.2,5.25,1.21,4.8,1.18
WTA,2016,45,New York,US Open,2016-09-01,Grand Slam,Outdoor,Hard,2nd Round,3,Keys M.,Day K.,9,374.0,3286,99.0,6.0,1.0,6.0,1.0,,,2.0,0.0,Completed,1.05,10.0,1.07,6.0,1.08,8.0,1.08,10.01,1.09,10.5,1.07,8.7
WTA,2016,45,New York,US Open,2016-09-01,Grand Slam,Outdoor,Hard,2nd Round,3,Halep S.,Safarova L.,5,44.0,5151,1180.0,6.0,3.0,6.0,4.0,,,2.0,0.0,Completed,1.16,4.5,1.15,4.25,1.17,5.0,1.16,6.1,1.19,6.1,1.16,5.21
WTA,2016,45,New York,US Open,2016-09-01,Grand Slam,Outdoor,Hard,2nd Round,3,Pliskova Ka.,Gonzalez M.,11,146.0,3135,401.0,6.0,1.0,7.0,5.0,,,2.0,0.0,Completed,1.05,10.0,1.06,6.25,1.06,9.0,1.05,13.32,1.08,14.5,1.05,10.36
WTA,2016,45,New York,US Open,2016-09-01,Grand Slam,Outdoor,Hard,2nd Round,3,Pavlyuchenkova A.,Mladenovic K.,18,37.0,2195,1470.0,6.0,2.0,4.0,6.0,7.0,6.0,2.0,1.0,Completed,1.53,2.37,1.48,2.3,1.57,2.38,1.6,2.52,1.63,2.52,1.56,2.4
WTA,2016,45,New York,US Open,2016-09-01,Grand Slam,Outdoor,Hard,2nd Round,3,Babos T.,Hogenkamp R.,34,165.0,1510,333.0,6.0,2.0,6.0,4.0,,,2.0,0.0,Completed,1.22,4.0,1.18,3.75,1.25,4.0,1.28,4.14,1.29,4.3,1.25,4.0
WTA,2016,45,New York,US Open,2016-09-01,Grand Slam,Outdoor,Hard,2nd Round,3,Larsson J.,Allertova D.,47,89.0,1110,729.0,6.0,3.0,6.0,1.0,,,2.0,0.0,Completed,1.53,2.37,1.52,2.25,1.53,2.5,1.54,2.66,1.59,2.7,1.52,2.54
WTA,2016,45,New York,US Open,2016-09-01,Grand Slam,Outdoor,Hard,2nd Round,3,Konjuh A.,Nara K.,92,80.0,719,828.0,6.0,3.0,6.0,3.0,,,2.0,0.0,Completed,1.57,2.25,1.48,2.3,1.57,2.38,1.58,2.55,1.62,2.55,1.57,2.38
WTA,2016,45,New York,US Open,2016-09-01,Grand Slam,Outdoor,Hard,2nd Round,3,Williams V.,Goerges J.,6,64.0,4005,935.0,6.0,2.0,6.0,3.0,,,2.0,0.0,Completed,1.33,3.25,1.33,2.85,1.36,3.25,1.38,3.32,1.38,3.5,1.34,3.24
WTA,2016,45,New York,US Open,2016-09-01,Grand Slam,Outdoor,Hard,2nd Round,3,Garcia C.,Siniakova K.,33,72.0,1555,879.0,4.0,6.0,6.0,4.0,6.0,4.0,2.0,1.0,Completed,1.66,2.1,1.72,1.88,1.73,2.1,1.83,2.1,1.83,2.2,1.73,2.08
WTA,2016,45,New York,US Open,2016-09-01,Grand Slam,Outdoor,Hard,2nd Round,3,Shvedova Y.,Wang Q.,52,62.0,1037,964.0,6.0,0.0,6.0,1.0,,,2.0,0.0,Completed,1.72,2.0,1.72,1.88,1.67,2.2,1.88,2.02,1.88,2.2,1.79,2.02
WTA,2016,45,New York,US Open,2016-09-01,Grand Slam,Outdoor,Hard,2nd Round,3,Radwanska A.,Broady N.,4,82.0,5705,817.0,7.0,6.0,6.0,3.0,,,2.0,0.0,Completed,1.05,10.0,1.04,7.0,1.03,13.0,1.06,12.02,1.07,13.0,1.05,10.05
WTA,2016,45,New York,US Open,2016-09-01,Grand Slam,Outdoor,Hard,2nd Round,3,Zhang S.,Stosur S.,51,17.0,1048,2370.0,6.0,3.0,6.0,3.0,,,2.0,0.0,Completed,3.0,1.36,3.0,1.28,3.6,1.3,3.22,1.4,3.6,1.4,3.13,1.35
WTA,2016,45,New York,US Open,2016-09-01,Grand Slam,Outdoor,Hard,2nd Round,3,Lepchenko V.,Bacsinszky T.,68,15.0,908,2713.0,6.0,4.0,4.0,6.0,6.0,4.0,2.0,1.0,Completed,3.5,1.28,2.9,1.3,3.5,1.3,3.69,1.33,3.7,1.36,3.42,1.31
WTA,2016,45,New York,US Open,2016-09-01,Grand Slam,Outdoor,Hard,2nd Round,3,Vesnina E.,Beck A.,20,41.0,2054,1365.0,6.0,2.0,6.0,1.0,,,2.0,0.0,Completed,1.5,2.5,1.42,2.5,1.53,2.5,1.56,2.6,1.56,2.67,1.5,2.54
WTA,2016,45,New York,US Open,2016-09-01,Grand Slam,Outdoor,Hard,2nd Round,3,Suarez Navarro C.,Jankovic J.,12,40.0,3100,1375.0,6.0,1.0,6.0,4.0,,,2.0,0.0,Completed,1.28,3.5,1.3,2.9,1.3,3.5,1.36,3.45,1.36,3.55,1.31,3.35
WTA,2016,45,New York,US Open,2016-09-02,Grand Slam,Outdoor,Hard,2nd Round,3,Williams S.,King V.,1,87.0,7050,754.0,6.0,3.0,6.0,3.0,,,2.0,0.0,Completed,1.02,17.0,1.01,8.0,1.02,15.0,1.03,17.65,1.04,20.0,1.02,14.62
WTA,2016,45,New York,US Open,2016-09-02,Grand Slam,Outdoor,Hard,2nd Round,3,Siegemund L.,Gibbs N.,27,69.0,1600,891.0,6.0,3.0,7.0,5.0,,,2.0,0.0,Completed,1.8,1.9,1.82,1.82,1.91,1.91,1.93,1.98,1.93,2.0,1.86,1.92
WTA,2016,45,New York,US Open,2016-09-02,Grand Slam,Outdoor,Hard,3rd Round,3,Vinci R.,Witthoeft C.,8,102.0,3465,635.0,6.0,0.0,5.0,7.0,6.0,3.0,2.0,1.0,Completed,1.36,3.25,1.33,2.75,1.4,3.0,1.45,3.05,1.45,3.4,1.37,3.08
WTA,2016,45,New York,US Open,2016-09-02,Grand Slam,Outdoor,Hard,3rd Round,3,Sevastova A.,Bondarenko K.,48,59.0,1098,980.0,6.0,4.0,6.0,1.0,,,2.0,0.0,Completed,2.37,1.57,2.0,1.62,2.1,1.73,2.41,1.65,2.41,1.73,2.26,1.63
WTA,2016,45,New York,US Open,2016-09-02,Grand Slam,Outdoor,Hard,3rd Round,3,Wozniacki C.,Niculescu M.,74,58.0,871,990.0,6.0,3.0,6.0,1.0,,,2.0,0.0,Completed,1.36,3.25,1.35,2.65,1.36,3.25,1.38,3.36,1.45,3.36,1.37,3.05
WTA,2016,45,New York,US Open,2016-09-02,Grand Slam,Outdoor,Hard,3rd Round,3,Tsurenko L.,Cibulkova D.,99,13.0,664,3100.0,3.0,6.0,6.0,3.0,6.0,4.0,2.0,1.0,Completed,3.5,1.3,3.3,1.25,3.4,1.33,3.55,1.36,3.55,1.4,3.34,1.32
WTA,2016,45,New York,US Open,2016-09-02,Grand Slam,Outdoor,Hard,3rd Round,3,Keys M.,Osaka N.,9,81.0,3286,817.0,7.0,5.0,4.0,6.0,7.0,6.0,2.0,1.0,Completed,1.12,6.0,1.12,4.75,1.12,6.0,1.17,6.19,1.17,6.3,1.14,5.69
WTA,2016,45,New York,US Open,2016-09-02,Grand Slam,Outdoor,Hard,3rd Round,3,Konta J.,Bencic B.,14,26.0,2905,1602.0,6.0,2.0,6.0,1.0,,,2.0,0.0,Completed,1.61,2.3,1.55,2.1,1.67,2.2,1.68,2.35,1.73,2.46,1.64,2.25
WTA,2016,45,New York,US Open,2016-09-02,Grand Slam,Outdoor,Hard,3rd Round,3,Kvitova P.,Svitolina E.,16,19.0,2580,2101.0,6.0,3.0,6.0,4.0,,,2.0,0.0,Completed,1.44,2.75,1.4,2.6,1.44,2.75,1.47,2.94,1.52,2.94,1.44,2.75
WTA,2016,45,New York,US Open,2016-09-03,Grand Slam,Outdoor,Hard,3rd Round,3,Kerber A.,Bellis C.,2,158.0,6860,361.0,6.0,1.0,6.0,1.0,,,2.0,0.0,Completed,1.07,9.0,1.05,6.25,1.06,9.0,1.09,9.69,1.11,9.87,1.07,8.33
WTA,2016,45,New York,US Open,2016-09-03,Grand Slam,Outdoor,Hard,3rd Round,3,Suarez Navarro C.,Vesnina E.,12,20.0,3100,2054.0,6.0,4.0,6.0,3.0,,,2.0,0.0,Completed,1.5,2.62,1.45,2.4,1.5,2.62,1.53,2.73,1.55,2.8,1.49,2.59
WTA,2016,45,New York,US Open,2016-09-03,Grand Slam,Outdoor,Hard,3rd Round,3,Halep S.,Babos T.,5,34.0,5151,1510.0,6.0,1.0,2.0,6.0,6.0,4.0,2.0,1.0,Completed,1.1,7.0,1.1,5.25,1.11,7.0,1.12,7.79,1.14,8.0,1.1,6.79
WTA,2016,45,New York,US Open,2016-09-03,Grand Slam,Outdoor,Hard,3rd Round,3,Radwanska A.,Garcia C.,4,33.0,5705,1555.0,6.0,2.0,6.0,3.0,,,2.0,0.0,Completed,1.2,4.5,1.18,3.75,1.22,4.33,1.24,4.64,1.24,4.9,1.21,4.35
WTA,2016,45,New York,US Open,2016-09-03,Grand Slam,Outdoor,Hard,3rd Round,3,Shvedova Y.,Zhang S.,52,51.0,1037,1048.0,6.0,2.0,7.0,5.0,,,2.0,0.0,Completed,1.8,2.0,1.72,1.88,1.8,2.0,1.85,2.09,1.91,2.09,1.81,1.98
WTA,2016,45,New York,US Open,2016-09-03,Grand Slam,Outdoor,Hard,3rd Round,3,Williams S.,Larsson J.,1,47.0,7050,1110.0,6.0,2.0,6.0,1.0,,,2.0,0.0,Completed,1.05,11.0,1.05,6.5,1.05,10.0,1.06,13.58,1.06,14.5,1.05,10.67
WTA,2016,45,New York,US Open,2016-09-03,Grand Slam,Outdoor,Hard,3rd Round,3,Konjuh A.,Lepchenko V.,92,68.0,719,908.0,6.0,3.0,3.0,6.0,6.0,2.0,2.0,1.0,Completed,1.66,2.2,1.62,2.0,1.73,2.1,1.7,2.32,1.73,2.32,1.67,2.19
WTA,2016,45,New York,US Open,2016-09-03,Grand Slam,Outdoor,Hard,3rd Round,3,Pliskova Ka.,Pavlyuchenkova A.,11,18.0,3135,2195.0,6.0,2.0,6.0,4.0,,,2.0,0.0,Completed,1.36,3.0,1.22,3.3,1.29,3.75,1.4,3.26,1.4,4.0,1.3,3.45
WTA,2016,45,New York,US Open,2016-09-04,Grand Slam,Outdoor,Hard,3rd Round,3,Williams V.,Siegemund L.,6,27.0,4005,1600.0,6.0,1.0,6.0,2.0,,,2.0,0.0,Completed,1.33,3.4,1.28,3.1,1.3,3.5,1.36,3.54,1.38,3.6,1.32,3.36
WTA,2016,45,New York,US Open,2016-09-04,Grand Slam,Outdoor,Hard,4th Round,3,Vinci R.,Tsurenko L.,8,99.0,3465,664.0,7.0,6.0,6.0,2.0,,,2.0,0.0,Completed,1.36,3.25,1.38,2.65,1.4,3.0,1.36,3.5,1.4,3.5,1.36,3.13
WTA,2016,45,New York,US Open,2016-09-04,Grand Slam,Outdoor,Hard,4th Round,3,Sevastova A.,Konta J.,48,14.0,1098,2905.0,6.0,4.0,7.0,5.0,,,2.0,0.0,Completed,4.0,1.25,3.3,1.22,4.0,1.25,4.22,1.28,4.35,1.28,3.93,1.25
WTA,2016,45,New York,US Open,2016-09-04,Grand Slam,Outdoor,Hard,4th Round,3,Wozniacki C.,Keys M.,74,9.0,871,3286.0,6.0,3.0,6.0,4.0,,,2.0,0.0,Completed,2.75,1.44,2.65,1.38,2.62,1.5,2.88,1.49,2.9,1.53,2.71,1.45
WTA,2016,45,New York,US Open,2016-09-05,Grand Slam,Outdoor,Hard,4th Round,3,Kerber A.,Kvitova P.,2,16.0,6860,2580.0,6.0,3.0,7.0,5.0,,,2.0,0.0,Completed,1.44,2.62,1.38,2.65,1.44,2.75,1.51,2.79,1.51,2.95,1.44,2.75
WTA,2016,45,New York,US Open,2016-09-05,Grand Slam,Outdoor,Hard,4th Round,3,Halep S.,Suarez Navarro C.,5,12.0,5151,3100.0,6.0,2.0,7.0,5.0,,,2.0,0.0,Completed,1.36,3.0,1.28,3.1,1.36,3.25,1.39,3.33,1.41,3.43,1.35,3.17
WTA,2016,45,New York,US Open,2016-09-05,Grand Slam,Outdoor,Hard,4th Round,3,Pliskova Ka.,Williams V.,11,6.0,3135,4005.0,4.0,6.0,6.0,4.0,7.0,6.0,2.0,1.0,Completed,1.8,2.0,1.72,1.88,1.8,2.0,1.78,2.18,1.83,2.18,1.78,2.02
WTA,2016,45,New York,US Open,2016-09-05,Grand Slam,Outdoor,Hard,4th Round,3,Williams S.,Shvedova Y.,1,52.0,7050,1037.0,6.0,2.0,6.0,3.0,,,2.0,0.0,Completed,1.06,9.0,1.05,6.5,1.06,9.0,1.08,10.83,1.09,11.25,1.06,9.12
WTA,2016,45,New York,US Open,2016-09-06,Grand Slam,Outdoor,Hard,4th Round,3,Konjuh A.,Radwanska A.,92,4.0,719,5705.0,6.0,4.0,6.0,4.0,,,2.0,0.0,Completed,4.5,1.18,4.4,1.14,5.75,1.14,5.09,1.22,5.75,1.22,4.75,1.18
WTA,2016,45,New York,US Open,2016-09-06,Grand Slam,Outdoor,Hard,Quarterfinals,3,Kerber A.,Vinci R.,2,8.0,6860,3465.0,7.0,5.0,6.0,0.0,,,2.0,0.0,Completed,1.14,5.5,1.12,4.75,1.14,5.5,1.18,5.84,1.18,6.18,1.15,5.5
WTA,2016,45,New York,US Open,2016-09-07,Grand Slam,Outdoor,Hard,Quarterfinals,3,Wozniacki C.,Sevastova A.,74,48.0,871,1098.0,6.0,0.0,6.0,2.0,,,2.0,0.0,Completed,1.36,3.25,1.3,2.85,1.3,3.5,1.41,3.23,1.42,3.5,1.36,3.13
WTA,2016,45,New York,US Open,2016-09-07,Grand Slam,Outdoor,Hard,Quarterfinals,3,Pliskova Ka.,Konjuh A.,11,92.0,3135,719.0,6.0,2.0,6.0,2.0,,,2.0,0.0,Completed,1.4,3.0,1.35,2.75,1.4,3.0,1.4,3.28,1.43,3.28,1.39,2.98
WTA,2016,45,New York,US Open,2016-09-08,Grand Slam,Outdoor,Hard,Quarterfinals,3,Williams S.,Halep S.,1,5.0,7050,5151.0,6.0,2.0,4.0,6.0,6.0,3.0,2.0,1.0,Completed,1.22,4.33,1.22,3.5,1.2,4.5,1.29,4.14,1.29,4.5,1.24,4.0
WTA,2016,45,New York,US Open,2016-09-09,Grand Slam,Outdoor,Hard,Semifinals,3,Pliskova Ka.,Williams S.,11,1.0,3135,7050.0,6.0,2.0,7.0,6.0,,,2.0,0.0,Completed,5.0,1.16,4.3,1.15,5.0,1.17,5.62,1.19,5.62,1.2,4.99,1.18
WTA,2016,45,New York,US Open,2016-09-09,Grand Slam,Outdoor,Hard,Semifinals,3,Kerber A.,Wozniacki C.,2,74.0,6860,871.0,6.0,4.0,6.0,3.0,,,2.0,0.0,Completed,1.4,3.0,1.35,2.65,1.4,3.0,1.44,3.13,1.44,3.2,1.41,2.93
WTA,2016,45,New York,US Open,2016-09-10,Grand Slam,Outdoor,Hard,The Final,3,Kerber A.,Pliskova Ka.,2,11.0,6860,3135.0,6.0,3.0,4.0,6.0,6.0,4.0,2.0,1.0,Completed,1.57,2.37,1.52,2.25,1.57,2.38,1.62,2.52,1.65,2.55,1.57,2.4
