Tour,Year,WTA,Location,Tournament,Date,Tier,Court,Surface,Round,Best of,Winner,Loser,WRank,LRank,WPts,LPts,W1,L1,W2,L2,W3,L3,Wsets,Lsets,Comment,B365W,B365L,EXW,EXL,LBW,LBL,PSW,PSL,SJW,SJL,MaxW,MaxL,AvgW,AvgL
WTA,2012,5,Melbourne,Australian Open,2012-01-16,Grand Slam,Outdoor,Hard,1st Round,3,Azarenka V.,Watson H.,3.0,105.0,6865.0,649.0,6.0,1.0,6.0,0.0,,,2.0,0.0,Completed,1.02,17.0,1.02,10.8,1.02,13.0,1.02,21.0,1.02,13.0,1.04,23.5,1.02,13.29
WTA,2012,5,Melbourne,Australian Open,2012-01-16,Grand Slam,Outdoor,Hard,1st Round,3,Daniilidou E.,Date Krumm K.,86.0,79.0,733.0,825.0,6.0,3.0,6.0,2.0,,,2.0,0.0,Completed,2.75,1.4,2.6,1.45,2.62,1.44,3.1,1.43,2.38,1.53,3.15,1.57,2.76,1.43
WTA,2012,5,Melbourne,Australian Open,2012-01-16,Grand Slam,Outdoor,Hard,1st Round,3,Dellacqua C.,Jovanovski B.,126.0,90.0,527.0,710.0,6.0,3.0,6.0,2.0,,,2.0,0.0,Completed,2.75,1.4,2.55,1.5,2.62,1.5,2.75,1.51,2.63,1.44,3.0,1.51,2.67,1.45
WTA,2012,5,Melbourne,Australian Open,2012-01-16,Grand Slam,Outdoor,Hard,1st Round,3,Ormaechea P.,Halep S.,189.0,50.0,330.0,1152.0,6.0,1.0,3.0,6.0,7.0,5.0,2.0,1.0,Completed,2.75,1.4,2.85,1.4,2.62,1.44,2.82,1.49,2.75,1.4,2.85,1.5,2.71,1.44
WTA,2012,5,Melbourne,Australian Open,2012-01-16,Grand Slam,Outdoor,Hard,1st Round,3,Tsurenko L.,Rus A.,111.0,77.0,612.0,855.0,7.0,6.0,6.0,1.0,,,2.0,0.0,Completed,2.0,1.72,1.95,1.8,2.0,1.73,2.03,1.89,1.91,1.8,2.1,1.89,1.97,1.79
WTA,2012,5,Melbourne,Australian Open,2012-01-16,Grand Slam,Outdoor,Hard,1st Round,3,Hantuchova D.,Lepchenko V.,21.0,128.0,2295.0,524.0,4.0,6.0,6.0,3.0,6.0,2.0,2.0,1.0,Completed,1.22,4.0,1.18,4.5,1.17,4.5,1.25,4.52,1.17,4.5,1.28,5.25,1.19,4.55
WTA,2012,5,Melbourne,Australian Open,2012-01-16,Grand Slam,Outdoor,Hard,1st Round,3,Radwanska A.,Mattek-Sands B.,8.0,67.0,5330.0,937.0,6.0,7.0,6.0,4.0,6.0,2.0,2.0,1.0,Completed,1.08,8.0,1.11,6.0,1.07,8.0,1.07,10.5,1.08,7.5,1.11,10.5,1.08,7.5
WTA,2012,5,Melbourne,Australian Open,2012-01-16,Grand Slam,Outdoor,Hard,1st Round,3,Medina Garrigues A.,Birnerova E.,28.0,100.0,1950.0,662.0,6.0,3.0,6.0,3.0,,,2.0,0.0,Completed,1.1,6.5,1.18,4.5,1.17,4.5,1.17,5.98,1.17,4.5,1.18,6.5,1.15,5.19
WTA,2012,5,Melbourne,Australian Open,2012-01-16,Grand Slam,Outdoor,Hard,1st Round,3,Cetkovska P.,Morita A.,33.0,52.0,1666.0,1130.0,3.0,6.0,6.0,1.0,7.0,5.0,2.0,1.0,Completed,1.8,1.9,1.85,1.9,1.83,1.83,1.85,2.06,1.73,2.0,2.02,2.06,1.84,1.91
WTA,2012,5,Melbourne,Australian Open,2012-01-16,Grand Slam,Outdoor,Hard,1st Round,3,Goerges J.,Hercog P.,23.0,35.0,2225.0,1490.0,6.0,3.0,7.0,6.0,,,2.0,0.0,Completed,1.5,2.5,1.5,2.5,1.53,2.38,1.61,2.49,1.53,2.38,1.65,2.55,1.54,2.4
WTA,2012,5,Melbourne,Australian Open,2012-01-16,Grand Slam,Outdoor,Hard,1st Round,3,Bratchikova N.,Pennetta F.,136.0,20.0,496.0,2570.0,6.0,3.0,1.0,6.0,6.0,2.0,2.0,1.0,Completed,7.0,1.1,6,1.11,6.0,1.11,7.38,1.13,6.0,1.1,7.38,1.15,6.11,1.11
WTA,2012,5,Melbourne,Australian Open,2012-01-16,Grand Slam,Outdoor,Hard,1st Round,3,Li N.,Pervak K.,6.0,40.0,5570.0,1365.0,6.0,3.0,6.0,1.0,,,2.0,0.0,Completed,1.1,7.0,1.1,6.5,1.05,8.5,1.11,8.04,1.1,7.0,1.12,8.5,1.08,7.16
WTA,2012,5,Melbourne,Australian Open,2012-01-16,Grand Slam,Outdoor,Hard,1st Round,3,Oprandi R.,Yakimova A.,80.0,63.0,824.0,969.0,6.0,4.0,6.0,1.0,,,2.0,0.0,Completed,1.22,4.0,1.3,3.4,1.29,3.5,1.25,4.46,1.29,3.25,1.33,4.46,1.27,3.68
WTA,2012,5,Melbourne,Australian Open,2012-01-16,Grand Slam,Outdoor,Hard,1st Round,3,Govortsova O.,Mayr P.,114.0,98.0,574.0,676.0,6.0,2.0,6.0,4.0,,,2.0,0.0,Completed,1.18,4.5,1.3,3.4,1.25,3.75,1.23,4.77,1.25,3.5,1.3,4.77,1.25,3.85
WTA,2012,5,Melbourne,Australian Open,2012-01-16,Grand Slam,Outdoor,Hard,1st Round,3,Schiavone F.,Pous-Tio L.,11.0,72.0,4040.0,886.0,6.0,1.0,6.0,3.0,,,2.0,0.0,Completed,1.04,13.0,1.04,10.0,1.04,9.0,1.07,11.25,1.05,8.0,1.07,13.0,1.05,9.68
WTA,2012,5,Melbourne,Australian Open,2012-01-16,Grand Slam,Outdoor,Hard,1st Round,3,Peng S.,Rezai A.,17.0,120.0,2760.0,547.0,6.0,3.0,6.0,4.0,,,2.0,0.0,Completed,1.18,4.5,1.25,3.75,1.25,3.75,1.24,4.62,1.25,3.5,1.31,4.62,1.24,3.91
WTA,2012,5,Melbourne,Australian Open,2012-01-16,Grand Slam,Outdoor,Hard,1st Round,3,Mchale C.,Safarova L.,42.0,24.0,1241.0,2120.0,6.0,2.0,6.0,4.0,,,2.0,0.0,Completed,3.0,1.36,2.5,1.5,2.75,1.4,2.95,1.46,2.63,1.44,3.0,1.5,2.69,1.45
WTA,2012,5,Melbourne,Australian Open,2012-01-16,Grand Slam,Outdoor,Hard,1st Round,3,Clijsters K.,Koehler M.J.,14.0,223.0,3041.0,273.0,7.0,5.0,6.0,1.0,,,2.0,0.0,Completed,1.03,15.0,1.04,10.0,1.01,15.0,1.02,25.0,1.02,13.0,1.04,26.0,1.02,14.14
WTA,2012,5,Melbourne,Australian Open,2012-01-16,Grand Slam,Outdoor,Hard,1st Round,3,Brianti A.,Falconi I.,71.0,81.0,890.0,815.0,6.0,2.0,7.0,5.0,,,2.0,0.0,Completed,2.0,1.72,2.04,1.74,1.83,1.83,2.18,1.77,1.83,1.83,2.25,1.85,1.98,1.78
WTA,2012,5,Melbourne,Australian Open,2012-01-16,Grand Slam,Outdoor,Hard,1st Round,3,Foretz S.,Baltacha E.,107.0,54.0,633.0,1120.0,6.0,2.0,6.0,4.0,,,2.0,0.0,Completed,3.25,1.33,2.85,1.4,2.62,1.44,3.31,1.38,2.63,1.44,3.31,1.44,2.9,1.39
WTA,2012,5,Melbourne,Australian Open,2012-01-16,Grand Slam,Outdoor,Hard,1st Round,3,Benesova I.,Johansson M.,46.0,74.0,1198.0,867.0,6.0,3.0,2.0,6.0,6.0,4.0,2.0,1.0,Completed,1.16,5.0,1.25,3.75,1.22,4.0,1.19,5.54,1.25,3.5,1.25,5.54,1.21,4.3
WTA,2012,5,Melbourne,Australian Open,2012-01-16,Grand Slam,Outdoor,Hard,1st Round,3,Voskoboeva G.,Wickmayer Y.,57.0,26.0,1108.0,2050.0,7.0,5.0,6.0,2.0,,,2.0,0.0,Completed,2.37,1.53,2.4,1.55,2.5,1.5,2.58,1.57,2.38,1.53,2.58,1.67,2.43,1.54
WTA,2012,5,Melbourne,Australian Open,2012-01-16,Grand Slam,Outdoor,Hard,1st Round,3,Parmentier P.,Kudryavtseva A.,70.0,108.0,891.0,631.0,6.0,3.0,5.0,7.0,6.0,3.0,2.0,1.0,Completed,2.1,1.66,2,1.75,2.0,1.73,2.16,1.78,2.0,1.73,2.16,1.85,2.02,1.75
WTA,2012,5,Melbourne,Australian Open,2012-01-16,Grand Slam,Outdoor,Hard,1st Round,3,Jankovic J.,Robson L.,13.0,134.0,3115.0,501.0,6.0,2.0,6.0,0.0,,,2.0,0.0,Completed,1.12,6.0,1.16,5.0,1.17,5.0,1.16,6.12,1.1,7.0,1.18,7.0,1.14,5.33
WTA,2012,5,Melbourne,Australian Open,2012-01-16,Grand Slam,Outdoor,Hard,1st Round,3,Pironkova T.,Mirza S.,47.0,106.0,1191.0,647.0,6.0,4.0,6.0,2.0,,,2.0,0.0,Completed,1.36,3.0,1.4,2.85,1.4,2.75,1.47,2.91,1.44,2.63,1.48,3.0,1.44,2.71
WTA,2012,5,Melbourne,Australian Open,2012-01-16,Grand Slam,Outdoor,Hard,1st Round,3,Rogowska O.,Arvidsson S.,168.0,75.0,383.0,865.0,6.0,3.0,6.0,1.0,,,2.0,0.0,Completed,3.0,1.36,2.85,1.4,2.75,1.4,2.99,1.45,3.0,1.33,3.16,1.45,2.89,1.39
WTA,2012,5,Melbourne,Australian Open,2012-01-16,Grand Slam,Outdoor,Hard,1st Round,3,Tatishvili A.,Barty A.,83.0,670.0,744.0,34.0,6.0,2.0,7.0,6.0,,,2.0,0.0,Completed,1.36,3.0,1.4,2.85,1.36,3.0,1.35,3.52,1.36,2.88,1.42,3.52,1.35,3.06
WTA,2012,5,Melbourne,Australian Open,2012-01-16,Grand Slam,Outdoor,Hard,1st Round,3,Chang K.C.,Martic P.,149.0,55.0,446.0,1118.0,6.0,4.0,6.0,2.0,,,2.0,0.0,Completed,2.2,1.61,2.1,1.7,2.2,1.62,2.3,1.69,2.25,1.57,2.38,1.72,2.18,1.65
WTA,2012,5,Melbourne,Australian Open,2012-01-16,Grand Slam,Outdoor,Hard,1st Round,3,Barthel M.,Keothavong A.,44.0,73.0,1220.0,882.0,6.0,0.0,,,,,1.0,0.0,Retired,1.25,3.75,1.22,4.0,1.25,3.75,1.28,4.15,1.25,3.5,1.33,4.8,1.26,3.67
WTA,2012,5,Melbourne,Australian Open,2012-01-16,Grand Slam,Outdoor,Hard,1st Round,3,Erakovic M.,Pavlovic I.,62.0,219.0,991.0,275.0,7.0,5.0,7.0,6.0,,,2.0,0.0,Completed,1.3,3.4,1.35,3.1,1.29,3.5,1.31,3.79,1.29,3.25,1.36,3.79,1.31,3.32
WTA,2012,5,Melbourne,Australian Open,2012-01-16,Grand Slam,Outdoor,Hard,1st Round,3,Niculescu M.,Cornet A.,32.0,85.0,1725.0,733.0,5.0,7.0,6.0,0.0,6.0,3.0,2.0,1.0,Completed,1.5,2.5,1.5,2.55,1.5,2.5,1.45,2.99,1.44,2.63,1.53,2.99,1.48,2.59
WTA,2012,5,Melbourne,Australian Open,2012-01-16,Grand Slam,Outdoor,Hard,1st Round,3,Wozniacki C.,Rodionova An.,1.0,103.0,7485.0,655.0,6.0,2.0,6.0,1.0,,,2.0,0.0,Completed,1.08,8.0,1.07,8.0,1.06,8.5,1.09,9.16,1.03,10.0,1.11,10.0,1.08,7.61
WTA,2012,5,Melbourne,Australian Open,2012-01-17,Grand Slam,Outdoor,Hard,1st Round,3,King V.,Bondarenko K.,66.0,88.0,940.0,724.0,7.0,6.0,6.0,3.0,,,2.0,0.0,Completed,1.5,2.5,1.5,2.5,1.5,2.5,1.53,2.71,1.53,2.38,1.6,2.78,1.5,2.52
WTA,2012,5,Melbourne,Australian Open,2012-01-17,Grand Slam,Outdoor,Hard,1st Round,3,Kvitova P.,Dushevina V.,2.0,82.0,7290.0,810.0,6.0,2.0,6.0,0.0,,,2.0,0.0,Completed,1.02,17.0,1.04,10.0,1.03,11.0,1.03,17.5,1.03,11.0,1.05,19.5,1.03,12.01
WTA,2012,5,Melbourne,Australian Open,2012-01-17,Grand Slam,Outdoor,Hard,1st Round,3,Kirilenko M.,Gajdosova J.,29.0,39.0,1930.0,1365.0,6.0,4.0,6.0,2.0,,,2.0,0.0,Completed,1.66,2.1,1.75,2.05,1.8,2.0,1.75,2.2,1.73,2.0,1.85,2.25,1.7,2.09
WTA,2012,5,Melbourne,Australian Open,2012-01-17,Grand Slam,Outdoor,Hard,1st Round,3,Lisicki S.,Voegele S.,15.0,138.0,2903.0,490.0,6.0,2.0,4.0,6.0,6.0,4.0,2.0,1.0,Completed,1.14,5.5,1.16,5.0,1.12,5.5,1.17,5.98,1.1,6.0,1.2,6.0,1.15,5.09
WTA,2012,5,Melbourne,Australian Open,2012-01-17,Grand Slam,Outdoor,Hard,1st Round,3,Pavlyuchenkova A.,Zakopalova K.,16.0,43.0,2795.0,1225.0,7.0,6.0,6.0,1.0,,,2.0,0.0,Completed,1.33,3.25,1.3,3.4,1.29,3.5,1.37,3.31,1.29,3.25,1.4,3.85,1.31,3.33
WTA,2012,5,Melbourne,Australian Open,2012-01-17,Grand Slam,Outdoor,Hard,1st Round,3,Peer S.,Holland I.,34.0,181.0,1530.0,357.0,6.0,2.0,6.0,0.0,,,2.0,0.0,Completed,1.05,11.0,1.07,8.0,1.08,7.0,1.07,11.25,1.08,6.5,1.09,11.6,1.06,8.7
WTA,2012,5,Melbourne,Australian Open,2012-01-17,Grand Slam,Outdoor,Hard,1st Round,3,Hradecka L.,Rodina E.,51.0,104.0,1146.0,654.0,6.0,3.0,6.0,1.0,,,2.0,0.0,Completed,1.36,3.0,1.35,3.1,1.3,3.4,1.38,3.31,1.33,3.0,1.4,3.4,1.35,3.1
WTA,2012,5,Melbourne,Australian Open,2012-01-17,Grand Slam,Outdoor,Hard,1st Round,3,Wozniak A.,Zhang S.,102.0,127.0,660.0,525.0,6.0,3.0,6.0,3.0,,,2.0,0.0,Completed,1.53,2.37,1.55,2.4,1.53,2.38,1.64,2.42,1.5,2.5,1.67,2.71,1.56,2.38
WTA,2012,5,Melbourne,Australian Open,2012-01-17,Grand Slam,Outdoor,Hard,1st Round,3,Suarez Navarro C.,Begu I.,58.0,41.0,1078.0,1327.0,6.0,1.0,7.0,5.0,,,2.0,0.0,Completed,2.0,1.72,2.1,1.7,2.0,1.73,2.13,1.8,2.1,1.67,2.2,1.85,2.07,1.71
WTA,2012,5,Melbourne,Australian Open,2012-01-17,Grand Slam,Outdoor,Hard,1st Round,3,Cibulkova D.,Rybarikova M.,18.0,69.0,2695.0,896.0,6.0,3.0,6.0,1.0,,,2.0,0.0,Completed,1.14,5.5,1.18,4.5,1.17,4.5,1.16,6.16,1.17,4.5,1.18,6.16,1.15,5.11
WTA,2012,5,Melbourne,Australian Open,2012-01-17,Grand Slam,Outdoor,Hard,1st Round,3,Arn G.,Marino R.,92.0,65.0,697.0,948.0,6.0,4.0,6.0,2.0,,,2.0,0.0,Completed,1.83,1.83,1.9,1.85,2.0,1.73,2.11,1.81,2.0,1.73,2.11,1.9,1.97,1.79
WTA,2012,5,Melbourne,Australian Open,2012-01-17,Grand Slam,Outdoor,Hard,1st Round,3,Dokic J.,Chakvetadze A.,64.0,196.0,963.0,316.0,6.0,2.0,6.0,1.0,,,2.0,0.0,Completed,2.1,1.66,2.2,1.65,2.1,1.73,2.14,1.79,2.25,1.57,2.3,1.83,2.11,1.69
WTA,2012,5,Melbourne,Australian Open,2012-01-17,Grand Slam,Outdoor,Hard,1st Round,3,Sharapova M.,Dulko G.,4.0,68.0,6440.0,924.0,6.0,0.0,6.0,1.0,,,2.0,0.0,Completed,1.11,6.5,1.13,5.5,1.11,6.5,1.18,5.61,1.1,6.0,1.18,6.75,1.12,5.87
WTA,2012,5,Melbourne,Australian Open,2012-01-17,Grand Slam,Outdoor,Hard,1st Round,3,Hampton J.,Minella M.,144.0,110.0,468.0,612.0,6.0,1.0,6.0,1.0,,,2.0,0.0,Completed,1.5,2.5,1.55,2.4,1.5,2.5,1.48,2.88,1.53,2.38,1.58,2.88,1.49,2.55
WTA,2012,5,Melbourne,Australian Open,2012-01-17,Grand Slam,Outdoor,Hard,1st Round,3,Kanepi K.,Larsson J.,27.0,60.0,2049.0,1006.0,6.0,2.0,6.0,4.0,,,2.0,0.0,Completed,1.05,11.0,1.07,8.0,1.05,8.5,1.07,10.75,1.05,8.0,1.08,11.0,1.06,8.72
WTA,2012,5,Melbourne,Australian Open,2012-01-17,Grand Slam,Outdoor,Hard,1st Round,3,Zvonareva V.,Dulgheru A.,7.0,61.0,5435.0,994.0,7.0,6.0,6.0,7.0,6.0,3.0,2.0,1.0,Completed,1.18,4.5,1.25,3.75,1.17,4.5,1.23,4.77,1.17,4.5,1.36,5.0,1.2,4.3
WTA,2012,5,Melbourne,Australian Open,2012-01-17,Grand Slam,Outdoor,Hard,1st Round,3,Cirstea S.,Stosur S.,59.0,5.0,1031.0,5585.0,7.0,6.0,6.0,3.0,,,2.0,0.0,Completed,4.5,1.18,4,1.22,4.5,1.2,4.51,1.25,5.5,1.14,5.5,1.26,4.23,1.21
WTA,2012,5,Melbourne,Australian Open,2012-01-17,Grand Slam,Outdoor,Hard,1st Round,3,Stephens S.,Soler Espinosa S.,95.0,78.0,685.0,834.0,6.0,4.0,6.0,2.0,,,2.0,0.0,Completed,1.66,2.1,1.65,2.2,1.62,2.2,1.74,2.23,1.62,2.2,1.8,2.25,1.7,2.1
WTA,2012,5,Melbourne,Australian Open,2012-01-17,Grand Slam,Outdoor,Hard,1st Round,3,Errani S.,Savinykh V.,48.0,124.0,1190.0,534.0,6.0,2.0,6.0,1.0,,,2.0,0.0,Completed,1.25,3.75,1.22,4.0,1.22,4.0,1.32,3.73,1.22,3.75,1.32,4.0,1.26,3.66
WTA,2012,5,Melbourne,Australian Open,2012-01-17,Grand Slam,Outdoor,Hard,1st Round,3,Vinci R.,Cadantu A.,25.0,109.0,2115.0,620.0,6.0,0.0,6.0,1.0,,,2.0,0.0,Completed,1.11,6.5,1.13,5.5,1.11,6.0,1.14,6.8,1.1,6.0,1.15,6.8,1.12,5.92
WTA,2012,5,Melbourne,Australian Open,2012-01-17,Grand Slam,Outdoor,Hard,1st Round,3,Bartoli M.,Razzano V.,9.0,84.0,4710.0,734.0,7.0,5.0,6.0,0.0,,,2.0,0.0,Completed,1.11,6.5,1.1,6.5,1.11,6.0,1.13,7.38,1.1,6.0,1.13,7.39,1.1,6.29
WTA,2012,5,Melbourne,Australian Open,2012-01-17,Grand Slam,Outdoor,Hard,1st Round,3,Krajicek M.,Barrois K.,91.0,87.0,709.0,725.0,6.0,3.0,7.0,6.0,,,2.0,0.0,Completed,1.57,2.25,1.55,2.4,1.62,2.2,1.69,2.31,1.53,2.38,1.73,2.5,1.6,2.28
WTA,2012,5,Melbourne,Australian Open,2012-01-17,Grand Slam,Outdoor,Hard,1st Round,3,Makarova E.,Tanasugarn T.,56.0,93.0,1114.0,692.0,6.0,0.0,2.0,6.0,6.0,0.0,2.0,1.0,Completed,1.4,2.75,1.4,2.85,1.4,2.75,1.48,2.88,1.4,2.75,1.51,3.13,1.43,2.72
WTA,2012,5,Melbourne,Australian Open,2012-01-17,Grand Slam,Outdoor,Hard,1st Round,3,Dubois S.,Vesnina E.,97.0,53.0,678.0,1127.0,6.0,4.0,1.0,6.0,6.0,4.0,2.0,1.0,Completed,3.0,1.36,3.1,1.35,3.0,1.36,2.93,1.47,3.25,1.29,3.4,1.47,2.99,1.37
WTA,2012,5,Melbourne,Australian Open,2012-01-17,Grand Slam,Outdoor,Hard,1st Round,3,Radwanska U.,Riske A.,99.0,137.0,667.0,494.0,6.0,4.0,1.0,6.0,6.0,2.0,2.0,1.0,Completed,1.9,1.8,1.8,1.95,1.83,1.83,1.97,1.93,1.91,1.8,1.98,2.0,1.86,1.87
WTA,2012,5,Melbourne,Australian Open,2012-01-17,Grand Slam,Outdoor,Hard,1st Round,3,Kuznetsova S.,Scheepers C.,19.0,37.0,2646.0,1455.0,6.0,3.0,3.0,6.0,6.0,0.0,2.0,1.0,Completed,1.3,3.4,1.35,3.1,1.3,3.4,1.35,3.53,1.29,3.25,1.37,3.53,1.32,3.28
WTA,2012,5,Melbourne,Australian Open,2012-01-17,Grand Slam,Outdoor,Hard,1st Round,3,Petrova N.,Hlavackova A.,31.0,116.0,1765.0,565.0,6.0,3.0,3.0,6.0,6.0,0.0,2.0,1.0,Completed,1.28,3.5,1.33,3.2,1.29,3.5,1.37,3.41,1.25,3.5,1.37,3.7,1.31,3.34
WTA,2012,5,Melbourne,Australian Open,2012-01-17,Grand Slam,Outdoor,Hard,1st Round,3,Kerber A.,Bobusic B.,30.0,242.0,1810.0,233.0,6.0,1.0,6.0,3.0,,,2.0,0.0,Completed,1.04,13.0,1.07,8.0,1.02,11.0,1.04,15.0,1.05,8.0,1.07,15.0,1.05,9.44
WTA,2012,5,Melbourne,Australian Open,2012-01-17,Grand Slam,Outdoor,Hard,1st Round,3,Zahlavova Strycova B.,Bremond I.,49.0,94.0,1165.0,692.0,6.0,0.0,6.0,4.0,,,2.0,0.0,Completed,1.3,3.4,1.35,3.1,1.33,3.25,1.33,3.64,1.29,3.25,1.35,3.64,1.31,3.33
WTA,2012,5,Melbourne,Australian Open,2012-01-17,Grand Slam,Outdoor,Hard,1st Round,3,Zheng J.,Keys M.,38.0,272.0,1405.0,205.0,6.0,2.0,6.0,1.0,,,2.0,0.0,Completed,1.08,8.0,1.11,6.0,1.11,6.0,1.12,7.55,1.13,5.5,1.13,8.0,1.1,6.51
WTA,2012,5,Melbourne,Australian Open,2012-01-17,Grand Slam,Outdoor,Hard,1st Round,3,Ivanovic A.,Dominguez Lino L.,22.0,76.0,2260.0,862.0,6.0,0.0,6.0,3.0,,,2.0,0.0,Completed,1.06,10.0,1.05,9.0,1.08,7.0,1.07,10.75,1.05,8.0,1.08,11.6,1.06,8.71
WTA,2012,5,Melbourne,Australian Open,2012-01-17,Grand Slam,Outdoor,Hard,1st Round,3,Williams S.,Paszek T.,12.0,45.0,3300.0,1207.0,6.0,3.0,6.0,2.0,,,2.0,0.0,Completed,1.04,13.0,1.05,9.0,1.04,10.0,1.07,10.75,1.05,9.0,1.08,13.0,1.05,9.33
WTA,2012,5,Melbourne,Australian Open,2012-01-18,Grand Slam,Outdoor,Hard,2nd Round,3,Li N.,Rogowska O.,6.0,168.0,5570.0,383.0,6.0,2.0,6.0,2.0,,,2.0,0.0,Completed,1.02,19.0,1.02,15.0,1.02,13.0,1.03,18.5,1.03,11.0,1.04,24.86,1.02,13.6
WTA,2012,5,Melbourne,Australian Open,2012-01-18,Grand Slam,Outdoor,Hard,2nd Round,3,Medina Garrigues A.,Govortsova O.,28.0,114.0,1950.0,574.0,6.0,1.0,6.0,0.0,,,2.0,0.0,Completed,1.5,2.5,1.5,2.5,1.53,2.38,1.6,2.5,1.5,2.63,1.6,2.85,1.48,2.57
WTA,2012,5,Melbourne,Australian Open,2012-01-18,Grand Slam,Outdoor,Hard,2nd Round,3,Hantuchova D.,Tsurenko L.,21.0,111.0,2295.0,612.0,4.0,6.0,6.0,4.0,6.0,3.0,2.0,1.0,Completed,1.12,6.0,1.16,5.0,1.17,5.0,1.21,5.05,1.13,6.0,1.21,6.0,1.16,5.05
WTA,2012,5,Melbourne,Australian Open,2012-01-18,Grand Slam,Outdoor,Hard,2nd Round,3,Benesova I.,Peng S.,46.0,17.0,1198.0,2760.0,6.0,2.0,6.0,4.0,,,2.0,0.0,Completed,3.0,1.36,2.85,1.4,2.75,1.4,3.11,1.42,2.88,1.4,3.11,1.45,2.88,1.39
WTA,2012,5,Melbourne,Australian Open,2012-01-18,Grand Slam,Outdoor,Hard,2nd Round,3,Clijsters K.,Foretz S.,14.0,107.0,3041.0,633.0,6.0,0.0,6.0,1.0,,,2.0,0.0,Completed,1.02,17.0,1.02,10.69,1.03,11.0,1.03,18.0,1.01,15.0,1.03,24.28,1.02,13.45
WTA,2012,5,Melbourne,Australian Open,2012-01-18,Grand Slam,Outdoor,Hard,2nd Round,3,Mchale C.,Erakovic M.,42.0,62.0,1241.0,991.0,3.0,6.0,7.0,6.0,6.0,3.0,2.0,1.0,Completed,1.36,3.0,1.4,2.85,1.44,2.62,1.42,3.14,1.4,2.75,1.45,3.14,1.4,2.83
WTA,2012,5,Melbourne,Australian Open,2012-01-18,Grand Slam,Outdoor,Hard,2nd Round,3,Jankovic J.,Chang K.C.,13.0,149.0,3115.0,446.0,6.0,4.0,6.0,2.0,,,2.0,0.0,Completed,1.08,8.0,1.08,7.5,1.06,8.5,1.09,9.16,1.08,7.5,1.1,10.4,1.07,7.89
WTA,2012,5,Melbourne,Australian Open,2012-01-18,Grand Slam,Outdoor,Hard,2nd Round,3,Bratchikova N.,Brianti A.,136.0,71.0,496.0,890.0,6.0,2.0,6.0,1.0,,,2.0,0.0,Completed,1.5,2.5,1.55,2.4,1.53,2.38,1.56,2.62,1.62,2.25,1.62,3.13,1.55,2.4
WTA,2012,5,Melbourne,Australian Open,2012-01-18,Grand Slam,Outdoor,Hard,2nd Round,3,Oprandi R.,Schiavone F.,80.0,11.0,824.0,4040.0,6.0,4.0,6.0,3.0,,,2.0,0.0,Completed,4.0,1.22,4.25,1.2,4.33,1.22,4.77,1.23,5.0,1.17,5.0,1.25,4.36,1.2
WTA,2012,5,Melbourne,Australian Open,2012-01-18,Grand Slam,Outdoor,Hard,2nd Round,3,Goerges J.,Daniilidou E.,23.0,86.0,2225.0,733.0,6.0,2.0,2.0,0.0,,,1.0,0.0,Retired,1.36,3.0,1.35,3.1,1.36,3.0,1.41,3.17,1.29,3.5,1.41,3.5,1.34,3.17
WTA,2012,5,Melbourne,Australian Open,2012-01-18,Grand Slam,Outdoor,Hard,2nd Round,3,Voskoboeva G.,Pironkova T.,57.0,47.0,1108.0,1191.0,6.0,4.0,6.0,4.0,,,2.0,0.0,Completed,1.5,2.5,1.45,2.7,1.57,2.25,1.58,2.55,1.57,2.38,1.6,2.7,1.54,2.42
WTA,2012,5,Melbourne,Australian Open,2012-01-18,Grand Slam,Outdoor,Hard,2nd Round,3,Wozniacki C.,Tatishvili A.,1.0,83.0,7485.0,744.0,6.0,1.0,7.0,6.0,,,2.0,0.0,Completed,1.02,17.0,1.03,11.0,1.03,11.0,1.01,25.99,1.03,11.0,1.04,26.0,1.02,13.3
WTA,2012,5,Melbourne,Australian Open,2012-01-18,Grand Slam,Outdoor,Hard,2nd Round,3,Niculescu M.,Parmentier P.,32.0,70.0,1725.0,891.0,4.0,6.0,6.0,4.0,6.0,1.0,2.0,1.0,Completed,1.28,3.5,1.3,3.4,1.33,3.25,1.27,4.18,1.33,3.25,1.33,4.18,1.29,3.5
WTA,2012,5,Melbourne,Australian Open,2012-01-18,Grand Slam,Outdoor,Hard,2nd Round,3,Barthel M.,Cetkovska P.,44.0,33.0,1220.0,1666.0,7.0,5.0,6.0,3.0,,,2.0,0.0,Completed,1.33,3.25,1.33,3.2,1.33,3.25,1.33,3.64,1.36,3.0,1.4,3.64,1.34,3.14
WTA,2012,5,Melbourne,Australian Open,2012-01-18,Grand Slam,Outdoor,Hard,2nd Round,3,Radwanska A.,Ormaechea P.,8.0,189.0,5330.0,330.0,6.0,3.0,6.0,1.0,,,2.0,0.0,Completed,1.03,15.0,1.05,9.0,1.04,10.0,1.02,21.0,1.03,11.0,1.05,21.0,1.03,11.39
WTA,2012,5,Melbourne,Australian Open,2012-01-18,Grand Slam,Outdoor,Hard,2nd Round,3,Azarenka V.,Dellacqua C.,3.0,126.0,6865.0,527.0,6.0,1.0,6.0,0.0,,,2.0,0.0,Completed,1.02,17.0,1.02,12.5,1.02,13.0,1.04,15.5,1.01,15.0,1.04,21.0,1.02,13.42
WTA,2012,5,Melbourne,Australian Open,2012-01-19,Grand Slam,Outdoor,Hard,2nd Round,3,Makarova E.,Kanepi K.,56.0,27.0,1114.0,2049.0,6.0,2.0,7.0,5.0,,,2.0,0.0,Completed,6.5,1.11,5.5,1.13,5.0,1.14,5.98,1.17,5.0,1.17,6.52,1.17,5.53,1.13
WTA,2012,5,Melbourne,Australian Open,2012-01-19,Grand Slam,Outdoor,Hard,2nd Round,3,Sharapova M.,Hampton J.,4.0,144.0,6440.0,468.0,6.0,0.0,6.0,1.0,,,2.0,0.0,Completed,1.04,13.0,1.06,8.75,1.05,9.0,1.04,14.5,1.05,9.0,1.07,14.77,1.05,10.08
WTA,2012,5,Melbourne,Australian Open,2012-01-19,Grand Slam,Outdoor,Hard,2nd Round,3,Ivanovic A.,Krajicek M.,22.0,91.0,2260.0,709.0,6.0,2.0,6.0,3.0,,,2.0,0.0,Completed,1.1,7.0,1.11,6.0,1.05,8.5,1.13,7.05,1.1,7.0,1.13,8.5,1.1,6.4
WTA,2012,5,Melbourne,Australian Open,2012-01-19,Grand Slam,Outdoor,Hard,2nd Round,3,Zvonareva V.,Hradecka L.,7.0,51.0,5435.0,1146.0,6.0,1.0,7.0,6.0,,,2.0,0.0,Completed,1.2,4.33,1.25,3.75,1.25,4.0,1.28,4.14,1.22,4.0,1.28,4.4,1.23,3.95
WTA,2012,5,Melbourne,Australian Open,2012-01-19,Grand Slam,Outdoor,Hard,2nd Round,3,Errani S.,Petrova N.,48.0,31.0,1190.0,1765.0,6.0,2.0,6.0,2.0,,,2.0,0.0,Completed,2.1,1.66,2.2,1.65,2.2,1.62,2.23,1.74,1.9,1.9,2.3,1.9,2.15,1.66
WTA,2012,5,Melbourne,Australian Open,2012-01-19,Grand Slam,Outdoor,Hard,2nd Round,3,Kerber A.,Dubois S.,30.0,97.0,1810.0,678.0,7.0,5.0,6.0,1.0,,,2.0,0.0,Completed,1.11,6.5,1.15,5.25,1.12,5.5,1.13,7.04,1.13,6.0,1.15,7.33,1.12,5.95
WTA,2012,5,Melbourne,Australian Open,2012-01-19,Grand Slam,Outdoor,Hard,2nd Round,3,Williams S.,Zahlavova Strycova B.,12.0,49.0,3300.0,1165.0,6.0,0.0,6.0,4.0,,,2.0,0.0,Completed,1.02,17.0,1.03,12.0,1.02,13.0,1.02,19.52,1.01,23.0,1.04,23.0,1.02,13.41
WTA,2012,5,Melbourne,Australian Open,2012-01-19,Grand Slam,Outdoor,Hard,2nd Round,3,Zheng J.,Vinci R.,38.0,25.0,1405.0,2115.0,6.0,4.0,6.0,2.0,,,2.0,0.0,Completed,1.44,2.62,1.45,2.7,1.44,2.62,1.5,2.8,1.44,2.75,1.67,2.9,1.45,2.66
WTA,2012,5,Melbourne,Australian Open,2012-01-19,Grand Slam,Outdoor,Hard,2nd Round,3,King V.,Pavlyuchenkova A.,66.0,16.0,940.0,2795.0,5.0,7.0,6.0,3.0,6.0,4.0,2.0,1.0,Completed,2.2,1.61,2.3,1.6,2.25,1.57,2.35,1.67,2.38,1.53,2.38,1.75,2.24,1.62
WTA,2012,5,Melbourne,Australian Open,2012-01-19,Grand Slam,Outdoor,Hard,2nd Round,3,Cirstea S.,Radwanska U.,59.0,99.0,1031.0,667.0,1.0,6.0,6.0,2.0,6.0,3.0,2.0,1.0,Completed,1.36,3.0,1.4,2.85,1.44,2.62,1.43,3.05,1.4,2.75,1.44,3.3,1.39,2.9
WTA,2012,5,Melbourne,Australian Open,2012-01-19,Grand Slam,Outdoor,Hard,2nd Round,3,Kvitova P.,Suarez Navarro C.,2.0,58.0,7290.0,1078.0,6.0,2.0,2.0,6.0,6.0,4.0,2.0,1.0,Completed,1.03,15.0,1.02,15.0,1.01,17.0,1.03,18.0,1.03,11.0,1.04,20.5,1.03,12.54
WTA,2012,5,Melbourne,Australian Open,2012-01-19,Grand Slam,Outdoor,Hard,2nd Round,3,Arn G.,Cibulkova D.,92.0,18.0,697.0,2695.0,6.0,2.0,3.0,6.0,10.0,8.0,2.0,1.0,Completed,6.5,1.11,5.5,1.13,5.5,1.12,6.16,1.16,6.0,1.13,7.5,1.16,6.0,1.12
WTA,2012,5,Melbourne,Australian Open,2012-01-19,Grand Slam,Outdoor,Hard,2nd Round,3,Lisicki S.,Peer S.,15.0,34.0,2903.0,1530.0,6.0,1.0,6.0,2.0,,,2.0,0.0,Completed,1.61,2.2,1.75,2.0,1.62,2.2,1.6,2.51,1.53,2.5,1.82,2.51,1.67,2.14
WTA,2012,5,Melbourne,Australian Open,2012-01-19,Grand Slam,Outdoor,Hard,2nd Round,3,Kirilenko M.,Wozniak A.,29.0,102.0,1930.0,660.0,6.0,4.0,1.0,6.0,6.0,2.0,2.0,1.0,Completed,1.25,3.75,1.25,3.75,1.3,3.4,1.27,4.22,1.25,3.75,1.31,4.22,1.27,3.63
WTA,2012,5,Melbourne,Australian Open,2012-01-19,Grand Slam,Outdoor,Hard,2nd Round,3,Bartoli M.,Dokic J.,9.0,64.0,4710.0,963.0,6.0,3.0,6.0,2.0,,,2.0,0.0,Completed,1.14,5.5,1.13,5.5,1.12,5.5,1.17,5.9,1.13,6.0,1.18,6.0,1.14,5.33
WTA,2012,5,Melbourne,Australian Open,2012-01-19,Grand Slam,Outdoor,Hard,2nd Round,3,Kuznetsova S.,Stephens S.,19.0,95.0,2646.0,685.0,7.0,6.0,7.0,5.0,,,2.0,0.0,Completed,1.08,8.0,1.11,6.0,1.08,7.0,1.15,6.52,1.1,7.0,1.15,8.65,1.09,6.84
WTA,2012,5,Melbourne,Australian Open,2012-01-20,Grand Slam,Outdoor,Hard,3rd Round,3,Azarenka V.,Barthel M.,3.0,44.0,6865.0,1220.0,6.0,2.0,6.0,4.0,,,2.0,0.0,Completed,1.08,8.0,1.11,6.0,1.1,6.5,1.11,8.64,1.1,7.0,1.11,8.95,1.09,7.01
WTA,2012,5,Melbourne,Australian Open,2012-01-20,Grand Slam,Outdoor,Hard,3rd Round,3,Benesova I.,Bratchikova N.,46.0,136.0,1198.0,496.0,6.0,1.0,6.0,3.0,,,2.0,0.0,Completed,1.53,2.37,1.5,2.5,1.53,2.5,1.55,2.67,1.53,2.5,1.59,2.67,1.52,2.47
WTA,2012,5,Melbourne,Australian Open,2012-01-20,Grand Slam,Outdoor,Hard,3rd Round,3,Goerges J.,Oprandi R.,23.0,80.0,2225.0,824.0,3.0,6.0,6.0,3.0,6.0,1.0,2.0,1.0,Completed,1.53,2.37,1.5,2.5,1.53,2.5,1.53,2.74,1.53,2.5,1.57,2.74,1.53,2.46
WTA,2012,5,Melbourne,Australian Open,2012-01-20,Grand Slam,Outdoor,Hard,3rd Round,3,Radwanska A.,Voskoboeva G.,8.0,57.0,5330.0,1108.0,6.0,2.0,6.0,2.0,,,2.0,0.0,Completed,1.16,5.0,1.22,4.0,1.14,5.0,1.18,5.77,1.14,5.5,1.22,5.77,1.17,4.87
WTA,2012,5,Melbourne,Australian Open,2012-01-20,Grand Slam,Outdoor,Hard,3rd Round,3,Wozniacki C.,Niculescu M.,1.0,32.0,7485.0,1725.0,6.0,2.0,6.0,2.0,,,2.0,0.0,Completed,1.08,8.0,1.07,8.0,1.1,7.0,1.12,7.65,1.08,7.5,1.12,8.0,1.09,7.12
WTA,2012,5,Melbourne,Australian Open,2012-01-20,Grand Slam,Outdoor,Hard,3rd Round,3,Jankovic J.,Mchale C.,13.0,42.0,3115.0,1241.0,6.0,2.0,6.0,0.0,,,2.0,0.0,Completed,1.33,3.25,1.35,3.1,1.36,3.25,1.35,3.55,1.33,3.25,1.38,3.55,1.33,3.25
WTA,2012,5,Melbourne,Australian Open,2012-01-20,Grand Slam,Outdoor,Hard,3rd Round,3,Clijsters K.,Hantuchova D.,14.0,21.0,3041.0,2295.0,6.0,3.0,6.0,2.0,,,2.0,0.0,Completed,1.14,5.5,1.13,5.5,1.12,6.0,1.19,5.53,1.13,6.0,1.19,6.5,1.13,5.54
WTA,2012,5,Melbourne,Australian Open,2012-01-20,Grand Slam,Outdoor,Hard,3rd Round,3,Li N.,Medina Garrigues A.,6.0,28.0,5570.0,1950.0,3.0,0.0,,,,,0.0,0.0,Retired,1.11,6.5,1.1,6.75,1.1,7.0,1.18,5.92,1.1,7.0,1.18,7.0,1.12,5.99
WTA,2012,5,Melbourne,Australian Open,2012-01-21,Grand Slam,Outdoor,Hard,3rd Round,3,Kvitova P.,Kirilenko M.,2.0,29.0,7290.0,1930.0,6.0,0.0,1.0,0.0,,,1.0,0.0,Retired,1.2,4.5,1.18,4.5,1.12,5.5,1.24,4.76,1.17,5.0,1.25,5.5,1.18,4.67
WTA,2012,5,Melbourne,Australian Open,2012-01-21,Grand Slam,Outdoor,Hard,3rd Round,3,Errani S.,Cirstea S.,48.0,59.0,1190.0,1031.0,6.0,7.0,6.0,0.0,6.0,2.0,2.0,1.0,Completed,1.66,2.2,1.7,2.1,1.67,2.2,1.63,2.47,1.62,2.25,1.83,2.58,1.65,2.2
WTA,2012,5,Melbourne,Australian Open,2012-01-21,Grand Slam,Outdoor,Hard,3rd Round,3,Sharapova M.,Kerber A.,4.0,30.0,6440.0,1810.0,6.0,1.0,6.0,2.0,,,2.0,0.0,Completed,1.22,4.33,1.22,4.0,1.2,4.33,1.27,4.3,1.1,7.0,1.28,7.0,1.22,4.18
WTA,2012,5,Melbourne,Australian Open,2012-01-21,Grand Slam,Outdoor,Hard,3rd Round,3,Makarova E.,Zvonareva V.,56.0,7.0,1114.0,5435.0,7.0,6.0,6.0,1.0,,,2.0,0.0,Completed,3.75,1.28,3.75,1.25,3.75,1.29,4.19,1.28,3.5,1.29,4.2,1.3,3.7,1.26
WTA,2012,5,Melbourne,Australian Open,2012-01-21,Grand Slam,Outdoor,Hard,3rd Round,3,Ivanovic A.,King V.,22.0,66.0,2260.0,940.0,6.0,3.0,6.0,4.0,,,2.0,0.0,Completed,1.2,4.5,1.22,4.0,1.22,4.33,1.23,4.8,1.17,5.0,1.25,5.0,1.21,4.23
WTA,2012,5,Melbourne,Australian Open,2012-01-21,Grand Slam,Outdoor,Hard,3rd Round,3,Zheng J.,Bartoli M.,38.0,9.0,1405.0,4710.0,6.0,3.0,6.0,3.0,,,2.0,0.0,Completed,2.75,1.44,2.5,1.5,2.75,1.4,3.08,1.44,2.88,1.4,3.11,1.53,2.71,1.44
WTA,2012,5,Melbourne,Australian Open,2012-01-21,Grand Slam,Outdoor,Hard,3rd Round,3,Lisicki S.,Kuznetsova S.,15.0,19.0,2903.0,2646.0,2.0,6.0,6.0,4.0,6.0,2.0,2.0,1.0,Completed,1.66,2.2,1.65,2.2,1.73,2.1,1.8,2.14,1.73,2.1,1.8,2.35,1.68,2.13
WTA,2012,5,Melbourne,Australian Open,2012-01-21,Grand Slam,Outdoor,Hard,3rd Round,3,Williams S.,Arn G.,12.0,92.0,3300.0,697.0,6.0,1.0,6.0,1.0,,,2.0,0.0,Completed,1.02,19.0,1.02,15.0,1.02,13.0,1.04,17.0,1.03,11.0,1.04,19.75,1.02,13.06
WTA,2012,5,Melbourne,Australian Open,2012-01-22,Grand Slam,Outdoor,Hard,4th Round,3,Azarenka V.,Benesova I.,3.0,46.0,6865.0,1198.0,6.0,2.0,6.0,2.0,,,2.0,0.0,Completed,1.04,13.0,1.04,10.0,1.05,8.5,1.06,12.5,1.04,10.0,1.07,14.5,1.04,10.36
WTA,2012,5,Melbourne,Australian Open,2012-01-22,Grand Slam,Outdoor,Hard,4th Round,3,Radwanska A.,Goerges J.,8.0,23.0,5330.0,2225.0,6.0,1.0,6.0,1.0,,,2.0,0.0,Completed,1.16,5.0,1.16,5.0,1.17,5.0,1.2,5.45,1.17,5.0,1.25,5.5,1.17,4.77
WTA,2012,5,Melbourne,Australian Open,2012-01-22,Grand Slam,Outdoor,Hard,4th Round,3,Clijsters K.,Li N.,14.0,6.0,3041.0,5570.0,4.0,6.0,7.0,6.0,6.0,4.0,2.0,1.0,Completed,1.61,2.25,1.6,2.3,1.62,2.2,1.61,2.5,1.9,1.9,1.9,2.5,1.62,2.27
WTA,2012,5,Melbourne,Australian Open,2012-01-22,Grand Slam,Outdoor,Hard,4th Round,3,Wozniacki C.,Jankovic J.,1.0,13.0,7485.0,3115.0,6.0,0.0,7.0,5.0,,,2.0,0.0,Completed,1.44,2.75,1.5,2.45,1.5,2.62,1.53,2.74,1.44,2.75,1.57,2.8,1.49,2.56
WTA,2012,5,Melbourne,Australian Open,2012-01-23,Grand Slam,Outdoor,Hard,4th Round,3,Kvitova P.,Ivanovic A.,2.0,22.0,7290.0,2260.0,6.0,2.0,7.0,6.0,,,2.0,0.0,Completed,1.3,3.5,1.3,3.4,1.36,3.25,1.43,3.14,1.3,3.5,1.44,3.8,1.32,3.33
WTA,2012,5,Melbourne,Australian Open,2012-01-23,Grand Slam,Outdoor,Hard,4th Round,3,Errani S.,Zheng J.,48.0,38.0,1190.0,1405.0,6.0,2.0,6.0,1.0,,,2.0,0.0,Completed,2.62,1.5,2.85,1.4,2.62,1.44,2.56,1.59,2.75,1.44,3.0,1.59,2.7,1.45
WTA,2012,5,Melbourne,Australian Open,2012-01-23,Grand Slam,Outdoor,Hard,4th Round,3,Makarova E.,Williams S.,56.0,12.0,1114.0,3300.0,6.0,2.0,6.0,3.0,,,2.0,0.0,Completed,11.0,1.05,12,1.03,11.0,1.02,9.95,1.09,13.0,1.02,13.0,1.09,9.77,1.05
WTA,2012,5,Melbourne,Australian Open,2012-01-23,Grand Slam,Outdoor,Hard,4th Round,3,Sharapova M.,Lisicki S.,4.0,15.0,6440.0,2903.0,3.0,6.0,6.0,2.0,6.0,3.0,2.0,1.0,Completed,1.3,3.5,1.3,3.29,1.3,3.5,1.36,3.54,1.25,3.75,1.36,3.95,1.29,3.49
WTA,2012,5,Melbourne,Australian Open,2012-01-24,Grand Slam,Outdoor,Hard,Quarterfinals,3,Azarenka V.,Radwanska A.,3.0,8.0,6865.0,5330.0,6.0,7.0,6.0,0.0,6.0,2.0,2.0,1.0,Completed,1.4,3.1,1.4,2.85,1.4,2.75,1.48,2.92,1.25,3.75,1.48,3.8,1.38,2.96
WTA,2012,5,Melbourne,Australian Open,2012-01-24,Grand Slam,Outdoor,Hard,Quarterfinals,3,Clijsters K.,Wozniacki C.,14.0,1.0,3041.0,7485.0,6.0,3.0,7.0,6.0,,,2.0,0.0,Completed,2.25,1.7,2.05,1.7,2.2,1.67,2.29,1.71,1.9,1.9,2.33,1.9,2.11,1.71
WTA,2012,5,Melbourne,Australian Open,2012-01-25,Grand Slam,Outdoor,Hard,Quarterfinals,3,Kvitova P.,Errani S.,2.0,48.0,7290.0,1190.0,6.0,4.0,6.0,4.0,,,2.0,0.0,Completed,1.1,8.0,1.07,8.0,1.1,6.5,1.13,8.01,1.08,7.5,1.13,8.01,1.09,7.1
WTA,2012,5,Melbourne,Australian Open,2012-01-25,Grand Slam,Outdoor,Hard,Quarterfinals,3,Sharapova M.,Makarova E.,4.0,56.0,6440.0,1114.0,6.0,2.0,6.0,3.0,,,2.0,0.0,Completed,1.28,4.0,1.25,3.75,1.29,3.5,1.28,4.22,1.29,3.5,1.29,4.3,1.25,3.84
WTA,2012,5,Melbourne,Australian Open,2012-01-26,Grand Slam,Outdoor,Hard,Semifinals,3,Azarenka V.,Clijsters K.,3.0,14.0,6865.0,3041.0,6.0,4.0,1.0,6.0,6.0,3.0,2.0,1.0,Completed,1.83,2.05,1.8,1.95,1.8,1.91,1.86,2.09,1.83,1.91,1.91,2.2,1.82,1.96
WTA,2012,5,Melbourne,Australian Open,2012-01-26,Grand Slam,Outdoor,Hard,Semifinals,3,Sharapova M.,Kvitova P.,4.0,2.0,6440.0,7290.0,6.0,2.0,3.0,6.0,6.0,4.0,2.0,1.0,Completed,2.25,1.7,2.1,1.67,2.2,1.67,2.25,1.75,2.1,1.73,2.3,1.75,2.17,1.68
WTA,2012,5,Melbourne,Australian Open,2012-01-28,Grand Slam,Outdoor,Hard,The Final,3,Azarenka V.,Sharapova M.,3.0,4.0,6865.0,6440.0,6.0,3.0,6.0,0.0,,,2.0,0.0,Completed,1.66,2.3,1.68,2.09,1.67,2.1,1.7,2.35,1.73,2.1,1.8,2.4,1.68,2.16
WTA,2012,28,Paris,French Open,2012-05-27,Grand Slam,Outdoor,Clay,1st Round,3,Stosur S.,Baltacha E.,6.0,68.0,5440.0,931.0,6.0,4.0,6.0,0.0,,,2.0,0.0,Completed,1.03,15.0,1.04,10.0,1.03,11.0,1.03,18.0,1.03,10.0,1.06,19.12,1.03,11.59
WTA,2012,28,Paris,French Open,2012-05-27,Grand Slam,Outdoor,Clay,1st Round,3,Falconi I.,Gallovits E.,112.0,89.0,621.0,740.0,3.0,6.0,6.0,3.0,6.0,1.0,2.0,1.0,Completed,3.0,1.36,2.85,1.4,2.62,1.44,3.22,1.4,2.63,1.44,3.3,1.45,2.94,1.38
WTA,2012,28,Paris,French Open,2012-05-27,Grand Slam,Outdoor,Clay,1st Round,3,Martinez-Sanchez M.J.,Birnerova E.,48.0,113.0,1233.0,617.0,4.0,6.0,6.0,4.0,8.0,6.0,2.0,1.0,Completed,1.44,2.62,1.45,2.7,1.4,2.75,1.55,2.64,1.44,2.63,1.57,2.88,1.46,2.65
WTA,2012,28,Paris,French Open,2012-05-27,Grand Slam,Outdoor,Clay,1st Round,3,Safarova L.,Yakimova A.,22.0,100.0,2215.0,670.0,6.0,2.0,6.0,0.0,,,2.0,0.0,Completed,1.02,17.0,1.04,10.0,1.05,8.5,1.02,24.52,1.07,7.0,1.07,24.52,1.03,12.98
WTA,2012,28,Paris,French Open,2012-05-27,Grand Slam,Outdoor,Clay,1st Round,3,Kuznetsova S.,Lucic M.,28.0,117.0,1931.0,588.0,6.0,1.0,6.0,3.0,,,2.0,0.0,Completed,1.07,9.0,1.08,6.75,1.1,7.0,1.1,8.6,1.1,6.0,1.11,10.02,1.08,7.56
WTA,2012,28,Paris,French Open,2012-05-27,Grand Slam,Outdoor,Clay,1st Round,3,Oudin M.,Larsson J.,269.0,80.0,200.0,816.0,6.0,3.0,6.0,3.0,,,2.0,0.0,Completed,3.25,1.33,3.1,1.35,3.25,1.33,3.29,1.39,2.75,1.4,3.5,1.4,3.13,1.35
WTA,2012,28,Paris,French Open,2012-05-27,Grand Slam,Outdoor,Clay,1st Round,3,Kerber A.,Zhang S.,10.0,169.0,3560.0,369.0,6.0,3.0,6.0,4.0,,,2.0,0.0,Completed,1.04,13.0,1.04,10.0,1.04,10.0,1.04,15.0,1.03,10.0,1.05,16.57,1.04,10.88
WTA,2012,28,Paris,French Open,2012-05-27,Grand Slam,Outdoor,Clay,1st Round,3,Errani S.,Dellacqua C.,24.0,108.0,2050.0,632.0,4.0,6.0,6.0,2.0,6.0,2.0,2.0,1.0,Completed,1.06,10.0,1.07,8.0,1.07,7.5,1.04,14.5,1.07,7.0,1.08,14.5,1.05,9.61
WTA,2012,28,Paris,French Open,2012-05-27,Grand Slam,Outdoor,Clay,1st Round,3,Ivanovic A.,Arruabarrena-Vecino L.,14.0,135.0,2975.0,505.0,6.0,1.0,6.0,1.0,,,2.0,0.0,Completed,1.07,9.0,1.07,8.0,1.08,7.5,1.05,13.5,1.05,8.0,1.09,13.5,1.06,8.78
WTA,2012,28,Paris,French Open,2012-05-27,Grand Slam,Outdoor,Clay,1st Round,3,Peer S.,Dubois S.,55.0,97.0,1160.0,679.0,6.0,2.0,6.0,2.0,,,2.0,0.0,Completed,1.16,5.0,1.2,4.25,1.2,4.33,1.21,5.0,1.22,3.75,1.22,5.3,1.19,4.49
WTA,2012,28,Paris,French Open,2012-05-27,Grand Slam,Outdoor,Clay,1st Round,3,Johansson M.,Rodionova An.,93.0,103.0,697.0,655.0,5.0,7.0,7.0,6.0,6.0,4.0,2.0,1.0,Completed,1.83,1.83,1.88,1.88,1.83,1.83,2.14,1.79,1.83,1.83,2.14,1.94,1.9,1.84
WTA,2012,28,Paris,French Open,2012-05-27,Grand Slam,Outdoor,Clay,1st Round,3,Wozniak A.,El Tabakh H.,58.0,186.0,1140.0,332.0,7.0,5.0,6.0,2.0,,,2.0,0.0,Completed,1.4,2.75,1.35,3.1,1.36,3.0,1.44,3.01,1.29,3.25,1.48,3.1,1.4,2.9
WTA,2012,28,Paris,French Open,2012-05-27,Grand Slam,Outdoor,Clay,1st Round,3,Pavlovic I.,Chang K.C.,176.0,104.0,342.0,650.0,6.0,4.0,7.0,5.0,,,2.0,0.0,Completed,1.53,2.37,1.6,2.3,1.62,2.2,1.61,2.49,1.73,2.0,1.73,2.5,1.62,2.27
WTA,2012,28,Paris,French Open,2012-05-27,Grand Slam,Outdoor,Clay,1st Round,3,Williams V.,Ormaechea P.,53.0,120.0,1175.0,568.0,4.0,6.0,6.0,1.0,6.0,3.0,2.0,1.0,Completed,1.08,8.0,1.07,8.0,1.07,8.0,1.08,10.25,1.07,7.0,1.1,10.25,1.08,7.8
WTA,2012,28,Paris,French Open,2012-05-27,Grand Slam,Outdoor,Clay,1st Round,3,Pfizenmaier D.,Garcia C.,198.0,133.0,310.0,507.0,3.0,6.0,6.0,4.0,6.0,3.0,2.0,1.0,Completed,1.83,1.83,1.85,1.9,1.83,1.83,1.94,1.96,1.83,1.83,2.0,2.0,1.87,1.87
WTA,2012,28,Paris,French Open,2012-05-27,Grand Slam,Outdoor,Clay,1st Round,3,Glatch A.,Tatishvili A.,190.0,75.0,325.0,873.0,6.0,3.0,5.0,7.0,6.0,4.0,2.0,1.0,Completed,2.2,1.61,2.2,1.65,2.25,1.57,2.29,1.7,2.38,1.53,2.4,1.73,2.26,1.62
WTA,2012,28,Paris,French Open,2012-05-28,Grand Slam,Outdoor,Clay,1st Round,3,Azarenka V.,Brianti A.,1.0,105.0,9020.0,650.0,6.0,7.0,6.0,4.0,6.0,2.0,2.0,1.0,Completed,1.01,23.0,1.01,11.74,1.01,21.0,1.01,51.0,1.01,17.0,1.02,57.0,1.01,21.58
WTA,2012,28,Paris,French Open,2012-05-28,Grand Slam,Outdoor,Clay,1st Round,3,Cibulkova D.,Mladenovic K.,16.0,158.0,2685.0,409.0,6.0,2.0,6.0,1.0,,,2.0,0.0,Completed,1.03,15.0,1.04,9.25,1.06,8.0,1.04,15.0,1.05,8.0,1.1,17.0,1.04,10.44
WTA,2012,28,Paris,French Open,2012-05-28,Grand Slam,Outdoor,Clay,1st Round,3,Davis L.,Barthel M.,162.0,32.0,381.0,1762.0,6.0,1.0,6.0,1.0,,,2.0,0.0,Completed,10.0,1.06,8,1.07,6.5,1.1,8.71,1.1,8.0,1.07,10.17,1.11,7.76,1.08
WTA,2012,28,Paris,French Open,2012-05-28,Grand Slam,Outdoor,Clay,1st Round,3,Jankovic J.,Mayr P.,21.0,85.0,2260.0,772.0,1.0,6.0,6.0,1.0,7.0,5.0,2.0,1.0,Completed,1.16,5.0,1.18,4.5,1.2,4.33,1.19,5.42,1.2,4.0,1.22,5.44,1.19,4.58
WTA,2012,28,Paris,French Open,2012-05-28,Grand Slam,Outdoor,Clay,1st Round,3,Medina Garrigues A.,Robson L.,31.0,126.0,1775.0,540.0,6.0,2.0,6.0,1.0,,,2.0,0.0,Completed,1.14,5.5,1.13,5.5,1.14,5.0,1.16,6.16,1.2,4.0,1.2,6.16,1.15,5.26
WTA,2012,28,Paris,French Open,2012-05-28,Grand Slam,Outdoor,Clay,1st Round,3,Petrova N.,Benesova I.,29.0,51.0,1850.0,1190.0,6.0,3.0,6.0,3.0,,,2.0,0.0,Completed,1.44,2.62,1.5,2.5,1.44,2.62,1.51,2.76,1.5,2.5,1.53,2.78,1.49,2.56
WTA,2012,28,Paris,French Open,2012-05-28,Grand Slam,Outdoor,Clay,1st Round,3,Chan Y.J.,Bondarenko K.,151.0,65.0,433.0,975.0,6.0,1.0,7.0,6.0,,,2.0,0.0,Completed,1.72,2.0,1.75,2.0,1.83,1.83,1.9,2.01,1.83,1.83,1.93,2.05,1.83,1.92
WTA,2012,28,Paris,French Open,2012-05-28,Grand Slam,Outdoor,Clay,1st Round,3,King V.,Voskoboeva G.,57.0,49.0,1147.0,1209.0,6.0,4.0,6.0,2.0,,,2.0,0.0,Completed,2.1,1.66,2.2,1.65,2.1,1.67,2.18,1.77,2.1,1.67,2.28,1.77,2.15,1.67
WTA,2012,28,Paris,French Open,2012-05-28,Grand Slam,Outdoor,Clay,1st Round,3,Govortsova O.,Oprandi R.,77.0,71.0,847.0,924.0,6.0,4.0,6.0,1.0,,,2.0,0.0,Completed,1.44,2.62,1.45,2.7,1.4,2.75,1.49,2.84,1.5,2.5,1.52,2.84,1.47,2.63
WTA,2012,28,Paris,French Open,2012-05-28,Grand Slam,Outdoor,Clay,1st Round,3,Zheng J.,Cornet A.,34.0,66.0,1730.0,952.0,6.0,4.0,6.0,4.0,,,2.0,0.0,Completed,2.75,1.4,2.65,1.45,2.62,1.5,2.86,1.48,2.38,1.53,2.96,1.53,2.68,1.45
WTA,2012,28,Paris,French Open,2012-05-28,Grand Slam,Outdoor,Clay,1st Round,3,Mchale C.,Bertens K.,36.0,91.0,1611.0,716.0,2.0,6.0,6.0,4.0,6.0,4.0,2.0,1.0,Completed,1.57,2.25,1.55,2.4,1.53,2.38,1.68,2.34,1.62,2.2,1.68,2.5,1.58,2.32
WTA,2012,28,Paris,French Open,2012-05-28,Grand Slam,Outdoor,Clay,1st Round,3,Martic P.,Krajicek M.,50.0,73.0,1201.0,879.0,6.0,2.0,7.0,5.0,,,2.0,0.0,Completed,1.25,3.75,1.22,4.0,1.25,3.75,1.26,4.32,1.33,3.0,1.34,4.6,1.26,3.79
WTA,2012,28,Paris,French Open,2012-05-28,Grand Slam,Outdoor,Clay,1st Round,3,Scheepers C.,Pous-Tio L.,45.0,98.0,1350.0,677.0,6.0,4.0,2.0,6.0,6.0,1.0,2.0,1.0,Completed,1.5,2.5,1.45,2.7,1.44,2.62,1.54,2.66,1.53,2.38,1.54,2.75,1.5,2.54
WTA,2012,28,Paris,French Open,2012-05-28,Grand Slam,Outdoor,Clay,1st Round,3,Karatantcheva S.,Babos T.,125.0,67.0,544.0,952.0,6.0,1.0,6.0,0.0,,,2.0,0.0,Completed,3.0,1.36,,,,,,,,,3.05,1.6,2.73,1.43
WTA,2012,28,Paris,French Open,2012-05-28,Grand Slam,Outdoor,Clay,1st Round,3,Li N.,Cirstea S.,7.0,43.0,4965.0,1366.0,6.0,2.0,6.0,1.0,,,2.0,0.0,Completed,1.1,7.0,1.11,6.0,1.11,6.5,1.13,7.72,1.13,5.5,1.14,8.0,1.11,6.33
WTA,2012,28,Paris,French Open,2012-05-28,Grand Slam,Outdoor,Clay,1st Round,3,Pennetta F.,Hsieh S.W.,20.0,64.0,2315.0,976.0,6.0,7.0,6.0,4.0,6.0,2.0,2.0,1.0,Completed,1.28,3.5,1.3,3.4,1.3,3.4,1.36,3.44,1.29,3.25,1.36,4.0,1.3,3.46
WTA,2012,28,Paris,French Open,2012-05-28,Grand Slam,Outdoor,Clay,1st Round,3,Cetkovska P.,Halep S.,26.0,37.0,1955.0,1495.0,6.0,1.0,6.0,3.0,,,2.0,0.0,Completed,1.83,1.83,1.95,1.8,2.0,1.73,2.06,1.85,2.1,1.67,2.1,1.85,1.99,1.77
WTA,2012,28,Paris,French Open,2012-05-28,Grand Slam,Outdoor,Clay,1st Round,3,Stephens S.,Makarova E.,70.0,38.0,928.0,1447.0,6.0,4.0,7.0,6.0,,,2.0,0.0,Completed,3.25,1.33,3.1,1.35,3.0,1.36,3.44,1.36,2.88,1.36,3.49,1.38,3.19,1.34
WTA,2012,28,Paris,French Open,2012-05-28,Grand Slam,Outdoor,Clay,1st Round,3,Lepchenko V.,Pervak K.,63.0,40.0,1029.0,1409.0,6.0,2.0,6.0,7.0,6.0,4.0,2.0,1.0,Completed,1.5,2.5,1.5,2.5,1.57,2.25,1.57,2.58,1.62,2.2,1.62,2.69,1.53,2.47
WTA,2012,28,Paris,French Open,2012-05-28,Grand Slam,Outdoor,Clay,1st Round,3,Mattek-Sands B.,Lisicki S.,167.0,13.0,370.0,3012.0,6.0,4.0,6.0,3.0,,,2.0,0.0,Completed,3.0,1.36,3.1,1.35,3.0,1.4,3.33,1.37,3.0,1.33,3.4,1.41,3.06,1.37
WTA,2012,28,Paris,French Open,2012-05-28,Grand Slam,Outdoor,Clay,1st Round,3,Suarez Navarro C.,Tanasugarn T.,46.0,99.0,1342.0,676.0,6.0,0.0,6.0,3.0,,,2.0,0.0,Completed,1.03,15.0,1.03,12.0,1.05,8.5,1.04,14.5,1.04,9.0,1.06,15.0,1.03,11.48
WTA,2012,28,Paris,French Open,2012-05-28,Grand Slam,Outdoor,Clay,1st Round,3,Bratchikova N.,Niculescu M.,109.0,33.0,631.0,1745.0,0.0,6.0,6.0,3.0,6.0,3.0,2.0,1.0,Completed,4.5,1.18,4.25,1.2,3.75,1.25,4.85,1.22,4.0,1.2,4.85,1.25,4.34,1.2
WTA,2012,28,Paris,French Open,2012-05-28,Grand Slam,Outdoor,Clay,1st Round,3,Arvidsson S.,Vinci R.,54.0,19.0,1165.0,2320.0,6.0,2.0,4.0,6.0,6.0,3.0,2.0,1.0,Completed,2.75,1.4,2.85,1.4,2.75,1.4,3.39,1.38,2.88,1.36,3.39,1.47,2.96,1.38
WTA,2012,28,Paris,French Open,2012-05-28,Grand Slam,Outdoor,Clay,1st Round,3,Bartoli M.,Pliskova Ka.,8.0,122.0,4870.0,560.0,6.0,3.0,6.0,3.0,,,2.0,0.0,Completed,1.2,4.33,1.2,4.25,1.22,4.33,1.24,4.61,1.14,5.0,1.24,5.0,1.2,4.41
WTA,2012,28,Paris,French Open,2012-05-28,Grand Slam,Outdoor,Clay,1st Round,3,Shvedova Y.,Minella M.,142.0,87.0,465.0,743.0,6.0,3.0,6.0,4.0,,,2.0,0.0,Completed,1.2,4.33,1.2,4.25,1.25,3.75,1.24,4.61,1.22,4.0,1.26,4.61,1.23,4.06
WTA,2012,28,Paris,French Open,2012-05-28,Grand Slam,Outdoor,Clay,1st Round,3,Feuerstein C.,Dushevina V.,145.0,82.0,462.0,800.0,6.0,4.0,6.0,1.0,,,2.0,0.0,Completed,2.5,1.5,2.5,1.5,2.38,1.53,2.62,1.56,2.63,1.44,2.63,1.57,2.49,1.51
WTA,2012,28,Paris,French Open,2012-05-28,Grand Slam,Outdoor,Clay,1st Round,3,Radwanska A.,Jovanovski B.,3.0,101.0,7350.0,660.0,6.0,1.0,6.0,0.0,,,2.0,0.0,Completed,1.01,21.0,1.03,12.0,1.03,11.0,1.02,22.73,1.03,10.0,1.04,26.0,1.02,13.89
WTA,2012,28,Paris,French Open,2012-05-28,Grand Slam,Outdoor,Clay,1st Round,3,Foretz S.,Zahlavova Strycova B.,86.0,60.0,751.0,1080.0,6.0,3.0,7.0,5.0,,,2.0,0.0,Completed,1.72,2.0,1.75,2.0,1.8,1.91,1.92,1.99,1.8,1.91,1.92,2.07,1.8,1.96
WTA,2012,28,Paris,French Open,2012-05-29,Grand Slam,Outdoor,Clay,1st Round,3,Kvitova P.,Barty A.,4.0,332.0,6275.0,144.0,6.0,1.0,6.0,2.0,,,2.0,0.0,Completed,1.01,23.0,1.02,15.0,1.01,21.0,1.02,22.73,1.01,17.0,1.03,34.0,1.01,17.57
WTA,2012,28,Paris,French Open,2012-05-29,Grand Slam,Outdoor,Clay,1st Round,3,Morita A.,Hercog P.,84.0,39.0,776.0,1415.0,3.0,6.0,6.0,4.0,6.0,3.0,2.0,1.0,Completed,2.0,1.72,2.1,1.7,2.0,1.73,2.32,1.68,2.0,1.73,2.38,1.79,2.12,1.69
WTA,2012,28,Paris,French Open,2012-05-29,Grand Slam,Outdoor,Clay,1st Round,3,Goerges J.,Hradecka L.,27.0,61.0,1945.0,1061.0,7.0,6.0,6.0,4.0,,,2.0,0.0,Completed,1.4,2.74,1.45,2.7,1.44,2.62,1.46,2.95,1.44,2.63,1.48,2.98,1.43,2.74
WTA,2012,28,Paris,French Open,2012-05-29,Grand Slam,Outdoor,Clay,1st Round,3,Schiavone F.,Date Krumm K.,12.0,76.0,3160.0,851.0,6.0,3.0,6.0,1.0,,,2.0,0.0,Completed,1.06,10.0,1.07,8.0,1.06,8.5,1.06,12.5,1.08,6.5,1.1,12.5,1.06,9.21
WTA,2012,28,Paris,French Open,2012-05-29,Grand Slam,Outdoor,Clay,1st Round,3,Watson H.,Vesnina E.,110.0,83.0,623.0,784.0,6.0,2.0,6.0,4.0,,,2.0,0.0,Completed,2.62,1.44,2.55,1.5,2.5,1.5,2.68,1.53,2.38,1.53,2.8,1.62,2.6,1.48
WTA,2012,28,Paris,French Open,2012-05-29,Grand Slam,Outdoor,Clay,1st Round,3,Zakopalova K.,Tsurenko L.,44.0,94.0,1355.0,692.0,6.0,2.0,6.0,1.0,,,2.0,0.0,Completed,1.5,2.5,1.55,2.4,1.57,2.25,1.47,2.93,1.57,2.25,1.6,3.06,1.51,2.52
WTA,2012,28,Paris,French Open,2012-05-29,Grand Slam,Outdoor,Clay,1st Round,3,Sharapova M.,Cadantu A.,2.0,78.0,8390.0,843.0,6.0,0.0,6.0,0.0,,,2.0,0.0,Completed,1.01,23.0,1.01,20.0,1.01,21.0,1.01,36.0,1.01,17.0,1.02,51.0,1.01,19.74
WTA,2012,28,Paris,French Open,2012-05-29,Grand Slam,Outdoor,Clay,1st Round,3,Pironkova T.,Wickmayer Y.,41.0,35.0,1401.0,1665.0,3.0,6.0,6.0,0.0,6.0,3.0,2.0,1.0,Completed,3.25,1.33,3.1,1.35,3.0,1.36,3.04,1.44,2.75,1.4,3.5,1.44,3.07,1.36
WTA,2012,28,Paris,French Open,2012-05-29,Grand Slam,Outdoor,Clay,1st Round,3,Pavlyuchenkova A.,Arn G.,25.0,106.0,2021.0,647.0,6.0,4.0,6.0,4.0,,,2.0,0.0,Completed,1.25,3.75,1.3,3.4,1.25,3.75,1.29,4.05,1.25,3.5,1.3,4.05,1.27,3.67
WTA,2012,28,Paris,French Open,2012-05-29,Grand Slam,Outdoor,Clay,1st Round,3,Rus A.,Hampton J.,88.0,90.0,742.0,728.0,6.0,4.0,4.0,3.0,,,1.0,0.0,Retired,1.83,1.83,1.85,1.9,1.8,1.91,1.93,1.97,1.67,2.1,1.98,2.1,1.83,1.92
WTA,2012,28,Paris,French Open,2012-05-29,Grand Slam,Outdoor,Clay,1st Round,3,Dominguez Lino L.,Erakovic M.,95.0,42.0,681.0,1392.0,7.0,5.0,7.0,5.0,,,2.0,0.0,Completed,1.53,2.37,1.6,2.3,1.62,2.2,1.68,2.34,1.62,2.2,1.68,2.5,1.59,2.3
WTA,2012,28,Paris,French Open,2012-05-29,Grand Slam,Outdoor,Clay,1st Round,3,Radwanska U.,Parmentier P.,79.0,62.0,831.0,1046.0,6.0,4.0,6.0,3.0,,,2.0,0.0,Completed,2.37,1.53,2.3,1.6,2.25,1.62,2.29,1.7,2.38,1.53,2.48,1.7,2.32,1.58
WTA,2012,28,Paris,French Open,2012-05-29,Grand Slam,Outdoor,Clay,1st Round,3,Czink M.,Keothavong A.,116.0,81.0,590.0,806.0,6.0,1.0,6.0,2.0,,,2.0,0.0,Completed,1.36,3.0,1.35,3.1,1.36,3.0,1.41,3.18,1.36,2.88,1.44,3.41,1.36,3.05
WTA,2012,28,Paris,French Open,2012-05-29,Grand Slam,Outdoor,Clay,1st Round,3,Kanepi K.,Panova A.,23.0,74.0,2179.0,874.0,6.0,3.0,6.0,3.0,,,2.0,0.0,Completed,1.14,5.5,1.13,5.5,1.14,5.0,1.15,6.52,1.14,5.0,1.16,6.52,1.14,5.54
WTA,2012,28,Paris,French Open,2012-05-29,Grand Slam,Outdoor,Clay,1st Round,3,Begu I.,Rezai A.,59.0,130.0,1100.0,511.0,7.0,5.0,5.0,7.0,6.0,2.0,2.0,1.0,Completed,1.5,2.5,1.5,2.5,1.44,2.62,1.62,2.46,1.5,2.5,1.67,2.62,1.53,2.45
WTA,2012,28,Paris,French Open,2012-05-29,Grand Slam,Outdoor,Clay,1st Round,3,Kirilenko M.,Larriere V.,17.0,175.0,2475.0,344.0,6.0,1.0,6.0,2.0,,,2.0,0.0,Completed,1.05,11.0,1.07,8.0,1.06,8.5,1.07,10.75,1.04,9.0,1.08,11.35,1.06,9.09
WTA,2012,28,Paris,French Open,2012-05-29,Grand Slam,Outdoor,Clay,1st Round,3,Razzano V.,Williams S.,111.0,5.0,621.0,5695.0,4.0,6.0,7.0,6.0,6.0,3.0,2.0,1.0,Completed,23.0,1.01,20,1.01,26.0,1.0,51.0,1.01,17.0,1.01,51.0,1.03,20.14,1.01
WTA,2012,28,Paris,French Open,2012-05-29,Grand Slam,Outdoor,Clay,1st Round,3,Gajdosova J.,Rybarikova M.,72.0,107.0,897.0,634.0,6.0,3.0,4.0,1.0,,,1.0,0.0,Retired,1.4,2.75,1.45,2.7,1.44,2.62,1.48,2.88,1.44,2.63,1.5,2.88,1.45,2.7
WTA,2012,28,Paris,French Open,2012-05-29,Grand Slam,Outdoor,Clay,1st Round,3,Wozniacki C.,Daniilidou E.,9.0,69.0,4586.0,930.0,6.0,0.0,6.0,1.0,,,2.0,0.0,Completed,1.02,17.0,1.04,9.22,1.02,13.0,1.05,13.0,1.03,10.0,1.06,15.0,1.03,11.75
WTA,2012,28,Paris,French Open,2012-05-29,Grand Slam,Outdoor,Clay,1st Round,3,Peng S.,Paszek T.,30.0,52.0,1800.0,1177.0,6.0,4.0,6.0,3.0,,,2.0,0.0,Completed,1.3,3.4,1.35,3.1,1.36,3.0,1.37,3.39,1.33,3.0,1.4,3.52,1.34,3.17
WTA,2012,28,Paris,French Open,2012-05-30,Grand Slam,Outdoor,Clay,2nd Round,3,Azarenka V.,Pfizenmaier D.,1.0,198.0,9020.0,310.0,6.0,1.0,6.0,1.0,,,2.0,0.0,Completed,1.01,23.0,1.02,10.57,1.02,13.0,1.01,25.99,1.01,17.0,1.03,30.0,1.01,16.72
WTA,2012,28,Paris,French Open,2012-05-30,Grand Slam,Outdoor,Clay,2nd Round,3,Errani S.,Oudin M.,24.0,269.0,2050.0,200.0,6.0,2.0,6.0,3.0,,,2.0,0.0,Completed,1.07,9.0,1.07,8.0,1.07,7.5,1.08,9.95,1.07,8.0,1.09,10.23,1.07,8.31
WTA,2012,28,Paris,French Open,2012-05-30,Grand Slam,Outdoor,Clay,2nd Round,3,Stosur S.,Falconi I.,6.0,112.0,5440.0,621.0,6.0,1.0,6.0,4.0,,,2.0,0.0,Completed,1.02,19.0,1.03,12.0,1.02,13.0,1.03,18.0,1.03,11.0,1.03,25.95,1.02,14.15
WTA,2012,28,Paris,French Open,2012-05-30,Grand Slam,Outdoor,Clay,2nd Round,3,Cibulkova D.,King V.,16.0,57.0,2685.0,1147.0,6.0,0.0,6.0,2.0,,,2.0,0.0,Completed,1.33,3.25,1.35,3.1,1.33,3.25,1.38,3.31,1.29,3.5,1.38,3.6,1.34,3.18
WTA,2012,28,Paris,French Open,2012-05-30,Grand Slam,Outdoor,Clay,2nd Round,3,Wozniak A.,Zheng J.,58.0,34.0,1140.0,1730.0,6.0,2.0,6.0,4.0,,,2.0,0.0,Completed,1.72,2.0,1.7,2.1,1.8,1.91,1.77,2.18,1.8,2.0,1.8,2.4,1.71,2.09
WTA,2012,28,Paris,French Open,2012-05-30,Grand Slam,Outdoor,Clay,2nd Round,3,Medina Garrigues A.,Pavlovic I.,31.0,176.0,1775.0,342.0,6.0,3.0,6.0,2.0,,,2.0,0.0,Completed,1.08,8.0,1.11,5.75,1.11,6.5,1.08,9.65,1.1,7.0,1.11,9.65,1.09,7.39
WTA,2012,28,Paris,French Open,2012-05-30,Grand Slam,Outdoor,Clay,2nd Round,3,Petrova N.,Scheepers C.,29.0,45.0,1850.0,1350.0,6.0,3.0,6.0,3.0,,,2.0,0.0,Completed,1.44,2.62,1.45,2.7,1.44,2.62,1.43,3.07,1.4,2.88,1.5,3.07,1.43,2.77
WTA,2012,28,Paris,French Open,2012-05-30,Grand Slam,Outdoor,Clay,2nd Round,3,Martinez-Sanchez M.J.,Safarova L.,48.0,22.0,1233.0,2215.0,6.0,4.0,7.0,5.0,,,2.0,0.0,Completed,5.5,1.14,5.5,1.13,5.0,1.14,5.39,1.19,6.0,1.13,6.35,1.19,5.39,1.14
WTA,2012,28,Paris,French Open,2012-05-30,Grand Slam,Outdoor,Clay,2nd Round,3,Johansson M.,Cetkovska P.,93.0,26.0,697.0,1955.0,7.0,6.0,6.0,2.0,,,2.0,0.0,Completed,3.5,1.28,3.4,1.3,3.5,1.3,4.1,1.28,3.5,1.29,4.1,1.31,3.6,1.28
WTA,2012,28,Paris,French Open,2012-05-30,Grand Slam,Outdoor,Clay,2nd Round,3,Kuznetsova S.,Chan Y.J.,28.0,151.0,1931.0,433.0,6.0,4.0,7.0,6.0,,,2.0,0.0,Completed,1.18,4.5,1.18,4.5,1.14,5.0,1.2,5.27,1.14,5.5,1.2,5.67,1.17,4.86
WTA,2012,28,Paris,French Open,2012-05-30,Grand Slam,Outdoor,Clay,2nd Round,3,Ivanovic A.,Peer S.,14.0,55.0,2975.0,1160.0,6.0,2.0,6.0,2.0,,,2.0,0.0,Completed,1.12,6.0,1.13,5.5,1.12,6.0,1.14,6.69,1.13,6.0,1.16,6.69,1.13,5.75
WTA,2012,28,Paris,French Open,2012-05-30,Grand Slam,Outdoor,Clay,2nd Round,3,Martic P.,Bartoli M.,50.0,8.0,1201.0,4870.0,6.0,2.0,3.0,6.0,6.0,3.0,2.0,1.0,Completed,2.62,1.44,2.7,1.45,3.0,1.4,3.02,1.44,2.75,1.44,3.02,1.5,2.73,1.44
WTA,2012,28,Paris,French Open,2012-05-30,Grand Slam,Outdoor,Clay,2nd Round,3,Stephens S.,Mattek-Sands B.,70.0,167.0,928.0,370.0,6.0,1.0,6.0,1.0,,,2.0,0.0,Completed,1.66,2.1,1.65,2.2,1.62,2.2,1.71,2.27,1.67,2.2,1.76,2.27,1.68,2.15
WTA,2012,28,Paris,French Open,2012-05-30,Grand Slam,Outdoor,Clay,2nd Round,3,Pennetta F.,Glatch A.,20.0,190.0,2315.0,325.0,6.0,3.0,6.0,1.0,,,2.0,0.0,Completed,1.16,5.0,1.2,4.25,1.2,4.33,1.19,5.42,1.17,5.0,1.2,5.42,1.17,4.91
WTA,2012,28,Paris,French Open,2012-05-30,Grand Slam,Outdoor,Clay,2nd Round,3,Radwanska A.,Williams V.,3.0,53.0,7350.0,1175.0,6.0,2.0,6.0,3.0,,,2.0,0.0,Completed,1.4,2.75,1.4,2.85,1.4,3.0,1.41,3.18,1.44,2.75,1.45,3.55,1.41,2.84
WTA,2012,28,Paris,French Open,2012-05-31,Grand Slam,Outdoor,Clay,2nd Round,3,Kvitova P.,Radwanska U.,4.0,79.0,6275.0,831.0,6.0,1.0,6.0,3.0,,,2.0,0.0,Completed,1.07,9.0,1.09,6.75,1.08,7.5,1.11,8.04,1.07,8.0,1.12,9.0,1.09,7.34
WTA,2012,28,Paris,French Open,2012-05-31,Grand Slam,Outdoor,Clay,2nd Round,3,Pavlyuchenkova A.,Czink M.,25.0,116.0,2021.0,590.0,4.0,6.0,6.0,3.0,6.0,3.0,2.0,1.0,Completed,1.53,2.37,1.55,2.4,1.5,2.5,1.55,2.65,1.44,2.75,1.59,2.75,1.53,2.46
WTA,2012,28,Paris,French Open,2012-05-31,Grand Slam,Outdoor,Clay,2nd Round,3,Zakopalova K.,Kirilenko M.,44.0,17.0,1355.0,2475.0,6.0,4.0,3.0,6.0,6.0,3.0,2.0,1.0,Completed,2.37,1.53,2.5,1.5,2.62,1.5,2.62,1.56,2.38,1.57,2.69,1.6,2.47,1.52
WTA,2012,28,Paris,French Open,2012-05-31,Grand Slam,Outdoor,Clay,2nd Round,3,Bratchikova N.,Feuerstein C.,109.0,145.0,631.0,462.0,3.0,6.0,6.0,3.0,7.0,5.0,2.0,1.0,Completed,2.5,1.5,2.7,1.45,2.5,1.5,3.03,1.44,2.38,1.57,3.03,1.57,2.62,1.47
WTA,2012,28,Paris,French Open,2012-05-31,Grand Slam,Outdoor,Clay,2nd Round,3,Kerber A.,Govortsova O.,10.0,77.0,3560.0,847.0,6.0,3.0,6.0,2.0,,,2.0,0.0,Completed,1.12,6.0,1.14,5.5,1.1,7.0,1.17,5.98,1.13,6.0,1.17,7.0,1.12,6.02
WTA,2012,28,Paris,French Open,2012-05-31,Grand Slam,Outdoor,Clay,2nd Round,3,Schiavone F.,Pironkova T.,12.0,41.0,3160.0,1401.0,2.0,6.0,6.0,3.0,6.0,1.0,2.0,1.0,Completed,1.16,5.0,1.16,5.0,1.17,5.0,1.22,4.85,1.13,6.0,1.23,6.0,1.18,4.72
WTA,2012,28,Paris,French Open,2012-05-31,Grand Slam,Outdoor,Clay,2nd Round,3,Wozniacki C.,Gajdosova J.,9.0,72.0,4586.0,897.0,6.0,1.0,6.0,4.0,,,2.0,0.0,Completed,1.11,6.5,1.11,6.0,1.1,7.0,1.14,6.87,1.14,5.5,1.14,7.5,1.11,6.37
WTA,2012,28,Paris,French Open,2012-05-31,Grand Slam,Outdoor,Clay,2nd Round,3,Lepchenko V.,Jankovic J.,63.0,21.0,1029.0,2260.0,7.0,6.0,4.0,6.0,6.0,4.0,2.0,1.0,Completed,2.5,1.5,2.5,1.5,2.5,1.5,2.91,1.47,2.5,1.53,2.91,1.6,2.61,1.48
WTA,2012,28,Paris,French Open,2012-05-31,Grand Slam,Outdoor,Clay,2nd Round,3,Suarez Navarro C.,Karatantcheva S.,46.0,125.0,1342.0,544.0,4.0,6.0,6.0,4.0,6.0,1.0,2.0,1.0,Completed,1.22,4.0,1.2,4.25,1.25,3.75,1.31,3.85,1.22,4.0,1.31,4.7,1.24,3.98
WTA,2012,28,Paris,French Open,2012-05-31,Grand Slam,Outdoor,Clay,2nd Round,3,Li N.,Foretz S.,7.0,86.0,4965.0,751.0,6.0,0.0,6.0,2.0,,,2.0,0.0,Completed,1.02,19.0,1.02,15.0,1.02,13.0,1.02,24.52,1.04,10.0,1.04,24.52,1.02,13.54
WTA,2012,28,Paris,French Open,2012-05-31,Grand Slam,Outdoor,Clay,2nd Round,3,Kanepi K.,Begu I.,23.0,59.0,2179.0,1100.0,6.0,4.0,6.0,1.0,,,2.0,0.0,Completed,1.16,5.0,1.18,4.5,1.2,4.33,1.2,5.16,1.2,4.5,1.21,5.5,1.18,4.72
WTA,2012,28,Paris,French Open,2012-05-31,Grand Slam,Outdoor,Clay,2nd Round,3,Mchale C.,Davis L.,36.0,162.0,1611.0,381.0,6.0,1.0,6.0,3.0,,,2.0,0.0,Completed,1.36,3.0,1.35,3.1,1.36,3.0,1.45,2.98,1.44,2.75,1.45,3.11,1.38,2.95
WTA,2012,28,Paris,French Open,2012-05-31,Grand Slam,Outdoor,Clay,2nd Round,3,Rus A.,Razzano V.,88.0,111.0,742.0,621.0,6.0,3.0,7.0,6.0,,,2.0,0.0,Completed,2.0,1.72,1.87,1.87,1.91,1.91,1.98,1.93,1.9,1.9,2.15,1.93,1.95,1.81
WTA,2012,28,Paris,French Open,2012-05-31,Grand Slam,Outdoor,Clay,2nd Round,3,Shvedova Y.,Arvidsson S.,142.0,54.0,465.0,1165.0,6.0,1.0,6.0,0.0,,,2.0,0.0,Completed,2.0,1.72,2,1.75,2.0,1.73,1.94,1.96,1.9,1.9,2.1,1.96,1.98,1.79
WTA,2012,28,Paris,French Open,2012-05-31,Grand Slam,Outdoor,Clay,2nd Round,3,Peng S.,Dominguez Lino L.,30.0,95.0,1800.0,681.0,6.0,4.0,6.0,3.0,,,2.0,0.0,Completed,2.0,1.72,1.95,1.8,1.83,1.83,2.01,1.9,1.9,1.9,2.1,1.9,1.94,1.81
WTA,2012,28,Paris,French Open,2012-05-31,Grand Slam,Outdoor,Clay,2nd Round,3,Goerges J.,Watson H.,27.0,110.0,1945.0,623.0,6.0,3.0,6.0,4.0,,,2.0,0.0,Completed,1.3,3.4,1.3,3.27,1.33,3.4,1.38,3.31,1.29,3.5,1.38,3.6,1.32,3.35
WTA,2012,28,Paris,French Open,2012-06-01,Grand Slam,Outdoor,Clay,2nd Round,3,Sharapova M.,Morita A.,2.0,84.0,8390.0,776.0,6.0,1.0,6.0,1.0,,,2.0,0.0,Completed,1.01,26.0,1.01,20.0,1.01,21.0,1.01,29.16,1.02,13.0,1.02,33.11,1.01,18.03
WTA,2012,28,Paris,French Open,2012-06-01,Grand Slam,Outdoor,Clay,3rd Round,3,Errani S.,Ivanovic A.,24.0,14.0,2050.0,2975.0,1.0,6.0,7.0,5.0,6.0,3.0,2.0,1.0,Completed,3.0,1.36,2.85,1.4,3.0,1.4,3.1,1.43,2.88,1.4,3.25,1.53,2.91,1.4
WTA,2012,28,Paris,French Open,2012-06-01,Grand Slam,Outdoor,Clay,3rd Round,3,Stephens S.,Johansson M.,70.0,93.0,928.0,697.0,6.0,3.0,6.0,2.0,,,2.0,0.0,Completed,1.5,2.5,1.5,2.5,1.5,2.62,1.58,2.57,1.53,2.5,1.67,2.64,1.54,2.43
WTA,2012,28,Paris,French Open,2012-06-01,Grand Slam,Outdoor,Clay,3rd Round,3,Cibulkova D.,Martinez-Sanchez M.J.,16.0,48.0,2685.0,1233.0,6.0,2.0,6.0,1.0,,,2.0,0.0,Completed,1.18,4.5,1.2,4.25,1.25,4.0,1.26,4.47,1.2,4.5,1.3,4.6,1.22,4.19
WTA,2012,28,Paris,French Open,2012-06-01,Grand Slam,Outdoor,Clay,3rd Round,3,Kuznetsova S.,Radwanska A.,28.0,3.0,1931.0,7350.0,6.0,1.0,6.0,2.0,,,2.0,0.0,Completed,5.0,1.16,5,1.16,4.33,1.22,4.76,1.24,4.5,1.2,5.35,1.25,4.6,1.19
WTA,2012,28,Paris,French Open,2012-06-01,Grand Slam,Outdoor,Clay,3rd Round,3,Martic P.,Medina Garrigues A.,50.0,31.0,1201.0,1775.0,6.0,2.0,6.0,1.0,,,2.0,0.0,Completed,2.0,1.8,2,1.75,2.0,1.8,2.18,1.78,2.1,1.73,2.2,1.83,2.04,1.75
WTA,2012,28,Paris,French Open,2012-06-01,Grand Slam,Outdoor,Clay,3rd Round,3,Stosur S.,Petrova N.,6.0,29.0,5440.0,1850.0,6.0,3.0,6.0,3.0,,,2.0,0.0,Completed,1.3,3.4,1.3,3.4,1.36,3.25,1.31,3.92,1.33,3.25,1.37,3.92,1.32,3.34
WTA,2012,28,Paris,French Open,2012-06-01,Grand Slam,Outdoor,Clay,3rd Round,3,Kerber A.,Pennetta F.,10.0,20.0,3560.0,2315.0,4.0,6.0,6.0,3.0,6.0,2.0,2.0,1.0,Completed,1.5,2.62,1.45,2.7,1.53,2.5,1.54,2.71,1.5,2.63,1.57,2.75,1.5,2.57
WTA,2012,28,Paris,French Open,2012-06-01,Grand Slam,Outdoor,Clay,3rd Round,3,Azarenka V.,Wozniak A.,1.0,58.0,9020.0,1140.0,6.0,4.0,6.0,4.0,,,2.0,0.0,Completed,1.04,13.0,1.03,12.0,1.04,10.0,1.07,11.25,1.02,13.0,1.07,15.0,1.03,11.19
WTA,2012,28,Paris,French Open,2012-06-02,Grand Slam,Outdoor,Clay,3rd Round,3,Kvitova P.,Bratchikova N.,4.0,109.0,6275.0,631.0,6.0,2.0,4.0,6.0,6.0,1.0,2.0,1.0,Completed,1.03,15.0,1.04,10.0,1.03,11.0,1.03,21.0,1.03,11.0,1.06,21.0,1.03,13.28
WTA,2012,28,Paris,French Open,2012-06-02,Grand Slam,Outdoor,Clay,3rd Round,3,Shvedova Y.,Suarez Navarro C.,142.0,46.0,465.0,1342.0,6.0,4.0,7.0,5.0,,,2.0,0.0,Completed,1.8,2.0,1.85,1.9,1.91,1.91,1.93,2.0,1.9,1.91,1.93,2.08,1.84,1.93
WTA,2012,28,Paris,French Open,2012-06-02,Grand Slam,Outdoor,Clay,3rd Round,3,Lepchenko V.,Schiavone F.,63.0,12.0,1029.0,3160.0,3.0,6.0,6.0,3.0,8.0,6.0,2.0,1.0,Completed,2.87,1.4,2.85,1.4,2.75,1.44,2.97,1.47,2.75,1.44,3.0,1.51,2.76,1.43
WTA,2012,28,Paris,French Open,2012-06-02,Grand Slam,Outdoor,Clay,3rd Round,3,Li N.,Mchale C.,7.0,36.0,4965.0,1611.0,3.0,6.0,6.0,2.0,6.0,1.0,2.0,1.0,Completed,1.1,7.0,1.11,6.0,1.1,7.0,1.13,7.29,1.13,6.0,1.14,7.5,1.11,6.34
WTA,2012,28,Paris,French Open,2012-06-02,Grand Slam,Outdoor,Clay,3rd Round,3,Zakopalova K.,Pavlyuchenkova A.,44.0,25.0,1355.0,2021.0,6.0,3.0,7.0,5.0,,,2.0,0.0,Completed,2.0,1.8,2,1.75,2.0,1.8,2.02,1.91,2.0,1.8,2.1,1.91,1.97,1.81
WTA,2012,28,Paris,French Open,2012-06-02,Grand Slam,Outdoor,Clay,3rd Round,3,Sharapova M.,Peng S.,2.0,30.0,8390.0,1800.0,6.0,2.0,6.0,1.0,,,2.0,0.0,Completed,1.04,13.0,1.03,12.0,1.02,13.0,1.04,17.0,1.03,12.0,1.05,18.0,1.03,12.69
WTA,2012,28,Paris,French Open,2012-06-02,Grand Slam,Outdoor,Clay,3rd Round,3,Kanepi K.,Wozniacki C.,23.0,9.0,2179.0,4586.0,6.0,1.0,6.0,7.0,6.0,3.0,2.0,1.0,Completed,2.25,1.61,2.2,1.65,2.25,1.62,2.43,1.65,2.25,1.62,2.45,1.71,2.25,1.63
WTA,2012,28,Paris,French Open,2012-06-02,Grand Slam,Outdoor,Clay,3rd Round,3,Rus A.,Goerges J.,88.0,27.0,742.0,1945.0,7.0,6.0,2.0,6.0,6.0,2.0,2.0,1.0,Completed,4.5,1.2,4,1.22,4.0,1.25,4.47,1.26,4.0,1.22,4.65,1.26,4.14,1.23
WTA,2012,28,Paris,French Open,2012-06-03,Grand Slam,Outdoor,Clay,4th Round,3,Kerber A.,Martic P.,10.0,50.0,3560.0,1201.0,6.0,3.0,7.0,5.0,,,2.0,0.0,Completed,1.3,3.5,1.34,3.06,1.3,3.4,1.3,4.01,1.33,3.25,1.37,4.01,1.31,3.38
WTA,2012,28,Paris,French Open,2012-06-03,Grand Slam,Outdoor,Clay,4th Round,3,Errani S.,Kuznetsova S.,24.0,28.0,2050.0,1931.0,6.0,0.0,7.0,5.0,,,2.0,0.0,Completed,2.62,1.5,2.35,1.55,2.38,1.57,2.5,1.61,2.38,1.57,2.62,1.62,2.43,1.55
WTA,2012,28,Paris,French Open,2012-06-03,Grand Slam,Outdoor,Clay,4th Round,3,Cibulkova D.,Azarenka V.,16.0,1.0,2685.0,9020.0,6.0,2.0,7.0,6.0,,,2.0,0.0,Completed,3.4,1.33,3.4,1.3,3.25,1.33,3.41,1.37,3.25,1.33,3.8,1.4,3.31,1.33
WTA,2012,28,Paris,French Open,2012-06-03,Grand Slam,Outdoor,Clay,4th Round,3,Stosur S.,Stephens S.,6.0,70.0,5440.0,928.0,7.0,5.0,6.0,4.0,,,2.0,0.0,Completed,1.12,6.0,1.14,5.25,1.14,5.5,1.17,6.04,1.13,6.0,1.17,6.1,1.14,5.6
WTA,2012,28,Paris,French Open,2012-06-04,Grand Slam,Outdoor,Clay,4th Round,3,Sharapova M.,Zakopalova K.,2.0,44.0,8390.0,1355.0,6.0,4.0,6.0,7.0,6.0,2.0,2.0,1.0,Completed,1.04,13.0,1.03,9.58,1.03,11.0,1.07,12.0,1.03,13.0,1.07,15.0,1.04,11.58
WTA,2012,28,Paris,French Open,2012-06-04,Grand Slam,Outdoor,Clay,4th Round,3,Shvedova Y.,Li N.,142.0,7.0,465.0,4965.0,3.0,6.0,6.0,2.0,6.0,0.0,2.0,1.0,Completed,6.0,1.12,5.05,1.14,6.5,1.11,5.61,1.19,7.0,1.1,7.0,1.2,5.64,1.14
WTA,2012,28,Paris,French Open,2012-06-04,Grand Slam,Outdoor,Clay,4th Round,3,Kvitova P.,Lepchenko V.,4.0,63.0,6275.0,1029.0,6.0,2.0,6.0,1.0,,,2.0,0.0,Completed,1.2,4.5,1.2,4.25,1.14,5.0,1.24,4.64,1.14,5.5,1.24,5.6,1.19,4.58
WTA,2012,28,Paris,French Open,2012-06-04,Grand Slam,Outdoor,Clay,4th Round,3,Kanepi K.,Rus A.,23.0,88.0,2179.0,742.0,6.0,1.0,4.0,6.0,6.0,0.0,2.0,1.0,Completed,1.2,4.5,1.22,4.0,1.2,4.5,1.25,4.51,1.2,4.5,1.25,4.75,1.21,4.33
WTA,2012,28,Paris,French Open,2012-06-05,Grand Slam,Outdoor,Clay,Quarterfinals,3,Stosur S.,Cibulkova D.,6.0,16.0,5440.0,2685.0,6.0,4.0,6.0,1.0,,,2.0,0.0,Completed,1.61,2.3,1.65,2.2,1.62,2.25,1.72,2.28,1.62,2.38,1.72,2.4,1.64,2.24
WTA,2012,28,Paris,French Open,2012-06-05,Grand Slam,Outdoor,Clay,Quarterfinals,3,Errani S.,Kerber A.,24.0,10.0,2050.0,3560.0,6.0,3.0,7.0,6.0,,,2.0,0.0,Completed,2.1,1.72,2.2,1.65,2.2,1.67,2.11,1.84,2.38,1.62,2.38,1.85,2.12,1.7
WTA,2012,28,Paris,French Open,2012-06-06,Grand Slam,Outdoor,Clay,Quarterfinals,3,Sharapova M.,Kanepi K.,2.0,23.0,8390.0,2179.0,6.0,2.0,6.0,3.0,,,2.0,0.0,Completed,1.25,4.0,1.25,3.75,1.29,3.75,1.32,3.84,1.29,3.75,1.32,4.3,1.25,3.9
WTA,2012,28,Paris,French Open,2012-06-06,Grand Slam,Outdoor,Clay,Quarterfinals,3,Kvitova P.,Shvedova Y.,4.0,142.0,6275.0,465.0,3.0,6.0,6.0,2.0,6.0,4.0,2.0,1.0,Completed,1.25,4.0,1.25,3.75,1.25,3.75,1.31,3.88,1.25,4.0,1.31,4.1,1.26,3.79
WTA,2012,28,Paris,French Open,2012-06-07,Grand Slam,Outdoor,Clay,Semifinals,3,Errani S.,Stosur S.,24.0,6.0,2050.0,5440.0,7.0,5.0,1.0,6.0,6.0,3.0,2.0,1.0,Completed,3.0,1.4,2.85,1.4,3.0,1.4,2.98,1.47,3.25,1.36,3.25,1.47,2.99,1.39
WTA,2012,28,Paris,French Open,2012-06-07,Grand Slam,Outdoor,Clay,Semifinals,3,Sharapova M.,Kvitova P.,2.0,4.0,8390.0,6275.0,6.0,3.0,6.0,3.0,,,2.0,0.0,Completed,1.4,3.0,1.4,2.85,1.4,3.0,1.43,3.16,1.4,3.0,1.45,3.3,1.4,2.95
WTA,2012,28,Paris,French Open,2012-06-09,Grand Slam,Outdoor,Clay,The Final,3,Sharapova M.,Errani S.,2.0,24.0,8390.0,2050.0,6.0,3.0,6.0,2.0,,,2.0,0.0,Completed,1.25,4.0,1.23,4.05,1.22,4.5,1.29,4.18,1.25,4.0,1.3,4.5,1.24,4.07
WTA,2012,33,London,Wimbledon,2012-06-25,Grand Slam,Outdoor,Grass,1st Round,3,Cirstea S.,Parmentier P.,52.0,70.0,1211.0,911.0,6.0,4.0,6.0,1.0,,,2.0,0.0,Completed,1.5,2.5,1.55,2.4,1.5,2.5,1.53,2.71,1.57,2.25,1.58,2.74,1.52,2.48
WTA,2012,33,London,Wimbledon,2012-06-25,Grand Slam,Outdoor,Grass,1st Round,3,Morita A.,Gajdosova J.,85.0,76.0,776.0,837.0,6.0,4.0,6.0,3.0,,,2.0,0.0,Completed,2.5,1.5,2.4,1.55,2.5,1.5,2.86,1.49,2.38,1.53,2.86,1.58,2.5,1.51
WTA,2012,33,London,Wimbledon,2012-06-25,Grand Slam,Outdoor,Grass,1st Round,3,Giorgi C.,Pennetta F.,145.0,17.0,449.0,2470.0,6.0,4.0,6.0,3.0,,,2.0,0.0,Completed,3.5,1.28,3.3,1.3,3.75,1.29,3.54,1.35,3.25,1.29,3.75,1.35,3.35,1.31
WTA,2012,33,London,Wimbledon,2012-06-25,Grand Slam,Outdoor,Grass,1st Round,3,Li N.,Pervak K.,11.0,41.0,3245.0,1475.0,6.0,3.0,6.0,1.0,,,2.0,0.0,Completed,1.11,6.5,1.13,5.5,1.1,7.0,1.13,7.03,1.1,6.0,1.13,8.0,1.11,6.32
WTA,2012,33,London,Wimbledon,2012-06-25,Grand Slam,Outdoor,Grass,1st Round,3,Lisicki S.,Martic P.,15.0,45.0,2697.0,1351.0,6.0,4.0,6.0,2.0,,,2.0,0.0,Completed,1.5,2.5,1.53,2.45,1.53,2.38,1.62,2.45,1.57,2.25,1.65,2.53,1.58,2.34
WTA,2012,33,London,Wimbledon,2012-06-25,Grand Slam,Outdoor,Grass,1st Round,3,Radwanska A.,Rybarikova M.,3.0,122.0,7230.0,565.0,6.0,3.0,6.0,3.0,,,2.0,0.0,Completed,1.04,13.0,1.06,8.75,1.05,9.0,1.04,15.0,1.05,8.0,1.06,16.05,1.04,10.81
WTA,2012,33,London,Wimbledon,2012-06-25,Grand Slam,Outdoor,Grass,1st Round,3,Stosur S.,Suarez Navarro C.,5.0,40.0,6100.0,1495.0,6.0,1.0,6.0,3.0,,,2.0,0.0,Completed,1.12,6.0,1.13,5.5,1.12,6.0,1.13,7.38,1.08,6.5,1.15,7.38,1.11,6.24
WTA,2012,33,London,Wimbledon,2012-06-25,Grand Slam,Outdoor,Grass,1st Round,3,Tatishvili A.,Tanasugarn T.,73.0,115.0,872.0,601.0,6.0,4.0,6.0,2.0,,,2.0,0.0,Completed,2.0,1.72,1.95,1.8,1.83,1.83,2.25,1.72,1.83,1.83,2.25,1.91,1.97,1.8
WTA,2012,33,London,Wimbledon,2012-06-25,Grand Slam,Outdoor,Grass,1st Round,3,Hsieh S.W.,Razzano V.,63.0,91.0,1031.0,730.0,6.0,2.0,6.0,4.0,,,2.0,0.0,Completed,1.4,2.75,1.5,2.5,1.44,2.62,1.48,2.87,1.44,2.63,1.53,3.0,1.46,2.65
WTA,2012,33,London,Wimbledon,2012-06-25,Grand Slam,Outdoor,Grass,1st Round,3,Jovanovski B.,Daniilidou E.,117.0,88.0,594.0,757.0,5.0,7.0,6.0,3.0,2.0,0.0,1.0,1.0,Retired,1.66,2.1,1.75,2.0,1.57,2.25,1.76,2.19,1.62,2.2,1.76,2.25,1.69,2.12
WTA,2012,33,London,Wimbledon,2012-06-25,Grand Slam,Outdoor,Grass,1st Round,3,Vesnina E.,Williams V.,79.0,58.0,825.0,1155.0,6.0,1.0,6.0,3.0,,,2.0,0.0,Completed,5.0,1.16,4.5,1.18,4.5,1.2,5.8,1.17,4.0,1.2,5.8,1.2,4.92,1.17
WTA,2012,33,London,Wimbledon,2012-06-25,Grand Slam,Outdoor,Grass,1st Round,3,Rus A.,Doi M.,72.0,105.0,880.0,657.0,7.0,5.0,6.0,3.0,,,2.0,0.0,Completed,2.25,1.57,2.4,1.55,2.25,1.57,2.42,1.64,2.2,1.62,2.45,1.64,2.31,1.59
WTA,2012,33,London,Wimbledon,2012-06-25,Grand Slam,Outdoor,Grass,1st Round,3,Hlavackova A.,Chang K.C.,90.0,111.0,736.0,629.0,6.0,1.0,6.0,2.0,,,2.0,0.0,Completed,1.4,2.75,1.45,2.7,1.44,2.62,1.48,2.88,1.53,2.38,1.55,2.88,1.48,2.6
WTA,2012,33,London,Wimbledon,2012-06-25,Grand Slam,Outdoor,Grass,1st Round,3,Foretz S.,Niculescu M.,75.0,33.0,844.0,1735.0,6.0,4.0,3.0,6.0,6.0,3.0,2.0,1.0,Completed,2.5,1.5,2.5,1.5,2.5,1.5,2.53,1.59,2.5,1.5,2.75,1.59,2.51,1.51
WTA,2012,33,London,Wimbledon,2012-06-25,Grand Slam,Outdoor,Grass,1st Round,3,Pironkova T.,Dolonc V.,38.0,206.0,1520.0,290.0,5.0,7.0,6.0,0.0,7.0,5.0,2.0,1.0,Completed,1.28,3.5,1.28,3.6,1.25,3.75,1.33,3.64,1.25,3.5,1.38,3.79,1.31,3.4
WTA,2012,33,London,Wimbledon,2012-06-25,Grand Slam,Outdoor,Grass,1st Round,3,Sharapova M.,Rodionova An.,1.0,133.0,9490.0,500.0,6.0,2.0,6.0,3.0,,,2.0,0.0,Completed,1.01,23.0,1.01,20.0,1.01,17.0,1.01,36.0,1.01,13.0,1.02,53.84,1.01,21.33
WTA,2012,33,London,Wimbledon,2012-06-25,Grand Slam,Outdoor,Grass,1st Round,3,Babos T.,Oudin M.,69.0,123.0,933.0,563.0,6.0,4.0,4.0,6.0,6.0,3.0,2.0,1.0,Completed,3.75,1.25,3.4,1.3,3.25,1.33,3.59,1.34,3.25,1.29,3.75,1.34,3.43,1.3
WTA,2012,33,London,Wimbledon,2012-06-25,Grand Slam,Outdoor,Grass,1st Round,3,Peng S.,Zaniewska S.,34.0,160.0,1730.0,387.0,6.0,2.0,6.0,7.0,6.0,3.0,2.0,1.0,Completed,1.4,2.75,1.4,2.85,1.4,2.75,1.44,3.04,1.33,3.0,1.48,3.04,1.41,2.85
WTA,2012,33,London,Wimbledon,2012-06-25,Grand Slam,Outdoor,Grass,1st Round,3,Kerber A.,Hradecka L.,8.0,68.0,4275.0,944.0,6.0,4.0,6.0,1.0,,,2.0,0.0,Completed,1.11,6.5,1.13,5.5,1.12,6.0,1.13,7.38,1.1,6.0,1.15,7.38,1.12,5.93
WTA,2012,33,London,Wimbledon,2012-06-25,Grand Slam,Outdoor,Grass,1st Round,3,Stephens S.,Pliskova Ka.,59.0,119.0,1117.0,578.0,6.0,2.0,6.0,2.0,,,2.0,0.0,Completed,1.72,2.0,1.8,1.95,1.73,2.0,1.88,2.03,1.83,1.83,1.88,2.1,1.79,1.97
WTA,2012,33,London,Wimbledon,2012-06-25,Grand Slam,Outdoor,Grass,1st Round,3,Cetkovska P.,King V.,25.0,61.0,1945.0,1087.0,6.0,4.0,6.0,2.0,,,2.0,0.0,Completed,1.28,3.5,1.3,3.4,1.29,3.5,1.38,3.35,1.36,2.88,1.41,3.5,1.36,3.1
WTA,2012,33,London,Wimbledon,2012-06-25,Grand Slam,Outdoor,Grass,1st Round,3,Soler Espinosa S.,Gallovits E.,67.0,107.0,985.0,645.0,4.0,6.0,6.0,4.0,10.0,8.0,2.0,1.0,Completed,1.66,2.1,1.72,2.05,1.73,2.0,1.8,2.13,1.73,2.0,1.83,2.13,1.76,2.02
WTA,2012,33,London,Wimbledon,2012-06-25,Grand Slam,Outdoor,Grass,1st Round,3,Makarova E.,Brianti A.,44.0,113.0,1361.0,610.0,6.0,2.0,3.0,6.0,6.0,3.0,2.0,1.0,Completed,1.07,9.0,1.11,6.0,1.08,7.0,1.06,12.25,1.1,6.0,1.11,12.25,1.08,7.94
WTA,2012,33,London,Wimbledon,2012-06-25,Grand Slam,Outdoor,Grass,1st Round,3,Clijsters K.,Jankovic J.,47.0,21.0,1311.0,2220.0,6.0,2.0,6.0,4.0,,,2.0,0.0,Completed,1.28,3.5,1.35,3.0,1.36,3.25,1.33,3.64,1.33,3.0,1.38,3.64,1.34,3.21
WTA,2012,33,London,Wimbledon,2012-06-25,Grand Slam,Outdoor,Grass,1st Round,3,Petrova N.,Camerin M.E.,20.0,189.0,2225.0,324.0,6.0,0.0,6.0,2.0,,,2.0,0.0,Completed,1.06,10.0,1.07,8.0,1.05,8.5,1.06,12.25,1.07,7.0,1.12,12.25,1.07,8.55
WTA,2012,33,London,Wimbledon,2012-06-25,Grand Slam,Outdoor,Grass,1st Round,3,Dominguez Lino L.,Broady N.,71.0,228.0,886.0,261.0,6.0,4.0,7.0,6.0,,,2.0,0.0,Completed,1.36,3.0,1.33,3.25,1.36,3.0,1.43,3.08,1.36,3.0,1.43,3.25,1.37,3.03
WTA,2012,33,London,Wimbledon,2012-06-25,Grand Slam,Outdoor,Grass,1st Round,3,Kirilenko M.,Cadantu A.,19.0,84.0,2295.0,786.0,6.0,3.0,6.0,1.0,,,2.0,0.0,Completed,1.07,9.0,1.08,7.0,1.06,8.0,1.08,10.54,1.07,7.0,1.1,10.54,1.07,8.18
WTA,2012,33,London,Wimbledon,2012-06-25,Grand Slam,Outdoor,Grass,1st Round,3,Hampton J.,Hantuchova D.,100.0,29.0,683.0,1820.0,6.0,4.0,7.0,6.0,,,2.0,0.0,Completed,5.5,1.14,4.55,1.19,5.0,1.14,5.61,1.18,5.0,1.14,5.72,1.19,5.18,1.16
WTA,2012,33,London,Wimbledon,2012-06-25,Grand Slam,Outdoor,Grass,1st Round,3,Watson H.,Benesova I.,103.0,55.0,669.0,1190.0,6.0,2.0,6.0,1.0,,,2.0,0.0,Completed,1.28,3.5,1.35,3.1,1.33,3.4,1.34,3.56,1.33,3.0,1.36,3.6,1.32,3.32
WTA,2012,33,London,Wimbledon,2012-06-25,Grand Slam,Outdoor,Grass,1st Round,3,Johansson M.,Tsurenko L.,81.0,99.0,813.0,685.0,3.0,6.0,6.0,0.0,6.0,3.0,2.0,1.0,Completed,1.8,1.9,1.75,2.0,1.73,2.0,1.9,2.01,1.8,1.91,1.9,2.08,1.82,1.95
WTA,2012,33,London,Wimbledon,2012-06-26,Grand Slam,Outdoor,Grass,1st Round,3,Bertens K.,Safarova L.,86.0,22.0,770.0,2135.0,6.0,3.0,6.0,0.0,,,2.0,0.0,Completed,3.5,1.28,3.4,1.3,3.5,1.29,3.92,1.3,3.5,1.25,4.0,1.32,3.56,1.28
WTA,2012,33,London,Wimbledon,2012-06-26,Grand Slam,Outdoor,Grass,1st Round,3,Shvedova Y.,Scheepers C.,65.0,43.0,1006.0,1380.0,7.0,6.0,7.0,6.0,,,2.0,0.0,Completed,1.61,2.2,1.65,2.2,1.67,2.1,1.7,2.29,1.67,2.1,1.71,2.35,1.66,2.18
WTA,2012,33,London,Wimbledon,2012-06-26,Grand Slam,Outdoor,Grass,1st Round,3,Zheng J.,Dubois S.,27.0,109.0,1850.0,634.0,4.0,6.0,6.0,4.0,6.0,3.0,2.0,1.0,Completed,1.25,3.75,1.22,4.0,1.25,3.75,1.24,4.61,1.25,3.5,1.3,4.61,1.26,3.8
WTA,2012,33,London,Wimbledon,2012-06-26,Grand Slam,Outdoor,Grass,1st Round,3,Wozniak A.,Dushevina V.,56.0,94.0,1180.0,705.0,6.0,2.0,7.0,5.0,,,2.0,0.0,Completed,1.36,3.0,1.35,3.15,1.36,3.0,1.38,3.33,1.36,2.88,1.4,3.41,1.36,3.08
WTA,2012,33,London,Wimbledon,2012-06-26,Grand Slam,Outdoor,Grass,1st Round,3,Schiavone F.,Robson L.,26.0,97.0,1930.0,692.0,2.0,6.0,6.0,4.0,6.0,4.0,2.0,1.0,Completed,1.72,2.0,1.7,2.1,1.67,2.1,1.73,2.24,1.62,2.2,1.8,2.24,1.69,2.12
WTA,2012,33,London,Wimbledon,2012-06-26,Grand Slam,Outdoor,Grass,1st Round,3,Kvitova P.,Amanmuradova A.,4.0,96.0,6775.0,693.0,6.0,4.0,6.0,4.0,,,2.0,0.0,Completed,1.03,15.0,1.02,10.5,1.01,17.0,1.02,20.46,1.03,10.0,1.05,23.0,1.02,14.16
WTA,2012,33,London,Wimbledon,2012-06-26,Grand Slam,Outdoor,Grass,1st Round,3,Pavlyuchenkova A.,Arvidsson S.,30.0,48.0,1800.0,1300.0,6.0,1.0,6.0,2.0,,,2.0,0.0,Completed,1.5,2.5,1.5,2.5,1.5,2.5,1.51,2.75,1.5,2.5,1.6,2.8,1.51,2.52
WTA,2012,33,London,Wimbledon,2012-06-26,Grand Slam,Outdoor,Grass,1st Round,3,Zvonareva V.,Barthel M.,12.0,39.0,3160.0,1511.0,2.0,6.0,7.0,6.0,6.0,4.0,2.0,1.0,Completed,2.2,1.61,2,1.75,2.1,1.73,2.13,1.8,2.1,1.67,2.2,1.8,2.09,1.72
WTA,2012,33,London,Wimbledon,2012-06-26,Grand Slam,Outdoor,Grass,1st Round,3,Lucic M.,Panova A.,129.0,74.0,528.0,859.0,4.0,6.0,6.0,3.0,6.0,4.0,2.0,1.0,Completed,1.44,2.62,1.45,2.7,1.5,2.5,1.47,2.92,1.44,2.63,1.5,2.92,1.46,2.65
WTA,2012,33,London,Wimbledon,2012-06-26,Grand Slam,Outdoor,Grass,1st Round,3,Pliskova Kr.,Hercog P.,148.0,46.0,446.0,1320.0,6.0,2.0,6.0,2.0,,,2.0,0.0,Completed,1.28,3.5,1.25,3.75,1.29,3.5,1.32,3.77,1.29,3.25,1.4,4.1,1.29,3.52
WTA,2012,33,London,Wimbledon,2012-06-26,Grand Slam,Outdoor,Grass,1st Round,3,Mchale C.,Konta J.,32.0,212.0,1750.0,285.0,6.0,7.0,6.0,2.0,10.0,8.0,2.0,1.0,Completed,1.1,7.0,1.13,5.5,1.1,6.5,1.13,7.04,1.13,5.5,1.14,7.04,1.12,6.07
WTA,2012,33,London,Wimbledon,2012-06-26,Grand Slam,Outdoor,Grass,1st Round,3,Bartoli M.,Dellacqua C.,9.0,108.0,3800.0,644.0,6.0,2.0,6.0,4.0,,,2.0,0.0,Completed,1.14,5.5,1.16,5.0,1.11,6.0,1.14,6.69,1.14,5.0,1.18,6.69,1.14,5.58
WTA,2012,33,London,Wimbledon,2012-06-26,Grand Slam,Outdoor,Grass,1st Round,3,Williams S.,Zahlavova Strycova B.,6.0,62.0,5640.0,1058.0,6.0,2.0,6.0,4.0,,,2.0,0.0,Completed,1.03,15.0,1.03,12.0,1.02,17.0,1.02,22.26,1.03,10.0,1.04,22.26,1.02,14.61
WTA,2012,33,London,Wimbledon,2012-06-26,Grand Slam,Outdoor,Grass,1st Round,3,Oprandi R.,Begu I.,87.0,64.0,759.0,1030.0,7.0,6.0,6.0,4.0,,,2.0,0.0,Completed,1.9,1.8,1.95,1.8,2.0,1.73,1.98,1.93,2.0,1.73,2.0,1.93,1.94,1.82
WTA,2012,33,London,Wimbledon,2012-06-26,Grand Slam,Outdoor,Grass,1st Round,3,Baltacha E.,Knapp K.,101.0,112.0,678.0,628.0,4.0,6.0,6.0,4.0,6.0,0.0,2.0,1.0,Completed,1.4,2.75,1.4,2.85,1.4,2.75,1.39,3.27,1.36,2.88,1.42,3.27,1.39,2.93
WTA,2012,33,London,Wimbledon,2012-06-26,Grand Slam,Outdoor,Grass,1st Round,3,Lepchenko V.,Mayr P.,53.0,93.0,1209.0,712.0,6.0,2.0,6.0,3.0,,,2.0,0.0,Completed,1.36,3.0,1.35,3.1,1.33,3.25,1.4,3.22,1.33,3.0,1.4,3.26,1.37,3.06
WTA,2012,33,London,Wimbledon,2012-06-26,Grand Slam,Outdoor,Grass,1st Round,3,Medina Garrigues A.,Halep S.,28.0,42.0,1835.0,1400.0,3.0,6.0,6.0,1.0,6.0,2.0,2.0,1.0,Completed,2.0,1.72,1.85,1.9,1.83,1.83,1.97,1.93,1.8,1.91,2.05,1.95,1.91,1.85
WTA,2012,33,London,Wimbledon,2012-06-26,Grand Slam,Outdoor,Grass,1st Round,3,Cepelova J.,Mladenovic K.,178.0,157.0,350.0,409.0,6.0,3.0,3.0,6.0,6.0,1.0,2.0,1.0,Completed,2.0,1.72,1.95,1.8,1.83,1.83,2.12,1.81,2.0,1.73,2.12,1.85,1.99,1.78
WTA,2012,33,London,Wimbledon,2012-06-26,Grand Slam,Outdoor,Grass,1st Round,3,Azarenka V.,Falconi I.,2.0,78.0,8800.0,829.0,6.0,1.0,6.0,4.0,,,2.0,0.0,Completed,1.06,10.0,1.04,10.0,1.04,9.0,1.05,13.0,1.04,9.0,1.08,13.0,1.05,9.87
WTA,2012,33,London,Wimbledon,2012-06-26,Grand Slam,Outdoor,Grass,1st Round,3,Czink M.,Larsson J.,98.0,92.0,692.0,721.0,6.0,0.0,6.0,2.0,,,2.0,0.0,Completed,1.33,3.25,1.4,2.85,1.33,3.25,1.38,3.35,1.36,2.88,1.4,3.5,1.36,3.09
WTA,2012,33,London,Wimbledon,2012-06-26,Grand Slam,Outdoor,Grass,1st Round,3,Voskoboeva G.,Arn G.,57.0,104.0,1168.0,659.0,6.0,4.0,6.0,2.0,,,2.0,0.0,Completed,1.72,2.0,1.75,2.0,1.67,2.1,1.77,2.18,1.67,2.1,1.8,2.3,1.71,2.1
WTA,2012,33,London,Wimbledon,2012-06-26,Grand Slam,Outdoor,Grass,1st Round,3,Erakovic M.,Radwanska U.,49.0,54.0,1297.0,1191.0,6.0,4.0,6.0,4.0,,,2.0,0.0,Completed,2.5,1.5,2.55,1.5,2.5,1.5,2.64,1.55,2.25,1.57,2.7,1.57,2.49,1.52
WTA,2012,33,London,Wimbledon,2012-06-26,Grand Slam,Outdoor,Grass,1st Round,3,Keothavong A.,Pous-Tio L.,77.0,102.0,836.0,677.0,6.0,3.0,6.0,3.0,,,2.0,0.0,Completed,1.22,4.0,1.25,3.8,1.25,4.0,1.28,4.1,1.25,3.5,1.29,4.34,1.25,3.84
WTA,2012,33,London,Wimbledon,2012-06-26,Grand Slam,Outdoor,Grass,1st Round,3,Vinci R.,Barty A.,23.0,258.0,1965.0,219.0,6.0,2.0,6.0,4.0,,,2.0,0.0,Completed,1.36,3.0,1.35,3.0,1.33,3.25,1.39,3.29,1.29,3.25,1.4,3.29,1.36,3.07
WTA,2012,33,London,Wimbledon,2012-06-26,Grand Slam,Outdoor,Grass,1st Round,3,Wickmayer Y.,Kuznetsova S.,36.0,35.0,1640.0,1642.0,6.0,2.0,6.0,3.0,,,2.0,0.0,Completed,2.37,1.53,2.2,1.65,2.2,1.62,2.37,1.66,2.2,1.62,2.37,1.68,2.24,1.63
WTA,2012,33,London,Wimbledon,2012-06-27,Grand Slam,Outdoor,Grass,1st Round,3,Zakopalova K.,Cibulkova D.,31.0,13.0,1770.0,3120.0,6.0,4.0,6.0,1.0,,,2.0,0.0,Completed,2.75,1.4,2.9,1.4,2.75,1.44,2.92,1.47,2.63,1.44,3.0,1.5,2.75,1.43
WTA,2012,33,London,Wimbledon,2012-06-27,Grand Slam,Outdoor,Grass,1st Round,3,Bondarenko K.,Date Krumm K.,66.0,82.0,997.0,811.0,5.0,7.0,6.0,3.0,6.0,3.0,2.0,1.0,Completed,1.33,3.25,1.35,3.0,1.33,3.25,1.36,3.44,1.36,2.88,1.4,3.5,1.34,3.19
WTA,2012,33,London,Wimbledon,2012-06-27,Grand Slam,Outdoor,Grass,1st Round,3,Govortsova O.,Beck A.,95.0,119.0,700.0,459.0,6.0,3.0,3.0,6.0,6.0,3.0,2.0,1.0,Completed,2.1,1.66,2.05,1.75,2.1,1.67,2.12,1.81,2.2,1.62,2.12,1.82,2.05,1.74
WTA,2012,33,London,Wimbledon,2012-06-27,Grand Slam,Outdoor,Grass,1st Round,3,Ivanovic A.,Martinez-Sanchez M.J.,14.0,51.0,3070.0,1234.0,6.0,3.0,3.0,6.0,6.0,3.0,2.0,1.0,Completed,1.14,5.5,1.16,5.0,1.17,4.5,1.16,6.12,1.17,4.5,1.2,6.12,1.15,5.26
WTA,2012,33,London,Wimbledon,2012-06-27,Grand Slam,Outdoor,Grass,1st Round,3,Goerges J.,Peer S.,24.0,50.0,1945.0,1255.0,6.0,2.0,6.0,2.0,,,2.0,0.0,Completed,1.36,3.0,1.4,2.85,1.4,2.75,1.49,2.85,1.44,2.63,1.49,3.0,1.42,2.77
WTA,2012,33,London,Wimbledon,2012-06-27,Grand Slam,Outdoor,Grass,1st Round,3,Errani S.,Vandeweghe C.,10.0,132.0,3350.0,510.0,6.0,1.0,6.0,3.0,,,2.0,0.0,Completed,1.36,3.0,1.4,2.85,1.36,3.0,1.33,3.64,1.36,2.88,1.41,3.64,1.36,3.03
WTA,2012,33,London,Wimbledon,2012-06-27,Grand Slam,Outdoor,Grass,1st Round,3,Cornet A.,Bratchikova N.,60.0,89.0,1117.0,740.0,6.0,0.0,7.0,6.0,,,2.0,0.0,Completed,1.44,2.62,1.55,2.4,1.57,2.25,1.54,2.66,1.53,2.38,1.6,2.75,1.52,2.46
WTA,2012,33,London,Wimbledon,2012-06-27,Grand Slam,Outdoor,Grass,1st Round,3,Yakimova A.,Minella M.,110.0,83.0,632.0,810.0,4.0,6.0,6.0,3.0,6.0,3.0,2.0,1.0,Completed,1.53,2.37,1.55,2.4,1.5,2.5,1.59,2.53,1.53,2.38,1.6,2.56,1.55,2.4
WTA,2012,33,London,Wimbledon,2012-06-27,Grand Slam,Outdoor,Grass,1st Round,3,Paszek T.,Wozniacki C.,37.0,7.0,1567.0,4366.0,5.0,7.0,7.0,6.0,6.0,4.0,2.0,1.0,Completed,3.0,1.36,2.7,1.45,2.75,1.44,3.27,1.39,2.88,1.36,3.27,1.5,2.81,1.41
WTA,2012,33,London,Wimbledon,2012-06-27,Grand Slam,Outdoor,Grass,2nd Round,3,Stephens S.,Cetkovska P.,59.0,25.0,1117.0,1945.0,7.0,6.0,4.0,6.0,6.0,3.0,2.0,1.0,Completed,2.2,1.61,2.12,1.7,2.2,1.62,2.33,1.68,2.38,1.57,2.4,1.7,2.25,1.62
WTA,2012,33,London,Wimbledon,2012-06-27,Grand Slam,Outdoor,Grass,2nd Round,3,Lisicki S.,Jovanovski B.,15.0,117.0,2697.0,594.0,3.0,6.0,6.0,2.0,8.0,6.0,2.0,1.0,Completed,1.18,4.5,1.16,5.0,1.17,5.0,1.18,5.57,1.22,4.0,1.23,5.57,1.19,4.53
WTA,2012,33,London,Wimbledon,2012-06-27,Grand Slam,Outdoor,Grass,2nd Round,3,Watson H.,Hampton J.,103.0,100.0,669.0,683.0,6.0,1.0,6.0,4.0,,,2.0,0.0,Completed,1.36,3.0,1.34,3.2,1.36,3.25,1.34,3.56,1.4,2.88,1.4,3.56,1.36,3.08
WTA,2012,33,London,Wimbledon,2012-06-27,Grand Slam,Outdoor,Grass,2nd Round,3,Rus A.,Stosur S.,72.0,5.0,880.0,6100.0,6.0,2.0,0.0,6.0,6.0,4.0,2.0,1.0,Completed,6.0,1.12,6,1.12,6.0,1.12,7.37,1.13,7.0,1.08,7.5,1.13,6.33,1.11
WTA,2012,33,London,Wimbledon,2012-06-27,Grand Slam,Outdoor,Grass,2nd Round,3,Peng S.,Morita A.,34.0,85.0,1730.0,776.0,7.0,6.0,6.0,3.0,,,2.0,0.0,Completed,1.4,2.75,1.4,2.9,1.44,2.62,1.43,3.05,1.4,2.88,1.44,3.1,1.4,2.86
WTA,2012,33,London,Wimbledon,2012-06-27,Grand Slam,Outdoor,Grass,2nd Round,3,Hsieh S.W.,Foretz S.,63.0,75.0,1031.0,844.0,6.0,4.0,6.0,1.0,,,2.0,0.0,Completed,1.3,3.4,1.3,3.45,1.36,3.0,1.35,3.55,1.36,3.0,1.4,3.55,1.33,3.24
WTA,2012,33,London,Wimbledon,2012-06-27,Grand Slam,Outdoor,Grass,2nd Round,3,Radwanska A.,Vesnina E.,3.0,79.0,7230.0,825.0,6.0,2.0,6.0,1.0,,,2.0,0.0,Completed,1.2,4.33,1.21,4.02,1.2,4.5,1.27,4.18,1.17,4.5,1.27,4.75,1.21,4.28
WTA,2012,33,London,Wimbledon,2012-06-27,Grand Slam,Outdoor,Grass,2nd Round,3,Giorgi C.,Tatishvili A.,145.0,73.0,449.0,872.0,6.0,3.0,6.0,1.0,,,2.0,0.0,Completed,1.5,2.5,1.55,2.4,1.53,2.38,1.54,2.66,1.57,2.38,1.62,2.69,1.54,2.45
WTA,2012,33,London,Wimbledon,2012-06-27,Grand Slam,Outdoor,Grass,2nd Round,3,Zvonareva V.,Soler Espinosa S.,12.0,67.0,3160.0,985.0,6.0,1.0,3.0,6.0,6.0,1.0,2.0,1.0,Completed,1.18,4.5,1.17,4.85,1.17,4.5,1.18,5.61,1.2,4.5,1.23,5.61,1.19,4.76
WTA,2012,33,London,Wimbledon,2012-06-27,Grand Slam,Outdoor,Grass,2nd Round,3,Kirilenko M.,Dominguez Lino L.,19.0,71.0,2295.0,886.0,6.0,1.0,6.0,2.0,,,2.0,0.0,Completed,1.33,3.25,1.35,3.1,1.33,3.25,1.41,3.18,1.36,3.0,1.42,3.4,1.35,3.17
WTA,2012,33,London,Wimbledon,2012-06-27,Grand Slam,Outdoor,Grass,2nd Round,3,Clijsters K.,Hlavackova A.,47.0,90.0,1311.0,736.0,6.0,3.0,6.0,3.0,,,2.0,0.0,Completed,1.11,6.5,1.11,6.29,1.12,6.0,1.12,7.55,1.08,7.0,1.14,7.55,1.12,6.21
WTA,2012,33,London,Wimbledon,2012-06-27,Grand Slam,Outdoor,Grass,2nd Round,3,Cirstea S.,Li N.,52.0,11.0,1211.0,3245.0,6.0,3.0,6.0,4.0,,,2.0,0.0,Completed,7.0,1.1,6.5,1.1,6.5,1.11,6.87,1.14,6.0,1.13,7.0,1.14,6.27,1.11
WTA,2012,33,London,Wimbledon,2012-06-28,Grand Slam,Outdoor,Grass,2nd Round,3,Kerber A.,Makarova E.,8.0,44.0,4275.0,1361.0,7.0,5.0,6.0,3.0,,,2.0,0.0,Completed,1.33,3.25,1.34,3.04,1.33,3.25,1.37,3.32,1.33,3.25,1.4,3.4,1.34,3.17
WTA,2012,33,London,Wimbledon,2012-06-28,Grand Slam,Outdoor,Grass,2nd Round,3,Vinci R.,Erakovic M.,23.0,49.0,1965.0,1297.0,6.0,4.0,6.0,3.0,,,2.0,0.0,Completed,1.44,2.62,1.45,2.7,1.44,2.62,1.48,2.86,1.5,2.63,1.53,2.86,1.46,2.67
WTA,2012,33,London,Wimbledon,2012-06-28,Grand Slam,Outdoor,Grass,2nd Round,3,Zheng J.,Wozniak A.,27.0,56.0,1850.0,1180.0,6.0,4.0,6.0,2.0,,,2.0,0.0,Completed,1.9,1.8,1.92,1.85,1.83,1.83,2.12,1.81,2.0,1.8,2.12,1.85,1.97,1.8
WTA,2012,33,London,Wimbledon,2012-06-28,Grand Slam,Outdoor,Grass,2nd Round,3,Errani S.,Keothavong A.,10.0,77.0,3350.0,836.0,6.0,1.0,6.0,1.0,,,2.0,0.0,Completed,1.22,4.0,1.25,3.85,1.22,4.33,1.23,4.77,1.22,4.0,1.25,4.77,1.22,4.2
WTA,2012,33,London,Wimbledon,2012-06-28,Grand Slam,Outdoor,Grass,2nd Round,3,Mchale C.,Johansson M.,32.0,81.0,1750.0,813.0,7.0,5.0,7.0,5.0,,,2.0,0.0,Completed,1.25,3.75,1.25,3.85,1.25,3.75,1.28,4.08,1.29,3.5,1.3,4.2,1.26,3.77
WTA,2012,33,London,Wimbledon,2012-06-28,Grand Slam,Outdoor,Grass,2nd Round,3,Sharapova M.,Pironkova T.,1.0,38.0,9490.0,1520.0,7.0,6.0,6.0,7.0,6.0,0.0,2.0,1.0,Completed,1.07,9.0,1.07,8.0,1.04,10.0,1.08,10.5,1.06,9.0,1.08,13.0,1.06,9.26
WTA,2012,33,London,Wimbledon,2012-06-28,Grand Slam,Outdoor,Grass,2nd Round,3,Williams S.,Czink M.,6.0,98.0,5640.0,692.0,6.0,1.0,6.0,4.0,,,2.0,0.0,Completed,1.02,17.0,1.02,15.0,1.03,11.0,1.05,13.0,1.02,13.0,1.05,17.0,1.03,12.61
WTA,2012,33,London,Wimbledon,2012-06-28,Grand Slam,Outdoor,Grass,2nd Round,3,Goerges J.,Yakimova A.,24.0,110.0,1945.0,632.0,7.0,6.0,6.0,2.0,,,2.0,0.0,Completed,1.12,6.0,1.12,6.0,1.1,6.5,1.13,7.04,1.13,6.0,1.18,7.04,1.12,6.09
WTA,2012,33,London,Wimbledon,2012-06-28,Grand Slam,Outdoor,Grass,2nd Round,3,Zakopalova K.,Govortsova O.,31.0,95.0,1770.0,700.0,2.0,6.0,6.0,1.0,6.0,2.0,2.0,1.0,Completed,1.25,3.75,1.25,3.85,1.25,3.75,1.27,4.22,1.29,3.5,1.33,4.22,1.26,3.76
WTA,2012,33,London,Wimbledon,2012-06-28,Grand Slam,Outdoor,Grass,2nd Round,3,Wickmayer Y.,Voskoboeva G.,36.0,57.0,1640.0,1168.0,4.0,6.0,6.0,3.0,8.0,6.0,2.0,1.0,Completed,1.44,2.62,1.5,2.55,1.4,2.75,1.47,2.93,1.44,2.75,1.51,2.93,1.45,2.69
WTA,2012,33,London,Wimbledon,2012-06-28,Grand Slam,Outdoor,Grass,2nd Round,3,Shvedova Y.,Bertens K.,65.0,86.0,1006.0,770.0,6.0,4.0,6.0,4.0,,,2.0,0.0,Completed,1.61,2.2,1.65,2.2,1.67,2.1,1.74,2.23,1.67,2.2,1.74,2.28,1.66,2.17
WTA,2012,33,London,Wimbledon,2012-06-28,Grand Slam,Outdoor,Grass,2nd Round,3,Ivanovic A.,Bondarenko K.,14.0,66.0,3070.0,997.0,6.0,3.0,7.0,6.0,,,2.0,0.0,Completed,1.2,4.33,1.25,3.85,1.25,4.0,1.25,4.42,1.29,3.5,1.29,4.45,1.25,3.88
WTA,2012,33,London,Wimbledon,2012-06-28,Grand Slam,Outdoor,Grass,2nd Round,3,Paszek T.,Cornet A.,37.0,60.0,1567.0,1117.0,6.0,2.0,6.0,1.0,,,2.0,0.0,Completed,1.28,3.5,1.3,3.4,1.3,3.4,1.31,3.83,1.33,3.25,1.33,3.84,1.3,3.46
WTA,2012,33,London,Wimbledon,2012-06-28,Grand Slam,Outdoor,Grass,2nd Round,3,Lucic M.,Bartoli M.,129.0,9.0,528.0,3800.0,6.0,4.0,6.0,3.0,,,2.0,0.0,Completed,7.0,1.1,6,1.12,7.0,1.1,8.04,1.11,6.0,1.13,9.0,1.13,6.63,1.1
WTA,2012,33,London,Wimbledon,2012-06-28,Grand Slam,Outdoor,Grass,2nd Round,3,Schiavone F.,Pliskova Kr.,26.0,148.0,1930.0,446.0,6.0,4.0,6.0,4.0,,,2.0,0.0,Completed,1.44,2.62,1.5,2.55,1.44,2.62,1.61,2.49,1.5,2.63,1.61,2.7,1.52,2.49
WTA,2012,33,London,Wimbledon,2012-06-28,Grand Slam,Outdoor,Grass,2nd Round,3,Petrova N.,Babos T.,20.0,69.0,2225.0,933.0,6.0,4.0,6.0,7.0,9.0,7.0,2.0,1.0,Completed,1.12,6.0,1.13,6.0,1.12,5.5,1.14,6.69,1.14,5.5,1.15,7.0,1.13,5.92
WTA,2012,33,London,Wimbledon,2012-06-28,Grand Slam,Outdoor,Grass,2nd Round,3,Lepchenko V.,Pavlyuchenkova A.,53.0,30.0,1209.0,1800.0,7.0,6.0,6.0,4.0,,,2.0,0.0,Completed,3.4,1.3,3.45,1.3,3.5,1.29,4.01,1.29,3.25,1.33,4.01,1.33,3.49,1.29
WTA,2012,33,London,Wimbledon,2012-06-28,Grand Slam,Outdoor,Grass,2nd Round,3,Azarenka V.,Oprandi R.,2.0,87.0,8800.0,759.0,6.0,2.0,6.0,0.0,,,2.0,0.0,Completed,1.05,11.0,1.05,9.25,1.05,9.0,1.05,13.0,1.04,11.0,1.06,15.0,1.04,10.77
WTA,2012,33,London,Wimbledon,2012-06-28,Grand Slam,Outdoor,Grass,2nd Round,3,Kvitova P.,Baltacha E.,4.0,101.0,6775.0,678.0,6.0,0.0,6.0,4.0,,,2.0,0.0,Completed,1.08,8.0,1.1,6.5,1.07,8.0,1.11,8.36,1.08,7.5,1.12,10.0,1.08,7.39
WTA,2012,33,London,Wimbledon,2012-06-29,Grand Slam,Outdoor,Grass,2nd Round,3,Cepelova J.,Medina Garrigues A.,178.0,28.0,350.0,1835.0,6.0,7.0,7.0,6.0,6.0,3.0,2.0,1.0,Completed,3.0,1.36,3.1,1.35,3.25,1.33,3.31,1.38,3.25,1.33,3.31,1.46,3.0,1.37
WTA,2012,33,London,Wimbledon,2012-06-29,Grand Slam,Outdoor,Grass,3rd Round,3,Lisicki S.,Stephens S.,15.0,59.0,2697.0,1117.0,7.0,6.0,1.0,6.0,6.0,2.0,2.0,1.0,Completed,1.53,2.5,1.6,2.3,1.57,2.38,1.62,2.49,1.62,2.25,1.63,2.5,1.58,2.36
WTA,2012,33,London,Wimbledon,2012-06-29,Grand Slam,Outdoor,Grass,3rd Round,3,Sharapova M.,Hsieh S.W.,1.0,63.0,9490.0,1031.0,6.0,1.0,6.0,4.0,,,2.0,0.0,Completed,1.03,15.0,1.02,15.0,1.03,11.0,1.03,19.55,1.03,12.0,1.05,19.55,1.03,12.71
WTA,2012,33,London,Wimbledon,2012-06-29,Grand Slam,Outdoor,Grass,3rd Round,3,Kerber A.,Mchale C.,8.0,32.0,4275.0,1750.0,6.0,2.0,6.0,3.0,,,2.0,0.0,Completed,1.18,4.5,1.2,4.25,1.2,4.33,1.26,4.43,1.22,4.0,1.26,4.85,1.22,4.24
WTA,2012,33,London,Wimbledon,2012-06-29,Grand Slam,Outdoor,Grass,3rd Round,3,Peng S.,Rus A.,34.0,72.0,1730.0,880.0,6.0,1.0,6.0,2.0,,,2.0,0.0,Completed,1.57,2.37,1.6,2.3,1.62,2.2,1.64,2.44,1.62,2.25,1.65,2.5,1.59,2.32
WTA,2012,33,London,Wimbledon,2012-06-29,Grand Slam,Outdoor,Grass,3rd Round,3,Clijsters K.,Zvonareva V.,47.0,12.0,1311.0,3160.0,6.0,3.0,4.0,3.0,,,1.0,0.0,Retired,1.22,4.33,1.23,4.0,1.25,4.0,1.25,4.55,1.22,4.0,1.27,4.55,1.23,4.08
WTA,2012,33,London,Wimbledon,2012-06-29,Grand Slam,Outdoor,Grass,3rd Round,3,Radwanska A.,Watson H.,3.0,103.0,7230.0,669.0,6.0,0.0,6.0,2.0,,,2.0,0.0,Completed,1.12,6.0,1.16,4.8,1.17,5.0,1.14,6.92,1.14,5.5,1.17,6.99,1.14,5.64
WTA,2012,33,London,Wimbledon,2012-06-29,Grand Slam,Outdoor,Grass,3rd Round,3,Kirilenko M.,Cirstea S.,19.0,52.0,2295.0,1211.0,6.0,3.0,6.0,1.0,,,2.0,0.0,Completed,1.61,2.25,1.6,2.3,1.57,2.25,1.75,2.23,1.62,2.25,1.75,2.33,1.65,2.2
WTA,2012,33,London,Wimbledon,2012-06-29,Grand Slam,Outdoor,Grass,3rd Round,3,Giorgi C.,Petrova N.,145.0,20.0,449.0,2225.0,6.0,3.0,7.0,6.0,,,2.0,0.0,Completed,3.75,1.28,3.45,1.3,3.5,1.3,3.75,1.33,3.75,1.25,3.8,1.33,3.46,1.3
WTA,2012,33,London,Wimbledon,2012-06-30,Grand Slam,Outdoor,Grass,3rd Round,3,Ivanovic A.,Goerges J.,14.0,24.0,3070.0,1945.0,3.0,6.0,6.0,3.0,6.0,4.0,2.0,1.0,Completed,1.5,2.62,1.5,2.55,1.44,2.62,1.49,2.89,1.53,2.5,1.53,2.9,1.47,2.64
WTA,2012,33,London,Wimbledon,2012-06-30,Grand Slam,Outdoor,Grass,3rd Round,3,Paszek T.,Wickmayer Y.,37.0,36.0,1567.0,1640.0,2.0,6.0,7.0,6.0,7.0,5.0,2.0,1.0,Completed,1.4,2.87,1.45,2.7,1.44,2.75,1.53,2.74,1.44,2.75,1.53,3.35,1.44,2.76
WTA,2012,33,London,Wimbledon,2012-06-30,Grand Slam,Outdoor,Grass,3rd Round,3,Schiavone F.,Zakopalova K.,26.0,31.0,1930.0,1770.0,6.0,0.0,6.0,4.0,,,2.0,0.0,Completed,2.5,1.53,2.4,1.55,2.25,1.57,2.6,1.57,2.38,1.57,2.65,1.6,2.43,1.55
WTA,2012,33,London,Wimbledon,2012-06-30,Grand Slam,Outdoor,Grass,3rd Round,3,Kvitova P.,Lepchenko V.,4.0,53.0,6775.0,1209.0,6.0,1.0,6.0,0.0,,,2.0,0.0,Completed,1.08,8.0,1.1,6.5,1.08,7.5,1.09,9.6,1.08,7.5,1.1,9.6,1.08,7.57
WTA,2012,33,London,Wimbledon,2012-06-30,Grand Slam,Outdoor,Grass,3rd Round,3,Williams S.,Zheng J.,6.0,27.0,5640.0,1850.0,6.0,7.0,6.0,2.0,9.0,7.0,2.0,1.0,Completed,1.08,8.0,1.07,7.12,1.05,9.0,1.09,9.7,1.07,8.0,1.1,10.0,1.07,8.26
WTA,2012,33,London,Wimbledon,2012-06-30,Grand Slam,Outdoor,Grass,3rd Round,3,Azarenka V.,Cepelova J.,2.0,178.0,8800.0,350.0,6.0,3.0,6.0,3.0,,,2.0,0.0,Completed,1.02,19.0,1.02,15.0,1.01,15.0,1.03,21.0,1.03,11.0,1.05,21.0,1.03,13.41
WTA,2012,33,London,Wimbledon,2012-06-30,Grand Slam,Outdoor,Grass,3rd Round,3,Shvedova Y.,Errani S.,65.0,10.0,1006.0,3350.0,6.0,0.0,6.0,4.0,,,2.0,0.0,Completed,2.87,1.4,2.9,1.4,3.0,1.4,2.85,1.5,2.88,1.4,3.0,1.5,2.79,1.43
WTA,2012,33,London,Wimbledon,2012-06-30,Grand Slam,Outdoor,Grass,3rd Round,3,Vinci R.,Lucic M.,23.0,129.0,1965.0,528.0,7.0,6.0,7.0,6.0,,,2.0,0.0,Completed,1.44,2.75,1.45,2.7,1.44,2.75,1.45,3.01,1.44,2.75,1.5,3.06,1.44,2.76
WTA,2012,33,London,Wimbledon,2012-07-02,Grand Slam,Outdoor,Grass,4th Round,3,Paszek T.,Vinci R.,37.0,23.0,1567.0,1965.0,6.0,2.0,6.0,2.0,,,2.0,0.0,Completed,1.57,2.37,1.6,2.3,1.57,2.25,1.66,2.4,1.5,2.63,1.69,2.5,1.58,2.35
WTA,2012,33,London,Wimbledon,2012-07-02,Grand Slam,Outdoor,Grass,4th Round,3,Kvitova P.,Schiavone F.,4.0,26.0,6775.0,1930.0,4.0,6.0,7.0,5.0,6.0,1.0,2.0,1.0,Completed,1.11,6.5,1.12,6.0,1.11,6.0,1.13,7.4,1.13,6.0,1.13,7.4,1.12,6.3
WTA,2012,33,London,Wimbledon,2012-07-02,Grand Slam,Outdoor,Grass,4th Round,3,Williams S.,Shvedova Y.,6.0,65.0,5640.0,1006.0,6.0,1.0,2.0,6.0,7.0,5.0,2.0,1.0,Completed,1.25,4.0,1.23,4.0,1.2,4.33,1.26,4.43,1.13,6.0,1.27,5.0,1.23,4.12
WTA,2012,33,London,Wimbledon,2012-07-02,Grand Slam,Outdoor,Grass,4th Round,3,Lisicki S.,Sharapova M.,15.0,1.0,2697.0,9490.0,6.0,4.0,6.0,3.0,,,2.0,0.0,Completed,6.0,1.12,6,1.12,5.5,1.14,6.61,1.15,5.5,1.14,6.61,1.16,5.72,1.13
WTA,2012,33,London,Wimbledon,2012-07-02,Grand Slam,Outdoor,Grass,4th Round,3,Kirilenko M.,Peng S.,19.0,34.0,2295.0,1730.0,6.0,1.0,6.0,7.0,6.0,3.0,2.0,1.0,Completed,1.66,2.2,1.7,2.12,1.62,2.2,1.67,2.38,1.67,2.2,1.73,2.38,1.66,2.2
WTA,2012,33,London,Wimbledon,2012-07-02,Grand Slam,Outdoor,Grass,4th Round,3,Radwanska A.,Giorgi C.,3.0,145.0,7230.0,449.0,6.0,2.0,6.0,3.0,,,2.0,0.0,Completed,1.12,6.0,1.12,6.0,1.14,5.5,1.15,6.77,1.14,5.5,1.17,6.77,1.13,5.76
WTA,2012,33,London,Wimbledon,2012-07-02,Grand Slam,Outdoor,Grass,4th Round,3,Kerber A.,Clijsters K.,8.0,47.0,4275.0,1311.0,6.0,1.0,6.0,1.0,,,2.0,0.0,Completed,2.1,1.72,2.1,1.7,2.1,1.73,2.38,1.67,2.1,1.73,2.4,1.8,2.11,1.72
WTA,2012,33,London,Wimbledon,2012-07-02,Grand Slam,Outdoor,Grass,4th Round,3,Azarenka V.,Ivanovic A.,2.0,14.0,8800.0,3070.0,6.0,1.0,6.0,0.0,,,2.0,0.0,Completed,1.25,4.0,1.27,3.65,1.25,4.0,1.25,4.6,1.29,3.5,1.29,4.75,1.25,3.93
WTA,2012,33,London,Wimbledon,2012-07-03,Grand Slam,Outdoor,Grass,Quarterfinals,3,Radwanska A.,Kirilenko M.,3.0,19.0,7230.0,2295.0,7.0,5.0,4.0,6.0,7.0,5.0,2.0,1.0,Completed,1.22,4.33,1.2,4.4,1.22,4.33,1.22,4.92,1.22,4.0,1.25,5.4,1.21,4.4
WTA,2012,33,London,Wimbledon,2012-07-03,Grand Slam,Outdoor,Grass,Quarterfinals,3,Williams S.,Kvitova P.,6.0,4.0,5640.0,6775.0,6.0,3.0,7.0,5.0,,,2.0,0.0,Completed,1.61,2.25,1.6,2.3,1.57,2.38,1.68,2.36,1.57,2.38,1.71,2.45,1.61,2.29
WTA,2012,33,London,Wimbledon,2012-07-03,Grand Slam,Outdoor,Grass,Quarterfinals,3,Kerber A.,Lisicki S.,8.0,15.0,4275.0,2697.0,6.0,3.0,6.0,7.0,7.0,5.0,2.0,1.0,Completed,1.5,2.62,1.5,2.55,1.5,2.62,1.52,2.78,1.53,2.5,1.57,2.78,1.5,2.56
WTA,2012,33,London,Wimbledon,2012-07-03,Grand Slam,Outdoor,Grass,Quarterfinals,3,Azarenka V.,Paszek T.,2.0,37.0,8800.0,1567.0,6.0,3.0,7.0,6.0,,,2.0,0.0,Completed,1.2,4.5,1.16,5.0,1.17,5.0,1.18,5.69,1.17,5.0,1.22,5.69,1.17,4.89
WTA,2012,33,London,Wimbledon,2012-07-05,Grand Slam,Outdoor,Grass,Semifinals,3,Radwanska A.,Kerber A.,3.0,8.0,7230.0,4275.0,6.0,3.0,6.0,4.0,,,2.0,0.0,Completed,1.9,1.9,2.12,1.7,2.2,1.67,2.04,1.91,2.2,1.67,2.29,1.91,2.11,1.72
WTA,2012,33,London,Wimbledon,2012-07-05,Grand Slam,Outdoor,Grass,Semifinals,3,Williams S.,Azarenka V.,6.0,2.0,5640.0,8800.0,6.0,3.0,7.0,6.0,,,2.0,0.0,Completed,1.57,2.37,1.55,2.4,1.57,2.38,1.69,2.36,1.62,2.25,1.69,2.45,1.6,2.32
WTA,2012,33,London,Wimbledon,2012-07-07,Grand Slam,Outdoor,Grass,The Final,3,Williams S.,Radwanska A.,6.0,3.0,5640.0,7230.0,6.0,1.0,5.0,7.0,6.0,2.0,2.0,1.0,Completed,1.16,5.5,1.16,5.0,1.17,5.5,1.18,6.01,1.14,6.0,1.22,6.5,1.15,5.42
WTA,2012,44,New York,US Open,2012-08-27,Grand Slam,Outdoor,Hard,1st Round,3,Bartoli M.,Hampton J.,11.0,100.0,3400.0,678.0,6.0,3.0,7.0,6.0,,,2.0,0.0,Completed,1.14,5.5,1.2,4.4,1.17,4.5,1.18,5.63,1.14,5.0,1.2,5.63,1.17,4.9
WTA,2012,44,New York,US Open,2012-08-27,Grand Slam,Outdoor,Hard,1st Round,3,Cirstea S.,Lisicki S.,38.0,23.0,1496.0,1863.0,4.0,6.0,6.0,2.0,6.0,2.0,2.0,1.0,Completed,2.37,1.53,2.4,1.55,2.25,1.57,2.46,1.62,2.25,1.57,2.5,1.7,2.29,1.6
WTA,2012,44,New York,US Open,2012-08-27,Grand Slam,Outdoor,Hard,1st Round,3,Tatishvili A.,Foretz S.,73.0,86.0,895.0,792.0,6.0,2.0,6.0,0.0,,,2.0,0.0,Completed,1.18,4.5,1.25,3.85,1.22,4.0,1.27,4.18,1.25,3.5,1.3,4.55,1.24,3.95
WTA,2012,44,New York,US Open,2012-08-27,Grand Slam,Outdoor,Hard,1st Round,3,Pliskova Kr.,Goerges J.,125.0,21.0,544.0,1970.0,7.0,6.0,6.0,1.0,,,2.0,0.0,Completed,3.75,1.25,3.85,1.25,4.0,1.22,3.73,1.32,4.0,1.2,4.33,1.32,3.7,1.26
WTA,2012,44,New York,US Open,2012-08-27,Grand Slam,Outdoor,Hard,1st Round,3,Hradecka L.,Medina Garrigues A.,69.0,36.0,944.0,1540.0,6.0,3.0,6.0,3.0,,,2.0,0.0,Completed,2.2,1.61,2.12,1.7,2.25,1.57,2.15,1.79,2.5,1.5,2.62,1.8,2.23,1.64
WTA,2012,44,New York,US Open,2012-08-27,Grand Slam,Outdoor,Hard,1st Round,3,Li N.,Watson H.,8.0,71.0,4371.0,933.0,6.0,2.0,6.0,3.0,,,2.0,0.0,Completed,1.05,11.0,1.04,10.0,1.06,8.0,1.04,14.5,1.06,8.0,1.08,14.5,1.05,10.05
WTA,2012,44,New York,US Open,2012-08-27,Grand Slam,Outdoor,Hard,1st Round,3,Minella M.,Rogowska O.,79.0,114.0,845.0,589.0,6.0,2.0,3.0,6.0,6.0,3.0,2.0,1.0,Completed,1.83,1.83,1.88,1.88,1.83,1.83,1.96,1.94,1.83,1.83,2.0,2.0,1.88,1.86
WTA,2012,44,New York,US Open,2012-08-27,Grand Slam,Outdoor,Hard,1st Round,3,Petrova N.,Gajdosova J.,22.0,99.0,1885.0,682.0,6.0,3.0,7.0,6.0,,,2.0,0.0,Completed,1.28,3.5,1.3,3.45,1.22,4.0,1.34,3.58,1.2,4.0,1.34,4.4,1.25,3.84
WTA,2012,44,New York,US Open,2012-08-27,Grand Slam,Outdoor,Hard,1st Round,3,Dellacqua C.,Tsurenko L.,92.0,111.0,745.0,606.0,6.0,2.0,6.0,3.0,,,2.0,0.0,Completed,1.44,2.62,1.45,2.7,1.5,2.5,1.54,2.66,1.5,2.5,1.54,2.7,1.49,2.57
WTA,2012,44,New York,US Open,2012-08-27,Grand Slam,Outdoor,Hard,1st Round,3,Stosur S.,Martic P.,7.0,64.0,5700.0,973.0,6.0,1.0,6.0,1.0,,,2.0,0.0,Completed,1.11,6.5,1.1,6.5,1.11,6.5,1.14,6.81,1.1,6.5,1.14,7.5,1.11,6.33
WTA,2012,44,New York,US Open,2012-08-27,Grand Slam,Outdoor,Hard,1st Round,3,Halep S.,Benesova I.,53.0,63.0,1225.0,975.0,7.0,5.0,7.0,6.0,,,2.0,0.0,Completed,1.36,3.0,1.4,2.9,1.4,2.75,1.4,3.24,1.44,2.63,1.45,3.4,1.39,2.98
WTA,2012,44,New York,US Open,2012-08-27,Grand Slam,Outdoor,Hard,1st Round,3,Lepchenko V.,Johansson M.,32.0,77.0,1600.0,854.0,6.0,3.0,3.0,6.0,7.0,5.0,2.0,1.0,Completed,1.16,5.0,1.2,4.4,1.22,4.0,1.21,5.0,1.14,5.0,1.22,5.4,1.18,4.78
WTA,2012,44,New York,US Open,2012-08-27,Grand Slam,Outdoor,Hard,1st Round,3,Wozniak A.,Cadantu A.,48.0,68.0,1330.0,947.0,6.0,0.0,6.0,3.0,,,2.0,0.0,Completed,1.11,6.5,1.13,5.75,1.11,6.0,1.1,8.95,1.1,6.0,1.15,8.95,1.12,6.4
WTA,2012,44,New York,US Open,2012-08-27,Grand Slam,Outdoor,Hard,1st Round,3,Oprandi R.,Petkovic A.,56.0,37.0,1113.0,1500.0,6.0,2.0,7.0,5.0,,,2.0,0.0,Completed,3.0,1.36,2.7,1.45,2.75,1.4,3.05,1.43,2.63,1.44,3.5,1.55,2.82,1.42
WTA,2012,44,New York,US Open,2012-08-27,Grand Slam,Outdoor,Hard,1st Round,3,Safarova L.,Oudin M.,17.0,107.0,2210.0,615.0,6.0,4.0,6.0,0.0,,,2.0,0.0,Completed,1.12,6.0,1.13,5.75,1.12,5.5,1.15,6.34,1.13,5.5,1.17,6.34,1.13,5.64
WTA,2012,44,New York,US Open,2012-08-27,Grand Slam,Outdoor,Hard,1st Round,3,Dominguez Lino L.,Karatantcheva S.,78.0,84.0,849.0,807.0,6.0,4.0,6.0,1.0,,,2.0,0.0,Completed,2.75,1.4,2.55,1.5,2.5,1.5,2.86,1.48,2.5,1.5,2.86,1.55,2.64,1.47
WTA,2012,44,New York,US Open,2012-08-27,Grand Slam,Outdoor,Hard,1st Round,3,Sharapova M.,Czink M.,3.0,88.0,7695.0,766.0,6.0,2.0,6.0,2.0,,,2.0,0.0,Completed,1.02,17.0,1.01,20.0,1.02,13.0,1.03,18.0,1.02,13.0,1.04,20.0,1.02,14.76
WTA,2012,44,New York,US Open,2012-08-27,Grand Slam,Outdoor,Hard,1st Round,3,Kvitova P.,Hercog P.,5.0,65.0,6415.0,950.0,7.0,6.0,6.0,1.0,,,2.0,0.0,Completed,1.03,15.0,1.04,10.0,1.01,15.0,1.03,17.5,1.03,10.0,1.05,17.5,1.03,12.58
WTA,2012,44,New York,US Open,2012-08-27,Grand Slam,Outdoor,Hard,1st Round,3,Gallovits E.,Voegele S.,135.0,134.0,512.0,512.0,7.0,5.0,6.0,4.0,,,2.0,0.0,Completed,2.37,1.53,2.2,1.65,2.25,1.57,2.36,1.67,2.2,1.62,2.4,1.67,2.26,1.62
WTA,2012,44,New York,US Open,2012-08-27,Grand Slam,Outdoor,Hard,1st Round,3,Burdette M.,Bacsinszky T.,252.0,308.0,230.0,166.0,6.0,4.0,6.0,3.0,,,2.0,0.0,Completed,1.4,2.75,1.45,2.7,1.53,2.38,1.48,2.86,1.5,2.5,1.55,2.9,1.45,2.7
WTA,2012,44,New York,US Open,2012-08-28,Grand Slam,Outdoor,Hard,1st Round,3,Wickmayer Y.,Glushko J.,29.0,160.0,1675.0,386.0,7.0,5.0,6.0,2.0,,,2.0,0.0,Completed,1.28,3.5,1.3,3.45,1.25,3.75,1.32,3.71,1.22,3.75,1.32,3.9,1.28,3.58
WTA,2012,44,New York,US Open,2012-08-28,Grand Slam,Outdoor,Hard,1st Round,3,Cornet A.,Gibbs N.,50.0,242.0,1291.0,244.0,7.0,5.0,6.0,3.0,,,2.0,0.0,Completed,1.44,2.62,1.5,2.55,1.53,2.38,1.54,2.66,1.5,2.5,1.57,2.7,1.51,2.5
WTA,2012,44,New York,US Open,2012-08-28,Grand Slam,Outdoor,Hard,1st Round,3,Rodionova An.,Cohen J.,163.0,101.0,377.0,672.0,6.0,3.0,6.0,0.0,,,2.0,0.0,Completed,1.25,3.75,1.3,3.45,1.33,3.25,1.25,4.46,1.29,3.5,1.33,4.46,1.28,3.66
WTA,2012,44,New York,US Open,2012-08-28,Grand Slam,Outdoor,Hard,1st Round,3,Robson L.,Crawford S.,89.0,393.0,761.0,99.0,6.0,3.0,7.0,6.0,,,2.0,0.0,Completed,1.36,3.0,1.35,3.15,1.33,3.25,1.37,3.41,1.29,3.25,1.41,3.5,1.35,3.18
WTA,2012,44,New York,US Open,2012-08-28,Grand Slam,Outdoor,Hard,1st Round,3,Zheng J.,Razzano V.,28.0,130.0,1676.0,523.0,4.0,6.0,6.0,2.0,,,1.0,1.0,Retired,1.25,3.75,1.3,3.45,1.29,3.5,1.3,3.92,1.29,3.25,1.33,3.95,1.3,3.49
WTA,2012,44,New York,US Open,2012-08-28,Grand Slam,Outdoor,Hard,1st Round,3,Clijsters K.,Duval V.,25.0,562.0,1765.0,48.0,6.0,3.0,6.0,1.0,,,2.0,0.0,Completed,1.02,19.0,1.02,15.0,1.02,13.0,1.02,22.73,1.01,13.0,1.04,33.5,1.02,15.92
WTA,2012,44,New York,US Open,2012-08-28,Grand Slam,Outdoor,Hard,1st Round,3,Pavlyuchenkova A.,Hantuchova D.,20.0,41.0,2075.0,1485.0,6.0,4.0,7.0,6.0,,,2.0,0.0,Completed,1.4,2.75,1.45,2.7,1.4,2.75,1.47,2.9,1.44,2.63,1.5,3.0,1.43,2.77
WTA,2012,44,New York,US Open,2012-08-28,Grand Slam,Outdoor,Hard,1st Round,3,Rybarikova M.,Hsieh S.W.,66.0,57.0,948.0,1047.0,6.0,3.0,2.0,6.0,6.0,3.0,2.0,1.0,Completed,1.4,2.75,1.5,2.55,1.5,2.5,1.51,2.75,1.53,2.38,1.53,2.9,1.46,2.67
WTA,2012,44,New York,US Open,2012-08-28,Grand Slam,Outdoor,Hard,1st Round,3,Flipkens K.,Zahlavova Strycova B.,133.0,60.0,516.0,1017.0,6.0,3.0,3.0,6.0,6.0,3.0,2.0,1.0,Completed,1.36,3.0,1.45,2.7,1.44,2.62,1.42,3.11,1.44,2.63,1.45,3.11,1.42,2.85
WTA,2012,44,New York,US Open,2012-08-28,Grand Slam,Outdoor,Hard,1st Round,3,Azarenka V.,Panova A.,1.0,76.0,9025.0,886.0,6.0,0.0,6.0,1.0,,,2.0,0.0,Completed,1.02,17.0,1.02,15.0,1.01,15.0,1.02,19.5,1.02,15.0,1.04,24.0,1.02,16.18
WTA,2012,44,New York,US Open,2012-08-28,Grand Slam,Outdoor,Hard,1st Round,3,Mladenovic K.,Erakovic M.,150.0,54.0,435.0,1165.0,7.0,5.0,6.0,4.0,,,2.0,0.0,Completed,3.5,1.28,3.45,1.3,3.4,1.3,3.49,1.35,3.5,1.25,3.5,1.35,3.44,1.3
WTA,2012,44,New York,US Open,2012-08-28,Grand Slam,Outdoor,Hard,1st Round,3,Parmentier P.,Krajicek M.,90.0,83.0,760.0,813.0,6.0,2.0,6.0,4.0,,,2.0,0.0,Completed,1.4,2.75,1.45,2.7,1.5,2.5,1.5,2.8,1.5,2.5,1.52,4.25,1.45,2.77
WTA,2012,44,New York,US Open,2012-08-28,Grand Slam,Outdoor,Hard,1st Round,3,Ivanovic A.,Svitolina E.,13.0,176.0,2980.0,350.0,6.0,3.0,6.0,2.0,,,2.0,0.0,Completed,1.14,5.5,1.16,6.0,1.17,5.0,1.15,6.52,1.14,5.0,1.18,7.0,1.14,5.46
WTA,2012,44,New York,US Open,2012-08-28,Grand Slam,Outdoor,Hard,1st Round,3,Arvidsson S.,Date Krumm K.,51.0,103.0,1260.0,648.0,6.0,4.0,6.0,2.0,,,2.0,0.0,Completed,1.22,4.0,1.25,3.85,1.25,3.75,1.23,4.69,1.29,3.25,1.29,4.7,1.23,4.02
WTA,2012,44,New York,US Open,2012-08-28,Grand Slam,Outdoor,Hard,1st Round,3,Makarova E.,Daniilidou E.,42.0,105.0,1482.0,632.0,6.0,1.0,6.0,4.0,,,2.0,0.0,Completed,1.18,4.5,1.2,4.4,1.17,4.5,1.24,4.6,1.2,4.0,1.24,5.0,1.21,4.34
WTA,2012,44,New York,US Open,2012-08-28,Grand Slam,Outdoor,Hard,1st Round,3,Hlavackova A.,Zakopalova K.,82.0,30.0,825.0,1670.0,6.0,4.0,6.0,4.0,,,2.0,0.0,Completed,1.83,1.83,1.88,1.88,1.83,1.83,2.18,1.77,1.91,1.8,2.18,1.91,1.95,1.81
WTA,2012,44,New York,US Open,2012-08-28,Grand Slam,Outdoor,Hard,1st Round,3,Vesnina E.,Peng S.,93.0,34.0,737.0,1580.0,7.0,6.0,6.0,1.0,,,2.0,0.0,Completed,3.25,1.33,3.45,1.3,3.25,1.33,3.64,1.33,3.5,1.25,3.7,1.36,3.37,1.31
WTA,2012,44,New York,US Open,2012-08-28,Grand Slam,Outdoor,Hard,1st Round,3,Suarez Navarro C.,Pervak K.,39.0,70.0,1490.0,941.0,7.0,5.0,1.0,2.0,,,1.0,0.0,Retired,1.72,2.0,1.75,2.05,1.67,2.1,1.83,2.09,1.67,2.1,1.91,2.2,1.74,2.05
WTA,2012,44,New York,US Open,2012-08-28,Grand Slam,Outdoor,Hard,1st Round,3,Radwanska A.,Bratchikova N.,2.0,91.0,8115.0,747.0,6.0,1.0,6.0,1.0,,,2.0,0.0,Completed,1.07,9.0,1.06,8.5,1.07,8.0,1.07,10.85,1.06,8.0,1.08,11.37,1.06,8.74
WTA,2012,44,New York,US Open,2012-08-28,Grand Slam,Outdoor,Hard,1st Round,3,Voskoboeva G.,Rus A.,80.0,61.0,837.0,1010.0,6.0,1.0,6.0,3.0,,,2.0,0.0,Completed,1.72,2.0,1.8,1.98,1.83,1.83,1.76,2.19,1.8,1.91,1.93,2.19,1.78,1.99
WTA,2012,44,New York,US Open,2012-08-28,Grand Slam,Outdoor,Hard,1st Round,3,Jovanovski B.,Barthel M.,72.0,35.0,911.0,1556.0,4.0,6.0,7.0,5.0,6.0,2.0,2.0,1.0,Completed,4.0,1.22,3.85,1.25,3.5,1.29,3.85,1.31,3.5,1.25,4.2,1.31,3.7,1.27
WTA,2012,44,New York,US Open,2012-08-28,Grand Slam,Outdoor,Hard,1st Round,3,Arruabarrena-Vecino L.,Peer S.,115.0,62.0,587.0,990.0,6.0,4.0,7.0,6.0,,,2.0,0.0,Completed,2.0,1.72,1.98,1.8,2.0,1.73,2.07,1.85,1.83,1.83,2.15,1.91,2.03,1.75
WTA,2012,44,New York,US Open,2012-08-28,Grand Slam,Outdoor,Hard,1st Round,3,Morita A.,Niculescu M.,95.0,33.0,720.0,1581.0,6.0,3.0,6.0,3.0,,,2.0,0.0,Completed,1.83,1.83,1.85,1.92,1.83,1.83,1.81,2.11,2.0,1.73,2.0,2.11,1.83,1.93
WTA,2012,44,New York,US Open,2012-08-28,Grand Slam,Outdoor,Hard,1st Round,3,Vinci R.,Radwanska U.,19.0,43.0,2085.0,1440.0,6.0,1.0,6.0,1.0,,,2.0,0.0,Completed,1.36,3.0,1.35,3.15,1.36,3.0,1.33,3.64,1.4,2.75,1.45,3.64,1.35,3.13
WTA,2012,44,New York,US Open,2012-08-28,Grand Slam,Outdoor,Hard,1st Round,3,Cibulkova D.,Larsson J.,14.0,85.0,2945.0,806.0,6.0,7.0,6.0,2.0,6.0,0.0,2.0,1.0,Completed,1.3,3.4,1.3,3.45,1.33,3.25,1.36,3.44,1.25,3.5,1.5,3.5,1.33,3.25
WTA,2012,44,New York,US Open,2012-08-28,Grand Slam,Outdoor,Hard,1st Round,3,Dushevina V.,Burnett N.,104.0,153.0,637.0,426.0,6.0,0.0,6.0,3.0,,,2.0,0.0,Completed,1.53,2.37,1.55,2.4,1.57,2.25,1.65,2.4,1.5,2.5,1.67,2.5,1.59,2.32
WTA,2012,44,New York,US Open,2012-08-28,Grand Slam,Outdoor,Hard,1st Round,3,Kerber A.,Keothavong A.,6.0,81.0,5705.0,831.0,6.0,2.0,6.0,0.0,,,2.0,0.0,Completed,1.03,15.0,1.03,12.0,1.02,13.0,1.03,18.76,1.02,13.0,1.04,19.91,1.03,13.81
WTA,2012,44,New York,US Open,2012-08-28,Grand Slam,Outdoor,Hard,1st Round,3,Shvedova Y.,King V.,45.0,52.0,1419.0,1225.0,6.0,4.0,6.0,2.0,,,2.0,0.0,Completed,1.57,2.25,1.65,2.2,1.62,2.2,1.62,2.45,1.5,2.5,1.67,2.5,1.61,2.28
WTA,2012,44,New York,US Open,2012-08-28,Grand Slam,Outdoor,Hard,1st Round,3,Konta J.,Babos T.,203.0,59.0,299.0,1034.0,6.0,2.0,7.0,5.0,,,2.0,0.0,Completed,3.0,1.36,3.15,1.35,3.0,1.36,3.18,1.41,2.75,1.4,3.2,1.45,2.97,1.38
WTA,2012,44,New York,US Open,2012-08-28,Grand Slam,Outdoor,Hard,1st Round,3,Pironkova T.,Giorgi C.,55.0,87.0,1145.0,767.0,6.0,3.0,6.0,4.0,,,2.0,0.0,Completed,1.57,2.25,1.6,2.3,1.57,2.25,1.67,2.36,1.57,2.25,1.67,2.45,1.59,2.3
WTA,2012,44,New York,US Open,2012-08-28,Grand Slam,Outdoor,Hard,1st Round,3,Jankovic J.,Bondarenko K.,27.0,110.0,1681.0,608.0,6.0,1.0,6.0,2.0,,,2.0,0.0,Completed,1.28,3.5,1.3,3.45,1.29,3.5,1.35,3.52,1.25,3.5,1.36,3.75,1.31,3.42
WTA,2012,44,New York,US Open,2012-08-28,Grand Slam,Outdoor,Hard,1st Round,3,Williams V.,Mattek-Sands B.,46.0,212.0,1370.0,286.0,6.0,3.0,6.0,1.0,,,2.0,0.0,Completed,1.07,9.0,1.06,8.5,1.08,7.5,1.07,11.25,1.07,7.0,1.08,12.7,1.06,8.83
WTA,2012,44,New York,US Open,2012-08-28,Grand Slam,Outdoor,Hard,1st Round,3,Soler Espinosa S.,Kudryavtseva A.,58.0,144.0,1035.0,467.0,6.0,3.0,6.0,2.0,,,2.0,0.0,Completed,1.83,1.83,1.8,2.0,1.8,1.91,1.74,2.23,1.83,1.83,1.92,2.4,1.75,2.03
WTA,2012,44,New York,US Open,2012-08-28,Grand Slam,Outdoor,Hard,1st Round,3,Puchkova O.,Falconi I.,143.0,109.0,470.0,610.0,7.0,6.0,6.0,7.0,6.0,3.0,2.0,1.0,Completed,1.83,1.83,1.85,1.92,1.83,1.83,2.03,1.88,1.73,2.0,2.03,2.0,1.86,1.88
WTA,2012,44,New York,US Open,2012-08-28,Grand Slam,Outdoor,Hard,1st Round,3,Errani S.,Muguruza G.,10.0,98.0,3860.0,698.0,6.0,3.0,6.0,7.0,6.0,1.0,2.0,1.0,Completed,1.1,7.0,1.1,6.5,1.08,7.0,1.1,8.7,1.13,5.5,1.13,9.0,1.1,7.05
WTA,2012,44,New York,US Open,2012-08-28,Grand Slam,Outdoor,Hard,1st Round,3,Govortsova O.,Paszek T.,67.0,31.0,947.0,1603.0,6.0,3.0,6.0,4.0,,,2.0,0.0,Completed,1.83,1.83,2,1.8,2.0,1.73,1.86,2.05,2.0,1.73,2.25,2.05,1.92,1.83
WTA,2012,44,New York,US Open,2012-08-28,Grand Slam,Outdoor,Hard,1st Round,3,Stephens S.,Schiavone F.,44.0,26.0,1419.0,1716.0,6.0,3.0,6.0,4.0,,,2.0,0.0,Completed,1.57,2.25,1.6,2.3,1.62,2.25,1.69,2.3,1.57,2.25,1.69,2.55,1.58,2.35
WTA,2012,44,New York,US Open,2012-08-28,Grand Slam,Outdoor,Hard,1st Round,3,Arn G.,Szavay A.,121.0,1166.0,554.0,3.0,6.0,4.0,3.0,2.0,,,1.0,0.0,Retired,2.1,1.66,2.12,1.7,2.1,1.67,2.5,1.6,1.91,1.8,2.5,1.85,2.23,1.63
WTA,2012,44,New York,US Open,2012-08-29,Grand Slam,Outdoor,Hard,1st Round,3,Kirilenko M.,Scheepers C.,12.0,40.0,3055.0,1485.0,6.0,2.0,6.0,1.0,,,2.0,0.0,Completed,1.25,3.75,1.18,4.75,1.22,4.0,1.26,4.29,1.2,4.0,1.26,4.75,1.22,4.17
WTA,2012,44,New York,US Open,2012-08-29,Grand Slam,Outdoor,Hard,1st Round,3,Martinez-Sanchez M.J.,Lucic M.,108.0,94.0,612.0,721.0,6.0,3.0,7.0,5.0,,,2.0,0.0,Completed,1.57,2.25,1.7,2.12,1.73,2.0,1.69,2.3,1.73,2.0,1.75,2.3,1.67,2.16
WTA,2012,44,New York,US Open,2012-08-29,Grand Slam,Outdoor,Hard,1st Round,3,Begu I.,Wozniacki C.,96.0,9.0,710.0,4335.0,6.0,2.0,6.0,2.0,,,2.0,0.0,Completed,9.0,1.07,8,1.07,8.5,1.05,11.75,1.06,8.0,1.06,11.75,1.09,8.69,1.06
WTA,2012,44,New York,US Open,2012-08-29,Grand Slam,Outdoor,Hard,1st Round,3,Malek T.,Amanmuradova A.,141.0,119.0,472.0,563.0,4.0,6.0,6.0,2.0,6.0,4.0,2.0,1.0,Completed,1.83,1.83,1.8,2.0,1.8,1.91,1.97,1.93,1.67,2.1,2.01,2.1,1.85,1.91
WTA,2012,44,New York,US Open,2012-08-29,Grand Slam,Outdoor,Hard,1st Round,3,Bertens K.,Mchale C.,74.0,24.0,892.0,1780.0,6.0,4.0,4.0,6.0,6.0,3.0,2.0,1.0,Completed,3.75,1.25,3.85,1.25,3.5,1.3,5.23,1.2,2.88,1.36,5.23,1.36,3.95,1.25
WTA,2012,44,New York,US Open,2012-08-29,Grand Slam,Outdoor,Hard,1st Round,3,Williams S.,Vandeweghe C.,4.0,75.0,7300.0,889.0,6.0,1.0,6.0,1.0,,,2.0,0.0,Completed,1.02,19.0,1.02,15.0,1.02,13.0,1.02,26.0,1.01,15.0,1.03,32.25,1.02,15.82
WTA,2012,44,New York,US Open,2012-08-29,Grand Slam,Outdoor,Hard,2nd Round,3,Burdette M.,Hradecka L.,252.0,69.0,230.0,944.0,6.0,2.0,6.0,4.0,,,2.0,0.0,Completed,2.25,1.57,2.4,1.55,2.38,1.53,2.53,1.59,2.25,1.62,2.9,1.71,2.34,1.58
WTA,2012,44,New York,US Open,2012-08-29,Grand Slam,Outdoor,Hard,2nd Round,3,Zheng J.,Rybarikova M.,28.0,66.0,1676.0,948.0,6.0,3.0,6.0,1.0,,,2.0,0.0,Completed,2.0,1.72,1.92,1.85,2.0,1.73,2.18,1.77,2.0,1.8,2.2,1.93,2.02,1.76
WTA,2012,44,New York,US Open,2012-08-29,Grand Slam,Outdoor,Hard,2nd Round,3,Safarova L.,Wozniak A.,17.0,48.0,2210.0,1330.0,6.0,3.0,4.0,6.0,6.0,2.0,2.0,1.0,Completed,1.53,2.37,1.55,2.4,1.5,2.5,1.59,2.52,1.62,2.25,1.67,2.65,1.56,2.4
WTA,2012,44,New York,US Open,2012-08-29,Grand Slam,Outdoor,Hard,2nd Round,3,Petrova N.,Halep S.,22.0,53.0,1885.0,1225.0,6.0,1.0,6.0,1.0,,,2.0,0.0,Completed,1.5,2.5,1.5,2.55,1.44,2.62,1.61,2.48,1.53,2.5,1.61,2.69,1.52,2.48
WTA,2012,44,New York,US Open,2012-08-29,Grand Slam,Outdoor,Hard,2nd Round,3,Azarenka V.,Flipkens K.,1.0,133.0,9025.0,516.0,6.0,2.0,6.0,2.0,,,2.0,0.0,Completed,1.02,19.0,1.02,15.0,1.01,17.0,1.01,28.5,1.02,13.0,1.03,34.0,1.02,16.99
WTA,2012,44,New York,US Open,2012-08-29,Grand Slam,Outdoor,Hard,2nd Round,3,Lepchenko V.,Rodionova An.,32.0,163.0,1600.0,377.0,6.0,2.0,6.0,2.0,,,2.0,0.0,Completed,1.5,2.5,1.5,2.55,1.53,2.38,1.5,2.8,1.57,2.38,1.65,2.8,1.52,2.5
WTA,2012,44,New York,US Open,2012-08-29,Grand Slam,Outdoor,Hard,2nd Round,3,Minella M.,Pliskova Kr.,79.0,125.0,845.0,544.0,6.0,4.0,6.0,4.0,,,2.0,0.0,Completed,3.0,1.36,2.9,1.4,2.62,1.44,2.97,1.45,2.63,1.5,3.2,1.5,2.85,1.41
WTA,2012,44,New York,US Open,2012-08-29,Grand Slam,Outdoor,Hard,2nd Round,3,Parmentier P.,Wickmayer Y.,90.0,29.0,760.0,1675.0,7.0,6.0,6.0,3.0,,,2.0,0.0,Completed,4.0,1.22,4,1.23,4.33,1.2,4.48,1.25,4.0,1.22,5.25,1.25,4.19,1.22
WTA,2012,44,New York,US Open,2012-08-29,Grand Slam,Outdoor,Hard,2nd Round,3,Kvitova P.,Cornet A.,5.0,50.0,6415.0,1291.0,6.0,4.0,6.0,3.0,,,2.0,0.0,Completed,1.05,11.0,1.04,10.0,1.04,10.0,1.04,15.0,1.05,9.0,1.05,16.0,1.04,11.05
WTA,2012,44,New York,US Open,2012-08-29,Grand Slam,Outdoor,Hard,2nd Round,3,Li N.,Dellacqua C.,8.0,92.0,4371.0,745.0,6.0,4.0,6.0,4.0,,,2.0,0.0,Completed,1.06,10.0,1.07,8.0,1.05,9.0,1.06,12.25,1.07,8.0,1.1,13.0,1.06,9.23
WTA,2012,44,New York,US Open,2012-08-29,Grand Slam,Outdoor,Hard,2nd Round,3,Tatishvili A.,Cirstea S.,73.0,38.0,895.0,1496.0,6.0,7.0,6.0,1.0,6.0,2.0,2.0,1.0,Completed,2.75,1.4,2.9,1.4,2.62,1.44,2.74,1.52,2.63,1.5,4.6,1.53,2.84,1.42
WTA,2012,44,New York,US Open,2012-08-29,Grand Slam,Outdoor,Hard,2nd Round,3,Mladenovic K.,Pavlyuchenkova A.,150.0,20.0,435.0,2075.0,6.0,1.0,6.0,2.0,,,2.0,0.0,Completed,6.5,1.11,6.5,1.1,5.5,1.12,7.21,1.13,6.0,1.13,8.0,1.14,6.42,1.11
WTA,2012,44,New York,US Open,2012-08-29,Grand Slam,Outdoor,Hard,2nd Round,3,Robson L.,Clijsters K.,89.0,25.0,761.0,1765.0,7.0,6.0,7.0,6.0,,,2.0,0.0,Completed,9.0,1.07,8,1.07,7.5,1.08,9.65,1.08,7.5,1.08,11.4,1.1,8.68,1.06
WTA,2012,44,New York,US Open,2012-08-29,Grand Slam,Outdoor,Hard,2nd Round,3,Bartoli M.,Oprandi R.,11.0,56.0,3400.0,1113.0,6.0,2.0,1.0,6.0,7.0,5.0,2.0,1.0,Completed,1.36,3.0,1.3,3.45,1.3,3.4,1.36,3.44,1.36,3.0,1.38,3.55,1.34,3.22
WTA,2012,44,New York,US Open,2012-08-29,Grand Slam,Outdoor,Hard,2nd Round,3,Stosur S.,Gallovits E.,7.0,135.0,5700.0,512.0,6.0,3.0,6.0,0.0,,,2.0,0.0,Completed,1.04,13.0,1.04,10.0,1.03,11.0,1.04,15.0,1.05,9.0,1.07,15.0,1.04,11.3
WTA,2012,44,New York,US Open,2012-08-30,Grand Slam,Outdoor,Hard,2nd Round,3,Sharapova M.,Dominguez Lino L.,3.0,78.0,7695.0,849.0,6.0,0.0,6.0,1.0,,,2.0,0.0,Completed,1.02,17.0,1.01,20.0,1.01,21.0,1.01,41.0,1.02,15.0,1.02,41.0,1.01,18.17
WTA,2012,44,New York,US Open,2012-08-30,Grand Slam,Outdoor,Hard,2nd Round,3,Cibulkova D.,Jovanovski B.,14.0,72.0,2945.0,911.0,7.0,6.0,7.0,6.0,,,2.0,0.0,Completed,1.25,3.75,1.28,3.6,1.25,3.75,1.29,3.97,1.29,3.5,1.33,4.5,1.28,3.62
WTA,2012,44,New York,US Open,2012-08-30,Grand Slam,Outdoor,Hard,2nd Round,3,Kirilenko M.,Arn G.,12.0,121.0,3055.0,554.0,6.0,3.0,6.0,2.0,,,2.0,0.0,Completed,1.04,13.0,1.05,9.0,1.05,9.0,1.04,15.0,1.05,9.0,1.09,15.0,1.04,10.46
WTA,2012,44,New York,US Open,2012-08-30,Grand Slam,Outdoor,Hard,2nd Round,3,Ivanovic A.,Arvidsson S.,13.0,51.0,2980.0,1260.0,6.0,2.0,6.0,2.0,,,2.0,0.0,Completed,1.22,4.0,1.25,3.85,1.25,4.0,1.33,3.64,1.22,4.0,1.33,4.3,1.26,3.8
WTA,2012,44,New York,US Open,2012-08-30,Grand Slam,Outdoor,Hard,2nd Round,3,Hlavackova A.,Voskoboeva G.,82.0,80.0,825.0,837.0,6.0,2.0,6.0,7.0,6.0,3.0,2.0,1.0,Completed,1.8,1.9,1.85,1.92,1.8,1.91,1.91,2.01,1.9,1.9,2.0,2.06,1.83,1.93
WTA,2012,44,New York,US Open,2012-08-30,Grand Slam,Outdoor,Hard,2nd Round,3,Jankovic J.,Arruabarrena-Vecino L.,27.0,115.0,1681.0,587.0,6.0,4.0,6.0,2.0,,,2.0,0.0,Completed,1.14,5.5,1.13,5.75,1.17,4.5,1.19,5.42,1.17,5.0,1.21,5.9,1.17,4.96
WTA,2012,44,New York,US Open,2012-08-30,Grand Slam,Outdoor,Hard,2nd Round,3,Pironkova T.,Morita A.,55.0,95.0,1145.0,720.0,7.0,5.0,6.0,2.0,,,2.0,0.0,Completed,1.5,2.5,1.5,2.55,1.44,2.62,1.5,2.8,1.5,2.5,1.57,3.05,1.47,2.63
WTA,2012,44,New York,US Open,2012-08-30,Grand Slam,Outdoor,Hard,2nd Round,3,Makarova E.,Vesnina E.,42.0,93.0,1482.0,737.0,6.0,3.0,6.0,4.0,,,2.0,0.0,Completed,1.4,2.75,1.4,2.9,1.36,3.0,1.5,2.8,1.36,3.0,1.5,3.15,1.41,2.85
WTA,2012,44,New York,US Open,2012-08-30,Grand Slam,Outdoor,Hard,2nd Round,3,Soler Espinosa S.,Begu I.,58.0,96.0,1035.0,710.0,6.0,4.0,7.0,6.0,,,2.0,0.0,Completed,2.62,1.44,2.55,1.5,2.38,1.53,2.59,1.57,2.5,1.5,2.93,1.59,2.51,1.51
WTA,2012,44,New York,US Open,2012-08-30,Grand Slam,Outdoor,Hard,2nd Round,3,Radwanska A.,Suarez Navarro C.,2.0,39.0,8115.0,1490.0,4.0,6.0,6.0,3.0,6.0,0.0,2.0,1.0,Completed,1.08,8.0,1.08,6.75,1.07,8.0,1.11,8.36,1.07,8.0,1.12,11.5,1.09,7.47
WTA,2012,44,New York,US Open,2012-08-30,Grand Slam,Outdoor,Hard,2nd Round,3,Vinci R.,Shvedova Y.,19.0,45.0,2085.0,1419.0,3.0,6.0,7.0,5.0,7.0,5.0,2.0,1.0,Completed,1.57,2.25,1.6,2.3,1.57,2.25,1.71,2.27,1.62,2.25,1.71,2.34,1.62,2.25
WTA,2012,44,New York,US Open,2012-08-30,Grand Slam,Outdoor,Hard,2nd Round,3,Stephens S.,Malek T.,44.0,141.0,1419.0,472.0,5.0,7.0,6.0,4.0,6.0,2.0,2.0,1.0,Completed,1.14,5.5,1.12,6.0,1.14,5.5,1.16,6.05,1.17,5.0,1.21,7.9,1.14,5.5
WTA,2012,44,New York,US Open,2012-08-30,Grand Slam,Outdoor,Hard,2nd Round,3,Williams S.,Martinez-Sanchez M.J.,4.0,108.0,7300.0,612.0,6.0,2.0,6.0,4.0,,,2.0,0.0,Completed,1.02,19.0,1.01,20.0,1.01,21.0,1.02,26.0,1.01,15.0,1.04,26.0,1.02,16.9
WTA,2012,44,New York,US Open,2012-08-30,Grand Slam,Outdoor,Hard,2nd Round,3,Govortsova O.,Konta J.,67.0,203.0,947.0,299.0,2.0,6.0,6.0,2.0,7.0,5.0,2.0,1.0,Completed,1.36,3.0,1.4,2.9,1.36,3.0,1.4,3.22,1.44,2.75,1.45,3.25,1.37,3.04
WTA,2012,44,New York,US Open,2012-08-30,Grand Slam,Outdoor,Hard,2nd Round,3,Puchkova O.,Bertens K.,143.0,74.0,470.0,892.0,5.0,7.0,6.0,2.0,7.0,5.0,2.0,1.0,Completed,3.5,1.28,3.15,1.35,3.0,1.36,3.73,1.32,3.0,1.36,3.73,1.37,3.3,1.33
WTA,2012,44,New York,US Open,2012-08-31,Grand Slam,Outdoor,Hard,2nd Round,3,Errani S.,Dushevina V.,10.0,104.0,3860.0,637.0,6.0,0.0,6.0,1.0,,,2.0,0.0,Completed,1.18,4.5,1.16,5.0,1.17,5.0,1.2,5.23,1.17,5.0,1.2,7.0,1.17,5.04
WTA,2012,44,New York,US Open,2012-08-31,Grand Slam,Outdoor,Hard,2nd Round,3,Kerber A.,Williams V.,6.0,46.0,5705.0,1370.0,6.0,2.0,5.0,7.0,7.0,5.0,2.0,1.0,Completed,1.5,2.5,1.5,2.55,1.57,2.38,1.53,2.69,1.53,2.5,1.65,2.69,1.54,2.44
WTA,2012,44,New York,US Open,2012-08-31,Grand Slam,Outdoor,Hard,3rd Round,3,Robson L.,Li N.,89.0,8.0,761.0,4371.0,6.0,4.0,6.0,7.0,6.0,2.0,2.0,1.0,Completed,6.5,1.11,5.75,1.13,6.0,1.12,6.92,1.14,6.0,1.13,7.2,1.15,6.1,1.12
WTA,2012,44,New York,US Open,2012-08-31,Grand Slam,Outdoor,Hard,3rd Round,3,Bartoli M.,Mladenovic K.,11.0,150.0,3400.0,435.0,6.0,2.0,6.0,4.0,,,2.0,0.0,Completed,1.2,4.0,1.25,3.85,1.25,4.0,1.26,4.47,1.25,3.75,1.29,4.84,1.24,4.01
WTA,2012,44,New York,US Open,2012-08-31,Grand Slam,Outdoor,Hard,3rd Round,3,Stosur S.,Lepchenko V.,7.0,32.0,5700.0,1600.0,7.0,6.0,6.0,2.0,,,2.0,0.0,Completed,1.18,4.5,1.18,4.75,1.17,5.0,1.24,4.76,1.17,5.0,1.24,5.3,1.19,4.53
WTA,2012,44,New York,US Open,2012-08-31,Grand Slam,Outdoor,Hard,3rd Round,3,Kvitova P.,Parmentier P.,5.0,90.0,6415.0,760.0,6.0,4.0,6.0,4.0,,,2.0,0.0,Completed,1.03,15.0,1.05,9.0,1.04,10.0,1.04,17.0,1.06,8.0,1.06,19.0,1.03,11.83
WTA,2012,44,New York,US Open,2012-08-31,Grand Slam,Outdoor,Hard,3rd Round,3,Petrova N.,Safarova L.,22.0,17.0,1885.0,2210.0,6.0,4.0,7.0,5.0,,,2.0,0.0,Completed,2.0,1.72,1.95,1.82,2.0,1.8,2.02,1.91,2.0,1.8,2.05,1.95,1.95,1.83
WTA,2012,44,New York,US Open,2012-08-31,Grand Slam,Outdoor,Hard,3rd Round,3,Sharapova M.,Burdette M.,3.0,252.0,7695.0,230.0,6.0,1.0,6.0,1.0,,,2.0,0.0,Completed,1.02,19.0,1.03,12.0,1.02,13.0,1.03,21.0,1.02,13.0,1.04,21.0,1.03,13.42
WTA,2012,44,New York,US Open,2012-09-01,Grand Slam,Outdoor,Hard,3rd Round,3,Tatishvili A.,Minella M.,73.0,79.0,895.0,845.0,7.0,5.0,6.0,0.0,,,2.0,0.0,Completed,1.28,3.5,1.3,3.45,1.33,3.4,1.36,3.5,1.33,3.25,1.36,3.55,1.32,3.33
WTA,2012,44,New York,US Open,2012-09-01,Grand Slam,Outdoor,Hard,3rd Round,3,Azarenka V.,Zheng J.,1.0,28.0,9025.0,1676.0,6.0,0.0,6.0,1.0,,,2.0,0.0,Completed,1.06,10.0,1.07,8.0,1.06,8.5,1.06,13.0,1.07,8.0,1.08,13.0,1.06,9.17
WTA,2012,44,New York,US Open,2012-09-01,Grand Slam,Outdoor,Hard,3rd Round,3,Vinci R.,Cibulkova D.,19.0,14.0,2085.0,2945.0,6.0,2.0,7.0,5.0,,,2.0,0.0,Completed,1.53,2.37,1.6,2.3,1.62,2.25,1.69,2.33,1.57,2.38,1.85,2.46,1.62,2.27
WTA,2012,44,New York,US Open,2012-09-01,Grand Slam,Outdoor,Hard,3rd Round,3,Radwanska A.,Jankovic J.,2.0,27.0,8115.0,1681.0,6.0,3.0,7.0,5.0,,,2.0,0.0,Completed,1.4,2.75,1.45,2.7,1.44,2.75,1.42,3.15,1.4,2.88,1.46,3.45,1.41,2.86
WTA,2012,44,New York,US Open,2012-09-01,Grand Slam,Outdoor,Hard,3rd Round,3,Williams S.,Makarova E.,4.0,42.0,7300.0,1482.0,6.0,4.0,6.0,0.0,,,2.0,0.0,Completed,1.05,11.0,1.04,10.0,1.05,9.0,1.06,12.0,1.05,9.0,1.09,12.5,1.05,9.61
WTA,2012,44,New York,US Open,2012-09-01,Grand Slam,Outdoor,Hard,3rd Round,3,Hlavackova A.,Kirilenko M.,82.0,12.0,825.0,3055.0,5.0,7.0,6.0,4.0,6.0,4.0,2.0,1.0,Completed,6.0,1.12,5.75,1.13,5.5,1.12,7.47,1.13,5.5,1.14,7.47,1.17,5.73,1.14
WTA,2012,44,New York,US Open,2012-09-01,Grand Slam,Outdoor,Hard,3rd Round,3,Pironkova T.,Soler Espinosa S.,55.0,58.0,1145.0,1035.0,6.0,1.0,6.0,7.0,6.0,3.0,2.0,1.0,Completed,1.53,2.37,1.5,2.55,1.57,2.38,1.59,2.56,1.62,2.25,1.63,2.75,1.55,2.42
WTA,2012,44,New York,US Open,2012-09-01,Grand Slam,Outdoor,Hard,3rd Round,3,Kerber A.,Govortsova O.,6.0,67.0,5705.0,947.0,6.0,1.0,6.0,2.0,,,2.0,0.0,Completed,1.04,13.0,1.05,9.0,1.05,9.0,1.07,12.0,1.05,9.0,1.08,13.0,1.05,10.22
WTA,2012,44,New York,US Open,2012-09-01,Grand Slam,Outdoor,Hard,3rd Round,3,Errani S.,Puchkova O.,10.0,143.0,3860.0,470.0,6.0,1.0,6.0,1.0,,,2.0,0.0,Completed,1.04,13.0,1.05,9.0,1.05,9.0,1.08,10.75,1.05,9.0,1.08,13.0,1.05,10.13
WTA,2012,44,New York,US Open,2012-09-02,Grand Slam,Outdoor,Hard,3rd Round,3,Ivanovic A.,Stephens S.,13.0,44.0,2980.0,1419.0,6.0,7.0,6.0,4.0,6.0,2.0,2.0,1.0,Completed,1.4,2.75,1.42,2.85,1.44,2.75,1.54,2.7,1.36,3.0,1.54,3.05,1.43,2.78
WTA,2012,44,New York,US Open,2012-09-02,Grand Slam,Outdoor,Hard,4th Round,3,Stosur S.,Robson L.,7.0,89.0,5700.0,761.0,6.0,4.0,6.0,4.0,,,2.0,0.0,Completed,1.33,3.25,1.35,3.15,1.33,3.25,1.36,3.5,1.33,3.25,1.38,3.53,1.34,3.24
WTA,2012,44,New York,US Open,2012-09-02,Grand Slam,Outdoor,Hard,4th Round,3,Bartoli M.,Kvitova P.,11.0,5.0,3400.0,6415.0,1.0,6.0,6.0,2.0,6.0,0.0,2.0,1.0,Completed,5.0,1.16,4.4,1.2,4.5,1.2,5.45,1.2,5.0,1.17,6.0,1.22,4.75,1.18
WTA,2012,44,New York,US Open,2012-09-03,Grand Slam,Outdoor,Hard,4th Round,3,Azarenka V.,Tatishvili A.,1.0,73.0,9025.0,895.0,6.0,2.0,6.0,2.0,,,2.0,0.0,Completed,1.02,19.0,1.02,15.0,1.02,13.0,1.02,24.0,1.02,13.0,1.03,26.85,1.02,16.27
WTA,2012,44,New York,US Open,2012-09-03,Grand Slam,Outdoor,Hard,4th Round,3,Sharapova M.,Petrova N.,3.0,22.0,7695.0,1885.0,6.0,1.0,4.0,6.0,6.0,4.0,2.0,1.0,Completed,1.08,8.0,1.08,6.75,1.1,7.0,1.12,7.83,1.1,7.0,1.13,9.3,1.09,7.07
WTA,2012,44,New York,US Open,2012-09-03,Grand Slam,Outdoor,Hard,4th Round,3,Ivanovic A.,Pironkova T.,13.0,55.0,2980.0,1145.0,6.0,0.0,6.0,4.0,,,2.0,0.0,Completed,1.28,3.75,1.3,3.45,1.29,3.75,1.31,3.93,1.25,3.75,1.33,3.95,1.28,3.61
WTA,2012,44,New York,US Open,2012-09-03,Grand Slam,Outdoor,Hard,4th Round,3,Williams S.,Hlavackova A.,4.0,82.0,7300.0,825.0,6.0,0.0,6.0,0.0,,,2.0,0.0,Completed,1.02,19.0,1.02,10.5,1.02,13.0,1.02,26.0,1.02,13.0,1.04,26.0,1.02,15.63
WTA,2012,44,New York,US Open,2012-09-03,Grand Slam,Outdoor,Hard,4th Round,3,Errani S.,Kerber A.,10.0,6.0,3860.0,5705.0,7.0,6.0,6.0,3.0,,,2.0,0.0,Completed,4.33,1.22,4,1.23,4.33,1.2,4.4,1.26,4.0,1.22,4.8,1.27,4.15,1.22
WTA,2012,44,New York,US Open,2012-09-03,Grand Slam,Outdoor,Hard,4th Round,3,Vinci R.,Radwanska A.,19.0,2.0,2085.0,8115.0,6.0,1.0,6.0,4.0,,,2.0,0.0,Completed,3.25,1.36,3.15,1.35,3.0,1.36,3.04,1.45,3.0,1.36,3.5,1.45,3.08,1.37
WTA,2012,44,New York,US Open,2012-09-04,Grand Slam,Outdoor,Hard,Quarterfinals,3,Azarenka V.,Stosur S.,1.0,7.0,9025.0,5700.0,6.0,1.0,4.0,6.0,7.0,6.0,2.0,1.0,Completed,1.2,4.5,1.21,4.3,1.25,4.0,1.22,5.09,1.22,4.33,1.25,5.7,1.2,4.43
WTA,2012,44,New York,US Open,2012-09-05,Grand Slam,Outdoor,Hard,Quarterfinals,3,Sharapova M.,Bartoli M.,3.0,11.0,7695.0,3400.0,3.0,6.0,6.0,3.0,6.0,4.0,2.0,1.0,Completed,1.14,5.5,1.16,5.0,1.17,5.0,1.19,5.53,1.14,5.5,1.19,6.3,1.15,5.36
WTA,2012,44,New York,US Open,2012-09-05,Grand Slam,Outdoor,Hard,Quarterfinals,3,Errani S.,Vinci R.,10.0,19.0,3860.0,2085.0,6.0,2.0,6.0,4.0,,,2.0,0.0,Completed,1.72,2.1,1.72,2.1,1.73,2.1,1.85,2.09,1.67,2.2,1.85,2.18,1.75,2.06
WTA,2012,44,New York,US Open,2012-09-06,Grand Slam,Outdoor,Hard,Quarterfinals,3,Williams S.,Ivanovic A.,4.0,13.0,7300.0,2980.0,6.0,1.0,6.0,3.0,,,2.0,0.0,Completed,1.05,11.0,1.05,9.0,1.05,9.0,1.07,11.5,1.06,9.0,1.09,13.0,1.05,10.0
WTA,2012,44,New York,US Open,2012-09-07,Grand Slam,Outdoor,Hard,Semifinals,3,Azarenka V.,Sharapova M.,1.0,3.0,9025.0,7695.0,3.0,6.0,6.0,2.0,6.0,4.0,2.0,1.0,Completed,1.4,2.87,1.42,2.8,1.44,2.75,1.43,3.19,1.44,2.88,1.52,3.2,1.43,2.81
WTA,2012,44,New York,US Open,2012-09-07,Grand Slam,Outdoor,Hard,Semifinals,3,Williams S.,Errani S.,4.0,10.0,7300.0,3860.0,6.0,1.0,6.0,2.0,,,2.0,0.0,Completed,1.04,13.0,1.04,10.0,1.04,10.0,1.07,11.0,1.04,10.0,1.09,13.5,1.05,10.61
WTA,2012,44,New York,US Open,2012-09-09,Grand Slam,Outdoor,Hard,The Final,3,Williams S.,Azarenka V.,4.0,1.0,7300.0,9025.0,6.0,2.0,2.0,6.0,7.0,5.0,2.0,1.0,Completed,1.18,4.5,1.2,4.4,1.17,5.0,1.23,4.94,1.17,5.0,1.23,5.6,1.19,4.65
