Tour,Year,WTA,Location,Tournament,Date,Tier,Court,Surface,Round,Best of,Winner,Loser,WRank,LRank,WPts,LPts,W1,L1,W2,L2,W3,L3,Wsets,Lsets,Comment,B365W,B365L,EXW,EXL,LBW,LBL,SJW,SJL,UBW,UBL
WTA,2009,5,Melbourne,Australian Open,2009-01-19,Grand Slam,Outdoor,Hard,1st Round,3,Kanepi K.,Date Krumm K.,28.0,184.0,1934.0,317.0,6.0,4.0,4.0,6.0,7.0,6.0,2.0,1.0,Completed,1.16,4.5,1.17,4.67,1.2,4.333,1.2,4.0,1.23,4.0
WTA,2009,5,Melbourne,Australian Open,2009-01-19,Grand Slam,Outdoor,Hard,1st Round,3,Mayr P.,Schruff J.,111.0,138.0,602.0,454.0,6.0,4.0,6.0,1.0,,,2.0,0.0,Completed,2.5,1.5,2.45,1.5,2.2,1.615,2.25,1.571,2.34,1.57
WTA,2009,5,Melbourne,Australian Open,2009-01-19,Grand Slam,Outdoor,Hard,1st Round,3,Cornet A.,Koryttseva M.,16.0,66.0,3032.0,944.0,6.0,3.0,6.0,4.0,,,2.0,0.0,Completed,1.08,7.0,1.1,6.25,1.1,6.5,1.1,6.0,1.08,7.5
WTA,2009,5,Melbourne,Australian Open,2009-01-19,Grand Slam,Outdoor,Hard,1st Round,3,Ivanovic A.,Goerges J.,5.0,107.0,6732.0,636.0,7.0,5.0,6.0,3.0,,,2.0,0.0,Completed,1.04,10.0,1.04,9.25,1.063,8.0,1.071,8.0,1.07,8.0
WTA,2009,5,Melbourne,Australian Open,2009-01-19,Grand Slam,Outdoor,Hard,1st Round,3,Zvonareva V.,Rybarikova M.,7.0,50.0,5744.0,1174.0,7.0,6.0,6.0,0.0,,,2.0,0.0,Completed,1.06,8.0,1.07,7.19,1.083,7.0,1.071,7.0,1.06,9.0
WTA,2009,5,Melbourne,Australian Open,2009-01-19,Grand Slam,Outdoor,Hard,1st Round,3,Brianti A.,Wickmayer Y.,169.0,73.0,364.0,882.0,6.0,4.0,6.0,2.0,,,2.0,0.0,Completed,1.72,2.0,1.75,2.05,1.833,1.833,1.8,1.909,1.84,1.92
WTA,2009,5,Melbourne,Australian Open,2009-01-19,Grand Slam,Outdoor,Hard,1st Round,3,Petkovic A.,Woerle K.,385.0,162.0,114.0,382.0,5.0,7.0,7.0,6.0,4.0,0.0,1.0,1.0,Retired,1.9,1.8,1.85,1.9,1.833,1.833,1.8,1.909,1.94,1.82
WTA,2009,5,Melbourne,Australian Open,2009-01-19,Grand Slam,Outdoor,Hard,1st Round,3,Pironkova T.,Sprem K.,44.0,167.0,1256.0,368.0,6.0,0.0,6.0,4.0,,,2.0,0.0,Completed,1.5,2.5,1.55,2.35,1.533,2.375,1.533,2.375,1.54,2.4
WTA,2009,5,Melbourne,Australian Open,2009-01-19,Grand Slam,Outdoor,Hard,1st Round,3,Dechy N.,Kutuzova V.,69.0,147.0,908.0,428.0,6.0,3.0,6.0,0.0,,,2.0,0.0,Completed,1.53,2.37,1.55,2.35,1.533,2.375,1.533,2.375,1.64,2.2
WTA,2009,5,Melbourne,Australian Open,2009-01-19,Grand Slam,Outdoor,Hard,1st Round,3,Niculescu M.,O'Brien K.,51.0,160.0,1166.0,386.0,6.0,4.0,6.0,4.0,,,2.0,0.0,Completed,1.28,3.5,1.28,3.46,1.333,3.25,1.25,3.5,1.3,3.4
WTA,2009,5,Melbourne,Australian Open,2009-01-19,Grand Slam,Outdoor,Hard,1st Round,3,Jankovic J.,Meusburger Y.,1.0,104.0,9200.0,664.0,6.0,1.0,6.0,3.0,,,2.0,0.0,Completed,1.01,15.0,1.01,16.0,1.015,13.0,1.02,11.0,1.02,15.0
WTA,2009,5,Melbourne,Australian Open,2009-01-19,Grand Slam,Outdoor,Hard,1st Round,3,Bartoli M.,South M.,17.0,102.0,2820.0,672.0,6.0,2.0,6.0,4.0,,,2.0,0.0,Completed,1.1,6.5,1.15,5.2,1.125,5.5,1.125,5.5,1.14,5.5
WTA,2009,5,Melbourne,Australian Open,2009-01-19,Grand Slam,Outdoor,Hard,1st Round,3,Flipkens K.,De Los Rios R.,110.0,98.0,612.0,724.0,6.0,3.0,6.0,2.0,,,2.0,0.0,Completed,2.0,1.72,1.9,1.85,1.909,1.8,1.833,1.833,1.94,1.82
WTA,2009,5,Melbourne,Australian Open,2009-01-19,Grand Slam,Outdoor,Hard,1st Round,3,Voskoboeva G.,Szavay A.,95.0,25.0,736.0,2058.0,6.0,3.0,3.0,6.0,6.0,4.0,2.0,1.0,Completed,3.25,1.33,2.8,1.4,3,1.364,2.75,1.4,2.67,1.45
WTA,2009,5,Melbourne,Australian Open,2009-01-19,Grand Slam,Outdoor,Hard,1st Round,3,Gallovits E.,Camerin M.E.,76.0,101.0,868.0,678.0,6.0,3.0,2.0,6.0,6.0,3.0,2.0,1.0,Completed,1.53,2.37,1.5,2.45,1.615,2.2,1.615,2.2,1.62,2.24
WTA,2009,5,Melbourne,Australian Open,2009-01-19,Grand Slam,Outdoor,Hard,1st Round,3,Cohen Aloro S.,Zahlavova Strycova B.,226.0,74.0,248.0,876.0,6.0,3.0,6.0,4.0,,,2.0,0.0,Completed,2.75,1.4,2.85,1.4,2.62,1.44,2.75,1.4,2.67,1.45
WTA,2009,5,Melbourne,Australian Open,2009-01-19,Grand Slam,Outdoor,Hard,1st Round,3,Sugiyama A.,Dubois S.,26.0,128.0,2050.0,518.0,6.0,0.0,7.0,6.0,,,2.0,0.0,Completed,1.3,3.4,1.3,3.35,1.364,3.0,1.333,3.0,1.33,3.2
WTA,2009,5,Melbourne,Australian Open,2009-01-19,Grand Slam,Outdoor,Hard,1st Round,3,Dokic J.,Paszek T.,187.0,80.0,307.0,844.0,6.0,2.0,3.0,6.0,6.0,4.0,2.0,1.0,Completed,1.72,2.0,1.78,1.97,1.833,1.833,1.833,1.833,1.8,1.97
WTA,2009,5,Melbourne,Australian Open,2009-01-19,Grand Slam,Outdoor,Hard,1st Round,3,Errani S.,Kirilenko M.,39.0,30.0,1462.0,1820.0,6.0,0.0,6.0,4.0,,,2.0,0.0,Completed,1.44,2.62,1.55,2.35,1.571,2.25,1.571,2.25,1.5,2.52
WTA,2009,5,Melbourne,Australian Open,2009-01-19,Grand Slam,Outdoor,Hard,1st Round,3,Wozniacki C.,Peer S.,12.0,42.0,3350.0,1376.0,6.0,3.0,6.0,2.0,,,2.0,0.0,Completed,1.11,6.0,1.15,5.2,1.167,4.5,1.143,5.5,1.16,5.0
WTA,2009,5,Melbourne,Australian Open,2009-01-19,Grand Slam,Outdoor,Hard,1st Round,3,Ruano Pascual V.,Duque M. M.,105.0,109.0,659.0,626.0,6.0,3.0,6.0,2.0,,,2.0,0.0,Completed,1.9,1.8,1.9,1.85,1.909,1.8,2.0,1.727,1.94,1.82
WTA,2009,5,Melbourne,Australian Open,2009-01-19,Grand Slam,Outdoor,Hard,1st Round,3,Knapp K.,Wejnert M.,81.0,522.0,840.0,67.0,7.0,6.0,6.0,4.0,,,2.0,0.0,Completed,1.22,4.0,1.24,3.79,1.25,3.75,1.2,4.0,1.27,3.6
WTA,2009,5,Melbourne,Australian Open,2009-01-19,Grand Slam,Outdoor,Hard,1st Round,3,Mirza S.,Domachowska M.,108.0,61.0,628.0,1002.0,6.0,1.0,6.0,4.0,,,2.0,0.0,Completed,1.44,2.62,1.5,2.45,1.444,2.625,1.533,2.375,1.54,2.4
WTA,2009,5,Melbourne,Australian Open,2009-01-19,Grand Slam,Outdoor,Hard,1st Round,3,Kleybanova A.,Arvidsson S.,31.0,64.0,1732.0,978.0,7.0,5.0,7.0,5.0,,,2.0,0.0,Completed,1.28,3.5,1.35,3.01,1.364,3.0,1.364,2.875,1.37,3.0
WTA,2009,5,Melbourne,Australian Open,2009-01-19,Grand Slam,Outdoor,Hard,1st Round,3,Chakvetadze A.,Keothavong A.,18.0,53.0,2724.0,1140.0,6.0,1.0,6.0,7.0,6.0,1.0,2.0,1.0,Completed,1.5,2.5,1.5,2.45,1.533,2.375,1.5,2.5,1.55,2.38
WTA,2009,5,Melbourne,Australian Open,2009-01-19,Grand Slam,Outdoor,Hard,1st Round,3,Petrova N.,Shvedova Y.,11.0,91.0,3882.0,762.0,6.0,3.0,7.0,6.0,,,2.0,0.0,Completed,1.22,4.0,1.25,3.74,1.222,4.0,1.25,3.5,1.28,3.55
WTA,2009,5,Melbourne,Australian Open,2009-01-19,Grand Slam,Outdoor,Hard,1st Round,3,Safina D.,Kudryavtseva A.,3.0,70.0,7754.0,896.0,6.0,3.0,6.0,4.0,,,2.0,0.0,Completed,1.02,12.0,1.04,9.25,1.05,8.5,1.05,8.0,1.03,12.0
WTA,2009,5,Melbourne,Australian Open,2009-01-19,Grand Slam,Outdoor,Hard,1st Round,3,Safarova L.,Bammer S.,60.0,27.0,1010.0,2014.0,6.0,3.0,6.0,1.0,,,2.0,0.0,Completed,1.8,1.9,1.8,1.95,1.909,1.8,1.833,1.833,1.88,1.88
WTA,2009,5,Melbourne,Australian Open,2009-01-19,Grand Slam,Outdoor,Hard,1st Round,3,Johansson M.,Craybas J.,87.0,65.0,778.0,974.0,6.0,2.0,1.0,6.0,7.0,5.0,2.0,1.0,Completed,3.5,1.28,3.1,1.35,3,1.364,3.25,1.286,3.4,1.3
WTA,2009,5,Melbourne,Australian Open,2009-01-19,Grand Slam,Outdoor,Hard,1st Round,3,Erakovic M.,Cetkovska P.,68.0,85.0,926.0,810.0,6.0,4.0,7.0,5.0,,,2.0,0.0,Completed,1.61,2.2,1.7,2.1,1.615,2.2,1.615,2.2,1.67,2.15
WTA,2009,5,Melbourne,Australian Open,2009-01-19,Grand Slam,Outdoor,Hard,1st Round,3,Hantuchova D.,Dellacqua C.,21.0,57.0,2372.0,1088.0,7.0,6.0,6.0,4.0,,,2.0,0.0,Completed,1.3,3.4,1.4,2.85,1.364,3.0,1.364,3.0,1.34,3.15
WTA,2009,5,Melbourne,Australian Open,2009-01-19,Grand Slam,Outdoor,Hard,1st Round,3,Makarova E.,Rezai A.,49.0,83.0,1186.0,834.0,1.0,6.0,7.0,5.0,6.0,4.0,2.0,1.0,Completed,2.2,1.61,2.1,1.7,2.1,1.667,2.2,1.615,2.1,1.7
WTA,2009,5,Melbourne,Australian Open,2009-01-20,Grand Slam,Outdoor,Hard,1st Round,3,Bondarenko K.,Radwanska A.,59.0,10.0,1028.0,4472.0,7.0,6.0,4.0,6.0,6.0,1.0,2.0,1.0,Completed,9.0,1.05,9.25,1.04,7.5,1.071,8.0,1.05,8.0,1.07
WTA,2009,5,Melbourne,Australian Open,2009-01-20,Grand Slam,Outdoor,Hard,1st Round,3,Garbin T.,Pavlyuchenkova A.,54.0,43.0,1140.0,1320.0,6.0,4.0,2.0,6.0,7.0,5.0,2.0,1.0,Completed,3.0,1.36,2.92,1.37,2.75,1.4,2.875,1.364,2.85,1.4
WTA,2009,5,Melbourne,Australian Open,2009-01-20,Grand Slam,Outdoor,Hard,1st Round,3,Karatantcheva S.,Llagostera Vives N.,135.0,67.0,468.0,940.0,2.0,6.0,6.0,1.0,6.0,2.0,2.0,1.0,Completed,1.44,2.62,1.45,2.6,1.533,2.375,1.571,2.25,1.57,2.35
WTA,2009,5,Melbourne,Australian Open,2009-01-20,Grand Slam,Outdoor,Hard,1st Round,3,Razzano V.,Gajdosova J.,56.0,86.0,1124.0,780.0,6.0,1.0,6.0,7.0,6.0,4.0,2.0,1.0,Completed,1.83,1.83,1.8,1.95,1.833,1.833,1.833,1.833,1.75,2.03
WTA,2009,5,Melbourne,Australian Open,2009-01-20,Grand Slam,Outdoor,Hard,1st Round,3,Peng S.,Schiavone F.,41.0,32.0,1410.0,1704.0,7.0,6.0,6.0,1.0,,,2.0,0.0,Completed,1.9,1.8,1.95,1.8,1.83,1.83,1.833,1.833,1.9,1.86
WTA,2009,5,Melbourne,Australian Open,2009-01-20,Grand Slam,Outdoor,Hard,1st Round,3,Azarenka V.,Kvitova P.,14.0,40.0,3066.0,1440.0,6.0,2.0,6.0,1.0,,,2.0,0.0,Completed,1.22,4.0,1.26,3.65,1.25,3.75,1.222,3.75,1.23,4.0
WTA,2009,5,Melbourne,Australian Open,2009-01-20,Grand Slam,Outdoor,Hard,1st Round,3,Dementieva E.,Barrois K.,4.0,88.0,7596.0,768.0,7.0,6.0,2.0,6.0,6.0,1.0,2.0,1.0,Completed,1.01,15.0,1.01,16.0,1.02,11.0,1.02,11.0,1.01,20.0
WTA,2009,5,Melbourne,Australian Open,2009-01-20,Grand Slam,Outdoor,Hard,1st Round,3,Williams S.,Yuan M.,2.0,123.0,7932.0,528.0,6.0,3.0,6.0,2.0,,,2.0,0.0,Completed,1.01,15.0,1.01,16.0,1.02,11.0,1.02,11.0,1.02,15.0
WTA,2009,5,Melbourne,Australian Open,2009-01-20,Grand Slam,Outdoor,Hard,1st Round,3,Zheng J.,Pin C.,24.0,97.0,2108.0,730.0,6.0,3.0,6.0,3.0,,,2.0,0.0,Completed,1.25,3.75,1.25,3.7,1.286,3.5,1.222,3.75,1.25,3.75
WTA,2009,5,Melbourne,Australian Open,2009-01-20,Grand Slam,Outdoor,Hard,1st Round,3,Bondarenko A.,Rogowska O.,34.0,367.0,1626.0,121.0,5.0,7.0,6.0,3.0,6.0,2.0,2.0,1.0,Completed,1.04,10.0,1.04,9.25,1.063,8.0,1.04,9.0,1.04,10.0
WTA,2009,5,Melbourne,Australian Open,2009-01-20,Grand Slam,Outdoor,Hard,1st Round,3,Dominguez Lino L.,Bychkova E.,90.0,113.0,764.0,588.0,6.0,3.0,6.0,0.0,,,2.0,0.0,Completed,2.1,1.66,2.05,1.75,2,1.72,2.0,1.727,2.03,1.75
WTA,2009,5,Melbourne,Australian Open,2009-01-20,Grand Slam,Outdoor,Hard,1st Round,3,Mauresmo A.,Govortsova O.,22.0,47.0,2220.0,1190.0,6.0,4.0,6.0,3.0,,,2.0,0.0,Completed,1.25,3.75,1.3,3.35,1.25,3.75,1.286,3.5,1.27,3.6
WTA,2009,5,Melbourne,Australian Open,2009-01-20,Grand Slam,Outdoor,Hard,1st Round,3,Benesova I.,Dushevina V.,35.0,78.0,1510.0,850.0,6.0,4.0,0.0,6.0,6.0,2.0,2.0,1.0,Completed,2.1,1.66,2.05,1.72,1.833,1.833,1.833,1.833,2.1,1.7
WTA,2009,5,Melbourne,Australian Open,2009-01-20,Grand Slam,Outdoor,Hard,1st Round,3,Dulko G.,Yakimova A.,45.0,103.0,1230.0,668.0,6.0,3.0,5.0,7.0,6.0,3.0,2.0,1.0,Completed,1.22,4.0,1.25,3.9,1.25,3.75,1.25,3.5,1.25,3.8
WTA,2009,5,Melbourne,Australian Open,2009-01-20,Grand Slam,Outdoor,Hard,1st Round,3,Baltacha E.,Groenefeld A.L.,134.0,71.0,476.0,892.0,6.0,1.0,6.0,4.0,,,2.0,0.0,Completed,3.75,1.25,3.46,1.28,3.4,1.3,3.25,1.286,3.2,1.33
WTA,2009,5,Melbourne,Australian Open,2009-01-20,Grand Slam,Outdoor,Hard,1st Round,3,Martinez-Sanchez M.J.,Tanasugarn T.,92.0,36.0,754.0,1508.0,7.0,5.0,6.0,3.0,,,2.0,0.0,Completed,2.75,1.4,2.6,1.45,2.625,1.444,2.75,1.4,2.52,1.5
WTA,2009,5,Melbourne,Australian Open,2009-01-20,Grand Slam,Outdoor,Hard,1st Round,3,Moore J.,Mchale C.,136.0,374.0,467.0,118.0,1.0,6.0,6.0,3.0,7.0,6.0,2.0,1.0,Completed,1.53,2.37,1.5,2.45,1.615,2.2,1.571,2.25,1.5,2.52
WTA,2009,5,Melbourne,Australian Open,2009-01-20,Grand Slam,Outdoor,Hard,1st Round,3,Schnyder P.,Mladenovic K.,15.0,999.0,3050.0,10.0,2.0,6.0,6.0,4.0,6.0,2.0,2.0,1.0,Completed,1.04,10.0,1.04,9.25,1.04,9.0,1.05,8.0,1.03,12.0
WTA,2009,5,Melbourne,Australian Open,2009-01-20,Grand Slam,Outdoor,Hard,1st Round,3,Bremond S.,Vaidisova N.,96.0,52.0,730.0,1140.0,6.0,2.0,6.0,1.0,,,2.0,0.0,Completed,2.25,1.57,2.35,1.55,2.5,1.5,2.375,1.533,2.34,1.57
WTA,2009,5,Melbourne,Australian Open,2009-01-20,Grand Slam,Outdoor,Hard,1st Round,3,Czink M.,Cirstea S.,89.0,37.0,766.0,1506.0,6.0,2.0,6.0,2.0,,,2.0,0.0,Completed,1.9,1.8,1.92,1.82,2.1,1.667,2.1,1.667,2.1,1.7
WTA,2009,5,Melbourne,Australian Open,2009-01-20,Grand Slam,Outdoor,Hard,1st Round,3,Williams V.,Kerber A.,6.0,100.0,6544.0,708.0,6.0,3.0,6.0,3.0,,,2.0,0.0,Completed,1.01,15.0,1.01,16.0,1.015,13.0,1.01,13.0,1.01,20.0
WTA,2009,5,Melbourne,Australian Open,2009-01-20,Grand Slam,Outdoor,Hard,1st Round,3,Medina Garrigues A.,Holland I.,23.0,580.0,2172.0,51.0,6.0,1.0,7.0,5.0,,,2.0,0.0,Completed,1.03,11.0,1.04,9.25,1.04,9.0,1.03,10.0,1.04,12.0
WTA,2009,5,Melbourne,Australian Open,2009-01-20,Grand Slam,Outdoor,Hard,1st Round,3,Suarez Navarro C.,Vinci R.,46.0,79.0,1222.0,846.0,7.0,5.0,6.0,4.0,,,2.0,0.0,Completed,2.1,1.66,2.1,1.65,1.833,1.833,1.833,1.833,1.97,1.8
WTA,2009,5,Melbourne,Australian Open,2009-01-20,Grand Slam,Outdoor,Hard,1st Round,3,Malek T.,Morita A.,239.0,77.0,224.0,868.0,7.0,6.0,6.0,2.0,,,2.0,0.0,Completed,2.5,1.5,2.6,1.47,2.25,1.571,2.375,1.533,2.36,1.56
WTA,2009,5,Melbourne,Australian Open,2009-01-20,Grand Slam,Outdoor,Hard,1st Round,3,Cibulkova D.,Scheepers C.,19.0,186.0,2604.0,310.0,6.0,0.0,6.0,0.0,,,2.0,0.0,Completed,1.03,11.0,1.04,9.25,1.04,9.0,1.03,10.0,1.03,12.0
WTA,2009,5,Melbourne,Australian Open,2009-01-20,Grand Slam,Outdoor,Hard,1st Round,3,Chan Y.J.,Hsieh S.W.,75.0,82.0,872.0,838.0,6.0,3.0,6.0,3.0,,,2.0,0.0,Completed,2.25,1.57,2.15,1.65,2,1.72,2.0,1.73,2.2,1.64
WTA,2009,5,Melbourne,Australian Open,2009-01-20,Grand Slam,Outdoor,Hard,1st Round,3,Lisicki S.,Wozniak A.,58.0,33.0,1072.0,1652.0,6.0,4.0,6.0,3.0,,,2.0,0.0,Completed,1.72,2.0,1.65,2.15,1.667,2.1,1.727,2.0,1.7,2.1
WTA,2009,5,Melbourne,Australian Open,2009-01-20,Grand Slam,Outdoor,Hard,1st Round,3,Coin J.,Vesnina E.,93.0,63.0,752.0,990.0,6.0,4.0,4.0,6.0,6.0,1.0,2.0,1.0,Completed,2.75,1.4,2.6,1.46,2.75,1.4,2.75,1.4,2.85,1.4
WTA,2009,5,Melbourne,Australian Open,2009-01-20,Grand Slam,Outdoor,Hard,1st Round,3,Kuznetsova S.,Rodionova A.,8.0,99.0,5190.0,708.0,6.0,2.0,3.0,6.0,6.0,3.0,2.0,1.0,Completed,1.06,8.0,1.05,8.5,1.083,7.0,1.083,6.5,1.08,7.5
WTA,2009,5,Melbourne,Australian Open,2009-01-20,Grand Slam,Outdoor,Hard,1st Round,3,Amanmuradova A.,Oudin M.,84.0,173.0,814.0,352.0,6.0,1.0,6.0,4.0,,,2.0,0.0,Completed,2.75,1.4,2.6,1.46,2.375,1.533,2.5,1.5,2.7,1.44
WTA,2009,5,Melbourne,Australian Open,2009-01-20,Grand Slam,Outdoor,Hard,1st Round,3,Pennetta F.,Santangelo M.,13.0,125.0,3240.0,522.0,6.0,2.0,5.0,7.0,6.0,2.0,2.0,1.0,Completed,1.11,6.0,1.15,5.15,1.125,5.5,1.083,6.5,1.12,6.0
WTA,2009,5,Melbourne,Australian Open,2009-01-20,Grand Slam,Outdoor,Hard,1st Round,3,Stosur S.,Zakopalova K.,48.0,72.0,1188.0,884.0,7.0,6.0,7.0,6.0,,,2.0,0.0,Completed,1.2,4.33,1.26,3.59,1.286,3.5,1.25,3.5,1.25,3.8
WTA,2009,5,Melbourne,Australian Open,2009-01-21,Grand Slam,Outdoor,Hard,2nd Round,3,Petrova N.,Mirza S.,11.0,108.0,3882.0,628.0,6.0,3.0,6.0,2.0,,,2.0,0.0,Completed,1.36,3.0,1.42,2.75,1.364,3.0,1.4,2.75,1.36,3.05
WTA,2009,5,Melbourne,Australian Open,2009-01-21,Grand Slam,Outdoor,Hard,2nd Round,3,Sugiyama A.,Dechy N.,26.0,69.0,2050.0,908.0,1.0,6.0,6.0,1.0,6.0,3.0,2.0,1.0,Completed,1.53,2.37,1.55,2.35,1.533,2.375,1.571,2.375,1.57,2.34
WTA,2009,5,Melbourne,Australian Open,2009-01-21,Grand Slam,Outdoor,Hard,2nd Round,3,Safina D.,Makarova E.,3.0,49.0,7754.0,1186.0,6.0,7.0,6.0,3.0,6.0,0.0,2.0,1.0,Completed,1.05,9.0,1.07,7.19,1.071,7.5,1.083,6.5,1.07,8.0
WTA,2009,5,Melbourne,Australian Open,2009-01-21,Grand Slam,Outdoor,Hard,2nd Round,3,Kanepi K.,Mayr P.,28.0,111.0,1934.0,602.0,6.0,3.0,6.0,1.0,,,2.0,0.0,Completed,1.22,4.0,1.2,4.25,1.222,4.0,1.25,3.75,1.25,3.8
WTA,2009,5,Melbourne,Australian Open,2009-01-21,Grand Slam,Outdoor,Hard,2nd Round,3,Ivanovic A.,Brianti A.,5.0,169.0,6732.0,364.0,6.0,3.0,6.0,2.0,,,2.0,0.0,Completed,1.06,8.0,1.07,7.5,1.063,8.0,1.1,6.5,1.07,8.0
WTA,2009,5,Melbourne,Australian Open,2009-01-21,Grand Slam,Outdoor,Hard,2nd Round,3,Voskoboeva G.,Knapp K.,95.0,81.0,736.0,840.0,6.0,4.0,6.0,1.0,,,2.0,0.0,Completed,1.66,2.1,1.63,2.2,1.8,1.909,1.727,2.0,1.76,2.02
WTA,2009,5,Melbourne,Australian Open,2009-01-21,Grand Slam,Outdoor,Hard,2nd Round,3,Hantuchova D.,Johansson M.,21.0,87.0,2372.0,778.0,6.0,3.0,4.0,6.0,6.0,3.0,2.0,1.0,Completed,1.12,5.5,1.13,5.5,1.167,4.5,1.167,5.0,1.15,5.2
WTA,2009,5,Melbourne,Australian Open,2009-01-21,Grand Slam,Outdoor,Hard,2nd Round,3,Kleybanova A.,Cohen Aloro S.,31.0,226.0,1732.0,248.0,6.0,1.0,3.0,6.0,6.0,2.0,2.0,1.0,Completed,1.25,3.75,1.23,3.89,1.222,4.0,1.25,3.75,1.27,3.65
WTA,2009,5,Melbourne,Australian Open,2009-01-21,Grand Slam,Outdoor,Hard,2nd Round,3,Jankovic J.,Flipkens K.,1.0,110.0,9200.0,612.0,6.0,4.0,7.0,5.0,,,2.0,0.0,Completed,1.01,15.0,1.02,11.5,1.02,11.0,1.02,11.0,1.01,20.0
WTA,2009,5,Melbourne,Australian Open,2009-01-21,Grand Slam,Outdoor,Hard,2nd Round,3,Safarova L.,Erakovic M.,60.0,68.0,1010.0,926.0,6.0,1.0,3.0,6.0,7.0,6.0,2.0,1.0,Completed,1.28,3.5,1.37,2.92,1.4,2.75,1.333,3.0,1.33,3.2
WTA,2009,5,Melbourne,Australian Open,2009-01-21,Grand Slam,Outdoor,Hard,2nd Round,3,Cornet A.,Petkovic A.,16.0,385.0,3032.0,114.0,6.0,1.0,6.0,0.0,,,2.0,0.0,Completed,1.04,10.0,1.05,8.5,1.071,7.5,1.071,7.0,1.04,11.0
WTA,2009,5,Melbourne,Australian Open,2009-01-21,Grand Slam,Outdoor,Hard,2nd Round,3,Zvonareva V.,Gallovits E.,7.0,76.0,5744.0,868.0,6.0,0.0,6.0,0.0,,,2.0,0.0,Completed,1.04,10.0,1.05,8.5,1.071,7.5,1.05,8.0,1.05,9.5
WTA,2009,5,Melbourne,Australian Open,2009-01-21,Grand Slam,Outdoor,Hard,2nd Round,3,Errani S.,Niculescu M.,39.0,51.0,1462.0,1166.0,6.0,2.0,6.0,3.0,,,2.0,0.0,Completed,1.36,3.0,1.42,2.75,1.4,2.75,1.444,2.625,1.42,2.8
WTA,2009,5,Melbourne,Australian Open,2009-01-21,Grand Slam,Outdoor,Hard,2nd Round,3,Wozniacki C.,Ruano Pascual V.,12.0,105.0,3350.0,659.0,6.0,3.0,6.0,3.0,,,2.0,0.0,Completed,1.03,11.0,1.03,10.5,1.04,9.0,1.05,8.0,1.02,15.0
WTA,2009,5,Melbourne,Australian Open,2009-01-21,Grand Slam,Outdoor,Hard,2nd Round,3,Bartoli M.,Pironkova T.,17.0,44.0,2820.0,1256.0,7.0,5.0,6.0,2.0,,,2.0,0.0,Completed,1.5,2.5,1.52,2.42,1.533,2.375,1.571,2.375,1.54,2.4
WTA,2009,5,Melbourne,Australian Open,2009-01-21,Grand Slam,Outdoor,Hard,2nd Round,3,Dokic J.,Chakvetadze A.,187.0,18.0,307.0,2724.0,6.0,4.0,6.0,7.0,6.0,3.0,2.0,1.0,Completed,2.75,1.4,2.7,1.42,2.625,1.444,2.75,1.444,2.55,1.48
WTA,2009,5,Melbourne,Australian Open,2009-01-22,Grand Slam,Outdoor,Hard,2nd Round,3,Razzano V.,Schnyder P.,56.0,15.0,1124.0,3050.0,6.0,3.0,6.0,1.0,,,2.0,0.0,Completed,2.0,1.72,2.05,1.75,2.2,1.615,2.1,1.667,2.0,1.78
WTA,2009,5,Melbourne,Australian Open,2009-01-22,Grand Slam,Outdoor,Hard,2nd Round,3,Bondarenko K.,Dominguez Lino L.,59.0,90.0,1028.0,764.0,7.0,5.0,7.0,5.0,,,2.0,0.0,Completed,1.4,2.75,1.5,2.45,1.4,2.75,1.444,2.625,1.46,2.64
WTA,2009,5,Melbourne,Australian Open,2009-01-22,Grand Slam,Outdoor,Hard,2nd Round,3,Azarenka V.,Garbin T.,14.0,54.0,3066.0,1140.0,4.0,1.0,,,,,0.0,0.0,Retired,1.06,8.0,1.07,7.19,1.1,6.5,1.05,9.0,1.05,9.5
WTA,2009,5,Melbourne,Australian Open,2009-01-22,Grand Slam,Outdoor,Hard,2nd Round,3,Mauresmo A.,Baltacha E.,22.0,134.0,2220.0,476.0,4.0,6.0,6.0,3.0,6.0,2.0,2.0,1.0,Completed,1.11,6.0,1.15,5.2,1.125,5.5,1.1,6.0,1.19,4.4
WTA,2009,5,Melbourne,Australian Open,2009-01-22,Grand Slam,Outdoor,Hard,2nd Round,3,Cibulkova D.,Chan Y.J.,19.0,75.0,2604.0,872.0,6.0,0.0,6.0,2.0,,,2.0,0.0,Completed,1.08,7.0,1.1,6.75,1.083,7.0,1.083,7.0,1.07,8.0
WTA,2009,5,Melbourne,Australian Open,2009-01-22,Grand Slam,Outdoor,Hard,2nd Round,3,Dementieva E.,Benesova I.,4.0,35.0,7596.0,1510.0,6.0,4.0,6.0,1.0,,,2.0,0.0,Completed,1.08,7.0,1.07,7.19,1.1,6.5,1.083,6.5,1.07,8.0
WTA,2009,5,Melbourne,Australian Open,2009-01-22,Grand Slam,Outdoor,Hard,2nd Round,3,Zheng J.,Czink M.,24.0,89.0,2108.0,766.0,7.0,6.0,5.0,7.0,6.0,3.0,2.0,1.0,Completed,1.5,2.5,1.45,2.6,1.444,2.625,1.5,2.5,1.46,2.64
WTA,2009,5,Melbourne,Australian Open,2009-01-22,Grand Slam,Outdoor,Hard,2nd Round,3,Martinez-Sanchez M.J.,Amanmuradova A.,92.0,84.0,754.0,814.0,6.0,2.0,6.0,4.0,,,2.0,0.0,Completed,1.72,2.0,1.75,2.0,1.72,2.0,1.833,1.833,1.67,2.15
WTA,2009,5,Melbourne,Australian Open,2009-01-22,Grand Slam,Outdoor,Hard,2nd Round,3,Medina Garrigues A.,Coin J.,23.0,93.0,2172.0,752.0,6.0,1.0,6.0,4.0,,,2.0,0.0,Completed,1.57,2.25,1.5,2.45,1.571,2.25,1.533,2.375,1.6,2.28
WTA,2009,5,Melbourne,Australian Open,2009-01-22,Grand Slam,Outdoor,Hard,2nd Round,3,Williams S.,Dulko G.,2.0,45.0,7932.0,1230.0,6.0,3.0,7.0,5.0,,,2.0,0.0,Completed,1.03,11.0,1.04,9.25,1.04,9.0,1.04,9.0,1.06,9.0
WTA,2009,5,Melbourne,Australian Open,2009-01-22,Grand Slam,Outdoor,Hard,2nd Round,3,Pennetta F.,Moore J.,13.0,136.0,3240.0,467.0,6.0,4.0,6.0,1.0,,,2.0,0.0,Completed,1.05,10.0,1.07,7.19,1.071,7.5,1.071,7.0,1.05,9.5
WTA,2009,5,Melbourne,Australian Open,2009-01-22,Grand Slam,Outdoor,Hard,2nd Round,3,Bondarenko A.,Bremond S.,34.0,96.0,1626.0,730.0,7.0,6.0,1.0,6.0,6.0,2.0,2.0,1.0,Completed,1.38,2.87,1.4,2.85,1.364,3.0,1.333,3.0,1.42,2.8
WTA,2009,5,Melbourne,Australian Open,2009-01-22,Grand Slam,Outdoor,Hard,2nd Round,3,Kuznetsova S.,Malek T.,8.0,239.0,5190.0,224.0,6.0,2.0,6.0,2.0,,,2.0,0.0,Completed,1.1,6.5,1.1,6.75,1.1,6.5,1.1,6.5,1.09,7.0
WTA,2009,5,Melbourne,Australian Open,2009-01-22,Grand Slam,Outdoor,Hard,2nd Round,3,Stosur S.,Lisicki S.,48.0,58.0,1188.0,1072.0,6.0,3.0,6.0,4.0,,,2.0,0.0,Completed,1.66,2.1,1.6,2.25,1.667,2.1,1.571,2.25,1.73,2.06
WTA,2009,5,Melbourne,Australian Open,2009-01-22,Grand Slam,Outdoor,Hard,2nd Round,3,Peng S.,Karatantcheva S.,41.0,135.0,1410.0,468.0,6.0,4.0,6.0,0.0,,,2.0,0.0,Completed,1.5,2.5,1.45,2.6,1.44,2.62,1.444,2.625,1.53,2.46
WTA,2009,5,Melbourne,Australian Open,2009-01-22,Grand Slam,Outdoor,Hard,2nd Round,3,Suarez Navarro C.,Williams V.,46.0,6.0,1222.0,6544.0,2.0,6.0,6.0,3.0,7.0,5.0,2.0,1.0,Completed,12.0,1.02,10.5,1.03,11,1.02,15.0,1.01,20.0,1.01
WTA,2009,5,Melbourne,Australian Open,2009-01-23,Grand Slam,Outdoor,Hard,3rd Round,3,Petrova N.,Voskoboeva G.,11.0,95.0,3882.0,736.0,6.0,1.0,,,,,1.0,0.0,Retired,1.1,6.5,1.13,5.5,1.111,6.0,1.1,6.5,1.12,5.85
WTA,2009,5,Melbourne,Australian Open,2009-01-23,Grand Slam,Outdoor,Hard,3rd Round,3,Safina D.,Kanepi K.,3.0,28.0,7754.0,1934.0,6.0,2.0,6.0,2.0,,,2.0,0.0,Completed,1.08,7.0,1.1,6.25,1.1,6.5,1.083,7.0,1.09,7.0
WTA,2009,5,Melbourne,Australian Open,2009-01-23,Grand Slam,Outdoor,Hard,3rd Round,3,Zvonareva V.,Errani S.,7.0,39.0,5744.0,1462.0,6.0,4.0,6.0,1.0,,,2.0,0.0,Completed,1.12,5.5,1.13,5.5,1.125,5.5,1.125,6.0,1.14,5.5
WTA,2009,5,Melbourne,Australian Open,2009-01-23,Grand Slam,Outdoor,Hard,3rd Round,3,Bartoli M.,Safarova L.,17.0,60.0,2820.0,1010.0,3.0,6.0,6.0,2.0,6.0,1.0,2.0,1.0,Completed,1.5,2.5,1.55,2.35,1.5,2.5,1.571,2.375,1.5,2.55
WTA,2009,5,Melbourne,Australian Open,2009-01-23,Grand Slam,Outdoor,Hard,3rd Round,3,Cornet A.,Hantuchova D.,16.0,21.0,3032.0,2372.0,4.0,6.0,6.0,4.0,6.0,2.0,2.0,1.0,Completed,1.44,2.62,1.4,2.85,1.4,2.75,1.444,2.75,1.38,2.95
WTA,2009,5,Melbourne,Australian Open,2009-01-23,Grand Slam,Outdoor,Hard,3rd Round,3,Jankovic J.,Sugiyama A.,1.0,26.0,9200.0,2050.0,6.0,4.0,6.0,4.0,,,2.0,0.0,Completed,1.05,9.0,1.07,7.19,1.05,8.5,1.05,9.0,1.07,8.0
WTA,2009,5,Melbourne,Australian Open,2009-01-23,Grand Slam,Outdoor,Hard,3rd Round,3,Dokic J.,Wozniacki C.,187.0,12.0,307.0,3350.0,3.0,6.0,6.0,1.0,6.0,2.0,2.0,1.0,Completed,4.33,1.2,4.55,1.18,4.5,1.167,4.0,1.2,4.1,1.22
WTA,2009,5,Melbourne,Australian Open,2009-01-23,Grand Slam,Outdoor,Hard,3rd Round,3,Kleybanova A.,Ivanovic A.,31.0,5.0,1732.0,6732.0,7.0,5.0,6.0,7.0,6.0,2.0,2.0,1.0,Completed,4.5,1.16,4.35,1.19,4.5,1.167,4.333,1.2,4.0,1.23
WTA,2009,5,Melbourne,Australian Open,2009-01-24,Grand Slam,Outdoor,Hard,3rd Round,3,Medina Garrigues A.,Pennetta F.,23.0,13.0,2172.0,3240.0,6.0,4.0,6.0,1.0,,,2.0,0.0,Completed,2.62,1.44,2.53,1.48,2.75,1.4,2.625,1.5,2.55,1.5
WTA,2009,5,Melbourne,Australian Open,2009-01-24,Grand Slam,Outdoor,Hard,3rd Round,3,Suarez Navarro C.,Martinez-Sanchez M.J.,46.0,92.0,1222.0,754.0,6.0,1.0,6.0,4.0,,,2.0,0.0,Completed,1.36,3.0,1.35,3.1,1.364,3.0,1.364,3.0,1.33,3.2
WTA,2009,5,Melbourne,Australian Open,2009-01-24,Grand Slam,Outdoor,Hard,3rd Round,3,Williams S.,Peng S.,2.0,41.0,7932.0,1410.0,6.0,1.0,6.0,4.0,,,2.0,0.0,Completed,1.04,10.0,1.05,8.5,1.05,8.5,1.05,9.0,1.06,9.0
WTA,2009,5,Melbourne,Australian Open,2009-01-24,Grand Slam,Outdoor,Hard,3rd Round,3,Zheng J.,Bondarenko K.,24.0,59.0,2108.0,1028.0,6.0,2.0,6.0,2.0,,,2.0,0.0,Completed,1.5,2.5,1.48,2.53,1.533,2.375,1.5,2.625,1.48,2.6
WTA,2009,5,Melbourne,Australian Open,2009-01-24,Grand Slam,Outdoor,Hard,3rd Round,3,Azarenka V.,Mauresmo A.,14.0,22.0,3066.0,2220.0,6.0,4.0,6.0,2.0,,,2.0,0.0,Completed,1.28,3.5,1.26,3.9,1.286,3.5,1.286,3.5,1.27,3.6
WTA,2009,5,Melbourne,Australian Open,2009-01-24,Grand Slam,Outdoor,Hard,3rd Round,3,Kuznetsova S.,Bondarenko A.,8.0,34.0,5190.0,1626.0,7.0,6.0,6.0,4.0,,,2.0,0.0,Completed,1.22,4.0,1.25,3.75,1.25,3.75,1.25,3.75,1.24,3.9
WTA,2009,5,Melbourne,Australian Open,2009-01-24,Grand Slam,Outdoor,Hard,3rd Round,3,Cibulkova D.,Razzano V.,19.0,56.0,2604.0,1124.0,7.0,5.0,7.0,5.0,,,2.0,0.0,Completed,1.16,4.5,1.17,4.67,1.167,4.5,1.2,4.333,1.18,4.7
WTA,2009,5,Melbourne,Australian Open,2009-01-24,Grand Slam,Outdoor,Hard,3rd Round,3,Dementieva E.,Stosur S.,4.0,48.0,7596.0,1188.0,7.0,6.0,6.0,4.0,,,2.0,0.0,Completed,1.08,7.0,1.13,5.5,1.125,5.5,1.125,6.0,1.1,6.6
WTA,2009,5,Melbourne,Australian Open,2009-01-25,Grand Slam,Outdoor,Hard,4th Round,3,Bartoli M.,Jankovic J.,17.0,1.0,2820.0,9200.0,6.0,1.0,6.0,4.0,,,2.0,0.0,Completed,4.5,1.16,3.89,1.23,4,1.222,4.0,1.222,3.6,1.28
WTA,2009,5,Melbourne,Australian Open,2009-01-25,Grand Slam,Outdoor,Hard,4th Round,3,Safina D.,Cornet A.,3.0,16.0,7754.0,3032.0,6.0,2.0,2.0,6.0,7.0,5.0,2.0,1.0,Completed,1.16,4.5,1.2,4.25,1.167,4.5,1.25,3.75,1.16,5.0
WTA,2009,5,Melbourne,Australian Open,2009-01-25,Grand Slam,Outdoor,Hard,4th Round,3,Zvonareva V.,Petrova N.,7.0,11.0,5744.0,3882.0,7.0,5.0,6.0,4.0,,,2.0,0.0,Completed,1.44,2.62,1.5,2.45,1.533,2.375,1.533,2.5,1.54,2.45
WTA,2009,5,Melbourne,Australian Open,2009-01-25,Grand Slam,Outdoor,Hard,4th Round,3,Dokic J.,Kleybanova A.,187.0,31.0,307.0,1732.0,7.0,5.0,5.0,7.0,7.0,6.0,2.0,1.0,Completed,1.53,2.37,1.53,2.55,1.615,2.2,1.615,2.25,1.54,2.4
WTA,2009,5,Melbourne,Australian Open,2009-01-26,Grand Slam,Outdoor,Hard,4th Round,3,Suarez Navarro C.,Medina Garrigues A.,46.0,23.0,1222.0,2172.0,6.0,3.0,6.0,2.0,,,2.0,0.0,Completed,1.8,1.9,1.82,1.95,1.8,1.909,1.9,1.9,1.86,1.9
WTA,2009,5,Melbourne,Australian Open,2009-01-26,Grand Slam,Outdoor,Hard,4th Round,3,Dementieva E.,Cibulkova D.,4.0,19.0,7596.0,2604.0,6.0,2.0,6.0,2.0,,,2.0,0.0,Completed,1.3,3.4,1.35,3.1,1.364,3.0,1.333,3.25,1.3,3.4
WTA,2009,5,Melbourne,Australian Open,2009-01-26,Grand Slam,Outdoor,Hard,4th Round,3,Williams S.,Azarenka V.,2.0,14.0,7932.0,3066.0,3.0,6.0,4.0,2.0,,,0.0,1.0,Retired,1.4,2.75,1.4,2.85,1.444,2.625,1.4,2.875,1.42,2.78
WTA,2009,5,Melbourne,Australian Open,2009-01-26,Grand Slam,Outdoor,Hard,4th Round,3,Kuznetsova S.,Zheng J.,8.0,24.0,5190.0,2108.0,4.0,1.0,,,,,0.0,0.0,Retired,1.57,2.25,1.55,2.35,1.571,2.25,1.615,2.25,1.62,2.24
WTA,2009,5,Melbourne,Australian Open,2009-01-27,Grand Slam,Outdoor,Hard,Quarterfinals,3,Zvonareva V.,Bartoli M.,7.0,17.0,5744.0,2820.0,6.0,3.0,6.0,0.0,,,2.0,0.0,Completed,1.33,3.4,1.35,3.1,1.333,3.25,1.3,3.4,1.35,3.1
WTA,2009,5,Melbourne,Australian Open,2009-01-27,Grand Slam,Outdoor,Hard,Quarterfinals,3,Safina D.,Dokic J.,3.0,187.0,7754.0,307.0,6.0,4.0,4.0,6.0,6.0,4.0,2.0,1.0,Completed,1.25,4.0,1.25,3.7,1.25,3.75,1.222,4.0,1.25,3.8
WTA,2009,5,Melbourne,Australian Open,2009-01-28,Grand Slam,Outdoor,Hard,Quarterfinals,3,Dementieva E.,Suarez Navarro C.,4.0,46.0,7596.0,1222.0,6.0,2.0,6.0,2.0,,,2.0,0.0,Completed,1.22,4.33,1.21,4.06,1.2,4.333,1.2,4.5,1.18,4.6
WTA,2009,5,Melbourne,Australian Open,2009-01-28,Grand Slam,Outdoor,Hard,Quarterfinals,3,Williams S.,Kuznetsova S.,2.0,8.0,7932.0,5190.0,5.0,7.0,7.0,5.0,6.0,1.0,2.0,1.0,Completed,1.3,3.5,1.35,3.0,1.333,3.25,1.4,2.875,1.29,3.5
WTA,2009,5,Melbourne,Australian Open,2009-01-29,Grand Slam,Outdoor,Hard,Semifinals,3,Williams S.,Dementieva E.,2.0,4.0,7932.0,7596.0,6.0,3.0,6.0,4.0,,,2.0,0.0,Completed,2.2,1.66,2.2,1.65,2.1,1.667,2.0,1.8,2.12,1.7
WTA,2009,5,Melbourne,Australian Open,2009-01-29,Grand Slam,Outdoor,Hard,Semifinals,3,Safina D.,Zvonareva V.,3.0,7.0,7754.0,5744.0,6.0,3.0,7.0,6.0,,,2.0,0.0,Completed,2.62,1.5,2.6,1.48,2.5,1.5,2.625,1.5,2.46,1.53
WTA,2009,5,Melbourne,Australian Open,2009-01-31,Grand Slam,Outdoor,Hard,The Final,3,Williams S.,Safina D.,2.0,3.0,7932.0,7754.0,6.0,0.0,6.0,3.0,,,2.0,0.0,Completed,1.38,3.0,1.42,2.75,1.364,3.0,1.36,3.2,1.38,3.1
WTA,2009,26,Paris,French Open,2009-05-24,Grand Slam,Outdoor,Clay,1st Round,3,Li N.,Domachowska M.,25.0,92.0,1834.0,702.0,6.0,4.0,6.0,2.0,,,2.0,0.0,Completed,1.16,4.5,1.19,4.45,1.167,4.5,1.143,5.0,1.2,4.4
WTA,2009,26,Paris,French Open,2009-05-24,Grand Slam,Outdoor,Clay,1st Round,3,Bacsinszky T.,Loit E.,127.0,117.0,532.0,555.0,4.0,6.0,6.0,4.0,6.0,1.0,2.0,1.0,Completed,2.2,1.61,2.2,1.65,2.1,1.66,2.2,1.62,2.14,1.68
WTA,2009,26,Paris,French Open,2009-05-24,Grand Slam,Outdoor,Clay,1st Round,3,Diatchenko V.,Johansson M.,153.0,68.0,412.0,904.0,2.0,6.0,6.0,2.0,7.0,6.0,2.0,1.0,Completed,2.37,1.53,2.4,1.53,2.2,1.615,2.1,1.667,2.35,1.57
WTA,2009,26,Paris,French Open,2009-05-24,Grand Slam,Outdoor,Clay,1st Round,3,Ivanovic A.,Errani S.,8.0,44.0,4892.0,1373.0,7.0,6.0,6.0,3.0,,,2.0,0.0,Completed,1.1,6.5,1.14,5.0,1.12,5.5,1.143,5.0,1.14,5.5
WTA,2009,26,Paris,French Open,2009-05-24,Grand Slam,Outdoor,Clay,1st Round,3,Pavlyuchenkova A.,Olaru I.,27.0,88.0,1730.0,728.0,6.0,3.0,6.0,2.0,,,2.0,0.0,Completed,1.28,3.5,1.3,3.35,1.286,3.5,1.333,3.0,1.29,3.5
WTA,2009,26,Paris,French Open,2009-05-24,Grand Slam,Outdoor,Clay,1st Round,3,Coin J.,Llagostera Vives N.,70.0,89.0,902.0,728.0,7.0,5.0,6.0,2.0,,,2.0,0.0,Completed,2.2,1.61,2.4,1.55,2.1,1.667,2.1,1.67,2.14,1.68
WTA,2009,26,Paris,French Open,2009-05-24,Grand Slam,Outdoor,Clay,1st Round,3,Benesova I.,Goerges J.,35.0,84.0,1592.0,761.0,7.0,5.0,4.0,1.0,,,1.0,0.0,Retired,1.8,1.9,1.85,1.9,1.8,1.909,1.833,1.833,1.84,1.92
WTA,2009,26,Paris,French Open,2009-05-24,Grand Slam,Outdoor,Clay,1st Round,3,Vesnina E.,Bremond S.,49.0,93.0,1303.0,697.0,6.0,3.0,6.0,3.0,,,2.0,0.0,Completed,1.2,4.33,1.2,4.25,1.25,3.75,1.222,3.75,1.17,4.8
WTA,2009,26,Paris,French Open,2009-05-24,Grand Slam,Outdoor,Clay,1st Round,3,Shvedova Y.,Kanepi K.,98.0,18.0,663.0,2355.0,7.0,6.0,3.0,6.0,6.0,2.0,2.0,1.0,Completed,2.37,1.53,2.65,1.45,2.375,1.533,,,2.52,1.5
WTA,2009,26,Paris,French Open,2009-05-24,Grand Slam,Outdoor,Clay,1st Round,3,Petrova N.,Embree L.,11.0,628.0,3840.0,38.0,6.0,1.0,6.0,2.0,,,2.0,0.0,Completed,1.02,12.0,1.04,9.25,1.02,11.0,1.04,10.0,1.03,12.0
WTA,2009,26,Paris,French Open,2009-05-24,Grand Slam,Outdoor,Clay,1st Round,3,Rus A.,Sanchez O.,142.0,223.0,449.0,248.0,6.0,1.0,6.0,1.0,,,2.0,0.0,Completed,1.3,3.4,1.28,3.46,1.3,3.4,1.25,3.5,1.3,3.4
WTA,2009,26,Paris,French Open,2009-05-24,Grand Slam,Outdoor,Clay,1st Round,3,Dulko G.,Paszek T.,42.0,61.0,1389.0,979.0,6.0,1.0,6.0,3.0,,,2.0,0.0,Completed,1.22,4.0,1.25,3.9,1.222,4.0,1.2,4.0,1.2,4.35
WTA,2009,26,Paris,French Open,2009-05-24,Grand Slam,Outdoor,Clay,1st Round,3,Barrois K.,Salerni M.E.,74.0,486.0,849.0,67.0,3.0,6.0,6.0,1.0,6.0,2.0,2.0,1.0,Completed,1.36,3.0,1.37,2.92,1.364,3.0,1.29,3.25,1.37,3.0
WTA,2009,26,Paris,French Open,2009-05-24,Grand Slam,Outdoor,Clay,1st Round,3,Azarenka V.,Vinci R.,9.0,54.0,4526.0,1179.0,6.0,4.0,6.0,2.0,,,2.0,0.0,Completed,1.14,5.0,1.15,5.2,1.143,5.0,1.17,4.5,1.15,5.2
WTA,2009,26,Paris,French Open,2009-05-24,Grand Slam,Outdoor,Clay,1st Round,3,Kudryavtseva A.,Lepchenko V.,75.0,96.0,848.0,674.0,6.0,3.0,6.0,3.0,,,2.0,0.0,Completed,2.5,1.5,2.45,1.5,2.375,1.533,2.38,1.53,2.45,1.53
WTA,2009,26,Paris,French Open,2009-05-24,Grand Slam,Outdoor,Clay,1st Round,3,Groenefeld A.L.,Mauresmo A.,51.0,16.0,1255.0,2664.0,6.0,4.0,6.0,3.0,,,2.0,0.0,Completed,4.5,1.16,4.5,1.2,4,1.222,3.75,1.222,4.35,1.2
WTA,2009,26,Paris,French Open,2009-05-25,Grand Slam,Outdoor,Clay,1st Round,3,Safina D.,Keothavong A.,1.0,48.0,9801.0,1315.0,6.0,0.0,6.0,0.0,,,2.0,0.0,Completed,1.02,12.0,1.03,12.0,1.03,10.0,1.04,9.0,1.03,12.0
WTA,2009,26,Paris,French Open,2009-05-25,Grand Slam,Outdoor,Clay,1st Round,3,Rezai A.,Sugiyama A.,57.0,37.0,1045.0,1491.0,6.0,3.0,6.0,2.0,,,2.0,0.0,Completed,1.25,3.75,1.28,3.46,1.3,3.4,1.25,3.5,1.28,3.55
WTA,2009,26,Paris,French Open,2009-05-25,Grand Slam,Outdoor,Clay,1st Round,3,Hercog P.,Kleybanova A.,167.0,23.0,369.0,1920.0,6.0,2.0,4.0,6.0,6.0,1.0,2.0,1.0,Completed,2.62,1.44,2.6,1.45,2.75,1.4,,,2.68,1.45
WTA,2009,26,Paris,French Open,2009-05-25,Grand Slam,Outdoor,Clay,1st Round,3,Flipkens K.,Foretz S.,101.0,103.0,642.0,640.0,6.0,1.0,4.0,6.0,6.0,4.0,2.0,1.0,Completed,2.75,1.4,2.6,1.45,2.5,1.5,2.88,1.36,2.52,1.5
WTA,2009,26,Paris,French Open,2009-05-25,Grand Slam,Outdoor,Clay,1st Round,3,Tanasugarn T.,Pin C.,52.0,110.0,1239.0,587.0,6.0,3.0,5.0,7.0,7.0,5.0,2.0,1.0,Completed,2.5,1.5,2.65,1.45,2.375,1.533,2.63,1.44,2.45,1.53
WTA,2009,26,Paris,French Open,2009-05-25,Grand Slam,Outdoor,Clay,1st Round,3,Szavay A.,Dentoni C.,31.0,157.0,1649.0,404.0,6.0,3.0,6.0,4.0,,,2.0,0.0,Completed,1.08,7.0,1.1,6.75,1.125,5.5,1.14,5.0,1.11,6.2
WTA,2009,26,Paris,French Open,2009-05-25,Grand Slam,Outdoor,Clay,1st Round,3,Williams V.,Mattek-Sands B.,3.0,45.0,7237.0,1357.0,6.0,1.0,4.0,6.0,6.0,2.0,2.0,1.0,Completed,1.04,10.0,1.07,7.19,1.05,8.5,1.05,8.0,1.06,8.75
WTA,2009,26,Paris,French Open,2009-05-25,Grand Slam,Outdoor,Clay,1st Round,3,Zheng J.,Cohen Aloro S.,15.0,118.0,2745.0,550.0,6.0,1.0,6.0,3.0,,,2.0,0.0,Completed,1.25,3.75,1.25,3.7,1.222,4.0,1.2,4.0,1.23,4.0
WTA,2009,26,Paris,French Open,2009-05-25,Grand Slam,Outdoor,Clay,1st Round,3,Suarez Navarro C.,Gallovits E.,22.0,86.0,1946.0,741.0,6.0,1.0,6.0,4.0,,,2.0,0.0,Completed,1.14,5.0,1.17,4.67,1.167,4.5,1.222,3.75,1.18,4.6
WTA,2009,26,Paris,French Open,2009-05-25,Grand Slam,Outdoor,Clay,1st Round,3,Larcherde Brito M.,South M.,132.0,121.0,509.0,543.0,0.0,6.0,7.0,6.0,7.0,5.0,2.0,1.0,Completed,1.16,4.5,1.2,4.25,1.25,3.75,1.2,4.0,1.17,4.8
WTA,2009,26,Paris,French Open,2009-05-25,Grand Slam,Outdoor,Clay,1st Round,3,Safarova L.,Lisicki S.,46.0,39.0,1324.0,1461.0,6.0,2.0,1.0,6.0,6.0,1.0,2.0,1.0,Completed,2.37,1.53,2.15,1.65,2.25,1.571,2.38,1.53,2.28,1.6
WTA,2009,26,Paris,French Open,2009-05-25,Grand Slam,Outdoor,Clay,1st Round,3,Cibulkova D.,Bondarenko A.,19.0,28.0,2345.0,1720.0,6.0,4.0,2.0,6.0,6.0,4.0,2.0,1.0,Completed,2.25,1.57,2.1,1.7,2.1,1.667,2.0,1.73,2.22,1.63
WTA,2009,26,Paris,French Open,2009-05-25,Grand Slam,Outdoor,Clay,1st Round,3,Hradecka L.,Meusburger Y.,67.0,130.0,926.0,513.0,6.0,1.0,6.0,2.0,,,2.0,0.0,Completed,1.4,2.75,1.47,2.55,1.444,2.625,1.44,2.63,1.41,2.82
WTA,2009,26,Paris,French Open,2009-05-25,Grand Slam,Outdoor,Clay,1st Round,3,Sharapova M.,Yakimova A.,102.0,64.0,640.0,967.0,3.0,6.0,6.0,1.0,6.0,2.0,2.0,1.0,Completed,1.28,3.5,1.3,3.5,1.3,3.4,1.25,3.5,1.32,3.25
WTA,2009,26,Paris,French Open,2009-05-25,Grand Slam,Outdoor,Clay,1st Round,3,Dominguez Lino L.,Zahlavova Strycova B..,87.0,79.0,735.0,798.0,6.0,1.0,4.0,6.0,7.0,6.0,2.0,1.0,Completed,1.57,2.25,1.7,2.1,1.667,2.1,1.62,2.2,1.65,2.18
WTA,2009,26,Paris,French Open,2009-05-25,Grand Slam,Outdoor,Clay,1st Round,3,Govortsova O.,O'Brien K.,78.0,113.0,802.0,582.0,6.0,1.0,6.0,1.0,,,2.0,0.0,Completed,1.36,3.0,,,1.4,2.75,1.36,2.88,1.37,3.0
WTA,2009,26,Paris,French Open,2009-05-25,Grand Slam,Outdoor,Clay,1st Round,3,Glatch A.,Pennetta F.,116.0,14.0,560.0,3135.0,6.0,1.0,6.0,1.0,,,2.0,0.0,Completed,7.5,1.07,5.5,1.13,6.5,1.1,6.0,1.1,7.0,1.09
WTA,2009,26,Paris,French Open,2009-05-25,Grand Slam,Outdoor,Clay,1st Round,3,Koryttseva M.,Mayr P.,94.0,72.0,694.0,856.0,6.0,1.0,6.0,1.0,,,2.0,0.0,Completed,1.66,2.1,1.8,1.95,1.833,1.833,1.83,1.83,1.72,2.08
WTA,2009,26,Paris,French Open,2009-05-25,Grand Slam,Outdoor,Clay,1st Round,3,Bartoli M.,Parmentier P.,13.0,77.0,3189.0,808.0,3.0,6.0,6.0,1.0,6.0,3.0,2.0,1.0,Completed,1.12,5.5,1.17,4.65,1.143,5.0,1.13,5.5,1.17,4.8
WTA,2009,26,Paris,French Open,2009-05-25,Grand Slam,Outdoor,Clay,1st Round,3,Duque Marino M.,Chakvetadze A.,124.0,26.0,537.0,1806.0,3.0,6.0,6.0,4.0,6.0,4.0,2.0,1.0,Completed,5.0,1.14,3.89,1.23,4.5,1.167,4.0,1.2,4.35,1.2
WTA,2009,26,Paris,French Open,2009-05-25,Grand Slam,Outdoor,Clay,1st Round,3,Craybas J.,Pironkova T.,97.0,69.0,667.0,904.0,7.0,5.0,6.0,2.0,,,2.0,0.0,Completed,2.5,1.5,2.3,1.6,2.5,1.5,2.25,1.571,2.38,1.55
WTA,2009,26,Paris,French Open,2009-05-25,Grand Slam,Outdoor,Clay,1st Round,3,Amanmuradova A.,Pavlovic I.,131.0,249.0,510.0,204.0,6.0,3.0,6.0,4.0,,,2.0,0.0,Completed,1.4,2.75,1.45,2.6,1.364,3.0,1.33,3.0,1.38,2.95
WTA,2009,26,Paris,French Open,2009-05-25,Grand Slam,Outdoor,Clay,1st Round,3,Rogowska O.,Kirilenko M.,256.0,47.0,194.0,1323.0,6.0,4.0,6.0,4.0,,,2.0,0.0,Completed,7.5,1.07,6.75,1.1,7,1.083,7.0,1.071,7.0,1.09
WTA,2009,26,Paris,French Open,2009-05-25,Grand Slam,Outdoor,Clay,1st Round,3,Bondarenko K.,Schnyder P.,60.0,17.0,984.0,2607.0,6.0,4.0,6.0,3.0,,,2.0,0.0,Completed,3.75,1.25,3.35,1.3,3.5,1.286,3.25,1.29,3.55,1.28
WTA,2009,26,Paris,French Open,2009-05-25,Grand Slam,Outdoor,Clay,1st Round,3,Groth J.,Laisne K.,73.0,312.0,853.0,146.0,6.0,4.0,6.0,3.0,,,2.0,0.0,Completed,1.12,5.5,,,1.2,4.333,1.2,4.0,1.2,4.35
WTA,2009,26,Paris,French Open,2009-05-25,Grand Slam,Outdoor,Clay,1st Round,3,Radwanska A.,De Los Rios R.,12.0,105.0,3411.0,621.0,6.0,3.0,6.0,1.0,,,2.0,0.0,Completed,1.04,10.0,1.04,9.25,1.05,8.5,1.05,8.0,1.05,9.5
WTA,2009,26,Paris,French Open,2009-05-25,Grand Slam,Outdoor,Clay,1st Round,3,Garbin T.,Morita A.,71.0,66.0,893.0,960.0,7.0,5.0,7.0,5.0,,,2.0,0.0,Completed,1.66,2.1,1.64,2.16,1.72,2.0,1.73,2.0,1.7,2.1
WTA,2009,26,Paris,French Open,2009-05-26,Grand Slam,Outdoor,Clay,1st Round,3,Jankovic J.,Cetkovska P.,5.0,85.0,6720.0,743.0,6.0,2.0,6.0,3.0,,,2.0,0.0,Completed,1.03,11.0,1.05,8.5,1.04,9.0,1.04,9.0,1.03,11.5
WTA,2009,26,Paris,French Open,2009-05-26,Grand Slam,Outdoor,Clay,1st Round,3,Wozniak A.,Niculescu M.,24.0,58.0,1854.0,1025.0,6.0,4.0,4.0,6.0,6.0,3.0,2.0,1.0,Completed,1.57,2.25,1.55,2.35,1.571,2.25,1.5,2.5,1.55,2.4
WTA,2009,26,Paris,French Open,2009-05-26,Grand Slam,Outdoor,Clay,1st Round,3,Kuznetsova S.,Feuerstein C.,7.0,236.0,5091.0,228.0,6.0,1.0,6.0,4.0,,,2.0,0.0,Completed,1.01,15.0,1.03,10.5,1.015,13.0,1.03,10.0,1.02,15.0
WTA,2009,26,Paris,French Open,2009-05-26,Grand Slam,Outdoor,Clay,1st Round,3,Bammer S.,Dechy N.,29.0,65.0,1689.0,962.0,6.0,3.0,7.0,6.0,,,2.0,0.0,Completed,1.66,2.1,1.7,2.05,1.8,1.909,1.8,1.909,1.75,2.02
WTA,2009,26,Paris,French Open,2009-05-26,Grand Slam,Outdoor,Clay,1st Round,3,Czink M.,Sevastova A.,62.0,123.0,972.0,538.0,3.0,6.0,6.0,4.0,6.0,1.0,2.0,1.0,Completed,1.53,2.37,1.55,2.4,1.533,2.375,1.5,2.5,1.57,2.34
WTA,2009,26,Paris,French Open,2009-05-26,Grand Slam,Outdoor,Clay,1st Round,3,Martic P.,Santangelo M.,196.0,109.0,290.0,588.0,6.0,4.0,6.0,2.0,,,2.0,0.0,Completed,1.5,2.5,1.45,2.6,1.571,2.25,1.615,2.2,1.59,2.3
WTA,2009,26,Paris,French Open,2009-05-26,Grand Slam,Outdoor,Clay,1st Round,3,Rybarikova M.,Mladenovic K.,53.0,338.0,1179.0,128.0,6.0,1.0,2.0,6.0,7.0,6.0,2.0,1.0,Completed,1.44,2.62,1.4,2.85,1.4,2.75,1.44,2.63,1.44,2.7
WTA,2009,26,Paris,French Open,2009-05-26,Grand Slam,Outdoor,Clay,1st Round,3,Voskoboeva G.,Mirza S.,81.0,95.0,786.0,692.0,6.0,4.0,7.0,6.0,,,2.0,0.0,Completed,1.72,2.0,1.7,2.1,1.8,1.909,1.73,2.0,1.86,1.9
WTA,2009,26,Paris,French Open,2009-05-26,Grand Slam,Outdoor,Clay,1st Round,3,Razzano V.,Hantuchova D.,36.0,33.0,1563.0,1624.0,6.0,3.0,6.0,3.0,,,2.0,0.0,Completed,2.25,1.57,2.3,1.6,2.1,1.66,2.1,1.67,2.36,1.56
WTA,2009,26,Paris,French Open,2009-05-26,Grand Slam,Outdoor,Clay,1st Round,3,Wozniacki C.,Dushevina V.,10.0,55.0,4370.0,1168.0,4.0,6.0,7.0,5.0,6.0,1.0,2.0,1.0,Completed,1.06,8.0,1.07,7.19,1.1,6.5,1.22,3.75,1.07,8.0
WTA,2009,26,Paris,French Open,2009-05-26,Grand Slam,Outdoor,Clay,1st Round,3,Ruano Pascual V.,Vaidisova N.,133.0,59.0,498.0,1017.0,6.0,4.0,6.0,3.0,,,2.0,0.0,Completed,2.75,1.4,2.62,1.45,3,1.364,3.0,1.33,2.85,1.4
WTA,2009,26,Paris,French Open,2009-05-26,Grand Slam,Outdoor,Clay,1st Round,3,Wickmayer Y.,Radwanska U.,63.0,76.0,972.0,816.0,4.0,6.0,6.0,3.0,6.0,0.0,2.0,1.0,Completed,1.25,3.75,1.32,3.22,1.33,3.25,1.36,2.88,1.35,3.1
WTA,2009,26,Paris,French Open,2009-05-26,Grand Slam,Outdoor,Clay,1st Round,3,Williams S.,Zakopalova K.,2.0,100.0,7838.0,655.0,6.0,3.0,6.0,7.0,6.0,4.0,2.0,1.0,Completed,1.14,5.0,1.17,4.67,1.143,5.0,,,1.18,4.6
WTA,2009,26,Paris,French Open,2009-05-26,Grand Slam,Outdoor,Clay,1st Round,3,Dokic J.,Sprem K.,80.0,91.0,795.0,704.0,3.0,6.0,6.0,1.0,6.0,2.0,2.0,1.0,Completed,2.25,1.57,2.25,1.6,2.25,1.57,2.2,1.62,2.18,1.65
WTA,2009,26,Paris,French Open,2009-05-26,Grand Slam,Outdoor,Clay,1st Round,3,Dementieva E.,Scheepers C.,4.0,149.0,6931.0,416.0,6.0,4.0,6.0,3.0,,,2.0,0.0,Completed,1.01,15.0,1.01,16.0,1.015,13.0,1.02,11.0,1.02,15.0
WTA,2009,26,Paris,French Open,2009-05-26,Grand Slam,Outdoor,Clay,1st Round,3,Medina Garrigues A.,Makarova E.,20.0,38.0,2220.0,1478.0,6.0,2.0,5.0,7.0,6.0,0.0,2.0,1.0,Completed,1.53,2.37,1.65,2.2,1.533,2.375,1.533,2.375,1.57,2.34
WTA,2009,26,Paris,French Open,2009-05-26,Grand Slam,Outdoor,Clay,1st Round,3,Cirstea S.,Gullickson C.,41.0,136.0,1416.0,488.0,6.0,4.0,6.0,2.0,,,2.0,0.0,Completed,1.36,3.0,1.4,2.85,1.364,3.0,1.33,3.0,1.37,3.0
WTA,2009,26,Paris,French Open,2009-05-26,Grand Slam,Outdoor,Clay,1st Round,3,Stosur S.,Schiavone F.,32.0,40.0,1648.0,1416.0,6.0,4.0,6.0,2.0,,,2.0,0.0,Completed,2.1,1.66,1.85,1.9,2,1.72,2.1,1.667,2.08,1.72
WTA,2009,26,Paris,French Open,2009-05-26,Grand Slam,Outdoor,Clay,1st Round,3,Kutuzova V.,Ondraskova Z.,90.0,192.0,708.0,295.0,6.0,2.0,6.0,4.0,,,2.0,0.0,Completed,1.5,2.5,1.45,2.6,1.5,2.5,1.5,2.5,1.52,2.45
WTA,2009,26,Paris,French Open,2009-05-26,Grand Slam,Outdoor,Clay,1st Round,3,Martinez-Sanchez M.J.,Peng S.,43.0,34.0,1387.0,1616.0,1.0,6.0,6.0,2.0,6.0,4.0,2.0,1.0,Completed,1.53,2.37,1.6,2.3,1.53,2.37,1.571,2.25,1.56,2.36
WTA,2009,26,Paris,French Open,2009-05-27,Grand Slam,Outdoor,Clay,1st Round,3,Cornet A.,Ani M.,21.0,135.0,2040.0,498.0,6.0,4.0,7.0,5.0,,,2.0,0.0,Completed,1.14,5.0,1.14,5.2,1.2,4.333,1.1,6.0,1.2,4.35
WTA,2009,26,Paris,French Open,2009-05-27,Grand Slam,Outdoor,Clay,2nd Round,3,Safina D.,Diatchenko V.,1.0,153.0,9801.0,412.0,6.0,1.0,6.0,1.0,,,2.0,0.0,Completed,1.0,21.0,1.01,15.87,1.01,17.0,1.01,17.0,1.01,20.0
WTA,2009,26,Paris,French Open,2009-05-27,Grand Slam,Outdoor,Clay,2nd Round,3,Pavlyuchenkova A.,Coin J.,27.0,70.0,1730.0,902.0,6.0,2.0,7.0,6.0,,,2.0,0.0,Completed,1.28,3.5,1.3,3.35,1.25,3.75,1.2,4.0,1.32,3.25
WTA,2009,26,Paris,French Open,2009-05-27,Grand Slam,Outdoor,Clay,2nd Round,3,Li N.,Bacsinszky T.,25.0,127.0,1834.0,532.0,6.0,1.0,6.0,4.0,,,2.0,0.0,Completed,1.07,7.5,1.1,6.75,1.1,6.5,1.1,6.0,1.09,7.0
WTA,2009,26,Paris,French Open,2009-05-27,Grand Slam,Outdoor,Clay,2nd Round,3,Shvedova Y.,Rus A.,98.0,142.0,663.0,449.0,6.0,0.0,6.0,2.0,,,2.0,0.0,Completed,1.4,2.75,1.45,2.6,1.444,2.625,1.5,2.5,1.44,2.7
WTA,2009,26,Paris,French Open,2009-05-27,Grand Slam,Outdoor,Clay,2nd Round,3,Azarenka V.,Barrois K.,9.0,74.0,4526.0,849.0,7.0,6.0,7.0,5.0,,,2.0,0.0,Completed,1.04,10.0,1.02,11.5,1.04,9.0,1.05,8.0,1.03,12.0
WTA,2009,26,Paris,French Open,2009-05-27,Grand Slam,Outdoor,Clay,2nd Round,3,Szavay A.,Vesnina E.,31.0,49.0,1649.0,1303.0,6.0,2.0,6.0,0.0,,,2.0,0.0,Completed,1.72,2.0,1.7,2.1,1.615,2.2,1.62,2.2,1.67,2.15
WTA,2009,26,Paris,French Open,2009-05-27,Grand Slam,Outdoor,Clay,2nd Round,3,Rezai A.,Hercog P.,57.0,167.0,1045.0,369.0,3.0,6.0,6.0,4.0,6.0,2.0,2.0,1.0,Completed,1.44,2.62,1.48,2.53,1.444,2.625,1.4,2.75,1.5,2.52
WTA,2009,26,Paris,French Open,2009-05-27,Grand Slam,Outdoor,Clay,2nd Round,3,Suarez Navarro C.,Hradecka L.,22.0,67.0,1946.0,926.0,6.0,2.0,6.0,4.0,,,2.0,0.0,Completed,1.4,2.75,1.4,2.85,1.4,2.75,1.36,2.88,1.42,2.76
WTA,2009,26,Paris,French Open,2009-05-27,Grand Slam,Outdoor,Clay,2nd Round,3,Larcherde Brito M.,Zheng J.,132.0,15.0,509.0,2745.0,6.0,4.0,6.0,3.0,,,2.0,0.0,Completed,5.5,1.12,4.65,1.18,4.5,1.167,4.5,1.17,5.5,1.14
WTA,2009,26,Paris,French Open,2009-05-27,Grand Slam,Outdoor,Clay,2nd Round,3,Govortsova O.,Amanmuradova A.,78.0,131.0,802.0,510.0,6.0,3.0,6.0,7.0,7.0,5.0,2.0,1.0,Completed,1.4,2.75,1.4,2.8,1.444,2.625,1.444,2.625,1.47,2.6
WTA,2009,26,Paris,French Open,2009-05-27,Grand Slam,Outdoor,Clay,2nd Round,3,Benesova I.,Kudryavtseva A.,35.0,75.0,1592.0,848.0,6.0,1.0,6.0,2.0,,,2.0,0.0,Completed,1.4,2.75,1.48,2.53,1.4,2.75,1.4,2.75,1.44,2.7
WTA,2009,26,Paris,French Open,2009-05-27,Grand Slam,Outdoor,Clay,2nd Round,3,Ivanovic A.,Tanasugarn T.,8.0,52.0,4892.0,1239.0,6.0,1.0,6.0,2.0,,,2.0,0.0,Completed,1.06,8.0,1.07,7.19,1.08,7.0,1.071,7.0,1.06,9.0
WTA,2009,26,Paris,French Open,2009-05-27,Grand Slam,Outdoor,Clay,2nd Round,3,Sharapova M.,Petrova N.,102.0,11.0,640.0,3840.0,6.0,2.0,1.0,6.0,7.0,6.0,2.0,1.0,Completed,2.1,1.66,,,2.2,1.615,2.1,1.667,2.36,1.56
WTA,2009,26,Paris,French Open,2009-05-27,Grand Slam,Outdoor,Clay,2nd Round,3,Cibulkova D.,Flipkens K.,19.0,101.0,2345.0,642.0,6.0,1.0,6.0,0.0,,,2.0,0.0,Completed,1.1,6.5,1.1,6.75,1.11,6.0,1.1,6.0,1.1,6.5
WTA,2009,26,Paris,French Open,2009-05-27,Grand Slam,Outdoor,Clay,2nd Round,3,Dulko G.,Groenefeld A.L.,42.0,51.0,1389.0,1255.0,7.0,6.0,0.0,6.0,6.0,2.0,2.0,1.0,Completed,2.0,1.72,2.15,1.65,1.909,1.8,1.833,1.833,2.06,1.73
WTA,2009,26,Paris,French Open,2009-05-28,Grand Slam,Outdoor,Clay,2nd Round,3,Garbin T.,Bartoli M.,71.0,13.0,893.0,3189.0,6.0,3.0,7.0,5.0,,,2.0,0.0,Completed,4.0,1.22,3.9,1.25,4,1.222,3.75,1.222,4.0,1.23
WTA,2009,26,Paris,French Open,2009-05-28,Grand Slam,Outdoor,Clay,2nd Round,3,Wozniak A.,Martic P.,24.0,196.0,1854.0,290.0,6.0,3.0,6.0,3.0,,,2.0,0.0,Completed,1.4,2.75,1.48,2.54,1.4,2.75,1.5,2.5,1.37,3.0
WTA,2009,26,Paris,French Open,2009-05-28,Grand Slam,Outdoor,Clay,2nd Round,3,Dominguez Lino L.,Glatch A.,87.0,116.0,735.0,560.0,7.0,6.0,7.0,5.0,,,2.0,0.0,Completed,2.0,1.72,2.1,1.75,1.833,1.833,1.833,1.833,2.05,1.74
WTA,2009,26,Paris,French Open,2009-05-28,Grand Slam,Outdoor,Clay,2nd Round,3,Groth J.,Duque Marino M.,73.0,124.0,853.0,537.0,6.0,2.0,7.0,6.0,,,2.0,0.0,Completed,2.2,1.61,2.15,1.65,2.2,1.615,2.2,1.62,2.15,1.67
WTA,2009,26,Paris,French Open,2009-05-28,Grand Slam,Outdoor,Clay,2nd Round,3,Kuznetsova S.,Voskoboeva G.,7.0,81.0,5091.0,786.0,6.0,0.0,6.0,2.0,,,2.0,0.0,Completed,1.03,11.0,1.04,9.25,1.03,10.0,1.04,10.0,1.04,10.0
WTA,2009,26,Paris,French Open,2009-05-28,Grand Slam,Outdoor,Clay,2nd Round,3,Jankovic J.,Rybarikova M.,5.0,53.0,6720.0,1179.0,6.0,1.0,6.0,2.0,,,2.0,0.0,Completed,1.03,11.0,1.04,9.25,1.03,10.0,1.05,8.0,1.03,12.0
WTA,2009,26,Paris,French Open,2009-05-28,Grand Slam,Outdoor,Clay,2nd Round,3,Wozniacki C.,Craybas J.,10.0,97.0,4370.0,667.0,6.0,1.0,6.0,4.0,,,2.0,0.0,Completed,1.05,9.0,1.05,9.0,1.04,9.0,1.05,8.0,1.07,8.0
WTA,2009,26,Paris,French Open,2009-05-28,Grand Slam,Outdoor,Clay,2nd Round,3,Czink M.,Bammer S.,62.0,29.0,972.0,1689.0,4.0,6.0,6.0,3.0,7.0,6.0,2.0,1.0,Completed,1.83,1.83,1.9,1.85,1.909,1.8,2.0,1.73,1.92,1.84
WTA,2009,26,Paris,French Open,2009-05-28,Grand Slam,Outdoor,Clay,2nd Round,3,Williams V.,Safarova L.,3.0,46.0,7237.0,1324.0,6.0,7.0,6.0,2.0,7.0,5.0,2.0,1.0,Completed,1.2,4.33,,,1.222,4.0,1.2,4.0,1.24,3.9
WTA,2009,26,Paris,French Open,2009-05-28,Grand Slam,Outdoor,Clay,2nd Round,3,Martinez-Sanchez M.J.,Kutuzova V.,43.0,90.0,1387.0,708.0,3.0,6.0,6.0,3.0,6.0,3.0,2.0,1.0,Completed,1.44,2.62,1.45,2.6,1.4,2.75,1.444,2.625,1.42,2.8
WTA,2009,26,Paris,French Open,2009-05-28,Grand Slam,Outdoor,Clay,2nd Round,3,Cirstea S.,Cornet A.,41.0,21.0,1416.0,2040.0,6.0,3.0,6.0,2.0,,,2.0,0.0,Completed,2.37,1.53,2.45,1.5,2.375,1.533,2.25,1.62,2.35,1.57
WTA,2009,26,Paris,French Open,2009-05-28,Grand Slam,Outdoor,Clay,2nd Round,3,Razzano V.,Medina Garrigues A.,36.0,20.0,1563.0,2220.0,6.0,2.0,6.0,2.0,,,2.0,0.0,Completed,2.1,1.66,2.1,1.7,2.2,1.615,2.25,1.571,2.14,1.68
WTA,2009,26,Paris,French Open,2009-05-28,Grand Slam,Outdoor,Clay,2nd Round,3,Bondarenko K.,Rogowska O.,60.0,256.0,984.0,194.0,4.0,6.0,7.0,5.0,7.0,5.0,2.0,1.0,Completed,1.2,4.33,1.2,4.25,1.167,4.5,1.2,4.0,1.24,3.9
WTA,2009,26,Paris,French Open,2009-05-28,Grand Slam,Outdoor,Clay,2nd Round,3,Williams S.,Ruano Pascual V.,2.0,133.0,7838.0,498.0,6.0,2.0,6.0,0.0,,,2.0,0.0,Completed,1.08,7.0,1.15,5.0,1.083,7.0,1.1,6.5,1.1,6.75
WTA,2009,26,Paris,French Open,2009-05-28,Grand Slam,Outdoor,Clay,2nd Round,3,Stosur S.,Wickmayer Y.,32.0,63.0,1648.0,972.0,6.0,3.0,4.0,6.0,6.0,4.0,2.0,1.0,Completed,1.66,2.1,1.65,2.15,1.72,2.0,1.73,2.0,1.62,2.24
WTA,2009,26,Paris,French Open,2009-05-28,Grand Slam,Outdoor,Clay,2nd Round,3,Dementieva E.,Dokic J.,4.0,80.0,6931.0,795.0,2.0,6.0,4.0,3.0,,,0.0,1.0,Retired,1.16,4.5,1.17,4.67,1.14,5.0,1.167,4.5,1.18,4.6
WTA,2009,26,Paris,French Open,2009-05-28,Grand Slam,Outdoor,Clay,2nd Round,3,Radwanska A.,Koryttseva M.,12.0,94.0,3411.0,694.0,6.0,1.0,6.0,4.0,,,2.0,0.0,Completed,1.1,6.5,1.1,6.25,1.11,6.0,1.1,6.0,1.11,6.2
WTA,2009,26,Paris,French Open,2009-05-29,Grand Slam,Outdoor,Clay,3rd Round,3,Rezai A.,Larcherde Brito M.,57.0,132.0,1045.0,509.0,7.0,6.0,6.0,2.0,,,2.0,0.0,Completed,1.22,4.0,1.3,3.35,1.25,3.75,1.25,3.75,1.29,3.5
WTA,2009,26,Paris,French Open,2009-05-29,Grand Slam,Outdoor,Clay,3rd Round,3,Ivanovic A.,Benesova I.,8.0,35.0,4892.0,1592.0,6.0,0.0,6.0,2.0,,,2.0,0.0,Completed,1.1,6.5,1.13,5.5,1.12,5.5,1.14,5.5,1.13,5.6
WTA,2009,26,Paris,French Open,2009-05-29,Grand Slam,Outdoor,Clay,3rd Round,3,Cibulkova D.,Dulko G.,19.0,42.0,2345.0,1389.0,6.0,4.0,6.0,2.0,,,2.0,0.0,Completed,1.4,2.75,1.55,2.35,1.5,2.5,1.5,2.625,1.48,2.6
WTA,2009,26,Paris,French Open,2009-05-29,Grand Slam,Outdoor,Clay,3rd Round,3,Szavay A.,Williams V.,31.0,3.0,1649.0,7237.0,6.0,0.0,6.0,4.0,,,2.0,0.0,Completed,3.5,1.28,3.1,1.35,3.5,1.286,3.75,1.25,3.3,1.32
WTA,2009,26,Paris,French Open,2009-05-29,Grand Slam,Outdoor,Clay,3rd Round,3,Safina D.,Pavlyuchenkova A.,1.0,27.0,9801.0,1730.0,6.0,2.0,6.0,0.0,,,2.0,0.0,Completed,1.04,10.0,1.02,11.5,1.05,8.5,1.05,9.0,1.05,9.2
WTA,2009,26,Paris,French Open,2009-05-29,Grand Slam,Outdoor,Clay,3rd Round,3,Li N.,Govortsova O.,25.0,78.0,1834.0,802.0,7.0,5.0,6.0,1.0,,,2.0,0.0,Completed,1.12,5.5,1.15,5.2,1.167,4.5,1.17,5.0,1.13,5.7
WTA,2009,26,Paris,French Open,2009-05-29,Grand Slam,Outdoor,Clay,3rd Round,3,Sharapova M.,Shvedova Y.,102.0,98.0,640.0,663.0,1.0,6.0,6.0,3.0,6.0,4.0,2.0,1.0,Completed,1.28,3.5,1.35,3.1,1.3,3.4,1.364,3.0,1.35,3.1
WTA,2009,26,Paris,French Open,2009-05-30,Grand Slam,Outdoor,Clay,3rd Round,3,Kuznetsova S.,Czink M.,7.0,62.0,5091.0,972.0,6.0,1.0,6.0,3.0,,,2.0,0.0,Completed,1.03,11.0,1.03,10.5,1.04,9.0,1.05,9.0,1.04,11.0
WTA,2009,26,Paris,French Open,2009-05-30,Grand Slam,Outdoor,Clay,3rd Round,3,Stosur S.,Dementieva E.,32.0,4.0,1648.0,6931.0,6.0,3.0,4.0,6.0,6.0,1.0,2.0,1.0,Completed,4.0,1.22,3.46,1.28,3.75,1.25,3.75,1.25,3.55,1.28
WTA,2009,26,Paris,French Open,2009-05-30,Grand Slam,Outdoor,Clay,3rd Round,3,Radwanska A.,Bondarenko K.,12.0,60.0,3411.0,984.0,6.0,2.0,6.0,4.0,,,2.0,0.0,Completed,1.16,4.5,1.2,4.25,1.2,4.333,1.18,4.5,1.21,4.25
WTA,2009,26,Paris,French Open,2009-05-30,Grand Slam,Outdoor,Clay,3rd Round,3,Wozniak A.,Dominguez Lino L.,24.0,87.0,1854.0,735.0,6.0,2.0,3.0,6.0,6.0,3.0,2.0,1.0,Completed,1.53,2.37,1.5,2.45,1.57,2.25,1.57,2.38,1.53,2.45
WTA,2009,26,Paris,French Open,2009-05-30,Grand Slam,Outdoor,Clay,3rd Round,3,Razzano V.,Garbin T.,36.0,71.0,1563.0,893.0,7.0,5.0,7.0,5.0,,,2.0,0.0,Completed,1.33,3.25,1.3,3.4,1.333,3.25,1.33,3.2,1.34,3.2
WTA,2009,26,Paris,French Open,2009-05-30,Grand Slam,Outdoor,Clay,3rd Round,3,Azarenka V.,Suarez Navarro C.,9.0,22.0,4526.0,1946.0,5.0,7.0,7.0,5.0,6.0,2.0,2.0,1.0,Completed,1.44,2.62,1.48,2.55,1.364,3.0,1.444,2.625,1.52,2.45
WTA,2009,26,Paris,French Open,2009-05-30,Grand Slam,Outdoor,Clay,3rd Round,3,Jankovic J.,Groth J.,5.0,73.0,6720.0,853.0,6.0,1.0,6.0,1.0,,,2.0,0.0,Completed,1.01,13.0,1.03,10.5,1.02,11.0,1.03,11.0,1.03,12.0
WTA,2009,26,Paris,French Open,2009-05-30,Grand Slam,Outdoor,Clay,3rd Round,3,Williams S.,Martinez-Sanchez M.J.,2.0,43.0,7838.0,1387.0,4.0,6.0,6.0,3.0,6.0,4.0,2.0,1.0,Completed,1.16,4.5,1.23,4.0,1.167,4.5,1.22,4.0,1.23,4.0
WTA,2009,26,Paris,French Open,2009-05-30,Grand Slam,Outdoor,Clay,3rd Round,3,Cirstea S.,Wozniacki C.,41.0,10.0,1416.0,4370.0,7.0,6.0,7.0,5.0,,,2.0,0.0,Completed,5.0,1.14,4.06,1.21,4.5,1.167,4.5,1.18,4.85,1.17
WTA,2009,26,Paris,French Open,2009-05-31,Grand Slam,Outdoor,Clay,4th Round,3,Cibulkova D.,Szavay A.,19.0,31.0,2345.0,1649.0,6.0,2.0,6.0,4.0,,,2.0,0.0,Completed,2.5,1.5,2.35,1.55,2.2,1.615,2.25,1.615,2.28,1.61
WTA,2009,26,Paris,French Open,2009-05-31,Grand Slam,Outdoor,Clay,4th Round,3,Safina D.,Rezai A.,1.0,57.0,9801.0,1045.0,6.0,1.0,6.0,0.0,,,2.0,0.0,Completed,1.03,11.0,1.02,11.5,1.04,9.0,1.05,9.0,1.04,10.0
WTA,2009,26,Paris,French Open,2009-05-31,Grand Slam,Outdoor,Clay,4th Round,3,Azarenka V.,Ivanovic A.,9.0,8.0,4526.0,4892.0,6.0,2.0,6.0,3.0,,,2.0,0.0,Completed,2.25,1.57,2.4,1.55,2.25,1.57,2.25,1.615,2.15,1.67
WTA,2009,26,Paris,French Open,2009-05-31,Grand Slam,Outdoor,Clay,4th Round,3,Sharapova M.,Li N.,102.0,25.0,640.0,1834.0,6.0,4.0,0.0,6.0,6.0,4.0,2.0,1.0,Completed,1.66,2.1,1.75,2.0,1.72,2.0,1.8,2.0,1.82,1.94
WTA,2009,26,Paris,French Open,2009-06-01,Grand Slam,Outdoor,Clay,4th Round,3,Kuznetsova S.,Radwanska A.,7.0,12.0,5091.0,3411.0,6.0,4.0,1.0,6.0,6.0,1.0,2.0,1.0,Completed,1.22,4.0,1.32,3.2,1.25,3.75,1.25,3.75,1.28,3.55
WTA,2009,26,Paris,French Open,2009-06-01,Grand Slam,Outdoor,Clay,4th Round,3,Williams S.,Wozniak A.,2.0,24.0,7838.0,1854.0,6.0,1.0,6.0,2.0,,,2.0,0.0,Completed,1.14,5.0,1.2,4.25,1.2,4.333,1.2,4.333,1.2,4.35
WTA,2009,26,Paris,French Open,2009-06-01,Grand Slam,Outdoor,Clay,4th Round,3,Cirstea S.,Jankovic J.,41.0,5.0,1416.0,6720.0,3.0,6.0,6.0,0.0,7.0,6.0,2.0,1.0,Completed,5.5,1.12,5.5,1.13,5.5,1.12,5.5,1.143,5.7,1.13
WTA,2009,26,Paris,French Open,2009-06-01,Grand Slam,Outdoor,Clay,4th Round,3,Stosur S.,Razzano V.,32.0,36.0,1648.0,1563.0,6.0,1.0,6.0,2.0,,,2.0,0.0,Completed,1.57,2.25,1.65,2.15,1.615,2.2,1.62,2.25,1.67,2.15
WTA,2009,26,Paris,French Open,2009-06-02,Grand Slam,Outdoor,Clay,Quarterfinals,3,Safina D.,Azarenka V.,1.0,9.0,9801.0,4526.0,1.0,6.0,6.0,4.0,6.0,2.0,2.0,1.0,Completed,1.2,4.5,1.2,4.25,1.222,4.0,1.22,4.0,1.22,4.1
WTA,2009,26,Paris,French Open,2009-06-02,Grand Slam,Outdoor,Clay,Quarterfinals,3,Cibulkova D.,Sharapova M.,19.0,102.0,2345.0,640.0,6.0,0.0,6.0,2.0,,,2.0,0.0,Completed,2.1,1.72,1.95,1.8,2.1,1.72,2.2,1.67,2.02,1.78
WTA,2009,26,Paris,French Open,2009-06-03,Grand Slam,Outdoor,Clay,Quarterfinals,3,Kuznetsova S.,Williams S.,7.0,2.0,5091.0,7838.0,7.0,6.0,5.0,7.0,7.0,5.0,2.0,1.0,Completed,1.9,1.9,1.87,1.87,1.909,1.8,1.9,1.9,1.84,1.94
WTA,2009,26,Paris,French Open,2009-06-03,Grand Slam,Outdoor,Clay,Quarterfinals,3,Stosur S.,Cirstea S.,32.0,41.0,1648.0,1416.0,6.0,1.0,6.0,3.0,,,2.0,0.0,Completed,1.61,2.25,1.6,2.25,1.571,2.25,1.615,2.25,1.65,2.2
WTA,2009,26,Paris,French Open,2009-06-04,Grand Slam,Outdoor,Clay,Semifinals,3,Safina D.,Cibulkova D.,1.0,19.0,9801.0,2345.0,6.0,3.0,6.0,3.0,,,2.0,0.0,Completed,1.14,5.5,1.16,4.8,1.14,5.5,1.14,5.5,1.16,5.2
WTA,2009,26,Paris,French Open,2009-06-04,Grand Slam,Outdoor,Clay,Semifinals,3,Kuznetsova S.,Stosur S.,7.0,32.0,5091.0,1648.0,6.0,4.0,6.0,7.0,6.0,3.0,2.0,1.0,Completed,1.3,3.5,1.28,3.46,1.286,3.5,1.25,3.75,1.31,3.4
WTA,2009,26,Paris,French Open,2009-06-06,Grand Slam,Outdoor,Clay,The Final,3,Kuznetsova S.,Safina D.,7.0,1.0,5091.0,9801.0,6.0,4.0,6.0,2.0,,,2.0,0.0,Completed,2.87,1.4,2.65,1.48,2.75,1.4,2.75,1.444,2.64,1.48
WTA,2009,30,London,Wimbledon,2009-06-22,Grand Slam,Outdoor,Grass,1st Round,3,Hantuchova D.,Robson L.,32.0,488.0,1639.0,69.0,3.0,6.0,6.0,4.0,6.0,2.0,2.0,1.0,Completed,1.08,7.0,1.11,5.95,1.14,5.0,1.13,5.5,1.15,5.2
WTA,2009,30,London,Wimbledon,2009-06-22,Grand Slam,Outdoor,Grass,1st Round,3,Zheng J.,Barrois K.,16.0,68.0,2661.0,951.0,7.0,6.0,7.0,6.0,,,2.0,0.0,Completed,1.16,4.5,1.25,3.75,1.25,3.75,1.25,3.5,1.24,3.9
WTA,2009,30,London,Wimbledon,2009-06-22,Grand Slam,Outdoor,Grass,1st Round,3,Mirza S.,Groenefeld A.L.,85.0,52.0,786.0,1225.0,6.0,2.0,2.0,6.0,6.0,2.0,2.0,1.0,Completed,1.5,2.5,1.55,2.35,1.571,2.25,1.53,2.38,1.63,2.22
WTA,2009,30,London,Wimbledon,2009-06-22,Grand Slam,Outdoor,Grass,1st Round,3,Pavlyuchenkova A.,Cetkovska P.,29.0,153.0,1708.0,413.0,6.0,2.0,6.0,2.0,,,2.0,0.0,Completed,1.25,3.75,1.25,3.75,1.25,3.75,1.22,3.75,1.26,3.7
WTA,2009,30,London,Wimbledon,2009-06-22,Grand Slam,Outdoor,Grass,1st Round,3,Kleybanova A.,Karatantcheva S.,31.0,150.0,1665.0,424.0,6.0,2.0,7.0,5.0,,,2.0,0.0,Completed,1.36,3.0,1.4,2.85,1.36,3.0,1.4,2.75,1.35,3.1
WTA,2009,30,London,Wimbledon,2009-06-22,Grand Slam,Outdoor,Grass,1st Round,3,Dulko G.,Foretz S.,45.0,118.0,1319.0,569.0,6.0,3.0,7.0,5.0,,,2.0,0.0,Completed,1.33,3.25,1.3,3.35,1.3,3.4,1.25,3.5,1.28,3.55
WTA,2009,30,London,Wimbledon,2009-06-22,Grand Slam,Outdoor,Grass,1st Round,3,Kulikova R.,Sprem K.,191.0,94.0,310.0,704.0,4.0,6.0,7.0,5.0,6.0,3.0,2.0,1.0,Completed,1.72,2.0,1.8,1.95,1.909,1.8,1.83,1.83,1.76,2.02
WTA,2009,30,London,Wimbledon,2009-06-22,Grand Slam,Outdoor,Grass,1st Round,3,Cirstea S.,Gallovits E.,27.0,96.0,1756.0,684.0,7.0,5.0,6.0,1.0,,,2.0,0.0,Completed,1.16,4.5,1.23,3.89,1.222,4.0,1.25,3.5,1.18,4.65
WTA,2009,30,London,Wimbledon,2009-06-22,Grand Slam,Outdoor,Grass,1st Round,3,Sharapova M.,Kutuzova V.,60.0,79.0,990.0,804.0,7.0,5.0,6.0,4.0,,,2.0,0.0,Completed,1.05,9.0,1.07,7.19,1.063,8.0,1.071,7.0,1.08,7.5
WTA,2009,30,London,Wimbledon,2009-06-22,Grand Slam,Outdoor,Grass,1st Round,3,Cibulkova D.,Coin J.,13.0,65.0,3065.0,972.0,6.0,4.0,3.0,6.0,6.0,3.0,2.0,1.0,Completed,1.25,3.75,1.23,3.9,1.22,4.0,1.2,4.0,1.22,4.1
WTA,2009,30,London,Wimbledon,2009-06-22,Grand Slam,Outdoor,Grass,1st Round,3,Radwanska U.,Zec Peskiric M.,71.0,98.0,903.0,676.0,6.0,3.0,6.0,3.0,,,2.0,0.0,Completed,1.1,6.5,1.09,7.0,1.12,5.5,1.17,4.5,1.14,5.5
WTA,2009,30,London,Wimbledon,2009-06-22,Grand Slam,Outdoor,Grass,1st Round,3,Peer S.,Camerin M.E.,55.0,92.0,1140.0,717.0,6.0,2.0,7.0,6.0,,,2.0,0.0,Completed,1.9,1.8,1.95,1.8,1.8,1.909,1.8,1.91,1.82,1.94
WTA,2009,30,London,Wimbledon,2009-06-22,Grand Slam,Outdoor,Grass,1st Round,3,Olaru I.,Dechy N.,75.0,77.0,869.0,838.0,1.0,6.0,7.0,6.0,6.0,2.0,2.0,1.0,Completed,3.0,1.36,2.85,1.4,2.75,1.4,2.75,1.4,2.95,1.38
WTA,2009,30,London,Wimbledon,2009-06-22,Grand Slam,Outdoor,Grass,1st Round,3,Groth J.,Safarova L.,69.0,48.0,951.0,1284.0,6.0,3.0,3.0,6.0,6.0,3.0,2.0,1.0,Completed,2.0,1.72,2.1,1.7,2.1,1.667,2.1,1.67,2.1,1.7
WTA,2009,30,London,Wimbledon,2009-06-22,Grand Slam,Outdoor,Grass,1st Round,3,Azarenka V.,Bremond S.,8.0,95.0,4746.0,702.0,6.0,2.0,,,,,1.0,0.0,Retired,1.05,9.0,1.04,9.25,1.05,8.5,1.05,8.0,1.05,9.0
WTA,2009,30,London,Wimbledon,2009-06-22,Grand Slam,Outdoor,Grass,1st Round,3,Vinci R.,Rybarikova M.,53.0,40.0,1154.0,1347.0,6.0,3.0,6.0,2.0,,,2.0,0.0,Completed,3.0,1.36,2.91,1.38,2.75,1.4,2.38,1.53,2.86,1.4
WTA,2009,30,London,Wimbledon,2009-06-22,Grand Slam,Outdoor,Grass,1st Round,3,Williams S.,Silva N.,2.0,154.0,8158.0,412.0,6.0,1.0,7.0,5.0,,,2.0,0.0,Completed,1.005,21.0,1.01,13.5,1.01,17.0,1.01,15.0,1.02,15.0
WTA,2009,30,London,Wimbledon,2009-06-22,Grand Slam,Outdoor,Grass,1st Round,3,Schiavone F.,Wozniak A.,43.0,21.0,1331.0,2114.0,4.0,6.0,6.0,4.0,6.0,4.0,2.0,1.0,Completed,2.5,1.5,2.55,1.5,2.5,1.5,2.38,1.53,2.38,1.55
WTA,2009,30,London,Wimbledon,2009-06-22,Grand Slam,Outdoor,Grass,1st Round,3,Bacsinszky T.,Manasieva V.,109.0,162.0,592.0,368.0,6.0,1.0,4.0,6.0,7.0,6.0,2.0,1.0,Completed,2.1,1.66,2.15,1.65,2.1,1.66,2.1,1.67,2.08,1.72
WTA,2009,30,London,Wimbledon,2009-06-22,Grand Slam,Outdoor,Grass,1st Round,3,Larcherde Brito M.,Zakopalova K.,91.0,122.0,735.0,540.0,6.0,2.0,7.0,5.0,,,2.0,0.0,Completed,2.75,1.4,2.85,1.4,2.625,1.444,2.63,1.44,2.88,1.4
WTA,2009,30,London,Wimbledon,2009-06-22,Grand Slam,Outdoor,Grass,1st Round,3,Petrova N.,Yakimova A.,10.0,81.0,3520.0,790.0,6.0,1.0,6.0,1.0,,,2.0,0.0,Completed,1.11,6.0,1.09,7.0,1.125,5.5,1.14,5.0,1.12,6.0
WTA,2009,30,London,Wimbledon,2009-06-22,Grand Slam,Outdoor,Grass,1st Round,3,Razzano V.,Paszek T.,23.0,63.0,2089.0,980.0,6.0,0.0,3.0,1.0,,,1.0,0.0,Retired,1.1,6.5,1.1,6.25,1.125,5.5,1.08,6.5,1.09,7.0
WTA,2009,30,London,Wimbledon,2009-06-22,Grand Slam,Outdoor,Grass,1st Round,3,Rezai A.,Morita A.,50.0,66.0,1271.0,961.0,6.0,2.0,6.0,2.0,,,2.0,0.0,Completed,1.25,3.75,1.3,3.35,1.3,3.4,1.25,3.5,1.25,3.8
WTA,2009,30,London,Wimbledon,2009-06-22,Grand Slam,Outdoor,Grass,1st Round,3,Craybas J.,Pironkova T.,90.0,83.0,763.0,789.0,6.0,4.0,7.0,5.0,,,2.0,0.0,Completed,2.25,1.57,2.15,1.65,2.1,1.667,2.1,1.67,2.15,1.67
WTA,2009,30,London,Wimbledon,2009-06-22,Grand Slam,Outdoor,Grass,1st Round,3,Dementieva E.,Kudryavtseva A.,4.0,70.0,6591.0,929.0,6.0,4.0,6.0,1.0,,,2.0,0.0,Completed,1.08,7.0,1.1,6.25,1.1,6.5,1.14,5.0,1.14,5.4
WTA,2009,30,London,Wimbledon,2009-06-22,Grand Slam,Outdoor,Grass,1st Round,3,Vesnina E.,Wickmayer Y.,37.0,56.0,1399.0,1070.0,6.0,1.0,6.0,1.0,,,2.0,0.0,Completed,3.75,1.25,3.4,1.3,3.25,1.333,3.25,1.29,3.65,1.27
WTA,2009,30,London,Wimbledon,2009-06-22,Grand Slam,Outdoor,Grass,1st Round,3,Sugiyama A.,Schnyder P.,38.0,22.0,1376.0,2112.0,6.0,4.0,6.0,4.0,,,2.0,0.0,Completed,1.61,2.2,1.67,2.12,1.615,2.2,1.67,2.1,1.66,2.18
WTA,2009,30,London,Wimbledon,2009-06-22,Grand Slam,Outdoor,Grass,1st Round,3,Bartoli M.,Chan Y.J.,11.0,119.0,3235.0,559.0,6.0,0.0,6.0,0.0,,,2.0,0.0,Completed,1.11,6.0,1.18,4.65,1.143,5.0,,,1.16,5.0
WTA,2009,30,London,Wimbledon,2009-06-22,Grand Slam,Outdoor,Grass,1st Round,3,Parra Santonja A.,Tanasugarn T.,206.0,47.0,275.0,1286.0,6.0,4.0,6.0,4.0,,,2.0,0.0,Completed,7.0,1.08,6.25,1.1,5.5,1.125,6.0,1.1,7.0,1.09
WTA,2009,30,London,Wimbledon,2009-06-22,Grand Slam,Outdoor,Grass,1st Round,3,Johansson M.,South M.,86.0,129.0,783.0,493.0,7.0,5.0,7.0,6.0,,,2.0,0.0,Completed,2.62,1.44,2.6,1.45,2.5,1.5,2.75,1.4,2.4,1.54
WTA,2009,30,London,Wimbledon,2009-06-23,Grand Slam,Outdoor,Grass,1st Round,3,Malek T.,Dokic J.,101.0,76.0,650.0,845.0,3.0,6.0,7.0,5.0,6.0,2.0,2.0,1.0,Completed,2.2,1.61,2.15,1.65,2.25,1.57,2.25,1.57,2.22,1.63
WTA,2009,30,London,Wimbledon,2009-06-23,Grand Slam,Outdoor,Grass,1st Round,3,Bondarenko K.,Sevastova A.,73.0,126.0,890.0,528.0,6.0,3.0,7.0,6.0,,,2.0,0.0,Completed,1.5,2.5,1.45,2.6,1.444,2.625,1.44,2.63,1.46,2.64
WTA,2009,30,London,Wimbledon,2009-06-23,Grand Slam,Outdoor,Grass,1st Round,3,Stosur S.,Mattek-Sands B.,19.0,57.0,2212.0,1051.0,6.0,4.0,6.0,7.0,6.0,2.0,2.0,1.0,Completed,1.14,5.0,1.17,4.67,1.167,4.5,1.2,4.0,1.18,4.6
WTA,2009,30,London,Wimbledon,2009-06-23,Grand Slam,Outdoor,Grass,1st Round,3,Li N.,Voskoboeva G.,18.0,89.0,2302.0,764.0,7.0,6.0,6.0,0.0,,,2.0,0.0,Completed,1.08,7.0,1.1,6.25,1.125,5.5,1.1,6.0,1.1,6.75
WTA,2009,30,London,Wimbledon,2009-06-23,Grand Slam,Outdoor,Grass,1st Round,3,Govortsova O.,Perebiynis T.,82.0,183.0,789.0,316.0,4.0,6.0,6.0,3.0,6.0,4.0,2.0,1.0,Completed,1.14,5.0,1.2,4.25,1.2,4.333,,,1.17,4.8
WTA,2009,30,London,Wimbledon,2009-06-23,Grand Slam,Outdoor,Grass,1st Round,3,Kirilenko M.,Kvitova P.,59.0,61.0,1008.0,986.0,6.0,4.0,6.0,4.0,,,2.0,0.0,Completed,1.83,1.83,1.8,1.95,1.833,1.833,1.8,1.91,1.86,1.9
WTA,2009,30,London,Wimbledon,2009-06-23,Grand Slam,Outdoor,Grass,1st Round,3,Jankovic J.,Goerges J.,6.0,93.0,6100.0,716.0,6.0,4.0,7.0,6.0,,,2.0,0.0,Completed,1.1,6.5,1.09,6.68,1.11,6.0,1.17,4.5,1.12,6.0
WTA,2009,30,London,Wimbledon,2009-06-23,Grand Slam,Outdoor,Grass,1st Round,3,Benesova I.,O'Brien K.,35.0,108.0,1510.0,600.0,6.0,2.0,5.0,7.0,6.0,4.0,2.0,1.0,Completed,1.5,2.5,1.5,2.45,1.5,2.5,1.44,2.63,1.53,2.45
WTA,2009,30,London,Wimbledon,2009-06-23,Grand Slam,Outdoor,Grass,1st Round,3,Wozniacki C.,Date Krumm K.,9.0,142.0,4680.0,459.0,5.0,7.0,6.0,3.0,6.0,1.0,2.0,1.0,Completed,1.02,12.0,1.03,10.5,1.02,11.0,1.03,10.0,1.02,15.0
WTA,2009,30,London,Wimbledon,2009-06-23,Grand Slam,Outdoor,Grass,1st Round,3,Williams V.,Voegele S.,3.0,97.0,7217.0,684.0,6.0,3.0,6.0,2.0,,,2.0,0.0,Completed,1.01,15.0,1.02,11.5,1.03,10.0,1.01,13.0,1.03,12.0
WTA,2009,30,London,Wimbledon,2009-06-23,Grand Slam,Outdoor,Grass,1st Round,3,De Los Rios R.,Vaidisova N.,100.0,67.0,650.0,956.0,6.0,4.0,6.0,7.0,6.0,4.0,2.0,1.0,Completed,4.0,1.22,4.25,1.2,4,1.222,3.75,1.22,3.8,1.25
WTA,2009,30,London,Wimbledon,2009-06-23,Grand Slam,Outdoor,Grass,1st Round,3,Mayr P.,Keothavong A.,80.0,51.0,801.0,1270.0,7.0,5.0,6.0,2.0,,,2.0,0.0,Completed,5.0,1.14,4.25,1.2,4.333,1.2,4.0,1.2,4.5,1.19
WTA,2009,30,London,Wimbledon,2009-06-23,Grand Slam,Outdoor,Grass,1st Round,3,Dushevina V.,Cornet A.,49.0,24.0,1279.0,1960.0,3.0,6.0,6.0,0.0,6.0,4.0,2.0,1.0,Completed,1.5,2.5,1.6,2.3,1.571,2.25,1.5,2.5,1.54,2.42
WTA,2009,30,London,Wimbledon,2009-06-23,Grand Slam,Outdoor,Grass,1st Round,3,Shvedova Y.,Niculescu M.,74.0,62.0,871.0,980.0,6.0,1.0,6.0,0.0,,,2.0,0.0,Completed,1.44,2.62,1.45,2.6,1.5,2.5,1.53,2.38,1.45,2.7
WTA,2009,30,London,Wimbledon,2009-06-23,Grand Slam,Outdoor,Grass,1st Round,3,Zvonareva V.,Stoop G.,7.0,185.0,5360.0,314.0,7.0,6.0,4.0,6.0,6.0,4.0,2.0,1.0,Completed,1.03,11.0,1.04,9.25,1.04,9.0,1.04,9.0,1.04,11.0
WTA,2009,30,London,Wimbledon,2009-06-23,Grand Slam,Outdoor,Grass,1st Round,3,Safina D.,Dominguez Lino L.,1.0,72.0,9801.0,901.0,7.0,5.0,6.0,3.0,,,2.0,0.0,Completed,1.01,15.0,1.01,13.5,1.01,13.0,1.02,11.0,1.02,15.0
WTA,2009,30,London,Wimbledon,2009-06-23,Grand Slam,Outdoor,Grass,1st Round,3,Oudin M.,Bammer S.,124.0,26.0,538.0,1775.0,4.0,6.0,6.0,4.0,6.0,2.0,2.0,1.0,Completed,2.1,1.66,2.15,1.65,2.1,1.667,2.25,1.571,2.2,1.64
WTA,2009,30,London,Wimbledon,2009-06-23,Grand Slam,Outdoor,Grass,1st Round,3,Lisicki S.,Chakvetadze A.,41.0,30.0,1346.0,1681.0,4.0,6.0,7.0,6.0,6.0,2.0,2.0,1.0,Completed,2.5,1.5,2.45,1.5,2.375,1.533,2.5,1.5,2.52,1.5
WTA,2009,30,London,Wimbledon,2009-06-23,Grand Slam,Outdoor,Grass,1st Round,3,Garbin T.,Brianti A.,64.0,115.0,979.0,576.0,6.0,4.0,6.0,3.0,,,2.0,0.0,Completed,1.83,1.83,1.87,1.87,1.8,1.909,1.83,1.83,1.86,1.9
WTA,2009,30,London,Wimbledon,2009-06-23,Grand Slam,Outdoor,Grass,1st Round,3,Errani S.,Dubois S.,39.0,104.0,1374.0,622.0,7.0,5.0,6.0,2.0,,,2.0,0.0,Completed,1.5,2.5,1.45,2.6,1.5,2.5,1.4,2.75,1.54,2.42
WTA,2009,30,London,Wimbledon,2009-06-23,Grand Slam,Outdoor,Grass,1st Round,3,Medina Garrigues A.,Domachowska M.,20.0,114.0,2200.0,583.0,3.0,6.0,6.0,3.0,6.0,4.0,2.0,1.0,Completed,1.25,3.75,1.25,3.7,1.286,3.5,1.25,3.5,1.22,4.1
WTA,2009,30,London,Wimbledon,2009-06-23,Grand Slam,Outdoor,Grass,1st Round,3,Pennetta F.,Llagostera Vives N.,15.0,103.0,2860.0,639.0,3.0,6.0,6.0,1.0,6.0,0.0,2.0,1.0,Completed,1.1,6.5,1.15,5.2,1.125,5.5,1.13,5.5,1.17,4.8
WTA,2009,30,London,Wimbledon,2009-06-23,Grand Slam,Outdoor,Grass,1st Round,3,Peng S.,Glatch A.,36.0,105.0,1501.0,615.0,6.0,4.0,2.0,6.0,6.0,4.0,2.0,1.0,Completed,1.66,2.1,1.7,2.1,1.72,2.0,1.57,2.25,1.7,2.1
WTA,2009,30,London,Wimbledon,2009-06-23,Grand Slam,Outdoor,Grass,1st Round,3,Parmentier P.,Amanmuradova A.,78.0,130.0,819.0,488.0,6.0,4.0,1.0,6.0,6.0,3.0,2.0,1.0,Completed,2.0,1.72,2.05,1.75,1.909,1.8,1.91,1.8,1.94,1.82
WTA,2009,30,London,Wimbledon,2009-06-23,Grand Slam,Outdoor,Grass,1st Round,3,Ivanovic A.,Hradecka L.,12.0,58.0,3172.0,1024.0,5.0,7.0,6.0,2.0,7.0,6.0,2.0,1.0,Completed,1.06,8.0,1.08,7.0,1.07,7.5,1.1,6.0,1.08,7.5
WTA,2009,30,London,Wimbledon,2009-06-23,Grand Slam,Outdoor,Grass,1st Round,3,Suarez Navarro C.,Kanepi K.,34.0,25.0,1544.0,1860.0,4.0,6.0,6.0,3.0,6.0,3.0,2.0,1.0,Completed,2.5,1.5,2.45,1.5,2.37,1.53,2.5,1.5,2.32,1.58
WTA,2009,30,London,Wimbledon,2009-06-23,Grand Slam,Outdoor,Grass,1st Round,3,Mauresmo A.,Czink M.,17.0,54.0,2539.0,1152.0,6.0,1.0,4.0,6.0,6.0,2.0,2.0,1.0,Completed,1.22,4.0,1.2,4.25,1.222,4.0,1.22,3.75,1.24,3.9
WTA,2009,30,London,Wimbledon,2009-06-23,Grand Slam,Outdoor,Grass,1st Round,3,Kuznetsova S.,Morigami A.,5.0,715.0,6191.0,30.0,6.0,3.0,7.0,6.0,,,2.0,0.0,Completed,1.02,12.0,1.02,11.5,1.02,11.0,1.02,11.0,1.02,15.0
WTA,2009,30,London,Wimbledon,2009-06-23,Grand Slam,Outdoor,Grass,1st Round,3,Radwanska A.,Martinez-Sanchez M.J.,14.0,290.0,2981.0,162.0,7.0,5.0,6.0,1.0,,,2.0,0.0,Completed,1.11,6.0,1.12,5.61,1.14,5.0,1.14,5.0,1.17,4.8
WTA,2009,30,London,Wimbledon,2009-06-23,Grand Slam,Outdoor,Grass,1st Round,3,Baltacha E.,Bondarenko A.,106.0,33.0,607.0,1591.0,3.0,6.0,6.0,3.0,6.0,4.0,2.0,1.0,Completed,3.0,1.36,3.01,1.35,3,1.364,3.25,1.29,3.0,1.37
WTA,2009,30,London,Wimbledon,2009-06-23,Grand Slam,Outdoor,Grass,1st Round,3,Makarova E.,Zahlavova Strycova B.,46.0,84.0,1295.0,787.0,7.0,5.0,2.0,6.0,6.0,3.0,2.0,1.0,Completed,1.25,3.75,1.22,4.0,1.25,3.75,1.2,4.0,1.22,4.1
WTA,2009,30,London,Wimbledon,2009-06-23,Grand Slam,Outdoor,Grass,1st Round,3,King V.,Koryttseva M.,127.0,87.0,524.0,780.0,6.0,4.0,6.0,2.0,,,2.0,0.0,Completed,2.1,1.66,2.05,1.7,2,1.72,2.25,1.57,2.03,1.75
WTA,2009,30,London,Wimbledon,2009-06-23,Grand Slam,Outdoor,Grass,1st Round,3,Kucova K.,Nakamura A.,149.0,224.0,428.0,246.0,2.0,6.0,6.0,3.0,6.0,3.0,2.0,1.0,Completed,2.25,1.57,,,,,,,2.42,1.54
WTA,2009,30,London,Wimbledon,2009-06-23,Grand Slam,Outdoor,Grass,1st Round,3,Flipkens K.,Szavay A.,110.0,28.0,592.0,1749.0,7.0,5.0,6.0,4.0,,,2.0,0.0,Completed,3.75,1.25,3.46,1.28,3.75,1.25,3.75,1.22,3.6,1.27
WTA,2009,30,London,Wimbledon,2009-06-24,Grand Slam,Outdoor,Grass,2nd Round,3,Sugiyama A.,Parra Santonja A.,38.0,206.0,1376.0,275.0,7.0,6.0,6.0,3.0,,,2.0,0.0,Completed,1.4,2.75,1.41,2.76,1.4,2.75,1.36,2.88,1.4,2.9
WTA,2009,30,London,Wimbledon,2009-06-24,Grand Slam,Outdoor,Grass,2nd Round,3,Cibulkova D.,Radwanska U.,13.0,71.0,3065.0,903.0,6.0,2.0,6.0,4.0,,,2.0,0.0,Completed,1.9,1.8,1.85,1.9,1.83,1.83,1.8,1.91,1.92,1.84
WTA,2009,30,London,Wimbledon,2009-06-24,Grand Slam,Outdoor,Grass,2nd Round,3,Hantuchova D.,Zheng J.,32.0,16.0,1639.0,2661.0,6.0,3.0,7.0,5.0,,,2.0,0.0,Completed,2.1,1.66,2.0,1.75,2.1,1.66,2.0,1.73,2.24,1.62
WTA,2009,30,London,Wimbledon,2009-06-24,Grand Slam,Outdoor,Grass,2nd Round,3,Petrova N.,Peer S.,10.0,55.0,3520.0,1140.0,6.0,3.0,6.0,2.0,,,2.0,0.0,Completed,1.16,4.5,1.2,4.25,1.2,4.333,1.2,4.0,1.2,4.35
WTA,2009,30,London,Wimbledon,2009-06-24,Grand Slam,Outdoor,Grass,2nd Round,3,Dulko G.,Sharapova M.,45.0,60.0,1319.0,990.0,6.0,2.0,3.0,6.0,6.0,4.0,2.0,1.0,Completed,5.0,1.14,4.25,1.2,4.333,1.2,3.75,1.22,4.35,1.2
WTA,2009,30,London,Wimbledon,2009-06-24,Grand Slam,Outdoor,Grass,2nd Round,3,Vesnina E.,Dushevina V.,37.0,49.0,1399.0,1279.0,6.0,3.0,6.0,4.0,,,2.0,0.0,Completed,1.9,1.8,1.85,1.9,1.833,1.833,1.83,1.83,1.88,1.88
WTA,2009,30,London,Wimbledon,2009-06-24,Grand Slam,Outdoor,Grass,2nd Round,3,Razzano V.,Craybas J.,23.0,90.0,2089.0,763.0,6.0,3.0,6.0,0.0,,,2.0,0.0,Completed,1.11,6.0,1.15,5.2,1.143,5.0,1.14,5.0,1.13,5.75
WTA,2009,30,London,Wimbledon,2009-06-24,Grand Slam,Outdoor,Grass,2nd Round,3,Cirstea S.,Mirza S.,27.0,85.0,1756.0,786.0,6.0,4.0,6.0,4.0,,,2.0,0.0,Completed,2.0,1.72,1.9,1.85,2,1.72,2.1,1.67,2.0,1.77
WTA,2009,30,London,Wimbledon,2009-06-24,Grand Slam,Outdoor,Grass,2nd Round,3,Azarenka V.,Olaru I.,8.0,75.0,4746.0,869.0,6.0,0.0,6.0,0.0,,,2.0,0.0,Completed,1.02,12.0,1.03,10.5,1.03,10.0,1.04,9.0,1.03,12.0
WTA,2009,30,London,Wimbledon,2009-06-24,Grand Slam,Outdoor,Grass,2nd Round,3,Williams S.,Groth J.,2.0,69.0,8158.0,951.0,6.0,2.0,6.0,1.0,,,2.0,0.0,Completed,1.02,12.0,1.02,11.5,1.02,11.0,1.02,11.0,1.04,11.0
WTA,2009,30,London,Wimbledon,2009-06-24,Grand Slam,Outdoor,Grass,2nd Round,3,Vinci R.,Pavlyuchenkova A.,53.0,29.0,1154.0,1708.0,6.0,4.0,7.0,6.0,,,2.0,0.0,Completed,2.37,1.53,2.3,1.6,2.375,1.533,2.25,1.57,2.34,1.57
WTA,2009,30,London,Wimbledon,2009-06-24,Grand Slam,Outdoor,Grass,2nd Round,3,Zvonareva V.,Johansson M.,7.0,86.0,5360.0,783.0,6.0,1.0,6.0,3.0,,,2.0,0.0,Completed,1.12,5.5,1.19,4.45,1.143,5.0,1.17,4.5,1.19,4.5
WTA,2009,30,London,Wimbledon,2009-06-24,Grand Slam,Outdoor,Grass,2nd Round,3,Kulikova R.,Kleybanova A.,191.0,31.0,310.0,1665.0,0.0,6.0,6.0,4.0,6.0,1.0,2.0,1.0,Completed,3.75,1.25,3.46,1.28,3.5,1.286,3.5,1.25,3.7,1.26
WTA,2009,30,London,Wimbledon,2009-06-24,Grand Slam,Outdoor,Grass,2nd Round,3,Bartoli M.,Bacsinszky T.,11.0,109.0,3235.0,592.0,7.0,5.0,6.0,1.0,,,2.0,0.0,Completed,1.1,6.5,1.07,7.19,1.083,7.0,1.08,6.5,1.09,7.0
WTA,2009,30,London,Wimbledon,2009-06-24,Grand Slam,Outdoor,Grass,2nd Round,3,Schiavone F.,Larcherde Brito M.,43.0,91.0,1331.0,735.0,7.0,6.0,7.0,6.0,,,2.0,0.0,Completed,1.36,3.0,1.4,2.95,1.364,3.0,1.33,3.0,1.41,2.82
WTA,2009,30,London,Wimbledon,2009-06-24,Grand Slam,Outdoor,Grass,2nd Round,3,Dementieva E.,Rezai A.,4.0,50.0,6591.0,1271.0,6.0,1.0,6.0,3.0,,,2.0,0.0,Completed,1.2,4.33,1.25,3.7,1.2,4.333,1.17,4.5,1.25,3.8
WTA,2009,30,London,Wimbledon,2009-06-25,Grand Slam,Outdoor,Grass,2nd Round,3,Suarez Navarro C.,Makarova E.,34.0,46.0,1544.0,1295.0,7.0,5.0,4.0,6.0,6.0,1.0,2.0,1.0,Completed,2.37,1.53,2.35,1.55,2.5,1.5,2.38,1.53,2.52,1.5
WTA,2009,30,London,Wimbledon,2009-06-25,Grand Slam,Outdoor,Grass,2nd Round,3,Stosur S.,Malek T.,19.0,101.0,2212.0,650.0,4.0,6.0,7.0,6.0,6.0,4.0,2.0,1.0,Completed,1.11,6.0,1.15,5.2,1.125,5.5,1.14,5.0,1.13,5.7
WTA,2009,30,London,Wimbledon,2009-06-25,Grand Slam,Outdoor,Grass,2nd Round,3,Kuznetsova S.,Parmentier P.,5.0,78.0,6191.0,819.0,6.0,1.0,6.0,3.0,,,2.0,0.0,Completed,1.04,10.0,1.06,7.79,1.063,8.0,1.05,8.0,1.06,9.0
WTA,2009,30,London,Wimbledon,2009-06-25,Grand Slam,Outdoor,Grass,2nd Round,3,Radwanska A.,Peng S.,14.0,36.0,2981.0,1501.0,6.0,2.0,6.0,7.0,7.0,6.0,2.0,1.0,Completed,1.1,6.5,1.17,4.67,1.14,5.0,1.14,5.0,1.16,5.0
WTA,2009,30,London,Wimbledon,2009-06-25,Grand Slam,Outdoor,Grass,2nd Round,3,Lisicki S.,Mayr P.,41.0,80.0,1346.0,801.0,6.0,2.0,6.0,4.0,,,2.0,0.0,Completed,1.16,4.5,1.18,4.45,1.167,4.5,1.17,4.5,1.17,4.8
WTA,2009,30,London,Wimbledon,2009-06-25,Grand Slam,Outdoor,Grass,2nd Round,3,Williams V.,Bondarenko K.,3.0,73.0,7217.0,890.0,6.0,3.0,6.0,2.0,,,2.0,0.0,Completed,1.02,12.0,1.04,9.25,1.03,10.0,1.03,10.0,1.04,11.0
WTA,2009,30,London,Wimbledon,2009-06-25,Grand Slam,Outdoor,Grass,2nd Round,3,Li N.,Govortsova O.,18.0,82.0,2302.0,789.0,6.0,4.0,6.0,2.0,,,2.0,0.0,Completed,1.16,4.5,1.2,4.25,1.143,5.0,1.17,4.5,1.2,4.35
WTA,2009,30,London,Wimbledon,2009-06-25,Grand Slam,Outdoor,Grass,2nd Round,3,Safina D.,De Los Rios R.,1.0,100.0,9801.0,650.0,6.0,3.0,7.0,5.0,,,2.0,0.0,Completed,1.02,12.0,1.03,10.5,1.03,10.0,1.04,9.0,1.03,12.0
WTA,2009,30,London,Wimbledon,2009-06-25,Grand Slam,Outdoor,Grass,2nd Round,3,Ivanovic A.,Errani S.,12.0,39.0,3172.0,1374.0,7.0,5.0,6.0,1.0,,,2.0,0.0,Completed,1.16,4.5,1.2,4.25,1.16,4.5,1.17,4.5,1.19,4.5
WTA,2009,30,London,Wimbledon,2009-06-25,Grand Slam,Outdoor,Grass,2nd Round,3,Flipkens K.,Baltacha E.,110.0,106.0,592.0,607.0,7.0,5.0,6.0,1.0,,,2.0,0.0,Completed,2.37,1.53,2.15,1.65,2.2,1.61,2.1,1.67,2.3,1.6
WTA,2009,30,London,Wimbledon,2009-06-25,Grand Slam,Outdoor,Grass,2nd Round,3,Medina Garrigues A.,Garbin T.,20.0,64.0,2200.0,979.0,7.0,6.0,6.0,3.0,,,2.0,0.0,Completed,1.28,3.5,1.3,3.35,1.286,3.5,1.29,3.25,1.3,3.4
WTA,2009,30,London,Wimbledon,2009-06-25,Grand Slam,Outdoor,Grass,2nd Round,3,Wozniacki C.,Kirilenko M.,9.0,59.0,4680.0,1008.0,6.0,0.0,6.0,4.0,,,2.0,0.0,Completed,1.06,8.0,1.1,6.25,1.1,6.5,1.1,7.0,1.1,6.6
WTA,2009,30,London,Wimbledon,2009-06-25,Grand Slam,Outdoor,Grass,2nd Round,3,Mauresmo A.,Kucova K.,17.0,149.0,2539.0,428.0,6.0,3.0,6.0,3.0,,,2.0,0.0,Completed,1.11,6.0,1.13,5.5,1.111,6.0,1.13,5.5,1.12,6.0
WTA,2009,30,London,Wimbledon,2009-06-25,Grand Slam,Outdoor,Grass,2nd Round,3,Pennetta F.,King V.,15.0,127.0,2860.0,524.0,6.0,2.0,6.0,2.0,,,2.0,0.0,Completed,1.14,5.0,1.15,5.2,1.143,5.0,1.14,5.0,1.16,5.0
WTA,2009,30,London,Wimbledon,2009-06-25,Grand Slam,Outdoor,Grass,2nd Round,3,Oudin M.,Shvedova Y.,124.0,74.0,538.0,871.0,3.0,6.0,6.0,2.0,6.0,4.0,2.0,1.0,Completed,2.75,1.4,2.53,1.48,2.625,1.444,2.63,1.44,2.76,1.42
WTA,2009,30,London,Wimbledon,2009-06-25,Grand Slam,Outdoor,Grass,2nd Round,3,Jankovic J.,Benesova I.,6.0,35.0,6100.0,1510.0,6.0,2.0,6.0,4.0,,,2.0,0.0,Completed,1.14,5.0,1.15,5.2,1.14,5.0,1.14,5.0,1.15,5.2
WTA,2009,30,London,Wimbledon,2009-06-26,Grand Slam,Outdoor,Grass,3rd Round,3,Hantuchova D.,Sugiyama A.,32.0,38.0,1639.0,1376.0,6.0,4.0,6.0,3.0,,,2.0,0.0,Completed,1.38,2.87,1.4,2.85,1.4,2.75,1.36,2.88,1.43,2.75
WTA,2009,30,London,Wimbledon,2009-06-26,Grand Slam,Outdoor,Grass,3rd Round,3,Williams S.,Vinci R.,2.0,53.0,8158.0,1154.0,6.0,3.0,6.0,4.0,,,2.0,0.0,Completed,1.01,13.0,1.04,9.5,1.02,11.0,1.03,10.0,1.05,9.0
WTA,2009,30,London,Wimbledon,2009-06-26,Grand Slam,Outdoor,Grass,3rd Round,3,Dementieva E.,Kulikova R.,4.0,191.0,6591.0,310.0,6.0,1.0,6.0,2.0,,,2.0,0.0,Completed,1.06,8.0,1.1,6.25,1.1,6.5,1.07,7.0,1.08,7.5
WTA,2009,30,London,Wimbledon,2009-06-26,Grand Slam,Outdoor,Grass,3rd Round,3,Razzano V.,Zvonareva V.,23.0,7.0,2089.0,5360.0,,,,,,,,,Walkover,1.57,2.25,1.6,2.3,1.615,2.2,1.62,2.25,1.55,2.38
WTA,2009,30,London,Wimbledon,2009-06-26,Grand Slam,Outdoor,Grass,3rd Round,3,Vesnina E.,Cibulkova D.,37.0,13.0,1399.0,3065.0,7.0,5.0,4.0,6.0,6.0,4.0,2.0,1.0,Completed,1.66,2.1,1.66,2.13,1.72,2.0,1.73,2.0,1.7,2.1
WTA,2009,30,London,Wimbledon,2009-06-26,Grand Slam,Outdoor,Grass,3rd Round,3,Petrova N.,Dulko G.,10.0,45.0,3520.0,1319.0,3.0,6.0,6.0,3.0,6.0,4.0,2.0,1.0,Completed,1.3,3.4,1.35,3.1,1.333,3.25,1.36,2.88,1.35,3.1
WTA,2009,30,London,Wimbledon,2009-06-26,Grand Slam,Outdoor,Grass,3rd Round,3,Azarenka V.,Cirstea S.,8.0,27.0,4746.0,1756.0,7.0,6.0,6.0,3.0,,,2.0,0.0,Completed,1.1,6.5,1.1,6.25,1.111,6.0,1.1,6.0,1.09,7.0
WTA,2009,30,London,Wimbledon,2009-06-26,Grand Slam,Outdoor,Grass,3rd Round,3,Schiavone F.,Bartoli M.,43.0,11.0,1331.0,3235.0,7.0,6.0,6.0,0.0,,,2.0,0.0,Completed,2.75,1.4,2.85,1.4,2.625,1.444,2.75,1.4,2.75,1.43
WTA,2009,30,London,Wimbledon,2009-06-27,Grand Slam,Outdoor,Grass,3rd Round,3,Oudin M.,Jankovic J.,124.0,6.0,538.0,6100.0,6.0,7.0,7.0,5.0,6.0,2.0,2.0,1.0,Completed,9.0,1.05,6.25,1.1,7,1.08,7.5,1.071,7.5,1.08
WTA,2009,30,London,Wimbledon,2009-06-27,Grand Slam,Outdoor,Grass,3rd Round,3,Ivanovic A.,Stosur S.,12.0,19.0,3172.0,2212.0,7.0,5.0,6.0,2.0,,,2.0,0.0,Completed,1.66,2.1,1.7,2.1,1.61,2.2,1.67,2.1,1.65,2.2
WTA,2009,30,London,Wimbledon,2009-06-27,Grand Slam,Outdoor,Grass,3rd Round,3,Wozniacki C.,Medina Garrigues A.,9.0,20.0,4680.0,2200.0,6.0,2.0,6.0,2.0,,,2.0,0.0,Completed,1.08,7.0,1.1,6.25,1.111,6.0,1.1,6.0,1.13,5.7
WTA,2009,30,London,Wimbledon,2009-06-27,Grand Slam,Outdoor,Grass,3rd Round,3,Williams V.,Suarez Navarro C.,3.0,34.0,7217.0,1544.0,6.0,0.0,6.0,4.0,,,2.0,0.0,Completed,1.02,12.0,1.04,9.25,1.04,9.0,1.03,10.0,1.05,9.5
WTA,2009,30,London,Wimbledon,2009-06-27,Grand Slam,Outdoor,Grass,3rd Round,3,Mauresmo A.,Pennetta F.,17.0,15.0,2539.0,2860.0,7.0,5.0,6.0,3.0,,,2.0,0.0,Completed,1.5,2.5,1.5,2.45,1.533,2.375,1.533,2.375,1.52,2.48
WTA,2009,30,London,Wimbledon,2009-06-27,Grand Slam,Outdoor,Grass,3rd Round,3,Lisicki S.,Kuznetsova S.,41.0,5.0,1346.0,6191.0,6.0,2.0,7.0,5.0,,,2.0,0.0,Completed,4.33,1.2,4.25,1.2,4.5,1.167,3.75,1.222,3.8,1.25
WTA,2009,30,London,Wimbledon,2009-06-27,Grand Slam,Outdoor,Grass,3rd Round,3,Radwanska A.,Li N.,14.0,18.0,2981.0,2302.0,6.0,4.0,7.0,5.0,,,2.0,0.0,Completed,1.66,2.1,1.8,1.95,1.8,1.9,1.727,2.0,1.8,1.98
WTA,2009,30,London,Wimbledon,2009-06-27,Grand Slam,Outdoor,Grass,3rd Round,3,Safina D.,Flipkens K.,1.0,110.0,9801.0,592.0,7.0,5.0,6.0,1.0,,,2.0,0.0,Completed,1.07,7.5,1.1,6.0,1.06,8.0,1.1,7.0,1.09,7.0
WTA,2009,30,London,Wimbledon,2009-06-29,Grand Slam,Outdoor,Grass,4th Round,3,Radwanska A.,Oudin M.,14.0,124.0,2981.0,538.0,6.0,4.0,7.0,5.0,,,2.0,0.0,Completed,1.2,4.33,1.25,3.7,1.25,3.75,1.25,3.75,1.22,4.1
WTA,2009,30,London,Wimbledon,2009-06-29,Grand Slam,Outdoor,Grass,4th Round,3,Azarenka V.,Petrova N.,8.0,10.0,4746.0,3520.0,7.0,6.0,2.0,6.0,6.0,3.0,2.0,1.0,Completed,1.33,3.25,1.32,3.22,1.364,3.0,1.36,3.0,1.35,3.1
WTA,2009,30,London,Wimbledon,2009-06-29,Grand Slam,Outdoor,Grass,4th Round,3,Dementieva E.,Vesnina E.,4.0,37.0,6591.0,1399.0,6.0,1.0,6.0,3.0,,,2.0,0.0,Completed,1.2,4.33,1.25,3.75,1.167,4.5,1.25,3.75,1.24,3.9
WTA,2009,30,London,Wimbledon,2009-06-29,Grand Slam,Outdoor,Grass,4th Round,3,Williams V.,Ivanovic A.,3.0,12.0,7217.0,3172.0,6.0,1.0,0.0,1.0,,,1.0,0.0,Retired,1.16,4.5,1.2,4.3,1.2,4.33,1.22,4.0,1.22,4.1
WTA,2009,30,London,Wimbledon,2009-06-29,Grand Slam,Outdoor,Grass,4th Round,3,Williams S.,Hantuchova D.,2.0,32.0,8158.0,1639.0,6.0,3.0,6.0,1.0,,,2.0,0.0,Completed,1.06,8.0,1.07,7.19,1.07,7.5,1.071,8.0,1.08,7.5
WTA,2009,30,London,Wimbledon,2009-06-29,Grand Slam,Outdoor,Grass,4th Round,3,Schiavone F.,Razzano V.,43.0,23.0,1331.0,2089.0,6.0,2.0,7.0,6.0,,,2.0,0.0,Completed,2.37,1.53,2.3,1.6,2.2,1.615,2.38,1.57,2.34,1.57
WTA,2009,30,London,Wimbledon,2009-06-29,Grand Slam,Outdoor,Grass,4th Round,3,Lisicki S.,Wozniacki C.,41.0,9.0,1346.0,4680.0,6.0,4.0,6.0,4.0,,,2.0,0.0,Completed,2.75,1.4,2.8,1.4,2.75,1.4,3.0,1.36,2.85,1.4
WTA,2009,30,London,Wimbledon,2009-06-29,Grand Slam,Outdoor,Grass,4th Round,3,Safina D.,Mauresmo A.,1.0,17.0,9801.0,2539.0,4.0,6.0,6.0,3.0,6.0,4.0,2.0,1.0,Completed,1.53,2.37,1.55,2.35,1.533,2.375,1.57,2.38,1.56,2.36
WTA,2009,30,London,Wimbledon,2009-06-30,Grand Slam,Outdoor,Grass,Quarterfinals,3,Safina D.,Lisicki S.,1.0,41.0,9801.0,1346.0,6.0,7.0,6.0,4.0,6.0,1.0,2.0,1.0,Completed,1.44,2.75,1.4,2.85,1.444,2.625,1.5,2.63,1.48,2.62
WTA,2009,30,London,Wimbledon,2009-06-30,Grand Slam,Outdoor,Grass,Quarterfinals,3,Williams V.,Radwanska A.,3.0,14.0,7217.0,2981.0,6.0,1.0,6.0,2.0,,,2.0,0.0,Completed,1.07,8.0,1.13,5.5,1.1,6.5,1.083,7.0,1.12,6.1
WTA,2009,30,London,Wimbledon,2009-06-30,Grand Slam,Outdoor,Grass,Quarterfinals,3,Dementieva E.,Schiavone F.,4.0,43.0,6591.0,1331.0,6.0,2.0,6.0,2.0,,,2.0,0.0,Completed,1.25,4.0,1.28,3.46,1.286,3.5,1.286,3.5,1.31,3.4
WTA,2009,30,London,Wimbledon,2009-06-30,Grand Slam,Outdoor,Grass,Quarterfinals,3,Williams S.,Azarenka V.,2.0,8.0,8158.0,4746.0,6.0,2.0,6.0,3.0,,,2.0,0.0,Completed,1.28,3.75,1.25,3.75,1.286,3.5,1.286,3.6,1.3,3.5
WTA,2009,30,London,Wimbledon,2009-07-02,Grand Slam,Outdoor,Grass,Semifinals,3,Williams S.,Dementieva E.,2.0,4.0,8158.0,6591.0,6.0,7.0,7.0,5.0,7.0,6.0,2.0,1.0,Completed,1.16,5.0,1.18,4.5,1.167,4.5,1.167,5.0,1.19,4.6
WTA,2009,30,London,Wimbledon,2009-07-02,Grand Slam,Outdoor,Grass,Semifinals,3,Williams V.,Safina D.,3.0,1.0,7217.0,9801.0,6.0,1.0,6.0,0.0,,,2.0,0.0,Completed,1.16,5.0,1.17,4.56,1.167,4.5,1.2,4.5,1.17,4.8
WTA,2009,30,London,Wimbledon,2009-07-04,Grand Slam,Outdoor,Grass,The Final,3,Williams S.,Williams V.,2.0,3.0,8158.0,7217.0,7.0,6.0,6.0,2.0,,,2.0,0.0,Completed,2.37,1.57,2.5,1.53,2.5,1.533,2.5,1.533,2.35,1.6
WTA,2009,43,New York,US Open,2009-08-31,Grand Slam,Outdoor,Hard,1st Round,3,Azarenka V.,Dulgheru A.,9.0,78.0,4612.0,806.0,6.0,1.0,6.0,1.0,,,2.0,0.0,Completed,1.01,13.0,1.01,13.5,1.015,13.0,1.02,11.0,1.02,14.0
WTA,2009,43,New York,US Open,2009-08-31,Grand Slam,Outdoor,Hard,1st Round,3,Schiavone F.,Meusburger Y.,28.0,122.0,1815.0,531.0,6.0,1.0,6.0,2.0,,,2.0,0.0,Completed,1.33,3.25,1.32,3.22,1.3,3.4,1.25,3.5,1.33,3.2
WTA,2009,43,New York,US Open,2009-08-31,Grand Slam,Outdoor,Hard,1st Round,3,Voegele S.,Brianti A.,77.0,85.0,809.0,752.0,6.0,7.0,6.0,1.0,6.0,3.0,2.0,1.0,Completed,1.61,2.2,1.8,1.95,1.61,2.2,1.727,2.0,1.77,2.0
WTA,2009,43,New York,US Open,2009-08-31,Grand Slam,Outdoor,Hard,1st Round,3,King V.,Yakimova A.,114.0,89.0,556.0,723.0,2.0,1.0,,,,,0.0,0.0,Retired,1.57,2.25,1.65,2.15,1.615,2.2,1.727,2.0,1.67,2.15
WTA,2009,43,New York,US Open,2009-08-31,Grand Slam,Outdoor,Hard,1st Round,3,Stosur S.,Sugiyama A.,15.0,71.0,2764.0,916.0,6.0,4.0,4.0,6.0,6.0,4.0,2.0,1.0,Completed,1.06,8.0,1.1,6.75,1.111,6.0,1.071,7.0,1.1,6.6
WTA,2009,43,New York,US Open,2009-08-31,Grand Slam,Outdoor,Hard,1st Round,3,Kirilenko M.,Koryttseva M.,59.0,127.0,1044.0,480.0,6.0,2.0,6.0,1.0,,,2.0,0.0,Completed,1.36,3.0,1.4,2.85,1.4,2.75,1.4,2.75,1.42,2.8
WTA,2009,43,New York,US Open,2009-08-31,Grand Slam,Outdoor,Hard,1st Round,3,Radwanska A.,Mayr P.,12.0,82.0,3180.0,767.0,6.0,1.0,6.0,2.0,,,2.0,0.0,Completed,1.11,6.0,1.19,4.39,1.14,5.0,1.182,4.5,1.15,5.2
WTA,2009,43,New York,US Open,2009-08-31,Grand Slam,Outdoor,Hard,1st Round,3,Clijsters K.,Kutuzova V.,,79.0,,802.0,6.0,1.0,6.0,1.0,,,2.0,0.0,Completed,1.02,12.0,1.02,11.5,1.04,9.0,1.02,11.0,1.03,12.0
WTA,2009,43,New York,US Open,2009-08-31,Grand Slam,Outdoor,Hard,1st Round,3,Wozniak A.,Granville L.,39.0,364.0,1419.0,112.0,6.0,1.0,7.0,6.0,,,2.0,0.0,Completed,1.12,5.5,1.15,5.2,1.16,4.5,1.125,5.5,1.14,5.5
WTA,2009,43,New York,US Open,2009-08-31,Grand Slam,Outdoor,Hard,1st Round,3,Bartoli M.,De Los Rios R.,14.0,80.0,3005.0,788.0,6.0,1.0,6.0,0.0,,,2.0,0.0,Completed,1.06,8.0,1.07,7.19,1.111,6.0,1.08,6.5,1.07,8.0
WTA,2009,43,New York,US Open,2009-08-31,Grand Slam,Outdoor,Hard,1st Round,3,Pennetta F.,Gallovits E.,10.0,91.0,3490.0,715.0,6.0,0.0,6.0,4.0,,,2.0,0.0,Completed,1.05,9.0,1.07,7.19,1.083,7.0,1.05,8.0,1.06,9.0
WTA,2009,43,New York,US Open,2009-08-31,Grand Slam,Outdoor,Hard,1st Round,3,Chang K.C.,Kanepi K.,212.0,27.0,263.0,1825.0,6.0,0.0,2.0,6.0,6.0,2.0,2.0,1.0,Completed,2.75,1.4,,,2.75,1.4,2.5,1.5,2.62,1.46
WTA,2009,43,New York,US Open,2009-08-31,Grand Slam,Outdoor,Hard,1st Round,3,Rybarikova M.,Tetreault V.,46.0,161.0,1350.0,376.0,6.0,3.0,4.0,6.0,6.0,1.0,2.0,1.0,Completed,1.16,4.5,1.2,4.25,1.167,4.5,1.18,4.33,1.2,4.35
WTA,2009,43,New York,US Open,2009-08-31,Grand Slam,Outdoor,Hard,1st Round,3,Zahlavova Strycova B.,Domachowska M.,117.0,141.0,548.0,438.0,2.0,6.0,6.0,2.0,6.0,3.0,2.0,1.0,Completed,2.0,1.72,1.95,1.8,1.833,1.833,2.0,1.73,2.03,1.75
WTA,2009,43,New York,US Open,2009-08-31,Grand Slam,Outdoor,Hard,1st Round,3,Mirza S.,Govortsova O.,74.0,65.0,861.0,980.0,6.0,2.0,3.0,6.0,6.0,3.0,2.0,1.0,Completed,2.1,1.66,2.1,1.7,1.909,1.8,1.909,1.8,2.15,1.67
WTA,2009,43,New York,US Open,2009-08-31,Grand Slam,Outdoor,Hard,1st Round,3,Williams S.,Glatch A.,2.0,103.0,8907.0,612.0,6.0,4.0,6.0,1.0,,,2.0,0.0,Completed,1.01,15.0,1.01,16.0,1.015,13.0,1.007,17.0,1.01,20.0
WTA,2009,43,New York,US Open,2009-08-31,Grand Slam,Outdoor,Hard,1st Round,3,Mauresmo A.,Malek T.,17.0,66.0,2461.0,968.0,6.0,3.0,6.0,4.0,,,2.0,0.0,Completed,1.11,6.0,1.13,5.5,1.143,5.0,1.143,5.0,1.14,5.5
WTA,2009,43,New York,US Open,2009-08-31,Grand Slam,Outdoor,Hard,1st Round,3,Czink M.,Camerin M.E.,51.0,86.0,1127.0,738.0,6.0,3.0,6.0,4.0,,,2.0,0.0,Completed,1.4,2.75,1.42,2.75,1.4,2.75,1.364,2.875,1.44,2.7
WTA,2009,43,New York,US Open,2009-08-31,Grand Slam,Outdoor,Hard,1st Round,3,Craybas J.,Gullickson C.,75.0,132.0,821.0,464.0,6.0,3.0,7.0,6.0,,,2.0,0.0,Completed,1.53,2.37,1.6,2.3,1.571,2.25,1.615,2.2,1.67,2.15
WTA,2009,43,New York,US Open,2009-08-31,Grand Slam,Outdoor,Hard,1st Round,3,Zvonareva V.,Llagostera Vives N.,7.0,100.0,5300.0,634.0,6.0,0.0,6.0,4.0,,,2.0,0.0,Completed,1.05,9.0,1.07,7.19,1.083,7.0,1.083,6.5,1.08,7.5
WTA,2009,43,New York,US Open,2009-08-31,Grand Slam,Outdoor,Hard,1st Round,3,Chakvetadze A.,Sema E.,68.0,282.0,938.0,168.0,4.0,6.0,6.0,1.0,6.0,2.0,2.0,1.0,Completed,1.083,7.0,,,1.1,6.5,1.08,6.5,1.08,7.5
WTA,2009,43,New York,US Open,2009-08-31,Grand Slam,Outdoor,Hard,1st Round,3,Kerber A.,Petkovic A.,107.0,54.0,587.0,1102.0,6.0,4.0,5.0,7.0,6.0,3.0,2.0,1.0,Completed,2.25,1.57,2.05,1.7,2,1.72,2.0,1.73,2.06,1.73
WTA,2009,43,New York,US Open,2009-08-31,Grand Slam,Outdoor,Hard,1st Round,3,Medina Garrigues A.,Brodsky G.,21.0,423.0,2050.0,87.0,6.0,4.0,6.0,4.0,,,2.0,0.0,Completed,1.06,8.0,1.1,6.75,1.083,7.0,1.04,9.0,1.12,6.0
WTA,2009,43,New York,US Open,2009-08-31,Grand Slam,Outdoor,Hard,1st Round,3,Mattek-Sands B.,Benesova I.,124.0,34.0,525.0,1570.0,6.0,3.0,6.0,4.0,,,2.0,0.0,Completed,3.0,1.36,2.75,1.42,2.75,1.4,3.0,1.333,3.1,1.35
WTA,2009,43,New York,US Open,2009-08-31,Grand Slam,Outdoor,Hard,1st Round,3,Bacsinszky T.,Manasieva V.,73.0,125.0,908.0,502.0,6.0,3.0,6.0,4.0,,,2.0,0.0,Completed,1.53,2.37,1.6,2.3,1.615,2.2,1.67,2.1,1.62,2.24
WTA,2009,43,New York,US Open,2009-08-31,Grand Slam,Outdoor,Hard,1st Round,3,Larcherde Brito M.,Johansson M.,861.0,97.0,17.0,657.0,1.0,6.0,7.0,5.0,6.0,1.0,2.0,1.0,Completed,1.4,2.75,1.48,2.53,1.444,2.625,1.444,2.625,1.46,2.64
WTA,2009,43,New York,US Open,2009-08-31,Grand Slam,Outdoor,Hard,1st Round,3,Vesnina E.,Hradecka L.,23.0,61.0,1915.0,1037.0,6.0,4.0,7.0,6.0,,,2.0,0.0,Completed,1.2,4.33,1.23,3.89,1.25,3.75,1.25,3.5,1.25,3.8
WTA,2009,43,New York,US Open,2009-08-31,Grand Slam,Outdoor,Hard,1st Round,3,Flipkens K.,Dokic J.,93.0,83.0,708.0,766.0,6.0,3.0,6.0,4.0,,,2.0,0.0,Completed,2.0,1.72,2.15,1.65,2.1,1.66,2.1,1.667,2.03,1.75
WTA,2009,43,New York,US Open,2009-08-31,Grand Slam,Outdoor,Hard,1st Round,3,Martinez-Sanchez M.J.,Bammer S.,43.0,29.0,1376.0,1800.0,6.0,4.0,1.0,6.0,7.0,6.0,2.0,1.0,Completed,2.75,1.4,2.67,1.44,2.75,1.4,2.75,1.4,2.46,1.52
WTA,2009,43,New York,US Open,2009-08-31,Grand Slam,Outdoor,Hard,1st Round,3,Hantuchova D.,Shaughnessy M.,24.0,902.0,1909.0,14.0,6.0,2.0,4.0,6.0,6.0,1.0,2.0,1.0,Completed,1.1,6.5,1.1,6.25,1.12,5.5,1.071,7.0,1.14,5.4
WTA,2009,43,New York,US Open,2009-08-31,Grand Slam,Outdoor,Hard,1st Round,3,Li N.,Olaru I.,19.0,53.0,2132.0,1109.0,7.0,6.0,6.0,3.0,,,2.0,0.0,Completed,1.16,4.5,1.17,4.67,1.2,4.333,1.2,4.0,1.23,4.0
WTA,2009,43,New York,US Open,2009-09-01,Grand Slam,Outdoor,Hard,1st Round,3,Williams V.,Dushevina V.,3.0,47.0,6865.0,1319.0,6.0,7.0,7.0,5.0,6.0,3.0,2.0,1.0,Completed,1.05,9.0,1.04,8.5,1.071,7.5,1.071,8.0,1.05,9.5
WTA,2009,43,New York,US Open,2009-09-01,Grand Slam,Outdoor,Hard,1st Round,3,Peng S.,Groth J.,44.0,62.0,1355.0,1001.0,6.0,2.0,6.0,3.0,,,2.0,0.0,Completed,1.33,3.25,1.3,3.35,1.33,3.25,1.286,3.25,1.32,3.25
WTA,2009,43,New York,US Open,2009-09-01,Grand Slam,Outdoor,Hard,1st Round,3,Errani S.,Rus A.,42.0,106.0,1380.0,589.0,6.0,0.0,6.0,3.0,,,2.0,0.0,Completed,1.2,4.33,1.2,4.25,1.167,4.5,1.22,3.75,1.18,4.6
WTA,2009,43,New York,US Open,2009-09-01,Grand Slam,Outdoor,Hard,1st Round,3,Martic P.,Bremond S.,137.0,99.0,453.0,644.0,6.0,4.0,6.0,2.0,,,2.0,0.0,Completed,1.33,3.25,1.23,3.85,1.286,3.5,1.36,2.88,1.23,4.0
WTA,2009,43,New York,US Open,2009-09-01,Grand Slam,Outdoor,Hard,1st Round,3,Wozniacki C.,Voskoboeva G.,8.0,87.0,4730.0,735.0,6.0,4.0,6.0,0.0,,,2.0,0.0,Completed,1.02,12.0,1.03,10.0,1.03,10.0,1.03,10.0,1.03,12.0
WTA,2009,43,New York,US Open,2009-09-01,Grand Slam,Outdoor,Hard,1st Round,3,Schnyder P.,Safarova L.,20.0,48.0,2117.0,1249.0,4.0,6.0,6.0,3.0,7.0,6.0,2.0,1.0,Completed,2.0,1.72,2.05,1.7,1.909,1.8,1.83,1.83,2.15,1.67
WTA,2009,43,New York,US Open,2009-09-01,Grand Slam,Outdoor,Hard,1st Round,3,Cirstea S.,Morita A.,26.0,69.0,1866.0,920.0,6.0,1.0,6.0,3.0,,,2.0,0.0,Completed,1.12,5.5,1.13,5.5,1.14,5.0,1.17,4.5,1.12,6.0
WTA,2009,43,New York,US Open,2009-09-01,Grand Slam,Outdoor,Hard,1st Round,3,Bondarenko A.,Kudryavtseva A.,32.0,94.0,1650.0,689.0,3.0,6.0,6.0,3.0,6.0,2.0,2.0,1.0,Completed,1.22,4.0,1.22,3.99,1.222,4.0,1.22,3.75,1.23,4.0
WTA,2009,43,New York,US Open,2009-09-01,Grand Slam,Outdoor,Hard,1st Round,3,Sevastova A.,Tanasugarn T.,96.0,90.0,666.0,723.0,6.0,3.0,7.0,5.0,,,2.0,0.0,Completed,1.83,1.83,1.73,2.03,1.833,1.833,1.833,1.833,1.86,1.9
WTA,2009,43,New York,US Open,2009-09-01,Grand Slam,Outdoor,Hard,1st Round,3,Dubois S.,Mladenovic K.,113.0,291.0,559.0,158.0,6.0,0.0,6.0,4.0,,,2.0,0.0,Completed,1.5,2.5,1.48,2.53,1.533,2.375,1.444,2.625,1.48,2.58
WTA,2009,43,New York,US Open,2009-09-01,Grand Slam,Outdoor,Hard,1st Round,3,Wickmayer Y.,Razzano V.,50.0,18.0,1149.0,2419.0,6.0,4.0,6.0,3.0,,,2.0,0.0,Completed,2.0,1.72,2.15,1.65,2.1,1.667,2.0,1.727,2.1,1.7
WTA,2009,43,New York,US Open,2009-09-01,Grand Slam,Outdoor,Hard,1st Round,3,Kuznetsova S.,Goerges J.,6.0,92.0,5960.0,713.0,6.0,3.0,6.0,2.0,,,2.0,0.0,Completed,1.05,9.0,1.04,9.25,1.05,8.5,1.04,9.0,1.05,9.5
WTA,2009,43,New York,US Open,2009-09-01,Grand Slam,Outdoor,Hard,1st Round,3,Dulko G.,Makarova E.,40.0,41.0,1399.0,1397.0,6.0,3.0,5.0,7.0,6.0,4.0,2.0,1.0,Completed,1.83,1.83,1.85,1.9,1.8,1.909,1.833,1.833,1.86,1.9
WTA,2009,43,New York,US Open,2009-09-01,Grand Slam,Outdoor,Hard,1st Round,3,Rodionova An.,Dominguez Lino L.,139.0,101.0,445.0,632.0,6.0,0.0,4.0,6.0,6.0,1.0,2.0,1.0,Completed,1.36,3.0,1.42,2.75,1.4,2.75,1.4,2.75,1.44,2.72
WTA,2009,43,New York,US Open,2009-09-01,Grand Slam,Outdoor,Hard,1st Round,3,Safina D.,Rogowska O.,1.0,167.0,9810.0,357.0,6.0,7.0,6.0,2.0,6.0,4.0,2.0,1.0,Completed,1.005,21.0,1.01,16.0,1.01,17.0,1.01,17.0,1.01,16.0
WTA,2009,43,New York,US Open,2009-09-01,Grand Slam,Outdoor,Hard,1st Round,3,Oudin M.,Pavlyuchenkova A.,70.0,36.0,918.0,1560.0,6.0,1.0,6.0,2.0,,,2.0,0.0,Completed,1.8,1.9,1.8,1.94,1.833,1.833,1.83,1.83,1.75,2.03
WTA,2009,43,New York,US Open,2009-09-01,Grand Slam,Outdoor,Hard,1st Round,3,Lisicki S.,Rezai A.,25.0,38.0,1890.0,1535.0,7.0,6.0,6.0,7.0,6.0,1.0,2.0,1.0,Completed,1.72,2.0,1.75,2.05,1.615,2.2,1.8,2.0,1.78,2.0
WTA,2009,43,New York,US Open,2009-09-01,Grand Slam,Outdoor,Hard,1st Round,3,Petrova N.,Srebotnik K.,13.0,56.0,3120.0,1082.0,6.0,3.0,6.0,3.0,,,2.0,0.0,Completed,1.14,5.0,1.13,5.5,1.167,4.5,1.143,5.0,1.2,4.3
WTA,2009,43,New York,US Open,2009-09-01,Grand Slam,Outdoor,Hard,1st Round,3,Kvitova P.,Kleybanova A.,72.0,30.0,915.0,1795.0,6.0,7.0,6.0,3.0,6.0,2.0,2.0,1.0,Completed,3.75,1.25,4.0,1.25,3.5,1.286,3.2,1.3,4.1,1.22
WTA,2009,43,New York,US Open,2009-09-01,Grand Slam,Outdoor,Hard,1st Round,3,Garbin T.,Cecil M.,58.0,484.0,1047.0,70.0,6.0,0.0,6.0,1.0,,,2.0,0.0,Completed,1.11,6.0,1.13,5.8,1.111,6.0,1.1,6.0,1.15,5.2
WTA,2009,43,New York,US Open,2009-09-01,Grand Slam,Outdoor,Hard,1st Round,3,Coin J.,Hrdinova E.,60.0,204.0,1039.0,274.0,6.0,3.0,6.0,3.0,,,2.0,0.0,Completed,1.5,2.5,1.45,2.6,1.533,2.375,1.533,2.375,1.45,2.67
WTA,2009,43,New York,US Open,2009-09-01,Grand Slam,Outdoor,Hard,1st Round,3,Barrois K.,Radwanska U.,67.0,63.0,950.0,999.0,6.0,4.0,6.0,4.0,,,2.0,0.0,Completed,2.5,1.5,2.6,1.45,2.37,1.53,2.38,1.53,2.38,1.55
WTA,2009,43,New York,US Open,2009-09-01,Grand Slam,Outdoor,Hard,1st Round,3,Peer S.,Szavay A.,64.0,33.0,984.0,1574.0,6.0,2.0,6.0,2.0,,,2.0,0.0,Completed,2.0,1.72,1.9,1.85,1.833,1.833,1.833,1.833,1.92,1.84
WTA,2009,43,New York,US Open,2009-09-01,Grand Slam,Outdoor,Hard,1st Round,3,Jankovic J.,Vinci R.,5.0,45.0,6620.0,1354.0,6.0,2.0,6.0,3.0,,,2.0,0.0,Completed,1.08,7.0,1.1,6.75,1.08,7.0,1.1,6.0,1.1,6.5
WTA,2009,43,New York,US Open,2009-09-01,Grand Slam,Outdoor,Hard,1st Round,3,Shvedova Y.,Zec Peskiric M.,55.0,95.0,1083.0,673.0,6.0,3.0,6.0,3.0,,,2.0,0.0,Completed,1.14,5.0,1.17,4.67,1.167,4.5,1.143,5.0,1.17,4.8
WTA,2009,43,New York,US Open,2009-09-01,Grand Slam,Outdoor,Hard,1st Round,3,Suarez Navarro C.,Lepchenko V.,35.0,84.0,1564.0,753.0,2.0,6.0,6.0,3.0,6.0,2.0,2.0,1.0,Completed,1.72,2.0,1.65,2.18,1.72,2.0,1.571,2.25,1.65,2.18
WTA,2009,43,New York,US Open,2009-09-01,Grand Slam,Outdoor,Hard,1st Round,3,Dementieva E.,Pin C.,4.0,128.0,6835.0,478.0,6.0,1.0,6.0,2.0,,,2.0,0.0,Completed,1.01,15.0,1.01,16.0,1.02,11.0,1.03,11.0,1.02,15.0
WTA,2009,43,New York,US Open,2009-09-01,Grand Slam,Outdoor,Hard,1st Round,3,Perry S.,Niculescu M.,131.0,76.0,465.0,815.0,6.0,4.0,6.0,2.0,,,2.0,0.0,Completed,2.25,1.57,2.15,1.65,2.2,1.615,2.25,1.571,2.24,1.62
WTA,2009,43,New York,US Open,2009-09-01,Grand Slam,Outdoor,Hard,1st Round,3,Mchale C.,Hercog P.,381.0,81.0,102.0,785.0,6.0,3.0,6.0,1.0,,,2.0,0.0,Completed,2.75,1.4,2.76,1.41,2.625,1.444,2.75,1.4,2.67,1.45
WTA,2009,43,New York,US Open,2009-09-01,Grand Slam,Outdoor,Hard,1st Round,3,Zheng J.,Groenefeld A.L.,22.0,49.0,1965.0,1180.0,6.0,3.0,6.0,2.0,,,2.0,0.0,Completed,1.22,4.0,1.25,3.75,1.25,3.75,1.222,3.75,1.25,3.8
WTA,2009,43,New York,US Open,2009-09-01,Grand Slam,Outdoor,Hard,1st Round,3,Cornet A.,Adamczak M.,37.0,164.0,1555.0,368.0,4.0,6.0,6.0,4.0,7.0,5.0,2.0,1.0,Completed,1.25,3.75,1.3,3.5,1.3,3.4,1.29,3.25,1.35,3.1
WTA,2009,43,New York,US Open,2009-09-01,Grand Slam,Outdoor,Hard,1st Round,3,Sharapova M.,Pironkova T.,31.0,98.0,1720.0,654.0,6.0,3.0,6.0,0.0,,,2.0,0.0,Completed,1.06,8.0,1.07,7.19,1.05,8.5,1.071,8.0,1.07,8.0
WTA,2009,43,New York,US Open,2009-09-01,Grand Slam,Outdoor,Hard,1st Round,3,Bondarenko K.,Ivanovic A.,52.0,11.0,1124.0,3270.0,2.0,6.0,6.0,3.0,7.0,6.0,2.0,1.0,Completed,2.75,1.4,2.65,1.45,2.62,1.44,2.63,1.44,2.8,1.42
WTA,2009,43,New York,US Open,2009-09-02,Grand Slam,Outdoor,Hard,2nd Round,3,Vesnina E.,Craybas J.,23.0,75.0,1915.0,821.0,7.0,6.0,6.0,1.0,,,2.0,0.0,Completed,1.14,5.0,1.17,4.67,1.143,5.0,1.167,4.5,1.16,5.0
WTA,2009,43,New York,US Open,2009-09-02,Grand Slam,Outdoor,Hard,2nd Round,3,Pennetta F.,Mirza S.,10.0,74.0,3490.0,861.0,6.0,0.0,6.0,0.0,,,2.0,0.0,Completed,1.12,5.5,1.13,5.5,1.125,5.5,1.1,6.0,1.12,6.0
WTA,2009,43,New York,US Open,2009-09-02,Grand Slam,Outdoor,Hard,2nd Round,3,Rybarikova M.,Chang K.C.,46.0,212.0,1350.0,263.0,4.0,6.0,6.0,2.0,6.0,2.0,2.0,1.0,Completed,1.25,3.75,1.23,3.89,1.25,3.75,1.25,3.5,1.32,3.25
WTA,2009,43,New York,US Open,2009-09-02,Grand Slam,Outdoor,Hard,2nd Round,3,Li N.,Larcherde Brito M.,19.0,861.0,2132.0,17.0,6.0,1.0,6.0,3.0,,,2.0,0.0,Completed,1.16,4.5,1.17,4.67,1.167,4.5,1.14,5.0,1.2,4.35
WTA,2009,43,New York,US Open,2009-09-02,Grand Slam,Outdoor,Hard,2nd Round,3,Wozniak A.,Mauresmo A.,39.0,17.0,1419.0,2461.0,6.0,4.0,6.0,0.0,,,2.0,0.0,Completed,2.75,1.4,2.85,1.4,2.75,1.4,2.75,1.4,3.0,1.37
WTA,2009,43,New York,US Open,2009-09-02,Grand Slam,Outdoor,Hard,2nd Round,3,Kirilenko M.,Radwanska A.,59.0,12.0,1044.0,3180.0,6.0,4.0,2.0,6.0,6.0,4.0,2.0,1.0,Completed,2.75,1.4,2.75,1.42,2.75,1.4,2.63,1.44,2.86,1.4
WTA,2009,43,New York,US Open,2009-09-02,Grand Slam,Outdoor,Hard,2nd Round,3,Zvonareva V.,Chakvetadze A.,7.0,68.0,5300.0,938.0,3.0,6.0,6.0,1.0,6.0,1.0,2.0,1.0,Completed,1.36,3.0,1.35,3.1,1.364,3.0,1.4,2.75,1.35,3.1
WTA,2009,43,New York,US Open,2009-09-02,Grand Slam,Outdoor,Hard,2nd Round,3,Williams V.,Mattek-Sands B.,3.0,124.0,6865.0,525.0,6.0,4.0,6.0,2.0,,,2.0,0.0,Completed,1.06,8.0,1.05,8.5,1.063,8.0,1.05,9.0,1.06,8.5
WTA,2009,43,New York,US Open,2009-09-02,Grand Slam,Outdoor,Hard,2nd Round,3,Flipkens K.,Medina Garrigues A.,93.0,21.0,708.0,2050.0,6.0,1.0,6.0,3.0,,,2.0,0.0,Completed,2.75,1.4,2.6,1.46,2.75,1.4,2.875,1.364,2.9,1.39
WTA,2009,43,New York,US Open,2009-09-02,Grand Slam,Outdoor,Hard,2nd Round,3,Clijsters K.,Bartoli M.,,14.0,,3005.0,5.0,7.0,6.0,1.0,6.0,2.0,2.0,1.0,Completed,1.25,3.75,1.3,3.35,1.25,3.75,1.29,3.25,1.3,3.4
WTA,2009,43,New York,US Open,2009-09-02,Grand Slam,Outdoor,Hard,2nd Round,3,Schiavone F.,Voegele S.,28.0,77.0,1815.0,809.0,6.0,4.0,6.0,4.0,,,2.0,0.0,Completed,1.25,3.75,1.25,3.75,1.286,3.5,1.22,3.75,1.27,3.6
WTA,2009,43,New York,US Open,2009-09-02,Grand Slam,Outdoor,Hard,2nd Round,3,Azarenka V.,Zahlavova Strycova B.,9.0,117.0,4612.0,548.0,6.0,2.0,6.0,1.0,,,2.0,0.0,Completed,1.04,10.0,1.02,11.5,1.015,13.0,1.02,11.0,1.03,12.0
WTA,2009,43,New York,US Open,2009-09-02,Grand Slam,Outdoor,Hard,2nd Round,3,Martinez-Sanchez M.J.,Kerber A.,43.0,107.0,1376.0,587.0,7.0,5.0,6.0,3.0,,,2.0,0.0,Completed,1.36,3.0,1.4,2.85,1.364,3.0,1.33,3.0,1.33,3.2
WTA,2009,43,New York,US Open,2009-09-02,Grand Slam,Outdoor,Hard,2nd Round,3,King V.,Stosur S.,114.0,15.0,556.0,2764.0,7.0,5.0,6.0,4.0,,,2.0,0.0,Completed,6.0,1.11,5.5,1.13,6,1.111,6.0,1.125,6.6,1.1
WTA,2009,43,New York,US Open,2009-09-02,Grand Slam,Outdoor,Hard,2nd Round,3,Hantuchova D.,Bacsinszky T.,24.0,73.0,1909.0,908.0,5.0,7.0,6.0,2.0,6.0,1.0,2.0,1.0,Completed,1.4,2.75,1.35,3.1,1.36,3.0,1.333,3.2,1.4,2.86
WTA,2009,43,New York,US Open,2009-09-03,Grand Slam,Outdoor,Hard,2nd Round,3,Williams S.,Czink M.,2.0,51.0,8907.0,1127.0,6.0,1.0,6.0,1.0,,,2.0,0.0,Completed,1.03,11.0,1.02,11.5,1.02,11.0,1.04,9.0,1.02,15.0
WTA,2009,43,New York,US Open,2009-09-03,Grand Slam,Outdoor,Hard,2nd Round,3,Safina D.,Barrois K.,1.0,67.0,9810.0,950.0,6.0,7.0,6.0,2.0,6.0,3.0,2.0,1.0,Completed,1.05,9.0,1.05,8.5,1.083,7.0,1.08,6.5,1.08,7.5
WTA,2009,43,New York,US Open,2009-09-03,Grand Slam,Outdoor,Hard,2nd Round,3,Dulko G.,Bondarenko A.,40.0,32.0,1399.0,1650.0,6.0,4.0,6.0,0.0,,,2.0,0.0,Completed,2.5,1.5,2.35,1.55,2.25,1.571,2.38,1.57,2.52,1.5
WTA,2009,43,New York,US Open,2009-09-03,Grand Slam,Outdoor,Hard,2nd Round,3,Cirstea S.,Dubois S.,26.0,113.0,1866.0,559.0,6.0,4.0,5.0,7.0,6.0,4.0,2.0,1.0,Completed,1.14,5.0,1.17,4.65,1.16,4.5,1.2,4.0,1.17,4.7
WTA,2009,43,New York,US Open,2009-09-03,Grand Slam,Outdoor,Hard,2nd Round,3,Petrova N.,Coin J.,13.0,60.0,3120.0,1039.0,6.0,4.0,7.0,6.0,,,2.0,0.0,Completed,1.22,4.0,1.25,3.75,1.286,3.5,1.25,3.6,1.25,3.8
WTA,2009,43,New York,US Open,2009-09-03,Grand Slam,Outdoor,Hard,2nd Round,3,Oudin M.,Dementieva E.,70.0,4.0,918.0,6835.0,5.0,7.0,6.0,4.0,6.0,3.0,2.0,1.0,Completed,11.0,1.03,8.5,1.05,10,1.03,8.0,1.05,8.0,1.07
WTA,2009,43,New York,US Open,2009-09-03,Grand Slam,Outdoor,Hard,2nd Round,3,Zheng J.,Cornet A.,22.0,37.0,1965.0,1555.0,1.0,6.0,6.0,3.0,6.0,3.0,2.0,1.0,Completed,1.22,4.0,1.25,3.75,1.25,3.75,1.25,3.5,1.18,4.6
WTA,2009,43,New York,US Open,2009-09-03,Grand Slam,Outdoor,Hard,2nd Round,3,Bondarenko K.,Perry S.,52.0,131.0,1124.0,465.0,6.0,1.0,6.0,1.0,,,2.0,0.0,Completed,1.4,2.75,1.4,2.85,1.364,3.0,1.4,2.75,1.4,2.85
WTA,2009,43,New York,US Open,2009-09-03,Grand Slam,Outdoor,Hard,2nd Round,3,Wozniacki C.,Martic P.,8.0,137.0,4730.0,453.0,6.0,1.0,6.0,0.0,,,2.0,0.0,Completed,1.04,10.0,1.04,9.25,1.04,9.0,1.04,9.0,1.06,9.0
WTA,2009,43,New York,US Open,2009-09-03,Grand Slam,Outdoor,Hard,2nd Round,3,Kvitova P.,Garbin T.,72.0,58.0,915.0,1047.0,6.0,1.0,6.0,3.0,,,2.0,0.0,Completed,1.72,2.0,1.85,1.9,1.667,2.1,1.62,2.2,1.72,2.06
WTA,2009,43,New York,US Open,2009-09-03,Grand Slam,Outdoor,Hard,2nd Round,3,Wickmayer Y.,Peng S.,50.0,44.0,1149.0,1355.0,2.0,6.0,6.0,1.0,6.0,4.0,2.0,1.0,Completed,1.4,2.75,1.48,2.53,1.44,2.62,1.5,2.5,1.46,2.62
WTA,2009,43,New York,US Open,2009-09-03,Grand Slam,Outdoor,Hard,2nd Round,3,Shvedova Y.,Jankovic J.,55.0,5.0,1083.0,6620.0,6.0,3.0,6.0,7.0,7.0,6.0,2.0,1.0,Completed,7.0,1.08,7.19,1.07,7,1.08,7.0,1.07,7.0,1.09
WTA,2009,43,New York,US Open,2009-09-03,Grand Slam,Outdoor,Hard,2nd Round,3,Errani S.,Schnyder P.,42.0,20.0,1380.0,2117.0,7.0,5.0,6.0,2.0,,,2.0,0.0,Completed,2.37,1.53,2.35,1.55,2.5,1.5,2.5,1.5,2.38,1.55
WTA,2009,43,New York,US Open,2009-09-03,Grand Slam,Outdoor,Hard,2nd Round,3,Rodionova An.,Lisicki S.,139.0,25.0,445.0,1890.0,6.0,3.0,3.0,6.0,7.0,5.0,2.0,1.0,Completed,4.5,1.16,4.25,1.2,4.333,1.2,4.0,1.2,4.3,1.2
WTA,2009,43,New York,US Open,2009-09-03,Grand Slam,Outdoor,Hard,2nd Round,3,Kuznetsova S.,Sevastova A.,6.0,96.0,5960.0,666.0,6.0,4.0,6.0,2.0,,,2.0,0.0,Completed,1.04,10.0,1.04,9.25,1.04,9.0,1.04,9.0,1.04,10.5
WTA,2009,43,New York,US Open,2009-09-03,Grand Slam,Outdoor,Hard,2nd Round,3,Peer S.,Suarez Navarro C.,64.0,35.0,984.0,1564.0,6.0,2.0,6.0,0.0,,,2.0,0.0,Completed,1.4,2.75,1.45,2.6,1.5,2.5,1.5,2.5,1.44,2.7
WTA,2009,43,New York,US Open,2009-09-04,Grand Slam,Outdoor,Hard,2nd Round,3,Sharapova M.,Mchale C.,31.0,381.0,1720.0,102.0,6.0,2.0,6.0,1.0,,,2.0,0.0,Completed,1.02,12.0,1.02,11.5,1.02,11.0,1.02,11.0,1.02,15.0
WTA,2009,43,New York,US Open,2009-09-04,Grand Slam,Outdoor,Hard,3rd Round,3,Pennetta F.,Wozniak A.,10.0,39.0,3490.0,1419.0,6.0,1.0,6.0,1.0,,,2.0,0.0,Completed,1.14,5.0,1.17,4.67,1.167,4.5,1.2,4.0,1.18,4.6
WTA,2009,43,New York,US Open,2009-09-04,Grand Slam,Outdoor,Hard,3rd Round,3,Hantuchova D.,King V.,24.0,114.0,1909.0,556.0,6.0,2.0,6.0,2.0,,,2.0,0.0,Completed,1.33,3.25,1.35,3.1,1.3,3.4,1.25,3.5,1.35,3.1
WTA,2009,43,New York,US Open,2009-09-04,Grand Slam,Outdoor,Hard,3rd Round,3,Williams S.,Martinez-Sanchez M.J.,2.0,43.0,8907.0,1376.0,6.0,3.0,7.0,5.0,,,2.0,0.0,Completed,1.02,12.0,1.03,10.5,1.015,13.0,1.02,13.0,1.03,12.0
WTA,2009,43,New York,US Open,2009-09-04,Grand Slam,Outdoor,Hard,3rd Round,3,Schiavone F.,Azarenka V.,28.0,9.0,1815.0,4612.0,4.0,6.0,6.0,2.0,6.0,2.0,2.0,1.0,Completed,6.5,1.1,6.54,1.1,6,1.111,5.0,1.14,6.0,1.12
WTA,2009,43,New York,US Open,2009-09-04,Grand Slam,Outdoor,Hard,3rd Round,3,Zvonareva V.,Vesnina E.,7.0,23.0,5300.0,1915.0,6.0,2.0,6.0,4.0,,,2.0,0.0,Completed,1.36,3.0,1.34,3.14,1.4,2.75,1.4,2.75,1.38,2.95
WTA,2009,43,New York,US Open,2009-09-04,Grand Slam,Outdoor,Hard,3rd Round,3,Li N.,Kirilenko M.,19.0,59.0,2132.0,1044.0,6.0,4.0,6.0,2.0,,,2.0,0.0,Completed,1.4,2.75,1.45,2.65,1.4,2.75,1.44,2.63,1.52,2.47
WTA,2009,43,New York,US Open,2009-09-04,Grand Slam,Outdoor,Hard,3rd Round,3,Clijsters K.,Flipkens K.,,93.0,,708.0,6.0,0.0,6.0,2.0,,,2.0,0.0,Completed,1.04,10.0,1.04,9.25,1.03,10.0,1.03,11.0,1.03,12.0
WTA,2009,43,New York,US Open,2009-09-04,Grand Slam,Outdoor,Hard,3rd Round,3,Williams V.,Rybarikova M.,3.0,46.0,6865.0,1350.0,6.0,2.0,7.0,5.0,,,2.0,0.0,Completed,1.11,6.0,1.1,6.25,1.1,6.5,1.1,6.5,1.12,6.0
WTA,2009,43,New York,US Open,2009-09-05,Grand Slam,Outdoor,Hard,3rd Round,3,Petrova N.,Zheng J.,13.0,22.0,3120.0,1965.0,6.0,4.0,6.0,1.0,,,2.0,0.0,Completed,1.83,1.83,1.8,1.95,1.8,1.909,1.73,2.0,1.95,1.82
WTA,2009,43,New York,US Open,2009-09-05,Grand Slam,Outdoor,Hard,3rd Round,3,Oudin M.,Sharapova M.,70.0,31.0,918.0,1720.0,3.0,6.0,6.0,4.0,7.0,5.0,2.0,1.0,Completed,4.5,1.16,4.61,1.17,4.5,1.167,5.5,1.13,4.5,1.19
WTA,2009,43,New York,US Open,2009-09-05,Grand Slam,Outdoor,Hard,3rd Round,3,Dulko G.,Shvedova Y.,40.0,55.0,1399.0,1083.0,6.0,3.0,6.0,4.0,,,2.0,0.0,Completed,2.37,1.53,2.3,1.6,2.1,1.667,2.0,1.73,2.28,1.6
WTA,2009,43,New York,US Open,2009-09-05,Grand Slam,Outdoor,Hard,3rd Round,3,Wickmayer Y.,Errani S.,50.0,42.0,1149.0,1380.0,6.0,3.0,6.0,4.0,,,2.0,0.0,Completed,1.44,2.62,1.5,2.45,1.533,2.375,1.57,2.25,1.43,2.75
WTA,2009,43,New York,US Open,2009-09-05,Grand Slam,Outdoor,Hard,3rd Round,3,Bondarenko K.,Rodionova An.,52.0,139.0,1124.0,445.0,7.0,6.0,6.0,4.0,,,2.0,0.0,Completed,1.25,3.75,1.3,3.35,1.286,3.5,1.29,3.25,1.35,3.1
WTA,2009,43,New York,US Open,2009-09-05,Grand Slam,Outdoor,Hard,3rd Round,3,Kuznetsova S.,Peer S.,6.0,64.0,5960.0,984.0,7.0,5.0,6.0,1.0,,,2.0,0.0,Completed,1.33,3.25,1.35,3.1,1.333,3.25,1.25,3.5,1.35,3.1
WTA,2009,43,New York,US Open,2009-09-05,Grand Slam,Outdoor,Hard,3rd Round,3,Wozniacki C.,Cirstea S.,8.0,26.0,4730.0,1866.0,6.0,3.0,6.0,2.0,,,2.0,0.0,Completed,1.3,3.4,1.32,3.22,1.28,3.5,1.33,3.0,1.3,3.4
WTA,2009,43,New York,US Open,2009-09-06,Grand Slam,Outdoor,Hard,3rd Round,3,Kvitova P.,Safina D.,72.0,1.0,915.0,9810.0,6.0,4.0,2.0,6.0,7.0,6.0,2.0,1.0,Completed,5.5,1.12,4.67,1.17,5,1.143,5.0,1.14,5.0,1.16
WTA,2009,43,New York,US Open,2009-09-06,Grand Slam,Outdoor,Hard,4th Round,3,Williams S.,Hantuchova D.,2.0,24.0,8907.0,1909.0,6.0,2.0,6.0,0.0,,,2.0,0.0,Completed,1.04,10.0,1.04,9.25,1.04,9.0,1.03,10.0,1.05,9.5
WTA,2009,43,New York,US Open,2009-09-06,Grand Slam,Outdoor,Hard,4th Round,3,Li N.,Schiavone F.,19.0,28.0,2132.0,1815.0,6.0,2.0,6.0,3.0,,,2.0,0.0,Completed,1.5,2.5,1.5,2.45,1.533,2.375,1.53,2.38,1.52,2.46
WTA,2009,43,New York,US Open,2009-09-06,Grand Slam,Outdoor,Hard,4th Round,3,Clijsters K.,Williams V.,,3.0,,6865.0,6.0,0.0,0.0,6.0,6.0,4.0,2.0,1.0,Completed,1.72,2.0,1.6,2.3,1.72,2.0,1.73,2.0,1.77,2.0
WTA,2009,43,New York,US Open,2009-09-06,Grand Slam,Outdoor,Hard,4th Round,3,Pennetta F.,Zvonareva V.,10.0,7.0,3490.0,5300.0,3.0,6.0,7.0,6.0,6.0,0.0,2.0,1.0,Completed,1.5,2.5,1.5,2.45,1.533,2.375,1.57,2.25,1.5,2.52
WTA,2009,43,New York,US Open,2009-09-07,Grand Slam,Outdoor,Hard,4th Round,3,Bondarenko K.,Dulko G.,52.0,40.0,1124.0,1399.0,6.0,0.0,6.0,0.0,,,2.0,0.0,Completed,1.72,2.0,1.8,1.95,1.833,1.833,1.8,2.0,1.75,2.04
WTA,2009,43,New York,US Open,2009-09-07,Grand Slam,Outdoor,Hard,4th Round,3,Oudin M.,Petrova N.,70.0,13.0,918.0,3120.0,1.0,6.0,7.0,6.0,6.0,3.0,2.0,1.0,Completed,1.72,2.0,1.8,1.95,1.72,2.0,1.8,2.0,1.84,1.92
WTA,2009,43,New York,US Open,2009-09-07,Grand Slam,Outdoor,Hard,4th Round,3,Wickmayer Y.,Kvitova P.,50.0,72.0,1149.0,915.0,4.0,6.0,6.0,4.0,7.0,5.0,2.0,1.0,Completed,1.5,2.5,1.5,2.45,1.533,2.375,1.57,2.38,1.48,2.56
WTA,2009,43,New York,US Open,2009-09-07,Grand Slam,Outdoor,Hard,4th Round,3,Wozniacki C.,Kuznetsova S.,8.0,6.0,4730.0,5960.0,2.0,6.0,7.0,6.0,7.0,6.0,2.0,1.0,Completed,1.9,1.8,1.85,1.95,1.833,1.833,1.9,1.9,1.88,1.88
WTA,2009,43,New York,US Open,2009-09-08,Grand Slam,Outdoor,Hard,Quarterfinals,3,Clijsters K.,Li N.,,19.0,,2132.0,6.0,2.0,6.0,4.0,,,2.0,0.0,Completed,1.22,4.33,1.22,4.0,1.167,4.5,1.2,4.33,1.23,4.0
WTA,2009,43,New York,US Open,2009-09-08,Grand Slam,Outdoor,Hard,Quarterfinals,3,Williams S.,Pennetta F.,2.0,10.0,8907.0,3490.0,6.0,4.0,6.0,3.0,,,2.0,0.0,Completed,1.14,5.0,1.15,5.2,1.143,5.0,1.14,5.5,1.16,5.0
WTA,2009,43,New York,US Open,2009-09-09,Grand Slam,Outdoor,Hard,Quarterfinals,3,Wickmayer Y.,Bondarenko K.,50.0,52.0,1149.0,1124.0,7.0,5.0,6.0,4.0,,,2.0,0.0,Completed,2.5,1.53,2.35,1.55,2.25,1.571,2.38,1.57,2.32,1.58
WTA,2009,43,New York,US Open,2009-09-09,Grand Slam,Outdoor,Hard,Quarterfinals,3,Wozniacki C.,Oudin M.,8.0,70.0,4730.0,918.0,6.0,2.0,6.0,2.0,,,2.0,0.0,Completed,1.36,3.2,1.37,3.0, ,2.75,1.4,2.88,1.38,3.0
WTA,2009,43,New York,US Open,2009-09-13,Grand Slam,Outdoor,Hard,Semifinals,3,Clijsters K.,Williams S.,,2.0,,8907.0,6.0,4.0,7.0,5.0,,,2.0,0.0,Completed,3.0,1.4,3.12,1.34,3,1.364,3.0,1.36,2.95,1.39
WTA,2009,43,New York,US Open,2009-09-13,Grand Slam,Outdoor,Hard,Semifinals,3,Wozniacki C.,Wickmayer Y.,8.0,50.0,4730.0,1149.0,6.0,3.0,6.0,3.0,,,2.0,0.0,Completed,1.2,4.5,1.23,4.0,1.222,4.0,1.22,4.0,1.24,4.0
WTA,2009,43,New York,US Open,2009-09-14,Grand Slam,Outdoor,Hard,The Final,3,Clijsters K.,Wozniacki C.,,8.0,,4730.0,7.0,5.0,6.0,3.0,,,2.0,0.0,Completed,1.22,4.33,1.25,3.75,1.2,4.333,1.22,4.0,1.2,4.5
